[
  {
    "para_id": "12119.163",
    "id_prev": "12119.161",
    "id_next": "12119.164",
    "refcode_1": "CIHS",
    "refcode_2": "33",
    "refcode_3": "",
    "refcode_4": "",
    "refcode_short": "CIHS 33",
    "refcode_long": "Christ in His Sanctuary, p. 33 (Ellen Gould White)",
    "element_type": "h4",
    "element_subtype": "",
    "content": "Study Questions",
    "puborder": 108,
    "translations": [
      {
        "para_id": "1848.159",
        "lang": "ru",
        "refcode": "ХНП 24.5"
      },
      {
        "para_id": "1848.160",
        "lang": "ru",
        "refcode": "ХНП 24.6"
      }
    ]
  },
  {
    "para_id": "12119.164",
    "id_prev": "12119.163",
    "id_next": "12119.165",
    "refcode_1": "CIHS",
    "refcode_2": "33",
    "refcode_3": "",
    "refcode_4": "",
    "refcode_short": "",
    "refcode_long": "",
    "element_type": "p",
    "element_subtype": "standard-indented",
    "content": "<span class=\"non-egw-comment\">1. Why could only one equal with God make atonement for transgression of divine law? (19)</span>",
    "puborder": 109,
    "translations": []
  },
  {
    "para_id": "12119.165",
    "id_prev": "12119.164",
    "id_next": "12119.166",
    "refcode_1": "CIHS",
    "refcode_2": "33",
    "refcode_3": "",
    "refcode_4": "",
    "refcode_short": "",
    "refcode_long": "",
    "element_type": "p",
    "element_subtype": "standard-indented",
    "content": "<span class=\"non-egw-comment\">2. What meaning did the declaration of <span class=\"egwlink egwlink_bible\" title=\"Genesis 3:15\" data-link=\"1965.147\">Genesis 3:15</span> have for Satan? For Adam and Eve? (19)</span>",
    "puborder": 110,
    "translations": []
  },
  {
    "para_id": "12119.166",
    "id_prev": "12119.165",
    "id_next": "12119.167",
    "refcode_1": "CIHS",
    "refcode_2": "33",
    "refcode_3": "",
    "refcode_4": "",
    "refcode_short": "",
    "refcode_long": "",
    "element_type": "p",
    "element_subtype": "standard-indented",
    "content": "<span class=\"non-egw-comment\">3. Why was a period of probation granted? (20)</span>",
    "puborder": 111,
    "translations": [
      {
        "para_id": "1848.163",
        "lang": "ru",
        "refcode": "ХНП 25"
      }
    ]
  },
  {
    "para_id": "12119.167",
    "id_prev": "12119.166",
    "id_next": "12119.168",
    "refcode_1": "CIHS",
    "refcode_2": "33",
    "refcode_3": "",
    "refcode_4": "",
    "refcode_short": "",
    "refcode_long": "",
    "element_type": "p",
    "element_subtype": "standard-indented",
    "content": "<span class=\"non-egw-comment\">4. What were the purposes of the system of sacrifices? (20, 21)</span>",
    "puborder": 112,
    "translations": [
      {
        "para_id": "1848.164",
        "lang": "ru",
        "refcode": "ХНП 25.1"
      }
    ]
  },
  {
    "para_id": "12119.168",
    "id_prev": "12119.167",
    "id_next": "12119.169",
    "refcode_1": "CIHS",
    "refcode_2": "33",
    "refcode_3": "",
    "refcode_4": "",
    "refcode_short": "",
    "refcode_long": "",
    "element_type": "p",
    "element_subtype": "standard-indented",
    "content": "<span class=\"non-egw-comment\">5. For what reasons was the first sacrifice by Adam a &ldquo;painful ceremony&rdquo;? (21)</span>",
    "puborder": 113,
    "translations": [
      {
        "para_id": "1848.165",
        "lang": "ru",
        "refcode": "ХНП 25.2"
      }
    ]
  },
  {
    "para_id": "12119.169",
    "id_prev": "12119.168",
    "id_next": "12119.171",
    "refcode_1": "CIHS",
    "refcode_2": "33",
    "refcode_3": "",
    "refcode_4": "",
    "refcode_short": "",
    "refcode_long": "",
    "element_type": "p",
    "element_subtype": "standard-indented",
    "content": "<span class=\"non-egw-comment\">6. Where did Adam and Eve set up their first altars? Is this significant? (21)</span>",
    "puborder": 114,
    "translations": []
  }
]