[
  {
    "para_id": "60.1204",
    "id_prev": "60.2208",
    "id_next": "60.1205",
    "refcode_1": "19MR",
    "refcode_2": "233",
    "refcode_3": "",
    "refcode_4": "40",
    "refcode_short": "19MR 233",
    "refcode_long": "Manuscript Releases, vol. 19 [Nos. 1360-1419], p. 233 (Ellen Gould White)",
    "element_type": "h3",
    "element_subtype": "",
    "content": "MR No. 1399&mdash;Wake Up, and Live for Christ; Forgive, and Love One Another; Work Unitedly",
    "puborder": 965,
    "translations": []
  },
  {
    "para_id": "60.1205",
    "id_prev": "60.1204",
    "id_next": "60.1206",
    "refcode_1": "19MR",
    "refcode_2": "233",
    "refcode_3": "",
    "refcode_4": "",
    "refcode_short": "",
    "refcode_long": "",
    "element_type": "p",
    "element_subtype": "center",
    "content": "(<span class=\"non-egw-comment\">Written February 5, 1907, from Sanitarium, California, &ldquo;To the Members of Our Churches in and About Melbourne [Australia].&rdquo;</span>)",
    "puborder": 966,
    "translations": []
  },
  {
    "para_id": "60.1206",
    "id_prev": "60.1205",
    "id_next": "60.1207",
    "refcode_1": "19MR",
    "refcode_2": "233",
    "refcode_3": "1",
    "refcode_4": "",
    "refcode_short": "19MR 233.1",
    "refcode_long": "Manuscript Releases, vol. 19 [Nos. 1360-1419], p. 233.1 (Ellen Gould White)",
    "element_type": "p",
    "element_subtype": "standard-indented",
    "content": "The Lord desires you to receive the gospel, and to practice it in your lives. He calls upon you to become humble seekers after Him, to receive the truth into good and honest hearts, and to reveal it in a decided change of character. Let every believer turn his attention toward seeking the Lord, that the church as a body may stand before God in true humility, the souls of the members cleansed from the defilement of sin.",
    "puborder": 967,
    "translations": []
  },
  {
    "para_id": "60.1207",
    "id_prev": "60.1206",
    "id_next": "60.1208",
    "refcode_1": "19MR",
    "refcode_2": "233",
    "refcode_3": "2",
    "refcode_4": "",
    "refcode_short": "19MR 233.2",
    "refcode_long": "Manuscript Releases, vol. 19 [Nos. 1360-1419], p. 233.2 (Ellen Gould White)",
    "element_type": "p",
    "element_subtype": "standard-indented",
    "content": "My brethren and sisters, take hold of the work of perfecting Christian character. We are to live for the glory of God. There needs to be deep searching of heart. There is a great work to be done in cleansing the life by the truth of God&apos;s Word. When this truth is received as it should be, the life will become a power for the glory of God.",
    "puborder": 968,
    "translations": []
  },
  {
    "para_id": "60.1208",
    "id_prev": "60.1207",
    "id_next": "60.1210",
    "refcode_1": "19MR",
    "refcode_2": "233",
    "refcode_3": "3",
    "refcode_4": "",
    "refcode_short": "19MR 233.3",
    "refcode_long": "Manuscript Releases, vol. 19 [Nos. 1360-1419], p. 233.3 (Ellen Gould White)",
    "element_type": "p",
    "element_subtype": "standard-indented",
    "content": "Brethren and sisters, wake up, wake up! Proclaim the gospel in its simplicity. Listen as for your life to &ldquo;what saith the Scriptures.&rdquo; It is of supreme importance that you hear aright, that you purify your hearts from selfishness; for your eternal welfare is at stake. Are you seeking for the Pearl of great price? Are you guarding yourselves against the deceptions of Satan, or do you stand ready to receive the suggestions of those who have departed from the faith and given heed to seducing spirits? Your salvation depends on your hearing aright, and receiving with meekness the engrafted word.",
    "puborder": 969,
    "translations": []
  },
  {
    "para_id": "60.1210",
    "id_prev": "60.1208",
    "id_next": "60.1211",
    "refcode_1": "19MR",
    "refcode_2": "234",
    "refcode_3": "1",
    "refcode_4": "",
    "refcode_short": "19MR 234.1",
    "refcode_long": "Manuscript Releases, vol. 19 [Nos. 1360-1419], p. 234.1 (Ellen Gould White)",
    "element_type": "p",
    "element_subtype": "standard-indented",
    "content": "Will you be reconciled to God, and obey His commandments, that you may be sanctified, body, soul, and spirit? You have been bought with a price, by the death of the only begotten Son of God. Your heart beats on. On that pulsation depends your life. Its beating is independent of your will. You eat and sleep in careless indifference. But God&apos;s guardian care over you is unceasing. He controls the ebb and flow of the vital current.",
    "puborder": 970,
    "translations": []
  },
  {
    "para_id": "60.1211",
    "id_prev": "60.1210",
    "id_next": "60.1212",
    "refcode_1": "19MR",
    "refcode_2": "234",
    "refcode_3": "2",
    "refcode_4": "",
    "refcode_short": "19MR 234.2",
    "refcode_long": "Manuscript Releases, vol. 19 [Nos. 1360-1419], p. 234.2 (Ellen Gould White)",
    "element_type": "p",
    "element_subtype": "standard-indented",
    "content": "Where is the gratitude that should rise from human lips for His preserving care? Where is the recognition of His unceasing watchfulness? Why does not thankfulness flow forth from the life in gratitude-offerings? Why do not springs of joy well up in the heart? Why are there not made pledges of most sacred consecration to do the will and way of the Lord? Where are the sensible thoughts that should fill each mind? Thorough conversion from selfishness should now be seen. We should put away all the plans which do not directly tend to advance the Lord&apos;s plans, and which, if carried out, would retard the work that should be done for perishing souls.",
    "puborder": 971,
    "translations": []
  },
  {
    "para_id": "60.1212",
    "id_prev": "60.1211",
    "id_next": "60.1215",
    "refcode_1": "19MR",
    "refcode_2": "234",
    "refcode_3": "3",
    "refcode_4": "",
    "refcode_short": "19MR 234.3",
    "refcode_long": "Manuscript Releases, vol. 19 [Nos. 1360-1419], p. 234.3 (Ellen Gould White)",
    "element_type": "p",
    "element_subtype": "standard-indented",
    "content": "If Satan can lull us to sleep at this time, when we have reached the crisis in this earth&apos;s history, his end will be gained. The Lord calls upon our churches in Australia to make decided efforts for the right, lest the members fall into some deceptive snare of the enemy. Wake up, wake up! Put away your pride, and forsake your non-committal position. Your testing time has come, and you must take sides with Christ or against Him. On which side are you standing&mdash;with the world or with Christ? Are you receiving the truth and preparing to speak a word in season to arrest the attention of the careless and the indifferent? God demands decided changes in your attitude. The truth you possess is the Word of the living God. What are you doing to meet the claims of the gospel? Is it your highest desire to learn the will of Him who gave Himself <span class=\"page-break\" data-page=\"235\"></span> for you in self-denial and sacrifice, that you might become sons and daughters of God? Are you seeking to arouse souls to take an interest in eternal realities?",
    "puborder": 972,
    "translations": []
  },
  {
    "para_id": "60.1215",
    "id_prev": "60.1212",
    "id_next": "60.1216",
    "refcode_1": "19MR",
    "refcode_2": "235",
    "refcode_3": "1",
    "refcode_4": "",
    "refcode_short": "19MR 235.1",
    "refcode_long": "Manuscript Releases, vol. 19 [Nos. 1360-1419], p. 235.1 (Ellen Gould White)",
    "element_type": "p",
    "element_subtype": "standard-indented",
    "content": "Now is your time to learn how to work earnestly and intelligently for the salvation of those ready to perish. Make no compromise with the powers of darkness. Learn the claims of the law of God, and obey them heartily. Then your life will shine forth brightly amidst the spiritual darkness of the world.",
    "puborder": 973,
    "translations": []
  },
  {
    "para_id": "60.1216",
    "id_prev": "60.1215",
    "id_next": "60.1217",
    "refcode_1": "19MR",
    "refcode_2": "235",
    "refcode_3": "2",
    "refcode_4": "",
    "refcode_short": "19MR 235.2",
    "refcode_long": "Manuscript Releases, vol. 19 [Nos. 1360-1419], p. 235.2 (Ellen Gould White)",
    "element_type": "p",
    "element_subtype": "standard-indented",
    "content": "Those who have been baptized and have taken their stand on the Lord&apos;s side, separating from the enemy, have pledged themselves to the service of God. When you went down into the water and were baptized in the name of the Father, the Son, and the Holy Spirit, these three great powers of heaven pledged themselves to give you power and grace to resist every temptation to dishonor God. When you rose from the water, you represented the resurrection of Christ.",
    "puborder": 974,
    "translations": []
  },
  {
    "para_id": "60.1217",
    "id_prev": "60.1216",
    "id_next": "60.1218",
    "refcode_1": "19MR",
    "refcode_2": "235",
    "refcode_3": "3",
    "refcode_4": "",
    "refcode_short": "19MR 235.3",
    "refcode_long": "Manuscript Releases, vol. 19 [Nos. 1360-1419], p. 235.3 (Ellen Gould White)",
    "element_type": "p",
    "element_subtype": "standard-indented",
    "content": "&ldquo;If ye then be risen with Christ, seek those things which are above, where Christ sitteth on the right hand of God. Set your affection on things above, not on things on the earth. For ye are dead, and your life is hid with Christ in God. When Christ, who is our life, shall appear, then shall ye also appear with Him in glory.",
    "puborder": 975,
    "translations": []
  },
  {
    "para_id": "60.1218",
    "id_prev": "60.1217",
    "id_next": "60.1220",
    "refcode_1": "19MR",
    "refcode_2": "235",
    "refcode_3": "4",
    "refcode_4": "",
    "refcode_short": "19MR 235.4",
    "refcode_long": "Manuscript Releases, vol. 19 [Nos. 1360-1419], p. 235.4 (Ellen Gould White)",
    "element_type": "p",
    "element_subtype": "standard-indented",
    "content": "&ldquo;Mortify therefore your members which are upon the earth; fornication, uncleanness, inordinate affection, evil concupiscence, and covetousness, which is idolatry: for which things&rsquo; sake the wrath of God cometh on the children of disobedience: in the which ye also walked some time, when ye lived in them. But now ye also put off all these; anger, wrath, malice, blasphemy, filthy communication out of your mouth. Lie not one to another, seeing that ye have put off the old man with his deeds; and have put on the new man, which is renewed in knowledge after the image of Him that created him&rdquo; [<span class=\"egwlink egwlink_bible\" title=\"Colossians 3:1\" data-link=\"1965.60200\">Colossians 3:1-10</span>].",
    "puborder": 976,
    "translations": []
  },
  {
    "para_id": "60.1220",
    "id_prev": "60.1218",
    "id_next": "60.1221",
    "refcode_1": "19MR",
    "refcode_2": "236",
    "refcode_3": "1",
    "refcode_4": "",
    "refcode_short": "19MR 236.1",
    "refcode_long": "Manuscript Releases, vol. 19 [Nos. 1360-1419], p. 236.1 (Ellen Gould White)",
    "element_type": "p",
    "element_subtype": "standard-indented",
    "content": "Great responsibility comes to those who have been baptized in the name of the Father, the Son, and the Holy Spirit. Strive to understand the meaning of the words, &ldquo;Ye are dead, and your life is hid with Christ in God.&rdquo; In the new life upon which you have entered, you are pledged to represent the life of Christ. Having put on the new man, &ldquo;which is renewed in knowledge after the image of Him that created him,&rdquo; &ldquo;put on therefore, as the elect of God, holy and beloved, bowels of mercies, kindness, humbleness of mind, meekness, longsuffering; forbearing one another, and forgiving one another, if any man have a quarrel against any: even as Christ forgave you, so also do ye. And above all these things put on charity, which is the bond of perfectness. And let the peace of God rule in your hearts, to the which also ye are called in one body; and be ye thankful&rdquo; [<span class=\"egwlink egwlink_bible\" title=\"Colossians 3:12\" data-link=\"1965.60222\">verses 12-15</span>].",
    "puborder": 977,
    "translations": []
  },
  {
    "para_id": "60.1221",
    "id_prev": "60.1220",
    "id_next": "60.1222",
    "refcode_1": "19MR",
    "refcode_2": "236",
    "refcode_3": "2",
    "refcode_4": "",
    "refcode_short": "19MR 236.2",
    "refcode_long": "Manuscript Releases, vol. 19 [Nos. 1360-1419], p. 236.2 (Ellen Gould White)",
    "element_type": "p",
    "element_subtype": "standard-indented",
    "content": "The old sinful life is dead, the new life entered into with Christ by the pledge of baptism. Practice the virtues of the Saviour&apos;s character. Let His word &ldquo;dwell in you richly in all wisdom, teaching and admonishing one another in psalms and hymns and spiritual songs, singing with grace in your hearts to the Lord. And whatsoever ye do in word or deed, do all in the name of the Lord Jesus, giving thanks to God and the Father by Him&rdquo; [<span class=\"egwlink egwlink_bible\" title=\"Colossians 3:16\" data-link=\"1965.60230\">verses 16, 17</span>].",
    "puborder": 978,
    "translations": []
  },
  {
    "para_id": "60.1222",
    "id_prev": "60.1221",
    "id_next": "60.1223",
    "refcode_1": "19MR",
    "refcode_2": "236",
    "refcode_3": "3",
    "refcode_4": "",
    "refcode_short": "19MR 236.3",
    "refcode_long": "Manuscript Releases, vol. 19 [Nos. 1360-1419], p. 236.3 (Ellen Gould White)",
    "element_type": "p",
    "element_subtype": "standard-indented",
    "content": "These things are to be presented in the churches. Love, compassion, and tenderness are to be revealed amongst us. Put on, as the elect of God, mercy and kindness. The sins that were practiced before conversion are to be put off with the old man. With the new man, Christ Jesus, are to be put on &ldquo;kindness, humbleness of mind, meekness, longsuffering.&rdquo;",
    "puborder": 979,
    "translations": []
  },
  {
    "para_id": "60.1223",
    "id_prev": "60.1222",
    "id_next": "60.1226",
    "refcode_1": "19MR",
    "refcode_2": "236",
    "refcode_3": "4",
    "refcode_4": "",
    "refcode_short": "19MR 236.4",
    "refcode_long": "Manuscript Releases, vol. 19 [Nos. 1360-1419], p. 236.4 (Ellen Gould White)",
    "element_type": "p",
    "element_subtype": "standard-indented",
    "content": "Those who have risen with Christ to walk in newness of life are the elect of God. They are holy unto the Lord, and are acknowledged by Him as his beloved. As such, they are under solemn covenant to distinguish themselves by <span class=\"page-break\" data-page=\"237\"></span> showing humility of mind. They are to clothe themselves in garments of righteousness. They are separate from the world, from its spirit, its practices, and they are to reveal that they are learning of Him who says, &ldquo;I am meek and lowly in heart.&rdquo; If they realize that they have died with Christ, if they keep their baptismal vow, the world will have no power to draw them aside to deny Christ. If they live the life of Christ in this world, they are partakers of the divine nature. Then, when Christ, who is our life, shall appear, they also will appear with Him in glory.",
    "puborder": 980,
    "translations": []
  },
  {
    "para_id": "60.1226",
    "id_prev": "60.1223",
    "id_next": "60.1227",
    "refcode_1": "19MR",
    "refcode_2": "237",
    "refcode_3": "1",
    "refcode_4": "",
    "refcode_short": "19MR 237.1",
    "refcode_long": "Manuscript Releases, vol. 19 [Nos. 1360-1419], p. 237.1 (Ellen Gould White)",
    "element_type": "p",
    "element_subtype": "standard-indented",
    "content": "The people of God are to love as brethren and sisters. They are to be kind and courteous. They are to forgive one another as Christ has forgiven them. They are to follow His example in all things; for their life is hid with Him in God. My brethren and sisters, consider the possibilities of such a life. Christian unity is a grand and wonderful thing. Strive for it. &ldquo;As He which hath called you is holy, so be ye holy in all manner of conversation; because it is written, Be ye holy; for I am holy.... Seeing ye have purified your souls in obeying the truth through the Spirit unto unfeigned love of the brethren, see that ye love one another with a pure heart fervently: being born again, not of corruptible seed, but of incorruptible, by the word of God, which liveth and abideth forever&rdquo; [<span class=\"egwlink egwlink_bible\" title=\"1 Peter 1:15\" data-link=\"1965.61993\">1 Peter 1:15, 22, 23</span>].",
    "puborder": 981,
    "translations": []
  },
  {
    "para_id": "60.1227",
    "id_prev": "60.1226",
    "id_next": "60.1230",
    "refcode_1": "19MR",
    "refcode_2": "237",
    "refcode_3": "2",
    "refcode_4": "",
    "refcode_short": "19MR 237.2",
    "refcode_long": "Manuscript Releases, vol. 19 [Nos. 1360-1419], p. 237.2 (Ellen Gould White)",
    "element_type": "p",
    "element_subtype": "standard-indented",
    "content": "My brethren and sisters, will you not heed this appeal? As it is read to the members of the several churches by the one who shall stand in my stead, because I cannot be with you personally, let the believers respond. Bow before God, and make confession of your backsliding. In humility accept the words of Christ, &ldquo;If any man will come after Me, let him deny himself, and take up his cross, and follow Me&rdquo; [<span class=\"egwlink egwlink_bible\" title=\"Matthew 16:24\" data-link=\"1965.48380\">Matthew 16:24</span>]. &ldquo;Take My yoke upon you, and learn of Me; <span class=\"page-break\" data-page=\"238\"></span> for I am meek and lowly in heart: and ye shall find rest unto your souls. For My yoke is easy, and My burden is light&rdquo; [<span class=\"egwlink egwlink_bible\" title=\"Matthew 11:29\" data-link=\"1965.47959\">Matthew 11:29, 30</span>].",
    "puborder": 982,
    "translations": []
  },
  {
    "para_id": "60.1230",
    "id_prev": "60.1227",
    "id_next": "60.1231",
    "refcode_1": "19MR",
    "refcode_2": "238",
    "refcode_3": "1",
    "refcode_4": "",
    "refcode_short": "19MR 238.1",
    "refcode_long": "Manuscript Releases, vol. 19 [Nos. 1360-1419], p. 238.1 (Ellen Gould White)",
    "element_type": "p",
    "element_subtype": "standard-indented",
    "content": "We need to work unitedly and with Christ, that we may not be drawn away from the faith. In the night season I was speaking these words to the churches of Melbourne, impressing upon them the need of preparing for the coming of Christ. We need to be very earnest now; for much time has been lost because our lives have not been hidden with Christ in God. As I presented these things, the deep movings of the Spirit of God were felt, and light came into the meeting. Humble confessions were made. Some who at first had seemed to be indifferent, broke down, and confessed their sins, and a reformation was begun.",
    "puborder": 983,
    "translations": []
  },
  {
    "para_id": "60.1231",
    "id_prev": "60.1230",
    "id_next": "60.1232",
    "refcode_1": "19MR",
    "refcode_2": "238",
    "refcode_3": "2",
    "refcode_4": "",
    "refcode_short": "19MR 238.2",
    "refcode_long": "Manuscript Releases, vol. 19 [Nos. 1360-1419], p. 238.2 (Ellen Gould White)",
    "element_type": "p",
    "element_subtype": "standard-indented",
    "content": "I write these things to you because I believe it will be the means of helping you out of darkness into the light.&mdash;<span class=\"egwlink egwlink_book\" title=\"Lt 32, 1907\" data-link=\"14072.10151001\">Letter 32, 1907</span>.",
    "puborder": 984,
    "translations": []
  },
  {
    "para_id": "60.1232",
    "id_prev": "60.1231",
    "id_next": "60.2213",
    "refcode_1": "19MR",
    "refcode_2": "238",
    "refcode_3": "",
    "refcode_4": "",
    "refcode_short": "",
    "refcode_long": "",
    "element_type": "p",
    "element_subtype": "signatureline",
    "content": "Ellen G. White Estate",
    "puborder": 985,
    "translations": []
  },
  {
    "para_id": "60.2213",
    "id_prev": "60.1232",
    "id_next": "60.2212",
    "refcode_1": "19MR",
    "refcode_2": "238",
    "refcode_3": "",
    "refcode_4": "",
    "refcode_short": "",
    "refcode_long": "",
    "element_type": "p",
    "element_subtype": "signatureplace",
    "content": "Washington, D. C.,",
    "puborder": 986,
    "translations": []
  },
  {
    "para_id": "60.2212",
    "id_prev": "60.2213",
    "id_next": "60.2211",
    "refcode_1": "19MR",
    "refcode_2": "238",
    "refcode_3": "",
    "refcode_4": "",
    "refcode_short": "",
    "refcode_long": "",
    "element_type": "p",
    "element_subtype": "signaturedate",
    "content": "June 16, 1988.",
    "puborder": 987,
    "translations": []
  },
  {
    "para_id": "60.2211",
    "id_prev": "60.2212",
    "id_next": "60.1234",
    "refcode_1": "19MR",
    "refcode_2": "238",
    "refcode_3": "",
    "refcode_4": "",
    "refcode_short": "",
    "refcode_long": "",
    "element_type": "p",
    "element_subtype": "signaturesource",
    "content": "Entire Letter.",
    "puborder": 988,
    "translations": []
  }
]