[
  {
    "para_id": "985.714",
    "id_prev": "985.713",
    "id_next": "985.715",
    "refcode_1": "CGRSL",
    "refcode_2": "128",
    "refcode_3": "",
    "refcode_4": "",
    "refcode_short": "CGRSL 128",
    "refcode_long": "Civil Government and Religion, p. 128 (Alonzo Trevier Jones)",
    "element_type": "h4",
    "element_subtype": "",
    "content": "TENTH CASE Mr. Allen Meeks, the second time.",
    "puborder": 504,
    "translations": []
  },
  {
    "para_id": "985.715",
    "id_prev": "985.714",
    "id_next": "985.717",
    "refcode_1": "CGRSL",
    "refcode_2": "128",
    "refcode_3": "2",
    "refcode_4": "",
    "refcode_short": "CGRSL 128.2",
    "refcode_long": "Civil Government and Religion, p. 128.2 (Alonzo Trevier Jones)",
    "element_type": "p",
    "element_subtype": "standard-indented",
    "content": "At the January term in 1886, Mr. Meeks was indicted the second time. July 13, he was arrested on a bench warrant in the hands of William La Fever. Meeks gave bonds for his appearance at the July term of Court. The offense was for fixing his wagon-brake on Sunday. He was reported to the Grand Jury by Riley Warren. Warren had gone to Meeks&rsquo;s house on the Sunday referred to in the indictment, to see Mr. Meeks about hiring a teacher for their public school, for both of them were members of the school board of their district. In the course of their conversation, Mr. Meeks incidentally mentioned having mended his wagon-brake that morning. This was reported to the Grand Jury by Mr. Warren, and the indictment followed.",
    "puborder": 505,
    "translations": []
  },
  {
    "para_id": "985.717",
    "id_prev": "985.715",
    "id_next": "985.718",
    "refcode_1": "CGRSL",
    "refcode_2": "129",
    "refcode_3": "1",
    "refcode_4": "",
    "refcode_short": "CGRSL 129.1",
    "refcode_long": "Civil Government and Religion, p. 129.1 (Alonzo Trevier Jones)",
    "element_type": "p",
    "element_subtype": "standard-indented",
    "content": "At the July term, this, with other cases mentioned, was held over to await the decision of the Supreme Court in the Scoles case.",
    "puborder": 506,
    "translations": []
  },
  {
    "para_id": "985.718",
    "id_prev": "985.717",
    "id_next": "985.719",
    "refcode_1": "CGRSL",
    "refcode_2": "129",
    "refcode_3": "2",
    "refcode_4": "",
    "refcode_short": "CGRSL 129.2",
    "refcode_long": "Civil Government and Religion, p. 129.2 (Alonzo Trevier Jones)",
    "element_type": "p",
    "element_subtype": "standard-indented",
    "content": "At the January term in 1887, Meeks&rsquo;s case was called. He confessed judgment; the usual fine and costs were assessed, confessed by Meeks, and he was released.",
    "puborder": 507,
    "translations": []
  }
]