[
  {
    "para_id": "120.1512",
    "id_prev": "120.1511",
    "id_next": "120.1513",
    "refcode_1": "2T",
    "refcode_2": "346",
    "refcode_3": "",
    "refcode_4": "51",
    "refcode_short": "2T 346",
    "refcode_long": "Testimonies for the Church, vol. 2, p. 346 (Ellen Gould White)",
    "element_type": "h3",
    "element_subtype": "",
    "content": "Chapter 51&mdash;Moral Pollution",
    "puborder": 906,
    "translations": [
      {
        "para_id": "228.1469",
        "lang": "es",
        "refcode": "2TPI 310"
      },
      {
        "para_id": "12553.1553",
        "lang": "pl",
        "refcode": "S2 346"
      },
      {
        "para_id": "11100.1495",
        "lang": "pt",
        "refcode": "T2 346"
      },
      {
        "para_id": "1789.1445",
        "lang": "ru",
        "refcode": "2СЦ 346"
      }
    ]
  },
  {
    "para_id": "120.1513",
    "id_prev": "120.1512",
    "id_next": "120.1514",
    "refcode_1": "2T",
    "refcode_2": "346",
    "refcode_3": "1",
    "refcode_4": "",
    "refcode_short": "2T 346.1",
    "refcode_long": "Testimonies for the Church, vol. 2, p. 346.1 (Ellen Gould White)",
    "element_type": "p",
    "element_subtype": "standard-indented",
    "content": "I have been shown that we live amid the perils of the last days. Because iniquity abounds, the love of many waxes cold. The word &ldquo;many&rdquo; refers to the professed followers of Christ. They are affected by the prevailing iniquity and backslide from God, but it is not necessary that they should be thus affected. The cause of this declension is that they do not stand clear from this iniquity. The fact that their love to God is waxing cold because iniquity abounds shows that they are, in some sense, partakers in this iniquity, or it would not affect their love for God and their zeal and fervor in His cause.",
    "puborder": 907,
    "translations": [
      {
        "para_id": "228.1470",
        "lang": "es",
        "refcode": "2TPI 310.3"
      },
      {
        "para_id": "12553.1554",
        "lang": "pl",
        "refcode": "S2 346.1"
      },
      {
        "para_id": "11100.1496",
        "lang": "pt",
        "refcode": "T2 346.1"
      },
      {
        "para_id": "1789.1446",
        "lang": "ru",
        "refcode": "2СЦ 346.1"
      }
    ]
  },
  {
    "para_id": "120.1514",
    "id_prev": "120.1513",
    "id_next": "120.1516",
    "refcode_1": "2T",
    "refcode_2": "346",
    "refcode_3": "2",
    "refcode_4": "",
    "refcode_short": "2T 346.2",
    "refcode_long": "Testimonies for the Church, vol. 2, p. 346.2 (Ellen Gould White)",
    "element_type": "p",
    "element_subtype": "standard-indented",
    "content": "A terrible picture of the condition of the world has been presented before me. Immorality abounds everywhere. Licentiousness is the special sin of this age. Never did vice lift its deformed head with such boldness as now. The people seem to be benumbed, and the lovers of virtue and true goodness are nearly discouraged by its boldness, strength, and prevalence. The iniquity which abounds is not merely confined to the unbeliever and the scoffer. Would that this were the case, but it is not. Many men and women who profess the religion of Christ are guilty. Even some who profess to be looking for His appearing are no more prepared for that event than Satan himself. They are not cleansing themselves from all pollution. They have so long served their lust that it is natural for their thoughts to be impure and their imaginations corrupt. It is as impossible to cause their minds to dwell upon pure and holy things as it would be to turn the course of Niagara and send its waters pouring up the falls.",
    "puborder": 908,
    "translations": [
      {
        "para_id": "228.1472",
        "lang": "es",
        "refcode": "2TPI 311.1"
      },
      {
        "para_id": "12553.1555",
        "lang": "pl",
        "refcode": "S2 346.2"
      },
      {
        "para_id": "11100.1497",
        "lang": "pt",
        "refcode": "T2 346.2"
      },
      {
        "para_id": "1789.1447",
        "lang": "ru",
        "refcode": "2СЦ 346.2"
      }
    ]
  },
  {
    "para_id": "120.1516",
    "id_prev": "120.1514",
    "id_next": "120.1517",
    "refcode_1": "2T",
    "refcode_2": "347",
    "refcode_3": "1",
    "refcode_4": "",
    "refcode_short": "2T 347.1",
    "refcode_long": "Testimonies for the Church, vol. 2, p. 347.1 (Ellen Gould White)",
    "element_type": "p",
    "element_subtype": "standard-indented",
    "content": "Youth and children of both sexes engage in moral pollution, and practice this disgusting, soul-and-body-destroying vice. Many professed Christians are so benumbed by the same practice that their moral sensibilities cannot be aroused to understand that it is sin, and that if continued its sure results will be utter shipwreck of body and mind. Man, the noblest being upon the earth, formed in the image of God, transforms himself into a beast! He makes himself gross and corrupt. Every Christian will have to learn to restrain his passions and be controlled by principle. Unless he does this he is unworthy of the Christian name.",
    "puborder": 909,
    "translations": [
      {
        "para_id": "228.1473",
        "lang": "es",
        "refcode": "2TPI 311.2"
      },
      {
        "para_id": "12553.1557",
        "lang": "pl",
        "refcode": "S2 347.1"
      },
      {
        "para_id": "11100.1499",
        "lang": "pt",
        "refcode": "T2 347.1"
      },
      {
        "para_id": "1789.1449",
        "lang": "ru",
        "refcode": "2СЦ 347.1"
      }
    ]
  },
  {
    "para_id": "120.1517",
    "id_prev": "120.1516",
    "id_next": "120.1518",
    "refcode_1": "2T",
    "refcode_2": "347",
    "refcode_3": "2",
    "refcode_4": "",
    "refcode_short": "2T 347.2",
    "refcode_long": "Testimonies for the Church, vol. 2, p. 347.2 (Ellen Gould White)",
    "element_type": "p",
    "element_subtype": "standard-indented",
    "content": "Some who make a high profession do not understand the sin of self-abuse and its sure results. Long-established habit has blinded their understanding. They do not realize the exceeding sinfulness of this degrading sin, which is enervating the system and destroying their brain nerve power. Moral principle is exceedingly weak when it conflicts with established habit. Solemn messages from heaven cannot forcibly impress the heart that is not fortified against the indulgence of this degrading vice. The sensitive nerves of the brain have lost their healthy tone by morbid excitation to gratify an unnatural desire for sensual indulgence. The brain nerves which communicate with the entire system are the only medium through which Heaven can communicate to man and affect his inmost life. Whatever disturbs the circulation of the electric currents in the nervous system lessens the strength of the vital powers, and the result is a deadening of the sensibilities of the mind. In consideration of these facts, how important that ministers and people who profess godliness should stand forth clear and untainted from this soul-debasing vice!",
    "puborder": 910,
    "translations": [
      {
        "para_id": "228.1474",
        "lang": "es",
        "refcode": "2TPI 311.3"
      },
      {
        "para_id": "12553.1558",
        "lang": "pl",
        "refcode": "S2 347.2"
      },
      {
        "para_id": "11100.1500",
        "lang": "pt",
        "refcode": "T2 347.2"
      },
      {
        "para_id": "1789.1450",
        "lang": "ru",
        "refcode": "2СЦ 347.2"
      }
    ]
  },
  {
    "para_id": "120.1518",
    "id_prev": "120.1517",
    "id_next": "120.1521",
    "refcode_1": "2T",
    "refcode_2": "347",
    "refcode_3": "3",
    "refcode_4": "",
    "refcode_short": "2T 347.3",
    "refcode_long": "Testimonies for the Church, vol. 2, p. 347.3 (Ellen Gould White)",
    "element_type": "p",
    "element_subtype": "standard-indented",
    "content": "My soul has been bowed down with anguish as I have been shown the weak condition of God&apos;s professed people. <span class=\"page-break\" data-page=\"348\"></span> Iniquity abounds, and the love of many waxes cold. There are but few professed Christians who regard this matter in the right light and who hold proper government over themselves when public opinion and custom do not condemn them. How few restrain their passions because they feel under moral obligation to do so and because the fear of God is before their eyes! The higher faculties of man are enslaved by appetite and corrupt passions.",
    "puborder": 911,
    "translations": [
      {
        "para_id": "228.1477",
        "lang": "es",
        "refcode": "2TPI 312.1"
      },
      {
        "para_id": "12553.1559",
        "lang": "pl",
        "refcode": "S2 347.3"
      },
      {
        "para_id": "11100.1501",
        "lang": "pt",
        "refcode": "T2 347.3"
      },
      {
        "para_id": "1789.1451",
        "lang": "ru",
        "refcode": "2СЦ 347.3"
      }
    ]
  },
  {
    "para_id": "120.1521",
    "id_prev": "120.1518",
    "id_next": "120.1522",
    "refcode_1": "2T",
    "refcode_2": "348",
    "refcode_3": "1",
    "refcode_4": "",
    "refcode_short": "2T 348.1",
    "refcode_long": "Testimonies for the Church, vol. 2, p. 348.1 (Ellen Gould White)",
    "element_type": "p",
    "element_subtype": "standard-indented",
    "content": "Some will acknowledge the evil of sinful indulgences, yet will excuse themselves by saying that they cannot overcome their passions. This is a terrible admission for any person to make who names Christ. &ldquo;Let everyone that nameth the name of Christ depart from iniquity.&rdquo; Why is this weakness? It is because the animal propensities have been strengthened by exercise until they have gained the ascendancy over the higher powers. Men and women lack principle. They are dying spiritually because they have so long pampered their natural appetites that their power of self-government seems gone. The lower passions of their nature have taken the reins, and that which should be the governing power has become the servant of corrupt passion. The soul is held in lowest bondage. Sensuality has quenched the desire for holiness and withered spiritual prosperity.",
    "puborder": 912,
    "translations": [
      {
        "para_id": "228.1478",
        "lang": "es",
        "refcode": "2TPI 312.2"
      },
      {
        "para_id": "12553.1562",
        "lang": "pl",
        "refcode": "S2 348.1"
      },
      {
        "para_id": "11100.1504",
        "lang": "pt",
        "refcode": "T2 348.1"
      },
      {
        "para_id": "1789.1454",
        "lang": "ru",
        "refcode": "2СЦ 348.1"
      }
    ]
  },
  {
    "para_id": "120.1522",
    "id_prev": "120.1521",
    "id_next": "120.1525",
    "refcode_1": "2T",
    "refcode_2": "348",
    "refcode_3": "2",
    "refcode_4": "",
    "refcode_short": "2T 348.2",
    "refcode_long": "Testimonies for the Church, vol. 2, p. 348.2 (Ellen Gould White)",
    "element_type": "p",
    "element_subtype": "standard-indented",
    "content": "My soul mourns for the youth who are forming characters in this degenerate age. I tremble for their parents also; for I have been shown that as a general thing they do not understand their obligations to train up their children in the way they should go. Custom and fashion are consulted, and the children soon learn to be swayed by these and are corrupted; while their indulgent parents are themselves benumbed and asleep to their danger. But very few of the youth are free from corrupt habits. They are excused from physical exercise to a great degree for fear they will overwork. The parents <span class=\"page-break\" data-page=\"349\"></span> bear burdens themselves which their children should bear. Overwork is bad, but the result of indolence is more to be dreaded. Idleness leads to the indulgence of corrupt habits. Industry does not weary and exhaust one-fifth part as much as the pernicious habit of self-abuse. If simple, well-regulated labor exhausts your children, be assured, parents, there is something, aside from their labor, which is enervating their systems and producing a sense of constant weariness. Give your children physical labor, which will call into exercise the nerves and muscles. The weariness attending such labor will lessen their inclination to indulge in vicious habits. Idleness is a curse. It produces licentious habits.",
    "puborder": 913,
    "translations": [
      {
        "para_id": "228.1479",
        "lang": "es",
        "refcode": "2TPI 312.3"
      },
      {
        "para_id": "12553.1563",
        "lang": "pl",
        "refcode": "S2 348.2"
      },
      {
        "para_id": "11100.1505",
        "lang": "pt",
        "refcode": "T2 348.2"
      },
      {
        "para_id": "1789.1455",
        "lang": "ru",
        "refcode": "2СЦ 348.2"
      }
    ]
  },
  {
    "para_id": "120.1525",
    "id_prev": "120.1522",
    "id_next": "120.1526",
    "refcode_1": "2T",
    "refcode_2": "349",
    "refcode_3": "1",
    "refcode_4": "",
    "refcode_short": "2T 349.1",
    "refcode_long": "Testimonies for the Church, vol. 2, p. 349.1 (Ellen Gould White)",
    "element_type": "p",
    "element_subtype": "standard-indented",
    "content": "Many cases have been presented before me, and as I have had a view of their inner lives, my soul has been sick and disgusted with the rotten-heartedness of human beings who profess godliness and talk of translation to heaven. I have frequently asked myself: Whom can I trust? Who is free from iniquity?",
    "puborder": 914,
    "translations": [
      {
        "para_id": "228.1482",
        "lang": "es",
        "refcode": "2TPI 313.1"
      },
      {
        "para_id": "12553.1566",
        "lang": "pl",
        "refcode": "S2 349.1"
      },
      {
        "para_id": "11100.1508",
        "lang": "pt",
        "refcode": "T2 349.1"
      },
      {
        "para_id": "1789.1458",
        "lang": "ru",
        "refcode": "2СЦ 349.1"
      }
    ]
  },
  {
    "para_id": "120.1526",
    "id_prev": "120.1525",
    "id_next": "120.1527",
    "refcode_1": "2T",
    "refcode_2": "349",
    "refcode_3": "2",
    "refcode_4": "",
    "refcode_short": "2T 349.2",
    "refcode_long": "Testimonies for the Church, vol. 2, p. 349.2 (Ellen Gould White)",
    "element_type": "p",
    "element_subtype": "standard-indented",
    "content": "My husband and I once attended a meeting where our sympathies were enlisted for a brother who was a great sufferer with the phthisic. He was pale and emaciated. He requested the prayers of the people of God. He said that his family were sick and that he had lost a child. He spoke with feeling of his bereavement. He said that he had been waiting for some time to see Brother and Sister White. He had believed that if they would pray for him he would be healed. After the meeting closed, the brethren called our attention to the case. They said that the church was assisting them; that his wife was sick, and his child had died. The brethren had met at his house, and united in praying for the afflicted family. We were much worn, and had the burden of labor upon us during the meeting, and wished to be excused.",
    "puborder": 915,
    "translations": [
      {
        "para_id": "228.1483",
        "lang": "es",
        "refcode": "2TPI 313.2"
      },
      {
        "para_id": "12553.1567",
        "lang": "pl",
        "refcode": "S2 349.2"
      },
      {
        "para_id": "11100.1509",
        "lang": "pt",
        "refcode": "T2 349.2"
      },
      {
        "para_id": "1789.1459",
        "lang": "ru",
        "refcode": "2СЦ 349.2"
      }
    ]
  },
  {
    "para_id": "120.1527",
    "id_prev": "120.1526",
    "id_next": "120.1530",
    "refcode_1": "2T",
    "refcode_2": "349",
    "refcode_3": "3",
    "refcode_4": "",
    "refcode_short": "2T 349.3",
    "refcode_long": "Testimonies for the Church, vol. 2, p. 349.3 (Ellen Gould White)",
    "element_type": "p",
    "element_subtype": "standard-indented",
    "content": "I had resolved not to engage in prayer for anyone unless <span class=\"page-break\" data-page=\"350\"></span> the Spirit of the Lord should dictate in the matter. I had been shown that there was so much iniquity abounding, even among professed Sabbathkeepers, that I did not wish to unite in prayer for those of whose history I had no knowledge. I stated my reason. I was assured by the brethren that, as far as they knew, he was a worthy brother. I conversed a few words with the one who had solicited our prayers that he might be healed, but I could not feel free. He wept, and said that he had waited for us to come, and he felt assured that if we would pray for him he would be restored to health. We told him that we were unacquainted with his life, that we would rather those who knew him would pray for him. He importuned us so earnestly that we decided to consider his case and present it before the Lord that night; and if the way seemed clear, we would comply with his request.",
    "puborder": 916,
    "translations": [
      {
        "para_id": "228.1485",
        "lang": "es",
        "refcode": "2TPI 314.1"
      },
      {
        "para_id": "12553.1568",
        "lang": "pl",
        "refcode": "S2 349.3"
      },
      {
        "para_id": "11100.1510",
        "lang": "pt",
        "refcode": "T2 349.3"
      },
      {
        "para_id": "1789.1460",
        "lang": "ru",
        "refcode": "2СЦ 349.3"
      }
    ]
  },
  {
    "para_id": "120.1530",
    "id_prev": "120.1527",
    "id_next": "120.1531",
    "refcode_1": "2T",
    "refcode_2": "350",
    "refcode_3": "1",
    "refcode_4": "",
    "refcode_short": "2T 350.1",
    "refcode_long": "Testimonies for the Church, vol. 2, p. 350.1 (Ellen Gould White)",
    "element_type": "p",
    "element_subtype": "standard-indented",
    "content": "That night we bowed in prayer and presented his case before the Lord. We entreated that we might know the will of God concerning him. All we desired was that God might be glorified. Would the Lord have us pray for this afflicted man? We left the burden with the Lord and retired to rest. In a dream the case of that man was clearly presented. His course from his childhood up was shown, and that if we should pray the Lord would not hear us; for he regarded iniquity in his heart. The next morning the man came for us to pray for him. We took him aside and told him we were sorry to be compelled to refuse his request. I related my dream, which he acknowledged was true. He had practiced self-abuse from his boyhood up, and he had continued the practice during his married life, but said he would try to break himself of it.",
    "puborder": 917,
    "translations": [
      {
        "para_id": "228.1486",
        "lang": "es",
        "refcode": "2TPI 314.2"
      },
      {
        "para_id": "12553.1571",
        "lang": "pl",
        "refcode": "S2 350.1"
      },
      {
        "para_id": "11100.1513",
        "lang": "pt",
        "refcode": "T2 350.1"
      },
      {
        "para_id": "1789.1463",
        "lang": "ru",
        "refcode": "2СЦ 350.1"
      }
    ]
  },
  {
    "para_id": "120.1531",
    "id_prev": "120.1530",
    "id_next": "120.1534",
    "refcode_1": "2T",
    "refcode_2": "350",
    "refcode_3": "2",
    "refcode_4": "",
    "refcode_short": "2T 350.2",
    "refcode_long": "Testimonies for the Church, vol. 2, p. 350.2 (Ellen Gould White)",
    "element_type": "p",
    "element_subtype": "standard-indented",
    "content": "This man had a long-established habit to overcome. He was in the middle age of life. His moral principles were so weak that when brought in conflict with long-established <span class=\"page-break\" data-page=\"351\"></span> indulgence they were overcome. The baser passions had gained the ascendancy over the higher nature. I asked him in regard to health reform. He said he could not live it. His wife would throw graham flour out of doors if it were brought into the house. This family had been helped by the church. Prayer had also been offered in their behalf. Their child had died, the wife was sick, and the husband and father would leave his case upon us for us to bring before a pure and holy God, that He might work a miracle and make him well. The moral sensibilities of this man were benumbed.",
    "puborder": 918,
    "translations": [
      {
        "para_id": "228.1487",
        "lang": "es",
        "refcode": "2TPI 314.3"
      },
      {
        "para_id": "12553.1572",
        "lang": "pl",
        "refcode": "S2 350.2"
      },
      {
        "para_id": "11100.1514",
        "lang": "pt",
        "refcode": "T2 350.2"
      },
      {
        "para_id": "1789.1464",
        "lang": "ru",
        "refcode": "2СЦ 350.2"
      }
    ]
  },
  {
    "para_id": "120.1534",
    "id_prev": "120.1531",
    "id_next": "120.1535",
    "refcode_1": "2T",
    "refcode_2": "351",
    "refcode_3": "1",
    "refcode_4": "",
    "refcode_short": "2T 351.1",
    "refcode_long": "Testimonies for the Church, vol. 2, p. 351.1 (Ellen Gould White)",
    "element_type": "p",
    "element_subtype": "standard-indented",
    "content": "When the young adopt vile practices while the spirit is tender, they will never obtain force to fully and correctly develop physical, intellectual, and moral character. Here was a man debasing himself daily, and yet daring to venture into the presence of God and ask an increase of strength which he had vilely squandered, and which, if granted, he would consume upon his lust. What forbearance has God! If He should deal with man according to his corrupt ways, who could live in His sight? What if we had been less cautious and carried the case of this man before God while he was practicing iniquity, would the Lord have heard? would He have answered? &ldquo;For Thou art not a God that hath pleasure in wickedness: neither shall evil dwell with Thee. The foolish shall not stand in Thy sight: Thou hatest all workers of iniquity.&rdquo; &ldquo;If I regard iniquity in my heart, the Lord will not hear me.&rdquo;",
    "puborder": 919,
    "translations": [
      {
        "para_id": "228.1490",
        "lang": "es",
        "refcode": "2TPI 315.1"
      },
      {
        "para_id": "12553.1575",
        "lang": "pl",
        "refcode": "S2 351.1"
      },
      {
        "para_id": "11100.1517",
        "lang": "pt",
        "refcode": "T2 351.1"
      },
      {
        "para_id": "1789.1467",
        "lang": "ru",
        "refcode": "2СЦ 351.1"
      }
    ]
  },
  {
    "para_id": "120.1535",
    "id_prev": "120.1534",
    "id_next": "120.1538",
    "refcode_1": "2T",
    "refcode_2": "351",
    "refcode_3": "2",
    "refcode_4": "",
    "refcode_short": "2T 351.2",
    "refcode_long": "Testimonies for the Church, vol. 2, p. 351.2 (Ellen Gould White)",
    "element_type": "p",
    "element_subtype": "standard-indented",
    "content": "This is not a solitary case. Even the marriage relation was not sufficient to preserve this man from the corrupt habits of his youth. I wish I could be convinced that such cases as the one I have presented are rare, but I know they are frequent. Children born to parents who are controlled by corrupt passions are worthless. What can be expected of such children but that they will sink lower in the scale than their parents? <span class=\"page-break\" data-page=\"352\"></span> What can be expected of the rising generation? Thousands are devoid of principle. These very ones are transmitting to their offspring their own miserable, corrupt passions. What a legacy! Thousands drag out their unprincipled lives, tainting their associates, and perpetuating their debased passions by transmitting them to their children. They take the responsibility of giving to them the stamp of their own characters.",
    "puborder": 920,
    "translations": [
      {
        "para_id": "228.1491",
        "lang": "es",
        "refcode": "2TPI 315.2"
      },
      {
        "para_id": "12553.1576",
        "lang": "pl",
        "refcode": "S2 351.2"
      },
      {
        "para_id": "11100.1518",
        "lang": "pt",
        "refcode": "T2 351.2"
      },
      {
        "para_id": "1789.1468",
        "lang": "ru",
        "refcode": "2СЦ 351.2"
      }
    ]
  },
  {
    "para_id": "120.1538",
    "id_prev": "120.1535",
    "id_next": "120.1539",
    "refcode_1": "2T",
    "refcode_2": "352",
    "refcode_3": "1",
    "refcode_4": "",
    "refcode_short": "2T 352.1",
    "refcode_long": "Testimonies for the Church, vol. 2, p. 352.1 (Ellen Gould White)",
    "element_type": "p",
    "element_subtype": "standard-indented",
    "content": "I come again to Christians. If all who profess to obey the law of God were free from iniquity, my soul would be relieved; but they are not. Even some who profess to keep all the commandments of God are guilty of the sin of adultery. What can I say to arouse their benumbed sensibilities? Moral principle, strictly carried out, becomes the only safeguard of the soul. If ever there was a time when the diet should be of the most simple kind, it is now. Meat should not be placed before our children. Its influence is to excite and strengthen the lower passions, and has a tendency to deaden the moral powers. Grains and fruits prepared free from grease, and in as natural a condition as possible, should be the food for the tables of all who claim to be preparing for translation to heaven. The less feverish the diet, the more easily can the passions be controlled. Gratification of taste should not be consulted irrespective of physical, intellectual, or moral health.",
    "puborder": 921,
    "translations": [
      {
        "para_id": "228.1492",
        "lang": "es",
        "refcode": "2TPI 315.3"
      },
      {
        "para_id": "12553.1579",
        "lang": "pl",
        "refcode": "S2 352.1"
      },
      {
        "para_id": "11100.1521",
        "lang": "pt",
        "refcode": "T2 352.1"
      },
      {
        "para_id": "1789.1471",
        "lang": "ru",
        "refcode": "2СЦ 352.1"
      }
    ]
  },
  {
    "para_id": "120.1539",
    "id_prev": "120.1538",
    "id_next": "120.1543",
    "refcode_1": "2T",
    "refcode_2": "352",
    "refcode_3": "2",
    "refcode_4": "",
    "refcode_short": "2T 352.2",
    "refcode_long": "Testimonies for the Church, vol. 2, p. 352.2 (Ellen Gould White)",
    "element_type": "p",
    "element_subtype": "standard-indented",
    "content": "Indulgence of the baser passions will lead very many to shut their eyes to the light, for they fear that they will see sins which they are unwilling to forsake. All may see if they will. If they choose darkness rather than light, their criminality will be none the less. Why do not men and women read, and become intelligent upon these things which so decidedly affect their physical, intellectual, and moral strength? God has given you a habitation to care for and preserve in the best condition for His service and glory. Your bodies are not your own. &ldquo;What? know ye not that your body is the <span class=\"page-break\" data-page=\"353\"></span> temple of the Holy Ghost which is in you, which ye have of God, and ye are not your own? For ye are bought with a price: therefore glorify God in your body, and in your spirit, which are God&apos;s.&rdquo; &ldquo;Know ye not that ye are the temple of God, and that the Spirit of God dwelleth in you? If any man defile the temple of God, him shall God destroy; for the temple of God is holy, which temple ye are.&rdquo;",
    "puborder": 922,
    "translations": [
      {
        "para_id": "228.1495",
        "lang": "es",
        "refcode": "2TPI 316.1"
      },
      {
        "para_id": "12553.1580",
        "lang": "pl",
        "refcode": "S2 352.2"
      },
      {
        "para_id": "11100.1522",
        "lang": "pt",
        "refcode": "T2 352.2"
      },
      {
        "para_id": "1789.1472",
        "lang": "ru",
        "refcode": "2СЦ 352.2"
      }
    ]
  }
]