[
  {
    "para_id": "516.3475",
    "id_prev": "516.3474",
    "id_next": "516.3476",
    "refcode_1": "SpM",
    "refcode_2": "447",
    "refcode_3": "",
    "refcode_4": "151",
    "refcode_short": "SpM 447",
    "refcode_long": "Spalding and Magan Collection, p. 447 (Ellen Gould White)",
    "element_type": "h3",
    "element_subtype": "",
    "content": "To Our People in the Southern States",
    "puborder": 2853,
    "translations": []
  },
  {
    "para_id": "516.3476",
    "id_prev": "516.3475",
    "id_next": "516.3815",
    "refcode_1": "SpM",
    "refcode_2": "447",
    "refcode_3": "",
    "refcode_4": "",
    "refcode_short": "",
    "refcode_long": "",
    "element_type": "p",
    "element_subtype": "place",
    "content": "Washington, D. C.,",
    "puborder": 2854,
    "translations": []
  },
  {
    "para_id": "516.3815",
    "id_prev": "516.3476",
    "id_next": "516.3477",
    "refcode_1": "SpM",
    "refcode_2": "447",
    "refcode_3": "",
    "refcode_4": "",
    "refcode_short": "",
    "refcode_long": "",
    "element_type": "p",
    "element_subtype": "date",
    "content": "June 8, 1909.",
    "puborder": 2855,
    "translations": []
  },
  {
    "para_id": "516.3477",
    "id_prev": "516.3815",
    "id_next": "516.3478",
    "refcode_1": "SpM",
    "refcode_2": "447",
    "refcode_3": "",
    "refcode_4": "",
    "refcode_short": "",
    "refcode_long": "",
    "element_type": "p",
    "element_subtype": "salutation",
    "content": "Brethren Sutherland and Magan,",
    "puborder": 2856,
    "translations": []
  },
  {
    "para_id": "516.3478",
    "id_prev": "516.3477",
    "id_next": "516.3479",
    "refcode_1": "SpM",
    "refcode_2": "447",
    "refcode_3": "6",
    "refcode_4": "",
    "refcode_short": "SpM 447.6",
    "refcode_long": "Spalding and Magan Collection, p. 447.6 (Ellen Gould White)",
    "element_type": "p",
    "element_subtype": "standard-indented",
    "content": "I am instructed to say to you, Be careful as to what moves you now make. You have had many hindrances to your work, and at times you have been greatly bound about by difficulties, so that at times it seemed almost impossible to advance in the work that the Lord desired you to do. You have had many discouragements, but the Lord&apos;s directing care has been over you. You need now to be careful that you do not take one step in a path where he is not going before you and guiding you. You should not leave your present field of labor unless you have clear evidence that it is the Lord&apos;s will for you to do so.",
    "puborder": 2857,
    "translations": []
  },
  {
    "para_id": "516.3479",
    "id_prev": "516.3478",
    "id_next": "516.3480",
    "refcode_1": "SpM",
    "refcode_2": "447",
    "refcode_3": "7",
    "refcode_4": "",
    "refcode_short": "SpM 447.7",
    "refcode_long": "Spalding and Magan Collection, p. 447.7 (Ellen Gould White)",
    "element_type": "p",
    "element_subtype": "standard-indented",
    "content": "Brother Magan, your family is precious in the sight of God. Your wife and children should have your care. Your family can work harmoniously together.",
    "puborder": 2858,
    "translations": []
  },
  {
    "para_id": "516.3480",
    "id_prev": "516.3479",
    "id_next": "516.3483",
    "refcode_1": "SpM",
    "refcode_2": "447",
    "refcode_3": "8",
    "refcode_4": "",
    "refcode_short": "SpM 447.8",
    "refcode_long": "Spalding and Magan Collection, p. 447.8 (Ellen Gould White)",
    "element_type": "p",
    "element_subtype": "standard-indented",
    "content": "I have words to speak to our people in the Southern field, Do not confine your work in any one place. The Lord will provide for the carrying forward of the work in many places, The work <span class=\"page-break\" data-page=\"448\"></span> that Brethren Staines and Brailliar have begun is not to be in any way discouraged. The talents of many workers are to be used wisely and faithfully. &ldquo;My reward is with me, to give every man according as his work shall be,&rdquo; the Saviour declares. Let the workers remember that their final reward will be in proportion to their development of Christian character. The Lord expects interest on the talents he has entrusted to his servants&mdash;interest in proportion to the gifts he has bestowed.",
    "puborder": 2859,
    "translations": []
  },
  {
    "para_id": "516.3483",
    "id_prev": "516.3480",
    "id_next": "516.3484",
    "refcode_1": "SpM",
    "refcode_2": "448",
    "refcode_3": "1",
    "refcode_4": "",
    "refcode_short": "SpM 448.1",
    "refcode_long": "Spalding and Magan Collection, p. 448.1 (Ellen Gould White)",
    "element_type": "p",
    "element_subtype": "standard-indented",
    "content": "Christ&apos;s life of humiliation and death of shame has paid the price of the salvation of every soul. Eternal life in the kingdom of God is the highest inducement for consecrated service that he can hold out to men and women.",
    "puborder": 2860,
    "translations": []
  },
  {
    "para_id": "516.3484",
    "id_prev": "516.3483",
    "id_next": "516.3485",
    "refcode_1": "SpM",
    "refcode_2": "448",
    "refcode_3": "2",
    "refcode_4": "",
    "refcode_short": "SpM 448.2",
    "refcode_long": "Spalding and Magan Collection, p. 448.2 (Ellen Gould White)",
    "element_type": "p",
    "element_subtype": "standard-indented",
    "content": "Capabilities have been entrusted to every soul. These are talents to be improved by faithful service, that Christ at his coming may receive his own with usury.",
    "puborder": 2861,
    "translations": []
  },
  {
    "para_id": "516.3485",
    "id_prev": "516.3484",
    "id_next": "516.3486",
    "refcode_1": "SpM",
    "refcode_2": "448",
    "refcode_3": "3",
    "refcode_4": "",
    "refcode_short": "SpM 448.3",
    "refcode_long": "Spalding and Magan Collection, p. 448.3 (Ellen Gould White)",
    "element_type": "p",
    "element_subtype": "standard-indented",
    "content": "We hear much of the higher education as the world regards the subject. But those who are ignorant of the higher education as it was taught and exemplified in the life of Christ, are ignorant of what constitutes the higher education. Higher education means conformity to the terms of salvation. It embraces the experience of daily looking unto Jesus, and of working together with Christ for the saving of the perishing.",
    "puborder": 2862,
    "translations": []
  },
  {
    "para_id": "516.3486",
    "id_prev": "516.3485",
    "id_next": "516.3487",
    "refcode_1": "SpM",
    "refcode_2": "448",
    "refcode_3": "4",
    "refcode_4": "",
    "refcode_short": "SpM 448.4",
    "refcode_long": "Spalding and Magan Collection, p. 448.4 (Ellen Gould White)",
    "element_type": "p",
    "element_subtype": "standard-indented",
    "content": "Idleness is sin; for there is a world to be labored for. Christ gave his life to the work of uplifting the fallen and the sinful. Though he was the prince of heaven, he lived and suffered and died under the abuse and scorn of fallen men; and this that he might prepare for the human family mansions in the heavenly courts. Christ imparted instruction of the highest order. Can we imagine a higher education than that to be gained in co-operation with him?",
    "puborder": 2863,
    "translations": []
  },
  {
    "para_id": "516.3487",
    "id_prev": "516.3486",
    "id_next": "516.3488",
    "refcode_1": "SpM",
    "refcode_2": "448",
    "refcode_3": "5",
    "refcode_4": "",
    "refcode_short": "SpM 448.5",
    "refcode_long": "Spalding and Magan Collection, p. 448.5 (Ellen Gould White)",
    "element_type": "p",
    "element_subtype": "standard-indented",
    "content": "Now is our time to work. The end of all things is at hand; soon the night cometh in which no man can work. This night is much nearer than many suppose. Lift up the man of Calvary before those who are living in sin. By pen and voice labor to sweep back the false ideas that have taken possession of men&apos;s minds regarding the higher education. To every worker Christ gives the command, Go work today in my vineyard for the glory of my name. Represent before a world laden with corruption the blessedness of true higher education. Light is to shine forth from every believer. The weary, the heavy-laden, the broken-hearted and the perplexed, are to be pointed to Christ, the source of all spiritual life and strength.",
    "puborder": 2864,
    "translations": []
  },
  {
    "para_id": "516.3488",
    "id_prev": "516.3487",
    "id_next": "516.3489",
    "refcode_1": "SpM",
    "refcode_2": "448",
    "refcode_3": "6",
    "refcode_4": "",
    "refcode_short": "SpM 448.6",
    "refcode_long": "Spalding and Magan Collection, p. 448.6 (Ellen Gould White)",
    "element_type": "p",
    "element_subtype": "standard-indented",
    "content": "The word is spoken to you and your students, Be faithful minutemen. Seek for the higher education, which is entire conformity to the will of God, and you will surely reap the reward that comes as the result of its reception. When you hourly place yourselves in that position where you can be the recipients of the blessing of God, the name of the Lord will be magnified through your lives.",
    "puborder": 2865,
    "translations": []
  },
  {
    "para_id": "516.3489",
    "id_prev": "516.3488",
    "id_next": "516.3492",
    "refcode_1": "SpM",
    "refcode_2": "448",
    "refcode_3": "7",
    "refcode_4": "",
    "refcode_short": "SpM 448.7",
    "refcode_long": "Spalding and Magan Collection, p. 448.7 (Ellen Gould White)",
    "element_type": "p",
    "element_subtype": "standard-indented",
    "content": "Read carefully the fortieth chapter of Isaiah. Those who give their hearts to the Lord to learn his will and his ways are receiving the highest education that it is possible for mortals to receive. They are building their experience, not of the <span class=\"page-break\" data-page=\"449\"></span> sophistries of the world, but on the pure and undefiled principles of the word of God....",
    "puborder": 2866,
    "translations": []
  },
  {
    "para_id": "516.3492",
    "id_prev": "516.3489",
    "id_next": "516.3493",
    "refcode_1": "SpM",
    "refcode_2": "449",
    "refcode_3": "",
    "refcode_4": "",
    "refcode_short": "",
    "refcode_long": "",
    "element_type": "p",
    "element_subtype": "egwsignatureline",
    "content": "Ellen G. White.",
    "puborder": 2867,
    "translations": []
  }
]