[
  {
    "para_id": "984.780",
    "id_prev": "984.778",
    "id_next": "984.781",
    "refcode_1": "CGRAS",
    "refcode_2": "133",
    "refcode_3": "",
    "refcode_4": "",
    "refcode_short": "CGRAS 133",
    "refcode_long": "Civil Government and Religion, p. 133 (Alonzo Trevier Jones)",
    "element_type": "h4",
    "element_subtype": "",
    "content": "NINETEENTH CASE. James M. Pool, the second time",
    "puborder": 565,
    "translations": []
  },
  {
    "para_id": "984.781",
    "id_prev": "984.780",
    "id_next": "984.782",
    "refcode_1": "CGRAS",
    "refcode_2": "133",
    "refcode_3": "1",
    "refcode_4": "",
    "refcode_short": "CGRAS 133.1",
    "refcode_long": "Civil Government and Religion, p. 133.1 (Alonzo Trevier Jones)",
    "element_type": "p",
    "element_subtype": "standard-indented",
    "content": "Mr. Pool was indicted the second time at the September term of Court in 1886, and was held under bonds of $250 for his appearance May 16, 1887. The act under which these prosecutions were conducted, was repealed before the date of trial. Pool was tried under the indictment, and fined one dollar and costs, amounting to $28.40.",
    "puborder": 566,
    "translations": []
  }
]