[
  {
    "para_id": "984.679",
    "id_prev": "984.678",
    "id_next": "984.680",
    "refcode_1": "CGRAS",
    "refcode_2": "122",
    "refcode_3": "",
    "refcode_4": "",
    "refcode_short": "CGRAS 122",
    "refcode_long": "Civil Government and Religion, p. 122 (Alonzo Trevier Jones)",
    "element_type": "h4",
    "element_subtype": "",
    "content": "TENTH CASE. Mr. Allen Meeks, the second time",
    "puborder": 480,
    "translations": []
  },
  {
    "para_id": "984.680",
    "id_prev": "984.679",
    "id_next": "984.682",
    "refcode_1": "CGRAS",
    "refcode_2": "122",
    "refcode_3": "2",
    "refcode_4": "",
    "refcode_short": "CGRAS 122.2",
    "refcode_long": "Civil Government and Religion, p. 122.2 (Alonzo Trevier Jones)",
    "element_type": "p",
    "element_subtype": "standard-indented",
    "content": "At the January term in 1886, Mr. Meeks was indicted the second time. July 13, he was arrested on a bench warrant in the hands of William La Fever. Meeks gave bonds for his appearance at the July term of Court. The offense was for fixing his wagon-brake on Sunday. He was reported to the Grand Jury by Riley Warren. Warren had gone to Meeks&rsquo;s house on the Sunday referred to in the indictment, to see Mr. Meeks about hiring a teacher for their public school, for both of them were members of the school board of their district. In the course of their conversation, Mr. Meeks incidentally mentioned having mended his wagon-brake that morning. This was reported to the Grand Jury by Mr. Warren, and the indictment followed.",
    "puborder": 481,
    "translations": []
  },
  {
    "para_id": "984.682",
    "id_prev": "984.680",
    "id_next": "984.683",
    "refcode_1": "CGRAS",
    "refcode_2": "123",
    "refcode_3": "1",
    "refcode_4": "",
    "refcode_short": "CGRAS 123.1",
    "refcode_long": "Civil Government and Religion, p. 123.1 (Alonzo Trevier Jones)",
    "element_type": "p",
    "element_subtype": "standard-indented",
    "content": "At the July term, this, with other cases mentioned, was held over to await the decision of the Supreme Court in the Scoles case.",
    "puborder": 482,
    "translations": []
  },
  {
    "para_id": "984.683",
    "id_prev": "984.682",
    "id_next": "984.684",
    "refcode_1": "CGRAS",
    "refcode_2": "123",
    "refcode_3": "2",
    "refcode_4": "",
    "refcode_short": "CGRAS 123.2",
    "refcode_long": "Civil Government and Religion, p. 123.2 (Alonzo Trevier Jones)",
    "element_type": "p",
    "element_subtype": "standard-indented",
    "content": "At the January term in 1887, Meeks&rsquo;s case was called. He confessed judgment; the usual fine and costs were assessed, paid by Meeks, and he was released.",
    "puborder": 483,
    "translations": []
  }
]