[
  {
    "para_id": "429.1185",
    "id_prev": "429.1184",
    "id_next": "429.1186",
    "refcode_1": "KC",
    "refcode_2": "141",
    "refcode_3": "",
    "refcode_4": "13",
    "refcode_short": "KC 141",
    "refcode_long": "The Kress Collection, p. 141 (Ellen Gould White)",
    "element_type": "h4",
    "element_subtype": "",
    "content": "<span class=\"non-egw-comment\">Third:</span>",
    "puborder": 982,
    "translations": []
  },
  {
    "para_id": "429.1186",
    "id_prev": "429.1185",
    "id_next": "429.1187",
    "refcode_1": "KC",
    "refcode_2": "141",
    "refcode_3": "4",
    "refcode_4": "",
    "refcode_short": "KC 141.4",
    "refcode_long": "The Kress Collection, p. 141.4 (Ellen Gould White)",
    "element_type": "p",
    "element_subtype": "standard-indented",
    "content": "<span class=\"non-egw-comment\"> (a) That we encourage the St. Helena Sanitarium Food Company to incorporate under the supervision of the Pacific Medical Missionary Association.</span>",
    "puborder": 983,
    "translations": []
  },
  {
    "para_id": "429.1187",
    "id_prev": "429.1186",
    "id_next": "429.1188",
    "refcode_1": "KC",
    "refcode_2": "141",
    "refcode_3": "5",
    "refcode_4": "",
    "refcode_short": "KC 141.5",
    "refcode_long": "The Kress Collection, p. 141.5 (Ellen Gould White)",
    "element_type": "p",
    "element_subtype": "standard-indented",
    "content": "<span class=\"non-egw-comment\"> (b) That we encourage the Food Company to undertake the establishment of vegetarian restaurants in connection with its food stores and in other places as may seem advisable.</span>",
    "puborder": 984,
    "translations": []
  },
  {
    "para_id": "429.1188",
    "id_prev": "429.1187",
    "id_next": "429.1189",
    "refcode_1": "KC",
    "refcode_2": "141",
    "refcode_3": "6",
    "refcode_4": "",
    "refcode_short": "KC 141.6",
    "refcode_long": "The Kress Collection, p. 141.6 (Ellen Gould White)",
    "element_type": "p",
    "element_subtype": "standard-indented",
    "content": "<span class=\"non-egw-comment\">(c) That we encourage the Food Company to establish food stores in the principal cities on the coast.</span>",
    "puborder": 985,
    "translations": []
  }
]