[
  {
    "para_id": "17.1190",
    "id_prev": "17.1188",
    "id_next": "17.1191",
    "refcode_1": "CC",
    "refcode_2": "156",
    "refcode_3": "",
    "refcode_4": "150",
    "refcode_short": "CC 156",
    "refcode_long": "Conflict and Courage, p. 156 (Ellen Gould White)",
    "element_type": "h3",
    "element_subtype": "",
    "content": "Not to Be Trusted, May 30",
    "puborder": 1042,
    "translations": [
      {
        "para_id": "1712.1222",
        "lang": "es",
        "refcode": "CV 156"
      },
      {
        "para_id": "12420.1044",
        "lang": "lt",
        "refcode": "KID 152"
      },
      {
        "para_id": "1934.1612",
        "lang": "pt",
        "refcode": "VF 154"
      },
      {
        "para_id": "13986.1078",
        "lang": "ru",
        "refcode": "БМ 156"
      },
      {
        "para_id": "13962.1205",
        "lang": "uk",
        "refcode": "БМ 172"
      }
    ]
  },
  {
    "para_id": "17.1191",
    "id_prev": "17.1190",
    "id_next": "17.1192",
    "refcode_1": "CC",
    "refcode_2": "156",
    "refcode_3": "",
    "refcode_4": "",
    "refcode_short": "",
    "refcode_long": "",
    "element_type": "p",
    "element_subtype": "devotionaltext",
    "content": "<span class=\"egwlink egwlink_bible\" title=\"1 Samuel 15:1\" data-link=\"1965.15385\">1 Samuel 15</span>",
    "puborder": 1043,
    "translations": [
      {
        "para_id": "1712.1223",
        "lang": "es",
        "refcode": "Conflict and Courage"
      }
    ]
  },
  {
    "para_id": "17.1192",
    "id_prev": "17.1191",
    "id_next": "17.1193",
    "refcode_1": "CC",
    "refcode_2": "156",
    "refcode_3": "1",
    "refcode_4": "",
    "refcode_short": "CC 156.1",
    "refcode_long": "Conflict and Courage, p. 156.1 (Ellen Gould White)",
    "element_type": "p",
    "element_subtype": "devotionaltext",
    "content": "But Saul and the people spared Agag, and the best of the sheep, and of the oxen, and of the fatlings, and the lambs, and all that was good, and would not utterly destroy them. <span class=\"egwlink egwlink_bible\" title=\"1 Samuel 15:9\" data-link=\"1965.15401\">1 Samuel 15:9</span>.",
    "puborder": 1044,
    "translations": [
      {
        "para_id": "1712.1224",
        "lang": "es",
        "refcode": "CV 156.1"
      },
      {
        "para_id": "12420.1045",
        "lang": "lt",
        "refcode": "KID 152.1"
      },
      {
        "para_id": "1934.1613",
        "lang": "pt",
        "refcode": "VF 154.1"
      },
      {
        "para_id": "13986.1079",
        "lang": "ru",
        "refcode": "БМ 156.1"
      },
      {
        "para_id": "13962.1206",
        "lang": "uk",
        "refcode": "БМ 172.2"
      }
    ]
  },
  {
    "para_id": "17.1193",
    "id_prev": "17.1192",
    "id_next": "17.1194",
    "refcode_1": "CC",
    "refcode_2": "156",
    "refcode_3": "2",
    "refcode_4": "",
    "refcode_short": "CC 156.2",
    "refcode_long": "Conflict and Courage, p. 156.2 (Ellen Gould White)",
    "element_type": "p",
    "element_subtype": "standard-indented",
    "content": "Since the defeat of the Philistines at Michmash, Saul had made war against Moab, Ammon, and Edom, and against the Amalekites and the Philistines; and wherever he turned his arms, he gained fresh victories. On receiving the commission against the Amalekites, he at once proclaimed war. To his own authority was added that of the prophet, and at the call to battle the men of Israel flocked to his standard. The expedition was not to be entered upon for the purpose of self-aggrandizement; the Israelites were not to receive either the honor of the conquest or the spoils of their enemies. They were to engage in the war solely as an act of obedience to God, for the purpose of executing His judgment upon the Amalekites. God intended that all nations should behold the doom of that people that had defied His sovereignty, and should mark that they were destroyed by the very people whom they had despised....",
    "puborder": 1045,
    "translations": [
      {
        "para_id": "1712.1225",
        "lang": "es",
        "refcode": "CV 156.2"
      },
      {
        "para_id": "1712.1226",
        "lang": "es",
        "refcode": "CV 156.3"
      },
      {
        "para_id": "12420.1046",
        "lang": "lt",
        "refcode": "KID 152.2"
      },
      {
        "para_id": "1934.1614",
        "lang": "pt",
        "refcode": "VF 154.2"
      },
      {
        "para_id": "13986.1080",
        "lang": "ru",
        "refcode": "БМ 156.2"
      },
      {
        "para_id": "13962.1207",
        "lang": "uk",
        "refcode": "БМ 172.3"
      }
    ]
  },
  {
    "para_id": "17.1194",
    "id_prev": "17.1193",
    "id_next": "17.1195",
    "refcode_1": "CC",
    "refcode_2": "156",
    "refcode_3": "3",
    "refcode_4": "",
    "refcode_short": "CC 156.3",
    "refcode_long": "Conflict and Courage, p. 156.3 (Ellen Gould White)",
    "element_type": "p",
    "element_subtype": "standard-indented",
    "content": "This victory over the Amalekites was the most brilliant victory that Saul had ever gained, and it served to rekindle the pride of heart that was his greatest peril. The divine edict devoting the enemies of God to utter destruction was but partially fulfilled. Ambitious to heighten the honor of his triumphal return by the presence of a royal captive, Saul ventured to imitate the customs of the nations around him and spared Agag, the fierce and warlike king of the Amalekites. The people reserved for themselves the finest of the flocks, herds, and beasts of burden, excusing their sin on the ground that the cattle were reserved to be offered as sacrifices to the Lord. It was their purpose, however, to use these merely as a substitute, to save their own cattle.",
    "puborder": 1046,
    "translations": [
      {
        "para_id": "1712.1227",
        "lang": "es",
        "refcode": "CV 156.4"
      },
      {
        "para_id": "12420.1047",
        "lang": "lt",
        "refcode": "KID 152.3"
      },
      {
        "para_id": "1934.1615",
        "lang": "pt",
        "refcode": "VF 154.3"
      },
      {
        "para_id": "13986.1081",
        "lang": "ru",
        "refcode": "БМ 156.3"
      },
      {
        "para_id": "13962.1209",
        "lang": "uk",
        "refcode": "БМ 173.1"
      }
    ]
  },
  {
    "para_id": "17.1195",
    "id_prev": "17.1194",
    "id_next": "17.1197",
    "refcode_1": "CC",
    "refcode_2": "156",
    "refcode_3": "4",
    "refcode_4": "",
    "refcode_short": "CC 156.4",
    "refcode_long": "Conflict and Courage, p. 156.4 (Ellen Gould White)",
    "element_type": "p",
    "element_subtype": "standard-indented",
    "content": "Saul had now been subjected to the final test. His presumptuous disregard of the will of God, showing his determination to rule as an independent monarch, proved that he could not be trusted with royal power as the vicegerent of the Lord.<sup class=\"bookendnote\"><a class=\"bookendnote\">60<span class=\"bookendnote\"><span class=\"egwlink egwlink_book\" title=\"PP 628.1\" data-link=\"84.2952\">Ibid., 628, 629</span>.</span></a></sup>",
    "puborder": 1047,
    "translations": [
      {
        "para_id": "1712.1228",
        "lang": "es",
        "refcode": "CV 156.5"
      },
      {
        "para_id": "12420.1048",
        "lang": "lt",
        "refcode": "KID 152.4"
      },
      {
        "para_id": "1934.1616",
        "lang": "pt",
        "refcode": "VF 154.4"
      },
      {
        "para_id": "13986.1082",
        "lang": "ru",
        "refcode": "БМ 156.4"
      },
      {
        "para_id": "13962.1210",
        "lang": "uk",
        "refcode": "БМ 173.2"
      }
    ]
  }
]