[
  {
    "para_id": "17.2812",
    "id_prev": "17.2810",
    "id_next": "17.2813",
    "refcode_1": "CC",
    "refcode_2": "357",
    "refcode_3": "",
    "refcode_4": "351",
    "refcode_short": "CC 357",
    "refcode_long": "Conflict and Courage, p. 357 (Ellen Gould White)",
    "element_type": "h3",
    "element_subtype": "",
    "content": "&ldquo;Love One Another,&rdquo; December 17",
    "puborder": 2470,
    "translations": [
      {
        "para_id": "1712.2840",
        "lang": "es",
        "refcode": "CV 357"
      },
      {
        "para_id": "12420.2476",
        "lang": "lt",
        "refcode": "KID 353"
      },
      {
        "para_id": "1934.3856",
        "lang": "pt",
        "refcode": "VF 360"
      },
      {
        "para_id": "13986.2535",
        "lang": "ru",
        "refcode": "БМ 357"
      },
      {
        "para_id": "13962.2815",
        "lang": "uk",
        "refcode": "БМ 394"
      }
    ]
  },
  {
    "para_id": "17.2813",
    "id_prev": "17.2812",
    "id_next": "17.2814",
    "refcode_1": "CC",
    "refcode_2": "357",
    "refcode_3": "",
    "refcode_4": "",
    "refcode_short": "",
    "refcode_long": "",
    "element_type": "p",
    "element_subtype": "devotionaltext",
    "content": "<span class=\"egwlink egwlink_bible\" title=\"1 John 4:7\" data-link=\"1965.62448\">1 John 4:7-21</span>",
    "puborder": 2471,
    "translations": [
      {
        "para_id": "1712.2841",
        "lang": "es",
        "refcode": "Conflict and Courage"
      }
    ]
  },
  {
    "para_id": "17.2814",
    "id_prev": "17.2813",
    "id_next": "17.2815",
    "refcode_1": "CC",
    "refcode_2": "357",
    "refcode_3": "1",
    "refcode_4": "",
    "refcode_short": "CC 357.1",
    "refcode_long": "Conflict and Courage, p. 357.1 (Ellen Gould White)",
    "element_type": "p",
    "element_subtype": "devotionaltext",
    "content": "Herein is love, not that we loved God, but that he loved us, and sent his Son to be the propitiation for our sins. Beloved, if God so loved us, we ought also to love one another. <span class=\"egwlink egwlink_bible\" title=\"1 John 4:10\" data-link=\"1965.62454\">1 John 4:10, 11</span>.",
    "puborder": 2472,
    "translations": [
      {
        "para_id": "1712.2842",
        "lang": "es",
        "refcode": "CV 357.1"
      },
      {
        "para_id": "12420.2477",
        "lang": "lt",
        "refcode": "KID 353.1"
      },
      {
        "para_id": "1934.3858",
        "lang": "pt",
        "refcode": "VF 361.1"
      },
      {
        "para_id": "13986.2536",
        "lang": "ru",
        "refcode": "БМ 357.1"
      },
      {
        "para_id": "13962.2816",
        "lang": "uk",
        "refcode": "БМ 394.4"
      }
    ]
  },
  {
    "para_id": "17.2815",
    "id_prev": "17.2814",
    "id_next": "17.2816",
    "refcode_1": "CC",
    "refcode_2": "357",
    "refcode_3": "2",
    "refcode_4": "",
    "refcode_short": "CC 357.2",
    "refcode_long": "Conflict and Courage, p. 357.2 (Ellen Gould White)",
    "element_type": "p",
    "element_subtype": "standard-indented",
    "content": "After the ascension of Christ, John stands forth as a faithful, earnest laborer for the Master.... The love for Christ which glowed in his heart led him to put forth earnest, untiring labor for his fellow men, especially for his brethren in the Christian church.",
    "puborder": 2473,
    "translations": [
      {
        "para_id": "1712.2843",
        "lang": "es",
        "refcode": "CV 357.2"
      },
      {
        "para_id": "12420.2478",
        "lang": "lt",
        "refcode": "KID 353.2"
      },
      {
        "para_id": "1934.3859",
        "lang": "pt",
        "refcode": "VF 361.2"
      },
      {
        "para_id": "13986.2537",
        "lang": "ru",
        "refcode": "БМ 357.2"
      },
      {
        "para_id": "13962.2817",
        "lang": "uk",
        "refcode": "БМ 394.5"
      }
    ]
  },
  {
    "para_id": "17.2816",
    "id_prev": "17.2815",
    "id_next": "17.2817",
    "refcode_1": "CC",
    "refcode_2": "357",
    "refcode_3": "3",
    "refcode_4": "",
    "refcode_short": "CC 357.3",
    "refcode_long": "Conflict and Courage, p. 357.3 (Ellen Gould White)",
    "element_type": "p",
    "element_subtype": "standard-indented",
    "content": "Christ had bidden the first disciples love one another as He had loved them.... After the descent of the Holy Spirit, when the disciples went forth to proclaim a living Saviour, their one desire was the salvation of souls. They rejoiced in the sweetness of communion with saints. They were tender, thoughtful, self-denying, willing to make any sacrifice for the truth&apos;s sake. In their daily association with one another, they revealed the love that Christ had enjoined upon them....",
    "puborder": 2474,
    "translations": [
      {
        "para_id": "1712.2844",
        "lang": "es",
        "refcode": "CV 357.3"
      },
      {
        "para_id": "12420.2479",
        "lang": "lt",
        "refcode": "KID 353.3"
      },
      {
        "para_id": "1934.3861",
        "lang": "pt",
        "refcode": "VF 361.4"
      },
      {
        "para_id": "1934.3860",
        "lang": "pt",
        "refcode": "VF 361.3"
      },
      {
        "para_id": "13986.2538",
        "lang": "ru",
        "refcode": "БМ 357.3"
      },
      {
        "para_id": "13962.2820",
        "lang": "uk",
        "refcode": "БМ 395.1"
      }
    ]
  },
  {
    "para_id": "17.2817",
    "id_prev": "17.2816",
    "id_next": "17.2818",
    "refcode_1": "CC",
    "refcode_2": "357",
    "refcode_3": "4",
    "refcode_4": "",
    "refcode_short": "CC 357.4",
    "refcode_long": "Conflict and Courage, p. 357.4 (Ellen Gould White)",
    "element_type": "p",
    "element_subtype": "standard-indented",
    "content": "But gradually a change came. The believers began to look for defects in others.... They lost sight of the Saviour and His love.... John, realizing that brotherly love was waning in the church, urged upon believers the constant need of this love.... It is not the opposition of the world that most endangers the church of Christ. It is the evil cherished in the hearts of believers that works their most grievous disaster and most surely retards the progress of God&apos;s cause. There is no surer way of weakening spirituality than by cherishing envy, suspicion, faultfinding, and evil surmising. On the other hand, the strongest witness that God has sent His Son into the world is the existence of harmony and union among men of varied dispositions who form His church....",
    "puborder": 2475,
    "translations": [
      {
        "para_id": "1712.2845",
        "lang": "es",
        "refcode": "CV 357.4"
      },
      {
        "para_id": "12420.2480",
        "lang": "lt",
        "refcode": "KID 353.4"
      },
      {
        "para_id": "1934.3863",
        "lang": "pt",
        "refcode": "VF 361.6"
      },
      {
        "para_id": "1934.3862",
        "lang": "pt",
        "refcode": "VF 361.5"
      },
      {
        "para_id": "13986.2539",
        "lang": "ru",
        "refcode": "БМ 357.4"
      },
      {
        "para_id": "13962.2821",
        "lang": "uk",
        "refcode": "БМ 395.2"
      }
    ]
  },
  {
    "para_id": "17.2818",
    "id_prev": "17.2817",
    "id_next": "17.2820",
    "refcode_1": "CC",
    "refcode_2": "357",
    "refcode_3": "5",
    "refcode_4": "",
    "refcode_short": "CC 357.5",
    "refcode_long": "Conflict and Courage, p. 357.5 (Ellen Gould White)",
    "element_type": "p",
    "element_subtype": "standard-indented",
    "content": "Unbelievers are watching to see if the faith of professed Christians is exerting a sanctifying influence upon their lives; and they are quick to discern the defects in character, the inconsistencies in action.... Christians are all members of one family, all children of the same heavenly Father, with the same blessed hope of immortality. Very close and tender should be the tie that binds them together.... &ldquo;Let us not love in word,&rdquo; the apostle writes, &ldquo;but in deed and in truth.&rdquo; <sup class=\"bookendnote\"><a class=\"bookendnote\">33<span class=\"bookendnote\"><span class=\"egwlink egwlink_book\" title=\"AA 546.1\" data-link=\"127.2410\">Ibid., 546-551</span>.</span></a></sup>",
    "puborder": 2476,
    "translations": [
      {
        "para_id": "1712.2846",
        "lang": "es",
        "refcode": "CV 357.5"
      },
      {
        "para_id": "12420.2481",
        "lang": "lt",
        "refcode": "KID 353.5"
      },
      {
        "para_id": "1934.3864",
        "lang": "pt",
        "refcode": "VF 361.7"
      },
      {
        "para_id": "13986.2540",
        "lang": "ru",
        "refcode": "БМ 357.5"
      },
      {
        "para_id": "13962.2822",
        "lang": "uk",
        "refcode": "БМ 395.3"
      }
    ]
  }
]