[
  {
    "para_id": "17.476",
    "id_prev": "17.474",
    "id_next": "17.477",
    "refcode_1": "CC",
    "refcode_2": "64",
    "refcode_3": "",
    "refcode_4": "58",
    "refcode_short": "CC 64",
    "refcode_long": "Conflict and Courage, p. 64 (Ellen Gould White)",
    "element_type": "h3",
    "element_subtype": "",
    "content": "Hope for a Fugitive, February 27",
    "puborder": 417,
    "translations": [
      {
        "para_id": "1712.497",
        "lang": "es",
        "refcode": "CV 64"
      },
      {
        "para_id": "12420.418",
        "lang": "lt",
        "refcode": "KID 60"
      },
      {
        "para_id": "1934.642",
        "lang": "pt",
        "refcode": "VF 61"
      },
      {
        "para_id": "13986.445",
        "lang": "ru",
        "refcode": "БМ 64"
      },
      {
        "para_id": "13962.490",
        "lang": "uk",
        "refcode": "БМ 68"
      }
    ]
  },
  {
    "para_id": "17.477",
    "id_prev": "17.476",
    "id_next": "17.478",
    "refcode_1": "CC",
    "refcode_2": "64",
    "refcode_3": "",
    "refcode_4": "",
    "refcode_short": "",
    "refcode_long": "",
    "element_type": "p",
    "element_subtype": "devotionaltext",
    "content": "<span class=\"egwlink egwlink_bible\" title=\"Genesis 27:41\" data-link=\"1965.1567\">Genesis 27:41-28:15</span>",
    "puborder": 418,
    "translations": [
      {
        "para_id": "1712.498",
        "lang": "es",
        "refcode": "Conflict and Courage"
      }
    ]
  },
  {
    "para_id": "17.478",
    "id_prev": "17.477",
    "id_next": "17.479",
    "refcode_1": "CC",
    "refcode_2": "64",
    "refcode_3": "1",
    "refcode_4": "",
    "refcode_short": "CC 64.1",
    "refcode_long": "Conflict and Courage, p. 64.1 (Ellen Gould White)",
    "element_type": "p",
    "element_subtype": "devotionaltext",
    "content": "And he dreamed, and behold a ladder set up on the earth, and the top of it reached to heaven: and behold the angels of God ascending and descending on it. <span class=\"egwlink egwlink_bible\" title=\"Genesis 28:12\" data-link=\"1965.1602\">Genesis 28:12</span>.",
    "puborder": 419,
    "translations": [
      {
        "para_id": "1712.499",
        "lang": "es",
        "refcode": "CV 64.1"
      },
      {
        "para_id": "12420.419",
        "lang": "lt",
        "refcode": "KID 60.1"
      },
      {
        "para_id": "1934.643",
        "lang": "pt",
        "refcode": "VF 61.3"
      },
      {
        "para_id": "13986.446",
        "lang": "ru",
        "refcode": "БМ 64.1"
      },
      {
        "para_id": "13962.491",
        "lang": "uk",
        "refcode": "БМ 68.5"
      }
    ]
  },
  {
    "para_id": "17.479",
    "id_prev": "17.478",
    "id_next": "17.480",
    "refcode_1": "CC",
    "refcode_2": "64",
    "refcode_3": "2",
    "refcode_4": "",
    "refcode_short": "CC 64.2",
    "refcode_long": "Conflict and Courage, p. 64.2 (Ellen Gould White)",
    "element_type": "p",
    "element_subtype": "standard-indented",
    "content": "Threatened with death by the wrath of Esau, Jacob went out from his father&apos;s home a fugitive; but he carried with him the father&apos;s blessing; Isaac had renewed to him the covenant promise, and had bidden him, as its inheritor, to seek a wife of his mother&apos;s family in Mesopotamia. Yet it was with a deeply troubled heart that Jacob set out on his lonely journey. With only his staff in his hand he must travel hundreds of miles through a country inhabited by wild, roving tribes. In his remorse and timidity he sought to avoid men, lest he should be traced by his angry brother. He feared that he had lost forever the blessing that God had purposed to give him; and Satan was at hand to press temptations upon him....",
    "puborder": 420,
    "translations": [
      {
        "para_id": "1712.500",
        "lang": "es",
        "refcode": "CV 64.2"
      },
      {
        "para_id": "12420.420",
        "lang": "lt",
        "refcode": "KID 60.2"
      },
      {
        "para_id": "1934.644",
        "lang": "pt",
        "refcode": "VF 61.4"
      },
      {
        "para_id": "13986.447",
        "lang": "ru",
        "refcode": "БМ 64.2"
      },
      {
        "para_id": "13962.492",
        "lang": "uk",
        "refcode": "БМ 68.6"
      }
    ]
  },
  {
    "para_id": "17.480",
    "id_prev": "17.479",
    "id_next": "17.481",
    "refcode_1": "CC",
    "refcode_2": "64",
    "refcode_3": "3",
    "refcode_4": "",
    "refcode_short": "CC 64.3",
    "refcode_long": "Conflict and Courage, p. 64.3 (Ellen Gould White)",
    "element_type": "p",
    "element_subtype": "standard-indented",
    "content": "The darkness of despair pressed upon his soul, and he hardly dared to pray. But he was so utterly lonely that he felt the need of protection from God as he had never felt it before. With weeping and deep humiliation he confessed his sin, and entreated for some evidence that he was not utterly forsaken.... God did not forsake Jacob. His mercy was still extended to His erring, distrustful servant. The Lord compassionately revealed just what Jacob needed&mdash;a Saviour....",
    "puborder": 421,
    "translations": [
      {
        "para_id": "1712.501",
        "lang": "es",
        "refcode": "CV 64.3"
      },
      {
        "para_id": "12420.421",
        "lang": "lt",
        "refcode": "KID 60.3"
      },
      {
        "para_id": "1934.645",
        "lang": "pt",
        "refcode": "VF 61.5"
      },
      {
        "para_id": "13986.448",
        "lang": "ru",
        "refcode": "БМ 64.3"
      },
      {
        "para_id": "13962.495",
        "lang": "uk",
        "refcode": "БМ 69.1"
      }
    ]
  },
  {
    "para_id": "17.481",
    "id_prev": "17.480",
    "id_next": "17.482",
    "refcode_1": "CC",
    "refcode_2": "64",
    "refcode_3": "4",
    "refcode_4": "",
    "refcode_short": "CC 64.4",
    "refcode_long": "Conflict and Courage, p. 64.4 (Ellen Gould White)",
    "element_type": "p",
    "element_subtype": "standard-indented",
    "content": "Wearied with his journey, the wanderer lay down upon the ground, with a stone for his pillow. As he slept he beheld a ladder, bright and shining, whose base rested upon the earth, while the top reached to heaven. Upon this ladder angels were ascending and descending; above it was the Lord of glory....",
    "puborder": 422,
    "translations": [
      {
        "para_id": "1712.502",
        "lang": "es",
        "refcode": "CV 64.4"
      },
      {
        "para_id": "12420.422",
        "lang": "lt",
        "refcode": "KID 60.4"
      },
      {
        "para_id": "1934.646",
        "lang": "pt",
        "refcode": "VF 61.6"
      },
      {
        "para_id": "13986.449",
        "lang": "ru",
        "refcode": "БМ 64.4"
      },
      {
        "para_id": "13962.496",
        "lang": "uk",
        "refcode": "БМ 69.2"
      }
    ]
  },
  {
    "para_id": "17.482",
    "id_prev": "17.481",
    "id_next": "17.484",
    "refcode_1": "CC",
    "refcode_2": "64",
    "refcode_3": "5",
    "refcode_4": "",
    "refcode_short": "CC 64.5",
    "refcode_long": "Conflict and Courage, p. 64.5 (Ellen Gould White)",
    "element_type": "p",
    "element_subtype": "standard-indented",
    "content": "Jacob awoke from his sleep in the deep stillness of night. The shining forms of his vision had disappeared. Only the dim outline of the lonely hills, and above them the heavens bright with stars, now met his gaze. But he had a solemn sense that God was with him. An unseen presence filled the solitude. &ldquo;Surely the Lord is in this place,&rdquo; he said, &ldquo;and I knew it not.... This is none other but the house of God, and this is the gate of heaven.&rdquo; <sup class=\"bookendnote\"><a class=\"bookendnote\">55<span class=\"bookendnote\"><span class=\"egwlink egwlink_book\" title=\"PP 183.1\" data-link=\"84.759\">Patriarchs and Prophets, 183-187</span>.</span></a></sup>",
    "puborder": 423,
    "translations": [
      {
        "para_id": "1712.503",
        "lang": "es",
        "refcode": "CV 64.5"
      },
      {
        "para_id": "12420.423",
        "lang": "lt",
        "refcode": "KID 60.5"
      },
      {
        "para_id": "1934.649",
        "lang": "pt",
        "refcode": "VF 62.1"
      },
      {
        "para_id": "13986.450",
        "lang": "ru",
        "refcode": "БМ 64.5"
      },
      {
        "para_id": "13962.497",
        "lang": "uk",
        "refcode": "БМ 69.3"
      }
    ]
  }
]