{
  "2": 2,
  "3": 2,
  "4": 2,
  "5": 2,
  "6": 2,
  "7": 2,
  "8": 2,
  "9": 2,
  "10": 2,
  "11": 2,
  "12": 2,
  "13": 2,
  "14": 2,
  "16": 2,
  "17": 2,
  "18": 2,
  "20": 20,
  "21": 20,
  "22": 20,
  "23": 20,
  "26": 20,
  "27": 20,
  "28": 20,
  "31": 20,
  "32": 20,
  "33": 20,
  "34": 20,
  "35": 20,
  "38": 20,
  "39": 20,
  "40": 20,
  "41": 20,
  "44": 20,
  "45": 20,
  "46": 20,
  "47": 20,
  "48": 20,
  "49": 20,
  "50": 20,
  "53": 20,
  "54": 20,
  "55": 20,
  "56": 20,
  "58": 20,
  "59": 20,
  "60": 20,
  "62": 20,
  "63": 20,
  "64": 20,
  "65": 20,
  "67": 20,
  "68": 20,
  "69": 20,
  "70": 20,
  "71": 20,
  "74": 20,
  "75": 20,
  "76": 20,
  "79": 20,
  "82": 20,
  "83": 20,
  "84": 20,
  "86": 20,
  "87": 20,
  "88": 20,
  "89": 20,
  "92": 20,
  "93": 20,
  "96": 20,
  "97": 20,
  "98": 20,
  "99": 20
}