[
  {
    "para_id": "44.551",
    "id_prev": "44.549",
    "id_next": "44.552",
    "refcode_1": "LHU",
    "refcode_2": "80",
    "refcode_3": "",
    "refcode_4": "66",
    "refcode_short": "LHU 80",
    "refcode_long": "Lift Him Up, p. 80 (Ellen Gould White)",
    "element_type": "h3",
    "element_subtype": "",
    "content": "He Showed Us How to Overcome, March 7",
    "puborder": 511,
    "translations": [
      {
        "para_id": "12549.600",
        "lang": "da",
        "refcode": "KA 74"
      },
      {
        "para_id": "1708.573",
        "lang": "es",
        "refcode": "EJ 74"
      },
      {
        "para_id": "1921.821",
        "lang": "pt",
        "refcode": "EXA 81"
      },
      {
        "para_id": "12238.556",
        "lang": "ru",
        "refcode": "ПИХ 80"
      },
      {
        "para_id": "12234.539",
        "lang": "uk",
        "refcode": "ЗІХ 68"
      }
    ]
  },
  {
    "para_id": "44.552",
    "id_prev": "44.551",
    "id_next": "44.553",
    "refcode_1": "LHU",
    "refcode_2": "80",
    "refcode_3": "1",
    "refcode_4": "",
    "refcode_short": "LHU 80.1",
    "refcode_long": "Lift Him Up, p. 80.1 (Ellen Gould White)",
    "element_type": "p",
    "element_subtype": "devotionaltext",
    "content": "It is written again, Thou shalt not tempt the Lord thy God. <span class=\"egwlink egwlink_bible\" title=\"Matthew 4:7\" data-link=\"1965.47408\">Matthew 4:7</span>.",
    "puborder": 512,
    "translations": [
      {
        "para_id": "12549.601",
        "lang": "da",
        "refcode": "KA 74.1"
      },
      {
        "para_id": "1708.574",
        "lang": "es",
        "refcode": "EJ 74.1"
      },
      {
        "para_id": "1921.822",
        "lang": "pt",
        "refcode": "EXA 81.5"
      },
      {
        "para_id": "12238.557",
        "lang": "ru",
        "refcode": "ПИХ 80.1"
      },
      {
        "para_id": "12234.540",
        "lang": "uk",
        "refcode": "ЗІХ 68.1"
      }
    ]
  },
  {
    "para_id": "44.553",
    "id_prev": "44.552",
    "id_next": "44.554",
    "refcode_1": "LHU",
    "refcode_2": "80",
    "refcode_3": "2",
    "refcode_4": "",
    "refcode_short": "LHU 80.2",
    "refcode_long": "Lift Him Up, p. 80.2 (Ellen Gould White)",
    "element_type": "p",
    "element_subtype": "standard-indented",
    "content": "In the wilderness of temptation Christ met the great leading temptations that would assail man. There He encountered, single handed, the wily, subtle foe, and overcame him. The first great temptation was upon appetite; the second, presumption; the third, love of the world. Satan has overcome his millions by tempting them to the indulgence of appetite. Through the gratification of the taste, the nervous system becomes excited and the brain power enfeebled, making it impossible to think calmly or rationally. The mind is unbalanced. Its higher, nobler faculties are perverted to serve animal lusts, and the sacred, eternal interests are not regarded. When this object is gained, Satan can come with his two other leading temptations and find ready access. His manifold temptations grow out of these three great leading points.",
    "puborder": 513,
    "translations": [
      {
        "para_id": "12549.602",
        "lang": "da",
        "refcode": "KA 74.2"
      },
      {
        "para_id": "1708.575",
        "lang": "es",
        "refcode": "EJ 74.2"
      },
      {
        "para_id": "1921.823",
        "lang": "pt",
        "refcode": "EXA 81.6"
      },
      {
        "para_id": "12238.558",
        "lang": "ru",
        "refcode": "ПИХ 80.2"
      },
      {
        "para_id": "12234.541",
        "lang": "uk",
        "refcode": "ЗІХ 68.2"
      }
    ]
  },
  {
    "para_id": "44.554",
    "id_prev": "44.553",
    "id_next": "44.555",
    "refcode_1": "LHU",
    "refcode_2": "80",
    "refcode_3": "3",
    "refcode_4": "",
    "refcode_short": "LHU 80.3",
    "refcode_long": "Lift Him Up, p. 80.3 (Ellen Gould White)",
    "element_type": "p",
    "element_subtype": "standard-indented",
    "content": "Presumption is a common temptation, and as Satan assails men with this, he obtains the victory nine times out of ten. Those who profess to be followers of Christ, and claim by their faith to be enlisted in the warfare against all evil in their nature, frequently plunge without thought into temptations from which it would require a miracle to bring them forth unsullied. Meditation and prayer would have preserved them and led them to shun the critical, dangerous position in which they placed themselves when they gave Satan the advantage over them. The promises of God are not for us rashly to claim while we rush on recklessly into danger, violating the laws of nature and disregarding prudence and the judgment with which God has endowed us. This is the most flagrant presumption.",
    "puborder": 514,
    "translations": [
      {
        "para_id": "12549.603",
        "lang": "da",
        "refcode": "KA 74.3"
      },
      {
        "para_id": "1708.576",
        "lang": "es",
        "refcode": "EJ 74.3"
      },
      {
        "para_id": "1921.826",
        "lang": "pt",
        "refcode": "EXA 82.1"
      },
      {
        "para_id": "12238.559",
        "lang": "ru",
        "refcode": "ПИХ 80.3"
      },
      {
        "para_id": "12234.542",
        "lang": "uk",
        "refcode": "ЗІХ 68.3"
      }
    ]
  },
  {
    "para_id": "44.555",
    "id_prev": "44.554",
    "id_next": "44.556",
    "refcode_1": "LHU",
    "refcode_2": "80",
    "refcode_3": "4",
    "refcode_4": "",
    "refcode_short": "LHU 80.4",
    "refcode_long": "Lift Him Up, p. 80.4 (Ellen Gould White)",
    "element_type": "p",
    "element_subtype": "standard-indented",
    "content": "The thrones and kingdoms of the world and the glory of them were offered to Christ if He would only bow down to Satan. Never will man be tried with temptations as powerful as those which assailed Christ. Satan came with worldly honor, wealth, and the pleasures of life, and presented them in the most attractive light to allure and deceive. &ldquo;All these things,&rdquo; said he to Christ, &ldquo;will I give thee, if thou wilt fall down and worship me.&rdquo; Christ repelled the wily foe and came off victor....",
    "puborder": 515,
    "translations": [
      {
        "para_id": "12549.604",
        "lang": "da",
        "refcode": "KA 74.4"
      },
      {
        "para_id": "1708.577",
        "lang": "es",
        "refcode": "EJ 74.4"
      },
      {
        "para_id": "1921.827",
        "lang": "pt",
        "refcode": "EXA 82.2"
      },
      {
        "para_id": "12238.560",
        "lang": "ru",
        "refcode": "ПИХ 80.4"
      },
      {
        "para_id": "12234.543",
        "lang": "uk",
        "refcode": "ЗІХ 68.4"
      }
    ]
  },
  {
    "para_id": "44.556",
    "id_prev": "44.555",
    "id_next": "44.557",
    "refcode_1": "LHU",
    "refcode_2": "80",
    "refcode_3": "5",
    "refcode_4": "",
    "refcode_short": "LHU 80.5",
    "refcode_long": "Lift Him Up, p. 80.5 (Ellen Gould White)",
    "element_type": "p",
    "element_subtype": "standard-indented",
    "content": "Christ&apos;s example is before us. He overcame Satan, showing us how we may also overcome. Christ resisted Satan with Scripture. He might have had recourse to His own divine power, and used His own words; but He said: &ldquo;It is written.&rdquo; ... If the Sacred Scriptures were studied and followed, the Christian would be fortified to meet the wily foe....",
    "puborder": 516,
    "translations": [
      {
        "para_id": "12549.605",
        "lang": "da",
        "refcode": "KA 74.5"
      },
      {
        "para_id": "1708.578",
        "lang": "es",
        "refcode": "EJ 74.5"
      },
      {
        "para_id": "1921.828",
        "lang": "pt",
        "refcode": "EXA 82.3"
      },
      {
        "para_id": "12238.561",
        "lang": "ru",
        "refcode": "ПИХ 80.5"
      },
      {
        "para_id": "12234.544",
        "lang": "uk",
        "refcode": "ЗІХ 68.5"
      }
    ]
  },
  {
    "para_id": "44.557",
    "id_prev": "44.556",
    "id_next": "44.559",
    "refcode_1": "LHU",
    "refcode_2": "80",
    "refcode_3": "6",
    "refcode_4": "",
    "refcode_short": "LHU 80.6",
    "refcode_long": "Lift Him Up, p. 80.6 (Ellen Gould White)",
    "element_type": "p",
    "element_subtype": "standard-indented",
    "content": "When the religion of Christ rules in the heart, conscience approves, and peace and happiness reign; perplexity and trouble may surround, yet there is light in the soul. Submission, love, and gratitude to God keep sunshine in the heart, though the day maybe ever so cloudy (<span class=\"egwlink egwlink_book\" title=\"4T 44.1\" data-link=\"114.222\">Testimonies For The Church 4:44-47</span>).",
    "puborder": 517,
    "translations": [
      {
        "para_id": "12549.607",
        "lang": "da",
        "refcode": "KA 75.1"
      },
      {
        "para_id": "1708.579",
        "lang": "es",
        "refcode": "EJ 74.6"
      },
      {
        "para_id": "1921.829",
        "lang": "pt",
        "refcode": "EXA 82.4"
      },
      {
        "para_id": "12238.562",
        "lang": "ru",
        "refcode": "ПИХ 80.6"
      },
      {
        "para_id": "12234.545",
        "lang": "uk",
        "refcode": "ЗІХ 68.6"
      }
    ]
  }
]