[
  {
    "para_id": "1182.2",
    "id_prev": null,
    "id_next": "1182.2000003",
    "refcode_1": "PTUK",
    "refcode_2": "20",
    "refcode_3": "",
    "refcode_4": "",
    "refcode_short": "PTUK, page 20",
    "refcode_long": "The Present Truth, vol. 17, page 20",
    "element_type": "h1",
    "element_subtype": "",
    "content": "The Present Truth, Vol. 17",
    "puborder": 1,
    "translations": []
  },
  {
    "para_id": "1182.2000003",
    "id_prev": "1182.2",
    "id_next": "1182.3",
    "refcode_1": "PTUK",
    "refcode_2": "20",
    "refcode_3": "",
    "refcode_4": "1901",
    "refcode_short": "PTUK January 10,  1901, page 20",
    "refcode_long": "The Present Truth, vol. 17 January 10,  1901, page 20",
    "element_type": "h2",
    "element_subtype": "",
    "content": "1901",
    "puborder": 2,
    "translations": []
  },
  {
    "para_id": "1182.3",
    "id_prev": "1182.2000003",
    "id_next": "1182.4",
    "refcode_1": "PTUK",
    "refcode_2": "20",
    "refcode_3": "",
    "refcode_4": "1901",
    "refcode_short": "PTUK January 10,  1901, page 20",
    "refcode_long": "The Present Truth, vol. 17 January 10,  1901, page 20",
    "element_type": "h3",
    "element_subtype": "",
    "content": "January 10, 1901",
    "puborder": 3,
    "translations": []
  },
  {
    "para_id": "1182.4",
    "id_prev": "1182.3",
    "id_next": "1182.5",
    "refcode_1": "PTUK",
    "refcode_2": "20",
    "refcode_3": "",
    "refcode_4": "1901",
    "refcode_short": "PTUK January 10,  1901, page 20",
    "refcode_long": "The Present Truth, vol. 17 January 10,  1901, page 20",
    "element_type": "h5",
    "element_subtype": "",
    "content": "&ldquo;The Faith of Jesus&rdquo; The Present Truth 17, 2, pp. 20, 21.",
    "puborder": 4,
    "translations": []
  },
  {
    "para_id": "1182.5",
    "id_prev": "1182.4",
    "id_next": "1182.6",
    "refcode_1": "PTUK",
    "refcode_2": "20",
    "refcode_3": "",
    "refcode_4": "1901",
    "refcode_short": "",
    "refcode_long": "",
    "element_type": "p",
    "element_subtype": "periodicalauthor",
    "content": "ATJ",
    "puborder": 5,
    "translations": []
  },
  {
    "para_id": "1182.6",
    "id_prev": "1182.5",
    "id_next": "1182.7",
    "refcode_1": "PTUK",
    "refcode_2": "20",
    "refcode_3": "1",
    "refcode_4": "1901",
    "refcode_short": "PTUK January 10,  1901, page 20.1",
    "refcode_long": "The Present Truth, vol. 17 January 10,  1901, page 20 paragraph 1",
    "element_type": "p",
    "element_subtype": "standard-indented",
    "content": "&ldquo;LET this mind be in you, which was also in Christ Jesus: who... emptied Himself.&rdquo;",
    "puborder": 6,
    "translations": []
  },
  {
    "para_id": "1182.7",
    "id_prev": "1182.6",
    "id_next": "1182.8",
    "refcode_1": "PTUK",
    "refcode_2": "20",
    "refcode_3": "2",
    "refcode_4": "1901",
    "refcode_short": "PTUK January 10,  1901, page 20.2",
    "refcode_long": "The Present Truth, vol. 17 January 10,  1901, page 20 paragraph 2",
    "element_type": "p",
    "element_subtype": "standard-indented",
    "content": "He emptied Himself so entirely that, in becoming the Saviour of the world, he did not set himself forth in a way to make himself prominent or to draw attention to himself. &ldquo;For every high priest taken from among men is ordained for men in things pertaining to God, that he may offer both gifts and sacrifices for sins.... And no man <em>taketh this honour unto himself</em>, but he that is <em>called of God</em>, as was Aaron. So also Christ <em>glorified not Himself</em> to be made an high priest; but He that said unto Him, Thou art My Son, to-day have I begotten Thee. As He saith also in another place, Thou art a priest forever after the order of Melchisedec.&rdquo; <span class=\"egwlink egwlink_bible\" title=\"Hebrews 5:1\" data-link=\"1965.61261\">Hebrews 5:1, 4-6</span>.",
    "puborder": 7,
    "translations": []
  },
  {
    "para_id": "1182.8",
    "id_prev": "1182.7",
    "id_next": "1182.9",
    "refcode_1": "PTUK",
    "refcode_2": "20",
    "refcode_3": "3",
    "refcode_4": "1901",
    "refcode_short": "PTUK January 10,  1901, page 20.3",
    "refcode_long": "The Present Truth, vol. 17 January 10,  1901, page 20 paragraph 3",
    "element_type": "p",
    "element_subtype": "standard-indented",
    "content": "He emptied Himself so entirely that, in coming to the world, he did not do it in a way to make Himself conspicuous, or to draw attention to Himself; but in a way in which He could say, truly: &ldquo;I am not come of Myself, but... He hath sent Me.&rdquo; <span class=\"egwlink egwlink_bible\" title=\"John 7:28\" data-link=\"1965.53762\">John 7:28, 29</span>.",
    "puborder": 8,
    "translations": []
  },
  {
    "para_id": "1182.9",
    "id_prev": "1182.8",
    "id_next": "1182.10",
    "refcode_1": "PTUK",
    "refcode_2": "20",
    "refcode_3": "4",
    "refcode_4": "1901",
    "refcode_short": "PTUK January 10,  1901, page 20.4",
    "refcode_long": "The Present Truth, vol. 17 January 10,  1901, page 20 paragraph 4",
    "element_type": "p",
    "element_subtype": "standard-indented",
    "content": "He emptied Himself so entirely that, even when He came not of Himself, but was sent, He came not in His own name; not to represent Himself; not to manifest Himself; but in His Father&rsquo;s name, to represent His Father, to make manifest only his Father. <span class=\"egwlink egwlink_bible\" title=\"John 5:43\" data-link=\"1965.53554\">John 5:43</span>. This because &ldquo;He that seeketh his glory that sent Him, the same is true, and no unrighteousness is in Him.&rdquo; <span class=\"egwlink egwlink_bible\" title=\"John 7:18\" data-link=\"1965.53742\">John 7:18</span>.",
    "puborder": 9,
    "translations": []
  },
  {
    "para_id": "1182.10",
    "id_prev": "1182.9",
    "id_next": "1182.11",
    "refcode_1": "PTUK",
    "refcode_2": "20",
    "refcode_3": "5",
    "refcode_4": "1901",
    "refcode_short": "PTUK January 10,  1901, page 20.5",
    "refcode_long": "The Present Truth, vol. 17 January 10,  1901, page 20 paragraph 5",
    "element_type": "p",
    "element_subtype": "standard-indented",
    "content": "He emptied Himself so entirely that, when He had come, he could truly say of Himself: &ldquo;I can of Mine of self do nothing.&rdquo; <span class=\"egwlink egwlink_bible\" title=\"John 5:30\" data-link=\"1965.53528\">John 5:30</span>. To men he says: &ldquo;Without Me ye can do nothing.&rdquo; <span class=\"egwlink egwlink_bible\" title=\"John 15:5\" data-link=\"1965.54466\">John 15:5</span>. And of Himself He said: &ldquo;I can of Mine own self do nothing.&rdquo; This shows that He so entirely emptied Himself that, in this world, He was of Himself just as helpless to do righteousness as is the man who is without God. And, accordingly, He could truly say: &ldquo;The Son can do nothing of Himself&rdquo; (<span class=\"egwlink egwlink_bible\" title=\"John 5:19\" data-link=\"1965.53506\">John 5:19</span>); and, &ldquo;I do nothing of Myself.&rdquo; <span class=\"egwlink egwlink_bible\" title=\"John 8:28\" data-link=\"1965.53869\">John 8:28</span>.",
    "puborder": 10,
    "translations": []
  },
  {
    "para_id": "1182.11",
    "id_prev": "1182.10",
    "id_next": "1182.12",
    "refcode_1": "PTUK",
    "refcode_2": "20",
    "refcode_3": "6",
    "refcode_4": "1901",
    "refcode_short": "PTUK January 10,  1901, page 20.6",
    "refcode_long": "The Present Truth, vol. 17 January 10,  1901, page 20 paragraph 6",
    "element_type": "p",
    "element_subtype": "standard-indented",
    "content": "He emptied Himself so entirely that he could truly say: &ldquo;The words that I speak unto you I speak not of Myself.&rdquo; <span class=\"egwlink egwlink_bible\" title=\"John 14:10\" data-link=\"1965.54413\">John 14:10</span>. &ldquo;The word which ye hear is not Mine.&rdquo; <span class=\"egwlink egwlink_bible\" title=\"John 14:24\" data-link=\"1965.54441\">John 14:24</span>.",
    "puborder": 11,
    "translations": []
  },
  {
    "para_id": "1182.12",
    "id_prev": "1182.11",
    "id_next": "1182.13",
    "refcode_1": "PTUK",
    "refcode_2": "20",
    "refcode_3": "7",
    "refcode_4": "1901",
    "refcode_short": "PTUK January 10,  1901, page 20.7",
    "refcode_long": "The Present Truth, vol. 17 January 10,  1901, page 20 paragraph 7",
    "element_type": "p",
    "element_subtype": "standard-indented",
    "content": "He emptied Himself so entirely that no influence went forth as from Himself, that could draw anyone to Himself; and, therefore, He could truly say: &ldquo;No man can come to Me, except the Father, which hath sent Me draw Him.&rdquo; <span class=\"egwlink egwlink_bible\" title=\"John 6:44\" data-link=\"1965.53651\">John 6:44</span>.",
    "puborder": 12,
    "translations": []
  },
  {
    "para_id": "1182.13",
    "id_prev": "1182.12",
    "id_next": "1182.14",
    "refcode_1": "PTUK",
    "refcode_2": "20",
    "refcode_3": "8",
    "refcode_4": "1901",
    "refcode_short": "PTUK January 10,  1901, page 20.8",
    "refcode_long": "The Present Truth, vol. 17 January 10,  1901, page 20 paragraph 8",
    "element_type": "p",
    "element_subtype": "standard-indented",
    "content": "He emptied Himself so entirely that He could truly say that &ldquo;no man [&ldquo;no one,&rdquo; literally] knoweth the Son, but the Father.&rdquo; <span class=\"egwlink egwlink_bible\" title=\"Matthew 11:27\" data-link=\"1965.47955\">Matthew 11:27</span>.",
    "puborder": 13,
    "translations": []
  },
  {
    "para_id": "1182.14",
    "id_prev": "1182.13",
    "id_next": "1182.15",
    "refcode_1": "PTUK",
    "refcode_2": "20",
    "refcode_3": "9",
    "refcode_4": "1901",
    "refcode_short": "PTUK January 10,  1901, page 20.9",
    "refcode_long": "The Present Truth, vol. 17 January 10,  1901, page 20 paragraph 9",
    "element_type": "p",
    "element_subtype": "standard-indented",
    "content": "This is &ldquo;the faith of Jesus.&rdquo; This is the way of Christ. This only is Christianity. Therefore &ldquo;let this mind be in you, which was also in Christ Jesus.&rdquo; Let this be your mind always, and only: that you are called of God; that you are sent of God; that you go not in your own name, but only in the name of Him that sent you; that you seek not your own glory, but only His glory that sent you; that of your own self you can do nothing, not even to speak; that no influence shall go forth as from yourself that can draw anyone to yourself; that none can come to you, except the Father, who hath sent you, draw him; that none can know you but God, and that all that shall be known of you shall be of God.",
    "puborder": 14,
    "translations": []
  },
  {
    "para_id": "1182.15",
    "id_prev": "1182.14",
    "id_next": "1182.16",
    "refcode_1": "PTUK",
    "refcode_2": "20",
    "refcode_3": "10",
    "refcode_4": "1901",
    "refcode_short": "PTUK January 10,  1901, page 20.10",
    "refcode_long": "The Present Truth, vol. 17 January 10,  1901, page 20 paragraph 10",
    "element_type": "p",
    "element_subtype": "standard-indented",
    "content": "This is what it is to let the mind which is in Christ be in you. And this can be, only by letting the mind of Christ be in you. For it is not of the natural man, it is not of self, to do this. For the natural mind, the carnal mind, &ldquo;is enmity against God; for it is not subject to the law of God, neither indeed can be.&rdquo; Therefore whether in Christ or in you, it is only the mind that was in Christ that can empty self of self. Therefore, &ldquo;let this mind be in you, which was also in Christ Jesus; who ... emptied Himself.&rdquo;",
    "puborder": 15,
    "translations": []
  },
  {
    "para_id": "1182.16",
    "id_prev": "1182.15",
    "id_next": "1182.17",
    "refcode_1": "PTUK",
    "refcode_2": "20",
    "refcode_3": "11",
    "refcode_4": "1901",
    "refcode_short": "PTUK January 10,  1901, page 20.11",
    "refcode_long": "The Present Truth, vol. 17 January 10,  1901, page 20 paragraph 11",
    "element_type": "p",
    "element_subtype": "standard-indented",
    "content": "When Christ had thus emptied Himself, he was immediately filled with God; so that &ldquo;God was in Christ, reconciling the world unto Himself&rdquo; (<span class=\"egwlink egwlink_bible\" title=\"2 Corinthians 5:19\" data-link=\"1965.58925\">2 Corinthians 5:19</span>); so that whereas of His own self He would do nothing, and did do nothing, yet God, who dwelt in Him, did mighty works (<span class=\"egwlink egwlink_bible\" title=\"John 14:10\" data-link=\"1965.54413\">John 14:10</span>); so that, though he could not speak of Himself, the words which He spoke were in very truth &ldquo;the Father&rsquo;s,&rdquo; who sent Him (<span class=\"egwlink egwlink_bible\" title=\"John 14:24\" data-link=\"1965.54441\">John 14:24</span>; <span class=\"egwlink egwlink_bible\" title=\"John 12:49\" data-link=\"1965.54313\">12:49, 50</span>); so that, in a word, He in this world was God manifest in the flesh. <span class=\"egwlink egwlink_bible\" title=\"1 Timothy 3:16\" data-link=\"1965.60673\">1 Timothy 3:16</span>.",
    "puborder": 16,
    "translations": []
  },
  {
    "para_id": "1182.17",
    "id_prev": "1182.16",
    "id_next": "1182.20",
    "refcode_1": "PTUK",
    "refcode_2": "20",
    "refcode_3": "12",
    "refcode_4": "1901",
    "refcode_short": "PTUK January 10,  1901, page 20.12",
    "refcode_long": "The Present Truth, vol. 17 January 10,  1901, page 20 paragraph 12",
    "element_type": "p",
    "element_subtype": "standard-indented",
    "content": "&ldquo;Let this mind be in you, which was also in Christ Jesus; who ... emptied Himself.&rdquo; It will accomplish in you exactly <span class=\"page-break\" data-page=\"21\"></span> what it did in Him&mdash;it will empty yourself. And when thus you have emptied yourself, immediately you will be filled with God, even with all the fullness of God; so that while of yourself you can do nothing, God, who dwelleth in you, will work in you that which is well pleasing in His sight through Jesus Christ (<span class=\"egwlink egwlink_bible\" title=\"Hebrews 13:21\" data-link=\"1965.61731\">Hebrews 13:21</span>; <span class=\"egwlink egwlink_bible\" title=\"2 Corinthians 6:16\" data-link=\"1965.58962\">2 Corinthians 6:16</span>); so that God will be in you, both to will and to do of His good pleasure (<span class=\"egwlink egwlink_bible\" title=\"Philippians 2:13\" data-link=\"1965.59966\">Philippians 2:13</span>); so that you will not speak your own words, but the words of Him that sends you (<span class=\"egwlink egwlink_bible\" title=\"1 Corinthians 2:12\" data-link=\"1965.57925\">1 Corinthians 2:12, 13</span>; <span class=\"egwlink egwlink_bible\" title=\"John 3:33\" data-link=\"1965.53352\">John 3:33, 34</span>); so that, in a word, in you it shall still be God manifest in the flesh.",
    "puborder": 17,
    "translations": []
  },
  {
    "para_id": "1182.20",
    "id_prev": "1182.17",
    "id_next": "1182.21",
    "refcode_1": "PTUK",
    "refcode_2": "21",
    "refcode_3": "1",
    "refcode_4": "1901",
    "refcode_short": "PTUK January 10,  1901, page 21.1",
    "refcode_long": "The Present Truth, vol. 17 January 10,  1901, page 21 paragraph 1",
    "element_type": "p",
    "element_subtype": "standard-indented",
    "content": "Oh, &ldquo;let this mind be in you, which was also in Christ Jesus: who ... emptied Himself.&rdquo; For this is the faith of Jesus. And &ldquo;here are they that keep ... the faith of Jesus.&rdquo;",
    "puborder": 18,
    "translations": []
  },
  {
    "para_id": "1182.21",
    "id_prev": "1182.20",
    "id_next": "1182.22",
    "refcode_1": "PTUK",
    "refcode_2": "21",
    "refcode_3": "",
    "refcode_4": "1901",
    "refcode_short": "",
    "refcode_long": "",
    "element_type": "p",
    "element_subtype": "standard-noindent",
    "content": "ALONZO T. JONES.",
    "puborder": 19,
    "translations": []
  }
]