[
  {
    "para_id": "135.1973",
    "id_prev": "135.1970",
    "id_next": "135.1974",
    "refcode_1": "MH",
    "refcode_2": "381",
    "refcode_3": "",
    "refcode_4": "87",
    "refcode_short": "MH 381",
    "refcode_long": "The Ministry of Healing, p. 381 (Ellen Gould White)",
    "element_type": "h4",
    "element_subtype": "",
    "content": "The Care of Infants",
    "puborder": 1288,
    "translations": [
      {
        "para_id": "13845.1470",
        "lang": "bg",
        "refcode": "СВЛ 171.2"
      },
      {
        "para_id": "12369.292",
        "lang": "ce",
        "refcode": "MPP 63.1"
      },
      {
        "para_id": "11223.1744",
        "lang": "cs",
        "refcode": "ZNP 206.4"
      },
      {
        "para_id": "11627.1758",
        "lang": "da",
        "refcode": "SLF 396.4"
      },
      {
        "para_id": "185.1965",
        "lang": "de",
        "refcode": "FA 396.4"
      },
      {
        "para_id": "788.1947",
        "lang": "de",
        "refcode": "SGA 319.1"
      },
      {
        "para_id": "1757.1836",
        "lang": "es",
        "refcode": "MC 303.1"
      },
      {
        "para_id": "13892.1745",
        "lang": "et",
        "refcode": "Tt 271.1"
      },
      {
        "para_id": "195.1887",
        "lang": "fr",
        "refcode": "MG 329.2"
      },
      {
        "para_id": "873.1448",
        "lang": "it",
        "refcode": "OGM 209.3"
      },
      {
        "para_id": "11600.1769",
        "lang": "nb",
        "refcode": "HOL 296.1"
      },
      {
        "para_id": "11984.1638",
        "lang": "pl",
        "refcode": "SWL 277.1"
      },
      {
        "para_id": "1808.1246",
        "lang": "pt",
        "refcode": "CBVc 171.4"
      },
      {
        "para_id": "11255.1885",
        "lang": "pt",
        "refcode": "CBV 368.1"
      },
      {
        "para_id": "2690.2058",
        "lang": "ro",
        "refcode": "DV 390"
      },
      {
        "para_id": "1829.1927",
        "lang": "ru",
        "refcode": "СИ 390.2"
      },
      {
        "para_id": "11183.1820",
        "lang": "sk",
        "refcode": "CZ 276.4"
      },
      {
        "para_id": "12374.1816",
        "lang": "sr",
        "refcode": "PBZ 242.7"
      },
      {
        "para_id": "12145.1862",
        "lang": "uk",
        "refcode": "СЗ 301.2"
      }
    ]
  },
  {
    "para_id": "135.1974",
    "id_prev": "135.1973",
    "id_next": "135.1975",
    "refcode_1": "MH",
    "refcode_2": "381",
    "refcode_3": "1",
    "refcode_4": "",
    "refcode_short": "MH 381.1",
    "refcode_long": "The Ministry of Healing, p. 381.1 (Ellen Gould White)",
    "element_type": "p",
    "element_subtype": "standard-indented",
    "content": "The more quiet and simple the life of the child, the more favorable it will be to both physical and mental development. At all times the mother should endeavor to be quiet, calm, and self-possessed. Many infants are extremely susceptible to nervous excitement, and the mother&apos;s gentle, unhurried manner will have a soothing influence that will be of untold benefit to the child.",
    "puborder": 1289,
    "translations": [
      {
        "para_id": "13845.1471",
        "lang": "bg",
        "refcode": "СВЛ 171.3"
      },
      {
        "para_id": "12369.293",
        "lang": "ce",
        "refcode": "MPP 63.2"
      },
      {
        "para_id": "11223.1745",
        "lang": "cs",
        "refcode": "ZNP 206.5"
      },
      {
        "para_id": "11627.1761",
        "lang": "da",
        "refcode": "SLF 397.1"
      },
      {
        "para_id": "185.1968",
        "lang": "de",
        "refcode": "FA 397.1"
      },
      {
        "para_id": "788.1948",
        "lang": "de",
        "refcode": "SGA 319.2"
      },
      {
        "para_id": "1757.1837",
        "lang": "es",
        "refcode": "MC 303.2"
      },
      {
        "para_id": "13892.1746",
        "lang": "et",
        "refcode": "Tt 271.2"
      },
      {
        "para_id": "195.1888",
        "lang": "fr",
        "refcode": "MG 329.3"
      },
      {
        "para_id": "873.1450",
        "lang": "it",
        "refcode": "OGM 210.1"
      },
      {
        "para_id": "11600.1770",
        "lang": "nb",
        "refcode": "HOL 296.2"
      },
      {
        "para_id": "11984.1639",
        "lang": "pl",
        "refcode": "SWL 277.2"
      },
      {
        "para_id": "11255.1885",
        "lang": "pt",
        "refcode": "CBV 368.1"
      },
      {
        "para_id": "1808.1247",
        "lang": "pt",
        "refcode": "CBVc 171.5"
      },
      {
        "para_id": "2690.2059",
        "lang": "ro",
        "refcode": "DV 390.2"
      },
      {
        "para_id": "1829.1928",
        "lang": "ru",
        "refcode": "СИ 390.3"
      },
      {
        "para_id": "11183.1823",
        "lang": "sk",
        "refcode": "CZ 277.1"
      },
      {
        "para_id": "12374.1819",
        "lang": "sr",
        "refcode": "PBZ 243.1"
      },
      {
        "para_id": "12145.1865",
        "lang": "uk",
        "refcode": "СЗ 301.4"
      },
      {
        "para_id": "12145.2623",
        "lang": "uk",
        "refcode": "СЗ 301.3"
      }
    ]
  },
  {
    "para_id": "135.1975",
    "id_prev": "135.1974",
    "id_next": "135.1976",
    "refcode_1": "MH",
    "refcode_2": "381",
    "refcode_3": "2",
    "refcode_4": "",
    "refcode_short": "MH 381.2",
    "refcode_long": "The Ministry of Healing, p. 381.2 (Ellen Gould White)",
    "element_type": "p",
    "element_subtype": "standard-indented",
    "content": "Babies require warmth, but a serious error is often committed in keeping them in overheated rooms, deprived to a great degree of fresh air. The practice of covering the infant&apos;s face while sleeping is harmful, since it prevents free respiration.",
    "puborder": 1290,
    "translations": []
  },
  {
    "para_id": "135.1976",
    "id_prev": "135.1975",
    "id_next": "135.1977",
    "refcode_1": "MH",
    "refcode_2": "381",
    "refcode_3": "3",
    "refcode_4": "",
    "refcode_short": "MH 381.3",
    "refcode_long": "The Ministry of Healing, p. 381.3 (Ellen Gould White)",
    "element_type": "p",
    "element_subtype": "standard-indented",
    "content": "The baby should be kept free from every influence that would tend to weaken or to poison the system. The most scrupulous care should be taken to have everything about it sweet and clean. While it may be necessary to protect the little ones from sudden or too great changes of temperature, care should be taken, that, sleeping or waking, day or night, they breathe a pure, invigorating atmosphere.",
    "puborder": 1291,
    "translations": [
      {
        "para_id": "788.1950",
        "lang": "de",
        "refcode": "SGA 319.4"
      },
      {
        "para_id": "788.1949",
        "lang": "de",
        "refcode": "SGA 319.3"
      },
      {
        "para_id": "873.1451",
        "lang": "it",
        "refcode": "OGM 210.2"
      },
      {
        "para_id": "12374.1820",
        "lang": "sr",
        "refcode": "PBZ 243.2"
      }
    ]
  },
  {
    "para_id": "135.1977",
    "id_prev": "135.1976",
    "id_next": "135.1980",
    "refcode_1": "MH",
    "refcode_2": "381",
    "refcode_3": "4",
    "refcode_4": "",
    "refcode_short": "MH 381.4",
    "refcode_long": "The Ministry of Healing, p. 381.4 (Ellen Gould White)",
    "element_type": "p",
    "element_subtype": "standard-indented",
    "content": "In the preparation of the baby&apos;s wardrobe, convenience, comfort, and health should be sought before fashion or a desire to excite admiration. The mother should not spend time in embroidery and fancywork to make the little garments beautiful, thus taxing herself with unnecessary labor at the expense of her own health and the health of her child. She should not bend over sewing that severely taxes eyes and nerves, at a time when she needs much rest and pleasant exercise. She should realize her obligation to cherish her strength, <span class=\"page-break\" data-page=\"382\"></span> that she may be able to meet the demands that will be made upon her.",
    "puborder": 1292,
    "translations": [
      {
        "para_id": "13845.1472",
        "lang": "bg",
        "refcode": "СВЛ 171.4"
      },
      {
        "para_id": "12369.296",
        "lang": "ce",
        "refcode": "MPP 64.1"
      },
      {
        "para_id": "11223.1748",
        "lang": "cs",
        "refcode": "ZNP 207.1"
      },
      {
        "para_id": "11223.1746",
        "lang": "cs",
        "refcode": "ZNP 206.6"
      },
      {
        "para_id": "11627.1764",
        "lang": "da",
        "refcode": "SLF 398.1"
      },
      {
        "para_id": "185.1971",
        "lang": "de",
        "refcode": "FA 398.1"
      },
      {
        "para_id": "788.1951",
        "lang": "de",
        "refcode": "SGA 319.5"
      },
      {
        "para_id": "1757.1838",
        "lang": "es",
        "refcode": "MC 303.3"
      },
      {
        "para_id": "13892.1747",
        "lang": "et",
        "refcode": "Tt 271.3"
      },
      {
        "para_id": "195.1891",
        "lang": "fr",
        "refcode": "MG 330.1"
      },
      {
        "para_id": "873.1452",
        "lang": "it",
        "refcode": "OGM 210.3"
      },
      {
        "para_id": "11600.1773",
        "lang": "nb",
        "refcode": "HOL 297.1"
      },
      {
        "para_id": "11984.1640",
        "lang": "pl",
        "refcode": "SWL 277.3"
      },
      {
        "para_id": "11255.1888",
        "lang": "pt",
        "refcode": "CBV 369.1"
      },
      {
        "para_id": "1808.1250",
        "lang": "pt",
        "refcode": "CBVc 172.1"
      },
      {
        "para_id": "2690.2901",
        "lang": "ro",
        "refcode": "The Ministry of Healing"
      },
      {
        "para_id": "1829.1931",
        "lang": "ru",
        "refcode": "СИ 391.1"
      },
      {
        "para_id": "11183.1824",
        "lang": "sk",
        "refcode": "CZ 277.2"
      },
      {
        "para_id": "12374.1821",
        "lang": "sr",
        "refcode": "PBZ 243.3"
      },
      {
        "para_id": "12145.1868",
        "lang": "uk",
        "refcode": "СЗ 302.1"
      }
    ]
  },
  {
    "para_id": "135.1980",
    "id_prev": "135.1977",
    "id_next": "135.1981",
    "refcode_1": "MH",
    "refcode_2": "382",
    "refcode_3": "1",
    "refcode_4": "",
    "refcode_short": "MH 382.1",
    "refcode_long": "The Ministry of Healing, p. 382.1 (Ellen Gould White)",
    "element_type": "p",
    "element_subtype": "standard-indented",
    "content": "If the dress of the child combines warmth, protection, and comfort, one of the chief causes of irritation and restlessness will be removed. The little one will have better health, and the mother will not find the care of the child so heavy a tax upon her strength and time.",
    "puborder": 1293,
    "translations": []
  },
  {
    "para_id": "135.1981",
    "id_prev": "135.1980",
    "id_next": "135.1982",
    "refcode_1": "MH",
    "refcode_2": "382",
    "refcode_3": "2",
    "refcode_4": "",
    "refcode_short": "MH 382.2",
    "refcode_long": "The Ministry of Healing, p. 382.2 (Ellen Gould White)",
    "element_type": "p",
    "element_subtype": "standard-indented",
    "content": "Tight bands or waists hinder the action of the heart and lungs, and should be avoided. No part of the body should at any time be made uncomfortable by clothing that compresses any organ or restricts its freedom of movement. The clothing of all children should be loose enough to admit of the freest and fullest respiration, and so arranged that the shoulders will support its weight.",
    "puborder": 1294,
    "translations": [
      {
        "para_id": "13845.1474",
        "lang": "bg",
        "refcode": "СВЛ 171.6"
      },
      {
        "para_id": "12369.299",
        "lang": "ce",
        "refcode": "MPP 64.3"
      },
      {
        "para_id": "11223.1750",
        "lang": "cs",
        "refcode": "ZNP 207.3"
      },
      {
        "para_id": "11627.1766",
        "lang": "da",
        "refcode": "SLF 398.3"
      },
      {
        "para_id": "788.1954",
        "lang": "de",
        "refcode": "SGA 320.2"
      },
      {
        "para_id": "185.1972",
        "lang": "de",
        "refcode": "FA 398.2"
      },
      {
        "para_id": "1757.1842",
        "lang": "es",
        "refcode": "MC 304.2"
      },
      {
        "para_id": "13892.1750",
        "lang": "et",
        "refcode": "Tt 272.1"
      },
      {
        "para_id": "195.1893",
        "lang": "fr",
        "refcode": "MG 330.3"
      },
      {
        "para_id": "873.1454",
        "lang": "it",
        "refcode": "OGM 210.5"
      },
      {
        "para_id": "11600.1775",
        "lang": "nb",
        "refcode": "HOL 297.3"
      },
      {
        "para_id": "11984.1644",
        "lang": "pl",
        "refcode": "SWL 278.1"
      },
      {
        "para_id": "11255.1893",
        "lang": "pt",
        "refcode": "CBV 370.2"
      },
      {
        "para_id": "1808.1252",
        "lang": "pt",
        "refcode": "CBVc 172.3"
      },
      {
        "para_id": "2690.2064",
        "lang": "ro",
        "refcode": "DV 391.2"
      },
      {
        "para_id": "1829.1935",
        "lang": "ru",
        "refcode": "СИ 392.1"
      },
      {
        "para_id": "11183.1826",
        "lang": "sk",
        "refcode": "CZ 277.4"
      },
      {
        "para_id": "12374.1823",
        "lang": "sr",
        "refcode": "PBZ 243.5"
      },
      {
        "para_id": "12145.1870",
        "lang": "uk",
        "refcode": "СЗ 302.3"
      }
    ]
  },
  {
    "para_id": "135.1982",
    "id_prev": "135.1981",
    "id_next": "135.1983",
    "refcode_1": "MH",
    "refcode_2": "382",
    "refcode_3": "3",
    "refcode_4": "",
    "refcode_short": "MH 382.3",
    "refcode_long": "The Ministry of Healing, p. 382.3 (Ellen Gould White)",
    "element_type": "p",
    "element_subtype": "standard-indented",
    "content": "In some countries the custom of leaving bare the shoulders and limbs of little children still prevails. This custom cannot be too severely condemned. The limbs being remote from the center of circulation, demand greater protection than the other parts of the body. The arteries that convey the blood to the extremities are large, providing for a sufficient quantity of blood to afford warmth and nutrition. But when the limbs are left unprotected or are insufficiently clad, the arteries and veins become contracted, the sensitive portions of the body are chilled, and the circulation of the blood hindered.",
    "puborder": 1295,
    "translations": [
      {
        "para_id": "13845.1475",
        "lang": "bg",
        "refcode": "СВЛ 171.7"
      },
      {
        "para_id": "12369.301",
        "lang": "ce",
        "refcode": "MPP 65.1"
      },
      {
        "para_id": "11223.1751",
        "lang": "cs",
        "refcode": "ZNP 207.4"
      },
      {
        "para_id": "11627.1767",
        "lang": "da",
        "refcode": "SLF 398.4"
      },
      {
        "para_id": "185.1973",
        "lang": "de",
        "refcode": "FA 398.3"
      },
      {
        "para_id": "788.1954",
        "lang": "de",
        "refcode": "SGA 320.2"
      },
      {
        "para_id": "1757.1843",
        "lang": "es",
        "refcode": "MC 304.3"
      },
      {
        "para_id": "13892.1751",
        "lang": "et",
        "refcode": "Tt 272.2"
      },
      {
        "para_id": "195.1895",
        "lang": "fr",
        "refcode": "MG 330.4"
      },
      {
        "para_id": "873.1455",
        "lang": "it",
        "refcode": "OGM 210.6"
      },
      {
        "para_id": "11600.1776",
        "lang": "nb",
        "refcode": "HOL 297.4"
      },
      {
        "para_id": "11984.1645",
        "lang": "pl",
        "refcode": "SWL 278.2"
      },
      {
        "para_id": "1808.1253",
        "lang": "pt",
        "refcode": "CBVc 172.4"
      },
      {
        "para_id": "11255.1894",
        "lang": "pt",
        "refcode": "CBV 370.3"
      },
      {
        "para_id": "2690.2067",
        "lang": "ro",
        "refcode": "DV 392.1"
      },
      {
        "para_id": "1829.1936",
        "lang": "ru",
        "refcode": "СИ 392.2"
      },
      {
        "para_id": "11183.1827",
        "lang": "sk",
        "refcode": "CZ 277.5"
      },
      {
        "para_id": "12374.1824",
        "lang": "sr",
        "refcode": "PBZ 243.6"
      },
      {
        "para_id": "12145.1871",
        "lang": "uk",
        "refcode": "СЗ 302.4"
      }
    ]
  },
  {
    "para_id": "135.1983",
    "id_prev": "135.1982",
    "id_next": "135.1984",
    "refcode_1": "MH",
    "refcode_2": "382",
    "refcode_3": "4",
    "refcode_4": "",
    "refcode_short": "MH 382.4",
    "refcode_long": "The Ministry of Healing, p. 382.4 (Ellen Gould White)",
    "element_type": "p",
    "element_subtype": "standard-indented",
    "content": "In growing children all the forces of nature need every advantage to enable them to perfect the physical frame. If the limbs are insufficiently protected, children, and especially girls, cannot be out of doors unless the weather is mild. So they are kept in for fear of the cold. If children are well clothed, it will benefit them to exercise freely in the open air, summer or winter.",
    "puborder": 1296,
    "translations": []
  },
  {
    "para_id": "135.1984",
    "id_prev": "135.1983",
    "id_next": "135.1987",
    "refcode_1": "MH",
    "refcode_2": "382",
    "refcode_3": "5",
    "refcode_4": "",
    "refcode_short": "MH 382.5",
    "refcode_long": "The Ministry of Healing, p. 382.5 (Ellen Gould White)",
    "element_type": "p",
    "element_subtype": "standard-indented",
    "content": "Mothers who desire their boys and girls to possess the vigor <span class=\"page-break\" data-page=\"383\"></span> of health should dress them properly and encourage them in all reasonable weather to be much in the open air. It may require effort to break away from the chains of custom, and dress and educate the children with reference to health; but the result will amply repay the effort.",
    "puborder": 1297,
    "translations": []
  }
]