[
  {
    "para_id": "135.1810",
    "id_prev": "135.1808",
    "id_next": "135.1811",
    "refcode_1": "MH",
    "refcode_2": "349",
    "refcode_3": "",
    "refcode_4": "28",
    "refcode_short": "MH 349",
    "refcode_long": "The Ministry of Healing, p. 349 (Ellen Gould White)",
    "element_type": "h3",
    "element_subtype": "",
    "content": "Chapter 28&mdash;Ministry of the Home",
    "puborder": 1179,
    "translations": [
      {
        "para_id": "13845.1352",
        "lang": "bg",
        "refcode": "СВЛ 158.3"
      },
      {
        "para_id": "12369.84",
        "lang": "ce",
        "refcode": "MPP 20.3"
      },
      {
        "para_id": "11223.1601",
        "lang": "cs",
        "refcode": "ZNP 189.6"
      },
      {
        "para_id": "11627.1604",
        "lang": "da",
        "refcode": "SLF 364.4"
      },
      {
        "para_id": "185.1799",
        "lang": "de",
        "refcode": "FA 364.5"
      },
      {
        "para_id": "788.1773",
        "lang": "de",
        "refcode": "SGA 293.3"
      },
      {
        "para_id": "1757.1675",
        "lang": "es",
        "refcode": "MC 277.3"
      },
      {
        "para_id": "13892.1596",
        "lang": "et",
        "refcode": "Tt 247.2"
      },
      {
        "para_id": "195.1732",
        "lang": "fr",
        "refcode": "MG 303.4"
      },
      {
        "para_id": "873.1312",
        "lang": "it",
        "refcode": "OGM 194.1"
      },
      {
        "para_id": "11600.1611",
        "lang": "nb",
        "refcode": "HOL 272.3"
      },
      {
        "para_id": "11984.1498",
        "lang": "pl",
        "refcode": "SWL 254.3"
      },
      {
        "para_id": "1808.1123",
        "lang": "pt",
        "refcode": "CBVc 154.6"
      },
      {
        "para_id": "11255.1726",
        "lang": "pt",
        "refcode": "CBV 335.3"
      },
      {
        "para_id": "2690.1892",
        "lang": "ro",
        "refcode": "DV 359.2"
      },
      {
        "para_id": "1829.1762",
        "lang": "ru",
        "refcode": "СИ 359.3"
      },
      {
        "para_id": "11183.1667",
        "lang": "sk",
        "refcode": "CZ 255.1"
      },
      {
        "para_id": "12374.1666",
        "lang": "sr",
        "refcode": "PBZ 223.1"
      },
      {
        "para_id": "12145.1702",
        "lang": "uk",
        "refcode": "СЗ 274.5"
      }
    ]
  },
  {
    "para_id": "135.1811",
    "id_prev": "135.1810",
    "id_next": "135.1812",
    "refcode_1": "MH",
    "refcode_2": "349",
    "refcode_3": "1",
    "refcode_4": "",
    "refcode_short": "MH 349.1",
    "refcode_long": "The Ministry of Healing, p. 349.1 (Ellen Gould White)",
    "element_type": "p",
    "element_subtype": "standard-indented",
    "content": "The restoration and uplifting of humanity begins in the home. The work of parents underlies every other. Society is composed of families, and is what the heads of families make it. Out of the heart are &ldquo;the issues of life&rdquo; (<span class=\"egwlink egwlink_bible\" title=\"Proverbs 4:23\" data-link=\"1965.33681\">Proverbs 4:23</span>); and the heart of the community, of the church, and of the nation is the household. The well-being of society, the success of the church, the prosperity of the nation, depend upon home influences.",
    "puborder": 1180,
    "translations": [
      {
        "para_id": "13845.1353",
        "lang": "bg",
        "refcode": "СВЛ 158.4"
      },
      {
        "para_id": "12369.88",
        "lang": "ce",
        "refcode": "MPP 21.1"
      },
      {
        "para_id": "11223.1602",
        "lang": "cs",
        "refcode": "ZNP 189.7"
      },
      {
        "para_id": "11627.1605",
        "lang": "da",
        "refcode": "SLF 364.5"
      },
      {
        "para_id": "11627.1609",
        "lang": "da",
        "refcode": "SLF 366.1"
      },
      {
        "para_id": "788.1775",
        "lang": "de",
        "refcode": "SGA 293.5"
      },
      {
        "para_id": "185.1800",
        "lang": "de",
        "refcode": "FA 364.6"
      },
      {
        "para_id": "788.1776",
        "lang": "de",
        "refcode": "SGA 293.6"
      },
      {
        "para_id": "788.1774",
        "lang": "de",
        "refcode": "SGA 293.4"
      },
      {
        "para_id": "788.1777",
        "lang": "de",
        "refcode": "SGA 293.7"
      },
      {
        "para_id": "1757.1676",
        "lang": "es",
        "refcode": "MC 277.4"
      },
      {
        "para_id": "13892.1597",
        "lang": "et",
        "refcode": "Tt 247.3"
      },
      {
        "para_id": "195.1733",
        "lang": "fr",
        "refcode": "MG 303.5"
      },
      {
        "para_id": "873.1313",
        "lang": "it",
        "refcode": "OGM 194.2"
      },
      {
        "para_id": "11600.1612",
        "lang": "nb",
        "refcode": "HOL 272.4"
      },
      {
        "para_id": "11984.1499",
        "lang": "pl",
        "refcode": "SWL 254.4"
      },
      {
        "para_id": "1808.1124",
        "lang": "pt",
        "refcode": "CBVc 154.7"
      },
      {
        "para_id": "11255.1729",
        "lang": "pt",
        "refcode": "CBV 337"
      },
      {
        "para_id": "2690.1893",
        "lang": "ro",
        "refcode": "DV 359.3"
      },
      {
        "para_id": "1829.1766",
        "lang": "ru",
        "refcode": "СИ 359.7"
      },
      {
        "para_id": "1829.1764",
        "lang": "ru",
        "refcode": "СИ 359.5"
      },
      {
        "para_id": "1829.1765",
        "lang": "ru",
        "refcode": "СИ 359.6"
      },
      {
        "para_id": "1829.1763",
        "lang": "ru",
        "refcode": "СИ 359.4"
      },
      {
        "para_id": "11183.1668",
        "lang": "sk",
        "refcode": "CZ 255.2"
      },
      {
        "para_id": "12374.1667",
        "lang": "sr",
        "refcode": "PBZ 223.2"
      },
      {
        "para_id": "12145.1704",
        "lang": "uk",
        "refcode": "СЗ 275.1"
      }
    ]
  },
  {
    "para_id": "135.1812",
    "id_prev": "135.1811",
    "id_next": "135.1814",
    "refcode_1": "MH",
    "refcode_2": "349",
    "refcode_3": "2",
    "refcode_4": "",
    "refcode_short": "MH 349.2",
    "refcode_long": "The Ministry of Healing, p. 349.2 (Ellen Gould White)",
    "element_type": "p",
    "element_subtype": "standard-indented",
    "content": "The importance and the opportunities of the home life are illustrated in the life of Jesus. He who came from heaven to be our example and teacher spent thirty years as a member of the household at Nazareth. Concerning these years the Bible record is very brief. No mighty miracles attracted the attention of the multitude. No eager throngs followed His steps or listened to His words. Yet during all these years He was fulfilling His divine mission. He lived as one of us, sharing the home life, submitting to its discipline, performing its duties, bearing its burdens. In the sheltering care of a humble home, participating in the experiences of our common lot, He &ldquo;increased in wisdom and stature, and in favor with God and man.&rdquo; <span class=\"egwlink egwlink_bible\" title=\"Luke 2:52\" data-link=\"1965.51070\">Luke 2:52</span>.",
    "puborder": 1181,
    "translations": [
      {
        "para_id": "13845.1354",
        "lang": "bg",
        "refcode": "СВЛ 158.5"
      },
      {
        "para_id": "12369.90",
        "lang": "ce",
        "refcode": "MPP 21.2"
      },
      {
        "para_id": "11223.1604",
        "lang": "cs",
        "refcode": "ZNP 189.8"
      },
      {
        "para_id": "11627.1609",
        "lang": "da",
        "refcode": "SLF 366.1"
      },
      {
        "para_id": "788.1778",
        "lang": "de",
        "refcode": "SGA 293.8"
      },
      {
        "para_id": "185.1805",
        "lang": "de",
        "refcode": "FA 366.1"
      },
      {
        "para_id": "1757.1678",
        "lang": "es",
        "refcode": "MC 278.1"
      },
      {
        "para_id": "13892.1598",
        "lang": "et",
        "refcode": "Tt 247.4"
      },
      {
        "para_id": "195.1736",
        "lang": "fr",
        "refcode": "MG 304.1"
      },
      {
        "para_id": "873.1314",
        "lang": "it",
        "refcode": "OGM 194.3"
      },
      {
        "para_id": "11600.1615",
        "lang": "nb",
        "refcode": "HOL 273.1"
      },
      {
        "para_id": "11984.1500",
        "lang": "pl",
        "refcode": "SWL 254.5"
      },
      {
        "para_id": "1808.1125",
        "lang": "pt",
        "refcode": "CBVc 154.8"
      },
      {
        "para_id": "11255.1729",
        "lang": "pt",
        "refcode": "CBV 337"
      },
      {
        "para_id": "2690.1894",
        "lang": "ro",
        "refcode": "DV 359.4"
      },
      {
        "para_id": "1829.1767",
        "lang": "ru",
        "refcode": "СИ 359.8"
      },
      {
        "para_id": "11183.1670",
        "lang": "sk",
        "refcode": "CZ 255.3"
      },
      {
        "para_id": "12374.1668",
        "lang": "sr",
        "refcode": "PBZ 223.3"
      },
      {
        "para_id": "12145.1705",
        "lang": "uk",
        "refcode": "СЗ 275.2"
      }
    ]
  },
  {
    "para_id": "135.1814",
    "id_prev": "135.1812",
    "id_next": "135.1815",
    "refcode_1": "MH",
    "refcode_2": "350",
    "refcode_3": "1",
    "refcode_4": "",
    "refcode_short": "MH 350.1",
    "refcode_long": "The Ministry of Healing, p. 350.1 (Ellen Gould White)",
    "element_type": "p",
    "element_subtype": "standard-indented",
    "content": "During all these secluded years His life flowed out in currents of sympathy and helpfulness. His unselfishness and patient endurance, His courage and faithfulness, His resistance of temptation, His unfailing peace and quiet joyfulness, were a constant inspiration. He brought a pure, sweet atmosphere into the home, and His life was as leaven working amidst the elements of society. None said that He had wrought a miracle; yet virtue&mdash;the healing, life-giving power of love&mdash;went out from Him to the tempted, the sick, and the disheartened. In an unobtrusive way, from His very childhood, He ministered to others, and because of this, when He began His public ministry, many heard Him gladly.",
    "puborder": 1182,
    "translations": []
  },
  {
    "para_id": "135.1815",
    "id_prev": "135.1814",
    "id_next": "135.1818",
    "refcode_1": "MH",
    "refcode_2": "350",
    "refcode_3": "2",
    "refcode_4": "",
    "refcode_short": "MH 350.2",
    "refcode_long": "The Ministry of Healing, p. 350.2 (Ellen Gould White)",
    "element_type": "p",
    "element_subtype": "standard-indented",
    "content": "The Saviour&apos;s early years are more than an example to the <span class=\"page-break\" data-page=\"351\"></span> youth. They are a lesson, and should be an encouragement, to every parent. The circle of family and neighborhood duties is the very first field of effort for those who would work for the uplifting of their fellow men. There is no more important field of effort than that committed to the founders and guardians of the home. No work entrusted to human beings involves greater or more far-reaching results than does the work of fathers and mothers.",
    "puborder": 1183,
    "translations": [
      {
        "para_id": "13845.1355",
        "lang": "bg",
        "refcode": "СВЛ 158.6"
      },
      {
        "para_id": "12369.91",
        "lang": "ce",
        "refcode": "MPP 21.3"
      },
      {
        "para_id": "11223.1607",
        "lang": "cs",
        "refcode": "ZNP 190.1"
      },
      {
        "para_id": "11627.1610",
        "lang": "da",
        "refcode": "SLF 366.2"
      },
      {
        "para_id": "788.1782",
        "lang": "de",
        "refcode": "SGA 294.3"
      },
      {
        "para_id": "788.1780",
        "lang": "de",
        "refcode": "SGA 294.1"
      },
      {
        "para_id": "185.1806",
        "lang": "de",
        "refcode": "FA 366.2"
      },
      {
        "para_id": "788.1781",
        "lang": "de",
        "refcode": "SGA 294.2"
      },
      {
        "para_id": "1757.1679",
        "lang": "es",
        "refcode": "MC 278.2"
      },
      {
        "para_id": "13892.1599",
        "lang": "et",
        "refcode": "Tt 247.5"
      },
      {
        "para_id": "195.1737",
        "lang": "fr",
        "refcode": "MG 304.2"
      },
      {
        "para_id": "873.1315",
        "lang": "it",
        "refcode": "OGM 194.4"
      },
      {
        "para_id": "11600.1616",
        "lang": "nb",
        "refcode": "HOL 273.2"
      },
      {
        "para_id": "11984.1501",
        "lang": "pl",
        "refcode": "SWL 254.6"
      },
      {
        "para_id": "11255.1731",
        "lang": "pt",
        "refcode": "CBV 337"
      },
      {
        "para_id": "1808.1127",
        "lang": "pt",
        "refcode": "CBVc 155.1"
      },
      {
        "para_id": "2690.1895",
        "lang": "ro",
        "refcode": "DV 359.5"
      },
      {
        "para_id": "1829.1770",
        "lang": "ru",
        "refcode": "СИ 360.1"
      },
      {
        "para_id": "11183.1671",
        "lang": "sk",
        "refcode": "CZ 255.4"
      },
      {
        "para_id": "12374.1669",
        "lang": "sr",
        "refcode": "PBZ 223.4"
      },
      {
        "para_id": "12145.1706",
        "lang": "uk",
        "refcode": "СЗ 275.3"
      }
    ]
  },
  {
    "para_id": "135.1818",
    "id_prev": "135.1815",
    "id_next": "135.1819",
    "refcode_1": "MH",
    "refcode_2": "351",
    "refcode_3": "1",
    "refcode_4": "",
    "refcode_short": "MH 351.1",
    "refcode_long": "The Ministry of Healing, p. 351.1 (Ellen Gould White)",
    "element_type": "p",
    "element_subtype": "standard-indented",
    "content": "It is by the youth and children of today that the future of society is to be determined, and what these youth and children shall be depends upon the home. To the lack of right home training may be traced the larger share of the disease and misery and crime that curse humanity. If the home life were pure and true, if the children who went forth from its care were prepared to meet life&apos;s responsibilities and dangers, what a change would be seen in the world!",
    "puborder": 1184,
    "translations": [
      {
        "para_id": "13845.1359",
        "lang": "bg",
        "refcode": "СВЛ 159.1"
      },
      {
        "para_id": "12369.98",
        "lang": "ce",
        "refcode": "MPP 23.1"
      },
      {
        "para_id": "11223.1610",
        "lang": "cs",
        "refcode": "ZNP 190.3"
      },
      {
        "para_id": "11627.1614",
        "lang": "da",
        "refcode": "SLF 367.2"
      },
      {
        "para_id": "185.1811",
        "lang": "de",
        "refcode": "FA 367.1"
      },
      {
        "para_id": "788.1785",
        "lang": "de",
        "refcode": "SGA 295.1"
      },
      {
        "para_id": "1757.1683",
        "lang": "es",
        "refcode": "MC 279.1"
      },
      {
        "para_id": "13892.1603",
        "lang": "et",
        "refcode": "Tt 248.2"
      },
      {
        "para_id": "195.1741",
        "lang": "fr",
        "refcode": "MG 305.1"
      },
      {
        "para_id": "873.1318",
        "lang": "it",
        "refcode": "OGM 195.1"
      },
      {
        "para_id": "11600.1620",
        "lang": "nb",
        "refcode": "HOL 274.1"
      },
      {
        "para_id": "11984.1505",
        "lang": "pl",
        "refcode": "SWL 255.2"
      },
      {
        "para_id": "1808.1129",
        "lang": "pt",
        "refcode": "CBVc 155.3"
      },
      {
        "para_id": "11255.1735",
        "lang": "pt",
        "refcode": "CBV 338.1"
      },
      {
        "para_id": "2690.1899",
        "lang": "ro",
        "refcode": "DV 360.2"
      },
      {
        "para_id": "1829.1773",
        "lang": "ru",
        "refcode": "СИ 361.1"
      },
      {
        "para_id": "11183.1676",
        "lang": "sk",
        "refcode": "CZ 256.2"
      },
      {
        "para_id": "12374.1673",
        "lang": "sr",
        "refcode": "PBZ 224.1"
      },
      {
        "para_id": "12145.1711",
        "lang": "uk",
        "refcode": "СЗ 276.1"
      }
    ]
  },
  {
    "para_id": "135.1819",
    "id_prev": "135.1818",
    "id_next": "135.1820",
    "refcode_1": "MH",
    "refcode_2": "351",
    "refcode_3": "2",
    "refcode_4": "",
    "refcode_short": "MH 351.2",
    "refcode_long": "The Ministry of Healing, p. 351.2 (Ellen Gould White)",
    "element_type": "p",
    "element_subtype": "standard-indented",
    "content": "Great efforts are put forth, time and money and labor almost without limit are expended, in enterprises and institutions for reforming the victims of evil habits. And even these efforts are inadequate to meet the great necessity. Yet how small is the result! How few are permanently reclaimed!",
    "puborder": 1185,
    "translations": [
      {
        "para_id": "12369.100",
        "lang": "ce",
        "refcode": "MPP 23.2"
      },
      {
        "para_id": "11223.1611",
        "lang": "cs",
        "refcode": "ZNP 190.4"
      },
      {
        "para_id": "11627.1615",
        "lang": "da",
        "refcode": "SLF 367.3"
      },
      {
        "para_id": "185.1812",
        "lang": "de",
        "refcode": "FA 367.2"
      },
      {
        "para_id": "788.1786",
        "lang": "de",
        "refcode": "SGA 295.2"
      },
      {
        "para_id": "1757.1684",
        "lang": "es",
        "refcode": "MC 279.2"
      },
      {
        "para_id": "13892.1604",
        "lang": "et",
        "refcode": "Tt 248.3"
      },
      {
        "para_id": "195.1742",
        "lang": "fr",
        "refcode": "MG 305.2"
      },
      {
        "para_id": "873.1319",
        "lang": "it",
        "refcode": "OGM 195.2"
      },
      {
        "para_id": "11600.1621",
        "lang": "nb",
        "refcode": "HOL 274.2"
      },
      {
        "para_id": "11984.1506",
        "lang": "pl",
        "refcode": "SWL 255.3"
      },
      {
        "para_id": "1808.1130",
        "lang": "pt",
        "refcode": "CBVc 155.4"
      },
      {
        "para_id": "11255.1735",
        "lang": "pt",
        "refcode": "CBV 338.1"
      },
      {
        "para_id": "2690.1901",
        "lang": "ro",
        "refcode": "DV 361.1"
      },
      {
        "para_id": "1829.1774",
        "lang": "ru",
        "refcode": "СИ 361.2"
      },
      {
        "para_id": "11183.1677",
        "lang": "sk",
        "refcode": "CZ 256.3"
      },
      {
        "para_id": "12374.1674",
        "lang": "sr",
        "refcode": "PBZ 224.2"
      },
      {
        "para_id": "12145.1712",
        "lang": "uk",
        "refcode": "СЗ 276.2"
      }
    ]
  },
  {
    "para_id": "135.1820",
    "id_prev": "135.1819",
    "id_next": "135.1821",
    "refcode_1": "MH",
    "refcode_2": "351",
    "refcode_3": "3",
    "refcode_4": "",
    "refcode_short": "MH 351.3",
    "refcode_long": "The Ministry of Healing, p. 351.3 (Ellen Gould White)",
    "element_type": "p",
    "element_subtype": "standard-indented",
    "content": "Multitudes long for a better life, but they lack courage and resolution to break away from the power of habit. They shrink from the effort and struggle and sacrifice demanded, and their lives are wrecked and ruined. Thus even men of the brightest minds, men of high aspirations and noble powers, otherwise fitted by nature and education to fill positions of trust and responsibility, are degraded and lost for this life and for the life to come.",
    "puborder": 1186,
    "translations": [
      {
        "para_id": "13845.1360",
        "lang": "bg",
        "refcode": "СВЛ 159.2"
      },
      {
        "para_id": "12369.101",
        "lang": "ce",
        "refcode": "MPP 23.3"
      },
      {
        "para_id": "11223.1612",
        "lang": "cs",
        "refcode": "ZNP 190.5"
      },
      {
        "para_id": "11627.1616",
        "lang": "da",
        "refcode": "SLF 367.4"
      },
      {
        "para_id": "788.1787",
        "lang": "de",
        "refcode": "SGA 295.3"
      },
      {
        "para_id": "185.1813",
        "lang": "de",
        "refcode": "FA 367.3"
      },
      {
        "para_id": "788.1788",
        "lang": "de",
        "refcode": "SGA 295.4"
      },
      {
        "para_id": "1757.1685",
        "lang": "es",
        "refcode": "MC 279.3"
      },
      {
        "para_id": "13892.1605",
        "lang": "et",
        "refcode": "Tt 248.4"
      },
      {
        "para_id": "195.1743",
        "lang": "fr",
        "refcode": "MG 305.3"
      },
      {
        "para_id": "873.1320",
        "lang": "it",
        "refcode": "OGM 195.3"
      },
      {
        "para_id": "873.1321",
        "lang": "it",
        "refcode": "OGM 195.4"
      },
      {
        "para_id": "11600.1622",
        "lang": "nb",
        "refcode": "HOL 274.3"
      },
      {
        "para_id": "11984.1507",
        "lang": "pl",
        "refcode": "SWL 255.4"
      },
      {
        "para_id": "1808.1131",
        "lang": "pt",
        "refcode": "CBVc 155.5"
      },
      {
        "para_id": "11255.1736",
        "lang": "pt",
        "refcode": "CBV 338.2"
      },
      {
        "para_id": "2690.1902",
        "lang": "ro",
        "refcode": "DV 361.2"
      },
      {
        "para_id": "1829.1775",
        "lang": "ru",
        "refcode": "СИ 361.3"
      },
      {
        "para_id": "11183.1678",
        "lang": "sk",
        "refcode": "CZ 256.4"
      },
      {
        "para_id": "12374.1675",
        "lang": "sr",
        "refcode": "PBZ 224.3"
      },
      {
        "para_id": "12145.1713",
        "lang": "uk",
        "refcode": "СЗ 276.3"
      }
    ]
  },
  {
    "para_id": "135.1821",
    "id_prev": "135.1820",
    "id_next": "135.1824",
    "refcode_1": "MH",
    "refcode_2": "351",
    "refcode_3": "4",
    "refcode_4": "",
    "refcode_short": "MH 351.4",
    "refcode_long": "The Ministry of Healing, p. 351.4 (Ellen Gould White)",
    "element_type": "p",
    "element_subtype": "standard-indented",
    "content": "For those who do reform, how bitter the struggle to regain their manhood! And all their life long, in a shattered constitution, a wavering will, impaired intellect, and weakened soul <span class=\"page-break\" data-page=\"352\"></span> power, many reap the harvest of their evil sowing. How much more might be accomplished if the evil were dealt with at the beginning!",
    "puborder": 1187,
    "translations": [
      {
        "para_id": "13845.1361",
        "lang": "bg",
        "refcode": "СВЛ 159.3"
      },
      {
        "para_id": "12369.105",
        "lang": "ce",
        "refcode": "MPP 24.1"
      },
      {
        "para_id": "11223.1615",
        "lang": "cs",
        "refcode": "ZNP 191.1"
      },
      {
        "para_id": "11627.1617",
        "lang": "da",
        "refcode": "SLF 367.5"
      },
      {
        "para_id": "788.1790",
        "lang": "de",
        "refcode": "SGA 295.6"
      },
      {
        "para_id": "788.1789",
        "lang": "de",
        "refcode": "SGA 295.5"
      },
      {
        "para_id": "185.1814",
        "lang": "de",
        "refcode": "FA 367.4"
      },
      {
        "para_id": "1757.1686",
        "lang": "es",
        "refcode": "MC 279.4"
      },
      {
        "para_id": "13892.1607",
        "lang": "et",
        "refcode": "Tt 249.1"
      },
      {
        "para_id": "195.1744",
        "lang": "fr",
        "refcode": "MG 305.4"
      },
      {
        "para_id": "873.1322",
        "lang": "it",
        "refcode": "OGM 195.5"
      },
      {
        "para_id": "11600.1623",
        "lang": "nb",
        "refcode": "HOL 274.4"
      },
      {
        "para_id": "11984.1510",
        "lang": "pl",
        "refcode": "SWL 256.1"
      },
      {
        "para_id": "11255.1737",
        "lang": "pt",
        "refcode": "CBV 338.3"
      },
      {
        "para_id": "1808.1132",
        "lang": "pt",
        "refcode": "CBVc 155.6"
      },
      {
        "para_id": "2690.1903",
        "lang": "ro",
        "refcode": "DV 361.3"
      },
      {
        "para_id": "1829.1776",
        "lang": "ru",
        "refcode": "СИ 361.4"
      },
      {
        "para_id": "11183.1679",
        "lang": "sk",
        "refcode": "CZ 256.5"
      },
      {
        "para_id": "12374.1676",
        "lang": "sr",
        "refcode": "PBZ 224.4"
      },
      {
        "para_id": "12145.1714",
        "lang": "uk",
        "refcode": "СЗ 276.4"
      }
    ]
  },
  {
    "para_id": "135.1824",
    "id_prev": "135.1821",
    "id_next": "135.1825",
    "refcode_1": "MH",
    "refcode_2": "352",
    "refcode_3": "1",
    "refcode_4": "",
    "refcode_short": "MH 352.1",
    "refcode_long": "The Ministry of Healing, p. 352.1 (Ellen Gould White)",
    "element_type": "p",
    "element_subtype": "standard-indented",
    "content": "This work rests, in a great degree, with parents. In the efforts put forth to stay the progress of intemperance and of other evils that are eating like a cancer in the social body, if more attention were given to teaching parents how to form the habits and character of their children, a hundredfold more good would result. Habit, which is so terrible a force for evil, it is in their power to make a force for good. They have to do with the stream at its source, and it rests with them to direct it rightly.",
    "puborder": 1188,
    "translations": [
      {
        "para_id": "13845.2100",
        "lang": "bg",
        "refcode": "СВЛ 159"
      },
      {
        "para_id": "12369.107",
        "lang": "ce",
        "refcode": "MPP 24"
      },
      {
        "para_id": "11223.1617",
        "lang": "cs",
        "refcode": "ZNP 191"
      },
      {
        "para_id": "788.1793",
        "lang": "de",
        "refcode": "SGA 296"
      },
      {
        "para_id": "185.1817",
        "lang": "de",
        "refcode": "FA 368"
      },
      {
        "para_id": "1757.1690",
        "lang": "es",
        "refcode": "MC 280"
      },
      {
        "para_id": "13892.1609",
        "lang": "et",
        "refcode": "Tt 249"
      },
      {
        "para_id": "195.1747",
        "lang": "fr",
        "refcode": "MG 306"
      },
      {
        "para_id": "873.1324",
        "lang": "it",
        "refcode": "OGM 195"
      },
      {
        "para_id": "11600.1627",
        "lang": "nb",
        "refcode": "HOL 275"
      },
      {
        "para_id": "1808.1136",
        "lang": "pt",
        "refcode": "CBVc 156.2"
      },
      {
        "para_id": "11255.1738",
        "lang": "pt",
        "refcode": "CBV 338.4"
      },
      {
        "para_id": "2690.1905",
        "lang": "ro",
        "refcode": "DV 361.5"
      },
      {
        "para_id": "1829.1779",
        "lang": "ru",
        "refcode": "СИ 362"
      },
      {
        "para_id": "11183.1683",
        "lang": "sk",
        "refcode": "CZ 257"
      },
      {
        "para_id": "12374.1678",
        "lang": "sr",
        "refcode": "PBZ 224"
      },
      {
        "para_id": "12145.1718",
        "lang": "uk",
        "refcode": "СЗ 277"
      }
    ]
  },
  {
    "para_id": "135.1825",
    "id_prev": "135.1824",
    "id_next": "135.1826",
    "refcode_1": "MH",
    "refcode_2": "352",
    "refcode_3": "2",
    "refcode_4": "",
    "refcode_short": "MH 352.2",
    "refcode_long": "The Ministry of Healing, p. 352.2 (Ellen Gould White)",
    "element_type": "p",
    "element_subtype": "standard-indented",
    "content": "Parents may lay for their children the foundation for a healthy, happy life. They may send them forth from their homes with moral stamina to resist temptation, and courage and strength to wrestle successfully with life&apos;s problems. They may inspire in them the purpose and develop the power to make their lives an honor to God and a blessing to the world. They may make straight paths for their feet, through sunshine and shadow, to the glorious heights above.",
    "puborder": 1189,
    "translations": [
      {
        "para_id": "13845.1363",
        "lang": "bg",
        "refcode": "СВЛ 159.5"
      },
      {
        "para_id": "12369.108",
        "lang": "ce",
        "refcode": "MPP 24.3"
      },
      {
        "para_id": "11223.1618",
        "lang": "cs",
        "refcode": "ZNP 191.3"
      },
      {
        "para_id": "11627.1621",
        "lang": "da",
        "refcode": "SLF 368.2"
      },
      {
        "para_id": "185.1818",
        "lang": "de",
        "refcode": "FA 368.2"
      },
      {
        "para_id": "788.1794",
        "lang": "de",
        "refcode": "SGA 296.1"
      },
      {
        "para_id": "1757.1691",
        "lang": "es",
        "refcode": "MC 280.1"
      },
      {
        "para_id": "13892.1610",
        "lang": "et",
        "refcode": "Tt 249.3"
      },
      {
        "para_id": "195.1748",
        "lang": "fr",
        "refcode": "MG 306.2"
      },
      {
        "para_id": "873.1325",
        "lang": "it",
        "refcode": "OGM 195.7"
      },
      {
        "para_id": "11600.1628",
        "lang": "nb",
        "refcode": "HOL 275.1"
      },
      {
        "para_id": "11984.1512",
        "lang": "pl",
        "refcode": "SWL 256.3"
      },
      {
        "para_id": "11255.1741",
        "lang": "pt",
        "refcode": "CBV 339.1"
      },
      {
        "para_id": "1808.1136",
        "lang": "pt",
        "refcode": "CBVc 156.2"
      },
      {
        "para_id": "2690.1907",
        "lang": "ro",
        "refcode": "DV 362"
      },
      {
        "para_id": "1829.1780",
        "lang": "ru",
        "refcode": "СИ 362.1"
      },
      {
        "para_id": "11183.1684",
        "lang": "sk",
        "refcode": "CZ 257.2"
      },
      {
        "para_id": "12374.1679",
        "lang": "sr",
        "refcode": "PBZ 224.6"
      },
      {
        "para_id": "12145.1719",
        "lang": "uk",
        "refcode": "СЗ 277.2"
      }
    ]
  },
  {
    "para_id": "135.1826",
    "id_prev": "135.1825",
    "id_next": "135.1827",
    "refcode_1": "MH",
    "refcode_2": "352",
    "refcode_3": "3",
    "refcode_4": "",
    "refcode_short": "MH 352.3",
    "refcode_long": "The Ministry of Healing, p. 352.3 (Ellen Gould White)",
    "element_type": "p",
    "element_subtype": "standard-indented",
    "content": "The mission of the home extends beyond its own members. The Christian home is to be an object lesson, illustrating the excellence of the true principles of life. Such an illustration will be a power for good in the world. Far more powerful than any sermon that can be preached is the influence of a true home upon human hearts and lives. As the youth go out from such a home, the lessons they have learned are imparted. Nobler principles of life are introduced into other households, and an uplifting influence works in the community.",
    "puborder": 1190,
    "translations": [
      {
        "para_id": "13845.1364",
        "lang": "bg",
        "refcode": "СВЛ 159.6"
      },
      {
        "para_id": "12369.111",
        "lang": "ce",
        "refcode": "MPP 25.1"
      },
      {
        "para_id": "11223.1619",
        "lang": "cs",
        "refcode": "ZNP 191.4"
      },
      {
        "para_id": "11627.1622",
        "lang": "da",
        "refcode": "SLF 368.3"
      },
      {
        "para_id": "788.1795",
        "lang": "de",
        "refcode": "SGA 296.2"
      },
      {
        "para_id": "185.1819",
        "lang": "de",
        "refcode": "FA 368.3"
      },
      {
        "para_id": "1757.1692",
        "lang": "es",
        "refcode": "MC 280.2"
      },
      {
        "para_id": "13892.1611",
        "lang": "et",
        "refcode": "Tt 249.4"
      },
      {
        "para_id": "195.1749",
        "lang": "fr",
        "refcode": "MG 306.3"
      },
      {
        "para_id": "873.1327",
        "lang": "it",
        "refcode": "OGM 196.1"
      },
      {
        "para_id": "11600.1629",
        "lang": "nb",
        "refcode": "HOL 275.2"
      },
      {
        "para_id": "11984.1513",
        "lang": "pl",
        "refcode": "SWL 256.4"
      },
      {
        "para_id": "1808.1137",
        "lang": "pt",
        "refcode": "CBVc 156.3"
      },
      {
        "para_id": "11255.1742",
        "lang": "pt",
        "refcode": "CBV 339.2"
      },
      {
        "para_id": "2690.1908",
        "lang": "ro",
        "refcode": "DV 362.1"
      },
      {
        "para_id": "1829.1781",
        "lang": "ru",
        "refcode": "СИ 362.2"
      },
      {
        "para_id": "11183.1685",
        "lang": "sk",
        "refcode": "CZ 257.3"
      },
      {
        "para_id": "12374.1680",
        "lang": "sr",
        "refcode": "PBZ 224.7"
      },
      {
        "para_id": "12145.1720",
        "lang": "uk",
        "refcode": "СЗ 277.3"
      }
    ]
  },
  {
    "para_id": "135.1827",
    "id_prev": "135.1826",
    "id_next": "135.1830",
    "refcode_1": "MH",
    "refcode_2": "352",
    "refcode_3": "4",
    "refcode_4": "",
    "refcode_short": "MH 352.4",
    "refcode_long": "The Ministry of Healing, p. 352.4 (Ellen Gould White)",
    "element_type": "p",
    "element_subtype": "standard-indented",
    "content": "There are many others to whom we might make our homes a blessing. Our social entertainments should not be governed by the dictates of worldly custom, but by the Spirit of Christ <span class=\"page-break\" data-page=\"353\"></span> and the teaching of His word. The Israelites, in all their festivities, included the poor, the stranger, and the Levite, who was both the assistant of the priest in the sanctuary, and a religious teacher and missionary. These were regarded as the guests of the people, to share their hospitality on all occasions of social and religious rejoicing, and to be tenderly cared for in sickness or in need. It is such as these whom we should make welcome to our homes. How much such a welcome might do to cheer and encourage the missionary nurse or the teacher, the care-burdened, hard-working mother, or the feeble and aged, so often without a home, and struggling with poverty and many discouragements.",
    "puborder": 1191,
    "translations": [
      {
        "para_id": "13845.1365",
        "lang": "bg",
        "refcode": "СВЛ 159.7"
      },
      {
        "para_id": "12369.112",
        "lang": "ce",
        "refcode": "MPP 25.2"
      },
      {
        "para_id": "11223.1620",
        "lang": "cs",
        "refcode": "ZNP 191.5"
      },
      {
        "para_id": "11627.1623",
        "lang": "da",
        "refcode": "SLF 368.4"
      },
      {
        "para_id": "788.1797",
        "lang": "de",
        "refcode": "SGA 296.4"
      },
      {
        "para_id": "788.1796",
        "lang": "de",
        "refcode": "SGA 296.3"
      },
      {
        "para_id": "185.1820",
        "lang": "de",
        "refcode": "FA 368.4"
      },
      {
        "para_id": "1757.1693",
        "lang": "es",
        "refcode": "MC 280.3"
      },
      {
        "para_id": "13892.1612",
        "lang": "et",
        "refcode": "Tt 249.5"
      },
      {
        "para_id": "195.1750",
        "lang": "fr",
        "refcode": "MG 306.4"
      },
      {
        "para_id": "873.1328",
        "lang": "it",
        "refcode": "OGM 196.2"
      },
      {
        "para_id": "11600.1630",
        "lang": "nb",
        "refcode": "HOL 275.3"
      },
      {
        "para_id": "11984.1514",
        "lang": "pl",
        "refcode": "SWL 256.5"
      },
      {
        "para_id": "11255.1743",
        "lang": "pt",
        "refcode": "CBV 339.3"
      },
      {
        "para_id": "1808.1138",
        "lang": "pt",
        "refcode": "CBVc 156.4"
      },
      {
        "para_id": "2690.1909",
        "lang": "ro",
        "refcode": "DV 362.2"
      },
      {
        "para_id": "1829.1782",
        "lang": "ru",
        "refcode": "СИ 362.3"
      },
      {
        "para_id": "11183.1686",
        "lang": "sk",
        "refcode": "CZ 257.4"
      },
      {
        "para_id": "12374.1681",
        "lang": "sr",
        "refcode": "PBZ 224.8"
      },
      {
        "para_id": "12145.1721",
        "lang": "uk",
        "refcode": "СЗ 277.4"
      }
    ]
  },
  {
    "para_id": "135.1830",
    "id_prev": "135.1827",
    "id_next": "135.1833",
    "refcode_1": "MH",
    "refcode_2": "353",
    "refcode_3": "1",
    "refcode_4": "",
    "refcode_short": "MH 353.1",
    "refcode_long": "The Ministry of Healing, p. 353.1 (Ellen Gould White)",
    "element_type": "p",
    "element_subtype": "standard-indented",
    "content": "&ldquo;When thou makest a dinner or a supper,&rdquo; Christ says, &ldquo;call not thy friends, nor thy brethren, neither thy kinsmen, nor thy rich neighbors; lest they also bid thee again, and a recompense be made thee. But when thou makest a feast, call <span class=\"page-break\" data-page=\"354\"></span> the poor, the maimed, the lame, the blind: and thou shalt be blessed; for they cannot recompense thee: for thou shalt be recompensed at the resurrection of the just.&rdquo; <span class=\"egwlink egwlink_bible\" title=\"Luke 14:12\" data-link=\"1965.52162\">Luke 14:12-14</span>.",
    "puborder": 1192,
    "translations": []
  },
  {
    "para_id": "135.1833",
    "id_prev": "135.1830",
    "id_next": "135.1834",
    "refcode_1": "MH",
    "refcode_2": "354",
    "refcode_3": "1",
    "refcode_4": "",
    "refcode_short": "MH 354.1",
    "refcode_long": "The Ministry of Healing, p. 354.1 (Ellen Gould White)",
    "element_type": "p",
    "element_subtype": "standard-indented",
    "content": "These are guests whom it will lay on you no great burden to receive. You will not need to provide for them elaborate or expensive entertainment. You will need to make no effort at display. The warmth of a genial welcome, a place at your fireside, a seat at your home table, the privilege of sharing the blessing of the hour of prayer, would to many of these be like a glimpse of heaven.",
    "puborder": 1193,
    "translations": [
      {
        "para_id": "13845.1370",
        "lang": "bg",
        "refcode": "СВЛ 160.2"
      },
      {
        "para_id": "12369.117",
        "lang": "ce",
        "refcode": "MPP 27.2"
      },
      {
        "para_id": "11223.1624",
        "lang": "cs",
        "refcode": "ZNP 192.2"
      },
      {
        "para_id": "11627.1627",
        "lang": "da",
        "refcode": "SLF 369.2"
      },
      {
        "para_id": "788.1802",
        "lang": "de",
        "refcode": "SGA 297.3"
      },
      {
        "para_id": "185.1824",
        "lang": "de",
        "refcode": "FA 369.2"
      },
      {
        "para_id": "1757.1697",
        "lang": "es",
        "refcode": "MC 281.2"
      },
      {
        "para_id": "13892.1619",
        "lang": "et",
        "refcode": "Tt 251.2"
      },
      {
        "para_id": "195.1754",
        "lang": "fr",
        "refcode": "MG 307.2"
      },
      {
        "para_id": "873.1333",
        "lang": "it",
        "refcode": "OGM 196.6"
      },
      {
        "para_id": "11600.1634",
        "lang": "nb",
        "refcode": "HOL 276.2"
      },
      {
        "para_id": "11984.1518",
        "lang": "pl",
        "refcode": "SWL 257.2"
      },
      {
        "para_id": "1808.1142",
        "lang": "pt",
        "refcode": "CBVc 157.2"
      },
      {
        "para_id": "11255.1747",
        "lang": "pt",
        "refcode": "CBV 340"
      },
      {
        "para_id": "2690.1914",
        "lang": "ro",
        "refcode": "DV 363.1"
      },
      {
        "para_id": "1829.1787",
        "lang": "ru",
        "refcode": "СИ 363.2"
      },
      {
        "para_id": "11183.1690",
        "lang": "sk",
        "refcode": "CZ 258.2"
      },
      {
        "para_id": "12374.1686",
        "lang": "sr",
        "refcode": "PBZ 226.1"
      },
      {
        "para_id": "12145.1729",
        "lang": "uk",
        "refcode": "СЗ 279.2"
      }
    ]
  },
  {
    "para_id": "135.1834",
    "id_prev": "135.1833",
    "id_next": "135.1835",
    "refcode_1": "MH",
    "refcode_2": "354",
    "refcode_3": "2",
    "refcode_4": "",
    "refcode_short": "MH 354.2",
    "refcode_long": "The Ministry of Healing, p. 354.2 (Ellen Gould White)",
    "element_type": "p",
    "element_subtype": "standard-indented",
    "content": "Our sympathies are to overflow the boundaries of self and the enclosure of family walls. There are precious opportunities for those who will make their homes a blessing to others. Social influence is a wonderful power. We can use it if we will as a means of helping those about us.",
    "puborder": 1194,
    "translations": []
  },
  {
    "para_id": "135.1835",
    "id_prev": "135.1834",
    "id_next": "135.1836",
    "refcode_1": "MH",
    "refcode_2": "354",
    "refcode_3": "3",
    "refcode_4": "",
    "refcode_short": "MH 354.3",
    "refcode_long": "The Ministry of Healing, p. 354.3 (Ellen Gould White)",
    "element_type": "p",
    "element_subtype": "standard-indented",
    "content": "Our homes should be a place of refuge for the tempted youth. Many there are who stand at the parting of the ways. Every influence, every impression, is determining the choice that shapes their destiny both here and hereafter. Evil invites them. Its resorts are made bright and attractive. They have a welcome for every comer. All about us are youth who have no home, and many whose homes have no helpful, uplifting power, and the youth drift into evil. They are going down to ruin within the very shadow of our own doors.",
    "puborder": 1195,
    "translations": [
      {
        "para_id": "13845.1371",
        "lang": "bg",
        "refcode": "СВЛ 160.3"
      },
      {
        "para_id": "12369.121",
        "lang": "ce",
        "refcode": "MPP 28.1"
      },
      {
        "para_id": "11223.1625",
        "lang": "cs",
        "refcode": "ZNP 192.3"
      },
      {
        "para_id": "11627.1628",
        "lang": "da",
        "refcode": "SLF 369.3"
      },
      {
        "para_id": "185.1827",
        "lang": "de",
        "refcode": "FA 370.1"
      },
      {
        "para_id": "788.1803",
        "lang": "de",
        "refcode": "SGA 297.4"
      },
      {
        "para_id": "1757.1698",
        "lang": "es",
        "refcode": "MC 281.3"
      },
      {
        "para_id": "13892.1620",
        "lang": "et",
        "refcode": "Tt 251.3"
      },
      {
        "para_id": "195.1755",
        "lang": "fr",
        "refcode": "MG 307.3"
      },
      {
        "para_id": "873.1333",
        "lang": "it",
        "refcode": "OGM 196.6"
      },
      {
        "para_id": "11600.1638",
        "lang": "nb",
        "refcode": "HOL 277.1"
      },
      {
        "para_id": "11984.1519",
        "lang": "pl",
        "refcode": "SWL 257.3"
      },
      {
        "para_id": "11255.1749",
        "lang": "pt",
        "refcode": "CBV 340.2"
      },
      {
        "para_id": "1808.1143",
        "lang": "pt",
        "refcode": "CBVc 157.3"
      },
      {
        "para_id": "2690.1915",
        "lang": "ro",
        "refcode": "DV 363.2"
      },
      {
        "para_id": "1829.1789",
        "lang": "ru",
        "refcode": "СИ 364.1"
      },
      {
        "para_id": "11183.1691",
        "lang": "sk",
        "refcode": "CZ 258.3"
      },
      {
        "para_id": "12374.1687",
        "lang": "sr",
        "refcode": "PBZ 226.2"
      },
      {
        "para_id": "12145.1732",
        "lang": "uk",
        "refcode": "СЗ 280.1"
      }
    ]
  },
  {
    "para_id": "135.1836",
    "id_prev": "135.1835",
    "id_next": "135.1839",
    "refcode_1": "MH",
    "refcode_2": "354",
    "refcode_3": "4",
    "refcode_4": "",
    "refcode_short": "MH 354.4",
    "refcode_long": "The Ministry of Healing, p. 354.4 (Ellen Gould White)",
    "element_type": "p",
    "element_subtype": "standard-indented",
    "content": "These youth need a hand stretched out to them in sympathy. Kind words simply spoken, little attentions simply bestowed, will sweep away the clouds of temptation which gather over the soul. The true expression of heaven-born sympathy has power to open the door of hearts that need the fragrance of Christlike words, and the simple, delicate touch of the spirit of Christ&apos;s love. If we would show an interest in the youth, invite them to our homes, and surround them with <span class=\"page-break\" data-page=\"355\"></span> cheering, helpful influences, there are many who would gladly turn their steps into the upward path.",
    "puborder": 1196,
    "translations": [
      {
        "para_id": "13845.1372",
        "lang": "bg",
        "refcode": "СВЛ 160.4"
      },
      {
        "para_id": "12369.121",
        "lang": "ce",
        "refcode": "MPP 28.1"
      },
      {
        "para_id": "11223.1626",
        "lang": "cs",
        "refcode": "ZNP 192.4"
      },
      {
        "para_id": "11627.1631",
        "lang": "da",
        "refcode": "SLF 370.1"
      },
      {
        "para_id": "185.1828",
        "lang": "de",
        "refcode": "FA 370.2"
      },
      {
        "para_id": "788.1806",
        "lang": "de",
        "refcode": "SGA 298.1"
      },
      {
        "para_id": "1757.1701",
        "lang": "es",
        "refcode": "MC 282.1"
      },
      {
        "para_id": "13892.1623",
        "lang": "et",
        "refcode": "Tt 252.1"
      },
      {
        "para_id": "195.1758",
        "lang": "fr",
        "refcode": "MG 308.1"
      },
      {
        "para_id": "873.1333",
        "lang": "it",
        "refcode": "OGM 196.6"
      },
      {
        "para_id": "11600.1639",
        "lang": "nb",
        "refcode": "HOL 277.2"
      },
      {
        "para_id": "11984.1522",
        "lang": "pl",
        "refcode": "SWL 258.1"
      },
      {
        "para_id": "11255.1750",
        "lang": "pt",
        "refcode": "The Ministry of Healing"
      },
      {
        "para_id": "1808.1144",
        "lang": "pt",
        "refcode": "CBVc 157.4"
      },
      {
        "para_id": "2690.1917",
        "lang": "ro",
        "refcode": "DV 364.1"
      },
      {
        "para_id": "1829.1790",
        "lang": "ru",
        "refcode": "СИ 364.2"
      },
      {
        "para_id": "11183.1692",
        "lang": "sk",
        "refcode": "CZ 258.4"
      },
      {
        "para_id": "12145.1733",
        "lang": "uk",
        "refcode": "СЗ 280.2"
      }
    ]
  }
]