[
  {
    "para_id": "14820.133",
    "id_prev": "14820.131",
    "id_next": "14820.134",
    "refcode_1": "JTLD",
    "refcode_2": "29",
    "refcode_3": "",
    "refcode_4": "22",
    "refcode_short": "JTLD 29",
    "refcode_long": "My Journey to Life - Daily Study Guide, p. 29 (Ellen G. White Estate)",
    "element_type": "h3",
    "element_subtype": "",
    "content": "Q8. Is Jesus the only Savior, or can there be others?",
    "puborder": 106,
    "translations": []
  },
  {
    "para_id": "14820.134",
    "id_prev": "14820.133",
    "id_next": "14820.135",
    "refcode_1": "JTLD",
    "refcode_2": "29",
    "refcode_3": "1",
    "refcode_4": "",
    "refcode_short": "JTLD 29.1",
    "refcode_long": "My Journey to Life - Daily Study Guide, p. 29.1 (Ellen G. White Estate)",
    "element_type": "p",
    "element_subtype": "standard-indented",
    "content": "<a href=\"https://media2.egwwritings.org/images/14820/step_2_our_savior/q8_our_savior.webp\" alt=\"Q8. Is Jesus the only Savior, or can there be others?\" title=\"Q8. Is Jesus the only Savior, or can there be others?\" data-link=\"https://egw.bz/go?uri=https%3a%2f%2fmedia2.egwwritings.org%2fimages%2f14820%2fstep_2_our_savior%2fq8_our_savior.webp\" class=\"egwlink egwlink_external\">Picture:</a> Q8. Is Jesus the only Savior, or can there be others?",
    "puborder": 107,
    "translations": []
  },
  {
    "para_id": "14820.135",
    "id_prev": "14820.134",
    "id_next": "14820.136",
    "refcode_1": "JTLD",
    "refcode_2": "29",
    "refcode_3": "2",
    "refcode_4": "",
    "refcode_short": "JTLD 29.2",
    "refcode_long": "My Journey to Life - Daily Study Guide, p. 29.2 (Ellen G. White Estate)",
    "element_type": "p",
    "element_subtype": "standard-indented",
    "content": "Only in Jesus do we find the perfect blend of justice and mercy. The law of God demands justice for sin (death) and the grace of God requires mercy (life). In Jesus, the crucified Savior, these two attributes are uniquely blended and provide the only way for humanity to be reconciled forever to God.",
    "puborder": 108,
    "translations": []
  },
  {
    "para_id": "14820.136",
    "id_prev": "14820.135",
    "id_next": "14820.138",
    "refcode_1": "JTLD",
    "refcode_2": "29",
    "refcode_3": "",
    "refcode_4": "",
    "refcode_short": "JTLD 29",
    "refcode_long": "My Journey to Life - Daily Study Guide, p. 29 (Ellen G. White Estate)",
    "element_type": "ul",
    "element_subtype": "standard-indented",
    "content": "<li><b>Bible Discovery: </b> <span title=\"Acts 4:12\" class=\"egwlink egwlink_bible\" data-link=\"1965.55137\">Acts 4:12</span>; <span title=\"Acts 13:23\" class=\"egwlink egwlink_bible\" data-link=\"1965.55848\">13:23</span>; <span title=\"1 Corinthians 3:11\" class=\"egwlink egwlink_bible\" data-link=\"1965.57956\">1 Corinthians 3:11</span>; <span title=\"Ephesians 5:23\" class=\"egwlink egwlink_bible\" data-link=\"1965.59808\">Ephesians 5:23</span>; <span title=\"1 Timothy 4:10\" class=\"egwlink egwlink_bible\" data-link=\"1965.60694\">1 Timothy 4:10</span>; <span title=\"1 John 4:14\" class=\"egwlink egwlink_bible\" data-link=\"1965.62462\">1 John 4:14</span>; <span title=\"Revelation 5:2\" class=\"egwlink egwlink_bible\" data-link=\"1965.62803\">Revelation 5:2</span>, <span title=\"Revelation 5:5\" class=\"egwlink egwlink_bible\" data-link=\"1965.62809\">5</span></li><li><b>Further Reading: </b> Ellen G. White, <span class=\"egwlink egwlink_book\" title=\"DA 175.4\" data-link=\"130.780\"><i>The Desire of Ages,</i> p. 175.4</span></li>",
    "puborder": 109,
    "translations": []
  }
]