[
  {
    "para_id": "14820.1520",
    "id_prev": "14820.1518",
    "id_next": "14820.1521",
    "refcode_1": "JTLD",
    "refcode_2": "260",
    "refcode_3": "",
    "refcode_4": "236",
    "refcode_short": "JTLD 260",
    "refcode_long": "My Journey to Life - Daily Study Guide, p. 260 (Ellen G. White Estate)",
    "element_type": "h3",
    "element_subtype": "",
    "content": "B19: What We Believe",
    "puborder": 1262,
    "translations": []
  },
  {
    "para_id": "14820.1521",
    "id_prev": "14820.1520",
    "id_next": "14820.1522",
    "refcode_1": "JTLD",
    "refcode_2": "260",
    "refcode_3": "1",
    "refcode_4": "",
    "refcode_short": "JTLD 260.1",
    "refcode_long": "My Journey to Life - Daily Study Guide, p. 260.1 (Ellen G. White Estate)",
    "element_type": "p",
    "element_subtype": "standard-indented",
    "content": "<a href=\"https://media2.egwwritings.org/images/14820/step_19_christian_behavior/b19_christian_behavior.webp\" alt=\"B19: What We Believe\" title=\"B19: What We Believe\" data-link=\"https://egw.bz/go?uri=https%3a%2f%2fmedia2.egwwritings.org%2fimages%2f14820%2fstep_19_christian_behavior%2fb19_christian_behavior.webp\" class=\"egwlink egwlink_external\">Picture:</a> B19: What We Believe",
    "puborder": 1263,
    "translations": []
  },
  {
    "para_id": "14820.1522",
    "id_prev": "14820.1521",
    "id_next": "14820.1523",
    "refcode_1": "JTLD",
    "refcode_2": "260",
    "refcode_3": "2",
    "refcode_4": "",
    "refcode_short": "JTLD 260.2",
    "refcode_long": "My Journey to Life - Daily Study Guide, p. 260.2 (Ellen G. White Estate)",
    "element_type": "p",
    "element_subtype": "standard-indented",
    "content": "&ldquo;We are called to be a godly people who think, feel, and act in harmony with biblical principles in all aspects of personal and social life. For the Spirit to recreate in us the character of our Lord, we involve ourselves only in those things that will produce Christlike purity, health, and joy in our lives. This means that our amusement and entertainment should meet the highest standards of Christian taste and beauty. While recognizing cultural differences, our dress is to be simple, modest, and neat, befitting those whose true beauty does not consist of outward adornment but in the imperishable ornament of a gentle and quiet spirit. It also means that because our bodies are the temples of the Holy Spirit, we are to care for them intelligently. Along with adequate exercise and rest, we are to adopt the most healthful diet possible and abstain from the unclean foods identified in the Scriptures. Since alcoholic beverages, tobacco, and the irresponsible use of drugs and narcotics are harmful to our bodies, we are to abstain from them as well. Instead, we are to engage in whatever brings our thoughts and bodies into the discipline of Christ, who desires our wholesomeness, joy, and goodness.&rdquo;&mdash;<i>Seventh-day Adventists Believe</i>, p. 317",
    "puborder": 1264,
    "translations": []
  },
  {
    "para_id": "14820.1523",
    "id_prev": "14820.1522",
    "id_next": "14820.1525",
    "refcode_1": "JTLD",
    "refcode_2": "260",
    "refcode_3": "",
    "refcode_4": "",
    "refcode_short": "JTLD 260",
    "refcode_long": "My Journey to Life - Daily Study Guide, p. 260 (Ellen G. White Estate)",
    "element_type": "ul",
    "element_subtype": "standard-indented",
    "content": "<li><b>Bible Discovery: </b> <span title=\"Genesis 7:2\" class=\"egwlink egwlink_bible\" data-link=\"1965.333\">Genesis 7:2</span>; <span title=\"Exodus 20:15\" class=\"egwlink egwlink_bible\" data-link=\"1965.4207\">Exodus 20:15</span>; <span title=\"Leviticus 11:1\" class=\"egwlink egwlink_bible\" data-link=\"1965.6103\">Leviticus 11:1</span>-<span title=\"Leviticus 11:47\" class=\"egwlink egwlink_bible\" data-link=\"1965.6195\">47</span>; <span title=\"Psalms 106:3\" class=\"egwlink egwlink_bible\" data-link=\"1965.31914\">Psalms 106:3</span>; <span title=\"Romans 12:1\" class=\"egwlink egwlink_bible\" data-link=\"1965.57598\">Romans 12:1</span>, <span title=\"Romans 12:2\" class=\"egwlink egwlink_bible\" data-link=\"1965.57600\">2</span>; <span title=\"1 Corinthians 6:19\" class=\"egwlink egwlink_bible\" data-link=\"1965.58089\">1 Corinthians 6:19</span>, <span title=\"1 Corinthians 6:20\" class=\"egwlink egwlink_bible\" data-link=\"1965.58091\">20</span>; <span title=\"1 Corinthians 10:31\" class=\"egwlink egwlink_bible\" data-link=\"1965.58317\">10:31</span>; <span title=\"2 Corinthians 6:14\" class=\"egwlink egwlink_bible\" data-link=\"1965.58958\">2 Corinthians 6:14</span>-<span title=\"2 Corinthians 7:1\" class=\"egwlink egwlink_bible\" data-link=\"1965.58969\">7:1</span>; <span title=\"2 Corinthians 10:5\" class=\"egwlink egwlink_bible\" data-link=\"1965.59090\">10:5</span>; <span title=\"Ephesians 5:1\" class=\"egwlink egwlink_bible\" data-link=\"1965.59764\">Ephesians 5:1</span>-<span title=\"Ephesians 5:21\" class=\"egwlink egwlink_bible\" data-link=\"1965.59804\">21</span>; <span title=\"Philippians 2:4\" class=\"egwlink egwlink_bible\" data-link=\"1965.59948\">Philippians 2:4</span>; <span title=\"Philippians 4:8\" class=\"egwlink egwlink_bible\" data-link=\"1965.60060\">4:8</span>; <span title=\"1 Timothy 2:9\" class=\"egwlink egwlink_bible\" data-link=\"1965.60628\">1 Timothy 2:9</span>, <span title=\"1 Timothy 2:10\" class=\"egwlink egwlink_bible\" data-link=\"1965.60630\">10</span>; <span title=\"Titus 2:11\" class=\"egwlink egwlink_bible\" data-link=\"1965.61028\">Titus 2:11</span>, <span title=\"Titus 2:12\" class=\"egwlink egwlink_bible\" data-link=\"1965.61030\">12</span>; <span title=\"1 Peter 3:1\" class=\"egwlink egwlink_bible\" data-link=\"1965.62067\">1 Peter 3:1</span>-<span title=\"1 Peter 3:4\" class=\"egwlink egwlink_bible\" data-link=\"1965.62073\">4</span>; <span title=\"1 John 2:6\" class=\"egwlink egwlink_bible\" data-link=\"1965.62338\">1 John 2:6</span>; <span title=\"3 John 1:2\" class=\"egwlink egwlink_bible\" data-link=\"1965.62553\">3 John 1:2</span></li><li><b>Further Reading: </b> Ellen G. White, <span class=\"egwlink egwlink_book\" title=\"1SM 198.1\" data-link=\"98.1218\"><i>Selected Messages,</i> bk. 1, p. 198.1</span></li>",
    "puborder": 1265,
    "translations": []
  }
]