[
  {
    "para_id": "14820.1068",
    "id_prev": "14820.1066",
    "id_next": "14820.1069",
    "refcode_1": "JTLD",
    "refcode_2": "191",
    "refcode_3": "",
    "refcode_4": "172",
    "refcode_short": "JTLD 191",
    "refcode_long": "My Journey to Life - Daily Study Guide, p. 191 (Ellen G. White Estate)",
    "element_type": "h3",
    "element_subtype": "",
    "content": "Q1. Where did marriage originate?",
    "puborder": 879,
    "translations": []
  },
  {
    "para_id": "14820.1069",
    "id_prev": "14820.1068",
    "id_next": "14820.1070",
    "refcode_1": "JTLD",
    "refcode_2": "191",
    "refcode_3": "1",
    "refcode_4": "",
    "refcode_short": "JTLD 191.1",
    "refcode_long": "My Journey to Life - Daily Study Guide, p. 191.1 (Ellen G. White Estate)",
    "element_type": "p",
    "element_subtype": "standard-indented",
    "content": "<a href=\"https://media2.egwwritings.org/images/14820/step_14_marriage_and_the_family/q1_marriage_and_the_family.webp\" alt=\"Q1. Where did marriage originate?\" title=\"Q1. Where did marriage originate?\" data-link=\"https://egw.bz/go?uri=https%3a%2f%2fmedia2.egwwritings.org%2fimages%2f14820%2fstep_14_marriage_and_the_family%2fq1_marriage_and_the_family.webp\" class=\"egwlink egwlink_external\">Picture:</a> Q1. Where did marriage originate?",
    "puborder": 880,
    "translations": []
  },
  {
    "para_id": "14820.1070",
    "id_prev": "14820.1069",
    "id_next": "14820.1071",
    "refcode_1": "JTLD",
    "refcode_2": "191",
    "refcode_3": "2",
    "refcode_4": "",
    "refcode_short": "JTLD 191.2",
    "refcode_long": "My Journey to Life - Daily Study Guide, p. 191.2 (Ellen G. White Estate)",
    "element_type": "p",
    "element_subtype": "standard-indented",
    "content": "Marriage, along with the Sabbath, were two of God&rsquo;s best gifts given to humanity in Eden. God created Adam, and then Eve, joining them in matrimony. Marriage is described in <span title=\"Genesis 2:24\" class=\"egwlink egwlink_bible\" data-link=\"1965.114\">Genesis 2:24</span>: &ldquo;Therefore a man leaves his father and his mother and cleaves [clings] to his wife, and they become one flesh.&rdquo;",
    "puborder": 881,
    "translations": []
  },
  {
    "para_id": "14820.1071",
    "id_prev": "14820.1070",
    "id_next": "14820.1072",
    "refcode_1": "JTLD",
    "refcode_2": "191",
    "refcode_3": "3",
    "refcode_4": "",
    "refcode_short": "JTLD 191.3",
    "refcode_long": "My Journey to Life - Daily Study Guide, p. 191.3 (Ellen G. White Estate)",
    "element_type": "p",
    "element_subtype": "standard-indented",
    "content": "Marriage was intended by God to provide the joy of belonging, intimacy, and companionship. It is the foundation of the family and of society itself. The same Hebrew word translated &ldquo;cleave&rdquo; is also used to describe soldering or sticking together.",
    "puborder": 882,
    "translations": []
  },
  {
    "para_id": "14820.1072",
    "id_prev": "14820.1071",
    "id_next": "14820.1073",
    "refcode_1": "JTLD",
    "refcode_2": "191",
    "refcode_3": "4",
    "refcode_4": "",
    "refcode_short": "JTLD 191.4",
    "refcode_long": "My Journey to Life - Daily Study Guide, p. 191.4 (Ellen G. White Estate)",
    "element_type": "p",
    "element_subtype": "standard-indented",
    "content": "God chooses the sacred bond of marriage to illustrate the closeness of the bond between Himself and His people. In Scripture the promise by which married couples are bound together is spoken of as a &ldquo;covenant&rdquo;&mdash;the term used for the most solemn and binding agreement known in God&rsquo;s Word. The relationship between husband and wife is to be a pattern of God&rsquo;s everlasting covenant of love with His people, the church. As God is faithful to His people, so the married man and woman are to center their covenant with each other on faithfulness and love (<span title=\"Psalms 89:24\" class=\"egwlink egwlink_bible\" data-link=\"1965.31289\">Psalms 89:24</span>; <span title=\"Lamentations 3:23\" class=\"egwlink egwlink_bible\" data-link=\"1965.41582\">Lamentations 3:23</span>).",
    "puborder": 883,
    "translations": []
  },
  {
    "para_id": "14820.1073",
    "id_prev": "14820.1072",
    "id_next": "14820.1075",
    "refcode_1": "JTLD",
    "refcode_2": "191",
    "refcode_3": "",
    "refcode_4": "",
    "refcode_short": "JTLD 191",
    "refcode_long": "My Journey to Life - Daily Study Guide, p. 191 (Ellen G. White Estate)",
    "element_type": "ul",
    "element_subtype": "standard-indented",
    "content": "<li><b>Bible Discovery: </b> <span title=\"Genesis 1:16\" class=\"egwlink egwlink_bible\" data-link=\"1965.35\">Genesis 1:16</span>, <span title=\"Genesis 1:17\" class=\"egwlink egwlink_bible\" data-link=\"1965.37\">17</span>; <span title=\"Genesis 2:18\" class=\"egwlink egwlink_bible\" data-link=\"1965.102\">Genesis 2:18</span>, <span title=\"Genesis 2:21\" class=\"egwlink egwlink_bible\" data-link=\"1965.108\">21</span>-<span title=\"Genesis 2:25\" class=\"egwlink egwlink_bible\" data-link=\"1965.116\">25</span>; <span title=\"Deuteronomy 10:20\" class=\"egwlink egwlink_bible\" data-link=\"1965.10583\">Deuteronomy 10:20</span>; <span title=\"Isaiah 41:7\" class=\"egwlink egwlink_bible\" data-link=\"1965.37662\">Isaiah 41:7</span>; <span title=\"Jeremiah 3:1\" class=\"egwlink egwlink_bible\" data-link=\"1965.38781\">Jeremiah 3</span>; <span title=\"Malachi 2:14\" class=\"egwlink egwlink_bible\" data-link=\"1965.47203\">Malachi 2:14</span>; <span title=\"Matthew 19:5\" class=\"egwlink egwlink_bible\" data-link=\"1965.48525\">Matthew 19:5</span>; <span title=\"Ephesians 5:21\" class=\"egwlink egwlink_bible\" data-link=\"1965.59804\">Ephesians 5:21</span>-<span title=\"Ephesians 5:23\" class=\"egwlink egwlink_bible\" data-link=\"1965.59808\">23</span>, <span title=\"Ephesians 5:31\" class=\"egwlink egwlink_bible\" data-link=\"1965.59824\">31</span></li><li><b>Further Reading: </b> Ellen G. White, <span class=\"egwlink egwlink_book\" title=\"PP 46.3\" data-link=\"84.129\"><i>Patriarchs and Prophets, </i>p. 46.3</span></li>",
    "puborder": 884,
    "translations": []
  }
]