[
  {
    "para_id": "14820.1062",
    "id_prev": "14820.1060",
    "id_next": "14820.1063",
    "refcode_1": "JTLD",
    "refcode_2": "190",
    "refcode_3": "",
    "refcode_4": "171",
    "refcode_short": "JTLD 190",
    "refcode_long": "My Journey to Life - Daily Study Guide, p. 190 (Ellen G. White Estate)",
    "element_type": "h3",
    "element_subtype": "",
    "content": "B14: What We Believe",
    "puborder": 874,
    "translations": []
  },
  {
    "para_id": "14820.1063",
    "id_prev": "14820.1062",
    "id_next": "14820.1064",
    "refcode_1": "JTLD",
    "refcode_2": "190",
    "refcode_3": "1",
    "refcode_4": "",
    "refcode_short": "JTLD 190.1",
    "refcode_long": "My Journey to Life - Daily Study Guide, p. 190.1 (Ellen G. White Estate)",
    "element_type": "p",
    "element_subtype": "standard-indented",
    "content": "<a href=\"https://media2.egwwritings.org/images/14820/step_14_marriage_and_the_family/b14_marriage_and_the_family.webp\" alt=\"B14: What We Believe\" title=\"B14: What We Believe\" data-link=\"https://egw.bz/go?uri=https%3a%2f%2fmedia2.egwwritings.org%2fimages%2f14820%2fstep_14_marriage_and_the_family%2fb14_marriage_and_the_family.webp\" class=\"egwlink egwlink_external\">Picture:</a> B14: What We Believe",
    "puborder": 875,
    "translations": []
  },
  {
    "para_id": "14820.1064",
    "id_prev": "14820.1063",
    "id_next": "14820.1065",
    "refcode_1": "JTLD",
    "refcode_2": "190",
    "refcode_3": "2",
    "refcode_4": "",
    "refcode_short": "JTLD 190.2",
    "refcode_long": "My Journey to Life - Daily Study Guide, p. 190.2 (Ellen G. White Estate)",
    "element_type": "p",
    "element_subtype": "standard-indented",
    "content": "&ldquo;Marriage was divinely established in Eden and affirmed by Jesus to be a lifelong union between a man and a woman in loving companionship. For the Christian a marriage commitment is to God as well as to the spouse, and should be entered into only between a man and a woman who share a common faith. Mutual love, honor, respect, and responsibility are the fabric of this relationship, which is to reflect the love, sanctity, closeness, and permanence of the relationship between Christ and His church.",
    "puborder": 876,
    "translations": []
  },
  {
    "para_id": "14820.1065",
    "id_prev": "14820.1064",
    "id_next": "14820.1066",
    "refcode_1": "JTLD",
    "refcode_2": "190",
    "refcode_3": "3",
    "refcode_4": "",
    "refcode_short": "JTLD 190.3",
    "refcode_long": "My Journey to Life - Daily Study Guide, p. 190.3 (Ellen G. White Estate)",
    "element_type": "p",
    "element_subtype": "standard-indented",
    "content": "Regarding divorce, Jesus taught that the person who divorces a spouse, except for fornication, and marries another, commits adultery. Although some family relationships may fall short of the ideal, a man and a woman who fully commit themselves to each other in Christ through marriage may achieve loving unity through the guidance of the Spirit and the nurture of the church. God blesses the family and intends that its members shall assist each other toward complete maturity. Increasing family closeness is one of the earmarks of the final gospel message. Parents are to bring up their children to love and obey the Lord. By their example and their words, they are to teach them that Christ is a loving, tender, and caring guide who wants them to become members of His body, the family of God which embraces both single and married persons.&rdquo;&mdash;<i>Seventh-day Adventists Believe,</i> p. 333",
    "puborder": 877,
    "translations": []
  },
  {
    "para_id": "14820.1066",
    "id_prev": "14820.1065",
    "id_next": "14820.1068",
    "refcode_1": "JTLD",
    "refcode_2": "190",
    "refcode_3": "",
    "refcode_4": "",
    "refcode_short": "JTLD 190",
    "refcode_long": "My Journey to Life - Daily Study Guide, p. 190 (Ellen G. White Estate)",
    "element_type": "ul",
    "element_subtype": "standard-indented",
    "content": "<li><b>Bible Discovery: </b> <span title=\"Genesis 2:18\" class=\"egwlink egwlink_bible\" data-link=\"1965.102\">Genesis 2:18</span>-<span title=\"Genesis 2:25\" class=\"egwlink egwlink_bible\" data-link=\"1965.116\">25</span>; <span title=\"Exodus 20:12\" class=\"egwlink egwlink_bible\" data-link=\"1965.4201\">Exodus 20:12</span>; <span title=\"Deuteronomy 6:5\" class=\"egwlink egwlink_bible\" data-link=\"1965.10349\">Deuteronomy 6:5</span>-<span title=\"Deuteronomy 6:9\" class=\"egwlink egwlink_bible\" data-link=\"1965.10357\">9</span>; <span title=\"Proverbs 22:6\" class=\"egwlink egwlink_bible\" data-link=\"1965.34715\">Proverbs 22:6</span>; <span title=\"Malachi 4:5\" class=\"egwlink egwlink_bible\" data-link=\"1965.47257\">Malachi 4:5</span>, <span title=\"Malachi 4:6\" class=\"egwlink egwlink_bible\" data-link=\"1965.47259\">6</span>; <span title=\"Matthew 5:31\" class=\"egwlink egwlink_bible\" data-link=\"1965.47507\">Matthew 5:31</span>, <span title=\"Matthew 5:32\" class=\"egwlink egwlink_bible\" data-link=\"1965.47509\">32</span>; <span title=\"Matthew 19:3\" class=\"egwlink egwlink_bible\" data-link=\"1965.48521\">Matthew 19:3</span>-<span title=\"Matthew 19:9\" class=\"egwlink egwlink_bible\" data-link=\"1965.48533\">9</span>, <span title=\"Matthew 19:12\" class=\"egwlink egwlink_bible\" data-link=\"1965.48539\">12</span>; <span title=\"Mark 10:11\" class=\"egwlink egwlink_bible\" data-link=\"1965.50209\">Mark 10:11</span>, <span title=\"Mark 10:12\" class=\"egwlink egwlink_bible\" data-link=\"1965.50211\">12</span>; <span title=\"John 2:1\" class=\"egwlink egwlink_bible\" data-link=\"1965.53237\">John 2:1</span>-<span title=\"John 2:11\" class=\"egwlink egwlink_bible\" data-link=\"1965.53257\">11</span>; <span title=\"1 Corinthians 7:7\" class=\"egwlink egwlink_bible\" data-link=\"1965.58106\">1 Corinthians 7:7</span>, <span title=\"1 Corinthians 7:10\" class=\"egwlink egwlink_bible\" data-link=\"1965.58112\">10</span>, <span title=\"1 Corinthians 7:11\" class=\"egwlink egwlink_bible\" data-link=\"1965.58114\">11</span>; <span title=\"2 Corinthians 6:14\" class=\"egwlink egwlink_bible\" data-link=\"1965.58958\">2 Corinthians 6:14</span>; <span title=\"Ephesians 5:21\" class=\"egwlink egwlink_bible\" data-link=\"1965.59804\">Ephesians 5:21</span>-<span title=\"Ephesians 5:33\" class=\"egwlink egwlink_bible\" data-link=\"1965.59828\">33</span>; <span title=\"Ephesians 6:1\" class=\"egwlink egwlink_bible\" data-link=\"1965.59831\">Ephesians 6:1</span>-<span title=\"Ephesians 6:4\" class=\"egwlink egwlink_bible\" data-link=\"1965.59837\">4</span></li><li><b>Further Reading: </b> Ellen G. White, <span class=\"egwlink egwlink_book\" title=\"CCh 130.6\" data-link=\"19.966\"><i>Counsels for the Church,</i> pp. 130.6</span>; <span class=\"egwlink egwlink_book\" title=\"CCh 131.3\" data-link=\"19.973\">131.3</span></li>",
    "puborder": 878,
    "translations": []
  }
]