[
  {
    "para_id": "14820.885",
    "id_prev": "14820.883",
    "id_next": "14820.886",
    "refcode_1": "JTLD",
    "refcode_2": "163",
    "refcode_3": "",
    "refcode_4": "146",
    "refcode_short": "JTLD 163",
    "refcode_long": "My Journey to Life - Daily Study Guide, p. 163 (Ellen G. White Estate)",
    "element_type": "h3",
    "element_subtype": "",
    "content": "Q1. Is the creation account in <span title=\"Genesis 1:1\" class=\"egwlink egwlink_bible\" data-link=\"1965.5\">Genesis 1</span> and 2 both literal and historical?",
    "puborder": 724,
    "translations": []
  },
  {
    "para_id": "14820.886",
    "id_prev": "14820.885",
    "id_next": "14820.887",
    "refcode_1": "JTLD",
    "refcode_2": "163",
    "refcode_3": "1",
    "refcode_4": "",
    "refcode_short": "JTLD 163.1",
    "refcode_long": "My Journey to Life - Daily Study Guide, p. 163.1 (Ellen G. White Estate)",
    "element_type": "p",
    "element_subtype": "standard-indented",
    "content": "<a href=\"https://media2.egwwritings.org/images/14820/step_12_gods_creation/q1_gods_creation.webp\" alt=\"Q1. Is the creation account in Genesis 1 and 2 both literal and historical?\" title=\"Q1. Is the creation account in Genesis 1 and 2 both literal and historical?\" data-link=\"https://egw.bz/go?uri=https%3a%2f%2fmedia2.egwwritings.org%2fimages%2f14820%2fstep_12_gods_creation%2fq1_gods_creation.webp\" class=\"egwlink egwlink_external\">Picture:</a> Q1. Is the creation account in Genesis 1 and 2 both literal and historical?",
    "puborder": 725,
    "translations": []
  },
  {
    "para_id": "14820.887",
    "id_prev": "14820.886",
    "id_next": "14820.888",
    "refcode_1": "JTLD",
    "refcode_2": "163",
    "refcode_3": "2",
    "refcode_4": "",
    "refcode_short": "JTLD 163.2",
    "refcode_long": "My Journey to Life - Daily Study Guide, p. 163.2 (Ellen G. White Estate)",
    "element_type": "p",
    "element_subtype": "standard-indented",
    "content": "The elements contained in the Genesis Creation story are not merely symbolic or metaphorical; they are an accurate account of the way God created the world for its inhabitants, both animal and human. The author of Genesis refers to literal 24-hour days, each with its day and night, culminating with the seventh-day Sabbath. This was the original model for the unit of time known as the seven-day week.",
    "puborder": 726,
    "translations": []
  },
  {
    "para_id": "14820.888",
    "id_prev": "14820.887",
    "id_next": "14820.889",
    "refcode_1": "JTLD",
    "refcode_2": "163",
    "refcode_3": "3",
    "refcode_4": "",
    "refcode_short": "JTLD 163.3",
    "refcode_long": "My Journey to Life - Daily Study Guide, p. 163.3 (Ellen G. White Estate)",
    "element_type": "p",
    "element_subtype": "standard-indented",
    "content": "The Creation narrative also serves as an introduction to the history of the plan of salvation, which is the theme of Scripture. We see this premise repeated throughout the Old Testament as other passages follow the general outline of <span title=\"Genesis 1:1\" class=\"egwlink egwlink_bible\" data-link=\"1965.5\">Genesis 1</span>. (See <span title=\"Psalms 8:1\" class=\"egwlink egwlink_bible\" data-link=\"1965.28534\">Psalms 8:1</span>-<span title=\"Psalms 8:9\" class=\"egwlink egwlink_bible\" data-link=\"1965.28550\">8:9</span>; <span title=\"Psalms 19:1\" class=\"egwlink egwlink_bible\" data-link=\"1965.28857\">19:1</span>-<span title=\"Psalms 19:14\" class=\"egwlink egwlink_bible\" data-link=\"1965.28883\">19:14</span>; <span title=\"Psalms 104:1\" class=\"egwlink egwlink_bible\" data-link=\"1965.31748\">104:1</span>-<span title=\"Psalms 104:35\" class=\"egwlink egwlink_bible\" data-link=\"1965.31816\">104:35</span>; <span title=\"Jeremiah 32:17\" class=\"egwlink egwlink_bible\" data-link=\"1965.40300\">Jeremiah 32:17</span>).",
    "puborder": 727,
    "translations": []
  },
  {
    "para_id": "14820.889",
    "id_prev": "14820.888",
    "id_next": "14820.890",
    "refcode_1": "JTLD",
    "refcode_2": "163",
    "refcode_3": "4",
    "refcode_4": "",
    "refcode_short": "JTLD 163.4",
    "refcode_long": "My Journey to Life - Daily Study Guide, p. 163.4 (Ellen G. White Estate)",
    "element_type": "p",
    "element_subtype": "standard-indented",
    "content": "Likewise, we have a responsibility to preserve God&rsquo;s creation. Earth&rsquo;s resources are His handiwork. We must care for the environment that He so tenderly and lovingly created for us. God made us stewards over this planet&rsquo;s created works (<span title=\"Genesis 1:28\" class=\"egwlink egwlink_bible\" data-link=\"1965.59\">Genesis 1:28</span>).",
    "puborder": 728,
    "translations": []
  },
  {
    "para_id": "14820.890",
    "id_prev": "14820.889",
    "id_next": "14820.892",
    "refcode_1": "JTLD",
    "refcode_2": "163",
    "refcode_3": "",
    "refcode_4": "",
    "refcode_short": "JTLD 163",
    "refcode_long": "My Journey to Life - Daily Study Guide, p. 163 (Ellen G. White Estate)",
    "element_type": "ul",
    "element_subtype": "standard-indented",
    "content": "<li><b>Bible Discovery: </b> <span title=\"Genesis 1:1\" class=\"egwlink egwlink_bible\" data-link=\"1965.5\">Genesis 1,2</span>; <span title=\"Psalms 33:6\" class=\"egwlink egwlink_bible\" data-link=\"1965.29277\">Psalms 33:6</span>-<span title=\"Psalms 33:9\" class=\"egwlink egwlink_bible\" data-link=\"1965.29283\">9</span>; <span title=\"Amos 4:13\" class=\"egwlink egwlink_bible\" data-link=\"1965.45762\">Amos 4:13</span>; <span title=\"Amos 5:8\" class=\"egwlink egwlink_bible\" data-link=\"1965.45779\">5:8</span>; <span title=\"Amos 9:5\" class=\"egwlink egwlink_bible\" data-link=\"1965.45921\">9:5</span>, <span title=\"Amos 9:6\" class=\"egwlink egwlink_bible\" data-link=\"1965.45923\">6</span>; <span title=\"Isaiah 40:26\" class=\"egwlink egwlink_bible\" data-link=\"1965.37637\">Isaiah 40:26</span>-<span title=\"Isaiah 40:28\" class=\"egwlink egwlink_bible\" data-link=\"1965.37641\">28</span>; <span title=\"Jeremiah 27:5\" class=\"egwlink egwlink_bible\" data-link=\"1965.40001\">Jeremiah 27:5</span>; <span title=\"Jeremiah 51:15\" class=\"egwlink egwlink_bible\" data-link=\"1965.41277\">51:15</span>, <span title=\"Jeremiah 51:16\" class=\"egwlink egwlink_bible\" data-link=\"1965.41279\">16</span></li><li><b>Further Reading: </b> Ellen G. White, <span class=\"egwlink egwlink_book\" title=\"RH August 19,  1884, par. 10\" data-link=\"821.5737\"><i>Review and Herald, </i>August 19, 1884, pars. 10, 13;</span> <span class=\"egwlink egwlink_book\" title=\"SC 9.3\" data-link=\"108.25\"><i>Steps to Christ, </i>pp. 9.3-10.2</span></li>",
    "puborder": 729,
    "translations": []
  }
]