[
  {
    "para_id": "1220.81",
    "id_prev": "1220.80",
    "id_next": "1220.83",
    "refcode_1": "SITI",
    "refcode_2": "3",
    "refcode_3": "",
    "refcode_4": "1902",
    "refcode_short": "SITI April 2,  1902, page 3",
    "refcode_long": "The Signs of the Times, vol. 28 April 2,  1902, page 3",
    "element_type": "h3",
    "element_subtype": "",
    "content": "April 2, 1902",
    "puborder": 75,
    "translations": []
  },
  {
    "para_id": "1220.83",
    "id_prev": "1220.81",
    "id_next": "1220.84",
    "refcode_1": "SITI",
    "refcode_2": "3",
    "refcode_3": "",
    "refcode_4": "1902",
    "refcode_short": "SITI April 2,  1902, page 3",
    "refcode_long": "The Signs of the Times, vol. 28 April 2,  1902, page 3",
    "element_type": "h5",
    "element_subtype": "",
    "content": "&ldquo;Restoration from Babylon. The Success of the Samaritans&rdquo; The Signs of the Times 28, 14, p. 3.",
    "puborder": 76,
    "translations": []
  },
  {
    "para_id": "1220.84",
    "id_prev": "1220.83",
    "id_next": "1220.85",
    "refcode_1": "SITI",
    "refcode_2": "3",
    "refcode_3": "",
    "refcode_4": "1902",
    "refcode_short": "",
    "refcode_long": "",
    "element_type": "p",
    "element_subtype": "center",
    "content": "BY ALONZO TREVIER JONE",
    "puborder": 77,
    "translations": []
  },
  {
    "para_id": "1220.85",
    "id_prev": "1220.84",
    "id_next": "1220.86",
    "refcode_1": "SITI",
    "refcode_2": "3",
    "refcode_3": "1",
    "refcode_4": "1902",
    "refcode_short": "SITI April 2,  1902, page 3.1",
    "refcode_long": "The Signs of the Times, vol. 28 April 2,  1902, page 3 paragraph 1",
    "element_type": "p",
    "element_subtype": "standard-indented",
    "content": "AT the death of Cyrus king of Persia, Cambyses his son, the Ahasuerus of <span class=\"egwlink egwlink_bible\" title=\"Ezra 4:6\" data-link=\"1965.24657\">Ezra 4:6</span>, immediately succeeded to the throne of the empire. The Samaritans who had so persistently carried on their work of obstruction by hired counselors and otherwise &ldquo;all the days of Cyrus,&rdquo; continued it all the days of Cambyses&mdash;about seven years.",
    "puborder": 78,
    "translations": []
  },
  {
    "para_id": "1220.86",
    "id_prev": "1220.85",
    "id_next": "1220.87",
    "refcode_1": "SITI",
    "refcode_2": "3",
    "refcode_3": "2",
    "refcode_4": "1902",
    "refcode_short": "SITI April 2,  1902, page 3.2",
    "refcode_long": "The Signs of the Times, vol. 28 April 2,  1902, page 3 paragraph 2",
    "element_type": "p",
    "element_subtype": "standard-indented",
    "content": "At the very beginning of his reign, in addition to the work of their hired counsellors, the Samaritans took the bold step of presenting to Cambyses, the son of Cyrus, a formal and written accusation against the Jews: &ldquo;In the reign of Ahasuerus, in the beginning of his reign, wrote they unto him an accusation against the inhabitants of Judah and Jerusalem.&rdquo; <span class=\"egwlink egwlink_bible\" title=\"Ezra 4:6\" data-link=\"1965.24657\">Ezra 4:6</span>.",
    "puborder": 79,
    "translations": []
  },
  {
    "para_id": "1220.87",
    "id_prev": "1220.86",
    "id_next": "1220.88",
    "refcode_1": "SITI",
    "refcode_2": "3",
    "refcode_3": "3",
    "refcode_4": "1902",
    "refcode_short": "SITI April 2,  1902, page 3.3",
    "refcode_long": "The Signs of the Times, vol. 28 April 2,  1902, page 3 paragraph 3",
    "element_type": "p",
    "element_subtype": "standard-indented",
    "content": "There is no known record that any notice at all was taken of their accusation. Even if any notice was taken of it, it is certain that their efforts were still in vain. The victory gained over them in the three weeks&rsquo; contest at the Persian court in the first month of the third year of Cyrus, still held all the days of his son Cambyses. This shows that there was real meaning in Gabriel&rsquo;s words that at the end of the three weeks&rsquo; contest at the court of Persia he held the victory with not only the king, singular, but plural,&mdash;with the <em>kings</em> of Persia. From this it is plain that Cambyses, the heir apparent to the throne, was in that council through that three weeks&rsquo; contest, and therefore when the contest was ended and the victory was kept, it was victory not only as respected Cyrus and the time being, but also respecting Cambyses and the years to come. The victory was kept with the <em>kings</em> of Persia.",
    "puborder": 80,
    "translations": []
  },
  {
    "para_id": "1220.88",
    "id_prev": "1220.87",
    "id_next": "1220.89",
    "refcode_1": "SITI",
    "refcode_2": "3",
    "refcode_3": "4",
    "refcode_4": "1902",
    "refcode_short": "SITI April 2,  1902, page 3.4",
    "refcode_long": "The Signs of the Times, vol. 28 April 2,  1902, page 3 paragraph 4",
    "element_type": "p",
    "element_subtype": "standard-indented",
    "content": "There was a second son of Cyrus, named Smerdis; but Cambyses caused him to be secretly murdered. Indeed, this was accomplished with so much secrecy that the great body of the people believed that he was still alive. This gave opportunity for conspiracy and the rise of a usurper, whose real name was Gomates, but who claimed before the people to be Smerdia, the son of Cyrus. This occurred at the capital of Persia while Cambyses was absent on his expedition in the conquest of Egypt. The original account runs thus:&mdash;",
    "puborder": 81,
    "translations": []
  },
  {
    "para_id": "1220.89",
    "id_prev": "1220.88",
    "id_next": "1220.90",
    "refcode_1": "SITI",
    "refcode_2": "3",
    "refcode_3": "5",
    "refcode_4": "1902",
    "refcode_short": "SITI April 2,  1902, page 3.5",
    "refcode_long": "The Signs of the Times, vol. 28 April 2,  1902, page 3 paragraph 5",
    "element_type": "p",
    "element_subtype": "blockquote-indented",
    "content": "Cambyses the son of Cyrus was king.... This Cambyses had a brother, named Smerdis (Bardiga); they had the same mother and the same father. Afterward, this Cambyses killed Smerids. When Cambyses killed Smerdis, the people did not know that Smerdis was killed. Then Cambyses went to Egypt. The people became bad; and many falsehoods grew up in the provinces, as well as in Persia, as in Media, as in the other lands. And then a man, a Magian, named Gomates, from Pasargade, near the mount named Arakadris, there he arose. On the 14th day of the month Vlyakhna, thus arose: To the people he told lies, and said, &ldquo;I am Smerids, the son of Cyrus, the brother of Cambyses.&rdquo; Then all the people revolted from Cambyses, went over to him, and the Persians, and the Medes, and the other nations. He seized the kingdom. On the ninth day of the month Garmapada he took the royalty from Cambyses.... Gomates the Magian deprived Cambyses as well of the Persians, as of the Medians, as of the other nations; he did according to his own will, and seized the royalty over them.&mdash;<em>Darius</em>, in &ldquo;Records of the Past,&rdquo; Old Series, vol. VII., pp. 89, 90.",
    "puborder": 82,
    "translations": []
  },
  {
    "para_id": "1220.90",
    "id_prev": "1220.89",
    "id_next": "1220.91",
    "refcode_1": "SITI",
    "refcode_2": "3",
    "refcode_3": "6",
    "refcode_4": "1902",
    "refcode_short": "SITI April 2,  1902, page 3.6",
    "refcode_long": "The Signs of the Times, vol. 28 April 2,  1902, page 3 paragraph 6",
    "element_type": "p",
    "element_subtype": "standard-indented",
    "content": "Cambyses, returning with his army from Egypt, went as far as Syria, and was there met by one of the many heralds whom Gomates had sent into all the empire publishing the &ldquo;proclamation to the troops that henceforth they were to obey Smerdis, the son of Cyrus, and not Cambyses.&rdquo; Cambyses, believing now that his secret murderers of Smerdis had really played him false; and that thus Smerdis was really alive and reigning in the capital, immediately killed himself (<em>Darius</em>): &ldquo;having reigned, in all, seven years and five months, and left no issue behind him, male or female.&rdquo;&mdash;<em>Herodotus</em>. This was the end of July, 522 B.C.",
    "puborder": 83,
    "translations": []
  },
  {
    "para_id": "1220.91",
    "id_prev": "1220.90",
    "id_next": "1220.92",
    "refcode_1": "SITI",
    "refcode_2": "3",
    "refcode_3": "7",
    "refcode_4": "1902",
    "refcode_short": "SITI April 2,  1902, page 3.7",
    "refcode_long": "The Signs of the Times, vol. 28 April 2,  1902, page 3 paragraph 7",
    "element_type": "p",
    "element_subtype": "standard-indented",
    "content": "As before stated, Gomates, this false Smerdis, was a Magian. His usurpation was a part of the conspiracy of the Magian priests to make predominate the Median element in the mixed national religion of Media and Persia. And though Gomates the Magian reigned as Smerdis <em>the Persians</em>, yet he was but the tool of the Magians to swing back the predominant element in the imperial religion from the Persian to the original Median. The difference was more sectarian and merely priestly, than fundamental and popular; but it furnished an opportunity that was instantly seized by the Samaritans and their hired counselors to make effective their determination to stop the work on the temple at Jerusalem.",
    "puborder": 84,
    "translations": []
  },
  {
    "para_id": "1220.92",
    "id_prev": "1220.91",
    "id_next": "1220.93",
    "refcode_1": "SITI",
    "refcode_2": "3",
    "refcode_3": "8",
    "refcode_4": "1902",
    "refcode_short": "SITI April 2,  1902, page 3.8",
    "refcode_long": "The Signs of the Times, vol. 28 April 2,  1902, page 3 paragraph 8",
    "element_type": "p",
    "element_subtype": "standard-indented",
    "content": "Accordingly, no sooner was it known in Palestine that the new king reigned, than the Samaritans wrote to him a new and extended accusation against the Jews. For this Gomates, the false Smerdis, was the Artaxerxes of <span class=\"egwlink egwlink_bible\" title=\"Ezra 4:7\" data-link=\"1965.24659\">Ezra 4:7-23</span>.",
    "puborder": 85,
    "translations": []
  },
  {
    "para_id": "1220.93",
    "id_prev": "1220.92",
    "id_next": "1220.94",
    "refcode_1": "SITI",
    "refcode_2": "3",
    "refcode_3": "9",
    "refcode_4": "1902",
    "refcode_short": "SITI April 2,  1902, page 3.9",
    "refcode_long": "The Signs of the Times, vol. 28 April 2,  1902, page 3 paragraph 9",
    "element_type": "p",
    "element_subtype": "standard-indented",
    "content": "&ldquo;In the days of Artaxerxes wrote Bishlam, Mithredath, Tabeel, and the rest of their companions, unto Artaxerxes king of Persia; and the writing of the letter was written in the Syrian tongue, and interpreted in the Syrian tongue. Rehum the chancellor and Shimshai the scribe wrote a letter <em>against Jerusalem</em> to Artaxerxes the king in this sort:&mdash;",
    "puborder": 86,
    "translations": []
  },
  {
    "para_id": "1220.94",
    "id_prev": "1220.93",
    "id_next": "1220.95",
    "refcode_1": "SITI",
    "refcode_2": "3",
    "refcode_3": "10",
    "refcode_4": "1902",
    "refcode_short": "SITI April 2,  1902, page 3.10",
    "refcode_long": "The Signs of the Times, vol. 28 April 2,  1902, page 3 paragraph 10",
    "element_type": "p",
    "element_subtype": "standard-indented",
    "content": "&ldquo;Then wrote Rehum the chancellor, and Shimshai the scribe, and the rest of their companions; the Dinaites, the Apharsathchites, the Tarpelites, the Apharsites, the Archevites, the Babylonians, the Susanchites, the Dehavites, and the Elamites, and the rest of the nations whom the great and noble Asnapper brought over, and set in the cities of Samaria, and the rest that are on this side the river, and at such a time.... Thy servants the men on this side the river, and at such a time. Be it known unto the king, that the Jews which came up from thee to us are come unto Jerusalem, building the rebellious and the bad city, and have set up the walls thereof, and joined the foundations. Be it known now unto the king, that, if this city be builded, and the walls set up again, then will they not pay toll, tribute, and custom, and so thou shalt endamage the revenue of the kings. Now because we have maintenance from the king&rsquo;s palace, and it was not meet for us to see the king&rsquo;s dishonor, therefore have we sent and certified the king; that search may be made in the book of the records of thy fathers: so shalt thou find in the book of the records, and know that this city is a rebellious city, and hurtful unto kings and provinces, and that they have moved sedition within the same of old time; for which cause was this city destroyed. We certify the king that, if this city be builded again, and the walls thereof set up, by this means thou shalt have no portion on this side the river.&rdquo;",
    "puborder": 87,
    "translations": []
  },
  {
    "para_id": "1220.95",
    "id_prev": "1220.94",
    "id_next": "1220.96",
    "refcode_1": "SITI",
    "refcode_2": "3",
    "refcode_3": "11",
    "refcode_4": "1902",
    "refcode_short": "SITI April 2,  1902, page 3.11",
    "refcode_long": "The Signs of the Times, vol. 28 April 2,  1902, page 3 paragraph 11",
    "element_type": "p",
    "element_subtype": "standard-indented",
    "content": "That letter is a most subtle and deceptive mixture of truth and falsehood. It was true that the city of Jerusalem had in old time been rebellious and seditious to the eastern kings, and that because of that, the city was destroyed. It was true that the imperial records at Babylon would confirm all this. But it was not in any sense true that such was the intention in now rebuilding the city, or that such would be the result of its rebuilding. This attributed intention of the Jews, and this surmised result of the rebuilding of the city, was nothing else than the revealing of their own secret purpose, when at the very first they offered to join the Jews and help in the building of that very city; and which they would have carried out to the full as soon as the city should have been finished, as certainly as they had been allowed to join in the building of the city.",
    "puborder": 88,
    "translations": []
  },
  {
    "para_id": "1220.96",
    "id_prev": "1220.95",
    "id_next": "1220.97",
    "refcode_1": "SITI",
    "refcode_2": "3",
    "refcode_3": "12",
    "refcode_4": "1902",
    "refcode_short": "SITI April 2,  1902, page 3.12",
    "refcode_long": "The Signs of the Times, vol. 28 April 2,  1902, page 3 paragraph 12",
    "element_type": "p",
    "element_subtype": "standard-indented",
    "content": "Such a subtle mixture of lies and truth would have been well calculated to deceive any new king; and when it came to the false Smerdis, the tool of the reactionary priests, it only the more readily had its intended effect. &ldquo;Then sent the king an answer unto Rehum the chancellor, and to Shimshai the scribe, and to the rest of their companions that dwell in Samaria, and unto the rest beyond the river:&mdash;",
    "puborder": 89,
    "translations": []
  },
  {
    "para_id": "1220.97",
    "id_prev": "1220.96",
    "id_next": "1220.98",
    "refcode_1": "SITI",
    "refcode_2": "3",
    "refcode_3": "13",
    "refcode_4": "1902",
    "refcode_short": "SITI April 2,  1902, page 3.13",
    "refcode_long": "The Signs of the Times, vol. 28 April 2,  1902, page 3 paragraph 13",
    "element_type": "p",
    "element_subtype": "standard-indented",
    "content": "&ldquo;Peace, and at such a time. The letter which ye sent unto us hath been plainly read before me. And I commanded, and search hath been made, and it is found that this city of old time hath made insurrection against kings, and that rebellion and sedition have been made therein. There have been mighty kings also over Jerusalem, which have ruled over all countries beyond the river; and toll, tribute, and custom, was paid unto them. Give ye now commandment to cause these men to cease, and that this city be not builded, until another commandment shall be given from me. Take heed now that ye fail not to do this: why should damage grow to the hurt of the kings?&rdquo;",
    "puborder": 90,
    "translations": []
  },
  {
    "para_id": "1220.98",
    "id_prev": "1220.97",
    "id_next": "1220.99",
    "refcode_1": "SITI",
    "refcode_2": "3",
    "refcode_3": "14",
    "refcode_4": "1902",
    "refcode_short": "SITI April 2,  1902, page 3.14",
    "refcode_long": "The Signs of the Times, vol. 28 April 2,  1902, page 3 paragraph 14",
    "element_type": "p",
    "element_subtype": "standard-indented",
    "content": "This letter was of course exceedingly gratifying to the rebellious, seditious, and officious Samaritans. Accordingly, &ldquo;when the copy of king Artaxerxes&rsquo; letter was read before Rehum, and Shimshai the scribe, and their companions, they went up in haste to Jerusalem unto the Jews, and made them to cease by <em>force and power</em>.&rdquo;",
    "puborder": 91,
    "translations": []
  },
  {
    "para_id": "1220.99",
    "id_prev": "1220.98",
    "id_next": "1220.100",
    "refcode_1": "SITI",
    "refcode_2": "3",
    "refcode_3": "15",
    "refcode_4": "1902",
    "refcode_short": "SITI April 2,  1902, page 3.15",
    "refcode_long": "The Signs of the Times, vol. 28 April 2,  1902, page 3 paragraph 15",
    "element_type": "p",
    "element_subtype": "standard-indented",
    "content": "&ldquo;Then ceased the work of the house of God which is at Jerusalem.&rdquo; Then the Samaritans laughed, and congratulated one another, and strutted, and rode around among the Jews, asserting their power. But even in the most exalted moments they never dreamed of what it really was over which they were so gleeful and so perfectly satisfied. They had no idea of what it was in reality into which they had so persistently, and at last so triumphantly, pushed themselves. In about six months there was another turn in imperial affairs. In the eighth month of his reign the false Smerdis, Gomates the Magian, was slain by Darius the Persian and six companions, and Darius the Persian, of ancient kingly race and descent, reigned in the Medo-Persian Empire. The Magian scheme was annihilated; the Persian element was once more predominant; the tide turned again in favor of the Jews, the rebuilding of the temple and the city went on, and by the power which they had invoked the Samaritans were compelled to help in the good work. This was exceedingly galling to them; but they had persistently pushed themselves into it, and there they must stay; they had been exceedingly glad when the power which they had invoked worked altogether their way; they could not fairly complain when that same power worked altogether the other way.",
    "puborder": 92,
    "translations": []
  },
  {
    "para_id": "1220.100",
    "id_prev": "1220.99",
    "id_next": "1220.101",
    "refcode_1": "SITI",
    "refcode_2": "3",
    "refcode_3": "16",
    "refcode_4": "1902",
    "refcode_short": "SITI April 2,  1902, page 3.16",
    "refcode_long": "The Signs of the Times, vol. 28 April 2,  1902, page 3 paragraph 16",
    "element_type": "p",
    "element_subtype": "standard-indented",
    "content": "(The next article is &ldquo;The Work of Haggai and Zechariah.&rdquo;)",
    "puborder": 93,
    "translations": []
  }
]