[
  {
    "para_id": "1220.353",
    "id_prev": "1220.352",
    "id_next": "1220.355",
    "refcode_1": "SITI",
    "refcode_2": "340",
    "refcode_3": "",
    "refcode_4": "1902",
    "refcode_short": "SITI June 4,  1902, page 340",
    "refcode_long": "The Signs of the Times, vol. 28 June 4,  1902, page 340",
    "element_type": "h3",
    "element_subtype": "",
    "content": "June 4, 1902",
    "puborder": 326,
    "translations": []
  },
  {
    "para_id": "1220.355",
    "id_prev": "1220.353",
    "id_next": "1220.356",
    "refcode_1": "SITI",
    "refcode_2": "3",
    "refcode_3": "",
    "refcode_4": "1902",
    "refcode_short": "SITI June 4,  1902, page 3",
    "refcode_long": "The Signs of the Times, vol. 28 June 4,  1902, page 3",
    "element_type": "h5",
    "element_subtype": "",
    "content": "&ldquo;Restoration from Babylon. The Wall of Jerusalem Dedicated; the Rival Worship of Samaria Established&rdquo; The Signs of the Times 28, 23, pp. 3, 4.",
    "puborder": 327,
    "translations": []
  },
  {
    "para_id": "1220.356",
    "id_prev": "1220.355",
    "id_next": "1220.357",
    "refcode_1": "SITI",
    "refcode_2": "3",
    "refcode_3": "",
    "refcode_4": "1902",
    "refcode_short": "",
    "refcode_long": "",
    "element_type": "p",
    "element_subtype": "center",
    "content": "BY ALONZO TREVIER JONE",
    "puborder": 328,
    "translations": []
  },
  {
    "para_id": "1220.357",
    "id_prev": "1220.356",
    "id_next": "1220.358",
    "refcode_1": "SITI",
    "refcode_2": "3",
    "refcode_3": "1",
    "refcode_4": "1902",
    "refcode_short": "SITI June 4,  1902, page 3.1",
    "refcode_long": "The Signs of the Times, vol. 28 June 4,  1902, page 3 paragraph 1",
    "element_type": "p",
    "element_subtype": "standard-indented",
    "content": "SOME time after the events related in the preceding article, Nehemiah made a journey to the court of the king of Persia, where he stayed several months, and then returned to Jerusalem.",
    "puborder": 329,
    "translations": []
  },
  {
    "para_id": "1220.358",
    "id_prev": "1220.357",
    "id_next": "1220.359",
    "refcode_1": "SITI",
    "refcode_2": "3",
    "refcode_3": "2",
    "refcode_4": "1902",
    "refcode_short": "SITI June 4,  1902, page 3.2",
    "refcode_long": "The Signs of the Times, vol. 28 June 4,  1902, page 3 paragraph 2",
    "element_type": "p",
    "element_subtype": "standard-indented",
    "content": "As soon as he returned, he began to arrange for a great celebration in the dedication of the wall that had at last, through such &ldquo;troublous times,&rdquo; been triumphantly finished. He gathered from the cities, the villages, and the ... country of Judah, priests, Levites, and ... in great numbers to bear a leading part in the dedication with gladness, both with thanksgivings, and with singing, with cymbals, ..., and with harps. And the sons of the singers gathered themselves together, both out of the plain country round about Jerusalem, and from the villages of Netophathi; also from the house of Gilgal, and out of the fields of Geba and Azmaveth: for the singers had builded them villages round about Jerusalem. And the priests and the Levites purified themselves, and purified the people, and the gates, and the wall.&rdquo;",
    "puborder": 330,
    "translations": []
  },
  {
    "para_id": "1220.359",
    "id_prev": "1220.358",
    "id_next": "1220.360",
    "refcode_1": "SITI",
    "refcode_2": "3",
    "refcode_3": "3",
    "refcode_4": "1902",
    "refcode_short": "SITI June 4,  1902, page 3.3",
    "refcode_long": "The Signs of the Times, vol. 28 June 4,  1902, page 3 paragraph 3",
    "element_type": "p",
    "element_subtype": "standard-indented",
    "content": "When all had thus been &ldquo;purified,&rdquo; and so prepared, the day of the dedication came. There were formed two great processions of ..., priests, singers, and people who ascended the wall at opposite points, and ... round upon the top of the wall till the two processions were joined at both ends of ... forming now one continuous procession round the whole city upon the top of the wall. Then the whole united procession stood still and &ldquo;gave thanks,&rdquo; and &ldquo;the singers sang loud, with Jezrahiah their overseer. Also that day they offered great sacrifices, and rejoiced: for God had made them rejoice with great joy: the wives also and the children rejoiced: so that the joy of Jerusalem was heard even afar off.&rdquo;",
    "puborder": 331,
    "translations": []
  },
  {
    "para_id": "1220.360",
    "id_prev": "1220.359",
    "id_next": "1220.361",
    "refcode_1": "SITI",
    "refcode_2": "3",
    "refcode_3": "",
    "refcode_4": "1902",
    "refcode_short": "SITI June 4,  1902, page 3",
    "refcode_long": "The Signs of the Times, vol. 28 June 4,  1902, page 3",
    "element_type": "h6",
    "element_subtype": "",
    "content": "Enemies Cast Out",
    "puborder": 332,
    "translations": []
  },
  {
    "para_id": "1220.361",
    "id_prev": "1220.360",
    "id_next": "1220.362",
    "refcode_1": "SITI",
    "refcode_2": "3",
    "refcode_3": "4",
    "refcode_4": "1902",
    "refcode_short": "SITI June 4,  1902, page 3.4",
    "refcode_long": "The Signs of the Times, vol. 28 June 4,  1902, page 3 paragraph 4",
    "element_type": "p",
    "element_subtype": "standard-indented",
    "content": "During Nehemiah&rsquo;s absence, the Samaritans, the enemies of the work of God, through their ... among the princes and priests in Judah and Jerusalem, had secured a foothold in Jerusalem. Eliashib the priest had allowed one of his daughters to marry that chief and persistent enemy, Tobiah the Ammonite! Not only this, ... Eliashib had actually emptied of its proper ... one of the great chambers of the temple, had fitted it up as a residence, and had ... there his new son-in-law, Tobiah the Ammonite.",
    "puborder": 333,
    "translations": []
  },
  {
    "para_id": "1220.362",
    "id_prev": "1220.361",
    "id_next": "1220.363",
    "refcode_1": "SITI",
    "refcode_2": "3",
    "refcode_3": "5",
    "refcode_4": "1902",
    "refcode_short": "SITI June 4,  1902, page 3.5",
    "refcode_long": "The Signs of the Times, vol. 28 June 4,  1902, page 3 paragraph 5",
    "element_type": "p",
    "element_subtype": "standard-indented",
    "content": "Now amid the services of the festival days of the dedication, in reading the Scriptures in the book of the law &ldquo;they read in the book of Moses to the audience of the people; and therein was found written, that the Ammonite and the Moabite should not come into the congregation of God forever.... Now it came to pass, when they had heard the law, that they separated from Israel all the mixed multitude.&rdquo;",
    "puborder": 334,
    "translations": []
  },
  {
    "para_id": "1220.363",
    "id_prev": "1220.362",
    "id_next": "1220.364",
    "refcode_1": "SITI",
    "refcode_2": "3",
    "refcode_3": "6",
    "refcode_4": "1902",
    "refcode_short": "SITI June 4,  1902, page 3.6",
    "refcode_long": "The Signs of the Times, vol. 28 June 4,  1902, page 3 paragraph 6",
    "element_type": "p",
    "element_subtype": "standard-indented",
    "content": "Thus there came to the attention of Nehemiah the crooked and brazen course of Eliashib the priest in his alliance with Tobiah the Ammonite, and &ldquo;in preparing him a chamber in the courts of the house of God.&rdquo; &ldquo;And,&rdquo; he says, &ldquo;it grieved me sore; therefore <em>I cast forth all the household stuff of Tobiah out of the chamber</em>. Then I commanded, and they cleansed the chambers; and thither brought I again the vessels of the house of God, with the meat offering and the frankincense.&rdquo;",
    "puborder": 335,
    "translations": []
  },
  {
    "para_id": "1220.364",
    "id_prev": "1220.363",
    "id_next": "1220.365",
    "refcode_1": "SITI",
    "refcode_2": "3",
    "refcode_3": "",
    "refcode_4": "1902",
    "refcode_short": "SITI June 4,  1902, page 3",
    "refcode_long": "The Signs of the Times, vol. 28 June 4,  1902, page 3",
    "element_type": "h6",
    "element_subtype": "",
    "content": "The Lord Robbed of Means and Time",
    "puborder": 336,
    "translations": []
  },
  {
    "para_id": "1220.365",
    "id_prev": "1220.364",
    "id_next": "1220.366",
    "refcode_1": "SITI",
    "refcode_2": "3",
    "refcode_3": "7",
    "refcode_4": "1902",
    "refcode_short": "SITI June 4,  1902, page 3.7",
    "refcode_long": "The Signs of the Times, vol. 28 June 4,  1902, page 3 paragraph 7",
    "element_type": "p",
    "element_subtype": "standard-indented",
    "content": "Also during Nehemiah&rsquo;s absence there had been a falling away from faithfulness in bringing the tithes into the storehouse. &ldquo;I perceived that the portions of the Levites had not been given them; for the Levites and the singers, that did the work, were fled everyone to his field. Then contended I with the rulers and said, Why is the house of God forsaken? And I gathered them together, and set them in their place. Then brought all Judah the tithe of the corn and the new wine and the oil into the treasuries.&rdquo;",
    "puborder": 337,
    "translations": []
  },
  {
    "para_id": "1220.366",
    "id_prev": "1220.365",
    "id_next": "1220.367",
    "refcode_1": "SITI",
    "refcode_2": "3",
    "refcode_3": "8",
    "refcode_4": "1902",
    "refcode_short": "SITI June 4,  1902, page 3.8",
    "refcode_long": "The Signs of the Times, vol. 28 June 4,  1902, page 3 paragraph 8",
    "element_type": "p",
    "element_subtype": "standard-indented",
    "content": "There had been also a falling away from the proper observance of the Sabbath; indeed, with many, from any observance of the Sabbath at all; for&mdash;",
    "puborder": 338,
    "translations": []
  },
  {
    "para_id": "1220.367",
    "id_prev": "1220.366",
    "id_next": "1220.368",
    "refcode_1": "SITI",
    "refcode_2": "3",
    "refcode_3": "9",
    "refcode_4": "1902",
    "refcode_short": "SITI June 4,  1902, page 3.9",
    "refcode_long": "The Signs of the Times, vol. 28 June 4,  1902, page 3 paragraph 9",
    "element_type": "p",
    "element_subtype": "standard-indented",
    "content": "&ldquo;In those days saw I in Judah some treading winepresses on the Sabbath, and bringing in sheaves, and lading asses; as also wine, grapes, and figs, and all manner of burdens, which they brought into Jerusalem on the Sabbath day; and I testified against them in the day wherein they sold victuals. There dwelt men of Tyre also therein, which brought fish, and all manner of ware, and sold on the Sabbath unto the children of Judah, and in Jerusalem. Then I contended with the nobles of Judah, and said unto them, What evil thing is this that ye do, and profane the Sabbath day? Did not your fathers thus, and did not our God bring all this evil upon us, and upon this city? yet ye bring more wrath upon Israel by profaning the Sabbath.",
    "puborder": 339,
    "translations": []
  },
  {
    "para_id": "1220.368",
    "id_prev": "1220.367",
    "id_next": "1220.369",
    "refcode_1": "SITI",
    "refcode_2": "3",
    "refcode_3": "10",
    "refcode_4": "1902",
    "refcode_short": "SITI June 4,  1902, page 3.10",
    "refcode_long": "The Signs of the Times, vol. 28 June 4,  1902, page 3 paragraph 10",
    "element_type": "p",
    "element_subtype": "standard-indented",
    "content": "&ldquo;And it came to pass, that, when the gates of Jerusalem began to be dark before the Sabbath, I commanded that the gates should be shut, and charged that they should not be opened till after the Sabbath: and some of my servants set I at the gates, that there should no burden be brought in on the Sabbath day. So the merchants and sellers of all kind of ware lodged without Jerusalem once or twice. Then I testified against them, and said unto them, Why lodge ye about the wall? if ye do so again, I will lay hands on you. From that time forth came they no more on the Sabbath.&rdquo;",
    "puborder": 340,
    "translations": []
  },
  {
    "para_id": "1220.369",
    "id_prev": "1220.368",
    "id_next": "1220.370",
    "refcode_1": "SITI",
    "refcode_2": "3",
    "refcode_3": "",
    "refcode_4": "1902",
    "refcode_short": "SITI June 4,  1902, page 3",
    "refcode_long": "The Signs of the Times, vol. 28 June 4,  1902, page 3",
    "element_type": "h6",
    "element_subtype": "",
    "content": "Mixed Marriages",
    "puborder": 341,
    "translations": []
  },
  {
    "para_id": "1220.370",
    "id_prev": "1220.369",
    "id_next": "1220.371",
    "refcode_1": "SITI",
    "refcode_2": "3",
    "refcode_3": "11",
    "refcode_4": "1902",
    "refcode_short": "SITI June 4,  1902, page 3.11",
    "refcode_long": "The Signs of the Times, vol. 28 June 4,  1902, page 3 paragraph 11",
    "element_type": "p",
    "element_subtype": "standard-indented",
    "content": "Encouraged by the example of the priests and others, many of the people had again fallen away to mixed marriage:&mdash;",
    "puborder": 342,
    "translations": []
  },
  {
    "para_id": "1220.371",
    "id_prev": "1220.370",
    "id_next": "1220.372",
    "refcode_1": "SITI",
    "refcode_2": "3",
    "refcode_3": "12",
    "refcode_4": "1902",
    "refcode_short": "SITI June 4,  1902, page 3.12",
    "refcode_long": "The Signs of the Times, vol. 28 June 4,  1902, page 3 paragraph 12",
    "element_type": "p",
    "element_subtype": "standard-indented",
    "content": "&ldquo;In those days also saw I Jews that had married wives of Ashdod, of Ammon, and of Moab; and their children spake half in the speech of Ashdod, and could not speak in the Jews&rsquo; language; but according to the language of each people. And I contended with them, and cursed them, and smote certain of them, and plucked off their hair, and made them swear by God, saying, Ye shall not give your daughters unto their sons, nor take their daughters unto your sons, or for yourselves. Did not Solomon king of Israel sin by these things? yet among many nations was there no king like him, who was beloved of his God, and God made him king over all Israel: nevertheless even him did outlandish women cause to sin. Shall we then hearken unto you to do all this great evil, to transgress against our God in marrying strange wives?&rdquo;",
    "puborder": 343,
    "translations": []
  },
  {
    "para_id": "1220.372",
    "id_prev": "1220.371",
    "id_next": "1220.373",
    "refcode_1": "SITI",
    "refcode_2": "3",
    "refcode_3": "13",
    "refcode_4": "1902",
    "refcode_short": "SITI June 4,  1902, page 3.13",
    "refcode_long": "The Signs of the Times, vol. 28 June 4,  1902, page 3 paragraph 13",
    "element_type": "p",
    "element_subtype": "standard-indented",
    "content": "We have seen that a daughter of Eliashib had been given in marriage to one of the chief enemies of the cause of God&mdash;Tobiah the Ammonite. In addition to that, one of his grandsons had married the daughter of the very chief enemy himself&mdash;Sanballat the Horonite. When it was demanded that he separate from this heathenish connection, he was so far gone in apostasy that he refused. And as the consequence, says Nehemiah, &ldquo;One of the sons of Joiada, the son of Eliashib the high priest, was son-in-law to Sanballat the Horonite; therefore <em>I chased him from me</em>.&rdquo;",
    "puborder": 344,
    "translations": []
  },
  {
    "para_id": "1220.373",
    "id_prev": "1220.372",
    "id_next": "1220.374",
    "refcode_1": "SITI",
    "refcode_2": "3",
    "refcode_3": "",
    "refcode_4": "1902",
    "refcode_short": "SITI June 4,  1902, page 3",
    "refcode_long": "The Signs of the Times, vol. 28 June 4,  1902, page 3",
    "element_type": "h6",
    "element_subtype": "",
    "content": "Smaritan [sic.] Worship Established",
    "puborder": 345,
    "translations": []
  },
  {
    "para_id": "1220.374",
    "id_prev": "1220.373",
    "id_next": "1220.375",
    "refcode_1": "SITI",
    "refcode_2": "3",
    "refcode_3": "14",
    "refcode_4": "1902",
    "refcode_short": "SITI June 4,  1902, page 3.14",
    "refcode_long": "The Signs of the Times, vol. 28 June 4,  1902, page 3 paragraph 14",
    "element_type": "p",
    "element_subtype": "standard-indented",
    "content": "The chasing away of this young man&mdash;his name was Manasseh&mdash;brought curious historical results. The mixture of Samaritans and Jews was now as follows: Sanballat&rsquo;s daughter was married to this young Jew, Manasseh. Tobiah was married to at least one, if not two of the Jewesses. Tobiah&rsquo;s son, Johanan, was also married to a Jewess. And now this company, including young Manasseh, finding themselves permanently excluded from Jerusalem and the temple and worship there, conceived a design to have a temple and worship of their own. However, so long as Artaxerxes Longimanus lived, they could do nothing, because of his fixed favor toward the temple and worship in Jerusalem. But in 425 B. C. Artaxerxes died. He was succeeded by Xerxes II., who, after forty-five days, was murdered and succeeded by his half half-brother, Sogilianus; and he in turn, after six months and fifteen days, was murdered and succeeded by <em>his</em> half-brother, Ochus, who reigned as Darius Nothus. To Darius Nothus Sanballat made personal application, and was successful in obtaining from him a grant to build on Mount Gerizim, near Samaria, a temple like that at Jerusalem, and to make Manasseh, his son-in-law, high priest of it.",
    "puborder": 346,
    "translations": []
  },
  {
    "para_id": "1220.375",
    "id_prev": "1220.374",
    "id_next": "1220.376",
    "refcode_1": "SITI",
    "refcode_2": "3",
    "refcode_3": "15",
    "refcode_4": "1902",
    "refcode_short": "SITI June 4,  1902, page 3.15",
    "refcode_long": "The Signs of the Times, vol. 28 June 4,  1902, page 3 paragraph 15",
    "element_type": "p",
    "element_subtype": "standard-indented",
    "content": "Sanballat having built this temple, and made Manasseh high priest of it, Samaria thenceforth became the common refuge and asylum of the refractory Jews; so that, if any among them were found guilty of violating the law, ad in eating forbidden meats, the breach of the Sabbath, or the like, and were called to an account for it, they fled to the Samaritans, and there found reception; by which means it came to pass that, after some time, the greatest part of that people were made up of apostate Jews and their descendants.... The mixing of so many Jews among them soon made a change in their religion. For whereas they had hitherto worshiped the God of Israel only in conjunction with their other gods,&mdash;that is, the gods of those nations of the East from whence they came,&mdash;after a temple was built among them, in which the daily service was constantly performed in the same manner as at Jerusalem, and the book of the law of Moses was brought to Samaria, and there publicly read to them, they soon left off worshiping their false gods, and conformed themselves wholly to the worship of the true God, according to the rule which was in that book prescribed to them.",
    "puborder": 347,
    "translations": []
  },
  {
    "para_id": "1220.376",
    "id_prev": "1220.375",
    "id_next": "1220.379",
    "refcode_1": "SITI",
    "refcode_2": "3",
    "refcode_3": "16",
    "refcode_4": "1902",
    "refcode_short": "SITI June 4,  1902, page 3.16",
    "refcode_long": "The Signs of the Times, vol. 28 June 4,  1902, page 3 paragraph 16",
    "element_type": "p",
    "element_subtype": "blockquote-indented",
    "content": "However, the Jews, looking on them as apostates, hated them above all the nations of the earth, so as to avoid all manner of converse and communication with them. This hatred first began from the opposition which the Samaritans made against them on their return from the Babylonish captivity, both in their rebuilding of the temple, and their repairing of the walls of Jerusalem, of which an account hath been above given; and it was afterward much increased by this apostasy of Manasseh and those who <span class=\"page-break\" data-page=\"356\"></span> joined with him in it, and by their erecting ... an altar and a temple in opposition to theirs at Jerusalem. And all others who, at any time after fled from Jerusalem for the violation of the law, always finding reception among them, this continually further added to the fancor which the Jews had entertained against them, till at length it grew to that length that the Jews published a curse and an anathema against them, the bitterest that ever was denounced against any people. For thereby they forbade all manner of communication with them, declared all the fruits and products of their land, and everything else of theirs which was either eaten or drunk among them, to be as swine&rsquo;s flesh; and prohibited all of their nation ever to taste thereof, and also excluded all of that people from ever being received as proselytes to their religion.&mdash;<em>Prideaux</em>.",
    "puborder": 348,
    "translations": []
  },
  {
    "para_id": "1220.379",
    "id_prev": "1220.376",
    "id_next": "1220.380",
    "refcode_1": "SITI",
    "refcode_2": "356",
    "refcode_3": "1",
    "refcode_4": "1902",
    "refcode_short": "SITI June 4,  1902, page 356.1",
    "refcode_long": "The Signs of the Times, vol. 28 June 4,  1902, page 356 paragraph 1",
    "element_type": "p",
    "element_subtype": "standard-indented",
    "content": "This is why the woman of Samaria was so surprised when Jesus asked her to give him a drink of water: and she replied, &ldquo;How is it that Thou, being a Jew, askest drink of me, which am a woman of Samaria? for the Jews have no dealings with the Samaritans.&rdquo; It also illustrates the force of that expression of the Jews to the Saviour. &ldquo;Thou art a Samaritan, and hast a devil,&rdquo; as in their estimation to be a Samaritan and to have a devil&mdash;be possessed&mdash;were the same thing.",
    "puborder": 349,
    "translations": []
  },
  {
    "para_id": "1220.380",
    "id_prev": "1220.379",
    "id_next": "1220.381",
    "refcode_1": "SITI",
    "refcode_2": "356",
    "refcode_3": "2",
    "refcode_4": "1902",
    "refcode_short": "SITI June 4,  1902, page 356.2",
    "refcode_long": "The Signs of the Times, vol. 28 June 4,  1902, page 356 paragraph 2",
    "element_type": "p",
    "element_subtype": "standard-indented",
    "content": "[&ldquo;Backsliding to Confirmed Apostasy&rdquo; is the title of the instructive article to appear next week.]",
    "puborder": 350,
    "translations": []
  }
]