[
  {
    "para_id": "504.919",
    "id_prev": "504.918",
    "id_next": "504.920",
    "refcode_1": "HR",
    "refcode_2": "B",
    "refcode_3": "",
    "refcode_4": "1874",
    "refcode_short": "HR January 1,  1874, par. 11",
    "refcode_long": "The Health Reformer January 1,  1874, paragraph 11",
    "element_type": "h3",
    "element_subtype": "",
    "content": "January 1, 1874",
    "puborder": 927,
    "translations": []
  },
  {
    "para_id": "504.920",
    "id_prev": "504.919",
    "id_next": "504.921",
    "refcode_1": "HR",
    "refcode_2": "B",
    "refcode_3": "",
    "refcode_4": "1874",
    "refcode_short": "HR January 1,  1874",
    "refcode_long": "The Health Reformer January 1,  1874",
    "element_type": "h5",
    "element_subtype": "",
    "content": "Children&apos;s Winter Dress",
    "puborder": 928,
    "translations": []
  },
  {
    "para_id": "504.921",
    "id_prev": "504.920",
    "id_next": "504.922",
    "refcode_1": "HR",
    "refcode_2": "B",
    "refcode_3": "",
    "refcode_4": "1874",
    "refcode_short": "",
    "refcode_long": "",
    "element_type": "p",
    "element_subtype": "periodicalauthor",
    "content": "EGW",
    "puborder": 929,
    "translations": []
  },
  {
    "para_id": "504.922",
    "id_prev": "504.921",
    "id_next": "504.923",
    "refcode_1": "HR",
    "refcode_2": "B",
    "refcode_3": "",
    "refcode_4": "1874",
    "refcode_short": "HR January 1,  1874, par. 1",
    "refcode_long": "The Health Reformer January 1,  1874, paragraph 1",
    "element_type": "p",
    "element_subtype": "standard-indented",
    "content": "There is a fashionable way and a healthful way to dress a child. Mothers generally pay more attention to the former than to the latter. It is doubtless very pretty and becoming to dress a little girl in short skirts, covering her daintily-shaped ankle and handsome limb with a thin, silken or cotton stocking, encasing her foot in a thin-soled and exquisitely shaped shoe, while her shoulders are loaded with cloak, furs, and scarf. She looks well&mdash;presents an elegant appearance, in fact, and the mother is pleased thereat.",
    "puborder": 930,
    "translations": []
  },
  {
    "para_id": "504.923",
    "id_prev": "504.922",
    "id_next": "504.924",
    "refcode_1": "HR",
    "refcode_2": "B",
    "refcode_3": "",
    "refcode_4": "1874",
    "refcode_short": "HR January 1,  1874, par. 2",
    "refcode_long": "The Health Reformer January 1,  1874, paragraph 2",
    "element_type": "p",
    "element_subtype": "standard-indented",
    "content": "It is really distressing to witness this manner of dressing children during the winter months. No grown person could be comfortable for a moment in such a rig, and it is only from constant exercise in running that children so clad can secure any degree of comfort while upon the street. Dressing their extremities so thinly is not only uncomfortable, but unhealthful as well. When they run, becoming heated in play, and then sit or stand in the open air, the blood is driven rapidly from the extremities to the trunk, exposing the little ones to congestion of the lungs and mucous surfaces, when they are said to have a &ldquo;bad cold.&rdquo;",
    "puborder": 931,
    "translations": []
  },
  {
    "para_id": "504.924",
    "id_prev": "504.923",
    "id_next": "504.925",
    "refcode_1": "HR",
    "refcode_2": "B",
    "refcode_3": "",
    "refcode_4": "1874",
    "refcode_short": "HR January 1,  1874, par. 3",
    "refcode_long": "The Health Reformer January 1,  1874, paragraph 3",
    "element_type": "p",
    "element_subtype": "standard-indented",
    "content": "See that your children wear snugly-fitting, woolen, or canton-flannel drawers next their skin; over this the stocking may be drawn, and, in the colder days, woolen leggings should be worn over all. Let their shoes be thick and covered by warm overshoes; their limbs may not look so neatly, but they will certainly be comfortable, and the corresponding improvement in the health of your children will more than repay you for your temporary mortification at their unfashionable appearance.",
    "puborder": 932,
    "translations": []
  }
]