[
  {
    "para_id": "14823.4027",
    "id_prev": "14823.4025",
    "id_next": "14823.4028",
    "refcode_1": "365D",
    "refcode_2": "199",
    "refcode_3": "",
    "refcode_4": "200",
    "refcode_short": "365D 199",
    "refcode_long": "365 Days in the Gospels and Spirit of Prophecy, p. 199 (Ellen G. White Estate)",
    "element_type": "h3",
    "element_subtype": "",
    "content": "Grace is a Gift, Not a Wage &mdash; July 18 <sup class=\"footnote\"><a class=\"footnote\">[Description]<span class=\"footnote\">Passage Overview:<br />This passage expands on the parable of the Prodigal Son, highlighting not the younger son&apos;s redemption, but the heart condition of the elder brother. Though he remained physically close to the father, the elder son was spiritually distant&mdash;working for reward, not out of love. His jealousy and resentment toward his brother&rsquo;s restoration exposed his self-righteousness and lack of mercy. Jesus uses this part of the story as a direct appeal to the Pharisees (and to all who see themselves as morally superior), challenging them to recognize their cold, critical spirit. God freely offers love, grace, and belonging&mdash;not as wages, but as gifts. And those who truly know His love will reflect it: rejoicing in repentance, walking humbly, and welcoming others as true family.</span></a></sup>",
    "puborder": 3826,
    "translations": []
  },
  {
    "para_id": "14823.4028",
    "id_prev": "14823.4027",
    "id_next": "14823.4029",
    "refcode_1": "365D",
    "refcode_2": "199",
    "refcode_3": "",
    "refcode_4": "",
    "refcode_short": "365D 199",
    "refcode_long": "365 Days in the Gospels and Spirit of Prophecy, p. 199 (Ellen G. White Estate)",
    "element_type": "h5",
    "element_subtype": "",
    "content": "Spirit of Prophecy Reading",
    "puborder": 3827,
    "translations": []
  },
  {
    "para_id": "14823.4029",
    "id_prev": "14823.4028",
    "id_next": "14823.4030",
    "refcode_1": "365D",
    "refcode_2": "199",
    "refcode_3": "1",
    "refcode_4": "",
    "refcode_short": "365D 199.1",
    "refcode_long": "365 Days in the Gospels and Spirit of Prophecy, p. 199.1 (Ellen G. White Estate)",
    "element_type": "p",
    "element_subtype": "standard-indented",
    "content": "<b><span class=\"egwlink egwlink_book\" title=\"COL 208.1\" data-link=\"15.881\">Christ&rsquo;s Object Lessons pp.208-211</span>:</b>",
    "puborder": 3828,
    "translations": []
  },
  {
    "para_id": "14823.4030",
    "id_prev": "14823.4029",
    "id_next": "14823.4031",
    "refcode_1": "365D",
    "refcode_2": "199",
    "refcode_3": "2",
    "refcode_4": "",
    "refcode_short": "365D 199.2",
    "refcode_long": "365 Days in the Gospels and Spirit of Prophecy, p. 199.2 (Ellen G. White Estate)",
    "element_type": "p",
    "element_subtype": "standard-indented",
    "content": "Yet the father deals tenderly with him. &ldquo;Son,&rdquo; he says, &ldquo;thou art ever with me, and all that I have is thine.&rdquo; Through all these years of your brother&apos;s outcast life, have you not had the privilege of companionship with me?",
    "puborder": 3829,
    "translations": []
  },
  {
    "para_id": "14823.4031",
    "id_prev": "14823.4030",
    "id_next": "14823.4032",
    "refcode_1": "365D",
    "refcode_2": "199",
    "refcode_3": "3",
    "refcode_4": "",
    "refcode_short": "365D 199.3",
    "refcode_long": "365 Days in the Gospels and Spirit of Prophecy, p. 199.3 (Ellen G. White Estate)",
    "element_type": "p",
    "element_subtype": "standard-indented",
    "content": "Everything that could minister to the happiness of his  children was freely theirs. The son need have no question of gift or reward. &ldquo;All that I have is thine.&rdquo; You have only to believe my love, and take the gift that is freely bestowed.",
    "puborder": 3830,
    "translations": []
  },
  {
    "para_id": "14823.4032",
    "id_prev": "14823.4031",
    "id_next": "14823.4033",
    "refcode_1": "365D",
    "refcode_2": "199",
    "refcode_3": "4",
    "refcode_4": "",
    "refcode_short": "365D 199.4",
    "refcode_long": "365 Days in the Gospels and Spirit of Prophecy, p. 199.4 (Ellen G. White Estate)",
    "element_type": "p",
    "element_subtype": "standard-indented",
    "content": "It is true that you claim to be a child of God; but if this claim be true, it is &ldquo;thy brother&rdquo; that was &ldquo;dead, and is alive again; and was lost, and is found.&rdquo; He is bound to you by the closest ties; for God recognizes him as a son. Deny your relationship to him, and you show that you are but a hireling in the household, not a child in the family of God.",
    "puborder": 3831,
    "translations": []
  },
  {
    "para_id": "14823.4033",
    "id_prev": "14823.4032",
    "id_next": "14823.4035",
    "refcode_1": "365D",
    "refcode_2": "199",
    "refcode_3": "5",
    "refcode_4": "",
    "refcode_short": "365D 199.5",
    "refcode_long": "365 Days in the Gospels and Spirit of Prophecy, p. 199.5 (Ellen G. White Estate)",
    "element_type": "p",
    "element_subtype": "standard-indented",
    "content": "Though you will not join in the greeting to the lost, the joy will go on, the restored one will have his place by the Father&apos;s side and in the Father&apos;s work. He that is forgiven much, the same loves much. But you will be in the darkness without. For &ldquo;he that loveth not knoweth not God; for God is love.&rdquo; <span title=\"1 John 4:8\" data-link=\"1965.62450\" class=\"egwlink egwlink_bible\">1 John 4:8</span>.",
    "puborder": 3832,
    "translations": []
  }
]