[
  {
    "para_id": "469.1734",
    "id_prev": "469.1733",
    "id_next": "469.1735",
    "refcode_1": "YI",
    "refcode_2": "",
    "refcode_3": "",
    "refcode_4": "1894",
    "refcode_short": "YI December 6,  1894",
    "refcode_long": "The Youth’s Instructor December 6,  1894",
    "element_type": "h3",
    "element_subtype": "",
    "content": "December 6, 1894",
    "puborder": 1762,
    "translations": []
  },
  {
    "para_id": "469.1735",
    "id_prev": "469.1734",
    "id_next": "469.1736",
    "refcode_1": "YI",
    "refcode_2": "",
    "refcode_3": "",
    "refcode_4": "1894",
    "refcode_short": "YI December 6,  1894",
    "refcode_long": "The Youth’s Instructor December 6,  1894",
    "element_type": "h5",
    "element_subtype": "",
    "content": "Words to the Young",
    "puborder": 1763,
    "translations": []
  },
  {
    "para_id": "469.1736",
    "id_prev": "469.1735",
    "id_next": "469.1737",
    "refcode_1": "YI",
    "refcode_2": "",
    "refcode_3": "",
    "refcode_4": "1894",
    "refcode_short": "",
    "refcode_long": "",
    "element_type": "p",
    "element_subtype": "periodicalauthor",
    "content": "EGW",
    "puborder": 1764,
    "translations": []
  },
  {
    "para_id": "469.1737",
    "id_prev": "469.1736",
    "id_next": "469.1738",
    "refcode_1": "YI",
    "refcode_2": "",
    "refcode_3": "",
    "refcode_4": "1894",
    "refcode_short": "YI December 6,  1894, par. 1",
    "refcode_long": "The Youth’s Instructor December 6,  1894, paragraph 1",
    "element_type": "p",
    "element_subtype": "standard-indented",
    "content": "Christ is the sinner&apos;s substitute and surety. He has obeyed the law in the sinner&apos;s place, in order that the sinner may believe in him, and grow up into him in all things to the full stature of a man in Christ Jesus, and thus be complete in him. Christ has made reconciliation for sin, and has borne all its ignominy, reproach, and punishment; and yet while bearing sin, he has brought in everlasting righteousness, so that the believer is spotless before God. The time comes when it is asked, &ldquo;Who shall lay anything to the charge of God&apos;s elect?&rdquo; and the answer is, &ldquo;It is Christ that died, yea rather, that is risen again.&rdquo; He who has the spotless robe of righteousness, woven in the loom of heaven, in which is not a thread that sinful humanity can claim, is at the right hand of God, to clothe his believing children in the perfect garment of his righteousness. Those who are saved in the kingdom of God will have nothing of which to boast in themselves; the praise and the glory will all flow back to God the giver of salvation.",
    "puborder": 1765,
    "translations": []
  },
  {
    "para_id": "469.1738",
    "id_prev": "469.1737",
    "id_next": "469.1739",
    "refcode_1": "YI",
    "refcode_2": "",
    "refcode_3": "",
    "refcode_4": "1894",
    "refcode_short": "YI December 6,  1894, par. 2",
    "refcode_long": "The Youth’s Instructor December 6,  1894, paragraph 2",
    "element_type": "p",
    "element_subtype": "standard-indented",
    "content": "But there are many who claim to be children of God who are resting their hopes upon other dependencies, rather than on the blood of Christ alone. When urged to rest their faith wholly upon Christ as a complete Saviour, many reveal the fact that they have faith in something that they think they can do. They say, &ldquo;I have a great deal to do before I can be fit to come to Christ.&rdquo; Another says, &ldquo;When I have done to the uttermost all that I can do, then the Lord Jesus will come to my help.&rdquo; They imagine that they have a great deal to do themselves to save their own souls, and that Jesus will come in and piece out that part which is lacking, and give the finishing stroke to their salvation. These poor souls will not be strong in God until they accept Christ as a complete Saviour. They can add nothing to their salvation. The Israelites were required to sprinkle the door-posts with the blood of a slain lamb, in order that when the angel of death passed through the land, they might escape destruction. But if instead of doing this simple act of faith and obedience, they had barricaded the door, and taken every precaution to keep the destroying angel out, their pains would have been in vain, and would have testified to their unbelief. When the blood was seen upon the door-post, it was enough. The salvation of the house was assured. So it is in the work of salvation; it is the blood of Jesus Christ that cleanseth from all sin.",
    "puborder": 1766,
    "translations": []
  },
  {
    "para_id": "469.1739",
    "id_prev": "469.1738",
    "id_next": "469.1740",
    "refcode_1": "YI",
    "refcode_2": "",
    "refcode_3": "",
    "refcode_4": "1894",
    "refcode_short": "YI December 6,  1894, par. 3",
    "refcode_long": "The Youth’s Instructor December 6,  1894, paragraph 3",
    "element_type": "p",
    "element_subtype": "standard-indented",
    "content": "It is not now the work of the sinner to make peace with God, but to accept Christ as his peace and righteousness. Thus man becomes one with Christ and one with God. There is no way by which the heart may be made holy, save through faith in Christ. Yet many think that repentance is a kind of preparation which men must originate themselves before they can come to Christ. They must take steps themselves in order to find Christ a mediator in their behalf. It is true that there must be repentance before there is pardon; but the sinner must come to Christ before he can find repentance. It is the virtue of Christ that strengthens and enlightens the soul, so, that repentance may be godly and acceptable. Peter has made this matter clear where he says of Christ, &ldquo;Him hath God exalted with his right hand to be a Prince and a Saviour, for to give repentance to Israel, and forgiveness of sins.&rdquo; Repentance is as certainly a gift of Jesus Christ as is forgiveness of sins. Repentance cannot be experienced without Christ; for it is the repentance of which he is the author that is the ground upon which we may apply for pardon. It is through the work of the Holy Spirit that men are led to repentance. It is from Christ that the grace of contrition comes, as well as the gift of pardon, and repentance as well as forgiveness of sins is procured only through the atoning blood of Christ. Those whom God pardons he first makes penitent.",
    "puborder": 1767,
    "translations": []
  },
  {
    "para_id": "469.1740",
    "id_prev": "469.1739",
    "id_next": "469.1741",
    "refcode_1": "YI",
    "refcode_2": "",
    "refcode_3": "",
    "refcode_4": "1894",
    "refcode_short": "YI December 6,  1894, par. 4",
    "refcode_long": "The Youth’s Instructor December 6,  1894, paragraph 4",
    "element_type": "p",
    "element_subtype": "standard-indented",
    "content": "&ldquo;Labor not for the meat which perisheth, but for that meat which endureth unto everlasting life, which the Son of man shall give unto you: for him hath God the Father sealed. Then said they unto him, What shall we do, that we might work the works of God? Jesus answered and said unto them, This is the work of God, that ye believe on him whom he hath sent.&rdquo; Christ has paid a dear price for the mansions which he has gone to prepare for those who believe in him. Those who shall inhabit those mansions must be fitted for the society of heaven by the righteousness of Christ, and by the work of the Holy Spirit. The preparation for heaven must be made in probationary time, and there must now be submission to the work of the Spirit of God on the heart, in order that the soul may be brought into communication with heaven, and may be educated to enjoy the realities of the eternal world. The righteousness of Christ, which will be imputed to the believing soul, will be the title by which his entrance into heaven will be assured. Through the influence of the Spirit of God, the believer is transformed in character; his taste is refined, his judgment is sanctified, and he becomes complete in Christ. The love that was manifested toward him in the death of Christ, awakens a response of thankful love, and in answer to sincere prayer, the believer is brought from grace to grace, from glory to glory, until by beholding Christ, he is changed into the same image.",
    "puborder": 1768,
    "translations": []
  },
  {
    "para_id": "469.1741",
    "id_prev": "469.1740",
    "id_next": "469.1742",
    "refcode_1": "YI",
    "refcode_2": "",
    "refcode_3": "",
    "refcode_4": "1894",
    "refcode_short": "",
    "refcode_long": "",
    "element_type": "p",
    "element_subtype": "egwsignatureline",
    "content": "Mrs. E. G. White",
    "puborder": 1769,
    "translations": []
  }
]