[
  {
    "para_id": "469.2817",
    "id_prev": "469.2816",
    "id_next": "469.2818",
    "refcode_1": "YI",
    "refcode_2": "",
    "refcode_3": "",
    "refcode_4": "1898",
    "refcode_short": "YI April 7,  1898",
    "refcode_long": "The Youth’s Instructor April 7,  1898",
    "element_type": "h3",
    "element_subtype": "",
    "content": "April 7, 1898",
    "puborder": 2849,
    "translations": []
  },
  {
    "para_id": "469.2818",
    "id_prev": "469.2817",
    "id_next": "469.2819",
    "refcode_1": "YI",
    "refcode_2": "",
    "refcode_3": "",
    "refcode_4": "1898",
    "refcode_short": "YI April 7,  1898",
    "refcode_long": "The Youth’s Instructor April 7,  1898",
    "element_type": "h5",
    "element_subtype": "",
    "content": "The True Object of Education&mdash;No. 2",
    "puborder": 2850,
    "translations": []
  },
  {
    "para_id": "469.2819",
    "id_prev": "469.2818",
    "id_next": "469.2820",
    "refcode_1": "YI",
    "refcode_2": "",
    "refcode_3": "",
    "refcode_4": "1898",
    "refcode_short": "",
    "refcode_long": "",
    "element_type": "p",
    "element_subtype": "periodicalauthor",
    "content": "EGW",
    "puborder": 2851,
    "translations": []
  },
  {
    "para_id": "469.2820",
    "id_prev": "469.2819",
    "id_next": "469.2821",
    "refcode_1": "YI",
    "refcode_2": "",
    "refcode_3": "",
    "refcode_4": "1898",
    "refcode_short": "YI April 7,  1898, par. 1",
    "refcode_long": "The Youth’s Instructor April 7,  1898, paragraph 1",
    "element_type": "p",
    "element_subtype": "standard-indented",
    "content": "Students are to bear in mind that their life is a talent, to be highly appreciated and dedicated to the Lord. Those who attend school are to study the Book of books, and through prayer, and close, deep research, obtain a Bible education. They are to learn lessons in the school of Christ; they are to work in Christ&apos;s lines.",
    "puborder": 2852,
    "translations": []
  },
  {
    "para_id": "469.2821",
    "id_prev": "469.2820",
    "id_next": "469.2822",
    "refcode_1": "YI",
    "refcode_2": "",
    "refcode_3": "",
    "refcode_4": "1898",
    "refcode_short": "YI April 7,  1898, par. 2",
    "refcode_long": "The Youth’s Instructor April 7,  1898, paragraph 2",
    "element_type": "p",
    "element_subtype": "standard-indented",
    "content": "The right use of one&apos;s self includes the whole circle of obligations to one&apos;s self, to the world, and to God. Then use the physical powers proportionately with the mental powers. Every action derives its quality from the motive which prompts it, and if the motives are not high, and pure, and unselfish, the mind and character will never become well balanced. Those who come from their school life without having educated the muscles proportionately with the brain will seldom recover from the harm they received in their one-sided education. On the part of such there is seldom a deep, earnest purpose that leads to deep, earnest work. They are not fit to train other minds, because their own have never been trained. They are fitful in their movements. They cannot reason from cause to effect. They will speak when it would be eloquence to keep silence, and will be silent on those themes on which they should speak,&mdash;themes that should occupy the heart and mind and regulate the life.",
    "puborder": 2853,
    "translations": []
  },
  {
    "para_id": "469.2822",
    "id_prev": "469.2821",
    "id_next": "469.2823",
    "refcode_1": "YI",
    "refcode_2": "",
    "refcode_3": "",
    "refcode_4": "1898",
    "refcode_short": "YI April 7,  1898, par. 3",
    "refcode_long": "The Youth’s Instructor April 7,  1898, paragraph 3",
    "element_type": "p",
    "element_subtype": "standard-indented",
    "content": "The talents entrusted of God are a sacred treasure, and should be put to practical use. Useful work is a valuable education. If either this practical education or the study of books must be neglected, let it be the study of books, and let the student take up the real, practical duties of life. The youth who have been educated to consider the best plans for doing good at home will extend their work to the neighborhood, the church, and every line of missionary work.",
    "puborder": 2854,
    "translations": []
  },
  {
    "para_id": "469.2823",
    "id_prev": "469.2822",
    "id_next": "469.2824",
    "refcode_1": "YI",
    "refcode_2": "",
    "refcode_3": "",
    "refcode_4": "1898",
    "refcode_short": "YI April 7,  1898, par. 4",
    "refcode_long": "The Youth’s Instructor April 7,  1898, paragraph 4",
    "element_type": "p",
    "element_subtype": "standard-indented",
    "content": "God calls upon us all to render obedience to the principles he has revealed to us in the work appointed to Adam in Eden. There will be employment in Eden restored. Our dear young students who have not been trained at home by their parents, need to have an education that will counteract their home education. Until they learn the first principles of proper education, they cannot be trusted as teachers of the youth. They are to engage in a career that requires settled purposes, high principles, and holy aims. If they do not learn anew, they will bring into their religious life a superficial work which will disqualify them to teach the word of God. Their minds grasp at ideas that lead to error. Capricious fancies may for a time supply the place of truth; but the thoughts grasped have no foundation in truth. Their minds do not penetrate deep enough to see the outcome of assertions that will counterwork the work of God.",
    "puborder": 2855,
    "translations": []
  },
  {
    "para_id": "469.2824",
    "id_prev": "469.2823",
    "id_next": "469.2825",
    "refcode_1": "YI",
    "refcode_2": "",
    "refcode_3": "",
    "refcode_4": "1898",
    "refcode_short": "YI April 7,  1898, par. 5",
    "refcode_long": "The Youth’s Instructor April 7,  1898, paragraph 5",
    "element_type": "p",
    "element_subtype": "standard-indented",
    "content": "The study of Latin and Greek is of far less consequence to ourselves, to the world, and to God than the thorough study and use of the whole human machinery. It is a sin to study books to the neglect of the various branches of usefulness in practical life. Never can one who is ignorant of the house we live in have an all-round life.",
    "puborder": 2856,
    "translations": []
  },
  {
    "para_id": "469.2825",
    "id_prev": "469.2824",
    "id_next": "469.2826",
    "refcode_1": "YI",
    "refcode_2": "",
    "refcode_3": "",
    "refcode_4": "1898",
    "refcode_short": "YI April 7,  1898, par. 6",
    "refcode_long": "The Youth’s Instructor April 7,  1898, paragraph 6",
    "element_type": "p",
    "element_subtype": "standard-indented",
    "content": "Exercise should be taken, not in play and amusement merely to please self, but exercise that will teach the science of doing good. There is a science in the use of the hand. Students who think that education consists only in book study never make a right use of their hands. They should be taught to do the work that thousands of hands are never educated to do. The powers thus developed and cultivated can be most usefully employed. In the cultivation of the soil, in building houses, in studying and planning various methods of labor, the brain must be exercised, and students can apply themselves to much better purpose when a portion of their time is devoted to physical taxation, wearying the muscles. Nature will then give sweet repose.",
    "puborder": 2857,
    "translations": []
  },
  {
    "para_id": "469.2826",
    "id_prev": "469.2825",
    "id_next": "469.2827",
    "refcode_1": "YI",
    "refcode_2": "",
    "refcode_3": "",
    "refcode_4": "1898",
    "refcode_short": "YI April 7,  1898, par. 7",
    "refcode_long": "The Youth’s Instructor April 7,  1898, paragraph 7",
    "element_type": "p",
    "element_subtype": "standard-indented",
    "content": "Students, your life is God&apos;s property. He has entrusted it to you, that you may honor and glorify him. You are the Lord&apos;s; for he created you. You are his by redemption; for he gave his life for you. The only begotten Son of God paid the ransom for your deliverance from Satan; and for his sake you should appreciate every power, every organ, every sinew and muscle. Preserve every portion of the living machinery, that you may use it for God. Preserve it for him. Your health depends upon the right use of your physical organism. Do not misuse any portion of your God-given powers, physical, mental, or moral. All your habits are to be brought under the control of a mind that is itself under the control of God.",
    "puborder": 2858,
    "translations": []
  },
  {
    "para_id": "469.2827",
    "id_prev": "469.2826",
    "id_next": "469.2828",
    "refcode_1": "YI",
    "refcode_2": "",
    "refcode_3": "",
    "refcode_4": "1898",
    "refcode_short": "YI April 7,  1898, par. 8",
    "refcode_long": "The Youth’s Instructor April 7,  1898, paragraph 8",
    "element_type": "p",
    "element_subtype": "standard-indented",
    "content": "If young men and women would grow up to the full stature of Christ Jesus, they must treat themselves intelligently. Conscientiousness in methods of education is as essential as in the consideration of the doctrines of our faith. Unhealthful habits of every order&mdash;late hours at night, late hours in bed in the morning, rapid eating&mdash;are to be overcome. Masticate your food thoroughly. Let there be no hurried eating. Have your room well ventilated day and night, and perform useful physical labor. Tight-lacing is a sin, and will bring its sure results. The lungs, the liver, and the heart need all the room the Lord has provided for them. Your Creator understood how much room the heart and liver require in order to act their part in the human organism. Let not Satan tempt you to crowd the delicate organs, so that they shall be trammeled in their work. Do not, because the fashion of this degenerate world requires it, so crowd the life forces that they will have no freedom. Satan suggested all such fashions, that the human family might suffer the sure results of abusing God&apos;s handiwork.",
    "puborder": 2859,
    "translations": []
  },
  {
    "para_id": "469.2828",
    "id_prev": "469.2827",
    "id_next": "469.2829",
    "refcode_1": "YI",
    "refcode_2": "",
    "refcode_3": "",
    "refcode_4": "1898",
    "refcode_short": "YI April 7,  1898, par. 9",
    "refcode_long": "The Youth’s Instructor April 7,  1898, paragraph 9",
    "element_type": "p",
    "element_subtype": "standard-indented",
    "content": "All this must be a part of the education received in school; for we are God&apos;s property. The sacred temple of the body must be kept pure and uncontaminated, that God&apos;s Holy Spirit may dwell therein. We need to guard faithfully the Lord&apos;s property; for any abuse of our powers shortens the time that our lives could be used for the glory of God. Bear in mind that we must consecrate all&mdash;soul, body, and spirit&mdash;to God. All is his purchased possession, and must be used intelligently, to the end that we may preserve the talent of life. By properly using our powers to their fullest extent in the most useful employment, by keeping every organ in health, by so preserving every organ that mind, sinew, and muscle shall work harmoniously, we may do the most precious service for God.",
    "puborder": 2860,
    "translations": []
  },
  {
    "para_id": "469.2829",
    "id_prev": "469.2828",
    "id_next": "469.2830",
    "refcode_1": "YI",
    "refcode_2": "",
    "refcode_3": "",
    "refcode_4": "1898",
    "refcode_short": "",
    "refcode_long": "",
    "element_type": "p",
    "element_subtype": "egwsignatureline",
    "content": "Mrs. E. G. White",
    "puborder": 2861,
    "translations": []
  }
]