[
  {
    "para_id": "469.3282",
    "id_prev": "469.3281",
    "id_next": "469.3283",
    "refcode_1": "YI",
    "refcode_2": "",
    "refcode_3": "",
    "refcode_4": "1898",
    "refcode_short": "YI December 15,  1898",
    "refcode_long": "The Youth’s Instructor December 15,  1898",
    "element_type": "h3",
    "element_subtype": "",
    "content": "December 15, 1898",
    "puborder": 3313,
    "translations": []
  },
  {
    "para_id": "469.3283",
    "id_prev": "469.3282",
    "id_next": "469.3284",
    "refcode_1": "YI",
    "refcode_2": "",
    "refcode_3": "",
    "refcode_4": "1898",
    "refcode_short": "YI December 15,  1898",
    "refcode_long": "The Youth’s Instructor December 15,  1898",
    "element_type": "h5",
    "element_subtype": "",
    "content": "Peter&apos;s Fall and Restoration&mdash;No. 1",
    "puborder": 3314,
    "translations": []
  },
  {
    "para_id": "469.3284",
    "id_prev": "469.3283",
    "id_next": "469.3285",
    "refcode_1": "YI",
    "refcode_2": "",
    "refcode_3": "",
    "refcode_4": "1898",
    "refcode_short": "",
    "refcode_long": "",
    "element_type": "p",
    "element_subtype": "periodicalauthor",
    "content": "EGW",
    "puborder": 3315,
    "translations": []
  },
  {
    "para_id": "469.3285",
    "id_prev": "469.3284",
    "id_next": "469.3286",
    "refcode_1": "YI",
    "refcode_2": "",
    "refcode_3": "",
    "refcode_4": "1898",
    "refcode_short": "YI December 15,  1898, par. 1",
    "refcode_long": "The Youth’s Instructor December 15,  1898, paragraph 1",
    "element_type": "p",
    "element_subtype": "standard-indented",
    "content": "The reason so many of Christ&apos;s professed disciples fall into grievous temptation is that they have not a correct knowledge of themselves. Here is where Peter was so thoroughly sifted by the enemy. If we could understand our own weakness, we should see so much to do for ourselves that we would humble our hearts under the mighty hand of God. Hanging our helpless souls upon Christ, we would supplement our ignorance with his wisdom, our weakness with his strength, our frailty with his enduring might.",
    "puborder": 3316,
    "translations": []
  },
  {
    "para_id": "469.3286",
    "id_prev": "469.3285",
    "id_next": "469.3287",
    "refcode_1": "YI",
    "refcode_2": "",
    "refcode_3": "",
    "refcode_4": "1898",
    "refcode_short": "YI December 15,  1898, par. 2",
    "refcode_long": "The Youth’s Instructor December 15,  1898, paragraph 2",
    "element_type": "p",
    "element_subtype": "standard-indented",
    "content": "Peter fell because he did not know his own frailty. He thought himself strong. He said: &ldquo;Lord, I am ready to go with thee, both into prison, and to death.&rdquo; &ldquo;I will lay down my life for thy sake.&rdquo; Jesus answered him, &ldquo;I tell thee, Peter, the cock shall not crow this day, before that thou shalt thrice deny that thou knowest me.&rdquo; But Peter &ldquo;spake the more vehemently, If I should die with thee, I will not deny thee in any wise.&rdquo;",
    "puborder": 3317,
    "translations": []
  },
  {
    "para_id": "469.3287",
    "id_prev": "469.3286",
    "id_next": "469.3288",
    "refcode_1": "YI",
    "refcode_2": "",
    "refcode_3": "",
    "refcode_4": "1898",
    "refcode_short": "YI December 15,  1898, par. 3",
    "refcode_long": "The Youth’s Instructor December 15,  1898, paragraph 3",
    "element_type": "p",
    "element_subtype": "standard-indented",
    "content": "Christ had said to Peter: &ldquo;Simon, Simon, behold, Satan hath desired to have you, that he may sift you as wheat: but I have prayed for thee, that thy faith fail not: and when thou art converted, strengthen thy brethren.&rdquo;",
    "puborder": 3318,
    "translations": []
  },
  {
    "para_id": "469.3288",
    "id_prev": "469.3287",
    "id_next": "469.3289",
    "refcode_1": "YI",
    "refcode_2": "",
    "refcode_3": "",
    "refcode_4": "1898",
    "refcode_short": "YI December 15,  1898, par. 4",
    "refcode_long": "The Youth’s Instructor December 15,  1898, paragraph 4",
    "element_type": "p",
    "element_subtype": "standard-indented",
    "content": "Had Peter walked humbly with God, hiding self in Christ; had he earnestly looked for divine help; had he been less self-confident; had he received the Lord&apos;s instruction and practised it, he would have been watching unto prayer, working out his own salvation with fear and trembling. Had he closely examined himself, the Lord would have given him divine help, and there would have been no need of Satan&apos;s sifting. The enemy can not overcome the humble learner of Christ, the one who walks prayerfully before the Lord. Christ interposes himself as a shelter, a retreat, from the assaults of the wicked one. The promise is given, &ldquo;When the enemy shall come in like a flood, the Spirit of the Lord shall lift up a standard against him.&rdquo; Peter was not intelligent in regard to his own defects of character. He did not see his need of the power and grace of Christ in order that he might know himself.",
    "puborder": 3319,
    "translations": []
  },
  {
    "para_id": "469.3289",
    "id_prev": "469.3288",
    "id_next": "469.3290",
    "refcode_1": "YI",
    "refcode_2": "",
    "refcode_3": "",
    "refcode_4": "1898",
    "refcode_short": "YI December 15,  1898, par. 5",
    "refcode_long": "The Youth’s Instructor December 15,  1898, paragraph 5",
    "element_type": "p",
    "element_subtype": "standard-indented",
    "content": "Satan was permitted to tempt the too confident Peter, as he had been permitted to tempt Job; but when that work was done, he had to retire. Had Satan been suffered to have his way, there would have been no hope for Peter. He would have made complete shipwreck of faith. But the enemy dare not go one hair&apos;s-breadth beyond his appointed sphere. There is no power in the whole satanic force that can disable the soul that trusts, in simple confidence, in the wisdom that comes from God.",
    "puborder": 3320,
    "translations": []
  },
  {
    "para_id": "469.3290",
    "id_prev": "469.3289",
    "id_next": "469.3291",
    "refcode_1": "YI",
    "refcode_2": "",
    "refcode_3": "",
    "refcode_4": "1898",
    "refcode_short": "YI December 15,  1898, par. 6",
    "refcode_long": "The Youth’s Instructor December 15,  1898, paragraph 6",
    "element_type": "p",
    "element_subtype": "standard-indented",
    "content": "Mark the course pursued by Peter. His fall was not instantaneous, but gradual. Step after step was taken, until the poor, sinful one denied his Lord with cursing and swearing. He denied the Man of Sorrows in his acquaintance with grief.",
    "puborder": 3321,
    "translations": []
  },
  {
    "para_id": "469.3291",
    "id_prev": "469.3290",
    "id_next": "469.3292",
    "refcode_1": "YI",
    "refcode_2": "",
    "refcode_3": "",
    "refcode_4": "1898",
    "refcode_short": "YI December 15,  1898, par. 7",
    "refcode_long": "The Youth’s Instructor December 15,  1898, paragraph 7",
    "element_type": "p",
    "element_subtype": "standard-indented",
    "content": "The crowing of the cock reminded Peter of the words of Christ, and, surprised and shocked, he turned and looked at his Master. At that moment, Christ looked at Peter, and beholding that grieved look, in which compassion and love for him were blended, Peter understood himself. With startling vividness his self-confident words flashed upon his minds: &ldquo;Although all shall be offended, yet will not I.&rdquo; &ldquo;I am ready to go with thee, both into prison, and to death.&rdquo; And yet he had denied his Lord with cursing and swearing!",
    "puborder": 3322,
    "translations": []
  },
  {
    "para_id": "469.3292",
    "id_prev": "469.3291",
    "id_next": "469.3293",
    "refcode_1": "YI",
    "refcode_2": "",
    "refcode_3": "",
    "refcode_4": "1898",
    "refcode_short": "YI December 15,  1898, par. 8",
    "refcode_long": "The Youth’s Instructor December 15,  1898, paragraph 8",
    "element_type": "p",
    "element_subtype": "standard-indented",
    "content": "But Peter was not left in hopelessness. The look that Christ had given him brought a ray of hope to the erring disciple. He read there the words, &ldquo;Peter, I am sorry for you. Because you are sorry and repent, I forgive you.&rdquo; While Peter&apos;s soul was passing through such deep humiliation, through the awful struggle with satanic agencies, he remembered the words of Christ, &ldquo;I have prayed for thee;&rdquo; and they were to him a precious assurance.",
    "puborder": 3323,
    "translations": []
  },
  {
    "para_id": "469.3293",
    "id_prev": "469.3292",
    "id_next": "469.3294",
    "refcode_1": "YI",
    "refcode_2": "",
    "refcode_3": "",
    "refcode_4": "1898",
    "refcode_short": "YI December 15,  1898, par. 9",
    "refcode_long": "The Youth’s Instructor December 15,  1898, paragraph 9",
    "element_type": "p",
    "element_subtype": "standard-indented",
    "content": "The watch-care of Christ for Peter was the cause of his restoration. Satan could do nothing against the all-powerful intercession of Christ. And the prayer that Christ offered for Peter he offers in behalf of all who are humble and contrite in heart. He is our Advocate through the Holy Spirit. Before the Father he pleads the power and efficacy of his word. John declares: &ldquo;If any man sin, we have an advocate with the Father, Jesus Christ the righteous.&rdquo;",
    "puborder": 3324,
    "translations": []
  },
  {
    "para_id": "469.3294",
    "id_prev": "469.3293",
    "id_next": "469.3295",
    "refcode_1": "YI",
    "refcode_2": "",
    "refcode_3": "",
    "refcode_4": "1898",
    "refcode_short": "YI December 15,  1898, par. 10",
    "refcode_long": "The Youth’s Instructor December 15,  1898, paragraph 10",
    "element_type": "p",
    "element_subtype": "standard-indented",
    "content": "In Peter&apos;s fall we have before us our own individual cases. Just as verily as did Peter, many of the professedly commandment-keeping people of God dishonor and bring reproach upon their best Friend,&mdash;the One who can save them to the uttermost. But the Lord would restore to himself all who have put him to shame by their unscriptural course of action.",
    "puborder": 3325,
    "translations": []
  },
  {
    "para_id": "469.3295",
    "id_prev": "469.3294",
    "id_next": "469.3296",
    "refcode_1": "YI",
    "refcode_2": "",
    "refcode_3": "",
    "refcode_4": "1898",
    "refcode_short": "YI December 15,  1898, par. 11",
    "refcode_long": "The Youth’s Instructor December 15,  1898, paragraph 11",
    "element_type": "p",
    "element_subtype": "standard-indented",
    "content": "Peter sinned against light and knowledge, and against great and exalted privileges. It was self-confidence that caused him to fail, and it is this same evil that is now working in human hearts. It may be our purpose to be right and to do right, but we shall most surely err unless we are constant learners in the school of Christ. Our only safety is in walking humbly with God.",
    "puborder": 3326,
    "translations": []
  },
  {
    "para_id": "469.3296",
    "id_prev": "469.3295",
    "id_next": "469.3297",
    "refcode_1": "YI",
    "refcode_2": "",
    "refcode_3": "",
    "refcode_4": "1898",
    "refcode_short": "",
    "refcode_long": "",
    "element_type": "p",
    "element_subtype": "egwsignatureline",
    "content": "Mrs. E. G. White",
    "puborder": 3327,
    "translations": []
  }
]