[
  {
    "para_id": "87.162",
    "id_prev": "87.160",
    "id_next": "87.163",
    "refcode_1": "Pr",
    "refcode_2": "33",
    "refcode_3": "",
    "refcode_4": "3",
    "refcode_short": "Pr 33",
    "refcode_long": "Prayer, p. 33 (Ellen Gould White)",
    "element_type": "h3",
    "element_subtype": "",
    "content": "Chapter 3&mdash;God Hears Prayer",
    "puborder": 111,
    "translations": [
      {
        "para_id": "2729.117",
        "lang": "de",
        "refcode": "DG 25"
      },
      {
        "para_id": "1765.241",
        "lang": "es",
        "refcode": "Or 41"
      },
      {
        "para_id": "190.173",
        "lang": "es",
        "refcode": "Or06 34"
      },
      {
        "para_id": "2689.170",
        "lang": "ro",
        "refcode": "Rg 33"
      },
      {
        "para_id": "1871.158",
        "lang": "ru",
        "refcode": "Мол 33"
      }
    ]
  },
  {
    "para_id": "87.163",
    "id_prev": "87.162",
    "id_next": "87.164",
    "refcode_1": "Pr",
    "refcode_2": "33",
    "refcode_3": "1",
    "refcode_4": "",
    "refcode_short": "Pr 33.1",
    "refcode_long": "Prayer, p. 33.1 (Ellen Gould White)",
    "element_type": "p",
    "element_subtype": "standard-indented",
    "content": "<strong>God Hears the Prayer of the Humble</strong>&mdash;Our heavenly Father waits to bestow upon us the fullness of His blessing. It is our privilege to drink largely at the fountain of boundless love. What a wonder it is that we pray so little! God is ready and willing to hear the sincere prayer of the humblest of His children, and yet there is much manifest reluctance on our part to make known our wants to God. What can the angels of heaven think of poor helpless human beings, who are subject to temptation, when God&apos;s heart of infinite love yearns toward them, ready to give them more than they can ask or think, and yet they pray so little and have so little faith? The angels love to bow before God; they love to be near Him. They regard communion with God as their highest joy; and yet the children of earth, who need so much the help that God only can give, seem satisfied to walk without the light of His Spirit, the companionship of His presence.&mdash;(<span class=\"egwlink egwlink_book\" title=\"SC 94.1\" data-link=\"108.374\">Steps to Christ, 94</span>.)",
    "puborder": 112,
    "translations": [
      {
        "para_id": "2729.118",
        "lang": "de",
        "refcode": "DG 25.1"
      },
      {
        "para_id": "190.174",
        "lang": "es",
        "refcode": "Or06 34.1"
      },
      {
        "para_id": "1765.243",
        "lang": "es",
        "refcode": "Or 41.1"
      },
      {
        "para_id": "1765.242",
        "lang": "es",
        "refcode": "Or 41"
      },
      {
        "para_id": "2689.171",
        "lang": "ro",
        "refcode": "Rg 33.1"
      },
      {
        "para_id": "1871.159",
        "lang": "ru",
        "refcode": "Мол 33.1"
      }
    ]
  },
  {
    "para_id": "87.164",
    "id_prev": "87.163",
    "id_next": "87.167",
    "refcode_1": "Pr",
    "refcode_2": "33",
    "refcode_3": "2",
    "refcode_4": "",
    "refcode_short": "Pr 33.2",
    "refcode_long": "Prayer, p. 33.2 (Ellen Gould White)",
    "element_type": "p",
    "element_subtype": "standard-indented",
    "content": "Those who have a humble, trusting, contrite heart, God accepts, and hears their prayer; and when God helps, all obstacles will be overcome. How many men of great natural abilities and <span class=\"page-break\" data-page=\"34\"></span> high scholarships have failed when placed in positions of responsibility, while those of feebler intellect, with less favorable surroundings, have been wonderfully successful. The secret was: The former trusted to themselves, while the latter united with Him who is wonderful in counsel and mighty in working to accomplish what He will.&mdash;(<span class=\"egwlink egwlink_book\" title=\"4T 538.1\" data-link=\"114.2652\">Testimonies for the Church 4:538, 539</span>.)",
    "puborder": 113,
    "translations": [
      {
        "para_id": "1765.246",
        "lang": "es",
        "refcode": "Or 42.1"
      },
      {
        "para_id": "190.175",
        "lang": "es",
        "refcode": "Or06 34.2"
      },
      {
        "para_id": "2689.172",
        "lang": "ro",
        "refcode": "Rg 33.2"
      },
      {
        "para_id": "1871.160",
        "lang": "ru",
        "refcode": "Мол 33.2"
      }
    ]
  },
  {
    "para_id": "87.167",
    "id_prev": "87.164",
    "id_next": "87.168",
    "refcode_1": "Pr",
    "refcode_2": "34",
    "refcode_3": "1",
    "refcode_4": "",
    "refcode_short": "Pr 34.1",
    "refcode_long": "Prayer, p. 34.1 (Ellen Gould White)",
    "element_type": "p",
    "element_subtype": "standard-indented",
    "content": "<strong>God Hears and Answers Prayer</strong>&mdash;God hears prayer. Christ has said, &ldquo;If ye shall ask anything in My name, I will do it.&rdquo; Again He says, &ldquo;If any man serve Me, him will My Father honor.&rdquo; <span class=\"egwlink egwlink_bible\" title=\"John 14:14\" data-link=\"1965.54421\">John 14:14</span>; <span class=\"egwlink egwlink_bible\" title=\"John 12:26\" data-link=\"1965.54267\">John 12:26</span>. If we live according to His word, every precious promise He has given will be fulfilled to us. We are undeserving of His mercy, but as we give ourselves to Him, He receives us. He will work for and through those who follow Him.&mdash;(<span class=\"egwlink egwlink_book\" title=\"MH 226.1\" data-link=\"135.1122\">The Ministry of Healing, 226, 227</span>.)",
    "puborder": 114,
    "translations": [
      {
        "para_id": "2729.122",
        "lang": "de",
        "refcode": "DG 26.2"
      },
      {
        "para_id": "1765.248",
        "lang": "es",
        "refcode": "Or 42.2"
      },
      {
        "para_id": "1765.247",
        "lang": "es",
        "refcode": "Or 42"
      },
      {
        "para_id": "190.178",
        "lang": "es",
        "refcode": "Or06 35.1"
      },
      {
        "para_id": "2689.175",
        "lang": "ro",
        "refcode": "Rg 34.1"
      },
      {
        "para_id": "1871.163",
        "lang": "ru",
        "refcode": "Мол 34.1"
      }
    ]
  },
  {
    "para_id": "87.168",
    "id_prev": "87.167",
    "id_next": "87.169",
    "refcode_1": "Pr",
    "refcode_2": "34",
    "refcode_3": "2",
    "refcode_4": "",
    "refcode_short": "Pr 34.2",
    "refcode_long": "Prayer, p. 34.2 (Ellen Gould White)",
    "element_type": "p",
    "element_subtype": "standard-indented",
    "content": "The Lord will certainly hear and answer the prayers of His workers if they will seek Him for counsel and instruction.&mdash;(<span class=\"egwlink egwlink_book\" title=\"Ev 399.1\" data-link=\"30.2187\">Evangelism, 399</span>.)",
    "puborder": 115,
    "translations": [
      {
        "para_id": "2729.737",
        "lang": "de",
        "refcode": "DG 146.2"
      },
      {
        "para_id": "1765.249",
        "lang": "es",
        "refcode": "Or 42.3"
      },
      {
        "para_id": "190.179",
        "lang": "es",
        "refcode": "Or06 35.2"
      },
      {
        "para_id": "2689.176",
        "lang": "ro",
        "refcode": "Rg 34.2"
      },
      {
        "para_id": "1871.164",
        "lang": "ru",
        "refcode": "Мол 34.2"
      }
    ]
  },
  {
    "para_id": "87.169",
    "id_prev": "87.168",
    "id_next": "87.170",
    "refcode_1": "Pr",
    "refcode_2": "34",
    "refcode_3": "3",
    "refcode_4": "",
    "refcode_short": "Pr 34.3",
    "refcode_long": "Prayer, p. 34.3 (Ellen Gould White)",
    "element_type": "p",
    "element_subtype": "standard-indented",
    "content": "God hears the prayers of all who seek Him in truth. He has the power that we all need. He fills the heart with love, and joy, and peace, and holiness.&mdash;(<span class=\"egwlink egwlink_book\" title=\"9T 169.1\" data-link=\"115.941\">Testimonies for the Church 9:169</span>.)",
    "puborder": 116,
    "translations": [
      {
        "para_id": "2729.121",
        "lang": "de",
        "refcode": "DG 26.1"
      },
      {
        "para_id": "1765.250",
        "lang": "es",
        "refcode": "Or 42.4"
      },
      {
        "para_id": "190.180",
        "lang": "es",
        "refcode": "Or06 35.3"
      },
      {
        "para_id": "2689.177",
        "lang": "ro",
        "refcode": "Rg 34.3"
      },
      {
        "para_id": "1871.165",
        "lang": "ru",
        "refcode": "Мол 34.3"
      }
    ]
  },
  {
    "para_id": "87.170",
    "id_prev": "87.169",
    "id_next": "87.171",
    "refcode_1": "Pr",
    "refcode_2": "34",
    "refcode_3": "4",
    "refcode_4": "",
    "refcode_short": "Pr 34.4",
    "refcode_long": "Prayer, p. 34.4 (Ellen Gould White)",
    "element_type": "p",
    "element_subtype": "standard-indented",
    "content": "I saw that every prayer which is sent up in faith from an honest heart will be heard of God and answered, and the one that sent up the petition will have the blessing when he needs it most, and it will often exceed his expectations. Not a prayer of a true saint is lost if sent up in faith from an honest heart.&mdash;(<span class=\"egwlink egwlink_book\" title=\"1T 121.1\" data-link=\"116.621\">Testimonies for the Church 1:121</span>.)",
    "puborder": 117,
    "translations": [
      {
        "para_id": "2729.119",
        "lang": "de",
        "refcode": "DG 25.2"
      },
      {
        "para_id": "1765.251",
        "lang": "es",
        "refcode": "Or 42.5"
      },
      {
        "para_id": "190.181",
        "lang": "es",
        "refcode": "Or06 35.4"
      },
      {
        "para_id": "2689.178",
        "lang": "ro",
        "refcode": "Rg 34.4"
      },
      {
        "para_id": "1871.166",
        "lang": "ru",
        "refcode": "Мол 34.4"
      }
    ]
  },
  {
    "para_id": "87.171",
    "id_prev": "87.170",
    "id_next": "87.174",
    "refcode_1": "Pr",
    "refcode_2": "34",
    "refcode_3": "5",
    "refcode_4": "",
    "refcode_short": "Pr 34.5",
    "refcode_long": "Prayer, p. 34.5 (Ellen Gould White)",
    "element_type": "p",
    "element_subtype": "standard-indented",
    "content": "<strong>God Listens to Every Prayer</strong>&mdash;The infinite God, said Jesus, makes it your privilege to approach Him by the name of Father. Understand all that this implies. No earthly parent ever pleaded so earnestly with an erring child as He who made you pleads with the transgressor. <span class=\"page-break\" data-page=\"35\"></span> No human, loving interest ever followed the impenitent with such tender invitations. God dwells in every abode; He hears every word that is spoken, listens to every prayer that is offered, tastes the sorrows and disappointments of every soul, regards the treatment given to father, mother, sister, friend, and neighbor. He cares for our necessities, and His love and mercy and grace are continually flowing to satisfy our need.&mdash;(<span class=\"egwlink egwlink_book\" title=\"ST 10-28-1903\" data-link=\"820.18780\">The Signs of the Times, October 28, 1903</span>.)",
    "puborder": 118,
    "translations": [
      {
        "para_id": "2729.123",
        "lang": "de",
        "refcode": "DG 26.3"
      },
      {
        "para_id": "1765.255",
        "lang": "es",
        "refcode": "Or 43.1"
      },
      {
        "para_id": "190.182",
        "lang": "es",
        "refcode": "Or06 35.5"
      },
      {
        "para_id": "1765.254",
        "lang": "es",
        "refcode": "Or 43"
      },
      {
        "para_id": "2689.179",
        "lang": "ro",
        "refcode": "Rg 34.5"
      },
      {
        "para_id": "1871.167",
        "lang": "ru",
        "refcode": "Мол 34.5"
      }
    ]
  },
  {
    "para_id": "87.174",
    "id_prev": "87.171",
    "id_next": "87.175",
    "refcode_1": "Pr",
    "refcode_2": "35",
    "refcode_3": "1",
    "refcode_4": "",
    "refcode_short": "Pr 35.1",
    "refcode_long": "Prayer, p. 35.1 (Ellen Gould White)",
    "element_type": "p",
    "element_subtype": "standard-indented",
    "content": "<strong>God Hears Every Sincere Prayer</strong>&mdash;The Bible shows us God in His high and holy place, not in a state of inactivity, not in silence and solitude, but surrounded by ten thousand times ten thousand and thousands of thousands of holy intelligences, all waiting to do His will. Through channels which we cannot discern He is in active communication with every part of His dominion. But it is in this speck of a world, in the souls that He gave His only-begotten Son to save, that His interest and the interest of all heaven is centered. God is bending from His throne to hear the cry of the oppressed. To every sincere prayer He answers, &ldquo;Here am I.&rdquo; He uplifts the distressed and downtrodden. In all our afflictions He is afflicted. In every temptation and every trial the angel of His presence is near to deliver.&mdash;(<span class=\"egwlink egwlink_book\" title=\"DA 356.1\" data-link=\"130.1712\">The Desire of Ages, 356</span>.)",
    "puborder": 119,
    "translations": [
      {
        "para_id": "2729.130",
        "lang": "de",
        "refcode": "DG 27.3"
      },
      {
        "para_id": "1765.256",
        "lang": "es",
        "refcode": "Or 43.2"
      },
      {
        "para_id": "190.185",
        "lang": "es",
        "refcode": "Or06 36.1"
      },
      {
        "para_id": "2689.182",
        "lang": "ro",
        "refcode": "Rg 35.1"
      },
      {
        "para_id": "1871.170",
        "lang": "ru",
        "refcode": "Мол 35.1"
      }
    ]
  },
  {
    "para_id": "87.175",
    "id_prev": "87.174",
    "id_next": "87.176",
    "refcode_1": "Pr",
    "refcode_2": "35",
    "refcode_3": "2",
    "refcode_4": "",
    "refcode_short": "Pr 35.2",
    "refcode_long": "Prayer, p. 35.2 (Ellen Gould White)",
    "element_type": "p",
    "element_subtype": "standard-indented",
    "content": "As yet the disciples were unacquainted with the Saviour&apos;s unlimited resources and power. He said to them, &ldquo;Hitherto have ye asked nothing in My name.&rdquo; <span class=\"egwlink egwlink_bible\" title=\"John 16:24\" data-link=\"1965.54559\">John 16:24</span>. He explained that the secret of their success would be in asking for strength and grace in His name. He would be present before the Father to make request for them. The prayer of the humble suppliant He presents as His own desire in that soul&apos;s behalf. Every sincere prayer is heard in heaven. It may not be fluently expressed; but if the heart is in it, it will ascend to the sanctuary where Jesus ministers, and He will present it to the Father without one awkward, stammering word, beautiful and fragrant with the incense of His own perfection.",
    "puborder": 120,
    "translations": [
      {
        "para_id": "190.186",
        "lang": "es",
        "refcode": "Or06 36.2"
      },
      {
        "para_id": "1765.257",
        "lang": "es",
        "refcode": "Or 43.3"
      },
      {
        "para_id": "2689.183",
        "lang": "ro",
        "refcode": "Rg 35.2"
      },
      {
        "para_id": "1871.171",
        "lang": "ru",
        "refcode": "Мол 35.2"
      }
    ]
  },
  {
    "para_id": "87.176",
    "id_prev": "87.175",
    "id_next": "87.179",
    "refcode_1": "Pr",
    "refcode_2": "35",
    "refcode_3": "3",
    "refcode_4": "",
    "refcode_short": "Pr 35.3",
    "refcode_long": "Prayer, p. 35.3 (Ellen Gould White)",
    "element_type": "p",
    "element_subtype": "standard-indented",
    "content": "The path of sincerity and integrity is not a path free from obstruction, but in every difficulty we are to see a call to prayer. <span class=\"page-break\" data-page=\"36\"></span> There is no one living who has any power that he has not received from God, and the source whence it comes is open to the weakest human being. &ldquo;Whatsoever ye shall ask in My name,&rdquo; said Jesus, &ldquo;that will I do, that the Father may be glorified in the Son. If ye shall ask anything in My name, I will do it.&rdquo;",
    "puborder": 121,
    "translations": [
      {
        "para_id": "2729.372",
        "lang": "de",
        "refcode": "DG 76.3"
      },
      {
        "para_id": "1765.260",
        "lang": "es",
        "refcode": "Or 44.1"
      },
      {
        "para_id": "190.187",
        "lang": "es",
        "refcode": "Or06 36.3"
      },
      {
        "para_id": "2689.184",
        "lang": "ro",
        "refcode": "Rg 35.3"
      },
      {
        "para_id": "1871.172",
        "lang": "ru",
        "refcode": "Мол 35.3"
      }
    ]
  },
  {
    "para_id": "87.179",
    "id_prev": "87.176",
    "id_next": "87.180",
    "refcode_1": "Pr",
    "refcode_2": "36",
    "refcode_3": "1",
    "refcode_4": "",
    "refcode_short": "Pr 36.1",
    "refcode_long": "Prayer, p. 36.1 (Ellen Gould White)",
    "element_type": "p",
    "element_subtype": "standard-indented",
    "content": "&ldquo;In My name,&rdquo; Christ bade His disciples pray. In Christ&apos;s name His followers are to stand before God. Through the value of the sacrifice made for them, they are of value in the Lord&apos;s sight. Because of the imputed righteousness of Christ they are accounted precious. For Christ&apos;s sake the Lord pardons those that fear Him. He does not see in them the vileness of the sinner. He recognizes in them the likeness of His Son, in whom they believe.&mdash;(<span class=\"egwlink egwlink_book\" title=\"DA 667.1\" data-link=\"130.3279\">The Desire of Ages, 667</span>.)",
    "puborder": 122,
    "translations": [
      {
        "para_id": "2729.373",
        "lang": "de",
        "refcode": "DG 76.4"
      },
      {
        "para_id": "1765.261",
        "lang": "es",
        "refcode": "Or 44.2"
      },
      {
        "para_id": "190.190",
        "lang": "es",
        "refcode": "Or06 37.1"
      },
      {
        "para_id": "2689.187",
        "lang": "ro",
        "refcode": "Rg 36.1"
      },
      {
        "para_id": "1871.175",
        "lang": "ru",
        "refcode": "Мол 36.1"
      }
    ]
  },
  {
    "para_id": "87.180",
    "id_prev": "87.179",
    "id_next": "87.181",
    "refcode_1": "Pr",
    "refcode_2": "36",
    "refcode_3": "2",
    "refcode_4": "",
    "refcode_short": "Pr 36.2",
    "refcode_long": "Prayer, p. 36.2 (Ellen Gould White)",
    "element_type": "p",
    "element_subtype": "standard-indented",
    "content": "<strong>No Sincere Prayer Is Lost</strong>&mdash;Make your requests known to your Maker. Never is one repulsed who comes to Him with a contrite heart. Not one sincere prayer is lost. Amid the anthems of the celestial choir, God hears the cries of the weakest human being. We pour out our heart&apos;s desire in our closets, we breathe a prayer as we walk by the way, and our words reach the throne of the Monarch of the universe. They may be inaudible to any human ear, but they cannot die away into silence, nor can they be lost through the activities of business that are going on. Nothing can drown the soul&apos;s desire. It rises above the din of the street, above the confusion of the multitude, to the heavenly courts. It is God to whom we are speaking, and our prayer is heard. You who feel the most unworthy, fear not to commit your case to God.&mdash;(<span class=\"egwlink egwlink_book\" title=\"HP 82.1\" data-link=\"38.585\">In Heavenly Places, 82</span>.)",
    "puborder": 123,
    "translations": [
      {
        "para_id": "2729.129",
        "lang": "de",
        "refcode": "DG 27.2"
      },
      {
        "para_id": "1765.262",
        "lang": "es",
        "refcode": "Or 44.3"
      },
      {
        "para_id": "190.191",
        "lang": "es",
        "refcode": "Or06 37.2"
      },
      {
        "para_id": "2689.189",
        "lang": "ro",
        "refcode": "Rg 36.3"
      },
      {
        "para_id": "2689.188",
        "lang": "ro",
        "refcode": "Rg 36.2"
      },
      {
        "para_id": "1871.176",
        "lang": "ru",
        "refcode": "Мол 36.2"
      }
    ]
  },
  {
    "para_id": "87.181",
    "id_prev": "87.180",
    "id_next": "87.184",
    "refcode_1": "Pr",
    "refcode_2": "36",
    "refcode_3": "3",
    "refcode_4": "",
    "refcode_short": "Pr 36.3",
    "refcode_long": "Prayer, p. 36.3 (Ellen Gould White)",
    "element_type": "p",
    "element_subtype": "standard-indented",
    "content": "<strong>God Hears Jesus&rsquo; Intercession Mingled With Our Prayers</strong>&mdash;Christ has pledged Himself to be our substitute and surety, and He neglects no one. There is an inexhaustible fund of perfect obedience accruing from His obedience. In heaven His merits, His self-denial and self-sacrifice, are treasured as incense to be offered up with the prayers of His people. As the sinner&apos;s sincere, humble <span class=\"page-break\" data-page=\"37\"></span> prayers ascend to the throne of God, Christ mingles with them the merits of His own life of perfect obedience. Our prayers are made fragrant by this incense. Christ has pledged Himself to intercede in our behalf, and the Father always hears His Son.&mdash;(<span class=\"egwlink egwlink_book\" title=\"SD 22.1\" data-link=\"102.128\">Sons and Daughters of God, 22</span>.)",
    "puborder": 124,
    "translations": [
      {
        "para_id": "2729.143",
        "lang": "de",
        "refcode": "DG 30.2"
      },
      {
        "para_id": "190.192",
        "lang": "es",
        "refcode": "Or06 37.3"
      },
      {
        "para_id": "1765.266",
        "lang": "es",
        "refcode": "Or 45.1"
      },
      {
        "para_id": "1765.265",
        "lang": "es",
        "refcode": "Or 45"
      },
      {
        "para_id": "2689.190",
        "lang": "ro",
        "refcode": "Rg 36.4"
      },
      {
        "para_id": "1871.177",
        "lang": "ru",
        "refcode": "Мол 36.3"
      }
    ]
  },
  {
    "para_id": "87.184",
    "id_prev": "87.181",
    "id_next": "87.185",
    "refcode_1": "Pr",
    "refcode_2": "37",
    "refcode_3": "1",
    "refcode_4": "",
    "refcode_short": "Pr 37.1",
    "refcode_long": "Prayer, p. 37.1 (Ellen Gould White)",
    "element_type": "p",
    "element_subtype": "standard-indented",
    "content": "<strong>God Always Responds, Though We May Not Realize It</strong>&mdash;If we come to God, feeling helpless and dependent, as we really are, and in humble, trusting faith make known our wants to Him whose knowledge is infinite, who sees everything in creation, and who governs everything by His will and word, He can and will attend to our cry, and will let light shine into our hearts. Through sincere prayer we are brought into connection with the mind of the Infinite. We may have no remarkable evidence at the time that the face of our Redeemer is bending over us in compassion and love, but this is even so. We may not feel His visible touch, but His hand is upon us in love and pitying tenderness.&mdash;(<span class=\"egwlink egwlink_book\" title=\"SC 97.1\" data-link=\"108.387\">Steps to Christ, 97</span>.)",
    "puborder": 125,
    "translations": [
      {
        "para_id": "2729.134",
        "lang": "de",
        "refcode": "DG 28.2"
      },
      {
        "para_id": "190.195",
        "lang": "es",
        "refcode": "Or06 38.1"
      },
      {
        "para_id": "1765.268",
        "lang": "es",
        "refcode": "Or 45.2"
      },
      {
        "para_id": "1765.267",
        "lang": "es",
        "refcode": "Or 45"
      },
      {
        "para_id": "2689.193",
        "lang": "ro",
        "refcode": "Rg 37.1"
      },
      {
        "para_id": "1871.180",
        "lang": "ru",
        "refcode": "Мол 37.1"
      }
    ]
  },
  {
    "para_id": "87.185",
    "id_prev": "87.184",
    "id_next": "87.186",
    "refcode_1": "Pr",
    "refcode_2": "37",
    "refcode_3": "2",
    "refcode_4": "",
    "refcode_short": "Pr 37.2",
    "refcode_long": "Prayer, p. 37.2 (Ellen Gould White)",
    "element_type": "p",
    "element_subtype": "standard-indented",
    "content": "<strong>God&apos;s Answers Are Not Always What We Expect</strong>&mdash;Ask, then; ask, and ye shall receive. Ask for humility, wisdom, courage, increase of faith. To every sincere prayer an answer will come. It may not come just as you desire, or at the time you look for it; but it will come in the way and at the time that will best meet your need. The prayers you offer in loneliness, in weariness, in trial, God answers, not always according to your expectations, but always for your good.&mdash;(<span class=\"egwlink egwlink_book\" title=\"MYP 250.1\" data-link=\"76.1262\">Messages to Young People, 250</span>.)",
    "puborder": 126,
    "translations": [
      {
        "para_id": "1765.269",
        "lang": "es",
        "refcode": "Or 45"
      },
      {
        "para_id": "190.196",
        "lang": "es",
        "refcode": "Or06 38.2"
      },
      {
        "para_id": "1765.270",
        "lang": "es",
        "refcode": "Or 45.3"
      },
      {
        "para_id": "2689.194",
        "lang": "ro",
        "refcode": "Rg 37.2"
      },
      {
        "para_id": "1871.181",
        "lang": "ru",
        "refcode": "Мол 37.2"
      }
    ]
  },
  {
    "para_id": "87.186",
    "id_prev": "87.185",
    "id_next": "87.188",
    "refcode_1": "Pr",
    "refcode_2": "37",
    "refcode_3": "3",
    "refcode_4": "",
    "refcode_short": "Pr 37.3",
    "refcode_long": "Prayer, p. 37.3 (Ellen Gould White)",
    "element_type": "p",
    "element_subtype": "standard-indented",
    "content": "<strong>God Hears Prayers for the Conversion of Souls</strong>&mdash;When those who know the truth practice the self-denial enjoined in God&apos;s word, the message will go with power. The Lord will hear our prayers for the conversion of souls. God&apos;s people will let their light shine forth, and unbelievers, seeing their good works, will glorify our heavenly Father.&mdash;(<span class=\"egwlink egwlink_book\" title=\"CS 302.1\" data-link=\"22.1759\">Counsels on Stewardship, 302</span>.)",
    "puborder": 127,
    "translations": [
      {
        "para_id": "2729.745",
        "lang": "de",
        "refcode": "DG 147.4"
      },
      {
        "para_id": "1765.273",
        "lang": "es",
        "refcode": "Or 46"
      },
      {
        "para_id": "1765.274",
        "lang": "es",
        "refcode": "Or 46.1"
      },
      {
        "para_id": "190.197",
        "lang": "es",
        "refcode": "Or06 38.3"
      },
      {
        "para_id": "2689.195",
        "lang": "ro",
        "refcode": "Rg 37.3"
      },
      {
        "para_id": "1871.182",
        "lang": "ru",
        "refcode": "Мол 37.3"
      }
    ]
  },
  {
    "para_id": "87.188",
    "id_prev": "87.186",
    "id_next": "87.190",
    "refcode_1": "Pr",
    "refcode_2": "38",
    "refcode_3": "1",
    "refcode_4": "",
    "refcode_short": "Pr 38.1",
    "refcode_long": "Prayer, p. 38.1 (Ellen Gould White)",
    "element_type": "p",
    "element_subtype": "standard-indented",
    "content": "<strong>Believe That God Hears Your Prayers</strong>&mdash;The people of God must move understandingly. They should not be satisfied until every known sin is confessed; then it is their privilege and duty to believe that Jesus accepts them. They must not wait for others to press through the darkness and obtain the victory for them to enjoy. Such enjoyment will last only till the meeting closes. But God must be served from principle instead of from feeling. Morning and night obtain the victory for yourselves in your own family. Let not your daily labor keep you from this. Take time to pray, and as you pray, believe that God hears you. Have faith mixed with your prayers. You may not at all times feel the immediate answer; but then it is that faith is tried. You are proved to see whether you will trust in God, whether you have living, abiding faith. &ldquo;Faithful is He that calleth you, who also will do it.&rdquo; Walk the narrow plank of faith. Trust all on the promises of the Lord. Trust God in darkness. That is the time to have faith. But you often let feeling govern you. You look for worthiness in yourselves when you do not feel comforted by the Spirit of God, and despair because you cannot find it. You do not trust enough in Jesus, precious Jesus. You do not make His worthiness to be all, all. The very best you can do will not merit the favor of God. It is Jesus&rsquo; worthiness that will save you, His blood that will cleanse you. But you have efforts to make. You must do what you can on your part. Be zealous and repent, then believe.&mdash;(<span class=\"egwlink egwlink_book\" title=\"1T 167.1\" data-link=\"116.853\">Testimonies for the Church 1:167</span>.)",
    "puborder": 128,
    "translations": [
      {
        "para_id": "1765.275",
        "lang": "es",
        "refcode": "Or 46"
      },
      {
        "para_id": "1765.276",
        "lang": "es",
        "refcode": "Or 46.2"
      },
      {
        "para_id": "190.199",
        "lang": "es",
        "refcode": "Or06 39.1"
      },
      {
        "para_id": "2689.197",
        "lang": "ro",
        "refcode": "Rg 38.1"
      },
      {
        "para_id": "1871.184",
        "lang": "ru",
        "refcode": "Мол 38.1"
      }
    ]
  }
]