[
  {
    "para_id": "87.77",
    "id_prev": "87.75",
    "id_next": "87.78",
    "refcode_1": "Pr",
    "refcode_2": "17",
    "refcode_3": "",
    "refcode_4": "2",
    "refcode_short": "Pr 17",
    "refcode_long": "Prayer, p. 17 (Ellen Gould White)",
    "element_type": "h3",
    "element_subtype": "",
    "content": "Chapter 2&mdash;Our Need Of Prayer",
    "puborder": 52,
    "translations": [
      {
        "para_id": "2729.65",
        "lang": "de",
        "refcode": "DG 15"
      },
      {
        "para_id": "190.85",
        "lang": "es",
        "refcode": "Or06 17"
      },
      {
        "para_id": "1765.113",
        "lang": "es",
        "refcode": "Or 21"
      },
      {
        "para_id": "2689.83",
        "lang": "ro",
        "refcode": "Rg 17"
      },
      {
        "para_id": "1871.73",
        "lang": "ru",
        "refcode": "Мол 17"
      }
    ]
  },
  {
    "para_id": "87.78",
    "id_prev": "87.77",
    "id_next": "87.79",
    "refcode_1": "Pr",
    "refcode_2": "17",
    "refcode_3": "1",
    "refcode_4": "",
    "refcode_short": "Pr 17.1",
    "refcode_long": "Prayer, p. 17.1 (Ellen Gould White)",
    "element_type": "p",
    "element_subtype": "standard-indented",
    "content": "<strong>Prayer Is as Essential to Life as Daily Food</strong>&mdash;Daily prayer is as essential to growth in grace, and even to spiritual life itself, as is temporal food to physical well-being. We should accustom ourselves to often lift the thoughts to God in prayer. If the mind wanders, we must bring it back; by persevering effort, habit will finally make it easy. We cannot for one moment separate ourselves from Christ with safety. We may have His presence to attend us at every step, but only by observing the conditions which He has Himself laid down.&mdash;(<span class=\"egwlink egwlink_book\" title=\"MYP 115.1\" data-link=\"76.550\">Messages to Young People, 115</span>.)",
    "puborder": 53,
    "translations": [
      {
        "para_id": "1765.115",
        "lang": "es",
        "refcode": "Or 21.1"
      },
      {
        "para_id": "190.86",
        "lang": "es",
        "refcode": "Or06 17.1"
      },
      {
        "para_id": "1765.114",
        "lang": "es",
        "refcode": "Or 21"
      },
      {
        "para_id": "2689.84",
        "lang": "ro",
        "refcode": "Rg 17.1"
      },
      {
        "para_id": "1871.74",
        "lang": "ru",
        "refcode": "Мол 17.1"
      }
    ]
  },
  {
    "para_id": "87.79",
    "id_prev": "87.78",
    "id_next": "87.80",
    "refcode_1": "Pr",
    "refcode_2": "17",
    "refcode_3": "2",
    "refcode_4": "",
    "refcode_short": "Pr 17.2",
    "refcode_long": "Prayer, p. 17.2 (Ellen Gould White)",
    "element_type": "p",
    "element_subtype": "standard-indented",
    "content": "<strong>Prayer Is a Spiritual Necessity</strong>&mdash;Although Christ had given the promise to His disciples that they should receive the Holy Spirit, this did not remove the necessity of prayer. They prayed all the more earnestly; they continued in prayer with one accord. Those who are now engaged in the solemn work of preparing a people for the coming of the Lord, should also continue in prayer.&mdash;(<span class=\"egwlink egwlink_book\" title=\"GW 371.1\" data-link=\"35.1919\">Gospel Workers, 371</span>.)",
    "puborder": 54,
    "translations": [
      {
        "para_id": "2729.819",
        "lang": "de",
        "refcode": "DG 162.2"
      },
      {
        "para_id": "1765.116",
        "lang": "es",
        "refcode": "Or 21"
      },
      {
        "para_id": "1765.117",
        "lang": "es",
        "refcode": "Or 21.2"
      },
      {
        "para_id": "190.87",
        "lang": "es",
        "refcode": "Or06 17.2"
      },
      {
        "para_id": "2689.85",
        "lang": "ro",
        "refcode": "Rg 17.2"
      },
      {
        "para_id": "1871.75",
        "lang": "ru",
        "refcode": "Мол 17.2"
      }
    ]
  },
  {
    "para_id": "87.80",
    "id_prev": "87.79",
    "id_next": "87.83",
    "refcode_1": "Pr",
    "refcode_2": "17",
    "refcode_3": "3",
    "refcode_4": "",
    "refcode_short": "Pr 17.3",
    "refcode_long": "Prayer, p. 17.3 (Ellen Gould White)",
    "element_type": "p",
    "element_subtype": "standard-indented",
    "content": "They [Jesus&rsquo; disciples] had not heeded the repeated warning, &ldquo;Watch and pray.&rdquo; At first they had been much troubled to see <span class=\"page-break\" data-page=\"18\"></span> their Master, usually so calm and dignified, wrestling with a sorrow that was beyond comprehension. They had prayed as they heard the strong cries of the sufferer. They did not intend to forsake their Lord, but they seemed paralyzed by a stupor which they might have shaken off if they had continued pleading with God. They did not realize the necessity of watchfulness and earnest prayer in order to withstand temptation.&mdash;(<span class=\"egwlink egwlink_book\" title=\"DA 688.1\" data-link=\"130.3378\">The Desire of Ages, 688</span>.)",
    "puborder": 55,
    "translations": [
      {
        "para_id": "190.88",
        "lang": "es",
        "refcode": "Or06 17.3"
      },
      {
        "para_id": "1765.120",
        "lang": "es",
        "refcode": "Or 22.1"
      },
      {
        "para_id": "2689.86",
        "lang": "ro",
        "refcode": "Rg 17.3"
      },
      {
        "para_id": "1871.76",
        "lang": "ru",
        "refcode": "Мол 17.3"
      }
    ]
  },
  {
    "para_id": "87.83",
    "id_prev": "87.80",
    "id_next": "87.84",
    "refcode_1": "Pr",
    "refcode_2": "18",
    "refcode_3": "1",
    "refcode_4": "",
    "refcode_short": "Pr 18.1",
    "refcode_long": "Prayer, p. 18.1 (Ellen Gould White)",
    "element_type": "p",
    "element_subtype": "standard-indented",
    "content": "The experience of the disciples in the Garden of Gethsemane contains a lesson for the Lord&apos;s people today.... They did not realize the necessity of watchfulness and earnest prayer in order to withstand temptation. Many today are fast asleep, as were the disciples. They are not watching and praying lest they enter into temptation. Let us often read and give careful study to those portions of God&apos;s Word that have special reference to these last days, pointing out the dangers that will threaten God&apos;s people.&mdash;(<span class=\"egwlink egwlink_book\" title=\"HP 97.1\" data-link=\"38.700\">In Heavenly Places, 97</span>.)",
    "puborder": 56,
    "translations": [
      {
        "para_id": "2729.89",
        "lang": "de",
        "refcode": "DG 19.4"
      },
      {
        "para_id": "190.91",
        "lang": "es",
        "refcode": "Or06 18.1"
      },
      {
        "para_id": "1765.121",
        "lang": "es",
        "refcode": "Or 22.2"
      },
      {
        "para_id": "2689.89",
        "lang": "ro",
        "refcode": "Rg 18.1"
      },
      {
        "para_id": "1871.79",
        "lang": "ru",
        "refcode": "Мол 18.1"
      }
    ]
  },
  {
    "para_id": "87.84",
    "id_prev": "87.83",
    "id_next": "87.85",
    "refcode_1": "Pr",
    "refcode_2": "18",
    "refcode_3": "2",
    "refcode_4": "",
    "refcode_short": "Pr 18.2",
    "refcode_long": "Prayer, p. 18.2 (Ellen Gould White)",
    "element_type": "p",
    "element_subtype": "standard-indented",
    "content": "<strong>Prayer Is the Life of the Soul</strong>&mdash;Prayer is a necessity; for it is the life of the soul. Family prayer, public prayer, have their place; but it is secret communion with God that sustains the soul life.&mdash;(<span class=\"egwlink egwlink_book\" title=\"Ed 258.1\" data-link=\"29.1368\">Education, 258</span>.)",
    "puborder": 57,
    "translations": [
      {
        "para_id": "190.92",
        "lang": "es",
        "refcode": "Or06 18.2"
      },
      {
        "para_id": "1765.122",
        "lang": "es",
        "refcode": "Or 22"
      },
      {
        "para_id": "1765.123",
        "lang": "es",
        "refcode": "Or 22.3"
      },
      {
        "para_id": "2689.91",
        "lang": "ro",
        "refcode": "Rg 18.2"
      },
      {
        "para_id": "1871.80",
        "lang": "ru",
        "refcode": "Мол 18.2"
      }
    ]
  },
  {
    "para_id": "87.85",
    "id_prev": "87.84",
    "id_next": "87.86",
    "refcode_1": "Pr",
    "refcode_2": "18",
    "refcode_3": "3",
    "refcode_4": "",
    "refcode_short": "Pr 18.3",
    "refcode_long": "Prayer, p. 18.3 (Ellen Gould White)",
    "element_type": "p",
    "element_subtype": "standard-indented",
    "content": "<strong>Prayer Necessary for Spiritual Health</strong>&mdash;Several times each day precious, golden moments should be consecrated to prayer and the study of the Scriptures, if it is only to commit a text to memory, that spiritual life may exist in the soul. The varied interests of the cause furnish us with food for reflection and inspiration for our prayers. Communion with God is highly essential for spiritual health, and here only may be obtained that wisdom and correct judgment so necessary in the performance of every duty.&mdash;(<span class=\"egwlink egwlink_book\" title=\"4T 459.1\" data-link=\"114.2262\">Testimonies for the Church 4:459</span>.)",
    "puborder": 58,
    "translations": [
      {
        "para_id": "2729.66",
        "lang": "de",
        "refcode": "DG 15.1"
      },
      {
        "para_id": "190.93",
        "lang": "es",
        "refcode": "Or06 18.3"
      },
      {
        "para_id": "1765.125",
        "lang": "es",
        "refcode": "Or 22.4"
      },
      {
        "para_id": "1765.124",
        "lang": "es",
        "refcode": "Or 22"
      },
      {
        "para_id": "2689.92",
        "lang": "ro",
        "refcode": "Rg 18.3"
      },
      {
        "para_id": "1871.81",
        "lang": "ru",
        "refcode": "Мол 18.3"
      }
    ]
  },
  {
    "para_id": "87.86",
    "id_prev": "87.85",
    "id_next": "87.89",
    "refcode_1": "Pr",
    "refcode_2": "18",
    "refcode_3": "4",
    "refcode_4": "",
    "refcode_short": "Pr 18.4",
    "refcode_long": "Prayer, p. 18.4 (Ellen Gould White)",
    "element_type": "p",
    "element_subtype": "standard-indented",
    "content": "<strong>Christ&apos;s Example Shows the Necessity of Prayer</strong>&mdash;If those who sound the solemn notes of warning for this time could realize their accountability to God, they would see the necessity for fervent prayer. When the cities were hushed in midnight slumber, when every man <span class=\"page-break\" data-page=\"19\"></span> had gone to his own house, Christ, our example, would repair to the Mount of Olives, and there, amid the overshadowing trees, would spend the entire night in prayer. He who was Himself without the taint of sin,&mdash;a treasure-house of blessing; whose voice was heard in the fourth watch of the night by the terrified disciples upon the stormy sea, in heavenly benediction; and whose word could summon the dead from their graves,&mdash;He it was who made supplication with strong crying and tears. He prayed not for Himself, but for those whom He came to save. As He became a suppliant, seeking at the hand of His Father fresh supplies of strength, and coming forth refreshed and invigorated as man&apos;s substitute, He identified Himself with suffering humanity, and gave them an example of the necessity of prayer.",
    "puborder": 59,
    "translations": [
      {
        "para_id": "2729.106",
        "lang": "de",
        "refcode": "DG 22.4"
      },
      {
        "para_id": "190.94",
        "lang": "es",
        "refcode": "Or06 18.4"
      },
      {
        "para_id": "1765.128",
        "lang": "es",
        "refcode": "Or 23"
      },
      {
        "para_id": "1765.129",
        "lang": "es",
        "refcode": "Or 23.1"
      },
      {
        "para_id": "2689.93",
        "lang": "ro",
        "refcode": "Rg 18.4"
      },
      {
        "para_id": "1871.82",
        "lang": "ru",
        "refcode": "Мол 18.4"
      }
    ]
  },
  {
    "para_id": "87.89",
    "id_prev": "87.86",
    "id_next": "87.90",
    "refcode_1": "Pr",
    "refcode_2": "19",
    "refcode_3": "1",
    "refcode_4": "",
    "refcode_short": "Pr 19.1",
    "refcode_long": "Prayer, p. 19.1 (Ellen Gould White)",
    "element_type": "p",
    "element_subtype": "standard-indented",
    "content": "His nature was without the taint of sin. As the Son of man, He prayed to the Father, showing that human nature requires all the divine support which man can obtain that he may be braced for duty and prepared for trial. As the Prince of Life, He had power with God, and prevailed for His people. This Saviour, who prayed for those that felt no need of prayer, and wept for those that felt no need of tears, is now before the throne, to receive and present to His Father the petitions of those for whom He prayed on earth. The example of Christ is for us to follow. Prayer is a necessity in our labor for the salvation of souls. God alone can give the increase of the seed we sow.&mdash;(<span class=\"egwlink egwlink_book\" title=\"GW 28.1\" data-link=\"35.99\">Gospel Workers, 28, 29</span>.)",
    "puborder": 60,
    "translations": [
      {
        "para_id": "2729.107",
        "lang": "de",
        "refcode": "DG 22.5"
      },
      {
        "para_id": "1765.130",
        "lang": "es",
        "refcode": "Or 23.2"
      },
      {
        "para_id": "190.97",
        "lang": "es",
        "refcode": "Or06 19.1"
      },
      {
        "para_id": "2689.96",
        "lang": "ro",
        "refcode": "Rg 19.1"
      },
      {
        "para_id": "1871.85",
        "lang": "ru",
        "refcode": "Мол 19.1"
      }
    ]
  },
  {
    "para_id": "87.90",
    "id_prev": "87.89",
    "id_next": "87.91",
    "refcode_1": "Pr",
    "refcode_2": "19",
    "refcode_3": "2",
    "refcode_4": "",
    "refcode_short": "Pr 19.2",
    "refcode_long": "Prayer, p. 19.2 (Ellen Gould White)",
    "element_type": "p",
    "element_subtype": "standard-indented",
    "content": "<strong>Jesus Urged the Necessity of Prayer</strong>&mdash;He [Jesus] urged upon men the necessity of prayer, repentance, confession, and the abandonment of sin. He taught them honesty, forbearance, mercy, and compassion, enjoining upon them to love not only those who loved them, but those who hated them, who treated them despitefully. In this He was revealing to them the character of the Father, who is long-suffering, merciful, and gracious, slow to anger, and full of goodness and truth.&mdash;(<span class=\"egwlink egwlink_book\" title=\"CE 74.1\" data-link=\"10.318\">Christian Education, 74</span>.)",
    "puborder": 61,
    "translations": [
      {
        "para_id": "1765.134",
        "lang": "es",
        "refcode": "Or 24.1"
      },
      {
        "para_id": "1765.133",
        "lang": "es",
        "refcode": "Or 24"
      },
      {
        "para_id": "190.98",
        "lang": "es",
        "refcode": "Or06 19.2"
      },
      {
        "para_id": "2689.97",
        "lang": "ro",
        "refcode": "Rg 19.2"
      },
      {
        "para_id": "1871.86",
        "lang": "ru",
        "refcode": "Мол 19.2"
      }
    ]
  },
  {
    "para_id": "87.91",
    "id_prev": "87.90",
    "id_next": "87.94",
    "refcode_1": "Pr",
    "refcode_2": "19",
    "refcode_3": "3",
    "refcode_4": "",
    "refcode_short": "Pr 19.3",
    "refcode_long": "Prayer, p. 19.3 (Ellen Gould White)",
    "element_type": "p",
    "element_subtype": "standard-indented",
    "content": "<strong>Prayer a Necessity to Daniel</strong>&mdash;Daniel was subjected to the severest temptations that can assail the youth of today; yet he was <span class=\"page-break\" data-page=\"20\"></span> true to the religious instruction received in early life. He was surrounded with influences calculated to subvert those who would vacillate between principle and inclination; yet the word of God presents him as a faultless character. Daniel dared not trust to his own moral power. Prayer was to him a necessity. He made God his strength, and the fear of God was continually before him in all the transactions of his life.&mdash;(<span class=\"egwlink egwlink_book\" title=\"FE 78.1\" data-link=\"32.316\">Fundamentals of Christian Education, 78</span>.)",
    "puborder": 62,
    "translations": [
      {
        "para_id": "2729.84",
        "lang": "de",
        "refcode": "DG 18.2"
      },
      {
        "para_id": "190.100",
        "lang": "es",
        "refcode": "Or06 20.1"
      },
      {
        "para_id": "1765.136",
        "lang": "es",
        "refcode": "Or 24.2"
      },
      {
        "para_id": "1765.135",
        "lang": "es",
        "refcode": "Or 24"
      },
      {
        "para_id": "2689.98",
        "lang": "ro",
        "refcode": "Rg 19.3"
      },
      {
        "para_id": "1871.87",
        "lang": "ru",
        "refcode": "Мол 19.3"
      }
    ]
  },
  {
    "para_id": "87.94",
    "id_prev": "87.91",
    "id_next": "87.95",
    "refcode_1": "Pr",
    "refcode_2": "20",
    "refcode_3": "1",
    "refcode_4": "",
    "refcode_short": "Pr 20.1",
    "refcode_long": "Prayer, p. 20.1 (Ellen Gould White)",
    "element_type": "p",
    "element_subtype": "standard-indented",
    "content": "<strong>Spiritual Advance Depends on Prayer</strong>&mdash;If there were more praying among us, more exercise of a living faith, and less dependence upon some one else to have an experience for us, we would be far in advance of where we are today in spiritual intelligence. What we need is a deep, individual heart and soul experience. Then we shall be able to tell what God is doing and how He is working. We need to have a living experience in the things of God; and we are not safe unless we have this. There are some who have a good experience, and they tell you about it; but when you come to weigh it up, you see that it is not a correct experience, for it is not in accordance with a plain Thus saith the Lord. If ever there was a time in our history when we needed to humble our individual souls before God, it is today. We need to come to God with faith in all that is promised in the Word, and then walk in all the light and power that God gives.&mdash;(<span class=\"egwlink egwlink_book\" title=\"RH 7-1-1909\" data-link=\"821.30025\">The Review and Herald, July 1, 1909</span>.)",
    "puborder": 63,
    "translations": [
      {
        "para_id": "2729.83",
        "lang": "de",
        "refcode": "DG 18.1"
      },
      {
        "para_id": "1765.138",
        "lang": "es",
        "refcode": "Or 24.3"
      },
      {
        "para_id": "1765.137",
        "lang": "es",
        "refcode": "Or 24"
      },
      {
        "para_id": "190.101",
        "lang": "es",
        "refcode": "Or06 20.2"
      },
      {
        "para_id": "2689.101",
        "lang": "ro",
        "refcode": "Rg 20.1"
      },
      {
        "para_id": "1871.90",
        "lang": "ru",
        "refcode": "Мол 20.1"
      }
    ]
  },
  {
    "para_id": "87.95",
    "id_prev": "87.94",
    "id_next": "87.96",
    "refcode_1": "Pr",
    "refcode_2": "20",
    "refcode_3": "2",
    "refcode_4": "",
    "refcode_short": "Pr 20.2",
    "refcode_long": "Prayer, p. 20.2 (Ellen Gould White)",
    "element_type": "p",
    "element_subtype": "standard-indented",
    "content": "<strong>Prayer Needed Daily</strong>&mdash;Religion must begin with emptying and purifying the heart, and must be nurtured by daily prayer.&mdash;(<span class=\"egwlink egwlink_book\" title=\"4T 535.1\" data-link=\"114.2636\">Testimonies for the Church 4:535</span>.)",
    "puborder": 64,
    "translations": [
      {
        "para_id": "1765.141",
        "lang": "es",
        "refcode": "Or 25"
      },
      {
        "para_id": "190.102",
        "lang": "es",
        "refcode": "Or06 20.3"
      },
      {
        "para_id": "1765.142",
        "lang": "es",
        "refcode": "Or 25.1"
      },
      {
        "para_id": "2689.102",
        "lang": "ro",
        "refcode": "Rg 20.2"
      },
      {
        "para_id": "1871.91",
        "lang": "ru",
        "refcode": "Мол 20.2"
      }
    ]
  },
  {
    "para_id": "87.96",
    "id_prev": "87.95",
    "id_next": "87.99",
    "refcode_1": "Pr",
    "refcode_2": "20",
    "refcode_3": "3",
    "refcode_4": "",
    "refcode_short": "Pr 20.3",
    "refcode_long": "Prayer, p. 20.3 (Ellen Gould White)",
    "element_type": "p",
    "element_subtype": "standard-indented",
    "content": "It is just as convenient, just as essential, for us to pray three times a day as it was for Daniel. Prayer is the life of the soul, the foundation of spiritual growth. In your home, before your family, and before your workmen, you should testify to this truth. And when you are privileged to meet with your brethren in the church, tell them of the necessity of keeping open the channel of communication between God and the soul. Tell them that if they will find heart and voice to pray, God will find answers to their prayers. <span class=\"page-break\" data-page=\"21\"></span> Tell them not to neglect their religious duties. Exhort the brethren to pray. We must seek if we would find, we must ask if we would receive, we must knock if we would have the door opened unto us.&mdash;(<span class=\"egwlink egwlink_book\" title=\"ST 2-10-1890\" data-link=\"820.9911\">The Signs of the Times, February 10, 1890</span>.)",
    "puborder": 65,
    "translations": [
      {
        "para_id": "2729.86",
        "lang": "de",
        "refcode": "DG 19.1"
      },
      {
        "para_id": "190.103",
        "lang": "es",
        "refcode": "Or06 20.4"
      },
      {
        "para_id": "1765.143",
        "lang": "es",
        "refcode": "Or 25.2"
      },
      {
        "para_id": "2689.103",
        "lang": "ro",
        "refcode": "Rg 20.3"
      },
      {
        "para_id": "1871.92",
        "lang": "ru",
        "refcode": "Мол 20.3"
      }
    ]
  },
  {
    "para_id": "87.99",
    "id_prev": "87.96",
    "id_next": "87.100",
    "refcode_1": "Pr",
    "refcode_2": "21",
    "refcode_3": "1",
    "refcode_4": "",
    "refcode_short": "Pr 21.1",
    "refcode_long": "Prayer, p. 21.1 (Ellen Gould White)",
    "element_type": "p",
    "element_subtype": "standard-indented",
    "content": "In the service of the Jewish priesthood we are continually reminded of the sacrifice and intercession of Christ. All who come to Christ today are to remember that His merit is the incense that mingles with the prayers of those who repent of their sins and receive pardon and mercy and grace. Our need of Christ&apos;s intercession is constant. Day by day, morning and evening, the humble heart needs to offer up prayers to which will be returned answers of grace and peace and joy. &ldquo;By him therefore let us offer the sacrifice of praise to God continually, that is, the fruit of our lips giving thanks to his name. But to do good and to communicate forget not: for with such sacrifice God is well pleased.&rdquo;(<span class=\"egwlink egwlink_book\" title=\"6BC 1078.1\" data-link=\"95.328\">SDA Bible Commentary 6:1078</span>.)",
    "puborder": 66,
    "translations": [
      {
        "para_id": "2729.513",
        "lang": "de",
        "refcode": "DG 103.5"
      },
      {
        "para_id": "1765.144",
        "lang": "es",
        "refcode": "Or 25.3"
      },
      {
        "para_id": "190.106",
        "lang": "es",
        "refcode": "Or06 21.1"
      },
      {
        "para_id": "2689.106",
        "lang": "ro",
        "refcode": "Rg 21.1"
      },
      {
        "para_id": "1871.95",
        "lang": "ru",
        "refcode": "Мол 21.1"
      }
    ]
  },
  {
    "para_id": "87.100",
    "id_prev": "87.99",
    "id_next": "87.101",
    "refcode_1": "Pr",
    "refcode_2": "21",
    "refcode_3": "2",
    "refcode_4": "",
    "refcode_short": "Pr 21.2",
    "refcode_long": "Prayer, p. 21.2 (Ellen Gould White)",
    "element_type": "p",
    "element_subtype": "standard-indented",
    "content": "Like the patriarchs of old, those who profess to love God should erect an altar to the Lord wherever they pitch their tent. If ever there was a time when every house should be a house of prayer, it is now. Fathers and mothers should often lift up their hearts to God in humble supplication for themselves and their children. Let the father, as priest of the household, lay upon the altar of God the morning and evening sacrifice, while the wife and children unite in prayer and praise. In such a household Jesus will love to tarry.",
    "puborder": 67,
    "translations": [
      {
        "para_id": "1765.147",
        "lang": "es",
        "refcode": "Or 26.1"
      },
      {
        "para_id": "190.107",
        "lang": "es",
        "refcode": "Or06 21.2"
      },
      {
        "para_id": "2689.107",
        "lang": "ro",
        "refcode": "Rg 21.2"
      },
      {
        "para_id": "1871.96",
        "lang": "ru",
        "refcode": "Мол 21.2"
      }
    ]
  },
  {
    "para_id": "87.101",
    "id_prev": "87.100",
    "id_next": "87.102",
    "refcode_1": "Pr",
    "refcode_2": "21",
    "refcode_3": "3",
    "refcode_4": "",
    "refcode_short": "Pr 21.3",
    "refcode_long": "Prayer, p. 21.3 (Ellen Gould White)",
    "element_type": "p",
    "element_subtype": "standard-indented",
    "content": "From every Christian home a holy light should shine forth. Love should be revealed in action. It should flow out in all home intercourse, showing itself in thoughtful kindness, in gentle, unselfish courtesy. There are homes where this principle is carried out&mdash;homes where God is worshiped and truest love reigns. From these homes morning and evening prayer ascends to God as sweet incense, and His mercies and blessings descend upon the suppliants like the morning dew.&mdash;(<span class=\"egwlink egwlink_book\" title=\"PP 144.1\" data-link=\"84.580\">Patriarchs and Prophets, 144</span>.)",
    "puborder": 68,
    "translations": [
      {
        "para_id": "2729.516",
        "lang": "de",
        "refcode": "DG 104.1"
      },
      {
        "para_id": "190.108",
        "lang": "es",
        "refcode": "Or06 21.3"
      },
      {
        "para_id": "1765.148",
        "lang": "es",
        "refcode": "Or 26.2"
      },
      {
        "para_id": "2689.108",
        "lang": "ro",
        "refcode": "Rg 21.3"
      },
      {
        "para_id": "1871.97",
        "lang": "ru",
        "refcode": "Мол 21.3"
      }
    ]
  },
  {
    "para_id": "87.102",
    "id_prev": "87.101",
    "id_next": "87.105",
    "refcode_1": "Pr",
    "refcode_2": "21",
    "refcode_3": "4",
    "refcode_4": "",
    "refcode_short": "Pr 21.4",
    "refcode_long": "Prayer, p. 21.4 (Ellen Gould White)",
    "element_type": "p",
    "element_subtype": "standard-indented",
    "content": "In following Christ, looking unto Him who is the Author And Finisher of your faith, you will feel that you are working under <span class=\"page-break\" data-page=\"22\"></span> His eye, that you are influenced by His presence, and that He knows your motives. At every step you will humbly inquire: Will this please Jesus? Will it glorify God? Morning and evening your earnest prayers should ascend to God for His blessing and guidance. True prayer takes hold upon Omnipotence and gives us the victory. Upon his knees the Christian obtains strength to resist temptation.&mdash;(<span class=\"egwlink egwlink_book\" title=\"4T 615.1\" data-link=\"114.3049\">Testimonies for the Church 4:615, 616</span>.)",
    "puborder": 69,
    "translations": [
      {
        "para_id": "190.111",
        "lang": "es",
        "refcode": "Or06 22.1"
      },
      {
        "para_id": "1765.149",
        "lang": "es",
        "refcode": "Or 26.3"
      },
      {
        "para_id": "2689.109",
        "lang": "ro",
        "refcode": "Rg 21.4"
      },
      {
        "para_id": "1871.98",
        "lang": "ru",
        "refcode": "Мол 21.4"
      }
    ]
  },
  {
    "para_id": "87.105",
    "id_prev": "87.102",
    "id_next": "87.106",
    "refcode_1": "Pr",
    "refcode_2": "22",
    "refcode_3": "1",
    "refcode_4": "",
    "refcode_short": "Pr 22.1",
    "refcode_long": "Prayer, p. 22.1 (Ellen Gould White)",
    "element_type": "p",
    "element_subtype": "standard-indented",
    "content": "As the priests&rsquo; morning and evening entered the holy place at the time of incense, the daily sacrifice was ready to be offered upon the altar in the court without. This was a time of intense interest to the worshipers who assembled at the tabernacle. Before entering into the presence of God through the ministration of the priest, they were to engage in earnest searching of heart and confession of sin. They united in silent prayer, with their faces toward the holy place. Thus their petitions ascended with the cloud of incense, while faith laid hold upon the merits of the promised Saviour prefigured by the atoning sacrifice. The hours appointed for the morning and the evening sacrifice were regarded as sacred, and they came to be observed as the set time for worship throughout the Jewish nation. And when in later times the Jews were scattered as captives in distant lands, they still at the appointed hour turned their faces toward Jerusalem and offered up their petitions to the God of Israel. In this custom Christians have an example for morning and evening prayer. While God condemns a mere round of ceremonies, without the spirit of worship, He looks with great pleasure upon those who love Him, bowing morning and evening to seek pardon for sins committed and to present their requests for needed blessings.&mdash;(<span class=\"egwlink egwlink_book\" title=\"PP 353.1\" data-link=\"84.1584\">Patriarchs and Prophets, 353, 354</span>.)",
    "puborder": 70,
    "translations": [
      {
        "para_id": "1765.151",
        "lang": "es",
        "refcode": "Or 27.1"
      },
      {
        "para_id": "190.113",
        "lang": "es",
        "refcode": "Or06 22.3"
      },
      {
        "para_id": "1765.152",
        "lang": "es",
        "refcode": "Or 27.2"
      },
      {
        "para_id": "190.112",
        "lang": "es",
        "refcode": "Or06 22.2"
      },
      {
        "para_id": "2689.112",
        "lang": "ro",
        "refcode": "Rg 22.1"
      },
      {
        "para_id": "1871.101",
        "lang": "ru",
        "refcode": "Мол 22.1"
      }
    ]
  },
  {
    "para_id": "87.106",
    "id_prev": "87.105",
    "id_next": "87.109",
    "refcode_1": "Pr",
    "refcode_2": "22",
    "refcode_3": "2",
    "refcode_4": "",
    "refcode_short": "Pr 22.2",
    "refcode_long": "Prayer, p. 22.2 (Ellen Gould White)",
    "element_type": "p",
    "element_subtype": "standard-indented",
    "content": "<strong>Prayer Connects Us to Heaven</strong>&mdash;Those who will put on the whole armor of God and devote some time every day to meditation and prayer and to the study of the Scriptures will be connected with heaven and will have a saving, transforming influence upon those around them. Great thoughts, noble aspirations, clear perceptions of truth and duty to God, will be theirs. They will be yearning for <span class=\"page-break\" data-page=\"23\"></span> purity, for light, for love, for all the graces of heavenly birth. Their earnest prayers will enter into that within the veil. This class will have a sanctified boldness to come into the presence of the Infinite One. They will feel that heaven&apos;s light and glories are for them, and they will become refined, elevated, ennobled by this intimate acquaintance with God. Such is the privilege of true Christians.&mdash;(<span class=\"egwlink egwlink_book\" title=\"5T 112.1\" data-link=\"113.563\">Testimonies for the Church 5:112, 113</span>.)",
    "puborder": 71,
    "translations": [
      {
        "para_id": "1765.154",
        "lang": "es",
        "refcode": "Or 27.3"
      },
      {
        "para_id": "1765.153",
        "lang": "es",
        "refcode": "Or 27"
      },
      {
        "para_id": "190.116",
        "lang": "es",
        "refcode": "Or06 23.1"
      },
      {
        "para_id": "2689.113",
        "lang": "ro",
        "refcode": "Rg 22.2"
      },
      {
        "para_id": "1871.102",
        "lang": "ru",
        "refcode": "Мол 22.2"
      }
    ]
  },
  {
    "para_id": "87.109",
    "id_prev": "87.106",
    "id_next": "87.110",
    "refcode_1": "Pr",
    "refcode_2": "23",
    "refcode_3": "1",
    "refcode_4": "",
    "refcode_short": "Pr 23.1",
    "refcode_long": "Prayer, p. 23.1 (Ellen Gould White)",
    "element_type": "p",
    "element_subtype": "standard-indented",
    "content": "<strong>Prayer to Be First Activity of the Day</strong>&mdash;Consecrate yourself to God in the morning; make this your very first work. Let your prayer be, &ldquo;Take me, O Lord, as wholly Thine. I lay all my plans at Thy feet. Use me today in Thy service. Abide with me, and let all my work be wrought in Thee.&rdquo; This is a daily matter. Each morning consecrate yourself to God for that day. Surrender all your plans to Him, to be carried out or given up as His providence shall indicate. Thus day by day you may be giving your life into the hands of God, and thus your life will be molded more and more after the life of Christ.&mdash;(<span class=\"egwlink egwlink_book\" title=\"SC 70.1\" data-link=\"108.273\">Steps to Christ, 70</span>.)",
    "puborder": 72,
    "translations": [
      {
        "para_id": "190.117",
        "lang": "es",
        "refcode": "Or06 23.2"
      },
      {
        "para_id": "1765.157",
        "lang": "es",
        "refcode": "Or 28"
      },
      {
        "para_id": "1765.158",
        "lang": "es",
        "refcode": "Or 28.1"
      },
      {
        "para_id": "2689.116",
        "lang": "ro",
        "refcode": "Rg 23.1"
      },
      {
        "para_id": "1871.105",
        "lang": "ru",
        "refcode": "Мол 23.1"
      }
    ]
  },
  {
    "para_id": "87.110",
    "id_prev": "87.109",
    "id_next": "87.111",
    "refcode_1": "Pr",
    "refcode_2": "23",
    "refcode_3": "2",
    "refcode_4": "",
    "refcode_short": "Pr 23.2",
    "refcode_long": "Prayer, p. 23.2 (Ellen Gould White)",
    "element_type": "p",
    "element_subtype": "standard-indented",
    "content": "The very first out-breathing of the soul in the morning should be for the presence of Jesus. &ldquo;Without Me,&rdquo; He says, &ldquo;ye can do nothing.&rdquo; It is Jesus that we need; His light, His life, His spirit, must be ours continually. We need Him every hour. And we should pray in the morning that as the sun illuminates the landscape, and fills the world with light, so the Sun of Righteousness may shine into the chambers of mind and heart, and make us all light in the Lord. We cannot do without His presence one moment. The enemy knows when we undertake to do without our Lord, and he is there, ready to fill our minds with his evil suggestions that we may fall from our steadfastness; but it is the desire of the Lord that from moment to moment we should abide in Him, and thus be complete in Him.&mdash;(<span class=\"egwlink egwlink_book\" title=\"ML 15.1\" data-link=\"79.93\">My Life Today, 15</span>.)",
    "puborder": 73,
    "translations": [
      {
        "para_id": "2729.68",
        "lang": "de",
        "refcode": "DG 15.3"
      },
      {
        "para_id": "190.118",
        "lang": "es",
        "refcode": "Or06 23.3"
      },
      {
        "para_id": "1765.159",
        "lang": "es",
        "refcode": "Or 28.2"
      },
      {
        "para_id": "2689.117",
        "lang": "ro",
        "refcode": "Rg 23.2"
      },
      {
        "para_id": "1871.106",
        "lang": "ru",
        "refcode": "Мол 23.2"
      }
    ]
  },
  {
    "para_id": "87.111",
    "id_prev": "87.110",
    "id_next": "87.113",
    "refcode_1": "Pr",
    "refcode_2": "23",
    "refcode_3": "3",
    "refcode_4": "",
    "refcode_short": "Pr 23.3",
    "refcode_long": "Prayer, p. 23.3 (Ellen Gould White)",
    "element_type": "p",
    "element_subtype": "standard-indented",
    "content": "<strong>Prayer Is a Duty</strong>&mdash;Nothing tends more to promote health of body and of soul than does a spirit of gratitude and praise. It is a positive duty to resist melancholy, discontented thoughts and feelings&mdash;as much a duty as it is to pray.&mdash;(<span class=\"egwlink egwlink_book\" title=\"MH 251.1\" data-link=\"135.1246\">The Ministry of Healing, 251</span>.)",
    "puborder": 74,
    "translations": [
      {
        "para_id": "2729.853",
        "lang": "de",
        "refcode": "DG 168.4"
      },
      {
        "para_id": "190.121",
        "lang": "es",
        "refcode": "Or06 24.1"
      },
      {
        "para_id": "1765.161",
        "lang": "es",
        "refcode": "Or 28.3"
      },
      {
        "para_id": "1765.160",
        "lang": "es",
        "refcode": "Or 28"
      },
      {
        "para_id": "2689.118",
        "lang": "ro",
        "refcode": "Rg 23.3"
      },
      {
        "para_id": "1871.107",
        "lang": "ru",
        "refcode": "Мол 23.3"
      }
    ]
  },
  {
    "para_id": "87.113",
    "id_prev": "87.111",
    "id_next": "87.114",
    "refcode_1": "Pr",
    "refcode_2": "24",
    "refcode_3": "1",
    "refcode_4": "",
    "refcode_short": "Pr 24.1",
    "refcode_long": "Prayer, p. 24.1 (Ellen Gould White)",
    "element_type": "p",
    "element_subtype": "standard-indented",
    "content": "<strong>Prayer Most Needed When We Least Feel Like Praying</strong>&mdash;When we feel the least inclined to commune with Jesus, let us pray the most. By so doing we shall break Satan&apos;s snare, the clouds of darkness will disappear, and we shall realize the sweet presence of Jesus.&mdash;(<span class=\"egwlink egwlink_book\" title=\"LHU 372.1\" data-link=\"44.2876\">Lift Him Up, 372</span>.)",
    "puborder": 75,
    "translations": [
      {
        "para_id": "1765.164",
        "lang": "es",
        "refcode": "Or 29.1"
      },
      {
        "para_id": "190.122",
        "lang": "es",
        "refcode": "Or06 24.2"
      },
      {
        "para_id": "1765.163",
        "lang": "es",
        "refcode": "Or 29"
      },
      {
        "para_id": "2689.120",
        "lang": "ro",
        "refcode": "Rg 24.1"
      },
      {
        "para_id": "1871.109",
        "lang": "ru",
        "refcode": "Мол 24.1"
      }
    ]
  },
  {
    "para_id": "87.114",
    "id_prev": "87.113",
    "id_next": "87.115",
    "refcode_1": "Pr",
    "refcode_2": "24",
    "refcode_3": "2",
    "refcode_4": "",
    "refcode_short": "Pr 24.2",
    "refcode_long": "Prayer, p. 24.2 (Ellen Gould White)",
    "element_type": "p",
    "element_subtype": "standard-indented",
    "content": "<strong>Darkness Encloses Those Who Neglect Prayer</strong>&mdash;If the Saviour of men, the Son of God, felt the need of prayer, how much more should feeble, sinful mortals feel the necessity of fervent, constant prayer.",
    "puborder": 76,
    "translations": [
      {
        "para_id": "1765.165",
        "lang": "es",
        "refcode": "Or 29"
      },
      {
        "para_id": "1765.166",
        "lang": "es",
        "refcode": "Or 29.2"
      },
      {
        "para_id": "190.123",
        "lang": "es",
        "refcode": "Or06 24.3"
      },
      {
        "para_id": "2689.121",
        "lang": "ro",
        "refcode": "Rg 24.2"
      },
      {
        "para_id": "1871.110",
        "lang": "ru",
        "refcode": "Мол 24.2"
      }
    ]
  },
  {
    "para_id": "87.115",
    "id_prev": "87.114",
    "id_next": "87.116",
    "refcode_1": "Pr",
    "refcode_2": "24",
    "refcode_3": "3",
    "refcode_4": "",
    "refcode_short": "Pr 24.3",
    "refcode_long": "Prayer, p. 24.3 (Ellen Gould White)",
    "element_type": "p",
    "element_subtype": "standard-indented",
    "content": "Our heavenly Father waits to bestow upon us the fullness of His blessing. It is our privilege to drink largely at the fountain of boundless love. What a wonder it is that we pray so little! God is ready and willing to hear the sincere prayer of the humblest of His children, and yet there is much manifest reluctance on our part to make known our wants to God. What can the angels of heaven think of poor helpless human beings, who are subject to temptation, when God&apos;s heart of infinite love yearns toward them, ready to give them more than they can ask or think, and yet they pray so little and have so little faith? The angels love to bow before God; they love to be near Him. They regard communion with God as their highest joy; and yet the children of earth, who need so much the help that God only can give, seem satisfied to walk without the light of His Spirit, the companionship of His presence.",
    "puborder": 77,
    "translations": [
      {
        "para_id": "190.124",
        "lang": "es",
        "refcode": "Or06 24.4"
      },
      {
        "para_id": "1765.167",
        "lang": "es",
        "refcode": "Or 29.3"
      },
      {
        "para_id": "2689.122",
        "lang": "ro",
        "refcode": "Rg 24.3"
      },
      {
        "para_id": "1871.111",
        "lang": "ru",
        "refcode": "Мол 24.3"
      }
    ]
  },
  {
    "para_id": "87.116",
    "id_prev": "87.115",
    "id_next": "87.117",
    "refcode_1": "Pr",
    "refcode_2": "24",
    "refcode_3": "4",
    "refcode_4": "",
    "refcode_short": "Pr 24.4",
    "refcode_long": "Prayer, p. 24.4 (Ellen Gould White)",
    "element_type": "p",
    "element_subtype": "standard-indented",
    "content": "The darkness of the evil one encloses those who neglect to pray. The whispered temptations of the enemy entice them to sin; and it is all because they do not make use of the privileges that God has given them in the divine appointment of prayer. Why should the sons and daughters of God be reluctant to pray, when prayer is the key in the hand of faith to unlock heaven&apos;s storehouse, where are treasured the boundless resources of Omnipotence?&mdash;(<span class=\"egwlink egwlink_book\" title=\"SC 94.2\" data-link=\"108.375\">Steps to Christ, 94</span>.)",
    "puborder": 78,
    "translations": [
      {
        "para_id": "2729.87",
        "lang": "de",
        "refcode": "DG 19.2"
      },
      {
        "para_id": "1765.168",
        "lang": "es",
        "refcode": "Or 29.4"
      },
      {
        "para_id": "190.127",
        "lang": "es",
        "refcode": "Or06 25.1"
      },
      {
        "para_id": "2689.123",
        "lang": "ro",
        "refcode": "Rg 24.4"
      },
      {
        "para_id": "1871.112",
        "lang": "ru",
        "refcode": "Мол 24.4"
      }
    ]
  },
  {
    "para_id": "87.117",
    "id_prev": "87.116",
    "id_next": "87.120",
    "refcode_1": "Pr",
    "refcode_2": "24",
    "refcode_3": "5",
    "refcode_4": "",
    "refcode_short": "Pr 24.5",
    "refcode_long": "Prayer, p. 24.5 (Ellen Gould White)",
    "element_type": "p",
    "element_subtype": "standard-indented",
    "content": "<strong>Avoid Neglecting Prayer</strong>&mdash;Watch, brethren, the first dimming of your light, the first neglect of prayer, the first symptom of <span class=\"page-break\" data-page=\"25\"></span> spiritual slumber.&mdash;(<span class=\"egwlink egwlink_book\" title=\"4T 124.1\" data-link=\"114.633\">Testimonies for the Church 4:124</span>)",
    "puborder": 79,
    "translations": [
      {
        "para_id": "190.128",
        "lang": "es",
        "refcode": "Or06 25.2"
      },
      {
        "para_id": "1765.170",
        "lang": "es",
        "refcode": "Or 30.1"
      },
      {
        "para_id": "2689.124",
        "lang": "ro",
        "refcode": "Rg 24.5"
      },
      {
        "para_id": "1871.113",
        "lang": "ru",
        "refcode": "Мол 24.5"
      }
    ]
  },
  {
    "para_id": "87.120",
    "id_prev": "87.117",
    "id_next": "87.121",
    "refcode_1": "Pr",
    "refcode_2": "25",
    "refcode_3": "1",
    "refcode_4": "",
    "refcode_short": "Pr 25.1",
    "refcode_long": "Prayer, p. 25.1 (Ellen Gould White)",
    "element_type": "p",
    "element_subtype": "standard-indented",
    "content": "You need to watch, lest the busy activities of life lead you to neglect prayer when you most need the strength prayer would give. Godliness is in danger of being crowded out of the soul through over-devotion to business. It is a great evil to defraud the soul of the strength and heavenly wisdom which are waiting your demand. You need that illumination which God alone can give. No one is fitted to transact his business unless he has this wisdom.&mdash;(<span class=\"egwlink egwlink_book\" title=\"5T 560.1\" data-link=\"113.2737\">Testimonies for the Church 5:560</span>.)",
    "puborder": 80,
    "translations": [
      {
        "para_id": "2729.73",
        "lang": "de",
        "refcode": "DG 16.3"
      },
      {
        "para_id": "1765.171",
        "lang": "es",
        "refcode": "Or 30.2"
      },
      {
        "para_id": "190.129",
        "lang": "es",
        "refcode": "Or06 25.3"
      },
      {
        "para_id": "2689.128",
        "lang": "ro",
        "refcode": "Rg 25.1"
      },
      {
        "para_id": "1871.116",
        "lang": "ru",
        "refcode": "Мол 25.1"
      }
    ]
  },
  {
    "para_id": "87.121",
    "id_prev": "87.120",
    "id_next": "87.122",
    "refcode_1": "Pr",
    "refcode_2": "25",
    "refcode_3": "2",
    "refcode_4": "",
    "refcode_short": "Pr 25.2",
    "refcode_long": "Prayer, p. 25.2 (Ellen Gould White)",
    "element_type": "p",
    "element_subtype": "standard-indented",
    "content": "<strong>Satan Deceives Those Who Do Not Pray</strong>&mdash;All who do not earnestly search the Scriptures and submit every desire and purpose of life to that unerring test, all who do not seek God in prayer for a knowledge of His will, will surely wander from the right path and fall under the deception of Satan.&mdash;(<span class=\"egwlink egwlink_book\" title=\"5T 192.1\" data-link=\"113.982\">Testimonies for the Church 5:192</span>.)",
    "puborder": 81,
    "translations": [
      {
        "para_id": "2729.90",
        "lang": "de",
        "refcode": "DG 19.5"
      },
      {
        "para_id": "190.130",
        "lang": "es",
        "refcode": "Or06 25.4"
      },
      {
        "para_id": "1765.172",
        "lang": "es",
        "refcode": "Or 30"
      },
      {
        "para_id": "1765.173",
        "lang": "es",
        "refcode": "Or 30.3"
      },
      {
        "para_id": "2689.129",
        "lang": "ro",
        "refcode": "Rg 25.2"
      },
      {
        "para_id": "1871.117",
        "lang": "ru",
        "refcode": "Мол 25.2"
      }
    ]
  },
  {
    "para_id": "87.122",
    "id_prev": "87.121",
    "id_next": "87.123",
    "refcode_1": "Pr",
    "refcode_2": "25",
    "refcode_3": "3",
    "refcode_4": "",
    "refcode_short": "Pr 25.3",
    "refcode_long": "Prayer, p. 25.3 (Ellen Gould White)",
    "element_type": "p",
    "element_subtype": "standard-indented",
    "content": "<strong>Temptation Makes Prayer a Necessity</strong>&mdash;The strength acquired in prayer to God, united with individual effort in training the mind to thoughtfulness and caretaking, prepares the person for daily duties and keeps the spirit in peace under all circumstances, however trying. The temptations to which we are daily exposed make prayer a necessity. In order that we may be kept by the power of God through faith, the desires of the mind should be continually ascending in silent prayer for help, for light, for strength, for knowledge. But thought and prayer cannot take the place of earnest, faithful improvement of the time. Work and prayer are both required in perfecting Christian character.",
    "puborder": 82,
    "translations": [
      {
        "para_id": "2729.78",
        "lang": "de",
        "refcode": "DG 17.4"
      },
      {
        "para_id": "1765.175",
        "lang": "es",
        "refcode": "Or 30.4"
      },
      {
        "para_id": "1765.174",
        "lang": "es",
        "refcode": "Or 30"
      },
      {
        "para_id": "190.131",
        "lang": "es",
        "refcode": "Or06 25.5"
      },
      {
        "para_id": "2689.130",
        "lang": "ro",
        "refcode": "Rg 25.3"
      },
      {
        "para_id": "1871.118",
        "lang": "ru",
        "refcode": "Мол 25.3"
      }
    ]
  },
  {
    "para_id": "87.123",
    "id_prev": "87.122",
    "id_next": "87.125",
    "refcode_1": "Pr",
    "refcode_2": "25",
    "refcode_3": "4",
    "refcode_4": "",
    "refcode_short": "Pr 25.4",
    "refcode_long": "Prayer, p. 25.4 (Ellen Gould White)",
    "element_type": "p",
    "element_subtype": "standard-indented",
    "content": "We must live a twofold life&mdash;a life of thought and action, of silent prayer and earnest work.... God requires us to be living epistles, known and read of all men. The soul that turns to God for its strength, its support, its power, by daily, earnest prayer, will have noble aspirations, clear perceptions of truth and duty, lofty purposes of action, and a continual hungering and thirsting after righteousness.&mdash;(<span class=\"egwlink egwlink_book\" title=\"AG 317.1\" data-link=\"33.2324\">God&apos;s Amazing Grace, 317</span>.)",
    "puborder": 83,
    "translations": [
      {
        "para_id": "2729.79",
        "lang": "de",
        "refcode": "DG 17.5"
      },
      {
        "para_id": "1765.177",
        "lang": "es",
        "refcode": "Or 31.1"
      },
      {
        "para_id": "190.134",
        "lang": "es",
        "refcode": "Or06 26.1"
      },
      {
        "para_id": "2689.131",
        "lang": "ro",
        "refcode": "Rg 25.4"
      },
      {
        "para_id": "1871.119",
        "lang": "ru",
        "refcode": "Мол 25.4"
      }
    ]
  },
  {
    "para_id": "87.125",
    "id_prev": "87.123",
    "id_next": "87.126",
    "refcode_1": "Pr",
    "refcode_2": "26",
    "refcode_3": "1",
    "refcode_4": "",
    "refcode_short": "Pr 26.1",
    "refcode_long": "Prayer, p. 26.1 (Ellen Gould White)",
    "element_type": "p",
    "element_subtype": "standard-indented",
    "content": "<strong>Prayer Needed Now More Than in the Early Days</strong>&mdash;We must be much in prayer if we would make progress in the divine life. When the message of truth was first proclaimed, how much we prayed. How often was the voice of intercession heard in the chamber, in the barn, in the orchard, or the grove. Frequently we spent hours in earnest prayer, two or three together claiming the promise; often the sound of weeping was heard and then the voice of thanksgiving and the song of praise. Now the day of God is nearer than when we first believed, and we should be more earnest, more zealous, and fervent than in those early days. Our perils are greater now than then. Souls are more hardened. We need now to be imbued with the spirit of Christ, and we should not rest until we receive it.&mdash;(<span class=\"egwlink egwlink_book\" title=\"5T 161.1\" data-link=\"113.807\">Testimonies for the Church 5:161, 162</span>.)",
    "puborder": 84,
    "translations": [
      {
        "para_id": "2729.1131",
        "lang": "de",
        "refcode": "DG 218.3"
      },
      {
        "para_id": "2729.1130",
        "lang": "de",
        "refcode": "DG 218.2"
      },
      {
        "para_id": "190.135",
        "lang": "es",
        "refcode": "Or06 26.2"
      },
      {
        "para_id": "1765.178",
        "lang": "es",
        "refcode": "Or 31"
      },
      {
        "para_id": "1765.179",
        "lang": "es",
        "refcode": "Or 31.2"
      },
      {
        "para_id": "2689.133",
        "lang": "ro",
        "refcode": "Rg 26.1"
      },
      {
        "para_id": "1871.121",
        "lang": "ru",
        "refcode": "Мол 26.1"
      }
    ]
  },
  {
    "para_id": "87.126",
    "id_prev": "87.125",
    "id_next": "87.127",
    "refcode_1": "Pr",
    "refcode_2": "26",
    "refcode_3": "2",
    "refcode_4": "",
    "refcode_short": "Pr 26.2",
    "refcode_long": "Prayer, p. 26.2 (Ellen Gould White)",
    "element_type": "p",
    "element_subtype": "standard-indented",
    "content": "<strong>Seek the Lord With All the Heart</strong>&mdash;Our prayers should be full of tenderness and love. When we yearn for a deeper, broader realization of the Saviour&apos;s love, we shall cry to God for more wisdom. If ever there was a need of soul-stirring prayers and sermons, it is now. The end of all things is at hand. O that we could see as we should the necessity of seeking the Lord with all the heart! Then we should find Him. May God teach His people how to pray.&mdash;(<span class=\"egwlink egwlink_book\" title=\"AG 92.1\" data-link=\"33.629\">God&apos;s Amazing Grace, 92</span>.)",
    "puborder": 85,
    "translations": [
      {
        "para_id": "2729.115",
        "lang": "de",
        "refcode": "DG 24.3"
      },
      {
        "para_id": "190.136",
        "lang": "es",
        "refcode": "Or06 26.3"
      },
      {
        "para_id": "1765.181",
        "lang": "es",
        "refcode": "Or 31.3"
      },
      {
        "para_id": "1765.180",
        "lang": "es",
        "refcode": "Or 31"
      },
      {
        "para_id": "2689.134",
        "lang": "ro",
        "refcode": "Rg 26.2"
      },
      {
        "para_id": "1871.122",
        "lang": "ru",
        "refcode": "Мол 26.2"
      }
    ]
  },
  {
    "para_id": "87.127",
    "id_prev": "87.126",
    "id_next": "87.128",
    "refcode_1": "Pr",
    "refcode_2": "26",
    "refcode_3": "3",
    "refcode_4": "",
    "refcode_short": "Pr 26.3",
    "refcode_long": "Prayer, p. 26.3 (Ellen Gould White)",
    "element_type": "p",
    "element_subtype": "standard-indented",
    "content": "<strong>Prayer Is Not Time Wasted</strong>&mdash;Every morning take time to begin your work with prayer. Do not think this wasted time; it is time that will live through eternal ages. By this means success and spiritual victory will be brought in. The machinery will respond to the touch of the Master&apos;s hand. God&apos;s blessing is certainly worth asking for, and the work cannot be done aright unless the beginning is right. The hands of every worker must be strengthened, his heart must be purified, before the Lord can use him effectively.&mdash;(<span class=\"egwlink egwlink_book\" title=\"7T 194.1\" data-link=\"117.1074\">Testimonies for the Church 7:194</span>.)",
    "puborder": 86,
    "translations": [
      {
        "para_id": "190.139",
        "lang": "es",
        "refcode": "Or06 27.1"
      },
      {
        "para_id": "1765.184",
        "lang": "es",
        "refcode": "Or 32.1"
      },
      {
        "para_id": "1765.183",
        "lang": "es",
        "refcode": "Or 32"
      },
      {
        "para_id": "2689.135",
        "lang": "ro",
        "refcode": "Rg 26.3"
      },
      {
        "para_id": "1871.123",
        "lang": "ru",
        "refcode": "Мол 26.3"
      }
    ]
  },
  {
    "para_id": "87.128",
    "id_prev": "87.127",
    "id_next": "87.131",
    "refcode_1": "Pr",
    "refcode_2": "26",
    "refcode_3": "4",
    "refcode_4": "",
    "refcode_short": "Pr 26.4",
    "refcode_long": "Prayer, p. 26.4 (Ellen Gould White)",
    "element_type": "p",
    "element_subtype": "standard-indented",
    "content": "<strong>Few Appreciate the Privilege of Prayer</strong>&mdash;We should watch and work and pray as though this were the last day that would be <span class=\"page-break\" data-page=\"27\"></span> granted us. How intensely earnest, then, would be our life. How closely would we follow Jesus in all our words and deeds.",
    "puborder": 87,
    "translations": [
      {
        "para_id": "190.140",
        "lang": "es",
        "refcode": "Or06 27.2"
      },
      {
        "para_id": "1765.185",
        "lang": "es",
        "refcode": "Or 32"
      },
      {
        "para_id": "1765.186",
        "lang": "es",
        "refcode": "Or 32.2"
      },
      {
        "para_id": "2689.136",
        "lang": "ro",
        "refcode": "Rg 26.4"
      },
      {
        "para_id": "1871.124",
        "lang": "ru",
        "refcode": "Мол 26.4"
      }
    ]
  },
  {
    "para_id": "87.131",
    "id_prev": "87.128",
    "id_next": "87.132",
    "refcode_1": "Pr",
    "refcode_2": "27",
    "refcode_3": "1",
    "refcode_4": "",
    "refcode_short": "Pr 27.1",
    "refcode_long": "Prayer, p. 27.1 (Ellen Gould White)",
    "element_type": "p",
    "element_subtype": "standard-indented",
    "content": "There are few who rightly appreciate or improve the precious privilege of prayer. We should go to Jesus and tell Him all our needs. We may bring Him our little cares and perplexities as well as our greater troubles. Whatever arises to disturb or distress us, we should take it to the Lord in prayer. When we feel that we need the presence of Christ at every step, Satan will have little opportunity to intrude his temptations. It is his studied effort to keep us away from our best and most sympathizing friend. We should make no one our confidant but Jesus. We can safely commune with Him of all that is in our hearts.&mdash;(<span class=\"egwlink egwlink_book\" title=\"5T 200.1\" data-link=\"113.1025\">Testimonies for the Church 5:200, 201</span>.)",
    "puborder": 88,
    "translations": [
      {
        "para_id": "2729.468",
        "lang": "de",
        "refcode": "DG 95.1"
      },
      {
        "para_id": "1765.187",
        "lang": "es",
        "refcode": "Or 32.3"
      },
      {
        "para_id": "190.141",
        "lang": "es",
        "refcode": "Or06 27.3"
      },
      {
        "para_id": "2689.139",
        "lang": "ro",
        "refcode": "Rg 27.1"
      },
      {
        "para_id": "1871.127",
        "lang": "ru",
        "refcode": "Мол 27.1"
      }
    ]
  },
  {
    "para_id": "87.132",
    "id_prev": "87.131",
    "id_next": "87.133",
    "refcode_1": "Pr",
    "refcode_2": "27",
    "refcode_3": "2",
    "refcode_4": "",
    "refcode_short": "Pr 27.2",
    "refcode_long": "Prayer, p. 27.2 (Ellen Gould White)",
    "element_type": "p",
    "element_subtype": "standard-indented",
    "content": "<strong>More Prayer Needed as the End Approaches</strong>&mdash;Confederacies will increase in number and power as we draw nearer to the end of time. These confederacies will create opposing influences to the truth, forming new parties of professed believers who will act out their own delusive theories. The apostasy will increase. &ldquo;Some shall depart from the faith, giving heed to seducing spirits, and doctrines of devils&rdquo; (<span class=\"egwlink egwlink_bible\" title=\"1 Timothy 4:1\" data-link=\"1965.60676\">1 Timothy 4:1</span>). Men and women have confederated to oppose the Lord God of heaven, and the church is only half awake to the situation. There needs to be much more of prayer, much more of earnest effort, among professed believers.&mdash;(<span class=\"egwlink egwlink_book\" title=\"2SM 383.1\" data-link=\"99.2343\">Selected Messages 2:383</span>.)",
    "puborder": 89,
    "translations": [
      {
        "para_id": "2729.96",
        "lang": "de",
        "refcode": "DG 20.4"
      },
      {
        "para_id": "190.143",
        "lang": "es",
        "refcode": "Or06 28.1"
      },
      {
        "para_id": "1765.188",
        "lang": "es",
        "refcode": "Or 32"
      },
      {
        "para_id": "1765.189",
        "lang": "es",
        "refcode": "Or 32.4"
      },
      {
        "para_id": "2689.140",
        "lang": "ro",
        "refcode": "Rg 27.2"
      },
      {
        "para_id": "1871.128",
        "lang": "ru",
        "refcode": "Мол 27.2"
      }
    ]
  },
  {
    "para_id": "87.133",
    "id_prev": "87.132",
    "id_next": "87.135",
    "refcode_1": "Pr",
    "refcode_2": "27",
    "refcode_3": "3",
    "refcode_4": "",
    "refcode_short": "Pr 27.3",
    "refcode_long": "Prayer, p. 27.3 (Ellen Gould White)",
    "element_type": "p",
    "element_subtype": "standard-indented",
    "content": "If there was ever a time when we should watch and pray in real earnest, it is now. There may be supposable things that appear as good things, and yet they need to be carefully considered with much prayer, for they are specious devices of the enemy to lead souls in a path which lies so close to the path of truth that it will be scarcely distinguishable from the path which leads to holiness and heaven. But the eye of faith may discern that it is diverging from the right path, though almost imperceptibly. At first it may be thought positively right, but after a while it is seen to be widely divergent from the path of safety, from the path which leads to holiness and heaven.&mdash;(<span class=\"egwlink egwlink_book\" title=\"TM 229.1\" data-link=\"123.1298\">Testimonies to Ministers and Gospel Workers, 229</span>.)",
    "puborder": 90,
    "translations": [
      {
        "para_id": "2729.99",
        "lang": "de",
        "refcode": "DG 21.1"
      },
      {
        "para_id": "1765.192",
        "lang": "es",
        "refcode": "Or 33.1"
      },
      {
        "para_id": "190.144",
        "lang": "es",
        "refcode": "Or06 28.2"
      },
      {
        "para_id": "2689.141",
        "lang": "ro",
        "refcode": "Rg 27.3"
      },
      {
        "para_id": "1871.129",
        "lang": "ru",
        "refcode": "Мол 27.3"
      }
    ]
  },
  {
    "para_id": "87.135",
    "id_prev": "87.133",
    "id_next": "87.136",
    "refcode_1": "Pr",
    "refcode_2": "28",
    "refcode_3": "1",
    "refcode_4": "",
    "refcode_short": "Pr 28.1",
    "refcode_long": "Prayer, p. 28.1 (Ellen Gould White)",
    "element_type": "p",
    "element_subtype": "standard-indented",
    "content": "<strong>Victory Through Daily Prayer</strong>&mdash;Through daily prayer to God, they will have wisdom and grace from Him to bear the conflicts and stern realities of life, and come off victorious. Fidelity, and serenity of mind, can only be retained by watchfulness and prayer.&mdash;(<span class=\"egwlink egwlink_book\" title=\"MYP 80.1\" data-link=\"76.364\">Messages to Young People, 80</span>.)",
    "puborder": 91,
    "translations": [
      {
        "para_id": "1765.194",
        "lang": "es",
        "refcode": "Or 33.2"
      },
      {
        "para_id": "190.145",
        "lang": "es",
        "refcode": "Or06 28.3"
      },
      {
        "para_id": "1765.193",
        "lang": "es",
        "refcode": "Or 33"
      },
      {
        "para_id": "2689.143",
        "lang": "ro",
        "refcode": "Rg 28.1"
      },
      {
        "para_id": "1871.131",
        "lang": "ru",
        "refcode": "Мол 28.1"
      }
    ]
  },
  {
    "para_id": "87.136",
    "id_prev": "87.135",
    "id_next": "87.137",
    "refcode_1": "Pr",
    "refcode_2": "28",
    "refcode_3": "2",
    "refcode_4": "",
    "refcode_short": "Pr 28.2",
    "refcode_long": "Prayer, p. 28.2 (Ellen Gould White)",
    "element_type": "p",
    "element_subtype": "standard-indented",
    "content": "<strong>Victory Requires Earnest Prayer</strong>&mdash;The victory is not won without much earnest prayer, without the humbling of self at every step. Our will is not to be forced into cooperation with divine agencies, but it must be voluntarily submitted.&mdash;(<span class=\"egwlink egwlink_book\" title=\"MB 142.1\" data-link=\"150.720\">Thoughts From the Mount of Blessing, 142</span>.)",
    "puborder": 92,
    "translations": [
      {
        "para_id": "2729.94",
        "lang": "de",
        "refcode": "DG 20.2"
      },
      {
        "para_id": "190.146",
        "lang": "es",
        "refcode": "Or06 28.4"
      },
      {
        "para_id": "1765.195",
        "lang": "es",
        "refcode": "Or 33.3"
      },
      {
        "para_id": "2689.144",
        "lang": "ro",
        "refcode": "Rg 28.2"
      },
      {
        "para_id": "1871.132",
        "lang": "ru",
        "refcode": "Мол 28.2"
      }
    ]
  },
  {
    "para_id": "87.137",
    "id_prev": "87.136",
    "id_next": "87.138",
    "refcode_1": "Pr",
    "refcode_2": "28",
    "refcode_3": "3",
    "refcode_4": "",
    "refcode_short": "Pr 28.3",
    "refcode_long": "Prayer, p. 28.3 (Ellen Gould White)",
    "element_type": "p",
    "element_subtype": "standard-indented",
    "content": "<strong>We Must Take Time to Pray</strong>&mdash;We should now acquaint ourselves with God by proving His promises. Angels record every prayer that is earnest and sincere. We should rather dispense with selfish gratifications than neglect communion with God. The deepest poverty, the greatest self-denial, with His approval, is better than riches, honors, ease, and friendship without it. We must take time to pray.&mdash;(<span class=\"egwlink egwlink_book\" title=\"GC 622.1\" data-link=\"132.2809\">The Great Controversy, 622</span>.)",
    "puborder": 93,
    "translations": [
      {
        "para_id": "2729.72",
        "lang": "de",
        "refcode": "DG 16.2"
      },
      {
        "para_id": "190.148",
        "lang": "es",
        "refcode": "Or06 29.1"
      },
      {
        "para_id": "1765.197",
        "lang": "es",
        "refcode": "Or 33.4"
      },
      {
        "para_id": "1765.196",
        "lang": "es",
        "refcode": "Or 33"
      },
      {
        "para_id": "2689.145",
        "lang": "ro",
        "refcode": "Rg 28.3"
      },
      {
        "para_id": "1871.133",
        "lang": "ru",
        "refcode": "Мол 28.3"
      }
    ]
  },
  {
    "para_id": "87.138",
    "id_prev": "87.137",
    "id_next": "87.139",
    "refcode_1": "Pr",
    "refcode_2": "28",
    "refcode_3": "4",
    "refcode_4": "",
    "refcode_short": "Pr 28.4",
    "refcode_long": "Prayer, p. 28.4 (Ellen Gould White)",
    "element_type": "p",
    "element_subtype": "standard-indented",
    "content": "<strong>Spend Much Time in Prayer</strong>&mdash;Let much time be spent in prayer and close searching of the word. Let all obtain the real facts of faith in their own souls through belief that the Holy Spirit will be imparted to them because they have a real hungering and thirsting after righteousness.... Let there be more praying, believing, and receiving, and more working together with God.&mdash;(<span class=\"egwlink egwlink_book\" title=\"6T 65.1\" data-link=\"118.353\">Testimonies for the Church 6:65, 66</span>.)",
    "puborder": 94,
    "translations": [
      {
        "para_id": "1765.200",
        "lang": "es",
        "refcode": "Or 34"
      },
      {
        "para_id": "1765.201",
        "lang": "es",
        "refcode": "Or 34.1"
      },
      {
        "para_id": "190.149",
        "lang": "es",
        "refcode": "Or06 29.2"
      },
      {
        "para_id": "2689.146",
        "lang": "ro",
        "refcode": "Rg 28.4"
      },
      {
        "para_id": "1871.134",
        "lang": "ru",
        "refcode": "Мол 28.4"
      }
    ]
  },
  {
    "para_id": "87.139",
    "id_prev": "87.138",
    "id_next": "87.142",
    "refcode_1": "Pr",
    "refcode_2": "28",
    "refcode_3": "5",
    "refcode_4": "",
    "refcode_short": "Pr 28.5",
    "refcode_long": "Prayer, p. 28.5 (Ellen Gould White)",
    "element_type": "p",
    "element_subtype": "standard-indented",
    "content": "<strong>Pray as Never Before</strong>&mdash;Look unto Jesus in simplicity and faith. Gaze upon Jesus until the spirit faints under the excess of light. We do not half pray. We do not half believe. &ldquo;Ask, and it shall be given you.&rdquo; <span class=\"egwlink egwlink_bible\" title=\"Luke 11:9\" data-link=\"1965.51857\">Luke 11:9</span>. Pray, believe, strengthen one another. Pray as you never before prayed that the Lord will lay His hand upon you, that you may be able to comprehend the length and breadth and depth and height, and to know the love of Christ, <span class=\"page-break\" data-page=\"29\"></span> which passeth knowledge, that you may be filled with all the fullness of God.&mdash;(<span class=\"egwlink egwlink_book\" title=\"7T 214.1\" data-link=\"117.1206\">Testimonies for the Church 7:214</span>.)",
    "puborder": 95,
    "translations": [
      {
        "para_id": "2729.100",
        "lang": "de",
        "refcode": "DG 21.2"
      },
      {
        "para_id": "1765.203",
        "lang": "es",
        "refcode": "Or 34.2"
      },
      {
        "para_id": "1765.202",
        "lang": "es",
        "refcode": "Or 34"
      },
      {
        "para_id": "190.150",
        "lang": "es",
        "refcode": "Or06 29.3"
      },
      {
        "para_id": "2689.147",
        "lang": "ro",
        "refcode": "Rg 28.5"
      },
      {
        "para_id": "1871.135",
        "lang": "ru",
        "refcode": "Мол 28.5"
      }
    ]
  },
  {
    "para_id": "87.142",
    "id_prev": "87.139",
    "id_next": "87.143",
    "refcode_1": "Pr",
    "refcode_2": "29",
    "refcode_3": "1",
    "refcode_4": "",
    "refcode_short": "Pr 29.1",
    "refcode_long": "Prayer, p. 29.1 (Ellen Gould White)",
    "element_type": "p",
    "element_subtype": "standard-indented",
    "content": "Pray, yes, pray as you have never prayed before, that you may not be deluded by Satan&apos;s devices, that you may not be given up to a heedless, careless, vain spirit, and attend to religious duties to quiet your own conscience.&mdash;(<span class=\"egwlink egwlink_book\" title=\"2T 144.1\" data-link=\"120.597\">Testimonies for the Church 2:144</span>.)",
    "puborder": 96,
    "translations": [
      {
        "para_id": "2729.101",
        "lang": "de",
        "refcode": "DG 21.3"
      },
      {
        "para_id": "190.151",
        "lang": "es",
        "refcode": "Or06 29.4"
      },
      {
        "para_id": "1765.204",
        "lang": "es",
        "refcode": "Or 34.3"
      },
      {
        "para_id": "2689.150",
        "lang": "ro",
        "refcode": "Rg 29.1"
      },
      {
        "para_id": "1871.138",
        "lang": "ru",
        "refcode": "Мол 29.1"
      }
    ]
  },
  {
    "para_id": "87.143",
    "id_prev": "87.142",
    "id_next": "87.144",
    "refcode_1": "Pr",
    "refcode_2": "29",
    "refcode_3": "2",
    "refcode_4": "",
    "refcode_short": "Pr 29.2",
    "refcode_long": "Prayer, p. 29.2 (Ellen Gould White)",
    "element_type": "p",
    "element_subtype": "standard-indented",
    "content": "<strong>Pray Always</strong>&mdash;&ldquo;Pray always;&rdquo; that is, be ever in the spirit of prayer, and then you will be in readiness for your Lord&apos;s coming.&mdash;(<span class=\"egwlink egwlink_book\" title=\"5T 235.1\" data-link=\"113.1212\">Testimonies for the Church 5:235</span>.)",
    "puborder": 97,
    "translations": [
      {
        "para_id": "2729.104",
        "lang": "de",
        "refcode": "DG 22.2"
      },
      {
        "para_id": "1765.205",
        "lang": "es",
        "refcode": "Or 34.4"
      },
      {
        "para_id": "190.152",
        "lang": "es",
        "refcode": "Or06 29.5"
      },
      {
        "para_id": "2689.151",
        "lang": "ro",
        "refcode": "Rg 29.2"
      },
      {
        "para_id": "1871.139",
        "lang": "ru",
        "refcode": "Мол 29.2"
      }
    ]
  },
  {
    "para_id": "87.144",
    "id_prev": "87.143",
    "id_next": "87.145",
    "refcode_1": "Pr",
    "refcode_2": "29",
    "refcode_3": "3",
    "refcode_4": "",
    "refcode_short": "Pr 29.3",
    "refcode_long": "Prayer, p. 29.3 (Ellen Gould White)",
    "element_type": "p",
    "element_subtype": "standard-indented",
    "content": "<strong>Need of Much Prayer</strong>&mdash;There is now need of much prayer. Christ commands, &ldquo;Pray without ceasing;&rdquo; that is, keep the mind uplifted to God, the source of all power and efficiency.&mdash;(<span class=\"egwlink egwlink_book\" title=\"TM 510.1\" data-link=\"123.2815\">Testimonies to Ministers and Gospel Workers, 510</span>.)",
    "puborder": 98,
    "translations": [
      {
        "para_id": "2729.103",
        "lang": "de",
        "refcode": "DG 22.1"
      },
      {
        "para_id": "1765.206",
        "lang": "es",
        "refcode": "Or 34.5"
      },
      {
        "para_id": "190.154",
        "lang": "es",
        "refcode": "Or06 30.1"
      },
      {
        "para_id": "2689.152",
        "lang": "ro",
        "refcode": "Rg 29.3"
      },
      {
        "para_id": "1871.140",
        "lang": "ru",
        "refcode": "Мол 29.3"
      }
    ]
  },
  {
    "para_id": "87.145",
    "id_prev": "87.144",
    "id_next": "87.146",
    "refcode_1": "Pr",
    "refcode_2": "29",
    "refcode_3": "4",
    "refcode_4": "",
    "refcode_short": "Pr 29.4",
    "refcode_long": "Prayer, p. 29.4 (Ellen Gould White)",
    "element_type": "p",
    "element_subtype": "standard-indented",
    "content": "<strong>Activity No Substitute for Prayer</strong>&mdash;As activity increases and men become successful in doing any work for God, there is danger of trusting to human plans and methods. There is a tendency to pray less, and to have less faith. Like the disciples, we are in danger of losing sight of our dependence on God, and seeking to make a savior of our activity. We need to look constantly to Jesus, realizing that it is His power which does the work. While we are to labor earnestly for the salvation of the lost, we must also take time for meditation, for prayer, and for the study of the word of God. Only the work accomplished with much prayer, and sanctified by the merit of Christ, will in the end prove to have been efficient for good.&mdash;(<span class=\"egwlink egwlink_book\" title=\"DA 362.1\" data-link=\"130.1745\">The Desire of Ages, 362</span>.)",
    "puborder": 99,
    "translations": [
      {
        "para_id": "2729.111",
        "lang": "de",
        "refcode": "DG 23.2"
      },
      {
        "para_id": "1765.209",
        "lang": "es",
        "refcode": "Or 35"
      },
      {
        "para_id": "1765.210",
        "lang": "es",
        "refcode": "Or 35.1"
      },
      {
        "para_id": "190.155",
        "lang": "es",
        "refcode": "Or06 30.2"
      },
      {
        "para_id": "2689.153",
        "lang": "ro",
        "refcode": "Rg 29.4"
      },
      {
        "para_id": "1871.141",
        "lang": "ru",
        "refcode": "Мол 29.4"
      }
    ]
  },
  {
    "para_id": "87.146",
    "id_prev": "87.145",
    "id_next": "87.148",
    "refcode_1": "Pr",
    "refcode_2": "29",
    "refcode_3": "5",
    "refcode_4": "",
    "refcode_short": "Pr 29.5",
    "refcode_long": "Prayer, p. 29.5 (Ellen Gould White)",
    "element_type": "p",
    "element_subtype": "standard-indented",
    "content": "<strong>Prayer Needed to Take Unpopular Stands</strong>&mdash;It takes moral courage, firmness, decision, perseverance, and very much prayer to step out on the unpopular side. We are thankful that we can come to Christ as the poor suffering ones came to Christ in the temple.&mdash;(<span class=\"egwlink egwlink_book\" title=\"Ev 240.1\" data-link=\"30.1325\">Evangelism, 240</span>).",
    "puborder": 100,
    "translations": [
      {
        "para_id": "2729.113",
        "lang": "de",
        "refcode": "DG 24.1"
      },
      {
        "para_id": "1765.212",
        "lang": "es",
        "refcode": "Or 35.2"
      },
      {
        "para_id": "1765.211",
        "lang": "es",
        "refcode": "Or 35"
      },
      {
        "para_id": "190.156",
        "lang": "es",
        "refcode": "Or06 30.3"
      },
      {
        "para_id": "2689.154",
        "lang": "ro",
        "refcode": "Rg 29.5"
      },
      {
        "para_id": "1871.142",
        "lang": "ru",
        "refcode": "Мол 29.5"
      }
    ]
  },
  {
    "para_id": "87.148",
    "id_prev": "87.146",
    "id_next": "87.149",
    "refcode_1": "Pr",
    "refcode_2": "30",
    "refcode_3": "1",
    "refcode_4": "",
    "refcode_short": "Pr 30.1",
    "refcode_long": "Prayer, p. 30.1 (Ellen Gould White)",
    "element_type": "p",
    "element_subtype": "standard-indented",
    "content": "<strong>Prayer Needed to Do God&apos;s Work</strong>&mdash;Much prayer and the most vigorous exercise of the mind are necessary if we would be prepared to do the work which God would entrust to us. Many never attain to the position which they might occupy, because they wait for God to do for them that which He has given them power to do for themselves. All who are fitted for usefulness in this life must be trained by the severest mental and moral discipline, and then God will assist them by combining divine power with human effort.&mdash;(<span class=\"egwlink egwlink_book\" title=\"4T 611.1\" data-link=\"114.3029\">Testimonies for the Church 4:611</span>.)",
    "puborder": 101,
    "translations": [
      {
        "para_id": "2729.110",
        "lang": "de",
        "refcode": "DG 23.1"
      },
      {
        "para_id": "1765.213",
        "lang": "es",
        "refcode": "Or 35"
      },
      {
        "para_id": "190.157",
        "lang": "es",
        "refcode": "Or06 30.4"
      },
      {
        "para_id": "1765.214",
        "lang": "es",
        "refcode": "Or 35.3"
      },
      {
        "para_id": "2689.156",
        "lang": "ro",
        "refcode": "Rg 30.1"
      },
      {
        "para_id": "1871.144",
        "lang": "ru",
        "refcode": "Мол 30.1"
      }
    ]
  },
  {
    "para_id": "87.149",
    "id_prev": "87.148",
    "id_next": "87.150",
    "refcode_1": "Pr",
    "refcode_2": "30",
    "refcode_3": "2",
    "refcode_4": "",
    "refcode_short": "Pr 30.2",
    "refcode_long": "Prayer, p. 30.2 (Ellen Gould White)",
    "element_type": "p",
    "element_subtype": "standard-indented",
    "content": "<strong>Prayer Needed to Understand Truth</strong>&mdash;The themes of redemption are momentous themes, and only those who are spiritually minded can discern their depth and significance. It is our safety, our life, our joy, to dwell upon the truths of the plan of salvation. Faith and prayer are necessary in order that we may behold the deep things of God. Our minds are so bound about with narrow ideas, that we catch but limited views of the experience it is our privilege to have. How little do we comprehend what is meant by the prayer of the apostle, when he says, &ldquo;That he would grant you, according to the riches of his glory, to be strengthened with might by his spirit in the inner man; that Christ may dwell in your hearts by faith; that ye, being rooted and grounded in love, may be able to comprehend with all saints what is the breadth, and length, and depth, and height; and to know the love of Christ, which passeth knowledge, that ye might be filled with all the fullness of God. Now unto him that is able to do exceeding abundantly above all that we ask or think, according to the power that worketh in us, unto him be glory in the church by Christ Jesus throughout all ages, world without end. Amen.&rdquo;(<span class=\"egwlink egwlink_book\" title=\"RH 11-17-1891\" data-link=\"821.11593\">The Review and Herald, November 17, 1891</span>.)",
    "puborder": 102,
    "translations": [
      {
        "para_id": "2729.95",
        "lang": "de",
        "refcode": "DG 20.3"
      },
      {
        "para_id": "190.158",
        "lang": "es",
        "refcode": "Or06 30.5"
      },
      {
        "para_id": "1765.216",
        "lang": "es",
        "refcode": "Or 36"
      },
      {
        "para_id": "1765.217",
        "lang": "es",
        "refcode": "Or 36.1"
      },
      {
        "para_id": "2689.157",
        "lang": "ro",
        "refcode": "Rg 30.2"
      },
      {
        "para_id": "1871.145",
        "lang": "ru",
        "refcode": "Мол 30.2"
      }
    ]
  },
  {
    "para_id": "87.150",
    "id_prev": "87.149",
    "id_next": "87.153",
    "refcode_1": "Pr",
    "refcode_2": "30",
    "refcode_3": "3",
    "refcode_4": "",
    "refcode_short": "Pr 30.3",
    "refcode_long": "Prayer, p. 30.3 (Ellen Gould White)",
    "element_type": "p",
    "element_subtype": "standard-indented",
    "content": "<strong>Prayer Needed in the Home</strong>&mdash;Affection cannot be lasting, even in the home circle, unless there is a conformity of the will and disposition to the will of God. All the faculties and passions are to be brought into harmony with the attributes of Jesus Christ. If the father and mother in the love and fear of God unite their <span class=\"page-break\" data-page=\"31\"></span> interests to have authority in the home, they will see the necessity of much prayer, much sober reflection. And as they seek God, their eyes will be opened to see heavenly messengers present to protect them in answer to the prayer of faith. They will overcome the weaknesses of their character and go on unto perfection.&mdash;(<span class=\"egwlink egwlink_book\" title=\"AH 315.1\" data-link=\"128.1437\">The Adventist Home, 315, 316</span>.)",
    "puborder": 103,
    "translations": [
      {
        "para_id": "2729.545",
        "lang": "de",
        "refcode": "DG 109.5"
      },
      {
        "para_id": "2729.544",
        "lang": "de",
        "refcode": "DG 109.4"
      },
      {
        "para_id": "1765.219",
        "lang": "es",
        "refcode": "Or 36.2"
      },
      {
        "para_id": "190.161",
        "lang": "es",
        "refcode": "Or06 31.1"
      },
      {
        "para_id": "1765.218",
        "lang": "es",
        "refcode": "Or 36"
      },
      {
        "para_id": "2689.158",
        "lang": "ro",
        "refcode": "Rg 30.3"
      },
      {
        "para_id": "1871.146",
        "lang": "ru",
        "refcode": "Мол 30.3"
      }
    ]
  },
  {
    "para_id": "87.153",
    "id_prev": "87.150",
    "id_next": "87.154",
    "refcode_1": "Pr",
    "refcode_2": "31",
    "refcode_3": "1",
    "refcode_4": "",
    "refcode_short": "Pr 31.1",
    "refcode_long": "Prayer, p. 31.1 (Ellen Gould White)",
    "element_type": "p",
    "element_subtype": "standard-indented",
    "content": "<strong>Prayer Needed to Maintain Connection With God</strong>&mdash;Neglect the exercise of prayer, or engage in prayer spasmodically, now and then, as it is deemed convenient, and you lose your connection with God. The Christian life becomes dry, and the spiritual faculties have no vitality. The religious experience lacks health and vigor.&mdash;(<span class=\"egwlink egwlink_book\" title=\"ST 7-31-1893\" data-link=\"820.11703\">The Signs of the Times, July 31, 1893</span>.)",
    "puborder": 104,
    "translations": [
      {
        "para_id": "2729.67",
        "lang": "de",
        "refcode": "DG 15.2"
      },
      {
        "para_id": "1765.223",
        "lang": "es",
        "refcode": "Or 37.1"
      },
      {
        "para_id": "190.162",
        "lang": "es",
        "refcode": "Or06 31.2"
      },
      {
        "para_id": "1765.222",
        "lang": "es",
        "refcode": "Or 37"
      },
      {
        "para_id": "2689.161",
        "lang": "ro",
        "refcode": "Rg 31.1"
      },
      {
        "para_id": "1871.149",
        "lang": "ru",
        "refcode": "Мол 31.1"
      }
    ]
  },
  {
    "para_id": "87.154",
    "id_prev": "87.153",
    "id_next": "87.155",
    "refcode_1": "Pr",
    "refcode_2": "31",
    "refcode_3": "2",
    "refcode_4": "",
    "refcode_short": "Pr 31.2",
    "refcode_long": "Prayer, p. 31.2 (Ellen Gould White)",
    "element_type": "p",
    "element_subtype": "standard-indented",
    "content": "<strong>Prayer Needed for Spiritual Strength</strong>&mdash;The reason why some are restless is, that they do not go to the only true source for happiness. They are ever trying to find out of Christ that enjoyment which is found alone in Him. In Him are no disappointed hopes. Oh how is the precious privilege of prayer neglected! The reading of the word of God prepares the mind for prayer. One of the greatest reasons why many have so little disposition to draw near to God by prayer is, that they have unfitted themselves for this sacred work by reading fascinating stories, which have excited the imagination and aroused unholy passions. The word of God becomes distasteful; the hour of prayer is not thought of. Prayer is the strength of the Christian. When alone, he is not alone; he feels the presence of One who has said, &ldquo;Lo, I am with you alway.&rdquo;(<span class=\"egwlink egwlink_book\" title=\"RH 3-11-1880\" data-link=\"821.3237\">The Review and Herald, March 11, 1880</span>.)",
    "puborder": 105,
    "translations": [
      {
        "para_id": "2729.75",
        "lang": "de",
        "refcode": "DG 17.1"
      },
      {
        "para_id": "2729.76",
        "lang": "de",
        "refcode": "DG 17.2"
      },
      {
        "para_id": "2729.77",
        "lang": "de",
        "refcode": "DG 17.3"
      },
      {
        "para_id": "190.165",
        "lang": "es",
        "refcode": "Or06 32.1"
      },
      {
        "para_id": "1765.224",
        "lang": "es",
        "refcode": "Or 37"
      },
      {
        "para_id": "1765.225",
        "lang": "es",
        "refcode": "Or 37.2"
      },
      {
        "para_id": "2689.162",
        "lang": "ro",
        "refcode": "Rg 31.2"
      },
      {
        "para_id": "1871.150",
        "lang": "ru",
        "refcode": "Мол 31.2"
      }
    ]
  },
  {
    "para_id": "87.155",
    "id_prev": "87.154",
    "id_next": "87.157",
    "refcode_1": "Pr",
    "refcode_2": "31",
    "refcode_3": "3",
    "refcode_4": "",
    "refcode_short": "Pr 31.3",
    "refcode_long": "Prayer, p. 31.3 (Ellen Gould White)",
    "element_type": "p",
    "element_subtype": "standard-indented",
    "content": "<strong>Prayer Needed to Enter Heaven</strong>&mdash;There is no such thing as our entering the heavenly portals through indulgence and folly, amusement, selfishness, but only by constant watchfulness and unceasing prayer. Spiritual vigilance on our part individually is the price of safety. Swerve not to Satan&apos;s side a single inch, lest he gain advantage over you.&mdash;(<span class=\"egwlink egwlink_book\" title=\"6BC 1094.1\" data-link=\"95.535\">The S.D.A. Bible Commentary 6:1094</span>.)",
    "puborder": 106,
    "translations": [
      {
        "para_id": "2729.105",
        "lang": "de",
        "refcode": "DG 22.3"
      },
      {
        "para_id": "1765.226",
        "lang": "es",
        "refcode": "Or 37"
      },
      {
        "para_id": "190.166",
        "lang": "es",
        "refcode": "Or06 32.2"
      },
      {
        "para_id": "1765.227",
        "lang": "es",
        "refcode": "Or 37.3"
      },
      {
        "para_id": "2689.163",
        "lang": "ro",
        "refcode": "Rg 31.3"
      },
      {
        "para_id": "1871.151",
        "lang": "ru",
        "refcode": "Мол 31.3"
      }
    ]
  },
  {
    "para_id": "87.157",
    "id_prev": "87.155",
    "id_next": "87.158",
    "refcode_1": "Pr",
    "refcode_2": "32",
    "refcode_3": "1",
    "refcode_4": "",
    "refcode_short": "Pr 32.1",
    "refcode_long": "Prayer, p. 32.1 (Ellen Gould White)",
    "element_type": "p",
    "element_subtype": "standard-indented",
    "content": "<strong>Prayer Keeps Us Faithful</strong>&mdash;Without unceasing prayer and diligent watching, we are in danger of growing careless, and of deviating from the right path. The adversary seeks continually to obstruct the way to the mercy-seat, that we may not by earnest supplication and faith obtain grace and power to resist temptation.&mdash;(<span class=\"egwlink egwlink_book\" title=\"RH 12-8-1904\" data-link=\"821.24929\">The Review and Herald, December 8, 1904</span>.)",
    "puborder": 107,
    "translations": [
      {
        "para_id": "2729.88",
        "lang": "de",
        "refcode": "DG 19.3"
      },
      {
        "para_id": "1765.229",
        "lang": "es",
        "refcode": "Or 38"
      },
      {
        "para_id": "190.167",
        "lang": "es",
        "refcode": "Or06 32.3"
      },
      {
        "para_id": "1765.230",
        "lang": "es",
        "refcode": "Or 38.1"
      },
      {
        "para_id": "2689.165",
        "lang": "ro",
        "refcode": "Rg 32.1"
      },
      {
        "para_id": "1871.153",
        "lang": "ru",
        "refcode": "Мол 32.1"
      }
    ]
  },
  {
    "para_id": "87.158",
    "id_prev": "87.157",
    "id_next": "87.159",
    "refcode_1": "Pr",
    "refcode_2": "32",
    "refcode_3": "2",
    "refcode_4": "",
    "refcode_short": "Pr 32.2",
    "refcode_long": "Prayer, p. 32.2 (Ellen Gould White)",
    "element_type": "p",
    "element_subtype": "standard-indented",
    "content": "<strong>Pray for the Spirit</strong>&mdash;If we are to learn of Christ, we must pray as the apostles prayed when the Holy Spirit was poured upon them. We need a baptism of the Spirit of God. We are not safe for one hour while we are failing to render obedience to the Word of God.&mdash;(<span class=\"egwlink egwlink_book\" title=\"FE 537.1\" data-link=\"32.2220\">Fundamentals of Christian Education, 537</span>.)",
    "puborder": 108,
    "translations": [
      {
        "para_id": "2729.114",
        "lang": "de",
        "refcode": "DG 24.2"
      },
      {
        "para_id": "1765.232",
        "lang": "es",
        "refcode": "Or 38.2"
      },
      {
        "para_id": "190.169",
        "lang": "es",
        "refcode": "Or06 33.1"
      },
      {
        "para_id": "1765.231",
        "lang": "es",
        "refcode": "Or 38"
      },
      {
        "para_id": "2689.166",
        "lang": "ro",
        "refcode": "Rg 32.2"
      },
      {
        "para_id": "1871.154",
        "lang": "ru",
        "refcode": "Мол 32.2"
      }
    ]
  },
  {
    "para_id": "87.159",
    "id_prev": "87.158",
    "id_next": "87.160",
    "refcode_1": "Pr",
    "refcode_2": "32",
    "refcode_3": "3",
    "refcode_4": "",
    "refcode_short": "Pr 32.3",
    "refcode_long": "Prayer, p. 32.3 (Ellen Gould White)",
    "element_type": "p",
    "element_subtype": "standard-indented",
    "content": "<strong>Weakness Turned to Strength Through Prayer</strong>&mdash;They [many of God&apos;s people] do not see the importance of self-knowledge and self-control. They do not watch and pray, lest they enter into temptation. If they would watch, they would become acquainted with their weak points, where they are most likely to be assailed by temptation. With watchfulness and prayer their weakest points can be so guarded as to become their strongest points, and they can encounter temptation without being overcome. Every follower of Christ should daily examine himself, that he may become perfectly acquainted with his own conduct.&mdash;(<span class=\"egwlink egwlink_book\" title=\"2T 511.1\" data-link=\"120.2210\">Testimonies for the Church 2:511</span>.)",
    "puborder": 109,
    "translations": [
      {
        "para_id": "2729.670",
        "lang": "de",
        "refcode": "DG 134.1"
      },
      {
        "para_id": "190.170",
        "lang": "es",
        "refcode": "Or06 33.2"
      },
      {
        "para_id": "1765.233",
        "lang": "es",
        "refcode": "Or 38"
      },
      {
        "para_id": "1765.234",
        "lang": "es",
        "refcode": "Or 38.3"
      },
      {
        "para_id": "2689.167",
        "lang": "ro",
        "refcode": "Rg 32.3"
      },
      {
        "para_id": "1871.155",
        "lang": "ru",
        "refcode": "Мол 32.3"
      }
    ]
  },
  {
    "para_id": "87.160",
    "id_prev": "87.159",
    "id_next": "87.162",
    "refcode_1": "Pr",
    "refcode_2": "32",
    "refcode_3": "4",
    "refcode_4": "",
    "refcode_short": "Pr 32.4",
    "refcode_long": "Prayer, p. 32.4 (Ellen Gould White)",
    "element_type": "p",
    "element_subtype": "standard-indented",
    "content": "<strong>Pray in All Circumstances</strong>&mdash;In your business, in companionship for leisure hours, and in alliance for life, let all the associations you form be entered upon with earnest, humble prayer. You will thus show that you honor God, and God will honor you. Pray when you are fainthearted. When you are desponding, close the lips firmly to men; do not shadow the path of others; but tell everything to Jesus. Reach up your hands for help. In your weakness lay hold of infinite strength. Ask for humility, wisdom, courage, increase of faith, that you may see light in God&apos;s light and rejoice in His love.&mdash;(<span class=\"egwlink egwlink_book\" title=\"MH 513.1\" data-link=\"135.2710\">The Ministry of Healing, 513</span>.)",
    "puborder": 110,
    "translations": [
      {
        "para_id": "2729.80",
        "lang": "de",
        "refcode": "DG 17.6"
      },
      {
        "para_id": "190.171",
        "lang": "es",
        "refcode": "Or06 33.3"
      },
      {
        "para_id": "1765.235",
        "lang": "es",
        "refcode": "Or 38"
      },
      {
        "para_id": "1765.236",
        "lang": "es",
        "refcode": "Or 38.4"
      },
      {
        "para_id": "2689.168",
        "lang": "ro",
        "refcode": "Rg 32.4"
      },
      {
        "para_id": "1871.156",
        "lang": "ru",
        "refcode": "Мол 32.4"
      }
    ]
  }
]