[
  {
    "para_id": "1190.31",
    "id_prev": "1190.30",
    "id_next": "1190.33",
    "refcode_1": "PTUK",
    "refcode_2": "124",
    "refcode_3": "",
    "refcode_4": "1891",
    "refcode_short": "PTUK June 18,  1891, page 124",
    "refcode_long": "The Present Truth, vol. 7 June 18,  1891, page 124",
    "element_type": "h3",
    "element_subtype": "",
    "content": "June 18, 1891",
    "puborder": 28,
    "translations": []
  },
  {
    "para_id": "1190.33",
    "id_prev": "1190.31",
    "id_next": "1190.34",
    "refcode_1": "PTUK",
    "refcode_2": "203",
    "refcode_3": "",
    "refcode_4": "1891",
    "refcode_short": "PTUK June 18,  1891, page 203",
    "refcode_long": "The Present Truth, vol. 7 June 18,  1891, page 203",
    "element_type": "h5",
    "element_subtype": "",
    "content": "&ldquo;Human Nature and Its Restraints&rdquo; The Present Truth 7, 13, pp. 203, 204.",
    "puborder": 29,
    "translations": []
  },
  {
    "para_id": "1190.34",
    "id_prev": "1190.33",
    "id_next": "1190.35",
    "refcode_1": "PTUK",
    "refcode_2": "203",
    "refcode_3": "",
    "refcode_4": "1891",
    "refcode_short": "",
    "refcode_long": "",
    "element_type": "p",
    "element_subtype": "periodicalauthor",
    "content": "ATJ",
    "puborder": 30,
    "translations": []
  },
  {
    "para_id": "1190.35",
    "id_prev": "1190.34",
    "id_next": "1190.36",
    "refcode_1": "PTUK",
    "refcode_2": "203",
    "refcode_3": "1",
    "refcode_4": "1891",
    "refcode_short": "PTUK June 18,  1891, page 203.1",
    "refcode_long": "The Present Truth, vol. 7 June 18,  1891, page 203 paragraph 1",
    "element_type": "p",
    "element_subtype": "standard-indented",
    "content": "LET anyone compare the two pictures drawn by Paul, the one in <span class=\"egwlink egwlink_bible\" title=\"Romans 1:28\" data-link=\"1965.57011\">Romans 1:28-31</span>, of the iniquity of ancient heathenism, the other in <span class=\"egwlink egwlink_bible\" title=\"2 Timothy 3:1\" data-link=\"1965.60894\">2 Timothy 3:1-8</span>, of the iniquity of the last days, even among those who have &ldquo;a form of godliness,&rdquo; and he will see that they are exactly alike. Human nature, unrestrained, is the same in all ages. Whether in the days of Christ, or two thousand years before, or two thousand years after; whether manifested in the habitants of Canaan, or in the inhabitants of the United States, it is always the same. It is for this very reason that the Bible fits men, wherever on the earth it may find them. It is a book not for one tribe only, nor for one class, nor for one nation, but for the human race. <em>And it is the only book in the world that is</em>. The reason for that is, that the book was given by One who knows human nature in its very essence.",
    "puborder": 31,
    "translations": []
  },
  {
    "para_id": "1190.36",
    "id_prev": "1190.35",
    "id_next": "1190.37",
    "refcode_1": "PTUK",
    "refcode_2": "203",
    "refcode_3": "2",
    "refcode_4": "1891",
    "refcode_short": "PTUK June 18,  1891, page 203.2",
    "refcode_long": "The Present Truth, vol. 7 June 18,  1891, page 203 paragraph 2",
    "element_type": "p",
    "element_subtype": "standard-indented",
    "content": "God made man upright. But he turned from the bright course which God set before him; he sinned, and so sold himself to do evil; and not the sublime powers which the Lord bestowed upon him, to be exerted in the way of righteousness, are prostituted to evil; his &ldquo;course is evil,&rdquo; and his &ldquo;force is not right.&rdquo; If ever, then, man shall be raised from his fallen state, if ever his lapsed powers shall be restored, it is indispensable that the tendency of every faculty be restrained, turned into the right course, and trained to follow it. The Bible meets this necessity; it meets it in every part, and satisfies it to the full. Therefore, this of itself is proof that <em>the Creator of man is the Aauthor of the Bible</em>.",
    "puborder": 32,
    "translations": []
  },
  {
    "para_id": "1190.37",
    "id_prev": "1190.36",
    "id_next": "1190.38",
    "refcode_1": "PTUK",
    "refcode_2": "203",
    "refcode_3": "3",
    "refcode_4": "1891",
    "refcode_short": "PTUK June 18,  1891, page 203.3",
    "refcode_long": "The Present Truth, vol. 7 June 18,  1891, page 203 paragraph 3",
    "element_type": "p",
    "element_subtype": "standard-indented",
    "content": "Human nature being the same everywhere, the only thing that makes one person to differ from another <em>is the degree of restraint</em> each one recognizes in his own case. If, in a person, all the restraints of the law of God are recognized, he will be a man fitted for the society and fellowship of the angels. If, on the contrary, none of these are recognized, he will be a man fit only for the society and fellowship of demons. Upon many persons, and in many ways, these restraints exert themselves unconsciously, as in the case of the infidel, who denies the authority or the existence of God, and despises his word. Yet the principles of that word are so imbedded in the society of which he is a member that he yields obedience to them, while he thinks he is defying them; but transplant him to the state of society which he advocates, where none of these principles are recognized, and none exerted, and he will run as readily in the way of iniquity as the veriest heathen that ever dwelt in the land of Canaan. And that other class of persons who call themselves &ldquo;Christians&rdquo;, or even &ldquo;Christian ministers,&rdquo; who, in their opposition to the obligations of the ten commandments, can hardly frame sentences that will sufficiently express the bitterness of their contempt for the law of God, only let the time come when such seed shall have borne its fruit, when society in following such teaching shall have reached that condition which would be defined in the very opposite of the ten commandments, and they will go as greedily in that evil way as did Balaam of old.",
    "puborder": 33,
    "translations": []
  },
  {
    "para_id": "1190.38",
    "id_prev": "1190.37",
    "id_next": "1190.39",
    "refcode_1": "PTUK",
    "refcode_2": "203",
    "refcode_3": "4",
    "refcode_4": "1891",
    "refcode_short": "PTUK June 18,  1891, page 203.4",
    "refcode_long": "The Present Truth, vol. 7 June 18,  1891, page 203 paragraph 4",
    "element_type": "p",
    "element_subtype": "standard-indented",
    "content": "Again, many will restrain themselves from <em>doing</em> evil through fear of punishment; but take away the prospect of punishment, or satisfy them that there will be none, and they will go to any length that circumstances may allow. Henry VIII., although he regarded not God, as long as he feared the Pope did not dare to divorce his wife, but when he had broken through that restraint, he <em>cut off the heads of</em> <em>three wives</em>, and only a witty speech saved the head of the fourth.",
    "puborder": 34,
    "translations": []
  },
  {
    "para_id": "1190.39",
    "id_prev": "1190.38",
    "id_next": "1190.40",
    "refcode_1": "PTUK",
    "refcode_2": "203",
    "refcode_3": "5",
    "refcode_4": "1891",
    "refcode_short": "PTUK June 18,  1891, page 203.5",
    "refcode_long": "The Present Truth, vol. 7 June 18,  1891, page 203 paragraph 5",
    "element_type": "p",
    "element_subtype": "standard-indented",
    "content": "There is another course by which men reach the same state of cruelty. That is, not by denying the existence of God, but by making themselves the depositaries of what they choose to define as his will, and then holding themselves as the sole expositors and executors of that will. As in every single instance it is only <em>their own will</em> which is thus exalted to the supremacy, and therefore is of only human authority, the only way in which it can be enforced is by human enactment; and then instead of being simply executors, they make themselves <em>executioners</em> in carrying into effect their arbitrary will. Making their own will supreme, and themselves the sole interpreters of that will, even though they claim it to be the will of God, they just as veritably put themselves beyond restraint as do the men who deny God outright. Both classes reach the same point, and both commit the same enormous crimes, the one illustrated in the fearful orgies of the Reign of Terror, the other illustrated in the terrible torments of the Inquisition.",
    "puborder": 35,
    "translations": []
  },
  {
    "para_id": "1190.40",
    "id_prev": "1190.39",
    "id_next": "1190.43",
    "refcode_1": "PTUK",
    "refcode_2": "203",
    "refcode_3": "6",
    "refcode_4": "1891",
    "refcode_short": "PTUK June 18,  1891, page 203.6",
    "refcode_long": "The Present Truth, vol. 7 June 18,  1891, page 203 paragraph 6",
    "element_type": "p",
    "element_subtype": "standard-indented",
    "content": "The Scriptures confirm all that this <span class=\"page-break\" data-page=\"204\"></span> investigation suggests. In the beginning of this article we cited <span class=\"egwlink egwlink_bible\" title=\"Romans 1:28\" data-link=\"1965.57011\">Romans 1:28-31</span> as the description of the ancient heathendom, and <span class=\"egwlink egwlink_bible\" title=\"2 Timothy 3:1\" data-link=\"1965.60894\">2 Timothy 3:1-8</span> as the description of the last days of modern Christendom, and we find them exactly alike. It is by resistance to the truth of God that men loosen its restraints upon them, and deliver themselves up to the sway of Satan. In the last days it is only those who &ldquo;received not the <em>love of the truth</em> that they might be saved,&rdquo; in whom Satan works &ldquo;with all power and signs and lying wonders.&rdquo; It is only those &ldquo;who believe not the truth&rdquo; but have &ldquo;pleasure in unrighteousness,&rdquo; who become so deluded that they &ldquo;believe a lie.&rdquo;",
    "puborder": 36,
    "translations": []
  },
  {
    "para_id": "1190.43",
    "id_prev": "1190.40",
    "id_next": "1190.44",
    "refcode_1": "PTUK",
    "refcode_2": "204",
    "refcode_3": "1",
    "refcode_4": "1891",
    "refcode_short": "PTUK June 18,  1891, page 204.1",
    "refcode_long": "The Present Truth, vol. 7 June 18,  1891, page 204 paragraph 1",
    "element_type": "p",
    "element_subtype": "standard-indented",
    "content": "From the beginning of the world God has left no nation without witness. <span class=\"egwlink egwlink_bible\" title=\"Acts 14:16\" data-link=\"1965.55939\">Acts 14:16, 17</span>. By a then &ldquo;present truth&rdquo; He has witnessed to different ages. In obedience to that truth, and in the love of it, lay the salvation of the people in each respective age. In the last days God sends a message which continues sounding to the end of the world, and is therefore His last message to the world. It is the Third Angel&rsquo;s Message, &ldquo;Here are they that keep the commandments of God, and the faith of Jesus.&rdquo; <span class=\"egwlink egwlink_bible\" title=\"Revelation 14:9\" data-link=\"1965.63120\">Revelation 14:9-16</span>. The commandments of God are truth. <span class=\"egwlink egwlink_bible\" title=\"Psalm 119:151\" data-link=\"1965.32717\">Psalm 119:151</span>. The faith of Jesus is the faith of Him who is the truth. <span class=\"egwlink egwlink_bible\" title=\"John 14:6\" data-link=\"1965.54405\">John 14:6</span>. Both together embrace the whole Word of God, which is truth (<span class=\"egwlink egwlink_bible\" title=\"John 17:17\" data-link=\"1965.54612\">John 17:17</span>), and restrain men. &ldquo;<em>Thou shalt not</em>&rdquo; is the key-note of the commandments of God; &ldquo;and if any man will come after Me, <em>let him deny himself</em>,&rdquo; exclaims Jesus. Therefore the Third Angel&rsquo;s Message, in holding forth the &ldquo;commandments of god and the faith of Jesus&rdquo; presents the summary of all those restraints which are demanded in checking and transforming the tendencies of human nature, and in leading them by the &ldquo;right course,&rdquo; to goodness and to God. And when the word shall deliberately reject the Third Angel&rsquo;s Message, it thereby places itself beyond those restraints, and is then ready to be led captive by Satan <em>at his will;</em> and then it is that he works with all power in them that perish, &ldquo;<em>because</em> they received not the love of the truth that they might be saved.&rdquo; By the Third Angel&rsquo;s Message, the harvest of the earth will be ripened for good or for ill; for glory or for shame; to be gathered into the garner of God, or to be bound in bundles to be burned.",
    "puborder": 37,
    "translations": []
  },
  {
    "para_id": "1190.44",
    "id_prev": "1190.43",
    "id_next": "1190.45",
    "refcode_1": "PTUK",
    "refcode_2": "204",
    "refcode_3": "",
    "refcode_4": "1891",
    "refcode_short": "",
    "refcode_long": "",
    "element_type": "p",
    "element_subtype": "standard-noindent",
    "content": "A. T. J.",
    "puborder": 38,
    "translations": []
  }
]