[
  {
    "para_id": "435.390",
    "id_prev": "435.388",
    "id_next": "435.391",
    "refcode_1": "PCO",
    "refcode_2": "30",
    "refcode_3": "",
    "refcode_4": "17",
    "refcode_short": "PCO 30",
    "refcode_long": "A Place Called Oakwood, p. 30 (Ellen Gould White)",
    "element_type": "h4",
    "element_subtype": "",
    "content": "15&mdash;Self-Denial Boxes",
    "puborder": 326,
    "translations": []
  },
  {
    "para_id": "435.391",
    "id_prev": "435.390",
    "id_next": "435.392",
    "refcode_1": "PCO",
    "refcode_2": "30",
    "refcode_3": "",
    "refcode_4": "",
    "refcode_short": "",
    "refcode_long": "",
    "element_type": "p",
    "element_subtype": "standard-noindent",
    "content": "<strong>Context: Self-denial boxes were an innovative idea championed by Mrs. White to forward the work among blacks. These were little boxes in which family members (parents and children) put money. The contents would go to help the blacks in the South.</strong>",
    "puborder": 327,
    "translations": []
  },
  {
    "para_id": "435.392",
    "id_prev": "435.391",
    "id_next": "435.393",
    "refcode_1": "PCO",
    "refcode_2": "30",
    "refcode_3": "",
    "refcode_4": "",
    "refcode_short": "",
    "refcode_long": "",
    "element_type": "p",
    "element_subtype": "center",
    "content": "November 11, 1904",
    "puborder": 328,
    "translations": []
  },
  {
    "para_id": "435.393",
    "id_prev": "435.392",
    "id_next": "435.394",
    "refcode_1": "PCO",
    "refcode_2": "30",
    "refcode_3": "",
    "refcode_4": "",
    "refcode_short": "",
    "refcode_long": "",
    "element_type": "p",
    "element_subtype": "standard-noindent",
    "content": "To My Brethren in America:",
    "puborder": 329,
    "translations": []
  },
  {
    "para_id": "435.394",
    "id_prev": "435.393",
    "id_next": "435.395",
    "refcode_1": "PCO",
    "refcode_2": "30",
    "refcode_3": "1",
    "refcode_4": "",
    "refcode_short": "PCO 30.1",
    "refcode_long": "A Place Called Oakwood, p. 30.1 (Ellen Gould White)",
    "element_type": "p",
    "element_subtype": "standard-indented",
    "content": "I have a message for you: It is the duty of those in all parts of America to have a special regard for the men who are giving the powers of heart, mind, and soul to the work in the Southern field. This field is a responsibility that does not rest upon the men and women only who are engaged in the work there. None should feel that they have no burden to carry in reference to this field. The wrongs that have existed in the past must not be repeated. Not one word of discouragement should be spoken to anyone engaged in the work. This field must be worked. Every grace is needed.",
    "puborder": 330,
    "translations": []
  },
  {
    "para_id": "435.395",
    "id_prev": "435.394",
    "id_next": "435.396",
    "refcode_1": "PCO",
    "refcode_2": "30",
    "refcode_3": "2",
    "refcode_4": "",
    "refcode_short": "PCO 30.2",
    "refcode_long": "A Place Called Oakwood, p. 30.2 (Ellen Gould White)",
    "element_type": "p",
    "element_subtype": "standard-indented",
    "content": "That which has been done in sending out self-denial boxes is well-pleasing to God. By the use of these boxes a double good is accomplished-gifts are received for the advancement of the work, and the families in which these boxes are used receive an education in self-denial....",
    "puborder": 331,
    "translations": []
  },
  {
    "para_id": "435.396",
    "id_prev": "435.395",
    "id_next": "435.397",
    "refcode_1": "PCO",
    "refcode_2": "30",
    "refcode_3": "3",
    "refcode_4": "",
    "refcode_short": "PCO 30.3",
    "refcode_long": "A Place Called Oakwood, p. 30.3 (Ellen Gould White)",
    "element_type": "p",
    "element_subtype": "standard-indented",
    "content": "The work for the colored people needs liberal offerings, and parents as well as children may do much by self-denial and sacrifice to aid this work.",
    "puborder": 332,
    "translations": []
  },
  {
    "para_id": "435.397",
    "id_prev": "435.396",
    "id_next": "435.398",
    "refcode_1": "PCO",
    "refcode_2": "30",
    "refcode_3": "4",
    "refcode_4": "",
    "refcode_short": "PCO 30.4",
    "refcode_long": "A Place Called Oakwood, p. 30.4 (Ellen Gould White)",
    "element_type": "p",
    "element_subtype": "standard-indented",
    "content": "Parents, these self-denial boxes are a precious reminder in your home. Therefore deny yourselves in order to be able to put money into them, just as long as there are needs to be supplied....",
    "puborder": 333,
    "translations": []
  },
  {
    "para_id": "435.398",
    "id_prev": "435.397",
    "id_next": "435.399",
    "refcode_1": "PCO",
    "refcode_2": "30",
    "refcode_3": "5",
    "refcode_4": "",
    "refcode_short": "PCO 30.5",
    "refcode_long": "A Place Called Oakwood, p. 30.5 (Ellen Gould White)",
    "element_type": "p",
    "element_subtype": "standard-indented",
    "content": "A primary school should be fitted up in Huntsville for the education of colored children. Provision should also be made for those who can be prepared to minister to their own race. For this work wise teachers are needed. And gifts of money are needed. Do not suppose that small offerings will not be appreciated. Larger gifts will also be needed. Self-sacrifice is called for at every step. It is a great work to prepare colored youth to teach their own race.",
    "puborder": 334,
    "translations": []
  },
  {
    "para_id": "435.399",
    "id_prev": "435.398",
    "id_next": "435.400",
    "refcode_1": "PCO",
    "refcode_2": "30",
    "refcode_3": "",
    "refcode_4": "",
    "refcode_short": "",
    "refcode_long": "",
    "element_type": "p",
    "element_subtype": "standard-noindent",
    "content": "<span class=\"non-egw-comment\">Abridged</span>",
    "puborder": 335,
    "translations": []
  },
  {
    "para_id": "435.400",
    "id_prev": "435.399",
    "id_next": "435.402",
    "refcode_1": "PCO",
    "refcode_2": "30",
    "refcode_3": "",
    "refcode_4": "",
    "refcode_short": "",
    "refcode_long": "",
    "element_type": "p",
    "element_subtype": "standard-noindent",
    "content": "Sources: <span class=\"egwlink egwlink_book\" title=\"Lt 304, 1904\" data-link=\"14069.8064001\">Letter 304, 1904</span>; <span class=\"egwlink egwlink_book\" title=\"2MR 69.1\" data-link=\"73.361\">Manuscript Releases 2:69-70</span> Sources for the Self-denial box concept: <span class=\"egwlink egwlink_book\" title=\"RH 8-18-1904\" data-link=\"821.24565\">The Review and Herald, August 18, 1904</span>; <span class=\"egwlink egwlink_book\" title=\"AUGleaner 10-5-1904\" data-link=\"513.198\">Atlantic Union Gleaner, October 5, 1904</span>; <span class=\"egwlink egwlink_book\" title=\"YI 11-1-1904\" data-link=\"469.5463\">The Youth&apos;s Instructor, November 1, 1904</span>; <span class=\"egwlink egwlink_book\" title=\"ST 11-30-1904\" data-link=\"820.19332\">The Signs of the Times, November 30, 1904</span>; <span class=\"egwlink egwlink_book\" title=\"RH 6-22-1905\" data-link=\"821.25542\">The Review and Herald, June 22, 1905</span>; <span class=\"egwlink egwlink_book\" title=\"GH 7-1-1905\" data-link=\"475.95\">The Gospel Herald, July 1, 1905</span>; November 1, 1906; June 1, 1908; <span class=\"egwlink egwlink_book\" title=\"GH 5-1-1910\" data-link=\"475.212\">The Gospel Herald, May 1, 1910</span>; <span class=\"egwlink egwlink_book\" title=\"CG 132.1\" data-link=\"8.590\">Child Guidance, 132</span>; <span class=\"egwlink egwlink_book\" title=\"PH126 8.1\" data-link=\"295.16\">And Their Cry Came Up Unto God, 8-11</span>; <span class=\"egwlink egwlink_book\" title=\"2MR 70.1\" data-link=\"73.368\">Manuscript Releases 2:70</span>",
    "puborder": 336,
    "translations": []
  }
]