[
  {
    "para_id": "14804.387",
    "id_prev": "14804.385",
    "id_next": "14804.388",
    "refcode_1": "CWe",
    "refcode_2": "53",
    "refcode_3": "",
    "refcode_4": "48",
    "refcode_short": "CWe 53",
    "refcode_long": "Counsels on Wellness, p. 53 (Ellen G. White Estate)",
    "element_type": "h3",
    "element_subtype": "",
    "content": "<i>Counsel #6</i> &mdash; Hungering For Jesus",
    "puborder": 334,
    "translations": []
  },
  {
    "para_id": "14804.388",
    "id_prev": "14804.387",
    "id_next": "14804.389",
    "refcode_1": "CWe",
    "refcode_2": "53",
    "refcode_3": "1",
    "refcode_4": "",
    "refcode_short": "CWe 53.1",
    "refcode_long": "Counsels on Wellness, p. 53.1 (Ellen G. White Estate)",
    "element_type": "p",
    "element_subtype": "standard-indented",
    "content": "<a href=\"https://media2.egwwritings.org/images/14804/4_appetites/6_appetites.webp\" alt=\"Counsel #6 &mdash; Hungering For Jesus\" title=\"Counsel #6 &mdash; Hungering For Jesus\" data-link=\"https://egw.bz/go?uri=https%3a%2f%2fmedia2.egwwritings.org%2fimages%2f14804%2f4_appetites%2f6_appetites.webp\" class=\"egwlink egwlink_external\">Picture:</a> <i>Counsel #6</i> &mdash; Hungering For Jesus",
    "puborder": 335,
    "translations": []
  },
  {
    "para_id": "14804.389",
    "id_prev": "14804.388",
    "id_next": "14804.390",
    "refcode_1": "CWe",
    "refcode_2": "53",
    "refcode_3": "2",
    "refcode_4": "",
    "refcode_short": "CWe 53.2",
    "refcode_long": "Counsels on Wellness, p. 53.2 (Ellen G. White Estate)",
    "element_type": "p",
    "element_subtype": "standard-indented",
    "content": "After contemplating Jesus&rsquo; great love on Calvary&apos;s cross, we are inspired to align our desires with God&apos;s purpose. When we begin to wrap our hearts around the enormity of that love, we start to recognize the fleeting nature of earthly pleasures while cultivating a hunger to be with Jesus for eternity. As we learn to control our physical appetites by the power of God&apos;s Spirit, we begin to live a life that truly glorifies Him.<sup class=\"footnote\"><a class=\"footnote\">[63]<span class=\"footnote\"><a href=\"https://lightbearers.org/blog/three-simple-steps-for-overcoming-any-sin/\" data-link=\"https://egw.bz/go?uri=https%3a%2f%2flightbearers.org%2fblog%2fthree-simple-steps-for-overcoming-any-sin%2f\" class=\"egwlink egwlink_external\">https://lightbearers.org/blog/three-simple-steps-for-overcoming-any-sin/</a></span></a></sup>",
    "puborder": 336,
    "translations": []
  },
  {
    "para_id": "14804.390",
    "id_prev": "14804.389",
    "id_next": "14804.391",
    "refcode_1": "CWe",
    "refcode_2": "53",
    "refcode_3": "3",
    "refcode_4": "",
    "refcode_short": "CWe 53.3",
    "refcode_long": "Counsels on Wellness, p. 53.3 (Ellen G. White Estate)",
    "element_type": "p",
    "element_subtype": "standard-indented",
    "content": "&ldquo;Christ&rsquo;s love &lsquo;constrains&rsquo; us… then all have died.&rdquo; How about this version: &ldquo;The love of Christ controls us, because we know that one person died for everyone. So all have died. He died for all so that those who live would not continue to live for themselves.&rdquo; <b><span title=\"2 Corinthians 5:14\" class=\"egwlink egwlink_bible\" data-link=\"1965.58915\">2 Corinthians 5:14</span> ERV</b>",
    "puborder": 337,
    "translations": []
  },
  {
    "para_id": "14804.391",
    "id_prev": "14804.390",
    "id_next": "14804.392",
    "refcode_1": "CWe",
    "refcode_2": "53",
    "refcode_3": "4",
    "refcode_4": "",
    "refcode_short": "CWe 53.4",
    "refcode_long": "Counsels on Wellness, p. 53.4 (Ellen G. White Estate)",
    "element_type": "p",
    "element_subtype": "standard-indented",
    "content": "&ldquo;The theme that attracts the heart of the sinner is Christ, and Him crucified. On the cross of Calvary, Jesus stands revealed to the world in unparalleled love. Present Him thus to the hungering multitudes, and the light of His love will win men from darkness to light, from transgression to obedience and true holiness. Beholding Jesus upon the cross of Calvary arouses the conscience to the heinous character of sin as nothing else can do.&rdquo; Ellen White in <span class=\"egwlink egwlink_book\" title=\"Mar 99\" data-link=\"74.2749\"><b><i>Maranatha,</i> p. 99</b></span>",
    "puborder": 338,
    "translations": []
  },
  {
    "para_id": "14804.392",
    "id_prev": "14804.391",
    "id_next": "14804.394",
    "refcode_1": "CWe",
    "refcode_2": "53",
    "refcode_3": "5",
    "refcode_4": "",
    "refcode_short": "CWe 53.5",
    "refcode_long": "Counsels on Wellness, p. 53.5 (Ellen G. White Estate)",
    "element_type": "p",
    "element_subtype": "standard-indented",
    "content": "<b>Reflect: </b>What has helped you better understand the depth of the love Jesus demonstrated on the cross of Calvary for you?",
    "puborder": 339,
    "translations": []
  }
]