[
  {
    "para_id": "2769.138",
    "id_prev": "2769.137",
    "id_next": "2769.139",
    "refcode_1": "TT",
    "refcode_2": "25",
    "refcode_3": "",
    "refcode_4": "8",
    "refcode_short": "TT 25",
    "refcode_long": "From Trials to Triumph, p. 25 (Ellen Gould White)",
    "element_type": "h4",
    "element_subtype": "",
    "content": "Thousands in Jerusalem Converted",
    "puborder": 93,
    "translations": []
  },
  {
    "para_id": "2769.139",
    "id_prev": "2769.138",
    "id_next": "2769.140",
    "refcode_1": "TT",
    "refcode_2": "25",
    "refcode_3": "4",
    "refcode_4": "",
    "refcode_short": "TT 25.4",
    "refcode_long": "From Trials to Triumph, p. 25.4 (Ellen Gould White)",
    "element_type": "p",
    "element_subtype": "standard-indented",
    "content": "Peter urged on the convicted people the fact that they had rejected Christ because they had been deceived by priests and rulers, and that if they continued to look to these men they would never accept Him. These powerful men were ambitious for earthly glory. They were not willing to come to Christ to receive light.",
    "puborder": 94,
    "translations": []
  },
  {
    "para_id": "2769.140",
    "id_prev": "2769.139",
    "id_next": "2769.142",
    "refcode_1": "TT",
    "refcode_2": "25",
    "refcode_3": "5",
    "refcode_4": "",
    "refcode_short": "TT 25.5",
    "refcode_long": "From Trials to Triumph, p. 25.5 (Ellen Gould White)",
    "element_type": "p",
    "element_subtype": "standard-indented",
    "content": "The scriptures that Christ had explained to the disciples stood out before them with the luster of perfect truth. The veil was now removed, and they comprehended with perfect clearness the object of Christ&apos;s mission and the nature of His kingdom. As they unfolded to their hearers the plan of salvation, many were convicted and convinced. Traditions and superstitions were swept away, and the teachings of the Saviour were accepted.",
    "puborder": 95,
    "translations": []
  },
  {
    "para_id": "2769.142",
    "id_prev": "2769.140",
    "id_next": "2769.143",
    "refcode_1": "TT",
    "refcode_2": "26",
    "refcode_3": "1",
    "refcode_4": "",
    "refcode_short": "TT 26.1",
    "refcode_long": "From Trials to Triumph, p. 26.1 (Ellen Gould White)",
    "element_type": "p",
    "element_subtype": "standard-indented",
    "content": "&ldquo;Then they that gladly received his word were baptized: and the same day there were added unto them about three thousand souls.&rdquo; In Jerusalem, the stronghold of Judaism, thousands openly declared their faith in Jesus as the Messiah.",
    "puborder": 96,
    "translations": []
  },
  {
    "para_id": "2769.143",
    "id_prev": "2769.142",
    "id_next": "2769.144",
    "refcode_1": "TT",
    "refcode_2": "26",
    "refcode_3": "2",
    "refcode_4": "",
    "refcode_short": "TT 26.2",
    "refcode_long": "From Trials to Triumph, p. 26.2 (Ellen Gould White)",
    "element_type": "p",
    "element_subtype": "standard-indented",
    "content": "The disciples were astonished and overjoyed. They did not regard this as the result of their own efforts; they realized that they were entering into other men&apos;s labors. Christ had sown the seed of truth and watered it with His blood. The conversions on the Day of Pentecost were the harvest of His work.",
    "puborder": 97,
    "translations": []
  },
  {
    "para_id": "2769.144",
    "id_prev": "2769.143",
    "id_next": "2769.145",
    "refcode_1": "TT",
    "refcode_2": "26",
    "refcode_3": "3",
    "refcode_4": "",
    "refcode_short": "TT 26.3",
    "refcode_long": "From Trials to Triumph, p. 26.3 (Ellen Gould White)",
    "element_type": "p",
    "element_subtype": "standard-indented",
    "content": "The arguments of the apostles alone would not have removed prejudice. But the Holy Spirit sent the words of the apostles home as sharp arrows of the Almighty, convicting men of their terrible guilt in rejecting the Lord of glory.",
    "puborder": 98,
    "translations": []
  },
  {
    "para_id": "2769.145",
    "id_prev": "2769.144",
    "id_next": "2769.146",
    "refcode_1": "TT",
    "refcode_2": "26",
    "refcode_3": "4",
    "refcode_4": "",
    "refcode_short": "TT 26.4",
    "refcode_long": "From Trials to Triumph, p. 26.4 (Ellen Gould White)",
    "element_type": "p",
    "element_subtype": "standard-indented",
    "content": "No longer were the disciples ignorant and uncultured; no longer a collection of independent, conflicting elements. They were of &ldquo;one accord,&rdquo; &ldquo;of one heart and of one soul.&rdquo; In mind and character they had become like their Master, and men recognized that &ldquo;they had been with Jesus.&rdquo; <span class=\"egwlink egwlink_bible\" title=\"Acts 2:46\" data-link=\"1965.55057\">Acts 2:46</span>; <span class=\"egwlink egwlink_bible\" title=\"Acts 4:32\" data-link=\"1965.55177\">4:32, 13</span>. The truths they could not understand while Christ was with them were now unfolded. No longer was it a matter of faith with them that Christ was the Son of God. They knew He was indeed the Messiah, and they told their experience with a confidence which carried with it the conviction that God was with them.",
    "puborder": 99,
    "translations": []
  },
  {
    "para_id": "2769.146",
    "id_prev": "2769.145",
    "id_next": "2769.148",
    "refcode_1": "TT",
    "refcode_2": "26",
    "refcode_3": "5",
    "refcode_4": "",
    "refcode_short": "TT 26.5",
    "refcode_long": "From Trials to Triumph, p. 26.5 (Ellen Gould White)",
    "element_type": "p",
    "element_subtype": "standard-indented",
    "content": "Brought into close communion with Christ, the disciples sat with Him &ldquo;in heavenly places.&rdquo; Benevolence full, deep, and far-reaching, impelled them to go to the ends of the earth, filled with an intense longing to carry forward the work He had begun. The Spirit animated them and spoke through them. The peace of Christ shone from their faces. They had consecrated their lives to Him, and their very features bore evidence to the surrender they had made.",
    "puborder": 100,
    "translations": []
  }
]