[
  {
    "para_id": "2769.82",
    "id_prev": "2769.81",
    "id_next": "2769.83",
    "refcode_1": "TT",
    "refcode_2": "17",
    "refcode_3": "",
    "refcode_4": "3",
    "refcode_short": "TT 17",
    "refcode_long": "From Trials to Triumph, p. 17 (Ellen Gould White)",
    "element_type": "h4",
    "element_subtype": "",
    "content": "Successful Weapons in the Great Warfare",
    "puborder": 51,
    "translations": []
  },
  {
    "para_id": "2769.83",
    "id_prev": "2769.82",
    "id_next": "2769.84",
    "refcode_1": "TT",
    "refcode_2": "17",
    "refcode_3": "3",
    "refcode_4": "",
    "refcode_short": "TT 17.3",
    "refcode_long": "From Trials to Triumph, p. 17.3 (Ellen Gould White)",
    "element_type": "p",
    "element_subtype": "standard-indented",
    "content": "Christ plainly set before the disciples the necessity of maintaining simplicity. The less ostentation and show, the greater would be their influence for good. The disciples were to speak with the same simplicity with which Christ had spoken.",
    "puborder": 52,
    "translations": []
  },
  {
    "para_id": "2769.84",
    "id_prev": "2769.83",
    "id_next": "2769.87",
    "refcode_1": "TT",
    "refcode_2": "17",
    "refcode_3": "4",
    "refcode_4": "",
    "refcode_short": "TT 17.4",
    "refcode_long": "From Trials to Triumph, p. 17.4 (Ellen Gould White)",
    "element_type": "p",
    "element_subtype": "standard-indented",
    "content": "Christ did not tell His disciples that their work would be easy. They would have to fight &ldquo;against principalities, against powers, against the rulers of the darkness of this world, against spiritual wickedness in high places.&rdquo; <span class=\"egwlink egwlink_bible\" title=\"Ephesians 6:12\" data-link=\"1965.59853\">Ephesians 6:12</span>. But they would not be left to fight alone. He would be with them. If they would go forth in faith, One mightier than angels would be in <span class=\"page-break\" data-page=\"18\"></span> their ranks&mdash;the General of the armies of heaven. He took on Himself the responsibility of their success. So long as they worked in connection with Him, they could not fail. Go to the farthest part of the habitable globe and be assured that My presence will be with you even there.",
    "puborder": 53,
    "translations": []
  },
  {
    "para_id": "2769.87",
    "id_prev": "2769.84",
    "id_next": "2769.88",
    "refcode_1": "TT",
    "refcode_2": "18",
    "refcode_3": "1",
    "refcode_4": "",
    "refcode_short": "TT 18.1",
    "refcode_long": "From Trials to Triumph, p. 18.1 (Ellen Gould White)",
    "element_type": "p",
    "element_subtype": "standard-indented",
    "content": "Christ&apos;s sacrifice was full and complete. The condition of the atonement had been fulfilled. He had wrested the kingdom from Satan and become heir of all things. He was on His way to the throne of God, to be honored by the heavenly host. Clothed with boundless authority, He gave His disciples their commission: &ldquo;Go ye therefore, and teach all nations, baptizing them in the name of the Father, and of the Son, and of the Holy Ghost: teaching them to observe all things whatsoever I have commanded you: and, lo, I am with you alway, even unto the end.&rdquo; <span class=\"egwlink egwlink_bible\" title=\"Matthew 28:19\" data-link=\"1965.49428\">Matthew 28:19, 20</span>.",
    "puborder": 54,
    "translations": []
  },
  {
    "para_id": "2769.88",
    "id_prev": "2769.87",
    "id_next": "2769.89",
    "refcode_1": "TT",
    "refcode_2": "18",
    "refcode_3": "2",
    "refcode_4": "",
    "refcode_short": "TT 18.2",
    "refcode_long": "From Trials to Triumph, p. 18.2 (Ellen Gould White)",
    "element_type": "p",
    "element_subtype": "standard-indented",
    "content": "Just before leaving His disciples, Christ once more plainly stated that it was not His purpose to establish a temporal kingdom, to reign as an earthly monarch on David&apos;s throne. Their work was to proclaim the gospel message.",
    "puborder": 55,
    "translations": []
  },
  {
    "para_id": "2769.89",
    "id_prev": "2769.88",
    "id_next": "2769.90",
    "refcode_1": "TT",
    "refcode_2": "18",
    "refcode_3": "3",
    "refcode_4": "",
    "refcode_short": "TT 18.3",
    "refcode_long": "From Trials to Triumph, p. 18.3 (Ellen Gould White)",
    "element_type": "p",
    "element_subtype": "standard-indented",
    "content": "Christ&apos;s visible presence was about to be withdrawn, but a new endowment of power was to be theirs. The Holy Spirit was to be given them in its fullness. &ldquo;I send the promise of My Father upon you,&rdquo; the Saviour said, &ldquo;but tarry ye in the city of Jerusalem, until ye be endued with power from on high.&rdquo; &ldquo;Ye shall receive power, after that the Holy Ghost is come upon you: and ye shall be witnesses unto Me both in Jerusalem, and in all Judea, and in Samaria, and unto the uttermost part of the earth.&rdquo; <span class=\"egwlink egwlink_bible\" title=\"Luke 24:49\" data-link=\"1965.53122\">Luke 24:49</span>; <span class=\"egwlink egwlink_bible\" title=\"Acts 1:8\" data-link=\"1965.54928\">Acts 1:8</span>.",
    "puborder": 56,
    "translations": []
  },
  {
    "para_id": "2769.90",
    "id_prev": "2769.89",
    "id_next": "2769.91",
    "refcode_1": "TT",
    "refcode_2": "18",
    "refcode_3": "4",
    "refcode_4": "",
    "refcode_short": "TT 18.4",
    "refcode_long": "From Trials to Triumph, p. 18.4 (Ellen Gould White)",
    "element_type": "p",
    "element_subtype": "standard-indented",
    "content": "The Saviour knew that His disciples must receive the heavenly endowment. A vigilant, determined leader was in command of the forces of darkness, and the followers of Christ could battle for the right only through the help that God, by His Spirit, would give them.",
    "puborder": 57,
    "translations": []
  },
  {
    "para_id": "2769.91",
    "id_prev": "2769.90",
    "id_next": "2769.94",
    "refcode_1": "TT",
    "refcode_2": "18",
    "refcode_3": "5",
    "refcode_4": "",
    "refcode_short": "TT 18.5",
    "refcode_long": "From Trials to Triumph, p. 18.5 (Ellen Gould White)",
    "element_type": "p",
    "element_subtype": "standard-indented",
    "content": "Christ&apos;s disciples were to begin their work at Jerusalem, <span class=\"page-break\" data-page=\"19\"></span> the scene of His amazing sacrifice for the human race. In Jerusalem were many who secretly believed Jesus of Nazareth to be the Messiah, and many who had been deceived by priests and rulers. These were to be called to repentance. And it was while all Jerusalem was stirred by the thrilling events of the past few weeks that the preaching of the disciples would make the deepest impression.",
    "puborder": 58,
    "translations": []
  },
  {
    "para_id": "2769.94",
    "id_prev": "2769.91",
    "id_next": "2769.95",
    "refcode_1": "TT",
    "refcode_2": "19",
    "refcode_3": "1",
    "refcode_4": "",
    "refcode_short": "TT 19.1",
    "refcode_long": "From Trials to Triumph, p. 19.1 (Ellen Gould White)",
    "element_type": "p",
    "element_subtype": "standard-indented",
    "content": "During His ministry, Jesus had kept constantly before the disciples the fact that they were to be one with Him in the recovery of the world from the slavery of sin. And the last lesson He gave His followers was that they held in trust for the world the glad tidings of salvation.",
    "puborder": 59,
    "translations": []
  },
  {
    "para_id": "2769.95",
    "id_prev": "2769.94",
    "id_next": "2769.96",
    "refcode_1": "TT",
    "refcode_2": "19",
    "refcode_3": "2",
    "refcode_4": "",
    "refcode_short": "TT 19.2",
    "refcode_long": "From Trials to Triumph, p. 19.2 (Ellen Gould White)",
    "element_type": "p",
    "element_subtype": "standard-indented",
    "content": "When the time came for Christ to ascend to His Father, He led the disciples out as far as Bethany. Here He paused, and they gathered about Him. With His hands outstretched as if in assurance of His protecting care, He slowly ascended from among them. &ldquo;While He blessed them, He was parted from them, and carried up into heaven.&rdquo; <span class=\"egwlink egwlink_bible\" title=\"Luke 24:51\" data-link=\"1965.53126\">Luke 24:51</span>.",
    "puborder": 60,
    "translations": []
  },
  {
    "para_id": "2769.96",
    "id_prev": "2769.95",
    "id_next": "2769.97",
    "refcode_1": "TT",
    "refcode_2": "19",
    "refcode_3": "3",
    "refcode_4": "",
    "refcode_short": "TT 19.3",
    "refcode_long": "From Trials to Triumph, p. 19.3 (Ellen Gould White)",
    "element_type": "p",
    "element_subtype": "standard-indented",
    "content": "While the disciples were gazing upward to catch the last glimpse of their ascending Lord, He was received into the ranks of heavenly angels and escorted to the courts above. The disciples were still looking toward heaven when &ldquo;two men stood by them in white apparel; which also said, Ye men of Galilee, why stand ye gazing up into heaven? this same Jesus, which is taken up from you into heaven, shall so come in like manner as ye have seen Him go into heaven.&rdquo; <span class=\"egwlink egwlink_bible\" title=\"Acts 1:10\" data-link=\"1965.54932\">Acts 1:10, 11</span>.",
    "puborder": 61,
    "translations": []
  }
]