[
  {
    "para_id": "11140.8254",
    "id_prev": "11140.8253",
    "id_next": "11140.8256",
    "refcode_1": "DBY",
    "refcode_2": "Numbers",
    "refcode_3": "12",
    "refcode_4": "0",
    "refcode_short": "DBY — Numbers 12",
    "refcode_long": "Darby Bible — Numbers 12",
    "element_type": "h3",
    "element_subtype": "chapter",
    "content": "Numbers 12",
    "puborder": 4194,
    "translations": [
      {
        "para_id": "14207.8254",
        "lang": "bg",
        "refcode": "ББ1940 — Числа 12"
      },
      {
        "para_id": "11258.8226",
        "lang": "cs",
        "refcode": "CzeCEP — 4Mojžíšova 12"
      },
      {
        "para_id": "1967.8254",
        "lang": "de",
        "refcode": "Lut — 4Mose 12"
      },
      {
        "para_id": "11142.8254",
        "lang": "en",
        "refcode": "WEB — Numbers 12"
      },
      {
        "para_id": "14336.8254",
        "lang": "en",
        "refcode": "RV1885 — Numbers 12"
      },
      {
        "para_id": "11145.8254",
        "lang": "en",
        "refcode": "AKJV — Numbers 12"
      },
      {
        "para_id": "14340.8254",
        "lang": "en",
        "refcode": "NIV — Numbers 12"
      },
      {
        "para_id": "14341.8254",
        "lang": "en",
        "refcode": "NET — Numbers 12"
      },
      {
        "para_id": "14175.8254",
        "lang": "en",
        "refcode": "KJVSD — Numbers 12"
      },
      {
        "para_id": "11144.8254",
        "lang": "en",
        "refcode": "YLT — Numbers 12"
      },
      {
        "para_id": "11143.8254",
        "lang": "en",
        "refcode": "WBS — Numbers 12"
      },
      {
        "para_id": "14125.8254",
        "lang": "en",
        "refcode": "KJRV — Numbers 12"
      },
      {
        "para_id": "14334.8254",
        "lang": "en",
        "refcode": "NKJV — Numbers 12"
      },
      {
        "para_id": "1965.8254",
        "lang": "en",
        "refcode": "KJV — Numbers 12"
      },
      {
        "para_id": "11139.8254",
        "lang": "en",
        "refcode": "ASV — Numbers 12"
      },
      {
        "para_id": "14330.8254",
        "lang": "en",
        "refcode": "ERV — Numbers 12"
      },
      {
        "para_id": "14419.8254",
        "lang": "en",
        "refcode": "ICB — Numbers 12"
      },
      {
        "para_id": "14420.8254",
        "lang": "en",
        "refcode": "NCV — Numbers 12"
      },
      {
        "para_id": "14736.8254",
        "lang": "en",
        "refcode": "NHEB — Numbers 12"
      },
      {
        "para_id": "14333.8254",
        "lang": "en",
        "refcode": "ISV — Numbers 12"
      },
      {
        "para_id": "14422.8254",
        "lang": "es",
        "refcode": "RVR — Números 12"
      },
      {
        "para_id": "1968.8260",
        "lang": "es",
        "refcode": "RVa — Números 12"
      },
      {
        "para_id": "14421.8254",
        "lang": "es",
        "refcode": "NBLA — Números 12"
      },
      {
        "para_id": "2021.8254",
        "lang": "fr",
        "refcode": "Fren — Nombres 12"
      },
      {
        "para_id": "1966.8254",
        "lang": "it",
        "refcode": "LND — Numeri 12"
      },
      {
        "para_id": "1970.8256",
        "lang": "pl",
        "refcode": "PB — 4Mojżeszowa 12"
      },
      {
        "para_id": "1971.8254",
        "lang": "pt",
        "refcode": "PCF — Números 12"
      },
      {
        "para_id": "1973.8254",
        "lang": "ro",
        "refcode": "NTR — Numeri 12"
      },
      {
        "para_id": "11165.8254",
        "lang": "ro",
        "refcode": "RCCV — Numeri 12"
      },
      {
        "para_id": "1972.8254",
        "lang": "ru",
        "refcode": "РСП — Числа 12"
      },
      {
        "para_id": "14191.8254",
        "lang": "tpi",
        "refcode": "BBTP — Namba 12"
      },
      {
        "para_id": "12318.8254",
        "lang": "uk",
        "refcode": "УПО — Числа 12"
      },
      {
        "para_id": "1969.8254",
        "lang": "zh",
        "refcode": "CHIUS — 民數記 12"
      }
    ]
  },
  {
    "para_id": "11140.8256",
    "id_prev": "11140.8254",
    "id_next": "11140.8258",
    "refcode_1": "DBY",
    "refcode_2": "Numbers",
    "refcode_3": "12",
    "refcode_4": "1",
    "refcode_short": "DBY — Numbers 12:1",
    "refcode_long": "Darby Bible — Numbers 12:1",
    "element_type": "p",
    "element_subtype": "standard-noindent",
    "content": "<strong>1</strong> And Miriam and Aaron spoke against Moses because of the Ethiopian woman whom he had taken; for he had taken a Cushite as wife.",
    "puborder": 4195,
    "translations": [
      {
        "para_id": "14207.8256",
        "lang": "bg",
        "refcode": "ББ1940 — Числа 12:1"
      },
      {
        "para_id": "11258.8228",
        "lang": "cs",
        "refcode": "CzeCEP — 4Mojžíšova 12:1"
      },
      {
        "para_id": "1967.8256",
        "lang": "de",
        "refcode": "Lut — 4Mose 12:1"
      },
      {
        "para_id": "14125.8256",
        "lang": "en",
        "refcode": "KJRV — Numbers 12:1"
      },
      {
        "para_id": "14420.8256",
        "lang": "en",
        "refcode": "NCV — Numbers 12:1"
      },
      {
        "para_id": "14419.8256",
        "lang": "en",
        "refcode": "ICB — Numbers 12:1"
      },
      {
        "para_id": "11139.8256",
        "lang": "en",
        "refcode": "ASV — Numbers 12:1"
      },
      {
        "para_id": "14333.8256",
        "lang": "en",
        "refcode": "ISV — Numbers 12:1"
      },
      {
        "para_id": "14175.8256",
        "lang": "en",
        "refcode": "KJVSD — Numbers 12:1"
      },
      {
        "para_id": "14334.8256",
        "lang": "en",
        "refcode": "NKJV — Numbers 12:1"
      },
      {
        "para_id": "11142.8256",
        "lang": "en",
        "refcode": "WEB — Numbers 12:1"
      },
      {
        "para_id": "11144.8256",
        "lang": "en",
        "refcode": "YLT — Numbers 12:1"
      },
      {
        "para_id": "1965.8256",
        "lang": "en",
        "refcode": "KJV — Numbers 12:1"
      },
      {
        "para_id": "14330.8256",
        "lang": "en",
        "refcode": "ERV — Numbers 12:1"
      },
      {
        "para_id": "14341.8256",
        "lang": "en",
        "refcode": "NET — Numbers 12:1"
      },
      {
        "para_id": "11145.8256",
        "lang": "en",
        "refcode": "AKJV — Numbers 12:1"
      },
      {
        "para_id": "14736.8256",
        "lang": "en",
        "refcode": "NHEB — Numbers 12:1"
      },
      {
        "para_id": "14340.8256",
        "lang": "en",
        "refcode": "NIV — Numbers 12:1"
      },
      {
        "para_id": "14336.8256",
        "lang": "en",
        "refcode": "RV1885 — Numbers 12:1"
      },
      {
        "para_id": "11143.8256",
        "lang": "en",
        "refcode": "WBS — Numbers 12:1"
      },
      {
        "para_id": "14421.8256",
        "lang": "es",
        "refcode": "NBLA — Números 12:1"
      },
      {
        "para_id": "14422.8256",
        "lang": "es",
        "refcode": "RVR — Números 12:1"
      },
      {
        "para_id": "1968.8262",
        "lang": "es",
        "refcode": "RVa — Números 12:1"
      },
      {
        "para_id": "2021.8256",
        "lang": "fr",
        "refcode": "Fren — Nombres 12:1"
      },
      {
        "para_id": "1966.8256",
        "lang": "it",
        "refcode": "LND — Numeri 12:1"
      },
      {
        "para_id": "1970.8258",
        "lang": "pl",
        "refcode": "PB — 4Mojżeszowa 12:1"
      },
      {
        "para_id": "1971.8256",
        "lang": "pt",
        "refcode": "PCF — Números 12:1"
      },
      {
        "para_id": "11165.8256",
        "lang": "ro",
        "refcode": "RCCV — Numeri 12:1"
      },
      {
        "para_id": "1973.8256",
        "lang": "ro",
        "refcode": "NTR — Numeri 12:1"
      },
      {
        "para_id": "1972.8256",
        "lang": "ru",
        "refcode": "РСП — Числа 12:1"
      },
      {
        "para_id": "14191.8256",
        "lang": "tpi",
        "refcode": "BBTP — Namba 12:1"
      },
      {
        "para_id": "12318.8256",
        "lang": "uk",
        "refcode": "УПО — Числа 12:1"
      },
      {
        "para_id": "1969.8256",
        "lang": "zh",
        "refcode": "CHIUS — 民數記 12:1"
      }
    ]
  },
  {
    "para_id": "11140.8258",
    "id_prev": "11140.8256",
    "id_next": "11140.8260",
    "refcode_1": "DBY",
    "refcode_2": "Numbers",
    "refcode_3": "12",
    "refcode_4": "2",
    "refcode_short": "DBY — Numbers 12:2",
    "refcode_long": "Darby Bible — Numbers 12:2",
    "element_type": "p",
    "element_subtype": "standard-noindent",
    "content": "<strong>2</strong> And they said, Has Jehovah indeed spoken only to Moses? has he not spoken also to us? And Jehovah heard it.",
    "puborder": 4196,
    "translations": [
      {
        "para_id": "14207.8258",
        "lang": "bg",
        "refcode": "ББ1940 — Числа 12:2"
      },
      {
        "para_id": "11258.8230",
        "lang": "cs",
        "refcode": "CzeCEP — 4Mojžíšova 12:2"
      },
      {
        "para_id": "1967.8258",
        "lang": "de",
        "refcode": "Lut — 4Mose 12:2"
      },
      {
        "para_id": "11145.8258",
        "lang": "en",
        "refcode": "AKJV — Numbers 12:2"
      },
      {
        "para_id": "14736.8258",
        "lang": "en",
        "refcode": "NHEB — Numbers 12:2"
      },
      {
        "para_id": "14336.8258",
        "lang": "en",
        "refcode": "RV1885 — Numbers 12:2"
      },
      {
        "para_id": "14175.8258",
        "lang": "en",
        "refcode": "KJVSD — Numbers 12:2"
      },
      {
        "para_id": "11144.8258",
        "lang": "en",
        "refcode": "YLT — Numbers 12:2"
      },
      {
        "para_id": "14333.8258",
        "lang": "en",
        "refcode": "ISV — Numbers 12:2"
      },
      {
        "para_id": "14341.8258",
        "lang": "en",
        "refcode": "NET — Numbers 12:2"
      },
      {
        "para_id": "11143.8258",
        "lang": "en",
        "refcode": "WBS — Numbers 12:2"
      },
      {
        "para_id": "14420.8258",
        "lang": "en",
        "refcode": "NCV — Numbers 12:2"
      },
      {
        "para_id": "11139.8258",
        "lang": "en",
        "refcode": "ASV — Numbers 12:2"
      },
      {
        "para_id": "14419.8258",
        "lang": "en",
        "refcode": "ICB — Numbers 12:2"
      },
      {
        "para_id": "1965.8258",
        "lang": "en",
        "refcode": "KJV — Numbers 12:2"
      },
      {
        "para_id": "11142.8258",
        "lang": "en",
        "refcode": "WEB — Numbers 12:2"
      },
      {
        "para_id": "14125.8258",
        "lang": "en",
        "refcode": "KJRV — Numbers 12:2"
      },
      {
        "para_id": "14330.8258",
        "lang": "en",
        "refcode": "ERV — Numbers 12:2"
      },
      {
        "para_id": "14334.8258",
        "lang": "en",
        "refcode": "NKJV — Numbers 12:2"
      },
      {
        "para_id": "14340.8258",
        "lang": "en",
        "refcode": "NIV — Numbers 12:2"
      },
      {
        "para_id": "1968.8264",
        "lang": "es",
        "refcode": "RVa — Números 12:2"
      },
      {
        "para_id": "14422.8258",
        "lang": "es",
        "refcode": "RVR — Números 12:2"
      },
      {
        "para_id": "14421.8258",
        "lang": "es",
        "refcode": "NBLA — Números 12:2"
      },
      {
        "para_id": "2021.8258",
        "lang": "fr",
        "refcode": "Fren — Nombres 12:2"
      },
      {
        "para_id": "1966.8258",
        "lang": "it",
        "refcode": "LND — Numeri 12:2"
      },
      {
        "para_id": "1970.8260",
        "lang": "pl",
        "refcode": "PB — 4Mojżeszowa 12:2"
      },
      {
        "para_id": "1971.8258",
        "lang": "pt",
        "refcode": "PCF — Números 12:2"
      },
      {
        "para_id": "11165.8258",
        "lang": "ro",
        "refcode": "RCCV — Numeri 12:2"
      },
      {
        "para_id": "1973.8258",
        "lang": "ro",
        "refcode": "NTR — Numeri 12:2"
      },
      {
        "para_id": "1972.8258",
        "lang": "ru",
        "refcode": "РСП — Числа 12:2"
      },
      {
        "para_id": "14191.8258",
        "lang": "tpi",
        "refcode": "BBTP — Namba 12:2"
      },
      {
        "para_id": "12318.8258",
        "lang": "uk",
        "refcode": "УПО — Числа 12:2"
      },
      {
        "para_id": "1969.8258",
        "lang": "zh",
        "refcode": "CHIUS — 民數記 12:2"
      }
    ]
  },
  {
    "para_id": "11140.8260",
    "id_prev": "11140.8258",
    "id_next": "11140.8262",
    "refcode_1": "DBY",
    "refcode_2": "Numbers",
    "refcode_3": "12",
    "refcode_4": "3",
    "refcode_short": "DBY — Numbers 12:3",
    "refcode_long": "Darby Bible — Numbers 12:3",
    "element_type": "p",
    "element_subtype": "standard-noindent",
    "content": "<strong>3</strong> But the man Moses was very meek, above all men that were upon the face of the earth.",
    "puborder": 4197,
    "translations": [
      {
        "para_id": "14207.8260",
        "lang": "bg",
        "refcode": "ББ1940 — Числа 12:3"
      },
      {
        "para_id": "11258.8232",
        "lang": "cs",
        "refcode": "CzeCEP — 4Mojžíšova 12:3"
      },
      {
        "para_id": "1967.8260",
        "lang": "de",
        "refcode": "Lut — 4Mose 12:3"
      },
      {
        "para_id": "11142.8260",
        "lang": "en",
        "refcode": "WEB — Numbers 12:3"
      },
      {
        "para_id": "14333.8260",
        "lang": "en",
        "refcode": "ISV — Numbers 12:3"
      },
      {
        "para_id": "14736.8260",
        "lang": "en",
        "refcode": "NHEB — Numbers 12:3"
      },
      {
        "para_id": "14334.8260",
        "lang": "en",
        "refcode": "NKJV — Numbers 12:3"
      },
      {
        "para_id": "11144.8260",
        "lang": "en",
        "refcode": "YLT — Numbers 12:3"
      },
      {
        "para_id": "14336.8260",
        "lang": "en",
        "refcode": "RV1885 — Numbers 12:3"
      },
      {
        "para_id": "14330.8260",
        "lang": "en",
        "refcode": "ERV — Numbers 12:3"
      },
      {
        "para_id": "14420.8260",
        "lang": "en",
        "refcode": "NCV — Numbers 12:3"
      },
      {
        "para_id": "11139.8260",
        "lang": "en",
        "refcode": "ASV — Numbers 12:3"
      },
      {
        "para_id": "14340.8260",
        "lang": "en",
        "refcode": "NIV — Numbers 12:3"
      },
      {
        "para_id": "1965.8260",
        "lang": "en",
        "refcode": "KJV — Numbers 12:3"
      },
      {
        "para_id": "11143.8260",
        "lang": "en",
        "refcode": "WBS — Numbers 12:3"
      },
      {
        "para_id": "14175.8260",
        "lang": "en",
        "refcode": "KJVSD — Numbers 12:3"
      },
      {
        "para_id": "11145.8260",
        "lang": "en",
        "refcode": "AKJV — Numbers 12:3"
      },
      {
        "para_id": "14125.8260",
        "lang": "en",
        "refcode": "KJRV — Numbers 12:3"
      },
      {
        "para_id": "14341.8260",
        "lang": "en",
        "refcode": "NET — Numbers 12:3"
      },
      {
        "para_id": "14419.8260",
        "lang": "en",
        "refcode": "ICB — Numbers 12:3"
      },
      {
        "para_id": "14421.8260",
        "lang": "es",
        "refcode": "NBLA — Números 12:3"
      },
      {
        "para_id": "14422.8260",
        "lang": "es",
        "refcode": "RVR — Números 12:3"
      },
      {
        "para_id": "1968.8266",
        "lang": "es",
        "refcode": "RVa — Números 12:3"
      },
      {
        "para_id": "2021.8260",
        "lang": "fr",
        "refcode": "Fren — Nombres 12:3"
      },
      {
        "para_id": "1966.8260",
        "lang": "it",
        "refcode": "LND — Numeri 12:3"
      },
      {
        "para_id": "1970.8262",
        "lang": "pl",
        "refcode": "PB — 4Mojżeszowa 12:3"
      },
      {
        "para_id": "1971.8260",
        "lang": "pt",
        "refcode": "PCF — Números 12:3"
      },
      {
        "para_id": "1973.8260",
        "lang": "ro",
        "refcode": "NTR — Numeri 12:3"
      },
      {
        "para_id": "11165.8260",
        "lang": "ro",
        "refcode": "RCCV — Numeri 12:3"
      },
      {
        "para_id": "1972.8260",
        "lang": "ru",
        "refcode": "РСП — Числа 12:3"
      },
      {
        "para_id": "14191.8260",
        "lang": "tpi",
        "refcode": "BBTP — Namba 12:3"
      },
      {
        "para_id": "12318.8260",
        "lang": "uk",
        "refcode": "УПО — Числа 12:3"
      },
      {
        "para_id": "1969.8260",
        "lang": "zh",
        "refcode": "CHIUS — 民數記 12:3"
      }
    ]
  },
  {
    "para_id": "11140.8262",
    "id_prev": "11140.8260",
    "id_next": "11140.8264",
    "refcode_1": "DBY",
    "refcode_2": "Numbers",
    "refcode_3": "12",
    "refcode_4": "4",
    "refcode_short": "DBY — Numbers 12:4",
    "refcode_long": "Darby Bible — Numbers 12:4",
    "element_type": "p",
    "element_subtype": "standard-noindent",
    "content": "<strong>4</strong> Then Jehovah spoke suddenly to Moses, and to Aaron, and to Miriam, Come out ye three unto the tent of meeting. And they went out, they three.",
    "puborder": 4198,
    "translations": [
      {
        "para_id": "14207.8262",
        "lang": "bg",
        "refcode": "ББ1940 — Числа 12:4"
      },
      {
        "para_id": "11258.8234",
        "lang": "cs",
        "refcode": "CzeCEP — 4Mojžíšova 12:4"
      },
      {
        "para_id": "1967.8262",
        "lang": "de",
        "refcode": "Lut — 4Mose 12:4"
      },
      {
        "para_id": "14736.8262",
        "lang": "en",
        "refcode": "NHEB — Numbers 12:4"
      },
      {
        "para_id": "14420.8262",
        "lang": "en",
        "refcode": "NCV — Numbers 12:4"
      },
      {
        "para_id": "11145.8262",
        "lang": "en",
        "refcode": "AKJV — Numbers 12:4"
      },
      {
        "para_id": "11144.8262",
        "lang": "en",
        "refcode": "YLT — Numbers 12:4"
      },
      {
        "para_id": "14125.8262",
        "lang": "en",
        "refcode": "KJRV — Numbers 12:4"
      },
      {
        "para_id": "11139.8262",
        "lang": "en",
        "refcode": "ASV — Numbers 12:4"
      },
      {
        "para_id": "14336.8262",
        "lang": "en",
        "refcode": "RV1885 — Numbers 12:4"
      },
      {
        "para_id": "11142.8262",
        "lang": "en",
        "refcode": "WEB — Numbers 12:4"
      },
      {
        "para_id": "11143.8262",
        "lang": "en",
        "refcode": "WBS — Numbers 12:4"
      },
      {
        "para_id": "14175.8262",
        "lang": "en",
        "refcode": "KJVSD — Numbers 12:4"
      },
      {
        "para_id": "14419.8262",
        "lang": "en",
        "refcode": "ICB — Numbers 12:4"
      },
      {
        "para_id": "14340.8262",
        "lang": "en",
        "refcode": "NIV — Numbers 12:4"
      },
      {
        "para_id": "14341.8262",
        "lang": "en",
        "refcode": "NET — Numbers 12:4"
      },
      {
        "para_id": "14330.8262",
        "lang": "en",
        "refcode": "ERV — Numbers 12:4"
      },
      {
        "para_id": "14334.8262",
        "lang": "en",
        "refcode": "NKJV — Numbers 12:4"
      },
      {
        "para_id": "14333.8262",
        "lang": "en",
        "refcode": "ISV — Numbers 12:4"
      },
      {
        "para_id": "1965.8262",
        "lang": "en",
        "refcode": "KJV — Numbers 12:4"
      },
      {
        "para_id": "14421.8262",
        "lang": "es",
        "refcode": "NBLA — Números 12:4"
      },
      {
        "para_id": "1968.8268",
        "lang": "es",
        "refcode": "RVa — Números 12:4"
      },
      {
        "para_id": "14422.8262",
        "lang": "es",
        "refcode": "RVR — Números 12:4"
      },
      {
        "para_id": "2021.8262",
        "lang": "fr",
        "refcode": "Fren — Nombres 12:4"
      },
      {
        "para_id": "1966.8262",
        "lang": "it",
        "refcode": "LND — Numeri 12:4"
      },
      {
        "para_id": "1970.8264",
        "lang": "pl",
        "refcode": "PB — 4Mojżeszowa 12:4"
      },
      {
        "para_id": "1971.8262",
        "lang": "pt",
        "refcode": "PCF — Números 12:4"
      },
      {
        "para_id": "1973.8262",
        "lang": "ro",
        "refcode": "NTR — Numeri 12:4"
      },
      {
        "para_id": "11165.8262",
        "lang": "ro",
        "refcode": "RCCV — Numeri 12:4"
      },
      {
        "para_id": "1972.8262",
        "lang": "ru",
        "refcode": "РСП — Числа 12:4"
      },
      {
        "para_id": "14191.8262",
        "lang": "tpi",
        "refcode": "BBTP — Namba 12:4"
      },
      {
        "para_id": "12318.8262",
        "lang": "uk",
        "refcode": "УПО — Числа 12:4"
      },
      {
        "para_id": "1969.8262",
        "lang": "zh",
        "refcode": "CHIUS — 民數記 12:4"
      }
    ]
  },
  {
    "para_id": "11140.8264",
    "id_prev": "11140.8262",
    "id_next": "11140.8266",
    "refcode_1": "DBY",
    "refcode_2": "Numbers",
    "refcode_3": "12",
    "refcode_4": "5",
    "refcode_short": "DBY — Numbers 12:5",
    "refcode_long": "Darby Bible — Numbers 12:5",
    "element_type": "p",
    "element_subtype": "standard-noindent",
    "content": "<strong>5</strong> And Jehovah came down in the pillar of the cloud, and stood at the entrance of the tent, and called Aaron and Miriam; and they both came forth.",
    "puborder": 4199,
    "translations": [
      {
        "para_id": "14207.8264",
        "lang": "bg",
        "refcode": "ББ1940 — Числа 12:5"
      },
      {
        "para_id": "11258.8236",
        "lang": "cs",
        "refcode": "CzeCEP — 4Mojžíšova 12:5"
      },
      {
        "para_id": "1967.8264",
        "lang": "de",
        "refcode": "Lut — 4Mose 12:5"
      },
      {
        "para_id": "11142.8264",
        "lang": "en",
        "refcode": "WEB — Numbers 12:5"
      },
      {
        "para_id": "14125.8264",
        "lang": "en",
        "refcode": "KJRV — Numbers 12:5"
      },
      {
        "para_id": "14336.8264",
        "lang": "en",
        "refcode": "RV1885 — Numbers 12:5"
      },
      {
        "para_id": "11145.8264",
        "lang": "en",
        "refcode": "AKJV — Numbers 12:5"
      },
      {
        "para_id": "11143.8264",
        "lang": "en",
        "refcode": "WBS — Numbers 12:5"
      },
      {
        "para_id": "14420.8264",
        "lang": "en",
        "refcode": "NCV — Numbers 12:5"
      },
      {
        "para_id": "14736.8264",
        "lang": "en",
        "refcode": "NHEB — Numbers 12:5"
      },
      {
        "para_id": "14330.8264",
        "lang": "en",
        "refcode": "ERV — Numbers 12:5"
      },
      {
        "para_id": "14419.8264",
        "lang": "en",
        "refcode": "ICB — Numbers 12:5"
      },
      {
        "para_id": "1965.8264",
        "lang": "en",
        "refcode": "KJV — Numbers 12:5"
      },
      {
        "para_id": "11144.8264",
        "lang": "en",
        "refcode": "YLT — Numbers 12:5"
      },
      {
        "para_id": "11139.8264",
        "lang": "en",
        "refcode": "ASV — Numbers 12:5"
      },
      {
        "para_id": "14333.8264",
        "lang": "en",
        "refcode": "ISV — Numbers 12:5"
      },
      {
        "para_id": "14341.8264",
        "lang": "en",
        "refcode": "NET — Numbers 12:5"
      },
      {
        "para_id": "14334.8264",
        "lang": "en",
        "refcode": "NKJV — Numbers 12:5"
      },
      {
        "para_id": "14340.8264",
        "lang": "en",
        "refcode": "NIV — Numbers 12:5"
      },
      {
        "para_id": "14175.8264",
        "lang": "en",
        "refcode": "KJVSD — Numbers 12:5"
      },
      {
        "para_id": "14421.8264",
        "lang": "es",
        "refcode": "NBLA — Números 12:5"
      },
      {
        "para_id": "1968.8270",
        "lang": "es",
        "refcode": "RVa — Números 12:5"
      },
      {
        "para_id": "14422.8264",
        "lang": "es",
        "refcode": "RVR — Números 12:5"
      },
      {
        "para_id": "2021.8264",
        "lang": "fr",
        "refcode": "Fren — Nombres 12:5"
      },
      {
        "para_id": "1966.8264",
        "lang": "it",
        "refcode": "LND — Numeri 12:5"
      },
      {
        "para_id": "1970.8266",
        "lang": "pl",
        "refcode": "PB — 4Mojżeszowa 12:5"
      },
      {
        "para_id": "1971.8264",
        "lang": "pt",
        "refcode": "PCF — Números 12:5"
      },
      {
        "para_id": "1973.8264",
        "lang": "ro",
        "refcode": "NTR — Numeri 12:5"
      },
      {
        "para_id": "11165.8264",
        "lang": "ro",
        "refcode": "RCCV — Numeri 12:5"
      },
      {
        "para_id": "1972.8264",
        "lang": "ru",
        "refcode": "РСП — Числа 12:5"
      },
      {
        "para_id": "14191.8264",
        "lang": "tpi",
        "refcode": "BBTP — Namba 12:5"
      },
      {
        "para_id": "12318.8264",
        "lang": "uk",
        "refcode": "УПО — Числа 12:5"
      },
      {
        "para_id": "1969.8264",
        "lang": "zh",
        "refcode": "CHIUS — 民數記 12:5"
      }
    ]
  },
  {
    "para_id": "11140.8266",
    "id_prev": "11140.8264",
    "id_next": "11140.8268",
    "refcode_1": "DBY",
    "refcode_2": "Numbers",
    "refcode_3": "12",
    "refcode_4": "6",
    "refcode_short": "DBY — Numbers 12:6",
    "refcode_long": "Darby Bible — Numbers 12:6",
    "element_type": "p",
    "element_subtype": "standard-noindent",
    "content": "<strong>6</strong> And he said, Hear now my words: If there be a prophet among you, I Jehovah will make myself known to him in a vision, I will speak to him in a dream.",
    "puborder": 4200,
    "translations": [
      {
        "para_id": "14207.8266",
        "lang": "bg",
        "refcode": "ББ1940 — Числа 12:6"
      },
      {
        "para_id": "11258.8238",
        "lang": "cs",
        "refcode": "CzeCEP — 4Mojžíšova 12:6"
      },
      {
        "para_id": "1967.8266",
        "lang": "de",
        "refcode": "Lut — 4Mose 12:6"
      },
      {
        "para_id": "14420.8266",
        "lang": "en",
        "refcode": "NCV — Numbers 12:6"
      },
      {
        "para_id": "11145.8266",
        "lang": "en",
        "refcode": "AKJV — Numbers 12:6"
      },
      {
        "para_id": "14330.8266",
        "lang": "en",
        "refcode": "ERV — Numbers 12:6"
      },
      {
        "para_id": "14341.8266",
        "lang": "en",
        "refcode": "NET — Numbers 12:6"
      },
      {
        "para_id": "11139.8266",
        "lang": "en",
        "refcode": "ASV — Numbers 12:6"
      },
      {
        "para_id": "14736.8266",
        "lang": "en",
        "refcode": "NHEB — Numbers 12:6"
      },
      {
        "para_id": "11144.8266",
        "lang": "en",
        "refcode": "YLT — Numbers 12:6"
      },
      {
        "para_id": "14334.8266",
        "lang": "en",
        "refcode": "NKJV — Numbers 12:6"
      },
      {
        "para_id": "11143.8266",
        "lang": "en",
        "refcode": "WBS — Numbers 12:6"
      },
      {
        "para_id": "14125.8266",
        "lang": "en",
        "refcode": "KJRV — Numbers 12:6"
      },
      {
        "para_id": "1965.8266",
        "lang": "en",
        "refcode": "KJV — Numbers 12:6"
      },
      {
        "para_id": "14340.8266",
        "lang": "en",
        "refcode": "NIV — Numbers 12:6"
      },
      {
        "para_id": "14336.8266",
        "lang": "en",
        "refcode": "RV1885 — Numbers 12:6"
      },
      {
        "para_id": "14333.8266",
        "lang": "en",
        "refcode": "ISV — Numbers 12:6"
      },
      {
        "para_id": "14419.8266",
        "lang": "en",
        "refcode": "ICB — Numbers 12:6"
      },
      {
        "para_id": "11142.8266",
        "lang": "en",
        "refcode": "WEB — Numbers 12:6"
      },
      {
        "para_id": "14175.8266",
        "lang": "en",
        "refcode": "KJVSD — Numbers 12:6"
      },
      {
        "para_id": "14421.8266",
        "lang": "es",
        "refcode": "NBLA — Números 12:6"
      },
      {
        "para_id": "1968.8272",
        "lang": "es",
        "refcode": "RVa — Números 12:6"
      },
      {
        "para_id": "14422.8266",
        "lang": "es",
        "refcode": "RVR — Números 12:6"
      },
      {
        "para_id": "2021.8266",
        "lang": "fr",
        "refcode": "Fren — Nombres 12:6"
      },
      {
        "para_id": "1966.8266",
        "lang": "it",
        "refcode": "LND — Numeri 12:6"
      },
      {
        "para_id": "1970.8268",
        "lang": "pl",
        "refcode": "PB — 4Mojżeszowa 12:6"
      },
      {
        "para_id": "1971.8266",
        "lang": "pt",
        "refcode": "PCF — Números 12:6"
      },
      {
        "para_id": "11165.8266",
        "lang": "ro",
        "refcode": "RCCV — Numeri 12:6"
      },
      {
        "para_id": "1973.8266",
        "lang": "ro",
        "refcode": "NTR — Numeri 12:6"
      },
      {
        "para_id": "1972.8266",
        "lang": "ru",
        "refcode": "РСП — Числа 12:6"
      },
      {
        "para_id": "14191.8266",
        "lang": "tpi",
        "refcode": "BBTP — Namba 12:6"
      },
      {
        "para_id": "12318.8266",
        "lang": "uk",
        "refcode": "УПО — Числа 12:6"
      },
      {
        "para_id": "1969.8266",
        "lang": "zh",
        "refcode": "CHIUS — 民數記 12:6"
      }
    ]
  },
  {
    "para_id": "11140.8268",
    "id_prev": "11140.8266",
    "id_next": "11140.8270",
    "refcode_1": "DBY",
    "refcode_2": "Numbers",
    "refcode_3": "12",
    "refcode_4": "7",
    "refcode_short": "DBY — Numbers 12:7",
    "refcode_long": "Darby Bible — Numbers 12:7",
    "element_type": "p",
    "element_subtype": "standard-noindent",
    "content": "<strong>7</strong> Not so my servant Moses: he is faithful in all my house.",
    "puborder": 4201,
    "translations": [
      {
        "para_id": "14207.8268",
        "lang": "bg",
        "refcode": "ББ1940 — Числа 12:7"
      },
      {
        "para_id": "11258.8240",
        "lang": "cs",
        "refcode": "CzeCEP — 4Mojžíšova 12:7"
      },
      {
        "para_id": "1967.8268",
        "lang": "de",
        "refcode": "Lut — 4Mose 12:7"
      },
      {
        "para_id": "14333.8268",
        "lang": "en",
        "refcode": "ISV — Numbers 12:7"
      },
      {
        "para_id": "11142.8268",
        "lang": "en",
        "refcode": "WEB — Numbers 12:7"
      },
      {
        "para_id": "14736.8268",
        "lang": "en",
        "refcode": "NHEB — Numbers 12:7"
      },
      {
        "para_id": "14419.8268",
        "lang": "en",
        "refcode": "ICB — Numbers 12:7"
      },
      {
        "para_id": "14420.8268",
        "lang": "en",
        "refcode": "NCV — Numbers 12:7"
      },
      {
        "para_id": "11145.8268",
        "lang": "en",
        "refcode": "AKJV — Numbers 12:7"
      },
      {
        "para_id": "14125.8268",
        "lang": "en",
        "refcode": "KJRV — Numbers 12:7"
      },
      {
        "para_id": "14175.8268",
        "lang": "en",
        "refcode": "KJVSD — Numbers 12:7"
      },
      {
        "para_id": "14340.8268",
        "lang": "en",
        "refcode": "NIV — Numbers 12:7"
      },
      {
        "para_id": "14334.8268",
        "lang": "en",
        "refcode": "NKJV — Numbers 12:7"
      },
      {
        "para_id": "14341.8268",
        "lang": "en",
        "refcode": "NET — Numbers 12:7"
      },
      {
        "para_id": "1965.8268",
        "lang": "en",
        "refcode": "KJV — Numbers 12:7"
      },
      {
        "para_id": "14330.8268",
        "lang": "en",
        "refcode": "ERV — Numbers 12:7"
      },
      {
        "para_id": "11144.8268",
        "lang": "en",
        "refcode": "YLT — Numbers 12:7"
      },
      {
        "para_id": "11139.8268",
        "lang": "en",
        "refcode": "ASV — Numbers 12:7"
      },
      {
        "para_id": "14336.8268",
        "lang": "en",
        "refcode": "RV1885 — Numbers 12:7"
      },
      {
        "para_id": "11143.8268",
        "lang": "en",
        "refcode": "WBS — Numbers 12:7"
      },
      {
        "para_id": "1968.8274",
        "lang": "es",
        "refcode": "RVa — Números 12:7"
      },
      {
        "para_id": "14422.8268",
        "lang": "es",
        "refcode": "RVR — Números 12:7"
      },
      {
        "para_id": "14421.8268",
        "lang": "es",
        "refcode": "NBLA — Números 12:7"
      },
      {
        "para_id": "2021.8268",
        "lang": "fr",
        "refcode": "Fren — Nombres 12:7"
      },
      {
        "para_id": "1966.8268",
        "lang": "it",
        "refcode": "LND — Numeri 12:7"
      },
      {
        "para_id": "1970.8270",
        "lang": "pl",
        "refcode": "PB — 4Mojżeszowa 12:7"
      },
      {
        "para_id": "1971.8268",
        "lang": "pt",
        "refcode": "PCF — Números 12:7"
      },
      {
        "para_id": "1973.8268",
        "lang": "ro",
        "refcode": "NTR — Numeri 12:7"
      },
      {
        "para_id": "11165.8268",
        "lang": "ro",
        "refcode": "RCCV — Numeri 12:7"
      },
      {
        "para_id": "1972.8268",
        "lang": "ru",
        "refcode": "РСП — Числа 12:7"
      },
      {
        "para_id": "14191.8268",
        "lang": "tpi",
        "refcode": "BBTP — Namba 12:7"
      },
      {
        "para_id": "12318.8268",
        "lang": "uk",
        "refcode": "УПО — Числа 12:7"
      },
      {
        "para_id": "1969.8268",
        "lang": "zh",
        "refcode": "CHIUS — 民數記 12:7"
      }
    ]
  },
  {
    "para_id": "11140.8270",
    "id_prev": "11140.8268",
    "id_next": "11140.8272",
    "refcode_1": "DBY",
    "refcode_2": "Numbers",
    "refcode_3": "12",
    "refcode_4": "8",
    "refcode_short": "DBY — Numbers 12:8",
    "refcode_long": "Darby Bible — Numbers 12:8",
    "element_type": "p",
    "element_subtype": "standard-noindent",
    "content": "<strong>8</strong> Mouth to mouth do I speak to him openly, and not in riddles; and the form of Jehovah doth he behold. Why then were ye not afraid to speak against my servant, against Moses?",
    "puborder": 4202,
    "translations": [
      {
        "para_id": "14207.8270",
        "lang": "bg",
        "refcode": "ББ1940 — Числа 12:8"
      },
      {
        "para_id": "11258.8242",
        "lang": "cs",
        "refcode": "CzeCEP — 4Mojžíšova 12:8"
      },
      {
        "para_id": "1967.8270",
        "lang": "de",
        "refcode": "Lut — 4Mose 12:8"
      },
      {
        "para_id": "11145.8270",
        "lang": "en",
        "refcode": "AKJV — Numbers 12:8"
      },
      {
        "para_id": "14420.8270",
        "lang": "en",
        "refcode": "NCV — Numbers 12:8"
      },
      {
        "para_id": "11142.8270",
        "lang": "en",
        "refcode": "WEB — Numbers 12:8"
      },
      {
        "para_id": "14334.8270",
        "lang": "en",
        "refcode": "NKJV — Numbers 12:8"
      },
      {
        "para_id": "14175.8270",
        "lang": "en",
        "refcode": "KJVSD — Numbers 12:8"
      },
      {
        "para_id": "11144.8270",
        "lang": "en",
        "refcode": "YLT — Numbers 12:8"
      },
      {
        "para_id": "11139.8270",
        "lang": "en",
        "refcode": "ASV — Numbers 12:8"
      },
      {
        "para_id": "14336.8270",
        "lang": "en",
        "refcode": "RV1885 — Numbers 12:8"
      },
      {
        "para_id": "11143.8270",
        "lang": "en",
        "refcode": "WBS — Numbers 12:8"
      },
      {
        "para_id": "14125.8270",
        "lang": "en",
        "refcode": "KJRV — Numbers 12:8"
      },
      {
        "para_id": "1965.8270",
        "lang": "en",
        "refcode": "KJV — Numbers 12:8"
      },
      {
        "para_id": "14333.8270",
        "lang": "en",
        "refcode": "ISV — Numbers 12:8"
      },
      {
        "para_id": "14330.8270",
        "lang": "en",
        "refcode": "ERV — Numbers 12:8"
      },
      {
        "para_id": "14419.8270",
        "lang": "en",
        "refcode": "ICB — Numbers 12:8"
      },
      {
        "para_id": "14340.8270",
        "lang": "en",
        "refcode": "NIV — Numbers 12:8"
      },
      {
        "para_id": "14341.8270",
        "lang": "en",
        "refcode": "NET — Numbers 12:8"
      },
      {
        "para_id": "14736.8270",
        "lang": "en",
        "refcode": "NHEB — Numbers 12:8"
      },
      {
        "para_id": "1968.8276",
        "lang": "es",
        "refcode": "RVa — Números 12:8"
      },
      {
        "para_id": "14422.8270",
        "lang": "es",
        "refcode": "RVR — Números 12:8"
      },
      {
        "para_id": "14421.8270",
        "lang": "es",
        "refcode": "NBLA — Números 12:8"
      },
      {
        "para_id": "2021.8270",
        "lang": "fr",
        "refcode": "Fren — Nombres 12:8"
      },
      {
        "para_id": "1966.8270",
        "lang": "it",
        "refcode": "LND — Numeri 12:8"
      },
      {
        "para_id": "1970.8272",
        "lang": "pl",
        "refcode": "PB — 4Mojżeszowa 12:8"
      },
      {
        "para_id": "1971.8270",
        "lang": "pt",
        "refcode": "PCF — Números 12:8"
      },
      {
        "para_id": "11165.8270",
        "lang": "ro",
        "refcode": "RCCV — Numeri 12:8"
      },
      {
        "para_id": "1973.8270",
        "lang": "ro",
        "refcode": "NTR — Numeri 12:8"
      },
      {
        "para_id": "1972.8270",
        "lang": "ru",
        "refcode": "РСП — Числа 12:8"
      },
      {
        "para_id": "14191.8270",
        "lang": "tpi",
        "refcode": "BBTP — Namba 12:8"
      },
      {
        "para_id": "12318.8270",
        "lang": "uk",
        "refcode": "УПО — Числа 12:8"
      },
      {
        "para_id": "1969.8270",
        "lang": "zh",
        "refcode": "CHIUS — 民數記 12:8"
      }
    ]
  },
  {
    "para_id": "11140.8272",
    "id_prev": "11140.8270",
    "id_next": "11140.8274",
    "refcode_1": "DBY",
    "refcode_2": "Numbers",
    "refcode_3": "12",
    "refcode_4": "9",
    "refcode_short": "DBY — Numbers 12:9",
    "refcode_long": "Darby Bible — Numbers 12:9",
    "element_type": "p",
    "element_subtype": "standard-noindent",
    "content": "<strong>9</strong> And the anger of Jehovah was kindled against them, and he went away;",
    "puborder": 4203,
    "translations": [
      {
        "para_id": "14207.8272",
        "lang": "bg",
        "refcode": "ББ1940 — Числа 12:9"
      },
      {
        "para_id": "11258.8244",
        "lang": "cs",
        "refcode": "CzeCEP — 4Mojžíšova 12:9"
      },
      {
        "para_id": "1967.8272",
        "lang": "de",
        "refcode": "Lut — 4Mose 12:9"
      },
      {
        "para_id": "14333.8272",
        "lang": "en",
        "refcode": "ISV — Numbers 12:9"
      },
      {
        "para_id": "14125.8272",
        "lang": "en",
        "refcode": "KJRV — Numbers 12:9"
      },
      {
        "para_id": "11145.8272",
        "lang": "en",
        "refcode": "AKJV — Numbers 12:9"
      },
      {
        "para_id": "11144.8272",
        "lang": "en",
        "refcode": "YLT — Numbers 12:9"
      },
      {
        "para_id": "14330.8272",
        "lang": "en",
        "refcode": "ERV — Numbers 12:9"
      },
      {
        "para_id": "11143.8272",
        "lang": "en",
        "refcode": "WBS — Numbers 12:9"
      },
      {
        "para_id": "11139.8272",
        "lang": "en",
        "refcode": "ASV — Numbers 12:9"
      },
      {
        "para_id": "14419.8272",
        "lang": "en",
        "refcode": "ICB — Numbers 12:9"
      },
      {
        "para_id": "11142.8272",
        "lang": "en",
        "refcode": "WEB — Numbers 12:9"
      },
      {
        "para_id": "14420.8272",
        "lang": "en",
        "refcode": "NCV — Numbers 12:9"
      },
      {
        "para_id": "1965.8272",
        "lang": "en",
        "refcode": "KJV — Numbers 12:9"
      },
      {
        "para_id": "14334.8272",
        "lang": "en",
        "refcode": "NKJV — Numbers 12:9"
      },
      {
        "para_id": "14175.8272",
        "lang": "en",
        "refcode": "KJVSD — Numbers 12:9"
      },
      {
        "para_id": "14336.8272",
        "lang": "en",
        "refcode": "RV1885 — Numbers 12:9"
      },
      {
        "para_id": "14341.8272",
        "lang": "en",
        "refcode": "NET — Numbers 12:9"
      },
      {
        "para_id": "14340.8272",
        "lang": "en",
        "refcode": "NIV — Numbers 12:9"
      },
      {
        "para_id": "14736.8272",
        "lang": "en",
        "refcode": "NHEB — Numbers 12:9"
      },
      {
        "para_id": "1968.8278",
        "lang": "es",
        "refcode": "RVa — Números 12:9"
      },
      {
        "para_id": "14422.8272",
        "lang": "es",
        "refcode": "RVR — Números 12:9"
      },
      {
        "para_id": "14421.8272",
        "lang": "es",
        "refcode": "NBLA — Números 12:9"
      },
      {
        "para_id": "2021.8272",
        "lang": "fr",
        "refcode": "Fren — Nombres 12:9"
      },
      {
        "para_id": "1966.8272",
        "lang": "it",
        "refcode": "LND — Numeri 12:9"
      },
      {
        "para_id": "1970.8274",
        "lang": "pl",
        "refcode": "PB — 4Mojżeszowa 12:9"
      },
      {
        "para_id": "1971.8272",
        "lang": "pt",
        "refcode": "PCF — Números 12:9"
      },
      {
        "para_id": "11165.8272",
        "lang": "ro",
        "refcode": "RCCV — Numeri 12:9"
      },
      {
        "para_id": "1973.8272",
        "lang": "ro",
        "refcode": "NTR — Numeri 12:9"
      },
      {
        "para_id": "1972.8272",
        "lang": "ru",
        "refcode": "РСП — Числа 12:9"
      },
      {
        "para_id": "14191.8272",
        "lang": "tpi",
        "refcode": "BBTP — Namba 12:9"
      },
      {
        "para_id": "12318.8272",
        "lang": "uk",
        "refcode": "УПО — Числа 12:9"
      },
      {
        "para_id": "1969.8272",
        "lang": "zh",
        "refcode": "CHIUS — 民數記 12:9"
      }
    ]
  },
  {
    "para_id": "11140.8274",
    "id_prev": "11140.8272",
    "id_next": "11140.8276",
    "refcode_1": "DBY",
    "refcode_2": "Numbers",
    "refcode_3": "12",
    "refcode_4": "10",
    "refcode_short": "DBY — Numbers 12:10",
    "refcode_long": "Darby Bible — Numbers 12:10",
    "element_type": "p",
    "element_subtype": "standard-noindent",
    "content": "<strong>10</strong> and the cloud departed from off the tent. And behold, Miriam was leprous as snow; and Aaron turned toward Miriam, and behold, she was leprous.",
    "puborder": 4204,
    "translations": [
      {
        "para_id": "14207.8274",
        "lang": "bg",
        "refcode": "ББ1940 — Числа 12:10"
      },
      {
        "para_id": "11258.8246",
        "lang": "cs",
        "refcode": "CzeCEP — 4Mojžíšova 12:10"
      },
      {
        "para_id": "1967.8274",
        "lang": "de",
        "refcode": "Lut — 4Mose 12:10"
      },
      {
        "para_id": "11145.8274",
        "lang": "en",
        "refcode": "AKJV — Numbers 12:10"
      },
      {
        "para_id": "11143.8274",
        "lang": "en",
        "refcode": "WBS — Numbers 12:10"
      },
      {
        "para_id": "14175.8274",
        "lang": "en",
        "refcode": "KJVSD — Numbers 12:10"
      },
      {
        "para_id": "14419.8274",
        "lang": "en",
        "refcode": "ICB — Numbers 12:10"
      },
      {
        "para_id": "14125.8274",
        "lang": "en",
        "refcode": "KJRV — Numbers 12:10"
      },
      {
        "para_id": "11142.8274",
        "lang": "en",
        "refcode": "WEB — Numbers 12:10"
      },
      {
        "para_id": "14736.8274",
        "lang": "en",
        "refcode": "NHEB — Numbers 12:10"
      },
      {
        "para_id": "14420.8274",
        "lang": "en",
        "refcode": "NCV — Numbers 12:10"
      },
      {
        "para_id": "14341.8274",
        "lang": "en",
        "refcode": "NET — Numbers 12:10"
      },
      {
        "para_id": "14330.8274",
        "lang": "en",
        "refcode": "ERV — Numbers 12:10"
      },
      {
        "para_id": "1965.8274",
        "lang": "en",
        "refcode": "KJV — Numbers 12:10"
      },
      {
        "para_id": "11139.8274",
        "lang": "en",
        "refcode": "ASV — Numbers 12:10"
      },
      {
        "para_id": "11144.8274",
        "lang": "en",
        "refcode": "YLT — Numbers 12:10"
      },
      {
        "para_id": "14340.8274",
        "lang": "en",
        "refcode": "NIV — Numbers 12:10"
      },
      {
        "para_id": "14333.8274",
        "lang": "en",
        "refcode": "ISV — Numbers 12:10"
      },
      {
        "para_id": "14334.8274",
        "lang": "en",
        "refcode": "NKJV — Numbers 12:10"
      },
      {
        "para_id": "14336.8274",
        "lang": "en",
        "refcode": "RV1885 — Numbers 12:10"
      },
      {
        "para_id": "14421.8274",
        "lang": "es",
        "refcode": "NBLA — Números 12:10"
      },
      {
        "para_id": "14422.8274",
        "lang": "es",
        "refcode": "RVR — Números 12:10"
      },
      {
        "para_id": "1968.8280",
        "lang": "es",
        "refcode": "RVa — Números 12:10"
      },
      {
        "para_id": "2021.8274",
        "lang": "fr",
        "refcode": "Fren — Nombres 12:10"
      },
      {
        "para_id": "1966.8274",
        "lang": "it",
        "refcode": "LND — Numeri 12:10"
      },
      {
        "para_id": "1970.8276",
        "lang": "pl",
        "refcode": "PB — 4Mojżeszowa 12:10"
      },
      {
        "para_id": "1971.8274",
        "lang": "pt",
        "refcode": "PCF — Números 12:10"
      },
      {
        "para_id": "1973.8274",
        "lang": "ro",
        "refcode": "NTR — Numeri 12:10"
      },
      {
        "para_id": "11165.8274",
        "lang": "ro",
        "refcode": "RCCV — Numeri 12:10"
      },
      {
        "para_id": "1972.8274",
        "lang": "ru",
        "refcode": "РСП — Числа 12:10"
      },
      {
        "para_id": "14191.8274",
        "lang": "tpi",
        "refcode": "BBTP — Namba 12:10"
      },
      {
        "para_id": "12318.8274",
        "lang": "uk",
        "refcode": "УПО — Числа 12:10"
      },
      {
        "para_id": "1969.8274",
        "lang": "zh",
        "refcode": "CHIUS — 民數記 12:10"
      }
    ]
  },
  {
    "para_id": "11140.8276",
    "id_prev": "11140.8274",
    "id_next": "11140.8278",
    "refcode_1": "DBY",
    "refcode_2": "Numbers",
    "refcode_3": "12",
    "refcode_4": "11",
    "refcode_short": "DBY — Numbers 12:11",
    "refcode_long": "Darby Bible — Numbers 12:11",
    "element_type": "p",
    "element_subtype": "standard-noindent",
    "content": "<strong>11</strong> Then Aaron said to Moses, Alas, my lord, I beseech thee, lay not this sin upon us, wherein we have been foolish, and have sinned!",
    "puborder": 4205,
    "translations": [
      {
        "para_id": "14207.8276",
        "lang": "bg",
        "refcode": "ББ1940 — Числа 12:11"
      },
      {
        "para_id": "11258.8248",
        "lang": "cs",
        "refcode": "CzeCEP — 4Mojžíšova 12:11"
      },
      {
        "para_id": "1967.8276",
        "lang": "de",
        "refcode": "Lut — 4Mose 12:11"
      },
      {
        "para_id": "14175.8276",
        "lang": "en",
        "refcode": "KJVSD — Numbers 12:11"
      },
      {
        "para_id": "14125.8276",
        "lang": "en",
        "refcode": "KJRV — Numbers 12:11"
      },
      {
        "para_id": "11142.8276",
        "lang": "en",
        "refcode": "WEB — Numbers 12:11"
      },
      {
        "para_id": "14419.8276",
        "lang": "en",
        "refcode": "ICB — Numbers 12:11"
      },
      {
        "para_id": "14420.8276",
        "lang": "en",
        "refcode": "NCV — Numbers 12:11"
      },
      {
        "para_id": "11143.8276",
        "lang": "en",
        "refcode": "WBS — Numbers 12:11"
      },
      {
        "para_id": "14736.8276",
        "lang": "en",
        "refcode": "NHEB — Numbers 12:11"
      },
      {
        "para_id": "14334.8276",
        "lang": "en",
        "refcode": "NKJV — Numbers 12:11"
      },
      {
        "para_id": "14341.8276",
        "lang": "en",
        "refcode": "NET — Numbers 12:11"
      },
      {
        "para_id": "14336.8276",
        "lang": "en",
        "refcode": "RV1885 — Numbers 12:11"
      },
      {
        "para_id": "11145.8276",
        "lang": "en",
        "refcode": "AKJV — Numbers 12:11"
      },
      {
        "para_id": "11144.8276",
        "lang": "en",
        "refcode": "YLT — Numbers 12:11"
      },
      {
        "para_id": "14330.8276",
        "lang": "en",
        "refcode": "ERV — Numbers 12:11"
      },
      {
        "para_id": "11139.8276",
        "lang": "en",
        "refcode": "ASV — Numbers 12:11"
      },
      {
        "para_id": "14333.8276",
        "lang": "en",
        "refcode": "ISV — Numbers 12:11"
      },
      {
        "para_id": "1965.8276",
        "lang": "en",
        "refcode": "KJV — Numbers 12:11"
      },
      {
        "para_id": "14340.8276",
        "lang": "en",
        "refcode": "NIV — Numbers 12:11"
      },
      {
        "para_id": "14421.8276",
        "lang": "es",
        "refcode": "NBLA — Números 12:11"
      },
      {
        "para_id": "1968.8282",
        "lang": "es",
        "refcode": "RVa — Números 12:11"
      },
      {
        "para_id": "14422.8276",
        "lang": "es",
        "refcode": "RVR — Números 12:11"
      },
      {
        "para_id": "2021.8276",
        "lang": "fr",
        "refcode": "Fren — Nombres 12:11"
      },
      {
        "para_id": "1966.8276",
        "lang": "it",
        "refcode": "LND — Numeri 12:11"
      },
      {
        "para_id": "1970.8278",
        "lang": "pl",
        "refcode": "PB — 4Mojżeszowa 12:11"
      },
      {
        "para_id": "1971.8276",
        "lang": "pt",
        "refcode": "PCF — Números 12:11"
      },
      {
        "para_id": "1973.8276",
        "lang": "ro",
        "refcode": "NTR — Numeri 12:11"
      },
      {
        "para_id": "11165.8276",
        "lang": "ro",
        "refcode": "RCCV — Numeri 12:11"
      },
      {
        "para_id": "1972.8276",
        "lang": "ru",
        "refcode": "РСП — Числа 12:11"
      },
      {
        "para_id": "14191.8276",
        "lang": "tpi",
        "refcode": "BBTP — Namba 12:11"
      },
      {
        "para_id": "12318.8276",
        "lang": "uk",
        "refcode": "УПО — Числа 12:11"
      },
      {
        "para_id": "1969.8276",
        "lang": "zh",
        "refcode": "CHIUS — 民數記 12:11"
      }
    ]
  },
  {
    "para_id": "11140.8278",
    "id_prev": "11140.8276",
    "id_next": "11140.8280",
    "refcode_1": "DBY",
    "refcode_2": "Numbers",
    "refcode_3": "12",
    "refcode_4": "12",
    "refcode_short": "DBY — Numbers 12:12",
    "refcode_long": "Darby Bible — Numbers 12:12",
    "element_type": "p",
    "element_subtype": "standard-noindent",
    "content": "<strong>12</strong> Let her not be as one stillborn, half of whose flesh is consumed when he comes out of his mother&rsquo;s womb.",
    "puborder": 4206,
    "translations": [
      {
        "para_id": "14207.8278",
        "lang": "bg",
        "refcode": "ББ1940 — Числа 12:12"
      },
      {
        "para_id": "11258.8250",
        "lang": "cs",
        "refcode": "CzeCEP — 4Mojžíšova 12:12"
      },
      {
        "para_id": "1967.8278",
        "lang": "de",
        "refcode": "Lut — 4Mose 12:12"
      },
      {
        "para_id": "14736.8278",
        "lang": "en",
        "refcode": "NHEB — Numbers 12:12"
      },
      {
        "para_id": "14125.8278",
        "lang": "en",
        "refcode": "KJRV — Numbers 12:12"
      },
      {
        "para_id": "14419.8278",
        "lang": "en",
        "refcode": "ICB — Numbers 12:12"
      },
      {
        "para_id": "14334.8278",
        "lang": "en",
        "refcode": "NKJV — Numbers 12:12"
      },
      {
        "para_id": "14341.8278",
        "lang": "en",
        "refcode": "NET — Numbers 12:12"
      },
      {
        "para_id": "14340.8278",
        "lang": "en",
        "refcode": "NIV — Numbers 12:12"
      },
      {
        "para_id": "14333.8278",
        "lang": "en",
        "refcode": "ISV — Numbers 12:12"
      },
      {
        "para_id": "11139.8278",
        "lang": "en",
        "refcode": "ASV — Numbers 12:12"
      },
      {
        "para_id": "11145.8278",
        "lang": "en",
        "refcode": "AKJV — Numbers 12:12"
      },
      {
        "para_id": "14330.8278",
        "lang": "en",
        "refcode": "ERV — Numbers 12:12"
      },
      {
        "para_id": "11142.8278",
        "lang": "en",
        "refcode": "WEB — Numbers 12:12"
      },
      {
        "para_id": "11144.8278",
        "lang": "en",
        "refcode": "YLT — Numbers 12:12"
      },
      {
        "para_id": "14336.8278",
        "lang": "en",
        "refcode": "RV1885 — Numbers 12:12"
      },
      {
        "para_id": "11143.8278",
        "lang": "en",
        "refcode": "WBS — Numbers 12:12"
      },
      {
        "para_id": "14420.8278",
        "lang": "en",
        "refcode": "NCV — Numbers 12:12"
      },
      {
        "para_id": "1965.8278",
        "lang": "en",
        "refcode": "KJV — Numbers 12:12"
      },
      {
        "para_id": "14175.8278",
        "lang": "en",
        "refcode": "KJVSD — Numbers 12:12"
      },
      {
        "para_id": "14422.8278",
        "lang": "es",
        "refcode": "RVR — Números 12:12"
      },
      {
        "para_id": "1968.8284",
        "lang": "es",
        "refcode": "RVa — Números 12:12"
      },
      {
        "para_id": "14421.8278",
        "lang": "es",
        "refcode": "NBLA — Números 12:12"
      },
      {
        "para_id": "2021.8278",
        "lang": "fr",
        "refcode": "Fren — Nombres 12:12"
      },
      {
        "para_id": "1966.8278",
        "lang": "it",
        "refcode": "LND — Numeri 12:12"
      },
      {
        "para_id": "1970.8280",
        "lang": "pl",
        "refcode": "PB — 4Mojżeszowa 12:12"
      },
      {
        "para_id": "1971.8278",
        "lang": "pt",
        "refcode": "PCF — Números 12:12"
      },
      {
        "para_id": "1973.8278",
        "lang": "ro",
        "refcode": "NTR — Numeri 12:12"
      },
      {
        "para_id": "11165.8278",
        "lang": "ro",
        "refcode": "RCCV — Numeri 12:12"
      },
      {
        "para_id": "1972.8278",
        "lang": "ru",
        "refcode": "РСП — Числа 12:12"
      },
      {
        "para_id": "14191.8278",
        "lang": "tpi",
        "refcode": "BBTP — Namba 12:12"
      },
      {
        "para_id": "12318.8278",
        "lang": "uk",
        "refcode": "УПО — Числа 12:12"
      },
      {
        "para_id": "1969.8278",
        "lang": "zh",
        "refcode": "CHIUS — 民數記 12:12"
      }
    ]
  },
  {
    "para_id": "11140.8280",
    "id_prev": "11140.8278",
    "id_next": "11140.8282",
    "refcode_1": "DBY",
    "refcode_2": "Numbers",
    "refcode_3": "12",
    "refcode_4": "13",
    "refcode_short": "DBY — Numbers 12:13",
    "refcode_long": "Darby Bible — Numbers 12:13",
    "element_type": "p",
    "element_subtype": "standard-noindent",
    "content": "<strong>13</strong> And Moses cried to Jehovah, saying, O God, heal her, I beseech thee!",
    "puborder": 4207,
    "translations": [
      {
        "para_id": "14207.8280",
        "lang": "bg",
        "refcode": "ББ1940 — Числа 12:13"
      },
      {
        "para_id": "11258.8252",
        "lang": "cs",
        "refcode": "CzeCEP — 4Mojžíšova 12:13"
      },
      {
        "para_id": "1967.8280",
        "lang": "de",
        "refcode": "Lut — 4Mose 12:13"
      },
      {
        "para_id": "11144.8280",
        "lang": "en",
        "refcode": "YLT — Numbers 12:13"
      },
      {
        "para_id": "11145.8280",
        "lang": "en",
        "refcode": "AKJV — Numbers 12:13"
      },
      {
        "para_id": "14336.8280",
        "lang": "en",
        "refcode": "RV1885 — Numbers 12:13"
      },
      {
        "para_id": "11142.8280",
        "lang": "en",
        "refcode": "WEB — Numbers 12:13"
      },
      {
        "para_id": "14334.8280",
        "lang": "en",
        "refcode": "NKJV — Numbers 12:13"
      },
      {
        "para_id": "11143.8280",
        "lang": "en",
        "refcode": "WBS — Numbers 12:13"
      },
      {
        "para_id": "14419.8280",
        "lang": "en",
        "refcode": "ICB — Numbers 12:13"
      },
      {
        "para_id": "14175.8280",
        "lang": "en",
        "refcode": "KJVSD — Numbers 12:13"
      },
      {
        "para_id": "11139.8280",
        "lang": "en",
        "refcode": "ASV — Numbers 12:13"
      },
      {
        "para_id": "14340.8280",
        "lang": "en",
        "refcode": "NIV — Numbers 12:13"
      },
      {
        "para_id": "14125.8280",
        "lang": "en",
        "refcode": "KJRV — Numbers 12:13"
      },
      {
        "para_id": "14420.8280",
        "lang": "en",
        "refcode": "NCV — Numbers 12:13"
      },
      {
        "para_id": "14341.8280",
        "lang": "en",
        "refcode": "NET — Numbers 12:13"
      },
      {
        "para_id": "14330.8280",
        "lang": "en",
        "refcode": "ERV — Numbers 12:13"
      },
      {
        "para_id": "14736.8280",
        "lang": "en",
        "refcode": "NHEB — Numbers 12:13"
      },
      {
        "para_id": "14333.8280",
        "lang": "en",
        "refcode": "ISV — Numbers 12:13"
      },
      {
        "para_id": "1965.8280",
        "lang": "en",
        "refcode": "KJV — Numbers 12:13"
      },
      {
        "para_id": "14421.8280",
        "lang": "es",
        "refcode": "NBLA — Números 12:13"
      },
      {
        "para_id": "1968.8286",
        "lang": "es",
        "refcode": "RVa — Números 12:13"
      },
      {
        "para_id": "14422.8280",
        "lang": "es",
        "refcode": "RVR — Números 12:13"
      },
      {
        "para_id": "2021.8280",
        "lang": "fr",
        "refcode": "Fren — Nombres 12:13"
      },
      {
        "para_id": "1966.8280",
        "lang": "it",
        "refcode": "LND — Numeri 12:13"
      },
      {
        "para_id": "1970.8282",
        "lang": "pl",
        "refcode": "PB — 4Mojżeszowa 12:13"
      },
      {
        "para_id": "1971.8280",
        "lang": "pt",
        "refcode": "PCF — Números 12:13"
      },
      {
        "para_id": "1973.8280",
        "lang": "ro",
        "refcode": "NTR — Numeri 12:13"
      },
      {
        "para_id": "11165.8280",
        "lang": "ro",
        "refcode": "RCCV — Numeri 12:13"
      },
      {
        "para_id": "1972.8280",
        "lang": "ru",
        "refcode": "РСП — Числа 12:13"
      },
      {
        "para_id": "14191.8280",
        "lang": "tpi",
        "refcode": "BBTP — Namba 12:13"
      },
      {
        "para_id": "12318.8280",
        "lang": "uk",
        "refcode": "УПО — Числа 12:13"
      },
      {
        "para_id": "1969.8280",
        "lang": "zh",
        "refcode": "CHIUS — 民數記 12:13"
      }
    ]
  },
  {
    "para_id": "11140.8282",
    "id_prev": "11140.8280",
    "id_next": "11140.8284",
    "refcode_1": "DBY",
    "refcode_2": "Numbers",
    "refcode_3": "12",
    "refcode_4": "14",
    "refcode_short": "DBY — Numbers 12:14",
    "refcode_long": "Darby Bible — Numbers 12:14",
    "element_type": "p",
    "element_subtype": "standard-noindent",
    "content": "<strong>14</strong> And Jehovah said to Moses, But had her father anyways spat in her face, should she not be shamed seven days? She shall be shut outside the camp seven days, and afterwards she shall be received in [again].",
    "puborder": 4208,
    "translations": [
      {
        "para_id": "14207.8282",
        "lang": "bg",
        "refcode": "ББ1940 — Числа 12:14"
      },
      {
        "para_id": "11258.8254",
        "lang": "cs",
        "refcode": "CzeCEP — 4Mojžíšova 12:14"
      },
      {
        "para_id": "1967.8282",
        "lang": "de",
        "refcode": "Lut — 4Mose 12:14"
      },
      {
        "para_id": "14175.8282",
        "lang": "en",
        "refcode": "KJVSD — Numbers 12:14"
      },
      {
        "para_id": "14125.8282",
        "lang": "en",
        "refcode": "KJRV — Numbers 12:14"
      },
      {
        "para_id": "11139.8282",
        "lang": "en",
        "refcode": "ASV — Numbers 12:14"
      },
      {
        "para_id": "14736.8282",
        "lang": "en",
        "refcode": "NHEB — Numbers 12:14"
      },
      {
        "para_id": "11145.8282",
        "lang": "en",
        "refcode": "AKJV — Numbers 12:14"
      },
      {
        "para_id": "14340.8282",
        "lang": "en",
        "refcode": "NIV — Numbers 12:14"
      },
      {
        "para_id": "11142.8282",
        "lang": "en",
        "refcode": "WEB — Numbers 12:14"
      },
      {
        "para_id": "14420.8282",
        "lang": "en",
        "refcode": "NCV — Numbers 12:14"
      },
      {
        "para_id": "14419.8282",
        "lang": "en",
        "refcode": "ICB — Numbers 12:14"
      },
      {
        "para_id": "14334.8282",
        "lang": "en",
        "refcode": "NKJV — Numbers 12:14"
      },
      {
        "para_id": "11143.8282",
        "lang": "en",
        "refcode": "WBS — Numbers 12:14"
      },
      {
        "para_id": "14333.8282",
        "lang": "en",
        "refcode": "ISV — Numbers 12:14"
      },
      {
        "para_id": "11144.8282",
        "lang": "en",
        "refcode": "YLT — Numbers 12:14"
      },
      {
        "para_id": "14330.8282",
        "lang": "en",
        "refcode": "ERV — Numbers 12:14"
      },
      {
        "para_id": "14336.8282",
        "lang": "en",
        "refcode": "RV1885 — Numbers 12:14"
      },
      {
        "para_id": "14341.8282",
        "lang": "en",
        "refcode": "NET — Numbers 12:14"
      },
      {
        "para_id": "1965.8282",
        "lang": "en",
        "refcode": "KJV — Numbers 12:14"
      },
      {
        "para_id": "14422.8282",
        "lang": "es",
        "refcode": "RVR — Números 12:14"
      },
      {
        "para_id": "1968.8288",
        "lang": "es",
        "refcode": "RVa — Números 12:14"
      },
      {
        "para_id": "14421.8282",
        "lang": "es",
        "refcode": "NBLA — Números 12:14"
      },
      {
        "para_id": "2021.8282",
        "lang": "fr",
        "refcode": "Fren — Nombres 12:14"
      },
      {
        "para_id": "1966.8282",
        "lang": "it",
        "refcode": "LND — Numeri 12:14"
      },
      {
        "para_id": "1970.8284",
        "lang": "pl",
        "refcode": "PB — 4Mojżeszowa 12:14"
      },
      {
        "para_id": "1971.8282",
        "lang": "pt",
        "refcode": "PCF — Números 12:14"
      },
      {
        "para_id": "11165.8282",
        "lang": "ro",
        "refcode": "RCCV — Numeri 12:14"
      },
      {
        "para_id": "1973.8282",
        "lang": "ro",
        "refcode": "NTR — Numeri 12:14"
      },
      {
        "para_id": "1972.8282",
        "lang": "ru",
        "refcode": "РСП — Числа 12:14"
      },
      {
        "para_id": "14191.8282",
        "lang": "tpi",
        "refcode": "BBTP — Namba 12:14"
      },
      {
        "para_id": "12318.8282",
        "lang": "uk",
        "refcode": "УПО — Числа 12:14"
      },
      {
        "para_id": "1969.8282",
        "lang": "zh",
        "refcode": "CHIUS — 民數記 12:14"
      }
    ]
  },
  {
    "para_id": "11140.8284",
    "id_prev": "11140.8282",
    "id_next": "11140.8286",
    "refcode_1": "DBY",
    "refcode_2": "Numbers",
    "refcode_3": "12",
    "refcode_4": "15",
    "refcode_short": "DBY — Numbers 12:15",
    "refcode_long": "Darby Bible — Numbers 12:15",
    "element_type": "p",
    "element_subtype": "standard-noindent",
    "content": "<strong>15</strong> And Miriam was shut outside the camp seven days; and the people did not journey till Miriam was received in [again].",
    "puborder": 4209,
    "translations": [
      {
        "para_id": "14207.8284",
        "lang": "bg",
        "refcode": "ББ1940 — Числа 12:15"
      },
      {
        "para_id": "11258.8256",
        "lang": "cs",
        "refcode": "CzeCEP — 4Mojžíšova 12:15"
      },
      {
        "para_id": "1967.8284",
        "lang": "de",
        "refcode": "Lut — 4Mose 12:15"
      },
      {
        "para_id": "11139.8284",
        "lang": "en",
        "refcode": "ASV — Numbers 12:15"
      },
      {
        "para_id": "11144.8284",
        "lang": "en",
        "refcode": "YLT — Numbers 12:15"
      },
      {
        "para_id": "14736.8284",
        "lang": "en",
        "refcode": "NHEB — Numbers 12:15"
      },
      {
        "para_id": "14420.8284",
        "lang": "en",
        "refcode": "NCV — Numbers 12:15"
      },
      {
        "para_id": "14419.8284",
        "lang": "en",
        "refcode": "ICB — Numbers 12:15"
      },
      {
        "para_id": "14340.8284",
        "lang": "en",
        "refcode": "NIV — Numbers 12:15"
      },
      {
        "para_id": "11142.8284",
        "lang": "en",
        "refcode": "WEB — Numbers 12:15"
      },
      {
        "para_id": "14341.8284",
        "lang": "en",
        "refcode": "NET — Numbers 12:15"
      },
      {
        "para_id": "14330.8284",
        "lang": "en",
        "refcode": "ERV — Numbers 12:15"
      },
      {
        "para_id": "1965.8284",
        "lang": "en",
        "refcode": "KJV — Numbers 12:15"
      },
      {
        "para_id": "11143.8284",
        "lang": "en",
        "refcode": "WBS — Numbers 12:15"
      },
      {
        "para_id": "14333.8284",
        "lang": "en",
        "refcode": "ISV — Numbers 12:15"
      },
      {
        "para_id": "14125.8284",
        "lang": "en",
        "refcode": "KJRV — Numbers 12:15"
      },
      {
        "para_id": "14175.8284",
        "lang": "en",
        "refcode": "KJVSD — Numbers 12:15"
      },
      {
        "para_id": "11145.8284",
        "lang": "en",
        "refcode": "AKJV — Numbers 12:15"
      },
      {
        "para_id": "14334.8284",
        "lang": "en",
        "refcode": "NKJV — Numbers 12:15"
      },
      {
        "para_id": "14336.8284",
        "lang": "en",
        "refcode": "RV1885 — Numbers 12:15"
      },
      {
        "para_id": "14421.8284",
        "lang": "es",
        "refcode": "NBLA — Números 12:15"
      },
      {
        "para_id": "1968.8290",
        "lang": "es",
        "refcode": "RVa — Números 12:15"
      },
      {
        "para_id": "14422.8284",
        "lang": "es",
        "refcode": "RVR — Números 12:15"
      },
      {
        "para_id": "2021.8284",
        "lang": "fr",
        "refcode": "Fren — Nombres 12:15"
      },
      {
        "para_id": "1966.8284",
        "lang": "it",
        "refcode": "LND — Numeri 12:15"
      },
      {
        "para_id": "1970.8286",
        "lang": "pl",
        "refcode": "PB — 4Mojżeszowa 12:15"
      },
      {
        "para_id": "1971.8284",
        "lang": "pt",
        "refcode": "PCF — Números 12:15"
      },
      {
        "para_id": "11165.8284",
        "lang": "ro",
        "refcode": "RCCV — Numeri 12:15"
      },
      {
        "para_id": "1973.8284",
        "lang": "ro",
        "refcode": "NTR — Numeri 12:15"
      },
      {
        "para_id": "1972.8284",
        "lang": "ru",
        "refcode": "РСП — Числа 12:15"
      },
      {
        "para_id": "14191.8284",
        "lang": "tpi",
        "refcode": "BBTP — Namba 12:15"
      },
      {
        "para_id": "12318.8284",
        "lang": "uk",
        "refcode": "УПО — Числа 12:15"
      },
      {
        "para_id": "1969.8284",
        "lang": "zh",
        "refcode": "CHIUS — 民數記 12:15"
      }
    ]
  },
  {
    "para_id": "11140.8286",
    "id_prev": "11140.8284",
    "id_next": "11140.8287",
    "refcode_1": "DBY",
    "refcode_2": "Numbers",
    "refcode_3": "12",
    "refcode_4": "16",
    "refcode_short": "DBY — Numbers 12:16",
    "refcode_long": "Darby Bible — Numbers 12:16",
    "element_type": "p",
    "element_subtype": "standard-noindent",
    "content": "<strong>16</strong> And afterwards the people journeyed from Hazeroth, and encamped in the wilderness of Paran.",
    "puborder": 4210,
    "translations": [
      {
        "para_id": "14207.8286",
        "lang": "bg",
        "refcode": "ББ1940 — Числа 12:16"
      },
      {
        "para_id": "11258.8258",
        "lang": "cs",
        "refcode": "CzeCEP — 4Mojžíšova 12:16"
      },
      {
        "para_id": "1967.8286",
        "lang": "de",
        "refcode": "Lut — 4Mose 12:16"
      },
      {
        "para_id": "11144.8286",
        "lang": "en",
        "refcode": "YLT — Numbers 12:16"
      },
      {
        "para_id": "11142.8286",
        "lang": "en",
        "refcode": "WEB — Numbers 12:16"
      },
      {
        "para_id": "14736.8286",
        "lang": "en",
        "refcode": "NHEB — Numbers 12:16"
      },
      {
        "para_id": "14420.8286",
        "lang": "en",
        "refcode": "NCV — Numbers 12:16"
      },
      {
        "para_id": "14419.8286",
        "lang": "en",
        "refcode": "ICB — Numbers 12:16"
      },
      {
        "para_id": "14334.8286",
        "lang": "en",
        "refcode": "NKJV — Numbers 12:16"
      },
      {
        "para_id": "14336.8286",
        "lang": "en",
        "refcode": "RV1885 — Numbers 12:16"
      },
      {
        "para_id": "11143.8286",
        "lang": "en",
        "refcode": "WBS — Numbers 12:16"
      },
      {
        "para_id": "14125.8286",
        "lang": "en",
        "refcode": "KJRV — Numbers 12:16"
      },
      {
        "para_id": "11145.8286",
        "lang": "en",
        "refcode": "AKJV — Numbers 12:16"
      },
      {
        "para_id": "11139.8286",
        "lang": "en",
        "refcode": "ASV — Numbers 12:16"
      },
      {
        "para_id": "14333.8286",
        "lang": "en",
        "refcode": "ISV — Numbers 12:16"
      },
      {
        "para_id": "14341.8286",
        "lang": "en",
        "refcode": "NET — Numbers 12:16"
      },
      {
        "para_id": "14330.8286",
        "lang": "en",
        "refcode": "ERV — Numbers 12:16"
      },
      {
        "para_id": "14175.8286",
        "lang": "en",
        "refcode": "KJVSD — Numbers 12:16"
      },
      {
        "para_id": "14340.8286",
        "lang": "en",
        "refcode": "NIV — Numbers 12:16"
      },
      {
        "para_id": "1965.8286",
        "lang": "en",
        "refcode": "KJV — Numbers 12:16"
      },
      {
        "para_id": "1968.8292",
        "lang": "es",
        "refcode": "RVa — Números 12:16"
      },
      {
        "para_id": "14422.8286",
        "lang": "es",
        "refcode": "RVR — Números 12:16"
      },
      {
        "para_id": "14421.8286",
        "lang": "es",
        "refcode": "NBLA — Números 12:16"
      },
      {
        "para_id": "2021.8286",
        "lang": "fr",
        "refcode": "Fren — Nombres 12:16"
      },
      {
        "para_id": "1966.8286",
        "lang": "it",
        "refcode": "LND — Numeri 12:16"
      },
      {
        "para_id": "1970.8288",
        "lang": "pl",
        "refcode": "PB — 4Mojżeszowa 12:16"
      },
      {
        "para_id": "1971.8286",
        "lang": "pt",
        "refcode": "PCF — Números 12:16"
      },
      {
        "para_id": "11165.8286",
        "lang": "ro",
        "refcode": "RCCV — Numeri 12:16"
      },
      {
        "para_id": "1973.8286",
        "lang": "ro",
        "refcode": "NTR — Numeri 12:16"
      },
      {
        "para_id": "14191.8286",
        "lang": "tpi",
        "refcode": "BBTP — Namba 12:16"
      },
      {
        "para_id": "12318.8286",
        "lang": "uk",
        "refcode": "УПО — Числа 12:16"
      },
      {
        "para_id": "1969.8286",
        "lang": "zh",
        "refcode": "CHIUS — 民數記 12:16"
      }
    ]
  }
]