[
  {
    "para_id": "1047.13",
    "id_prev": "1047.12",
    "id_next": "1047.14",
    "refcode_1": "ASLD",
    "refcode_2": "7",
    "refcode_3": "",
    "refcode_4": "",
    "refcode_short": "ASLD 7",
    "refcode_long": "The “Abiding Sabbath” and the “Lord’s Day”, p. 7 (Alonzo Trevier Jones)",
    "element_type": "h2",
    "element_subtype": "",
    "content": "THE ABIDING SABBATH",
    "puborder": 7,
    "translations": []
  },
  {
    "para_id": "1047.14",
    "id_prev": "1047.13",
    "id_next": "1047.15",
    "refcode_1": "ASLD",
    "refcode_2": "7",
    "refcode_3": "",
    "refcode_4": "",
    "refcode_short": "ASLD 7",
    "refcode_long": "The “Abiding Sabbath” and the “Lord’s Day”, p. 7 (Alonzo Trevier Jones)",
    "element_type": "h3",
    "element_subtype": "",
    "content": "CHAPTER I. INSTITUTION OF THE SABBATH",
    "puborder": 8,
    "translations": []
  },
  {
    "para_id": "1047.15",
    "id_prev": "1047.14",
    "id_next": "1047.18",
    "refcode_1": "ASLD",
    "refcode_2": "7",
    "refcode_3": "1",
    "refcode_4": "",
    "refcode_short": "ASLD 7.1",
    "refcode_long": "The “Abiding Sabbath” and the “Lord’s Day”, p. 7.1 (Alonzo Trevier Jones)",
    "element_type": "p",
    "element_subtype": "standard-indented",
    "content": "The late Hon. Richard Fletcher, of Boston, Mass., by his last will, established in charge of the trustees of Dartmouth College, &ldquo;a fund from the income of which they were to offer, once in two years, a prize of $500 for the essay best adapted&rdquo; to counteract &ldquo;the numerous and powerful influences constantly active in drawing professed Christians into fatal conformity with the world, both in spirit and practice.&rdquo; The fifth time of offering the prize fell in 1883. Accordingly the trustees of the fund and of Dartmouth College selected as the &ldquo;specific theme&rdquo; of the desired essay, &ldquo;The Perpetual Obligation of the Lord&rsquo;s Day,&rdquo; and offered the five-hundred-dollar prize for the best. The committee of award was composed of the following gentlemen: &ldquo;Prof. William Thompson, D. D., Prof. Llewellyn Pratt, D. D., and Rev. George M. Stone, D. D., all of Hartford, Conn.&rdquo; This committee, &ldquo;after a careful and thorough examination,&rdquo; awarded the prize to an essay which proved to have <span class=\"page-break\" data-page=\"8\"></span> been written by the Rev. George Elliott, of West Union, Iowa. The essay, entitled &ldquo;The Abiding Sabbath,&rdquo; appeared in 1884, and was issued from the press of the American Tract Society in the winter of 1884-85, in the form of a book of two hundred and eighty pages.",
    "puborder": 9,
    "translations": []
  },
  {
    "para_id": "1047.18",
    "id_prev": "1047.15",
    "id_next": "1047.20",
    "refcode_1": "ASLD",
    "refcode_2": "8",
    "refcode_3": "1",
    "refcode_4": "",
    "refcode_short": "ASLD 8.1",
    "refcode_long": "The “Abiding Sabbath” and the “Lord’s Day”, p. 8.1 (Alonzo Trevier Jones)",
    "element_type": "p",
    "element_subtype": "standard-indented",
    "content": "There is no use in disputing the fact that the Sunday question is fast becoming the leading question of the day. Large conventions of ministers are held solely to secure its enforced observance by the civil power; the W. C. T. U. works it up all over the United States; Prohibition Conventions put it in their platforms; Legislatures, both State and National, from beginning to end of their sessions are petitioned for the enactment of stringent laws in its behalf; the religious papers of the country lift up one united cry that it must and shall be preserved; political conventions are &ldquo;worked&rdquo; and Legislatures are &ldquo;lobbied&rdquo; in the interests of the Sunday; Knights of Labor, working-men&rsquo;s unions, and Socialists call loudly for laws enforcing its observance; and colleges and religious publication societies offer large prize essays for arguments to sustain it. All these things are significant and worthy of attention. &ldquo;The Abiding Sabbath&rdquo; being one of the latest as well as one of the most authoritative discussions of the question as to why Sunday should be kept, we ask the attention of the reader while we examine the main points of the argument.",
    "puborder": 10,
    "translations": []
  },
  {
    "para_id": "1047.20",
    "id_prev": "1047.18",
    "id_next": "1047.21",
    "refcode_1": "ASLD",
    "refcode_2": "9",
    "refcode_3": "1",
    "refcode_4": "",
    "refcode_short": "ASLD 9.1",
    "refcode_long": "The “Abiding Sabbath” and the “Lord’s Day”, p. 9.1 (Alonzo Trevier Jones)",
    "element_type": "p",
    "element_subtype": "standard-indented",
    "content": "The book is divided into three parts,&mdash;&ldquo;Sabbath of Nature,&rdquo; &ldquo;Sabbath of the Law,&rdquo; and &ldquo;Sabbath of Redemption.&rdquo; We shall quote quite largely from the first two parts, and that without argument, there being in fact no room for argument between us, because the author of &ldquo;The Abiding Sabbath,&rdquo; in these two parts, proves to perfection the perpetual obligation of the seventh day as the Sabbath, and that is exactly what we believe. We ask our readers to study carefully his argument on the &ldquo;Sabbath of Nature&rdquo; and the &ldquo;Sabbath of the Law,&rdquo; which we quote, (1) because it is excellent reading, and (2) because we want them to see clearly, by what curious freaks of logic it is, that after absolutely demonstrating the perpetual obligation of the seventh day, another day entirely is to be observed. He says most truly:&mdash;",
    "puborder": 11,
    "translations": []
  },
  {
    "para_id": "1047.21",
    "id_prev": "1047.20",
    "id_next": "1047.22",
    "refcode_1": "ASLD",
    "refcode_2": "9",
    "refcode_3": "2",
    "refcode_4": "",
    "refcode_short": "ASLD 9.2",
    "refcode_long": "The “Abiding Sabbath” and the “Lord’s Day”, p. 9.2 (Alonzo Trevier Jones)",
    "element_type": "p",
    "element_subtype": "standard-indented",
    "content": "&ldquo;The Sabbath is an institution as old as the completion of the world.... It shares with marriage the glory of being the sole relics saved to the fallen race from their lost paradise. One is the foundation of the family, and consequently of the State; the other is equally necessary to worship and the church. These two fair and fragrant roses man bore with him from the blighted bliss of Eden.",
    "puborder": 12,
    "translations": []
  },
  {
    "para_id": "1047.22",
    "id_prev": "1047.21",
    "id_next": "1047.25",
    "refcode_1": "ASLD",
    "refcode_2": "9",
    "refcode_3": "3",
    "refcode_4": "",
    "refcode_short": "ASLD 9.3",
    "refcode_long": "The “Abiding Sabbath” and the “Lord’s Day”, p. 9.3 (Alonzo Trevier Jones)",
    "element_type": "p",
    "element_subtype": "standard-indented",
    "content": "&ldquo;It is not, however, the mere fact of age that lends sacredness to these institutions; for years alone cannot give consecration or compel regard to anything which does not possess in itself some inherent sanctity and dignity. It is in the circumstances of its first institution, and in its essential character, that we must hope <span class=\"page-break\" data-page=\"10\"></span> to discover the necessity and holiness of the Sabbath day.",
    "puborder": 13,
    "translations": []
  },
  {
    "para_id": "1047.25",
    "id_prev": "1047.22",
    "id_next": "1047.26",
    "refcode_1": "ASLD",
    "refcode_2": "10",
    "refcode_3": "1",
    "refcode_4": "",
    "refcode_short": "ASLD 10.1",
    "refcode_long": "The “Abiding Sabbath” and the “Lord’s Day”, p. 10.1 (Alonzo Trevier Jones)",
    "element_type": "p",
    "element_subtype": "standard-indented",
    "content": "&ldquo;&lsquo;God blessed the seventh day and sanctified it, because that in it he had rested from all his work which God created and made.&rsquo; <span class=\"egwlink egwlink_bible\" title=\"Genesis 2:3\" data-link=\"1965.72\">Genesis 2:3</span>. Such is the sublimely simple statement which forms the last strain of that magnificent hymn of creation which is our only glimpse into the beginning of things. It is surely consistent with sound common sense and sound interpretation to see in these words much more than a mere anticipation of the theocratic Sabbath of Israel. It seems absurd to express in words what some have implied in their reasonings on this passage: &lsquo;God rested on the seventh day; therefore 2,500 years afterwards he blessed and sanctified it.&rsquo; The same form of language is used to describe what took place on the seventh day as in relating what took place in the six preceding days.",
    "puborder": 14,
    "translations": []
  },
  {
    "para_id": "1047.26",
    "id_prev": "1047.25",
    "id_next": "1047.29",
    "refcode_1": "ASLD",
    "refcode_2": "10",
    "refcode_3": "2",
    "refcode_4": "",
    "refcode_short": "ASLD 10.2",
    "refcode_long": "The “Abiding Sabbath” and the “Lord’s Day”, p. 10.2 (Alonzo Trevier Jones)",
    "element_type": "p",
    "element_subtype": "standard-indented",
    "content": "&ldquo;It is certain that a first reading of this passage conveys to the mind the idea that the sanctification of the Sabbath as a day of rest took place at the very close of the creative week. That such was the case would probably never have been denied, if the denial had not been necessary to support a peculiar view. Doubt in regard to this proleptic interpretation is sustained by the recent discovery of mention of a day of rest in the Assyrian account of creation, which is believed to antedate Moses by nearly six hundred years, and the further discovery of the actual observance of a Sabbath in Babylonia long before the time of <span class=\"page-break\" data-page=\"11\"></span> the Mosaic institution. Is not God saving his facts, in Egyptian tombs, on Assyrian bricks, and in all historic remains everywhere, that, at every crisis of his truth, when even the mouths of believers are silenced by the tumult of doubt, the very &lsquo;stones&rsquo; may &lsquo;cry out&rsquo;? ...",
    "puborder": 15,
    "translations": []
  },
  {
    "para_id": "1047.29",
    "id_prev": "1047.26",
    "id_next": "1047.30",
    "refcode_1": "ASLD",
    "refcode_2": "11",
    "refcode_3": "1",
    "refcode_4": "",
    "refcode_short": "ASLD 11.1",
    "refcode_long": "The “Abiding Sabbath” and the “Lord’s Day”, p. 11.1 (Alonzo Trevier Jones)",
    "element_type": "p",
    "element_subtype": "standard-indented",
    "content": "&ldquo;A special authority attaches itself to the primitive revelation. Whatever critical opinions may assert concerning the early history of the world, to the Christian the testimony of Jesus Christ remains in force to the high obligation of the Edenic law. In reproving the corruptions of the marriage relation which had arisen under the Mosaic code, he reverts to the primitive law: &lsquo;From the beginning it was not so.&rsquo; That is to say, the law of the beginning is supreme. Whatever institutions were given to man then were given for all time. There is given thus to marriage, and to its related institution, the Sabbath, a permanent character and authority which transcend the Hebrew legislation in their universal and binding force. Those elements of truth which were given to the infant race, are the possession of humanity, and not of the Jew alone; they are the alphabet of all the growing knowledge of man, not to be forgotten as the world grows old, but to be borne with him in all his wanderings, to last through all changes, and be his guide up those rugged steeps by which he must climb to the lofty summits of his nobler destiny.",
    "puborder": 16,
    "translations": []
  },
  {
    "para_id": "1047.30",
    "id_prev": "1047.29",
    "id_next": "1047.33",
    "refcode_1": "ASLD",
    "refcode_2": "11",
    "refcode_3": "2",
    "refcode_4": "",
    "refcode_short": "ASLD 11.2",
    "refcode_long": "The “Abiding Sabbath” and the “Lord’s Day”, p. 11.2 (Alonzo Trevier Jones)",
    "element_type": "p",
    "element_subtype": "standard-indented",
    "content": "&ldquo;Not to a single race, but to man; not to man alone, but to the whole creation; not to the created <span class=\"page-break\" data-page=\"12\"></span> things alone, but to the Creator himself, came the benediction of the first Sabbath. Its significance extends beyond the narrow limits of Judaism, to all races, and perhaps to all worlds. It is a law spoken not simply through the lawgiver of a chosen people, but declared in the presence of a finished heaven and earth. The declaration in Genesis furnishes the best commentary on the saying of Jesus: &lsquo;The Sabbath was made for man.&rsquo; For man, universal humanity, it was given with its benediction.",
    "puborder": 17,
    "translations": []
  },
  {
    "para_id": "1047.33",
    "id_prev": "1047.30",
    "id_next": "1047.35",
    "refcode_1": "ASLD",
    "refcode_2": "12",
    "refcode_3": "1",
    "refcode_4": "",
    "refcode_short": "ASLD 12.1",
    "refcode_long": "The “Abiding Sabbath” and the “Lord’s Day”, p. 12.1 (Alonzo Trevier Jones)",
    "element_type": "p",
    "element_subtype": "standard-indented",
    "content": "&ldquo;The reason of the institution of the Sabbath is one which possesses an unchanging interest and importance to all mankind. The theme of the creation is not peculiar to Israel, nor is worship of the Creator confined to the children of Abraham. The primary article of every religious creed, and the foundation of all true religion, is faith in one God as the Maker of all things. Against atheism, which denies the existence of a personal God; against materialism, which denies that this visible universe has its roots in the unseen; and against secularism, which denies the need of worship, the Sabbath is therefore an eternal witness. It symbolically commemorates that creative power which spoke all things into being, the wisdom which ordered their adaptations and harmony, and the love which made, as well as pronounced, all &lsquo;very good.&rsquo; It is set as the perpetual guardian of man against that spiritual infirmity which has everywhere led him to a denial of the God who made him, or to the degradation of that God into a creature made with his own hands.&rdquo;",
    "puborder": 18,
    "translations": []
  },
  {
    "para_id": "1047.35",
    "id_prev": "1047.33",
    "id_next": "1047.36",
    "refcode_1": "ASLD",
    "refcode_2": "13",
    "refcode_3": "1",
    "refcode_4": "",
    "refcode_short": "ASLD 13.1",
    "refcode_long": "The “Abiding Sabbath” and the “Lord’s Day”, p. 13.1 (Alonzo Trevier Jones)",
    "element_type": "p",
    "element_subtype": "standard-indented",
    "content": "Further he says:&mdash;",
    "puborder": 19,
    "translations": []
  },
  {
    "para_id": "1047.36",
    "id_prev": "1047.35",
    "id_next": "1047.37",
    "refcode_1": "ASLD",
    "refcode_2": "13",
    "refcode_3": "2",
    "refcode_4": "",
    "refcode_short": "ASLD 13.2",
    "refcode_long": "The “Abiding Sabbath” and the “Lord’s Day”, p. 13.2 (Alonzo Trevier Jones)",
    "element_type": "p",
    "element_subtype": "standard-indented",
    "content": "&ldquo;While the reason remains, the law remains. The reason of the Sabbath is to be found in the fact of creation; it is God&rsquo;s one monument set in human history to that great event; and so long as the truth of creation and the knowledge of a Creator have any value to human thought, any authority over the human conscience, or make any appeal to human affections, so long the law and the institution of the Sabbath will abide with lasting instruction and undiminished obligation.",
    "puborder": 20,
    "translations": []
  },
  {
    "para_id": "1047.37",
    "id_prev": "1047.36",
    "id_next": "1047.40",
    "refcode_1": "ASLD",
    "refcode_2": "13",
    "refcode_3": "3",
    "refcode_4": "",
    "refcode_short": "ASLD 13.3",
    "refcode_long": "The “Abiding Sabbath” and the “Lord’s Day”, p. 13.3 (Alonzo Trevier Jones)",
    "element_type": "p",
    "element_subtype": "standard-indented",
    "content": "&ldquo;God &lsquo;rested the seventh day from all his work which he had made.&rsquo; Such is the record, declared in the beginning, embodied in the decalogue, and confirmed by the epistle to the Hebrews. It is a statement not to be easily understood at the first glance &lsquo;Hast thou not known? hast thou not heard, that the everlasting God, the Lord, the Creator of the ends of the earth, fainteth not, neither is weary?&rsquo; <span class=\"egwlink egwlink_bible\" title=\"Isaiah 40:28\" data-link=\"1965.37641\">Isaiah 40:28</span>. If he is never weary how can we say of him that he rests? ...God is a Spirit, and the only rest which he can know is that supreme repose which only the Spirit can know&mdash;in the fulfillment of his purpose and the completeness as well as completion of his work. Just as, in the solemn pauses between the creative days, he pronounced his creatures &lsquo;very good,&rsquo; so did he rejoice over the finishing of his work, resting in the perfect satisfaction of an accomplished plan; not to restore his wasted energy, as man rests, but to signify that in the coming of man the creative idea has found <span class=\"page-break\" data-page=\"14\"></span> its consummation and crown. Such is the rest possible to a purely spiritual nature&mdash;the rest of a completed work....",
    "puborder": 21,
    "translations": []
  },
  {
    "para_id": "1047.40",
    "id_prev": "1047.37",
    "id_next": "1047.43",
    "refcode_1": "ASLD",
    "refcode_2": "14",
    "refcode_3": "1",
    "refcode_4": "",
    "refcode_short": "ASLD 14.1",
    "refcode_long": "The “Abiding Sabbath” and the “Lord’s Day”, p. 14.1 (Alonzo Trevier Jones)",
    "element_type": "p",
    "element_subtype": "standard-indented",
    "content": "&ldquo;There is a still deeper sense in which the example of Deity reveals this obligation. Suppose the question to be asked, How can we know that any precept is moral in its meaning and authority, and not simply a positive and arbitrary command? What better answer could be given to this inquiry than to say that a moral precept must have the ground of its existence in the nature of God? Our highest conception of the moral law is to regard it as the transcript of his nature.... No more perfect vindication of the moral character of a law can be given than to show that it is a rule of the divine conduct; that it has been imposed upon his own activity by that infinite Will which is the supreme authority both in the physical and moral government of the universe. That law to which the Creator submits his own being must be of absolute binding force upon every creature made in his image. Such is the law of the Sabbath. &lsquo;God rested the seventh day,&rsquo; and by so doing has given to the law of the Sabbath the highest and strongest sanction possible even to Deity. In no conceivable way could the Almighty so perfectly and with such unchallengeable authority declare, not simply his will in a positive institution, but the essentially moral character of the precept, as by revealing his own self-subjection to the rule which he imposes on his creatures.... Its obligation is addressed, not to man&rsquo;s physical <span class=\"page-break\" data-page=\"15\"></span> nature alone, but to man as a spiritual being, made in the image of God; it is laid, not only on his bodily powers and natural understanding, but upon his moral reason as right, and upon his conscience as duty. It is therefore bounded by no limits of time, place, or circumstance, but is of universal and perpetual authority.&rdquo;",
    "puborder": 22,
    "translations": []
  },
  {
    "para_id": "1047.43",
    "id_prev": "1047.40",
    "id_next": "1047.44",
    "refcode_1": "ASLD",
    "refcode_2": "15",
    "refcode_3": "1",
    "refcode_4": "",
    "refcode_short": "ASLD 15.1",
    "refcode_long": "The “Abiding Sabbath” and the “Lord’s Day”, p. 15.1 (Alonzo Trevier Jones)",
    "element_type": "p",
    "element_subtype": "standard-indented",
    "content": "Then he closes Chapter I of his book with the following most just conclusion:&mdash;",
    "puborder": 23,
    "translations": []
  },
  {
    "para_id": "1047.44",
    "id_prev": "1047.43",
    "id_next": "1047.45",
    "refcode_1": "ASLD",
    "refcode_2": "15",
    "refcode_3": "2",
    "refcode_4": "",
    "refcode_short": "ASLD 15.2",
    "refcode_long": "The “Abiding Sabbath” and the “Lord’s Day”, p. 15.2 (Alonzo Trevier Jones)",
    "element_type": "p",
    "element_subtype": "standard-indented",
    "content": "&ldquo;The Sabbath is therefore shown to be given in the beginning to all men; to have the lofty sanction of the example of God; to be rooted in the eternal world; to be the witness of the most important truths possible for man to know; to be a blessing to man&rsquo;s nature; to inclose a duty of worship to God. By all these revealings which are given by the institution at its first ordainment, we are justified in believing that it has a moral meaning within it, and imposes upon all races and generations of men an unchanging and unrelaxed obligation of dutiful observance.&rdquo;",
    "puborder": 24,
    "translations": []
  },
  {
    "para_id": "1047.45",
    "id_prev": "1047.44",
    "id_next": "1047.47",
    "refcode_1": "ASLD",
    "refcode_2": "15",
    "refcode_3": "3",
    "refcode_4": "",
    "refcode_short": "ASLD 15.3",
    "refcode_long": "The “Abiding Sabbath” and the “Lord’s Day”, p. 15.3 (Alonzo Trevier Jones)",
    "element_type": "p",
    "element_subtype": "standard-indented",
    "content": "We have quoted more than half of the whole first chapter; but we have no apology to make. We honestly thank Mr. Elliott that he has given us so masterly a demonstration of the perpetual and universal obligation of the seventh day as the Sabbath of the Lord. Again we ask the reader to study it carefully; for it is a vindication of principles that are eternal, and that no ingenuity of man can undermine.",
    "puborder": 25,
    "translations": []
  }
]