{
  "book_id": 663,
  "code": "EGWW",
  "lang": "en",
  "type": "book",
  "subtype": "",
  "title": "The Ellen G. White Writings",
  "first_para": "663.2",
  "author": "Arthur Lacey White",
  "description": "Arthur White, was for many years secretary of the Ellen G. White Estate. He was also the grandson of Ellen White. This book exists to pass onto the readers his intimate knowledge of the operation of inspiration and the writing of the prophetic message as seen in the experience of Ellen G. White.",
  "npages": 0,
  "isbn": null,
  "publisher": "",
  "pub_year": "1973",
  "buy_link": null,
  "folder_id": 13,
  "cover": {
    "small": "/covers/663_s.jpg",
    "large": "/covers/663_r.jpg"
  },
  "files": {
    "mp3": "/mp3/663/en_EGWW.zip",
    "pdf": "/pdf/en_EGWW.pdf",
    "epub": "/epub/en_EGWW.epub",
    "mobi": "/mobi/en_EGWW.mobi"
  },
  "permission_required": "public",
  "sort": 242000010,
  "is_audiobook": true,
  "cite": "White, A. L. (1973) The Ellen G. White Writings. ",
  "translated_into": []
}