[
  {
    "para_id": "14068.8722001",
    "id_prev": "14068.8197061",
    "id_next": "14068.8722005",
    "refcode_1": "18LtMs",
    "refcode_2": "1",
    "refcode_3": "",
    "refcode_4": "1903112801",
    "refcode_short": "18LtMs, Ms 128a, 1903",
    "refcode_long": "Letters and Manuscripts — Volume 18 (1903), Ms 128a, 1903",
    "element_type": "h4",
    "element_subtype": "",
    "content": "Ms 128a, 1903",
    "puborder": 10503,
    "translations": []
  },
  {
    "para_id": "14068.8722005",
    "id_prev": "14068.8722001",
    "id_next": "14068.8722002",
    "refcode_1": "18LtMs",
    "refcode_2": "1",
    "refcode_3": "",
    "refcode_4": "1903112801",
    "refcode_short": "",
    "refcode_long": "",
    "element_type": "p",
    "element_subtype": "mstitle",
    "content": "Wrongdoing to be Condemned; Righteousness to be Exalted",
    "puborder": 10504,
    "translations": []
  },
  {
    "para_id": "14068.8722002",
    "id_prev": "14068.8722005",
    "id_next": "14068.8722003",
    "refcode_1": "18LtMs",
    "refcode_2": "1",
    "refcode_3": "",
    "refcode_4": "1903112801",
    "refcode_short": "",
    "refcode_long": "",
    "element_type": "p",
    "element_subtype": "msplace",
    "content": "<span class=\"msplace\" value=\"NP\">NP</span>",
    "puborder": 10505,
    "translations": []
  },
  {
    "para_id": "14068.8722003",
    "id_prev": "14068.8722002",
    "id_next": "14068.8722006",
    "refcode_1": "18LtMs",
    "refcode_2": "1",
    "refcode_3": "",
    "refcode_4": "1903112801",
    "refcode_short": "",
    "refcode_long": "",
    "element_type": "p",
    "element_subtype": "msdate",
    "content": "<span class=\"msdate\" start=\"October 4, 1903\">October 4, 1903</span> [typed]",
    "puborder": 10506,
    "translations": []
  },
  {
    "para_id": "14068.8722006",
    "id_prev": "14068.8722003",
    "id_next": "14068.8722008",
    "refcode_1": "18LtMs",
    "refcode_2": "1",
    "refcode_3": "",
    "refcode_4": "1903112801",
    "refcode_short": "",
    "refcode_long": "",
    "element_type": "p",
    "element_subtype": "mspubinfo",
    "content": "Variant of <span class=\"egwlink egwlink_book\" title=\"Ms 128, 1903\" data-link=\"14068.8197001\">Ms 128, 1903</span>, which is published in entirety in <span class=\"egwlink egwlink_book\" title=\"16MR 1\" data-link=\"65.2\">16MR 1-14</span>.",
    "puborder": 10507,
    "translations": []
  },
  {
    "para_id": "14068.8722008",
    "id_prev": "14068.8722006",
    "id_next": "14068.8722009",
    "refcode_1": "18LtMs",
    "refcode_2": "1",
    "refcode_3": "7524",
    "refcode_4": "1903112801",
    "refcode_short": "18LtMs, Ms 128a, 1903, par. 1",
    "refcode_long": "Letters and Manuscripts — Volume 18 (1903), Ms 128a, 1903, par. 1",
    "element_type": "p",
    "element_subtype": "standard-indented",
    "content": "I have a message to bear to those who occupy responsible positions as physicians. My brethren, the Lord has committed to each of you a work which is plainly outlined in His Word.",
    "puborder": 10508,
    "translations": []
  },
  {
    "para_id": "14068.8722009",
    "id_prev": "14068.8722008",
    "id_next": "14068.8722010",
    "refcode_1": "18LtMs",
    "refcode_2": "1",
    "refcode_3": "7525",
    "refcode_4": "1903112801",
    "refcode_short": "18LtMs, Ms 128a, 1903, par. 2",
    "refcode_long": "Letters and Manuscripts — Volume 18 (1903), Ms 128a, 1903, par. 2",
    "element_type": "p",
    "element_subtype": "standard-indented",
    "content": "Those who walk with God are prepared to call wrongdoing by its right name. Sin is sin, whether practiced by teachers, medical missionaries, ministers, or other workers. Those who discern unchristlike traits in the professed Christians occupying positions of responsibility must use great plainness of speech in pointing out these evils instead of apparently continuing in fellowship with such men because they are standing in high places. It is on account of their position that I am instructed to say to our brethren, Great plainness of speech is required. Those who are Christians only in name are not to be sustained and upheld and strengthened in their positions of grave responsibility by their brethren; for Satan works through these sinners in Zion to bring in strife and contention and difficulties which make God&rsquo;s people a reproach and a shame to Christ Jesus.",
    "puborder": 10509,
    "translations": []
  },
  {
    "para_id": "14068.8722010",
    "id_prev": "14068.8722009",
    "id_next": "14068.8722011",
    "refcode_1": "18LtMs",
    "refcode_2": "1",
    "refcode_3": "7526",
    "refcode_4": "1903112801",
    "refcode_short": "18LtMs, Ms 128a, 1903, par. 3",
    "refcode_long": "Letters and Manuscripts — Volume 18 (1903), Ms 128a, 1903, par. 3",
    "element_type": "p",
    "element_subtype": "standard-indented",
    "content": "The apostle Paul gives to Timothy a most solemn charge: &ldquo;I charge thee therefore before God, and the Lord Jesus Christ, who shall judge the quick and the dead at His appearing and His kingdom; Preach the Word; be instant in season, out of season; reprove, rebuke, exhort with all longsuffering and doctrine. For the time will come when they will not endure sound doctrine; but after their own lusts shall they heap to themselves teachers, having itching ears; and they shall turn away their ears from the truth, and shall be turned unto fables. But watch thou in all things, endure afflictions, do the work of an evangelist, make full proof of thy ministry.&rdquo; [<span class=\"egwlink egwlink_bible\" title=\"2 Timothy 4:1\" data-link=\"1965.60929\">2 Timothy 4:1-5</span>.]",
    "puborder": 10510,
    "translations": []
  },
  {
    "para_id": "14068.8722011",
    "id_prev": "14068.8722010",
    "id_next": "14068.8722012",
    "refcode_1": "18LtMs",
    "refcode_2": "1",
    "refcode_3": "7527",
    "refcode_4": "1903112801",
    "refcode_short": "18LtMs, Ms 128a, 1903, par. 4",
    "refcode_long": "Letters and Manuscripts — Volume 18 (1903), Ms 128a, 1903, par. 4",
    "element_type": "p",
    "element_subtype": "standard-indented",
    "content": "&ldquo;Sound doctrine&rdquo; [<span class=\"egwlink egwlink_bible\" title=\"Titus 2:1\" data-link=\"1965.61008\">Titus 2:1</span>] is Bible truth; standard truth for the time in which we live; truth that is always to be kept before the people; truth that is adapted to promote increased piety and devotion, confirming God&rsquo;s people in the most holy faith. &ldquo;Sound doctrine&rdquo; means much to the receiver; and it means much, too, to the teacher, the minister of righteousness; for it means that the laborer shall be either true or untrue to his responsibility as the Lord&rsquo;s messenger-evangelist in any line of service, wherever the gospel may be preached.",
    "puborder": 10511,
    "translations": []
  },
  {
    "para_id": "14068.8722012",
    "id_prev": "14068.8722011",
    "id_next": "14068.8722013",
    "refcode_1": "18LtMs",
    "refcode_2": "1",
    "refcode_3": "7528",
    "refcode_4": "1903112801",
    "refcode_short": "18LtMs, Ms 128a, 1903, par. 5",
    "refcode_long": "Letters and Manuscripts — Volume 18 (1903), Ms 128a, 1903, par. 5",
    "element_type": "p",
    "element_subtype": "standard-indented",
    "content": "Gospel medical missionary workers, as faithful representatives of their Leader, are to bear a message from God. If among this class of workers there should be found those who are not sanctified through the truth; those who are unable to work the works of truth and righteousness, but who in word and act dishonor the truth and lower the standard that should be elevated to represent the medical missionary work in its purity, then faithful work is to be done by God&rsquo;s ministers. Like Timothy, they are to &ldquo;reprove, rebuke, exhort with all longsuffering and doctrine.&rdquo; [<span class=\"egwlink egwlink_bible\" title=\"2 Timothy 4:2\" data-link=\"1965.60931\">2 Timothy 4:2</span>.]",
    "puborder": 10512,
    "translations": []
  },
  {
    "para_id": "14068.8722013",
    "id_prev": "14068.8722012",
    "id_next": "14068.8722014",
    "refcode_1": "18LtMs",
    "refcode_2": "1",
    "refcode_3": "7529",
    "refcode_4": "1903112801",
    "refcode_short": "18LtMs, Ms 128a, 1903, par. 6",
    "refcode_long": "Letters and Manuscripts — Volume 18 (1903), Ms 128a, 1903, par. 6",
    "element_type": "p",
    "element_subtype": "standard-indented",
    "content": "All our medical workers are to use their capabilities in an earnest, righteous way, that there may go forth the impression that the ministry of the Word and the medical missionary work are in reality one united work. Some will need to be watched, lest their natural propensities overrule and cause them to manifest self instead of the Christian example that should always be prominent. When such persons do not labor in accordance with the will and way of God; when in nearly every business transactions they fail of elevating the gospel standard, their associates are not to keep silent; they are to say something to change the evil, lest they become implicated with the ones who have done great injury to the cause and work of God.",
    "puborder": 10513,
    "translations": []
  },
  {
    "para_id": "14068.8722014",
    "id_prev": "14068.8722013",
    "id_next": "14068.8722015",
    "refcode_1": "18LtMs",
    "refcode_2": "1",
    "refcode_3": "7530",
    "refcode_4": "1903112801",
    "refcode_short": "18LtMs, Ms 128a, 1903, par. 7",
    "refcode_long": "Letters and Manuscripts — Volume 18 (1903), Ms 128a, 1903, par. 7",
    "element_type": "p",
    "element_subtype": "standard-indented",
    "content": "Every Christian is a standard-bearer of righteous principles. Let there be no lowering of the standard, no countenancing of wrong movements. It was while men slept that tares were sown among the wheat. It is the unwatchful, sleeping condition of God&rsquo;s servants that implicates them with their associates in guilt. The only safe and righteous way to escape being an unfaithful watchman is to watch, and not allow to continue the evils that can be checked. To sustain by silence a work that God cannot approve is to abet Satan&rsquo;s work; and this results in the loss of souls. No one should be at ease until he has done all that it is possible for him to do to counterwork evil.",
    "puborder": 10514,
    "translations": []
  },
  {
    "para_id": "14068.8722015",
    "id_prev": "14068.8722014",
    "id_next": "14068.8722016",
    "refcode_1": "18LtMs",
    "refcode_2": "1",
    "refcode_3": "7531",
    "refcode_4": "1903112801",
    "refcode_short": "18LtMs, Ms 128a, 1903, par. 8",
    "refcode_long": "Letters and Manuscripts — Volume 18 (1903), Ms 128a, 1903, par. 8",
    "element_type": "p",
    "element_subtype": "standard-indented",
    "content": "Let there be much praying. Let every missionary be on guard, doing all in his power to counterwork deceptive, evil influences. If faithful work were done, even to a limited degree, it would tell on the side of right. If the senses were keen, quickened and illuminated by the Holy Spirit, wrongdoing would be met and counter worked before it found standing room; and many of the objectionable devisings of men would be arrested. Thus the widespread influence of evil would be circumscribed.",
    "puborder": 10515,
    "translations": []
  },
  {
    "para_id": "14068.8722016",
    "id_prev": "14068.8722015",
    "id_next": "14068.8722017",
    "refcode_1": "18LtMs",
    "refcode_2": "1",
    "refcode_3": "7532",
    "refcode_4": "1903112801",
    "refcode_short": "18LtMs, Ms 128a, 1903, par. 9",
    "refcode_long": "Letters and Manuscripts — Volume 18 (1903), Ms 128a, 1903, par. 9",
    "element_type": "p",
    "element_subtype": "standard-indented",
    "content": "Let the first blow be struck to arrest the evils that ministers and medical missionaries have seen, but have not corrected. The Lord now calls for decided action, in order that the gospel medical missionary work shall not be entirely choked by the tares that the enemy has sown. All our Conferences need not be leavened with the objectionable sentiments that have been expressed. Let not one wrong thing be passed by uncorrected. The Christian medical missionary work is to bear the signature of God and not of man who is not under God&rsquo;s supervision.",
    "puborder": 10516,
    "translations": []
  },
  {
    "para_id": "14068.8722017",
    "id_prev": "14068.8722016",
    "id_next": "14068.8722018",
    "refcode_1": "18LtMs",
    "refcode_2": "1",
    "refcode_3": "7533",
    "refcode_4": "1903112801",
    "refcode_short": "18LtMs, Ms 128a, 1903, par. 10",
    "refcode_long": "Letters and Manuscripts — Volume 18 (1903), Ms 128a, 1903, par. 10",
    "element_type": "p",
    "element_subtype": "standard-indented",
    "content": "O that every man who has been redeemed by the blood of Christ would disrobe himself of the civilian&rsquo;s dress, and for the sake of the Christian name, for Christ&rsquo;s sake, put on the robe of Christ&rsquo;s righteousness. Strange work has been done to bring honor to the character of man and not the character of God. For the sake of Christ, let matters be brought up to the level of the Christian standard.",
    "puborder": 10517,
    "translations": []
  },
  {
    "para_id": "14068.8722018",
    "id_prev": "14068.8722017",
    "id_next": "14068.8722019",
    "refcode_1": "18LtMs",
    "refcode_2": "1",
    "refcode_3": "7534",
    "refcode_4": "1903112801",
    "refcode_short": "18LtMs, Ms 128a, 1903, par. 11",
    "refcode_long": "Letters and Manuscripts — Volume 18 (1903), Ms 128a, 1903, par. 11",
    "element_type": "p",
    "element_subtype": "standard-indented",
    "content": "To lean upon the arm of the law is a disgrace to Christians; yet this evil has been brought in and cherished among the Lord&rsquo;s chosen people. Worldly cut garments, worldly ordained principles have been stealthily introduced until in practice we are becoming like the Laodiceans&mdash;half-hearted, because so much dependence is placed on lawyers and legal documents and agreements. Such a condition of things is abhorrent to God.",
    "puborder": 10518,
    "translations": []
  },
  {
    "para_id": "14068.8722019",
    "id_prev": "14068.8722018",
    "id_next": "14068.8722020",
    "refcode_1": "18LtMs",
    "refcode_2": "1",
    "refcode_3": "7535",
    "refcode_4": "1903112801",
    "refcode_short": "18LtMs, Ms 128a, 1903, par. 12",
    "refcode_long": "Letters and Manuscripts — Volume 18 (1903), Ms 128a, 1903, par. 12",
    "element_type": "p",
    "element_subtype": "standard-indented",
    "content": "Could each one who claims to be a believer in the message for this time multiply himself and his means a thousandfold, we as a people should not be able by our good deeds to retrieve the workings of the last twenty-five years. The guilt of the past is resting upon us. A thorough, complete reformation is now needed in all our institutions. We must arouse and by the Lord&rsquo;s help strive to retrieve the past if possible. The very vitals of God&rsquo;s people are being eaten away by the spirit of colonization and of commercialism. We are losing our distinguishing characteristics as Christians. The works of the enemy have been enthroned in many of our institutions where business is done in accordance with worldly principles which have come in through unconsecrated men. A thorough reformation must now take place.",
    "puborder": 10519,
    "translations": []
  },
  {
    "para_id": "14068.8722020",
    "id_prev": "14068.8722019",
    "id_next": "14068.8722021",
    "refcode_1": "18LtMs",
    "refcode_2": "1",
    "refcode_3": "",
    "refcode_4": "1903112801",
    "refcode_short": "18LtMs, Ms 128a, 1903, par. 12",
    "refcode_long": "Letters and Manuscripts — Volume 18 (1903), Ms 128a, 1903, par. 12",
    "element_type": "h5",
    "element_subtype": "",
    "content": "Soul-Saving",
    "puborder": 10520,
    "translations": []
  },
  {
    "para_id": "14068.8722021",
    "id_prev": "14068.8722020",
    "id_next": "14068.8722022",
    "refcode_1": "18LtMs",
    "refcode_2": "1",
    "refcode_3": "7536",
    "refcode_4": "1903112801",
    "refcode_short": "18LtMs, Ms 128a, 1903, par. 13",
    "refcode_long": "Letters and Manuscripts — Volume 18 (1903), Ms 128a, 1903, par. 13",
    "element_type": "p",
    "element_subtype": "standard-indented",
    "content": "&ldquo;Walk in wisdom toward them that are without, redeeming the time.&rdquo; [<span class=\"egwlink egwlink_bible\" title=\"Colossians 4:5\" data-link=\"1965.60259\">Colossians 4:5</span>.] Precious time that has passed into eternity should have been improved. The actions of the professed religious world are to be no criterion for those to whom God in His great mercy has given advanced light. We can see that the world is in a great moral conflict. Unwarned souls are perishing in their sins, while many of our churches remain content to do little or nothing to let the full light of the gospel, the light of true medical missionary work, shine into the hearts of men and women, that they may behold the way to heaven. We are failing to gain access to souls.",
    "puborder": 10521,
    "translations": []
  },
  {
    "para_id": "14068.8722022",
    "id_prev": "14068.8722021",
    "id_next": "14068.8722023",
    "refcode_1": "18LtMs",
    "refcode_2": "1",
    "refcode_3": "7537",
    "refcode_4": "1903112801",
    "refcode_short": "18LtMs, Ms 128a, 1903, par. 14",
    "refcode_long": "Letters and Manuscripts — Volume 18 (1903), Ms 128a, 1903, par. 14",
    "element_type": "p",
    "element_subtype": "standard-indented",
    "content": "Christ, the great Teacher, was accused of eating with publicans and sinners. He did eat with them; but it was for the purpose of letting the light of truth shine forth through the revelation of a godly character. His example, always high and noble and pure, was in marked contrast with the example of the Pharisees, the priests, and the rulers of His day. They disregarded the work that He had commissioned them to do.",
    "puborder": 10522,
    "translations": []
  },
  {
    "para_id": "14068.8722023",
    "id_prev": "14068.8722022",
    "id_next": "14068.8722024",
    "refcode_1": "18LtMs",
    "refcode_2": "1",
    "refcode_3": "7538",
    "refcode_4": "1903112801",
    "refcode_short": "18LtMs, Ms 128a, 1903, par. 15",
    "refcode_long": "Letters and Manuscripts — Volume 18 (1903), Ms 128a, 1903, par. 15",
    "element_type": "p",
    "element_subtype": "standard-indented",
    "content": "Christ met the people where they were&mdash;at the guest table, in the streets, by the lakeside, in the synagogues and the temple, and on the crowded thoroughfares of travel. In these places were found the multitudes who were willing to admit that they were sinners. In their hearts Christ could sow the seeds of truth; and after His resurrection and ascension these seeds, scattered in almost every place, sprang up under the teaching of the apostles, and in one day five thousand were converted.",
    "puborder": 10523,
    "translations": []
  },
  {
    "para_id": "14068.8722024",
    "id_prev": "14068.8722023",
    "id_next": "14068.8722025",
    "refcode_1": "18LtMs",
    "refcode_2": "1",
    "refcode_3": "7539",
    "refcode_4": "1903112801",
    "refcode_short": "18LtMs, Ms 128a, 1903, par. 16",
    "refcode_long": "Letters and Manuscripts — Volume 18 (1903), Ms 128a, 1903, par. 16",
    "element_type": "p",
    "element_subtype": "standard-indented",
    "content": "Just before His ascension, Jesus came and spake unto His disciples, saying, &ldquo;All power is given unto Me in heaven and in earth. Go ye therefore, and teach all nations, baptizing them in the name of the Father, and of the Son, and of the Holy Ghost: teaching them to observe all things whatsoever I have commanded you: and, lo, I am with you alway, even unto the end of the world.&rdquo; [<span class=\"egwlink egwlink_bible\" title=\"Matthew 28:18\" data-link=\"1965.49426\">Matthew 28:18-20</span>.]",
    "puborder": 10524,
    "translations": []
  },
  {
    "para_id": "14068.8722025",
    "id_prev": "14068.8722024",
    "id_next": "14068.8722026",
    "refcode_1": "18LtMs",
    "refcode_2": "1",
    "refcode_3": "7540",
    "refcode_4": "1903112801",
    "refcode_short": "18LtMs, Ms 128a, 1903, par. 17",
    "refcode_long": "Letters and Manuscripts — Volume 18 (1903), Ms 128a, 1903, par. 17",
    "element_type": "p",
    "element_subtype": "standard-indented",
    "content": "This commission is ours. Not all have the same work to do; but to every man is given his work. To no one man is committed the whole work. No man is to exalt himself or any other man; for whatever man&rsquo;s position may be, he is not free from human defects, and he should guard against self-exaltation, envy, jealousy, selfishness, covetousness.",
    "puborder": 10525,
    "translations": []
  },
  {
    "para_id": "14068.8722026",
    "id_prev": "14068.8722025",
    "id_next": "14068.8722027",
    "refcode_1": "18LtMs",
    "refcode_2": "1",
    "refcode_3": "7541",
    "refcode_4": "1903112801",
    "refcode_short": "18LtMs, Ms 128a, 1903, par. 18",
    "refcode_long": "Letters and Manuscripts — Volume 18 (1903), Ms 128a, 1903, par. 18",
    "element_type": "p",
    "element_subtype": "standard-indented",
    "content": "&ldquo;Whatsoever ye do, do it heartily, as to the Lord, and not unto men; knowing that of the Lord ye shall receive the reward of the inheritance; for ye serve the Lord Christ. But he that doeth wrong shall receive for the wrong which he hath done: and there is no respect of persons&rdquo; with God. [<span class=\"egwlink egwlink_bible\" title=\"Colossians 3:23\" data-link=\"1965.60244\">Colossians 3:23-25</span>.]",
    "puborder": 10526,
    "translations": []
  },
  {
    "para_id": "14068.8722027",
    "id_prev": "14068.8722026",
    "id_next": "14068.8722028",
    "refcode_1": "18LtMs",
    "refcode_2": "1",
    "refcode_3": "",
    "refcode_4": "1903112801",
    "refcode_short": "18LtMs, Ms 128a, 1903, par. 18",
    "refcode_long": "Letters and Manuscripts — Volume 18 (1903), Ms 128a, 1903, par. 18",
    "element_type": "h5",
    "element_subtype": "",
    "content": "Love to God and to Man",
    "puborder": 10527,
    "translations": []
  },
  {
    "para_id": "14068.8722028",
    "id_prev": "14068.8722027",
    "id_next": "14068.8722029",
    "refcode_1": "18LtMs",
    "refcode_2": "1",
    "refcode_3": "7542",
    "refcode_4": "1903112801",
    "refcode_short": "18LtMs, Ms 128a, 1903, par. 19",
    "refcode_long": "Letters and Manuscripts — Volume 18 (1903), Ms 128a, 1903, par. 19",
    "element_type": "p",
    "element_subtype": "standard-indented",
    "content": "The standing of persons in the Christian church, their rights and privileges as church members, is in no wise dependent on their outward condition spiritually; in God&rsquo;s sight, there acceptance is dependent on their union with Christ Jesus, by whom alone they are enabled to do right, and to whom they are always amenable. Accountable to God they are every moment. Love to God as supreme always, and love to their fellow men, is the whole duty of the fallen race.",
    "puborder": 10528,
    "translations": []
  },
  {
    "para_id": "14068.8722029",
    "id_prev": "14068.8722028",
    "id_next": "14068.8722030",
    "refcode_1": "18LtMs",
    "refcode_2": "1",
    "refcode_3": "7543",
    "refcode_4": "1903112801",
    "refcode_short": "18LtMs, Ms 128a, 1903, par. 20",
    "refcode_long": "Letters and Manuscripts — Volume 18 (1903), Ms 128a, 1903, par. 20",
    "element_type": "p",
    "element_subtype": "standard-indented",
    "content": "In answer to the lawyer&rsquo;s question, &ldquo;Master, which is the great commandment in the law?&rdquo; Jesus said unto him, &ldquo;Thou shalt love the Lord thy God with all thy heart, and with all thy soul, and with all thy mind. This is the first and great commandment. And the second is like unto it, Thou shalt love thy neighbor as thyself. On these two commandments hang all the law and the prophets.&rdquo; [<span class=\"egwlink egwlink_bible\" title=\"Matthew 22:36\" data-link=\"1965.48810\">Matthew 22:36-40</span>.]",
    "puborder": 10529,
    "translations": []
  },
  {
    "para_id": "14068.8722030",
    "id_prev": "14068.8722029",
    "id_next": "14068.8722031",
    "refcode_1": "18LtMs",
    "refcode_2": "1",
    "refcode_3": "7544",
    "refcode_4": "1903112801",
    "refcode_short": "18LtMs, Ms 128a, 1903, par. 21",
    "refcode_long": "Letters and Manuscripts — Volume 18 (1903), Ms 128a, 1903, par. 21",
    "element_type": "p",
    "element_subtype": "standard-indented",
    "content": "In these commandments are comprehended all the principles of the decalogue. Perfection of human character is revealed in supreme love to God and unselfish love to man.",
    "puborder": 10530,
    "translations": []
  },
  {
    "para_id": "14068.8722031",
    "id_prev": "14068.8722030",
    "id_next": "14068.8722032",
    "refcode_1": "18LtMs",
    "refcode_2": "1",
    "refcode_3": "7545",
    "refcode_4": "1903112801",
    "refcode_short": "18LtMs, Ms 128a, 1903, par. 22",
    "refcode_long": "Letters and Manuscripts — Volume 18 (1903), Ms 128a, 1903, par. 22",
    "element_type": "p",
    "element_subtype": "standard-indented",
    "content": "The Lord calls upon those who are truly converted, who watch and pray; for the controversy between truth and error will increase in intensity. To every one who gives himself unreservedly to Christ is assigned a post where he may engage in active service. To us, as God&rsquo;s chosen people, has been given special light. This light is constantly increasing and is to shine forth through the gospel ministry and through gospel medical missionary workers.",
    "puborder": 10531,
    "translations": []
  },
  {
    "para_id": "14068.8722032",
    "id_prev": "14068.8722031",
    "id_next": "14068.8722033",
    "refcode_1": "18LtMs",
    "refcode_2": "1",
    "refcode_3": "7546",
    "refcode_4": "1903112801",
    "refcode_short": "18LtMs, Ms 128a, 1903, par. 23",
    "refcode_long": "Letters and Manuscripts — Volume 18 (1903), Ms 128a, 1903, par. 23",
    "element_type": "p",
    "element_subtype": "standard-indented",
    "content": "The time is at hand when the case of every soul will soon be decided. The Bible is to be the man of our counsel. No man is to be treated as lord and dictator in regard to gospel medical missionary work; for God will not endorse any work that leads any man to engage in commerce in our institutions after the manner of the world, and to make the laws of the land his defense. Yet the Lord has instructed me that this very thing is being done. God will leave such men in the hands of the enemy, that they may be spoiled either through success or through failure. Success will bring them to certain ruin.",
    "puborder": 10532,
    "translations": []
  },
  {
    "para_id": "14068.8722033",
    "id_prev": "14068.8722032",
    "id_next": "14068.8722034",
    "refcode_1": "18LtMs",
    "refcode_2": "1",
    "refcode_3": "7547",
    "refcode_4": "1903112801",
    "refcode_short": "18LtMs, Ms 128a, 1903, par. 24",
    "refcode_long": "Letters and Manuscripts — Volume 18 (1903), Ms 128a, 1903, par. 24",
    "element_type": "p",
    "element_subtype": "standard-indented",
    "content": "There is need of most thorough work&rsquo;s being done in our Conferences. God is calling for missionaries who have not upon them the stamp of the specious deceptions of the enemy&mdash;missionaries who have not by contract bound themselves to any other human agencies.",
    "puborder": 10533,
    "translations": []
  },
  {
    "para_id": "14068.8722034",
    "id_prev": "14068.8722033",
    "id_next": "14068.8722035",
    "refcode_1": "18LtMs",
    "refcode_2": "1",
    "refcode_3": "7548",
    "refcode_4": "1903112801",
    "refcode_short": "18LtMs, Ms 128a, 1903, par. 25",
    "refcode_long": "Letters and Manuscripts — Volume 18 (1903), Ms 128a, 1903, par. 25",
    "element_type": "p",
    "element_subtype": "standard-indented",
    "content": "When our medical missionaries should have been wide-awake, they were asleep; and consequently the enemy has established himself in the midst of them. Many are Christians only in name; and when these professed Christian missionaries should have been on their guard, as men of God&rsquo;s appointment, protesting, counter working, earnestly praying that the Lord God of heaven would work by His Holy Spirit to counteract the movements that were being made by men who trusted in the arm of flesh&mdash;they failed of doing their duty. Physicians have cherished lax principles and have stooped to follow worldly methods. Their inferior piety has enfeebled the church and impaired its usefulness.",
    "puborder": 10534,
    "translations": []
  },
  {
    "para_id": "14068.8722035",
    "id_prev": "14068.8722034",
    "id_next": "14068.8722036",
    "refcode_1": "18LtMs",
    "refcode_2": "1",
    "refcode_3": "",
    "refcode_4": "1903112801",
    "refcode_short": "18LtMs, Ms 128a, 1903, par. 25",
    "refcode_long": "Letters and Manuscripts — Volume 18 (1903), Ms 128a, 1903, par. 25",
    "element_type": "h5",
    "element_subtype": "",
    "content": "Our Influence",
    "puborder": 10535,
    "translations": []
  },
  {
    "para_id": "14068.8722036",
    "id_prev": "14068.8722035",
    "id_next": "14068.8722037",
    "refcode_1": "18LtMs",
    "refcode_2": "1",
    "refcode_3": "7549",
    "refcode_4": "1903112801",
    "refcode_short": "18LtMs, Ms 128a, 1903, par. 26",
    "refcode_long": "Letters and Manuscripts — Volume 18 (1903), Ms 128a, 1903, par. 26",
    "element_type": "p",
    "element_subtype": "standard-indented",
    "content": "No true Christian physician or minister of the gospel will feel that he is partially his own and that he can do as he pleases. At the present time, some clear-sighted, clean-hearted men are almost neutral in their influence; but they cannot long remain in this position without losing ground spiritually. They will begin to reflect the character of the man of sin instead of reflecting the character of the meek and lowly One, who has said, &ldquo;Learn of Me; for I am meek and lowly in heart: and ye shall find rest unto your souls.&rdquo; [<span class=\"egwlink egwlink_bible\" title=\"Matthew 11:29\" data-link=\"1965.47959\">Matthew 11:29</span>.]",
    "puborder": 10536,
    "translations": []
  },
  {
    "para_id": "14068.8722037",
    "id_prev": "14068.8722036",
    "id_next": "14068.8722038",
    "refcode_1": "18LtMs",
    "refcode_2": "1",
    "refcode_3": "7550",
    "refcode_4": "1903112801",
    "refcode_short": "18LtMs, Ms 128a, 1903, par. 27",
    "refcode_long": "Letters and Manuscripts — Volume 18 (1903), Ms 128a, 1903, par. 27",
    "element_type": "p",
    "element_subtype": "standard-indented",
    "content": "Love to God is pure, fragrant&mdash;a sweet-smelling savor unto Him. The masterly spirit of self, which many manifest, is abhorrent to Him; for it leads to all kinds of actions that savor of evil. God&rsquo;s cause is now in need of the protesting, counteracting influence that Christ has always demanded of His people. Let there be no delay; for the message that I am bearing is from God. While He has been calling upon His people to come out from the world, and to be separate and distinct, not touching that which is unclean, human agencies have been counter working His work by linking up with worldly men, cultivating the spirit of commerce, and depending on worldly lawyers and worldly methods. God turns away in disgust from these men who have made themselves one with the world.",
    "puborder": 10537,
    "translations": []
  },
  {
    "para_id": "14068.8722038",
    "id_prev": "14068.8722037",
    "id_next": "14068.8722039",
    "refcode_1": "18LtMs",
    "refcode_2": "1",
    "refcode_3": "7551",
    "refcode_4": "1903112801",
    "refcode_short": "18LtMs, Ms 128a, 1903, par. 28",
    "refcode_long": "Letters and Manuscripts — Volume 18 (1903), Ms 128a, 1903, par. 28",
    "element_type": "p",
    "element_subtype": "standard-indented",
    "content": "Those who have sinned against great light are not left without a message of warning and mercy. God says to them: &ldquo;I know thy works, that thou art neither cold nor hot: I would thou wert cold or hot. So then because thou art lukewarm, and neither cold nor hot, I will spue thee out of My mouth. Because thou sayest, I am rich, and increased with goods, and have need of nothing; and knowest not that thou art wretched, and miserable, and poor, and blind, and naked: I counsel thee to buy of Me gold tried in the fire, that thou mayest be rich; and white raiment, that thou mayest be clothed, and that the shame of thy nakedness do not appear; and anoint thine eyes with eyesalve, that thou mayest see. As many as I love, I rebuke and chasten: be zealous therefore, and repent. Behold, I stand at the door, and knock: if any man hear My voice, and open the door, I will come in to him, and will sup with him, and he with Me. To him that overcometh will I grant to sit with Me in My throne, even as I also overcame, and am set down with My Father in His throne. He that hath an ear, let him hear what the Spirit saith unto the churches.&rdquo; [<span class=\"egwlink egwlink_bible\" title=\"Revelation 3:15\" data-link=\"1965.62761\">Revelation 3:15-22</span>.]",
    "puborder": 10538,
    "translations": []
  },
  {
    "para_id": "14068.8722039",
    "id_prev": "14068.8722038",
    "id_next": "14068.8722040",
    "refcode_1": "18LtMs",
    "refcode_2": "1",
    "refcode_3": "7552",
    "refcode_4": "1903112801",
    "refcode_short": "18LtMs, Ms 128a, 1903, par. 29",
    "refcode_long": "Letters and Manuscripts — Volume 18 (1903), Ms 128a, 1903, par. 29",
    "element_type": "p",
    "element_subtype": "standard-indented",
    "content": "This is the testimony borne concerning the church at Laodicea. This church had been faithfully instructed. In his letter to the Colossians, Paul wrote: &ldquo;Epaphras, who is one of you, a servant of Christ, saluteth you, always laboring fervently for you in prayers, that ye may stand perfect and complete in all the will of God. For I bear him record, that he hath a great zeal for you, and them that are in Laodicea, and them in Hierapolis.&rdquo; [<span class=\"egwlink egwlink_bible\" title=\"Colossians 4:12\" data-link=\"1965.60273\">Colossians 4:12, 13</span>.] Much excellent labor was bestowed upon the Laodicean church. To them was given the exhortation, &ldquo;Be ye therefore perfect, even as your Father which is in heaven is perfect.&rdquo; [<span class=\"egwlink egwlink_bible\" title=\"Matthew 5:48\" data-link=\"1965.47541\">Matthew 5:48</span>.] But the church did not follow up the work begun by God&rsquo;s messengers. They heard, but they failed to appropriate the truth to themselves and to carry out the instruction given them. The result that followed is the result always sure to follow the rejection of the Lord&rsquo;s warnings and entreaties.",
    "puborder": 10539,
    "translations": []
  },
  {
    "para_id": "14068.8722040",
    "id_prev": "14068.8722039",
    "id_next": "14068.8722041",
    "refcode_1": "18LtMs",
    "refcode_2": "1",
    "refcode_3": "7553",
    "refcode_4": "1903112801",
    "refcode_short": "18LtMs, Ms 128a, 1903, par. 30",
    "refcode_long": "Letters and Manuscripts — Volume 18 (1903), Ms 128a, 1903, par. 30",
    "element_type": "p",
    "element_subtype": "standard-indented",
    "content": "Some to whom the Lord has been sending messages for years have clearly understood and have magnified every word of encouragement, but have treated as if they were of naught the cautions, the warnings, and the reproofs.",
    "puborder": 10540,
    "translations": []
  },
  {
    "para_id": "14068.8722041",
    "id_prev": "14068.8722040",
    "id_next": "14068.8722042",
    "refcode_1": "18LtMs",
    "refcode_2": "1",
    "refcode_3": "7554",
    "refcode_4": "1903112801",
    "refcode_short": "18LtMs, Ms 128a, 1903, par. 31",
    "refcode_long": "Letters and Manuscripts — Volume 18 (1903), Ms 128a, 1903, par. 31",
    "element_type": "p",
    "element_subtype": "standard-indented",
    "content": "This wholeness is to be dreaded. This is why the Jewish nation did not receive Christ. They rejected the Bible prophecies given in regard to His coming and chose their own way in accordance with their human judgment. Their spiritual condition need not be explained by us; for Christ has given to His servant John a clear representation of their condition.",
    "puborder": 10541,
    "translations": []
  },
  {
    "para_id": "14068.8722042",
    "id_prev": "14068.8722041",
    "id_next": "14068.8722043",
    "refcode_1": "18LtMs",
    "refcode_2": "1",
    "refcode_3": "7555",
    "refcode_4": "1903112801",
    "refcode_short": "18LtMs, Ms 128a, 1903, par. 32",
    "refcode_long": "Letters and Manuscripts — Volume 18 (1903), Ms 128a, 1903, par. 32",
    "element_type": "p",
    "element_subtype": "standard-indented",
    "content": "God calls upon those who have heard His message of warning for this time, as given in the <span class=\"egwlink egwlink_bible\" title=\"Revelation 14:1\" data-link=\"1965.63104\">fourteenth of Revelation</span>, to reveal a showing far different from that which was revealed by the Jewish nation. He desires His people to come to their senses and to represent in their lives genuine faith and spirituality. Many are assimilating with the world, and leaving upon human minds the impression that the special messages of warning that have called us out from the world, are secondary to the medical missionary work. The Lord calls for a decided change in every health institution that has been established and that has fallen into worldly practices. Let God&rsquo;s workers now come out from the world and be separate.",
    "puborder": 10542,
    "translations": []
  },
  {
    "para_id": "14068.8722043",
    "id_prev": "14068.8722042",
    "id_next": "14068.8722044",
    "refcode_1": "18LtMs",
    "refcode_2": "1",
    "refcode_3": "7556",
    "refcode_4": "1903112801",
    "refcode_short": "18LtMs, Ms 128a, 1903, par. 33",
    "refcode_long": "Letters and Manuscripts — Volume 18 (1903), Ms 128a, 1903, par. 33",
    "element_type": "p",
    "element_subtype": "standard-indented",
    "content": "There is to be a full understanding as to who is on the side of Christ. &ldquo;He that is not with Me,&rdquo; said Christ, &ldquo;is against Me; and he that gathereth not with Me scattereth abroad.&rdquo; [<span class=\"egwlink egwlink_bible\" title=\"Matthew 12:30\" data-link=\"1965.48022\">Matthew 12:30</span>.] Many have fulfilled this saying to the letter. Lax views as to what constitutes truth for this present time are the result of losing the demonstrated character of the truth. As the result, there exists an inferior piety, by which the church is enfeebled and its usefulness impaired. Men and women have come to believe that they are partially their own and that they have a right to take themselves into their own hands and to do as they please, following their own judgment and planning to carry out their ideas as they may choose. Those who believe that they have this right, are on Satan&rsquo;s platform.",
    "puborder": 10543,
    "translations": []
  },
  {
    "para_id": "14068.8722044",
    "id_prev": "14068.8722043",
    "id_next": "14068.8722045",
    "refcode_1": "18LtMs",
    "refcode_2": "1",
    "refcode_3": "7557",
    "refcode_4": "1903112801",
    "refcode_short": "18LtMs, Ms 128a, 1903, par. 34",
    "refcode_long": "Letters and Manuscripts — Volume 18 (1903), Ms 128a, 1903, par. 34",
    "element_type": "p",
    "element_subtype": "standard-indented",
    "content": "No one really has a neutral influence. Those who, in an effort to be neutral, manifest no positive hostility toward Christ and their brethren, they think that they are rendering a service to God; but such a thought is inspired by Satan. Not the least advantage is to be given to our foe. Upon the minds of those who are endeavoring to stand in a neutral position, unnumbered satanic agencies are working. The first act of selfishness opens the way for the enemy&rsquo;s forces to enter. Let us use none of our influence on Satan&rsquo;s side of the controversy. It is a sad fact that many who are professedly standing on Christ&rsquo;s platform are doing the enemy&rsquo;s work. Christ declares: &ldquo;Ye cannot serve God and mammon. All your talents, all your capabilities, are Mine. I have entrusted you with gifts, which are to be put to the very best use as consecrated offerings to Me.&rdquo; [See <span class=\"egwlink egwlink_bible\" title=\"Matthew 6:24\" data-link=\"1965.47590\">Matthew 6:24</span>.]",
    "puborder": 10544,
    "translations": []
  },
  {
    "para_id": "14068.8722045",
    "id_prev": "14068.8722044",
    "id_next": "14068.8722046",
    "refcode_1": "18LtMs",
    "refcode_2": "1",
    "refcode_3": "7558",
    "refcode_4": "1903112801",
    "refcode_short": "18LtMs, Ms 128a, 1903, par. 35",
    "refcode_long": "Letters and Manuscripts — Volume 18 (1903), Ms 128a, 1903, par. 35",
    "element_type": "p",
    "element_subtype": "standard-indented",
    "content": "If every man who has influence could ascend some mount of vision from which he could behold all his works as Christ beholds them when He declares, &ldquo;I know thy works&rdquo; [<span class=\"egwlink egwlink_bible\" title=\"Revelation 3:15\" data-link=\"1965.62761\">Revelation 3:15</span>]; if the laborer could trace from cause to effect every objectionable word and act, the sight would be more than he could bear.",
    "puborder": 10545,
    "translations": []
  },
  {
    "para_id": "14068.8722046",
    "id_prev": "14068.8722045",
    "id_next": "14068.8722047",
    "refcode_1": "18LtMs",
    "refcode_2": "1",
    "refcode_3": "7559",
    "refcode_4": "1903112801",
    "refcode_short": "18LtMs, Ms 128a, 1903, par. 36",
    "refcode_long": "Letters and Manuscripts — Volume 18 (1903), Ms 128a, 1903, par. 36",
    "element_type": "p",
    "element_subtype": "standard-indented",
    "content": "My brother, at the time when you cherish feelings of self-exaltation because of the thought that you were a great worker in God&rsquo;s cause; when satisfied with your judgment, you gathered in means, and appropriated it as if you had created it; when you revealed a spirit of selfishness in different movements that for years have led you away from Christ, away from the truth of heavenly origin; at the time when you took pleasure in being freed from various responsibilities in order that you might work out some special schemes that Christ has condemned&mdash;if at these times you could have seen the full results of the influence you were exerting, results for which you are responsible, you would have been appalled.",
    "puborder": 10546,
    "translations": []
  },
  {
    "para_id": "14068.8722047",
    "id_prev": "14068.8722046",
    "id_next": "14068.8722048",
    "refcode_1": "18LtMs",
    "refcode_2": "1",
    "refcode_3": "7560",
    "refcode_4": "1903112801",
    "refcode_short": "18LtMs, Ms 128a, 1903, par. 37",
    "refcode_long": "Letters and Manuscripts — Volume 18 (1903), Ms 128a, 1903, par. 37",
    "element_type": "p",
    "element_subtype": "standard-indented",
    "content": "Consider these matters. Trace them out from cause to effect. The influences set in operation by our words and deeds are like many threads which bind us in intimate relationship either with God or with the world and which connect mind with mind, heart with heart, moral influence with moral influence. God is fully acquainted with the multitudinous effects of certain influences. Even at times when man is most certain that certain traits of his character are unobserved, there are going forth influences that are a savor of life unto life or of death unto death. As soon as these influences cease to be decidedly good morally, they are decidedly bad; and the longer they are exerted, the greater swells the tide of good or of evil; the greater is the number of souls led to heaven or to perdition.",
    "puborder": 10547,
    "translations": []
  },
  {
    "para_id": "14068.8722048",
    "id_prev": "14068.8722047",
    "id_next": "14068.9746001",
    "refcode_1": "18LtMs",
    "refcode_2": "1",
    "refcode_3": "7561",
    "refcode_4": "1903112801",
    "refcode_short": "18LtMs, Ms 128a, 1903, par. 38",
    "refcode_long": "Letters and Manuscripts — Volume 18 (1903), Ms 128a, 1903, par. 38",
    "element_type": "p",
    "element_subtype": "standard-indented",
    "content": "We are not to do a particle less than all we can do to advance Christ&rsquo;s kingdom in the same spirit and manner in which He worked. He holds every man responsible for working in the right way. Let no one suppose that because he is constantly busy, he demonstrates his fidelity; for Satan is constantly busy and is helping those who are endeavoring to labor in accordance with their own devisings. Idolatry of self, of <span class=\"underline\">my</span> plans, <span class=\"underline\">my</span> devisings, Christ looks upon with contempt. Only those who work for the Him in a Christlike spirit and manner, because of their love for Him and their desire to please Him; only those who refuse to take to themselves any praise and glory will receive the approbation of heaven.",
    "puborder": 10548,
    "translations": []
  }
]