[
  {
    "para_id": "14068.9515001",
    "id_prev": "14068.13220003",
    "id_next": "14068.9515005",
    "refcode_1": "18LtMs",
    "refcode_2": "1",
    "refcode_3": "",
    "refcode_4": "1903103700",
    "refcode_short": "18LtMs, Ms 37, 1903",
    "refcode_long": "Letters and Manuscripts — Volume 18 (1903), Ms 37, 1903",
    "element_type": "h4",
    "element_subtype": "",
    "content": "Ms 37, 1903",
    "puborder": 7750,
    "translations": []
  },
  {
    "para_id": "14068.9515005",
    "id_prev": "14068.9515001",
    "id_next": "14068.9515002",
    "refcode_1": "18LtMs",
    "refcode_2": "1",
    "refcode_3": "",
    "refcode_4": "1903103700",
    "refcode_short": "",
    "refcode_long": "",
    "element_type": "p",
    "element_subtype": "mstitle",
    "content": "Directions for Work",
    "puborder": 7751,
    "translations": []
  },
  {
    "para_id": "14068.9515002",
    "id_prev": "14068.9515005",
    "id_next": "14068.9515003",
    "refcode_1": "18LtMs",
    "refcode_2": "1",
    "refcode_3": "",
    "refcode_4": "1903103700",
    "refcode_short": "",
    "refcode_long": "",
    "element_type": "p",
    "element_subtype": "msplace",
    "content": "<span class=\"msplace\" value=\"Oakland, California\">Oakland, California</span>",
    "puborder": 7752,
    "translations": []
  },
  {
    "para_id": "14068.9515003",
    "id_prev": "14068.9515002",
    "id_next": "14068.9515006",
    "refcode_1": "18LtMs",
    "refcode_2": "1",
    "refcode_3": "",
    "refcode_4": "1903103700",
    "refcode_short": "",
    "refcode_long": "",
    "element_type": "p",
    "element_subtype": "msdate",
    "content": "<span class=\"msdate\" start=\"May 1, 1903\">May 1, 1903</span> [typed]",
    "puborder": 7753,
    "translations": []
  },
  {
    "para_id": "14068.9515006",
    "id_prev": "14068.9515003",
    "id_next": "14068.9515008",
    "refcode_1": "18LtMs",
    "refcode_2": "1",
    "refcode_3": "",
    "refcode_4": "1903103700",
    "refcode_short": "",
    "refcode_long": "",
    "element_type": "p",
    "element_subtype": "mspubinfo",
    "content": "Portions of this manuscript are published in <span class=\"egwlink egwlink_book\" title=\"UL 135\" data-link=\"147.2962\">UL 135</span>.",
    "puborder": 7754,
    "translations": []
  },
  {
    "para_id": "14068.9515008",
    "id_prev": "14068.9515006",
    "id_next": "14068.9515009",
    "refcode_1": "18LtMs",
    "refcode_2": "1",
    "refcode_3": "5472",
    "refcode_4": "1903103700",
    "refcode_short": "18LtMs, Ms 37, 1903, par. 1",
    "refcode_long": "Letters and Manuscripts — Volume 18 (1903), Ms 37, 1903, par. 1",
    "element_type": "p",
    "element_subtype": "standard-indented",
    "content": "I cannot sleep past two o&rsquo;clock. My mind is drawn out in most earnest prayer. I feel an intense desire that those who are present at this Conference shall see the need of humbling their hearts before God, that they may be closely connected with their great Teacher. In all our dealings with one another we are to reveal Christ. Thus we shall show that we have a genuine connection with the Saviour. God is to receive all honor, all glory. When Christ shall appear, those who are united with Him by living faith will be acknowledged by Him. He will not be ashamed to call them brethren.",
    "puborder": 7755,
    "translations": []
  },
  {
    "para_id": "14068.9515009",
    "id_prev": "14068.9515008",
    "id_next": "14068.9515010",
    "refcode_1": "18LtMs",
    "refcode_2": "1",
    "refcode_3": "5473",
    "refcode_4": "1903103700",
    "refcode_short": "18LtMs, Ms 37, 1903, par. 2",
    "refcode_long": "Letters and Manuscripts — Volume 18 (1903), Ms 37, 1903, par. 2",
    "element_type": "p",
    "element_subtype": "standard-indented",
    "content": "What can be done to prevent men from thinking, as soon as they are placed in positions of responsibility, that they must begin to exercise authority? Those who think thus sin against God. They may do many excellent things, but He cannot accept their services unless they are converted. Position does not make the man. But a man may honor his position by a faithful performance of the duties resting upon him, ever remembering that he is finite.",
    "puborder": 7756,
    "translations": []
  },
  {
    "para_id": "14068.9515010",
    "id_prev": "14068.9515009",
    "id_next": "14068.9515011",
    "refcode_1": "18LtMs",
    "refcode_2": "1",
    "refcode_3": "5474",
    "refcode_4": "1903103700",
    "refcode_short": "18LtMs, Ms 37, 1903, par. 3",
    "refcode_long": "Letters and Manuscripts — Volume 18 (1903), Ms 37, 1903, par. 3",
    "element_type": "p",
    "element_subtype": "standard-indented",
    "content": "&ldquo;Stand therefore, having your loins girt about with truth, and having on the breastplate of righteousness; and your feet shod with the preparation of the gospel of peace.&rdquo; [<span class=\"egwlink egwlink_bible\" title=\"Ephesians 6:14\" data-link=\"1965.59857\">Ephesians 6:14, 15</span>.]",
    "puborder": 7757,
    "translations": []
  },
  {
    "para_id": "14068.9515011",
    "id_prev": "14068.9515010",
    "id_next": "14068.9515012",
    "refcode_1": "18LtMs",
    "refcode_2": "1",
    "refcode_3": "5475",
    "refcode_4": "1903103700",
    "refcode_short": "18LtMs, Ms 37, 1903, par. 4",
    "refcode_long": "Letters and Manuscripts — Volume 18 (1903), Ms 37, 1903, par. 4",
    "element_type": "p",
    "element_subtype": "standard-indented",
    "content": "Will our brethren consider these words and walk softly before God, treading in the footprints of Jesus?",
    "puborder": 7758,
    "translations": []
  },
  {
    "para_id": "14068.9515012",
    "id_prev": "14068.9515011",
    "id_next": "14068.9515013",
    "refcode_1": "18LtMs",
    "refcode_2": "1",
    "refcode_3": "5476",
    "refcode_4": "1903103700",
    "refcode_short": "18LtMs, Ms 37, 1903, par. 5",
    "refcode_long": "Letters and Manuscripts — Volume 18 (1903), Ms 37, 1903, par. 5",
    "element_type": "p",
    "element_subtype": "standard-indented",
    "content": "&ldquo;I, therefore, the prisoner of the Lord, beseech you that ye walk worthy of the vocation wherewith ye are called; with all lowliness and meekness, with longsuffering, forbearing one another in love; endeavouring to keep the unity of the Spirit in the bond of peace. There is one body, and one Spirit, even as ye are called in one hope of your calling; one Lord, one faith, one baptism, one God and Father of all, who is above all, and through all, and in you all. But unto every one of us is given grace according to the measure of the gift of Christ. Wherefore He saith, when He ascended up on high, He led captivity captive and gave gifts unto men.&rdquo; [<span class=\"egwlink egwlink_bible\" title=\"Ephesians 4:1\" data-link=\"1965.59699\">Ephesians 4:1-8</span>.]",
    "puborder": 7759,
    "translations": []
  },
  {
    "para_id": "14068.9515013",
    "id_prev": "14068.9515012",
    "id_next": "14068.9515014",
    "refcode_1": "18LtMs",
    "refcode_2": "1",
    "refcode_3": "5477",
    "refcode_4": "1903103700",
    "refcode_short": "18LtMs, Ms 37, 1903, par. 6",
    "refcode_long": "Letters and Manuscripts — Volume 18 (1903), Ms 37, 1903, par. 6",
    "element_type": "p",
    "element_subtype": "standard-indented",
    "content": "&ldquo;And He gave some, apostles; and some, prophets; and some, evangelists; and some, pastors and teachers; for the perfecting of the saints, for the work of the ministry, for the edifying of the body of Christ; till we all come in the unity of the faith, and of the knowledge of the Son of God, unto a perfect man, unto the measure of the stature of the fulness of Christ: that we henceforth be no more children, tossed to and fro, and carried about with every wind of doctrine, by the sleight of men, and cunning craftiness, whereby they lie in wait to deceive.&rdquo; [<span class=\"egwlink egwlink_bible\" title=\"Ephesians 4:11\" data-link=\"1965.59719\">Verses 11-14</span>.]",
    "puborder": 7760,
    "translations": []
  },
  {
    "para_id": "14068.9515014",
    "id_prev": "14068.9515013",
    "id_next": "14068.9515015",
    "refcode_1": "18LtMs",
    "refcode_2": "1",
    "refcode_3": "5478",
    "refcode_4": "1903103700",
    "refcode_short": "18LtMs, Ms 37, 1903, par. 7",
    "refcode_long": "Letters and Manuscripts — Volume 18 (1903), Ms 37, 1903, par. 7",
    "element_type": "p",
    "element_subtype": "standard-indented",
    "content": "The Lord, He is God, and beside Him there is none else. When Satan can bring his craftiness to bear on human minds, deceptive influences are received [as coming] from heaven. If his deceptions are allowed to enter, many souls will be ensnared by them before it is seen that they are not from God, but from the enemy of all righteousness.",
    "puborder": 7761,
    "translations": []
  },
  {
    "para_id": "14068.9515015",
    "id_prev": "14068.9515014",
    "id_next": "14068.9515016",
    "refcode_1": "18LtMs",
    "refcode_2": "1",
    "refcode_3": "5479",
    "refcode_4": "1903103700",
    "refcode_short": "18LtMs, Ms 37, 1903, par. 8",
    "refcode_long": "Letters and Manuscripts — Volume 18 (1903), Ms 37, 1903, par. 8",
    "element_type": "p",
    "element_subtype": "standard-indented",
    "content": "I assure [you] that it will be one of our perplexities to distinguish the genuine from the spurious. Deception steals in unawares, just as it stole into the heavenly courts. Satan sought to undermine the confidence of the angels in God&rsquo;s government. He desired the place occupied by Christ, having it in his mind, if he gained this position, to make an effort to take the place of God. Adroitly he presented his suggestions to the angels, and many of them received these suggestions. He left his insinuations in their minds to develop. They, not as cautious as their leader, began to communicate their new theories. Satan was the originator of the doubts that they expressed, but he presented them as the opinions of a large number of the angels, and as such, something that should be considered.",
    "puborder": 7762,
    "translations": []
  },
  {
    "para_id": "14068.9515016",
    "id_prev": "14068.9515015",
    "id_next": "14068.9515017",
    "refcode_1": "18LtMs",
    "refcode_2": "1",
    "refcode_3": "5480",
    "refcode_4": "1903103700",
    "refcode_short": "18LtMs, Ms 37, 1903, par. 9",
    "refcode_long": "Letters and Manuscripts — Volume 18 (1903), Ms 37, 1903, par. 9",
    "element_type": "p",
    "element_subtype": "standard-indented",
    "content": "Today Satan works with deceptive guile to captivate human beings by his deceptive theories. The warning to beware of allowing him to enter comes sounding down along the line to our time.",
    "puborder": 7763,
    "translations": []
  },
  {
    "para_id": "14068.9515017",
    "id_prev": "14068.9515016",
    "id_next": "14068.9127001",
    "refcode_1": "18LtMs",
    "refcode_2": "1",
    "refcode_3": "5481",
    "refcode_4": "1903103700",
    "refcode_short": "18LtMs, Ms 37, 1903, par. 10",
    "refcode_long": "Letters and Manuscripts — Volume 18 (1903), Ms 37, 1903, par. 10",
    "element_type": "p",
    "element_subtype": "standard-indented",
    "content": "Let none suppose, because they have been used as the Lord&rsquo;s instrumentalities, that they are all sufficient. The Lord uses men and honors them by giving them His wisdom, as long as they are true to Him and do not gather glory to themselves. Those who take themselves out of the Lord&rsquo;s hands, and think themselves capable of managing the work, are not led by His Spirit, but by &ldquo;another spirit.&rdquo; [<span class=\"egwlink egwlink_bible\" title=\"2 Corinthians 11:4\" data-link=\"1965.59125\">2 Corinthians 11:4</span>.] Satan steps in, and they change leaders. Then comes the crookedness and subtlety of the serpent&rsquo;s guile.",
    "puborder": 7764,
    "translations": []
  }
]