[
  {
    "para_id": "14068.10117001",
    "id_prev": "14068.9682023",
    "id_next": "14068.10117004",
    "refcode_1": "18LtMs",
    "refcode_2": "1",
    "refcode_3": "",
    "refcode_4": "1903020300",
    "refcode_short": "18LtMs, Lt 203, 1903",
    "refcode_long": "Letters and Manuscripts — Volume 18 (1903), Lt 203, 1903",
    "element_type": "h4",
    "element_subtype": "",
    "content": "Lt 203, 1903",
    "puborder": 4489,
    "translations": []
  },
  {
    "para_id": "14068.10117004",
    "id_prev": "14068.10117001",
    "id_next": "14068.10117002",
    "refcode_1": "18LtMs",
    "refcode_2": "1",
    "refcode_3": "",
    "refcode_4": "1903020300",
    "refcode_short": "",
    "refcode_long": "",
    "element_type": "p",
    "element_subtype": "ltaddressee",
    "content": "Nashville Publishing House",
    "puborder": 4490,
    "translations": []
  },
  {
    "para_id": "14068.10117002",
    "id_prev": "14068.10117004",
    "id_next": "14068.10117003",
    "refcode_1": "18LtMs",
    "refcode_2": "1",
    "refcode_3": "",
    "refcode_4": "1903020300",
    "refcode_short": "",
    "refcode_long": "",
    "element_type": "p",
    "element_subtype": "ltplace",
    "content": "<span class=\"ltplace\" value=\"St. Helena, California\">&ldquo;Elmshaven,&rdquo; St. Helena, California</span>",
    "puborder": 4491,
    "translations": []
  },
  {
    "para_id": "14068.10117003",
    "id_prev": "14068.10117002",
    "id_next": "14068.10117005",
    "refcode_1": "18LtMs",
    "refcode_2": "1",
    "refcode_3": "",
    "refcode_4": "1903020300",
    "refcode_short": "",
    "refcode_long": "",
    "element_type": "p",
    "element_subtype": "ltdate",
    "content": "<span class=\"ltdate\" start=\"September 14, 1903\">September 14, 1903</span>",
    "puborder": 4492,
    "translations": []
  },
  {
    "para_id": "14068.10117005",
    "id_prev": "14068.10117003",
    "id_next": "14068.10117006",
    "refcode_1": "18LtMs",
    "refcode_2": "1",
    "refcode_3": "",
    "refcode_4": "1903020300",
    "refcode_short": "",
    "refcode_long": "",
    "element_type": "p",
    "element_subtype": "ltpubinfo",
    "content": "Portions of this letter are published in <span class=\"egwlink egwlink_book\" title=\"SD 321\" data-link=\"102.2195\">SD 321</span>; <span class=\"egwlink egwlink_book\" title=\"TDG 266\" data-link=\"149.1972\">TDG 266</span>.",
    "puborder": 4493,
    "translations": []
  },
  {
    "para_id": "14068.10117006",
    "id_prev": "14068.10117005",
    "id_next": "14068.10117007",
    "refcode_1": "18LtMs",
    "refcode_2": "1",
    "refcode_3": "",
    "refcode_4": "1903020300",
    "refcode_short": "",
    "refcode_long": "",
    "element_type": "p",
    "element_subtype": "ltaddress",
    "content": "To those in positions of responsibility in the Nashville Publishing House",
    "puborder": 4494,
    "translations": []
  },
  {
    "para_id": "14068.10117007",
    "id_prev": "14068.10117006",
    "id_next": "14068.10117008",
    "refcode_1": "18LtMs",
    "refcode_2": "1",
    "refcode_3": "",
    "refcode_4": "1903020300",
    "refcode_short": "",
    "refcode_long": "",
    "element_type": "p",
    "element_subtype": "ltsalutation",
    "content": "My dear brethren,&mdash;",
    "puborder": 4495,
    "translations": []
  },
  {
    "para_id": "14068.10117008",
    "id_prev": "14068.10117007",
    "id_next": "14068.10117009",
    "refcode_1": "18LtMs",
    "refcode_2": "1",
    "refcode_3": "3135",
    "refcode_4": "1903020300",
    "refcode_short": "18LtMs, Lt 203, 1903, par. 1",
    "refcode_long": "Letters and Manuscripts — Volume 18 (1903), Lt 203, 1903, par. 1",
    "element_type": "p",
    "element_subtype": "standard-indented",
    "content": "I am charged with a message to you from the Lord. Seek Him earnestly while He may be found. He is acquainted with the spirit that you reveal in your purposes and plans. Do not carry yourselves proudly. You need to clear the King&rsquo;s highway. There are to be no gods amongst us. One is our God. He is to be feared and honored by every one. All plans of worldly policy are to be abolished. A spiritual order of things is to be brought in.",
    "puborder": 4496,
    "translations": []
  },
  {
    "para_id": "14068.10117009",
    "id_prev": "14068.10117008",
    "id_next": "14068.10117010",
    "refcode_1": "18LtMs",
    "refcode_2": "1",
    "refcode_3": "3136",
    "refcode_4": "1903020300",
    "refcode_short": "18LtMs, Lt 203, 1903, par. 2",
    "refcode_long": "Letters and Manuscripts — Volume 18 (1903), Lt 203, 1903, par. 2",
    "element_type": "p",
    "element_subtype": "standard-indented",
    "content": "The Lord desires the men connected with our publishing houses to be men who are worked by the Holy Spirit. If the spirit continues to control those in positions of responsibility in the publishing house at Nashville that has controlled them in the past, the same commercial spirit will be brought into this institution that was brought into the publishing house in Battle Creek. Those who have been leavened by this spirit&mdash;I shall not call them by name&mdash;are in need of the converting power of the Holy Spirit on mind and heart.",
    "puborder": 4497,
    "translations": []
  },
  {
    "para_id": "14068.10117010",
    "id_prev": "14068.10117009",
    "id_next": "14068.10117011",
    "refcode_1": "18LtMs",
    "refcode_2": "1",
    "refcode_3": "3137",
    "refcode_4": "1903020300",
    "refcode_short": "18LtMs, Lt 203, 1903, par. 3",
    "refcode_long": "Letters and Manuscripts — Volume 18 (1903), Lt 203, 1903, par. 3",
    "element_type": "p",
    "element_subtype": "standard-indented",
    "content": "I copy some extracts from my diary. On March 1, 1903, I wrote:",
    "puborder": 4498,
    "translations": []
  },
  {
    "para_id": "14068.10117011",
    "id_prev": "14068.10117010",
    "id_next": "14068.10117012",
    "refcode_1": "18LtMs",
    "refcode_2": "1",
    "refcode_3": "3138",
    "refcode_4": "1903020300",
    "refcode_short": "18LtMs, Lt 203, 1903, par. 4",
    "refcode_long": "Letters and Manuscripts — Volume 18 (1903), Lt 203, 1903, par. 4",
    "element_type": "p",
    "element_subtype": "standard-indented",
    "content": "&ldquo;There are some things that I cannot forbear stating to my brethren standing in positions of responsibility in the Nashville Publishing House. Your danger is in supposing that position gives you power. You are constantly to learn of Christ. While you are influenced by the same spirit that has borne sway in the past, it will be impossible for unity and love and sympathy and deep humility to exist amongst you.",
    "puborder": 4499,
    "translations": []
  },
  {
    "para_id": "14068.10117012",
    "id_prev": "14068.10117011",
    "id_next": "14068.10117013",
    "refcode_1": "18LtMs",
    "refcode_2": "1",
    "refcode_3": "3139",
    "refcode_4": "1903020300",
    "refcode_short": "18LtMs, Lt 203, 1903, par. 5",
    "refcode_long": "Letters and Manuscripts — Volume 18 (1903), Lt 203, 1903, par. 5",
    "element_type": "p",
    "element_subtype": "standard-indented",
    "content": "&ldquo;The cold barrenness of soul that is seen is detrimental to the missionary work which the Lord desires to see done. The leaven of selfishness and self-exaltation will grow and prevail unless, every day and every hour, humility of mind and heart is cherished.",
    "puborder": 4500,
    "translations": []
  },
  {
    "para_id": "14068.10117013",
    "id_prev": "14068.10117012",
    "id_next": "14068.10117014",
    "refcode_1": "18LtMs",
    "refcode_2": "1",
    "refcode_3": "3140",
    "refcode_4": "1903020300",
    "refcode_short": "18LtMs, Lt 203, 1903, par. 6",
    "refcode_long": "Letters and Manuscripts — Volume 18 (1903), Lt 203, 1903, par. 6",
    "element_type": "p",
    "element_subtype": "standard-indented",
    "content": "&ldquo;Let the men who stand as leaders in the work of God, and whose work affects others, feel the obligation resting on them to stand ever under the orders of Him who declares that their work is to bear the stamp of heaven. My brethren, unless the commercial work received into the office bears the index and symbol of the divine, it will be a sure snare to the apprentices, who look to the men in responsibility for instruction in business and spiritual lines.&rdquo;",
    "puborder": 4501,
    "translations": []
  },
  {
    "para_id": "14068.10117014",
    "id_prev": "14068.10117013",
    "id_next": "14068.10117015",
    "refcode_1": "18LtMs",
    "refcode_2": "1",
    "refcode_3": "3141",
    "refcode_4": "1903020300",
    "refcode_short": "18LtMs, Lt 203, 1903, par. 7",
    "refcode_long": "Letters and Manuscripts — Volume 18 (1903), Lt 203, 1903, par. 7",
    "element_type": "p",
    "element_subtype": "standard-indented",
    "content": "On July 29, 1903, I wrote:",
    "puborder": 4502,
    "translations": []
  },
  {
    "para_id": "14068.10117015",
    "id_prev": "14068.10117014",
    "id_next": "14068.10117016",
    "refcode_1": "18LtMs",
    "refcode_2": "1",
    "refcode_3": "3142",
    "refcode_4": "1903020300",
    "refcode_short": "18LtMs, Lt 203, 1903, par. 8",
    "refcode_long": "Letters and Manuscripts — Volume 18 (1903), Lt 203, 1903, par. 8",
    "element_type": "p",
    "element_subtype": "standard-indented",
    "content": "&ldquo;I am carrying a heavy burden for the work in the Southern field. He who bears responsibilities that bring him into contact with others needs a heart that is not a stranger to the influence and teaching of the Holy Spirit. I hope and pray that the men who shall act a part in the publishing house at Nashville will not steel their hearts against the ministration of the Holy Spirit. Angels are watching every movement made.",
    "puborder": 4503,
    "translations": []
  },
  {
    "para_id": "14068.10117016",
    "id_prev": "14068.10117015",
    "id_next": "14068.10117017",
    "refcode_1": "18LtMs",
    "refcode_2": "1",
    "refcode_3": "3143",
    "refcode_4": "1903020300",
    "refcode_short": "18LtMs, Lt 203, 1903, par. 9",
    "refcode_long": "Letters and Manuscripts — Volume 18 (1903), Lt 203, 1903, par. 9",
    "element_type": "p",
    "element_subtype": "standard-indented",
    "content": "&ldquo;The experience of the past will be repeated by the course of the leading men in this institution unless their self-sufficient spirit is exchanged for the spirit of truth, candor, and Christian courtesy. A thorough conversion alone can make them men that God can use. There is much self-confidence, combined with worldly policy methods. The Lord calls for a change of heart, mind, and character. These men must lay off their self-assurance. The love of Jesus does not rule in their hearts as a living, transforming power. I say to them, Be sure that you are not fit to occupy a position of trust in God&rsquo;s cause unless you are daily learning of the great Teacher. Remember that you are under God&rsquo;s orders.",
    "puborder": 4504,
    "translations": []
  },
  {
    "para_id": "14068.10117017",
    "id_prev": "14068.10117016",
    "id_next": "14068.10117018",
    "refcode_1": "18LtMs",
    "refcode_2": "1",
    "refcode_3": "3144",
    "refcode_4": "1903020300",
    "refcode_short": "18LtMs, Lt 203, 1903, par. 10",
    "refcode_long": "Letters and Manuscripts — Volume 18 (1903), Lt 203, 1903, par. 10",
    "element_type": "p",
    "element_subtype": "standard-indented",
    "content": "&ldquo;The work of God in the South has not been appreciated or wisely carried forward. It is years behind because there has been, on the part of those engaged in it, a lack of true courtesy, of genuine Christian fellowship. Their long-continued need has been the light and love of God.",
    "puborder": 4505,
    "translations": []
  },
  {
    "para_id": "14068.10117018",
    "id_prev": "14068.10117017",
    "id_next": "14068.10117019",
    "refcode_1": "18LtMs",
    "refcode_2": "1",
    "refcode_3": "3145",
    "refcode_4": "1903020300",
    "refcode_short": "18LtMs, Lt 203, 1903, par. 11",
    "refcode_long": "Letters and Manuscripts — Volume 18 (1903), Lt 203, 1903, par. 11",
    "element_type": "p",
    "element_subtype": "standard-indented",
    "content": "&ldquo;When men are chosen to fill positions of trust in the work of God, they are placed on trial. If they do not bear the test, if they show that they are not converted, they must not be allowed to remain where they will hinder the progress of God&rsquo;s work by bringing in wrong methods. Such men place a heavy burden upon those connected with them. What do they need?&mdash;A reconversion. They need to know what it means to seek for and receive wisdom from on high. They need to realize that in thought, words, and deed they must undergo an entire transformation before they can offer God acceptable service.",
    "puborder": 4506,
    "translations": []
  },
  {
    "para_id": "14068.10117019",
    "id_prev": "14068.10117018",
    "id_next": "14068.10117020",
    "refcode_1": "18LtMs",
    "refcode_2": "1",
    "refcode_3": "3146",
    "refcode_4": "1903020300",
    "refcode_short": "18LtMs, Lt 203, 1903, par. 12",
    "refcode_long": "Letters and Manuscripts — Volume 18 (1903), Lt 203, 1903, par. 12",
    "element_type": "p",
    "element_subtype": "standard-indented",
    "content": "&ldquo;The prayer recorded in the <span class=\"egwlink egwlink_bible\" title=\"Daniel 9:4\" data-link=\"1965.44873\">ninth chapter of Daniel</span> was offered by one who had long been in the service of God, and who had received the commendation of God. Yet Daniel appeared before God as a sinner, pleading the great need of the people he loved. His prayer is eloquent in its simplicity; for he was intensely in earnest. Read this prayer, and then ask the Lord to indite your prayers. Ask Him to help you to pray with Christlike fervor. With humility and contrition confess your mistakes and errors, and repent before God. Oh, your prayers mean very little; for they are cold and lifeless. You have not a personal acquaintance with Jesus of Nazareth. How can you, then, bring light and power and grace and righteousness into your work for Him?",
    "puborder": 4507,
    "translations": []
  },
  {
    "para_id": "14068.10117020",
    "id_prev": "14068.10117019",
    "id_next": "14068.10117021",
    "refcode_1": "18LtMs",
    "refcode_2": "1",
    "refcode_3": "3147",
    "refcode_4": "1903020300",
    "refcode_short": "18LtMs, Lt 203, 1903, par. 13",
    "refcode_long": "Letters and Manuscripts — Volume 18 (1903), Lt 203, 1903, par. 13",
    "element_type": "p",
    "element_subtype": "standard-indented",
    "content": "&ldquo;When men feel their deficiency, there is hope that they will take hold of Him who is their power and efficiency. But while they are self-complacent, content to move in accordance with their deficient human judgment, there is no hope of a change for the better.",
    "puborder": 4508,
    "translations": []
  },
  {
    "para_id": "14068.10117021",
    "id_prev": "14068.10117020",
    "id_next": "14068.10117022",
    "refcode_1": "18LtMs",
    "refcode_2": "1",
    "refcode_3": "3148",
    "refcode_4": "1903020300",
    "refcode_short": "18LtMs, Lt 203, 1903, par. 14",
    "refcode_long": "Letters and Manuscripts — Volume 18 (1903), Lt 203, 1903, par. 14",
    "element_type": "p",
    "element_subtype": "standard-indented",
    "content": "&ldquo;The Lord calls upon those who claim to be His children to make no deceptive pretensions, but to seek Him in earnestness and sincerity. Let them remember that their words, their acts, their work, their worship of God have an influence upon those connected with them.",
    "puborder": 4509,
    "translations": []
  },
  {
    "para_id": "14068.10117022",
    "id_prev": "14068.10117021",
    "id_next": "14068.10117023",
    "refcode_1": "18LtMs",
    "refcode_2": "1",
    "refcode_3": "3149",
    "refcode_4": "1903020300",
    "refcode_short": "18LtMs, Lt 203, 1903, par. 15",
    "refcode_long": "Letters and Manuscripts — Volume 18 (1903), Lt 203, 1903, par. 15",
    "element_type": "p",
    "element_subtype": "standard-indented",
    "content": "&ldquo;My brethren, if you have a realization of the responsibility resting on you, you will seek earnestly for true conversion. We need men now who have been proved and tried and tested. The position in which you stand demands men who fear and tremble because of their inefficiency. Remember that you will either grow in grace, or in a spirit of cold pharisaism. Will you now change your attitude? Will you now make thorough work for eternity?&rdquo;",
    "puborder": 4510,
    "translations": []
  },
  {
    "para_id": "14068.10117023",
    "id_prev": "14068.10117022",
    "id_next": "14068.10117024",
    "refcode_1": "18LtMs",
    "refcode_2": "1",
    "refcode_3": "3150",
    "refcode_4": "1903020300",
    "refcode_short": "18LtMs, Lt 203, 1903, par. 16",
    "refcode_long": "Letters and Manuscripts — Volume 18 (1903), Lt 203, 1903, par. 16",
    "element_type": "p",
    "element_subtype": "standard-indented",
    "content": "Harmony and unity are to prevail amongst those in charge of the publishing work at Nashville. These men are to conduct themselves in all humility. Some who in the past have acted a part in this institution have had their secret councils, which pleased themselves, but at which the presiding office, the great I AM, was not present. They supposed that they were doing the will of God, but by their spirit and actions they greatly retarded the work of God. Two or three, destitute of the Holy Spirit and of the warmth of Christ&rsquo;s love, linked themselves together and thought that in their own wisdom they would carry matters forward. Evil was the result.",
    "puborder": 4511,
    "translations": []
  },
  {
    "para_id": "14068.10117024",
    "id_prev": "14068.10117023",
    "id_next": "14068.10117025",
    "refcode_1": "18LtMs",
    "refcode_2": "1",
    "refcode_3": "3151",
    "refcode_4": "1903020300",
    "refcode_short": "18LtMs, Lt 203, 1903, par. 17",
    "refcode_long": "Letters and Manuscripts — Volume 18 (1903), Lt 203, 1903, par. 17",
    "element_type": "p",
    "element_subtype": "standard-indented",
    "content": "Abraham was chosen by God to be a representative of Himself. He was bidden to leave his kindred and his father&rsquo;s house and go into a land that he knew not. He was chosen to introduce a new order of things into the country to which he was called. He was to live in close communion with God. He was to receive his orders from God, and his life and character were to be fashioned according to God&rsquo;s designing. He was to receive instruction from God and give it to the members of his family. He was to be the priest of his household. Upon him was enjoined the cultivation of home religion. He was to cause the will of God to be respected and obeyed. He was to do nothing in a scheming, underhand way, nothing that would in any sense dishonor God.",
    "puborder": 4512,
    "translations": []
  },
  {
    "para_id": "14068.10117025",
    "id_prev": "14068.10117024",
    "id_next": "14068.10117026",
    "refcode_1": "18LtMs",
    "refcode_2": "1",
    "refcode_3": "3152",
    "refcode_4": "1903020300",
    "refcode_short": "18LtMs, Lt 203, 1903, par. 18",
    "refcode_long": "Letters and Manuscripts — Volume 18 (1903), Lt 203, 1903, par. 18",
    "element_type": "p",
    "element_subtype": "standard-indented",
    "content": "Abraham obeyed the word of the Lord. His large household, consisting of more than a thousand souls, was controlled by Christian principles. The searcher of hearts, He who blessed the habitations of the just, said of him, &ldquo;I know him, that he will command his children and his household after him, and they shall keep the way of the Lord, to do justice and judgment.&rdquo; [<span class=\"egwlink egwlink_bible\" title=\"Genesis 18:19\" data-link=\"1965.908\">Genesis 18:19</span>.]",
    "puborder": 4513,
    "translations": []
  },
  {
    "para_id": "14068.10117026",
    "id_prev": "14068.10117025",
    "id_next": "14068.10117027",
    "refcode_1": "18LtMs",
    "refcode_2": "1",
    "refcode_3": "3153",
    "refcode_4": "1903020300",
    "refcode_short": "18LtMs, Lt 203, 1903, par. 19",
    "refcode_long": "Letters and Manuscripts — Volume 18 (1903), Lt 203, 1903, par. 19",
    "element_type": "p",
    "element_subtype": "standard-indented",
    "content": "It is the omnipotent God who is speaking, and in His words there can be neither hypocrisy nor deceit. &ldquo;I know him, that he will command his children and his household after him. There will be on his part no betrayal of the truth, no yielding to the guidance of any one but God. I know that he will obey the laws of heaven.&rdquo;",
    "puborder": 4514,
    "translations": []
  },
  {
    "para_id": "14068.10117027",
    "id_prev": "14068.10117026",
    "id_next": "14068.10117028",
    "refcode_1": "18LtMs",
    "refcode_2": "1",
    "refcode_3": "3154",
    "refcode_4": "1903020300",
    "refcode_short": "18LtMs, Lt 203, 1903, par. 20",
    "refcode_long": "Letters and Manuscripts — Volume 18 (1903), Lt 203, 1903, par. 20",
    "element_type": "p",
    "element_subtype": "standard-indented",
    "content": "Why was Abraham thus honored by the Lord? He was a man whom God could trust. He was a man of faith, who always followed principles of the strictest integrity. In all his business transactions he was courteous and honorable. His life was controlled by Christian politeness, and he placed the service of the Lord before all else. He would not swerve a hair&rsquo;s breadth from pure, Christian principles. He did not forget that his first duty was to God.",
    "puborder": 4515,
    "translations": []
  },
  {
    "para_id": "14068.10117028",
    "id_prev": "14068.10117027",
    "id_next": "14068.10117029",
    "refcode_1": "18LtMs",
    "refcode_2": "1",
    "refcode_3": "3155",
    "refcode_4": "1903020300",
    "refcode_short": "18LtMs, Lt 203, 1903, par. 21",
    "refcode_long": "Letters and Manuscripts — Volume 18 (1903), Lt 203, 1903, par. 21",
    "element_type": "p",
    "element_subtype": "standard-indented",
    "content": "The history of Abraham should be studied by those who are building up the work in Nashville. The same spirit that was to control in the home of the patriarch is to control in the institutions established for the advancement of the work of the Lord.",
    "puborder": 4516,
    "translations": []
  },
  {
    "para_id": "14068.10117029",
    "id_prev": "14068.10117028",
    "id_next": "14068.10117030",
    "refcode_1": "18LtMs",
    "refcode_2": "1",
    "refcode_3": "3156",
    "refcode_4": "1903020300",
    "refcode_short": "18LtMs, Lt 203, 1903, par. 22",
    "refcode_long": "Letters and Manuscripts — Volume 18 (1903), Lt 203, 1903, par. 22",
    "element_type": "p",
    "element_subtype": "standard-indented",
    "content": "Some who have been handling sacred things have lost a sense of their sacredness and treat them as common matters. Unless they change, the Lord will remove them from His work. He will not have His work carried on in the way in which it has been carried on in the past. The Lord&rsquo;s name will be magnified if His servants will serve Him. Let them not regard the time as lost that is spent in spiritual devotion. Let them devote every capability of mind and body to keeping the way of the Lord.",
    "puborder": 4517,
    "translations": []
  },
  {
    "para_id": "14068.10117030",
    "id_prev": "14068.10117029",
    "id_next": "14068.10117031",
    "refcode_1": "18LtMs",
    "refcode_2": "1",
    "refcode_3": "3157",
    "refcode_4": "1903020300",
    "refcode_short": "18LtMs, Lt 203, 1903, par. 23",
    "refcode_long": "Letters and Manuscripts — Volume 18 (1903), Lt 203, 1903, par. 23",
    "element_type": "p",
    "element_subtype": "standard-indented",
    "content": "Those who stand in the work of the Lord as counselors and teachers, but who have not the education and the training that the Lord declares essential for this work, might better stop right where they are and do as the disciples did&mdash;make prayer and confession and humiliation their first work until they understand that they are but finite, erring men, who must daily learn their lessons from Him who taught Abraham how to be a Christian gentleman.",
    "puborder": 4518,
    "translations": []
  },
  {
    "para_id": "14068.10117031",
    "id_prev": "14068.10117030",
    "id_next": "14068.10117032",
    "refcode_1": "18LtMs",
    "refcode_2": "1",
    "refcode_3": "3158",
    "refcode_4": "1903020300",
    "refcode_short": "18LtMs, Lt 203, 1903, par. 24",
    "refcode_long": "Letters and Manuscripts — Volume 18 (1903), Lt 203, 1903, par. 24",
    "element_type": "p",
    "element_subtype": "standard-indented",
    "content": "The Lord revealed Himself to Abraham in the visions of the night and word by word gave him his instruction. O that today men would humble their proud hearts and let the sight of the Omniscient One so impress them that they would strip from them their self-importance and self-assumed dignity, feeling that they are only the Lord&rsquo;s little children, and that they must learn from Him how to behave as gentlemen and gentlewomen. Through careful training under Bible precepts, they may become members of the royal family, children of the heavenly King.",
    "puborder": 4519,
    "translations": []
  },
  {
    "para_id": "14068.10117032",
    "id_prev": "14068.10117031",
    "id_next": "14068.10117033",
    "refcode_1": "18LtMs",
    "refcode_2": "1",
    "refcode_3": "3159",
    "refcode_4": "1903020300",
    "refcode_short": "18LtMs, Lt 203, 1903, par. 25",
    "refcode_long": "Letters and Manuscripts — Volume 18 (1903), Lt 203, 1903, par. 25",
    "element_type": "p",
    "element_subtype": "standard-indented",
    "content": "The principles that guided Abraham must be followed by the members of the Nashville church, if they would be lights in the world. The members of this church must be living witnesses for God. They must be filled with zeal; for there is a heaven to win and a hell to shun.",
    "puborder": 4520,
    "translations": []
  },
  {
    "para_id": "14068.10117033",
    "id_prev": "14068.10117032",
    "id_next": "14068.10117034",
    "refcode_1": "18LtMs",
    "refcode_2": "1",
    "refcode_3": "3160",
    "refcode_4": "1903020300",
    "refcode_short": "18LtMs, Lt 203, 1903, par. 26",
    "refcode_long": "Letters and Manuscripts — Volume 18 (1903), Lt 203, 1903, par. 26",
    "element_type": "p",
    "element_subtype": "standard-indented",
    "content": "&ldquo;I know him that he will command his children and his household after him, and they shall keep the way of the Lord.&rdquo; [<span class=\"egwlink egwlink_bible\" title=\"Genesis 18:19\" data-link=\"1965.908\">Verse 19</span>.] Parents are never to show harshness and roughness in their treatment of their children. They are to show the gentleness of Christ. They are to keep the way of the Lord, guiding their children in this way, daily revealing the Saviour&rsquo;s love and tenderness, daily obeying the principles of truth.",
    "puborder": 4521,
    "translations": []
  },
  {
    "para_id": "14068.10117034",
    "id_prev": "14068.10117033",
    "id_next": "14068.10117035",
    "refcode_1": "18LtMs",
    "refcode_2": "1",
    "refcode_3": "3161",
    "refcode_4": "1903020300",
    "refcode_short": "18LtMs, Lt 203, 1903, par. 27",
    "refcode_long": "Letters and Manuscripts — Volume 18 (1903), Lt 203, 1903, par. 27",
    "element_type": "p",
    "element_subtype": "standard-indented",
    "content": "The Christian parent should never lose the sense that he is one of God&rsquo;s little children, and that he is to cultivate a courteous, compassionate disposition, because he is an educator. He is to represent Jesus to his children. In his dealing with them, there is to be seen no impetuosity, and neither is there to be seen the cold, icy dignity that freezes love in the heart. He is to be so kind, so tender, that the hearts of the children will be softened and subdued, prepared to receive the love and grace of Christ.",
    "puborder": 4522,
    "translations": []
  },
  {
    "para_id": "14068.10117035",
    "id_prev": "14068.10117034",
    "id_next": "14068.10117036",
    "refcode_1": "18LtMs",
    "refcode_2": "1",
    "refcode_3": "3162",
    "refcode_4": "1903020300",
    "refcode_short": "18LtMs, Lt 203, 1903, par. 28",
    "refcode_long": "Letters and Manuscripts — Volume 18 (1903), Lt 203, 1903, par. 28",
    "element_type": "p",
    "element_subtype": "standard-indented",
    "content": "No harsh words are to be spoken by a Christian to any one, old or young. Such words are prompted by the enemy.",
    "puborder": 4523,
    "translations": []
  },
  {
    "para_id": "14068.10117036",
    "id_prev": "14068.10117035",
    "id_next": "14068.10117037",
    "refcode_1": "18LtMs",
    "refcode_2": "1",
    "refcode_3": "3163",
    "refcode_4": "1903020300",
    "refcode_short": "18LtMs, Lt 203, 1903, par. 29",
    "refcode_long": "Letters and Manuscripts — Volume 18 (1903), Lt 203, 1903, par. 29",
    "element_type": "p",
    "element_subtype": "standard-indented",
    "content": "My brethren, do not be so coldly proper toward those with whom you meet in service and worship that you freeze the souls that are in need of the warmth of the love of Christ. Do not let your children or the young people in your charge in the office learn from you to be cold and hard and unapproachable. This is a sin in the sight of a gracious, loving Saviour. Let your hearts break before God. Let Christ come in and bless you. Let the light of His love shine into your poor selfish hearts, making you sweet tempered and amiable.",
    "puborder": 4524,
    "translations": []
  },
  {
    "para_id": "14068.10117037",
    "id_prev": "14068.10117036",
    "id_next": "14068.10117038",
    "refcode_1": "18LtMs",
    "refcode_2": "1",
    "refcode_3": "3164",
    "refcode_4": "1903020300",
    "refcode_short": "18LtMs, Lt 203, 1903, par. 30",
    "refcode_long": "Letters and Manuscripts — Volume 18 (1903), Lt 203, 1903, par. 30",
    "element_type": "p",
    "element_subtype": "standard-indented",
    "content": "We are taught in the Word of God to be kind, tender, pitiful, courteous. Cultivate Christlike love. Let all that you do bear the impress of this love. Those who do not speak the words and do the works of Christ are trying to climb into heaven by some other way than through the door.",
    "puborder": 4525,
    "translations": []
  },
  {
    "para_id": "14068.10117038",
    "id_prev": "14068.10117037",
    "id_next": "14068.10117039",
    "refcode_1": "18LtMs",
    "refcode_2": "1",
    "refcode_3": "3165",
    "refcode_4": "1903020300",
    "refcode_short": "18LtMs, Lt 203, 1903, par. 31",
    "refcode_long": "Letters and Manuscripts — Volume 18 (1903), Lt 203, 1903, par. 31",
    "element_type": "p",
    "element_subtype": "standard-indented",
    "content": "In the prayer that Christ offered for His disciples just before His crucifixion, He said, &ldquo;For their sakes I sanctify Myself, that they also might be sanctified through the truth.&rdquo; [<span class=\"egwlink egwlink_bible\" title=\"John 17:19\" data-link=\"1965.54616\">John 17:19</span>.] My brethren, you who occupy positions of responsibility in the Lord&rsquo;s service, remember that Bible truth is not of the least value to you unless by it you are sanctified. Do not endeavor to preserve your cold, unchristlike dignity. This is not religion; it is not Christianity. What you need is the light that shines in the face of Christ, to cause your faces to shine with the brightness of His love. Put away your cast-iron dignity. God has not told you to cherish any such thing. Let your hearts be filled with the love of Christ. Then Christlike sympathy will shine forth from your faces.",
    "puborder": 4526,
    "translations": []
  },
  {
    "para_id": "14068.10117039",
    "id_prev": "14068.10117038",
    "id_next": "14068.10117040",
    "refcode_1": "18LtMs",
    "refcode_2": "1",
    "refcode_3": "3166",
    "refcode_4": "1903020300",
    "refcode_short": "18LtMs, Lt 203, 1903, par. 32",
    "refcode_long": "Letters and Manuscripts — Volume 18 (1903), Lt 203, 1903, par. 32",
    "element_type": "p",
    "element_subtype": "standard-indented",
    "content": "&ldquo;Neither pray I for these alone,&rdquo; Christ continued, &ldquo;but for them also which shall believe on Me through their word; that they all may be one, as Thou, Father, art in Me, and I in Thee, that they also may be one in Us; that the world may believe that Thou hast sent Me. And the glory which Thou gavest Me, I have given them; that they may be one, even as We are one; I in them, and Thou in Me.&rdquo; [<span class=\"egwlink egwlink_bible\" title=\"John 17:20\" data-link=\"1965.54618\">Verses 20-23</span>.]",
    "puborder": 4527,
    "translations": []
  },
  {
    "para_id": "14068.10117040",
    "id_prev": "14068.10117039",
    "id_next": "14068.10117041",
    "refcode_1": "18LtMs",
    "refcode_2": "1",
    "refcode_3": "3167",
    "refcode_4": "1903020300",
    "refcode_short": "18LtMs, Lt 203, 1903, par. 33",
    "refcode_long": "Letters and Manuscripts — Volume 18 (1903), Lt 203, 1903, par. 33",
    "element_type": "p",
    "element_subtype": "standard-indented",
    "content": "Do you not desire to do that which will make it possible for God to answer this prayer? It is by your Christian conduct, your righteousness, your unity, that you make it possible for Him to answer it. Do you think that you honor Christ by standing apart, determined that you will not blend with your fellow workers? Can conduct of this kind answer the prayer of Christ?",
    "puborder": 4528,
    "translations": []
  },
  {
    "para_id": "14068.10117041",
    "id_prev": "14068.10117040",
    "id_next": "14068.10117042",
    "refcode_1": "18LtMs",
    "refcode_2": "1",
    "refcode_3": "3168",
    "refcode_4": "1903020300",
    "refcode_short": "18LtMs, Lt 203, 1903, par. 34",
    "refcode_long": "Letters and Manuscripts — Volume 18 (1903), Lt 203, 1903, par. 34",
    "element_type": "p",
    "element_subtype": "standard-indented",
    "content": "Bring pleasantness and sweetness into your words and deeds. Then you will understand the meaning of the words, &ldquo;The glory which Thou gavest Me I have given them; that they may be one, even as We are one; I in them, and Thou in Me, that they may be made perfect in one.&rdquo; [<span class=\"egwlink egwlink_bible\" title=\"John 17:22\" data-link=\"1965.54622\">Verses 22, 23</span>.]",
    "puborder": 4529,
    "translations": []
  },
  {
    "para_id": "14068.10117042",
    "id_prev": "14068.10117041",
    "id_next": "14068.10117043",
    "refcode_1": "18LtMs",
    "refcode_2": "1",
    "refcode_3": "3169",
    "refcode_4": "1903020300",
    "refcode_short": "18LtMs, Lt 203, 1903, par. 35",
    "refcode_long": "Letters and Manuscripts — Volume 18 (1903), Lt 203, 1903, par. 35",
    "element_type": "p",
    "element_subtype": "standard-indented",
    "content": "Then comes the reason that shows why it is so important that Christ&rsquo;s followers should be united: &ldquo;That the world may know that Thou hast sent Me, and hast loved them, as Thou hast loved Me.&rdquo; [<span class=\"egwlink egwlink_bible\" title=\"John 17:23\" data-link=\"1965.54624\">Verse 23</span>.]",
    "puborder": 4530,
    "translations": []
  },
  {
    "para_id": "14068.10117043",
    "id_prev": "14068.10117042",
    "id_next": "14068.10117044",
    "refcode_1": "18LtMs",
    "refcode_2": "1",
    "refcode_3": "3170",
    "refcode_4": "1903020300",
    "refcode_short": "18LtMs, Lt 203, 1903, par. 36",
    "refcode_long": "Letters and Manuscripts — Volume 18 (1903), Lt 203, 1903, par. 36",
    "element_type": "p",
    "element_subtype": "standard-indented",
    "content": "&ldquo;Father, I will that they also, whom Thou hast given Me, be with Me where I am; that they may behold My glory, which Thou hast given Me; for Thou lovedst Me before the foundation of the world. O righteous Father, the world hath not known Thee, but I have known Thee, and these have known that Thou hast sent Me. And I have declared unto them Thy name, and will declare it; that the love wherewith Thou hast loved Me may be in them, and I in them.&rdquo; [<span class=\"egwlink egwlink_bible\" title=\"John 17:24\" data-link=\"1965.54626\">Verses 24-26</span>.]",
    "puborder": 4531,
    "translations": []
  },
  {
    "para_id": "14068.10117044",
    "id_prev": "14068.10117043",
    "id_next": "14068.10117045",
    "refcode_1": "18LtMs",
    "refcode_2": "1",
    "refcode_3": "3171",
    "refcode_4": "1903020300",
    "refcode_short": "18LtMs, Lt 203, 1903, par. 37",
    "refcode_long": "Letters and Manuscripts — Volume 18 (1903), Lt 203, 1903, par. 37",
    "element_type": "p",
    "element_subtype": "standard-indented",
    "content": "Do you understand this? You have the Word of God. Might you not better read and practice its teachings? You have lost your first love. Unless you repent, God will come to you quickly, and will remove the candlestick out of its place. I am bidden to tell you that when you love God and keep His commandments, you will possess Christlike characters. You will then be as different from what you are now as light and sunshine are different from shadow and tempest.",
    "puborder": 4532,
    "translations": []
  },
  {
    "para_id": "14068.10117045",
    "id_prev": "14068.10117044",
    "id_next": "14068.10117046",
    "refcode_1": "18LtMs",
    "refcode_2": "1",
    "refcode_3": "3172",
    "refcode_4": "1903020300",
    "refcode_short": "18LtMs, Lt 203, 1903, par. 38",
    "refcode_long": "Letters and Manuscripts — Volume 18 (1903), Lt 203, 1903, par. 38",
    "element_type": "p",
    "element_subtype": "standard-indented",
    "content": "There are some serving in holy things who have no faith in God or His power. They multiply their efforts to gain salvation by their own devices. How pitiful are their vain endeavors to justify themselves and to hold their footing against the downward current of evil. They are powerless; for they do not make God their trust.",
    "puborder": 4533,
    "translations": []
  },
  {
    "para_id": "14068.10117046",
    "id_prev": "14068.10117045",
    "id_next": "14068.10117047",
    "refcode_1": "18LtMs",
    "refcode_2": "1",
    "refcode_3": "3173",
    "refcode_4": "1903020300",
    "refcode_short": "18LtMs, Lt 203, 1903, par. 39",
    "refcode_long": "Letters and Manuscripts — Volume 18 (1903), Lt 203, 1903, par. 39",
    "element_type": "p",
    "element_subtype": "standard-indented",
    "content": "My brethren, cultivate gratitude. Praise the Lord for His goodness. When a man begins to depart from God, there is no gratitude in his soul. He receives the temporal and spiritual blessings that come to him as if they were his by right. O that the Lord&rsquo;s goodness were appreciated! Then would gratitude well up in the soul at the remembrance of His goodness. The heart would be warmed by a sense of His love and filled with joy and thanksgiving.",
    "puborder": 4534,
    "translations": []
  },
  {
    "para_id": "14068.10117047",
    "id_prev": "14068.10117046",
    "id_next": "14068.10117048",
    "refcode_1": "18LtMs",
    "refcode_2": "1",
    "refcode_3": "3174",
    "refcode_4": "1903020300",
    "refcode_short": "18LtMs, Lt 203, 1903, par. 40",
    "refcode_long": "Letters and Manuscripts — Volume 18 (1903), Lt 203, 1903, par. 40",
    "element_type": "p",
    "element_subtype": "standard-indented",
    "content": "God is the eternal, uncreated fountain of all good. All who look to Him and trust in Him find Him to be this. To those who serve Him, cleaving to Him as their heavenly Father, He gives the assurance that He will fulfil His promises. His joy will be in their hearts, and their joy will be full.",
    "puborder": 4535,
    "translations": []
  },
  {
    "para_id": "14068.10117048",
    "id_prev": "14068.10117047",
    "id_next": "14068.8229001",
    "refcode_1": "18LtMs",
    "refcode_2": "1",
    "refcode_3": "3175",
    "refcode_4": "1903020300",
    "refcode_short": "18LtMs, Lt 203, 1903, par. 41",
    "refcode_long": "Letters and Manuscripts — Volume 18 (1903), Lt 203, 1903, par. 41",
    "element_type": "p",
    "element_subtype": "standard-indented",
    "content": "May the Lord give you all a determination to do His will, and may He greatly bless and strengthen you, is my prayer.",
    "puborder": 4536,
    "translations": []
  }
]