[
  {
    "para_id": "14068.9356001",
    "id_prev": "14068.10350036",
    "id_next": "14068.9356004",
    "refcode_1": "18LtMs",
    "refcode_2": "1",
    "refcode_3": "",
    "refcode_4": "1903003000",
    "refcode_short": "18LtMs, Lt 30, 1903",
    "refcode_long": "Letters and Manuscripts — Volume 18 (1903), Lt 30, 1903",
    "element_type": "h4",
    "element_subtype": "",
    "content": "Lt 30, 1903",
    "puborder": 624,
    "translations": []
  },
  {
    "para_id": "14068.9356004",
    "id_prev": "14068.9356001",
    "id_next": "14068.9356002",
    "refcode_1": "18LtMs",
    "refcode_2": "1",
    "refcode_3": "",
    "refcode_4": "1903003000",
    "refcode_short": "",
    "refcode_long": "",
    "element_type": "p",
    "element_subtype": "ltaddressee",
    "content": "Murphet, E.",
    "puborder": 625,
    "translations": []
  },
  {
    "para_id": "14068.9356002",
    "id_prev": "14068.9356004",
    "id_next": "14068.9356003",
    "refcode_1": "18LtMs",
    "refcode_2": "1",
    "refcode_3": "",
    "refcode_4": "1903003000",
    "refcode_short": "",
    "refcode_long": "",
    "element_type": "p",
    "element_subtype": "ltplace",
    "content": "<span class=\"ltplace\" value=\"St. Helena, California\">&ldquo;Elmshaven,&rdquo; St. Helena, California</span>",
    "puborder": 626,
    "translations": []
  },
  {
    "para_id": "14068.9356003",
    "id_prev": "14068.9356002",
    "id_next": "14068.9356005",
    "refcode_1": "18LtMs",
    "refcode_2": "1",
    "refcode_3": "",
    "refcode_4": "1903003000",
    "refcode_short": "",
    "refcode_long": "",
    "element_type": "p",
    "element_subtype": "ltdate",
    "content": "<span class=\"ltdate\" start=\"January 28, 1903\">January 28, 1903</span>",
    "puborder": 627,
    "translations": []
  },
  {
    "para_id": "14068.9356005",
    "id_prev": "14068.9356003",
    "id_next": "14068.9356006",
    "refcode_1": "18LtMs",
    "refcode_2": "1",
    "refcode_3": "",
    "refcode_4": "1903003000",
    "refcode_short": "",
    "refcode_long": "",
    "element_type": "p",
    "element_subtype": "ltpubinfo",
    "content": "Portions of this letter are published in <span class=\"egwlink egwlink_book\" title=\"CD 178\" data-link=\"384.1426\">CD 178</span>; <span class=\"egwlink egwlink_book\" title=\"3MR 329\" data-link=\"69.1775\">3MR 329-330</span>.",
    "puborder": 628,
    "translations": []
  },
  {
    "para_id": "14068.9356006",
    "id_prev": "14068.9356005",
    "id_next": "14068.9356007",
    "refcode_1": "18LtMs",
    "refcode_2": "1",
    "refcode_3": "",
    "refcode_4": "1903003000",
    "refcode_short": "",
    "refcode_long": "",
    "element_type": "p",
    "element_subtype": "ltsalutation",
    "content": "Dear Brother Murphet,&mdash;",
    "puborder": 629,
    "translations": []
  },
  {
    "para_id": "14068.9356007",
    "id_prev": "14068.9356006",
    "id_next": "14068.9356008",
    "refcode_1": "18LtMs",
    "refcode_2": "1",
    "refcode_3": "436",
    "refcode_4": "1903003000",
    "refcode_short": "18LtMs, Lt 30, 1903, par. 1",
    "refcode_long": "Letters and Manuscripts — Volume 18 (1903), Lt 30, 1903, par. 1",
    "element_type": "p",
    "element_subtype": "standard-indented",
    "content": "I often think of our meeting in Tasmania, where we first saw you. The Lord was present at that meeting. We were glad to meet you, the Lord&rsquo;s aged servant, and we have since felt so grateful that you were willing, in a time of great stress, to be His helping hand. We have rejoiced that you were moved by the Holy Spirit to acknowledge your stewardship by supplying means to help in establishing the work in Australia, and especially the work of erecting the Wahroonga Sanitarium. You will receive a blessing from the Lord, and so also will your son, who has stood by your side, to aid you in carrying out the purpose of your heart to advance the Lord&rsquo;s work. Your assistance has greatly encouraged the workers, who have often been greatly perplexed, and indeed, put to their wit&rsquo;s end, to know how to obtain the means necessary for the advancement of the work.",
    "puborder": 630,
    "translations": []
  },
  {
    "para_id": "14068.9356008",
    "id_prev": "14068.9356007",
    "id_next": "14068.9356009",
    "refcode_1": "18LtMs",
    "refcode_2": "1",
    "refcode_3": "437",
    "refcode_4": "1903003000",
    "refcode_short": "18LtMs, Lt 30, 1903, par. 2",
    "refcode_long": "Letters and Manuscripts — Volume 18 (1903), Lt 30, 1903, par. 2",
    "element_type": "p",
    "element_subtype": "standard-indented",
    "content": "Let these words of Holy Writ be your consolation: &ldquo;Whosoever heareth these sayings of mine, and doeth them, I will liken him unto a wise man, which built his house upon a rock; and the rain descended, and the floods came, and the winds blew, and beat upon that house; and it fell not; for it was founded upon a rock.&rdquo; [<span class=\"egwlink egwlink_bible\" title=\"Matthew 7:24\" data-link=\"1965.47659\">Matthew 7:24, 25</span>.]",
    "puborder": 631,
    "translations": []
  },
  {
    "para_id": "14068.9356009",
    "id_prev": "14068.9356008",
    "id_next": "14068.9356010",
    "refcode_1": "18LtMs",
    "refcode_2": "1",
    "refcode_3": "438",
    "refcode_4": "1903003000",
    "refcode_short": "18LtMs, Lt 30, 1903, par. 3",
    "refcode_long": "Letters and Manuscripts — Volume 18 (1903), Lt 30, 1903, par. 3",
    "element_type": "p",
    "element_subtype": "standard-indented",
    "content": "In responding to the call to give of your means to help forward the Lord&rsquo;s work in a time of great necessity, you have been laying up treasure beside the throne of God. Neither flood nor fire can consume this treasure. It is laid up in heaven &ldquo;where neither moth nor rust doth corrupt, and where thieves do not break through nor steal.&rdquo; [<span class=\"egwlink egwlink_bible\" title=\"Matthew 6:20\" data-link=\"1965.47582\">Matthew 6:20</span>.]",
    "puborder": 632,
    "translations": []
  },
  {
    "para_id": "14068.9356010",
    "id_prev": "14068.9356009",
    "id_next": "14068.9356011",
    "refcode_1": "18LtMs",
    "refcode_2": "1",
    "refcode_3": "439",
    "refcode_4": "1903003000",
    "refcode_short": "18LtMs, Lt 30, 1903, par. 4",
    "refcode_long": "Letters and Manuscripts — Volume 18 (1903), Lt 30, 1903, par. 4",
    "element_type": "p",
    "element_subtype": "standard-indented",
    "content": "You have invested your money in the establishment of an institution that will bring into the truth those who will be producers as well as consumers. May the Lord in His providence lead you to see what He has wrought. May He lead you to realize that you have invested your means in a line of work that He has ordained should be done. In the Sanitarium that your money has helped to establish, workers are to be trained to be laborers together with God, to carry out the teachings of the great Medical Missionary.",
    "puborder": 633,
    "translations": []
  },
  {
    "para_id": "14068.9356011",
    "id_prev": "14068.9356010",
    "id_next": "14068.9356012",
    "refcode_1": "18LtMs",
    "refcode_2": "1",
    "refcode_3": "440",
    "refcode_4": "1903003000",
    "refcode_short": "18LtMs, Lt 30, 1903, par. 5",
    "refcode_long": "Letters and Manuscripts — Volume 18 (1903), Lt 30, 1903, par. 5",
    "element_type": "p",
    "element_subtype": "standard-indented",
    "content": "Christ desires His people to be medical missionaries, able to do His will because they are acquainted with His principles of healing and are prepared to use the remedies that He Himself has provided in the form of sunshine, pure air, and water. Thousands who go down to the grave might be healed if they would go to the Lord&rsquo;s dispensary rather than to the drugs that man provides.",
    "puborder": 634,
    "translations": []
  },
  {
    "para_id": "14068.9356012",
    "id_prev": "14068.9356011",
    "id_next": "14068.9356013",
    "refcode_1": "18LtMs",
    "refcode_2": "1",
    "refcode_3": "441",
    "refcode_4": "1903003000",
    "refcode_short": "18LtMs, Lt 30, 1903, par. 6",
    "refcode_long": "Letters and Manuscripts — Volume 18 (1903), Lt 30, 1903, par. 6",
    "element_type": "p",
    "element_subtype": "standard-indented",
    "content": "Lately I have read in the daily paper of the death of many men in important positions in this country, men forty, fifty, sixty, and seventy years of age. Their death is almost always attributed to failure of the heart, but in reality it was caused by intemperance in eating and drinking. Doubtless many of these men were smokers and liquor-drinkers and by the use of tobacco and liquor had poisoned the system. Had their habits of eating, drinking, and sleeping been regular, and in accordance with the principles of strict temperance, they might have lived for many years longer.",
    "puborder": 635,
    "translations": []
  },
  {
    "para_id": "14068.9356013",
    "id_prev": "14068.9356012",
    "id_next": "14068.9356014",
    "refcode_1": "18LtMs",
    "refcode_2": "1",
    "refcode_3": "442",
    "refcode_4": "1903003000",
    "refcode_short": "18LtMs, Lt 30, 1903, par. 7",
    "refcode_long": "Letters and Manuscripts — Volume 18 (1903), Lt 30, 1903, par. 7",
    "element_type": "p",
    "element_subtype": "standard-indented",
    "content": "&ldquo;What, know ye not that your body is the temple of the Holy Ghost which is in you, which ye have of God, and ye are not your own? For ye are bought with a price; therefore glorify God in your body, and in your spirit, which are God&rsquo;s.&rdquo; [<span class=\"egwlink egwlink_bible\" title=\"1 Corinthians 6:19\" data-link=\"1965.58089\">1 Corinthians 6:19, 20</span>.] O that our sanitariums all over the world may reveal that they are founded on the principles of health reform. The light on health reform that the Lord has permitted to shine upon us is very precious and is to be appreciated and followed by all who accept the truth for this time.",
    "puborder": 636,
    "translations": []
  },
  {
    "para_id": "14068.9356014",
    "id_prev": "14068.9356013",
    "id_next": "14068.9356015",
    "refcode_1": "18LtMs",
    "refcode_2": "1",
    "refcode_3": "443",
    "refcode_4": "1903003000",
    "refcode_short": "18LtMs, Lt 30, 1903, par. 8",
    "refcode_long": "Letters and Manuscripts — Volume 18 (1903), Lt 30, 1903, par. 8",
    "element_type": "p",
    "element_subtype": "standard-indented",
    "content": "The Lord forbid that for the sake of obtaining patronage, those in charge of the Wahroonga Sanitarium should allow in the institution that which is contrary to the principles of health reform. May this Sanitarium be a place in which Christ can abide, the healing, restoring influence of His life pervading every room, for the restoring of soul and body.",
    "puborder": 637,
    "translations": []
  },
  {
    "para_id": "14068.9356015",
    "id_prev": "14068.9356014",
    "id_next": "14068.9356016",
    "refcode_1": "18LtMs",
    "refcode_2": "1",
    "refcode_3": "444",
    "refcode_4": "1903003000",
    "refcode_short": "18LtMs, Lt 30, 1903, par. 9",
    "refcode_long": "Letters and Manuscripts — Volume 18 (1903), Lt 30, 1903, par. 9",
    "element_type": "p",
    "element_subtype": "standard-indented",
    "content": "Brother Murphet, I address you and your son. Thank God for our Sanitarium in Australia. And may the Lord, who moved upon your hearts by His Holy Spirit, giving you a desire to be His helping hand in returning to Him His own, greatly bless you, my dear brethren.",
    "puborder": 638,
    "translations": []
  },
  {
    "para_id": "14068.9356016",
    "id_prev": "14068.9356015",
    "id_next": "14068.9356017",
    "refcode_1": "18LtMs",
    "refcode_2": "1",
    "refcode_3": "445",
    "refcode_4": "1903003000",
    "refcode_short": "18LtMs, Lt 30, 1903, par. 10",
    "refcode_long": "Letters and Manuscripts — Volume 18 (1903), Lt 30, 1903, par. 10",
    "element_type": "p",
    "element_subtype": "standard-indented",
    "content": "I thank the Lord for the health that He gives me. I can walk up and down stairs as quickly and easily as a young girl. I eat only two meals a day. But I do not think that the number of meals should be made a test. If there are those who are better in health when eating three meals, it is their privilege to have three. I choose two meals. For thirty-five years I have practiced the two-meal system. The Lord preserves my brain power and enables me to write, and I thank Him with heart and soul and voice.",
    "puborder": 639,
    "translations": []
  },
  {
    "para_id": "14068.9356017",
    "id_prev": "14068.9356016",
    "id_next": "14068.9356018",
    "refcode_1": "18LtMs",
    "refcode_2": "1",
    "refcode_3": "446",
    "refcode_4": "1903003000",
    "refcode_short": "18LtMs, Lt 30, 1903, par. 11",
    "refcode_long": "Letters and Manuscripts — Volume 18 (1903), Lt 30, 1903, par. 11",
    "element_type": "p",
    "element_subtype": "standard-indented",
    "content": "In the Word of God we have most precious truth. Let us praise and glorify His holy name. We are almost home. A little while longer, and we shall see our Redeemer. We may not live till He comes, and yet we may, though old age is telling upon us.",
    "puborder": 640,
    "translations": []
  },
  {
    "para_id": "14068.9356018",
    "id_prev": "14068.9356017",
    "id_next": "14068.8769001",
    "refcode_1": "18LtMs",
    "refcode_2": "1",
    "refcode_3": "447",
    "refcode_4": "1903003000",
    "refcode_short": "18LtMs, Lt 30, 1903, par. 12",
    "refcode_long": "Letters and Manuscripts — Volume 18 (1903), Lt 30, 1903, par. 12",
    "element_type": "p",
    "element_subtype": "standard-indented",
    "content": "May the rich blessing of God rest upon you, and upon those associated with you in family relation, is my earnest prayer.",
    "puborder": 641,
    "translations": []
  }
]