[
  {
    "para_id": "14772.46",
    "id_prev": "14772.44",
    "id_next": "14772.47",
    "refcode_1": "JTL15",
    "refcode_2": "7",
    "refcode_3": "",
    "refcode_4": "4",
    "refcode_short": "JTL15 7",
    "refcode_long": "My Journey to Life, Step 15—The Great Controversy, p. 7 (Ellen G. White Estate)",
    "element_type": "h3",
    "element_subtype": "",
    "content": "4. Did God foresee this controversy between good and evil, and the introduction of sin into His newly created planet?",
    "puborder": 36,
    "translations": []
  },
  {
    "para_id": "14772.47",
    "id_prev": "14772.46",
    "id_next": "14772.48",
    "refcode_1": "JTL15",
    "refcode_2": "7",
    "refcode_3": "1",
    "refcode_4": "",
    "refcode_short": "JTL15 7.1",
    "refcode_long": "My Journey to Life, Step 15—The Great Controversy, p. 7.1 (Ellen G. White Estate)",
    "element_type": "p",
    "element_subtype": "standard-indented",
    "content": "Lucifer&rsquo;s rebellion and Adam and Eve&rsquo;s sin in their garden home did not catch God by surprise. Several scriptural passages show that God not only foresaw that humankind would be deceived in joining the rebellion, but also that the Godhead had developed a &ldquo;rescue plan&rdquo; before time began that would eventually destroy sin forever.",
    "puborder": 37,
    "translations": []
  },
  {
    "para_id": "14772.48",
    "id_prev": "14772.47",
    "id_next": "14772.49",
    "refcode_1": "JTL15",
    "refcode_2": "7",
    "refcode_3": "2",
    "refcode_4": "",
    "refcode_short": "JTL15 7.2",
    "refcode_long": "My Journey to Life, Step 15—The Great Controversy, p. 7.2 (Ellen G. White Estate)",
    "element_type": "p",
    "element_subtype": "standard-indented",
    "content": "All of God&rsquo;s intelligent beings were created as free moral agents. This means they could choose to respond to God&rsquo;s love with grateful obedience or to reject His authority. God longs for connection and relationship with His created beings, not a rigid response from an automaton. The basis of our fellowship is that God is our Creator and Father. We are His greatly loved children. Just as parents treasure freely given love and loyalty from their children, so God gives us freedom to choose to whom we will give our love and loyalty.",
    "puborder": 38,
    "translations": []
  }
]