[
  {
    "para_id": "14772.95",
    "id_prev": "14772.94",
    "id_next": "14772.96",
    "refcode_1": "JTL15",
    "refcode_2": "12",
    "refcode_3": "",
    "refcode_4": "17",
    "refcode_short": "JTL15 12",
    "refcode_long": "My Journey to Life, Step 15—The Great Controversy, p. 12 (Ellen G. White Estate)",
    "element_type": "h4",
    "element_subtype": "",
    "content": "Bible Discovery:",
    "puborder": 80,
    "translations": []
  },
  {
    "para_id": "14772.96",
    "id_prev": "14772.95",
    "id_next": "14772.97",
    "refcode_1": "JTL15",
    "refcode_2": "12",
    "refcode_3": "4",
    "refcode_4": "",
    "refcode_short": "JTL15 12.4",
    "refcode_long": "My Journey to Life, Step 15—The Great Controversy, p. 12.4 (Ellen G. White Estate)",
    "element_type": "p",
    "element_subtype": "standard-indented",
    "content": "<span title=\"Deuteronomy 10:14\" class=\"egwlink egwlink_bible\" data-link=\"1965.10571\">Deuteronomy 10:14</span>; <span title=\"Job 1:6\" class=\"egwlink egwlink_bible\" data-link=\"1965.26208\">Job 1:6</span>, <span title=\"Job 1:7\" class=\"egwlink egwlink_bible\" data-link=\"1965.26210\">7</span>; <span title=\"Job 2:1\" class=\"egwlink egwlink_bible\" data-link=\"1965.26243\">Job 2:1</span>-<span title=\"Job 2:7\" class=\"egwlink egwlink_bible\" data-link=\"1965.26255\">7</span>; <span title=\"Isaiah 66:1\" class=\"egwlink egwlink_bible\" data-link=\"1965.38617\">Isaiah 66:1</span>; <span title=\"1 Corinthians 4:9\" class=\"egwlink egwlink_bible\" data-link=\"1965.57999\">1 Corinthians 4:9</span>; <span title=\"Hebrews 11:3\" class=\"egwlink egwlink_bible\" data-link=\"1965.61555\">Hebrews 11:3</span>",
    "puborder": 81,
    "translations": []
  }
]