[
  {
    "para_id": "14772.2",
    "title": "My Journey to Life, Step 15—The Great Controversy",
    "chapters": [
      "14772.2"
    ]
  },
  {
    "para_id": "14772.7",
    "title": "Preface",
    "chapters": [
      "14772.7"
    ]
  },
  {
    "para_id": "14772.10",
    "title": "Step Fifteen—The Great Controversy",
    "chapters": [
      "14772.10"
    ]
  },
  {
    "para_id": "14772.13",
    "title": "Bible Discovery:",
    "chapters": [
      "14772.13"
    ]
  },
  {
    "para_id": "14772.15",
    "title": "Further Reading:",
    "chapters": [
      "14772.15"
    ]
  },
  {
    "para_id": "14772.18",
    "title": "1. Where did evil originate?",
    "chapters": [
      "14772.18"
    ]
  },
  {
    "para_id": "14772.23",
    "title": "Bible Discovery:",
    "chapters": [
      "14772.23"
    ]
  },
  {
    "para_id": "14772.25",
    "title": "Further Reading:",
    "chapters": [
      "14772.25"
    ]
  },
  {
    "para_id": "14772.28",
    "title": "2. Who are angels, and how did Lucifer deceive them into rebellion against God?",
    "chapters": [
      "14772.28"
    ]
  },
  {
    "para_id": "14772.32",
    "title": "Bible Discovery:",
    "chapters": [
      "14772.32"
    ]
  },
  {
    "para_id": "14772.34",
    "title": "Further Reading:",
    "chapters": [
      "14772.34"
    ]
  },
  {
    "para_id": "14772.37",
    "title": "3. How was sin, with its accompanying guilt, pain, disease, and death, introduced into Planet Earth?",
    "chapters": [
      "14772.37"
    ]
  },
  {
    "para_id": "14772.41",
    "title": "Bible Discovery:",
    "chapters": [
      "14772.41"
    ]
  },
  {
    "para_id": "14772.43",
    "title": "Further Reading:",
    "chapters": [
      "14772.43"
    ]
  },
  {
    "para_id": "14772.46",
    "title": "4. Did God foresee this controversy between good and evil, and the introduction of sin into His newly created planet?",
    "chapters": [
      "14772.46"
    ]
  },
  {
    "para_id": "14772.49",
    "title": "Bible Discovery:",
    "chapters": [
      "14772.49"
    ]
  },
  {
    "para_id": "14772.51",
    "title": "Further Reading:",
    "chapters": [
      "14772.51"
    ]
  },
  {
    "para_id": "14772.54",
    "title": "5. What is the “rescue plan” that God devised before sin’s introduction into our world?",
    "chapters": [
      "14772.54"
    ]
  },
  {
    "para_id": "14772.58",
    "title": "Bible Discovery:",
    "chapters": [
      "14772.58"
    ]
  },
  {
    "para_id": "14772.60",
    "title": "Further Reading:",
    "chapters": [
      "14772.60"
    ]
  },
  {
    "para_id": "14772.63",
    "title": "6. What are the objectives of heaven’s plan of salvation?",
    "chapters": [
      "14772.63"
    ]
  },
  {
    "para_id": "14772.69",
    "title": "Bible Discovery:",
    "chapters": [
      "14772.69"
    ]
  },
  {
    "para_id": "14772.71",
    "title": "Further Reading:",
    "chapters": [
      "14772.71"
    ]
  },
  {
    "para_id": "14772.74",
    "title": "7. What was the impact of sin and rebellion on humanity?",
    "chapters": [
      "14772.74"
    ]
  },
  {
    "para_id": "14772.77",
    "title": "Bible Discovery:",
    "chapters": [
      "14772.77"
    ]
  },
  {
    "para_id": "14772.79",
    "title": "Further Reading:",
    "chapters": [
      "14772.79"
    ]
  },
  {
    "para_id": "14772.82",
    "title": "8. What is the pivotal issue in the life and death struggle between good and evil?",
    "chapters": [
      "14772.82"
    ]
  },
  {
    "para_id": "14772.86",
    "title": "Bible Discovery:",
    "chapters": [
      "14772.86"
    ]
  },
  {
    "para_id": "14772.88",
    "title": "Further Reading:",
    "chapters": [
      "14772.88"
    ]
  },
  {
    "para_id": "14772.91",
    "title": "9. Is the great battle between good and evil confined to our planet alone?",
    "chapters": [
      "14772.91"
    ]
  },
  {
    "para_id": "14772.95",
    "title": "Bible Discovery:",
    "chapters": [
      "14772.95"
    ]
  },
  {
    "para_id": "14772.97",
    "title": "Further Reading:",
    "chapters": [
      "14772.97"
    ]
  },
  {
    "para_id": "14772.100",
    "title": "10. How does the great controversy explain the mystery of suffering?",
    "chapters": [
      "14772.100"
    ]
  },
  {
    "para_id": "14772.106",
    "title": "Bible Discovery:",
    "chapters": [
      "14772.106"
    ]
  },
  {
    "para_id": "14772.108",
    "title": "Further Reading:",
    "chapters": [
      "14772.108"
    ]
  },
  {
    "para_id": "14772.111",
    "title": "11. Why does God allow sin and suffering to continue?",
    "chapters": [
      "14772.111"
    ]
  },
  {
    "para_id": "14772.116",
    "title": "Bible Discovery:",
    "chapters": [
      "14772.116"
    ]
  },
  {
    "para_id": "14772.118",
    "title": "Further Reading:",
    "chapters": [
      "14772.118"
    ]
  },
  {
    "para_id": "14772.121",
    "title": "12. What will be the final outcome in the great controversy between Christ and Satan?",
    "chapters": [
      "14772.121"
    ]
  },
  {
    "para_id": "14772.128",
    "title": "Bible Discovery:",
    "chapters": [
      "14772.128"
    ]
  },
  {
    "para_id": "14772.130",
    "title": "Further Reading:",
    "chapters": [
      "14772.130"
    ]
  },
  {
    "para_id": "14772.133",
    "title": "Reflection…",
    "chapters": [
      "14772.133"
    ]
  },
  {
    "para_id": "14772.135",
    "title": "Next Step…",
    "chapters": [
      "14772.135"
    ]
  },
  {
    "para_id": "14772.137",
    "title": "Discussion Questions",
    "chapters": [
      "14772.137"
    ]
  },
  {
    "para_id": "14772.141",
    "title": "Further Reading",
    "chapters": [
      "14772.141"
    ]
  }
]