[
  {
    "para_id": "1976.206",
    "id_prev": "1976.204",
    "id_next": "1976.207",
    "refcode_1": "TEd",
    "refcode_2": "35",
    "refcode_3": "",
    "refcode_4": "7",
    "refcode_short": "TEd 35",
    "refcode_long": "True Education, p. 35 (Ellen Gould White)",
    "element_type": "h3",
    "element_subtype": "",
    "content": "Chapter 7&mdash;Lives of Great Men",
    "puborder": 137,
    "translations": []
  },
  {
    "para_id": "1976.207",
    "id_prev": "1976.206",
    "id_next": "1976.208",
    "refcode_1": "TEd",
    "refcode_2": "35",
    "refcode_3": "1",
    "refcode_4": "",
    "refcode_short": "TEd 35.1",
    "refcode_long": "True Education, p. 35.1 (Ellen Gould White)",
    "element_type": "p",
    "element_subtype": "standard-indented",
    "content": "Sacred history provides many illustrations of the results of true education. It presents many noble examples of people whose lives were a blessing to others and who stood in the world as representatives of God. Among these are Joseph, Daniel, Moses, Elisha, and Paul.",
    "puborder": 138,
    "translations": []
  },
  {
    "para_id": "1976.208",
    "id_prev": "1976.207",
    "id_next": "1976.209",
    "refcode_1": "TEd",
    "refcode_2": "35",
    "refcode_3": "2",
    "refcode_4": "",
    "refcode_short": "TEd 35.2",
    "refcode_long": "True Education, p. 35.2 (Ellen Gould White)",
    "element_type": "p",
    "element_subtype": "standard-indented",
    "content": "In early life, just as they were passing from youth to manhood, Joseph and Daniel were separated from their homes and carried as captives to heathen lands. Especially was Joseph subject to the temptations that attend great changes of fortune. In his father&rsquo;s home he was a tenderly cherished child, in the house of Potiphar a slave, in Pharaoh&rsquo;s dungeon a prisoner of state, condemned unjustly. Finally, at a time of great crisis, he was called to leadership in the nation of Egypt. What enabled him to preserve his integrity?",
    "puborder": 139,
    "translations": []
  },
  {
    "para_id": "1976.209",
    "id_prev": "1976.208",
    "id_next": "1976.210",
    "refcode_1": "TEd",
    "refcode_2": "35",
    "refcode_3": "3",
    "refcode_4": "",
    "refcode_short": "TEd 35.3",
    "refcode_long": "True Education, p. 35.3 (Ellen Gould White)",
    "element_type": "p",
    "element_subtype": "standard-indented",
    "content": "No one can stand on a lofty height without danger. Fierce temptations that leave untouched the lowly in life assail those who stand in the world&rsquo;s high places of success and honor. But Joseph stood both the tests of adversity and of prosperity. The same fidelity was manifest in the palace of the Pharaohs as in the prisoner&rsquo;s cell.",
    "puborder": 140,
    "translations": []
  },
  {
    "para_id": "1976.210",
    "id_prev": "1976.209",
    "id_next": "1976.213",
    "refcode_1": "TEd",
    "refcode_2": "35",
    "refcode_3": "4",
    "refcode_4": "",
    "refcode_short": "TEd 35.4",
    "refcode_long": "True Education, p. 35.4 (Ellen Gould White)",
    "element_type": "p",
    "element_subtype": "standard-indented",
    "content": "In his childhood, Joseph had been taught the love and fear of God. <span class=\"page-break\" data-page=\"36\"></span> Often he had been told the story of the night vision at Bethel, of the ladder from heaven to earth, the descending and ascending angels, and of Him who from the throne above revealed Himself to Jacob. He had been told the story of the conflict beside the Jabbok River, when, renouncing cherished sins, Jacob stood conqueror and received the title of a prince with God.",
    "puborder": 141,
    "translations": []
  },
  {
    "para_id": "1976.213",
    "id_prev": "1976.210",
    "id_next": "1976.214",
    "refcode_1": "TEd",
    "refcode_2": "36",
    "refcode_3": "1",
    "refcode_4": "",
    "refcode_short": "TEd 36.1",
    "refcode_long": "True Education, p. 36.1 (Ellen Gould White)",
    "element_type": "p",
    "element_subtype": "standard-indented",
    "content": "As a shepherd boy tending his father&rsquo;s flocks, Joseph&rsquo;s pure and simple life had favored the development of both physical and mental power. By communion with God through nature and study of the great truths handed down as a sacred trust from father to son, he had gained strength of mind and firmness of principle.",
    "puborder": 142,
    "translations": []
  },
  {
    "para_id": "1976.214",
    "id_prev": "1976.213",
    "id_next": "1976.215",
    "refcode_1": "TEd",
    "refcode_2": "36",
    "refcode_3": "2",
    "refcode_4": "",
    "refcode_short": "TEd 36.2",
    "refcode_long": "True Education, p. 36.2 (Ellen Gould White)",
    "element_type": "p",
    "element_subtype": "standard-indented",
    "content": "In the crisis of his life, when making that terrible journey from his childhood home in Canaan to the bondage that awaited him in Egypt, Joseph remembered his father&rsquo;s God. He remembered the lessons of his childhood, and his soul thrilled with the resolve to ever act as a subject of the King of heaven.",
    "puborder": 143,
    "translations": []
  },
  {
    "para_id": "1976.215",
    "id_prev": "1976.214",
    "id_next": "1976.216",
    "refcode_1": "TEd",
    "refcode_2": "36",
    "refcode_3": "3",
    "refcode_4": "",
    "refcode_short": "TEd 36.3",
    "refcode_long": "True Education, p. 36.3 (Ellen Gould White)",
    "element_type": "p",
    "element_subtype": "standard-indented",
    "content": "In the bitter life of a stranger and a slave, amidst the sights and sounds of vice and the allurements of heathen worship, Joseph was steadfast. He had learned the lesson of obedience to duty.",
    "puborder": 144,
    "translations": []
  },
  {
    "para_id": "1976.216",
    "id_prev": "1976.215",
    "id_next": "1976.217",
    "refcode_1": "TEd",
    "refcode_2": "36",
    "refcode_3": "4",
    "refcode_4": "",
    "refcode_short": "TEd 36.4",
    "refcode_long": "True Education, p. 36.4 (Ellen Gould White)",
    "element_type": "p",
    "element_subtype": "standard-indented",
    "content": "When he was called to the court of Pharaoh, Egypt was the greatest of nations. In civilization, art, learning, it was unequaled. Through a period of utmost difficulty and danger, Joseph administered the business of the kingdom, and this he did in a manner that won the confidence of the king and the people. Pharaoh &ldquo;made him lord of his house, and ruler of all his substance: to bind his princes at his pleasure; and teach his senators wisdom.&rdquo; <span class=\"egwlink egwlink_bible\" title=\"Psalm 105:21\" data-link=\"1965.31859\">Psalm 105:21, 22</span>.",
    "puborder": 145,
    "translations": []
  },
  {
    "para_id": "1976.217",
    "id_prev": "1976.216",
    "id_next": "1976.218",
    "refcode_1": "TEd",
    "refcode_2": "36",
    "refcode_3": "5",
    "refcode_4": "",
    "refcode_short": "TEd 36.5",
    "refcode_long": "True Education, p. 36.5 (Ellen Gould White)",
    "element_type": "p",
    "element_subtype": "standard-indented",
    "content": "Inspiration has set the secret of Joseph&rsquo;s life before us. In words of divine power and beauty, Jacob, in the blessing pronounced upon his children, spoke of his best-loved son:",
    "puborder": 146,
    "translations": []
  },
  {
    "para_id": "1976.218",
    "id_prev": "1976.217",
    "id_next": "1976.220",
    "refcode_1": "TEd",
    "refcode_2": "36",
    "refcode_3": "6",
    "refcode_4": "",
    "refcode_short": "TEd 36.6",
    "refcode_long": "True Education, p. 36.6 (Ellen Gould White)",
    "element_type": "p",
    "element_subtype": "poem-noindent",
    "content": "&ldquo;Joseph is a fruitful bough,<br />A fruitful bough by a well;<br />His branches run over the wall.<br />The archers have bitterly grieved him,<br />Shot at him and hated him.<br />But his bow remained in strength,<br />And the arms of his hands were made strong<br />By the hands of the mighty God of Jacob.&rdquo;<br /> <span class=\"page-break\" data-page=\"36\"></span> <span class=\"sameasprevious\"><span class=\"egwlink egwlink_bible\" title=\"Genesis 49:22\" data-link=\"1965.3043\">Genesis 49:22-24</span>.</span>",
    "puborder": 147,
    "translations": []
  },
  {
    "para_id": "1976.220",
    "id_prev": "1976.218",
    "id_next": "1976.221",
    "refcode_1": "TEd",
    "refcode_2": "37",
    "refcode_3": "1",
    "refcode_4": "",
    "refcode_short": "TEd 37.1",
    "refcode_long": "True Education, p. 37.1 (Ellen Gould White)",
    "element_type": "p",
    "element_subtype": "standard-indented",
    "content": "Loyalty to God, faith in the Unseen, was Joseph&rsquo;s anchor. In this lay his power.",
    "puborder": 148,
    "translations": []
  }
]