[
  {
    "para_id": "1976.1042",
    "id_prev": "1976.1041",
    "id_next": "1976.1043",
    "refcode_1": "TEd",
    "refcode_2": "149",
    "refcode_3": "",
    "refcode_4": "70",
    "refcode_short": "TEd 149",
    "refcode_long": "True Education, p. 149 (Ellen Gould White)",
    "element_type": "h4",
    "element_subtype": "",
    "content": "Reverence",
    "puborder": 782,
    "translations": []
  },
  {
    "para_id": "1976.1043",
    "id_prev": "1976.1042",
    "id_next": "1976.1044",
    "refcode_1": "TEd",
    "refcode_2": "149",
    "refcode_3": "2",
    "refcode_4": "",
    "refcode_short": "TEd 149.2",
    "refcode_long": "True Education, p. 149.2 (Ellen Gould White)",
    "element_type": "p",
    "element_subtype": "standard-indented",
    "content": "Another precious grace that should be carefully cherished is reverence. True reverence for God is inspired by a sense of His infinite greatness and a realization of His presence. The heart of every child should be deeply impressed with this sense of the Unseen. The child should be taught to regard the hour and place of prayer and the services of public worship as sacred, because God is there. As reverence is manifested in attitude and demeanor, the feeling that inspires it will be deepened.",
    "puborder": 783,
    "translations": []
  },
  {
    "para_id": "1976.1044",
    "id_prev": "1976.1043",
    "id_next": "1976.1045",
    "refcode_1": "TEd",
    "refcode_2": "149",
    "refcode_3": "3",
    "refcode_4": "",
    "refcode_short": "TEd 149.3",
    "refcode_long": "True Education, p. 149.3 (Ellen Gould White)",
    "element_type": "p",
    "element_subtype": "standard-indented",
    "content": "Young and old should study, ponder, and often repeat those words of Holy Writ that show how the place marked by God&rsquo;s special presence should be regarded. &ldquo;Take your sandals off your feet,&rdquo; He commanded Moses at the burning bush, &ldquo;for the place where you stand is holy ground.&rdquo; <span class=\"egwlink egwlink_bible\" title=\"Exodus 3:5\" data-link=\"1965.3226\">Exodus 3:5</span>.",
    "puborder": 784,
    "translations": []
  },
  {
    "para_id": "1976.1045",
    "id_prev": "1976.1044",
    "id_next": "1976.1046",
    "refcode_1": "TEd",
    "refcode_2": "149",
    "refcode_3": "4",
    "refcode_4": "",
    "refcode_short": "TEd 149.4",
    "refcode_long": "True Education, p. 149.4 (Ellen Gould White)",
    "element_type": "p",
    "element_subtype": "standard-indented",
    "content": "Jacob, after seeing the vision of the angels, exclaimed, &ldquo;The Lord is in this place; and I did not know it. ... This is none other than the house of God, and this is the gate of heaven!&rdquo; <span class=\"egwlink egwlink_bible\" title=\"Genesis 28:16\" data-link=\"1965.1610\">Genesis 28:16, 17</span>.",
    "puborder": 785,
    "translations": []
  },
  {
    "para_id": "1976.1046",
    "id_prev": "1976.1045",
    "id_next": "1976.1047",
    "refcode_1": "TEd",
    "refcode_2": "149",
    "refcode_3": "5",
    "refcode_4": "",
    "refcode_short": "TEd 149.5",
    "refcode_long": "True Education, p. 149.5 (Ellen Gould White)",
    "element_type": "p",
    "element_subtype": "standard-indented",
    "content": "&ldquo;The Lord is in His holy temple. Let all the earth keep silence before Him.&rdquo; <span class=\"egwlink egwlink_bible\" title=\"Habakkuk 2:20\" data-link=\"1965.46479\">Habakkuk 2:20</span>.",
    "puborder": 786,
    "translations": []
  },
  {
    "para_id": "1976.1047",
    "id_prev": "1976.1046",
    "id_next": "1976.1051",
    "refcode_1": "TEd",
    "refcode_2": "149",
    "refcode_3": "6",
    "refcode_4": "",
    "refcode_short": "TEd 149.6",
    "refcode_long": "True Education, p. 149.6 (Ellen Gould White)",
    "element_type": "p",
    "element_subtype": "poem-noindent",
    "content": "&ldquo;The Lord is the great God, <span class=\"page-break\" data-page=\"150\"></span> And the great King above all gods. ...<br />Oh come, let us worship and bow down;<br />Let us kneel before the Lord our Maker.&rdquo;<br /> <span class=\"page-break\" data-page=\"150\"></span> <span class=\"sameasprevious\"><span class=\"egwlink egwlink_bible\" title=\"Psalm 95:3\" data-link=\"1965.31509\">Psalm 95:3-6</span>.</span>",
    "puborder": 787,
    "translations": []
  },
  {
    "para_id": "1976.1051",
    "id_prev": "1976.1047",
    "id_next": "1976.1052",
    "refcode_1": "TEd",
    "refcode_2": "150",
    "refcode_3": "1",
    "refcode_4": "",
    "refcode_short": "TEd 150.1",
    "refcode_long": "True Education, p. 150.1 (Ellen Gould White)",
    "element_type": "p",
    "element_subtype": "standard-indented",
    "content": "Reverence should be shown also for the name of God. Never should that name be spoken lightly or thoughtlessly. Even in prayer its frequent or needless repetition should be avoided. &ldquo;Holy and awesome is His name.&rdquo; <span class=\"egwlink egwlink_bible\" title=\"Psalm 111:9\" data-link=\"1965.32215\">Psalm 111:9</span>. Angels, as they speak it, veil their faces. With what reverence should we who are fallen and sinful take it on our lips!",
    "puborder": 788,
    "translations": []
  },
  {
    "para_id": "1976.1052",
    "id_prev": "1976.1051",
    "id_next": "1976.1053",
    "refcode_1": "TEd",
    "refcode_2": "150",
    "refcode_3": "2",
    "refcode_4": "",
    "refcode_short": "TEd 150.2",
    "refcode_long": "True Education, p. 150.2 (Ellen Gould White)",
    "element_type": "p",
    "element_subtype": "standard-indented",
    "content": "We should reverence God&rsquo;s Word. For the printed volume we should show respect, never putting it to common uses, or handling it carelessly. And never should Scripture be quoted in a jest, or paraphrased to point a witty saying. &ldquo;Every word of God is pure&rdquo;; &ldquo;like silver tried in a furnace of earth, purified seven times.&rdquo; <span class=\"egwlink egwlink_bible\" title=\"Proverbs 30:5\" data-link=\"1965.35193\">Proverbs 30:5</span>; <span class=\"egwlink egwlink_bible\" title=\"Psalm 12:6\" data-link=\"1965.28656\">Psalm 12:6</span>.",
    "puborder": 789,
    "translations": []
  },
  {
    "para_id": "1976.1053",
    "id_prev": "1976.1052",
    "id_next": "1976.1054",
    "refcode_1": "TEd",
    "refcode_2": "150",
    "refcode_3": "3",
    "refcode_4": "",
    "refcode_short": "TEd 150.3",
    "refcode_long": "True Education, p. 150.3 (Ellen Gould White)",
    "element_type": "p",
    "element_subtype": "standard-indented",
    "content": "Above all, children should be taught that true reverence is shown by obedience. God has commanded nothing that is unessential, and there is no other way of manifesting reverence so pleasing to Him as obedience to His Word.",
    "puborder": 790,
    "translations": []
  },
  {
    "para_id": "1976.1054",
    "id_prev": "1976.1053",
    "id_next": "1976.1055",
    "refcode_1": "TEd",
    "refcode_2": "150",
    "refcode_3": "4",
    "refcode_4": "",
    "refcode_short": "TEd 150.4",
    "refcode_long": "True Education, p. 150.4 (Ellen Gould White)",
    "element_type": "p",
    "element_subtype": "standard-indented",
    "content": "Reverence should be shown for God&rsquo;s representatives&mdash;for ministers, teachers, and parents who are called to speak and act in His stead. He is honored in the respect shown to them. And God has especially commanded that tender respect be shown toward the aged. He says, &ldquo;The silver-haired head is a crown of glory, if it is found in the way of righteousness.&rdquo; <span class=\"egwlink egwlink_bible\" title=\"Proverbs 16:31\" data-link=\"1965.34409\">Proverbs 16:31</span>. It tells of battles fought and victories gained, of burdens borne and temptations resisted. It tells of weary feet nearing their rest, of places soon to be vacant. Help the children to think of this, and they will smooth the path of the aged by their courtesy and respect, and will bring grace and beauty into their young lives as they heed the command to &ldquo;rise before the aged, and defer to the old.&rdquo; <span class=\"egwlink egwlink_bible\" title=\"Leviticus 19:32\" data-link=\"1965.6741\">Leviticus 19:32</span>, NRSV.",
    "puborder": 791,
    "translations": []
  },
  {
    "para_id": "1976.1055",
    "id_prev": "1976.1054",
    "id_next": "1976.1056",
    "refcode_1": "TEd",
    "refcode_2": "150",
    "refcode_3": "5",
    "refcode_4": "",
    "refcode_short": "TEd 150.5",
    "refcode_long": "True Education, p. 150.5 (Ellen Gould White)",
    "element_type": "p",
    "element_subtype": "standard-indented",
    "content": "Fathers and mothers and teachers need to appreciate more fully the responsibility and honor that God has placed on them, in making them, to the child, the representatives of Himself. The character revealed in the contact of daily life will interpret to the child, for good or evil, those words of God:",
    "puborder": 792,
    "translations": []
  },
  {
    "para_id": "1976.1056",
    "id_prev": "1976.1055",
    "id_next": "1976.1059",
    "refcode_1": "TEd",
    "refcode_2": "150",
    "refcode_3": "6",
    "refcode_4": "",
    "refcode_short": "TEd 150.6",
    "refcode_long": "True Education, p. 150.6 (Ellen Gould White)",
    "element_type": "p",
    "element_subtype": "standard-indented",
    "content": "&ldquo;As a father pities his children, so the Lord pities those who fear <span class=\"page-break\" data-page=\"151\"></span> Him.&rdquo; <span class=\"egwlink egwlink_bible\" title=\"Psalm 103:13\" data-link=\"1965.31727\">Psalm 103:13</span>. &ldquo;As one whom his mother comforts, so I will comfort you.&rdquo; <span class=\"egwlink egwlink_bible\" title=\"Isaiah 6:13\" data-link=\"1965.36275\">Isaiah 6:13</span>.",
    "puborder": 793,
    "translations": []
  },
  {
    "para_id": "1976.1059",
    "id_prev": "1976.1056",
    "id_next": "1976.1061",
    "refcode_1": "TEd",
    "refcode_2": "151",
    "refcode_3": "1",
    "refcode_4": "",
    "refcode_short": "TEd 151.1",
    "refcode_long": "True Education, p. 151.1 (Ellen Gould White)",
    "element_type": "p",
    "element_subtype": "standard-indented",
    "content": "Fortunate is the child in whom such words as these awaken love and gratitude and trust; the child to whom the tenderness and justice and longsuffering of father and mother and teacher interpret the love and justice and longsuffering of God; the child who by trust and submission and reverence toward his earthly protectors learns to trust and obey and reverence his God. Adults who impart to children or students such a gift have endowed them with a treasure more precious than the wealth of all the ages&mdash;a treasure as enduring as eternity.",
    "puborder": 794,
    "translations": []
  }
]