[
  {
    "para_id": "1236.1314",
    "id_prev": "1236.1312",
    "id_next": "1236.1315",
    "refcode_1": "SDP",
    "refcode_2": "275",
    "refcode_3": "",
    "refcode_4": "56",
    "refcode_short": "SDP 275",
    "refcode_long": "The Story of Daniel the Prophet, p. 275 (Stephen Nelson Haskell)",
    "element_type": "h4",
    "element_subtype": "",
    "content": "Revelation",
    "puborder": 795,
    "translations": []
  },
  {
    "para_id": "1236.1315",
    "id_prev": "1236.1314",
    "id_next": "1236.1317",
    "refcode_1": "SDP",
    "refcode_2": "275",
    "refcode_3": "",
    "refcode_4": "",
    "refcode_short": "SDP 275",
    "refcode_long": "The Story of Daniel the Prophet, p. 275 (Stephen Nelson Haskell)",
    "element_type": "table",
    "element_subtype": "table",
    "content": "\n<tr><td>1:1</td><td align=\"right\">116</td></tr>\n<tr><td>1:7</td><td align=\"right\">129, 254</td></tr>\n<tr><td>1:15-18</td><td align=\"right\">156</td></tr>\n<tr><td>2:4</td><td align=\"right\">223</td></tr>\n<tr><td>2:7</td><td align=\"right\">136</td></tr>\n<tr><td>2:14</td><td align=\"right\">112, 221</td></tr>\n<tr><td>2:29</td><td align=\"right\">14</td></tr>\n<tr><td>3:5</td><td align=\"right\">143, 252</td></tr>\n<tr><td>3:5, 8</td><td align=\"right\">100</td></tr>\n<tr><td>3:20</td><td align=\"right\">122, 187</td></tr>\n<tr><td>4:1</td><td align=\"right\">159</td></tr>\n<tr><td>4:3</td><td align=\"right\">101</td></tr>\n<tr><td>4:5</td><td align=\"right\">142</td></tr>\n<tr><td>5:13</td><td align=\"right\">113</td></tr>\n<tr><td>6:2</td><td align=\"right\">224</td></tr>\n<tr><td>6:11</td><td align=\"right\">258</td></tr>\n<tr><td>6:14</td><td align=\"right\">256</td></tr>\n<tr><td>7:1-3</td><td align=\"right\">248, 253</td></tr>\n<tr><td>7:9</td><td align=\"right\">64</td></tr>\n<tr><td>7:9, 10</td><td align=\"right\">258</td></tr>\n<tr><td>7:14</td><td align=\"right\">147</td></tr>\n<tr><td>8:3, 4</td><td align=\"right\">142</td></tr>\n<tr><td>8:7-13</td><td align=\"right\">94</td></tr>\n<tr><td>9:1-21</td><td align=\"right\">193</td></tr>\n<tr><td>9:2, 3</td><td align=\"right\">246</td></tr>\n<tr><td>10:1, 2, 9</td><td align=\"right\">132</td></tr>\n<tr><td>11:1</td><td align=\"right\">148</td></tr>\n<tr><td>11:2, 3</td><td align=\"right\">97</td></tr>\n<tr><td>11:3</td><td align=\"right\">260</td></tr>\n<tr><td>11:8</td><td align=\"right\">251</td></tr>\n<tr><td>11:12</td><td align=\"right\">251</td></tr>\n<tr><td>11:18, 19</td><td align=\"right\">151</td></tr>\n<tr><td>11:19</td><td align=\"right\">132, 134, 252, 264</td></tr>\n<tr><td>12:9, 12, 17</td><td align=\"right\">111</td></tr>\n<tr><td>12:10, 12, 13</td><td align=\"right\">218</td></tr>\n<tr><td>12:12, 17</td><td align=\"right\">228</td></tr>\n<tr><td>12:15</td><td align=\"right\">221</td></tr>\n<tr><td>12:16</td><td align=\"right\">238, 260</td></tr>\n<tr><td>12:17</td><td align=\"right\">223</td></tr>\n<tr><td>13:2</td><td align=\"right\">110, 202, 203, 208, 227, 235</td></tr>\n<tr><td>13:3, 10</td><td align=\"right\">245</td></tr>\n<tr><td>13:7, 8</td><td align=\"right\">237</td></tr>\n<tr><td>13:8</td><td align=\"right\">99, 135, 257</td></tr>\n<tr><td>13:14-17</td><td align=\"right\">49</td></tr>\n<tr><td>13:16, 17</td><td align=\"right\">175</td></tr>\n<tr><td>14:1, 3, 4</td><td align=\"right\">257</td></tr>\n<tr><td>14:3-5</td><td align=\"right\">153</td></tr>\n<tr><td>14:4, 13</td><td align=\"right\">254</td></tr>\n<tr><td>14:6</td><td align=\"right\">113, 264</td></tr>\n<tr><td>14:6, 7</td><td align=\"right\">100, 131, 132</td></tr>\n<tr><td>14:6-12</td><td align=\"right\">129</td></tr>\n<tr><td>14:8</td><td align=\"right\">37</td></tr>\n<tr><td>14:8-12</td><td align=\"right\">148</td></tr>\n<tr><td>14:9</td><td align=\"right\">48</td></tr>\n<tr><td>14:12</td><td align=\"right\">223, 262</td></tr>\n<tr><td>14:13</td><td align=\"right\">250</td></tr>\n<tr><td>15:2</td><td align=\"right\">259</td></tr>\n<tr><td>15:2, 3</td><td align=\"right\">176, 257</td></tr>\n<tr><td>16:12-16</td><td align=\"right\">248</td></tr>\n<tr><td>16:13, 14</td><td align=\"right\">116</td></tr>\n<tr><td>16:16</td><td align=\"right\">194</td></tr>\n<tr><td>16:17, 18, 20, 21</td><td align=\"right\">254</td></tr>\n<tr><td>17:2, 3</td><td align=\"right\">35</td></tr>\n<tr><td>17:3, 6</td><td align=\"right\">96</td></tr>\n<tr><td>17:3, 6, 18</td><td align=\"right\">222</td></tr>\n<tr><td>17:3, 18</td><td align=\"right\">227</td></tr>\n<tr><td>17:4</td><td align=\"right\">38</td></tr>\n<tr><td>17:5</td><td align=\"right\">60, 180, 202</td></tr>\n<tr><td>17:15</td><td align=\"right\">90</td></tr>\n<tr><td>17:18</td><td align=\"right\">204</td></tr>\n<tr><td>18:1</td><td align=\"right\">128</td></tr>\n<tr><td>18:1-4, 16, 17</td><td align=\"right\">38</td></tr>\n<tr><td>18:2, 3</td><td align=\"right\">180</td></tr>\n<tr><td>18:3</td><td align=\"right\">55</td></tr>\n<tr><td>18:4</td><td align=\"right\">64, 76</td></tr>\n<tr><td>18:7</td><td align=\"right\">228</td></tr>\n<tr><td>18:16</td><td align=\"right\">225</td></tr>\n<tr><td>18:21</td><td align=\"right\">62</td></tr>\n<tr><td>19:10</td><td align=\"right\">116</td></tr>\n<tr><td>19:13, 14, 16</td><td align=\"right\">255</td></tr>\n<tr><td>19:19</td><td align=\"right\">194</td></tr>\n<tr><td>19:20</td><td align=\"right\">102, 204</td></tr>\n<tr><td>20:1-3</td><td align=\"right\">151</td></tr>\n<tr><td>20:4, 6</td><td align=\"right\">103</td></tr>\n<tr><td>20:9, 15</td><td align=\"right\">143</td></tr>\n<tr><td>20:10</td><td align=\"right\">152</td></tr>\n<tr><td>20:12</td><td align=\"right\">101</td></tr>\n<tr><td>21:1</td><td align=\"right\">145</td></tr>\n<tr><td>21:7</td><td align=\"right\">170</td></tr>\n<tr><td>22:1, 2</td><td align=\"right\">29, 136</td></tr>\n<tr><td>22:3</td><td align=\"right\">103, 145</td></tr>\n<tr><td>22:8, 9</td><td align=\"right\">116</td></tr>\n<tr><td>22:11</td><td align=\"right\">102, 151, 253</td></tr>\n<tr><td>22:12</td><td align=\"right\">133</td></tr>\n<tr><td>22:14</td><td align=\"right\">223</td></tr>\n<tr><td>22:17</td><td align=\"right\">41</td></tr>\n",
    "puborder": 796,
    "translations": []
  },
  {
    "para_id": "1236.1317",
    "id_prev": "1236.1315",
    "id_next": "1236.1319",
    "refcode_1": "SDP",
    "refcode_2": "276",
    "refcode_3": "1",
    "refcode_4": "",
    "refcode_short": "SDP 276.1",
    "refcode_long": "The Story of Daniel the Prophet, p. 276.1 (Stephen Nelson Haskell)",
    "element_type": "p",
    "element_subtype": "standard-noindent",
    "content": "[Blank]",
    "puborder": 797,
    "translations": []
  }
]