[
  {
    "para_id": "2772.2526",
    "id_prev": "2772.2525",
    "id_next": "2772.2527",
    "refcode_1": "EP",
    "refcode_2": "395",
    "refcode_3": "",
    "refcode_4": "181",
    "refcode_short": "EP 395",
    "refcode_long": "From Eternity Past, p. 395 (Ellen Gould White)",
    "element_type": "h4",
    "element_subtype": "",
    "content": "How Could Gideon Be Sure?",
    "puborder": 1832,
    "translations": []
  },
  {
    "para_id": "2772.2527",
    "id_prev": "2772.2526",
    "id_next": "2772.2528",
    "refcode_1": "EP",
    "refcode_2": "395",
    "refcode_3": "3",
    "refcode_4": "",
    "refcode_short": "EP 395.3",
    "refcode_long": "From Eternity Past, p. 395.3 (Ellen Gould White)",
    "element_type": "p",
    "element_subtype": "standard-indented",
    "content": "Gideon prayed, &ldquo;If Thou wilt save Israel by mine hand, as Thou hast said, behold, I will put a fleece of wool in the floor; and if the dew be on the fleece only, and it be dry upon all the earth besides, then shall I know that Thou wilt save Israel by mine hand, as Thou hast said.&rdquo; In the morning the fleece was wet, while the ground was dry. But now a doubt arose, since wool naturally absorbs moisture when there is any in the air; the test might not be decisive. Hence he asked that the sign be reversed. His request was granted.",
    "puborder": 1833,
    "translations": [
      {
        "para_id": "11234.2143",
        "lang": "cs",
        "refcode": "NUD 267.4"
      }
    ]
  },
  {
    "para_id": "2772.2528",
    "id_prev": "2772.2527",
    "id_next": "2772.2531",
    "refcode_1": "EP",
    "refcode_2": "395",
    "refcode_3": "4",
    "refcode_4": "",
    "refcode_short": "EP 395.4",
    "refcode_long": "From Eternity Past, p. 395.4 (Ellen Gould White)",
    "element_type": "p",
    "element_subtype": "standard-indented",
    "content": "Thus encouraged, Gideon led out his forces to give battle to the invaders. &ldquo;All the Midianites and the Amalekites and the children of the east were gathered together, and went over, and pitched in the valley of Jezreel.&rdquo; The entire force under Gideon&apos;s command numbered only thirty-two thousand men. But with the vast host of the enemy spread out before him, the word of the Lord came: &ldquo;The people that are with thee are <span class=\"page-break\" data-page=\"396\"></span> too many for Me to give the Midianites into their hands, lest Israel vaunt themselves against Me, saying, Mine own hand hath saved me. Now therefore ... proclaim in the ears of the people, saying, Whosoever is fearful and afraid, let him return and depart early from mount Gilead.&rdquo; Those unwilling to face danger and hardship would add no strength to the armies of Israel.",
    "puborder": 1834,
    "translations": [
      {
        "para_id": "11234.2145",
        "lang": "cs",
        "refcode": "NUD 267.5"
      }
    ]
  },
  {
    "para_id": "2772.2531",
    "id_prev": "2772.2528",
    "id_next": "2772.2532",
    "refcode_1": "EP",
    "refcode_2": "396",
    "refcode_3": "1",
    "refcode_4": "",
    "refcode_short": "EP 396.1",
    "refcode_long": "From Eternity Past, p. 396.1 (Ellen Gould White)",
    "element_type": "p",
    "element_subtype": "standard-indented",
    "content": "Gideon was filled with astonishment at the declaration that his army was too large. But the Lord saw the pride and unbelief in the hearts of His people. Aroused by the appeals of Gideon, they had readily enlisted; but many were filled with fear when they saw the multitudes of Midian. Yet, had Israel triumphed, those very ones would have taken glory to themselves instead of ascribing victory to God.",
    "puborder": 1835,
    "translations": [
      {
        "para_id": "11234.2146",
        "lang": "cs",
        "refcode": "NUD 267.6"
      }
    ]
  }
]