[
  {
    "para_id": "2772.298",
    "id_prev": "2772.294",
    "id_next": "2772.299",
    "refcode_1": "EP",
    "refcode_2": "51",
    "refcode_3": "",
    "refcode_4": "7",
    "refcode_short": "EP 51",
    "refcode_long": "From Eternity Past, p. 51 (Ellen Gould White)",
    "element_type": "h3",
    "element_subtype": "",
    "content": "Chapter 7&mdash;When the World Was Destroyed by Water",
    "puborder": 203,
    "translations": [
      {
        "para_id": "11234.244",
        "lang": "cs",
        "refcode": "NUD 37"
      }
    ]
  },
  {
    "para_id": "2772.299",
    "id_prev": "2772.298",
    "id_next": "2772.300",
    "refcode_1": "EP",
    "refcode_2": "51",
    "refcode_3": "",
    "refcode_4": "",
    "refcode_short": "",
    "refcode_long": "",
    "element_type": "p",
    "element_subtype": "bibletext",
    "content": "<span class=\"non-egw-comment\">This chapter is based on <span class=\"egwlink egwlink_bible\" title=\"Genesis 6:1\" data-link=\"1965.286\">Genesis 6</span> and 7.</span>",
    "puborder": 204,
    "translations": []
  },
  {
    "para_id": "2772.300",
    "id_prev": "2772.299",
    "id_next": "2772.301",
    "refcode_1": "EP",
    "refcode_2": "51",
    "refcode_3": "1",
    "refcode_4": "",
    "refcode_short": "EP 51.1",
    "refcode_long": "From Eternity Past, p. 51.1 (Ellen Gould White)",
    "element_type": "p",
    "element_subtype": "standard-indented",
    "content": "In the days of Noah a double curse was resting upon the earth in consequence of Adam&apos;s transgression and the murder committed by Cain. Yet the earth was still beautiful. The hills were crowned with majestic trees; the plains were sweet with the fragrance of a thousand flowers. The fruits of the earth were almost without limit. The trees far surpassed in size and perfect proportion any now to be found. Their wood was of fine grain and hard substance, resembling stone and hardly less enduring. Gold, silver, and precious stones existed in abundance.",
    "puborder": 205,
    "translations": [
      {
        "para_id": "11234.245",
        "lang": "cs",
        "refcode": "NUD 37.1"
      }
    ]
  },
  {
    "para_id": "2772.301",
    "id_prev": "2772.300",
    "id_next": "2772.302",
    "refcode_1": "EP",
    "refcode_2": "51",
    "refcode_3": "2",
    "refcode_4": "",
    "refcode_short": "EP 51.2",
    "refcode_long": "From Eternity Past, p. 51.2 (Ellen Gould White)",
    "element_type": "p",
    "element_subtype": "standard-indented",
    "content": "The human race yet retained much of its early vigor. There were many giants renowned for wisdom, skillful in devising the most cunning and wonderful works, but giving loose rein to iniquity.",
    "puborder": 206,
    "translations": [
      {
        "para_id": "11234.246",
        "lang": "cs",
        "refcode": "NUD 37.2"
      }
    ]
  },
  {
    "para_id": "2772.302",
    "id_prev": "2772.301",
    "id_next": "2772.303",
    "refcode_1": "EP",
    "refcode_2": "51",
    "refcode_3": "3",
    "refcode_4": "",
    "refcode_short": "EP 51.3",
    "refcode_long": "From Eternity Past, p. 51.3 (Ellen Gould White)",
    "element_type": "p",
    "element_subtype": "standard-indented",
    "content": "God bestowed upon these antediluvians rich gifts, but they used His bounties to glorify themselves and turned them into a curse by fixing their affections on the gifts instead of the Giver. They endeavored to excel one another in beautifying their dwellings with skillful workmanship. They reveled in scenes of pleasure and wickedness. Not desiring to retain God in their knowledge, they soon came to deny His existence. They glorified human genius, worshiped the works of their own hands, and taught their children to bow down to graven images.",
    "puborder": 207,
    "translations": [
      {
        "para_id": "11234.247",
        "lang": "cs",
        "refcode": "NUD 37.3"
      }
    ]
  },
  {
    "para_id": "2772.303",
    "id_prev": "2772.302",
    "id_next": "2772.306",
    "refcode_1": "EP",
    "refcode_2": "51",
    "refcode_3": "4",
    "refcode_4": "",
    "refcode_short": "EP 51.4",
    "refcode_long": "From Eternity Past, p. 51.4 (Ellen Gould White)",
    "element_type": "p",
    "element_subtype": "standard-indented",
    "content": "The psalmist describes the effect produced upon the worshiper by the adoration of idols: &ldquo;They that make them are like unto them; so is every one that trusteth in <span class=\"page-break\" data-page=\"52\"></span> them.&rdquo; <span class=\"egwlink egwlink_bible\" title=\"Psalm 115:8\" data-link=\"1965.32291\">Psalm 115:8</span>. It is a law of the human mind that by beholding we become changed. If the mind is never exalted above the level of humanity, if it is not uplifted to contemplate infinite wisdom and love, man will be constantly sinking lower and lower. &ldquo;God saw that the wickedness of man was great in the earth, and that every imagination of the thoughts of his heart was only evil continually... . The earth also was corrupt before God, and the earth was filled with violence.&rdquo; His law was transgressed, and every conceivable sin was the result. Justice was trampled in the dust, and the cries of the oppressed reached unto heaven.",
    "puborder": 208,
    "translations": [
      {
        "para_id": "11234.248",
        "lang": "cs",
        "refcode": "NUD 37.4"
      }
    ]
  }
]