[
  {
    "para_id": "14165.1049",
    "id_prev": "14165.1048",
    "id_next": "14165.1050",
    "refcode_1": "FJAJ",
    "refcode_2": "9",
    "refcode_3": "",
    "refcode_4": "125",
    "refcode_short": "FJAJ 9",
    "refcode_long": "Antiquities of the Jews, p. 9 (Titus Flavius Josephus)",
    "element_type": "h4",
    "element_subtype": "",
    "content": "Chapter 9.",
    "puborder": 1039,
    "translations": []
  },
  {
    "para_id": "14165.1050",
    "id_prev": "14165.1049",
    "id_next": "14165.1051",
    "refcode_1": "FJAJ",
    "refcode_2": "9",
    "refcode_3": "48",
    "refcode_4": "",
    "refcode_short": "FJAJ 9.48",
    "refcode_long": "Antiquities of the Jews, p. 9.48 (Titus Flavius Josephus)",
    "element_type": "p",
    "element_subtype": "standard-indented",
    "content": "<b>HOW AMAZIAH MADE AN EXPEDITION AGAINST THE EDOMITES AND AMALEKITES\r\nAND CONQUERED THEM; BUT WHEN HE AFTERWARDS MADE WAR AGAINST JOASH, HE WAS\r\nBEATEN AND NOT LONG AFTER WAS SLAIN, AND UZZIAH SUCCEEDED IN THE GOVERNMENT.\r\n</b>",
    "puborder": 1040,
    "translations": []
  },
  {
    "para_id": "14165.1051",
    "id_prev": "14165.1050",
    "id_next": "14165.1052",
    "refcode_1": "FJAJ",
    "refcode_2": "9",
    "refcode_3": "49",
    "refcode_4": "",
    "refcode_short": "FJAJ 9.49",
    "refcode_long": "Antiquities of the Jews, p. 9.49 (Titus Flavius Josephus)",
    "element_type": "p",
    "element_subtype": "standard-indented",
    "content": "<b>1.</b> Now, in the second year of the reign of Joash over Israel, Amaziah\r\nreigned over the tribe of Judah in Jerusalem<br />His mother&apos;s name was Jehoaddan,\r\nwho was born at Jerusalem<br />He was exceeding careful of doing what was right,\r\nand this when he was very young; but when he came to the management of\r\naffairs, and to the government, he resolved that he ought first of all\r\nto avenge his father Je-hoash, and to punish those his friends that had\r\nlaid violent hands upon him: so he seized upon them all, and put them to\r\ndeath; yet did he execute no severity on their children, but acted therein\r\naccording to the laws of Moses, who did not think it just to punish children\r\nfor the sins of their fathers<br />After this he chose him an army out of the\r\ntribe of Judah and Benjamin, of such as were in the flower of their age,\r\nand about twenty years old; and when he had collected about three hundred\r\nthousand of them together, he set captains of hundreds over them<br />He also\r\nsent to the king of Israel, and hired a hundred thousand of his soldiers\r\nfor a hundred talents of silver, for he had resolved to make an expedition\r\nagainst the nations of the Amatekites, and Edomites, and Gebalites: but\r\nas he was preparing for his expedition, and ready to go out to the war,\r\na prophet gave him counsel to dismiss the army of the Israelites, because\r\nthey were bad men, and because God foretold that he should be beaten, if\r\nhe made use of them as auxiliaries; but that he should overcome his enemies,\r\nthough he had but a few soldiers, when it so pleased God<br />And when the\r\nking grudged at his having already paid the hire of the Israelites, the\r\nprophet exhorted him to do what God would have him, because he should thereby\r\nobtain much wealth from God<br />So he dismissed them, and said that he still\r\nfreely gave them their pay, and went himself with his own army, and made\r\nwar with the nations before mentioned; and when he had beaten them in battle,\r\nhe slew of them ten thousand, and took as many prisoners alive, whom he\r\nbrought to the great rock which is in Arabia, and threw them down from\r\nit headlong<br />He also brought away a great deal of prey and vast riches\r\nfrom those nations<br />But while Amaziah was engaged in this expedition, those\r\nIsraelites whom he had hired, and then dismissed, were very uneasy at it,\r\nand taking their dismission for an affront, (as supposing that this would\r\nnot have been done to them but out of contempt,) they fell upon his kingdom,\r\nand proceeded to spoil the country as far as Beth-horon, and took much\r\ncattle, and slew three thousand men.",
    "puborder": 1041,
    "translations": []
  },
  {
    "para_id": "14165.1052",
    "id_prev": "14165.1051",
    "id_next": "14165.1053",
    "refcode_1": "FJAJ",
    "refcode_2": "9",
    "refcode_3": "50",
    "refcode_4": "",
    "refcode_short": "FJAJ 9.50",
    "refcode_long": "Antiquities of the Jews, p. 9.50 (Titus Flavius Josephus)",
    "element_type": "p",
    "element_subtype": "standard-indented",
    "content": "<b>2.</b> Now upon the victory which Amaziah had gotten, and the great acts\r\nhe had done, he was puffed up, and began to overlook God, who had given\r\nhim the victory, and proceeded to worship the gods he had brought out of\r\nthe country of the Amalekites<br />So a prophet came to him, and said, that\r\nhe wondered how he could esteem these to be gods, who had been of no advantage\r\nto their own people who paid them honors, nor had delivered them from his\r\nhands, but had overlooked the destruction of many of them, and had suffered\r\nthemselves to be carried captive, for that they had been carried to Jerusalem\r\nin the same manner as any one might have taken some of the enemy alive,\r\nand led them thither<br />This reproof provoked the king to anger, and he commanded\r\nthe prophet to hold his peace, and threatened to punish him if he meddled\r\nwith his conduct<br />So he replied, that he should indeed hold his peace;\r\nbut foretold withal, that God would not overlook his attempts for innovation.\r\nBut Amaziah was not able to contain himself under that prosperity which\r\nGod had given him, although he had affronted God thereupon; but in a vein\r\nof insolence he wrote to Joash, the king of Israel, and commanded that\r\nhe and all his people should be obedient to him, as they had formerly been\r\nobedient to his progenitors, David and Solomon; and he let him know, that\r\nif he would not be so wise as to do what he commanded him, he must fight\r\nfor his dominion<br />To which message Joash returned this answer in writing:\r\n&quot;King Joash to king Amaziah<br />There was a vastly tall cypress tree\r\nin Mount Lebanon, as also a thistle; this thistle sent to the cypress tree\r\nto give the cypress tree&apos;s daughter in marriage to the thistle&apos;s son; but\r\nas the thistle was saying this, there came a wild beast, and trod down\r\nthe thistle: and this may be a lesson to thee, not to be so ambitious,\r\nand to have a care, lest upon thy good success in the fight against the\r\nAmalekites thou growest so proud, as to bring dangers upon thyself and\r\nupon thy kingdom.&quot;",
    "puborder": 1042,
    "translations": []
  },
  {
    "para_id": "14165.1053",
    "id_prev": "14165.1052",
    "id_next": "14165.1054",
    "refcode_1": "FJAJ",
    "refcode_2": "9",
    "refcode_3": "51",
    "refcode_4": "",
    "refcode_short": "FJAJ 9.51",
    "refcode_long": "Antiquities of the Jews, p. 9.51 (Titus Flavius Josephus)",
    "element_type": "p",
    "element_subtype": "standard-indented",
    "content": "<b>3.</b> When Amaziah had read this letter, he was more eager upon this expedition,\r\nwhich, I suppose, was by the impulse of God, that he might be punished\r\nfor his offense against him<br />But as soon as he led out his army against\r\nJoash, and they were going to join battle with him, there came such a fear\r\nand consternation upon the army of Amaziah, as God, when he is displeased,\r\nsends upon men, and discomfited them, even before they came to a close\r\nfight<br />Now it happened, that as they were scattered about by the terror\r\nthat was upon them, Amaziah was left alone, and was taken prisoner by the\r\nenemy; whereupon Joash threatened to kill him, unless he would persuade\r\nthe people of Jerusalem to open their gates to him, and receive him and\r\nhis army into the city<br />Accordingly Amaziah was so distressed, and in such\r\nfear of his life, that he made his enemy to be received into the city.\r\nSo Joash over threw a part of the wall, of the length of four hundred cubits,\r\nand drove his chariot through the breach into Jerusalem, and led Amaziah\r\ncaptive along with him; by which means he became master of Jerusalem, and\r\ntook away the treasures of God, and carried off all the gold and silver\r\nthat was in the king&apos;s palace, and then freed the king from captivity,\r\nand returned to Samaria<br />Now these things happened to the people of Jerusalem\r\nin the fourteenth year of the reign of Amaziah, who after this had a conspiracy\r\nmade against him by his friends, and fled to the city Lachish, and was\r\nthere slain by the conspirators, who sent men thither to kill him<br />So they\r\ntook up his dead body, and carried it to Jerusalem, and made a royal funeral\r\nfor him<br />This was the end of the life of Amaziah, because of his innovations\r\nin religion, and his contempt of God, when he had lived fifty-four years,\r\nand had reigned twenty-nine<br />He was succeeded by his son, whose name was\r\nUzziah.",
    "puborder": 1043,
    "translations": []
  }
]