[
  {
    "para_id": "14165.162",
    "id_prev": "14165.161",
    "id_next": "14165.163",
    "refcode_1": "FJAJ",
    "refcode_2": "2",
    "refcode_3": "",
    "refcode_4": "25",
    "refcode_short": "FJAJ 2",
    "refcode_long": "Antiquities of the Jews, p. 2 (Titus Flavius Josephus)",
    "element_type": "h4",
    "element_subtype": "",
    "content": "Chapter 3.",
    "puborder": 159,
    "translations": []
  },
  {
    "para_id": "14165.163",
    "id_prev": "14165.162",
    "id_next": "14165.164",
    "refcode_1": "FJAJ",
    "refcode_2": "2",
    "refcode_3": "11",
    "refcode_4": "",
    "refcode_short": "FJAJ 2.11",
    "refcode_long": "Antiquities of the Jews, p. 2.11 (Titus Flavius Josephus)",
    "element_type": "p",
    "element_subtype": "standard-indented",
    "content": "<b>HOW JOSEPH WAS THUS SOLD BY HIS BRETHREN INTO EGYPT, BY REASON\r\nOF THEIR HATRED TO HIM; AND HOW HE THERE GREW FAMOUS AND ILLUSTRIOUS AND\r\nHAD HIS BRETHREN UNDER HIS POWER.</b>",
    "puborder": 160,
    "translations": []
  },
  {
    "para_id": "14165.164",
    "id_prev": "14165.163",
    "id_next": "14165.165",
    "refcode_1": "FJAJ",
    "refcode_2": "2",
    "refcode_3": "12",
    "refcode_4": "",
    "refcode_short": "FJAJ 2.12",
    "refcode_long": "Antiquities of the Jews, p. 2.12 (Titus Flavius Josephus)",
    "element_type": "p",
    "element_subtype": "standard-indented",
    "content": "<b>1.</b> NOW these brethren rejoiced as soon as they saw their brother coming\r\nto them, not indeed as at the presence of a near relation, or as at the\r\npresence of one sent by their father, but as at the presence of an enemy,\r\nand one that by Divine Providence was delivered into their hands; and they\r\nalready resolved to kill him, and not let slip the opportunity that lay\r\nbefore them<br />But when Reubel, the eldest of them, saw them thus disposed,\r\nand that they had agreed together to execute their purpose, he tried to\r\nrestrain them, showing them the heinous enterprise they were going about,\r\nand the horrid nature of it; that this action would appear wicked in the\r\nsight of God, and impious before men, even though they should kill one\r\nnot related to them; but much more flagitious and detestable to appear\r\nto have slain their own brother, by which act the father must be treated\r\nunjustly in the son&apos;s slaughter, and the mother <sup class=\"chapterendnote\"><a class=\"chapterendnote\">(1)<span class=\"chapterendnote\"> We\r\nmay here observe, that in correspondence to Joseph&apos;s second dream, which\r\nimplied that his mother, who was then alive, as well as his father, should\r\ncome and bow down to him, Josephus represents her here as still alive after\r\nshe was dead, for the decorum of the dream that foretold it, as the interpretation\r\nof the dream does also in all our copies, Genesis 37:10.</span></a></sup>\r\nalso be in perplexity while she laments that her son is taken away from\r\nher, and this not in a natural way neither<br />So he entreated them to have\r\na regard to their own consciences, and wisely to consider what mischief\r\nwould betide them upon the death of so good a child, and their youngest\r\nbrother; that they would also fear God, who was already both a spectator\r\nand a witness of the designs they had against their brother; that he would\r\nlove them if they abstained from this act, and yielded to repentance and\r\namendment; but in case they proceeded to do the fact, all sorts of punishments\r\nwould overtake them from God for this murder of their brother, since they\r\npolluted his providence, which was every where present, and which did not\r\noverlook what was done, either in deserts or in cities; for wheresoever\r\na man is, there ought he to suppose that God is also<br />He told them further,\r\nthat their consciences would be their enemies, if they attempted to go\r\nthrough so wicked an enterprise, which they can never avoid, whether it\r\nbe a good conscience; or whether it be such a one as they will have within\r\nthem when once they have killed their brother<br />He also added this besides\r\nto what he had before said, that it was not a righteous thing to kill a\r\nbrother, though he had injured them; that it is a good thing to forget\r\nthe actions of such near friends, even in things wherein they might seem\r\nto have offended; but that they were going to kill Joseph, who had been\r\nguilty of nothing that was ill towards them, in whose case the infirmity\r\nof his small age should rather procure him mercy, and move them to unite\r\ntogether in the care of his preservation<br />That the cause of killing him\r\nmade the act itself much worse, while they determined to take him off out\r\nof envy at his future prosperity, an equal share of which they would naturally\r\npartake while he enjoyed it, since they were to him not strangers, but\r\nthe nearest relations, for they might reckon upon what God bestowed upon\r\nJoseph as their own; and that it was fit for them to believe, that the\r\nanger of God would for this cause be more severe upon them, if they slew\r\nhim who was judged by God to be worthy of that prosperity which was to\r\nbe hoped for; and while, by murdering him, they made it impossible for\r\nGod to bestow it upon him.",
    "puborder": 161,
    "translations": []
  },
  {
    "para_id": "14165.165",
    "id_prev": "14165.164",
    "id_next": "14165.166",
    "refcode_1": "FJAJ",
    "refcode_2": "2",
    "refcode_3": "13",
    "refcode_4": "",
    "refcode_short": "FJAJ 2.13",
    "refcode_long": "Antiquities of the Jews, p. 2.13 (Titus Flavius Josephus)",
    "element_type": "p",
    "element_subtype": "standard-indented",
    "content": "<b>2.</b> Reubel said these and many other things, and used entreaties to them,\r\nand thereby endeavored to divert them from the murder of their brother.\r\nBut when he saw that his discourse had not mollified them at all, and that\r\nthey made haste to do the fact, he advised them to alleviate the wickedness\r\nthey were going about, in the manner of taking Joseph off; for as he had\r\nexhorted them first, when they were going to revenge themselves, to be\r\ndissuaded from doing it; so, since the sentence for killing their brother\r\nhad prevailed, he said that they would not, however, be so grossly guilty,\r\nif they would be persuaded to follow his present advice, which would include\r\nwhat they were so eager about, but was not so very bad, but, in the distress\r\nthey were in, of a lighter nature<br />He begged of them, therefore, not to\r\nkill their brother with their own hands, but to cast him into the pit that\r\nwas hard by, and so to let him die; by which they would gain so much, that\r\nthey would not defile their own hands with his blood<br />To this the young\r\nmen readily agreed; so Reubel took the lad and tied him to a cord, and\r\nlet him down gently into the pit, for it had no water at all in it; who,\r\nwhen he had done this, went his way to seek for such pasturage as was fit\r\nfor feeding his flocks.",
    "puborder": 162,
    "translations": []
  },
  {
    "para_id": "14165.166",
    "id_prev": "14165.165",
    "id_next": "14165.167",
    "refcode_1": "FJAJ",
    "refcode_2": "2",
    "refcode_3": "14",
    "refcode_4": "",
    "refcode_short": "FJAJ 2.14",
    "refcode_long": "Antiquities of the Jews, p. 2.14 (Titus Flavius Josephus)",
    "element_type": "p",
    "element_subtype": "standard-indented",
    "content": "<b>3.</b> But Judas, being one of Jacob&apos;s sons also, seeing some Arabians,\r\nof the posterity of Ismael, carrying spices and Syrian wares out of the\r\nland of Gilead to the Egyptians, after Rubel was gone, advised his brethren\r\nto draw Joseph out of the pit, and sell him to the Arabians; for if he\r\nshould die among strangers a great way off<i>, </i>they should be freed\r\nfrom this barbarous action<br />This, therefore, was resolved on; so they drew\r\nJoseph up out of the pit, and sold him to the merchants for twenty pounds\r\n<sup class=\"chapterendnote\"><a class=\"chapterendnote\">(2)<span class=\"chapterendnote\"> The\r\nSeptuagint have twenty pieces of gold; the Testament of Gad thirty; the\r\nHebrew and Samaritan twenty of silver; and the vulgar Latin thirty. What\r\nwas the true number and true sum cannot therefore now be known.</span></a></sup> He was\r\nnow seventeen years old<br />But Reubel, coming in the night-time to the pit,\r\nresolved to save Joseph, without the privity of his brethren; and when,\r\nupon his calling to him, he made no answer, he was afraid that they had\r\ndestroyed him after he was gone; of which he complained to his brethren;\r\nbut when they had told him what they had done, Reubel left off his mourning.",
    "puborder": 163,
    "translations": []
  },
  {
    "para_id": "14165.167",
    "id_prev": "14165.166",
    "id_next": "14165.168",
    "refcode_1": "FJAJ",
    "refcode_2": "2",
    "refcode_3": "15",
    "refcode_4": "",
    "refcode_short": "FJAJ 2.15",
    "refcode_long": "Antiquities of the Jews, p. 2.15 (Titus Flavius Josephus)",
    "element_type": "p",
    "element_subtype": "standard-indented",
    "content": "<b>4.</b> When Joseph&apos;s brethren had done thus to him, they considered what\r\nthey should do to escape the suspicions of their father<br />Now they had taken\r\naway from Joseph the coat which he had on when he came to them at the time\r\nthey let him down into the pit; so they thought proper to tear that coat\r\nto pieces, and to dip it into goats&apos; blood, and then to carry it and show\r\nit to their father, that he might believe he was destroyed by wild beasts.\r\nAnd when they had so done, they came to the old man, but this not till\r\nwhat had happened to his son had already come to his knowledge<br />Then they\r\nsaid that they had not seen Joseph, nor knew what mishap had befallen him;\r\nbut that they had found his coat bloody and torn to pieces, whence they\r\nhad a suspicion that he had fallen among wild beasts, and so perished,\r\nif that was the coat he had on when he came from home<br />Now Jacob had before\r\nsome better hopes that his son was only made a captive; but now he laid\r\naside that notion, and supposed that this coat was an evident argument\r\nthat he was dead, for he well remembered that this was the coat he had\r\non when he sent him to his brethren; so he hereafter lamented the lad as\r\nnow dead, and as if he had been the father of no more than one, without\r\ntaking any comfort in the rest; and so he was also affected with his misfortune\r\nbefore he met with Joseph&apos;s brethren, when he also conjectured that Joseph\r\nwas destroyed by wild beasts<br />He sat down also clothed in sackcloth and\r\nin heavy affliction, insomuch that he found no ease when his sons comforted\r\nhim, neither did his pains remit by length of time.",
    "puborder": 164,
    "translations": []
  }
]