[
  {
    "para_id": "14165.2055",
    "id_prev": "14165.2054",
    "id_next": "14165.2056",
    "refcode_1": "FJAJ",
    "refcode_2": "19",
    "refcode_3": "",
    "refcode_4": "240",
    "refcode_short": "FJAJ 19",
    "refcode_long": "Antiquities of the Jews, p. 19 (Titus Flavius Josephus)",
    "element_type": "h4",
    "element_subtype": "",
    "content": "Chapter 5.",
    "puborder": 2035,
    "translations": []
  },
  {
    "para_id": "14165.2056",
    "id_prev": "14165.2055",
    "id_next": "14165.2057",
    "refcode_1": "FJAJ",
    "refcode_2": "19",
    "refcode_3": "46",
    "refcode_4": "",
    "refcode_short": "FJAJ 19.46",
    "refcode_long": "Antiquities of the Jews, p. 19.46 (Titus Flavius Josephus)",
    "element_type": "p",
    "element_subtype": "standard-indented",
    "content": "<b>HOW CLAUDIUS RESTORED TO AGRIPPA HIS GRANDFATHERS KINGDOMS\r\nAND AUGMENTED HIS DOMINIONS; AND HOW HE PUBLISHED AN EDICT IN BEHALF.</b>",
    "puborder": 2036,
    "translations": []
  },
  {
    "para_id": "14165.2057",
    "id_prev": "14165.2056",
    "id_next": "14165.2058",
    "refcode_1": "FJAJ",
    "refcode_2": "19",
    "refcode_3": "47",
    "refcode_4": "",
    "refcode_short": "FJAJ 19.47",
    "refcode_long": "Antiquities of the Jews, p. 19.47 (Titus Flavius Josephus)",
    "element_type": "p",
    "element_subtype": "standard-indented",
    "content": "<b>1.</b> NOW when Claudius had taken out of the way all those soldiers whom\r\nhe suspected, which he did immediately, he published an edict, and therein\r\nconfirmed that kingdom to Agrippa which Caius had given him, and therein\r\ncommended the king highly<br />He also made all addition to it of all that\r\ncountry over which Herod, who was his grandfather, had reigned, that is,\r\nJudea and Samaria; and this he restored to him as due to his family<br />But\r\nfor Abila <sup class=\"chapterendnote\"><a class=\"chapterendnote\">(17)<span class=\"chapterendnote\">\r\nHere St. Luke is in some measure confirmed, when he reforms us, ch. 3:1,\r\nthat Lysanias was some time before tetrarch of Abilene, whose capital was\r\nAbila; as he is further confirmed by Ptolemy, the great geographer, which\r\nSpanheim here observes, when he calls that city Abila of Lysanias. See\r\nthe note on B. XVII. ch. 11. sect. 4; and Prid. at the years 36 and 22.\r\nI esteem this principality to have belonged to the land of Canaan originally,\r\nto have been the burying-place of Abel, and referred to as such, Matthew\r\n23:35; Luke 11:51. See Authent. Rec. Part. II. p. 883--885.</span></a></sup>\r\nof Lysanias, and all that lay at Mount Libanus, he bestowed them upon him,\r\nas out of his own territories<br />He also made a league with this Agrippa,\r\nconfirmed by oaths, in the middle of the forum, in the city of Rome: he\r\nalso took away from Antiochus that kingdom which he was possessed of, but\r\ngave him a certain part of Cilicia and Commagena: he also set Alexander\r\nLysimachus, the alabarch, at liberty, who had been his old friend, and\r\nsteward to his mother Antonia, but had been imprisoned by Caius, whose\r\nson [Marcus] married Bernice, the daughter of Agrippa<br />But when Marcus,\r\nAlexander&apos;s son, was dead, who had married her when she was a virgin, Agrippa\r\ngave her in marriage to his brother Herod, and begged for him of Claudius\r\nthe kingdom of Chalcis.",
    "puborder": 2037,
    "translations": []
  },
  {
    "para_id": "14165.2058",
    "id_prev": "14165.2057",
    "id_next": "14165.2059",
    "refcode_1": "FJAJ",
    "refcode_2": "19",
    "refcode_3": "48",
    "refcode_4": "",
    "refcode_short": "FJAJ 19.48",
    "refcode_long": "Antiquities of the Jews, p. 19.48 (Titus Flavius Josephus)",
    "element_type": "p",
    "element_subtype": "standard-indented",
    "content": "<b>2.</b> Now about this time there was a sedition between the Jews and the\r\nGreeks, at the city of Alexandria; for when Caius was dead, the nation\r\nof the Jews, which had been very much mortified under the reign of Caius,\r\nand reduced to very great distress by the people of Alexandria, recovered\r\nitself, and immediately took up their arms to fight for themselves<br />So\r\nClaudius sent an order to the president of Egypt to quiet that tumult;\r\nhe also sent an edict, at the requests of king Agrippa and king Herod,\r\nboth to Alexandria and to Syria, whose contents were as follows: &quot;Tiberius\r\nClaudius Caesar Augustus Germanicus, high priest, and tribune of the people,\r\nordains thus: Since I am assured that the Jews of Alexandria, called Alexandrians,\r\nhave been joint inhabitants in the earliest times with the Alexandrians,\r\nand have obtained from their kings equal privileges with them, as is evident\r\nby the public records that are in their possession, and the edicts themselves;\r\nand that after Alexandria had been subjected to our empire by Augustus,\r\ntheir rights and privileges have been preserved by those presidents who\r\nhave at divers times been sent thither; and that no dispute had been raised\r\nabout those rights and privileges, even when Aquila was governor of Alexandria;\r\nand that when the Jewish ethnarch was dead, Augustus did not prohibit the\r\nmaking such ethnarchs, as willing that all men should be so subject [to\r\nthe Romans] as to continue in the observation of their own customs, and\r\nnot be forced to transgress the ancient rules of their own country religion;\r\nbut that, in the time of Caius, the Alexandrians became insolent towards\r\nthe Jews that were among them, which Caius, out of his great madness and\r\nwant of understanding, reduced the nation of the Jews very low, because\r\nthey would not transgress the religious worship of their country, and call\r\nhim a god: I will therefore that the nation of the Jews be not deprived\r\nof their rights and privileges, on account of the madness of Caius; but\r\nthat those rights and privileges which they formerly enjoyed be preserved\r\nto them, and that they may continue in their own customs<br />And I charge\r\nboth parties to take very great care that no troubles may arise after the\r\npromulgation of this edict.&quot;",
    "puborder": 2038,
    "translations": []
  },
  {
    "para_id": "14165.2059",
    "id_prev": "14165.2058",
    "id_next": "14165.2060",
    "refcode_1": "FJAJ",
    "refcode_2": "19",
    "refcode_3": "49",
    "refcode_4": "",
    "refcode_short": "FJAJ 19.49",
    "refcode_long": "Antiquities of the Jews, p. 19.49 (Titus Flavius Josephus)",
    "element_type": "p",
    "element_subtype": "standard-indented",
    "content": "<b>3.</b> And such were the contents of this edict on behalf of the Jews that\r\nwas sent to Alexandria<br />But the edict that was sent into the other parts\r\nof the habitable earth was this which follows: &quot;Tiberius Claudius\r\nCaesar Augustus Germanicus, high priest, tribune of the people, chosen\r\nconsul the second time, ordains thus: Upon the petition of king Agrippa\r\nand king Herod, who are persons very dear to me, that I would grant the\r\nsame rights and privileges should be preserved to the Jews which are in\r\nall the Roman empire, which I have granted to those of Alexandria, I very\r\nwillingly comply therewith; and this grant I make not only for the sake\r\nof the petitioners, but as judging those Jews for whom I have been petitioned\r\nworthy of such a favor, on account of their fidelity and friendship to\r\nthe Romans<br />I think it also very just that no Grecian city should be deprived\r\nof such rights and privileges, since they were preserved to them under\r\nthe great Augustus<br />It will therefore be fit to permit the Jews, who are\r\nin all the world under us, to keep their ancient customs without being\r\nhindered so to do<br />And I do charge them also to use this my kindness to\r\nthem with moderation, and not to show a contempt of the superstitious observances\r\nof other nations, but to keep their own laws only<br />And I will that this\r\ndecree of mine be engraven on tables by the magistrates of the cities,\r\nand colonies, and municipal places, both those within Italy and those without\r\nit, both kings and governors, by the means of the ambassadors, and to have\r\nthem exposed to the public for full thirty days, in such a place whence\r\nit may plainly be read from the ground.",
    "puborder": 2039,
    "translations": []
  },
  {
    "para_id": "14165.2060",
    "id_prev": "14165.2059",
    "id_next": "14165.2061",
    "refcode_1": "FJAJ",
    "refcode_2": "19",
    "refcode_3": "50",
    "refcode_4": "",
    "refcode_short": "FJAJ 19.50",
    "refcode_long": "Antiquities of the Jews, p. 19.50 (Titus Flavius Josephus)",
    "element_type": "p",
    "element_subtype": "standard-indented",
    "content": "<sup class=\"chapterendnote\"><a class=\"chapterendnote\">(18)<span class=\"chapterendnote\">\r\nThis form was so known and frequent among the Romans, as Dr. Hudson here\r\ntells us from the great Selden, that it used to be thus represented at\r\nthe bottom of their edicts by the initial letters only, U. D. P. R. L.\r\nP, Unde De Plano Recte Lege Possit; &quot;Whence it may be plainly read\r\nfrom the ground.&quot;</span></a></sup>",
    "puborder": 2040,
    "translations": []
  }
]