[
  {
    "para_id": "14165.1705",
    "id_prev": "14165.1704",
    "id_next": "14165.1706",
    "refcode_1": "FJAJ",
    "refcode_2": "15",
    "refcode_3": "",
    "refcode_4": "201",
    "refcode_short": "FJAJ 15",
    "refcode_long": "Antiquities of the Jews, p. 15 (Titus Flavius Josephus)",
    "element_type": "h4",
    "element_subtype": "",
    "content": "Chapter 9.",
    "puborder": 1689,
    "translations": []
  },
  {
    "para_id": "14165.1706",
    "id_prev": "14165.1705",
    "id_next": "14165.1707",
    "refcode_1": "FJAJ",
    "refcode_2": "15",
    "refcode_3": "63",
    "refcode_4": "",
    "refcode_short": "FJAJ 15.63",
    "refcode_long": "Antiquities of the Jews, p. 15.63 (Titus Flavius Josephus)",
    "element_type": "p",
    "element_subtype": "standard-indented",
    "content": "<b>CONCERNING THE FAMINE THAT HAPPENED IN JUDEA AND SYRIA; AND\r\nHOW HEROD, AFTER HE HAD MARRIED ANOTHER WIFE, REBUILT CESAREA, AND OTHER\r\nGRECIAN CITIES.</b>",
    "puborder": 1690,
    "translations": []
  },
  {
    "para_id": "14165.1707",
    "id_prev": "14165.1706",
    "id_next": "14165.1708",
    "refcode_1": "FJAJ",
    "refcode_2": "15",
    "refcode_3": "64",
    "refcode_4": "",
    "refcode_short": "FJAJ 15.64",
    "refcode_long": "Antiquities of the Jews, p. 15.64 (Titus Flavius Josephus)",
    "element_type": "p",
    "element_subtype": "standard-indented",
    "content": "<b>1.</b> NOW on this very year, which was the thirteenth year of the reign\r\nof Herod, very great calamities came upon the country; whether they were\r\nderived from the anger of God, or whether this misery returns again naturally\r\nin certain periods of time <sup class=\"chapterendnote\"><a class=\"chapterendnote\">(14)<span class=\"chapterendnote\">\r\nHere we have an eminent example of the language of Josephus in his writing\r\nto Gentiles, different from that when he wrote to Jews; in his writing\r\nto whom he still derives all such judgments from the anger of God; but\r\nbecause he knew many of the Gentiles thought they might naturally come\r\nin certain periods, he complies with them in the following sentence. See\r\nthe note on the War. B. I. ch. 33. sect. 2.</span></a></sup>\r\nfor, in the first place, there were perpetual droughts, and for that reason\r\nthe ground was barren, and did not bring forth the same quantity of fruits\r\nthat it used to produce; and after this barrenness of the soil, that change\r\nof food which the want of corn occasioned produced distempers in the bodies\r\nof men, and a pestilential disease prevailed, one misery following upon\r\nthe back of another; and these circumstances, that they were destitute\r\nboth of methods of cure and of food, made the pestilential distemper, which\r\nbegan after a violent manner, the more lasting<br />The destruction of men\r\nalso after such a manner deprived those that surived of all their courage,\r\nbecause they had no way to provide remedies sufficient for the distresses\r\nthey were in<br />When therefore the fruits of that year were spoiled, and\r\nwhatsoever they had laid up beforehand was spent, there was no foundation\r\nof hope for relief remaining, but the misery, contrary to what they expected\r\nstill increased upon them; and this not only on that year, while they had\r\nnothing for themselves left [at the end of it], but what seed they had\r\nsown perished also, by reason of the ground not yielding its fruits on\r\nthe second year.",
    "puborder": 1691,
    "translations": []
  },
  {
    "para_id": "14165.1708",
    "id_prev": "14165.1707",
    "id_next": "14165.1709",
    "refcode_1": "FJAJ",
    "refcode_2": "15",
    "refcode_3": "65",
    "refcode_4": "",
    "refcode_short": "FJAJ 15.65",
    "refcode_long": "Antiquities of the Jews, p. 15.65 (Titus Flavius Josephus)",
    "element_type": "p",
    "element_subtype": "standard-indented",
    "content": "<sup class=\"chapterendnote\"><a class=\"chapterendnote\">(15)<span class=\"chapterendnote\">\r\nThis famine for two years that affected Judea and Syria, the thirteenth\r\nmid fourteenth years of Herod, which are the twenty-third and twenty-fourth\r\nyears before the Christian era, seems to have been more terrible during\r\nthis time than was that in the days of Jacob, Genesis 41., 42. And what\r\nmakes the comparison the more remarkable is this, that now, as well as\r\nthen, the relief they had was from Egypt also; then from Joseph the governor\r\nof Egypt, under Pharaoh king of Egypt; and now from Petronius the prefect\r\nof Egypt, under Augustus the Roman emperor. See almost the like case, Antiq.\r\nB. XX. ch. 2. sect. 6. It is also well worth our observation here, that\r\nthese two years were a Sabbatic year, and a year of jubilee, for which\r\nProvidence, during the theocracy, used to provide a triple crop beforehand;\r\nbut became now, when the Jews had forfeited that blessing, the greatest\r\nyears of famine to them ever since the days of Ahab, 1 Kings 17., 18.</span></a></sup>\r\nThis distress they were in made them also, out of necessity, to eat many\r\nthings that did not use to be eaten; nor was the king himself free from\r\nthis distress any more than other men, as being deprived of that tribute\r\nhe used to have from the fruits of the ground, and having already expended\r\nwhat money he had, in his liberality to those whose cities he had built;\r\nnor had he any people that were worthy of his assistance, since this miserable\r\nstate of things had procured him the hatred of his subjects: for it is\r\na constant rule, that misfortunes are still laid to the account of those\r\nthat govern.",
    "puborder": 1692,
    "translations": []
  },
  {
    "para_id": "14165.1709",
    "id_prev": "14165.1708",
    "id_next": "14165.1710",
    "refcode_1": "FJAJ",
    "refcode_2": "15",
    "refcode_3": "66",
    "refcode_4": "",
    "refcode_short": "FJAJ 15.66",
    "refcode_long": "Antiquities of the Jews, p. 15.66 (Titus Flavius Josephus)",
    "element_type": "p",
    "element_subtype": "standard-indented",
    "content": "<b>2.</b> In these circumstances he considered with himself how to procure\r\nsome seasonable help; but this was a hard thing to be done, while their\r\nneighbors had no food to sell them; and their money also was gone, had\r\nit been possible to purchase a little food at a great price<br />However, he\r\nthought it his best way, by all means, not to leave off his endeavors to\r\nassist his people; so he cut off the rich furniture that was in his palace,\r\nboth of silver and gold, insomuch that he did not spare the finest vessels\r\nhe had, or those that were made with the most elaborate skill of the artificers,\r\nbut sent the money to Petronius, who had been made prefect of Egypt by\r\nCaesar; and as not a few had already fled to him under their necessities,\r\nand as he was particularly a friend to Herod, and desirous to have his\r\nsubjects preserved, he gave leave to them in the first place to export\r\ncorn, and assisted them every way, both in purchasing and exporting the\r\nsame; so that he was the principal, if not the only person, who afforded\r\nthem what help they had<br />And Herod taking care the people should understand\r\nthat this help came from himself, did thereby not only remove the ill opinion\r\nof those that formerly hated him, but gave them the greatest demonstration\r\npossible of his good-will to them, and care of them; for, in the first\r\nplace, as for those who were able to provide their own food, he distributed\r\nto them their proportion of corn in the exactest manner; but for those\r\nmany that were not able, either by reason of their old age, or any other\r\ninfirmity, to provide food for themselves, he made this provision for them,\r\nthe bakers should make their bread ready for them<br />He also took care that\r\nthey might not be hurt by the dangers of winter, since they were in great\r\nwant of clothing also, by reason of the utter destruction and consumption\r\nof their sheep and goats, till they had no wool to make use of, nor any\r\nthing else to cover themselves withal<br />And when he had procured these things\r\nfor his own subjects, he went further, in order to provide necessaries\r\nfor their neighbors, and gave seed to the Syrians, which thing turned greatly\r\nto his own advantage also, this charitable assistance being afforded most\r\nseasonably to their fruitful soil, so that every one had now a plentiful\r\nprovision of food<br />Upon the whole, when the harvest of the land was approaching,\r\nhe sent no fewer than fifty thousand men, whom he had sustained, into the\r\ncountry; by which means he both repaired the afflicted condition of his\r\nown kingdom with great generosity and diligence, and lightened the afflictions\r\nof his neighbors, who were under the same calamities; for there was nobody\r\nwho had been in want that was left destitute of a suitable assistance by\r\nhim; nay, further, there were neither any people, nor any cities, nor any\r\nprivate men, who were to make provision for the multitudes, and on that\r\naccount were in want of support, and had recourse to him, but received\r\nwhat they stood in need of, insomuch that it appeared, upon a computation,\r\nthat the number of cori of wheat, of ten attic medimni apiece, that were\r\ngiven to foreigners, amounted to ten thousand, and the number that was\r\ngiven in his own kingdom was about fourscore thousand<br />Now it happened\r\nthat this care of his, and this seasonable benefaction, had such influence\r\non the Jews, and was so cried up among other nations, as to wipe off that\r\nold hatred which his violation of some of their customs, during his reign,\r\nhad procured him among all the nation, and that this liberality of his\r\nassistance in this their greatest necessity was full satisfaction for all\r\nthat he had done of that nature, as it also procured him great fame among\r\nforeigners; and it looked as if these calamities that afflicted his land,\r\nto a degree plainly incredible, came in order to raise his glory, and to\r\nbe to his great advantage; for the greatness of his liberality in these\r\ndistresses, which he now demonstrated beyond all expectation, did so change\r\nthe disposition of the multitude towards him, that they were ready to suppose\r\nhe had been from the beginning not such a one as they had found him to\r\nbe by experience, but such a one as the care he had taken of them in supplying\r\ntheir necessities proved him now to be.",
    "puborder": 1693,
    "translations": []
  },
  {
    "para_id": "14165.1710",
    "id_prev": "14165.1709",
    "id_next": "14165.1711",
    "refcode_1": "FJAJ",
    "refcode_2": "15",
    "refcode_3": "67",
    "refcode_4": "",
    "refcode_short": "FJAJ 15.67",
    "refcode_long": "Antiquities of the Jews, p. 15.67 (Titus Flavius Josephus)",
    "element_type": "p",
    "element_subtype": "standard-indented",
    "content": "<b>3.</b> About this time it was that he sent five hundred chosen men out of\r\nthe guards of his body as auxiliaries to Caesar, whom Aelius Gallus <sup class=\"chapterendnote\"><a class=\"chapterendnote\">(16)<span class=\"chapterendnote\">\r\nThis Aelius Gallus seems to be no other than that Aelius Lagus whom Dio\r\nspeaks of as conducting an expedition that was about this time made into\r\nArabia Felix, according to Betarius, who is here cited by Spanheim. See\r\na full account of this expedition in Prideaux, at the years 23 and 24.</span></a></sup>\r\nled to the Red Sea, and who were of great service to him there<br />When therefore\r\nhis affairs were thus improved, and were again in a flourishing condition,\r\nhe built himself a palace in the upper city, raising the rooms to a very\r\ngreat height, and adorning them with the most costly furniture of gold,\r\nand marble scats, and beds; and these were so large that they could contain\r\nvery many companies of men<br />These apartments were also of distinct magnitudes,\r\nand had particular names given them; for one apartment was called Caesar&apos;s,\r\nanother Agrippa&apos;s<br />He also fell in love again, and married another wife,\r\nnot suffering his reason to hinder him from living as he pleased<br />The occasion\r\nof this his marriage was as follows: There was one Simon, a citizen of\r\nJerusalem, the son of one Boethus, a citizen of Alexandria, and a priest\r\nof great note there; this man had a daughter, who was esteemed the most\r\nbeautiful woman of that time; and when the people of Jerusalem began to\r\nspeak much in her commendation, it happened that Herod was much affected\r\nwith what was said of her; and when he saw the damsel, he was smitten with\r\nher beauty, yet did he entirely reject the thoughts of using his authority\r\nto abuse her, as believing, what was the truth, that by so doing he should\r\nbe stigmatized for violence and tyranny; so he thought it best to take\r\nthe damsel to wife<br />And while Simon was of a dignity too inferior to be\r\nallied to him, but still too considerable to be despised, he governed his\r\ninclinations after the most prudent manner, by augmenting the dignity of\r\nthe family, and making them more honorable; so he immediately deprived\r\nJesus, the son of Phabet, of the high priesthood, and conferred that dignity\r\non Simon, and so joined in affinity with him [by marrying his daughter].",
    "puborder": 1694,
    "translations": []
  },
  {
    "para_id": "14165.1711",
    "id_prev": "14165.1710",
    "id_next": "14165.1712",
    "refcode_1": "FJAJ",
    "refcode_2": "15",
    "refcode_3": "68",
    "refcode_4": "",
    "refcode_short": "FJAJ 15.68",
    "refcode_long": "Antiquities of the Jews, p. 15.68 (Titus Flavius Josephus)",
    "element_type": "p",
    "element_subtype": "standard-indented",
    "content": "<b>4.</b> When this wedding was over, he built another citadel in that place\r\nwhere he had conquered file Jews when he was driven out of his government,\r\nand Antigonus enjoyed it<br />This citadel is distant from Jerusalem about\r\nthreescore furlongs<br />It was strong by nature, and fit for such a building.\r\nIt is a sort of a moderate hill, raised to a further height by the hand\r\nof man, till it was of the shape of a woman&apos;s breast<br />It is encompassed\r\nwith circular towers, and hath a strait ascent up to it, which ascent is\r\ncomposed of steps of polished stones, in number two hundred<br />Within it\r\nare royal and very rich apartments, of a structure that provided both for\r\nsecurity and for beauty<br />About the bottom there are habitations of such\r\na structure as are well worth seeing, both on other accounts, and also\r\non account of the water which is brought thither from a great way off,\r\nand at vast expenses, for the place itself is destitute of water<br />The plain\r\nthat is about this citadel is full of edifices, not inferior to any city\r\nin largeness, and having the hill above it in the nature of a castle.",
    "puborder": 1695,
    "translations": []
  },
  {
    "para_id": "14165.1712",
    "id_prev": "14165.1711",
    "id_next": "14165.1713",
    "refcode_1": "FJAJ",
    "refcode_2": "15",
    "refcode_3": "69",
    "refcode_4": "",
    "refcode_short": "FJAJ 15.69",
    "refcode_long": "Antiquities of the Jews, p. 15.69 (Titus Flavius Josephus)",
    "element_type": "p",
    "element_subtype": "standard-indented",
    "content": "<b>5.</b> And now, when all Herod&apos;s designs had succeeded according to his\r\nhopes, he had not the least suspicion that any troubles could arise in\r\nhis kingdom, because he kept his people obedient, as well by the fear they\r\nstood in of him, for he was implacable in the infliction of his punishments,\r\nas by the provident care he had showed towards them, after the most magnanimous\r\nmanner, when they were under their distresses<br />But still he took care to\r\nhave external security for his government as a fortress against his subjects;\r\nfor the orations he made to the cities were very fine, and full of kindness;\r\nand he cultivated a seasonable good understanding with their governors,\r\nand bestowed presents on every one of them, inducing them thereby to be\r\nmore friendly to him, and using his magnificent disposition so as his kingdom\r\nmight be the better secured to him, and this till all his affairs were\r\nevery way more and more augmented<br />But then this magnificent temper of\r\nhis, and that submissive behavior and liberality which he exercised towards\r\nCaesar, and the most powerful men of Rome, obliged him to transgress the\r\ncustoms of his nation, and to set aside many of their laws, and by building\r\ncities after an extravagant manner, and erecting temples, - not in Judea\r\nindeed, for that would not have been borne, it being forbidden for us to\r\npay any honor to images, or representations of animals, after the manner\r\nof the Greeks; but still he did thus in the country [properly] out of our\r\nbounds, and in the cities thereof <sup class=\"chapterendnote\"><a class=\"chapterendnote\">(17)<span class=\"chapterendnote\">\r\nOne may here take notice, that how tyrannical and extravagant soever Herod\r\nwere in himself, and in his Grecian cities, as to those plays, and shows,\r\nand temples for idolatry, mentioned above, ch. 8. sect. 1, and here also;\r\nyet durst even he introduce very few of them into the cities of the Jews,\r\nwho, as Josephus here notes, would not even then have borne them, so zealous\r\nwere they still for many of the laws of Moses, even under so tyrannical\r\na government as this was of Herod the Great; which tyrannical government\r\nputs me naturally in mind of Dean Prideaux&apos;s honest reflection upon the\r\nlike ambition after such tyrannical power in Pompey and Caesar: &quot;One\r\nof these (says he, at the year 60) could not bear an equal, nor the other\r\na superior; and through this ambitions humor and thirst after more power\r\nin these two men, the whole Roman empire being divided into two opposite\r\nfactions, there was produced hereby the most destructive war that ever\r\nafflicted it; and the like folly too much reigns in all other places. Could\r\nabout thirty men be persuaded to live at home in peace, without enterprising\r\nupon the rights of each other, for the vain glory of conquest, and the\r\nenlargement of power, the whole world might be at quiet; but their ambition,\r\ntheir follies, and their humor, leading them constantly to encroach upon\r\nand quarrel with each other, they involve all that are under them in the\r\nmischiefs thereof; and many thousands are they which yearly perish by it;\r\nso that it may almost raise a doubt, whether the benefit which the world\r\nreceives from government be sufficient to make amends for the calamities\r\nwhich it suffers from the follies, mistakes, and real-administrations of\r\nthose that manage it.&quot;</span></a></sup>\r\nThe apology which he made to the Jews for these things was this: That all\r\nwas done, not out of his own inclinations, but by the commands and injunctions\r\nof others, in order to please Caesar and the Romans, as though he had not\r\nthe Jewish customs so much in his eye as he had the honor of those Romans,\r\nwhile yet he had himself entirely in view all the while, and indeed was\r\nvery ambitious to leave great monuments of his government to posterity;\r\nwhence it was that he was so zealous in building such fine cities, and\r\nspent such vast sums of money upon them.",
    "puborder": 1696,
    "translations": []
  },
  {
    "para_id": "14165.1713",
    "id_prev": "14165.1712",
    "id_next": "14165.1714",
    "refcode_1": "FJAJ",
    "refcode_2": "15",
    "refcode_3": "70",
    "refcode_4": "",
    "refcode_short": "FJAJ 15.70",
    "refcode_long": "Antiquities of the Jews, p. 15.70 (Titus Flavius Josephus)",
    "element_type": "p",
    "element_subtype": "standard-indented",
    "content": "<b>6.</b> Now upon his observation of a place near the sea, which was very\r\nproper for containing a city, and was before called Strato&apos;s Tower, he\r\nset about getting a plan for a magnificent city there, and erected many\r\nedifices with great diligence all over it, and this of white stone<br />He\r\nalso adorned it with most sumptuous palaces and large edifices for containing\r\nthe people; and what was the greatest and most laborious work of all, he\r\nadorned it with a haven, that was always free from the waves of the sea.\r\nIts largeness was not less than the Pyrmum [at Athens], and had towards\r\nthe city a double station for the ships<br />It was of excellent workmanship;\r\nand this was the more remarkable for its being built in a place that of\r\nitself was not suitable to such noble structures, but was to be brought\r\nto perfection by materials from other places, and at very great expenses.\r\nThis city is situate in Phoenicia, in the passage by sea to Egypt, between\r\nJoppa and Dora, which are lesser maritime cities, and not fit for havens,\r\non account of the impetuous south winds that beat upon them, which rolling\r\nthe sands that come from the sea against the shores, do not admit of ships\r\nlying in their station; but the merchants are generally there forced to\r\nride at their anchors in the sea itself<br />So Herod endeavored to rectify\r\nthis inconvenience, and laid out such a compass towards the land as might\r\nbe sufficient for a haven, wherein the great ships might lie in safety;\r\nand this he effected by letting down vast stones of above fifty feet in\r\nlength, not less than eighteen in breadth, and nine in depth, into twenty\r\nfathom deep; and as some were lesser, so were others bigger than those\r\ndimensions<br />This mole which he built by the sea-side was two hundred feet\r\nwide, the half of which was opposed to the current of the waves, so as\r\nto keep off those waves which were to break upon them, and so was called\r\nProcymatia, or the first breaker of the waves; but the other half had upon\r\nit a wall, with several towers, the largest of which was named Drusus,\r\nand was a work of very great excellence, and had its name from Drusus,\r\nthe son-in-law of Caesar, who died young<br />There were also a great number\r\nof arches where the mariners dwelt<br />There was also before them a quay,\r\n[or landing place,] which ran round the entire haven, and was a most agreeable\r\nwalk to such as had a mind to that exercise; but the entrance or mouth\r\nof the port was made on the north quarter, on which side was the stillest\r\nof the winds of all in this place: and the basis of the whole circuit on\r\nthe left hand, as you enter the port, supported a round turret, which was\r\nmade very strong, in order to resist the greatest waves; while on the right\r\nhand, as you enter, stood two vast stones, and those each of them larger\r\nthan the turret, which were over against them; these stood upright, and\r\nwere joined together<br />Now there were edifices all along the circular haven,\r\nmade of the politest stone, with a certain elevation, whereon was erected\r\na temple, that was seen a great way off by those that were sailing for\r\nthat haven, and had in it two statues, the one of Rome, the other of Caesar.\r\nThe city itself was called Cesarea, which was also itself built of fine\r\nmaterials, and was of a fine structure; nay, the very subterranean vaults\r\nand cellars had no less of architecture bestowed on them than had the buildings\r\nabove ground<br />Some of these vaults carried things at even distances to\r\nthe haven and to the sea; but one of them ran obliquely, and bound all\r\nthe rest together, that both the rain and the filth of the citizens were\r\ntogether carried off with ease, and the sea itself, upon the flux of the\r\ntide from without, came into the city, and washed it all clean<br />Herod also\r\nbuilt therein a theater of stone; and on the south quarter, behind the\r\nport, an amphitheater also, capable of holding a vast number of men, and\r\nconveniently situated for a prospect to the sea<br />So this city was thus\r\nfinished in twelve years; <sup class=\"chapterendnote\"><a class=\"chapterendnote\">(18)<span class=\"chapterendnote\">\r\nCesarea being here said to be rebuilt and adorned in twelve years, and\r\nsoon afterwards in ten years, Antiq. B. XVI. ch. 5. sect. 1, there must\r\nbe a mistake in one of the places as to the true number, but in which of\r\nthem it is hard positively to determine.</span></a></sup>\r\nduring which time the king did not fail to go on both with the work, and\r\nto pay the charges that were necessary.",
    "puborder": 1697,
    "translations": []
  }
]