[
  {
    "para_id": "1064.553",
    "id_prev": "1064.550",
    "id_next": "1064.555",
    "refcode_1": "ARSH",
    "refcode_2": "170",
    "refcode_3": "",
    "refcode_4": "1901",
    "refcode_short": "ARSH March 19,  1901, page 170",
    "refcode_long": "The Advent Review and Sabbath Herald, vol. 78 March 19,  1901, page 170",
    "element_type": "h3",
    "element_subtype": "",
    "content": "March 19, 1901",
    "puborder": 513,
    "translations": []
  },
  {
    "para_id": "1064.555",
    "id_prev": "1064.553",
    "id_next": "1064.556",
    "refcode_1": "ARSH",
    "refcode_2": "184",
    "refcode_3": "",
    "refcode_4": "1901",
    "refcode_short": "ARSH March 19,  1901, page 184",
    "refcode_long": "The Advent Review and Sabbath Herald, vol. 78 March 19,  1901, page 184",
    "element_type": "h5",
    "element_subtype": "",
    "content": "&ldquo;The Keeping of the Commandments. The First Commandment&rdquo; Advent Review and Sabbath Herald 78, 12, p. 184.",
    "puborder": 514,
    "translations": []
  },
  {
    "para_id": "1064.556",
    "id_prev": "1064.555",
    "id_next": "1064.557",
    "refcode_1": "ARSH",
    "refcode_2": "184",
    "refcode_3": "1",
    "refcode_4": "1901",
    "refcode_short": "ARSH March 19,  1901, page 184.1",
    "refcode_long": "The Advent Review and Sabbath Herald, vol. 78 March 19,  1901, page 184 paragraph 1",
    "element_type": "p",
    "element_subtype": "standard-indented",
    "content": "&ldquo;I AM the Lord thy God, which have brought thee out of the land of Egypt, out of the house of bondage.",
    "puborder": 515,
    "translations": []
  },
  {
    "para_id": "1064.557",
    "id_prev": "1064.556",
    "id_next": "1064.558",
    "refcode_1": "ARSH",
    "refcode_2": "184",
    "refcode_3": "2",
    "refcode_4": "1901",
    "refcode_short": "ARSH March 19,  1901, page 184.2",
    "refcode_long": "The Advent Review and Sabbath Herald, vol. 78 March 19,  1901, page 184 paragraph 2",
    "element_type": "p",
    "element_subtype": "standard-indented",
    "content": "&ldquo;Thou shalt have no other gods before me.&rdquo; <span class=\"egwlink egwlink_bible\" title=\"Exodus 20:2\" data-link=\"1965.4181\">Exodus 20:2, 3</span>.",
    "puborder": 516,
    "translations": []
  },
  {
    "para_id": "1064.558",
    "id_prev": "1064.557",
    "id_next": "1064.559",
    "refcode_1": "ARSH",
    "refcode_2": "184",
    "refcode_3": "3",
    "refcode_4": "1901",
    "refcode_short": "ARSH March 19,  1901, page 184.3",
    "refcode_long": "The Advent Review and Sabbath Herald, vol. 78 March 19,  1901, page 184 paragraph 3",
    "element_type": "p",
    "element_subtype": "standard-indented",
    "content": "Yet another phase of the worship of &ldquo;the god of this world,&rdquo; included in &ldquo;the pride of life,&rdquo; is the worship of Mammon, or riches. And this is not by any means least, though it is the last one in the list. For is it not written, &ldquo;The love of money is the root of all evil&rdquo;?",
    "puborder": 517,
    "translations": []
  },
  {
    "para_id": "1064.559",
    "id_prev": "1064.558",
    "id_next": "1064.560",
    "refcode_1": "ARSH",
    "refcode_2": "184",
    "refcode_3": "4",
    "refcode_4": "1901",
    "refcode_short": "ARSH March 19,  1901, page 184.4",
    "refcode_long": "The Advent Review and Sabbath Herald, vol. 78 March 19,  1901, page 184 paragraph 4",
    "element_type": "p",
    "element_subtype": "standard-indented",
    "content": "This is so wrapped up with that phase of &ldquo;the pride of life&rdquo; which was noticed last week,&mdash;ambition, self-exaltation, self-aggrandizement, <em>gloriosus</em>,&mdash;that it is, in great measure, inseparable from it. For there is nothing that gives worldly glory so quickly, so easily, and so abundantly as money; and there is nothing that gives power so quickly and so easily as does money. All this, simply because Mammon is such a familiar deity to mankind, because mankind is naturally so worshipful of Mammon. And yet it is all idolatry; it is all a denial of the true God; it is a breaking of the First Commandment, which says, &ldquo;Thou shalt have no other gods before me.&rdquo; For, says Jesus: &ldquo;Yet can not,&ldquo;&mdash;not, Ye ought not; not, Ye should not; but,&mdash;&ldquo;Ye <em>can not</em> serve God and Mammon.&rdquo;",
    "puborder": 518,
    "translations": []
  },
  {
    "para_id": "1064.560",
    "id_prev": "1064.559",
    "id_next": "1064.561",
    "refcode_1": "ARSH",
    "refcode_2": "184",
    "refcode_3": "5",
    "refcode_4": "1901",
    "refcode_short": "ARSH March 19,  1901, page 184.5",
    "refcode_long": "The Advent Review and Sabbath Herald, vol. 78 March 19,  1901, page 184 paragraph 5",
    "element_type": "p",
    "element_subtype": "standard-indented",
    "content": "Since the true worship of God is to love God with all the heart, and all the soul, and all the mind, and all the strength; and anything that draw away either the heart, soul, mind, or strength to it, and comes between man and the true worship of God, is another god; so the allowing of money, the desire for money, the love of money, to come between a man and his true service to God, is the worship of Mammon. And to allow the desire for money, the love of money, to separate a man from true Christian thoughtfulness, and care of mankind temporally and eternally, is the worship of Mammon; it is to have another god than the Lord; it is to break the First Commandment.",
    "puborder": 519,
    "translations": []
  },
  {
    "para_id": "1064.561",
    "id_prev": "1064.560",
    "id_next": "1064.562",
    "refcode_1": "ARSH",
    "refcode_2": "184",
    "refcode_3": "6",
    "refcode_4": "1901",
    "refcode_short": "ARSH March 19,  1901, page 184.6",
    "refcode_long": "The Advent Review and Sabbath Herald, vol. 78 March 19,  1901, page 184 paragraph 6",
    "element_type": "p",
    "element_subtype": "standard-indented",
    "content": "The distinction may be clearly drawn by saying that the keeping of the First Commandment is the being right, and doing right, with no thought whatever, at any time, as to what it will cost. No amount of money can ever have any consideration whatever in any question of serving God; in any question of loving God with all the heart, or our neighbor as ourself. And yet everybody knows that &ldquo;What will it cost?&rdquo; does have a positive bearing with the vast majority, even of professed Christian people, upon the exercise of their love to God with all the heart, and their neighbor as themselves.",
    "puborder": 520,
    "translations": []
  },
  {
    "para_id": "1064.562",
    "id_prev": "1064.561",
    "id_next": "1064.563",
    "refcode_1": "ARSH",
    "refcode_2": "184",
    "refcode_3": "7",
    "refcode_4": "1901",
    "refcode_short": "ARSH March 19,  1901, page 184.7",
    "refcode_long": "The Advent Review and Sabbath Herald, vol. 78 March 19,  1901, page 184 paragraph 7",
    "element_type": "p",
    "element_subtype": "standard-indented",
    "content": "But to allow this question to have any bearing whatever is the worldly way. It is not of the Father, but of the world. For with the world the first question is always, &ldquo;What will it cost?&rdquo; &ldquo;How much can I make?&rdquo; In all the dealing, all the traffic of business relationship, in the world, the way of the world, and the inquiry of the world, is only, &ldquo;How much can I make?&rdquo; And if more can be made by oppressing the neighbor, the oppression takes precedence of the love of the neighbor; and the neighbor is deliberately robbed.",
    "puborder": 521,
    "translations": []
  },
  {
    "para_id": "1064.563",
    "id_prev": "1064.562",
    "id_next": "1064.564",
    "refcode_1": "ARSH",
    "refcode_2": "184",
    "refcode_3": "8",
    "refcode_4": "1901",
    "refcode_short": "ARSH March 19,  1901, page 184.8",
    "refcode_long": "The Advent Review and Sabbath Herald, vol. 78 March 19,  1901, page 184 paragraph 8",
    "element_type": "p",
    "element_subtype": "standard-indented",
    "content": "If a neighbor begins business of the same order as that of a man who has already begun, he is deliberately underbidden, undersold, that, if possible, he may be crowded completely out of the business, in order that the first one may be left alone, to have all, in order that he alone may be rich, and have the worldly glory of his little kingdom of the crossroads. And those that have succeeded most fully at this, form gigantic combinations to crush out, or absorb, all lesser ones, until there remains but one vast combination drawing tribute from all the people in the nations, and even of the whole world.",
    "puborder": 522,
    "translations": []
  },
  {
    "para_id": "1064.564",
    "id_prev": "1064.563",
    "id_next": "1064.565",
    "refcode_1": "ARSH",
    "refcode_2": "184",
    "refcode_3": "9",
    "refcode_4": "1901",
    "refcode_short": "ARSH March 19,  1901, page 184.9",
    "refcode_long": "The Advent Review and Sabbath Herald, vol. 78 March 19,  1901, page 184 paragraph 9",
    "element_type": "p",
    "element_subtype": "standard-indented",
    "content": "But God has written of it all that &ldquo;he is a proud man&rdquo; &ldquo;who enlargeth his desire as hell, and is as death, and can not be satisfied, but gathered unto him all nations, and heapeth unto him all people;&rdquo; &ldquo;that coveteth an evil covetousness to his house, that he may set his nest on high, that he may be delivered from the power of evil.&rdquo; But &ldquo;shall not all these take up a parable against him, and a taunting proverb against him, and say, Woe to him that increaseth that which is not his? how long?&rdquo; &ldquo;Shall they not rise up suddenly that shall bite thee, and awake that shall vex thee, and thou shalt be for booties unto them? Because thou hast spoiled many nations, all the remnant of the people shall spoil thee.&rdquo; <span class=\"egwlink egwlink_bible\" title=\"Habakkuk 2:5\" data-link=\"1965.46449\">Habakkuk 2:5-9</span>.",
    "puborder": 523,
    "translations": []
  },
  {
    "para_id": "1064.565",
    "id_prev": "1064.564",
    "id_next": "1064.566",
    "refcode_1": "ARSH",
    "refcode_2": "184",
    "refcode_3": "10",
    "refcode_4": "1901",
    "refcode_short": "ARSH March 19,  1901, page 184.10",
    "refcode_long": "The Advent Review and Sabbath Herald, vol. 78 March 19,  1901, page 184 paragraph 10",
    "element_type": "p",
    "element_subtype": "standard-indented",
    "content": "This is all &ldquo;the pride of life,&rdquo; which is not of the Father, but is of the world. It is all Mammon worship. And since the literal, original meaning of the word &ldquo;mammon&rdquo; is &ldquo;that in which one <em>trusts</em>,&rdquo; it is particularly appropriate that these various combinations, which crush out all individuality and demand tribute of all peoples, should be called &ldquo;trusts.&rdquo;",
    "puborder": 524,
    "translations": []
  },
  {
    "para_id": "1064.566",
    "id_prev": "1064.565",
    "id_next": "1064.567",
    "refcode_1": "ARSH",
    "refcode_2": "184",
    "refcode_3": "11",
    "refcode_4": "1901",
    "refcode_short": "ARSH March 19,  1901, page 184.11",
    "refcode_long": "The Advent Review and Sabbath Herald, vol. 78 March 19,  1901, page 184 paragraph 11",
    "element_type": "p",
    "element_subtype": "standard-indented",
    "content": "Yet the most gigantic of the &ldquo;trusts&rdquo; is but the extreme of that trick of trade held by the individual, by which, to get the trade, he undersells and crowds out the man across the way.",
    "puborder": 525,
    "translations": []
  },
  {
    "para_id": "1064.567",
    "id_prev": "1064.566",
    "id_next": "1064.568",
    "refcode_1": "ARSH",
    "refcode_2": "184",
    "refcode_3": "12",
    "refcode_4": "1901",
    "refcode_short": "ARSH March 19,  1901, page 184.12",
    "refcode_long": "The Advent Review and Sabbath Herald, vol. 78 March 19,  1901, page 184 paragraph 12",
    "element_type": "p",
    "element_subtype": "standard-indented",
    "content": "The most gigantic &ldquo;trust&rdquo; is but the extreme of that trick in trade by which the individual or the little partnership or corporation asks more for a thing when there is no competition than would be asked if there were competition. Whosoever, without competition, demands a greater price than he knows that he would take if there were competition, is an exactor of unjust gain. And &ldquo;he that by usury and unjust gain increases his substance, he shall gather it for him that will pity the poor.&rdquo; <span class=\"egwlink egwlink_bible\" title=\"Proverbs 28:8\" data-link=\"1965.35087\">Proverbs 28:8</span>.",
    "puborder": 526,
    "translations": []
  },
  {
    "para_id": "1064.568",
    "id_prev": "1064.567",
    "id_next": "1064.569",
    "refcode_1": "ARSH",
    "refcode_2": "184",
    "refcode_3": "13",
    "refcode_4": "1901",
    "refcode_short": "ARSH March 19,  1901, page 184.13",
    "refcode_long": "The Advent Review and Sabbath Herald, vol. 78 March 19,  1901, page 184 paragraph 13",
    "element_type": "p",
    "element_subtype": "standard-indented",
    "content": "The most gigantic &ldquo;trust&rdquo; is but the extreme of that trick in trade on the part of the individual, by which, through his beating down, or &ldquo;jewing,&rdquo; he tries his best to get a thing for less than he knows that it is worth. &ldquo;It is naught, it is naught, saith the buyer: but when he is gone his way, then he boasteth.&rdquo; <span class=\"egwlink egwlink_bible\" title=\"Proverbs 20:14\" data-link=\"1965.34607\">Proverbs 20:14</span>.",
    "puborder": 527,
    "translations": []
  },
  {
    "para_id": "1064.569",
    "id_prev": "1064.568",
    "id_next": "1064.570",
    "refcode_1": "ARSH",
    "refcode_2": "184",
    "refcode_3": "14",
    "refcode_4": "1901",
    "refcode_short": "ARSH March 19,  1901, page 184.14",
    "refcode_long": "The Advent Review and Sabbath Herald, vol. 78 March 19,  1901, page 184 paragraph 14",
    "element_type": "p",
    "element_subtype": "standard-indented",
    "content": "The organizer or the president of the &ldquo;trust&rdquo; who boasts in his enormous gains is no more an idolater and a sinner in this thing than is the <em>individual</em> who, in his degree, and to the extent of <em>his</em> power, does the same thing precisely. If <em>he</em> had the ability, or the power, of the organizer or the president of the &ldquo;trust,&rdquo; he would be doing precisely the same things that he is doing <em>now</em>, only in the larger measure that would be his, as the head of a mighty corporation. And so certainly is it true, as written, &ldquo;In the world, the god of traffic is the god of fraud.&rdquo;",
    "puborder": 528,
    "translations": []
  },
  {
    "para_id": "1064.570",
    "id_prev": "1064.569",
    "id_next": "1064.571",
    "refcode_1": "ARSH",
    "refcode_2": "184",
    "refcode_3": "15",
    "refcode_4": "1901",
    "refcode_short": "ARSH March 19,  1901, page 184.15",
    "refcode_long": "The Advent Review and Sabbath Herald, vol. 78 March 19,  1901, page 184 paragraph 15",
    "element_type": "p",
    "element_subtype": "standard-indented",
    "content": "All such is but the worship of Mammon; it is idolatry; it is to have another god before the Lord; it is not of the Father, but is of the world; it is neither loving God with all the heart nor the neighbor as the self. &ldquo;If I have made gold my hope, or have said to the fine gold, Thou art my confidence; if I rejoiced because my wealth was great, and because mine hand had gotten much; ... this also were an iniquity to be punished by the judge: for I should have denied the God that is above.&rdquo; And this equally and as really as if I were a worshiper of the sun and the moon. <span class=\"egwlink egwlink_bible\" title=\"Job 31:24\" data-link=\"1965.27712\">Job 31:24-29</span>.",
    "puborder": 529,
    "translations": []
  },
  {
    "para_id": "1064.571",
    "id_prev": "1064.570",
    "id_next": "1064.572",
    "refcode_1": "ARSH",
    "refcode_2": "184",
    "refcode_3": "16",
    "refcode_4": "1901",
    "refcode_short": "ARSH March 19,  1901, page 184.16",
    "refcode_long": "The Advent Review and Sabbath Herald, vol. 78 March 19,  1901, page 184 paragraph 16",
    "element_type": "p",
    "element_subtype": "standard-indented",
    "content": "There is a better way: it is the way of the keeping of the commandments of God: &ldquo;Thou shalt have no other gods before me.&rdquo; It is the way of Christianity: &ldquo;All things whatsoever ye would that men should do to you, do ye even so to them.&rdquo; You know that you do not like to have a man work a scheme upon you, by which he requires you to pay for a thing more than he would take for it if there were competition. You know that you would not like to have people &ldquo;jew&rdquo; you down to take for a thing less than you know that it is worth. Put yourself in the other man&rsquo;s place&mdash;and stay there. Look at things from his side, and continue to do so. &ldquo;Look not every man on his own things, but every man also on the things of others.&rdquo; This is Christianity; it is the keeping of the First Commandment. Yea, it is the keeping of all &ldquo;the law and the prophets.&rdquo;",
    "puborder": 530,
    "translations": []
  },
  {
    "para_id": "1064.572",
    "id_prev": "1064.571",
    "id_next": "1064.573",
    "refcode_1": "ARSH",
    "refcode_2": "184",
    "refcode_3": "17",
    "refcode_4": "1901",
    "refcode_short": "ARSH March 19,  1901, page 184.17",
    "refcode_long": "The Advent Review and Sabbath Herald, vol. 78 March 19,  1901, page 184 paragraph 17",
    "element_type": "p",
    "element_subtype": "standard-indented",
    "content": "Nor is it hard to do this. It is the easiest thing in the world for him who has the <em>heart</em> to do it. And <em>God gives the heart</em> to do it; as it is written: &ldquo;A new heart also will I give you, and a new spirit will I put within you.&rdquo;",
    "puborder": 531,
    "translations": []
  },
  {
    "para_id": "1064.573",
    "id_prev": "1064.572",
    "id_next": "1064.575",
    "refcode_1": "ARSH",
    "refcode_2": "184",
    "refcode_3": "18",
    "refcode_4": "1901",
    "refcode_short": "ARSH March 19,  1901, page 184.18",
    "refcode_long": "The Advent Review and Sabbath Herald, vol. 78 March 19,  1901, page 184 paragraph 18",
    "element_type": "p",
    "element_subtype": "standard-indented",
    "content": "&ldquo;I am the Lord thy God, which have brought thee out of the land of Egypt, out of the house of bondage.&rdquo; &ldquo;Our of Egypt have I called my Son.&rdquo; &ldquo;Thou shalt have no other gods before me.&rdquo;",
    "puborder": 532,
    "translations": []
  },
  {
    "para_id": "1064.575",
    "id_prev": "1064.573",
    "id_next": "1064.576",
    "refcode_1": "ARSH",
    "refcode_2": "184",
    "refcode_3": "",
    "refcode_4": "1901",
    "refcode_short": "ARSH March 19,  1901, page 184",
    "refcode_long": "The Advent Review and Sabbath Herald, vol. 78 March 19,  1901, page 184",
    "element_type": "h5",
    "element_subtype": "",
    "content": "&ldquo;Another Brief Review of &lsquo;Passing Events&rsquo;&rdquo; Advent Review and Sabbath Herald 78, 12, pp. 184, 185.",
    "puborder": 533,
    "translations": []
  },
  {
    "para_id": "1064.576",
    "id_prev": "1064.575",
    "id_next": "1064.577",
    "refcode_1": "ARSH",
    "refcode_2": "184",
    "refcode_3": "1",
    "refcode_4": "1901",
    "refcode_short": "ARSH March 19,  1901, page 184.1",
    "refcode_long": "The Advent Review and Sabbath Herald, vol. 78 March 19,  1901, page 184 paragraph 1",
    "element_type": "p",
    "element_subtype": "standard-indented",
    "content": "ALL who have been readers of the REVIEW for the past three years know that we have constantly called attention to the fact of a national apostasy from republican principle, which has been going on in these United States. It is true that a few have thought that this was &ldquo;too much politics;&rdquo; but we knew that it was not politics at all, but principle of divine truth, and of prophecy. The prophecy had declared long ago, and shortly ago, that such would be; that there would be, in this nation, an apostasy from the truth, a repudiation of republican as well as Protestant principle of government.",
    "puborder": 534,
    "translations": []
  },
  {
    "para_id": "1064.577",
    "id_prev": "1064.576",
    "id_next": "1064.578",
    "refcode_1": "ARSH",
    "refcode_2": "184",
    "refcode_3": "2",
    "refcode_4": "1901",
    "refcode_short": "ARSH March 19,  1901, page 184.2",
    "refcode_long": "The Advent Review and Sabbath Herald, vol. 78 March 19,  1901, page 184 paragraph 2",
    "element_type": "p",
    "element_subtype": "standard-indented",
    "content": "In the REVIEW of Aug. 30, 1898, under the general heading of &ldquo;Passing Events,&rdquo; we called attention to &ldquo;A Quiet Revolution&rdquo; that was even then going on in the United States. We cited some facts that had occurred the week before in a great convention at Saratoga, N.Y., in which the lines were drawn between the maintenance and the repudiation of the principles of the Declaration of Independence: the force of the <em>argument</em> resting in favor of the Declaration, but the weight of sentiment being overwhelmingly against it. We then said: &ldquo;This occurrence is only an illustration of the situation all over the country. And by this is perfectly plain that there is a great and most dangerous revolution going on before the very eyes of the American people; and they are even helping it on, while they do not discerned it.",
    "puborder": 535,
    "translations": []
  },
  {
    "para_id": "1064.578",
    "id_prev": "1064.577",
    "id_next": "1064.579",
    "refcode_1": "ARSH",
    "refcode_2": "184",
    "refcode_3": "3",
    "refcode_4": "1901",
    "refcode_short": "ARSH March 19,  1901, page 184.3",
    "refcode_long": "The Advent Review and Sabbath Herald, vol. 78 March 19,  1901, page 184 paragraph 3",
    "element_type": "p",
    "element_subtype": "blockquote-indented",
    "content": "&ldquo;Under the false impression that revolutions can be accomplished only by violence invisible upheaval, the American people are even now passing through a revolution, and are in danger of finding themselves in the clutches of a new and strange power before they realize that any such thing is going on at all.",
    "puborder": 536,
    "translations": []
  },
  {
    "para_id": "1064.579",
    "id_prev": "1064.578",
    "id_next": "1064.580",
    "refcode_1": "ARSH",
    "refcode_2": "184",
    "refcode_3": "4",
    "refcode_4": "1901",
    "refcode_short": "ARSH March 19,  1901, page 184.4",
    "refcode_long": "The Advent Review and Sabbath Herald, vol. 78 March 19,  1901, page 184 paragraph 4",
    "element_type": "p",
    "element_subtype": "blockquote-indented",
    "content": "&ldquo;We have already shown the course of the Roman Republic, and how the American Republic is going over the same ground precisely. And just now it should not be forgotten by any member of the American Republic, that the Roman Republic passed through the despotism of two triumvirates, the second far worse than the first, each ending in the despotism of one man, and then passed into the &lsquo;furious and crushing despotism&rsquo; of the Roman monarchy, <em>all</em> in the <em>name</em> of the <em>republic</em>. All this occurred inside of forty years, before the eyes of all the people, while they were pleasing themselves with the fancy and the <em>name</em> that they were still a republic.",
    "puborder": 537,
    "translations": []
  },
  {
    "para_id": "1064.580",
    "id_prev": "1064.579",
    "id_next": "1064.583",
    "refcode_1": "ARSH",
    "refcode_2": "184",
    "refcode_3": "5",
    "refcode_4": "1901",
    "refcode_short": "ARSH March 19,  1901, page 184.5",
    "refcode_long": "The Advent Review and Sabbath Herald, vol. 78 March 19,  1901, page 184 paragraph 5",
    "element_type": "p",
    "element_subtype": "blockquote-indented",
    "content": "&ldquo;Even when Augustus had become emperor, this fiction was played by him before the eyes of the people; and the people were pleased with it. For, as Gibbon most pointedly remarks: &lsquo;Augustus was sensible that mankind is governed by names; nor was he deceived in his expectation that the senate and people would submit to slavery, provided they were respectfully assured that they still enjoyed their ancient freedom.&rsquo; Upon this safe assumption, <span class=\"page-break\" data-page=\"185\"></span> he accordingly deceived &lsquo;the <em>people</em> by an image of civil liberty, and the <em>armies</em> by an image of civil government.&rsquo; He was eminently successful, and both people and armies congratulated themselves upon the greatness, and the new and wonderful career, of the Roman Republic!&rdquo;",
    "puborder": 538,
    "translations": []
  },
  {
    "para_id": "1064.583",
    "id_prev": "1064.580",
    "id_next": "1064.584",
    "refcode_1": "ARSH",
    "refcode_2": "185",
    "refcode_3": "1",
    "refcode_4": "1901",
    "refcode_short": "ARSH March 19,  1901, page 185.1",
    "refcode_long": "The Advent Review and Sabbath Herald, vol. 78 March 19,  1901, page 185 paragraph 1",
    "element_type": "p",
    "element_subtype": "standard-indented",
    "content": "From that day, Aug. 30, 1898, to this day, March 19, 1901, the progress of this revolution has been as steady as has been the ticking of the clock. And this revolution is now so fully accomplished that, <em>in principle</em>, there is nothing more to be done: all that remains is the <em>practice</em> of the principles which have been officially adopted and promulgated by the government of the United States.",
    "puborder": 539,
    "translations": []
  },
  {
    "para_id": "1064.584",
    "id_prev": "1064.583",
    "id_next": "1064.585",
    "refcode_1": "ARSH",
    "refcode_2": "185",
    "refcode_3": "2",
    "refcode_4": "1901",
    "refcode_short": "ARSH March 19,  1901, page 185.2",
    "refcode_long": "The Advent Review and Sabbath Herald, vol. 78 March 19,  1901, page 185 paragraph 2",
    "element_type": "p",
    "element_subtype": "standard-indented",
    "content": "In the United States Senate, Wednesday, Feb. 27, 1901, and in the House of Representatives, Thursday, Feb. 28, 1901, there was enacted as law, for the governing of the Philippine Islands, the following:&mdash;",
    "puborder": 540,
    "translations": []
  },
  {
    "para_id": "1064.585",
    "id_prev": "1064.584",
    "id_next": "1064.586",
    "refcode_1": "ARSH",
    "refcode_2": "185",
    "refcode_3": "3",
    "refcode_4": "1901",
    "refcode_short": "ARSH March 19,  1901, page 185.3",
    "refcode_long": "The Advent Review and Sabbath Herald, vol. 78 March 19,  1901, page 185 paragraph 3",
    "element_type": "p",
    "element_subtype": "blockquote-indented",
    "content": "All military, civil, and judicial powers necessary to govern the Philippine Islands acquired from Spain by the treaties concluded at Paris on the 10th day of December, 1898, and at Washington on the 7th day of November, 1900, shall, until otherwise provided by Congress, be vested in such person and persons, and shall be exercised in such manner, as the President of the United States shall direct for the establishment of civil government and for maintaining and protecting the inhabitants of such islands in the free enjoyment of their liberty, property, and religion: <em>Provided</em>, That all franchises granted under the authority hereof shall contain a reservation of the right to alter, amend, or repeal the same.",
    "puborder": 541,
    "translations": []
  },
  {
    "para_id": "1064.586",
    "id_prev": "1064.585",
    "id_next": "1064.587",
    "refcode_1": "ARSH",
    "refcode_2": "185",
    "refcode_3": "4",
    "refcode_4": "1901",
    "refcode_short": "ARSH March 19,  1901, page 185.4",
    "refcode_long": "The Advent Review and Sabbath Herald, vol. 78 March 19,  1901, page 185 paragraph 4",
    "element_type": "p",
    "element_subtype": "standard-indented",
    "content": "First of all it is to be noticed that this is a distinct abandonment of the Constitution, and a distinct abdication of its powers by the Congress of the United States. For Section I of Article I of the Constitution of the United States says:&mdash;",
    "puborder": 542,
    "translations": []
  },
  {
    "para_id": "1064.587",
    "id_prev": "1064.586",
    "id_next": "1064.588",
    "refcode_1": "ARSH",
    "refcode_2": "185",
    "refcode_3": "5",
    "refcode_4": "1901",
    "refcode_short": "ARSH March 19,  1901, page 185.5",
    "refcode_long": "The Advent Review and Sabbath Herald, vol. 78 March 19,  1901, page 185 paragraph 5",
    "element_type": "p",
    "element_subtype": "blockquote-indented",
    "content": "&ldquo;All legislative powers herein granted shall be vested in a Congress of the United States, which shall consists of a Senate and House of Representatives.&rdquo;",
    "puborder": 543,
    "translations": []
  },
  {
    "para_id": "1064.588",
    "id_prev": "1064.587",
    "id_next": "1064.589",
    "refcode_1": "ARSH",
    "refcode_2": "185",
    "refcode_3": "6",
    "refcode_4": "1901",
    "refcode_short": "ARSH March 19,  1901, page 185.6",
    "refcode_long": "The Advent Review and Sabbath Herald, vol. 78 March 19,  1901, page 185 paragraph 6",
    "element_type": "p",
    "element_subtype": "standard-indented",
    "content": "Secondly, Section I of Article III of the Constitution says:&mdash;",
    "puborder": 544,
    "translations": []
  },
  {
    "para_id": "1064.589",
    "id_prev": "1064.588",
    "id_next": "1064.590",
    "refcode_1": "ARSH",
    "refcode_2": "185",
    "refcode_3": "7",
    "refcode_4": "1901",
    "refcode_short": "ARSH March 19,  1901, page 185.7",
    "refcode_long": "The Advent Review and Sabbath Herald, vol. 78 March 19,  1901, page 185 paragraph 7",
    "element_type": "p",
    "element_subtype": "blockquote-indented",
    "content": "&ldquo;The judicial power of the United States shall be vested in one supreme court, and in such inferior courts as the Congress may from time to time ordain and establish.&rdquo;",
    "puborder": 545,
    "translations": []
  },
  {
    "para_id": "1064.590",
    "id_prev": "1064.589",
    "id_next": "1064.591",
    "refcode_1": "ARSH",
    "refcode_2": "185",
    "refcode_3": "8",
    "refcode_4": "1901",
    "refcode_short": "ARSH March 19,  1901, page 185.8",
    "refcode_long": "The Advent Review and Sabbath Herald, vol. 78 March 19,  1901, page 185 paragraph 8",
    "element_type": "p",
    "element_subtype": "standard-indented",
    "content": "Now, when the Constitution definitely confines to Congress all legislative powers granted, and to a supreme court, and such inferior courts as may from time to time be provided, all judicial powers; and then Congress passes over to, and vests in, &ldquo;such person and persons... as the President of the United States shall direct,&rdquo; all civil and judicial powers necessary to govern territory of the United States, that is nothing less than for Congress so far to abdicate its own powers; and, so far, to take away from the courts their powers. It is also a clear abandonment of the Constitution of the United States, so far as the Philippine Islands are concerned, and, in principle, so far as any place is concerned.",
    "puborder": 546,
    "translations": []
  },
  {
    "para_id": "1064.591",
    "id_prev": "1064.590",
    "id_next": "1064.592",
    "refcode_1": "ARSH",
    "refcode_2": "185",
    "refcode_3": "9",
    "refcode_4": "1901",
    "refcode_short": "ARSH March 19,  1901, page 185.9",
    "refcode_long": "The Advent Review and Sabbath Herald, vol. 78 March 19,  1901, page 185 paragraph 9",
    "element_type": "p",
    "element_subtype": "standard-indented",
    "content": "Nor is this abandonment of the Constitution merely tacit, by the wording of the law relating to the government of the Philippine Islands. It is explicit, and was repeatedly confirmed.",
    "puborder": 547,
    "translations": []
  },
  {
    "para_id": "1064.592",
    "id_prev": "1064.591",
    "id_next": "1064.593",
    "refcode_1": "ARSH",
    "refcode_2": "185",
    "refcode_3": "10",
    "refcode_4": "1901",
    "refcode_short": "ARSH March 19,  1901, page 185.10",
    "refcode_long": "The Advent Review and Sabbath Herald, vol. 78 March 19,  1901, page 185 paragraph 10",
    "element_type": "p",
    "element_subtype": "standard-indented",
    "content": "For an amendment was proposed, to the Philippine section of the bill, as follows:&mdash;",
    "puborder": 548,
    "translations": []
  },
  {
    "para_id": "1064.593",
    "id_prev": "1064.592",
    "id_next": "1064.594",
    "refcode_1": "ARSH",
    "refcode_2": "185",
    "refcode_3": "11",
    "refcode_4": "1901",
    "refcode_short": "ARSH March 19,  1901, page 185.11",
    "refcode_long": "The Advent Review and Sabbath Herald, vol. 78 March 19,  1901, page 185 paragraph 11",
    "element_type": "p",
    "element_subtype": "blockquote-indented",
    "content": "SEC.&mdash;That the Constitution of the United States is hereby extended over and declared to be in force in the Philippine Islands so far as the same or any provision thereof may be applicable.",
    "puborder": 549,
    "translations": []
  },
  {
    "para_id": "1064.594",
    "id_prev": "1064.593",
    "id_next": "1064.595",
    "refcode_1": "ARSH",
    "refcode_2": "185",
    "refcode_3": "12",
    "refcode_4": "1901",
    "refcode_short": "ARSH March 19,  1901, page 185.12",
    "refcode_long": "The Advent Review and Sabbath Herald, vol. 78 March 19,  1901, page 185 paragraph 12",
    "element_type": "p",
    "element_subtype": "standard-indented",
    "content": "This was <em>rejected</em>, by a vote of thirty-nine to twenty-three; not voting, twenty-six.",
    "puborder": 550,
    "translations": []
  },
  {
    "para_id": "1064.595",
    "id_prev": "1064.594",
    "id_next": "1064.596",
    "refcode_1": "ARSH",
    "refcode_2": "185",
    "refcode_3": "13",
    "refcode_4": "1901",
    "refcode_short": "ARSH March 19,  1901, page 185.13",
    "refcode_long": "The Advent Review and Sabbath Herald, vol. 78 March 19,  1901, page 185 paragraph 13",
    "element_type": "p",
    "element_subtype": "standard-indented",
    "content": "Afterward there was offered the following amendment:&mdash;",
    "puborder": 551,
    "translations": []
  },
  {
    "para_id": "1064.596",
    "id_prev": "1064.595",
    "id_next": "1064.597",
    "refcode_1": "ARSH",
    "refcode_2": "185",
    "refcode_3": "14",
    "refcode_4": "1901",
    "refcode_short": "ARSH March 19,  1901, page 185.14",
    "refcode_long": "The Advent Review and Sabbath Herald, vol. 78 March 19,  1901, page 185 paragraph 14",
    "element_type": "p",
    "element_subtype": "blockquote-indented",
    "content": "<em>And provided further</em>, That no judgment, order, nor act by any of said officials so appointed shall conflict with the Constitution and laws of the United States.",
    "puborder": 552,
    "translations": []
  },
  {
    "para_id": "1064.597",
    "id_prev": "1064.596",
    "id_next": "1064.598",
    "refcode_1": "ARSH",
    "refcode_2": "185",
    "refcode_3": "15",
    "refcode_4": "1901",
    "refcode_short": "ARSH March 19,  1901, page 185.15",
    "refcode_long": "The Advent Review and Sabbath Herald, vol. 78 March 19,  1901, page 185 paragraph 15",
    "element_type": "p",
    "element_subtype": "standard-indented",
    "content": "That amendment was <em>rejected</em> by a vote of forty-five to twenty-five; not voting, eighteen.",
    "puborder": 553,
    "translations": []
  },
  {
    "para_id": "1064.598",
    "id_prev": "1064.597",
    "id_next": "1064.599",
    "refcode_1": "ARSH",
    "refcode_2": "185",
    "refcode_3": "16",
    "refcode_4": "1901",
    "refcode_short": "ARSH March 19,  1901, page 185.16",
    "refcode_long": "The Advent Review and Sabbath Herald, vol. 78 March 19,  1901, page 185 paragraph 16",
    "element_type": "p",
    "element_subtype": "standard-indented",
    "content": "After this an amendment was offered requiring that:&mdash;",
    "puborder": 554,
    "translations": []
  },
  {
    "para_id": "1064.599",
    "id_prev": "1064.598",
    "id_next": "1064.600",
    "refcode_1": "ARSH",
    "refcode_2": "185",
    "refcode_3": "17",
    "refcode_4": "1901",
    "refcode_short": "ARSH March 19,  1901, page 185.17",
    "refcode_long": "The Advent Review and Sabbath Herald, vol. 78 March 19,  1901, page 185 paragraph 17",
    "element_type": "p",
    "element_subtype": "blockquote-indented",
    "content": "Every person in whom authority is vested under this grant of power shall take an oath to support the Constitution of the United States.",
    "puborder": 555,
    "translations": []
  },
  {
    "para_id": "1064.600",
    "id_prev": "1064.599",
    "id_next": "1064.601",
    "refcode_1": "ARSH",
    "refcode_2": "185",
    "refcode_3": "18",
    "refcode_4": "1901",
    "refcode_short": "ARSH March 19,  1901, page 185.18",
    "refcode_long": "The Advent Review and Sabbath Herald, vol. 78 March 19,  1901, page 185 paragraph 18",
    "element_type": "p",
    "element_subtype": "standard-indented",
    "content": "This was also <em>rejected</em>, by a vote of forty-one to twenty-five; not voting, twenty-two.",
    "puborder": 556,
    "translations": []
  },
  {
    "para_id": "1064.601",
    "id_prev": "1064.600",
    "id_next": "1064.602",
    "refcode_1": "ARSH",
    "refcode_2": "185",
    "refcode_3": "19",
    "refcode_4": "1901",
    "refcode_short": "ARSH March 19,  1901, page 185.19",
    "refcode_long": "The Advent Review and Sabbath Herald, vol. 78 March 19,  1901, page 185 paragraph 19",
    "element_type": "p",
    "element_subtype": "standard-indented",
    "content": "After this there was offered the following amendment:&mdash;",
    "puborder": 557,
    "translations": []
  },
  {
    "para_id": "1064.602",
    "id_prev": "1064.601",
    "id_next": "1064.603",
    "refcode_1": "ARSH",
    "refcode_2": "185",
    "refcode_3": "20",
    "refcode_4": "1901",
    "refcode_short": "ARSH March 19,  1901, page 185.20",
    "refcode_long": "The Advent Review and Sabbath Herald, vol. 78 March 19,  1901, page 185 paragraph 20",
    "element_type": "p",
    "element_subtype": "blockquote-indented",
    "content": "All persons shall be bailable unless for capital offenses where the proof shall be evident or the presumption great. All fines shall be moderate, and no cruel or unusual punishment shall be inflicted. No man shall be deprived of his life, liberty, or property but by the judgment of his peers and the law of the land. If the public exigencies make it necessary for the common preservation to take the property of any person, or to demand his particular services, full compensation shall be made for the same. No <em>ex post facto</em> law or law impairing the obligation of contracts shall be made. No law shall be made which shall lay any person under restraint, burden, or disability on account of his religious opinions, professions, or mode of worship, in all of which he shall be free to maintain his own, and not burdened for those of another.",
    "puborder": 558,
    "translations": []
  },
  {
    "para_id": "1064.603",
    "id_prev": "1064.602",
    "id_next": "1064.604",
    "refcode_1": "ARSH",
    "refcode_2": "185",
    "refcode_3": "21",
    "refcode_4": "1901",
    "refcode_short": "ARSH March 19,  1901, page 185.21",
    "refcode_long": "The Advent Review and Sabbath Herald, vol. 78 March 19,  1901, page 185 paragraph 21",
    "element_type": "p",
    "element_subtype": "standard-indented",
    "content": "This, too, was rejected, by a vote of forty-one to twenty-three; not voting, twenty-four.",
    "puborder": 559,
    "translations": []
  },
  {
    "para_id": "1064.604",
    "id_prev": "1064.603",
    "id_next": "1064.605",
    "refcode_1": "ARSH",
    "refcode_2": "185",
    "refcode_3": "22",
    "refcode_4": "1901",
    "refcode_short": "ARSH March 19,  1901, page 185.22",
    "refcode_long": "The Advent Review and Sabbath Herald, vol. 78 March 19,  1901, page 185 paragraph 22",
    "element_type": "p",
    "element_subtype": "standard-indented",
    "content": "When, thus, it had been voted, over and over again, to bestow unlimited power upon such persons as the President shall name to govern the Philippine Islands, then attempt was made to limit the <em>time</em> of the <em>exercise</em> of this power. Accordingly, an amendment was offered, limiting this time to March 4, 1903. But this was rejected by a vote of forty-three to twenty-six; not voting, nineteen.",
    "puborder": 560,
    "translations": []
  },
  {
    "para_id": "1064.605",
    "id_prev": "1064.604",
    "id_next": "1064.606",
    "refcode_1": "ARSH",
    "refcode_2": "185",
    "refcode_3": "23",
    "refcode_4": "1901",
    "refcode_short": "ARSH March 19,  1901, page 185.23",
    "refcode_long": "The Advent Review and Sabbath Herald, vol. 78 March 19,  1901, page 185 paragraph 23",
    "element_type": "p",
    "element_subtype": "standard-indented",
    "content": "When it had been so positively decided that unlimited power should be given to these men,&mdash;and for unlimited time,&mdash;an attempt was made to give the Filipinos a part in the government of themselves. Accordingly, an amendment was offered as follows:&mdash;",
    "puborder": 561,
    "translations": []
  },
  {
    "para_id": "1064.606",
    "id_prev": "1064.605",
    "id_next": "1064.607",
    "refcode_1": "ARSH",
    "refcode_2": "185",
    "refcode_3": "24",
    "refcode_4": "1901",
    "refcode_short": "ARSH March 19,  1901, page 185.24",
    "refcode_long": "The Advent Review and Sabbath Herald, vol. 78 March 19,  1901, page 185 paragraph 24",
    "element_type": "p",
    "element_subtype": "blockquote-indented",
    "content": "And secure to them such participation in the affairs of the civil government so to be established as shall be consistent with the safety of the government.",
    "puborder": 562,
    "translations": []
  },
  {
    "para_id": "1064.607",
    "id_prev": "1064.606",
    "id_next": "1064.608",
    "refcode_1": "ARSH",
    "refcode_2": "185",
    "refcode_3": "25",
    "refcode_4": "1901",
    "refcode_short": "ARSH March 19,  1901, page 185.25",
    "refcode_long": "The Advent Review and Sabbath Herald, vol. 78 March 19,  1901, page 185 paragraph 25",
    "element_type": "p",
    "element_subtype": "standard-indented",
    "content": "But this was rejected by a vote of thirty-nine to twenty-three; not voting, twenty-six.",
    "puborder": 563,
    "translations": []
  },
  {
    "para_id": "1064.608",
    "id_prev": "1064.607",
    "id_next": "1064.609",
    "refcode_1": "ARSH",
    "refcode_2": "185",
    "refcode_3": "26",
    "refcode_4": "1901",
    "refcode_short": "ARSH March 19,  1901, page 185.26",
    "refcode_long": "The Advent Review and Sabbath Herald, vol. 78 March 19,  1901, page 185 paragraph 26",
    "element_type": "p",
    "element_subtype": "standard-indented",
    "content": "When it had thus been explicitly and confirmedly settled that the powers of such men as the President shall appoint to govern the Philippines, shall be unlimited; shall be unlimited for all time; and shall be absolute over the people of the islands, attempt was made to save at least a vestige of Constitutional liberty, as follows:&mdash;",
    "puborder": 564,
    "translations": []
  },
  {
    "para_id": "1064.609",
    "id_prev": "1064.608",
    "id_next": "1064.610",
    "refcode_1": "ARSH",
    "refcode_2": "185",
    "refcode_3": "27",
    "refcode_4": "1901",
    "refcode_short": "ARSH March 19,  1901, page 185.27",
    "refcode_long": "The Advent Review and Sabbath Herald, vol. 78 March 19,  1901, page 185 paragraph 27",
    "element_type": "p",
    "element_subtype": "blockquote-indented",
    "content": "<em>Mr. Hoar:</em> Mr. President, there is one principle of Constitutional liberty not yet slain, and I desire to give it a little chance for its life. I move the amendment which I send to the desk, to be inserted at the end of the bill.",
    "puborder": 565,
    "translations": []
  },
  {
    "para_id": "1064.610",
    "id_prev": "1064.609",
    "id_next": "1064.611",
    "refcode_1": "ARSH",
    "refcode_2": "185",
    "refcode_3": "28",
    "refcode_4": "1901",
    "refcode_short": "ARSH March 19,  1901, page 185.28",
    "refcode_long": "The Advent Review and Sabbath Herald, vol. 78 March 19,  1901, page 185 paragraph 28",
    "element_type": "p",
    "element_subtype": "blockquote-indented",
    "content": "<em>The Presiding Officer:</em> The Senator from Massachusetts submits an amendment which will be stated.",
    "puborder": 566,
    "translations": []
  },
  {
    "para_id": "1064.611",
    "id_prev": "1064.610",
    "id_next": "1064.612",
    "refcode_1": "ARSH",
    "refcode_2": "185",
    "refcode_3": "29",
    "refcode_4": "1901",
    "refcode_short": "ARSH March 19,  1901, page 185.29",
    "refcode_long": "The Advent Review and Sabbath Herald, vol. 78 March 19,  1901, page 185 paragraph 29",
    "element_type": "p",
    "element_subtype": "blockquote-indented",
    "content": "<em>The Secretary:</em> It is proposed to add as a new section the following:&mdash;",
    "puborder": 567,
    "translations": []
  },
  {
    "para_id": "1064.612",
    "id_prev": "1064.611",
    "id_next": "1064.613",
    "refcode_1": "ARSH",
    "refcode_2": "185",
    "refcode_3": "30",
    "refcode_4": "1901",
    "refcode_short": "ARSH March 19,  1901, page 185.30",
    "refcode_long": "The Advent Review and Sabbath Herald, vol. 78 March 19,  1901, page 185 paragraph 30",
    "element_type": "p",
    "element_subtype": "blockquote-indented",
    "content": "&ldquo;In the government of the Philippine Islands no person vested with legislative powers shall ever exercise the executive or judicial powers, or either of them; no person vested with executive powers shall ever exercise the legislative or judicial powers, or either of them; no person vested with judicial powers shall ever exercise the legislative or executive powers, or either of them; to the end that it may be a government of laws and not of men.&rdquo;",
    "puborder": 568,
    "translations": []
  },
  {
    "para_id": "1064.613",
    "id_prev": "1064.612",
    "id_next": "1064.614",
    "refcode_1": "ARSH",
    "refcode_2": "185",
    "refcode_3": "31",
    "refcode_4": "1901",
    "refcode_short": "ARSH March 19,  1901, page 185.31",
    "refcode_long": "The Advent Review and Sabbath Herald, vol. 78 March 19,  1901, page 185 paragraph 31",
    "element_type": "p",
    "element_subtype": "blockquote-indented",
    "content": "<em>The Presiding Officer:</em> The question is on the amendment of the Senator from Massachusetts [Mr. Hoar] to the amendment of the committee.",
    "puborder": 569,
    "translations": []
  },
  {
    "para_id": "1064.614",
    "id_prev": "1064.613",
    "id_next": "1064.615",
    "refcode_1": "ARSH",
    "refcode_2": "185",
    "refcode_3": "32",
    "refcode_4": "1901",
    "refcode_short": "ARSH March 19,  1901, page 185.32",
    "refcode_long": "The Advent Review and Sabbath Herald, vol. 78 March 19,  1901, page 185 paragraph 32",
    "element_type": "p",
    "element_subtype": "blockquote-indented",
    "content": "Mr. Jones, of Arkansas, and Mr. Pettus called for the yeas and nays.",
    "puborder": 570,
    "translations": []
  },
  {
    "para_id": "1064.615",
    "id_prev": "1064.614",
    "id_next": "1064.616",
    "refcode_1": "ARSH",
    "refcode_2": "185",
    "refcode_3": "33",
    "refcode_4": "1901",
    "refcode_short": "ARSH March 19,  1901, page 185.33",
    "refcode_long": "The Advent Review and Sabbath Herald, vol. 78 March 19,  1901, page 185 paragraph 33",
    "element_type": "p",
    "element_subtype": "blockquote-indented",
    "content": "The yeas and nays were ordered, and the Secretary proceeded to call the roll.",
    "puborder": 571,
    "translations": []
  },
  {
    "para_id": "1064.616",
    "id_prev": "1064.615",
    "id_next": "1064.617",
    "refcode_1": "ARSH",
    "refcode_2": "185",
    "refcode_3": "34",
    "refcode_4": "1901",
    "refcode_short": "ARSH March 19,  1901, page 185.34",
    "refcode_long": "The Advent Review and Sabbath Herald, vol. 78 March 19,  1901, page 185 paragraph 34",
    "element_type": "p",
    "element_subtype": "standard-indented",
    "content": "And even this last principle of Constitutional liberty was slain. It was rejected, by a vote of forty-three to twenty-six; not voting, nineteen.",
    "puborder": 572,
    "translations": []
  },
  {
    "para_id": "1064.617",
    "id_prev": "1064.616",
    "id_next": "1064.618",
    "refcode_1": "ARSH",
    "refcode_2": "185",
    "refcode_3": "35",
    "refcode_4": "1901",
    "refcode_short": "ARSH March 19,  1901, page 185.35",
    "refcode_long": "The Advent Review and Sabbath Herald, vol. 78 March 19,  1901, page 185 paragraph 35",
    "element_type": "p",
    "element_subtype": "standard-indented",
    "content": "See the whole account in <em>Congressional Record</em> dated Wednesday, Feb. 27, 1901.",
    "puborder": 573,
    "translations": []
  },
  {
    "para_id": "1064.618",
    "id_prev": "1064.617",
    "id_next": "1064.619",
    "refcode_1": "ARSH",
    "refcode_2": "185",
    "refcode_3": "36",
    "refcode_4": "1901",
    "refcode_short": "ARSH March 19,  1901, page 185.36",
    "refcode_long": "The Advent Review and Sabbath Herald, vol. 78 March 19,  1901, page 185 paragraph 36",
    "element_type": "p",
    "element_subtype": "standard-indented",
    "content": "As already stated, the next day the House of Representatives passed this legislation, as it came from the Senate, without any change whatever. And since it was all done at the demand of the President, of course it was all approved by him when it came before him to be signed. And thus the government of the United States has, in principle,&mdash;and for the Philippines in practice,&mdash;deliberately and expressly repudiated every principle of its Constitution as a republican government. Not a single item, nor even an iota, of the principle of republican or Constitutional government remains.",
    "puborder": 574,
    "translations": []
  }
]