[
  {
    "para_id": "1064.124",
    "id_prev": "1064.123",
    "id_next": "1064.126",
    "refcode_1": "ARSH",
    "refcode_2": "41",
    "refcode_3": "",
    "refcode_4": "1901",
    "refcode_short": "ARSH January 22,  1901, page 41",
    "refcode_long": "The Advent Review and Sabbath Herald, vol. 78 January 22,  1901, page 41",
    "element_type": "h3",
    "element_subtype": "",
    "content": "January 22, 1901",
    "puborder": 118,
    "translations": []
  },
  {
    "para_id": "1064.126",
    "id_prev": "1064.124",
    "id_next": "1064.127",
    "refcode_1": "ARSH",
    "refcode_2": "56",
    "refcode_3": "",
    "refcode_4": "1901",
    "refcode_short": "ARSH January 22,  1901, page 56",
    "refcode_long": "The Advent Review and Sabbath Herald, vol. 78 January 22,  1901, page 56",
    "element_type": "h5",
    "element_subtype": "",
    "content": "&ldquo;The Faith of Jesus. The Nature of Christ&rdquo; Advent Review and Sabbath Herald 78, 4, p. 56.",
    "puborder": 119,
    "translations": []
  },
  {
    "para_id": "1064.127",
    "id_prev": "1064.126",
    "id_next": "1064.128",
    "refcode_1": "ARSH",
    "refcode_2": "56",
    "refcode_3": "1",
    "refcode_4": "1901",
    "refcode_short": "ARSH January 22,  1901, page 56.1",
    "refcode_long": "The Advent Review and Sabbath Herald, vol. 78 January 22,  1901, page 56 paragraph 1",
    "element_type": "p",
    "element_subtype": "standard-indented",
    "content": "&ldquo;AND the Word <em>was</em> made flesh.&rdquo;",
    "puborder": 120,
    "translations": []
  },
  {
    "para_id": "1064.128",
    "id_prev": "1064.127",
    "id_next": "1064.129",
    "refcode_1": "ARSH",
    "refcode_2": "56",
    "refcode_3": "2",
    "refcode_4": "1901",
    "refcode_short": "ARSH January 22,  1901, page 56.2",
    "refcode_long": "The Advent Review and Sabbath Herald, vol. 78 January 22,  1901, page 56 paragraph 2",
    "element_type": "p",
    "element_subtype": "standard-indented",
    "content": "&ldquo;When the fullness of the time was come, God sent forth His Son, made of a woman.&rdquo; <span class=\"egwlink egwlink_bible\" title=\"Galatians 4:4\" data-link=\"1965.59416\">Galatians 4:4</span>.",
    "puborder": 121,
    "translations": []
  },
  {
    "para_id": "1064.129",
    "id_prev": "1064.128",
    "id_next": "1064.130",
    "refcode_1": "ARSH",
    "refcode_2": "56",
    "refcode_3": "3",
    "refcode_4": "1901",
    "refcode_short": "ARSH January 22,  1901, page 56.3",
    "refcode_long": "The Advent Review and Sabbath Herald, vol. 78 January 22,  1901, page 56 paragraph 3",
    "element_type": "p",
    "element_subtype": "standard-indented",
    "content": "&ldquo;And the Lord hath laid on Him the iniquity of us all.&rdquo; <span class=\"egwlink egwlink_bible\" title=\"Isaiah 53:6\" data-link=\"1965.38192\">Isaiah 53:6</span>.",
    "puborder": 122,
    "translations": []
  },
  {
    "para_id": "1064.130",
    "id_prev": "1064.129",
    "id_next": "1064.131",
    "refcode_1": "ARSH",
    "refcode_2": "56",
    "refcode_3": "4",
    "refcode_4": "1901",
    "refcode_short": "ARSH January 22,  1901, page 56.4",
    "refcode_long": "The Advent Review and Sabbath Herald, vol. 78 January 22,  1901, page 56 paragraph 4",
    "element_type": "p",
    "element_subtype": "standard-indented",
    "content": "We have seen that, in His being made of a woman, Christ reached sin at the very fountain head of its entrance into this world; and that He must be made of a woman to do this.",
    "puborder": 123,
    "translations": []
  },
  {
    "para_id": "1064.131",
    "id_prev": "1064.130",
    "id_next": "1064.132",
    "refcode_1": "ARSH",
    "refcode_2": "56",
    "refcode_3": "5",
    "refcode_4": "1901",
    "refcode_short": "ARSH January 22,  1901, page 56.5",
    "refcode_long": "The Advent Review and Sabbath Herald, vol. 78 January 22,  1901, page 56 paragraph 5",
    "element_type": "p",
    "element_subtype": "standard-indented",
    "content": "And thus all the sin of this world, from its origin in the world to the end of it in the world, was laid upon Him; both sin as it is in itself and sin as it is when committed by us; sin in its tendency, and sin in the act; sin as it is hereditary in us, <em>uncommitted</em> by us, and sin as it is <em>committed</em> by us.",
    "puborder": 124,
    "translations": []
  },
  {
    "para_id": "1064.132",
    "id_prev": "1064.131",
    "id_next": "1064.133",
    "refcode_1": "ARSH",
    "refcode_2": "56",
    "refcode_3": "6",
    "refcode_4": "1901",
    "refcode_short": "ARSH January 22,  1901, page 56.6",
    "refcode_long": "The Advent Review and Sabbath Herald, vol. 78 January 22,  1901, page 56 paragraph 6",
    "element_type": "p",
    "element_subtype": "standard-indented",
    "content": "Only thus could it be that there should be laid upon Him the iniquity of <em>us all</em>. Only by His subjecting himself to the law of heredity could He reach beyond the generation living in the world while He was here. Without this there could be laid upon Him our sins which have been <em>actually committed</em>, with the guilt and condemnation that belong to them. But, beyond this, there is in each person, in many ways, the <em>liability</em>, to sin, <em>inherited</em> from generations back, which has not yet culminated in the act of sinning, but which is ever ready, when occasion offers, but which is ever ready, when occasion offers, to blaze forth in the actual committing of sin. David&rsquo;s great sin is an illustration of this. <span class=\"egwlink egwlink_bible\" title=\"Psalm 51:3\" data-link=\"1965.29939\">Psalm 51:3</span>; <span class=\"egwlink egwlink_bible\" title=\"2 Samuel 11:2\" data-link=\"1965.16813\">2 Samuel 11:2</span>.",
    "puborder": 125,
    "translations": []
  },
  {
    "para_id": "1064.133",
    "id_prev": "1064.132",
    "id_next": "1064.134",
    "refcode_1": "ARSH",
    "refcode_2": "56",
    "refcode_3": "7",
    "refcode_4": "1901",
    "refcode_short": "ARSH January 22,  1901, page 56.7",
    "refcode_long": "The Advent Review and Sabbath Herald, vol. 78 January 22,  1901, page 56 paragraph 7",
    "element_type": "p",
    "element_subtype": "standard-indented",
    "content": "In delivering us from sin, it is not enough that we shall be saved from the sins that we have actually committed; we must be saved from committing other sins. And that this may be so, there must be met and subdued this hereditary liability to sin: we must become possessed of power to keep us from sinning&mdash;a power to conquer this liability, this hereditary tendency that is in us, to sin.",
    "puborder": 126,
    "translations": []
  },
  {
    "para_id": "1064.134",
    "id_prev": "1064.133",
    "id_next": "1064.135",
    "refcode_1": "ARSH",
    "refcode_2": "56",
    "refcode_3": "8",
    "refcode_4": "1901",
    "refcode_short": "ARSH January 22,  1901, page 56.8",
    "refcode_long": "The Advent Review and Sabbath Herald, vol. 78 January 22,  1901, page 56 paragraph 8",
    "element_type": "p",
    "element_subtype": "standard-indented",
    "content": "All our sins which we have actually committed were laid upon Him, were imputed to Him, so that His righteousness may be laid upon us, may be imputed to us. And <em>also</em> our <em>liability to sin</em> was laid upon Him, in His being made flesh, in His being born of a woman, of the same flesh and blood as we are.",
    "puborder": 127,
    "translations": []
  },
  {
    "para_id": "1064.135",
    "id_prev": "1064.134",
    "id_next": "1064.136",
    "refcode_1": "ARSH",
    "refcode_2": "56",
    "refcode_3": "9",
    "refcode_4": "1901",
    "refcode_short": "ARSH January 22,  1901, page 56.9",
    "refcode_long": "The Advent Review and Sabbath Herald, vol. 78 January 22,  1901, page 56 paragraph 9",
    "element_type": "p",
    "element_subtype": "standard-indented",
    "content": "Thus He met sin <em>in the flesh which He took</em>, and triumphed over it, as it is written: &ldquo;God sending His own Son in <em>the likeness of sinful flesh</em>, and for sin, condemned <em>sin</em> IN THE FLESH.&rdquo; And again: &ldquo;He is our peace.... having abolished <em>in His flesh</em> the enmity.&rdquo;",
    "puborder": 128,
    "translations": []
  },
  {
    "para_id": "1064.136",
    "id_prev": "1064.135",
    "id_next": "1064.137",
    "refcode_1": "ARSH",
    "refcode_2": "56",
    "refcode_3": "10",
    "refcode_4": "1901",
    "refcode_short": "ARSH January 22,  1901, page 56.10",
    "refcode_long": "The Advent Review and Sabbath Herald, vol. 78 January 22,  1901, page 56 paragraph 10",
    "element_type": "p",
    "element_subtype": "standard-indented",
    "content": "And thus it is that for the sins which we have actually committed, for the sins that are past, <em>His righteousness</em>, is imputed to <em>us</em>, as <em>our sins</em> are imputed to <em>Him</em>. And to <em>keep us from sinning</em>, His righteousness is <em>imparted</em> to us in our flesh, as our flesh, with its liability to sin, was <em>imparted</em> to Him.",
    "puborder": 129,
    "translations": []
  },
  {
    "para_id": "1064.137",
    "id_prev": "1064.136",
    "id_next": "1064.138",
    "refcode_1": "ARSH",
    "refcode_2": "56",
    "refcode_3": "11",
    "refcode_4": "1901",
    "refcode_short": "ARSH January 22,  1901, page 56.11",
    "refcode_long": "The Advent Review and Sabbath Herald, vol. 78 January 22,  1901, page 56 paragraph 11",
    "element_type": "p",
    "element_subtype": "standard-indented",
    "content": "Thus He is the complete Saviour: He saves from all the sins that we have actually committed, and saves equally from all the sins that we might commit, dwelling apart from Him.",
    "puborder": 130,
    "translations": []
  },
  {
    "para_id": "1064.138",
    "id_prev": "1064.137",
    "id_next": "1064.139",
    "refcode_1": "ARSH",
    "refcode_2": "56",
    "refcode_3": "12",
    "refcode_4": "1901",
    "refcode_short": "ARSH January 22,  1901, page 56.12",
    "refcode_long": "The Advent Review and Sabbath Herald, vol. 78 January 22,  1901, page 56 paragraph 12",
    "element_type": "p",
    "element_subtype": "standard-indented",
    "content": "If He took not the same flesh and blood that the children of men have, with its liability to sin, then where could there be any philosophy or reason of any kind whatever in <em>His genealogy</em> as given in the Scriptures? He was descended from David; He was descended from Abraham; He was descended from Adam; and, by being made of a woman, He reached even back of Adam, to the beginning of sin in the world.",
    "puborder": 131,
    "translations": []
  },
  {
    "para_id": "1064.139",
    "id_prev": "1064.138",
    "id_next": "1064.140",
    "refcode_1": "ARSH",
    "refcode_2": "56",
    "refcode_3": "13",
    "refcode_4": "1901",
    "refcode_short": "ARSH January 22,  1901, page 56.13",
    "refcode_long": "The Advent Review and Sabbath Herald, vol. 78 January 22,  1901, page 56 paragraph 13",
    "element_type": "p",
    "element_subtype": "standard-indented",
    "content": "In that genealogy there are Jehoiakim, who for his wickedness was &ldquo;buried with the burial of an ass, drawn and cast forth, beyond the gates of Jerusalem&rdquo; (<span class=\"egwlink egwlink_bible\" title=\"Jeremiah 22:19\" data-link=\"1965.39740\">Jeremiah 22:19</span>); Manasseh, who caused Judah to do &ldquo;worse than the heathen;&rdquo; Ahaz, who &ldquo;made Judah naked, and transgressed sore against the Lord;&rdquo; Rehoboam, who was born of Solomon, who was born of David and Bathsheba; there are also Ruth the Moabitess, and Rahab; as well as Abraham, Isaac, Jesse, Asa, Jehoshaphat, Hezekiah, and Josiah; the worst equally with the best. And the evil deeds of even the best are recorded equally with the good. And there is hardly <em>one</em> whose life is written upon at all of whom there is not some wrong act recorded.",
    "puborder": 132,
    "translations": []
  },
  {
    "para_id": "1064.140",
    "id_prev": "1064.139",
    "id_next": "1064.141",
    "refcode_1": "ARSH",
    "refcode_2": "56",
    "refcode_3": "14",
    "refcode_4": "1901",
    "refcode_short": "ARSH January 22,  1901, page 56.14",
    "refcode_long": "The Advent Review and Sabbath Herald, vol. 78 January 22,  1901, page 56 paragraph 14",
    "element_type": "p",
    "element_subtype": "standard-indented",
    "content": "Now it was at the end of such a genealogy as that that &ldquo;the Word was <em>made flesh</em>, and <em>dwelt among us</em>.&rdquo; It was t the end of such a genealogy as that that he was &ldquo;made of a woman.&rdquo; It was in such a line of descent as that that God sent &ldquo;His own Son in <em>the likeness of sinful flesh</em>.&rdquo; And such a descent, such a genealogy, meant something to Him, as it does to every other man, under the great law that the iniquities of the fathers are visited upon the children, to the third and fourth generations. It meant everything to Him in the terrible temptations in the wilderness of temptation, as well as all the way through His life in the flesh.",
    "puborder": 133,
    "translations": []
  },
  {
    "para_id": "1064.141",
    "id_prev": "1064.140",
    "id_next": "1064.142",
    "refcode_1": "ARSH",
    "refcode_2": "56",
    "refcode_3": "15",
    "refcode_4": "1901",
    "refcode_short": "ARSH January 22,  1901, page 56.15",
    "refcode_long": "The Advent Review and Sabbath Herald, vol. 78 January 22,  1901, page 56 paragraph 15",
    "element_type": "p",
    "element_subtype": "standard-indented",
    "content": "Thus, both by heredity and by imputation, He was &ldquo;laden with the sins of the world.&rdquo; And, thus laden, at this immense disadvantage, He passed over the ground where, at no shadow of any disadvantage whatever, the first pair failed.",
    "puborder": 134,
    "translations": []
  },
  {
    "para_id": "1064.142",
    "id_prev": "1064.141",
    "id_next": "1064.143",
    "refcode_1": "ARSH",
    "refcode_2": "56",
    "refcode_3": "16",
    "refcode_4": "1901",
    "refcode_short": "ARSH January 22,  1901, page 56.16",
    "refcode_long": "The Advent Review and Sabbath Herald, vol. 78 January 22,  1901, page 56 paragraph 16",
    "element_type": "p",
    "element_subtype": "standard-indented",
    "content": "By His death He paid the penalty of all sins actually <em>committed</em>, and thus can justly bestow His righteousness upon all who will receive it. And by condemning sin <em>in the flesh</em>, by abolishing in His <em>flesh</em> the enmity. He delivers from the law of heredity; and so can, in righteousness, impart His divine nature and power to lift above that law, and hold above it, every soul that will receive Him.",
    "puborder": 135,
    "translations": []
  },
  {
    "para_id": "1064.143",
    "id_prev": "1064.142",
    "id_next": "1064.144",
    "refcode_1": "ARSH",
    "refcode_2": "56",
    "refcode_3": "17",
    "refcode_4": "1901",
    "refcode_short": "ARSH January 22,  1901, page 56.17",
    "refcode_long": "The Advent Review and Sabbath Herald, vol. 78 January 22,  1901, page 56 paragraph 17",
    "element_type": "p",
    "element_subtype": "standard-indented",
    "content": "And so it is written: &ldquo;When the fullness of the time was come, God sent forth His Son, made of a woman, made under the law, to redeem them that were under the law, that we might receive the adoption of sons.&rdquo; <span class=\"egwlink egwlink_bible\" title=\"Galatians 4:4\" data-link=\"1965.59416\">Galatians 4:4</span>. And &ldquo;God sending His own Son in the likeness of sinful flesh, and for [on account of] sin, condemned sin in the flesh: that <em>the righteousness</em> of <em>the law</em> might be fulfilled <em>in us</em>, who walk not after the flesh, but after the Spirit.&rdquo; <span class=\"egwlink egwlink_bible\" title=\"Romans 8:3\" data-link=\"1965.57340\">Romans 8:3, 4</span>. And &ldquo;He is our peace, ... having abolished in His flesh the enmity, ... for to make in Himself of twain [God and man] one new man, so making peace.&rdquo; <span class=\"egwlink egwlink_bible\" title=\"Ephesians 2:14\" data-link=\"1965.59637\">Ephesians 2:14, 15</span>.",
    "puborder": 136,
    "translations": []
  },
  {
    "para_id": "1064.144",
    "id_prev": "1064.143",
    "id_next": "1064.145",
    "refcode_1": "ARSH",
    "refcode_2": "56",
    "refcode_3": "18",
    "refcode_4": "1901",
    "refcode_short": "ARSH January 22,  1901, page 56.18",
    "refcode_long": "The Advent Review and Sabbath Herald, vol. 78 January 22,  1901, page 56 paragraph 18",
    "element_type": "p",
    "element_subtype": "standard-indented",
    "content": "Thus &ldquo;<em>in all things</em> it behoved Him to be made like unto His brethren, that He might be a merciful and faithful high priest in things pertaining to God, to make reconciliation for the sins of the people. For in that He himself hath suffered being tempted, He is able to succor them that are tempted.&rdquo;",
    "puborder": 137,
    "translations": []
  },
  {
    "para_id": "1064.145",
    "id_prev": "1064.144",
    "id_next": "1064.147",
    "refcode_1": "ARSH",
    "refcode_2": "56",
    "refcode_3": "19",
    "refcode_4": "1901",
    "refcode_short": "ARSH January 22,  1901, page 56.19",
    "refcode_long": "The Advent Review and Sabbath Herald, vol. 78 January 22,  1901, page 56 paragraph 19",
    "element_type": "p",
    "element_subtype": "standard-indented",
    "content": "Whether temptation be from within or from without. He is the perfect shield against it all, and so saves to the uttermost all who come unto God by Him.",
    "puborder": 138,
    "translations": []
  },
  {
    "para_id": "1064.147",
    "id_prev": "1064.145",
    "id_next": "1064.148",
    "refcode_1": "ARSH",
    "refcode_2": "56",
    "refcode_3": "",
    "refcode_4": "1901",
    "refcode_short": "ARSH January 22,  1901, page 56",
    "refcode_long": "The Advent Review and Sabbath Herald, vol. 78 January 22,  1901, page 56",
    "element_type": "h5",
    "element_subtype": "",
    "content": "&ldquo;Editorial&rdquo; Advent Review and Sabbath Herald 78, 4, p. 56.",
    "puborder": 139,
    "translations": []
  },
  {
    "para_id": "1064.148",
    "id_prev": "1064.147",
    "id_next": "1064.149",
    "refcode_1": "ARSH",
    "refcode_2": "56",
    "refcode_3": "1",
    "refcode_4": "1901",
    "refcode_short": "ARSH January 22,  1901, page 56.1",
    "refcode_long": "The Advent Review and Sabbath Herald, vol. 78 January 22,  1901, page 56 paragraph 1",
    "element_type": "p",
    "element_subtype": "standard-indented",
    "content": "THE following are the items of the arrangement entered into by Russia and China, concerning the Manchurian province of Shengking, published by Russia a short time ago:&mdash;",
    "puborder": 140,
    "translations": []
  },
  {
    "para_id": "1064.149",
    "id_prev": "1064.148",
    "id_next": "1064.150",
    "refcode_1": "ARSH",
    "refcode_2": "56",
    "refcode_3": "2",
    "refcode_4": "1901",
    "refcode_short": "ARSH January 22,  1901, page 56.2",
    "refcode_long": "The Advent Review and Sabbath Herald, vol. 78 January 22,  1901, page 56 paragraph 2",
    "element_type": "p",
    "element_subtype": "blockquote-indented",
    "content": "1. The Tartar general, Tseng, undertakes to protect and pacify the province, and to assist in the construction of the railroad.",
    "puborder": 141,
    "translations": []
  },
  {
    "para_id": "1064.150",
    "id_prev": "1064.149",
    "id_next": "1064.151",
    "refcode_1": "ARSH",
    "refcode_2": "56",
    "refcode_3": "3",
    "refcode_4": "1901",
    "refcode_short": "ARSH January 22,  1901, page 56.3",
    "refcode_long": "The Advent Review and Sabbath Herald, vol. 78 January 22,  1901, page 56 paragraph 3",
    "element_type": "p",
    "element_subtype": "blockquote-indented",
    "content": "2. He must kindly treat, feed, and lodge Russians engaged in the military occupation and in the protection of the railroad.",
    "puborder": 142,
    "translations": []
  },
  {
    "para_id": "1064.151",
    "id_prev": "1064.150",
    "id_next": "1064.152",
    "refcode_1": "ARSH",
    "refcode_2": "56",
    "refcode_3": "4",
    "refcode_4": "1901",
    "refcode_short": "ARSH January 22,  1901, page 56.4",
    "refcode_long": "The Advent Review and Sabbath Herald, vol. 78 January 22,  1901, page 56 paragraph 4",
    "element_type": "p",
    "element_subtype": "blockquote-indented",
    "content": "3. He must disarm and disband the Chinese soldiery, delivering to the Russians all munitions of war in such arsenals as the Russians have not yet occupied.",
    "puborder": 143,
    "translations": []
  },
  {
    "para_id": "1064.152",
    "id_prev": "1064.151",
    "id_next": "1064.153",
    "refcode_1": "ARSH",
    "refcode_2": "56",
    "refcode_3": "5",
    "refcode_4": "1901",
    "refcode_short": "ARSH January 22,  1901, page 56.5",
    "refcode_long": "The Advent Review and Sabbath Herald, vol. 78 January 22,  1901, page 56 paragraph 5",
    "element_type": "p",
    "element_subtype": "blockquote-indented",
    "content": "4. All forts and defenses in the province not occupied by the Russians, and all powder magazines not required by them, must be dismantled in the presence of Russian officials.",
    "puborder": 144,
    "translations": []
  },
  {
    "para_id": "1064.153",
    "id_prev": "1064.152",
    "id_next": "1064.154",
    "refcode_1": "ARSH",
    "refcode_2": "56",
    "refcode_3": "6",
    "refcode_4": "1901",
    "refcode_short": "ARSH January 22,  1901, page 56.6",
    "refcode_long": "The Advent Review and Sabbath Herald, vol. 78 January 22,  1901, page 56 paragraph 6",
    "element_type": "p",
    "element_subtype": "blockquote-indented",
    "content": "5. New Chwang and other places now in Russian occupation shall be restored to the Chinese civil administration, when Russia is satisfied that the pacification of the province is complete.",
    "puborder": 145,
    "translations": []
  },
  {
    "para_id": "1064.154",
    "id_prev": "1064.153",
    "id_next": "1064.155",
    "refcode_1": "ARSH",
    "refcode_2": "56",
    "refcode_3": "7",
    "refcode_4": "1901",
    "refcode_short": "ARSH January 22,  1901, page 56.7",
    "refcode_long": "The Advent Review and Sabbath Herald, vol. 78 January 22,  1901, page 56 paragraph 7",
    "element_type": "p",
    "element_subtype": "blockquote-indented",
    "content": "6. The Chinese shall maintain law and order by local police under a Tartar general.",
    "puborder": 146,
    "translations": []
  },
  {
    "para_id": "1064.155",
    "id_prev": "1064.154",
    "id_next": "1064.156",
    "refcode_1": "ARSH",
    "refcode_2": "56",
    "refcode_3": "8",
    "refcode_4": "1901",
    "refcode_short": "ARSH January 22,  1901, page 56.8",
    "refcode_long": "The Advent Review and Sabbath Herald, vol. 78 January 22,  1901, page 56 paragraph 8",
    "element_type": "p",
    "element_subtype": "blockquote-indented",
    "content": "7. A Russian political resident, with general powers of control, shall be stationed at Mukden, to whom the Tartar General Tseng must give all information respecting any important measures.",
    "puborder": 147,
    "translations": []
  },
  {
    "para_id": "1064.156",
    "id_prev": "1064.155",
    "id_next": "1064.157",
    "refcode_1": "ARSH",
    "refcode_2": "56",
    "refcode_3": "9",
    "refcode_4": "1901",
    "refcode_short": "ARSH January 22,  1901, page 56.9",
    "refcode_long": "The Advent Review and Sabbath Herald, vol. 78 January 22,  1901, page 56 paragraph 9",
    "element_type": "p",
    "element_subtype": "blockquote-indented",
    "content": "8. In the event of the local police being insufficient for the emergency, General Tseng will notify the Russian resident, and invite Russia to send re-enforcements.",
    "puborder": 148,
    "translations": []
  },
  {
    "para_id": "1064.157",
    "id_prev": "1064.156",
    "id_next": "1064.158",
    "refcode_1": "ARSH",
    "refcode_2": "56",
    "refcode_3": "10",
    "refcode_4": "1901",
    "refcode_short": "ARSH January 22,  1901, page 56.10",
    "refcode_long": "The Advent Review and Sabbath Herald, vol. 78 January 22,  1901, page 56 paragraph 10",
    "element_type": "p",
    "element_subtype": "blockquote-indented",
    "content": "9. The Russian text shall be the standard.",
    "puborder": 149,
    "translations": []
  },
  {
    "para_id": "1064.158",
    "id_prev": "1064.157",
    "id_next": "1064.160",
    "refcode_1": "ARSH",
    "refcode_2": "56",
    "refcode_3": "11",
    "refcode_4": "1901",
    "refcode_short": "ARSH January 22,  1901, page 56.11",
    "refcode_long": "The Advent Review and Sabbath Herald, vol. 78 January 22,  1901, page 56 paragraph 11",
    "element_type": "p",
    "element_subtype": "standard-indented",
    "content": "And Russia assures the United States and the other Powers that she will not take any Chinese territory! And the United States assures the world that &ldquo;the people of Cuba are, and of right ought to be, free and independent,&rdquo; and that this pledge shall be fulfilled &ldquo;to the letter&rdquo;!",
    "puborder": 150,
    "translations": []
  },
  {
    "para_id": "1064.160",
    "id_prev": "1064.158",
    "id_next": "1064.161",
    "refcode_1": "ARSH",
    "refcode_2": "56",
    "refcode_3": "",
    "refcode_4": "1901",
    "refcode_short": "ARSH January 22,  1901, page 56",
    "refcode_long": "The Advent Review and Sabbath Herald, vol. 78 January 22,  1901, page 56",
    "element_type": "h5",
    "element_subtype": "",
    "content": "&ldquo;Some More Ancient and Modern History&rdquo; Advent Review and Sabbath Herald 78, 4, pp. 56, 57.",
    "puborder": 151,
    "translations": []
  },
  {
    "para_id": "1064.161",
    "id_prev": "1064.160",
    "id_next": "1064.162",
    "refcode_1": "ARSH",
    "refcode_2": "56",
    "refcode_3": "1",
    "refcode_4": "1901",
    "refcode_short": "ARSH January 22,  1901, page 56.1",
    "refcode_long": "The Advent Review and Sabbath Herald, vol. 78 January 22,  1901, page 56 paragraph 1",
    "element_type": "p",
    "element_subtype": "standard-indented",
    "content": "OF Rome&rsquo;s assertion of authority over the Greek states, and of her dealings with them whom she had freed from the oppressions of kings, the ancient history records:&mdash;",
    "puborder": 152,
    "translations": []
  },
  {
    "para_id": "1064.162",
    "id_prev": "1064.161",
    "id_next": "1064.163",
    "refcode_1": "ARSH",
    "refcode_2": "56",
    "refcode_3": "2",
    "refcode_4": "1901",
    "refcode_short": "ARSH January 22,  1901, page 56.2",
    "refcode_long": "The Advent Review and Sabbath Herald, vol. 78 January 22,  1901, page 56 paragraph 2",
    "element_type": "p",
    "element_subtype": "blockquote-indented",
    "content": "The Romans rendered themselves the sovereign arbiters of those whom they had restored to liberty, and whom they now considered, in some measure, as their freedmen. They used to depute commissioners to them.... They soon assumed a magisterial tone, looked upon their decrees as irrevocable decisions, were greatly offended when the most implicit obedience was not paid to them, and gave the name of rebellion to a second resistance....",
    "puborder": 153,
    "translations": []
  },
  {
    "para_id": "1064.163",
    "id_prev": "1064.162",
    "id_next": "1064.164",
    "refcode_1": "ARSH",
    "refcode_2": "56",
    "refcode_3": "3",
    "refcode_4": "1901",
    "refcode_short": "ARSH January 22,  1901, page 56.3",
    "refcode_long": "The Advent Review and Sabbath Herald, vol. 78 January 22,  1901, page 56 paragraph 3",
    "element_type": "p",
    "element_subtype": "blockquote-indented",
    "content": "We shall hear one of the chief magistrates in the republic of the Acheans inveigh strongly in a public assembly against this unjust usurpation, and ask by what title the Romans were empowered to assume so haughty an ascendant over them; whether their republic was not as free and independent as that of Rome; by what right the latter pretended to force the Acheans to account for their conduct, in their turn, officiously pretend to inquire into their affairs; and whether matters ought not to be on the same footing on both sides. All these reflections were very reasonable, just, and unanswerable; and the Romans had no advantage in the question but <em>force</em>.",
    "puborder": 154,
    "translations": []
  },
  {
    "para_id": "1064.164",
    "id_prev": "1064.163",
    "id_next": "1064.165",
    "refcode_1": "ARSH",
    "refcode_2": "56",
    "refcode_3": "4",
    "refcode_4": "1901",
    "refcode_short": "ARSH January 22,  1901, page 56.4",
    "refcode_long": "The Advent Review and Sabbath Herald, vol. 78 January 22,  1901, page 56 paragraph 4",
    "element_type": "p",
    "element_subtype": "standard-indented",
    "content": "With that bit of ancient history, now read the following bit of modern history as published in the Manila correspondence of the Hongkong <em>Telegraph</em>, in August, 1900. The Mr. Mabini of the account was formerly minister of foreign affairs and premier of the provisional Flilipino government:&mdash;",
    "puborder": 155,
    "translations": []
  },
  {
    "para_id": "1064.165",
    "id_prev": "1064.164",
    "id_next": "1064.166",
    "refcode_1": "ARSH",
    "refcode_2": "56",
    "refcode_3": "5",
    "refcode_4": "1901",
    "refcode_short": "ARSH January 22,  1901, page 56.5",
    "refcode_long": "The Advent Review and Sabbath Herald, vol. 78 January 22,  1901, page 56 paragraph 5",
    "element_type": "p",
    "element_subtype": "blockquote-indented",
    "content": "At four o&rsquo;clock this afternoon Mr. Mabini was taken to the Ayuntamiento, and introduced to the North American commission. There were present President Taft, two other members of the commission, the interpreter, and a shorthand writer. Mr. Mabini asked for this conference in order that it should not be said that he had confined himself to an imperious position without seeking means of approximation and intelligence, according to circumstances.",
    "puborder": 156,
    "translations": []
  },
  {
    "para_id": "1064.166",
    "id_prev": "1064.165",
    "id_next": "1064.167",
    "refcode_1": "ARSH",
    "refcode_2": "56",
    "refcode_3": "6",
    "refcode_4": "1901",
    "refcode_short": "ARSH January 22,  1901, page 56.6",
    "refcode_long": "The Advent Review and Sabbath Herald, vol. 78 January 22,  1901, page 56 paragraph 6",
    "element_type": "p",
    "element_subtype": "blockquote-indented",
    "content": "When the session was opened, he said: &ldquo;I have been imprisoned since December last, and not allowed to be set free without previous recognition of the American sovereignty. The word &lsquo;sovereignty&rsquo; in international law has not a precise nor fixed definition. So that in the South African trouble England claims to have sovereignty in the two republics, notwithstanding the recognition of their complete independence made by her with respect to their internal administration. My efforts in favor of my country have no other object but to obtain the most solid guarantee for the liberties and rights of the Filipinos. I therefore asked for a conference to find out to what extent American sovereignty will restrain that which naturally belongs to the Filipino people.&rdquo;",
    "puborder": 157,
    "translations": []
  },
  {
    "para_id": "1064.167",
    "id_prev": "1064.166",
    "id_next": "1064.170",
    "refcode_1": "ARSH",
    "refcode_2": "56",
    "refcode_3": "7",
    "refcode_4": "1901",
    "refcode_short": "ARSH January 22,  1901, page 56.7",
    "refcode_long": "The Advent Review and Sabbath Herald, vol. 78 January 22,  1901, page 56 paragraph 7",
    "element_type": "p",
    "element_subtype": "blockquote-indented",
    "content": "Mr. Taft, having heard the remarks of his companions, replied as follows: &ldquo;The American sovereignty has the object of giving the Filipinos a good government. The sovereignty that the United States of America claims is the same as that which Russia or Turkey would claim if they occupied the Philippines, with the only difference that the exercise of this sovereignty will be inspired by the spirit of the Constitution. The commission will endeavor <span class=\"page-break\" data-page=\"57\"></span> to establish in the Philippines a popular government after the style of that adopted for Porto Rico.&rdquo;",
    "puborder": 158,
    "translations": []
  },
  {
    "para_id": "1064.170",
    "id_prev": "1064.167",
    "id_next": "1064.171",
    "refcode_1": "ARSH",
    "refcode_2": "57",
    "refcode_3": "1",
    "refcode_4": "1901",
    "refcode_short": "ARSH January 22,  1901, page 57.1",
    "refcode_long": "The Advent Review and Sabbath Herald, vol. 78 January 22,  1901, page 57 paragraph 1",
    "element_type": "p",
    "element_subtype": "blockquote-indented",
    "content": "To this Mr. Mabini replied that the principles on which the American Constitution rests declare that the sovereignty rests with the people by natural right; that the American government, by not contenting itself with restraining the sovereignty of the Filipino people, but with completely nullifying it, commits an injustice that sooner or later will demand reparation or explanation; that there can not be a popular government where the people are not given a real and effective participation in the constitution and performance of that government.",
    "puborder": 159,
    "translations": []
  },
  {
    "para_id": "1064.171",
    "id_prev": "1064.170",
    "id_next": "1064.172",
    "refcode_1": "ARSH",
    "refcode_2": "57",
    "refcode_3": "2",
    "refcode_4": "1901",
    "refcode_short": "ARSH January 22,  1901, page 57.2",
    "refcode_long": "The Advent Review and Sabbath Herald, vol. 78 January 22,  1901, page 57 paragraph 2",
    "element_type": "p",
    "element_subtype": "blockquote-indented",
    "content": "The commission replied, saying that they were not authorized to discuss abstract matters, as they had orders to make their views prevail <em>by force</em>, when the views of the Filipinos are heard.",
    "puborder": 160,
    "translations": []
  },
  {
    "para_id": "1064.172",
    "id_prev": "1064.171",
    "id_next": "1064.173",
    "refcode_1": "ARSH",
    "refcode_2": "57",
    "refcode_3": "3",
    "refcode_4": "1901",
    "refcode_short": "ARSH January 22,  1901, page 57.3",
    "refcode_long": "The Advent Review and Sabbath Herald, vol. 78 January 22,  1901, page 57 paragraph 3",
    "element_type": "p",
    "element_subtype": "blockquote-indented",
    "content": "Then Mr. Mabini said he considered the conference as closed, for he thought it useless to discuss matters and give his views to those who did not want to listen to the voice of reason.",
    "puborder": 161,
    "translations": []
  },
  {
    "para_id": "1064.173",
    "id_prev": "1064.172",
    "id_next": "1064.174",
    "refcode_1": "ARSH",
    "refcode_2": "57",
    "refcode_3": "4",
    "refcode_4": "1901",
    "refcode_short": "ARSH January 22,  1901, page 57.4",
    "refcode_long": "The Advent Review and Sabbath Herald, vol. 78 January 22,  1901, page 57 paragraph 4",
    "element_type": "p",
    "element_subtype": "blockquote-indented",
    "content": "Mr. Taft asked him if he wanted to help them in the study of the taxes that may be imposed on the people of the Philippines. Mr. Mabini replied that, considering unjust every tax imposed without the consent of the representatives of those who are to pay it, he could not take part in such study without the representation and command of the people.",
    "puborder": 162,
    "translations": []
  },
  {
    "para_id": "1064.174",
    "id_prev": "1064.173",
    "id_next": "1064.175",
    "refcode_1": "ARSH",
    "refcode_2": "57",
    "refcode_3": "5",
    "refcode_4": "1901",
    "refcode_short": "ARSH January 22,  1901, page 57.5",
    "refcode_long": "The Advent Review and Sabbath Herald, vol. 78 January 22,  1901, page 57 paragraph 5",
    "element_type": "p",
    "element_subtype": "blockquote-indented",
    "content": "Mr. Mabini said that he saw the Americans persisted in reducing the Filipinos to the hard alternative of dishonesty or death; and that since this was so, he would prefer to behave himself as an honest man, who puts above all his duties his honor. Between dishonesty and death, it was his duty to prefer the latter.",
    "puborder": 163,
    "translations": []
  },
  {
    "para_id": "1064.175",
    "id_prev": "1064.174",
    "id_next": "1064.176",
    "refcode_1": "ARSH",
    "refcode_2": "57",
    "refcode_3": "6",
    "refcode_4": "1901",
    "refcode_short": "ARSH January 22,  1901, page 57.6",
    "refcode_long": "The Advent Review and Sabbath Herald, vol. 78 January 22,  1901, page 57 paragraph 6",
    "element_type": "p",
    "element_subtype": "standard-indented",
    "content": "To what pass has the government of the United States come when by its highest possible representative, the personal representative of its president, the chosen standard of comparison in government is &ldquo;Russia and Turkey&rdquo;! Is that the government founded by the Fathers?",
    "puborder": 164,
    "translations": []
  },
  {
    "para_id": "1064.176",
    "id_prev": "1064.175",
    "id_next": "1064.177",
    "refcode_1": "ARSH",
    "refcode_2": "57",
    "refcode_3": "7",
    "refcode_4": "1901",
    "refcode_short": "ARSH January 22,  1901, page 57.7",
    "refcode_long": "The Advent Review and Sabbath Herald, vol. 78 January 22,  1901, page 57 paragraph 7",
    "element_type": "p",
    "element_subtype": "standard-indented",
    "content": "And the commission &ldquo;are not authorized to discuss abstract matters,&rdquo; such as &ldquo;the principles upon which the American Constitution rests&rdquo;&mdash;&ldquo;sovereignty rests with the people by natural right,&rdquo; etc., etc.; but have &ldquo;<em>orders</em> to make their view prevail <em>by force</em>, when the views of the Filipinos are heard&rdquo;!",
    "puborder": 165,
    "translations": []
  },
  {
    "para_id": "1064.177",
    "id_prev": "1064.176",
    "id_next": "1064.178",
    "refcode_1": "ARSH",
    "refcode_2": "57",
    "refcode_3": "8",
    "refcode_4": "1901",
    "refcode_short": "ARSH January 22,  1901, page 57.8",
    "refcode_long": "The Advent Review and Sabbath Herald, vol. 78 January 22,  1901, page 57 paragraph 8",
    "element_type": "p",
    "element_subtype": "standard-indented",
    "content": "But from whom did the commission get such &ldquo;orders&rdquo; as these? Bear in mind that that commission was not created by Congress: it is the &ldquo;personal representative of the President.&rdquo; The commission, not being created by Congress, has not from Congress any &ldquo;orders&rdquo; of any kind, nor any instruction of any kind. Being the &ldquo;personal representative of the President,&rdquo; all the &ldquo;orders&rdquo; the commission could receive, could be only from the President himself. Then from whom did the commission receive &ldquo;<em>orders</em>&rdquo; to make their views &ldquo;prevail by force&rdquo;? And this without any authority, and instead of any authority, to discuss the principles upon which the American Constitution rests: making these only &ldquo;abstract matters&rdquo;&mdash;the metaphysical; and &ldquo;their views prevail by force&rdquo; the concrete&mdash;the practical.",
    "puborder": 166,
    "translations": []
  },
  {
    "para_id": "1064.178",
    "id_prev": "1064.177",
    "id_next": "1064.179",
    "refcode_1": "ARSH",
    "refcode_2": "57",
    "refcode_3": "9",
    "refcode_4": "1901",
    "refcode_short": "ARSH January 22,  1901, page 57.9",
    "refcode_long": "The Advent Review and Sabbath Herald, vol. 78 January 22,  1901, page 57 paragraph 9",
    "element_type": "p",
    "element_subtype": "standard-indented",
    "content": "That commission, not being the creation of Congress, and so having no instructions or directions from Congress, is not a creature of <em>law</em>. The Constitution being held not of its own force to extend to the Philippines, and it not having been extended there by Congress, the commission is not a creature of law, either statutory or Constitutional. The commission being only the &ldquo;personal representative of the President,&rdquo; receiving its &ldquo;orders&rdquo; only from him,&mdash;and that not from him as commander-in-chief of the armies and navies of the United States, but only as civil executive; because the commission is entirely civil, not military,&mdash;this makes the commission only the creature of <em>will</em>, and its government only a government of <em>will</em>, and not of <em>law</em>.",
    "puborder": 167,
    "translations": []
  },
  {
    "para_id": "1064.179",
    "id_prev": "1064.178",
    "id_next": "1064.180",
    "refcode_1": "ARSH",
    "refcode_2": "57",
    "refcode_3": "10",
    "refcode_4": "1901",
    "refcode_short": "ARSH January 22,  1901, page 57.10",
    "refcode_long": "The Advent Review and Sabbath Herald, vol. 78 January 22,  1901, page 57 paragraph 10",
    "element_type": "p",
    "element_subtype": "standard-indented",
    "content": "And will anybody say that this is not a repudiation by the United States of the principles of its Constitution as a Protestant and republican government? As a matter of fact it is the repudiation of all Constitutional principle clear back to Magna Charta, and even of the principle of Magna Charta itself, which at the time was repudiated by the pope, and resisted by the king. So that, as we have before shown in these columns, the present colonial course of the United States is not merely a going back from American principles to British, it is a leap over and back of all Anglo-Saxon history and principle to the times beyond Magna Charta, and to the <em>Roman</em> only.",
    "puborder": 168,
    "translations": []
  },
  {
    "para_id": "1064.180",
    "id_prev": "1064.179",
    "id_next": "1064.181",
    "refcode_1": "ARSH",
    "refcode_2": "57",
    "refcode_3": "11",
    "refcode_4": "1901",
    "refcode_short": "ARSH January 22,  1901, page 57.11",
    "refcode_long": "The Advent Review and Sabbath Herald, vol. 78 January 22,  1901, page 57 paragraph 11",
    "element_type": "p",
    "element_subtype": "standard-indented",
    "content": "The issue that brought forth Magna Charta was simply that &ldquo;a king should rule in England by <em>law</em>, and not by <em>force</em>, or rule not at all.&rdquo; And this principle written out and signed by the king, in Magna Charta, King John, of England, had to accept, or not be crowned. True, the pope repudiated it, and released the king from his oath and the binding obligation of his signature; but against pope and king, the kingdom of England held the <em>principle</em>, and the Charter.",
    "puborder": 169,
    "translations": []
  },
  {
    "para_id": "1064.181",
    "id_prev": "1064.180",
    "id_next": "1064.182",
    "refcode_1": "ARSH",
    "refcode_2": "57",
    "refcode_3": "12",
    "refcode_4": "1901",
    "refcode_short": "ARSH January 22,  1901, page 57.12",
    "refcode_long": "The Advent Review and Sabbath Herald, vol. 78 January 22,  1901, page 57 paragraph 12",
    "element_type": "p",
    "element_subtype": "standard-indented",
    "content": "John&rsquo;s son, Henry III, also rejected the Charter, and thought to repudiate the principle, declaring: &ldquo;Whensoever, and wheresoever, and as often as it may be our pleasure, we may declare, interpret, enlarge, or diminish, the aforesaid statutes, and their several parts, by our own free will, and as to us shall seem expedient for the security of us and our land.&rdquo; But he, as John, was firmly met by the kingdom&rsquo;s insistence upon the right of the people and the supremacy of the law. In answer to the king&rsquo;s pronunciamento, an English judge, Bracton, set the voice of English law in words that are important to be remembered to-day, and by all generations. He declared: &ldquo;The king must not be subject to any man, but to God and the law, for <em>the law</em> makes him <em>king</em>. Let the king, therefore, <em>give to the law</em> what the <em>law gives to him, dominion</em> and <em>power;</em> for there is <em>no king</em> where <em>will</em>, and <em>not law</em>, bears rule.&rdquo; Again: &ldquo;The king <em>can do nothing on earth</em>, being the minister of God, <em>but what he can do</em> BY LAW: ... so that, if the king were without a bridle,&mdash;that is, the law,&mdash;they ought to put a bridle upon him.&rdquo;",
    "puborder": 170,
    "translations": []
  },
  {
    "para_id": "1064.182",
    "id_prev": "1064.181",
    "id_next": "1064.184",
    "refcode_1": "ARSH",
    "refcode_2": "57",
    "refcode_3": "13",
    "refcode_4": "1901",
    "refcode_short": "ARSH January 22,  1901, page 57.13",
    "refcode_long": "The Advent Review and Sabbath Herald, vol. 78 January 22,  1901, page 57 paragraph 13",
    "element_type": "p",
    "element_subtype": "standard-indented",
    "content": "Upon this it has been well observed: &ldquo;Let no Englishman, who lives under the rule of law, and not of will, forget that this privilege has been derived from a long line of forefathers; and that, although the eternal principles of justice depend not upon the precedents of ages, but may be asserted some day by any community with whom a continued despotism has made them &lsquo;native, and to the manner born,&rsquo; we have the security that the old tree of liberty stands in the old earth, and that a short-lived trunk has not been thrust into a new soil, to bear a green leaf or two and then to die.&rdquo;",
    "puborder": 171,
    "translations": []
  },
  {
    "para_id": "1064.184",
    "id_prev": "1064.182",
    "id_next": "1064.185",
    "refcode_1": "ARSH",
    "refcode_2": "59",
    "refcode_3": "",
    "refcode_4": "1901",
    "refcode_short": "ARSH January 22,  1901, page 59",
    "refcode_long": "The Advent Review and Sabbath Herald, vol. 78 January 22,  1901, page 59",
    "element_type": "h5",
    "element_subtype": "",
    "content": "&ldquo;Will Your Church Act?&rdquo; Advent Review and Sabbath Herald 78, 4, p. 59.",
    "puborder": 172,
    "translations": []
  },
  {
    "para_id": "1064.185",
    "id_prev": "1064.184",
    "id_next": "1064.186",
    "refcode_1": "ARSH",
    "refcode_2": "59",
    "refcode_3": "1",
    "refcode_4": "1901",
    "refcode_short": "ARSH January 22,  1901, page 59.1",
    "refcode_long": "The Advent Review and Sabbath Herald, vol. 78 January 22,  1901, page 59 paragraph 1",
    "element_type": "p",
    "element_subtype": "standard-indented",
    "content": "AS a people we are being tested to see if we love God more than the world. We have been told that He is testing us over &ldquo;Christ&rsquo;s Object Lessons.&rdquo; These words are full of meaning: &ldquo;Have faith in God. He gave me the idea of giving &lsquo;Christ&rsquo;s Object Lessons&rsquo; for the relief of the schools. He is testing His people and institutions in this thing, to see if they will work together and be of one mind in self-denial and self-sacrifice. Carry forward this work without flinching, in the name of the Lord. Let God&rsquo;s plan be vindicated.&rdquo;",
    "puborder": 173,
    "translations": []
  },
  {
    "para_id": "1064.186",
    "id_prev": "1064.185",
    "id_next": "1064.187",
    "refcode_1": "ARSH",
    "refcode_2": "59",
    "refcode_3": "2",
    "refcode_4": "1901",
    "refcode_short": "ARSH January 22,  1901, page 59.2",
    "refcode_long": "The Advent Review and Sabbath Herald, vol. 78 January 22,  1901, page 59 paragraph 2",
    "element_type": "p",
    "element_subtype": "standard-indented",
    "content": "He has told every member of the Church that he would receive a blessing if he would take this book and present it to the people. It is present truth. The Lord has also said that some should receive special preparation, in order that they may carry the truth to the people. &ldquo;If our church-members were awake, they would multiply their resources; they would send men and women to our schools, not to go through a long course of study, but to learn quickly, and to go out into the field.&rdquo;",
    "puborder": 174,
    "translations": []
  },
  {
    "para_id": "1064.187",
    "id_prev": "1064.186",
    "id_next": "1064.188",
    "refcode_1": "ARSH",
    "refcode_2": "59",
    "refcode_3": "3",
    "refcode_4": "1901",
    "refcode_short": "ARSH January 22,  1901, page 59.3",
    "refcode_long": "The Advent Review and Sabbath Herald, vol. 78 January 22,  1901, page 59 paragraph 3",
    "element_type": "p",
    "element_subtype": "standard-indented",
    "content": "The Battle Creek College, realizing that the time to act is just now, will begin a course of study, January 29, extending to April 23, for those who wish to receive a preparation that will enable them to help their home churches, and to carry the book intelligently to a large class of people who are waiting to receive it. Is your church preparing to send some one to receive this special training? <em>If not</em>, <em>why not?</em> Write at once, for special announcement, to the president of Battle Creek College.",
    "puborder": 175,
    "translations": []
  }
]