[
  {
    "para_id": "910.427",
    "id_prev": "910.425",
    "id_next": "910.428",
    "refcode_1": "BHOTV3",
    "refcode_2": "101",
    "refcode_3": "",
    "refcode_4": "14",
    "refcode_short": "BHOTV3 101",
    "refcode_long": "Bible History Old Testament Vol. 3, p. 101 (Alfred Edersheim)",
    "element_type": "h3",
    "element_subtype": "",
    "content": "Chapter 14",
    "puborder": 254,
    "translations": []
  },
  {
    "para_id": "910.428",
    "id_prev": "910.427",
    "id_next": "910.429",
    "refcode_1": "BHOTV3",
    "refcode_2": "101",
    "refcode_3": "",
    "refcode_4": "",
    "refcode_short": "",
    "refcode_long": "",
    "element_type": "p",
    "element_subtype": "center",
    "content": "<em>Othniel&mdash;Ehud&mdash;Shamgar</em>",
    "puborder": 255,
    "translations": []
  },
  {
    "para_id": "910.429",
    "id_prev": "910.428",
    "id_next": "910.430",
    "refcode_1": "BHOTV3",
    "refcode_2": "101",
    "refcode_3": "",
    "refcode_4": "",
    "refcode_short": "",
    "refcode_long": "",
    "element_type": "p",
    "element_subtype": "center",
    "content": "(<span class=\"egwlink egwlink_bible\" title=\"Judges 3:5\" data-link=\"1965.13370\">Judges 3:5-31</span>)",
    "puborder": 256,
    "translations": []
  },
  {
    "para_id": "910.430",
    "id_prev": "910.429",
    "id_next": "910.431",
    "refcode_1": "BHOTV3",
    "refcode_2": "101",
    "refcode_3": "1",
    "refcode_4": "",
    "refcode_short": "BHOTV3 101.1",
    "refcode_long": "Bible History Old Testament Vol. 3, p. 101.1 (Alfred Edersheim)",
    "element_type": "p",
    "element_subtype": "standard-indented",
    "content": "THE first scene presented in the history of the Judges is that of Israel&rsquo;s intermarriage with the heathen around, and their doing &ldquo;evil in the sight of Jehovah,&rdquo; forgetting Him, and serving &ldquo;Baalim and the groves.&rdquo; <sup class=\"footnote\"><a class=\"footnote\">1<span class=\"footnote\">&ldquo;Baalim and the Astartes&rdquo; (Ashtaroth or Asheroth). So literally.</span></a></sup> And the first &ldquo;judgment&rdquo; on their apostasy is, that they are &ldquo;sold&rdquo; by the Lord into the hand of &ldquo;Chushan-rishathaim, king of Mesopotamia,&rdquo; or rather of &ldquo;Aram-naharaim,&rdquo; &ldquo;the highland by the two streams&rdquo; (Euphrates and Tigris). Curiously enough, there is an ancient Persian tradition, according to which the monarchs of Iran, who held dominion &ldquo;by the streams,&rdquo; waged war against Egypt, Syria, and Asia Minor. Of their heroes, who are described as Cushan, or from the land of Chusistan (Scythians, Parthians?), the most notable is Rustan or Rastam, a name evidently akin to Rishathaim. <sup class=\"footnote\"><a class=\"footnote\">2<span class=\"footnote\">See Cassel&rsquo;s Comm. p. 33. Jewish tradition and most commentators translate the name: &ldquo;twofold sin,&rdquo; in supposed allusion to a twofold wrong against Israel. But this is, to say the least, a very strained explanation.</span></a></sup> And so ancient heathen records once more throw unexpected light upon the historical narratives of the Old Testament. The oppression had lasted full eight years when Israel &ldquo;cried <sup class=\"footnote\"><a class=\"footnote\">3<span class=\"footnote\">The same word as that used of Israel in <span class=\"egwlink egwlink_bible\" title=\"Exodus 2:23\" data-link=\"1965.3211\">Exodus 2:23</span>.</span></a></sup> unto Jehovah.&rdquo; The deliverer raised up for them was Othniel, the younger brother of Caleb, whose bravery had formerly gained him the hand of his wife (<span class=\"egwlink egwlink_bible\" title=\"Judges 1:12\" data-link=\"1965.13264\">1:12-15</span>). But his success now was not due to personal prowess.",
    "puborder": 257,
    "translations": []
  },
  {
    "para_id": "910.431",
    "id_prev": "910.430",
    "id_next": "910.433",
    "refcode_1": "BHOTV3",
    "refcode_2": "101",
    "refcode_3": "2",
    "refcode_4": "",
    "refcode_short": "BHOTV3 101.2",
    "refcode_long": "Bible History Old Testament Vol. 3, p. 101.2 (Alfred Edersheim)",
    "element_type": "p",
    "element_subtype": "standard-indented",
    "content": "&ldquo;The Spirit of Jehovah was <sup class=\"footnote\"><a class=\"footnote\">4<span class=\"footnote\">The expression here and in <span class=\"egwlink egwlink_bible\" title=\"Judges 11:29\" data-link=\"1965.13948\">11:29</span> is, &ldquo;was upon&rdquo; him; in <span class=\"egwlink egwlink_bible\" title=\"Judges 6:34\" data-link=\"1965.13603\">6:34</span>, it is &ldquo;clothed him;&rdquo; in <span class=\"egwlink egwlink_bible\" title=\"Judges 14:6\" data-link=\"1965.14065\">14:6, 19</span>; <span class=\"egwlink egwlink_bible\" title=\"Judges 15:14\" data-link=\"1965.14122\">15:14</span>, &ldquo;came upon&rdquo; or &ldquo;lighted upon.&rdquo; The attentive reader will note the important difference of meaning in each of these terms. In the first ease there is permanence&mdash;at least to carry out a special purpose; in the second, the idea is of surrounding, protecting, or enduing; and, in the third, of suddenness, implying a power, wholly from without, descending unexpectedly at the right moment, and then withdrawn. All have, however, this in common, that the influence comes straight from the Spirit of God.</span></a></sup> upon him, and he judged Israel, and went out to war.&rdquo; For the first time in the Book of Judges we meet here the statement, that &ldquo;the Spirit of Jehovah&rdquo; &ldquo;was upon,&rdquo; or &ldquo;clothed,&rdquo; or else &ldquo;came upon&rdquo; a person.",
    "puborder": 258,
    "translations": []
  },
  {
    "para_id": "910.433",
    "id_prev": "910.431",
    "id_next": "910.434",
    "refcode_1": "BHOTV3",
    "refcode_2": "102",
    "refcode_3": "1",
    "refcode_4": "",
    "refcode_short": "BHOTV3 102.1",
    "refcode_long": "Bible History Old Testament Vol. 3, p. 102.1 (Alfred Edersheim)",
    "element_type": "p",
    "element_subtype": "standard-indented",
    "content": "We naturally connect the expression with what we read of &ldquo;the manifold gifts of the Spirit&rdquo; as these are detailed in <span class=\"egwlink egwlink_bible\" title=\"Isaiah 11:2\" data-link=\"1965.36488\">Isaiah 11:2</span>, which were distributed to each as God pleased, and according to the necessity of the time (<span class=\"egwlink egwlink_bible\" title=\"1 Corinthians 12:11\" data-link=\"1965.58413\">1 Corinthians 12:11</span>). But, in thinking of these influences, we ought to bear two things in mind. First: although, in each case, the influence came straight from above&mdash;from the Spirit of God&mdash;for the accomplishment of a special purpose, it was not necessarily, as under the New Testament dispensation, a sanctifying influence. Secondly: this influence must not be regarded as the same with the abiding presence of the Holy Spirit in the heart. This also belongs to the New Testament dispensation. In short, these gifts of the Holy Spirit were miraculous, rather than gracious&mdash;like the gifts in the early Church, rather than as &ldquo;the promise of the Father.&rdquo; In the case of Othniel, however, we note that the Spirit of God &ldquo;was upon&rdquo; him, and that, under His influence, &ldquo;he judged&rdquo; Israel&mdash;, even &ldquo;before he went out to war.&rdquo; And so, while ancient Jewish tradition in all other instances paraphrases the expression, &ldquo;the Spirit of the Lord,&rdquo; by &ldquo;the spirit of strength,&rdquo; in the case of Othniel&mdash;&ldquo;the lion of God&rdquo; <sup class=\"footnote\"><a class=\"footnote\">5<span class=\"footnote\">This, or else &ldquo;my lion is God,&rdquo; is the rendering of the name.</span></a></sup>&mdash;it renders it: &ldquo;the spirit of prophecy.&rdquo; A war so undertaken must have been successful, and &ldquo;the land had rest forty years.&rdquo; <sup class=\"footnote\"><a class=\"footnote\">6<span class=\"footnote\">The text does not make it clear whether Othniel died at the end of these forty years; only that he died after the land had obtained rest.</span></a></sup>",
    "puborder": 259,
    "translations": []
  },
  {
    "para_id": "910.434",
    "id_prev": "910.433",
    "id_next": "910.437",
    "refcode_1": "BHOTV3",
    "refcode_2": "102",
    "refcode_3": "2",
    "refcode_4": "",
    "refcode_short": "BHOTV3 102.2",
    "refcode_long": "Bible History Old Testament Vol. 3, p. 102.2 (Alfred Edersheim)",
    "element_type": "p",
    "element_subtype": "standard-indented",
    "content": "The next judgment to rebellious Israel came likewise from the east. Quite on the eastern boundary of Reuben and of Gad lay the land of Moab. One of the chieftains of its tribes, Eglon, <sup class=\"footnote\"><a class=\"footnote\">7<span class=\"footnote\">We infer that Eglon was not the king of all Moab, because in that case he would not have exchanged its capital Rabbath Moab for Jericho, and also from the fact that, after the death of Eglon and the destruction of his garrison, the war does not seem to have been carried on by either party.</span></a></sup> now allied himself with the old enemies of Israel, Ammon and Amalek, the former occupying the territory south of Reuben, the latter the districts in the far south-west, below Philistia. Eglon swept over the possessions of the trans-Jordanic tribes, crossed the river, and made Jericho, which was probably rebuilt as a town, though not as a fortress, his capital. <span class=\"page-break\" data-page=\"103\"></span> Having thus cut the land, as it were, into two, and occupied its center and garden, Eglon reduced Israel for eighteen years to servitude. At the end of that period the people once more &ldquo;cried unto the Lord,&rdquo; and &ldquo;the Lord raised them up a deliverer,&rdquo; although Holy Scripture does not say that in his mode of deliverance he acted under the influence of the Spirit of the Lord. In the peculiar circumstances of the case this silence is most significant.",
    "puborder": 260,
    "translations": []
  },
  {
    "para_id": "910.437",
    "id_prev": "910.434",
    "id_next": "910.438",
    "refcode_1": "BHOTV3",
    "refcode_2": "103",
    "refcode_3": "1",
    "refcode_4": "",
    "refcode_short": "BHOTV3 103.1",
    "refcode_long": "Bible History Old Testament Vol. 3, p. 103.1 (Alfred Edersheim)",
    "element_type": "p",
    "element_subtype": "standard-indented",
    "content": "The &ldquo;deliverer&rdquo; was &ldquo;Ehud (probably, the praised one), the son of Gera, a Benjamite, a man left-handed,&rdquo; or, as the original has it, &ldquo;shut up&rdquo; <sup class=\"footnote\"><a class=\"footnote\">8<span class=\"footnote\">Not paralyzed&mdash;the term occurs in <span class=\"egwlink egwlink_bible\" title=\"Psalm 69:15\" data-link=\"1965.30469\">Psalm 69:15</span>. Cassel has some very curious remarks on this subject. Benjamin means &ldquo;son of the right hand;&rdquo; yet it seems a peculiarity of Benjamin to have had left-handed warriors (see <span class=\"egwlink egwlink_bible\" title=\"Judges 20:16\" data-link=\"1965.14381\">Judges 20:16</span>). Similarly we read of certain African races, that they mostly fought with the left hand (Stobaeus, Ecl. phys. i. 52). The Roman hero, who, like Ehud delivered his country of its foreign oppressor, was Scavola&mdash;left-handed. The left was in ancient times the place of honor, because it was the weaker and less protected side (Xenoph. Cyrop. viii. 4). Similarly, the sea (in Hebrew, yam) was always regarded as the right side of a country&mdash;that of liberty, as it were.</span></a></sup> or &ldquo;weak&rdquo; &ldquo;as to his right hand.&rdquo; The conspiracy against Eglon was well planned. Ehud placed himself at the head of a deputation charged to bring Eglon &ldquo;a present,&rdquo; or, more probably, the regular tribute, as we gather from the similar use of the word in <span class=\"egwlink egwlink_bible\" title=\"2 Samuel 8:2\" data-link=\"1965.16710\">2 Samuel 8:2, 6</span>; <span class=\"egwlink egwlink_bible\" title=\"2 Samuel 17:3\" data-link=\"1965.17201\">17:3, 4</span>. But Ehud carried under his raiment a two-edged dagger, a cubit long; according to the LXX translation, about three-quarters of a foot. The tribute was delivered, no doubt with many protestations of humility and allegiance <sup class=\"footnote\"><a class=\"footnote\">9<span class=\"footnote\">The term used here is the same as ordinarily employed for the offering of gifts and sacrifices to the Deity.</span></a></sup> on the part of Ehud, and the deputation graciously dismissed.",
    "puborder": 261,
    "translations": []
  },
  {
    "para_id": "910.438",
    "id_prev": "910.437",
    "id_next": "910.441",
    "refcode_1": "BHOTV3",
    "refcode_2": "103",
    "refcode_3": "2",
    "refcode_4": "",
    "refcode_short": "BHOTV3 103.2",
    "refcode_long": "Bible History Old Testament Vol. 3, p. 103.2 (Alfred Edersheim)",
    "element_type": "p",
    "element_subtype": "standard-indented",
    "content": "It was needful for his plan, and probably in accordance with his wish to involve no one else in the risk, that the rest should be done by Ehud alone. Having seen his fellow-countrymen safely beyond &ldquo;the quarries that were by Gilgal,&rdquo; or, rather, as the term implies, beyond &ldquo;the terminal columns&rdquo; (always objects of idolatrous worship), that divided the territory of Eglon from that of Israel, he returned to the king, whose <span class=\"page-break\" data-page=\"104\"></span> confidence his former appearance had no doubt secured. The narrative here is exceedingly graphic. The king is no longer in the palace where the deputation had been received, but in his &ldquo;upper chamber of cooling,&rdquo; <sup class=\"footnote\"><a class=\"footnote\">10<span class=\"footnote\">So literally.</span></a></sup> a delicious summer-retreat built out upon the end of the flat roof. Ehud professes to have &ldquo;a secret errand,&rdquo; which had brought him back when his companions were gone.",
    "puborder": 262,
    "translations": []
  },
  {
    "para_id": "910.441",
    "id_prev": "910.438",
    "id_next": "910.442",
    "refcode_1": "BHOTV3",
    "refcode_2": "104",
    "refcode_3": "1",
    "refcode_4": "",
    "refcode_short": "BHOTV3 104.1",
    "refcode_long": "Bible History Old Testament Vol. 3, p. 104.1 (Alfred Edersheim)",
    "element_type": "p",
    "element_subtype": "standard-indented",
    "content": "All the more that he does not ask for the withdrawal of the king&rsquo;s attendants does Eglon bid him be &ldquo;Silent!&rdquo; in their presence, which, of course, is the signal for their retirement. Alone with the king, Ehud saith, in a manner not uncommon in the East: &ldquo;I have a message from God unto thee,&rdquo; on which Eglon, in token of reverence, rises from his seat. <sup class=\"footnote\"><a class=\"footnote\">11<span class=\"footnote\">It was common in antiquity to rise when receiving a direct message from the king. This is the origin of the liturgical practice of rising when the Gospel is read.</span></a></sup> This is the favorable moment, and, in an instant, Ehud has plunged his dagger up to the hilt into the lower part of his body, with such force that the blade came out behind. <sup class=\"footnote\"><a class=\"footnote\">12<span class=\"footnote\">The text means only this, and not as in the Authorized Version.</span></a></sup> Not pausing for a moment, Ehud retires, closes and locks the doors upon the murdered king, and escapes beyond the boundary.",
    "puborder": 263,
    "translations": []
  },
  {
    "para_id": "910.442",
    "id_prev": "910.441",
    "id_next": "910.443",
    "refcode_1": "BHOTV3",
    "refcode_2": "104",
    "refcode_3": "2",
    "refcode_4": "",
    "refcode_short": "BHOTV3 104.2",
    "refcode_long": "Bible History Old Testament Vol. 3, p. 104.2 (Alfred Edersheim)",
    "element_type": "p",
    "element_subtype": "standard-indented",
    "content": "Meanwhile the king&rsquo;s attendants, finding the room locked, have waited, till, at last, they deem it necessary to break open the doors. The horror and confusion consequent upon the discovery of the murder have given Ehud still further time. And now the preconcerted signal is heard. The shrill blast of the trumpet in Seirath (perhaps the &ldquo;hairy&rdquo; or &ldquo;wooded&rdquo;) wakes the echoes of Mount Ephraim. All around from their hiding troop the men of Israel. The first object is to haste back towards Jericho and take the fords of Jordan, so as to allow neither help to come, nor fugitives to escape; the next to destroy the garrison of Moab. In both, Israelare successful, and, &ldquo;at that time&rdquo;&mdash;of course, not on that precise day&mdash;10,000 of Moab are slain, all of them, as we should say, fine men and brave soldiers. &ldquo;And the land had rest fourscore years.&rdquo;",
    "puborder": 264,
    "translations": []
  },
  {
    "para_id": "910.443",
    "id_prev": "910.442",
    "id_next": "910.446",
    "refcode_1": "BHOTV3",
    "refcode_2": "104",
    "refcode_3": "3",
    "refcode_4": "",
    "refcode_short": "BHOTV3 104.3",
    "refcode_long": "Bible History Old Testament Vol. 3, p. 104.3 (Alfred Edersheim)",
    "element_type": "p",
    "element_subtype": "standard-indented",
    "content": "Ancient history, both Greek and Roman, records similar stories, <sup class=\"footnote\"><a class=\"footnote\">13<span class=\"footnote\">Thucyd. vi. 56; Polyb. v. 81; Plut. Caesar, 86; Curtius, vii. 2, 27; comp. Cassel, u.s.</span></a></sup> and, where the murderer has been a patriot, elevates him to the highest pinnacle of heroism. Nay, even Christian <span class=\"page-break\" data-page=\"105\"></span> history records like instances, as in the murder of Henry III and Henry IV of France, the former, even in its details, so like the deed of Ehud. But strikingly different from the toleration, and even commendation, of such deeds by the Papacy <sup class=\"footnote\"><a class=\"footnote\">14<span class=\"footnote\">Ranke, Franzos. Gesch. 1 p. 171; 473.</span></a></sup> is the judgment of the Old Testament. Its silence is here severest condemnation. It needed not cunning and murder to effect deliverance. Not one word of palliation or excuse is said for this deed. It was not under the influence of &ldquo;the Spirit of Jehovah&rdquo; that such deliverance was wrought, nor is it said of Ehud, as of Othniel, that he &ldquo;judged Israel.&rdquo; Even Jewish tradition <sup class=\"footnote\"><a class=\"footnote\">15<span class=\"footnote\">Ber. Rabba, c. 89.</span></a></sup> compares Ehud to the &ldquo;ravening wolf&rdquo; which had been the early emblem of his tribe, Benjamin (<span class=\"egwlink egwlink_bible\" title=\"Genesis 49:27\" data-link=\"1965.3053\">Genesis 49:27</span>).",
    "puborder": 265,
    "translations": []
  },
  {
    "para_id": "910.446",
    "id_prev": "910.443",
    "id_next": "910.448",
    "refcode_1": "BHOTV3",
    "refcode_2": "105",
    "refcode_3": "1",
    "refcode_4": "",
    "refcode_short": "BHOTV3 105.1",
    "refcode_long": "Bible History Old Testament Vol. 3, p. 105.1 (Alfred Edersheim)",
    "element_type": "p",
    "element_subtype": "standard-indented",
    "content": "It must have been during this period of eighty yearsrest, <sup class=\"footnote\"><a class=\"footnote\">16<span class=\"footnote\">This view is also taken by Jewish interpreters, though not by Josephus.</span></a></sup> that another danger at least threatened Benjamin. This time it came from an opposite direction&mdash;from the west, where the Philistines held possession. &ldquo;After&rdquo; Ehud (<span class=\"egwlink egwlink_bible\" title=\"Judges 3:31\" data-link=\"1965.13422\">3:31</span>), that is, after his example, a notable exploit was performed by Shamgar (&ldquo;the name of a stranger&rdquo;?). Under the impulse of sudden sacred enthusiasm, he seized, as the first weapon to hand, an ox-goad, commonly used to urge on the oxen in ploughing. The weapon is formidable enough, being generally about eight feet long, and six inches round at the handle, which is furnished with an iron horn to loosen the earth off the plough, while the other end is armed with a long iron spike. With this weapon he slew no fewer than 600 Philistines, whom, probably, panic seized on his appearance. <sup class=\"footnote\"><a class=\"footnote\">17<span class=\"footnote\">Greek legend has a similar story of Lycurgos chasing Dionysos and the Bacchantes with an ox-goad (Il. vi. 135).</span></a></sup> The exploit seems to have been solitary, and we read neither of further war, nor yet of Shamgar&rsquo;s rule, only that for the time the danger of a Philistine incursion was averted.",
    "puborder": 266,
    "translations": []
  }
]