[
  {
    "para_id": "14029.336",
    "id_prev": "14029.334",
    "id_next": "14029.337",
    "refcode_1": "Te-SG",
    "refcode_2": "36",
    "refcode_3": "",
    "refcode_4": "41",
    "refcode_short": "Te-SG 36",
    "refcode_long": "Temperance -- Study Guide, p. 36 (Ellen G. White Estate)",
    "element_type": "h3",
    "element_subtype": "",
    "content": "The Sense of Moral Obligation",
    "puborder": 298,
    "translations": []
  },
  {
    "para_id": "14029.337",
    "id_prev": "14029.336",
    "id_next": "14029.338",
    "refcode_1": "Te-SG",
    "refcode_2": "36",
    "refcode_3": "1",
    "refcode_4": "",
    "refcode_short": "Te-SG 36.1",
    "refcode_long": "Temperance -- Study Guide, p. 36.1 (Ellen G. White Estate)",
    "element_type": "p",
    "element_subtype": "standard-indented",
    "content": "pages 213-216",
    "puborder": 299,
    "translations": []
  },
  {
    "para_id": "14029.338",
    "id_prev": "14029.337",
    "id_next": "14029.339",
    "refcode_1": "Te-SG",
    "refcode_2": "36",
    "refcode_3": "2",
    "refcode_4": "",
    "refcode_short": "Te-SG 36.2",
    "refcode_long": "Temperance -- Study Guide, p. 36.2 (Ellen G. White Estate)",
    "element_type": "p",
    "element_subtype": "standard-indented",
    "content": "1. &ldquo;We are to ________________ from a ________________ and religious standpoint.&rdquo; (<span class=\"egwlink egwlink_book\" title=\"Te 213.1\" data-link=\"110.1207\">213</span>)",
    "puborder": 300,
    "translations": []
  },
  {
    "para_id": "14029.339",
    "id_prev": "14029.338",
    "id_next": "14029.340",
    "refcode_1": "Te-SG",
    "refcode_2": "36",
    "refcode_3": "3",
    "refcode_4": "",
    "refcode_short": "Te-SG 36.3",
    "refcode_long": "Temperance -- Study Guide, p. 36.3 (Ellen G. White Estate)",
    "element_type": "p",
    "element_subtype": "standard-indented",
    "content": "2. &ldquo;As Christ&rsquo;s followers, we should in ________________ and ________________, act from ________________.&rdquo; (<span class=\"egwlink egwlink_book\" title=\"Te 213.1\" data-link=\"110.1207\">213</span>)",
    "puborder": 301,
    "translations": []
  },
  {
    "para_id": "14029.340",
    "id_prev": "14029.339",
    "id_next": "14029.341",
    "refcode_1": "Te-SG",
    "refcode_2": "36",
    "refcode_3": "4",
    "refcode_4": "",
    "refcode_short": "Te-SG 36.4",
    "refcode_long": "Temperance -- Study Guide, p. 36.4 (Ellen G. White Estate)",
    "element_type": "p",
    "element_subtype": "standard-indented",
    "content": "3. Many feel they can please themselves and do what they like because they have freedom of choice. Consider the statement:&ldquo;No, you have no moral right&rdquo; to do as you please. Why not? (<span class=\"egwlink egwlink_book\" title=\"Te 213.1\" data-link=\"110.1207\">213</span>)",
    "puborder": 302,
    "translations": []
  },
  {
    "para_id": "14029.341",
    "id_prev": "14029.340",
    "id_next": "14029.342",
    "refcode_1": "Te-SG",
    "refcode_2": "36",
    "refcode_3": "5",
    "refcode_4": "",
    "refcode_short": "Te-SG 36.5",
    "refcode_long": "Temperance -- Study Guide, p. 36.5 (Ellen G. White Estate)",
    "element_type": "p",
    "element_subtype": "standard-indented",
    "content": "4. A choice for intemperance and &ldquo;willful deviation from obedience to this law is as certainly ________________ as a ________________ of the moral law.&rdquo; (<span class=\"egwlink egwlink_book\" title=\"Te 213.1\" data-link=\"110.1207\">213-214</span>)",
    "puborder": 303,
    "translations": []
  },
  {
    "para_id": "14029.342",
    "id_prev": "14029.341",
    "id_next": "14029.343",
    "refcode_1": "Te-SG",
    "refcode_2": "36",
    "refcode_3": "6",
    "refcode_4": "",
    "refcode_short": "Te-SG 36.6",
    "refcode_long": "Temperance -- Study Guide, p. 36.6 (Ellen G. White Estate)",
    "element_type": "p",
    "element_subtype": "standard-indented",
    "content": "5. Can we do anything we like to achieve our goal? Consider this statement: &ldquo;We must strive ________________, if we would win the ________________ of eternal life.&rdquo; (<span class=\"egwlink egwlink_book\" title=\"Te 214.1\" data-link=\"110.1214\">214</span>)",
    "puborder": 304,
    "translations": []
  },
  {
    "para_id": "14029.343",
    "id_prev": "14029.342",
    "id_next": "14029.345",
    "refcode_1": "Te-SG",
    "refcode_2": "36",
    "refcode_3": "7",
    "refcode_4": "",
    "refcode_short": "Te-SG 36.7",
    "refcode_long": "Temperance -- Study Guide, p. 36.7 (Ellen G. White Estate)",
    "element_type": "p",
    "element_subtype": "standard-indented",
    "content": "6. What will be the result if we can arouse the moral sensibilities of our people on the subject of temperance? (<span class=\"egwlink egwlink_book\" title=\"Te 215.1\" data-link=\"110.1219\">215</span>)",
    "puborder": 305,
    "translations": []
  }
]