[
  {
    "para_id": "35.2501",
    "id_prev": "35.2499",
    "id_next": "35.2502",
    "refcode_1": "GW",
    "refcode_2": "483",
    "refcode_3": "",
    "refcode_4": "103",
    "refcode_short": "GW 483",
    "refcode_long": "Gospel Workers (1915 ed.), p. 483 (Ellen Gould White)",
    "element_type": "h3",
    "element_subtype": "",
    "content": "Unity in Diversity",
    "puborder": 1858,
    "translations": [
      {
        "para_id": "610.2285",
        "lang": "de",
        "refcode": "DEV 418"
      },
      {
        "para_id": "209.2590",
        "lang": "es",
        "refcode": "OE 498"
      },
      {
        "para_id": "196.2482",
        "lang": "fr",
        "refcode": "ME 471"
      },
      {
        "para_id": "12872.2390",
        "lang": "id",
        "refcode": "PI 415"
      },
      {
        "para_id": "11978.2276",
        "lang": "nb",
        "refcode": "ET 357"
      },
      {
        "para_id": "11639.2148",
        "lang": "nb",
        "refcode": "EVTJ 357"
      },
      {
        "para_id": "12110.2286",
        "lang": "pl",
        "refcode": "SE 319"
      },
      {
        "para_id": "1736.2426",
        "lang": "pt",
        "refcode": "OE 483"
      },
      {
        "para_id": "2714.2491",
        "lang": "ro",
        "refcode": "SEv 483"
      },
      {
        "para_id": "1826.2396",
        "lang": "ru",
        "refcode": "СЕ 483"
      },
      {
        "para_id": "11667.2856",
        "lang": "sr",
        "refcode": "EP 354"
      }
    ]
  },
  {
    "para_id": "35.2502",
    "id_prev": "35.2501",
    "id_next": "35.2503",
    "refcode_1": "GW",
    "refcode_2": "483",
    "refcode_3": "1",
    "refcode_4": "",
    "refcode_short": "GW 483.1",
    "refcode_long": "Gospel Workers (1915 ed.), p. 483.1 (Ellen Gould White)",
    "element_type": "p",
    "element_subtype": "standard-indented",
    "content": "God has different ways of working, and He has different workmen to whom He entrusts varied gifts. One worker may be a ready speaker; another a ready writer; another may have the gift of sincere, earnest, fervent prayer; another the gift of singing; another may have special power to explain the word of God with clearness. And each gift is to become a power for God, because He works with the laborer. To one God gives the word of wisdom, to another knowledge, to another faith; but all are to work under the same Head. The diversity of gifts leads to a diversity of operations; but &ldquo;it is the same God which worketh all in all.&rdquo; [<span class=\"egwlink egwlink_bible\" title=\"1 Corinthians 12:6\" data-link=\"1965.58403\">1 Corinthians 12:6</span>.]",
    "puborder": 1859,
    "translations": [
      {
        "para_id": "610.2286",
        "lang": "de",
        "refcode": "DEV 418.4"
      },
      {
        "para_id": "209.2591",
        "lang": "es",
        "refcode": "OE 498.1"
      },
      {
        "para_id": "196.2483",
        "lang": "fr",
        "refcode": "ME 471.1"
      },
      {
        "para_id": "12872.2391",
        "lang": "id",
        "refcode": "PI 415.1"
      },
      {
        "para_id": "11978.2277",
        "lang": "nb",
        "refcode": "ET 357.1"
      },
      {
        "para_id": "11639.2149",
        "lang": "nb",
        "refcode": "EVTJ 357.1"
      },
      {
        "para_id": "12110.2287",
        "lang": "pl",
        "refcode": "SE 319.1"
      },
      {
        "para_id": "1736.2427",
        "lang": "pt",
        "refcode": "OE 483.1"
      },
      {
        "para_id": "2714.2492",
        "lang": "ro",
        "refcode": "SEv 483.1"
      },
      {
        "para_id": "1826.2397",
        "lang": "ru",
        "refcode": "СЕ 483.1"
      },
      {
        "para_id": "11667.2857",
        "lang": "sr",
        "refcode": "EP 354.3"
      }
    ]
  },
  {
    "para_id": "35.2503",
    "id_prev": "35.2502",
    "id_next": "35.2505",
    "refcode_1": "GW",
    "refcode_2": "483",
    "refcode_3": "2",
    "refcode_4": "",
    "refcode_short": "GW 483.2",
    "refcode_long": "Gospel Workers (1915 ed.), p. 483.2 (Ellen Gould White)",
    "element_type": "p",
    "element_subtype": "standard-indented",
    "content": "The Lord desires His chosen servants to learn how to unite in harmonious effort. It may seem to some that the contrast between their gifts and the gifts of a fellow-laborer is too great to allow them to unite in harmonious effort; but when they remember that there are varied minds to be reached, and that some will reject the truth as it is presented by one laborer, only to open their hearts to God&apos;s truth as it is presented in a different manner by another laborer, they will hopefully endeavor to labor together in unity. Their talents, however diverse, may all be under the control of the same Spirit. In every word and act, kindness and love will be revealed; and as each worker fills his appointed place faithfully, the prayer of Christ for the unity of His followers will be answered, and the world will know that these are His disciples.",
    "puborder": 1860,
    "translations": [
      {
        "para_id": "610.2289",
        "lang": "de",
        "refcode": "DEV 419.1"
      },
      {
        "para_id": "209.2592",
        "lang": "es",
        "refcode": "OE 498.2"
      },
      {
        "para_id": "196.2484",
        "lang": "fr",
        "refcode": "ME 471.2"
      },
      {
        "para_id": "12872.2392",
        "lang": "id",
        "refcode": "PI 415.2"
      },
      {
        "para_id": "11639.2150",
        "lang": "nb",
        "refcode": "EVTJ 357.2"
      },
      {
        "para_id": "11978.2278",
        "lang": "nb",
        "refcode": "ET 357.2"
      },
      {
        "para_id": "12110.2288",
        "lang": "pl",
        "refcode": "SE 319.2"
      },
      {
        "para_id": "1736.2428",
        "lang": "pt",
        "refcode": "OE 483.2"
      },
      {
        "para_id": "2714.2493",
        "lang": "ro",
        "refcode": "SEv 483.2"
      },
      {
        "para_id": "1826.2398",
        "lang": "ru",
        "refcode": "СЕ 483.2"
      },
      {
        "para_id": "11667.2858",
        "lang": "sr",
        "refcode": "EP 354.4"
      }
    ]
  },
  {
    "para_id": "35.2505",
    "id_prev": "35.2503",
    "id_next": "35.2506",
    "refcode_1": "GW",
    "refcode_2": "484",
    "refcode_3": "1",
    "refcode_4": "",
    "refcode_short": "GW 484.1",
    "refcode_long": "Gospel Workers (1915 ed.), p. 484.1 (Ellen Gould White)",
    "element_type": "p",
    "element_subtype": "standard-indented",
    "content": "In loving sympathy and confidence God&apos;s workers are to unite with one another. He who says or does anything that tends to separate the members of Christ&apos;s church, is counterworking the Lord&apos;s purpose. Wrangling and dissension in the church, the encouragement of suspicion and unbelief, are dishonoring to Christ. God desires His servants to cultivate Christian affection for one another. True religion unites hearts, not only with Christ, but with one another, in a most tender union. When we know what it means to be thus united with Christ, and with our brethren, a fragrant influence will attend our work wherever we go.",
    "puborder": 1861,
    "translations": [
      {
        "para_id": "610.2290",
        "lang": "de",
        "refcode": "DEV 419.2"
      },
      {
        "para_id": "209.2595",
        "lang": "es",
        "refcode": "OE 499.1"
      },
      {
        "para_id": "196.2487",
        "lang": "fr",
        "refcode": "ME 472.1"
      },
      {
        "para_id": "12872.2393",
        "lang": "id",
        "refcode": "PI 415.3"
      },
      {
        "para_id": "11978.2279",
        "lang": "nb",
        "refcode": "ET 357.3"
      },
      {
        "para_id": "11639.2151",
        "lang": "nb",
        "refcode": "EVTJ 357.3"
      },
      {
        "para_id": "12110.2289",
        "lang": "pl",
        "refcode": "SE 319.3"
      },
      {
        "para_id": "1736.2430",
        "lang": "pt",
        "refcode": "OE 484.1"
      },
      {
        "para_id": "2714.2495",
        "lang": "ro",
        "refcode": "SEv 484.1"
      },
      {
        "para_id": "1826.2400",
        "lang": "ru",
        "refcode": "СЕ 484.1"
      },
      {
        "para_id": "11667.2861",
        "lang": "sr",
        "refcode": "EP 355.1"
      }
    ]
  },
  {
    "para_id": "35.2506",
    "id_prev": "35.2505",
    "id_next": "35.2507",
    "refcode_1": "GW",
    "refcode_2": "484",
    "refcode_3": "2",
    "refcode_4": "",
    "refcode_short": "GW 484.2",
    "refcode_long": "Gospel Workers (1915 ed.), p. 484.2 (Ellen Gould White)",
    "element_type": "p",
    "element_subtype": "standard-indented",
    "content": "The workers in the large cities must act their several parts, making every effort to bring about the best results. They are to talk faith and to act in such a way as to impress the people. They are not to narrow the work down to their own particular ideas. In the past too much of this has been done by us as a people, and it has been a drawback to the success of the work....",
    "puborder": 1862,
    "translations": [
      {
        "para_id": "610.2293",
        "lang": "de",
        "refcode": "DEV 420.1"
      },
      {
        "para_id": "209.2596",
        "lang": "es",
        "refcode": "OE 499.2"
      },
      {
        "para_id": "196.2488",
        "lang": "fr",
        "refcode": "ME 472.2"
      },
      {
        "para_id": "12872.2396",
        "lang": "id",
        "refcode": "PI 416.1"
      },
      {
        "para_id": "11639.2152",
        "lang": "nb",
        "refcode": "EVTJ 357.4"
      },
      {
        "para_id": "11978.2280",
        "lang": "nb",
        "refcode": "ET 357.4"
      },
      {
        "para_id": "12110.2292",
        "lang": "pl",
        "refcode": "SE 320.1"
      },
      {
        "para_id": "1736.2431",
        "lang": "pt",
        "refcode": "OE 484.2"
      },
      {
        "para_id": "2714.2496",
        "lang": "ro",
        "refcode": "SEv 484.2"
      },
      {
        "para_id": "1826.2401",
        "lang": "ru",
        "refcode": "СЕ 484.2"
      },
      {
        "para_id": "11667.2862",
        "lang": "sr",
        "refcode": "EP 355.2"
      }
    ]
  },
  {
    "para_id": "35.2507",
    "id_prev": "35.2506",
    "id_next": "35.2509",
    "refcode_1": "GW",
    "refcode_2": "484",
    "refcode_3": "3",
    "refcode_4": "",
    "refcode_short": "GW 484.3",
    "refcode_long": "Gospel Workers (1915 ed.), p. 484.3 (Ellen Gould White)",
    "element_type": "p",
    "element_subtype": "standard-indented",
    "content": "No human being is to seek to bind other human beings to himself, as if he were to control them, telling them to do this, and forbidding them to do that, commanding, dictating, acting like an officer over a company of soldiers. This is the way the priests and rulers did in Christ&apos;s day, but it is not the right way. After the truth has made the impression upon hearts, and men and women have accepted its teachings, they are to be treated as the property of Christ, not as the property of man. In fastening minds to yourself, you lead them to disconnect from the Source of their wisdom and sufficiency. Their dependence must be wholly in God; only thus can they grow in grace.",
    "puborder": 1863,
    "translations": [
      {
        "para_id": "610.2294",
        "lang": "de",
        "refcode": "DEV 420.2"
      },
      {
        "para_id": "209.2597",
        "lang": "es",
        "refcode": "OE 499.3"
      },
      {
        "para_id": "196.2489",
        "lang": "fr",
        "refcode": "ME 472.3"
      },
      {
        "para_id": "12872.2397",
        "lang": "id",
        "refcode": "PI 416.2"
      },
      {
        "para_id": "11978.2283",
        "lang": "nb",
        "refcode": "ET 358.1"
      },
      {
        "para_id": "11639.2155",
        "lang": "nb",
        "refcode": "EVTJ 358.1"
      },
      {
        "para_id": "12110.2293",
        "lang": "pl",
        "refcode": "SE 320.2"
      },
      {
        "para_id": "1736.2432",
        "lang": "pt",
        "refcode": "OE 484.3"
      },
      {
        "para_id": "2714.2497",
        "lang": "ro",
        "refcode": "SEv 484.3"
      },
      {
        "para_id": "1826.2402",
        "lang": "ru",
        "refcode": "СЕ 484.3"
      },
      {
        "para_id": "11667.2863",
        "lang": "sr",
        "refcode": "EP 355.3"
      }
    ]
  },
  {
    "para_id": "35.2509",
    "id_prev": "35.2507",
    "id_next": "35.2510",
    "refcode_1": "GW",
    "refcode_2": "485",
    "refcode_3": "1",
    "refcode_4": "",
    "refcode_short": "GW 485.1",
    "refcode_long": "Gospel Workers (1915 ed.), p. 485.1 (Ellen Gould White)",
    "element_type": "p",
    "element_subtype": "standard-indented",
    "content": "However large may be a man&apos;s claim to knowledge and wisdom, unless he is under the teaching of the Holy Spirit, he is exceedingly ignorant of spiritual things. He needs to realize his danger and his inefficiency, and to place entire dependence upon the One who alone is able to keep the souls committed to His trust, able to imbue them with His Spirit, and to fill them with unselfish love for one another, thus enabling them to bear witness that God has sent His Son into the world to save sinners. Those who are truly converted will press together in Christian unity. Let there be no division in the church of God, no unwise authority exercised over those who accept the truth. The meekness of Christ is to appear in all that is said and done.",
    "puborder": 1864,
    "translations": [
      {
        "para_id": "610.2295",
        "lang": "de",
        "refcode": "DEV 420.3"
      },
      {
        "para_id": "209.2600",
        "lang": "es",
        "refcode": "OE 500.1"
      },
      {
        "para_id": "196.2492",
        "lang": "fr",
        "refcode": "ME 473.1"
      },
      {
        "para_id": "12872.2398",
        "lang": "id",
        "refcode": "PI 416.3"
      },
      {
        "para_id": "11978.2284",
        "lang": "nb",
        "refcode": "ET 358.2"
      },
      {
        "para_id": "11639.2156",
        "lang": "nb",
        "refcode": "EVTJ 358.2"
      },
      {
        "para_id": "12110.2294",
        "lang": "pl",
        "refcode": "SE 320.3"
      },
      {
        "para_id": "1736.2434",
        "lang": "pt",
        "refcode": "OE 485.1"
      },
      {
        "para_id": "2714.2499",
        "lang": "ro",
        "refcode": "SEv 485.1"
      },
      {
        "para_id": "1826.2404",
        "lang": "ru",
        "refcode": "СЕ 485.1"
      },
      {
        "para_id": "11667.2866",
        "lang": "sr",
        "refcode": "EP 356.1"
      }
    ]
  },
  {
    "para_id": "35.2510",
    "id_prev": "35.2509",
    "id_next": "35.2511",
    "refcode_1": "GW",
    "refcode_2": "485",
    "refcode_3": "2",
    "refcode_4": "",
    "refcode_short": "GW 485.2",
    "refcode_long": "Gospel Workers (1915 ed.), p. 485.2 (Ellen Gould White)",
    "element_type": "p",
    "element_subtype": "standard-indented",
    "content": "Christ is the foundation of every true church. We have His unalterable promise that His presence and protection will be given to His faithful ones who walk in His counsel. To the end of time Christ is to be first. He is the source of life and strength, of righteousness and holiness. And He is all this to those who wear His yoke and learn of Him how to be meek and lowly.",
    "puborder": 1865,
    "translations": [
      {
        "para_id": "610.2298",
        "lang": "de",
        "refcode": "DEV 421.1"
      },
      {
        "para_id": "209.2602",
        "lang": "es",
        "refcode": "OE 500.3"
      },
      {
        "para_id": "209.2601",
        "lang": "es",
        "refcode": "OE 500.2"
      },
      {
        "para_id": "196.2493",
        "lang": "fr",
        "refcode": "ME 473.2"
      },
      {
        "para_id": "12872.2401",
        "lang": "id",
        "refcode": "PI 417.1"
      },
      {
        "para_id": "11639.2157",
        "lang": "nb",
        "refcode": "EVTJ 358.3"
      },
      {
        "para_id": "11978.2285",
        "lang": "nb",
        "refcode": "ET 358.3"
      },
      {
        "para_id": "12110.2295",
        "lang": "pl",
        "refcode": "SE 320.4"
      },
      {
        "para_id": "1736.2435",
        "lang": "pt",
        "refcode": "OE 485.2"
      },
      {
        "para_id": "2714.2500",
        "lang": "ro",
        "refcode": "SEv 485.2"
      },
      {
        "para_id": "1826.2405",
        "lang": "ru",
        "refcode": "СЕ 485.2"
      },
      {
        "para_id": "11667.2867",
        "lang": "sr",
        "refcode": "EP 356.2"
      }
    ]
  },
  {
    "para_id": "35.2511",
    "id_prev": "35.2510",
    "id_next": "35.2513",
    "refcode_1": "GW",
    "refcode_2": "485",
    "refcode_3": "3",
    "refcode_4": "",
    "refcode_short": "GW 485.3",
    "refcode_long": "Gospel Workers (1915 ed.), p. 485.3 (Ellen Gould White)",
    "element_type": "p",
    "element_subtype": "standard-indented",
    "content": "The duty and delight of all service is to uplift Christ before the people. This is the end of all true labor. Let Christ appear; let self be hidden behind Him. This is self-sacrifice that is of worth.&mdash;<span class=\"egwlink egwlink_book\" title=\"9T 144.1\" data-link=\"115.794\">Testimonies for the Church 9:144-147</span>.",
    "puborder": 1866,
    "translations": [
      {
        "para_id": "610.2299",
        "lang": "de",
        "refcode": "DEV 421.2"
      },
      {
        "para_id": "209.2603",
        "lang": "es",
        "refcode": "OE 500.4"
      },
      {
        "para_id": "196.2494",
        "lang": "fr",
        "refcode": "ME 473.3"
      },
      {
        "para_id": "12872.2402",
        "lang": "id",
        "refcode": "PI 417.2"
      },
      {
        "para_id": "11639.2158",
        "lang": "nb",
        "refcode": "EVTJ 358.4"
      },
      {
        "para_id": "11978.2286",
        "lang": "nb",
        "refcode": "ET 358.4"
      },
      {
        "para_id": "12110.2296",
        "lang": "pl",
        "refcode": "SE 320.5"
      },
      {
        "para_id": "1736.2436",
        "lang": "pt",
        "refcode": "OE 485.3"
      },
      {
        "para_id": "2714.2501",
        "lang": "ro",
        "refcode": "SEv 485.3"
      },
      {
        "para_id": "1826.2406",
        "lang": "ru",
        "refcode": "СЕ 485.3"
      },
      {
        "para_id": "11667.2868",
        "lang": "sr",
        "refcode": "EP 356.3"
      }
    ]
  }
]