[
  {
    "para_id": "35.580",
    "id_prev": "35.579",
    "id_next": "35.581",
    "refcode_1": "GW",
    "refcode_2": "117",
    "refcode_3": "",
    "refcode_4": "27",
    "refcode_short": "GW 117",
    "refcode_long": "Gospel Workers (1915 ed.), p. 117 (Ellen Gould White)",
    "element_type": "h4",
    "element_subtype": "",
    "content": "Paul&apos;s Discretion",
    "puborder": 418,
    "translations": [
      {
        "para_id": "610.547",
        "lang": "de",
        "refcode": "DEV 103"
      },
      {
        "para_id": "209.641",
        "lang": "es",
        "refcode": "OE 123"
      },
      {
        "para_id": "196.588",
        "lang": "fr",
        "refcode": "ME 111"
      },
      {
        "para_id": "12872.572",
        "lang": "id",
        "refcode": "PI 102.2"
      },
      {
        "para_id": "12357.669",
        "lang": "ms",
        "refcode": "GI 165"
      },
      {
        "para_id": "11639.489",
        "lang": "nb",
        "refcode": "EVTJ 84"
      },
      {
        "para_id": "11978.524",
        "lang": "nb",
        "refcode": "ET 84"
      },
      {
        "para_id": "12110.542",
        "lang": "pl",
        "refcode": "SE 81"
      },
      {
        "para_id": "1736.592",
        "lang": "pt",
        "refcode": "OE 117"
      },
      {
        "para_id": "2714.578",
        "lang": "ro",
        "refcode": "SEv 117"
      },
      {
        "para_id": "1826.558",
        "lang": "ru",
        "refcode": "СЕ 117"
      },
      {
        "para_id": "11667.652",
        "lang": "sr",
        "refcode": "EP 86"
      }
    ]
  },
  {
    "para_id": "35.581",
    "id_prev": "35.580",
    "id_next": "35.584",
    "refcode_1": "GW",
    "refcode_2": "117",
    "refcode_3": "2",
    "refcode_4": "",
    "refcode_short": "GW 117.2",
    "refcode_long": "Gospel Workers (1915 ed.), p. 117.2 (Ellen Gould White)",
    "element_type": "p",
    "element_subtype": "standard-indented",
    "content": "The minister must not feel that the whole truth is to be spoken to unbelievers on any and every occasion. He should study carefully when to speak, what to say, and what to leave unsaid. This is not practicing deception; it is working as Paul worked. &ldquo;Though I be free from all men,&rdquo; he wrote to the Corinthians, &ldquo;yet have I made myself servant unto all, that I might gain the more. And unto the Jews I became as a Jew, that I might gain the Jews; to them that are under the law, as under the law, that I might gain them that are under the law; to them that are without law, as <span class=\"page-break\" data-page=\"118\"></span> without law, (being not without law to God, but under the law to Christ,) that I might gain them that are without law. To the weak became I as weak, that I might gain the weak: I am made all things to all men, that I might by all means save some.&rdquo; [<span class=\"egwlink egwlink_bible\" title=\"1 Corinthians 9:19\" data-link=\"1965.58238\">1 Corinthians 9:19-22</span>.]",
    "puborder": 419,
    "translations": [
      {
        "para_id": "610.548",
        "lang": "de",
        "refcode": "DEV 103.1"
      },
      {
        "para_id": "209.642",
        "lang": "es",
        "refcode": "OE 123.2"
      },
      {
        "para_id": "196.589",
        "lang": "fr",
        "refcode": "ME 111.2"
      },
      {
        "para_id": "12872.573",
        "lang": "id",
        "refcode": "PI 102.3"
      },
      {
        "para_id": "12357.670",
        "lang": "ms",
        "refcode": "GI 165.2"
      },
      {
        "para_id": "11639.490",
        "lang": "nb",
        "refcode": "EVTJ 84.2"
      },
      {
        "para_id": "11978.525",
        "lang": "nb",
        "refcode": "ET 84.2"
      },
      {
        "para_id": "12110.543",
        "lang": "pl",
        "refcode": "SE 81.3"
      },
      {
        "para_id": "1736.593",
        "lang": "pt",
        "refcode": "OE 117.3"
      },
      {
        "para_id": "2714.579",
        "lang": "ro",
        "refcode": "SEv 117.2"
      },
      {
        "para_id": "1826.559",
        "lang": "ru",
        "refcode": "СЕ 117.2"
      },
      {
        "para_id": "11667.653",
        "lang": "sr",
        "refcode": "EP 86.1"
      }
    ]
  },
  {
    "para_id": "35.584",
    "id_prev": "35.581",
    "id_next": "35.585",
    "refcode_1": "GW",
    "refcode_2": "118",
    "refcode_3": "1",
    "refcode_4": "",
    "refcode_short": "GW 118.1",
    "refcode_long": "Gospel Workers (1915 ed.), p. 118.1 (Ellen Gould White)",
    "element_type": "p",
    "element_subtype": "standard-indented",
    "content": "Paul did not approach the Jews in such a way as to arouse their prejudices. He did not at first tell them that they must believe in Jesus of Nazareth; but dwelt upon the prophecies that spoke of Christ, His mission and His work. Step by step he led his hearers on, showing the importance of honoring the law of God. He gave due honor to the ceremonial law, showing that it was Christ who instituted the Jewish economy and the sacrificial service. Then he brought them down to the first advent of the Redeemer, and showed that in the life and death of Christ every specification of the sacrificial service had been fulfilled.",
    "puborder": 420,
    "translations": [
      {
        "para_id": "610.549",
        "lang": "de",
        "refcode": "DEV 103.2"
      },
      {
        "para_id": "209.645",
        "lang": "es",
        "refcode": "OE 124.1"
      },
      {
        "para_id": "196.592",
        "lang": "fr",
        "refcode": "ME 112.1"
      },
      {
        "para_id": "12872.576",
        "lang": "id",
        "refcode": "PI 103.1"
      },
      {
        "para_id": "12357.673",
        "lang": "ms",
        "refcode": "GI 166.1"
      },
      {
        "para_id": "11978.526",
        "lang": "nb",
        "refcode": "ET 84.3"
      },
      {
        "para_id": "11639.491",
        "lang": "nb",
        "refcode": "EVTJ 84.3"
      },
      {
        "para_id": "12110.544",
        "lang": "pl",
        "refcode": "SE 81.4"
      },
      {
        "para_id": "1736.596",
        "lang": "pt",
        "refcode": "OE 118.1"
      },
      {
        "para_id": "2714.582",
        "lang": "ro",
        "refcode": "SEv 118.1"
      },
      {
        "para_id": "1826.562",
        "lang": "ru",
        "refcode": "СЕ 118.1"
      },
      {
        "para_id": "11667.654",
        "lang": "sr",
        "refcode": "EP 86.2"
      }
    ]
  },
  {
    "para_id": "35.585",
    "id_prev": "35.584",
    "id_next": "35.586",
    "refcode_1": "GW",
    "refcode_2": "118",
    "refcode_3": "2",
    "refcode_4": "",
    "refcode_short": "GW 118.2",
    "refcode_long": "Gospel Workers (1915 ed.), p. 118.2 (Ellen Gould White)",
    "element_type": "p",
    "element_subtype": "standard-indented",
    "content": "The Gentiles, Paul approached by exalting Christ, and then presenting the binding claims of the law. He showed how the light reflected by the cross of Calvary gave significance and glory to the whole Jewish economy.",
    "puborder": 421,
    "translations": [
      {
        "para_id": "610.552",
        "lang": "de",
        "refcode": "DEV 104.1"
      },
      {
        "para_id": "209.646",
        "lang": "es",
        "refcode": "OE 124.2"
      },
      {
        "para_id": "196.593",
        "lang": "fr",
        "refcode": "ME 112.2"
      },
      {
        "para_id": "12872.577",
        "lang": "id",
        "refcode": "PI 103.2"
      },
      {
        "para_id": "12357.676",
        "lang": "ms",
        "refcode": "GI 167.1"
      },
      {
        "para_id": "11978.529",
        "lang": "nb",
        "refcode": "ET 85.1"
      },
      {
        "para_id": "11639.494",
        "lang": "nb",
        "refcode": "EVTJ 85.1"
      },
      {
        "para_id": "12110.547",
        "lang": "pl",
        "refcode": "SE 82.1"
      },
      {
        "para_id": "1736.597",
        "lang": "pt",
        "refcode": "OE 118.2"
      },
      {
        "para_id": "2714.583",
        "lang": "ro",
        "refcode": "SEv 118.2"
      },
      {
        "para_id": "1826.563",
        "lang": "ru",
        "refcode": "СЕ 118.2"
      },
      {
        "para_id": "11667.655",
        "lang": "sr",
        "refcode": "EP 86.3"
      }
    ]
  },
  {
    "para_id": "35.586",
    "id_prev": "35.585",
    "id_next": "35.589",
    "refcode_1": "GW",
    "refcode_2": "118",
    "refcode_3": "3",
    "refcode_4": "",
    "refcode_short": "GW 118.3",
    "refcode_long": "Gospel Workers (1915 ed.), p. 118.3 (Ellen Gould White)",
    "element_type": "p",
    "element_subtype": "standard-indented",
    "content": "Thus the apostle varied his manner of labor, shaping his message to the circumstances under which he was placed. After patient labor he was successful to a large degree; yet there were many who would not be convinced. Some there are today who will not be convinced by any method of presenting the truth; and the laborer for God is to study carefully the best methods, that he may not arouse prejudice or combativeness. This is where some have failed. By following their natural inclinations, they have closed doors through which they might, by a different method of <span class=\"page-break\" data-page=\"119\"></span> labor, have found access to hearts, and through them to other hearts.",
    "puborder": 422,
    "translations": [
      {
        "para_id": "610.553",
        "lang": "de",
        "refcode": "DEV 104.2"
      },
      {
        "para_id": "209.647",
        "lang": "es",
        "refcode": "OE 124.3"
      },
      {
        "para_id": "196.594",
        "lang": "fr",
        "refcode": "ME 112.3"
      },
      {
        "para_id": "12872.578",
        "lang": "id",
        "refcode": "PI 103.3"
      },
      {
        "para_id": "12357.677",
        "lang": "ms",
        "refcode": "GI 167.2"
      },
      {
        "para_id": "11639.495",
        "lang": "nb",
        "refcode": "EVTJ 85.2"
      },
      {
        "para_id": "11978.530",
        "lang": "nb",
        "refcode": "ET 85.2"
      },
      {
        "para_id": "12110.548",
        "lang": "pl",
        "refcode": "SE 82.2"
      },
      {
        "para_id": "1736.598",
        "lang": "pt",
        "refcode": "OE 118.3"
      },
      {
        "para_id": "2714.584",
        "lang": "ro",
        "refcode": "SEv 118.3"
      },
      {
        "para_id": "1826.564",
        "lang": "ru",
        "refcode": "СЕ 118.3"
      },
      {
        "para_id": "11667.656",
        "lang": "sr",
        "refcode": "EP 86.4"
      }
    ]
  },
  {
    "para_id": "35.589",
    "id_prev": "35.586",
    "id_next": "35.590",
    "refcode_1": "GW",
    "refcode_2": "119",
    "refcode_3": "1",
    "refcode_4": "",
    "refcode_short": "GW 119.1",
    "refcode_long": "Gospel Workers (1915 ed.), p. 119.1 (Ellen Gould White)",
    "element_type": "p",
    "element_subtype": "standard-indented",
    "content": "God&apos;s workmen must be many-sided men; that is, they must have breadth of character. They are not to be one-idea men, stereotyped in their manner of working, unable to see that their advocacy of truth must vary with the class of people among whom they work and the circumstances they have to meet.",
    "puborder": 423,
    "translations": [
      {
        "para_id": "610.554",
        "lang": "de",
        "refcode": "DEV 104.3"
      },
      {
        "para_id": "209.650",
        "lang": "es",
        "refcode": "OE 125.1"
      },
      {
        "para_id": "196.597",
        "lang": "fr",
        "refcode": "ME 113.1"
      },
      {
        "para_id": "12872.579",
        "lang": "id",
        "refcode": "PI 103.4"
      },
      {
        "para_id": "12357.680",
        "lang": "ms",
        "refcode": "GI 168.1"
      },
      {
        "para_id": "11639.496",
        "lang": "nb",
        "refcode": "EVTJ 85.3"
      },
      {
        "para_id": "11978.531",
        "lang": "nb",
        "refcode": "ET 85.3"
      },
      {
        "para_id": "12110.549",
        "lang": "pl",
        "refcode": "SE 82.3"
      },
      {
        "para_id": "1736.601",
        "lang": "pt",
        "refcode": "OE 119.1"
      },
      {
        "para_id": "2714.587",
        "lang": "ro",
        "refcode": "SEv 119.1"
      },
      {
        "para_id": "1826.567",
        "lang": "ru",
        "refcode": "СЕ 119.1"
      },
      {
        "para_id": "11667.659",
        "lang": "sr",
        "refcode": "EP 87.1"
      }
    ]
  },
  {
    "para_id": "35.590",
    "id_prev": "35.589",
    "id_next": "35.591",
    "refcode_1": "GW",
    "refcode_2": "119",
    "refcode_3": "2",
    "refcode_4": "",
    "refcode_short": "GW 119.2",
    "refcode_long": "Gospel Workers (1915 ed.), p. 119.2 (Ellen Gould White)",
    "element_type": "p",
    "element_subtype": "standard-indented",
    "content": "There is delicate work for the minister to do as he meets with alienation, bitterness, and opposition. More than others, he needs that wisdom which &ldquo;is first pure, then peaceable, gentle, and easy to be entreated, full of mercy and good fruits, without partiality, and without hypocrisy.&rdquo; [<span class=\"egwlink egwlink_bible\" title=\"James 3:17\" data-link=\"1965.61883\">James 3:17</span>.] As the dew and the still showers fall gently upon withering plants, so his words are to fall gently when he proclaims the truth. He is to win souls, not to repulse them. He is to study to be skilful when there are no rules to meet the case.",
    "puborder": 424,
    "translations": [
      {
        "para_id": "610.555",
        "lang": "de",
        "refcode": "DEV 104.4"
      },
      {
        "para_id": "209.651",
        "lang": "es",
        "refcode": "OE 125.2"
      },
      {
        "para_id": "196.598",
        "lang": "fr",
        "refcode": "ME 113.2"
      },
      {
        "para_id": "12872.580",
        "lang": "id",
        "refcode": "PI 103.5"
      },
      {
        "para_id": "12357.681",
        "lang": "ms",
        "refcode": "GI 168.2"
      },
      {
        "para_id": "11639.497",
        "lang": "nb",
        "refcode": "EVTJ 85.4"
      },
      {
        "para_id": "11978.532",
        "lang": "nb",
        "refcode": "ET 85.4"
      },
      {
        "para_id": "12110.550",
        "lang": "pl",
        "refcode": "SE 82.4"
      },
      {
        "para_id": "1736.602",
        "lang": "pt",
        "refcode": "OE 119.2"
      },
      {
        "para_id": "2714.588",
        "lang": "ro",
        "refcode": "SEv 119.2"
      },
      {
        "para_id": "1826.568",
        "lang": "ru",
        "refcode": "СЕ 119.2"
      },
      {
        "para_id": "11667.660",
        "lang": "sr",
        "refcode": "EP 87.2"
      }
    ]
  },
  {
    "para_id": "35.591",
    "id_prev": "35.590",
    "id_next": "35.592",
    "refcode_1": "GW",
    "refcode_2": "119",
    "refcode_3": "3",
    "refcode_4": "",
    "refcode_short": "GW 119.3",
    "refcode_long": "Gospel Workers (1915 ed.), p. 119.3 (Ellen Gould White)",
    "element_type": "p",
    "element_subtype": "standard-indented",
    "content": "Many souls have been turned in the wrong direction, and thus lost to the cause of God, by a lack of skill and wisdom on the part of the worker. Tact and good judgment increase the usefulness of the laborer a hundred-fold. If he will speak the right words at the right time, and show the right spirit, this will exert a melting power on the heart of the one he is trying to help.",
    "puborder": 425,
    "translations": [
      {
        "para_id": "610.558",
        "lang": "de",
        "refcode": "DEV 105.1"
      },
      {
        "para_id": "209.652",
        "lang": "es",
        "refcode": "OE 125.3"
      },
      {
        "para_id": "196.599",
        "lang": "fr",
        "refcode": "ME 113.3"
      },
      {
        "para_id": "12872.583",
        "lang": "id",
        "refcode": "PI 104.1"
      },
      {
        "para_id": "12357.683",
        "lang": "ms",
        "refcode": "GI 169.1"
      },
      {
        "para_id": "11639.498",
        "lang": "nb",
        "refcode": "EVTJ 85.5"
      },
      {
        "para_id": "11978.533",
        "lang": "nb",
        "refcode": "ET 85.5"
      },
      {
        "para_id": "12110.551",
        "lang": "pl",
        "refcode": "SE 82.5"
      },
      {
        "para_id": "1736.603",
        "lang": "pt",
        "refcode": "OE 119.3"
      },
      {
        "para_id": "2714.589",
        "lang": "ro",
        "refcode": "SEv 119.3"
      },
      {
        "para_id": "1826.569",
        "lang": "ru",
        "refcode": "СЕ 119.3"
      },
      {
        "para_id": "11667.661",
        "lang": "sr",
        "refcode": "EP 87.3"
      }
    ]
  }
]