[
  {
    "para_id": "35.663",
    "id_prev": "35.659",
    "id_next": "35.664",
    "refcode_1": "GW",
    "refcode_2": "133",
    "refcode_3": "",
    "refcode_4": "26",
    "refcode_short": "GW 133",
    "refcode_long": "Gospel Workers (1915 ed.), p. 133 (Ellen Gould White)",
    "element_type": "h3",
    "element_subtype": "",
    "content": "Decision and Promptness",
    "puborder": 473,
    "translations": [
      {
        "para_id": "610.619",
        "lang": "de",
        "refcode": "DEV 117"
      },
      {
        "para_id": "209.715",
        "lang": "es",
        "refcode": "OE 139"
      },
      {
        "para_id": "196.665",
        "lang": "fr",
        "refcode": "ME 127"
      },
      {
        "para_id": "12872.648",
        "lang": "id",
        "refcode": "PI 116"
      },
      {
        "para_id": "12357.766",
        "lang": "ms",
        "refcode": "GI 189"
      },
      {
        "para_id": "11978.593",
        "lang": "nb",
        "refcode": "ET 96"
      },
      {
        "para_id": "11639.551",
        "lang": "nb",
        "refcode": "EVTJ 96"
      },
      {
        "para_id": "12110.616",
        "lang": "pl",
        "refcode": "SE 91"
      },
      {
        "para_id": "1736.666",
        "lang": "pt",
        "refcode": "OE 133"
      },
      {
        "para_id": "2714.662",
        "lang": "ro",
        "refcode": "SEv 133"
      },
      {
        "para_id": "1826.632",
        "lang": "ru",
        "refcode": "СЕ 133"
      },
      {
        "para_id": "11667.728",
        "lang": "sr",
        "refcode": "EP 97"
      }
    ]
  },
  {
    "para_id": "35.664",
    "id_prev": "35.663",
    "id_next": "35.665",
    "refcode_1": "GW",
    "refcode_2": "133",
    "refcode_3": "1",
    "refcode_4": "",
    "refcode_short": "GW 133.1",
    "refcode_long": "Gospel Workers (1915 ed.), p. 133.1 (Ellen Gould White)",
    "element_type": "p",
    "element_subtype": "standard-indented",
    "content": "Independent men of earnest endeavor are needed, not men as impressible as putty. Those who want their work made ready to their hand, who desire a fixed amount to do and a fixed salary, and who wish to prove an exact fit without the trouble of adaptation or training, are not the men whom God calls to work in His cause. A man who cannot adapt his abilities to almost any place, if necessity requires, is not the man for this time. Men whom God will connect with His work are not limp and fiberless, without muscle or moral force of character....",
    "puborder": 474,
    "translations": [
      {
        "para_id": "610.620",
        "lang": "de",
        "refcode": "DEV 117.2"
      },
      {
        "para_id": "209.716",
        "lang": "es",
        "refcode": "OE 139.1"
      },
      {
        "para_id": "196.666",
        "lang": "fr",
        "refcode": "ME 127.1"
      },
      {
        "para_id": "12872.649",
        "lang": "id",
        "refcode": "PI 116.1"
      },
      {
        "para_id": "12357.767",
        "lang": "ms",
        "refcode": "GI 189.1"
      },
      {
        "para_id": "11978.594",
        "lang": "nb",
        "refcode": "ET 96.1"
      },
      {
        "para_id": "11639.552",
        "lang": "nb",
        "refcode": "EVTJ 96.1"
      },
      {
        "para_id": "12110.617",
        "lang": "pl",
        "refcode": "SE 91.4"
      },
      {
        "para_id": "1736.667",
        "lang": "pt",
        "refcode": "OE 133.1"
      },
      {
        "para_id": "2714.663",
        "lang": "ro",
        "refcode": "SEv 133.1"
      },
      {
        "para_id": "1826.633",
        "lang": "ru",
        "refcode": "СЕ 133.1"
      },
      {
        "para_id": "11667.729",
        "lang": "sr",
        "refcode": "EP 97.1"
      }
    ]
  },
  {
    "para_id": "35.665",
    "id_prev": "35.664",
    "id_next": "35.666",
    "refcode_1": "GW",
    "refcode_2": "133",
    "refcode_3": "2",
    "refcode_4": "",
    "refcode_short": "GW 133.2",
    "refcode_long": "Gospel Workers (1915 ed.), p. 133.2 (Ellen Gould White)",
    "element_type": "p",
    "element_subtype": "standard-indented",
    "content": "There are men who flatter themselves that they might do something great and good if they were only circumstanced differently, while they make no use of the faculties they already have, by working in the positions where Providence has placed them.... Individual independence and individual power are the qualities now needed. Individual character need not be sacrificed, but it should be modulated, refined, elevated....",
    "puborder": 475,
    "translations": [
      {
        "para_id": "610.621",
        "lang": "de",
        "refcode": "DEV 117.3"
      },
      {
        "para_id": "209.717",
        "lang": "es",
        "refcode": "OE 139.2"
      },
      {
        "para_id": "196.668",
        "lang": "fr",
        "refcode": "ME 127.3"
      },
      {
        "para_id": "196.667",
        "lang": "fr",
        "refcode": "ME 127.2"
      },
      {
        "para_id": "12872.650",
        "lang": "id",
        "refcode": "PI 116.2"
      },
      {
        "para_id": "12357.768",
        "lang": "ms",
        "refcode": "GI 189.2"
      },
      {
        "para_id": "11978.595",
        "lang": "nb",
        "refcode": "ET 96.2"
      },
      {
        "para_id": "11639.553",
        "lang": "nb",
        "refcode": "EVTJ 96.2"
      },
      {
        "para_id": "12110.620",
        "lang": "pl",
        "refcode": "SE 92.1"
      },
      {
        "para_id": "1736.668",
        "lang": "pt",
        "refcode": "OE 133.2"
      },
      {
        "para_id": "2714.664",
        "lang": "ro",
        "refcode": "SEv 133.2"
      },
      {
        "para_id": "1826.634",
        "lang": "ru",
        "refcode": "СЕ 133.2"
      },
      {
        "para_id": "11667.730",
        "lang": "sr",
        "refcode": "EP 97.2"
      }
    ]
  },
  {
    "para_id": "35.666",
    "id_prev": "35.665",
    "id_next": "35.667",
    "refcode_1": "GW",
    "refcode_2": "133",
    "refcode_3": "3",
    "refcode_4": "",
    "refcode_short": "GW 133.3",
    "refcode_long": "Gospel Workers (1915 ed.), p. 133.3 (Ellen Gould White)",
    "element_type": "p",
    "element_subtype": "standard-indented",
    "content": "The cause of God demands men who can see quickly and act instantaneously at the right time and with power. If you wait to measure every difficulty and balance every perplexity you meet, you will do but little. You will have obstacles and difficulties to encounter at every turn, and you must with firm purpose decide to conquer them, or they will conquer you.",
    "puborder": 476,
    "translations": [
      {
        "para_id": "610.622",
        "lang": "de",
        "refcode": "DEV 117.4"
      },
      {
        "para_id": "209.718",
        "lang": "es",
        "refcode": "OE 139.3"
      },
      {
        "para_id": "196.669",
        "lang": "fr",
        "refcode": "ME 127.4"
      },
      {
        "para_id": "12872.652",
        "lang": "id",
        "refcode": "PI 116.3"
      },
      {
        "para_id": "12357.769",
        "lang": "ms",
        "refcode": "GI 189.3"
      },
      {
        "para_id": "11639.554",
        "lang": "nb",
        "refcode": "EVTJ 96.3"
      },
      {
        "para_id": "11978.596",
        "lang": "nb",
        "refcode": "ET 96.3"
      },
      {
        "para_id": "12110.621",
        "lang": "pl",
        "refcode": "SE 92.2"
      },
      {
        "para_id": "1736.669",
        "lang": "pt",
        "refcode": "OE 133.3"
      },
      {
        "para_id": "2714.665",
        "lang": "ro",
        "refcode": "SEv 133.3"
      },
      {
        "para_id": "1826.635",
        "lang": "ru",
        "refcode": "СЕ 133.3"
      },
      {
        "para_id": "11667.731",
        "lang": "sr",
        "refcode": "EP 97.3"
      }
    ]
  },
  {
    "para_id": "35.667",
    "id_prev": "35.666",
    "id_next": "35.670",
    "refcode_1": "GW",
    "refcode_2": "133",
    "refcode_3": "4",
    "refcode_4": "",
    "refcode_short": "GW 133.4",
    "refcode_long": "Gospel Workers (1915 ed.), p. 133.4 (Ellen Gould White)",
    "element_type": "p",
    "element_subtype": "standard-indented",
    "content": "Sometimes various ways and purposes, different modes of operation in connection with the work of God, <span class=\"page-break\" data-page=\"134\"></span> are about evenly balanced in the mind; and it is at this very point that the nicest discrimination is necessary. And if anything is accomplished to the purpose, it must be done at the golden moment. The slightest inclination of the weight in the balance should be seen, and should determine the matter at once. Long delays tire the angels. It is even more excusable to make a wrong decision sometimes than to be continually in a wavering position; to be hesitating, sometimes inclined in one direction, then in another. More perplexity and wretchedness result from thus hesitating and doubting than from sometimes moving too hastily.",
    "puborder": 477,
    "translations": [
      {
        "para_id": "610.625",
        "lang": "de",
        "refcode": "DEV 118.1"
      },
      {
        "para_id": "209.720",
        "lang": "es",
        "refcode": "OE 140.1"
      },
      {
        "para_id": "196.672",
        "lang": "fr",
        "refcode": "ME 128.1"
      },
      {
        "para_id": "12872.653",
        "lang": "id",
        "refcode": "PI 116.4"
      },
      {
        "para_id": "12357.772",
        "lang": "ms",
        "refcode": "GI 190.1"
      },
      {
        "para_id": "11978.597",
        "lang": "nb",
        "refcode": "ET 96.4"
      },
      {
        "para_id": "11639.555",
        "lang": "nb",
        "refcode": "EVTJ 96.4"
      },
      {
        "para_id": "12110.622",
        "lang": "pl",
        "refcode": "SE 92.3"
      },
      {
        "para_id": "1736.670",
        "lang": "pt",
        "refcode": "OE 133.4"
      },
      {
        "para_id": "2714.666",
        "lang": "ro",
        "refcode": "SEv 133.4"
      },
      {
        "para_id": "1826.636",
        "lang": "ru",
        "refcode": "СЕ 133.4"
      },
      {
        "para_id": "11667.732",
        "lang": "sr",
        "refcode": "EP 97.4"
      }
    ]
  },
  {
    "para_id": "35.670",
    "id_prev": "35.667",
    "id_next": "35.671",
    "refcode_1": "GW",
    "refcode_2": "134",
    "refcode_3": "1",
    "refcode_4": "",
    "refcode_short": "GW 134.1",
    "refcode_long": "Gospel Workers (1915 ed.), p. 134.1 (Ellen Gould White)",
    "element_type": "p",
    "element_subtype": "standard-indented",
    "content": "I have been shown that the most signal victories and the most fearful defeats have been on the turn of minutes. God requires promptness of action. Delays, doubtings, hesitation, and indecision frequently give the enemy every advantage....",
    "puborder": 478,
    "translations": [
      {
        "para_id": "209.721",
        "lang": "es",
        "refcode": "OE 140.2"
      },
      {
        "para_id": "196.673",
        "lang": "fr",
        "refcode": "ME 128.2"
      },
      {
        "para_id": "12872.656",
        "lang": "id",
        "refcode": "PI 117.1"
      },
      {
        "para_id": "12357.773",
        "lang": "ms",
        "refcode": "GI 190.2"
      },
      {
        "para_id": "11978.599",
        "lang": "nb",
        "refcode": "ET 97.1"
      },
      {
        "para_id": "11639.557",
        "lang": "nb",
        "refcode": "EVTJ 97.1"
      },
      {
        "para_id": "12110.623",
        "lang": "pl",
        "refcode": "SE 92.4"
      },
      {
        "para_id": "1736.673",
        "lang": "pt",
        "refcode": "OE 134.1"
      },
      {
        "para_id": "2714.669",
        "lang": "ro",
        "refcode": "SEv 134.1"
      },
      {
        "para_id": "1826.639",
        "lang": "ru",
        "refcode": "СЕ 134.1"
      },
      {
        "para_id": "11667.735",
        "lang": "sr",
        "refcode": "EP 98.1"
      }
    ]
  },
  {
    "para_id": "35.671",
    "id_prev": "35.670",
    "id_next": "35.672",
    "refcode_1": "GW",
    "refcode_2": "134",
    "refcode_3": "2",
    "refcode_4": "",
    "refcode_short": "GW 134.2",
    "refcode_long": "Gospel Workers (1915 ed.), p. 134.2 (Ellen Gould White)",
    "element_type": "p",
    "element_subtype": "standard-indented",
    "content": "The timing of things may tell much in favor of truth. Victories are frequently lost through delays. There will be crises in this cause. Prompt and decisive action at the right time will gain glorious triumphs, while delay and neglect will result in great failures and positive dishonor to God. Rapid movements at the critical moment often disarm the enemy, and he is disappointed and vanquished, for he had expected time to lay plans and work by artifice....",
    "puborder": 479,
    "translations": [
      {
        "para_id": "610.626",
        "lang": "de",
        "refcode": "DEV 118.2"
      },
      {
        "para_id": "209.722",
        "lang": "es",
        "refcode": "OE 140.3"
      },
      {
        "para_id": "196.674",
        "lang": "fr",
        "refcode": "ME 128.3"
      },
      {
        "para_id": "12872.657",
        "lang": "id",
        "refcode": "PI 117.2"
      },
      {
        "para_id": "12357.775",
        "lang": "ms",
        "refcode": "GI 191.1"
      },
      {
        "para_id": "11978.600",
        "lang": "nb",
        "refcode": "ET 97.2"
      },
      {
        "para_id": "11639.558",
        "lang": "nb",
        "refcode": "EVTJ 97.2"
      },
      {
        "para_id": "12110.624",
        "lang": "pl",
        "refcode": "SE 92.5"
      },
      {
        "para_id": "1736.674",
        "lang": "pt",
        "refcode": "OE 134.2"
      },
      {
        "para_id": "2714.670",
        "lang": "ro",
        "refcode": "SEv 134.2"
      },
      {
        "para_id": "1826.640",
        "lang": "ru",
        "refcode": "СЕ 134.2"
      },
      {
        "para_id": "11667.735",
        "lang": "sr",
        "refcode": "EP 98.1"
      }
    ]
  },
  {
    "para_id": "35.672",
    "id_prev": "35.671",
    "id_next": "35.674",
    "refcode_1": "GW",
    "refcode_2": "134",
    "refcode_3": "3",
    "refcode_4": "",
    "refcode_short": "GW 134.3",
    "refcode_long": "Gospel Workers (1915 ed.), p. 134.3 (Ellen Gould White)",
    "element_type": "p",
    "element_subtype": "standard-indented",
    "content": "The greatest promptness is positively necessary in the hour of peril and danger. Every plan may be well laid to accomplish certain results, and yet a delay of a very short time may leave things to assume an entirely different shape, and the great objects which might have been gained are lost through lack of quick foresight and prompt dispatch.",
    "puborder": 480,
    "translations": [
      {
        "para_id": "610.627",
        "lang": "de",
        "refcode": "DEV 118.3"
      },
      {
        "para_id": "209.723",
        "lang": "es",
        "refcode": "OE 140.4"
      },
      {
        "para_id": "196.675",
        "lang": "fr",
        "refcode": "ME 128.4"
      },
      {
        "para_id": "12872.658",
        "lang": "id",
        "refcode": "PI 117.3"
      },
      {
        "para_id": "12357.776",
        "lang": "ms",
        "refcode": "GI 191.2"
      },
      {
        "para_id": "11639.559",
        "lang": "nb",
        "refcode": "EVTJ 97.3"
      },
      {
        "para_id": "11978.601",
        "lang": "nb",
        "refcode": "ET 97.3"
      },
      {
        "para_id": "12110.626",
        "lang": "pl",
        "refcode": "SE 93.1"
      },
      {
        "para_id": "1736.675",
        "lang": "pt",
        "refcode": "OE 134.3"
      },
      {
        "para_id": "2714.671",
        "lang": "ro",
        "refcode": "SEv 134.3"
      },
      {
        "para_id": "1826.641",
        "lang": "ru",
        "refcode": "СЕ 134.3"
      },
      {
        "para_id": "11667.736",
        "lang": "sr",
        "refcode": "EP 98.2"
      }
    ]
  },
  {
    "para_id": "35.674",
    "id_prev": "35.672",
    "id_next": "35.675",
    "refcode_1": "GW",
    "refcode_2": "135",
    "refcode_3": "1",
    "refcode_4": "",
    "refcode_short": "GW 135.1",
    "refcode_long": "Gospel Workers (1915 ed.), p. 135.1 (Ellen Gould White)",
    "element_type": "p",
    "element_subtype": "standard-indented",
    "content": "Much may be done in training the mind to overcome indolence. There are times when caution and great deliberation are necessary; rashness would be folly. But even here much has been lost by too great hesitancy. Caution, up to a certain point, is required; but hesitancy and policy on particular occasions have been more disastrous than would have been a failure through rashness.&mdash;<span class=\"egwlink egwlink_book\" title=\"3T 496.1\" data-link=\"119.2338\">Testimonies for the Church 3:496-498</span>.",
    "puborder": 481,
    "translations": [
      {
        "para_id": "610.628",
        "lang": "de",
        "refcode": "DEV 118.4"
      },
      {
        "para_id": "209.726",
        "lang": "es",
        "refcode": "OE 141.1"
      },
      {
        "para_id": "196.676",
        "lang": "fr",
        "refcode": "ME 128.5"
      },
      {
        "para_id": "12872.659",
        "lang": "id",
        "refcode": "PI 117.4"
      },
      {
        "para_id": "12357.777",
        "lang": "ms",
        "refcode": "GI 191.3"
      },
      {
        "para_id": "11978.602",
        "lang": "nb",
        "refcode": "ET 97.4"
      },
      {
        "para_id": "11639.560",
        "lang": "nb",
        "refcode": "EVTJ 97.4"
      },
      {
        "para_id": "12110.627",
        "lang": "pl",
        "refcode": "SE 93.2"
      },
      {
        "para_id": "1736.677",
        "lang": "pt",
        "refcode": "OE 135.1"
      },
      {
        "para_id": "2714.673",
        "lang": "ro",
        "refcode": "SEv 135.1"
      },
      {
        "para_id": "1826.643",
        "lang": "ru",
        "refcode": "СЕ 135.1"
      },
      {
        "para_id": "11667.737",
        "lang": "sr",
        "refcode": "EP 98.3"
      }
    ]
  },
  {
    "para_id": "35.675",
    "id_prev": "35.674",
    "id_next": "35.676",
    "refcode_1": "GW",
    "refcode_2": "135",
    "refcode_3": "",
    "refcode_4": "",
    "refcode_short": "",
    "refcode_long": "",
    "element_type": "p",
    "element_subtype": "thoughtbreak",
    "content": "*****",
    "puborder": 482,
    "translations": [
      {
        "para_id": "610.2479",
        "lang": "de",
        "refcode": "Gospel Workers (1915 ed.)"
      },
      {
        "para_id": "209.727",
        "lang": "es",
        "refcode": "Gospel Workers (1915 ed.)"
      },
      {
        "para_id": "12357.778",
        "lang": "ms",
        "refcode": "Gospel Workers (1915 ed.)"
      },
      {
        "para_id": "12110.628",
        "lang": "pl",
        "refcode": "Gospel Workers (1915 ed.)"
      },
      {
        "para_id": "1736.2642",
        "lang": "pt",
        "refcode": "Gospel Workers (1915 ed.)"
      },
      {
        "para_id": "2714.674",
        "lang": "ro",
        "refcode": "Gospel Workers (1915 ed.)"
      },
      {
        "para_id": "11667.738",
        "lang": "sr",
        "refcode": "Gospel Workers (1915 ed.)"
      }
    ]
  },
  {
    "para_id": "35.676",
    "id_prev": "35.675",
    "id_next": "35.677",
    "refcode_1": "GW",
    "refcode_2": "135",
    "refcode_3": "2",
    "refcode_4": "",
    "refcode_short": "GW 135.2",
    "refcode_long": "Gospel Workers (1915 ed.), p. 135.2 (Ellen Gould White)",
    "element_type": "p",
    "element_subtype": "standard-indented",
    "content": "There are those who for a time are successful in the struggle against their selfish desire for pleasure and ease. They are sincere and earnest, but grow weary of protracted effort, of daily death, of ceaseless turmoil. Indolence seems inviting, death to self repulsive; and they close their drowsy eyes, and fall under the power of temptation instead of resisting it.",
    "puborder": 483,
    "translations": [
      {
        "para_id": "610.631",
        "lang": "de",
        "refcode": "DEV 119.1"
      },
      {
        "para_id": "209.728",
        "lang": "es",
        "refcode": "OE 141.2"
      },
      {
        "para_id": "196.679",
        "lang": "fr",
        "refcode": "ME 129.1"
      },
      {
        "para_id": "12872.660",
        "lang": "id",
        "refcode": "PI 117.5"
      },
      {
        "para_id": "12357.780",
        "lang": "ms",
        "refcode": "GI 192.1"
      },
      {
        "para_id": "11639.561",
        "lang": "nb",
        "refcode": "EVTJ 97.5"
      },
      {
        "para_id": "11978.603",
        "lang": "nb",
        "refcode": "ET 97.5"
      },
      {
        "para_id": "12110.629",
        "lang": "pl",
        "refcode": "SE 93.3"
      },
      {
        "para_id": "1736.678",
        "lang": "pt",
        "refcode": "OE 135.2"
      },
      {
        "para_id": "2714.675",
        "lang": "ro",
        "refcode": "SEv 135.2"
      },
      {
        "para_id": "1826.644",
        "lang": "ru",
        "refcode": "СЕ 135.2"
      },
      {
        "para_id": "11667.739",
        "lang": "sr",
        "refcode": "EP 98.4"
      }
    ]
  },
  {
    "para_id": "35.677",
    "id_prev": "35.676",
    "id_next": "35.679",
    "refcode_1": "GW",
    "refcode_2": "135",
    "refcode_3": "3",
    "refcode_4": "",
    "refcode_short": "GW 135.3",
    "refcode_long": "Gospel Workers (1915 ed.), p. 135.3 (Ellen Gould White)",
    "element_type": "p",
    "element_subtype": "standard-indented",
    "content": "The directions laid down in the word of God leave no room for compromise with evil. The Son of God was manifested that He might draw all men unto Himself. He came not to lull the world to sleep, but to point out the narrow path in which all must travel who reach at last the gates of the city of God. His children must follow where He has led the way; at whatever sacrifice of ease or selfish indulgence, at whatever cost of labor or suffering, they must maintain a constant battle with self.",
    "puborder": 484,
    "translations": [
      {
        "para_id": "610.632",
        "lang": "de",
        "refcode": "DEV 119.2"
      },
      {
        "para_id": "209.729",
        "lang": "es",
        "refcode": "OE 141.3"
      },
      {
        "para_id": "196.680",
        "lang": "fr",
        "refcode": "ME 129.2"
      },
      {
        "para_id": "12872.662",
        "lang": "id",
        "refcode": "PI 118.1"
      },
      {
        "para_id": "12357.781",
        "lang": "ms",
        "refcode": "GI 192.2"
      },
      {
        "para_id": "11978.604",
        "lang": "nb",
        "refcode": "ET 97.6"
      },
      {
        "para_id": "11639.562",
        "lang": "nb",
        "refcode": "EVTJ 97.6"
      },
      {
        "para_id": "12110.630",
        "lang": "pl",
        "refcode": "SE 93.4"
      },
      {
        "para_id": "1736.679",
        "lang": "pt",
        "refcode": "OE 135.3"
      },
      {
        "para_id": "2714.676",
        "lang": "ro",
        "refcode": "SEv 135.3"
      },
      {
        "para_id": "1826.645",
        "lang": "ru",
        "refcode": "СЕ 135.3"
      },
      {
        "para_id": "11667.740",
        "lang": "sr",
        "refcode": "EP 98.5"
      }
    ]
  }
]