[
  {
    "para_id": "14376.74",
    "id_prev": "14376.73",
    "id_next": "14376.75",
    "refcode_1": "JTL7",
    "refcode_2": "5",
    "refcode_3": "",
    "refcode_4": "19",
    "refcode_short": "JTL7 5",
    "refcode_long": "My Journey to Life, Step 7—State of the Dead, Death and Resurrection, p. 5 (Ellen G. White Estate)",
    "element_type": "h4",
    "element_subtype": "",
    "content": "Bible Discovery:",
    "puborder": 69,
    "translations": []
  },
  {
    "para_id": "14376.75",
    "id_prev": "14376.74",
    "id_next": "14376.76",
    "refcode_1": "JTL7",
    "refcode_2": "5",
    "refcode_3": "2",
    "refcode_4": "",
    "refcode_short": "JTL7 5.2",
    "refcode_long": "My Journey to Life, Step 7—State of the Dead, Death and Resurrection, p. 5.2 (Ellen G. White Estate)",
    "element_type": "p",
    "element_subtype": "standard-indented",
    "content": "<span class=\"egwlink egwlink_bible\" title=\"Genesis 1:1\" data-link=\"1965.5\">Genesis 1:1</span>; <span class=\"egwlink egwlink_bible\" title=\"Psalm 33:9\" data-link=\"1965.29283\">Psalm 33:9</span>; <span class=\"egwlink egwlink_bible\" title=\"John 1:1\" data-link=\"1965.53134\">John 1:1-3</span>, <span class=\"egwlink egwlink_bible\" title=\"John 1:10\" data-link=\"1965.53152\">10</span>; <span class=\"egwlink egwlink_bible\" title=\"Acts 17:26\" data-link=\"1965.56180\">Acts 17:26</span>; <span class=\"egwlink egwlink_bible\" title=\"Romans 1:20\" data-link=\"1965.56995\">Romans 1:20</span>; <span class=\"egwlink egwlink_bible\" title=\"Romans 6:23\" data-link=\"1965.57282\">6:23</span>; <span class=\"egwlink egwlink_bible\" title=\"1 Timothy 2:13\" data-link=\"1965.60636\">1 Timothy 2:13</span>; <span class=\"egwlink egwlink_bible\" title=\"Revelation 14:7\" data-link=\"1965.63116\">Revelation 14:7</span>",
    "puborder": 70,
    "translations": []
  }
]