[
  {
    "para_id": "1420.553",
    "id_prev": "1420.552",
    "id_next": "1420.554",
    "refcode_1": "VEGW",
    "refcode_2": "136",
    "refcode_3": "",
    "refcode_4": "",
    "refcode_short": "VEGW 136",
    "refcode_long": "The Visions of Mrs. E.G. White, p. 136 (Uriah Smith)",
    "element_type": "h4",
    "element_subtype": "",
    "content": "A CONFESSION",
    "puborder": 295,
    "translations": []
  },
  {
    "para_id": "1420.554",
    "id_prev": "1420.553",
    "id_next": "1420.556",
    "refcode_1": "VEGW",
    "refcode_2": "136",
    "refcode_3": "2",
    "refcode_4": "",
    "refcode_short": "VEGW 136.2",
    "refcode_long": "The Visions of Mrs. E.G. White, p. 136.2 (Uriah Smith)",
    "element_type": "p",
    "element_subtype": "standard-indented",
    "content": "&ldquo;BRO. GRANT: As I have written several articles in the <em>Crisis</em>, which were designed to influence its readers against S. D. Adventists and their views, and which I see were also used against the Sabbath and the law of God; I wish now to confess my wrong in so doing. I love the Sabbath and the law of God, and the people who are keeping it. I have become satisfied that they are the people of God, and that he is with them indeed.",
    "puborder": 296,
    "translations": []
  },
  {
    "para_id": "1420.556",
    "id_prev": "1420.554",
    "id_next": "1420.557",
    "refcode_1": "VEGW",
    "refcode_2": "137",
    "refcode_3": "1",
    "refcode_4": "",
    "refcode_short": "VEGW 137.1",
    "refcode_long": "The Visions of Mrs. E.G. White, p. 137.1 (Uriah Smith)",
    "element_type": "p",
    "element_subtype": "standard-indented",
    "content": "I ask forgiveness of God and my brethren for the wrong I have done in writing as I did.",
    "puborder": 297,
    "translations": []
  },
  {
    "para_id": "1420.557",
    "id_prev": "1420.556",
    "id_next": "1420.558",
    "refcode_1": "VEGW",
    "refcode_2": "137",
    "refcode_3": "",
    "refcode_4": "",
    "refcode_short": "",
    "refcode_long": "",
    "element_type": "p",
    "element_subtype": "standard-noindent",
    "content": "&ldquo;W.H.BALL.&rdquo;\n<br /><em>Washington, N.H.</em>",
    "puborder": 298,
    "translations": []
  }
]