[
  {
    "para_id": "81.1689",
    "id_prev": "81.1687",
    "id_next": "81.1690",
    "refcode_1": "OHC",
    "refcode_2": "240",
    "refcode_3": "",
    "refcode_4": "234",
    "refcode_short": "OHC 240",
    "refcode_long": "Our High Calling, p. 240 (Ellen Gould White)",
    "element_type": "h3",
    "element_subtype": "",
    "content": "&ldquo;Not Easily Provoked,&rdquo; August 22",
    "puborder": 1465,
    "translations": [
      {
        "para_id": "1778.1732",
        "lang": "es",
        "refcode": "NEV 242"
      },
      {
        "para_id": "1926.2551",
        "lang": "pt",
        "refcode": "AV 236"
      },
      {
        "para_id": "12664.1703",
        "lang": "ru",
        "refcode": "НВП 240"
      },
      {
        "para_id": "12665.1894",
        "lang": "uk",
        "refcode": "ННП 277"
      }
    ]
  },
  {
    "para_id": "81.1690",
    "id_prev": "81.1689",
    "id_next": "81.1691",
    "refcode_1": "OHC",
    "refcode_2": "240",
    "refcode_3": "1",
    "refcode_4": "",
    "refcode_short": "OHC 240.1",
    "refcode_long": "Our High Calling, p. 240.1 (Ellen Gould White)",
    "element_type": "p",
    "element_subtype": "devotionaltext",
    "content": "Charity suffereth long, and is kind; charity envieth not; charity vaunteth not itself, is not puffed up, doth not behave itself unseemly, seeketh not her own, is not easily provoked, thinketh no evil. <span class=\"egwlink egwlink_bible\" title=\"1 Corinthians 13:4\" data-link=\"1965.58462\">1 Corinthians 13:4, 5</span>.",
    "puborder": 1466,
    "translations": [
      {
        "para_id": "1778.1733",
        "lang": "es",
        "refcode": "NEV 242.1"
      },
      {
        "para_id": "1926.2552",
        "lang": "pt",
        "refcode": "AV 236.5"
      },
      {
        "para_id": "12664.1704",
        "lang": "ru",
        "refcode": "НВП 240.1"
      },
      {
        "para_id": "12665.1895",
        "lang": "uk",
        "refcode": "ННП 277.2"
      }
    ]
  },
  {
    "para_id": "81.1691",
    "id_prev": "81.1690",
    "id_next": "81.1692",
    "refcode_1": "OHC",
    "refcode_2": "240",
    "refcode_3": "2",
    "refcode_4": "",
    "refcode_short": "OHC 240.2",
    "refcode_long": "Our High Calling, p. 240.2 (Ellen Gould White)",
    "element_type": "p",
    "element_subtype": "standard-indented",
    "content": "Many have a vivid, unsanctified sensitiveness which keeps them constantly on the alert for some word, some look, or some action which they can construe as a lack of respect and appreciation. All this must be overcome. Everyone should go forward in the fear of God, doing his best without being troubled by praise or offended by censure, serving God fervently, and learning to place the most favorable interpretation upon whatever in others may seem offensive.<sup class=\"bookendnote\"><a class=\"bookendnote\">40<span class=\"bookendnote\"><span class=\"egwlink egwlink_book\" title=\"Ms 24, 1887\" data-link=\"14055.3852001\">Manuscript 24, 1887</span>.</span></a></sup>",
    "puborder": 1467,
    "translations": [
      {
        "para_id": "1778.1734",
        "lang": "es",
        "refcode": "NEV 242.2"
      },
      {
        "para_id": "1926.2554",
        "lang": "pt",
        "refcode": "AV 237.1"
      },
      {
        "para_id": "12664.1705",
        "lang": "ru",
        "refcode": "НВП 240.2"
      },
      {
        "para_id": "12665.1896",
        "lang": "uk",
        "refcode": "ННП 277.3"
      }
    ]
  },
  {
    "para_id": "81.1692",
    "id_prev": "81.1691",
    "id_next": "81.1693",
    "refcode_1": "OHC",
    "refcode_2": "240",
    "refcode_3": "3",
    "refcode_4": "",
    "refcode_short": "OHC 240.3",
    "refcode_long": "Our High Calling, p. 240.3 (Ellen Gould White)",
    "element_type": "p",
    "element_subtype": "standard-indented",
    "content": "We may expect that false reports will circulate about us; but if we follow a straight course, if we remain indifferent to these things, others will also be indifferent. Let us leave to God the care of our reputation.... Slander can be lived down by our manner of living; it is not lived down by words of indignation. Let our great anxiety be to act in the fear of God, and show by our conduct that these reports are false. No one can injure our character as much as ourselves. It is the weak trees and the tottering houses that need to be constantly propped. When we show ourselves so anxious to protect our reputation against attacks from the outside, we give the impression that it is not blameless before God, and that it needs therefore to be continually bolstered up.<sup class=\"bookendnote\"><a class=\"bookendnote\">41<span class=\"bookendnote\"><span class=\"egwlink egwlink_book\" title=\"3BC 1160\" data-link=\"92.438\">SDA Bible Commentary 3:1160, 1161</span>.</span></a></sup>",
    "puborder": 1468,
    "translations": [
      {
        "para_id": "1778.1735",
        "lang": "es",
        "refcode": "NEV 242.3"
      },
      {
        "para_id": "1926.2555",
        "lang": "pt",
        "refcode": "AV 237.2"
      },
      {
        "para_id": "12664.1706",
        "lang": "ru",
        "refcode": "НВП 240.3"
      },
      {
        "para_id": "12665.1897",
        "lang": "uk",
        "refcode": "ННП 277.4"
      }
    ]
  },
  {
    "para_id": "81.1693",
    "id_prev": "81.1692",
    "id_next": "81.1695",
    "refcode_1": "OHC",
    "refcode_2": "240",
    "refcode_3": "4",
    "refcode_4": "",
    "refcode_short": "OHC 240.4",
    "refcode_long": "Our High Calling, p. 240.4 (Ellen Gould White)",
    "element_type": "p",
    "element_subtype": "standard-indented",
    "content": "It does not behoove those from whom Jesus has so much to bear, in their failings and perversity, to be ever mindful of slights and real or imaginary offense.... The heart filled with that love which thinketh no evil will not be on the watch to notice discourtesies and grievances of which he may be the object. The will of God is that His love shall close the eyes, the ears and the heart to all such provocations and to all the suggestions with which Satan would fill them. There is a noble majesty in the silence of the one exposed to evil surmising or outrage. To be master of one&apos;s spirit is to be stronger than kings or conquerors.<sup class=\"bookendnote\"><a class=\"bookendnote\">42<span class=\"bookendnote\"><span class=\"egwlink egwlink_book\" title=\"3BC 1160\" data-link=\"92.438\">SDA Bible Commentary 3:1160</span>.</span></a></sup>",
    "puborder": 1469,
    "translations": [
      {
        "para_id": "1778.1736",
        "lang": "es",
        "refcode": "NEV 242.4"
      },
      {
        "para_id": "1926.2556",
        "lang": "pt",
        "refcode": "AV 237.3"
      },
      {
        "para_id": "12664.1707",
        "lang": "ru",
        "refcode": "НВП 240.4"
      },
      {
        "para_id": "12665.1900",
        "lang": "uk",
        "refcode": "ННП 278.1"
      }
    ]
  }
]