[
  {
    "para_id": "81.1811",
    "id_prev": "81.1809",
    "id_next": "81.1812",
    "refcode_1": "OHC",
    "refcode_2": "258",
    "refcode_3": "",
    "refcode_4": "252",
    "refcode_short": "OHC 258",
    "refcode_long": "Our High Calling, p. 258 (Ellen Gould White)",
    "element_type": "h3",
    "element_subtype": "",
    "content": "You Must Choose Your Company, September 9",
    "puborder": 1570,
    "translations": [
      {
        "para_id": "1778.1857",
        "lang": "es",
        "refcode": "NEV 260"
      },
      {
        "para_id": "1926.2734",
        "lang": "pt",
        "refcode": "AV 255"
      },
      {
        "para_id": "12664.1825",
        "lang": "ru",
        "refcode": "НВП 258"
      },
      {
        "para_id": "12665.2037",
        "lang": "uk",
        "refcode": "ННП 299"
      }
    ]
  },
  {
    "para_id": "81.1812",
    "id_prev": "81.1811",
    "id_next": "81.1813",
    "refcode_1": "OHC",
    "refcode_2": "258",
    "refcode_3": "1",
    "refcode_4": "",
    "refcode_short": "OHC 258.1",
    "refcode_long": "Our High Calling, p. 258.1 (Ellen Gould White)",
    "element_type": "p",
    "element_subtype": "devotionaltext",
    "content": "Wherefore come out from among them, and be ye separate, saith the Lord, and touch not the unclean thing; and I will receive you. <span class=\"egwlink egwlink_bible\" title=\"2 Corinthians 6:17\" data-link=\"1965.58964\">2 Corinthians 6:17</span>.",
    "puborder": 1571,
    "translations": [
      {
        "para_id": "1778.1858",
        "lang": "es",
        "refcode": "NEV 260.1"
      },
      {
        "para_id": "1926.2735",
        "lang": "pt",
        "refcode": "AV 255.1"
      },
      {
        "para_id": "12664.1826",
        "lang": "ru",
        "refcode": "НВП 258.1"
      },
      {
        "para_id": "12665.2038",
        "lang": "uk",
        "refcode": "ННП 299.1"
      }
    ]
  },
  {
    "para_id": "81.1813",
    "id_prev": "81.1812",
    "id_next": "81.1814",
    "refcode_1": "OHC",
    "refcode_2": "258",
    "refcode_3": "2",
    "refcode_4": "",
    "refcode_short": "OHC 258.2",
    "refcode_long": "Our High Calling, p. 258.2 (Ellen Gould White)",
    "element_type": "p",
    "element_subtype": "standard-indented",
    "content": "The true Christian will not choose the company of the unconverted. If Christ is formed within, the hope of glory, we cannot enjoy the malarious spiritual atmosphere which surrounds the souls of the irreligious....",
    "puborder": 1572,
    "translations": [
      {
        "para_id": "1778.1859",
        "lang": "es",
        "refcode": "NEV 260.2"
      },
      {
        "para_id": "1926.2736",
        "lang": "pt",
        "refcode": "AV 255.2"
      },
      {
        "para_id": "12664.1827",
        "lang": "ru",
        "refcode": "НВП 258.2"
      },
      {
        "para_id": "12665.2039",
        "lang": "uk",
        "refcode": "ННП 299.2"
      }
    ]
  },
  {
    "para_id": "81.1814",
    "id_prev": "81.1813",
    "id_next": "81.1815",
    "refcode_1": "OHC",
    "refcode_2": "258",
    "refcode_3": "3",
    "refcode_4": "",
    "refcode_short": "OHC 258.3",
    "refcode_long": "Our High Calling, p. 258.3 (Ellen Gould White)",
    "element_type": "p",
    "element_subtype": "standard-indented",
    "content": "Your acquaintances who are utterly averse to spiritual things are not refined, ennobled, and elevated by the practice of the truth. They are not under the leadership of Christ, but under the black banner of the prince of darkness. To associate with those who neither fear nor love God, unless you associate with them for the purpose of winning them to Jesus, will be a detriment to your spirituality. If you cannot lift them up, their influence will tell upon you in corrupting and tainting your faith. It is right for you to treat them kindly; but not well for you to love and choose their society, for if you choose the atmosphere that surrounds their souls, you will forfeit the companionship of Jesus. By every means in your power seek to repress sin; but never for one moment give sanction to sin either by your deeds, your words, your silence, or your presence. Every time sin is sanctioned by the professed follower of Christ, his sense of sin is weakened, and his judgment thus becomes perverted....",
    "puborder": 1573,
    "translations": [
      {
        "para_id": "1778.1860",
        "lang": "es",
        "refcode": "NEV 260.3"
      },
      {
        "para_id": "1926.2737",
        "lang": "pt",
        "refcode": "AV 255.3"
      },
      {
        "para_id": "12664.1828",
        "lang": "ru",
        "refcode": "НВП 258.3"
      },
      {
        "para_id": "12665.2040",
        "lang": "uk",
        "refcode": "ННП 299.3"
      }
    ]
  },
  {
    "para_id": "81.1815",
    "id_prev": "81.1814",
    "id_next": "81.1816",
    "refcode_1": "OHC",
    "refcode_2": "258",
    "refcode_3": "4",
    "refcode_4": "",
    "refcode_short": "OHC 258.4",
    "refcode_long": "Our High Calling, p. 258.4 (Ellen Gould White)",
    "element_type": "p",
    "element_subtype": "standard-indented",
    "content": "The Lord Jesus cannot keep any soul who places himself upon the enemy&apos;s ground and surrounds himself with the society of those who prefer such conversation and conduct as is an offense to the God he reveres and loves....",
    "puborder": 1574,
    "translations": [
      {
        "para_id": "1778.1861",
        "lang": "es",
        "refcode": "NEV 260.4"
      },
      {
        "para_id": "1926.2738",
        "lang": "pt",
        "refcode": "AV 255.4"
      },
      {
        "para_id": "12664.1829",
        "lang": "ru",
        "refcode": "НВП 258.4"
      },
      {
        "para_id": "12665.2041",
        "lang": "uk",
        "refcode": "ННП 299.4"
      }
    ]
  },
  {
    "para_id": "81.1816",
    "id_prev": "81.1815",
    "id_next": "81.1818",
    "refcode_1": "OHC",
    "refcode_2": "258",
    "refcode_3": "5",
    "refcode_4": "",
    "refcode_short": "OHC 258.5",
    "refcode_long": "Our High Calling, p. 258.5 (Ellen Gould White)",
    "element_type": "p",
    "element_subtype": "standard-indented",
    "content": "Cling close to those who will have an uplifting tendency, whose souls are surrounded with a pure and holy atmosphere.... God will be nearer to your heart, more in your thoughts, because you have separated from the world and from influences that would lead you away from the truth, and you will be less compassed with the snares of Satan.<sup class=\"bookendnote\"><a class=\"bookendnote\">18<span class=\"bookendnote\"><span class=\"egwlink egwlink_book\" title=\"Lt 51, 1894\" data-link=\"14059.4894001\">Letter 51, 1894</span>.</span></a></sup>",
    "puborder": 1575,
    "translations": [
      {
        "para_id": "1778.1862",
        "lang": "es",
        "refcode": "NEV 260.5"
      },
      {
        "para_id": "1926.2739",
        "lang": "pt",
        "refcode": "AV 255.5"
      },
      {
        "para_id": "12664.1830",
        "lang": "ru",
        "refcode": "НВП 258.5"
      },
      {
        "para_id": "12665.2042",
        "lang": "uk",
        "refcode": "ННП 299.5"
      }
    ]
  }
]