[
  {
    "para_id": "81.2459",
    "id_prev": "81.2457",
    "id_next": "81.2460",
    "refcode_1": "OHC",
    "refcode_2": "349",
    "refcode_3": "",
    "refcode_4": "343",
    "refcode_short": "OHC 349",
    "refcode_long": "Our High Calling, p. 349 (Ellen Gould White)",
    "element_type": "h3",
    "element_subtype": "",
    "content": "The Rags of Self-righteousness, December 9",
    "puborder": 2130,
    "translations": [
      {
        "para_id": "1778.2509",
        "lang": "es",
        "refcode": "NEV 351"
      },
      {
        "para_id": "1926.3714",
        "lang": "pt",
        "refcode": "AV 347"
      },
      {
        "para_id": "12664.2474",
        "lang": "ru",
        "refcode": "НВП 349"
      },
      {
        "para_id": "12665.2774",
        "lang": "uk",
        "refcode": "ННП 405"
      }
    ]
  },
  {
    "para_id": "81.2460",
    "id_prev": "81.2459",
    "id_next": "81.2461",
    "refcode_1": "OHC",
    "refcode_2": "349",
    "refcode_3": "1",
    "refcode_4": "",
    "refcode_short": "OHC 349.1",
    "refcode_long": "Our High Calling, p. 349.1 (Ellen Gould White)",
    "element_type": "p",
    "element_subtype": "devotionaltext",
    "content": "Because thou sayest, I am rich, and increased with goods, and have need of nothing; and knowest not that thou art wretched, and miserable, and poor, and blind, and naked. <span class=\"egwlink egwlink_bible\" title=\"Revelation 3:17\" data-link=\"1965.62765\">Revelation 3:17</span>.",
    "puborder": 2131,
    "translations": [
      {
        "para_id": "1778.2510",
        "lang": "es",
        "refcode": "NEV 351.1"
      },
      {
        "para_id": "1926.3715",
        "lang": "pt",
        "refcode": "AV 347.3"
      },
      {
        "para_id": "12664.2475",
        "lang": "ru",
        "refcode": "НВП 349.1"
      },
      {
        "para_id": "12665.2775",
        "lang": "uk",
        "refcode": "ННП 405.6"
      }
    ]
  },
  {
    "para_id": "81.2461",
    "id_prev": "81.2460",
    "id_next": "81.2462",
    "refcode_1": "OHC",
    "refcode_2": "349",
    "refcode_3": "2",
    "refcode_4": "",
    "refcode_short": "OHC 349.2",
    "refcode_long": "Our High Calling, p. 349.2 (Ellen Gould White)",
    "element_type": "p",
    "element_subtype": "standard-indented",
    "content": "How plainly is pictured the position of those who think they have all the truth, who take pride in their knowledge of the Word of God, while its sanctifying power has not been felt in their lives. The fervor of the love of God is wanting in their hearts.<sup class=\"bookendnote\"><a class=\"bookendnote\">16<span class=\"bookendnote\"><span class=\"egwlink egwlink_book\" title=\"7BC 961\" data-link=\"96.803\">SDA Bible Commentary 7:961</span>.</span></a></sup>",
    "puborder": 2132,
    "translations": [
      {
        "para_id": "1778.2511",
        "lang": "es",
        "refcode": "NEV 351.2"
      },
      {
        "para_id": "1926.3716",
        "lang": "pt",
        "refcode": "AV 347.4"
      },
      {
        "para_id": "12664.2476",
        "lang": "ru",
        "refcode": "НВП 349.2"
      },
      {
        "para_id": "12665.2777",
        "lang": "uk",
        "refcode": "ННП 406.1"
      }
    ]
  },
  {
    "para_id": "81.2462",
    "id_prev": "81.2461",
    "id_next": "81.2463",
    "refcode_1": "OHC",
    "refcode_2": "349",
    "refcode_3": "3",
    "refcode_4": "",
    "refcode_short": "OHC 349.3",
    "refcode_long": "Our High Calling, p. 349.3 (Ellen Gould White)",
    "element_type": "p",
    "element_subtype": "standard-indented",
    "content": "Many are Laodiceans, living in a spiritual self-deception. They clothe themselves in the garments of their own righteousness, imagining themselves to be rich and increased with goods and in need of nothing, when they need daily to learn of Jesus, His meekness and lowliness.<sup class=\"bookendnote\"><a class=\"bookendnote\">17<span class=\"bookendnote\"><span class=\"egwlink egwlink_book\" title=\"7BC 962\" data-link=\"96.814\">SDA Bible Commentary 7:962</span>.</span></a></sup>",
    "puborder": 2133,
    "translations": [
      {
        "para_id": "1778.2512",
        "lang": "es",
        "refcode": "NEV 351.3"
      },
      {
        "para_id": "1926.3717",
        "lang": "pt",
        "refcode": "AV 347.5"
      },
      {
        "para_id": "12664.2477",
        "lang": "ru",
        "refcode": "НВП 349.3"
      },
      {
        "para_id": "12665.2778",
        "lang": "uk",
        "refcode": "ННП 406.2"
      }
    ]
  },
  {
    "para_id": "81.2463",
    "id_prev": "81.2462",
    "id_next": "81.2464",
    "refcode_1": "OHC",
    "refcode_2": "349",
    "refcode_3": "4",
    "refcode_4": "",
    "refcode_short": "OHC 349.4",
    "refcode_long": "Our High Calling, p. 349.4 (Ellen Gould White)",
    "element_type": "p",
    "element_subtype": "standard-indented",
    "content": "What is it that constitutes the wretchedness, the nakedness, of those who feel rich and increased with goods? It is the want of the righteousness of Christ. In their own righteousness they are represented as clothed with filthy rags, and yet in this condition they flatter themselves that they are clothed upon with Christ&apos;s righteousness.... They may be crying, &ldquo;The temple of the Lord, the temple of the Lord are we,&rdquo; while their hearts are filled with unholy traffic and unrighteous barter. The courts of the soul temple may be the haunt of envy, pride, passion, evil surmising, bitterness, and hollow formalism. Christ looks mournfully upon His professed people who feel rich and increased in the knowledge of the truth, and who are yet destitute of the truth in life and character.<sup class=\"bookendnote\"><a class=\"bookendnote\">18<span class=\"bookendnote\"><span class=\"egwlink egwlink_book\" title=\"RH 8-7-1894\" data-link=\"821.13687\">The Review and Herald, August 7, 1894</span>.</span></a></sup>",
    "puborder": 2134,
    "translations": [
      {
        "para_id": "1778.2513",
        "lang": "es",
        "refcode": "NEV 351.4"
      },
      {
        "para_id": "1926.3718",
        "lang": "pt",
        "refcode": "AV 347.6"
      },
      {
        "para_id": "12664.2478",
        "lang": "ru",
        "refcode": "НВП 349.4"
      },
      {
        "para_id": "12665.2779",
        "lang": "uk",
        "refcode": "ННП 406.3"
      }
    ]
  },
  {
    "para_id": "81.2464",
    "id_prev": "81.2463",
    "id_next": "81.2465",
    "refcode_1": "OHC",
    "refcode_2": "349",
    "refcode_3": "5",
    "refcode_4": "",
    "refcode_short": "OHC 349.5",
    "refcode_long": "Our High Calling, p. 349.5 (Ellen Gould White)",
    "element_type": "p",
    "element_subtype": "standard-indented",
    "content": "Jesus says, &ldquo;I, your Redeemer, know your works. I am familiar with the motives that prompt you to declare boastingly in regard to your spiritual condition, &lsquo;I am rich, and increased with goods, and have need of nothing.&rsquo; Thou &lsquo;knowest not that thou art wretched, and miserable, and poor, and blind, and naked.&rsquo;&rdquo; ... What a position to be in! They stand in their own light.",
    "puborder": 2135,
    "translations": [
      {
        "para_id": "1778.2514",
        "lang": "es",
        "refcode": "NEV 351.5"
      },
      {
        "para_id": "1926.3721",
        "lang": "pt",
        "refcode": "AV 348.1"
      },
      {
        "para_id": "12664.2479",
        "lang": "ru",
        "refcode": "НВП 349.5"
      },
      {
        "para_id": "12665.2780",
        "lang": "uk",
        "refcode": "ННП 406.4"
      }
    ]
  },
  {
    "para_id": "81.2465",
    "id_prev": "81.2464",
    "id_next": "81.2467",
    "refcode_1": "OHC",
    "refcode_2": "349",
    "refcode_3": "6",
    "refcode_4": "",
    "refcode_short": "OHC 349.6",
    "refcode_long": "Our High Calling, p. 349.6 (Ellen Gould White)",
    "element_type": "p",
    "element_subtype": "standard-indented",
    "content": "But notwithstanding their willful ignorance, they are not left by the Lord without added warning and counsel.<sup class=\"bookendnote\"><a class=\"bookendnote\">19<span class=\"bookendnote\"><span class=\"egwlink egwlink_book\" title=\"7BC 963\" data-link=\"96.825\">SDA Bible Commentary 7:963</span>.</span></a></sup>",
    "puborder": 2136,
    "translations": [
      {
        "para_id": "1778.2515",
        "lang": "es",
        "refcode": "NEV 351.6"
      },
      {
        "para_id": "1926.3722",
        "lang": "pt",
        "refcode": "AV 348.2"
      },
      {
        "para_id": "12664.2663",
        "lang": "ru",
        "refcode": "НВП 349.6"
      },
      {
        "para_id": "12665.2781",
        "lang": "uk",
        "refcode": "ННП 406.5"
      }
    ]
  }
]