[
  {
    "para_id": "81.641",
    "id_prev": "81.639",
    "id_next": "81.642",
    "refcode_1": "OHC",
    "refcode_2": "96",
    "refcode_3": "",
    "refcode_4": "90",
    "refcode_short": "OHC 96",
    "refcode_long": "Our High Calling, p. 96 (Ellen Gould White)",
    "element_type": "h3",
    "element_subtype": "",
    "content": "The Closer, the Safer, March 31",
    "puborder": 556,
    "translations": [
      {
        "para_id": "1778.682",
        "lang": "es",
        "refcode": "NEV 98"
      },
      {
        "para_id": "1926.944",
        "lang": "pt",
        "refcode": "AV 91"
      },
      {
        "para_id": "12664.647",
        "lang": "ru",
        "refcode": "НВП 96"
      },
      {
        "para_id": "12665.722",
        "lang": "uk",
        "refcode": "ННП 108"
      }
    ]
  },
  {
    "para_id": "81.642",
    "id_prev": "81.641",
    "id_next": "81.643",
    "refcode_1": "OHC",
    "refcode_2": "96",
    "refcode_3": "1",
    "refcode_4": "",
    "refcode_short": "OHC 96.1",
    "refcode_long": "Our High Calling, p. 96.1 (Ellen Gould White)",
    "element_type": "p",
    "element_subtype": "devotionaltext",
    "content": "Draw nigh to God, and he will draw nigh to you. Cleanse your hands, ye sinners; and purify your hearts, ye double minded. <span class=\"egwlink egwlink_bible\" title=\"James 4:8\" data-link=\"1965.61902\">James 4:8</span>.",
    "puborder": 557,
    "translations": [
      {
        "para_id": "1778.683",
        "lang": "es",
        "refcode": "NEV 98.1"
      },
      {
        "para_id": "1926.945",
        "lang": "pt",
        "refcode": "AV 91.1"
      },
      {
        "para_id": "12664.648",
        "lang": "ru",
        "refcode": "НВП 96.1"
      },
      {
        "para_id": "12665.723",
        "lang": "uk",
        "refcode": "ННП 108.1"
      }
    ]
  },
  {
    "para_id": "81.643",
    "id_prev": "81.642",
    "id_next": "81.644",
    "refcode_1": "OHC",
    "refcode_2": "96",
    "refcode_3": "2",
    "refcode_4": "",
    "refcode_short": "OHC 96.2",
    "refcode_long": "Our High Calling, p. 96.2 (Ellen Gould White)",
    "element_type": "p",
    "element_subtype": "standard-indented",
    "content": "&ldquo;Draw nigh to God.&rdquo; How? By secret, earnest examination of your own heart, by childlike, heartfelt, humble dependence upon God, making known all your weakness to Jesus, and by confessing your sins.<sup class=\"bookendnote\"><a class=\"bookendnote\">62<span class=\"bookendnote\"><span class=\"egwlink egwlink_book\" title=\"7BC 938\" data-link=\"96.510\">SDA Bible Commentary 7:938</span>.</span></a></sup>",
    "puborder": 558,
    "translations": [
      {
        "para_id": "1778.684",
        "lang": "es",
        "refcode": "NEV 98.2"
      },
      {
        "para_id": "1926.946",
        "lang": "pt",
        "refcode": "AV 91.2"
      },
      {
        "para_id": "12664.649",
        "lang": "ru",
        "refcode": "НВП 96.2"
      },
      {
        "para_id": "12665.724",
        "lang": "uk",
        "refcode": "ННП 108.2"
      }
    ]
  },
  {
    "para_id": "81.644",
    "id_prev": "81.643",
    "id_next": "81.645",
    "refcode_1": "OHC",
    "refcode_2": "96",
    "refcode_3": "3",
    "refcode_4": "",
    "refcode_short": "OHC 96.3",
    "refcode_long": "Our High Calling, p. 96.3 (Ellen Gould White)",
    "element_type": "p",
    "element_subtype": "standard-indented",
    "content": "We cannot draw nigh to God and behold His loveliness and compassion without realizing our defects and being filled with a desire to rise higher. &ldquo;And he will draw nigh to you.&rdquo; The Lord will draw nigh to him who confesses to his brethren the wrongs he has done them, and then comes to God in humility and contrition.",
    "puborder": 559,
    "translations": [
      {
        "para_id": "1778.685",
        "lang": "es",
        "refcode": "NEV 98.3"
      },
      {
        "para_id": "1926.947",
        "lang": "pt",
        "refcode": "AV 91.3"
      },
      {
        "para_id": "12664.650",
        "lang": "ru",
        "refcode": "НВП 96.3"
      },
      {
        "para_id": "12665.725",
        "lang": "uk",
        "refcode": "ННП 108.3"
      }
    ]
  },
  {
    "para_id": "81.645",
    "id_prev": "81.644",
    "id_next": "81.646",
    "refcode_1": "OHC",
    "refcode_2": "96",
    "refcode_3": "4",
    "refcode_4": "",
    "refcode_short": "OHC 96.4",
    "refcode_long": "Our High Calling, p. 96.4 (Ellen Gould White)",
    "element_type": "p",
    "element_subtype": "standard-indented",
    "content": "He who feels his own danger is on the watch lest he shall grieve the Holy Spirit and then draw away from God because he knows that He is not pleased with his course of action. How much better and safer it is to draw nigh to God, that the pure light shining from His Word may heal the wounds that sin has made in the soul. The closer we are to God, the safer we are, for Satan hates and fears the presence of God.<sup class=\"bookendnote\"><a class=\"bookendnote\">63<span class=\"bookendnote\"><span class=\"egwlink egwlink_book\" title=\"7BC 937\" data-link=\"96.498\">SDA Bible Commentary 7:937</span>.</span></a></sup>",
    "puborder": 560,
    "translations": [
      {
        "para_id": "1778.686",
        "lang": "es",
        "refcode": "NEV 98.4"
      },
      {
        "para_id": "1926.948",
        "lang": "pt",
        "refcode": "AV 91.4"
      },
      {
        "para_id": "12664.651",
        "lang": "ru",
        "refcode": "НВП 96.4"
      },
      {
        "para_id": "12665.726",
        "lang": "uk",
        "refcode": "ННП 108.4"
      }
    ]
  },
  {
    "para_id": "81.646",
    "id_prev": "81.645",
    "id_next": "81.647",
    "refcode_1": "OHC",
    "refcode_2": "96",
    "refcode_3": "5",
    "refcode_4": "",
    "refcode_short": "OHC 96.5",
    "refcode_long": "Our High Calling, p. 96.5 (Ellen Gould White)",
    "element_type": "p",
    "element_subtype": "standard-indented",
    "content": "Draw nigh to Him by prayer, by contemplation, by reading His Word. When He draws nigh to you, He lifts up for you a standard against the enemy. Let us take courage; for the enemy cannot pass this standard.<sup class=\"bookendnote\"><a class=\"bookendnote\">64<span class=\"bookendnote\"><span class=\"egwlink egwlink_book\" title=\"7BC 937\" data-link=\"96.498\">SDA Bible Commentary 7:937, 938</span>.</span></a></sup>",
    "puborder": 561,
    "translations": [
      {
        "para_id": "1778.687",
        "lang": "es",
        "refcode": "NEV 98.5"
      },
      {
        "para_id": "1926.950",
        "lang": "pt",
        "refcode": "AV 92.1"
      },
      {
        "para_id": "12664.652",
        "lang": "ru",
        "refcode": "НВП 96.5"
      },
      {
        "para_id": "12665.727",
        "lang": "uk",
        "refcode": "ННП 108.5"
      }
    ]
  },
  {
    "para_id": "81.647",
    "id_prev": "81.646",
    "id_next": "81.648",
    "refcode_1": "OHC",
    "refcode_2": "96",
    "refcode_3": "6",
    "refcode_4": "",
    "refcode_short": "OHC 96.6",
    "refcode_long": "Our High Calling, p. 96.6 (Ellen Gould White)",
    "element_type": "p",
    "element_subtype": "standard-indented",
    "content": "If we draw nigh to God, individually, then don&apos;t you see what the result will be? Can&apos;t you see that we will draw nigh to one another? We cannot draw nigh to God, and come to the same cross, without our hearts being blended together in perfect unity, answering the prayer of Christ that they may be one as He is one with the Father. And therefore we should seek in spirit, in understanding, in faith, that we may be one, that God may be glorified in us as He is glorified in the Son; and that God shall love us as He loves the Son.<sup class=\"bookendnote\"><a class=\"bookendnote\">65<span class=\"bookendnote\"><span class=\"egwlink egwlink_book\" title=\"7BC 937\" data-link=\"96.498\">SDA Bible Commentary 7:937</span>.</span></a></sup>",
    "puborder": 562,
    "translations": [
      {
        "para_id": "1778.688",
        "lang": "es",
        "refcode": "NEV 98.6"
      },
      {
        "para_id": "1926.951",
        "lang": "pt",
        "refcode": "AV 92.2"
      },
      {
        "para_id": "12664.653",
        "lang": "ru",
        "refcode": "НВП 96.6"
      },
      {
        "para_id": "12665.728",
        "lang": "uk",
        "refcode": "ННП 108.6"
      }
    ]
  },
  {
    "para_id": "81.648",
    "id_prev": "81.647",
    "id_next": "81.2626",
    "refcode_1": "OHC",
    "refcode_2": "96",
    "refcode_3": "7",
    "refcode_4": "",
    "refcode_short": "OHC 96.7",
    "refcode_long": "Our High Calling, p. 96.7 (Ellen Gould White)",
    "element_type": "p",
    "element_subtype": "standard-indented",
    "content": "The soul that loves God, loves to draw strength from Him by constant communion with Him. When it becomes the habit of the soul to converse with God, the power of the evil one is broken; for Satan cannot abide near the soul that draws nigh unto God.<sup class=\"bookendnote\"><a class=\"bookendnote\">66<span class=\"bookendnote\"><span class=\"egwlink egwlink_book\" title=\"7BC 937\" data-link=\"96.498\">SDA Bible Commentary 7:937</span>.</span></a></sup>",
    "puborder": 563,
    "translations": [
      {
        "para_id": "1778.689",
        "lang": "es",
        "refcode": "NEV 98.7"
      },
      {
        "para_id": "1926.952",
        "lang": "pt",
        "refcode": "AV 92.3"
      },
      {
        "para_id": "12664.654",
        "lang": "ru",
        "refcode": "НВП 96.7"
      },
      {
        "para_id": "12665.731",
        "lang": "uk",
        "refcode": "ННП 109.1"
      }
    ]
  }
]