[
  {
    "para_id": "81.701",
    "id_prev": "81.699",
    "id_next": "81.702",
    "refcode_1": "OHC",
    "refcode_2": "103",
    "refcode_3": "",
    "refcode_4": "97",
    "refcode_short": "OHC 103",
    "refcode_long": "Our High Calling, p. 103 (Ellen Gould White)",
    "element_type": "h3",
    "element_subtype": "",
    "content": "The True Force of the Will, April 7",
    "puborder": 610,
    "translations": [
      {
        "para_id": "1778.742",
        "lang": "es",
        "refcode": "NEV 105"
      },
      {
        "para_id": "1926.1030",
        "lang": "pt",
        "refcode": "AV 98"
      },
      {
        "para_id": "12664.708",
        "lang": "ru",
        "refcode": "НВП 103"
      },
      {
        "para_id": "12665.790",
        "lang": "uk",
        "refcode": "ННП 118"
      }
    ]
  },
  {
    "para_id": "81.702",
    "id_prev": "81.701",
    "id_next": "81.703",
    "refcode_1": "OHC",
    "refcode_2": "103",
    "refcode_3": "1",
    "refcode_4": "",
    "refcode_short": "OHC 103.1",
    "refcode_long": "Our High Calling, p. 103.1 (Ellen Gould White)",
    "element_type": "p",
    "element_subtype": "devotionaltext",
    "content": "For if there be first a willing mind, it is accepted according to that a man hath, and not according to that he hath not. <span class=\"egwlink egwlink_bible\" title=\"2 Corinthians 8:12\" data-link=\"1965.59024\">2 Corinthians 8:12</span>.",
    "puborder": 611,
    "translations": [
      {
        "para_id": "1778.743",
        "lang": "es",
        "refcode": "NEV 105.1"
      },
      {
        "para_id": "1926.1031",
        "lang": "pt",
        "refcode": "AV 98.6"
      },
      {
        "para_id": "12664.709",
        "lang": "ru",
        "refcode": "НВП 103.1"
      },
      {
        "para_id": "12665.791",
        "lang": "uk",
        "refcode": "ННП 118.1"
      }
    ]
  },
  {
    "para_id": "81.703",
    "id_prev": "81.702",
    "id_next": "81.704",
    "refcode_1": "OHC",
    "refcode_2": "103",
    "refcode_3": "2",
    "refcode_4": "",
    "refcode_short": "OHC 103.2",
    "refcode_long": "Our High Calling, p. 103.2 (Ellen Gould White)",
    "element_type": "p",
    "element_subtype": "standard-indented",
    "content": "Pure religion has to do with the will. The will is the governing power in the nature of man, bringing all the other faculties under its sway. The will is not the taste or the inclination, but it is the deciding power which works in the children of men unto obedience to God or unto disobedience....",
    "puborder": 612,
    "translations": [
      {
        "para_id": "1778.744",
        "lang": "es",
        "refcode": "NEV 105.2"
      },
      {
        "para_id": "1926.1032",
        "lang": "pt",
        "refcode": "AV 98.7"
      },
      {
        "para_id": "12664.710",
        "lang": "ru",
        "refcode": "НВП 103.2"
      },
      {
        "para_id": "12665.792",
        "lang": "uk",
        "refcode": "ННП 118.2"
      }
    ]
  },
  {
    "para_id": "81.704",
    "id_prev": "81.703",
    "id_next": "81.705",
    "refcode_1": "OHC",
    "refcode_2": "103",
    "refcode_3": "3",
    "refcode_4": "",
    "refcode_short": "OHC 103.3",
    "refcode_long": "Our High Calling, p. 103.3 (Ellen Gould White)",
    "element_type": "p",
    "element_subtype": "standard-indented",
    "content": "You desire to make your life such as will fit you for heaven at last. You are often discouraged at finding yourself weak in moral power, in slavery to doubt, and controlled by the habits and customs of your old life in sin.... Your promises are like ropes of sand....",
    "puborder": 613,
    "translations": [
      {
        "para_id": "1778.745",
        "lang": "es",
        "refcode": "NEV 105.3"
      },
      {
        "para_id": "1926.1033",
        "lang": "pt",
        "refcode": "AV 98.8"
      },
      {
        "para_id": "12664.711",
        "lang": "ru",
        "refcode": "НВП 103.3"
      },
      {
        "para_id": "12665.793",
        "lang": "uk",
        "refcode": "ННП 118.3"
      }
    ]
  },
  {
    "para_id": "81.705",
    "id_prev": "81.704",
    "id_next": "81.706",
    "refcode_1": "OHC",
    "refcode_2": "103",
    "refcode_3": "4",
    "refcode_4": "",
    "refcode_short": "OHC 103.4",
    "refcode_long": "Our High Calling, p. 103.4 (Ellen Gould White)",
    "element_type": "p",
    "element_subtype": "standard-indented",
    "content": "You will be in constant peril until you understand the true force of the will. You may believe and promise all things, but your promises or your faith are of no value until you put your will on the side of faith and action. If you fight the fight of faith with all your will power, you will conquer. Your feelings, your impressions, your emotions, are not to be trusted, for they are not reliable....",
    "puborder": 614,
    "translations": [
      {
        "para_id": "1778.746",
        "lang": "es",
        "refcode": "NEV 105.4"
      },
      {
        "para_id": "1926.1036",
        "lang": "pt",
        "refcode": "AV 99.1"
      },
      {
        "para_id": "12664.712",
        "lang": "ru",
        "refcode": "НВП 103.4"
      },
      {
        "para_id": "12665.794",
        "lang": "uk",
        "refcode": "ННП 118.4"
      }
    ]
  },
  {
    "para_id": "81.706",
    "id_prev": "81.705",
    "id_next": "81.707",
    "refcode_1": "OHC",
    "refcode_2": "103",
    "refcode_3": "5",
    "refcode_4": "",
    "refcode_short": "OHC 103.5",
    "refcode_long": "Our High Calling, p. 103.5 (Ellen Gould White)",
    "element_type": "p",
    "element_subtype": "standard-indented",
    "content": "But you need not despair.... It is for you to yield up your will to the will of Jesus Christ; and as you do this, God will immediately take possession and work in you to will and to do of His good pleasure. Your whole nature will then be brought under the control of the Spirit of Christ, and even your thoughts will be subject to Him. You cannot control your impulses, your emotions, as you may desire; but you can control the will, and you can make an entire change in your life. By yielding up your will to Christ, your life will be hid with Christ in God and allied to the power which is above all principalities and powers. You will have strength from God that will hold you fast to His strength; and a new light, even the light of living faith, will be possible to you. But your will must cooperate with God&apos;s will....",
    "puborder": 615,
    "translations": [
      {
        "para_id": "1778.747",
        "lang": "es",
        "refcode": "NEV 105.5"
      },
      {
        "para_id": "1926.1037",
        "lang": "pt",
        "refcode": "AV 99.2"
      },
      {
        "para_id": "12664.713",
        "lang": "ru",
        "refcode": "НВП 103.5"
      },
      {
        "para_id": "12665.795",
        "lang": "uk",
        "refcode": "ННП 118.5"
      }
    ]
  },
  {
    "para_id": "81.707",
    "id_prev": "81.706",
    "id_next": "81.709",
    "refcode_1": "OHC",
    "refcode_2": "103",
    "refcode_3": "6",
    "refcode_4": "",
    "refcode_short": "OHC 103.6",
    "refcode_long": "Our High Calling, p. 103.6 (Ellen Gould White)",
    "element_type": "p",
    "element_subtype": "standard-indented",
    "content": "Will you not say, &ldquo;I will give my will to Jesus, and I will do it now,&rdquo; and from this moment be wholly on the Lord&apos;s side? <sup class=\"bookendnote\"><a class=\"bookendnote\">18<span class=\"bookendnote\"><span class=\"egwlink egwlink_book\" title=\"5T 513\" data-link=\"113.2509\">Testimonies for the Church 5:513, 514</span>.</span></a></sup>",
    "puborder": 616,
    "translations": [
      {
        "para_id": "1778.748",
        "lang": "es",
        "refcode": "NEV 105.6"
      },
      {
        "para_id": "1926.1038",
        "lang": "pt",
        "refcode": "AV 99.3"
      },
      {
        "para_id": "12664.714",
        "lang": "ru",
        "refcode": "НВП 103.6"
      },
      {
        "para_id": "12665.797",
        "lang": "uk",
        "refcode": "ННП 119.1"
      }
    ]
  }
]