[
  {
    "para_id": "61.2338",
    "id_prev": "61.2290",
    "id_next": "61.2337",
    "refcode_1": "1MR",
    "refcode_2": "257",
    "refcode_3": "",
    "refcode_4": "41",
    "refcode_short": "1MR 257",
    "refcode_long": "Manuscript Releases, vol. 1 [Nos. 19-96], p. 257 (Ellen Gould White)",
    "element_type": "h3",
    "element_subtype": "",
    "content": "MR No. 57&mdash;Supplementary material for the SDA Bible Commentary, Vol. 2",
    "puborder": 1085,
    "translations": []
  },
  {
    "para_id": "61.2337",
    "id_prev": "61.2338",
    "id_next": "61.1451",
    "refcode_1": "1MR",
    "refcode_2": "257",
    "refcode_3": "",
    "refcode_4": "42",
    "refcode_short": "1MR 257",
    "refcode_long": "Manuscript Releases, vol. 1 [Nos. 19-96], p. 257 (Ellen Gould White)",
    "element_type": "h3",
    "element_subtype": "",
    "content": "MR No. 58&mdash;The Same as <span class=\"egwlink egwlink_book\" title=\"1MR 222\" data-link=\"61.1251\">Manuscript Release No. 55a</span>",
    "puborder": 1086,
    "translations": []
  },
  {
    "para_id": "61.1451",
    "id_prev": "61.2337",
    "id_next": "61.1452",
    "refcode_1": "1MR",
    "refcode_2": "258",
    "refcode_3": "",
    "refcode_4": "43",
    "refcode_short": "1MR 258",
    "refcode_long": "Manuscript Releases, vol. 1 [Nos. 19-96], p. 258 (Ellen Gould White)",
    "element_type": "h3",
    "element_subtype": "",
    "content": "MR No. 59&mdash;Statements Regarding the Oakland Church",
    "puborder": 1087,
    "translations": []
  },
  {
    "para_id": "61.1452",
    "id_prev": "61.1451",
    "id_next": "61.1453",
    "refcode_1": "1MR",
    "refcode_2": "258",
    "refcode_3": "1",
    "refcode_4": "",
    "refcode_short": "1MR 258.1",
    "refcode_long": "Manuscript Releases, vol. 1 [Nos. 19-96], p. 258.1 (Ellen Gould White)",
    "element_type": "p",
    "element_subtype": "standard-indented",
    "content": "I am instructed that we have an important work to do in Oakland at the present time. In the planning of this work wise counsellors are needed. The Lord calls for workers, earnest, prayerful, faithful workers to undertake that which needs to be done. We need many consecrated laborers to carry on missionary work in Oakland. In the surrounding settlements are also interests that should be cared for, where a call should be given to those in the highways and those in the byways.",
    "puborder": 1088,
    "translations": []
  },
  {
    "para_id": "61.1453",
    "id_prev": "61.1452",
    "id_next": "61.1454",
    "refcode_1": "1MR",
    "refcode_2": "258",
    "refcode_3": "2",
    "refcode_4": "",
    "refcode_short": "1MR 258.2",
    "refcode_long": "Manuscript Releases, vol. 1 [Nos. 19-96], p. 258.2 (Ellen Gould White)",
    "element_type": "p",
    "element_subtype": "standard-indented",
    "content": "Strong men should be set to work in Oakland; men and women of experience should be brought in as educators, and workers should be trained, that the work may be carried forward in strong, even lines.&mdash;<span class=\"egwlink egwlink_book\" title=\"Ms 67, 1906\" data-link=\"14071.8328001\">Manuscript 67, 1906, 1</span>. (<span class=\"non-egw-comment\">&ldquo;The Work in Oakland,&rdquo; August 6, 1906</span>.)",
    "puborder": 1089,
    "translations": []
  },
  {
    "para_id": "61.1454",
    "id_prev": "61.1453",
    "id_next": "61.1457",
    "refcode_1": "1MR",
    "refcode_2": "258",
    "refcode_3": "3",
    "refcode_4": "",
    "refcode_short": "1MR 258.3",
    "refcode_long": "Manuscript Releases, vol. 1 [Nos. 19-96], p. 258.3 (Ellen Gould White)",
    "element_type": "p",
    "element_subtype": "standard-indented",
    "content": "God&apos;s people are to stand as lights in the world. They are to realize that upon them rests the solemn responsibility of reflecting rays of light upon the pathway of those who are not keeping the commandments of God. Christ Himself has declared, &ldquo;Ye are the light of the world&rdquo; (<span class=\"egwlink egwlink_bible\" title=\"Matthew 5:14\" data-link=\"1965.47473\">Matthew 5:14</span>). We are to seek to be light bearers. And when the light of divine truth shines forth with distinctness from the words and works of God&apos;s children, will there be seen any quarreling, any backbiting, among the light bearers? The world will see no dissension in the lives of those from whom the light of heaven is shed abroad. Brethren and sisters, as you let your light shine before men, they will &ldquo;see <em>your good works</em>, and glorify your Father which is in heaven&rdquo; (<span class=\"egwlink egwlink_bible\" title=\"Matthew 5:16\" data-link=\"1965.47477\">Matthew 5:16</span>). A precious influence will go forth as the result of these good works, that will bring salvation to those who behold it. God desires <span class=\"page-break\" data-page=\"259\"></span> that we keep our light constantly shining.&mdash;<span class=\"egwlink egwlink_book\" title=\"Ms 95, 1906\" data-link=\"14071.8872001\">Manuscript 95, 1906, 3</span>. (<span class=\"non-egw-comment\">&ldquo;Lessons from the Fifteenth of Romans,&rdquo; October 20, 1906</span>.)",
    "puborder": 1090,
    "translations": []
  },
  {
    "para_id": "61.1457",
    "id_prev": "61.1454",
    "id_next": "61.1458",
    "refcode_1": "1MR",
    "refcode_2": "259",
    "refcode_3": "1",
    "refcode_4": "",
    "refcode_short": "1MR 259.1",
    "refcode_long": "Manuscript Releases, vol. 1 [Nos. 19-96], p. 259.1 (Ellen Gould White)",
    "element_type": "p",
    "element_subtype": "standard-indented",
    "content": "In my sleep I seemed to be speaking before large congregations in Oakland and other places. I was reading to them the words found in the 40th and 41st chapters of Isaiah, and dwelling upon their significance. The Spirit of the Lord seemed to come upon me in large measure. I knew that holy angels were in the meeting. Although some in the congregation seemed to be indifferent to the words spoken, there were others who were making an effort to be free in Christ. The faces of these were lighted up. The Lord was in our midst.",
    "puborder": 1091,
    "translations": []
  },
  {
    "para_id": "61.1458",
    "id_prev": "61.1457",
    "id_next": "61.1459",
    "refcode_1": "1MR",
    "refcode_2": "259",
    "refcode_3": "2",
    "refcode_4": "",
    "refcode_short": "1MR 259.2",
    "refcode_long": "Manuscript Releases, vol. 1 [Nos. 19-96], p. 259.2 (Ellen Gould White)",
    "element_type": "p",
    "element_subtype": "standard-indented",
    "content": "A great work will be accomplished by the people of God if they will work in unity and unselfishness and with humility of heart. All self-exaltation must be seen and put away. Truth and righteousness alone will stand the test for this time. We need to have the Spirit of God daily with us, that we may be kept from all evil thoughts and unwise actions, from lifting the soul unto vanity. We should fear lest our eyes become blinded to our individual spiritual needs in these perilous times. Many professed believers have been allowing themselves to become absorbed in the upbuilding of selfish interests. We are now to awake out of sleep. <span class=\"egwlink egwlink_book\" title=\"Lt 46, 1909\" data-link=\"14074.8371001\">Letter 46, 1909</span>, p. 4. (<span class=\"non-egw-comment\">To Elder S. N. Haskell, February 26, 1909</span>.)",
    "puborder": 1092,
    "translations": []
  },
  {
    "para_id": "61.1459",
    "id_prev": "61.1458",
    "id_next": "61.1462",
    "refcode_1": "1MR",
    "refcode_2": "259",
    "refcode_3": "3",
    "refcode_4": "",
    "refcode_short": "1MR 259.3",
    "refcode_long": "Manuscript Releases, vol. 1 [Nos. 19-96], p. 259.3 (Ellen Gould White)",
    "element_type": "p",
    "element_subtype": "standard-indented",
    "content": "I am bidden to lift up my voice like a trumpet, and to speak plainly concerning the perils that surround our children and youth. Satan is actively at work, laying the stumbling blocks in the way of their Christian advancement. He has many schemes by which to deceive souls and to destroy the spiritual discernment that evil may be interpreted as righteousness. One of his most successful schemes is to place within their reach the foolish storybook to <span class=\"page-break\" data-page=\"260\"></span> read, when they need the convicting power of the word of the living God to impress mind and heart.",
    "puborder": 1093,
    "translations": []
  },
  {
    "para_id": "61.1462",
    "id_prev": "61.1459",
    "id_next": "61.1463",
    "refcode_1": "1MR",
    "refcode_2": "260",
    "refcode_3": "1",
    "refcode_4": "",
    "refcode_short": "1MR 260.1",
    "refcode_long": "Manuscript Releases, vol. 1 [Nos. 19-96], p. 260.1 (Ellen Gould White)",
    "element_type": "p",
    "element_subtype": "standard-indented",
    "content": "God is constantly appealing to the human heart, bidding it to recognize His love and mercy, and accept His righteousness in the place of the principles of evil. Thus He has pleaded with mankind in all ages. In Noah&apos;s day Christ spoke to men through a human agency and preached to those who were in bondage to sin. He came to Israel enshrouded in a pillar of cloud by day and in a pillar of fire by night. He it was who educated that vast multitude in their wilderness wandering....",
    "puborder": 1094,
    "translations": []
  },
  {
    "para_id": "61.1463",
    "id_prev": "61.1462",
    "id_next": "61.1464",
    "refcode_1": "1MR",
    "refcode_2": "260",
    "refcode_3": "2",
    "refcode_4": "",
    "refcode_short": "1MR 260.2",
    "refcode_long": "Manuscript Releases, vol. 1 [Nos. 19-96], p. 260.2 (Ellen Gould White)",
    "element_type": "p",
    "element_subtype": "standard-indented",
    "content": "Study the 9th chapter of Ezekiel. These words will be literally fulfilled; yet the time is passing, and the people are asleep. They refuse to humble their souls and to be converted. Not a great while longer will the Lord bear with the people who have such great and important truths revealed to them, but who refuse to bring these truths into their individual experience. The time is short. God is calling; will you hear? Will you receive His message? Will you be converted before it is too late? Soon, very soon, every case will be decided for eternity. <span class=\"egwlink egwlink_book\" title=\"Lt 106, 1909\" data-link=\"14074.10329001\">Letter 106, 1909</span>, pp. 2, 3, 5, 7. (<span class=\"non-egw-comment\">To &ldquo;The churches in Oakland and Berkeley,&rdquo; September 26, 1909</span>.)",
    "puborder": 1095,
    "translations": []
  },
  {
    "para_id": "61.1464",
    "id_prev": "61.1463",
    "id_next": "61.1465",
    "refcode_1": "1MR",
    "refcode_2": "260",
    "refcode_3": "3",
    "refcode_4": "",
    "refcode_short": "1MR 260.3",
    "refcode_long": "Manuscript Releases, vol. 1 [Nos. 19-96], p. 260.3 (Ellen Gould White)",
    "element_type": "p",
    "element_subtype": "standard-indented",
    "content": "We may well fear and tremble for the things that shall be in the future. Many of the citizens of Oakland will be weighed in the balances and found wanting. Would you be of that company? You need now to show in life and character the sanctification of the gospel, and a belief in Christ&apos;s soon coming in power and great glory. Will you show faith by genuine faith in the signs of the Lord&apos;s second coming?",
    "puborder": 1096,
    "translations": []
  },
  {
    "para_id": "61.1465",
    "id_prev": "61.1464",
    "id_next": "61.1468",
    "refcode_1": "1MR",
    "refcode_2": "260",
    "refcode_3": "4",
    "refcode_4": "",
    "refcode_short": "1MR 260.4",
    "refcode_long": "Manuscript Releases, vol. 1 [Nos. 19-96], p. 260.4 (Ellen Gould White)",
    "element_type": "p",
    "element_subtype": "standard-indented",
    "content": "We are to bring the truth into all our works; we are to be sanctified through the truth, and show to a world dead in trespasses and sin that we <span class=\"page-break\" data-page=\"261\"></span> are a holy nation, a peculiar people, a chosen generation, zealous of good works.",
    "puborder": 1097,
    "translations": []
  },
  {
    "para_id": "61.1468",
    "id_prev": "61.1465",
    "id_next": "61.1469",
    "refcode_1": "1MR",
    "refcode_2": "261",
    "refcode_3": "1",
    "refcode_4": "",
    "refcode_short": "1MR 261.1",
    "refcode_long": "Manuscript Releases, vol. 1 [Nos. 19-96], p. 261.1 (Ellen Gould White)",
    "element_type": "p",
    "element_subtype": "standard-indented",
    "content": "The death of Christ was accomplished to make us genuine Christians through faith in Him. We carry a message of sacred truth, and through the righteousness of Christ we are to become one in Him, separate from the world, distinguished from it by the features of our faith that make us heirs of God and joint heirs with Christ. We are Christ&apos;s witnesses. By our baptismal vow we are under solemn pledge to witness for Him. Through the merits of Christ, we are to let our light shine forth to the world, that they, by seeing our good works, may glorify our Father which is in heaven. <span class=\"egwlink egwlink_book\" title=\"Lt 10, 1907\" data-link=\"14072.9553001\">Letter 10, 1907</span>, pp. 2, 3. (<span class=\"non-egw-comment\">To &ldquo;Members of the Oakland Church,&rdquo; January 18, 1907</span>.)",
    "puborder": 1098,
    "translations": []
  },
  {
    "para_id": "61.1469",
    "id_prev": "61.1468",
    "id_next": "61.1470",
    "refcode_1": "1MR",
    "refcode_2": "261",
    "refcode_3": "2",
    "refcode_4": "",
    "refcode_short": "1MR 261.2",
    "refcode_long": "Manuscript Releases, vol. 1 [Nos. 19-96], p. 261.2 (Ellen Gould White)",
    "element_type": "p",
    "element_subtype": "standard-indented",
    "content": "The influence of the prayer of faith is as far reaching as eternity. The Lord will bless all who will seek Him with the whole heart, and who with humble souls and earnest purpose strive to follow the example of Christ. To those who thus seek to become partakers of the divine nature, the words are spoken, &ldquo;Be not weary in well doing&rdquo; (<span class=\"egwlink egwlink_bible\" title=\"2 Thessalonians 3:13\" data-link=\"1965.60557\">2 Thessalonians 3:13</span>). &ldquo;Always abounding in the work of the Lord&rdquo; (<span class=\"egwlink egwlink_bible\" title=\"1 Corinthians 15:58\" data-link=\"1965.58678\">1 Corinthians 15:58</span>). Let us beware lest self-sufficiency become mingled with our efforts to gain eternal life.",
    "puborder": 1099,
    "translations": []
  },
  {
    "para_id": "61.1470",
    "id_prev": "61.1469",
    "id_next": "61.1471",
    "refcode_1": "1MR",
    "refcode_2": "261",
    "refcode_3": "3",
    "refcode_4": "",
    "refcode_short": "1MR 261.3",
    "refcode_long": "Manuscript Releases, vol. 1 [Nos. 19-96], p. 261.3 (Ellen Gould White)",
    "element_type": "p",
    "element_subtype": "standard-indented",
    "content": "Let powerful appeals come at this time from those who fear and honor God. He who labors in faith and humility, holding fast to the promises of God, will prevail. The greatness of the kingdom under the whole heaven will be given to the faithful, believing children of God. <span class=\"egwlink egwlink_book\" title=\"Lt 198, 1908\" data-link=\"14073.10658001\">Letter 198, 1908</span>, p. 4. (<span class=\"non-egw-comment\">To &ldquo;Our Brethren in Oakland,&rdquo; June 16, 1908</span>.)",
    "puborder": 1100,
    "translations": []
  },
  {
    "para_id": "61.1471",
    "id_prev": "61.1470",
    "id_next": "61.2292",
    "refcode_1": "1MR",
    "refcode_2": "261",
    "refcode_3": "",
    "refcode_4": "",
    "refcode_short": "",
    "refcode_long": "",
    "element_type": "p",
    "element_subtype": "signatureline",
    "content": "White Estate",
    "puborder": 1101,
    "translations": []
  },
  {
    "para_id": "61.2292",
    "id_prev": "61.1471",
    "id_next": "61.2291",
    "refcode_1": "1MR",
    "refcode_2": "261",
    "refcode_3": "",
    "refcode_4": "",
    "refcode_short": "",
    "refcode_long": "",
    "element_type": "p",
    "element_subtype": "signatureplace",
    "content": "Washington, D. C.,",
    "puborder": 1102,
    "translations": []
  },
  {
    "para_id": "61.2291",
    "id_prev": "61.2292",
    "id_next": "61.2340",
    "refcode_1": "1MR",
    "refcode_2": "261",
    "refcode_3": "",
    "refcode_4": "",
    "refcode_short": "",
    "refcode_long": "",
    "element_type": "p",
    "element_subtype": "signaturedate",
    "content": "November 10, 1953.",
    "puborder": 1103,
    "translations": []
  }
]