[
  {
    "para_id": "61.289",
    "id_prev": "61.288",
    "id_next": "61.290",
    "refcode_1": "1MR",
    "refcode_2": "53",
    "refcode_3": "",
    "refcode_4": "26",
    "refcode_short": "1MR 53",
    "refcode_long": "Manuscript Releases, vol. 1 [Nos. 19-96], p. 53 (Ellen Gould White)",
    "element_type": "h4",
    "element_subtype": "",
    "content": "Pillars Will Hold Weight",
    "puborder": 221,
    "translations": []
  },
  {
    "para_id": "61.290",
    "id_prev": "61.289",
    "id_next": "61.291",
    "refcode_1": "1MR",
    "refcode_2": "53",
    "refcode_3": "3",
    "refcode_4": "",
    "refcode_short": "1MR 53.3",
    "refcode_long": "Manuscript Releases, vol. 1 [Nos. 19-96], p. 53.3 (Ellen Gould White)",
    "element_type": "p",
    "element_subtype": "standard-indented",
    "content": "We must let the great principles of the third angel&apos;s message stand out clear and distinct. The great pillars of our faith will hold all the weight that can be placed upon them. <span class=\"egwlink egwlink_book\" title=\"Lt 207, 1899\" data-link=\"14064.6698001\">Letter 207, 1899</span>, p. 2. (<span class=\"non-egw-comment\">To Elder S. N. Haskell and Elder G. A. Irwin, December 15, 1899</span>.)",
    "puborder": 222,
    "translations": []
  }
]