[
  {
    "para_id": "61.2182",
    "id_prev": "61.2181",
    "id_next": "61.2183",
    "refcode_1": "1MR",
    "refcode_2": "388",
    "refcode_3": "",
    "refcode_4": "159",
    "refcode_short": "1MR 388",
    "refcode_long": "Manuscript Releases, vol. 1 [Nos. 19-96], p. 388 (Ellen Gould White)",
    "element_type": "h4",
    "element_subtype": "",
    "content": "Open the Windows of the Soul Heavenward",
    "puborder": 1642,
    "translations": []
  },
  {
    "para_id": "61.2183",
    "id_prev": "61.2182",
    "id_next": "61.2184",
    "refcode_1": "1MR",
    "refcode_2": "388",
    "refcode_3": "",
    "refcode_4": "",
    "refcode_short": "",
    "refcode_long": "",
    "element_type": "p",
    "element_subtype": "center",
    "content": "[<span class=\"non-egw-comment\">Release requested for article in the <em>Review and Herald</em></span>.]",
    "puborder": 1643,
    "translations": []
  },
  {
    "para_id": "61.2184",
    "id_prev": "61.2183",
    "id_next": "61.2185",
    "refcode_1": "1MR",
    "refcode_2": "388",
    "refcode_3": "2",
    "refcode_4": "",
    "refcode_short": "1MR 388.2",
    "refcode_long": "Manuscript Releases, vol. 1 [Nos. 19-96], p. 388.2 (Ellen Gould White)",
    "element_type": "p",
    "element_subtype": "standard-indented",
    "content": "John calls our attention to the love God has bestowed on us. &ldquo;Behold, what manner of love the Father hath bestowed upon us, that we should be called the sons of God&rdquo; (<span class=\"egwlink egwlink_bible\" title=\"1 John 3:2\" data-link=\"1965.62389\">1 John 3:2</span>). Can we comprehend this love? Even if we expanded the mind to its utmost limit, could we take in its measurement or give the gift of love the appreciation it deserves?",
    "puborder": 1644,
    "translations": []
  },
  {
    "para_id": "61.2185",
    "id_prev": "61.2184",
    "id_next": "61.2186",
    "refcode_1": "1MR",
    "refcode_2": "388",
    "refcode_3": "3",
    "refcode_4": "",
    "refcode_short": "1MR 388.3",
    "refcode_long": "Manuscript Releases, vol. 1 [Nos. 19-96], p. 388.3 (Ellen Gould White)",
    "element_type": "p",
    "element_subtype": "standard-indented",
    "content": "Although for ages sin has been accumulating, although through falsehood and artifice Satan has cast the black shadow of his interpretation upon the Word of God, yet the Father&apos;s mercy and love have not ceased to flow earthward in rich currents. If human beings would open the windows of the soul heavenward, in appreciation of the divine gifts, a flood of healing virtues would pour in, leading men to exclaim, &ldquo;Herein is love, not that we loved God, but that He loved us, and gave His Son to be the propitiation for our sins&rdquo; (<span class=\"egwlink egwlink_bible\" title=\"1 John 4:10\" data-link=\"1965.62454\">1 John 4:10</span>).",
    "puborder": 1645,
    "translations": []
  },
  {
    "para_id": "61.2186",
    "id_prev": "61.2185",
    "id_next": "61.2188",
    "refcode_1": "1MR",
    "refcode_2": "388",
    "refcode_3": "4",
    "refcode_4": "",
    "refcode_short": "1MR 388.4",
    "refcode_long": "Manuscript Releases, vol. 1 [Nos. 19-96], p. 388.4 (Ellen Gould White)",
    "element_type": "p",
    "element_subtype": "standard-indented",
    "content": "&ldquo;God so loved the world, that He gave His only begotten Son, that whosoever believeth in Him should not perish, but have everlasting life&rdquo; (<span class=\"egwlink egwlink_bible\" title=\"John 3:16\" data-link=\"1965.53318\">John 3:16</span>).... For us He gave His only begotten Son up to suffer a life of abuse, insult, mockery, and rejection. We can never endure what Christ endured, never suffer what He suffered....",
    "puborder": 1646,
    "translations": []
  },
  {
    "para_id": "61.2188",
    "id_prev": "61.2186",
    "id_next": "61.2189",
    "refcode_1": "1MR",
    "refcode_2": "389",
    "refcode_3": "1",
    "refcode_4": "",
    "refcode_short": "1MR 389.1",
    "refcode_long": "Manuscript Releases, vol. 1 [Nos. 19-96], p. 389.1 (Ellen Gould White)",
    "element_type": "p",
    "element_subtype": "standard-indented",
    "content": "In his dying charge to Timothy, Paul said, &ldquo;Fight the good fight of faith, lay hold on eternal life, whereunto thou art also called, and hast professed a good profession before many witnesses. I give thee charge in the sight of God, who quickeneth all things, and before Christ Jesus, who before Pontius Pilate witnessed a good confession; that thou keep this commandment without spot and unrebukeable, until the appearing of our Lord Jesus Christ: which in His times He shall shew, who is the blessed and only Potentate, the King of kings, and Lord of Lords; Who only hath immortality, dwelling in the light which no man can approach unto; whom no man hath seen, nor can see: to whom be honour and power everlasting&rdquo; (<span class=\"egwlink egwlink_bible\" title=\"1 Timothy 6:12\" data-link=\"1965.60782\">1 Timothy 6:12-16</span>). <span class=\"egwlink egwlink_book\" title=\"Lt 79, 1900\" data-link=\"14065.10660001\">Letter 79, 1900</span>, pp. 10-13. (<span class=\"non-egw-comment\">To William Kerr, May 10, 1900</span>.)",
    "puborder": 1647,
    "translations": []
  },
  {
    "para_id": "61.2189",
    "id_prev": "61.2188",
    "id_next": "61.2319",
    "refcode_1": "1MR",
    "refcode_2": "389",
    "refcode_3": "",
    "refcode_4": "",
    "refcode_short": "",
    "refcode_long": "",
    "element_type": "p",
    "element_subtype": "signatureline",
    "content": "White Estate",
    "puborder": 1648,
    "translations": []
  },
  {
    "para_id": "61.2319",
    "id_prev": "61.2189",
    "id_next": "61.2318",
    "refcode_1": "1MR",
    "refcode_2": "389",
    "refcode_3": "",
    "refcode_4": "",
    "refcode_short": "",
    "refcode_long": "",
    "element_type": "p",
    "element_subtype": "signatureplace",
    "content": "Washington, D. C.,",
    "puborder": 1649,
    "translations": []
  },
  {
    "para_id": "61.2318",
    "id_prev": "61.2319",
    "id_next": "61.2363",
    "refcode_1": "1MR",
    "refcode_2": "389",
    "refcode_3": "",
    "refcode_4": "",
    "refcode_short": "",
    "refcode_long": "",
    "element_type": "p",
    "element_subtype": "signaturedate",
    "content": "April 24, 1957.",
    "puborder": 1650,
    "translations": []
  }
]