[
  {
    "para_id": "711.176",
    "id_prev": "711.175",
    "id_next": "711.177",
    "refcode_1": "SDD",
    "refcode_2": "17",
    "refcode_3": "",
    "refcode_4": "",
    "refcode_short": "SDD 17",
    "refcode_long": "The “Shut Door” Documents, p. 17 (Robert W. Olson)",
    "element_type": "h3",
    "element_subtype": "",
    "content": "Chapter 27&mdash;April 21, 1847",
    "puborder": 155,
    "translations": []
  },
  {
    "para_id": "711.177",
    "id_prev": "711.176",
    "id_next": "711.178",
    "refcode_1": "SDD",
    "refcode_2": "17",
    "refcode_3": "",
    "refcode_4": "",
    "refcode_short": "",
    "refcode_long": "",
    "element_type": "p",
    "element_subtype": "standard-indented",
    "content": "<em>Ellen White Stated That Adventists Who Fell Away Were Forever Lost and That Jesus Had Shut the Door in 1844.</em>",
    "puborder": 156,
    "translations": []
  },
  {
    "para_id": "711.178",
    "id_prev": "711.177",
    "id_next": "711.180",
    "refcode_1": "SDD",
    "refcode_2": "17",
    "refcode_3": "2",
    "refcode_4": "",
    "refcode_short": "SDD 17.2",
    "refcode_long": "The “Shut Door” Documents, p. 17.2 (Robert W. Olson)",
    "element_type": "p",
    "element_subtype": "standard-indented",
    "content": "On April 21, 1847, Ellen White wrote Eli Curtis:",
    "puborder": 157,
    "translations": []
  },
  {
    "para_id": "711.180",
    "id_prev": "711.178",
    "id_next": "711.181",
    "refcode_1": "SDD",
    "refcode_2": "18",
    "refcode_3": "",
    "refcode_4": "",
    "refcode_short": "",
    "refcode_long": "",
    "element_type": "p",
    "element_subtype": "blockquote-indented",
    "content": "You think, that those who worship before the saints&rsquo; feet (<span class=\"egwlink egwlink_bible\" title=\"Revelation 3:9\" data-link=\"1965.62749\">Revelation 3:9</span>), will at last be saved. Here I must differ with you; for God shew me that this class were professed Adventists, who had fallen away, and &ldquo;crucified to themselves the Son of God afresh, and put him to an open shame.&rdquo; And in the &ldquo;hour of temptation,&rdquo; which is yet to come, to show out every one&rsquo;s true character, they will know that they are forever lost; and overwhelmed with anguish of spirit, they will bow at the saints&rsquo; feet.",
    "puborder": 158,
    "translations": []
  },
  {
    "para_id": "711.181",
    "id_prev": "711.180",
    "id_next": "711.182",
    "refcode_1": "SDD",
    "refcode_2": "18",
    "refcode_3": "",
    "refcode_4": "",
    "refcode_short": "",
    "refcode_long": "",
    "element_type": "p",
    "element_subtype": "blockquote-indented",
    "content": "You also think, that Michael stood up, and the time of trouble commenced, in the spring of 1844.",
    "puborder": 159,
    "translations": []
  },
  {
    "para_id": "711.182",
    "id_prev": "711.181",
    "id_next": "711.183",
    "refcode_1": "SDD",
    "refcode_2": "18",
    "refcode_3": "",
    "refcode_4": "",
    "refcode_short": "",
    "refcode_long": "",
    "element_type": "p",
    "element_subtype": "blockquote-indented",
    "content": "The Lord has shown me in vision, that Jesus rose up, and shut the door, and entered the Holy of Holies, at the 7th month 1844; but Michael&rsquo;s standing up (<span class=\"egwlink egwlink_bible\" title=\"Daniel 12:1\" data-link=\"1965.45056\">Daniel 12:1</span>) to deliver his people, is in the future.",
    "puborder": 160,
    "translations": []
  },
  {
    "para_id": "711.183",
    "id_prev": "711.182",
    "id_next": "711.184",
    "refcode_1": "SDD",
    "refcode_2": "18",
    "refcode_3": "",
    "refcode_4": "",
    "refcode_short": "",
    "refcode_long": "",
    "element_type": "p",
    "element_subtype": "blockquote-indented",
    "content": "This, will not take place, until Jesus has finished his priestly office in the Heavenly Sanctuary, and lays off his priestly attire, and puts on his most kingly robes, and crown, to ride forth on the cloudy chariot, to &ldquo;thresh the heathen in anger,&rdquo; and deliver his people.&mdash;Ellen G. White <span class=\"egwlink egwlink_book\" title=\"Lt 2, 1847\" data-link=\"13961.13338001\">Letter 2, 1847</span>, p. 2; <span class=\"egwlink egwlink_book\" title=\"WLF 12.1\" data-link=\"1445.24\">A Word to the Little Flock, 12</span>.",
    "puborder": 161,
    "translations": []
  }
]