[
  {
    "para_id": "711.274",
    "id_prev": "711.272",
    "id_next": "711.275",
    "refcode_1": "SDD",
    "refcode_2": "27",
    "refcode_3": "",
    "refcode_4": "",
    "refcode_short": "SDD 27",
    "refcode_long": "The “Shut Door” Documents, p. 27 (Robert W. Olson)",
    "element_type": "h3",
    "element_subtype": "",
    "content": "Chapter 41&mdash;September, 1849",
    "puborder": 241,
    "translations": []
  },
  {
    "para_id": "711.275",
    "id_prev": "711.274",
    "id_next": "711.276",
    "refcode_1": "SDD",
    "refcode_2": "27",
    "refcode_3": "",
    "refcode_4": "",
    "refcode_short": "",
    "refcode_long": "",
    "element_type": "p",
    "element_subtype": "standard-indented",
    "content": "<em>Ellen White: &ldquo;Soon Every Case Will be Decided.&rdquo;</em>",
    "puborder": 242,
    "translations": []
  },
  {
    "para_id": "711.276",
    "id_prev": "711.275",
    "id_next": "711.277",
    "refcode_1": "SDD",
    "refcode_2": "27",
    "refcode_3": "1",
    "refcode_4": "",
    "refcode_short": "SDD 27.1",
    "refcode_long": "The “Shut Door” Documents, p. 27.1 (Robert W. Olson)",
    "element_type": "p",
    "element_subtype": "blockquote-indented",
    "content": "Dear Brethren and Sisters&mdash;",
    "puborder": 243,
    "translations": []
  },
  {
    "para_id": "711.277",
    "id_prev": "711.276",
    "id_next": "711.278",
    "refcode_1": "SDD",
    "refcode_2": "27",
    "refcode_3": "2",
    "refcode_4": "",
    "refcode_short": "SDD 27.2",
    "refcode_long": "The “Shut Door” Documents, p. 27.2 (Robert W. Olson)",
    "element_type": "p",
    "element_subtype": "blockquote-indented",
    "content": "In this time of trial, we need to be encouraged, and comforted by each other. The temptations of Satan are greater now, than ever before; for he knows that his time is short, and that very soon, every case will be decided, either for Life, or for Death. It is no time to sink down beneath discouragement, and trial now; but we must bear up under all our afflictions, and trust wholly in the mighty God of Jacob....",
    "puborder": 244,
    "translations": []
  },
  {
    "para_id": "711.278",
    "id_prev": "711.277",
    "id_next": "711.279",
    "refcode_1": "SDD",
    "refcode_2": "27",
    "refcode_3": "3",
    "refcode_4": "",
    "refcode_short": "SDD 27.3",
    "refcode_long": "The “Shut Door” Documents, p. 27.3 (Robert W. Olson)",
    "element_type": "p",
    "element_subtype": "blockquote-indented",
    "content": "We have but a little space of time left to work for God. Nothing should be too dear to sacrifice, for the salvation of the scattered and torn flock of Jesus. Those who make a covenant with God by sacrifice now, will soon be gathered home to share a rich reward, and possess the new kingdom forever and ever....",
    "puborder": 245,
    "translations": []
  },
  {
    "para_id": "711.279",
    "id_prev": "711.278",
    "id_next": "711.280",
    "refcode_1": "SDD",
    "refcode_2": "27",
    "refcode_3": "4",
    "refcode_4": "",
    "refcode_short": "SDD 27.4",
    "refcode_long": "The “Shut Door” Documents, p. 27.4 (Robert W. Olson)",
    "element_type": "p",
    "element_subtype": "blockquote-indented",
    "content": "When Jesus leaves the Sanctuary, then he that is holy and righteous, will be holy and righteous still; for all their sins will then be blotted out, and they will be sealed with the seal of the living God. But those that are unjust and filthy, will be unjust and filthy still; for then there will be no Priest in the Sanctuary to offer their sacrifices, their confessions, and their prayers before the Father&rsquo;s throne. Therefore, what is done to rescue souls from the coming storm of wrath, must be done before Jesus leaves the Most Holy Place of the Heavenly Sanctuary.",
    "puborder": 246,
    "translations": []
  },
  {
    "para_id": "711.280",
    "id_prev": "711.279",
    "id_next": "711.281",
    "refcode_1": "SDD",
    "refcode_2": "27",
    "refcode_3": "5",
    "refcode_4": "",
    "refcode_short": "SDD 27.5",
    "refcode_long": "The “Shut Door” Documents, p. 27.5 (Robert W. Olson)",
    "element_type": "p",
    "element_subtype": "blockquote-indented",
    "content": "The Lord has shown me that precious souls are starving, and dying for want of the present, sealing truth, the meat in due season; and that the swift messengers should speed on their way, and feed the flock with the present truth. I heard an Angel say, &ldquo;speed the swift messengers, speed the swift messengers; for the case of every soul will soon be decided, either for Life, or for Death.&rdquo;&mdash;Ellen G. White, <span class=\"nol-ink\" title=\"RH 9-#-1849\">The Present Truth, September 1849</span>, pp. 31-32.",
    "puborder": 247,
    "translations": []
  },
  {
    "para_id": "711.281",
    "id_prev": "711.280",
    "id_next": "711.282",
    "refcode_1": "SDD",
    "refcode_2": "27",
    "refcode_3": "6",
    "refcode_4": "",
    "refcode_short": "SDD 27.6",
    "refcode_long": "The “Shut Door” Documents, p. 27.6 (Robert W. Olson)",
    "element_type": "p",
    "element_subtype": "standard-indented",
    "content": "Ellen White appears to be telling her readers that:",
    "puborder": 248,
    "translations": []
  },
  {
    "para_id": "711.282",
    "id_prev": "711.281",
    "id_next": "711.283",
    "refcode_1": "SDD",
    "refcode_2": "27",
    "refcode_3": "7",
    "refcode_4": "",
    "refcode_short": "SDD 27.7",
    "refcode_long": "The “Shut Door” Documents, p. 27.7 (Robert W. Olson)",
    "element_type": "p",
    "element_subtype": "standard-indented",
    "content": "1. Probation for the entire world has not yet closed.",
    "puborder": 249,
    "translations": []
  },
  {
    "para_id": "711.283",
    "id_prev": "711.282",
    "id_next": "711.284",
    "refcode_1": "SDD",
    "refcode_2": "27",
    "refcode_3": "8",
    "refcode_4": "",
    "refcode_short": "SDD 27.8",
    "refcode_long": "The “Shut Door” Documents, p. 27.8 (Robert W. Olson)",
    "element_type": "p",
    "element_subtype": "standard-indented",
    "content": "2. The object of her missionary endeavors was primarily, but not necessarily exclusively, &ldquo;the scattered and torn flock,&rdquo; a reference to those who had been part of the Millerite movement.",
    "puborder": 250,
    "translations": []
  }
]