[
  {
    "para_id": "14065.10512001",
    "id_prev": "14065.8295021",
    "id_next": "14065.10512004",
    "refcode_1": "15LtMs",
    "refcode_2": "1",
    "refcode_3": "",
    "refcode_4": "1900004801",
    "refcode_short": "15LtMs, Lt 48a, 1900",
    "refcode_long": "Letters and Manuscripts — Volume 15 (1900), Lt 48a, 1900",
    "element_type": "h4",
    "element_subtype": "",
    "content": "Lt 48a, 1900",
    "puborder": 1169,
    "translations": []
  },
  {
    "para_id": "14065.10512004",
    "id_prev": "14065.10512001",
    "id_next": "14065.10512002",
    "refcode_1": "15LtMs",
    "refcode_2": "1",
    "refcode_3": "",
    "refcode_4": "1900004801",
    "refcode_short": "",
    "refcode_long": "",
    "element_type": "p",
    "element_subtype": "ltaddressee",
    "content": "Steed, D.",
    "puborder": 1170,
    "translations": []
  },
  {
    "para_id": "14065.10512002",
    "id_prev": "14065.10512004",
    "id_next": "14065.10512003",
    "refcode_1": "15LtMs",
    "refcode_2": "1",
    "refcode_3": "",
    "refcode_4": "1900004801",
    "refcode_short": "",
    "refcode_long": "",
    "element_type": "p",
    "element_subtype": "ltplace",
    "content": "<span class=\"ltplace\" value=\"Geelong, Victoria, Australia\">Geelong, Victoria, Australia</span>",
    "puborder": 1171,
    "translations": []
  },
  {
    "para_id": "14065.10512003",
    "id_prev": "14065.10512002",
    "id_next": "14065.10512005",
    "refcode_1": "15LtMs",
    "refcode_2": "1",
    "refcode_3": "",
    "refcode_4": "1900004801",
    "refcode_short": "",
    "refcode_long": "",
    "element_type": "p",
    "element_subtype": "ltdate",
    "content": "<span class=\"ltdate\" start=\"March 1900\">March 1900</span>",
    "puborder": 1172,
    "translations": []
  },
  {
    "para_id": "14065.10512005",
    "id_prev": "14065.10512003",
    "id_next": "14065.10512006",
    "refcode_1": "15LtMs",
    "refcode_2": "1",
    "refcode_3": "",
    "refcode_4": "1900004801",
    "refcode_short": "",
    "refcode_long": "",
    "element_type": "p",
    "element_subtype": "ltpubinfo",
    "content": "Previously unpublished.",
    "puborder": 1173,
    "translations": []
  },
  {
    "para_id": "14065.10512006",
    "id_prev": "14065.10512005",
    "id_next": "14065.10512007",
    "refcode_1": "15LtMs",
    "refcode_2": "1",
    "refcode_3": "",
    "refcode_4": "1900004801",
    "refcode_short": "",
    "refcode_long": "",
    "element_type": "p",
    "element_subtype": "ltsalutation",
    "content": "Dear Brother Steed:",
    "puborder": 1174,
    "translations": []
  },
  {
    "para_id": "14065.10512007",
    "id_prev": "14065.10512006",
    "id_next": "14065.10512008",
    "refcode_1": "15LtMs",
    "refcode_2": "1",
    "refcode_3": "858",
    "refcode_4": "1900004801",
    "refcode_short": "15LtMs, Lt 48a, 1900, par. 1",
    "refcode_long": "Letters and Manuscripts — Volume 15 (1900), Lt 48a, 1900, par. 1",
    "element_type": "p",
    "element_subtype": "standard-indented",
    "content": "I have words of counsel for you. There are in your character phases that need to be strictly guarded, else you will greatly mar your own happiness by allowing the enemy to represent things to you that are false, yet you decide they are truths. If a man feels it his place to be first, and is on every occasion, whether proper or improper, made to appear as a man of special importance, the enemy takes advantage of him and he becomes subject to temptations. At once envy and jealousy and evil surmising are aroused; the demon takes possession of him, and he is where God cannot impart His Holy Spirit to him. That man then reveals hereditary and cultivated traits of his character, and is only a grown child. Although a minister, he has not put away childish things.",
    "puborder": 1175,
    "translations": []
  },
  {
    "para_id": "14065.10512008",
    "id_prev": "14065.10512007",
    "id_next": "14065.10512009",
    "refcode_1": "15LtMs",
    "refcode_2": "1",
    "refcode_3": "859",
    "refcode_4": "1900004801",
    "refcode_short": "15LtMs, Lt 48a, 1900, par. 2",
    "refcode_long": "Letters and Manuscripts — Volume 15 (1900), Lt 48a, 1900, par. 2",
    "element_type": "p",
    "element_subtype": "standard-indented",
    "content": "Every time you reveal the natural defects of your character&mdash;which make you hard, unforgiving, unkind, uncourteous, without Christian tenderness, and devoid of Christian sentiment&mdash;from the light God has given me, you should not consider that your preaching will be a success, for it will be unaccompanied by the Holy Spirit. You place yourself in that relation to your brethren that they cannot but know that God is not working you by His Holy Spirit.",
    "puborder": 1176,
    "translations": []
  },
  {
    "para_id": "14065.10512009",
    "id_prev": "14065.10512008",
    "id_next": "14065.10512010",
    "refcode_1": "15LtMs",
    "refcode_2": "1",
    "refcode_3": "860",
    "refcode_4": "1900004801",
    "refcode_short": "15LtMs, Lt 48a, 1900, par. 3",
    "refcode_long": "Letters and Manuscripts — Volume 15 (1900), Lt 48a, 1900, par. 3",
    "element_type": "p",
    "element_subtype": "standard-indented",
    "content": "From the light God has given me, you are inclined to withdraw yourself from your brethren and choose to labor alone. This must not be, for the work would come forth from your influence defective in the place of being perfect. How can you entertain the selfish, unholy spirit you have done and yet consider yourself right, and competent to handle sacred things? Your wife too often sustains this defection of character in you, and when you are decidedly worked by the spirit of the enemy, she unites in sympathy with your aggrieved disposition, while as a Christian you should feel no grief at all.",
    "puborder": 1177,
    "translations": []
  },
  {
    "para_id": "14065.10512010",
    "id_prev": "14065.10512009",
    "id_next": "14065.10512011",
    "refcode_1": "15LtMs",
    "refcode_2": "1",
    "refcode_3": "861",
    "refcode_4": "1900004801",
    "refcode_short": "15LtMs, Lt 48a, 1900, par. 4",
    "refcode_long": "Letters and Manuscripts — Volume 15 (1900), Lt 48a, 1900, par. 4",
    "element_type": "p",
    "element_subtype": "standard-indented",
    "content": "Now, my dear brother, can you think of preaching the Word of God when you imagine so many things that have no foundation? You are in no fit state to go into Dunedin. You need to stop just where you are, take yourself in hand, and reprimand yourself by the discipline of the Word. Your phase of character has been several times presented to me, and unless you are daily humbling yourself before God in the work of the ministry, you will be brought to a most severe experience, such as you have not yet had. The Lord will leave you to yourself, and this is the worst calamity that can happen to a man that has so high an idea of his capabilities. My message to you is, Do not attempt to enter upon any work in the ministration of the Word until you have overcome the temptations which you have entertained and receive the lessons of Christ. [Read] (<span class=\"egwlink egwlink_bible\" title=\"Matthew 18:1\" data-link=\"1965.48446\">Matthew 18</span>) and practice these lessons as a learner in the school of Christ.",
    "puborder": 1178,
    "translations": []
  },
  {
    "para_id": "14065.10512011",
    "id_prev": "14065.10512010",
    "id_next": "14065.10512012",
    "refcode_1": "15LtMs",
    "refcode_2": "1",
    "refcode_3": "862",
    "refcode_4": "1900004801",
    "refcode_short": "15LtMs, Lt 48a, 1900, par. 5",
    "refcode_long": "Letters and Manuscripts — Volume 15 (1900), Lt 48a, 1900, par. 5",
    "element_type": "p",
    "element_subtype": "standard-indented",
    "content": "&ldquo;Come unto me all ye that labor and are heavy laden, and I will give you rest.&rdquo; There is only One who can help you, for you think you know best in all matters. Christ writes, &ldquo;Take my yoke upon you, and learn of me, for I am meek and lowly in heart: and ye shall find rest unto your souls. For my yoke is easy, and my burden is light.&rdquo; [<span class=\"egwlink egwlink_bible\" title=\"Matthew 11:29\" data-link=\"1965.47959\">Matthew 11:28-30</span>.] When you undertake to manufacture a yoke for your own neck, it is, and always will prove, galling to the neck. When you abide in Christ you wear His yoke of submission. When you take yourself in hand and chastise yourself in the place of criticizing and accusing your brethren, the difficulties you charge to your brethren will be found to be the imagination of an unsanctified mind.",
    "puborder": 1179,
    "translations": []
  },
  {
    "para_id": "14065.10512012",
    "id_prev": "14065.10512011",
    "id_next": "14065.10512013",
    "refcode_1": "15LtMs",
    "refcode_2": "1",
    "refcode_3": "863",
    "refcode_4": "1900004801",
    "refcode_short": "15LtMs, Lt 48a, 1900, par. 6",
    "refcode_long": "Letters and Manuscripts — Volume 15 (1900), Lt 48a, 1900, par. 6",
    "element_type": "p",
    "element_subtype": "standard-indented",
    "content": "In these moods you are not fit to open the Scriptures to others, and whenever this phase of soul-sickness comes, stop just where you are and severely chastise yourself. Humble yourself. Read (<span class=\"egwlink egwlink_bible\" title=\"Matthew 18:1\" data-link=\"1965.48446\">Matthew 18</span>), for in this Christ is speaking to you. All of Christ&rsquo;s words are for you, but you allow yourself to retain the defects of your childhood, and you give these defects great respect as though they were virtues. &ldquo;And Jesus called a little child unto him, and set him in the midst, and said, Verily I say unto you, Except ye be converted and become as little children, ye shall not enter into the kingdom of heaven. Whosoever therefore, shall humble himself as this little child, the same is greatest in the kingdom of heaven. ... But whoso shall offend one of these little ones which shall believe in me, it were better for him that a millstone were hanged about his neck, and that he were drowned in the depths of the sea.&rdquo; [<span class=\"egwlink egwlink_bible\" title=\"Matthew 18:2\" data-link=\"1965.48448\">Verses 2-4, 6</span>.]",
    "puborder": 1180,
    "translations": []
  },
  {
    "para_id": "14065.10512013",
    "id_prev": "14065.10512012",
    "id_next": "14065.10512014",
    "refcode_1": "15LtMs",
    "refcode_2": "1",
    "refcode_3": "864",
    "refcode_4": "1900004801",
    "refcode_short": "15LtMs, Lt 48a, 1900, par. 7",
    "refcode_long": "Letters and Manuscripts — Volume 15 (1900), Lt 48a, 1900, par. 7",
    "element_type": "p",
    "element_subtype": "standard-indented",
    "content": "If Satan can use your unsanctified imaginings to serve his purpose, to create difference of opinion in regard to matters that a sanctified mind would take no notice of, then dissension is created through the minister whose unhappy traits of character have been his great stumbling block, and he has made a stumbling block for others. Why should he who should seek to create unity work to create dissension?",
    "puborder": 1181,
    "translations": []
  },
  {
    "para_id": "14065.10512014",
    "id_prev": "14065.10512013",
    "id_next": "14065.10512015",
    "refcode_1": "15LtMs",
    "refcode_2": "1",
    "refcode_3": "865",
    "refcode_4": "1900004801",
    "refcode_short": "15LtMs, Lt 48a, 1900, par. 8",
    "refcode_long": "Letters and Manuscripts — Volume 15 (1900), Lt 48a, 1900, par. 8",
    "element_type": "p",
    "element_subtype": "standard-indented",
    "content": "In the very best state of your religious experience you are not to feel at liberty to enter a new and important field to work alone. This kind of work is not in the order of the Lord. Such a field as Dunedin should have the work begun with a camp meeting. Men should not go alone and commence work, and create prejudices, as they surely will, and spoil the field for the work and the entrance of the truth. When your mind and soul are diseased as now, it is best that you come apart and rest a while, and pray and commune with God, and open the door of the heart to the Holy Spirit, before you create more dissension and strife. Bring yourself to the cross of Calvary. Humble your heart before God. Stop your accusing. God forbids it. You are planting the seeds of faultfinding and jealousy in others, and creating a harvest of tares by your self-sympathy because you think your brethren do not esteem you as they should. Will this spirit, [when] indulged, increase their confidence in you [as] a man whom God is using?",
    "puborder": 1182,
    "translations": []
  },
  {
    "para_id": "14065.10512015",
    "id_prev": "14065.10512014",
    "id_next": "14065.10512016",
    "refcode_1": "15LtMs",
    "refcode_2": "1",
    "refcode_3": "866",
    "refcode_4": "1900004801",
    "refcode_short": "15LtMs, Lt 48a, 1900, par. 9",
    "refcode_long": "Letters and Manuscripts — Volume 15 (1900), Lt 48a, 1900, par. 9",
    "element_type": "p",
    "element_subtype": "standard-indented",
    "content": "You cherish unholy surmisings. You keep yourself strictly in view, when if you were praying and believing and receiving counsel from the Word of God, you would yourself see that you were keeping self so constantly before your mind that you could not behold Jesus the precious Saviour. It is by looking, by beholding Jesus and losing sight of self, that brings the bright beams of the Sun of Righteousness to the soul. This matter of guarding self so jealously lest you shall not be exalted as first man is the very worst thing you can do. It always leads to such developments of the traits of character that you are pronounced, in the kingdom of heaven among the heavenly intelligences, as the most unworthy, ready to destroy your best friends as you would your enemies if they do not always give you the preference.",
    "puborder": 1183,
    "translations": []
  },
  {
    "para_id": "14065.10512016",
    "id_prev": "14065.10512015",
    "id_next": "14065.10512017",
    "refcode_1": "15LtMs",
    "refcode_2": "1",
    "refcode_3": "867",
    "refcode_4": "1900004801",
    "refcode_short": "15LtMs, Lt 48a, 1900, par. 10",
    "refcode_long": "Letters and Manuscripts — Volume 15 (1900), Lt 48a, 1900, par. 10",
    "element_type": "p",
    "element_subtype": "standard-indented",
    "content": "O, my brother, how long shall this spirit be cherished by you? How long will you give place to the attributes of Satan? The Lord is not pleased with you.",
    "puborder": 1184,
    "translations": []
  },
  {
    "para_id": "14065.10512017",
    "id_prev": "14065.10512016",
    "id_next": "14065.10512018",
    "refcode_1": "15LtMs",
    "refcode_2": "1",
    "refcode_3": "868",
    "refcode_4": "1900004801",
    "refcode_short": "15LtMs, Lt 48a, 1900, par. 11",
    "refcode_long": "Letters and Manuscripts — Volume 15 (1900), Lt 48a, 1900, par. 11",
    "element_type": "p",
    "element_subtype": "standard-indented",
    "content": "Last night I was conversing with you, repeating the things that I have written, and I was pointing you back to the many times that you have passed through the most precious meetings sour in spirit, criticizing and finding fault with this thing and with that, and your soul growing more barren and more empty of the grace of God; and all because you imagined that you yourself did not receive that special esteem and attention that you craved. Your brethren in such important meetings have a large work to do and special burdens to bear, and if they should make some mistakes it is your appointed work to be cheerful, courteous, generous, thinking no evil, speaking no evil. A word spoken in the line of faultfinding and criticism sets in operation in other minds the unhallowed fires of ambition and envy and jealousy, so that their souls are injured by a spark sometimes beyond recovery.",
    "puborder": 1185,
    "translations": []
  },
  {
    "para_id": "14065.10512018",
    "id_prev": "14065.10512017",
    "id_next": "14065.10512019",
    "refcode_1": "15LtMs",
    "refcode_2": "1",
    "refcode_3": "869",
    "refcode_4": "1900004801",
    "refcode_short": "15LtMs, Lt 48a, 1900, par. 12",
    "refcode_long": "Letters and Manuscripts — Volume 15 (1900), Lt 48a, 1900, par. 12",
    "element_type": "p",
    "element_subtype": "standard-indented",
    "content": "Your words should be right words, not keeping yourself before the minds of others as though you were a specialty and you were to be the subject of thought and attention. When you overcome these things you will stand on vantage ground, but you cannot be trusted until you see the injustice you are doing your brethren by entertaining ideas that they are slighting you. Lift your eyes to Jesus. Open the windows of the soul heavenward to God, and by beholding His face you will become changed into His likeness.",
    "puborder": 1186,
    "translations": []
  },
  {
    "para_id": "14065.10512019",
    "id_prev": "14065.10512018",
    "id_next": "14065.10512020",
    "refcode_1": "15LtMs",
    "refcode_2": "1",
    "refcode_3": "870",
    "refcode_4": "1900004801",
    "refcode_short": "15LtMs, Lt 48a, 1900, par. 13",
    "refcode_long": "Letters and Manuscripts — Volume 15 (1900), Lt 48a, 1900, par. 13",
    "element_type": "p",
    "element_subtype": "standard-indented",
    "content": "I send you this because I have this night had presented to me your present spiritual dearth, which has been caused through your own thoughts. The pain brought upon your own soul your brethren are not guilty of, although you may ascribe it to them. Sympathizers will come in, and [then] other souls are dragged into the same slough, and disaffection takes place when there should be perfect unity. And you have been the one who has planted the seed of faultfinding and jealousies in the mind.",
    "puborder": 1187,
    "translations": []
  },
  {
    "para_id": "14065.10512020",
    "id_prev": "14065.10512019",
    "id_next": "14065.10512021",
    "refcode_1": "15LtMs",
    "refcode_2": "1",
    "refcode_3": "871",
    "refcode_4": "1900004801",
    "refcode_short": "15LtMs, Lt 48a, 1900, par. 14",
    "refcode_long": "Letters and Manuscripts — Volume 15 (1900), Lt 48a, 1900, par. 14",
    "element_type": "p",
    "element_subtype": "standard-indented",
    "content": "For your own soul&rsquo;s sake, for Christ sake, for the sake of your brethren who have trials enough to bear without your creating them, put away those miserable surmisings. Cease to give place to the devil. Use your God-given talents of speech not to advance yourself but to advance the glory of God. And let the peace of God rule in your heart and be ye thankful. Let the praise of God and not faultfinding come from your lips. Seek always to unify, not to cause dissension and strife among brethren. Sow the good seed in every heart which shall bear fruit unto eternal life. The Lord will work with you if you will be worked; but if you take yourself in your own hands and do not counsel with your brethren, you will surely have a hard time. Self is a poor adviser, and most always leads into by and forbidden paths. We are too near the end to develop a self-sufficient spirit.",
    "puborder": 1188,
    "translations": []
  },
  {
    "para_id": "14065.10512021",
    "id_prev": "14065.10512020",
    "id_next": "14065.10512022",
    "refcode_1": "15LtMs",
    "refcode_2": "1",
    "refcode_3": "872",
    "refcode_4": "1900004801",
    "refcode_short": "15LtMs, Lt 48a, 1900, par. 15",
    "refcode_long": "Letters and Manuscripts — Volume 15 (1900), Lt 48a, 1900, par. 15",
    "element_type": "p",
    "element_subtype": "standard-indented",
    "content": "You sow the seeds of discord. You suggest things that have no foundation in truth, allowing the devil to make a workshop of your brain, to manufacture things against your American brethren that are not righteous nor just; and you weave in your threads mismatching the pattern so the web becomes evil. God calls you to be converted. You can manufacture a web that will be no honor to yourself, to your brethren, or to God, and the Lord is displeased with your manufacturing skill. You sow the seeds of discord and suspicion and strife by your words which are at times a savor of death unto death.",
    "puborder": 1189,
    "translations": []
  },
  {
    "para_id": "14065.10512022",
    "id_prev": "14065.10512021",
    "id_next": "14065.10512023",
    "refcode_1": "15LtMs",
    "refcode_2": "1",
    "refcode_3": "873",
    "refcode_4": "1900004801",
    "refcode_short": "15LtMs, Lt 48a, 1900, par. 16",
    "refcode_long": "Letters and Manuscripts — Volume 15 (1900), Lt 48a, 1900, par. 16",
    "element_type": "p",
    "element_subtype": "standard-indented",
    "content": "Read (<span class=\"egwlink egwlink_bible\" title=\"Colossians 1:25\" data-link=\"1965.60142\">Colossians 1:25-29</span>), <span class=\"egwlink egwlink_bible\" title=\"Colossians 2:12\" data-link=\"1965.60175\">chapter 2:12-17</span>. That which ye sow ye shall also reap. It becomes us to know what kind of a crop we are sowing, whether tares or wheat. Do not pervert the true moral standard of the gospel. It is only in the deepest sense of our ruin that we learn to love Christ sincerely, and cherish proper gratitude to Him who gave His life for us. There is danger, decided danger to any soul, to pursue a wrong course and harm the flock of God either by precept or example. Those who live the more closely to the example given in the life of Christ are those who walk in greatest humility and humbleness of mind. O what lessons yourself and others will have to learn!",
    "puborder": 1190,
    "translations": []
  },
  {
    "para_id": "14065.10512023",
    "id_prev": "14065.10512022",
    "id_next": "14065.10512024",
    "refcode_1": "15LtMs",
    "refcode_2": "1",
    "refcode_3": "874",
    "refcode_4": "1900004801",
    "refcode_short": "15LtMs, Lt 48a, 1900, par. 17",
    "refcode_long": "Letters and Manuscripts — Volume 15 (1900), Lt 48a, 1900, par. 17",
    "element_type": "p",
    "element_subtype": "standard-indented",
    "content": "When Ephraim spake tremblingly, he exalted himself in Israel, but when he offended in Baal he died. Humility the true genuine article, works outwardly, from the heart cleansed and sanctified, in words seasoned with grace and the spirit sweetened by the perfume of Christ&rsquo;s life. God will impart largely of His Holy Spirit, His deepest love, to the truly, sincerely humble, and those who possess the fragrance of the grace of humility will by faith claim much because they realize they can do nothing without Christ.",
    "puborder": 1191,
    "translations": []
  },
  {
    "para_id": "14065.10512024",
    "id_prev": "14065.10512023",
    "id_next": "14065.10512025",
    "refcode_1": "15LtMs",
    "refcode_2": "1",
    "refcode_3": "875",
    "refcode_4": "1900004801",
    "refcode_short": "15LtMs, Lt 48a, 1900, par. 18",
    "refcode_long": "Letters and Manuscripts — Volume 15 (1900), Lt 48a, 1900, par. 18",
    "element_type": "p",
    "element_subtype": "standard-indented",
    "content": "The Church can never thrive where the thorns and thistles of mistrust are, and where brethren are picking flaws. Speak of the good qualities. Speak of their zeal for the Master, but do not put thoughts into minds that never would have had them if the suspicious person had not seen them. Let us see where God dwells: &ldquo;For thus saith the high and lofty One that inhabiteth eternity, whose name is holy; I dwell in the high and holy place, with him also that is of a contrite and humble spirit, to revive the spirit of the humble, and to revive the heart of the contrite ones.&rdquo; [<span class=\"egwlink egwlink_bible\" title=\"Isaiah 57:15\" data-link=\"1965.38322\">Isaiah 57:15</span>.]",
    "puborder": 1192,
    "translations": []
  },
  {
    "para_id": "14065.10512025",
    "id_prev": "14065.10512024",
    "id_next": "14065.10512026",
    "refcode_1": "15LtMs",
    "refcode_2": "1",
    "refcode_3": "876",
    "refcode_4": "1900004801",
    "refcode_short": "15LtMs, Lt 48a, 1900, par. 19",
    "refcode_long": "Letters and Manuscripts — Volume 15 (1900), Lt 48a, 1900, par. 19",
    "element_type": "p",
    "element_subtype": "standard-indented",
    "content": "I am thoroughly in earnest. I see no way for you to carry on the work of the ministry until you see the need of humbling yourself before God and cultivating esteem and confidence in your brethren. How can two walk together except they be agreed?",
    "puborder": 1193,
    "translations": []
  },
  {
    "para_id": "14065.10512026",
    "id_prev": "14065.10512025",
    "id_next": "14065.10512027",
    "refcode_1": "15LtMs",
    "refcode_2": "1",
    "refcode_3": "877",
    "refcode_4": "1900004801",
    "refcode_short": "15LtMs, Lt 48a, 1900, par. 20",
    "refcode_long": "Letters and Manuscripts — Volume 15 (1900), Lt 48a, 1900, par. 20",
    "element_type": "p",
    "element_subtype": "standard-indented",
    "content": "My brother, you have a work to do in contrition of soul to repent of your uncourteous spirit. If ever you needed pardon of God you need it now. Why should you make so great a matter unworthy of notice? Please read <span class=\"egwlink egwlink_bible\" title=\"Ephesians 4:1\" data-link=\"1965.59699\">Ephesians 4:1-6</span>. The Lord Jesus calls for you to yoke up with Him and to co-operate with Him. (<span class=\"egwlink egwlink_bible\" title=\"Ephesians 2:10\" data-link=\"1965.59629\">Ephesians 2:10</span>): &ldquo;For we are his workmanship, created in Christ Jesus unto good works, which God hath before ordained that we should walk in them.&rdquo; Those who manufacture trials for themselves the Lord will leave to have some keen, deep trials that will humble their poor souls in the very dust of humiliation. There is to be with you a cleansing of the soul temple. I thank God that it is not too late for wrongs to be righted. When you humble yourself before God and accept His mercy and His love and kindness, then will the Lord reveal Himself unto you.",
    "puborder": 1194,
    "translations": []
  },
  {
    "para_id": "14065.10512027",
    "id_prev": "14065.10512026",
    "id_next": "14065.10512028",
    "refcode_1": "15LtMs",
    "refcode_2": "1",
    "refcode_3": "878",
    "refcode_4": "1900004801",
    "refcode_short": "15LtMs, Lt 48a, 1900, par. 21",
    "refcode_long": "Letters and Manuscripts — Volume 15 (1900), Lt 48a, 1900, par. 21",
    "element_type": "p",
    "element_subtype": "standard-indented",
    "content": "The great difficulties with families and with the church is the picking of straws in suspicion and in envy and in evil surmisings; and when a minister of the gospel gives a decided example in this line, he proves himself a great offense to God. God will not tolerate His people in dissension. This disposition to labor alone is not according to the plan of God. The Lord would through His Holy Spirit sanctify the perverse tendencies so that a transformation shall be formed. The only reasons for drawing apart, in individuals, is a desire to carry their own ideas without questioning. Such individuals consider themselves a perfect whole. Christ knew what was good for ministers and people. He ordained and gave the twelve disciples their commission, and sent them out two and two before His face. Two were to link together in the work.",
    "puborder": 1195,
    "translations": []
  },
  {
    "para_id": "14065.10512028",
    "id_prev": "14065.10512027",
    "id_next": "14065.10512029",
    "refcode_1": "15LtMs",
    "refcode_2": "1",
    "refcode_3": "879",
    "refcode_4": "1900004801",
    "refcode_short": "15LtMs, Lt 48a, 1900, par. 22",
    "refcode_long": "Letters and Manuscripts — Volume 15 (1900), Lt 48a, 1900, par. 22",
    "element_type": "p",
    "element_subtype": "standard-indented",
    "content": "That [same] Christ liveth to make intercession for us. The perils of the last days are upon us. Soon a loud voice like a trumpet will proclaim, It is done. Mercy, sweet mercy, folds his wings and steps from the throne above the ark of God, and a voice is heard, &ldquo;He that is unjust, let him be unjust still, and he which is filthy, let him be filthy still; and he that is righteous, let him be righteous still, and he that is holy, let him be holy still. And, behold, I come quickly, and my reward is with me, to give every man according as his works shall be. I am the Alpha and Omega, the beginning and the end, the first and the last.",
    "puborder": 1196,
    "translations": []
  },
  {
    "para_id": "14065.10512029",
    "id_prev": "14065.10512028",
    "id_next": "14065.10512030",
    "refcode_1": "15LtMs",
    "refcode_2": "1",
    "refcode_3": "880",
    "refcode_4": "1900004801",
    "refcode_short": "15LtMs, Lt 48a, 1900, par. 23",
    "refcode_long": "Letters and Manuscripts — Volume 15 (1900), Lt 48a, 1900, par. 23",
    "element_type": "p",
    "element_subtype": "standard-indented",
    "content": "&ldquo;Blessed are they that do his commandments, that they may have the right to the tree of life, and may enter in through the gates into the city. For without are dogs, and sorcerers, and whoremongers, and murderers, and idolaters, and whosoever loveth and maketh a lie. I Jesus have sent mine angel to testify unto you these things in the churches. I am the root and the offspring of David, and the bright and morning star. And the Spirit and the bride say, Come. And let him that is athirst come. And whosoever will, let him take the water of life freely.&rdquo; [<span class=\"egwlink egwlink_bible\" title=\"Revelation 22:11\" data-link=\"1965.63440\">Revelation 22:11-17</span>.]",
    "puborder": 1197,
    "translations": []
  },
  {
    "para_id": "14065.10512030",
    "id_prev": "14065.10512029",
    "id_next": "14065.10512031",
    "refcode_1": "15LtMs",
    "refcode_2": "1",
    "refcode_3": "881",
    "refcode_4": "1900004801",
    "refcode_short": "15LtMs, Lt 48a, 1900, par. 24",
    "refcode_long": "Letters and Manuscripts — Volume 15 (1900), Lt 48a, 1900, par. 24",
    "element_type": "p",
    "element_subtype": "standard-indented",
    "content": "It is not long that any of us will have to deal with suppositions. We will have to cope with eternal realities. &ldquo;Blessed are they that do his commandments, that they may have right to the tree of life, and may enter in through the gates into the city.&rdquo; [<span class=\"egwlink egwlink_bible\" title=\"Revelation 22:14\" data-link=\"1965.63446\">Verse 14</span>.]",
    "puborder": 1198,
    "translations": []
  },
  {
    "para_id": "14065.10512031",
    "id_prev": "14065.10512030",
    "id_next": "14065.10512032",
    "refcode_1": "15LtMs",
    "refcode_2": "1",
    "refcode_3": "882",
    "refcode_4": "1900004801",
    "refcode_short": "15LtMs, Lt 48a, 1900, par. 25",
    "refcode_long": "Letters and Manuscripts — Volume 15 (1900), Lt 48a, 1900, par. 25",
    "element_type": "p",
    "element_subtype": "standard-indented",
    "content": "You as a minister of the Word, have a work that you should do with your utmost ability, in order to remove every vestige of the perplexities that you, by your conduct, have placed in the way of your ministering brethren and the flock of God. You may expect no strength or blessing from God until you have cleared out of the way the obstruction that you have formed from your own imaginations. You have allowed Satan to place his magnifying glass before your eyes, and every little thing is magnified to large proportions.",
    "puborder": 1199,
    "translations": []
  },
  {
    "para_id": "14065.10512032",
    "id_prev": "14065.10512031",
    "id_next": "14065.10512033",
    "refcode_1": "15LtMs",
    "refcode_2": "1",
    "refcode_3": "883",
    "refcode_4": "1900004801",
    "refcode_short": "15LtMs, Lt 48a, 1900, par. 26",
    "refcode_long": "Letters and Manuscripts — Volume 15 (1900), Lt 48a, 1900, par. 26",
    "element_type": "p",
    "element_subtype": "standard-indented",
    "content": "My brother I feel pained as I write. When I think of the time of trouble that is just upon us, or I may say has begun, but as yet has not burst upon us to the full, O how my heart aches, ready to burst, when I see human beings who are dependent upon God every moment for His keeping power yet who chide and become irritable and sore over supposed deficiencies or neglect of their brethren, who are carrying the heaviest responsibilities. I have heard people say, Such a minister passed me by and never looked at me at all, while these very men have come to me for counsel, their souls bowed down as a cart beneath sheaves, not because they supposed themselves slighted, but because they could not see how to relieve the pressure of debt upon the work. They prayed as they walked. They were not looking at anything earthly, but to the great sympathizing Christ in the heavenly sanctuary. Every heart knoweth its own bitterness.",
    "puborder": 1200,
    "translations": []
  },
  {
    "para_id": "14065.10512033",
    "id_prev": "14065.10512032",
    "id_next": "14065.9839001",
    "refcode_1": "15LtMs",
    "refcode_2": "1",
    "refcode_3": "884",
    "refcode_4": "1900004801",
    "refcode_short": "15LtMs, Lt 48a, 1900, par. 27",
    "refcode_long": "Letters and Manuscripts — Volume 15 (1900), Lt 48a, 1900, par. 27",
    "element_type": "p",
    "element_subtype": "standard-indented",
    "content": "The time has come when it is not worthy, or pleasing to our heavenly Father, to esteem ourselves that we let our poor, insignificant selves become the theme of our thoughts, and thus create division and dissension. It is high time God&rsquo;s people act like a noble, consecrated, peculiar people, and that they encourage faith and love for one another, and confidence in one another. Above all things the Australians need to thank God that He so mercifully sent the American brethren to this country. The Lord knew what they needed. He knew that an experience must be brought into the ranks of Sabbathkeepers that would materially change the construction of character. In the place of becoming pettish when everything does not go according to one man&rsquo;s ideas, the people have reason to thank God that they are not left with their own troubles and difficulties, their own ideas and plans.",
    "puborder": 1201,
    "translations": []
  }
]