[
  {
    "para_id": "14065.13674001",
    "id_prev": "14065.13673003",
    "id_next": "14065.13674002",
    "refcode_1": "15LtMs",
    "refcode_2": "1",
    "refcode_3": "",
    "refcode_4": "1900018400",
    "refcode_short": "15LtMs, Lt 184, 1900",
    "refcode_long": "Letters and Manuscripts — Volume 15 (1900), Lt 184, 1900",
    "element_type": "h4",
    "element_subtype": "",
    "content": "Lt 184, 1900",
    "puborder": 4294,
    "translations": []
  },
  {
    "para_id": "14065.13674002",
    "id_prev": "14065.13674001",
    "id_next": "14065.13674003",
    "refcode_1": "15LtMs",
    "refcode_2": "1",
    "refcode_3": "",
    "refcode_4": "1900018400",
    "refcode_short": "",
    "refcode_long": "",
    "element_type": "p",
    "element_subtype": "ltaddressee",
    "content": "Minchin, Sr.",
    "puborder": 4295,
    "translations": []
  },
  {
    "para_id": "14065.13674003",
    "id_prev": "14065.13674002",
    "id_next": "14065.7798001",
    "refcode_1": "15LtMs",
    "refcode_2": "1",
    "refcode_3": "",
    "refcode_4": "1900018400",
    "refcode_short": "",
    "refcode_long": "",
    "element_type": "p",
    "element_subtype": "ltpubinfo",
    "content": "Refiled as <span class=\"egwlink egwlink_book\" title=\"Lt 34, 1901\" data-link=\"14066.8068001\">Lt 34, 1901</span>.",
    "puborder": 4296,
    "translations": []
  }
]