[
  {
    "para_id": "14065.10094001",
    "id_prev": "14065.10636046",
    "id_next": "14065.10094004",
    "refcode_1": "15LtMs",
    "refcode_2": "1",
    "refcode_3": "",
    "refcode_4": "1900013200",
    "refcode_short": "15LtMs, Lt 132, 1900",
    "refcode_long": "Letters and Manuscripts — Volume 15 (1900), Lt 132, 1900",
    "element_type": "h4",
    "element_subtype": "",
    "content": "Lt 132, 1900",
    "puborder": 3296,
    "translations": []
  },
  {
    "para_id": "14065.10094004",
    "id_prev": "14065.10094001",
    "id_next": "14065.10094002",
    "refcode_1": "15LtMs",
    "refcode_2": "1",
    "refcode_3": "",
    "refcode_4": "1900013200",
    "refcode_short": "",
    "refcode_long": "",
    "element_type": "p",
    "element_subtype": "ltaddressee",
    "content": "Haskell, Brother and Sister [S. N.]",
    "puborder": 3297,
    "translations": []
  },
  {
    "para_id": "14065.10094002",
    "id_prev": "14065.10094004",
    "id_next": "14065.10094003",
    "refcode_1": "15LtMs",
    "refcode_2": "1",
    "refcode_3": "",
    "refcode_4": "1900013200",
    "refcode_short": "",
    "refcode_long": "",
    "element_type": "p",
    "element_subtype": "ltplace",
    "content": "<span class=\"ltplace\" value=\"St. Helena, California\">St. Helena, California</span>",
    "puborder": 3298,
    "translations": []
  },
  {
    "para_id": "14065.10094003",
    "id_prev": "14065.10094002",
    "id_next": "14065.10094005",
    "refcode_1": "15LtMs",
    "refcode_2": "1",
    "refcode_3": "",
    "refcode_4": "1900013200",
    "refcode_short": "",
    "refcode_long": "",
    "element_type": "p",
    "element_subtype": "ltdate",
    "content": "<span class=\"ltdate\" start=\"October 10, 1900\">October 10, 1900</span>",
    "puborder": 3299,
    "translations": []
  },
  {
    "para_id": "14065.10094005",
    "id_prev": "14065.10094003",
    "id_next": "14065.10094006",
    "refcode_1": "15LtMs",
    "refcode_2": "1",
    "refcode_3": "",
    "refcode_4": "1900013200",
    "refcode_short": "",
    "refcode_long": "",
    "element_type": "p",
    "element_subtype": "ltpubinfo",
    "content": "This letter is published in entirety in <span class=\"egwlink egwlink_book\" title=\"21MR 126\" data-link=\"72.893\">21MR 126-133</span>. +<sup class=\"footnote\"><a class=\"footnote\">Note<span class=\"footnote\">One or more typed copies of this document contain additional Ellen White handwritten interlineations which may be viewed at the main office of the Ellen G. White Estate.</span></a></sup>",
    "puborder": 3300,
    "translations": []
  },
  {
    "para_id": "14065.10094006",
    "id_prev": "14065.10094005",
    "id_next": "14065.10094007",
    "refcode_1": "15LtMs",
    "refcode_2": "1",
    "refcode_3": "",
    "refcode_4": "1900013200",
    "refcode_short": "",
    "refcode_long": "",
    "element_type": "p",
    "element_subtype": "ltsalutation",
    "content": "Dear Brother and Sister Haskell:",
    "puborder": 3301,
    "translations": []
  },
  {
    "para_id": "14065.10094007",
    "id_prev": "14065.10094006",
    "id_next": "14065.10094008",
    "refcode_1": "15LtMs",
    "refcode_2": "1",
    "refcode_3": "2419",
    "refcode_4": "1900013200",
    "refcode_short": "15LtMs, Lt 132, 1900, par. 1",
    "refcode_long": "Letters and Manuscripts — Volume 15 (1900), Lt 132, 1900, par. 1",
    "element_type": "p",
    "element_subtype": "standard-indented",
    "content": "I have received several letters from you, one of which was sent to Australia and returned to me here. I send you a copy of a letter written to Brother and Sister Farnsworth. I could not get all copied that I had written, so I sent that which I had, and just got it copied in time for the Vancouver mail. I am much interested in all that you write me.",
    "puborder": 3302,
    "translations": []
  },
  {
    "para_id": "14065.10094008",
    "id_prev": "14065.10094007",
    "id_next": "14065.10094009",
    "refcode_1": "15LtMs",
    "refcode_2": "1",
    "refcode_3": "2420",
    "refcode_4": "1900013200",
    "refcode_short": "15LtMs, Lt 132, 1900, par. 2",
    "refcode_long": "Letters and Manuscripts — Volume 15 (1900), Lt 132, 1900, par. 2",
    "element_type": "p",
    "element_subtype": "standard-indented",
    "content": "You may be surprised to learn of our purchasing this place under the hill. In the providence of God this was brought to our attention as soon as we arrived here a week ago last Friday.",
    "puborder": 3303,
    "translations": []
  },
  {
    "para_id": "14065.10094009",
    "id_prev": "14065.10094008",
    "id_next": "14065.10094010",
    "refcode_1": "15LtMs",
    "refcode_2": "1",
    "refcode_3": "2421",
    "refcode_4": "1900013200",
    "refcode_short": "15LtMs, Lt 132, 1900, par. 3",
    "refcode_long": "Letters and Manuscripts — Volume 15 (1900), Lt 132, 1900, par. 3",
    "element_type": "p",
    "element_subtype": "standard-indented",
    "content": "For several days after reaching Oakland we spent the time in Oakland house hunting, to find a place to locate our families. We found nothing that was suitable, and I said, &ldquo;I am done. I shall search no more. The Lord knows what our work is and where we should be located; and we shall wait the Lord&rsquo;s time.&rdquo;",
    "puborder": 3304,
    "translations": []
  },
  {
    "para_id": "14065.10094010",
    "id_prev": "14065.10094009",
    "id_next": "14065.10094011",
    "refcode_1": "15LtMs",
    "refcode_2": "1",
    "refcode_3": "2422",
    "refcode_4": "1900013200",
    "refcode_short": "15LtMs, Lt 132, 1900, par. 4",
    "refcode_long": "Letters and Manuscripts — Volume 15 (1900), Lt 132, 1900, par. 4",
    "element_type": "p",
    "element_subtype": "standard-indented",
    "content": "When I reached the Retreat I related my experience in looking for a place in Oakland. Sister Ings said, &ldquo;There is a place under the hill that will suit you. It belonged to Brother Pratt&rsquo;s brother. Brother Burden has bought it, and he will be glad to sell it to you.&rdquo;",
    "puborder": 3305,
    "translations": []
  },
  {
    "para_id": "14065.10094011",
    "id_prev": "14065.10094010",
    "id_next": "14065.10094012",
    "refcode_1": "15LtMs",
    "refcode_2": "1",
    "refcode_3": "2423",
    "refcode_4": "1900013200",
    "refcode_short": "15LtMs, Lt 132, 1900, par. 5",
    "refcode_long": "Letters and Manuscripts — Volume 15 (1900), Lt 132, 1900, par. 5",
    "element_type": "p",
    "element_subtype": "standard-indented",
    "content": "As soon as we could, we went down to see the place, and we were well pleased with it. It is just the place I need.",
    "puborder": 3306,
    "translations": []
  },
  {
    "para_id": "14065.10094012",
    "id_prev": "14065.10094011",
    "id_next": "14065.10094013",
    "refcode_1": "15LtMs",
    "refcode_2": "1",
    "refcode_3": "2424",
    "refcode_4": "1900013200",
    "refcode_short": "15LtMs, Lt 132, 1900, par. 6",
    "refcode_long": "Letters and Manuscripts — Volume 15 (1900), Lt 132, 1900, par. 6",
    "element_type": "p",
    "element_subtype": "standard-indented",
    "content": "When I left Sunnyside, I sold everything, with the exception of Jessie White and my platform wagon. These I presented to Brother James as his own, to use in missionary work. Jasper and Rowdy went with the place. Jessie Haskell I left with Brother and Sister Hughes. Sara sold them her carriage, and I hear that Sister Hughes drives out every pleasant day.",
    "puborder": 3307,
    "translations": []
  },
  {
    "para_id": "14065.10094013",
    "id_prev": "14065.10094012",
    "id_next": "14065.10094014",
    "refcode_1": "15LtMs",
    "refcode_2": "1",
    "refcode_3": "2425",
    "refcode_4": "1900013200",
    "refcode_short": "15LtMs, Lt 132, 1900, par. 7",
    "refcode_long": "Letters and Manuscripts — Volume 15 (1900), Lt 132, 1900, par. 7",
    "element_type": "p",
    "element_subtype": "standard-indented",
    "content": "Well, to go back to my story, the Lord planned for me, and I found that I could buy this place here for less than I received for my house in Cooranbong and all its belongings. This includes two horses, one rather old, four carriages and a platform wagon, much better than the one I gave away, and a house furnished throughout. It was like stepping out of my home in Cooranbong into a beautiful, roomy one here. It has surprised me much that we should be thus favored.",
    "puborder": 3308,
    "translations": []
  },
  {
    "para_id": "14065.10094014",
    "id_prev": "14065.10094013",
    "id_next": "14065.10094015",
    "refcode_1": "15LtMs",
    "refcode_2": "1",
    "refcode_3": "2426",
    "refcode_4": "1900013200",
    "refcode_short": "15LtMs, Lt 132, 1900, par. 8",
    "refcode_long": "Letters and Manuscripts — Volume 15 (1900), Lt 132, 1900, par. 8",
    "element_type": "p",
    "element_subtype": "standard-indented",
    "content": "The Retreat purchased ten acres from me for sewerage purposes, for which they paid one thousand dollars. They also paid one hundred and seventy-five dollars for a place on which to build a food factory. This made my place cost me about six thousand dollars. I sold the place in Cooranbong for seven thousand.",
    "puborder": 3309,
    "translations": []
  },
  {
    "para_id": "14065.10094015",
    "id_prev": "14065.10094014",
    "id_next": "14065.10094016",
    "refcode_1": "15LtMs",
    "refcode_2": "1",
    "refcode_3": "2427",
    "refcode_4": "1900013200",
    "refcode_short": "15LtMs, Lt 132, 1900, par. 9",
    "refcode_long": "Letters and Manuscripts — Volume 15 (1900), Lt 132, 1900, par. 9",
    "element_type": "p",
    "element_subtype": "standard-indented",
    "content": "I am satisfied with the price paid for this place. I have not yet discovered all that is included in the sale, but Brother Burden has the matter in hand, and he will see that things are as they should be.",
    "puborder": 3310,
    "translations": []
  },
  {
    "para_id": "14065.10094016",
    "id_prev": "14065.10094015",
    "id_next": "14065.10094017",
    "refcode_1": "15LtMs",
    "refcode_2": "1",
    "refcode_3": "2428",
    "refcode_4": "1900013200",
    "refcode_short": "15LtMs, Lt 132, 1900, par. 10",
    "refcode_long": "Letters and Manuscripts — Volume 15 (1900), Lt 132, 1900, par. 10",
    "element_type": "p",
    "element_subtype": "standard-indented",
    "content": "This place was none of my seeking. It has come to me without a thought or purpose of mine. The Lord is so kind and gracious to me. I can trust my interests with Him who is too wise to err and too good to do me harm.",
    "puborder": 3311,
    "translations": []
  },
  {
    "para_id": "14065.10094017",
    "id_prev": "14065.10094016",
    "id_next": "14065.10094018",
    "refcode_1": "15LtMs",
    "refcode_2": "1",
    "refcode_3": "2429",
    "refcode_4": "1900013200",
    "refcode_short": "15LtMs, Lt 132, 1900, par. 11",
    "refcode_long": "Letters and Manuscripts — Volume 15 (1900), Lt 132, 1900, par. 11",
    "element_type": "p",
    "element_subtype": "standard-indented",
    "content": "Now I have a home where you will delight to be. You are invited to come and remain as long as you are happy here. If only it were fruit season, how glad we would be if you could be with us to enjoy the fruit. There are a variety of fruit trees in the orchard, but no fruit ripe now except grapes, and they will soon be a thing of the past.",
    "puborder": 3312,
    "translations": []
  },
  {
    "para_id": "14065.10094018",
    "id_prev": "14065.10094017",
    "id_next": "14065.10094019",
    "refcode_1": "15LtMs",
    "refcode_2": "1",
    "refcode_3": "2430",
    "refcode_4": "1900013200",
    "refcode_short": "15LtMs, Lt 132, 1900, par. 12",
    "refcode_long": "Letters and Manuscripts — Volume 15 (1900), Lt 132, 1900, par. 12",
    "element_type": "p",
    "element_subtype": "standard-indented",
    "content": "On Thursday evening I spoke in the sanitarium chapel. The room was well filled, and there were some standing at the entrance. I had much freedom in speaking. I hope the Lord will give me a hold upon the people. Friday night, by request, I spoke again. The blessing of the Lord seemed to rest upon me, and also upon the hearers. Quite a number of the patients came to hear me.",
    "puborder": 3313,
    "translations": []
  },
  {
    "para_id": "14065.10094019",
    "id_prev": "14065.10094018",
    "id_next": "14065.10094020",
    "refcode_1": "15LtMs",
    "refcode_2": "1",
    "refcode_3": "2431",
    "refcode_4": "1900013200",
    "refcode_short": "15LtMs, Lt 132, 1900, par. 13",
    "refcode_long": "Letters and Manuscripts — Volume 15 (1900), Lt 132, 1900, par. 13",
    "element_type": "p",
    "element_subtype": "standard-indented",
    "content": "Sabbath morning at half past five we went to the station to take the train for Napa, a town sixteen miles away. We ate our breakfast in a tent after reaching there. Sister Gotzian and Sister Ings were with me, and I do not remember when I enjoyed a journey so much or a meal so thoroughly. We all ate with excellent appetites. I wished that both of you were with us.",
    "puborder": 3314,
    "translations": []
  },
  {
    "para_id": "14065.10094020",
    "id_prev": "14065.10094019",
    "id_next": "14065.10094021",
    "refcode_1": "15LtMs",
    "refcode_2": "1",
    "refcode_3": "2432",
    "refcode_4": "1900013200",
    "refcode_short": "15LtMs, Lt 132, 1900, par. 14",
    "refcode_long": "Letters and Manuscripts — Volume 15 (1900), Lt 132, 1900, par. 14",
    "element_type": "p",
    "element_subtype": "standard-indented",
    "content": "I spoke in the large tent in the morning, bearing as plain and decided a testimony as I have ever borne in my life. It cut its way apparently to the hearts of those present.",
    "puborder": 3315,
    "translations": []
  },
  {
    "para_id": "14065.10094021",
    "id_prev": "14065.10094020",
    "id_next": "14065.10094022",
    "refcode_1": "15LtMs",
    "refcode_2": "1",
    "refcode_3": "2433",
    "refcode_4": "1900013200",
    "refcode_short": "15LtMs, Lt 132, 1900, par. 15",
    "refcode_long": "Letters and Manuscripts — Volume 15 (1900), Lt 132, 1900, par. 15",
    "element_type": "p",
    "element_subtype": "standard-indented",
    "content": "Brother Irwin took up the meeting where I left it, and a revival effort was made. Many came forward for prayers, among them the nurses from the sanitarium. The people thought it the best meeting they had ever attended.",
    "puborder": 3316,
    "translations": []
  },
  {
    "para_id": "14065.10094022",
    "id_prev": "14065.10094021",
    "id_next": "14065.10094023",
    "refcode_1": "15LtMs",
    "refcode_2": "1",
    "refcode_3": "2434",
    "refcode_4": "1900013200",
    "refcode_short": "15LtMs, Lt 132, 1900, par. 16",
    "refcode_long": "Letters and Manuscripts — Volume 15 (1900), Lt 132, 1900, par. 16",
    "element_type": "p",
    "element_subtype": "standard-indented",
    "content": "We returned to St. Helena on the evening train. A council was held the next morning, but I became very weary, and left the brethren to go on with the meeting, while I went to visit the place it was proposed I should buy.",
    "puborder": 3317,
    "translations": []
  },
  {
    "para_id": "14065.10094023",
    "id_prev": "14065.10094022",
    "id_next": "14065.10094024",
    "refcode_1": "15LtMs",
    "refcode_2": "1",
    "refcode_3": "2435",
    "refcode_4": "1900013200",
    "refcode_short": "15LtMs, Lt 132, 1900, par. 17",
    "refcode_long": "Letters and Manuscripts — Volume 15 (1900), Lt 132, 1900, par. 17",
    "element_type": "p",
    "element_subtype": "standard-indented",
    "content": "The next Friday afternoon I drove with Edson and Sara to Napa. I spoke in the tent Sabbath forenoon to a large number. In the afternoon Edson spoke in regard to the Southern work, and I understand that the Lord gave him freedom, and enabled him to present his ideas with clearness. He spoke again at five o&rsquo;clock, and left early the next morning for San Francisco. On Sunday morning I spoke for an hour and a quarter. Then after the horses were fed we started on our return journey. Brother McClure rode with us.",
    "puborder": 3318,
    "translations": []
  },
  {
    "para_id": "14065.10094024",
    "id_prev": "14065.10094023",
    "id_next": "14065.10094025",
    "refcode_1": "15LtMs",
    "refcode_2": "1",
    "refcode_3": "2436",
    "refcode_4": "1900013200",
    "refcode_short": "15LtMs, Lt 132, 1900, par. 18",
    "refcode_long": "Letters and Manuscripts — Volume 15 (1900), Lt 132, 1900, par. 18",
    "element_type": "p",
    "element_subtype": "standard-indented",
    "content": "The buggy was not my easy, comfortable carriage, and when we had gone half way, I became very weary and uncomfortable. My hip pained me. I could not sit in any position to relieve it. The pain became almost unbearable, and I changed my position again and again, but nothing gave me relief. I then put the cushions in the front part of the carriage, and knelt down and finally walked a short distance. When I reached the sanitarium, I was unable to stand or walk much.",
    "puborder": 3319,
    "translations": []
  },
  {
    "para_id": "14065.10094025",
    "id_prev": "14065.10094024",
    "id_next": "14065.10094026",
    "refcode_1": "15LtMs",
    "refcode_2": "1",
    "refcode_3": "2437",
    "refcode_4": "1900013200",
    "refcode_short": "15LtMs, Lt 132, 1900, par. 19",
    "refcode_long": "Letters and Manuscripts — Volume 15 (1900), Lt 132, 1900, par. 19",
    "element_type": "p",
    "element_subtype": "standard-indented",
    "content": "This drive, after my labor on Sabbath and Sunday, was too much for me. When I reached the sanitarium, I was taken to the bathroom in a wheel chair, and took thorough treatment. But I could not sleep that night, and have not had a good night&rsquo;s rest since. I am quite lame, and suffer considerably from hip, kidneys, and spine. I am taking good treatments, but the pain and lameness in the hip continue.",
    "puborder": 3320,
    "translations": []
  },
  {
    "para_id": "14065.10094026",
    "id_prev": "14065.10094025",
    "id_next": "14065.10094027",
    "refcode_1": "15LtMs",
    "refcode_2": "1",
    "refcode_3": "2438",
    "refcode_4": "1900013200",
    "refcode_short": "15LtMs, Lt 132, 1900, par. 20",
    "refcode_long": "Letters and Manuscripts — Volume 15 (1900), Lt 132, 1900, par. 20",
    "element_type": "p",
    "element_subtype": "standard-indented",
    "content": "Before going to Napa I had taken a severe cold, and the doctor thought I ought not to go; but the Lord sustained me wonderfully, and although I suffer, I do not regret improving the opportunity to speak to the people.",
    "puborder": 3321,
    "translations": []
  },
  {
    "para_id": "14065.10094027",
    "id_prev": "14065.10094026",
    "id_next": "14065.10094028",
    "refcode_1": "15LtMs",
    "refcode_2": "1",
    "refcode_3": "2439",
    "refcode_4": "1900013200",
    "refcode_short": "15LtMs, Lt 132, 1900, par. 21",
    "refcode_long": "Letters and Manuscripts — Volume 15 (1900), Lt 132, 1900, par. 21",
    "element_type": "p",
    "element_subtype": "standard-indented",
    "content": "We really feel that the Lord had guided us in indicating where we should locate. If we can cultivate within us a beauty of soul corresponding to the beauty of nature around us, there will be a blending of the divine and human agencies.",
    "puborder": 3322,
    "translations": []
  },
  {
    "para_id": "14065.10094028",
    "id_prev": "14065.10094027",
    "id_next": "14065.10094029",
    "refcode_1": "15LtMs",
    "refcode_2": "1",
    "refcode_3": "2440",
    "refcode_4": "1900013200",
    "refcode_short": "15LtMs, Lt 132, 1900, par. 22",
    "refcode_long": "Letters and Manuscripts — Volume 15 (1900), Lt 132, 1900, par. 22",
    "element_type": "p",
    "element_subtype": "standard-indented",
    "content": "It is impossible to estimate too largely the work that the Lord will accomplish through His proposed vessels in carrying out His mind and purpose. The things you have described as taking place in Indiana, the Lord has shown me would take place just before the close of probation. Every uncouth thing will be demonstrated. There will be shouting, with drums, music and dancing. The senses of rational beings will become so confused that they cannot be trusted to make right decisions. And this is called the moving of the Holy Spirit.",
    "puborder": 3323,
    "translations": []
  },
  {
    "para_id": "14065.10094029",
    "id_prev": "14065.10094028",
    "id_next": "14065.10094030",
    "refcode_1": "15LtMs",
    "refcode_2": "1",
    "refcode_3": "2441",
    "refcode_4": "1900013200",
    "refcode_short": "15LtMs, Lt 132, 1900, par. 23",
    "refcode_long": "Letters and Manuscripts — Volume 15 (1900), Lt 132, 1900, par. 23",
    "element_type": "p",
    "element_subtype": "standard-indented",
    "content": "The Holy Spirit never reveals itself in such methods, in such a bedlam of noise. This is an invention of Satan to cover up his ingenious methods for making of none effect the pure, sincere, elevating, ennobling, sanctifying truth for this time. Better never have the worship of God blended with music than to use musical instruments to do the work which last January was represented to me would be brought into our camp meetings. The <span class=\"underline\">truth</span> for this time needs nothing of this kind in its work of converting souls. A bedlam of noise shocks the senses and perverts that which, if conducted aright, might be a blessing. The powers of satanic agencies blend with the din and noise to have a carnival, and this is termed the Holy Spirit&rsquo;s working.",
    "puborder": 3324,
    "translations": []
  },
  {
    "para_id": "14065.10094030",
    "id_prev": "14065.10094029",
    "id_next": "14065.10094031",
    "refcode_1": "15LtMs",
    "refcode_2": "1",
    "refcode_3": "2442",
    "refcode_4": "1900013200",
    "refcode_short": "15LtMs, Lt 132, 1900, par. 24",
    "refcode_long": "Letters and Manuscripts — Volume 15 (1900), Lt 132, 1900, par. 24",
    "element_type": "p",
    "element_subtype": "standard-indented",
    "content": "When the camp meeting is ended, the good which ought to have been done, and which might have been done by the presentation of sacred truth, is not accomplished. Those participating in the supposed revival receive impressions which lead them adrift. They cannot tell what they formerly knew regarding Bible principles.",
    "puborder": 3325,
    "translations": []
  },
  {
    "para_id": "14065.10094031",
    "id_prev": "14065.10094030",
    "id_next": "14065.10094032",
    "refcode_1": "15LtMs",
    "refcode_2": "1",
    "refcode_3": "2443",
    "refcode_4": "1900013200",
    "refcode_short": "15LtMs, Lt 132, 1900, par. 25",
    "refcode_long": "Letters and Manuscripts — Volume 15 (1900), Lt 132, 1900, par. 25",
    "element_type": "p",
    "element_subtype": "standard-indented",
    "content": "No encouragement should be given to this kind of worship. The same kind of influence came in after the passing of the time in 1844. The same kind of representations were made. Men became excited, and were worked by the power thought to be the power of God. They turned their bodies over and over, like a carriage wheel, claiming that they could not do this except by supernatural power. There was a belief that the dead were raised and had ascended to heaven. The Lord gave me a message for this fanaticism, for the beautiful principles of Bible truth were being eclipsed.",
    "puborder": 3326,
    "translations": []
  },
  {
    "para_id": "14065.10094032",
    "id_prev": "14065.10094031",
    "id_next": "14065.10094033",
    "refcode_1": "15LtMs",
    "refcode_2": "1",
    "refcode_3": "2444",
    "refcode_4": "1900013200",
    "refcode_short": "15LtMs, Lt 132, 1900, par. 26",
    "refcode_long": "Letters and Manuscripts — Volume 15 (1900), Lt 132, 1900, par. 26",
    "element_type": "p",
    "element_subtype": "standard-indented",
    "content": "Men and women, supposed to be guided by the Holy Spirit, held meetings in a state of nudity. They talked about holy flesh. They said they were beyond the power of temptation, and they sang and shouted and made all manner of noisy demonstrations. These men and women were not bad, but they were deceived and deluded. In the past they had been blessed with a consciousness that they had a knowledge of the truth, and they had accomplished much good; but Satan was molding the work, and sensuality was the result. The cause of God was dishonored. Truth, sacred truth, was levelled in the dust by human agencies.",
    "puborder": 3327,
    "translations": []
  },
  {
    "para_id": "14065.10094033",
    "id_prev": "14065.10094032",
    "id_next": "14065.10094034",
    "refcode_1": "15LtMs",
    "refcode_2": "1",
    "refcode_3": "2445",
    "refcode_4": "1900013200",
    "refcode_short": "15LtMs, Lt 132, 1900, par. 27",
    "refcode_long": "Letters and Manuscripts — Volume 15 (1900), Lt 132, 1900, par. 27",
    "element_type": "p",
    "element_subtype": "standard-indented",
    "content": "The authorities of the land interfered, and several of the ring leaders were incarcerated within prison walls. By those who were confined in prison this interference was termed persecution for the truth&rsquo;s sake, and thus truth was clothed with garments spotted with the flesh.",
    "puborder": 3328,
    "translations": []
  },
  {
    "para_id": "14065.10094034",
    "id_prev": "14065.10094033",
    "id_next": "14065.10094035",
    "refcode_1": "15LtMs",
    "refcode_2": "1",
    "refcode_3": "2446",
    "refcode_4": "1900013200",
    "refcode_short": "15LtMs, Lt 132, 1900, par. 28",
    "refcode_long": "Letters and Manuscripts — Volume 15 (1900), Lt 132, 1900, par. 28",
    "element_type": "p",
    "element_subtype": "standard-indented",
    "content": "At this time I visited the eastern part of Maine, and bore a decided testimony for the truth. I presented the reproof of the Lord regarding this kind of work, showing that its influence was making the truth objectionable and disgusting to the community. I went from house to house, for no public meetings were allowed. Sometimes we met companies of twenty and thirty in private homes.",
    "puborder": 3329,
    "translations": []
  },
  {
    "para_id": "14065.10094035",
    "id_prev": "14065.10094034",
    "id_next": "14065.10094036",
    "refcode_1": "15LtMs",
    "refcode_2": "1",
    "refcode_3": "2447",
    "refcode_4": "1900013200",
    "refcode_short": "15LtMs, Lt 132, 1900, par. 29",
    "refcode_long": "Letters and Manuscripts — Volume 15 (1900), Lt 132, 1900, par. 29",
    "element_type": "p",
    "element_subtype": "standard-indented",
    "content": "I knew those who led the people into these noisy demonstrations, and as I arose to speak, they commenced dancing and jumping up and down, crying and shouting loudly, over and over again, &ldquo;The dead have been raised and have ascended to heaven.&rdquo; When they became too hoarse and too much exhausted to make so much noise, I bore my testimony, declaring that these fanatical movements, this din and noise, were inspired by the spirit of Satan, who was working miracles to deceive if possible the very elect. I said that it was not God&rsquo;s will that His pure, holy, sacred truth should be thus misinterpreted and brought into disrepute. The truth remained the truth still. These demonstrations did not change the unerring character of truth, but Satan was working to deceive and delude honest souls. Satan&rsquo;s agents were working vigilantly to make use of human minds in mingling the truth with tares and indecent practices, to bring a stigma upon the truth and make it of none effect.",
    "puborder": 3330,
    "translations": []
  },
  {
    "para_id": "14065.10094036",
    "id_prev": "14065.10094035",
    "id_next": "14065.10094037",
    "refcode_1": "15LtMs",
    "refcode_2": "1",
    "refcode_3": "2448",
    "refcode_4": "1900013200",
    "refcode_short": "15LtMs, Lt 132, 1900, par. 30",
    "refcode_long": "Letters and Manuscripts — Volume 15 (1900), Lt 132, 1900, par. 30",
    "element_type": "p",
    "element_subtype": "standard-indented",
    "content": "I will not go into all the painful history; it is too much. But last January the Lord showed me that erroneous theories and methods would be brought into our camp meetings, and that the history of the past would be repeated. I felt great distressed. I was instructed to say that at these demonstrations demons in the form of men are present, working with all the ingenuity that Satan can work to make the truth disgusting to sensible people; [and] that the enemy was trying to arrange matters so that the camp meetings, which have been the means of bringing the truth of the third angel&rsquo;s message before multitudes, should lose their force and influence.",
    "puborder": 3331,
    "translations": []
  },
  {
    "para_id": "14065.10094037",
    "id_prev": "14065.10094036",
    "id_next": "14065.10094038",
    "refcode_1": "15LtMs",
    "refcode_2": "1",
    "refcode_3": "2449",
    "refcode_4": "1900013200",
    "refcode_short": "15LtMs, Lt 132, 1900, par. 31",
    "refcode_long": "Letters and Manuscripts — Volume 15 (1900), Lt 132, 1900, par. 31",
    "element_type": "p",
    "element_subtype": "standard-indented",
    "content": "The third angel&rsquo;s message is to be given in straight lines. It is to be kept free from every thread of the cheap, miserable inventions of men&rsquo;s theories, prepared by the father of lies, and disguised as was the brilliant serpent used by Satan as a medium of deceiving our first parents. Thus Satan tries to put his stamp upon the work God would have stand forth in purity.",
    "puborder": 3332,
    "translations": []
  },
  {
    "para_id": "14065.10094038",
    "id_prev": "14065.10094037",
    "id_next": "14065.10094039",
    "refcode_1": "15LtMs",
    "refcode_2": "1",
    "refcode_3": "2450",
    "refcode_4": "1900013200",
    "refcode_short": "15LtMs, Lt 132, 1900, par. 32",
    "refcode_long": "Letters and Manuscripts — Volume 15 (1900), Lt 132, 1900, par. 32",
    "element_type": "p",
    "element_subtype": "standard-indented",
    "content": "The Holy Spirit has nothing to do with such a confusion of noise and multitude of sounds as passed before me last January. Satan works amid the din and confusion of such music, which, properly conducted, would be a praise and glory to God. He makes its effect like the poison sting of the serpent.",
    "puborder": 3333,
    "translations": []
  },
  {
    "para_id": "14065.10094039",
    "id_prev": "14065.10094038",
    "id_next": "14065.10094040",
    "refcode_1": "15LtMs",
    "refcode_2": "1",
    "refcode_3": "2451",
    "refcode_4": "1900013200",
    "refcode_short": "15LtMs, Lt 132, 1900, par. 33",
    "refcode_long": "Letters and Manuscripts — Volume 15 (1900), Lt 132, 1900, par. 33",
    "element_type": "p",
    "element_subtype": "standard-indented",
    "content": "Those things which have been in the past will be in the future. Satan will make music a snare by the way in which it is conducted. God calls upon His people, who have the light before them in the Word and in the Testimonies, to read and consider, and to take heed. Clear and definite instruction has been given in order that all may understand. But the itching desire to originate something new results in strange doctrines, and largely destroys the influence of those who would be a power for good if they held firm the beginning of their confidence in the truth the Lord had given them.",
    "puborder": 3334,
    "translations": []
  },
  {
    "para_id": "14065.10094040",
    "id_prev": "14065.10094039",
    "id_next": "14065.10094041",
    "refcode_1": "15LtMs",
    "refcode_2": "1",
    "refcode_3": "2452",
    "refcode_4": "1900013200",
    "refcode_short": "15LtMs, Lt 132, 1900, par. 34",
    "refcode_long": "Letters and Manuscripts — Volume 15 (1900), Lt 132, 1900, par. 34",
    "element_type": "p",
    "element_subtype": "standard-indented",
    "content": "&ldquo;Therefore we ought to give the more earnest heed to the things which we have heard, lest at any time we should let them slip; (margin, Run out as leaky vessels) for if the word spoken by angels was steadfast, and every transgression and disobedience received a just recompense of reward, how shall we escape if we neglect so great salvation, which at the first began to be spoken by the Lord, and was confirmed unto us by them that heard him?&rdquo; [<span class=\"egwlink egwlink_bible\" title=\"Hebrews 2:1\" data-link=\"1965.61152\">Hebrews 2:1-3</span>.] &ldquo;Take heed, brethren, lest there be in any of you an evil heart of unbelief, in departing from the living God. But exhort one another daily, while it is called today, lest any of you be hardened through the deceitfulness of sin. For we are made partakers of Christ if we hold the beginning of our confidence steadfast unto the end.&rdquo; [<span class=\"egwlink egwlink_bible\" title=\"Hebrews 3:12\" data-link=\"1965.61211\">Hebrews 3:12-14</span>.]",
    "puborder": 3335,
    "translations": []
  },
  {
    "para_id": "14065.10094041",
    "id_prev": "14065.10094040",
    "id_next": "14065.10094042",
    "refcode_1": "15LtMs",
    "refcode_2": "1",
    "refcode_3": "2453",
    "refcode_4": "1900013200",
    "refcode_short": "15LtMs, Lt 132, 1900, par. 35",
    "refcode_long": "Letters and Manuscripts — Volume 15 (1900), Lt 132, 1900, par. 35",
    "element_type": "p",
    "element_subtype": "standard-indented",
    "content": "Brother and Sister Haskell, we must put on every piece of the armor, and having done all, stand firm. We are set as a defense for the gospel, and we must compose a part of the Lord&rsquo;s grand army for aggressive warfare. By the Lord&rsquo;s faithful ambassadors the truth must be presented in clear-cut lines. Much of that which today is called testing truth is twaddle which leads to a resistance of the Holy Spirit.",
    "puborder": 3336,
    "translations": []
  },
  {
    "para_id": "14065.10094042",
    "id_prev": "14065.10094041",
    "id_next": "14065.10094043",
    "refcode_1": "15LtMs",
    "refcode_2": "1",
    "refcode_3": "2454",
    "refcode_4": "1900013200",
    "refcode_short": "15LtMs, Lt 132, 1900, par. 36",
    "refcode_long": "Letters and Manuscripts — Volume 15 (1900), Lt 132, 1900, par. 36",
    "element_type": "p",
    "element_subtype": "standard-indented",
    "content": "I am at times made very sad as I think of the use made of the Testimonies. Men and women report everything that strikes them or that they hear as a testimony from Sister White, &lt;when Sister White never heard of such things.&gt; I will send you a copy of a letter I received this morning illustrating this.",
    "puborder": 3337,
    "translations": []
  },
  {
    "para_id": "14065.10094043",
    "id_prev": "14065.10094042",
    "id_next": "14065.10094044",
    "refcode_1": "15LtMs",
    "refcode_2": "1",
    "refcode_3": "2455",
    "refcode_4": "1900013200",
    "refcode_short": "15LtMs, Lt 132, 1900, par. 37",
    "refcode_long": "Letters and Manuscripts — Volume 15 (1900), Lt 132, 1900, par. 37",
    "element_type": "p",
    "element_subtype": "standard-indented",
    "content": "The only safety for any of us is to plant our feet upon the Word of God and study the Scriptures, making God&rsquo;s Word our constant meditation. Tell the people to take no man&rsquo;s word regarding the Testimonies but to read them and study them for themselves, and then they will know that they are in harmony with the truth. The Word of God is the truth. Of a good man the Psalmist declares, &ldquo;His delight is in the law of the Lord, and in his law doth he meditate day and night.&rdquo; [<span class=\"egwlink egwlink_bible\" title=\"Psalm 1:2\" data-link=\"1965.28383\">Psalm 1:2</span>.] He who puts mind and heart into this work gains a solid, valuable experience. The Holy Spirit is in the <span class=\"underline\">Word</span> of God. Here is the living, undying element so distinctly represented in the <span class=\"egwlink egwlink_bible\" title=\"John 6:1\" data-link=\"1965.53565\">sixth chapter of John</span>.",
    "puborder": 3338,
    "translations": []
  },
  {
    "para_id": "14065.10094044",
    "id_prev": "14065.10094043",
    "id_next": "14065.10094045",
    "refcode_1": "15LtMs",
    "refcode_2": "1",
    "refcode_3": "2456",
    "refcode_4": "1900013200",
    "refcode_short": "15LtMs, Lt 132, 1900, par. 38",
    "refcode_long": "Letters and Manuscripts — Volume 15 (1900), Lt 132, 1900, par. 38",
    "element_type": "p",
    "element_subtype": "standard-indented",
    "content": "&ldquo;Jesus said unto them, Verily, verily I say unto you, Except ye eat the flesh of the Son of man and drink his blood, ye have no life in you: whosoever eateth my flesh and drinketh my blood hath eternal life, and I will raise him up at the last day. For my flesh is meat indeed, and my blood is drink indeed. He that eateth my flesh and drinketh my blood dwelleth in me, and I in him. As the living Father hath sent me, and I live by the Father, so he that eateth me, even he shall live by me.&rdquo; &ldquo;It is the Spirit that quickeneth; the flesh profiteth nothing: the words that I speak unto you, they are Spirit and they are life.&rdquo; [<span class=\"egwlink egwlink_bible\" title=\"John 6:53\" data-link=\"1965.53669\">Verses 53-57, 63</span>.]",
    "puborder": 3339,
    "translations": []
  },
  {
    "para_id": "14065.10094045",
    "id_prev": "14065.10094044",
    "id_next": "14065.10094046",
    "refcode_1": "15LtMs",
    "refcode_2": "1",
    "refcode_3": "2457",
    "refcode_4": "1900013200",
    "refcode_short": "15LtMs, Lt 132, 1900, par. 39",
    "refcode_long": "Letters and Manuscripts — Volume 15 (1900), Lt 132, 1900, par. 39",
    "element_type": "p",
    "element_subtype": "standard-indented",
    "content": "Much is being said regarding the impartation of the Holy Spirit, and by some this is being so interpreted that it is an injury to the churches. Eternal life is the receiving of the living elements in the Scriptures, and doing the will of God. This is eating the flesh and drinking the blood of the Son of God. To those who do this life and immortality are brought to light through the gospel, for God&rsquo;s Word is verity and truth, spirit and life. It is the privilege of all who believe in Jesus Christ as their personal Saviour to feed on the Word of God. The Holy Spirit&rsquo;s influence renders that Word, the Bible, an immortal truth, which to the prayerful searcher gives spiritual sinew and muscle.",
    "puborder": 3340,
    "translations": []
  },
  {
    "para_id": "14065.10094046",
    "id_prev": "14065.10094045",
    "id_next": "14065.10094047",
    "refcode_1": "15LtMs",
    "refcode_2": "1",
    "refcode_3": "2458",
    "refcode_4": "1900013200",
    "refcode_short": "15LtMs, Lt 132, 1900, par. 40",
    "refcode_long": "Letters and Manuscripts — Volume 15 (1900), Lt 132, 1900, par. 40",
    "element_type": "p",
    "element_subtype": "standard-indented",
    "content": "&ldquo;Search the Scriptures,&rdquo; Christ declared, &ldquo;for in them ye think ye have eternal life; and they are they which testify of me.&rdquo; [<span class=\"egwlink egwlink_bible\" title=\"John 5:39\" data-link=\"1965.53546\">John 5:39</span>.] Those who dig beneath the surface discover the hidden gems of truth. The Holy Spirit is present with the earnest searcher. Its illumination shines upon the Word, stamping the truth upon the mind with a new, fresh importance. The searcher is filled with a sense of peace and joy never before felt. The preciousness of truth is realized as never before. A new, heavenly light shines upon the Word, illuminating it as though every letter were tinged with gold. God Himself has spoken to the mind and heart, making the Word Spirit and life.",
    "puborder": 3341,
    "translations": []
  },
  {
    "para_id": "14065.10094047",
    "id_prev": "14065.10094046",
    "id_next": "14065.10094048",
    "refcode_1": "15LtMs",
    "refcode_2": "1",
    "refcode_3": "2459",
    "refcode_4": "1900013200",
    "refcode_short": "15LtMs, Lt 132, 1900, par. 41",
    "refcode_long": "Letters and Manuscripts — Volume 15 (1900), Lt 132, 1900, par. 41",
    "element_type": "p",
    "element_subtype": "standard-indented",
    "content": "Every true searcher of the Word lifts his heart to God, imploring the aid of the Spirit. And he soon discovers that which carries him above all the fictitious statements of the would-be teacher, whose weak, tottering theories are not sustained by the Word of the living God. These theories were invented by men who had not learned the first great lesson, that God&rsquo;s Spirit and life are in His Word. If they had received in the heart the eternal element contained in the Word of God, they would see how tame and expressionless are [all] efforts to get something new to create a sensation. They need to learn the very first principles of the Word of God; they would then have the Word of life for the people, who will soon distinguish the chaff from the wheat; for Jesus left His promise with His disciples.",
    "puborder": 3342,
    "translations": []
  },
  {
    "para_id": "14065.10094048",
    "id_prev": "14065.10094047",
    "id_next": "14065.10094049",
    "refcode_1": "15LtMs",
    "refcode_2": "1",
    "refcode_3": "2460",
    "refcode_4": "1900013200",
    "refcode_short": "15LtMs, Lt 132, 1900, par. 42",
    "refcode_long": "Letters and Manuscripts — Volume 15 (1900), Lt 132, 1900, par. 42",
    "element_type": "p",
    "element_subtype": "standard-indented",
    "content": "Just before His crucifixion one of His disciples asked Him the question, &ldquo;How is it that thou wilt manifest thyself unto us and not unto the world? Jesus answered and said unto them, If any man love me, he will keep my words; and my Father will love him, and <span class=\"underline\">we</span> will come unto him, and make our abode with him. He that loveth me not keepeth not my sayings, and the word which ye hear is not mine, but the Father&rsquo;s which sent me. These things have I spoken unto you being yet present with you. But the Comforter, which is the Holy Ghost, whom the Father will send in my name, he shall teach you all things, and bring all things to your remembrance, whatsoever I have said unto you. Peace I leave with you: my peace I give unto you: not as the world giveth give I unto you. Let not your heart be troubled, neither let it be afraid.&rdquo; [<span class=\"egwlink egwlink_bible\" title=\"John 14:22\" data-link=\"1965.54437\">John 14:22-27</span>.]",
    "puborder": 3343,
    "translations": []
  },
  {
    "para_id": "14065.10094049",
    "id_prev": "14065.10094048",
    "id_next": "14065.10094050",
    "refcode_1": "15LtMs",
    "refcode_2": "1",
    "refcode_3": "2461",
    "refcode_4": "1900013200",
    "refcode_short": "15LtMs, Lt 132, 1900, par. 43",
    "refcode_long": "Letters and Manuscripts — Volume 15 (1900), Lt 132, 1900, par. 43",
    "element_type": "p",
    "element_subtype": "standard-indented",
    "content": "These words are not half comprehended by individuals, by families, or by church members, to whom and through whom, as His family, God would represent pure, unadulterated truth, which if received and properly digested, brings eternal life.",
    "puborder": 3344,
    "translations": []
  },
  {
    "para_id": "14065.10094050",
    "id_prev": "14065.10094049",
    "id_next": "14065.10094051",
    "refcode_1": "15LtMs",
    "refcode_2": "1",
    "refcode_3": "2462",
    "refcode_4": "1900013200",
    "refcode_short": "15LtMs, Lt 132, 1900, par. 44",
    "refcode_long": "Letters and Manuscripts — Volume 15 (1900), Lt 132, 1900, par. 44",
    "element_type": "p",
    "element_subtype": "standard-indented",
    "content": "Let us believe the Word. He who thus eats the bread of heaven is nourished every day, and will know what these words mean, &ldquo;Needeth not that any man teach you.&rdquo; [<span class=\"egwlink egwlink_bible\" title=\"1 John 2:27\" data-link=\"1965.62380\">1 John 2:27</span>.] We have lessons pure from the lips of Him who owns us, who has bought us with the price of His own blood. The precious Word of God is a solid foundation upon which to build. When men come to you with their supposed suppositions, tell them that the Great Teacher has left you His Word, which is of incalculable value, that He has sent a Comforter in His own name, even the Holy Ghost. &ldquo;He shall teach you all things, and bring all things to your remembrance, whatsoever I have said unto you.&rdquo; [<span class=\"egwlink egwlink_bible\" title=\"John 14:26\" data-link=\"1965.54445\">John 14:26</span>.] &ldquo;I am the living bread which came down from heaven: if a man eat of this bread he shall live forever, and the bread that I give is my flesh, which I will give for the life of the world.&rdquo; [<span class=\"egwlink egwlink_bible\" title=\"John 6:51\" data-link=\"1965.53665\">John 6:51</span>.]",
    "puborder": 3345,
    "translations": []
  },
  {
    "para_id": "14065.10094051",
    "id_prev": "14065.10094050",
    "id_next": "14065.10094052",
    "refcode_1": "15LtMs",
    "refcode_2": "1",
    "refcode_3": "2463",
    "refcode_4": "1900013200",
    "refcode_short": "15LtMs, Lt 132, 1900, par. 45",
    "refcode_long": "Letters and Manuscripts — Volume 15 (1900), Lt 132, 1900, par. 45",
    "element_type": "p",
    "element_subtype": "standard-indented",
    "content": "Here is presented before us a rich banquet, of which all who believe in Christ as a personal Saviour may eat. He is the tree of life to all who continue to feed on Him.",
    "puborder": 3346,
    "translations": []
  },
  {
    "para_id": "14065.10094052",
    "id_prev": "14065.10094051",
    "id_next": "14065.10094053",
    "refcode_1": "15LtMs",
    "refcode_2": "1",
    "refcode_3": "2464",
    "refcode_4": "1900013200",
    "refcode_short": "15LtMs, Lt 132, 1900, par. 46",
    "refcode_long": "Letters and Manuscripts — Volume 15 (1900), Lt 132, 1900, par. 46",
    "element_type": "p",
    "element_subtype": "standard-indented",
    "content": "I am instructed to ask those who profess to receive Christ as their personal Saviour, Why do you pass by the words of the Great Teacher, and send your letters to human beings for words of comfort. Why do you rely upon human help when you have the large, full, grand promises, &ldquo;He that eateth my flesh and drinketh my blood dwelleth in me and I in him. ... This is the bread that came down from heaven: not as your fathers did eat manna and are dead: he that eateth of this bread shall live forever.&rdquo; [<span class=\"egwlink egwlink_bible\" title=\"John 6:56\" data-link=\"1965.53675\">Verse 56, 58</span>.] He may die, yet the life of Christ in him is eternal, and he will be raised up at the last day. &ldquo;It is the Spirit that quickeneth, the flesh profiteth nothing; the words that I speak unto you they are spirit and they are life.&rdquo; [<span class=\"egwlink egwlink_bible\" title=\"John 6:63\" data-link=\"1965.53689\">Verse 63</span>.]",
    "puborder": 3347,
    "translations": []
  },
  {
    "para_id": "14065.10094053",
    "id_prev": "14065.10094052",
    "id_next": "14065.10094054",
    "refcode_1": "15LtMs",
    "refcode_2": "1",
    "refcode_3": "2465",
    "refcode_4": "1900013200",
    "refcode_short": "15LtMs, Lt 132, 1900, par. 47",
    "refcode_long": "Letters and Manuscripts — Volume 15 (1900), Lt 132, 1900, par. 47",
    "element_type": "p",
    "element_subtype": "standard-indented",
    "content": "&ldquo;We know that if our earthly house of this tabernacle were dissolved, we have a building of God, an house not made with hands, eternal in the heavens. For in this we groan, earnestly desiring to be clothed upon with our house which is from heaven; if so be that being clothed, we shall not be found naked. For we that are in this tabernacle do groan, being burdened; not for that we would be unclothed, but clothed upon, that mortality might be swallowed up of life.&rdquo; [<span class=\"egwlink egwlink_bible\" title=\"2 Corinthians 5:1\" data-link=\"1965.58889\">2 Corinthians 5:1-4</span>.]",
    "puborder": 3348,
    "translations": []
  },
  {
    "para_id": "14065.10094054",
    "id_prev": "14065.10094053",
    "id_next": "14065.10094055",
    "refcode_1": "15LtMs",
    "refcode_2": "1",
    "refcode_3": "2466",
    "refcode_4": "1900013200",
    "refcode_short": "15LtMs, Lt 132, 1900, par. 48",
    "refcode_long": "Letters and Manuscripts — Volume 15 (1900), Lt 132, 1900, par. 48",
    "element_type": "p",
    "element_subtype": "standard-indented",
    "content": "All who study these precious utterances may have strong consolation. If they will feed upon the banquet of God&rsquo;s Word, they will gain an experience of the highest value. They will see that in comparison with the Word of God, the word of man is as chaff to the wheat.",
    "puborder": 3349,
    "translations": []
  },
  {
    "para_id": "14065.10094055",
    "id_prev": "14065.10094054",
    "id_next": "14065.7656001",
    "refcode_1": "15LtMs",
    "refcode_2": "1",
    "refcode_3": "2467",
    "refcode_4": "1900013200",
    "refcode_short": "15LtMs, Lt 132, 1900, par. 49",
    "refcode_long": "Letters and Manuscripts — Volume 15 (1900), Lt 132, 1900, par. 49",
    "element_type": "p",
    "element_subtype": "standard-indented",
    "content": "I am instructed by the Word of God that His promises are for me and for every child of God. The banquet is spread before us; we are invited to eat the Word of God, which will strengthen spiritual muscle and sinew.",
    "puborder": 3350,
    "translations": []
  }
]