[
  {
    "para_id": "14065.20123192",
    "id_prev": "14065.12825017",
    "id_next": "14065.13148001",
    "refcode_1": "15LtMs",
    "refcode_2": "1",
    "refcode_3": "",
    "refcode_4": "",
    "refcode_short": "15LtMs",
    "refcode_long": "Letters and Manuscripts — Volume 15 (1900)",
    "element_type": "h3",
    "element_subtype": "",
    "content": "Manuscripts",
    "puborder": 4754,
    "translations": []
  },
  {
    "para_id": "14065.13148001",
    "id_prev": "14065.20123192",
    "id_next": "14065.13148002",
    "refcode_1": "15LtMs",
    "refcode_2": "1",
    "refcode_3": "",
    "refcode_4": "1900100100",
    "refcode_short": "15LtMs, Ms 1, 1900",
    "refcode_long": "Letters and Manuscripts — Volume 15 (1900), Ms 1, 1900",
    "element_type": "h4",
    "element_subtype": "",
    "content": "Ms 1, 1900",
    "puborder": 4755,
    "translations": []
  },
  {
    "para_id": "14065.13148002",
    "id_prev": "14065.13148001",
    "id_next": "14065.13148003",
    "refcode_1": "15LtMs",
    "refcode_2": "1",
    "refcode_3": "",
    "refcode_4": "1900100100",
    "refcode_short": "",
    "refcode_long": "",
    "element_type": "p",
    "element_subtype": "mstitle",
    "content": "Diary/&ldquo;I thank the Lord for His great…&rdquo;",
    "puborder": 4756,
    "translations": []
  },
  {
    "para_id": "14065.13148003",
    "id_prev": "14065.13148002",
    "id_next": "14065.8209001",
    "refcode_1": "15LtMs",
    "refcode_2": "1",
    "refcode_3": "",
    "refcode_4": "1900100100",
    "refcode_short": "",
    "refcode_long": "",
    "element_type": "p",
    "element_subtype": "mspubinfo",
    "content": "Refiled as <span class=\"egwlink egwlink_book\" title=\"Ms 176, 1899\" data-link=\"14064.5203001\">Ms 176, 1899</span>.",
    "puborder": 4757,
    "translations": []
  }
]