[
  {
    "para_id": "47.168",
    "id_prev": "47.160",
    "id_next": "47.169",
    "refcode_1": "MR728",
    "refcode_2": "40",
    "refcode_3": "",
    "refcode_4": "43",
    "refcode_short": "MR728 40",
    "refcode_long": "Manuscript Release No. 728, p. 40 (Ellen Gould White)",
    "element_type": "h3",
    "element_subtype": "",
    "content": "Monday, April 23, 1900, Sunnyside, Cooranbong, Australia, EGW to G. A. Irwin",
    "puborder": 158,
    "translations": []
  },
  {
    "para_id": "47.169",
    "id_prev": "47.168",
    "id_next": "47.231",
    "refcode_1": "MR728",
    "refcode_2": "40",
    "refcode_3": "",
    "refcode_4": "",
    "refcode_short": "",
    "refcode_long": "",
    "element_type": "p",
    "element_subtype": "center",
    "content": "[<span class=\"non-egw-comment\">President of the General Conference, 1897-1901.</span>]",
    "puborder": 159,
    "translations": []
  },
  {
    "para_id": "47.231",
    "id_prev": "47.169",
    "id_next": "47.170",
    "refcode_1": "MR728",
    "refcode_2": "40",
    "refcode_3": "",
    "refcode_4": "",
    "refcode_short": "",
    "refcode_long": "",
    "element_type": "p",
    "element_subtype": "salutation",
    "content": "Dear Brother,",
    "puborder": 160,
    "translations": []
  },
  {
    "para_id": "47.170",
    "id_prev": "47.231",
    "id_next": "47.172",
    "refcode_1": "MR728",
    "refcode_2": "40",
    "refcode_3": "1",
    "refcode_4": "",
    "refcode_short": "MR728 40.1",
    "refcode_long": "Manuscript Release No. 728, p. 40.1 (Ellen Gould White)",
    "element_type": "p",
    "element_subtype": "standard-indented",
    "content": "My copyists you have seen. They do not change my language. It stands as I write it.",
    "puborder": 161,
    "translations": []
  },
  {
    "para_id": "47.172",
    "id_prev": "47.170",
    "id_next": "47.173",
    "refcode_1": "MR728",
    "refcode_2": "41",
    "refcode_3": "1",
    "refcode_4": "",
    "refcode_short": "MR728 41.1",
    "refcode_long": "Manuscript Release No. 728, p. 41.1 (Ellen Gould White)",
    "element_type": "p",
    "element_subtype": "standard-indented",
    "content": "Marian&apos;s work is of a different order altogether. She is my bookmaker. A _____ never was my bookmaker. How are my books made? Marian does not put in her claim for recognition. She does her work in this way: She takes my articles which are published in the papers, and pastes them in blank books. She also has a copy of all the letters I write. In preparing a chapter for a book, Marian remembers that I have written something on that special point, which may make the matter more forcible. She begins to search for this, and if when she finds it, she sees that it will make the chapter more clear, she adds it.",
    "puborder": 162,
    "translations": []
  },
  {
    "para_id": "47.173",
    "id_prev": "47.172",
    "id_next": "47.174",
    "refcode_1": "MR728",
    "refcode_2": "41",
    "refcode_3": "2",
    "refcode_4": "",
    "refcode_short": "MR728 41.2",
    "refcode_long": "Manuscript Release No. 728, p. 41.2 (Ellen Gould White)",
    "element_type": "p",
    "element_subtype": "standard-indented",
    "content": "The books are not Marian&apos;s productions, but my own, gathered from all my writings. Marian has a large field from which to draw, and her ability to arrange the matter is of great value to me. It saves my poring over a mass of matter, which I have no time to do.",
    "puborder": 163,
    "translations": []
  },
  {
    "para_id": "47.174",
    "id_prev": "47.173",
    "id_next": "47.175",
    "refcode_1": "MR728",
    "refcode_2": "41",
    "refcode_3": "3",
    "refcode_4": "",
    "refcode_short": "MR728 41.3",
    "refcode_long": "Manuscript Release No. 728, p. 41.3 (Ellen Gould White)",
    "element_type": "p",
    "element_subtype": "standard-indented",
    "content": "So you understand that Marian is a most valuable help to me in bringing out my books. A_____ had none of this work to do. Marian has read chapters to her, and A_____ has sometimes made suggestions as to the arrangement of the matter.",
    "puborder": 164,
    "translations": []
  },
  {
    "para_id": "47.175",
    "id_prev": "47.174",
    "id_next": "47.176",
    "refcode_1": "MR728",
    "refcode_2": "41",
    "refcode_3": "4",
    "refcode_4": "",
    "refcode_short": "MR728 41.4",
    "refcode_long": "Manuscript Release No. 728, p. 41.4 (Ellen Gould White)",
    "element_type": "p",
    "element_subtype": "standard-indented",
    "content": "This is the difference between the workers. As I have stated, A_____ has been strictly forbidden to change my words for her words. As spoken by the heavenly agencies, the words are severe in their simplicity; and I try to put the thoughts into such simple language that a child can understand every word uttered. The words of someone else would not rightly represent me.",
    "puborder": 165,
    "translations": []
  },
  {
    "para_id": "47.176",
    "id_prev": "47.175",
    "id_next": "47.179",
    "refcode_1": "MR728",
    "refcode_2": "41",
    "refcode_3": "5",
    "refcode_4": "",
    "refcode_short": "MR728 41.5",
    "refcode_long": "Manuscript Release No. 728, p. 41.5 (Ellen Gould White)",
    "element_type": "p",
    "element_subtype": "standard-indented",
    "content": "I have written thus fully in order that you may understand the matter. A_____ may claim that she has made my books, but she has not done so. This has been Marian&apos;s field, and her work is far in advance of any work A_____ has done for me.&mdash;<span class=\"egwlink egwlink_book\" title=\"Lt 61a, 1900\" data-link=\"14065.7742001\">Letter 61a, 1900</span>, pp. 4-5. (The first part of this quotation appears in <em>The Ministry</em>, December, 1975, pp. 14, 15).",
    "puborder": 166,
    "translations": []
  }
]