[
  {
    "para_id": "14748.403",
    "id_prev": "14748.402",
    "id_next": "14748.404",
    "refcode_1": "1TC",
    "refcode_2": "70",
    "refcode_3": "",
    "refcode_4": "29",
    "refcode_short": "1TC 70",
    "refcode_long": "The Attack, p. 70 (Ellen Gould White)",
    "element_type": "h4",
    "element_subtype": "",
    "content": "Today&rsquo;s Tower of Babel",
    "puborder": 306,
    "translations": []
  },
  {
    "para_id": "14748.404",
    "id_prev": "14748.403",
    "id_next": "14748.405",
    "refcode_1": "1TC",
    "refcode_2": "70",
    "refcode_3": "2",
    "refcode_4": "",
    "refcode_short": "1TC 70.2",
    "refcode_long": "The Attack, p. 70.2 (Ellen Gould White)",
    "element_type": "p",
    "element_subtype": "standard-indented",
    "content": "Many turn from the plain teachings of the Bible and build up a creed from human speculations and pleasing fables. They point to their &ldquo;tower&rdquo; as a way to climb up to heaven. Eloquent lips teach that the sinner will not die, that salvation may be had without obedience to the law of God. If the professed followers of Christ would accept God&rsquo;s standard, it would bring them into unity, but as long as human wisdom is exalted above God&rsquo;s holy Word, there will be divisions and dissension. The existing confusion of conflicting beliefs and denominations is fitly represented by the term &ldquo;Babylon,&rdquo; which prophecy applies to the world-loving churches of the last days (<span class=\"egwlink egwlink_bible\" title=\"Revelation 14:8\" data-link=\"1965.63118\">Revelation 14:8</span>; <span class=\"egwlink egwlink_bible\" title=\"Revelation 18:2\" data-link=\"1965.63244\">18:2</span>).",
    "puborder": 307,
    "translations": []
  },
  {
    "para_id": "14748.405",
    "id_prev": "14748.404",
    "id_next": "14748.407",
    "refcode_1": "1TC",
    "refcode_2": "70",
    "refcode_3": "3",
    "refcode_4": "",
    "refcode_short": "1TC 70.3",
    "refcode_long": "The Attack, p. 70.3 (Ellen Gould White)",
    "element_type": "p",
    "element_subtype": "standard-indented",
    "content": "The time of God&rsquo;s investigation is very near. His sovereign power will be revealed and the works of human pride will be brought to an end.",
    "puborder": 308,
    "translations": []
  }
]