[
  {
    "para_id": "1038.154",
    "id_prev": "1038.153",
    "id_next": "1038.155",
    "refcode_1": "SC3",
    "refcode_2": "162",
    "refcode_3": "",
    "refcode_4": "",
    "refcode_short": "SC3 162",
    "refcode_long": "[Sabbath Controversy #3] A Vindication of the Seventh-day Sabbath, and the Commandments of God, p. 162 (Joseph Bates)",
    "element_type": "h3",
    "element_subtype": "",
    "content": "THE SABBATH",
    "puborder": 71,
    "translations": []
  },
  {
    "para_id": "1038.155",
    "id_prev": "1038.154",
    "id_next": "1038.160",
    "refcode_1": "SC3",
    "refcode_2": "162",
    "refcode_3": "3",
    "refcode_4": "",
    "refcode_short": "SC3 162.3",
    "refcode_long": "[Sabbath Controversy #3] A Vindication of the Seventh-day Sabbath, and the Commandments of God, p. 162.3 (Joseph Bates)",
    "element_type": "p",
    "element_subtype": "standard-indented",
    "content": "Jesus kept <em>the</em> Sabbath, and when he was giving them the signs of his coming and the end of the world, he pointed them at least thirty-five years after his death, to the very same Sabbath. On the 29th of June last, you replied to J. Gifford&rsquo;s inquiries on this point, and perverted the word, and called THE, <em>their Sabbath</em>. You also say, &ldquo;The day before the resurrection was the Jewish Sabbath, which Christ <em>kept</em> in the tomb. When that Sabbath ended, the law of types ended, and of course the <em>typical</em> Sabbath ceased - a new dispensation commenced on the first day, which should be observed in commemoration <span class=\"page-break\" data-page=\"163\"></span> of the death of Christ, until he come.&rdquo; Now look at your <em>zig-zag</em> course. First, that the whole law with the decalogue was nailed to the cross. But here, to get rid of this brother&rsquo;s argument, about the Sabbath being kept the day before the resurrection, and after the crucifixion, you stretch out the Sabbath in the fourth commandment about twenty-seven hours, (as long as you wanted it,) and then put it back with the other nine that died the day before. Here too, you say, &ldquo;ended the law of types, and of course the typical Sabbath,&rdquo; and then about twelve hours after a new dispensation commenced. Your argument looks like this&mdash;the Jewish dispensation ended at the preaching of Christ. Oh no, it was at his death&mdash;where the law of Moses, with the commandments of God, were <em>all</em> nailed to the cross. But stop again&mdash;the Sabbath did not end, not the types, until twenty-seven hours after; and finally&mdash;come to think of it&mdash;the dispensation did not end until about twelve hours after that, when Christ arose. Surely J. Turner, with all his mesmeric influence, could not do much better. How much better to follow Paul in <span class=\"egwlink egwlink_bible\" title=\"Colossians 2:14\" data-link=\"1965.60179\">Colossians 2:14</span>, &ldquo;blotting out the handwriting of ordinances (the ceremonial law) and nailing it to the cross&rdquo; on Friday, the 14th day of the first month, &ldquo;FINISHED&rdquo; at 3 o&rsquo;clock, P.M.&mdash;<span class=\"egwlink egwlink_bible\" title=\"John 19:30\" data-link=\"1965.54772\">John 19:30</span>; <span class=\"egwlink egwlink_bible\" title=\"Mark 15:33\" data-link=\"1965.50734\">Mark 15:33, 37</span> Again, you say &ldquo;the Jews were so tenacious about the strict observance of <em>their</em> Sabbath, that they would have prevented the disciples fleeing on that day, had they made an attempt to do so; hence for their own salvation, Christ taught his disciples to pray that their flight might not be on that day, not because it would be wrong to <em>save their lives</em> on that day, which the Sabbatarian view seems to teach.&rdquo; In the first place Christ never intimated a word about <em>their</em> Sabbath; it was THE Sabbath, the same that he had kept. Your sophistical argument about their flight, etc. etc. touches not the main point. Christ did here recognize THE Sabbath of the Lord thirty-five years beyond the time which you say it was abolished. At that time, if it never did before, as you have it, it belonged as much to the Gentile as the Jew, unless you make another attempt to stretch out the Jewish dispensation thirty-five years to cover it. His disciples certainly kept the Sabbath, the day after his death, and you cannot prove by the Scriptures that the disciples ever held a <span class=\"page-break\" data-page=\"164\"></span> meeting but once of an evening on the first day. Therefore you must be very much pushed for a Sabbath, to continually call that day one, as <em>you do</em>, at the same time reiterating, &ldquo;<em>we want none of your inferences</em>!&rdquo; Luke also recognizes THE Sabbath twenty years beyond the resurrection, and shows that Paul kept it, and the Gentiles also. - <span class=\"egwlink egwlink_bible\" title=\"Acts 13:42\" data-link=\"1965.55886\">Acts 13:42, 44</span> You attempt to destroy all this proof too, because you say this was the Jews&rsquo; day for worship, and Paul could get a better hearing. Don&rsquo;t you see that the Gentiles invited him to preach to them - they kept the same day, 44th verse. See <span class=\"egwlink egwlink_bible\" title=\"Acts 16:13\" data-link=\"1965.56073\">16:13</span>; here they are by the river&rsquo;s side. Paul&rsquo;s manner was to reason with them on the Sabbath; see <span class=\"egwlink egwlink_bible\" title=\"Acts 17:2\" data-link=\"1965.56132\">17:2</span>, and <span class=\"egwlink egwlink_bible\" title=\"Acts 18:4\" data-link=\"1965.56205\">18:4, 11</span> So was it the custom of the Saviour; <span class=\"egwlink egwlink_bible\" title=\"Mark 6:2\" data-link=\"1965.49825\">Mark 6:2</span>, and <span class=\"egwlink egwlink_bible\" title=\"Luke 4:16\" data-link=\"1965.51180\">Luke 4:16, 31</span> Now if all this is not <em>New Testament</em> evidence enough for <em>honest</em> believers, in the absence of any other testimony for an abolition, or change of the Sabbath then it is because men would rather pervert the word of God than keep it.",
    "puborder": 72,
    "translations": []
  }
]