[
  {
    "para_id": "1127.1570",
    "id_prev": "1127.1567",
    "id_next": "1127.1571",
    "refcode_1": "CIS",
    "refcode_2": "333",
    "refcode_3": "",
    "refcode_4": "",
    "refcode_short": "CIS 333",
    "refcode_long": "The Cross and its Shadow, p. 333 (Stephen Nelson Haskell)",
    "element_type": "h4",
    "element_subtype": "",
    "content": "Summary",
    "puborder": 1042,
    "translations": []
  },
  {
    "para_id": "1127.1571",
    "id_prev": "1127.1570",
    "id_next": "1127.1572",
    "refcode_1": "CIS",
    "refcode_2": "333",
    "refcode_3": "1",
    "refcode_4": "",
    "refcode_short": "CIS 333.1",
    "refcode_long": "The Cross and its Shadow, p. 333.1 (Stephen Nelson Haskell)",
    "element_type": "p",
    "element_subtype": "standard-indented",
    "content": "&bull; Issachar had four sons, from whom sprang the tribe which bore his name. <span class=\"egwlink egwlink_bible\" title=\"1 Chronicles 7:1\" data-link=\"1965.21433\">1 Chronicles 7:1</span>.",
    "puborder": 1043,
    "translations": []
  },
  {
    "para_id": "1127.1572",
    "id_prev": "1127.1571",
    "id_next": "1127.1573",
    "refcode_1": "CIS",
    "refcode_2": "333",
    "refcode_3": "2",
    "refcode_4": "",
    "refcode_short": "CIS 333.2",
    "refcode_long": "The Cross and its Shadow, p. 333.2 (Stephen Nelson Haskell)",
    "element_type": "p",
    "element_subtype": "standard-indented",
    "content": "&bull; When the children of Israel entered the promised land, the tribe of Issachar numbered 64,300. <span class=\"egwlink egwlink_bible\" title=\"Numbers 26:23\" data-link=\"1965.9174\">Numbers 26:23-25</span>.",
    "puborder": 1044,
    "translations": []
  },
  {
    "para_id": "1127.1573",
    "id_prev": "1127.1572",
    "id_next": "1127.1574",
    "refcode_1": "CIS",
    "refcode_2": "333",
    "refcode_3": "3",
    "refcode_4": "",
    "refcode_short": "CIS 333.3",
    "refcode_long": "The Cross and its Shadow, p. 333.3 (Stephen Nelson Haskell)",
    "element_type": "p",
    "element_subtype": "standard-indented",
    "content": "&bull; Issachar possessed one of the richest portions of Palestine.",
    "puborder": 1045,
    "translations": []
  },
  {
    "para_id": "1127.1574",
    "id_prev": "1127.1573",
    "id_next": "1127.1575",
    "refcode_1": "CIS",
    "refcode_2": "333",
    "refcode_3": "4",
    "refcode_4": "",
    "refcode_short": "CIS 333.4",
    "refcode_long": "The Cross and its Shadow, p. 333.4 (Stephen Nelson Haskell)",
    "element_type": "p",
    "element_subtype": "standard-indented",
    "content": "&bull; The valley of Megiddo, or the plain of Esdraelon, was within the borders of Issachar.",
    "puborder": 1046,
    "translations": []
  },
  {
    "para_id": "1127.1575",
    "id_prev": "1127.1574",
    "id_next": "1127.1576",
    "refcode_1": "CIS",
    "refcode_2": "333",
    "refcode_3": "5",
    "refcode_4": "",
    "refcode_short": "CIS 333.5",
    "refcode_long": "The Cross and its Shadow, p. 333.5 (Stephen Nelson Haskell)",
    "element_type": "p",
    "element_subtype": "standard-indented",
    "content": "&bull; Tola, who judged Israel twenty-three years, was an Issacharite. <span class=\"egwlink egwlink_bible\" title=\"Judges 10:1\" data-link=\"1965.13855\">Judges 10:1, 2</span>.",
    "puborder": 1047,
    "translations": []
  },
  {
    "para_id": "1127.1576",
    "id_prev": "1127.1575",
    "id_next": "1127.1578",
    "refcode_1": "CIS",
    "refcode_2": "333",
    "refcode_3": "6",
    "refcode_4": "",
    "refcode_short": "CIS 333.6",
    "refcode_long": "The Cross and its Shadow, p. 333.6 (Stephen Nelson Haskell)",
    "element_type": "p",
    "element_subtype": "standard-indented",
    "content": "&bull; Baasha, king of Israel, was of the tribe of Issachar. <span class=\"egwlink egwlink_bible\" title=\"1 Kings 15:27\" data-link=\"1965.18872\">1 Kings 15:27</span>",
    "puborder": 1048,
    "translations": []
  }
]