[
  {
    "para_id": "1127.940",
    "id_prev": "1127.938",
    "id_next": "1127.941",
    "refcode_1": "CIS",
    "refcode_2": "220",
    "refcode_3": "",
    "refcode_4": "",
    "refcode_short": "CIS 220",
    "refcode_long": "The Cross and its Shadow, p. 220 (Stephen Nelson Haskell)",
    "element_type": "h3",
    "element_subtype": "",
    "content": "Chapter 30-Duty of the Congregation on the Day of Atonement",
    "puborder": 596,
    "translations": []
  },
  {
    "para_id": "1127.941",
    "id_prev": "1127.940",
    "id_next": "1127.944",
    "refcode_1": "CIS",
    "refcode_2": "220",
    "refcode_3": "1",
    "refcode_4": "",
    "refcode_short": "CIS 220.1",
    "refcode_long": "The Cross and its Shadow, p. 220.1 (Stephen Nelson Haskell)",
    "element_type": "p",
    "element_subtype": "standard-indented",
    "content": "GOD expected His ancient people to serve Him faithfully every day in the year, and He accepted their services; but when the day of atonement came, there were special requirements enjoined upon them <em>during that day,</em> which, if they failed to observe, they were cut off from the people of Israel. God has accepted the service of His people down through the ages; but when the antitypical day of atonement arrived, and the investigative judgment opened in the heavenly sanctuary, God expects the antitypical congregation on earth to fulfil their <span class=\"page-break\" data-page=\"221\"></span> part of the antitype just as faithfully as Christ, our High Priest, fulfills His part in the heavens.",
    "puborder": 597,
    "translations": []
  },
  {
    "para_id": "1127.944",
    "id_prev": "1127.941",
    "id_next": "1127.945",
    "refcode_1": "CIS",
    "refcode_2": "221",
    "refcode_3": "1",
    "refcode_4": "",
    "refcode_short": "CIS 221.1",
    "refcode_long": "The Cross and its Shadow, p. 221.1 (Stephen Nelson Haskell)",
    "element_type": "p",
    "element_subtype": "standard-indented",
    "content": "Anciently the congregation was not accepted as a whole; but it was an individual work. <sup class=\"footnote\"><a class=\"footnote\">1<span class=\"footnote\"><span class=\"egwlink egwlink_bible\" title=\"Leviticus 23:29\" data-link=\"1965.6981\">Leviticus 23:29, 30</span></span></a></sup> So today each one answers for himself before God. We must not content ourselves by doing just as our fathers did, who passed away before the judgment opened in the courts of heaven. God requires special service of His people <em>now</em>. They are to live while their cases are being decided in heaven, and Satan brings to bear upon the last generation, which are weaker physically than any previous generation, all the wisdom he has gained in a six thousand years&rsquo; warfare. Those who, in the investigative judgment, are accounted worthy, will live for a time without a Mediator. Their experience will be different from that of any other company that has ever lived upon the earth. There are many reasons why God in His infinite mercy has enjoined special duties upon the last generation, that they might be more strongly fortified against the attacks of the enemy, and not be overthrown by his devices.",
    "puborder": 598,
    "translations": []
  },
  {
    "para_id": "1127.945",
    "id_prev": "1127.944",
    "id_next": "1127.946",
    "refcode_1": "CIS",
    "refcode_2": "221",
    "refcode_3": "2",
    "refcode_4": "",
    "refcode_short": "CIS 221.2",
    "refcode_long": "The Cross and its Shadow, p. 221.2 (Stephen Nelson Haskell)",
    "element_type": "p",
    "element_subtype": "standard-indented",
    "content": "In the ancient service, if an individual failed to keep the day of atonement as God directed, his sins were not confessed over the scapegoat by the high priest; but he was cut off from among the people of God. <sup class=\"footnote\"><a class=\"footnote\">2<span class=\"footnote\">Levitcus 23:28-30</span></a></sup> The individual who, during the antitypical day of atonement, or the investigative judgment, thinks that Christ will plead his case while he himself ignores the work God has enjoined upon the antitypical congregation, will find at last that his name is blotted out from the book of life. We are saved by faith in our High Priest, but faith without works is dead. <sup class=\"footnote\"><a class=\"footnote\">3<span class=\"footnote\"><span class=\"egwlink egwlink_bible\" title=\"James 2:17\" data-link=\"1965.61830\">James 2:17</span></span></a></sup> If we have a living faith, we shall gladly do as the Lord directs.",
    "puborder": 599,
    "translations": []
  },
  {
    "para_id": "1127.946",
    "id_prev": "1127.945",
    "id_next": "1127.949",
    "refcode_1": "CIS",
    "refcode_2": "221",
    "refcode_3": "3",
    "refcode_4": "",
    "refcode_short": "CIS 221.3",
    "refcode_long": "The Cross and its Shadow, p. 221.3 (Stephen Nelson Haskell)",
    "element_type": "p",
    "element_subtype": "standard-indented",
    "content": "Four things were required of each individual member of ancient Israel on the day of atonement- the twenty-four-hour <span class=\"page-break\" data-page=\"222\"></span> period in which the typical work of atonement was performed, and which was &ldquo;an example and shadow&rdquo; of the real work.",
    "puborder": 600,
    "translations": []
  },
  {
    "para_id": "1127.949",
    "id_prev": "1127.946",
    "id_next": "1127.950",
    "refcode_1": "CIS",
    "refcode_2": "222",
    "refcode_3": "1",
    "refcode_4": "",
    "refcode_short": "CIS 222.1",
    "refcode_long": "The Cross and its Shadow, p. 222.1 (Stephen Nelson Haskell)",
    "element_type": "p",
    "element_subtype": "standard-indented",
    "content": "1. &ldquo;The day of atonement ... shall be a holy convocation unto you.&rdquo; 2. &ldquo;You shall afflict your souls.&rdquo; 3. &ldquo;Offer an offering made by fire unto the Lord.&rdquo; 4. &ldquo;Ye shall do no work in that same day.&rdquo; <sup class=\"footnote\"><a class=\"footnote\">4<span class=\"footnote\"><span class=\"egwlink egwlink_bible\" title=\"Leviticus 23:27\" data-link=\"1965.6977\">Leviticus 23:27, 28</span></span></a></sup>",
    "puborder": 601,
    "translations": []
  },
  {
    "para_id": "1127.950",
    "id_prev": "1127.949",
    "id_next": "1127.951",
    "refcode_1": "CIS",
    "refcode_2": "222",
    "refcode_3": "2",
    "refcode_4": "",
    "refcode_short": "CIS 222.2",
    "refcode_long": "The Cross and its Shadow, p. 222.2 (Stephen Nelson Haskell)",
    "element_type": "p",
    "element_subtype": "standard-indented",
    "content": "That day was to be a holy convocation. The people were to assemble for religious worship. Paul speaks thus of individuals who, in the days when the High Priest should soon come forth from the heavenly sanctuary, would forsake the religious assembly: &ldquo;Having a High Priest over the house of God; let us draw near with a true heart, in full assurance of faith, having our hearts sprinkled from an evil conscience.... Not forsaking the assembling of ourselves together, <em>as the manner of some is</em>; but exhorting one another: and so much the more as <em>ye see the day</em> approaching.&rdquo; <sup class=\"footnote\"><a class=\"footnote\">5<span class=\"footnote\"><span class=\"egwlink egwlink_bible\" title=\"Hebrews 10:21\" data-link=\"1965.61512\">Hebrews 10:21-25</span></span></a></sup>",
    "puborder": 602,
    "translations": []
  },
  {
    "para_id": "1127.951",
    "id_prev": "1127.950",
    "id_next": "1127.952",
    "refcode_1": "CIS",
    "refcode_2": "222",
    "refcode_3": "3",
    "refcode_4": "",
    "refcode_short": "CIS 222.3",
    "refcode_long": "The Cross and its Shadow, p. 222.3 (Stephen Nelson Haskell)",
    "element_type": "p",
    "element_subtype": "standard-indented",
    "content": "The one that takes no pleasure in meeting with those of like faith to worship God, has an &ldquo;evil conscience,&rdquo; and has lost faith in the near coming of our High Priest from the heavenly sanctuary. There is a special blessing in worshiping with others. God promises that where even two or three are gathered in His name, He will meet with them. <sup class=\"footnote\"><a class=\"footnote\">6<span class=\"footnote\"><span class=\"egwlink egwlink_bible\" title=\"Matthew 18:20\" data-link=\"1965.48484\">Matthew 18:20</span></span></a></sup> This first requirement is a spiritual thermometer by which every Christian can test his spiritual condition. If he absents himself from the worship of God because he takes no pleasure in it, his spirituality is very low.",
    "puborder": 603,
    "translations": []
  },
  {
    "para_id": "1127.952",
    "id_prev": "1127.951",
    "id_next": "1127.955",
    "refcode_1": "CIS",
    "refcode_2": "222",
    "refcode_3": "4",
    "refcode_4": "",
    "refcode_short": "CIS 222.4",
    "refcode_long": "The Cross and its Shadow, p. 222.4 (Stephen Nelson Haskell)",
    "element_type": "p",
    "element_subtype": "standard-indented",
    "content": "Each individual was to &ldquo;afflict&rdquo; his soul-search his heart, and put away every sin, spend much time in prayer. With this was connected abstinence from food. This was so forcibly impressed upon the minds of ancient Israel that even at the <span class=\"page-break\" data-page=\"223\"></span> present day, the Jews fast upon the tenth day of the seventh month.",
    "puborder": 604,
    "translations": []
  },
  {
    "para_id": "1127.955",
    "id_prev": "1127.952",
    "id_next": "1127.956",
    "refcode_1": "CIS",
    "refcode_2": "223",
    "refcode_3": "1",
    "refcode_4": "",
    "refcode_short": "CIS 223.1",
    "refcode_long": "The Cross and its Shadow, p. 223.1 (Stephen Nelson Haskell)",
    "element_type": "p",
    "element_subtype": "standard-indented",
    "content": "The individual who realizes that the judgment is going on in the heavenly sanctuary, and that his name will surely be presented before that great tribunal, will search his heart and pray earnestly that God will accept him. We need often to meditate upon the work of our High Priest in the heavenly sanctuary, lest by having the mind filled with earthly thoughts, we, like the foolish virgins, will find when too late that the bridegroom has come, the door is shut; that the work is finished, and we have no part in it.",
    "puborder": 605,
    "translations": []
  },
  {
    "para_id": "1127.956",
    "id_prev": "1127.955",
    "id_next": "1127.957",
    "refcode_1": "CIS",
    "refcode_2": "223",
    "refcode_3": "2",
    "refcode_4": "",
    "refcode_short": "CIS 223.2",
    "refcode_long": "The Cross and its Shadow, p. 223.2 (Stephen Nelson Haskell)",
    "element_type": "p",
    "element_subtype": "standard-indented",
    "content": "In the typical service the congregation in the court listened for the tinkling of the golden bells on the robes of the high priest, and in that way followed him in his work. Our High Priest has given signs in the heavens, in the earth, and among the nations to mark the progress of His work; and he said that when we see these signs fulfilled we are to know that He is near, even at the door. <sup class=\"footnote\"><a class=\"footnote\">7<span class=\"footnote\"><span class=\"egwlink egwlink_bible\" title=\"Luke 21:25\" data-link=\"1965.52741\">Luke 21:25-33</span>; <span class=\"egwlink egwlink_bible\" title=\"Matthew 24:29\" data-link=\"1965.48968\">Matthew 24:29-35</span>, margin</span></a></sup>",
    "puborder": 606,
    "translations": []
  },
  {
    "para_id": "1127.957",
    "id_prev": "1127.956",
    "id_next": "1127.960",
    "refcode_1": "CIS",
    "refcode_2": "223",
    "refcode_3": "3",
    "refcode_4": "",
    "refcode_short": "CIS 223.3",
    "refcode_long": "The Cross and its Shadow, p. 223.3 (Stephen Nelson Haskell)",
    "element_type": "p",
    "element_subtype": "standard-indented",
    "content": "The antitypical day of atonement covers a period of years. In the type there was a fast of twenty-four hours required. During this one day there was to be <em>complete</em> control of the appetite; and it was a type of the self-control to be exercised during <span class=\"page-break\" data-page=\"224\"></span> the antitypical period of years. God designs that His people shall be masters of their appetites, and keep under the body. <sup class=\"footnote\"><a class=\"footnote\">8<span class=\"footnote\"><span class=\"egwlink egwlink_bible\" title=\"1 Corinthians 9:27\" data-link=\"1965.58254\">1 Corinthians 9:27</span></span></a></sup> Satan would give loose rein to the appetite, and let it control the person.",
    "puborder": 607,
    "translations": []
  },
  {
    "para_id": "1127.960",
    "id_prev": "1127.957",
    "id_next": "1127.961",
    "refcode_1": "CIS",
    "refcode_2": "224",
    "refcode_3": "1",
    "refcode_4": "",
    "refcode_short": "CIS 224.1",
    "refcode_long": "The Cross and its Shadow, p. 224.1 (Stephen Nelson Haskell)",
    "element_type": "p",
    "element_subtype": "standard-indented",
    "content": "In spite of the fact that an army, of faithful workers are doing all in their power to withstand the flood of intemperance, Satan is working with such power that drunkenness and crime are increasing in the earth at an alarming rate. Back in 1844, when the investigative judgment opened in heaven, only men and a few women were slaves to tobacco; but now thousands of children are being destroyed by it, and many women are addicted to the filthy habit. Wineries and breweries are increasing in the land, and intoxicating beverages are served in thousands of homes.",
    "puborder": 608,
    "translations": []
  },
  {
    "para_id": "1127.961",
    "id_prev": "1127.960",
    "id_next": "1127.962",
    "refcode_1": "CIS",
    "refcode_2": "224",
    "refcode_3": "2",
    "refcode_4": "",
    "refcode_short": "CIS 224.2",
    "refcode_long": "The Cross and its Shadow, p. 224.2 (Stephen Nelson Haskell)",
    "element_type": "p",
    "element_subtype": "standard-indented",
    "content": "God calls upon His people to be masters of their appetites instead of slaves to it, that they may have clearer minds to comprehend divine truth and follow the work of their High Priest in the heavenly sanctuary.",
    "puborder": 609,
    "translations": []
  },
  {
    "para_id": "1127.962",
    "id_prev": "1127.961",
    "id_next": "1127.965",
    "refcode_1": "CIS",
    "refcode_2": "224",
    "refcode_3": "3",
    "refcode_4": "",
    "refcode_short": "CIS 224.3",
    "refcode_long": "The Cross and its Shadow, p. 224.3 (Stephen Nelson Haskell)",
    "element_type": "p",
    "element_subtype": "standard-indented",
    "content": "How few are willing to deny themselves the things their appetite craves, even when they know the claims of God! The prophet Isaiah, looking down through the ages, describes the state of things as follows: &ldquo;In that day did the Lord God of hosts call to weeping, and to mourning, and to baldness, <em>and to</em> girding with sackcloth: and behold, joy and gladness, slaying oxen, and killing sheep, eating flesh and drinking wine.&rdquo; <sup class=\"footnote\"><a class=\"footnote\">9<span class=\"footnote\"><span class=\"egwlink egwlink_bible\" title=\"Isaiah 22:12\" data-link=\"1965.36855\">Isaiah 22:12, 13</span></span></a></sup> What a vivid picture of the present condition of the world! God calls upon His people to afflict their souls, to control their appetite, to partake of food that will give good blood and a clear mind to discern spiritual truths: but instead of obeying, they engage in &ldquo;eating flesh and drinking wine.&rdquo; The prophet records the final result of this course: &ldquo;It was revealed in mine ears by the Lord <span class=\"page-break\" data-page=\"225\"></span> of hosts, Surely this iniquity shall not be purged from you till ye die.&rdquo; <sup class=\"footnote\"><a class=\"footnote\">10<span class=\"footnote\"><span class=\"egwlink egwlink_bible\" title=\"Isaiah 22:14\" data-link=\"1965.36859\">Isaiah 22:14</span></span></a></sup>",
    "puborder": 610,
    "translations": []
  },
  {
    "para_id": "1127.965",
    "id_prev": "1127.962",
    "id_next": "1127.968",
    "refcode_1": "CIS",
    "refcode_2": "225",
    "refcode_3": "1",
    "refcode_4": "",
    "refcode_short": "CIS 225.1",
    "refcode_long": "The Cross and its Shadow, p. 225.1 (Stephen Nelson Haskell)",
    "element_type": "p",
    "element_subtype": "standard-indented",
    "content": "The Saviour gave special warning against the evil of giving loose rein to the appetite during the time when the records of human lives are being examined and individuals are being <em>accounted</em> worthy or unworthy of eternal life: &ldquo;Take heed to yourselves, lest at any time your hearts be overcharged with <em>surfeiting,</em> and <em>drunkenness,</em> and cares of this life, and so <em>that day come upon you unawares</em>.... Watch ye therefore, and pray that ye may be <em>accounted worthy</em> to escape all these things that shall come to pass, and to stand before the Son of man.&rdquo; <sup class=\"footnote\"><a class=\"footnote\">11<span class=\"footnote\"><span class=\"egwlink egwlink_bible\" title=\"Luke 21:34\" data-link=\"1965.52759\">Luke 21:34-36</span></span></a></sup> The warning is against &ldquo;surfeiting&rdquo;-overeating, and &ldquo;drunkenness&rdquo;-eating injurious food. In other words, the Saviour designs that His people, during the antitypical day of atonement, shall take heed to both the <em>quantity</em> and the <em>quality</em> of their food. One can becloud the mind and ruin the health by overeating of the best of food. The glutton and the drunkard are classed together: &ldquo;Be <span class=\"page-break\" data-page=\"226\"></span> not among winebibbers; among riotous caters of flesh; for the drunkard and the glutton shall come to poverty.&rdquo; <sup class=\"footnote\"><a class=\"footnote\">12<span class=\"footnote\"><span class=\"egwlink egwlink_bible\" title=\"Proverbs 23:20\" data-link=\"1965.34802\">Proverbs 23:20, 21</span></span></a></sup>",
    "puborder": 611,
    "translations": []
  },
  {
    "para_id": "1127.968",
    "id_prev": "1127.965",
    "id_next": "1127.969",
    "refcode_1": "CIS",
    "refcode_2": "226",
    "refcode_3": "1",
    "refcode_4": "",
    "refcode_short": "CIS 226.1",
    "refcode_long": "The Cross and its Shadow, p. 226.1 (Stephen Nelson Haskell)",
    "element_type": "p",
    "element_subtype": "standard-indented",
    "content": "Our first parents failed on the test of appetite; <sup class=\"footnote\"><a class=\"footnote\">13<span class=\"footnote\"><span class=\"egwlink egwlink_bible\" title=\"Genesis 3:1\" data-link=\"1965.119\">Genesis 3:1-6</span></span></a></sup> but where they failed, Christ triumphed. <sup class=\"footnote\"><a class=\"footnote\">14<span class=\"footnote\"><span class=\"egwlink egwlink_bible\" title=\"Matthew 4:3\" data-link=\"1965.47400\">Matthew 4:3, 4</span></span></a></sup> And it is possible for a Christian, with the indwelling Christ in the heart, to be complete master of his appetite,-to abstain from all food that is injurious, however much the natural appetite may crave it, and not to overeat of good food.",
    "puborder": 612,
    "translations": []
  },
  {
    "para_id": "1127.969",
    "id_prev": "1127.968",
    "id_next": "1127.970",
    "refcode_1": "CIS",
    "refcode_2": "226",
    "refcode_3": "2",
    "refcode_4": "",
    "refcode_short": "CIS 226.2",
    "refcode_long": "The Cross and its Shadow, p. 226.2 (Stephen Nelson Haskell)",
    "element_type": "p",
    "element_subtype": "standard-indented",
    "content": "As He entered upon His earthly ministry, the Saviour was not only tested upon the point of appetite, but from childhood He was taught to control His desires. In speaking of His childhood, Isaiah says, &ldquo;Butter and honey shall He eat, <em>that He may know to refuse the evil, and choose the good.</em>&rdquo; <sup class=\"footnote\"><a class=\"footnote\">15<span class=\"footnote\"><span class=\"egwlink egwlink_bible\" title=\"Isaiah 7:14\" data-link=\"1965.36304\">Isaiah 7:14, 15</span></span></a></sup> His manner of eating developed in Him spiritual power to discern between good and evil. Many who have gone into drunkards&rsquo; graves have eaten &ldquo;butter and honey,&rdquo; but Jesus ate it in a way to develop spiritual strength. He ate it according to the Bible rule. There are three texts which, taken together, contain a rule for eating honey, and the same rule will apply to all food that is good. They read as follows: &ldquo;My son, eat thou honey, <em>because it is good.</em>&rdquo; <sup class=\"footnote\"><a class=\"footnote\">16<span class=\"footnote\"><span class=\"egwlink egwlink_bible\" title=\"Proverbs 24:13\" data-link=\"1965.34859\">Proverbs 24:13</span></span></a></sup> &ldquo;Hast thou found honey? <em>eat so much as is sufficient for thee.</em>&rdquo; <sup class=\"footnote\"><a class=\"footnote\">18<span class=\"footnote\"><span class=\"egwlink egwlink_bible\" title=\"Proverbs 25:27\" data-link=\"1965.34956\">Proverbs 25:27</span></span></a></sup> &ldquo;<em>It is not good to eat much honey.</em>&rdquo; The one who follows the above instruction, and eats none but <em>good</em> food and only &ldquo;so much <em>as is sufficient,</em>&rdquo; <em>will</em> enjoy good health and a clear mind. God wishes His people to have good health, with souls free from condemnation. Satan delights in beclouding the brain and destroying the health. All who will fulfil the antitype will be masters of their appetites, that they may prepare to meet the Saviour when He comes to the earth as King of kings and Lord of lords.",
    "puborder": 613,
    "translations": []
  },
  {
    "para_id": "1127.970",
    "id_prev": "1127.969",
    "id_next": "1127.973",
    "refcode_1": "CIS",
    "refcode_2": "226",
    "refcode_3": "3",
    "refcode_4": "",
    "refcode_short": "CIS 226.3",
    "refcode_long": "The Cross and its Shadow, p. 226.3 (Stephen Nelson Haskell)",
    "element_type": "p",
    "element_subtype": "standard-indented",
    "content": "The third requirement enjoined upon the typical congregation on the day of atonement was to &ldquo;offer an offering made by <span class=\"page-break\" data-page=\"227\"></span> fire unto the Lord.&rdquo; The offerings made by fire were consumed upon the altar. In the antitype we do not offer burnt-offerings of bullocks and rams; but God expects us to fulfil the antitype of the offering consumed upon the altar. He desires that the &ldquo;whole spirit and soul and body be preserved blameless unto the coming of our Lord Jesus Christ;&rdquo; <sup class=\"footnote\"><a class=\"footnote\">20<span class=\"footnote\"><span class=\"egwlink egwlink_bible\" title=\"1 Thessalonians 5:23\" data-link=\"1965.60459\">1 Thessalonians 5:23</span></span></a></sup> that the entire life of the Christian be laid upon the altar, ready to be used as the Lord directs. None can do this who do not daily accept Christ as their sin-offering, and know what it is to be &ldquo;accepted in the Beloved.&rdquo;",
    "puborder": 614,
    "translations": []
  },
  {
    "para_id": "1127.973",
    "id_prev": "1127.970",
    "id_next": "1127.976",
    "refcode_1": "CIS",
    "refcode_2": "227",
    "refcode_3": "1",
    "refcode_4": "",
    "refcode_short": "CIS 227.1",
    "refcode_long": "The Cross and its Shadow, p. 227.1 (Stephen Nelson Haskell)",
    "element_type": "p",
    "element_subtype": "standard-indented",
    "content": "The day of atonement was kept as a ceremonial sabbath by the ancient congregation. <sup class=\"footnote\"><a class=\"footnote\">21<span class=\"footnote\"><span class=\"egwlink egwlink_bible\" title=\"Leviticus 23:31\" data-link=\"1965.6985\">Leviticus 23:31</span></span></a></sup> All work was laid aside, and the entire thought was given to seeking God and serving Him. God&rsquo;s work was given the first thought during the entire day. Such was the type; but it does not follow that on the antitypical day of atonement no one should attend to personal business, for God never intended His people to be &ldquo;slothful in business.&rdquo; <sup class=\"footnote\"><a class=\"footnote\">22<span class=\"footnote\"><span class=\"egwlink egwlink_bible\" title=\"Romans 12:11\" data-link=\"1965.57618\">Romans 12:11</span></span></a></sup> He promises to bless them in temporal things if they fulfil the antitype by looking after His work and service first, and their temporal interests second. <sup class=\"footnote\"><a class=\"footnote\">23<span class=\"footnote\"><span class=\"egwlink egwlink_bible\" title=\"Matthew 6:31\" data-link=\"1965.47604\">Matthew 6:31-33</span></span></a></sup> This was beautifully taught by the Saviour&rsquo;s words: &ldquo;Take heed to yourselves, lest at any time your <span class=\"page-break\" data-page=\"228\"></span> hearts be overcharged with ... <em>cares of this life,</em> and so that day come upon you unawares.&rdquo; <sup class=\"footnote\"><a class=\"footnote\">24<span class=\"footnote\"><span class=\"egwlink egwlink_bible\" title=\"Luke 21:34\" data-link=\"1965.52759\">Luke 21:34</span></span></a></sup>",
    "puborder": 615,
    "translations": []
  },
  {
    "para_id": "1127.976",
    "id_prev": "1127.973",
    "id_next": "1127.977",
    "refcode_1": "CIS",
    "refcode_2": "228",
    "refcode_3": "1",
    "refcode_4": "",
    "refcode_short": "CIS 228.1",
    "refcode_long": "The Cross and its Shadow, p. 228.1 (Stephen Nelson Haskell)",
    "element_type": "p",
    "element_subtype": "standard-indented",
    "content": "Satan is liable to entrap more well-meaning people in this snare than in any other of his many deceptions. He often persuades good people that the daily cares of the household are so important that they have no time to study God&rsquo;s word and pray, until, for lack of spiritual food and communion with God, they become so weak spiritually that they accept the doubts and unbelief the enemy is constantly presenting. When the time comes that they think they do have time to study their Bibles, they find they have lost all relish for God&rsquo;s word.",
    "puborder": 616,
    "translations": []
  },
  {
    "para_id": "1127.977",
    "id_prev": "1127.976",
    "id_next": "1127.978",
    "refcode_1": "CIS",
    "refcode_2": "228",
    "refcode_3": "2",
    "refcode_4": "",
    "refcode_short": "CIS 228.2",
    "refcode_long": "The Cross and its Shadow, p. 228.2 (Stephen Nelson Haskell)",
    "element_type": "p",
    "element_subtype": "standard-indented",
    "content": "God is testing the great antitypical congregation. Who will fulfil the antitype, and not forsake the assembly of God&rsquo;s people? Who will keep a clear mind by controlling the appetite, and a pure heart by prayer and deep heart-searching? Who will lay all their interests upon God&rsquo;s altar, to be used for His glory, and never let the &ldquo;cares of this life&rdquo; crowd out God&rsquo;s work or a study of His word? Over such as these our High Priest will say, &ldquo;He that is righteous, let him be righteous still : and he that is holy, let him be holy Still.&rdquo; <sup class=\"footnote\"><a class=\"footnote\">25<span class=\"footnote\"><span class=\"egwlink egwlink_bible\" title=\"Revelation 22:11\" data-link=\"1965.63440\">Revelation 22:11</span></span></a></sup>",
    "puborder": 617,
    "translations": []
  },
  {
    "para_id": "1127.978",
    "id_prev": "1127.977",
    "id_next": "1127.980",
    "refcode_1": "CIS",
    "refcode_2": "228",
    "refcode_3": "",
    "refcode_4": "",
    "refcode_short": "CIS 228",
    "refcode_long": "The Cross and its Shadow, p. 228 (Stephen Nelson Haskell)",
    "element_type": "table",
    "element_subtype": "table1",
    "content": "\n<tr><td><strong>Type</strong></td><td><strong>Antitype</strong></td></tr>\n<tr><td><span class=\"egwlink egwlink_bible\" title=\"Leviticus 23:27\" data-link=\"1965.6977\">Leviticus 23:27</span>. &ldquo;It shall be a holy convocation unto you.&rdquo; All were to assemble for worship.</td><td><span class=\"egwlink egwlink_bible\" title=\"Hebrews 10:25\" data-link=\"1965.61520\">Hebrews 10:25</span>. God&rsquo;s people should not forsake assembling together as the end draws near.</td></tr>\n",
    "puborder": 618,
    "translations": []
  },
  {
    "para_id": "1127.980",
    "id_prev": "1127.978",
    "id_next": "1127.981",
    "refcode_1": "CIS",
    "refcode_2": "229",
    "refcode_3": "",
    "refcode_4": "",
    "refcode_short": "CIS 229",
    "refcode_long": "The Cross and its Shadow, p. 229 (Stephen Nelson Haskell)",
    "element_type": "table",
    "element_subtype": "table1",
    "content": "\n<tr><td><span class=\"egwlink egwlink_bible\" title=\"Leviticus 23:27\" data-link=\"1965.6977\">Leviticus 23:27, 29</span>. In the type, all were to afflict the soul, spend the day in &ldquo;prayer, fasting, ... and pray and deep searching of heart.&rdquo;</td><td><span class=\"egwlink egwlink_bible\" title=\"Luke 21:34\" data-link=\"1965.52759\">Luke 21:34-36</span>; <span class=\"egwlink egwlink_bible\" title=\"Isaiah 22:12\" data-link=\"1965.36855\">Isaiah 22:12-14</span> The admonition is, &ldquo;Watch, and pray always, and avoid surfeiting and drunkenness.&rdquo;</td></tr>\n<tr><td><span class=\"egwlink egwlink_bible\" title=\"Leviticus 23:27\" data-link=\"1965.6977\">Leviticus 23:27</span>. &ldquo;Offer an offering made by fire,&rdquo; an entire consecration.</td><td><span class=\"egwlink egwlink_bible\" title=\"1 Thessalonians 5:23\" data-link=\"1965.60459\">1 Thessalonians 5:23</span>; <span class=\"egwlink egwlink_bible\" title=\"Romans 12:1\" data-link=\"1965.57598\">Romans 12:1</span>. The whole spirit, and soul, and body are to be fully consecrated to God.</td></tr>\n<tr><td><span class=\"egwlink egwlink_bible\" title=\"Leviticus 23:30\" data-link=\"1965.6983\">Leviticus 23:30</span>. All personal work was to be laid aside on the day of atonement.</td><td><span class=\"egwlink egwlink_bible\" title=\"Luke 21:34\" data-link=\"1965.52759\">Luke 21:34-36</span>; <span class=\"egwlink egwlink_bible\" title=\"Matthew 6:32\" data-link=\"1965.47606\">Matthew 6:32, 33</span>. The cares of this life are not to come in and crowd out God&rsquo;s work.</td></tr>\n",
    "puborder": 619,
    "translations": []
  },
  {
    "para_id": "1127.981",
    "id_prev": "1127.980",
    "id_next": "1127.983",
    "refcode_1": "CIS",
    "refcode_2": "229",
    "refcode_3": "",
    "refcode_4": "",
    "refcode_short": "",
    "refcode_long": "",
    "element_type": "p",
    "element_subtype": "center",
    "content": "<em>Blessed be the Lord who daily loadeth us with benefits, even the God of our salvation. Selah. <span class=\"egwlink egwlink_bible\" title=\"Psalm 68:19\" data-link=\"1965.30406\">Psalm 68:19</span></em>",
    "puborder": 620,
    "translations": []
  }
]