[
  {
    "para_id": "982.48",
    "id_prev": "982.46",
    "id_next": "982.49",
    "refcode_1": "CHPA",
    "refcode_2": "10",
    "refcode_3": "",
    "refcode_4": "",
    "refcode_short": "CHPA 10",
    "refcode_long": "Christian Patriotism, p. 10 (Alonzo Trevier Jones)",
    "element_type": "h3",
    "element_subtype": "",
    "content": "CHAPTER II. THE ORIGIN OF THE STATE",
    "puborder": 35,
    "translations": []
  },
  {
    "para_id": "982.49",
    "id_prev": "982.48",
    "id_next": "982.50",
    "refcode_1": "CHPA",
    "refcode_2": "10",
    "refcode_3": "1",
    "refcode_4": "",
    "refcode_short": "CHPA 10.1",
    "refcode_long": "Christian Patriotism, p. 10.1 (Alonzo Trevier Jones)",
    "element_type": "p",
    "element_subtype": "standard-indented",
    "content": "It is certain that if the two greatest of all the commandments had always been observed by all men, there never could have been a State on the earth.",
    "puborder": 36,
    "translations": []
  },
  {
    "para_id": "982.50",
    "id_prev": "982.49",
    "id_next": "982.51",
    "refcode_1": "CHPA",
    "refcode_2": "10",
    "refcode_3": "2",
    "refcode_4": "",
    "refcode_short": "CHPA 10.2",
    "refcode_long": "Christian Patriotism, p. 10.2 (Alonzo Trevier Jones)",
    "element_type": "p",
    "element_subtype": "standard-indented",
    "content": "There would have been society, but no State. The government would have been altogether the government of God; He, the only King, the only Governor, on earth even as in heaven.",
    "puborder": 37,
    "translations": []
  },
  {
    "para_id": "982.51",
    "id_prev": "982.50",
    "id_next": "982.52",
    "refcode_1": "CHPA",
    "refcode_2": "10",
    "refcode_3": "3",
    "refcode_4": "",
    "refcode_short": "CHPA 10.3",
    "refcode_long": "Christian Patriotism, p. 10.3 (Alonzo Trevier Jones)",
    "element_type": "p",
    "element_subtype": "standard-indented",
    "content": "There would have been society, but no State. Because, men loving God with all the heart, and all the soul, and all the mind, and all the strength, and their neighbors as themselves, the will of God would have been done on earth even as in heaven. All would have been one united, harmonious, happy, holy family.",
    "puborder": 38,
    "translations": []
  },
  {
    "para_id": "982.52",
    "id_prev": "982.51",
    "id_next": "982.53",
    "refcode_1": "CHPA",
    "refcode_2": "10",
    "refcode_3": "4",
    "refcode_4": "",
    "refcode_short": "CHPA 10.4",
    "refcode_long": "Christian Patriotism, p. 10.4 (Alonzo Trevier Jones)",
    "element_type": "p",
    "element_subtype": "standard-indented",
    "content": "There is an essential distinction between society and the State.",
    "puborder": 39,
    "translations": []
  },
  {
    "para_id": "982.53",
    "id_prev": "982.52",
    "id_next": "982.54",
    "refcode_1": "CHPA",
    "refcode_2": "10",
    "refcode_3": "5",
    "refcode_4": "",
    "refcode_short": "CHPA 10.5",
    "refcode_long": "Christian Patriotism, p. 10.5 (Alonzo Trevier Jones)",
    "element_type": "p",
    "element_subtype": "standard-indented",
    "content": "&ldquo;Society is the union which exists between men, without distinction of frontiers&mdash;without exterior restraint&mdash;and for the sole reason that they are men.",
    "puborder": 40,
    "translations": []
  },
  {
    "para_id": "982.54",
    "id_prev": "982.53",
    "id_next": "982.57",
    "refcode_1": "CHPA",
    "refcode_2": "10",
    "refcode_3": "6",
    "refcode_4": "",
    "refcode_short": "CHPA 10.6",
    "refcode_long": "Christian Patriotism, p. 10.6 (Alonzo Trevier Jones)",
    "element_type": "p",
    "element_subtype": "standard-indented",
    "content": "&ldquo;The <em>civil</em> society or <em>State</em> is an assemblage of men subject to a common authority, to common laws,&mdash;that is to say, a society whose members may be constrained by public force to respect their reciprocal <span class=\"page-break\" data-page=\"11\"></span> rights. Two necessary elements enter into the idea of the State: <em>laws</em> and <em>force</em>.&rdquo;&mdash;<em>Janet, Elements of Morals, p. 143</em>.",
    "puborder": 41,
    "translations": []
  },
  {
    "para_id": "982.57",
    "id_prev": "982.54",
    "id_next": "982.58",
    "refcode_1": "CHPA",
    "refcode_2": "11",
    "refcode_3": "1",
    "refcode_4": "",
    "refcode_short": "CHPA 11.1",
    "refcode_long": "Christian Patriotism, p. 11.1 (Alonzo Trevier Jones)",
    "element_type": "p",
    "element_subtype": "standard-indented",
    "content": "This distinction, however, though clear and easily evident, is seldom recognized. Indeed, it is not recognized at all by those who are anxious to secure the union of religion and the State.",
    "puborder": 42,
    "translations": []
  },
  {
    "para_id": "982.58",
    "id_prev": "982.57",
    "id_next": "982.59",
    "refcode_1": "CHPA",
    "refcode_2": "11",
    "refcode_3": "2",
    "refcode_4": "",
    "refcode_short": "CHPA 11.2",
    "refcode_long": "Christian Patriotism, p. 11.2 (Alonzo Trevier Jones)",
    "element_type": "p",
    "element_subtype": "standard-indented",
    "content": "But men did not observe these two &ldquo;first of all the commandments.&rdquo; They would not love God with all their heart; they would not love their neighbors as themselves. They rejected God as their only ruler, their only sovereign, and became ambitious to rule over one another. And thus originated politics and the State.",
    "puborder": 43,
    "translations": []
  },
  {
    "para_id": "982.59",
    "id_prev": "982.58",
    "id_next": "982.60",
    "refcode_1": "CHPA",
    "refcode_2": "11",
    "refcode_3": "3",
    "refcode_4": "",
    "refcode_short": "CHPA 11.3",
    "refcode_long": "Christian Patriotism, p. 11.3 (Alonzo Trevier Jones)",
    "element_type": "p",
    "element_subtype": "standard-indented",
    "content": "The Scripture outlines the story of this: &ldquo;When they knew God, they glorified Him not as God, neither were thankful, but became vain in their imaginations, and their foolish heart was darkened. Professing themselves to be wise, they became fools, and changed the glory of the uncorruptible God into an image made like to corruptible man, and to birds, and four-footed beasts, and creeping things.&rdquo; &ldquo;And even as they did not like to retain God in their knowledge, God gave them over to a reprobate mind.&rdquo; <span class=\"egwlink egwlink_bible\" title=\"Romans 1:21\" data-link=\"1965.56997\">Romans 1:21-25, 28</span>.",
    "puborder": 44,
    "translations": []
  },
  {
    "para_id": "982.60",
    "id_prev": "982.59",
    "id_next": "982.62",
    "refcode_1": "CHPA",
    "refcode_2": "11",
    "refcode_3": "4",
    "refcode_4": "",
    "refcode_short": "CHPA 11.4",
    "refcode_long": "Christian Patriotism, p. 11.4 (Alonzo Trevier Jones)",
    "element_type": "p",
    "element_subtype": "standard-indented",
    "content": "Note that at the first men <em>did know God</em>. But they chose not to glorify Him, not to honor Him, not to give Him the first place in all their thoughts and actions. Knowing God, they did not like to retain Him in their knowledge.",
    "puborder": 45,
    "translations": []
  },
  {
    "para_id": "982.62",
    "id_prev": "982.60",
    "id_next": "982.63",
    "refcode_1": "CHPA",
    "refcode_2": "12",
    "refcode_3": "1",
    "refcode_4": "",
    "refcode_short": "CHPA 12.1",
    "refcode_long": "Christian Patriotism, p. 12.1 (Alonzo Trevier Jones)",
    "element_type": "p",
    "element_subtype": "standard-indented",
    "content": "The next step was that they became vain in their own imaginations. They professed themselves to be wise, <em>of themselves</em>. The consequence was that they became fools; and their foolish heart was darkened.",
    "puborder": 46,
    "translations": []
  },
  {
    "para_id": "982.63",
    "id_prev": "982.62",
    "id_next": "982.64",
    "refcode_1": "CHPA",
    "refcode_2": "12",
    "refcode_3": "2",
    "refcode_4": "",
    "refcode_short": "CHPA 12.2",
    "refcode_long": "Christian Patriotism, p. 12.2 (Alonzo Trevier Jones)",
    "element_type": "p",
    "element_subtype": "standard-indented",
    "content": "In their vain imaginations they made gods of their own. And then to assist themselves in their worship, they made images of the gods which they had imagined.",
    "puborder": 47,
    "translations": []
  },
  {
    "para_id": "982.64",
    "id_prev": "982.63",
    "id_next": "982.65",
    "refcode_1": "CHPA",
    "refcode_2": "12",
    "refcode_3": "3",
    "refcode_4": "",
    "refcode_short": "CHPA 12.3",
    "refcode_long": "Christian Patriotism, p. 12.3 (Alonzo Trevier Jones)",
    "element_type": "p",
    "element_subtype": "standard-indented",
    "content": "The image was always the outward, tangible form of the god which they had already conceived in the imagination. Imagining is simply mental <em>image-ing</em>. The outward form of the god, whether it be the shining sun in the heavens or a hideously-shaped block of wood or stone, is only the outward form of the <em>image</em>-ing that has already been performed in the <em>imagination</em>.",
    "puborder": 48,
    "translations": []
  },
  {
    "para_id": "982.65",
    "id_prev": "982.64",
    "id_next": "982.66",
    "refcode_1": "CHPA",
    "refcode_2": "12",
    "refcode_3": "4",
    "refcode_4": "",
    "refcode_short": "CHPA 12.4",
    "refcode_long": "Christian Patriotism, p. 12.4 (Alonzo Trevier Jones)",
    "element_type": "p",
    "element_subtype": "standard-indented",
    "content": "Thus, from the knowledge of the true God, they went to the worship of false gods. From the light, they went into darkness. From righteousness, they went to wickedness.",
    "puborder": 49,
    "translations": []
  },
  {
    "para_id": "982.66",
    "id_prev": "982.65",
    "id_next": "982.67",
    "refcode_1": "CHPA",
    "refcode_2": "12",
    "refcode_3": "5",
    "refcode_4": "",
    "refcode_short": "CHPA 12.5",
    "refcode_long": "Christian Patriotism, p. 12.5 (Alonzo Trevier Jones)",
    "element_type": "p",
    "element_subtype": "standard-indented",
    "content": "This is the truth. And the records of the earliest nations witness to it. The earliest records&mdash;those of the plain of Shinar&mdash;witness that the people at first had a knowledge of the true God. The records of the next two of the earliest nations, Egypt and Assyria, bear witness to this same thing.",
    "puborder": 50,
    "translations": []
  },
  {
    "para_id": "982.67",
    "id_prev": "982.66",
    "id_next": "982.69",
    "refcode_1": "CHPA",
    "refcode_2": "12",
    "refcode_3": "6",
    "refcode_4": "",
    "refcode_short": "CHPA 12.6",
    "refcode_long": "Christian Patriotism, p. 12.6 (Alonzo Trevier Jones)",
    "element_type": "p",
    "element_subtype": "standard-indented",
    "content": "In all these places the earliest records testify that the gods were their first rulers and the real kings; while men, in the places of authority, were but the servants, the viceroys, of the gods who were held to be the real kings.",
    "puborder": 51,
    "translations": []
  },
  {
    "para_id": "982.69",
    "id_prev": "982.67",
    "id_next": "982.70",
    "refcode_1": "CHPA",
    "refcode_2": "13",
    "refcode_3": "1",
    "refcode_4": "",
    "refcode_short": "CHPA 13.1",
    "refcode_long": "Christian Patriotism, p. 13.1 (Alonzo Trevier Jones)",
    "element_type": "p",
    "element_subtype": "standard-indented",
    "content": "For instance, one of the earliest records from Shinar runs thus: &ldquo;To [the god] Ninridu, his King, for the preservation of Idadu, <em>viceroy of Ridu</em>, the servant, the delight of Ninridu.&rdquo; Another: &ldquo;To [the god] Ninip the King, <em>his King</em>, Gudea, <em>viceroy of</em> [the god] <em>Zirgulla</em>, his house built.&rdquo; Another: &ldquo;To Nana, the lady, lady splendid, his lady, Gudea, <em>viceroy of Zirgulla</em> ...raised.&rdquo;&mdash;<em>Empires of the Bible</em>, <em>chap. 6, par. 3, 4</em>.",
    "puborder": 52,
    "translations": []
  },
  {
    "para_id": "982.70",
    "id_prev": "982.69",
    "id_next": "982.71",
    "refcode_1": "CHPA",
    "refcode_2": "13",
    "refcode_3": "2",
    "refcode_4": "",
    "refcode_short": "CHPA 13.2",
    "refcode_long": "Christian Patriotism, p. 13.2 (Alonzo Trevier Jones)",
    "element_type": "p",
    "element_subtype": "standard-indented",
    "content": "These are not only the earliest of the records that have been <em>found</em> in that land, but they themselves show that they are of the earliest records that were <em>made</em> in that land. And they clearly testify of a time when there were no kings amongst men. The gods were the kings; and the men in authority claimed only to be the viceroys of the gods who were held to be the real kings.",
    "puborder": 53,
    "translations": []
  },
  {
    "para_id": "982.71",
    "id_prev": "982.70",
    "id_next": "982.72",
    "refcode_1": "CHPA",
    "refcode_2": "13",
    "refcode_3": "3",
    "refcode_4": "",
    "refcode_short": "CHPA 13.3",
    "refcode_long": "Christian Patriotism, p. 13.3 (Alonzo Trevier Jones)",
    "element_type": "p",
    "element_subtype": "standard-indented",
    "content": "And all this testifies of a time further back, when the people knew and recognized God as the only king and rightful ruler of men. They show also that this knowledge of God was so recent, and still so strong upon the minds of the people, that men who stood in places of authority had not the boldness to assume the title of king, even though they held the power.",
    "puborder": 54,
    "translations": []
  },
  {
    "para_id": "982.72",
    "id_prev": "982.71",
    "id_next": "982.73",
    "refcode_1": "CHPA",
    "refcode_2": "13",
    "refcode_3": "4",
    "refcode_4": "",
    "refcode_short": "CHPA 13.4",
    "refcode_long": "Christian Patriotism, p. 13.4 (Alonzo Trevier Jones)",
    "element_type": "p",
    "element_subtype": "standard-indented",
    "content": "The records of Egypt and Assyria testify precisely to these same things. And at that time, also, <em>there was no State</em>. There was society.",
    "puborder": 55,
    "translations": []
  },
  {
    "para_id": "982.73",
    "id_prev": "982.72",
    "id_next": "982.76",
    "refcode_1": "CHPA",
    "refcode_2": "13",
    "refcode_3": "5",
    "refcode_4": "",
    "refcode_short": "CHPA 13.5",
    "refcode_long": "Christian Patriotism, p. 13.5 (Alonzo Trevier Jones)",
    "element_type": "p",
    "element_subtype": "standard-indented",
    "content": "There came a time, however, when even this lingering knowledge of God as king and the only rightful <span class=\"page-break\" data-page=\"14\"></span> ruler, was cut off; and the man himself assumed the full title and prerogatives of king.",
    "puborder": 56,
    "translations": []
  },
  {
    "para_id": "982.76",
    "id_prev": "982.73",
    "id_next": "982.77",
    "refcode_1": "CHPA",
    "refcode_2": "14",
    "refcode_3": "1",
    "refcode_4": "",
    "refcode_short": "CHPA 14.1",
    "refcode_long": "Christian Patriotism, p. 14.1 (Alonzo Trevier Jones)",
    "element_type": "p",
    "element_subtype": "standard-indented",
    "content": "The first man to do this was Nimrod. Nimrod was the first man in the world who had the boldness to take to himself the title and prerogative of king, in the face of the yet lingering idea of God as king. And the name which he bears itself testifies to the fact that his action in this was considered by men, and also by the Lord, as precisely the bold thing which is here indicated. The word &ldquo;Nimrod&rdquo; &ldquo;signifies rebellion, supercilious contempt, and is equivalent to &lsquo;the extremely impious rebel.&rsquo;&rdquo;",
    "puborder": 57,
    "translations": []
  },
  {
    "para_id": "982.77",
    "id_prev": "982.76",
    "id_next": "982.78",
    "refcode_1": "CHPA",
    "refcode_2": "14",
    "refcode_3": "2",
    "refcode_4": "",
    "refcode_short": "CHPA 14.2",
    "refcode_long": "Christian Patriotism, p. 14.2 (Alonzo Trevier Jones)",
    "element_type": "p",
    "element_subtype": "standard-indented",
    "content": "The Bible record of Nimrod is that &ldquo;he began to be a mighty one in the earth.&rdquo; Another translation reads: &ldquo;Cush begat Nimrod, who was the first to be a despot on the earth. He was an overbearing tyrant in Jehovah&rsquo;s sight; wherefore the saying, Even as Nimrod, the overbearing tyrant in Jehovah&rsquo;s sight.&rdquo; <span class=\"egwlink egwlink_bible\" title=\"Genesis 10:8\" data-link=\"1965.498\">Genesis 10:8, 9</span>.",
    "puborder": 58,
    "translations": []
  },
  {
    "para_id": "982.78",
    "id_prev": "982.77",
    "id_next": "982.79",
    "refcode_1": "CHPA",
    "refcode_2": "14",
    "refcode_3": "3",
    "refcode_4": "",
    "refcode_short": "CHPA 14.3",
    "refcode_long": "Christian Patriotism, p. 14.3 (Alonzo Trevier Jones)",
    "element_type": "p",
    "element_subtype": "standard-indented",
    "content": "That is, Nimrod was the first one to establish the might, the power, the authority, of human government, in the form of an organized State. He was the first man to assert the power and prerogatives, and assume the title, of king over men. &ldquo;And the beginning of his kingdom was Babel, and Erech, and Accad, and Calneh, in the land of Shinar.&rdquo;",
    "puborder": 59,
    "translations": []
  },
  {
    "para_id": "982.79",
    "id_prev": "982.78",
    "id_next": "982.82",
    "refcode_1": "CHPA",
    "refcode_2": "14",
    "refcode_3": "4",
    "refcode_4": "",
    "refcode_short": "CHPA 14.4",
    "refcode_long": "Christian Patriotism, p. 14.4 (Alonzo Trevier Jones)",
    "element_type": "p",
    "element_subtype": "standard-indented",
    "content": "Consequently: &ldquo;With the setting up of Nimrod&rsquo;s kingdom, the entire ancient world entered a new historical phase. The oriental tradition which makes that warrior <em>the first man who wore a kingly crown</em>, <span class=\"page-break\" data-page=\"15\"></span> points to a fact more significant than the assumption of a new ornament of dress, or even the conquest of a province. His reign introduced to the world a new system of relations between the governor and the governed. The authority of former rulers rested upon the feeling of kindred; and the ascendancy of the chief was an image of parental control. Nimrod, on the contrary, was a <em>sovereign of territory</em>, and of men <em>just so far as they were its inhabitants</em>, and <em>irrespective of personal ties</em>. Hitherto there had been tribes&mdash;enlarged families&mdash;<em>society: now</em> there was a nation, a political community&mdash;the state. The political and social history of the world henceforth are distinct, if not divergent.&rdquo;&mdash;<em>Empires of the Bible</em>, <em>chap. 6, par. 7</em>.",
    "puborder": 60,
    "translations": []
  },
  {
    "para_id": "982.82",
    "id_prev": "982.79",
    "id_next": "982.83",
    "refcode_1": "CHPA",
    "refcode_2": "15",
    "refcode_3": "1",
    "refcode_4": "",
    "refcode_short": "CHPA 15.1",
    "refcode_long": "Christian Patriotism, p. 15.1 (Alonzo Trevier Jones)",
    "element_type": "p",
    "element_subtype": "standard-indented",
    "content": "Such was the true origin of the State. The State was, and is, the result of the apostasy of men from God. Such only could possibly be its origin; for if all men had always observed the two &ldquo;first of all the commandments,&rdquo; it would have been impossible for there ever to have been any State. There could have been no human authority exercised. All would have been equally subject to God; He would have been the only sovereign.",
    "puborder": 61,
    "translations": []
  },
  {
    "para_id": "982.83",
    "id_prev": "982.82",
    "id_next": "982.85",
    "refcode_1": "CHPA",
    "refcode_2": "15",
    "refcode_3": "2",
    "refcode_4": "",
    "refcode_short": "CHPA 15.2",
    "refcode_long": "Christian Patriotism, p. 15.2 (Alonzo Trevier Jones)",
    "element_type": "p",
    "element_subtype": "standard-indented",
    "content": "Before Nimrod there was society. Respect of the rights of persons and of their property was maintained. It was only when the apostasy grew, and men got farther and farther from God, that the monarchical idea was established and personified in Nimrod.",
    "puborder": 62,
    "translations": []
  },
  {
    "para_id": "982.85",
    "id_prev": "982.83",
    "id_next": "982.86",
    "refcode_1": "CHPA",
    "refcode_2": "16",
    "refcode_3": "1",
    "refcode_4": "",
    "refcode_short": "CHPA 16.1",
    "refcode_long": "Christian Patriotism, p. 16.1 (Alonzo Trevier Jones)",
    "element_type": "p",
    "element_subtype": "standard-indented",
    "content": "Let no one misunderstand. This is not to say, nor even to imply, that there should <em>now</em> be no human government, that there should be no State, nor even that there should be no monarchy. It is simply to say that which is the truth, that if there never had been any apostasy from God, there never could have been on earth a State, nor any human government.",
    "puborder": 63,
    "translations": []
  },
  {
    "para_id": "982.86",
    "id_prev": "982.85",
    "id_next": "982.87",
    "refcode_1": "CHPA",
    "refcode_2": "16",
    "refcode_3": "2",
    "refcode_4": "",
    "refcode_short": "CHPA 16.2",
    "refcode_long": "Christian Patriotism, p. 16.2 (Alonzo Trevier Jones)",
    "element_type": "p",
    "element_subtype": "standard-indented",
    "content": "It is true that these things are the consequences of the apostasy from God. But men <em>having apostatized</em> from God, these things all, even to such monarchy as that of Nimrod or of Nero, became necessary, just in proportion to the degree of apostasy.",
    "puborder": 64,
    "translations": []
  },
  {
    "para_id": "982.87",
    "id_prev": "982.86",
    "id_next": "982.88",
    "refcode_1": "CHPA",
    "refcode_2": "16",
    "refcode_3": "3",
    "refcode_4": "",
    "refcode_short": "CHPA 16.3",
    "refcode_long": "Christian Patriotism, p. 16.3 (Alonzo Trevier Jones)",
    "element_type": "p",
    "element_subtype": "standard-indented",
    "content": "It is better that there should be a government, bad as it may be, than that there should be no government at all. Even such a government as Nimrod&rsquo;s or Nero&rsquo;s is better than none at all. But without apostasy there could never have been any human government at all; and without the apostasy having gone to a fearful length, there never could have been any <em>such</em> government as Nimrod&rsquo;s or Nero&rsquo;s.",
    "puborder": 65,
    "translations": []
  },
  {
    "para_id": "982.88",
    "id_prev": "982.87",
    "id_next": "982.89",
    "refcode_1": "CHPA",
    "refcode_2": "16",
    "refcode_3": "4",
    "refcode_4": "",
    "refcode_short": "CHPA 16.4",
    "refcode_long": "Christian Patriotism, p. 16.4 (Alonzo Trevier Jones)",
    "element_type": "p",
    "element_subtype": "standard-indented",
    "content": "Nimrod&rsquo;s example was eagerly followed by all the tribes around, until they were all absorbed in it. Society had passed away, and only States remained; and these universally idolatrous. In all that region, only Abraham believed God, even his own parents being idolaters. &ldquo;They served other gods.&rdquo; <span class=\"egwlink egwlink_bible\" title=\"Joshua 24:2\" data-link=\"1965.13176\">Joshua 24:2</span>.",
    "puborder": 66,
    "translations": []
  },
  {
    "para_id": "982.89",
    "id_prev": "982.88",
    "id_next": "982.92",
    "refcode_1": "CHPA",
    "refcode_2": "16",
    "refcode_3": "5",
    "refcode_4": "",
    "refcode_short": "CHPA 16.5",
    "refcode_long": "Christian Patriotism, p. 16.5 (Alonzo Trevier Jones)",
    "element_type": "p",
    "element_subtype": "standard-indented",
    "content": "God chose Abraham then to be the father of all them that believed God; the father of all who will have God alone to be their God. Abraham <span class=\"page-break\" data-page=\"17\"></span> represented then the religion of God, the beginning of the church of God.",
    "puborder": 67,
    "translations": []
  },
  {
    "para_id": "982.92",
    "id_prev": "982.89",
    "id_next": "982.93",
    "refcode_1": "CHPA",
    "refcode_2": "17",
    "refcode_3": "1",
    "refcode_4": "",
    "refcode_short": "CHPA 17.1",
    "refcode_long": "Christian Patriotism, p. 17.1 (Alonzo Trevier Jones)",
    "element_type": "p",
    "element_subtype": "standard-indented",
    "content": "And from that State God separated Abraham. He said to Abraham, &ldquo;Get thee out of thy country, and from thy kindred, and from thy father&rsquo;s house, into a land that I will show thee.&rdquo; <span class=\"egwlink egwlink_bible\" title=\"Genesis 12:1\" data-link=\"1965.614\">Genesis 12:1</span>.",
    "puborder": 68,
    "translations": []
  },
  {
    "para_id": "982.93",
    "id_prev": "982.92",
    "id_next": "982.94",
    "refcode_1": "CHPA",
    "refcode_2": "17",
    "refcode_3": "2",
    "refcode_4": "",
    "refcode_short": "CHPA 17.2",
    "refcode_long": "Christian Patriotism, p. 17.2 (Alonzo Trevier Jones)",
    "element_type": "p",
    "element_subtype": "standard-indented",
    "content": "And in thus separating Abraham from that State, from his country, God taught the people then, and through all time, the separation of religion and the State, the separation of Church and State.",
    "puborder": 69,
    "translations": []
  },
  {
    "para_id": "982.94",
    "id_prev": "982.93",
    "id_next": "982.96",
    "refcode_1": "CHPA",
    "refcode_2": "17",
    "refcode_3": "3",
    "refcode_4": "",
    "refcode_short": "CHPA 17.3",
    "refcode_long": "Christian Patriotism, p. 17.3 (Alonzo Trevier Jones)",
    "element_type": "p",
    "element_subtype": "standard-indented",
    "content": "And it must not be forgotten that in the case of Abraham, this universal example, the separation of religion and the State, was the separation of the <em>individual believer</em> from the State. And as Abraham was at that time the church, and he was separated from the State, in this it is plainly taught that the true separation of Church and State is in the separation of the individual church-member from the State. Besides, it is perfectly plain in itself that where the same individual is a member of the Church and of the State at the same time, there is at once <em>in him</em> a union of Church and State.",
    "puborder": 70,
    "translations": []
  }
]