[
  {
    "para_id": "982.464",
    "id_prev": "982.462",
    "id_next": "982.465",
    "refcode_1": "CHPA",
    "refcode_2": "90",
    "refcode_3": "",
    "refcode_4": "",
    "refcode_short": "CHPA 90",
    "refcode_long": "Christian Patriotism, p. 90 (Alonzo Trevier Jones)",
    "element_type": "h3",
    "element_subtype": "",
    "content": "CHAPTER XIV. THE LAND OF OUR FATHERS",
    "puborder": 320,
    "translations": []
  },
  {
    "para_id": "982.465",
    "id_prev": "982.464",
    "id_next": "982.466",
    "refcode_1": "CHPA",
    "refcode_2": "90",
    "refcode_3": "1",
    "refcode_4": "",
    "refcode_short": "CHPA 90.1",
    "refcode_long": "Christian Patriotism, p. 90.1 (Alonzo Trevier Jones)",
    "element_type": "p",
    "element_subtype": "standard-indented",
    "content": "PATRIOTISM is the love of one&rsquo;s country&mdash;the country of one&rsquo;s birth&mdash;because it is <em>the land of his fathers</em>.",
    "puborder": 321,
    "translations": []
  },
  {
    "para_id": "982.466",
    "id_prev": "982.465",
    "id_next": "982.467",
    "refcode_1": "CHPA",
    "refcode_2": "90",
    "refcode_3": "2",
    "refcode_4": "",
    "refcode_short": "CHPA 90.2",
    "refcode_long": "Christian Patriotism, p. 90.2 (Alonzo Trevier Jones)",
    "element_type": "p",
    "element_subtype": "standard-indented",
    "content": "Christian patriotism, then, is the love of the country of the Christian&rsquo;s birth, because it is the land of his <em>Christian</em> fathers.",
    "puborder": 322,
    "translations": []
  },
  {
    "para_id": "982.467",
    "id_prev": "982.466",
    "id_next": "982.468",
    "refcode_1": "CHPA",
    "refcode_2": "90",
    "refcode_3": "3",
    "refcode_4": "",
    "refcode_short": "CHPA 90.3",
    "refcode_long": "Christian Patriotism, p. 90.3 (Alonzo Trevier Jones)",
    "element_type": "p",
    "element_subtype": "standard-indented",
    "content": "The country of the Christian&rsquo;s birth is the heavenly country, because the Christian is born only &ldquo;from above.&rdquo; The heavenly country, then, is the land of the Christian&rsquo;s fathers.",
    "puborder": 323,
    "translations": []
  },
  {
    "para_id": "982.468",
    "id_prev": "982.467",
    "id_next": "982.469",
    "refcode_1": "CHPA",
    "refcode_2": "90",
    "refcode_3": "4",
    "refcode_4": "",
    "refcode_short": "CHPA 90.4",
    "refcode_long": "Christian Patriotism, p. 90.4 (Alonzo Trevier Jones)",
    "element_type": "p",
    "element_subtype": "standard-indented",
    "content": "People are Christians only because they are Christ&rsquo;s people. &ldquo;And if ye be Christ&rsquo;s, <em>then</em> are <em>ye Abraham&rsquo;s seed</em>, and <em>heirs</em> according to the promise.&rdquo; <span class=\"egwlink egwlink_bible\" title=\"Galatians 3:29\" data-link=\"1965.59407\">Galatians 3:29</span>. And the country of our father Abraham was &ldquo;an heavenly&rdquo; country only.",
    "puborder": 324,
    "translations": []
  },
  {
    "para_id": "982.469",
    "id_prev": "982.468",
    "id_next": "982.470",
    "refcode_1": "CHPA",
    "refcode_2": "90",
    "refcode_3": "5",
    "refcode_4": "",
    "refcode_short": "CHPA 90.5",
    "refcode_long": "Christian Patriotism, p. 90.5 (Alonzo Trevier Jones)",
    "element_type": "p",
    "element_subtype": "standard-indented",
    "content": "Abraham was once a Gentile, was of the nations; but he was born again, was born from above. He was once an alien; but he was naturalized into the kingdom of God, and became a fellow-citizen with the saints.",
    "puborder": 325,
    "translations": []
  },
  {
    "para_id": "982.470",
    "id_prev": "982.469",
    "id_next": "982.473",
    "refcode_1": "CHPA",
    "refcode_2": "90",
    "refcode_3": "6",
    "refcode_4": "",
    "refcode_short": "CHPA 90.6",
    "refcode_long": "Christian Patriotism, p. 90.6 (Alonzo Trevier Jones)",
    "element_type": "p",
    "element_subtype": "standard-indented",
    "content": "In becoming naturalized into the kingdom of God, on being admitted into the heavenly citizenship, Abraham was required to get out of his country. <span class=\"egwlink egwlink_bible\" title=\"Genesis 12:1\" data-link=\"1965.614\">Genesis 12:1</span>. This requirement he at once accepted, and he &ldquo;then <span class=\"page-break\" data-page=\"91\"></span> did absolutely and forever renounce and abjure all allegiance and fidelity to every foreign prince, potentate, State, or sovereignty whatsoever.&rdquo; He obeyed and went out, &ldquo;not knowing whither he went,&rdquo; only knowing that he went with God, which was enough for him; and so he became the &ldquo;father of all them that believe.&rdquo; <span class=\"egwlink egwlink_bible\" title=\"Romans 4:11\" data-link=\"1965.57164\">Romans 4:11</span>.",
    "puborder": 326,
    "translations": []
  },
  {
    "para_id": "982.473",
    "id_prev": "982.470",
    "id_next": "982.474",
    "refcode_1": "CHPA",
    "refcode_2": "91",
    "refcode_3": "1",
    "refcode_4": "",
    "refcode_short": "CHPA 91.1",
    "refcode_long": "Christian Patriotism, p. 91.1 (Alonzo Trevier Jones)",
    "element_type": "p",
    "element_subtype": "standard-indented",
    "content": "When God called Abram out of that country, He also called him into another country, a better, even a heavenly.",
    "puborder": 327,
    "translations": []
  },
  {
    "para_id": "982.474",
    "id_prev": "982.473",
    "id_next": "982.475",
    "refcode_1": "CHPA",
    "refcode_2": "91",
    "refcode_3": "2",
    "refcode_4": "",
    "refcode_short": "CHPA 91.2",
    "refcode_long": "Christian Patriotism, p. 91.2 (Alonzo Trevier Jones)",
    "element_type": "p",
    "element_subtype": "standard-indented",
    "content": "Ever after that day, Abraham looked to that country. That is Abraham&rsquo;s country. Wherever he was in <em>this</em> world, he was &ldquo;in a strange country;&rdquo; and in this strange country he dwelt &ldquo;in tabernacles with Isaac and Jacob, <em>the heirs with him</em> of the <em>same promise;</em> for he looked for a city which hath foundations, whose builder and maker is God.&rdquo; And &ldquo;these all died in faith, not having received the promises, but having seen them afar off, and were persuaded of them, and embraced them, and confessed that they were strangers and pilgrims on the earth. For they that say such things declare plainly that they seek a country. And truly, if they had been mindful of <em>that country from whence they came out</em>, they might have had opportunity to have returned. But now they desire a <em>better country</em>, that is, AN HEAVENLY; wherefore God is not ashamed to be called their God; for He hath prepared for them a city.&rdquo; <span class=\"egwlink egwlink_bible\" title=\"Hebrews 11:9\" data-link=\"1965.61567\">Hebrews 11:9-16</span>.",
    "puborder": 328,
    "translations": []
  },
  {
    "para_id": "982.475",
    "id_prev": "982.474",
    "id_next": "982.477",
    "refcode_1": "CHPA",
    "refcode_2": "91",
    "refcode_3": "3",
    "refcode_4": "",
    "refcode_short": "CHPA 91.3",
    "refcode_long": "Christian Patriotism, p. 91.3 (Alonzo Trevier Jones)",
    "element_type": "p",
    "element_subtype": "standard-indented",
    "content": "We &ldquo;are all the children of God by faith in Christ Jesus.&rdquo; &ldquo;And if ye be Christ&rsquo;s, then are ye",
    "puborder": 329,
    "translations": []
  },
  {
    "para_id": "982.477",
    "id_prev": "982.475",
    "id_next": "982.478",
    "refcode_1": "CHPA",
    "refcode_2": "92",
    "refcode_3": "1",
    "refcode_4": "",
    "refcode_short": "CHPA 92.1",
    "refcode_long": "Christian Patriotism, p. 92.1 (Alonzo Trevier Jones)",
    "element_type": "p",
    "element_subtype": "standard-indented",
    "content": "Abraham&rsquo;s seed, and <em>heirs</em> according to the <em>promise</em>.&rdquo; As Abraham is the father of all them that believe, and as that heavenly country is Abraham&rsquo;s country, then that heavenly country is the Christian&rsquo;s country. As Christian patriotism is love of the Christian&rsquo;s country, the country of the Christian&rsquo;s fathers; and as <em>that</em> country alone is the Christian&rsquo;s country, is the country of the Christian&rsquo;s fathers; so Christian patriotism is love of the country of Abraham, Isaac, Jacob, and CHRIST,&mdash;the heavenly country, &ldquo;the world&rdquo; of the new earth, the country which God gave in faithful promise to our father.",
    "puborder": 330,
    "translations": []
  },
  {
    "para_id": "982.478",
    "id_prev": "982.477",
    "id_next": "982.479",
    "refcode_1": "CHPA",
    "refcode_2": "92",
    "refcode_3": "2",
    "refcode_4": "",
    "refcode_short": "CHPA 92.2",
    "refcode_long": "Christian Patriotism, p. 92.2 (Alonzo Trevier Jones)",
    "element_type": "p",
    "element_subtype": "standard-indented",
    "content": "Are you, now, a true Christian patriot? Is that truly your country? Do you love that country above all other countries that can ever be named or thought of?",
    "puborder": 331,
    "translations": []
  },
  {
    "para_id": "982.479",
    "id_prev": "982.478",
    "id_next": "982.484",
    "refcode_1": "CHPA",
    "refcode_2": "92",
    "refcode_3": "3",
    "refcode_4": "",
    "refcode_short": "CHPA 92.3",
    "refcode_long": "Christian Patriotism, p. 92.3 (Alonzo Trevier Jones)",
    "element_type": "p",
    "element_subtype": "standard-indented",
    "content": "And what a country! The wilderness like Eden, and the desert as the garden of the Lord: with only joy and gladness found therein, thanksgiving and the voice of melody. <span class=\"egwlink egwlink_bible\" title=\"Isaiah 51:3\" data-link=\"1965.38108\">Isaiah 51:3</span>. A country where the light of the moon shall be as the light of the sun, and the light of the sun shall be sevenfold, as the light of seven days; and where even then the moon shall be confounded and the sun ashamed in the presence of the glorious Lord who reigns in Mount Zion and in Jerusalem and before His ancients gloriously. <span class=\"egwlink egwlink_bible\" title=\"Isaiah 30:26\" data-link=\"1965.37221\">Isaiah 30:26</span>; <span class=\"egwlink egwlink_bible\" title=\"Isaiah 24:23\" data-link=\"1965.36965\">24:23</span>. A country whose capital city is built all of gold and precious stones and pearls, every several gate of one pearl; a city that has no need of the sun nor the moon to shine in it, because the <span class=\"page-break\" data-page=\"93\"></span> glory of God lightens it and the Lamb is the light thereof; and the nations of them that are saved shall walk in the light of it, and the gates of it shall not be shut at all by day; for there shall be no night there. <span class=\"egwlink egwlink_bible\" title=\"Revelation 21:10\" data-link=\"1965.63383\">Revelation 21:10-25</span>. A country in which the inhabitants shall never say, I am sick; for the people that dwell therein shall be forgiven their iniquity. <span class=\"egwlink egwlink_bible\" title=\"Isaiah 33:24\" data-link=\"1965.37344\">Isaiah 33:24</span>. A country where the people shall all be righteous (<span class=\"egwlink egwlink_bible\" title=\"Isaiah 60:21\" data-link=\"1965.38449\">Isaiah 60:21</span>); and where the wilderness and the solitary place shall be glad for them, and the desert shall rejoice and blossom as the rose; where the eyes of the blind are opened, and the ears of the deaf unstopped; where the lame man shall leap as a hart, and the tongue of the dumb sing; where in the wilderness, waters break out, and streams in the desert; where the ransomed of the Lord shall come to Zion with songs and everlasting joy upon their heads; and where they shall obtain joy and gladness and sorrow and sighing shall flee away.&rdquo; <span class=\"egwlink egwlink_bible\" title=\"Isaiah 35:1\" data-link=\"1965.37382\">Isaiah 35:1-10</span>. A country so quiet and so secure that the people can dwell safely in the wilderness, and sleep in the woods; where the people and the very places round about shall be a blessing; and where there shall be <em>showers</em> of blessing. <span class=\"egwlink egwlink_bible\" title=\"Ezekiel 34:25\" data-link=\"1965.43541\">Ezekiel 34:25, 26</span>. A country where the very land itself shall rejoice even with joy and singing; where for very joy the mountains and the hills shall break forth into singing, and all the trees of the field shall clap their hands. <span class=\"egwlink egwlink_bible\" title=\"Isaiah 55:12\" data-link=\"1965.38264\">Isaiah 55:12</span>. A country in which the tabernacle of God shall be with men, and &ldquo;He will dwell with them, and they shall be His <span class=\"page-break\" data-page=\"94\"></span> people, and God Himself shall be with them, and be their God. And God shall wipe away all tears from their eyes; and there shall be no more death, neither sorrow, nor crying, neither shall there be any more pain; for the former things are passed away.&rdquo; <span class=\"egwlink egwlink_bible\" title=\"Revelation 21:3\" data-link=\"1965.63369\">Revelation 21:3, 4</span>. A country where &ldquo;we shall ever feel the freshness of the morning, and shall ever be far from its close.&rdquo;",
    "puborder": 332,
    "translations": []
  },
  {
    "para_id": "982.484",
    "id_prev": "982.479",
    "id_next": "982.485",
    "refcode_1": "CHPA",
    "refcode_2": "94",
    "refcode_3": "1",
    "refcode_4": "",
    "refcode_short": "CHPA 94.1",
    "refcode_long": "Christian Patriotism, p. 94.1 (Alonzo Trevier Jones)",
    "element_type": "p",
    "element_subtype": "standard-indented",
    "content": "That is the Christian&rsquo;s country. That is the country of our Christian fathers&mdash;of Abraham, our father; of Jesus Christ, the last Adam, and so &ldquo;the everlasting Father;&rdquo; and of God, the universal Father, &ldquo;our Father which art in heaven.&rdquo; Christian patriotism is love of <em>that</em> country.",
    "puborder": 333,
    "translations": []
  },
  {
    "para_id": "982.485",
    "id_prev": "982.484",
    "id_next": "982.487",
    "refcode_1": "CHPA",
    "refcode_2": "94",
    "refcode_3": "2",
    "refcode_4": "",
    "refcode_short": "CHPA 94.2",
    "refcode_long": "Christian Patriotism, p. 94.2 (Alonzo Trevier Jones)",
    "element_type": "p",
    "element_subtype": "standard-indented",
    "content": "Who would not be a Christian patriot?",
    "puborder": 334,
    "translations": []
  }
]