[
  {
    "para_id": "153.1540",
    "id_prev": "153.1538",
    "id_next": "153.1541",
    "refcode_1": "YRP",
    "refcode_2": "244",
    "refcode_3": "",
    "refcode_4": "236",
    "refcode_short": "YRP 244",
    "refcode_long": "Ye Shall Receive Power, p. 244 (Ellen Gould White)",
    "element_type": "h3",
    "element_subtype": "",
    "content": "The Health Food Ministry, August 23",
    "puborder": 1302,
    "translations": [
      {
        "para_id": "795.2370",
        "lang": "de",
        "refcode": "WHG 364"
      },
      {
        "para_id": "1772.1563",
        "lang": "es",
        "refcode": "RP 246"
      },
      {
        "para_id": "2698.1524",
        "lang": "fr",
        "refcode": "VRP 244"
      },
      {
        "para_id": "12436.1553",
        "lang": "pl",
        "refcode": "WM 244"
      },
      {
        "para_id": "1919.1538",
        "lang": "pt",
        "refcode": "RP 244"
      },
      {
        "para_id": "1841.1520",
        "lang": "ru",
        "refcode": "ВПС 243"
      }
    ]
  },
  {
    "para_id": "153.1541",
    "id_prev": "153.1540",
    "id_next": "153.1542",
    "refcode_1": "YRP",
    "refcode_2": "244",
    "refcode_3": "1",
    "refcode_4": "",
    "refcode_short": "YRP 244.1",
    "refcode_long": "Ye Shall Receive Power, p. 244.1 (Ellen Gould White)",
    "element_type": "p",
    "element_subtype": "devotionaltext",
    "content": "And when it was evening, his disciples came to him, saying, This is a desert place, and the time is now past; send the multitude away, that they may go into the villages, and buy themselves victuals. But Jesus said unto them, They need not depart; give ye them to eat. <span class=\"egwlink egwlink_bible\" title=\"Matthew 14:15\" data-link=\"1965.48210\">Matthew 14:15, 16</span>.",
    "puborder": 1303,
    "translations": [
      {
        "para_id": "795.2371",
        "lang": "de",
        "refcode": "WHG 364.1"
      },
      {
        "para_id": "1772.1564",
        "lang": "es",
        "refcode": "RP 246.1"
      },
      {
        "para_id": "2698.1525",
        "lang": "fr",
        "refcode": "VRP 244.1"
      },
      {
        "para_id": "12436.1554",
        "lang": "pl",
        "refcode": "WM 244.1"
      },
      {
        "para_id": "1919.1539",
        "lang": "pt",
        "refcode": "RP 244.1"
      },
      {
        "para_id": "1841.1521",
        "lang": "ru",
        "refcode": "ВПС 243.1"
      }
    ]
  },
  {
    "para_id": "153.1542",
    "id_prev": "153.1541",
    "id_next": "153.1543",
    "refcode_1": "YRP",
    "refcode_2": "244",
    "refcode_3": "2",
    "refcode_4": "",
    "refcode_short": "YRP 244.2",
    "refcode_long": "Ye Shall Receive Power, p. 244.2 (Ellen Gould White)",
    "element_type": "p",
    "element_subtype": "standard-indented",
    "content": "I have earnest words to speak to those who shall engage in the health food business. There is to be an entirely different feature brought into the work of our food stores, restaurants, and into every line in which our food productions are handled. This work must be carried forward as a means of gospel enlightenment to those who have not given themselves to the Lord. Those who handle these foods need daily the counsel of the One who created food for the five thousand hungry men. The work of our food stores and restaurants must be carried on in such a way that there will be no loss financially. We must not forget that this line of work needs to live. But all corrupting influences must be weeded out from it.",
    "puborder": 1304,
    "translations": [
      {
        "para_id": "795.2372",
        "lang": "de",
        "refcode": "WHG 364.2"
      },
      {
        "para_id": "1772.1565",
        "lang": "es",
        "refcode": "RP 246.2"
      },
      {
        "para_id": "2698.1526",
        "lang": "fr",
        "refcode": "VRP 244.2"
      },
      {
        "para_id": "12436.1555",
        "lang": "pl",
        "refcode": "WM 244.2"
      },
      {
        "para_id": "1919.1540",
        "lang": "pt",
        "refcode": "RP 244.2"
      },
      {
        "para_id": "1841.1522",
        "lang": "ru",
        "refcode": "ВПС 243.2"
      }
    ]
  },
  {
    "para_id": "153.1543",
    "id_prev": "153.1542",
    "id_next": "153.1544",
    "refcode_1": "YRP",
    "refcode_2": "244",
    "refcode_3": "3",
    "refcode_4": "",
    "refcode_short": "YRP 244.3",
    "refcode_long": "Ye Shall Receive Power, p. 244.3 (Ellen Gould White)",
    "element_type": "p",
    "element_subtype": "standard-indented",
    "content": "Keep on the gaining side we must. But what is the use of carrying on this work if we have to sacrifice principles of justice, mercy, and the love of God? What is the use of carrying it on if through its influence, no souls are enlightened and prepared to lay hold upon the Word that is their spiritual food? Upon those connected with this work there should be urged the necessity of calling the attention of the people with whom they are brought into contact to the truths of heavenly origin.",
    "puborder": 1305,
    "translations": [
      {
        "para_id": "795.2373",
        "lang": "de",
        "refcode": "WHG 364.3"
      },
      {
        "para_id": "1772.1566",
        "lang": "es",
        "refcode": "RP 246.3"
      },
      {
        "para_id": "2698.1527",
        "lang": "fr",
        "refcode": "VRP 244.3"
      },
      {
        "para_id": "12436.1556",
        "lang": "pl",
        "refcode": "WM 244.3"
      },
      {
        "para_id": "1919.1541",
        "lang": "pt",
        "refcode": "RP 244.3"
      },
      {
        "para_id": "1841.1523",
        "lang": "ru",
        "refcode": "ВПС 243.3"
      }
    ]
  },
  {
    "para_id": "153.1544",
    "id_prev": "153.1543",
    "id_next": "153.1546",
    "refcode_1": "YRP",
    "refcode_2": "244",
    "refcode_3": "4",
    "refcode_4": "",
    "refcode_short": "YRP 244.4",
    "refcode_long": "Ye Shall Receive Power, p. 244.4 (Ellen Gould White)",
    "element_type": "p",
    "element_subtype": "standard-indented",
    "content": "There should be appointed to the health food work men who are well qualified to speak words in season, and out of season, and who can enlighten the minds of men and women in regard to the truth. Special wisdom is needed in order to understand when to speak, and when to keep silent. Let each worker pray much for spiritual understanding.&mdash;<span class=\"egwlink egwlink_book\" title=\"HFM 89.1\" data-link=\"387.486\">The Health Food Ministry, 89</span>.",
    "puborder": 1306,
    "translations": [
      {
        "para_id": "795.2374",
        "lang": "de",
        "refcode": "WHG 364.4"
      },
      {
        "para_id": "1772.1567",
        "lang": "es",
        "refcode": "RP 246.4"
      },
      {
        "para_id": "2698.1528",
        "lang": "fr",
        "refcode": "VRP 244.4"
      },
      {
        "para_id": "12436.1557",
        "lang": "pl",
        "refcode": "WM 244.4"
      },
      {
        "para_id": "1919.1542",
        "lang": "pt",
        "refcode": "RP 244.4"
      },
      {
        "para_id": "1841.1524",
        "lang": "ru",
        "refcode": "ВПС 243.4"
      }
    ]
  }
]