[
  {
    "para_id": "956.3987",
    "id_prev": "956.3986",
    "id_next": "956.3988",
    "refcode_1": "PFF1",
    "refcode_2": "618",
    "refcode_3": "",
    "refcode_4": "",
    "refcode_short": "PFF1 618",
    "refcode_long": "The Prophetic Faith of Our Fathers, vol. 1, p. 618 (LeRoy Edwin Froom)",
    "element_type": "h4",
    "element_subtype": "",
    "content": "VI. Gerard of York, Precursor of English Reformation",
    "puborder": 2945,
    "translations": []
  },
  {
    "para_id": "956.3988",
    "id_prev": "956.3987",
    "id_next": "956.3989",
    "refcode_1": "PFF1",
    "refcode_2": "618",
    "refcode_3": "2",
    "refcode_4": "",
    "refcode_short": "PFF1 618.2",
    "refcode_long": "The Prophetic Faith of Our Fathers, vol. 1, p. 618.2 (LeRoy Edwin Froom)",
    "element_type": "p",
    "element_subtype": "standard-indented",
    "content": "GERARD OF YORK (d. 1108) sprang from noble Norman ancestry. He became precentor of the cathedral of Rouen, and was a counselor and ambassador for the kings of England. Gerard was the leading supporter of William I, William II, and Henry I in their quarrel with the Papacy over the issue of investitures. <sup class=\"footnote\"><a class=\"footnote\">106<span class=\"footnote\">Edmund Venables, &ldquo;Gerard, or Girard,&rdquo; Dictionary of National Biography, vol. 7, pp. 1087-1089.</span></a></sup> Made archbishop of York in 1101, he occupied that see until 1108. Because of his aggressive attitude in defending the rights of the crown, he was drawn into bitter conflict with Anselm of Canterbury, finally losing and having to submit to the claims of the primate. He was one of the great figures of his time and was, intellectually at least, the equal of Anselm of Canterbury. But his character was not free from blemish. For this reason, and because of his vigorous support of the royal against the pontifical power, an unprejudiced verdict upon him is hardly to be looked for, since our chief knowledge of him is from ecclesiastical historians. Such is the conclusion of his biographer in the Dictionary of National Biography.",
    "puborder": 2946,
    "translations": []
  },
  {
    "para_id": "956.3989",
    "id_prev": "956.3988",
    "id_next": "956.3992",
    "refcode_1": "PFF1",
    "refcode_2": "618",
    "refcode_3": "3",
    "refcode_4": "",
    "refcode_short": "PFF1 618.3",
    "refcode_long": "The Prophetic Faith of Our Fathers, vol. 1, p. 618.3 (LeRoy Edwin Froom)",
    "element_type": "p",
    "element_subtype": "standard-indented",
    "content": "There exists, however, a very interesting little book, called Tractatus Eboracenses (York Treatises), which was attributed <span class=\"page-break\" data-page=\"619\"></span> to an &ldquo;Anonymous of York&rdquo; whom Alois Dempf, German scholar of medieval history, definitely identifies with Gerard of York. <sup class=\"footnote\"><a class=\"footnote\">107<span class=\"footnote\">Dempf, op. cit., p. 199.</span></a></sup> This little work contains most revolutionary thoughts for those times, and it is no wonder that it was not well received and soon disappeared. The writer divides time into three eras. First there is the Old Testament era, with a professional priest hood having a typical significance, beginning with Adam and leading to Christ. Then there is the second era, of the New Testament, lasting from the first advent of Christ to the second advent, with the true and universal priesthood. And finally, the third era, that of the eternal Jerusalem, without any priest hood.",
    "puborder": 2947,
    "translations": []
  },
  {
    "para_id": "956.3992",
    "id_prev": "956.3989",
    "id_next": "956.3993",
    "refcode_1": "PFF1",
    "refcode_2": "619",
    "refcode_3": "1",
    "refcode_4": "",
    "refcode_short": "PFF1 619.1",
    "refcode_long": "The Prophetic Faith of Our Fathers, vol. 1, p. 619.1 (LeRoy Edwin Froom)",
    "element_type": "p",
    "element_subtype": "standard-indented",
    "content": "The kingdom of the devil is here completely separated from any definite structure in this world, and is considered to be the amoral and sinful life which exists as the sublayer beneath the positive consciousness of God&rsquo;s power in men to bring about the kingdom of God. The grace of God, which leads to the new birth from God, and the Holy Spirit make us at the same time children of God. We become living stones in the true and holy temple of God and of the heavenly kingdom, which is far superior to all temples built of stone. <sup class=\"footnote\"><a class=\"footnote\">108<span class=\"footnote\">Ibid., p. 202.</span></a></sup>",
    "puborder": 2948,
    "translations": []
  },
  {
    "para_id": "956.3993",
    "id_prev": "956.3992",
    "id_next": "956.3994",
    "refcode_1": "PFF1",
    "refcode_2": "619",
    "refcode_3": "",
    "refcode_4": "",
    "refcode_short": "PFF1 619",
    "refcode_long": "The Prophetic Faith of Our Fathers, vol. 1, p. 619 (LeRoy Edwin Froom)",
    "element_type": "h5",
    "element_subtype": "",
    "content": "1. UNIVERSAL PRIESTHOOD OF THE LAITY",
    "puborder": 2949,
    "translations": []
  },
  {
    "para_id": "956.3994",
    "id_prev": "956.3993",
    "id_next": "956.3997",
    "refcode_1": "PFF1",
    "refcode_2": "619",
    "refcode_3": "2",
    "refcode_4": "",
    "refcode_short": "PFF1 619.2",
    "refcode_long": "The Prophetic Faith of Our Fathers, vol. 1, p. 619.2 (LeRoy Edwin Froom)",
    "element_type": "p",
    "element_subtype": "standard-indented",
    "content": "In this temple the holy faith of the heart is the altar. We have to bring our faith as a holy sacrifice pleasing to God, that we may become one body. This universal priesthood of all believers, not merely the hierarchy, is the highest kind of priesthood, because the <em>&ldquo;corpus Christi, quod est ecclesia in quo omnia membra divino ordine disposita sunt&rdquo;</em> (the body of Christ, which is the church in which all members have been arranged in divine order) is the eye and the face of the church; and further, because the garment of baptism, by which we have been clothed with Christ, is incomparably higher than the stole of the priesthood. To hear the Word of God itself, in such a way that it becomes eternal life, <span class=\"page-break\" data-page=\"620\"></span> is much more valuable than merely to hear the preaching. To take part of the body of Christ in the Eucharist is greater than to consecrate it. Thus we become partakers not only of the grace of God but of the nature of God. <sup class=\"footnote\"><a class=\"footnote\">109<span class=\"footnote\">Ibid., p. 204.</span></a></sup>",
    "puborder": 2950,
    "translations": []
  },
  {
    "para_id": "956.3997",
    "id_prev": "956.3994",
    "id_next": "956.3998",
    "refcode_1": "PFF1",
    "refcode_2": "620",
    "refcode_3": "1",
    "refcode_4": "",
    "refcode_short": "PFF1 620.1",
    "refcode_long": "The Prophetic Faith of Our Fathers, vol. 1, p. 620.1 (LeRoy Edwin Froom)",
    "element_type": "p",
    "element_subtype": "standard-indented",
    "content": "What, then, is the value of the priesthood? It does not lie primarily in teaching. If the pope were simply set up in order to teach, that would be superfluous, because we have the prophets, the Gospels, and the writings of the apostles, which contain all God&rsquo;s commands. And the knowledge of this is more widespread among us than it is with him. The pope may go to the heathen to teach them. No bishop is subject to the Roman church. He is responsible only to the universal church. More over, according to the scale of rank and position in the heavenly kingdom (<span class=\"egwlink egwlink_bible\" title=\"Luke 22:24\" data-link=\"1965.52816\">Luke 22:24</span>), and according to the teachings of Peter himself, the pope is subjected to every human creature. The churches of Rome and Rouen are &ldquo;one single Peter&rdquo;; that is, Rome is not superior to Rouen.",
    "puborder": 2951,
    "translations": []
  },
  {
    "para_id": "956.3998",
    "id_prev": "956.3997",
    "id_next": "956.3999",
    "refcode_1": "PFF1",
    "refcode_2": "620",
    "refcode_3": "",
    "refcode_4": "",
    "refcode_short": "PFF1 620",
    "refcode_long": "The Prophetic Faith of Our Fathers, vol. 1, p. 620 (LeRoy Edwin Froom)",
    "element_type": "h5",
    "element_subtype": "",
    "content": "2. ROMAN PRIMACY FROM MAN ONLY",
    "puborder": 2952,
    "translations": []
  },
  {
    "para_id": "956.3999",
    "id_prev": "956.3998",
    "id_next": "956.4000",
    "refcode_1": "PFF1",
    "refcode_2": "620",
    "refcode_3": "2",
    "refcode_4": "",
    "refcode_short": "PFF1 620.2",
    "refcode_long": "The Prophetic Faith of Our Fathers, vol. 1, p. 620.2 (LeRoy Edwin Froom)",
    "element_type": "p",
    "element_subtype": "standard-indented",
    "content": "Rome became the mother of all churches only <em>per potentiam romani imperii et propter urbis excellentiam quae caput est totius orbis</em> (through the power of the Roman Empire, and because of the excellency of the city, which is the head of all the world). But in the ancient church such was not the case. Then Jerusalem was mother of all the churches. Zion, the heavenly Jerusalem, possesses the honor and the secret of the mother. Zion is the seat of Christ. He Himself is her High Priest, the apostles are His priests, and Stephen is His deacon. From Zion the law is pro claimed. The Roman church has received that preference from men only, not from Christ and His apostles.",
    "puborder": 2953,
    "translations": []
  },
  {
    "para_id": "956.4000",
    "id_prev": "956.3999",
    "id_next": "956.4003",
    "refcode_1": "PFF1",
    "refcode_2": "620",
    "refcode_3": "3",
    "refcode_4": "",
    "refcode_short": "PFF1 620.3",
    "refcode_long": "The Prophetic Faith of Our Fathers, vol. 1, p. 620.3 (LeRoy Edwin Froom)",
    "element_type": "p",
    "element_subtype": "standard-indented",
    "content": "The present priesthood is created to fill a special need. Through the devil&rsquo;s instigation many splits occurred, and every priest began to consider his church members his own property and not Christ&rsquo;s property; therefore one priest had to be chosen above all others to avoid schisms and dissensions, but originally <span class=\"page-break\" data-page=\"621\"></span> the church was led by a general council of the presbyters (communi presbyterorum consilio). <sup class=\"footnote\"><a class=\"footnote\">110<span class=\"footnote\">Ibid., p. 205.</span></a></sup> Thus he taught.",
    "puborder": 2954,
    "translations": []
  },
  {
    "para_id": "956.4003",
    "id_prev": "956.4000",
    "id_next": "956.4004",
    "refcode_1": "PFF1",
    "refcode_2": "621",
    "refcode_3": "1",
    "refcode_4": "",
    "refcode_short": "PFF1 621.1",
    "refcode_long": "The Prophetic Faith of Our Fathers, vol. 1, p. 621.1 (LeRoy Edwin Froom)",
    "element_type": "p",
    "element_subtype": "standard-indented",
    "content": "Gerard was precocious for his time. He remained the Anonymous of York, but is surely to be counted a forerunner of the Reformation. It is highly probable that Wyclif came across Gerard&rsquo;s tract in Oxford, and was indebted to him. All the main points of the Reformation are here clearly stated-as, for instance, the universal priesthood, the Scripture as basis for religious teaching, the presbytery of the early church, and the fact that sacraments, except the Eucharist, are mere symbols.",
    "puborder": 2955,
    "translations": []
  }
]