[
  {
    "para_id": "78.2203",
    "id_prev": "78.2199",
    "id_next": "78.2204",
    "refcode_1": "2MCP",
    "refcode_2": "797",
    "refcode_3": "",
    "refcode_4": "89",
    "refcode_short": "2MCP 797",
    "refcode_long": "Mind, Character, and Personality, vol. 2, p. 797 (Ellen Gould White)",
    "element_type": "h3",
    "element_subtype": "",
    "content": "Chapter 89&mdash;Positive Influences on the Mind",
    "puborder": 1521,
    "translations": [
      {
        "para_id": "786.1977",
        "lang": "de",
        "refcode": "ICP2 406"
      },
      {
        "para_id": "204.2338",
        "lang": "es",
        "refcode": "2MCP89 828"
      },
      {
        "para_id": "1771.3250",
        "lang": "es",
        "refcode": "2MCP 437"
      },
      {
        "para_id": "518.2305",
        "lang": "fr",
        "refcode": "EMS2 828"
      },
      {
        "para_id": "12885.2142",
        "lang": "pl",
        "refcode": "UCO2 375"
      },
      {
        "para_id": "1953.3330",
        "lang": "pt",
        "refcode": "MCP2 797"
      },
      {
        "para_id": "2670.2221",
        "lang": "ro",
        "refcode": "2MCP 797"
      },
      {
        "para_id": "1823.2238",
        "lang": "ru",
        "refcode": "2РХЛ 797"
      },
      {
        "para_id": "14000.3854",
        "lang": "sr",
        "refcode": "УКЛ 673"
      }
    ]
  },
  {
    "para_id": "78.2204",
    "id_prev": "78.2203",
    "id_next": "78.2205",
    "refcode_1": "2MCP",
    "refcode_2": "797",
    "refcode_3": "1",
    "refcode_4": "",
    "refcode_short": "2MCP 797.1",
    "refcode_long": "Mind, Character, and Personality, vol. 2, p. 797.1 (Ellen Gould White)",
    "element_type": "p",
    "element_subtype": "standard-indented",
    "content": "<strong>Gratitude Promotes Health</strong>&mdash;Nothing tends more to promote health of body and of soul than does a spirit of gratitude and praise. It is a positive duty to resist melancholy, discontented thoughts and feelings&mdash;as much a duty as it is to pray.&mdash;<span class=\"egwlink egwlink_book\" title=\"MH 251.1\" data-link=\"135.1246\">The Ministry of Healing, 251 (1905)</span>.",
    "puborder": 1522,
    "translations": [
      {
        "para_id": "786.1978",
        "lang": "de",
        "refcode": "ICP2 406.1"
      },
      {
        "para_id": "1771.3252",
        "lang": "es",
        "refcode": "2MCP 437.1"
      },
      {
        "para_id": "1771.3251",
        "lang": "es",
        "refcode": "2MCP 437"
      },
      {
        "para_id": "204.2339",
        "lang": "es",
        "refcode": "2MCP89 828.1"
      },
      {
        "para_id": "518.2306",
        "lang": "fr",
        "refcode": "EMS2 828.1"
      },
      {
        "para_id": "12885.2143",
        "lang": "pl",
        "refcode": "UCO2 375.1"
      },
      {
        "para_id": "1953.3331",
        "lang": "pt",
        "refcode": "MCP2 797"
      },
      {
        "para_id": "1953.3332",
        "lang": "pt",
        "refcode": "MCP2 797.1"
      },
      {
        "para_id": "2670.2222",
        "lang": "ro",
        "refcode": "2MCP 797.1"
      },
      {
        "para_id": "1823.2239",
        "lang": "ru",
        "refcode": "2РХЛ 797.1"
      },
      {
        "para_id": "14000.3855",
        "lang": "sr",
        "refcode": "УКЛ 673.1"
      }
    ]
  },
  {
    "para_id": "78.2205",
    "id_prev": "78.2204",
    "id_next": "78.2206",
    "refcode_1": "2MCP",
    "refcode_2": "797",
    "refcode_3": "2",
    "refcode_4": "",
    "refcode_short": "2MCP 797.2",
    "refcode_long": "Mind, Character, and Personality, vol. 2, p. 797.2 (Ellen Gould White)",
    "element_type": "p",
    "element_subtype": "standard-indented",
    "content": "<strong>Owners of Mental and Physical Capabilities</strong>&mdash;How natural it is to regard ourselves as complete owners of ourselves! But the Inspired Word declares, &ldquo;Ye are not your own.... Ye are bought with a price&rdquo; (<span class=\"egwlink egwlink_bible\" title=\"1 Corinthians 6:19\" data-link=\"1965.58089\">1 Corinthians 6:19, 20</span>).... In our relation to our fellowmen we are owners of our entrusted mental and physical capabilities. In our relation to God we are borrowers, stewards of His grace.&mdash;<span class=\"egwlink egwlink_book\" title=\"Lt 44, 1900\" data-link=\"14065.7891001\">Letter 44, 1900</span>. (<span class=\"egwlink egwlink_book\" title=\"OHC 40.1\" data-link=\"81.252\">Our High Calling, 40</span>.)",
    "puborder": 1523,
    "translations": [
      {
        "para_id": "786.1979",
        "lang": "de",
        "refcode": "ICP2 406.2"
      },
      {
        "para_id": "1771.3253",
        "lang": "es",
        "refcode": "2MCP 437"
      },
      {
        "para_id": "1771.3254",
        "lang": "es",
        "refcode": "2MCP 437.2"
      },
      {
        "para_id": "204.2340",
        "lang": "es",
        "refcode": "2MCP89 828.2"
      },
      {
        "para_id": "518.2307",
        "lang": "fr",
        "refcode": "EMS2 828.2"
      },
      {
        "para_id": "12885.2144",
        "lang": "pl",
        "refcode": "UCO2 375.2"
      },
      {
        "para_id": "1953.3334",
        "lang": "pt",
        "refcode": "MCP2 797.2"
      },
      {
        "para_id": "1953.3333",
        "lang": "pt",
        "refcode": "MCP2 797"
      },
      {
        "para_id": "2670.2223",
        "lang": "ro",
        "refcode": "2MCP 797.2"
      },
      {
        "para_id": "1823.2240",
        "lang": "ru",
        "refcode": "2РХЛ 797.2"
      },
      {
        "para_id": "14000.3856",
        "lang": "sr",
        "refcode": "УКЛ 673.2"
      }
    ]
  },
  {
    "para_id": "78.2206",
    "id_prev": "78.2205",
    "id_next": "78.2208",
    "refcode_1": "2MCP",
    "refcode_2": "797",
    "refcode_3": "3",
    "refcode_4": "",
    "refcode_short": "2MCP 797.3",
    "refcode_long": "Mind, Character, and Personality, vol. 2, p. 797.3 (Ellen Gould White)",
    "element_type": "p",
    "element_subtype": "standard-indented",
    "content": "<strong>Aim to Reach a State of Unity</strong>&mdash;It is the will of God that union and brotherly love should exist among His people. The prayer of Christ just before His crucifixion was that His disciples might be one as He is one with the Father, that the world might believe that God had sent Him. This most touching and wonderful prayer reaches down the ages, even to our day; for His words were, &ldquo;Neither pray I for these alone, but for them also which shall believe on Me through their word&rdquo; (<span class=\"egwlink egwlink_bible\" title=\"John 17:20\" data-link=\"1965.54618\">John 17:20</span>).",
    "puborder": 1524,
    "translations": [
      {
        "para_id": "786.1980",
        "lang": "de",
        "refcode": "ICP2 406.3"
      },
      {
        "para_id": "1771.3256",
        "lang": "es",
        "refcode": "2MCP 437.3"
      },
      {
        "para_id": "204.2341",
        "lang": "es",
        "refcode": "2MCP89 828.3"
      },
      {
        "para_id": "1771.3255",
        "lang": "es",
        "refcode": "2MCP 437"
      },
      {
        "para_id": "518.2308",
        "lang": "fr",
        "refcode": "EMS2 828.3"
      },
      {
        "para_id": "12885.2145",
        "lang": "pl",
        "refcode": "UCO2 375.3"
      },
      {
        "para_id": "1953.3336",
        "lang": "pt",
        "refcode": "MCP2 797.3"
      },
      {
        "para_id": "1953.3335",
        "lang": "pt",
        "refcode": "MCP2 797"
      },
      {
        "para_id": "2670.2224",
        "lang": "ro",
        "refcode": "2MCP 797.3"
      },
      {
        "para_id": "1823.2241",
        "lang": "ru",
        "refcode": "2РХЛ 797.3"
      },
      {
        "para_id": "14000.3857",
        "lang": "sr",
        "refcode": "УКЛ 673.3"
      }
    ]
  },
  {
    "para_id": "78.2208",
    "id_prev": "78.2206",
    "id_next": "78.2209",
    "refcode_1": "2MCP",
    "refcode_2": "798",
    "refcode_3": "1",
    "refcode_4": "",
    "refcode_short": "2MCP 798.1",
    "refcode_long": "Mind, Character, and Personality, vol. 2, p. 798.1 (Ellen Gould White)",
    "element_type": "p",
    "element_subtype": "standard-indented",
    "content": "While we are not to sacrifice one principle of truth, it should be our constant aim to reach this state of unity. This is the evidence of our discipleship. Said Jesus, &ldquo;By this shall all men know that ye are My disciples, if ye have love one to another&rdquo; (<span class=\"egwlink egwlink_bible\" title=\"John 13:35\" data-link=\"1965.54386\">John 13:35</span>). The apostle Peter exhorts the church, &ldquo;Be ye all of one mind, having compassion one of another; love as brethren&rdquo; (<span class=\"egwlink egwlink_bible\" title=\"1 Peter 3:8\" data-link=\"1965.62081\">1 Peter 3:8</span>).&mdash;<span class=\"egwlink egwlink_book\" title=\"PP 520.1\" data-link=\"84.2410\">Patriarchs and Prophets, 520 (1890)</span>.",
    "puborder": 1525,
    "translations": [
      {
        "para_id": "786.1982",
        "lang": "de",
        "refcode": "ICP2 407.1"
      },
      {
        "para_id": "1771.3259",
        "lang": "es",
        "refcode": "2MCP 438.1"
      },
      {
        "para_id": "204.2344",
        "lang": "es",
        "refcode": "2MCP89 829.1"
      },
      {
        "para_id": "518.2311",
        "lang": "fr",
        "refcode": "EMS2 829.1"
      },
      {
        "para_id": "12885.2145",
        "lang": "pl",
        "refcode": "UCO2 375.3"
      },
      {
        "para_id": "1953.3338",
        "lang": "pt",
        "refcode": "MCP2 798.1"
      },
      {
        "para_id": "2670.2226",
        "lang": "ro",
        "refcode": "2MCP 798.1"
      },
      {
        "para_id": "1823.2241",
        "lang": "ru",
        "refcode": "2РХЛ 797.3"
      },
      {
        "para_id": "14000.3858",
        "lang": "sr",
        "refcode": "УКЛ 673.4"
      }
    ]
  },
  {
    "para_id": "78.2209",
    "id_prev": "78.2208",
    "id_next": "78.2210",
    "refcode_1": "2MCP",
    "refcode_2": "798",
    "refcode_3": "2",
    "refcode_4": "",
    "refcode_short": "2MCP 798.2",
    "refcode_long": "Mind, Character, and Personality, vol. 2, p. 798.2 (Ellen Gould White)",
    "element_type": "p",
    "element_subtype": "standard-indented",
    "content": "<strong>Extract the Positive From Environment</strong>&mdash;You have all seen on the bosom of the lake the beautiful white lily. How anxious we have been, how we have wished and worked that we might get that blossom. No matter how much scum and debris and filth there is around it, yet that does not destroy your desire for the lily. We wonder how the lily can be so beautiful and white where there is so much filth.",
    "puborder": 1526,
    "translations": [
      {
        "para_id": "786.1983",
        "lang": "de",
        "refcode": "ICP2 407.2"
      },
      {
        "para_id": "1771.3261",
        "lang": "es",
        "refcode": "2MCP 438.2"
      },
      {
        "para_id": "204.2345",
        "lang": "es",
        "refcode": "2MCP89 829.2"
      },
      {
        "para_id": "1771.3260",
        "lang": "es",
        "refcode": "2MCP 438"
      },
      {
        "para_id": "518.2312",
        "lang": "fr",
        "refcode": "EMS2 829.2"
      },
      {
        "para_id": "12885.2146",
        "lang": "pl",
        "refcode": "UCO2 375.4"
      },
      {
        "para_id": "1953.3339",
        "lang": "pt",
        "refcode": "MCP2 798"
      },
      {
        "para_id": "1953.3340",
        "lang": "pt",
        "refcode": "MCP2 798.2"
      },
      {
        "para_id": "2670.2227",
        "lang": "ro",
        "refcode": "2MCP 798.2"
      },
      {
        "para_id": "1823.2244",
        "lang": "ru",
        "refcode": "2РХЛ 798.1"
      },
      {
        "para_id": "14000.3860",
        "lang": "sr",
        "refcode": "УКЛ 674.1"
      }
    ]
  },
  {
    "para_id": "78.2210",
    "id_prev": "78.2209",
    "id_next": "78.2211",
    "refcode_1": "2MCP",
    "refcode_2": "798",
    "refcode_3": "3",
    "refcode_4": "",
    "refcode_short": "2MCP 798.3",
    "refcode_long": "Mind, Character, and Personality, vol. 2, p. 798.3 (Ellen Gould White)",
    "element_type": "p",
    "element_subtype": "standard-indented",
    "content": "Well, there is a stem that strikes down to the golden sands beneath and gathers nothing but the purest substance that feeds the lily until it develops into the pure and spotless flower, as we see it. Should not this teach us a lesson? It ought to. It shows that although there is iniquity all around us we should not approach it. Do not talk of the iniquity and wickedness that are in the world but elevate your minds and talk of your Saviour. When you see iniquity all around you, it makes you all the more glad that He is your Saviour and we are His children.",
    "puborder": 1527,
    "translations": [
      {
        "para_id": "786.1984",
        "lang": "de",
        "refcode": "ICP2 407.3"
      },
      {
        "para_id": "1771.3262",
        "lang": "es",
        "refcode": "2MCP 438.3"
      },
      {
        "para_id": "204.2346",
        "lang": "es",
        "refcode": "2MCP89 829.3"
      },
      {
        "para_id": "518.2313",
        "lang": "fr",
        "refcode": "EMS2 829.3"
      },
      {
        "para_id": "12885.2149",
        "lang": "pl",
        "refcode": "UCO2 376.1"
      },
      {
        "para_id": "1953.3341",
        "lang": "pt",
        "refcode": "MCP2 798.3"
      },
      {
        "para_id": "2670.2228",
        "lang": "ro",
        "refcode": "2MCP 798.3"
      },
      {
        "para_id": "1823.2245",
        "lang": "ru",
        "refcode": "2РХЛ 798.2"
      },
      {
        "para_id": "14000.3861",
        "lang": "sr",
        "refcode": "УКЛ 674.2"
      }
    ]
  },
  {
    "para_id": "78.2211",
    "id_prev": "78.2210",
    "id_next": "78.2212",
    "refcode_1": "2MCP",
    "refcode_2": "798",
    "refcode_3": "4",
    "refcode_4": "",
    "refcode_short": "2MCP 798.4",
    "refcode_long": "Mind, Character, and Personality, vol. 2, p. 798.4 (Ellen Gould White)",
    "element_type": "p",
    "element_subtype": "standard-indented",
    "content": "Then shall we look at the iniquity around us and dwell upon the dark side? You cannot cure it; then talk of something that is higher, better, and more noble. Talk of those things that will leave a good impression on the mind, and it will lift every soul up out of this iniquity into light beyond.&mdash;<span class=\"egwlink egwlink_book\" title=\"Ms 7, 1888\" data-link=\"14055.4215001\">Manuscript 7, 1888</span>.",
    "puborder": 1528,
    "translations": [
      {
        "para_id": "786.1985",
        "lang": "de",
        "refcode": "ICP2 407.4"
      },
      {
        "para_id": "204.2347",
        "lang": "es",
        "refcode": "2MCP89 829.4"
      },
      {
        "para_id": "1771.3263",
        "lang": "es",
        "refcode": "2MCP 438.4"
      },
      {
        "para_id": "518.2314",
        "lang": "fr",
        "refcode": "EMS2 829.4"
      },
      {
        "para_id": "12885.2150",
        "lang": "pl",
        "refcode": "UCO2 376.2"
      },
      {
        "para_id": "1953.3342",
        "lang": "pt",
        "refcode": "MCP2 798.4"
      },
      {
        "para_id": "2670.2229",
        "lang": "ro",
        "refcode": "2MCP 798.4"
      },
      {
        "para_id": "1823.2246",
        "lang": "ru",
        "refcode": "2РХЛ 798.3"
      },
      {
        "para_id": "14000.3862",
        "lang": "sr",
        "refcode": "УКЛ 674.3"
      }
    ]
  },
  {
    "para_id": "78.2212",
    "id_prev": "78.2211",
    "id_next": "78.2215",
    "refcode_1": "2MCP",
    "refcode_2": "798",
    "refcode_3": "5",
    "refcode_4": "",
    "refcode_short": "2MCP 798.5",
    "refcode_long": "Mind, Character, and Personality, vol. 2, p. 798.5 (Ellen Gould White)",
    "element_type": "p",
    "element_subtype": "standard-indented",
    "content": "<strong>Counting One&apos;s Blessings</strong>&mdash;If all the misdirected energies were devoted to the one great object&mdash;the rich provisions of the grace of God in this life&mdash;what testimonials we could hang in memory&apos;s halls, recounting the <span class=\"page-break\" data-page=\"799\"></span> mercies and favors of God! ... Then the habit would be carried with us as an abiding principle to accumulate spiritual treasures as earnestly and perseveringly as the worldly aspirants labor for the earthly and temporal things.",
    "puborder": 1529,
    "translations": [
      {
        "para_id": "786.1986",
        "lang": "de",
        "refcode": "ICP2 407.5"
      },
      {
        "para_id": "1771.3265",
        "lang": "es",
        "refcode": "2MCP 439"
      },
      {
        "para_id": "204.2350",
        "lang": "es",
        "refcode": "2MCP89 830.1"
      },
      {
        "para_id": "1771.3266",
        "lang": "es",
        "refcode": "2MCP 439.1"
      },
      {
        "para_id": "518.2317",
        "lang": "fr",
        "refcode": "EMS2 830.1"
      },
      {
        "para_id": "12885.2151",
        "lang": "pl",
        "refcode": "UCO2 376.3"
      },
      {
        "para_id": "1953.3344",
        "lang": "pt",
        "refcode": "MCP2 798.5"
      },
      {
        "para_id": "1953.3343",
        "lang": "pt",
        "refcode": "MCP2 798"
      },
      {
        "para_id": "2670.2230",
        "lang": "ro",
        "refcode": "2MCP 798.5"
      },
      {
        "para_id": "1823.2247",
        "lang": "ru",
        "refcode": "2РХЛ 798.4"
      },
      {
        "para_id": "14000.3863",
        "lang": "sr",
        "refcode": "УКЛ 674.4"
      }
    ]
  },
  {
    "para_id": "78.2215",
    "id_prev": "78.2212",
    "id_next": "78.2216",
    "refcode_1": "2MCP",
    "refcode_2": "799",
    "refcode_3": "1",
    "refcode_4": "",
    "refcode_short": "2MCP 799.1",
    "refcode_long": "Mind, Character, and Personality, vol. 2, p. 799.1 (Ellen Gould White)",
    "element_type": "p",
    "element_subtype": "standard-indented",
    "content": "You may well be dissatisfied with the present supply when the Lord has a heaven of blessedness and a treasure house of good and gracious things to supply the necessities of the soul. Today we want more grace, today we want a renewal of God&apos;s love and tokens of His goodness, and He will not withhold these good and heavenly treasures from the true seeker.&mdash;<span class=\"egwlink egwlink_book\" title=\"Ms 22, 1889\" data-link=\"14056.4537001\">Manuscript 22, 1889</span>. (<span class=\"egwlink egwlink_book\" title=\"OHC 188.1\" data-link=\"81.1306\">Our High Calling, 188</span>.)",
    "puborder": 1530,
    "translations": [
      {
        "para_id": "786.1988",
        "lang": "de",
        "refcode": "ICP2 408.1"
      },
      {
        "para_id": "1771.3267",
        "lang": "es",
        "refcode": "2MCP 439.2"
      },
      {
        "para_id": "204.2351",
        "lang": "es",
        "refcode": "2MCP89 830.2"
      },
      {
        "para_id": "518.2318",
        "lang": "fr",
        "refcode": "EMS2 830.2"
      },
      {
        "para_id": "12885.2152",
        "lang": "pl",
        "refcode": "UCO2 376.4"
      },
      {
        "para_id": "1953.3347",
        "lang": "pt",
        "refcode": "MCP2 799.1"
      },
      {
        "para_id": "2670.2233",
        "lang": "ro",
        "refcode": "2MCP 799.1"
      },
      {
        "para_id": "1823.2250",
        "lang": "ru",
        "refcode": "2РХЛ 799.1"
      },
      {
        "para_id": "14000.3864",
        "lang": "sr",
        "refcode": "УКЛ 674.5"
      }
    ]
  },
  {
    "para_id": "78.2216",
    "id_prev": "78.2215",
    "id_next": "78.2217",
    "refcode_1": "2MCP",
    "refcode_2": "799",
    "refcode_3": "2",
    "refcode_4": "",
    "refcode_short": "2MCP 799.2",
    "refcode_long": "Mind, Character, and Personality, vol. 2, p. 799.2 (Ellen Gould White)",
    "element_type": "p",
    "element_subtype": "standard-indented",
    "content": "<strong>Returns to Correspond to Gifts</strong>&mdash;Every servant has some trust for which he is responsible, and the varied trusts are proportioned to our varied capabilities. In dispensing His gifts, God has not dealt with partiality. He has distributed the talents according to the known powers of His servants, and He expects corresponding returns.&mdash;<span class=\"egwlink egwlink_book\" title=\"2T 282.1\" data-link=\"120.1211\">Testimonies for the Church 2:282 (1869)</span>.",
    "puborder": 1531,
    "translations": [
      {
        "para_id": "786.1989",
        "lang": "de",
        "refcode": "ICP2 408.2"
      },
      {
        "para_id": "1771.3268",
        "lang": "es",
        "refcode": "2MCP 439"
      },
      {
        "para_id": "204.2352",
        "lang": "es",
        "refcode": "2MCP89 830.3"
      },
      {
        "para_id": "1771.3269",
        "lang": "es",
        "refcode": "2MCP 439.3"
      },
      {
        "para_id": "518.2319",
        "lang": "fr",
        "refcode": "EMS2 830.3"
      },
      {
        "para_id": "12885.2153",
        "lang": "pl",
        "refcode": "UCO2 376.5"
      },
      {
        "para_id": "1953.3349",
        "lang": "pt",
        "refcode": "MCP2 799.2"
      },
      {
        "para_id": "1953.3348",
        "lang": "pt",
        "refcode": "MCP2 799"
      },
      {
        "para_id": "2670.2234",
        "lang": "ro",
        "refcode": "2MCP 799.2"
      },
      {
        "para_id": "1823.2251",
        "lang": "ru",
        "refcode": "2РХЛ 799.2"
      },
      {
        "para_id": "14000.3865",
        "lang": "sr",
        "refcode": "УКЛ 674.6"
      }
    ]
  },
  {
    "para_id": "78.2217",
    "id_prev": "78.2216",
    "id_next": "78.2218",
    "refcode_1": "2MCP",
    "refcode_2": "799",
    "refcode_3": "3",
    "refcode_4": "",
    "refcode_short": "2MCP 799.3",
    "refcode_long": "Mind, Character, and Personality, vol. 2, p. 799.3 (Ellen Gould White)",
    "element_type": "p",
    "element_subtype": "standard-indented",
    "content": "<strong>To Understand Proper Use of Mental and Physical Capabilities</strong>&mdash;Time is to be used judiciously, earnestly, and under the sanctification of the Holy Spirit. We are to understand just what is right and what is wrong to do with property and with mental and physical capabilities. God has a positive ownership of every power He has committed to the human agent. By His own wisdom He makes the terms of man&apos;s use of every gift of God. He will bless the proper use of every power put forth for His own name&apos;s glory.",
    "puborder": 1532,
    "translations": [
      {
        "para_id": "786.1990",
        "lang": "de",
        "refcode": "ICP2 408.3"
      },
      {
        "para_id": "204.2353",
        "lang": "es",
        "refcode": "2MCP89 830.4"
      },
      {
        "para_id": "1771.3271",
        "lang": "es",
        "refcode": "2MCP 439.4"
      },
      {
        "para_id": "1771.3270",
        "lang": "es",
        "refcode": "2MCP 439"
      },
      {
        "para_id": "518.2320",
        "lang": "fr",
        "refcode": "EMS2 830.4"
      },
      {
        "para_id": "12885.2155",
        "lang": "pl",
        "refcode": "UCO2 377.1"
      },
      {
        "para_id": "1953.3350",
        "lang": "pt",
        "refcode": "MCP2 799"
      },
      {
        "para_id": "1953.3351",
        "lang": "pt",
        "refcode": "MCP2 799.3"
      },
      {
        "para_id": "2670.2235",
        "lang": "ro",
        "refcode": "2MCP 799.3"
      },
      {
        "para_id": "1823.2252",
        "lang": "ru",
        "refcode": "2РХЛ 799.3"
      },
      {
        "para_id": "14000.3868",
        "lang": "sr",
        "refcode": "УКЛ 675.1"
      }
    ]
  },
  {
    "para_id": "78.2218",
    "id_prev": "78.2217",
    "id_next": "78.2220",
    "refcode_1": "2MCP",
    "refcode_2": "799",
    "refcode_3": "4",
    "refcode_4": "",
    "refcode_short": "2MCP 799.4",
    "refcode_long": "Mind, Character, and Personality, vol. 2, p. 799.4 (Ellen Gould White)",
    "element_type": "p",
    "element_subtype": "standard-indented",
    "content": "The talent of speech, of memory, of property&mdash;all are to accumulate for the glory of God, to advance His kingdom. God has left us in charge of His goods in His absence. Each steward has his own special work to do in advancing God&apos;s kingdom. Not one is excused.&mdash;<span class=\"egwlink egwlink_book\" title=\"Lt 44, 1900\" data-link=\"14065.7891001\">Letter 44, 1900</span>. (<span class=\"egwlink egwlink_book\" title=\"OHC 40.1\" data-link=\"81.252\">Our High Calling, 40</span>.)",
    "puborder": 1533,
    "translations": [
      {
        "para_id": "786.1991",
        "lang": "de",
        "refcode": "ICP2 408.4"
      },
      {
        "para_id": "204.2353",
        "lang": "es",
        "refcode": "2MCP89 830.4"
      },
      {
        "para_id": "1771.3271",
        "lang": "es",
        "refcode": "2MCP 439.4"
      },
      {
        "para_id": "518.2323",
        "lang": "fr",
        "refcode": "EMS2 831.1"
      },
      {
        "para_id": "12885.2156",
        "lang": "pl",
        "refcode": "UCO2 377.2"
      },
      {
        "para_id": "1953.3352",
        "lang": "pt",
        "refcode": "MCP2 799.4"
      },
      {
        "para_id": "2670.2236",
        "lang": "ro",
        "refcode": "2MCP 799.4"
      },
      {
        "para_id": "1823.2253",
        "lang": "ru",
        "refcode": "2РХЛ 799.4"
      },
      {
        "para_id": "14000.3869",
        "lang": "sr",
        "refcode": "УКЛ 675.2"
      }
    ]
  },
  {
    "para_id": "78.2220",
    "id_prev": "78.2218",
    "id_next": "78.2221",
    "refcode_1": "2MCP",
    "refcode_2": "800",
    "refcode_3": "1",
    "refcode_4": "",
    "refcode_short": "2MCP 800.1",
    "refcode_long": "Mind, Character, and Personality, vol. 2, p. 800.1 (Ellen Gould White)",
    "element_type": "p",
    "element_subtype": "standard-indented",
    "content": "<strong>God Gives Talents, Man Cultivates the Mind</strong>&mdash;We are to cultivate the talents given us by God. They are His gifts and are to be used in their right relation to each other so as to make a perfect whole. God gives the talents, the powers of the mind; man makes the character. The mind is the Lord&apos;s garden, and man must cultivate it earnestly in order to form a character after the divine similitude.&mdash;<span class=\"egwlink egwlink_book\" title=\"Lt 73, 1899\" data-link=\"14064.6468001\">Letter 73, 1899</span>. (<span class=\"egwlink egwlink_book\" title=\"OHC 106.1\" data-link=\"81.725\">Our High Calling, 106</span>.)",
    "puborder": 1534,
    "translations": [
      {
        "para_id": "786.1992",
        "lang": "de",
        "refcode": "ICP2 408.5"
      },
      {
        "para_id": "204.2356",
        "lang": "es",
        "refcode": "2MCP89 831.1"
      },
      {
        "para_id": "1771.3273",
        "lang": "es",
        "refcode": "2MCP 439.5"
      },
      {
        "para_id": "1771.3272",
        "lang": "es",
        "refcode": "2MCP 439"
      },
      {
        "para_id": "518.2324",
        "lang": "fr",
        "refcode": "EMS2 831.2"
      },
      {
        "para_id": "12885.2157",
        "lang": "pl",
        "refcode": "UCO2 377.3"
      },
      {
        "para_id": "1953.3354",
        "lang": "pt",
        "refcode": "MCP2 800"
      },
      {
        "para_id": "1953.3355",
        "lang": "pt",
        "refcode": "MCP2 800.1"
      },
      {
        "para_id": "2670.2238",
        "lang": "ro",
        "refcode": "2MCP 800.1"
      },
      {
        "para_id": "1823.2254",
        "lang": "ru",
        "refcode": "2РХЛ 799.5"
      },
      {
        "para_id": "14000.3870",
        "lang": "sr",
        "refcode": "УКЛ 675.3"
      }
    ]
  },
  {
    "para_id": "78.2221",
    "id_prev": "78.2220",
    "id_next": "78.2222",
    "refcode_1": "2MCP",
    "refcode_2": "800",
    "refcode_3": "2",
    "refcode_4": "",
    "refcode_short": "2MCP 800.2",
    "refcode_long": "Mind, Character, and Personality, vol. 2, p. 800.2 (Ellen Gould White)",
    "element_type": "p",
    "element_subtype": "standard-indented",
    "content": "<strong>Inability Produced by Inactivity</strong>&mdash;Many who excuse themselves from Christian effort plead their inability for the work. But did God make them so incapable? No, never. This inability has been produced by their own inactivity and perpetuated by their deliberate choice. Already, in their own characters, they are realizing the result of the sentence, &ldquo;Take therefore the talent from him.&rdquo;",
    "puborder": 1535,
    "translations": [
      {
        "para_id": "786.1995",
        "lang": "de",
        "refcode": "ICP2 409.1"
      },
      {
        "para_id": "204.2357",
        "lang": "es",
        "refcode": "2MCP89 831.2"
      },
      {
        "para_id": "1771.3276",
        "lang": "es",
        "refcode": "2MCP 440"
      },
      {
        "para_id": "1771.3277",
        "lang": "es",
        "refcode": "2MCP 440.1"
      },
      {
        "para_id": "518.2325",
        "lang": "fr",
        "refcode": "EMS2 831.3"
      },
      {
        "para_id": "12885.2158",
        "lang": "pl",
        "refcode": "UCO2 377.4"
      },
      {
        "para_id": "1953.3357",
        "lang": "pt",
        "refcode": "MCP2 800.2"
      },
      {
        "para_id": "1953.3356",
        "lang": "pt",
        "refcode": "MCP2 800"
      },
      {
        "para_id": "2670.2239",
        "lang": "ro",
        "refcode": "2MCP 800.2"
      },
      {
        "para_id": "1823.2257",
        "lang": "ru",
        "refcode": "2РХЛ 800.1"
      },
      {
        "para_id": "14000.3871",
        "lang": "sr",
        "refcode": "УКЛ 675.4"
      }
    ]
  },
  {
    "para_id": "78.2222",
    "id_prev": "78.2221",
    "id_next": "78.2223",
    "refcode_1": "2MCP",
    "refcode_2": "800",
    "refcode_3": "3",
    "refcode_4": "",
    "refcode_short": "2MCP 800.3",
    "refcode_long": "Mind, Character, and Personality, vol. 2, p. 800.3 (Ellen Gould White)",
    "element_type": "p",
    "element_subtype": "standard-indented",
    "content": "The continual misuse of their talents will effectually quench for them the Holy Spirit, which is the only light. The sentence, &ldquo;Cast ye the unprofitable servant into outer darkness&rdquo; (<span class=\"egwlink egwlink_bible\" title=\"Matthew 25:30\" data-link=\"1965.49073\">Matthew 25:30</span>), sets Heaven&apos;s seal to the choice which they themselves have made for eternity.&mdash;<span class=\"egwlink egwlink_book\" title=\"COL 365.1\" data-link=\"15.1639\">Christ&apos;s Object Lessons, 365 (1900)</span>.",
    "puborder": 1536,
    "translations": [
      {
        "para_id": "786.1996",
        "lang": "de",
        "refcode": "ICP2 409.2"
      },
      {
        "para_id": "1771.3278",
        "lang": "es",
        "refcode": "2MCP 440.2"
      },
      {
        "para_id": "204.2358",
        "lang": "es",
        "refcode": "2MCP89 831.3"
      },
      {
        "para_id": "518.2326",
        "lang": "fr",
        "refcode": "EMS2 831.4"
      },
      {
        "para_id": "12885.2159",
        "lang": "pl",
        "refcode": "UCO2 377.5"
      },
      {
        "para_id": "1953.3358",
        "lang": "pt",
        "refcode": "MCP2 800.3"
      },
      {
        "para_id": "2670.2240",
        "lang": "ro",
        "refcode": "2MCP 800.3"
      },
      {
        "para_id": "1823.2258",
        "lang": "ru",
        "refcode": "2РХЛ 800.2"
      },
      {
        "para_id": "14000.3872",
        "lang": "sr",
        "refcode": "УКЛ 675.5"
      }
    ]
  },
  {
    "para_id": "78.2223",
    "id_prev": "78.2222",
    "id_next": "78.2225",
    "refcode_1": "2MCP",
    "refcode_2": "800",
    "refcode_3": "4",
    "refcode_4": "",
    "refcode_short": "2MCP 800.4",
    "refcode_long": "Mind, Character, and Personality, vol. 2, p. 800.4 (Ellen Gould White)",
    "element_type": "p",
    "element_subtype": "standard-indented",
    "content": "<strong>To Be a Blending of Diverse Elements</strong>&mdash;Unity in diversity is God&apos;s plan. Among the followers of Christ there is to be the blending of diverse elements, one adapted to the other, and each to do its special work for God. Every individual has his place in the filling up of one great plan bearing the stamp of Christ&apos;s image.... One is fitted to do a certain work, another has a different work for which he is adapted, another has a still different line; but each is to be the complement of the others. The Spirit of God, working in and through the diverse elements, will produce harmony of action.... There is to be only one master spirit&mdash;the Spirit of Him who is infinite in wisdom, and in whom all the diverse elements meet in beautiful, matchless unity.&mdash;<span class=\"egwlink egwlink_book\" title=\"Lt 78, 1894\" data-link=\"14059.5060001\">Letter 78, 1894</span>. (<span class=\"egwlink egwlink_book\" title=\"OHC 169.1\" data-link=\"81.1171\">Our High Calling, 169</span>.)",
    "puborder": 1537,
    "translations": [
      {
        "para_id": "786.1998",
        "lang": "de",
        "refcode": "ICP2 409.4"
      },
      {
        "para_id": "786.1997",
        "lang": "de",
        "refcode": "ICP2 409.3"
      },
      {
        "para_id": "204.2359",
        "lang": "es",
        "refcode": "2MCP89 831.4"
      },
      {
        "para_id": "1771.3279",
        "lang": "es",
        "refcode": "2MCP 440"
      },
      {
        "para_id": "1771.3280",
        "lang": "es",
        "refcode": "2MCP 440.3"
      },
      {
        "para_id": "518.2327",
        "lang": "fr",
        "refcode": "EMS2 831.5"
      },
      {
        "para_id": "12885.2160",
        "lang": "pl",
        "refcode": "UCO2 377.6"
      },
      {
        "para_id": "1953.3359",
        "lang": "pt",
        "refcode": "MCP2 800"
      },
      {
        "para_id": "1953.3360",
        "lang": "pt",
        "refcode": "MCP2 800.4"
      },
      {
        "para_id": "2670.2241",
        "lang": "ro",
        "refcode": "2MCP 800.4"
      },
      {
        "para_id": "1823.2259",
        "lang": "ru",
        "refcode": "2РХЛ 800.3"
      },
      {
        "para_id": "14000.3873",
        "lang": "sr",
        "refcode": "УКЛ 675.6"
      }
    ]
  },
  {
    "para_id": "78.2225",
    "id_prev": "78.2223",
    "id_next": "78.2226",
    "refcode_1": "2MCP",
    "refcode_2": "801",
    "refcode_3": "1",
    "refcode_4": "",
    "refcode_short": "2MCP 801.1",
    "refcode_long": "Mind, Character, and Personality, vol. 2, p. 801.1 (Ellen Gould White)",
    "element_type": "p",
    "element_subtype": "standard-indented",
    "content": "<strong>The Heart Revealed in the Character</strong>&mdash;Whatever we are at heart will be revealed in character and will have an influence on all those with whom we associate. Our words, our actions, are a savor of life unto life or of death unto death. And in the judgment we shall be brought face-to-face with those whom we might have helped in right, safe paths by choice words, by counsel, if we had daily connection with God and a living, abiding interest in the saving of their souls.&mdash;<span class=\"egwlink egwlink_book\" title=\"Lt 27, 1892\" data-link=\"14057.5156001\">Letter 27, 1892</span>. (<span class=\"egwlink egwlink_book\" title=\"OHC 241.1\" data-link=\"81.1696\">Our High Calling, 241</span>.)",
    "puborder": 1538,
    "translations": [
      {
        "para_id": "786.2000",
        "lang": "de",
        "refcode": "ICP2 410.1"
      },
      {
        "para_id": "204.2362",
        "lang": "es",
        "refcode": "2MCP89 832.1"
      },
      {
        "para_id": "1771.3282",
        "lang": "es",
        "refcode": "2MCP 440.4"
      },
      {
        "para_id": "1771.3281",
        "lang": "es",
        "refcode": "2MCP 440"
      },
      {
        "para_id": "518.2330",
        "lang": "fr",
        "refcode": "EMS2 832.1"
      },
      {
        "para_id": "12885.2163",
        "lang": "pl",
        "refcode": "UCO2 378.1"
      },
      {
        "para_id": "1953.3363",
        "lang": "pt",
        "refcode": "MCP2 801.1"
      },
      {
        "para_id": "1953.3362",
        "lang": "pt",
        "refcode": "MCP2 801"
      },
      {
        "para_id": "2670.2243",
        "lang": "ro",
        "refcode": "2MCP 801.1"
      },
      {
        "para_id": "1823.2260",
        "lang": "ru",
        "refcode": "2РХЛ 800.4"
      },
      {
        "para_id": "14000.3876",
        "lang": "sr",
        "refcode": "УКЛ 676.1"
      }
    ]
  },
  {
    "para_id": "78.2226",
    "id_prev": "78.2225",
    "id_next": "78.2227",
    "refcode_1": "2MCP",
    "refcode_2": "801",
    "refcode_3": "2",
    "refcode_4": "",
    "refcode_short": "2MCP 801.2",
    "refcode_long": "Mind, Character, and Personality, vol. 2, p. 801.2 (Ellen Gould White)",
    "element_type": "p",
    "element_subtype": "standard-indented",
    "content": "<strong>Electric Power on Other Minds (counsel to a lethargic man)</strong>&mdash;You should cultivate energy of character, for the example of an energetic man is far-reaching and compels imitation. He seems to have an electric power on other minds. The earnest men are few in our world. Obstacles and barriers will meet every worker for God. But men must have the push in them. The energetic, earnest worker will not allow his way to be hedged up. He will force down the barriers.",
    "puborder": 1539,
    "translations": [
      {
        "para_id": "786.2001",
        "lang": "de",
        "refcode": "ICP2 410.2"
      },
      {
        "para_id": "1771.3285",
        "lang": "es",
        "refcode": "2MCP 441"
      },
      {
        "para_id": "1771.3286",
        "lang": "es",
        "refcode": "2MCP 441.1"
      },
      {
        "para_id": "204.2363",
        "lang": "es",
        "refcode": "2MCP89 832.2"
      },
      {
        "para_id": "518.2331",
        "lang": "fr",
        "refcode": "EMS2 832.2"
      },
      {
        "para_id": "12885.2164",
        "lang": "pl",
        "refcode": "UCO2 378.2"
      },
      {
        "para_id": "1953.3365",
        "lang": "pt",
        "refcode": "MCP2 801.2"
      },
      {
        "para_id": "1953.3364",
        "lang": "pt",
        "refcode": "MCP2 801"
      },
      {
        "para_id": "2670.2244",
        "lang": "ro",
        "refcode": "2MCP 801.2"
      },
      {
        "para_id": "1823.2263",
        "lang": "ru",
        "refcode": "2РХЛ 801.1"
      },
      {
        "para_id": "14000.3877",
        "lang": "sr",
        "refcode": "УКЛ 676.2"
      }
    ]
  },
  {
    "para_id": "78.2227",
    "id_prev": "78.2226",
    "id_next": "78.2228",
    "refcode_1": "2MCP",
    "refcode_2": "801",
    "refcode_3": "3",
    "refcode_4": "",
    "refcode_short": "2MCP 801.3",
    "refcode_long": "Mind, Character, and Personality, vol. 2, p. 801.3 (Ellen Gould White)",
    "element_type": "p",
    "element_subtype": "standard-indented",
    "content": "You want a steady, uniform, unyielding energy. You must discipline yourself. Make an entire change. Put forth exertions and overcome all childish feelings. You have pitied yourself too much. You should have a determination that life shall not pass with you in working at trifles. You should determine to accomplish something and do it. You have good resolutions. You are ever going to do something, but you do not get at it and do it. Much of your doing is in talk rather than action. You would have far better health if you would have more earnest energy and accomplish something in spite of obstacles.&mdash;<span class=\"egwlink egwlink_book\" title=\"Lt 33, 1886\" data-link=\"14054.4377001\">Letter 33, 1886</span>.",
    "puborder": 1540,
    "translations": [
      {
        "para_id": "786.2002",
        "lang": "de",
        "refcode": "ICP2 410.3"
      },
      {
        "para_id": "204.2364",
        "lang": "es",
        "refcode": "2MCP89 832.3"
      },
      {
        "para_id": "1771.3287",
        "lang": "es",
        "refcode": "2MCP 441.2"
      },
      {
        "para_id": "518.2332",
        "lang": "fr",
        "refcode": "EMS2 832.3"
      },
      {
        "para_id": "12885.2165",
        "lang": "pl",
        "refcode": "UCO2 378.3"
      },
      {
        "para_id": "1953.3366",
        "lang": "pt",
        "refcode": "MCP2 801.3"
      },
      {
        "para_id": "2670.2245",
        "lang": "ro",
        "refcode": "2MCP 801.3"
      },
      {
        "para_id": "1823.2264",
        "lang": "ru",
        "refcode": "2РХЛ 801.2"
      },
      {
        "para_id": "14000.3878",
        "lang": "sr",
        "refcode": "УКЛ 676.3"
      }
    ]
  },
  {
    "para_id": "78.2228",
    "id_prev": "78.2227",
    "id_next": "78.2231",
    "refcode_1": "2MCP",
    "refcode_2": "801",
    "refcode_3": "4",
    "refcode_4": "",
    "refcode_short": "2MCP 801.4",
    "refcode_long": "Mind, Character, and Personality, vol. 2, p. 801.4 (Ellen Gould White)",
    "element_type": "p",
    "element_subtype": "standard-indented",
    "content": "<strong>God&apos;s Love Beyond Definition</strong>&mdash;The love of Christ is a golden chain that binds finite, human beings who believe in Jesus Christ to the infinite God. The love that the Lord has for His children passeth knowledge. No science can define or explain it. No human wisdom can fathom it. <span class=\"page-break\" data-page=\"802\"></span> The more we feel the influence of this love, the more meek and humble shall we be.&mdash;<span class=\"egwlink egwlink_book\" title=\"Lt 43, 1896\" data-link=\"14061.5242001\">Letter 43, 1896</span>. (<span class=\"egwlink egwlink_book\" title=\"5BC 1141.1\" data-link=\"94.782\">The S.D.A. Bible Commentary 5:1141</span>.)",
    "puborder": 1541,
    "translations": [
      {
        "para_id": "786.2003",
        "lang": "de",
        "refcode": "ICP2 410.4"
      },
      {
        "para_id": "204.2367",
        "lang": "es",
        "refcode": "2MCP89 833.1"
      },
      {
        "para_id": "1771.3288",
        "lang": "es",
        "refcode": "2MCP 441"
      },
      {
        "para_id": "1771.3289",
        "lang": "es",
        "refcode": "2MCP 441.3"
      },
      {
        "para_id": "518.2335",
        "lang": "fr",
        "refcode": "EMS2 833.1"
      },
      {
        "para_id": "12885.2166",
        "lang": "pl",
        "refcode": "UCO2 378.4"
      },
      {
        "para_id": "1953.3368",
        "lang": "pt",
        "refcode": "MCP2 801.4"
      },
      {
        "para_id": "1953.3367",
        "lang": "pt",
        "refcode": "MCP2 801"
      },
      {
        "para_id": "2670.2246",
        "lang": "ro",
        "refcode": "2MCP 801.4"
      },
      {
        "para_id": "1823.2265",
        "lang": "ru",
        "refcode": "2РХЛ 801.3"
      },
      {
        "para_id": "14000.3879",
        "lang": "sr",
        "refcode": "УКЛ 676.4"
      }
    ]
  },
  {
    "para_id": "78.2231",
    "id_prev": "78.2228",
    "id_next": "78.2232",
    "refcode_1": "2MCP",
    "refcode_2": "802",
    "refcode_3": "1",
    "refcode_4": "",
    "refcode_short": "2MCP 802.1",
    "refcode_long": "Mind, Character, and Personality, vol. 2, p. 802.1 (Ellen Gould White)",
    "element_type": "p",
    "element_subtype": "standard-indented",
    "content": "<strong>Religion Molds Entire Being</strong>&mdash;Real religion has its seat in the heart; and as it is an abiding principle there, it works outwardly, molding the external conduct, until the entire being is conformed to the image of Christ; even the thoughts are brought into subjection to the mind of Christ. If the abiding principle is not in the heart, the mind will be molded after the deceiving similitude of Satan&apos;s mind, working his will to the ruin of the soul. The atmosphere which surrounds such souls is deleterious to all around them, whether believers or unbelievers.&mdash;<span class=\"egwlink egwlink_book\" title=\"Lt 8, 1891\" data-link=\"14057.5772001\">Letter 8, 1891</span>.",
    "puborder": 1542,
    "translations": [
      {
        "para_id": "786.2006",
        "lang": "de",
        "refcode": "ICP2 411.1"
      },
      {
        "para_id": "1771.3290",
        "lang": "es",
        "refcode": "2MCP 441"
      },
      {
        "para_id": "204.2368",
        "lang": "es",
        "refcode": "2MCP89 833.2"
      },
      {
        "para_id": "1771.3291",
        "lang": "es",
        "refcode": "2MCP 441.4"
      },
      {
        "para_id": "518.2336",
        "lang": "fr",
        "refcode": "EMS2 833.2"
      },
      {
        "para_id": "12885.2169",
        "lang": "pl",
        "refcode": "UCO2 379.1"
      },
      {
        "para_id": "1953.3371",
        "lang": "pt",
        "refcode": "MCP2 802"
      },
      {
        "para_id": "1953.3372",
        "lang": "pt",
        "refcode": "MCP2 802.1"
      },
      {
        "para_id": "2670.2249",
        "lang": "ro",
        "refcode": "2MCP 802.1"
      },
      {
        "para_id": "1823.2268",
        "lang": "ru",
        "refcode": "2РХЛ 802.1"
      },
      {
        "para_id": "14000.3882",
        "lang": "sr",
        "refcode": "УКЛ 677.1"
      }
    ]
  },
  {
    "para_id": "78.2232",
    "id_prev": "78.2231",
    "id_next": "78.2233",
    "refcode_1": "2MCP",
    "refcode_2": "802",
    "refcode_3": "2",
    "refcode_4": "",
    "refcode_short": "2MCP 802.2",
    "refcode_long": "Mind, Character, and Personality, vol. 2, p. 802.2 (Ellen Gould White)",
    "element_type": "p",
    "element_subtype": "standard-indented",
    "content": "<strong>Acquaintance With Nature Brings Health to Body, Mind, and Soul</strong>&mdash;The things of nature are God&apos;s blessings, provided to give health to body, mind, and soul. They are given to the well to keep them well and to the sick to make them well. Connected with water treatment, they are more effective in restoring health than all the drug medication in the world.&mdash;<span class=\"egwlink egwlink_book\" title=\"7T 76.1\" data-link=\"117.404\">Testimonies for the Church 7:76 (1902)</span>.",
    "puborder": 1543,
    "translations": [
      {
        "para_id": "786.2007",
        "lang": "de",
        "refcode": "ICP2 411.2"
      },
      {
        "para_id": "1771.3294",
        "lang": "es",
        "refcode": "2MCP 442.1"
      },
      {
        "para_id": "204.2369",
        "lang": "es",
        "refcode": "2MCP89 833.3"
      },
      {
        "para_id": "1771.3293",
        "lang": "es",
        "refcode": "2MCP 442"
      },
      {
        "para_id": "518.2337",
        "lang": "fr",
        "refcode": "EMS2 833.3"
      },
      {
        "para_id": "12885.2170",
        "lang": "pl",
        "refcode": "UCO2 379.2"
      },
      {
        "para_id": "1953.3374",
        "lang": "pt",
        "refcode": "MCP2 802.2"
      },
      {
        "para_id": "1953.3373",
        "lang": "pt",
        "refcode": "MCP2 802"
      },
      {
        "para_id": "2670.2250",
        "lang": "ro",
        "refcode": "2MCP 802.2"
      },
      {
        "para_id": "1823.2269",
        "lang": "ru",
        "refcode": "2РХЛ 802.2"
      },
      {
        "para_id": "14000.3883",
        "lang": "sr",
        "refcode": "УКЛ 677.2"
      }
    ]
  },
  {
    "para_id": "78.2233",
    "id_prev": "78.2232",
    "id_next": "78.2234",
    "refcode_1": "2MCP",
    "refcode_2": "802",
    "refcode_3": "3",
    "refcode_4": "",
    "refcode_short": "2MCP 802.3",
    "refcode_long": "Mind, Character, and Personality, vol. 2, p. 802.3 (Ellen Gould White)",
    "element_type": "p",
    "element_subtype": "standard-indented",
    "content": "<strong>Obedience Produces Rest</strong>&mdash;There will be peace, constant peace, flowing into the soul, for the rest is found in perfect submission to Jesus Christ. Obedience to God&apos;s will finds the rest. The disciple that treads in the meek and lowly steps of the Redeemer finds rest which the world cannot give and the world cannot take away. &ldquo;Thou wilt keep him in perfect peace whose mind is stayed on Thee: because he trusteth in Thee&rdquo; (<span class=\"egwlink egwlink_bible\" title=\"Isaiah 26:3\" data-link=\"1965.36997\">Isaiah 26:3</span>).&mdash;<span class=\"egwlink egwlink_book\" title=\"Lt 6, 1893\" data-link=\"14058.6106001\">Letter 6, 1893</span>. (<span class=\"egwlink egwlink_book\" title=\"OHC 98.1\" data-link=\"81.660\">Our High Calling, 98</span>.)",
    "puborder": 1544,
    "translations": [
      {
        "para_id": "786.2008",
        "lang": "de",
        "refcode": "ICP2 411.3"
      },
      {
        "para_id": "204.2370",
        "lang": "es",
        "refcode": "2MCP89 833.4"
      },
      {
        "para_id": "1771.3296",
        "lang": "es",
        "refcode": "2MCP 442.2"
      },
      {
        "para_id": "1771.3295",
        "lang": "es",
        "refcode": "2MCP 442"
      },
      {
        "para_id": "518.2338",
        "lang": "fr",
        "refcode": "EMS2 833.4"
      },
      {
        "para_id": "12885.2171",
        "lang": "pl",
        "refcode": "UCO2 379.3"
      },
      {
        "para_id": "1953.3376",
        "lang": "pt",
        "refcode": "MCP2 802.3"
      },
      {
        "para_id": "1953.3375",
        "lang": "pt",
        "refcode": "MCP2 802"
      },
      {
        "para_id": "2670.2252",
        "lang": "ro",
        "refcode": "2MCP 803.1"
      },
      {
        "para_id": "1823.2270",
        "lang": "ru",
        "refcode": "2РХЛ 802.3"
      },
      {
        "para_id": "14000.3884",
        "lang": "sr",
        "refcode": "УКЛ 677.3"
      }
    ]
  },
  {
    "para_id": "78.2234",
    "id_prev": "78.2233",
    "id_next": "78.2236",
    "refcode_1": "2MCP",
    "refcode_2": "802",
    "refcode_3": "4",
    "refcode_4": "",
    "refcode_short": "2MCP 802.4",
    "refcode_long": "Mind, Character, and Personality, vol. 2, p. 802.4 (Ellen Gould White)",
    "element_type": "p",
    "element_subtype": "standard-indented",
    "content": "<strong>Meekness Tends to Peace</strong>&mdash;Lowliness and meekness of mind, which ever characterized the life of the divine Son of God, possessed by His true followers, bring contentment, peace, and happiness that elevate them above the slavery of artificial life.&mdash;<span class=\"egwlink egwlink_book\" title=\"HR 12-1-1871\" data-link=\"504.405\">The Health Reformer, December, 1871</span>. (<span class=\"egwlink egwlink_book\" title=\"OHC 98.1\" data-link=\"81.660\">Our High Calling, 98</span>.)",
    "puborder": 1545,
    "translations": [
      {
        "para_id": "786.2010",
        "lang": "de",
        "refcode": "ICP2 412.1"
      },
      {
        "para_id": "1771.3297",
        "lang": "es",
        "refcode": "2MCP 442"
      },
      {
        "para_id": "1771.3298",
        "lang": "es",
        "refcode": "2MCP 442.3"
      },
      {
        "para_id": "204.2373",
        "lang": "es",
        "refcode": "2MCP89 834.1"
      },
      {
        "para_id": "518.2341",
        "lang": "fr",
        "refcode": "EMS2 834.1"
      },
      {
        "para_id": "12885.2172",
        "lang": "pl",
        "refcode": "UCO2 379.4"
      },
      {
        "para_id": "1953.3378",
        "lang": "pt",
        "refcode": "MCP2 802.4"
      },
      {
        "para_id": "1953.3377",
        "lang": "pt",
        "refcode": "MCP2 802"
      },
      {
        "para_id": "2670.2253",
        "lang": "ro",
        "refcode": "2MCP 803.2"
      },
      {
        "para_id": "1823.2271",
        "lang": "ru",
        "refcode": "2РХЛ 802.4"
      },
      {
        "para_id": "14000.3885",
        "lang": "sr",
        "refcode": "УКЛ 677.4"
      }
    ]
  },
  {
    "para_id": "78.2236",
    "id_prev": "78.2234",
    "id_next": "78.2237",
    "refcode_1": "2MCP",
    "refcode_2": "803",
    "refcode_3": "1",
    "refcode_4": "",
    "refcode_short": "2MCP 803.1",
    "refcode_long": "Mind, Character, and Personality, vol. 2, p. 803.1 (Ellen Gould White)",
    "element_type": "p",
    "element_subtype": "standard-indented",
    "content": "<strong>Pardon Means Rest to the Soul</strong>&mdash;What is the &ldquo;rest&rdquo; promised? It is the consciousness that God is true, that He never disappoints the one who comes to Him. His pardon is full and free, and His acceptance means rest to the soul, rest in His love.&mdash;<span class=\"egwlink egwlink_book\" title=\"RH 4-25-1899\" data-link=\"821.17865\">The Review and Herald, April 25, 1899</span>. (<span class=\"egwlink egwlink_book\" title=\"OHC 97.1\" data-link=\"81.651\">Our High Calling, 97</span>.)",
    "puborder": 1546,
    "translations": [
      {
        "para_id": "786.2011",
        "lang": "de",
        "refcode": "ICP2 412.2"
      },
      {
        "para_id": "1771.3300",
        "lang": "es",
        "refcode": "2MCP 442.4"
      },
      {
        "para_id": "1771.3299",
        "lang": "es",
        "refcode": "2MCP 442"
      },
      {
        "para_id": "204.2374",
        "lang": "es",
        "refcode": "2MCP89 834.2"
      },
      {
        "para_id": "518.2342",
        "lang": "fr",
        "refcode": "EMS2 834.2"
      },
      {
        "para_id": "12885.2173",
        "lang": "pl",
        "refcode": "UCO2 379.5"
      },
      {
        "para_id": "1953.3380",
        "lang": "pt",
        "refcode": "MCP2 803"
      },
      {
        "para_id": "1953.3381",
        "lang": "pt",
        "refcode": "MCP2 803.1"
      },
      {
        "para_id": "2670.2254",
        "lang": "ro",
        "refcode": "2MCP 803.3"
      },
      {
        "para_id": "1823.2272",
        "lang": "ru",
        "refcode": "2РХЛ 802.5"
      },
      {
        "para_id": "14000.3886",
        "lang": "sr",
        "refcode": "УКЛ 677.5"
      }
    ]
  },
  {
    "para_id": "78.2237",
    "id_prev": "78.2236",
    "id_next": "78.2238",
    "refcode_1": "2MCP",
    "refcode_2": "803",
    "refcode_3": "2",
    "refcode_4": "",
    "refcode_short": "2MCP 803.2",
    "refcode_long": "Mind, Character, and Personality, vol. 2, p. 803.2 (Ellen Gould White)",
    "element_type": "p",
    "element_subtype": "standard-indented",
    "content": "<strong>Rest a Result of Self-surrender</strong>&mdash;Rest is found when all self-justification, all reasoning from a selfish standpoint, is put away. Entire self-surrender, an acceptance of His ways, is the secret of perfect rest in His love.... Do just what He has told you to do and be assured that God will do all that He has said He would do.... Have you come to Him, renouncing all your makeshifts, all your unbelief, all your self-righteousness? Come just as you are, weak, helpless, and ready to die.&mdash;<span class=\"egwlink egwlink_book\" title=\"RH 4-25-1899\" data-link=\"821.17865\">The Review and Herald, April 25, 1899</span>. (<span class=\"egwlink egwlink_book\" title=\"OHC 97.1\" data-link=\"81.651\">Our High Calling, 97</span>.)",
    "puborder": 1547,
    "translations": [
      {
        "para_id": "786.2012",
        "lang": "de",
        "refcode": "ICP2 412.3"
      },
      {
        "para_id": "1771.3301",
        "lang": "es",
        "refcode": "2MCP 442"
      },
      {
        "para_id": "1771.3302",
        "lang": "es",
        "refcode": "2MCP 442.5"
      },
      {
        "para_id": "204.2375",
        "lang": "es",
        "refcode": "2MCP89 834.3"
      },
      {
        "para_id": "518.2343",
        "lang": "fr",
        "refcode": "EMS2 834.3"
      },
      {
        "para_id": "12885.2175",
        "lang": "pl",
        "refcode": "UCO2 380.1"
      },
      {
        "para_id": "1953.3383",
        "lang": "pt",
        "refcode": "MCP2 803.2"
      },
      {
        "para_id": "1953.3382",
        "lang": "pt",
        "refcode": "MCP2 803"
      },
      {
        "para_id": "2670.2255",
        "lang": "ro",
        "refcode": "2MCP 803.4"
      },
      {
        "para_id": "1823.2275",
        "lang": "ru",
        "refcode": "2РХЛ 803.1"
      },
      {
        "para_id": "14000.3887",
        "lang": "sr",
        "refcode": "УКЛ 677.6"
      }
    ]
  },
  {
    "para_id": "78.2238",
    "id_prev": "78.2237",
    "id_next": "78.2239",
    "refcode_1": "2MCP",
    "refcode_2": "803",
    "refcode_3": "3",
    "refcode_4": "",
    "refcode_short": "2MCP 803.3",
    "refcode_long": "Mind, Character, and Personality, vol. 2, p. 803.3 (Ellen Gould White)",
    "element_type": "p",
    "element_subtype": "standard-indented",
    "content": "<strong>Vital Interests in Your Keeping</strong>&mdash;Remember that temptation is not sin. Remember that however trying the circumstances in which a man may be placed, nothing can really weaken his soul so long as he does not yield to temptation but maintains his own integrity. The interests most vital to you individually are in your own keeping. No one can damage them without your consent. All the satanic legions cannot injure you unless you open your soul to the arts and arrows of Satan. Your ruin can never take place until your will consents. If there is not pollution of mind in yourself, all the surrounding pollution cannot taint or defile you.&mdash;<span class=\"egwlink egwlink_book\" title=\"Lt 14, 1885\" data-link=\"14054.4256001\">Letter 14, 1885</span>. (<span class=\"egwlink egwlink_book\" title=\"OHC 94.1\" data-link=\"81.627\">Our High Calling, 94</span>.)",
    "puborder": 1548,
    "translations": [
      {
        "para_id": "786.2013",
        "lang": "de",
        "refcode": "ICP2 412.4"
      },
      {
        "para_id": "204.2376",
        "lang": "es",
        "refcode": "2MCP89 834.4"
      },
      {
        "para_id": "1771.3305",
        "lang": "es",
        "refcode": "2MCP 443.1"
      },
      {
        "para_id": "1771.3304",
        "lang": "es",
        "refcode": "2MCP 443"
      },
      {
        "para_id": "518.2344",
        "lang": "fr",
        "refcode": "EMS2 834.4"
      },
      {
        "para_id": "12885.2176",
        "lang": "pl",
        "refcode": "UCO2 380.2"
      },
      {
        "para_id": "1953.3385",
        "lang": "pt",
        "refcode": "MCP2 803.3"
      },
      {
        "para_id": "1953.3384",
        "lang": "pt",
        "refcode": "MCP2 803"
      },
      {
        "para_id": "2670.2256",
        "lang": "ro",
        "refcode": "2MCP 803.5"
      },
      {
        "para_id": "1823.2276",
        "lang": "ru",
        "refcode": "2РХЛ 803.2"
      },
      {
        "para_id": "14000.3890",
        "lang": "sr",
        "refcode": "УКЛ 678.1"
      }
    ]
  },
  {
    "para_id": "78.2239",
    "id_prev": "78.2238",
    "id_next": "78.2242",
    "refcode_1": "2MCP",
    "refcode_2": "803",
    "refcode_3": "4",
    "refcode_4": "",
    "refcode_short": "2MCP 803.4",
    "refcode_long": "Mind, Character, and Personality, vol. 2, p. 803.4 (Ellen Gould White)",
    "element_type": "p",
    "element_subtype": "standard-indented",
    "content": "<strong>Control the Feelings</strong>&mdash;We rejoice in hope, not in feeling. In the hope of the glory of God we know that tribulation worketh patience and experience hope. What does it mean? If we do not feel just as we want to, are we to fly into impatience, speaking those words that show that we have the attributes of Satan? We cannot afford to speak a harsh word or an unkind word, because we are standing right in view of the heavenly intelligences and <span class=\"page-break\" data-page=\"804\"></span> we are fighting the battle with all the heavenly universe looking upon us; and how we grieve the heart of God when we deny Him in any way! The marks of the crucifixion in the hands of Christ show that He has graven us upon the palms of His hands.&mdash;<span class=\"egwlink egwlink_book\" title=\"Ms 16, 1894\" data-link=\"14059.6010001\">Manuscript 16, 1894</span>.",
    "puborder": 1549,
    "translations": [
      {
        "para_id": "786.2015",
        "lang": "de",
        "refcode": "ICP2 413.1"
      },
      {
        "para_id": "1771.3307",
        "lang": "es",
        "refcode": "2MCP 443.2"
      },
      {
        "para_id": "204.2379",
        "lang": "es",
        "refcode": "2MCP89 835.1"
      },
      {
        "para_id": "1771.3306",
        "lang": "es",
        "refcode": "2MCP 443"
      },
      {
        "para_id": "518.2347",
        "lang": "fr",
        "refcode": "EMS2 835.1"
      },
      {
        "para_id": "12885.2177",
        "lang": "pl",
        "refcode": "UCO2 380.3"
      },
      {
        "para_id": "1953.3386",
        "lang": "pt",
        "refcode": "MCP2 803"
      },
      {
        "para_id": "1953.3387",
        "lang": "pt",
        "refcode": "MCP2 803.4"
      },
      {
        "para_id": "2670.2257",
        "lang": "ro",
        "refcode": "2MCP 803.6"
      },
      {
        "para_id": "1823.2277",
        "lang": "ru",
        "refcode": "2РХЛ 803.3"
      },
      {
        "para_id": "14000.3891",
        "lang": "sr",
        "refcode": "УКЛ 678.2"
      }
    ]
  },
  {
    "para_id": "78.2242",
    "id_prev": "78.2239",
    "id_next": "78.2243",
    "refcode_1": "2MCP",
    "refcode_2": "804",
    "refcode_3": "1",
    "refcode_4": "",
    "refcode_short": "2MCP 804.1",
    "refcode_long": "Mind, Character, and Personality, vol. 2, p. 804.1 (Ellen Gould White)",
    "element_type": "p",
    "element_subtype": "standard-indented",
    "content": "<strong>Encouragement Restores Body and Soul</strong>&mdash;Tell the suffering ones of a compassionate Saviour.... He looks with compassion upon those who regard their case as hopeless. While the soul is filled with fear and terror, the mind cannot see the tender compassion of Christ. Our sanitariums are to be an agency for bringing peace and rest to the troubled minds.",
    "puborder": 1550,
    "translations": [
      {
        "para_id": "786.2016",
        "lang": "de",
        "refcode": "ICP2 413.2"
      },
      {
        "para_id": "204.2380",
        "lang": "es",
        "refcode": "2MCP89 835.2"
      },
      {
        "para_id": "1771.3308",
        "lang": "es",
        "refcode": "2MCP 443"
      },
      {
        "para_id": "1771.3309",
        "lang": "es",
        "refcode": "2MCP 443.3"
      },
      {
        "para_id": "518.2348",
        "lang": "fr",
        "refcode": "EMS2 835.2"
      },
      {
        "para_id": "12885.2178",
        "lang": "pl",
        "refcode": "UCO2 380.4"
      },
      {
        "para_id": "1953.3391",
        "lang": "pt",
        "refcode": "MCP2 804.1"
      },
      {
        "para_id": "1953.3390",
        "lang": "pt",
        "refcode": "MCP2 804"
      },
      {
        "para_id": "2670.2260",
        "lang": "ro",
        "refcode": "2MCP 804.1"
      },
      {
        "para_id": "1823.2280",
        "lang": "ru",
        "refcode": "2РХЛ 804.1"
      },
      {
        "para_id": "14000.3892",
        "lang": "sr",
        "refcode": "УКЛ 678.3"
      }
    ]
  },
  {
    "para_id": "78.2243",
    "id_prev": "78.2242",
    "id_next": "78.2244",
    "refcode_1": "2MCP",
    "refcode_2": "804",
    "refcode_3": "2",
    "refcode_4": "",
    "refcode_short": "2MCP 804.2",
    "refcode_long": "Mind, Character, and Personality, vol. 2, p. 804.2 (Ellen Gould White)",
    "element_type": "p",
    "element_subtype": "standard-indented",
    "content": "If you can inspire the despondent with hopeful, saving faith, contentment and cheerfulness will take the place of discouragement and unrest. Wonderful changes can then be wrought in their physical condition. Christ will restore both body and soul, and realizing His compassion and love, they will rest in Him. He is the bright and morning star, shining amid the moral darkness of this sinful, corrupt world. He is the light of the world, and all who give their hearts to Him will find peace, rest, and joy.&mdash;<span class=\"egwlink egwlink_book\" title=\"Lt 115, 1905\" data-link=\"14070.10601001\">Letter 115, 1905</span>. (<span class=\"egwlink egwlink_book\" title=\"MM 109.1\" data-link=\"75.868\">Medical Ministry, 109</span>).",
    "puborder": 1551,
    "translations": [
      {
        "para_id": "786.2017",
        "lang": "de",
        "refcode": "ICP2 413.3"
      },
      {
        "para_id": "204.2381",
        "lang": "es",
        "refcode": "2MCP89 835.3"
      },
      {
        "para_id": "1771.3310",
        "lang": "es",
        "refcode": "2MCP 443.4"
      },
      {
        "para_id": "518.2349",
        "lang": "fr",
        "refcode": "EMS2 835.3"
      },
      {
        "para_id": "12885.2178",
        "lang": "pl",
        "refcode": "UCO2 380.4"
      },
      {
        "para_id": "1953.3392",
        "lang": "pt",
        "refcode": "MCP2 804.2"
      },
      {
        "para_id": "2670.2261",
        "lang": "ro",
        "refcode": "2MCP 804.2"
      },
      {
        "para_id": "1823.2281",
        "lang": "ru",
        "refcode": "2РХЛ 804.2"
      },
      {
        "para_id": "14000.3893",
        "lang": "sr",
        "refcode": "УКЛ 678.4"
      }
    ]
  },
  {
    "para_id": "78.2244",
    "id_prev": "78.2243",
    "id_next": "78.2245",
    "refcode_1": "2MCP",
    "refcode_2": "804",
    "refcode_3": "3",
    "refcode_4": "",
    "refcode_short": "2MCP 804.3",
    "refcode_long": "Mind, Character, and Personality, vol. 2, p. 804.3 (Ellen Gould White)",
    "element_type": "p",
    "element_subtype": "standard-indented",
    "content": "<strong>Christian Not Passive But Active</strong>&mdash;A healthy, growing Christian will not be a passive recipient among his fellows. He must give as well as receive. Our graces are increased by exercise. Christian society will furnish us with pure air to breathe, and in breathing it we must be active. The Christian work performed, the sympathies, encouragements, and instructions given by us to those who need them, the self-restraint, love, patience, and forbearance which are needed, exercised in Christian work, will create in ourselves faith, obedience, hope, and love to God....",
    "puborder": 1552,
    "translations": [
      {
        "para_id": "786.2018",
        "lang": "de",
        "refcode": "ICP2 413.4"
      },
      {
        "para_id": "1771.3314",
        "lang": "es",
        "refcode": "2MCP 444.1"
      },
      {
        "para_id": "1771.3313",
        "lang": "es",
        "refcode": "2MCP 444"
      },
      {
        "para_id": "204.2384",
        "lang": "es",
        "refcode": "2MCP89 836.1"
      },
      {
        "para_id": "518.2352",
        "lang": "fr",
        "refcode": "EMS2 836.1"
      },
      {
        "para_id": "12885.2181",
        "lang": "pl",
        "refcode": "UCO2 381.1"
      },
      {
        "para_id": "1953.3394",
        "lang": "pt",
        "refcode": "MCP2 804.3"
      },
      {
        "para_id": "1953.3393",
        "lang": "pt",
        "refcode": "MCP2 804"
      },
      {
        "para_id": "2670.2262",
        "lang": "ro",
        "refcode": "2MCP 804.3"
      },
      {
        "para_id": "1823.2282",
        "lang": "ru",
        "refcode": "2РХЛ 804.3"
      },
      {
        "para_id": "14000.3895",
        "lang": "sr",
        "refcode": "УКЛ 679.1"
      }
    ]
  },
  {
    "para_id": "78.2245",
    "id_prev": "78.2244",
    "id_next": "78.2248",
    "refcode_1": "2MCP",
    "refcode_2": "804",
    "refcode_3": "4",
    "refcode_4": "",
    "refcode_short": "2MCP 804.4",
    "refcode_long": "Mind, Character, and Personality, vol. 2, p. 804.4 (Ellen Gould White)",
    "element_type": "p",
    "element_subtype": "standard-indented",
    "content": "It is essential for spiritual muscle and strength that the soul have exercise. Work must be done by putting forth spiritual activity in improving opportunities to do <span class=\"page-break\" data-page=\"805\"></span> good....The more faithful one is in the discharge of Christian duties, the more soundness will he develop.&mdash;<span class=\"egwlink egwlink_book\" title=\"Lt 1, 1882\" data-link=\"14053.4120001\">Letter 1, 1882</span>. (<span class=\"egwlink egwlink_book\" title=\"OHC 260.1\" data-link=\"81.1826\">Our High Calling, 260</span>.)",
    "puborder": 1553,
    "translations": [
      {
        "para_id": "786.2021",
        "lang": "de",
        "refcode": "ICP2 414.1"
      },
      {
        "para_id": "1771.3315",
        "lang": "es",
        "refcode": "2MCP 444.2"
      },
      {
        "para_id": "204.2385",
        "lang": "es",
        "refcode": "2MCP89 836.2"
      },
      {
        "para_id": "518.2353",
        "lang": "fr",
        "refcode": "EMS2 836.2"
      },
      {
        "para_id": "12885.2182",
        "lang": "pl",
        "refcode": "UCO2 381.2"
      },
      {
        "para_id": "1953.3395",
        "lang": "pt",
        "refcode": "MCP2 804.4"
      },
      {
        "para_id": "2670.2263",
        "lang": "ro",
        "refcode": "2MCP 804.4"
      },
      {
        "para_id": "1823.2283",
        "lang": "ru",
        "refcode": "2РХЛ 804.4"
      },
      {
        "para_id": "14000.3896",
        "lang": "sr",
        "refcode": "УКЛ 679.2"
      }
    ]
  },
  {
    "para_id": "78.2248",
    "id_prev": "78.2245",
    "id_next": "78.2249",
    "refcode_1": "2MCP",
    "refcode_2": "805",
    "refcode_3": "1",
    "refcode_4": "",
    "refcode_short": "2MCP 805.1",
    "refcode_long": "Mind, Character, and Personality, vol. 2, p. 805.1 (Ellen Gould White)",
    "element_type": "p",
    "element_subtype": "standard-indented",
    "content": "<strong>Social Power to Be Improved</strong>&mdash;It is through the social relations that Christianity comes in contact with the world. Every man or woman who has received the divine illumination is to shed light on the dark pathway of those who are unacquainted with the better way. Social power, sanctified by the Spirit of Christ, must be improved in bringing souls to the Saviour. Christ is not to be hid away in the heart as a coveted treasure, sacred and sweet, to be enjoyed solely by the possessor. We are to have Christ in us as a well of water springing up into everlasting life, refreshing all who come in contact with us.&mdash;<span class=\"egwlink egwlink_book\" title=\"MH 496.1\" data-link=\"135.2615\">The Ministry of Healing, 496 (1905)</span>.",
    "puborder": 1554,
    "translations": [
      {
        "para_id": "786.2022",
        "lang": "de",
        "refcode": "ICP2 414.2"
      },
      {
        "para_id": "1771.3317",
        "lang": "es",
        "refcode": "2MCP 444.3"
      },
      {
        "para_id": "1771.3316",
        "lang": "es",
        "refcode": "2MCP 444"
      },
      {
        "para_id": "204.2386",
        "lang": "es",
        "refcode": "2MCP89 836.3"
      },
      {
        "para_id": "518.2354",
        "lang": "fr",
        "refcode": "EMS2 836.3"
      },
      {
        "para_id": "12885.2183",
        "lang": "pl",
        "refcode": "UCO2 381.3"
      },
      {
        "para_id": "1953.3398",
        "lang": "pt",
        "refcode": "MCP2 805"
      },
      {
        "para_id": "1953.3399",
        "lang": "pt",
        "refcode": "MCP2 805.1"
      },
      {
        "para_id": "2670.2266",
        "lang": "ro",
        "refcode": "2MCP 805.1"
      },
      {
        "para_id": "1823.2286",
        "lang": "ru",
        "refcode": "2РХЛ 805.1"
      },
      {
        "para_id": "14000.3897",
        "lang": "sr",
        "refcode": "УКЛ 679.3"
      }
    ]
  },
  {
    "para_id": "78.2249",
    "id_prev": "78.2248",
    "id_next": "78.2250",
    "refcode_1": "2MCP",
    "refcode_2": "805",
    "refcode_3": "2",
    "refcode_4": "",
    "refcode_short": "2MCP 805.2",
    "refcode_long": "Mind, Character, and Personality, vol. 2, p. 805.2 (Ellen Gould White)",
    "element_type": "p",
    "element_subtype": "standard-indented",
    "content": "<strong>Potentiality of Christianity</strong>&mdash;In the common walks of life there is many a man patiently treading the round of daily toil, unconscious that he possesses powers which, if called into action, would raise him to an equality with the world&apos;s most honored men. The touch of a skillful hand is needed to arouse those dormant faculties. It was such men that Jesus called to be His colaborers, and He gave them the advantage of association with Himself. Never had the world&apos;s great men such a teacher. When the disciples came forth from the Saviour&apos;s training, they were no longer ignorant and uncultured. They had become like Him in mind and character, and men took knowledge of them that they had been with Jesus.&mdash;<span class=\"egwlink egwlink_book\" title=\"DA 250.1\" data-link=\"130.1146\">The Desire of Ages, 250 (1898)</span>.",
    "puborder": 1555,
    "translations": [
      {
        "para_id": "786.2023",
        "lang": "de",
        "refcode": "ICP2 414.3"
      },
      {
        "para_id": "1771.3319",
        "lang": "es",
        "refcode": "2MCP 444.4"
      },
      {
        "para_id": "1771.3318",
        "lang": "es",
        "refcode": "2MCP 444"
      },
      {
        "para_id": "204.2387",
        "lang": "es",
        "refcode": "2MCP89 836.4"
      },
      {
        "para_id": "518.2355",
        "lang": "fr",
        "refcode": "EMS2 836.4"
      },
      {
        "para_id": "12885.2185",
        "lang": "pl",
        "refcode": "UCO2 382.1"
      },
      {
        "para_id": "1953.3401",
        "lang": "pt",
        "refcode": "MCP2 805.2"
      },
      {
        "para_id": "1953.3400",
        "lang": "pt",
        "refcode": "MCP2 805"
      },
      {
        "para_id": "2670.2267",
        "lang": "ro",
        "refcode": "2MCP 805.2"
      },
      {
        "para_id": "1823.2287",
        "lang": "ru",
        "refcode": "2РХЛ 805.2"
      },
      {
        "para_id": "14000.3898",
        "lang": "sr",
        "refcode": "УКЛ 679.4"
      }
    ]
  },
  {
    "para_id": "78.2250",
    "id_prev": "78.2249",
    "id_next": "78.2253",
    "refcode_1": "2MCP",
    "refcode_2": "805",
    "refcode_3": "3",
    "refcode_4": "",
    "refcode_short": "2MCP 805.3",
    "refcode_long": "Mind, Character, and Personality, vol. 2, p. 805.3 (Ellen Gould White)",
    "element_type": "p",
    "element_subtype": "standard-indented",
    "content": "<strong>The Need for Aims and Goals</strong>&mdash;Have an aim in life while you do live. Gather sunshine about you instead of clouds. Seek to be a fresh, beautiful flower in God&apos;s garden, imparting fragrance to all around you. Do this, and you will not die a whit sooner; but you will surely shorten your days by unhappy complainings, making <span class=\"page-break\" data-page=\"806\"></span> your pains and ailments the theme of conversation.&mdash;<span class=\"egwlink egwlink_book\" title=\"HR 6-1-1871\" data-link=\"504.228\">The Health Reformer, June, 1871</span>.",
    "puborder": 1556,
    "translations": [
      {
        "para_id": "786.2026",
        "lang": "de",
        "refcode": "ICP2 415.1"
      },
      {
        "para_id": "1771.3323",
        "lang": "es",
        "refcode": "2MCP 445.1"
      },
      {
        "para_id": "1771.3322",
        "lang": "es",
        "refcode": "2MCP 445"
      },
      {
        "para_id": "204.2390",
        "lang": "es",
        "refcode": "2MCP89 837.1"
      },
      {
        "para_id": "518.2358",
        "lang": "fr",
        "refcode": "EMS2 837.1"
      },
      {
        "para_id": "12885.2186",
        "lang": "pl",
        "refcode": "UCO2 382.2"
      },
      {
        "para_id": "1953.3403",
        "lang": "pt",
        "refcode": "MCP2 805.3"
      },
      {
        "para_id": "1953.3402",
        "lang": "pt",
        "refcode": "MCP2 805"
      },
      {
        "para_id": "2670.2268",
        "lang": "ro",
        "refcode": "2MCP 805.3"
      },
      {
        "para_id": "1823.2288",
        "lang": "ru",
        "refcode": "2РХЛ 805.3"
      },
      {
        "para_id": "14000.3899",
        "lang": "sr",
        "refcode": "УКЛ 679.5"
      }
    ]
  },
  {
    "para_id": "78.2253",
    "id_prev": "78.2250",
    "id_next": "78.2254",
    "refcode_1": "2MCP",
    "refcode_2": "806",
    "refcode_3": "1",
    "refcode_4": "",
    "refcode_short": "2MCP 806.1",
    "refcode_long": "Mind, Character, and Personality, vol. 2, p. 806.1 (Ellen Gould White)",
    "element_type": "p",
    "element_subtype": "standard-indented",
    "content": "<strong>Living for a Purpose Makes One Truly Happy</strong>&mdash;Those who live for a purpose, seeking to benefit and bless their fellowmen and to honor and glorify their Redeemer, are the truly happy ones on the earth, while the man who is restless, discontented, and seeking this and testing that, hoping to find happiness, is always complaining of disappointment. He is always in want, never satisfied, because he lives for himself alone. Let it be your aim to do good, to act your part in life faithfully.&mdash;<span class=\"egwlink egwlink_book\" title=\"Lt 17, 1872\" data-link=\"14052.3242001\">Letter 17, 1872</span>. (<span class=\"egwlink egwlink_book\" title=\"OHC 242.1\" data-link=\"81.1703\">Our High Calling, 242</span>.)",
    "puborder": 1557,
    "translations": [
      {
        "para_id": "786.2027",
        "lang": "de",
        "refcode": "ICP2 415.2"
      },
      {
        "para_id": "1771.3325",
        "lang": "es",
        "refcode": "2MCP 445.2"
      },
      {
        "para_id": "1771.3324",
        "lang": "es",
        "refcode": "2MCP 445"
      },
      {
        "para_id": "204.2391",
        "lang": "es",
        "refcode": "2MCP89 837.2"
      },
      {
        "para_id": "518.2359",
        "lang": "fr",
        "refcode": "EMS2 837.2"
      },
      {
        "para_id": "12885.2187",
        "lang": "pl",
        "refcode": "UCO2 382.3"
      },
      {
        "para_id": "1953.3407",
        "lang": "pt",
        "refcode": "MCP2 806.1"
      },
      {
        "para_id": "1953.3406",
        "lang": "pt",
        "refcode": "MCP2 806"
      },
      {
        "para_id": "2670.2271",
        "lang": "ro",
        "refcode": "2MCP 806.1"
      },
      {
        "para_id": "1823.2291",
        "lang": "ru",
        "refcode": "2РХЛ 806.1"
      },
      {
        "para_id": "14000.3902",
        "lang": "sr",
        "refcode": "УКЛ 680.1"
      }
    ]
  },
  {
    "para_id": "78.2254",
    "id_prev": "78.2253",
    "id_next": "78.2256",
    "refcode_1": "2MCP",
    "refcode_2": "806",
    "refcode_3": "2",
    "refcode_4": "",
    "refcode_short": "2MCP 806.2",
    "refcode_long": "Mind, Character, and Personality, vol. 2, p. 806.2 (Ellen Gould White)",
    "element_type": "p",
    "element_subtype": "standard-indented",
    "content": "<strong>Stretching Every Nerve</strong>&mdash;We must put to the stretch every spiritual nerve and muscle.... God ... does not desire you to remain novices. He wants you to reach the very highest round of the ladder and then step from it into the kingdom of our Lord and Saviour Jesus Christ.&mdash;<span class=\"egwlink egwlink_book\" title=\"Ms 8, 1899\" data-link=\"14064.6839001\">Manuscript 8, 1899</span>. (<span class=\"egwlink egwlink_book\" title=\"OHC 217.1\" data-link=\"81.1524\">Our High Calling, 217</span>.)",
    "puborder": 1558,
    "translations": [
      {
        "para_id": "786.2028",
        "lang": "de",
        "refcode": "ICP2 415.3"
      },
      {
        "para_id": "204.2392",
        "lang": "es",
        "refcode": "2MCP89 837.3"
      },
      {
        "para_id": "1771.3327",
        "lang": "es",
        "refcode": "2MCP 445.3"
      },
      {
        "para_id": "1771.3326",
        "lang": "es",
        "refcode": "2MCP 445"
      },
      {
        "para_id": "518.2360",
        "lang": "fr",
        "refcode": "EMS2 837.3"
      },
      {
        "para_id": "12885.2188",
        "lang": "pl",
        "refcode": "UCO2 382.4"
      },
      {
        "para_id": "1953.3409",
        "lang": "pt",
        "refcode": "MCP2 806.2"
      },
      {
        "para_id": "1953.3408",
        "lang": "pt",
        "refcode": "MCP2 806"
      },
      {
        "para_id": "2670.2272",
        "lang": "ro",
        "refcode": "2MCP 806.2"
      },
      {
        "para_id": "1823.2292",
        "lang": "ru",
        "refcode": "2РХЛ 806.2"
      },
      {
        "para_id": "14000.3903",
        "lang": "sr",
        "refcode": "УКЛ 680.2"
      }
    ]
  }
]