[
  {
    "para_id": "1476.396",
    "id_prev": "1476.395",
    "id_next": "1476.397",
    "refcode_1": "RDAC",
    "refcode_2": "86",
    "refcode_3": "",
    "refcode_4": "",
    "refcode_short": "RDAC 86",
    "refcode_long": "Refutation of the Doctrine Called The Age to Come, p. 86 (Joseph Harvey Waggoner)",
    "element_type": "h4",
    "element_subtype": "",
    "content": "§ 3. THE RETURN OF ISRAEL",
    "puborder": 243,
    "translations": []
  },
  {
    "para_id": "1476.397",
    "id_prev": "1476.396",
    "id_next": "1476.398",
    "refcode_1": "RDAC",
    "refcode_2": "86",
    "refcode_3": "2",
    "refcode_4": "",
    "refcode_short": "RDAC 86.2",
    "refcode_long": "Refutation of the Doctrine Called The Age to Come, p. 86.2 (Joseph Harvey Waggoner)",
    "element_type": "p",
    "element_subtype": "standard-indented",
    "content": "Perhaps no one subject has been so much talked of, which is yet so little understood, as that of &ldquo;the return of the Jews.&rdquo; It is a stereotyped theological phrase, representing various and indefinite views.",
    "puborder": 244,
    "translations": []
  },
  {
    "para_id": "1476.398",
    "id_prev": "1476.397",
    "id_next": "1476.399",
    "refcode_1": "RDAC",
    "refcode_2": "86",
    "refcode_3": "3",
    "refcode_4": "",
    "refcode_short": "RDAC 86.3",
    "refcode_long": "Refutation of the Doctrine Called The Age to Come, p. 86.3 (Joseph Harvey Waggoner)",
    "element_type": "p",
    "element_subtype": "standard-indented",
    "content": "We believe in the gathering of Israel to their own land; but we must apply the same New-Testament rules here that we have to other classes of promises, to wit, allow that the true Israel are of faith, whether Jew or Gentile by birth.",
    "puborder": 245,
    "translations": []
  },
  {
    "para_id": "1476.399",
    "id_prev": "1476.398",
    "id_next": "1476.402",
    "refcode_1": "RDAC",
    "refcode_2": "86",
    "refcode_3": "4",
    "refcode_4": "",
    "refcode_short": "RDAC 86.4",
    "refcode_long": "Refutation of the Doctrine Called The Age to Come, p. 86.4 (Joseph Harvey Waggoner)",
    "element_type": "p",
    "element_subtype": "standard-indented",
    "content": "There are two classes of Old-Testament prophecies on this subject; one, agreeing with the history of the past; the other, agreeing with New-Testament declarations, to be fulfilled in the future. Those who advocate the return of the Jews in the Age to Come, do so on the assumption that there has never been a gathering of Israel since the Babylonian captivity. But that this is only assumption and an error can be shown by history, both sacred and profane. All chronologists agree that all the prophets, except Malachi, wrote before the return of the Jews from Babylon. They date about as follows: Isaiah, 758 b. c.; Jeremiah, Ezekiel, and Obadiah, 588; Daniel, 534; Hosea, 725; Joel, 761; Amos, 787; Jonah, 800; Micah, 758; Nahum, 720; Habakkuk, 605; Zephaniah, 608; Haggai and Zechariah, 518; Malachi, 400. These dates are designed <span class=\"page-break\" data-page=\"87\"></span> to cover the latest periods of their prophecies, and the decree of Cyrus was b. c. 536, and that of Artaxerxes, which gave efficiency to, and really complemented, the original decree, <span class=\"egwlink egwlink_bible\" title=\"Ezra 6:14\" data-link=\"1965.24757\">Ezra 6:14</span>, was in 457. Hence, quotations from their writings, to sustain the theory in question, have the full weight of chronology against such an application.",
    "puborder": 246,
    "translations": []
  },
  {
    "para_id": "1476.402",
    "id_prev": "1476.399",
    "id_next": "1476.403",
    "refcode_1": "RDAC",
    "refcode_2": "87",
    "refcode_3": "1",
    "refcode_4": "",
    "refcode_short": "RDAC 87.1",
    "refcode_long": "Refutation of the Doctrine Called The Age to Come, p. 87.1 (Joseph Harvey Waggoner)",
    "element_type": "p",
    "element_subtype": "standard-indented",
    "content": "In <span class=\"egwlink egwlink_bible\" title=\"Isaiah 44:1\" data-link=\"1965.37817\">Isaiah 44</span>, the Lord declares himself as their Redeemer, &ldquo;that saith to Jerusalem, Thou shalt be inhabited; and to the cities of Judah, Ye shall be built, and I will raise up the decayed places thereof.&rdquo; The instrumentality used in fulfillment of this promise is also shown: &ldquo;That saith of Cyrus, He is my shepherd, and shall perform all my pleasure: even saying to Jerusalem, Thou shalt be built; and to the temple, Thy foundation shall be laid.&rdquo; <span class=\"egwlink egwlink_bible\" title=\"Isaiah 44:26\" data-link=\"1965.37867\">Verses 26, 28</span>.",
    "puborder": 247,
    "translations": []
  },
  {
    "para_id": "1476.403",
    "id_prev": "1476.402",
    "id_next": "1476.404",
    "refcode_1": "RDAC",
    "refcode_2": "87",
    "refcode_3": "2",
    "refcode_4": "",
    "refcode_short": "RDAC 87.2",
    "refcode_long": "Refutation of the Doctrine Called The Age to Come, p. 87.2 (Joseph Harvey Waggoner)",
    "element_type": "p",
    "element_subtype": "standard-indented",
    "content": "By turning to the record, we find that the decree for the return of the children of Israel was very liberal, giving permission to all to return <em>who would</em>. And no prophecy contemplates anything more than full permission and voluntary acceptance.",
    "puborder": 248,
    "translations": []
  },
  {
    "para_id": "1476.404",
    "id_prev": "1476.403",
    "id_next": "1476.407",
    "refcode_1": "RDAC",
    "refcode_2": "87",
    "refcode_3": "3",
    "refcode_4": "",
    "refcode_short": "RDAC 87.3",
    "refcode_long": "Refutation of the Doctrine Called The Age to Come, p. 87.3 (Joseph Harvey Waggoner)",
    "element_type": "p",
    "element_subtype": "standard-indented",
    "content": "&ldquo;Now in the first year of Cyrus king of Persia, that the word of the Lord by the mouth of Jeremiah might be fulfilled, the Lord stirred up the spirit of Cyrus king of Persia, that he made a proclamation throughout all his kingdom, and put it also in writing, saying, Thus saith Cyrus king of Persia, The Lord God of Heaven hath given me all the kingdoms of the earth; and he hath charged me to build him an house at Jerusalem, which is in Judah. Who is there among you <em>of all his people</em>? his God be with him, and <em>let him go up</em> to Jerusalem, which is in Judah, <span class=\"page-break\" data-page=\"88\"></span> and build the house of the Lord God of Israel (he is the God), which is in Jerusalem. And <em>whosoever remaineth in any place</em> where he sojourneth, let the men of his place help him with silver, and with gold, and with goods, and with beasts, besides the free-will offering for the house of God that is in Jerusalem.&rdquo; <span class=\"egwlink egwlink_bible\" title=\"Ezra 1:1\" data-link=\"1965.24456\">Ezra 1:1-4</span>. Again, in the decree of Artaxerxes, <span class=\"egwlink egwlink_bible\" title=\"Ezra 7:13\" data-link=\"1965.24800\">chap. 7:13</span>: &ldquo;I make a decree, that <em>all they of the people of Israel</em>, and of his priests and Levites, in my realm which are minded of their own free will to go up to Jerusalem, go with thee.&rdquo; Jeremiah, speaking of the return of Israel <em>from all the nations</em> and <em>from all the places</em> whither they had been driven, introduces the same condition that Artaxerxes does in his decree-they shall go up voluntarily. &ldquo;For thus saith the Lord, That after seventy years be accomplished at Babylon I will visit you, and perform my good word toward you, in causing you to return to this place: For I know the thoughts that I think toward you, saith the Lord, thoughts of peace, and not of evil, to give you an expected end. Then shall ye call upon me, and ye shall go and pray unto me, and I will hearken unto you. And ye shall seek me, and find me, when ye shall search for me with all your heart. And I will be found of you, saith the Lord: and I will turn away your captivity, and I will gather you from all the nations, and from all the places whither I have driven you, saith the Lord; and I will bring you again into the place whence I caused you to be carried away captive.&rdquo; <span class=\"egwlink egwlink_bible\" title=\"Jeremiah 29:10\" data-link=\"1965.40091\">Jeremiah 29:10-14</span>. He also places this general gathering after the seventy years&rsquo; captivity.",
    "puborder": 249,
    "translations": []
  },
  {
    "para_id": "1476.407",
    "id_prev": "1476.404",
    "id_next": "1476.410",
    "refcode_1": "RDAC",
    "refcode_2": "88",
    "refcode_3": "1",
    "refcode_4": "",
    "refcode_short": "RDAC 88.1",
    "refcode_long": "Refutation of the Doctrine Called The Age to Come, p. 88.1 (Joseph Harvey Waggoner)",
    "element_type": "p",
    "element_subtype": "standard-indented",
    "content": "These plain declarations are sufficient to cut <span class=\"page-break\" data-page=\"89\"></span> off the assumption of our opponents, that only two tribes returned, while the ten remained scattered. There is no evidence that <em>all</em> of <em>any</em> tribe returned, while we have evidence that <em>some</em> of <em>each</em> tribe returned, even all that were willing.",
    "puborder": 250,
    "translations": []
  },
  {
    "para_id": "1476.410",
    "id_prev": "1476.407",
    "id_next": "1476.411",
    "refcode_1": "RDAC",
    "refcode_2": "89",
    "refcode_3": "1",
    "refcode_4": "",
    "refcode_short": "RDAC 89.1",
    "refcode_long": "Refutation of the Doctrine Called The Age to Come, p. 89.1 (Joseph Harvey Waggoner)",
    "element_type": "p",
    "element_subtype": "standard-indented",
    "content": "Josephus proves conclusively that twelve tribes were restored after this captivity. He says that Ptolemy Philadelphus sent a request to the Jews to &ldquo;send six of the elders out of every tribe,&rdquo; for the purpose of translating the law into the Greek. When they were sent, word was returned to Ptolemy thus: &ldquo;We have chosen six men out of every tribe, whom we have sent and the law with them.&rdquo; Josephus says they sent <em>seventy-two</em>; thus the twelve tribes were represented. See <em>Josephus&rsquo; Ant, B. 12, ch. 2, sec. 4-7</em>.",
    "puborder": 251,
    "translations": []
  },
  {
    "para_id": "1476.411",
    "id_prev": "1476.410",
    "id_next": "1476.412",
    "refcode_1": "RDAC",
    "refcode_2": "89",
    "refcode_3": "2",
    "refcode_4": "",
    "refcode_short": "RDAC 89.2",
    "refcode_long": "Refutation of the Doctrine Called The Age to Come, p. 89.2 (Joseph Harvey Waggoner)",
    "element_type": "p",
    "element_subtype": "standard-indented",
    "content": "This testimony is corroborated by Scripture. That the tribe of Levi was represented in the return is evident, for the priests were all of that tribe. But Ezra says further, &ldquo;So the priests and the Levites, and some of the people, and the singers, and the porters, and the Nethinims, dwelt in their cities, and all Israel in their cities.&rdquo; <span class=\"egwlink egwlink_bible\" title=\"Ezra 2:70\" data-link=\"1965.24617\">Ezra 2:70</span>. &ldquo;And when the seventh month was come, and <em>the children of Israel were in the cities</em>, the people gathered themselves together as one man to Jerusalem.&rdquo; <span class=\"egwlink egwlink_bible\" title=\"Ezra 3:1\" data-link=\"1965.24620\">Chap. 3:1</span>; <span class=\"egwlink egwlink_bible\" title=\"Nehemiah 7:73\" data-link=\"1965.25425\">Nehemiah 7:73</span>.",
    "puborder": 252,
    "translations": []
  },
  {
    "para_id": "1476.412",
    "id_prev": "1476.411",
    "id_next": "1476.415",
    "refcode_1": "RDAC",
    "refcode_2": "89",
    "refcode_3": "3",
    "refcode_4": "",
    "refcode_short": "RDAC 89.3",
    "refcode_long": "Refutation of the Doctrine Called The Age to Come, p. 89.3 (Joseph Harvey Waggoner)",
    "element_type": "p",
    "element_subtype": "standard-indented",
    "content": "When the temple was built, it was dedicated as related by Ezra. &ldquo;And the children of Israel, the priests and the Levites, and <em>the rest of the children of the captivity</em>, kept the dedication of this house of God with joy, and offered at the dedication of this house of God an hundred bullocks, two hundred rams, four hundred lambs; <span class=\"page-break\" data-page=\"90\"></span> and for a sin offering <em>for all Israel</em>, twelve <em>he-goats, according to the number of the tribes of Israel</em>.&rdquo; <span class=\"egwlink egwlink_bible\" title=\"Ezra 6:16\" data-link=\"1965.24761\">Ezra 6:16, 17</span>; <span class=\"egwlink egwlink_bible\" title=\"Ezra 8:35\" data-link=\"1965.24901\">8:35</span>. If ten tribes were lacking, it would be truly singular that it should not be mentioned in such a connection as this.",
    "puborder": 253,
    "translations": []
  },
  {
    "para_id": "1476.415",
    "id_prev": "1476.412",
    "id_next": "1476.416",
    "refcode_1": "RDAC",
    "refcode_2": "90",
    "refcode_3": "1",
    "refcode_4": "",
    "refcode_short": "RDAC 90.1",
    "refcode_long": "Refutation of the Doctrine Called The Age to Come, p. 90.1 (Joseph Harvey Waggoner)",
    "element_type": "p",
    "element_subtype": "standard-indented",
    "content": "There is another <em>gathering of Israel</em> spoken of in both Testaments, which we will briefly notice. <span class=\"egwlink egwlink_bible\" title=\"Isaiah 27:1\" data-link=\"1965.37036\">Isaiah 27</span> evidently refers to it. Note in <span class=\"egwlink egwlink_bible\" title=\"Isaiah 27:11\" data-link=\"1965.37056\">verse 11</span> the expression parallel to <span class=\"egwlink egwlink_bible\" title=\"Romans 11:1\" data-link=\"1965.57525\">Romans 11</span>. &ldquo;When the boughs thereof are withered, they shall be broken off; the women come and set them on fire; for it is a people of no understanding; therefore he that made them will not have mercy on them, and he that formed them will show them no favor. And it shall come to pass in that clay, that the Lord shall beat off from the channel of the river unto the stream of Egypt, and <em>ye shall be gathered one by one</em>, O ye children of Israel. And it shall come to pass in that day, that <em>the great trumpet shall be blown</em>, and they shall come which were ready to perish in the land of Assyria, and the outcasts in the land of Egypt, and shall worship the Lord in the holy mount at Jerusalem.&rdquo; <span class=\"egwlink egwlink_bible\" title=\"Isaiah 27:13\" data-link=\"1965.37060\">Verses 11-13</span>. This we think is easily identified as the gathering of the New Testament. When the Saviour comes, &ldquo;he shall send his angels <em>with a great sound of a trumpet</em>, and they shall <em>gather together his elect from the four winds</em>, from one end of heaven to the other.&rdquo; <span class=\"egwlink egwlink_bible\" title=\"Matthew 24:31\" data-link=\"1965.48972\">Matthew 24:31</span>.",
    "puborder": 254,
    "translations": []
  },
  {
    "para_id": "1476.416",
    "id_prev": "1476.415",
    "id_next": "1476.419",
    "refcode_1": "RDAC",
    "refcode_2": "90",
    "refcode_3": "2",
    "refcode_4": "",
    "refcode_short": "RDAC 90.2",
    "refcode_long": "Refutation of the Doctrine Called The Age to Come, p. 90.2 (Joseph Harvey Waggoner)",
    "element_type": "p",
    "element_subtype": "standard-indented",
    "content": "That this is the gathering of Israel referred to in the prophets is proved by reference to <span class=\"egwlink egwlink_bible\" title=\"Ezekiel 37:1\" data-link=\"1965.43664\">Ezekiel 37</span>. After relating the vision and the revivifying of the dry bones, the Lord said, &ldquo;Son of man, <em>these bones are</em> the whole house of Israel: behold, <span class=\"page-break\" data-page=\"91\"></span> they say, our bones are dried, and our hope is lost: we are cut off for our parts. Therefore prophesy and say unto them, Thus saith the Lord God: Behold, O my people, I will open your graves, and cause you to come up out of your graves, and <em>bring you into the land of Israel</em>. * * * And say unto them, Thus saith the Lord God, Behold, I will take the children of Israel from among the heathen, whither they be gone, and will gather them on every side, and bring them into their own land.&rdquo; <span class=\"egwlink egwlink_bible\" title=\"Ezekiel 37:11\" data-link=\"1965.43684\">Verses 11, 12, 21</span>. Comp. vs. 20-28, and <span class=\"egwlink egwlink_bible\" title=\"Revelation 21:1\" data-link=\"1965.63365\">Revelation 21</span>.",
    "puborder": 255,
    "translations": []
  },
  {
    "para_id": "1476.419",
    "id_prev": "1476.416",
    "id_next": "1476.420",
    "refcode_1": "RDAC",
    "refcode_2": "91",
    "refcode_3": "1",
    "refcode_4": "",
    "refcode_short": "RDAC 91.1",
    "refcode_long": "Refutation of the Doctrine Called The Age to Come, p. 91.1 (Joseph Harvey Waggoner)",
    "element_type": "p",
    "element_subtype": "standard-indented",
    "content": "This gathering is coincident with that of <span class=\"egwlink egwlink_bible\" title=\"Matthew 24:1\" data-link=\"1965.48912\">Matthew 24</span>, above referred to, as the graves of the house of Israel will be opened when the Lord sends his angels with a sound of a trumpet to gather his elect. The various points referred to in <span class=\"egwlink egwlink_bible\" title=\"Isaiah 27:1\" data-link=\"1965.37036\">Isaiah 27</span>, <span class=\"egwlink egwlink_bible\" title=\"Ezekiel 37:1\" data-link=\"1965.43664\">Ezekiel 37</span>, and <span class=\"egwlink egwlink_bible\" title=\"Matthew 24:1\" data-link=\"1965.48912\">Matthew 24</span>, are united in <span class=\"egwlink egwlink_bible\" title=\"1 Thessalonians 4:16\" data-link=\"1965.60408\">1 Thessalonians 4:16, 17</span>. &ldquo;For the Lord himself shall descend from heaven with a shout, with the voice of the archangel, and <em>with the trump of God</em>; and the <em>dead in Christ</em> shall rise first: then we which are alive and remain shall be caught up <em>together with them</em> in the clouds, to meet the Lord in the air.&rdquo;",
    "puborder": 256,
    "translations": []
  },
  {
    "para_id": "1476.420",
    "id_prev": "1476.419",
    "id_next": "1476.421",
    "refcode_1": "RDAC",
    "refcode_2": "91",
    "refcode_3": "2",
    "refcode_4": "",
    "refcode_short": "RDAC 91.2",
    "refcode_long": "Refutation of the Doctrine Called The Age to Come, p. 91.2 (Joseph Harvey Waggoner)",
    "element_type": "p",
    "element_subtype": "standard-indented",
    "content": "In <span class=\"egwlink egwlink_bible\" title=\"2 Thessalonians 2:1\" data-link=\"1965.60498\">2 Thessalonians 2</span>, the subject is also introduced of &ldquo;the coming of the Lord Jesus Christ, and <em>our gathering together unto him</em>.&rdquo; This we firmly believe is the only gathering of Israel that remains to fulfill the prophecies.",
    "puborder": 257,
    "translations": []
  }
]