[
  {
    "para_id": "481.231",
    "id_prev": "481.230",
    "id_next": "481.232",
    "refcode_1": "GCDB",
    "refcode_2": "B",
    "refcode_3": "",
    "refcode_4": "1893",
    "refcode_short": "GCDB February 5,  1893, par. 1",
    "refcode_long": "General Conference Daily Bulletin February 5,  1893, paragraph 1",
    "element_type": "h3",
    "element_subtype": "",
    "content": "February 5, 1893",
    "puborder": 237,
    "translations": []
  },
  {
    "para_id": "481.232",
    "id_prev": "481.231",
    "id_next": "481.233",
    "refcode_1": "GCDB",
    "refcode_2": "B",
    "refcode_3": "",
    "refcode_4": "1893",
    "refcode_short": "GCDB February 5,  1893",
    "refcode_long": "General Conference Daily Bulletin February 5,  1893",
    "element_type": "h5",
    "element_subtype": "",
    "content": "Extract From &ldquo;Temptations of Christ&rdquo;",
    "puborder": 238,
    "translations": []
  },
  {
    "para_id": "481.233",
    "id_prev": "481.232",
    "id_next": "481.234",
    "refcode_1": "GCDB",
    "refcode_2": "B",
    "refcode_3": "",
    "refcode_4": "1893",
    "refcode_short": "",
    "refcode_long": "",
    "element_type": "p",
    "element_subtype": "periodicalauthor",
    "content": "EGW",
    "puborder": 239,
    "translations": []
  },
  {
    "para_id": "481.234",
    "id_prev": "481.233",
    "id_next": "481.235",
    "refcode_1": "GCDB",
    "refcode_2": "B",
    "refcode_3": "",
    "refcode_4": "1893",
    "refcode_short": "GCDB February 5,  1893, par. 1",
    "refcode_long": "General Conference Daily Bulletin February 5,  1893, paragraph 1",
    "element_type": "p",
    "element_subtype": "standard-indented",
    "content": "&ldquo;Many hold that from the nature of Christ it was impossible for Satan&apos;s temptations to weaken or overthrow him; then Christ could not have been placed in Adam&apos;s position to go over the ground where Adam stumbled and fell; he could not have gained the victory that Adam failed to gain. If man has in any sense a more trying conflict to endure than had Christ, then Christ is not able to succor him when tempted. Christ took humanity with all its liabilities. He took the nature of man capable of yielding to temptation and with the same aid that men may obtain, he withstood the temptations of Satan and conquered the same as we may conquer.... For four thousand years the race had been decreasing in size and physical strength and deteriorating in moral worth, and in order to elevate fallen man Christ must reach him where he stood. He assumed human nature, bearing the infirmities and degeneracy of the race. He humiliated himself to the lowest depths of human woe, that he might sympathize with man and rescue him from the degradation into which sin had plunged him. It is not true that humanity has trials to bear which the Son of God has not experienced. Christ&apos;s victory may be ours, by faith we conquer in him.&rdquo;",
    "puborder": 240,
    "translations": []
  }
]