[
  {
    "para_id": "481.441",
    "id_prev": "481.916",
    "id_next": "481.442",
    "refcode_1": "GCDB",
    "refcode_2": "D",
    "refcode_3": "",
    "refcode_4": "1897",
    "refcode_short": "GCDB February 18,  1897, par. 6",
    "refcode_long": "General Conference Daily Bulletin February 18,  1897, paragraph 6",
    "element_type": "h3",
    "element_subtype": "",
    "content": "February 18, 1897",
    "puborder": 448,
    "translations": []
  },
  {
    "para_id": "481.442",
    "id_prev": "481.441",
    "id_next": "481.443",
    "refcode_1": "GCDB",
    "refcode_2": "D",
    "refcode_3": "",
    "refcode_4": "1897",
    "refcode_short": "GCDB February 18,  1897",
    "refcode_long": "General Conference Daily Bulletin February 18,  1897",
    "element_type": "h5",
    "element_subtype": "",
    "content": "&ldquo;Organization is a good thing ...&rdquo;",
    "puborder": 449,
    "translations": []
  },
  {
    "para_id": "481.443",
    "id_prev": "481.442",
    "id_next": "481.444",
    "refcode_1": "GCDB",
    "refcode_2": "D",
    "refcode_3": "",
    "refcode_4": "1897",
    "refcode_short": "",
    "refcode_long": "",
    "element_type": "p",
    "element_subtype": "periodicalauthor",
    "content": "EGW",
    "puborder": 450,
    "translations": []
  },
  {
    "para_id": "481.444",
    "id_prev": "481.443",
    "id_next": "481.445",
    "refcode_1": "GCDB",
    "refcode_2": "D",
    "refcode_3": "",
    "refcode_4": "1897",
    "refcode_short": "GCDB February 18,  1897, par. 1",
    "refcode_long": "General Conference Daily Bulletin February 18,  1897, paragraph 1",
    "element_type": "p",
    "element_subtype": "standard-indented",
    "content": "Organization is a good thing. I have the word of the Lord plain and decisive that all who see the necessity of organization must themselves become an example by being organized, and carrying out to the letter the principles of organization in their life practice.",
    "puborder": 451,
    "translations": []
  },
  {
    "para_id": "481.445",
    "id_prev": "481.444",
    "id_next": "481.446",
    "refcode_1": "GCDB",
    "refcode_2": "D",
    "refcode_3": "",
    "refcode_4": "1897",
    "refcode_short": "GCDB February 18,  1897, par. 2",
    "refcode_long": "General Conference Daily Bulletin February 18,  1897, paragraph 2",
    "element_type": "p",
    "element_subtype": "standard-indented",
    "content": "Organization, carried out in the life <em>as God means that it shall be</em>, brings to every soul who is engaged in the work of God his submission to the divine will. It leads them to give themselves to God, to be worked by his Holy Spirit. Any who suppose that it does not mean this, are no longer to stand in responsible positions, having voice to control in the great closing work of these last days.",
    "puborder": 452,
    "translations": []
  }
]