[
  {
    "para_id": "1583.5106",
    "id_prev": "1583.5103",
    "id_next": "1583.5107",
    "refcode_1": "PFF4",
    "refcode_2": "884",
    "refcode_3": "",
    "refcode_4": "271",
    "refcode_short": "PFF4 884",
    "refcode_long": "The Prophetic Faith of Our Fathers, vol. 4, p. 884 (LeRoy Edwin Froom)",
    "element_type": "h4",
    "element_subtype": "",
    "content": "III. Startling Parallel to Disciple Disappointment",
    "puborder": 3616,
    "translations": []
  },
  {
    "para_id": "1583.5107",
    "id_prev": "1583.5106",
    "id_next": "1583.5108",
    "refcode_1": "PFF4",
    "refcode_2": "884",
    "refcode_3": "1",
    "refcode_4": "",
    "refcode_short": "PFF4 884.1",
    "refcode_long": "The Prophetic Faith of Our Fathers, vol. 4, p. 884.1 (LeRoy Edwin Froom)",
    "element_type": "p",
    "element_subtype": "standard-indented",
    "content": "As they journeyed back and forth among the homes of the advent believers, Edson and his companion reviewed with increasing fascination the crisis hour of the disciple band of old. They pondered how, after the crucifixion, two of that distraught group were plodding along the road to Emma us in sorrowful meditation on the tragic events that had convulsed Jerusalem and had blasted the hopes of Christ&rsquo;s followers. (That was their great disappointment; much like our own, Edson thought.) The prophecies that had assuredly foretold the time of Messiah&rsquo;s advent had also prophesied that He would become King of Israel, but without specifying when. And only a few days prior He had ridden into Jerusalem in triumphant acclaim, just as foretold by the prophet. (<span class=\"egwlink egwlink_bible\" title=\"Matthew 21:4\" data-link=\"1965.48653\">Matthew 21:4, 5</span>; cf. <span class=\"egwlink egwlink_bible\" title=\"Zechariah 9:9\" data-link=\"1965.46977\">Zechariah 9:9</span>.) But He had of been crowned king. Instead, He had been tried, condemned, and crucified; nailed to a cross, and suspended in ignominy between two thieves. And then He had been buried in a tomb. It had been a terrible shock to His expectant followers. They were completely mistaken in the event to occur.",
    "puborder": 3617,
    "translations": []
  },
  {
    "para_id": "1583.5108",
    "id_prev": "1583.5107",
    "id_next": "1583.5111",
    "refcode_1": "PFF4",
    "refcode_2": "884",
    "refcode_3": "2",
    "refcode_4": "",
    "refcode_short": "PFF4 884.2",
    "refcode_long": "The Prophetic Faith of Our Fathers, vol. 4, p. 884.2 (LeRoy Edwin Froom)",
    "element_type": "p",
    "element_subtype": "standard-indented",
    "content": "But now, as these two disciples walked on, another (the resurrected Jesus Himself) joined them. He drew out the sorrowful admission that they had fondly hoped Jesus Christ to have been the promised Messiah. But apparently He was not. Then the Stranger recalled to their minds various scriptures <span class=\"page-break\" data-page=\"885\"></span> concerning the Messiah, which they had not comprehended. And He asked, &ldquo;Ought not Christ to have suffered these things, and to enter into glory?&rdquo; (<span class=\"egwlink egwlink_bible\" title=\"Luke 24:26\" data-link=\"1965.53076\">Luke 24:26</span>.) Then, as He expounded these scriptures anew, light from the writings of Moses and all the prophets gradually opened their understanding.",
    "puborder": 3618,
    "translations": []
  },
  {
    "para_id": "1583.5111",
    "id_prev": "1583.5108",
    "id_next": "1583.5112",
    "refcode_1": "PFF4",
    "refcode_2": "885",
    "refcode_3": "1",
    "refcode_4": "",
    "refcode_short": "PFF4 885.1",
    "refcode_long": "The Prophetic Faith of Our Fathers, vol. 4, p. 885.1 (LeRoy Edwin Froom)",
    "element_type": "p",
    "element_subtype": "standard-indented",
    "content": "And that evening, as they sat at meat in their lodging in Emmaus, the light of Christ&rsquo;s real mission burst suddenly upon them. He was indeed the crucified Christ, the very same One they had expected to see crowned king. But He was not yet king. Indeed, such a transaction was never designed in the plan of God to be His mission at that time. That was to come later. He had first to become their atoning Sacrifice. This He had accomplished on Calvary. And now He was about to ascend to His Father, to become their merciful, high priestly Mediator in heaven above. Finally, when that priestly ministry was finished, He would then come back to earth again, this time as King of kings. (That, Edson and Crosier saw, was the paralleling disappointment to their own experience. They too must wait a little while yet before the glorious outcome of it all. Christ still had a work to perform in heaven before coming back to earth.)",
    "puborder": 3619,
    "translations": []
  },
  {
    "para_id": "1583.5112",
    "id_prev": "1583.5111",
    "id_next": "1583.5113",
    "refcode_1": "PFF4",
    "refcode_2": "885",
    "refcode_3": "2",
    "refcode_4": "",
    "refcode_short": "PFF4 885.2",
    "refcode_long": "The Prophetic Faith of Our Fathers, vol. 4, p. 885.2 (LeRoy Edwin Froom)",
    "element_type": "p",
    "element_subtype": "standard-indented",
    "content": "Then, just before the ascension, the eleven stood in joyful expectation with their risen Christ on the Mount of Olives. And again, despite all the light that had dawned on His earthly mission, they still urged the point, &ldquo;Lord, wilt thou at this time restore again the kingdom to Israel?&rdquo; (<span class=\"egwlink egwlink_bible\" title=\"Acts 1:6\" data-link=\"1965.54924\">Acts 1:6</span>.) But His answer was: &ldquo;It is not for you to know the times or the seasons, which the Father hath put in his own power. But ye shall receive power, after that the Holy Ghost is come upon you: and ye shall be witnesses unto me both in Jerusalem, arid in all Judaea, and in Samaria, and unto the uttermost part of the earth.&rdquo; (<span class=\"egwlink egwlink_bible\" title=\"Acts 1:7\" data-link=\"1965.54926\">Acts 1:7, 8</span>.) (See frontispiece, opposite title page.)",
    "puborder": 3620,
    "translations": []
  },
  {
    "para_id": "1583.5113",
    "id_prev": "1583.5112",
    "id_next": "1583.5116",
    "refcode_1": "PFF4",
    "refcode_2": "885",
    "refcode_3": "3",
    "refcode_4": "",
    "refcode_short": "PFF4 885.3",
    "refcode_long": "The Prophetic Faith of Our Fathers, vol. 4, p. 885.3 (LeRoy Edwin Froom)",
    "element_type": "p",
    "element_subtype": "standard-indented",
    "content": "Edson and Crosier then remembered how, as Jesus lifted up His hands and blessed them, He &ldquo;was parted from them, and carried up into heaven.&rdquo; Soon the shining cloud that &ldquo;received him out of their sight&rdquo; faded out in the distance. Then, as they were still gazing upward in wonderment, suddenly <span class=\"page-break\" data-page=\"886\"></span> two swift messengers of heaven appeared and declared, &ldquo;This same Jesus, which is taken up from you into heaven shall so come in like manner as ye have seen him go into heaven.&rdquo; (<span class=\"egwlink egwlink_bible\" title=\"Acts 1:11\" data-link=\"1965.54934\">Acts 1:11</span>.) <sup class=\"footnote\"><a class=\"footnote\">8<span class=\"footnote\">Impressively portrayed in the frontispiece of this volume.</span></a></sup> Forty days before He had said, &ldquo;I go to prepare a place for you. And if I go and prepare a place for you, I will come again, and receive you unto myself; that where I am, there ye may be also.&rdquo; (<span class=\"egwlink egwlink_bible\" title=\"John 14:2\" data-link=\"1965.54397\">John 14:2, 3</span>.) He had already given a partial answer to them, but they had failed to grasp it. Now the story was completed and enforced. Thus it was that the glorious provision of the second advent, which has since been the supreme hope of the ages, became the declared climax of all prophecy. It was the rock upon which the entire gospel structure was built. This second thought, of the paralleling disciple disappointment, was of tremendous encouragement.",
    "puborder": 3621,
    "translations": []
  }
]