[
  {
    "para_id": "365.30",
    "id_prev": "365.28",
    "id_next": "365.31",
    "refcode_1": "PH089",
    "refcode_2": "8",
    "refcode_3": "",
    "refcode_4": "5",
    "refcode_short": "PH089 8",
    "refcode_long": "Spiritual Advancement the Object of Camp-Meetings, p. 8 (Ellen Gould White)",
    "element_type": "h3",
    "element_subtype": "",
    "content": "The Need in Our Camp-Meetings",
    "puborder": 22,
    "translations": []
  },
  {
    "para_id": "365.31",
    "id_prev": "365.30",
    "id_next": "365.32",
    "refcode_1": "PH089",
    "refcode_2": "8",
    "refcode_3": "1",
    "refcode_4": "",
    "refcode_short": "PH089 8.1",
    "refcode_long": "Spiritual Advancement the Object of Camp-Meetings, p. 8.1 (Ellen Gould White)",
    "element_type": "p",
    "element_subtype": "standard-indented",
    "content": "If the man who feels himself called of God to be a minister, will abase himself and learn of Christ, he will become a true teacher. This is what we need in our camp-meetings&mdash;a ministry vivified with the Holy Ghost. There must be less sermonizing, and more tact to educate the people in practical religion. The people must be impressed with the fact that Jesus is salvation to all who believe in him. &ldquo;God so loved the world, that he gave his only begotten Son, that whosoever believeth in him should not perish, but have everlasting life.&rdquo; There are grand themes on which the gospel minister may dwell. Jesus has said, &ldquo;He that believeth on the Son hath everlasting life.&rdquo;",
    "puborder": 23,
    "translations": []
  },
  {
    "para_id": "365.32",
    "id_prev": "365.31",
    "id_next": "365.33",
    "refcode_1": "PH089",
    "refcode_2": "8",
    "refcode_3": "2",
    "refcode_4": "",
    "refcode_short": "PH089 8.2",
    "refcode_long": "Spiritual Advancement the Object of Camp-Meetings, p. 8.2 (Ellen Gould White)",
    "element_type": "p",
    "element_subtype": "standard-indented",
    "content": "If the minister&apos;s lips are touched with a coal from off the altar, he will lift up Jesus as the sinner&apos;s only hope. When the heart of the speaker is sanctified through the truth, his words will be living realities to himself and to others; for those who hear him will know that he has been with God, and drawn near to him in fervent, effectual prayer. The Holy Spirit has fallen upon him, and his soul has felt the vital, heavenly fire, and he will be able to compare spiritual things with spiritual, and to tear down the strongholds of the enemy. Hearts will be broken by his presentation of the love of God, and many will inquire, &ldquo;What must I do to be saved?&rdquo;",
    "puborder": 24,
    "translations": []
  }
]