[
  {
    "para_id": "1441.356",
    "id_prev": "1441.355",
    "id_next": "1441.357",
    "refcode_1": "ATNM",
    "refcode_2": "89",
    "refcode_3": "",
    "refcode_4": "",
    "refcode_short": "ATNM 89",
    "refcode_long": "Angels: Their Nature and Ministry, p. 89 (Joseph Harvey Waggoner)",
    "element_type": "h3",
    "element_subtype": "",
    "content": "§8. MAN IN PRISON",
    "puborder": 196,
    "translations": []
  },
  {
    "para_id": "1441.357",
    "id_prev": "1441.356",
    "id_next": "1441.358",
    "refcode_1": "ATNM",
    "refcode_2": "89",
    "refcode_3": "2",
    "refcode_4": "",
    "refcode_short": "ATNM 89.2",
    "refcode_long": "Angels: Their Nature and Ministry, p. 89.2 (Joseph Harvey Waggoner)",
    "element_type": "p",
    "element_subtype": "standard-indented",
    "content": "It is written in the Scriptures that &ldquo;we must needs die.&rdquo; <span class=\"egwlink egwlink_bible\" title=\"2 Samuel 14:14\" data-link=\"1965.17034\">2 Samuel 14:14</span>. But this necessity was not according to God&rsquo;s original purpose or arrangement. God is the God of life. He has no pleasure in the death of any of His creatures. <span class=\"egwlink egwlink_bible\" title=\"Ezekiel 18:23\" data-link=\"1965.42593\">Ezekiel 18:23, 31, 32</span>. He pronounced the sentence of death on Adam, but He had warned him against incurring the guilt that would certainly bring it; He peremptorily forbade his pursuing a course that would result in death. <span class=\"egwlink egwlink_bible\" title=\"Genesis 2:16\" data-link=\"1965.98\">Genesis 2:16, 17</span>. That the Lord loved man, and had a strong desire that he should live and not die, is shown in the wonderful provision He made to recover man from death.",
    "puborder": 197,
    "translations": []
  },
  {
    "para_id": "1441.358",
    "id_prev": "1441.357",
    "id_next": "1441.361",
    "refcode_1": "ATNM",
    "refcode_2": "89",
    "refcode_3": "3",
    "refcode_4": "",
    "refcode_short": "ATNM 89.3",
    "refcode_long": "Angels: Their Nature and Ministry, p. 89.3 (Joseph Harvey Waggoner)",
    "element_type": "p",
    "element_subtype": "standard-indented",
    "content": "&ldquo;Sin entered into the world, and death by sin.&rdquo; <span class=\"egwlink egwlink_bible\" title=\"Romans 5:12\" data-link=\"1965.57217\">Romans 5:12</span>. And &ldquo;he that committeth sin is of <span class=\"page-break\" data-page=\"90\"></span> the devil; for the devil sinneth from the beginning.&rdquo; <span class=\"egwlink egwlink_bible\" title=\"1 John 3:8\" data-link=\"1965.62401\">1 John 3:8</span>. By his deception and falsehood he led our first parents to sin; but as death inevitably follows sin, he who introduced sin introduced death. Therefore also it is said that he that had power of death is the devil. <span class=\"egwlink egwlink_bible\" title=\"Hebrews 2:14\" data-link=\"1965.61178\">Hebrews 2:14</span>.",
    "puborder": 198,
    "translations": []
  },
  {
    "para_id": "1441.361",
    "id_prev": "1441.358",
    "id_next": "1441.362",
    "refcode_1": "ATNM",
    "refcode_2": "90",
    "refcode_3": "1",
    "refcode_4": "",
    "refcode_short": "ATNM 90.1",
    "refcode_long": "Angels: Their Nature and Ministry, p. 90.1 (Joseph Harvey Waggoner)",
    "element_type": "p",
    "element_subtype": "standard-indented",
    "content": "Concerning the children of Rachel, the Lord promised that they should come again from the land of the enemy. <span class=\"egwlink egwlink_bible\" title=\"Jeremiah 31:16\" data-link=\"1965.40217\">Jeremiah 31:16</span>. These children were cruelly put to death. See <span class=\"egwlink egwlink_bible\" title=\"Matthew 2:16\" data-link=\"1965.47344\">Matthew 2:16-18</span>. Paul says that death is the last enemy. <span class=\"egwlink egwlink_bible\" title=\"1 Corinthians 15:26\" data-link=\"1965.58614\">1 Corinthians 15:26</span>. It is the last enemy, for when death overtakes us, no other enemy can reach us. Life is the first and the greatest of all blessings; so death is the greatest and last of all evils. They were under the power of death, under the dominion of Satan, for Satan, in introducing sin and death, opened the gates of the grave, that great prison house of mankind.",
    "puborder": 199,
    "translations": []
  },
  {
    "para_id": "1441.362",
    "id_prev": "1441.361",
    "id_next": "1441.363",
    "refcode_1": "ATNM",
    "refcode_2": "90",
    "refcode_3": "2",
    "refcode_4": "",
    "refcode_short": "ATNM 90.2",
    "refcode_long": "Angels: Their Nature and Ministry, p. 90.2 (Joseph Harvey Waggoner)",
    "element_type": "p",
    "element_subtype": "standard-indented",
    "content": "<em>Sheol,</em> the place of all the dead, is always spoken of as a realm of darkness, gloominess, and terrors; its inhabitants have neither light nor knowledge; all their hopes, their fears, their joys, their sorrows, their thoughts have perished. Let us hear the word of the Lord on this subject:-",
    "puborder": 200,
    "translations": []
  },
  {
    "para_id": "1441.363",
    "id_prev": "1441.362",
    "id_next": "1441.366",
    "refcode_1": "ATNM",
    "refcode_2": "90",
    "refcode_3": "3",
    "refcode_4": "",
    "refcode_short": "ATNM 90.3",
    "refcode_long": "Angels: Their Nature and Ministry, p. 90.3 (Joseph Harvey Waggoner)",
    "element_type": "p",
    "element_subtype": "standard-indented",
    "content": "&ldquo;For the living know that they shall die; but the dead know not anything, neither have they any more a reward; for the memory of them is forgotten. Also their love, and their hatred, and their envy, is now perished.&rdquo; <span class=\"egwlink egwlink_bible\" title=\"Ecclesiastes 9:5\" data-link=\"1965.35652\">Ecclesiastes 9:5, 6</span>. &ldquo;Whatsoever thy hand findeth to do, do it with thy might; for there is no work, nor device, nor knowledge, nor wisdom, in the grave, whither thou goest.&rdquo; <span class=\"egwlink egwlink_bible\" title=\"Ecclesiastes 9:10\" data-link=\"1965.35662\">Verse 10</span>. <span class=\"page-break\" data-page=\"91\"></span> Job, speaking of the condition of those who fall under the power of death, says: &ldquo;Thou changest his countenance, and sendest him away. His sons come to honor, and he knoweth it not; and they are brought low, but he perceiveth it not of them.&rdquo; <span class=\"egwlink egwlink_bible\" title=\"Job 14:20\" data-link=\"1965.26873\">Job 14:20, 21</span>.",
    "puborder": 201,
    "translations": []
  },
  {
    "para_id": "1441.366",
    "id_prev": "1441.363",
    "id_next": "1441.367",
    "refcode_1": "ATNM",
    "refcode_2": "91",
    "refcode_3": "1",
    "refcode_4": "",
    "refcode_short": "ATNM 91.1",
    "refcode_long": "Angels: Their Nature and Ministry, p. 91.1 (Joseph Harvey Waggoner)",
    "element_type": "p",
    "element_subtype": "standard-indented",
    "content": "The Psalmist gives a striking illustration of the realms of death, as follows: &ldquo;Wilt Thou show wonders to the dead? shall the dead arise and praise Thee? shall Thy loving-kindness be declared in the grave? or Thy faithfulness in destruction? shall Thy wonders be known in the dark? and Thy righteousness in the land of forgetfulness? &ldquo;<span class=\"egwlink egwlink_bible\" title=\"Psalm 88:10\" data-link=\"1965.31224\">Psalm 88:10-12</span>. And again; &ldquo;His breath goeth forth, he returneth to his earth; in that very day his thoughts perish&rdquo; <span class=\"egwlink egwlink_bible\" title=\"Psalm 146:4\" data-link=\"1965.33336\">Psalm 146:4</span>.",
    "puborder": 202,
    "translations": []
  },
  {
    "para_id": "1441.367",
    "id_prev": "1441.366",
    "id_next": "1441.370",
    "refcode_1": "ATNM",
    "refcode_2": "91",
    "refcode_3": "2",
    "refcode_4": "",
    "refcode_short": "ATNM 91.2",
    "refcode_long": "Angels: Their Nature and Ministry, p. 91.2 (Joseph Harvey Waggoner)",
    "element_type": "p",
    "element_subtype": "standard-indented",
    "content": "And it is not merely their knowledge and thoughts of, and interest in, temporal things that have perished; they have lost their knowledge of God and their power to praise Him. &ldquo;For in death there is no remembrance of Thee; in the grave who shall give Thee thanks?&rdquo; <span class=\"egwlink egwlink_bible\" title=\"Psalm 6:5\" data-link=\"1965.28486\">Psalm 6:5</span>. This does not refer to the grave as we consider that term; it speaks of <em>sheol,</em> the place of the dead in general; as Lange says, it refers to that place in which the soul of Christ was not left. Compare <span class=\"egwlink egwlink_bible\" title=\"Psalm 16:10\" data-link=\"1965.28720\">Psalm 16:10</span> and <span class=\"egwlink egwlink_bible\" title=\"Acts 2:27\" data-link=\"1965.55019\">Acts 2:27, 31</span>. We read again; &ldquo;The dead praise not the Lord, neither any that go down into silence.&rdquo; <span class=\"egwlink egwlink_bible\" title=\"Psalm 115:17\" data-link=\"1965.32309\">Psalm 115:17</span>. And yet again, where the contrast between the condition and the power of <span class=\"page-break\" data-page=\"92\"></span> the dead and the living is shown in the most emphatic terms: &ldquo;For the grave cannot praise Thee, death cannot celebrate Thee; they that go down into the pit cannot hope for Thy truth. The living, the living, he shall praise Thee, as I do this day.&rdquo; <span class=\"egwlink egwlink_bible\" title=\"Isaiah 38:18\" data-link=\"1965.37559\">Isaiah 38:18, 19</span>.",
    "puborder": 203,
    "translations": []
  },
  {
    "para_id": "1441.370",
    "id_prev": "1441.367",
    "id_next": "1441.371",
    "refcode_1": "ATNM",
    "refcode_2": "92",
    "refcode_3": "1",
    "refcode_4": "",
    "refcode_short": "ATNM 92.1",
    "refcode_long": "Angels: Their Nature and Ministry, p. 92.1 (Joseph Harvey Waggoner)",
    "element_type": "p",
    "element_subtype": "standard-indented",
    "content": "It was not in the order of God that man should come to such a condition as that described by these texts, or descend to such a state of darkness, gloom, and forgetfulness. It was all the work of the enemy, whose object it was to mar the perfect work of the Creator.",
    "puborder": 204,
    "translations": []
  },
  {
    "para_id": "1441.371",
    "id_prev": "1441.370",
    "id_next": "1441.372",
    "refcode_1": "ATNM",
    "refcode_2": "92",
    "refcode_3": "2",
    "refcode_4": "",
    "refcode_short": "ATNM 92.2",
    "refcode_long": "Angels: Their Nature and Ministry, p. 92.2 (Joseph Harvey Waggoner)",
    "element_type": "p",
    "element_subtype": "standard-indented",
    "content": "Man in the grave is represented as being shut up in its darkness and gloom, as prisoners are shut up in a prison or dungeon. &ldquo;There the prisoners rest together.&rdquo; <span class=\"egwlink egwlink_bible\" title=\"Job 3:18\" data-link=\"1965.26304\">Job 3:18</span>. Speaking of punishing the kings and high ones of the earth, the Lord says:",
    "puborder": 205,
    "translations": []
  },
  {
    "para_id": "1441.372",
    "id_prev": "1441.371",
    "id_next": "1441.373",
    "refcode_1": "ATNM",
    "refcode_2": "92",
    "refcode_3": "3",
    "refcode_4": "",
    "refcode_short": "ATNM 92.3",
    "refcode_long": "Angels: Their Nature and Ministry, p. 92.3 (Joseph Harvey Waggoner)",
    "element_type": "p",
    "element_subtype": "standard-indented",
    "content": "&ldquo;And they shall be gathered together as prisoners are gathered in the pit [or dungeon], and shall be shut up in the prison, and after many days shall they be visited.&rdquo; <span class=\"egwlink egwlink_bible\" title=\"Isaiah 24:22\" data-link=\"1965.36963\">Isaiah 24:22</span>.",
    "puborder": 206,
    "translations": []
  },
  {
    "para_id": "1441.373",
    "id_prev": "1441.372",
    "id_next": "1441.376",
    "refcode_1": "ATNM",
    "refcode_2": "92",
    "refcode_3": "4",
    "refcode_4": "",
    "refcode_short": "ATNM 92.4",
    "refcode_long": "Angels: Their Nature and Ministry, p. 92.4 (Joseph Harvey Waggoner)",
    "element_type": "p",
    "element_subtype": "standard-indented",
    "content": "Such is the condition of all who go into the grave. But many, in all sincerity, believe that only a part of man dies; that a part of him returns to dust, and another part evades the penalty, and continues to live somewhere else, or in some other condition. Of this we find no intimation in the law, nor in the penalty, nor in the sentence pronounced upon the sin. &ldquo;The wages of sin is death.&rdquo; &ldquo;The soul that sinneth, it shall die.&rdquo; <span class=\"page-break\" data-page=\"93\"></span> <span class=\"egwlink egwlink_bible\" title=\"Romans 6:23\" data-link=\"1965.57282\">Romans 6:23</span>; <span class=\"egwlink egwlink_bible\" title=\"Ezekiel 18:4\" data-link=\"1965.42555\">Ezekiel 18:4</span>. This being so, the whole question turns on this point, as to how much of man, or what part of man, committed the sin. All that sinned must die. Recognizing the fact that man is constituted of parts, we cannot say that a part of him sinned, and a part did not sin. While it is true that the wages of sin is death, it cannot be true that the real man, the truly responsible part of man, does not die. If any part escapes the penalty, it ought to be that part which is the least responsible.",
    "puborder": 207,
    "translations": []
  },
  {
    "para_id": "1441.376",
    "id_prev": "1441.373",
    "id_next": "1441.377",
    "refcode_1": "ATNM",
    "refcode_2": "93",
    "refcode_3": "1",
    "refcode_4": "",
    "refcode_short": "ATNM 93.1",
    "refcode_long": "Angels: Their Nature and Ministry, p. 93.1 (Joseph Harvey Waggoner)",
    "element_type": "p",
    "element_subtype": "standard-indented",
    "content": "But the Scriptures do not countenance such a theory. They, indeed, teach that man is constituted of different parts, but it takes the different parts to constitute the man. The man-the whole man-was involved in the sin, in the fall, and the whole man must suffer the penalty. No other doctrine than this is consistent with the scriptures we have quoted. In death there is no remembrance of God, no thanksgiving to Him. Death is the land of darkness and forgetfulness. In <em>sheol</em> there is no device, no knowledge, no affections. When man dies, his thoughts perish. All this we have read in plain terms in the Bible, and we must either believe it or deny it. Which will we do?",
    "puborder": 208,
    "translations": []
  },
  {
    "para_id": "1441.377",
    "id_prev": "1441.376",
    "id_next": "1441.380",
    "refcode_1": "ATNM",
    "refcode_2": "93",
    "refcode_3": "2",
    "refcode_4": "",
    "refcode_short": "ATNM 93.2",
    "refcode_long": "Angels: Their Nature and Ministry, p. 93.2 (Joseph Harvey Waggoner)",
    "element_type": "p",
    "element_subtype": "standard-indented",
    "content": "It is this fact which makes the doctrine of the resurrection of such immense importance. Says Paul: &ldquo;But if there be no resurrection of the dead, then is Christ not risen; and if Christ be not risen, then is our preaching vain, and your faith is also vain; ... for if the dead rise not, then is not <span class=\"page-break\" data-page=\"94\"></span> Christ raised; and if Christ be not raised, your faith is vain; ye are yet in your sins. Then they also which are fallen asleep in Christ are perished. If in this life only we have hope in Christ, we are of all men most miserable.&rdquo; <span class=\"egwlink egwlink_bible\" title=\"1 Corinthians 15:13\" data-link=\"1965.58588\">1 Corinthians 15:13-19</span>.",
    "puborder": 209,
    "translations": []
  },
  {
    "para_id": "1441.380",
    "id_prev": "1441.377",
    "id_next": "1441.381",
    "refcode_1": "ATNM",
    "refcode_2": "94",
    "refcode_3": "1",
    "refcode_4": "",
    "refcode_short": "ATNM 94.1",
    "refcode_long": "Angels: Their Nature and Ministry, p. 94.1 (Joseph Harvey Waggoner)",
    "element_type": "p",
    "element_subtype": "standard-indented",
    "content": "Here it is plainly shown that without a resurrection we have no hope beyond this life; and, with out a resurrection, they who are fallen asleep in Christ are perished. This is not according to the most popular view, that the dead are already in glory, which makes their salvation and happiness independent of the resurrection. And again the apostle says, in <span class=\"egwlink egwlink_bible\" title=\"1 Corinthians 15:32\" data-link=\"1965.58626\">verse 32</span>:-",
    "puborder": 210,
    "translations": []
  },
  {
    "para_id": "1441.381",
    "id_prev": "1441.380",
    "id_next": "1441.382",
    "refcode_1": "ATNM",
    "refcode_2": "94",
    "refcode_3": "2",
    "refcode_4": "",
    "refcode_short": "ATNM 94.2",
    "refcode_long": "Angels: Their Nature and Ministry, p. 94.2 (Joseph Harvey Waggoner)",
    "element_type": "p",
    "element_subtype": "standard-indented",
    "content": "&ldquo;If after the manner of men I have fought with beasts at Ephesus, what doth it profit me? If the dead are not raised, let us eat and drink; for tomorrow we die.&rdquo;",
    "puborder": 211,
    "translations": []
  },
  {
    "para_id": "1441.382",
    "id_prev": "1441.381",
    "id_next": "1441.383",
    "refcode_1": "ATNM",
    "refcode_2": "94",
    "refcode_3": "3",
    "refcode_4": "",
    "refcode_short": "ATNM 94.3",
    "refcode_long": "Angels: Their Nature and Ministry, p. 94.3 (Joseph Harvey Waggoner)",
    "element_type": "p",
    "element_subtype": "standard-indented",
    "content": "On this text Dr. Clarke makes a very appropriate and truthful comment, as follows:-",
    "puborder": 212,
    "translations": []
  },
  {
    "para_id": "1441.383",
    "id_prev": "1441.382",
    "id_next": "1441.384",
    "refcode_1": "ATNM",
    "refcode_2": "94",
    "refcode_3": "4",
    "refcode_4": "",
    "refcode_short": "ATNM 94.4",
    "refcode_long": "Angels: Their Nature and Ministry, p. 94.4 (Joseph Harvey Waggoner)",
    "element_type": "p",
    "element_subtype": "standard-indented",
    "content": "&ldquo;What the apostle says here is a regular and legitimate conclusion from the doctrine that there is no resurrection; for if there be no resurrection, then there can be no judgment-no future state or rewards and punishments; why, therefore, should we bear crosses, and keep ourselves under continual discipline? Let us eat and drink, take all the pleasure we can, for tomorrow we die; and that is the end of us forever.&rdquo;",
    "puborder": 213,
    "translations": []
  },
  {
    "para_id": "1441.384",
    "id_prev": "1441.383",
    "id_next": "1441.387",
    "refcode_1": "ATNM",
    "refcode_2": "94",
    "refcode_3": "5",
    "refcode_4": "",
    "refcode_short": "ATNM 94.5",
    "refcode_long": "Angels: Their Nature and Ministry, p. 94.5 (Joseph Harvey Waggoner)",
    "element_type": "p",
    "element_subtype": "standard-indented",
    "content": "In this Dr. Clarke is quite correct. It is, indeed, the legitimate conclusion from the doctrine that there is no resurrection, but it is not the legitimate <span class=\"page-break\" data-page=\"95\"></span> conclusion from that doctrine according to the more popular view that the dead are already saved in heaven, and glorified without the resurrection. According to the Scriptures man is truly in prison.",
    "puborder": 214,
    "translations": []
  }
]