[
  {
    "para_id": "1441.153",
    "id_prev": "1441.150",
    "id_next": "1441.154",
    "refcode_1": "ATNM",
    "refcode_2": "40",
    "refcode_3": "",
    "refcode_4": "",
    "refcode_short": "ATNM 40",
    "refcode_long": "Angels: Their Nature and Ministry, p. 40 (Joseph Harvey Waggoner)",
    "element_type": "h3",
    "element_subtype": "",
    "content": "§12. RECORDING ANGELS",
    "puborder": 82,
    "translations": []
  },
  {
    "para_id": "1441.154",
    "id_prev": "1441.153",
    "id_next": "1441.155",
    "refcode_1": "ATNM",
    "refcode_2": "40",
    "refcode_3": "1",
    "refcode_4": "",
    "refcode_short": "ATNM 40.1",
    "refcode_long": "Angels: Their Nature and Ministry, p. 40.1 (Joseph Harvey Waggoner)",
    "element_type": "p",
    "element_subtype": "standard-indented",
    "content": "So general is the belief that the angels record the actions of men that the use of the expression &ldquo;recording angel&rdquo; has become proverbial. We would not, however; draw any conclusion merely from general belief, nor would we be positive where the Scriptures do not speak plainly. But we think that we may gather sufficient evidence from the Scriptures to justify the belief which has become so general among Christians.",
    "puborder": 83,
    "translations": []
  },
  {
    "para_id": "1441.155",
    "id_prev": "1441.154",
    "id_next": "1441.158",
    "refcode_1": "ATNM",
    "refcode_2": "40",
    "refcode_3": "2",
    "refcode_4": "",
    "refcode_short": "ATNM 40.2",
    "refcode_long": "Angels: Their Nature and Ministry, p. 40.2 (Joseph Harvey Waggoner)",
    "element_type": "p",
    "element_subtype": "standard-indented",
    "content": "It is plainly taught in the Bible that books are written before the Lord, and that they are brought <span class=\"page-break\" data-page=\"41\"></span> forth and used in the day of judgment. To the objection that the Lord does not need books in which to keep on record the actions of men, that everything is present to His mind, we have no answer to make. This is not a question of the knowledge of God, or how He could judge the world if He saw fit. We cannot know what He could do, or in what manner the judgment might be conducted, and it is only presumption to make suggestions on such a subject. We must accept what is revealed. The facts which are brought up in the judgment are not for the use of God alone. The angels and men must see and know that His judgments are just. The Lord does not choose to rule arbitrarily, but to have all see the righteousness of His ways. Therefore the record of the lives of men must be laid open to the view of all. The motives of the heart, sins done in secret, unknown to all but God and His ever-watchful angels, will be revealed. The saved will see that their friends who are lost are justly condemned. And thus all will unite in saying, &ldquo;True and righteous are His judgments.&rdquo; <span class=\"egwlink egwlink_bible\" title=\"Revelation 19:2\" data-link=\"1965.63293\">Revelation 19:2</span>.",
    "puborder": 84,
    "translations": []
  },
  {
    "para_id": "1441.158",
    "id_prev": "1441.155",
    "id_next": "1441.161",
    "refcode_1": "ATNM",
    "refcode_2": "41",
    "refcode_3": "1",
    "refcode_4": "",
    "refcode_short": "ATNM 41.1",
    "refcode_long": "Angels: Their Nature and Ministry, p. 41.1 (Joseph Harvey Waggoner)",
    "element_type": "p",
    "element_subtype": "standard-indented",
    "content": "Moreover, the saints are to judge the world. &ldquo;Do ye not know that the saints shall judge the world? ... Know ye not that we shall judge angels?&rdquo; <span class=\"egwlink egwlink_bible\" title=\"1 Corinthians 6:2\" data-link=\"1965.58055\">1 Corinthians 6:2, 3</span>. See also <span class=\"egwlink egwlink_bible\" title=\"Revelation 20:4\" data-link=\"1965.63340\">Revelation 20:4</span>. The saints will not only judge the world-the wicked world-but the fallen angels. But they can only know the actions of the wicked world and the fallen angels <span class=\"page-break\" data-page=\"42\"></span> by the things that are written. Of themselves they have not the knowledge of those actions necessary to judge faithfully and justly. Thus it is seen that the books of record are mainly for the use of men.",
    "puborder": 85,
    "translations": []
  },
  {
    "para_id": "1441.161",
    "id_prev": "1441.158",
    "id_next": "1441.162",
    "refcode_1": "ATNM",
    "refcode_2": "42",
    "refcode_3": "1",
    "refcode_4": "",
    "refcode_short": "ATNM 42.1",
    "refcode_long": "Angels: Their Nature and Ministry, p. 42.1 (Joseph Harvey Waggoner)",
    "element_type": "p",
    "element_subtype": "standard-indented",
    "content": "That there are such books kept we shall now show. &ldquo;Then they that feared the Lord spake often one to another; and the Lord hearkened, and heard it, and a book of remembrance was written before Him for them that feared the Lord, and that thought upon His name.&rdquo; <span class=\"egwlink egwlink_bible\" title=\"Malachi 3:16\" data-link=\"1965.47242\">Malachi 3:16</span>. This is the manner in which all our actions and words are kept in remembrance; they are written in books. Against the workers of iniquity the Psalmist prayed: &ldquo;Let them be blotted out of the book of the living, and not be written with the righteous.&rdquo; <span class=\"egwlink egwlink_bible\" title=\"Psalm 69:28\" data-link=\"1965.30495\">Psalm 69:28</span>. Moses, in an earnest prayer to God, spoke of the same book: &ldquo;Yet now, if Thou wilt forgive their sin-; and if not, blot me, I pray thee, out of Thy book which Thou hast written.&rdquo; <span class=\"egwlink egwlink_bible\" title=\"Exodus 32:32\" data-link=\"1965.5027\">Exodus 32:32</span>. The Lord keeps a record of all His people. &ldquo;And of Zion it shall be said, This and that man was born in her; and the Highest Himself shall establish her. The Lord shall count, when He writeth up the people, that this man was born there.&rdquo; <span class=\"egwlink egwlink_bible\" title=\"Psalm 87:5\" data-link=\"1965.31199\">Psalm 87:5, 6</span>. Daniel, in describing the scene of glory at the opening of the judgment, said, &ldquo;The judgment was set, and the books were opened.&rdquo; <span class=\"egwlink egwlink_bible\" title=\"Daniel 7:10\" data-link=\"1965.44773\">Daniel 7:10</span>.",
    "puborder": 86,
    "translations": []
  },
  {
    "para_id": "1441.162",
    "id_prev": "1441.161",
    "id_next": "1441.165",
    "refcode_1": "ATNM",
    "refcode_2": "42",
    "refcode_3": "2",
    "refcode_4": "",
    "refcode_short": "ATNM 42.2",
    "refcode_long": "Angels: Their Nature and Ministry, p. 42.2 (Joseph Harvey Waggoner)",
    "element_type": "p",
    "element_subtype": "standard-indented",
    "content": "What these books have to do with the judgment we may learn more fully in the book of the Revelation: &ldquo;And I saw a great white throne, and Him <span class=\"page-break\" data-page=\"43\"></span> that sat on it, from whose face the earth and the heaven fled away; and there was found no place for them. And I saw the dead, small and great, stand before God; and the books were opened; and another book was opened, which is the book of life; and the dead were judged out of those things which were written in the books, according to their works.&rdquo; <span class=\"egwlink egwlink_bible\" title=\"Revelation 20:11\" data-link=\"1965.63354\">Revelation 20:11, 12</span>. At the day of judgment the books in which are recorded the deeds of men will be opened, and they will be judged and rewarded according to the things which are found written therein.",
    "puborder": 87,
    "translations": []
  },
  {
    "para_id": "1441.165",
    "id_prev": "1441.162",
    "id_next": "1441.166",
    "refcode_1": "ATNM",
    "refcode_2": "43",
    "refcode_3": "1",
    "refcode_4": "",
    "refcode_short": "ATNM 43.1",
    "refcode_long": "Angels: Their Nature and Ministry, p. 43.1 (Joseph Harvey Waggoner)",
    "element_type": "p",
    "element_subtype": "standard-indented",
    "content": "It has been shown from the Scriptures that angels are ever present with men; that they minister to the people of God, and deliver them from evil. They behold all the actions of men; they hear every idle word that is spoken. They take notice of everything that will come into judgment. The conclusion is natural, and seems almost unavoidable, that the angels make the record of these things; that the books of human action are written by them.",
    "puborder": 88,
    "translations": []
  },
  {
    "para_id": "1441.166",
    "id_prev": "1441.165",
    "id_next": "1441.169",
    "refcode_1": "ATNM",
    "refcode_2": "43",
    "refcode_3": "2",
    "refcode_4": "",
    "refcode_short": "ATNM 43.2",
    "refcode_long": "Angels: Their Nature and Ministry, p. 43.2 (Joseph Harvey Waggoner)",
    "element_type": "p",
    "element_subtype": "standard-indented",
    "content": "What a solemn truth it is that we are never alone, but that holy angels are always with us; that they behold every act, hear every word, and note every thought, whether foolish, wicked, or vulgar! How carefully, then, should we guard our lives, both in word and deed! How careful we ought to be not to grieve away those holy messengers of God, by vile actions or filthy conversation! What fearful accounts they will bear to the judgment from this <span class=\"page-break\" data-page=\"44\"></span> apostate and wicked world! Dear reader, what account does your attending angel bear to heaven each day? What will it be for this day? Will it be a record of earnest prayers to God for the pardon of sins, and for strength to do His will? or will it be a record of lightness, of folly, of sin? Remember that each day you are making a page in your life record for the judgment. It will have to be met in that day, thought for thought, word for word, deed for deed, we are all making marks which can never be effaced, except by the wondrous cleansing blood of Jesus. But let no one reproach His Grace by adding sin to sin. See <span class=\"egwlink egwlink_bible\" title=\"Romans 6:12\" data-link=\"1965.57260\">Romans 6:12</span>; <span class=\"egwlink egwlink_bible\" title=\"Galatians 2:17\" data-link=\"1965.59340\">Galatians 2:17</span>. With fear and trembling we may say with the poet:-",
    "puborder": 89,
    "translations": []
  },
  {
    "para_id": "1441.169",
    "id_prev": "1441.166",
    "id_next": "1441.170",
    "refcode_1": "ATNM",
    "refcode_2": "44",
    "refcode_3": "1",
    "refcode_4": "",
    "refcode_short": "ATNM 44.1",
    "refcode_long": "Angels: Their Nature and Ministry, p. 44.1 (Joseph Harvey Waggoner)",
    "element_type": "p",
    "element_subtype": "poem-noindent",
    "content": "&ldquo;And must I be to judgment brought,\n<br />And answer in that day\n<br />For every vain and idle thought,\n<br />And every word I say?\n<br />&ldquo;How careful then ought I to live,\n<br />With what religious fear,\n<br />Who such a strict account must give\n<br />For my behavior here.&rdquo;",
    "puborder": 90,
    "translations": []
  }
]