[
  {
    "para_id": "12269.955",
    "id_prev": "12269.954",
    "id_next": "12269.956",
    "refcode_1": "LF",
    "refcode_2": "116",
    "refcode_3": "",
    "refcode_4": "78",
    "refcode_short": "LF 116",
    "refcode_long": "Love Under Fire, p. 116 (Ellen Gould White)",
    "element_type": "h4",
    "element_subtype": "",
    "content": "Blasphemous Boldness",
    "puborder": 748,
    "translations": []
  },
  {
    "para_id": "12269.956",
    "id_prev": "12269.955",
    "id_next": "12269.957",
    "refcode_1": "LF",
    "refcode_2": "116",
    "refcode_3": "5",
    "refcode_4": "",
    "refcode_short": "LF 116.5",
    "refcode_long": "Love Under Fire, p. 116.5 (Ellen Gould White)",
    "element_type": "p",
    "element_subtype": "standard-indented",
    "content": "One of the &ldquo;priests&rdquo; of the new order said: &ldquo;God, if You exist, avenge Your injured name. I defy You! You remain silent; You dare not launch Your thunders. After this, who will believe in Your existence?&rdquo;<sup class=\"chapterendnote\"><a class=\"chapterendnote\">6<span class=\"chapterendnote\">Lacretelle, <em>History,</em> volume 11, page 309; in Sir Archibald Alison, <em>History of Europe,</em> volume 1, chapter 10.</span></a></sup> What an echo this was of Pharaoh&apos;s demand, &ldquo;Who is the Lord, that I should obey His voice?&rdquo; (<span class=\"egwlink egwlink_bible\" title=\"Exodus 5:2\" data-link=\"1965.3328\">Exodus 5:2</span>).",
    "puborder": 749,
    "translations": []
  },
  {
    "para_id": "12269.957",
    "id_prev": "12269.956",
    "id_next": "12269.960",
    "refcode_1": "LF",
    "refcode_2": "116",
    "refcode_3": "6",
    "refcode_4": "",
    "refcode_short": "LF 116.6",
    "refcode_long": "Love Under Fire, p. 116.6 (Ellen Gould White)",
    "element_type": "p",
    "element_subtype": "standard-indented",
    "content": "&ldquo;The fool has said in his heart, &lsquo;There is no God.&rsquo;&rdquo; And the Lord declares, &ldquo;Their folly will be manifest to all.&rdquo; (<span class=\"egwlink egwlink_bible\" title=\"Psalm 14:1\" data-link=\"1965.28676\">Psalm 14:1</span>; <span class=\"egwlink egwlink_bible\" title=\"2 Timothy 3:9\" data-link=\"1965.60910\">2 Timothy 3:9</span>.) After France had renounced the worship of the living God, she descended into degrading idolatry by worshiping the Goddess of Reason, an immoral woman. <span class=\"page-break\" data-page=\"117\"></span> And this took place in the representative assembly of the nation! &ldquo;One of the ceremonies of this insane time has no equal for being absurd as well as insulting to God. The doors of the Convention were thrown open.... The members of the city&apos;s governing body entered in solemn procession, singing a hymn in praise of liberty, and escorting, as the object of their future worship, a veiled female, whom they called the Goddess of Reason. She was brought to the front, where she was unveiled with great pageantry and placed at the right of the president. People recognized her as a dancing girl of the opera.&rdquo;",
    "puborder": 750,
    "translations": []
  }
]