[
  {
    "para_id": "12269.1467",
    "id_prev": "12269.1466",
    "id_next": "12269.1468",
    "refcode_1": "LF",
    "refcode_2": "174",
    "refcode_3": "",
    "refcode_4": "134",
    "refcode_short": "LF 174",
    "refcode_long": "Love Under Fire, p. 174 (Ellen Gould White)",
    "element_type": "h4",
    "element_subtype": "",
    "content": "A Work of Judgment",
    "puborder": 1156,
    "translations": []
  },
  {
    "para_id": "12269.1468",
    "id_prev": "12269.1467",
    "id_next": "12269.1469",
    "refcode_1": "LF",
    "refcode_2": "174",
    "refcode_3": "3",
    "refcode_4": "",
    "refcode_short": "LF 174.3",
    "refcode_long": "Love Under Fire, p. 174.3 (Ellen Gould White)",
    "element_type": "p",
    "element_subtype": "standard-indented",
    "content": "In the new covenant the sins of the repentant believers are by faith placed on Christ and transferred in fact to the heavenly sanctuary. And as the symbolic cleansing of the earthly sanctuary was accomplished by removing the sins that had polluted it, so the actual cleansing of the heavenly is accomplished by removing, or blotting out, the sins recorded there. But before this can happen, there must be an examination of the books of record to determine who, through repentance and faith in Christ, are entitled to the benefits of His atonement. So the cleansing of the sanctuary involves a work of investigation&mdash;a work of judgment&mdash;before the coming of Christ, because when He comes, His reward is with Him to give to every one according to his works. (See <span class=\"egwlink egwlink_bible\" title=\"Revelation 22:12\" data-link=\"1965.63442\">Revelation 22:12</span>).",
    "puborder": 1157,
    "translations": []
  },
  {
    "para_id": "12269.1469",
    "id_prev": "12269.1468",
    "id_next": "12269.1470",
    "refcode_1": "LF",
    "refcode_2": "174",
    "refcode_3": "4",
    "refcode_4": "",
    "refcode_short": "LF 174.4",
    "refcode_long": "Love Under Fire, p. 174.4 (Ellen Gould White)",
    "element_type": "p",
    "element_subtype": "standard-indented",
    "content": "So those who followed the light of the prophetic word saw that, instead of coming to the earth at the end of the 2,300 days in 1844, Christ entered the Most Holy Place of the heavenly sanctuary to perform the closing work of atonement in preparation for His coming.",
    "puborder": 1158,
    "translations": []
  },
  {
    "para_id": "12269.1470",
    "id_prev": "12269.1469",
    "id_next": "12269.1472",
    "refcode_1": "LF",
    "refcode_2": "174",
    "refcode_3": "5",
    "refcode_4": "",
    "refcode_short": "LF 174.5",
    "refcode_long": "Love Under Fire, p. 174.5 (Ellen Gould White)",
    "element_type": "p",
    "element_subtype": "standard-indented",
    "content": "When Christ, by the power of His blood, removes the sins of His people from the heavenly sanctuary at the close of His ministry, He will put them on Satan, who must bear the final penalty. The scapegoat was sent away into an uninhabited land, never to come again into the congregation of Israel. Likewise, Satan will be banished forever from the presence of God and His people, and he will be blotted out of existence in the final destruction of sin and sinners.",
    "puborder": 1159,
    "translations": []
  }
]