[
  {
    "para_id": "14753.292",
    "id_prev": "14753.291",
    "id_next": "14753.293",
    "refcode_1": "5TC",
    "refcode_2": "51",
    "refcode_3": "",
    "refcode_4": "16",
    "refcode_short": "5TC 51",
    "refcode_long": "The Victory, p. 51 (Ellen Gould White)",
    "element_type": "h4",
    "element_subtype": "",
    "content": "Attacked by Dangerous Illness",
    "puborder": 207,
    "translations": []
  },
  {
    "para_id": "14753.293",
    "id_prev": "14753.292",
    "id_next": "14753.294",
    "refcode_1": "5TC",
    "refcode_2": "51",
    "refcode_3": "4",
    "refcode_4": "",
    "refcode_short": "5TC 51.4",
    "refcode_long": "The Victory, p. 51.4 (Ellen Gould White)",
    "element_type": "p",
    "element_subtype": "standard-indented",
    "content": "But suddenly his labors came to a stop. Though he was not yet sixty, constant work, study, and the attacks of enemies had sapped his strength and made him prematurely old. He was struck with a dangerous illness. The friars thought he would repent of the evil he had done the church, and they hurried to his room to listen to his confession. &ldquo;You have death on your lips,&rdquo; they said. &ldquo;Be touched by your faults, and retract in our presence all that you have said against us.&rdquo;",
    "puborder": 208,
    "translations": []
  },
  {
    "para_id": "14753.294",
    "id_prev": "14753.293",
    "id_next": "14753.295",
    "refcode_1": "5TC",
    "refcode_2": "51",
    "refcode_3": "5",
    "refcode_4": "",
    "refcode_short": "5TC 51.5",
    "refcode_long": "The Victory, p. 51.5 (Ellen Gould White)",
    "element_type": "p",
    "element_subtype": "standard-indented",
    "content": "The Reformer listened in silence. Then he asked his attendant to raise him in his bed. Gazing steadily on them, he said in the firm, strong voice that had so often made them tremble, &ldquo;I shall not die, but live; and again declare the evil deeds of the friars.&rdquo;<sup class=\"chapterendnote\"><a class=\"chapterendnote\">4<span class=\"chapterendnote\"><span class=\"egw-no-link\" title=\"d&apos;Aubigné, book 17, chapter 7.\"></span><span class=\"egwlink egwlink_book\" title=\"HRSCV5 702.6\" data-link=\"1577.219\">J. H. Merle d&apos;Aubigné, <em>History of the Reformation of the Sixteenth Century,</em> book 17, chapter 7.</span></span></a></sup> Astonished and humiliated, the monks hurried from the room.",
    "puborder": 209,
    "translations": []
  },
  {
    "para_id": "14753.295",
    "id_prev": "14753.294",
    "id_next": "14753.298",
    "refcode_1": "5TC",
    "refcode_2": "51",
    "refcode_3": "6",
    "refcode_4": "",
    "refcode_short": "5TC 51.6",
    "refcode_long": "The Victory, p. 51.6 (Ellen Gould White)",
    "element_type": "p",
    "element_subtype": "standard-indented",
    "content": "Wycliffe lived to give his countrymen the most powerful of all weapons against Rome&mdash;the Bible, the Heaven-appointed agent <span class=\"page-break\" data-page=\"52\"></span> to liberate, enlighten, and evangelize the people. Wycliffe knew that he had only a few years left to work. He saw the opposition he must meet, but encouraged by the promises of God&apos;s Word, he went forward. In the full strength of his intellectual powers, rich in experience, he had been prepared by God&apos;s hand for this, the greatest of his labors. In his parsonage at Lutterworth, paying no attention to the storm that raged around him, the Reformer applied himself to his chosen task.",
    "puborder": 210,
    "translations": []
  },
  {
    "para_id": "14753.298",
    "id_prev": "14753.295",
    "id_next": "14753.299",
    "refcode_1": "5TC",
    "refcode_2": "52",
    "refcode_3": "1",
    "refcode_4": "",
    "refcode_short": "5TC 52.1",
    "refcode_long": "The Victory, p. 52.1 (Ellen Gould White)",
    "element_type": "p",
    "element_subtype": "standard-indented",
    "content": "Finally the work was completed&mdash;the first English translation of the Bible. Wycliffe had placed in the hands of the English people a light that would never be put out. He had done more to break the chains of ignorance and to liberate and elevate his country than any victory on the battlefield ever achieved.",
    "puborder": 211,
    "translations": []
  },
  {
    "para_id": "14753.299",
    "id_prev": "14753.298",
    "id_next": "14753.300",
    "refcode_1": "5TC",
    "refcode_2": "52",
    "refcode_3": "2",
    "refcode_4": "",
    "refcode_short": "5TC 52.2",
    "refcode_long": "The Victory, p. 52.2 (Ellen Gould White)",
    "element_type": "p",
    "element_subtype": "standard-indented",
    "content": "Copies of the Bible could only be made by tiresome labor. So many people wanted to have the book that copyists could scarcely keep up with the demand. Wealthy purchasers wanted the whole Bible. Others bought only a portion. In many cases, families joined together to buy a copy. Wycliffe&apos;s Bible soon found its way to the homes of the people.",
    "puborder": 212,
    "translations": []
  },
  {
    "para_id": "14753.300",
    "id_prev": "14753.299",
    "id_next": "14753.301",
    "refcode_1": "5TC",
    "refcode_2": "52",
    "refcode_3": "3",
    "refcode_4": "",
    "refcode_short": "5TC 52.3",
    "refcode_long": "The Victory, p. 52.3 (Ellen Gould White)",
    "element_type": "p",
    "element_subtype": "standard-indented",
    "content": "Wycliffe now taught the distinctive doctrines of Protestantism&mdash;salvation through faith in Christ and that the Bible alone is infallible. Nearly one half of the people of England accepted the new faith.",
    "puborder": 213,
    "translations": []
  },
  {
    "para_id": "14753.301",
    "id_prev": "14753.300",
    "id_next": "14753.302",
    "refcode_1": "5TC",
    "refcode_2": "52",
    "refcode_3": "4",
    "refcode_4": "",
    "refcode_short": "5TC 52.4",
    "refcode_long": "The Victory, p. 52.4 (Ellen Gould White)",
    "element_type": "p",
    "element_subtype": "standard-indented",
    "content": "Church authorities were dismayed to find the Scriptures available. At this time there was no law in England prohibiting the Bible, since it had never before been published in the language of the people. Later, such laws were enacted and rigorously enforced.",
    "puborder": 214,
    "translations": []
  },
  {
    "para_id": "14753.302",
    "id_prev": "14753.301",
    "id_next": "14753.303",
    "refcode_1": "5TC",
    "refcode_2": "52",
    "refcode_3": "5",
    "refcode_4": "",
    "refcode_short": "5TC 52.5",
    "refcode_long": "The Victory, p. 52.5 (Ellen Gould White)",
    "element_type": "p",
    "element_subtype": "standard-indented",
    "content": "Again Rome&apos;s leaders plotted to silence the Reformer&apos;s voice. First, a synod of bishops declared his writings heretical. They won the young king, Richard II, to their side and obtained a royal decree condemning to prison all who held the condemned doctrines.",
    "puborder": 215,
    "translations": []
  },
  {
    "para_id": "14753.303",
    "id_prev": "14753.302",
    "id_next": "14753.306",
    "refcode_1": "5TC",
    "refcode_2": "52",
    "refcode_3": "6",
    "refcode_4": "",
    "refcode_short": "5TC 52.6",
    "refcode_long": "The Victory, p. 52.6 (Ellen Gould White)",
    "element_type": "p",
    "element_subtype": "standard-indented",
    "content": "Wycliffe appealed the synod&apos;s decision to Parliament. He fearlessly accused the hierarchy before the national council and demanded reform of the enormous abuses that the church approved. His enemies were brought to confusion. Everyone had <span class=\"page-break\" data-page=\"53\"></span> expected that the Reformer, in his old age, alone and friendless, would yield to the authority of the crown. But instead, Parliament was moved by Wycliffe&apos;s stirring appeals. It repealed the persecuting edict, and the Reformer was free again.",
    "puborder": 216,
    "translations": []
  },
  {
    "para_id": "14753.306",
    "id_prev": "14753.303",
    "id_next": "14753.307",
    "refcode_1": "5TC",
    "refcode_2": "53",
    "refcode_3": "1",
    "refcode_4": "",
    "refcode_short": "5TC 53.1",
    "refcode_long": "The Victory, p. 53.1 (Ellen Gould White)",
    "element_type": "p",
    "element_subtype": "standard-indented",
    "content": "He was brought to trial a third time, and now it was before the highest church court in the kingdom. Here at last the Reformer&apos;s work would be stopped, the pope&apos;s followers thought. If they could accomplish their aim, Wycliffe would leave the court only for the flames.",
    "puborder": 217,
    "translations": []
  }
]