[
  {
    "para_id": "1560.17",
    "id_prev": "1560.16",
    "id_next": "1560.18",
    "refcode_1": "SSTR",
    "refcode_2": "2",
    "refcode_3": "",
    "refcode_4": "",
    "refcode_short": "SSTR 2",
    "refcode_long": "The Sounding of the Seven Trumpets of Revelation 8 and 9, p. 2 (James Springer White)",
    "element_type": "h3",
    "element_subtype": "",
    "content": "THE FIRST TRUMPET",
    "puborder": 14,
    "translations": []
  },
  {
    "para_id": "1560.18",
    "id_prev": "1560.17",
    "id_next": "1560.19",
    "refcode_1": "SSTR",
    "refcode_2": "2",
    "refcode_3": "5",
    "refcode_4": "",
    "refcode_short": "SSTR 2.5",
    "refcode_long": "The Sounding of the Seven Trumpets of Revelation 8 and 9, p. 2.5 (James Springer White)",
    "element_type": "p",
    "element_subtype": "standard-indented",
    "content": "<span class=\"egwlink egwlink_bible\" title=\"Revelation 8:6\" data-link=\"1965.62910\">Verses 6, 7</span>. &ldquo;And the seven angels, which had the seven trumpets, prepared themselves to sound. The first angel sounded, and there followed hail and fire mingled with blood, and they were cast upon the earth; and the third part of trees was burnt up, and all green grass was burnt up.&rdquo;",
    "puborder": 15,
    "translations": []
  },
  {
    "para_id": "1560.19",
    "id_prev": "1560.18",
    "id_next": "1560.22",
    "refcode_1": "SSTR",
    "refcode_2": "2",
    "refcode_3": "6",
    "refcode_4": "",
    "refcode_short": "SSTR 2.6",
    "refcode_long": "The Sounding of the Seven Trumpets of Revelation 8 and 9, p. 2.6 (James Springer White)",
    "element_type": "p",
    "element_subtype": "standard-indented",
    "content": "Mr. Keith has very justly remarked, on the subject <span class=\"page-break\" data-page=\"3\"></span> of this prophecy, &ldquo;None could elucidate the texts more clearly, or expound them more fully, than the task has been performed by Gibbon. The chapters of the skeptical philosopher, that treat directly of the matter, need but a text to be prefixed, and a few unholy words to be blotted out, to form a series of expository lectures on the eighth and ninth chapters of Revelation.&rdquo; &ldquo;Little or nothing is left for the professed interpreter to do but to point to the pages of Gibbon.&rdquo;",
    "puborder": 16,
    "translations": []
  },
  {
    "para_id": "1560.22",
    "id_prev": "1560.19",
    "id_next": "1560.23",
    "refcode_1": "SSTR",
    "refcode_2": "3",
    "refcode_3": "1",
    "refcode_4": "",
    "refcode_short": "SSTR 3.1",
    "refcode_long": "The Sounding of the Seven Trumpets of Revelation 8 and 9, p. 3.1 (James Springer White)",
    "element_type": "p",
    "element_subtype": "standard-indented",
    "content": "The first sore and heavy judgment which fell on western Rome in its downward course, was the war with the Goths under Alaric, styled by himself, &ldquo;the scourge of God.&rdquo; After the death of Theodosius, the Roman emperor, in January, 395, before the end of the winter, the Goths, under Alaric, were in arms against the empire.",
    "puborder": 17,
    "translations": []
  },
  {
    "para_id": "1560.23",
    "id_prev": "1560.22",
    "id_next": "1560.24",
    "refcode_1": "SSTR",
    "refcode_2": "3",
    "refcode_3": "2",
    "refcode_4": "",
    "refcode_short": "SSTR 3.2",
    "refcode_long": "The Sounding of the Seven Trumpets of Revelation 8 and 9, p. 3.2 (James Springer White)",
    "element_type": "p",
    "element_subtype": "standard-indented",
    "content": "&ldquo;Hail and fire mingled with blood, cast upon the earth.&rdquo; The terrible effects of this Gothic invasion, are thus described by Gibbon, Vol. 5, p. 176:",
    "puborder": 18,
    "translations": []
  },
  {
    "para_id": "1560.24",
    "id_prev": "1560.23",
    "id_next": "1560.27",
    "refcode_1": "SSTR",
    "refcode_2": "3",
    "refcode_3": "3",
    "refcode_4": "",
    "refcode_short": "SSTR 3.3",
    "refcode_long": "The Sounding of the Seven Trumpets of Revelation 8 and 9, p. 3.3 (James Springer White)",
    "element_type": "p",
    "element_subtype": "standard-indented",
    "content": "&ldquo;The barbarian auxiliaries erected their independent standard; and boldly avowed hostile designs, which they had long cherished in their ferocious minds. Their countrymen, who had been condemned, by the conditions of the last treaty to a life of tranquillity and labor, deserted their farms at the first sound of the trumpet, and eagerly assumed the weapons which they had reluctantly laid down. The barriers of the Danube were thrown open; the savage warriors of Scythia issued from their forest; and the uncommon severity of the winter allowed the poet to remark, that &lsquo;they rolled their ponderous wagons over the broad and icy <span class=\"page-break\" data-page=\"4\"></span> back of the indignant river.&rsquo; The unhappy nations of the provinces to the south of the Danube, submitted to the calamities, which, in the course of twenty years, were almost grown familiar to their imagination; and the various troops of barbarians, who gloried in the Gothic name, were irregularly spread from the woody shores of Dalmatia, to the walls of Constantinople. The Goths were directed by the bold and artful genius of Alaric. In the midst of a divided court, and a discontented people, the emperor, Arcadius, was terrified by the aspect of the Gothic arms. Alaric disdained to trample any longer on the prostrate and ruined countries of Thrace and Dacia, and he resolved to seek a plentiful harvest of fame and riches in a province which had hitherto escaped the ravages of war.",
    "puborder": 19,
    "translations": []
  },
  {
    "para_id": "1560.27",
    "id_prev": "1560.24",
    "id_next": "1560.30",
    "refcode_1": "SSTR",
    "refcode_2": "4",
    "refcode_3": "1",
    "refcode_4": "",
    "refcode_short": "SSTR 4.1",
    "refcode_long": "The Sounding of the Seven Trumpets of Revelation 8 and 9, p. 4.1 (James Springer White)",
    "element_type": "p",
    "element_subtype": "standard-indented",
    "content": "&ldquo;Alaric traversed, without resistance, the plains of Macedonia and Thessaly. The troops which had been posted to defend the straits of Thermopylae, retire, as they were directed, without attempting to disturb the secure and rapid passage of Alaric; and the fertile fields of Phocis and Boeotia were instantly covered with a deluge of barbarians, who massacred the males of an age to bear arms, and drove away the beautiful females, with the spoil and cattle of the flaming villages. The travelers who visited Greece several years afterwards could easily discover the deep and bloody traces of the march of the Goths. The whole territory of Attica was blasted by his baneful presence; and if we may use the comparison of a contemporary philosopher, Athens itself resembled the bleeding and empty skin of a slaughtered victim. Corinth, Argos, Sparta, yielded without resistance to the arms of the <span class=\"page-break\" data-page=\"5\"></span> Goths: and the most fortunate of the inhabitants were saved, by death, from beholding the slavery of their families, and the conflagration of their cities.&rdquo;",
    "puborder": 20,
    "translations": []
  },
  {
    "para_id": "1560.30",
    "id_prev": "1560.27",
    "id_next": "1560.31",
    "refcode_1": "SSTR",
    "refcode_2": "5",
    "refcode_3": "1",
    "refcode_4": "",
    "refcode_short": "SSTR 5.1",
    "refcode_long": "The Sounding of the Seven Trumpets of Revelation 8 and 9, p. 5.1 (James Springer White)",
    "element_type": "p",
    "element_subtype": "standard-indented",
    "content": "It was thus that &ldquo;hail,&rdquo; from the fact of the northern origin of the invaders; &ldquo;fire,&rdquo; from the destruction by flame of both city and country; &ldquo;blood,&rdquo; from the terrible slaughter of the citizens of the empire by the bold and intrepid warriors, &ldquo;were cast upon the earth.&rdquo; This vivid description will be still more forcibly illustrated by Gibbon&rsquo;s account of the invasion of the western empire by the Goths:",
    "puborder": 21,
    "translations": []
  },
  {
    "para_id": "1560.31",
    "id_prev": "1560.30",
    "id_next": "1560.33",
    "refcode_1": "SSTR",
    "refcode_2": "5",
    "refcode_3": "2",
    "refcode_4": "",
    "refcode_short": "SSTR 5.2",
    "refcode_long": "The Sounding of the Seven Trumpets of Revelation 8 and 9, p. 5.2 (James Springer White)",
    "element_type": "p",
    "element_subtype": "standard-indented",
    "content": "&ldquo;The birth of Alaric, the glory of his past exploits, and the confidence in his future designs, insensibly united the body of the nation under his victorious standard; and, with the unanimous consent of the barbarian chieftains, the master-general of Illyricum was elevated, according to ancient custom, on a shield, and solemnly proclaimed king of the Visigoths. Armed with this double power, seated on the verge of two empires he alternately sold his deceitful promises to the courts of Arcadius and Honorius, (of Constantinople and Rome,) till he declared and executed his resolution of invading the dominions of the west (of Rome.) The provinces of Europe which belonged to the eastern emperor were already exhausted; those of Asia were inaccessible; and the strength of Constantinople had resisted his attack. But he was tempted by the fame, the beauty, and the wealth of Italy, which he had twice visited; and he secretly aspired to plant the Gothic standard on the walls of Rome, and to enrich his army with the accumulated spoils of three hundred triumphs.",
    "puborder": 22,
    "translations": []
  },
  {
    "para_id": "1560.33",
    "id_prev": "1560.31",
    "id_next": "1560.34",
    "refcode_1": "SSTR",
    "refcode_2": "6",
    "refcode_3": "1",
    "refcode_4": "",
    "refcode_short": "SSTR 6.1",
    "refcode_long": "The Sounding of the Seven Trumpets of Revelation 8 and 9, p. 6.1 (James Springer White)",
    "element_type": "p",
    "element_subtype": "standard-indented",
    "content": "&ldquo;When Stilicho seemed to abandon his sovereign in the unguarded palace of Milan, he had probably calculated the term of his absence, the distance of the enemy, and the obstacles that might retard their march. He principally depended on the rivers of Italy, the Adige, the Minico, the Oglio, and the Addua; which, in the winter or spring, by the fall of rains, or by the melting of the snows, are commonly swelled into broad and impetuous torrents. But the season happened to be remarkably dry; and the Goths could traverse, without impediment, the wide and stony beds, whose centre was faintly marked by the course of a shallow stream. The bridge and passage of the Addua were secured by a strong detachment of the Gothic army; and as Alaric approached the walls, or rather the suburbs of Milan, he enjoyed the proud satisfaction of seeing the emperor of the Romans fly before him. Honorius, accompanied by a feeble train of statesmen and eunuchs, hastily retreated towards the Alps, with the design of securing his person in the city of Arles, which had often been the royal residence of his predecessors. But Honorius had scarcely passed the Po, before he was overtaken by the speed of the Gothic cavalry; since the urgency of the danger compelled him to seek a temporary shelter within the fortification of Asta, a town of Liguria or Piedmont, situate on the banks of the Tanarus. The siege of an obscure place, which contained so rich a prize, and seemed incapable of a long resistance, was instantly formed, and indefatigably pressed by the king of the Goths.&rdquo;&mdash;<em>Gibbon&rsquo;s Hist.,</em> Vol 5, pp. 194-196.",
    "puborder": 23,
    "translations": []
  },
  {
    "para_id": "1560.34",
    "id_prev": "1560.33",
    "id_next": "1560.37",
    "refcode_1": "SSTR",
    "refcode_2": "6",
    "refcode_3": "2",
    "refcode_4": "",
    "refcode_short": "SSTR 6.2",
    "refcode_long": "The Sounding of the Seven Trumpets of Revelation 8 and 9, p. 6.2 (James Springer White)",
    "element_type": "p",
    "element_subtype": "standard-indented",
    "content": "But although Alaric thus put to flight the emperor <span class=\"page-break\" data-page=\"7\"></span> of the west, deliverance soon came, and Rome was saved from his hands. Alaric was first conquered in 403. But another cloud was gathering, and is thus described by Gibbon:",
    "puborder": 24,
    "translations": []
  },
  {
    "para_id": "1560.37",
    "id_prev": "1560.34",
    "id_next": "1560.38",
    "refcode_1": "SSTR",
    "refcode_2": "7",
    "refcode_3": "1",
    "refcode_4": "",
    "refcode_short": "SSTR 7.1",
    "refcode_long": "The Sounding of the Seven Trumpets of Revelation 8 and 9, p. 7.1 (James Springer White)",
    "element_type": "p",
    "element_subtype": "standard-indented",
    "content": "&ldquo;About four years after the victorious Toulan had assumed the title of Khan of the Geougen, another barbarian, the haughty Rhodogast, or Radagaisus, marched from the northern extremity of Germany almost to the gates of Rome, and left the remains of his army to achieve the destruction of the West. The Vandals, the Suevi, and the Burgundians, formed the strength of this mighty host; but the Alani, who had found a hospitable reception in their new seats, added their active cavalry to the heavy infantry of the Germans; and the Gothic adventurers crowded so eagerly to the standard of Radagaisus, that, by some historians, he has been styled the king of the Goths. Twelve thousand warriors, distinguished above the vulgar by their noble birth, or their valiant deeds, glittered in the van; and the whole multitude, which was not less than two hundred thousand fighting men, might be increased by the accession of women, of children, and of slaves, to the amount of four hundred thousand persons.",
    "puborder": 25,
    "translations": []
  },
  {
    "para_id": "1560.38",
    "id_prev": "1560.37",
    "id_next": "1560.41",
    "refcode_1": "SSTR",
    "refcode_2": "7",
    "refcode_3": "2",
    "refcode_4": "",
    "refcode_short": "SSTR 7.2",
    "refcode_long": "The Sounding of the Seven Trumpets of Revelation 8 and 9, p. 7.2 (James Springer White)",
    "element_type": "p",
    "element_subtype": "standard-indented",
    "content": "&ldquo;The correspondence of nations was, in that age, so imperfect and precarious, that the revolutions of the north might escape the knowledge of the court of Ravenna, till the dark cloud, which was collected along the coast of the Baltic, burst in thunder upon the banks of the Upper Danube, etc. Many cities of Italy were pillaged or destroyed; and the siege of Florence, by Radagaisus, is one of the earliest events in the history of that celebrated republic, <span class=\"page-break\" data-page=\"8\"></span> whose firmness checked or delayed the unskillful fury of the barbarians.",
    "puborder": 26,
    "translations": []
  },
  {
    "para_id": "1560.41",
    "id_prev": "1560.38",
    "id_next": "1560.43",
    "refcode_1": "SSTR",
    "refcode_2": "8",
    "refcode_3": "1",
    "refcode_4": "",
    "refcode_short": "SSTR 8.1",
    "refcode_long": "The Sounding of the Seven Trumpets of Revelation 8 and 9, p. 8.1 (James Springer White)",
    "element_type": "p",
    "element_subtype": "standard-indented",
    "content": "&ldquo;While the peace of Germany was secured by the attachment of the Franks, and the neutrality of the Alemanni, the subjects of Rome, unconscious of the approaching calamities, enjoyed a state of quiet and prosperity, which had seldom blessed the frontiers of Gaul. Their flocks and herds were permitted to graze in the pastures of the barbarians; their huntsmen penetrated, without fear or danger, into the darkest recesses of the Hercynian wood. The banks of the Rhine were crowded, like those of the Tiber, with elegant houses and well cultivated farms; and if the poet descended the river, he might express his doubt on which side was situated the territory of the Romans. This scene of peace and plenty was suddenly changed into a desert; and the prospect of the smoking ruins could alone distinguish the solitude of nature from the desolation of man. The flourishing city of Mentz was surprised and destroyed; and many thousand Christians were inhumanly massacred in the church. Worms perished, after a long and obstinate siege; Strasburgh, Spires, Rheims, Tournay, Arras, Amiens, experienced the cruel oppression of the German yoke; and the consuming flames of war spread from the banks of the Rhine over the greatest part of the seventeen provinces of Gaul. That rich and extensive country, as far as the ocean, the Alps, and the Pyrenees, was delivered to the barbarians, who drove before them, in a promiscuous crowd, the bishop, the senator, and the virgin, laden with the spoils of their houses and altars.&rdquo;&mdash;<em>Ibid.,</em> Vol. 5, p. 224",
    "puborder": 27,
    "translations": []
  },
  {
    "para_id": "1560.43",
    "id_prev": "1560.41",
    "id_next": "1560.44",
    "refcode_1": "SSTR",
    "refcode_2": "9",
    "refcode_3": "1",
    "refcode_4": "",
    "refcode_short": "SSTR 9.1",
    "refcode_long": "The Sounding of the Seven Trumpets of Revelation 8 and 9, p. 9.1 (James Springer White)",
    "element_type": "p",
    "element_subtype": "standard-indented",
    "content": "After this invasion of the empire by Radagaisus, Alaric again returned, invaded Italy in 408, and in 410 he besieged, took, and sacked Rome, and died the same year. In 412 the Goths voluntarily retired from Italy.",
    "puborder": 28,
    "translations": []
  },
  {
    "para_id": "1560.44",
    "id_prev": "1560.43",
    "id_next": "1560.45",
    "refcode_1": "SSTR",
    "refcode_2": "9",
    "refcode_3": "2",
    "refcode_4": "",
    "refcode_short": "SSTR 9.2",
    "refcode_long": "The Sounding of the Seven Trumpets of Revelation 8 and 9, p. 9.2 (James Springer White)",
    "element_type": "p",
    "element_subtype": "standard-indented",
    "content": "I know not how the history of the sounding of the first trumpet can be more impressively concluded than by presenting the graphic rehearsal of this history, by Mr. Keith, in his Signs of the Times, Vol 1, 231-233.",
    "puborder": 29,
    "translations": []
  },
  {
    "para_id": "1560.45",
    "id_prev": "1560.44",
    "id_next": "1560.48",
    "refcode_1": "SSTR",
    "refcode_2": "9",
    "refcode_3": "3",
    "refcode_4": "",
    "refcode_short": "SSTR 9.3",
    "refcode_long": "The Sounding of the Seven Trumpets of Revelation 8 and 9, p. 9.3 (James Springer White)",
    "element_type": "p",
    "element_subtype": "standard-indented",
    "content": "&ldquo;Large extracts show how amply and well Gibbon has expounded his text, in the history of the first trumpet, the first storm that pervaded the Roman earth, and the first fall of Rome. To use his words in more direct comment, we read thus the sum of the matter. The Gothic nation was in arms at the first sound of the trumpet, and in the uncommon severity of the winter, they rolled their ponderous wagons over the broad and icy back of the river. The fertile fields of Phocis and Boeotia were crowded with a deluge of barbarians: the males were massacred; the females and cattle of the flaming villages were driven away. The deep and bloody traces of the march of the Goths could easily be discovered after several years. The whole territory of Attica was blasted by the baneful presence of Alaric. The most fortunate of the inhabitants of Corinth, Argos, Sparta, were saved by death from beholding the conflagration of their cities. In a season of such extreme heat that the beds of the rivers were dry, Alaric invaded the dominion of the West. A secluded &lsquo;old man of Verona pathetically lamented the fate of his contemporary trees, which must blaze in the conflagration of the <span class=\"page-break\" data-page=\"10\"></span> whole country. And the emperor of the Romans fled before the king of the Goths.",
    "puborder": 30,
    "translations": []
  },
  {
    "para_id": "1560.48",
    "id_prev": "1560.45",
    "id_next": "1560.49",
    "refcode_1": "SSTR",
    "refcode_2": "10",
    "refcode_3": "1",
    "refcode_4": "",
    "refcode_short": "SSTR 10.1",
    "refcode_long": "The Sounding of the Seven Trumpets of Revelation 8 and 9, p. 10.1 (James Springer White)",
    "element_type": "p",
    "element_subtype": "standard-indented",
    "content": "&ldquo;A furious tempest was excited among the nations of Germany; from the northern extremity of which the barbarians marched almost to the gates of Rome. They achieved the destruction of the west. The dark cloud which was collected along the coasts of the Baltic, burst in thunder upon the banks of the Upper Danube. The pastures of Gaul, in which flocks and herds grazed; and the banks of the Rhine, which were covered with elegant houses and well cultivated farms, formed a scene of peace and plenty, which was suddenly changed into a desert, distinguished from the solitude of nature only by smoking ruins. Many cities were cruelly oppressed or destroyed. Many thousands were inhumanly massacred. And the consuming flames of war spread over the greatest part of the seventeen provinces of Gaul.",
    "puborder": 31,
    "translations": []
  },
  {
    "para_id": "1560.49",
    "id_prev": "1560.48",
    "id_next": "1560.50",
    "refcode_1": "SSTR",
    "refcode_2": "10",
    "refcode_3": "2",
    "refcode_4": "",
    "refcode_short": "SSTR 10.2",
    "refcode_long": "The Sounding of the Seven Trumpets of Revelation 8 and 9, p. 10.2 (James Springer White)",
    "element_type": "p",
    "element_subtype": "standard-indented",
    "content": "&ldquo;Alaric again stretched his ravages over Italy. During four years, the Goths ravaged and reigned over it without control. And, in the pillage and fire of Rome, the streets of the city were filled with dead bodies; the flames consumed many public and private buildings; and the ruins of a palace remained, (after a century and a half,) a stately monument of the Gothic conflagration.",
    "puborder": 32,
    "translations": []
  },
  {
    "para_id": "1560.50",
    "id_prev": "1560.49",
    "id_next": "1560.51",
    "refcode_1": "SSTR",
    "refcode_2": "10",
    "refcode_3": "3",
    "refcode_4": "",
    "refcode_short": "SSTR 10.3",
    "refcode_long": "The Sounding of the Seven Trumpets of Revelation 8 and 9, p. 10.3 (James Springer White)",
    "element_type": "p",
    "element_subtype": "standard-indented",
    "content": "&ldquo;&lsquo;The first angel sounded, and there followed hail and fire, mingled with blood, and they were cast upon the earth; and the third part of trees was burnt up, and all green grass was burnt up.&rsquo;",
    "puborder": 33,
    "translations": []
  },
  {
    "para_id": "1560.51",
    "id_prev": "1560.50",
    "id_next": "1560.54",
    "refcode_1": "SSTR",
    "refcode_2": "10",
    "refcode_3": "4",
    "refcode_4": "",
    "refcode_short": "SSTR 10.4",
    "refcode_long": "The Sounding of the Seven Trumpets of Revelation 8 and 9, p. 10.4 (James Springer White)",
    "element_type": "p",
    "element_subtype": "standard-indented",
    "content": "&ldquo;The concluding sentence of the thirty-third chapter of Gibbon&rsquo;s History, is, of itself, a clear and comprehensive commentary; for, in winding up his <span class=\"page-break\" data-page=\"11\"></span> own description of the brief, but most eventful period, he concentrates, as in a parallel reading, the sum of the history, and the substance of the prediction. But the words which precede it are not without their meaning. &lsquo;The public devotion of the age was impatient to exalt the saints and martyrs of the Catholic church on the altars of Diana and Hercules. The union of the Roman empire was dissolved; its genius was humbled in the dust; and armies of unknown barbarians, issuing from the frozen regions of the north, had established their victorious reign over the fairest provinces of Europe and Africa.&rsquo;",
    "puborder": 34,
    "translations": []
  },
  {
    "para_id": "1560.54",
    "id_prev": "1560.51",
    "id_next": "1560.55",
    "refcode_1": "SSTR",
    "refcode_2": "11",
    "refcode_3": "1",
    "refcode_4": "",
    "refcode_short": "SSTR 11.1",
    "refcode_long": "The Sounding of the Seven Trumpets of Revelation 8 and 9, p. 11.1 (James Springer White)",
    "element_type": "p",
    "element_subtype": "standard-indented",
    "content": "&ldquo;The last word, Africa, is the signal for the sounding of the second trumpet. The Scene changes from the shores of the Baltic to the southern coast of the Mediterranean, or from the frozen regions of the north to the borders of burning Africa. And instead of a storm of hail being cast upon the earth, a burning mountain was cast into the sea.&rdquo;",
    "puborder": 35,
    "translations": []
  }
]