[
  {
    "para_id": "1539.374",
    "id_prev": "1539.373",
    "id_next": "1539.376",
    "refcode_1": "SITI",
    "refcode_2": "152",
    "refcode_3": "",
    "refcode_4": "1886",
    "refcode_short": "SITI March 18,  1886, page 152",
    "refcode_long": "The Signs of the Times, vol. 12 March 18,  1886, page 152",
    "element_type": "h3",
    "element_subtype": "",
    "content": "March 18, 1886",
    "puborder": 338,
    "translations": []
  },
  {
    "para_id": "1539.376",
    "id_prev": "1539.374",
    "id_next": "1539.377",
    "refcode_1": "SITI",
    "refcode_2": "215",
    "refcode_3": "",
    "refcode_4": "1886",
    "refcode_short": "SITI March 18,  1886, page 215",
    "refcode_long": "The Signs of the Times, vol. 12 March 18,  1886, page 215",
    "element_type": "h5",
    "element_subtype": "",
    "content": "&ldquo;Doers of the Law&rdquo; The Signs of the Times, 12, 11.",
    "puborder": 339,
    "translations": []
  },
  {
    "para_id": "1539.377",
    "id_prev": "1539.376",
    "id_next": "1539.378",
    "refcode_1": "SITI",
    "refcode_2": "215",
    "refcode_3": "",
    "refcode_4": "1886",
    "refcode_short": "",
    "refcode_long": "",
    "element_type": "p",
    "element_subtype": "center",
    "content": "E. J. Waggoner",
    "puborder": 340,
    "translations": []
  },
  {
    "para_id": "1539.378",
    "id_prev": "1539.377",
    "id_next": "1539.379",
    "refcode_1": "SITI",
    "refcode_2": "215",
    "refcode_3": "1",
    "refcode_4": "1886",
    "refcode_short": "SITI March 18,  1886, page 215.1",
    "refcode_long": "The Signs of the Times, vol. 12 March 18,  1886, page 215 paragraph 1",
    "element_type": "p",
    "element_subtype": "standard-indented",
    "content": "In previous articles we have laid down some of the fundamental principles of the law. We have found that the moral law of ten commandments, spoken from Sinai, is perfect, holy, and good; that it is the instrument which enables us to judge between good and evil; that it is &ldquo;the righteousness of God,&rdquo; so that there is no goodness or morality to be found outside of it; that it is also called &ldquo;the way,&rdquo; &ldquo;the way of peace,&rdquo; &ldquo;the truth,&rdquo; &ldquo;the testimony,&rdquo; the &ldquo;word of the Lord,&rdquo; etc., and that it is the expression of God&rsquo;s will; that the transgression of it is sin, which makes it necessary for the gospel to be preached, so that whoever admits the existence of sin, and the necessity for the preaching of the gospel, virtually testifies to the existence of the law; more than this, we have learned that, as the righteousness of God, it is the foundation of his throne, the basis of his government of the universe, and that it was therefore in full force before this world was brought into existence, and that it will continue in force as long as God&rsquo;s throne endures, the delight of all the redeemed, throughout eternity.",
    "puborder": 341,
    "translations": []
  },
  {
    "para_id": "1539.379",
    "id_prev": "1539.378",
    "id_next": "1539.380",
    "refcode_1": "SITI",
    "refcode_2": "215",
    "refcode_3": "2",
    "refcode_4": "1886",
    "refcode_short": "SITI March 18,  1886, page 215.2",
    "refcode_long": "The Signs of the Times, vol. 12 March 18,  1886, page 215 paragraph 2",
    "element_type": "p",
    "element_subtype": "standard-indented",
    "content": "These points must be borne in mind as we proceed to their application in the examination of special texts. In this examination the points mentioned above will be strengthened, if it is possible to strengthen a position already so strong.",
    "puborder": 342,
    "translations": []
  },
  {
    "para_id": "1539.380",
    "id_prev": "1539.379",
    "id_next": "1539.381",
    "refcode_1": "SITI",
    "refcode_2": "215",
    "refcode_3": "3",
    "refcode_4": "1886",
    "refcode_short": "SITI March 18,  1886, page 215.3",
    "refcode_long": "The Signs of the Times, vol. 12 March 18,  1886, page 215 paragraph 3",
    "element_type": "p",
    "element_subtype": "standard-indented",
    "content": "We have already quoted <span class=\"egwlink egwlink_bible\" title=\"Romans 2:13\" data-link=\"1965.57046\">Romans 2:13</span>: &ldquo;For not the hearers of the law are just before God, but the doers of the law shall be justified.&rdquo; This statement of the apostle is unqualified, and admits of no qualification. The doers of the law shall be justified. The statement is positive and emphatic. There can be no qualification nor exception. Think a moment. It is the righteousness of God, the perfection of holiness. Must not the keeping of it, then, as Solomon says, be &ldquo;the whole duty of man&rdquo;? And if a man does his whole duty, and is a partaker of the righteousness of God, can he be condemned? Not by any means. God himself has declared, through his inspired apostle, that &ldquo;the doer of the law shall be justified.&rdquo; Wherever in the universe a being is found who is a doer of the law, he is just in the sight of God.",
    "puborder": 343,
    "translations": []
  },
  {
    "para_id": "1539.381",
    "id_prev": "1539.380",
    "id_next": "1539.382",
    "refcode_1": "SITI",
    "refcode_2": "215",
    "refcode_3": "4",
    "refcode_4": "1886",
    "refcode_short": "SITI March 18,  1886, page 215.4",
    "refcode_long": "The Signs of the Times, vol. 12 March 18,  1886, page 215 paragraph 4",
    "element_type": "p",
    "element_subtype": "standard-indented",
    "content": "Already I hear some one exclaim, &ldquo;He thinks that man can save himself by his own works, and leaves no room for Christ.&rdquo; Not so fast; do not pass judgment upon a piece of work until it is completed. Perhaps the proposition will seem clearer if we consider what constitutes one a &ldquo;doer of the law.&rdquo; Let us illustrate: A father goes from home, leaving his son a certain amount of work to perform. There is a portion of work for each hour,-enough to keep the son constantly employed. Suppose that the son works faithfully for an hour or two, and then consumes the remainder of the time in play; has he done what his father commanded? Certainly not. But suppose that he works faithfully every hour but one, and leaves the work allotted to that hour unperformed; can he now be called a doer of his father&rsquo;s will? He evidently cannot. Unless he can truthfully say, &ldquo;I have done what my father left for me to do,&rdquo; he cannot be called a doer of his father&rsquo;s will; and he cannot truthfully say that he has done what his father gave him to do, unless he has done all that was enjoined upon him.",
    "puborder": 344,
    "translations": []
  },
  {
    "para_id": "1539.382",
    "id_prev": "1539.381",
    "id_next": "1539.383",
    "refcode_1": "SITI",
    "refcode_2": "215",
    "refcode_3": "5",
    "refcode_4": "1886",
    "refcode_short": "SITI March 18,  1886, page 215.5",
    "refcode_long": "The Signs of the Times, vol. 12 March 18,  1886, page 215 paragraph 5",
    "element_type": "p",
    "element_subtype": "standard-indented",
    "content": "This is more than a simple illustration; it is a plain statement of fact. The boy cannot be said to have done what his father told him to do, if he has not done it all; a man cannot be said to have traveled the road from one point to another, if he lacks a mile of it; even so no man can be called a &ldquo;doer of the law&rdquo; of God if he has ever violated one of its precepts. If there be a man who has kept every commandment but one, and has violated that one but a single time, he cannot be called a doer of the law, and hence cannot be justified by the law. He would be almost a doer of the law, but there is no promise of justification for those who simply almost do the law.",
    "puborder": 345,
    "translations": []
  },
  {
    "para_id": "1539.383",
    "id_prev": "1539.382",
    "id_next": "1539.384",
    "refcode_1": "SITI",
    "refcode_2": "215",
    "refcode_3": "6",
    "refcode_4": "1886",
    "refcode_short": "SITI March 18,  1886, page 215.6",
    "refcode_long": "The Signs of the Times, vol. 12 March 18,  1886, page 215 paragraph 6",
    "element_type": "p",
    "element_subtype": "standard-indented",
    "content": "Right in this connection we must read the words of James: &ldquo;For whosoever shall keep the whole law, and yet offend in one point, he is guilty of all. For he that said [or that law which said], Do not commit adultery, said also, Do not kill. Now if thou commit no adultery, yet if thou kill, thou art become a transgressor of the law.&rdquo; <span class=\"egwlink egwlink_bible\" title=\"James 2:10\" data-link=\"1965.61816\">James 2:10, 11</span>.",
    "puborder": 346,
    "translations": []
  },
  {
    "para_id": "1539.384",
    "id_prev": "1539.383",
    "id_next": "1539.385",
    "refcode_1": "SITI",
    "refcode_2": "215",
    "refcode_3": "7",
    "refcode_4": "1886",
    "refcode_short": "SITI March 18,  1886, page 215.7",
    "refcode_long": "The Signs of the Times, vol. 12 March 18,  1886, page 215 paragraph 7",
    "element_type": "p",
    "element_subtype": "standard-indented",
    "content": "Many people, in their shortsightedness, have thought that this is unjust. There is no injustice in it; it is simply a statement of what exists from the very nature of things. The apostle does not say that the man who breaks only one commandment shall be considered as guilty as he who should violate every one, although he is guilty of all. There are degrees of sin. The law is sometimes likened to a chain having ten links. Now if only one link be broken, the chain is broken, and, until that link is mended, is just as useless as though all the links were broken. So if a man breaks one commandment, he has broken the law, and it is just as impossible for the law to justify him as it would be if he had broken every precept. The following from Dr. Chalmers is direct on this point:-",
    "puborder": 347,
    "translations": []
  },
  {
    "para_id": "1539.385",
    "id_prev": "1539.384",
    "id_next": "1539.386",
    "refcode_1": "SITI",
    "refcode_2": "215",
    "refcode_3": "8",
    "refcode_4": "1886",
    "refcode_short": "SITI March 18,  1886, page 215.8",
    "refcode_long": "The Signs of the Times, vol. 12 March 18,  1886, page 215 paragraph 8",
    "element_type": "p",
    "element_subtype": "standard-indented",
    "content": "&ldquo;In order that you [may] feel the force of the apostle&rsquo;s demonstration, there is one principle which is held to be sound in human law, and which, in all equity, ought to be extended to the law of God. The principle is this,-that however manifold the enactments of the law may be, it is possible, by one act or one kind of disobedience, to incur the guilt of an entire defiance to the authority which framed it; and therefore to bring rightfully down upon the head of the transgressor the whole weight of the severities which it denounces against the children of iniquity. To be worthy of death, it is not necessary to commit all the things which are included in the sad enumeration of human vices, any more than it is necessary for a criminal to add depredation to forgery, or murder to both, ere a capital sentence go out against him from the administrators of the law upon which he has trampled. You may as effectually cut with a friend by one hostile or insolent expression, as if you had employed a thousand; and your disavowal of authority may be as intelligibly announced by one deed of defiance as by many; and your contempt of Heaven&rsquo;s court be as strongly manifested by your willful violation of one of the commandments, as if you had thwarted every requirement....",
    "puborder": 348,
    "translations": []
  },
  {
    "para_id": "1539.386",
    "id_prev": "1539.385",
    "id_next": "1539.387",
    "refcode_1": "SITI",
    "refcode_2": "215",
    "refcode_3": "9",
    "refcode_4": "1886",
    "refcode_short": "SITI March 18,  1886, page 215.9",
    "refcode_long": "The Signs of the Times, vol. 12 March 18,  1886, page 215 paragraph 9",
    "element_type": "p",
    "element_subtype": "standard-indented",
    "content": "&ldquo;The man who has thrown off the allegiance of religion, may neither have the occasion nor the wish to commit all the offenses which it prohibits, or to utter all the blasphemies which may be vented forth in the spirit of defiance against the Almighty&rsquo;s throne. And yet the principle of defiance may have taken full possession of his heart, and irreligion may be the element in which he breathes. And in every instance, when his will comes into competition with the will of God, may the creature lift himself above the Creator; and though, according to the varieties of natural temperament, these instances may be more manifold and various with one man than with another, yet that which essentially constitutes the character of moral and spiritual guilt may be of equal strength and inveteracy with both.... Ungodliness, in short, is not a thing of tale and measure; it is a thing of weight and of quality.&rdquo;-<em>Chalmers on the Romans, Lecture VI.</em>",
    "puborder": 349,
    "translations": []
  },
  {
    "para_id": "1539.387",
    "id_prev": "1539.386",
    "id_next": "1539.388",
    "refcode_1": "SITI",
    "refcode_2": "215",
    "refcode_3": "10",
    "refcode_4": "1886",
    "refcode_short": "SITI March 18,  1886, page 215.10",
    "refcode_long": "The Signs of the Times, vol. 12 March 18,  1886, page 215 paragraph 10",
    "element_type": "p",
    "element_subtype": "standard-indented",
    "content": "The above is a good exposition of <span class=\"egwlink egwlink_bible\" title=\"James 2:10\" data-link=\"1965.61816\">James 2:10, 11</span>. We learn, then, that when a man willfully violates one commandment, it is not respect for the law, nor for the Lawgiver, that restrains him from violating all of them. He has shown his contempt for the authority that gave them, and thus becomes guilty of all. Now when we recall the fact that each one of these commandments reaches the thoughts and intents of the heart, we may have something of a sense of what it takes to be a doer of the law. If it is thought that there is even one human being who merits that title, read the following plain declarations:-",
    "puborder": 350,
    "translations": []
  },
  {
    "para_id": "1539.388",
    "id_prev": "1539.387",
    "id_next": "1539.389",
    "refcode_1": "SITI",
    "refcode_2": "215",
    "refcode_3": "11",
    "refcode_4": "1886",
    "refcode_short": "SITI March 18,  1886, page 215.11",
    "refcode_long": "The Signs of the Times, vol. 12 March 18,  1886, page 215 paragraph 11",
    "element_type": "p",
    "element_subtype": "standard-indented",
    "content": "&ldquo;For we have before proved both Jews and Gentiles that they are all under sin; as it is written, There is none righteous, no, not one; there is none that understandeth, there is none that seeketh after God. They are all gone out of the way; they are together become unprofitable; there is none that doeth good, no, not one. Their throat is an open sepulcher; with their tongues they have used deceit; the poison of asps is under their lips; whose mouth is full of cursing and bitterness; their feet are swift to shed blood; destruction and misery are in their ways; and the way of peace they have not known; there is no fear of God before their eyes. Now we know that what things soever the law saith, it saith to them who are under the law; that every mouth may be stopped, and all the world may become guilty before God.&rdquo; <span class=\"egwlink egwlink_bible\" title=\"Romans 3:9\" data-link=\"1965.57097\">Romans 3:9-19</span>.",
    "puborder": 351,
    "translations": []
  },
  {
    "para_id": "1539.389",
    "id_prev": "1539.388",
    "id_next": "1539.390",
    "refcode_1": "SITI",
    "refcode_2": "215",
    "refcode_3": "12",
    "refcode_4": "1886",
    "refcode_short": "SITI March 18,  1886, page 215.12",
    "refcode_long": "The Signs of the Times, vol. 12 March 18,  1886, page 215 paragraph 12",
    "element_type": "p",
    "element_subtype": "standard-indented",
    "content": "After reading the above, you will have no difficulty in understanding why the apostle immediately adds:-",
    "puborder": 352,
    "translations": []
  },
  {
    "para_id": "1539.390",
    "id_prev": "1539.389",
    "id_next": "1539.391",
    "refcode_1": "SITI",
    "refcode_2": "215",
    "refcode_3": "13",
    "refcode_4": "1886",
    "refcode_short": "SITI March 18,  1886, page 215.13",
    "refcode_long": "The Signs of the Times, vol. 12 March 18,  1886, page 215 paragraph 13",
    "element_type": "p",
    "element_subtype": "standard-indented",
    "content": "&ldquo;Therefore by the deeds of the law there shall no flesh be justified in his sight; for by the law is the knowledge of sin.&rdquo; <span class=\"egwlink egwlink_bible\" title=\"Romans 3:20\" data-link=\"1965.57119\">Romans 3:20</span>.",
    "puborder": 353,
    "translations": []
  },
  {
    "para_id": "1539.391",
    "id_prev": "1539.390",
    "id_next": "1539.393",
    "refcode_1": "SITI",
    "refcode_2": "215",
    "refcode_3": "14",
    "refcode_4": "1886",
    "refcode_short": "SITI March 18,  1886, page 215.14",
    "refcode_long": "The Signs of the Times, vol. 12 March 18,  1886, page 215 paragraph 14",
    "element_type": "p",
    "element_subtype": "standard-indented",
    "content": "It seems hardly possible that any one should now imagine that there is any disagreement between <span class=\"egwlink egwlink_bible\" title=\"Romans 2:13\" data-link=\"1965.57046\">Romans 2:13</span> and <span class=\"egwlink egwlink_bible\" title=\"Romans 3:20\" data-link=\"1965.57119\">Romans 3:20</span>. It is a fact that all must recognize, that the law will justify all doers of it; and it is just as certain that by the deeds of the law no flesh can be justified, because there is no one of whom it can be said, He is a doer of the law. It is not the fault of the law that it will not justify anybody; it would do so if it were possible; it is the fault of man that it cannot. E. J. W.",
    "puborder": 354,
    "translations": []
  },
  {
    "para_id": "1539.393",
    "id_prev": "1539.391",
    "id_next": "1539.394",
    "refcode_1": "SITI",
    "refcode_2": "168",
    "refcode_3": "",
    "refcode_4": "1886",
    "refcode_short": "SITI March 18,  1886, page 168",
    "refcode_long": "The Signs of the Times, vol. 12 March 18,  1886, page 168",
    "element_type": "h5",
    "element_subtype": "",
    "content": "&ldquo;Forgiveness; Real, not Figurative&rdquo; The Signs of the Times, 12, 11.",
    "puborder": 355,
    "translations": []
  },
  {
    "para_id": "1539.394",
    "id_prev": "1539.393",
    "id_next": "1539.395",
    "refcode_1": "SITI",
    "refcode_2": "168",
    "refcode_3": "",
    "refcode_4": "1886",
    "refcode_short": "",
    "refcode_long": "",
    "element_type": "p",
    "element_subtype": "center",
    "content": "E. J. Waggoner",
    "puborder": 356,
    "translations": []
  },
  {
    "para_id": "1539.395",
    "id_prev": "1539.394",
    "id_next": "1539.396",
    "refcode_1": "SITI",
    "refcode_2": "168",
    "refcode_3": "1",
    "refcode_4": "1886",
    "refcode_short": "SITI March 18,  1886, page 168.1",
    "refcode_long": "The Signs of the Times, vol. 12 March 18,  1886, page 168 paragraph 1",
    "element_type": "p",
    "element_subtype": "standard-indented",
    "content": "There is probably no one who gives the matter any consideration, who doubts that the offerings for sin, under the Levitical law, represented the real sacrifice made by Christ; although there are very many who fail to notice that the service performed by the priests was only a type of the real service which is conducted by Christ, our great High Priest, in the true sanctuary in Heaven. The Scriptures, however, give abundant evidence of the fact that the tabernacle built in the wilderness was but a pattern of &ldquo;the true tabernacle which the Lord pitched, and not man;&rdquo; that the high priest was a type of Christ; and that, in short, the whole service was typical, or figurative.",
    "puborder": 357,
    "translations": []
  },
  {
    "para_id": "1539.396",
    "id_prev": "1539.395",
    "id_next": "1539.397",
    "refcode_1": "SITI",
    "refcode_2": "168",
    "refcode_3": "2",
    "refcode_4": "1886",
    "refcode_short": "SITI March 18,  1886, page 168.2",
    "refcode_long": "The Signs of the Times, vol. 12 March 18,  1886, page 168 paragraph 2",
    "element_type": "p",
    "element_subtype": "standard-indented",
    "content": "But here some are liable to make a mistake. Many suppose that because the service of the sanctuary was only figurative, therefore the forgiveness which the sinner is said to have received was also only figurative. The fallacy of this supposition will be apparent if a comprehensive view is taken of the whole subject. It will be remembered that the figurative sanctuary service continued until Christ made the real sacrifice on the cross. Then if the supposition noted were true, it would appear that before the time of Christ no sinner had really been forgiven. But Elijah went to Heaven, and therefore his sins must certainly have been forgiven. David says: &ldquo;I acknowledged my sin unto thee, and mine iniquity have I not hid. I said, I will confess my transgressions unto the Lord; and thou forgavest the iniquity of my sin.&rdquo; <span class=\"egwlink egwlink_bible\" title=\"Psalm 32:5\" data-link=\"1965.29252\">Psalm 32:5</span>. That is positive proof of sins actually pardoned. Therefore we must conclude that sins were pardoned <em>in fact,</em> before the time of Christ.",
    "puborder": 358,
    "translations": []
  },
  {
    "para_id": "1539.397",
    "id_prev": "1539.396",
    "id_next": "1539.398",
    "refcode_1": "SITI",
    "refcode_2": "168",
    "refcode_3": "3",
    "refcode_4": "1886",
    "refcode_short": "SITI March 18,  1886, page 168.3",
    "refcode_long": "The Signs of the Times, vol. 12 March 18,  1886, page 168 paragraph 3",
    "element_type": "p",
    "element_subtype": "standard-indented",
    "content": "&ldquo;But,&rdquo; asks one in astonishment, &ldquo;do you think that there was any virtue in the blood of bulls and goats to take away sin?&rdquo; Not at all; neither do we believe that there is any virtue in the mechanical act of baptism; yet we are commanded to be baptized as a condition of securing remission of sins. What is it that secures our forgiveness? It is the death and resurrection of Christ (<span class=\"egwlink egwlink_bible\" title=\"Romans 4:25\" data-link=\"1965.57192\">Romans 4:25</span>); it is not by the mere act of baptism, but by the faith which is thereby indicated, that we secure pardon for transgressions. So in the case of the man in the Levitical age. He was forgiven, not through any virtue in the blood of the goat or bullock which he offered, but by virtue of his faith in Christ&rsquo;s sacrifice, which he manifested by offering an animal that typified Christ.",
    "puborder": 359,
    "translations": []
  },
  {
    "para_id": "1539.398",
    "id_prev": "1539.397",
    "id_next": "1539.399",
    "refcode_1": "SITI",
    "refcode_2": "168",
    "refcode_3": "4",
    "refcode_4": "1886",
    "refcode_short": "SITI March 18,  1886, page 168.4",
    "refcode_long": "The Signs of the Times, vol. 12 March 18,  1886, page 168 paragraph 4",
    "element_type": "p",
    "element_subtype": "standard-indented",
    "content": "We must not lose sight of the fact that the plan of salvation has not varied in the least since the days of Adam. When man first sinned; then Christ was given as a ransom. It was then that Christ voluntarily offered to die in man&rsquo;s stead; it was then that God&rsquo;s love to the world led him to consent to deliver up his only begotten son; it was then that the promise of life through Christ was made to the human race. Now a <em>promise</em> on the part of God is just as sure as a thing that is actually performed; for he cannot lie. And for this reason it is that Christ is said to have been &ldquo;slain from the foundation of the world.&rdquo; It made no difference that the death was not accomplished until four thousand years after the fall; from the time the promise was made, forgiveness of sins through the blood of Christ was just as certain to the man who repented as it is to-day.",
    "puborder": 360,
    "translations": []
  },
  {
    "para_id": "1539.399",
    "id_prev": "1539.398",
    "id_next": "1539.400",
    "refcode_1": "SITI",
    "refcode_2": "168",
    "refcode_3": "5",
    "refcode_4": "1886",
    "refcode_short": "SITI March 18,  1886, page 168.5",
    "refcode_long": "The Signs of the Times, vol. 12 March 18,  1886, page 168 paragraph 5",
    "element_type": "p",
    "element_subtype": "standard-indented",
    "content": "Notice the exact parallel between the case of men in the days before Christ and that of those after Christ. They had ceremonies by which they manifested their faith in Christ; and because of this faith they were forgiven. We have ceremonies (as baptism and the Lord&rsquo;s Supper) by which we manifest our faith in Christ; and because of our faith we obtain the forgiveness of our sins. They looked forward by faith to the time when Christ, according to the promise, should be offered; we look backward to the cross and we see the promise actually fulfilled.",
    "puborder": 361,
    "translations": []
  },
  {
    "para_id": "1539.400",
    "id_prev": "1539.399",
    "id_next": "1539.401",
    "refcode_1": "SITI",
    "refcode_2": "168",
    "refcode_3": "6",
    "refcode_4": "1886",
    "refcode_short": "SITI March 18,  1886, page 168.6",
    "refcode_long": "The Signs of the Times, vol. 12 March 18,  1886, page 168 paragraph 6",
    "element_type": "p",
    "element_subtype": "standard-indented",
    "content": "But while their sins were forgiven in fact, they were blotted out only in figure. Even in this the parallel holds good; for the sins of men now living, although forgiven, have not yet been blotted out. The exhortation to us is, &ldquo;Repent ye therefore, and be converted, that your sins may be blotted out, when the times of refreshing shall come from the presence of the Lord.&rdquo; <span class=\"egwlink egwlink_bible\" title=\"Acts 3:19\" data-link=\"1965.55098\">Acts 3:19</span>. And because the way of salvation is uniform throughout, and God deals with men in the same way in all ages of the world, we do not like the terms &ldquo;old dispensation&rdquo; and &ldquo;new dispensation;&rdquo; or &ldquo;Jewish dispensation&rdquo; and &ldquo;gospel dispensation.&rdquo; Abraham, Isaac, and Jacob, lived in the &ldquo;gospel age&rdquo; as well as we. See <span class=\"egwlink egwlink_bible\" title=\"Galatians 3:8\" data-link=\"1965.59365\">Galatians 3:8</span>. The gospel is the good news of salvation through Christ, and the patriarchs understood that as well as we do. Forgiveness of sins has always been granted immediately upon repentance; and Christ&rsquo;s blood was of just as much efficacy four thousand years ago as it is to-day. &ldquo;Neither is there salvation in any other; for there is none other name under heaven given among men, whereby we must be saved.&rdquo; <span class=\"egwlink egwlink_bible\" title=\"Acts 4:12\" data-link=\"1965.55137\">Acts 4:12</span>. E. J. W.",
    "puborder": 362,
    "translations": []
  }
]