[
  {
    "para_id": "100.2551",
    "id_prev": "100.2550",
    "id_next": "100.2552",
    "refcode_1": "3SM",
    "refcode_2": "420",
    "refcode_3": "",
    "refcode_4": "165",
    "refcode_short": "3SM 420",
    "refcode_long": "Selected Messages Book 3, p. 420 (Ellen Gould White)",
    "element_type": "h4",
    "element_subtype": "",
    "content": "Martyrdom God&apos;s Means of Bringing Many Into Truth",
    "puborder": 1869,
    "translations": [
      {
        "para_id": "202.2643",
        "lang": "es",
        "refcode": "3MS 480"
      },
      {
        "para_id": "12461.2464",
        "lang": "pl",
        "refcode": "WP3 374"
      },
      {
        "para_id": "11097.2570",
        "lang": "pt",
        "refcode": "ME3 420"
      },
      {
        "para_id": "1783.2508",
        "lang": "ru",
        "refcode": "3ИВ 420"
      }
    ]
  },
  {
    "para_id": "100.2552",
    "id_prev": "100.2551",
    "id_next": "100.2553",
    "refcode_1": "3SM",
    "refcode_2": "420",
    "refcode_3": "2",
    "refcode_4": "",
    "refcode_short": "3SM 420.2",
    "refcode_long": "Selected Messages Book 3, p. 420.2 (Ellen Gould White)",
    "element_type": "p",
    "element_subtype": "standard-indented",
    "content": "The worthies who refused to bow to the golden image were cast into a burning fiery furnace, but Christ was with them there, and the fire did not consume them....",
    "puborder": 1870,
    "translations": [
      {
        "para_id": "202.2644",
        "lang": "es",
        "refcode": "3MS 480.2"
      },
      {
        "para_id": "12461.2465",
        "lang": "pl",
        "refcode": "WP3 374.1"
      },
      {
        "para_id": "11097.2571",
        "lang": "pt",
        "refcode": "ME3 420.2"
      },
      {
        "para_id": "1783.2509",
        "lang": "ru",
        "refcode": "3ИВ 420.2"
      }
    ]
  },
  {
    "para_id": "100.2553",
    "id_prev": "100.2552",
    "id_next": "100.2554",
    "refcode_1": "3SM",
    "refcode_2": "420",
    "refcode_3": "3",
    "refcode_4": "",
    "refcode_short": "3SM 420.3",
    "refcode_long": "Selected Messages Book 3, p. 420.3 (Ellen Gould White)",
    "element_type": "p",
    "element_subtype": "standard-indented",
    "content": "Now some of us may be brought to just as severe a test&mdash;will we obey the commandments of men or will we obey the commandments of God? This is the question that will be asked of many. The best thing for us is to come into close connection with God, and, if He would have us be martyrs for the truth&apos;s sake, it may be the means of bringing many more into the truth.&mdash;<span class=\"egwlink egwlink_book\" title=\"Ms 83, 1886\" data-link=\"14054.4196001\">Manuscript 83, 1886</span>.",
    "puborder": 1871,
    "translations": [
      {
        "para_id": "202.2645",
        "lang": "es",
        "refcode": "3MS 480.3"
      },
      {
        "para_id": "12461.2466",
        "lang": "pl",
        "refcode": "WP3 374.2"
      },
      {
        "para_id": "11097.2572",
        "lang": "pt",
        "refcode": "ME3 420.3"
      },
      {
        "para_id": "1783.2510",
        "lang": "ru",
        "refcode": "3ИВ 420.3"
      }
    ]
  }
]