[
  {
    "para_id": "100.677",
    "id_prev": "100.675",
    "id_next": "100.678",
    "refcode_1": "3SM",
    "refcode_2": "115",
    "refcode_3": "",
    "refcode_4": "19",
    "refcode_short": "3SM 115",
    "refcode_long": "Selected Messages Book 3, p. 115 (Ellen Gould White)",
    "element_type": "h3",
    "element_subtype": "",
    "content": "Chapter 17&mdash;The Experience of E. G. White in Preparing The Desire of Ages",
    "puborder": 493,
    "translations": [
      {
        "para_id": "202.698",
        "lang": "es",
        "refcode": "3MS 130"
      },
      {
        "para_id": "12461.655",
        "lang": "pl",
        "refcode": "WP3 104"
      },
      {
        "para_id": "11097.696",
        "lang": "pt",
        "refcode": "ME3 115"
      },
      {
        "para_id": "1783.636",
        "lang": "ru",
        "refcode": "3ИВ 115"
      }
    ]
  },
  {
    "para_id": "100.678",
    "id_prev": "100.677",
    "id_next": "100.679",
    "refcode_1": "3SM",
    "refcode_2": "115",
    "refcode_3": "",
    "refcode_4": "21",
    "refcode_short": "3SM 115",
    "refcode_long": "Selected Messages Book 3, p. 115 (Ellen Gould White)",
    "element_type": "h4",
    "element_subtype": "",
    "content": "Notations From Letters and Diaries",
    "puborder": 494,
    "translations": [
      {
        "para_id": "202.699",
        "lang": "es",
        "refcode": "3MS 130"
      },
      {
        "para_id": "12461.656",
        "lang": "pl",
        "refcode": "WP3 104"
      },
      {
        "para_id": "11097.697",
        "lang": "pt",
        "refcode": "ME3 115"
      },
      {
        "para_id": "1783.637",
        "lang": "ru",
        "refcode": "3ИВ 115"
      }
    ]
  },
  {
    "para_id": "100.679",
    "id_prev": "100.678",
    "id_next": "100.680",
    "refcode_1": "3SM",
    "refcode_2": "115",
    "refcode_3": "1",
    "refcode_4": "",
    "refcode_short": "3SM 115.1",
    "refcode_long": "Selected Messages Book 3, p. 115.1 (Ellen Gould White)",
    "element_type": "p",
    "element_subtype": "standard-indented",
    "content": "<strong>July 15, 1892</strong>&mdash;This week I have been enabled to commence writing on the life of Christ. Oh, how inefficient, how incapable I am of expressing the things which burn in my soul in reference to the mission of Christ! I have hardly dared to enter upon the work. There is so much to it all. And what shall I say, and what shall I leave unsaid? I lie awake nights pleading with the Lord for the Holy Spirit to come upon me, to abide upon me....",
    "puborder": 495,
    "translations": [
      {
        "para_id": "202.700",
        "lang": "es",
        "refcode": "3MS 130.1"
      },
      {
        "para_id": "12461.657",
        "lang": "pl",
        "refcode": "WP3 104.1"
      },
      {
        "para_id": "11097.698",
        "lang": "pt",
        "refcode": "ME3 115.1"
      },
      {
        "para_id": "1783.638",
        "lang": "ru",
        "refcode": "3ИВ 115.1"
      }
    ]
  },
  {
    "para_id": "100.680",
    "id_prev": "100.679",
    "id_next": "100.681",
    "refcode_1": "3SM",
    "refcode_2": "115",
    "refcode_3": "2",
    "refcode_4": "",
    "refcode_short": "3SM 115.2",
    "refcode_long": "Selected Messages Book 3, p. 115.2 (Ellen Gould White)",
    "element_type": "p",
    "element_subtype": "standard-indented",
    "content": "I walk with trembling before God. I know not how to speak or trace with pen the large subject of the atoning sacrifice. I know not how to present subjects in the living power in which they stand before me. I tremble for fear lest I shall belittle the great plan of salvation by cheap words. I bow my soul in awe and reverence before God and say, &ldquo;Who is sufficient for these things?&rdquo;&mdash;<span class=\"egwlink egwlink_book\" title=\"Lt 40, 1892\" data-link=\"14057.5528001\">Letter 40, 1892</span>.",
    "puborder": 496,
    "translations": [
      {
        "para_id": "202.701",
        "lang": "es",
        "refcode": "3MS 130.2"
      },
      {
        "para_id": "12461.658",
        "lang": "pl",
        "refcode": "WP3 104.2"
      },
      {
        "para_id": "11097.699",
        "lang": "pt",
        "refcode": "ME3 115.2"
      },
      {
        "para_id": "1783.639",
        "lang": "ru",
        "refcode": "3ИВ 115.2"
      }
    ]
  },
  {
    "para_id": "100.681",
    "id_prev": "100.680",
    "id_next": "100.684",
    "refcode_1": "3SM",
    "refcode_2": "115",
    "refcode_3": "3",
    "refcode_4": "",
    "refcode_short": "3SM 115.3",
    "refcode_long": "Selected Messages Book 3, p. 115.3 (Ellen Gould White)",
    "element_type": "p",
    "element_subtype": "standard-indented",
    "content": "<strong>May 23, 1893</strong>&mdash;It is cloudy and raining this morning. I have been writing upon the life of Christ since four o&apos;clock. Oh, that the Holy Spirit may rest and abide upon me, that my pen may trace the words which will communicate to others the light which the Lord has been pleased in His great mercy and love to give to <span class=\"page-break\" data-page=\"116\"></span> me.&mdash;<span class=\"egwlink egwlink_book\" title=\"Ms 80, 1893\" data-link=\"14058.6293001\">Manuscript 80, 1893</span>.",
    "puborder": 497,
    "translations": [
      {
        "para_id": "202.702",
        "lang": "es",
        "refcode": "3MS 130.3"
      },
      {
        "para_id": "12461.659",
        "lang": "pl",
        "refcode": "WP3 104.3"
      },
      {
        "para_id": "11097.700",
        "lang": "pt",
        "refcode": "ME3 115.3"
      },
      {
        "para_id": "1783.640",
        "lang": "ru",
        "refcode": "3ИВ 115.3"
      }
    ]
  },
  {
    "para_id": "100.684",
    "id_prev": "100.681",
    "id_next": "100.685",
    "refcode_1": "3SM",
    "refcode_2": "116",
    "refcode_3": "1",
    "refcode_4": "",
    "refcode_short": "3SM 116.1",
    "refcode_long": "Selected Messages Book 3, p. 116.1 (Ellen Gould White)",
    "element_type": "p",
    "element_subtype": "standard-indented",
    "content": "<strong>June 15, 1893</strong>&mdash;I am anxious to get out the life of Christ. Marian [Davis] specifies chapters and subjects for me to write upon that I do not see really need to be written upon. I may see more light in them. These I shall not enter upon without the Lord&apos;s Spirit seems to lead me. The building [of] a tower, the war of Kings, these things do not burden my mind, but the subjects of the life of Christ, His character representing the Father, the parables essential for us all to understand and practice the lessons contained in them, I shall dwell upon.&mdash;<span class=\"egwlink egwlink_book\" title=\"Lt 131, 1893\" data-link=\"14058.4911001\">Letter 131, 1893</span>.",
    "puborder": 498,
    "translations": [
      {
        "para_id": "202.705",
        "lang": "es",
        "refcode": "3MS 131.1"
      },
      {
        "para_id": "12461.660",
        "lang": "pl",
        "refcode": "WP3 104.4"
      },
      {
        "para_id": "11097.703",
        "lang": "pt",
        "refcode": "ME3 116.1"
      },
      {
        "para_id": "1783.643",
        "lang": "ru",
        "refcode": "3ИВ 116.1"
      }
    ]
  },
  {
    "para_id": "100.685",
    "id_prev": "100.684",
    "id_next": "100.686",
    "refcode_1": "3SM",
    "refcode_2": "116",
    "refcode_3": "2",
    "refcode_4": "",
    "refcode_short": "3SM 116.2",
    "refcode_long": "Selected Messages Book 3, p. 116.2 (Ellen Gould White)",
    "element_type": "p",
    "element_subtype": "standard-indented",
    "content": "<strong>July 2, 1893</strong>&mdash;I write some every day on the life of Christ. One chapter sets my mind fresh upon other subjects so that I have several scratch books that I am writing upon. I hardly dare send manuscript by young Linden, fearing it may get lost, and I wish to give more time to some subjects.&mdash;<span class=\"egwlink egwlink_book\" title=\"Lt 132, 1893\" data-link=\"14058.7226001\">Letter 132, 1893</span> (Written from New Zealand.)",
    "puborder": 499,
    "translations": [
      {
        "para_id": "202.706",
        "lang": "es",
        "refcode": "3MS 131.2"
      },
      {
        "para_id": "12461.662",
        "lang": "pl",
        "refcode": "WP3 105.1"
      },
      {
        "para_id": "11097.704",
        "lang": "pt",
        "refcode": "ME3 116.2"
      },
      {
        "para_id": "1783.644",
        "lang": "ru",
        "refcode": "3ИВ 116.2"
      }
    ]
  },
  {
    "para_id": "100.686",
    "id_prev": "100.685",
    "id_next": "100.687",
    "refcode_1": "3SM",
    "refcode_2": "116",
    "refcode_3": "3",
    "refcode_4": "",
    "refcode_short": "3SM 116.3",
    "refcode_long": "Selected Messages Book 3, p. 116.3 (Ellen Gould White)",
    "element_type": "p",
    "element_subtype": "standard-indented",
    "content": "<strong>July 7, 1893</strong>&mdash;I have written you a little bit every mail we heard of that went to ... [America], and when Brother Linden went, sent you a letter and manuscript ... some on the life of Christ.... That on life of Christ can be used for articles for the paper.&mdash;<span class=\"egwlink egwlink_book\" title=\"Lt 133, 1893\" data-link=\"14058.5202001\">Letter 133, 1893</span>.",
    "puborder": 500,
    "translations": [
      {
        "para_id": "202.707",
        "lang": "es",
        "refcode": "3MS 131.3"
      },
      {
        "para_id": "12461.663",
        "lang": "pl",
        "refcode": "WP3 105.2"
      },
      {
        "para_id": "11097.705",
        "lang": "pt",
        "refcode": "ME3 116.3"
      },
      {
        "para_id": "1783.645",
        "lang": "ru",
        "refcode": "3ИВ 116.3"
      }
    ]
  },
  {
    "para_id": "100.687",
    "id_prev": "100.686",
    "id_next": "100.688",
    "refcode_1": "3SM",
    "refcode_2": "116",
    "refcode_3": "4",
    "refcode_4": "",
    "refcode_short": "3SM 116.4",
    "refcode_long": "Selected Messages Book 3, p. 116.4 (Ellen Gould White)",
    "element_type": "p",
    "element_subtype": "standard-indented",
    "content": "<strong>Late 1894</strong>&mdash;It is decided in council I shall write on the life of Christ; but how any better than in the past? Questions and the true condition of things here and there are urged upon me....",
    "puborder": 501,
    "translations": [
      {
        "para_id": "202.708",
        "lang": "es",
        "refcode": "3MS 131.4"
      },
      {
        "para_id": "12461.664",
        "lang": "pl",
        "refcode": "WP3 105.3"
      },
      {
        "para_id": "11097.706",
        "lang": "pt",
        "refcode": "ME3 116.4"
      },
      {
        "para_id": "1783.646",
        "lang": "ru",
        "refcode": "3ИВ 116.4"
      }
    ]
  },
  {
    "para_id": "100.688",
    "id_prev": "100.687",
    "id_next": "100.691",
    "refcode_1": "3SM",
    "refcode_2": "116",
    "refcode_3": "5",
    "refcode_4": "",
    "refcode_short": "3SM 116.5",
    "refcode_long": "Selected Messages Book 3, p. 116.5 (Ellen Gould White)",
    "element_type": "p",
    "element_subtype": "standard-indented",
    "content": "I have done scarcely anything on the life of Christ, and have been obliged to often bring Marian to my help, irrespective of the work on the life of Christ which she has to do under great difficulties, gathering from all my writings a little here and a little there, to arrange as best she can. But she is in good working order, if I could only feel free to give my whole attention to the work. She has her mind educated and trained for the work; and now I think, as I have thought a few hundred times, I shall be able after this mail [American] closes to take the life of <span class=\"page-break\" data-page=\"117\"></span> Christ and go ahead with it, if the Lord will.&mdash;<span class=\"egwlink egwlink_book\" title=\"Lt 55, 1894\" data-link=\"14059.4880001\">Letter 55, 1894</span>.",
    "puborder": 502,
    "translations": [
      {
        "para_id": "202.710",
        "lang": "es",
        "refcode": "3MS 132.1"
      },
      {
        "para_id": "12461.665",
        "lang": "pl",
        "refcode": "WP3 105.4"
      },
      {
        "para_id": "11097.707",
        "lang": "pt",
        "refcode": "ME3 116.5"
      },
      {
        "para_id": "1783.647",
        "lang": "ru",
        "refcode": "3ИВ 116.5"
      }
    ]
  },
  {
    "para_id": "100.691",
    "id_prev": "100.688",
    "id_next": "100.692",
    "refcode_1": "3SM",
    "refcode_2": "117",
    "refcode_3": "1",
    "refcode_4": "",
    "refcode_short": "3SM 117.1",
    "refcode_long": "Selected Messages Book 3, p. 117.1 (Ellen Gould White)",
    "element_type": "p",
    "element_subtype": "standard-indented",
    "content": "<strong>October 25, 1894</strong>&mdash;Marian is working at the greatest disadvantage. I find but little time in which to write on the life of Christ. I am continually receiving letters that demand an answer, and I dare not neglect important matters that are brought to my notice. Then there are churches to visit, private testimonies to write, and many other things to be attended to that tax me and consume my time. Marian greedily grasps every letter I write to others in order to find sentences that she can use in the life of Christ. She has been collecting everything that has a bearing on Christ&apos;s lessons to his disciples, from all possible sources. After the camp meeting is ended, which is a very important meeting, I shall locate myself in some place where I can give myself to the work of writing on the life of Christ....",
    "puborder": 503,
    "translations": [
      {
        "para_id": "202.711",
        "lang": "es",
        "refcode": "3MS 132.2"
      },
      {
        "para_id": "12461.666",
        "lang": "pl",
        "refcode": "WP3 105.5"
      },
      {
        "para_id": "11097.710",
        "lang": "pt",
        "refcode": "ME3 117.1"
      },
      {
        "para_id": "1783.650",
        "lang": "ru",
        "refcode": "3ИВ 117.1"
      }
    ]
  },
  {
    "para_id": "100.692",
    "id_prev": "100.691",
    "id_next": "100.693",
    "refcode_1": "3SM",
    "refcode_2": "117",
    "refcode_3": "2",
    "refcode_4": "",
    "refcode_short": "3SM 117.2",
    "refcode_long": "Selected Messages Book 3, p. 117.2 (Ellen Gould White)",
    "element_type": "p",
    "element_subtype": "standard-indented",
    "content": "There is much to be done in the churches, and I cannot act my part in keeping up the interest and do the other work that is necessary for me to do without becoming so weary that I cannot devote strength to writing on the life of Christ. I am much perplexed as to what is my duty....",
    "puborder": 504,
    "translations": [
      {
        "para_id": "202.712",
        "lang": "es",
        "refcode": "3MS 132.3"
      },
      {
        "para_id": "12461.668",
        "lang": "pl",
        "refcode": "WP3 106.1"
      },
      {
        "para_id": "11097.711",
        "lang": "pt",
        "refcode": "ME3 117.2"
      },
      {
        "para_id": "1783.651",
        "lang": "ru",
        "refcode": "3ИВ 117.2"
      }
    ]
  },
  {
    "para_id": "100.693",
    "id_prev": "100.692",
    "id_next": "100.694",
    "refcode_1": "3SM",
    "refcode_2": "117",
    "refcode_3": "3",
    "refcode_4": "",
    "refcode_short": "3SM 117.3",
    "refcode_long": "Selected Messages Book 3, p. 117.3 (Ellen Gould White)",
    "element_type": "p",
    "element_subtype": "standard-indented",
    "content": "I have about decided to ... devote all my time to writing for the books that ought to be prepared without further delay. I would like to write on the life of Christ, on Christian Temperance [<em>Ministry of Healing</em>], and prepare Testimony No. 34 [volume 6] for it is very much needed. I will have to stop writing so much for the papers, and let the <em>Review and Herald</em>, the <em>Signs of the Times</em>, and all other periodicals go without articles from my pen for this year.",
    "puborder": 505,
    "translations": [
      {
        "para_id": "202.715",
        "lang": "es",
        "refcode": "3MS 133.1"
      },
      {
        "para_id": "12461.669",
        "lang": "pl",
        "refcode": "WP3 106.2"
      },
      {
        "para_id": "11097.712",
        "lang": "pt",
        "refcode": "ME3 117.3"
      },
      {
        "para_id": "1783.652",
        "lang": "ru",
        "refcode": "3ИВ 117.3"
      }
    ]
  },
  {
    "para_id": "100.694",
    "id_prev": "100.693",
    "id_next": "100.697",
    "refcode_1": "3SM",
    "refcode_2": "117",
    "refcode_3": "4",
    "refcode_4": "",
    "refcode_short": "3SM 117.4",
    "refcode_long": "Selected Messages Book 3, p. 117.4 (Ellen Gould White)",
    "element_type": "p",
    "element_subtype": "standard-indented",
    "content": "All articles that appear under my signature are fresh, new writings from my pen. I am sorry that I have not more literary help. I need this kind of help very much. Fanny [Bolton] could help me a great deal on the book work if she had not so many articles to prepare for the papers, and so many letters and testimonies to edit to meet the demands of my correspondence and the needs <span class=\"page-break\" data-page=\"118\"></span> of the people.",
    "puborder": 506,
    "translations": [
      {
        "para_id": "202.716",
        "lang": "es",
        "refcode": "3MS 133.2"
      },
      {
        "para_id": "12461.670",
        "lang": "pl",
        "refcode": "WP3 106.3"
      },
      {
        "para_id": "11097.713",
        "lang": "pt",
        "refcode": "ME3 117.4"
      },
      {
        "para_id": "1783.653",
        "lang": "ru",
        "refcode": "3ИВ 117.4"
      }
    ]
  },
  {
    "para_id": "100.697",
    "id_prev": "100.694",
    "id_next": "100.698",
    "refcode_1": "3SM",
    "refcode_2": "118",
    "refcode_3": "1",
    "refcode_4": "",
    "refcode_short": "3SM 118.1",
    "refcode_long": "Selected Messages Book 3, p. 118.1 (Ellen Gould White)",
    "element_type": "p",
    "element_subtype": "standard-indented",
    "content": "It is of no use to expect anything from Marian [Davis] until the life of Christ is completed. I wish I could procure another intelligent worker who could be trusted to prepare matter for the press. Such a worker would be of great value to me. But the question is, Where shall I find such an one? I am brain weary much of the time. I write many pages before breakfast. I rise in the morning at two, three, and four o&apos;clock....",
    "puborder": 507,
    "translations": [
      {
        "para_id": "202.717",
        "lang": "es",
        "refcode": "3MS 133.3"
      },
      {
        "para_id": "12461.671",
        "lang": "pl",
        "refcode": "WP3 106.4"
      },
      {
        "para_id": "11097.716",
        "lang": "pt",
        "refcode": "ME3 118.1"
      },
      {
        "para_id": "1783.656",
        "lang": "ru",
        "refcode": "3ИВ 118.1"
      }
    ]
  },
  {
    "para_id": "100.698",
    "id_prev": "100.697",
    "id_next": "100.699",
    "refcode_1": "3SM",
    "refcode_2": "118",
    "refcode_3": "2",
    "refcode_4": "",
    "refcode_short": "3SM 118.2",
    "refcode_long": "Selected Messages Book 3, p. 118.2 (Ellen Gould White)",
    "element_type": "p",
    "element_subtype": "standard-indented",
    "content": "You know that my whole theme both in the pulpit and in private, by voice and pen, is the life of Christ. Hitherto nearly all that I have written on this theme has been written during the hours when others are sleeping.&mdash;<span class=\"egwlink egwlink_book\" title=\"Lt 46a, 1894\" data-link=\"14059.6337001\">Letter 46a, 1894</span>.",
    "puborder": 508,
    "translations": [
      {
        "para_id": "202.718",
        "lang": "es",
        "refcode": "3MS 133.4"
      },
      {
        "para_id": "12461.672",
        "lang": "pl",
        "refcode": "WP3 106.5"
      },
      {
        "para_id": "11097.717",
        "lang": "pt",
        "refcode": "ME3 118.2"
      },
      {
        "para_id": "1783.657",
        "lang": "ru",
        "refcode": "3ИВ 118.2"
      }
    ]
  },
  {
    "para_id": "100.699",
    "id_prev": "100.698",
    "id_next": "100.700",
    "refcode_1": "3SM",
    "refcode_2": "118",
    "refcode_3": "3",
    "refcode_4": "",
    "refcode_short": "3SM 118.3",
    "refcode_long": "Selected Messages Book 3, p. 118.3 (Ellen Gould White)",
    "element_type": "p",
    "element_subtype": "standard-indented",
    "content": "<strong>June 6, 1896</strong>&mdash;That which is holy and elevated in heavenly things, I scarcely dare represent. Often I lay down my pen and say, Impossible, impossible for finite minds to grasp eternal truths, and deep holy principles, and to express their living import. I stand ignorant and helpless. The rich current of thought takes possession of my whole being, and I lay down my pen, and say, O Lord, I am finite, I am weak, and simple and ignorant; Thy grand and holy revelations I can never find language to express.",
    "puborder": 509,
    "translations": [
      {
        "para_id": "202.719",
        "lang": "es",
        "refcode": "3MS 133.5"
      },
      {
        "para_id": "12461.673",
        "lang": "pl",
        "refcode": "WP3 106.6"
      },
      {
        "para_id": "11097.718",
        "lang": "pt",
        "refcode": "ME3 118.3"
      },
      {
        "para_id": "1783.658",
        "lang": "ru",
        "refcode": "3ИВ 118.3"
      }
    ]
  },
  {
    "para_id": "100.700",
    "id_prev": "100.699",
    "id_next": "100.701",
    "refcode_1": "3SM",
    "refcode_2": "118",
    "refcode_3": "4",
    "refcode_4": "",
    "refcode_short": "3SM 118.4",
    "refcode_long": "Selected Messages Book 3, p. 118.4 (Ellen Gould White)",
    "element_type": "p",
    "element_subtype": "standard-indented",
    "content": "My words seem inadequate. I despair of clothing the truth God has made known concerning His great redemption, which engrossed to itself His undivided attention in the only-begotten Son of the Infinite One. The truths that are to last through time and through eternity, the great plan of redemption, which cost so much for the salvation of the human race, presenting before them a life that measures with the life of God&mdash;these truths are too full, deep, and holy for human words or human pen to adequately express.&mdash;<span class=\"egwlink egwlink_book\" title=\"Ms 23, 1896\" data-link=\"14061.13067001\">Manuscript 23, 1896</span>.",
    "puborder": 510,
    "translations": [
      {
        "para_id": "202.722",
        "lang": "es",
        "refcode": "3MS 134.1"
      },
      {
        "para_id": "12461.675",
        "lang": "pl",
        "refcode": "WP3 107.1"
      },
      {
        "para_id": "11097.719",
        "lang": "pt",
        "refcode": "ME3 118.4"
      },
      {
        "para_id": "1783.659",
        "lang": "ru",
        "refcode": "3ИВ 118.4"
      }
    ]
  },
  {
    "para_id": "100.701",
    "id_prev": "100.700",
    "id_next": "100.704",
    "refcode_1": "3SM",
    "refcode_2": "118",
    "refcode_3": "5",
    "refcode_4": "",
    "refcode_short": "3SM 118.5",
    "refcode_long": "Selected Messages Book 3, p. 118.5 (Ellen Gould White)",
    "element_type": "p",
    "element_subtype": "standard-indented",
    "content": "<strong>July 29, 1897</strong>&mdash;I awaken at half past two, and offer up my prayer to God in the name of Jesus. I am weak in physical strength; my head is not free from pain; my left eye troubles me. In writing upon the life of Christ I am <span class=\"page-break\" data-page=\"119\"></span> deeply wrought upon. I forget to breathe as I should. I cannot endure the intensity of feeling that comes over me as I think of what Christ has suffered in our world.&mdash;<span class=\"egwlink egwlink_book\" title=\"Ms 70, 1897\" data-link=\"14062.6071001\">Manuscript 70, 1897</span>.",
    "puborder": 511,
    "translations": [
      {
        "para_id": "202.723",
        "lang": "es",
        "refcode": "3MS 134.2"
      },
      {
        "para_id": "12461.676",
        "lang": "pl",
        "refcode": "WP3 107.2"
      },
      {
        "para_id": "11097.720",
        "lang": "pt",
        "refcode": "ME3 118.5"
      },
      {
        "para_id": "1783.660",
        "lang": "ru",
        "refcode": "3ИВ 118.5"
      }
    ]
  },
  {
    "para_id": "100.704",
    "id_prev": "100.701",
    "id_next": "100.705",
    "refcode_1": "3SM",
    "refcode_2": "119",
    "refcode_3": "1",
    "refcode_4": "",
    "refcode_short": "3SM 119.1",
    "refcode_long": "Selected Messages Book 3, p. 119.1 (Ellen Gould White)",
    "element_type": "p",
    "element_subtype": "standard-indented",
    "content": "<strong>July 16, 1896</strong>&mdash;The manuscript for the &ldquo;Life of Christ&rdquo; is just about to be sent to America. [<span class=\"non-egw-comment\">Contrary to her expectation, it was not until early 1898 that the manuscript was ready to send to the Pacific Press. It was sent in piecemeal, for new revelations led to many additions to the manuscript thought to be complete.&mdash;Compilers.</span>] This will be handled by the Pacific Press. I have employed workers to prepare this book, especially Sister Davis, and this has cost me three thousand dollars. Another three thousand will be needed to prepare it to be scattered broadcast through the world in two books. We hope that they will have a large sale. I have devoted little time to these books, for speaking, writing articles for the papers, and writing private testimonies to meet and repress the evils that are coming in keeps me busy.&mdash;<span class=\"egwlink egwlink_book\" title=\"Lt 114, 1896\" data-link=\"14061.5147001\">Letter 114, 1896</span>.",
    "puborder": 512,
    "translations": [
      {
        "para_id": "202.724",
        "lang": "es",
        "refcode": "3MS 134.3"
      },
      {
        "para_id": "12461.677",
        "lang": "pl",
        "refcode": "WP3 107.3"
      },
      {
        "para_id": "11097.723",
        "lang": "pt",
        "refcode": "ME3 119.1"
      },
      {
        "para_id": "1783.663",
        "lang": "ru",
        "refcode": "3ИВ 119.1"
      }
    ]
  }
]