[
  {
    "para_id": "14338.23223",
    "id_prev": "14338.23222",
    "id_next": "14338.23224",
    "refcode_1": "DSI",
    "refcode_2": "2Chronicles",
    "refcode_3": "11",
    "refcode_4": "0",
    "refcode_short": "DSI, 2Chronicles 11",
    "refcode_long": "Dictionaries Scripture Index, 2Chronicles 11",
    "element_type": "h3",
    "element_subtype": "",
    "content": "2Chronicles 11",
    "puborder": 23223,
    "translations": []
  },
  {
    "para_id": "14338.23224",
    "id_prev": "14338.23223",
    "id_next": "14338.23225",
    "refcode_1": "DSI",
    "refcode_2": "2Chronicles",
    "refcode_3": "11",
    "refcode_4": "1",
    "refcode_short": "DSI, 2Chronicles 11:1",
    "refcode_long": "Dictionaries Scripture Index, 2Chronicles 11:1",
    "element_type": "h4",
    "element_subtype": "",
    "content": "1",
    "puborder": 23224,
    "translations": []
  },
  {
    "para_id": "14338.23225",
    "id_prev": "14338.23224",
    "id_next": "14338.23226",
    "refcode_1": "DSI",
    "refcode_2": "2Chronicles",
    "refcode_3": "11",
    "refcode_4": "1",
    "refcode_short": "DSI, 2Chronicles 11:1",
    "refcode_long": "Dictionaries Scripture Index, 2Chronicles 11:1",
    "element_type": "p",
    "element_subtype": "standard-noindent",
    "content": "<span class=\"egwlink egwlink_book\" title=\"ETI Rehoboam.4\" data-link=\"14147.9394\">ETI Rehoboam.4</span>; <span class=\"egwlink egwlink_book\" title=\"HCon (505).3\" data-link=\"14170.505003\">HCon (505).3</span>; <span class=\"egwlink egwlink_book\" title=\"HCon (935).21\" data-link=\"14170.935021\">HCon (935).21</span>; <span class=\"egwlink egwlink_book\" title=\"HCon (977).9\" data-link=\"14170.977009\">HCon (977).9</span>; <span class=\"egwlink egwlink_book\" title=\"HCon (1004).18\" data-link=\"14170.1004018\">HCon (1004).18</span>; <span class=\"egwlink egwlink_book\" title=\"HCon (1144).2\" data-link=\"14170.1144002\">HCon (1144).2</span>; <span class=\"egwlink egwlink_book\" title=\"HCon (3063).3\" data-link=\"14170.3063003\">HCon (3063).3</span>; <span class=\"egwlink egwlink_book\" title=\"HCon (3389).2\" data-link=\"14170.3389002\">HCon (3389).2</span>; <span class=\"egwlink egwlink_book\" title=\"HCon (3478).6\" data-link=\"14170.3478006\">HCon (3478).6</span>; <span class=\"egwlink egwlink_book\" title=\"HCon (3898).5\" data-link=\"14170.3898005\">HCon (3898).5</span>; <span class=\"egwlink egwlink_book\" title=\"HCon (3967).3\" data-link=\"14170.3967003\">HCon (3967).3</span>; <span class=\"egwlink egwlink_book\" title=\"HCon (4421).10\" data-link=\"14170.4421010\">HCon (4421).10</span>; <span class=\"egwlink egwlink_book\" title=\"HCon (4467).3\" data-link=\"14170.4467003\">HCon (4467).3</span>; <span class=\"egwlink egwlink_book\" title=\"HCon (6213).134\" data-link=\"14170.6213134\">HCon (6213).134</span>; <span class=\"egwlink egwlink_book\" title=\"HCon (6950).4\" data-link=\"14170.6950004\">HCon (6950).4</span>; <span class=\"egwlink egwlink_book\" title=\"HCon (7346).2\" data-link=\"14170.7346002\">HCon (7346).2</span>; <span class=\"egwlink egwlink_book\" title=\"HCon (7725).2\" data-link=\"14170.7725002\">HCon (7725).2</span>; <span class=\"egwlink egwlink_book\" title=\"HCon (8084).4\" data-link=\"14170.8084004\">HCon (8084).4</span>",
    "puborder": 23225,
    "translations": []
  },
  {
    "para_id": "14338.23226",
    "id_prev": "14338.23225",
    "id_next": "14338.23227",
    "refcode_1": "DSI",
    "refcode_2": "2Chronicles",
    "refcode_3": "11",
    "refcode_4": "2",
    "refcode_short": "DSI, 2Chronicles 11:2",
    "refcode_long": "Dictionaries Scripture Index, 2Chronicles 11:2",
    "element_type": "h4",
    "element_subtype": "",
    "content": "2",
    "puborder": 23226,
    "translations": []
  },
  {
    "para_id": "14338.23227",
    "id_prev": "14338.23226",
    "id_next": "14338.23228",
    "refcode_1": "DSI",
    "refcode_2": "2Chronicles",
    "refcode_3": "11",
    "refcode_4": "2",
    "refcode_short": "DSI, 2Chronicles 11:2",
    "refcode_long": "Dictionaries Scripture Index, 2Chronicles 11:2",
    "element_type": "p",
    "element_subtype": "standard-noindent",
    "content": "<span class=\"egwlink egwlink_book\" title=\"ETI Rehoboam.4\" data-link=\"14147.9394\">ETI Rehoboam.4</span>; <span class=\"egwlink egwlink_book\" title=\"SBD Shemaiah.2\" data-link=\"14148.7696\">SBD Shemaiah.2</span>; <span class=\"egwlink egwlink_book\" title=\"HCon (376).38\" data-link=\"14170.376038\">HCon (376).38</span>; <span class=\"egwlink egwlink_book\" title=\"HCon (430).7\" data-link=\"14170.430007\">HCon (430).7</span>; <span class=\"egwlink egwlink_book\" title=\"HCon (559).56\" data-link=\"14170.559056\">HCon (559).56</span>; <span class=\"egwlink egwlink_book\" title=\"HCon (1697).88\" data-link=\"14170.1697088\">HCon (1697).88</span>; <span class=\"egwlink egwlink_book\" title=\"HCon (3068).17\" data-link=\"14170.3068017\">HCon (3068).17</span>; <span class=\"egwlink egwlink_book\" title=\"HCon (8098).2\" data-link=\"14170.8098002\">HCon (8098).2</span>",
    "puborder": 23227,
    "translations": []
  },
  {
    "para_id": "14338.23228",
    "id_prev": "14338.23227",
    "id_next": "14338.23229",
    "refcode_1": "DSI",
    "refcode_2": "2Chronicles",
    "refcode_3": "11",
    "refcode_4": "3",
    "refcode_short": "DSI, 2Chronicles 11:3",
    "refcode_long": "Dictionaries Scripture Index, 2Chronicles 11:3",
    "element_type": "h4",
    "element_subtype": "",
    "content": "3",
    "puborder": 23228,
    "translations": []
  },
  {
    "para_id": "14338.23229",
    "id_prev": "14338.23228",
    "id_next": "14338.23230",
    "refcode_1": "DSI",
    "refcode_2": "2Chronicles",
    "refcode_3": "11",
    "refcode_4": "3",
    "refcode_short": "DSI, 2Chronicles 11:3",
    "refcode_long": "Dictionaries Scripture Index, 2Chronicles 11:3",
    "element_type": "p",
    "element_subtype": "standard-noindent",
    "content": "<span class=\"egwlink egwlink_book\" title=\"ETI Rehoboam.4\" data-link=\"14147.9394\">ETI Rehoboam.4</span>; <span class=\"egwlink egwlink_book\" title=\"HCon (559).56\" data-link=\"14170.559056\">HCon (559).56</span>; <span class=\"egwlink egwlink_book\" title=\"HCon (559).60\" data-link=\"14170.559060\">HCon (559).60</span>; <span class=\"egwlink egwlink_book\" title=\"HCon (1121).63\" data-link=\"14170.1121063\">HCon (1121).63</span>; <span class=\"egwlink egwlink_book\" title=\"HCon (1144).2\" data-link=\"14170.1144002\">HCon (1144).2</span>; <span class=\"egwlink egwlink_book\" title=\"HCon (3063).3\" data-link=\"14170.3063003\">HCon (3063).3</span>; <span class=\"egwlink egwlink_book\" title=\"HCon (3478).6\" data-link=\"14170.3478006\">HCon (3478).6</span>; <span class=\"egwlink egwlink_book\" title=\"HCon (4428).6\" data-link=\"14170.4428006\">HCon (4428).6</span>; <span class=\"egwlink egwlink_book\" title=\"HCon (7346).2\" data-link=\"14170.7346002\">HCon (7346).2</span>; <span class=\"egwlink egwlink_book\" title=\"HCon (8010).2\" data-link=\"14170.8010002\">HCon (8010).2</span>",
    "puborder": 23229,
    "translations": []
  },
  {
    "para_id": "14338.23230",
    "id_prev": "14338.23229",
    "id_next": "14338.23231",
    "refcode_1": "DSI",
    "refcode_2": "2Chronicles",
    "refcode_3": "11",
    "refcode_4": "4",
    "refcode_short": "DSI, 2Chronicles 11:4",
    "refcode_long": "Dictionaries Scripture Index, 2Chronicles 11:4",
    "element_type": "h4",
    "element_subtype": "",
    "content": "4",
    "puborder": 23230,
    "translations": []
  },
  {
    "para_id": "14338.23231",
    "id_prev": "14338.23230",
    "id_next": "14338.23232",
    "refcode_1": "DSI",
    "refcode_2": "2Chronicles",
    "refcode_3": "11",
    "refcode_4": "4",
    "refcode_short": "DSI, 2Chronicles 11:4",
    "refcode_long": "Dictionaries Scripture Index, 2Chronicles 11:4",
    "element_type": "p",
    "element_subtype": "standard-noindent",
    "content": "<span class=\"egwlink egwlink_book\" title=\"ETI Host.4\" data-link=\"14147.5456\">ETI Host.4</span>; <span class=\"egwlink egwlink_book\" title=\"ETI Rehoboam.4\" data-link=\"14147.9394\">ETI Rehoboam.4</span>; <span class=\"egwlink egwlink_book\" title=\"HCon (251).3\" data-link=\"14170.251003\">HCon (251).3</span>; <span class=\"egwlink egwlink_book\" title=\"HCon (376).38\" data-link=\"14170.376038\">HCon (376).38</span>; <span class=\"egwlink egwlink_book\" title=\"HCon (559).50\" data-link=\"14170.559050\">HCon (559).50</span>; <span class=\"egwlink egwlink_book\" title=\"HCon (1004).18\" data-link=\"14170.1004018\">HCon (1004).18</span>; <span class=\"egwlink egwlink_book\" title=\"HCon (1697).79\" data-link=\"14170.1697079\">HCon (1697).79</span>; <span class=\"egwlink egwlink_book\" title=\"HCon (1697).91\" data-link=\"14170.1697091\">HCon (1697).91</span>; <span class=\"egwlink egwlink_book\" title=\"HCon (1961).14\" data-link=\"14170.1961014\">HCon (1961).14</span>; <span class=\"egwlink egwlink_book\" title=\"HCon (3068).17\" data-link=\"14170.3068017\">HCon (3068).17</span>; <span class=\"egwlink egwlink_book\" title=\"HCon (3212).27\" data-link=\"14170.3212027\">HCon (3212).27</span>; <span class=\"egwlink egwlink_book\" title=\"HCon (3379).2\" data-link=\"14170.3379002\">HCon (3379).2</span>; <span class=\"egwlink egwlink_book\" title=\"HCon (3898).5\" data-link=\"14170.3898005\">HCon (3898).5</span>; <span class=\"egwlink egwlink_book\" title=\"HCon (5927).65\" data-link=\"14170.5927065\">HCon (5927).65</span>; <span class=\"egwlink egwlink_book\" title=\"HCon (7725).63\" data-link=\"14170.7725063\">HCon (7725).63</span>; <span class=\"egwlink egwlink_book\" title=\"HCon (7725).64\" data-link=\"14170.7725064\">HCon (7725).64</span>; <span class=\"egwlink egwlink_book\" title=\"HCon (8085).33\" data-link=\"14170.8085033\">HCon (8085).33</span>",
    "puborder": 23231,
    "translations": []
  },
  {
    "para_id": "14338.23232",
    "id_prev": "14338.23231",
    "id_next": "14338.23233",
    "refcode_1": "DSI",
    "refcode_2": "2Chronicles",
    "refcode_3": "11",
    "refcode_4": "5",
    "refcode_short": "DSI, 2Chronicles 11:5",
    "refcode_long": "Dictionaries Scripture Index, 2Chronicles 11:5",
    "element_type": "h4",
    "element_subtype": "",
    "content": "5",
    "puborder": 23232,
    "translations": []
  },
  {
    "para_id": "14338.23233",
    "id_prev": "14338.23232",
    "id_next": "14338.23234",
    "refcode_1": "DSI",
    "refcode_2": "2Chronicles",
    "refcode_3": "11",
    "refcode_4": "5",
    "refcode_short": "DSI, 2Chronicles 11:5",
    "refcode_long": "Dictionaries Scripture Index, 2Chronicles 11:5",
    "element_type": "p",
    "element_subtype": "standard-noindent",
    "content": "<span class=\"egwlink egwlink_book\" title=\"ETI Rehoboam.5\" data-link=\"14147.9395\">ETI Rehoboam.5</span>; <span class=\"egwlink egwlink_book\" title=\"HCon (1129).9\" data-link=\"14170.1129009\">HCon (1129).9</span>; <span class=\"egwlink egwlink_book\" title=\"HCon (3063).3\" data-link=\"14170.3063003\">HCon (3063).3</span>; <span class=\"egwlink egwlink_book\" title=\"HCon (3389).2\" data-link=\"14170.3389002\">HCon (3389).2</span>; <span class=\"egwlink egwlink_book\" title=\"HCon (3427).16\" data-link=\"14170.3427016\">HCon (3427).16</span>; <span class=\"egwlink egwlink_book\" title=\"HCon (4692).4\" data-link=\"14170.4692004\">HCon (4692).4</span>; <span class=\"egwlink egwlink_book\" title=\"HCon (5892).2\" data-link=\"14170.5892002\">HCon (5892).2</span>; <span class=\"egwlink egwlink_book\" title=\"HCon (7346).2\" data-link=\"14170.7346002\">HCon (7346).2</span>",
    "puborder": 23233,
    "translations": []
  },
  {
    "para_id": "14338.23234",
    "id_prev": "14338.23233",
    "id_next": "14338.23235",
    "refcode_1": "DSI",
    "refcode_2": "2Chronicles",
    "refcode_3": "11",
    "refcode_4": "6",
    "refcode_short": "DSI, 2Chronicles 11:6",
    "refcode_long": "Dictionaries Scripture Index, 2Chronicles 11:6",
    "element_type": "h4",
    "element_subtype": "",
    "content": "6",
    "puborder": 23234,
    "translations": []
  },
  {
    "para_id": "14338.23235",
    "id_prev": "14338.23234",
    "id_next": "14338.23236",
    "refcode_1": "DSI",
    "refcode_2": "2Chronicles",
    "refcode_3": "11",
    "refcode_4": "6",
    "refcode_short": "DSI, 2Chronicles 11:6",
    "refcode_long": "Dictionaries Scripture Index, 2Chronicles 11:6",
    "element_type": "p",
    "element_subtype": "standard-noindent",
    "content": "<span class=\"egwlink egwlink_book\" title=\"ETI Etam.4\" data-link=\"14147.3713\">ETI Etam.4</span>; <span class=\"egwlink egwlink_book\" title=\"ETI Rehoboam.5\" data-link=\"14147.9395\">ETI Rehoboam.5</span>; <span class=\"egwlink egwlink_book\" title=\"SBD Bethlehem.2\" data-link=\"14148.1447\">SBD Bethlehem.2</span>; <span class=\"egwlink egwlink_book\" title=\"SBD Etam.2\" data-link=\"14148.2860\">SBD Etam.2</span>; <span class=\"egwlink egwlink_book\" title=\"SBD Etam, The Rock.2\" data-link=\"14148.2862\">SBD Etam, The Rock.2</span>; <span class=\"egwlink egwlink_book\" title=\"SBD Tekoa, Or Tekoah.2\" data-link=\"14148.8333\">SBD Tekoa, Or Tekoah.2</span>; <span class=\"egwlink egwlink_book\" title=\"HCon (1035).2\" data-link=\"14170.1035002\">HCon (1035).2</span>; <span class=\"egwlink egwlink_book\" title=\"HCon (1129).9\" data-link=\"14170.1129009\">HCon (1129).9</span>; <span class=\"egwlink egwlink_book\" title=\"HCon (5862).2\" data-link=\"14170.5862002\">HCon (5862).2</span>; <span class=\"egwlink egwlink_book\" title=\"HCon (8620).2\" data-link=\"14170.8620002\">HCon (8620).2</span>",
    "puborder": 23235,
    "translations": []
  },
  {
    "para_id": "14338.23236",
    "id_prev": "14338.23235",
    "id_next": "14338.23237",
    "refcode_1": "DSI",
    "refcode_2": "2Chronicles",
    "refcode_3": "11",
    "refcode_4": "7",
    "refcode_short": "DSI, 2Chronicles 11:7",
    "refcode_long": "Dictionaries Scripture Index, 2Chronicles 11:7",
    "element_type": "h4",
    "element_subtype": "",
    "content": "7",
    "puborder": 23236,
    "translations": []
  },
  {
    "para_id": "14338.23237",
    "id_prev": "14338.23236",
    "id_next": "14338.23238",
    "refcode_1": "DSI",
    "refcode_2": "2Chronicles",
    "refcode_3": "11",
    "refcode_4": "7",
    "refcode_short": "DSI, 2Chronicles 11:7",
    "refcode_long": "Dictionaries Scripture Index, 2Chronicles 11:7",
    "element_type": "p",
    "element_subtype": "standard-noindent",
    "content": "<span class=\"egwlink egwlink_book\" title=\"ETI Adullam.2\" data-link=\"14147.334\">ETI Adullam.2</span>; <span class=\"egwlink egwlink_book\" title=\"ETI Bethzur.2\" data-link=\"14147.1659\">ETI Bethzur.2</span>; <span class=\"egwlink egwlink_book\" title=\"ETI Rehoboam.5\" data-link=\"14147.9395\">ETI Rehoboam.5</span>; <span class=\"egwlink egwlink_book\" title=\"ETI Shocho.2\" data-link=\"14147.10304\">ETI Shocho.2</span>; <span class=\"egwlink egwlink_book\" title=\"ETI Socho.2\" data-link=\"14147.10484\">ETI Socho.2</span>; <span class=\"egwlink egwlink_book\" title=\"SBD Adullam.2\" data-link=\"14148.256\">SBD Adullam.2</span>; <span class=\"egwlink egwlink_book\" title=\"SBD Bethzur.2\" data-link=\"14148.1487\">SBD Bethzur.2</span>; <span class=\"egwlink egwlink_book\" title=\"SBD Shoco.2\" data-link=\"14148.7878\">SBD Shoco.2</span>; <span class=\"egwlink egwlink_book\" title=\"SBD Socoh.2\" data-link=\"14148.8048\">SBD Socoh.2</span>; <span class=\"egwlink egwlink_book\" title=\"HCon (1049).2\" data-link=\"14170.1049002\">HCon (1049).2</span>; <span class=\"egwlink egwlink_book\" title=\"HCon (5725).2\" data-link=\"14170.5725002\">HCon (5725).2</span>; <span class=\"egwlink egwlink_book\" title=\"HCon (7755).4\" data-link=\"14170.7755004\">HCon (7755).4</span>",
    "puborder": 23237,
    "translations": []
  },
  {
    "para_id": "14338.23238",
    "id_prev": "14338.23237",
    "id_next": "14338.23239",
    "refcode_1": "DSI",
    "refcode_2": "2Chronicles",
    "refcode_3": "11",
    "refcode_4": "8",
    "refcode_short": "DSI, 2Chronicles 11:8",
    "refcode_long": "Dictionaries Scripture Index, 2Chronicles 11:8",
    "element_type": "h4",
    "element_subtype": "",
    "content": "8",
    "puborder": 23238,
    "translations": []
  },
  {
    "para_id": "14338.23239",
    "id_prev": "14338.23238",
    "id_next": "14338.23240",
    "refcode_1": "DSI",
    "refcode_2": "2Chronicles",
    "refcode_3": "11",
    "refcode_4": "8",
    "refcode_short": "DSI, 2Chronicles 11:8",
    "refcode_long": "Dictionaries Scripture Index, 2Chronicles 11:8",
    "element_type": "p",
    "element_subtype": "standard-noindent",
    "content": "<span class=\"egwlink egwlink_book\" title=\"ETI Rehoboam.5\" data-link=\"14147.9395\">ETI Rehoboam.5</span>; <span class=\"egwlink egwlink_book\" title=\"SBD Gath.2\" data-link=\"14148.3164\">SBD Gath.2</span>; <span class=\"egwlink egwlink_book\" title=\"SBD Mareshah, Or Mareshah.2\" data-link=\"14148.5578\">SBD Mareshah, Or Mareshah.2</span>; <span class=\"egwlink egwlink_book\" title=\"HCon (1661).2\" data-link=\"14170.1661002\">HCon (1661).2</span>; <span class=\"egwlink egwlink_book\" title=\"HCon (2128).2\" data-link=\"14170.2128002\">HCon (2128).2</span>; <span class=\"egwlink egwlink_book\" title=\"HCon (4762).2\" data-link=\"14170.4762002\">HCon (4762).2</span>",
    "puborder": 23239,
    "translations": []
  },
  {
    "para_id": "14338.23240",
    "id_prev": "14338.23239",
    "id_next": "14338.23241",
    "refcode_1": "DSI",
    "refcode_2": "2Chronicles",
    "refcode_3": "11",
    "refcode_4": "9",
    "refcode_short": "DSI, 2Chronicles 11:9",
    "refcode_long": "Dictionaries Scripture Index, 2Chronicles 11:9",
    "element_type": "h4",
    "element_subtype": "",
    "content": "9",
    "puborder": 23240,
    "translations": []
  },
  {
    "para_id": "14338.23241",
    "id_prev": "14338.23240",
    "id_next": "14338.23242",
    "refcode_1": "DSI",
    "refcode_2": "2Chronicles",
    "refcode_3": "11",
    "refcode_4": "9",
    "refcode_short": "DSI, 2Chronicles 11:9",
    "refcode_long": "Dictionaries Scripture Index, 2Chronicles 11:9",
    "element_type": "p",
    "element_subtype": "standard-noindent",
    "content": "<span class=\"egwlink egwlink_book\" title=\"ETI Rehoboam.5\" data-link=\"14147.9395\">ETI Rehoboam.5</span>; <span class=\"egwlink egwlink_book\" title=\"SBD Adoraim.2\" data-link=\"14148.242\">SBD Adoraim.2</span>; <span class=\"egwlink egwlink_book\" title=\"SBD Lachish.2\" data-link=\"14148.5155\">SBD Lachish.2</span>; <span class=\"egwlink egwlink_book\" title=\"HCon (115).2\" data-link=\"14170.115002\">HCon (115).2</span>; <span class=\"egwlink egwlink_book\" title=\"HCon (3923).2\" data-link=\"14170.3923002\">HCon (3923).2</span>; <span class=\"egwlink egwlink_book\" title=\"HCon (5825).2\" data-link=\"14170.5825002\">HCon (5825).2</span>",
    "puborder": 23241,
    "translations": []
  },
  {
    "para_id": "14338.23242",
    "id_prev": "14338.23241",
    "id_next": "14338.23243",
    "refcode_1": "DSI",
    "refcode_2": "2Chronicles",
    "refcode_3": "11",
    "refcode_4": "10",
    "refcode_short": "DSI, 2Chronicles 11:10",
    "refcode_long": "Dictionaries Scripture Index, 2Chronicles 11:10",
    "element_type": "h4",
    "element_subtype": "",
    "content": "10",
    "puborder": 23242,
    "translations": []
  },
  {
    "para_id": "14338.23243",
    "id_prev": "14338.23242",
    "id_next": "14338.23244",
    "refcode_1": "DSI",
    "refcode_2": "2Chronicles",
    "refcode_3": "11",
    "refcode_4": "10",
    "refcode_short": "DSI, 2Chronicles 11:10",
    "refcode_long": "Dictionaries Scripture Index, 2Chronicles 11:10",
    "element_type": "p",
    "element_subtype": "standard-noindent",
    "content": "<span class=\"egwlink egwlink_book\" title=\"ETI Ajalon.3\" data-link=\"14147.501\">ETI Ajalon.3</span>; <span class=\"egwlink egwlink_book\" title=\"ETI Rehoboam.5\" data-link=\"14147.9395\">ETI Rehoboam.5</span>; <span class=\"egwlink egwlink_book\" title=\"ETI Zorah.2\" data-link=\"14147.11807\">ETI Zorah.2</span>; <span class=\"egwlink egwlink_book\" title=\"SBD Aijalon, Or Ajalon.2\" data-link=\"14148.394\">SBD Aijalon, Or Ajalon.2</span>; <span class=\"egwlink egwlink_book\" title=\"SBD Cities Of Refuge.2\" data-link=\"14148.2002\">SBD Cities Of Refuge.2</span>; <span class=\"egwlink egwlink_book\" title=\"SBD Judah, Kingdom Of.2\" data-link=\"14148.4937\">SBD Judah, Kingdom Of.2</span>; <span class=\"egwlink egwlink_book\" title=\"SBD Zorah.2\" data-link=\"14148.9128\">SBD Zorah.2</span>; <span class=\"egwlink egwlink_book\" title=\"HCon (357).2\" data-link=\"14170.357002\">HCon (357).2</span>; <span class=\"egwlink egwlink_book\" title=\"HCon (1144).2\" data-link=\"14170.1144002\">HCon (1144).2</span>; <span class=\"egwlink egwlink_book\" title=\"HCon (2275).2\" data-link=\"14170.2275002\">HCon (2275).2</span>; <span class=\"egwlink egwlink_book\" title=\"HCon (3063).3\" data-link=\"14170.3063003\">HCon (3063).3</span>; <span class=\"egwlink egwlink_book\" title=\"HCon (4694).2\" data-link=\"14170.4694002\">HCon (4694).2</span>; <span class=\"egwlink egwlink_book\" title=\"HCon (5892).2\" data-link=\"14170.5892002\">HCon (5892).2</span>; <span class=\"egwlink egwlink_book\" title=\"HCon (6881).3\" data-link=\"14170.6881003\">HCon (6881).3</span>",
    "puborder": 23243,
    "translations": []
  },
  {
    "para_id": "14338.23244",
    "id_prev": "14338.23243",
    "id_next": "14338.23245",
    "refcode_1": "DSI",
    "refcode_2": "2Chronicles",
    "refcode_3": "11",
    "refcode_4": "11",
    "refcode_short": "DSI, 2Chronicles 11:11",
    "refcode_long": "Dictionaries Scripture Index, 2Chronicles 11:11",
    "element_type": "h4",
    "element_subtype": "",
    "content": "11",
    "puborder": 23244,
    "translations": []
  },
  {
    "para_id": "14338.23245",
    "id_prev": "14338.23244",
    "id_next": "14338.23246",
    "refcode_1": "DSI",
    "refcode_2": "2Chronicles",
    "refcode_3": "11",
    "refcode_4": "11",
    "refcode_short": "DSI, 2Chronicles 11:11",
    "refcode_long": "Dictionaries Scripture Index, 2Chronicles 11:11",
    "element_type": "p",
    "element_subtype": "standard-noindent",
    "content": "<span class=\"egwlink egwlink_book\" title=\"ETI City.3\" data-link=\"14147.2426\">ETI City.3</span>; <span class=\"egwlink egwlink_book\" title=\"ETI Rehoboam.5\" data-link=\"14147.9395\">ETI Rehoboam.5</span>; <span class=\"egwlink egwlink_book\" title=\"HCon (214).5\" data-link=\"14170.214005\">HCon (214).5</span>; <span class=\"egwlink egwlink_book\" title=\"HCon (2388).20\" data-link=\"14170.2388020\">HCon (2388).20</span>; <span class=\"egwlink egwlink_book\" title=\"HCon (3196).4\" data-link=\"14170.3196004\">HCon (3196).4</span>; <span class=\"egwlink egwlink_book\" title=\"HCon (3978).6\" data-link=\"14170.3978006\">HCon (3978).6</span>; <span class=\"egwlink egwlink_book\" title=\"HCon (4694).4\" data-link=\"14170.4694004\">HCon (4694).4</span>; <span class=\"egwlink egwlink_book\" title=\"HCon (5057).3\" data-link=\"14170.5057003\">HCon (5057).3</span>; <span class=\"egwlink egwlink_book\" title=\"HCon (5414).89\" data-link=\"14170.5414089\">HCon (5414).89</span>; <span class=\"egwlink egwlink_book\" title=\"HCon (8081).5\" data-link=\"14170.8081005\">HCon (8081).5</span>",
    "puborder": 23245,
    "translations": []
  },
  {
    "para_id": "14338.23246",
    "id_prev": "14338.23245",
    "id_next": "14338.23247",
    "refcode_1": "DSI",
    "refcode_2": "2Chronicles",
    "refcode_3": "11",
    "refcode_4": "12",
    "refcode_short": "DSI, 2Chronicles 11:12",
    "refcode_long": "Dictionaries Scripture Index, 2Chronicles 11:12",
    "element_type": "h4",
    "element_subtype": "",
    "content": "12",
    "puborder": 23246,
    "translations": []
  },
  {
    "para_id": "14338.23247",
    "id_prev": "14338.23246",
    "id_next": "14338.23248",
    "refcode_1": "DSI",
    "refcode_2": "2Chronicles",
    "refcode_3": "11",
    "refcode_4": "12",
    "refcode_short": "DSI, 2Chronicles 11:12",
    "refcode_long": "Dictionaries Scripture Index, 2Chronicles 11:12",
    "element_type": "p",
    "element_subtype": "standard-noindent",
    "content": "<span class=\"egwlink egwlink_book\" title=\"ETI Rehoboam.5\" data-link=\"14147.9395\">ETI Rehoboam.5</span>; <span class=\"egwlink egwlink_book\" title=\"SBD Arms, Armor.2\" data-link=\"14148.802\">SBD Arms, Armor.2</span>; <span class=\"egwlink egwlink_book\" title=\"SBD Incense.2\" data-link=\"14148.4144\">SBD Incense.2</span>; <span class=\"egwlink egwlink_book\" title=\"HCon (1144).2\" data-link=\"14170.1144002\">HCon (1144).2</span>; <span class=\"egwlink egwlink_book\" title=\"HCon (2388).52\" data-link=\"14170.2388052\">HCon (2388).52</span>; <span class=\"egwlink egwlink_book\" title=\"HCon (3063).3\" data-link=\"14170.3063003\">HCon (3063).3</span>; <span class=\"egwlink egwlink_book\" title=\"HCon (3966).24\" data-link=\"14170.3966024\">HCon (3966).24</span>; <span class=\"egwlink egwlink_book\" title=\"HCon (5892).5\" data-link=\"14170.5892005\">HCon (5892).5</span>; <span class=\"egwlink egwlink_book\" title=\"HCon (5892).13\" data-link=\"14170.5892013\">HCon (5892).13</span>; <span class=\"egwlink egwlink_book\" title=\"HCon (6793).7\" data-link=\"14170.6793007\">HCon (6793).7</span>; <span class=\"egwlink egwlink_book\" title=\"HCon (7235).9\" data-link=\"14170.7235009\">HCon (7235).9</span>; <span class=\"egwlink egwlink_book\" title=\"HCon (7420).6\" data-link=\"14170.7420006\">HCon (7420).6</span>",
    "puborder": 23247,
    "translations": []
  },
  {
    "para_id": "14338.23248",
    "id_prev": "14338.23247",
    "id_next": "14338.23249",
    "refcode_1": "DSI",
    "refcode_2": "2Chronicles",
    "refcode_3": "11",
    "refcode_4": "13",
    "refcode_short": "DSI, 2Chronicles 11:13",
    "refcode_long": "Dictionaries Scripture Index, 2Chronicles 11:13",
    "element_type": "h4",
    "element_subtype": "",
    "content": "13",
    "puborder": 23248,
    "translations": []
  },
  {
    "para_id": "14338.23249",
    "id_prev": "14338.23248",
    "id_next": "14338.23250",
    "refcode_1": "DSI",
    "refcode_2": "2Chronicles",
    "refcode_3": "11",
    "refcode_4": "13",
    "refcode_short": "DSI, 2Chronicles 11:13",
    "refcode_long": "Dictionaries Scripture Index, 2Chronicles 11:13",
    "element_type": "p",
    "element_subtype": "standard-noindent",
    "content": "<span class=\"egwlink egwlink_book\" title=\"ETI Gibbethon.2\" data-link=\"14147.4408\">ETI Gibbethon.2</span>; <span class=\"egwlink egwlink_book\" title=\"SBD Levites.2\" data-link=\"14148.5275\">SBD Levites.2</span>; <span class=\"egwlink egwlink_book\" title=\"HCon (1366).7\" data-link=\"14170.1366007\">HCon (1366).7</span>; <span class=\"egwlink egwlink_book\" title=\"HCon (3320).7\" data-link=\"14170.3320007\">HCon (3320).7</span>; <span class=\"egwlink egwlink_book\" title=\"HCon (3478).6\" data-link=\"14170.3478006\">HCon (3478).6</span>; <span class=\"egwlink egwlink_book\" title=\"HCon (3548).7\" data-link=\"14170.3548007\">HCon (3548).7</span>; <span class=\"egwlink egwlink_book\" title=\"HCon (3881).3\" data-link=\"14170.3881003\">HCon (3881).3</span>",
    "puborder": 23249,
    "translations": []
  },
  {
    "para_id": "14338.23250",
    "id_prev": "14338.23249",
    "id_next": "14338.23251",
    "refcode_1": "DSI",
    "refcode_2": "2Chronicles",
    "refcode_3": "11",
    "refcode_4": "14",
    "refcode_short": "DSI, 2Chronicles 11:14",
    "refcode_long": "Dictionaries Scripture Index, 2Chronicles 11:14",
    "element_type": "h4",
    "element_subtype": "",
    "content": "14",
    "puborder": 23250,
    "translations": []
  },
  {
    "para_id": "14338.23251",
    "id_prev": "14338.23250",
    "id_next": "14338.23252",
    "refcode_1": "DSI",
    "refcode_2": "2Chronicles",
    "refcode_3": "11",
    "refcode_4": "14",
    "refcode_short": "DSI, 2Chronicles 11:14",
    "refcode_long": "Dictionaries Scripture Index, 2Chronicles 11:14",
    "element_type": "p",
    "element_subtype": "standard-noindent",
    "content": "<span class=\"egwlink egwlink_book\" title=\"ETI Gibbethon.2\" data-link=\"14147.4408\">ETI Gibbethon.2</span>; <span class=\"egwlink egwlink_book\" title=\"SBD Levites.2\" data-link=\"14148.5275\">SBD Levites.2</span>; <span class=\"egwlink egwlink_book\" title=\"HCon (272).2\" data-link=\"14170.272002\">HCon (272).2</span>; <span class=\"egwlink egwlink_book\" title=\"HCon (1121).70\" data-link=\"14170.1121070\">HCon (1121).70</span>; <span class=\"egwlink egwlink_book\" title=\"HCon (2186).3\" data-link=\"14170.2186003\">HCon (2186).3</span>; <span class=\"egwlink egwlink_book\" title=\"HCon (3063).3\" data-link=\"14170.3063003\">HCon (3063).3</span>; <span class=\"egwlink egwlink_book\" title=\"HCon (3068).17\" data-link=\"14170.3068017\">HCon (3068).17</span>; <span class=\"egwlink egwlink_book\" title=\"HCon (3212).7\" data-link=\"14170.3212007\">HCon (3212).7</span>; <span class=\"egwlink egwlink_book\" title=\"HCon (3379).2\" data-link=\"14170.3379002\">HCon (3379).2</span>; <span class=\"egwlink egwlink_book\" title=\"HCon (3389).2\" data-link=\"14170.3389002\">HCon (3389).2</span>; <span class=\"egwlink egwlink_book\" title=\"HCon (3547).3\" data-link=\"14170.3547003\">HCon (3547).3</span>; <span class=\"egwlink egwlink_book\" title=\"HCon (3881).3\" data-link=\"14170.3881003\">HCon (3881).3</span>; <span class=\"egwlink egwlink_book\" title=\"HCon (4054).3\" data-link=\"14170.4054003\">HCon (4054).3</span>; <span class=\"egwlink egwlink_book\" title=\"HCon (5800).15\" data-link=\"14170.5800015\">HCon (5800).15</span>",
    "puborder": 23251,
    "translations": []
  },
  {
    "para_id": "14338.23252",
    "id_prev": "14338.23251",
    "id_next": "14338.23253",
    "refcode_1": "DSI",
    "refcode_2": "2Chronicles",
    "refcode_3": "11",
    "refcode_4": "15",
    "refcode_short": "DSI, 2Chronicles 11:15",
    "refcode_long": "Dictionaries Scripture Index, 2Chronicles 11:15",
    "element_type": "h4",
    "element_subtype": "",
    "content": "15",
    "puborder": 23252,
    "translations": []
  },
  {
    "para_id": "14338.23253",
    "id_prev": "14338.23252",
    "id_next": "14338.23254",
    "refcode_1": "DSI",
    "refcode_2": "2Chronicles",
    "refcode_3": "11",
    "refcode_4": "15",
    "refcode_short": "DSI, 2Chronicles 11:15",
    "refcode_long": "Dictionaries Scripture Index, 2Chronicles 11:15",
    "element_type": "p",
    "element_subtype": "standard-noindent",
    "content": "<span class=\"egwlink egwlink_book\" title=\"NWAD DEVIL.4\" data-link=\"1843.34941\">NWAD DEVIL.4</span>; <span class=\"egwlink egwlink_book\" title=\"SBD Satyr.2\" data-link=\"14148.7396\">SBD Satyr.2</span>; <span class=\"egwlink egwlink_book\" title=\"HCon (1116).4\" data-link=\"14170.1116004\">HCon (1116).4</span>; <span class=\"egwlink egwlink_book\" title=\"HCon (3548).7\" data-link=\"14170.3548007\">HCon (3548).7</span>; <span class=\"egwlink egwlink_book\" title=\"HCon (5695).6\" data-link=\"14170.5695006\">HCon (5695).6</span>; <span class=\"egwlink egwlink_book\" title=\"HCon (5975).27\" data-link=\"14170.5975027\">HCon (5975).27</span>; <span class=\"egwlink egwlink_book\" title=\"HCon (6213).76\" data-link=\"14170.6213076\">HCon (6213).76</span>; <span class=\"egwlink egwlink_book\" title=\"HCon (8163).2\" data-link=\"14170.8163002\">HCon (8163).2</span>",
    "puborder": 23253,
    "translations": []
  },
  {
    "para_id": "14338.23254",
    "id_prev": "14338.23253",
    "id_next": "14338.23255",
    "refcode_1": "DSI",
    "refcode_2": "2Chronicles",
    "refcode_3": "11",
    "refcode_4": "16",
    "refcode_short": "DSI, 2Chronicles 11:16",
    "refcode_long": "Dictionaries Scripture Index, 2Chronicles 11:16",
    "element_type": "h4",
    "element_subtype": "",
    "content": "16",
    "puborder": 23254,
    "translations": []
  },
  {
    "para_id": "14338.23255",
    "id_prev": "14338.23254",
    "id_next": "14338.23256",
    "refcode_1": "DSI",
    "refcode_2": "2Chronicles",
    "refcode_3": "11",
    "refcode_4": "16",
    "refcode_short": "DSI, 2Chronicles 11:16",
    "refcode_long": "Dictionaries Scripture Index, 2Chronicles 11:16",
    "element_type": "p",
    "element_subtype": "standard-noindent",
    "content": "<span class=\"egwlink egwlink_book\" title=\"SBD Zichri.2\" data-link=\"14148.9048\">SBD Zichri.2</span>; <span class=\"egwlink egwlink_book\" title=\"HCon (1).7\" data-link=\"14170.1007\">HCon (1).7</span>; <span class=\"egwlink egwlink_book\" title=\"HCon (310).2\" data-link=\"14170.310002\">HCon (310).2</span>; <span class=\"egwlink egwlink_book\" title=\"HCon (430).7\" data-link=\"14170.430007\">HCon (430).7</span>; <span class=\"egwlink egwlink_book\" title=\"HCon (935).16\" data-link=\"14170.935016\">HCon (935).16</span>; <span class=\"egwlink egwlink_book\" title=\"HCon (1245).19\" data-link=\"14170.1245019\">HCon (1245).19</span>; <span class=\"egwlink egwlink_book\" title=\"HCon (2076).8\" data-link=\"14170.2076008\">HCon (2076).8</span>; <span class=\"egwlink egwlink_book\" title=\"HCon (3068).17\" data-link=\"14170.3068017\">HCon (3068).17</span>; <span class=\"egwlink egwlink_book\" title=\"HCon (3389).2\" data-link=\"14170.3389002\">HCon (3389).2</span>; <span class=\"egwlink egwlink_book\" title=\"HCon (3478).6\" data-link=\"14170.3478006\">HCon (3478).6</span>; <span class=\"egwlink egwlink_book\" title=\"HCon (3824).6\" data-link=\"14170.3824006\">HCon (3824).6</span>; <span class=\"egwlink egwlink_book\" title=\"HCon (5414).102\" data-link=\"14170.5414102\">HCon (5414).102</span>; <span class=\"egwlink egwlink_book\" title=\"HCon (7626).10\" data-link=\"14170.7626010\">HCon (7626).10</span>",
    "puborder": 23255,
    "translations": []
  },
  {
    "para_id": "14338.23256",
    "id_prev": "14338.23255",
    "id_next": "14338.23257",
    "refcode_1": "DSI",
    "refcode_2": "2Chronicles",
    "refcode_3": "11",
    "refcode_4": "17",
    "refcode_short": "DSI, 2Chronicles 11:17",
    "refcode_long": "Dictionaries Scripture Index, 2Chronicles 11:17",
    "element_type": "h4",
    "element_subtype": "",
    "content": "17",
    "puborder": 23256,
    "translations": []
  },
  {
    "para_id": "14338.23257",
    "id_prev": "14338.23256",
    "id_next": "14338.23258",
    "refcode_1": "DSI",
    "refcode_2": "2Chronicles",
    "refcode_3": "11",
    "refcode_4": "17",
    "refcode_short": "DSI, 2Chronicles 11:17",
    "refcode_long": "Dictionaries Scripture Index, 2Chronicles 11:17",
    "element_type": "p",
    "element_subtype": "standard-noindent",
    "content": "<span class=\"egwlink egwlink_book\" title=\"SBD Incense.2\" data-link=\"14148.4144\">SBD Incense.2</span>; <span class=\"egwlink egwlink_book\" title=\"HCon (553).17\" data-link=\"14170.553017\">HCon (553).17</span>; <span class=\"egwlink egwlink_book\" title=\"HCon (1121).63\" data-link=\"14170.1121063\">HCon (1121).63</span>; <span class=\"egwlink egwlink_book\" title=\"HCon (1732).4\" data-link=\"14170.1732004\">HCon (1732).4</span>; <span class=\"egwlink egwlink_book\" title=\"HCon (1870).13\" data-link=\"14170.1870013\">HCon (1870).13</span>; <span class=\"egwlink egwlink_book\" title=\"HCon (1980).62\" data-link=\"14170.1980062\">HCon (1980).62</span>; <span class=\"egwlink egwlink_book\" title=\"HCon (2388).51\" data-link=\"14170.2388051\">HCon (2388).51</span>; <span class=\"egwlink egwlink_book\" title=\"HCon (3063).3\" data-link=\"14170.3063003\">HCon (3063).3</span>; <span class=\"egwlink egwlink_book\" title=\"HCon (4438).4\" data-link=\"14170.4438004\">HCon (4438).4</span>; <span class=\"egwlink egwlink_book\" title=\"HCon (7346).2\" data-link=\"14170.7346002\">HCon (7346).2</span>; <span class=\"egwlink egwlink_book\" title=\"HCon (7969).6\" data-link=\"14170.7969006\">HCon (7969).6</span>; <span class=\"egwlink egwlink_book\" title=\"HCon (8010).2\" data-link=\"14170.8010002\">HCon (8010).2</span>; <span class=\"egwlink egwlink_book\" title=\"HCon (8141).10\" data-link=\"14170.8141010\">HCon (8141).10</span>",
    "puborder": 23257,
    "translations": []
  },
  {
    "para_id": "14338.23258",
    "id_prev": "14338.23257",
    "id_next": "14338.23259",
    "refcode_1": "DSI",
    "refcode_2": "2Chronicles",
    "refcode_3": "11",
    "refcode_4": "18",
    "refcode_short": "DSI, 2Chronicles 11:18",
    "refcode_long": "Dictionaries Scripture Index, 2Chronicles 11:18",
    "element_type": "h4",
    "element_subtype": "",
    "content": "18",
    "puborder": 23258,
    "translations": []
  },
  {
    "para_id": "14338.23259",
    "id_prev": "14338.23258",
    "id_next": "14338.23260",
    "refcode_1": "DSI",
    "refcode_2": "2Chronicles",
    "refcode_3": "11",
    "refcode_4": "18",
    "refcode_short": "DSI, 2Chronicles 11:18",
    "refcode_long": "Dictionaries Scripture Index, 2Chronicles 11:18",
    "element_type": "p",
    "element_subtype": "standard-noindent",
    "content": "<span class=\"egwlink egwlink_book\" title=\"ETI Abihail.6\" data-link=\"14147.98\">ETI Abihail.6</span>; <span class=\"egwlink egwlink_book\" title=\"ETI Jerimoth.8\" data-link=\"14147.6122\">ETI Jerimoth.8</span>; <span class=\"egwlink egwlink_book\" title=\"ETI Mahalath.4\" data-link=\"14147.7202\">ETI Mahalath.4</span>; <span class=\"egwlink egwlink_book\" title=\"SBD Abihail.2\" data-link=\"14148.76\">SBD Abihail.2</span>; <span class=\"egwlink egwlink_book\" title=\"SBD Jerimoth.2\" data-link=\"14148.4649\">SBD Jerimoth.2</span>; <span class=\"egwlink egwlink_book\" title=\"SBD Jeush.2\" data-link=\"14148.4723\">SBD Jeush.2</span>; <span class=\"egwlink egwlink_book\" title=\"SBD Mahalath.2\" data-link=\"14148.5478\">SBD Mahalath.2</span>; <span class=\"egwlink egwlink_book\" title=\"HCon (32).2\" data-link=\"14170.32002\">HCon (32).2</span>; <span class=\"egwlink egwlink_book\" title=\"HCon (446).2\" data-link=\"14170.446002\">HCon (446).2</span>; <span class=\"egwlink egwlink_book\" title=\"HCon (802).16\" data-link=\"14170.802016\">HCon (802).16</span>; <span class=\"egwlink egwlink_book\" title=\"HCon (1121).63\" data-link=\"14170.1121063\">HCon (1121).63</span>; <span class=\"egwlink egwlink_book\" title=\"HCon (1121).90\" data-link=\"14170.1121090\">HCon (1121).90</span>; <span class=\"egwlink egwlink_book\" title=\"HCon (1323).5\" data-link=\"14170.1323005\">HCon (1323).5</span>; <span class=\"egwlink egwlink_book\" title=\"HCon (1732).4\" data-link=\"14170.1732004\">HCon (1732).4</span>; <span class=\"egwlink egwlink_book\" title=\"HCon (3406).3\" data-link=\"14170.3406003\">HCon (3406).3</span>; <span class=\"egwlink egwlink_book\" title=\"HCon (3448).2\" data-link=\"14170.3448002\">HCon (3448).2</span>; <span class=\"egwlink egwlink_book\" title=\"HCon (3947).36\" data-link=\"14170.3947036\">HCon (3947).36</span>; <span class=\"egwlink egwlink_book\" title=\"HCon (4258).2\" data-link=\"14170.4258002\">HCon (4258).2</span>; <span class=\"egwlink egwlink_book\" title=\"HCon (7346).2\" data-link=\"14170.7346002\">HCon (7346).2</span>",
    "puborder": 23259,
    "translations": []
  },
  {
    "para_id": "14338.23260",
    "id_prev": "14338.23259",
    "id_next": "14338.23261",
    "refcode_1": "DSI",
    "refcode_2": "2Chronicles",
    "refcode_3": "11",
    "refcode_4": "19",
    "refcode_short": "DSI, 2Chronicles 11:19",
    "refcode_long": "Dictionaries Scripture Index, 2Chronicles 11:19",
    "element_type": "h4",
    "element_subtype": "",
    "content": "19",
    "puborder": 23260,
    "translations": []
  },
  {
    "para_id": "14338.23261",
    "id_prev": "14338.23260",
    "id_next": "14338.23262",
    "refcode_1": "DSI",
    "refcode_2": "2Chronicles",
    "refcode_3": "11",
    "refcode_4": "19",
    "refcode_short": "DSI, 2Chronicles 11:19",
    "refcode_long": "Dictionaries Scripture Index, 2Chronicles 11:19",
    "element_type": "p",
    "element_subtype": "standard-noindent",
    "content": "<span class=\"egwlink egwlink_book\" title=\"ETI Jeush.6\" data-link=\"14147.6221\">ETI Jeush.6</span>; <span class=\"egwlink egwlink_book\" title=\"SBD Jeush.2\" data-link=\"14148.4723\">SBD Jeush.2</span>; <span class=\"egwlink egwlink_book\" title=\"SBD Shamariah.2\" data-link=\"14148.7564\">SBD Shamariah.2</span>; <span class=\"egwlink egwlink_book\" title=\"SBD Zaham.2\" data-link=\"14148.8890\">SBD Zaham.2</span>; <span class=\"egwlink egwlink_book\" title=\"HCon (1121).26\" data-link=\"14170.1121026\">HCon (1121).26</span>; <span class=\"egwlink egwlink_book\" title=\"HCon (2093).2\" data-link=\"14170.2093002\">HCon (2093).2</span>; <span class=\"egwlink egwlink_book\" title=\"HCon (3205).2\" data-link=\"14170.3205002\">HCon (3205).2</span>; <span class=\"egwlink egwlink_book\" title=\"HCon (3266).3\" data-link=\"14170.3266003\">HCon (3266).3</span>; <span class=\"egwlink egwlink_book\" title=\"HCon (8114).2\" data-link=\"14170.8114002\">HCon (8114).2</span>",
    "puborder": 23261,
    "translations": []
  },
  {
    "para_id": "14338.23262",
    "id_prev": "14338.23261",
    "id_next": "14338.23263",
    "refcode_1": "DSI",
    "refcode_2": "2Chronicles",
    "refcode_3": "11",
    "refcode_4": "20",
    "refcode_short": "DSI, 2Chronicles 11:20",
    "refcode_long": "Dictionaries Scripture Index, 2Chronicles 11:20",
    "element_type": "h4",
    "element_subtype": "",
    "content": "20",
    "puborder": 23262,
    "translations": []
  },
  {
    "para_id": "14338.23263",
    "id_prev": "14338.23262",
    "id_next": "14338.23264",
    "refcode_1": "DSI",
    "refcode_2": "2Chronicles",
    "refcode_3": "11",
    "refcode_4": "20",
    "refcode_short": "DSI, 2Chronicles 11:20",
    "refcode_long": "Dictionaries Scripture Index, 2Chronicles 11:20",
    "element_type": "p",
    "element_subtype": "standard-noindent",
    "content": "<span class=\"egwlink egwlink_book\" title=\"ETI Maachah.5\" data-link=\"14147.7124\">ETI Maachah.5</span>; <span class=\"egwlink egwlink_book\" title=\"ETI Ziza.4\" data-link=\"14147.11781\">ETI Ziza.4</span>; <span class=\"egwlink egwlink_book\" title=\"SBD Abishalom.2\" data-link=\"14148.106\">SBD Abishalom.2</span>; <span class=\"egwlink egwlink_book\" title=\"SBD Attai.2\" data-link=\"14148.980\">SBD Attai.2</span>; <span class=\"egwlink egwlink_book\" title=\"SBD Maachah.2\" data-link=\"14148.5400\">SBD Maachah.2</span>; <span class=\"egwlink egwlink_book\" title=\"SBD Uriel.2\" data-link=\"14148.8668\">SBD Uriel.2</span>; <span class=\"egwlink egwlink_book\" title=\"SBD Ziza.2\" data-link=\"14148.9102\">SBD Ziza.2</span>; <span class=\"egwlink egwlink_book\" title=\"HCon (29).4\" data-link=\"14170.29004\">HCon (29).4</span>; <span class=\"egwlink egwlink_book\" title=\"HCon (53).3\" data-link=\"14170.53003\">HCon (53).3</span>; <span class=\"egwlink egwlink_book\" title=\"HCon (310).2\" data-link=\"14170.310002\">HCon (310).2</span>; <span class=\"egwlink egwlink_book\" title=\"HCon (1323).5\" data-link=\"14170.1323005\">HCon (1323).5</span>; <span class=\"egwlink egwlink_book\" title=\"HCon (2124).2\" data-link=\"14170.2124002\">HCon (2124).2</span>; <span class=\"egwlink egwlink_book\" title=\"HCon (3205).2\" data-link=\"14170.3205002\">HCon (3205).2</span>; <span class=\"egwlink egwlink_book\" title=\"HCon (3947).36\" data-link=\"14170.3947036\">HCon (3947).36</span>; <span class=\"egwlink egwlink_book\" title=\"HCon (4601).3\" data-link=\"14170.4601003\">HCon (4601).3</span>; <span class=\"egwlink egwlink_book\" title=\"HCon (6262).2\" data-link=\"14170.6262002\">HCon (6262).2</span>; <span class=\"egwlink egwlink_book\" title=\"HCon (8019).2\" data-link=\"14170.8019002\">HCon (8019).2</span>",
    "puborder": 23263,
    "translations": []
  },
  {
    "para_id": "14338.23264",
    "id_prev": "14338.23263",
    "id_next": "14338.23265",
    "refcode_1": "DSI",
    "refcode_2": "2Chronicles",
    "refcode_3": "11",
    "refcode_4": "21",
    "refcode_short": "DSI, 2Chronicles 11:21",
    "refcode_long": "Dictionaries Scripture Index, 2Chronicles 11:21",
    "element_type": "h4",
    "element_subtype": "",
    "content": "21",
    "puborder": 23264,
    "translations": []
  },
  {
    "para_id": "14338.23265",
    "id_prev": "14338.23264",
    "id_next": "14338.23266",
    "refcode_1": "DSI",
    "refcode_2": "2Chronicles",
    "refcode_3": "11",
    "refcode_4": "21",
    "refcode_short": "DSI, 2Chronicles 11:21",
    "refcode_long": "Dictionaries Scripture Index, 2Chronicles 11:21",
    "element_type": "p",
    "element_subtype": "standard-noindent",
    "content": "<span class=\"egwlink egwlink_book\" title=\"ETI Maachah.5\" data-link=\"14147.7124\">ETI Maachah.5</span>; <span class=\"egwlink egwlink_book\" title=\"SBD Abishalom.2\" data-link=\"14148.106\">SBD Abishalom.2</span>; <span class=\"egwlink egwlink_book\" title=\"SBD Maachah.2\" data-link=\"14148.5400\">SBD Maachah.2</span>; <span class=\"egwlink egwlink_book\" title=\"HCon (53).3\" data-link=\"14170.53003\">HCon (53).3</span>; <span class=\"egwlink egwlink_book\" title=\"HCon (157).8\" data-link=\"14170.157008\">HCon (157).8</span>; <span class=\"egwlink egwlink_book\" title=\"HCon (802).19\" data-link=\"14170.802019\">HCon (802).19</span>; <span class=\"egwlink egwlink_book\" title=\"HCon (1121).70\" data-link=\"14170.1121070\">HCon (1121).70</span>; <span class=\"egwlink egwlink_book\" title=\"HCon (1323).5\" data-link=\"14170.1323005\">HCon (1323).5</span>; <span class=\"egwlink egwlink_book\" title=\"HCon (1323).7\" data-link=\"14170.1323007\">HCon (1323).7</span>; <span class=\"egwlink egwlink_book\" title=\"HCon (3205).7\" data-link=\"14170.3205007\">HCon (3205).7</span>; <span class=\"egwlink egwlink_book\" title=\"HCon (4601).3\" data-link=\"14170.4601003\">HCon (4601).3</span>; <span class=\"egwlink egwlink_book\" title=\"HCon (5375).74\" data-link=\"14170.5375074\">HCon (5375).74</span>; <span class=\"egwlink egwlink_book\" title=\"HCon (6240).15\" data-link=\"14170.6240015\">HCon (6240).15</span>; <span class=\"egwlink egwlink_book\" title=\"HCon (6242).3\" data-link=\"14170.6242003\">HCon (6242).3</span>; <span class=\"egwlink egwlink_book\" title=\"HCon (6370).3\" data-link=\"14170.6370003\">HCon (6370).3</span>; <span class=\"egwlink egwlink_book\" title=\"HCon (7346).2\" data-link=\"14170.7346002\">HCon (7346).2</span>; <span class=\"egwlink egwlink_book\" title=\"HCon (8083).2\" data-link=\"14170.8083002\">HCon (8083).2</span>; <span class=\"egwlink egwlink_book\" title=\"HCon (8083).3\" data-link=\"14170.8083003\">HCon (8083).3</span>; <span class=\"egwlink egwlink_book\" title=\"HCon (8346).3\" data-link=\"14170.8346003\">HCon (8346).3</span>",
    "puborder": 23265,
    "translations": []
  },
  {
    "para_id": "14338.23266",
    "id_prev": "14338.23265",
    "id_next": "14338.23267",
    "refcode_1": "DSI",
    "refcode_2": "2Chronicles",
    "refcode_3": "11",
    "refcode_4": "22",
    "refcode_short": "DSI, 2Chronicles 11:22",
    "refcode_long": "Dictionaries Scripture Index, 2Chronicles 11:22",
    "element_type": "h4",
    "element_subtype": "",
    "content": "22",
    "puborder": 23266,
    "translations": []
  },
  {
    "para_id": "14338.23267",
    "id_prev": "14338.23266",
    "id_next": "14338.23268",
    "refcode_1": "DSI",
    "refcode_2": "2Chronicles",
    "refcode_3": "11",
    "refcode_4": "22",
    "refcode_short": "DSI, 2Chronicles 11:22",
    "refcode_long": "Dictionaries Scripture Index, 2Chronicles 11:22",
    "element_type": "p",
    "element_subtype": "standard-noindent",
    "content": "<span class=\"egwlink egwlink_book\" title=\"ETI Maachah.5\" data-link=\"14147.7124\">ETI Maachah.5</span>; <span class=\"egwlink egwlink_book\" title=\"SBD Maachah.2\" data-link=\"14148.5400\">SBD Maachah.2</span>; <span class=\"egwlink egwlink_book\" title=\"HCon (29).4\" data-link=\"14170.29004\">HCon (29).4</span>; <span class=\"egwlink egwlink_book\" title=\"HCon (251).3\" data-link=\"14170.251003\">HCon (251).3</span>; <span class=\"egwlink egwlink_book\" title=\"HCon (1121).63\" data-link=\"14170.1121063\">HCon (1121).63</span>; <span class=\"egwlink egwlink_book\" title=\"HCon (4427).4\" data-link=\"14170.4427004\">HCon (4427).4</span>; <span class=\"egwlink egwlink_book\" title=\"HCon (4601).3\" data-link=\"14170.4601003\">HCon (4601).3</span>; <span class=\"egwlink egwlink_book\" title=\"HCon (5057).11\" data-link=\"14170.5057011\">HCon (5057).11</span>; <span class=\"egwlink egwlink_book\" title=\"HCon (5975).26\" data-link=\"14170.5975026\">HCon (5975).26</span>; <span class=\"egwlink egwlink_book\" title=\"HCon (7218).8\" data-link=\"14170.7218008\">HCon (7218).8</span>; <span class=\"egwlink egwlink_book\" title=\"HCon (7346).2\" data-link=\"14170.7346002\">HCon (7346).2</span>",
    "puborder": 23267,
    "translations": []
  },
  {
    "para_id": "14338.23268",
    "id_prev": "14338.23267",
    "id_next": "14338.23269",
    "refcode_1": "DSI",
    "refcode_2": "2Chronicles",
    "refcode_3": "11",
    "refcode_4": "23",
    "refcode_short": "DSI, 2Chronicles 11:23",
    "refcode_long": "Dictionaries Scripture Index, 2Chronicles 11:23",
    "element_type": "h4",
    "element_subtype": "",
    "content": "23",
    "puborder": 23268,
    "translations": []
  },
  {
    "para_id": "14338.23269",
    "id_prev": "14338.23268",
    "id_next": "14338.23270",
    "refcode_1": "DSI",
    "refcode_2": "2Chronicles",
    "refcode_3": "11",
    "refcode_4": "23",
    "refcode_short": "DSI, 2Chronicles 11:23",
    "refcode_long": "Dictionaries Scripture Index, 2Chronicles 11:23",
    "element_type": "p",
    "element_subtype": "standard-noindent",
    "content": "<span class=\"egwlink egwlink_book\" title=\"HCon (776).3\" data-link=\"14170.776003\">HCon (776).3</span>; <span class=\"egwlink egwlink_book\" title=\"HCon (802).19\" data-link=\"14170.802019\">HCon (802).19</span>; <span class=\"egwlink egwlink_book\" title=\"HCon (995).42\" data-link=\"14170.995042\">HCon (995).42</span>; <span class=\"egwlink egwlink_book\" title=\"HCon (1121).26\" data-link=\"14170.1121026\">HCon (1121).26</span>; <span class=\"egwlink egwlink_book\" title=\"HCon (1144).2\" data-link=\"14170.1144002\">HCon (1144).2</span>; <span class=\"egwlink egwlink_book\" title=\"HCon (1995).5\" data-link=\"14170.1995005\">HCon (1995).5</span>; <span class=\"egwlink egwlink_book\" title=\"HCon (3063).3\" data-link=\"14170.3063003\">HCon (3063).3</span>; <span class=\"egwlink egwlink_book\" title=\"HCon (4202).3\" data-link=\"14170.4202003\">HCon (4202).3</span>; <span class=\"egwlink egwlink_book\" title=\"HCon (4694).2\" data-link=\"14170.4694002\">HCon (4694).2</span>; <span class=\"egwlink egwlink_book\" title=\"HCon (5414).43\" data-link=\"14170.5414043\">HCon (5414).43</span>; <span class=\"egwlink egwlink_book\" title=\"HCon (5892).5\" data-link=\"14170.5892005\">HCon (5892).5</span>; <span class=\"egwlink egwlink_book\" title=\"HCon (6555).10\" data-link=\"14170.6555010\">HCon (6555).10</span>; <span class=\"egwlink egwlink_book\" title=\"HCon (7230).2\" data-link=\"14170.7230002\">HCon (7230).2</span>; <span class=\"egwlink egwlink_book\" title=\"HCon (7592).16\" data-link=\"14170.7592016\">HCon (7592).16</span>",
    "puborder": 23269,
    "translations": []
  }
]