[
  {
    "para_id": "14338.2388",
    "id_prev": "14338.2387",
    "id_next": "14338.2389",
    "refcode_1": "DSI",
    "refcode_2": "Genesis",
    "refcode_3": "40",
    "refcode_4": "0",
    "refcode_short": "DSI, Genesis 40",
    "refcode_long": "Dictionaries Scripture Index, Genesis 40",
    "element_type": "h3",
    "element_subtype": "",
    "content": "Genesis 40",
    "puborder": 2388,
    "translations": []
  },
  {
    "para_id": "14338.2389",
    "id_prev": "14338.2388",
    "id_next": "14338.2390",
    "refcode_1": "DSI",
    "refcode_2": "Genesis",
    "refcode_3": "40",
    "refcode_4": "1",
    "refcode_short": "DSI, Genesis 40:1",
    "refcode_long": "Dictionaries Scripture Index, Genesis 40:1",
    "element_type": "h4",
    "element_subtype": "",
    "content": "1",
    "puborder": 2389,
    "translations": []
  },
  {
    "para_id": "14338.2390",
    "id_prev": "14338.2389",
    "id_next": "14338.2391",
    "refcode_1": "DSI",
    "refcode_2": "Genesis",
    "refcode_3": "40",
    "refcode_4": "1",
    "refcode_short": "DSI, Genesis 40:1",
    "refcode_long": "Dictionaries Scripture Index, Genesis 40:1",
    "element_type": "p",
    "element_subtype": "standard-noindent",
    "content": "<span class=\"egwlink egwlink_book\" title=\"NWAD LORD.12\" data-link=\"1843.77022\">NWAD LORD.12</span>; <span class=\"egwlink egwlink_book\" title=\"ETI Butler.2\" data-link=\"14147.1956\">ETI Butler.2</span>; <span class=\"egwlink egwlink_book\" title=\"ETI Cup-bearer.2\" data-link=\"14147.2714\">ETI Cup-bearer.2</span>; <span class=\"egwlink egwlink_book\" title=\"SBD Butler.2\" data-link=\"14148.1667\">SBD Butler.2</span>; <span class=\"egwlink egwlink_book\" title=\"SBD Cupbearer.2\" data-link=\"14148.2184\">SBD Cupbearer.2</span>; <span class=\"egwlink egwlink_book\" title=\"HCon (113).2\" data-link=\"14170.113002\">HCon (113).2</span>; <span class=\"egwlink egwlink_book\" title=\"HCon (310).2\" data-link=\"14170.310002\">HCon (310).2</span>; <span class=\"egwlink egwlink_book\" title=\"HCon (644).5\" data-link=\"14170.644005\">HCon (644).5</span>; <span class=\"egwlink egwlink_book\" title=\"HCon (1697).80\" data-link=\"14170.1697080\">HCon (1697).80</span>; <span class=\"egwlink egwlink_book\" title=\"HCon (2398).11\" data-link=\"14170.2398011\">HCon (2398).11</span>; <span class=\"egwlink egwlink_book\" title=\"HCon (4428).3\" data-link=\"14170.4428003\">HCon (4428).3</span>; <span class=\"egwlink egwlink_book\" title=\"HCon (4714).2\" data-link=\"14170.4714002\">HCon (4714).2</span>; <span class=\"egwlink egwlink_book\" title=\"HCon (8248).2\" data-link=\"14170.8248002\">HCon (8248).2</span>",
    "puborder": 2390,
    "translations": []
  },
  {
    "para_id": "14338.2391",
    "id_prev": "14338.2390",
    "id_next": "14338.2392",
    "refcode_1": "DSI",
    "refcode_2": "Genesis",
    "refcode_3": "40",
    "refcode_4": "2",
    "refcode_short": "DSI, Genesis 40:2",
    "refcode_long": "Dictionaries Scripture Index, Genesis 40:2",
    "element_type": "h4",
    "element_subtype": "",
    "content": "2",
    "puborder": 2391,
    "translations": []
  },
  {
    "para_id": "14338.2392",
    "id_prev": "14338.2391",
    "id_next": "14338.2393",
    "refcode_1": "DSI",
    "refcode_2": "Genesis",
    "refcode_3": "40",
    "refcode_4": "2",
    "refcode_short": "DSI, Genesis 40:2",
    "refcode_long": "Dictionaries Scripture Index, Genesis 40:2",
    "element_type": "p",
    "element_subtype": "standard-noindent",
    "content": "<span class=\"egwlink egwlink_book\" title=\"ETI Butler.2\" data-link=\"14147.1956\">ETI Butler.2</span>; <span class=\"egwlink egwlink_book\" title=\"ETI Captain.2\" data-link=\"14147.2087\">ETI Captain.2</span>; <span class=\"egwlink egwlink_book\" title=\"ETI Cup-bearer.2\" data-link=\"14147.2714\">ETI Cup-bearer.2</span>; <span class=\"egwlink egwlink_book\" title=\"ETI Governor.8\" data-link=\"14147.4594\">ETI Governor.8</span>; <span class=\"egwlink egwlink_book\" title=\"ETI Joseph.3\" data-link=\"14147.6417\">ETI Joseph.3</span>; <span class=\"egwlink egwlink_book\" title=\"SBD Butler.2\" data-link=\"14148.1667\">SBD Butler.2</span>; <span class=\"egwlink egwlink_book\" title=\"HCon (644).6\" data-link=\"14170.644006\">HCon (644).6</span>; <span class=\"egwlink egwlink_book\" title=\"HCon (5631).7\" data-link=\"14170.5631007\">HCon (5631).7</span>; <span class=\"egwlink egwlink_book\" title=\"HCon (5921).6\" data-link=\"14170.5921006\">HCon (5921).6</span>; <span class=\"egwlink egwlink_book\" title=\"HCon (6547).2\" data-link=\"14170.6547002\">HCon (6547).2</span>; <span class=\"egwlink egwlink_book\" title=\"HCon (7107).7\" data-link=\"14170.7107007\">HCon (7107).7</span>; <span class=\"egwlink egwlink_book\" title=\"HCon (8147).13\" data-link=\"14170.8147013\">HCon (8147).13</span>; <span class=\"egwlink egwlink_book\" title=\"HCon (8248).3\" data-link=\"14170.8248003\">HCon (8248).3</span>; <span class=\"egwlink egwlink_book\" title=\"HCon (8269).4\" data-link=\"14170.8269004\">HCon (8269).4</span>",
    "puborder": 2392,
    "translations": []
  },
  {
    "para_id": "14338.2393",
    "id_prev": "14338.2392",
    "id_next": "14338.2394",
    "refcode_1": "DSI",
    "refcode_2": "Genesis",
    "refcode_3": "40",
    "refcode_4": "3",
    "refcode_short": "DSI, Genesis 40:3",
    "refcode_long": "Dictionaries Scripture Index, Genesis 40:3",
    "element_type": "h4",
    "element_subtype": "",
    "content": "3",
    "puborder": 2393,
    "translations": []
  },
  {
    "para_id": "14338.2394",
    "id_prev": "14338.2393",
    "id_next": "14338.2395",
    "refcode_1": "DSI",
    "refcode_2": "Genesis",
    "refcode_3": "40",
    "refcode_4": "3",
    "refcode_short": "DSI, Genesis 40:3",
    "refcode_long": "Dictionaries Scripture Index, Genesis 40:3",
    "element_type": "p",
    "element_subtype": "standard-noindent",
    "content": "<span class=\"egwlink egwlink_book\" title=\"NWAD WARD.27\" data-link=\"1843.145698\">NWAD WARD.27</span>; <span class=\"egwlink egwlink_book\" title=\"ETI Butler.2\" data-link=\"14147.1956\">ETI Butler.2</span>; <span class=\"egwlink egwlink_book\" title=\"ETI Cup-bearer.2\" data-link=\"14147.2714\">ETI Cup-bearer.2</span>; <span class=\"egwlink egwlink_book\" title=\"ETI Dungeon.2\" data-link=\"14147.3196\">ETI Dungeon.2</span>; <span class=\"egwlink egwlink_book\" title=\"ETI Ward.2\" data-link=\"14147.11320\">ETI Ward.2</span>; <span class=\"egwlink egwlink_book\" title=\"SBD Butler.2\" data-link=\"14148.1667\">SBD Butler.2</span>; <span class=\"egwlink egwlink_book\" title=\"SBD Prison.2\" data-link=\"14148.6909\">SBD Prison.2</span>; <span class=\"egwlink egwlink_book\" title=\"HCon (631).6\" data-link=\"14170.631006\">HCon (631).6</span>; <span class=\"egwlink egwlink_book\" title=\"HCon (1004).16\" data-link=\"14170.1004016\">HCon (1004).16</span>; <span class=\"egwlink egwlink_book\" title=\"HCon (1004).32\" data-link=\"14170.1004032\">HCon (1004).32</span>; <span class=\"egwlink egwlink_book\" title=\"HCon (2876).3\" data-link=\"14170.2876003\">HCon (2876).3</span>; <span class=\"egwlink egwlink_book\" title=\"HCon (3130).2\" data-link=\"14170.3130002\">HCon (3130).2</span>; <span class=\"egwlink egwlink_book\" title=\"HCon (4725).5\" data-link=\"14170.4725005\">HCon (4725).5</span>; <span class=\"egwlink egwlink_book\" title=\"HCon (4929).6\" data-link=\"14170.4929006\">HCon (4929).6</span>; <span class=\"egwlink egwlink_book\" title=\"HCon (5414).89\" data-link=\"14170.5414089\">HCon (5414).89</span>; <span class=\"egwlink egwlink_book\" title=\"HCon (5470).3\" data-link=\"14170.5470003\">HCon (5470).3</span>; <span class=\"egwlink egwlink_book\" title=\"HCon (8269).2\" data-link=\"14170.8269002\">HCon (8269).2</span>",
    "puborder": 2394,
    "translations": []
  },
  {
    "para_id": "14338.2395",
    "id_prev": "14338.2394",
    "id_next": "14338.2396",
    "refcode_1": "DSI",
    "refcode_2": "Genesis",
    "refcode_3": "40",
    "refcode_4": "4",
    "refcode_short": "DSI, Genesis 40:4",
    "refcode_long": "Dictionaries Scripture Index, Genesis 40:4",
    "element_type": "h4",
    "element_subtype": "",
    "content": "4",
    "puborder": 2395,
    "translations": []
  },
  {
    "para_id": "14338.2396",
    "id_prev": "14338.2395",
    "id_next": "14338.2397",
    "refcode_1": "DSI",
    "refcode_2": "Genesis",
    "refcode_3": "40",
    "refcode_4": "4",
    "refcode_short": "DSI, Genesis 40:4",
    "refcode_long": "Dictionaries Scripture Index, Genesis 40:4",
    "element_type": "p",
    "element_subtype": "standard-noindent",
    "content": "<span class=\"egwlink egwlink_book\" title=\"NWAD CHARGE.10\" data-link=\"1843.19830\">NWAD CHARGE.10</span>; <span class=\"egwlink egwlink_book\" title=\"ETI Butler.2\" data-link=\"14147.1956\">ETI Butler.2</span>; <span class=\"egwlink egwlink_book\" title=\"ETI Cup-bearer.2\" data-link=\"14147.2714\">ETI Cup-bearer.2</span>; <span class=\"egwlink egwlink_book\" title=\"ETI Ward.2\" data-link=\"14147.11320\">ETI Ward.2</span>; <span class=\"egwlink egwlink_book\" title=\"SBD Butler.2\" data-link=\"14148.1667\">SBD Butler.2</span>; <span class=\"egwlink egwlink_book\" title=\"HCon (2876).3\" data-link=\"14170.2876003\">HCon (2876).3</span>; <span class=\"egwlink egwlink_book\" title=\"HCon (3117).37\" data-link=\"14170.3117037\">HCon (3117).37</span>; <span class=\"egwlink egwlink_book\" title=\"HCon (3130).2\" data-link=\"14170.3130002\">HCon (3130).2</span>; <span class=\"egwlink egwlink_book\" title=\"HCon (4929).6\" data-link=\"14170.4929006\">HCon (4929).6</span>; <span class=\"egwlink egwlink_book\" title=\"HCon (6485).8\" data-link=\"14170.6485008\">HCon (6485).8</span>; <span class=\"egwlink egwlink_book\" title=\"HCon (8269).2\" data-link=\"14170.8269002\">HCon (8269).2</span>; <span class=\"egwlink egwlink_book\" title=\"HCon (8334).10\" data-link=\"14170.8334010\">HCon (8334).10</span>",
    "puborder": 2396,
    "translations": []
  },
  {
    "para_id": "14338.2397",
    "id_prev": "14338.2396",
    "id_next": "14338.2398",
    "refcode_1": "DSI",
    "refcode_2": "Genesis",
    "refcode_3": "40",
    "refcode_4": "5",
    "refcode_short": "DSI, Genesis 40:5",
    "refcode_long": "Dictionaries Scripture Index, Genesis 40:5",
    "element_type": "h4",
    "element_subtype": "",
    "content": "5",
    "puborder": 2397,
    "translations": []
  },
  {
    "para_id": "14338.2398",
    "id_prev": "14338.2397",
    "id_next": "14338.2399",
    "refcode_1": "DSI",
    "refcode_2": "Genesis",
    "refcode_3": "40",
    "refcode_4": "5",
    "refcode_short": "DSI, Genesis 40:5",
    "refcode_long": "Dictionaries Scripture Index, Genesis 40:5",
    "element_type": "p",
    "element_subtype": "standard-noindent",
    "content": "<span class=\"egwlink egwlink_book\" title=\"ETI Butler.2\" data-link=\"14147.1956\">ETI Butler.2</span>; <span class=\"egwlink egwlink_book\" title=\"ETI Cup-bearer.2\" data-link=\"14147.2714\">ETI Cup-bearer.2</span>; <span class=\"egwlink egwlink_book\" title=\"ETI Dream.2\" data-link=\"14147.3150\">ETI Dream.2</span>; <span class=\"egwlink egwlink_book\" title=\"SBD Butler.2\" data-link=\"14148.1667\">SBD Butler.2</span>; <span class=\"egwlink egwlink_book\" title=\"HCon (259).21\" data-link=\"14170.259021\">HCon (259).21</span>; <span class=\"egwlink egwlink_book\" title=\"HCon (376).37\" data-link=\"14170.376037\">HCon (376).37</span>; <span class=\"egwlink egwlink_book\" title=\"HCon (631).6\" data-link=\"14170.631006\">HCon (631).6</span>; <span class=\"egwlink egwlink_book\" title=\"HCon (644).5\" data-link=\"14170.644005\">HCon (644).5</span>; <span class=\"egwlink egwlink_book\" title=\"HCon (1004).32\" data-link=\"14170.1004032\">HCon (1004).32</span>; <span class=\"egwlink egwlink_book\" title=\"HCon (2472).2\" data-link=\"14170.2472002\">HCon (2472).2</span>; <span class=\"egwlink egwlink_book\" title=\"HCon (2492).3\" data-link=\"14170.2492003\">HCon (2492).3</span>; <span class=\"egwlink egwlink_book\" title=\"HCon (3915).3\" data-link=\"14170.3915003\">HCon (3915).3</span>; <span class=\"egwlink egwlink_book\" title=\"HCon (4428).3\" data-link=\"14170.4428003\">HCon (4428).3</span>; <span class=\"egwlink egwlink_book\" title=\"HCon (4714).2\" data-link=\"14170.4714002\">HCon (4714).2</span>; <span class=\"egwlink egwlink_book\" title=\"HCon (5470).3\" data-link=\"14170.5470003\">HCon (5470).3</span>; <span class=\"egwlink egwlink_book\" title=\"HCon (6623).2\" data-link=\"14170.6623002\">HCon (6623).2</span>; <span class=\"egwlink egwlink_book\" title=\"HCon (8147).2\" data-link=\"14170.8147002\">HCon (8147).2</span>; <span class=\"egwlink egwlink_book\" title=\"HCon (8248).2\" data-link=\"14170.8248002\">HCon (8248).2</span>",
    "puborder": 2398,
    "translations": []
  },
  {
    "para_id": "14338.2399",
    "id_prev": "14338.2398",
    "id_next": "14338.2400",
    "refcode_1": "DSI",
    "refcode_2": "Genesis",
    "refcode_3": "40",
    "refcode_4": "6",
    "refcode_short": "DSI, Genesis 40:6",
    "refcode_long": "Dictionaries Scripture Index, Genesis 40:6",
    "element_type": "h4",
    "element_subtype": "",
    "content": "6",
    "puborder": 2399,
    "translations": []
  },
  {
    "para_id": "14338.2400",
    "id_prev": "14338.2399",
    "id_next": "14338.2401",
    "refcode_1": "DSI",
    "refcode_2": "Genesis",
    "refcode_3": "40",
    "refcode_4": "6",
    "refcode_short": "DSI, Genesis 40:6",
    "refcode_long": "Dictionaries Scripture Index, Genesis 40:6",
    "element_type": "p",
    "element_subtype": "standard-noindent",
    "content": "<span class=\"egwlink egwlink_book\" title=\"ETI Butler.2\" data-link=\"14147.1956\">ETI Butler.2</span>; <span class=\"egwlink egwlink_book\" title=\"ETI Cup-bearer.2\" data-link=\"14147.2714\">ETI Cup-bearer.2</span>; <span class=\"egwlink egwlink_book\" title=\"SBD Butler.2\" data-link=\"14148.1667\">SBD Butler.2</span>; <span class=\"egwlink egwlink_book\" title=\"HCon (935).53\" data-link=\"14170.935053\">HCon (935).53</span>; <span class=\"egwlink egwlink_book\" title=\"HCon (1242).4\" data-link=\"14170.1242004\">HCon (1242).4</span>; <span class=\"egwlink egwlink_book\" title=\"HCon (2196).4\" data-link=\"14170.2196004\">HCon (2196).4</span>; <span class=\"egwlink egwlink_book\" title=\"HCon (3130).2\" data-link=\"14170.3130002\">HCon (3130).2</span>; <span class=\"egwlink egwlink_book\" title=\"HCon (7200).28\" data-link=\"14170.7200028\">HCon (7200).28</span>",
    "puborder": 2400,
    "translations": []
  },
  {
    "para_id": "14338.2401",
    "id_prev": "14338.2400",
    "id_next": "14338.2402",
    "refcode_1": "DSI",
    "refcode_2": "Genesis",
    "refcode_3": "40",
    "refcode_4": "7",
    "refcode_short": "DSI, Genesis 40:7",
    "refcode_long": "Dictionaries Scripture Index, Genesis 40:7",
    "element_type": "h4",
    "element_subtype": "",
    "content": "7",
    "puborder": 2401,
    "translations": []
  },
  {
    "para_id": "14338.2402",
    "id_prev": "14338.2401",
    "id_next": "14338.2403",
    "refcode_1": "DSI",
    "refcode_2": "Genesis",
    "refcode_3": "40",
    "refcode_4": "7",
    "refcode_short": "DSI, Genesis 40:7",
    "refcode_long": "Dictionaries Scripture Index, Genesis 40:7",
    "element_type": "p",
    "element_subtype": "standard-noindent",
    "content": "<span class=\"egwlink egwlink_book\" title=\"ETI Butler.2\" data-link=\"14147.1956\">ETI Butler.2</span>; <span class=\"egwlink egwlink_book\" title=\"ETI Cup-bearer.2\" data-link=\"14147.2714\">ETI Cup-bearer.2</span>; <span class=\"egwlink egwlink_book\" title=\"SBD Butler.2\" data-link=\"14148.1667\">SBD Butler.2</span>; <span class=\"egwlink egwlink_book\" title=\"HCon (113).3\" data-link=\"14170.113003\">HCon (113).3</span>; <span class=\"egwlink egwlink_book\" title=\"HCon (559).55\" data-link=\"14170.559055\">HCon (559).55</span>; <span class=\"egwlink egwlink_book\" title=\"HCon (1004).16\" data-link=\"14170.1004016\">HCon (1004).16</span>; <span class=\"egwlink egwlink_book\" title=\"HCon (3117).13\" data-link=\"14170.3117013\">HCon (3117).13</span>; <span class=\"egwlink egwlink_book\" title=\"HCon (4929).6\" data-link=\"14170.4929006\">HCon (4929).6</span>; <span class=\"egwlink egwlink_book\" title=\"HCon (5631).7\" data-link=\"14170.5631007\">HCon (5631).7</span>; <span class=\"egwlink egwlink_book\" title=\"HCon (6440).79\" data-link=\"14170.6440079\">HCon (6440).79</span>; <span class=\"egwlink egwlink_book\" title=\"HCon (6547).3\" data-link=\"14170.6547003\">HCon (6547).3</span>; <span class=\"egwlink egwlink_book\" title=\"HCon (7451).35\" data-link=\"14170.7451035\">HCon (7451).35</span>; <span class=\"egwlink egwlink_book\" title=\"HCon (7592).3\" data-link=\"14170.7592003\">HCon (7592).3</span>",
    "puborder": 2402,
    "translations": []
  },
  {
    "para_id": "14338.2403",
    "id_prev": "14338.2402",
    "id_next": "14338.2404",
    "refcode_1": "DSI",
    "refcode_2": "Genesis",
    "refcode_3": "40",
    "refcode_4": "8",
    "refcode_short": "DSI, Genesis 40:8",
    "refcode_long": "Dictionaries Scripture Index, Genesis 40:8",
    "element_type": "h4",
    "element_subtype": "",
    "content": "8",
    "puborder": 2403,
    "translations": []
  },
  {
    "para_id": "14338.2404",
    "id_prev": "14338.2403",
    "id_next": "14338.2405",
    "refcode_1": "DSI",
    "refcode_2": "Genesis",
    "refcode_3": "40",
    "refcode_4": "8",
    "refcode_short": "DSI, Genesis 40:8",
    "refcode_long": "Dictionaries Scripture Index, Genesis 40:8",
    "element_type": "p",
    "element_subtype": "standard-noindent",
    "content": "<span class=\"egwlink egwlink_book\" title=\"ETI Butler.2\" data-link=\"14147.1956\">ETI Butler.2</span>; <span class=\"egwlink egwlink_book\" title=\"ETI Cup-bearer.2\" data-link=\"14147.2714\">ETI Cup-bearer.2</span>; <span class=\"egwlink egwlink_book\" title=\"SBD Butler.2\" data-link=\"14148.1667\">SBD Butler.2</span>; <span class=\"egwlink egwlink_book\" title=\"HCon (430).4\" data-link=\"14170.430004\">HCon (430).4</span>; <span class=\"egwlink egwlink_book\" title=\"HCon (559).42\" data-link=\"14170.559042\">HCon (559).42</span>; <span class=\"egwlink egwlink_book\" title=\"HCon (2472).2\" data-link=\"14170.2472002\">HCon (2472).2</span>; <span class=\"egwlink egwlink_book\" title=\"HCon (2492).3\" data-link=\"14170.2492003\">HCon (2492).3</span>; <span class=\"egwlink egwlink_book\" title=\"HCon (3130).2\" data-link=\"14170.3130002\">HCon (3130).2</span>; <span class=\"egwlink egwlink_book\" title=\"HCon (5608).21\" data-link=\"14170.5608021\">HCon (5608).21</span>; <span class=\"egwlink egwlink_book\" title=\"HCon (6622).5\" data-link=\"14170.6622005\">HCon (6622).5</span>; <span class=\"egwlink egwlink_book\" title=\"HCon (6623).3\" data-link=\"14170.6623003\">HCon (6623).3</span>",
    "puborder": 2404,
    "translations": []
  },
  {
    "para_id": "14338.2405",
    "id_prev": "14338.2404",
    "id_next": "14338.2406",
    "refcode_1": "DSI",
    "refcode_2": "Genesis",
    "refcode_3": "40",
    "refcode_4": "9",
    "refcode_short": "DSI, Genesis 40:9",
    "refcode_long": "Dictionaries Scripture Index, Genesis 40:9",
    "element_type": "h4",
    "element_subtype": "",
    "content": "9",
    "puborder": 2405,
    "translations": []
  },
  {
    "para_id": "14338.2406",
    "id_prev": "14338.2405",
    "id_next": "14338.2407",
    "refcode_1": "DSI",
    "refcode_2": "Genesis",
    "refcode_3": "40",
    "refcode_4": "9",
    "refcode_short": "DSI, Genesis 40:9",
    "refcode_long": "Dictionaries Scripture Index, Genesis 40:9",
    "element_type": "p",
    "element_subtype": "standard-noindent",
    "content": "<span class=\"egwlink egwlink_book\" title=\"NWAD CHIEF.2\" data-link=\"1843.20367\">NWAD CHIEF.2</span>; <span class=\"egwlink egwlink_book\" title=\"ETI Butler.2\" data-link=\"14147.1956\">ETI Butler.2</span>; <span class=\"egwlink egwlink_book\" title=\"ETI Cup-bearer.2\" data-link=\"14147.2714\">ETI Cup-bearer.2</span>; <span class=\"egwlink egwlink_book\" title=\"SBD Butler.2\" data-link=\"14148.1667\">SBD Butler.2</span>; <span class=\"egwlink egwlink_book\" title=\"SBD Vine.2\" data-link=\"14148.8727\">SBD Vine.2</span>; <span class=\"egwlink egwlink_book\" title=\"HCon (559).42\" data-link=\"14170.559042\">HCon (559).42</span>; <span class=\"egwlink egwlink_book\" title=\"HCon (1612).3\" data-link=\"14170.1612003\">HCon (1612).3</span>; <span class=\"egwlink egwlink_book\" title=\"HCon (2472).2\" data-link=\"14170.2472002\">HCon (2472).2</span>; <span class=\"egwlink egwlink_book\" title=\"HCon (3130).2\" data-link=\"14170.3130002\">HCon (3130).2</span>; <span class=\"egwlink egwlink_book\" title=\"HCon (5608).24\" data-link=\"14170.5608024\">HCon (5608).24</span>; <span class=\"egwlink egwlink_book\" title=\"HCon (6440).9\" data-link=\"14170.6440009\">HCon (6440).9</span>; <span class=\"egwlink egwlink_book\" title=\"HCon (8248).2\" data-link=\"14170.8248002\">HCon (8248).2</span>; <span class=\"egwlink egwlink_book\" title=\"HCon (8269).4\" data-link=\"14170.8269004\">HCon (8269).4</span>",
    "puborder": 2406,
    "translations": []
  },
  {
    "para_id": "14338.2407",
    "id_prev": "14338.2406",
    "id_next": "14338.2408",
    "refcode_1": "DSI",
    "refcode_2": "Genesis",
    "refcode_3": "40",
    "refcode_4": "10",
    "refcode_short": "DSI, Genesis 40:10",
    "refcode_long": "Dictionaries Scripture Index, Genesis 40:10",
    "element_type": "h4",
    "element_subtype": "",
    "content": "10",
    "puborder": 2407,
    "translations": []
  },
  {
    "para_id": "14338.2408",
    "id_prev": "14338.2407",
    "id_next": "14338.2409",
    "refcode_1": "DSI",
    "refcode_2": "Genesis",
    "refcode_3": "40",
    "refcode_4": "10",
    "refcode_short": "DSI, Genesis 40:10",
    "refcode_long": "Dictionaries Scripture Index, Genesis 40:10",
    "element_type": "p",
    "element_subtype": "standard-noindent",
    "content": "<span class=\"egwlink egwlink_book\" title=\"NWAD THOUGH.10\" data-link=\"1843.132382\">NWAD THOUGH.10</span>; <span class=\"egwlink egwlink_book\" title=\"ETI Butler.2\" data-link=\"14147.1956\">ETI Butler.2</span>; <span class=\"egwlink egwlink_book\" title=\"ETI Cup-bearer.2\" data-link=\"14147.2714\">ETI Cup-bearer.2</span>; <span class=\"egwlink egwlink_book\" title=\"SBD Butler.2\" data-link=\"14148.1667\">SBD Butler.2</span>; <span class=\"egwlink egwlink_book\" title=\"SBD Vine.2\" data-link=\"14148.8727\">SBD Vine.2</span>; <span class=\"egwlink egwlink_book\" title=\"HCon (811).3\" data-link=\"14170.811003\">HCon (811).3</span>; <span class=\"egwlink egwlink_book\" title=\"HCon (1310).6\" data-link=\"14170.1310006\">HCon (1310).6</span>; <span class=\"egwlink egwlink_book\" title=\"HCon (1612).3\" data-link=\"14170.1612003\">HCon (1612).3</span>; <span class=\"egwlink egwlink_book\" title=\"HCon (5322).2\" data-link=\"14170.5322002\">HCon (5322).2</span>; <span class=\"egwlink egwlink_book\" title=\"HCon (5927).28\" data-link=\"14170.5927028\">HCon (5927).28</span>; <span class=\"egwlink egwlink_book\" title=\"HCon (6025).3\" data-link=\"14170.6025003\">HCon (6025).3</span>; <span class=\"egwlink egwlink_book\" title=\"HCon (6524).6\" data-link=\"14170.6524006\">HCon (6524).6</span>; <span class=\"egwlink egwlink_book\" title=\"HCon (7969).6\" data-link=\"14170.7969006\">HCon (7969).6</span>; <span class=\"egwlink egwlink_book\" title=\"HCon (8299).2\" data-link=\"14170.8299002\">HCon (8299).2</span>",
    "puborder": 2408,
    "translations": []
  },
  {
    "para_id": "14338.2409",
    "id_prev": "14338.2408",
    "id_next": "14338.2410",
    "refcode_1": "DSI",
    "refcode_2": "Genesis",
    "refcode_3": "40",
    "refcode_4": "11",
    "refcode_short": "DSI, Genesis 40:11",
    "refcode_long": "Dictionaries Scripture Index, Genesis 40:11",
    "element_type": "h4",
    "element_subtype": "",
    "content": "11",
    "puborder": 2409,
    "translations": []
  },
  {
    "para_id": "14338.2410",
    "id_prev": "14338.2409",
    "id_next": "14338.2411",
    "refcode_1": "DSI",
    "refcode_2": "Genesis",
    "refcode_3": "40",
    "refcode_4": "11",
    "refcode_short": "DSI, Genesis 40:11",
    "refcode_long": "Dictionaries Scripture Index, Genesis 40:11",
    "element_type": "p",
    "element_subtype": "standard-noindent",
    "content": "<span class=\"egwlink egwlink_book\" title=\"NWAD DELIVER.6\" data-link=\"1843.33374\">NWAD DELIVER.6</span>; <span class=\"egwlink egwlink_book\" title=\"NWAD PRESS.3\" data-link=\"1843.98399\">NWAD PRESS.3</span>; <span class=\"egwlink egwlink_book\" title=\"ETI Butler.2\" data-link=\"14147.1956\">ETI Butler.2</span>; <span class=\"egwlink egwlink_book\" title=\"ETI Cup.2\" data-link=\"14147.2710\">ETI Cup.2</span>; <span class=\"egwlink egwlink_book\" title=\"ETI Cup-bearer.2\" data-link=\"14147.2714\">ETI Cup-bearer.2</span>; <span class=\"egwlink egwlink_book\" title=\"SBD Butler.2\" data-link=\"14148.1667\">SBD Butler.2</span>; <span class=\"egwlink egwlink_book\" title=\"SBD Vine.2\" data-link=\"14148.8727\">SBD Vine.2</span>; <span class=\"egwlink egwlink_book\" title=\"SBD Wine.2\" data-link=\"14148.8804\">SBD Wine.2</span>; <span class=\"egwlink egwlink_book\" title=\"HCon (3027).27\" data-link=\"14170.3027027\">HCon (3027).27</span>; <span class=\"egwlink egwlink_book\" title=\"HCon (3563).2\" data-link=\"14170.3563002\">HCon (3563).2</span>; <span class=\"egwlink egwlink_book\" title=\"HCon (3709).5\" data-link=\"14170.3709005\">HCon (3709).5</span>; <span class=\"egwlink egwlink_book\" title=\"HCon (3947).36\" data-link=\"14170.3947036\">HCon (3947).36</span>; <span class=\"egwlink egwlink_book\" title=\"HCon (5414).43\" data-link=\"14170.5414043\">HCon (5414).43</span>; <span class=\"egwlink egwlink_book\" title=\"HCon (6025).3\" data-link=\"14170.6025003\">HCon (6025).3</span>; <span class=\"egwlink egwlink_book\" title=\"HCon (6547).3\" data-link=\"14170.6547003\">HCon (6547).3</span>; <span class=\"egwlink egwlink_book\" title=\"HCon (7818).2\" data-link=\"14170.7818002\">HCon (7818).2</span>",
    "puborder": 2410,
    "translations": []
  },
  {
    "para_id": "14338.2411",
    "id_prev": "14338.2410",
    "id_next": "14338.2412",
    "refcode_1": "DSI",
    "refcode_2": "Genesis",
    "refcode_3": "40",
    "refcode_4": "12",
    "refcode_short": "DSI, Genesis 40:12",
    "refcode_long": "Dictionaries Scripture Index, Genesis 40:12",
    "element_type": "h4",
    "element_subtype": "",
    "content": "12",
    "puborder": 2411,
    "translations": []
  },
  {
    "para_id": "14338.2412",
    "id_prev": "14338.2411",
    "id_next": "14338.2413",
    "refcode_1": "DSI",
    "refcode_2": "Genesis",
    "refcode_3": "40",
    "refcode_4": "12",
    "refcode_short": "DSI, Genesis 40:12",
    "refcode_long": "Dictionaries Scripture Index, Genesis 40:12",
    "element_type": "p",
    "element_subtype": "standard-noindent",
    "content": "<span class=\"egwlink egwlink_book\" title=\"ETI Butler.2\" data-link=\"14147.1956\">ETI Butler.2</span>; <span class=\"egwlink egwlink_book\" title=\"ETI Cup-bearer.2\" data-link=\"14147.2714\">ETI Cup-bearer.2</span>; <span class=\"egwlink egwlink_book\" title=\"SBD Butler.2\" data-link=\"14148.1667\">SBD Butler.2</span>; <span class=\"egwlink egwlink_book\" title=\"SBD Wine.2\" data-link=\"14148.8804\">SBD Wine.2</span>; <span class=\"egwlink egwlink_book\" title=\"HCon (559).42\" data-link=\"14170.559042\">HCon (559).42</span>; <span class=\"egwlink egwlink_book\" title=\"HCon (3117).19\" data-link=\"14170.3117019\">HCon (3117).19</span>; <span class=\"egwlink egwlink_book\" title=\"HCon (3130).2\" data-link=\"14170.3130002\">HCon (3130).2</span>; <span class=\"egwlink egwlink_book\" title=\"HCon (6623).2\" data-link=\"14170.6623002\">HCon (6623).2</span>; <span class=\"egwlink egwlink_book\" title=\"HCon (7969).6\" data-link=\"14170.7969006\">HCon (7969).6</span>; <span class=\"egwlink egwlink_book\" title=\"HCon (8299).2\" data-link=\"14170.8299002\">HCon (8299).2</span>",
    "puborder": 2412,
    "translations": []
  },
  {
    "para_id": "14338.2413",
    "id_prev": "14338.2412",
    "id_next": "14338.2414",
    "refcode_1": "DSI",
    "refcode_2": "Genesis",
    "refcode_3": "40",
    "refcode_4": "13",
    "refcode_short": "DSI, Genesis 40:13",
    "refcode_long": "Dictionaries Scripture Index, Genesis 40:13",
    "element_type": "h4",
    "element_subtype": "",
    "content": "13",
    "puborder": 2413,
    "translations": []
  },
  {
    "para_id": "14338.2414",
    "id_prev": "14338.2413",
    "id_next": "14338.2415",
    "refcode_1": "DSI",
    "refcode_2": "Genesis",
    "refcode_3": "40",
    "refcode_4": "13",
    "refcode_short": "DSI, Genesis 40:13",
    "refcode_long": "Dictionaries Scripture Index, Genesis 40:13",
    "element_type": "p",
    "element_subtype": "standard-noindent",
    "content": "<span class=\"egwlink egwlink_book\" title=\"NWAD LIFT.17\" data-link=\"1843.75406\">NWAD LIFT.17</span>; <span class=\"egwlink egwlink_book\" title=\"NWAD RESTORE.5\" data-link=\"1843.108648\">NWAD RESTORE.5</span>; <span class=\"egwlink egwlink_book\" title=\"ETI Butler.2\" data-link=\"14147.1956\">ETI Butler.2</span>; <span class=\"egwlink egwlink_book\" title=\"ETI Cup-bearer.2\" data-link=\"14147.2714\">ETI Cup-bearer.2</span>; <span class=\"egwlink egwlink_book\" title=\"SBD Butler.2\" data-link=\"14148.1667\">SBD Butler.2</span>; <span class=\"egwlink egwlink_book\" title=\"HCon (3027).27\" data-link=\"14170.3027027\">HCon (3027).27</span>; <span class=\"egwlink egwlink_book\" title=\"HCon (3117).19\" data-link=\"14170.3117019\">HCon (3117).19</span>; <span class=\"egwlink egwlink_book\" title=\"HCon (3563).2\" data-link=\"14170.3563002\">HCon (3563).2</span>; <span class=\"egwlink egwlink_book\" title=\"HCon (3653).6\" data-link=\"14170.3653006\">HCon (3653).6</span>; <span class=\"egwlink egwlink_book\" title=\"HCon (4941).24\" data-link=\"14170.4941024\">HCon (4941).24</span>; <span class=\"egwlink egwlink_book\" title=\"HCon (5375).75\" data-link=\"14170.5375075\">HCon (5375).75</span>; <span class=\"egwlink egwlink_book\" title=\"HCon (5414).30\" data-link=\"14170.5414030\">HCon (5414).30</span>; <span class=\"egwlink egwlink_book\" title=\"HCon (5750).21\" data-link=\"14170.5750021\">HCon (5750).21</span>; <span class=\"egwlink egwlink_book\" title=\"HCon (6547).2\" data-link=\"14170.6547002\">HCon (6547).2</span>; <span class=\"egwlink egwlink_book\" title=\"HCon (6547).3\" data-link=\"14170.6547003\">HCon (6547).3</span>; <span class=\"egwlink egwlink_book\" title=\"HCon (7218).17\" data-link=\"14170.7218017\">HCon (7218).17</span>; <span class=\"egwlink egwlink_book\" title=\"HCon (7223).12\" data-link=\"14170.7223012\">HCon (7223).12</span>; <span class=\"egwlink egwlink_book\" title=\"HCon (7725).58\" data-link=\"14170.7725058\">HCon (7725).58</span>; <span class=\"egwlink egwlink_book\" title=\"HCon (7969).6\" data-link=\"14170.7969006\">HCon (7969).6</span>; <span class=\"egwlink egwlink_book\" title=\"HCon (8248).2\" data-link=\"14170.8248002\">HCon (8248).2</span>",
    "puborder": 2414,
    "translations": []
  },
  {
    "para_id": "14338.2415",
    "id_prev": "14338.2414",
    "id_next": "14338.2416",
    "refcode_1": "DSI",
    "refcode_2": "Genesis",
    "refcode_3": "40",
    "refcode_4": "14",
    "refcode_short": "DSI, Genesis 40:14",
    "refcode_long": "Dictionaries Scripture Index, Genesis 40:14",
    "element_type": "h4",
    "element_subtype": "",
    "content": "14",
    "puborder": 2415,
    "translations": []
  },
  {
    "para_id": "14338.2416",
    "id_prev": "14338.2415",
    "id_next": "14338.2417",
    "refcode_1": "DSI",
    "refcode_2": "Genesis",
    "refcode_3": "40",
    "refcode_4": "14",
    "refcode_short": "DSI, Genesis 40:14",
    "refcode_long": "Dictionaries Scripture Index, Genesis 40:14",
    "element_type": "p",
    "element_subtype": "standard-noindent",
    "content": "<span class=\"egwlink egwlink_book\" title=\"ETI Cup-bearer.2\" data-link=\"14147.2714\">ETI Cup-bearer.2</span>; <span class=\"egwlink egwlink_book\" title=\"HCon (1004).16\" data-link=\"14170.1004016\">HCon (1004).16</span>; <span class=\"egwlink egwlink_book\" title=\"HCon (2142).5\" data-link=\"14170.2142005\">HCon (2142).5</span>; <span class=\"egwlink egwlink_book\" title=\"HCon (2142).18\" data-link=\"14170.2142018\">HCon (2142).18</span>; <span class=\"egwlink egwlink_book\" title=\"HCon (2617).7\" data-link=\"14170.2617007\">HCon (2617).7</span>; <span class=\"egwlink egwlink_book\" title=\"HCon (3190).35\" data-link=\"14170.3190035\">HCon (3190).35</span>; <span class=\"egwlink egwlink_book\" title=\"HCon (3318).37\" data-link=\"14170.3318037\">HCon (3318).37</span>; <span class=\"egwlink egwlink_book\" title=\"HCon (6213).118\" data-link=\"14170.6213118\">HCon (6213).118</span>; <span class=\"egwlink egwlink_book\" title=\"HCon (6547).2\" data-link=\"14170.6547002\">HCon (6547).2</span>",
    "puborder": 2416,
    "translations": []
  },
  {
    "para_id": "14338.2417",
    "id_prev": "14338.2416",
    "id_next": "14338.2418",
    "refcode_1": "DSI",
    "refcode_2": "Genesis",
    "refcode_3": "40",
    "refcode_4": "15",
    "refcode_short": "DSI, Genesis 40:15",
    "refcode_long": "Dictionaries Scripture Index, Genesis 40:15",
    "element_type": "h4",
    "element_subtype": "",
    "content": "15",
    "puborder": 2417,
    "translations": []
  },
  {
    "para_id": "14338.2418",
    "id_prev": "14338.2417",
    "id_next": "14338.2419",
    "refcode_1": "DSI",
    "refcode_2": "Genesis",
    "refcode_3": "40",
    "refcode_4": "15",
    "refcode_short": "DSI, Genesis 40:15",
    "refcode_long": "Dictionaries Scripture Index, Genesis 40:15",
    "element_type": "p",
    "element_subtype": "standard-noindent",
    "content": "<span class=\"egwlink egwlink_book\" title=\"ETI Cup-bearer.2\" data-link=\"14147.2714\">ETI Cup-bearer.2</span>; <span class=\"egwlink egwlink_book\" title=\"ETI Hebrew.2\" data-link=\"14147.5096\">ETI Hebrew.2</span>; <span class=\"egwlink egwlink_book\" title=\"ETI Jew.4\" data-link=\"14147.6226\">ETI Jew.4</span>; <span class=\"egwlink egwlink_book\" title=\"ETI Palestine.3\" data-link=\"14147.8536\">ETI Palestine.3</span>; <span class=\"egwlink egwlink_book\" title=\"HCon (776).10\" data-link=\"14170.776010\">HCon (776).10</span>; <span class=\"egwlink egwlink_book\" title=\"HCon (953).3\" data-link=\"14170.953003\">HCon (953).3</span>; <span class=\"egwlink egwlink_book\" title=\"HCon (1589).2\" data-link=\"14170.1589002\">HCon (1589).2</span>; <span class=\"egwlink egwlink_book\" title=\"HCon (1589).4\" data-link=\"14170.1589004\">HCon (1589).4</span>; <span class=\"egwlink egwlink_book\" title=\"HCon (3808).24\" data-link=\"14170.3808024\">HCon (3808).24</span>; <span class=\"egwlink egwlink_book\" title=\"HCon (3972).9\" data-link=\"14170.3972009\">HCon (3972).9</span>; <span class=\"egwlink egwlink_book\" title=\"HCon (5680).4\" data-link=\"14170.5680004\">HCon (5680).4</span>; <span class=\"egwlink egwlink_book\" title=\"HCon (6213).36\" data-link=\"14170.6213036\">HCon (6213).36</span>; <span class=\"egwlink egwlink_book\" title=\"HCon (7760).53\" data-link=\"14170.7760053\">HCon (7760).53</span>",
    "puborder": 2418,
    "translations": []
  },
  {
    "para_id": "14338.2419",
    "id_prev": "14338.2418",
    "id_next": "14338.2420",
    "refcode_1": "DSI",
    "refcode_2": "Genesis",
    "refcode_3": "40",
    "refcode_4": "16",
    "refcode_short": "DSI, Genesis 40:16",
    "refcode_long": "Dictionaries Scripture Index, Genesis 40:16",
    "element_type": "h4",
    "element_subtype": "",
    "content": "16",
    "puborder": 2419,
    "translations": []
  },
  {
    "para_id": "14338.2420",
    "id_prev": "14338.2419",
    "id_next": "14338.2421",
    "refcode_1": "DSI",
    "refcode_2": "Genesis",
    "refcode_3": "40",
    "refcode_4": "16",
    "refcode_short": "DSI, Genesis 40:16",
    "refcode_long": "Dictionaries Scripture Index, Genesis 40:16",
    "element_type": "p",
    "element_subtype": "standard-noindent",
    "content": "<span class=\"egwlink egwlink_book\" title=\"ETI Basket.3\" data-link=\"14147.1389\">ETI Basket.3</span>; <span class=\"egwlink egwlink_book\" title=\"ETI Cup-bearer.2\" data-link=\"14147.2714\">ETI Cup-bearer.2</span>; <span class=\"egwlink egwlink_book\" title=\"ETI Governor.8\" data-link=\"14147.4594\">ETI Governor.8</span>; <span class=\"egwlink egwlink_book\" title=\"SBD Basket.2\" data-link=\"14148.1185\">SBD Basket.2</span>; <span class=\"egwlink egwlink_book\" title=\"HCon (559).42\" data-link=\"14170.559042\">HCon (559).42</span>; <span class=\"egwlink egwlink_book\" title=\"HCon (637).2\" data-link=\"14170.637002\">HCon (637).2</span>; <span class=\"egwlink egwlink_book\" title=\"HCon (644).5\" data-link=\"14170.644005\">HCon (644).5</span>; <span class=\"egwlink egwlink_book\" title=\"HCon (2472).2\" data-link=\"14170.2472002\">HCon (2472).2</span>; <span class=\"egwlink egwlink_book\" title=\"HCon (2751).2\" data-link=\"14170.2751002\">HCon (2751).2</span>; <span class=\"egwlink egwlink_book\" title=\"HCon (2896).14\" data-link=\"14170.2896014\">HCon (2896).14</span>; <span class=\"egwlink egwlink_book\" title=\"HCon (3130).2\" data-link=\"14170.3130002\">HCon (3130).2</span>; <span class=\"egwlink egwlink_book\" title=\"HCon (5536).3\" data-link=\"14170.5536003\">HCon (5536).3</span>; <span class=\"egwlink egwlink_book\" title=\"HCon (6622).3\" data-link=\"14170.6622003\">HCon (6622).3</span>; <span class=\"egwlink egwlink_book\" title=\"HCon (7200).45\" data-link=\"14170.7200045\">HCon (7200).45</span>; <span class=\"egwlink egwlink_book\" title=\"HCon (7218).17\" data-link=\"14170.7218017\">HCon (7218).17</span>; <span class=\"egwlink egwlink_book\" title=\"HCon (7969).6\" data-link=\"14170.7969006\">HCon (7969).6</span>; <span class=\"egwlink egwlink_book\" title=\"HCon (8269).4\" data-link=\"14170.8269004\">HCon (8269).4</span>",
    "puborder": 2420,
    "translations": []
  },
  {
    "para_id": "14338.2421",
    "id_prev": "14338.2420",
    "id_next": "14338.2422",
    "refcode_1": "DSI",
    "refcode_2": "Genesis",
    "refcode_3": "40",
    "refcode_4": "17",
    "refcode_short": "DSI, Genesis 40:17",
    "refcode_long": "Dictionaries Scripture Index, Genesis 40:17",
    "element_type": "h4",
    "element_subtype": "",
    "content": "17",
    "puborder": 2421,
    "translations": []
  },
  {
    "para_id": "14338.2422",
    "id_prev": "14338.2421",
    "id_next": "14338.2423",
    "refcode_1": "DSI",
    "refcode_2": "Genesis",
    "refcode_3": "40",
    "refcode_4": "17",
    "refcode_short": "DSI, Genesis 40:17",
    "refcode_long": "Dictionaries Scripture Index, Genesis 40:17",
    "element_type": "p",
    "element_subtype": "standard-noindent",
    "content": "<span class=\"egwlink egwlink_book\" title=\"NWAD BAKEMEATS.1\" data-link=\"1843.9873\">NWAD BAKEMEATS.1</span>; <span class=\"egwlink egwlink_book\" title=\"ETI Bake-meats.2\" data-link=\"14147.1253\">ETI Bake-meats.2</span>; <span class=\"egwlink egwlink_book\" title=\"ETI Behead.2\" data-link=\"14147.1491\">ETI Behead.2</span>; <span class=\"egwlink egwlink_book\" title=\"ETI Cup-bearer.2\" data-link=\"14147.2714\">ETI Cup-bearer.2</span>; <span class=\"egwlink egwlink_book\" title=\"HCon (398).15\" data-link=\"14170.398015\">HCon (398).15</span>; <span class=\"egwlink egwlink_book\" title=\"HCon (644).10\" data-link=\"14170.644010\">HCon (644).10</span>; <span class=\"egwlink egwlink_book\" title=\"HCon (3978).2\" data-link=\"14170.3978002\">HCon (3978).2</span>; <span class=\"egwlink egwlink_book\" title=\"HCon (4639).27\" data-link=\"14170.4639027\">HCon (4639).27</span>; <span class=\"egwlink egwlink_book\" title=\"HCon (5536).2\" data-link=\"14170.5536002\">HCon (5536).2</span>; <span class=\"egwlink egwlink_book\" title=\"HCon (5775).3\" data-link=\"14170.5775003\">HCon (5775).3</span>; <span class=\"egwlink egwlink_book\" title=\"HCon (5921).34\" data-link=\"14170.5921034\">HCon (5921).34</span>; <span class=\"egwlink egwlink_book\" title=\"HCon (5945).6\" data-link=\"14170.5945006\">HCon (5945).6</span>; <span class=\"egwlink egwlink_book\" title=\"HCon (6547).2\" data-link=\"14170.6547002\">HCon (6547).2</span>; <span class=\"egwlink egwlink_book\" title=\"HCon (7218).17\" data-link=\"14170.7218017\">HCon (7218).17</span>",
    "puborder": 2422,
    "translations": []
  },
  {
    "para_id": "14338.2423",
    "id_prev": "14338.2422",
    "id_next": "14338.2424",
    "refcode_1": "DSI",
    "refcode_2": "Genesis",
    "refcode_3": "40",
    "refcode_4": "18",
    "refcode_short": "DSI, Genesis 40:18",
    "refcode_long": "Dictionaries Scripture Index, Genesis 40:18",
    "element_type": "h4",
    "element_subtype": "",
    "content": "18",
    "puborder": 2423,
    "translations": []
  },
  {
    "para_id": "14338.2424",
    "id_prev": "14338.2423",
    "id_next": "14338.2425",
    "refcode_1": "DSI",
    "refcode_2": "Genesis",
    "refcode_3": "40",
    "refcode_4": "18",
    "refcode_short": "DSI, Genesis 40:18",
    "refcode_long": "Dictionaries Scripture Index, Genesis 40:18",
    "element_type": "p",
    "element_subtype": "standard-noindent",
    "content": "<span class=\"egwlink egwlink_book\" title=\"ETI Behead.2\" data-link=\"14147.1491\">ETI Behead.2</span>; <span class=\"egwlink egwlink_book\" title=\"ETI Cup-bearer.2\" data-link=\"14147.2714\">ETI Cup-bearer.2</span>; <span class=\"egwlink egwlink_book\" title=\"HCon (559).42\" data-link=\"14170.559042\">HCon (559).42</span>; <span class=\"egwlink egwlink_book\" title=\"HCon (3117).19\" data-link=\"14170.3117019\">HCon (3117).19</span>; <span class=\"egwlink egwlink_book\" title=\"HCon (3130).2\" data-link=\"14170.3130002\">HCon (3130).2</span>; <span class=\"egwlink egwlink_book\" title=\"HCon (5536).3\" data-link=\"14170.5536003\">HCon (5536).3</span>; <span class=\"egwlink egwlink_book\" title=\"HCon (6030).5\" data-link=\"14170.6030005\">HCon (6030).5</span>; <span class=\"egwlink egwlink_book\" title=\"HCon (6623).2\" data-link=\"14170.6623002\">HCon (6623).2</span>; <span class=\"egwlink egwlink_book\" title=\"HCon (7969).6\" data-link=\"14170.7969006\">HCon (7969).6</span>",
    "puborder": 2424,
    "translations": []
  },
  {
    "para_id": "14338.2425",
    "id_prev": "14338.2424",
    "id_next": "14338.2426",
    "refcode_1": "DSI",
    "refcode_2": "Genesis",
    "refcode_3": "40",
    "refcode_4": "19",
    "refcode_short": "DSI, Genesis 40:19",
    "refcode_long": "Dictionaries Scripture Index, Genesis 40:19",
    "element_type": "h4",
    "element_subtype": "",
    "content": "19",
    "puborder": 2425,
    "translations": []
  },
  {
    "para_id": "14338.2426",
    "id_prev": "14338.2425",
    "id_next": "14338.2427",
    "refcode_1": "DSI",
    "refcode_2": "Genesis",
    "refcode_3": "40",
    "refcode_4": "19",
    "refcode_short": "DSI, Genesis 40:19",
    "refcode_long": "Dictionaries Scripture Index, Genesis 40:19",
    "element_type": "p",
    "element_subtype": "standard-noindent",
    "content": "<span class=\"egwlink egwlink_book\" title=\"ETI Behead.2\" data-link=\"14147.1491\">ETI Behead.2</span>; <span class=\"egwlink egwlink_book\" title=\"ETI Cup-bearer.2\" data-link=\"14147.2714\">ETI Cup-bearer.2</span>; <span class=\"egwlink egwlink_book\" title=\"ETI Gallows.2\" data-link=\"14147.4244\">ETI Gallows.2</span>; <span class=\"egwlink egwlink_book\" title=\"SBD Crucifixion.2\" data-link=\"14148.2168\">SBD Crucifixion.2</span>; <span class=\"egwlink egwlink_book\" title=\"HCon (398).15\" data-link=\"14170.398015\">HCon (398).15</span>; <span class=\"egwlink egwlink_book\" title=\"HCon (1320).3\" data-link=\"14170.1320003\">HCon (1320).3</span>; <span class=\"egwlink egwlink_book\" title=\"HCon (3117).19\" data-link=\"14170.3117019\">HCon (3117).19</span>; <span class=\"egwlink egwlink_book\" title=\"HCon (5375).75\" data-link=\"14170.5375075\">HCon (5375).75</span>; <span class=\"egwlink egwlink_book\" title=\"HCon (5775).3\" data-link=\"14170.5775003\">HCon (5775).3</span>; <span class=\"egwlink egwlink_book\" title=\"HCon (6086).13\" data-link=\"14170.6086013\">HCon (6086).13</span>; <span class=\"egwlink egwlink_book\" title=\"HCon (6547).2\" data-link=\"14170.6547002\">HCon (6547).2</span>; <span class=\"egwlink egwlink_book\" title=\"HCon (7218).17\" data-link=\"14170.7218017\">HCon (7218).17</span>; <span class=\"egwlink egwlink_book\" title=\"HCon (7969).6\" data-link=\"14170.7969006\">HCon (7969).6</span>; <span class=\"egwlink egwlink_book\" title=\"HCon (8518).2\" data-link=\"14170.8518002\">HCon (8518).2</span>",
    "puborder": 2426,
    "translations": []
  },
  {
    "para_id": "14338.2427",
    "id_prev": "14338.2426",
    "id_next": "14338.2428",
    "refcode_1": "DSI",
    "refcode_2": "Genesis",
    "refcode_3": "40",
    "refcode_4": "20",
    "refcode_short": "DSI, Genesis 40:20",
    "refcode_long": "Dictionaries Scripture Index, Genesis 40:20",
    "element_type": "h4",
    "element_subtype": "",
    "content": "20",
    "puborder": 2427,
    "translations": []
  },
  {
    "para_id": "14338.2428",
    "id_prev": "14338.2427",
    "id_next": "14338.2429",
    "refcode_1": "DSI",
    "refcode_2": "Genesis",
    "refcode_3": "40",
    "refcode_4": "20",
    "refcode_short": "DSI, Genesis 40:20",
    "refcode_long": "Dictionaries Scripture Index, Genesis 40:20",
    "element_type": "p",
    "element_subtype": "standard-noindent",
    "content": "<span class=\"egwlink egwlink_book\" title=\"NWAD FEAST.3\" data-link=\"1843.48592\">NWAD FEAST.3</span>; <span class=\"egwlink egwlink_book\" title=\"ETI Banquet.5\" data-link=\"14147.1294\">ETI Banquet.5</span>; <span class=\"egwlink egwlink_book\" title=\"ETI Birth-day.2\" data-link=\"14147.1707\">ETI Birth-day.2</span>; <span class=\"egwlink egwlink_book\" title=\"ETI Cup-bearer.2\" data-link=\"14147.2714\">ETI Cup-bearer.2</span>; <span class=\"egwlink egwlink_book\" title=\"ETI Feast.2\" data-link=\"14147.3936\">ETI Feast.2</span>; <span class=\"egwlink egwlink_book\" title=\"SBD Banquets.2\" data-link=\"14148.1135\">SBD Banquets.2</span>; <span class=\"egwlink egwlink_book\" title=\"SBD Birthday.2\" data-link=\"14148.1543\">SBD Birthday.2</span>; <span class=\"egwlink egwlink_book\" title=\"HCon (644).5\" data-link=\"14170.644005\">HCon (644).5</span>; <span class=\"egwlink egwlink_book\" title=\"HCon (3117).8\" data-link=\"14170.3117008\">HCon (3117).8</span>; <span class=\"egwlink egwlink_book\" title=\"HCon (3117).13\" data-link=\"14170.3117013\">HCon (3117).13</span>; <span class=\"egwlink egwlink_book\" title=\"HCon (3205).35\" data-link=\"14170.3205035\">HCon (3205).35</span>; <span class=\"egwlink egwlink_book\" title=\"HCon (4960).5\" data-link=\"14170.4960005\">HCon (4960).5</span>; <span class=\"egwlink egwlink_book\" title=\"HCon (5375).75\" data-link=\"14170.5375075\">HCon (5375).75</span>; <span class=\"egwlink egwlink_book\" title=\"HCon (5650).12\" data-link=\"14170.5650012\">HCon (5650).12</span>; <span class=\"egwlink egwlink_book\" title=\"HCon (6213).76\" data-link=\"14170.6213076\">HCon (6213).76</span>; <span class=\"egwlink egwlink_book\" title=\"HCon (6547).3\" data-link=\"14170.6547003\">HCon (6547).3</span>; <span class=\"egwlink egwlink_book\" title=\"HCon (7218).17\" data-link=\"14170.7218017\">HCon (7218).17</span>; <span class=\"egwlink egwlink_book\" title=\"HCon (7218).23\" data-link=\"14170.7218023\">HCon (7218).23</span>; <span class=\"egwlink egwlink_book\" title=\"HCon (7992).4\" data-link=\"14170.7992004\">HCon (7992).4</span>; <span class=\"egwlink egwlink_book\" title=\"HCon (8248).2\" data-link=\"14170.8248002\">HCon (8248).2</span>; <span class=\"egwlink egwlink_book\" title=\"HCon (8269).4\" data-link=\"14170.8269004\">HCon (8269).4</span>; <span class=\"egwlink egwlink_book\" title=\"HCon (8432).2\" data-link=\"14170.8432002\">HCon (8432).2</span>",
    "puborder": 2428,
    "translations": []
  },
  {
    "para_id": "14338.2429",
    "id_prev": "14338.2428",
    "id_next": "14338.2430",
    "refcode_1": "DSI",
    "refcode_2": "Genesis",
    "refcode_3": "40",
    "refcode_4": "21",
    "refcode_short": "DSI, Genesis 40:21",
    "refcode_long": "Dictionaries Scripture Index, Genesis 40:21",
    "element_type": "h4",
    "element_subtype": "",
    "content": "21",
    "puborder": 2429,
    "translations": []
  },
  {
    "para_id": "14338.2430",
    "id_prev": "14338.2429",
    "id_next": "14338.2431",
    "refcode_1": "DSI",
    "refcode_2": "Genesis",
    "refcode_3": "40",
    "refcode_4": "21",
    "refcode_short": "DSI, Genesis 40:21",
    "refcode_long": "Dictionaries Scripture Index, Genesis 40:21",
    "element_type": "p",
    "element_subtype": "standard-noindent",
    "content": "<span class=\"egwlink egwlink_book\" title=\"NWAD BUTLERSHIP.1\" data-link=\"1843.16690\">NWAD BUTLERSHIP.1</span>; <span class=\"egwlink egwlink_book\" title=\"ETI Cup.2\" data-link=\"14147.2710\">ETI Cup.2</span>; <span class=\"egwlink egwlink_book\" title=\"ETI Cup-bearer.2\" data-link=\"14147.2714\">ETI Cup-bearer.2</span>; <span class=\"egwlink egwlink_book\" title=\"SBD Cupbearer.2\" data-link=\"14148.2184\">SBD Cupbearer.2</span>; <span class=\"egwlink egwlink_book\" title=\"HCon (3563).2\" data-link=\"14170.3563002\">HCon (3563).2</span>; <span class=\"egwlink egwlink_book\" title=\"HCon (3709).5\" data-link=\"14170.3709005\">HCon (3709).5</span>; <span class=\"egwlink egwlink_book\" title=\"HCon (4945).2\" data-link=\"14170.4945002\">HCon (4945).2</span>; <span class=\"egwlink egwlink_book\" title=\"HCon (5414).43\" data-link=\"14170.5414043\">HCon (5414).43</span>; <span class=\"egwlink egwlink_book\" title=\"HCon (6547).3\" data-link=\"14170.6547003\">HCon (6547).3</span>; <span class=\"egwlink egwlink_book\" title=\"HCon (7725).59\" data-link=\"14170.7725059\">HCon (7725).59</span>; <span class=\"egwlink egwlink_book\" title=\"HCon (8248).2\" data-link=\"14170.8248002\">HCon (8248).2</span>; <span class=\"egwlink egwlink_book\" title=\"HCon (8269).4\" data-link=\"14170.8269004\">HCon (8269).4</span>",
    "puborder": 2430,
    "translations": []
  },
  {
    "para_id": "14338.2431",
    "id_prev": "14338.2430",
    "id_next": "14338.2432",
    "refcode_1": "DSI",
    "refcode_2": "Genesis",
    "refcode_3": "40",
    "refcode_4": "22",
    "refcode_short": "DSI, Genesis 40:22",
    "refcode_long": "Dictionaries Scripture Index, Genesis 40:22",
    "element_type": "h4",
    "element_subtype": "",
    "content": "22",
    "puborder": 2431,
    "translations": []
  },
  {
    "para_id": "14338.2432",
    "id_prev": "14338.2431",
    "id_next": "14338.2433",
    "refcode_1": "DSI",
    "refcode_2": "Genesis",
    "refcode_3": "40",
    "refcode_4": "22",
    "refcode_short": "DSI, Genesis 40:22",
    "refcode_long": "Dictionaries Scripture Index, Genesis 40:22",
    "element_type": "p",
    "element_subtype": "standard-noindent",
    "content": "<span class=\"egwlink egwlink_book\" title=\"HCon (644).5\" data-link=\"14170.644005\">HCon (644).5</span>; <span class=\"egwlink egwlink_book\" title=\"HCon (3130).2\" data-link=\"14170.3130002\">HCon (3130).2</span>; <span class=\"egwlink egwlink_book\" title=\"HCon (6622).4\" data-link=\"14170.6622004\">HCon (6622).4</span>; <span class=\"egwlink egwlink_book\" title=\"HCon (8269).4\" data-link=\"14170.8269004\">HCon (8269).4</span>; <span class=\"egwlink egwlink_book\" title=\"HCon (8518).3\" data-link=\"14170.8518003\">HCon (8518).3</span>",
    "puborder": 2432,
    "translations": []
  },
  {
    "para_id": "14338.2433",
    "id_prev": "14338.2432",
    "id_next": "14338.2434",
    "refcode_1": "DSI",
    "refcode_2": "Genesis",
    "refcode_3": "40",
    "refcode_4": "23",
    "refcode_short": "DSI, Genesis 40:23",
    "refcode_long": "Dictionaries Scripture Index, Genesis 40:23",
    "element_type": "h4",
    "element_subtype": "",
    "content": "23",
    "puborder": 2433,
    "translations": []
  },
  {
    "para_id": "14338.2434",
    "id_prev": "14338.2433",
    "id_next": "14338.2435",
    "refcode_1": "DSI",
    "refcode_2": "Genesis",
    "refcode_3": "40",
    "refcode_4": "23",
    "refcode_short": "DSI, Genesis 40:23",
    "refcode_long": "Dictionaries Scripture Index, Genesis 40:23",
    "element_type": "p",
    "element_subtype": "standard-noindent",
    "content": "<span class=\"egwlink egwlink_book\" title=\"HCon (2142).11\" data-link=\"14170.2142011\">HCon (2142).11</span>; <span class=\"egwlink egwlink_book\" title=\"HCon (3130).2\" data-link=\"14170.3130002\">HCon (3130).2</span>; <span class=\"egwlink egwlink_book\" title=\"HCon (7911).3\" data-link=\"14170.7911003\">HCon (7911).3</span>; <span class=\"egwlink egwlink_book\" title=\"HCon (8248).2\" data-link=\"14170.8248002\">HCon (8248).2</span>; <span class=\"egwlink egwlink_book\" title=\"HCon (8269).4\" data-link=\"14170.8269004\">HCon (8269).4</span>",
    "puborder": 2434,
    "translations": []
  }
]