[
  {
    "para_id": "653.1958",
    "id_prev": "653.1956",
    "id_next": "653.1959",
    "refcode_1": "AGP",
    "refcode_2": "277",
    "refcode_3": "",
    "refcode_4": "",
    "refcode_short": "AGP 277",
    "refcode_long": "The Abiding Gift of Prophecy, p. 277 (Arthur Grosvenor Daniells)",
    "element_type": "h3",
    "element_subtype": "",
    "content": "Chapter 26&mdash;Claims Tested by the Word",
    "puborder": 1648,
    "translations": []
  },
  {
    "para_id": "653.1959",
    "id_prev": "653.1958",
    "id_next": "653.1960",
    "refcode_1": "AGP",
    "refcode_2": "277",
    "refcode_3": "1",
    "refcode_4": "",
    "refcode_short": "AGP 277.1",
    "refcode_long": "The Abiding Gift of Prophecy, p. 277.1 (Arthur Grosvenor Daniells)",
    "element_type": "p",
    "element_subtype": "standard-indented",
    "content": "The claim of anyone to possess the prophetic gift, to receive instruction from heaven through visions and dreams, is not in itself inconsistent, superstitious, or fanatical. It is indeed a very proper claim, fully approved by the Scriptures, <em>whenever and upon whomsoever this gift may actually be bestowed</em>. The words of the Lord are no less true to-day than when uttered three thousand years ago, &ldquo;Hear now My words: If there be a prophet among you, I the Lord will make Myself known unto him in a vision, and will speak unto him in a dream.&rdquo; <span class=\"egwlink egwlink_bible\" title=\"Numbers 12:6\" data-link=\"1965.8266\">Numbers 12:6</span>.",
    "puborder": 1649,
    "translations": []
  },
  {
    "para_id": "653.1960",
    "id_prev": "653.1959",
    "id_next": "653.1961",
    "refcode_1": "AGP",
    "refcode_2": "277",
    "refcode_3": "2",
    "refcode_4": "",
    "refcode_short": "AGP 277.2",
    "refcode_long": "The Abiding Gift of Prophecy, p. 277.2 (Arthur Grosvenor Daniells)",
    "element_type": "p",
    "element_subtype": "standard-indented",
    "content": "No man can make himself a prophet. No body of men, however authoritative in the church, can elect another to that sacred office. He must receive the prophetic <em>gift</em>&mdash;a gift which only God can bestow. Hence a person becomes a prophet only when the Lord, through the Holy Spirit, imparts to that person the prophetic gift. The gift of prophecy, bestowed from the beginning, has never been withdrawn from the race. There have been times when it has not been openly or widely manifested. But following periods when it has appeared to be inoperative, it has reappeared, and often in a very pronounced manner.",
    "puborder": 1650,
    "translations": []
  },
  {
    "para_id": "653.1961",
    "id_prev": "653.1960",
    "id_next": "653.1962",
    "refcode_1": "AGP",
    "refcode_2": "277",
    "refcode_3": "3",
    "refcode_4": "",
    "refcode_short": "AGP 277.3",
    "refcode_long": "The Abiding Gift of Prophecy, p. 277.3 (Arthur Grosvenor Daniells)",
    "element_type": "p",
    "element_subtype": "standard-indented",
    "content": "In view of the fact that it was Mrs. Ellen G. White&rsquo;s sincere, unwavering conviction that from the year 1844 to the close of her life divine revelations were given to her through visions and dreams, it is fitting that her claim to the prophetic gift should be tested. It is inconsistent to dismiss the claim as preposterous.",
    "puborder": 1651,
    "translations": []
  },
  {
    "para_id": "653.1962",
    "id_prev": "653.1961",
    "id_next": "653.1963",
    "refcode_1": "AGP",
    "refcode_2": "277",
    "refcode_3": "4",
    "refcode_4": "",
    "refcode_short": "AGP 277.4",
    "refcode_long": "The Abiding Gift of Prophecy, p. 277.4 (Arthur Grosvenor Daniells)",
    "element_type": "p",
    "element_subtype": "standard-indented",
    "content": "The right thing to do, and the Biblical course to pursue, with Mrs. White&rsquo;s claim to the prophetic gift is to examine candidly the evidence upon which those claims are based, for from the earliest times there have been both true and false prophets.",
    "puborder": 1652,
    "translations": []
  },
  {
    "para_id": "653.1963",
    "id_prev": "653.1962",
    "id_next": "653.1964",
    "refcode_1": "AGP",
    "refcode_2": "277",
    "refcode_3": "5",
    "refcode_4": "",
    "refcode_short": "AGP 277.5",
    "refcode_long": "The Abiding Gift of Prophecy, p. 277.5 (Arthur Grosvenor Daniells)",
    "element_type": "p",
    "element_subtype": "standard-indented",
    "content": "She herself has candidly and fearlessly urged the most thorough investigation of her claims. Of her work, she wrote in 1876:",
    "puborder": 1653,
    "translations": []
  },
  {
    "para_id": "653.1964",
    "id_prev": "653.1963",
    "id_next": "653.1967",
    "refcode_1": "AGP",
    "refcode_2": "277",
    "refcode_3": "",
    "refcode_4": "",
    "refcode_short": "",
    "refcode_long": "",
    "element_type": "p",
    "element_subtype": "blockquote-indented",
    "content": "&ldquo;God is either teaching His church, reproving their wrongs and strengthening their faith, or He is not. This work is of God, or it is not. God does nothing in partnership with Satan. My work, for the past <span class=\"page-break\" data-page=\"278\"></span> thirty years, bears the stamp of God or the stamp of the enemy. There is no halfway work in the matter. The Testimonies are of the Spirit of God, or of the devil.&rdquo; <span class=\"egwlink egwlink_book\" title=\"4T 230.1\" data-link=\"114.1184\">Testimonies for the Church 4:230</span>.",
    "puborder": 1654,
    "translations": []
  }
]