[
  {
    "para_id": "653.230",
    "id_prev": "653.229",
    "id_next": "653.231",
    "refcode_1": "AGP",
    "refcode_2": "37",
    "refcode_3": "",
    "refcode_4": "",
    "refcode_short": "AGP 37",
    "refcode_long": "The Abiding Gift of Prophecy, p. 37 (Arthur Grosvenor Daniells)",
    "element_type": "h4",
    "element_subtype": "",
    "content": "Instruction to Our First Parents",
    "puborder": 192,
    "translations": []
  },
  {
    "para_id": "653.231",
    "id_prev": "653.230",
    "id_next": "653.232",
    "refcode_1": "AGP",
    "refcode_2": "37",
    "refcode_3": "3",
    "refcode_4": "",
    "refcode_short": "AGP 37.3",
    "refcode_long": "The Abiding Gift of Prophecy, p. 37.3 (Arthur Grosvenor Daniells)",
    "element_type": "p",
    "element_subtype": "standard-indented",
    "content": "With this comforting information and hope, our first parents went forth from the presence of God and their heavenly associates. They were now in the enemy&rsquo;s land&mdash;in the dominion Satan had wrested from them, and in which he had established his kingdom of rebellion. Here they were to witness the cruel outworking of sin. Yet through the long dark night of the reign of sin there would be shining clear rays from the world of light from which they had been expelled. There was to be manifested in their behalf the mighty power of God, redeeming them from the power of sin. Thus they were &ldquo;prisoners of hope.&rdquo; <span class=\"egwlink egwlink_bible\" title=\"Zechariah 9:12\" data-link=\"1965.46983\">Zechariah 9:12</span>.",
    "puborder": 193,
    "translations": []
  },
  {
    "para_id": "653.232",
    "id_prev": "653.231",
    "id_next": "653.233",
    "refcode_1": "AGP",
    "refcode_2": "37",
    "refcode_3": "4",
    "refcode_4": "",
    "refcode_short": "AGP 37.4",
    "refcode_long": "The Abiding Gift of Prophecy, p. 37.4 (Arthur Grosvenor Daniells)",
    "element_type": "p",
    "element_subtype": "standard-indented",
    "content": "The purpose of God for their redemption they had heard declared in Eden, and, now outside its gates, they must have it clearly, fully, and promptly set forth. This was imperative if they were to start right and keep right. Surely the Lord would cause them to understand His great plan of salvation. He would not leave them in the enemy&rsquo;s land in ignorance, uncertainty, and peril, without communicating with them.",
    "puborder": 194,
    "translations": []
  },
  {
    "para_id": "653.233",
    "id_prev": "653.232",
    "id_next": "653.235",
    "refcode_1": "AGP",
    "refcode_2": "37",
    "refcode_3": "5",
    "refcode_4": "",
    "refcode_short": "AGP 37.5",
    "refcode_long": "The Abiding Gift of Prophecy, p. 37.5 (Arthur Grosvenor Daniells)",
    "element_type": "p",
    "element_subtype": "standard-indented",
    "content": "An abundance of evidence indicates that the Lord began at once to unfold to this sorrowing pair His plan to redeem them, to bring them back to the beautiful Edenic home they had lost. How was this instruction given? The relation to their Creator",
    "puborder": 195,
    "translations": []
  },
  {
    "para_id": "653.235",
    "id_prev": "653.233",
    "id_next": "653.236",
    "refcode_1": "AGP",
    "refcode_2": "38",
    "refcode_3": "1",
    "refcode_4": "",
    "refcode_short": "AGP 38.1",
    "refcode_long": "The Abiding Gift of Prophecy, p. 38.1 (Arthur Grosvenor Daniells)",
    "element_type": "p",
    "element_subtype": "standard-noindent",
    "content": "was entirely changed. Consider the situation. They could no longer see Him face to face, nor have open communion with Him. Are we not driven to the conclusion that then, in their time of great need, the Lord began to make Himself and His purposes known through the divinely appointed gift of prophecy? Was it not at that time that the prophetic gift was graciously imparted to the human family? This appears evident from the following inspired statement by Zacharias at the birth of his son, John the Baptist: &ldquo;Zacharias was filled with the Holy Ghost, and prophesied, saying, Blessed be the Lord God of Israel; for He hath visited and redeemed His people, and hath raised up an horn of salvation for us in the house of His servant David; as He spake by the mouth of His holy prophets, which have been since the world began: that we should be saved from our enemies, and from the hand of all that hate us; … that He would grant unto us, that we being delivered out of the hand of our enemies might serve Him without fear, in holiness and righteousness before Him, all the days of our life.&rdquo; <span class=\"egwlink egwlink_bible\" title=\"Luke 1:67\" data-link=\"1965.50939\">Luke 1:67-75</span>.",
    "puborder": 196,
    "translations": []
  }
]