[
  {
    "para_id": "653.1898",
    "id_prev": "653.1897",
    "id_next": "653.1899",
    "refcode_1": "AGP",
    "refcode_2": "269",
    "refcode_3": "",
    "refcode_4": "",
    "refcode_short": "AGP 269",
    "refcode_long": "The Abiding Gift of Prophecy, p. 269 (Arthur Grosvenor Daniells)",
    "element_type": "h4",
    "element_subtype": "",
    "content": "Her First Public Prayer",
    "puborder": 1597,
    "translations": []
  },
  {
    "para_id": "653.1899",
    "id_prev": "653.1898",
    "id_next": "653.1900",
    "refcode_1": "AGP",
    "refcode_2": "269",
    "refcode_3": "2",
    "refcode_4": "",
    "refcode_short": "AGP 269.2",
    "refcode_long": "The Abiding Gift of Prophecy, p. 269.2 (Arthur Grosvenor Daniells)",
    "element_type": "p",
    "element_subtype": "standard-indented",
    "content": "From this pitiful anxiety she was at length relieved through a comforting dream and the counsel and prayers of a godly minister. But again came the impression of duty to take part in the prayer meeting. That evening the opportunity came. Tremblingly she bowed with the little group, and soon she lifted up her voice in prayer. Of this act of obedience to the voice of the Spirit she says:",
    "puborder": 1598,
    "translations": []
  },
  {
    "para_id": "653.1900",
    "id_prev": "653.1899",
    "id_next": "653.1901",
    "refcode_1": "AGP",
    "refcode_2": "269",
    "refcode_3": "",
    "refcode_4": "",
    "refcode_short": "",
    "refcode_long": "",
    "element_type": "p",
    "element_subtype": "blockquote-indented",
    "content": "&ldquo;As I prayed, the burden and agony of soul that I had endured so long, left me, and the blessing of the Lord descended upon me like the gentle dew. I praised God from the depths of my heart. Everything seemed shut out from me but Jesus and His glory.&rdquo;&mdash;<span class=\"egwlink egwlink_book\" title=\"MH 159.1\" data-link=\"135.745\">The Ministry of Healing, 159</span>.",
    "puborder": 1599,
    "translations": []
  },
  {
    "para_id": "653.1901",
    "id_prev": "653.1900",
    "id_next": "653.1903",
    "refcode_1": "AGP",
    "refcode_2": "269",
    "refcode_3": "3",
    "refcode_4": "",
    "refcode_short": "AGP 269.3",
    "refcode_long": "The Abiding Gift of Prophecy, p. 269.3 (Arthur Grosvenor Daniells)",
    "element_type": "p",
    "element_subtype": "standard-indented",
    "content": "The following night, in the meeting of the advent believers, she very impressively bore testimony to her experience. This",
    "puborder": 1600,
    "translations": []
  },
  {
    "para_id": "653.1903",
    "id_prev": "653.1901",
    "id_next": "653.1904",
    "refcode_1": "AGP",
    "refcode_2": "270",
    "refcode_3": "1",
    "refcode_4": "",
    "refcode_short": "AGP 270.1",
    "refcode_long": "The Abiding Gift of Prophecy, p. 270.1 (Arthur Grosvenor Daniells)",
    "element_type": "p",
    "element_subtype": "standard-noindent",
    "content": "was the beginning of her public acknowledgment of Christ, coupled with earnest appeals for consecration.",
    "puborder": 1601,
    "translations": []
  },
  {
    "para_id": "653.1904",
    "id_prev": "653.1903",
    "id_next": "653.1905",
    "refcode_1": "AGP",
    "refcode_2": "270",
    "refcode_3": "2",
    "refcode_4": "",
    "refcode_short": "AGP 270.2",
    "refcode_long": "The Abiding Gift of Prophecy, p. 270.2 (Arthur Grosvenor Daniells)",
    "element_type": "p",
    "element_subtype": "standard-indented",
    "content": "Not long after this she was invited to relate her experience at the Christian church in Portland, at a conference of believers. As she told in a simple way of her wonderful deliverance from the bondage of doubt and despair, &ldquo;the melting power of the Lord came upon the assembled people. Many were weeping and praising God. Sinners were invited to arise for prayers, and many responded to the call.&rdquo; <span class=\"egwlink egwlink_book\" title=\"MH 162.1\" data-link=\"135.763\">The Ministry of Healing, 162</span>.",
    "puborder": 1602,
    "translations": []
  }
]