[
  {
    "para_id": "653.1977",
    "id_prev": "653.1976",
    "id_next": "653.1978",
    "refcode_1": "AGP",
    "refcode_2": "279",
    "refcode_3": "",
    "refcode_4": "",
    "refcode_short": "AGP 279",
    "refcode_long": "The Abiding Gift of Prophecy, p. 279 (Arthur Grosvenor Daniells)",
    "element_type": "h4",
    "element_subtype": "",
    "content": "Harmony With the Word Imperative",
    "puborder": 1664,
    "translations": []
  },
  {
    "para_id": "653.1978",
    "id_prev": "653.1977",
    "id_next": "653.1979",
    "refcode_1": "AGP",
    "refcode_2": "279",
    "refcode_3": "4",
    "refcode_4": "",
    "refcode_short": "AGP 279.4",
    "refcode_long": "The Abiding Gift of Prophecy, p. 279.4 (Arthur Grosvenor Daniells)",
    "element_type": "p",
    "element_subtype": "standard-indented",
    "content": "Another vitally important test is given by the prophet Isaiah. Referring to claimants of supernatural gifts, he says: &ldquo;To the law and to the testimony: if they speak not according to this word, it is because there is no light in them.&rdquo; <span class=\"egwlink egwlink_bible\" title=\"Isaiah 8:20\" data-link=\"1965.36367\">Isaiah 8:20</span>. That is very explicit, and very conclusive. The law and the testimony represent the Scriptures of truth, given &ldquo;by inspiration of God,&rdquo; the truths which &ldquo;holy men of God spake as they were moved by the Holy Ghost.&rdquo; <span class=\"egwlink egwlink_bible\" title=\"2 Timothy 3:16\" data-link=\"1965.60924\">2 Timothy 3:16</span>; <span class=\"egwlink egwlink_bible\" title=\"2 Peter 1:21\" data-link=\"1965.62221\">2 Peter 1:21</span>.",
    "puborder": 1665,
    "translations": []
  },
  {
    "para_id": "653.1979",
    "id_prev": "653.1978",
    "id_next": "653.1980",
    "refcode_1": "AGP",
    "refcode_2": "279",
    "refcode_3": "5",
    "refcode_4": "",
    "refcode_short": "AGP 279.5",
    "refcode_long": "The Abiding Gift of Prophecy, p. 279.5 (Arthur Grosvenor Daniells)",
    "element_type": "p",
    "element_subtype": "standard-indented",
    "content": "The tests just enumerated are vital and fundamental. The utterances of one who claims direct instruction from God by visions and dreams must be <em>true,</em> and they must be <em>in harmony with the inspired word of God</em>.",
    "puborder": 1666,
    "translations": []
  },
  {
    "para_id": "653.1980",
    "id_prev": "653.1979",
    "id_next": "653.1982",
    "refcode_1": "AGP",
    "refcode_2": "279",
    "refcode_3": "6",
    "refcode_4": "",
    "refcode_short": "AGP 279.6",
    "refcode_long": "The Abiding Gift of Prophecy, p. 279.6 (Arthur Grosvenor Daniells)",
    "element_type": "p",
    "element_subtype": "standard-indented",
    "content": "The giving of the first vision to Mrs. White in December, 1844, was the beginning of a long period of most intimate communion with God on her part. She passed away July 16, 1915,&mdash;almost seventy-one years after receiving this first view. During that long life of service she remained true to God, an untiring student of His word, and marvelously loyal to the light revealed to her in that first vision of the travels of the advent people to",
    "puborder": 1667,
    "translations": []
  },
  {
    "para_id": "653.1982",
    "id_prev": "653.1980",
    "id_next": "653.1983",
    "refcode_1": "AGP",
    "refcode_2": "280",
    "refcode_3": "1",
    "refcode_4": "",
    "refcode_short": "AGP 280.1",
    "refcode_long": "The Abiding Gift of Prophecy, p. 280.1 (Arthur Grosvenor Daniells)",
    "element_type": "p",
    "element_subtype": "standard-noindent",
    "content": "the holy city. The light given at that time was greatly increased through the years. The instruction then given was enlarged a thousandfold through many subsequent visions and dreams. At the close of her life she left a library of more than twenty major volumes of her writings, devoted largely to the various phases of the central truth revealed to her in that first vision. These writings are permeated with Scripture quotations, interpretations, and other evidences of her constant study of the word. Indeed, they are so true to the teachings of the Bible that they challenge the reader to discover any lack of harmony with the Inspired Word. It can be truthfully said that they furnish a vast amount of material by which to test her claims to the possession of the prophetic gift.",
    "puborder": 1668,
    "translations": []
  }
]