[
  {
    "para_id": "14316.28343",
    "id_prev": "14316.28342",
    "id_next": "14316.28344",
    "refcode_1": "BCSI",
    "refcode_2": "Job",
    "refcode_3": "42",
    "refcode_4": "0",
    "refcode_short": "BCSI, Job 42",
    "refcode_long": "Bible Commentaries Scripture Index, Job 42",
    "element_type": "h3",
    "element_subtype": "",
    "content": "Job 42",
    "puborder": 28343,
    "translations": []
  },
  {
    "para_id": "14316.28344",
    "id_prev": "14316.28343",
    "id_next": "14316.28345",
    "refcode_1": "BCSI",
    "refcode_2": "Job",
    "refcode_3": "42",
    "refcode_4": "1",
    "refcode_short": "BCSI, Job 42:1",
    "refcode_long": "Bible Commentaries Scripture Index, Job 42:1",
    "element_type": "h4",
    "element_subtype": "",
    "content": "1",
    "puborder": 28344,
    "translations": []
  },
  {
    "para_id": "14316.28345",
    "id_prev": "14316.28344",
    "id_next": "14316.28346",
    "refcode_1": "BCSI",
    "refcode_2": "Job",
    "refcode_3": "42",
    "refcode_4": "1",
    "refcode_short": "BCSI, Job 42:1",
    "refcode_long": "Bible Commentaries Scripture Index, Job 42:1",
    "element_type": "p",
    "element_subtype": "standard-noindent",
    "content": "<span class=\"egwlink egwlink_book\" title=\"MHBC 479\" data-link=\"14168.3735\">MHBC 479</span>; <span class=\"egwlink egwlink_book\" title=\"MHBC 479.2\" data-link=\"14168.3739\">MHBC 479.2</span>; <span class=\"egwlink egwlink_book\" title=\"MHBCC 458\" data-link=\"14192.9663\">MHBCC 458</span>; <span class=\"egwlink egwlink_book\" title=\"MHBCC 458.20\" data-link=\"14192.9669\">MHBCC 458.20</span>; <span class=\"egwlink egwlink_book\" title=\"MHBCC 458\" data-link=\"14192.9670\">MHBCC 458</span>; <span class=\"egwlink egwlink_book\" title=\"MHBCC 458.21\" data-link=\"14192.9671\">MHBCC 458.21</span>; <span class=\"egwlink egwlink_book\" title=\"MHBCC 478.5\" data-link=\"14192.10140\">MHBCC 478.5</span>; <span class=\"egwlink egwlink_book\" title=\"MHBCC 479\" data-link=\"14192.10146\">MHBCC 479</span>; <span class=\"egwlink egwlink_book\" title=\"MHBCC 479.1\" data-link=\"14192.10147\">MHBCC 479.1</span>; <span class=\"egwlink egwlink_book\" title=\"MHBCC 479\" data-link=\"14192.10148\">MHBCC 479</span>; <span class=\"egwlink egwlink_book\" title=\"MHBCC 479.2\" data-link=\"14192.10149\">MHBCC 479.2</span>; <span class=\"egwlink egwlink_book\" title=\"3SDABC 496\" data-link=\"12516.8531\">3SDABC 496</span>; <span class=\"egwlink egwlink_book\" title=\"3SDABC 609\" data-link=\"12516.11669\">3SDABC 609</span>; <span class=\"egwlink egwlink_book\" title=\"3SDABC 609.14\" data-link=\"12516.11670\">3SDABC 609.14</span>; <span class=\"egwlink egwlink_book\" title=\"3SDABC 610\" data-link=\"12516.11672\">3SDABC 610</span>; <span class=\"egwlink egwlink_book\" title=\"3BC 1141\" data-link=\"92.209\">3BC 1141</span>",
    "puborder": 28345,
    "translations": []
  },
  {
    "para_id": "14316.28346",
    "id_prev": "14316.28345",
    "id_next": "14316.28347",
    "refcode_1": "BCSI",
    "refcode_2": "Job",
    "refcode_3": "42",
    "refcode_4": "2",
    "refcode_short": "BCSI, Job 42:2",
    "refcode_long": "Bible Commentaries Scripture Index, Job 42:2",
    "element_type": "h4",
    "element_subtype": "",
    "content": "2",
    "puborder": 28346,
    "translations": []
  },
  {
    "para_id": "14316.28347",
    "id_prev": "14316.28346",
    "id_next": "14316.28348",
    "refcode_1": "BCSI",
    "refcode_2": "Job",
    "refcode_3": "42",
    "refcode_4": "2",
    "refcode_short": "BCSI, Job 42:2",
    "refcode_long": "Bible Commentaries Scripture Index, Job 42:2",
    "element_type": "p",
    "element_subtype": "standard-noindent",
    "content": "<span class=\"egwlink egwlink_book\" title=\"MHBC 479.2\" data-link=\"14168.3739\">MHBC 479.2</span>; <span class=\"egwlink egwlink_book\" title=\"MHBCC 450\" data-link=\"14192.9443\">MHBCC 450</span>; <span class=\"egwlink egwlink_book\" title=\"MHBCC 458\" data-link=\"14192.9663\">MHBCC 458</span>; <span class=\"egwlink egwlink_book\" title=\"MHBCC 458.20\" data-link=\"14192.9669\">MHBCC 458.20</span>; <span class=\"egwlink egwlink_book\" title=\"MHBCC 458\" data-link=\"14192.9670\">MHBCC 458</span>; <span class=\"egwlink egwlink_book\" title=\"MHBCC 458.22\" data-link=\"14192.9672\">MHBCC 458.22</span>; <span class=\"egwlink egwlink_book\" title=\"MHBCC 468.37\" data-link=\"14192.9910\">MHBCC 468.37</span>; <span class=\"egwlink egwlink_book\" title=\"MHBCC 478.5\" data-link=\"14192.10140\">MHBCC 478.5</span>; <span class=\"egwlink egwlink_book\" title=\"MHBCC 479.1\" data-link=\"14192.10147\">MHBCC 479.1</span>; <span class=\"egwlink egwlink_book\" title=\"MHBCC 479\" data-link=\"14192.10148\">MHBCC 479</span>; <span class=\"egwlink egwlink_book\" title=\"MHBCC 479.3\" data-link=\"14192.10150\">MHBCC 479.3</span>; <span class=\"egwlink egwlink_book\" title=\"MHBCC 941.18\" data-link=\"14192.21656\">MHBCC 941.18</span>; <span class=\"egwlink egwlink_book\" title=\"MHBCC 949.74\" data-link=\"14192.22604\">MHBCC 949.74</span>; <span class=\"egwlink egwlink_book\" title=\"3SDABC 496\" data-link=\"12516.8531\">3SDABC 496</span>; <span class=\"egwlink egwlink_book\" title=\"3SDABC 609\" data-link=\"12516.11669\">3SDABC 609</span>; <span class=\"egwlink egwlink_book\" title=\"3SDABC 610.1\" data-link=\"12516.11673\">3SDABC 610.1</span>; <span class=\"egwlink egwlink_book\" title=\"3SDABC 610\" data-link=\"12516.11674\">3SDABC 610</span>; <span class=\"egwlink egwlink_book\" title=\"3SDABC 983.8\" data-link=\"12516.22268\">3SDABC 983.8</span>; <span class=\"egwlink egwlink_book\" title=\"5SDABC 286.1\" data-link=\"12514.2246\">5SDABC 286.1</span>; <span class=\"egwlink egwlink_book\" title=\"HSDAT 430.2\" data-link=\"12666.4490\">HSDAT 430.2</span>; <span class=\"egwlink egwlink_book\" title=\"3BC 1141\" data-link=\"92.209\">3BC 1141</span>",
    "puborder": 28347,
    "translations": []
  },
  {
    "para_id": "14316.28348",
    "id_prev": "14316.28347",
    "id_next": "14316.28349",
    "refcode_1": "BCSI",
    "refcode_2": "Job",
    "refcode_3": "42",
    "refcode_4": "3",
    "refcode_short": "BCSI, Job 42:3",
    "refcode_long": "Bible Commentaries Scripture Index, Job 42:3",
    "element_type": "h4",
    "element_subtype": "",
    "content": "3",
    "puborder": 28348,
    "translations": []
  },
  {
    "para_id": "14316.28349",
    "id_prev": "14316.28348",
    "id_next": "14316.28350",
    "refcode_1": "BCSI",
    "refcode_2": "Job",
    "refcode_3": "42",
    "refcode_4": "3",
    "refcode_short": "BCSI, Job 42:3",
    "refcode_long": "Bible Commentaries Scripture Index, Job 42:3",
    "element_type": "p",
    "element_subtype": "standard-noindent",
    "content": "<span class=\"egwlink egwlink_book\" title=\"MHBC 479.2\" data-link=\"14168.3739\">MHBC 479.2</span>; <span class=\"egwlink egwlink_book\" title=\"MHBCC 450\" data-link=\"14192.9443\">MHBCC 450</span>; <span class=\"egwlink egwlink_book\" title=\"MHBCC 455.11\" data-link=\"14192.9585\">MHBCC 455.11</span>; <span class=\"egwlink egwlink_book\" title=\"MHBCC 458\" data-link=\"14192.9663\">MHBCC 458</span>; <span class=\"egwlink egwlink_book\" title=\"MHBCC 458.20\" data-link=\"14192.9669\">MHBCC 458.20</span>; <span class=\"egwlink egwlink_book\" title=\"MHBCC 458\" data-link=\"14192.9670\">MHBCC 458</span>; <span class=\"egwlink egwlink_book\" title=\"MHBCC 458.23\" data-link=\"14192.9673\">MHBCC 458.23</span>; <span class=\"egwlink egwlink_book\" title=\"MHBCC 468.37\" data-link=\"14192.9910\">MHBCC 468.37</span>; <span class=\"egwlink egwlink_book\" title=\"MHBCC 475.2\" data-link=\"14192.10059\">MHBCC 475.2</span>; <span class=\"egwlink egwlink_book\" title=\"MHBCC 478.5\" data-link=\"14192.10140\">MHBCC 478.5</span>; <span class=\"egwlink egwlink_book\" title=\"MHBCC 479.1\" data-link=\"14192.10147\">MHBCC 479.1</span>; <span class=\"egwlink egwlink_book\" title=\"MHBCC 479\" data-link=\"14192.10148\">MHBCC 479</span>; <span class=\"egwlink egwlink_book\" title=\"MHBCC 479.4\" data-link=\"14192.10151\">MHBCC 479.4</span>; <span class=\"egwlink egwlink_book\" title=\"2SDABC 385.4\" data-link=\"12511.4845\">2SDABC 385.4</span>; <span class=\"egwlink egwlink_book\" title=\"3SDABC 496\" data-link=\"12516.8531\">3SDABC 496</span>; <span class=\"egwlink egwlink_book\" title=\"3SDABC 516.17\" data-link=\"12516.9044\">3SDABC 516.17</span>; <span class=\"egwlink egwlink_book\" title=\"3SDABC 598.5\" data-link=\"12516.11327\">3SDABC 598.5</span>; <span class=\"egwlink egwlink_book\" title=\"3SDABC 609\" data-link=\"12516.11669\">3SDABC 609</span>; <span class=\"egwlink egwlink_book\" title=\"3SDABC 610.1\" data-link=\"12516.11673\">3SDABC 610.1</span>; <span class=\"egwlink egwlink_book\" title=\"3SDABC 610\" data-link=\"12516.11678\">3SDABC 610</span>; <span class=\"egwlink egwlink_book\" title=\"3SDABC 610.7\" data-link=\"12516.11684\">3SDABC 610.7</span>; <span class=\"egwlink egwlink_book\" title=\"3SDABC 983.8\" data-link=\"12516.22268\">3SDABC 983.8</span>; <span class=\"egwlink egwlink_book\" title=\"3BC 1141\" data-link=\"92.209\">3BC 1141</span>",
    "puborder": 28349,
    "translations": []
  },
  {
    "para_id": "14316.28350",
    "id_prev": "14316.28349",
    "id_next": "14316.28351",
    "refcode_1": "BCSI",
    "refcode_2": "Job",
    "refcode_3": "42",
    "refcode_4": "4",
    "refcode_short": "BCSI, Job 42:4",
    "refcode_long": "Bible Commentaries Scripture Index, Job 42:4",
    "element_type": "h4",
    "element_subtype": "",
    "content": "4",
    "puborder": 28350,
    "translations": []
  },
  {
    "para_id": "14316.28351",
    "id_prev": "14316.28350",
    "id_next": "14316.28352",
    "refcode_1": "BCSI",
    "refcode_2": "Job",
    "refcode_3": "42",
    "refcode_4": "4",
    "refcode_short": "BCSI, Job 42:4",
    "refcode_long": "Bible Commentaries Scripture Index, Job 42:4",
    "element_type": "p",
    "element_subtype": "standard-noindent",
    "content": "<span class=\"egwlink egwlink_book\" title=\"MHBC 479.2\" data-link=\"14168.3739\">MHBC 479.2</span>; <span class=\"egwlink egwlink_book\" title=\"MHBCC 450\" data-link=\"14192.9443\">MHBCC 450</span>; <span class=\"egwlink egwlink_book\" title=\"MHBCC 458\" data-link=\"14192.9663\">MHBCC 458</span>; <span class=\"egwlink egwlink_book\" title=\"MHBCC 458.20\" data-link=\"14192.9669\">MHBCC 458.20</span>; <span class=\"egwlink egwlink_book\" title=\"MHBCC 458\" data-link=\"14192.9670\">MHBCC 458</span>; <span class=\"egwlink egwlink_book\" title=\"MHBCC 458.24\" data-link=\"14192.9674\">MHBCC 458.24</span>; <span class=\"egwlink egwlink_book\" title=\"MHBCC 468.37\" data-link=\"14192.9910\">MHBCC 468.37</span>; <span class=\"egwlink egwlink_book\" title=\"MHBCC 478.5\" data-link=\"14192.10140\">MHBCC 478.5</span>; <span class=\"egwlink egwlink_book\" title=\"MHBCC 479.1\" data-link=\"14192.10147\">MHBCC 479.1</span>; <span class=\"egwlink egwlink_book\" title=\"MHBCC 479\" data-link=\"14192.10148\">MHBCC 479</span>; <span class=\"egwlink egwlink_book\" title=\"MHBCC 479.5\" data-link=\"14192.10152\">MHBCC 479.5</span>; <span class=\"egwlink egwlink_book\" title=\"MHBCC 1009.110\" data-link=\"14192.27276\">MHBCC 1009.110</span>; <span class=\"egwlink egwlink_book\" title=\"MHBCC 1019.42\" data-link=\"14192.28294\">MHBCC 1019.42</span>; <span class=\"egwlink egwlink_book\" title=\"3SDABC 496\" data-link=\"12516.8531\">3SDABC 496</span>; <span class=\"egwlink egwlink_book\" title=\"3SDABC 609\" data-link=\"12516.11669\">3SDABC 609</span>; <span class=\"egwlink egwlink_book\" title=\"3SDABC 610.1\" data-link=\"12516.11673\">3SDABC 610.1</span>; <span class=\"egwlink egwlink_book\" title=\"3SDABC 610\" data-link=\"12516.11683\">3SDABC 610</span>; <span class=\"egwlink egwlink_book\" title=\"3SDABC 983.8\" data-link=\"12516.22268\">3SDABC 983.8</span>; <span class=\"egwlink egwlink_book\" title=\"3BC 1141\" data-link=\"92.209\">3BC 1141</span>",
    "puborder": 28351,
    "translations": []
  },
  {
    "para_id": "14316.28352",
    "id_prev": "14316.28351",
    "id_next": "14316.28353",
    "refcode_1": "BCSI",
    "refcode_2": "Job",
    "refcode_3": "42",
    "refcode_4": "5",
    "refcode_short": "BCSI, Job 42:5",
    "refcode_long": "Bible Commentaries Scripture Index, Job 42:5",
    "element_type": "h4",
    "element_subtype": "",
    "content": "5",
    "puborder": 28352,
    "translations": []
  },
  {
    "para_id": "14316.28353",
    "id_prev": "14316.28352",
    "id_next": "14316.28354",
    "refcode_1": "BCSI",
    "refcode_2": "Job",
    "refcode_3": "42",
    "refcode_4": "5",
    "refcode_short": "BCSI, Job 42:5",
    "refcode_long": "Bible Commentaries Scripture Index, Job 42:5",
    "element_type": "p",
    "element_subtype": "standard-noindent",
    "content": "<span class=\"egwlink egwlink_book\" title=\"MHBC 479.2\" data-link=\"14168.3739\">MHBC 479.2</span>; <span class=\"egwlink egwlink_book\" title=\"MHBCC 450\" data-link=\"14192.9443\">MHBCC 450</span>; <span class=\"egwlink egwlink_book\" title=\"MHBCC 458\" data-link=\"14192.9663\">MHBCC 458</span>; <span class=\"egwlink egwlink_book\" title=\"MHBCC 458.20\" data-link=\"14192.9669\">MHBCC 458.20</span>; <span class=\"egwlink egwlink_book\" title=\"MHBCC 458\" data-link=\"14192.9670\">MHBCC 458</span>; <span class=\"egwlink egwlink_book\" title=\"MHBCC 468.37\" data-link=\"14192.9910\">MHBCC 468.37</span>; <span class=\"egwlink egwlink_book\" title=\"MHBCC 478.5\" data-link=\"14192.10140\">MHBCC 478.5</span>; <span class=\"egwlink egwlink_book\" title=\"MHBCC 479.1\" data-link=\"14192.10147\">MHBCC 479.1</span>; <span class=\"egwlink egwlink_book\" title=\"MHBCC 479\" data-link=\"14192.10148\">MHBCC 479</span>; <span class=\"egwlink egwlink_book\" title=\"MHBCC 479.7\" data-link=\"14192.10154\">MHBCC 479.7</span>; <span class=\"egwlink egwlink_book\" title=\"MHBCC 781.2\" data-link=\"14192.17652\">MHBCC 781.2</span>; <span class=\"egwlink egwlink_book\" title=\"MHBCC 823.22\" data-link=\"14192.18474\">MHBCC 823.22</span>; <span class=\"egwlink egwlink_book\" title=\"1SDABC 596.10\" data-link=\"12515.7696\">1SDABC 596.10</span>; <span class=\"egwlink egwlink_book\" title=\"3SDABC 494.4\" data-link=\"12516.8515\">3SDABC 494.4</span>; <span class=\"egwlink egwlink_book\" title=\"3SDABC 496\" data-link=\"12516.8531\">3SDABC 496</span>; <span class=\"egwlink egwlink_book\" title=\"3SDABC 598.4\" data-link=\"12516.11325\">3SDABC 598.4</span>; <span class=\"egwlink egwlink_book\" title=\"3SDABC 609\" data-link=\"12516.11669\">3SDABC 609</span>; <span class=\"egwlink egwlink_book\" title=\"3SDABC 610.1\" data-link=\"12516.11673\">3SDABC 610.1</span>; <span class=\"egwlink egwlink_book\" title=\"3SDABC 610\" data-link=\"12516.11685\">3SDABC 610</span>; <span class=\"egwlink egwlink_book\" title=\"3SDABC 983.8\" data-link=\"12516.22268\">3SDABC 983.8</span>; <span class=\"egwlink egwlink_book\" title=\"3BC 1141\" data-link=\"92.209\">3BC 1141</span>",
    "puborder": 28353,
    "translations": []
  },
  {
    "para_id": "14316.28354",
    "id_prev": "14316.28353",
    "id_next": "14316.28355",
    "refcode_1": "BCSI",
    "refcode_2": "Job",
    "refcode_3": "42",
    "refcode_4": "6",
    "refcode_short": "BCSI, Job 42:6",
    "refcode_long": "Bible Commentaries Scripture Index, Job 42:6",
    "element_type": "h4",
    "element_subtype": "",
    "content": "6",
    "puborder": 28354,
    "translations": []
  },
  {
    "para_id": "14316.28355",
    "id_prev": "14316.28354",
    "id_next": "14316.28356",
    "refcode_1": "BCSI",
    "refcode_2": "Job",
    "refcode_3": "42",
    "refcode_4": "6",
    "refcode_short": "BCSI, Job 42:6",
    "refcode_long": "Bible Commentaries Scripture Index, Job 42:6",
    "element_type": "p",
    "element_subtype": "standard-noindent",
    "content": "<span class=\"egwlink egwlink_book\" title=\"MHBC 479.2\" data-link=\"14168.3739\">MHBC 479.2</span>; <span class=\"egwlink egwlink_book\" title=\"MHBCC 417\" data-link=\"14192.8720\">MHBCC 417</span>; <span class=\"egwlink egwlink_book\" title=\"MHBCC 439.13\" data-link=\"14192.9158\">MHBCC 439.13</span>; <span class=\"egwlink egwlink_book\" title=\"MHBCC 450\" data-link=\"14192.9443\">MHBCC 450</span>; <span class=\"egwlink egwlink_book\" title=\"MHBCC 458\" data-link=\"14192.9663\">MHBCC 458</span>; <span class=\"egwlink egwlink_book\" title=\"MHBCC 458.20\" data-link=\"14192.9669\">MHBCC 458.20</span>; <span class=\"egwlink egwlink_book\" title=\"MHBCC 458\" data-link=\"14192.9670\">MHBCC 458</span>; <span class=\"egwlink egwlink_book\" title=\"MHBCC 459\" data-link=\"14192.9677\">MHBCC 459</span>; <span class=\"egwlink egwlink_book\" title=\"MHBCC 468.37\" data-link=\"14192.9910\">MHBCC 468.37</span>; <span class=\"egwlink egwlink_book\" title=\"MHBCC 478.5\" data-link=\"14192.10140\">MHBCC 478.5</span>; <span class=\"egwlink egwlink_book\" title=\"MHBCC 479.1\" data-link=\"14192.10147\">MHBCC 479.1</span>; <span class=\"egwlink egwlink_book\" title=\"MHBCC 479\" data-link=\"14192.10148\">MHBCC 479</span>; <span class=\"egwlink egwlink_book\" title=\"MHBCC 479.8\" data-link=\"14192.10155\">MHBCC 479.8</span>; <span class=\"egwlink egwlink_book\" title=\"MHBCC 781.2\" data-link=\"14192.17652\">MHBCC 781.2</span>; <span class=\"egwlink egwlink_book\" title=\"MHBCC 823.22\" data-link=\"14192.18474\">MHBCC 823.22</span>; <span class=\"egwlink egwlink_book\" title=\"1SDABC 596.10\" data-link=\"12515.7696\">1SDABC 596.10</span>; <span class=\"egwlink egwlink_book\" title=\"3SDABC 496\" data-link=\"12516.8531\">3SDABC 496</span>; <span class=\"egwlink egwlink_book\" title=\"3SDABC 524.12\" data-link=\"12516.9264\">3SDABC 524.12</span>; <span class=\"egwlink egwlink_book\" title=\"3SDABC 609\" data-link=\"12516.11669\">3SDABC 609</span>; <span class=\"egwlink egwlink_book\" title=\"3SDABC 610.1\" data-link=\"12516.11673\">3SDABC 610.1</span>; <span class=\"egwlink egwlink_book\" title=\"3SDABC 610\" data-link=\"12516.11688\">3SDABC 610</span>; <span class=\"egwlink egwlink_book\" title=\"3SDABC 983.8\" data-link=\"12516.22268\">3SDABC 983.8</span>; <span class=\"egwlink egwlink_book\" title=\"4SDABC 128.9\" data-link=\"12513.1427\">4SDABC 128.9</span>; <span class=\"egwlink egwlink_book\" title=\"4SDABC 384.8\" data-link=\"12513.7580\">4SDABC 384.8</span>; <span class=\"egwlink egwlink_book\" title=\"4SDABC 596.10\" data-link=\"12513.12511\">4SDABC 596.10</span>; <span class=\"egwlink egwlink_book\" title=\"4SDABC 648.9\" data-link=\"12513.13441\">4SDABC 648.9</span>; <span class=\"egwlink egwlink_book\" title=\"6SDABC 555.4\" data-link=\"12518.11095\">6SDABC 555.4</span>; <span class=\"egwlink egwlink_book\" title=\"3BC 1141\" data-link=\"92.209\">3BC 1141</span>",
    "puborder": 28355,
    "translations": []
  },
  {
    "para_id": "14316.28356",
    "id_prev": "14316.28355",
    "id_next": "14316.28357",
    "refcode_1": "BCSI",
    "refcode_2": "Job",
    "refcode_3": "42",
    "refcode_4": "7",
    "refcode_short": "BCSI, Job 42:7",
    "refcode_long": "Bible Commentaries Scripture Index, Job 42:7",
    "element_type": "h4",
    "element_subtype": "",
    "content": "7",
    "puborder": 28356,
    "translations": []
  },
  {
    "para_id": "14316.28357",
    "id_prev": "14316.28356",
    "id_next": "14316.28358",
    "refcode_1": "BCSI",
    "refcode_2": "Job",
    "refcode_3": "42",
    "refcode_4": "7",
    "refcode_short": "BCSI, Job 42:7",
    "refcode_long": "Bible Commentaries Scripture Index, Job 42:7",
    "element_type": "p",
    "element_subtype": "standard-noindent",
    "content": "<span class=\"egwlink egwlink_book\" title=\"MHBC 479.3\" data-link=\"14168.3740\">MHBC 479.3</span>; <span class=\"egwlink egwlink_book\" title=\"MHBCC 458.20\" data-link=\"14192.9669\">MHBCC 458.20</span>; <span class=\"egwlink egwlink_book\" title=\"MHBCC 459.1\" data-link=\"14192.9678\">MHBCC 459.1</span>; <span class=\"egwlink egwlink_book\" title=\"MHBCC 459.3\" data-link=\"14192.9681\">MHBCC 459.3</span>; <span class=\"egwlink egwlink_book\" title=\"MHBCC 479.1\" data-link=\"14192.10147\">MHBCC 479.1</span>; <span class=\"egwlink egwlink_book\" title=\"MHBCC 479\" data-link=\"14192.10156\">MHBCC 479</span>; <span class=\"egwlink egwlink_book\" title=\"MHBCC 479.11\" data-link=\"14192.10159\">MHBCC 479.11</span>; <span class=\"egwlink egwlink_book\" title=\"3SDABC 496\" data-link=\"12516.8531\">3SDABC 496</span>; <span class=\"egwlink egwlink_book\" title=\"3SDABC 534.4\" data-link=\"12516.9539\">3SDABC 534.4</span>; <span class=\"egwlink egwlink_book\" title=\"3SDABC 558.7\" data-link=\"12516.10272\">3SDABC 558.7</span>; <span class=\"egwlink egwlink_book\" title=\"3SDABC 591.5\" data-link=\"12516.11163\">3SDABC 591.5</span>; <span class=\"egwlink egwlink_book\" title=\"3SDABC 598.5\" data-link=\"12516.11327\">3SDABC 598.5</span>; <span class=\"egwlink egwlink_book\" title=\"3SDABC 609\" data-link=\"12516.11669\">3SDABC 609</span>; <span class=\"egwlink egwlink_book\" title=\"3SDABC 609.14\" data-link=\"12516.11670\">3SDABC 609.14</span>; <span class=\"egwlink egwlink_book\" title=\"3SDABC 611\" data-link=\"12516.11692\">3SDABC 611</span>; <span class=\"egwlink egwlink_book\" title=\"4SDABC 623.5\" data-link=\"12513.12977\">4SDABC 623.5</span>; <span class=\"egwlink egwlink_book\" title=\"3BC 1141\" data-link=\"92.209\">3BC 1141</span>",
    "puborder": 28357,
    "translations": []
  },
  {
    "para_id": "14316.28358",
    "id_prev": "14316.28357",
    "id_next": "14316.28359",
    "refcode_1": "BCSI",
    "refcode_2": "Job",
    "refcode_3": "42",
    "refcode_4": "8",
    "refcode_short": "BCSI, Job 42:8",
    "refcode_long": "Bible Commentaries Scripture Index, Job 42:8",
    "element_type": "h4",
    "element_subtype": "",
    "content": "8",
    "puborder": 28358,
    "translations": []
  },
  {
    "para_id": "14316.28359",
    "id_prev": "14316.28358",
    "id_next": "14316.28360",
    "refcode_1": "BCSI",
    "refcode_2": "Job",
    "refcode_3": "42",
    "refcode_4": "8",
    "refcode_short": "BCSI, Job 42:8",
    "refcode_long": "Bible Commentaries Scripture Index, Job 42:8",
    "element_type": "p",
    "element_subtype": "standard-noindent",
    "content": "<span class=\"egwlink egwlink_book\" title=\"MHBC 479.3\" data-link=\"14168.3740\">MHBC 479.3</span>; <span class=\"egwlink egwlink_book\" title=\"MHBCC 21.2\" data-link=\"14192.715\">MHBCC 21.2</span>; <span class=\"egwlink egwlink_book\" title=\"MHBCC 21.19\" data-link=\"14192.735\">MHBCC 21.19</span>; <span class=\"egwlink egwlink_book\" title=\"MHBCC 442.17\" data-link=\"14192.9249\">MHBCC 442.17</span>; <span class=\"egwlink egwlink_book\" title=\"MHBCC 458.20\" data-link=\"14192.9669\">MHBCC 458.20</span>; <span class=\"egwlink egwlink_book\" title=\"MHBCC 459.1\" data-link=\"14192.9678\">MHBCC 459.1</span>; <span class=\"egwlink egwlink_book\" title=\"MHBCC 459.3\" data-link=\"14192.9681\">MHBCC 459.3</span>; <span class=\"egwlink egwlink_book\" title=\"MHBCC 459.26\" data-link=\"14192.9707\">MHBCC 459.26</span>; <span class=\"egwlink egwlink_book\" title=\"MHBCC 479.1\" data-link=\"14192.10147\">MHBCC 479.1</span>; <span class=\"egwlink egwlink_book\" title=\"MHBCC 479\" data-link=\"14192.10156\">MHBCC 479</span>; <span class=\"egwlink egwlink_book\" title=\"MHBCC 479.11\" data-link=\"14192.10159\">MHBCC 479.11</span>; <span class=\"egwlink egwlink_book\" title=\"3SDABC 496\" data-link=\"12516.8531\">3SDABC 496</span>; <span class=\"egwlink egwlink_book\" title=\"3SDABC 609\" data-link=\"12516.11669\">3SDABC 609</span>; <span class=\"egwlink egwlink_book\" title=\"3SDABC 611\" data-link=\"12516.11694\">3SDABC 611</span>; <span class=\"egwlink egwlink_book\" title=\"4SDABC 623.5\" data-link=\"12513.12977\">4SDABC 623.5</span>; <span class=\"egwlink egwlink_book\" title=\"6SDABC 488.1\" data-link=\"12518.9724\">6SDABC 488.1</span>; <span class=\"egwlink egwlink_book\" title=\"3BC 1141\" data-link=\"92.209\">3BC 1141</span>",
    "puborder": 28359,
    "translations": []
  },
  {
    "para_id": "14316.28360",
    "id_prev": "14316.28359",
    "id_next": "14316.28361",
    "refcode_1": "BCSI",
    "refcode_2": "Job",
    "refcode_3": "42",
    "refcode_4": "9",
    "refcode_short": "BCSI, Job 42:9",
    "refcode_long": "Bible Commentaries Scripture Index, Job 42:9",
    "element_type": "h4",
    "element_subtype": "",
    "content": "9",
    "puborder": 28360,
    "translations": []
  },
  {
    "para_id": "14316.28361",
    "id_prev": "14316.28360",
    "id_next": "14316.28362",
    "refcode_1": "BCSI",
    "refcode_2": "Job",
    "refcode_3": "42",
    "refcode_4": "9",
    "refcode_short": "BCSI, Job 42:9",
    "refcode_long": "Bible Commentaries Scripture Index, Job 42:9",
    "element_type": "p",
    "element_subtype": "standard-noindent",
    "content": "<span class=\"egwlink egwlink_book\" title=\"MHBC 479.3\" data-link=\"14168.3740\">MHBC 479.3</span>; <span class=\"egwlink egwlink_book\" title=\"MHBCC 21.2\" data-link=\"14192.715\">MHBCC 21.2</span>; <span class=\"egwlink egwlink_book\" title=\"MHBCC 21.19\" data-link=\"14192.735\">MHBCC 21.19</span>; <span class=\"egwlink egwlink_book\" title=\"MHBCC 458.20\" data-link=\"14192.9669\">MHBCC 458.20</span>; <span class=\"egwlink egwlink_book\" title=\"MHBCC 459.1\" data-link=\"14192.9678\">MHBCC 459.1</span>; <span class=\"egwlink egwlink_book\" title=\"MHBCC 459\" data-link=\"14192.9683\">MHBCC 459</span>; <span class=\"egwlink egwlink_book\" title=\"MHBCC 479.1\" data-link=\"14192.10147\">MHBCC 479.1</span>; <span class=\"egwlink egwlink_book\" title=\"MHBCC 479\" data-link=\"14192.10156\">MHBCC 479</span>; <span class=\"egwlink egwlink_book\" title=\"MHBCC 479.13\" data-link=\"14192.10161\">MHBCC 479.13</span>; <span class=\"egwlink egwlink_book\" title=\"3SDABC 496\" data-link=\"12516.8531\">3SDABC 496</span>; <span class=\"egwlink egwlink_book\" title=\"3SDABC 609\" data-link=\"12516.11669\">3SDABC 609</span>; <span class=\"egwlink egwlink_book\" title=\"3SDABC 611\" data-link=\"12516.11698\">3SDABC 611</span>; <span class=\"egwlink egwlink_book\" title=\"3BC 1141\" data-link=\"92.209\">3BC 1141</span>",
    "puborder": 28361,
    "translations": []
  },
  {
    "para_id": "14316.28362",
    "id_prev": "14316.28361",
    "id_next": "14316.28363",
    "refcode_1": "BCSI",
    "refcode_2": "Job",
    "refcode_3": "42",
    "refcode_4": "10",
    "refcode_short": "BCSI, Job 42:10",
    "refcode_long": "Bible Commentaries Scripture Index, Job 42:10",
    "element_type": "h4",
    "element_subtype": "",
    "content": "10",
    "puborder": 28362,
    "translations": []
  },
  {
    "para_id": "14316.28363",
    "id_prev": "14316.28362",
    "id_next": "14316.28364",
    "refcode_1": "BCSI",
    "refcode_2": "Job",
    "refcode_3": "42",
    "refcode_4": "10",
    "refcode_short": "BCSI, Job 42:10",
    "refcode_long": "Bible Commentaries Scripture Index, Job 42:10",
    "element_type": "p",
    "element_subtype": "standard-noindent",
    "content": "<span class=\"egwlink egwlink_book\" title=\"MHBC 479.4\" data-link=\"14168.3741\">MHBC 479.4</span>; <span class=\"egwlink egwlink_book\" title=\"MHBCC 21.2\" data-link=\"14192.715\">MHBCC 21.2</span>; <span class=\"egwlink egwlink_book\" title=\"MHBCC 21.19\" data-link=\"14192.735\">MHBCC 21.19</span>; <span class=\"egwlink egwlink_book\" title=\"MHBCC 458.20\" data-link=\"14192.9669\">MHBCC 458.20</span>; <span class=\"egwlink egwlink_book\" title=\"MHBCC 459.5\" data-link=\"14192.9684\">MHBCC 459.5</span>; <span class=\"egwlink egwlink_book\" title=\"MHBCC 479.1\" data-link=\"14192.10147\">MHBCC 479.1</span>; <span class=\"egwlink egwlink_book\" title=\"MHBCC 479\" data-link=\"14192.10162\">MHBCC 479</span>; <span class=\"egwlink egwlink_book\" title=\"MHBCC 916.9\" data-link=\"14192.20462\">MHBCC 916.9</span>; <span class=\"egwlink egwlink_book\" title=\"MHBCC 938.40\" data-link=\"14192.21399\">MHBCC 938.40</span>; <span class=\"egwlink egwlink_book\" title=\"MHBCC 970.5\" data-link=\"14192.24358\">MHBCC 970.5</span>; <span class=\"egwlink egwlink_book\" title=\"MHBCC 985.23\" data-link=\"14192.25342\">MHBCC 985.23</span>; <span class=\"egwlink egwlink_book\" title=\"1SDABC 329.7\" data-link=\"12515.3569\">1SDABC 329.7</span>; <span class=\"egwlink egwlink_book\" title=\"1SDABC 666.4\" data-link=\"12515.8882\">1SDABC 666.4</span>; <span class=\"egwlink egwlink_book\" title=\"1SDABC 895.7\" data-link=\"12515.12782\">1SDABC 895.7</span>; <span class=\"egwlink egwlink_book\" title=\"3SDABC 496\" data-link=\"12516.8531\">3SDABC 496</span>; <span class=\"egwlink egwlink_book\" title=\"3SDABC 609\" data-link=\"12516.11669\">3SDABC 609</span>; <span class=\"egwlink egwlink_book\" title=\"3SDABC 609.14\" data-link=\"12516.11670\">3SDABC 609.14</span>; <span class=\"egwlink egwlink_book\" title=\"3SDABC 611\" data-link=\"12516.11700\">3SDABC 611</span>; <span class=\"egwlink egwlink_book\" title=\"3SDABC 662.11\" data-link=\"12516.12640\">3SDABC 662.11</span>; <span class=\"egwlink egwlink_book\" title=\"4SDABC 318.17\" data-link=\"12513.5998\">4SDABC 318.17</span>; <span class=\"egwlink egwlink_book\" title=\"5SDABC 460.9\" data-link=\"12514.6307\">5SDABC 460.9</span>; <span class=\"egwlink egwlink_book\" title=\"3BC 1141\" data-link=\"92.209\">3BC 1141</span>; <span class=\"egwlink egwlink_book\" title=\"3BC 1141.8\" data-link=\"92.210\">3BC 1141.8</span>",
    "puborder": 28363,
    "translations": []
  },
  {
    "para_id": "14316.28364",
    "id_prev": "14316.28363",
    "id_next": "14316.28365",
    "refcode_1": "BCSI",
    "refcode_2": "Job",
    "refcode_3": "42",
    "refcode_4": "11",
    "refcode_short": "BCSI, Job 42:11",
    "refcode_long": "Bible Commentaries Scripture Index, Job 42:11",
    "element_type": "h4",
    "element_subtype": "",
    "content": "11",
    "puborder": 28364,
    "translations": []
  },
  {
    "para_id": "14316.28365",
    "id_prev": "14316.28364",
    "id_next": "14316.28366",
    "refcode_1": "BCSI",
    "refcode_2": "Job",
    "refcode_3": "42",
    "refcode_4": "11",
    "refcode_short": "BCSI, Job 42:11",
    "refcode_long": "Bible Commentaries Scripture Index, Job 42:11",
    "element_type": "p",
    "element_subtype": "standard-noindent",
    "content": "<span class=\"egwlink egwlink_book\" title=\"MHBC 479.4\" data-link=\"14168.3741\">MHBC 479.4</span>; <span class=\"egwlink egwlink_book\" title=\"MHBCC 458.20\" data-link=\"14192.9669\">MHBCC 458.20</span>; <span class=\"egwlink egwlink_book\" title=\"MHBCC 459.5\" data-link=\"14192.9684\">MHBCC 459.5</span>; <span class=\"egwlink egwlink_book\" title=\"MHBCC 459.8\" data-link=\"14192.9687\">MHBCC 459.8</span>; <span class=\"egwlink egwlink_book\" title=\"MHBCC 479.1\" data-link=\"14192.10147\">MHBCC 479.1</span>; <span class=\"egwlink egwlink_book\" title=\"MHBCC 479\" data-link=\"14192.10162\">MHBCC 479</span>; <span class=\"egwlink egwlink_book\" title=\"MHBCC 479.16\" data-link=\"14192.10165\">MHBCC 479.16</span>; <span class=\"egwlink egwlink_book\" title=\"1SDABC 410.8\" data-link=\"12515.4777\">1SDABC 410.8</span>; <span class=\"egwlink egwlink_book\" title=\"3SDABC 496\" data-link=\"12516.8531\">3SDABC 496</span>; <span class=\"egwlink egwlink_book\" title=\"3SDABC 504.8\" data-link=\"12516.8694\">3SDABC 504.8</span>; <span class=\"egwlink egwlink_book\" title=\"3SDABC 548.13\" data-link=\"12516.10006\">3SDABC 548.13</span>; <span class=\"egwlink egwlink_book\" title=\"3SDABC 609\" data-link=\"12516.11669\">3SDABC 609</span>; <span class=\"egwlink egwlink_book\" title=\"3SDABC 611\" data-link=\"12516.11702\">3SDABC 611</span>; <span class=\"egwlink egwlink_book\" title=\"3BC 1141\" data-link=\"92.209\">3BC 1141</span>",
    "puborder": 28365,
    "translations": []
  },
  {
    "para_id": "14316.28366",
    "id_prev": "14316.28365",
    "id_next": "14316.28367",
    "refcode_1": "BCSI",
    "refcode_2": "Job",
    "refcode_3": "42",
    "refcode_4": "12",
    "refcode_short": "BCSI, Job 42:12",
    "refcode_long": "Bible Commentaries Scripture Index, Job 42:12",
    "element_type": "h4",
    "element_subtype": "",
    "content": "12",
    "puborder": 28366,
    "translations": []
  },
  {
    "para_id": "14316.28367",
    "id_prev": "14316.28366",
    "id_next": "14316.28368",
    "refcode_1": "BCSI",
    "refcode_2": "Job",
    "refcode_3": "42",
    "refcode_4": "12",
    "refcode_short": "BCSI, Job 42:12",
    "refcode_long": "Bible Commentaries Scripture Index, Job 42:12",
    "element_type": "p",
    "element_subtype": "standard-noindent",
    "content": "<span class=\"egwlink egwlink_book\" title=\"MHBC 479.4\" data-link=\"14168.3741\">MHBC 479.4</span>; <span class=\"egwlink egwlink_book\" title=\"MHBCC 458.20\" data-link=\"14192.9669\">MHBCC 458.20</span>; <span class=\"egwlink egwlink_book\" title=\"MHBCC 459.5\" data-link=\"14192.9684\">MHBCC 459.5</span>; <span class=\"egwlink egwlink_book\" title=\"MHBCC 459.9\" data-link=\"14192.9688\">MHBCC 459.9</span>; <span class=\"egwlink egwlink_book\" title=\"MHBCC 479.1\" data-link=\"14192.10147\">MHBCC 479.1</span>; <span class=\"egwlink egwlink_book\" title=\"MHBCC 479\" data-link=\"14192.10162\">MHBCC 479</span>; <span class=\"egwlink egwlink_book\" title=\"MHBCC 479.17\" data-link=\"14192.10166\">MHBCC 479.17</span>; <span class=\"egwlink egwlink_book\" title=\"1SDABC 405.10\" data-link=\"12515.4680\">1SDABC 405.10</span>; <span class=\"egwlink egwlink_book\" title=\"3SDABC 302.8\" data-link=\"12516.5073\">3SDABC 302.8</span>; <span class=\"egwlink egwlink_book\" title=\"3SDABC 496\" data-link=\"12516.8531\">3SDABC 496</span>; <span class=\"egwlink egwlink_book\" title=\"3SDABC 520.9\" data-link=\"12516.9137\">3SDABC 520.9</span>; <span class=\"egwlink egwlink_book\" title=\"3SDABC 609\" data-link=\"12516.11669\">3SDABC 609</span>; <span class=\"egwlink egwlink_book\" title=\"3SDABC 611\" data-link=\"12516.11708\">3SDABC 611</span>; <span class=\"egwlink egwlink_book\" title=\"4SDABC 103.4\" data-link=\"12513.918\">4SDABC 103.4</span>; <span class=\"egwlink egwlink_book\" title=\"HSDAT 430.2\" data-link=\"12666.4490\">HSDAT 430.2</span>; <span class=\"egwlink egwlink_book\" title=\"3BC 1141\" data-link=\"92.209\">3BC 1141</span>",
    "puborder": 28367,
    "translations": []
  },
  {
    "para_id": "14316.28368",
    "id_prev": "14316.28367",
    "id_next": "14316.28369",
    "refcode_1": "BCSI",
    "refcode_2": "Job",
    "refcode_3": "42",
    "refcode_4": "13",
    "refcode_short": "BCSI, Job 42:13",
    "refcode_long": "Bible Commentaries Scripture Index, Job 42:13",
    "element_type": "h4",
    "element_subtype": "",
    "content": "13",
    "puborder": 28368,
    "translations": []
  },
  {
    "para_id": "14316.28369",
    "id_prev": "14316.28368",
    "id_next": "14316.28370",
    "refcode_1": "BCSI",
    "refcode_2": "Job",
    "refcode_3": "42",
    "refcode_4": "13",
    "refcode_short": "BCSI, Job 42:13",
    "refcode_long": "Bible Commentaries Scripture Index, Job 42:13",
    "element_type": "p",
    "element_subtype": "standard-noindent",
    "content": "<span class=\"egwlink egwlink_book\" title=\"MHBC 479.4\" data-link=\"14168.3741\">MHBC 479.4</span>; <span class=\"egwlink egwlink_book\" title=\"MHBCC 458.20\" data-link=\"14192.9669\">MHBCC 458.20</span>; <span class=\"egwlink egwlink_book\" title=\"MHBCC 459.5\" data-link=\"14192.9684\">MHBCC 459.5</span>; <span class=\"egwlink egwlink_book\" title=\"MHBCC 459.10\" data-link=\"14192.9689\">MHBCC 459.10</span>; <span class=\"egwlink egwlink_book\" title=\"MHBCC 479.1\" data-link=\"14192.10147\">MHBCC 479.1</span>; <span class=\"egwlink egwlink_book\" title=\"MHBCC 479\" data-link=\"14192.10162\">MHBCC 479</span>; <span class=\"egwlink egwlink_book\" title=\"MHBCC 479.18\" data-link=\"14192.10167\">MHBCC 479.18</span>; <span class=\"egwlink egwlink_book\" title=\"3SDABC 496\" data-link=\"12516.8531\">3SDABC 496</span>; <span class=\"egwlink egwlink_book\" title=\"3SDABC 609\" data-link=\"12516.11669\">3SDABC 609</span>; <span class=\"egwlink egwlink_book\" title=\"HSDAT 430.2\" data-link=\"12666.4490\">HSDAT 430.2</span>; <span class=\"egwlink egwlink_book\" title=\"3BC 1141\" data-link=\"92.209\">3BC 1141</span>",
    "puborder": 28369,
    "translations": []
  },
  {
    "para_id": "14316.28370",
    "id_prev": "14316.28369",
    "id_next": "14316.28371",
    "refcode_1": "BCSI",
    "refcode_2": "Job",
    "refcode_3": "42",
    "refcode_4": "14",
    "refcode_short": "BCSI, Job 42:14",
    "refcode_long": "Bible Commentaries Scripture Index, Job 42:14",
    "element_type": "h4",
    "element_subtype": "",
    "content": "14",
    "puborder": 28370,
    "translations": []
  },
  {
    "para_id": "14316.28371",
    "id_prev": "14316.28370",
    "id_next": "14316.28372",
    "refcode_1": "BCSI",
    "refcode_2": "Job",
    "refcode_3": "42",
    "refcode_4": "14",
    "refcode_short": "BCSI, Job 42:14",
    "refcode_long": "Bible Commentaries Scripture Index, Job 42:14",
    "element_type": "p",
    "element_subtype": "standard-noindent",
    "content": "<span class=\"egwlink egwlink_book\" title=\"MHBC 479.4\" data-link=\"14168.3741\">MHBC 479.4</span>; <span class=\"egwlink egwlink_book\" title=\"MHBCC 458.20\" data-link=\"14192.9669\">MHBCC 458.20</span>; <span class=\"egwlink egwlink_book\" title=\"MHBCC 459.5\" data-link=\"14192.9684\">MHBCC 459.5</span>; <span class=\"egwlink egwlink_book\" title=\"MHBCC 459.10\" data-link=\"14192.9689\">MHBCC 459.10</span>; <span class=\"egwlink egwlink_book\" title=\"MHBCC 479.1\" data-link=\"14192.10147\">MHBCC 479.1</span>; <span class=\"egwlink egwlink_book\" title=\"MHBCC 479\" data-link=\"14192.10162\">MHBCC 479</span>; <span class=\"egwlink egwlink_book\" title=\"MHBCC 479.18\" data-link=\"14192.10167\">MHBCC 479.18</span>; <span class=\"egwlink egwlink_book\" title=\"3SDABC 496\" data-link=\"12516.8531\">3SDABC 496</span>; <span class=\"egwlink egwlink_book\" title=\"3SDABC 609\" data-link=\"12516.11669\">3SDABC 609</span>; <span class=\"egwlink egwlink_book\" title=\"3BC 1141\" data-link=\"92.209\">3BC 1141</span>",
    "puborder": 28371,
    "translations": []
  },
  {
    "para_id": "14316.28372",
    "id_prev": "14316.28371",
    "id_next": "14316.28373",
    "refcode_1": "BCSI",
    "refcode_2": "Job",
    "refcode_3": "42",
    "refcode_4": "15",
    "refcode_short": "BCSI, Job 42:15",
    "refcode_long": "Bible Commentaries Scripture Index, Job 42:15",
    "element_type": "h4",
    "element_subtype": "",
    "content": "15",
    "puborder": 28372,
    "translations": []
  },
  {
    "para_id": "14316.28373",
    "id_prev": "14316.28372",
    "id_next": "14316.28374",
    "refcode_1": "BCSI",
    "refcode_2": "Job",
    "refcode_3": "42",
    "refcode_4": "15",
    "refcode_short": "BCSI, Job 42:15",
    "refcode_long": "Bible Commentaries Scripture Index, Job 42:15",
    "element_type": "p",
    "element_subtype": "standard-noindent",
    "content": "<span class=\"egwlink egwlink_book\" title=\"MHBC 479.4\" data-link=\"14168.3741\">MHBC 479.4</span>; <span class=\"egwlink egwlink_book\" title=\"MHBCC 458.20\" data-link=\"14192.9669\">MHBCC 458.20</span>; <span class=\"egwlink egwlink_book\" title=\"MHBCC 459.5\" data-link=\"14192.9684\">MHBCC 459.5</span>; <span class=\"egwlink egwlink_book\" title=\"MHBCC 459.10\" data-link=\"14192.9689\">MHBCC 459.10</span>; <span class=\"egwlink egwlink_book\" title=\"MHBCC 479.1\" data-link=\"14192.10147\">MHBCC 479.1</span>; <span class=\"egwlink egwlink_book\" title=\"MHBCC 479\" data-link=\"14192.10162\">MHBCC 479</span>; <span class=\"egwlink egwlink_book\" title=\"MHBCC 479.18\" data-link=\"14192.10167\">MHBCC 479.18</span>; <span class=\"egwlink egwlink_book\" title=\"3SDABC 496\" data-link=\"12516.8531\">3SDABC 496</span>; <span class=\"egwlink egwlink_book\" title=\"3SDABC 609\" data-link=\"12516.11669\">3SDABC 609</span>; <span class=\"egwlink egwlink_book\" title=\"3BC 1141\" data-link=\"92.209\">3BC 1141</span>",
    "puborder": 28373,
    "translations": []
  },
  {
    "para_id": "14316.28374",
    "id_prev": "14316.28373",
    "id_next": "14316.28375",
    "refcode_1": "BCSI",
    "refcode_2": "Job",
    "refcode_3": "42",
    "refcode_4": "16",
    "refcode_short": "BCSI, Job 42:16",
    "refcode_long": "Bible Commentaries Scripture Index, Job 42:16",
    "element_type": "h4",
    "element_subtype": "",
    "content": "16",
    "puborder": 28374,
    "translations": []
  },
  {
    "para_id": "14316.28375",
    "id_prev": "14316.28374",
    "id_next": "14316.28376",
    "refcode_1": "BCSI",
    "refcode_2": "Job",
    "refcode_3": "42",
    "refcode_4": "16",
    "refcode_short": "BCSI, Job 42:16",
    "refcode_long": "Bible Commentaries Scripture Index, Job 42:16",
    "element_type": "p",
    "element_subtype": "standard-noindent",
    "content": "<span class=\"egwlink egwlink_book\" title=\"MHBC 479.4\" data-link=\"14168.3741\">MHBC 479.4</span>; <span class=\"egwlink egwlink_book\" title=\"MHBCC 458.20\" data-link=\"14192.9669\">MHBCC 458.20</span>; <span class=\"egwlink egwlink_book\" title=\"MHBCC 459.5\" data-link=\"14192.9684\">MHBCC 459.5</span>; <span class=\"egwlink egwlink_book\" title=\"MHBCC 459.11\" data-link=\"14192.9690\">MHBCC 459.11</span>; <span class=\"egwlink egwlink_book\" title=\"MHBCC 479.1\" data-link=\"14192.10147\">MHBCC 479.1</span>; <span class=\"egwlink egwlink_book\" title=\"MHBCC 479\" data-link=\"14192.10162\">MHBCC 479</span>; <span class=\"egwlink egwlink_book\" title=\"MHBCC 479.19\" data-link=\"14192.10168\">MHBCC 479.19</span>; <span class=\"egwlink egwlink_book\" title=\"3SDABC 496\" data-link=\"12516.8531\">3SDABC 496</span>; <span class=\"egwlink egwlink_book\" title=\"3SDABC 609\" data-link=\"12516.11669\">3SDABC 609</span>; <span class=\"egwlink egwlink_book\" title=\"3SDABC 609.14\" data-link=\"12516.11670\">3SDABC 609.14</span>; <span class=\"egwlink egwlink_book\" title=\"3SDABC 612\" data-link=\"12516.11712\">3SDABC 612</span>; <span class=\"egwlink egwlink_book\" title=\"3BC 1141\" data-link=\"92.209\">3BC 1141</span>",
    "puborder": 28375,
    "translations": []
  },
  {
    "para_id": "14316.28376",
    "id_prev": "14316.28375",
    "id_next": "14316.28377",
    "refcode_1": "BCSI",
    "refcode_2": "Job",
    "refcode_3": "42",
    "refcode_4": "17",
    "refcode_short": "BCSI, Job 42:17",
    "refcode_long": "Bible Commentaries Scripture Index, Job 42:17",
    "element_type": "h4",
    "element_subtype": "",
    "content": "17",
    "puborder": 28376,
    "translations": []
  },
  {
    "para_id": "14316.28377",
    "id_prev": "14316.28376",
    "id_next": "14316.28378",
    "refcode_1": "BCSI",
    "refcode_2": "Job",
    "refcode_3": "42",
    "refcode_4": "17",
    "refcode_short": "BCSI, Job 42:17",
    "refcode_long": "Bible Commentaries Scripture Index, Job 42:17",
    "element_type": "p",
    "element_subtype": "standard-noindent",
    "content": "<span class=\"egwlink egwlink_book\" title=\"MHBC 479.4\" data-link=\"14168.3741\">MHBC 479.4</span>; <span class=\"egwlink egwlink_book\" title=\"MHBCC 458.20\" data-link=\"14192.9669\">MHBCC 458.20</span>; <span class=\"egwlink egwlink_book\" title=\"MHBCC 459.5\" data-link=\"14192.9684\">MHBCC 459.5</span>; <span class=\"egwlink egwlink_book\" title=\"MHBCC 479.1\" data-link=\"14192.10147\">MHBCC 479.1</span>; <span class=\"egwlink egwlink_book\" title=\"MHBCC 479\" data-link=\"14192.10162\">MHBCC 479</span>; <span class=\"egwlink egwlink_book\" title=\"3SDABC 496\" data-link=\"12516.8531\">3SDABC 496</span>; <span class=\"egwlink egwlink_book\" title=\"3SDABC 609\" data-link=\"12516.11669\">3SDABC 609</span>; <span class=\"egwlink egwlink_book\" title=\"3BC 1141\" data-link=\"92.209\">3BC 1141</span>",
    "puborder": 28377,
    "translations": []
  }
]