[
  {
    "para_id": "14316.16524",
    "id_prev": "14316.16523",
    "id_next": "14316.16525",
    "refcode_1": "BCSI",
    "refcode_2": "2Samuel",
    "refcode_3": "4",
    "refcode_4": "0",
    "refcode_short": "BCSI, 2Samuel 4",
    "refcode_long": "Bible Commentaries Scripture Index, 2Samuel 4",
    "element_type": "h3",
    "element_subtype": "",
    "content": "2Samuel 4",
    "puborder": 16524,
    "translations": []
  },
  {
    "para_id": "14316.16525",
    "id_prev": "14316.16524",
    "id_next": "14316.16526",
    "refcode_1": "BCSI",
    "refcode_2": "2Samuel",
    "refcode_3": "4",
    "refcode_4": "1",
    "refcode_short": "BCSI, 2Samuel 4:1",
    "refcode_long": "Bible Commentaries Scripture Index, 2Samuel 4:1",
    "element_type": "h4",
    "element_subtype": "",
    "content": "1",
    "puborder": 16525,
    "translations": []
  },
  {
    "para_id": "14316.16526",
    "id_prev": "14316.16525",
    "id_next": "14316.16527",
    "refcode_1": "BCSI",
    "refcode_2": "2Samuel",
    "refcode_3": "4",
    "refcode_4": "1",
    "refcode_short": "BCSI, 2Samuel 4:1",
    "refcode_long": "Bible Commentaries Scripture Index, 2Samuel 4:1",
    "element_type": "p",
    "element_subtype": "standard-noindent",
    "content": "<span class=\"egwlink egwlink_book\" title=\"MHBC 272\" data-link=\"14168.2218\">MHBC 272</span>; <span class=\"egwlink egwlink_book\" title=\"MHBC 272.2\" data-link=\"14168.2222\">MHBC 272.2</span>; <span class=\"egwlink egwlink_book\" title=\"MHBCC 260\" data-link=\"14192.5711\">MHBCC 260</span>; <span class=\"egwlink egwlink_book\" title=\"MHBCC 260.1\" data-link=\"14192.5712\">MHBCC 260.1</span>; <span class=\"egwlink egwlink_book\" title=\"MHBCC 260\" data-link=\"14192.5713\">MHBCC 260</span>; <span class=\"egwlink egwlink_book\" title=\"MHBCC 260.4\" data-link=\"14192.5716\">MHBCC 260.4</span>; <span class=\"egwlink egwlink_book\" title=\"MHBCC 272\" data-link=\"14192.5981\">MHBCC 272</span>; <span class=\"egwlink egwlink_book\" title=\"MHBCC 272.1\" data-link=\"14192.5982\">MHBCC 272.1</span>; <span class=\"egwlink egwlink_book\" title=\"MHBCC 272\" data-link=\"14192.5983\">MHBCC 272</span>; <span class=\"egwlink egwlink_book\" title=\"MHBCC 272.2\" data-link=\"14192.5984\">MHBCC 272.2</span>; <span class=\"egwlink egwlink_book\" title=\"MHBCC 272.5\" data-link=\"14192.5987\">MHBCC 272.5</span>; <span class=\"egwlink egwlink_book\" title=\"2SDABC 73.5\" data-link=\"12511.496\">2SDABC 73.5</span>; <span class=\"egwlink egwlink_book\" title=\"2SDABC 450\" data-link=\"12511.6048\">2SDABC 450</span>; <span class=\"egwlink egwlink_book\" title=\"2SDABC 616\" data-link=\"12511.8337\">2SDABC 616</span>; <span class=\"egwlink egwlink_book\" title=\"2SDABC 616.1\" data-link=\"12511.8338\">2SDABC 616.1</span>; <span class=\"egwlink egwlink_book\" title=\"2SDABC 616\" data-link=\"12511.8339\">2SDABC 616</span>",
    "puborder": 16526,
    "translations": []
  },
  {
    "para_id": "14316.16527",
    "id_prev": "14316.16526",
    "id_next": "14316.16528",
    "refcode_1": "BCSI",
    "refcode_2": "2Samuel",
    "refcode_3": "4",
    "refcode_4": "2",
    "refcode_short": "BCSI, 2Samuel 4:2",
    "refcode_long": "Bible Commentaries Scripture Index, 2Samuel 4:2",
    "element_type": "h4",
    "element_subtype": "",
    "content": "2",
    "puborder": 16527,
    "translations": []
  },
  {
    "para_id": "14316.16528",
    "id_prev": "14316.16527",
    "id_next": "14316.16529",
    "refcode_1": "BCSI",
    "refcode_2": "2Samuel",
    "refcode_3": "4",
    "refcode_4": "2",
    "refcode_short": "BCSI, 2Samuel 4:2",
    "refcode_long": "Bible Commentaries Scripture Index, 2Samuel 4:2",
    "element_type": "p",
    "element_subtype": "standard-noindent",
    "content": "<span class=\"egwlink egwlink_book\" title=\"MHBC 272.2\" data-link=\"14168.2222\">MHBC 272.2</span>; <span class=\"egwlink egwlink_book\" title=\"MHBCC 260\" data-link=\"14192.5711\">MHBCC 260</span>; <span class=\"egwlink egwlink_book\" title=\"MHBCC 260.1\" data-link=\"14192.5712\">MHBCC 260.1</span>; <span class=\"egwlink egwlink_book\" title=\"MHBCC 260.3\" data-link=\"14192.5715\">MHBCC 260.3</span>; <span class=\"egwlink egwlink_book\" title=\"MHBCC 272.1\" data-link=\"14192.5982\">MHBCC 272.1</span>; <span class=\"egwlink egwlink_book\" title=\"MHBCC 272\" data-link=\"14192.5983\">MHBCC 272</span>; <span class=\"egwlink egwlink_book\" title=\"MHBCC 272.4\" data-link=\"14192.5986\">MHBCC 272.4</span>; <span class=\"egwlink egwlink_book\" title=\"2SDABC 73.5\" data-link=\"12511.496\">2SDABC 73.5</span>; <span class=\"egwlink egwlink_book\" title=\"2SDABC 450\" data-link=\"12511.6048\">2SDABC 450</span>; <span class=\"egwlink egwlink_book\" title=\"2SDABC 616\" data-link=\"12511.8337\">2SDABC 616</span>; <span class=\"egwlink egwlink_book\" title=\"2SDABC 616.1\" data-link=\"12511.8338\">2SDABC 616.1</span>; <span class=\"egwlink egwlink_book\" title=\"2SDABC 616\" data-link=\"12511.8341\">2SDABC 616</span>",
    "puborder": 16528,
    "translations": []
  },
  {
    "para_id": "14316.16529",
    "id_prev": "14316.16528",
    "id_next": "14316.16530",
    "refcode_1": "BCSI",
    "refcode_2": "2Samuel",
    "refcode_3": "4",
    "refcode_4": "3",
    "refcode_short": "BCSI, 2Samuel 4:3",
    "refcode_long": "Bible Commentaries Scripture Index, 2Samuel 4:3",
    "element_type": "h4",
    "element_subtype": "",
    "content": "3",
    "puborder": 16529,
    "translations": []
  },
  {
    "para_id": "14316.16530",
    "id_prev": "14316.16529",
    "id_next": "14316.16531",
    "refcode_1": "BCSI",
    "refcode_2": "2Samuel",
    "refcode_3": "4",
    "refcode_4": "3",
    "refcode_short": "BCSI, 2Samuel 4:3",
    "refcode_long": "Bible Commentaries Scripture Index, 2Samuel 4:3",
    "element_type": "p",
    "element_subtype": "standard-noindent",
    "content": "<span class=\"egwlink egwlink_book\" title=\"MHBC 272.2\" data-link=\"14168.2222\">MHBC 272.2</span>; <span class=\"egwlink egwlink_book\" title=\"MHBCC 260\" data-link=\"14192.5711\">MHBCC 260</span>; <span class=\"egwlink egwlink_book\" title=\"MHBCC 260.1\" data-link=\"14192.5712\">MHBCC 260.1</span>; <span class=\"egwlink egwlink_book\" title=\"MHBCC 260.3\" data-link=\"14192.5715\">MHBCC 260.3</span>; <span class=\"egwlink egwlink_book\" title=\"MHBCC 272.1\" data-link=\"14192.5982\">MHBCC 272.1</span>; <span class=\"egwlink egwlink_book\" title=\"MHBCC 272\" data-link=\"14192.5983\">MHBCC 272</span>; <span class=\"egwlink egwlink_book\" title=\"MHBCC 272.4\" data-link=\"14192.5986\">MHBCC 272.4</span>; <span class=\"egwlink egwlink_book\" title=\"2SDABC 73.5\" data-link=\"12511.496\">2SDABC 73.5</span>; <span class=\"egwlink egwlink_book\" title=\"2SDABC 450\" data-link=\"12511.6048\">2SDABC 450</span>; <span class=\"egwlink egwlink_book\" title=\"2SDABC 616\" data-link=\"12511.8337\">2SDABC 616</span>; <span class=\"egwlink egwlink_book\" title=\"2SDABC 616\" data-link=\"12511.8345\">2SDABC 616</span>",
    "puborder": 16530,
    "translations": []
  },
  {
    "para_id": "14316.16531",
    "id_prev": "14316.16530",
    "id_next": "14316.16532",
    "refcode_1": "BCSI",
    "refcode_2": "2Samuel",
    "refcode_3": "4",
    "refcode_4": "4",
    "refcode_short": "BCSI, 2Samuel 4:4",
    "refcode_long": "Bible Commentaries Scripture Index, 2Samuel 4:4",
    "element_type": "h4",
    "element_subtype": "",
    "content": "4",
    "puborder": 16531,
    "translations": []
  },
  {
    "para_id": "14316.16532",
    "id_prev": "14316.16531",
    "id_next": "14316.16533",
    "refcode_1": "BCSI",
    "refcode_2": "2Samuel",
    "refcode_3": "4",
    "refcode_4": "4",
    "refcode_short": "BCSI, 2Samuel 4:4",
    "refcode_long": "Bible Commentaries Scripture Index, 2Samuel 4:4",
    "element_type": "p",
    "element_subtype": "standard-noindent",
    "content": "<span class=\"egwlink egwlink_book\" title=\"MHBC 272.2\" data-link=\"14168.2222\">MHBC 272.2</span>; <span class=\"egwlink egwlink_book\" title=\"MHBCC 260\" data-link=\"14192.5711\">MHBCC 260</span>; <span class=\"egwlink egwlink_book\" title=\"MHBCC 260.1\" data-link=\"14192.5712\">MHBCC 260.1</span>; <span class=\"egwlink egwlink_book\" title=\"MHBCC 260\" data-link=\"14192.5713\">MHBCC 260</span>; <span class=\"egwlink egwlink_book\" title=\"MHBCC 263\" data-link=\"14192.5821\">MHBCC 263</span>; <span class=\"egwlink egwlink_book\" title=\"MHBCC 272.1\" data-link=\"14192.5982\">MHBCC 272.1</span>; <span class=\"egwlink egwlink_book\" title=\"MHBCC 272\" data-link=\"14192.5983\">MHBCC 272</span>; <span class=\"egwlink egwlink_book\" title=\"MHBCC 272.2\" data-link=\"14192.5984\">MHBCC 272.2</span>; <span class=\"egwlink egwlink_book\" title=\"MHBCC 277.6\" data-link=\"14192.6097\">MHBCC 277.6</span>; <span class=\"egwlink egwlink_book\" title=\"MHBCC 946.17\" data-link=\"14192.22212\">MHBCC 946.17</span>; <span class=\"egwlink egwlink_book\" title=\"MHBCC 954.69\" data-link=\"14192.23165\">MHBCC 954.69</span>; <span class=\"egwlink egwlink_book\" title=\"2SDABC 73.5\" data-link=\"12511.496\">2SDABC 73.5</span>; <span class=\"egwlink egwlink_book\" title=\"2SDABC 132.1\" data-link=\"12511.981\">2SDABC 132.1</span>; <span class=\"egwlink egwlink_book\" title=\"2SDABC 450\" data-link=\"12511.6048\">2SDABC 450</span>; <span class=\"egwlink egwlink_book\" title=\"2SDABC 616\" data-link=\"12511.8337\">2SDABC 616</span>; <span class=\"egwlink egwlink_book\" title=\"2SDABC 616\" data-link=\"12511.8347\">2SDABC 616</span>; <span class=\"egwlink egwlink_book\" title=\"2SDABC 639.2\" data-link=\"12511.8810\">2SDABC 639.2</span>; <span class=\"egwlink egwlink_book\" title=\"2SDABC 640.10\" data-link=\"12511.8844\">2SDABC 640.10</span>; <span class=\"egwlink egwlink_book\" title=\"3SDABC 153.7\" data-link=\"12516.1502\">3SDABC 153.7</span>; <span class=\"egwlink egwlink_book\" title=\"3SDABC 705.18\" data-link=\"12516.13943\">3SDABC 705.18</span>; <span class=\"egwlink egwlink_book\" title=\"HSDAT 758.4\" data-link=\"12666.8222\">HSDAT 758.4</span>",
    "puborder": 16532,
    "translations": []
  },
  {
    "para_id": "14316.16533",
    "id_prev": "14316.16532",
    "id_next": "14316.16534",
    "refcode_1": "BCSI",
    "refcode_2": "2Samuel",
    "refcode_3": "4",
    "refcode_4": "5",
    "refcode_short": "BCSI, 2Samuel 4:5",
    "refcode_long": "Bible Commentaries Scripture Index, 2Samuel 4:5",
    "element_type": "h4",
    "element_subtype": "",
    "content": "5",
    "puborder": 16533,
    "translations": []
  },
  {
    "para_id": "14316.16534",
    "id_prev": "14316.16533",
    "id_next": "14316.16535",
    "refcode_1": "BCSI",
    "refcode_2": "2Samuel",
    "refcode_3": "4",
    "refcode_4": "5",
    "refcode_short": "BCSI, 2Samuel 4:5",
    "refcode_long": "Bible Commentaries Scripture Index, 2Samuel 4:5",
    "element_type": "p",
    "element_subtype": "standard-noindent",
    "content": "<span class=\"egwlink egwlink_book\" title=\"MHBC 272.2\" data-link=\"14168.2222\">MHBC 272.2</span>; <span class=\"egwlink egwlink_book\" title=\"MHBCC 260\" data-link=\"14192.5711\">MHBCC 260</span>; <span class=\"egwlink egwlink_book\" title=\"MHBCC 260.1\" data-link=\"14192.5712\">MHBCC 260.1</span>; <span class=\"egwlink egwlink_book\" title=\"MHBCC 260.4\" data-link=\"14192.5716\">MHBCC 260.4</span>; <span class=\"egwlink egwlink_book\" title=\"MHBCC 272.1\" data-link=\"14192.5982\">MHBCC 272.1</span>; <span class=\"egwlink egwlink_book\" title=\"MHBCC 272\" data-link=\"14192.5983\">MHBCC 272</span>; <span class=\"egwlink egwlink_book\" title=\"MHBCC 272.5\" data-link=\"14192.5987\">MHBCC 272.5</span>; <span class=\"egwlink egwlink_book\" title=\"MHBCC 1004.50\" data-link=\"14192.26643\">MHBCC 1004.50</span>; <span class=\"egwlink egwlink_book\" title=\"MHBCC 1013.24\" data-link=\"14192.27655\">MHBCC 1013.24</span>; <span class=\"egwlink egwlink_book\" title=\"2SDABC 73.5\" data-link=\"12511.496\">2SDABC 73.5</span>; <span class=\"egwlink egwlink_book\" title=\"2SDABC 450\" data-link=\"12511.6048\">2SDABC 450</span>; <span class=\"egwlink egwlink_book\" title=\"2SDABC 616\" data-link=\"12511.8337\">2SDABC 616</span>; <span class=\"egwlink egwlink_book\" title=\"2SDABC 617\" data-link=\"12511.8351\">2SDABC 617</span>; <span class=\"egwlink egwlink_book\" title=\"2SDABC 617.3\" data-link=\"12511.8356\">2SDABC 617.3</span>; <span class=\"egwlink egwlink_book\" title=\"3SDABC 158.1\" data-link=\"12516.1599\">3SDABC 158.1</span>; <span class=\"egwlink egwlink_book\" title=\"4SDABC 434.5\" data-link=\"12513.9026\">4SDABC 434.5</span>",
    "puborder": 16534,
    "translations": []
  },
  {
    "para_id": "14316.16535",
    "id_prev": "14316.16534",
    "id_next": "14316.16536",
    "refcode_1": "BCSI",
    "refcode_2": "2Samuel",
    "refcode_3": "4",
    "refcode_4": "6",
    "refcode_short": "BCSI, 2Samuel 4:6",
    "refcode_long": "Bible Commentaries Scripture Index, 2Samuel 4:6",
    "element_type": "h4",
    "element_subtype": "",
    "content": "6",
    "puborder": 16535,
    "translations": []
  },
  {
    "para_id": "14316.16536",
    "id_prev": "14316.16535",
    "id_next": "14316.16537",
    "refcode_1": "BCSI",
    "refcode_2": "2Samuel",
    "refcode_3": "4",
    "refcode_4": "6",
    "refcode_short": "BCSI, 2Samuel 4:6",
    "refcode_long": "Bible Commentaries Scripture Index, 2Samuel 4:6",
    "element_type": "p",
    "element_subtype": "standard-noindent",
    "content": "<span class=\"egwlink egwlink_book\" title=\"MHBC 272.2\" data-link=\"14168.2222\">MHBC 272.2</span>; <span class=\"egwlink egwlink_book\" title=\"MHBCC 260\" data-link=\"14192.5711\">MHBCC 260</span>; <span class=\"egwlink egwlink_book\" title=\"MHBCC 260.1\" data-link=\"14192.5712\">MHBCC 260.1</span>; <span class=\"egwlink egwlink_book\" title=\"MHBCC 260.4\" data-link=\"14192.5716\">MHBCC 260.4</span>; <span class=\"egwlink egwlink_book\" title=\"MHBCC 272.1\" data-link=\"14192.5982\">MHBCC 272.1</span>; <span class=\"egwlink egwlink_book\" title=\"MHBCC 272\" data-link=\"14192.5983\">MHBCC 272</span>; <span class=\"egwlink egwlink_book\" title=\"MHBCC 272.5\" data-link=\"14192.5987\">MHBCC 272.5</span>; <span class=\"egwlink egwlink_book\" title=\"2SDABC 73.5\" data-link=\"12511.496\">2SDABC 73.5</span>; <span class=\"egwlink egwlink_book\" title=\"2SDABC 450\" data-link=\"12511.6048\">2SDABC 450</span>; <span class=\"egwlink egwlink_book\" title=\"2SDABC 608.13\" data-link=\"12511.8177\">2SDABC 608.13</span>; <span class=\"egwlink egwlink_book\" title=\"2SDABC 616\" data-link=\"12511.8337\">2SDABC 616</span>; <span class=\"egwlink egwlink_book\" title=\"2SDABC 617\" data-link=\"12511.8353\">2SDABC 617</span>; <span class=\"egwlink egwlink_book\" title=\"2SDABC 617.3\" data-link=\"12511.8356\">2SDABC 617.3</span>; <span class=\"egwlink egwlink_book\" title=\"3SDABC 158.1\" data-link=\"12516.1599\">3SDABC 158.1</span>",
    "puborder": 16536,
    "translations": []
  },
  {
    "para_id": "14316.16537",
    "id_prev": "14316.16536",
    "id_next": "14316.16538",
    "refcode_1": "BCSI",
    "refcode_2": "2Samuel",
    "refcode_3": "4",
    "refcode_4": "7",
    "refcode_short": "BCSI, 2Samuel 4:7",
    "refcode_long": "Bible Commentaries Scripture Index, 2Samuel 4:7",
    "element_type": "h4",
    "element_subtype": "",
    "content": "7",
    "puborder": 16537,
    "translations": []
  },
  {
    "para_id": "14316.16538",
    "id_prev": "14316.16537",
    "id_next": "14316.16539",
    "refcode_1": "BCSI",
    "refcode_2": "2Samuel",
    "refcode_3": "4",
    "refcode_4": "7",
    "refcode_short": "BCSI, 2Samuel 4:7",
    "refcode_long": "Bible Commentaries Scripture Index, 2Samuel 4:7",
    "element_type": "p",
    "element_subtype": "standard-noindent",
    "content": "<span class=\"egwlink egwlink_book\" title=\"MHBC 272.2\" data-link=\"14168.2222\">MHBC 272.2</span>; <span class=\"egwlink egwlink_book\" title=\"MHBCC 260\" data-link=\"14192.5711\">MHBCC 260</span>; <span class=\"egwlink egwlink_book\" title=\"MHBCC 260.1\" data-link=\"14192.5712\">MHBCC 260.1</span>; <span class=\"egwlink egwlink_book\" title=\"MHBCC 260.4\" data-link=\"14192.5716\">MHBCC 260.4</span>; <span class=\"egwlink egwlink_book\" title=\"MHBCC 272.1\" data-link=\"14192.5982\">MHBCC 272.1</span>; <span class=\"egwlink egwlink_book\" title=\"MHBCC 272\" data-link=\"14192.5983\">MHBCC 272</span>; <span class=\"egwlink egwlink_book\" title=\"MHBCC 272.5\" data-link=\"14192.5987\">MHBCC 272.5</span>; <span class=\"egwlink egwlink_book\" title=\"2SDABC 73.5\" data-link=\"12511.496\">2SDABC 73.5</span>; <span class=\"egwlink egwlink_book\" title=\"2SDABC 450\" data-link=\"12511.6048\">2SDABC 450</span>; <span class=\"egwlink egwlink_book\" title=\"2SDABC 616\" data-link=\"12511.8337\">2SDABC 616</span>; <span class=\"egwlink egwlink_book\" title=\"2SDABC 617\" data-link=\"12511.8355\">2SDABC 617</span>; <span class=\"egwlink egwlink_book\" title=\"3SDABC 158.1\" data-link=\"12516.1599\">3SDABC 158.1</span>",
    "puborder": 16538,
    "translations": []
  },
  {
    "para_id": "14316.16539",
    "id_prev": "14316.16538",
    "id_next": "14316.16540",
    "refcode_1": "BCSI",
    "refcode_2": "2Samuel",
    "refcode_3": "4",
    "refcode_4": "8",
    "refcode_short": "BCSI, 2Samuel 4:8",
    "refcode_long": "Bible Commentaries Scripture Index, 2Samuel 4:8",
    "element_type": "h4",
    "element_subtype": "",
    "content": "8",
    "puborder": 16539,
    "translations": []
  },
  {
    "para_id": "14316.16540",
    "id_prev": "14316.16539",
    "id_next": "14316.16541",
    "refcode_1": "BCSI",
    "refcode_2": "2Samuel",
    "refcode_3": "4",
    "refcode_4": "8",
    "refcode_short": "BCSI, 2Samuel 4:8",
    "refcode_long": "Bible Commentaries Scripture Index, 2Samuel 4:8",
    "element_type": "p",
    "element_subtype": "standard-noindent",
    "content": "<span class=\"egwlink egwlink_book\" title=\"MHBC 272.3\" data-link=\"14168.2223\">MHBC 272.3</span>; <span class=\"egwlink egwlink_book\" title=\"MHBCC 260\" data-link=\"14192.5711\">MHBCC 260</span>; <span class=\"egwlink egwlink_book\" title=\"MHBCC 260.1\" data-link=\"14192.5712\">MHBCC 260.1</span>; <span class=\"egwlink egwlink_book\" title=\"MHBCC 260.5\" data-link=\"14192.5717\">MHBCC 260.5</span>; <span class=\"egwlink egwlink_book\" title=\"MHBCC 272.1\" data-link=\"14192.5982\">MHBCC 272.1</span>; <span class=\"egwlink egwlink_book\" title=\"MHBCC 272\" data-link=\"14192.5983\">MHBCC 272</span>; <span class=\"egwlink egwlink_book\" title=\"MHBCC 272.6\" data-link=\"14192.5988\">MHBCC 272.6</span>; <span class=\"egwlink egwlink_book\" title=\"2SDABC 73.5\" data-link=\"12511.496\">2SDABC 73.5</span>; <span class=\"egwlink egwlink_book\" title=\"2SDABC 450\" data-link=\"12511.6048\">2SDABC 450</span>; <span class=\"egwlink egwlink_book\" title=\"2SDABC 616\" data-link=\"12511.8337\">2SDABC 616</span>; <span class=\"egwlink egwlink_book\" title=\"2SDABC 617\" data-link=\"12511.8359\">2SDABC 617</span>; <span class=\"egwlink egwlink_book\" title=\"3SDABC 158.1\" data-link=\"12516.1599\">3SDABC 158.1</span>",
    "puborder": 16540,
    "translations": []
  },
  {
    "para_id": "14316.16541",
    "id_prev": "14316.16540",
    "id_next": "14316.16542",
    "refcode_1": "BCSI",
    "refcode_2": "2Samuel",
    "refcode_3": "4",
    "refcode_4": "9",
    "refcode_short": "BCSI, 2Samuel 4:9",
    "refcode_long": "Bible Commentaries Scripture Index, 2Samuel 4:9",
    "element_type": "h4",
    "element_subtype": "",
    "content": "9",
    "puborder": 16541,
    "translations": []
  },
  {
    "para_id": "14316.16542",
    "id_prev": "14316.16541",
    "id_next": "14316.16543",
    "refcode_1": "BCSI",
    "refcode_2": "2Samuel",
    "refcode_3": "4",
    "refcode_4": "9",
    "refcode_short": "BCSI, 2Samuel 4:9",
    "refcode_long": "Bible Commentaries Scripture Index, 2Samuel 4:9",
    "element_type": "p",
    "element_subtype": "standard-noindent",
    "content": "<span class=\"egwlink egwlink_book\" title=\"MHBC 272.3\" data-link=\"14168.2223\">MHBC 272.3</span>; <span class=\"egwlink egwlink_book\" title=\"MHBCC 260\" data-link=\"14192.5711\">MHBCC 260</span>; <span class=\"egwlink egwlink_book\" title=\"MHBCC 260.6\" data-link=\"14192.5718\">MHBCC 260.6</span>; <span class=\"egwlink egwlink_book\" title=\"MHBCC 260.7\" data-link=\"14192.5720\">MHBCC 260.7</span>; <span class=\"egwlink egwlink_book\" title=\"MHBCC 272.1\" data-link=\"14192.5982\">MHBCC 272.1</span>; <span class=\"egwlink egwlink_book\" title=\"MHBCC 272\" data-link=\"14192.5989\">MHBCC 272</span>; <span class=\"egwlink egwlink_book\" title=\"MHBCC 272.8\" data-link=\"14192.5991\">MHBCC 272.8</span>; <span class=\"egwlink egwlink_book\" title=\"MHBCC 281.17\" data-link=\"14192.6188\">MHBCC 281.17</span>; <span class=\"egwlink egwlink_book\" title=\"MHBCC 293.10\" data-link=\"14192.6480\">MHBCC 293.10</span>; <span class=\"egwlink egwlink_book\" title=\"2SDABC 73.5\" data-link=\"12511.496\">2SDABC 73.5</span>; <span class=\"egwlink egwlink_book\" title=\"2SDABC 450\" data-link=\"12511.6048\">2SDABC 450</span>; <span class=\"egwlink egwlink_book\" title=\"2SDABC 616\" data-link=\"12511.8337\">2SDABC 616</span>; <span class=\"egwlink egwlink_book\" title=\"2SDABC 616.1\" data-link=\"12511.8338\">2SDABC 616.1</span>; <span class=\"egwlink egwlink_book\" title=\"2SDABC 617\" data-link=\"12511.8363\">2SDABC 617</span>; <span class=\"egwlink egwlink_book\" title=\"3SDABC 158.1\" data-link=\"12516.1599\">3SDABC 158.1</span>; <span class=\"egwlink egwlink_book\" title=\"3SDABC 568.3\" data-link=\"12516.10529\">3SDABC 568.3</span>",
    "puborder": 16542,
    "translations": []
  },
  {
    "para_id": "14316.16543",
    "id_prev": "14316.16542",
    "id_next": "14316.16544",
    "refcode_1": "BCSI",
    "refcode_2": "2Samuel",
    "refcode_3": "4",
    "refcode_4": "10",
    "refcode_short": "BCSI, 2Samuel 4:10",
    "refcode_long": "Bible Commentaries Scripture Index, 2Samuel 4:10",
    "element_type": "h4",
    "element_subtype": "",
    "content": "10",
    "puborder": 16543,
    "translations": []
  },
  {
    "para_id": "14316.16544",
    "id_prev": "14316.16543",
    "id_next": "14316.16545",
    "refcode_1": "BCSI",
    "refcode_2": "2Samuel",
    "refcode_3": "4",
    "refcode_4": "10",
    "refcode_short": "BCSI, 2Samuel 4:10",
    "refcode_long": "Bible Commentaries Scripture Index, 2Samuel 4:10",
    "element_type": "p",
    "element_subtype": "standard-noindent",
    "content": "<span class=\"egwlink egwlink_book\" title=\"MHBC 272.3\" data-link=\"14168.2223\">MHBC 272.3</span>; <span class=\"egwlink egwlink_book\" title=\"MHBCC 256.12\" data-link=\"14192.5646\">MHBCC 256.12</span>; <span class=\"egwlink egwlink_book\" title=\"MHBCC 260\" data-link=\"14192.5711\">MHBCC 260</span>; <span class=\"egwlink egwlink_book\" title=\"MHBCC 260.6\" data-link=\"14192.5718\">MHBCC 260.6</span>; <span class=\"egwlink egwlink_book\" title=\"MHBCC 260.7\" data-link=\"14192.5720\">MHBCC 260.7</span>; <span class=\"egwlink egwlink_book\" title=\"MHBCC 269.3\" data-link=\"14192.5914\">MHBCC 269.3</span>; <span class=\"egwlink egwlink_book\" title=\"MHBCC 272.1\" data-link=\"14192.5982\">MHBCC 272.1</span>; <span class=\"egwlink egwlink_book\" title=\"MHBCC 272\" data-link=\"14192.5989\">MHBCC 272</span>; <span class=\"egwlink egwlink_book\" title=\"MHBCC 272.8\" data-link=\"14192.5991\">MHBCC 272.8</span>; <span class=\"egwlink egwlink_book\" title=\"2SDABC 73.5\" data-link=\"12511.496\">2SDABC 73.5</span>; <span class=\"egwlink egwlink_book\" title=\"2SDABC 450\" data-link=\"12511.6048\">2SDABC 450</span>; <span class=\"egwlink egwlink_book\" title=\"2SDABC 616\" data-link=\"12511.8337\">2SDABC 616</span>; <span class=\"egwlink egwlink_book\" title=\"2SDABC 617\" data-link=\"12511.8365\">2SDABC 617</span>; <span class=\"egwlink egwlink_book\" title=\"2SDABC 683.10\" data-link=\"12511.9687\">2SDABC 683.10</span>; <span class=\"egwlink egwlink_book\" title=\"3SDABC 158.1\" data-link=\"12516.1599\">3SDABC 158.1</span>",
    "puborder": 16544,
    "translations": []
  },
  {
    "para_id": "14316.16545",
    "id_prev": "14316.16544",
    "id_next": "14316.16546",
    "refcode_1": "BCSI",
    "refcode_2": "2Samuel",
    "refcode_3": "4",
    "refcode_4": "11",
    "refcode_short": "BCSI, 2Samuel 4:11",
    "refcode_long": "Bible Commentaries Scripture Index, 2Samuel 4:11",
    "element_type": "h4",
    "element_subtype": "",
    "content": "11",
    "puborder": 16545,
    "translations": []
  },
  {
    "para_id": "14316.16546",
    "id_prev": "14316.16545",
    "id_next": "14316.16547",
    "refcode_1": "BCSI",
    "refcode_2": "2Samuel",
    "refcode_3": "4",
    "refcode_4": "11",
    "refcode_short": "BCSI, 2Samuel 4:11",
    "refcode_long": "Bible Commentaries Scripture Index, 2Samuel 4:11",
    "element_type": "p",
    "element_subtype": "standard-noindent",
    "content": "<span class=\"egwlink egwlink_book\" title=\"MHBC 272.3\" data-link=\"14168.2223\">MHBC 272.3</span>; <span class=\"egwlink egwlink_book\" title=\"MHBCC 260\" data-link=\"14192.5711\">MHBCC 260</span>; <span class=\"egwlink egwlink_book\" title=\"MHBCC 260.6\" data-link=\"14192.5718\">MHBCC 260.6</span>; <span class=\"egwlink egwlink_book\" title=\"MHBCC 260.7\" data-link=\"14192.5720\">MHBCC 260.7</span>; <span class=\"egwlink egwlink_book\" title=\"MHBCC 272.1\" data-link=\"14192.5982\">MHBCC 272.1</span>; <span class=\"egwlink egwlink_book\" title=\"MHBCC 272\" data-link=\"14192.5989\">MHBCC 272</span>; <span class=\"egwlink egwlink_book\" title=\"MHBCC 272.8\" data-link=\"14192.5991\">MHBCC 272.8</span>; <span class=\"egwlink egwlink_book\" title=\"2SDABC 73.5\" data-link=\"12511.496\">2SDABC 73.5</span>; <span class=\"egwlink egwlink_book\" title=\"2SDABC 450\" data-link=\"12511.6048\">2SDABC 450</span>; <span class=\"egwlink egwlink_book\" title=\"2SDABC 616\" data-link=\"12511.8337\">2SDABC 616</span>; <span class=\"egwlink egwlink_book\" title=\"2SDABC 617\" data-link=\"12511.8367\">2SDABC 617</span>; <span class=\"egwlink egwlink_book\" title=\"3SDABC 158.1\" data-link=\"12516.1599\">3SDABC 158.1</span>",
    "puborder": 16546,
    "translations": []
  },
  {
    "para_id": "14316.16547",
    "id_prev": "14316.16546",
    "id_next": "14316.16548",
    "refcode_1": "BCSI",
    "refcode_2": "2Samuel",
    "refcode_3": "4",
    "refcode_4": "12",
    "refcode_short": "BCSI, 2Samuel 4:12",
    "refcode_long": "Bible Commentaries Scripture Index, 2Samuel 4:12",
    "element_type": "h4",
    "element_subtype": "",
    "content": "12",
    "puborder": 16547,
    "translations": []
  },
  {
    "para_id": "14316.16548",
    "id_prev": "14316.16547",
    "id_next": "14316.16549",
    "refcode_1": "BCSI",
    "refcode_2": "2Samuel",
    "refcode_3": "4",
    "refcode_4": "12",
    "refcode_short": "BCSI, 2Samuel 4:12",
    "refcode_long": "Bible Commentaries Scripture Index, 2Samuel 4:12",
    "element_type": "p",
    "element_subtype": "standard-noindent",
    "content": "<span class=\"egwlink egwlink_book\" title=\"MHBC 272.3\" data-link=\"14168.2223\">MHBC 272.3</span>; <span class=\"egwlink egwlink_book\" title=\"MHBCC 260\" data-link=\"14192.5711\">MHBCC 260</span>; <span class=\"egwlink egwlink_book\" title=\"MHBCC 260.6\" data-link=\"14192.5718\">MHBCC 260.6</span>; <span class=\"egwlink egwlink_book\" title=\"MHBCC 260.7\" data-link=\"14192.5720\">MHBCC 260.7</span>; <span class=\"egwlink egwlink_book\" title=\"MHBCC 272.1\" data-link=\"14192.5982\">MHBCC 272.1</span>; <span class=\"egwlink egwlink_book\" title=\"MHBCC 272\" data-link=\"14192.5989\">MHBCC 272</span>; <span class=\"egwlink egwlink_book\" title=\"MHBCC 272.8\" data-link=\"14192.5991\">MHBCC 272.8</span>; <span class=\"egwlink egwlink_book\" title=\"2SDABC 73.5\" data-link=\"12511.496\">2SDABC 73.5</span>; <span class=\"egwlink egwlink_book\" title=\"2SDABC 450\" data-link=\"12511.6048\">2SDABC 450</span>; <span class=\"egwlink egwlink_book\" title=\"2SDABC 616\" data-link=\"12511.8337\">2SDABC 616</span>; <span class=\"egwlink egwlink_book\" title=\"2SDABC 618\" data-link=\"12511.8376\">2SDABC 618</span>; <span class=\"egwlink egwlink_book\" title=\"3SDABC 158.1\" data-link=\"12516.1599\">3SDABC 158.1</span>",
    "puborder": 16548,
    "translations": []
  }
]