[
  {
    "para_id": "407.28",
    "id_prev": "407.283",
    "id_next": "407.29",
    "refcode_1": "SpTA03",
    "refcode_2": "8",
    "refcode_3": "",
    "refcode_4": "3",
    "refcode_short": "SpTA03 8",
    "refcode_long": "Special Testimonies to Ministers and Workers—No. 3, p. 8 (Ellen Gould White)",
    "element_type": "h3",
    "element_subtype": "",
    "content": "April 30, 1894",
    "puborder": 20,
    "translations": []
  },
  {
    "para_id": "407.29",
    "id_prev": "407.28",
    "id_next": "407.30",
    "refcode_1": "SpTA03",
    "refcode_2": "8",
    "refcode_3": "",
    "refcode_4": "3",
    "refcode_short": "SpTA03 8",
    "refcode_long": "Special Testimonies to Ministers and Workers—No. 3, p. 8 (Ellen Gould White)",
    "element_type": "h4",
    "element_subtype": "",
    "content": "Idleness",
    "puborder": 21,
    "translations": []
  },
  {
    "para_id": "407.30",
    "id_prev": "407.29",
    "id_next": "407.33",
    "refcode_1": "SpTA03",
    "refcode_2": "8",
    "refcode_3": "3",
    "refcode_4": "",
    "refcode_short": "SpTA03 8.3",
    "refcode_long": "Special Testimonies to Ministers and Workers—No. 3, p. 8.3 (Ellen Gould White)",
    "element_type": "p",
    "element_subtype": "standard-indented",
    "content": "&ldquo;Not slothful in business; fervent in spirit; serving the Lord.&rdquo; There is but one remedy for indolence, and that is to throw off sluggishness as a sin that leads to perdition, and go to work, using the physical ability that God has given you for this purpose. The only cure for a useless, inefficient life, is effort, determined, persevering effort. The only cure for selfishness is to deny self, <span class=\"page-break\" data-page=\"9\"></span> and work earnestly to be the blessing that you can be to your fellow-men. &ldquo;He that observeth the wind shall not sow; and he that regardeth the clouds shall not reap.&rdquo;",
    "puborder": 22,
    "translations": []
  },
  {
    "para_id": "407.33",
    "id_prev": "407.30",
    "id_next": "407.34",
    "refcode_1": "SpTA03",
    "refcode_2": "9",
    "refcode_3": "1",
    "refcode_4": "",
    "refcode_short": "SpTA03 9.1",
    "refcode_long": "Special Testimonies to Ministers and Workers—No. 3, p. 9.1 (Ellen Gould White)",
    "element_type": "p",
    "element_subtype": "standard-indented",
    "content": "As God&apos;s human agents, we are to do the work that he has given us. To every man he has given his work, and we are not going to give ourselves up to conjecture as to whether or not our earnest endeavors will prove successful. All that we as individuals are responsible for, is the unwearied, conscientious discharge of duty that some one must do, and if we fail to do that which is placed in our way, we cannot be excused of God. But having done the best we can, then we are to leave all results with God. But it is required of us that we exercise more mental and spiritual power. It is your duty, and it has been your duty every day of the life God has graciously granted you, to pull at the oars of duty; for you are a responsible agent of God.",
    "puborder": 23,
    "translations": []
  },
  {
    "para_id": "407.34",
    "id_prev": "407.33",
    "id_next": "407.284",
    "refcode_1": "SpTA03",
    "refcode_2": "9",
    "refcode_3": "2",
    "refcode_4": "",
    "refcode_short": "SpTA03 9.2",
    "refcode_long": "Special Testimonies to Ministers and Workers—No. 3, p. 9.2 (Ellen Gould White)",
    "element_type": "p",
    "element_subtype": "standard-indented",
    "content": "The command to you is, &ldquo;Go work today in my vineyard.&rdquo; We are all God&apos;s workmen, and not one is to be idle; but I would ask, What are you doing for the Master, in order that you may hear his words of approval, &ldquo;Well done, thou good and faithful servant; thou hast been faithful over a few things, I will make thee ruler over many things&rdquo;? God never makes a mistake, he will never call men good and faithful who are not good and faithful.",
    "puborder": 24,
    "translations": []
  },
  {
    "para_id": "407.284",
    "id_prev": "407.34",
    "id_next": "407.35",
    "refcode_1": "SpTA03",
    "refcode_2": "9",
    "refcode_3": "",
    "refcode_4": "",
    "refcode_short": "",
    "refcode_long": "",
    "element_type": "p",
    "element_subtype": "thoughtbreak",
    "content": "*****",
    "puborder": 25,
    "translations": []
  }
]