[
  {
    "para_id": "91.211",
    "id_prev": "91.210",
    "id_next": "91.212",
    "refcode_1": "2BC",
    "refcode_2": "1011",
    "refcode_3": "",
    "refcode_4": "4",
    "refcode_short": "2BC 1011",
    "refcode_long": "EGW SDA Bible Commentary, vol. 2, p. 1011 (Ellen Gould White)",
    "element_type": "h3",
    "element_subtype": "",
    "content": "<span class=\"egwlink egwlink_bible\" title=\"1 Samuel 4:1\" data-link=\"1965.14848\">Chapter 4</span>",
    "puborder": 175,
    "translations": []
  },
  {
    "para_id": "91.212",
    "id_prev": "91.211",
    "id_next": "91.213",
    "refcode_1": "2BC",
    "refcode_2": "1011",
    "refcode_3": "2",
    "refcode_4": "",
    "refcode_short": "2BC 1011.2",
    "refcode_long": "EGW SDA Bible Commentary, vol. 2, p. 1011.2 (Ellen Gould White)",
    "element_type": "p",
    "element_subtype": "standard-indented",
    "content": "<strong><span class=\"egwlink egwlink_bible\" title=\"1 Samuel 4:3\" data-link=\"1965.14852\">3</span>. Israel Sought Victory in Wrong Way</strong>&mdash;The recollection of these glorious triumphs inspired all Israel with fresh hope and courage, and they immediately sent to Shiloh for the ark, &ldquo;that when it cometh among us,&rdquo; said they, &ldquo;it may save us out of the hand of our enemies.&rdquo; They did not consider that it was the law of God which alone gave to the ark its sacredness, and that its presence would bring them prosperity only as they obeyed that law (<span class=\"egwlink egwlink_book\" title=\"ST 12-22-1881\" data-link=\"820.3960\">The Signs of the Times, December 22, 1881</span>).",
    "puborder": 176,
    "translations": [
      {
        "para_id": "12519.1173",
        "lang": "pl",
        "refcode": "BK 80.7"
      },
      {
        "para_id": "12519.1171",
        "lang": "pl",
        "refcode": "BK 80"
      },
      {
        "para_id": "12519.1172",
        "lang": "pl",
        "refcode": "BK 80"
      }
    ]
  },
  {
    "para_id": "91.213",
    "id_prev": "91.212",
    "id_next": "91.214",
    "refcode_1": "2BC",
    "refcode_2": "1011",
    "refcode_3": "3",
    "refcode_4": "",
    "refcode_short": "2BC 1011.3",
    "refcode_long": "EGW SDA Bible Commentary, vol. 2, p. 1011.3 (Ellen Gould White)",
    "element_type": "p",
    "element_subtype": "standard-indented",
    "content": "<strong><span class=\"egwlink egwlink_bible\" title=\"1 Samuel 4:3\" data-link=\"1965.14852\">3-5</span>. Hophni and Phinehas Presumptuously Enter Most Holy Place</strong>&mdash;The two sons of Eli, Hophni and Phinehas, eagerly acceded to the proposal to bear the ark into the camp. Without the consent of the high priest, they ventured presumptuously into the holy of holies, and took from thence the ark of God. Filled with pride, and elated with the expectation of speedy victory, they bore it to the camp. And the people, beholding, as they thought, the token of Jehovah&apos;s presence, &ldquo;shouted with a great shout, so that the earth rang again.&rdquo; (<span class=\"egwlink egwlink_book\" title=\"ST 12-22-1881\" data-link=\"820.3960\">The Signs of the Times, December 22, 1881</span>).",
    "puborder": 177,
    "translations": [
      {
        "para_id": "12519.1174",
        "lang": "pl",
        "refcode": "BK 80"
      },
      {
        "para_id": "12519.1175",
        "lang": "pl",
        "refcode": "BK 80"
      },
      {
        "para_id": "12519.1176",
        "lang": "pl",
        "refcode": "BK 80.8"
      }
    ]
  }
]