[
  {
    "para_id": "14063.5790001",
    "id_prev": "14063.5833019",
    "id_next": "14063.5790004",
    "refcode_1": "13LtMs",
    "refcode_2": "1",
    "refcode_3": "",
    "refcode_4": "1898013600",
    "refcode_short": "13LtMs, Lt 136, 1898",
    "refcode_long": "Letters and Manuscripts — Volume 13 (1898), Lt 136, 1898",
    "element_type": "h4",
    "element_subtype": "",
    "content": "Lt 136, 1898",
    "puborder": 3440,
    "translations": []
  },
  {
    "para_id": "14063.5790004",
    "id_prev": "14063.5790001",
    "id_next": "14063.5790002",
    "refcode_1": "13LtMs",
    "refcode_2": "1",
    "refcode_3": "",
    "refcode_4": "1898013600",
    "refcode_short": "",
    "refcode_long": "",
    "element_type": "p",
    "element_subtype": "ltaddressee",
    "content": "White, J. E.; White, Emma",
    "puborder": 3441,
    "translations": []
  },
  {
    "para_id": "14063.5790002",
    "id_prev": "14063.5790004",
    "id_next": "14063.5790003",
    "refcode_1": "13LtMs",
    "refcode_2": "1",
    "refcode_3": "",
    "refcode_4": "1898013600",
    "refcode_short": "",
    "refcode_long": "",
    "element_type": "p",
    "element_subtype": "ltplace",
    "content": "<span class=\"ltplace\" value=\"Cooranbong, New South Wales, Australia\">Sunnyside, Cooranbong, New South Wales, Australia</span>",
    "puborder": 3442,
    "translations": []
  },
  {
    "para_id": "14063.5790003",
    "id_prev": "14063.5790002",
    "id_next": "14063.5790005",
    "refcode_1": "13LtMs",
    "refcode_2": "1",
    "refcode_3": "",
    "refcode_4": "1898013600",
    "refcode_short": "",
    "refcode_long": "",
    "element_type": "p",
    "element_subtype": "ltdate",
    "content": "<span class=\"ltdate\" start=\"August 14, 1898\">August 14, 1898</span>",
    "puborder": 3443,
    "translations": []
  },
  {
    "para_id": "14063.5790005",
    "id_prev": "14063.5790003",
    "id_next": "14063.5790006",
    "refcode_1": "13LtMs",
    "refcode_2": "1",
    "refcode_3": "",
    "refcode_4": "1898013600",
    "refcode_short": "",
    "refcode_long": "",
    "element_type": "p",
    "element_subtype": "ltpubinfo",
    "content": "This letter is published in entirety in <span class=\"egwlink egwlink_book\" title=\"21MR 265\" data-link=\"72.1883\">21MR 265-268</span>. +<sup class=\"footnote\"><a class=\"footnote\">Note<span class=\"footnote\">One or more typed copies of this document contain additional Ellen White handwritten interlineations which may be viewed at the main office of the Ellen G. White Estate.</span></a></sup>",
    "puborder": 3444,
    "translations": []
  },
  {
    "para_id": "14063.5790006",
    "id_prev": "14063.5790005",
    "id_next": "14063.5790007",
    "refcode_1": "13LtMs",
    "refcode_2": "1",
    "refcode_3": "",
    "refcode_4": "1898013600",
    "refcode_short": "",
    "refcode_long": "",
    "element_type": "p",
    "element_subtype": "ltsalutation",
    "content": "Dear Children, Edson and Emma:",
    "puborder": 3445,
    "translations": []
  },
  {
    "para_id": "14063.5790007",
    "id_prev": "14063.5790006",
    "id_next": "14063.5790008",
    "refcode_1": "13LtMs",
    "refcode_2": "1",
    "refcode_3": "2504",
    "refcode_4": "1898013600",
    "refcode_short": "13LtMs, Lt 136, 1898, par. 1",
    "refcode_long": "Letters and Manuscripts — Volume 13 (1898), Lt 136, 1898, par. 1",
    "element_type": "p",
    "element_subtype": "standard-indented",
    "content": "I have a few words to say to you. You must not be discouraged. I know how hard you are striving to push the work forward, but as long as you have that portion of the field to work perplexities will arise, and your only relief will be to take these matters to the Lord in prayer. Do not dwell in silence; speak to the Lord and He will say, Here I am, what will you that I shall do?",
    "puborder": 3446,
    "translations": []
  },
  {
    "para_id": "14063.5790008",
    "id_prev": "14063.5790007",
    "id_next": "14063.5790009",
    "refcode_1": "13LtMs",
    "refcode_2": "1",
    "refcode_3": "2505",
    "refcode_4": "1898013600",
    "refcode_short": "13LtMs, Lt 136, 1898, par. 2",
    "refcode_long": "Letters and Manuscripts — Volume 13 (1898), Lt 136, 1898, par. 2",
    "element_type": "p",
    "element_subtype": "standard-indented",
    "content": "I am not so distressed as you may suppose I would be, because you are the Lord&rsquo;s agent, and God has ways and means, and He will surely fulfil His Word. You must consider that the righteousness of Christ shall go before you. Though you have made mistakes and errors, will God be pleased to have you fold your hands and do nothing? You are to call, and the Lord will answer, &ldquo;Here I am.&rdquo; [<span class=\"egwlink egwlink_bible\" title=\"Isaiah 58:9\" data-link=\"1965.38353\">Isaiah 58:9</span>.] Jesus Christ, your righteousness, shall go before you. He is light and truth. He forgives our transgressions and sins. Then move in faith, and love in prayer. The Lord Jesus is your righteousness. With His presence leading the way, there will be no fear of evil. The ever-recurring difficulties do not baffle the wisdom of Christ. &ldquo;I am the Way, the Truth, and the Life.&rdquo; [<span class=\"egwlink egwlink_bible\" title=\"John 14:6\" data-link=\"1965.54405\">John 14:6</span>.] Ask of God wisdom, and He says that it shall be given you. His mercy is full of pardon and grace to all who repent, and His mercy is not exhausted.",
    "puborder": 3447,
    "translations": []
  },
  {
    "para_id": "14063.5790009",
    "id_prev": "14063.5790008",
    "id_next": "14063.5790010",
    "refcode_1": "13LtMs",
    "refcode_2": "1",
    "refcode_3": "2506",
    "refcode_4": "1898013600",
    "refcode_short": "13LtMs, Lt 136, 1898, par. 3",
    "refcode_long": "Letters and Manuscripts — Volume 13 (1898), Lt 136, 1898, par. 3",
    "element_type": "p",
    "element_subtype": "standard-indented",
    "content": "We must keep advancing as fast as possible. The first and second messages are represented by angels flying through the midst of heaven, the second proclaiming the fall of Babylon. The third message is proclaimed with a loud voice by another angel flying in the midst of heaven. Read these messages and see their importance. We need to wake out of sleep and press together&mdash;press together in the doing of the work for this period of time.",
    "puborder": 3448,
    "translations": []
  },
  {
    "para_id": "14063.5790010",
    "id_prev": "14063.5790009",
    "id_next": "14063.5790011",
    "refcode_1": "13LtMs",
    "refcode_2": "1",
    "refcode_3": "2507",
    "refcode_4": "1898013600",
    "refcode_short": "13LtMs, Lt 136, 1898, par. 4",
    "refcode_long": "Letters and Manuscripts — Volume 13 (1898), Lt 136, 1898, par. 4",
    "element_type": "p",
    "element_subtype": "standard-indented",
    "content": "God has not purposed that there should be an organized board of directors to carry a stone in their hand with which to hinder and block every turn of the wheel. The stone which thy carry in their hand should be put behind the wheel, and before it, that every advance move may count. The neglect of doing the very work that ought to have been done in the Southern Field, and that could have been done is a manifest expression of the stubborn resistance of those in responsible positions against doing that work. The perplexities that confront the people are not impossibilities. Christ is the great Head of the church in 1898.",
    "puborder": 3449,
    "translations": []
  },
  {
    "para_id": "14063.5790011",
    "id_prev": "14063.5790010",
    "id_next": "14063.5790012",
    "refcode_1": "13LtMs",
    "refcode_2": "1",
    "refcode_3": "2508",
    "refcode_4": "1898013600",
    "refcode_short": "13LtMs, Lt 136, 1898, par. 5",
    "refcode_long": "Letters and Manuscripts — Volume 13 (1898), Lt 136, 1898, par. 5",
    "element_type": "p",
    "element_subtype": "standard-indented",
    "content": "With ever so few or ever so many, Christ is a power and a success wherever He may work. He knows how to press through the difficulties. You have been sorely tried, but the trial has worked for you good. You have had little encouragement, and when you asked for one of your mother&rsquo;s books at reduced rates they did not consider in their charge the were dealing with your mother. Now, Edson, is it possible that a mistake was made in the list of names of my friends to whom I made presents of some of my books? I am so sorry, so sorry, I would have delighted to have given you two of the books, one for you and one for Emma, and why your name was not on the list I cannot explain. Edson, I would not have had this occur for the value of a dozen books; but this is one of the mysteries that occur sometimes.",
    "puborder": 3450,
    "translations": []
  },
  {
    "para_id": "14063.5790012",
    "id_prev": "14063.5790011",
    "id_next": "14063.5790013",
    "refcode_1": "13LtMs",
    "refcode_2": "1",
    "refcode_3": "2509",
    "refcode_4": "1898013600",
    "refcode_short": "13LtMs, Lt 136, 1898, par. 6",
    "refcode_long": "Letters and Manuscripts — Volume 13 (1898), Lt 136, 1898, par. 6",
    "element_type": "p",
    "element_subtype": "standard-indented",
    "content": "If the enemy has used this as a temptation, be assured, my son, you are just as near my sympathies and heart as your brother, W. C. White. I am not near enough to you to do you favors. If I were there, I would gladly do these favors. If at any future time, I do not send you books, do not let the matter pass; obtain the books and charge them to your mother.",
    "puborder": 3451,
    "translations": []
  },
  {
    "para_id": "14063.5790013",
    "id_prev": "14063.5790012",
    "id_next": "14063.5790014",
    "refcode_1": "13LtMs",
    "refcode_2": "1",
    "refcode_3": "2510",
    "refcode_4": "1898013600",
    "refcode_short": "13LtMs, Lt 136, 1898, par. 7",
    "refcode_long": "Letters and Manuscripts — Volume 13 (1898), Lt 136, 1898, par. 7",
    "element_type": "p",
    "element_subtype": "standard-indented",
    "content": "You ask me what you shall do, for &lt;so little&gt; help is given to that portion of the field where you are working. Trust it all to the Lord. There is a way opened for you in regard to the Southern Field. Appeal to the people. This is the only course you can pursue under circumstances. Send no statement of the situation through the religious papers; because it will not be honored. Send direct to the people. God&rsquo;s ways are not to be &lt;counterworked&gt; by man&rsquo;s ways. There are those who have means and will give, some small sums and some large sums, but have it come direct to your destitute portion of the vineyard. The Lord has not specified any regular channel through which means should pass.",
    "puborder": 3452,
    "translations": []
  },
  {
    "para_id": "14063.5790014",
    "id_prev": "14063.5790013",
    "id_next": "14063.5790015",
    "refcode_1": "13LtMs",
    "refcode_2": "1",
    "refcode_3": "2511",
    "refcode_4": "1898013600",
    "refcode_short": "13LtMs, Lt 136, 1898, par. 8",
    "refcode_long": "Letters and Manuscripts — Volume 13 (1898), Lt 136, 1898, par. 8",
    "element_type": "p",
    "element_subtype": "standard-indented",
    "content": "In the efforts to save the perishing souls for Jesus that God has been presenting to the people as a field to be worked, let the work be done by whomsoever will work under the Lord&rsquo;s directions and then you will be blessed.",
    "puborder": 3453,
    "translations": []
  },
  {
    "para_id": "14063.5790015",
    "id_prev": "14063.5790014",
    "id_next": "14063.5790016",
    "refcode_1": "13LtMs",
    "refcode_2": "1",
    "refcode_3": "2512",
    "refcode_4": "1898013600",
    "refcode_short": "13LtMs, Lt 136, 1898, par. 9",
    "refcode_long": "Letters and Manuscripts — Volume 13 (1898), Lt 136, 1898, par. 9",
    "element_type": "p",
    "element_subtype": "standard-indented",
    "content": "I do not know, Edson, how many things ought to be said, and how many things should be left unsaid. I know you have had a hard time. I know that you are in a difficult and a most dangerous field, made thus because of the prejudice of the whites against the blacks, and because our brethren have not interested themselves personally in that field to decide how it should be worked. Our brethren do not yet have correct ideas, and they button up their coats over their hearts, hearts that should go out in sympathy and tenderness and encouragement to the laborers in that poor, destitute, neglected field.",
    "puborder": 3454,
    "translations": []
  },
  {
    "para_id": "14063.5790016",
    "id_prev": "14063.5790015",
    "id_next": "14063.5790017",
    "refcode_1": "13LtMs",
    "refcode_2": "1",
    "refcode_3": "2513",
    "refcode_4": "1898013600",
    "refcode_short": "13LtMs, Lt 136, 1898, par. 10",
    "refcode_long": "Letters and Manuscripts — Volume 13 (1898), Lt 136, 1898, par. 10",
    "element_type": "p",
    "element_subtype": "standard-indented",
    "content": "Much as I would be pleased to have you with me and receive your help, I have not yet got to the point where I can say, Come. As you seem to have so great a burden upon you, I must say, Work on in faith. If your brethren do not feel disposed to take in the situation, hold on and do your level best. Is it not enough that God has accepted your labors &lt;and encouraged you,&gt; although they have not been altogether free from mistakes? Then let not your heart be made sad because your brethren are not doing as God would have them to do. Go right forward. Though left nearly empty-handed, yet do your best, though but little interest is manifested in the welfare of these unfortunate colored people in the Southern States who are under a cloud of woe and oppression.",
    "puborder": 3455,
    "translations": []
  },
  {
    "para_id": "14063.5790017",
    "id_prev": "14063.5790016",
    "id_next": "14063.5790018",
    "refcode_1": "13LtMs",
    "refcode_2": "1",
    "refcode_3": "2514",
    "refcode_4": "1898013600",
    "refcode_short": "13LtMs, Lt 136, 1898, par. 11",
    "refcode_long": "Letters and Manuscripts — Volume 13 (1898), Lt 136, 1898, par. 11",
    "element_type": "p",
    "element_subtype": "standard-indented",
    "content": "It was presented to me that God in His providence was measuring the temple and the worshippers therein. There are those who, in the providence of God, have been placed in positions where they have received many blessings. With self-denial and self-sacrifice these could do a good work in imparting to the most needy and suffering ones, to those who have few blessings and but little encouragement. This is a work which God has laid upon every saint to do, and for the neglect of which they will be held accountable. The Lord marks the longing of many souls for privileges, that they might become better informed and better clothed. The angels of the Lord are looking to see what testimony they can carry to the courts above of this suffering class. O, that those who have so many comforts of life would deny self, take up the cross, and follow Jesus!",
    "puborder": 3456,
    "translations": []
  },
  {
    "para_id": "14063.5790018",
    "id_prev": "14063.5790017",
    "id_next": "14063.5790019",
    "refcode_1": "13LtMs",
    "refcode_2": "1",
    "refcode_3": "2515",
    "refcode_4": "1898013600",
    "refcode_short": "13LtMs, Lt 136, 1898, par. 12",
    "refcode_long": "Letters and Manuscripts — Volume 13 (1898), Lt 136, 1898, par. 12",
    "element_type": "p",
    "element_subtype": "standard-indented",
    "content": "Human beings in their suffering humanity are crying unto God, and their prayers are just as surely coming up before God as did the blood of Abel. Christlike men will not employ their time in devising to profit self, and promote their own interest. God is not indifferent to the pressing need of white or black in any place, wherever they may be. Who is saying, &ldquo;Be thou warmed, and be thou clothed and fed,&rdquo; yet do nothing to relieve the situation? [<span class=\"egwlink egwlink_bible\" title=\"James 2:16\" data-link=\"1965.61828\">James 2:16</span>.] The indiscriminate almsgiving is often more injurious than helpful. It often encourages idleness and destroys self-respect. In the Southern Field small churches are to be built. If they are burned, this act will stand as a witness against the men who oppose the work of God, when the judgment shall sit and the books be opened, and every one judged according to the deeds written in the books.",
    "puborder": 3457,
    "translations": []
  },
  {
    "para_id": "14063.5790019",
    "id_prev": "14063.5790018",
    "id_next": "14063.7165001",
    "refcode_1": "13LtMs",
    "refcode_2": "1",
    "refcode_3": "2516",
    "refcode_4": "1898013600",
    "refcode_short": "13LtMs, Lt 136, 1898, par. 13",
    "refcode_long": "Letters and Manuscripts — Volume 13 (1898), Lt 136, 1898, par. 13",
    "element_type": "p",
    "element_subtype": "standard-indented",
    "content": "I am glad and thankful for this step taken by Brother Smouse. If the work is made dangerous in one place, go to another and labor. But move discreetly, so that the work shall not be destroyed. Our responsible men stand in need of the Holy Spirit&rsquo;s power. To send men who are rash and inconsiderate into the Southern Field will be to create a prejudice and hatred that will come from the opposing white and blacks. Ministers who teach the blacks will report and a tissue of lies concerning the work of God which will give the Southern people a supposed excuse to create mobs, and thus the field will be closed. Said Christ, &ldquo;Behold I send you forth as sheep among wolves. Be ye therefore wise as serpents and harmless as doves.&rdquo; [<span class=\"egwlink egwlink_bible\" title=\"Matthew 10:16\" data-link=\"1965.47848\">Matthew 10:16</span>.]",
    "puborder": 3458,
    "translations": []
  }
]