[
  {
    "para_id": "14063.13112001",
    "id_prev": "14063.6332043",
    "id_next": "14063.13112002",
    "refcode_1": "13LtMs",
    "refcode_2": "1",
    "refcode_3": "",
    "refcode_4": "1898110600",
    "refcode_short": "13LtMs, Ms 106, 1898",
    "refcode_long": "Letters and Manuscripts — Volume 13 (1898), Ms 106, 1898",
    "element_type": "h4",
    "element_subtype": "",
    "content": "Ms 106, 1898",
    "puborder": 7364,
    "translations": []
  },
  {
    "para_id": "14063.13112002",
    "id_prev": "14063.13112001",
    "id_next": "14063.13112003",
    "refcode_1": "13LtMs",
    "refcode_2": "1",
    "refcode_3": "",
    "refcode_4": "1898110600",
    "refcode_short": "",
    "refcode_long": "",
    "element_type": "p",
    "element_subtype": "mstitle",
    "content": "Diary [Dec.]",
    "puborder": 7365,
    "translations": []
  },
  {
    "para_id": "14063.13112003",
    "id_prev": "14063.13112002",
    "id_next": "14063.5617001",
    "refcode_1": "13LtMs",
    "refcode_2": "1",
    "refcode_3": "",
    "refcode_4": "1898110600",
    "refcode_short": "",
    "refcode_long": "",
    "element_type": "p",
    "element_subtype": "mspubinfo",
    "content": "Refiled as <span class=\"egwlink egwlink_book\" title=\"Ms 28, 1890\" data-link=\"14056.5981001\">Ms 28, 1890</span>.",
    "puborder": 7366,
    "translations": []
  }
]