[
  {
    "para_id": "14063.7105001",
    "id_prev": "14063.6118019",
    "id_next": "14063.7105004",
    "refcode_1": "13LtMs",
    "refcode_2": "1",
    "refcode_3": "",
    "refcode_4": "1898001800",
    "refcode_short": "13LtMs, Lt 18, 1898",
    "refcode_long": "Letters and Manuscripts — Volume 13 (1898), Lt 18, 1898",
    "element_type": "h4",
    "element_subtype": "",
    "content": "Lt 18, 1898",
    "puborder": 482,
    "translations": []
  },
  {
    "para_id": "14063.7105004",
    "id_prev": "14063.7105001",
    "id_next": "14063.7105002",
    "refcode_1": "13LtMs",
    "refcode_2": "1",
    "refcode_3": "",
    "refcode_4": "1898001800",
    "refcode_short": "",
    "refcode_long": "",
    "element_type": "p",
    "element_subtype": "ltaddressee",
    "content": "Jones, C. H.",
    "puborder": 483,
    "translations": []
  },
  {
    "para_id": "14063.7105002",
    "id_prev": "14063.7105004",
    "id_next": "14063.7105003",
    "refcode_1": "13LtMs",
    "refcode_2": "1",
    "refcode_3": "",
    "refcode_4": "1898001800",
    "refcode_short": "",
    "refcode_long": "",
    "element_type": "p",
    "element_subtype": "ltplace",
    "content": "<span class=\"ltplace\" value=\"Balaclava, Victoria, Australia\">Balaclava, Melbourne, Victoria, Australia</span>",
    "puborder": 484,
    "translations": []
  },
  {
    "para_id": "14063.7105003",
    "id_prev": "14063.7105002",
    "id_next": "14063.7105005",
    "refcode_1": "13LtMs",
    "refcode_2": "1",
    "refcode_3": "",
    "refcode_4": "1898001800",
    "refcode_short": "",
    "refcode_long": "",
    "element_type": "p",
    "element_subtype": "ltdate",
    "content": "<span class=\"ltdate\" start=\"March 23, 1898\">March 23, 1898</span>",
    "puborder": 485,
    "translations": []
  },
  {
    "para_id": "14063.7105005",
    "id_prev": "14063.7105003",
    "id_next": "14063.7105006",
    "refcode_1": "13LtMs",
    "refcode_2": "1",
    "refcode_3": "",
    "refcode_4": "1898001800",
    "refcode_short": "",
    "refcode_long": "",
    "element_type": "p",
    "element_subtype": "ltpubinfo",
    "content": "Portions of this letter are published in <span class=\"egwlink egwlink_book\" title=\"Ev 432\" data-link=\"30.2371\">Ev 432-433</span>, <span class=\"egwlink egwlink_book\" title=\"Ev 437\" data-link=\"30.2399\">437</span>, <span class=\"egwlink egwlink_book\" title=\"Ev 446\" data-link=\"30.2452\">446-447</span>.",
    "puborder": 486,
    "translations": []
  },
  {
    "para_id": "14063.7105006",
    "id_prev": "14063.7105005",
    "id_next": "14063.7105007",
    "refcode_1": "13LtMs",
    "refcode_2": "1",
    "refcode_3": "",
    "refcode_4": "1898001800",
    "refcode_short": "",
    "refcode_long": "",
    "element_type": "p",
    "element_subtype": "ltsalutation",
    "content": "Dear _____:",
    "puborder": 487,
    "translations": []
  },
  {
    "para_id": "14063.7105007",
    "id_prev": "14063.7105006",
    "id_next": "14063.7105008",
    "refcode_1": "13LtMs",
    "refcode_2": "1",
    "refcode_3": "363",
    "refcode_4": "1898001800",
    "refcode_short": "13LtMs, Lt 18, 1898, par. 1",
    "refcode_long": "Letters and Manuscripts — Volume 13 (1898), Lt 18, 1898, par. 1",
    "element_type": "p",
    "element_subtype": "standard-indented",
    "content": "I have now been in Melbourne for four weeks next Friday. I have spoken seven times in the tent to interested audiences. One week ago I spoke by urgent request to the church at North Fitzroy. But I do not have as much freedom when speaking to our churches as I do when speaking to those who have not heard the last message of mercy. Those who have a knowledge of the truth should have root in themselves, and should feel an intense interest for the poor souls to whom the light of truth has not been presented. My heart is much burdened for those who are ignorant of the truth, in the darkness of error. Light has been given me in reference to our last camp meetings in Melbourne and Sydney.",
    "puborder": 488,
    "translations": []
  },
  {
    "para_id": "14063.7105008",
    "id_prev": "14063.7105007",
    "id_next": "14063.7105009",
    "refcode_1": "13LtMs",
    "refcode_2": "1",
    "refcode_3": "364",
    "refcode_4": "1898001800",
    "refcode_short": "13LtMs, Lt 18, 1898, par. 2",
    "refcode_long": "Letters and Manuscripts — Volume 13 (1898), Lt 18, 1898, par. 2",
    "element_type": "p",
    "element_subtype": "standard-indented",
    "content": "I was shown that our people make a great mistake when, after holding a camp meeting and gathering a few souls, they take down the tents and feel that their duty is done. Their work had only just begun. They have preached doctrines that are new and strange to the people who heard them, and then left the seed sown to be picked up by the birds, or else to wither away for want of moisture. The Lord is not pleased with this manner of working. After the truth has been presented to souls, there are those, ministers, friends, and acquaintances, who will pick up the seed sown if possible. These human birds make the truth appear as error, and do not give the one convicted any rest until they have devoured the seed by false assertions.",
    "puborder": 489,
    "translations": []
  },
  {
    "para_id": "14063.7105009",
    "id_prev": "14063.7105008",
    "id_next": "14063.7105010",
    "refcode_1": "13LtMs",
    "refcode_2": "1",
    "refcode_3": "365",
    "refcode_4": "1898001800",
    "refcode_short": "13LtMs, Lt 18, 1898, par. 3",
    "refcode_long": "Letters and Manuscripts — Volume 13 (1898), Lt 18, 1898, par. 3",
    "element_type": "p",
    "element_subtype": "standard-indented",
    "content": "What should be done? After the camp meeting is over, establish a mission. Let the very best workers that can be found be organized into a company to sell our literature and also give away papers to some that cannot buy. Preparatory work is not of one-half the value that the after work is. After the people have heard the reasons of our faith, let the house-to-house work begin. Become acquainted with the people, and read to them the precious words of Christ. Lift up Jesus crucified among them, and soon those who have listened to the messages of warning from the ministers of God in the tent, and have been convicted, will be drawn out to inquire in regard to what they have heard.",
    "puborder": 490,
    "translations": []
  },
  {
    "para_id": "14063.7105010",
    "id_prev": "14063.7105009",
    "id_next": "14063.7105011",
    "refcode_1": "13LtMs",
    "refcode_2": "1",
    "refcode_3": "366",
    "refcode_4": "1898001800",
    "refcode_short": "13LtMs, Lt 18, 1898, par. 4",
    "refcode_long": "Letters and Manuscripts — Volume 13 (1898), Lt 18, 1898, par. 4",
    "element_type": "p",
    "element_subtype": "standard-indented",
    "content": "This is the time to present the reasons of our faith with meekness and fear, not a slavish fear, but a cautious fear lest you should speak unadvisedly. Present the truth as it is in Jesus, with all meekness and lowliness, which means with simplicity and in sincerity, giving meat in due season, and to every man his portion of meat.",
    "puborder": 491,
    "translations": []
  },
  {
    "para_id": "14063.7105011",
    "id_prev": "14063.7105010",
    "id_next": "14063.7105012",
    "refcode_1": "13LtMs",
    "refcode_2": "1",
    "refcode_3": "367",
    "refcode_4": "1898001800",
    "refcode_short": "13LtMs, Lt 18, 1898, par. 5",
    "refcode_long": "Letters and Manuscripts — Volume 13 (1898), Lt 18, 1898, par. 5",
    "element_type": "p",
    "element_subtype": "standard-indented",
    "content": "This work requires you to watch for souls as they that must give an account. If you have a love for souls, you will reveal a tender solicitude for them. You will offer humble, earnest, heartfelt prayers for those whom you visit. The fragrance of Christ&rsquo;s love will be revealed in your work. He who gave His own life, His own flesh and blood, for the life of the work will work with the unselfish worker to make an impression upon human minds.",
    "puborder": 492,
    "translations": []
  },
  {
    "para_id": "14063.7105012",
    "id_prev": "14063.7105011",
    "id_next": "14063.7105013",
    "refcode_1": "13LtMs",
    "refcode_2": "1",
    "refcode_3": "368",
    "refcode_4": "1898001800",
    "refcode_short": "13LtMs, Lt 18, 1898, par. 6",
    "refcode_long": "Letters and Manuscripts — Volume 13 (1898), Lt 18, 1898, par. 6",
    "element_type": "p",
    "element_subtype": "standard-indented",
    "content": "The tenderness of Christ must pervade the hearts of the workers. In San Francisco and Oakland some work has been done, but much more than a thousand times more should be done to reach the people where they are. The message is first to go to the higher classes. Thus the parable represents the work to do done. They must hear the invitation.",
    "puborder": 493,
    "translations": []
  },
  {
    "para_id": "14063.7105013",
    "id_prev": "14063.7105012",
    "id_next": "14063.7105014",
    "refcode_1": "13LtMs",
    "refcode_2": "1",
    "refcode_3": "369",
    "refcode_4": "1898001800",
    "refcode_short": "13LtMs, Lt 18, 1898, par. 7",
    "refcode_long": "Letters and Manuscripts — Volume 13 (1898), Lt 18, 1898, par. 7",
    "element_type": "p",
    "element_subtype": "standard-indented",
    "content": "Our ministers have a broader work to do than merely to preach. They are to minister in word and doctrine, but they are to do more than this. They must do less sermonizing, and give appropriate labor by seeking for the lost sheep. They are false shepherds if they do not seek for souls, watching for them as they that must give an account. This is the work in which they should earnestly and thoroughly engage. Give the birds no chance to pick up the seed sown. Keep on the track of souls. Show tact and skill when visiting families. Pray with them and for them. Bear the truth to them in great tenderness and love, and returns will surely come. If the minister and his wife can jointly engage in this work, they should do so.",
    "puborder": 494,
    "translations": []
  },
  {
    "para_id": "14063.7105014",
    "id_prev": "14063.7105013",
    "id_next": "14063.7105015",
    "refcode_1": "13LtMs",
    "refcode_2": "1",
    "refcode_3": "370",
    "refcode_4": "1898001800",
    "refcode_short": "13LtMs, Lt 18, 1898, par. 8",
    "refcode_long": "Letters and Manuscripts — Volume 13 (1898), Lt 18, 1898, par. 8",
    "element_type": "p",
    "element_subtype": "standard-indented",
    "content": "Seeking, watching for souls, means to have travail of soul for those ready to perish. This is the work that was taken up after the camp meetings in Melbourne and Sydney. One house opened its doors for Bible readings. As those in the house became interested, they desired their neighbors should hear also, and invited them to come and hear the wonderful things found in the Word of the living God. Public services were held nearly every evening during the week and on Sabbath and Sunday. These meetings have been kept up in both Melbourne and Sydney.",
    "puborder": 495,
    "translations": []
  },
  {
    "para_id": "14063.7105015",
    "id_prev": "14063.7105014",
    "id_next": "14063.7105016",
    "refcode_1": "13LtMs",
    "refcode_2": "1",
    "refcode_3": "371",
    "refcode_4": "1898001800",
    "refcode_short": "13LtMs, Lt 18, 1898, par. 9",
    "refcode_long": "Letters and Manuscripts — Volume 13 (1898), Lt 18, 1898, par. 9",
    "element_type": "p",
    "element_subtype": "standard-indented",
    "content": "In Stanmore, a suburb near Sydney, the tent has stood since October. Fifty three have been baptized, and the last letter I received states that others are convicted, but not yet fully converted. The visiting from house to house has accomplished a great good, and I know that the end is not yet. Quite a number who did not attend the camp meeting at all have been converted. As souls became interested, they began to pledge money for a meetinghouse without being asked. Before they had as yet taken their stand, one man and his wife pledged five pounds each, and after they were converted to the truth, they doubled their pledges. Four men who have taken their stand were in government employ. Two were given the Sabbath. The other two, who had been in their positions for fourteen and sixteen years, were dismissed.",
    "puborder": 496,
    "translations": []
  },
  {
    "para_id": "14063.7105016",
    "id_prev": "14063.7105015",
    "id_next": "14063.7105017",
    "refcode_1": "13LtMs",
    "refcode_2": "1",
    "refcode_3": "372",
    "refcode_4": "1898001800",
    "refcode_short": "13LtMs, Lt 18, 1898, par. 10",
    "refcode_long": "Letters and Manuscripts — Volume 13 (1898), Lt 18, 1898, par. 10",
    "element_type": "p",
    "element_subtype": "standard-indented",
    "content": "One brother, Bro. Sharpe, took his position firmly, and lost his place. For one week his faith was tried, and then he secured a better place. The gentleman who now employs him heard that he had lost his situation. This gentleman was at this time keeping his own books while his bookkeeper took a vacation. He saw that he was trusting an unfaithful steward, for he found that his deliveries brought him in fifteen pounds more per month than when his bookkeeper kept the books. He heard that Brother Sharpe had lost his position, and he went to the man who had employed him, and asked about it. He was told that Mr. Sharpe had been dismissed.",
    "puborder": 497,
    "translations": []
  },
  {
    "para_id": "14063.7105017",
    "id_prev": "14063.7105016",
    "id_next": "14063.7105018",
    "refcode_1": "13LtMs",
    "refcode_2": "1",
    "refcode_3": "373",
    "refcode_4": "1898001800",
    "refcode_short": "13LtMs, Lt 18, 1898, par. 11",
    "refcode_long": "Letters and Manuscripts — Volume 13 (1898), Lt 18, 1898, par. 11",
    "element_type": "p",
    "element_subtype": "standard-indented",
    "content": "He asked if Mr. Sharpe had proved dishonest, and was told that he had not. &ldquo;Did he do his work well?&rdquo; he asked. Brother Sharpe&rsquo;s former employer answered, &ldquo;Yes; he was the most trustworthy hand I had, and his place is now filled by a man I cannot trust.&rdquo; &ldquo;Then why did you let such an honest, faithful worker leave your establishment?&rdquo; The answer was, &ldquo;He said that he had conscientious scruples in regard to the seventh day Sabbath. He said that he would make up his time by putting in extra time during the week; but I want no Sabbathkeeping influence about my premises.&rdquo; &ldquo;You have made a mistake,&rdquo; the merchant replied; and he left the store determined to secure Brother Sharpe&rsquo;s services if he could find him.",
    "puborder": 498,
    "translations": []
  },
  {
    "para_id": "14063.7105018",
    "id_prev": "14063.7105017",
    "id_next": "14063.7105019",
    "refcode_1": "13LtMs",
    "refcode_2": "1",
    "refcode_3": "374",
    "refcode_4": "1898001800",
    "refcode_short": "13LtMs, Lt 18, 1898, par. 12",
    "refcode_long": "Letters and Manuscripts — Volume 13 (1898), Lt 18, 1898, par. 12",
    "element_type": "p",
    "element_subtype": "standard-indented",
    "content": "He did find him, and secured him at the same wages he had formerly received, three pounds, ten shillings per week. He gave him a room larger and better healthwise for his work, and said, &ldquo;You are at liberty to keep Saturday, and I require no bonus. You may have the whole of Saturday as a holiday.&rdquo; (Here in Australia half a day on Saturday is given to the workers.)",
    "puborder": 499,
    "translations": []
  },
  {
    "para_id": "14063.7105019",
    "id_prev": "14063.7105018",
    "id_next": "14063.7105020",
    "refcode_1": "13LtMs",
    "refcode_2": "1",
    "refcode_3": "375",
    "refcode_4": "1898001800",
    "refcode_short": "13LtMs, Lt 18, 1898, par. 13",
    "refcode_long": "Letters and Manuscripts — Volume 13 (1898), Lt 18, 1898, par. 13",
    "element_type": "p",
    "element_subtype": "standard-indented",
    "content": "Brother Stuckey, who holds an important position in government employ, was given the Sabbath. His wife and daughter are with him in the faith. Another family of excellent influence have taken their stand. They are conscientious, and train their children well. They are temperate in eating and drinking, and before they heard the truth did not use tea, coffee, or meat. They are among the most precious ones who have taken hold of the truth. The husband lost his situation, but nevertheless they are happy in the love of God. The Lord will open a way for them. I presented them with my books, <span class=\"egwlink egwlink_book\" title=\"GC88\" data-link=\"133.2\"><em>Great Controversy</em></span>, and <span class=\"egwlink egwlink_book\" title=\"PP\" data-link=\"84.4\"><em>Patriarchs and Prophets</em></span>, and other books. I do a great deal of this work, and it is a success in binding off the work.",
    "puborder": 500,
    "translations": []
  },
  {
    "para_id": "14063.7105020",
    "id_prev": "14063.7105019",
    "id_next": "14063.7105021",
    "refcode_1": "13LtMs",
    "refcode_2": "1",
    "refcode_3": "376",
    "refcode_4": "1898001800",
    "refcode_short": "13LtMs, Lt 18, 1898, par. 14",
    "refcode_long": "Letters and Manuscripts — Volume 13 (1898), Lt 18, 1898, par. 14",
    "element_type": "p",
    "element_subtype": "standard-indented",
    "content": "Others are fully decided, but their business is in a peculiar shape. The wife of one of them is one of the finest and firmest of those who have come out. Her husband says he will take his position soon.",
    "puborder": 501,
    "translations": []
  },
  {
    "para_id": "14063.7105021",
    "id_prev": "14063.7105020",
    "id_next": "14063.7105022",
    "refcode_1": "13LtMs",
    "refcode_2": "1",
    "refcode_3": "377",
    "refcode_4": "1898001800",
    "refcode_short": "13LtMs, Lt 18, 1898, par. 15",
    "refcode_long": "Letters and Manuscripts — Volume 13 (1898), Lt 18, 1898, par. 15",
    "element_type": "p",
    "element_subtype": "standard-indented",
    "content": "It is wonderful how many aged people the workers find who need but little labor to lead them to receive the truth, Sabbath and all. Why, they say, this is what we have been praying for. We knew that the Scriptures had much to say upon subjects that the clergymen did not and could not explain to us. These do little else but rejoice in the light and in the truth. Their joy seems to be full.",
    "puborder": 502,
    "translations": []
  },
  {
    "para_id": "14063.7105022",
    "id_prev": "14063.7105021",
    "id_next": "14063.7105023",
    "refcode_1": "13LtMs",
    "refcode_2": "1",
    "refcode_3": "378",
    "refcode_4": "1898001800",
    "refcode_short": "13LtMs, Lt 18, 1898, par. 16",
    "refcode_long": "Letters and Manuscripts — Volume 13 (1898), Lt 18, 1898, par. 16",
    "element_type": "p",
    "element_subtype": "standard-indented",
    "content": "The building of the chapel will establish these new believers. They will have a home where they can worship God and keep His holy Sabbath. Elder Haskell writes that in seven weeks from the time the foundation was laid, the church will be ready to dedicate.",
    "puborder": 503,
    "translations": []
  },
  {
    "para_id": "14063.7105023",
    "id_prev": "14063.7105022",
    "id_next": "14063.7105024",
    "refcode_1": "13LtMs",
    "refcode_2": "1",
    "refcode_3": "379",
    "refcode_4": "1898001800",
    "refcode_short": "13LtMs, Lt 18, 1898, par. 17",
    "refcode_long": "Letters and Manuscripts — Volume 13 (1898), Lt 18, 1898, par. 17",
    "element_type": "p",
    "element_subtype": "standard-indented",
    "content": "From the experience of the workers in Sydney, we see that the efforts made after a camp meeting has closed are of far more consequence than the work done before. For years I have been shown that house-to-house labor is the work that will make the preaching of the Word a success. If those interested are not visited by our workers, other ministers get upon their tracks, and confuse them by misquoting and wresting the Scriptures. These people are not familiar with the Word; they think that their ministers must be true and unprejudiced men, and they give up their convictions. But if our workers can visit those interested, to explain the Word of truth to them more fully, revealing the truth in contrast to error, they will become established.",
    "puborder": 504,
    "translations": []
  },
  {
    "para_id": "14063.7105024",
    "id_prev": "14063.7105023",
    "id_next": "14063.7105025",
    "refcode_1": "13LtMs",
    "refcode_2": "1",
    "refcode_3": "380",
    "refcode_4": "1898001800",
    "refcode_short": "13LtMs, Lt 18, 1898, par. 18",
    "refcode_long": "Letters and Manuscripts — Volume 13 (1898), Lt 18, 1898, par. 18",
    "element_type": "p",
    "element_subtype": "standard-indented",
    "content": "Had this work been done, earnestly and vigilantly, had the workers perseveringly watched for souls as they that must give an account, many more sheaves would have been the fruit of the seed sown at our camp meetings.",
    "puborder": 505,
    "translations": []
  },
  {
    "para_id": "14063.7105025",
    "id_prev": "14063.7105024",
    "id_next": "14063.7105026",
    "refcode_1": "13LtMs",
    "refcode_2": "1",
    "refcode_3": "381",
    "refcode_4": "1898001800",
    "refcode_short": "13LtMs, Lt 18, 1898, par. 19",
    "refcode_long": "Letters and Manuscripts — Volume 13 (1898), Lt 18, 1898, par. 19",
    "element_type": "p",
    "element_subtype": "standard-indented",
    "content": "This work has also been carried on in Balaclava, Melbourne. There are now no less than fifty new Sabbathkeepers as the result of this personal labor, this hunting for souls. Unless the workers appointed by God do the most interested hunting for lost sheep, Satan will succeed in his work of destroying, and souls will be lost that might have been found and restored.",
    "puborder": 506,
    "translations": []
  },
  {
    "para_id": "14063.7105026",
    "id_prev": "14063.7105025",
    "id_next": "14063.7105027",
    "refcode_1": "13LtMs",
    "refcode_2": "1",
    "refcode_3": "382",
    "refcode_4": "1898001800",
    "refcode_short": "13LtMs, Lt 18, 1898, par. 20",
    "refcode_long": "Letters and Manuscripts — Volume 13 (1898), Lt 18, 1898, par. 20",
    "element_type": "p",
    "element_subtype": "standard-indented",
    "content": "The success of the efforts made in Sydney and Melbourne gives us courage in the Lord. If these efforts had been made after all our camp meetings, as a part of the appointed plan, many more souls would have responded to the light given. If in the place of holding institutes to convert the ministers, and to fit them for the work, the ministers had been given a work to do in the places where camp meetings have been held; if after being fed with the bread of life by a miracle of God&rsquo;s mercy, they were set to work to feed other souls, the directions given by the Lord would be carried out when He said, &ldquo;Gather up the fragments that remain, that nothing be lost.&rdquo; [<span class=\"egwlink egwlink_bible\" title=\"John 6:12\" data-link=\"1965.53587\">John 6:12</span>.] The ministers, after being set at work as hunters for souls, would obtain a greater experience than they would by listening to the teaching given in Ministerial Institutes.",
    "puborder": 507,
    "translations": []
  },
  {
    "para_id": "14063.7105027",
    "id_prev": "14063.7105026",
    "id_next": "14063.7105028",
    "refcode_1": "13LtMs",
    "refcode_2": "1",
    "refcode_3": "383",
    "refcode_4": "1898001800",
    "refcode_short": "13LtMs, Lt 18, 1898, par. 21",
    "refcode_long": "Letters and Manuscripts — Volume 13 (1898), Lt 18, 1898, par. 21",
    "element_type": "p",
    "element_subtype": "standard-indented",
    "content": "God calls for self-denying, self-sacrificing workers. Those who devote their God-given time to hunting for souls, travailing for souls, watching for souls as they that must give an account, will obtain a rich experience. This experience they may gain by following up the large interest created by our camp meetings. As they communicate the precious truth of God&rsquo;s Word to others, their own hearts will be opened for the entrance of the Word. They will be instructed by the great Teacher. As they diffuse light to others, they will constantly receive more light.",
    "puborder": 508,
    "translations": []
  },
  {
    "para_id": "14063.7105028",
    "id_prev": "14063.7105027",
    "id_next": "14063.7105029",
    "refcode_1": "13LtMs",
    "refcode_2": "1",
    "refcode_3": "384",
    "refcode_4": "1898001800",
    "refcode_short": "13LtMs, Lt 18, 1898, par. 22",
    "refcode_long": "Letters and Manuscripts — Volume 13 (1898), Lt 18, 1898, par. 22",
    "element_type": "p",
    "element_subtype": "standard-indented",
    "content": "&ldquo;The entrance of thy word giveth light; it giveth understanding unto the simple.&rdquo; [<span class=\"egwlink egwlink_bible\" title=\"Psalm 119:130\" data-link=\"1965.32675\">Psalm 119:130</span>.] The word simple does not here mean weak-minded. It means those who are graced with humility, with whom God can work, in whose hearts the truth is a living, acting principle. All such God calls upon to do personal labor, as well as to preach the Word with the simplicity that characterized the teaching of Christ.",
    "puborder": 509,
    "translations": []
  },
  {
    "para_id": "14063.7105029",
    "id_prev": "14063.7105028",
    "id_next": "14063.7105030",
    "refcode_1": "13LtMs",
    "refcode_2": "1",
    "refcode_3": "385",
    "refcode_4": "1898001800",
    "refcode_short": "13LtMs, Lt 18, 1898, par. 23",
    "refcode_long": "Letters and Manuscripts — Volume 13 (1898), Lt 18, 1898, par. 23",
    "element_type": "p",
    "element_subtype": "standard-indented",
    "content": "All along the line faithful workers are called for. Christ has opened a fountain for the sinful, suffering world, and the voice of divine mercy is heard, &ldquo;Come, all ye thirsting souls; come and drink. You may take of the water of life freely. Ye weary, fainting, parched souls, come, and let him that heareth say, Come, and whosoever will, let him come.&rdquo; [See <span class=\"egwlink egwlink_bible\" title=\"Revelation 22:17\" data-link=\"1965.63452\">Revelation 22:17</span>.] Let every soul, women as well as men, sound this message. Then the work will be carried to the waste places of the earth.",
    "puborder": 510,
    "translations": []
  },
  {
    "para_id": "14063.7105030",
    "id_prev": "14063.7105029",
    "id_next": "14063.7105031",
    "refcode_1": "13LtMs",
    "refcode_2": "1",
    "refcode_3": "386",
    "refcode_4": "1898001800",
    "refcode_short": "13LtMs, Lt 18, 1898, par. 24",
    "refcode_long": "Letters and Manuscripts — Volume 13 (1898), Lt 18, 1898, par. 24",
    "element_type": "p",
    "element_subtype": "standard-indented",
    "content": "God calls for fishers of men. He calls for earnest workers, those who will be fishers of men. When the prophet Isaiah would describe the abundant blessings that would follow the abandonment of idolatry and the return of Israel to their loyalty to God, he says, &ldquo;In that day the Lord shall open fountains in the valleys, and living springs in the deserts; and with joy the people shall draw water out of the wells of salvation.&rdquo; [See <span class=\"egwlink egwlink_bible\" title=\"Isaiah 41:18\" data-link=\"1965.37684\">Isaiah 41:18</span>; <span class=\"egwlink egwlink_bible\" title=\"Isaiah 43:19\" data-link=\"1965.37796\">43:19, 20</span>; <span class=\"egwlink egwlink_bible\" title=\"Isaiah 12:3\" data-link=\"1965.36523\">12:3</span>.] Living streams will open to refresh all who are thirsting for the water of life.",
    "puborder": 511,
    "translations": []
  },
  {
    "para_id": "14063.7105031",
    "id_prev": "14063.7105030",
    "id_next": "14063.6616001",
    "refcode_1": "13LtMs",
    "refcode_2": "1",
    "refcode_3": "387",
    "refcode_4": "1898001800",
    "refcode_short": "13LtMs, Lt 18, 1898, par. 25",
    "refcode_long": "Letters and Manuscripts — Volume 13 (1898), Lt 18, 1898, par. 25",
    "element_type": "p",
    "element_subtype": "standard-indented",
    "content": "We need now to awake. We need to be in earnest. We have no time to lose. We are to go forward to victory. We must each engage in the warfare, pressing the battle to the gates. Not half is done that will be done when those who claim to believe the truth will work diligently. We have no time now to fold our hands. We must hunt for souls as the faithful shepherd hunts for his lost sheep. God help us to help each other, to do our best.",
    "puborder": 512,
    "translations": []
  }
]