[
  {
    "para_id": "14063.6781001",
    "id_prev": "14063.5576030",
    "id_next": "14063.6781004",
    "refcode_1": "13LtMs",
    "refcode_2": "1",
    "refcode_3": "",
    "refcode_4": "1898104000",
    "refcode_short": "13LtMs, Ms 40, 1898",
    "refcode_long": "Letters and Manuscripts — Volume 13 (1898), Ms 40, 1898",
    "element_type": "h4",
    "element_subtype": "",
    "content": "Ms 40, 1898",
    "puborder": 5264,
    "translations": []
  },
  {
    "para_id": "14063.6781004",
    "id_prev": "14063.6781001",
    "id_next": "14063.6781002",
    "refcode_1": "13LtMs",
    "refcode_2": "1",
    "refcode_3": "",
    "refcode_4": "1898104000",
    "refcode_short": "",
    "refcode_long": "",
    "element_type": "p",
    "element_subtype": "mstitle",
    "content": "The Result of Disobedience",
    "puborder": 5265,
    "translations": []
  },
  {
    "para_id": "14063.6781002",
    "id_prev": "14063.6781004",
    "id_next": "14063.6781003",
    "refcode_1": "13LtMs",
    "refcode_2": "1",
    "refcode_3": "",
    "refcode_4": "1898104000",
    "refcode_short": "",
    "refcode_long": "",
    "element_type": "p",
    "element_subtype": "msplace",
    "content": "<span class=\"msplace\" value=\"NP\">NP</span>",
    "puborder": 5266,
    "translations": []
  },
  {
    "para_id": "14063.6781003",
    "id_prev": "14063.6781002",
    "id_next": "14063.6781005",
    "refcode_1": "13LtMs",
    "refcode_2": "1",
    "refcode_3": "",
    "refcode_4": "1898104000",
    "refcode_short": "",
    "refcode_long": "",
    "element_type": "p",
    "element_subtype": "msdate",
    "content": "<span class=\"msdate\" start=\"March 13, 1898\">March 13, 1898</span>",
    "puborder": 5267,
    "translations": []
  },
  {
    "para_id": "14063.6781005",
    "id_prev": "14063.6781003",
    "id_next": "14063.6781006",
    "refcode_1": "13LtMs",
    "refcode_2": "1",
    "refcode_3": "",
    "refcode_4": "1898104000",
    "refcode_short": "",
    "refcode_long": "",
    "element_type": "p",
    "element_subtype": "mspubinfo",
    "content": "Portions of this manuscript are published in <span class=\"egwlink egwlink_book\" title=\"CC 193\" data-link=\"17.1486\">CC 193</span>; <span class=\"egwlink egwlink_book\" title=\"CTr 159\" data-link=\"9.1219\">CTr 159</span>. +<sup class=\"footnote\"><a class=\"footnote\">Note<span class=\"footnote\">One or more typed copies of this document contain additional Ellen White handwritten interlineations which may be viewed at the main office of the Ellen G. White Estate.</span></a></sup>",
    "puborder": 5268,
    "translations": []
  },
  {
    "para_id": "14063.6781006",
    "id_prev": "14063.6781005",
    "id_next": "14063.6781007",
    "refcode_1": "13LtMs",
    "refcode_2": "1",
    "refcode_3": "3871",
    "refcode_4": "1898104000",
    "refcode_short": "13LtMs, Ms 40, 1898, par. 1",
    "refcode_long": "Letters and Manuscripts — Volume 13 (1898), Ms 40, 1898, par. 1",
    "element_type": "p",
    "element_subtype": "standard-indented",
    "content": "Because of transgression, Adam and Eve lost their beautiful Eden home. Those who have the history of Adam before them should ever shun the course of action that opened the floodgates of woe upon our world. Adam&rsquo;s descendants followed the imagination of their own hearts. Through His faithful messengers, the Lord warned them that in one hundred and twenty years, if they did not repent, He would destroy the earth, and the inhabitants with a flood. They held their future in their own hands. If during their probation they would repent and turn to the Lord, He would avert His judgment. But they would not believe the message, and they laughed at Noah. They would not turn from their wickedness to obey the commands of God, and as the result the word of God was fulfilled to the letter.",
    "puborder": 5269,
    "translations": []
  },
  {
    "para_id": "14063.6781007",
    "id_prev": "14063.6781006",
    "id_next": "14063.6781008",
    "refcode_1": "13LtMs",
    "refcode_2": "1",
    "refcode_3": "3872",
    "refcode_4": "1898104000",
    "refcode_short": "13LtMs, Ms 40, 1898, par. 2",
    "refcode_long": "Letters and Manuscripts — Volume 13 (1898), Ms 40, 1898, par. 2",
    "element_type": "p",
    "element_subtype": "standard-indented",
    "content": "Many years after this the Lord spoke to His people from the pillar of cloud, promising to make them the most powerful people upon the face of the earth if they would obey His commandments. If they refused to do this, He must treat them as He can only in justice treat all apostates.",
    "puborder": 5270,
    "translations": []
  },
  {
    "para_id": "14063.6781008",
    "id_prev": "14063.6781007",
    "id_next": "14063.6781009",
    "refcode_1": "13LtMs",
    "refcode_2": "1",
    "refcode_3": "3873",
    "refcode_4": "1898104000",
    "refcode_short": "13LtMs, Ms 40, 1898, par. 3",
    "refcode_long": "Letters and Manuscripts — Volume 13 (1898), Ms 40, 1898, par. 3",
    "element_type": "p",
    "element_subtype": "standard-indented",
    "content": "&ldquo;And it shall come to pass,&rdquo; He declared, &ldquo;if thou shalt hearken diligently unto the voice of the Lord thy God, to observe and to do all his commandments, which I command thee this day, that the Lord thy God will set thee on high above all nations of the earth: and all these blessings shall come on thee, and overtake thee, if thou shalt hearken unto the voice of the Lord thy God. Blessed shalt thou be in the city, and blessed shalt thou be in the field. Blessed shall be the fruit of thy body, and the fruit of thy ground, and the fruit of thy cattle, the increase of thy kine, and the flocks of thy sheep. Blessed shall be thy basket and thy store. Blessed shalt thou be when thou comest in, and blessed shalt thou be when thou goest out. ... The Lord shall make thee the head, and not the tail; and thou shalt be above only, and thou shalt not be beneath; if that thou hearken unto the commandments of the Lord thy God, which I command thee this day to observe and to do them.&rdquo; [<span class=\"egwlink egwlink_bible\" title=\"Deuteronomy 28:1\" data-link=\"1965.11413\">Deuteronomy 28:1-6, 13</span>.]",
    "puborder": 5271,
    "translations": []
  },
  {
    "para_id": "14063.6781009",
    "id_prev": "14063.6781008",
    "id_next": "14063.6781010",
    "refcode_1": "13LtMs",
    "refcode_2": "1",
    "refcode_3": "3874",
    "refcode_4": "1898104000",
    "refcode_short": "13LtMs, Ms 40, 1898, par. 4",
    "refcode_long": "Letters and Manuscripts — Volume 13 (1898), Ms 40, 1898, par. 4",
    "element_type": "p",
    "element_subtype": "standard-indented",
    "content": "&ldquo;If ye walk in my statutes, and keep my commandments, and do them; then will I give you rain in due season, and the land shall yield her increase, and the trees of the field shall yield their fruit. And your threshing shall reach unto the vintage, and the vintage shall reach unto the sowing time: and ye shall eat your bread to the full, and dwell in your land safely. And I will give peace in the land and ye shall lie down, and none shall make you afraid: and I will rid evil beasts out of your land, neither shall the sword go through your land: and ye shall chase your enemies, and they shall fall before you by the sword: ... And I will set my tabernacle among you, and my soul shall not abhor you. And I will walk among you, and will be your God, and ye shall be my people.&rdquo; [<span class=\"egwlink egwlink_bible\" title=\"Leviticus 26:3\" data-link=\"1965.7176\">Leviticus 26:3-7, 11, 12</span>.]",
    "puborder": 5272,
    "translations": []
  },
  {
    "para_id": "14063.6781010",
    "id_prev": "14063.6781009",
    "id_next": "14063.6781011",
    "refcode_1": "13LtMs",
    "refcode_2": "1",
    "refcode_3": "3875",
    "refcode_4": "1898104000",
    "refcode_short": "13LtMs, Ms 40, 1898, par. 5",
    "refcode_long": "Letters and Manuscripts — Volume 13 (1898), Ms 40, 1898, par. 5",
    "element_type": "p",
    "element_subtype": "standard-indented",
    "content": "If the people obeyed the word of the Lord, doing all that the Lord commanded them, they could present themselves before God, and pray with confidence, &ldquo;Look down from thy holy habitation, from heaven, and bless thy people Israel, and the land which thou gavest us, as thou swarest unto our fathers.&rdquo; [<span class=\"egwlink egwlink_bible\" title=\"Deuteronomy 26:15\" data-link=\"1965.11349\">Deuteronomy 26:15</span>.]",
    "puborder": 5273,
    "translations": []
  },
  {
    "para_id": "14063.6781011",
    "id_prev": "14063.6781010",
    "id_next": "14063.6781012",
    "refcode_1": "13LtMs",
    "refcode_2": "1",
    "refcode_3": "3876",
    "refcode_4": "1898104000",
    "refcode_short": "13LtMs, Ms 40, 1898, par. 6",
    "refcode_long": "Letters and Manuscripts — Volume 13 (1898), Ms 40, 1898, par. 6",
    "element_type": "p",
    "element_subtype": "standard-indented",
    "content": "God specified also the sure result of a disregard for His commands. &ldquo;If ye will not hearken unto me,&rdquo; He said, &ldquo;and will not do all these commandments, ... I also will do this unto you: I will even appoint over you terror, consumption, and burning ague, that shall consume the eyes, and cause sorrow of heart: and ye shall sow your seed in vain, for your enemies shall eat it. And I will set my face against you; for ye shall be slain by your enemies. They that hate you shall reign over you, and ye shall flee when none pursueth you. And if ye will not yet for all this hearken unto me, then I will punish you seven times more for your sins, and I will break the pride of your power; and I will make your heaven as iron, and your earth as brass, and your strength shall be spent in vain; for your land shall not yield her increase, neither shall the trees of the land yield their fruits.&rdquo; [<span class=\"egwlink egwlink_bible\" title=\"Leviticus 26:14\" data-link=\"1965.7198\">Leviticus 26:14, 16-20</span>.]",
    "puborder": 5274,
    "translations": []
  },
  {
    "para_id": "14063.6781012",
    "id_prev": "14063.6781011",
    "id_next": "14063.6781013",
    "refcode_1": "13LtMs",
    "refcode_2": "1",
    "refcode_3": "3877",
    "refcode_4": "1898104000",
    "refcode_short": "13LtMs, Ms 40, 1898, par. 7",
    "refcode_long": "Letters and Manuscripts — Volume 13 (1898), Ms 40, 1898, par. 7",
    "element_type": "p",
    "element_subtype": "standard-indented",
    "content": "&ldquo;It shall come to pass if thou wilt not hearken unto the voice of the Lord thy God, to observe to do all his commandments and statutes, which I command you this day, that all these curses shall come unto thee, and overtake thee. Cursed shalt thou be in the city, and cursed shalt thou be in the field. Cursed shalt be thy basket and thy store. Cursed shall be the fruit of the body, and the fruit of the land, the increase of thy kine, and the flocks of thy sheep. Cursed shalt thou be when thou comest in, and cursed shalt thou be when thou goest out.&rdquo; [<span class=\"egwlink egwlink_bible\" title=\"Deuteronomy 28:15\" data-link=\"1965.11441\">Deuteronomy 28:15-19</span>.]",
    "puborder": 5275,
    "translations": []
  },
  {
    "para_id": "14063.6781013",
    "id_prev": "14063.6781012",
    "id_next": "14063.6781014",
    "refcode_1": "13LtMs",
    "refcode_2": "1",
    "refcode_3": "3878",
    "refcode_4": "1898104000",
    "refcode_short": "13LtMs, Ms 40, 1898, par. 8",
    "refcode_long": "Letters and Manuscripts — Volume 13 (1898), Ms 40, 1898, par. 8",
    "element_type": "p",
    "element_subtype": "standard-indented",
    "content": "This is the result of disobedience and transgression. Let all read carefully the <span class=\"egwlink egwlink_bible\" title=\"Deuteronomy 28:1\" data-link=\"1965.11413\">twenty-eighth chapter of Deuteronomy</span>, realizing that it makes every difference to a people whether they are obedient or disobedient to the law of Jehovah.",
    "puborder": 5276,
    "translations": []
  },
  {
    "para_id": "14063.6781014",
    "id_prev": "14063.6781013",
    "id_next": "14063.6781015",
    "refcode_1": "13LtMs",
    "refcode_2": "1",
    "refcode_3": "3879",
    "refcode_4": "1898104000",
    "refcode_short": "13LtMs, Ms 40, 1898, par. 9",
    "refcode_long": "Letters and Manuscripts — Volume 13 (1898), Ms 40, 1898, par. 9",
    "element_type": "p",
    "element_subtype": "standard-indented",
    "content": "The prophecies regarding Israel were fulfilled to the letter. God permitted His chosen people to be scattered as captives in strange lands. When they repented, God took them to Himself again, and established them in His own land. But their continual disobedience resulted in their complete overthrow, and in the overthrow of Jerusalem.",
    "puborder": 5277,
    "translations": []
  },
  {
    "para_id": "14063.6781015",
    "id_prev": "14063.6781014",
    "id_next": "14063.6781016",
    "refcode_1": "13LtMs",
    "refcode_2": "1",
    "refcode_3": "3880",
    "refcode_4": "1898104000",
    "refcode_short": "13LtMs, Ms 40, 1898, par. 10",
    "refcode_long": "Letters and Manuscripts — Volume 13 (1898), Ms 40, 1898, par. 10",
    "element_type": "p",
    "element_subtype": "standard-indented",
    "content": "&ldquo;It shall come to pass,&rdquo; the Lord declared, &ldquo;when all these things are come upon thee, the blessing and the curse, which I have set before thee, and thou shalt call them to mind among all the nations whither the Lord thy God hath driven thee, and shalt return unto the Lord thy God, and shalt obey his voice, according to all that I command thee this day, thou and thy children, with all thy heart, and with all thy soul, ... the Lord thy God will put all thy curses upon thine enemies, and on them that hate thee, which persecuted thee. ... For this commandment which I command thee this day, it is not hidden from thee, neither is it afar off. It is not in heaven, that thou shouldest say, Who shall go up for us to heaven, and bring it unto us, that we may hear it, and do it? Neither is it beyond the sea, that thou shouldest say, Who shall go over the sea for us? and bring it nigh unto us, that we may hear it, and do it? But the word is very nigh thee, in thy mouth, and in thy heart, that thou mayest do it.&rdquo; [<span class=\"egwlink egwlink_bible\" title=\"Deuteronomy 30:1\" data-link=\"1965.11609\">Deuteronomy 30:1, 2, 7, 11-14</span>.]",
    "puborder": 5278,
    "translations": []
  },
  {
    "para_id": "14063.6781016",
    "id_prev": "14063.6781015",
    "id_next": "14063.6781017",
    "refcode_1": "13LtMs",
    "refcode_2": "1",
    "refcode_3": "3881",
    "refcode_4": "1898104000",
    "refcode_short": "13LtMs, Ms 40, 1898, par. 11",
    "refcode_long": "Letters and Manuscripts — Volume 13 (1898), Ms 40, 1898, par. 11",
    "element_type": "p",
    "element_subtype": "standard-indented",
    "content": "Please read carefully to the end of this chapter. The Lord gave directions that these commands should be put into song, and sung by all the Israel of God, lest these matters of such great importance should be forgotten.",
    "puborder": 5279,
    "translations": []
  },
  {
    "para_id": "14063.6781017",
    "id_prev": "14063.6781016",
    "id_next": "14063.6781018",
    "refcode_1": "13LtMs",
    "refcode_2": "1",
    "refcode_3": "3882",
    "refcode_4": "1898104000",
    "refcode_short": "13LtMs, Ms 40, 1898, par. 12",
    "refcode_long": "Letters and Manuscripts — Volume 13 (1898), Ms 40, 1898, par. 12",
    "element_type": "p",
    "element_subtype": "standard-indented",
    "content": "God promised that by obedience to His law, the people would be exalted and made the representatives of His goodness, mercy, and love. Jesus was the hope and the tree of life to His elect and chosen people. He promised that sickness should not prey upon their bodies. But if they followed a course independent of God, they would be under the controlling power of Satan the destroyer.",
    "puborder": 5280,
    "translations": []
  },
  {
    "para_id": "14063.6781018",
    "id_prev": "14063.6781017",
    "id_next": "14063.6781019",
    "refcode_1": "13LtMs",
    "refcode_2": "1",
    "refcode_3": "3883",
    "refcode_4": "1898104000",
    "refcode_short": "13LtMs, Ms 40, 1898, par. 13",
    "refcode_long": "Letters and Manuscripts — Volume 13 (1898), Ms 40, 1898, par. 13",
    "element_type": "p",
    "element_subtype": "standard-indented",
    "content": "It was because the Lord&rsquo;s chosen people did the very things that the Lord told them not to do that the sure result of their course of action came upon them. They separated from God. They opened the door of the heart to Satan&rsquo;s suggestions, and received his words as the words of God. They accepted maxims and ceremonies that God had not given. This brought in such a mass of rubbish that the principles given by Christ from the pillar of cloud were perverted. God could not give the people the blessings He longed to bestow upon them.",
    "puborder": 5281,
    "translations": []
  },
  {
    "para_id": "14063.6781019",
    "id_prev": "14063.6781018",
    "id_next": "14063.6781020",
    "refcode_1": "13LtMs",
    "refcode_2": "1",
    "refcode_3": "3884",
    "refcode_4": "1898104000",
    "refcode_short": "13LtMs, Ms 40, 1898, par. 14",
    "refcode_long": "Letters and Manuscripts — Volume 13 (1898), Ms 40, 1898, par. 14",
    "element_type": "p",
    "element_subtype": "standard-indented",
    "content": "The people for whom God had done so much separated themselves from God. Solomon erected an imposing pile of buildings for the idolatrous worship of idols of wood and stone. These buildings were partially destroyed by Josiah. He gave orders that every building and idol should be swept away. But the debris remained, confronting the temple of God. Afterwards, the question was asked by those who worshiped in the temple, how came these buildings and idols on the opposite side of the Jehoshaphat ravine? The answer was, The builder was Solomon, he whom God honored when he honored God, to whom was given the stewardship of the temple on Mount Moriah, then called the beloved of God.",
    "puborder": 5282,
    "translations": []
  },
  {
    "para_id": "14063.6781020",
    "id_prev": "14063.6781019",
    "id_next": "14063.6781021",
    "refcode_1": "13LtMs",
    "refcode_2": "1",
    "refcode_3": "3885",
    "refcode_4": "1898104000",
    "refcode_short": "13LtMs, Ms 40, 1898, par. 15",
    "refcode_long": "Letters and Manuscripts — Volume 13 (1898), Ms 40, 1898, par. 15",
    "element_type": "p",
    "element_subtype": "standard-indented",
    "content": "Solomon wrote the book of <span class=\"egwlink egwlink_bible\" title=\"Proverbs 1:1\" data-link=\"1965.33454\">Proverbs</span>, but after a time his wisdom became mingled with chaff. When came the chaff? After a manhood of such glorious promise, a change came in Solomon&rsquo;s history. He did not continue true to his purity and allegiance to God. He broke through the barriers which God had erected to preserve His people from idolatry. The Lord had singled out Israel as a nation, making them the depositaries of sacred truth, to be given to the world. But Solomon cherished pride of political powers. He encouraged alliances with pagan kingdoms. He procured the silver of Tarshish and the gold of Ophir, but it was at the expense of destroying sacred trusts. Evil communications corrupted good manners. One false movement led to an acquaintance with idolaters. He formed marriage alliances with the daughters of pagan worshipers, and his wives led him away from God. His separation from God through communication with idolaters ruined him.",
    "puborder": 5283,
    "translations": []
  },
  {
    "para_id": "14063.6781021",
    "id_prev": "14063.6781020",
    "id_next": "14063.6781022",
    "refcode_1": "13LtMs",
    "refcode_2": "1",
    "refcode_3": "3886",
    "refcode_4": "1898104000",
    "refcode_short": "13LtMs, Ms 40, 1898, par. 16",
    "refcode_long": "Letters and Manuscripts — Volume 13 (1898), Ms 40, 1898, par. 16",
    "element_type": "p",
    "element_subtype": "standard-indented",
    "content": "Those idols, peering above the trees of nature, confronting the temple, were the broken, defaced evidence that a man who separates from obedience to God will separate from wisdom and righteousness. They told the pitiful story that a man closely related to God, who offered such a prayer at the dedication of the temple, became an idolater, because of his idolatrous wives. For them he built those high places. He became the tool of Satan, and a slave to impulse. His fine sensibilities were blunted, his conscience seared. His perceptions, so clear and exalted in his early service, were clouded.",
    "puborder": 5284,
    "translations": []
  },
  {
    "para_id": "14063.6781022",
    "id_prev": "14063.6781021",
    "id_next": "14063.6781023",
    "refcode_1": "13LtMs",
    "refcode_2": "1",
    "refcode_3": "3887",
    "refcode_4": "1898104000",
    "refcode_short": "13LtMs, Ms 40, 1898, par. 17",
    "refcode_long": "Letters and Manuscripts — Volume 13 (1898), Ms 40, 1898, par. 17",
    "element_type": "p",
    "element_subtype": "standard-indented",
    "content": "In the early part of his reign, Solomon was visited by the Queen of Sheba. She came to see and hear his wisdom, and after she had heard him, she said that the half had not been told her. But his wise and strictly just reign changed. He who had known God and the truth made great outlay of means to please his godless wives. He made expensive gardens. God&rsquo;s money, which should have been held sacred to help the poor among the people, as God directed, was absorbed by the king&rsquo;s ambitious projects. It was diverted from its original channel. It was not expended to do for the nation the work of improvement that needed to be done. The suffering ones were not given houses and food and clothing, as God had specified they should be given. By his extravagant outlay of means, Solomon sought to please his wives and glorify himself. Thus he used the means which had been abundant, and brought a heavy taxation upon the poor.",
    "puborder": 5285,
    "translations": []
  },
  {
    "para_id": "14063.6781023",
    "id_prev": "14063.6781022",
    "id_next": "14063.6781024",
    "refcode_1": "13LtMs",
    "refcode_2": "1",
    "refcode_3": "3888",
    "refcode_4": "1898104000",
    "refcode_short": "13LtMs, Ms 40, 1898, par. 18",
    "refcode_long": "Letters and Manuscripts — Volume 13 (1898), Ms 40, 1898, par. 18",
    "element_type": "p",
    "element_subtype": "standard-indented",
    "content": "Solomon&rsquo;s heart was divided. His character was changed. How little dependence can be placed on human wisdom, human glory. From being a kind, just, God-fearing king, Solomon became a tyrant. His moral efficiency was gone, as the power is gone from a paralytic. He made an effort to incorporate light with darkness, to serve God and mammon. He felt at liberty to experiment in wild license. But Belial and purity could not mingle; and the course the king pursued brought its own penalty. He separated from God, and the knowledge of God departed from him. &ldquo;His wives turned away his heart after other gods, and his heart was not perfect with the Lord his God.&rdquo; [<span class=\"egwlink egwlink_bible\" title=\"1 Kings 11:4\" data-link=\"1965.18540\">1 Kings 11:4</span>.]",
    "puborder": 5286,
    "translations": []
  },
  {
    "para_id": "14063.6781024",
    "id_prev": "14063.6781023",
    "id_next": "14063.6781025",
    "refcode_1": "13LtMs",
    "refcode_2": "1",
    "refcode_3": "3889",
    "refcode_4": "1898104000",
    "refcode_short": "13LtMs, Ms 40, 1898, par. 19",
    "refcode_long": "Letters and Manuscripts — Volume 13 (1898), Ms 40, 1898, par. 19",
    "element_type": "p",
    "element_subtype": "standard-indented",
    "content": "Let every man strive in the strength of the Most High to preserve his integrity before God, at any cost. Better, far, lose wife and children rather than lose living connection with the source of light and power. Unholy marriages which God cannot bless or sanctify, will prove the ruin of many souls.",
    "puborder": 5287,
    "translations": []
  },
  {
    "para_id": "14063.6781025",
    "id_prev": "14063.6781024",
    "id_next": "14063.6781026",
    "refcode_1": "13LtMs",
    "refcode_2": "1",
    "refcode_3": "3890",
    "refcode_4": "1898104000",
    "refcode_short": "13LtMs, Ms 40, 1898, par. 20",
    "refcode_long": "Letters and Manuscripts — Volume 13 (1898), Ms 40, 1898, par. 20",
    "element_type": "p",
    "element_subtype": "standard-indented",
    "content": "Men who have the use of money are to learn a lesson from the history of Solomon. Those who have a competence are in continual danger of thinking that money and position will ensure them respect and they need not be so particular. But self-exaltation is but a bubble. By misusing the talents given him, Solomon apostatized from God. When God gives men prosperity, they are to beware of following the imaginations of their own hearts, lest they endanger the simplicity of their faith and deteriorate in religious experience.",
    "puborder": 5288,
    "translations": []
  },
  {
    "para_id": "14063.6781026",
    "id_prev": "14063.6781025",
    "id_next": "14063.6781027",
    "refcode_1": "13LtMs",
    "refcode_2": "1",
    "refcode_3": "",
    "refcode_4": "1898104000",
    "refcode_short": "",
    "refcode_long": "",
    "element_type": "p",
    "element_subtype": "thoughtbreak",
    "content": "*****",
    "puborder": 5289,
    "translations": []
  },
  {
    "para_id": "14063.6781027",
    "id_prev": "14063.6781026",
    "id_next": "14063.6781028",
    "refcode_1": "13LtMs",
    "refcode_2": "1",
    "refcode_3": "3891",
    "refcode_4": "1898104000",
    "refcode_short": "13LtMs, Ms 40, 1898, par. 21",
    "refcode_long": "Letters and Manuscripts — Volume 13 (1898), Ms 40, 1898, par. 21",
    "element_type": "p",
    "element_subtype": "standard-indented",
    "content": "He who was the invisible leader of the Lord&rsquo;s chosen people came to our world to meet the enemy of God and man singlehanded. The conflict went on, and how few understand that Christ had every day to meet Satan, who had through his temptations obtained control of the human race, leading them into idolatry. The Lord Jesus changed His position. He condescended to humble Himself. He laid aside His high command, and took human nature upon Him. He held fast to the divine nature, while He stood as the head of humanity, living the law of God in our world, and vindicating the honor and sanctity of this law. This He did that man should not voice the words of Satan that humanity could not obey the commandments of God.",
    "puborder": 5290,
    "translations": []
  },
  {
    "para_id": "14063.6781028",
    "id_prev": "14063.6781027",
    "id_next": "14063.5378001",
    "refcode_1": "13LtMs",
    "refcode_2": "1",
    "refcode_3": "3892",
    "refcode_4": "1898104000",
    "refcode_short": "13LtMs, Ms 40, 1898, par. 22",
    "refcode_long": "Letters and Manuscripts — Volume 13 (1898), Ms 40, 1898, par. 22",
    "element_type": "p",
    "element_subtype": "standard-indented",
    "content": "By His obedience in human nature Christ showed that fallen man can keep all the requirements of God. Man of himself cannot obey the law of God, but as we read the words of Peter, we see the position man is privileged to occupy through Jesus Christ. But diligent efforts must be made on the part of the human agent to cooperate with God. &ldquo;According as his divine power hath given unto us all things that pertain unto life and godliness, through the knowledge of him that hath called us to glory and virtue: whereby are given unto us exceeding great and precious promises: that by these ye might be partakers of the divine nature, having escaped the corruption that is in the world through lust.&rdquo; [<span class=\"egwlink egwlink_bible\" title=\"2 Peter 1:3\" data-link=\"1965.62185\">2 Peter 1:3, 4</span>.] If man lays hold of the divine nature, he works upon the plan of addition, adding grace to grace in perfecting a Christian character. And God will work for the constant, diligent seeker upon the plan of multiplication. &ldquo;Grace and peace be multiplied unto you,&rdquo; he says, &ldquo;through the knowledge of God and Jesus our Lord.&rdquo; [<span class=\"egwlink egwlink_bible\" title=\"2 Peter 1:2\" data-link=\"1965.62183\">Verse 2</span>.]",
    "puborder": 5291,
    "translations": []
  }
]