[
  {
    "para_id": "14063.6378001",
    "id_prev": "14063.5597034",
    "id_next": "14063.6378004",
    "refcode_1": "13LtMs",
    "refcode_2": "1",
    "refcode_3": "",
    "refcode_4": "1898017900",
    "refcode_short": "13LtMs, Lt 179, 1898",
    "refcode_long": "Letters and Manuscripts — Volume 13 (1898), Lt 179, 1898",
    "element_type": "h4",
    "element_subtype": "",
    "content": "Lt 179, 1898",
    "puborder": 3988,
    "translations": []
  },
  {
    "para_id": "14063.6378004",
    "id_prev": "14063.6378001",
    "id_next": "14063.6378002",
    "refcode_1": "13LtMs",
    "refcode_2": "1",
    "refcode_3": "",
    "refcode_4": "1898017900",
    "refcode_short": "",
    "refcode_long": "",
    "element_type": "p",
    "element_subtype": "ltaddressee",
    "content": "White, W. C.",
    "puborder": 3989,
    "translations": []
  },
  {
    "para_id": "14063.6378002",
    "id_prev": "14063.6378004",
    "id_next": "14063.6378003",
    "refcode_1": "13LtMs",
    "refcode_2": "1",
    "refcode_3": "",
    "refcode_4": "1898017900",
    "refcode_short": "",
    "refcode_long": "",
    "element_type": "p",
    "element_subtype": "ltplace",
    "content": "<span class=\"ltplace\" value=\"Stanmore, New South Wales, Australia\">Stanmore, Sydney, New South Wales, Australia</span>",
    "puborder": 3990,
    "translations": []
  },
  {
    "para_id": "14063.6378003",
    "id_prev": "14063.6378002",
    "id_next": "14063.6378005",
    "refcode_1": "13LtMs",
    "refcode_2": "1",
    "refcode_3": "",
    "refcode_4": "1898017900",
    "refcode_short": "",
    "refcode_long": "",
    "element_type": "p",
    "element_subtype": "ltdate",
    "content": "[<span class=\"ltdate\" start=\"April 15, 1898\">April 15, 1898</span>]",
    "puborder": 3991,
    "translations": []
  },
  {
    "para_id": "14063.6378005",
    "id_prev": "14063.6378003",
    "id_next": "14063.6378006",
    "refcode_1": "13LtMs",
    "refcode_2": "1",
    "refcode_3": "",
    "refcode_4": "1898017900",
    "refcode_short": "",
    "refcode_long": "",
    "element_type": "p",
    "element_subtype": "ltpubinfo",
    "content": "Previously unpublished.",
    "puborder": 3992,
    "translations": []
  },
  {
    "para_id": "14063.6378006",
    "id_prev": "14063.6378005",
    "id_next": "14063.6378007",
    "refcode_1": "13LtMs",
    "refcode_2": "1",
    "refcode_3": "",
    "refcode_4": "1898017900",
    "refcode_short": "",
    "refcode_long": "",
    "element_type": "p",
    "element_subtype": "ltsalutation",
    "content": "[W. C. White]:",
    "puborder": 3993,
    "translations": []
  },
  {
    "para_id": "14063.6378007",
    "id_prev": "14063.6378006",
    "id_next": "14063.6378008",
    "refcode_1": "13LtMs",
    "refcode_2": "1",
    "refcode_3": "2909",
    "refcode_4": "1898017900",
    "refcode_short": "13LtMs, Lt 179, 1898, par. 1",
    "refcode_long": "Letters and Manuscripts — Volume 13 (1898), Lt 179, 1898, par. 1",
    "element_type": "p",
    "element_subtype": "standard-indented",
    "content": "Willie, I had some questions to put to Sister Haskell in regard to the letter written to him [Elder Haskell] by Sister Bradford in regard to his becoming a father. Elder Haskell&rsquo;s sending the letter to me surprised me, but Sister Haskell tells me Elder Haskell could not read the letter. When in Cooranbong he had Sister Peck read it to him, and when she came to that part of it she skipped it, also the part referring to the treatment of a sick man, a neighbor. So he knew nothing of it, neither did Sister Haskell, as she could not puzzle out the letter, and there is nothing to this matter. She says they did not unite in marriage to have a family of children, for they had other work to do for the Lord. This is the whole matter that has caused me such anxiety in regard to which I asked her just before retiring.",
    "puborder": 3994,
    "translations": []
  },
  {
    "para_id": "14063.6378008",
    "id_prev": "14063.6378007",
    "id_next": "14063.6378009",
    "refcode_1": "13LtMs",
    "refcode_2": "1",
    "refcode_3": "2910",
    "refcode_4": "1898017900",
    "refcode_short": "13LtMs, Lt 179, 1898, par. 2",
    "refcode_long": "Letters and Manuscripts — Volume 13 (1898), Lt 179, 1898, par. 2",
    "element_type": "p",
    "element_subtype": "standard-indented",
    "content": "I have not heard how the school is getting along. Last night Sister Hughes and Kadish [?] came in on the evening train, Sara has just told me. I could not tell what all the stirring about meant, for I did not sleep till a late hour.",
    "puborder": 3995,
    "translations": []
  },
  {
    "para_id": "14063.6378009",
    "id_prev": "14063.6378008",
    "id_next": "14063.6378010",
    "refcode_1": "13LtMs",
    "refcode_2": "1",
    "refcode_3": "2911",
    "refcode_4": "1898017900",
    "refcode_short": "13LtMs, Lt 179, 1898, par. 3",
    "refcode_long": "Letters and Manuscripts — Volume 13 (1898), Lt 179, 1898, par. 3",
    "element_type": "p",
    "element_subtype": "standard-indented",
    "content": "This morning is pleasant. Yesterday was pleasant. Sara was very bad last night. The burden and anxiety had been so great Wednesday, she became very weary and had great sufferings in her head and eyes and did not sleep all the first part of the night. We were so crowded after the change of cars; this cost her so much running about to see if she could find a place for me, then when she could find no place she ran about after the responsible man, and she did not close her eyes until between five and six in the morning. Last night the head and eyes were the suffering parts. Sister Lucas was here and she heated water and gave her treatment for about two hours. Sara came in to see me this morning. Her eyes and head are suffering still but not as severely. She will go to Cooranbong evening after the Sabbath on cheap ticket. I shall remain here probably over next Sabbath and through the week until the following Sabbath and Sunday. You will then be present with us at the dedication, I very much hope. If you come next Monday, all the better.",
    "puborder": 3996,
    "translations": []
  },
  {
    "para_id": "14063.6378010",
    "id_prev": "14063.6378009",
    "id_next": "14063.6378011",
    "refcode_1": "13LtMs",
    "refcode_2": "1",
    "refcode_3": "2912",
    "refcode_4": "1898017900",
    "refcode_short": "13LtMs, Lt 179, 1898, par. 4",
    "refcode_long": "Letters and Manuscripts — Volume 13 (1898), Lt 179, 1898, par. 4",
    "element_type": "p",
    "element_subtype": "standard-indented",
    "content": "Sister Edith Hare is here. She says she shall not leave here without definite instruction. Willie, she is young and she should not be put forward to give instruction largely to the people in Melbourne. They must have something more than the matters coming from so young a person connected with Brother Caro. She would be far better in her place in giving treatment to women to advance her, with her girlish appearance, would make her labor far less than it would otherwise be. For those dealing with the health question, to speak these great truths that mean so much, we must not have young girls.",
    "puborder": 3997,
    "translations": []
  },
  {
    "para_id": "14063.6378011",
    "id_prev": "14063.6378010",
    "id_next": "14063.6378012",
    "refcode_1": "13LtMs",
    "refcode_2": "1",
    "refcode_3": "2913",
    "refcode_4": "1898017900",
    "refcode_short": "13LtMs, Lt 179, 1898, par. 5",
    "refcode_long": "Letters and Manuscripts — Volume 13 (1898), Lt 179, 1898, par. 5",
    "element_type": "p",
    "element_subtype": "standard-indented",
    "content": "Edith talked with me last evening, saying she is willing to come in as an assistant nurse to give treatment and to give also the principles of health reform to young women, but to give these things to men and women, a mixed congregation, she has no duty. And I honor her judgment for I have had presented before me the substance of the talks of Dr. Merritt Kellogg as objectionable. He seems to take a course in this respect very much out of the order of God. He is coarse and objectionable in his speeches before a class of men and women. Talks of delicate subjects should be given, not by little girls or young ladies, but those experienced, matronly women&mdash;nurses and mothers. I know whereof I speak. I would not advise Edith Hare, however much intelligence she has&mdash;and the more the better&mdash;to become a public speaker. She declares she cannot speak before many people and I am so glad she has the sense to understand this.",
    "puborder": 3998,
    "translations": []
  },
  {
    "para_id": "14063.6378012",
    "id_prev": "14063.6378011",
    "id_next": "14063.6378013",
    "refcode_1": "13LtMs",
    "refcode_2": "1",
    "refcode_3": "2914",
    "refcode_4": "1898017900",
    "refcode_short": "13LtMs, Lt 179, 1898, par. 6",
    "refcode_long": "Letters and Manuscripts — Volume 13 (1898), Lt 179, 1898, par. 6",
    "element_type": "p",
    "element_subtype": "standard-indented",
    "content": "Dr. Caldwell is as free to talk on the most delicate subjects to unmarried young women as to converse upon any other subject. I sent him a letter in reference to this matter, stating how the Lord regarded such matters. Let physicians&rsquo; lips only speak those things which are positively essential to young women, and let the young women work with the young women. There are loathsome qualities of the human heart, that unless purified in those who profess to be Christian physicians, will ruin them for their influence in this life and for the future immortal life.",
    "puborder": 3999,
    "translations": []
  },
  {
    "para_id": "14063.6378013",
    "id_prev": "14063.6378012",
    "id_next": "14063.6378014",
    "refcode_1": "13LtMs",
    "refcode_2": "1",
    "refcode_3": "2915",
    "refcode_4": "1898017900",
    "refcode_short": "13LtMs, Lt 179, 1898, par. 7",
    "refcode_long": "Letters and Manuscripts — Volume 13 (1898), Lt 179, 1898, par. 7",
    "element_type": "p",
    "element_subtype": "standard-indented",
    "content": "Now, I feel deeply over these young ladies who are carrying the name of Doctor, that they had better carry the name of nurse and wait until they have a few years of maturity and service before taking responsibility. I am glad Edith is married; she should have had her husband with her in her work or remained with him until he was prepared to come with her. I am so very tired of these queer movements. Let us all act more like people of good, common sense. When Sister Edith has her husband with her to stand by her side, her work will be more appropriate. I speak as the things have been presented to me. This kind of disorganized, haphazard work makes the burden heavy on me. Let Edith begin the work here in Sydney. As to taking up a work in Melbourne now, they are not prepared for it. There must be a good, strong beginning made, when the work will grow and make a correct impression at the start. I write this in considerable haste.",
    "puborder": 4000,
    "translations": []
  },
  {
    "para_id": "14063.6378014",
    "id_prev": "14063.6378013",
    "id_next": "14063.6378015",
    "refcode_1": "13LtMs",
    "refcode_2": "1",
    "refcode_3": "2916",
    "refcode_4": "1898017900",
    "refcode_short": "13LtMs, Lt 179, 1898, par. 8",
    "refcode_long": "Letters and Manuscripts — Volume 13 (1898), Lt 179, 1898, par. 8",
    "element_type": "p",
    "element_subtype": "standard-indented",
    "content": "I met Brother Semmens on the cars; had about five minutes&rsquo; talk with him. We were on our way to the station, Petersham, and he on his way to some place, I do not know where. I have as yet had no talk with a soul but that which I name, and Edith Reekie. Let us place her in the most favorable position. When you come, which I hope will be while I am here, we can then understand things better. I am sorry that Dr. Caro is not here on the ground just at this time, but the Lord will teach and lead and guide us all if we will wait upon the Lord. I will not write you again, for I shall expect to see you soon. Mariam says my room is not yet done.",
    "puborder": 4001,
    "translations": []
  },
  {
    "para_id": "14063.6378015",
    "id_prev": "14063.6378014",
    "id_next": "14063.6378016",
    "refcode_1": "13LtMs",
    "refcode_2": "1",
    "refcode_3": "",
    "refcode_4": "1898017900",
    "refcode_short": "",
    "refcode_long": "",
    "element_type": "p",
    "element_subtype": "egwsignatureline",
    "content": "Mother.",
    "puborder": 4002,
    "translations": []
  },
  {
    "para_id": "14063.6378016",
    "id_prev": "14063.6378015",
    "id_next": "14063.6378017",
    "refcode_1": "13LtMs",
    "refcode_2": "1",
    "refcode_3": "2917",
    "refcode_4": "1898017900",
    "refcode_short": "13LtMs, Lt 179, 1898, par. 9",
    "refcode_long": "Letters and Manuscripts — Volume 13 (1898), Lt 179, 1898, par. 9",
    "element_type": "p",
    "element_subtype": "standard-indented",
    "content": "Please return me this letter, for I have no time to get it copied.",
    "puborder": 4003,
    "translations": []
  },
  {
    "para_id": "14063.6378017",
    "id_prev": "14063.6378016",
    "id_next": "14063.6378018",
    "refcode_1": "13LtMs",
    "refcode_2": "1",
    "refcode_3": "2918",
    "refcode_4": "1898017900",
    "refcode_short": "13LtMs, Lt 179, 1898, par. 10",
    "refcode_long": "Letters and Manuscripts — Volume 13 (1898), Lt 179, 1898, par. 10",
    "element_type": "p",
    "element_subtype": "standard-indented",
    "content": "Since writing the above, Sara went over to Brother Baker&rsquo;s and has just come back with the letter Brother Baker has just received this morning from Melbourne. I will send this letter, that was written before reading your resolutions.",
    "puborder": 4004,
    "translations": []
  },
  {
    "para_id": "14063.6378018",
    "id_prev": "14063.6378017",
    "id_next": "14063.6378019",
    "refcode_1": "13LtMs",
    "refcode_2": "1",
    "refcode_3": "2919",
    "refcode_4": "1898017900",
    "refcode_short": "13LtMs, Lt 179, 1898, par. 11",
    "refcode_long": "Letters and Manuscripts — Volume 13 (1898), Lt 179, 1898, par. 11",
    "element_type": "p",
    "element_subtype": "standard-indented",
    "content": "I have a few words to say in reference to Brother Argus [?] who has been thrown out of employment for keeping the Sabbath. We have every reason to believe that he would make a good, reliable businessman to handle the health foods. His home is here. He has a family, owns his own home. He is a health reformer and understands business.",
    "puborder": 4005,
    "translations": []
  },
  {
    "para_id": "14063.6378019",
    "id_prev": "14063.6378018",
    "id_next": "14063.6378020",
    "refcode_1": "13LtMs",
    "refcode_2": "1",
    "refcode_3": "2920",
    "refcode_4": "1898017900",
    "refcode_short": "13LtMs, Lt 179, 1898, par. 12",
    "refcode_long": "Letters and Manuscripts — Volume 13 (1898), Lt 179, 1898, par. 12",
    "element_type": "p",
    "element_subtype": "standard-indented",
    "content": "I had got this far in writing when Brother Baker interrupted me with these resolutions to be read. I think before these resolutions are passed, they should be laid before the people here in Sydney.",
    "puborder": 4006,
    "translations": []
  },
  {
    "para_id": "14063.6378020",
    "id_prev": "14063.6378019",
    "id_next": "14063.6378021",
    "refcode_1": "13LtMs",
    "refcode_2": "1",
    "refcode_3": "2921",
    "refcode_4": "1898017900",
    "refcode_short": "13LtMs, Lt 179, 1898, par. 13",
    "refcode_long": "Letters and Manuscripts — Volume 13 (1898), Lt 179, 1898, par. 13",
    "element_type": "p",
    "element_subtype": "standard-indented",
    "content": "Brother Argus is out of employment. He was manager of the shipping department of one of the wholesale grocery establishments of the firm of Mitchell and Company. He has been in this department eighteen years. Now, we need just such men right here in Sydney in our work. They have a home here, their own house, and it would not be merciful or wise to send him to Melbourne, and I would not have him, a new Sabbathkeeper, there in the present spiritual condition of the church. But let some of these places be filled with men of solid worth and experience right there. Think of this.",
    "puborder": 4007,
    "translations": []
  },
  {
    "para_id": "14063.6378021",
    "id_prev": "14063.6378020",
    "id_next": "14063.6378022",
    "refcode_1": "13LtMs",
    "refcode_2": "1",
    "refcode_3": "",
    "refcode_4": "1898017900",
    "refcode_short": "",
    "refcode_long": "",
    "element_type": "p",
    "element_subtype": "egwsignatureline",
    "content": "Mother.",
    "puborder": 4008,
    "translations": []
  },
  {
    "para_id": "14063.6378022",
    "id_prev": "14063.6378021",
    "id_next": "14063.5400001",
    "refcode_1": "13LtMs",
    "refcode_2": "1",
    "refcode_3": "2922",
    "refcode_4": "1898017900",
    "refcode_short": "13LtMs, Lt 179, 1898, par. 14",
    "refcode_long": "Letters and Manuscripts — Volume 13 (1898), Lt 179, 1898, par. 14",
    "element_type": "p",
    "element_subtype": "standard-indented",
    "content": "I have just spoken to Sister Haskell about Brother Argus, after my name was signed. He says that men in the same department of work that Brother Argus was in, came to tempt him to go back to his position. They say, &ldquo;Now what are you going to do after this meetinghouse is done? You will be without work.&rdquo; Brother Argus says, &ldquo;The same Master who has given me this job will put some other work in my hands. I shall obey God&rsquo;s commandments.&rdquo; I say, Amen.",
    "puborder": 4009,
    "translations": []
  }
]