[
  {
    "para_id": "14063.6587001",
    "id_prev": "14063.6462011",
    "id_next": "14063.6587004",
    "refcode_1": "13LtMs",
    "refcode_2": "1",
    "refcode_3": "",
    "refcode_4": "1898112700",
    "refcode_short": "13LtMs, Ms 127, 1898",
    "refcode_long": "Letters and Manuscripts — Volume 13 (1898), Ms 127, 1898",
    "element_type": "h4",
    "element_subtype": "",
    "content": "Ms 127, 1898",
    "puborder": 7960,
    "translations": []
  },
  {
    "para_id": "14063.6587004",
    "id_prev": "14063.6587001",
    "id_next": "14063.6587002",
    "refcode_1": "13LtMs",
    "refcode_2": "1",
    "refcode_3": "",
    "refcode_4": "1898112700",
    "refcode_short": "",
    "refcode_long": "",
    "element_type": "p",
    "element_subtype": "mstitle",
    "content": "Words to Parents",
    "puborder": 7961,
    "translations": []
  },
  {
    "para_id": "14063.6587002",
    "id_prev": "14063.6587004",
    "id_next": "14063.6587003",
    "refcode_1": "13LtMs",
    "refcode_2": "1",
    "refcode_3": "",
    "refcode_4": "1898112700",
    "refcode_short": "",
    "refcode_long": "",
    "element_type": "p",
    "element_subtype": "msplace",
    "content": "<span class=\"msplace\" value=\"NP\">NP</span>",
    "puborder": 7962,
    "translations": []
  },
  {
    "para_id": "14063.6587003",
    "id_prev": "14063.6587002",
    "id_next": "14063.6587005",
    "refcode_1": "13LtMs",
    "refcode_2": "1",
    "refcode_3": "",
    "refcode_4": "1898112700",
    "refcode_short": "",
    "refcode_long": "",
    "element_type": "p",
    "element_subtype": "msdate",
    "content": "<span class=\"msdate\" start=\"October 17, 1898\">October 17, 1898</span>",
    "puborder": 7963,
    "translations": []
  },
  {
    "para_id": "14063.6587005",
    "id_prev": "14063.6587003",
    "id_next": "14063.6587006",
    "refcode_1": "13LtMs",
    "refcode_2": "1",
    "refcode_3": "",
    "refcode_4": "1898112700",
    "refcode_short": "",
    "refcode_long": "",
    "element_type": "p",
    "element_subtype": "mspubinfo",
    "content": "Portions of this manuscript are published in <span class=\"egwlink egwlink_book\" title=\"AH 197\" data-link=\"128.889\">AH 197</span>; <span class=\"egwlink egwlink_book\" title=\"CG 216\" data-link=\"8.991\">CG 216</span>.",
    "puborder": 7964,
    "translations": []
  },
  {
    "para_id": "14063.6587006",
    "id_prev": "14063.6587005",
    "id_next": "14063.6587007",
    "refcode_1": "13LtMs",
    "refcode_2": "1",
    "refcode_3": "6074",
    "refcode_4": "1898112700",
    "refcode_short": "13LtMs, Ms 127, 1898, par. 1",
    "refcode_long": "Letters and Manuscripts — Volume 13 (1898), Ms 127, 1898, par. 1",
    "element_type": "p",
    "element_subtype": "standard-indented",
    "content": "Parents, do you realize that there is a great responsibility resting upon you? The little children in your arms will soon grow out of babyhood into childhood. Your boys and girls need to be carefully nourished. The best gift you can bestow upon your children is the gift of love in their childhood. Give time to your children. When visitors have come to see me, I have felt that I could not send my children out of the room. Give the children a place. Do not send them out of doors that you may entertain your visitors, but teach them to be respectful and quiet in the presence of visitors. Do not banish them from your presence by harsh words.",
    "puborder": 7965,
    "translations": []
  },
  {
    "para_id": "14063.6587007",
    "id_prev": "14063.6587006",
    "id_next": "14063.6587008",
    "refcode_1": "13LtMs",
    "refcode_2": "1",
    "refcode_3": "6075",
    "refcode_4": "1898112700",
    "refcode_short": "13LtMs, Ms 127, 1898, par. 2",
    "refcode_long": "Letters and Manuscripts — Volume 13 (1898), Ms 127, 1898, par. 2",
    "element_type": "p",
    "element_subtype": "standard-indented",
    "content": "The little ones must be carefully soothed when in trouble. Children between babyhood and manhood and womanhood do not generally receive the attention that they should have. Mothers are needed who will so guide their children that they will regard themselves as a part of the family. Let the mother talk with her children regarding their hopes and their perplexities. Let parents remember that their children are to be cared for in preference to strangers. They are to be kept in a sunny atmosphere, under the mother&rsquo;s guidance. They may sometimes show rude and unformed manners. Be careful that you are not rude to your children, either in speech or in dress.",
    "puborder": 7966,
    "translations": []
  },
  {
    "para_id": "14063.6587008",
    "id_prev": "14063.6587007",
    "id_next": "14063.5858001",
    "refcode_1": "13LtMs",
    "refcode_2": "1",
    "refcode_3": "6076",
    "refcode_4": "1898112700",
    "refcode_short": "13LtMs, Ms 127, 1898, par. 3",
    "refcode_long": "Letters and Manuscripts — Volume 13 (1898), Ms 127, 1898, par. 3",
    "element_type": "p",
    "element_subtype": "standard-indented",
    "content": "Require obedience, and do not allow yourself to speak carelessly to your children, because your manners and your words are their lessonbook. Help them gently, tenderly over this period of their life. Let the sunshine of your presence make sunshine in their hearts. These growing boys and girls feel very sensitive, and by roughness you may mar their whole life. Be careful, mothers. Never scold; for that never helps.",
    "puborder": 7967,
    "translations": []
  }
]