[
  {
    "para_id": "1671.5567",
    "id_prev": "1671.5566",
    "id_next": "1671.5568",
    "refcode_1": "GCB",
    "refcode_2": "152",
    "refcode_3": "",
    "refcode_4": "1900",
    "refcode_short": "GCB April 1,  1900, page 152",
    "refcode_long": "General Conference Bulletin, vol. 3 April 1,  1900, page 152",
    "element_type": "h4",
    "element_subtype": "",
    "content": "WORK FOR OUR STUDENTS",
    "puborder": 5361,
    "translations": []
  },
  {
    "para_id": "1671.5568",
    "id_prev": "1671.5567",
    "id_next": "1671.5569",
    "refcode_1": "GCB",
    "refcode_2": "152",
    "refcode_3": "",
    "refcode_4": "1900",
    "refcode_short": "",
    "refcode_long": "",
    "element_type": "p",
    "element_subtype": "center",
    "content": "L. A. HOOPES",
    "puborder": 5362,
    "translations": []
  },
  {
    "para_id": "1671.5569",
    "id_prev": "1671.5568",
    "id_next": "1671.5570",
    "refcode_1": "GCB",
    "refcode_2": "152",
    "refcode_3": "3",
    "refcode_4": "1900",
    "refcode_short": "GCB April 1,  1900, page 152.3",
    "refcode_long": "General Conference Bulletin, vol. 3 April 1,  1900, page 152 paragraph 3",
    "element_type": "p",
    "element_subtype": "standard-indented",
    "content": "The year&rsquo;s work at school has ended, and the students are returning to their homes. No doubt many of them have been seriously considering what the work of the near future is for them. It is always well to ask ourselves some questions that bear on our life-work; such as, What is our aim in life? What has been the object of our spending weeks and months in our denominational school? Are we returning home to pursue some worldly calling, or have we enlisted in some department of the Lord&rsquo;s cause in the earth? Have we decided to let the Lord have our loyal service, the best energies of our being, and the use of every talent with which he has entrusted us? Or have we sold ourselves to the enemy of our souls, and thereby said to God, You shall not have my service? Have we a sort of aimless future before us, not settled on anything?",
    "puborder": 5363,
    "translations": []
  },
  {
    "para_id": "1671.5570",
    "id_prev": "1671.5569",
    "id_next": "1671.5571",
    "refcode_1": "GCB",
    "refcode_2": "152",
    "refcode_3": "4",
    "refcode_4": "1900",
    "refcode_short": "GCB April 1,  1900, page 152.4",
    "refcode_long": "General Conference Bulletin, vol. 3 April 1,  1900, page 152 paragraph 4",
    "element_type": "p",
    "element_subtype": "standard-indented",
    "content": "These are serious and solemn questions, and will be answered by our actions in our daily walk in life. We can not occupy a neutral position on these questions; we are either for or against God. We may not design to give ourselves to the enemy; but our aimless, careless indifference to the call of the Master to do something, will betray our sacred trust into the hands of the adversary of our souls.",
    "puborder": 5364,
    "translations": []
  },
  {
    "para_id": "1671.5571",
    "id_prev": "1671.5570",
    "id_next": "1671.5572",
    "refcode_1": "GCB",
    "refcode_2": "152",
    "refcode_3": "5",
    "refcode_4": "1900",
    "refcode_short": "GCB April 1,  1900, page 152.5",
    "refcode_long": "General Conference Bulletin, vol. 3 April 1,  1900, page 152 paragraph 5",
    "element_type": "p",
    "element_subtype": "standard-indented",
    "content": "Various lines of work are before us. The Lord knows which one of these we should engage in to develop those traits of character in harmony with his will. It may be that he wants us to canvass for publications containing the third angel&rsquo;s message, and we may be sure that our conference wants many more canvassers than they already have in the field.",
    "puborder": 5365,
    "translations": []
  },
  {
    "para_id": "1671.5572",
    "id_prev": "1671.5571",
    "id_next": "1671.5573",
    "refcode_1": "GCB",
    "refcode_2": "152",
    "refcode_3": "6",
    "refcode_4": "1900",
    "refcode_short": "GCB April 1,  1900, page 152.6",
    "refcode_long": "General Conference Bulletin, vol. 3 April 1,  1900, page 152 paragraph 6",
    "element_type": "p",
    "element_subtype": "standard-indented",
    "content": "Would it not be well for each one to have a talk with the Lord while on his bended knees in the secret chamber, and see what he would have you do in this matter. No better field is open for the self-supporting missionary than the canvassing work. No better opportunity is afforded to bring you into close touch with so large a number of people, with varied temperaments and dispositions. No better opportunity for seed-sowing than is that given in the canvassing work. The literature treating on the message for this time is in a great variety, so that persons in every walk of life may be interested. The canvasser may have the satisfaction of knowing that he is sowing the seed, and God has promised to give the increase. The canvassing work may be the schooling or training that will fit us to take up any particular phase of the work. It requires a nobility of purpose, a true, manly courtesy, a suavity and gentility of deportment, that wins its way into the thoughts of others. It is of rare value to the success of every department of the cause of God. In short, the Christian canvasser must regard his work as a part of the gospel ministry. His is a sacred calling, and requires as much of the grace of Christ as does any phase of gospel work.",
    "puborder": 5366,
    "translations": []
  },
  {
    "para_id": "1671.5573",
    "id_prev": "1671.5572",
    "id_next": "1671.5575",
    "refcode_1": "GCB",
    "refcode_2": "152",
    "refcode_3": "7",
    "refcode_4": "1900",
    "refcode_short": "GCB April 1,  1900, page 152.7",
    "refcode_long": "General Conference Bulletin, vol. 3 April 1,  1900, page 152 paragraph 7",
    "element_type": "p",
    "element_subtype": "standard-indented",
    "content": "There is a duty resting upon conference officers in this respect. It is their privilege and duty to know who has been in attendance at the school the past year, and to inquire whether these have enlisted in the cause of God, or have drifted away from the work, May we not expect that in the coming season many who have been attending our various colleges and schools will take up this line of work, and carry the printed page to those who are unacquainted with the third angel&rsquo;s message.",
    "puborder": 5367,
    "translations": []
  }
]