[
  {
    "para_id": "2715.568",
    "id_prev": "2715.567",
    "id_next": "2715.569",
    "refcode_1": "MHH",
    "refcode_2": "74",
    "refcode_3": "",
    "refcode_4": "31",
    "refcode_short": "MHH 74",
    "refcode_long": "The Ministry of Health and Healing, p. 74 (Ellen Gould White)",
    "element_type": "h4",
    "element_subtype": "",
    "content": "Teaching Health Principles",
    "puborder": 429,
    "translations": []
  },
  {
    "para_id": "2715.569",
    "id_prev": "2715.568",
    "id_next": "2715.572",
    "refcode_1": "MHH",
    "refcode_2": "74",
    "refcode_3": "6",
    "refcode_4": "",
    "refcode_short": "MHH 74.6",
    "refcode_long": "The Ministry of Health and Healing, p. 74.6 (Ellen Gould White)",
    "element_type": "p",
    "element_subtype": "standard-indented",
    "content": "Gospel workers should also be able to give instruction in the principles of healthful living. There is sickness everywhere, and most of it might be prevented by attention to the laws of health. The people need to see the bearing that health principles have on their well-being, both for this life and for the life to come. They need to be awakened to their <span class=\"page-break\" data-page=\"75\"></span> responsibility for the human habitation designed by their Creator to be His dwelling place, and over which He desires them to be faithful stewards. They need to be impressed with the truth conveyed in the inspired words of Paul:",
    "puborder": 430,
    "translations": []
  },
  {
    "para_id": "2715.572",
    "id_prev": "2715.569",
    "id_next": "2715.573",
    "refcode_1": "MHH",
    "refcode_2": "75",
    "refcode_3": "1",
    "refcode_4": "",
    "refcode_short": "MHH 75.1",
    "refcode_long": "The Ministry of Health and Healing, p. 75.1 (Ellen Gould White)",
    "element_type": "p",
    "element_subtype": "standard-indented",
    "content": "&ldquo;You are the temple of the living God. As God has said: &lsquo;I will dwell in them, and walk among them. I will be their God, and they shall be My people.&rsquo;&rdquo; <span class=\"egwlink egwlink_bible\" title=\"2 Corinthians 6:16\" data-link=\"1965.58962\">2 Corinthians 6:16</span>.",
    "puborder": 431,
    "translations": []
  },
  {
    "para_id": "2715.573",
    "id_prev": "2715.572",
    "id_next": "2715.574",
    "refcode_1": "MHH",
    "refcode_2": "75",
    "refcode_3": "2",
    "refcode_4": "",
    "refcode_short": "MHH 75.2",
    "refcode_long": "The Ministry of Health and Healing, p. 75.2 (Ellen Gould White)",
    "element_type": "p",
    "element_subtype": "standard-indented",
    "content": "Thousands need and would gladly receive instruction concerning simple methods of treating the sick&mdash;methods that take the place of poisonous drugs. There is great need of instruction in regard to reform in diet. Wrong habits of eating and the use of unhealthful food are in no small degree responsible for the intemperance, crime, and wretchedness that curse the world.",
    "puborder": 432,
    "translations": []
  },
  {
    "para_id": "2715.574",
    "id_prev": "2715.573",
    "id_next": "2715.575",
    "refcode_1": "MHH",
    "refcode_2": "75",
    "refcode_3": "3",
    "refcode_4": "",
    "refcode_short": "MHH 75.3",
    "refcode_long": "The Ministry of Health and Healing, p. 75.3 (Ellen Gould White)",
    "element_type": "p",
    "element_subtype": "standard-indented",
    "content": "In teaching health principles, keep before the mind the great object of reform&mdash;that its purpose is to secure the highest development of body, mind, and soul. Show that the laws of nature, being the laws of God, are designed for our good. Obedience to them promotes happiness in this life and aids in preparation for the life to come.",
    "puborder": 433,
    "translations": []
  },
  {
    "para_id": "2715.575",
    "id_prev": "2715.574",
    "id_next": "2715.576",
    "refcode_1": "MHH",
    "refcode_2": "75",
    "refcode_3": "4",
    "refcode_4": "",
    "refcode_short": "MHH 75.4",
    "refcode_long": "The Ministry of Health and Healing, p. 75.4 (Ellen Gould White)",
    "element_type": "p",
    "element_subtype": "standard-indented",
    "content": "Lead the people to study God&rsquo;s love and wisdom as revealed in the works of nature. Lead them to study that marvelous organism, the human system, and the laws by which it is governed. Those who perceive the evidences of God&rsquo;s love, who understand something of the wisdom and beneficence of His laws, and the results of obedience, will come to regard their duties and obligations from an altogether different point of view. Instead of looking upon obedience to the laws of health as a matter of sacrifice or self-denial, they will regard it as it really is&mdash;an inestimable blessing.",
    "puborder": 434,
    "translations": []
  },
  {
    "para_id": "2715.576",
    "id_prev": "2715.575",
    "id_next": "2715.577",
    "refcode_1": "MHH",
    "refcode_2": "75",
    "refcode_3": "5",
    "refcode_4": "",
    "refcode_short": "MHH 75.5",
    "refcode_long": "The Ministry of Health and Healing, p. 75.5 (Ellen Gould White)",
    "element_type": "p",
    "element_subtype": "standard-indented",
    "content": "Gospel workers should feel that giving instruction in the principles of healthful living is a part of their appointed work. Of this work there is great need, and the world is open for it.",
    "puborder": 435,
    "translations": []
  },
  {
    "para_id": "2715.577",
    "id_prev": "2715.576",
    "id_next": "2715.578",
    "refcode_1": "MHH",
    "refcode_2": "75",
    "refcode_3": "6",
    "refcode_4": "",
    "refcode_short": "MHH 75.6",
    "refcode_long": "The Ministry of Health and Healing, p. 75.6 (Ellen Gould White)",
    "element_type": "p",
    "element_subtype": "standard-indented",
    "content": "Everywhere there is a tendency to substitute the work of organizations for individual effort. Human wisdom tends to consolidation, to centralization, to the building up of great churches and institutions. Multitudes leave to institutions and organizations the work of benevolence; they excuse themselves from contact with the world, and their hearts grow cold. They become self-absorbed and unimpressible. Love for God and humanity dies out of the soul.",
    "puborder": 436,
    "translations": []
  },
  {
    "para_id": "2715.578",
    "id_prev": "2715.577",
    "id_next": "2715.579",
    "refcode_1": "MHH",
    "refcode_2": "75",
    "refcode_3": "7",
    "refcode_4": "",
    "refcode_short": "MHH 75.7",
    "refcode_long": "The Ministry of Health and Healing, p. 75.7 (Ellen Gould White)",
    "element_type": "p",
    "element_subtype": "standard-indented",
    "content": "Christ commits to His followers an individual work&mdash;a work that cannot be done by proxy. Ministry to the sick and poor, the giving of the gospel to the lost, is not to be left to committees or organized charities. Individual responsibility, individual effort, personal sacrifice, is the requirement of the gospel.",
    "puborder": 437,
    "translations": []
  },
  {
    "para_id": "2715.579",
    "id_prev": "2715.578",
    "id_next": "2715.582",
    "refcode_1": "MHH",
    "refcode_2": "75",
    "refcode_3": "8",
    "refcode_4": "",
    "refcode_short": "MHH 75.8",
    "refcode_long": "The Ministry of Health and Healing, p. 75.8 (Ellen Gould White)",
    "element_type": "p",
    "element_subtype": "standard-indented",
    "content": "&ldquo;&ldquo;&lsquo;Go out into the highways and hedges, and compel them to come in,&rdquo;&rsquo;&rdquo; is Christ&rsquo;s command, &ldquo;&ldquo;&lsquo;that My house may be filled.&rdquo;&rsquo;&rdquo; He <span class=\"page-break\" data-page=\"76\"></span> brings men and women into touch with those whom they seek to benefit. &ldquo;&lsquo;Bring to your house the poor who are cast out,&rsquo;&rdquo; He says. &ldquo;&lsquo;When you see the naked, that you cover him.&rsquo;&rdquo; &ldquo;&lsquo;They will lay hands on the sick, and they will recover.&rsquo;&rdquo; <span class=\"egwlink egwlink_bible\" title=\"Luke 14:23\" data-link=\"1965.52184\">Luke 14:23</span>; <span class=\"egwlink egwlink_bible\" title=\"Isaiah 58:7\" data-link=\"1965.38349\">Isaiah 58:7</span>; <span class=\"egwlink egwlink_bible\" title=\"Mark 16:18\" data-link=\"1965.50799\">Mark 16:18</span>. Through direct contact, through personal ministry, the blessings of the gospel are to be communicated.",
    "puborder": 438,
    "translations": []
  },
  {
    "para_id": "2715.582",
    "id_prev": "2715.579",
    "id_next": "2715.583",
    "refcode_1": "MHH",
    "refcode_2": "76",
    "refcode_3": "1",
    "refcode_4": "",
    "refcode_short": "MHH 76.1",
    "refcode_long": "The Ministry of Health and Healing, p. 76.1 (Ellen Gould White)",
    "element_type": "p",
    "element_subtype": "standard-indented",
    "content": "In giving light to His people anciently, God did not work through only one class. Daniel was a prince of Judah. Isaiah also was of the royal line. David was a shepherd, Amos a herdsman. Zechariah was a captive from Babylon, Elisha a farmer. The Lord raised up as His representatives prophets and princes, the noble and the lowly, and taught them the truths to be given to the world.",
    "puborder": 439,
    "translations": []
  },
  {
    "para_id": "2715.583",
    "id_prev": "2715.582",
    "id_next": "2715.584",
    "refcode_1": "MHH",
    "refcode_2": "76",
    "refcode_3": "2",
    "refcode_4": "",
    "refcode_short": "MHH 76.2",
    "refcode_long": "The Ministry of Health and Healing, p. 76.2 (Ellen Gould White)",
    "element_type": "p",
    "element_subtype": "standard-indented",
    "content": "To everyone who becomes a partaker of His grace the Lord appoints a work for others. Individually we are to stand in our lot and place, saying, &ldquo;&lsquo;Here am I! Send me.&rsquo;&rdquo; <span class=\"egwlink egwlink_bible\" title=\"Isaiah 6:8\" data-link=\"1965.36265\">Isaiah 6:8</span>. Upon the minister of the Word, the missionary nurse, the Christian physician, the individual Christian, whether merchant or farmer, professional or mechanic&mdash;the responsibility rests upon all. It is our work to reveal to earth&rsquo;s inhabitants the gospel of salvation. Every enterprise in which we engage should be a means to this end.",
    "puborder": 440,
    "translations": []
  },
  {
    "para_id": "2715.584",
    "id_prev": "2715.583",
    "id_next": "2715.585",
    "refcode_1": "MHH",
    "refcode_2": "76",
    "refcode_3": "3",
    "refcode_4": "",
    "refcode_short": "MHH 76.3",
    "refcode_long": "The Ministry of Health and Healing, p. 76.3 (Ellen Gould White)",
    "element_type": "p",
    "element_subtype": "standard-indented",
    "content": "Those who take up their appointed work will not only be a blessing to others, they themselves will be blessed. The consciousness of duty well done will have a reflex influence upon their own souls. The despondent will forget their despondency, the weak will become strong, the ignorant intelligent, and all will find an unfailing helper in Him who has called them.",
    "puborder": 441,
    "translations": []
  }
]