[
  {
    "para_id": "483.2000014",
    "id_prev": "483.13",
    "id_next": "483.14",
    "refcode_1": "RP",
    "refcode_2": "",
    "refcode_3": "A",
    "refcode_4": "1908",
    "refcode_short": "RP September 15,  1908, Art. A, par. 9",
    "refcode_long": "Report of Progress September 15,  1908, Art. A, paragraph 9",
    "element_type": "h2",
    "element_subtype": "",
    "content": "1908",
    "puborder": 15,
    "translations": []
  },
  {
    "para_id": "483.14",
    "id_prev": "483.2000014",
    "id_next": "483.15",
    "refcode_1": "RP",
    "refcode_2": "",
    "refcode_3": "A",
    "refcode_4": "1908",
    "refcode_short": "RP September 15,  1908, Art. A, par. 9",
    "refcode_long": "Report of Progress September 15,  1908, Art. A, paragraph 9",
    "element_type": "h3",
    "element_subtype": "",
    "content": "September 15, 1908",
    "puborder": 16,
    "translations": []
  },
  {
    "para_id": "483.15",
    "id_prev": "483.14",
    "id_next": "483.16",
    "refcode_1": "RP",
    "refcode_2": "",
    "refcode_3": "A",
    "refcode_4": "1908",
    "refcode_short": "RP September 15,  1908, Art. A",
    "refcode_long": "Report of Progress September 15,  1908, Art. A",
    "element_type": "h5",
    "element_subtype": "",
    "content": "To the President of the Florida Conference",
    "puborder": 17,
    "translations": []
  },
  {
    "para_id": "483.16",
    "id_prev": "483.15",
    "id_next": "483.17",
    "refcode_1": "RP",
    "refcode_2": "",
    "refcode_3": "A",
    "refcode_4": "1908",
    "refcode_short": "",
    "refcode_long": "",
    "element_type": "p",
    "element_subtype": "periodicalauthor",
    "content": "EGW",
    "puborder": 18,
    "translations": []
  },
  {
    "para_id": "483.17",
    "id_prev": "483.16",
    "id_next": "483.47",
    "refcode_1": "RP",
    "refcode_2": "",
    "refcode_3": "A",
    "refcode_4": "1908",
    "refcode_short": "RP September 15,  1908, Art. A, par. 1",
    "refcode_long": "Report of Progress September 15,  1908, Art. A, paragraph 1",
    "element_type": "p",
    "element_subtype": "salutation",
    "content": "Dear Brother,",
    "puborder": 19,
    "translations": []
  },
  {
    "para_id": "483.47",
    "id_prev": "483.17",
    "id_next": "483.18",
    "refcode_1": "RP",
    "refcode_2": "",
    "refcode_3": "A",
    "refcode_4": "1908",
    "refcode_short": "RP September 15,  1908, Art. A, par. 2",
    "refcode_long": "Report of Progress September 15,  1908, Art. A, paragraph 2",
    "element_type": "p",
    "element_subtype": "standard-indented",
    "content": "I have just read your article in the <em>Review</em>, and also your letter of June 18 to my son, regarding a place which you have found near Orlando where there is land and building that seems to be suitable for a sanitarium. I have no hesitancy in saying that I believe the time has come for Florida to have a sanitarium, so that the light which our sanitariums are established to reflect, may shine forth to the people of Florida, and to the many health-seekers who come from the Northern States.",
    "puborder": 20,
    "translations": []
  },
  {
    "para_id": "483.18",
    "id_prev": "483.47",
    "id_next": "483.19",
    "refcode_1": "RP",
    "refcode_2": "",
    "refcode_3": "A",
    "refcode_4": "1908",
    "refcode_short": "RP September 15,  1908, Art. A, par. 3",
    "refcode_long": "Report of Progress September 15,  1908, Art. A, paragraph 3",
    "element_type": "p",
    "element_subtype": "standard-indented",
    "content": "Our time is short in which to do the important work of giving the last gospel message to the world. Therefore if there is opportunity to purchase at a moderate price, buildings suitably located and well adapted to the work we wish to do, let us improve the opportunity, and save ourselves the time, the care, and the anxiety that would be required in the work of erecting the buildings ourselves.",
    "puborder": 21,
    "translations": []
  },
  {
    "para_id": "483.19",
    "id_prev": "483.18",
    "id_next": "483.20",
    "refcode_1": "RP",
    "refcode_2": "",
    "refcode_3": "A",
    "refcode_4": "1908",
    "refcode_short": "RP September 15,  1908, Art. A, par. 4",
    "refcode_long": "Report of Progress September 15,  1908, Art. A, paragraph 4",
    "element_type": "p",
    "element_subtype": "standard-indented",
    "content": "I hope that this property which you have described, and which seems to have been brought within your reach by the providence of God, will become the means of strengthening the work in Florida, and that it will become an important center of influence from which many well-trained medical missionaries shall go forth with the message of mercy to the unworked parts of the Master&apos;s great harvest-field.",
    "puborder": 22,
    "translations": []
  },
  {
    "para_id": "483.20",
    "id_prev": "483.19",
    "id_next": "483.48",
    "refcode_1": "RP",
    "refcode_2": "",
    "refcode_3": "A",
    "refcode_4": "1908",
    "refcode_short": "RP September 15,  1908, Art. A, par. 5",
    "refcode_long": "Report of Progress September 15,  1908, Art. A, paragraph 5",
    "element_type": "p",
    "element_subtype": "standard-indented",
    "content": "Not long ago I wrote a letter to our people in Indiana regarding their effort to establish a sanitarium in Lafayette. I will send a copy to you, because I desire our people in Florida to have the same encouragement and counsel.",
    "puborder": 23,
    "translations": []
  },
  {
    "para_id": "483.48",
    "id_prev": "483.20",
    "id_next": "483.21",
    "refcode_1": "RP",
    "refcode_2": "",
    "refcode_3": "A",
    "refcode_4": "1908",
    "refcode_short": "",
    "refcode_long": "",
    "element_type": "p",
    "element_subtype": "egwsignatureline",
    "content": "Mrs. E. G. White",
    "puborder": 24,
    "translations": []
  }
]