[
  {
    "para_id": "14670.5578",
    "id_prev": "14670.5577",
    "id_next": "14670.5579",
    "refcode_1": "BR-ASI9",
    "refcode_2": "414",
    "refcode_3": "",
    "refcode_4": "",
    "refcode_short": "BR-ASI9 414",
    "refcode_long": "Bible Readings — Bible Questions Answered, p. 414 (Ellen G. White Estate)",
    "element_type": "h4",
    "element_subtype": "",
    "content": "Man&rsquo;s Limited Understanding",
    "puborder": 5001,
    "translations": []
  },
  {
    "para_id": "14670.5579",
    "id_prev": "14670.5578",
    "id_next": "14670.5580",
    "refcode_1": "BR-ASI9",
    "refcode_2": "414",
    "refcode_3": "14",
    "refcode_4": "",
    "refcode_short": "BR-ASI9 414.14",
    "refcode_long": "Bible Readings — Bible Questions Answered, p. 414.14 (Ellen G. White Estate)",
    "element_type": "p",
    "element_subtype": "standard-indented",
    "content": "<strong>Do we always know what to pray for?</strong>",
    "puborder": 5002,
    "translations": []
  },
  {
    "para_id": "14670.5580",
    "id_prev": "14670.5579",
    "id_next": "14670.5582",
    "refcode_1": "BR-ASI9",
    "refcode_2": "414",
    "refcode_3": "15",
    "refcode_4": "",
    "refcode_short": "BR-ASI9 414.15",
    "refcode_long": "Bible Readings — Bible Questions Answered, p. 414.15 (Ellen G. White Estate)",
    "element_type": "p",
    "element_subtype": "standard-indented",
    "content": "&ldquo;Likewise the Spirit also helpeth our infirmities: <em>for we know not what we should pray for as we ought.&rdquo;</em> Romans 8:26.",
    "puborder": 5003,
    "translations": []
  },
  {
    "para_id": "14670.5582",
    "id_prev": "14670.5580",
    "id_next": "14670.5583",
    "refcode_1": "BR-ASI9",
    "refcode_2": "415",
    "refcode_3": "1",
    "refcode_4": "",
    "refcode_short": "BR-ASI9 415.1",
    "refcode_long": "Bible Readings — Bible Questions Answered, p. 415.1 (Ellen G. White Estate)",
    "element_type": "p",
    "element_subtype": "standard-indented",
    "content": "<strong>Does God always see fit to grant our petitions?</strong>",
    "puborder": 5004,
    "translations": []
  },
  {
    "para_id": "14670.5583",
    "id_prev": "14670.5582",
    "id_next": "14670.5584",
    "refcode_1": "BR-ASI9",
    "refcode_2": "415",
    "refcode_3": "2",
    "refcode_4": "",
    "refcode_short": "BR-ASI9 415.2",
    "refcode_long": "Bible Readings — Bible Questions Answered, p. 415.2 (Ellen G. White Estate)",
    "element_type": "p",
    "element_subtype": "standard-indented",
    "content": "&ldquo;For this thing I besought the Lord thrice, that it might depart from me. And He said unto me, My grace is sufficient for thee: for My strength is made perfect in weakness.&rdquo; 2 Corinthians 12:8, 9.",
    "puborder": 5005,
    "translations": []
  },
  {
    "para_id": "14670.5584",
    "id_prev": "14670.5583",
    "id_next": "14670.5585",
    "refcode_1": "BR-ASI9",
    "refcode_2": "415",
    "refcode_3": "3",
    "refcode_4": "",
    "refcode_short": "BR-ASI9 415.3",
    "refcode_long": "Bible Readings — Bible Questions Answered, p. 415.3 (Ellen G. White Estate)",
    "element_type": "p",
    "element_subtype": "standard-indented",
    "content": "Note.&mdash;Paul&rsquo;s affliction, some have thought, was impaired sight. (Acts 9:8, 9, 18; 22:11-13.) The retaining of such an imperfection would be a constant reminder to him of his conversion, and hence a blessing in disguise.",
    "puborder": 5006,
    "translations": []
  }
]