[
  {
    "para_id": "14670.170",
    "id_prev": "14670.169",
    "id_next": "14670.171",
    "refcode_1": "BR-ASI9",
    "refcode_2": "21",
    "refcode_3": "",
    "refcode_4": "",
    "refcode_short": "BR-ASI9 21",
    "refcode_long": "Bible Readings — Bible Questions Answered, p. 21 (Ellen G. White Estate)",
    "element_type": "h4",
    "element_subtype": "",
    "content": "Birth, Life, Suffering, Death, Resurrection",
    "puborder": 147,
    "translations": []
  },
  {
    "para_id": "14670.171",
    "id_prev": "14670.170",
    "id_next": "14670.172",
    "refcode_1": "BR-ASI9",
    "refcode_2": "21",
    "refcode_3": "3",
    "refcode_4": "",
    "refcode_short": "BR-ASI9 21.3",
    "refcode_long": "Bible Readings — Bible Questions Answered, p. 21.3 (Ellen G. White Estate)",
    "element_type": "p",
    "element_subtype": "standard-indented",
    "content": "<strong>Where was the Saviour to be born?</strong>",
    "puborder": 148,
    "translations": []
  },
  {
    "para_id": "14670.172",
    "id_prev": "14670.171",
    "id_next": "14670.173",
    "refcode_1": "BR-ASI9",
    "refcode_2": "21",
    "refcode_3": "4",
    "refcode_4": "",
    "refcode_short": "BR-ASI9 21.4",
    "refcode_long": "Bible Readings — Bible Questions Answered, p. 21.4 (Ellen G. White Estate)",
    "element_type": "p",
    "element_subtype": "standard-indented",
    "content": "&ldquo;But thou, <em>Bethlehem</em> Ephratah, though thou be little among the thousands of Judah, <em>yet out of thee shall He come forth</em> unto Me that is to be ruler in Israel; whose goings forth have been from of old, from everlasting.&rdquo; <span class=\"egwlink egwlink_bible\" title=\"Micah 5:2\" data-link=\"1965.46204\">Micah 5:2</span>.",
    "puborder": 149,
    "translations": []
  },
  {
    "para_id": "14670.173",
    "id_prev": "14670.172",
    "id_next": "14670.174",
    "refcode_1": "BR-ASI9",
    "refcode_2": "21",
    "refcode_3": "5",
    "refcode_4": "",
    "refcode_short": "BR-ASI9 21.5",
    "refcode_long": "Bible Readings — Bible Questions Answered, p. 21.5 (Ellen G. White Estate)",
    "element_type": "p",
    "element_subtype": "standard-indented",
    "content": "<strong>In what prophecy are Christ&rsquo;s life, suffering, and death touchingly foretold?</strong>",
    "puborder": 150,
    "translations": []
  },
  {
    "para_id": "14670.174",
    "id_prev": "14670.173",
    "id_next": "14670.175",
    "refcode_1": "BR-ASI9",
    "refcode_2": "21",
    "refcode_3": "6",
    "refcode_4": "",
    "refcode_short": "BR-ASI9 21.6",
    "refcode_long": "Bible Readings — Bible Questions Answered, p. 21.6 (Ellen G. White Estate)",
    "element_type": "p",
    "element_subtype": "standard-indented",
    "content": "In the <span class=\"egwlink egwlink_bible\" title=\"Isaiah 53:1\" data-link=\"1965.38182\">fifty-third chapter of Isaiah</span>.",
    "puborder": 151,
    "translations": []
  },
  {
    "para_id": "14670.175",
    "id_prev": "14670.174",
    "id_next": "14670.176",
    "refcode_1": "BR-ASI9",
    "refcode_2": "21",
    "refcode_3": "7",
    "refcode_4": "",
    "refcode_short": "BR-ASI9 21.7",
    "refcode_long": "Bible Readings — Bible Questions Answered, p. 21.7 (Ellen G. White Estate)",
    "element_type": "p",
    "element_subtype": "standard-indented",
    "content": "<strong>Where is the price of Christ&rsquo;s betrayal foretold?</strong>",
    "puborder": 152,
    "translations": []
  },
  {
    "para_id": "14670.176",
    "id_prev": "14670.175",
    "id_next": "14670.177",
    "refcode_1": "BR-ASI9",
    "refcode_2": "21",
    "refcode_3": "8",
    "refcode_4": "",
    "refcode_short": "BR-ASI9 21.8",
    "refcode_long": "Bible Readings — Bible Questions Answered, p. 21.8 (Ellen G. White Estate)",
    "element_type": "p",
    "element_subtype": "standard-indented",
    "content": "&ldquo;So they weighed for My price <em>thirty pieces of silver.&rdquo;</em> <span class=\"egwlink egwlink_bible\" title=\"Zechariah 11:12\" data-link=\"1965.47043\">Zechariah 11:12</span>. (See <span class=\"egwlink egwlink_bible\" title=\"Matthew 26:15\" data-link=\"1965.49136\">Matthew 26:15</span>.)",
    "puborder": 153,
    "translations": []
  },
  {
    "para_id": "14670.177",
    "id_prev": "14670.176",
    "id_next": "14670.178",
    "refcode_1": "BR-ASI9",
    "refcode_2": "21",
    "refcode_3": "9",
    "refcode_4": "",
    "refcode_short": "BR-ASI9 21.9",
    "refcode_long": "Bible Readings — Bible Questions Answered, p. 21.9 (Ellen G. White Estate)",
    "element_type": "p",
    "element_subtype": "standard-indented",
    "content": "<strong>Where in the Psalms are Christ&rsquo;s dying words recorded?</strong>",
    "puborder": 154,
    "translations": []
  },
  {
    "para_id": "14670.178",
    "id_prev": "14670.177",
    "id_next": "14670.180",
    "refcode_1": "BR-ASI9",
    "refcode_2": "21",
    "refcode_3": "10",
    "refcode_4": "",
    "refcode_short": "BR-ASI9 21.10",
    "refcode_long": "Bible Readings — Bible Questions Answered, p. 21.10 (Ellen G. White Estate)",
    "element_type": "p",
    "element_subtype": "standard-indented",
    "content": "&ldquo;My God, My God, why hast Thou forsaken Me?&rdquo; <span class=\"egwlink egwlink_bible\" title=\"Psalm 22:1\" data-link=\"1965.28932\">Psalm 22:1</span>. (See <span class=\"egwlink egwlink_bible\" title=\"Matthew 27:46\" data-link=\"1965.49349\">Matthew 27:46</span>.) &ldquo;Into Thine hand I commit My spirit.&rdquo; <span class=\"egwlink egwlink_bible\" title=\"Psalm 31:5\" data-link=\"1965.29203\">Psalm 31:5</span>. (See <span class=\"egwlink egwlink_bible\" title=\"Luke 23:46\" data-link=\"1965.53003\">Luke 23:46</span>.)",
    "puborder": 155,
    "translations": []
  },
  {
    "para_id": "14670.180",
    "id_prev": "14670.178",
    "id_next": "14670.181",
    "refcode_1": "BR-ASI9",
    "refcode_2": "22",
    "refcode_3": "1",
    "refcode_4": "",
    "refcode_short": "BR-ASI9 22.1",
    "refcode_long": "Bible Readings — Bible Questions Answered, p. 22.1 (Ellen G. White Estate)",
    "element_type": "p",
    "element_subtype": "standard-indented",
    "content": "<strong>How is Christ&rsquo;s resurrection foretold in the Psalms?</strong>",
    "puborder": 156,
    "translations": []
  },
  {
    "para_id": "14670.181",
    "id_prev": "14670.180",
    "id_next": "14670.182",
    "refcode_1": "BR-ASI9",
    "refcode_2": "22",
    "refcode_3": "2",
    "refcode_4": "",
    "refcode_short": "BR-ASI9 22.2",
    "refcode_long": "Bible Readings — Bible Questions Answered, p. 22.2 (Ellen G. White Estate)",
    "element_type": "p",
    "element_subtype": "standard-indented",
    "content": "&ldquo;For <em>Thou wilt not leave My soul in hell;</em> neither wilt Thou suffer Thine Holy One <em>to see corruption.&rdquo;</em> <span class=\"egwlink egwlink_bible\" title=\"Psalm 16:10\" data-link=\"1965.28720\">Psalm 16:10</span>. (See <span class=\"egwlink egwlink_bible\" title=\"Acts 2:25\" data-link=\"1965.55015\">Acts 2:25-31</span>.)",
    "puborder": 157,
    "translations": []
  }
]