[
  {
    "para_id": "14670.2848",
    "id_prev": "14670.2847",
    "id_next": "14670.2849",
    "refcode_1": "BR-ASI9",
    "refcode_2": "228",
    "refcode_3": "",
    "refcode_4": "",
    "refcode_short": "BR-ASI9 228",
    "refcode_long": "Bible Readings — Bible Questions Answered, p. 228 (Ellen G. White Estate)",
    "element_type": "h4",
    "element_subtype": "",
    "content": "Christ and Angels Testify",
    "puborder": 2537,
    "translations": []
  },
  {
    "para_id": "14670.2849",
    "id_prev": "14670.2848",
    "id_next": "14670.2850",
    "refcode_1": "BR-ASI9",
    "refcode_2": "228",
    "refcode_3": "9",
    "refcode_4": "",
    "refcode_short": "BR-ASI9 228.9",
    "refcode_long": "Bible Readings — Bible Questions Answered, p. 228.9 (Ellen G. White Estate)",
    "element_type": "p",
    "element_subtype": "standard-indented",
    "content": "<strong>At His ascension, how did the angels say Christ would come again?</strong>",
    "puborder": 2538,
    "translations": []
  },
  {
    "para_id": "14670.2850",
    "id_prev": "14670.2849",
    "id_next": "14670.2851",
    "refcode_1": "BR-ASI9",
    "refcode_2": "228",
    "refcode_3": "10",
    "refcode_4": "",
    "refcode_short": "BR-ASI9 228.10",
    "refcode_long": "Bible Readings — Bible Questions Answered, p. 228.10 (Ellen G. White Estate)",
    "element_type": "p",
    "element_subtype": "standard-indented",
    "content": "&ldquo;When He had spoken these things, while they beheld, He was taken up; and <em>a cloud received Him out of their sight.</em> And while they looked stedfastly toward heaven as He went up, behold, two men stood by them in white apparel; which also said, Ye men of Galilee, why stand ye gazing up into heaven? this same Jesus, which is taken up from you into heaven, <em>shall so come in like manner as ye have seen Him go into heaven.&rdquo;</em> Acts 1:9-11.",
    "puborder": 2539,
    "translations": []
  },
  {
    "para_id": "14670.2851",
    "id_prev": "14670.2850",
    "id_next": "14670.2852",
    "refcode_1": "BR-ASI9",
    "refcode_2": "228",
    "refcode_3": "11",
    "refcode_4": "",
    "refcode_short": "BR-ASI9 228.11",
    "refcode_long": "Bible Readings — Bible Questions Answered, p. 228.11 (Ellen G. White Estate)",
    "element_type": "p",
    "element_subtype": "standard-indented",
    "content": "<strong>How did Christ Himself say He would come?</strong>",
    "puborder": 2540,
    "translations": []
  },
  {
    "para_id": "14670.2852",
    "id_prev": "14670.2851",
    "id_next": "14670.2855",
    "refcode_1": "BR-ASI9",
    "refcode_2": "228",
    "refcode_3": "12",
    "refcode_4": "",
    "refcode_short": "BR-ASI9 228.12",
    "refcode_long": "Bible Readings — Bible Questions Answered, p. 228.12 (Ellen G. White Estate)",
    "element_type": "p",
    "element_subtype": "standard-indented",
    "content": "&ldquo;For the Son of man shall come <em>in the glory of His Father with His angels.&rdquo;</em> Matthew 16:27. &ldquo;Then shall all the tribes of the earth mourn, and <span class=\"page-break\" data-page=\"229\"></span> they shall see the Son of man coming <em>in the clouds of heaven with power and great glory.&rdquo;</em> Matthew 24:30. &ldquo;For whosoever shall be ashamed of Me and of My words, of him shall the Son of man be ashamed, when <em>He shall come in His own glory, and in His Father&rsquo;s, and of the holy angels.&rdquo;</em> Luke 9:26. &ldquo;When the Son of man shall come in His glory, and <em>all the holy angels with Him,</em> then shall He sit upon the throne of His glory.&rdquo; Matthew 25:31.",
    "puborder": 2541,
    "translations": []
  }
]