[
  {
    "para_id": "14670.5929",
    "id_prev": "14670.5928",
    "id_next": "14670.5930",
    "refcode_1": "BR-ASI9",
    "refcode_2": "436",
    "refcode_3": "",
    "refcode_4": "",
    "refcode_short": "BR-ASI9 436",
    "refcode_long": "Bible Readings — Bible Questions Answered, p. 436 (Ellen G. White Estate)",
    "element_type": "h4",
    "element_subtype": "",
    "content": "Curse or Blessing",
    "puborder": 5319,
    "translations": []
  },
  {
    "para_id": "14670.5930",
    "id_prev": "14670.5929",
    "id_next": "14670.5931",
    "refcode_1": "BR-ASI9",
    "refcode_2": "436",
    "refcode_3": "13",
    "refcode_4": "",
    "refcode_short": "BR-ASI9 436.13",
    "refcode_long": "Bible Readings — Bible Questions Answered, p. 436.13 (Ellen G. White Estate)",
    "element_type": "p",
    "element_subtype": "standard-indented",
    "content": "<strong>Of what is one guilty who withholds the tithe and freewill offerings?</strong>",
    "puborder": 5320,
    "translations": []
  },
  {
    "para_id": "14670.5931",
    "id_prev": "14670.5930",
    "id_next": "14670.5933",
    "refcode_1": "BR-ASI9",
    "refcode_2": "436",
    "refcode_3": "14",
    "refcode_4": "",
    "refcode_short": "BR-ASI9 436.14",
    "refcode_long": "Bible Readings — Bible Questions Answered, p. 436.14 (Ellen G. White Estate)",
    "element_type": "p",
    "element_subtype": "standard-indented",
    "content": "&ldquo;Will a man rob God? Yet <em>ye have robbed Me.</em> But ye say, Wherein have we robbed Thee? <em>In tithes and offerings.&rdquo;</em> Malachi 3:8.",
    "puborder": 5321,
    "translations": []
  },
  {
    "para_id": "14670.5933",
    "id_prev": "14670.5931",
    "id_next": "14670.5934",
    "refcode_1": "BR-ASI9",
    "refcode_2": "437",
    "refcode_3": "1",
    "refcode_4": "",
    "refcode_short": "BR-ASI9 437.1",
    "refcode_long": "Bible Readings — Bible Questions Answered, p. 437.1 (Ellen G. White Estate)",
    "element_type": "p",
    "element_subtype": "standard-indented",
    "content": "<strong>Concerning what does the Lord ask us to prove Him, and upon what conditions does He promise great blessings?</strong>",
    "puborder": 5322,
    "translations": []
  },
  {
    "para_id": "14670.5934",
    "id_prev": "14670.5933",
    "id_next": "14670.5935",
    "refcode_1": "BR-ASI9",
    "refcode_2": "437",
    "refcode_3": "2",
    "refcode_4": "",
    "refcode_short": "BR-ASI9 437.2",
    "refcode_long": "Bible Readings — Bible Questions Answered, p. 437.2 (Ellen G. White Estate)",
    "element_type": "p",
    "element_subtype": "standard-indented",
    "content": "<em>&ldquo;Bring ye all the tithes into the storehouse,</em> that there may be meat in Mine house, and <em>prove Me now herewith,</em> saith the Lord of hosts, if I will not open you the windows of heaven, and pour you out a blessing, that there shall not be room enough to receive it. And I will rebuke the devourer for your sakes, and he shall not destroy the fruits of your ground; neither shall your vine cast her fruit before the time in the field, saith the Lord of hosts.&rdquo; Malachi 3:10, 11.",
    "puborder": 5323,
    "translations": []
  }
]