[
  {
    "para_id": "1630.1325",
    "id_prev": "1630.1324",
    "id_next": "1630.1326",
    "refcode_1": "HEVI",
    "refcode_2": "116",
    "refcode_3": "",
    "refcode_4": "1048",
    "refcode_short": "HEVI 116",
    "refcode_long": "Heavenly Visions, p. 116 (John Norton Loughborough)",
    "element_type": "h4",
    "element_subtype": "",
    "content": "SABBATH AND SANCTUARY TRUTHS CLOSELY RELATED",
    "puborder": 1128,
    "translations": []
  },
  {
    "para_id": "1630.1326",
    "id_prev": "1630.1325",
    "id_next": "1630.1327",
    "refcode_1": "HEVI",
    "refcode_2": "116",
    "refcode_3": "12",
    "refcode_4": "",
    "refcode_short": "HEVI 116.12",
    "refcode_long": "Heavenly Visions, p. 116.12 (John Norton Loughborough)",
    "element_type": "p",
    "element_subtype": "standard-indented",
    "content": "Mrs. Rachel Preston was there, a former Seventh Day Baptist, urging the claims of God&rsquo;s holy Sabbath. But it was the force of the impression by way of the heavenly sanctuary that drove home the conviction to William Farnsworth&rsquo;s heart that in this time of the near coming of Christ, the Lord was calling men to obey all His commandments.",
    "puborder": 1129,
    "translations": []
  },
  {
    "para_id": "1630.1327",
    "id_prev": "1630.1326",
    "id_next": "1630.1328",
    "refcode_1": "HEVI",
    "refcode_2": "116",
    "refcode_3": "13",
    "refcode_4": "",
    "refcode_short": "HEVI 116.13",
    "refcode_long": "Heavenly Visions, p. 116.13 (John Norton Loughborough)",
    "element_type": "p",
    "element_subtype": "standard-indented",
    "content": "The as yet undiscovered truth of the heavenly sanctuary and the judgment hour was apparently already shedding some rays of light in advance. It is suggestive of the close relation that the Sabbath and the sanctuary truths were to bear to one another in the full advent message which was to be developed.",
    "puborder": 1130,
    "translations": []
  },
  {
    "para_id": "1630.1328",
    "id_prev": "1630.1327",
    "id_next": "1630.1329",
    "refcode_1": "HEVI",
    "refcode_2": "116",
    "refcode_3": "14",
    "refcode_4": "",
    "refcode_short": "HEVI 116.14",
    "refcode_long": "Heavenly Visions, p. 116.14 (John Norton Loughborough)",
    "element_type": "p",
    "element_subtype": "standard-indented",
    "content": "This experience of our first Seventh-day Adventist, in taking his stand for the commandments of God in 1844, is of special interest to us in view of the scene shown by the Spirit of prophecy as this message rose:",
    "puborder": 1131,
    "translations": []
  },
  {
    "para_id": "1630.1329",
    "id_prev": "1630.1328",
    "id_next": "1630.1330",
    "refcode_1": "HEVI",
    "refcode_2": "116",
    "refcode_3": "15",
    "refcode_4": "",
    "refcode_short": "HEVI 116.15",
    "refcode_long": "Heavenly Visions, p. 116.15 (John Norton Loughborough)",
    "element_type": "p",
    "element_subtype": "standard-indented",
    "content": "&ldquo;The third angel closes his message thus: &lsquo;Here is the patience of the saints; here are they that keep the commandments of God, and the faith of Jesus.&rsquo; As he repeated these words, he pointed to the heavenly sanctuary.&rdquo;",
    "puborder": 1132,
    "translations": []
  },
  {
    "para_id": "1630.1330",
    "id_prev": "1630.1329",
    "id_next": "1630.1332",
    "refcode_1": "HEVI",
    "refcode_2": "116",
    "refcode_3": "16",
    "refcode_4": "",
    "refcode_short": "HEVI 116.16",
    "refcode_long": "Heavenly Visions, p. 116.16 (John Norton Loughborough)",
    "element_type": "p",
    "element_subtype": "standard-indented",
    "content": "And there is just where our first Adventist pioneer in Sabbathkeeping was led to look for help in making the decision. The angel surely pointed him to the sanctuary. How closely together these experiences are seen to come as the time came for the movement to be fully developed.",
    "puborder": 1133,
    "translations": []
  },
  {
    "para_id": "1630.1332",
    "id_prev": "1630.1330",
    "id_next": "1630.1333",
    "refcode_1": "HEVI",
    "refcode_2": "117",
    "refcode_3": "1",
    "refcode_4": "",
    "refcode_short": "HEVI 117.1",
    "refcode_long": "Heavenly Visions, p. 117.1 (John Norton Loughborough)",
    "element_type": "p",
    "element_subtype": "standard-indented",
    "content": "Note also that as those who accepted the Sabbath light in 1844 were being prepared by the Spirit to look toward the heavenly sanctuary, so also those who led out in the study of the sanctuary truth were being prepared to look toward the Sabbath. We have already, in a preceding article, quoted the late P. Z. Kinne&rsquo;s statement regarding Hiram Edson, who was the first to see the light on the sanctuary and its cleansing. Elder Kinne wrote:",
    "puborder": 1134,
    "translations": []
  },
  {
    "para_id": "1630.1333",
    "id_prev": "1630.1332",
    "id_next": "1630.1334",
    "refcode_1": "HEVI",
    "refcode_2": "117",
    "refcode_3": "2",
    "refcode_4": "",
    "refcode_short": "HEVI 117.2",
    "refcode_long": "Heavenly Visions, p. 117.2 (John Norton Loughborough)",
    "element_type": "p",
    "element_subtype": "standard-indented",
    "content": "&ldquo;Brother Edson told me that soon after he received the light on the sanctuary he himself was impressed that the seventh day was the Sabbath, but without any conviction that it was important to keep it.&rdquo;",
    "puborder": 1135,
    "translations": []
  },
  {
    "para_id": "1630.1334",
    "id_prev": "1630.1333",
    "id_next": "1630.1335",
    "refcode_1": "HEVI",
    "refcode_2": "117",
    "refcode_3": "3",
    "refcode_4": "",
    "refcode_short": "HEVI 117.3",
    "refcode_long": "Heavenly Visions, p. 117.3 (John Norton Loughborough)",
    "element_type": "p",
    "element_subtype": "standard-indented",
    "content": "Doubtless that impression helped to place him in a receptive attitude, so that the moment he heard the evidence for the Sabbath presented, he sprang to his feet, saying: &ldquo;Brother Bates, that is light and truth! The seventh day is the Sabbath, and I am with you to keep it!&rdquo;",
    "puborder": 1136,
    "translations": []
  },
  {
    "para_id": "1630.1335",
    "id_prev": "1630.1334",
    "id_next": "1630.1336",
    "refcode_1": "HEVI",
    "refcode_2": "117",
    "refcode_3": "4",
    "refcode_4": "",
    "refcode_short": "HEVI 117.4",
    "refcode_long": "Heavenly Visions, p. 117.4 (John Norton Loughborough)",
    "element_type": "p",
    "element_subtype": "standard-indented",
    "content": "The factors and agents were all being drawn together as the definite advent movement and message were taking shape.",
    "puborder": 1137,
    "translations": []
  },
  {
    "para_id": "1630.1336",
    "id_prev": "1630.1335",
    "id_next": "1630.1337",
    "refcode_1": "HEVI",
    "refcode_2": "117",
    "refcode_3": "5",
    "refcode_4": "",
    "refcode_short": "HEVI 117.5",
    "refcode_long": "Heavenly Visions, p. 117.5 (John Norton Loughborough)",
    "element_type": "p",
    "element_subtype": "standard-indented",
    "content": "Again, in the first vision given for the remnant church by the Spirit of prophecy, in 1844, the heavenly sanctuary was described, with the &ldquo;glorious ark&rdquo; within the veil, the ark that held the law of God engraved on the two tables of stone. In this first vision, also, were shown the 144,000, who &ldquo;were all sealed.&rdquo; (See &ldquo;Early Writings,&rdquo; article, &ldquo;My First Vision,&rdquo; pp. 13-20.)",
    "puborder": 1138,
    "translations": []
  }
]