[
  {
    "para_id": "729.2",
    "id_prev": null,
    "id_next": "729.3",
    "refcode_1": "GEGW",
    "refcode_2": "1",
    "refcode_3": "",
    "refcode_4": "",
    "refcode_short": "GEGW 1",
    "refcode_long": "The Genealogy of Ellen G. White, p. 1 (Roger D. Joslyn)",
    "element_type": "h1",
    "element_subtype": "",
    "content": "The Genealogy of Ellen G. White",
    "puborder": 1,
    "translations": []
  },
  {
    "para_id": "729.3",
    "id_prev": "729.2",
    "id_next": "729.6",
    "refcode_1": "GEGW",
    "refcode_2": "1",
    "refcode_3": "",
    "refcode_4": "",
    "refcode_short": "",
    "refcode_long": "",
    "element_type": "p",
    "element_subtype": "center",
    "content": "<strong>An Update</strong>",
    "puborder": 2,
    "translations": []
  }
]