[
  {
    "para_id": "342.19",
    "id_prev": "342.18",
    "id_next": "342.20",
    "refcode_1": "PH143",
    "refcode_2": "6",
    "refcode_3": "",
    "refcode_4": "3",
    "refcode_short": "PH143 6",
    "refcode_long": "The $150,000 Fund, p. 6 (Ellen Gould White)",
    "element_type": "h3",
    "element_subtype": "",
    "content": "Time Already Lost",
    "puborder": 14,
    "translations": []
  },
  {
    "para_id": "342.20",
    "id_prev": "342.19",
    "id_next": "342.21",
    "refcode_1": "PH143",
    "refcode_2": "6",
    "refcode_3": "2",
    "refcode_4": "",
    "refcode_short": "PH143 6.2",
    "refcode_long": "The $150,000 Fund, p. 6.2 (Ellen Gould White)",
    "element_type": "p",
    "element_subtype": "standard-indented",
    "content": "&ldquo;If there is one place above another where a sanitarium should be established, and where gospel work should be done, it is Washington. We can not estimate how great an influence would have gone forth from Washington in favor of the truth had a sanitarium been established there twenty years ago. Above all places, this place should be worked. Satan is working there with all his might.&rdquo;",
    "puborder": 15,
    "translations": []
  },
  {
    "para_id": "342.21",
    "id_prev": "342.20",
    "id_next": "342.24",
    "refcode_1": "PH143",
    "refcode_2": "6",
    "refcode_3": "3",
    "refcode_4": "",
    "refcode_short": "PH143 6.3",
    "refcode_long": "The $150,000 Fund, p. 6.3 (Ellen Gould White)",
    "element_type": "p",
    "element_subtype": "standard-indented",
    "content": "&ldquo;I present this to you as a matter that is stirring me mightily. One thing is certain: we shall not be clear unless we at once do something in Washington to represent our <span class=\"page-break\" data-page=\"7\"></span> work. I shall not be able to rest until I see the truth going forth as a lamp that burneth.",
    "puborder": 16,
    "translations": []
  },
  {
    "para_id": "342.24",
    "id_prev": "342.21",
    "id_next": "342.25",
    "refcode_1": "PH143",
    "refcode_2": "7",
    "refcode_3": "1",
    "refcode_4": "",
    "refcode_short": "PH143 7.1",
    "refcode_long": "The $150,000 Fund, p. 7.1 (Ellen Gould White)",
    "element_type": "p",
    "element_subtype": "standard-indented",
    "content": "&ldquo;I dare not write all the words that have been given me on this subject. In the future I may feel free to write them.&rdquo;",
    "puborder": 17,
    "translations": []
  },
  {
    "para_id": "342.25",
    "id_prev": "342.24",
    "id_next": "342.26",
    "refcode_1": "PH143",
    "refcode_2": "7",
    "refcode_3": "2",
    "refcode_4": "",
    "refcode_short": "PH143 7.2",
    "refcode_long": "The $150,000 Fund, p. 7.2 (Ellen Gould White)",
    "element_type": "p",
    "element_subtype": "standard-indented",
    "content": "&ldquo;Our people far and near need to ask themselves how the Lord regards their neglect of important centers in America. There are many places in this country in which the truth has never been proclaimed. Many years ago there should have been a sanitarium in Washington, D.C. But men have chosen their way in many things, and the places to which the truth should have found entrance, by the establishment of medical missionary work, have been neglected.&rdquo;",
    "puborder": 18,
    "translations": []
  },
  {
    "para_id": "342.26",
    "id_prev": "342.25",
    "id_next": "342.27",
    "refcode_1": "PH143",
    "refcode_2": "7",
    "refcode_3": "3",
    "refcode_4": "",
    "refcode_short": "PH143 7.3",
    "refcode_long": "The $150,000 Fund, p. 7.3 (Ellen Gould White)",
    "element_type": "p",
    "element_subtype": "standard-indented",
    "content": "&ldquo;If there is any place in the world that should have the full rays of present truth, it is Washington, the city that is the very heart of this nation.&rdquo;",
    "puborder": 19,
    "translations": []
  },
  {
    "para_id": "342.27",
    "id_prev": "342.26",
    "id_next": "342.28",
    "refcode_1": "PH143",
    "refcode_2": "7",
    "refcode_3": "4",
    "refcode_4": "",
    "refcode_short": "PH143 7.4",
    "refcode_long": "The $150,000 Fund, p. 7.4 (Ellen Gould White)",
    "element_type": "p",
    "element_subtype": "standard-indented",
    "content": "&ldquo;Again and again the Lord has presented Washington to me as a place that has been strangely neglected. In looking through my diaries, I have found some things that I wrote more than twelve years ago in regard to the work in Washington, and the necessity of establishing there some memorial for God.&rdquo;&mdash;<em>Extracts from Testimony, written October 14, 1903</em>.",
    "puborder": 20,
    "translations": []
  },
  {
    "para_id": "342.28",
    "id_prev": "342.27",
    "id_next": "342.30",
    "refcode_1": "PH143",
    "refcode_2": "7",
    "refcode_3": "5",
    "refcode_4": "",
    "refcode_short": "PH143 7.5",
    "refcode_long": "The $150,000 Fund, p. 7.5 (Ellen Gould White)",
    "element_type": "p",
    "element_subtype": "standard-indented",
    "content": "&ldquo;Please do not delay. Consecrate yourself to God, and he will be to you a present help in time of need. By doing the work that awaits your presence and assistance, depending entirely upon God for guidance and direction, you will obtain an invaluable experience.&rdquo;&mdash;<em>Extract from Testimony, written December 2, 1903</em>.",
    "puborder": 21,
    "translations": []
  }
]