[
  {
    "para_id": "1579.3825",
    "id_prev": "1579.3823",
    "id_next": "1579.3826",
    "refcode_1": "PFF2",
    "refcode_2": "598",
    "refcode_3": "",
    "refcode_4": "27",
    "refcode_short": "PFF2 598",
    "refcode_long": "The Prophetic Faith of Our Fathers, vol. 2, p. 598 (LeRoy Edwin Froom)",
    "element_type": "h3",
    "element_subtype": "",
    "content": "CHAPTER TWENTY-SEVEN: German Expositors Parallel British Positions",
    "puborder": 2855,
    "translations": []
  },
  {
    "para_id": "1579.3826",
    "id_prev": "1579.3825",
    "id_next": "1579.3827",
    "refcode_1": "PFF2",
    "refcode_2": "598",
    "refcode_3": "",
    "refcode_4": "181",
    "refcode_short": "PFF2 598",
    "refcode_long": "The Prophetic Faith of Our Fathers, vol. 2, p. 598 (LeRoy Edwin Froom)",
    "element_type": "h4",
    "element_subtype": "",
    "content": "I. Few Advances Among Post-Reformation German Expositors",
    "puborder": 2856,
    "translations": []
  },
  {
    "para_id": "1579.3827",
    "id_prev": "1579.3826",
    "id_next": "1579.3828",
    "refcode_1": "PFF2",
    "refcode_2": "598",
    "refcode_3": "1",
    "refcode_4": "",
    "refcode_short": "PFF2 598.1",
    "refcode_long": "The Prophetic Faith of Our Fathers, vol. 2, p. 598.1 (LeRoy Edwin Froom)",
    "element_type": "p",
    "element_subtype": "standard-indented",
    "content": "In Germany the force of the Reformation seemed to have spent itself. With some notable exceptions there were few expositors of importance in the first half of the seventeenth century, <sup class=\"footnote\"><a class=\"footnote\">1<span class=\"footnote\">Farrar, op. cit., p. 380, note 3.</span></a></sup> and virtually no advance in prophetic exposition. In fact, in various cases there was less clarity than in the platform of the Reformation founders, and even retrenchment. Because these expositors clung to the idea that the writings of Luther and his immediate associates were almost canonical, their commentaries more and more lost the vigor of new light and life.",
    "puborder": 2857,
    "translations": []
  },
  {
    "para_id": "1579.3828",
    "id_prev": "1579.3827",
    "id_next": "1579.3831",
    "refcode_1": "PFF2",
    "refcode_2": "598",
    "refcode_3": "2",
    "refcode_4": "",
    "refcode_short": "PFF2 598.2",
    "refcode_long": "The Prophetic Faith of Our Fathers, vol. 2, p. 598.2 (LeRoy Edwin Froom)",
    "element_type": "p",
    "element_subtype": "standard-indented",
    "content": "The Reformation had lost itself, regrettably, in a maze of theological contentions. Every important center had its own formula, built about its party creed. Thus the Post-Reformation period became conspicuously an age of creeds, symbols, confessions, and rigid theological systems. Note them: The Articles of Marburg (1529); the Confession of Augsburg (1530); the Wittenberg Concord (1536); the Articles of Schmalkald (1537); the Second Helvetian Confession (1566); the Lutheran Formula Concordiae(1580); the Thirty-Nine Articles (1562); the canons of the Synod of Dort (Reformed) (1619); and the Westminster Confession (1647). As a consequence of this bondage to formulas, it was also the age of huge books of theology, which were <span class=\"page-break\" data-page=\"599\"></span> issued in astonishing numbers&mdash;their dogmatic inflexibility leading to sharp contention. Papal infallibility had been set aside, but in their perplexity of opinion men yearned for some arbitrary authority.",
    "puborder": 2858,
    "translations": []
  },
  {
    "para_id": "1579.3831",
    "id_prev": "1579.3828",
    "id_next": "1579.3832",
    "refcode_1": "PFF2",
    "refcode_2": "599",
    "refcode_3": "",
    "refcode_4": "613",
    "refcode_short": "PFF2 599",
    "refcode_long": "The Prophetic Faith of Our Fathers, vol. 2, p. 599 (LeRoy Edwin Froom)",
    "element_type": "h5",
    "element_subtype": "",
    "content": "1. WAR OF PENS SUPPLANTED BY WAR OF SWORD",
    "puborder": 2859,
    "translations": []
  },
  {
    "para_id": "1579.3832",
    "id_prev": "1579.3831",
    "id_next": "1579.3833",
    "refcode_1": "PFF2",
    "refcode_2": "599",
    "refcode_3": "1",
    "refcode_4": "",
    "refcode_short": "PFF2 599.1",
    "refcode_long": "The Prophetic Faith of Our Fathers, vol. 2, p. 599.1 (LeRoy Edwin Froom)",
    "element_type": "p",
    "element_subtype": "standard-indented",
    "content": "In Ger many the war of pens over the prophecies concerning Antichrist had given way to one of the most destructive religious wars the world had ever witnessed&mdash;the Thirty Years&rsquo; War, from 1618 to 1648. It changed Germany into a desert and was interspersed by decimating pestilences. In this armed conflict between the Evangelical Union and the Catholic League, the former succumbed. Finally, in October, 1648, the Peace of Westphalia was signed, despite the fulminations of the papal nuncio. The pope denounced it in a bull, and declared it null and void. But in it Catholic, Calvinistic, and Lutheran princes agreed to tolerate each other&mdash;within carefully defined limits. Suppressed evangelical truth had at last emerged from papal dominance.",
    "puborder": 2860,
    "translations": []
  },
  {
    "para_id": "1579.3833",
    "id_prev": "1579.3832",
    "id_next": "1579.3834",
    "refcode_1": "PFF2",
    "refcode_2": "599",
    "refcode_3": "",
    "refcode_4": "614",
    "refcode_short": "PFF2 599",
    "refcode_long": "The Prophetic Faith of Our Fathers, vol. 2, p. 599 (LeRoy Edwin Froom)",
    "element_type": "h5",
    "element_subtype": "",
    "content": "2. FUTURE MILLENNIUM SUPPLANTS PAST MILLENNIUM",
    "puborder": 2861,
    "translations": []
  },
  {
    "para_id": "1579.3834",
    "id_prev": "1579.3833",
    "id_next": "1579.3835",
    "refcode_1": "PFF2",
    "refcode_2": "599",
    "refcode_3": "2",
    "refcode_4": "",
    "refcode_short": "PFF2 599.2",
    "refcode_long": "The Prophetic Faith of Our Fathers, vol. 2, p. 599.2 (LeRoy Edwin Froom)",
    "element_type": "p",
    "element_subtype": "standard-indented",
    "content": "In the Lutheran and Reformed groups the question of the future millennium, rather than a millennium already in the past, was a delicate and divisive issue. The abbot Joachim of the twelfth century, returning to the view of the early fathers, had given the cue. The Anabaptists and later Protestants followed him. CELLARIUS (Borrhaus) of Basel (1551) had emphasized that the faithful martyrs were chiliasts, and COLLADON of Lausanne (1581) had interpreted <span class=\"egwlink egwlink_bible\" title=\"Revelation 20:1\" data-link=\"1965.63334\">Revelation 20</span> in the same way. In the seventeenth century this position became slowly but increasingly general, though not without opposition, among the Protestants of Continental Europe. It was the last of the abandoned factors emphasized in the early church to be restored.",
    "puborder": 2862,
    "translations": []
  },
  {
    "para_id": "1579.3835",
    "id_prev": "1579.3834",
    "id_next": "1579.3838",
    "refcode_1": "PFF2",
    "refcode_2": "599",
    "refcode_3": "3",
    "refcode_4": "",
    "refcode_short": "PFF2 599.3",
    "refcode_long": "The Prophetic Faith of Our Fathers, vol. 2, p. 599.3 (LeRoy Edwin Froom)",
    "element_type": "p",
    "element_subtype": "standard-indented",
    "content": "As in England, the proximity of the end became a matter of common belief and expression. The nearer the ominous year A.D. 1666 approached, or other similar years of expectation&mdash;when some were looking for the ruin of Rome&mdash;the more did calendars and prognostications affirm that the great catastrophe <span class=\"page-break\" data-page=\"600\"></span> impended. But regardless of the differences in time the destruction of Antichrist at the advent was clear and sure. <sup class=\"footnote\"><a class=\"footnote\">2<span class=\"footnote\">Annotated Bibles in Swedish (1622) and Danish appear in the seventeenth century, with illustrative cuts on Daniel and the Apocalypse from Luther&rsquo;s Bible appearing-in this way essentially the same witness was carried in Scandinavia relative to the prophecies common in Central Europe. Annotations parallel the leading Continental Lutheran positions.</span></a></sup>",
    "puborder": 2863,
    "translations": []
  }
]