[
  {
    "para_id": "1579.4717",
    "id_prev": "1579.4716",
    "id_next": "1579.4718",
    "refcode_1": "PFF2",
    "refcode_2": "728",
    "refcode_3": "",
    "refcode_4": "235",
    "refcode_short": "PFF2 728",
    "refcode_long": "The Prophetic Faith of Our Fathers, vol. 2, p. 728 (LeRoy Edwin Froom)",
    "element_type": "h4",
    "element_subtype": "",
    "content": "V. Willison Looks to France as Tenth Part",
    "puborder": 3525,
    "translations": []
  },
  {
    "para_id": "1579.4718",
    "id_prev": "1579.4717",
    "id_next": "1579.4721",
    "refcode_1": "PFF2",
    "refcode_2": "728",
    "refcode_3": "3",
    "refcode_4": "",
    "refcode_short": "PFF2 728.3",
    "refcode_long": "The Prophetic Faith of Our Fathers, vol. 2, p. 728.3 (LeRoy Edwin Froom)",
    "element_type": "p",
    "element_subtype": "standard-indented",
    "content": "Another widely circulated reprint was titled A Prophecy o/ the French Revolution, and the Downfall of Antichrist; Being Two Sermons Preached Many Years Ago, by the late Rev. Mr. John Willison, Minister of the Gospel at Dundee. And Now Reprinted From the Original, Which May Be Seen at the Publishers (1793). JOHN WILLISON (1680-1750), Scotch divine, author of the original of this reprint, was born in Stirling, and educated at the University of Glasgow. Licensed by the Presbytery in 1701, he was ordained in 1703, encountering some opposition. In 1705 the former minister took possession of his pulpit, the magistrates refusing help. In 1716 he moved to Dundee, his ministry being marked by controversy. He published an apology for the Church of Scotland in 1719, and in 1733 one of his sermons was published under the title The Church&rsquo;s Danger. Willison went to Cambuslang to study the revival associated with Whitefield, and returned to his own parish to start a similar <span class=\"page-break\" data-page=\"729\"></span> movement. In 1745 he published Popery Another Gospel. He was the author of nine principal works.",
    "puborder": 3526,
    "translations": []
  },
  {
    "para_id": "1579.4721",
    "id_prev": "1579.4718",
    "id_next": "1579.4722",
    "refcode_1": "PFF2",
    "refcode_2": "729",
    "refcode_3": "",
    "refcode_4": "768",
    "refcode_short": "PFF2 729",
    "refcode_long": "The Prophetic Faith of Our Fathers, vol. 2, p. 729 (LeRoy Edwin Froom)",
    "element_type": "h5",
    "element_subtype": "",
    "content": "1. HISTORIC BACKGROUND OF ROMAN ANTICHRIST",
    "puborder": 3527,
    "translations": []
  },
  {
    "para_id": "1579.4722",
    "id_prev": "1579.4721",
    "id_next": "1579.4723",
    "refcode_1": "PFF2",
    "refcode_2": "729",
    "refcode_3": "1",
    "refcode_4": "",
    "refcode_short": "PFF2 729.1",
    "refcode_long": "The Prophetic Faith of Our Fathers, vol. 2, p. 729.1 (LeRoy Edwin Froom)",
    "element_type": "p",
    "element_subtype": "standard-indented",
    "content": "In as much as we have not previously noted this expositor, a brief panorama of his prophetic views is here given. Beginning with the apostolic age, Willison tells how &ldquo;every Sermon made new Conquests and Additions to the Church, till every City and Corner of the vast Roman Empire was stored with Christians&rdquo;; <sup class=\"footnote\"><a class=\"footnote\">23<span class=\"footnote\">John Willison, A Prophecy of the French Revolution, p. 16.</span></a></sup> then he turns to the &ldquo;Kingdom of the latter Days, or towards the End of the World, of which Daniel speaks in his Prophecy, <span class=\"egwlink egwlink_bible\" title=\"Daniel 2:28\" data-link=\"1965.44454\">Daniel 2:28, 44</span> and <span class=\"egwlink egwlink_bible\" title=\"Daniel 7:27\" data-link=\"1965.44807\">Daniel 7:27</span>.&rdquo; The stone is the eternal &ldquo;Kingdom of Christ,&rdquo; to be established only after &ldquo;the Days&rdquo; of the kings which would divide the Fourth Monarchy, or Roman Empire, among them. &ldquo;This empire was to be divided into ten Kingdoms, called in the Revelation ten Horns, as represented in <span class=\"egwlink egwlink_bible\" title=\"Daniel 2:41\" data-link=\"1965.44480\">Daniel 2:41</span> by the ten Toes of the Feet of the Image.&rdquo; <sup class=\"footnote\"><a class=\"footnote\">24<span class=\"footnote\">Ibid., pp. 16, 17.</span></a></sup>",
    "puborder": 3528,
    "translations": []
  },
  {
    "para_id": "1579.4723",
    "id_prev": "1579.4722",
    "id_next": "1579.4724",
    "refcode_1": "PFF2",
    "refcode_2": "729",
    "refcode_3": "",
    "refcode_4": "769",
    "refcode_short": "PFF2 729",
    "refcode_long": "The Prophetic Faith of Our Fathers, vol. 2, p. 729 (LeRoy Edwin Froom)",
    "element_type": "h5",
    "element_subtype": "",
    "content": "2. THE FORERUNNERS OF ANTICHRIST&rsquo;S FALL",
    "puborder": 3529,
    "translations": []
  },
  {
    "para_id": "1579.4724",
    "id_prev": "1579.4723",
    "id_next": "1579.4725",
    "refcode_1": "PFF2",
    "refcode_2": "729",
    "refcode_3": "2",
    "refcode_4": "",
    "refcode_short": "PFF2 729.2",
    "refcode_long": "The Prophetic Faith of Our Fathers, vol. 2, p. 729.2 (LeRoy Edwin Froom)",
    "element_type": "p",
    "element_subtype": "standard-indented",
    "content": "The last days would be characterized by the overthrow of Babylon or Antichrist, the destruction of the Turkish Empire, the ingathering of the Jews, and the fullness of the Gentiles. Coming directly to the time and circumstance of the &ldquo;Destruction of Antichrist, or the Papal Power,&rdquo; promised for the latter days, he observes that &ldquo;Scripture is more particular, about the Time of its being fulfilled, than any other.&rdquo; <sup class=\"footnote\"><a class=\"footnote\">25<span class=\"footnote\">Ibid., p. 20.</span></a></sup> He then proceeds to enumerate the fore runners of Antichrist&rsquo;s fall and to tell of Christ&rsquo;s coming to de liver His people from this tyranny.",
    "puborder": 3530,
    "translations": []
  },
  {
    "para_id": "1579.4725",
    "id_prev": "1579.4724",
    "id_next": "1579.4728",
    "refcode_1": "PFF2",
    "refcode_2": "729",
    "refcode_3": "3",
    "refcode_4": "",
    "refcode_short": "PFF2 729.3",
    "refcode_long": "The Prophetic Faith of Our Fathers, vol. 2, p. 729.3 (LeRoy Edwin Froom)",
    "element_type": "p",
    "element_subtype": "standard-indented",
    "content": "First, there will be a great defection among the churches, an increase of formality, sleepiness of the virgins, and ministers corrupting the glorious doctrines of the gospel. False teachers, infidelity, scoffers, will deride the promise of Christ&rsquo;s coming to destroy Antichrist. This is caused in part by the mistakes of those who have &ldquo;prefixed Times for it, that there will remain but little Faith in any about his glorious Appearance for his Church, <span class=\"page-break\" data-page=\"730\"></span> when behold he is just at the Door.&rdquo; Thus &ldquo;Adversaries of the Truth have been much hardened in their Infidelity.&rdquo; <sup class=\"footnote\"><a class=\"footnote\">26<span class=\"footnote\">Ibid., pp. 20-22.</span></a></sup>",
    "puborder": 3531,
    "translations": []
  },
  {
    "para_id": "1579.4728",
    "id_prev": "1579.4725",
    "id_next": "1579.4729",
    "refcode_1": "PFF2",
    "refcode_2": "730",
    "refcode_3": "",
    "refcode_4": "770",
    "refcode_short": "PFF2 730",
    "refcode_long": "The Prophetic Faith of Our Fathers, vol. 2, p. 730 (LeRoy Edwin Froom)",
    "element_type": "h5",
    "element_subtype": "",
    "content": "3. SIGNS OF CHRIST&rsquo;S SECOND ADVENT",
    "puborder": 3532,
    "translations": []
  },
  {
    "para_id": "1579.4729",
    "id_prev": "1579.4728",
    "id_next": "1579.4730",
    "refcode_1": "PFF2",
    "refcode_2": "730",
    "refcode_3": "1",
    "refcode_4": "",
    "refcode_short": "PFF2 730.1",
    "refcode_long": "The Prophetic Faith of Our Fathers, vol. 2, p. 730.1 (LeRoy Edwin Froom)",
    "element_type": "p",
    "element_subtype": "standard-indented",
    "content": "Second, there will be unprecedented world trouble, fear, and distress, as certified by <span class=\"egwlink egwlink_bible\" title=\"Daniel 12:1\" data-link=\"1965.45056\">Daniel 12:1</span>. And before Christ&rsquo;s coming strange sights will appear in the heavens, and on the earth, earthquakes, wars, upheavals, and universal distress, before the deliverance.&rdquo; <sup class=\"footnote\"><a class=\"footnote\">27<span class=\"footnote\">Ibid., p. 22.</span></a></sup> Third, when Christ appears, the church&rsquo;s enemies will be most confident and secure, &ldquo;particularly when the Romish Harlot is lifted up with pride by her Success,&rdquo; saying, &ldquo;I sit a Queen and shall see no Sorrow.&rdquo; <sup class=\"footnote\"><a class=\"footnote\">28<span class=\"footnote\">Ibid., pp. 22, 23.</span></a></sup>",
    "puborder": 3533,
    "translations": []
  },
  {
    "para_id": "1579.4730",
    "id_prev": "1579.4729",
    "id_next": "1579.4731",
    "refcode_1": "PFF2",
    "refcode_2": "730",
    "refcode_3": "",
    "refcode_4": "771",
    "refcode_short": "PFF2 730",
    "refcode_long": "The Prophetic Faith of Our Fathers, vol. 2, p. 730 (LeRoy Edwin Froom)",
    "element_type": "h5",
    "element_subtype": "",
    "content": "4. MANY BELIEVE FRANCE WILL EFFECT FALL",
    "puborder": 3534,
    "translations": []
  },
  {
    "para_id": "1579.4731",
    "id_prev": "1579.4730",
    "id_next": "1579.4732",
    "refcode_1": "PFF2",
    "refcode_2": "730",
    "refcode_3": "2",
    "refcode_4": "",
    "refcode_short": "PFF2 730.2",
    "refcode_long": "The Prophetic Faith of Our Fathers, vol. 2, p. 730.2 (LeRoy Edwin Froom)",
    "element_type": "p",
    "element_subtype": "standard-indented",
    "content": "Fourth, the climax of his argument (stated, be it remembered, half a century previous to the reprint of 1793):",
    "puborder": 3535,
    "translations": []
  },
  {
    "para_id": "1579.4732",
    "id_prev": "1579.4731",
    "id_next": "1579.4733",
    "refcode_1": "PFF2",
    "refcode_2": "730",
    "refcode_3": "3",
    "refcode_4": "",
    "refcode_short": "PFF2 730.3",
    "refcode_long": "The Prophetic Faith of Our Fathers, vol. 2, p. 730.3 (LeRoy Edwin Froom)",
    "element_type": "p",
    "element_subtype": "standard-indented",
    "content": "&ldquo;Before Antichrist&rsquo;s Fall, one of the ten Kingdoms which supported the Beast shall undergo a marvellous Revolution, <span class=\"egwlink egwlink_bible\" title=\"Revelation 11:13\" data-link=\"1965.63017\">Revelation 11:13</span>. The same Hour there was a great Earthquake, and the tenth Part of the City fell. By which tenth Part, is to be understood one of the ten Kingdoms into which the great City Romish Babylon was divided: This many take to be the Kingdom of France, it being the tenth and last of the Kingdoms as to the Time of its Rise, and that which gave Rome Denomination of the Beast with ten Horns, and also it being the only one of the ten that was never conquered since its Rise. However unlikely this and other prophesied Events may appear at the Time, yet the Almighty Hand of the only wise God can soon bring them about when least expected. Though the Church should be wrapt about with the blackest Clouds and thickest Darkness for a Time, that will be no Stop to God&rsquo;s great Designs.&rdquo; <sup class=\"footnote\"><a class=\"footnote\">29<span class=\"footnote\">Ibid., pp. 23, 24.</span></a></sup>",
    "puborder": 3536,
    "translations": []
  },
  {
    "para_id": "1579.4733",
    "id_prev": "1579.4732",
    "id_next": "1579.4735",
    "refcode_1": "PFF2",
    "refcode_2": "730",
    "refcode_3": "4",
    "refcode_4": "",
    "refcode_short": "PFF2 730.4",
    "refcode_long": "The Prophetic Faith of Our Fathers, vol. 2, p. 730.4 (LeRoy Edwin Froom)",
    "element_type": "p",
    "element_subtype": "standard-indented",
    "content": "Then the compiler and reprinter in the early days of the Revolution concludes, &ldquo;France was to be cut off from the dominion of Rome. How wonderfully this has been brought about, we have seen.&rdquo; <sup class=\"footnote\"><a class=\"footnote\">30<span class=\"footnote\">Ibid., p. 29.</span></a></sup>",
    "puborder": 3537,
    "translations": []
  }
]