[
  {
    "para_id": "1579.4324",
    "id_prev": "1579.4323",
    "id_next": "1579.4325",
    "refcode_1": "PFF2",
    "refcode_2": "674",
    "refcode_3": "",
    "refcode_4": "211",
    "refcode_short": "PFF2 674",
    "refcode_long": "The Prophetic Faith of Our Fathers, vol. 2, p. 674 (LeRoy Edwin Froom)",
    "element_type": "h4",
    "element_subtype": "",
    "content": "III. Lisbon Earthquake Recognized as Sign of Approaching Advent",
    "puborder": 3225,
    "translations": []
  },
  {
    "para_id": "1579.4325",
    "id_prev": "1579.4324",
    "id_next": "1579.4327",
    "refcode_1": "PFF2",
    "refcode_2": "674",
    "refcode_3": "1",
    "refcode_4": "",
    "refcode_short": "PFF2 674.1",
    "refcode_long": "The Prophetic Faith of Our Fathers, vol. 2, p. 674.1 (LeRoy Edwin Froom)",
    "element_type": "p",
    "element_subtype": "standard-indented",
    "content": "As previously noted, contemporary recognition of prophesied epochs or events, as rapidly as they have been fulfilled, has characterized the centuries. Both the middle and the close of the eighteenth century record such an attesting witness. The first was the Lisbon, Portugal, earthquake, of 1755, and the second was the French Revolution, which resulted in the ending of the papal 1260 years through the stroke of the arms of France. We here note the first.",
    "puborder": 3226,
    "translations": []
  },
  {
    "para_id": "1579.4327",
    "id_prev": "1579.4325",
    "id_next": "1579.4328",
    "refcode_1": "PFF2",
    "refcode_2": "675",
    "refcode_3": "",
    "refcode_4": "699",
    "refcode_short": "PFF2 675",
    "refcode_long": "The Prophetic Faith of Our Fathers, vol. 2, p. 675 (LeRoy Edwin Froom)",
    "element_type": "h5",
    "element_subtype": "",
    "content": "1. CALLED HERALD OF APPROACHING END",
    "puborder": 3227,
    "translations": []
  },
  {
    "para_id": "1579.4328",
    "id_prev": "1579.4327",
    "id_next": "1579.4329",
    "refcode_1": "PFF2",
    "refcode_2": "675",
    "refcode_3": "1",
    "refcode_4": "",
    "refcode_short": "PFF2 675.1",
    "refcode_long": "The Prophetic Faith of Our Fathers, vol. 2, p. 675.1 (LeRoy Edwin Froom)",
    "element_type": "p",
    "element_subtype": "standard-indented",
    "content": "The Lisbon earthquake was definitely recognized at the time of its occurrence as a harbinger of the approaching advent. &ldquo;A.B.,&rdquo; for example, in The Gentleman&rsquo;s Magazine (London), February, 1756, declares that this &ldquo;tremendous judgment and dreadful catastrophe&rdquo; corresponds to <span class=\"egwlink egwlink_bible\" title=\"Luke 21:25\" data-link=\"1965.52741\">Luke 21:25, 26</span>, and is set forth as a herald of the &ldquo;glorious kingdom of the millennium. <sup class=\"footnote\"><a class=\"footnote\">18<span class=\"footnote\">&ldquo;A.B.&rdquo; in The Gentleman&rsquo;s Magazine (London), February, 1756, p. 69.</span></a></sup> Asserting that it can not fail to &ldquo;awaken the world to serious and devout contemplations,&rdquo; and to &ldquo;compare it with the prophecies relating to, and now fulfilling in this its last days, <sup class=\"footnote\"><a class=\"footnote\">19<span class=\"footnote\">Ibid., p. 68.</span></a></sup> he denominates it &ldquo;one of the infallible omens,&rdquo; a &ldquo;signal from the King of heaven.&rdquo; Calling attention to the fact that Lisbon is inhabited by perhaps the most bigoted zealots of the Roman faith, and that it was where &ldquo;the most dreadful tribunal of the inquisition emitted the infernal flames with the greatest fury and hottest violence,&rdquo; A.B. makes this remark:",
    "puborder": 3228,
    "translations": []
  },
  {
    "para_id": "1579.4329",
    "id_prev": "1579.4328",
    "id_next": "1579.4330",
    "refcode_1": "PFF2",
    "refcode_2": "675",
    "refcode_3": "2",
    "refcode_4": "",
    "refcode_short": "PFF2 675.2",
    "refcode_long": "The Prophetic Faith of Our Fathers, vol. 2, p. 675.2 (LeRoy Edwin Froom)",
    "element_type": "p",
    "element_subtype": "standard-indented",
    "content": "&ldquo;For my own part, I do really suppose, from the present condition of Europe compared with <span class=\"egwlink egwlink_bible\" title=\"Luke 21:25\" data-link=\"1965.52741\">Luke 21:25, 26</span>, that this is surely nothing less than the outstretched arm of God prepared to break the earth in pieces with a rod of iron, and to cleanse and purify it from all pollutions and filthiness both of flesh and spirit, to make way for the glorious kingdom of the millennium; like the voice of the first angel (<span class=\"egwlink egwlink_bible\" title=\"Luke 14:1\" data-link=\"1965.52140\">chap. 14, 5, 6, 7</span>.) to call all nations every where to repent while it is day, and make all pious men now look up, for their redemption draweth nigh; when he shall appear again with healing in his wings. <sup class=\"footnote\"><a class=\"footnote\">20<span class=\"footnote\">Ibid., p. 69.</span></a></sup>",
    "puborder": 3229,
    "translations": []
  },
  {
    "para_id": "1579.4330",
    "id_prev": "1579.4329",
    "id_next": "1579.4331",
    "refcode_1": "PFF2",
    "refcode_2": "675",
    "refcode_3": "",
    "refcode_4": "700",
    "refcode_short": "PFF2 675",
    "refcode_long": "The Prophetic Faith of Our Fathers, vol. 2, p. 675 (LeRoy Edwin Froom)",
    "element_type": "h5",
    "element_subtype": "",
    "content": "2. DAY OF FASTING CELEBRATED ON ANNIVERSARY",
    "puborder": 3230,
    "translations": []
  },
  {
    "para_id": "1579.4331",
    "id_prev": "1579.4330",
    "id_next": "1579.4334",
    "refcode_1": "PFF2",
    "refcode_2": "675",
    "refcode_3": "3",
    "refcode_4": "",
    "refcode_short": "PFF2 675.3",
    "refcode_long": "The Prophetic Faith of Our Fathers, vol. 2, p. 675.3 (LeRoy Edwin Froom)",
    "element_type": "p",
    "element_subtype": "standard-indented",
    "content": "Asserting it was &ldquo;seemingly supernatural, as if it came to pass by the direction of a particular providence, to confound the wisdom, and silence the audacious infidels of the age; such as show plainly, that the Lord was in the earthquake, and that it was his angel that troubled the waters, <sup class=\"footnote\"><a class=\"footnote\">21<span class=\"footnote\">Ibid.</span></a></sup> A.B. makes reference to the appropriateness of a fast day, with appropriate prayers on the part of Protestants. And that such a day of fasting was appointed and carried out in the Anglican Church is attested by a remarkable <span class=\"page-break\" data-page=\"676\"></span> packet of pamphlets and sermons bound together, and lodged in the British Museum. They were prefaced by a hand written index listing the twenty-one sermons comprising this special volume of sermons preached in connection with this fast day of February 6, 1756.",
    "puborder": 3231,
    "translations": []
  },
  {
    "para_id": "1579.4334",
    "id_prev": "1579.4331",
    "id_next": "1579.4335",
    "refcode_1": "PFF2",
    "refcode_2": "676",
    "refcode_3": "1",
    "refcode_4": "",
    "refcode_short": "PFF2 676.1",
    "refcode_long": "The Prophetic Faith of Our Fathers, vol. 2, p. 676.1 (LeRoy Edwin Froom)",
    "element_type": "p",
    "element_subtype": "standard-indented",
    "content": "The names on this roster are impressive a bishop, seven M.A.&rsquo;s, five D.D.&rsquo;s, two LL.B.&rsquo;s, and a chaplain to the king, making up fifteen of the twenty-one. A Discourse Preparatory to the Religious Observance of the Day of Publick Fasting and Humiliation, Appointed by Authority, to Be Kept on Friday the Sixth of February 1756, on the Occasion of the Late Earthquakes Abroad, and Particularly at Lisbon (1756) was prepared by Henry Stebbing, D.D., chaplain in ordinary to His Majesty. Thomas Alcock, preaching at Plymouth, stated:",
    "puborder": 3232,
    "translations": []
  },
  {
    "para_id": "1579.4335",
    "id_prev": "1579.4334",
    "id_next": "1579.4336",
    "refcode_1": "PFF2",
    "refcode_2": "676",
    "refcode_3": "2",
    "refcode_4": "",
    "refcode_short": "PFF2 676.2",
    "refcode_long": "The Prophetic Faith of Our Fathers, vol. 2, p. 676.2 (LeRoy Edwin Froom)",
    "element_type": "p",
    "element_subtype": "standard-indented",
    "content": "&ldquo;The affrighted Inhabitants of Lisbon, and of many other Places, thought the Lord was come to smite the Earth with a Curse&mdash;thought the great and terrible Day of Judgment was at Hand, in the which the Heavens shall pass away with a great Noise, and the Elements shall melt with fervent Heat: The Earth also and all the Works that are therein shall be burnt up. <sup class=\"footnote\"><a class=\"footnote\">22<span class=\"footnote\">Thomas Alcock, A Sermon on the Late Earthquakes, More Particularly That at Lisbon, p. 40.</span></a></sup>",
    "puborder": 3233,
    "translations": []
  },
  {
    "para_id": "1579.4336",
    "id_prev": "1579.4335",
    "id_next": "1579.4337",
    "refcode_1": "PFF2",
    "refcode_2": "676",
    "refcode_3": "",
    "refcode_4": "701",
    "refcode_short": "PFF2 676",
    "refcode_long": "The Prophetic Faith of Our Fathers, vol. 2, p. 676 (LeRoy Edwin Froom)",
    "element_type": "h5",
    "element_subtype": "",
    "content": "3. FULFILLMENT OF OUR LORD&rsquo;S PROPHECY",
    "puborder": 3234,
    "translations": []
  },
  {
    "para_id": "1579.4337",
    "id_prev": "1579.4336",
    "id_next": "1579.4338",
    "refcode_1": "PFF2",
    "refcode_2": "676",
    "refcode_3": "3",
    "refcode_4": "",
    "refcode_short": "PFF2 676.3",
    "refcode_long": "The Prophetic Faith of Our Fathers, vol. 2, p. 676.3 (LeRoy Edwin Froom)",
    "element_type": "p",
    "element_subtype": "standard-indented",
    "content": "Then follows this observation on the meaning of the catastrophe:",
    "puborder": 3235,
    "translations": []
  },
  {
    "para_id": "1579.4338",
    "id_prev": "1579.4337",
    "id_next": "1579.4340",
    "refcode_1": "PFF2",
    "refcode_2": "676",
    "refcode_3": "4",
    "refcode_4": "",
    "refcode_short": "PFF2 676.4",
    "refcode_long": "The Prophetic Faith of Our Fathers, vol. 2, p. 676.4 (LeRoy Edwin Froom)",
    "element_type": "p",
    "element_subtype": "standard-indented",
    "content": "&ldquo;Nor was it without Reason, that they entertained these Apprehensions: As there were Signs almost sufficient to make them expect that Catastrophe. For our Saviour has foretold; that there shall be Wars and Rumors of Wars, Nation shall rise against Nation, and great Earthquakes shall be in divers Places, and Famines, and Pestilences, and fearful Sights, the Sea and the Waves roaring; Mens Hearts jailing them for fear, and for looking after those Things which are coming on the Earth: For the Powers of Heaven shall be shaken: That these shall be the Beginnings of Sorrows, and some of the previous Signs of his Coming. And though the Lord still delayeth his Coming, yet seeing all these Things most certainly shall be dissolved, we know not how soon, what Manner of Persons ought we to be in all holy Conversation and Godliness! Looking for, and hasting unto the coming of the day of God! <sup class=\"footnote\"><a class=\"footnote\">23<span class=\"footnote\">Ibid.</span></a></sup>",
    "puborder": 3236,
    "translations": []
  },
  {
    "para_id": "1579.4340",
    "id_prev": "1579.4338",
    "id_next": "1579.4341",
    "refcode_1": "PFF2",
    "refcode_2": "677",
    "refcode_3": "",
    "refcode_4": "702",
    "refcode_short": "PFF2 677",
    "refcode_long": "The Prophetic Faith of Our Fathers, vol. 2, p. 677 (LeRoy Edwin Froom)",
    "element_type": "h5",
    "element_subtype": "",
    "content": "4. HUMBLE HEARTS WHILE AWAITING FULFILLMENTS",
    "puborder": 3237,
    "translations": []
  },
  {
    "para_id": "1579.4341",
    "id_prev": "1579.4340",
    "id_next": "1579.4342",
    "refcode_1": "PFF2",
    "refcode_2": "677",
    "refcode_3": "1",
    "refcode_4": "",
    "refcode_short": "PFF2 677.1",
    "refcode_long": "The Prophetic Faith of Our Fathers, vol. 2, p. 677.1 (LeRoy Edwin Froom)",
    "element_type": "p",
    "element_subtype": "standard-indented",
    "content": "Bishop Lavington of Exeter preached a sermon on the general fast day, which was published at the request of the mayor and chamber. Declaring &ldquo;this Event is the greatest Call in its Kind which has been known in the Memory of any Person living, or (I think) recorded in History,&rdquo; the bishop appealed for a humbling of heart and a true spirit of contrition. <sup class=\"footnote\"><a class=\"footnote\">24<span class=\"footnote\">George Lavington, A Sermon Preached in the Cathedral-Church of Exeter, on the General Fast-Day, February 6, 1756, p. 19.</span></a></sup> After refer ring to <span class=\"egwlink egwlink_bible\" title=\"Luke 21:1\" data-link=\"1965.52693\">Luke 21</span> and the signs of the second advent, including great earthquakes, the bishop said:",
    "puborder": 3238,
    "translations": []
  },
  {
    "para_id": "1579.4342",
    "id_prev": "1579.4341",
    "id_next": "1579.4343",
    "refcode_1": "PFF2",
    "refcode_2": "677",
    "refcode_3": "2",
    "refcode_4": "",
    "refcode_short": "PFF2 677.2",
    "refcode_long": "The Prophetic Faith of Our Fathers, vol. 2, p. 677.2 (LeRoy Edwin Froom)",
    "element_type": "p",
    "element_subtype": "standard-indented",
    "content": "&ldquo;I do not think that we have Light enough in these Matters to pin down this Prophecy to these Events; nor to determine how near or how far off Christ&rsquo;s second Coming may be. There seem to be other Prophecies not yet accomplished, which must be accomplished before this comes to pass. But, as the Resemblance between what we now see, and what shall be seen, when the last Catastrophe comes, naturally connects them together in our Thoughts; so it will always be our Wisdom, when we see such Signs as these, so far to be apprehensive that the End of all Things is at Hand, as to be sober and watch unto Prayer. <sup class=\"footnote\"><a class=\"footnote\">25<span class=\"footnote\">lbid., pp. 20, 21.</span></a></sup>",
    "puborder": 3239,
    "translations": []
  },
  {
    "para_id": "1579.4343",
    "id_prev": "1579.4342",
    "id_next": "1579.4344",
    "refcode_1": "PFF2",
    "refcode_2": "677",
    "refcode_3": "3",
    "refcode_4": "",
    "refcode_short": "PFF2 677.3",
    "refcode_long": "The Prophetic Faith of Our Fathers, vol. 2, p. 677.3 (LeRoy Edwin Froom)",
    "element_type": "p",
    "element_subtype": "standard-indented",
    "content": "Then he called for the gathering of the people (<span class=\"egwlink egwlink_bible\" title=\"Joel 2:16\" data-link=\"1965.45564\">Joel 2:16</span>) to plead with God to spare the people, and to put away disaffection, and apathy, and compromise with the &ldquo;Great Apostasy.&rdquo; He concluded by declaring none can put &ldquo;any stop to the Fore runner of the Lord&rsquo;s Coming, <sup class=\"footnote\"><a class=\"footnote\">26<span class=\"footnote\">Ibid., p. 26.</span></a></sup> though the precise day and hour is known to no man.",
    "puborder": 3240,
    "translations": []
  }
]