[
  {
    "para_id": "1579.3701",
    "id_prev": "1579.3699",
    "id_next": "1579.3702",
    "refcode_1": "PFF2",
    "refcode_2": "580",
    "refcode_3": "",
    "refcode_4": "26",
    "refcode_short": "PFF2 580",
    "refcode_long": "The Prophetic Faith of Our Fathers, vol. 2, p. 580 (LeRoy Edwin Froom)",
    "element_type": "h3",
    "element_subtype": "",
    "content": "CHAPTER TWENTY-SIX: Approaching End of Papal Period Predated",
    "puborder": 2760,
    "translations": []
  },
  {
    "para_id": "1579.3702",
    "id_prev": "1579.3701",
    "id_next": "1579.3703",
    "refcode_1": "PFF2",
    "refcode_2": "580",
    "refcode_3": "1",
    "refcode_4": "",
    "refcode_short": "PFF2 580.1",
    "refcode_long": "The Prophetic Faith of Our Fathers, vol. 2, p. 580.1 (LeRoy Edwin Froom)",
    "element_type": "p",
    "element_subtype": "standard-indented",
    "content": "The English had grown weary of the power exercised first by the Puritans and Presbyterians (1640-1648), and then by the Independents under Cromwell (1648-1658). So the English Revolution of 1688 took place. This marked the cessation of papal power in England. James II, last Catholic king of Eng land, abandoned his throne and fled, and the victories of William of Orange in Ireland and on the Continent followed, terminated in the Treaty of Ryswick, in 1697. Encouraged by the English Revolution, the Vaudois refugees in Switzerland began their &ldquo;glorious return&rdquo; in 1689, under the leadership of Henry Arnaud, cutting their way through opposition back to their native Piedmontese valleys. <sup class=\"footnote\"><a class=\"footnote\">1<span class=\"footnote\">Guinness, History Unveiling Prophecy, pp. 153, 154.</span></a></sup>",
    "puborder": 2761,
    "translations": []
  },
  {
    "para_id": "1579.3703",
    "id_prev": "1579.3702",
    "id_next": "1579.3706",
    "refcode_1": "PFF2",
    "refcode_2": "580",
    "refcode_3": "2",
    "refcode_4": "",
    "refcode_short": "PFF2 580.2",
    "refcode_long": "The Prophetic Faith of Our Fathers, vol. 2, p. 580.2 (LeRoy Edwin Froom)",
    "element_type": "p",
    "element_subtype": "standard-indented",
    "content": "Among expositors the approaching end of the papal period was stressed increasingly. HANSERD KNOLLYS, in his An Exposition of the Eleventh Chapter of the Revelation (1679), insisting on the year-day principle for all portrayals of the 1260 days, remarks that there is variation among expositors as to their beginning and ending, but says time and fulfillment will demonstrate the certainty of their ending. <sup class=\"footnote\"><a class=\"footnote\">2<span class=\"footnote\">Hanserd Knollys, An Exposition of the Eleventh Chapter of the <span class=\"egwlink egwlink_bible\" title=\"Revelation 12:1\" data-link=\"1965.63032\">Revelation 12, 13</span>.</span></a></sup> Then will come the advent. And the clear note of the second advent as the hope of the church rings through these various writings, as witness the touchingly significant signature &ldquo;By a Lover of the Second <span class=\"page-break\" data-page=\"581\"></span> Coming of our Lord JESUS, and of the Blessed Myllenium&rdquo; to the work, A Modest Inquiry Into the Meaning of the Revelations, in a Letter to All Such as Wait for the Kingdom of Christ.",
    "puborder": 2762,
    "translations": []
  }
]