[
  {
    "para_id": "22.135",
    "id_prev": "22.134",
    "id_next": "22.136",
    "refcode_1": "CS",
    "refcode_2": "29",
    "refcode_3": "",
    "refcode_4": "16",
    "refcode_short": "CS 29",
    "refcode_long": "Counsels on Stewardship, p. 29 (Ellen Gould White)",
    "element_type": "h4",
    "element_subtype": "",
    "content": "The Most Difficult Sermon",
    "puborder": 93,
    "translations": [
      {
        "para_id": "164.176",
        "lang": "es",
        "refcode": "CMC 33"
      },
      {
        "para_id": "870.179",
        "lang": "fr",
        "refcode": "CE 33"
      },
      {
        "para_id": "12458.113",
        "lang": "is",
        "refcode": "RR 20"
      },
      {
        "para_id": "12010.116",
        "lang": "pl",
        "refcode": "RS 20"
      },
      {
        "para_id": "1810.127",
        "lang": "pt",
        "refcode": "CM 19.3"
      },
      {
        "para_id": "2702.169",
        "lang": "ro",
        "refcode": "SA 29"
      },
      {
        "para_id": "1850.130",
        "lang": "ru",
        "refcode": "СУ 29"
      }
    ]
  },
  {
    "para_id": "22.136",
    "id_prev": "22.135",
    "id_next": "22.139",
    "refcode_1": "CS",
    "refcode_2": "29",
    "refcode_3": "3",
    "refcode_4": "",
    "refcode_short": "CS 29.3",
    "refcode_long": "Counsels on Stewardship, p. 29.3 (Ellen Gould White)",
    "element_type": "p",
    "element_subtype": "standard-indented",
    "content": "The most difficult sermon to preach and the hardest to practice is self-denial. The greedy sinner, self, closes the door to the good which might be done, but which is not done because money is invested for selfish purposes. But it is impossible for anyone to retain the favor of God and enjoy communion with the Saviour, and at the same time be indifferent to the interests of his fellow beings who have no life in Christ, who are <span class=\"page-break\" data-page=\"30\"></span> perishing in their sins. Christ has left us a wonderful example of self-sacrifice....",
    "puborder": 94,
    "translations": [
      {
        "para_id": "164.177",
        "lang": "es",
        "refcode": "CMC 33.3"
      },
      {
        "para_id": "870.180",
        "lang": "fr",
        "refcode": "CE 33.3"
      },
      {
        "para_id": "12458.114",
        "lang": "is",
        "refcode": "RR 20.1"
      },
      {
        "para_id": "12010.117",
        "lang": "pl",
        "refcode": "RS 20.1"
      },
      {
        "para_id": "1810.127",
        "lang": "pt",
        "refcode": "CM 19.3"
      },
      {
        "para_id": "2702.170",
        "lang": "ro",
        "refcode": "SA 29.3"
      },
      {
        "para_id": "1850.131",
        "lang": "ru",
        "refcode": "СУ 29.3"
      }
    ]
  },
  {
    "para_id": "22.139",
    "id_prev": "22.136",
    "id_next": "22.140",
    "refcode_1": "CS",
    "refcode_2": "30",
    "refcode_3": "1",
    "refcode_4": "",
    "refcode_short": "CS 30.1",
    "refcode_long": "Counsels on Stewardship, p. 30.1 (Ellen Gould White)",
    "element_type": "p",
    "element_subtype": "standard-indented",
    "content": "As we follow Him in the path of self-denial, lifting the cross and bearing it after Him to His Father&apos;s home, we shall reveal in our lives the beauty of the Christ life. At the altar of self-sacrifice,&mdash;the appointed place of meeting between God and the soul,&mdash;we receive from the hand of God the celestial torch which searches the heart, revealing the need of an abiding Christ.&mdash;<span class=\"egwlink egwlink_book\" title=\"RH 1-31-1907\" data-link=\"821.27619\">The Review and Herald, January 31, 1907</span>.",
    "puborder": 95,
    "translations": [
      {
        "para_id": "164.180",
        "lang": "es",
        "refcode": "CMC 34.1"
      },
      {
        "para_id": "870.183",
        "lang": "fr",
        "refcode": "CE 34.1"
      },
      {
        "para_id": "12458.115",
        "lang": "is",
        "refcode": "RR 20.2"
      },
      {
        "para_id": "12010.118",
        "lang": "pl",
        "refcode": "RS 20.2"
      },
      {
        "para_id": "1810.128",
        "lang": "pt",
        "refcode": "CM 19.4"
      },
      {
        "para_id": "2702.170",
        "lang": "ro",
        "refcode": "SA 29.3"
      },
      {
        "para_id": "1850.134",
        "lang": "ru",
        "refcode": "СУ 30.1"
      }
    ]
  }
]