[
  {
    "para_id": "22.1840",
    "id_prev": "22.1839",
    "id_next": "22.1841",
    "refcode_1": "CS",
    "refcode_2": "317",
    "refcode_3": "",
    "refcode_4": "200",
    "refcode_short": "CS 317",
    "refcode_long": "Counsels on Stewardship, p. 317 (Ellen Gould White)",
    "element_type": "h4",
    "element_subtype": "",
    "content": "Conditions for Receiving God&apos;s Promises",
    "puborder": 1365,
    "translations": [
      {
        "para_id": "164.1927",
        "lang": "es",
        "refcode": "CMC 331"
      },
      {
        "para_id": "870.1925",
        "lang": "fr",
        "refcode": "CE 331"
      },
      {
        "para_id": "12458.1062",
        "lang": "is",
        "refcode": "RR 162"
      },
      {
        "para_id": "867.1470",
        "lang": "it",
        "refcode": "CEC 226"
      },
      {
        "para_id": "12010.1426",
        "lang": "pl",
        "refcode": "RS 203"
      },
      {
        "para_id": "1810.1158",
        "lang": "pt",
        "refcode": "CM 190.8"
      },
      {
        "para_id": "2702.1878",
        "lang": "ro",
        "refcode": "SA 317"
      },
      {
        "para_id": "1850.1613",
        "lang": "ru",
        "refcode": "СУ 317"
      }
    ]
  },
  {
    "para_id": "22.1841",
    "id_prev": "22.1840",
    "id_next": "22.1844",
    "refcode_1": "CS",
    "refcode_2": "317",
    "refcode_3": "4",
    "refcode_4": "",
    "refcode_short": "CS 317.4",
    "refcode_long": "Counsels on Stewardship, p. 317.4 (Ellen Gould White)",
    "element_type": "p",
    "element_subtype": "standard-indented",
    "content": "There have been special occasions at large gatherings, when appeals have been made to the professed followers of Christ, for the cause of God, and hearts have been stirred, and many have made pledges to sustain the work. But many of those who pledged have not dealt honorably with God. They have been negligent, and have failed to redeem their pledges to their Maker. <span class=\"page-break\" data-page=\"318\"></span> But if man is so indifferent about his promises to God, can he expect that the Lord will fulfill a promise made on conditions that have never been kept? It is best to deal honestly with your fellow men and with God.&mdash;<span class=\"egwlink egwlink_book\" title=\"RH 12-17-1889\" data-link=\"821.10086\">The Review and Herald, December 17, 1889</span>.",
    "puborder": 1366,
    "translations": [
      {
        "para_id": "164.1928",
        "lang": "es",
        "refcode": "CMC 331.4"
      },
      {
        "para_id": "870.1926",
        "lang": "fr",
        "refcode": "CE 331.4"
      },
      {
        "para_id": "12458.1063",
        "lang": "is",
        "refcode": "RR 162.1"
      },
      {
        "para_id": "867.1471",
        "lang": "it",
        "refcode": "CEC 226.8"
      },
      {
        "para_id": "12010.1427",
        "lang": "pl",
        "refcode": "RS 203.7"
      },
      {
        "para_id": "1810.1158",
        "lang": "pt",
        "refcode": "CM 190.8"
      },
      {
        "para_id": "2702.1879",
        "lang": "ro",
        "refcode": "SA 317.4"
      },
      {
        "para_id": "1850.1614",
        "lang": "ru",
        "refcode": "СУ 317.4"
      }
    ]
  }
]