[
  {
    "para_id": "22.259",
    "id_prev": "22.258",
    "id_next": "22.260",
    "refcode_1": "CS",
    "refcode_2": "48",
    "refcode_3": "",
    "refcode_4": "26",
    "refcode_short": "CS 48",
    "refcode_long": "Counsels on Stewardship, p. 48 (Ellen Gould White)",
    "element_type": "h4",
    "element_subtype": "",
    "content": "Empty the Heart of Selfishness",
    "puborder": 188,
    "translations": [
      {
        "para_id": "164.302",
        "lang": "es",
        "refcode": "CMC 52"
      },
      {
        "para_id": "870.306",
        "lang": "fr",
        "refcode": "CE 52"
      },
      {
        "para_id": "12458.180",
        "lang": "is",
        "refcode": "RR 31"
      },
      {
        "para_id": "12010.197",
        "lang": "pl",
        "refcode": "RS 31"
      },
      {
        "para_id": "1810.192",
        "lang": "pt",
        "refcode": "CM 30.3"
      },
      {
        "para_id": "2702.293",
        "lang": "ro",
        "refcode": "SA 48"
      },
      {
        "para_id": "1850.227",
        "lang": "ru",
        "refcode": "СУ 48"
      }
    ]
  },
  {
    "para_id": "22.260",
    "id_prev": "22.259",
    "id_next": "22.261",
    "refcode_1": "CS",
    "refcode_2": "48",
    "refcode_3": "2",
    "refcode_4": "",
    "refcode_short": "CS 48.2",
    "refcode_long": "Counsels on Stewardship, p. 48.2 (Ellen Gould White)",
    "element_type": "p",
    "element_subtype": "standard-indented",
    "content": "It is to be regretted that the church today feels so little inclination to express thanksgiving to the Lord for enriching her with His grace, for giving her His talents of means, that she may have wherewith to supply His treasury.",
    "puborder": 189,
    "translations": [
      {
        "para_id": "164.303",
        "lang": "es",
        "refcode": "CMC 52.2"
      },
      {
        "para_id": "870.307",
        "lang": "fr",
        "refcode": "CE 52.2"
      },
      {
        "para_id": "12458.181",
        "lang": "is",
        "refcode": "RR 31.2"
      },
      {
        "para_id": "12010.198",
        "lang": "pl",
        "refcode": "RS 31.3"
      },
      {
        "para_id": "1810.192",
        "lang": "pt",
        "refcode": "CM 30.3"
      },
      {
        "para_id": "2702.294",
        "lang": "ro",
        "refcode": "SA 48.2"
      },
      {
        "para_id": "1850.228",
        "lang": "ru",
        "refcode": "СУ 48.2"
      }
    ]
  },
  {
    "para_id": "22.261",
    "id_prev": "22.260",
    "id_next": "22.262",
    "refcode_1": "CS",
    "refcode_2": "48",
    "refcode_3": "3",
    "refcode_4": "",
    "refcode_short": "CS 48.3",
    "refcode_long": "Counsels on Stewardship, p. 48.3 (Ellen Gould White)",
    "element_type": "p",
    "element_subtype": "standard-indented",
    "content": "The barren portions of the Lord&apos;s vineyard cry to God, saying, &ldquo;Men have neglected to care for me.&rdquo; By allowing their fellow beings to remain in the bondage of want and degradation, men and women allow Satan to reproach God for permitting His children to suffer for the necessaries of life. God is insulted by the indifference of those to whom He has entrusted His goods. His stewards refuse to notice the distress which they might relieve. Thus they bring a reproach upon God.",
    "puborder": 190,
    "translations": [
      {
        "para_id": "164.304",
        "lang": "es",
        "refcode": "CMC 52.3"
      },
      {
        "para_id": "870.308",
        "lang": "fr",
        "refcode": "CE 52.3"
      },
      {
        "para_id": "12458.182",
        "lang": "is",
        "refcode": "RR 31.3"
      },
      {
        "para_id": "12010.199",
        "lang": "pl",
        "refcode": "RS 31.4"
      },
      {
        "para_id": "1810.193",
        "lang": "pt",
        "refcode": "CM 30.4"
      },
      {
        "para_id": "1810.194",
        "lang": "pt",
        "refcode": "CM 30.5"
      },
      {
        "para_id": "2702.295",
        "lang": "ro",
        "refcode": "SA 48.3"
      },
      {
        "para_id": "1850.229",
        "lang": "ru",
        "refcode": "СУ 48.3"
      }
    ]
  },
  {
    "para_id": "22.262",
    "id_prev": "22.261",
    "id_next": "22.263",
    "refcode_1": "CS",
    "refcode_2": "48",
    "refcode_3": "4",
    "refcode_4": "",
    "refcode_short": "CS 48.4",
    "refcode_long": "Counsels on Stewardship, p. 48.4 (Ellen Gould White)",
    "element_type": "p",
    "element_subtype": "standard-indented",
    "content": "Let no one trifle with his responsibilities. If you are not trading upon dollars, but only upon cents, remember that the blessing of God rests upon unwearied diligence. He does not despise the day of small things. A wise use of the littles will bring a wonderful increase. One talent wisely used will bring two to God. Interest is expected in proportion to the entrusted capital. God accepts according to what a man hath, and not according to that he hath not.",
    "puborder": 191,
    "translations": [
      {
        "para_id": "164.305",
        "lang": "es",
        "refcode": "CMC 52.4"
      },
      {
        "para_id": "870.309",
        "lang": "fr",
        "refcode": "CE 52.4"
      },
      {
        "para_id": "12458.183",
        "lang": "is",
        "refcode": "RR 31.4"
      },
      {
        "para_id": "12010.200",
        "lang": "pl",
        "refcode": "RS 31.5"
      },
      {
        "para_id": "1810.195",
        "lang": "pt",
        "refcode": "CM 30.6"
      },
      {
        "para_id": "2702.296",
        "lang": "ro",
        "refcode": "SA 48.4"
      },
      {
        "para_id": "1850.230",
        "lang": "ru",
        "refcode": "СУ 48.4"
      }
    ]
  },
  {
    "para_id": "22.263",
    "id_prev": "22.262",
    "id_next": "22.266",
    "refcode_1": "CS",
    "refcode_2": "48",
    "refcode_3": "5",
    "refcode_4": "",
    "refcode_short": "CS 48.5",
    "refcode_long": "Counsels on Stewardship, p. 48.5 (Ellen Gould White)",
    "element_type": "p",
    "element_subtype": "standard-indented",
    "content": "God calls for what you owe Him in tithes and offerings. <span class=\"page-break\" data-page=\"49\"></span> He calls for consecration in every line of His work. Act faithfully your part at your appointed post of duty. Work earnestly, remembering that Christ is by your side, planning, devising, and constructing for you. &ldquo;God is able to make all grace abound toward you; that ye, always having all sufficiency in all things, may abound to every good work.&rdquo; Give cheerfully, gladly, willingly, thankful that you are able to do something to advance God&apos;s kingdom in the world. Empty the heart of selfishness, and brace the mind for Christian activity. If you are in close connection with God, you will be willing to make any sacrifice to place eternal life within the reach of the perishing.",
    "puborder": 192,
    "translations": [
      {
        "para_id": "164.308",
        "lang": "es",
        "refcode": "CMC 53.1"
      },
      {
        "para_id": "870.312",
        "lang": "fr",
        "refcode": "CE 53.1"
      },
      {
        "para_id": "12010.203",
        "lang": "pl",
        "refcode": "RS 32.1"
      },
      {
        "para_id": "1810.196",
        "lang": "pt",
        "refcode": "CM 30.7"
      },
      {
        "para_id": "2702.297",
        "lang": "ro",
        "refcode": "SA 48.5"
      },
      {
        "para_id": "1850.231",
        "lang": "ru",
        "refcode": "СУ 48.5"
      }
    ]
  },
  {
    "para_id": "22.266",
    "id_prev": "22.263",
    "id_next": "22.267",
    "refcode_1": "CS",
    "refcode_2": "49",
    "refcode_3": "",
    "refcode_4": "8",
    "refcode_short": "CS 49",
    "refcode_long": "Counsels on Stewardship, p. 49 (Ellen Gould White)",
    "element_type": "h5",
    "element_subtype": "",
    "content": "Spiritual Prosperity and Christian Liberality",
    "puborder": 193,
    "translations": [
      {
        "para_id": "164.309",
        "lang": "es",
        "refcode": "CMC 53"
      },
      {
        "para_id": "870.313",
        "lang": "fr",
        "refcode": "CE 53"
      },
      {
        "para_id": "12458.184",
        "lang": "is",
        "refcode": "RR 31"
      },
      {
        "para_id": "12010.204",
        "lang": "pl",
        "refcode": "RS 32"
      },
      {
        "para_id": "1810.199",
        "lang": "pt",
        "refcode": "CM 31.1"
      },
      {
        "para_id": "2702.300",
        "lang": "ro",
        "refcode": "SA 49"
      },
      {
        "para_id": "1850.234",
        "lang": "ru",
        "refcode": "СУ 49"
      }
    ]
  },
  {
    "para_id": "22.267",
    "id_prev": "22.266",
    "id_next": "22.268",
    "refcode_1": "CS",
    "refcode_2": "49",
    "refcode_3": "1",
    "refcode_4": "",
    "refcode_short": "CS 49.1",
    "refcode_long": "Counsels on Stewardship, p. 49.1 (Ellen Gould White)",
    "element_type": "p",
    "element_subtype": "standard-indented",
    "content": "In the name of the Lord, I beseech my brethren and sisters, at this crisis in our work, to come up to the help of the Lord, to the help of the Lord against the mighty. Withholding from God always brings a curse. Spiritual prosperity is closely bound up with Christian liberality. Hunger only for the exaltation of imitating the divine beneficence of the Redeemer. You have the precious assurance that your treasure is going before you to the heavenly courts.",
    "puborder": 194,
    "translations": [
      {
        "para_id": "164.310",
        "lang": "es",
        "refcode": "CMC 53.2"
      },
      {
        "para_id": "870.314",
        "lang": "fr",
        "refcode": "CE 53.2"
      },
      {
        "para_id": "12458.185",
        "lang": "is",
        "refcode": "RR 31.5"
      },
      {
        "para_id": "12010.205",
        "lang": "pl",
        "refcode": "RS 32.2"
      },
      {
        "para_id": "1810.199",
        "lang": "pt",
        "refcode": "CM 31.1"
      },
      {
        "para_id": "2702.301",
        "lang": "ro",
        "refcode": "SA 49.1"
      },
      {
        "para_id": "1850.235",
        "lang": "ru",
        "refcode": "СУ 49.1"
      }
    ]
  },
  {
    "para_id": "22.268",
    "id_prev": "22.267",
    "id_next": "22.270",
    "refcode_1": "CS",
    "refcode_2": "49",
    "refcode_3": "2",
    "refcode_4": "",
    "refcode_short": "CS 49.2",
    "refcode_long": "Counsels on Stewardship, p. 49.2 (Ellen Gould White)",
    "element_type": "p",
    "element_subtype": "standard-indented",
    "content": "Would you make your property secure? Place it in the hand that bears the nail prints of the crucifixion. Retain all in your possession, and it will be to your eternal loss. Give it to God, and from that moment it bears His inscription. It is sealed with His immutability. Would you enjoy your substance? Then use it to bless the suffering. Would you increase your possessions? &ldquo;Honor the Lord with thy substance, and with the first fruits of all thine increase: so shall thy barns be filled with plenty, and thy presses shall burst out with new wine.&rdquo;",
    "puborder": 195,
    "translations": [
      {
        "para_id": "164.311",
        "lang": "es",
        "refcode": "CMC 53.3"
      },
      {
        "para_id": "870.315",
        "lang": "fr",
        "refcode": "CE 53.3"
      },
      {
        "para_id": "12010.206",
        "lang": "pl",
        "refcode": "RS 32.3"
      },
      {
        "para_id": "1810.200",
        "lang": "pt",
        "refcode": "CM 31.2"
      },
      {
        "para_id": "2702.302",
        "lang": "ro",
        "refcode": "SA 49.2"
      },
      {
        "para_id": "1850.236",
        "lang": "ru",
        "refcode": "СУ 49.2"
      }
    ]
  },
  {
    "para_id": "22.270",
    "id_prev": "22.268",
    "id_next": "22.271",
    "refcode_1": "CS",
    "refcode_2": "50",
    "refcode_3": "",
    "refcode_4": "9",
    "refcode_short": "CS 50",
    "refcode_long": "Counsels on Stewardship, p. 50 (Ellen Gould White)",
    "element_type": "h5",
    "element_subtype": "",
    "content": "God Will Refill the Hand",
    "puborder": 196,
    "translations": [
      {
        "para_id": "164.314",
        "lang": "es",
        "refcode": "CMC 54"
      },
      {
        "para_id": "870.318",
        "lang": "fr",
        "refcode": "CE 54"
      },
      {
        "para_id": "12458.188",
        "lang": "is",
        "refcode": "RR 32"
      },
      {
        "para_id": "1810.201",
        "lang": "pt",
        "refcode": "CM 31.3"
      },
      {
        "para_id": "2702.304",
        "lang": "ro",
        "refcode": "SA 50"
      },
      {
        "para_id": "1850.237",
        "lang": "ru",
        "refcode": "СУ 49"
      }
    ]
  },
  {
    "para_id": "22.271",
    "id_prev": "22.270",
    "id_next": "22.273",
    "refcode_1": "CS",
    "refcode_2": "50",
    "refcode_3": "1",
    "refcode_4": "",
    "refcode_short": "CS 50.1",
    "refcode_long": "Counsels on Stewardship, p. 50.1 (Ellen Gould White)",
    "element_type": "p",
    "element_subtype": "standard-indented",
    "content": "If all will act their part, the barrenness of the Lord&apos;s vineyard will no longer speak in condemnation of those who profess to follow Christ. Medical missionary work is to open the door for the gospel of present truth. The third angel&apos;s message is to be heard in all places. Economize! Strip yourselves of pride. Give to God your earthly treasure. Give what you can now, and as you cooperate with Christ, your hand will open to impart still more. And God will refill your hand, that the treasure of truth may be taken to many souls. He will give to you that you may give to others.&mdash;<span class=\"egwlink egwlink_book\" title=\"RH 12-10-1901\" data-link=\"821.21043\">The Review and Herald, December 10, 1901</span>.",
    "puborder": 197,
    "translations": [
      {
        "para_id": "164.315",
        "lang": "es",
        "refcode": "CMC 54.1"
      },
      {
        "para_id": "870.319",
        "lang": "fr",
        "refcode": "CE 54.1"
      },
      {
        "para_id": "12458.189",
        "lang": "is",
        "refcode": "RR 32.1"
      },
      {
        "para_id": "12010.207",
        "lang": "pl",
        "refcode": "RS 32.4"
      },
      {
        "para_id": "1810.201",
        "lang": "pt",
        "refcode": "CM 31.3"
      },
      {
        "para_id": "2702.305",
        "lang": "ro",
        "refcode": "SA 50.1"
      },
      {
        "para_id": "1850.238",
        "lang": "ru",
        "refcode": "СУ 49.3"
      }
    ]
  }
]