[
  {
    "para_id": "27.1062",
    "id_prev": "27.1061",
    "id_next": "27.1063",
    "refcode_1": "DG",
    "refcode_2": "182",
    "refcode_3": "",
    "refcode_4": "71",
    "refcode_short": "DG 182",
    "refcode_long": "Daughters of God, p. 182 (Ellen Gould White)",
    "element_type": "h4",
    "element_subtype": "",
    "content": "Take Care in Choosing a Life Companion",
    "puborder": 757,
    "translations": [
      {
        "para_id": "1706.1006",
        "lang": "es",
        "refcode": "HD 179"
      },
      {
        "para_id": "182.1092",
        "lang": "es",
        "refcode": "HD99 192"
      },
      {
        "para_id": "1731.984",
        "lang": "pt",
        "refcode": "FD 145"
      },
      {
        "para_id": "1825.1028",
        "lang": "ru",
        "refcode": "ДБ 182"
      }
    ]
  },
  {
    "para_id": "27.1063",
    "id_prev": "27.1062",
    "id_next": "27.1066",
    "refcode_1": "DG",
    "refcode_2": "182",
    "refcode_3": "4",
    "refcode_4": "",
    "refcode_short": "DG 182.4",
    "refcode_long": "Daughters of God, p. 182.4 (Ellen Gould White)",
    "element_type": "p",
    "element_subtype": "standard-indented",
    "content": "<strong>Unwise Marriage Can Ruin Usefulness</strong>&mdash;If those who are contemplating marriage would not have miserable, unhappy reflections after marriage, they must make it a subject of serious, earnest reflection now. This step taken unwisely is one of the most effective means of ruining the usefulness of young men and women. Life becomes a burden, a curse. No one can so effectually ruin a woman&apos;s happiness and usefulness, and make life a heartsickening burden, as her own husband; and no one can do one hundredth part as much to chill the hopes and aspirations of a man, to paralyze his energies and ruin his influence and prospects, as his own wife. It is from the marriage hour <span class=\"page-break\" data-page=\"183\"></span> that many men and women date their success or failure in this life, and their hopes of the future life.&mdash;<span class=\"egwlink egwlink_book\" title=\"RH 2-2-1886\" data-link=\"821.7009\">The Review and Herald, February 2, 1886</span>.",
    "puborder": 758,
    "translations": [
      {
        "para_id": "1706.1007",
        "lang": "es",
        "refcode": "HD 179.5"
      },
      {
        "para_id": "182.1093",
        "lang": "es",
        "refcode": "HD99 192.4"
      },
      {
        "para_id": "1731.985",
        "lang": "pt",
        "refcode": "FD 145.2"
      },
      {
        "para_id": "1825.1029",
        "lang": "ru",
        "refcode": "ДБ 182.4"
      }
    ]
  },
  {
    "para_id": "27.1066",
    "id_prev": "27.1063",
    "id_next": "27.1067",
    "refcode_1": "DG",
    "refcode_2": "183",
    "refcode_3": "1",
    "refcode_4": "",
    "refcode_short": "DG 183.1",
    "refcode_long": "Daughters of God, p. 183.1 (Ellen Gould White)",
    "element_type": "p",
    "element_subtype": "standard-indented",
    "content": "<strong>Is He Worthy?</strong>&mdash;Before giving her hand in marriage, every woman should inquire whether he with whom she is about to unite her destiny is worthy. What has been his past record? Is his life pure? Is the love which he expresses of a noble, elevated character, or is it a mere emotional fondness? Has he the traits of character that will make her happy? Can she find true peace and joy in his affection? Will she be allowed to preserve her individuality, or must her judgment and conscience be surrendered to the control of her husband? As a disciple of Christ, she is not her own; she has been bought with a price. Can she honor the Saviour&apos;s claims as supreme? Will body and soul, thoughts and purposes, be preserved pure and holy? These questions have a vital bearing upon the well-being of every woman who enters the marriage relation.&mdash;<span class=\"egwlink egwlink_book\" title=\"5T 362.1\" data-link=\"113.1819\">Testimonies for the Church 5:362 (1885)</span>.",
    "puborder": 759,
    "translations": [
      {
        "para_id": "1706.1010",
        "lang": "es",
        "refcode": "HD 180.1"
      },
      {
        "para_id": "182.1096",
        "lang": "es",
        "refcode": "HD99 193.1"
      },
      {
        "para_id": "1731.986",
        "lang": "pt",
        "refcode": "FD 145.3"
      },
      {
        "para_id": "1825.1032",
        "lang": "ru",
        "refcode": "ДБ 183.1"
      }
    ]
  },
  {
    "para_id": "27.1067",
    "id_prev": "27.1066",
    "id_next": "27.1068",
    "refcode_1": "DG",
    "refcode_2": "183",
    "refcode_3": "2",
    "refcode_4": "",
    "refcode_short": "DG 183.2",
    "refcode_long": "Daughters of God, p. 183.2 (Ellen Gould White)",
    "element_type": "p",
    "element_subtype": "standard-indented",
    "content": "<strong>Wife to Keep Her Own Identity</strong>&mdash;A woman that will submit to be ever dictated to in the smallest matters of domestic life, who will yield up her identity, will never be of much use or blessing in the world, and will not answer the purpose of God in her existence. She is a mere machine to be guided by another&apos;s will and another&apos;s mind. God has given each one, men and women, an identity, an individuality, that they must act in the fear of God for themselves.&mdash;<span class=\"egwlink egwlink_book\" title=\"TSB 25.1\" data-link=\"122.94\">Testimonies on Sexual Behavior, Adultery, and Divorce, 25 (1885)</span>.",
    "puborder": 760,
    "translations": [
      {
        "para_id": "1706.1011",
        "lang": "es",
        "refcode": "HD 180.2"
      },
      {
        "para_id": "182.1097",
        "lang": "es",
        "refcode": "HD99 193.2"
      },
      {
        "para_id": "1731.987",
        "lang": "pt",
        "refcode": "FD 145.4"
      },
      {
        "para_id": "1825.1033",
        "lang": "ru",
        "refcode": "ДБ 183.2"
      }
    ]
  }
]