[
  {
    "para_id": "1081.509",
    "id_prev": "1081.508",
    "id_next": "1081.511",
    "refcode_1": "AMS",
    "refcode_2": "170",
    "refcode_3": "",
    "refcode_4": "1889",
    "refcode_short": "AMS July 3,  1889, page 170",
    "refcode_long": "The American Sentinel 4 July 3,  1889, page 170",
    "element_type": "h3",
    "element_subtype": "",
    "content": "July 3, 1889",
    "puborder": 451,
    "translations": []
  },
  {
    "para_id": "1081.511",
    "id_prev": "1081.509",
    "id_next": "1081.512",
    "refcode_1": "AMS",
    "refcode_2": "178",
    "refcode_3": "",
    "refcode_4": "1889",
    "refcode_short": "AMS July 3,  1889, page 178",
    "refcode_long": "The American Sentinel 4 July 3,  1889, page 178",
    "element_type": "h5",
    "element_subtype": "",
    "content": "&ldquo;&lsquo;Sunday a Day of Deviltry&rsquo;&rdquo; The American Sentinel 4, 23, p. 178.",
    "puborder": 452,
    "translations": []
  },
  {
    "para_id": "1081.512",
    "id_prev": "1081.511",
    "id_next": "1081.513",
    "refcode_1": "AMS",
    "refcode_2": "178",
    "refcode_3": "",
    "refcode_4": "1889",
    "refcode_short": "",
    "refcode_long": "",
    "element_type": "p",
    "element_subtype": "periodicalauthor",
    "content": "ATJ",
    "puborder": 453,
    "translations": []
  },
  {
    "para_id": "1081.513",
    "id_prev": "1081.512",
    "id_next": "1081.514",
    "refcode_1": "AMS",
    "refcode_2": "178",
    "refcode_3": "1",
    "refcode_4": "1889",
    "refcode_short": "AMS July 3,  1889, page 178.1",
    "refcode_long": "The American Sentinel 4 July 3,  1889, page 178 paragraph 1",
    "element_type": "p",
    "element_subtype": "standard-indented",
    "content": "SUNDAY evening, May 19, the Kings County Sunday Association held its seventh anniversary in Hanson Place M. E. Church, Brooklyn, New York. There were several addresses made, one by Mr. Elliott F. Shepard, president of the National Sunday Union. The annual report of the association, and Mr. Shepard&rsquo;s speech, are given in the <em>Pearl of Days</em> column of the New York <em>Mail and Express,</em> of May 24, 1889. The speeches furnish some very interesting matter, which we shall have occasion to notice at different times in the columns of the SENTINEL. One of the points is contained in the statement by the secretary of the Kings County Association, that in Queens County &ldquo;Sunday is a day of deviltry.&rdquo; How can Sunday ever be anything else than a day of deviltry to those who are not religious, so long as they are compelled to be idle on that day? Satan finds something for idle hands to do, and when men are forced to be idle, they are going to fill up the time some way; and as they have not that regard for religion which will lead them to fill up the time with worship and devotional thought or exercises, it is inevitable that the time will be filled with worldly things; and as the law will not allow them to work, nor to play harmless games, even though they be worldly, no result can follow but that the time will be filled with deviltry, because by this system they are thrown back upon themselves for resources with which to fill the time, and from himself no ungodly roan can ever get anything but ungodliness, and ungodliness is deviltry. But this association, and the Sunday-law workers everywhere, propose to cure the deviltry by more stringent laws for the enforcement of idleness out of which the deviltry comes.",
    "puborder": 454,
    "translations": []
  },
  {
    "para_id": "1081.514",
    "id_prev": "1081.513",
    "id_next": "1081.515",
    "refcode_1": "AMS",
    "refcode_2": "178",
    "refcode_3": "2",
    "refcode_4": "1889",
    "refcode_short": "AMS July 3,  1889, page 178.2",
    "refcode_long": "The American Sentinel 4 July 3,  1889, page 178 paragraph 2",
    "element_type": "p",
    "element_subtype": "standard-indented",
    "content": "Another statement in the same live was made, that &ldquo;drunkenness and public disorder are altogether too common on Sunday.&rdquo; This is entirely true, and for the reason, as stated above, that on Sunday people are compelled to be idle. They are not allowed to work, they are not allowed to play, consequently drunkenness and public disorder are the only outcome from those who have not the disposition to worship and make the day one of devotion. Then in the next sentence the association innocently inquires, &ldquo;If open saloons and the Sunday liquor traffic do not cause them [drunkenness and public disorder] what do?&rdquo; Well, that open saloons and the Sunday liquor traffic do not cause them is certain, because there are open saloons and liquor traffic in full blast all the other days of the week, more than on Sunday, if there is any difference; and yet there is more drunkenness and public disorder on Sunday than on any other day of the week. These are facts admitted by Sunday-law workers themselves. Therefore, the increased amount of drunkenness and disorder on Sunday is not because of the open saloons, but because of the idleness. To put it somewhat in the form of a syllogism, it would be about as follows: More saloons are open every other day of the week, when men are allowed to work, than on Sunday. There is more drunkenness on Sunday, when men are compelled to be idle, than on any other day of the week. Therefore, the increased amount of drunkenness and disorder on Sunday is due to the fact that more people are idle on that day than on any other.",
    "puborder": 455,
    "translations": []
  },
  {
    "para_id": "1081.515",
    "id_prev": "1081.514",
    "id_next": "1081.516",
    "refcode_1": "AMS",
    "refcode_2": "178",
    "refcode_3": "3",
    "refcode_4": "1889",
    "refcode_short": "AMS July 3,  1889, page 178.3",
    "refcode_long": "The American Sentinel 4 July 3,  1889, page 178 paragraph 3",
    "element_type": "p",
    "element_subtype": "standard-indented",
    "content": "The Sunday-law makers can never escape this logical conclusion from their own premises. They propose to escape it by shutting the saloons altogether on Sunday; but that will not help the matter a particle, because those who want to drink will buy their whisky Saturday night and drink it on Sunday. There is another piece of unfairness that comes in right here, illustrated by an actual occurrence. In a certain town where the saloons were shut on Sunday only, a woman whose husband was given to drink stated that her lot was actually worse than when the saloons were open on Sunday; for when the saloon was open on Sunday he would get drunk at the saloon, and the saloon keeper and his other companions had to care for him till he got sober; but when the saloons were closed on Sunday, then he would bring the whisky home on Saturday night, get drunk on Sunday, and she had to take care of him till he got sober. This point is worth considering by the would-be Sunday prohibitionists.",
    "puborder": 456,
    "translations": []
  },
  {
    "para_id": "1081.516",
    "id_prev": "1081.515",
    "id_next": "1081.517",
    "refcode_1": "AMS",
    "refcode_2": "178",
    "refcode_3": "4",
    "refcode_4": "1889",
    "refcode_short": "AMS July 3,  1889, page 178.4",
    "refcode_long": "The American Sentinel 4 July 3,  1889, page 178 paragraph 4",
    "element_type": "p",
    "element_subtype": "standard-indented",
    "content": "Others again propose to cure the evil by a Saturday half holiday; that is, by enforcing idleness an extra half day. Is this so as to give those who drink ample time to get drunk and sober up in time for their Sunday worship? The whole system of Sunday laws, that is, of enforced idleness, is only one of iniquity.",
    "puborder": 457,
    "translations": []
  },
  {
    "para_id": "1081.517",
    "id_prev": "1081.516",
    "id_next": "1081.519",
    "refcode_1": "AMS",
    "refcode_2": "178",
    "refcode_3": "",
    "refcode_4": "1889",
    "refcode_short": "",
    "refcode_long": "",
    "element_type": "p",
    "element_subtype": "standard-noindent",
    "content": "A. T. J.",
    "puborder": 458,
    "translations": []
  },
  {
    "para_id": "1081.519",
    "id_prev": "1081.517",
    "id_next": "1081.520",
    "refcode_1": "AMS",
    "refcode_2": "179",
    "refcode_3": "",
    "refcode_4": "1889",
    "refcode_short": "AMS July 3,  1889, page 179",
    "refcode_long": "The American Sentinel 4 July 3,  1889, page 179",
    "element_type": "h5",
    "element_subtype": "",
    "content": "&ldquo;The &lsquo;Voice&rsquo; of Church and State&rdquo; The American Sentinel 4, 23, p. 179.",
    "puborder": 459,
    "translations": []
  },
  {
    "para_id": "1081.520",
    "id_prev": "1081.519",
    "id_next": "1081.521",
    "refcode_1": "AMS",
    "refcode_2": "179",
    "refcode_3": "",
    "refcode_4": "1889",
    "refcode_short": "",
    "refcode_long": "",
    "element_type": "p",
    "element_subtype": "periodicalauthor",
    "content": "ATJ",
    "puborder": 460,
    "translations": []
  },
  {
    "para_id": "1081.521",
    "id_prev": "1081.520",
    "id_next": "1081.522",
    "refcode_1": "AMS",
    "refcode_2": "179",
    "refcode_3": "1",
    "refcode_4": "1889",
    "refcode_short": "AMS July 3,  1889, page 179.1",
    "refcode_long": "The American Sentinel 4 July 3,  1889, page 179 paragraph 1",
    "element_type": "p",
    "element_subtype": "standard-indented",
    "content": "NOT long since the AMERICAN SENTINEL said this: &ldquo;Let everybody be assured that work done for party prohibition is work done to promote the union of Church and State, and to bind the citizens of the United States in a worse slavery than was ever suffered by the negroes. We cannot any longer in good conscience call the third party the Prohibition party, for temperance is by no means its main issue.&rdquo;",
    "puborder": 461,
    "translations": []
  },
  {
    "para_id": "1081.522",
    "id_prev": "1081.521",
    "id_next": "1081.523",
    "refcode_1": "AMS",
    "refcode_2": "179",
    "refcode_3": "2",
    "refcode_4": "1889",
    "refcode_short": "AMS July 3,  1889, page 179.2",
    "refcode_long": "The American Sentinel 4 July 3,  1889, page 179 paragraph 2",
    "element_type": "p",
    "element_subtype": "standard-indented",
    "content": "Upon which the New York <em>Voice,</em> the leading Prohibitionist paper of this country, said this:&mdash;",
    "puborder": 462,
    "translations": []
  },
  {
    "para_id": "1081.523",
    "id_prev": "1081.522",
    "id_next": "1081.524",
    "refcode_1": "AMS",
    "refcode_2": "179",
    "refcode_3": "3",
    "refcode_4": "1889",
    "refcode_short": "AMS July 3,  1889, page 179.3",
    "refcode_long": "The American Sentinel 4 July 3,  1889, page 179 paragraph 3",
    "element_type": "p",
    "element_subtype": "blockquote-indented",
    "content": "&ldquo;There is an air of delightful indefiniteness about this charge. It seems from the context that an unknown &lsquo;Prohibition politician&rsquo; glided into a room where the editor of the AMERICAN SENTINEL and others were, made the statement that Church and State meant Prohibition, and left as mysteriously as he entered, and the conclusion is what we have quoted above.",
    "puborder": 463,
    "translations": []
  },
  {
    "para_id": "1081.524",
    "id_prev": "1081.523",
    "id_next": "1081.525",
    "refcode_1": "AMS",
    "refcode_2": "179",
    "refcode_3": "4",
    "refcode_4": "1889",
    "refcode_short": "AMS July 3,  1889, page 179.4",
    "refcode_long": "The American Sentinel 4 July 3,  1889, page 179 paragraph 4",
    "element_type": "p",
    "element_subtype": "blockquote-indented",
    "content": "&ldquo;Such accusations are childish. The utterances of the party in its platform in any way bearing on this subject are:&mdash;",
    "puborder": 464,
    "translations": []
  },
  {
    "para_id": "1081.525",
    "id_prev": "1081.524",
    "id_next": "1081.526",
    "refcode_1": "AMS",
    "refcode_2": "179",
    "refcode_3": "5",
    "refcode_4": "1889",
    "refcode_short": "AMS July 3,  1889, page 179.5",
    "refcode_long": "The American Sentinel 4 July 3,  1889, page 179 paragraph 5",
    "element_type": "p",
    "element_subtype": "blockquote-indented",
    "content": "&ldquo;1. Acknowledging Almighty God as the source of all power in Government; and,",
    "puborder": 465,
    "translations": []
  },
  {
    "para_id": "1081.526",
    "id_prev": "1081.525",
    "id_next": "1081.527",
    "refcode_1": "AMS",
    "refcode_2": "179",
    "refcode_3": "6",
    "refcode_4": "1889",
    "refcode_short": "AMS July 3,  1889, page 179.6",
    "refcode_long": "The American Sentinel 4 July 3,  1889, page 179 paragraph 6",
    "element_type": "p",
    "element_subtype": "blockquote-indented",
    "content": "&ldquo;2. &lsquo;Declaring for the preservation and defense of the Sabbath as a civil institution, without oppressing any who religiously observe the same on any other than the first day of the week.&rsquo;",
    "puborder": 466,
    "translations": []
  },
  {
    "para_id": "1081.527",
    "id_prev": "1081.526",
    "id_next": "1081.528",
    "refcode_1": "AMS",
    "refcode_2": "179",
    "refcode_3": "7",
    "refcode_4": "1889",
    "refcode_short": "AMS July 3,  1889, page 179.7",
    "refcode_long": "The American Sentinel 4 July 3,  1889, page 179 paragraph 7",
    "element_type": "p",
    "element_subtype": "blockquote-indented",
    "content": "&ldquo;The first can be subscribed to by any person who believes that there is a God, and the second by any person who has ordinary common sense. We never heard of a prominent Prohibitionist who favored the union of Church and State.&rdquo;",
    "puborder": 467,
    "translations": []
  },
  {
    "para_id": "1081.528",
    "id_prev": "1081.527",
    "id_next": "1081.529",
    "refcode_1": "AMS",
    "refcode_2": "179",
    "refcode_3": "8",
    "refcode_4": "1889",
    "refcode_short": "AMS July 3,  1889, page 179.8",
    "refcode_long": "The American Sentinel 4 July 3,  1889, page 179 paragraph 8",
    "element_type": "p",
    "element_subtype": "standard-indented",
    "content": "And in reply we say this: Take the last statement first. The <em>Voice</em> says it has &ldquo;never heard of a prominent Prohibitionist who favored the union of Church and State.&rdquo; Now Mr. Sam Small is a prominent Prohibitionist; one of the most prominent of Prohibitionists, in fact. He was secretary of the National Prohibition Convention of 1888, and he publicly declared this in Kansas City, in January of that year:&mdash;",
    "puborder": 468,
    "translations": []
  },
  {
    "para_id": "1081.529",
    "id_prev": "1081.528",
    "id_next": "1081.530",
    "refcode_1": "AMS",
    "refcode_2": "179",
    "refcode_3": "9",
    "refcode_4": "1889",
    "refcode_short": "AMS July 3,  1889, page 179.9",
    "refcode_long": "The American Sentinel 4 July 3,  1889, page 179 paragraph 9",
    "element_type": "p",
    "element_subtype": "blockquote-indented",
    "content": "&ldquo;I want to see the day come when the church shall be the arbiter of all legislation, State, national, and municipal; when the great churches of the country can come together harmoniously and issue their edict, and the legislative powers will respect it and enact it into laws.&rdquo;",
    "puborder": 469,
    "translations": []
  },
  {
    "para_id": "1081.530",
    "id_prev": "1081.529",
    "id_next": "1081.531",
    "refcode_1": "AMS",
    "refcode_2": "179",
    "refcode_3": "10",
    "refcode_4": "1889",
    "refcode_short": "AMS July 3,  1889, page 179.10",
    "refcode_long": "The American Sentinel 4 July 3,  1889, page 179 paragraph 10",
    "element_type": "p",
    "element_subtype": "standard-indented",
    "content": "If that would not be a union of Church and State will the <em>Voice</em> please tell us what would be? If that would not be a union of Church and State then there never has been and never can be such thing as a union of Church and State. Such a thing as that, therefore, being a union of Church and State, and Mr. Sam Small being a prominent Prohibitionist, it is proved that there is at least one prominent Prohibitionist who favors a union of Church and State.",
    "puborder": 470,
    "translations": []
  },
  {
    "para_id": "1081.531",
    "id_prev": "1081.530",
    "id_next": "1081.532",
    "refcode_1": "AMS",
    "refcode_2": "179",
    "refcode_3": "11",
    "refcode_4": "1889",
    "refcode_short": "AMS July 3,  1889, page 179.11",
    "refcode_long": "The American Sentinel 4 July 3,  1889, page 179 paragraph 11",
    "element_type": "p",
    "element_subtype": "standard-indented",
    "content": "Further we take it that the Prohibition party of the State of California is rather a &ldquo;prominent Prohibitionist.&rdquo; And when in the State convention of 1887 a speaker showed opposition to a union of Church and State he was yelled and hissed down. This is a second &ldquo;prominent Prohibitionist&rdquo; that favors a union of Church and State. And we can honestly inform the <em>Voice</em> that there are thousands more of them in the Prohibition party; and that, as a matter of fact, the Prohibition party at present exists for scarcely any other purpose than the inculcation of Church and State principles.",
    "puborder": 471,
    "translations": []
  },
  {
    "para_id": "1081.532",
    "id_prev": "1081.531",
    "id_next": "1081.533",
    "refcode_1": "AMS",
    "refcode_2": "179",
    "refcode_3": "12",
    "refcode_4": "1889",
    "refcode_short": "AMS July 3,  1889, page 179.12",
    "refcode_long": "The American Sentinel 4 July 3,  1889, page 179 paragraph 12",
    "element_type": "p",
    "element_subtype": "standard-indented",
    "content": "We need not go beyond the above extract from the <em>Voice</em> to prove that it itself advocates Church and State principles. It gives two planks of the Prohibition party platform as having a bearing on the subject; and the second of these declares &ldquo;for the preservation and defense of the Sabbath as a civil institution without oppressing any who religiously observe the same on any other than the first day of the week.&rdquo;",
    "puborder": 472,
    "translations": []
  },
  {
    "para_id": "1081.533",
    "id_prev": "1081.532",
    "id_next": "1081.534",
    "refcode_1": "AMS",
    "refcode_2": "179",
    "refcode_3": "13",
    "refcode_4": "1889",
    "refcode_short": "AMS July 3,  1889, page 179.13",
    "refcode_long": "The American Sentinel 4 July 3,  1889, page 179 paragraph 13",
    "element_type": "p",
    "element_subtype": "standard-indented",
    "content": "Now if it is with civil institutions, and civil things, only in a civil way, that the Prohibition party has to do, why then does that party by its national declaration demand the <em>religious</em> observance of a day. It proposes to refrain from oppressing only those who religiously observe the Sabbath on any other than the first day of the week. That plainly argues that the Prohibition party does not hold itself under obligation to refrain from oppressing those who do not religiously observe the Sabbath on any day. This plainly shows that the Prohibition party declares for the enforcement of religious observances. The enforcing of religious observances by the civil power is nothing else than a union of Church and State. Therefore the National Prohibition party itself, by its own declaration, favors a union of Church and State.",
    "puborder": 473,
    "translations": []
  },
  {
    "para_id": "1081.534",
    "id_prev": "1081.533",
    "id_next": "1081.535",
    "refcode_1": "AMS",
    "refcode_2": "179",
    "refcode_3": "14",
    "refcode_4": "1889",
    "refcode_short": "AMS July 3,  1889, page 179.14",
    "refcode_long": "The American Sentinel 4 July 3,  1889, page 179 paragraph 14",
    "element_type": "p",
    "element_subtype": "standard-indented",
    "content": "As for us, we forever deny the right of the Prohibition party, or any other, to oppress anybody, whether he religiously observes the Sabbath or not.",
    "puborder": 474,
    "translations": []
  },
  {
    "para_id": "1081.535",
    "id_prev": "1081.534",
    "id_next": "1081.536",
    "refcode_1": "AMS",
    "refcode_2": "179",
    "refcode_3": "",
    "refcode_4": "1889",
    "refcode_short": "",
    "refcode_long": "",
    "element_type": "p",
    "element_subtype": "standard-noindent",
    "content": "A. T. J.",
    "puborder": 475,
    "translations": []
  }
]