[
  {
    "para_id": "118.2353",
    "id_prev": "118.2352",
    "id_next": "118.2354",
    "refcode_1": "6T",
    "refcode_2": "427",
    "refcode_3": "",
    "refcode_4": "100",
    "refcode_short": "6T 427",
    "refcode_long": "Testimonies for the Church, vol. 6, p. 427 (Ellen Gould White)",
    "element_type": "h4",
    "element_subtype": "",
    "content": "Begin With Those Nearest",
    "puborder": 1604,
    "translations": [
      {
        "para_id": "231.2353",
        "lang": "es",
        "refcode": "6TPI 427"
      },
      {
        "para_id": "12860.2308",
        "lang": "pl",
        "refcode": "S6 427"
      },
      {
        "para_id": "1959.2196",
        "lang": "pt",
        "refcode": "T6 427"
      },
      {
        "para_id": "2667.2343",
        "lang": "ro",
        "refcode": "6M 427"
      },
      {
        "para_id": "1792.2188",
        "lang": "ru",
        "refcode": "6СЦ 427"
      }
    ]
  },
  {
    "para_id": "118.2354",
    "id_prev": "118.2353",
    "id_next": "118.2357",
    "refcode_1": "6T",
    "refcode_2": "427",
    "refcode_3": "3",
    "refcode_4": "",
    "refcode_short": "6T 427.3",
    "refcode_long": "Testimonies for the Church, vol. 6, p. 427.3 (Ellen Gould White)",
    "element_type": "p",
    "element_subtype": "standard-indented",
    "content": "Some who have long professed to be Christians, and yet have felt no responsibility for souls perishing within the shadow of their own homes, may think they have a work to do in foreign lands; but where is the evidence of their fitness for such a work? Wherein have they manifested a burden for souls? These persons need first to be taught and disciplined at home. True faith and love <span class=\"page-break\" data-page=\"428\"></span> for Christ would create in them a most earnest desire to save souls right at home. They would exert every spiritual energy to draw with Christ, learning His meekness and lowliness. Then if God should desire them to go to foreign countries, they would be prepared.",
    "puborder": 1605,
    "translations": [
      {
        "para_id": "231.2354",
        "lang": "es",
        "refcode": "6TPI 427.1"
      },
      {
        "para_id": "12860.2309",
        "lang": "pl",
        "refcode": "S6 427.3"
      },
      {
        "para_id": "1959.2197",
        "lang": "pt",
        "refcode": "T6 427.3"
      },
      {
        "para_id": "2667.2344",
        "lang": "ro",
        "refcode": "6M 427.3"
      },
      {
        "para_id": "1792.2189",
        "lang": "ru",
        "refcode": "6СЦ 427.3"
      }
    ]
  },
  {
    "para_id": "118.2357",
    "id_prev": "118.2354",
    "id_next": "118.2358",
    "refcode_1": "6T",
    "refcode_2": "428",
    "refcode_3": "1",
    "refcode_4": "",
    "refcode_short": "6T 428.1",
    "refcode_long": "Testimonies for the Church, vol. 6, p. 428.1 (Ellen Gould White)",
    "element_type": "p",
    "element_subtype": "standard-indented",
    "content": "Let those who desire to work for God begin at home, in their own household, in their own neighborhood, among their own friends. Here they will find a favorable missionary field. This home missionary work is a test, revealing their ability or inability for service in a wider field.",
    "puborder": 1606,
    "translations": [
      {
        "para_id": "231.2355",
        "lang": "es",
        "refcode": "6TPI 427.2"
      },
      {
        "para_id": "12860.2312",
        "lang": "pl",
        "refcode": "S6 428.1"
      },
      {
        "para_id": "1959.2200",
        "lang": "pt",
        "refcode": "T6 428.1"
      },
      {
        "para_id": "2667.2347",
        "lang": "ro",
        "refcode": "6M 428.1"
      },
      {
        "para_id": "1792.2192",
        "lang": "ru",
        "refcode": "6СЦ 428.1"
      }
    ]
  }
]