[
  {
    "para_id": "1.339",
    "id_prev": "1.338",
    "id_next": "1.340",
    "refcode_1": "CME",
    "refcode_2": "45",
    "refcode_3": "",
    "refcode_4": "84",
    "refcode_short": "CME 45",
    "refcode_long": "A Call to Medical Evangelism and Health Education, p. 45 (Ellen Gould White)",
    "element_type": "h4",
    "element_subtype": "",
    "content": "A Solemn Warning",
    "puborder": 276,
    "translations": [
      {
        "para_id": "11215.385",
        "lang": "cs",
        "refcode": "DZ 70"
      },
      {
        "para_id": "171.345",
        "lang": "de",
        "refcode": "EAG 68"
      },
      {
        "para_id": "1864.347",
        "lang": "ru",
        "refcode": "МЕ 45"
      }
    ]
  },
  {
    "para_id": "1.340",
    "id_prev": "1.339",
    "id_next": "1.343",
    "refcode_1": "CME",
    "refcode_2": "45",
    "refcode_3": "5",
    "refcode_4": "",
    "refcode_short": "CME 45.5",
    "refcode_long": "A Call to Medical Evangelism and Health Education, p. 45.5 (Ellen Gould White)",
    "element_type": "p",
    "element_subtype": "standard-indented",
    "content": "Let the church arise and shine. Let every family practice self-denial, doing all they can to improve their own condition. Those who are truly on the Lord&apos;s side will be self-denying and self-sacrificing. They will eat and drink to the glory of God, refusing to corrupt soul and body by intemperance. Then the condition of the church will testify that her light has not been removed. But <span class=\"page-break\" data-page=\"46\"></span> if church members do not act the part God has assigned them, the movement of health reform will go on without them, and it will be seen that God has removed their candlestick out of its place. Those who refuse to receive and practice the light will be left in the background.&mdash;<span class=\"egwlink egwlink_book\" title=\"Ms 78, 1900\" data-link=\"14065.7434001\">Manuscript 78, 1900</span>.",
    "puborder": 277,
    "translations": [
      {
        "para_id": "11215.386",
        "lang": "cs",
        "refcode": "DZ 70.2"
      },
      {
        "para_id": "171.346",
        "lang": "de",
        "refcode": "EAG 68.4"
      },
      {
        "para_id": "171.348",
        "lang": "de",
        "refcode": "EAG 69.1"
      },
      {
        "para_id": "1864.348",
        "lang": "ru",
        "refcode": "МЕ 45.5"
      }
    ]
  }
]