[
  {
    "para_id": "14067.10500001",
    "id_prev": "14067.8288041",
    "id_next": "14067.10500004",
    "refcode_1": "17LtMs",
    "refcode_2": "1",
    "refcode_3": "",
    "refcode_4": "1902011600",
    "refcode_short": "17LtMs, Lt 116, 1902",
    "refcode_long": "Letters and Manuscripts — Volume 17 (1902), Lt 116, 1902",
    "element_type": "h4",
    "element_subtype": "",
    "content": "Lt 116, 1902",
    "puborder": 2765,
    "translations": []
  },
  {
    "para_id": "14067.10500004",
    "id_prev": "14067.10500001",
    "id_next": "14067.10500002",
    "refcode_1": "17LtMs",
    "refcode_2": "1",
    "refcode_3": "",
    "refcode_4": "1902011600",
    "refcode_short": "",
    "refcode_long": "",
    "element_type": "p",
    "element_subtype": "ltaddressee",
    "content": "Druillard, Brother and Sister",
    "puborder": 2766,
    "translations": []
  },
  {
    "para_id": "14067.10500002",
    "id_prev": "14067.10500004",
    "id_next": "14067.10500003",
    "refcode_1": "17LtMs",
    "refcode_2": "1",
    "refcode_3": "",
    "refcode_4": "1902011600",
    "refcode_short": "",
    "refcode_long": "",
    "element_type": "p",
    "element_subtype": "ltplace",
    "content": "<span class=\"ltplace\" value=\"St. Helena, California\">&ldquo;Elmshaven,&rdquo; St. Helena, California</span>",
    "puborder": 2767,
    "translations": []
  },
  {
    "para_id": "14067.10500003",
    "id_prev": "14067.10500002",
    "id_next": "14067.10500005",
    "refcode_1": "17LtMs",
    "refcode_2": "1",
    "refcode_3": "",
    "refcode_4": "1902011600",
    "refcode_short": "",
    "refcode_long": "",
    "element_type": "p",
    "element_subtype": "ltdate",
    "content": "<span class=\"ltdate\" start=\"July 19, 1902\">July 19, 1902</span>",
    "puborder": 2768,
    "translations": []
  },
  {
    "para_id": "14067.10500005",
    "id_prev": "14067.10500003",
    "id_next": "14067.10500006",
    "refcode_1": "17LtMs",
    "refcode_2": "1",
    "refcode_3": "",
    "refcode_4": "1902011600",
    "refcode_short": "",
    "refcode_long": "",
    "element_type": "p",
    "element_subtype": "ltpubinfo",
    "content": "Portions of this letter are published in <span class=\"egwlink egwlink_book\" title=\"5Bio 171\" data-link=\"675.1240\">5Bio 171-172</span>, <span class=\"egwlink egwlink_book\" title=\"5Bio 180\" data-link=\"675.1308\">180-181</span>.",
    "puborder": 2769,
    "translations": []
  },
  {
    "para_id": "14067.10500006",
    "id_prev": "14067.10500005",
    "id_next": "14067.10500007",
    "refcode_1": "17LtMs",
    "refcode_2": "1",
    "refcode_3": "",
    "refcode_4": "1902011600",
    "refcode_short": "",
    "refcode_long": "",
    "element_type": "p",
    "element_subtype": "ltsalutation",
    "content": "Dear Brother and Sister Druillard,&mdash;",
    "puborder": 2770,
    "translations": []
  },
  {
    "para_id": "14067.10500007",
    "id_prev": "14067.10500006",
    "id_next": "14067.10500008",
    "refcode_1": "17LtMs",
    "refcode_2": "1",
    "refcode_3": "2017",
    "refcode_4": "1902011600",
    "refcode_short": "17LtMs, Lt 116, 1902, par. 1",
    "refcode_long": "Letters and Manuscripts — Volume 17 (1902), Lt 116, 1902, par. 1",
    "element_type": "p",
    "element_subtype": "standard-indented",
    "content": "I should be pleased to see you, but as this cannot be, I will now write you a few words to say that I am of good courage in the Lord.",
    "puborder": 2771,
    "translations": []
  },
  {
    "para_id": "14067.10500008",
    "id_prev": "14067.10500007",
    "id_next": "14067.10500009",
    "refcode_1": "17LtMs",
    "refcode_2": "1",
    "refcode_3": "2018",
    "refcode_4": "1902011600",
    "refcode_short": "17LtMs, Lt 116, 1902, par. 2",
    "refcode_long": "Letters and Manuscripts — Volume 17 (1902), Lt 116, 1902, par. 2",
    "element_type": "p",
    "element_subtype": "standard-indented",
    "content": "This year we have been favored with an abundance of fruit. Our little patch of strawberries bore wonderfully&mdash;something as the corn bore last summer. The fruit was of an excellent flavor and very large, some of the berries measuring three and a half inches round, and one four inches.",
    "puborder": 2772,
    "translations": []
  },
  {
    "para_id": "14067.10500009",
    "id_prev": "14067.10500008",
    "id_next": "14067.10500010",
    "refcode_1": "17LtMs",
    "refcode_2": "1",
    "refcode_3": "2019",
    "refcode_4": "1902011600",
    "refcode_short": "17LtMs, Lt 116, 1902, par. 3",
    "refcode_long": "Letters and Manuscripts — Volume 17 (1902), Lt 116, 1902, par. 3",
    "element_type": "p",
    "element_subtype": "standard-indented",
    "content": "Our three large cherry trees were laden with cherries of a superior quality. Marian could eat a few of them, Clarence many without injury. We put up about one hundred quarts of fruit from these trees. From the first tree we sold enough to the Sanitarium to purchase several boxes of sour cherries, which we bottled. It is very desirable to have these to use with other fruit.",
    "puborder": 2773,
    "translations": []
  },
  {
    "para_id": "14067.10500010",
    "id_prev": "14067.10500009",
    "id_next": "14067.10500011",
    "refcode_1": "17LtMs",
    "refcode_2": "1",
    "refcode_3": "2020",
    "refcode_4": "1902011600",
    "refcode_short": "17LtMs, Lt 116, 1902, par. 4",
    "refcode_long": "Letters and Manuscripts — Volume 17 (1902), Lt 116, 1902, par. 4",
    "element_type": "p",
    "element_subtype": "standard-indented",
    "content": "About the time the cherries were all used, the loganberries ripened. In appearance these berries are somewhat like a large raspberry. They are decidedly acid, but are a valuable fruit. We have had blackberries, also, from our own bushes; but for want of water, some of these berries are drying on the bushes. We are using the early apples now. For several weeks we have had applesauce on the table. Our family thinks much of this dish. We now have all the peaches that we can eat. The grapevines are loaded. The prune trees are bearing so heavily that some of the branches are breaking.",
    "puborder": 2774,
    "translations": []
  },
  {
    "para_id": "14067.10500011",
    "id_prev": "14067.10500010",
    "id_next": "14067.10500012",
    "refcode_1": "17LtMs",
    "refcode_2": "1",
    "refcode_3": "2021",
    "refcode_4": "1902011600",
    "refcode_short": "17LtMs, Lt 116, 1902, par. 5",
    "refcode_long": "Letters and Manuscripts — Volume 17 (1902), Lt 116, 1902, par. 5",
    "element_type": "p",
    "element_subtype": "standard-indented",
    "content": "The room that the carpenters are building for me over the kitchen is nearing completion. I hope it will be finished very soon. It is a large, sunny room, with open fireplace and bay window. During the winter I shall have the sunshine all day long. After I have moved into the room, I will tell you how I like it.",
    "puborder": 2775,
    "translations": []
  },
  {
    "para_id": "14067.10500012",
    "id_prev": "14067.10500011",
    "id_next": "14067.10500013",
    "refcode_1": "17LtMs",
    "refcode_2": "1",
    "refcode_3": "2022",
    "refcode_4": "1902011600",
    "refcode_short": "17LtMs, Lt 116, 1902, par. 6",
    "refcode_long": "Letters and Manuscripts — Volume 17 (1902), Lt 116, 1902, par. 6",
    "element_type": "p",
    "element_subtype": "standard-indented",
    "content": "As you no doubt know, for some time after my return from the East, I was unable to use my voice. I feared that I could never again speak in public. But gradually the power of speech returned, and one Sabbath, to test my voice, I ventured to speak to the little company in Calistoga for a few minutes. Twice afterward I spoke to small companies, each time talking a little longer. Then I promised to speak at the Sanitarium, in order to test my voice before a larger congregation. The chapel was filled, and I spoke without difficulty for nearly an hour. After these trials, I felt free to respond to a call to attend the local camp-meeting held a few weeks ago in Petaluma.",
    "puborder": 2776,
    "translations": []
  },
  {
    "para_id": "14067.10500013",
    "id_prev": "14067.10500012",
    "id_next": "14067.10500014",
    "refcode_1": "17LtMs",
    "refcode_2": "1",
    "refcode_3": "2023",
    "refcode_4": "1902011600",
    "refcode_short": "17LtMs, Lt 116, 1902, par. 7",
    "refcode_long": "Letters and Manuscripts — Volume 17 (1902), Lt 116, 1902, par. 7",
    "element_type": "p",
    "element_subtype": "standard-indented",
    "content": "We drove fifty miles across the country to this meeting. Our trunks and bedding were taken over by Brother Leininger in his large wagon. It was cheaper to send our baggage in this way than to ship it by rail. Brother Leininger took his family with him to attend the meeting.",
    "puborder": 2777,
    "translations": []
  },
  {
    "para_id": "14067.10500014",
    "id_prev": "14067.10500013",
    "id_next": "14067.10500015",
    "refcode_1": "17LtMs",
    "refcode_2": "1",
    "refcode_3": "2024",
    "refcode_4": "1902011600",
    "refcode_short": "17LtMs, Lt 116, 1902, par. 8",
    "refcode_long": "Letters and Manuscripts — Volume 17 (1902), Lt 116, 1902, par. 8",
    "element_type": "p",
    "element_subtype": "standard-indented",
    "content": "The good hand of the Lord was with us in making arrangements for a home in Petaluma during the meeting. We succeeded in renting a large, two-story house in a quiet neighborhood, within about five-minutes&rsquo; walk of the camp-ground. This house had eight rooms, with clothes-presses, besides kitchen, pantry, and bathroom. Some of my workers were with me, and we occupied the house together. The rent for house and lot, with stable and a large, grassy paddock for the horses, was only seven dollars. Never before in all my travels have I, when away from home, been so favorably situated either for working or for resting, as I was in this house in Petaluma.",
    "puborder": 2778,
    "translations": []
  },
  {
    "para_id": "14067.10500015",
    "id_prev": "14067.10500014",
    "id_next": "14067.10500016",
    "refcode_1": "17LtMs",
    "refcode_2": "1",
    "refcode_3": "2025",
    "refcode_4": "1902011600",
    "refcode_short": "17LtMs, Lt 116, 1902, par. 9",
    "refcode_long": "Letters and Manuscripts — Volume 17 (1902), Lt 116, 1902, par. 9",
    "element_type": "p",
    "element_subtype": "standard-indented",
    "content": "Our camp-meeting in Petaluma was excellent. I spoke with freedom six times before large audiences, besides giving a short talk during a meeting held in the interests of the San Francisco medical missionary work. I rode out daily, and also wrote many important testimonies. Much was accomplished by my workers in preparing important matter that is much needed by many.",
    "puborder": 2779,
    "translations": []
  },
  {
    "para_id": "14067.10500016",
    "id_prev": "14067.10500015",
    "id_next": "14067.10500017",
    "refcode_1": "17LtMs",
    "refcode_2": "1",
    "refcode_3": "2026",
    "refcode_4": "1902011600",
    "refcode_short": "17LtMs, Lt 116, 1902, par. 10",
    "refcode_long": "Letters and Manuscripts — Volume 17 (1902), Lt 116, 1902, par. 10",
    "element_type": "p",
    "element_subtype": "standard-indented",
    "content": "After the meeting closed, we drove home, eating our lunch on the roadside as we had done when going over. On the way we stopped at a large orchard to buy a box of cherries. These were a feast to us. But the day was very warm, and the return journey nearly wore me out.",
    "puborder": 2780,
    "translations": []
  },
  {
    "para_id": "14067.10500017",
    "id_prev": "14067.10500016",
    "id_next": "14067.10500018",
    "refcode_1": "17LtMs",
    "refcode_2": "1",
    "refcode_3": "2027",
    "refcode_4": "1902011600",
    "refcode_short": "17LtMs, Lt 116, 1902, par. 11",
    "refcode_long": "Letters and Manuscripts — Volume 17 (1902), Lt 116, 1902, par. 11",
    "element_type": "p",
    "element_subtype": "standard-indented",
    "content": "Two days after our return, the brethren met in this place to hold a Medical Missionary Council. Judge Arthur was present. During this council-meeting I spoke four times, including the Sabbath service. The Lord wonderfully strengthened me to bear a plain testimony, but this effort, made immediately after the hard labor at Petaluma, wore on me considerably; for I felt intensely over the matters that I presented before the brethren.",
    "puborder": 2781,
    "translations": []
  },
  {
    "para_id": "14067.10500018",
    "id_prev": "14067.10500017",
    "id_next": "14067.10500019",
    "refcode_1": "17LtMs",
    "refcode_2": "1",
    "refcode_3": "2028",
    "refcode_4": "1902011600",
    "refcode_short": "17LtMs, Lt 116, 1902, par. 12",
    "refcode_long": "Letters and Manuscripts — Volume 17 (1902), Lt 116, 1902, par. 12",
    "element_type": "p",
    "element_subtype": "standard-indented",
    "content": "Two weeks later I spoke again on Sabbath morning in the Sanitarium chapel. The next morning I felt as if I must be outdoors, so Brother James and two of his children, Sara McEnterfer, and I went up the Howell Mountain road a few miles to the home of Brother Leininger&rsquo;s daughter to gather some small black cherries. We ran our platform wagon directly under one of the large trees, and I stood on the seat to pick the fruit, holding to the boughs with my left hand while picking cherries with my right hand. In this way I was able to pick eight quarts. Altogether, we picked two boxes, a portion of which we gave to Brother James as his share. In the afternoon, Mrs. Nelson and Sara put up thirty-seven quarts. The juice of these cherries is the richest that I have ever tasted.",
    "puborder": 2782,
    "translations": []
  },
  {
    "para_id": "14067.10500019",
    "id_prev": "14067.10500018",
    "id_next": "14067.10500020",
    "refcode_1": "17LtMs",
    "refcode_2": "1",
    "refcode_3": "2029",
    "refcode_4": "1902011600",
    "refcode_short": "17LtMs, Lt 116, 1902, par. 13",
    "refcode_long": "Letters and Manuscripts — Volume 17 (1902), Lt 116, 1902, par. 13",
    "element_type": "p",
    "element_subtype": "standard-indented",
    "content": "Early the next morning, Monday, I stood before the people in the Sanitarium chapel once more, to fulfil my promise to speak to them in the interests of the church school work in this place. The room was full, and the Lord helped me to speak for an hour, giving clearness of mind and much freedom. I never spoke where the people seemed to listen so attentively, as for their lives. I shall have a copy of the report of this talk sent to the brethren at Berrien Springs.",
    "puborder": 2783,
    "translations": []
  },
  {
    "para_id": "14067.10500020",
    "id_prev": "14067.10500019",
    "id_next": "14067.10500021",
    "refcode_1": "17LtMs",
    "refcode_2": "1",
    "refcode_3": "2030",
    "refcode_4": "1902011600",
    "refcode_short": "17LtMs, Lt 116, 1902, par. 14",
    "refcode_long": "Letters and Manuscripts — Volume 17 (1902), Lt 116, 1902, par. 14",
    "element_type": "p",
    "element_subtype": "standard-indented",
    "content": "The following forenoon I was called to a board meeting of the California Medical Missionary Association, held in the Sanitarium library. I spoke for an hour. The testimony that I bore was timely and much needed. I will have a copy of this talk sent to you.",
    "puborder": 2784,
    "translations": []
  },
  {
    "para_id": "14067.10500021",
    "id_prev": "14067.10500020",
    "id_next": "14067.10500022",
    "refcode_1": "17LtMs",
    "refcode_2": "1",
    "refcode_3": "2031",
    "refcode_4": "1902011600",
    "refcode_short": "17LtMs, Lt 116, 1902, par. 15",
    "refcode_long": "Letters and Manuscripts — Volume 17 (1902), Lt 116, 1902, par. 15",
    "element_type": "p",
    "element_subtype": "standard-indented",
    "content": "I give you these little particulars so that you may know about how I am feeling. As you were members of our family for some time, I know you will be interested to hear of our welfare. For the past few weeks I have been working constantly. I am surprised that I can do so much. At one time I was afraid that I should lose my eyesight. But I used my eyes very carefully, treating them as best I could. I have not had time to take any treatment at the Sanitarium. I felt that I must continue writing in order to complete the educational book. I have had a copy of this book, in manuscript form, sent to you to read. We are now waiting for you to return it, with your criticisms. I have carefully read all this matter. I feared that my eyes would not be strong enough to finish reading it, but I cried unto the Lord in prayer, and He heard me. My eyesight is preserved.",
    "puborder": 2785,
    "translations": []
  },
  {
    "para_id": "14067.10500022",
    "id_prev": "14067.10500021",
    "id_next": "14067.10500023",
    "refcode_1": "17LtMs",
    "refcode_2": "1",
    "refcode_3": "2032",
    "refcode_4": "1902011600",
    "refcode_short": "17LtMs, Lt 116, 1902, par. 16",
    "refcode_long": "Letters and Manuscripts — Volume 17 (1902), Lt 116, 1902, par. 16",
    "element_type": "p",
    "element_subtype": "standard-indented",
    "content": "I should like to write at greater length, but I must pass rapidly over many things that would be of interest to you. I must, however, tell you something about the Sanitarium here. It has undergone a transformation as wonderful as would be the transformation of a lion into a lamb. The conditions seems to be in every way improved. I bore personal testimonies from the Lord to several connected with the institution. Those received by Brother Nelson and family, and by Brother Boeker of the Food Company, brought about decided reformations. Both of these brethren made good confessions in the church. Sister Nelson is now living in St. Helena. The message borne to Dr. Zelinsky and wife have not wrought the desired changes. Their cases stand very much the same as they stood before.",
    "puborder": 2786,
    "translations": []
  },
  {
    "para_id": "14067.10500023",
    "id_prev": "14067.10500022",
    "id_next": "14067.10500024",
    "refcode_1": "17LtMs",
    "refcode_2": "1",
    "refcode_3": "2033",
    "refcode_4": "1902011600",
    "refcode_short": "17LtMs, Lt 116, 1902, par. 17",
    "refcode_long": "Letters and Manuscripts — Volume 17 (1902), Lt 116, 1902, par. 17",
    "element_type": "p",
    "element_subtype": "standard-indented",
    "content": "One of the changes most needed was the separation of Dr. Sanderson and his wife from the institution. He is practicing in San Francisco. Dr. Loper is here now. He is a Christian gentleman. Dr. Winegar is also here. She is a treasure-house of wisdom and is respected and loved by all. Her presence in the institution is a great blessing. We appreciate her worth, and pray that she may be given grace to carry forward her work wisely and intelligently. In the Sabbath school she has a class of thirty patients, whom she instructs in the Scriptures.",
    "puborder": 2787,
    "translations": []
  },
  {
    "para_id": "14067.10500024",
    "id_prev": "14067.10500023",
    "id_next": "14067.10500025",
    "refcode_1": "17LtMs",
    "refcode_2": "1",
    "refcode_3": "2034",
    "refcode_4": "1902011600",
    "refcode_short": "17LtMs, Lt 116, 1902, par. 18",
    "refcode_long": "Letters and Manuscripts — Volume 17 (1902), Lt 116, 1902, par. 18",
    "element_type": "p",
    "element_subtype": "standard-indented",
    "content": "Elder Taylor&rsquo;s labor has been greatly blessed. The changes that have been effected have helped to purify the institution. Objectionable food is not served. No more foolish entertainments are held. There are now fewer patients, but those who come are benefited spiritually as well as physically. A heavenly atmosphere pervades the buildings. The Lord is working, cleansing, and sanctifying the helpers. We hope to see this reformation continue.",
    "puborder": 2788,
    "translations": []
  },
  {
    "para_id": "14067.10500025",
    "id_prev": "14067.10500024",
    "id_next": "14067.10500026",
    "refcode_1": "17LtMs",
    "refcode_2": "1",
    "refcode_3": "2035",
    "refcode_4": "1902011600",
    "refcode_short": "17LtMs, Lt 116, 1902, par. 19",
    "refcode_long": "Letters and Manuscripts — Volume 17 (1902), Lt 116, 1902, par. 19",
    "element_type": "p",
    "element_subtype": "standard-indented",
    "content": "Excellent meetings were held in the chapel last Sabbath. We are greatly encouraged, and we hope that this Sanitarium will be a place where God can reveal Himself. In every institution we should ask for God&rsquo;s blessing, and then work just as if the Lord has answered our prayers. Thus we shall gain victory.",
    "puborder": 2789,
    "translations": []
  },
  {
    "para_id": "14067.10500026",
    "id_prev": "14067.10500025",
    "id_next": "14067.10500027",
    "refcode_1": "17LtMs",
    "refcode_2": "1",
    "refcode_3": "2036",
    "refcode_4": "1902011600",
    "refcode_short": "17LtMs, Lt 116, 1902, par. 20",
    "refcode_long": "Letters and Manuscripts — Volume 17 (1902), Lt 116, 1902, par. 20",
    "element_type": "p",
    "element_subtype": "standard-indented",
    "content": "I want you to read the matters that will be sent to you from time to time, and tell me how you regard these things.",
    "puborder": 2790,
    "translations": []
  },
  {
    "para_id": "14067.10500027",
    "id_prev": "14067.10500026",
    "id_next": "14067.8429001",
    "refcode_1": "17LtMs",
    "refcode_2": "1",
    "refcode_3": "2037",
    "refcode_4": "1902011600",
    "refcode_short": "17LtMs, Lt 116, 1902, par. 21",
    "refcode_long": "Letters and Manuscripts — Volume 17 (1902), Lt 116, 1902, par. 21",
    "element_type": "p",
    "element_subtype": "standard-indented",
    "content": "In much love.",
    "puborder": 2791,
    "translations": []
  }
]