[
  {
    "para_id": "14067.7779001",
    "id_prev": "14067.8212017",
    "id_next": "14067.7779005",
    "refcode_1": "17LtMs",
    "refcode_2": "1",
    "refcode_3": "",
    "refcode_4": "1902112900",
    "refcode_short": "17LtMs, Ms 129, 1902",
    "refcode_long": "Letters and Manuscripts — Volume 17 (1902), Ms 129, 1902",
    "element_type": "h4",
    "element_subtype": "",
    "content": "Ms 129, 1902",
    "puborder": 9635,
    "translations": []
  },
  {
    "para_id": "14067.7779005",
    "id_prev": "14067.7779001",
    "id_next": "14067.7779002",
    "refcode_1": "17LtMs",
    "refcode_2": "1",
    "refcode_3": "",
    "refcode_4": "1902112900",
    "refcode_short": "",
    "refcode_long": "",
    "element_type": "p",
    "element_subtype": "mstitle",
    "content": "Consideration for the Colored Race",
    "puborder": 9636,
    "translations": []
  },
  {
    "para_id": "14067.7779002",
    "id_prev": "14067.7779005",
    "id_next": "14067.7779003",
    "refcode_1": "17LtMs",
    "refcode_2": "1",
    "refcode_3": "",
    "refcode_4": "1902112900",
    "refcode_short": "",
    "refcode_long": "",
    "element_type": "p",
    "element_subtype": "msplace",
    "content": "<span class=\"msplace\" value=\"NP\">NP</span>",
    "puborder": 9637,
    "translations": []
  },
  {
    "para_id": "14067.7779003",
    "id_prev": "14067.7779002",
    "id_next": "14067.7779006",
    "refcode_1": "17LtMs",
    "refcode_2": "1",
    "refcode_3": "",
    "refcode_4": "1902112900",
    "refcode_short": "",
    "refcode_long": "",
    "element_type": "p",
    "element_subtype": "msdate",
    "content": "<span class=\"msdate\" start=\"November 11, 1902\">November 11, 1902</span> [typed]",
    "puborder": 9638,
    "translations": []
  },
  {
    "para_id": "14067.7779006",
    "id_prev": "14067.7779003",
    "id_next": "14067.7779008",
    "refcode_1": "17LtMs",
    "refcode_2": "1",
    "refcode_3": "",
    "refcode_4": "1902112900",
    "refcode_short": "",
    "refcode_long": "",
    "element_type": "p",
    "element_subtype": "mspubinfo",
    "content": "This manuscript is published in entirety in <span class=\"egwlink egwlink_book\" title=\"9T 223\" data-link=\"115.1255\">9T 223-224</span>. +<sup class=\"footnote\"><a class=\"footnote\">Note<span class=\"footnote\">One or more typed copies of this document contain additional Ellen White handwritten interlineations which may be viewed at the main office of the Ellen G. White Estate.</span></a></sup>",
    "puborder": 9639,
    "translations": []
  },
  {
    "para_id": "14067.7779008",
    "id_prev": "14067.7779006",
    "id_next": "14067.7779009",
    "refcode_1": "17LtMs",
    "refcode_2": "1",
    "refcode_3": "7129",
    "refcode_4": "1902112900",
    "refcode_short": "17LtMs, Ms 129, 1902, par. 1",
    "refcode_long": "Letters and Manuscripts — Volume 17 (1902), Ms 129, 1902, par. 1",
    "element_type": "p",
    "element_subtype": "standard-indented",
    "content": "The religion of the Bible recognizes no caste or color. It ignores rank, wealth, worldly honor. God estimates men as men. With Him, character decides their worth. And we are to recognize the Spirit of Christ in whomever it is revealed, be he a white man or a black man. No one need be ashamed to speak with an honest black man in any place, or to shake him by the hand, even though it is black. He who is living in the atmosphere in which Christ lives will be taught of God and will learn to put His estimate on men.",
    "puborder": 9640,
    "translations": []
  },
  {
    "para_id": "14067.7779009",
    "id_prev": "14067.7779008",
    "id_next": "14067.7779010",
    "refcode_1": "17LtMs",
    "refcode_2": "1",
    "refcode_3": "7130",
    "refcode_4": "1902112900",
    "refcode_short": "17LtMs, Ms 129, 1902, par. 2",
    "refcode_long": "Letters and Manuscripts — Volume 17 (1902), Ms 129, 1902, par. 2",
    "element_type": "p",
    "element_subtype": "standard-indented",
    "content": "Our colored ministers are to be treated with consideration. This has not always been done. These men are to be placed where they can obtain a knowledge of the truth and where they can learn how to teach the truth to others. And when they are engaged in work, they should receive their hire. Remember that they must have bread.",
    "puborder": 9641,
    "translations": []
  },
  {
    "para_id": "14067.7779010",
    "id_prev": "14067.7779009",
    "id_next": "14067.7779011",
    "refcode_1": "17LtMs",
    "refcode_2": "1",
    "refcode_3": "7131",
    "refcode_4": "1902112900",
    "refcode_short": "17LtMs, Ms 129, 1902, par. 3",
    "refcode_long": "Letters and Manuscripts — Volume 17 (1902), Ms 129, 1902, par. 3",
    "element_type": "p",
    "element_subtype": "standard-indented",
    "content": "The Lord desires His people in the North to change their attitude toward the colored brethren and sisters. They are not to be so ready to find fault with them. They cannot expect them to be in all respects like those who have enjoyed greater advantages. We should remember the disadvantages under which the colored race have always lived. Far different from the surroundings of the white race have been their surroundings.",
    "puborder": 9642,
    "translations": []
  },
  {
    "para_id": "14067.7779011",
    "id_prev": "14067.7779010",
    "id_next": "14067.7779012",
    "refcode_1": "17LtMs",
    "refcode_2": "1",
    "refcode_3": "7132",
    "refcode_4": "1902112900",
    "refcode_short": "17LtMs, Ms 129, 1902, par. 4",
    "refcode_long": "Letters and Manuscripts — Volume 17 (1902), Ms 129, 1902, par. 4",
    "element_type": "p",
    "element_subtype": "standard-indented",
    "content": "The Northern people have lived in a clearer, purer moral atmosphere than have the colored people of the South. They cannot expect that the colored people will in all things be as firm as they are in their ideas of morality. Were Christ on earth today, He would teach the colored race in a way that would surprise us. He calls upon those who have had so many advantages to remember that they err in may things, and that they feel hurt if their errors are noticed, and there is held up before them a comely pattern of what they should be.",
    "puborder": 9643,
    "translations": []
  },
  {
    "para_id": "14067.7779012",
    "id_prev": "14067.7779011",
    "id_next": "14067.7779013",
    "refcode_1": "17LtMs",
    "refcode_2": "1",
    "refcode_3": "7133",
    "refcode_4": "1902112900",
    "refcode_short": "17LtMs, Ms 129, 1902, par. 5",
    "refcode_long": "Letters and Manuscripts — Volume 17 (1902), Ms 129, 1902, par. 5",
    "element_type": "p",
    "element_subtype": "standard-indented",
    "content": "Some things of an objectionable nature will take place among the colored people. Remember that the Lord desires you to act with the wisdom of Christ. Remember that kindness will accomplish more than censure. Let the colored brethren and sisters see that you want them to reach the highest standard and that you are willing to help them. And if in some things they fail, do not be quick to condemn them. Do not, for some misdoing, separate them from the work.",
    "puborder": 9644,
    "translations": []
  },
  {
    "para_id": "14067.7779013",
    "id_prev": "14067.7779012",
    "id_next": "14067.7864001",
    "refcode_1": "17LtMs",
    "refcode_2": "1",
    "refcode_3": "7134",
    "refcode_4": "1902112900",
    "refcode_short": "17LtMs, Ms 129, 1902, par. 6",
    "refcode_long": "Letters and Manuscripts — Volume 17 (1902), Ms 129, 1902, par. 6",
    "element_type": "p",
    "element_subtype": "standard-indented",
    "content": "In many cases, those who judge their colored brethren have cherished evils that they would in no case tolerate in others. Let no one give his brethren occasion to hate him. Exact and impartial justice is to be shown to the colored race. Christ demands from His servants tender compassion for the suffering, sympathy for the unfortunate, and a generous consideration for misdemeanors.",
    "puborder": 9645,
    "translations": []
  }
]