[
  {
    "para_id": "14067.9271001",
    "id_prev": "14067.9263016",
    "id_next": "14067.9271004",
    "refcode_1": "17LtMs",
    "refcode_2": "1",
    "refcode_3": "",
    "refcode_4": "1902004700",
    "refcode_short": "17LtMs, Lt 47, 1902",
    "refcode_long": "Letters and Manuscripts — Volume 17 (1902), Lt 47, 1902",
    "element_type": "h4",
    "element_subtype": "",
    "content": "Lt 47, 1902",
    "puborder": 1008,
    "translations": []
  },
  {
    "para_id": "14067.9271004",
    "id_prev": "14067.9271001",
    "id_next": "14067.9271002",
    "refcode_1": "17LtMs",
    "refcode_2": "1",
    "refcode_3": "",
    "refcode_4": "1902004700",
    "refcode_short": "",
    "refcode_long": "",
    "element_type": "p",
    "element_subtype": "ltaddressee",
    "content": "Haskell, Brother and Sister",
    "puborder": 1009,
    "translations": []
  },
  {
    "para_id": "14067.9271002",
    "id_prev": "14067.9271004",
    "id_next": "14067.9271003",
    "refcode_1": "17LtMs",
    "refcode_2": "1",
    "refcode_3": "",
    "refcode_4": "1902004700",
    "refcode_short": "",
    "refcode_long": "",
    "element_type": "p",
    "element_subtype": "ltplace",
    "content": "<span class=\"ltplace\" value=\"St. Helena, California\">&ldquo;Elmshaven,&rdquo; St. Helena, California</span>",
    "puborder": 1010,
    "translations": []
  },
  {
    "para_id": "14067.9271003",
    "id_prev": "14067.9271002",
    "id_next": "14067.9271005",
    "refcode_1": "17LtMs",
    "refcode_2": "1",
    "refcode_3": "",
    "refcode_4": "1902004700",
    "refcode_short": "",
    "refcode_long": "",
    "element_type": "p",
    "element_subtype": "ltdate",
    "content": "<span class=\"ltdate\" start=\"February 5, 1902\">February 5, 1902</span>",
    "puborder": 1011,
    "translations": []
  },
  {
    "para_id": "14067.9271005",
    "id_prev": "14067.9271003",
    "id_next": "14067.9271006",
    "refcode_1": "17LtMs",
    "refcode_2": "1",
    "refcode_3": "",
    "refcode_4": "1902004700",
    "refcode_short": "",
    "refcode_long": "",
    "element_type": "p",
    "element_subtype": "ltpubinfo",
    "content": "This letter is published in entirety in <span class=\"egwlink egwlink_book\" title=\"20MR 219\" data-link=\"71.1507\">20MR 219-222</span>.",
    "puborder": 1012,
    "translations": []
  },
  {
    "para_id": "14067.9271006",
    "id_prev": "14067.9271005",
    "id_next": "14067.9271007",
    "refcode_1": "17LtMs",
    "refcode_2": "1",
    "refcode_3": "",
    "refcode_4": "1902004700",
    "refcode_short": "",
    "refcode_long": "",
    "element_type": "p",
    "element_subtype": "ltsalutation",
    "content": "Dear brother and sister Haskell,&mdash;",
    "puborder": 1013,
    "translations": []
  },
  {
    "para_id": "14067.9271007",
    "id_prev": "14067.9271006",
    "id_next": "14067.9271008",
    "refcode_1": "17LtMs",
    "refcode_2": "1",
    "refcode_3": "727",
    "refcode_4": "1902004700",
    "refcode_short": "17LtMs, Lt 47, 1902, par. 1",
    "refcode_long": "Letters and Manuscripts — Volume 17 (1902), Lt 47, 1902, par. 1",
    "element_type": "p",
    "element_subtype": "standard-indented",
    "content": "I have received and read your encouraging letter in reference to the doors that are opening in different parts of New York for the entrance of truth. Thank the Lord, my brother and sister, that you are able to stand in your lot and in your place. The Lord is giving you evidence that He is going before you. But while you are anxious to do all that you possibly can, remember, Elder Haskell, that it is only by the great mercy and grace of God that you have been spared these many years to bear your testimony. Do not take upon yourself loads that others who are younger can carry.",
    "puborder": 1014,
    "translations": []
  },
  {
    "para_id": "14067.9271008",
    "id_prev": "14067.9271007",
    "id_next": "14067.9271009",
    "refcode_1": "17LtMs",
    "refcode_2": "1",
    "refcode_3": "728",
    "refcode_4": "1902004700",
    "refcode_short": "17LtMs, Lt 47, 1902, par. 2",
    "refcode_long": "Letters and Manuscripts — Volume 17 (1902), Lt 47, 1902, par. 2",
    "element_type": "p",
    "element_subtype": "standard-indented",
    "content": "It is your duty to be careful in your habits of life. You are to be wise in the use of your physical, mental, and spiritual strength. We who have passed through so many and such varied experiences are to do all that it is possible for us to do to preserve our powers, that we may labor for the Lord as long as He permits us to stand in our lot to help to advance His work.",
    "puborder": 1015,
    "translations": []
  },
  {
    "para_id": "14067.9271009",
    "id_prev": "14067.9271008",
    "id_next": "14067.9271010",
    "refcode_1": "17LtMs",
    "refcode_2": "1",
    "refcode_3": "729",
    "refcode_4": "1902004700",
    "refcode_short": "17LtMs, Lt 47, 1902, par. 3",
    "refcode_long": "Letters and Manuscripts — Volume 17 (1902), Lt 47, 1902, par. 3",
    "element_type": "p",
    "element_subtype": "standard-indented",
    "content": "The cause needs the help of the old hands, the aged workers, who have had many years&rsquo; experience in the cause of God, who have seen many going into fanaticism&mdash;cherishing the delusion of false theories, and resisting all the efforts made to let the true light shine forth in the darkness to reveal the superstitions that were coming in to confuse judgment&mdash;and to make of none effect the message of truth that in these last days must be given in its purity to the remnant people of God.",
    "puborder": 1016,
    "translations": []
  },
  {
    "para_id": "14067.9271010",
    "id_prev": "14067.9271009",
    "id_next": "14067.9271011",
    "refcode_1": "17LtMs",
    "refcode_2": "1",
    "refcode_3": "730",
    "refcode_4": "1902004700",
    "refcode_short": "17LtMs, Lt 47, 1902, par. 4",
    "refcode_long": "Letters and Manuscripts — Volume 17 (1902), Lt 47, 1902, par. 4",
    "element_type": "p",
    "element_subtype": "standard-indented",
    "content": "Many of the tried servants of God have fallen asleep in Jesus. We greatly appreciate the help of those who are left alive to this day. We value their testimony. Read the <span class=\"egwlink egwlink_bible\" title=\"1 John 1:1\" data-link=\"1965.62307\">first chapter of First John</span>, and then praise the Lord that, notwithstanding your many infirmities, you can still bear witness for Him. The Lord has brought you through many trying, difficult places. And He has given you the opportunity of laboring in connection with your wife. He has given her to you to help you, to be one with you, to have a care for you in her stronger physical strength. The Lord has given Sister Haskell a knowledge of the Scriptures, so that, at the times when you are called away for a season of rest, she is able to take your place. I can see that the good hand of the Lord has been with you. He will uphold you by His strong arm, saying, &ldquo;Lean on Me. I will be your strength and your exceeding great reward.&rdquo;",
    "puborder": 1017,
    "translations": []
  },
  {
    "para_id": "14067.9271011",
    "id_prev": "14067.9271010",
    "id_next": "14067.9271012",
    "refcode_1": "17LtMs",
    "refcode_2": "1",
    "refcode_3": "731",
    "refcode_4": "1902004700",
    "refcode_short": "17LtMs, Lt 47, 1902, par. 5",
    "refcode_long": "Letters and Manuscripts — Volume 17 (1902), Lt 47, 1902, par. 5",
    "element_type": "p",
    "element_subtype": "standard-indented",
    "content": "We can easily count the first burden-bearers now alive. Elder Smith was connected with us at the beginning of the publishing work. He labored in connection with my husband. We hope always to see his name in the <em>Review and Herald</em> at the head of the list of editors; for thus it should be. Those who began the work, who fought bravely when the battle went so hard, must not lose their hold now. They are to be honored by those who entered the work after the hardest privation had been borne.",
    "puborder": 1018,
    "translations": []
  },
  {
    "para_id": "14067.9271012",
    "id_prev": "14067.9271011",
    "id_next": "14067.9271013",
    "refcode_1": "17LtMs",
    "refcode_2": "1",
    "refcode_3": "732",
    "refcode_4": "1902004700",
    "refcode_short": "17LtMs, Lt 47, 1902, par. 6",
    "refcode_long": "Letters and Manuscripts — Volume 17 (1902), Lt 47, 1902, par. 6",
    "element_type": "p",
    "element_subtype": "standard-indented",
    "content": "I feel very tender toward Elder Smith. My life-interest in the publishing work is bound up with his. He came to us as a young man, possessing talents that qualified him to stand in his lot and place as an editor. How I rejoice as I read his articles in the <em>Review</em>&mdash;so excellent, so full of spiritual truth. I thank God for them. I feel a strong sympathy for Elder Smith, and I believe that his name should always appear in the <em>Review</em> as the name of the leading editor. Thus God would have it. When, some years ago, his name was placed second, I felt hurt. When it was again placed first, I wept, and said, &ldquo;Thank God.&rdquo; May it always be there, as God designs it shall be, while Elder Smith&rsquo;s right hand can hold a pen. And when the power of his hand fails, let his sons write at his dictation.",
    "puborder": 1019,
    "translations": []
  },
  {
    "para_id": "14067.9271013",
    "id_prev": "14067.9271012",
    "id_next": "14067.9271014",
    "refcode_1": "17LtMs",
    "refcode_2": "1",
    "refcode_3": "733",
    "refcode_4": "1902004700",
    "refcode_short": "17LtMs, Lt 47, 1902, par. 7",
    "refcode_long": "Letters and Manuscripts — Volume 17 (1902), Lt 47, 1902, par. 7",
    "element_type": "p",
    "element_subtype": "standard-indented",
    "content": "I am thankful that Elder Loughborough can still use his abilities and his gifts in God&rsquo;s work. He has stood faithful amid storm and trial. With Elder Smith, my husband, Brother Butler&mdash;who joined us at a later period, and yourself, he can say, &ldquo;That which was from the beginning, which we have heard, which we have seen with our eyes, which we have looked upon, and our hands have handled, of the Word of life; (for the life was manifested, and we have seen it, and bear witness, and shew unto you that eternal life, which was with the Father, and was manifested unto us;) that which we have seen and heard declare we unto you, that ye also may have fellowship with us: and truly our fellowship is with the Father, and with his Son Jesus Christ. And these things write we unto you, that your joy may be full. This then is the message which we have heard of him, and declare unto you, that God is light, and in him is no darkness at all. If we say that we have fellowship with him, and walk in darkness, we lie, and do not the truth: but if we walk in the light, as he is in the light, we have fellowship one with another, and the blood of Jesus Christ his Son cleanseth us from all sin. If we say that we have no sin, we deceive ourselves, and the truth is not in us. If we confess our sins, he is faithful and just to forgive us our sins, and to cleanse us from all unrighteousness. If we say that we have not sinned, we make him a liar, and his Word is not in us.&rdquo; [<span class=\"egwlink egwlink_bible\" title=\"1 John 1:1\" data-link=\"1965.62307\">Verses 1-10</span>.]",
    "puborder": 1020,
    "translations": []
  },
  {
    "para_id": "14067.9271014",
    "id_prev": "14067.9271013",
    "id_next": "14067.9271015",
    "refcode_1": "17LtMs",
    "refcode_2": "1",
    "refcode_3": "734",
    "refcode_4": "1902004700",
    "refcode_short": "17LtMs, Lt 47, 1902, par. 8",
    "refcode_long": "Letters and Manuscripts — Volume 17 (1902), Lt 47, 1902, par. 8",
    "element_type": "p",
    "element_subtype": "standard-indented",
    "content": "It is with feelings of satisfaction and of gratitude to God that we see Elder Butler again in active service. His gray hairs testify that he understands what trials are. We welcome him into our ranks once more and regard him as one of our most valuable laborers.",
    "puborder": 1021,
    "translations": []
  },
  {
    "para_id": "14067.9271015",
    "id_prev": "14067.9271014",
    "id_next": "14067.9271016",
    "refcode_1": "17LtMs",
    "refcode_2": "1",
    "refcode_3": "735",
    "refcode_4": "1902004700",
    "refcode_short": "17LtMs, Lt 47, 1902, par. 9",
    "refcode_long": "Letters and Manuscripts — Volume 17 (1902), Lt 47, 1902, par. 9",
    "element_type": "p",
    "element_subtype": "standard-indented",
    "content": "May the Lord help the brethren who have borne their testimony in the early days of the message, to be wise in regard to the preservation of their physical, mental, and spiritual powers. I have been instructed by the Lord to say that He has endowed you with the power of reason, and He desires you to understand the laws that affect the health of the being and to resolve to obey them. These laws are God&rsquo;s laws. He desires every pioneer worker to stand in his lot and place, that he may do his part in saving the people from being swept downward to destruction by the mighty current of evil&mdash;of physical, mental, and spiritual declension. My brethren, He desires you to keep your armor on to the very close of the conflict. Do not be imprudent; do not overwork. Take periods of rest.",
    "puborder": 1022,
    "translations": []
  },
  {
    "para_id": "14067.9271016",
    "id_prev": "14067.9271015",
    "id_next": "14067.9271017",
    "refcode_1": "17LtMs",
    "refcode_2": "1",
    "refcode_3": "736",
    "refcode_4": "1902004700",
    "refcode_short": "17LtMs, Lt 47, 1902, par. 10",
    "refcode_long": "Letters and Manuscripts — Volume 17 (1902), Lt 47, 1902, par. 10",
    "element_type": "p",
    "element_subtype": "standard-indented",
    "content": "The church militant is not the church triumphant. The Lord desires His tried servants, as long as they live, to advocate temperance reform. Unfurl the temperance banner. Teach the people to practice strict temperance in all things and to be champions in favor of obedience to physical laws. Stand firmly for God&rsquo;s truth. Exalt before the people the banner bearing the inscription, &ldquo;Here is the patience of the saints: here are they that keep the commandments of God, and the faith of Jesus.&rdquo; [<span class=\"egwlink egwlink_bible\" title=\"Revelation 14:12\" data-link=\"1965.63126\">Revelation 14:12</span>.]",
    "puborder": 1023,
    "translations": []
  },
  {
    "para_id": "14067.9271017",
    "id_prev": "14067.9271016",
    "id_next": "14067.9271018",
    "refcode_1": "17LtMs",
    "refcode_2": "1",
    "refcode_3": "737",
    "refcode_4": "1902004700",
    "refcode_short": "17LtMs, Lt 47, 1902, par. 11",
    "refcode_long": "Letters and Manuscripts — Volume 17 (1902), Lt 47, 1902, par. 11",
    "element_type": "p",
    "element_subtype": "standard-indented",
    "content": "Those who bear the seal of the living God will be tested; for we read: &ldquo;The dragon was wroth with the woman, and went to make war with the remnant of her seed, which keep the commandments of God, and have the testimony of Jesus Christ.&rdquo; [<span class=\"egwlink egwlink_bible\" title=\"Revelation 12:17\" data-link=\"1965.63064\">Revelation 12:17</span>.]",
    "puborder": 1024,
    "translations": []
  },
  {
    "para_id": "14067.9271018",
    "id_prev": "14067.9271017",
    "id_next": "14067.9271019",
    "refcode_1": "17LtMs",
    "refcode_2": "1",
    "refcode_3": "738",
    "refcode_4": "1902004700",
    "refcode_short": "17LtMs, Lt 47, 1902, par. 12",
    "refcode_long": "Letters and Manuscripts — Volume 17 (1902), Lt 47, 1902, par. 12",
    "element_type": "p",
    "element_subtype": "standard-indented",
    "content": "A few of the old standard-bearers are still living. I am intensely desirous that our brethren and sisters shall respect and honor these pioneers. We present them before you as men who know what trials are. I am instructed to say, Let every believer respect the men who acted a prominent part during the early days of the message, and who have borne trials and hardships and many privations. These men have grown gray in service. Not long hence, they will receive their reward. Writing of the last days, John says: &ldquo;The nations were angry, and thy wrath is come, and the time of the dead, that they should be judged, and that thou shouldest give reward unto thy servants the prophets, and to the saints, and them that fear thy name, small and great: and shouldest destroy them which destroy the earth. And the temple of God was opened in heaven, and there was seen in his temple the ark of his testament: and there were lightnings, and voices, and thunderings, and an earthquake, and great hail.&rdquo; [<span class=\"egwlink egwlink_bible\" title=\"Revelation 11:18\" data-link=\"1965.63027\">Revelation 11:18, 19</span>.]",
    "puborder": 1025,
    "translations": []
  },
  {
    "para_id": "14067.9271019",
    "id_prev": "14067.9271018",
    "id_next": "14067.9271020",
    "refcode_1": "17LtMs",
    "refcode_2": "1",
    "refcode_3": "739",
    "refcode_4": "1902004700",
    "refcode_short": "17LtMs, Lt 47, 1902, par. 13",
    "refcode_long": "Letters and Manuscripts — Volume 17 (1902), Lt 47, 1902, par. 13",
    "element_type": "p",
    "element_subtype": "standard-indented",
    "content": "When God&rsquo;s temple in heaven is opened, what a triumphant time that will be for all who have been faithful and true! In the temple will be seen the ark of the testament in which were placed the two tables of stone, on which are written God&rsquo;s law. These tables of stone will be brought forth from their hiding place, and on them will be seen the ten commandments engraved by the finger of God. These tables of stone now lying in the ark of the testament will be a convincing testimony to the truth and binding claims of God&rsquo;s law.",
    "puborder": 1026,
    "translations": []
  },
  {
    "para_id": "14067.9271020",
    "id_prev": "14067.9271019",
    "id_next": "14067.9271021",
    "refcode_1": "17LtMs",
    "refcode_2": "1",
    "refcode_3": "740",
    "refcode_4": "1902004700",
    "refcode_short": "17LtMs, Lt 47, 1902, par. 14",
    "refcode_long": "Letters and Manuscripts — Volume 17 (1902), Lt 47, 1902, par. 14",
    "element_type": "p",
    "element_subtype": "standard-indented",
    "content": "From every nation, kindred, tongue, and people is to be gathered out a people who keep the commandments of God and have the testimony of Jesus. This is the work to be accomplished in these last days. Since Satan&rsquo;s rebellion in heaven against the commandments of God, he has kept up a continual warfare against these commandments, and he will continue to carry on his work relentlessly to the end. To counteract the effects of the enemy, the Lord desires His servants, who have grown gray in the advocacy of truth, to stand faithful and true, bearing their testimony in favor of the law.",
    "puborder": 1027,
    "translations": []
  },
  {
    "para_id": "14067.9271021",
    "id_prev": "14067.9271020",
    "id_next": "14067.9523001",
    "refcode_1": "17LtMs",
    "refcode_2": "1",
    "refcode_3": "741",
    "refcode_4": "1902004700",
    "refcode_short": "17LtMs, Lt 47, 1902, par. 15",
    "refcode_long": "Letters and Manuscripts — Volume 17 (1902), Lt 47, 1902, par. 15",
    "element_type": "p",
    "element_subtype": "standard-indented",
    "content": "God&rsquo;s tried servants must not be put in hard places. Those who served their Master when the work went hard, those who endured poverty and remained faithful in the love of the truth when our numbers were small, are ever to be honored and respected. Let those who have come into the truth in later years take heed to these words. God desires all to heed this caution.",
    "puborder": 1028,
    "translations": []
  }
]