[
  {
    "para_id": "14067.7679001",
    "id_prev": "14067.9643015",
    "id_next": "14067.7679004",
    "refcode_1": "17LtMs",
    "refcode_2": "1",
    "refcode_3": "",
    "refcode_4": "1902010200",
    "refcode_short": "17LtMs, Lt 102, 1902",
    "refcode_long": "Letters and Manuscripts — Volume 17 (1902), Lt 102, 1902",
    "element_type": "h4",
    "element_subtype": "",
    "content": "Lt 102, 1902",
    "puborder": 2361,
    "translations": []
  },
  {
    "para_id": "14067.7679004",
    "id_prev": "14067.7679001",
    "id_next": "14067.7679002",
    "refcode_1": "17LtMs",
    "refcode_2": "1",
    "refcode_3": "",
    "refcode_4": "1902010200",
    "refcode_short": "",
    "refcode_long": "",
    "element_type": "p",
    "element_subtype": "ltaddressee",
    "content": "Prescott, W. W.",
    "puborder": 2362,
    "translations": []
  },
  {
    "para_id": "14067.7679002",
    "id_prev": "14067.7679004",
    "id_next": "14067.7679003",
    "refcode_1": "17LtMs",
    "refcode_2": "1",
    "refcode_3": "",
    "refcode_4": "1902010200",
    "refcode_short": "",
    "refcode_long": "",
    "element_type": "p",
    "element_subtype": "ltplace",
    "content": "<span class=\"ltplace\" value=\"St. Helena, California\">&ldquo;Elmshaven,&rdquo; St. Helena, California</span>",
    "puborder": 2363,
    "translations": []
  },
  {
    "para_id": "14067.7679003",
    "id_prev": "14067.7679002",
    "id_next": "14067.7679005",
    "refcode_1": "17LtMs",
    "refcode_2": "1",
    "refcode_3": "",
    "refcode_4": "1902010200",
    "refcode_short": "",
    "refcode_long": "",
    "element_type": "p",
    "element_subtype": "ltdate",
    "content": "<span class=\"ltdate\" start=\"June 30, 1902\">June 30, 1902</span>",
    "puborder": 2364,
    "translations": []
  },
  {
    "para_id": "14067.7679005",
    "id_prev": "14067.7679003",
    "id_next": "14067.7679006",
    "refcode_1": "17LtMs",
    "refcode_2": "1",
    "refcode_3": "",
    "refcode_4": "1902010200",
    "refcode_short": "",
    "refcode_long": "",
    "element_type": "p",
    "element_subtype": "ltpubinfo",
    "content": "This letter is published in entirety in <span class=\"egwlink egwlink_book\" title=\"15MR 118\" data-link=\"55.585\">15MR 118-123</span>.",
    "puborder": 2365,
    "translations": []
  },
  {
    "para_id": "14067.7679006",
    "id_prev": "14067.7679005",
    "id_next": "14067.7679007",
    "refcode_1": "17LtMs",
    "refcode_2": "1",
    "refcode_3": "",
    "refcode_4": "1902010200",
    "refcode_short": "",
    "refcode_long": "",
    "element_type": "p",
    "element_subtype": "ltsalutation",
    "content": "Dear Brother Prescott,&mdash;",
    "puborder": 2366,
    "translations": []
  },
  {
    "para_id": "14067.7679007",
    "id_prev": "14067.7679006",
    "id_next": "14067.7679008",
    "refcode_1": "17LtMs",
    "refcode_2": "1",
    "refcode_3": "1716",
    "refcode_4": "1902010200",
    "refcode_short": "17LtMs, Lt 102, 1902, par. 1",
    "refcode_long": "Letters and Manuscripts — Volume 17 (1902), Lt 102, 1902, par. 1",
    "element_type": "p",
    "element_subtype": "standard-indented",
    "content": "I have read Elder Waggoner&rsquo;s letter in regard to his connecting with the Berrien Springs School as Bible teacher. I must say that I know not the voice, neither can I understand the spirit that prompts the presentation of such propositions. I cannot recognize the voice, neither can I advise Brother Waggoner to come from Europe to take the position of Bible teacher in the school at Berrien Springs, upon the conditions named in his letter. When our brethren propose such terms as these to their fellow laborers, we may know that the propositions are not prompted by the Spirit of the Lord.",
    "puborder": 2367,
    "translations": []
  },
  {
    "para_id": "14067.7679008",
    "id_prev": "14067.7679007",
    "id_next": "14067.7679009",
    "refcode_1": "17LtMs",
    "refcode_2": "1",
    "refcode_3": "1717",
    "refcode_4": "1902010200",
    "refcode_short": "17LtMs, Lt 102, 1902, par. 2",
    "refcode_long": "Letters and Manuscripts — Volume 17 (1902), Lt 102, 1902, par. 2",
    "element_type": "p",
    "element_subtype": "standard-indented",
    "content": "Brother Sutherland and Brother Magan would be making a mistake to give up the work God has entrusted to them, either to Brother Waggoner or to yourself. From the light given me regarding the school at Berrien Springs, I believe that those connected with it are working in right lines. Both Brother Sutherland and Brother Magan are close Bible students.",
    "puborder": 2368,
    "translations": []
  },
  {
    "para_id": "14067.7679009",
    "id_prev": "14067.7679008",
    "id_next": "14067.7679010",
    "refcode_1": "17LtMs",
    "refcode_2": "1",
    "refcode_3": "1718",
    "refcode_4": "1902010200",
    "refcode_short": "17LtMs, Lt 102, 1902, par. 3",
    "refcode_long": "Letters and Manuscripts — Volume 17 (1902), Lt 102, 1902, par. 3",
    "element_type": "p",
    "element_subtype": "standard-indented",
    "content": "As to Brother Sutherland&rsquo;s age, true, he is young; but this is in his favor; for he feels that he is a child, dependent on God for wisdom. In some respects, youthful Christians have not so much to battle with as older Christians.",
    "puborder": 2369,
    "translations": []
  },
  {
    "para_id": "14067.7679010",
    "id_prev": "14067.7679009",
    "id_next": "14067.7679011",
    "refcode_1": "17LtMs",
    "refcode_2": "1",
    "refcode_3": "1719",
    "refcode_4": "1902010200",
    "refcode_short": "17LtMs, Lt 102, 1902, par. 4",
    "refcode_long": "Letters and Manuscripts — Volume 17 (1902), Lt 102, 1902, par. 4",
    "element_type": "p",
    "element_subtype": "standard-indented",
    "content": "Brother Sutherland loves God. He has a godly fear of departing from the counsels of the Lord, which fear I hope will increase and ever be maintained in the simplicity of true godliness. We trust that our brother, whom the Lord loves, will always be as a little child in rendering obedience to God.",
    "puborder": 2370,
    "translations": []
  },
  {
    "para_id": "14067.7679011",
    "id_prev": "14067.7679010",
    "id_next": "14067.7679012",
    "refcode_1": "17LtMs",
    "refcode_2": "1",
    "refcode_3": "1720",
    "refcode_4": "1902010200",
    "refcode_short": "17LtMs, Lt 102, 1902, par. 5",
    "refcode_long": "Letters and Manuscripts — Volume 17 (1902), Lt 102, 1902, par. 5",
    "element_type": "p",
    "element_subtype": "standard-indented",
    "content": "If those who are old in years would become as meek and lowly as a little child, they would be better prepared to receive and practice Christ&rsquo;s words. The spirit of self-sufficiency is a great hindrance to the working of the Spirit of God in the heart.",
    "puborder": 2371,
    "translations": []
  },
  {
    "para_id": "14067.7679012",
    "id_prev": "14067.7679011",
    "id_next": "14067.7679013",
    "refcode_1": "17LtMs",
    "refcode_2": "1",
    "refcode_3": "1721",
    "refcode_4": "1902010200",
    "refcode_short": "17LtMs, Lt 102, 1902, par. 6",
    "refcode_long": "Letters and Manuscripts — Volume 17 (1902), Lt 102, 1902, par. 6",
    "element_type": "p",
    "element_subtype": "standard-indented",
    "content": "At one time the disciples came to Jesus, asking, &ldquo;Who is the greatest in the kingdom of heaven? And Jesus called a little child unto him, and set him in the midst of them, and said, Verily, verily, I say unto you, Except ye be converted, and become as little children, ye shall not enter into the kingdom of heaven. Whosoever therefore shall humble himself as this little child, the same is greatest in the kingdom of heaven. And whoso shall receive one such little child in my name receiveth me. But whoso shall offend one of these little ones which believe in me, it were better for him that a millstone were hanged about his neck, and that he were drowned in the depths of the sea.&rdquo; [<span class=\"egwlink egwlink_bible\" title=\"Matthew 18:1\" data-link=\"1965.48446\">Matthew 18:1-6</span>.]",
    "puborder": 2372,
    "translations": []
  },
  {
    "para_id": "14067.7679013",
    "id_prev": "14067.7679012",
    "id_next": "14067.7679014",
    "refcode_1": "17LtMs",
    "refcode_2": "1",
    "refcode_3": "1722",
    "refcode_4": "1902010200",
    "refcode_short": "17LtMs, Lt 102, 1902, par. 7",
    "refcode_long": "Letters and Manuscripts — Volume 17 (1902), Lt 102, 1902, par. 7",
    "element_type": "p",
    "element_subtype": "standard-indented",
    "content": "We need much less of self, much more of the meekness and lowliness of Christ. &ldquo;Thus saith the high and lofty One that inhabiteth eternity, whose name is Holy: I dwell in the high and holy place, with him also that is of a contrite and humble spirit, to revive the spirit of the humble, and to revive the heart of the contrite ones.&rdquo; [<span class=\"egwlink egwlink_bible\" title=\"Isaiah 57:15\" data-link=\"1965.38322\">Isaiah 57:15</span>.]",
    "puborder": 2373,
    "translations": []
  },
  {
    "para_id": "14067.7679014",
    "id_prev": "14067.7679013",
    "id_next": "14067.7679015",
    "refcode_1": "17LtMs",
    "refcode_2": "1",
    "refcode_3": "1723",
    "refcode_4": "1902010200",
    "refcode_short": "17LtMs, Lt 102, 1902, par. 8",
    "refcode_long": "Letters and Manuscripts — Volume 17 (1902), Lt 102, 1902, par. 8",
    "element_type": "p",
    "element_subtype": "standard-indented",
    "content": "The Lord desires His people to make constant advancement. He rejoices when young men become imbued with His Spirit, and gird on the armor, to engage in aggressive warfare. Let us always encourage young men and young women to make the most of their capabilities, to improve their talents to the utmost, remembering the words, &ldquo;Let no man despise thy youth.&rdquo; [<span class=\"egwlink egwlink_bible\" title=\"1 Timothy 4:12\" data-link=\"1965.60698\">1 Timothy 4:12</span>.] We do not expect that they will never err in word or action, but if they will heed the reproofs of the Lord, and correct every mistake, they will make advancement.",
    "puborder": 2374,
    "translations": []
  },
  {
    "para_id": "14067.7679015",
    "id_prev": "14067.7679014",
    "id_next": "14067.7679016",
    "refcode_1": "17LtMs",
    "refcode_2": "1",
    "refcode_3": "1724",
    "refcode_4": "1902010200",
    "refcode_short": "17LtMs, Lt 102, 1902, par. 9",
    "refcode_long": "Letters and Manuscripts — Volume 17 (1902), Lt 102, 1902, par. 9",
    "element_type": "p",
    "element_subtype": "standard-indented",
    "content": "As we see God raising up young men for His work, we rejoice to see them increasing in the fear of the Lord in proportion as they increase in the knowledge of the truth. Such ones will cultivate a reverence for God and for His sacred service.",
    "puborder": 2375,
    "translations": []
  },
  {
    "para_id": "14067.7679016",
    "id_prev": "14067.7679015",
    "id_next": "14067.7679017",
    "refcode_1": "17LtMs",
    "refcode_2": "1",
    "refcode_3": "1725",
    "refcode_4": "1902010200",
    "refcode_short": "17LtMs, Lt 102, 1902, par. 10",
    "refcode_long": "Letters and Manuscripts — Volume 17 (1902), Lt 102, 1902, par. 10",
    "element_type": "p",
    "element_subtype": "standard-indented",
    "content": "The inhabitants of heaven declare of the Creator, &ldquo;Great and marvelous are thy works, Lord God Almighty; just and true are thy ways thou King of saints! Who shall not fear thee, O Lord, and glorify thy name; for thou only art holy.&rdquo; [<span class=\"egwlink egwlink_bible\" title=\"Revelation 15:3\" data-link=\"1965.63149\">Revelation 15:3, 4</span>.]",
    "puborder": 2376,
    "translations": []
  },
  {
    "para_id": "14067.7679017",
    "id_prev": "14067.7679016",
    "id_next": "14067.7679018",
    "refcode_1": "17LtMs",
    "refcode_2": "1",
    "refcode_3": "1726",
    "refcode_4": "1902010200",
    "refcode_short": "17LtMs, Lt 102, 1902, par. 11",
    "refcode_long": "Letters and Manuscripts — Volume 17 (1902), Lt 102, 1902, par. 11",
    "element_type": "p",
    "element_subtype": "standard-indented",
    "content": "The fear spoken of in these words is not a slavish fear, but a thankful, joyous fear, which leads us to watch and wait and work, ready always to obey God gladly and thankfully. Every faculty of the being, every part of the body, testifies to the righteousness of the Creator&rsquo;s claims.",
    "puborder": 2377,
    "translations": []
  },
  {
    "para_id": "14067.7679018",
    "id_prev": "14067.7679017",
    "id_next": "14067.7679019",
    "refcode_1": "17LtMs",
    "refcode_2": "1",
    "refcode_3": "1727",
    "refcode_4": "1902010200",
    "refcode_short": "17LtMs, Lt 102, 1902, par. 12",
    "refcode_long": "Letters and Manuscripts — Volume 17 (1902), Lt 102, 1902, par. 12",
    "element_type": "p",
    "element_subtype": "standard-indented",
    "content": "God has a right to the service of the beings He has created&mdash;a right to expect that they will do their best to glorify Him with every entrusted capability. He requires them to place themselves in His service and to allow Him to direct the use of His absolute property.",
    "puborder": 2378,
    "translations": []
  },
  {
    "para_id": "14067.7679019",
    "id_prev": "14067.7679018",
    "id_next": "14067.7679020",
    "refcode_1": "17LtMs",
    "refcode_2": "1",
    "refcode_3": "1728",
    "refcode_4": "1902010200",
    "refcode_short": "17LtMs, Lt 102, 1902, par. 13",
    "refcode_long": "Letters and Manuscripts — Volume 17 (1902), Lt 102, 1902, par. 13",
    "element_type": "p",
    "element_subtype": "standard-indented",
    "content": "Let the older workers encourage the younger ones, never speaking lightly or disparagingly of them. He who has helped Brother Sutherland and Brother Magan in their school work in the past will continue to help them if they will steadfastly practice His word. As far as their teaching of the Bible is concerned, if they sit at the feet of Jesus and learn of Him, their understanding will continually increase; for God is their wisdom, and He will teach them His way.",
    "puborder": 2379,
    "translations": []
  },
  {
    "para_id": "14067.7679020",
    "id_prev": "14067.7679019",
    "id_next": "14067.7679021",
    "refcode_1": "17LtMs",
    "refcode_2": "1",
    "refcode_3": "1729",
    "refcode_4": "1902010200",
    "refcode_short": "17LtMs, Lt 102, 1902, par. 14",
    "refcode_long": "Letters and Manuscripts — Volume 17 (1902), Lt 102, 1902, par. 14",
    "element_type": "p",
    "element_subtype": "standard-indented",
    "content": "When a man places himself unreservedly under God&rsquo;s guidance, the statements of the Word set his heart free from every evil bias, that he may run in the way of God&rsquo;s commandments. He acknowledges God&rsquo;s ownership. He communes with God in prayer, saying, &ldquo;I am thine, O Lord; save me; for I have sought thy commandments.&rdquo; [<span class=\"egwlink egwlink_bible\" title=\"Psalm 119:94\" data-link=\"1965.32603\">Psalm 119:94</span>.]",
    "puborder": 2380,
    "translations": []
  },
  {
    "para_id": "14067.7679021",
    "id_prev": "14067.7679020",
    "id_next": "14067.7679022",
    "refcode_1": "17LtMs",
    "refcode_2": "1",
    "refcode_3": "1730",
    "refcode_4": "1902010200",
    "refcode_short": "17LtMs, Lt 102, 1902, par. 15",
    "refcode_long": "Letters and Manuscripts — Volume 17 (1902), Lt 102, 1902, par. 15",
    "element_type": "p",
    "element_subtype": "standard-indented",
    "content": "This is Christian education. The teacher is a continual learner and is constantly becoming better fitted to teach. He feels that he must be a student with his students in learning of Christ. Angels rejoice at the beauty of the companionship as teachers and students learn of God out of His Word.",
    "puborder": 2381,
    "translations": []
  },
  {
    "para_id": "14067.7679022",
    "id_prev": "14067.7679021",
    "id_next": "14067.7679023",
    "refcode_1": "17LtMs",
    "refcode_2": "1",
    "refcode_3": "1731",
    "refcode_4": "1902010200",
    "refcode_short": "17LtMs, Lt 102, 1902, par. 16",
    "refcode_long": "Letters and Manuscripts — Volume 17 (1902), Lt 102, 1902, par. 16",
    "element_type": "p",
    "element_subtype": "standard-indented",
    "content": "Day by day the young student-teacher is storing away a fresh supply of knowledge. His understanding is enlightened. He can say, God has opened my eyes to behold wondrous things out of His Word. A sense of God&rsquo;s mercy and greatness makes him childlike in his submissiveness and his willingness to serve.",
    "puborder": 2382,
    "translations": []
  },
  {
    "para_id": "14067.7679023",
    "id_prev": "14067.7679022",
    "id_next": "14067.7679024",
    "refcode_1": "17LtMs",
    "refcode_2": "1",
    "refcode_3": "1732",
    "refcode_4": "1902010200",
    "refcode_short": "17LtMs, Lt 102, 1902, par. 17",
    "refcode_long": "Letters and Manuscripts — Volume 17 (1902), Lt 102, 1902, par. 17",
    "element_type": "p",
    "element_subtype": "standard-indented",
    "content": "These teachers do not feel the repression they would feel in the presence of older teachers. Their hearts glow with the love of God. The students catch the spirit, the windows of the heart are opened heavenward, and songs of gratitude ascend from hearts that burn with the love of God. As the teachers and students seek to learn their duty, with an unfeigned desire to be conformed to the image of God, they gain power to conquer the stubbornness of a selfish will.",
    "puborder": 2383,
    "translations": []
  },
  {
    "para_id": "14067.7679024",
    "id_prev": "14067.7679023",
    "id_next": "14067.7679025",
    "refcode_1": "17LtMs",
    "refcode_2": "1",
    "refcode_3": "1733",
    "refcode_4": "1902010200",
    "refcode_short": "17LtMs, Lt 102, 1902, par. 18",
    "refcode_long": "Letters and Manuscripts — Volume 17 (1902), Lt 102, 1902, par. 18",
    "element_type": "p",
    "element_subtype": "standard-indented",
    "content": "O, I can see wisdom in thoroughly converted young men and young women engaging in the work of teaching! As they give themselves fully to God, they will learn more and more of Him, till they are &ldquo;able to comprehend with all saints what is the breadth, and length, and depth, and height; and to know the love of Christ, which passeth knowledge.&rdquo; [<span class=\"egwlink egwlink_bible\" title=\"Ephesians 3:18\" data-link=\"1965.59690\">Ephesians 3:18, 19</span>.] They say, I am the Lord&rsquo;s servant, the property of Christ, sustained by His rich and undeserved mercy. I am His, to glorify Him with my physical, mental, and spiritual capabilities.",
    "puborder": 2384,
    "translations": []
  },
  {
    "para_id": "14067.7679025",
    "id_prev": "14067.7679024",
    "id_next": "14067.7679026",
    "refcode_1": "17LtMs",
    "refcode_2": "1",
    "refcode_3": "1734",
    "refcode_4": "1902010200",
    "refcode_short": "17LtMs, Lt 102, 1902, par. 19",
    "refcode_long": "Letters and Manuscripts — Volume 17 (1902), Lt 102, 1902, par. 19",
    "element_type": "p",
    "element_subtype": "standard-indented",
    "content": "I wish we could see hundreds of students under the instruction of young men who are apt to teach, who realize that day by day they must be learners in the school of Christ, in order to understand the Scriptures in their simplicity, and to be able to teach them in a way that will make them plain.",
    "puborder": 2385,
    "translations": []
  },
  {
    "para_id": "14067.7679026",
    "id_prev": "14067.7679025",
    "id_next": "14067.7679027",
    "refcode_1": "17LtMs",
    "refcode_2": "1",
    "refcode_3": "1735",
    "refcode_4": "1902010200",
    "refcode_short": "17LtMs, Lt 102, 1902, par. 20",
    "refcode_long": "Letters and Manuscripts — Volume 17 (1902), Lt 102, 1902, par. 20",
    "element_type": "p",
    "element_subtype": "standard-indented",
    "content": "We do not in any way underrate the older teachers. No; we would encourage older and younger teachers to labor for God. But I am seeking to show you that schools may be managed, and managed successfully, by men who are not the most advanced in years and experience.",
    "puborder": 2386,
    "translations": []
  },
  {
    "para_id": "14067.7679027",
    "id_prev": "14067.7679026",
    "id_next": "14067.7679028",
    "refcode_1": "17LtMs",
    "refcode_2": "1",
    "refcode_3": "1736",
    "refcode_4": "1902010200",
    "refcode_short": "17LtMs, Lt 102, 1902, par. 21",
    "refcode_long": "Letters and Manuscripts — Volume 17 (1902), Lt 102, 1902, par. 21",
    "element_type": "p",
    "element_subtype": "standard-indented",
    "content": "God can work through young, humble men. Let none forbid them. Let the young, devoted followers of Christ say, &ldquo;The love of Christ constraineth me.&rdquo; [See <span class=\"egwlink egwlink_bible\" title=\"2 Corinthians 5:14\" data-link=\"1965.58915\">2 Corinthians 5:14</span>.] Moving upon minds with the force of the grace of Christ, this love casts aside all hindrances and barriers, exerting upon souls a compelling influence that leads them to give themselves to God in unreserved consecration.",
    "puborder": 2387,
    "translations": []
  },
  {
    "para_id": "14067.7679028",
    "id_prev": "14067.7679027",
    "id_next": "14067.7679029",
    "refcode_1": "17LtMs",
    "refcode_2": "1",
    "refcode_3": "1737",
    "refcode_4": "1902010200",
    "refcode_short": "17LtMs, Lt 102, 1902, par. 22",
    "refcode_long": "Letters and Manuscripts — Volume 17 (1902), Lt 102, 1902, par. 22",
    "element_type": "p",
    "element_subtype": "standard-indented",
    "content": "My brother, let nothing you do or say weaken the hands of men who are doing their best, and who have succeeded in gaining success.",
    "puborder": 2388,
    "translations": []
  },
  {
    "para_id": "14067.7679029",
    "id_prev": "14067.7679028",
    "id_next": "14067.9793001",
    "refcode_1": "17LtMs",
    "refcode_2": "1",
    "refcode_3": "1738",
    "refcode_4": "1902010200",
    "refcode_short": "17LtMs, Lt 102, 1902, par. 23",
    "refcode_long": "Letters and Manuscripts — Volume 17 (1902), Lt 102, 1902, par. 23",
    "element_type": "p",
    "element_subtype": "standard-indented",
    "content": "I have seen so much of what the world calls perfection that I greatly long to see a different kind. The worker whose heart is humble and contrite, who is divested of all pride, will give evidence that he is moved by a power from above. Let us rejoice in our victories. Let there be no moves to tear down. Too much of this has been done. Let us all encourage one another, rejoicing in the Lord.",
    "puborder": 2389,
    "translations": []
  }
]