[
  {
    "para_id": "14058.4789001",
    "id_prev": "14058.13553003",
    "id_next": "14058.4789004",
    "refcode_1": "8LtMs",
    "refcode_2": "1",
    "refcode_3": "",
    "refcode_4": "1893002600",
    "refcode_short": "8LtMs, Lt 26, 1893",
    "refcode_long": "Letters and Manuscripts — Volume 8 (1893), Lt 26, 1893",
    "element_type": "h4",
    "element_subtype": "",
    "content": "Lt 26, 1893",
    "puborder": 1110,
    "translations": []
  },
  {
    "para_id": "14058.4789004",
    "id_prev": "14058.4789001",
    "id_next": "14058.4789002",
    "refcode_1": "8LtMs",
    "refcode_2": "1",
    "refcode_3": "",
    "refcode_4": "1893002600",
    "refcode_short": "",
    "refcode_long": "",
    "element_type": "p",
    "element_subtype": "ltaddressee",
    "content": "Haskell, S. N.",
    "puborder": 1111,
    "translations": []
  },
  {
    "para_id": "14058.4789002",
    "id_prev": "14058.4789004",
    "id_next": "14058.4789003",
    "refcode_1": "8LtMs",
    "refcode_2": "1",
    "refcode_3": "",
    "refcode_4": "1893002600",
    "refcode_short": "",
    "refcode_long": "",
    "element_type": "p",
    "element_subtype": "ltplace",
    "content": "<span class=\"ltplace\" value=\"Auckland, New Zealand\">Auckland, New Zealand</span>",
    "puborder": 1112,
    "translations": []
  },
  {
    "para_id": "14058.4789003",
    "id_prev": "14058.4789002",
    "id_next": "14058.4789005",
    "refcode_1": "8LtMs",
    "refcode_2": "1",
    "refcode_3": "",
    "refcode_4": "1893002600",
    "refcode_short": "",
    "refcode_long": "",
    "element_type": "p",
    "element_subtype": "ltdate",
    "content": "<span class=\"ltdate\" start=\"February 19, 1893\">February 19, 1893</span>",
    "puborder": 1113,
    "translations": []
  },
  {
    "para_id": "14058.4789005",
    "id_prev": "14058.4789003",
    "id_next": "14058.4789006",
    "refcode_1": "8LtMs",
    "refcode_2": "1",
    "refcode_3": "",
    "refcode_4": "1893002600",
    "refcode_short": "",
    "refcode_long": "",
    "element_type": "p",
    "element_subtype": "ltpubinfo",
    "content": "Previously unpublished. +<sup class=\"footnote\"><a class=\"footnote\">Note<span class=\"footnote\">One or more typed copies of this document contain additional Ellen White handwritten interlineations which may be viewed at the main office of the Ellen G. White Estate.</span></a></sup>",
    "puborder": 1114,
    "translations": []
  },
  {
    "para_id": "14058.4789006",
    "id_prev": "14058.4789005",
    "id_next": "14058.4789007",
    "refcode_1": "8LtMs",
    "refcode_2": "1",
    "refcode_3": "",
    "refcode_4": "1893002600",
    "refcode_short": "",
    "refcode_long": "",
    "element_type": "p",
    "element_subtype": "ltsalutation",
    "content": "Dear Brother Haskell:",
    "puborder": 1115,
    "translations": []
  },
  {
    "para_id": "14058.4789007",
    "id_prev": "14058.4789006",
    "id_next": "14058.4789008",
    "refcode_1": "8LtMs",
    "refcode_2": "1",
    "refcode_3": "856",
    "refcode_4": "1893002600",
    "refcode_short": "8LtMs, Lt 26, 1893, par. 1",
    "refcode_long": "Letters and Manuscripts — Volume 8 (1893), Lt 26, 1893, par. 1",
    "element_type": "p",
    "element_subtype": "standard-indented",
    "content": "I received your good letter, and I thank and praise my heavenly Father for its contents. It is good and I thank you for writing so fully.",
    "puborder": 1116,
    "translations": []
  },
  {
    "para_id": "14058.4789008",
    "id_prev": "14058.4789007",
    "id_next": "14058.4789009",
    "refcode_1": "8LtMs",
    "refcode_2": "1",
    "refcode_3": "857",
    "refcode_4": "1893002600",
    "refcode_short": "8LtMs, Lt 26, 1893, par. 2",
    "refcode_long": "Letters and Manuscripts — Volume 8 (1893), Lt 26, 1893, par. 2",
    "element_type": "p",
    "element_subtype": "standard-indented",
    "content": "I am improving in health. I sent to Marion, a diary of our journey, up to our leaving Sydney, and told her to employ one who could copy on the Calligraph, and send you and others, copies of the same.",
    "puborder": 1117,
    "translations": []
  },
  {
    "para_id": "14058.4789009",
    "id_prev": "14058.4789008",
    "id_next": "14058.4789010",
    "refcode_1": "8LtMs",
    "refcode_2": "1",
    "refcode_3": "858",
    "refcode_4": "1893002600",
    "refcode_short": "8LtMs, Lt 26, 1893, par. 3",
    "refcode_long": "Letters and Manuscripts — Volume 8 (1893), Lt 26, 1893, par. 3",
    "element_type": "p",
    "element_subtype": "standard-indented",
    "content": "We found them in Sydney and Parramatta in need of help. I spoke evenings in Parramatta, for I could not [get] the congregation in their church unless I did this. I spoke to them about six times, and the Lord blessed me. I went to this place greatly exhausted, from the labors and burdens borne during the conference. I was unable to visit because of the amount of work to be done.",
    "puborder": 1118,
    "translations": []
  },
  {
    "para_id": "14058.4789010",
    "id_prev": "14058.4789009",
    "id_next": "14058.4789011",
    "refcode_1": "8LtMs",
    "refcode_2": "1",
    "refcode_3": "859",
    "refcode_4": "1893002600",
    "refcode_short": "8LtMs, Lt 26, 1893, par. 4",
    "refcode_long": "Letters and Manuscripts — Volume 8 (1893), Lt 26, 1893, par. 4",
    "element_type": "p",
    "element_subtype": "standard-indented",
    "content": "I wrote a long message to Brother Robert Hare and wife, and then sent for them to come to Brother Hughes&rsquo;, where I was making my home, and I read that which I had written. He looked, at first, quite sullen over the matter, and said he might as well give up preaching. I said, &ldquo;That is what I expected you would say, for that is your way and your spirit, to take anything that comes to you in reproof. You think you are humble, but if it were so, in truth, it would not be thus. The Lord sees and reads the human heart. He is acquainted with all your dangers, with your spirit, and He loves you and wants to save you. It is because you do not understand your own errors and the defects in your character that He sends you His warnings, His encouragements; and you should receive these all as a blessing, the most to be appreciated of anything He can give you. He has given me a message to give to you. I have done my duty to set your true situation before you.",
    "puborder": 1119,
    "translations": []
  },
  {
    "para_id": "14058.4789011",
    "id_prev": "14058.4789010",
    "id_next": "14058.4789012",
    "refcode_1": "8LtMs",
    "refcode_2": "1",
    "refcode_3": "860",
    "refcode_4": "1893002600",
    "refcode_short": "8LtMs, Lt 26, 1893, par. 5",
    "refcode_long": "Letters and Manuscripts — Volume 8 (1893), Lt 26, 1893, par. 5",
    "element_type": "p",
    "element_subtype": "standard-indented",
    "content": "&ldquo;The case of Elder Daniels, in California, you are acquainted with. Well you are following in the same track of experience in your ministerial labor. You are in constant fear and trembling lest you shall not have a congregation, and you employ as Elder Daniels did, methods to attract, which is entirely contrary to the practices and the manners of Christ&rsquo;s teaching.",
    "puborder": 1120,
    "translations": []
  },
  {
    "para_id": "14058.4789012",
    "id_prev": "14058.4789011",
    "id_next": "14058.4789013",
    "refcode_1": "8LtMs",
    "refcode_2": "1",
    "refcode_3": "861",
    "refcode_4": "1893002600",
    "refcode_short": "8LtMs, Lt 26, 1893, par. 6",
    "refcode_long": "Letters and Manuscripts — Volume 8 (1893), Lt 26, 1893, par. 6",
    "element_type": "p",
    "element_subtype": "standard-indented",
    "content": "&ldquo;You must, Brother Hare, study the lessons that Jesus Christ gave to His disciples, and let their simplicity charm you, and then seek to have the mind of Christ, and you will teach as Christ taught. The very clearness and simplicity of His teachings were in such marked contrast to the teachings of the scribes and priests that the common people heard Him gladly. Many priests and nobles believed on Him, but durst not acknowledge it for fear of being put out of the synagogue. But after His crucifixion and resurrection, and the descent of the Holy Spirit, on the day of Pentecost, when the Jews thought the disciples of Christ would be discouraged, and hopeless, Lo, they were preaching the gospel with all fervor, and with power, for Christ was in them as a well of water springing up unto everlasting life, and could not be repressed. Five thousand were converted in a day, and those who dared not take their position before the humiliation, rejection, and crucifixion of our blessed Lord, came out boldly and confessed their faith in Christ. The testimony of those faithful witnesses rung out clear, distinct&mdash;the trumpet giving a certain sound. Those who had been the accusers of Christ, were here themselves accused under the testimony of the Holy Spirit of God.&rdquo;",
    "puborder": 1121,
    "translations": []
  },
  {
    "para_id": "14058.4789013",
    "id_prev": "14058.4789012",
    "id_next": "14058.4789014",
    "refcode_1": "8LtMs",
    "refcode_2": "1",
    "refcode_3": "862",
    "refcode_4": "1893002600",
    "refcode_short": "8LtMs, Lt 26, 1893, par. 7",
    "refcode_long": "Letters and Manuscripts — Volume 8 (1893), Lt 26, 1893, par. 7",
    "element_type": "p",
    "element_subtype": "standard-indented",
    "content": "&ldquo;But ye denied the Holy One and the Just, and desired a murderer to be granted unto you; and killed the Prince of life, whom God hath raised from the dead; whereof we are witnesses, and his name through faith in his name hath made this man strong whom ye see and know: yea, the faith which is by him hath given him this perfect soundness in the presence of you all ... Repent ye therefore, and be converted, that your sins may be blotted out, when the times of refreshing shall come from the presence of the Lord: and He shall send Jesus Christ which before was preached unto you: whom the heavens must receive until the times of restitution of all things, which God hath spoken by the mouth of all His holy prophets since the world began.&rdquo; [<span class=\"egwlink egwlink_bible\" title=\"Acts 3:14\" data-link=\"1965.55088\">Acts 3:14-16, 19-21</span>.]",
    "puborder": 1122,
    "translations": []
  },
  {
    "para_id": "14058.4789014",
    "id_prev": "14058.4789013",
    "id_next": "14058.4789015",
    "refcode_1": "8LtMs",
    "refcode_2": "1",
    "refcode_3": "863",
    "refcode_4": "1893002600",
    "refcode_short": "8LtMs, Lt 26, 1893, par. 8",
    "refcode_long": "Letters and Manuscripts — Volume 8 (1893), Lt 26, 1893, par. 8",
    "element_type": "p",
    "element_subtype": "standard-indented",
    "content": "This testimony was an astonishment to the priests, the captain of the temple, and the Sadducees. These were grieved that they taught the people, and preached through Jesus the resurrection from the dead. And they laid hands upon them, and put them in hold unto the next day: for it was now eventide. Howbeit many of them which heard the word believed; and the number of the men was about five thousand. What an interesting history, this is! I feel like reproducing the whole chapters, but forebear.",
    "puborder": 1123,
    "translations": []
  },
  {
    "para_id": "14058.4789015",
    "id_prev": "14058.4789014",
    "id_next": "14058.4789016",
    "refcode_1": "8LtMs",
    "refcode_2": "1",
    "refcode_3": "864",
    "refcode_4": "1893002600",
    "refcode_short": "8LtMs, Lt 26, 1893, par. 9",
    "refcode_long": "Letters and Manuscripts — Volume 8 (1893), Lt 26, 1893, par. 9",
    "element_type": "p",
    "element_subtype": "standard-indented",
    "content": "I set before Brother and Sister Hare that when the Holy Spirit rested upon the messenger, he would not feel compelled to invent methods of a theatrical character to please the perverted taste of the people. Well, Brother and Sister Hare, I thought, would not be out that night, to hear me speak, but they were out.",
    "puborder": 1124,
    "translations": []
  },
  {
    "para_id": "14058.4789016",
    "id_prev": "14058.4789015",
    "id_next": "14058.4789017",
    "refcode_1": "8LtMs",
    "refcode_2": "1",
    "refcode_3": "865",
    "refcode_4": "1893002600",
    "refcode_short": "8LtMs, Lt 26, 1893, par. 10",
    "refcode_long": "Letters and Manuscripts — Volume 8 (1893), Lt 26, 1893, par. 10",
    "element_type": "p",
    "element_subtype": "standard-indented",
    "content": "The Lord gave me a decided testimony, clear-cut and like a two-edged sword in regard to the perpetuity of the law of God, and especially the Sabbath of the fourth commandment, dwelling upon the point of its being a memorial of God&rsquo;s creation work in making our world. To the Lord be all the glory. The truth did cut its way to hearts.",
    "puborder": 1125,
    "translations": []
  },
  {
    "para_id": "14058.4789017",
    "id_prev": "14058.4789016",
    "id_next": "14058.4789018",
    "refcode_1": "8LtMs",
    "refcode_2": "1",
    "refcode_3": "866",
    "refcode_4": "1893002600",
    "refcode_short": "8LtMs, Lt 26, 1893, par. 11",
    "refcode_long": "Letters and Manuscripts — Volume 8 (1893), Lt 26, 1893, par. 11",
    "element_type": "p",
    "element_subtype": "standard-indented",
    "content": "One man, who had been a missionary I think to India, had been opposing and going from house to house misstating and garbling the truth. He came to Brother Steed next morning and said, &ldquo;Is this the way the matter stands? I never heard such words, and I never heard your faith laid out in such a way as this. Why, it looks as though God was in it, and if it is as this woman says, I am tearing down what God is building up, and [I] do not want to be found fighting against God. It looks that way to me now, and I must search into this matter.&rdquo;",
    "puborder": 1126,
    "translations": []
  },
  {
    "para_id": "14058.4789018",
    "id_prev": "14058.4789017",
    "id_next": "14058.4789019",
    "refcode_1": "8LtMs",
    "refcode_2": "1",
    "refcode_3": "867",
    "refcode_4": "1893002600",
    "refcode_short": "8LtMs, Lt 26, 1893, par. 12",
    "refcode_long": "Letters and Manuscripts — Volume 8 (1893), Lt 26, 1893, par. 12",
    "element_type": "p",
    "element_subtype": "standard-indented",
    "content": "A time was appointed by Brother Steed to give a Bible reading, and he said he would be glad of the opportunity. Brother Steed said his face was very pale, and he seemed much troubled in his mind. &ldquo;O,&rdquo; said Brother Steed, &ldquo;if his influence could only be killed in this place, it would remove a great barrier out of our way in getting the truth before many souls who are interested.&rdquo; He puts false statements before them in regard to our faith, which they accept as truth.",
    "puborder": 1127,
    "translations": []
  },
  {
    "para_id": "14058.4789019",
    "id_prev": "14058.4789018",
    "id_next": "14058.4789020",
    "refcode_1": "8LtMs",
    "refcode_2": "1",
    "refcode_3": "868",
    "refcode_4": "1893002600",
    "refcode_short": "8LtMs, Lt 26, 1893, par. 13",
    "refcode_long": "Letters and Manuscripts — Volume 8 (1893), Lt 26, 1893, par. 13",
    "element_type": "p",
    "element_subtype": "standard-indented",
    "content": "We are requested to visit a Mr. Martin who was convinced of the truth, but his wife, a Primitive Methodist, was as bitter as gall and so prejudiced that she would not come out to hear, neither would she receive anything from the believers and teachers of the faith. But we called, according to Mr. Martin&rsquo;s request, and he treated us courteously, but his wife would not reveal herself. His eldest daughter treated us well. We were treated with fruit and lemonade made by Mr. Martin. He is a wealthy man, a fruit grower. Thursday night, lo, Mr. Martin and his little opposing wife, and a Methodist minister&rsquo;s wife who had exerted that influence over Mrs. Martin, was present to hear me speak.",
    "puborder": 1128,
    "translations": []
  },
  {
    "para_id": "14058.4789020",
    "id_prev": "14058.4789019",
    "id_next": "14058.4789021",
    "refcode_1": "8LtMs",
    "refcode_2": "1",
    "refcode_3": "869",
    "refcode_4": "1893002600",
    "refcode_short": "8LtMs, Lt 26, 1893, par. 14",
    "refcode_long": "Letters and Manuscripts — Volume 8 (1893), Lt 26, 1893, par. 14",
    "element_type": "p",
    "element_subtype": "standard-indented",
    "content": "Mr. Martin told Brother Steed all about it. He said his wife and the minister&rsquo;s wife had not one word of objection to raise to the words spoken, which was a marvel to him. He said that the minister&rsquo;s wife said Mrs. White&rsquo;s words were very straight. He said, &ldquo;She had gone deeper than any of us in religious experience; it is wonderful.&rdquo; Then Mr. Martin stated that his wife and the minister&rsquo;s wife were watching me; both were in a back room. They could see me through the window, but neither of them came to speak to us. Well, Mr. Martin took Elder Steed in his carriage and went out searching the best place to pitch the tent, not many miles from Parramatta, so that they could keep up the interest in Parramatta and still reach another class about ten miles from Parramatta. The voice of the whole region of country is, &ldquo;Come in our neighborhood, and we will insure you a good attendance in your tent.&rdquo; When they had found a good situation, they asked the proprietor if they could pitch the tent on his field. He said, &ldquo;Come in and take dinner with me, and we will talk it over.&rdquo; He then said he was leaving the place, and as he did not want to get into trouble with the land owner, he would let the land to Mr. Martin, and Mr. Martin, being a man of influence, could do with it as he pleased. So thus the matter was arranged.",
    "puborder": 1129,
    "translations": []
  },
  {
    "para_id": "14058.4789021",
    "id_prev": "14058.4789020",
    "id_next": "14058.4789022",
    "refcode_1": "8LtMs",
    "refcode_2": "1",
    "refcode_3": "870",
    "refcode_4": "1893002600",
    "refcode_short": "8LtMs, Lt 26, 1893, par. 15",
    "refcode_long": "Letters and Manuscripts — Volume 8 (1893), Lt 26, 1893, par. 15",
    "element_type": "p",
    "element_subtype": "standard-indented",
    "content": "I was pleased to see that the whole community around Parramatta was stirred and anxious to hear what these strange things are that have been brought to their ears. When we get through with our work in New Zealand, we return to Parramatta, and shall probably remain there during the winter, as the climate is much better than in Melbourne.",
    "puborder": 1130,
    "translations": []
  },
  {
    "para_id": "14058.4789022",
    "id_prev": "14058.4789021",
    "id_next": "14058.4789023",
    "refcode_1": "8LtMs",
    "refcode_2": "1",
    "refcode_3": "871",
    "refcode_4": "1893002600",
    "refcode_short": "8LtMs, Lt 26, 1893, par. 16",
    "refcode_long": "Letters and Manuscripts — Volume 8 (1893), Lt 26, 1893, par. 16",
    "element_type": "p",
    "element_subtype": "standard-indented",
    "content": "I spoke Sabbath forenoon in Sydney, and then we went to the boat. We were all sick the first day, and to a purpose. Emily was sick, and Sister Starr all the way. Willie was our dependence; he was so helpful and attentive, seemed to know just what to do at all times, and on all occasions. I do not know what I should do without Willie. He is not only a great comfort to me, but a wise counsellor. He shows much wisdom in the work he has to do in connection with the office, and the cause of God in general.",
    "puborder": 1131,
    "translations": []
  },
  {
    "para_id": "14058.4789023",
    "id_prev": "14058.4789022",
    "id_next": "14058.4789024",
    "refcode_1": "8LtMs",
    "refcode_2": "1",
    "refcode_3": "872",
    "refcode_4": "1893002600",
    "refcode_short": "8LtMs, Lt 26, 1893, par. 17",
    "refcode_long": "Letters and Manuscripts — Volume 8 (1893), Lt 26, 1893, par. 17",
    "element_type": "p",
    "element_subtype": "standard-indented",
    "content": "Well about Auckland: It pained my heart to see the empty seats, and the testimony I had to bear was close and cutting. I had not a message of peace. I spoke from (<span class=\"egwlink egwlink_bible\" title=\"Isaiah 58:1\" data-link=\"1965.38337\">Isaiah 58</span>), and Brother Hare especially seemed to feel; he wept much. Some confessions were made, but thorough work was not made, and my testimony had no change; it was presenting to them their wicked course of action which had separated them from Christ.",
    "puborder": 1132,
    "translations": []
  },
  {
    "para_id": "14058.4789024",
    "id_prev": "14058.4789023",
    "id_next": "14058.4789025",
    "refcode_1": "8LtMs",
    "refcode_2": "1",
    "refcode_3": "873",
    "refcode_4": "1893002600",
    "refcode_short": "8LtMs, Lt 26, 1893, par. 18",
    "refcode_long": "Letters and Manuscripts — Volume 8 (1893), Lt 26, 1893, par. 18",
    "element_type": "p",
    "element_subtype": "standard-indented",
    "content": "I felt deeply in regard to the situation of the churches in New Zealand. In Auckland they have a beautiful city, and [the] Seventh-day Adventists have a good church building. It is a pleasant, plain, neat chapel. This is a precious beginning, but the material that composed the leading elements in the church have not been that which God could use. They were too well satisfied to walk in the sparks of their own kindling. They have not felt their entire dependence upon God, that unless He built the house, the church, the builders may labor in vain. Says Christ, &ldquo;Without me ye can do nothing.&rdquo; [<span class=\"egwlink egwlink_bible\" title=\"John 15:5\" data-link=\"1965.54466\">John 15:5</span>.]",
    "puborder": 1133,
    "translations": []
  },
  {
    "para_id": "14058.4789025",
    "id_prev": "14058.4789024",
    "id_next": "14058.4789026",
    "refcode_1": "8LtMs",
    "refcode_2": "1",
    "refcode_3": "874",
    "refcode_4": "1893002600",
    "refcode_short": "8LtMs, Lt 26, 1893, par. 19",
    "refcode_long": "Letters and Manuscripts — Volume 8 (1893), Lt 26, 1893, par. 19",
    "element_type": "p",
    "element_subtype": "standard-indented",
    "content": "I urged the question, &ldquo;What do you individually think of Christ?&rdquo; You will individually reveal just what your ideas are of Christ by your own course of life, at home and in your business transactions [and] in the world. If you were looking away from yourself, if you were hiding in Jesus, and constantly troubling the heart before God, then Jesus would work for the church in Auckland. If you retain your present ideas of what constitutes a Christian character, the truth is no truth to you, it cannot possibly do you any good, but you will by your present ideas bring the truth into the more reproach.",
    "puborder": 1134,
    "translations": []
  },
  {
    "para_id": "14058.4789026",
    "id_prev": "14058.4789025",
    "id_next": "14058.4789027",
    "refcode_1": "8LtMs",
    "refcode_2": "1",
    "refcode_3": "875",
    "refcode_4": "1893002600",
    "refcode_short": "8LtMs, Lt 26, 1893, par. 20",
    "refcode_long": "Letters and Manuscripts — Volume 8 (1893), Lt 26, 1893, par. 20",
    "element_type": "p",
    "element_subtype": "standard-indented",
    "content": "I shall have more to say in reference to these things. I may say them tomorrow if I am able. I speak in the opera house tonight. May the Lord help me. I have now spoken six times to this little few. Elder Starr has labored unitedly in the same line, putting heart and energy into the work. His soul is stirred to its very depths with the terrible state of things. I have a heavy burden to bear, which I dare not touch formally and thoroughly until we reach Napier.",
    "puborder": 1135,
    "translations": []
  },
  {
    "para_id": "14058.4789027",
    "id_prev": "14058.4789026",
    "id_next": "14058.4789028",
    "refcode_1": "8LtMs",
    "refcode_2": "1",
    "refcode_3": "876",
    "refcode_4": "1893002600",
    "refcode_short": "8LtMs, Lt 26, 1893, par. 21",
    "refcode_long": "Letters and Manuscripts — Volume 8 (1893), Lt 26, 1893, par. 21",
    "element_type": "p",
    "element_subtype": "standard-indented",
    "content": "From what I know of Edward Hare, he would make excuses not to go, but things must be taken hold of in earnest; and he must be a converted man or he is lost. If this man has followed the Lord at all, it is afar off.",
    "puborder": 1136,
    "translations": []
  },
  {
    "para_id": "14058.4789028",
    "id_prev": "14058.4789027",
    "id_next": "14058.4789029",
    "refcode_1": "8LtMs",
    "refcode_2": "1",
    "refcode_3": "877",
    "refcode_4": "1893002600",
    "refcode_short": "8LtMs, Lt 26, 1893, par. 22",
    "refcode_long": "Letters and Manuscripts — Volume 8 (1893), Lt 26, 1893, par. 22",
    "element_type": "p",
    "element_subtype": "standard-indented",
    "content": "The church members have invited unbelievers to come to the church while its leading members have dishonored the sacred truth by quarreling or disputing who would be the greatest. This drawing one from the other has been to the disgrace of the truth and Christianity, so that outsiders have no interest to come to the meetings, they say to hear the members of the church quarrel. One will get up and speak, [and] another will get up and tell him he lies, right in the church. But enough of this painful picture.",
    "puborder": 1137,
    "translations": []
  },
  {
    "para_id": "14058.4789029",
    "id_prev": "14058.4789028",
    "id_next": "14058.4789030",
    "refcode_1": "8LtMs",
    "refcode_2": "1",
    "refcode_3": "878",
    "refcode_4": "1893002600",
    "refcode_short": "8LtMs, Lt 26, 1893, par. 23",
    "refcode_long": "Letters and Manuscripts — Volume 8 (1893), Lt 26, 1893, par. 23",
    "element_type": "p",
    "element_subtype": "standard-indented",
    "content": "We must work still and hope during our camp meeting to lift the standard, for we can but hang our heads in shame and sorrow at the unchristlike work that has been carried on in this city. But, Brother Haskell, we will look with our eye of faith to the city of God, then we will meet the just man made perfect, without fault, before the throne of God.",
    "puborder": 1138,
    "translations": []
  },
  {
    "para_id": "14058.4789030",
    "id_prev": "14058.4789029",
    "id_next": "14058.4789032",
    "refcode_1": "8LtMs",
    "refcode_2": "1",
    "refcode_3": "879",
    "refcode_4": "1893002600",
    "refcode_short": "8LtMs, Lt 26, 1893, par. 24",
    "refcode_long": "Letters and Manuscripts — Volume 8 (1893), Lt 26, 1893, par. 24",
    "element_type": "p",
    "element_subtype": "standard-indented",
    "content": "Here in this world Satan will seek to intercept his shadow, that we shall lose sight of our precious Saviour. But then if we are saved by the blood of the Lamb, we shall see Jesus, the Mediator of the new covenant, never more to be veiled form our sight. Heaven how much richer and more attractive than earth! And we shall see Him as He is. We shall then indeed endure, not as now by faith, the seeing of Him who is invisible; but we shall see Him with our eyes for ourselves and not by another, and be so renewed, transformed, glorified with Christ, that we can look upon [Him] with delight each moment.",
    "puborder": 1139,
    "translations": []
  },
  {
    "para_id": "14058.4789032",
    "id_prev": "14058.4789030",
    "id_next": "14058.4789033",
    "refcode_1": "8LtMs",
    "refcode_2": "1",
    "refcode_3": "880",
    "refcode_4": "1893002600",
    "refcode_short": "8LtMs, Lt 26, 1893, par. 25",
    "refcode_long": "Letters and Manuscripts — Volume 8 (1893), Lt 26, 1893, par. 25",
    "element_type": "p",
    "element_subtype": "standard-indented",
    "content": "We feel indeed that we are richer and richer as the glories of the eternal world are unfolded to our sight in companionship of the holy and loved ones who have been cleansed and sanctified and glorified. We look on all the riches of heaven, and its treasures rapidly accumulate, as we can take them in, until we can have a conception of what the eternal delight of glory really is. But the great and most prized treasure of heaven&rsquo;s powerful attraction is <span class=\"underline\">Jesus</span>. What would heaven be without Jesus? He is to me this day the Chief among ten thousands, the One altogether lovely, but here in this life is our probation.",
    "puborder": 1140,
    "translations": []
  },
  {
    "para_id": "14058.4789033",
    "id_prev": "14058.4789032",
    "id_next": "14058.4789034",
    "refcode_1": "8LtMs",
    "refcode_2": "1",
    "refcode_3": "881",
    "refcode_4": "1893002600",
    "refcode_short": "8LtMs, Lt 26, 1893, par. 26",
    "refcode_long": "Letters and Manuscripts — Volume 8 (1893), Lt 26, 1893, par. 26",
    "element_type": "p",
    "element_subtype": "standard-indented",
    "content": "Set your affections on things above and not the earthly. Not a particle of the human affection that God has given us is to be destroyed. It is not the work of the Christian religion to destroy or impair the wealth of the talent of affections and pure love which God had imparted to us, but on the contrary God acknowledges and encourages and strengthens them all by guiding them (not extinguishing them) into right channels. Through becoming partakers of the divine nature, these affections are sanctified, purified, uplifted, and balanced by the virtues and merits of Jesus Christ. The dross, the sensual, are taken away.",
    "puborder": 1141,
    "translations": []
  },
  {
    "para_id": "14058.4789034",
    "id_prev": "14058.4789033",
    "id_next": "14058.4789035",
    "refcode_1": "8LtMs",
    "refcode_2": "1",
    "refcode_3": "882",
    "refcode_4": "1893002600",
    "refcode_short": "8LtMs, Lt 26, 1893, par. 27",
    "refcode_long": "Letters and Manuscripts — Volume 8 (1893), Lt 26, 1893, par. 27",
    "element_type": "p",
    "element_subtype": "standard-indented",
    "content": "The truth of God, sanctifying the soul, gives tone, elevation, and permanency to the affections. What cause we have for gratitude that we finite beings can be laborers together with God! If we have disappointments we know Jesus had the same, and He was bearing all these for us.",
    "puborder": 1142,
    "translations": []
  },
  {
    "para_id": "14058.4789035",
    "id_prev": "14058.4789034",
    "id_next": "14058.4789036",
    "refcode_1": "8LtMs",
    "refcode_2": "1",
    "refcode_3": "883",
    "refcode_4": "1893002600",
    "refcode_short": "8LtMs, Lt 26, 1893, par. 28",
    "refcode_long": "Letters and Manuscripts — Volume 8 (1893), Lt 26, 1893, par. 28",
    "element_type": "p",
    "element_subtype": "standard-indented",
    "content": "&ldquo;For the Lamb which is in the midst of the throne shall feed them, and shall lead them unto fountains of living waters: and God shall wipe away all tears from their eyes.&rdquo; [<span class=\"egwlink egwlink_bible\" title=\"Revelation 7:17\" data-link=\"1965.62897\">Revelation 7:17</span>.]",
    "puborder": 1143,
    "translations": []
  },
  {
    "para_id": "14058.4789036",
    "id_prev": "14058.4789035",
    "id_next": "14058.4789037",
    "refcode_1": "8LtMs",
    "refcode_2": "1",
    "refcode_3": "884",
    "refcode_4": "1893002600",
    "refcode_short": "8LtMs, Lt 26, 1893, par. 29",
    "refcode_long": "Letters and Manuscripts — Volume 8 (1893), Lt 26, 1893, par. 29",
    "element_type": "p",
    "element_subtype": "standard-indented",
    "content": "We read, &ldquo;And he that sitteth on the throne shall dwell among them. They shall hunger no more, neither thirst any more, neither shall the sun light upon them nor any heat.&rdquo; [<span class=\"egwlink egwlink_bible\" title=\"Revelation 7:15\" data-link=\"1965.62893\">Verses 15, 16</span>.] We must contemplate these things and rejoice in the attractions of the future immortal world. What motives as our incentive for consecration and devotion to God! I feel deeply a responsibility upon me to present the great necessity in these fields in this country. I plead for workers. Finances are very limited at the present time. The standard of Christiantity is very low, and souls are perishing out of Christ. The truth, present truth, has come to the knowledge of very few.",
    "puborder": 1144,
    "translations": []
  },
  {
    "para_id": "14058.4789037",
    "id_prev": "14058.4789036",
    "id_next": "14058.4789038",
    "refcode_1": "8LtMs",
    "refcode_2": "1",
    "refcode_3": "885",
    "refcode_4": "1893002600",
    "refcode_short": "8LtMs, Lt 26, 1893, par. 30",
    "refcode_long": "Letters and Manuscripts — Volume 8 (1893), Lt 26, 1893, par. 30",
    "element_type": "p",
    "element_subtype": "standard-indented",
    "content": "I am not sure that I shall ever leave this field. The help that was needed before we came, and since we came, to do missionary work is not on the ground; and I dare not leave this country until I see the cause of present truth progressing and churches built and schools established. There will be the reproaches of myriads of souls whom those who knew the truth have left to go unwarned and unsaved&mdash;neglected work by these who claim to be servants of Jesus Christ. The heavenly intelligences are waiting the co-operation of the living human beings as agents.",
    "puborder": 1145,
    "translations": []
  },
  {
    "para_id": "14058.4789038",
    "id_prev": "14058.4789037",
    "id_next": "14058.4789039",
    "refcode_1": "8LtMs",
    "refcode_2": "1",
    "refcode_3": "886",
    "refcode_4": "1893002600",
    "refcode_short": "8LtMs, Lt 26, 1893, par. 31",
    "refcode_long": "Letters and Manuscripts — Volume 8 (1893), Lt 26, 1893, par. 31",
    "element_type": "p",
    "element_subtype": "standard-indented",
    "content": "I wish I could cry across the broad waters reasons why the church should arise and shine as missionaries for God. Our reasons are: we must have a reckoning of the price of each human soul and the number perishing in their darkness and ignorance through the negligence of those who profess to know Jesus Christ. Then compute, if you can, the glory which would come from their souls redeemed to God and the Lamb. Every soul saved is a triumph of the grace of Christ.",
    "puborder": 1146,
    "translations": []
  },
  {
    "para_id": "14058.4789039",
    "id_prev": "14058.4789038",
    "id_next": "14058.4789040",
    "refcode_1": "8LtMs",
    "refcode_2": "1",
    "refcode_3": "887",
    "refcode_4": "1893002600",
    "refcode_short": "8LtMs, Lt 26, 1893, par. 32",
    "refcode_long": "Letters and Manuscripts — Volume 8 (1893), Lt 26, 1893, par. 32",
    "element_type": "p",
    "element_subtype": "standard-indented",
    "content": "May the Lord impress His people to come over and help us. Your entire devotedness is now called for to redeem the time and if possible retrace the evil results of your past carelessness as Christians. No one is today living to himself whose battery is not planted against Jesus Christ. Every one has an influence, which God calls for His use, entirely for His glory.",
    "puborder": 1147,
    "translations": []
  },
  {
    "para_id": "14058.4789040",
    "id_prev": "14058.4789039",
    "id_next": "14058.6946001",
    "refcode_1": "8LtMs",
    "refcode_2": "1",
    "refcode_3": "888",
    "refcode_4": "1893002600",
    "refcode_short": "8LtMs, Lt 26, 1893, par. 33",
    "refcode_long": "Letters and Manuscripts — Volume 8 (1893), Lt 26, 1893, par. 33",
    "element_type": "p",
    "element_subtype": "standard-indented",
    "content": "But I cannot write more now. We soon take the boat.",
    "puborder": 1148,
    "translations": []
  }
]