[
  {
    "para_id": "82.1418",
    "id_prev": "82.1417",
    "id_next": "82.1419",
    "refcode_1": "PUR",
    "refcode_2": "B",
    "refcode_3": "",
    "refcode_4": "1912",
    "refcode_short": "PUR December 26,  1912, par. 9",
    "refcode_long": "Pacific Union Recorder December 26,  1912, paragraph 9",
    "element_type": "h3",
    "element_subtype": "",
    "content": "December 26, 1912",
    "puborder": 1444,
    "translations": []
  },
  {
    "para_id": "82.1419",
    "id_prev": "82.1418",
    "id_next": "82.1420",
    "refcode_1": "PUR",
    "refcode_2": "B",
    "refcode_3": "",
    "refcode_4": "1912",
    "refcode_short": "PUR December 26,  1912",
    "refcode_long": "Pacific Union Recorder December 26,  1912",
    "element_type": "h5",
    "element_subtype": "",
    "content": "&ldquo;Be of Good Cheer&rdquo;",
    "puborder": 1445,
    "translations": []
  },
  {
    "para_id": "82.1420",
    "id_prev": "82.1419",
    "id_next": "82.1421",
    "refcode_1": "PUR",
    "refcode_2": "B",
    "refcode_3": "",
    "refcode_4": "1912",
    "refcode_short": "",
    "refcode_long": "",
    "element_type": "p",
    "element_subtype": "periodicalauthor",
    "content": "EGW",
    "puborder": 1446,
    "translations": []
  },
  {
    "para_id": "82.1421",
    "id_prev": "82.1420",
    "id_next": "82.1422",
    "refcode_1": "PUR",
    "refcode_2": "B",
    "refcode_3": "",
    "refcode_4": "1912",
    "refcode_short": "PUR December 26,  1912, par. 1",
    "refcode_long": "Pacific Union Recorder December 26,  1912, paragraph 1",
    "element_type": "p",
    "element_subtype": "standard-indented",
    "content": "[<span class=\"non-egw-comment\">Talk by Mrs. E. G. White at the time of the board meeting of the College of Medical Evangelists, Loma Linda, California, November 9, 1912</span>.]",
    "puborder": 1447,
    "translations": []
  },
  {
    "para_id": "82.1422",
    "id_prev": "82.1421",
    "id_next": "82.1423",
    "refcode_1": "PUR",
    "refcode_2": "B",
    "refcode_3": "",
    "refcode_4": "1912",
    "refcode_short": "PUR December 26,  1912, par. 2",
    "refcode_long": "Pacific Union Recorder December 26,  1912, paragraph 2",
    "element_type": "p",
    "element_subtype": "standard-indented",
    "content": "I feel very thankful that it is our privilege to believe in God, and to walk carefully in accordance with the instruction He has given us in His word. If we do this, our hearts will respond to the impressions of the Spirit of God, and we shall follow on to know the Lord, whose going forth is prepared as the morning. And let us always remember that just as His going forth is prepared as the morning, so we are to expect the revelations of His grace as we advance. But if we keep silent, if we do not feel the importance of moving in harmony with His will, we shall not have His blessing attending us. We can not afford, brethren and sisters, to be without His help and guidance. We need to be in a position where we can talk with God. We are to commune with Him. He who is our sanctification, our righteousness, has given us the privilege of being in a position where we may have a continually increasing faith. We must ever live by faith, and follow on to know the Lord.",
    "puborder": 1448,
    "translations": []
  },
  {
    "para_id": "82.1423",
    "id_prev": "82.1422",
    "id_next": "82.1424",
    "refcode_1": "PUR",
    "refcode_2": "B",
    "refcode_3": "",
    "refcode_4": "1912",
    "refcode_short": "PUR December 26,  1912, par. 3",
    "refcode_long": "Pacific Union Recorder December 26,  1912, paragraph 3",
    "element_type": "p",
    "element_subtype": "standard-indented",
    "content": "God&apos;s promises to us are so rich, so full, that we need never hesitate or doubt; we need never waver or backslide. In view of the encouragements that are found all through the word of God, we have no right to be gloomy or despondent. We may have weakness of body; but the compassionate Saviour says: &ldquo;Ask, and it shall be given you; seek, and ye shall find; knock, and it shall be opened unto you: for every one that asketh receiveth; and he that seeketh findeth; and to him that knocketh it shall be opened.&rdquo;",
    "puborder": 1449,
    "translations": []
  },
  {
    "para_id": "82.1424",
    "id_prev": "82.1423",
    "id_next": "82.1425",
    "refcode_1": "PUR",
    "refcode_2": "B",
    "refcode_3": "",
    "refcode_4": "1912",
    "refcode_short": "PUR December 26,  1912, par. 4",
    "refcode_long": "Pacific Union Recorder December 26,  1912, paragraph 4",
    "element_type": "p",
    "element_subtype": "standard-indented",
    "content": "Will you believe these assurances? Will you say, Yes, Lord, I take Thee at Thy Word; I will begin where I am, to talk an increase of faith; I will take hold of the promises; they are for me? O, brethren and sisters, what we want is a living, striving, growing, faith in the promises of God, which are indeed for you and for me.",
    "puborder": 1450,
    "translations": []
  },
  {
    "para_id": "82.1425",
    "id_prev": "82.1424",
    "id_next": "82.1426",
    "refcode_1": "PUR",
    "refcode_2": "B",
    "refcode_3": "",
    "refcode_4": "1912",
    "refcode_short": "PUR December 26,  1912, par. 5",
    "refcode_long": "Pacific Union Recorder December 26,  1912, paragraph 5",
    "element_type": "p",
    "element_subtype": "standard-indented",
    "content": "Many, many times I have been instructed by the Lord to speak words of courage to His people. We are to put our trust in God, and believe in Him, and act in accordance with His will. We must ever remain in a position where we can praise the Lord and magnify His name. Then we shall see light in His word, and follow on to know Him, whose going forth is prepared as the morning. . . .",
    "puborder": 1451,
    "translations": []
  },
  {
    "para_id": "82.1426",
    "id_prev": "82.1425",
    "id_next": "82.1427",
    "refcode_1": "PUR",
    "refcode_2": "B",
    "refcode_3": "",
    "refcode_4": "1912",
    "refcode_short": "PUR December 26,  1912, par. 6",
    "refcode_long": "Pacific Union Recorder December 26,  1912, paragraph 6",
    "element_type": "p",
    "element_subtype": "standard-indented",
    "content": "At times we shall be in great perplexity, and not know just what to do. But at such times it is our privilege to take our Bibles, and read the messages He has given us; and then get down on our knees, and ask Him to help us. Over and over again He has given evidence that He is a prayer-hearing and a prayer-answering God. He fulfills His promises in far greater measure than we expect to receive help. . . .",
    "puborder": 1452,
    "translations": []
  },
  {
    "para_id": "82.1427",
    "id_prev": "82.1426",
    "id_next": "82.1428",
    "refcode_1": "PUR",
    "refcode_2": "B",
    "refcode_3": "",
    "refcode_4": "1912",
    "refcode_short": "PUR December 26,  1912, par. 7",
    "refcode_long": "Pacific Union Recorder December 26,  1912, paragraph 7",
    "element_type": "p",
    "element_subtype": "standard-indented",
    "content": "Wherever we are, we are under obligation, as disciples of our Lord and Master, to anchor our faith in the promises of God. Individually we are to believe. We are not to cast about for a possible doubt, or imagine that sometime we may have to stand beneath the shadow of a cloud that seems to be gathering. We are chosen of God to be His children; we have been bought with an infinite price; and we have no occasion for placing the suggestions of the enemy before the assurances of the Lord Jesus Christ.",
    "puborder": 1453,
    "translations": []
  },
  {
    "para_id": "82.1428",
    "id_prev": "82.1427",
    "id_next": "82.2001429",
    "refcode_1": "PUR",
    "refcode_2": "B",
    "refcode_3": "",
    "refcode_4": "1912",
    "refcode_short": "PUR December 26,  1912, par. 8",
    "refcode_long": "Pacific Union Recorder December 26,  1912, paragraph 8",
    "element_type": "p",
    "element_subtype": "standard-indented",
    "content": "The Lord desires us to act sensibly. We shall have trials; we need never expect anything else; for the time has not yet come when Satan is to be bound. Wherever we may be, we shall continue to have trials. But if we give up to the suggestions of the enemy, we lose the battle. Can we afford to yield to the arch-deceiver? &mdash; O, no! we are to turn for help and deliverance to Him who &ldquo;according to His abundant mercy hath begotten us again unto a lively hope by the resurrection of Jesus Christ,&rdquo; even the hope of an eternal inheritance reserved for those &ldquo;who are kept by the power of God through faith unto salvation.",
    "puborder": 1454,
    "translations": []
  }
]