[
  {
    "para_id": "698.346",
    "id_prev": "698.345",
    "id_next": "698.347",
    "refcode_1": "FBS",
    "refcode_2": "40",
    "refcode_3": "",
    "refcode_4": "",
    "refcode_short": "FBS 40",
    "refcode_long": "The Fannie Bolton Story, p. 40 (Ellen Gould White)",
    "element_type": "h4",
    "element_subtype": "",
    "content": "<span class=\"egwlink egwlink_book\" title=\"Lt 19, 1896\" data-link=\"14061.6911001\">Letter 19, 1896</span>, pp. 1, 4, 5. (To W. F Caldwell, c. September, 1895, sent June 11, 1896.)",
    "puborder": 269,
    "translations": []
  },
  {
    "para_id": "698.347",
    "id_prev": "698.346",
    "id_next": "698.348",
    "refcode_1": "FBS",
    "refcode_2": "40",
    "refcode_3": "11",
    "refcode_4": "",
    "refcode_short": "FBS 40.11",
    "refcode_long": "The Fannie Bolton Story, p. 40.11 (Ellen Gould White)",
    "element_type": "p",
    "element_subtype": "standard-indented",
    "content": "I have had very little help from Fannie for many months, not because she cannot work, but her association with you has caused her to have an experience which has unfitted her to do anything in my work.",
    "puborder": 270,
    "translations": []
  },
  {
    "para_id": "698.348",
    "id_prev": "698.347",
    "id_next": "698.351",
    "refcode_1": "FBS",
    "refcode_2": "40",
    "refcode_3": "12",
    "refcode_4": "",
    "refcode_short": "FBS 40.12",
    "refcode_long": "The Fannie Bolton Story, p. 40.12 (Ellen Gould White)",
    "element_type": "p",
    "element_subtype": "standard-indented",
    "content": "I feel deeply over another matter, and that is your visiting Fannie in her tent. I have already decided that you two cannot work together. You are a married man, father of two children. If your <span class=\"page-break\" data-page=\"41\"></span> wife has obtained a divorce from you that does not leave you free to marry again, as I read my Bible...",
    "puborder": 271,
    "translations": []
  },
  {
    "para_id": "698.351",
    "id_prev": "698.348",
    "id_next": "698.352",
    "refcode_1": "FBS",
    "refcode_2": "41",
    "refcode_3": "1",
    "refcode_4": "",
    "refcode_short": "FBS 41.1",
    "refcode_long": "The Fannie Bolton Story, p. 41.1 (Ellen Gould White)",
    "element_type": "p",
    "element_subtype": "standard-indented",
    "content": "Before leaving I must lay down some rules. There is no call for Caldwell to visit Fannie&rsquo;s tent. Fannie has not been in working order for some time. Her association with you is largely the cause of this. I know this to be so, and therefore I say, keep away from her tent. When I am away you will feel that you have a fine opportunity to get into her society whenever you can; and I cannot go without warning you and charging you to keep yourself to yourself. I want no reproach brought upon me nor upon this community, by imprudent, careless habits or practices.",
    "puborder": 272,
    "translations": []
  }
]