[
  {
    "para_id": "898.1455",
    "id_prev": "898.1454",
    "id_next": "898.1456",
    "refcode_1": "FBOM",
    "refcode_2": "127",
    "refcode_3": "",
    "refcode_4": "",
    "refcode_short": "FBOM 127",
    "refcode_long": "Foxe’s Book of Martyrs, p. 127 (John Foxe)",
    "element_type": "h3",
    "element_subtype": "",
    "content": "Chapter 15&mdash;An Account of the Persecutions in Scotland During the Reign of King Henry VIII",
    "puborder": 1257,
    "translations": []
  },
  {
    "para_id": "898.1456",
    "id_prev": "898.1455",
    "id_next": "898.1458",
    "refcode_1": "FBOM",
    "refcode_2": "127",
    "refcode_3": "10",
    "refcode_4": "",
    "refcode_short": "FBOM 127.10",
    "refcode_long": "Foxe’s Book of Martyrs, p. 127.10 (John Foxe)",
    "element_type": "p",
    "element_subtype": "standard-indented",
    "content": "Like as there was no place, either of Germany, Italy, or France, wherein there were not some branches sprung out of that most fruitful root of Luther; so likewise was not this isle of Britain without his fruit and branches. Amongst whom was Patrick Hamilton, a Scotchman born of high and noble stock, and of the king&rsquo;s blood, of excellent towardness, twenty-three years of age, called abbot of Ferne. Coming out of his country with three companions to seek godly learning, he went to the University of Marburg in Germany, which university was then newly erected by Philip, Landgrave of Hesse.",
    "puborder": 1258,
    "translations": []
  },
  {
    "para_id": "898.1458",
    "id_prev": "898.1456",
    "id_next": "898.1459",
    "refcode_1": "FBOM",
    "refcode_2": "128",
    "refcode_3": "1",
    "refcode_4": "",
    "refcode_short": "FBOM 128.1",
    "refcode_long": "Foxe’s Book of Martyrs, p. 128.1 (John Foxe)",
    "element_type": "p",
    "element_subtype": "standard-indented",
    "content": "During his residence here, he became intimately acquainted with those eminent lights of the Gospel, Martin Luther and Philip Melancthon; from whose writings and doctrines he strongly attached himself to the Protestant religion.",
    "puborder": 1259,
    "translations": []
  },
  {
    "para_id": "898.1459",
    "id_prev": "898.1458",
    "id_next": "898.1460",
    "refcode_1": "FBOM",
    "refcode_2": "128",
    "refcode_3": "2",
    "refcode_4": "",
    "refcode_short": "FBOM 128.2",
    "refcode_long": "Foxe’s Book of Martyrs, p. 128.2 (John Foxe)",
    "element_type": "p",
    "element_subtype": "standard-indented",
    "content": "The archbishop of St. Andrews (who was a rigid papist) learning of Mr. Hamilton&rsquo;s proceedings, caused him to be seized, and being brought before him, after a short examination relative to his religious principles, he committed him a prisoner to the castle, at the same time ordering him to be confined in the most loathsome part of the prison.",
    "puborder": 1260,
    "translations": []
  },
  {
    "para_id": "898.1460",
    "id_prev": "898.1459",
    "id_next": "898.1461",
    "refcode_1": "FBOM",
    "refcode_2": "128",
    "refcode_3": "3",
    "refcode_4": "",
    "refcode_short": "FBOM 128.3",
    "refcode_long": "Foxe’s Book of Martyrs, p. 128.3 (John Foxe)",
    "element_type": "p",
    "element_subtype": "standard-indented",
    "content": "The next morning Mr. Hamilton was brought before the bishop, and several others, for examination, when the principal articles exhibited against him were, his publicly disapproving of pilgrimages, purgatory, prayers to saints, for the dead, etc.",
    "puborder": 1261,
    "translations": []
  },
  {
    "para_id": "898.1461",
    "id_prev": "898.1460",
    "id_next": "898.1462",
    "refcode_1": "FBOM",
    "refcode_2": "128",
    "refcode_3": "4",
    "refcode_4": "",
    "refcode_short": "FBOM 128.4",
    "refcode_long": "Foxe’s Book of Martyrs, p. 128.4 (John Foxe)",
    "element_type": "p",
    "element_subtype": "standard-indented",
    "content": "These articles Mr. Hamilton acknowledged to be true, in consequence of which he was immediately condemned to be burnt; and that his condemnation might have the greater authority, they caused it to be subscribed by all those of any note who were present, and to make the number as considerable as possible, even admitted the subscription of boys who were sons of the nobility.",
    "puborder": 1262,
    "translations": []
  },
  {
    "para_id": "898.1462",
    "id_prev": "898.1461",
    "id_next": "898.1463",
    "refcode_1": "FBOM",
    "refcode_2": "128",
    "refcode_3": "5",
    "refcode_4": "",
    "refcode_short": "FBOM 128.5",
    "refcode_long": "Foxe’s Book of Martyrs, p. 128.5 (John Foxe)",
    "element_type": "p",
    "element_subtype": "standard-indented",
    "content": "So anxious was this bigoted and persecuting prelate for the destruction of Mr. Hamilton, that he ordered his sentence to be put in execution on the afternoon of the very day it was pronounced. He was accordingly led to the place appointed for the horrid tragedy, and was attended by a prodigious number of spectators. The greatest part of the multitude would not believe it was intended he should be put to death, but that it was only done to frighten him, and thereby bring him over to embrace the principles of the Romish religion.",
    "puborder": 1263,
    "translations": []
  },
  {
    "para_id": "898.1463",
    "id_prev": "898.1462",
    "id_next": "898.1464",
    "refcode_1": "FBOM",
    "refcode_2": "128",
    "refcode_3": "6",
    "refcode_4": "",
    "refcode_short": "FBOM 128.6",
    "refcode_long": "Foxe’s Book of Martyrs, p. 128.6 (John Foxe)",
    "element_type": "p",
    "element_subtype": "standard-indented",
    "content": "When he arrived at the stake, he kneeled down, and, for some time prayed with great fervency. After this he was fastened to the stake, and the fagots placed round him. A quantity of gunpowder having been placed under his arms was first set on fire which scorched his left hand and one side of his face, but did no material injury, neither did it communicate with the fagots. In consequence of this, more powder and combustible matter were brought, which being set on fire took effect, and the fagots being kindled, he called out, with an audible voice: &ldquo;Lord Jesus, receive my spirit! How long shall darkness overwhelm this realm? And how long wilt Thou suffer the tyranny of these men?&rdquo;",
    "puborder": 1264,
    "translations": []
  },
  {
    "para_id": "898.1464",
    "id_prev": "898.1463",
    "id_next": "898.1465",
    "refcode_1": "FBOM",
    "refcode_2": "128",
    "refcode_3": "7",
    "refcode_4": "",
    "refcode_short": "FBOM 128.7",
    "refcode_long": "Foxe’s Book of Martyrs, p. 128.7 (John Foxe)",
    "element_type": "p",
    "element_subtype": "standard-indented",
    "content": "The fire burning slow put him to great torment; but he bore it with Christian magnanimity. What gave him the greatest pain was, the clamor of some wicked men set on by the friars, who frequently cried, &ldquo;Turn, thou heretic; call upon our Lady; say, Salve Regina, etc.&rdquo; To whom he replied, &ldquo;Depart from me, and trouble me not, ye messengers of Satan.&rdquo; One Campbell, a friar, who was the ringleader, still continuing to interrupt him by opprobrious language; he said to him, &ldquo;Wicked man, God forgive thee.&rdquo; After which, being prevented from further speech by the violence of the smoke, and the rapidity of the flames, he resigned up his soul into the hands of Him who gave it.",
    "puborder": 1265,
    "translations": []
  },
  {
    "para_id": "898.1465",
    "id_prev": "898.1464",
    "id_next": "898.1466",
    "refcode_1": "FBOM",
    "refcode_2": "128",
    "refcode_3": "8",
    "refcode_4": "",
    "refcode_short": "FBOM 128.8",
    "refcode_long": "Foxe’s Book of Martyrs, p. 128.8 (John Foxe)",
    "element_type": "p",
    "element_subtype": "standard-indented",
    "content": "This steadfast believer in Christ suffered martyrdom in the year 1527.",
    "puborder": 1266,
    "translations": []
  },
  {
    "para_id": "898.1466",
    "id_prev": "898.1465",
    "id_next": "898.1467",
    "refcode_1": "FBOM",
    "refcode_2": "128",
    "refcode_3": "9",
    "refcode_4": "",
    "refcode_short": "FBOM 128.9",
    "refcode_long": "Foxe’s Book of Martyrs, p. 128.9 (John Foxe)",
    "element_type": "p",
    "element_subtype": "standard-indented",
    "content": "One Henry Forest, a young inoffensive Benedictine, being charged with speaking respectfully of the above Patrick Hamilton, was thrown into prison; and, in confessing himself to a friar, owned that he thought Hamilton a good man; and that the articles for which he was sentenced to die, might be defended. This being revealed by the friar, it was received as evidence; and the poor Benedictine was sentenced to be burnt.",
    "puborder": 1267,
    "translations": []
  },
  {
    "para_id": "898.1467",
    "id_prev": "898.1466",
    "id_next": "898.1468",
    "refcode_1": "FBOM",
    "refcode_2": "128",
    "refcode_3": "10",
    "refcode_4": "",
    "refcode_short": "FBOM 128.10",
    "refcode_long": "Foxe’s Book of Martyrs, p. 128.10 (John Foxe)",
    "element_type": "p",
    "element_subtype": "standard-indented",
    "content": "Whilst consultation was held, with regard to the manner of his execution, John Lindsay, one of the archbishop&rsquo;s gentlemen, offered his advice, to burn Friar Forest in some cellar; &ldquo;for,&rdquo; said he, &ldquo;the smoke of Patrick Hamilton hath infected all those on whom it blew.&rdquo;",
    "puborder": 1268,
    "translations": []
  },
  {
    "para_id": "898.1468",
    "id_prev": "898.1467",
    "id_next": "898.1469",
    "refcode_1": "FBOM",
    "refcode_2": "128",
    "refcode_3": "11",
    "refcode_4": "",
    "refcode_short": "FBOM 128.11",
    "refcode_long": "Foxe’s Book of Martyrs, p. 128.11 (John Foxe)",
    "element_type": "p",
    "element_subtype": "standard-indented",
    "content": "This advice was taken, and the poor victim was rather suffocated, than burnt.",
    "puborder": 1269,
    "translations": []
  },
  {
    "para_id": "898.1469",
    "id_prev": "898.1468",
    "id_next": "898.1470",
    "refcode_1": "FBOM",
    "refcode_2": "128",
    "refcode_3": "12",
    "refcode_4": "",
    "refcode_short": "FBOM 128.12",
    "refcode_long": "Foxe’s Book of Martyrs, p. 128.12 (John Foxe)",
    "element_type": "p",
    "element_subtype": "standard-indented",
    "content": "The next who fell victims for professing the truth of the Gospel, were David Stratton and Norman Gourlay.",
    "puborder": 1270,
    "translations": []
  },
  {
    "para_id": "898.1470",
    "id_prev": "898.1469",
    "id_next": "898.1472",
    "refcode_1": "FBOM",
    "refcode_2": "128",
    "refcode_3": "13",
    "refcode_4": "",
    "refcode_short": "FBOM 128.13",
    "refcode_long": "Foxe’s Book of Martyrs, p. 128.13 (John Foxe)",
    "element_type": "p",
    "element_subtype": "standard-indented",
    "content": "When they arrived at the fatal spot, they both kneeled down, and prayed for some time with great fervency. They then arose, when Stratton, addressing himself to the spectators, exhorted them to lay aside their superstitious and idolatrous notions, and employ their time in seeking the true light of the Gospel. He would have said more, but was prevented by the officers who attended.",
    "puborder": 1271,
    "translations": []
  },
  {
    "para_id": "898.1472",
    "id_prev": "898.1470",
    "id_next": "898.1473",
    "refcode_1": "FBOM",
    "refcode_2": "129",
    "refcode_3": "1",
    "refcode_4": "",
    "refcode_short": "FBOM 129.1",
    "refcode_long": "Foxe’s Book of Martyrs, p. 129.1 (John Foxe)",
    "element_type": "p",
    "element_subtype": "standard-indented",
    "content": "Their sentence was then put into execution, and they cheerfully resigned up their souls to that God who gave them, hoping, through the merits of the great Redeemer, for a glorious resurrection to life immortal. They suffered in the year 1534.",
    "puborder": 1272,
    "translations": []
  },
  {
    "para_id": "898.1473",
    "id_prev": "898.1472",
    "id_next": "898.1474",
    "refcode_1": "FBOM",
    "refcode_2": "129",
    "refcode_3": "2",
    "refcode_4": "",
    "refcode_short": "FBOM 129.2",
    "refcode_long": "Foxe’s Book of Martyrs, p. 129.2 (John Foxe)",
    "element_type": "p",
    "element_subtype": "standard-indented",
    "content": "The martyrdoms of the two before-mentioned persons, were soon followed by that of Mr. Thomas Forret, who, for a considerable time, had been dean of the Romish Church; Killor and Beverage, two blacksmiths; Duncan Simson, a priest; and Robert Forrester, a gentleman. They were all burnt together, on the Castle-hill at Edinburgh, the last day of February, 1538.",
    "puborder": 1273,
    "translations": []
  },
  {
    "para_id": "898.1474",
    "id_prev": "898.1473",
    "id_next": "898.1475",
    "refcode_1": "FBOM",
    "refcode_2": "129",
    "refcode_3": "3",
    "refcode_4": "",
    "refcode_short": "FBOM 129.3",
    "refcode_long": "Foxe’s Book of Martyrs, p. 129.3 (John Foxe)",
    "element_type": "p",
    "element_subtype": "standard-indented",
    "content": "The year following the martyrdoms of the before-mentioned persons, viz. 1539, two others were apprehended on a suspicion of herresy; namely, Jerome Russell and Alexander Kennedy, a youth about eighteen years of age.",
    "puborder": 1274,
    "translations": []
  },
  {
    "para_id": "898.1475",
    "id_prev": "898.1474",
    "id_next": "898.1476",
    "refcode_1": "FBOM",
    "refcode_2": "129",
    "refcode_3": "4",
    "refcode_4": "",
    "refcode_short": "FBOM 129.4",
    "refcode_long": "Foxe’s Book of Martyrs, p. 129.4 (John Foxe)",
    "element_type": "p",
    "element_subtype": "standard-indented",
    "content": "These two persons, after being some time confined in prison, were brought before the archbishop for examination. In the course of which Russell, being a very sensible man, reasoned learnedly against his accusers; while they in return made use of very opprobrious language.",
    "puborder": 1275,
    "translations": []
  },
  {
    "para_id": "898.1476",
    "id_prev": "898.1475",
    "id_next": "898.1477",
    "refcode_1": "FBOM",
    "refcode_2": "129",
    "refcode_3": "5",
    "refcode_4": "",
    "refcode_short": "FBOM 129.5",
    "refcode_long": "Foxe’s Book of Martyrs, p. 129.5 (John Foxe)",
    "element_type": "p",
    "element_subtype": "standard-indented",
    "content": "The examination being over, and both of them deemed heretics, the archbishop pronounced the dreadful sentence of death, and they were immediately delivered over to the secular power in order for execution.",
    "puborder": 1276,
    "translations": []
  },
  {
    "para_id": "898.1477",
    "id_prev": "898.1476",
    "id_next": "898.1478",
    "refcode_1": "FBOM",
    "refcode_2": "129",
    "refcode_3": "6",
    "refcode_4": "",
    "refcode_short": "FBOM 129.6",
    "refcode_long": "Foxe’s Book of Martyrs, p. 129.6 (John Foxe)",
    "element_type": "p",
    "element_subtype": "standard-indented",
    "content": "The next day they were led to the place appointed for them to suffer; in their way to which, Russell, seeing his fellow-sufferer have the appearance of timidity in his countenance, thus addressed him: &ldquo;Brother, fear not; greater is He that is in us, than He that is in the world. The pain that we are to suffer is short, and shall be light; but our joy and consolation shall never have an end. Let us, therefore, strive to enter into our Master and Savior&rsquo;s joy, by the same straight way which He hath taken before us. Death cannot hurt us, for it is already destroyed by Him, for whose sake we are now going to suffer.&rdquo;",
    "puborder": 1277,
    "translations": []
  },
  {
    "para_id": "898.1478",
    "id_prev": "898.1477",
    "id_next": "898.1479",
    "refcode_1": "FBOM",
    "refcode_2": "129",
    "refcode_3": "7",
    "refcode_4": "",
    "refcode_short": "FBOM 129.7",
    "refcode_long": "Foxe’s Book of Martyrs, p. 129.7 (John Foxe)",
    "element_type": "p",
    "element_subtype": "standard-indented",
    "content": "When they arrived at the fatal spot, they both kneeled down and prayed for some time; after which being fastened to the stake, and the fagots lighted, they cheerfully resigned their souls into the hands of Him who gave them, in full hopes of an everlasting reward in the heavenly mansions.",
    "puborder": 1278,
    "translations": []
  }
]