[
  {
    "para_id": "1669.807",
    "id_prev": "1669.806",
    "id_next": "1669.808",
    "refcode_1": "GCB",
    "refcode_2": "45",
    "refcode_3": "",
    "refcode_4": "1903",
    "refcode_short": "GCB April 2,  1903, page 45",
    "refcode_long": "General Conference Bulletin, vol. 5 April 2,  1903, page 45",
    "element_type": "h4",
    "element_subtype": "",
    "content": "GENERAL CONFERENCE PROCEEDINGS. Sixth Meeting",
    "puborder": 737,
    "translations": []
  },
  {
    "para_id": "1669.808",
    "id_prev": "1669.807",
    "id_next": "1669.809",
    "refcode_1": "GCB",
    "refcode_2": "45",
    "refcode_3": "",
    "refcode_4": "1903",
    "refcode_short": "",
    "refcode_long": "",
    "element_type": "p",
    "element_subtype": "center",
    "content": "<strong>WEDNESDAY, APRIL 1, 1903, 10 A. M.</strong>",
    "puborder": 738,
    "translations": []
  },
  {
    "para_id": "1669.809",
    "id_prev": "1669.808",
    "id_next": "1669.810",
    "refcode_1": "GCB",
    "refcode_2": "45",
    "refcode_3": "1",
    "refcode_4": "1903",
    "refcode_short": "GCB April 2,  1903, page 45.1",
    "refcode_long": "General Conference Bulletin, vol. 5 April 2,  1903, page 45 paragraph 1",
    "element_type": "p",
    "element_subtype": "standard-indented",
    "content": "H. W. Cottrell in the chair.",
    "puborder": 739,
    "translations": []
  },
  {
    "para_id": "1669.810",
    "id_prev": "1669.809",
    "id_next": "1669.811",
    "refcode_1": "GCB",
    "refcode_2": "45",
    "refcode_3": "2",
    "refcode_4": "1903",
    "refcode_short": "GCB April 2,  1903, page 45.2",
    "refcode_long": "General Conference Bulletin, vol. 5 April 2,  1903, page 45 paragraph 2",
    "element_type": "p",
    "element_subtype": "standard-indented",
    "content": "Hymn No. 97 was sung, after which prayer was offered by G. B. Thompson.",
    "puborder": 740,
    "translations": []
  },
  {
    "para_id": "1669.811",
    "id_prev": "1669.810",
    "id_next": "1669.812",
    "refcode_1": "GCB",
    "refcode_2": "45",
    "refcode_3": "3",
    "refcode_4": "1903",
    "refcode_short": "GCB April 2,  1903, page 45.3",
    "refcode_long": "General Conference Bulletin, vol. 5 April 2,  1903, page 45 paragraph 3",
    "element_type": "p",
    "element_subtype": "standard-indented",
    "content": "Delegates Valentine Leer, J. E. White, and H. Shultz, having arrived, took their seats in the Conference.",
    "puborder": 741,
    "translations": []
  },
  {
    "para_id": "1669.812",
    "id_prev": "1669.811",
    "id_next": "1669.813",
    "refcode_1": "GCB",
    "refcode_2": "45",
    "refcode_3": "4",
    "refcode_4": "1903",
    "refcode_short": "GCB April 2,  1903, page 45.4",
    "refcode_long": "General Conference Bulletin, vol. 5 April 2,  1903, page 45 paragraph 4",
    "element_type": "p",
    "element_subtype": "standard-indented",
    "content": "On motion of S. H. Lane, chairman of the Committee on Delegation, George Webb recently arrived from South Africa, was admitted as a delegate at large from that field.",
    "puborder": 742,
    "translations": []
  },
  {
    "para_id": "1669.813",
    "id_prev": "1669.812",
    "id_next": "1669.814",
    "refcode_1": "GCB",
    "refcode_2": "45",
    "refcode_3": "5",
    "refcode_4": "1903",
    "refcode_short": "GCB April 2,  1903, page 45.5",
    "refcode_long": "General Conference Bulletin, vol. 5 April 2,  1903, page 45 paragraph 5",
    "element_type": "p",
    "element_subtype": "standard-indented",
    "content": "The chairman then called up the reports of the treasurer and the auditor of the General Conference (printed on pages 33 and 34 of the &ldquo;Bulletin&rdquo;). On motion of G. A. Irwin, seconded by N. P. Nelson, these reports were adopted.",
    "puborder": 743,
    "translations": []
  },
  {
    "para_id": "1669.814",
    "id_prev": "1669.813",
    "id_next": "1669.815",
    "refcode_1": "GCB",
    "refcode_2": "45",
    "refcode_3": "6",
    "refcode_4": "1903",
    "refcode_short": "GCB April 2,  1903, page 45.6",
    "refcode_long": "General Conference Bulletin, vol. 5 April 2,  1903, page 45 paragraph 6",
    "element_type": "p",
    "element_subtype": "standard-indented",
    "content": "On motion of S. H. Lane, supported by E. T. Russell, the reports of the treasurer and the auditor of the Mission Board were also adopted as read. These reports will be found on pages 37 and 38 of the &ldquo;Bulletin.&rdquo;",
    "puborder": 744,
    "translations": []
  },
  {
    "para_id": "1669.815",
    "id_prev": "1669.814",
    "id_next": "1669.816",
    "refcode_1": "GCB",
    "refcode_2": "45",
    "refcode_3": "7",
    "refcode_4": "1903",
    "refcode_short": "GCB April 2,  1903, page 45.7",
    "refcode_long": "General Conference Bulletin, vol. 5 April 2,  1903, page 45 paragraph 7",
    "element_type": "p",
    "element_subtype": "standard-indented",
    "content": "On motion of E. T. Russell, seconded by N. P. Nelson, the reports of the treasurer and the auditor of the General Conference Association were also adopted. The treasurer&rsquo;s report appears on page 37 of the &ldquo;Bulletin.&rdquo; The following is the report of the auditor:&mdash;",
    "puborder": 745,
    "translations": []
  },
  {
    "para_id": "1669.816",
    "id_prev": "1669.815",
    "id_next": "1669.817",
    "refcode_1": "GCB",
    "refcode_2": "45",
    "refcode_3": "8",
    "refcode_4": "1903",
    "refcode_short": "GCB April 2,  1903, page 45.8",
    "refcode_long": "General Conference Bulletin, vol. 5 April 2,  1903, page 45 paragraph 8",
    "element_type": "p",
    "element_subtype": "standard-indented",
    "content": "Battle Creek, Mich., Feb. 12, 1903.",
    "puborder": 746,
    "translations": []
  },
  {
    "para_id": "1669.817",
    "id_prev": "1669.816",
    "id_next": "1669.818",
    "refcode_1": "GCB",
    "refcode_2": "45",
    "refcode_3": "9",
    "refcode_4": "1903",
    "refcode_short": "GCB April 2,  1903, page 45.9",
    "refcode_long": "General Conference Bulletin, vol. 5 April 2,  1903, page 45 paragraph 9",
    "element_type": "p",
    "element_subtype": "standard-indented",
    "content": "This is to certify that I have checked the books of the General Conference Association treasurer for the year ending Dec. 31, 1902, by receipt and check stubs and vouchers, so far as I could find them. The books have been well kept, and the trial balance of Jan. 1, 1903, shows the ledger to be in equilibrium. The cash in drawer and bank deposit agree with the amounts called for by the books.",
    "puborder": 747,
    "translations": []
  },
  {
    "para_id": "1669.818",
    "id_prev": "1669.817",
    "id_next": "1669.819",
    "refcode_1": "GCB",
    "refcode_2": "45",
    "refcode_3": "",
    "refcode_4": "1903",
    "refcode_short": "",
    "refcode_long": "",
    "element_type": "p",
    "element_subtype": "right",
    "content": "W. H. Edwards,\n<br />Auditor.",
    "puborder": 748,
    "translations": []
  },
  {
    "para_id": "1669.819",
    "id_prev": "1669.818",
    "id_next": "1669.820",
    "refcode_1": "GCB",
    "refcode_2": "45",
    "refcode_3": "10",
    "refcode_4": "1903",
    "refcode_short": "GCB April 2,  1903, page 45.10",
    "refcode_long": "General Conference Bulletin, vol. 5 April 2,  1903, page 45 paragraph 10",
    "element_type": "p",
    "element_subtype": "standard-indented",
    "content": "The unfinished business having been disposed of, the Chair called for reports from the presidents of the Union Conferences, several of which were submitted, as follows:&mdash;",
    "puborder": 749,
    "translations": []
  }
]