[
  {
    "para_id": "1669.2000008",
    "id_prev": "1669.7",
    "id_next": "1669.8",
    "refcode_1": "GCB",
    "refcode_2": "1",
    "refcode_3": "",
    "refcode_4": "1903",
    "refcode_short": "GCB March 30,  1903, page 1",
    "refcode_long": "General Conference Bulletin, vol. 5 March 30,  1903, page 1",
    "element_type": "h2",
    "element_subtype": "",
    "content": "1903",
    "puborder": 7,
    "translations": []
  },
  {
    "para_id": "1669.8",
    "id_prev": "1669.2000008",
    "id_next": "1669.9",
    "refcode_1": "GCB",
    "refcode_2": "1",
    "refcode_3": "",
    "refcode_4": "1903",
    "refcode_short": "GCB March 30,  1903, page 1",
    "refcode_long": "General Conference Bulletin, vol. 5 March 30,  1903, page 1",
    "element_type": "h3",
    "element_subtype": "",
    "content": "March 30, 1903 - NO. 1",
    "puborder": 8,
    "translations": []
  },
  {
    "para_id": "1669.9",
    "id_prev": "1669.8",
    "id_next": "1669.10",
    "refcode_1": "GCB",
    "refcode_2": "1",
    "refcode_3": "",
    "refcode_4": "1903",
    "refcode_short": "",
    "refcode_long": "",
    "element_type": "p",
    "element_subtype": "center",
    "content": "<strong>OAKLAND, CAL., MARCH 30, 1903.\n<br />THE GENERAL CONFERENCE BULLETIN\n<br />PUBLISHED BY\n<br />THE SEVENTH-DAY ADVENTIST GENERAL CONFERENCE\n<br />Daily, except Sabbath\n<br />PRICE FOR THE SESSION, 50 CENTS\n<br />Application made to enter as Second-Class Matter</strong>",
    "puborder": 9,
    "translations": []
  }
]