[
  {
    "para_id": "1034.326",
    "id_prev": "1034.324",
    "id_next": "1034.327",
    "refcode_1": "RCASDA",
    "refcode_2": "59",
    "refcode_3": "",
    "refcode_4": "",
    "refcode_short": "RCASDA 59",
    "refcode_long": "Replies to Elder Canright’s Attacks on Seventh-day Adventists, p. 59 (Uriah Smith)",
    "element_type": "h4",
    "element_subtype": "",
    "content": "CANRIGHT VS. THE SABBATH",
    "puborder": 229,
    "translations": []
  },
  {
    "para_id": "1034.327",
    "id_prev": "1034.326",
    "id_next": "1034.328",
    "refcode_1": "RCASDA",
    "refcode_2": "59",
    "refcode_3": "1",
    "refcode_4": "",
    "refcode_short": "RCASDA 59.1",
    "refcode_long": "Replies to Elder Canright’s Attacks on Seventh-day Adventists, p. 59.1 (Uriah Smith)",
    "element_type": "p",
    "element_subtype": "standard-indented",
    "content": "&ldquo;The early Christians for several hundred years continued to call the Jewish day &lsquo;the Sabbath,&rsquo; generally repudiating it as abolished, and always claiming Sunday as the day of Christian worship-the Lord&rsquo;s day. (See <span class=\"egwlink egwlink_bible\" title=\"Revelation 1:10\" data-link=\"1965.62651\">Revelation 1:10</span> and any Church history.) After the Jewish day had long been dropped out of notice, the word &lsquo;Sabbath&rsquo; came to be used for the Christian rest day. It would have been better if the inspired term &lsquo;Lord&rsquo;s day&rsquo; had been always retained and exclusively used.",
    "puborder": 230,
    "translations": []
  },
  {
    "para_id": "1034.328",
    "id_prev": "1034.327",
    "id_next": "1034.329",
    "refcode_1": "RCASDA",
    "refcode_2": "59",
    "refcode_3": "2",
    "refcode_4": "",
    "refcode_short": "RCASDA 59.2",
    "refcode_long": "Replies to Elder Canright’s Attacks on Seventh-day Adventists, p. 59.2 (Uriah Smith)",
    "element_type": "p",
    "element_subtype": "standard-indented",
    "content": "&ldquo;How much, then, does it prove in favor of the Jewish Sabbath to find that it was still called &lsquo;the Sabbath,&rsquo; or that it was kept by the Jewish Christians, or even by Paul himself? -Just nothing at all.&rdquo;&mdash;<em>Mich. Christian Advocate of Sept. 17 and 24, 1887.</em>",
    "puborder": 231,
    "translations": []
  }
]