[
  {
    "para_id": "14059.6402001",
    "id_prev": "14059.6808052",
    "id_next": "14059.6402004",
    "refcode_1": "9LtMs",
    "refcode_2": "1",
    "refcode_3": "",
    "refcode_4": "1894102800",
    "refcode_short": "9LtMs, Ms 28, 1894",
    "refcode_long": "Letters and Manuscripts — Volume 9 (1894), Ms 28, 1894",
    "element_type": "h4",
    "element_subtype": "",
    "content": "Ms 28, 1894",
    "puborder": 4759,
    "translations": []
  },
  {
    "para_id": "14059.6402004",
    "id_prev": "14059.6402001",
    "id_next": "14059.6402002",
    "refcode_1": "9LtMs",
    "refcode_2": "1",
    "refcode_3": "",
    "refcode_4": "1894102800",
    "refcode_short": "",
    "refcode_long": "",
    "element_type": "p",
    "element_subtype": "mstitle",
    "content": "Meeting at Seven Hills",
    "puborder": 4760,
    "translations": []
  },
  {
    "para_id": "14059.6402002",
    "id_prev": "14059.6402004",
    "id_next": "14059.6402003",
    "refcode_1": "9LtMs",
    "refcode_2": "1",
    "refcode_3": "",
    "refcode_4": "1894102800",
    "refcode_short": "",
    "refcode_long": "",
    "element_type": "p",
    "element_subtype": "msplace",
    "content": "<span class=\"msplace\" value=\"NP\">NP</span>",
    "puborder": 4761,
    "translations": []
  },
  {
    "para_id": "14059.6402003",
    "id_prev": "14059.6402002",
    "id_next": "14059.6402005",
    "refcode_1": "9LtMs",
    "refcode_2": "1",
    "refcode_3": "",
    "refcode_4": "1894102800",
    "refcode_short": "",
    "refcode_long": "",
    "element_type": "p",
    "element_subtype": "msdate",
    "content": "<span class=\"msdate\" start=\"June 25, 1894\">June 25, 1894</span>",
    "puborder": 4762,
    "translations": []
  },
  {
    "para_id": "14059.6402005",
    "id_prev": "14059.6402003",
    "id_next": "14059.6402006",
    "refcode_1": "9LtMs",
    "refcode_2": "1",
    "refcode_3": "",
    "refcode_4": "1894102800",
    "refcode_short": "",
    "refcode_long": "",
    "element_type": "p",
    "element_subtype": "mspubinfo",
    "content": "Portions of this manuscript are published in <span class=\"egwlink egwlink_book\" title=\"6BC 1103\" data-link=\"95.629\">6BC 1103</span>.",
    "puborder": 4763,
    "translations": []
  },
  {
    "para_id": "14059.6402006",
    "id_prev": "14059.6402005",
    "id_next": "14059.6402007",
    "refcode_1": "9LtMs",
    "refcode_2": "1",
    "refcode_3": "3462",
    "refcode_4": "1894102800",
    "refcode_short": "9LtMs, Ms 28, 1894, par. 1",
    "refcode_long": "Letters and Manuscripts — Volume 9 (1894), Ms 28, 1894, par. 1",
    "element_type": "p",
    "element_subtype": "standard-indented",
    "content": "In company with my son W. C. White, I rode eight miles in our carriage to Seven Hills to meet with the church who were to assemble at three o&rsquo;clock in the afternoon. Brother Hickox has been laboring in this place since coming to Sydney, and we have tried to help him in his work. Brothers Starr, McCullagh, [and] W. C. White, and Mrs. E. G. White have each labored in turn, and we have every reason to rejoice in the Lord, because twenty have taken their position on the side of truth. This has caused joy among the heavenly angels in the presence of Christ Jesus, and in the presence of the Father who has made an infinite sacrifice in their behalf.",
    "puborder": 4764,
    "translations": []
  },
  {
    "para_id": "14059.6402007",
    "id_prev": "14059.6402006",
    "id_next": "14059.6402008",
    "refcode_1": "9LtMs",
    "refcode_2": "1",
    "refcode_3": "3463",
    "refcode_4": "1894102800",
    "refcode_short": "9LtMs, Ms 28, 1894, par. 2",
    "refcode_long": "Letters and Manuscripts — Volume 9 (1894), Ms 28, 1894, par. 2",
    "element_type": "p",
    "element_subtype": "standard-indented",
    "content": "I spoke from 2 Corinthians, the <span class=\"egwlink egwlink_bible\" title=\"2 Corinthians 8:1\" data-link=\"1965.59002\">eighth</span> and <span class=\"egwlink egwlink_bible\" title=\"2 Corinthians 9:1\" data-link=\"1965.59051\">ninth chapters.</span> Paul, in writing to his brethren at Corinth, sought to kindle their zeal and to stir them up to make contribution for the poor saints at Jerusalem. He presented the example of the church in Macedonia to inspire them to benevolent action. He said, &ldquo;Moreover, brethren, we do you to wit of the grace of God bestowed on the churches of Macedonia; how that in a great trial of affliction the abundance of their joy and their deep poverty abounded unto the riches of their liberality. For to their power, I bear record, yea, and beyond their power they were willing of themselves; praying us with much entreaty that we would receive the gift, and take upon us the fellowship of the ministering to the saints. And this they did, not as we hoped, but first gave their own selves to the Lord, and unto us by the will of God.&rdquo; [<span class=\"egwlink egwlink_bible\" title=\"2 Corinthians 8:1\" data-link=\"1965.59002\">2 Corinthians 8:1-5</span>.]",
    "puborder": 4765,
    "translations": []
  },
  {
    "para_id": "14059.6402008",
    "id_prev": "14059.6402007",
    "id_next": "14059.6402009",
    "refcode_1": "9LtMs",
    "refcode_2": "1",
    "refcode_3": "3464",
    "refcode_4": "1894102800",
    "refcode_short": "9LtMs, Ms 28, 1894, par. 3",
    "refcode_long": "Letters and Manuscripts — Volume 9 (1894), Ms 28, 1894, par. 3",
    "element_type": "p",
    "element_subtype": "standard-indented",
    "content": "The grace of Christ imparted to us individually will give us a knowledge as to how we shall accept of Christ as our personal Saviour and imitate His example. He can mold and fashion the character by imparting His divine attributes, and then each one of us can adorn the doctrine of Christ our Saviour. Whatsoever things are true, whatsoever things are honest, lovely, and of good report, will be revealed as the precious fruits of the Christian tree. The religion of Jesus Christ must be revealed in a winsome character, bright as a light that shineth in a dark place.",
    "puborder": 4766,
    "translations": []
  },
  {
    "para_id": "14059.6402009",
    "id_prev": "14059.6402008",
    "id_next": "14059.6402010",
    "refcode_1": "9LtMs",
    "refcode_2": "1",
    "refcode_3": "3465",
    "refcode_4": "1894102800",
    "refcode_short": "9LtMs, Ms 28, 1894, par. 4",
    "refcode_long": "Letters and Manuscripts — Volume 9 (1894), Ms 28, 1894, par. 4",
    "element_type": "p",
    "element_subtype": "standard-indented",
    "content": "Of the church in Macedonia we read that &ldquo;in a great trial of affliction the abundance of their joy and their deep poverty abounded unto the riches of their liberality.&rdquo; [<span class=\"egwlink egwlink_bible\" title=\"2 Corinthians 8:2\" data-link=\"1965.59004\">Verse 2</span>.] Then shall any of us who profess to be Christians think that we shall be excused in doing nothing for the truth because we are poor? We regard the precious light of truth as an inexpressible, inexhaustible treasure. We are to exert an influence in proportion to our intrusted talents, be we rich or poor, high or low, ignorant or learned. We are servants of Jesus Christ, and the Lord expects us to do our best.",
    "puborder": 4767,
    "translations": []
  },
  {
    "para_id": "14059.6402010",
    "id_prev": "14059.6402009",
    "id_next": "14059.6402011",
    "refcode_1": "9LtMs",
    "refcode_2": "1",
    "refcode_3": "3466",
    "refcode_4": "1894102800",
    "refcode_short": "9LtMs, Ms 28, 1894, par. 5",
    "refcode_long": "Letters and Manuscripts — Volume 9 (1894), Ms 28, 1894, par. 5",
    "element_type": "p",
    "element_subtype": "standard-indented",
    "content": "I said to the brethren at Seven Hills: You will soon be without a place in which to assemble to worship God. Shall we arise and build? The Lord wants you to be liberal. The members of the Macedonian churches were in deep poverty, yet they urged the apostles to receive their freewill offerings, and were willing to go beyond their power to help the saints in Jerusalem who were in greater need than themselves. We have in this record a lesson for our instruction. Those who take their position on the side of Christ are to let their light shine forth in good works, and not to act selfishly; but each church is to consider the wants of her sister churches.",
    "puborder": 4768,
    "translations": []
  },
  {
    "para_id": "14059.6402011",
    "id_prev": "14059.6402010",
    "id_next": "14059.6402012",
    "refcode_1": "9LtMs",
    "refcode_2": "1",
    "refcode_3": "3467",
    "refcode_4": "1894102800",
    "refcode_short": "9LtMs, Ms 28, 1894, par. 6",
    "refcode_long": "Letters and Manuscripts — Volume 9 (1894), Ms 28, 1894, par. 6",
    "element_type": "p",
    "element_subtype": "standard-indented",
    "content": "&ldquo;Therefore, as ye abound in everything, in faith, and utterance, and in knowledge, and in all diligence, and in your love to us, see that ye abound in this grace also.&rdquo; [<span class=\"egwlink egwlink_bible\" title=\"2 Corinthians 8:7\" data-link=\"1965.59014\">Verse 7</span>.] We desire you to abound in the grace of liberality, making your gifts to assist those who have newly come to the faith, and in doing this work your joy will be abundant, according to the measure of your liberality. We call upon the children of God to come up to the help of the Lord, to the help of the Lord against the mighty. Who is the mighty? It is Satan, the prince of this world, for the world has chosen him as their ruler.",
    "puborder": 4769,
    "translations": []
  },
  {
    "para_id": "14059.6402012",
    "id_prev": "14059.6402011",
    "id_next": "14059.6402013",
    "refcode_1": "9LtMs",
    "refcode_2": "1",
    "refcode_3": "3468",
    "refcode_4": "1894102800",
    "refcode_short": "9LtMs, Ms 28, 1894, par. 7",
    "refcode_long": "Letters and Manuscripts — Volume 9 (1894), Ms 28, 1894, par. 7",
    "element_type": "p",
    "element_subtype": "standard-indented",
    "content": "There is a lesson also in this chapter to those who are working in the cause of God. Paul says, &ldquo;We desired Titus, that as he had begun, so he would also finish in you the same grace also,&rdquo; that is, make you to abound in the grace of liberality. [<span class=\"egwlink egwlink_bible\" title=\"2 Corinthians 8:6\" data-link=\"1965.59012\">Verse 6</span>.] A responsibility rests upon the ministers of Christ to educate the churches to be liberal. Even the poor are to have a part in presenting their offerings to God. They are to be sharers of the grace of Christ in denying self to help those whose need is more pressing than their own. Why should the poor saints be denied the blessing of giving to aid those who are still poorer than themselves?",
    "puborder": 4770,
    "translations": []
  },
  {
    "para_id": "14059.6402013",
    "id_prev": "14059.6402012",
    "id_next": "14059.6402014",
    "refcode_1": "9LtMs",
    "refcode_2": "1",
    "refcode_3": "3469",
    "refcode_4": "1894102800",
    "refcode_short": "9LtMs, Ms 28, 1894, par. 8",
    "refcode_long": "Letters and Manuscripts — Volume 9 (1894), Ms 28, 1894, par. 8",
    "element_type": "p",
    "element_subtype": "standard-indented",
    "content": "The work of educating the people along these lines has been neglected, and the churches have failed to give for the necessity of poorer churches, and thus the blessing has been withheld that should have been theirs, and will be withheld until they shall have a realizing sense of their neglect. &ldquo;For ye know the grace of our Lord Jesus Christ, that, though he was rich, yet for your sakes he became poor, that ye through his poverty might be rich. And herein I give my advice: for this is expedient for you, who have begun before, not only to do, but also to be forward a year ago.",
    "puborder": 4771,
    "translations": []
  },
  {
    "para_id": "14059.6402014",
    "id_prev": "14059.6402013",
    "id_next": "14059.6402015",
    "refcode_1": "9LtMs",
    "refcode_2": "1",
    "refcode_3": "3470",
    "refcode_4": "1894102800",
    "refcode_short": "9LtMs, Ms 28, 1894, par. 9",
    "refcode_long": "Letters and Manuscripts — Volume 9 (1894), Ms 28, 1894, par. 9",
    "element_type": "p",
    "element_subtype": "standard-indented",
    "content": "&ldquo;Now therefore, perform the doing of it; that as there was a readiness to will, so there may be a performance also out of that which ye have. For if there be first a willing mind, it is accepted according to that a man hath, and not according to that he hath not. For I mean not that other men be eased, and ye burdened: but by an equality, that now at this time your abundance may be a supply for their want, and their abundance also may be a supply for your want: that there may be equality: as it is written, He that had gathered much had nothing over; and he that had gathered little had no lack.&rdquo; [<span class=\"egwlink egwlink_bible\" title=\"2 Corinthians 8:9\" data-link=\"1965.59018\">Verses 9-15</span>.]",
    "puborder": 4772,
    "translations": []
  },
  {
    "para_id": "14059.6402015",
    "id_prev": "14059.6402014",
    "id_next": "14059.6402016",
    "refcode_1": "9LtMs",
    "refcode_2": "1",
    "refcode_3": "3471",
    "refcode_4": "1894102800",
    "refcode_short": "9LtMs, Ms 28, 1894, par. 10",
    "refcode_long": "Letters and Manuscripts — Volume 9 (1894), Ms 28, 1894, par. 10",
    "element_type": "p",
    "element_subtype": "standard-indented",
    "content": "Thank God that He has put it in the hearts of His servants to feel a deep interest for your welfare, causing them to present to you the precious truth. Some of you have hesitated, and have been slow in acting upon the convictions of your conscience; but one after another you have given your own selves to the Lord, and unto us by the will of God. What does this mean? It means that you are to stand shoulder to shoulder with those who have earnestly worked for your salvation and, according to the light and knowledge you have received, to unite with them in communicating in the spirit and love of Jesus the truth to those who have not had the privileges and opportunities that you have had.",
    "puborder": 4773,
    "translations": []
  },
  {
    "para_id": "14059.6402016",
    "id_prev": "14059.6402015",
    "id_next": "14059.6402017",
    "refcode_1": "9LtMs",
    "refcode_2": "1",
    "refcode_3": "3472",
    "refcode_4": "1894102800",
    "refcode_short": "9LtMs, Ms 28, 1894, par. 11",
    "refcode_long": "Letters and Manuscripts — Volume 9 (1894), Ms 28, 1894, par. 11",
    "element_type": "p",
    "element_subtype": "standard-indented",
    "content": "There are some here who are questioning as to whether they shall be obedient to the light which they have seen, or whether they will make a compromise with conscience. Character is being determined by the manner in which the truth is being treated. The voice of Christ is heard saying, &ldquo;Seek ye first the kingdom of God and his righteousness, and all these things shall be added unto you.&rdquo; [<span class=\"egwlink egwlink_bible\" title=\"Matthew 6:33\" data-link=\"1965.47608\">Matthew 6:33</span>.] Whom do we love best, Jesus or the enemy of Christ? On which side are you to stand? You will do the bidding of him whom you love. We may all judge what is the character by the fruits that are borne. God wants every one to come unto Him. Christ says, &ldquo;Follow me.&rdquo;",
    "puborder": 4774,
    "translations": []
  },
  {
    "para_id": "14059.6402017",
    "id_prev": "14059.6402016",
    "id_next": "14059.6402018",
    "refcode_1": "9LtMs",
    "refcode_2": "1",
    "refcode_3": "3473",
    "refcode_4": "1894102800",
    "refcode_short": "9LtMs, Ms 28, 1894, par. 12",
    "refcode_long": "Letters and Manuscripts — Volume 9 (1894), Ms 28, 1894, par. 12",
    "element_type": "p",
    "element_subtype": "standard-indented",
    "content": "Brother Hickox and W. C. White made appropriate remarks. Brother McCullagh spoke a short time right to the point, and it was decided that a meeting house should be built at Seven Hills and that every one should do his best. Brother McCullagh said he would give two pounds ten shillings, and Brother Starr had authorized him to say that he would give two pounds ten shillings, which would be twenty-five dollars. W. C. White had thought it would be impossible for him to give more than one pound, but he would venture to give two pounds, if they would purchase two lots instead of one. Then the brethren from Seven Hills, from their poverty, spoke one after another, pledging a pound apiece.",
    "puborder": 4775,
    "translations": []
  },
  {
    "para_id": "14059.6402018",
    "id_prev": "14059.6402017",
    "id_next": "14059.6402019",
    "refcode_1": "9LtMs",
    "refcode_2": "1",
    "refcode_3": "3474",
    "refcode_4": "1894102800",
    "refcode_short": "9LtMs, Ms 28, 1894, par. 13",
    "refcode_long": "Letters and Manuscripts — Volume 9 (1894), Ms 28, 1894, par. 13",
    "element_type": "p",
    "element_subtype": "standard-indented",
    "content": "One brother who had resided at Seven Hills, but who had moved to Parramatta, pledged five pounds. A man who sees the truth, but who has a large family of children, and has not faith to embrace the Sabbath, lest he should lose his situation, pledged a pound. I had purposed to donate five pounds to the enterprise, but when I considered the poverty abounding in those who have recently embraced the truth, I doubled this donation to ten pounds. When I saw that it would be impossible to build a church with the meager sum which would be freely given, I decided to give twenty pounds. The talent of means is the Lord&rsquo;s entrusted talent, and as His faithful steward, I must apply it where the need is greatest.",
    "puborder": 4776,
    "translations": []
  },
  {
    "para_id": "14059.6402019",
    "id_prev": "14059.6402018",
    "id_next": "14059.6402020",
    "refcode_1": "9LtMs",
    "refcode_2": "1",
    "refcode_3": "3475",
    "refcode_4": "1894102800",
    "refcode_short": "9LtMs, Ms 28, 1894, par. 14",
    "refcode_long": "Letters and Manuscripts — Volume 9 (1894), Ms 28, 1894, par. 14",
    "element_type": "p",
    "element_subtype": "standard-indented",
    "content": "We had a most precious meeting. Jesus was in the midst of us. The Sun of Righteousness was shining upon us. I was constrained by the Spirit of the Lord to speak words of hope and courage to those who had consented not only to believe the truth but to obey it. They will soon be left without a minister, and it [will] be necessary for each one to do the utmost of his ability in order that a church might be erected in which they [can] meet together to worship God. Each one must take upon himself the responsibility of educating and training himself to act a part in the meetings. They must be faithful witnesses for Jesus Christ, and thus become a working church.",
    "puborder": 4777,
    "translations": []
  },
  {
    "para_id": "14059.6402020",
    "id_prev": "14059.6402019",
    "id_next": "14059.6402021",
    "refcode_1": "9LtMs",
    "refcode_2": "1",
    "refcode_3": "3476",
    "refcode_4": "1894102800",
    "refcode_short": "9LtMs, Ms 28, 1894, par. 15",
    "refcode_long": "Letters and Manuscripts — Volume 9 (1894), Ms 28, 1894, par. 15",
    "element_type": "p",
    "element_subtype": "standard-indented",
    "content": "Christ prayed for His followers, &ldquo;I pray not that thou shouldest take them out of the world, but that thou shouldest keep them from the evil. They are not of the world, even as I am not of the world. Sanctify them through thy truth: thy word is truth.&rdquo; [<span class=\"egwlink egwlink_bible\" title=\"John 17:15\" data-link=\"1965.54608\">John 17:15-17</span>.] Here in this wicked world our light is to shine forth in good works. Christ charged His disciples with this responsibility. He said, &ldquo;Let your light so shine before men, that they may see your good works, and glorify your Father which is in heaven.&rdquo; [<span class=\"egwlink egwlink_bible\" title=\"Matthew 5:16\" data-link=\"1965.47477\">Matthew 5:16</span>.]",
    "puborder": 4778,
    "translations": []
  },
  {
    "para_id": "14059.6402021",
    "id_prev": "14059.6402020",
    "id_next": "14059.13032001",
    "refcode_1": "9LtMs",
    "refcode_2": "1",
    "refcode_3": "3477",
    "refcode_4": "1894102800",
    "refcode_short": "9LtMs, Ms 28, 1894, par. 16",
    "refcode_long": "Letters and Manuscripts — Volume 9 (1894), Ms 28, 1894, par. 16",
    "element_type": "p",
    "element_subtype": "standard-indented",
    "content": "When the precious meeting closed, it was nearly dark. We seated ourselves in our carriage, and our faithful horse traveled with us homeward, as we rejoiced in the peace of Christ.",
    "puborder": 4779,
    "translations": []
  }
]