[
  {
    "para_id": "14059.7192001",
    "id_prev": "14059.7033011",
    "id_next": "14059.7192004",
    "refcode_1": "9LtMs",
    "refcode_2": "1",
    "refcode_3": "",
    "refcode_4": "1894013000",
    "refcode_short": "9LtMs, Lt 130, 1894",
    "refcode_long": "Letters and Manuscripts — Volume 9 (1894), Lt 130, 1894",
    "element_type": "h4",
    "element_subtype": "",
    "content": "Lt 130, 1894",
    "puborder": 3385,
    "translations": []
  },
  {
    "para_id": "14059.7192004",
    "id_prev": "14059.7192001",
    "id_next": "14059.7192002",
    "refcode_1": "9LtMs",
    "refcode_2": "1",
    "refcode_3": "",
    "refcode_4": "1894013000",
    "refcode_short": "",
    "refcode_long": "",
    "element_type": "p",
    "element_subtype": "ltaddressee",
    "content": "White, J. E.; White, Emma",
    "puborder": 3386,
    "translations": []
  },
  {
    "para_id": "14059.7192002",
    "id_prev": "14059.7192004",
    "id_next": "14059.7192003",
    "refcode_1": "9LtMs",
    "refcode_2": "1",
    "refcode_3": "",
    "refcode_4": "1894013000",
    "refcode_short": "",
    "refcode_long": "",
    "element_type": "p",
    "element_subtype": "ltplace",
    "content": "<span class=\"ltplace\" value=\"Granville, New South Wales, Australia\">Granville, Australia</span>",
    "puborder": 3387,
    "translations": []
  },
  {
    "para_id": "14059.7192003",
    "id_prev": "14059.7192002",
    "id_next": "14059.7192005",
    "refcode_1": "9LtMs",
    "refcode_2": "1",
    "refcode_3": "",
    "refcode_4": "1894013000",
    "refcode_short": "",
    "refcode_long": "",
    "element_type": "p",
    "element_subtype": "ltdate",
    "content": "<span class=\"ltdate\" start=\"November 14, 1894\">November 14, 1894</span>",
    "puborder": 3388,
    "translations": []
  },
  {
    "para_id": "14059.7192005",
    "id_prev": "14059.7192003",
    "id_next": "14059.7192006",
    "refcode_1": "9LtMs",
    "refcode_2": "1",
    "refcode_3": "",
    "refcode_4": "1894013000",
    "refcode_short": "",
    "refcode_long": "",
    "element_type": "p",
    "element_subtype": "ltpubinfo",
    "content": "Portions of this letter are published in <span class=\"egwlink egwlink_book\" title=\"4Bio 173\" data-link=\"670.1382\">4Bio 173-174</span>.",
    "puborder": 3389,
    "translations": []
  },
  {
    "para_id": "14059.7192006",
    "id_prev": "14059.7192005",
    "id_next": "14059.7192007",
    "refcode_1": "9LtMs",
    "refcode_2": "1",
    "refcode_3": "",
    "refcode_4": "1894013000",
    "refcode_short": "",
    "refcode_long": "",
    "element_type": "p",
    "element_subtype": "ltsalutation",
    "content": "Dear Children:",
    "puborder": 3390,
    "translations": []
  },
  {
    "para_id": "14059.7192007",
    "id_prev": "14059.7192006",
    "id_next": "14059.7192008",
    "refcode_1": "9LtMs",
    "refcode_2": "1",
    "refcode_3": "2454",
    "refcode_4": "1894013000",
    "refcode_short": "9LtMs, Lt 130, 1894, par. 1",
    "refcode_long": "Letters and Manuscripts — Volume 9 (1894), Lt 130, 1894, par. 1",
    "element_type": "p",
    "element_subtype": "standard-indented",
    "content": "We have been passing through quite a busy time in preparing Brother and Sister Belden for Norfolk Island. Byron and Sarah have occupied our parlor since camp meeting. Brother Callard and Brother M. G. Kellogg have been our guests while in Granville. Yesterday the party, four in number, left on the steamer for Norfolk. We shall miss Brother and Sister Belden very much, but I am glad to have them go. Byron and Sarah will engage in the work as soon as there is time to plan for them the field they shall labor in.",
    "puborder": 3391,
    "translations": []
  },
  {
    "para_id": "14059.7192008",
    "id_prev": "14059.7192007",
    "id_next": "14059.7192009",
    "refcode_1": "9LtMs",
    "refcode_2": "1",
    "refcode_3": "2455",
    "refcode_4": "1894013000",
    "refcode_short": "9LtMs, Lt 130, 1894, par. 2",
    "refcode_long": "Letters and Manuscripts — Volume 9 (1894), Lt 130, 1894, par. 2",
    "element_type": "p",
    "element_subtype": "standard-indented",
    "content": "A tent has been pitched in Ashfield, two miles from where the camp meeting was held, and there have been no less than twelve who have decided to obey the truth and keep the Sabbath. There are many more interested. Two brothers, named Pierce, were organists&mdash;one for the Presbyterian and one for the English Church. These have, I understand, embraced the truth. The Lord has given great freedom to Brother Corliss and to Brother McCullagh. The interest has become widespread, and the interested ones have been visited by their ministers to show them their danger. Some also were deeply convicted and became confused.",
    "puborder": 3392,
    "translations": []
  },
  {
    "para_id": "14059.7192009",
    "id_prev": "14059.7192008",
    "id_next": "14059.7192010",
    "refcode_1": "9LtMs",
    "refcode_2": "1",
    "refcode_3": "2456",
    "refcode_4": "1894013000",
    "refcode_short": "9LtMs, Lt 130, 1894, par. 3",
    "refcode_long": "Letters and Manuscripts — Volume 9 (1894), Lt 130, 1894, par. 3",
    "element_type": "p",
    "element_subtype": "standard-indented",
    "content": "A noted debater preached against the Sabbath, had the law done away. After the meeting some of the ministers tarried to have a talk with a Mr. Marks and several who had been attending the meetings at the tent. Brother McCullagh was riding by and saw a light in the Wesleyan Church and went in and found them in a hot debate over the Sabbath question. Brother McCullagh was appealed to and he talked with them, and the conference continued with unabated interest until two o&rsquo;clock in the morning. At that session or a following meeting this debater challenged Elder Corliss for a discussion, and it was so decided and determined to drive him to debate the question he could not but accept the proposition. The discussion has occupied two evenings with good attendance. The debater is a clear, moderate-spoken man, but he has arguments weak as weakness itself. I felt and still do feel that much is at stake, depending upon the result of this debate, as to their decision. This question will be discussed four more evenings. I wrote to Elder Corliss earnest lines, beseeching him to keep perfectly cool and to bear in mind that the universe of heaven were composing his audience. The Lord has used Elder Corliss as His agent. He has spoken with power and great clearness. Truth is indeed bearing away the victory, and light is shining upon many minds.",
    "puborder": 3393,
    "translations": []
  },
  {
    "para_id": "14059.7192010",
    "id_prev": "14059.7192009",
    "id_next": "14059.7192016",
    "refcode_1": "9LtMs",
    "refcode_2": "1",
    "refcode_3": "2457",
    "refcode_4": "1894013000",
    "refcode_short": "9LtMs, Lt 130, 1894, par. 4",
    "refcode_long": "Letters and Manuscripts — Volume 9 (1894), Lt 130, 1894, par. 4",
    "element_type": "p",
    "element_subtype": "standard-indented",
    "content": "Last night the bitterest opponents were not present. It is thought they were having a private consultation for some purpose that will perhaps be developed tonight. The enemy is inspiring his agents with a power from beneath, and yet the Lord God of Israel is on the side of truth and righteousness. The opposing elements being so much stirred, evidences that God is working on minds, convicting and converting souls to the truth. And Satan will work when the Lord works, that he may counterwork the works of God. Our people all around attend the meetings evenings and do not get home until two and three o&rsquo;clock in the morning.",
    "puborder": 3394,
    "translations": []
  },
  {
    "para_id": "14059.7192016",
    "id_prev": "14059.7192010",
    "id_next": "14059.7192011",
    "refcode_1": "9LtMs",
    "refcode_2": "1",
    "refcode_3": "",
    "refcode_4": "1894013000",
    "refcode_short": "",
    "refcode_long": "",
    "element_type": "p",
    "element_subtype": "ltdate",
    "content": "<span class=\"ltdate\" start=\"December 24, 1894\">December 24</span>",
    "puborder": 3395,
    "translations": []
  },
  {
    "para_id": "14059.7192011",
    "id_prev": "14059.7192016",
    "id_next": "14059.7192012",
    "refcode_1": "9LtMs",
    "refcode_2": "1",
    "refcode_3": "2458",
    "refcode_4": "1894013000",
    "refcode_short": "9LtMs, Lt 130, 1894, par. 5",
    "refcode_long": "Letters and Manuscripts — Volume 9 (1894), Lt 130, 1894, par. 5",
    "element_type": "p",
    "element_subtype": "standard-indented",
    "content": "The discussion lasted six nights. Much prayer was offered to God during this time, and the Lord manifested His special grace and power in presentation of the truth. Error appeared weakness; the truth strength. In my next I will give you more particulars, but circumstances have occurred one after another that have made it about impossible for me to write.",
    "puborder": 3396,
    "translations": []
  },
  {
    "para_id": "14059.7192012",
    "id_prev": "14059.7192011",
    "id_next": "14059.7192013",
    "refcode_1": "9LtMs",
    "refcode_2": "1",
    "refcode_3": "2459",
    "refcode_4": "1894013000",
    "refcode_short": "9LtMs, Lt 130, 1894, par. 6",
    "refcode_long": "Letters and Manuscripts — Volume 9 (1894), Lt 130, 1894, par. 6",
    "element_type": "p",
    "element_subtype": "standard-indented",
    "content": "Emily and I have been visiting orchards for fruit to can. It was scarcely in season, but we have done fairly well. Last year we were compelled to gather up odds and ends of everything to get us through the season when fruit is not in the market. That, however, is but a little time. We have had all the oranges we wanted, and have had them for months. Now they are gone. There are plenty of lemons on the trees yet, and oranges were scarcely gone before many peaches came, and apricots. We have had very busy times now for quite a number of days. I am so thankful we are no longer meat eaters. We have not had any meat on our table since more than one year ago, and all our family are satisfied&mdash;perfectly satisfied. I must close this.",
    "puborder": 3397,
    "translations": []
  },
  {
    "para_id": "14059.7192013",
    "id_prev": "14059.7192012",
    "id_next": "14059.7192014",
    "refcode_1": "9LtMs",
    "refcode_2": "1",
    "refcode_3": "",
    "refcode_4": "1894013000",
    "refcode_short": "",
    "refcode_long": "",
    "element_type": "p",
    "element_subtype": "egwsignatureline",
    "content": "Mother.",
    "puborder": 3398,
    "translations": []
  },
  {
    "para_id": "14059.7192014",
    "id_prev": "14059.7192013",
    "id_next": "14059.7192015",
    "refcode_1": "9LtMs",
    "refcode_2": "1",
    "refcode_3": "2460",
    "refcode_4": "1894013000",
    "refcode_short": "9LtMs, Lt 130, 1894, par. 7",
    "refcode_long": "Letters and Manuscripts — Volume 9 (1894), Lt 130, 1894, par. 7",
    "element_type": "p",
    "element_subtype": "standard-indented",
    "content": "I meant to have had several pages copied and sent to you, but the six in addition to our own family and baby, have placed us where we must visit our friends from Africa. This is one reason, and the fruit searching and canning is another reason we have not been able to get to you matter I would be pleased to have you read. Now children, precious matter accompanies this, recently written. You will appreciate it.",
    "puborder": 3399,
    "translations": []
  },
  {
    "para_id": "14059.7192015",
    "id_prev": "14059.7192014",
    "id_next": "14059.6394001",
    "refcode_1": "9LtMs",
    "refcode_2": "1",
    "refcode_3": "",
    "refcode_4": "1894013000",
    "refcode_short": "",
    "refcode_long": "",
    "element_type": "p",
    "element_subtype": "egwsignatureline",
    "content": "Mother.",
    "puborder": 3400,
    "translations": []
  }
]