[
  {
    "para_id": "55.1427",
    "id_prev": "55.1950",
    "id_next": "55.1428",
    "refcode_1": "15MR",
    "refcode_2": "286",
    "refcode_3": "",
    "refcode_4": "44",
    "refcode_short": "15MR 286",
    "refcode_long": "Manuscript Releases, vol. 15 [Nos. 1136-1185], p. 286 (Ellen Gould White)",
    "element_type": "h3",
    "element_subtype": "",
    "content": "MR No. 1179&mdash;The Evil of Rebellion",
    "puborder": 1113,
    "translations": []
  },
  {
    "para_id": "55.1428",
    "id_prev": "55.1427",
    "id_next": "55.1429",
    "refcode_1": "15MR",
    "refcode_2": "286",
    "refcode_3": "",
    "refcode_4": "",
    "refcode_short": "",
    "refcode_long": "",
    "element_type": "p",
    "element_subtype": "center",
    "content": "(<span class=\"non-egw-comment\">Written May 14, 1897, from &ldquo;Sunnyside,&rdquo; Cooranbong, N.S.W., to &ldquo;Dear Brother and Sister [G. B.] Starr.</span>)",
    "puborder": 1114,
    "translations": []
  },
  {
    "para_id": "55.1429",
    "id_prev": "55.1428",
    "id_next": "55.1430",
    "refcode_1": "15MR",
    "refcode_2": "286",
    "refcode_3": "1",
    "refcode_4": "",
    "refcode_short": "15MR 286.1",
    "refcode_long": "Manuscript Releases, vol. 15 [Nos. 1136-1185], p. 286.1 (Ellen Gould White)",
    "element_type": "p",
    "element_subtype": "standard-indented",
    "content": "We were glad to receive your letter, but sorry, very sorry, that the rebellious element is still active in the service of the first leader of all rebellions. And he will keep them in his service. I have been carrying heavy burdens of responsibility, one thing following upon the heels of another, until I am very weary. I have frequently been unable to sleep, and am often writing at the hours of twelve p.m. and one a.m., with pen in hand working off the burden that lies heavily upon my soul. But I feel the greatest weight when I think of these men who have had great light and great opportunities and yet have turned from the light to give heed unto fables. My prayer to God has not ceased in their behalf. Yes, I tell it all to the Lord, and I do not cease to beseech the Father in the name of His Son Jesus Christ that He will break the infatuation that is upon these souls, and let them see who is their leader.",
    "puborder": 1115,
    "translations": []
  },
  {
    "para_id": "55.1430",
    "id_prev": "55.1429",
    "id_next": "55.1433",
    "refcode_1": "15MR",
    "refcode_2": "286",
    "refcode_3": "2",
    "refcode_4": "",
    "refcode_short": "15MR 286.2",
    "refcode_long": "Manuscript Releases, vol. 15 [Nos. 1136-1185], p. 286.2 (Ellen Gould White)",
    "element_type": "p",
    "element_subtype": "standard-indented",
    "content": "For about six weeks I have been exhausted. I have not attended meetings at all. This work of responsibility that I carry alone is very severe on me. Yet thus it has been ever since the camp meeting at Adelaide, one burden following another. You are aware that in Melbourne they needed <span class=\"page-break\" data-page=\"287\"></span> special help. Well, that burden I carried for a long time until Brethren Miller and Woods again united with the office. Then, on coming home, we found that an element was at work here in the influence of Brother Shannan and wife. They had done all they possibly could not only in Cooranbong but in other places, to disparage the work done.",
    "puborder": 1116,
    "translations": []
  },
  {
    "para_id": "55.1433",
    "id_prev": "55.1430",
    "id_next": "55.1434",
    "refcode_1": "15MR",
    "refcode_2": "287",
    "refcode_3": "1",
    "refcode_4": "",
    "refcode_short": "15MR 287.1",
    "refcode_long": "Manuscript Releases, vol. 15 [Nos. 1136-1185], p. 287.1 (Ellen Gould White)",
    "element_type": "p",
    "element_subtype": "standard-indented",
    "content": "Brother Lawrence united with Brother Shannan to complain, and to use his aftersight rather than his foresight. He revealed himself as the most selfish, penurious, money-loving man that I have ever had any knowledge of. We could do nothing with them. What Brother Lawrence would confess one day he would take back the next. This influence was carried to Africa by Brother Shannan, and Hardy united with Shannan to make everything at Cooranbong appear as black as night. I have written hundreds of pages to set forth the truth as it is.",
    "puborder": 1117,
    "translations": []
  },
  {
    "para_id": "55.1434",
    "id_prev": "55.1433",
    "id_next": "55.1435",
    "refcode_1": "15MR",
    "refcode_2": "287",
    "refcode_3": "2",
    "refcode_4": "",
    "refcode_short": "15MR 287.2",
    "refcode_long": "Manuscript Releases, vol. 15 [Nos. 1136-1185], p. 287.2 (Ellen Gould White)",
    "element_type": "p",
    "element_subtype": "standard-indented",
    "content": "Then came the apostasy in Adelaide. I cared not for anything they might say against me, as far as myself was concerned; but I cared for the flock of God, whom they were feeding with falsehood and leading in strange paths. And I cared for their own souls. At the family altar I prayed for them and for the poor souls deceived by them. I prayed for them in the silent watches of the night. I kept these matters before the Lord.",
    "puborder": 1118,
    "translations": []
  },
  {
    "para_id": "55.1435",
    "id_prev": "55.1434",
    "id_next": "55.1438",
    "refcode_1": "15MR",
    "refcode_2": "287",
    "refcode_3": "3",
    "refcode_4": "",
    "refcode_short": "15MR 287.3",
    "refcode_long": "Manuscript Releases, vol. 15 [Nos. 1136-1185], p. 287.3 (Ellen Gould White)",
    "element_type": "p",
    "element_subtype": "standard-indented",
    "content": "Thus one perplexity after another kept coming in until I am completely exhausted with heart trouble. It seemed sometimes that I should not recover. For several days I have not been able to sit up much, and have been so weak that I could not endure that sound of the human voice. But the day before yesterday I was beginning to feel a little stronger, and today [I am] still better. I am up very early, for I have not slept past two <span class=\"page-break\" data-page=\"288\"></span> o&apos;clock for many mornings in succession. But I am in the hands of the Lord. I have tried to think of a place somewhere where for some weeks I could be free from perplexity and anxiety, but I do not know where that place can be. But the Lord sees, the Lord knows, and He can help; He can carry this burden which presses me so heavily. The greatest difficulty, the very weightiest burden, is the thought of the souls who have been tempted and are being rejoiced over by the synagogue of Satan.",
    "puborder": 1119,
    "translations": []
  },
  {
    "para_id": "55.1438",
    "id_prev": "55.1435",
    "id_next": "55.1439",
    "refcode_1": "15MR",
    "refcode_2": "288",
    "refcode_3": "1",
    "refcode_4": "",
    "refcode_short": "15MR 288.1",
    "refcode_long": "Manuscript Releases, vol. 15 [Nos. 1136-1185], p. 288.1 (Ellen Gould White)",
    "element_type": "p",
    "element_subtype": "standard-indented",
    "content": "We are nearing the close of this earth&apos;s history. The Lord is soon to come. Must we give up these souls to be led and controlled by Satan? Must we leave them to perish in their sins? Oh, the value of the human soul! They have cost Jesus Christ so much! And if I feel so sad over the losing of one soul, how must Jesus Christ be grieved. He gave His life for them, and one soul is of more value with God than the wealth of the whole world.",
    "puborder": 1120,
    "translations": []
  },
  {
    "para_id": "55.1439",
    "id_prev": "55.1438",
    "id_next": "55.1440",
    "refcode_1": "15MR",
    "refcode_2": "288",
    "refcode_3": "2",
    "refcode_4": "",
    "refcode_short": "15MR 288.2",
    "refcode_long": "Manuscript Releases, vol. 15 [Nos. 1136-1185], p. 288.2 (Ellen Gould White)",
    "element_type": "p",
    "element_subtype": "standard-indented",
    "content": "This morning I designed to attend the early morning meeting for the first time, but I dare not. I find I am not strong enough to expend my vitality unless I am required to do this. Brother Haskell has been taking up the subject of the sanctuary. I so much wish that you could be present to hear him. All who hear him say that he is familiar with the subject, and understands it, proving every idea and statement made from the Scriptures. They all were very much gratified to hear him, and say that he goes far deeper in his understanding of Bible subjects than anyone they have heard.",
    "puborder": 1121,
    "translations": []
  },
  {
    "para_id": "55.1440",
    "id_prev": "55.1439",
    "id_next": "55.1443",
    "refcode_1": "15MR",
    "refcode_2": "288",
    "refcode_3": "3",
    "refcode_4": "",
    "refcode_short": "15MR 288.3",
    "refcode_long": "Manuscript Releases, vol. 15 [Nos. 1136-1185], p. 288.3 (Ellen Gould White)",
    "element_type": "p",
    "element_subtype": "standard-indented",
    "content": "But we will not make comparisons. The Lord is good, and when I see the old burden bearers who have not withheld themselves from the Lord and from denial of self, but who have given themselves to serve Him with heart and pen and voice and means, I know that the Lord will certainly use these old <span class=\"page-break\" data-page=\"289\"></span> standard bearers if they will cling fast to Him. The old and white-haired veterans reveal the truth of the sayings of David, &ldquo;O God, Thou has taught me from my youth: and hitherto have I declared Thy wondrous works&rdquo; [<span class=\"egwlink egwlink_bible\" title=\"Psalm 71:17\" data-link=\"1965.30557\">Psalm 71:17</span>]. He [Brother Haskell] seems to feel that the inspiration of his early zeal is not extinct. Though he is old and gray haired, he intreats that the Lord will not forsake him, but will remain with him still to bear his testimony to the present generation.",
    "puborder": 1122,
    "translations": []
  },
  {
    "para_id": "55.1443",
    "id_prev": "55.1440",
    "id_next": "55.1444",
    "refcode_1": "15MR",
    "refcode_2": "289",
    "refcode_3": "1",
    "refcode_4": "",
    "refcode_short": "15MR 289.1",
    "refcode_long": "Manuscript Releases, vol. 15 [Nos. 1136-1185], p. 289.1 (Ellen Gould White)",
    "element_type": "p",
    "element_subtype": "standard-indented",
    "content": "Young men are needed in the work&mdash;those who will undertake the work interestedly, and will carry it forward zealously and strongly. But the Lord is, and ever will be, with the old, steadfast leaders who have held fast to the truth in times of peril. When the foundation of the faith of the younger men seems to be swept away and their houses falling, the testimony, like that of Caleb, will be heard from the old warriors, &ldquo;Let us go up at once, and possess it; for we are well able to overcome it&rdquo; [<span class=\"egwlink egwlink_bible\" title=\"Numbers 13:30\" data-link=\"1965.8347\">Numbers 13:30</span>]. Then the voice of unbelief was heard. &ldquo;We be not able to go up against the people; for they are stronger than we&rdquo; [<span class=\"egwlink egwlink_bible\" title=\"Numbers 13:31\" data-link=\"1965.8349\">verse 31</span>]. One word of unbelief prepares the way for more. Satan does not easily let alone any man whom he can tempt to dishonor God by his unbelief.",
    "puborder": 1123,
    "translations": []
  },
  {
    "para_id": "55.1444",
    "id_prev": "55.1443",
    "id_next": "55.1446",
    "refcode_1": "15MR",
    "refcode_2": "289",
    "refcode_3": "2",
    "refcode_4": "",
    "refcode_short": "15MR 289.2",
    "refcode_long": "Manuscript Releases, vol. 15 [Nos. 1136-1185], p. 289.2 (Ellen Gould White)",
    "element_type": "p",
    "element_subtype": "standard-indented",
    "content": "&ldquo;And they brought up an evil report of the land which they had searched unto the children of Israel, saying, The land, through which we have gone to search it, is a land that eateth up the inhabitants thereof; and all the people that we saw in it are men of a great stature. And there we saw the giants, the sons of Anak, which come of the giants; and we were in our own sight as grasshoppers, and so we were in their sight&rdquo; [<span class=\"egwlink egwlink_bible\" title=\"Numbers 13:32\" data-link=\"1965.8351\">verses 32, 33</span>].",
    "puborder": 1124,
    "translations": []
  },
  {
    "para_id": "55.1446",
    "id_prev": "55.1444",
    "id_next": "55.1447",
    "refcode_1": "15MR",
    "refcode_2": "290",
    "refcode_3": "1",
    "refcode_4": "",
    "refcode_short": "15MR 290.1",
    "refcode_long": "Manuscript Releases, vol. 15 [Nos. 1136-1185], p. 290.1 (Ellen Gould White)",
    "element_type": "p",
    "element_subtype": "standard-indented",
    "content": "What effect did this report upon the congregation? &ldquo;And all the congregation lifted up their voice, and cried; and the people wept that night. And all the children of Israel murmured against Moses and against Aaron; and the whole congregation said unto them, Would God that we had died in the land of Egypt! Or would God we had died in this wilderness. And wherefore hath the Lord brought us unto this land, to fall by the sword, that our wives and our children should be a prey? Were it not better for us to return into Egypt? And they said one to another, Let us make a captain, and let us return into Egypt&rdquo; [<span class=\"egwlink egwlink_bible\" title=\"Numbers 14:1\" data-link=\"1965.8356\">Numbers 14:1-4</span>]. Let all read carefully the fourteenth chapter of Numbers, and let them understand that men can make false reports as did these who had been sent on an errand which concerned the movements of more than a million people.",
    "puborder": 1125,
    "translations": []
  },
  {
    "para_id": "55.1447",
    "id_prev": "55.1446",
    "id_next": "55.1448",
    "refcode_1": "15MR",
    "refcode_2": "290",
    "refcode_3": "2",
    "refcode_4": "",
    "refcode_short": "15MR 290.2",
    "refcode_long": "Manuscript Releases, vol. 15 [Nos. 1136-1185], p. 290.2 (Ellen Gould White)",
    "element_type": "p",
    "element_subtype": "standard-indented",
    "content": "&ldquo;And Joshua the son of Nun, and Caleb the son of Jephunneh, which were of them that searched the land, rent their clothes: and they spake unto all the company of the children of Israel, saying, The land, which we passed through to search it, is an exceeding good land. If the Lord delight in us, then He will bring us into this land, and give it us; a land which floweth with milk and honey. Only rebel not ye against the Lord, neither fear ye the people of the land; for they are bread for us: their defence is departed from them, and the Lord is with us: fear them not. But all the congregation bade stone them with stones&rdquo; [<span class=\"egwlink egwlink_bible\" title=\"Numbers 14:6\" data-link=\"1965.8366\">verses 6-10</span>].",
    "puborder": 1126,
    "translations": []
  },
  {
    "para_id": "55.1448",
    "id_prev": "55.1447",
    "id_next": "55.1451",
    "refcode_1": "15MR",
    "refcode_2": "290",
    "refcode_3": "3",
    "refcode_4": "",
    "refcode_short": "15MR 290.3",
    "refcode_long": "Manuscript Releases, vol. 15 [Nos. 1136-1185], p. 290.3 (Ellen Gould White)",
    "element_type": "p",
    "element_subtype": "standard-indented",
    "content": "Those who bore the discouraging report and brought discouragement to the whole camp of Israel, when opposed because of their unfaithful witness, served the satanic powers in complete rebellion. And they carried the disappointed congregation with them, in that they believed their interpretation <span class=\"page-break\" data-page=\"291\"></span> of the land. The congregation took the wrong side, and, inspired by satanic agencies, they cried out against the faithful spies, and bade them stone Joshua and Caleb who dared to bear the truthful representation in regard to the land.",
    "puborder": 1127,
    "translations": []
  },
  {
    "para_id": "55.1451",
    "id_prev": "55.1448",
    "id_next": "55.1452",
    "refcode_1": "15MR",
    "refcode_2": "291",
    "refcode_3": "1",
    "refcode_4": "",
    "refcode_short": "15MR 291.1",
    "refcode_long": "Manuscript Releases, vol. 15 [Nos. 1136-1185], p. 291.1 (Ellen Gould White)",
    "element_type": "p",
    "element_subtype": "standard-indented",
    "content": "But there is always a defense provided for those who have borne witness for the truth. What was it that saved the lives of Joshua and Caleb? &ldquo;And the glory of the Lord appeared in the tabernacle of the congregation before all the children of Israel. And the Lord said unto Moses, How long will this people provoke Me? and how long will it be ere they believe Me, for all the signs which I have shewed among them? I will smite them with the pestilence, and disinherit them, and will make of thee a greater nation and mightier than they&rdquo; [<span class=\"egwlink egwlink_bible\" title=\"Numbers 14:10\" data-link=\"1965.8374\">verses 10-12</span>].",
    "puborder": 1128,
    "translations": []
  },
  {
    "para_id": "55.1452",
    "id_prev": "55.1451",
    "id_next": "55.1455",
    "refcode_1": "15MR",
    "refcode_2": "291",
    "refcode_3": "2",
    "refcode_4": "",
    "refcode_short": "15MR 291.2",
    "refcode_long": "Manuscript Releases, vol. 15 [Nos. 1136-1185], p. 291.2 (Ellen Gould White)",
    "element_type": "p",
    "element_subtype": "standard-indented",
    "content": "We have here a positive evidence that the anger of the Lord is awakened against the rebellious people&mdash;those who had been blessed with great light and precious opportunities to know the will of God, which was communicated to them by Christ Himself, their invisible Leader, enshrouded in the pillar of cloud by day and the pillar of fire by night. God had been their defense against the vast army of Pharaoh; He had wrought for them, providing them food when hungry; He had quieted their murmurings by giving them springs of cool water flowing from the Rock. He had manifested to them His glory, and yet when Satan tempted them, they believed all the suggestions and representations he put into their minds against Moses and Aaron, against Joshua and Caleb. The Lord had worked wondrously for them, yet they were ever ready to turn away from them and follow the suggestions of Satan. But they were passing the boundary of God&apos;s forbearance and patience. He declared, &ldquo;I <span class=\"page-break\" data-page=\"292\"></span> will smite them with the pestilence, and disinherit them, and will make of thee a greater nation and mightier then they.&rdquo;",
    "puborder": 1129,
    "translations": []
  },
  {
    "para_id": "55.1455",
    "id_prev": "55.1452",
    "id_next": "55.1456",
    "refcode_1": "15MR",
    "refcode_2": "292",
    "refcode_3": "1",
    "refcode_4": "",
    "refcode_short": "15MR 292.1",
    "refcode_long": "Manuscript Releases, vol. 15 [Nos. 1136-1185], p. 292.1 (Ellen Gould White)",
    "element_type": "p",
    "element_subtype": "standard-indented",
    "content": "[<span class=\"egwlink egwlink_bible\" title=\"Numbers 14:13\" data-link=\"1965.8380\">Verses 13-19</span>, quoted.] O Moses, thou man of mighty faith, privileged to plead in behalf of rebellious Israel in such wise and understanding words! Thou wouldest not receive inducing promises even from God, that He should let Israel alone to be destroyed, and His name be dishonored among the heathen nations. The promise of great honor Moses would not accept. And what saith the Lord? [<span class=\"egwlink egwlink_bible\" title=\"Numbers 14:20\" data-link=\"1965.8394\">Verses 20-24</span>, quoted.]",
    "puborder": 1130,
    "translations": []
  },
  {
    "para_id": "55.1456",
    "id_prev": "55.1455",
    "id_next": "55.1457",
    "refcode_1": "15MR",
    "refcode_2": "292",
    "refcode_3": "2",
    "refcode_4": "",
    "refcode_short": "15MR 292.2",
    "refcode_long": "Manuscript Releases, vol. 15 [Nos. 1136-1185], p. 292.2 (Ellen Gould White)",
    "element_type": "p",
    "element_subtype": "standard-indented",
    "content": "And what about the men who had caused the Israelites to murmur? [<span class=\"egwlink egwlink_bible\" title=\"Numbers 14:26\" data-link=\"1965.8406\">Verses 26-34</span>, quoted.]",
    "puborder": 1131,
    "translations": []
  },
  {
    "para_id": "55.1457",
    "id_prev": "55.1456",
    "id_next": "55.1458",
    "refcode_1": "15MR",
    "refcode_2": "292",
    "refcode_3": "3",
    "refcode_4": "",
    "refcode_short": "15MR 292.3",
    "refcode_long": "Manuscript Releases, vol. 15 [Nos. 1136-1185], p. 292.3 (Ellen Gould White)",
    "element_type": "p",
    "element_subtype": "standard-indented",
    "content": "The Lord promised the children of Israel: &ldquo;Ye shall see the altering of my purpose&rdquo; [<span class=\"egwlink egwlink_bible\" title=\"Numbers 14:1\" data-link=\"1965.8356\">Numbers 14:34</span>]. Thus we see that the Lord&apos;s promises are upon condition of obedience. He says, &ldquo;Ye shall do My judgments, and keep Mine ordinances, to walk therein; I am the Lord your God. Ye shall therefore keep My statutes, and My judgments; which if a man do, he shall live in them: I am the Lord&rdquo; [<span class=\"egwlink egwlink_bible\" title=\"Leviticus 18:4\" data-link=\"1965.6624\">Leviticus 18:4, 5</span>]. Read the first chapter of Deuteronomy carefully, and see why the Lord refused to bring the adults of the army that left Egypt into the promised land. Also <span class=\"egwlink egwlink_bible\" title=\"Deuteronomy 28:1\" data-link=\"1965.11413\">Deuteronomy 28</span>.",
    "puborder": 1132,
    "translations": []
  },
  {
    "para_id": "55.1458",
    "id_prev": "55.1457",
    "id_next": "55.1461",
    "refcode_1": "15MR",
    "refcode_2": "292",
    "refcode_3": "4",
    "refcode_4": "",
    "refcode_short": "15MR 292.4",
    "refcode_long": "Manuscript Releases, vol. 15 [Nos. 1136-1185], p. 292.4 (Ellen Gould White)",
    "element_type": "p",
    "element_subtype": "standard-indented",
    "content": "[<span class=\"egwlink egwlink_bible\" title=\"Numbers 32:6\" data-link=\"1965.9604\">Numbers 32:6-15</span>, quoted.] The Lord God is a jealous God, yet He bears long with the sins and transgressions of His people in this generation. If the people of God had walked in His counsel, the work of God would have advanced, the messages of truth would have been borne to all people that dwell on the face of the whole earth. Had the people of God believed Him and been doers of His word, <span class=\"page-break\" data-page=\"293\"></span> had they kept His commandments, the angel would not have come flying through heaven with the message to the four angels that were to let loose the winds that they should blow upon the earth crying, Hold, hold the four winds that they blow not upon the earth until I have sealed the servants of God in their foreheads. But because the people are disobedient, unthankful, unholy, as were ancient Israel, time is prolonged that all may hear the last message of mercy proclaimed with a loud voice. The Lord&apos;s work has been hindered, the sealing time delayed. Many have not heard the truth. But the Lord will give them a chance to hear and be converted, and the great work of God will go forward.&mdash;<span class=\"egwlink egwlink_book\" title=\"Lt 106, 1897\" data-link=\"14062.7012001\">Letter 106, 1897</span>.",
    "puborder": 1133,
    "translations": []
  },
  {
    "para_id": "55.1461",
    "id_prev": "55.1458",
    "id_next": "55.1953",
    "refcode_1": "15MR",
    "refcode_2": "293",
    "refcode_3": "",
    "refcode_4": "",
    "refcode_short": "",
    "refcode_long": "",
    "element_type": "p",
    "element_subtype": "signatureline",
    "content": "Ellen G. White Estate",
    "puborder": 1134,
    "translations": []
  },
  {
    "para_id": "55.1953",
    "id_prev": "55.1461",
    "id_next": "55.1952",
    "refcode_1": "15MR",
    "refcode_2": "293",
    "refcode_3": "",
    "refcode_4": "",
    "refcode_short": "",
    "refcode_long": "",
    "element_type": "p",
    "element_subtype": "signatureplace",
    "content": "Washington, D. C.,",
    "puborder": 1135,
    "translations": []
  },
  {
    "para_id": "55.1952",
    "id_prev": "55.1953",
    "id_next": "55.1951",
    "refcode_1": "15MR",
    "refcode_2": "293",
    "refcode_3": "",
    "refcode_4": "",
    "refcode_short": "",
    "refcode_long": "",
    "element_type": "p",
    "element_subtype": "signaturedate",
    "content": "March 12, 1986.",
    "puborder": 1136,
    "translations": []
  },
  {
    "para_id": "55.1951",
    "id_prev": "55.1952",
    "id_next": "55.1463",
    "refcode_1": "15MR",
    "refcode_2": "293",
    "refcode_3": "",
    "refcode_4": "",
    "refcode_short": "",
    "refcode_long": "",
    "element_type": "p",
    "element_subtype": "signaturesource",
    "content": "Entire Letter.",
    "puborder": 1137,
    "translations": []
  }
]