[
  {
    "para_id": "123.2544",
    "id_prev": "123.2543",
    "id_next": "123.2545",
    "refcode_1": "TM",
    "refcode_2": "460",
    "refcode_3": "",
    "refcode_4": "66",
    "refcode_short": "TM 460",
    "refcode_long": "Testimonies to Ministers and Gospel Workers, p. 460 (Ellen Gould White)",
    "element_type": "h3",
    "element_subtype": "",
    "content": "Chapter 66&mdash;Danger in Adopting Worldly Policy in the Work of God",
    "puborder": 1765,
    "translations": [
      {
        "para_id": "1773.2446",
        "lang": "es",
        "refcode": "TM 460"
      },
      {
        "para_id": "12454.2269",
        "lang": "pl",
        "refcode": "SdK 438"
      },
      {
        "para_id": "11099.2462",
        "lang": "pt",
        "refcode": "TM 460"
      },
      {
        "para_id": "2012.2486",
        "lang": "ro",
        "refcode": "MP 460"
      },
      {
        "para_id": "1835.2371",
        "lang": "ru",
        "refcode": "СП 460"
      }
    ]
  },
  {
    "para_id": "123.2545",
    "id_prev": "123.2544",
    "id_next": "123.2546",
    "refcode_1": "TM",
    "refcode_2": "460",
    "refcode_3": "",
    "refcode_4": "",
    "refcode_short": "",
    "refcode_long": "",
    "element_type": "p",
    "element_subtype": "center",
    "content": "[<span class=\"non-egw-comment\">Reprint from a testimony published in tract form.</span>]",
    "puborder": 1766,
    "translations": [
      {
        "para_id": "2012.2486",
        "lang": "ro",
        "refcode": "MP 460"
      }
    ]
  },
  {
    "para_id": "123.2546",
    "id_prev": "123.2545",
    "id_next": "123.2547",
    "refcode_1": "TM",
    "refcode_2": "460",
    "refcode_3": "1",
    "refcode_4": "",
    "refcode_short": "TM 460.1",
    "refcode_long": "Testimonies to Ministers and Gospel Workers, p. 460.1 (Ellen Gould White)",
    "element_type": "p",
    "element_subtype": "standard-indented",
    "content": "November 3, 1890, while laboring at Salamanca, New York, [<span class=\"non-egw-comment\">See <span class=\"egwlink egwlink_book\" title=\"TM 533.1\" data-link=\"123.2957\">Appendix</span>.</span>] as I was in communion with God in the night season, I was taken out of and away from myself to assemblies in different states, where I bore a decided testimony of reproof and warning. In Battle Creek a council of ministers and responsible men from the publishing house and other institutions was convened, and I heard those assembled, in no gentle spirit, advance sentiments and urge measures for adoption that filled me with apprehension and distress.",
    "puborder": 1767,
    "translations": [
      {
        "para_id": "1773.2447",
        "lang": "es",
        "refcode": "TM 460.1"
      },
      {
        "para_id": "12454.2270",
        "lang": "pl",
        "refcode": "SdK 438.1"
      },
      {
        "para_id": "11099.2463",
        "lang": "pt",
        "refcode": "TM 460.1"
      },
      {
        "para_id": "2012.2487",
        "lang": "ro",
        "refcode": "MP 460.1"
      },
      {
        "para_id": "1835.2372",
        "lang": "ru",
        "refcode": "СП 460.1"
      }
    ]
  },
  {
    "para_id": "123.2547",
    "id_prev": "123.2546",
    "id_next": "123.2550",
    "refcode_1": "TM",
    "refcode_2": "460",
    "refcode_3": "2",
    "refcode_4": "",
    "refcode_short": "TM 460.2",
    "refcode_long": "Testimonies to Ministers and Gospel Workers, p. 460.2 (Ellen Gould White)",
    "element_type": "p",
    "element_subtype": "standard-indented",
    "content": "Years before, I had been called to pass through a similar experience, and the Lord then revealed to me many things of vital importance, and gave me warnings that must be delivered to those in peril. On the night of November 3, these warnings were brought to my mind, and I was commanded to present them before those in responsible offices of trust, and to fail not, nor be discouraged. There were laid out before me some things which I could not comprehend; but the assurance was given me that the Lord would not allow His people to be enshrouded in the fogs of worldly skepticism and infidelity, bound up in bundles with the world; but if they would only hear and follow His voice, rendering obedience to His commandments, He would lead them above the mists of skepticism and <span class=\"page-break\" data-page=\"461\"></span> unbelief, and place their feet upon the Rock, where they might breathe the atmosphere of security and triumph.",
    "puborder": 1768,
    "translations": [
      {
        "para_id": "1773.2448",
        "lang": "es",
        "refcode": "TM 460.2"
      },
      {
        "para_id": "12454.2271",
        "lang": "pl",
        "refcode": "SdK 438.2"
      },
      {
        "para_id": "11099.2464",
        "lang": "pt",
        "refcode": "TM 460.2"
      },
      {
        "para_id": "2012.2488",
        "lang": "ro",
        "refcode": "MP 460.2"
      },
      {
        "para_id": "1835.2373",
        "lang": "ru",
        "refcode": "СП 460.2"
      }
    ]
  },
  {
    "para_id": "123.2550",
    "id_prev": "123.2547",
    "id_next": "123.2551",
    "refcode_1": "TM",
    "refcode_2": "461",
    "refcode_3": "1",
    "refcode_4": "",
    "refcode_short": "TM 461.1",
    "refcode_long": "Testimonies to Ministers and Gospel Workers, p. 461.1 (Ellen Gould White)",
    "element_type": "p",
    "element_subtype": "standard-indented",
    "content": "While engaged in earnest prayer, I was lost to everything around me; the room was filled with light, and I was bearing a message to an assembly that seemed to be the General Conference. I was moved by the Spirit of God to make a most earnest appeal; for I was impressed that great danger was before us at the heart of the work. I had been, and still was, bowed down with distress of mind and body, burdened with the thought that I must bear a message to our people at Battle Creek to warn them against a line of action that would separate God from the publishing house.",
    "puborder": 1769,
    "translations": [
      {
        "para_id": "1773.2451",
        "lang": "es",
        "refcode": "TM 461.1"
      },
      {
        "para_id": "12454.2272",
        "lang": "pl",
        "refcode": "SdK 438.3"
      },
      {
        "para_id": "11099.2467",
        "lang": "pt",
        "refcode": "TM 461.1"
      },
      {
        "para_id": "2012.2491",
        "lang": "ro",
        "refcode": "MP 461.1"
      },
      {
        "para_id": "1835.2376",
        "lang": "ru",
        "refcode": "СП 461.1"
      }
    ]
  }
]