[
  {
    "para_id": "123.539",
    "id_prev": "123.536",
    "id_next": "123.540",
    "refcode_1": "TM",
    "refcode_2": "87",
    "refcode_3": "",
    "refcode_4": "49",
    "refcode_short": "TM 87",
    "refcode_long": "Testimonies to Ministers and Gospel Workers, p. 87 (Ellen Gould White)",
    "element_type": "h4",
    "element_subtype": "",
    "content": "Dishonest Dealings in Business",
    "puborder": 363,
    "translations": [
      {
        "para_id": "1773.534",
        "lang": "es",
        "refcode": "TM 87"
      },
      {
        "para_id": "12454.365",
        "lang": "pl",
        "refcode": "SdK 77"
      },
      {
        "para_id": "11099.553",
        "lang": "pt",
        "refcode": "TM 87"
      },
      {
        "para_id": "2012.542",
        "lang": "ro",
        "refcode": "MP 87"
      },
      {
        "para_id": "1835.461",
        "lang": "ru",
        "refcode": "СП 87"
      }
    ]
  },
  {
    "para_id": "123.540",
    "id_prev": "123.539",
    "id_next": "123.541",
    "refcode_1": "TM",
    "refcode_2": "87",
    "refcode_3": "1",
    "refcode_4": "",
    "refcode_short": "TM 87.1",
    "refcode_long": "Testimonies to Ministers and Gospel Workers, p. 87.1 (Ellen Gould White)",
    "element_type": "p",
    "element_subtype": "standard-indented",
    "content": "Some of those who know the truth, but do not practice it, are trampling upon the law of God in their business transactions. We should have no intimate association with them, lest we catch their spirit, and share their doom. The patriarch Jacob, when speaking of certain deeds of his sons, which he contemplated with horror, exclaimed, &ldquo;O my soul, come not thou into their secret; unto their assembly, mine honor, be not thou united.&rdquo; He felt that his own honor would be compromised if he associated with sinners in their doings. He lifts the danger signal to warn us away from such associations, lest we become partakers of their evil deeds. The Holy Spirit, through the apostle Paul, utters a similar warning, &ldquo;Have no fellowship with the unfruitful works of darkness, but rather reprove them.&rdquo;",
    "puborder": 364,
    "translations": [
      {
        "para_id": "1773.535",
        "lang": "es",
        "refcode": "TM 87.1"
      },
      {
        "para_id": "12454.366",
        "lang": "pl",
        "refcode": "SdK 77.2"
      },
      {
        "para_id": "11099.554",
        "lang": "pt",
        "refcode": "TM 87.1"
      },
      {
        "para_id": "2012.543",
        "lang": "ro",
        "refcode": "MP 87.1"
      },
      {
        "para_id": "1835.462",
        "lang": "ru",
        "refcode": "СП 87.1"
      }
    ]
  }
]