[
  {
    "para_id": "123.187",
    "id_prev": "123.186",
    "id_next": "123.188",
    "refcode_1": "TM",
    "refcode_2": "16",
    "refcode_3": "",
    "refcode_4": "1",
    "refcode_short": "TM 16",
    "refcode_long": "Testimonies to Ministers and Gospel Workers, p. 16 (Ellen Gould White)",
    "element_type": "h4",
    "element_subtype": "",
    "content": "Clear, Decided Distinctions",
    "puborder": 134,
    "translations": [
      {
        "para_id": "1773.191",
        "lang": "es",
        "refcode": "TM 16"
      },
      {
        "para_id": "12454.31",
        "lang": "pl",
        "refcode": "SdK 12"
      },
      {
        "para_id": "11099.207",
        "lang": "pt",
        "refcode": "TM 16"
      },
      {
        "para_id": "2012.189",
        "lang": "ro",
        "refcode": "MP 16"
      },
      {
        "para_id": "1835.118",
        "lang": "ru",
        "refcode": "СП 16"
      }
    ]
  },
  {
    "para_id": "123.188",
    "id_prev": "123.187",
    "id_next": "123.191",
    "refcode_1": "TM",
    "refcode_2": "16",
    "refcode_3": "2",
    "refcode_4": "",
    "refcode_short": "TM 16.2",
    "refcode_long": "Testimonies to Ministers and Gospel Workers, p. 16.2 (Ellen Gould White)",
    "element_type": "p",
    "element_subtype": "standard-indented",
    "content": "At this time the church is to put on her beautiful garments&mdash;&ldquo;Christ our righteousness.&rdquo; There are clear, decided distinctions to be restored and exemplified to the world in holding aloft the commandments of God and the faith of Jesus. The beauty of holiness is to appear in its native luster in contrast with the deformity and darkness of the disloyal, those who have revolted from the law of God. Thus we acknowledge God and recognize His law, the foundation of His government in heaven and throughout His earthly dominions. His authority should be kept distinct and plain before the world, and no laws are to be acknowledged that come in collision with the laws of Jehovah. If in defiance of God&apos;s arrangements the world be <span class=\"page-break\" data-page=\"17\"></span> allowed to influence our decisions or our actions, the purpose of God is defeated. However specious the pretext, if the church waver here, there is written against her in the books of heaven a betrayal of the most sacred trusts, and treachery to the kingdom of Christ. The church is firmly and decidedly to hold her principles before the whole heavenly universe and the kingdoms of the world; steadfast fidelity in maintaining the honor and sacredness of the law of God will attract the notice and admiration of even the world, and many will, by the good works which they shall behold, be led to glorify our Father in heaven. The loyal and true bear the credentials of heaven, not of earthly potentates. All men shall know who are the disciples of Christ, chosen and faithful, and shall know them when crowned and glorified as those who honored God and whom He has honored, bringing them into possession of an eternal weight of glory....",
    "puborder": 135,
    "translations": [
      {
        "para_id": "1773.192",
        "lang": "es",
        "refcode": "TM 16.2"
      },
      {
        "para_id": "12454.32",
        "lang": "pl",
        "refcode": "SdK 12.2"
      },
      {
        "para_id": "11099.208",
        "lang": "pt",
        "refcode": "TM 16.2"
      },
      {
        "para_id": "2012.190",
        "lang": "ro",
        "refcode": "MP 16.2"
      },
      {
        "para_id": "1835.119",
        "lang": "ru",
        "refcode": "СП 16.2"
      }
    ]
  },
  {
    "para_id": "123.191",
    "id_prev": "123.188",
    "id_next": "123.194",
    "refcode_1": "TM",
    "refcode_2": "17",
    "refcode_3": "1",
    "refcode_4": "",
    "refcode_short": "TM 17.1",
    "refcode_long": "Testimonies to Ministers and Gospel Workers, p. 17.1 (Ellen Gould White)",
    "element_type": "p",
    "element_subtype": "standard-indented",
    "content": "The Lord has provided His church with capabilities and blessings, that they may present to the world an image of His own sufficiency, and that His church may be complete in Him, a continual representation of another, even the eternal world, of laws that are higher than earthly laws. His church is to be a temple built after the divine similitude, and the angelic architect has brought his golden measuring rod from heaven, that every stone may be hewed and squared by the divine measurement and polished to shine as an emblem of heaven, radiating in all directions the bright, clear beams of the Sun of Righteousness. The church is to be fed with manna from heaven and to be kept under the sole guardianship of His grace. Clad in complete armor of light and righteousness, she enters upon her final conflict. The dross, the worthless material, will <span class=\"page-break\" data-page=\"18\"></span> be consumed, and the influence of the truth testifies to the world of its sanctifying, ennobling character....",
    "puborder": 136,
    "translations": [
      {
        "para_id": "1773.195",
        "lang": "es",
        "refcode": "TM 17.1"
      },
      {
        "para_id": "12454.36",
        "lang": "pl",
        "refcode": "SdK 13.2"
      },
      {
        "para_id": "11099.211",
        "lang": "pt",
        "refcode": "TM 17.1"
      },
      {
        "para_id": "2012.193",
        "lang": "ro",
        "refcode": "MP 17.1"
      },
      {
        "para_id": "1835.122",
        "lang": "ru",
        "refcode": "СП 17.1"
      }
    ]
  }
]