[
  {
    "para_id": "756.2931",
    "id_prev": "756.2930",
    "id_next": "756.2932",
    "refcode_1": "EGWC",
    "refcode_2": "396",
    "refcode_3": "",
    "refcode_4": "",
    "refcode_short": "EGWC 396",
    "refcode_long": "Ellen G. White and Her Critics, p. 396 (Francis D. Nichol)",
    "element_type": "h4",
    "element_subtype": "",
    "content": "Dr. Kellogg Testifies",
    "puborder": 2272,
    "translations": []
  },
  {
    "para_id": "756.2932",
    "id_prev": "756.2931",
    "id_next": "756.2933",
    "refcode_1": "EGWC",
    "refcode_2": "396",
    "refcode_3": "4",
    "refcode_4": "",
    "refcode_short": "EGWC 396.4",
    "refcode_long": "Ellen G. White and Her Critics, p. 396.4 (Francis D. Nichol)",
    "element_type": "p",
    "element_subtype": "standard-indented",
    "content": "We can think of no more pertinent discussion of these questions than that made by Dr. J. H. Kellogg, who was for many years the medical director of the Battle Creek Sanitarium. <sup class=\"footnote\"><a class=\"footnote\">*<span class=\"footnote\">The later name for the Western Health Reform Institute, founded by Seventh-day Adventists in 1866.</span></a></sup> In writing the preface to <em>Christian Temperance and Bible Hygiene, <sup class=\"footnote\"><a class=\"footnote\">†<span class=\"footnote\">The first part of this book is authored by Mrs. White, the last part by James White. Much of what here appears from her pen is found in one form or another in earlier publications, such as journals and pamphlets, as far back as 1864.</span></a></sup> in 1890, he declared:</em>",
    "puborder": 2273,
    "translations": []
  },
  {
    "para_id": "756.2933",
    "id_prev": "756.2932",
    "id_next": "756.2936",
    "refcode_1": "EGWC",
    "refcode_2": "396",
    "refcode_3": "5",
    "refcode_4": "",
    "refcode_short": "EGWC 396.5",
    "refcode_long": "Ellen G. White and Her Critics, p. 396.5 (Francis D. Nichol)",
    "element_type": "p",
    "element_subtype": "blockquote-indented",
    "content": "&ldquo;Nearly thirty years ago there appeared in print the first of a series of remarkable and important articles on the subject of health, by Mrs. E. G. White. These articles at once commanded earnest consideration by those who were acquainted with Mrs. White&rsquo;s previous writings and labors. Thousands <span class=\"page-break\" data-page=\"397\"></span> were led to change life-long habits, and to renounce practices thoroughly fixed by heredity as well as by long indulgence. So great a revolution could not be brought in a body of people without the aid of some powerful incentive, which in this case was undoubtedly the belief that the writings referred to not only bore the stamp of truth, but were indorsed by a higher than human authority. This is not the proper place for the consideration of the grounds upon which this belief was based, but the reader&rsquo;s attention is invited to a few facts of interest in this connection:&mdash;",
    "puborder": 2274,
    "translations": []
  },
  {
    "para_id": "756.2936",
    "id_prev": "756.2933",
    "id_next": "756.2937",
    "refcode_1": "EGWC",
    "refcode_2": "397",
    "refcode_3": "1",
    "refcode_4": "",
    "refcode_short": "EGWC 397.1",
    "refcode_long": "Ellen G. White and Her Critics, p. 397.1 (Francis D. Nichol)",
    "element_type": "p",
    "element_subtype": "blockquote-indented",
    "content": "&ldquo;1. At the time the writings referred to first appeared, the subject of health was almost wholly ignored, not only by the people to whom they were addressed, but by the world at large.",
    "puborder": 2275,
    "translations": []
  },
  {
    "para_id": "756.2937",
    "id_prev": "756.2936",
    "id_next": "756.2938",
    "refcode_1": "EGWC",
    "refcode_2": "397",
    "refcode_3": "2",
    "refcode_4": "",
    "refcode_short": "EGWC 397.2",
    "refcode_long": "Ellen G. White and Her Critics, p. 397.2 (Francis D. Nichol)",
    "element_type": "p",
    "element_subtype": "blockquote-indented",
    "content": "&ldquo;2. The few advocating the necessity of a reform in physical habits, propagated in connection with the advocacy of genuine reformatory principles the most patent and in some instances disgusting errors.",
    "puborder": 2276,
    "translations": []
  },
  {
    "para_id": "756.2938",
    "id_prev": "756.2937",
    "id_next": "756.2939",
    "refcode_1": "EGWC",
    "refcode_2": "397",
    "refcode_3": "3",
    "refcode_4": "",
    "refcode_short": "EGWC 397.3",
    "refcode_long": "Ellen G. White and Her Critics, p. 397.3 (Francis D. Nichol)",
    "element_type": "p",
    "element_subtype": "blockquote-indented",
    "content": "&ldquo;3. Nowhere, and by no one, was there presented a systematic and harmonious body of hygienic truths, free from patent errors, and consistent with the Bible and the principles of the Christian religion.",
    "puborder": 2277,
    "translations": []
  },
  {
    "para_id": "756.2939",
    "id_prev": "756.2938",
    "id_next": "756.2940",
    "refcode_1": "EGWC",
    "refcode_2": "397",
    "refcode_3": "4",
    "refcode_4": "",
    "refcode_short": "EGWC 397.4",
    "refcode_long": "Ellen G. White and Her Critics, p. 397.4 (Francis D. Nichol)",
    "element_type": "p",
    "element_subtype": "blockquote-indented",
    "content": "&ldquo;Under these circumstances, the writings referred to made their appearance. The principles taught were not enforced by scientific authority, but were presented in a simple, straightforward manner by one who makes no pretense to scientific knowledge, but claims to write by the aid and authority of the divine enlightenment.",
    "puborder": 2278,
    "translations": []
  },
  {
    "para_id": "756.2940",
    "id_prev": "756.2939",
    "id_next": "756.2941",
    "refcode_1": "EGWC",
    "refcode_2": "397",
    "refcode_3": "5",
    "refcode_4": "",
    "refcode_short": "EGWC 397.5",
    "refcode_long": "Ellen G. White and Her Critics, p. 397.5 (Francis D. Nichol)",
    "element_type": "p",
    "element_subtype": "blockquote-indented",
    "content": "&ldquo;How have the principles presented under such peculiar circumstances and with such remarkable claims stood the test of time and experience? is a question which may very properly be asked. Its answer is to be found in facts which are capable of the amplest verification. The principles presented have been put to the test of practical experience by thousands; and whenever intelligently and consistently carried out, the result has been found in the highest degree satisfactory. Thousands have testified to physical, mental, and moral benefits received. Many of the principles taught have come to be so generally adopted and practiced that they are no longer recognized as reforms, and may, in fact, be regarded as prevalent customs among the more intelligent classes. The principles which a quarter of a century ago were either entirely ignored or made the butt of ridicule, have quietly won their way into public confidence and esteem, until the world has quite forgotten that they have not always been thus accepted. New discoveries in science and new interpretations of old facts have continually added confirmatory evidence, until at the present time every one of the principles advocated more than a quarter of a century ago is fortified in the strongest possible manner by scientific evidence.",
    "puborder": 2279,
    "translations": []
  },
  {
    "para_id": "756.2941",
    "id_prev": "756.2940",
    "id_next": "756.2944",
    "refcode_1": "EGWC",
    "refcode_2": "397",
    "refcode_3": "6",
    "refcode_4": "",
    "refcode_short": "EGWC 397.6",
    "refcode_long": "Ellen G. White and Her Critics, p. 397.6 (Francis D. Nichol)",
    "element_type": "p",
    "element_subtype": "blockquote-indented",
    "content": "&ldquo;Finally, the reformatory movement based upon the principles advocated so long ago has lived and prospered until the present time, and the institutions <span class=\"page-break\" data-page=\"398\"></span> developed by it have grown to be the most extensive and the most prosperous establishments of the sort in the world; while other efforts, looking somewhat in the same direction, but contaminated by error, have either abandoned the principles of truth, and been given over to error, or have fallen into obscurity. It certainly must be regarded as a thing remarkable, and evincing unmistakable evidence of divine insight and direction, that in the midst of confused and conflicting teachings, claiming the authority of science and experience, but warped by ultra notions and rendered impotent for good by the great admixture of error,&mdash;it must be admitted to be something extraordinary, that a person making no claims to scientific knowledge or erudition should have been able to organize, from the confused and error-tainted mass of ideas advanced by a few writers and thinkers on health subjects, a body of hygienic principles so harmonious, so consistent, and so genuine that the discussions, the researches, the discoveries, and the experience of a quarter of a century have not resulted in the overthrow of a single principle, but have only served to establish the doctrines taught.",
    "puborder": 2280,
    "translations": []
  },
  {
    "para_id": "756.2944",
    "id_prev": "756.2941",
    "id_next": "756.2945",
    "refcode_1": "EGWC",
    "refcode_2": "398",
    "refcode_3": "1",
    "refcode_4": "",
    "refcode_short": "EGWC 398.1",
    "refcode_long": "Ellen G. White and Her Critics, p. 398.1 (Francis D. Nichol)",
    "element_type": "p",
    "element_subtype": "blockquote-indented",
    "content": "&ldquo;The guidance of infinite wisdom is as much needed in discerning between truth and error as in the evolution of new truths. Novelty is by no means a distinguishing characteristic of true principles, and the principle holds good as regards the truths of hygienic reform, as well as those of other reformatory movements. The greatest and most important reformatory movements of modern times have not been those which presented new facts and principles, but those which revived truths and principles long forgotten, and which have led the way back to the paths trodden by men of by-gone ages, before the world had wandered so far away from physical and moral rectitude.&rdquo;&mdash;Pages iii, iv. <sup class=\"footnote\"><a class=\"footnote\">*<span class=\"footnote\">See <span class=\"egwlink egwlink_book\" title=\"GCDB 3-8-1897\" data-link=\"1665.58\">General Conference Daily Bulletin, March 8, 1897</span>, p. 309, for Dr. Kellogg&rsquo;s statement that he wrote this preface.</span></a></sup>",
    "puborder": 2281,
    "translations": []
  }
]