[
  {
    "para_id": "756.2590",
    "id_prev": "756.2588",
    "id_next": "756.2591",
    "refcode_1": "EGWC",
    "refcode_2": "350",
    "refcode_3": "",
    "refcode_4": "",
    "refcode_short": "EGWC 350",
    "refcode_long": "Ellen G. White and Her Critics, p. 350 (Francis D. Nichol)",
    "element_type": "h3",
    "element_subtype": "",
    "content": "Chapter 25&mdash;The Time to Begin the Sabbath",
    "puborder": 2010,
    "translations": []
  },
  {
    "para_id": "756.2591",
    "id_prev": "756.2590",
    "id_next": "756.2592",
    "refcode_1": "EGWC",
    "refcode_2": "350",
    "refcode_3": "1",
    "refcode_4": "",
    "refcode_short": "EGWC 350.1",
    "refcode_long": "Ellen G. White and Her Critics, p. 350.1 (Francis D. Nichol)",
    "element_type": "p",
    "element_subtype": "standard-indented",
    "content": "<strong>Charge: &ldquo;Elder Bates led Mrs. White and her husband to accept the Sabbath in 1846. He had been a sea captain, and by nautical time began the day at 6 P.M. So he began the Sabbath that way. By him Mrs. White was led to keep it the same way till 1855&mdash;nine years.&rdquo;</strong>",
    "puborder": 2011,
    "translations": []
  },
  {
    "para_id": "756.2592",
    "id_prev": "756.2591",
    "id_next": "756.2593",
    "refcode_1": "EGWC",
    "refcode_2": "350",
    "refcode_3": "2",
    "refcode_4": "",
    "refcode_short": "EGWC 350.2",
    "refcode_long": "Ellen G. White and Her Critics, p. 350.2 (Francis D. Nichol)",
    "element_type": "p",
    "element_subtype": "standard-indented",
    "content": "<strong>James White declares: &ldquo;Mrs. W. has in two visions been shown something in regard to the time of the commencement of the Sabbath. The first was as early as 1847, at Topsham, Me. In that vision she was shown that to commence the Sabbath at sunrise was wrong.&rdquo;</strong> <sup class=\"footnote\"><a class=\"footnote\">*<span class=\"footnote\">This is one of Mrs. White&rsquo;s early visions that was delivered only orally. There is no published record of it.</span></a></sup><strong>&mdash;<span class=\"egw-no-link\" title=\"RH 2-25-1868\">The Review and Herald, February 25, 1868</span>, p. 168.</strong>",
    "puborder": 2012,
    "translations": []
  },
  {
    "para_id": "756.2593",
    "id_prev": "756.2592",
    "id_next": "756.2594",
    "refcode_1": "EGWC",
    "refcode_2": "350",
    "refcode_3": "3",
    "refcode_4": "",
    "refcode_short": "EGWC 350.3",
    "refcode_long": "Ellen G. White and Her Critics, p. 350.3 (Francis D. Nichol)",
    "element_type": "p",
    "element_subtype": "standard-indented",
    "content": "<strong>&ldquo;If the Lord gave her this vision, how natural and easy it would have been for him to tell her that sunset was the right time. Why simply tell her sunrise was wrong, and leave the whole church in error eight years more as to what time was right? The answer is easy. Bates was still in the lead, and opposed sunrise time, and she &lsquo;saw&rsquo; through his glasses; that was all....</strong>",
    "puborder": 2013,
    "translations": []
  },
  {
    "para_id": "756.2594",
    "id_prev": "756.2593",
    "id_next": "756.2595",
    "refcode_1": "EGWC",
    "refcode_2": "350",
    "refcode_3": "4",
    "refcode_4": "",
    "refcode_short": "EGWC 350.4",
    "refcode_long": "Ellen G. White and Her Critics, p. 350.4 (Francis D. Nichol)",
    "element_type": "p",
    "element_subtype": "standard-indented",
    "content": "<strong>&ldquo;How did she finally find out? This way: A division among them was arising over this question. So Elder J. N. Andrews, the best scholar they then had, was requested to study the subject and present his conclusion to the conference held at Battle Creek, Mich., Nov. 16, 1855. This he did, and decided that sunset was the Scriptural time to begin the Sabbath. The conference voted to accept his view....</strong>",
    "puborder": 2014,
    "translations": []
  },
  {
    "para_id": "756.2595",
    "id_prev": "756.2594",
    "id_next": "756.2596",
    "refcode_1": "EGWC",
    "refcode_2": "350",
    "refcode_3": "5",
    "refcode_4": "",
    "refcode_short": "EGWC 350.5",
    "refcode_long": "Ellen G. White and Her Critics, p. 350.5 (Francis D. Nichol)",
    "element_type": "p",
    "element_subtype": "standard-indented",
    "content": "<strong>&ldquo;Then, four days after Andrews and the conference had settled it, Mrs. White had a vision in which an angel told her that sunset was the right time!!! ... In that vision she complained to the angel and asked for an explanation. She says: &lsquo;I inquired why it had been thus, that at this late day we must change the time of commencing the Sabbath. Said the angel, &ldquo;Ye shall understand, but not yet, not yet.&rdquo;&rsquo; (&lsquo;Test.,&rsquo; Vol. I., p. 116).</strong>",
    "puborder": 2015,
    "translations": []
  },
  {
    "para_id": "756.2596",
    "id_prev": "756.2595",
    "id_next": "756.2598",
    "refcode_1": "EGWC",
    "refcode_2": "350",
    "refcode_3": "6",
    "refcode_4": "",
    "refcode_short": "EGWC 350.6",
    "refcode_long": "Ellen G. White and Her Critics, p. 350.6 (Francis D. Nichol)",
    "element_type": "p",
    "element_subtype": "standard-indented",
    "content": "<strong>&ldquo;That was over sixty years ago; Mrs. White is dead; but the promised explanation has never been given. So I will give it now: In her visions she saw just what Bates taught her. When Andrews had the lead, then she changed her views and saw just what he and the conference taught. That is the whole of it, and the like of that is the source of all her revelations.&rdquo;</strong>",
    "puborder": 2016,
    "translations": []
  },
  {
    "para_id": "756.2598",
    "id_prev": "756.2596",
    "id_next": "756.2599",
    "refcode_1": "EGWC",
    "refcode_2": "351",
    "refcode_3": "1",
    "refcode_4": "",
    "refcode_short": "EGWC 351.1",
    "refcode_long": "Ellen G. White and Her Critics, p. 351.1 (Francis D. Nichol)",
    "element_type": "p",
    "element_subtype": "standard-indented",
    "content": "Most of the arguments in this charge have a strangely familiar ring. They have been answered before. Let us look at this charge in its historical context.",
    "puborder": 2017,
    "translations": []
  }
]