[
  {
    "para_id": "756.3117",
    "id_prev": "756.3114",
    "id_next": "756.3118",
    "refcode_1": "EGWC",
    "refcode_2": "423",
    "refcode_3": "",
    "refcode_4": "",
    "refcode_short": "EGWC 423",
    "refcode_long": "Ellen G. White and Her Critics, p. 423 (Francis D. Nichol)",
    "element_type": "h4",
    "element_subtype": "",
    "content": "Conybeare and Howson Book Widely Circulated",
    "puborder": 2409,
    "translations": []
  },
  {
    "para_id": "756.3118",
    "id_prev": "756.3117",
    "id_next": "756.3119",
    "refcode_1": "EGWC",
    "refcode_2": "423",
    "refcode_3": "1",
    "refcode_4": "",
    "refcode_short": "EGWC 423.1",
    "refcode_long": "Ellen G. White and Her Critics, p. 423.1 (Francis D. Nichol)",
    "element_type": "p",
    "element_subtype": "standard-indented",
    "content": "We have just stated that her book was published in June, 1883, with a special view to serving as a Sabbath school lesson help. But that was not the only lesson help. The Conybeare and Howson book was also used, and with this difference: It was promoted and widely circulated in the denomination <em>before</em> Mrs. White&rsquo;s book on Paul was printed. In fact, it began to be circulated in January, 1883, as a premium with subscriptions to the <em>Review and Herald</em> and to the <em>Signs of the Times</em>. <sup class=\"footnote\"><a class=\"footnote\">*<span class=\"footnote\">See announcement of this in the Review of Jan. 2, 1883, p. 16, and in the Signs of Jan. 11, 1883, p. 24.</span></a></sup> This widespread promotion of the Conybeare and Howson book Mrs. White heartily endorsed. As a part of an advertisement for the book in the <em>Signs</em> in February, 1883, is found this statement from her:",
    "puborder": 2410,
    "translations": []
  },
  {
    "para_id": "756.3119",
    "id_prev": "756.3118",
    "id_next": "756.3120",
    "refcode_1": "EGWC",
    "refcode_2": "423",
    "refcode_3": "2",
    "refcode_4": "",
    "refcode_short": "EGWC 423.2",
    "refcode_long": "Ellen G. White and Her Critics, p. 423.2 (Francis D. Nichol)",
    "element_type": "p",
    "element_subtype": "blockquote-indented",
    "content": "&ldquo;The Life of St. Paul by Conybeare and Howson, I regard as a book of great merit, and one of rare usefulness to the earnest student of the New Testament history.&rdquo;&mdash;<span class=\"egwlink egwlink_book\" title=\"ST 2-22-1883\" data-link=\"820.21687\">The Signs of the Times, February 22, 1883</span>, p. 96.",
    "puborder": 2411,
    "translations": []
  },
  {
    "para_id": "756.3120",
    "id_prev": "756.3119",
    "id_next": "756.3121",
    "refcode_1": "EGWC",
    "refcode_2": "423",
    "refcode_3": "3",
    "refcode_4": "",
    "refcode_short": "EGWC 423.3",
    "refcode_long": "Ellen G. White and Her Critics, p. 423.3 (Francis D. Nichol)",
    "element_type": "p",
    "element_subtype": "standard-indented",
    "content": "This widespread and impressive promotion, coupled with the study of the book as a lesson help, must have made its very words and sentences familiar in a great many Adventist homes by the middle of 1883. All this Mrs. White knew when she sent forth her work on Paul&rsquo;s life at that time.",
    "puborder": 2412,
    "translations": []
  },
  {
    "para_id": "756.3121",
    "id_prev": "756.3120",
    "id_next": "756.3124",
    "refcode_1": "EGWC",
    "refcode_2": "423",
    "refcode_3": "4",
    "refcode_4": "",
    "refcode_short": "EGWC 423.4",
    "refcode_long": "Ellen G. White and Her Critics, p. 423.4 (Francis D. Nichol)",
    "element_type": "p",
    "element_subtype": "standard-indented",
    "content": "And what do all these facts add up to? The answer is the same as that already given in connection with the book, <em>The Great Controversy</em>. Mrs. White knew that a great host of her readers would note that there had been certain borrowings from the other book on Paul. Therefore she must have felt that those borrowings were in no way dishonorable and could be harmonized with her claim to inspiration. And, we repeat here for emphasis: To draw any <span class=\"page-break\" data-page=\"424\"></span> other conclusion than this would be equivalent to saying that in publishing her work on Paul Mrs. White deliberately set out to expose herself as a literary thief and a prophetic fraud! A most irrational conclusion!",
    "puborder": 2413,
    "translations": []
  }
]