[
  {
    "para_id": "756.471",
    "id_prev": "756.469",
    "id_next": "756.473",
    "refcode_1": "EGWC",
    "refcode_2": "70",
    "refcode_3": "",
    "refcode_4": "",
    "refcode_short": "EGWC 70",
    "refcode_long": "Ellen G. White and Her Critics, p. 70 (Francis D. Nichol)",
    "element_type": "h3",
    "element_subtype": "",
    "content": "Chapter 5&mdash;Certain Nervous-Disorder Proofs Examined<br />Were Mrs. White&rsquo;s Visions Due to Nervous Disorders?&mdash;Part IV",
    "puborder": 353,
    "translations": []
  },
  {
    "para_id": "756.473",
    "id_prev": "756.471",
    "id_next": "756.474",
    "refcode_1": "EGWC",
    "refcode_2": "70",
    "refcode_3": "1",
    "refcode_4": "",
    "refcode_short": "EGWC 70.1",
    "refcode_long": "Ellen G. White and Her Critics, p. 70.1 (Francis D. Nichol)",
    "element_type": "p",
    "element_subtype": "standard-indented",
    "content": "In the light of the present-day medical conclusions regarding certain nervous and mental maladies, as laid alongside the life sketch of Mrs. White and the Bible description of prophets, the reader will be able, without our aid, to evaluate certain so-called symptom-proofs that have been set forth by critics to show that she suffered from hysteria and epilepsy, et cetera. To explain the phenomenon of her life as hysteria, for example, is to violate one of the most primary rules that govern modern scientific thinking; namely, that the cause must be adequate to explain the effect. Neither hysteria nor any other grave psychic disorder could have produced a life of unremitting toil and devotion; a mother wholesomely devoted to her family; a public leader drawing the blueprints of world enlargement for a church body; a spiritual guide pouring forth, from platform and through numerous books, moral and religious counsel that even non-Adventists have acclaimed as of the highest quality.",
    "puborder": 354,
    "translations": []
  },
  {
    "para_id": "756.474",
    "id_prev": "756.473",
    "id_next": "756.475",
    "refcode_1": "EGWC",
    "refcode_2": "70",
    "refcode_3": "2",
    "refcode_4": "",
    "refcode_short": "EGWC 70.2",
    "refcode_long": "Ellen G. White and Her Critics, p. 70.2 (Francis D. Nichol)",
    "element_type": "p",
    "element_subtype": "standard-indented",
    "content": "However, one of the so-called proofs that her visions were a result of psychic disorders sounds so plausible and presents so definitely the essence of a whole series of symptom-proofs that we shall examine it here. The &ldquo;proof&rdquo; will be presented in the words of D. M. Canright, who first set it forth; in fact this whole chapter must focus directly on arguments presented by him: &ldquo;I do not know that she [Mrs. White] ever had a vision while alone, or if so, only once or twice.&rdquo; In the same connection he speaks of her &ldquo;last vision,&rdquo; and gives the date, &ldquo;1875.&rdquo;",
    "puborder": 355,
    "translations": []
  },
  {
    "para_id": "756.475",
    "id_prev": "756.474",
    "id_next": "756.478",
    "refcode_1": "EGWC",
    "refcode_2": "70",
    "refcode_3": "3",
    "refcode_4": "",
    "refcode_short": "EGWC 70.3",
    "refcode_long": "Ellen G. White and Her Critics, p. 70.3 (Francis D. Nichol)",
    "element_type": "p",
    "element_subtype": "standard-indented",
    "content": "His argument is this: Her visions were the result of hysteria; <span class=\"page-break\" data-page=\"71\"></span> hysterics &ldquo;put on&rdquo; their &ldquo;act&rdquo; only in public, hysterical manifestations subside with the menopause, and in Mrs. White&rsquo;s case that would be about 1875. Therefore, her visions are merely hysterical episodes.",
    "puborder": 356,
    "translations": []
  },
  {
    "para_id": "756.478",
    "id_prev": "756.475",
    "id_next": "756.479",
    "refcode_1": "EGWC",
    "refcode_2": "71",
    "refcode_3": "1",
    "refcode_4": "",
    "refcode_short": "EGWC 71.1",
    "refcode_long": "Ellen G. White and Her Critics, p. 71.1 (Francis D. Nichol)",
    "element_type": "p",
    "element_subtype": "standard-indented",
    "content": "But we have discovered that (1) there is no causal relationship between the fact of the menopause and the subsidence of the bizarre features of hysteria; (2) Mrs. White&rsquo;s visions were very definitely not all in public, even in the years before 1875; (3) her &ldquo;last vision&rdquo; was not in &ldquo;1875.&rdquo; The available evidence points to her having visions until the last years of her life. True, they were not public visions, but they were nonetheless visions. That fact stands out clear from the record, and that fact quite demolishes the argument so carefully constructed to prove that hysteria is the explanation of her visions. For the purpose of his argument, the critic dismisses the visions of her later years by a brief reference to &ldquo;impressions&rdquo; she had at night. He seeks to convey the idea that these were definitely not visions.",
    "puborder": 357,
    "translations": []
  }
]