[
  {
    "para_id": "756.1801",
    "id_prev": "756.1799",
    "id_next": "756.1802",
    "refcode_1": "EGWC",
    "refcode_2": "244",
    "refcode_3": "",
    "refcode_4": "",
    "refcode_short": "EGWC 244",
    "refcode_long": "Ellen G. White and Her Critics, p. 244 (Francis D. Nichol)",
    "element_type": "h4",
    "element_subtype": "",
    "content": "Further Positive Testimony",
    "puborder": 1403,
    "translations": []
  },
  {
    "para_id": "756.1802",
    "id_prev": "756.1801",
    "id_next": "756.1803",
    "refcode_1": "EGWC",
    "refcode_2": "244",
    "refcode_3": "1",
    "refcode_4": "",
    "refcode_short": "EGWC 244.1",
    "refcode_long": "Ellen G. White and Her Critics, p. 244.1 (Francis D. Nichol)",
    "element_type": "p",
    "element_subtype": "standard-indented",
    "content": "Strikingly similar to the vision we have been considering is the following from an article by Mrs. White that appeared in the <span class=\"nol-ink\" title=\"RH 9-#-1849\">The Present Truth, September, 1849</span>. We quote in part:",
    "puborder": 1404,
    "translations": []
  },
  {
    "para_id": "756.1803",
    "id_prev": "756.1802",
    "id_next": "756.1804",
    "refcode_1": "EGWC",
    "refcode_2": "244",
    "refcode_3": "2",
    "refcode_4": "",
    "refcode_short": "EGWC 244.2",
    "refcode_long": "Ellen G. White and Her Critics, p. 244.2 (Francis D. Nichol)",
    "element_type": "p",
    "element_subtype": "blockquote-indented",
    "content": "&ldquo;We must work while the day lasts, for when the dark night of trouble and anguish comes, it will be too late to work for God. Jesus is still in his Holy Temple, and will now accept our sacrifices, our prayers, and our confessions of faults and sins, and will now pardon all the transgressions of Israel, that they may be blotted out before he leaves the Sanctuary. When Jesus leaves the Sanctuary, then he that is holy and righteous, will be holy and righteous still; for all their sins will then be blotted out, and they will be sealed with the seal of the living God. But those that are unjust and filthy, will be unjust and filthy still; for then there will be no Priest in the Sanctuary to offer their sacrifices, their confessions, and their prayers before the Father&rsquo;s throne. Therefore, what is done to rescue souls from the coming storm of wrath, must be done before Jesus leaves the Most Holy Place of the Heavenly Sanctuary.",
    "puborder": 1405,
    "translations": []
  },
  {
    "para_id": "756.1804",
    "id_prev": "756.1803",
    "id_next": "756.1805",
    "refcode_1": "EGWC",
    "refcode_2": "244",
    "refcode_3": "3",
    "refcode_4": "",
    "refcode_short": "EGWC 244.3",
    "refcode_long": "Ellen G. White and Her Critics, p. 244.3 (Francis D. Nichol)",
    "element_type": "p",
    "element_subtype": "blockquote-indented",
    "content": "&ldquo;The Lord has shown me that precious souls are starving, and dying for want of the present, sealing truth, the meat in due season; and that the swift messengers should speed on their way, and feed the flock with the present truth. I heard an Angel say, &lsquo;speed the swift messengers, speed the swift messengers; for the case of every soul will soon be decided, either for Life, or for Death.&rsquo;&rdquo;&mdash;Page 32.",
    "puborder": 1406,
    "translations": []
  },
  {
    "para_id": "756.1805",
    "id_prev": "756.1804",
    "id_next": "756.1806",
    "refcode_1": "EGWC",
    "refcode_2": "244",
    "refcode_3": "4",
    "refcode_4": "",
    "refcode_short": "EGWC 244.4",
    "refcode_long": "Ellen G. White and Her Critics, p. 244.4 (Francis D. Nichol)",
    "element_type": "p",
    "element_subtype": "standard-indented",
    "content": "Mrs. White&rsquo;s reference to the &ldquo;unjust&rdquo; and the &ldquo;filthy&rdquo; is from the text in Revelation that proclaims the close of probation. She speaks of that proclamation as still future. What if she had said that this text was fulfilled in 1844!",
    "puborder": 1407,
    "translations": []
  }
]