[
  {
    "para_id": "756.74",
    "id_prev": "756.73",
    "id_next": "756.75",
    "refcode_1": "EGWC",
    "refcode_2": "19",
    "refcode_3": "",
    "refcode_4": "",
    "refcode_short": "EGWC 19",
    "refcode_long": "Ellen G. White and Her Critics, p. 19 (Francis D. Nichol)",
    "element_type": "h4",
    "element_subtype": "",
    "content": "Selecting Charges for Answer",
    "puborder": 51,
    "translations": []
  },
  {
    "para_id": "756.75",
    "id_prev": "756.74",
    "id_next": "756.76",
    "refcode_1": "EGWC",
    "refcode_2": "19",
    "refcode_3": "2",
    "refcode_4": "",
    "refcode_short": "EGWC 19.2",
    "refcode_long": "Ellen G. White and Her Critics, p. 19.2 (Francis D. Nichol)",
    "element_type": "p",
    "element_subtype": "standard-indented",
    "content": "In planning this book I have been confronted by the same question that confronts the writer of a work in defense of the Bible; namely, What charges shall be considered? No book would be large enough to deal with all the charges, small and great, relevant and irrelevant, that have been brought against the Bible. The defender of Scripture must decide which are impressive sounding, representative, and currently prominent. On these he focuses, and all his readers who are sincerely seeking for light conclude that if he has answered these satisfactorily the case for the Bible is proved. Or at least that it is not worth spending time on the other charges.",
    "puborder": 52,
    "translations": []
  },
  {
    "para_id": "756.76",
    "id_prev": "756.75",
    "id_next": "756.79",
    "refcode_1": "EGWC",
    "refcode_2": "19",
    "refcode_3": "3",
    "refcode_4": "",
    "refcode_short": "EGWC 19.3",
    "refcode_long": "Ellen G. White and Her Critics, p. 19.3 (Francis D. Nichol)",
    "element_type": "p",
    "element_subtype": "standard-indented",
    "content": "Even so with this present undertaking. Listed here for answer <span class=\"page-break\" data-page=\"20\"></span> are all the charges against Mrs. White which are currently prominent, representative, and impressive sounding. For good measure several have been added that cannot thus qualify. In deciding on this list I have been aided materially by Mrs. White&rsquo;s critics. An examination of their varied writings enables one quickly to see what charges they have focused on through the years. I have been aided even more effectively by the office of the Ellen G. White Publications, which naturally is acquainted with all the major charges that critics constantly present. All these are included in the list examined in this book. Sincere, reasonable readers will not ask more than this, and it is for such that this work has been written.",
    "puborder": 53,
    "translations": []
  },
  {
    "para_id": "756.79",
    "id_prev": "756.76",
    "id_next": "756.80",
    "refcode_1": "EGWC",
    "refcode_2": "20",
    "refcode_3": "1",
    "refcode_4": "",
    "refcode_short": "EGWC 20.1",
    "refcode_long": "Ellen G. White and Her Critics, p. 20.1 (Francis D. Nichol)",
    "element_type": "p",
    "element_subtype": "standard-indented",
    "content": "What benefit these pages may prove to the reader can only be hopefully surmised. But this I know with certainty, and offer it here as a personal testimony: After examining all the major charges against Mrs. White, I rise from the task with a greatly strengthened conviction that she was, as she herself modestly yet confidently affirmed, a frail handmaiden of the Almighty to whom were given divine visions and revelations, that indeed there was manifested in her life the great power of God. May all who read this book reach the same soul-satisfying conclusion.",
    "puborder": 54,
    "translations": []
  },
  {
    "para_id": "756.80",
    "id_prev": "756.79",
    "id_next": "756.82",
    "refcode_1": "EGWC",
    "refcode_2": "20",
    "refcode_3": "",
    "refcode_4": "",
    "refcode_short": "",
    "refcode_long": "",
    "element_type": "p",
    "element_subtype": "right",
    "content": "Washington, D.C.\n<br />January, 1951.",
    "puborder": 55,
    "translations": []
  }
]