{
  "book_id": 1657,
  "code": "HST",
  "lang": "en",
  "type": "periodical",
  "subtype": "",
  "title": "Signs of the Times and Expositor of Prophecy [Himes], vol. 3",
  "first_para": "1657.2",
  "author": "Signs of the Times [J.V. Himes]",
  "description": "",
  "npages": 0,
  "isbn": null,
  "publisher": "",
  "pub_year": "1842",
  "buy_link": null,
  "folder_id": 174,
  "cover": {},
  "files": {},
  "permission_required": "public",
  "sort": 291000003,
  "is_audiobook": false,
  "cite": "",
  "translated_into": []
}