[
  {
    "para_id": "387.259",
    "id_prev": "387.258",
    "id_next": "387.260",
    "refcode_1": "HFM",
    "refcode_2": "52",
    "refcode_3": "",
    "refcode_4": "17",
    "refcode_short": "HFM 52",
    "refcode_long": "The Health Food Ministry, p. 52 (Ellen Gould White)",
    "element_type": "h3",
    "element_subtype": "",
    "content": "Simple and Inexpensive Foods",
    "puborder": 183,
    "translations": [
      {
        "para_id": "12305.260",
        "lang": "ru",
        "refcode": "СЗП 52"
      }
    ]
  },
  {
    "para_id": "387.260",
    "id_prev": "387.259",
    "id_next": "387.263",
    "refcode_1": "HFM",
    "refcode_2": "52",
    "refcode_3": "2",
    "refcode_4": "",
    "refcode_short": "HFM 52.2",
    "refcode_long": "The Health Food Ministry, p. 52.2 (Ellen Gould White)",
    "element_type": "p",
    "element_subtype": "standard-indented",
    "content": "To many in different places the Lord will give intelligence in regard to health foods. He can spread a table in the wilderness. Health foods should be prepared by our churches who are trying to practice the principles of health reform. But as surely as they should do this, some would say that they are infringing on their rights. But who gave them wisdom to prepare these foods?&mdash; the God of heaven. That same God will give wisdom to His people in the different countries to use the productions of these countries in preparing health foods. In simple, inexpensive ways, our people are to experiment with the fruits and grains and roots in the country in <span class=\"page-break\" data-page=\"53\"></span> which they live. In the different countries inexpensive health foods are to be manufactured for the benefit of the poor.",
    "puborder": 184,
    "translations": [
      {
        "para_id": "12305.261",
        "lang": "ru",
        "refcode": "СЗП 52.2"
      }
    ]
  },
  {
    "para_id": "387.263",
    "id_prev": "387.260",
    "id_next": "387.264",
    "refcode_1": "HFM",
    "refcode_2": "53",
    "refcode_3": "1",
    "refcode_4": "",
    "refcode_short": "HFM 53.1",
    "refcode_long": "The Health Food Ministry, p. 53.1 (Ellen Gould White)",
    "element_type": "p",
    "element_subtype": "standard-indented",
    "content": "The message God has given me is that His people in foreign lands are not to depend for their supply of health foods on the importation of health foods from America. The freight and the duty make the cost of these foods so high that the poor, who are just as precious in the sight of God as the wealthy, can not have the advantage of them.",
    "puborder": 185,
    "translations": [
      {
        "para_id": "12305.264",
        "lang": "ru",
        "refcode": "СЗП 53.1"
      }
    ]
  }
]