[
  {
    "para_id": "1974.554",
    "id_prev": "1974.553",
    "id_next": "1974.555",
    "refcode_1": "BOE",
    "refcode_2": "71",
    "refcode_3": "",
    "refcode_4": "46",
    "refcode_short": "BOE 71",
    "refcode_long": "Beginning of the End, p. 71 (Ellen Gould White)",
    "element_type": "h4",
    "element_subtype": "",
    "content": "Lot Loses Everything Except His Life",
    "puborder": 431,
    "translations": []
  },
  {
    "para_id": "1974.555",
    "id_prev": "1974.554",
    "id_next": "1974.556",
    "refcode_1": "BOE",
    "refcode_2": "71",
    "refcode_3": "2",
    "refcode_4": "",
    "refcode_short": "BOE 71.2",
    "refcode_long": "Beginning of the End, p. 71.2 (Ellen Gould White)",
    "element_type": "p",
    "element_subtype": "standard-indented",
    "content": "Lot returned sorrowfully to his home and reported that his appeal had failed. Then the angels told him to take his wife and two daughters who were still in the house and leave. But Lot delayed. He had no true concept of the debasing sins practiced in that wicked city, and he did not realize the terrible necessity for God&rsquo;s judgments to put a restraint on sin. Some of Lot&rsquo;s children clung to Sodom, and the thought of leaving those whom he held dearest on earth seemed more than he could bear. It was hard to forsake his luxurious home and all the wealth of his whole life, to go out as a poor, homeless wanderer. Shocked with sorrow, he lingered. If it had not been for the angels, all of them would have perished. The heavenly messengers took him and his wife and daughters by the hand and led them out of the city.",
    "puborder": 432,
    "translations": []
  },
  {
    "para_id": "1974.556",
    "id_prev": "1974.555",
    "id_next": "1974.557",
    "refcode_1": "BOE",
    "refcode_2": "71",
    "refcode_3": "3",
    "refcode_4": "",
    "refcode_short": "BOE 71.3",
    "refcode_long": "Beginning of the End, p. 71.3 (Ellen Gould White)",
    "element_type": "p",
    "element_subtype": "standard-indented",
    "content": "In all the cities of the plain, even ten righteous persons had not been found. But in answer to Abraham&rsquo;s prayer, the one man who feared God was snatched from destruction. The command was given with startling intensity: &ldquo;Escape for your life! Do not look behind you nor stay anywhere in the plain. Escape to the mountains, lest you be destroyed.&rdquo; To cast one lingering look on the city, to delay for one moment from regret to leave so beautiful a home, would cost their life. The storm of divine judgment was only waiting so that these poor fugitives could escape.",
    "puborder": 433,
    "translations": []
  },
  {
    "para_id": "1974.557",
    "id_prev": "1974.556",
    "id_next": "1974.560",
    "refcode_1": "BOE",
    "refcode_2": "71",
    "refcode_3": "4",
    "refcode_4": "",
    "refcode_short": "BOE 71.4",
    "refcode_long": "Beginning of the End, p. 71.4 (Ellen Gould White)",
    "element_type": "p",
    "element_subtype": "standard-indented",
    "content": "But Lot, confused and terrified, pleaded that he could not do what the two visitors had told him to do. Living in that wicked city, his faith had grown weak. The Prince of heaven was by his side, yet he pleaded for his own life as though God, who had shown such love for him, would not still take care of him. He should have trusted himself entirely to the divine Messenger. &ldquo;See now, this city is near enough to flee to, and it is a little one; Please let <span class=\"page-break\" data-page=\"72\"></span> me escape there (is it not a little one?) and my soul shall live.&rdquo; Zoar was only a few miles from Sodom, and like it, was corrupt and doomed to destruction. But Lot asked for it to be spared, urging that this was just a small request. His desire was granted. The Lord assured him, &ldquo;I have favored you concerning this thing also, in that I will not overthrow this city for which you have spoken.&rdquo;",
    "puborder": 434,
    "translations": []
  },
  {
    "para_id": "1974.560",
    "id_prev": "1974.557",
    "id_next": "1974.561",
    "refcode_1": "BOE",
    "refcode_2": "72",
    "refcode_3": "1",
    "refcode_4": "",
    "refcode_short": "BOE 72.1",
    "refcode_long": "Beginning of the End, p. 72.1 (Ellen Gould White)",
    "element_type": "p",
    "element_subtype": "standard-indented",
    "content": "Again the command was given to hurry, for the fiery storm would be delayed only a little longer. But one of the fugitives took a look backward to the doomed city, and she became a monument of God&rsquo;s judgment. If Lot himself had earnestly fled toward the mountains without one word of objection, his wife would have made her escape also. His example would have saved her from the sin that sealed her doom, but his reluctance caused her to regard the divine warning lightly. While her body was on the plain, her heart clung to Sodom, and she perished with it. She rebelled against God because His judgments involved her possessions and children in the ruin. She felt that God had dealt severely with her in requiring that the wealth that had taken years to accumulate be left to destruction. Instead of thankfully accepting deliverance, she looked back presumptuously, longing for the way of life of those who rejected the divine warning.",
    "puborder": 435,
    "translations": []
  },
  {
    "para_id": "1974.561",
    "id_prev": "1974.560",
    "id_next": "1974.562",
    "refcode_1": "BOE",
    "refcode_2": "72",
    "refcode_3": "2",
    "refcode_4": "",
    "refcode_short": "BOE 72.2",
    "refcode_long": "Beginning of the End, p. 72.2 (Ellen Gould White)",
    "element_type": "p",
    "element_subtype": "standard-indented",
    "content": "There are Christians who say, &ldquo;I don&rsquo;t want to be saved unless my companion and children are saved.&rdquo; They feel heaven would not be heaven without the presence of those who are so dear. But have those who cherish this feeling forgotten that they are bound by the strongest ties of love and loyalty to their Creator and Redeemer? Because our friends reject the Savior&rsquo;s love, shall we also turn away? Christ has paid an infinite price for our salvation, and no one who appreciates its value will despise God&rsquo;s mercy because others choose to do so. The fact that others ignore His claims should spur us on to be more diligent, that we may honor God and lead all whom we can to accept His love.",
    "puborder": 436,
    "translations": []
  }
]