[
  {
    "para_id": "1974.2894",
    "id_prev": "1974.2893",
    "id_next": "1974.2895",
    "refcode_1": "BOE",
    "refcode_2": "343",
    "refcode_3": "",
    "refcode_4": "235",
    "refcode_short": "BOE 343",
    "refcode_long": "Beginning of the End, p. 343 (Ellen Gould White)",
    "element_type": "h4",
    "element_subtype": "",
    "content": "The Sad End of the &ldquo;Anointed of the Lord&rdquo;",
    "puborder": 2309,
    "translations": []
  },
  {
    "para_id": "1974.2895",
    "id_prev": "1974.2894",
    "id_next": "1974.2896",
    "refcode_1": "BOE",
    "refcode_2": "343",
    "refcode_3": "6",
    "refcode_4": "",
    "refcode_short": "BOE 343.6",
    "refcode_long": "Beginning of the End, p. 343.6 (Ellen Gould White)",
    "element_type": "p",
    "element_subtype": "standard-indented",
    "content": "The armies of Israel and the Philistines came together in deadly combat. Though the frightening scene in the cave of Endor had driven all hope from his heart, Saul fought with heroic courage, but it was in vain. &ldquo;The men of Israel fled from before the Philistines, and fell slain on Mount Gilboa.&rdquo; Saul had seen his soldiers falling around him and his three princely sons cut down by the sword. He himself was wounded and could neither fight nor run. Escape was impossible, so, determined to not be taken alive by the Philistines, Saul took his own life by falling on his sword.",
    "puborder": 2310,
    "translations": []
  },
  {
    "para_id": "1974.2896",
    "id_prev": "1974.2895",
    "id_next": "1974.2897",
    "refcode_1": "BOE",
    "refcode_2": "343",
    "refcode_3": "7",
    "refcode_4": "",
    "refcode_short": "BOE 343.7",
    "refcode_long": "Beginning of the End, p. 343.7 (Ellen Gould White)",
    "element_type": "p",
    "element_subtype": "standard-indented",
    "content": "Thus the first king of Israel died, with the guilt of self-murder on his soul. His life had been a failure, and he went down in dishonor and despair.",
    "puborder": 2311,
    "translations": []
  },
  {
    "para_id": "1974.2897",
    "id_prev": "1974.2896",
    "id_next": "1974.2900",
    "refcode_1": "BOE",
    "refcode_2": "343",
    "refcode_3": "8",
    "refcode_4": "",
    "refcode_short": "BOE 343.8",
    "refcode_long": "Beginning of the End, p. 343.8 (Ellen Gould White)",
    "element_type": "p",
    "element_subtype": "standard-indented",
    "content": "The news of defeat spread far and wide, creating terror in all of Israel. The people fled from the cities, and the Philistines took possession without fighting. Saul&rsquo;s reign, <span class=\"page-break\" data-page=\"344\"></span> independent of God, had almost ruined his people.",
    "puborder": 2312,
    "translations": []
  },
  {
    "para_id": "1974.2900",
    "id_prev": "1974.2897",
    "id_next": "1974.2901",
    "refcode_1": "BOE",
    "refcode_2": "344",
    "refcode_3": "1",
    "refcode_4": "",
    "refcode_short": "BOE 344.1",
    "refcode_long": "Beginning of the End, p. 344.1 (Ellen Gould White)",
    "element_type": "p",
    "element_subtype": "standard-indented",
    "content": "On the next day, the Philistines discovered the bodies of Saul and his three sons. They cut off Saul&rsquo;s head and stripped him of his armor. Then they sent the head and the armor, reeking with blood, to the country of the Philistines as a trophy of victory, &ldquo;to proclaim it in the temple of their idols and among the people.&rdquo; Thus the glory of victory was credited to the power of false gods, and the name of Jehovah was dishonored.",
    "puborder": 2313,
    "translations": []
  },
  {
    "para_id": "1974.2901",
    "id_prev": "1974.2900",
    "id_next": "1974.2903",
    "refcode_1": "BOE",
    "refcode_2": "344",
    "refcode_3": "2",
    "refcode_4": "",
    "refcode_short": "BOE 344.2",
    "refcode_long": "Beginning of the End, p. 344.2 (Ellen Gould White)",
    "element_type": "p",
    "element_subtype": "standard-indented",
    "content": "In Beth Shan the bodies of Saul and his sons were hung up in chains, to be eaten by birds of prey. But the brave men of Jabesh Gilead, remembering Saul&rsquo;s deliverance in earlier and happier years, now showed their gratitude by rescuing the bodies of the king and princes and giving them an honorable burial. Thus the noble deed performed forty years before gained for Saul and his sons a burial by tender and pitying hands in that dark hour of defeat and dishonor.",
    "puborder": 2314,
    "translations": []
  }
]