[
  {
    "para_id": "1974.71",
    "id_prev": "1974.70",
    "id_next": "1974.72",
    "refcode_1": "BOE",
    "refcode_2": "13",
    "refcode_3": "",
    "refcode_4": "5",
    "refcode_short": "BOE 13",
    "refcode_long": "Beginning of the End, p. 13 (Ellen Gould White)",
    "element_type": "h4",
    "element_subtype": "",
    "content": "The First Marriage",
    "puborder": 48,
    "translations": []
  },
  {
    "para_id": "1974.72",
    "id_prev": "1974.71",
    "id_next": "1974.73",
    "refcode_1": "BOE",
    "refcode_2": "13",
    "refcode_3": "2",
    "refcode_4": "",
    "refcode_short": "BOE 13.2",
    "refcode_long": "Beginning of the End, p. 13.2 (Ellen Gould White)",
    "element_type": "p",
    "element_subtype": "standard-indented",
    "content": "After the creation of Adam, &ldquo;God said, &lsquo;It is not good that man should be alone; I will make a helper comparable to him.&rsquo;&rdquo; God gave Adam a companion fitted for him, who would be one with him in love and sympathy. Eve was created from a rib taken from Adam&rsquo;s side. She was not to control him as the head, nor to be trampled under his feet as an inferior, but to stand by his side as an equal, loved and protected by him. She was his second self, showing the close union that should exist in this relationship. &ldquo;For no one ever hated his own flesh, but nourishes and cherishes it.&rdquo; &ldquo;Therefore a man shall leave his father and mother and be joined to his wife, and they shall become one&rdquo; (<span class=\"egwlink egwlink_bible\" title=\"Ephesians 5:29\" data-link=\"1965.59820\">Ephesians 5:29</span>; <span class=\"egwlink egwlink_bible\" title=\"Genesis 2:24\" data-link=\"1965.114\">Genesis 2:24</span>).",
    "puborder": 49,
    "translations": []
  },
  {
    "para_id": "1974.73",
    "id_prev": "1974.72",
    "id_next": "1974.74",
    "refcode_1": "BOE",
    "refcode_2": "13",
    "refcode_3": "3",
    "refcode_4": "",
    "refcode_short": "BOE 13.3",
    "refcode_long": "Beginning of the End, p. 13.3 (Ellen Gould White)",
    "element_type": "p",
    "element_subtype": "standard-indented",
    "content": "&ldquo;Marriage is honorable&rdquo; (<span class=\"egwlink egwlink_bible\" title=\"Hebrews 13:4\" data-link=\"1965.61697\">Hebrews 13:4</span>). It is one of the two institutions that, after the fall, Adam brought with him beyond the gates of Paradise. When the divine principles are recognized and obeyed, marriage is a blessing; it guards the purity and happiness of the race and elevates the physical, intellectual, and moral nature.",
    "puborder": 50,
    "translations": []
  },
  {
    "para_id": "1974.74",
    "id_prev": "1974.73",
    "id_next": "1974.75",
    "refcode_1": "BOE",
    "refcode_2": "13",
    "refcode_3": "4",
    "refcode_4": "",
    "refcode_short": "BOE 13.4",
    "refcode_long": "Beginning of the End, p. 13.4 (Ellen Gould White)",
    "element_type": "p",
    "element_subtype": "standard-indented",
    "content": "&ldquo;The Lord God planted a garden eastward in Eden, and there He put the man whom He had formed.&rdquo; Trees of every variety were in this garden, many of them heavy with delicious fruit. There were lovely vines, growing upright, their branches drooping under their load of tempting fruit. It was the work of Adam and Eve to train the branches of the vine to form bowers, thus making a home for themselves from living trees covered with foliage and fruit. In the middle of the garden stood the tree of life, surpassing in glory all other trees. Its fruit had the power to sustain life forever.",
    "puborder": 51,
    "translations": []
  },
  {
    "para_id": "1974.75",
    "id_prev": "1974.74",
    "id_next": "1974.76",
    "refcode_1": "BOE",
    "refcode_2": "13",
    "refcode_3": "5",
    "refcode_4": "",
    "refcode_short": "BOE 13.5",
    "refcode_long": "Beginning of the End, p. 13.5 (Ellen Gould White)",
    "element_type": "p",
    "element_subtype": "standard-indented",
    "content": "&ldquo;The heavens and the earth, and all the host of them, were finished.&rdquo; &ldquo;Then God saw everything He had made, and indeed it was very good.&rdquo; No taint of sin or shadow of death marred the beautiful creation. &ldquo;The morning stars sang together, and all the sons of God shouted for joy&rdquo; (<span class=\"egwlink egwlink_bible\" title=\"Job 38:7\" data-link=\"1965.28095\">Job 38:7</span>).",
    "puborder": 52,
    "translations": []
  }
]