[
  {
    "para_id": "1974.2489",
    "id_prev": "1974.2488",
    "id_next": "1974.2490",
    "refcode_1": "BOE",
    "refcode_2": "296",
    "refcode_3": "",
    "refcode_4": "200",
    "refcode_short": "BOE 296",
    "refcode_long": "Beginning of the End, p. 296 (Ellen Gould White)",
    "element_type": "h4",
    "element_subtype": "",
    "content": "The Ark Sent to Beth Shemesh",
    "puborder": 1981,
    "translations": []
  },
  {
    "para_id": "1974.2490",
    "id_prev": "1974.2489",
    "id_next": "1974.2493",
    "refcode_1": "BOE",
    "refcode_2": "296",
    "refcode_3": "7",
    "refcode_4": "",
    "refcode_short": "BOE 296.7",
    "refcode_long": "Beginning of the End, p. 296.7 (Ellen Gould White)",
    "element_type": "p",
    "element_subtype": "standard-indented",
    "content": "Based on a widespread superstition, the Philistine lords directed the people to make likenesses of the <span class=\"page-break\" data-page=\"297\"></span> plagues that had afflicted them&mdash;&ldquo;five golden tumors and five golden rats, according to the number of the lords of the Philistines. For,&rdquo; they said, &ldquo;the same plague was on all of you and on your lords.&rdquo;",
    "puborder": 1982,
    "translations": []
  },
  {
    "para_id": "1974.2493",
    "id_prev": "1974.2490",
    "id_next": "1974.2494",
    "refcode_1": "BOE",
    "refcode_2": "297",
    "refcode_3": "1",
    "refcode_4": "",
    "refcode_short": "BOE 297.1",
    "refcode_long": "Beginning of the End, p. 297.1 (Ellen Gould White)",
    "element_type": "p",
    "element_subtype": "standard-indented",
    "content": "These wise men recognized that a mysterious power accompanied the ark. Yet they did not counsel the people to turn from their idolatry to serve the Lord. They still hated the God of Israel, though His judgments had compelled them to submit to His authority. Such submission cannot save the sinner. The heart must be yielded to God&mdash;must be subdued by divine grace&mdash;if God is to accept our repentance.",
    "puborder": 1983,
    "translations": []
  },
  {
    "para_id": "1974.2494",
    "id_prev": "1974.2493",
    "id_next": "1974.2495",
    "refcode_1": "BOE",
    "refcode_2": "297",
    "refcode_3": "2",
    "refcode_4": "",
    "refcode_short": "BOE 297.2",
    "refcode_long": "Beginning of the End, p. 297.2 (Ellen Gould White)",
    "element_type": "p",
    "element_subtype": "standard-indented",
    "content": "How great is God&rsquo;s patience toward the wicked! Ten thousand unnoticed mercies were silently falling on the pathway of the ungrateful and rebellious, but when they refused to listen to the voice of God in His created works and in the warnings and counsels of His word, He was forced to speak to them through judgments.",
    "puborder": 1984,
    "translations": []
  },
  {
    "para_id": "1974.2495",
    "id_prev": "1974.2494",
    "id_next": "1974.2496",
    "refcode_1": "BOE",
    "refcode_2": "297",
    "refcode_3": "3",
    "refcode_4": "",
    "refcode_short": "BOE 297.3",
    "refcode_long": "Beginning of the End, p. 297.3 (Ellen Gould White)",
    "element_type": "p",
    "element_subtype": "standard-indented",
    "content": "The priests and the soothsayers urged the people not to imitate the stubbornness of Pharaoh and the Egyptians and thus bring still greater afflictions on themselves. These religious leaders now proposed a plan with which everyone agreed. The ark, with the golden trespass offering, was placed on a new cart, to avoid all danger of defilement. Two milk cows that had never worn a yoke were attached to the cart. Their calves were shut up at home and the cows were left free to go where they pleased. If the ark returned to the Israelites in this manner by way of Beth Shemesh, the nearest city of the Levites, the Philistines would take this as evidence that the God of Israel had done this great evil to them. &ldquo;But if not,&rdquo; they said, &ldquo;then we shall know that it is not His hand that struck us&mdash;it happened to us by chance.&rdquo;",
    "puborder": 1985,
    "translations": []
  },
  {
    "para_id": "1974.2496",
    "id_prev": "1974.2495",
    "id_next": "1974.2497",
    "refcode_1": "BOE",
    "refcode_2": "297",
    "refcode_3": "4",
    "refcode_4": "",
    "refcode_short": "BOE 297.4",
    "refcode_long": "Beginning of the End, p. 297.4 (Ellen Gould White)",
    "element_type": "p",
    "element_subtype": "standard-indented",
    "content": "When they were set free, the cows turned from their young and took the direct road to Beth Shemesh. Not guided by any human hand, the patient animals kept on their way. The divine Presence accompanied the ark safely to the very place chosen by the Philistines.",
    "puborder": 1986,
    "translations": []
  },
  {
    "para_id": "1974.2497",
    "id_prev": "1974.2496",
    "id_next": "1974.2498",
    "refcode_1": "BOE",
    "refcode_2": "297",
    "refcode_3": "5",
    "refcode_4": "",
    "refcode_short": "BOE 297.5",
    "refcode_long": "Beginning of the End, p. 297.5 (Ellen Gould White)",
    "element_type": "p",
    "element_subtype": "standard-indented",
    "content": "The men of Beth Shemesh were reaping in the valley, &ldquo;and saw the ark, and rejoiced to see it. Then the cart came into the field of Joshua of Beth Shemesh, and stood there; a large stone was there. So they split the wood of the cart and offered the cows as a burnt offering to the Lord.&rdquo; The Philistines had followed the ark &ldquo;to the border of Beth Shemesh&rdquo; and had seen its reception. The plague had stopped, and they were convinced that their calamities had been a judgment from the God of Israel.",
    "puborder": 1987,
    "translations": []
  }
]