[
  {
    "para_id": "1974.1782",
    "id_prev": "1974.1779",
    "id_next": "1974.1783",
    "refcode_1": "BOE",
    "refcode_2": "215",
    "refcode_3": "",
    "refcode_4": "144",
    "refcode_short": "BOE 215",
    "refcode_long": "Beginning of the End, p. 215 (Ellen Gould White)",
    "element_type": "h4",
    "element_subtype": "",
    "content": "Moses Trusted God",
    "puborder": 1417,
    "translations": []
  },
  {
    "para_id": "1974.1783",
    "id_prev": "1974.1782",
    "id_next": "1974.1784",
    "refcode_1": "BOE",
    "refcode_2": "215",
    "refcode_3": "1",
    "refcode_4": "",
    "refcode_short": "BOE 215.1",
    "refcode_long": "Beginning of the End, p. 215.1 (Ellen Gould White)",
    "element_type": "p",
    "element_subtype": "standard-indented",
    "content": "Confident of success, the king came out with an immense army on the open plain. When the Hebrews looked at that giant of giants towering above the soldiers of his army, when they saw the seemingly invincible fortress with unseen thousands entrenched behind it, the hearts of many quaked with fear. But Moses was calm and firm; the Lord had said concerning the king of Bashan, &ldquo;Do not fear him: for I have delivered him and all his people and his land into your hand; you shall do to him as you did to Sihon king of the Amorites.&rdquo;",
    "puborder": 1418,
    "translations": []
  },
  {
    "para_id": "1974.1784",
    "id_prev": "1974.1783",
    "id_next": "1974.1785",
    "refcode_1": "BOE",
    "refcode_2": "215",
    "refcode_3": "2",
    "refcode_4": "",
    "refcode_short": "BOE 215.2",
    "refcode_long": "Beginning of the End, p. 215.2 (Ellen Gould White)",
    "element_type": "p",
    "element_subtype": "standard-indented",
    "content": "No mighty giants, walled cities, armed hosts, nor rocky fortresses could stand before the Captain of the Lord&rsquo;s host. The Lord led the army, and the Lord conquered in behalf of Israel. The giant king and his army were destroyed, and the Israelites soon took possession of the whole country. Thus that strange people who had given themselves up to terrible idolatry were blotted from the earth.",
    "puborder": 1419,
    "translations": []
  }
]