[
  {
    "para_id": "1974.1266",
    "id_prev": "1974.1264",
    "id_next": "1974.1267",
    "refcode_1": "BOE",
    "refcode_2": "153",
    "refcode_3": "",
    "refcode_4": "28",
    "refcode_short": "BOE 153",
    "refcode_long": "Beginning of the End, p. 153 (Ellen Gould White)",
    "element_type": "h3",
    "element_subtype": "",
    "content": "Israel Worships a Golden Calf",
    "puborder": 1001,
    "translations": []
  },
  {
    "para_id": "1974.1267",
    "id_prev": "1974.1266",
    "id_next": "1974.1268",
    "refcode_1": "BOE",
    "refcode_2": "153",
    "refcode_3": "",
    "refcode_4": "",
    "refcode_short": "",
    "refcode_long": "",
    "element_type": "p",
    "element_subtype": "bibletext",
    "content": "<span class=\"non-egw-comment\">This chapter is based on <span class=\"egwlink egwlink_bible\" title=\"Exodus 32:1\" data-link=\"1965.4965\">Exodus 32 to 34</span>.</span>",
    "puborder": 1002,
    "translations": []
  },
  {
    "para_id": "1974.1268",
    "id_prev": "1974.1267",
    "id_next": "1974.1269",
    "refcode_1": "BOE",
    "refcode_2": "153",
    "refcode_3": "1",
    "refcode_4": "",
    "refcode_short": "BOE 153.1",
    "refcode_long": "Beginning of the End, p. 153.1 (Ellen Gould White)",
    "element_type": "p",
    "element_subtype": "standard-indented",
    "content": "While Moses was away on the mountain, it was a time of waiting and suspense for Israel. The people waited eagerly for his return. In Egypt they had become accustomed to material objects representing deity, and it had been hard for them to trust in an invisible being. They had come to rely on Moses to sustain their faith, but now he was taken from them. Week after week passed, and he still did not return. It seemed to many in the camp that their leader had deserted them or that he had been consumed by the devouring fire.",
    "puborder": 1003,
    "translations": []
  },
  {
    "para_id": "1974.1269",
    "id_prev": "1974.1268",
    "id_next": "1974.1270",
    "refcode_1": "BOE",
    "refcode_2": "153",
    "refcode_3": "2",
    "refcode_4": "",
    "refcode_short": "BOE 153.2",
    "refcode_long": "Beginning of the End, p. 153.2 (Ellen Gould White)",
    "element_type": "p",
    "element_subtype": "standard-indented",
    "content": "During this period of waiting, there was time to meditate on the law of God which they had heard and to prepare their hearts to receive any further revelations that He might make to them. If they had been seeking a clearer understanding of God&rsquo;s requirements and humbling their hearts before Him, they would have been shielded from temptation. But soon they became careless, inattentive, and lawless&mdash;especially the &ldquo;mixed multitude.&rdquo; They were impatient to be on their way to the land flowing with milk and honey. That good land was promised to them only on condition of obedience, but they had forgotten this. Some suggested they return to Egypt, but whether forward to Canaan or backward to Egypt, most of the people were determined to not wait any longer for Moses.",
    "puborder": 1004,
    "translations": []
  },
  {
    "para_id": "1974.1270",
    "id_prev": "1974.1269",
    "id_next": "1974.1272",
    "refcode_1": "BOE",
    "refcode_2": "153",
    "refcode_3": "3",
    "refcode_4": "",
    "refcode_short": "BOE 153.3",
    "refcode_long": "Beginning of the End, p. 153.3 (Ellen Gould White)",
    "element_type": "p",
    "element_subtype": "standard-indented",
    "content": "The &ldquo;mixed multitude&rdquo; had been the first to indulge in complaining and impatience, and they were the leaders in apostasy. Among the objects the Egyptians regarded as symbols of deity was the ox or calf. At the suggestion of those who had practiced idolatry in Egypt, a calf was now made and worshiped. The people wanted some image to represent God and to go ahead of them in the place of Moses. The mighty miracles in Egypt and at the Red Sea were intended to establish faith in God as the invisible, all-powerful Helper of Israel. The people&rsquo;s desire for some visible display of His presence had been granted in the pillar of cloud and of fire, and in the revealing of His glory on Mount Sinai. But with the cloud of the Presence still in front of them, in their hearts they turned back to the idolatry of Egypt.",
    "puborder": 1005,
    "translations": []
  },
  {
    "para_id": "1974.1272",
    "id_prev": "1974.1270",
    "id_next": "1974.1273",
    "refcode_1": "BOE",
    "refcode_2": "154",
    "refcode_3": "1",
    "refcode_4": "",
    "refcode_short": "BOE 154.1",
    "refcode_long": "Beginning of the End, p. 154.1 (Ellen Gould White)",
    "element_type": "p",
    "element_subtype": "standard-indented",
    "content": "In Moses&rsquo; absence, the judicial authority had been delegated to Aaron, and a vast crowd gathered about his tent. The cloud, they said, now rested permanently on the mountain; it would no longer direct their travels. They must have an image in its place. And if, as some had suggested, they should return to Egypt, they would find favor with the Egyptians by carrying this image ahead of them as their god. (See <span class=\"egwlink egwlink_book\" title=\"BOE 383\" data-link=\"1974.3233\">Appendix</span>, Note 3.)",
    "puborder": 1006,
    "translations": []
  }
]