[
  {
    "para_id": "1582.1909",
    "id_prev": "1582.1907",
    "id_next": "1582.1910",
    "refcode_1": "PFF3",
    "refcode_2": "283",
    "refcode_3": "",
    "refcode_4": "16",
    "refcode_short": "PFF3 283",
    "refcode_long": "The Prophetic Faith of Our Fathers, vol. 3, p. 283 (LeRoy Edwin Froom)",
    "element_type": "h3",
    "element_subtype": "",
    "content": "CHAPTER SIXTEEN: Panoramic Preview of Developing Interpretations",
    "puborder": 1467,
    "translations": []
  },
  {
    "para_id": "1582.1910",
    "id_prev": "1582.1909",
    "id_next": "1582.1911",
    "refcode_1": "PFF3",
    "refcode_2": "283",
    "refcode_3": "",
    "refcode_4": "97",
    "refcode_short": "PFF3 283",
    "refcode_long": "The Prophetic Faith of Our Fathers, vol. 3, p. 283 (LeRoy Edwin Froom)",
    "element_type": "h4",
    "element_subtype": "",
    "content": "I. &ldquo;Christian Observer&rdquo; Forum for Growing Prophetic Discussion",
    "puborder": 1468,
    "translations": []
  },
  {
    "para_id": "1582.1911",
    "id_prev": "1582.1910",
    "id_next": "1582.1912",
    "refcode_1": "PFF3",
    "refcode_2": "283",
    "refcode_3": "1",
    "refcode_4": "",
    "refcode_short": "PFF3 283.1",
    "refcode_long": "The Prophetic Faith of Our Fathers, vol. 3, p. 283.1 (LeRoy Edwin Froom)",
    "element_type": "p",
    "element_subtype": "standard-indented",
    "content": "Perhaps no other printed medium of the time so uniquely revealed the growing interest in the prophecies and the progressive advances in exposition as did the staid London monthly The Christian Observer. Founded in 1802, edited by Josiah Pratt, vicar of St. Stephen&rsquo;s, and others, and issued by the members of (he Established Church, it dealt frequently with prophecy from its very first volume. It was often the medium for the introduction of advanced positions in interpretation, as well as a forum for the free and frank discussion of differing viewpoints.",
    "puborder": 1469,
    "translations": []
  },
  {
    "para_id": "1582.1912",
    "id_prev": "1582.1911",
    "id_next": "1582.1913",
    "refcode_1": "PFF3",
    "refcode_2": "283",
    "refcode_3": "2",
    "refcode_4": "",
    "refcode_short": "PFF3 283.2",
    "refcode_long": "The Prophetic Faith of Our Fathers, vol. 3, p. 283.2 (LeRoy Edwin Froom)",
    "element_type": "p",
    "element_subtype": "standard-indented",
    "content": "No more suitable vehicle is afforded through which to begin our tracing of the developments of prophetic interpretation from the turn of the century to the period of the prolific production of prophetic literature in the third and fourth decades. It pioneered the way until the various organizations came into being, prophetic conferences were called, and special periodicals were launched for the specific study of prophecy. It was a mirror of the times and afforded an effective medium for voicing the growing convictions of many.",
    "puborder": 1470,
    "translations": []
  },
  {
    "para_id": "1582.1913",
    "id_prev": "1582.1912",
    "id_next": "1582.1916",
    "refcode_1": "PFF3",
    "refcode_2": "283",
    "refcode_3": "3",
    "refcode_4": "",
    "refcode_short": "PFF3 283.3",
    "refcode_long": "The Prophetic Faith of Our Fathers, vol. 3, p. 283.3 (LeRoy Edwin Froom)",
    "element_type": "p",
    "element_subtype": "standard-indented",
    "content": "It was, moreover, doubly unique in that an American edition, running article for article, was published at Boston, starting with the very first issue. For church periodicals, &ldquo;Americans had to turn to the mother country, and Anglican <span class=\"page-break\" data-page=\"284\"></span> churchmen naturally turned to the press of the Church of England. <sup class=\"footnote\"><a class=\"footnote\">1<span class=\"footnote\">Clifford P. Morehouse, &ldquo;Origins of the Episcopal Church Press from Colonial Days to 1840,&rdquo; in Historical Magazine of lite Protestant Episcopal Church, September, 1942 (vol. 11, no. 3), p. 206.</span></a></sup> As to its extent of circulation and influence in America, Morehouse adds:",
    "puborder": 1471,
    "translations": []
  },
  {
    "para_id": "1582.1916",
    "id_prev": "1582.1913",
    "id_next": "1582.1917",
    "refcode_1": "PFF3",
    "refcode_2": "284",
    "refcode_3": "1",
    "refcode_4": "",
    "refcode_short": "PFF3 284.1",
    "refcode_long": "The Prophetic Faith of Our Fathers, vol. 3, p. 284.1 (LeRoy Edwin Froom)",
    "element_type": "p",
    "element_subtype": "standard-indented",
    "content": "&ldquo;The Christian Observer was probably the most widely read of the English Church periodicals in America. Indeed in 1802 it began to be regularly reprinted in Boston, and thereafter for many years it had a considerable circulation in New England, New York, and other parts of this country. No attempts were made to adapt this publication to American conditions, and it paid little attention to American affairs, except when they were of a bizzare nature.&rdquo; <sup class=\"footnote\"><a class=\"footnote\">2<span class=\"footnote\">Ibid., pp. 206, 207.</span></a></sup>",
    "puborder": 1472,
    "translations": []
  },
  {
    "para_id": "1582.1917",
    "id_prev": "1582.1916",
    "id_next": "1582.1918",
    "refcode_1": "PFF3",
    "refcode_2": "284",
    "refcode_3": "2",
    "refcode_4": "",
    "refcode_short": "PFF3 284.2",
    "refcode_long": "The Prophetic Faith of Our Fathers, vol. 3, p. 284.2 (LeRoy Edwin Froom)",
    "element_type": "p",
    "element_subtype": "standard-indented",
    "content": "Thus it was that the matters of concern to British students of prophecy were brought promptly and uniformly before many American readers. Let us now follow the unfolding discussion that appeared in its pages.",
    "puborder": 1473,
    "translations": []
  },
  {
    "para_id": "1582.1918",
    "id_prev": "1582.1917",
    "id_next": "1582.1919",
    "refcode_1": "PFF3",
    "refcode_2": "284",
    "refcode_3": "",
    "refcode_4": "304",
    "refcode_short": "PFF3 284",
    "refcode_long": "The Prophetic Faith of Our Fathers, vol. 3, p. 284 (LeRoy Edwin Froom)",
    "element_type": "h5",
    "element_subtype": "",
    "content": "1. &ldquo;JUVENIS&rdquo; AVERS TURKISH 391 YEARS COMMONLY ACCEPTED",
    "puborder": 1474,
    "translations": []
  },
  {
    "para_id": "1582.1919",
    "id_prev": "1582.1918",
    "id_next": "1582.1920",
    "refcode_1": "PFF3",
    "refcode_2": "284",
    "refcode_3": "3",
    "refcode_4": "",
    "refcode_short": "PFF3 284.3",
    "refcode_long": "The Prophetic Faith of Our Fathers, vol. 3, p. 284.3 (LeRoy Edwin Froom)",
    "element_type": "p",
    "element_subtype": "standard-indented",
    "content": "In the initial volume for 1802, &ldquo;Juvenis&rdquo; <sup class=\"footnote\"><a class=\"footnote\">3<span class=\"footnote\">Unidentified.</span></a></sup> writes on &ldquo;the prophecies relating to the Turk.&rdquo; He declares <span class=\"egwlink egwlink_bible\" title=\"Revelation 9:1\" data-link=\"1965.62927\">Revelation 9</span> to be &ldquo;one of the clearest prophecies in Scripture, and most generally understood&rdquo;; and without &ldquo;any material discordance among the Protestant interpreters&rdquo; from Brightman to Bishop Newton. <sup class=\"footnote\"><a class=\"footnote\">4<span class=\"footnote\">The Christian Observer, December, 1802 (vol. 1, no. 12), p. 763.</span></a></sup> Juvenis speaks boldly of the &ldquo;three hundred and ninety-one days, or prophetical years, during which they [the Turks] continue the slaughter of the third part of men.&rdquo; <sup class=\"footnote\"><a class=\"footnote\">5<span class=\"footnote\">Ibid.</span></a></sup>",
    "puborder": 1475,
    "translations": []
  },
  {
    "para_id": "1582.1920",
    "id_prev": "1582.1919",
    "id_next": "1582.1921",
    "refcode_1": "PFF3",
    "refcode_2": "284",
    "refcode_3": "4",
    "refcode_4": "",
    "refcode_short": "PFF3 284.4",
    "refcode_long": "The Prophetic Faith of Our Fathers, vol. 3, p. 284.4 (LeRoy Edwin Froom)",
    "element_type": "p",
    "element_subtype": "standard-indented",
    "content": "Nor does he find &ldquo;any material disagreement&rdquo; in their allocation of &ldquo;the epoch of the victorious period of the Turks.&rdquo; Then he adds, &ldquo;They all conclude this period, within the thirty last years of the seventeenth century; i.e. they fix the termination of the second woe (<span class=\"egwlink egwlink_bible\" title=\"Revelation 11:14\" data-link=\"1965.63019\">Revelation 11:14</span>) in the termination of the seventeenth century.&rdquo; <sup class=\"footnote\"><a class=\"footnote\">6<span class=\"footnote\">Ibid.</span></a></sup> On this basis he believes that the seventh trumpet has already sounded, and the &ldquo;vials contained in it begun to be poured out.&rdquo; <sup class=\"footnote\"><a class=\"footnote\">7<span class=\"footnote\">Ibid., pp. 763, 764.</span></a></sup>",
    "puborder": 1476,
    "translations": []
  },
  {
    "para_id": "1582.1921",
    "id_prev": "1582.1920",
    "id_next": "1582.1924",
    "refcode_1": "PFF3",
    "refcode_2": "284",
    "refcode_3": "5",
    "refcode_4": "",
    "refcode_short": "PFF3 284.5",
    "refcode_long": "The Prophetic Faith of Our Fathers, vol. 3, p. 284.5 (LeRoy Edwin Froom)",
    "element_type": "p",
    "element_subtype": "standard-indented",
    "content": "Juvenis also observes that &ldquo;the fall of the tenth part of the city must have taken place about the end of the said woe, <span class=\"page-break\" data-page=\"285\"></span> and the resurrection of the witnesses have been accomplished.&rdquo; <sup class=\"footnote\"><a class=\"footnote\">8<span class=\"footnote\">Ibid., p. 764.</span></a></sup> He concludes by citing Eton <sup class=\"footnote\"><a class=\"footnote\">9<span class=\"footnote\">W. E. Eton, A Survey of the Turkish Empire, 3rd ed., p. 188 ft.</span></a></sup> to the effect that the siege of Vienna, in 1683, was the &ldquo;last successful campaign of the Turks,&rdquo; and by quoting Sir Paul Rycaut to the effect that by 1698 the Turks had &ldquo;ceased to be a woe to Christendom.&rdquo; <sup class=\"footnote\"><a class=\"footnote\">10<span class=\"footnote\">Sir Paul Rycaut, The History of the Turks. Beginning With the Year 1679, vol. 3, pp. 328, 557.</span></a></sup> Juvenis adds that the success of the Christians over the Turks in 1697 led them to &ldquo;fix a period&rdquo; to the extension of the empire, believing God did not intend them to extend it farther.",
    "puborder": 1477,
    "translations": []
  },
  {
    "para_id": "1582.1924",
    "id_prev": "1582.1921",
    "id_next": "1582.1925",
    "refcode_1": "PFF3",
    "refcode_2": "285",
    "refcode_3": "",
    "refcode_4": "305",
    "refcode_short": "PFF3 285",
    "refcode_long": "The Prophetic Faith of Our Fathers, vol. 3, p. 285 (LeRoy Edwin Froom)",
    "element_type": "h5",
    "element_subtype": "",
    "content": "2. &ldquo;E&rdquo; AWAITS TURKEY&rsquo;S END; NAPOLEON&rsquo;S AMBITION DOOMED",
    "puborder": 1478,
    "translations": []
  },
  {
    "para_id": "1582.1925",
    "id_prev": "1582.1924",
    "id_next": "1582.1926",
    "refcode_1": "PFF3",
    "refcode_2": "285",
    "refcode_3": "1",
    "refcode_4": "",
    "refcode_short": "PFF3 285.1",
    "refcode_long": "The Prophetic Faith of Our Fathers, vol. 3, p. 285.1 (LeRoy Edwin Froom)",
    "element_type": "p",
    "element_subtype": "standard-indented",
    "content": "Then in the January, 1804, Observer, &ldquo;E&rdquo; comments on <span class=\"egwlink egwlink_bible\" title=\"Daniel 11:1\" data-link=\"1965.44965\">Daniel 11 and 12</span>, applying <span class=\"egwlink egwlink_bible\" title=\"Daniel 11:42\" data-link=\"1965.45047\">Daniel 11:42</span> to the Turk&rsquo;s stretching out his hand upon many countries in Asia, Europe, and Africa. <span class=\"egwlink egwlink_bible\" title=\"Daniel 11:44\" data-link=\"1965.45051\">Verses 44 and 45</span> are placed as yet future, as tidings out of the north (&ldquo;possibly... Russia&rdquo;) leads Turkey to plant his palace on the glorious holy mountain (&ldquo;perhaps&rdquo; Mt. Sion, or Olivet), between the seas (the Dead and the Mediterranean), where he shall come to his helpless end. &ldquo;E&rdquo; concludes, &ldquo;Herein seems to be predicted the future fall of the Ottoman Empire.&rdquo; <sup class=\"footnote\"><a class=\"footnote\">11<span class=\"footnote\">The Christian Observer, January, 1804 (vol. 3, no. 25), pp. 11, 12.</span></a></sup> Adverting to Bonaparte&rsquo;s triumphant conquests, &ldquo;E&rdquo; declares that, in addition to <span class=\"egwlink egwlink_bible\" title=\"Daniel 11:1\" data-link=\"1965.44965\">Daniel 11</span>, ac cording to <span class=\"egwlink egwlink_bible\" title=\"Daniel 2:1\" data-link=\"1965.44400\">Daniel 2 and 7</span> &ldquo;there were to be no more than FOUR universal monarchies,&rdquo; and Bonaparte&rsquo;s efforts will prove futile in attempting to establish a fifth. <sup class=\"footnote\"><a class=\"footnote\">12<span class=\"footnote\">Ibid., p. 12.</span></a></sup> He closes by refer ring to the current interest in the seven vials.",
    "puborder": 1479,
    "translations": []
  },
  {
    "para_id": "1582.1926",
    "id_prev": "1582.1925",
    "id_next": "1582.1927",
    "refcode_1": "PFF3",
    "refcode_2": "285",
    "refcode_3": "",
    "refcode_4": "306",
    "refcode_short": "PFF3 285",
    "refcode_long": "The Prophetic Faith of Our Fathers, vol. 3, p. 285 (LeRoy Edwin Froom)",
    "element_type": "h5",
    "element_subtype": "",
    "content": "3. &ldquo;TALIB&rdquo; HOLDS 1260 YEARS ALREADY EXPIRED",
    "puborder": 1480,
    "translations": []
  },
  {
    "para_id": "1582.1927",
    "id_prev": "1582.1926",
    "id_next": "1582.1930",
    "refcode_1": "PFF3",
    "refcode_2": "285",
    "refcode_3": "2",
    "refcode_4": "",
    "refcode_short": "PFF3 285.2",
    "refcode_long": "The Prophetic Faith of Our Fathers, vol. 3, p. 285.2 (LeRoy Edwin Froom)",
    "element_type": "p",
    "element_subtype": "standard-indented",
    "content": "There is further consideration by &ldquo;C.L.&rdquo; in the January, 1805, issue, of Mohammedanism in <span class=\"egwlink egwlink_bible\" title=\"Revelation 9:1\" data-link=\"1965.62927\">Revelation 9</span> and the Western apostasy in <span class=\"egwlink egwlink_bible\" title=\"Revelation 10:1\" data-link=\"1965.62970\">chapters 10 to 18</span>. But by 1807 an era of fuller discussion and understanding of prophecy and its current fulfillments dawns. In the November number, under the pen name of &ldquo;Talib,&rdquo; a layman-William Cuninghame, of Lainshaw, in Ayrshire-challenges George Stanley Faber&rsquo;s interpretation <span class=\"page-break\" data-page=\"286\"></span> and timing of the 1260- and 2300-year periods, insisting that the 1260 years represent the spiritual tyranny of the Little Horn, followed by the judgment and taking away of its dominion, and this in turn by the &ldquo;blessed state.&rdquo; <sup class=\"footnote\"><a class=\"footnote\">13<span class=\"footnote\">Ibid., November, 1807 (vol. 6, no. 71), p. 701.</span></a></sup> Contending that the saints in the body of the Roman Empire remained under the dominion of the Little Horn until the French Revolution, he concludes that &ldquo;the 1260 years are, in fact, expired.&rdquo; <sup class=\"footnote\"><a class=\"footnote\">14<span class=\"footnote\">Ibid., p. 702.</span></a></sup>",
    "puborder": 1481,
    "translations": []
  },
  {
    "para_id": "1582.1930",
    "id_prev": "1582.1927",
    "id_next": "1582.1931",
    "refcode_1": "PFF3",
    "refcode_2": "286",
    "refcode_3": "",
    "refcode_4": "307",
    "refcode_short": "PFF3 286",
    "refcode_long": "The Prophetic Faith of Our Fathers, vol. 3, p. 286 (LeRoy Edwin Froom)",
    "element_type": "h5",
    "element_subtype": "",
    "content": "4. DATES 1260 FROM JUSTINIAN; 2300 FROM VISION",
    "puborder": 1482,
    "translations": []
  },
  {
    "para_id": "1582.1931",
    "id_prev": "1582.1930",
    "id_next": "1582.1932",
    "refcode_1": "PFF3",
    "refcode_2": "286",
    "refcode_3": "1",
    "refcode_4": "",
    "refcode_short": "PFF3 286.1",
    "refcode_long": "The Prophetic Faith of Our Fathers, vol. 3, p. 286.1 (LeRoy Edwin Froom)",
    "element_type": "p",
    "element_subtype": "standard-indented",
    "content": "Al though Cuninghame agrees with Faber that the 1260 years come within the 2300 years, he differs on the dating for each of the periods. The imperial letter of Justinian in 533 is taken to mark the beginning of the 1260 years, <sup class=\"footnote\"><a class=\"footnote\">15<span class=\"footnote\">Ibid., p. 703.</span></a></sup> which he ends in 1792. Cuninghame likewise rejects Faber&rsquo;s choice of 2200 in stead of 2300 for <span class=\"egwlink egwlink_bible\" title=\"Daniel 8:14\" data-link=\"1965.44838\">Daniel 8:14</span>, <sup class=\"footnote\"><a class=\"footnote\">16<span class=\"footnote\">Ibid., p. 702.</span></a></sup> but like Faber, he at this time still dates the period from the &ldquo;vision of the ram and he-goat.&rdquo; <sup class=\"footnote\"><a class=\"footnote\">17<span class=\"footnote\">Ibid., pp. 704, 705.</span></a></sup> He dissents further from Faber by applying it to Romanism instead of to Mohammedanism. <sup class=\"footnote\"><a class=\"footnote\">18<span class=\"footnote\">Ibid., p. 705.</span></a></sup>",
    "puborder": 1483,
    "translations": []
  },
  {
    "para_id": "1582.1932",
    "id_prev": "1582.1931",
    "id_next": "1582.1933",
    "refcode_1": "PFF3",
    "refcode_2": "286",
    "refcode_3": "2",
    "refcode_4": "",
    "refcode_short": "PFF3 286.2",
    "refcode_long": "The Prophetic Faith of Our Fathers, vol. 3, p. 286.2 (LeRoy Edwin Froom)",
    "element_type": "p",
    "element_subtype": "standard-indented",
    "content": "In the December issue Cuninghame continues with &ldquo;auxiliary arguments&rdquo; on the 1260 years, based on Christ&rsquo;s prophecy of <span class=\"egwlink egwlink_bible\" title=\"Luke 21:1\" data-link=\"1965.52693\">Luke 21</span> (or <span class=\"egwlink egwlink_bible\" title=\"Matthew 24:1\" data-link=\"1965.48912\">Matthew 24</span>). He holds that the &ldquo;times of the gentiles&rdquo; are the 1260- and 2300-year periods spoken of by Daniel. He lists the &ldquo;unexampled&rdquo; events of the past sixteen years in France, Austria, Germany, Italy. Switzerland, Spain, and Portugal as constituting signs of the latter times. <sup class=\"footnote\"><a class=\"footnote\">19<span class=\"footnote\">Ibid., December, 1807 (vol. 6, no. 72), pp. 774, 775.</span></a></sup> Coupled with this, Cuninghame holds that the entry upon the missionary epoch indicates that &ldquo;the 1260 years are elapsed.&rdquo; <sup class=\"footnote\"><a class=\"footnote\">20<span class=\"footnote\">Ibld., pp. 776, 777.</span></a></sup> He acids that &ldquo;none will deny that we live at a most momentous crisis.&rdquo; <sup class=\"footnote\"><a class=\"footnote\">21<span class=\"footnote\">Ibid., p. 777.</span></a></sup>",
    "puborder": 1484,
    "translations": []
  },
  {
    "para_id": "1582.1933",
    "id_prev": "1582.1932",
    "id_next": "1582.1934",
    "refcode_1": "PFF3",
    "refcode_2": "286",
    "refcode_3": "",
    "refcode_4": "308",
    "refcode_short": "PFF3 286",
    "refcode_long": "The Prophetic Faith of Our Fathers, vol. 3, p. 286 (LeRoy Edwin Froom)",
    "element_type": "h5",
    "element_subtype": "",
    "content": "5. WHY HORN OF <span class=\"egwlink egwlink_bible\" title=\"Daniel 8:1\" data-link=\"1965.44812\">Daniel 8</span> Is ROMAN, NOT MOHAM MEDAN",
    "puborder": 1485,
    "translations": []
  },
  {
    "para_id": "1582.1934",
    "id_prev": "1582.1933",
    "id_next": "1582.1937",
    "refcode_1": "PFF3",
    "refcode_2": "286",
    "refcode_3": "3",
    "refcode_4": "",
    "refcode_short": "PFF3 286.3",
    "refcode_long": "The Prophetic Faith of Our Fathers, vol. 3, p. 286.3 (LeRoy Edwin Froom)",
    "element_type": "p",
    "element_subtype": "standard-indented",
    "content": "Marshaling further reasons for applying the Little Horn of <span class=\"egwlink egwlink_bible\" title=\"Daniel 8:1\" data-link=\"1965.44812\">Daniel 8</span> to Romanism, and not to Mohammedanism, Cuninghame again speaks through the Observer, in 1808. His <span class=\"page-break\" data-page=\"287\"></span> careful and logical reasoning concerning the 2300 years of <span class=\"egwlink egwlink_bible\" title=\"Daniel 8:1\" data-link=\"1965.44812\">Daniel 8</span> introduces a new era in the study of this particular-prophecy. He enunciates certain first principles. Note them.",
    "puborder": 1486,
    "translations": []
  },
  {
    "para_id": "1582.1937",
    "id_prev": "1582.1934",
    "id_next": "1582.1938",
    "refcode_1": "PFF3",
    "refcode_2": "287",
    "refcode_3": "1",
    "refcode_4": "",
    "refcode_short": "PFF3 287.1",
    "refcode_long": "The Prophetic Faith of Our Fathers, vol. 3, p. 287.1 (LeRoy Edwin Froom)",
    "element_type": "p",
    "element_subtype": "standard-indented",
    "content": "Cuninghame&rsquo;s first point is that this Little Horn &ldquo;comes out of one of the four pre-existing horns&rdquo; of the Macedonian kingdom, whereas Faber had applied it to Mohammedanism, &ldquo;which arose more than six centuries after the fall of the last of the Macedonian kingdoms.&rdquo; <sup class=\"footnote\"><a class=\"footnote\">22<span class=\"footnote\">Ibid., April. 1808 (vol. 7, no. 76), p. 209.</span></a></sup>",
    "puborder": 1487,
    "translations": []
  },
  {
    "para_id": "1582.1938",
    "id_prev": "1582.1937",
    "id_next": "1582.1939",
    "refcode_1": "PFF3",
    "refcode_2": "287",
    "refcode_3": "2",
    "refcode_4": "",
    "refcode_short": "PFF3 287.2",
    "refcode_long": "The Prophetic Faith of Our Fathers, vol. 3, p. 287.2 (LeRoy Edwin Froom)",
    "element_type": "p",
    "element_subtype": "standard-indented",
    "content": "Cuninghame then asks this searching question:",
    "puborder": 1488,
    "translations": []
  },
  {
    "para_id": "1582.1939",
    "id_prev": "1582.1938",
    "id_next": "1582.1940",
    "refcode_1": "PFF3",
    "refcode_2": "287",
    "refcode_3": "3",
    "refcode_4": "",
    "refcode_short": "PFF3 287.3",
    "refcode_long": "The Prophetic Faith of Our Fathers, vol. 3, p. 287.3 (LeRoy Edwin Froom)",
    "element_type": "p",
    "element_subtype": "standard-indented",
    "content": "&ldquo;How then can it be said that the Mohammedan empire, which was not in existence till the year of our Lord 622 (the date of the Hegirah), arose at the end ot the Macedonian kingdoms, the last of which (Egypt) was annihilated by Caesar, in the year before Christ 30?&rdquo; <sup class=\"footnote\"><a class=\"footnote\">23<span class=\"footnote\">Ibid., p. 210.</span></a></sup>",
    "puborder": 1489,
    "translations": []
  },
  {
    "para_id": "1582.1940",
    "id_prev": "1582.1939",
    "id_next": "1582.1941",
    "refcode_1": "PFF3",
    "refcode_2": "287",
    "refcode_3": "4",
    "refcode_4": "",
    "refcode_short": "PFF3 287.4",
    "refcode_long": "The Prophetic Faith of Our Fathers, vol. 3, p. 287.4 (LeRoy Edwin Froom)",
    "element_type": "p",
    "element_subtype": "standard-indented",
    "content": "Cuninghame&rsquo;s second point is that &ldquo;the history of Mohammedanism does not in any respect answer to the actions of the little horn,&rdquo; which was to take &ldquo;away the daily sacrifice, and cast down the place of his sanctuary.&rdquo; <sup class=\"footnote\"><a class=\"footnote\">24<span class=\"footnote\">Ibid.</span></a></sup> If this is applied literally, he says, it &ldquo;could only be accomplished while there was a literal sanctuary; i.e. before the destruction of Jerusalem and its temple.&rdquo; But the &ldquo;temple and city had been destroyed more than five centuries before the date of the Hegirah.&rdquo; However, in the &ldquo;symbolical sense, the church of Christ is the temple, or sanctuary; and the worship of this church, the daily sacrifice.&rdquo; This, he said, is the sense used in <span class=\"egwlink egwlink_bible\" title=\"2 Thessalonians 2:1\" data-link=\"1965.60498\">2 Thessalonians 2</span>. Cuninghame then makes two important statements:",
    "puborder": 1490,
    "translations": []
  },
  {
    "para_id": "1582.1941",
    "id_prev": "1582.1940",
    "id_next": "1582.1942",
    "refcode_1": "PFF3",
    "refcode_2": "287",
    "refcode_3": "5",
    "refcode_4": "",
    "refcode_short": "PFF3 287.5",
    "refcode_long": "The Prophetic Faith of Our Fathers, vol. 3, p. 287.5 (LeRoy Edwin Froom)",
    "element_type": "p",
    "element_subtype": "standard-indented",
    "content": "&ldquo;Of this temple, the daily sacrifice is taken away when this form of sound words no longer remains, and when the worship of God, through Christ alone, is corrupted and obscured, by superstitious veneration for the Virgin Mary and the saints, or by any species of creature worship. It then ceases to be the daily sacrifice ordained of God.&rdquo; <sup class=\"footnote\"><a class=\"footnote\">25<span class=\"footnote\">Ibid., p. 211.</span></a></sup>",
    "puborder": 1491,
    "translations": []
  },
  {
    "para_id": "1582.1942",
    "id_prev": "1582.1941",
    "id_next": "1582.1944",
    "refcode_1": "PFF3",
    "refcode_2": "287",
    "refcode_3": "6",
    "refcode_4": "",
    "refcode_short": "PFF3 287.6",
    "refcode_long": "The Prophetic Faith of Our Fathers, vol. 3, p. 287.6 (LeRoy Edwin Froom)",
    "element_type": "p",
    "element_subtype": "standard-indented",
    "content": "&ldquo;The trampling this sanctuary under foot, and setting up the abomination of desolations in it, signify the oppression of the visible church by some tyrannical and anti-christian power, set up, and exerting its authority, within the church; changing the times and laws of the church; lording it over the conscience of men, and persecuting all who dissent from it.&rdquo; <sup class=\"footnote\"><a class=\"footnote\">26<span class=\"footnote\">Ibid.</span></a></sup>",
    "puborder": 1492,
    "translations": []
  },
  {
    "para_id": "1582.1944",
    "id_prev": "1582.1942",
    "id_next": "1582.1945",
    "refcode_1": "PFF3",
    "refcode_2": "288",
    "refcode_3": "1",
    "refcode_4": "",
    "refcode_short": "PFF3 288.1",
    "refcode_long": "The Prophetic Faith of Our Fathers, vol. 3, p. 288.1 (LeRoy Edwin Froom)",
    "element_type": "p",
    "element_subtype": "standard-indented",
    "content": "Then lie concludes that &ldquo;if this he the proper signification of the symbolical language in <span class=\"egwlink egwlink_bible\" title=\"Daniel 8:11\" data-link=\"1965.44832\">Daniel 8:11-13</span>,&rdquo; these verses cannot apply to Mohammedanism, and adds:",
    "puborder": 1493,
    "translations": []
  },
  {
    "para_id": "1582.1945",
    "id_prev": "1582.1944",
    "id_next": "1582.1946",
    "refcode_1": "PFF3",
    "refcode_2": "288",
    "refcode_3": "2",
    "refcode_4": "",
    "refcode_short": "PFF3 288.2",
    "refcode_long": "The Prophetic Faith of Our Fathers, vol. 3, p. 288.2 (LeRoy Edwin Froom)",
    "element_type": "p",
    "element_subtype": "standard-indented",
    "content": "&ldquo;I deny that Mohammedism took away the daily sacrifice of the eastern church. That sacrifice was taken away, before the Moslems invaded the Greek empire, by the gross corruptions prevailing in the church, and by its superstitious veneration of the Virgin Mary and the saints. The abomination of desolations was set up in the Greek as well as the Latin church, by the Roman emperors, when they gave an anti-christian precedence and tyrannical authority to the popes and patriarchs.&rdquo; <sup class=\"footnote\"><a class=\"footnote\">27<span class=\"footnote\">Ibid.</span></a></sup>",
    "puborder": 1494,
    "translations": []
  },
  {
    "para_id": "1582.1946",
    "id_prev": "1582.1945",
    "id_next": "1582.1947",
    "refcode_1": "PFF3",
    "refcode_2": "288",
    "refcode_3": "3",
    "refcode_4": "",
    "refcode_short": "PFF3 288.3",
    "refcode_long": "The Prophetic Faith of Our Fathers, vol. 3, p. 288.3 (LeRoy Edwin Froom)",
    "element_type": "p",
    "element_subtype": "standard-indented",
    "content": "Next comes his contention that while &ldquo;Mohammedanism is an opposing superstition,&rdquo; it is a &ldquo;superstition WITHOUT the church, and cannot therefore be an abomination of desolations IN the church.&rdquo; <sup class=\"footnote\"><a class=\"footnote\">28<span class=\"footnote\">Ibid. (Emphasis his.)</span></a></sup> Cuninghame pursues his argument by declaring that the predictions concerning the Mohammedan Saracens and Turks of the woe trumpets in <span class=\"egwlink egwlink_bible\" title=\"Revelation 9:1\" data-link=\"1965.62927\">Revelation 9</span> do not correspond with the specifications of <span class=\"egwlink egwlink_bible\" title=\"Daniel 8:1\" data-link=\"1965.44812\">Daniel 8</span>. Such, he says, &ldquo;are my reasons for rejecting Mr. Faber&rsquo;s interpretation.&rdquo; <sup class=\"footnote\"><a class=\"footnote\">29<span class=\"footnote\">Ibid., p. 213.</span></a></sup> On the contrary, he contends that the Romans became a horn arising out of the kingdom of Macedon, when it was reduced into a Roman province in the year 148 B.C. (sometimes now dated 146 B.C.) Therefore the rise of the Roman horn has the &ldquo;precise chronological correspondence with that of Daniel&rsquo;s little horn of the he-goat.&rdquo; <sup class=\"footnote\"><a class=\"footnote\">30<span class=\"footnote\">Ibid.</span></a></sup> The Roman horn magnified itself against the Prince of the host by crucifying the Lord of glory; then it took away the literal sacrifices of the Jews and cast down the literal sanctuary after it became Christian.",
    "puborder": 1495,
    "translations": []
  },
  {
    "para_id": "1582.1947",
    "id_prev": "1582.1946",
    "id_next": "1582.1948",
    "refcode_1": "PFF3",
    "refcode_2": "288",
    "refcode_3": "4",
    "refcode_4": "",
    "refcode_short": "PFF3 288.4",
    "refcode_long": "The Prophetic Faith of Our Fathers, vol. 3, p. 288.4 (LeRoy Edwin Froom)",
    "element_type": "p",
    "element_subtype": "standard-indented",
    "content": "&ldquo;It then cast down the truth to the ground, and placed the abomination of desolations, when it gave a tyrannical authority over the church of Christ to the popes and patriarchs, and established the creature worship of the Virgin Mary, the saints, and their images. And the Roman power has in every age destroyed the holy people, whether Jews or Christian saints.&rdquo; <sup class=\"footnote\"><a class=\"footnote\">31<span class=\"footnote\">Ibid.</span></a></sup>",
    "puborder": 1496,
    "translations": []
  },
  {
    "para_id": "1582.1948",
    "id_prev": "1582.1947",
    "id_next": "1582.1951",
    "refcode_1": "PFF3",
    "refcode_2": "288",
    "refcode_3": "5",
    "refcode_4": "",
    "refcode_short": "PFF3 288.5",
    "refcode_long": "The Prophetic Faith of Our Fathers, vol. 3, p. 288.5 (LeRoy Edwin Froom)",
    "element_type": "p",
    "element_subtype": "standard-indented",
    "content": "Under the type of the Apocalyptic beast which was, is not, and yet is, the Roman horn shall yet receive power with the ten kings for one hour. Then it shall be &ldquo;broken without hand, by that stone which is cut out of the mountain without <span class=\"page-break\" data-page=\"289\"></span> hands.&rdquo; <sup class=\"footnote\"><a class=\"footnote\">32<span class=\"footnote\">Ibid.</span></a></sup> Such was the close, clear reasoning of Cuninghame in 1808.",
    "puborder": 1497,
    "translations": []
  },
  {
    "para_id": "1582.1951",
    "id_prev": "1582.1948",
    "id_next": "1582.1952",
    "refcode_1": "PFF3",
    "refcode_2": "289",
    "refcode_3": "",
    "refcode_4": "309",
    "refcode_short": "PFF3 289",
    "refcode_long": "The Prophetic Faith of Our Fathers, vol. 3, p. 289 (LeRoy Edwin Froom)",
    "element_type": "h5",
    "element_subtype": "",
    "content": "6. WHY 1260 YEARS BEGIN WITH JUSTINIAN",
    "puborder": 1498,
    "translations": []
  },
  {
    "para_id": "1582.1952",
    "id_prev": "1582.1951",
    "id_next": "1582.1953",
    "refcode_1": "PFF3",
    "refcode_2": "289",
    "refcode_3": "1",
    "refcode_4": "",
    "refcode_short": "PFF3 289.1",
    "refcode_long": "The Prophetic Faith of Our Fathers, vol. 3, p. 289.1 (LeRoy Edwin Froom)",
    "element_type": "p",
    "element_subtype": "standard-indented",
    "content": "In January, 1810, &ldquo;Talib&rdquo; (Cuninghame) discusses further the issue of the fustinian (533) versus the Phocas (606) date for the beginning of the 1260 years. He quotes from Paulus Diaconus, on the Phocas edict, showing that Phocas bestowed no new title upon Pope Boniface, merely confirming the title already conferred upon Pope John by Justinian, seventy-three years before. <sup class=\"footnote\"><a class=\"footnote\">33<span class=\"footnote\">Ibid., January, 1810 (vol. 9, no. 97), p. 16.</span></a></sup> Moreover, the pope in his official papers does not use the title &ldquo;universal bishop,&rdquo; whereas the title, &ldquo;head of the church,&rdquo; continues to be employed. <sup class=\"footnote\"><a class=\"footnote\">34<span class=\"footnote\">Ibid., pp. 16, 17.</span></a></sup>",
    "puborder": 1499,
    "translations": []
  },
  {
    "para_id": "1582.1953",
    "id_prev": "1582.1952",
    "id_next": "1582.1954",
    "refcode_1": "PFF3",
    "refcode_2": "289",
    "refcode_3": "",
    "refcode_4": "310",
    "refcode_short": "PFF3 289",
    "refcode_long": "The Prophetic Faith of Our Fathers, vol. 3, p. 289 (LeRoy Edwin Froom)",
    "element_type": "h5",
    "element_subtype": "",
    "content": "7. &ldquo;PHILO&rdquo; IDENTIFIES EARTHQUAKE; DATES TRUMPETS",
    "puborder": 1500,
    "translations": []
  },
  {
    "para_id": "1582.1954",
    "id_prev": "1582.1953",
    "id_next": "1582.1955",
    "refcode_1": "PFF3",
    "refcode_2": "289",
    "refcode_3": "2",
    "refcode_4": "",
    "refcode_short": "PFF3 289.2",
    "refcode_long": "The Prophetic Faith of Our Fathers, vol. 3, p. 289.2 (LeRoy Edwin Froom)",
    "element_type": "p",
    "element_subtype": "standard-indented",
    "content": "The Observer records still further advances in 1810. First, there is discussion by &ldquo;Philo&rdquo; <sup class=\"footnote\"><a class=\"footnote\">35<span class=\"footnote\">Unidentified.</span></a></sup> of the &ldquo;earthquake&rdquo; of <span class=\"egwlink egwlink_bible\" title=\"Revelation 11:1\" data-link=\"1965.62993\">Revelation 11</span> as the French Revolution, and France as the &ldquo;tenth part of the city, or of the idolatrous kingdom of the Beast.&rdquo; <sup class=\"footnote\"><a class=\"footnote\">36<span class=\"footnote\">Ibid., March, 1810 (vol. 9, no. 99), p. 133.</span></a></sup> Philo&rsquo;s chief contribution, however, is on the fifth and sixth or Saracenic and Turkish trumpets of <span class=\"egwlink egwlink_bible\" title=\"Revelation 9:1\" data-link=\"1965.62927\">Revelation 9</span>, with their 150- and 391-year periods, which he locates as 612-762 for the 150 years, and 1281-1672 for the 391 years. <sup class=\"footnote\"><a class=\"footnote\">37<span class=\"footnote\">Ibid., p. 137.</span></a></sup>",
    "puborder": 1501,
    "translations": []
  },
  {
    "para_id": "1582.1955",
    "id_prev": "1582.1954",
    "id_next": "1582.1956",
    "refcode_1": "PFF3",
    "refcode_2": "289",
    "refcode_3": "",
    "refcode_4": "311",
    "refcode_short": "PFF3 289",
    "refcode_long": "The Prophetic Faith of Our Fathers, vol. 3, p. 289 (LeRoy Edwin Froom)",
    "element_type": "h5",
    "element_subtype": "",
    "content": "8. EVIDENCE FOR 533 AND 606 DATINGS",
    "puborder": 1502,
    "translations": []
  },
  {
    "para_id": "1582.1956",
    "id_prev": "1582.1955",
    "id_next": "1582.1957",
    "refcode_1": "PFF3",
    "refcode_2": "289",
    "refcode_3": "3",
    "refcode_4": "",
    "refcode_short": "PFF3 289.3",
    "refcode_long": "The Prophetic Faith of Our Fathers, vol. 3, p. 289.3 (LeRoy Edwin Froom)",
    "element_type": "p",
    "element_subtype": "standard-indented",
    "content": "Then Cuninghame, in the April number, presents further evidence from the sources on the authentic 533 Justinian decree as against the alleged 606 grant of Phocas, for the beginning of the 1260 years. In behalf of the Justinian declaration, which recognized the right of the pope to the titles &ldquo;Head of the Church&rdquo; and &ldquo;Head of all the holy Priests of God,&rdquo; Cuninghame remarks:",
    "puborder": 1503,
    "translations": []
  },
  {
    "para_id": "1582.1957",
    "id_prev": "1582.1956",
    "id_next": "1582.1958",
    "refcode_1": "PFF3",
    "refcode_2": "289",
    "refcode_3": "4",
    "refcode_4": "",
    "refcode_short": "PFF3 289.4",
    "refcode_long": "The Prophetic Faith of Our Fathers, vol. 3, p. 289.4 (LeRoy Edwin Froom)",
    "element_type": "p",
    "element_subtype": "standard-indented",
    "content": "&ldquo;What is no less to be observed is, that this transaction took place precisely twelve hundred and sixty current years before the commencement of that awful series of political convulsions which have, in the short space of eighteen years since the fall of the French monarchy, almost completed the destruction of the papal power.&rdquo; <sup class=\"footnote\"><a class=\"footnote\">38<span class=\"footnote\">Ibid., April, 1810 (vol. 9, no. 100), p. 195.</span></a></sup>",
    "puborder": 1504,
    "translations": []
  },
  {
    "para_id": "1582.1958",
    "id_prev": "1582.1957",
    "id_next": "1582.1961",
    "refcode_1": "PFF3",
    "refcode_2": "289",
    "refcode_3": "",
    "refcode_4": "",
    "refcode_short": "PFF3 289",
    "refcode_long": "The Prophetic Faith of Our Fathers, vol. 3, p. 289 (LeRoy Edwin Froom)",
    "element_type": "p",
    "element_subtype": "picture",
    "content": "<a href=\"http://www.whiteestate.org/apl/graphics/PFF3/PFF3_CH17_P01.jpg\" data-link=\"https://egw.bz/go?uri=http%3a%2f%2fwww.whiteestate.org%2fapl%2fgraphics%2fPFF3%2fPFF3_CH17_P01.jpg\" class=\"egwlink egwlink_external\">Picture 1:</a> EARLIEST OLD WORLD EXPOSITIONS ON END OF 2300 YEARS\n<br />&ldquo;J.A.B.&rdquo; in 181 puts period from 457 B&rsquo;c to A&rsquo;D 1843 (upper left); william C. davis fixes 3S? A/rt (upper right); archibald mason (center Oval) in 1820 Corrects this to 457-1843 (lower left); and J. A. Brown Places the terminus in 1844 (lower right) see pages 474, 392, 400, and 405\n<br />page 289",
    "puborder": 1505,
    "translations": []
  },
  {
    "para_id": "1582.1961",
    "id_prev": "1582.1958",
    "id_next": "1582.1962",
    "refcode_1": "PFF3",
    "refcode_2": "291",
    "refcode_3": "1",
    "refcode_4": "",
    "refcode_short": "PFF3 291.1",
    "refcode_long": "The Prophetic Faith of Our Fathers, vol. 3, p. 291.1 (LeRoy Edwin Froom)",
    "element_type": "p",
    "element_subtype": "standard-indented",
    "content": "After quoting the original Latin, Cuninghame leaves it for the reader to judge which is the one by which the saints and times and laws were delivered into the hands of the Papacy, and when the symbolical abomination of the desolation was set up in the church. <sup class=\"footnote\"><a class=\"footnote\">39<span class=\"footnote\">Ibid., p. 196.</span></a></sup>",
    "puborder": 1506,
    "translations": []
  },
  {
    "para_id": "1582.1962",
    "id_prev": "1582.1961",
    "id_next": "1582.1963",
    "refcode_1": "PFF3",
    "refcode_2": "291",
    "refcode_3": "2",
    "refcode_4": "",
    "refcode_short": "PFF3 291.2",
    "refcode_long": "The Prophetic Faith of Our Fathers, vol. 3, p. 291.2 (LeRoy Edwin Froom)",
    "element_type": "p",
    "element_subtype": "standard-indented",
    "content": "In the May issue Faber gives his rejoinder, holding to his 606 &ldquo;conjecture,&rdquo; as he calls it, but reaffirming their common belief in the French Revolution as the earthquake and France as the tenth part, or street, of the city. <sup class=\"footnote\"><a class=\"footnote\">40<span class=\"footnote\">Ibid., May, 1810 (vol. 9, no. 101), p. 257 H.</span></a></sup> In October, Cuninghame again defends this 2300 rendering of <span class=\"egwlink egwlink_bible\" title=\"Daniel 8:11\" data-link=\"1965.44832\">Daniel 8:11</span> as the reading of the original Hebrew, with the 2400 of the later Septuagint and the 2200 of Jerome&rsquo;s copies as obvious transcriber&rsquo;s errors. This rendering is also confirmed by the Syriac manuscript. <sup class=\"footnote\"><a class=\"footnote\">41<span class=\"footnote\">Ibid., October, 1810 (vol. 9. no. 10 fi), p. 600.</span></a></sup> He then adds that Justinian, in his decree, declared the Virgin Mary to be the mother of God and pronounced an anathema against all deniers of this doctrine. Thus there was not only &ldquo;recognition of the papal supremacy&rdquo; but also &ldquo;the establishment of idolatry in the visible church,&rdquo; for the giving to Mary of a portion of the honor and worship due only to God and Christ is idolatry. <sup class=\"footnote\"><a class=\"footnote\">42<span class=\"footnote\">Ibid.</span></a></sup>",
    "puborder": 1507,
    "translations": []
  },
  {
    "para_id": "1582.1963",
    "id_prev": "1582.1962",
    "id_next": "1582.1964",
    "refcode_1": "PFF3",
    "refcode_2": "291",
    "refcode_3": "",
    "refcode_4": "312",
    "refcode_short": "PFF3 291",
    "refcode_long": "The Prophetic Faith of Our Fathers, vol. 3, p. 291 (LeRoy Edwin Froom)",
    "element_type": "h5",
    "element_subtype": "",
    "content": "9. &ldquo;J. A. B.&rdquo; ENDS 2300 YKARS IN 1813",
    "puborder": 1508,
    "translations": []
  },
  {
    "para_id": "1582.1964",
    "id_prev": "1582.1963",
    "id_next": "1582.1965",
    "refcode_1": "PFF3",
    "refcode_2": "291",
    "refcode_3": "3",
    "refcode_4": "",
    "refcode_short": "PFF3 291.3",
    "refcode_long": "The Prophetic Faith of Our Fathers, vol. 3, p. 291.3 (LeRoy Edwin Froom)",
    "element_type": "p",
    "element_subtype": "standard-indented",
    "content": "Now comes the introduction of a new method of dating the 2300 in a discussion by &ldquo;J. A. B.&rdquo; <sup class=\"footnote\"><a class=\"footnote\">43<span class=\"footnote\">For discussion of John A. Brown, see pp. 404-408.</span></a></sup> in the November, 1810, Observer. He notes Faber&rsquo;s attempt to have the 1260 years and the 2200 (Jerome&rsquo;s rendering) end together, and observes in passing that 1260 Mohammedan years of 354 clays, from the Hegira in 622, would expire in 1843. <sup class=\"footnote\"><a class=\"footnote\">44<span class=\"footnote\">The Christian Ohserrtr. November, 1810 (vol. 9. no. 107), p. oriii.</span></a></sup> But this year, 1813, he holds, will introduce &ldquo;one of the most memorable periods in Scripture history,&rdquo; when, without altering the 2300 of the received text, would come the close of this 2300-year period. <sup class=\"footnote\"><a class=\"footnote\">45<span class=\"footnote\">lbid., p. 669.</span></a></sup>",
    "puborder": 1509,
    "translations": []
  },
  {
    "para_id": "1582.1965",
    "id_prev": "1582.1964",
    "id_next": "1582.1968",
    "refcode_1": "PFF3",
    "refcode_2": "291",
    "refcode_3": "4",
    "refcode_4": "",
    "refcode_short": "PFF3 291.4",
    "refcode_long": "The Prophetic Faith of Our Fathers, vol. 3, p. 291.4 (LeRoy Edwin Froom)",
    "element_type": "p",
    "element_subtype": "standard-indented",
    "content": "J. A. B. contends that the 2300 years begin in 457 B.C., along with the seventy weeks, or 490 years of <span class=\"egwlink egwlink_bible\" title=\"Daniel 9:1\" data-link=\"1965.44867\">Daniel 9</span>, and he stresses 457 B.C. as being &ldquo;one of the most remarkable and <span class=\"page-break\" data-page=\"292\"></span> distinguished points of time in the whole Scripture chronology.&rdquo; These 490 years reach to the cross, in Christ&rsquo;s thirty-third year, and the remaining 1810 years of the 2300 &ldquo;bring us to the year 1843.&rdquo; <sup class=\"footnote\"><a class=\"footnote\">46<span class=\"footnote\">Ibid.</span></a></sup> J. A. B. then looks &ldquo;with ardent expectation and holy hope&rdquo; to the expiration of the prophecy in 1843 when &ldquo;the 2300 years having been accomplished,&rdquo; the sanctuary shall be cleansed. If it is necessary to have the 1260 years of the papal Antichrist end with the 2300, then J. A. B. suggests beginning them in 583, when the decree of the papal infallibility was promulgated, which would lead in 1260 years to the same 1843. He closes by urging others, more competent, to study and discuss the suggestion. <sup class=\"footnote\"><a class=\"footnote\">47<span class=\"footnote\">Ibid., p. 670.</span></a></sup> (Facsimile appears on page 290.)",
    "puborder": 1510,
    "translations": []
  },
  {
    "para_id": "1582.1968",
    "id_prev": "1582.1965",
    "id_next": "1582.1969",
    "refcode_1": "PFF3",
    "refcode_2": "292",
    "refcode_3": "1",
    "refcode_4": "",
    "refcode_short": "PFF3 292.1",
    "refcode_long": "The Prophetic Faith of Our Fathers, vol. 3, p. 292.1 (LeRoy Edwin Froom)",
    "element_type": "p",
    "element_subtype": "standard-indented",
    "content": "Thus, champions of the genuine 2300 years-versus the faulty 2400 or 2200-arose, with advocacy of the application of this period to Rome instead of to Mohammedanism. The fundamental thesis of Petri and Wood <sup class=\"footnote\"><a class=\"footnote\">48<span class=\"footnote\">See full discussion in Volume 2 of Prophetic Faith.</span></a></sup> -that the seventy years constitute the first segment of the 2300 years, and that the two periods begin together-is again brought prominently before the church and is destined to have an increasingly important place in the thinking of those who participated in the great Advent Awakening of the nineteenth century.",
    "puborder": 1511,
    "translations": []
  },
  {
    "para_id": "1582.1969",
    "id_prev": "1582.1968",
    "id_next": "1582.1970",
    "refcode_1": "PFF3",
    "refcode_2": "292",
    "refcode_3": "2",
    "refcode_4": "",
    "refcode_short": "PFF3 292.2",
    "refcode_long": "The Prophetic Faith of Our Fathers, vol. 3, p. 292.2 (LeRoy Edwin Froom)",
    "element_type": "p",
    "element_subtype": "standard-indented",
    "content": "Soon Cuninghame&rsquo;s first book on prophecy appeared, A Dissertation on the Seals and the Trumpets of the Apocalypse (1813). The March, 1814, issue of the Observer gives a comprehensive book review, <sup class=\"footnote\"><a class=\"footnote\">49<span class=\"footnote\">The Christian Observer. March, 1814 (vol. 13, no. 147), p. 163 if.</span></a></sup> agreeing in some points and disagreeing in others. The editor evidently accepts the 2300 rendering. <sup class=\"footnote\"><a class=\"footnote\">50<span class=\"footnote\">Ibid., p. 172.</span></a></sup>",
    "puborder": 1512,
    "translations": []
  },
  {
    "para_id": "1582.1970",
    "id_prev": "1582.1969",
    "id_next": "1582.1971",
    "refcode_1": "PFF3",
    "refcode_2": "292",
    "refcode_3": "",
    "refcode_4": "313",
    "refcode_short": "PFF3 292",
    "refcode_long": "The Prophetic Faith of Our Fathers, vol. 3, p. 292 (LeRoy Edwin Froom)",
    "element_type": "h5",
    "element_subtype": "",
    "content": "10. BURN SHOWS Two TESTAMENTS ARE Two WITNESSES",
    "puborder": 1513,
    "translations": []
  },
  {
    "para_id": "1582.1971",
    "id_prev": "1582.1970",
    "id_next": "1582.1974",
    "refcode_1": "PFF3",
    "refcode_2": "292",
    "refcode_3": "3",
    "refcode_4": "",
    "refcode_short": "PFF3 292.3",
    "refcode_long": "The Prophetic Faith of Our Fathers, vol. 3, p. 292.3 (LeRoy Edwin Froom)",
    "element_type": "p",
    "element_subtype": "standard-indented",
    "content": "In the August issue a military man, Major General A. Burn, writes an illuminating defense of the Old and New Testaments as the &ldquo;Two Witnesses&rdquo; in challenge of the Faber position, citing the support of Napier, Brightman, and More. <sup class=\"footnote\"><a class=\"footnote\">51<span class=\"footnote\">Ibid., August, 1814 (vol. 13, no. 152),</span></a></sup> He holds that they are &ldquo;the only true and faithful witnesses <span class=\"page-break\" data-page=\"293\"></span> for God,&rdquo; who will &ldquo;instruct and illuminate the dark regions of earth, till the kingdoms of this world shall become the kingdoms of our God and of His Christ.&rdquo; <sup class=\"footnote\"><a class=\"footnote\">52<span class=\"footnote\">Ibid., pp. 484, 485.</span></a></sup> Burn gives five reasons: Their name, Testamenta, means witnesses, and &ldquo;they are they which testify of Me&rdquo;; their number, two, signifies the two Testaments; their power is to pronounce plagues and judgments; their office is to prophesy or preach; and finally, they were to preach in sackcloth, and to be politically and symbolically slain for 1260 years. <sup class=\"footnote\"><a class=\"footnote\">53<span class=\"footnote\">Ibid., p. 485.</span></a></sup>",
    "puborder": 1514,
    "translations": []
  },
  {
    "para_id": "1582.1974",
    "id_prev": "1582.1971",
    "id_next": "1582.1975",
    "refcode_1": "PFF3",
    "refcode_2": "293",
    "refcode_3": "1",
    "refcode_4": "",
    "refcode_short": "PFF3 293.1",
    "refcode_long": "The Prophetic Faith of Our Fathers, vol. 3, p. 293.1 (LeRoy Edwin Froom)",
    "element_type": "p",
    "element_subtype": "standard-indented",
    "content": "Thus they were during that &ldquo;awful dark period&rdquo; shut up in cloisters in a language unknown to the common people, to whom it was &ldquo;death to read them in their mother tongue.&rdquo; <sup class=\"footnote\"><a class=\"footnote\">54<span class=\"footnote\">Ibid.</span></a></sup> The climax of this argument is the recent formation of the Bible societies &ldquo;for the express purpose of commissioning these two anointed ones to deliver their testimony pure and unadulterated to every human being under heaven.&rdquo; Then he concludes:",
    "puborder": 1515,
    "translations": []
  },
  {
    "para_id": "1582.1975",
    "id_prev": "1582.1974",
    "id_next": "1582.1976",
    "refcode_1": "PFF3",
    "refcode_2": "293",
    "refcode_3": "2",
    "refcode_4": "",
    "refcode_short": "PFF3 293.2",
    "refcode_long": "The Prophetic Faith of Our Fathers, vol. 3, p. 293.2 (LeRoy Edwin Froom)",
    "element_type": "p",
    "element_subtype": "standard-indented",
    "content": "&ldquo;The 1260 years are expired, and the wonderful unexpected events that occur every day, announce the speedy approach of the Redeemer&rsquo;s reign upon earth. <sup class=\"footnote\"><a class=\"footnote\">55<span class=\"footnote\">Ibid., p. 486.</span></a></sup>",
    "puborder": 1516,
    "translations": []
  },
  {
    "para_id": "1582.1976",
    "id_prev": "1582.1975",
    "id_next": "1582.1977",
    "refcode_1": "PFF3",
    "refcode_2": "293",
    "refcode_3": "",
    "refcode_4": "314",
    "refcode_short": "PFF3 293",
    "refcode_long": "The Prophetic Faith of Our Fathers, vol. 3, p. 293 (LeRoy Edwin Froom)",
    "element_type": "h5",
    "element_subtype": "",
    "content": "11. &ldquo;C. E. S.&rdquo; ENDS BOTH 391 AND 2300 IN 1844",
    "puborder": 1517,
    "translations": []
  },
  {
    "para_id": "1582.1977",
    "id_prev": "1582.1976",
    "id_next": "1582.1980",
    "refcode_1": "PFF3",
    "refcode_2": "293",
    "refcode_3": "3",
    "refcode_4": "",
    "refcode_short": "PFF3 293.3",
    "refcode_long": "The Prophetic Faith of Our Fathers, vol. 3, p. 293.3 (LeRoy Edwin Froom)",
    "element_type": "p",
    "element_subtype": "standard-indented",
    "content": "In the June, 1818, Observer, &ldquo;C. E. S.&rdquo; adverts to a small volume by Frederick Thruston, <sup class=\"footnote\"><a class=\"footnote\">56<span class=\"footnote\">Frederick Thruston, Researches into the Apocalyptic Little Book.</span></a></sup> which suggests that the 391 years and 15 days of the sixth trumpet extends from 1453 to 1844. C. E. S. advocates the likelihood of this dating, and cites Edward W. Whitaker <sup class=\"footnote\"><a class=\"footnote\">57<span class=\"footnote\">Edward W. Whitaker, A General and Connected View of the Prophecies Relating to the Times of the Gentiles, p. 146.</span></a></sup> to the same end. Several earlier men, such as Mede and Fleming, had ended the period in 1453, but the greater likelihood of its commencing then is here argued. The anxiety of all commentators to find the precise point of chronology that would mark the downfall of the Turkish Government is noted, as well as the &ldquo;universal consent of interpreters, that the exhaustion of the Euphratean waters, produced by the effusion of the sixth vial, symbolizes the gradual dismemberment and subversion of the Ottoman Empire.&rdquo; <sup class=\"footnote\"><a class=\"footnote\">58<span class=\"footnote\">The Christian Observer, June, 1818 (vol. 17, no. 198), p. 351.</span></a></sup> C. E. S. <span class=\"page-break\" data-page=\"294\"></span> also notes Turkish (cars of Russia, as destined to drive them out of Europe. Me likewise presents the year 1844 as the end of the 2300 years. <sup class=\"footnote\"><a class=\"footnote\">59<span class=\"footnote\">Ibid., pp. 352-354.</span></a></sup>",
    "puborder": 1518,
    "translations": []
  },
  {
    "para_id": "1582.1980",
    "id_prev": "1582.1977",
    "id_next": "1582.1981",
    "refcode_1": "PFF3",
    "refcode_2": "294",
    "refcode_3": "",
    "refcode_4": "315",
    "refcode_short": "PFF3 294",
    "refcode_long": "The Prophetic Faith of Our Fathers, vol. 3, p. 294 (LeRoy Edwin Froom)",
    "element_type": "h5",
    "element_subtype": "",
    "content": "12. &ldquo;SENIOR&rdquo; DATES 391 YEAR PERIOD FROM 1299-1690.",
    "puborder": 1519,
    "translations": []
  },
  {
    "para_id": "1582.1981",
    "id_prev": "1582.1980",
    "id_next": "1582.1982",
    "refcode_1": "PFF3",
    "refcode_2": "294",
    "refcode_3": "1",
    "refcode_4": "",
    "refcode_short": "PFF3 294.1",
    "refcode_long": "The Prophetic Faith of Our Fathers, vol. 3, p. 294.1 (LeRoy Edwin Froom)",
    "element_type": "p",
    "element_subtype": "standard-indented",
    "content": "In 1825 the Observer tabulated twelve new works on prophecy, including such authors as Way, Bayford, H. Stewart, Gauntlett, and Bickersteth. <sup class=\"footnote\"><a class=\"footnote\">60<span class=\"footnote\">Ibid., August. 1825 (vol. 25, no. 284), p. 489.</span></a></sup> Editorial comment stresses the two conflicting concepts of the millennium in the preceding century -that of Grotius on the one side, dating it from the era of Constantine, and of Mede on the other, dating it at the close of the prophetic periods, the seven vials, and the literal resurrection at the advent. In 1826 the dating of the 2300 was still being discussed. <sup class=\"footnote\"><a class=\"footnote\">61<span class=\"footnote\">Ibid., B. Q. R., May, 1826 (vol. 26, no. 293), pp. 266-269.</span></a></sup> And in a &ldquo;Euphratean Vial&rdquo; discussion by &ldquo;Senior,&rdquo; <sup class=\"footnote\"><a class=\"footnote\">62<span class=\"footnote\">The same person who wrote as &ldquo;Juvenis&rdquo; in 1802.</span></a></sup> the remarkable agreement of Protestant interpreters is stressed that the fall of the Ottoman Empire is intended; the hour, day, month, and year, or 391 literal years of the sixth trumpet, are dated from 1299 and terminated in 1690-some &ldquo;ending them in 1698.&rdquo; <sup class=\"footnote\"><a class=\"footnote\">63<span class=\"footnote\">Ibid., November, 1826 (vol. 2fi, no. 29U). pp. G54. 655.</span></a></sup> But the writer says:",
    "puborder": 1520,
    "translations": []
  },
  {
    "para_id": "1582.1982",
    "id_prev": "1582.1981",
    "id_next": "1582.1983",
    "refcode_1": "PFF3",
    "refcode_2": "294",
    "refcode_3": "2",
    "refcode_4": "",
    "refcode_short": "PFF3 294.2",
    "refcode_long": "The Prophetic Faith of Our Fathers, vol. 3, p. 294.2 (LeRoy Edwin Froom)",
    "element_type": "p",
    "element_subtype": "standard-indented",
    "content": "&ldquo;The difference is of little consequence; and the less so, because both 1690 and 1698 witnessed successive and effectual degrees of the sentence pronounced upon the Ottomans. Thus far shall ye come, and no farther.&rdquo; <sup class=\"footnote\"><a class=\"footnote\">64<span class=\"footnote\">lbid., p. 655.</span></a></sup>",
    "puborder": 1521,
    "translations": []
  },
  {
    "para_id": "1582.1983",
    "id_prev": "1582.1982",
    "id_next": "1582.1984",
    "refcode_1": "PFF3",
    "refcode_2": "294",
    "refcode_3": "",
    "refcode_4": "316",
    "refcode_short": "PFF3 294",
    "refcode_long": "The Prophetic Faith of Our Fathers, vol. 3, p. 294 (LeRoy Edwin Froom)",
    "element_type": "h5",
    "element_subtype": "",
    "content": "13. TURKISH PROPHECY CONTINUES TO AGITATE",
    "puborder": 1522,
    "translations": []
  },
  {
    "para_id": "1582.1984",
    "id_prev": "1582.1983",
    "id_next": "1582.1987",
    "refcode_1": "PFF3",
    "refcode_2": "294",
    "refcode_3": "3",
    "refcode_4": "",
    "refcode_short": "PFF3 294.3",
    "refcode_long": "The Prophetic Faith of Our Fathers, vol. 3, p. 294.3 (LeRoy Edwin Froom)",
    "element_type": "p",
    "element_subtype": "standard-indented",
    "content": "In 1827, we find various interesting views expressed. One correspondent notes the &ldquo;running to and fro of many that knowledge (especially on prophetical subjects)&rdquo; may be increased; an other writer calls attention to the &ldquo;extraordinary similarity&rdquo; between the early Waldensian statement of faith and the Thirty-nine Articles of the Church of England, maintaining that the foundation of the latter may be traced to the former, some parts being &ldquo;copied word for word from the Waldensian document,&rdquo; including the canonical list of the books of Scripture. <sup class=\"footnote\"><a class=\"footnote\">65<span class=\"footnote\">Ibid., May, 1827 (vol. 27, no. 305), pp. 272, 273.</span></a></sup> Again the prophecies on the Mohammedans are rehearsed <span class=\"page-break\" data-page=\"295\"></span> by &ldquo;Senior,&rdquo; as well as the Church of Rome as Antichrist and spiritual Babylon. <sup class=\"footnote\"><a class=\"footnote\">66<span class=\"footnote\">Ibid., August, 1827 (vol. 27, no. 308), pp. 462-465.</span></a></sup> The premillennial aspect of the advent is also pressed in an article in the October issue. <sup class=\"footnote\"><a class=\"footnote\">67<span class=\"footnote\">Ibid., October, 1827 (vol. 27, no. 310), pp. 592, 593.</span></a></sup>",
    "puborder": 1523,
    "translations": []
  },
  {
    "para_id": "1582.1987",
    "id_prev": "1582.1984",
    "id_next": "1582.1988",
    "refcode_1": "PFF3",
    "refcode_2": "295",
    "refcode_3": "1",
    "refcode_4": "",
    "refcode_short": "PFF3 295.1",
    "refcode_long": "The Prophetic Faith of Our Fathers, vol. 3, p. 295.1 (LeRoy Edwin Froom)",
    "element_type": "p",
    "element_subtype": "standard-indented",
    "content": "In February, 1828, a logical writer holds the plagues to be yet future, marshaling his reasons. <sup class=\"footnote\"><a class=\"footnote\">68<span class=\"footnote\">Ibid., February, 1828 (vol. 28, no. 314), p. 66.</span></a></sup> And &ldquo;Senior&rdquo; still insists that the &ldquo;allotted&rdquo; 391-year period of the sixth trumpet is from about 1300 to not later than 1(597 or 1698. <sup class=\"footnote\"><a class=\"footnote\">69<span class=\"footnote\">Ibid., p. 68.</span></a></sup> He refers to a &ldquo;host of witnesses&rdquo; who hold the second woe ended &ldquo;at the close of the seventeenth century.&rdquo; This he declares to be the &ldquo;prevailing opinion.&rdquo; <sup class=\"footnote\"><a class=\"footnote\">70<span class=\"footnote\">Ibid., p. 69.</span></a></sup> Then &ldquo;Epsilon&rdquo; questions the necessity of the 1260 and 2300 years ending in the same year.&rdquo; <sup class=\"footnote\"><a class=\"footnote\">71<span class=\"footnote\">Ibid., p. 70.</span></a></sup>",
    "puborder": 1524,
    "translations": []
  },
  {
    "para_id": "1582.1988",
    "id_prev": "1582.1987",
    "id_next": "1582.1989",
    "refcode_1": "PFF3",
    "refcode_2": "295",
    "refcode_3": "",
    "refcode_4": "317",
    "refcode_short": "PFF3 295",
    "refcode_long": "The Prophetic Faith of Our Fathers, vol. 3, p. 295 (LeRoy Edwin Froom)",
    "element_type": "h5",
    "element_subtype": "",
    "content": "14. &ldquo;J. A. B.&rdquo; REITERATES PRIOR STAND ON &ldquo;1843",
    "puborder": 1525,
    "translations": []
  },
  {
    "para_id": "1582.1989",
    "id_prev": "1582.1988",
    "id_next": "1582.1990",
    "refcode_1": "PFF3",
    "refcode_2": "295",
    "refcode_3": "2",
    "refcode_4": "",
    "refcode_short": "PFF3 295.2",
    "refcode_long": "The Prophetic Faith of Our Fathers, vol. 3, p. 295.2 (LeRoy Edwin Froom)",
    "element_type": "p",
    "element_subtype": "standard-indented",
    "content": "&ldquo;J. A. B.&rdquo; after silence in the Observer since October, 1810, when he first introduced the terminus of the 2300 years for 1843, again in 1828 launches into a detailed discussion of the chronology of the Jewish Passover, indulging in considerable arithmetic. After eighteen years he still holds that the 2300 years are to be recorded from the commission of Ezra in 457 B.C. <sup class=\"footnote\"><a class=\"footnote\">72<span class=\"footnote\">Ibid., July, 1828 (vol. 28, no. 319), p. 415.</span></a></sup>",
    "puborder": 1526,
    "translations": []
  },
  {
    "para_id": "1582.1990",
    "id_prev": "1582.1989",
    "id_next": "1582.1991",
    "refcode_1": "PFF3",
    "refcode_2": "295",
    "refcode_3": "",
    "refcode_4": "318",
    "refcode_short": "PFF3 295",
    "refcode_long": "The Prophetic Faith of Our Fathers, vol. 3, p. 295 (LeRoy Edwin Froom)",
    "element_type": "h5",
    "element_subtype": "",
    "content": "15. &ldquo;OBSERVER&rdquo; CREATES INTEREST IN PROPHECY",
    "puborder": 1527,
    "translations": []
  },
  {
    "para_id": "1582.1991",
    "id_prev": "1582.1990",
    "id_next": "1582.1992",
    "refcode_1": "PFF3",
    "refcode_2": "295",
    "refcode_3": "3",
    "refcode_4": "",
    "refcode_short": "PFF3 295.3",
    "refcode_long": "The Prophetic Faith of Our Fathers, vol. 3, p. 295.3 (LeRoy Edwin Froom)",
    "element_type": "p",
    "element_subtype": "standard-indented",
    "content": "Mention is twice made of the conference at Albury Park for the study of prophecy, which had been reported in The Record <sup class=\"footnote\"><a class=\"footnote\">73<span class=\"footnote\">Ibid., December, 1828 (&lsquo;vol.&rsquo; 28, no.&rsquo;324), p. 788; January, 1830 (vol. 30. no. 337), p. 56.</span></a></sup> Considerable space is given to Henry Drummond in the March Observer for a &ldquo;Popular Introduction to the Study of the Apocalypse.&rdquo; <sup class=\"footnote\"><a class=\"footnote\">74<span class=\"footnote\">Ibid., March, 1830 (vol. 30, no. 339), pp. 130-142.</span></a></sup> In introducing this, the editor says:",
    "puborder": 1528,
    "translations": []
  },
  {
    "para_id": "1582.1992",
    "id_prev": "1582.1991",
    "id_next": "1582.1993",
    "refcode_1": "PFF3",
    "refcode_2": "295",
    "refcode_3": "4",
    "refcode_4": "",
    "refcode_short": "PFF3 295.4",
    "refcode_long": "The Prophetic Faith of Our Fathers, vol. 3, p. 295.4 (LeRoy Edwin Froom)",
    "element_type": "p",
    "element_subtype": "standard-indented",
    "content": "&ldquo;A considerable portion of our pages, as our readers are aware, has for nearly thirty years been devoted to the important subject of prophecy, ... fulfilled and unfulfilled, which has of late spread so widely, and excited so much of the inquiries of Christians of every communion.&rdquo; <sup class=\"footnote\"><a class=\"footnote\">75<span class=\"footnote\">Ibid., p. 129.</span></a></sup>",
    "puborder": 1529,
    "translations": []
  },
  {
    "para_id": "1582.1993",
    "id_prev": "1582.1992",
    "id_next": "1582.1994",
    "refcode_1": "PFF3",
    "refcode_2": "295",
    "refcode_3": "",
    "refcode_4": "319",
    "refcode_short": "PFF3 295",
    "refcode_long": "The Prophetic Faith of Our Fathers, vol. 3, p. 295 (LeRoy Edwin Froom)",
    "element_type": "h5",
    "element_subtype": "",
    "content": "16. &ldquo;D. M. P.&rdquo; DATES TURKISH PERIOD 1299 TO 1690",
    "puborder": 1530,
    "translations": []
  },
  {
    "para_id": "1582.1994",
    "id_prev": "1582.1993",
    "id_next": "1582.1997",
    "refcode_1": "PFF3",
    "refcode_2": "295",
    "refcode_3": "5",
    "refcode_4": "",
    "refcode_short": "PFF3 295.5",
    "refcode_long": "The Prophetic Faith of Our Fathers, vol. 3, p. 295.5 (LeRoy Edwin Froom)",
    "element_type": "p",
    "element_subtype": "standard-indented",
    "content": "In a series of articles on the trumpets &ldquo;D. M. P.&rdquo; writes on the first four as accomplishing the downfall of Western Rome <span class=\"page-break\" data-page=\"296\"></span> and thereby preparing the way for the success of the caliphs in the East. <sup class=\"footnote\"><a class=\"footnote\">76<span class=\"footnote\">Ibid., June, 1831 (vol. 31, no. 354), pp. 340, 341.</span></a></sup> Stressing the date made famous by Gibbon- July 27, 1299 <sup class=\"footnote\"><a class=\"footnote\">77<span class=\"footnote\">Ibid., August, 1831 (vol. 31, no. 356), p. 458.</span></a></sup> -he comes to the fall of Constantinople in 1453 and observes significantly:",
    "puborder": 1531,
    "translations": []
  },
  {
    "para_id": "1582.1997",
    "id_prev": "1582.1994",
    "id_next": "1582.1998",
    "refcode_1": "PFF3",
    "refcode_2": "296",
    "refcode_3": "1",
    "refcode_4": "",
    "refcode_short": "PFF3 296.1",
    "refcode_long": "The Prophetic Faith of Our Fathers, vol. 3, p. 296.1 (LeRoy Edwin Froom)",
    "element_type": "p",
    "element_subtype": "standard-indented",
    "content": "&ldquo;Once seated upon the imperial throne of the Caesars, the Turkish sultan assumed a new name and character among the kings of the earth, and his empire attained to such a colossal magnitude as to become for upwards of two centuries the scourge and terror of Christendom.&rdquo; <sup class=\"footnote\"><a class=\"footnote\">78<span class=\"footnote\">Ibid., p. 461.</span></a></sup>",
    "puborder": 1532,
    "translations": []
  },
  {
    "para_id": "1582.1998",
    "id_prev": "1582.1997",
    "id_next": "1582.1999",
    "refcode_1": "PFF3",
    "refcode_2": "296",
    "refcode_3": "2",
    "refcode_4": "",
    "refcode_short": "PFF3 296.2",
    "refcode_long": "The Prophetic Faith of Our Fathers, vol. 3, p. 296.2 (LeRoy Edwin Froom)",
    "element_type": "p",
    "element_subtype": "standard-indented",
    "content": "Taking 1299 as the starting point, &ldquo;D. M. P.&rdquo; therefore places the terminus of the 391 years in 1690, which was the last successful campaign of the Turks in Hungary. He then concludes with the remark, &ldquo;But, whichever of the foregoing dates be preferred by the reader, he can hardly fail to acknowledge the accurate fulfilment of prophecy.&rdquo; <sup class=\"footnote\"><a class=\"footnote\">79<span class=\"footnote\">Ibid., p. 463.</span></a></sup>",
    "puborder": 1533,
    "translations": []
  },
  {
    "para_id": "1582.1999",
    "id_prev": "1582.1998",
    "id_next": "1582.2000",
    "refcode_1": "PFF3",
    "refcode_2": "296",
    "refcode_3": "",
    "refcode_4": "320",
    "refcode_short": "PFF3 296",
    "refcode_long": "The Prophetic Faith of Our Fathers, vol. 3, p. 296 (LeRoy Edwin Froom)",
    "element_type": "h5",
    "element_subtype": "",
    "content": "17. THE CALL OUT OF BABYLON",
    "puborder": 1534,
    "translations": []
  },
  {
    "para_id": "1582.2000",
    "id_prev": "1582.1999",
    "id_next": "1582.2001",
    "refcode_1": "PFF3",
    "refcode_2": "296",
    "refcode_3": "3",
    "refcode_4": "",
    "refcode_short": "PFF3 296.3",
    "refcode_long": "The Prophetic Faith of Our Fathers, vol. 3, p. 296.3 (LeRoy Edwin Froom)",
    "element_type": "p",
    "element_subtype": "standard-indented",
    "content": "We note but one further development now, in the fifth decade of the century. In 1842 the issue of current compromises with Rome is sharply drawn, the purpose of many being to &ldquo;unprotestantise our Church, and bring us back to Catholicity.&rdquo; A growing group was looking upon Romanism as a branch of Christ&rsquo;s Holy Catholic church, differing from Protestantism in unimportant matters, but constituting an older branch which retains things Protestantism has lost-the stem from which our Protestant branch once grew, and separation from which is to be regretted. To such, Rome is the &ldquo;Saviour&rsquo;s holy home,&rdquo; and all are prodigal sons who have left the Father&rsquo;s house, and are feeding on husks, and ought without delay to return to the mansion where once we dwelt. <sup class=\"footnote\"><a class=\"footnote\">80<span class=\"footnote\">Ibid., April, 1842 (vol. 5, no. 52), p. 198.</span></a></sup>",
    "puborder": 1535,
    "translations": []
  },
  {
    "para_id": "1582.2001",
    "id_prev": "1582.2000",
    "id_next": "1582.2003",
    "refcode_1": "PFF3",
    "refcode_2": "296",
    "refcode_3": "4",
    "refcode_4": "",
    "refcode_short": "PFF3 296.4",
    "refcode_long": "The Prophetic Faith of Our Fathers, vol. 3, p. 296.4 (LeRoy Edwin Froom)",
    "element_type": "p",
    "element_subtype": "standard-indented",
    "content": "The spell of such &ldquo;magic of words&rdquo; is to be dissolved &ldquo;simply by telling the truth,&rdquo; and by &ldquo;calling things by their right names.&rdquo; Instead of a church, a writer in the Observer contends that it is an apostasy, the mystery of iniquity, Babylon the great, from which we are to come out and be separate that we partake not of her sins and receive not of her plagues. <sup class=\"footnote\"><a class=\"footnote\">81<span class=\"footnote\">ibid., pp. 198, 199.</span></a></sup>",
    "puborder": 1536,
    "translations": []
  },
  {
    "para_id": "1582.2003",
    "id_prev": "1582.2001",
    "id_next": "1582.2004",
    "refcode_1": "PFF3",
    "refcode_2": "297",
    "refcode_3": "1",
    "refcode_4": "",
    "refcode_short": "PFF3 297.1",
    "refcode_long": "The Prophetic Faith of Our Fathers, vol. 3, p. 297.1 (LeRoy Edwin Froom)",
    "element_type": "p",
    "element_subtype": "standard-indented",
    "content": "Such is the remarkable record of the discussions on prophecy in this staid Church of England journal, in the interim before and while the leading books of the second, third, and fourth decades of this remarkable century of exposition were produced and the leading schools of interpretation were clearly developed. The stalwarts in the early discussions are thus before us, and from now on books on prophecy appear in increasing numbers, and other periodicals appear, largely founded for the discussion of prophecy.",
    "puborder": 1537,
    "translations": []
  }
]