[
  {
    "para_id": "1582.31",
    "id_prev": "1582.28",
    "id_next": "1582.32",
    "refcode_1": "PFF3",
    "refcode_2": "11",
    "refcode_3": "",
    "refcode_4": "2",
    "refcode_short": "PFF3 11",
    "refcode_long": "The Prophetic Faith of Our Fathers, vol. 3, p. 11 (LeRoy Edwin Froom)",
    "element_type": "h4",
    "element_subtype": "",
    "content": "II. A Retrospect of Past Developments",
    "puborder": 25,
    "translations": []
  },
  {
    "para_id": "1582.32",
    "id_prev": "1582.31",
    "id_next": "1582.33",
    "refcode_1": "PFF3",
    "refcode_2": "11",
    "refcode_3": "1",
    "refcode_4": "",
    "refcode_short": "PFF3 11.1",
    "refcode_long": "The Prophetic Faith of Our Fathers, vol. 3, p. 11.1 (LeRoy Edwin Froom)",
    "element_type": "p",
    "element_subtype": "standard-indented",
    "content": "The new center of interest involved a prophetic time period which had not been emphasized through the centuries&mdash;the 2300 years of <span class=\"egwlink egwlink_bible\" title=\"Daniel 8:14\" data-link=\"1965.44838\">Daniel 8:14</span>. To this, the longest of all Daniel&rsquo;s prophetic time periods, the year&mdash;day principle of prophetic calculation was now applied. First, however, let us take a retrospective glance over the centuries to see the relationship of the new emphasis to the slowly growing recognition of the year-day principle of prophetic calculation.",
    "puborder": 26,
    "translations": []
  },
  {
    "para_id": "1582.33",
    "id_prev": "1582.32",
    "id_next": "1582.34",
    "refcode_1": "PFF3",
    "refcode_2": "11",
    "refcode_3": "2",
    "refcode_4": "",
    "refcode_short": "PFF3 11.2",
    "refcode_long": "The Prophetic Faith of Our Fathers, vol. 3, p. 11.2 (LeRoy Edwin Froom)",
    "element_type": "p",
    "element_subtype": "standard-indented",
    "content": "First, the seventy weeks &ldquo;of years&rdquo; (Alexandrian Septuagint) was discerned by the Jews, at least by the third century B.C.E. <sup class=\"footnote\"><a class=\"footnote\">2<span class=\"footnote\">&ldquo;Before the Common, or Christian, Era,&rdquo; the Jewish designation for B.C.</span></a></sup> It was the one and only time period of Daniel which had contemporary application and concern to the Old Testament church of the time. The seventy weeks were cut off for the Jews, and led to the cutting off of the Messiah in the seventieth week, or end&mdash;week, of years. This principle of a day for a year was tenaciously held by the Jews in the succeeding centuries, and came to be well-nigh universally accepted by Christian expositors.",
    "puborder": 27,
    "translations": []
  },
  {
    "para_id": "1582.34",
    "id_prev": "1582.33",
    "id_next": "1582.37",
    "refcode_1": "PFF3",
    "refcode_2": "11",
    "refcode_3": "3",
    "refcode_4": "",
    "refcode_short": "PFF3 11.3",
    "refcode_long": "The Prophetic Faith of Our Fathers, vol. 3, p. 11.3 (LeRoy Edwin Froom)",
    "element_type": "p",
    "element_subtype": "standard-indented",
    "content": "Then, after the great persecuting apostasy had come to full <span class=\"page-break\" data-page=\"12\"></span> fruition, and the year A.D. 1260 was approaching, Joachim of Floris, just before the close of the twelfth century, was led to apply the year-day principle to the 1260 days (or forty-two months, or three and a half times) of both Daniel and the Apocalypse. <sup class=\"footnote\"><a class=\"footnote\">3<span class=\"footnote\">These features are each discussed and documented in detail in Volumes 1 and 2.</span></a></sup> This became an accepted principle among both Catholics and the opponents of Catholics. It was held as a cardinal principle in the Protestant Reformation, until it was challenged by Cardinal Bellarmine in the seventeenth century. Meantime a score of conspicuous Jewish expositors applied this year-day principle to all the time periods of Daniel.",
    "puborder": 28,
    "translations": []
  },
  {
    "para_id": "1582.37",
    "id_prev": "1582.34",
    "id_next": "1582.38",
    "refcode_1": "PFF3",
    "refcode_2": "12",
    "refcode_3": "1",
    "refcode_4": "",
    "refcode_short": "PFF3 12.1",
    "refcode_long": "The Prophetic Faith of Our Fathers, vol. 3, p. 12.1 (LeRoy Edwin Froom)",
    "element_type": "p",
    "element_subtype": "standard-indented",
    "content": "Among the Christians it was applied beyond the seventy weeks and 1260 years, to the 1290 and 1335 years, and finally under Nicholas (Krebs) of Cusa, in the fifteenth century, to the 2300 days&mdash;dating their beginning from the time of the vision. Two centuries then passed before John Tillinghast projected the new principle that the seventy weeks are a lesser epoch within the larger one of the 2300 years, but he did not yet understand the precise relationship. Finally, shortly before the French Revolution, two men&mdash;Petri of Germany and Wood of Ireland&mdash;declared the seventy weeks to be the first part of the 2300 years, but did not date them with full accuracy. <sup class=\"footnote\"><a class=\"footnote\">4<span class=\"footnote\">All to be found in Volume 2.</span></a></sup>",
    "puborder": 29,
    "translations": []
  },
  {
    "para_id": "1582.38",
    "id_prev": "1582.37",
    "id_next": "1582.41",
    "refcode_1": "PFF3",
    "refcode_2": "12",
    "refcode_3": "2",
    "refcode_4": "",
    "refcode_short": "PFF3 12.2",
    "refcode_long": "The Prophetic Faith of Our Fathers, vol. 3, p. 12.2 (LeRoy Edwin Froom)",
    "element_type": "p",
    "element_subtype": "standard-indented",
    "content": "But beginning about 1810, just after the French Revolution and the close of the 1260 years in 1798, in the new era of &ldquo;running to and fro&rdquo; in the prophecies, predicted and taking place in the time of the end, a simultaneous study of the 2300 years and the impending judgment hour broke out in the various countries of Christendom. On both sides of the Atlantic, and in different lands, men were led independently to similar conclusions. Not one or two voices, but a swelling chorus of men on three continents and in different countries, as well as in the British Isles, proclaimed the approaching terminus of the 2300 years as the message of prophecy for the hour. It was as unique, emphatic, and clear as any contemporary emphasis in the advancing epochs of the past. It was obviously the message and the <span class=\"page-break\" data-page=\"13\"></span> emphasis then due, calling for the most urgent inquiry and proclamation.",
    "puborder": 30,
    "translations": []
  }
]