[
  {
    "para_id": "1582.1059",
    "id_prev": "1582.1058",
    "id_next": "1582.1060",
    "refcode_1": "PFF3",
    "refcode_2": "159",
    "refcode_3": "",
    "refcode_4": "52",
    "refcode_short": "PFF3 159",
    "refcode_long": "The Prophetic Faith of Our Fathers, vol. 3, p. 159 (LeRoy Edwin Froom)",
    "element_type": "h4",
    "element_subtype": "",
    "content": "VI. Schoolmaster Cheever-Implants Premillennial Faith in Others",
    "puborder": 813,
    "translations": []
  },
  {
    "para_id": "1582.1060",
    "id_prev": "1582.1059",
    "id_next": "1582.1061",
    "refcode_1": "PFF3",
    "refcode_2": "159",
    "refcode_3": "3",
    "refcode_4": "",
    "refcode_short": "PFF3 159.3",
    "refcode_long": "The Prophetic Faith of Our Fathers, vol. 3, p. 159.3 (LeRoy Edwin Froom)",
    "element_type": "p",
    "element_subtype": "standard-indented",
    "content": "The educational aim of the early settlers was to instruct children and youth so that they might search the Scriptures. Indeed, as noted, Harvard was founded principally as a training school for the clergy. <sup class=\"footnote\"><a class=\"footnote\">52<span class=\"footnote\">Wertenbaker, The First Americans, 1607-1690, p. 248.</span></a></sup> Civil and ecclesiastical functions blended in those early times. But under the Massachusetts Charter of 1691, control of the church over the state was abolished. Consequently, school administration became a secular matter. So, with the passing of the religious sanctions for education there came a decline in educational emphasis for a time. Then the district school began to be developed, and Ezekiel Cheever&rsquo;s Boston Latin School, from 1670 to 1708, was one of the best. A struggle to liberalize Harvard developed, <sup class=\"footnote\"><a class=\"footnote\">53<span class=\"footnote\">Ibid., p. 249. During the last quarter of the century, Harvard became the battleground of the conservative and liberal groups in Massachusetts, and suffered in consequence.</span></a></sup> and the Connecticut church leaders seized the opportunity to found the collegiate school to be known as Yale. <sup class=\"footnote\"><a class=\"footnote\">54<span class=\"footnote\">James Truslow Adams, Provincial Society, 1690-1763, pp. 134, 135.</span></a></sup>",
    "puborder": 814,
    "translations": []
  },
  {
    "para_id": "1582.1061",
    "id_prev": "1582.1060",
    "id_next": "1582.1064",
    "refcode_1": "PFF3",
    "refcode_2": "159",
    "refcode_3": "4",
    "refcode_4": "",
    "refcode_short": "PFF3 159.4",
    "refcode_long": "The Prophetic Faith of Our Fathers, vol. 3, p. 159.4 (LeRoy Edwin Froom)",
    "element_type": "p",
    "element_subtype": "standard-indented",
    "content": "EZEKIEL CHEEVER (1614-1708), American classicist, educator, and one of the founders of New Haven, Connecticut, was born in London and educated at the University of Cambridge, England. Inspired to seek a home in the New World, he came to Boston in 1638, at twenty-four, and to New Haven in 1639. Here he sought to assist in founding a new community that <span class=\"page-break\" data-page=\"160\"></span> would be a guide and beacon to the nations. Appointed master of the public school, and teaching there until 1650, he was a man of prestige, representing the town from 1646 to 1650 in the General Court. He was also one of the pillars of the local church, serving as a deacon, and occasionally officiating as a preacher.",
    "puborder": 815,
    "translations": []
  },
  {
    "para_id": "1582.1064",
    "id_prev": "1582.1061",
    "id_next": "1582.1065",
    "refcode_1": "PFF3",
    "refcode_2": "160",
    "refcode_3": "1",
    "refcode_4": "",
    "refcode_short": "PFF3 160.1",
    "refcode_long": "The Prophetic Faith of Our Fathers, vol. 3, p. 160.1 (LeRoy Edwin Froom)",
    "element_type": "p",
    "element_subtype": "standard-indented",
    "content": "From 1650 to 1661, Cheever taught at Ipswich. At Charles ton (1661-69) he established a free school endowed by annual taxes. Then at Boston he was master of the Boston Latin School for thirty-eight years (1670-1708). Famous as a skillful teacher, he had governors, judges, ministers, and magistrates in their teens as pupils, and left an indelible mark upon New England.",
    "puborder": 816,
    "translations": []
  },
  {
    "para_id": "1582.1065",
    "id_prev": "1582.1064",
    "id_next": "1582.1066",
    "refcode_1": "PFF3",
    "refcode_2": "160",
    "refcode_3": "2",
    "refcode_4": "",
    "refcode_short": "PFF3 160.2",
    "refcode_long": "The Prophetic Faith of Our Fathers, vol. 3, p. 160.2 (LeRoy Edwin Froom)",
    "element_type": "p",
    "element_subtype": "standard-indented",
    "content": "While teaching in Boston, Cheever wrote his famous Short Introduction to the Latin Tongue, which for a century was the handbook of Latin students. By 1785 it had run through twenty editions. His leading religious work-published after his death-was Scripture Prophecies Explained, in Three Short Essays (1757), on the restitution of all things, the first resurrection, and the second advent at the beginning of the millennium. A clear premillennialist, Cheever held to the second literal advent and a literal resurrection, and shaped the views of future leaders to this end. (Title page reproduced on page 152.)",
    "puborder": 817,
    "translations": []
  },
  {
    "para_id": "1582.1066",
    "id_prev": "1582.1065",
    "id_next": "1582.1067",
    "refcode_1": "PFF3",
    "refcode_2": "160",
    "refcode_3": "",
    "refcode_4": "152",
    "refcode_short": "PFF3 160",
    "refcode_long": "The Prophetic Faith of Our Fathers, vol. 3, p. 160 (LeRoy Edwin Froom)",
    "element_type": "h5",
    "element_subtype": "",
    "content": "1. ADVENT HOPE WRITTEN IN LAST WILL",
    "puborder": 818,
    "translations": []
  },
  {
    "para_id": "1582.1067",
    "id_prev": "1582.1066",
    "id_next": "1582.1068",
    "refcode_1": "PFF3",
    "refcode_2": "160",
    "refcode_3": "3",
    "refcode_4": "",
    "refcode_short": "PFF3 160.3",
    "refcode_long": "The Prophetic Faith of Our Fathers, vol. 3, p. 160.3 (LeRoy Edwin Froom)",
    "element_type": "p",
    "element_subtype": "standard-indented",
    "content": "In common with the church of the early centuries he held to the personal reign of Christ in the grand millennial day-a day of judgment, the terrible day of the Lord. The new earth is a restoration to its state before the fall. <sup class=\"footnote\"><a class=\"footnote\">55<span class=\"footnote\">Ezekiel Cheever, Scripture Prophecies Explained, p. 6.</span></a></sup> Cheever&rsquo;s last will, on record in, and secured from, the probate court in Boston, plainly declares that he dies-",
    "puborder": 819,
    "translations": []
  },
  {
    "para_id": "1582.1068",
    "id_prev": "1582.1067",
    "id_next": "1582.1069",
    "refcode_1": "PFF3",
    "refcode_2": "160",
    "refcode_3": "4",
    "refcode_4": "",
    "refcode_short": "PFF3 160.4",
    "refcode_long": "The Prophetic Faith of Our Fathers, vol. 3, p. 160.4 (LeRoy Edwin Froom)",
    "element_type": "p",
    "element_subtype": "standard-indented",
    "content": "&ldquo;In hope of a blessed part in the first resurrection, and glorious king dom of Christ on earth a thousand years.&rdquo; <sup class=\"footnote\"><a class=\"footnote\">56<span class=\"footnote\">Last will and testament, Probate Court records (Boston), Liber 16, p. 466 (no. 3119). (Reproduced on p. 174.)</span></a></sup>",
    "puborder": 820,
    "translations": []
  },
  {
    "para_id": "1582.1069",
    "id_prev": "1582.1068",
    "id_next": "1582.1070",
    "refcode_1": "PFF3",
    "refcode_2": "160",
    "refcode_3": "",
    "refcode_4": "153",
    "refcode_short": "PFF3 160",
    "refcode_long": "The Prophetic Faith of Our Fathers, vol. 3, p. 160 (LeRoy Edwin Froom)",
    "element_type": "h5",
    "element_subtype": "",
    "content": "2. RESTORATION TO EDENIC STATE",
    "puborder": 821,
    "translations": []
  },
  {
    "para_id": "1582.1070",
    "id_prev": "1582.1069",
    "id_next": "1582.1073",
    "refcode_1": "PFF3",
    "refcode_2": "160",
    "refcode_3": "5",
    "refcode_4": "",
    "refcode_short": "PFF3 160.5",
    "refcode_long": "The Prophetic Faith of Our Fathers, vol. 3, p. 160.5 (LeRoy Edwin Froom)",
    "element_type": "p",
    "element_subtype": "standard-indented",
    "content": "In Essay I, Cheever held that the restitution was not a new creation but a restoration to the Edenic state that was before the fall, which time of renovation <span class=\"page-break\" data-page=\"161\"></span> will coincide with the first judgment, foretold by the prophets. <sup class=\"footnote\"><a class=\"footnote\">57<span class=\"footnote\">Cheever, Scripture Prophecies Explained, pp. 1, 6.</span></a></sup>",
    "puborder": 822,
    "translations": []
  },
  {
    "para_id": "1582.1073",
    "id_prev": "1582.1070",
    "id_next": "1582.1074",
    "refcode_1": "PFF3",
    "refcode_2": "161",
    "refcode_3": "",
    "refcode_4": "154",
    "refcode_short": "PFF3 161",
    "refcode_long": "The Prophetic Faith of Our Fathers, vol. 3, p. 161 (LeRoy Edwin Froom)",
    "element_type": "h5",
    "element_subtype": "",
    "content": "3. THOUSAND YEARS BETWEEN Two RESURRECTIONS",
    "puborder": 823,
    "translations": []
  },
  {
    "para_id": "1582.1074",
    "id_prev": "1582.1073",
    "id_next": "1582.1075",
    "refcode_1": "PFF3",
    "refcode_2": "161",
    "refcode_3": "1",
    "refcode_4": "",
    "refcode_short": "PFF3 161.1",
    "refcode_long": "The Prophetic Faith of Our Fathers, vol. 3, p. 161.1 (LeRoy Edwin Froom)",
    "element_type": "p",
    "element_subtype": "standard-indented",
    "content": "In Essay II he held that the first resurrection of the saints is &ldquo;a thousand years before the resurrection of the wicked at the last general judgment.&rdquo; <sup class=\"footnote\"><a class=\"footnote\">58<span class=\"footnote\">Ibid., p. 7.</span></a></sup>",
    "puborder": 824,
    "translations": []
  },
  {
    "para_id": "1582.1075",
    "id_prev": "1582.1074",
    "id_next": "1582.1076",
    "refcode_1": "PFF3",
    "refcode_2": "161",
    "refcode_3": "",
    "refcode_4": "155",
    "refcode_short": "PFF3 161",
    "refcode_long": "The Prophetic Faith of Our Fathers, vol. 3, p. 161 (LeRoy Edwin Froom)",
    "element_type": "h5",
    "element_subtype": "",
    "content": "4. SECOND ADVENT INTRODUCES MILLENNIUM",
    "puborder": 825,
    "translations": []
  },
  {
    "para_id": "1582.1076",
    "id_prev": "1582.1075",
    "id_next": "1582.1077",
    "refcode_1": "PFF3",
    "refcode_2": "161",
    "refcode_3": "2",
    "refcode_4": "",
    "refcode_short": "PFF3 161.2",
    "refcode_long": "The Prophetic Faith of Our Fathers, vol. 3, p. 161.2 (LeRoy Edwin Froom)",
    "element_type": "p",
    "element_subtype": "standard-indented",
    "content": "Maintaining, in Essay III, that the second personal advent would mark the beginning of the thousand years, <sup class=\"footnote\"><a class=\"footnote\">59<span class=\"footnote\">Ibid., p. 21.</span></a></sup> Cheever states that this all comes after the great period of the church&rsquo;s heavy tribulation (<span class=\"egwlink egwlink_bible\" title=\"Matthew 24:30\" data-link=\"1965.48970\">Matthew 24:30</span>), from &ldquo;Antichrist and his party, whom Christ comes to destroy&rdquo; <sup class=\"footnote\"><a class=\"footnote\">60<span class=\"footnote\">Ibid., p. 22.</span></a></sup> and all before the thousand years. And with the signs of that great day this interpretation &ldquo;doth fitly agree.&rdquo;",
    "puborder": 826,
    "translations": []
  },
  {
    "para_id": "1582.1077",
    "id_prev": "1582.1076",
    "id_next": "1582.1078",
    "refcode_1": "PFF3",
    "refcode_2": "161",
    "refcode_3": "",
    "refcode_4": "156",
    "refcode_short": "PFF3 161",
    "refcode_long": "The Prophetic Faith of Our Fathers, vol. 3, p. 161 (LeRoy Edwin Froom)",
    "element_type": "h5",
    "element_subtype": "",
    "content": "5. COMES AT END OF FOURTH MONARCHY",
    "puborder": 827,
    "translations": []
  },
  {
    "para_id": "1582.1078",
    "id_prev": "1582.1077",
    "id_next": "1582.1079",
    "refcode_1": "PFF3",
    "refcode_2": "161",
    "refcode_3": "3",
    "refcode_4": "",
    "refcode_short": "PFF3 161.3",
    "refcode_long": "The Prophetic Faith of Our Fathers, vol. 3, p. 161.3 (LeRoy Edwin Froom)",
    "element_type": "p",
    "element_subtype": "standard-indented",
    "content": "This present world will perish just as did the antediluvian world. <sup class=\"footnote\"><a class=\"footnote\">61<span class=\"footnote\">Ibid., p. 23.</span></a></sup> Christ receives His kingdom from the Ancient of days (<span class=\"egwlink egwlink_bible\" title=\"Daniel 7:1\" data-link=\"1965.44755\">Daniel 7</span>) at the second advent.",
    "puborder": 828,
    "translations": []
  },
  {
    "para_id": "1582.1079",
    "id_prev": "1582.1078",
    "id_next": "1582.1080",
    "refcode_1": "PFF3",
    "refcode_2": "161",
    "refcode_3": "4",
    "refcode_4": "",
    "refcode_short": "PFF3 161.4",
    "refcode_long": "The Prophetic Faith of Our Fathers, vol. 3, p. 161.4 (LeRoy Edwin Froom)",
    "element_type": "p",
    "element_subtype": "standard-indented",
    "content": "&ldquo;This coming is a personal coming, the time of it after the destruction of antichrist&rsquo;s kingdom, and the end of the four monarchies, as appears from <span class=\"egwlink egwlink_bible\" title=\"Daniel 2:1\" data-link=\"1965.44400\">Daniel 2</span>. and <span class=\"egwlink egwlink_bible\" title=\"Revelation 21:1\" data-link=\"1965.63365\">Revelation 21</span>. which places shew that it is an outward visible kingdom, which Christ, together with his saints, shall have in this world.&rdquo;&rdquo; <sup class=\"footnote\"><a class=\"footnote\">62<span class=\"footnote\">Ibid., p. 26.</span></a></sup>",
    "puborder": 829,
    "translations": []
  },
  {
    "para_id": "1582.1080",
    "id_prev": "1582.1079",
    "id_next": "1582.1081",
    "refcode_1": "PFF3",
    "refcode_2": "161",
    "refcode_3": "5",
    "refcode_4": "",
    "refcode_short": "PFF3 161.5",
    "refcode_long": "The Prophetic Faith of Our Fathers, vol. 3, p. 161.5 (LeRoy Edwin Froom)",
    "element_type": "p",
    "element_subtype": "standard-indented",
    "content": "And this is all while Antichrist is still alive, whom Christ destroys with the brightness of His coming. <sup class=\"footnote\"><a class=\"footnote\">63<span class=\"footnote\">Ibid., p. 27.</span></a></sup>",
    "puborder": 830,
    "translations": []
  }
]