[
  {
    "para_id": "1582.740",
    "id_prev": "1582.738",
    "id_next": "1582.741",
    "refcode_1": "PFF3",
    "refcode_2": "115",
    "refcode_3": "",
    "refcode_4": "6",
    "refcode_short": "PFF3 115",
    "refcode_long": "The Prophetic Faith of Our Fathers, vol. 3, p. 115 (LeRoy Edwin Froom)",
    "element_type": "h3",
    "element_subtype": "",
    "content": "CHAPTER SIX: Prophetic Terms Permeate Secular Literature",
    "puborder": 568,
    "translations": []
  },
  {
    "para_id": "1582.741",
    "id_prev": "1582.740",
    "id_next": "1582.742",
    "refcode_1": "PFF3",
    "refcode_2": "115",
    "refcode_3": "1",
    "refcode_4": "",
    "refcode_short": "PFF3 115.1",
    "refcode_long": "The Prophetic Faith of Our Fathers, vol. 3, p. 115.1 (LeRoy Edwin Froom)",
    "element_type": "p",
    "element_subtype": "standard-indented",
    "content": "The molding influence of the standard writings of colonial New England had a definite hearing on the common, or popular, concept of the Papacy. The New England Primer <sup class=\"footnote\"><a class=\"footnote\">1<span class=\"footnote\">Charles F. Adams, Three Episodes of Massachusetts History, vol. 2, pp. 778, 779.</span></a></sup> (168?) for example, which will he noted in detail, was doubtless the most important of its class, serving for six generations as the principal text of the Dissenters in New England, and spreading into the West and South. Used for a century and a half, unnumbered thousands of copies, through many editions, were sold. Sometimes called the &ldquo;Little Bible of New England,&rdquo; it exercised a profound influence over the thinking of the populace. Its circulation in the one hundred and fifty years is said to have totaled literally millions of copies. <sup class=\"footnote\"><a class=\"footnote\">2<span class=\"footnote\">Paul Leicester Ford, The New-England Primer; a History of Its Origin and Development p. 19.; Clement Ferguson, &ldquo;The New England Primer, 1690.&rdquo; in Magazine of American History, August, 1888 (vol. 20), pp. 148, 149.</span></a></sup> Its significance will become apparent.",
    "puborder": 569,
    "translations": []
  }
]