[
  {
    "para_id": "1582.2201",
    "id_prev": "1582.2200",
    "id_next": "1582.2202",
    "refcode_1": "PFF3",
    "refcode_2": "328",
    "refcode_3": "",
    "refcode_4": "107",
    "refcode_short": "PFF3 328",
    "refcode_long": "The Prophetic Faith of Our Fathers, vol. 3, p. 328 (LeRoy Edwin Froom)",
    "element_type": "h4",
    "element_subtype": "",
    "content": "II. Spotlight Shifts From <span class=\"egwlink egwlink_bible\" title=\"Daniel 7:1\" data-link=\"1965.44755\">Daniel 7</span> to <span class=\"egwlink egwlink_bible\" title=\"Daniel 8:1\" data-link=\"1965.44812\">Daniel 8</span>",
    "puborder": 1679,
    "translations": []
  },
  {
    "para_id": "1582.2202",
    "id_prev": "1582.2201",
    "id_next": "1582.2203",
    "refcode_1": "PFF3",
    "refcode_2": "328",
    "refcode_3": "4",
    "refcode_4": "",
    "refcode_short": "PFF3 328.4",
    "refcode_long": "The Prophetic Faith of Our Fathers, vol. 3, p. 328.4 (LeRoy Edwin Froom)",
    "element_type": "p",
    "element_subtype": "standard-indented",
    "content": "With the ending of the 1260 years of <span class=\"egwlink egwlink_bible\" title=\"Daniel 7:1\" data-link=\"1965.44755\">Daniel 7</span>, allotted to the exploits of the Little Horn, and brought to a close through the French Revolution, the spotlight of prophetic interest and concern moved from <span class=\"egwlink egwlink_bible\" title=\"Daniel 7:1\" data-link=\"1965.44755\">Daniel 7</span> over to <span class=\"egwlink egwlink_bible\" title=\"Daniel 8:1\" data-link=\"1965.44812\">Daniel 8</span>, and the great 2300-year time period of <span class=\"egwlink egwlink_bible\" title=\"Daniel 7:14\" data-link=\"1965.44781\">verse 14</span>. Over the span of the centuries prophetic study had shifted progressively from Rome, the last of the four world powers, to Rome&rsquo;s divisions, then to the identification of the little horn as the Papacy. And now, after the close of the designated era of that Little Horn, only the judgment scenes remain in the outline of <span class=\"egwlink egwlink_bible\" title=\"Daniel 7:1\" data-link=\"1965.44755\">Daniel 7</span>. So, while-Daniel 7 and other prophecies are still of interest and concern, the focal point of advanced study and discussion shifts to <span class=\"egwlink egwlink_bible\" title=\"Daniel 8:1\" data-link=\"1965.44812\">Daniel 8</span> after the French Revolution.",
    "puborder": 1680,
    "translations": []
  },
  {
    "para_id": "1582.2203",
    "id_prev": "1582.2202",
    "id_next": "1582.2206",
    "refcode_1": "PFF3",
    "refcode_2": "328",
    "refcode_3": "5",
    "refcode_4": "",
    "refcode_short": "PFF3 328.5",
    "refcode_long": "The Prophetic Faith of Our Fathers, vol. 3, p. 328.5 (LeRoy Edwin Froom)",
    "element_type": "p",
    "element_subtype": "standard-indented",
    "content": "As we cross the threshold of the nineteenth century, many of the treatises on prophecy by Protestant writers, from the very first, deal with aspects of these 2300 years, particularly the closing <span class=\"page-break\" data-page=\"329\"></span> events. This period becomes the theme of principal inquiry by a growing number of earnest, competent students, seeking to determine the intent of the climax of this heretofore little-under stood prophecy. It is a new emphasis. The correct dating of the period-its relation to other time periods, the accurate determination of its beginning year, the true length of the period itself, and the nature of the events to take place at its close, all become the quest of many minds and divers pens.",
    "puborder": 1681,
    "translations": []
  },
  {
    "para_id": "1582.2206",
    "id_prev": "1582.2203",
    "id_next": "1582.2207",
    "refcode_1": "PFF3",
    "refcode_2": "329",
    "refcode_3": "1",
    "refcode_4": "",
    "refcode_short": "PFF3 329.1",
    "refcode_long": "The Prophetic Faith of Our Fathers, vol. 3, p. 329.1 (LeRoy Edwin Froom)",
    "element_type": "p",
    "element_subtype": "standard-indented",
    "content": "We shall now meet these men individually, first noting briefly their differing backgrounds, training, and achievements, and the events that had a bearing upon their study of prophecy, as well as their special contributions to the sum total of sound interpretation. Special note will be taken of their scholastic training, not to glorify learning or degrees, but to discover their mental caliber and competency for such exposition. Possessed of competent scholarship, these men were the intellectual peers of any in their day. They were not ignorant enthusiasts, but were unsurpassed in training, language, history, and theology, as well as in pulpit power and literary achievement.",
    "puborder": 1682,
    "translations": []
  },
  {
    "para_id": "1582.2207",
    "id_prev": "1582.2206",
    "id_next": "1582.2208",
    "refcode_1": "PFF3",
    "refcode_2": "329",
    "refcode_3": "2",
    "refcode_4": "",
    "refcode_short": "PFF3 329.2",
    "refcode_long": "The Prophetic Faith of Our Fathers, vol. 3, p. 329.2 (LeRoy Edwin Froom)",
    "element_type": "p",
    "element_subtype": "standard-indented",
    "content": "And, as through the years men had come to sound conclusions through candid discussion of differing viewpoints, so this process for sifting and improvement becomes intensified in the nineteenth century. We shall begin with the early writers and follow progressively through the succeeding decades.",
    "puborder": 1683,
    "translations": []
  }
]