[
  {
    "para_id": "669.1578",
    "id_prev": "669.1577",
    "id_next": "669.1579",
    "refcode_1": "EGWE",
    "refcode_2": "242",
    "refcode_3": "",
    "refcode_4": "154",
    "refcode_short": "EGWE 242",
    "refcode_long": "Ellen G. White in Europe 1885-1887, p. 242 (D. A. Delafield)",
    "element_type": "h4",
    "element_subtype": "",
    "content": "Purpose of the Visions",
    "puborder": 1203,
    "translations": [
      {
        "para_id": "1715.1699",
        "lang": "es",
        "refcode": "EGWE 275"
      }
    ]
  },
  {
    "para_id": "669.1579",
    "id_prev": "669.1578",
    "id_next": "669.1581",
    "refcode_1": "EGWE",
    "refcode_2": "242",
    "refcode_3": "4",
    "refcode_4": "",
    "refcode_short": "EGWE 242.4",
    "refcode_long": "Ellen G. White in Europe 1885-1887, p. 242.4 (D. A. Delafield)",
    "element_type": "p",
    "element_subtype": "standard-indented",
    "content": "Every Seventh-day Adventist should understand the purpose of the visions given to God&apos;s servant and the testimonies that she wrote. Ellen White indicated that they were given: &ldquo;To bring the minds of His people to His word.&rdquo;&mdash;<span class=\"egwlink egwlink_book\" title=\"5T 663.1\" data-link=\"113.3225\">Ibid., 5:663</span>. &ldquo;God has through the <em>Testimonies</em> simplified the great truths already given.&rdquo;&mdash;<span class=\"egwlink egwlink_book\" title=\"5T 665.1\" data-link=\"113.3234\">Ibid., 5:665</span>. To call attention to Bible &ldquo;principles for the formation of correct habits of living.&rdquo;&mdash;<span class=\"egwlink egwlink_book\" title=\"5T 663.1\" data-link=\"113.3225\">Ibid., 5:663, 664</span>.",
    "puborder": 1204,
    "translations": [
      {
        "para_id": "1715.1700",
        "lang": "es",
        "refcode": "EGWE 275.1"
      }
    ]
  },
  {
    "para_id": "669.1581",
    "id_prev": "669.1579",
    "id_next": "669.1582",
    "refcode_1": "EGWE",
    "refcode_2": "243",
    "refcode_3": "1",
    "refcode_4": "",
    "refcode_short": "EGWE 243.1",
    "refcode_long": "Ellen G. White in Europe 1885-1887, p. 243.1 (D. A. Delafield)",
    "element_type": "p",
    "element_subtype": "standard-indented",
    "content": "They were not given &ldquo;for a new rule of faith, but for the comfort of His people, and to correct those who err from Bible truth.&rdquo;&mdash;<span class=\"egwlink egwlink_book\" title=\"EW 78.1\" data-link=\"28.494\">Early Writings, 78</span>.",
    "puborder": 1205,
    "translations": [
      {
        "para_id": "1715.1701",
        "lang": "es",
        "refcode": "EGWE 275.2"
      }
    ]
  },
  {
    "para_id": "669.1582",
    "id_prev": "669.1581",
    "id_next": "669.1583",
    "refcode_1": "EGWE",
    "refcode_2": "243",
    "refcode_3": "2",
    "refcode_4": "",
    "refcode_short": "EGWE 243.2",
    "refcode_long": "Ellen G. White in Europe 1885-1887, p. 243.2 (D. A. Delafield)",
    "element_type": "p",
    "element_subtype": "standard-indented",
    "content": "They were provided to specify &ldquo;man&apos;s duty to God and to his fellow man.&rdquo;&mdash;<span class=\"egwlink egwlink_book\" title=\"5T 665.1\" data-link=\"113.3234\">Testimonies for the Church 5:665</span>. Also, &ldquo;to encourage the desponding.&rdquo;&mdash;<span class=\"egwlink egwlink_book\" title=\"RH 1-10-1856\" data-link=\"821.156\">The Review and Herald, January 10, 1856</span>. (Read carefully <span class=\"egwlink egwlink_book\" title=\"5T 654.1\" data-link=\"113.3174\">Testimonies for the Church 5:654-696</span>; also Testimony Treasures, vol. 2, pp. 270-293.)",
    "puborder": 1206,
    "translations": [
      {
        "para_id": "1715.1702",
        "lang": "es",
        "refcode": "EGWE 275.3"
      }
    ]
  }
]