[
  {
    "para_id": "14052.3566001",
    "id_prev": "14052.3516016",
    "id_next": "14052.3566004",
    "refcode_1": "2LtMs",
    "refcode_2": "1",
    "refcode_3": "",
    "refcode_4": "1874005001",
    "refcode_short": "2LtMs, Lt 50a, 1874",
    "refcode_long": "Letters and Manuscripts — Volume 2 (1869 - 1875), Lt 50a, 1874",
    "element_type": "h4",
    "element_subtype": "",
    "content": "Lt 50a, 1874",
    "puborder": 5591,
    "translations": []
  },
  {
    "para_id": "14052.3566004",
    "id_prev": "14052.3566001",
    "id_next": "14052.3566002",
    "refcode_1": "2LtMs",
    "refcode_2": "1",
    "refcode_3": "",
    "refcode_4": "1874005001",
    "refcode_short": "",
    "refcode_long": "",
    "element_type": "p",
    "element_subtype": "ltaddressee",
    "content": "Walling, Addie; Walling, May",
    "puborder": 5592,
    "translations": []
  },
  {
    "para_id": "14052.3566002",
    "id_prev": "14052.3566004",
    "id_next": "14052.3566003",
    "refcode_1": "2LtMs",
    "refcode_2": "1",
    "refcode_3": "",
    "refcode_4": "1874005001",
    "refcode_short": "",
    "refcode_long": "",
    "element_type": "p",
    "element_subtype": "ltplace",
    "content": "<span class=\"ltplace\" value=\"NP\">NP</span>",
    "puborder": 5593,
    "translations": []
  },
  {
    "para_id": "14052.3566003",
    "id_prev": "14052.3566002",
    "id_next": "14052.3566005",
    "refcode_1": "2LtMs",
    "refcode_2": "1",
    "refcode_3": "",
    "refcode_4": "1874005001",
    "refcode_short": "",
    "refcode_long": "",
    "element_type": "p",
    "element_subtype": "ltdate",
    "content": "<span class=\"ltdate\" start=\"September 1874\">September 1874</span>",
    "puborder": 5594,
    "translations": []
  },
  {
    "para_id": "14052.3566005",
    "id_prev": "14052.3566003",
    "id_next": "14052.3566006",
    "refcode_1": "2LtMs",
    "refcode_2": "1",
    "refcode_3": "",
    "refcode_4": "1874005001",
    "refcode_short": "",
    "refcode_long": "",
    "element_type": "p",
    "element_subtype": "ltpubinfo",
    "content": "Previously unpublished.",
    "puborder": 5595,
    "translations": []
  },
  {
    "para_id": "14052.3566006",
    "id_prev": "14052.3566005",
    "id_next": "14052.3566007",
    "refcode_1": "2LtMs",
    "refcode_2": "1",
    "refcode_3": "",
    "refcode_4": "1874005001",
    "refcode_short": "",
    "refcode_long": "",
    "element_type": "p",
    "element_subtype": "ltsalutation",
    "content": "My Dear Little Children, Addie and May:",
    "puborder": 5596,
    "translations": []
  },
  {
    "para_id": "14052.3566007",
    "id_prev": "14052.3566006",
    "id_next": "14052.3566008",
    "refcode_1": "2LtMs",
    "refcode_2": "1",
    "refcode_3": "3372",
    "refcode_4": "1874005001",
    "refcode_short": "2LtMs, Lt 50a, 1874, par. 1",
    "refcode_long": "Letters and Manuscripts — Volume 2 (1869 - 1875), Lt 50a, 1874, par. 1",
    "element_type": "p",
    "element_subtype": "standard-indented",
    "content": "Mrs. Hall and myself are in camp meeting in a beautiful grove. There are now thirty-two beautiful white tents erected in a circle, besides two large tents. We would be glad to see our little girls this morning and to talk with them and kiss them. We hope to see you soon.",
    "puborder": 5597,
    "translations": []
  },
  {
    "para_id": "14052.3566008",
    "id_prev": "14052.3566007",
    "id_next": "14052.3566009",
    "refcode_1": "2LtMs",
    "refcode_2": "1",
    "refcode_3": "3373",
    "refcode_4": "1874005001",
    "refcode_short": "2LtMs, Lt 50a, 1874, par. 2",
    "refcode_long": "Letters and Manuscripts — Volume 2 (1869 - 1875), Lt 50a, 1874, par. 2",
    "element_type": "p",
    "element_subtype": "standard-indented",
    "content": "We hope, dear children, that you are well. We were very sorry to hear that May had the earache. We hope, dear children, you will eat only those things that are the most healthful. Meat is not good for either of you. Cattle are greatly diseased and much diseased meat is brought into market; and in eating meat that is not healthy but that is diseased you will become sick and may suffer much pain. I do not want you to eat butter, because it is not good for you. You have humors, and butter will make your blood impure.",
    "puborder": 5598,
    "translations": []
  },
  {
    "para_id": "14052.3566009",
    "id_prev": "14052.3566008",
    "id_next": "14052.3566010",
    "refcode_1": "2LtMs",
    "refcode_2": "1",
    "refcode_3": "3374",
    "refcode_4": "1874005001",
    "refcode_short": "2LtMs, Lt 50a, 1874, par. 3",
    "refcode_long": "Letters and Manuscripts — Volume 2 (1869 - 1875), Lt 50a, 1874, par. 3",
    "element_type": "p",
    "element_subtype": "standard-indented",
    "content": "Now, my dear children, Aunt Ellen and Mrs. Hall are very anxious that you should be good children that God can love. We want you to try to overcome everything like a willful, passionate temper. The precious Bible says a meek and quiet spirit is in the sight of God a great price. Addie will please to remember this and not talk too much. Think much and talk little.",
    "puborder": 5599,
    "translations": []
  },
  {
    "para_id": "14052.3566010",
    "id_prev": "14052.3566009",
    "id_next": "14052.3566011",
    "refcode_1": "2LtMs",
    "refcode_2": "1",
    "refcode_3": "3375",
    "refcode_4": "1874005001",
    "refcode_short": "2LtMs, Lt 50a, 1874, par. 4",
    "refcode_long": "Letters and Manuscripts — Volume 2 (1869 - 1875), Lt 50a, 1874, par. 4",
    "element_type": "p",
    "element_subtype": "standard-indented",
    "content": "I hope my little girls will try to be useful and thoughtful. It is wrong to forget; God wants that we should remember. It is a sign of thoughtlessness and carelessness to forget what is told you. Try to remember your duty and not neglect it. Edson and Emma love you, my dear little girls. Remember, dear little children, and be useful.",
    "puborder": 5600,
    "translations": []
  },
  {
    "para_id": "14052.3566011",
    "id_prev": "14052.3566010",
    "id_next": "14052.3566012",
    "refcode_1": "2LtMs",
    "refcode_2": "1",
    "refcode_3": "3376",
    "refcode_4": "1874005001",
    "refcode_short": "2LtMs, Lt 50a, 1874, par. 5",
    "refcode_long": "Letters and Manuscripts — Volume 2 (1869 - 1875), Lt 50a, 1874, par. 5",
    "element_type": "p",
    "element_subtype": "standard-indented",
    "content": "I hope May will not let her naughty temper get the control of her. The dear Saviour is looking down with love and tenderness upon you. He will bless you and care for you if you will try to be good and do right, for Jesus loves and blesses little children. Will you now try and ask God to help you to be good? He loves to have children pray to Him. Now good-bye, my children.",
    "puborder": 5601,
    "translations": []
  },
  {
    "para_id": "14052.3566012",
    "id_prev": "14052.3566011",
    "id_next": "14052.3725001",
    "refcode_1": "2LtMs",
    "refcode_2": "1",
    "refcode_3": "3377",
    "refcode_4": "1874005001",
    "refcode_short": "2LtMs, Lt 50a, 1874, par. 6",
    "refcode_long": "Letters and Manuscripts — Volume 2 (1869 - 1875), Lt 50a, 1874, par. 6",
    "element_type": "p",
    "element_subtype": "standard-indented",
    "content": "Your Aunt Ellen.",
    "puborder": 5602,
    "translations": []
  }
]