[
  {
    "para_id": "14052.3234001",
    "id_prev": "14052.3677012",
    "id_next": "14052.3234004",
    "refcode_1": "2LtMs",
    "refcode_2": "1",
    "refcode_3": "",
    "refcode_4": "1874001100",
    "refcode_short": "2LtMs, Lt 11, 1874",
    "refcode_long": "Letters and Manuscripts — Volume 2 (1869 - 1875), Lt 11, 1874",
    "element_type": "h4",
    "element_subtype": "",
    "content": "Lt 11, 1874",
    "puborder": 4651,
    "translations": []
  },
  {
    "para_id": "14052.3234004",
    "id_prev": "14052.3234001",
    "id_next": "14052.3234002",
    "refcode_1": "2LtMs",
    "refcode_2": "1",
    "refcode_3": "",
    "refcode_4": "1874001100",
    "refcode_short": "",
    "refcode_long": "",
    "element_type": "p",
    "element_subtype": "ltaddressee",
    "content": "Smith, Brother and Sister [Uriah]",
    "puborder": 4652,
    "translations": []
  },
  {
    "para_id": "14052.3234002",
    "id_prev": "14052.3234004",
    "id_next": "14052.3234003",
    "refcode_1": "2LtMs",
    "refcode_2": "1",
    "refcode_3": "",
    "refcode_4": "1874001100",
    "refcode_short": "",
    "refcode_long": "",
    "element_type": "p",
    "element_subtype": "ltplace",
    "content": "<span class=\"ltplace\" value=\"Santa Rosa, California\">Santa Rosa, California</span>",
    "puborder": 4653,
    "translations": []
  },
  {
    "para_id": "14052.3234003",
    "id_prev": "14052.3234002",
    "id_next": "14052.3234005",
    "refcode_1": "2LtMs",
    "refcode_2": "1",
    "refcode_3": "",
    "refcode_4": "1874001100",
    "refcode_short": "",
    "refcode_long": "",
    "element_type": "p",
    "element_subtype": "ltdate",
    "content": "<span class=\"ltdate\" start=\"February 15, 1874\">February 15, 1874</span>",
    "puborder": 4654,
    "translations": []
  },
  {
    "para_id": "14052.3234005",
    "id_prev": "14052.3234003",
    "id_next": "14052.3234006",
    "refcode_1": "2LtMs",
    "refcode_2": "1",
    "refcode_3": "",
    "refcode_4": "1874001100",
    "refcode_short": "",
    "refcode_long": "",
    "element_type": "p",
    "element_subtype": "ltpubinfo",
    "content": "Previously unpublished.",
    "puborder": 4655,
    "translations": []
  },
  {
    "para_id": "14052.3234006",
    "id_prev": "14052.3234005",
    "id_next": "14052.3234007",
    "refcode_1": "2LtMs",
    "refcode_2": "1",
    "refcode_3": "",
    "refcode_4": "1874001100",
    "refcode_short": "",
    "refcode_long": "",
    "element_type": "p",
    "element_subtype": "ltsalutation",
    "content": "Dear Brother and Sister Smith:",
    "puborder": 4656,
    "translations": []
  },
  {
    "para_id": "14052.3234007",
    "id_prev": "14052.3234006",
    "id_next": "14052.3234008",
    "refcode_1": "2LtMs",
    "refcode_2": "1",
    "refcode_3": "2778",
    "refcode_4": "1874001100",
    "refcode_short": "2LtMs, Lt 11, 1874, par. 1",
    "refcode_long": "Letters and Manuscripts — Volume 2 (1869 - 1875), Lt 11, 1874, par. 1",
    "element_type": "p",
    "element_subtype": "standard-indented",
    "content": "I have not neglected to write you because of lack of interest and love for you. We feel the closest sympathy with you, but we plead want of time. We have so much writing and we see so much to do that we know not what to take hold of first. We often pray for you and yours. May the peace of God which passeth understanding be yours.",
    "puborder": 4657,
    "translations": []
  },
  {
    "para_id": "14052.3234008",
    "id_prev": "14052.3234007",
    "id_next": "14052.3234009",
    "refcode_1": "2LtMs",
    "refcode_2": "1",
    "refcode_3": "2779",
    "refcode_4": "1874001100",
    "refcode_short": "2LtMs, Lt 11, 1874, par. 2",
    "refcode_long": "Letters and Manuscripts — Volume 2 (1869 - 1875), Lt 11, 1874, par. 2",
    "element_type": "p",
    "element_subtype": "standard-indented",
    "content": "God is in this work. We have not a shadow of doubt of this. We long to see the message go with greater power but our ministers are not awake and we have a sleepy church to be aroused. We want the prayers of the people now, as we need them as never before. The ministers of God, laborers, need the prayers of faith to accompany them in the harvest field like sharp sickles. God will work with our efforts if we will give Him an opportunity. We are so faithless He cannot do much for us. Christ could not do many mighty works in some towns and villages because of their unbelief. It is exactly so now. We should see the salvation of God and His truth clothed with power if we only would believe in God and take Him at His word.",
    "puborder": 4658,
    "translations": []
  },
  {
    "para_id": "14052.3234009",
    "id_prev": "14052.3234008",
    "id_next": "14052.3234010",
    "refcode_1": "2LtMs",
    "refcode_2": "1",
    "refcode_3": "2780",
    "refcode_4": "1874001100",
    "refcode_short": "2LtMs, Lt 11, 1874, par. 3",
    "refcode_long": "Letters and Manuscripts — Volume 2 (1869 - 1875), Lt 11, 1874, par. 3",
    "element_type": "p",
    "element_subtype": "standard-indented",
    "content": "I hope you will not become discouraged. Cling to the Mighty One and He will cling to you firmer than you do to Him. God will never, no never, let go of us while we do not let go of Him. We must keep awake. The time demands wakefulness and constant watchfulness and prayer. It seems to me it is highly dangerous for one to be sleeping at his post now.",
    "puborder": 4659,
    "translations": []
  },
  {
    "para_id": "14052.3234010",
    "id_prev": "14052.3234009",
    "id_next": "14052.3234011",
    "refcode_1": "2LtMs",
    "refcode_2": "1",
    "refcode_3": "2781",
    "refcode_4": "1874001100",
    "refcode_short": "2LtMs, Lt 11, 1874, par. 4",
    "refcode_long": "Letters and Manuscripts — Volume 2 (1869 - 1875), Lt 11, 1874, par. 4",
    "element_type": "p",
    "element_subtype": "standard-indented",
    "content": "I cannot write you as I would be glad to. I have already written twenty pages of letter paper and I am getting nervous.",
    "puborder": 4660,
    "translations": []
  },
  {
    "para_id": "14052.3234011",
    "id_prev": "14052.3234010",
    "id_next": "14052.3234012",
    "refcode_1": "2LtMs",
    "refcode_2": "1",
    "refcode_3": "2782",
    "refcode_4": "1874001100",
    "refcode_short": "2LtMs, Lt 11, 1874, par. 5",
    "refcode_long": "Letters and Manuscripts — Volume 2 (1869 - 1875), Lt 11, 1874, par. 5",
    "element_type": "p",
    "element_subtype": "standard-indented",
    "content": "Sister Harriet, write me. I should be so pleased with a letter from your pen. We get but few letters unless on business. Please do write. Remember me to your children especially A. [?]. I hope she will ever remember to whom she owes her life. God has mercifully spared her, that she may love Him and serve Him and have a lovely character and be polished to shine in the courts of the Lord.",
    "puborder": 4661,
    "translations": []
  },
  {
    "para_id": "14052.3234012",
    "id_prev": "14052.3234011",
    "id_next": "14052.3353001",
    "refcode_1": "2LtMs",
    "refcode_2": "1",
    "refcode_3": "2783",
    "refcode_4": "1874001100",
    "refcode_short": "2LtMs, Lt 11, 1874, par. 6",
    "refcode_long": "Letters and Manuscripts — Volume 2 (1869 - 1875), Lt 11, 1874, par. 6",
    "element_type": "p",
    "element_subtype": "standard-indented",
    "content": "I send this communication to you, Brother Smith, thinking Brother Andrews may be in Battle Creek, as we received a letter from him that he was going there at once. If he is not there and [there] is time before he shall leave Boston for him to get this, send it to him. In much love to your children and to you, my dear brother and sister.",
    "puborder": 4662,
    "translations": []
  }
]