[
  {
    "para_id": "14052.3283001",
    "id_prev": "14052.3415014",
    "id_next": "14052.3283004",
    "refcode_1": "2LtMs",
    "refcode_2": "1",
    "refcode_3": "",
    "refcode_4": "1875001000",
    "refcode_short": "2LtMs, Lt 10, 1875",
    "refcode_long": "Letters and Manuscripts — Volume 2 (1869 - 1875), Lt 10, 1875",
    "element_type": "h4",
    "element_subtype": "",
    "content": "Lt 10, 1875",
    "puborder": 6883,
    "translations": []
  },
  {
    "para_id": "14052.3283004",
    "id_prev": "14052.3283001",
    "id_next": "14052.3283002",
    "refcode_1": "2LtMs",
    "refcode_2": "1",
    "refcode_3": "",
    "refcode_4": "1875001000",
    "refcode_short": "",
    "refcode_long": "",
    "element_type": "p",
    "element_subtype": "ltaddressee",
    "content": "Hall, Lucinda",
    "puborder": 6884,
    "translations": []
  },
  {
    "para_id": "14052.3283002",
    "id_prev": "14052.3283004",
    "id_next": "14052.3283003",
    "refcode_1": "2LtMs",
    "refcode_2": "1",
    "refcode_3": "",
    "refcode_4": "1875001000",
    "refcode_short": "",
    "refcode_long": "",
    "element_type": "p",
    "element_subtype": "ltplace",
    "content": "<span class=\"ltplace\" value=\"En route to California\">Journey to California</span>",
    "puborder": 6885,
    "translations": []
  },
  {
    "para_id": "14052.3283003",
    "id_prev": "14052.3283002",
    "id_next": "14052.3283005",
    "refcode_1": "2LtMs",
    "refcode_2": "1",
    "refcode_3": "",
    "refcode_4": "1875001000",
    "refcode_short": "",
    "refcode_long": "",
    "element_type": "p",
    "element_subtype": "ltdate",
    "content": "<span class=\"ltdate\" start=\"February 1875\">February 1875</span>",
    "puborder": 6886,
    "translations": []
  },
  {
    "para_id": "14052.3283005",
    "id_prev": "14052.3283003",
    "id_next": "14052.3283006",
    "refcode_1": "2LtMs",
    "refcode_2": "1",
    "refcode_3": "",
    "refcode_4": "1875001000",
    "refcode_short": "",
    "refcode_long": "",
    "element_type": "p",
    "element_subtype": "ltpubinfo",
    "content": "Previously unpublished.",
    "puborder": 6887,
    "translations": []
  },
  {
    "para_id": "14052.3283006",
    "id_prev": "14052.3283005",
    "id_next": "14052.3283007",
    "refcode_1": "2LtMs",
    "refcode_2": "1",
    "refcode_3": "",
    "refcode_4": "1875001000",
    "refcode_short": "",
    "refcode_long": "",
    "element_type": "p",
    "element_subtype": "ltsalutation",
    "content": "Sister Lucinda:",
    "puborder": 6888,
    "translations": []
  },
  {
    "para_id": "14052.3283007",
    "id_prev": "14052.3283006",
    "id_next": "14052.3283008",
    "refcode_1": "2LtMs",
    "refcode_2": "1",
    "refcode_3": "4261",
    "refcode_4": "1875001000",
    "refcode_short": "2LtMs, Lt 10, 1875, par. 1",
    "refcode_long": "Letters and Manuscripts — Volume 2 (1869 - 1875), Lt 10, 1875, par. 1",
    "element_type": "p",
    "element_subtype": "standard-indented",
    "content": "Please pay Martha Byington her price for my teeth, but nothing less than twenty dollars. Annie will furnish the money and charge it to our account.",
    "puborder": 6889,
    "translations": []
  },
  {
    "para_id": "14052.3283008",
    "id_prev": "14052.3283007",
    "id_next": "14052.3283009",
    "refcode_1": "2LtMs",
    "refcode_2": "1",
    "refcode_3": "4262",
    "refcode_4": "1875001000",
    "refcode_short": "2LtMs, Lt 10, 1875, par. 2",
    "refcode_long": "Letters and Manuscripts — Volume 2 (1869 - 1875), Lt 10, 1875, par. 2",
    "element_type": "p",
    "element_subtype": "standard-indented",
    "content": "Pay Sister Williams her two dollars per week up to the present time, but do not let Stephen know it. Please to bring pillows and all my nice quilts and comfortables.",
    "puborder": 6890,
    "translations": []
  },
  {
    "para_id": "14052.3283009",
    "id_prev": "14052.3283008",
    "id_next": "14052.3283010",
    "refcode_1": "2LtMs",
    "refcode_2": "1",
    "refcode_3": "4263",
    "refcode_4": "1875001000",
    "refcode_short": "2LtMs, Lt 10, 1875, par. 3",
    "refcode_long": "Letters and Manuscripts — Volume 2 (1869 - 1875), Lt 10, 1875, par. 3",
    "element_type": "p",
    "element_subtype": "standard-indented",
    "content": "There is one nice quilt to be quilted. Leave that and invite some of the sisters to quilt it for me. I will take it when I come east in the summer.",
    "puborder": 6891,
    "translations": []
  },
  {
    "para_id": "14052.3283010",
    "id_prev": "14052.3283009",
    "id_next": "14052.3283011",
    "refcode_1": "2LtMs",
    "refcode_2": "1",
    "refcode_3": "4264",
    "refcode_4": "1875001000",
    "refcode_short": "2LtMs, Lt 10, 1875, par. 4",
    "refcode_long": "Letters and Manuscripts — Volume 2 (1869 - 1875), Lt 10, 1875, par. 4",
    "element_type": "p",
    "element_subtype": "standard-indented",
    "content": "There is such beautiful weather here, so like summer that we enjoy it. We cannot consent to live in that cold climate in winter and so hot in summer. We shall not consent to act over [i.e., repeat] the last six months.",
    "puborder": 6892,
    "translations": []
  },
  {
    "para_id": "14052.3283011",
    "id_prev": "14052.3283010",
    "id_next": "14052.3283012",
    "refcode_1": "2LtMs",
    "refcode_2": "1",
    "refcode_3": "4265",
    "refcode_4": "1875001000",
    "refcode_short": "2LtMs, Lt 10, 1875, par. 5",
    "refcode_long": "Letters and Manuscripts — Volume 2 (1869 - 1875), Lt 10, 1875, par. 5",
    "element_type": "p",
    "element_subtype": "standard-indented",
    "content": "I want my important books [and] my sheets and pillow cases. In regard to canned fruit, cannot you pack in those cans of red raspberries and be perfectly safe? There are one or two cans of [blueberries?], bring them. I have several cans of raspberry juice, but you may keep them till we come east.",
    "puborder": 6893,
    "translations": []
  },
  {
    "para_id": "14052.3283012",
    "id_prev": "14052.3283011",
    "id_next": "14052.3283013",
    "refcode_1": "2LtMs",
    "refcode_2": "1",
    "refcode_3": "4266",
    "refcode_4": "1875001000",
    "refcode_short": "2LtMs, Lt 10, 1875, par. 6",
    "refcode_long": "Letters and Manuscripts — Volume 2 (1869 - 1875), Lt 10, 1875, par. 6",
    "element_type": "p",
    "element_subtype": "standard-indented",
    "content": "Make everything right with Rosetta and then sell my canned fruit to Addie Chamberlain. There is some fruit at Brother Lockwood&rsquo;s, very nice, that we have paid for. Sell it if you can to Addie. She wants the fruit.",
    "puborder": 6894,
    "translations": []
  },
  {
    "para_id": "14052.3283013",
    "id_prev": "14052.3283012",
    "id_next": "14052.3283014",
    "refcode_1": "2LtMs",
    "refcode_2": "1",
    "refcode_3": "4267",
    "refcode_4": "1875001000",
    "refcode_short": "2LtMs, Lt 10, 1875, par. 7",
    "refcode_long": "Letters and Manuscripts — Volume 2 (1869 - 1875), Lt 10, 1875, par. 7",
    "element_type": "p",
    "element_subtype": "standard-indented",
    "content": "Unless you have heard from Walling, board the children at Addie Chamberlain&rsquo;s. Sell all the dishes you can and the stove and porcelain bottles.",
    "puborder": 6895,
    "translations": []
  },
  {
    "para_id": "14052.3283014",
    "id_prev": "14052.3283013",
    "id_next": "14052.3283015",
    "refcode_1": "2LtMs",
    "refcode_2": "1",
    "refcode_3": "4268",
    "refcode_4": "1875001000",
    "refcode_short": "2LtMs, Lt 10, 1875, par. 8",
    "refcode_long": "Letters and Manuscripts — Volume 2 (1869 - 1875), Lt 10, 1875, par. 8",
    "element_type": "p",
    "element_subtype": "standard-indented",
    "content": "If you could, bring one or two looking glasses in your trunks. You can do so if they can be packed all safe. In regard to tinware, Lucinda can follow her judgment. Bring table linen.",
    "puborder": 6896,
    "translations": []
  },
  {
    "para_id": "14052.3283015",
    "id_prev": "14052.3283014",
    "id_next": "14052.3283016",
    "refcode_1": "2LtMs",
    "refcode_2": "1",
    "refcode_3": "4269",
    "refcode_4": "1875001000",
    "refcode_short": "2LtMs, Lt 10, 1875, par. 9",
    "refcode_long": "Letters and Manuscripts — Volume 2 (1869 - 1875), Lt 10, 1875, par. 9",
    "element_type": "p",
    "element_subtype": "standard-indented",
    "content": "The brethren and sisters in Battle Creek, among them, will relieve us of furniture and crockery that is as good as new.",
    "puborder": 6897,
    "translations": []
  },
  {
    "para_id": "14052.3283016",
    "id_prev": "14052.3283015",
    "id_next": "14052.3283017",
    "refcode_1": "2LtMs",
    "refcode_2": "1",
    "refcode_3": "4270",
    "refcode_4": "1875001000",
    "refcode_short": "2LtMs, Lt 10, 1875, par. 10",
    "refcode_long": "Letters and Manuscripts — Volume 2 (1869 - 1875), Lt 10, 1875, par. 10",
    "element_type": "p",
    "element_subtype": "standard-indented",
    "content": "No hanging back for Lucinda. We want you. God has linked your interest with us and we feel the lack when you are separated from us.",
    "puborder": 6898,
    "translations": []
  },
  {
    "para_id": "14052.3283017",
    "id_prev": "14052.3283016",
    "id_next": "14052.3283018",
    "refcode_1": "2LtMs",
    "refcode_2": "1",
    "refcode_3": "4271",
    "refcode_4": "1875001000",
    "refcode_short": "2LtMs, Lt 10, 1875, par. 11",
    "refcode_long": "Letters and Manuscripts — Volume 2 (1869 - 1875), Lt 10, 1875, par. 11",
    "element_type": "p",
    "element_subtype": "standard-indented",
    "content": "There is a safe in the cellar for which I paid six dollars, a small safe for which I paid three dollars. Sell them if you can, for what you can get. All come along as soon as you can.",
    "puborder": 6899,
    "translations": []
  },
  {
    "para_id": "14052.3283018",
    "id_prev": "14052.3283017",
    "id_next": "14052.3283019",
    "refcode_1": "2LtMs",
    "refcode_2": "1",
    "refcode_3": "4272",
    "refcode_4": "1875001000",
    "refcode_short": "2LtMs, Lt 10, 1875, par. 12",
    "refcode_long": "Letters and Manuscripts — Volume 2 (1869 - 1875), Lt 10, 1875, par. 12",
    "element_type": "p",
    "element_subtype": "standard-indented",
    "content": "If you fear that the cans of raspberries will freeze in your trunks, bring them in your baskets. If you take the palace car, you will not need much extra blankets. You can sleep with your clothes on. We did, except for laying off our dresses. See that Honeywell&rsquo;s crackers are not packed up. I wish I knew who had done me so great a favor as to supply me so liberally with those crackers [that] I never eat them at home.",
    "puborder": 6900,
    "translations": []
  },
  {
    "para_id": "14052.3283019",
    "id_prev": "14052.3283018",
    "id_next": "14052.3283020",
    "refcode_1": "2LtMs",
    "refcode_2": "1",
    "refcode_3": "4273",
    "refcode_4": "1875001000",
    "refcode_short": "2LtMs, Lt 10, 1875, par. 13",
    "refcode_long": "Letters and Manuscripts — Volume 2 (1869 - 1875), Lt 10, 1875, par. 13",
    "element_type": "p",
    "element_subtype": "standard-indented",
    "content": "Give footstools to Rosetta. She can use them. In my secretary drawer are two worked tops for ottomans. Bring them. Give little bureau in hall to Lillie Belden. I can think of no more.",
    "puborder": 6901,
    "translations": []
  },
  {
    "para_id": "14052.3283020",
    "id_prev": "14052.3283019",
    "id_next": "14052.3623001",
    "refcode_1": "2LtMs",
    "refcode_2": "1",
    "refcode_3": "",
    "refcode_4": "1875001000",
    "refcode_short": "",
    "refcode_long": "",
    "element_type": "p",
    "element_subtype": "egwsignatureline",
    "content": "Mother.",
    "puborder": 6902,
    "translations": []
  }
]