[
  {
    "para_id": "79.1289",
    "id_prev": "79.1287",
    "id_next": "79.2943",
    "refcode_1": "ML",
    "refcode_2": "172",
    "refcode_3": "",
    "refcode_4": "168",
    "refcode_short": "ML 172",
    "refcode_long": "My Life Today, p. 172 (Ellen Gould White)",
    "element_type": "h3",
    "element_subtype": "",
    "content": "Faithful in the Little Things of Life, June 17",
    "puborder": 1281,
    "translations": [
      {
        "para_id": "155.1293",
        "lang": "fr",
        "refcode": "AD 182"
      },
      {
        "para_id": "12463.1260",
        "lang": "is",
        "refcode": "DL 174"
      },
      {
        "para_id": "1924.1851",
        "lang": "pt",
        "refcode": "MCH 160"
      },
      {
        "para_id": "11970.1441",
        "lang": "ru",
        "refcode": "МЖС 172"
      }
    ]
  },
  {
    "para_id": "79.2943",
    "id_prev": "79.1289",
    "id_next": "79.1290",
    "refcode_1": "ML",
    "refcode_2": "172",
    "refcode_3": "",
    "refcode_4": "",
    "refcode_short": "",
    "refcode_long": "",
    "element_type": "p",
    "element_subtype": "center",
    "content": "Roads to Happiness That Are Never Closed",
    "puborder": 1282,
    "translations": [
      {
        "para_id": "11970.1442",
        "lang": "ru",
        "refcode": "МЖС 172.1"
      }
    ]
  },
  {
    "para_id": "79.1290",
    "id_prev": "79.2943",
    "id_next": "79.1291",
    "refcode_1": "ML",
    "refcode_2": "172",
    "refcode_3": "1",
    "refcode_4": "",
    "refcode_short": "ML 172.1",
    "refcode_long": "My Life Today, p. 172.1 (Ellen Gould White)",
    "element_type": "p",
    "element_subtype": "devotionaltext",
    "content": "Take us the foxes, the little foxes, that spoil the vines. <span class=\"egwlink egwlink_bible\" title=\"Song of Solomon 2:15\" data-link=\"1965.35836\">Song of Solomon 2:15</span>.",
    "puborder": 1283,
    "translations": [
      {
        "para_id": "155.1294",
        "lang": "fr",
        "refcode": "AD 182.1"
      },
      {
        "para_id": "12463.1261",
        "lang": "is",
        "refcode": "DL 174.1"
      },
      {
        "para_id": "1924.1852",
        "lang": "pt",
        "refcode": "MCH 160.1"
      },
      {
        "para_id": "11970.1443",
        "lang": "ru",
        "refcode": "МЖС 172.2"
      }
    ]
  },
  {
    "para_id": "79.1291",
    "id_prev": "79.1290",
    "id_next": "79.1292",
    "refcode_1": "ML",
    "refcode_2": "172",
    "refcode_3": "2",
    "refcode_4": "",
    "refcode_short": "ML 172.2",
    "refcode_long": "My Life Today, p. 172.2 (Ellen Gould White)",
    "element_type": "p",
    "element_subtype": "standard-indented",
    "content": "In many ways life&apos;s happiness is bound up with the faithfulness of common duties.<sup class=\"bookendnote\"><a class=\"bookendnote\">50<span class=\"bookendnote\"><span class=\"egwlink egwlink_book\" title=\"Ed 216\" data-link=\"29.1135\">Education, 216</span>.</span></a></sup>",
    "puborder": 1284,
    "translations": [
      {
        "para_id": "155.1295",
        "lang": "fr",
        "refcode": "AD 182.2"
      },
      {
        "para_id": "12463.1262",
        "lang": "is",
        "refcode": "DL 174.2"
      },
      {
        "para_id": "1924.1853",
        "lang": "pt",
        "refcode": "MCH 160.2"
      },
      {
        "para_id": "11970.1444",
        "lang": "ru",
        "refcode": "МЖС 172.3"
      }
    ]
  },
  {
    "para_id": "79.1292",
    "id_prev": "79.1291",
    "id_next": "79.1293",
    "refcode_1": "ML",
    "refcode_2": "172",
    "refcode_3": "3",
    "refcode_4": "",
    "refcode_short": "ML 172.3",
    "refcode_long": "My Life Today, p. 172.3 (Ellen Gould White)",
    "element_type": "p",
    "element_subtype": "standard-indented",
    "content": "It is the neglect of the littles, the trifles, that poisons life&apos;s happiness. A faithful performance of the littles composes the sum of happiness to be realized in this life. He that is faithful in little is faithful also in much. He that is unfaithful or unjust in small matters will be in greater matters.<sup class=\"bookendnote\"><a class=\"bookendnote\">51<span class=\"bookendnote\"><span class=\"egwlink egwlink_book\" title=\"2T 700\" data-link=\"120.3038\">Testimonies for the Church 2:700</span>.</span></a></sup>",
    "puborder": 1285,
    "translations": [
      {
        "para_id": "155.1296",
        "lang": "fr",
        "refcode": "AD 182.3"
      },
      {
        "para_id": "12463.1263",
        "lang": "is",
        "refcode": "DL 174.3"
      },
      {
        "para_id": "1924.1854",
        "lang": "pt",
        "refcode": "MCH 160.3"
      },
      {
        "para_id": "11970.1445",
        "lang": "ru",
        "refcode": "МЖС 172.4"
      }
    ]
  },
  {
    "para_id": "79.1293",
    "id_prev": "79.1292",
    "id_next": "79.1294",
    "refcode_1": "ML",
    "refcode_2": "172",
    "refcode_3": "4",
    "refcode_4": "",
    "refcode_short": "ML 172.4",
    "refcode_long": "My Life Today, p. 172.4 (Ellen Gould White)",
    "element_type": "p",
    "element_subtype": "standard-indented",
    "content": "Until you can cheerfully and happily take up these duties you are not fitted for greater and higher duties. The humble tasks before us are to be taken up by someone; and those who do them should feel that they are doing a necessary and honorable work, and that in their mission, humble though it may be, they are doing the work of God just as surely as was Gabriel when sent to the prophets.<sup class=\"bookendnote\"><a class=\"bookendnote\">52<span class=\"bookendnote\"><span class=\"egwlink egwlink_book\" title=\"3T 80\" data-link=\"119.359\">Testimonies for the Church 3:80</span>.</span></a></sup>",
    "puborder": 1286,
    "translations": [
      {
        "para_id": "155.1297",
        "lang": "fr",
        "refcode": "AD 182.4"
      },
      {
        "para_id": "12463.1264",
        "lang": "is",
        "refcode": "DL 174.4"
      },
      {
        "para_id": "1924.1855",
        "lang": "pt",
        "refcode": "MCH 160.4"
      },
      {
        "para_id": "11970.1446",
        "lang": "ru",
        "refcode": "МЖС 172.5"
      }
    ]
  },
  {
    "para_id": "79.1294",
    "id_prev": "79.1293",
    "id_next": "79.1295",
    "refcode_1": "ML",
    "refcode_2": "172",
    "refcode_3": "5",
    "refcode_4": "",
    "refcode_short": "ML 172.5",
    "refcode_long": "My Life Today, p. 172.5 (Ellen Gould White)",
    "element_type": "p",
    "element_subtype": "standard-indented",
    "content": "It is the little things of life that develop the spirit in men and women and determine the character.... In words, in tones, in gestures, in looks, you can represent the spirit of Jesus. He who neglects these little things, and yet flatters himself that he is ready to do wonderful things for the Master, will be in danger of failing altogether. Life is not made up of great sacrifices and wonderful achievements, but of little things.<sup class=\"bookendnote\"><a class=\"bookendnote\">53<span class=\"bookendnote\"><span class=\"egwlink egwlink_book\" title=\"Lt 16, 1886\" data-link=\"14054.4127001\">Letter 16, 1886</span>.</span></a></sup>",
    "puborder": 1287,
    "translations": [
      {
        "para_id": "155.1298",
        "lang": "fr",
        "refcode": "AD 182.5"
      },
      {
        "para_id": "12463.1265",
        "lang": "is",
        "refcode": "DL 174.5"
      },
      {
        "para_id": "1924.1856",
        "lang": "pt",
        "refcode": "MCH 160.5"
      },
      {
        "para_id": "11970.1448",
        "lang": "ru",
        "refcode": "МЖС 172.6"
      }
    ]
  },
  {
    "para_id": "79.1295",
    "id_prev": "79.1294",
    "id_next": "79.1296",
    "refcode_1": "ML",
    "refcode_2": "172",
    "refcode_3": "6",
    "refcode_4": "",
    "refcode_short": "ML 172.6",
    "refcode_long": "My Life Today, p. 172.6 (Ellen Gould White)",
    "element_type": "p",
    "element_subtype": "standard-indented",
    "content": "Examine under the microscope the smallest and commonest of wayside blossoms, and note in all its parts the exquisite beauty and completeness. So in the humblest lot true excellence may be found; the commonest tasks, wrought with loving faithfulness, are beautiful in God&apos;s sight.<sup class=\"bookendnote\"><a class=\"bookendnote\">54<span class=\"bookendnote\"><span class=\"egwlink egwlink_book\" title=\"Ed 114\" data-link=\"29.548\">Education, 114</span>.</span></a></sup>",
    "puborder": 1288,
    "translations": [
      {
        "para_id": "155.1299",
        "lang": "fr",
        "refcode": "AD 182.6"
      },
      {
        "para_id": "12463.1266",
        "lang": "is",
        "refcode": "DL 174.6"
      },
      {
        "para_id": "1924.1857",
        "lang": "pt",
        "refcode": "MCH 160.6"
      },
      {
        "para_id": "11970.1449",
        "lang": "ru",
        "refcode": "МЖС 172.7"
      }
    ]
  },
  {
    "para_id": "79.1296",
    "id_prev": "79.1295",
    "id_next": "79.1298",
    "refcode_1": "ML",
    "refcode_2": "172",
    "refcode_3": "7",
    "refcode_4": "",
    "refcode_short": "ML 172.7",
    "refcode_long": "My Life Today, p. 172.7 (Ellen Gould White)",
    "element_type": "p",
    "element_subtype": "standard-indented",
    "content": "The little attentions, the small acts of love and self-sacrifice, that flow out from the life as quietly as the fragrance from a flower&mdash;these constitute no small share of the blessings and happiness of life.<sup class=\"bookendnote\"><a class=\"bookendnote\">55<span class=\"bookendnote\"><span class=\"egwlink egwlink_book\" title=\"MB 82\" data-link=\"150.425\">Thoughts from the Mount of Blessing, 82</span>.</span></a></sup>",
    "puborder": 1289,
    "translations": [
      {
        "para_id": "155.1300",
        "lang": "fr",
        "refcode": "AD 182.7"
      },
      {
        "para_id": "12463.1267",
        "lang": "is",
        "refcode": "DL 174.7"
      },
      {
        "para_id": "1924.1858",
        "lang": "pt",
        "refcode": "MCH 160.7"
      },
      {
        "para_id": "11970.1451",
        "lang": "ru",
        "refcode": "МЖС 172.8"
      }
    ]
  }
]