[
  {
    "para_id": "79.3146",
    "id_prev": "79.12",
    "id_next": "79.3147",
    "refcode_1": "ML",
    "refcode_2": "3",
    "refcode_3": "",
    "refcode_4": "",
    "refcode_short": "ML 3",
    "refcode_long": "My Life Today, p. 3 (Ellen Gould White)",
    "element_type": "h3",
    "element_subtype": "",
    "content": "Monthly Topics",
    "puborder": 10,
    "translations": []
  },
  {
    "para_id": "79.3147",
    "id_prev": "79.3146",
    "id_next": "79.14",
    "refcode_1": "ML",
    "refcode_2": "3",
    "refcode_3": "",
    "refcode_4": "",
    "refcode_short": "ML 3",
    "refcode_long": "My Life Today, p. 3 (Ellen Gould White)",
    "element_type": "table",
    "element_subtype": "table",
    "content": "\n<tr><td>January</td><td class=\"right\">A Consecrated Life</td></tr>\n<tr><td>February</td><td class=\"right\">A Spirit-filled Life</td></tr>\n<tr><td>March</td><td class=\"right\">A Challenging Life</td></tr>\n<tr><td>April</td><td class=\"right\">A Progressive Life</td></tr>\n<tr><td>May</td><td class=\"right\">A Healthful Life</td></tr>\n<tr><td>June</td><td class=\"right\">A Happy Life</td></tr>\n<tr><td>July</td><td class=\"right\">A Social Life</td></tr>\n<tr><td>August</td><td class=\"right\">A Life of Service</td></tr>\n<tr><td>September</td><td class=\"right\">A Sanctified Life</td></tr>\n<tr><td>October</td><td class=\"right\">A Reverent Life</td></tr>\n<tr><td>November</td><td class=\"right\">A Victorious Life</td></tr>\n<tr><td>December</td><td class=\"right\">An Eternal Life</td></tr>\n",
    "puborder": 11,
    "translations": []
  }
]