[
  {
    "para_id": "79.924",
    "id_prev": "79.922",
    "id_next": "79.2900",
    "refcode_1": "ML",
    "refcode_2": "129",
    "refcode_3": "",
    "refcode_4": "125",
    "refcode_short": "ML 129",
    "refcode_long": "My Life Today, p. 129 (Ellen Gould White)",
    "element_type": "h3",
    "element_subtype": "",
    "content": "Cleanliness, May 5",
    "puborder": 917,
    "translations": [
      {
        "para_id": "155.947",
        "lang": "fr",
        "refcode": "AD 138"
      },
      {
        "para_id": "12463.909",
        "lang": "is",
        "refcode": "DL 131"
      },
      {
        "para_id": "1924.1349",
        "lang": "pt",
        "refcode": "MCH 119"
      },
      {
        "para_id": "11970.1041",
        "lang": "ru",
        "refcode": "МЖС 129"
      }
    ]
  },
  {
    "para_id": "79.2900",
    "id_prev": "79.924",
    "id_next": "79.925",
    "refcode_1": "ML",
    "refcode_2": "129",
    "refcode_3": "",
    "refcode_4": "",
    "refcode_short": "",
    "refcode_long": "",
    "element_type": "p",
    "element_subtype": "center",
    "content": "Keeping Physically Fit",
    "puborder": 918,
    "translations": [
      {
        "para_id": "11970.1042",
        "lang": "ru",
        "refcode": "МЖС 129.1"
      }
    ]
  },
  {
    "para_id": "79.925",
    "id_prev": "79.2900",
    "id_next": "79.926",
    "refcode_1": "ML",
    "refcode_2": "129",
    "refcode_3": "1",
    "refcode_4": "",
    "refcode_short": "ML 129.1",
    "refcode_long": "My Life Today, p. 129.1 (Ellen Gould White)",
    "element_type": "p",
    "element_subtype": "devotionaltext",
    "content": "Let us draw near with a true heart in full assurance of faith, having our hearts sprinkled from an evil conscience, and our bodies washed with pure water. <span class=\"egwlink egwlink_bible\" title=\"Hebrews 10:22\" data-link=\"1965.61514\">Hebrews 10:22</span>.",
    "puborder": 919,
    "translations": [
      {
        "para_id": "155.948",
        "lang": "fr",
        "refcode": "AD 138.1"
      },
      {
        "para_id": "12463.910",
        "lang": "is",
        "refcode": "DL 131.1"
      },
      {
        "para_id": "1924.1350",
        "lang": "pt",
        "refcode": "MCH 119.3"
      },
      {
        "para_id": "11970.1043",
        "lang": "ru",
        "refcode": "МЖС 129.2"
      }
    ]
  },
  {
    "para_id": "79.926",
    "id_prev": "79.925",
    "id_next": "79.927",
    "refcode_1": "ML",
    "refcode_2": "129",
    "refcode_3": "2",
    "refcode_4": "",
    "refcode_short": "ML 129.2",
    "refcode_long": "My Life Today, p. 129.2 (Ellen Gould White)",
    "element_type": "p",
    "element_subtype": "standard-indented",
    "content": "Scrupulous cleanliness is essential to both physical and mental health. Impurities are constantly thrown off from the body through the skin. Its millions of pores are quickly clogged unless kept clean by frequent bathing, and the impurities which should pass off through the skin become an additional burden to the other eliminating organs.... A bath, properly taken, fortifies against cold, because it improves the circulation; the blood is brought to the surface, and a more easy and regular flow is obtained. The mind and the body are alike invigorated. The muscles become more flexible, the intellect is made brighter. The bath is a soother of the nerves.<sup class=\"bookendnote\"><a class=\"bookendnote\">17<span class=\"bookendnote\"><span class=\"egwlink egwlink_book\" title=\"MH 276\" data-link=\"135.1380\">The Ministry of Healing, 276</span>.</span></a></sup>",
    "puborder": 920,
    "translations": [
      {
        "para_id": "155.949",
        "lang": "fr",
        "refcode": "AD 138.2"
      },
      {
        "para_id": "12463.911",
        "lang": "is",
        "refcode": "DL 131.2"
      },
      {
        "para_id": "1924.1351",
        "lang": "pt",
        "refcode": "MCH 119.4"
      },
      {
        "para_id": "11970.1044",
        "lang": "ru",
        "refcode": "МЖС 129.3"
      }
    ]
  },
  {
    "para_id": "79.927",
    "id_prev": "79.926",
    "id_next": "79.928",
    "refcode_1": "ML",
    "refcode_2": "129",
    "refcode_3": "3",
    "refcode_4": "",
    "refcode_short": "ML 129.3",
    "refcode_long": "My Life Today, p. 129.3 (Ellen Gould White)",
    "element_type": "p",
    "element_subtype": "standard-indented",
    "content": "Teach the little ones that God is not pleased to see them with unclean bodies and untidy, torn garments.... Having the clothing neat and clean will be one means of keeping the thoughts pure and sweet.... Especially should every article which comes in contact with the skin be kept clean.<sup class=\"bookendnote\"><a class=\"bookendnote\">18<span class=\"bookendnote\"><span class=\"egwlink egwlink_book\" title=\"CTBH 142\" data-link=\"14.670\">Christian Temperance and Bible Hygiene, 142</span>.</span></a></sup>",
    "puborder": 921,
    "translations": [
      {
        "para_id": "155.950",
        "lang": "fr",
        "refcode": "AD 138.3"
      },
      {
        "para_id": "12463.912",
        "lang": "is",
        "refcode": "DL 131.3"
      },
      {
        "para_id": "1924.1352",
        "lang": "pt",
        "refcode": "MCH 119.5"
      },
      {
        "para_id": "11970.1046",
        "lang": "ru",
        "refcode": "МЖС 129.4"
      }
    ]
  },
  {
    "para_id": "79.928",
    "id_prev": "79.927",
    "id_next": "79.929",
    "refcode_1": "ML",
    "refcode_2": "129",
    "refcode_3": "4",
    "refcode_4": "",
    "refcode_short": "ML 129.4",
    "refcode_long": "My Life Today, p. 129.4 (Ellen Gould White)",
    "element_type": "p",
    "element_subtype": "standard-indented",
    "content": "Truth never places her delicate feet in a path of uncleanness or impurity.... He who was so particular that the children of Israel should cherish habits of cleanliness will not sanction any impurity in the homes of His people today. God looks with disfavor on uncleanness of any kind.<sup class=\"bookendnote\"><a class=\"bookendnote\">19<span class=\"bookendnote\"><span class=\"egwlink egwlink_book\" title=\"RH 6-10-1902\" data-link=\"821.21739\">The Review and Herald, June 10, 1902</span>.</span></a></sup>",
    "puborder": 922,
    "translations": [
      {
        "para_id": "155.951",
        "lang": "fr",
        "refcode": "AD 138.4"
      },
      {
        "para_id": "12463.913",
        "lang": "is",
        "refcode": "DL 131.4"
      },
      {
        "para_id": "1924.1353",
        "lang": "pt",
        "refcode": "MCH 119.6"
      },
      {
        "para_id": "11970.1047",
        "lang": "ru",
        "refcode": "МЖС 129.5"
      }
    ]
  },
  {
    "para_id": "79.929",
    "id_prev": "79.928",
    "id_next": "79.930",
    "refcode_1": "ML",
    "refcode_2": "129",
    "refcode_3": "5",
    "refcode_4": "",
    "refcode_short": "ML 129.5",
    "refcode_long": "My Life Today, p. 129.5 (Ellen Gould White)",
    "element_type": "p",
    "element_subtype": "standard-indented",
    "content": "Unclean, neglected corners in the house will tend to make impure, neglected corners in the soul.<sup class=\"bookendnote\"><a class=\"bookendnote\">20<span class=\"bookendnote\"><span class=\"egwlink egwlink_book\" title=\"CTBH 142\" data-link=\"14.670\">Christian Temperance and Bible Hygiene, 142, 143</span>.</span></a></sup>",
    "puborder": 923,
    "translations": [
      {
        "para_id": "155.952",
        "lang": "fr",
        "refcode": "AD 138.5"
      },
      {
        "para_id": "12463.914",
        "lang": "is",
        "refcode": "DL 131.5"
      },
      {
        "para_id": "1924.1356",
        "lang": "pt",
        "refcode": "MCH 120.1"
      },
      {
        "para_id": "11970.1048",
        "lang": "ru",
        "refcode": "МЖС 129.6"
      }
    ]
  },
  {
    "para_id": "79.930",
    "id_prev": "79.929",
    "id_next": "79.931",
    "refcode_1": "ML",
    "refcode_2": "129",
    "refcode_3": "6",
    "refcode_4": "",
    "refcode_short": "ML 129.6",
    "refcode_long": "My Life Today, p. 129.6 (Ellen Gould White)",
    "element_type": "p",
    "element_subtype": "standard-indented",
    "content": "Perfect cleanliness, plenty of sunlight, careful attention to sanitation in every detail of the home life, are essential to freedom from disease and to the cheerfulness and vigor of the inmates of the home.<sup class=\"bookendnote\"><a class=\"bookendnote\">21<span class=\"bookendnote\"><span class=\"egwlink egwlink_book\" title=\"MH 276\" data-link=\"135.1380\">The Ministry of Healing, 276</span>.</span></a></sup>",
    "puborder": 924,
    "translations": [
      {
        "para_id": "155.953",
        "lang": "fr",
        "refcode": "AD 138.6"
      },
      {
        "para_id": "12463.915",
        "lang": "is",
        "refcode": "DL 131.6"
      },
      {
        "para_id": "1924.1357",
        "lang": "pt",
        "refcode": "MCH 120.2"
      },
      {
        "para_id": "11970.1049",
        "lang": "ru",
        "refcode": "МЖС 129.7"
      }
    ]
  },
  {
    "para_id": "79.931",
    "id_prev": "79.930",
    "id_next": "79.933",
    "refcode_1": "ML",
    "refcode_2": "129",
    "refcode_3": "7",
    "refcode_4": "",
    "refcode_short": "ML 129.7",
    "refcode_long": "My Life Today, p. 129.7 (Ellen Gould White)",
    "element_type": "p",
    "element_subtype": "standard-indented",
    "content": "Heaven is pure and holy, and those who pass through the gates of the city of God must here be clothed with inward and outward purity.<sup class=\"bookendnote\"><a class=\"bookendnote\">22<span class=\"bookendnote\"><span class=\"egwlink egwlink_book\" title=\"RH 6-10-1902\" data-link=\"821.21739\">The Review and Herald, June 10, 1902</span>.</span></a></sup>",
    "puborder": 925,
    "translations": [
      {
        "para_id": "155.954",
        "lang": "fr",
        "refcode": "AD 138.7"
      },
      {
        "para_id": "12463.916",
        "lang": "is",
        "refcode": "DL 131.7"
      },
      {
        "para_id": "1924.1358",
        "lang": "pt",
        "refcode": "MCH 120.3"
      },
      {
        "para_id": "11970.1050",
        "lang": "ru",
        "refcode": "МЖС 129.8"
      }
    ]
  }
]