[
  {
    "para_id": "955.5607",
    "id_prev": "955.5606",
    "id_next": "955.5608",
    "refcode_1": "CFF2",
    "refcode_2": "803",
    "refcode_3": "",
    "refcode_4": "",
    "refcode_short": "CFF2 803",
    "refcode_long": "The Conditionalist Faith of Our Fathers, vol. 2, p. 803 (LeRoy Edwin Froom)",
    "element_type": "h4",
    "element_subtype": "",
    "content": "I. Archdeacon Guillebaud-Ultimate Extinction for Wicked",
    "puborder": 4288,
    "translations": []
  },
  {
    "para_id": "955.5608",
    "id_prev": "955.5607",
    "id_next": "955.5609",
    "refcode_1": "CFF2",
    "refcode_2": "803",
    "refcode_3": "2",
    "refcode_4": "",
    "refcode_short": "CFF2 803.2",
    "refcode_long": "The Conditionalist Faith of Our Fathers, vol. 2, p. 803.2 (LeRoy Edwin Froom)",
    "element_type": "p",
    "element_subtype": "standard-indented",
    "content": "The late HAROLD ERNEST GUILLEBAUD (1888-1941) was trained at Marlborough, and then at Pembroke College, Cambridge. After a period as rector of St. Michael&rsquo;s, Bath, he went to Africa in 1925 under the Church Missionary Society, serving in Uganda and Ruanda. He returned to England in 1933 for a time, then went back to Ruanda in 1936 to continue his important translation work. In 1940 he was made archdeacon of Ruanda-Urundi.",
    "puborder": 4289,
    "translations": []
  },
  {
    "para_id": "955.5609",
    "id_prev": "955.5608",
    "id_next": "955.5612",
    "refcode_1": "CFF2",
    "refcode_2": "803",
    "refcode_3": "3",
    "refcode_4": "",
    "refcode_short": "CFF2 803.3",
    "refcode_long": "The Conditionalist Faith of Our Fathers, vol. 2, p. 803.3 (LeRoy Edwin Froom)",
    "element_type": "p",
    "element_subtype": "standard-indented",
    "content": "Guillebaud was a brillant Bible translator. The C.M.S. magazine Outlook stressed his scholarship and his &ldquo;linguistic&rdquo; skills, which enabled him to translate the greater part of the Bible, the Prayer Book, a hymnbook, and Pilgrim&rsquo;s Progress, and to produce a grammar. <sup class=\"footnote\"><a class=\"footnote\">1<span class=\"footnote\">1) <em>Church Mission Society Outlook,</em> June, 1944, p. 3.</span></a></sup> This journal regarded Guillebaud&rsquo;s <span class=\"page-break\" data-page=\"804\"></span> death as a great loss to the work of the church. His theological views were influenced by the exacting demands of his translation of the Scriptures, and his were usually mature conclusions. He returned to Cambridge for four years, serving as curate of St. Paul&rsquo;s. During this period he wrote Why the Cross? (1937), United Bible Study (1939), and Some Moral Difficulties of the Bible (1941).",
    "puborder": 4290,
    "translations": []
  },
  {
    "para_id": "955.5612",
    "id_prev": "955.5609",
    "id_next": "955.5613",
    "refcode_1": "CFF2",
    "refcode_2": "804",
    "refcode_3": "",
    "refcode_4": "",
    "refcode_short": "CFF2 804",
    "refcode_long": "The Conditionalist Faith of Our Fathers, vol. 2, p. 804 (LeRoy Edwin Froom)",
    "element_type": "p",
    "element_subtype": "picture",
    "content": "<a href=\"http://www.whiteestate.org/apl/graphics/CFF2/CFF2_CH39_P01.jpg\" data-link=\"https://egw.bz/go?uri=http%3a%2f%2fwww.whiteestate.org%2fapl%2fgraphics%2fCFF2%2fCFF2_CH39_P01.jpg\" class=\"egwlink egwlink_external\">Picture 1:</a> Harold Ernest Guillebaud, Sten Kahnlund, Dr. H. Martyn Cundy\n<br />Left: Harold Ernest Guillebaud (d. 1941), archdeacon in Uganda&mdash;ultimate extinction for wicked. Center: Sten Kahnlund, rector of the Catharene church of Stockholm&mdash;creative resurrection bestows immortality. Right: Dr. H. Martyn Cundy, schoolmaster of Sherborne&mdash;no survival of separate souls.\n<br />Page 804",
    "puborder": 4291,
    "translations": []
  },
  {
    "para_id": "955.5613",
    "id_prev": "955.5612",
    "id_next": "955.5614",
    "refcode_1": "CFF2",
    "refcode_2": "804",
    "refcode_3": "",
    "refcode_4": "",
    "refcode_short": "CFF2 804",
    "refcode_long": "The Conditionalist Faith of Our Fathers, vol. 2, p. 804 (LeRoy Edwin Froom)",
    "element_type": "h5",
    "element_subtype": "",
    "content": "1. HOW &ldquo;THE RIGHTEOUS JUDGE&rdquo; CAME To BE WRITTEN",
    "puborder": 4292,
    "translations": []
  },
  {
    "para_id": "955.5614",
    "id_prev": "955.5613",
    "id_next": "955.5616",
    "refcode_1": "CFF2",
    "refcode_2": "804",
    "refcode_3": "1",
    "refcode_4": "",
    "refcode_short": "CFF2 804.1",
    "refcode_long": "The Conditionalist Faith of Our Fathers, vol. 2, p. 804.1 (LeRoy Edwin Froom)",
    "element_type": "p",
    "element_subtype": "standard-indented",
    "content": "Guillebaud was a keen analyst, a cogent reasoner, and an able Bible expositor-particularly of the problem passages pertaining to the nature and destiny of man. Both Dr. and Mrs. Guillebaud were deeply troubled over the &ldquo;traditional views&rdquo; of &ldquo;everlasting torment in the fires of hell&rdquo; for the wicked, but they both accepted this view under the impression that it was taught by the Word of God. It was a doctrine, however, that Mrs. Guillebaud rejected with her mind, because it was irreconcilable with the character of God. It appeared to be a &ldquo;mystery&rdquo; which she &ldquo;could never hope to understand on this earth.&rdquo; So for a time she attempted to &ldquo;lock it away in the inner recesses&rdquo; of her mind-&ldquo;like a skeleton in the cupboard, not even to be thought about, much less spoken of.&rdquo; <sup class=\"footnote\"><a class=\"footnote\">2<span class=\"footnote\">2) H. E. Guillebaud, &ldquo;The Righteous judge&rdquo; (book ms., 1940). Foreword, by Mrs. M. G. Guillebaud, p. i.</span></a></sup>",
    "puborder": 4293,
    "translations": []
  },
  {
    "para_id": "955.5616",
    "id_prev": "955.5614",
    "id_next": "955.5617",
    "refcode_1": "CFF2",
    "refcode_2": "805",
    "refcode_3": "1",
    "refcode_4": "",
    "refcode_short": "CFF2 805.1",
    "refcode_long": "The Conditionalist Faith of Our Fathers, vol. 2, p. 805.1 (LeRoy Edwin Froom)",
    "element_type": "p",
    "element_subtype": "standard-indented",
    "content": "Just at that time Mrs. Guillebaud was deeply impressed by a sermon preached in Holy Trinity church, Cambridge, setting forth the &ldquo;eventual annihilation of the lost.&rdquo; She shared this new idea with her husband, hoping he would accept it. But in this she was disappointed.",
    "puborder": 4294,
    "translations": []
  },
  {
    "para_id": "955.5617",
    "id_prev": "955.5616",
    "id_next": "955.5618",
    "refcode_1": "CFF2",
    "refcode_2": "805",
    "refcode_3": "2",
    "refcode_4": "",
    "refcode_short": "CFF2 805.2",
    "refcode_long": "The Conditionalist Faith of Our Fathers, vol. 2, p. 805.2 (LeRoy Edwin Froom)",
    "element_type": "p",
    "element_subtype": "standard-indented",
    "content": "Soon after, her husband learned that the well-known Evangelical scholar, Dr. Basil F. C. Atkinson, of Cambridge University, likewise held the &ldquo;ultimate destruction&rdquo; view concerning unrepentant sinners. This led Guillebaud to put aside all preconceived ideas and to restudy the whole question again from the Scriptures.",
    "puborder": 4295,
    "translations": []
  },
  {
    "para_id": "955.5618",
    "id_prev": "955.5617",
    "id_next": "955.5619",
    "refcode_1": "CFF2",
    "refcode_2": "805",
    "refcode_3": "3",
    "refcode_4": "",
    "refcode_short": "CFF2 805.3",
    "refcode_long": "The Conditionalist Faith of Our Fathers, vol. 2, p. 805.3 (LeRoy Edwin Froom)",
    "element_type": "p",
    "element_subtype": "standard-indented",
    "content": "About this time one of the university students asked, &ldquo;If God is &lsquo;all in all,&rsquo; how can there remain any territory into which He can never enter?&rdquo;&mdash;i.e., an eternally burning Hell. So the work on his book Some Moral Difficulties of the Bible, which Mr. Guillebaud was writing at this time, was set aside, and the manuscript of a new book, &ldquo;The Righteous judge,&rdquo; came to be largely written just before his return to Ruanda, Africa. In fact, it was finished on shipboard, en route again to the mission field. <sup class=\"footnote\"><a class=\"footnote\">3<span class=\"footnote\">3) Ibid, p. ii</span></a></sup>",
    "puborder": 4296,
    "translations": []
  },
  {
    "para_id": "955.5619",
    "id_prev": "955.5618",
    "id_next": "955.5620",
    "refcode_1": "CFF2",
    "refcode_2": "805",
    "refcode_3": "",
    "refcode_4": "",
    "refcode_short": "CFF2 805",
    "refcode_long": "The Conditionalist Faith of Our Fathers, vol. 2, p. 805 (LeRoy Edwin Froom)",
    "element_type": "h5",
    "element_subtype": "",
    "content": "2. OUTLINE AND SCOPE OF THE MANUSCRIPT",
    "puborder": 4297,
    "translations": []
  },
  {
    "para_id": "955.5620",
    "id_prev": "955.5619",
    "id_next": "955.5623",
    "refcode_1": "CFF2",
    "refcode_2": "805",
    "refcode_3": "4",
    "refcode_4": "",
    "refcode_short": "CFF2 805.4",
    "refcode_long": "The Conditionalist Faith of Our Fathers, vol. 2, p. 805.4 (LeRoy Edwin Froom)",
    "element_type": "p",
    "element_subtype": "standard-indented",
    "content": "Decrying traditionalism and wishful thinking, Guillebaud in his Introduction insisted that &ldquo;any valid doctrine of future punishment must rest upon the Word of God at every point.&rdquo; Then follow the fourteen chapters, the outline and scope of which can be seen from a glance at the chapter headings:\n<br />&ldquo;Part I. What Does the Bible Teach?\n<br />&ldquo;1. Is Every Soul Immortal?\n<br />&ldquo;2. Will Evil Exist Forever?\n<br />&ldquo;3. The Meaning of the Word &lsquo;Eternal.&rsquo;\n<br />&ldquo;4. The General Trend of Bible Teaching.\n<br />&ldquo;5. Four New Testament Passages.\n<br />&ldquo;6. The Problem of Unequal Opportunity.\n<br />&ldquo;7. A Second Chance After Death?\n<br />&ldquo;8. Universalism.\n<br />&ldquo;9. Conclusions Sum <span class=\"page-break\" data-page=\"806\"></span> \n<br />marized.&rdquo;\n<br />&ldquo;Part II. Objections Answered\n<br />&ldquo;10. Objections From the Traditional Side. &ldquo;\n<br />11. Why Should This Life Be Decisive? &ldquo;\n<br />12. Objections to the Extinction of Existence.\n<br />&ldquo;13. Objection to Penal Suffering.\n<br />&ldquo;14. General Conclusion.&rdquo;",
    "puborder": 4298,
    "translations": []
  },
  {
    "para_id": "955.5623",
    "id_prev": "955.5620",
    "id_next": "955.5624",
    "refcode_1": "CFF2",
    "refcode_2": "806",
    "refcode_3": "",
    "refcode_4": "",
    "refcode_short": "CFF2 806",
    "refcode_long": "The Conditionalist Faith of Our Fathers, vol. 2, p. 806 (LeRoy Edwin Froom)",
    "element_type": "h5",
    "element_subtype": "",
    "content": "3. INNATE IMMORTALITY NOT DECLARED IN SCRIPTURE",
    "puborder": 4299,
    "translations": []
  },
  {
    "para_id": "955.5624",
    "id_prev": "955.5623",
    "id_next": "955.5625",
    "refcode_1": "CFF2",
    "refcode_2": "806",
    "refcode_3": "1",
    "refcode_4": "",
    "refcode_short": "CFF2 806.1",
    "refcode_long": "The Conditionalist Faith of Our Fathers, vol. 2, p. 806.1 (LeRoy Edwin Froom)",
    "element_type": "p",
    "element_subtype": "standard-indented",
    "content": "He reasoned logically that if the soul is indestructible, then &ldquo;every reference to its death or destruction must of necessity be understood to mean an intolerable existence.&rdquo; <sup class=\"footnote\"><a class=\"footnote\">4<span class=\"footnote\">4) Ibid., p. 1.</span></a></sup> But he immediately adds, &ldquo;It is significant that the words &lsquo;immortal soul&rsquo; are never found in the Bible.&rdquo; &ldquo;A &lsquo;life&rsquo; or &lsquo;soul&rsquo; which can be forfeited or lost does not at all naturally suggest an immortal soul, but rather the opposite.&rdquo; <sup class=\"footnote\"><a class=\"footnote\">5<span class=\"footnote\">5) Ibid., p. 2.</span></a></sup>",
    "puborder": 4300,
    "translations": []
  },
  {
    "para_id": "955.5625",
    "id_prev": "955.5624",
    "id_next": "955.5626",
    "refcode_1": "CFF2",
    "refcode_2": "806",
    "refcode_3": "2",
    "refcode_4": "",
    "refcode_short": "CFF2 806.2",
    "refcode_long": "The Conditionalist Faith of Our Fathers, vol. 2, p. 806.2 (LeRoy Edwin Froom)",
    "element_type": "p",
    "element_subtype": "standard-indented",
    "content": "God alone is &ldquo;absolutely immortal,&rdquo; and &ldquo;there is not a single statement anywhere in the Bible&rdquo; that suggests He has &ldquo;bestowed immortality on every soul.&rdquo; Moreover, a &ldquo;living soul&rdquo; is &ldquo;not an immortal soul,&rdquo; for God said that if man &ldquo;disobeyed God he &lsquo;should surely die.&rsquo;&rdquo; And Paul says &ldquo;that the &lsquo;death&rsquo; introduced by the fall affects &lsquo;not the body only but the soul in the life beyond.&rsquo;&rdquo; The &ldquo;living soul&rdquo; in <span class=\"egwlink egwlink_bible\" title=\"Genesis 2:7\" data-link=\"1965.80\">Genesis 2:7</span> is rendered &ldquo;living creature&rdquo; in <span class=\"egwlink egwlink_bible\" title=\"Genesis 2:19\" data-link=\"1965.104\">Genesis 2:19</span>; <span class=\"egwlink egwlink_bible\" title=\"Genesis 9:12\" data-link=\"1965.447\">Genesis 9:12</span>, and elsewhere includes the &ldquo;brute creation.&rdquo; <sup class=\"footnote\"><a class=\"footnote\">6<span class=\"footnote\">6) Ibid.</span></a></sup>",
    "puborder": 4301,
    "translations": []
  },
  {
    "para_id": "955.5626",
    "id_prev": "955.5625",
    "id_next": "955.5627",
    "refcode_1": "CFF2",
    "refcode_2": "806",
    "refcode_3": "",
    "refcode_4": "",
    "refcode_short": "CFF2 806",
    "refcode_long": "The Conditionalist Faith of Our Fathers, vol. 2, p. 806 (LeRoy Edwin Froom)",
    "element_type": "h5",
    "element_subtype": "",
    "content": "4. &ldquo;IMAGE OF GOD&rdquo; DOES NOT DENOTE IMMORTALITY",
    "puborder": 4302,
    "translations": []
  },
  {
    "para_id": "955.5627",
    "id_prev": "955.5626",
    "id_next": "955.5629",
    "refcode_1": "CFF2",
    "refcode_2": "806",
    "refcode_3": "3",
    "refcode_4": "",
    "refcode_short": "CFF2 806.3",
    "refcode_long": "The Conditionalist Faith of Our Fathers, vol. 2, p. 806.3 (LeRoy Edwin Froom)",
    "element_type": "p",
    "element_subtype": "standard-indented",
    "content": "Immortality is a &ldquo;gift&rdquo; from God to believers, &ldquo;not something which He has ordered to be a natural possession of humanity.&rdquo; Nor does the fact that man was made in the &ldquo;image&rdquo; of God prove his immortality, for &ldquo;immortality is no more an essential quality of God than omnipotence, omniscience, and omnipresence, which He certainly never imparted to man.&rdquo; In any case, that term &ldquo;tells us nothing by itself as to his [man&rsquo;s] immortality.&rdquo; And anyway, man fell &ldquo;and defaced the image,&rdquo; and Adam&rsquo;s son, begotten &ldquo;after his [Adam&rsquo;s] image (<span class=\"egwlink egwlink_bible\" title=\"Genesis 5:3\" data-link=\"1965.225\">Genesis 5:3</span>), was subject to &lsquo;death.&rsquo;&rdquo; <sup class=\"footnote\"><a class=\"footnote\">7<span class=\"footnote\">7) Ibid., p. 3.</span></a></sup>",
    "puborder": 4303,
    "translations": []
  },
  {
    "para_id": "955.5629",
    "id_prev": "955.5627",
    "id_next": "955.5630",
    "refcode_1": "CFF2",
    "refcode_2": "807",
    "refcode_3": "",
    "refcode_4": "",
    "refcode_short": "CFF2 807",
    "refcode_long": "The Conditionalist Faith of Our Fathers, vol. 2, p. 807 (LeRoy Edwin Froom)",
    "element_type": "h5",
    "element_subtype": "",
    "content": "5. HOSTILE HELL &ldquo;CORNER&rdquo; TO ALL ETERNITY &ldquo;UNTHINKABLE.&rdquo;",
    "puborder": 4304,
    "translations": []
  },
  {
    "para_id": "955.5630",
    "id_prev": "955.5629",
    "id_next": "955.5631",
    "refcode_1": "CFF2",
    "refcode_2": "807",
    "refcode_3": "1",
    "refcode_4": "",
    "refcode_short": "CFF2 807.1",
    "refcode_long": "The Conditionalist Faith of Our Fathers, vol. 2, p. 807.1 (LeRoy Edwin Froom)",
    "element_type": "p",
    "element_subtype": "standard-indented",
    "content": "In chapter two (&ldquo;Will Evil Exist Forever?&rdquo;) Guillebaud declares pointedly:\n<br />&ldquo;It seems unthinkable that after it [the end], and to all eternity, there will still be beings hostile to God existing in His universe, still a corner of it subdued by force, and not one with Him in love.&rdquo; <sup class=\"footnote\"><a class=\"footnote\">8<span class=\"footnote\">8) Ibid., p. 8.</span></a></sup>",
    "puborder": 4305,
    "translations": []
  },
  {
    "para_id": "955.5631",
    "id_prev": "955.5630",
    "id_next": "955.5632",
    "refcode_1": "CFF2",
    "refcode_2": "807",
    "refcode_3": "",
    "refcode_4": "",
    "refcode_short": "CFF2 807",
    "refcode_long": "The Conditionalist Faith of Our Fathers, vol. 2, p. 807 (LeRoy Edwin Froom)",
    "element_type": "h5",
    "element_subtype": "",
    "content": "6. ETERNAL PUNISHMENT MAY END &ldquo;EXISTENCE&rdquo; FOREVER. -",
    "puborder": 4306,
    "translations": []
  },
  {
    "para_id": "955.5632",
    "id_prev": "955.5631",
    "id_next": "955.5633",
    "refcode_1": "CFF2",
    "refcode_2": "807",
    "refcode_3": "2",
    "refcode_4": "",
    "refcode_short": "CFF2 807.2",
    "refcode_long": "The Conditionalist Faith of Our Fathers, vol. 2, p. 807.2 (LeRoy Edwin Froom)",
    "element_type": "p",
    "element_subtype": "standard-indented",
    "content": "In &ldquo;The Meaning of the Word &lsquo;Eternal&rsquo;&rdquo; (chapter three) Guillebaud says that &ldquo;eternal&rdquo; means &ldquo;more than endless.&rdquo; Citing Sodom and Gomorrah as examples of &ldquo;suffering eternal fire&rdquo; (as in <span class=\"egwlink egwlink_bible\" title=\"Jude 1:7\" data-link=\"1965.62593\">Jude 7</span>), he says: &ldquo;Eternal punishment may mean a punishment which ends for ever the existence of the persons punished.&rdquo; <sup class=\"footnote\"><a class=\"footnote\">9<span class=\"footnote\">9) Ibid., p. 14.</span></a></sup>",
    "puborder": 4307,
    "translations": []
  },
  {
    "para_id": "955.5633",
    "id_prev": "955.5632",
    "id_next": "955.5634",
    "refcode_1": "CFF2",
    "refcode_2": "807",
    "refcode_3": "",
    "refcode_4": "",
    "refcode_short": "CFF2 807",
    "refcode_long": "The Conditionalist Faith of Our Fathers, vol. 2, p. 807 (LeRoy Edwin Froom)",
    "element_type": "h5",
    "element_subtype": "",
    "content": "7. PENAL SUFFERING NOT TO CONTINUE FOREVER",
    "puborder": 4308,
    "translations": []
  },
  {
    "para_id": "955.5634",
    "id_prev": "955.5633",
    "id_next": "955.5635",
    "refcode_1": "CFF2",
    "refcode_2": "807",
    "refcode_3": "3",
    "refcode_4": "",
    "refcode_short": "CFF2 807.3",
    "refcode_long": "The Conditionalist Faith of Our Fathers, vol. 2, p. 807.3 (LeRoy Edwin Froom)",
    "element_type": "p",
    "element_subtype": "standard-indented",
    "content": "The four problem passages in this area (&ldquo;<span class=\"egwlink egwlink_bible\" title=\"Matthew 18:34\" data-link=\"1965.48512\">Matthew 18:34, 35</span>; <span class=\"egwlink egwlink_bible\" title=\"Mark 9:43\" data-link=\"1965.50172\">Mark 9:43-48</span>; <span class=\"egwlink egwlink_bible\" title=\"Revelation 14:10\" data-link=\"1965.63122\">Revelation 14:10, 11</span>; <span class=\"egwlink egwlink_bible\" title=\"Revelation 20:10\" data-link=\"1965.63352\">Revelation 20:10</span>&rdquo;) must be understood in the light of the &ldquo;general teaching,&rdquo; of the Bible. And he adds:",
    "puborder": 4309,
    "translations": []
  },
  {
    "para_id": "955.5635",
    "id_prev": "955.5634",
    "id_next": "955.5636",
    "refcode_1": "CFF2",
    "refcode_2": "807",
    "refcode_3": "4",
    "refcode_4": "",
    "refcode_short": "CFF2 807.4",
    "refcode_long": "The Conditionalist Faith of Our Fathers, vol. 2, p. 807.4 (LeRoy Edwin Froom)",
    "element_type": "p",
    "element_subtype": "standard-indented",
    "content": "&ldquo;Penal suffering therefore certainly forms a part of Bible teaching about the doom of the lost, but there is no statement that this suffering will continue for ever.&rdquo; <sup class=\"footnote\"><a class=\"footnote\">10<span class=\"footnote\">10) Ibid., p. 16.</span></a></sup>",
    "puborder": 4310,
    "translations": []
  },
  {
    "para_id": "955.5636",
    "id_prev": "955.5635",
    "id_next": "955.5637",
    "refcode_1": "CFF2",
    "refcode_2": "807",
    "refcode_3": "5",
    "refcode_4": "",
    "refcode_short": "CFF2 807.5",
    "refcode_long": "The Conditionalist Faith of Our Fathers, vol. 2, p. 807.5 (LeRoy Edwin Froom)",
    "element_type": "p",
    "element_subtype": "standard-indented",
    "content": "To burn up implies &ldquo;total destruction,&rdquo; such as the &ldquo;chaf,&rdquo; &ldquo;utterly destroyed by fire.&rdquo; &ldquo;The word &lsquo;unquenchable&rsquo; means simply &lsquo;that which nothing and no one can quench,&rsquo; which cannot be prevented from accomplishing its destructive purpose.&rdquo; <sup class=\"footnote\"><a class=\"footnote\">11<span class=\"footnote\">11) Ibid., p. 17.</span></a></sup>",
    "puborder": 4311,
    "translations": []
  },
  {
    "para_id": "955.5637",
    "id_prev": "955.5636",
    "id_next": "955.5638",
    "refcode_1": "CFF2",
    "refcode_2": "807",
    "refcode_3": "",
    "refcode_4": "",
    "refcode_short": "CFF2 807",
    "refcode_long": "The Conditionalist Faith of Our Fathers, vol. 2, p. 807 (LeRoy Edwin Froom)",
    "element_type": "h5",
    "element_subtype": "",
    "content": "8. ULTIMATE EXTINCTION OF EXISTENCE FOR WICKED",
    "puborder": 4312,
    "translations": []
  },
  {
    "para_id": "955.5638",
    "id_prev": "955.5637",
    "id_next": "955.5639",
    "refcode_1": "CFF2",
    "refcode_2": "807",
    "refcode_3": "6",
    "refcode_4": "",
    "refcode_short": "CFF2 807.6",
    "refcode_long": "The Conditionalist Faith of Our Fathers, vol. 2, p. 807.6 (LeRoy Edwin Froom)",
    "element_type": "p",
    "element_subtype": "standard-indented",
    "content": "It is clear that the wicked must &ldquo;sufer in the process of destruction.&rdquo; Nevertheless, their doom is &ldquo;destruction&rdquo; <sup class=\"footnote\"><a class=\"footnote\">12<span class=\"footnote\">12) Ibid., p. 21.</span></a></sup>&mdash;ending in the &ldquo;end of existence.&rdquo; These texts are not intended to mean &ldquo;an eternity of conscious torment,&rdquo; but rather &ldquo;destruction.&rdquo; In other words, they indicate &ldquo;ultimate ending of existence.&rdquo; <sup class=\"footnote\"><a class=\"footnote\">13<span class=\"footnote\">13) Ibid., p. 23.</span></a></sup>",
    "puborder": 4313,
    "translations": []
  },
  {
    "para_id": "955.5639",
    "id_prev": "955.5638",
    "id_next": "955.5642",
    "refcode_1": "CFF2",
    "refcode_2": "807",
    "refcode_3": "7",
    "refcode_4": "",
    "refcode_short": "CFF2 807.7",
    "refcode_long": "The Conditionalist Faith of Our Fathers, vol. 2, p. 807.7 (LeRoy Edwin Froom)",
    "element_type": "p",
    "element_subtype": "standard-indented",
    "content": "&ldquo;We submit that the life of any living thing is necessarily ended by <span class=\"page-break\" data-page=\"808\"></span> fire, unless God supernaturally provides otherwise: therefore, where fire is in question, the verb &lsquo;destroy&rsquo; is not ambiguous at all, but definitely implies the ending of life.&rdquo; <sup class=\"footnote\"><a class=\"footnote\">14<span class=\"footnote\">14) Ibid., p. 24.</span></a></sup>",
    "puborder": 4314,
    "translations": []
  },
  {
    "para_id": "955.5642",
    "id_prev": "955.5639",
    "id_next": "955.5643",
    "refcode_1": "CFF2",
    "refcode_2": "808",
    "refcode_3": "1",
    "refcode_4": "",
    "refcode_short": "CFF2 808.1",
    "refcode_long": "The Conditionalist Faith of Our Fathers, vol. 2, p. 808.1 (LeRoy Edwin Froom)",
    "element_type": "p",
    "element_subtype": "standard-indented",
    "content": "Discussing the Parable of the Unmerciful Servant (<span class=\"egwlink egwlink_bible\" title=\"Matthew 18:34\" data-link=\"1965.48512\">Matthew 18:34, 35</span>), he pointedly observes:\n<br />&ldquo;A prisoner who never comes out of prison does not live there eternally. The slave who was delivered to the tormentors till he should pay two million pounds would not escape from them by payment, but he would assuredly die in the end.&rdquo; <sup class=\"footnote\"><a class=\"footnote\">15<span class=\"footnote\">15) Ibid.: p. 29.</span></a></sup>",
    "puborder": 4315,
    "translations": []
  },
  {
    "para_id": "955.5643",
    "id_prev": "955.5642",
    "id_next": "955.5644",
    "refcode_1": "CFF2",
    "refcode_2": "808",
    "refcode_3": "",
    "refcode_4": "",
    "refcode_short": "CFF2 808",
    "refcode_long": "The Conditionalist Faith of Our Fathers, vol. 2, p. 808 (LeRoy Edwin Froom)",
    "element_type": "h5",
    "element_subtype": "",
    "content": "9. MEMORIAL OF GOD&rsquo;S &ldquo;RIGHTEOUS JUDGMENT.&rdquo;",
    "puborder": 4316,
    "translations": []
  },
  {
    "para_id": "955.5644",
    "id_prev": "955.5643",
    "id_next": "955.5645",
    "refcode_1": "CFF2",
    "refcode_2": "808",
    "refcode_3": "2",
    "refcode_4": "",
    "refcode_short": "CFF2 808.2",
    "refcode_long": "The Conditionalist Faith of Our Fathers, vol. 2, p. 808.2 (LeRoy Edwin Froom)",
    "element_type": "p",
    "element_subtype": "standard-indented",
    "content": "As to <span class=\"egwlink egwlink_bible\" title=\"Mark 9:43\" data-link=\"1965.50172\">Mark 9:43-48</span>, which is based on <span class=\"egwlink egwlink_bible\" title=\"Isaiah 66:24\" data-link=\"1965.38663\">Isaiah 66:24</span>, Guillebaud says, &ldquo;The spectacle of corpses,&rdquo; in the process of &ldquo;corruption and burning,&rdquo; becomes a &ldquo;perpetual memorial of the righteous wrath of God, and His judgment against sin.&rdquo; <sup class=\"footnote\"><a class=\"footnote\">16<span class=\"footnote\">16) Ibid., p. 30.</span></a></sup> Similarly with the &ldquo;smoke of their torment,&rdquo; it will be-&ldquo;a perpetual memorial of the righteous judgment of God, which will continue after it has achieved the destruction of the wicked.&rdquo; <sup class=\"footnote\"><a class=\"footnote\">17<span class=\"footnote\">17) Ibid., p. 33.</span></a></sup>",
    "puborder": 4317,
    "translations": []
  },
  {
    "para_id": "955.5645",
    "id_prev": "955.5644",
    "id_next": "955.5646",
    "refcode_1": "CFF2",
    "refcode_2": "808",
    "refcode_3": "3",
    "refcode_4": "",
    "refcode_short": "CFF2 808.3",
    "refcode_long": "The Conditionalist Faith of Our Fathers, vol. 2, p. 808.3 (LeRoy Edwin Froom)",
    "element_type": "p",
    "element_subtype": "standard-indented",
    "content": "And as to <span class=\"egwlink egwlink_bible\" title=\"Revelation 14:10\" data-link=\"1965.63122\">Revelation 14:10, 11</span>:\n<br />&ldquo;Are we to understand that the torment will continue for ever and ever?... The words &lsquo;the smoke of their torment goeth up unto ages of ages&rsquo; do at first appear to say this, but this is not at all necessarily the meaning. In considering <span class=\"egwlink egwlink_bible\" title=\"Mark 9:43\" data-link=\"1965.50172\">Mark 9:43-48</span> we saw that the meaning there is that there will be a perpetual memorial of the righteous judgment of God, which will continue after it has achieved the destruction of the wicked. <sup class=\"footnote\"><a class=\"footnote\">18<span class=\"footnote\">18 Ibid.</span></a></sup>",
    "puborder": 4318,
    "translations": []
  },
  {
    "para_id": "955.5646",
    "id_prev": "955.5645",
    "id_next": "955.5647",
    "refcode_1": "CFF2",
    "refcode_2": "808",
    "refcode_3": "",
    "refcode_4": "",
    "refcode_short": "CFF2 808",
    "refcode_long": "The Conditionalist Faith of Our Fathers, vol. 2, p. 808 (LeRoy Edwin Froom)",
    "element_type": "h5",
    "element_subtype": "",
    "content": "10. SATAN&rsquo;S EXISTENCE SHALL &ldquo;COME TO AN END.&rdquo;",
    "puborder": 4319,
    "translations": []
  },
  {
    "para_id": "955.5647",
    "id_prev": "955.5646",
    "id_next": "955.5648",
    "refcode_1": "CFF2",
    "refcode_2": "808",
    "refcode_3": "4",
    "refcode_4": "",
    "refcode_short": "CFF2 808.4",
    "refcode_long": "The Conditionalist Faith of Our Fathers, vol. 2, p. 808.4 (LeRoy Edwin Froom)",
    "element_type": "p",
    "element_subtype": "standard-indented",
    "content": "Coming to <span class=\"egwlink egwlink_bible\" title=\"Revelation 20:10\" data-link=\"1965.63352\">Revelation 20:10</span>, and the punishment of the devil, Guillebaud holds that this text needs to be understood in the light of <span class=\"egwlink egwlink_bible\" title=\"Ezekiel 28:11\" data-link=\"1965.43195\">Ezekiel 28:11-19</span>, where of Satan&mdash;under the symbol of the &ldquo;King of Tyre,&rdquo; who was once &ldquo;&lsquo;the anointed cherub that covereth,&rsquo; and was in Eden the garden of God&rdquo;&mdash;it is said, &ldquo;thou shalt never be any more&rdquo; (<span class=\"egwlink egwlink_bible\" title=\"Ezekiel 28:19\" data-link=\"1965.43211\">Ezekiel 28:19</span>), indicating &ldquo;his existence shall come to an end.&rdquo; <sup class=\"footnote\"><a class=\"footnote\">19<span class=\"footnote\">19 Ibid., p. 35.</span></a></sup>",
    "puborder": 4320,
    "translations": []
  },
  {
    "para_id": "955.5648",
    "id_prev": "955.5647",
    "id_next": "955.5649",
    "refcode_1": "CFF2",
    "refcode_2": "808",
    "refcode_3": "",
    "refcode_4": "",
    "refcode_short": "CFF2 808",
    "refcode_long": "The Conditionalist Faith of Our Fathers, vol. 2, p. 808 (LeRoy Edwin Froom)",
    "element_type": "h5",
    "element_subtype": "",
    "content": "11. NOT ALL &ldquo;SUFFER EQUALLY&rdquo; IN &ldquo;SECOND DEATH.&rdquo;",
    "puborder": 4321,
    "translations": []
  },
  {
    "para_id": "955.5649",
    "id_prev": "955.5648",
    "id_next": "955.5652",
    "refcode_1": "CFF2",
    "refcode_2": "808",
    "refcode_3": "5",
    "refcode_4": "",
    "refcode_short": "CFF2 808.5",
    "refcode_long": "The Conditionalist Faith of Our Fathers, vol. 2, p. 808.5 (LeRoy Edwin Froom)",
    "element_type": "p",
    "element_subtype": "standard-indented",
    "content": "Under &ldquo;The Problem of Unequal Opportunity&rdquo; (chapter six), <span class=\"page-break\" data-page=\"809\"></span> after an able discussion of the whole question and the matter of &ldquo;degrees of punishment,&rdquo; Guillebaud concludes:",
    "puborder": 4322,
    "translations": []
  },
  {
    "para_id": "955.5652",
    "id_prev": "955.5649",
    "id_next": "955.5653",
    "refcode_1": "CFF2",
    "refcode_2": "809",
    "refcode_3": "1",
    "refcode_4": "",
    "refcode_short": "CFF2 809.1",
    "refcode_long": "The Conditionalist Faith of Our Fathers, vol. 2, p. 809.1 (LeRoy Edwin Froom)",
    "element_type": "p",
    "element_subtype": "standard-indented",
    "content": "&ldquo;The penal suffering of the lost is not endless. And this being so, degrees in the severity of the suffering would probably imply varying durations of it. But here we are in a region of speculation, for time itself is of this world. One thing is clear, that not all the condemned will suffer,equally in the second death, and in view of the immense differences in opportunity and guilt among men, this conclusion is one which we may very thankfully accept.&rdquo; <sup class=\"footnote\"><a class=\"footnote\">20<span class=\"footnote\">20) Ibid., p. 44.</span></a></sup>",
    "puborder": 4323,
    "translations": []
  },
  {
    "para_id": "955.5653",
    "id_prev": "955.5652",
    "id_next": "955.5654",
    "refcode_1": "CFF2",
    "refcode_2": "809",
    "refcode_3": "",
    "refcode_4": "",
    "refcode_short": "CFF2 809",
    "refcode_long": "The Conditionalist Faith of Our Fathers, vol. 2, p. 809 (LeRoy Edwin Froom)",
    "element_type": "h5",
    "element_subtype": "",
    "content": "12. JUDGMENT &ldquo;IRREVERSIBLE AND FINAL&rdquo; IN ISSUES",
    "puborder": 4324,
    "translations": []
  },
  {
    "para_id": "955.5654",
    "id_prev": "955.5653",
    "id_next": "955.5655",
    "refcode_1": "CFF2",
    "refcode_2": "809",
    "refcode_3": "2",
    "refcode_4": "",
    "refcode_short": "CFF2 809.2",
    "refcode_long": "The Conditionalist Faith of Our Fathers, vol. 2, p. 809.2 (LeRoy Edwin Froom)",
    "element_type": "p",
    "element_subtype": "standard-indented",
    "content": "As to &ldquo;A Second Chance After Death?&rdquo; (chapter seven), Guillebaud affirms:\n<br />&ldquo;The whole trend of Scripture teaching, and especially that of our Lord, is entirely opposed to any such opportunity being given after the judgment. As <span class=\"egwlink egwlink_bible\" title=\"Hebrews 6:2\" data-link=\"1965.61292\">Hebrews 6:2</span> says, it is an &lsquo;eternal judgment,&rsquo; irreversible and final in its issue to all eternity.&rdquo; <sup class=\"footnote\"><a class=\"footnote\">21<span class=\"footnote\">21) Ibid., p. 45.</span></a></sup>",
    "puborder": 4325,
    "translations": []
  },
  {
    "para_id": "955.5655",
    "id_prev": "955.5654",
    "id_next": "955.5656",
    "refcode_1": "CFF2",
    "refcode_2": "809",
    "refcode_3": "3",
    "refcode_4": "",
    "refcode_short": "CFF2 809.3",
    "refcode_long": "The Conditionalist Faith of Our Fathers, vol. 2, p. 809.3 (LeRoy Edwin Froom)",
    "element_type": "p",
    "element_subtype": "standard-indented",
    "content": "That, he says, is clearly the general sense of Scripture. And as to two obscure disputed passages sometimes cited, Guillebaud sagely says:",
    "puborder": 4326,
    "translations": []
  },
  {
    "para_id": "955.5656",
    "id_prev": "955.5655",
    "id_next": "955.5657",
    "refcode_1": "CFF2",
    "refcode_2": "809",
    "refcode_3": "4",
    "refcode_4": "",
    "refcode_short": "CFF2 809.4",
    "refcode_long": "The Conditionalist Faith of Our Fathers, vol. 2, p. 809.4 (LeRoy Edwin Froom)",
    "element_type": "p",
    "element_subtype": "standard-indented",
    "content": "&ldquo;It is very unwise to build an important doctrine on the sole authority of two very obscure passages, as to the meaning of which the ablest expositors have offered a wide variety of explanations.&rdquo; <sup class=\"footnote\"><a class=\"footnote\">22<span class=\"footnote\">22) Ibid., p. 46.</span></a></sup>",
    "puborder": 4327,
    "translations": []
  },
  {
    "para_id": "955.5657",
    "id_prev": "955.5656",
    "id_next": "955.5658",
    "refcode_1": "CFF2",
    "refcode_2": "809",
    "refcode_3": "5",
    "refcode_4": "",
    "refcode_short": "CFF2 809.5",
    "refcode_long": "The Conditionalist Faith of Our Fathers, vol. 2, p. 809.5 (LeRoy Edwin Froom)",
    "element_type": "p",
    "element_subtype": "standard-indented",
    "content": "&ldquo;We must leave the &lsquo;hard cases&rsquo; to God, sure that whatever His decision is it will be absolutely just.&rdquo; <sup class=\"footnote\"><a class=\"footnote\">23<span class=\"footnote\">23) Ibid., p. 48.</span></a></sup>",
    "puborder": 4328,
    "translations": []
  },
  {
    "para_id": "955.5658",
    "id_prev": "955.5657",
    "id_next": "955.5659",
    "refcode_1": "CFF2",
    "refcode_2": "809",
    "refcode_3": "",
    "refcode_4": "",
    "refcode_short": "CFF2 809",
    "refcode_long": "The Conditionalist Faith of Our Fathers, vol. 2, p. 809 (LeRoy Edwin Froom)",
    "element_type": "h5",
    "element_subtype": "",
    "content": "13. BOWING OF &ldquo;EVERY KNEE&rdquo; NOT UNIVERSAL SALVATION",
    "puborder": 4329,
    "translations": []
  },
  {
    "para_id": "955.5659",
    "id_prev": "955.5658",
    "id_next": "955.5660",
    "refcode_1": "CFF2",
    "refcode_2": "809",
    "refcode_3": "6",
    "refcode_4": "",
    "refcode_short": "CFF2 809.6",
    "refcode_long": "The Conditionalist Faith of Our Fathers, vol. 2, p. 809.6 (LeRoy Edwin Froom)",
    "element_type": "p",
    "element_subtype": "standard-indented",
    "content": "Chapter eight deals with the theory of &ldquo;Universalism,&rdquo; which Guillebaud defines as the contention that",
    "puborder": 4330,
    "translations": []
  },
  {
    "para_id": "955.5660",
    "id_prev": "955.5659",
    "id_next": "955.5661",
    "refcode_1": "CFF2",
    "refcode_2": "809",
    "refcode_3": "7",
    "refcode_4": "",
    "refcode_short": "CFF2 809.7",
    "refcode_long": "The Conditionalist Faith of Our Fathers, vol. 2, p. 809.7 (LeRoy Edwin Froom)",
    "element_type": "p",
    "element_subtype": "standard-indented",
    "content": "&ldquo;although those who have rejected Christ will have to pass through a period of penal suffering in the next world, proportionate to their guilt, and to their obstinacy in refusing to turn to Him, all will eventually be saved.&rdquo; <sup class=\"footnote\"><a class=\"footnote\">24<span class=\"footnote\">24) Ibid., p. 49.</span></a></sup>",
    "puborder": 4331,
    "translations": []
  },
  {
    "para_id": "955.5661",
    "id_prev": "955.5660",
    "id_next": "955.5664",
    "refcode_1": "CFF2",
    "refcode_2": "809",
    "refcode_3": "8",
    "refcode_4": "",
    "refcode_short": "CFF2 809.8",
    "refcode_long": "The Conditionalist Faith of Our Fathers, vol. 2, p. 809.8 (LeRoy Edwin Froom)",
    "element_type": "p",
    "element_subtype": "standard-indented",
    "content": "Reverting to the &ldquo;eternal punishment,&rdquo; already discussed, Guillebaud defines it as &ldquo;a punishment with endless results, a doom from which there is no return,&rdquo; as carrying the &ldquo;dreadful implication of finality.&rdquo; <sup class=\"footnote\"><a class=\"footnote\">25<span class=\"footnote\">25) Ibid.</span></a></sup> Then he continues by examining the passages (<span class=\"egwlink egwlink_bible\" title=\"1 John 2:2\" data-link=\"1965.62330\">1 John 2:2</span>; <span class=\"egwlink egwlink_bible\" title=\"1 Timothy 4:10\" data-link=\"1965.60694\">1 Timothy 4:10</span>; <span class=\"egwlink egwlink_bible\" title=\"1 Timothy 2:4\" data-link=\"1965.60618\">1 Timothy 2:4, 6</span>; <span class=\"egwlink egwlink_bible\" title=\"Titus 2:11\" data-link=\"1965.61028\">Titus 2:11</span>) most frequently <span class=\"page-break\" data-page=\"810\"></span> invoked by Universalists. Guillebaud states that these &ldquo;texts simply express the universal love of God, and the universal offer of His salvation to those who persist in rejecting it.&rdquo; <sup class=\"footnote\"><a class=\"footnote\">26<span class=\"footnote\">26) Ibid., p. 52.</span></a></sup>",
    "puborder": 4332,
    "translations": []
  },
  {
    "para_id": "955.5664",
    "id_prev": "955.5661",
    "id_next": "955.5665",
    "refcode_1": "CFF2",
    "refcode_2": "810",
    "refcode_3": "1",
    "refcode_4": "",
    "refcode_short": "CFF2 810.1",
    "refcode_long": "The Conditionalist Faith of Our Fathers, vol. 2, p. 810.1 (LeRoy Edwin Froom)",
    "element_type": "p",
    "element_subtype": "standard-indented",
    "content": "Commenting on the expression &ldquo;every knee shall bow,&rdquo; he adds that while all lost souls will one day rightly acknowledge Jesus as Lord, &ldquo;it should be noticed that Paul does not say &lsquo;their Lord,&rsquo; and that there is no mention of salvation.&rdquo; Again, in <span class=\"egwlink egwlink_bible\" title=\"Philippians 2:9\" data-link=\"1965.59958\">Philippians 2:9-11</span> the same apostle states that every &ldquo;knee&rdquo; and &ldquo;tongue&rdquo; will pay homage to the judge. The &ldquo;main thought is the divine glory of the Lord Jesus.&rdquo; But &ldquo;not a word is said as to the saving effect of the homage.&rdquo; <sup class=\"footnote\"><a class=\"footnote\">27<span class=\"footnote\">27) Ibid., p. 57.</span></a></sup> CFF2 810. 2 Paragraph 37/125 CFF2 810. 3 Paragraph 38/125 The wicked are impelled &ldquo;to acknowledge His divine glory, and offer Him an unwilling homage.&rdquo; Having examined <span class=\"egwlink egwlink_bible\" title=\"Isaiah 45:23\" data-link=\"1965.37918\">Isaiah 45:23</span>; <span class=\"egwlink egwlink_bible\" title=\"Romans 14:11\" data-link=\"1965.57690\">Romans 14:11</span>; and <span class=\"egwlink egwlink_bible\" title=\"Philippians 2:9\" data-link=\"1965.59958\">Philippians 2:9-11</span>; Guillebaud remarks, &ldquo;Not one of the three passages, considered with its context, suggests any idea of the ultimate salvation of those who have died without Christ.&rdquo; <sup class=\"footnote\"><a class=\"footnote\">28<span class=\"footnote\">28) Ibid., pp. 58, 59.</span></a></sup> Guillebaud concludes with:",
    "puborder": 4333,
    "translations": []
  },
  {
    "para_id": "955.5665",
    "id_prev": "955.5664",
    "id_next": "955.5666",
    "refcode_1": "CFF2",
    "refcode_2": "810",
    "refcode_3": "2",
    "refcode_4": "",
    "refcode_short": "CFF2 810.2",
    "refcode_long": "The Conditionalist Faith of Our Fathers, vol. 2, p. 810.2 (LeRoy Edwin Froom)",
    "element_type": "p",
    "element_subtype": "standard-indented",
    "content": "&ldquo;We claim that these [Universalist] interpretations are contrary to the natural use of language, and that there is nothing in the Bible to justify them. Salvation is salvation, offered here and now, to be accepted now, and delivering the soul from death, and there is no other salvation than this.&rdquo; <sup class=\"footnote\"><a class=\"footnote\">29<span class=\"footnote\">29) Ibid.: p.</span></a></sup>",
    "puborder": 4334,
    "translations": []
  }
]