[
  {
    "para_id": "955.6634",
    "id_prev": "955.6633",
    "id_next": "955.6635",
    "refcode_1": "CFF2",
    "refcode_2": "930",
    "refcode_3": "",
    "refcode_4": "",
    "refcode_short": "CFF2 930",
    "refcode_long": "The Conditionalist Faith of Our Fathers, vol. 2, p. 930 (LeRoy Edwin Froom)",
    "element_type": "h4",
    "element_subtype": "",
    "content": "XIV. Chaplain Irion-&ldquo;Philosophical&rdquo; Immortality Contradicts Biblical &ldquo;Resurrection&rdquo;",
    "puborder": 5114,
    "translations": []
  },
  {
    "para_id": "955.6635",
    "id_prev": "955.6634",
    "id_next": "955.6636",
    "refcode_1": "CFF2",
    "refcode_2": "930",
    "refcode_3": "3",
    "refcode_4": "",
    "refcode_short": "CFF2 930.3",
    "refcode_long": "The Conditionalist Faith of Our Fathers, vol. 2, p. 930.3 (LeRoy Edwin Froom)",
    "element_type": "p",
    "element_subtype": "standard-indented",
    "content": "Evangelical and Reformed chaplain Dr. PAUL E. IRION <sup class=\"footnote\"><a class=\"footnote\">65<span class=\"footnote\">65) PAUL E. IRION (1922-), Evangelical and Reformed, was trained at Elmhurst College, Eden Theological Seminary and University of Chicago. After a period as chaplainhe is now professor of pastoral theology at Lancaster Theological Seminary (1959-).</span></a></sup> of the Deaconess Hospital of St. Louis, Missouri, charges the anonymous poetic lines which he quotes to introduce his own comments with being &ldquo;deceptively out of step with New Testament teachings&rdquo; as to death and resurrection. Here again &ldquo;resurrection&rdquo; is differentiated from and placed over against the concept of inherent immortality. Dr. Irion&rsquo;s view was expressed in 1957 in a periodical article for clergymen:&rdquo;",
    "puborder": 5115,
    "translations": []
  },
  {
    "para_id": "955.6636",
    "id_prev": "955.6635",
    "id_next": "955.6637",
    "refcode_1": "CFF2",
    "refcode_2": "930",
    "refcode_3": "4",
    "refcode_4": "",
    "refcode_short": "CFF2 930.4",
    "refcode_long": "The Conditionalist Faith of Our Fathers, vol. 2, p. 930.4 (LeRoy Edwin Froom)",
    "element_type": "p",
    "element_subtype": "poem-noindent",
    "content": "&lsquo;You call it death-this seeming endless sleep,\n<br />We call it birth-the soul at last set free.\n<br />&lsquo;Tis hampered not by time or space-you weep,\n<br />Why weep at death? &lsquo;Tis immortality.&rsquo;\n<br />Anonymous",
    "puborder": 5116,
    "translations": []
  },
  {
    "para_id": "955.6637",
    "id_prev": "955.6636",
    "id_next": "955.6640",
    "refcode_1": "CFF2",
    "refcode_2": "930",
    "refcode_3": "5",
    "refcode_4": "",
    "refcode_short": "CFF2 930.5",
    "refcode_long": "The Conditionalist Faith of Our Fathers, vol. 2, p. 930.5 (LeRoy Edwin Froom)",
    "element_type": "p",
    "element_subtype": "standard-indented",
    "content": "&ldquo;These lines are deceptively out of step with the New Testament teaching of the Christian view of death and resurrection. The poet&rsquo;s implication <span class=\"page-break\" data-page=\"931\"></span> is that this immortality is a natural result of what we call death. Rather than being the gift of God in redemption, it is inferred that this is a portion of the basic nature of man.",
    "puborder": 5117,
    "translations": []
  },
  {
    "para_id": "955.6640",
    "id_prev": "955.6637",
    "id_next": "955.6641",
    "refcode_1": "CFF2",
    "refcode_2": "931",
    "refcode_3": "1",
    "refcode_4": "",
    "refcode_short": "CFF2 931.1",
    "refcode_long": "The Conditionalist Faith of Our Fathers, vol. 2, p. 931.1 (LeRoy Edwin Froom)",
    "element_type": "p",
    "element_subtype": "standard-indented",
    "content": "&ldquo;I say that this is deceptively out of step with the New Testament view because this same notion appears again and again in funeral literature and has so often been uncritically accepted for popular usage. Yet if one stops for careful analysis, it is apparent that this is a promulgation of a philosophical concept of immortality rather than the uniquely Christian concept of resurrection.&rdquo; <sup class=\"footnote\"><a class=\"footnote\">66<span class=\"footnote\">66) Paul E. Irion, &ldquo;The Ministry to the Bereaved,&rdquo; Pastoral Psychology, November, 1957, p. 76f.</span></a></sup>",
    "puborder": 5118,
    "translations": []
  }
]