[
  {
    "para_id": "955.3480",
    "id_prev": "955.3479",
    "id_next": "955.3481",
    "refcode_1": "CFF2",
    "refcode_2": "524",
    "refcode_3": "",
    "refcode_4": "",
    "refcode_short": "CFF2 524",
    "refcode_long": "The Conditionalist Faith of Our Fathers, vol. 2, p. 524 (LeRoy Edwin Froom)",
    "element_type": "h4",
    "element_subtype": "",
    "content": "V. Hart-Goes to Very Heart of Provision of Immortality",
    "puborder": 2616,
    "translations": []
  },
  {
    "para_id": "955.3481",
    "id_prev": "955.3480",
    "id_next": "955.3484",
    "refcode_1": "CFF2",
    "refcode_2": "524",
    "refcode_3": "4",
    "refcode_4": "",
    "refcode_short": "CFF2 524.4",
    "refcode_long": "The Conditionalist Faith of Our Fathers, vol. 2, p. 524.4 (LeRoy Edwin Froom)",
    "element_type": "p",
    "element_subtype": "standard-indented",
    "content": "Well-trained laymen likewise made their contributions. One such was WILLIAM R. HART (fl. 1882), businessman of Philadelphia, who was also a Bible student of no mean attainments and a writer, one of his books being titled Eternal Purpose. To catch the caliber of his contributions, we will find it profitable to survey the high lights of his chapter eight in the same Symposium, The Life Everlasting. It deals with the basic principles of salvation and immortality. Deploring the negative character and speculative popular emphasis on the &ldquo;destiny of the lost,&rdquo; he presses on the reverse side-the &ldquo;positive&rdquo; and &ldquo;reciprocal&rdquo; relations between Christ and the saints, based upon their reception of His life. Then he observes:\n<br />&ldquo;The non-immortality of those who do not possess this life is a <span class=\"page-break\" data-page=\"525\"></span> corollary, and necessary result of the doctrine, but is by no means the substance of the doctrine itself.&rdquo; <sup class=\"footnote\"><a class=\"footnote\">24<span class=\"footnote\">24) William R. Hart, &ldquo;The Unity of the Faith,&rdquo; in Pettingell, The Life Everlasting, p. 655.</span></a></sup>",
    "puborder": 2617,
    "translations": []
  },
  {
    "para_id": "955.3484",
    "id_prev": "955.3481",
    "id_next": "955.3485",
    "refcode_1": "CFF2",
    "refcode_2": "525",
    "refcode_3": "",
    "refcode_4": "",
    "refcode_short": "CFF2 525",
    "refcode_long": "The Conditionalist Faith of Our Fathers, vol. 2, p. 525 (LeRoy Edwin Froom)",
    "element_type": "h5",
    "element_subtype": "",
    "content": "1. IMMORTALITY CENTERS IN PERSON OF CHRIST",
    "puborder": 2618,
    "translations": []
  },
  {
    "para_id": "955.3485",
    "id_prev": "955.3484",
    "id_next": "955.3486",
    "refcode_1": "CFF2",
    "refcode_2": "525",
    "refcode_3": "1",
    "refcode_4": "",
    "refcode_short": "CFF2 525.1",
    "refcode_long": "The Conditionalist Faith of Our Fathers, vol. 2, p. 525.1 (LeRoy Edwin Froom)",
    "element_type": "p",
    "element_subtype": "standard-indented",
    "content": "Contending that the Bible is &ldquo;not a compendium of abstract doctrine,&rdquo; but is rather the revelation of a &ldquo;Person&rdquo; in whom all truth centers, he states:\n<br />&ldquo;The truth concerning the Lord Jesus Christ is, therefore, the beginning of the Scripture doctrine of Immortality. All truth centres in Him. He is the Truth; that is to say, He is the personal, living embodiment of all that God has to say to His creatures. In Him all truth is harmonized, and each separate statement forms part of a resplendent and harmonious whole. It is just here that Christianity has missed the key to Revelation. Revelation is about Him, and all its disclosures centre in Him.&rdquo; <sup class=\"footnote\"><a class=\"footnote\">25<span class=\"footnote\">25) Ibid., p. 656.</span></a></sup>",
    "puborder": 2619,
    "translations": []
  },
  {
    "para_id": "955.3486",
    "id_prev": "955.3485",
    "id_next": "955.3487",
    "refcode_1": "CFF2",
    "refcode_2": "525",
    "refcode_3": "",
    "refcode_4": "",
    "refcode_short": "CFF2 525",
    "refcode_long": "The Conditionalist Faith of Our Fathers, vol. 2, p. 525 (LeRoy Edwin Froom)",
    "element_type": "h5",
    "element_subtype": "",
    "content": "2. THEOLOGIANS START FROM WRONG ASSUMPTION REGARDING IMMORTALITY",
    "puborder": 2620,
    "translations": []
  },
  {
    "para_id": "955.3487",
    "id_prev": "955.3486",
    "id_next": "955.3488",
    "refcode_1": "CFF2",
    "refcode_2": "525",
    "refcode_3": "2",
    "refcode_4": "",
    "refcode_short": "CFF2 525.2",
    "refcode_long": "The Conditionalist Faith of Our Fathers, vol. 2, p. 525.2 (LeRoy Edwin Froom)",
    "element_type": "p",
    "element_subtype": "standard-indented",
    "content": "Theologians, Hart says, have regrettably taken &ldquo;isolated statements,&rdquo; and have &ldquo;built up clashing and inconsistent theories.&rdquo; But &ldquo;their starting-point has been wrong; hence their exegesis and dogmatic induction have led to wrong results.&rdquo; <sup class=\"footnote\"><a class=\"footnote\">26<span class=\"footnote\">26) Ibid.</span></a></sup> That is why the various commentators are in conflict. Then he pinpoints his generalities:\n<br />&ldquo;The most fruitful source of error in this respect has been the assumption that the Bible history of man assumes his native and inherent immortality....",
    "puborder": 2621,
    "translations": []
  },
  {
    "para_id": "955.3488",
    "id_prev": "955.3487",
    "id_next": "955.3489",
    "refcode_1": "CFF2",
    "refcode_2": "525",
    "refcode_3": "3",
    "refcode_4": "",
    "refcode_short": "CFF2 525.3",
    "refcode_long": "The Conditionalist Faith of Our Fathers, vol. 2, p. 525.3 (LeRoy Edwin Froom)",
    "element_type": "p",
    "element_subtype": "standard-indented",
    "content": "&ldquo;The Unity of the Faith which centres in Him as the Life, as well as the Way and Truth, is shattered when immortality is claimed to be, instead of His possession and His gift, the inherent and inalienable possession of the creature.&rdquo; <sup class=\"footnote\"><a class=\"footnote\">27<span class=\"footnote\">27) Ibid.</span></a></sup>",
    "puborder": 2622,
    "translations": []
  },
  {
    "para_id": "955.3489",
    "id_prev": "955.3488",
    "id_next": "955.3492",
    "refcode_1": "CFF2",
    "refcode_2": "525",
    "refcode_3": "4",
    "refcode_4": "",
    "refcode_short": "CFF2 525.4",
    "refcode_long": "The Conditionalist Faith of Our Fathers, vol. 2, p. 525.4 (LeRoy Edwin Froom)",
    "element_type": "p",
    "element_subtype": "standard-indented",
    "content": "Such a misconception, Hart adds, changes the whole &ldquo;divine economy&rdquo; as regards atonement, God&rsquo;s sovereignty, faith, regeneration, and hope. All are radically affected. The &ldquo;popular doctrine of the Immortality of the Soul&rdquo; is the &ldquo;foundation&rdquo; of a &ldquo;heterogeneous religion,&rdquo; whereas the &ldquo;doctrine of Immortality derived from Christ only is the central fact in a homogeneous Christianity.&rdquo; In the former, the roots <span class=\"page-break\" data-page=\"526\"></span> are cut as to our &ldquo;common immortality,&rdquo; achieved through vital union between &ldquo;Christ and His saints,&rdquo; as revealed in the New Testament. <sup class=\"footnote\"><a class=\"footnote\">28<span class=\"footnote\">28) Ibid., pp. 656, 657.</span></a></sup>",
    "puborder": 2623,
    "translations": []
  },
  {
    "para_id": "955.3492",
    "id_prev": "955.3489",
    "id_next": "955.3493",
    "refcode_1": "CFF2",
    "refcode_2": "526",
    "refcode_3": "",
    "refcode_4": "",
    "refcode_short": "CFF2 526",
    "refcode_long": "The Conditionalist Faith of Our Fathers, vol. 2, p. 526 (LeRoy Edwin Froom)",
    "element_type": "h5",
    "element_subtype": "",
    "content": "3. DEITY, INCARNATION, AND RESURRECTION ARE BASIC",
    "puborder": 2624,
    "translations": []
  },
  {
    "para_id": "955.3493",
    "id_prev": "955.3492",
    "id_next": "955.3494",
    "refcode_1": "CFF2",
    "refcode_2": "526",
    "refcode_3": "1",
    "refcode_4": "",
    "refcode_short": "CFF2 526.1",
    "refcode_long": "The Conditionalist Faith of Our Fathers, vol. 2, p. 526.1 (LeRoy Edwin Froom)",
    "element_type": "p",
    "element_subtype": "standard-indented",
    "content": "Hart then sets forth three vital principles, or provisions, that undergird the entire question. We quote his introductory statement:\n<br />(1) &ldquo;The central fact in this Unity of the Faith is the essential Deity of the Lord Jesus Christ. Apart from this it is impossible to rightly understand the Scripture teaching concerning Immortality [God&rsquo;s redemptive work in manifesting Himself to His creatures].... This manifestation is made in a Person, through whom Immortality is conferred on the worthless and perishing. Now if this Person were less than God, He could not be the expression of God.... God only can be the absolute and complete expression of Himself.&rdquo; <sup class=\"footnote\"><a class=\"footnote\">29<span class=\"footnote\">29) Ibid., p. 657.</span></a></sup>",
    "puborder": 2625,
    "translations": []
  },
  {
    "para_id": "955.3494",
    "id_prev": "955.3493",
    "id_next": "955.3495",
    "refcode_1": "CFF2",
    "refcode_2": "526",
    "refcode_3": "2",
    "refcode_4": "",
    "refcode_short": "CFF2 526.2",
    "refcode_long": "The Conditionalist Faith of Our Fathers, vol. 2, p. 526.2 (LeRoy Edwin Froom)",
    "element_type": "p",
    "element_subtype": "standard-indented",
    "content": "He is all the &ldquo;fulness of the Godhead.&rdquo;",
    "puborder": 2626,
    "translations": []
  },
  {
    "para_id": "955.3495",
    "id_prev": "955.3494",
    "id_next": "955.3496",
    "refcode_1": "CFF2",
    "refcode_2": "526",
    "refcode_3": "3",
    "refcode_4": "",
    "refcode_short": "CFF2 526.3",
    "refcode_long": "The Conditionalist Faith of Our Fathers, vol. 2, p. 526.3 (LeRoy Edwin Froom)",
    "element_type": "p",
    "element_subtype": "standard-indented",
    "content": "(2) &ldquo;The next essential element in this Unity is that God became Man,&rdquo; humbling Himself, not only by taking the form of a man but by becoming obedient to death, even the &ldquo;death of the cross.&rdquo; <sup class=\"footnote\"><a class=\"footnote\">30<span class=\"footnote\">30) Ibid.</span></a></sup>",
    "puborder": 2627,
    "translations": []
  },
  {
    "para_id": "955.3496",
    "id_prev": "955.3495",
    "id_next": "955.3497",
    "refcode_1": "CFF2",
    "refcode_2": "526",
    "refcode_3": "4",
    "refcode_4": "",
    "refcode_short": "CFF2 526.4",
    "refcode_long": "The Conditionalist Faith of Our Fathers, vol. 2, p. 526.4 (LeRoy Edwin Froom)",
    "element_type": "p",
    "element_subtype": "standard-indented",
    "content": "(3) &ldquo;The third essential is Resurrection.&rdquo; Christ Jesus, the &ldquo;Second Man,&rdquo; successfully met every test &ldquo;imposed upon Him.&rdquo; He &ldquo;lived, suffered, and died.&rdquo; He went down into death. &ldquo;One sin would have kept Him there, but His perfect victory was demonstrated by His resurrection from the dead.&rdquo; <sup class=\"footnote\"><a class=\"footnote\">31<span class=\"footnote\">31) Ibid., pp. 657, 658.</span></a></sup> This exaltation demonstrated His &ldquo;Essential Immortality.&rdquo; And in &ldquo;fulfillment of the Divine Purpose&rdquo; the &ldquo;gift of Immortality&mdash;the resurrection life of the Man Jesus Christ&mdash;is imparted to other men.&rdquo; &ldquo;They are one body, because they have a common life.&rdquo; And &ldquo;this life is deathless&rdquo; and &ldquo;incorruptible&rdquo;&mdash;&ldquo;words never applied to men out of Christ.&rdquo; <sup class=\"footnote\"><a class=\"footnote\">32<span class=\"footnote\">32) Ibid., p. 658.</span></a></sup>",
    "puborder": 2628,
    "translations": []
  },
  {
    "para_id": "955.3497",
    "id_prev": "955.3496",
    "id_next": "955.3498",
    "refcode_1": "CFF2",
    "refcode_2": "526",
    "refcode_3": "",
    "refcode_4": "",
    "refcode_short": "CFF2 526",
    "refcode_long": "The Conditionalist Faith of Our Fathers, vol. 2, p. 526 (LeRoy Edwin Froom)",
    "element_type": "h5",
    "element_subtype": "",
    "content": "4. PAUL&rsquo;S EMPHASIS ON GRACE, ATONEMENT, LIFE",
    "puborder": 2629,
    "translations": []
  },
  {
    "para_id": "955.3498",
    "id_prev": "955.3497",
    "id_next": "955.3501",
    "refcode_1": "CFF2",
    "refcode_2": "526",
    "refcode_3": "5",
    "refcode_4": "",
    "refcode_short": "CFF2 526.5",
    "refcode_long": "The Conditionalist Faith of Our Fathers, vol. 2, p. 526.5 (LeRoy Edwin Froom)",
    "element_type": "p",
    "element_subtype": "standard-indented",
    "content": "And running all through the Pauline Epistles is a &ldquo;triple cord of truth, viz., Grace, Atonement, Life.&rdquo; &ldquo;Grace is the sovereign, unpurchaseable, <span class=\"page-break\" data-page=\"527\"></span> unchangeable love of God which saves, immortalizes, and exalts helpless and worthless sinners.&rdquo; <sup class=\"footnote\"><a class=\"footnote\">33<span class=\"footnote\">33) Ibid., p. 658,659.</span></a></sup> It is &ldquo;defined in the words, The gift of God is eternal life.&rdquo; A gift must by its very nature be gratis-bestowed through the Son upon those whose names are &ldquo;catalogued in the &lsquo;Lamb&rsquo;s Book of Life.&rsquo;&rdquo; <sup class=\"footnote\"><a class=\"footnote\">34<span class=\"footnote\">34) Ibid., p. 659.</span></a></sup>",
    "puborder": 2630,
    "translations": []
  },
  {
    "para_id": "955.3501",
    "id_prev": "955.3498",
    "id_next": "955.3502",
    "refcode_1": "CFF2",
    "refcode_2": "527",
    "refcode_3": "1",
    "refcode_4": "",
    "refcode_short": "CFF2 527.1",
    "refcode_long": "The Conditionalist Faith of Our Fathers, vol. 2, p. 527.1 (LeRoy Edwin Froom)",
    "element_type": "p",
    "element_subtype": "standard-indented",
    "content": "&ldquo;From this very sovereignty springs the freedom of grace&rdquo; &mdash;the gift of &ldquo;eternal life.&rdquo; What God gives He gives freely, absolutely. Its &ldquo;conscious reception&rdquo; is brought about simply by believing God&rsquo;s &ldquo;message about the free gift.&rdquo; And the &ldquo;consciousness of reception is not until after the gift has been bestowed and received. The believing is the first function of the new life.&rdquo; <sup class=\"footnote\"><a class=\"footnote\">35<span class=\"footnote\">35) Ibid.</span></a></sup>",
    "puborder": 2631,
    "translations": []
  },
  {
    "para_id": "955.3502",
    "id_prev": "955.3501",
    "id_next": "955.3503",
    "refcode_1": "CFF2",
    "refcode_2": "527",
    "refcode_3": "2",
    "refcode_4": "",
    "refcode_short": "CFF2 527.2",
    "refcode_long": "The Conditionalist Faith of Our Fathers, vol. 2, p. 527.2 (LeRoy Edwin Froom)",
    "element_type": "p",
    "element_subtype": "standard-indented",
    "content": "&ldquo;But before the object of Grace can become its subject,before immortality can be bestowed,&mdash;sin must have been taken out of the way.&rdquo; This was effected by the atoning work of the cross. &ldquo;The Son of God hung there, under the frown of Infinite Justice.&rdquo; There &ldquo;infinite Wisdom and Mercy&rdquo; met. <sup class=\"footnote\"><a class=\"footnote\">36<span class=\"footnote\">36) Ibid.</span></a></sup> &ldquo;The penalty of sin descended upon His head.&rdquo; And &ldquo;the believer is not only reckoned of God as having died with Christ, but he is also risen with Him. As thus risen, and only because he has thus risen, he possesses Eternal Life.&rdquo; &ldquo;Its source is the Second Adam, the immortalized Man,&rdquo; who hath &ldquo;&lsquo;life in Himself.&rsquo;&rdquo; <sup class=\"footnote\"><a class=\"footnote\">37<span class=\"footnote\">37) Ibid., p. 660.</span></a></sup>",
    "puborder": 2632,
    "translations": []
  },
  {
    "para_id": "955.3503",
    "id_prev": "955.3502",
    "id_next": "955.3504",
    "refcode_1": "CFF2",
    "refcode_2": "527",
    "refcode_3": "",
    "refcode_4": "",
    "refcode_short": "CFF2 527",
    "refcode_long": "The Conditionalist Faith of Our Fathers, vol. 2, p. 527 (LeRoy Edwin Froom)",
    "element_type": "h5",
    "element_subtype": "",
    "content": "5. THE ULTIMATE DESTRUCTION OF ALL EVIL",
    "puborder": 2633,
    "translations": []
  },
  {
    "para_id": "955.3504",
    "id_prev": "955.3503",
    "id_next": "955.3505",
    "refcode_1": "CFF2",
    "refcode_2": "527",
    "refcode_3": "3",
    "refcode_4": "",
    "refcode_short": "CFF2 527.3",
    "refcode_long": "The Conditionalist Faith of Our Fathers, vol. 2, p. 527.3 (LeRoy Edwin Froom)",
    "element_type": "p",
    "element_subtype": "standard-indented",
    "content": "&ldquo;Finally,&rdquo; Hart adds, &ldquo;the doctrine [Life Only in Christ] teaches the ultimate destruction of all Evil. Nothing is Eternal but Good.&rdquo; The reconstituted universe will be headed up in Christ. The last enemy will be &ldquo;destroyed.&rdquo; In the new heavens and the new earth there will be no more sorrow, pain, or death. &ldquo;The saints will be with and like Christ&rdquo; to all eternity. <sup class=\"footnote\"><a class=\"footnote\">38<span class=\"footnote\">38) Ibid., p. 662.</span></a></sup>",
    "puborder": 2634,
    "translations": []
  },
  {
    "para_id": "955.3505",
    "id_prev": "955.3504",
    "id_next": "955.3506",
    "refcode_1": "CFF2",
    "refcode_2": "527",
    "refcode_3": "",
    "refcode_4": "",
    "refcode_short": "CFF2 527",
    "refcode_long": "The Conditionalist Faith of Our Fathers, vol. 2, p. 527 (LeRoy Edwin Froom)",
    "element_type": "h5",
    "element_subtype": "",
    "content": "6. WEIGH THE TWO SYSTEMS-CHOOSE THE TRUE",
    "puborder": 2635,
    "translations": []
  },
  {
    "para_id": "955.3506",
    "id_prev": "955.3505",
    "id_next": "955.3509",
    "refcode_1": "CFF2",
    "refcode_2": "527",
    "refcode_3": "4",
    "refcode_4": "",
    "refcode_short": "CFF2 527.4",
    "refcode_long": "The Conditionalist Faith of Our Fathers, vol. 2, p. 527.4 (LeRoy Edwin Froom)",
    "element_type": "p",
    "element_subtype": "standard-indented",
    "content": "Contrast all this, Hart appeals in his conclusion, with the theory <span class=\"page-break\" data-page=\"528\"></span> that man is innately &ldquo;immortal,&rdquo; that &ldquo;Evil is eternal,&rdquo; and that &ldquo;the death of Christ is but the partial remedy, for the great misfortune that befell the Universe when Evil began to be&rdquo;&mdash;and that, &ldquo;notwithstanding this mighty sacrifice, countless millions must suffer in hell forever.&rdquo; <sup class=\"footnote\"><a class=\"footnote\">39<span class=\"footnote\">39) Ibid., p. 663.</span></a></sup> Which of the two positions, he asks, is in harmony with the witness of Scripture? He believes there is but one answer&mdash;let God be true.",
    "puborder": 2636,
    "translations": []
  }
]