[
  {
    "para_id": "955.6190",
    "id_prev": "955.6188",
    "id_next": "955.6191",
    "refcode_1": "CFF2",
    "refcode_2": "875",
    "refcode_3": "",
    "refcode_4": "",
    "refcode_short": "CFF2 875",
    "refcode_long": "The Conditionalist Faith of Our Fathers, vol. 2, p. 875 (LeRoy Edwin Froom)",
    "element_type": "h4",
    "element_subtype": "",
    "content": "VI. Lutheran Kantonen-No Inherent Capacity to Overleap Tomb",
    "puborder": 4757,
    "translations": []
  },
  {
    "para_id": "955.6191",
    "id_prev": "955.6190",
    "id_next": "955.6192",
    "refcode_1": "CFF2",
    "refcode_2": "875",
    "refcode_3": "1",
    "refcode_4": "",
    "refcode_short": "CFF2 875.1",
    "refcode_long": "The Conditionalist Faith of Our Fathers, vol. 2, p. 875.1 (LeRoy Edwin Froom)",
    "element_type": "p",
    "element_subtype": "standard-indented",
    "content": "One of the ablest recent books in this field to appear in America was written by Dr. TAITO A. KANTONEN, <sup class=\"footnote\"><a class=\"footnote\">33<span class=\"footnote\">33) TAITO A. KANTONEN (1900-), Lutheran, trained at Minnesota. Harvard, and Boston. After twelve years of pastoral work in 1932 he became professor of systematic theology, Hamma Divinity School. He is author of five volumes.</span></a></sup> professor of systematic theology in the Lutheran Hamma Divinity School, of Springfield, Ohio. It is titled The Christian Hope, and was first given as the Knubel-Miller Foundation Lectures. Taking the position that &ldquo;Christian eschatology&rdquo; rests squarely upon &ldquo;Christology,&rdquo; Kantonen says that this is &ldquo;the key to all other doctrines.&rdquo; <sup class=\"footnote\"><a class=\"footnote\">34<span class=\"footnote\">34 T. A. Kantonen, The Christian Hope, p. 2.</span></a></sup> Discussing the &ldquo;hope&rdquo; in the Old and New Testaments, and the nature and destiny of the soul, Kantonen refers with conviction to the &ldquo;risen Christ&rdquo; as &ldquo;the constant pivot of the Christian message, the living center of the Christian hope.&rdquo; <sup class=\"footnote\"><a class=\"footnote\">35<span class=\"footnote\">35) Ibid., p. 16.</span></a></sup> (Photo on page 871.)",
    "puborder": 4758,
    "translations": []
  },
  {
    "para_id": "955.6192",
    "id_prev": "955.6191",
    "id_next": "955.6193",
    "refcode_1": "CFF2",
    "refcode_2": "875",
    "refcode_3": "",
    "refcode_4": "",
    "refcode_short": "CFF2 875",
    "refcode_long": "The Conditionalist Faith of Our Fathers, vol. 2, p. 875 (LeRoy Edwin Froom)",
    "element_type": "h5",
    "element_subtype": "",
    "content": "1. HISTORICAL VICISSITUDES OF THE &ldquo;HOPE.&rdquo;",
    "puborder": 4759,
    "translations": []
  },
  {
    "para_id": "955.6193",
    "id_prev": "955.6192",
    "id_next": "955.6194",
    "refcode_1": "CFF2",
    "refcode_2": "875",
    "refcode_3": "2",
    "refcode_4": "",
    "refcode_short": "CFF2 875.2",
    "refcode_long": "The Conditionalist Faith of Our Fathers, vol. 2, p. 875.2 (LeRoy Edwin Froom)",
    "element_type": "p",
    "element_subtype": "standard-indented",
    "content": "Coming now to the &ldquo;Hope in the Thought of the Church,&rdquo; Dr. Kantonen makes this arresting statement:",
    "puborder": 4760,
    "translations": []
  },
  {
    "para_id": "955.6194",
    "id_prev": "955.6193",
    "id_next": "955.6195",
    "refcode_1": "CFF2",
    "refcode_2": "875",
    "refcode_3": "3",
    "refcode_4": "",
    "refcode_short": "CFF2 875.3",
    "refcode_long": "The Conditionalist Faith of Our Fathers, vol. 2, p. 875.3 (LeRoy Edwin Froom)",
    "element_type": "p",
    "element_subtype": "standard-indented",
    "content": "&ldquo;The influence of Hellenic philosophy, represented by the Alexandrian fathers in particular, tended to spiritualize eschatology into a continuing inner purification and immortality of the soul.&rdquo; <sup class=\"footnote\"><a class=\"footnote\">36<span class=\"footnote\">36) Ibid., p. 20.</span></a></sup>",
    "puborder": 4761,
    "translations": []
  },
  {
    "para_id": "955.6195",
    "id_prev": "955.6194",
    "id_next": "955.6197",
    "refcode_1": "CFF2",
    "refcode_2": "875",
    "refcode_3": "4",
    "refcode_4": "",
    "refcode_short": "CFF2 875.4",
    "refcode_long": "The Conditionalist Faith of Our Fathers, vol. 2, p. 875.4 (LeRoy Edwin Froom)",
    "element_type": "p",
    "element_subtype": "standard-indented",
    "content": "Nevertheless, the apostolic emphasis was retained in the creeds at Nicea and Constantinople-namely, &ldquo;the resurrection of the dead and the life of the world to come.&rdquo; But Augustine came to identify the present church with the &ldquo;kingdom of God&rdquo; and the &ldquo;millennial reign.&rdquo; The resurrection was already taking place, for the new life was being &ldquo;obtained through the gospel.&rdquo; This, Kantonen adds, &ldquo;exerted tremendous influence upon the growth of the medieval papacy.&rdquo; This put the &ldquo;hope&rdquo; into an &ldquo;eclipse.&rdquo; And along with these developments arose the sacrifice of the mass, and Catholicism&rsquo;s &ldquo;teaching on purgatory.&rdquo; <sup class=\"footnote\"><a class=\"footnote\">37<span class=\"footnote\">37) Ibid., p. 21.</span></a></sup> But this was followed by the Reformation, with its restorations and rejections. This involved man&rsquo;s nature and destiny.",
    "puborder": 4762,
    "translations": []
  },
  {
    "para_id": "955.6197",
    "id_prev": "955.6195",
    "id_next": "955.6198",
    "refcode_1": "CFF2",
    "refcode_2": "876",
    "refcode_3": "1",
    "refcode_4": "",
    "refcode_short": "CFF2 876.1",
    "refcode_long": "The Conditionalist Faith of Our Fathers, vol. 2, p. 876.1 (LeRoy Edwin Froom)",
    "element_type": "p",
    "element_subtype": "standard-indented",
    "content": "&ldquo;The Reformation marks the beginning of a new epoch also in Christian eschatology. In restoring the gospel, Luther restored also the perspective of eternity....",
    "puborder": 4763,
    "translations": []
  },
  {
    "para_id": "955.6198",
    "id_prev": "955.6197",
    "id_next": "955.6199",
    "refcode_1": "CFF2",
    "refcode_2": "876",
    "refcode_3": "2",
    "refcode_4": "",
    "refcode_short": "CFF2 876.2",
    "refcode_long": "The Conditionalist Faith of Our Fathers, vol. 2, p. 876.2 (LeRoy Edwin Froom)",
    "element_type": "p",
    "element_subtype": "standard-indented",
    "content": "&ldquo;Rejecting purgatory, he [Luther] taught that man&rsquo;s destiny, eternal life or eternal damnation, would be decided on the last day on the basis of his personal relation to Christ in the present time of grace.&rdquo; <sup class=\"footnote\"><a class=\"footnote\">38<span class=\"footnote\">38) Ibid.</span></a></sup>",
    "puborder": 4764,
    "translations": []
  },
  {
    "para_id": "955.6199",
    "id_prev": "955.6198",
    "id_next": "955.6200",
    "refcode_1": "CFF2",
    "refcode_2": "876",
    "refcode_3": "3",
    "refcode_4": "",
    "refcode_short": "CFF2 876.3",
    "refcode_long": "The Conditionalist Faith of Our Fathers, vol. 2, p. 876.3 (LeRoy Edwin Froom)",
    "element_type": "p",
    "element_subtype": "standard-indented",
    "content": "&ldquo;The end of the world, the last judgment, and the resurrection adds little to the content of the Christian hope beyond uniting the soul to its resurrected body.&rdquo; <sup class=\"footnote\"><a class=\"footnote\">39<span class=\"footnote\">39) Ibid., p. 22.</span></a></sup>",
    "puborder": 4765,
    "translations": []
  },
  {
    "para_id": "955.6200",
    "id_prev": "955.6199",
    "id_next": "955.6201",
    "refcode_1": "CFF2",
    "refcode_2": "876",
    "refcode_3": "",
    "refcode_4": "",
    "refcode_short": "CFF2 876",
    "refcode_long": "The Conditionalist Faith of Our Fathers, vol. 2, p. 876 (LeRoy Edwin Froom)",
    "element_type": "h5",
    "element_subtype": "",
    "content": "2. THREE SCHOOLS DEVELOP AS TO ESCHATOLOGY",
    "puborder": 4766,
    "translations": []
  },
  {
    "para_id": "955.6201",
    "id_prev": "955.6200",
    "id_next": "955.6202",
    "refcode_1": "CFF2",
    "refcode_2": "876",
    "refcode_3": "4",
    "refcode_4": "",
    "refcode_short": "CFF2 876.4",
    "refcode_long": "The Conditionalist Faith of Our Fathers, vol. 2, p. 876.4 (LeRoy Edwin Froom)",
    "element_type": "p",
    "element_subtype": "standard-indented",
    "content": "The rationalistic &ldquo;Age of Enlightenment&rdquo; marked a return in interest to the &ldquo;history of the race&rdquo; and the &ldquo;present world.&rdquo; But it was accompanied by a &ldquo;secularization of the kingdom of God&rdquo; and a &ldquo;weakening of specifically Christian hope.&rdquo; However, today eschatology is coming into its own as embracing the &ldquo;essence of the Christian message.&rdquo; Three trends have developed. One is the &ldquo;futuristic trend.&rdquo; The second looks to &ldquo;present fulfilment rather than future expectation&rdquo;&mdash;&ldquo;realized eschatology.&rdquo; The third refuses the &ldquo;simple alternatives of present or future,&rdquo; but seeks to combine &ldquo;both aspects.&rdquo; <sup class=\"footnote\"><a class=\"footnote\">40<span class=\"footnote\">40) Ibid., pp. 22-26.</span></a></sup> For this Kantonen mentions Althaus, Otto, Heim, and Tillich. That brings Kantonen to his basic discussion.",
    "puborder": 4767,
    "translations": []
  },
  {
    "para_id": "955.6202",
    "id_prev": "955.6201",
    "id_next": "955.6203",
    "refcode_1": "CFF2",
    "refcode_2": "876",
    "refcode_3": "",
    "refcode_4": "",
    "refcode_short": "CFF2 876",
    "refcode_long": "The Conditionalist Faith of Our Fathers, vol. 2, p. 876 (LeRoy Edwin Froom)",
    "element_type": "h5",
    "element_subtype": "",
    "content": "3. PAGANISM PENETRATES CHURCH IN FORMATIVE PERIOD. -",
    "puborder": 4768,
    "translations": []
  },
  {
    "para_id": "955.6203",
    "id_prev": "955.6202",
    "id_next": "955.6204",
    "refcode_1": "CFF2",
    "refcode_2": "876",
    "refcode_3": "5",
    "refcode_4": "",
    "refcode_short": "CFF2 876.5",
    "refcode_long": "The Conditionalist Faith of Our Fathers, vol. 2, p. 876.5 (LeRoy Edwin Froom)",
    "element_type": "p",
    "element_subtype": "standard-indented",
    "content": "In chapter 2 (&ldquo;If a Man Die&rdquo;) Kantonen says, concerning job&rsquo;s classic question: &ldquo;The state of man after death has been the object of endless speculation, philosophical and religious, scientific and popular.&rdquo; <sup class=\"footnote\"><a class=\"footnote\">41<span class=\"footnote\">41) Ibid., p. 27.</span></a></sup>",
    "puborder": 4769,
    "translations": []
  },
  {
    "para_id": "955.6204",
    "id_prev": "955.6203",
    "id_next": "955.6205",
    "refcode_1": "CFF2",
    "refcode_2": "876",
    "refcode_3": "6",
    "refcode_4": "",
    "refcode_short": "CFF2 876.6",
    "refcode_long": "The Conditionalist Faith of Our Fathers, vol. 2, p. 876.6 (LeRoy Edwin Froom)",
    "element_type": "p",
    "element_subtype": "standard-indented",
    "content": "Christian theology has, alas, gone beyond the &ldquo;boundaries of revelation&rdquo; and has incorporated &ldquo;elements drawn from non-Christian sources&rdquo;&mdash;pagan Animism and Platonism. <sup class=\"footnote\"><a class=\"footnote\">42<span class=\"footnote\">42) Ibid.</span></a></sup> Here is Kantonen&rsquo;s depiction of Platonism&rsquo;s penetration and establishment as a dogma, just before the Reformation:",
    "puborder": 4770,
    "translations": []
  },
  {
    "para_id": "955.6205",
    "id_prev": "955.6204",
    "id_next": "955.6208",
    "refcode_1": "CFF2",
    "refcode_2": "876",
    "refcode_3": "7",
    "refcode_4": "",
    "refcode_short": "CFF2 876.7",
    "refcode_long": "The Conditionalist Faith of Our Fathers, vol. 2, p. 876.7 (LeRoy Edwin Froom)",
    "element_type": "p",
    "element_subtype": "standard-indented",
    "content": "&ldquo;Primitive animism with its notion of a detachable ghost-soul which continues after death to lead a shadowy existence and to enter interaction with the living still underlies much of popular religious thinking on the subject. More important and influential from the theological point <span class=\"page-break\" data-page=\"877\"></span> of view is the Greek idea of the immortality of the soul which found its classical formulation in Plato&rsquo;s dialogues four centuries before Christ. Since Platonism furnished the sublimest thought forms for the formative period of Christian theology, it is not surprising that many of the Fathers identified the Christian doctrine of eternal life with Platonic immortality and that finally the Fifth Lateran Council (1512-17) adopted it as a dogma of the church.&rdquo; <sup class=\"footnote\"><a class=\"footnote\">43<span class=\"footnote\">43) Ibid.</span></a></sup>",
    "puborder": 4771,
    "translations": []
  },
  {
    "para_id": "955.6208",
    "id_prev": "955.6205",
    "id_next": "955.6209",
    "refcode_1": "CFF2",
    "refcode_2": "877",
    "refcode_3": "1",
    "refcode_4": "",
    "refcode_short": "CFF2 877.1",
    "refcode_long": "The Conditionalist Faith of Our Fathers, vol. 2, p. 877.1 (LeRoy Edwin Froom)",
    "element_type": "p",
    "element_subtype": "standard-indented",
    "content": "And added to this, Kantonen says, &ldquo;Zoroastrian dualism with its eternal separation of the kingdoms of light and of darkness and its legalistic rewards and punishments&rdquo;&mdash;and even &ldquo;Hindu ideas of retribution and transmigration&rdquo; <sup class=\"footnote\"><a class=\"footnote\">44<span class=\"footnote\">44) Ibid., pp 27, 28.</span></a></sup>found lodgment.",
    "puborder": 4772,
    "translations": []
  },
  {
    "para_id": "955.6209",
    "id_prev": "955.6208",
    "id_next": "955.6210",
    "refcode_1": "CFF2",
    "refcode_2": "877",
    "refcode_3": "",
    "refcode_4": "",
    "refcode_short": "CFF2 877",
    "refcode_long": "The Conditionalist Faith of Our Fathers, vol. 2, p. 877 (LeRoy Edwin Froom)",
    "element_type": "h5",
    "element_subtype": "",
    "content": "4. GREEK VIEW &ldquo;ENTIRELY FOREIGN&rdquo; TO &ldquo;BIBLE&rdquo; POSITION",
    "puborder": 4773,
    "translations": []
  },
  {
    "para_id": "955.6210",
    "id_prev": "955.6209",
    "id_next": "955.6211",
    "refcode_1": "CFF2",
    "refcode_2": "877",
    "refcode_3": "2",
    "refcode_4": "",
    "refcode_short": "CFF2 877.2",
    "refcode_long": "The Conditionalist Faith of Our Fathers, vol. 2, p. 877.2 (LeRoy Edwin Froom)",
    "element_type": "p",
    "element_subtype": "standard-indented",
    "content": "Turning to the relationship of &ldquo;Soul and Body&rdquo; and the subversive influence of Platonism in this area, Kantonen says of this foreign influence:",
    "puborder": 4774,
    "translations": []
  },
  {
    "para_id": "955.6211",
    "id_prev": "955.6210",
    "id_next": "955.6212",
    "refcode_1": "CFF2",
    "refcode_2": "877",
    "refcode_3": "3",
    "refcode_4": "",
    "refcode_short": "CFF2 877.3",
    "refcode_long": "The Conditionalist Faith of Our Fathers, vol. 2, p. 877.3 (LeRoy Edwin Froom)",
    "element_type": "p",
    "element_subtype": "standard-indented",
    "content": "&ldquo;It has been characteristic of Western thought ever since Plato to distinguish sharply between the soul and the body. The body is supposed to be composed of matter, and the soul of spirit. The body is a prison from which the soul is liberated at death to carry on its own proper nonphysical existence. Because of its immaterial spiritual nature the soul has been considered indestructible. Hence the question of life after death has been the question of demonstrating the immortality, the deathdefying capacity, of the soul. The body is of little consequence.",
    "puborder": 4775,
    "translations": []
  },
  {
    "para_id": "955.6212",
    "id_prev": "955.6211",
    "id_next": "955.6213",
    "refcode_1": "CFF2",
    "refcode_2": "877",
    "refcode_3": "4",
    "refcode_4": "",
    "refcode_short": "CFF2 877.4",
    "refcode_long": "The Conditionalist Faith of Our Fathers, vol. 2, p. 877.4 (LeRoy Edwin Froom)",
    "element_type": "p",
    "element_subtype": "standard-indented",
    "content": "&ldquo;This way of thinking is entirely foreign to the Bible. True to Scripture and definitely rejecting the Greek view, the Christian creed says, not &lsquo;I believe in the immortality of the soul,&rsquo; but &lsquo;I believe in the resurrection of the body.&rsquo;&rdquo; <sup class=\"footnote\"><a class=\"footnote\">45<span class=\"footnote\">45) Ibid., p. 28. (Italics supplied.)</span></a></sup>",
    "puborder": 4776,
    "translations": []
  },
  {
    "para_id": "955.6213",
    "id_prev": "955.6212",
    "id_next": "955.6214",
    "refcode_1": "CFF2",
    "refcode_2": "877",
    "refcode_3": "5",
    "refcode_4": "",
    "refcode_short": "CFF2 877.5",
    "refcode_long": "The Conditionalist Faith of Our Fathers, vol. 2, p. 877.5 (LeRoy Edwin Froom)",
    "element_type": "p",
    "element_subtype": "standard-indented",
    "content": "The &ldquo;body,&rdquo; Kantonen adds, is a &ldquo;necessary instrument of human living.&rdquo; Then he remarks, &ldquo;The soul is not a separate part of man, constituting a substance of its own.&rdquo; <sup class=\"footnote\"><a class=\"footnote\">46<span class=\"footnote\">46) Ibid., p. 29.</span></a></sup> And he cites Prof. A. Nikolainen, of Helsinki, that &ldquo;man is an indivisible whole.&rdquo; <sup class=\"footnote\"><a class=\"footnote\">47<span class=\"footnote\">47) Ibid., p. 30.</span></a></sup>",
    "puborder": 4777,
    "translations": []
  },
  {
    "para_id": "955.6214",
    "id_prev": "955.6213",
    "id_next": "955.6215",
    "refcode_1": "CFF2",
    "refcode_2": "877",
    "refcode_3": "",
    "refcode_4": "",
    "refcode_short": "CFF2 877",
    "refcode_long": "The Conditionalist Faith of Our Fathers, vol. 2, p. 877 (LeRoy Edwin Froom)",
    "element_type": "h5",
    "element_subtype": "",
    "content": "5. EXISTENCE AFTER DEATH ONLY BY RESURRECTION",
    "puborder": 4778,
    "translations": []
  },
  {
    "para_id": "955.6215",
    "id_prev": "955.6214",
    "id_next": "955.6218",
    "refcode_1": "CFF2",
    "refcode_2": "877",
    "refcode_3": "6",
    "refcode_4": "",
    "refcode_short": "CFF2 877.6",
    "refcode_long": "The Conditionalist Faith of Our Fathers, vol. 2, p. 877.6 (LeRoy Edwin Froom)",
    "element_type": "p",
    "element_subtype": "standard-indented",
    "content": "Considering next the subject &ldquo;Death,&rdquo; Kantonen cites the Animist and Platonic views, with their concepts of the &ldquo;protracted existence of the departed soul in a disembodied state.&rdquo; <span class=\"page-break\" data-page=\"878\"></span> There is also the concept that &ldquo;death is not a state but an event, not a condition but a transition.&rdquo; <sup class=\"footnote\"><a class=\"footnote\">48<span class=\"footnote\">48) Ibid., pp. 31, 32.</span></a></sup> He then cites Paul Althaus, Die Letzten Dinge, page 126, as soundly saying: &ldquo;Death is more than a departure of the soul from the body. The whole person, body and soul, is involved in death.&rsquo;&rdquo; <sup class=\"footnote\"><a class=\"footnote\">49<span class=\"footnote\">49) Ibid., p. 33.</span></a></sup>",
    "puborder": 4779,
    "translations": []
  },
  {
    "para_id": "955.6218",
    "id_prev": "955.6215",
    "id_next": "955.6219",
    "refcode_1": "CFF2",
    "refcode_2": "878",
    "refcode_3": "1",
    "refcode_4": "",
    "refcode_short": "CFF2 878.1",
    "refcode_long": "The Conditionalist Faith of Our Fathers, vol. 2, p. 878.1 (LeRoy Edwin Froom)",
    "element_type": "p",
    "element_subtype": "standard-indented",
    "content": "Kantonen adds, quoting further from Althaus <sup class=\"footnote\"><a class=\"footnote\">50<span class=\"footnote\">50) PAUL ALTHAUS Lutheran studied at Gottingen z Tübingen, and Hannover. After a chaplaincy he taught at &lsquo;Rostock 1920-1925 and since 1425 has been professor of New Testament theology at Erlangen. A specialist in dogmatic theology and ethics, he is author of nine major volumes, the chiefest being Die Letzten Dinge (5th ed., 1949)</span></a></sup>",
    "puborder": 4780,
    "translations": []
  },
  {
    "para_id": "955.6219",
    "id_prev": "955.6218",
    "id_next": "955.6220",
    "refcode_1": "CFF2",
    "refcode_2": "878",
    "refcode_3": "2",
    "refcode_4": "",
    "refcode_short": "CFF2 878.2",
    "refcode_long": "The Conditionalist Faith of Our Fathers, vol. 2, p. 878.2 (LeRoy Edwin Froom)",
    "element_type": "p",
    "element_subtype": "standard-indented",
    "content": "&ldquo;&lsquo;The Christian faith knows nothing about an immortality of the person. That would mean a denial of death, not recognizing it as judgment of God. It knows only an awakening from real death through the power of God. There is existence after death only by way of awakening, resurrection.&rsquo;&rdquo; <sup class=\"footnote\"><a class=\"footnote\">51<span class=\"footnote\">51) Kantonen, op. cit., p. 33.</span></a></sup>",
    "puborder": 4781,
    "translations": []
  },
  {
    "para_id": "955.6220",
    "id_prev": "955.6219",
    "id_next": "955.6221",
    "refcode_1": "CFF2",
    "refcode_2": "878",
    "refcode_3": "3",
    "refcode_4": "",
    "refcode_short": "CFF2 878.3",
    "refcode_long": "The Conditionalist Faith of Our Fathers, vol. 2, p. 878.3 (LeRoy Edwin Froom)",
    "element_type": "p",
    "element_subtype": "standard-indented",
    "content": "And now Kantonen continues with the clear statement:\n<br />&ldquo;There is no immortality of the soul but a resurrection of the whole person, body and soul, from death. The only immortality which the Bible recognizes is the immortality of a personal relationship with God in Christ.&rdquo; <sup class=\"footnote\"><a class=\"footnote\">52<span class=\"footnote\">52) Ibid. (Italics supplied.)</span></a></sup>",
    "puborder": 4782,
    "translations": []
  },
  {
    "para_id": "955.6221",
    "id_prev": "955.6220",
    "id_next": "955.6222",
    "refcode_1": "CFF2",
    "refcode_2": "878",
    "refcode_3": "",
    "refcode_4": "",
    "refcode_short": "CFF2 878",
    "refcode_long": "The Conditionalist Faith of Our Fathers, vol. 2, p. 878 (LeRoy Edwin Froom)",
    "element_type": "h5",
    "element_subtype": "",
    "content": "6. &ldquo;SOUL&rdquo; IS &ldquo;DESTRUCTIBLE&rdquo; AS WELL AS &ldquo;BODY.&rdquo;",
    "puborder": 4783,
    "translations": []
  },
  {
    "para_id": "955.6222",
    "id_prev": "955.6221",
    "id_next": "955.6223",
    "refcode_1": "CFF2",
    "refcode_2": "878",
    "refcode_3": "4",
    "refcode_4": "",
    "refcode_short": "CFF2 878.4",
    "refcode_long": "The Conditionalist Faith of Our Fathers, vol. 2, p. 878.4 (LeRoy Edwin Froom)",
    "element_type": "p",
    "element_subtype": "standard-indented",
    "content": "Contending that God can destroy as well as resurrect, Kantonen says the Innate Immortality concept has supplanted the Scripture testimony on the destructibility of the soul:\n<br />&ldquo;The Bible does not distinguish between man and the beasts on the ground that man has an immortal soul while the beasts do not. Men, beasts, even plants, are alike in death. We do not need to concern ourselves about spiritualism or hypotheses of any kind concerning future existence. The whole matter of death and life after death is simplified when our only concern is faith in God who can destroy and who can resurrect. Life makes no sense and holds no hope except in terms of Christ&rsquo;s victory over death and the assurance that we share in that victory.",
    "puborder": 4784,
    "translations": []
  },
  {
    "para_id": "955.6223",
    "id_prev": "955.6222",
    "id_next": "955.6224",
    "refcode_1": "CFF2",
    "refcode_2": "878",
    "refcode_3": "5",
    "refcode_4": "",
    "refcode_short": "CFF2 878.5",
    "refcode_long": "The Conditionalist Faith of Our Fathers, vol. 2, p. 878.5 (LeRoy Edwin Froom)",
    "element_type": "p",
    "element_subtype": "standard-indented",
    "content": "&ldquo;There is considerable support in Scripture for the view that the soul as well as the body is destructible. This evidence has been obscured because the Greek conception of the inherent immortality of the soul has supplanted the teaching of Scripture.&rdquo; <sup class=\"footnote\"><a class=\"footnote\">53<span class=\"footnote\">53) Ibid, p. 34. (Italics supplied.)</span></a></sup>",
    "puborder": 4785,
    "translations": []
  },
  {
    "para_id": "955.6224",
    "id_prev": "955.6223",
    "id_next": "955.6226",
    "refcode_1": "CFF2",
    "refcode_2": "878",
    "refcode_3": "6",
    "refcode_4": "",
    "refcode_short": "CFF2 878.6",
    "refcode_long": "The Conditionalist Faith of Our Fathers, vol. 2, p. 878.6 (LeRoy Edwin Froom)",
    "element_type": "p",
    "element_subtype": "standard-indented",
    "content": "So Kantonen concludes that &ldquo;it is impossible to hold that the soul is by its very nature indestructible.&rdquo; <sup class=\"footnote\"><a class=\"footnote\">54<span class=\"footnote\">54) Ibid.: p. 35.</span></a></sup>",
    "puborder": 4786,
    "translations": []
  },
  {
    "para_id": "955.6226",
    "id_prev": "955.6224",
    "id_next": "955.6227",
    "refcode_1": "CFF2",
    "refcode_2": "879",
    "refcode_3": "",
    "refcode_4": "",
    "refcode_short": "CFF2 879",
    "refcode_long": "The Conditionalist Faith of Our Fathers, vol. 2, p. 879 (LeRoy Edwin Froom)",
    "element_type": "h5",
    "element_subtype": "",
    "content": "7. LUTHER&rsquo;S EMPHASIS ON SCRIPTURAL &ldquo;SLEEP.&rdquo;",
    "puborder": 4787,
    "translations": []
  },
  {
    "para_id": "955.6227",
    "id_prev": "955.6226",
    "id_next": "955.6228",
    "refcode_1": "CFF2",
    "refcode_2": "879",
    "refcode_3": "1",
    "refcode_4": "",
    "refcode_short": "CFF2 879.1",
    "refcode_long": "The Conditionalist Faith of Our Fathers, vol. 2, p. 879.1 (LeRoy Edwin Froom)",
    "element_type": "p",
    "element_subtype": "standard-indented",
    "content": "Coming next to the &ldquo;State After Death,&rdquo; Kantonen observes:\n<br />&ldquo;There are two indisputable realities in the scriptural doctrine, the fact of death and the fact of resurrection from the dead at Christ&rsquo;s second coming. But between the death of an individual and the return of Christ is an interval, which from the human point of view, in the case of most men, is a long period of time.&rdquo; <sup class=\"footnote\"><a class=\"footnote\">55<span class=\"footnote\">55) Ibid.: p. 36.</span></a></sup>",
    "puborder": 4788,
    "translations": []
  },
  {
    "para_id": "955.6228",
    "id_prev": "955.6227",
    "id_next": "955.6229",
    "refcode_1": "CFF2",
    "refcode_2": "879",
    "refcode_3": "2",
    "refcode_4": "",
    "refcode_short": "CFF2 879.2",
    "refcode_long": "The Conditionalist Faith of Our Fathers, vol. 2, p. 879.2 (LeRoy Edwin Froom)",
    "element_type": "p",
    "element_subtype": "standard-indented",
    "content": "&ldquo;Against such speculation [of Roman Catholic paradise, purgatory, Limbo, etc.] Protestant orthodoxy has, on the whole, denied all conceptions of a neutral state of waiting and held that souls pass immediately into a state of misery or of blessedness.&rdquo; <sup class=\"footnote\"><a class=\"footnote\">56<span class=\"footnote\">56) Ibid., p. 37. On Luther, see pp. 65-79.</span></a></sup>",
    "puborder": 4789,
    "translations": []
  },
  {
    "para_id": "955.6229",
    "id_prev": "955.6228",
    "id_next": "955.6230",
    "refcode_1": "CFF2",
    "refcode_2": "879",
    "refcode_3": "3",
    "refcode_4": "",
    "refcode_short": "CFF2 879.3",
    "refcode_long": "The Conditionalist Faith of Our Fathers, vol. 2, p. 879.3 (LeRoy Edwin Froom)",
    "element_type": "p",
    "element_subtype": "standard-indented",
    "content": "He then presents Luther&rsquo;s position:\n<br />&ldquo;Luther, with a greater emphasis on the resurrection, preferred to concentrate on the scriptural metaphor of sleep. &lsquo;For just as one who falls asleep and reaches morning unexpectedly when he awakes, without knowing what has happened to him, so we shall suddenly rise on the last day without knowing how we have come into death and through death.&rsquo; &lsquo;We shall sleep, until He comes and knocks on the little grave and says, Doctor Martin, get up! Then I shall rise in a moment and be happy with Him forever.&rsquo;&rdquo; <sup class=\"footnote\"><a class=\"footnote\">57<span class=\"footnote\">57) Ibid.</span></a></sup>",
    "puborder": 4790,
    "translations": []
  },
  {
    "para_id": "955.6230",
    "id_prev": "955.6229",
    "id_next": "955.6231",
    "refcode_1": "CFF2",
    "refcode_2": "879",
    "refcode_3": "4",
    "refcode_4": "",
    "refcode_short": "CFF2 879.4",
    "refcode_long": "The Conditionalist Faith of Our Fathers, vol. 2, p. 879.4 (LeRoy Edwin Froom)",
    "element_type": "p",
    "element_subtype": "standard-indented",
    "content": "&ldquo;In Luther&rsquo;s view, so far as the dead person himself is concerned, the intermediate state is reduced to an unconscious moment. When soulsleeping is denied and sleep is regarded only as an euphemistic metaphor for death, it is logical to deny the intermediate state altogether.&rdquo; <sup class=\"footnote\"><a class=\"footnote\">58<span class=\"footnote\">58) Ibid., p. 38. (Italics supplied.)</span></a></sup>",
    "puborder": 4791,
    "translations": []
  },
  {
    "para_id": "955.6231",
    "id_prev": "955.6230",
    "id_next": "955.6232",
    "refcode_1": "CFF2",
    "refcode_2": "879",
    "refcode_3": "5",
    "refcode_4": "",
    "refcode_short": "CFF2 879.5",
    "refcode_long": "The Conditionalist Faith of Our Fathers, vol. 2, p. 879.5 (LeRoy Edwin Froom)",
    "element_type": "p",
    "element_subtype": "standard-indented",
    "content": "So Kantonen observes: &ldquo;If death means entrance into heaven, then resurrection and judgment lose their significance.&rdquo; <sup class=\"footnote\"><a class=\"footnote\">59<span class=\"footnote\">59) Ibid.</span></a></sup>",
    "puborder": 4792,
    "translations": []
  },
  {
    "para_id": "955.6232",
    "id_prev": "955.6231",
    "id_next": "955.6233",
    "refcode_1": "CFF2",
    "refcode_2": "879",
    "refcode_3": "",
    "refcode_4": "",
    "refcode_short": "CFF2 879",
    "refcode_long": "The Conditionalist Faith of Our Fathers, vol. 2, p. 879 (LeRoy Edwin Froom)",
    "element_type": "h5",
    "element_subtype": "",
    "content": "8. UNCONSCIOUS OF PASSAGE OF TIME IN SLUMBER",
    "puborder": 4793,
    "translations": []
  },
  {
    "para_id": "955.6233",
    "id_prev": "955.6232",
    "id_next": "955.6234",
    "refcode_1": "CFF2",
    "refcode_2": "879",
    "refcode_3": "6",
    "refcode_4": "",
    "refcode_short": "CFF2 879.6",
    "refcode_long": "The Conditionalist Faith of Our Fathers, vol. 2, p. 879.6 (LeRoy Edwin Froom)",
    "element_type": "p",
    "element_subtype": "standard-indented",
    "content": "In the closing chapter, &ldquo;The End of All Things,&rdquo; with emphasis on the resurrection as the &ldquo;sole foundation of the hope of life beyond the grave,&rdquo; <sup class=\"footnote\"><a class=\"footnote\">60<span class=\"footnote\">60) Ibid., p. 93.</span></a></sup> Kantonen says the &ldquo;end-result&rdquo; of &ldquo;Christ&rsquo;s triumph over death&rdquo; is the &ldquo;resurrection of all the dead.&rdquo; Recapitulating, he adds, adverting to Luther:",
    "puborder": 4794,
    "translations": []
  },
  {
    "para_id": "955.6234",
    "id_prev": "955.6233",
    "id_next": "955.6237",
    "refcode_1": "CFF2",
    "refcode_2": "879",
    "refcode_3": "7",
    "refcode_4": "",
    "refcode_short": "CFF2 879.7",
    "refcode_long": "The Conditionalist Faith of Our Fathers, vol. 2, p. 879.7 (LeRoy Edwin Froom)",
    "element_type": "p",
    "element_subtype": "standard-indented",
    "content": "&ldquo;The soul has no existence apart from the body. The whole man, body and soul, dies, and the whole man, body and soul, is resurrected on the last day. At death man proceeds directly to the final resurrection <span class=\"page-break\" data-page=\"880\"></span> and judgment. There is no period of waiting, for waiting implies time, and beyond death time no longer has any significance. From our own temporal point of view we may speak of the dead as being asleep and then say with Luther that for one in deep slumber the passage of centuries is as an instant. We may even say that departed believers are at home with the Lord in the sense that their striving and waiting are over and they have reached their final goal.&rdquo; <sup class=\"footnote\"><a class=\"footnote\">61<span class=\"footnote\">61) Ibid., pp. 96 97. (Italics supplied.)</span></a></sup>",
    "puborder": 4795,
    "translations": []
  },
  {
    "para_id": "955.6237",
    "id_prev": "955.6234",
    "id_next": "955.6238",
    "refcode_1": "CFF2",
    "refcode_2": "880",
    "refcode_3": "",
    "refcode_4": "",
    "refcode_short": "CFF2 880",
    "refcode_long": "The Conditionalist Faith of Our Fathers, vol. 2, p. 880 (LeRoy Edwin Froom)",
    "element_type": "h5",
    "element_subtype": "",
    "content": "9. FATE OF WICKED SIMPLY DESTRUCTION",
    "puborder": 4796,
    "translations": []
  },
  {
    "para_id": "955.6238",
    "id_prev": "955.6237",
    "id_next": "955.6239",
    "refcode_1": "CFF2",
    "refcode_2": "880",
    "refcode_3": "1",
    "refcode_4": "",
    "refcode_short": "CFF2 880.1",
    "refcode_long": "The Conditionalist Faith of Our Fathers, vol. 2, p. 880.1 (LeRoy Edwin Froom)",
    "element_type": "p",
    "element_subtype": "standard-indented",
    "content": "After discussing the claims of Universalism Dr. Kantonen suggests that ultimate destruction meets the demands of the New Testamentultimate nonexistence, final &ldquo;lapse into nothingness&ldquo;:",
    "puborder": 4797,
    "translations": []
  },
  {
    "para_id": "955.6239",
    "id_prev": "955.6238",
    "id_next": "955.6240",
    "refcode_1": "CFF2",
    "refcode_2": "880",
    "refcode_3": "2",
    "refcode_4": "",
    "refcode_short": "CFF2 880.2",
    "refcode_long": "The Conditionalist Faith of Our Fathers, vol. 2, p. 880.2 (LeRoy Edwin Froom)",
    "element_type": "p",
    "element_subtype": "standard-indented",
    "content": "&ldquo;An alternative solution is that the fate of the wicked is neither eventual redemption nor endless torment but simply annihilation. Eternal death would conform to the New Testament connotation of death in general, apoleia, destruction. Proponents of this view claim that the idea of eternal punishment rests on the Platonic conception of the inherent indestructibility of the soul and that the reasoning used to disprove it applies here also. On this ground the nature of God also appears to be vindicated....",
    "puborder": 4798,
    "translations": []
  },
  {
    "para_id": "955.6240",
    "id_prev": "955.6239",
    "id_next": "955.6241",
    "refcode_1": "CFF2",
    "refcode_2": "880",
    "refcode_3": "3",
    "refcode_4": "",
    "refcode_short": "CFF2 880.3",
    "refcode_long": "The Conditionalist Faith of Our Fathers, vol. 2, p. 880.3 (LeRoy Edwin Froom)",
    "element_type": "p",
    "element_subtype": "standard-indented",
    "content": "&ldquo;When Christ, then, in the end destroys &lsquo;every rule and every authority and power,&rsquo; he will wipe out every vistage of opposition to God, both human and superhuman. This view, unlike universal restoration, preserves the twofold judgment taught in Scripture. And to be completely cut off from God, the source of life, would seem logically to imply nonexistence. Such a lapse into nothingness of all of life&rsquo;s hopes and values makes perdition a terrible reality even without the added feature of prolonged torture.&rdquo; <sup class=\"footnote\"><a class=\"footnote\">62<span class=\"footnote\">62) Ibid., pp. 107, 108. (Italics supplied.)</span></a></sup>",
    "puborder": 4799,
    "translations": []
  },
  {
    "para_id": "955.6241",
    "id_prev": "955.6240",
    "id_next": "955.6242",
    "refcode_1": "CFF2",
    "refcode_2": "880",
    "refcode_3": "4",
    "refcode_4": "",
    "refcode_short": "CFF2 880.4",
    "refcode_long": "The Conditionalist Faith of Our Fathers, vol. 2, p. 880.4 (LeRoy Edwin Froom)",
    "element_type": "p",
    "element_subtype": "standard-indented",
    "content": "Kantonen sums up his able discussion in these words:\n<br />&ldquo;The hope of the individual Christian at death does not lie in man&rsquo;s power to defy death but in God&rsquo;s power to raise man from the dead. Death is real, and man has no inherent capacity to leap over the grave into another existence.&rdquo; <sup class=\"footnote\"><a class=\"footnote\">63<span class=\"footnote\">63) Ibid., p. 111. (Italics supplied.)</span></a></sup>",
    "puborder": 4800,
    "translations": []
  }
]