[
  {
    "para_id": "1487.717",
    "id_prev": "1487.715",
    "id_next": "1487.718",
    "refcode_1": "LELJB",
    "refcode_2": "186",
    "refcode_3": "",
    "refcode_4": "",
    "refcode_short": "LELJB 186",
    "refcode_long": "The Early Life and Later Experience and Labors of Elder Joseph Bates, p. 186 (James Springer White)",
    "element_type": "h3",
    "element_subtype": "",
    "content": "Chapter 15",
    "puborder": 379,
    "translations": []
  },
  {
    "para_id": "1487.718",
    "id_prev": "1487.717",
    "id_next": "1487.719",
    "refcode_1": "LELJB",
    "refcode_2": "186",
    "refcode_3": "",
    "refcode_4": "",
    "refcode_short": "",
    "refcode_long": "",
    "element_type": "p",
    "element_subtype": "center",
    "content": "<strong>Conviction of Sin &mdash; Funeral at Sea &mdash; Covenant with God &mdash; A Dream &mdash; Arrival at Pernambuco &mdash; Landing a North American Lady &mdash; Wine at a Dinner Party &mdash; Sell my Cargo &mdash; Another Voyage &mdash; Religious Views &mdash; Whaling &mdash; Brazilian Flour &mdash; Arrive at St. Catherine&rsquo;s &mdash; Also Paraiba &mdash; Sell my Cargo &mdash; Third Voyage &mdash; Confidence Rewarded.</strong>",
    "puborder": 380,
    "translations": []
  },
  {
    "para_id": "1487.719",
    "id_prev": "1487.718",
    "id_next": "1487.720",
    "refcode_1": "LELJB",
    "refcode_2": "186",
    "refcode_3": "1",
    "refcode_4": "",
    "refcode_short": "LELJB 186.1",
    "refcode_long": "The Early Life and Later Experience and Labors of Elder Joseph Bates, p. 186.1 (James Springer White)",
    "element_type": "p",
    "element_subtype": "standard-indented",
    "content": "THE lines mentioned in the last chapter did arrest my attention. I read them again and again. My interest for reading novels and romances ceased from that hour. Among the many books, I selected &ldquo;Doddridge&rsquo;s Rise and Progress of Religion in the Soul.&rdquo; This and the Bible now interested me more than all other books.",
    "puborder": 381,
    "translations": []
  },
  {
    "para_id": "1487.720",
    "id_prev": "1487.719",
    "id_next": "1487.721",
    "refcode_1": "LELJB",
    "refcode_2": "186",
    "refcode_3": "2",
    "refcode_4": "",
    "refcode_short": "LELJB 186.2",
    "refcode_long": "The Early Life and Later Experience and Labors of Elder Joseph Bates, p. 186.2 (James Springer White)",
    "element_type": "p",
    "element_subtype": "standard-indented",
    "content": "Christopher Christopherson, of Norway, one of my crew, was taken down sick soon after our departure from Cape Henry. Nothing in our medicine chest availed to relieve him. His case appeared more and more doubtful. The first verse of &ldquo;The Hour of Death,&rdquo; particularly the fourth line, was almost continually in my mind:&mdash;",
    "puborder": 382,
    "translations": []
  },
  {
    "para_id": "1487.721",
    "id_prev": "1487.720",
    "id_next": "1487.722",
    "refcode_1": "LELJB",
    "refcode_2": "186",
    "refcode_3": "3",
    "refcode_4": "",
    "refcode_short": "LELJB 186.3",
    "refcode_long": "The Early Life and Later Experience and Labors of Elder Joseph Bates, p. 186.3 (James Springer White)",
    "element_type": "p",
    "element_subtype": "blockquote-indented",
    "content": "&ldquo;Thou hast all seasons for thine own, O Death!&rdquo;",
    "puborder": 383,
    "translations": []
  },
  {
    "para_id": "1487.722",
    "id_prev": "1487.721",
    "id_next": "1487.725",
    "refcode_1": "LELJB",
    "refcode_2": "186",
    "refcode_3": "4",
    "refcode_4": "",
    "refcode_short": "LELJB 186.4",
    "refcode_long": "The Early Life and Later Experience and Labors of Elder Joseph Bates, p. 186.4 (James Springer White)",
    "element_type": "p",
    "element_subtype": "standard-indented",
    "content": "I longed to be a Christian; but the pride of my heart and the vain allurements of the wicked world still held me with a mighty grasp. I suffered intensely in my mind before I decided to pray. It seemed as though I had delayed this work too long. I was also afraid that my officers and men would learn that I was under conviction. Furthermore, I had no secret place to pray. When I looked back on some of the incidents <span class=\"page-break\" data-page=\"187\"></span> in my past life, how God had interposed his arm to save me, when death was staring me in the face again and again, and how soon I had forgotten all his mercies, I felt that I must yield. Finally I decided to try the strength of prayer, and confess all my sins. I opened the &ldquo;run scuttle&rdquo; under the dining table, where I prepared a place so that I might be out of the sight of my officers, if they should have occasion to enter the cabin during my prayer season. The first time I bowed the knee here in prayer, it seemed to me that the hair on my head was <em>standing out straight,</em> for presuming to open my mouth in prayer to the great and holy God. But I determined to persevere until I found pardon and peace for my troubled mind. I had no Christian friend at hand to tell me how, or how long, I must be convicted before conversion. But I remembered when I was a lad, during the great reformation of 1807, in New Bedford and Fairhaven, of hearing the converts, when relating their experience, say that they had been sorrowing for sin two and three weeks, when the Lord spoke peace to their minds. It seemed to me that my case would be something similar.",
    "puborder": 384,
    "translations": []
  },
  {
    "para_id": "1487.725",
    "id_prev": "1487.722",
    "id_next": "1487.726",
    "refcode_1": "LELJB",
    "refcode_2": "187",
    "refcode_3": "1",
    "refcode_4": "",
    "refcode_short": "LELJB 187.1",
    "refcode_long": "The Early Life and Later Experience and Labors of Elder Joseph Bates, p. 187.1 (James Springer White)",
    "element_type": "p",
    "element_subtype": "standard-indented",
    "content": "A fortnight passed, and no light beamed on my mind. One week more, and still my mind was like the troubled sea. About this time I was walking the deck in the night, and was strongly tempted to jump overboard and put an end to myself. I thought this was a temptation of the devil, and immediately left the deck, and did not allow myself to go out of my cabin again until the morning.",
    "puborder": 385,
    "translations": []
  },
  {
    "para_id": "1487.726",
    "id_prev": "1487.725",
    "id_next": "1487.729",
    "refcode_1": "LELJB",
    "refcode_2": "187",
    "refcode_3": "2",
    "refcode_4": "",
    "refcode_short": "LELJB 187.2",
    "refcode_long": "The Early Life and Later Experience and Labors of Elder Joseph Bates, p. 187.2 (James Springer White)",
    "element_type": "p",
    "element_subtype": "standard-indented",
    "content": "Christopher was very sick, and failing. It occurred to me that if he should die, I should be <span class=\"page-break\" data-page=\"188\"></span> doubly earnest about my salvation. I now removed him into the cabin, and placed him in a berth next my own, where I could give him more attention, and charged the officers as they waited upon him during their night watch to call me if they saw any change in him. I awoke in the morning soon after daylight. My first thought was, How is Christopher? I reached over his berth and placed my hand on his forehead; it felt cold. He was dead. I called the officer of the morning watch, &ldquo;Why, Mr. Haffards!&rdquo; said I, &ldquo;Christopher <em>is dead!</em> Why did you fail to call me?&rdquo; Said Mr. H., &ldquo;I was down to him about half an hour ago, and gave him his medicine, and saw no alteration then.&rdquo; Poor C. was now laid out on the quarter-deck, and finally sewed up in a hammock with a heavy bag of sand at his feet. After we had settled on the time to bury him, I was most seriously troubled in relation to my duty. I felt that I was a sinner in the sight of God, and dare not attempt to pray in public. And yet I could not consent to plunge the poor fellow into the ocean without some religious ceremony over him. While I was resolving in my mind what I should do, the steward asked me if I would not like to have a Church of England Prayer Book. &ldquo;Yes,&rdquo; said I, &ldquo;have you got one?&rdquo; &ldquo;Yes, sir.&rdquo; &ldquo;Bring it to me, will you?&rdquo;",
    "puborder": 386,
    "translations": []
  },
  {
    "para_id": "1487.729",
    "id_prev": "1487.726",
    "id_next": "1487.730",
    "refcode_1": "LELJB",
    "refcode_2": "188",
    "refcode_3": "1",
    "refcode_4": "",
    "refcode_short": "LELJB 188.1",
    "refcode_long": "The Early Life and Later Experience and Labors of Elder Joseph Bates, p. 188.1 (James Springer White)",
    "element_type": "p",
    "element_subtype": "standard-indented",
    "content": "It was just the book I wanted, for when I was in the British service I had heard the ship&rsquo;s clerk read prayers out of such a book when our sailors were buried. But this was the first burial at sea that occurred under my command.",
    "puborder": 387,
    "translations": []
  },
  {
    "para_id": "1487.730",
    "id_prev": "1487.729",
    "id_next": "1487.733",
    "refcode_1": "LELJB",
    "refcode_2": "188",
    "refcode_3": "2",
    "refcode_4": "",
    "refcode_short": "LELJB 188.2",
    "refcode_long": "The Early Life and Later Experience and Labors of Elder Joseph Bates, p. 188.2 (James Springer White)",
    "element_type": "p",
    "element_subtype": "standard-indented",
    "content": "I opened the book and found a suitable prayer for the occasion. A plank was prepared, with <span class=\"page-break\" data-page=\"189\"></span> one end over the side of the vessel, on which his body was laid, with his feet toward the sea, so that by raising the other end of the plank, the body would slide into the ocean feet foremost. All but the helmsman stood around poor Christopher, to take their final leave of him, and commit his body to the deep as soon as the order should be given. The idea of attempting to perform religious service over the dead while in an unconverted state troubled me much. I had requested the chief mate to call me when he had made the preparation, and retired below. When the officer reported all ready, I came up trembling, with the book open in my hand. The crew respectfully uncovered their heads. As I began to read, my voice faltered, and I was so unmanned I found it difficult to read distinctly. I felt, indeed, that I was a sinner before God. When I finished the last sentence, I waved my hand to tip the plank, and turned for the cabin. As I passed down the gangway, I heard poor Christopher plunge into the sea. I passed down into my praying place and vented my feelings in prayer for the forgiveness of all my sins, and those of the poor fellow who was sinking lower and lower beneath the rolling waves.",
    "puborder": 388,
    "translations": []
  },
  {
    "para_id": "1487.733",
    "id_prev": "1487.730",
    "id_next": "1487.735",
    "refcode_1": "LELJB",
    "refcode_2": "189",
    "refcode_3": "1",
    "refcode_4": "",
    "refcode_short": "LELJB 189.1",
    "refcode_long": "The Early Life and Later Experience and Labors of Elder Joseph Bates, p. 189.1 (James Springer White)",
    "element_type": "p",
    "element_subtype": "standard-indented",
    "content": "This was the 30th of September, twenty-six days from the capes of Virginia. From thence I felt a sinking into the will of God, resolving henceforward to renounce the unfruitful works of the enemy, and seek carefully for eternal life. I believe now that all my sins were forgiven about that time. Then I also made the following covenant with God, which I found in &ldquo;Doddridge&rsquo;s Rise and Progress of Religion in the Soul&ldquo;:&mdash;",
    "puborder": 389,
    "translations": []
  }
]