[
  {
    "para_id": "1613.2127",
    "id_prev": "1613.2125",
    "id_next": "1613.2128",
    "refcode_1": "WOR",
    "refcode_2": "211",
    "refcode_3": "",
    "refcode_4": "38",
    "refcode_short": "WOR 211",
    "refcode_long": "Waggoner on Romans, p. 211 (Ellet Joseph Waggoner)",
    "element_type": "h3",
    "element_subtype": "",
    "content": "Living for Others",
    "puborder": 1864,
    "translations": []
  },
  {
    "para_id": "1613.2128",
    "id_prev": "1613.2127",
    "id_next": "1613.2129",
    "refcode_1": "WOR",
    "refcode_2": "211",
    "refcode_3": "",
    "refcode_4": "42",
    "refcode_short": "WOR 211",
    "refcode_long": "Waggoner on Romans, p. 211 (Ellet Joseph Waggoner)",
    "element_type": "h4",
    "element_subtype": "",
    "content": "August 27, 1896",
    "puborder": 1865,
    "translations": []
  },
  {
    "para_id": "1613.2129",
    "id_prev": "1613.2128",
    "id_next": "1613.2130",
    "refcode_1": "WOR",
    "refcode_2": "211",
    "refcode_3": "1",
    "refcode_4": "",
    "refcode_short": "WOR 211.1",
    "refcode_long": "Waggoner on Romans, p. 211.1 (Ellet Joseph Waggoner)",
    "element_type": "p",
    "element_subtype": "standard-indented",
    "content": "In our study last week we learned that the members of the church of Christ are not judges one of another, but fellow-servants of one common Lord. We are not taught that it is a matter of indifference whether or not we keep the commandments of God-quite the contrary, since we are all to appear before the judgment seat of Christ, and be judged by them-but we are taught that in those things concerning which the law of God does not speak particularly, one man&rsquo;s ways are as good as another&rsquo;s. We learned even further that even one who may be faulty with respect to an express commandment, is not to be dealt with harshly, and condemned. Such a course can not help one, and, besides, we have no right to do so, since we are but servants.",
    "puborder": 1866,
    "translations": []
  },
  {
    "para_id": "1613.2130",
    "id_prev": "1613.2129",
    "id_next": "1613.2131",
    "refcode_1": "WOR",
    "refcode_2": "211",
    "refcode_3": "2",
    "refcode_4": "",
    "refcode_short": "WOR 211.2",
    "refcode_long": "Waggoner on Romans, p. 211.2 (Ellet Joseph Waggoner)",
    "element_type": "p",
    "element_subtype": "standard-indented",
    "content": "We now come to the study of the continuation of the same subject, in <span class=\"egwlink egwlink_bible\" title=\"Romans 14:14\" data-link=\"1965.57696\">Romans 14:14-23</span>:-",
    "puborder": 1867,
    "translations": []
  },
  {
    "para_id": "1613.2131",
    "id_prev": "1613.2130",
    "id_next": "1613.2133",
    "refcode_1": "WOR",
    "refcode_2": "211",
    "refcode_3": "3",
    "refcode_4": "",
    "refcode_short": "WOR 211.3",
    "refcode_long": "Waggoner on Romans, p. 211.3 (Ellet Joseph Waggoner)",
    "element_type": "p",
    "element_subtype": "standard-indented",
    "content": "&ldquo;I know, and am persuaded by the Lord Jesus, that there is nothing unclean of itself; but to him that esteemeth anything to be unclean, to him it is unclean. But if thy brother be grieved with thy meat, now walkest thou not charitably. Destroy not him with thy meat, for whom Christ died. Let not then your good be evil spoken of; for the kingdom of God is not meat and drink; but righteousness, and peace, and joy in the Holy Ghost. For he that in these things serveth Christ is acceptable to God, and approved of men. Let us therefore follow after the things which make for peace, and things wherewith one may edify another. For meat destroy not the work of God. All things indeed are pure; but it is evil for that man who eateth with offense. It is good neither to eat flesh, nor to drink wine, nor anything whereby thy brother stumbleth, or is offended, or is made weak. Hast thou faith? Have it to thyself before God. Happy is he that condemneth not himself in that thing which he alloweth. And he that doubteth is damned if he eat, because he eateth not of faith; for whatsoever is not of faith is sin.&rdquo;",
    "puborder": 1868,
    "translations": []
  },
  {
    "para_id": "1613.2133",
    "id_prev": "1613.2131",
    "id_next": "1613.2134",
    "refcode_1": "WOR",
    "refcode_2": "212",
    "refcode_3": "1",
    "refcode_4": "",
    "refcode_short": "WOR 212.1",
    "refcode_long": "Waggoner on Romans, p. 212.1 (Ellet Joseph Waggoner)",
    "element_type": "p",
    "element_subtype": "standard-indented",
    "content": "In order to save time and space we will omit the question on the text, leaving each reader to question it for himself. Study each statement carefully, and consider its connection, as well as the general subject, and what is stated elsewhere in the Bible concerning the same thing. As many errors arise from careless reading of the Bible, and from hasty conclusions from detached statements, as from willful perversion of the word. Possibly many more are the result of lack of proper thought than of deliberate willfulness. Let us therefore always take heed how we read.",
    "puborder": 1869,
    "translations": []
  },
  {
    "para_id": "1613.2134",
    "id_prev": "1613.2133",
    "id_next": "1613.2135",
    "refcode_1": "WOR",
    "refcode_2": "212",
    "refcode_3": "",
    "refcode_4": "61",
    "refcode_short": "WOR 212",
    "refcode_long": "Waggoner on Romans, p. 212 (Ellet Joseph Waggoner)",
    "element_type": "h5",
    "element_subtype": "",
    "content": "Clean and Unclean",
    "puborder": 1870,
    "translations": []
  },
  {
    "para_id": "1613.2135",
    "id_prev": "1613.2134",
    "id_next": "1613.2136",
    "refcode_1": "WOR",
    "refcode_2": "212",
    "refcode_3": "2",
    "refcode_4": "",
    "refcode_short": "WOR 212.2",
    "refcode_long": "Waggoner on Romans, p. 212.2 (Ellet Joseph Waggoner)",
    "element_type": "p",
    "element_subtype": "standard-indented",
    "content": "The apostle says, &ldquo;I know, and am persuaded by the Lord Jesus, that there is nothing unclean of itself; but to him that esteemeth anything to be unclean, to him it is unclean.&rdquo; If we consider well the subject under consideration, we shall not wrest this scripture from its connection. The thing presented from the beginning of the chapter is the case of a man with so little real knowledge of Christ that he thinks righteousness is to be obtained by the eating of certain kinds of food, or by not eating certain things. The idea clearly conveyed by the entire chapter is that it is by faith, and not by eating and drinking, that we are saved.",
    "puborder": 1871,
    "translations": []
  },
  {
    "para_id": "1613.2136",
    "id_prev": "1613.2135",
    "id_next": "1613.2137",
    "refcode_1": "WOR",
    "refcode_2": "212",
    "refcode_3": "3",
    "refcode_4": "",
    "refcode_short": "WOR 212.3",
    "refcode_long": "Waggoner on Romans, p. 212.3 (Ellet Joseph Waggoner)",
    "element_type": "p",
    "element_subtype": "standard-indented",
    "content": "A little consideration of the question of clean and unclean food will help us much. There is a strange idea prevalent, to the effect that things that were at one time unfit for food are perfectly wholesome now. Many people seem to think that even unclean beasts are made clean by the Gospel. They forget that Christ purifies men, not beasts and reptiles.",
    "puborder": 1872,
    "translations": []
  },
  {
    "para_id": "1613.2137",
    "id_prev": "1613.2136",
    "id_next": "1613.2138",
    "refcode_1": "WOR",
    "refcode_2": "212",
    "refcode_3": "4",
    "refcode_4": "",
    "refcode_short": "WOR 212.4",
    "refcode_long": "Waggoner on Romans, p. 212.4 (Ellet Joseph Waggoner)",
    "element_type": "p",
    "element_subtype": "standard-indented",
    "content": "There were plants that were poisonous in the days of Moses, and those same plants are poisonous now. The very people who seem to think that the Gospel makes everything fit to eat, would be as much disgusted at the thought of eating cats, dogs, caterpillars, spiders, flies, etc., as any Jew would have been in the days of Moses. Instead of finding that a knowledge of Christ reconciles one to such a diet, we find, on the contrary, that it is only the most degraded savages who make use of them for food, and such a diet is both a sign and cause of degradation. Enlightenment brings carefulness in the selection of food.",
    "puborder": 1873,
    "translations": []
  },
  {
    "para_id": "1613.2138",
    "id_prev": "1613.2137",
    "id_next": "1613.2140",
    "refcode_1": "WOR",
    "refcode_2": "212",
    "refcode_3": "5",
    "refcode_4": "",
    "refcode_short": "WOR 212.5",
    "refcode_long": "Waggoner on Romans, p. 212.5 (Ellet Joseph Waggoner)",
    "element_type": "p",
    "element_subtype": "standard-indented",
    "content": "Now there is no one who can imagine the apostle Paul or any other person of good sense and refinement eating everything that he could possibly find on earth. Although most people think themselves wiser than God in the matter of eating and drinking, there are, as there always have been, certain things universally held to be unfit for food. Therefore when the apostle says that nothing is unclean of itself, he evidently confines his remark to those things which God has provided for man&rsquo;s eating. There are people whose conscience is so poorly instructed that they fear to eat even of things which God has given to be eaten; just as there are some who forbid the eating of &ldquo;food which God hath created to be received with thanksgiving.&rdquo; <span class=\"egwlink egwlink_bible\" title=\"1 Timothy 4:3\" data-link=\"1965.60680\">1 Timothy 4:3</span>.",
    "puborder": 1874,
    "translations": []
  },
  {
    "para_id": "1613.2140",
    "id_prev": "1613.2138",
    "id_next": "1613.2141",
    "refcode_1": "WOR",
    "refcode_2": "213",
    "refcode_3": "1",
    "refcode_4": "",
    "refcode_short": "WOR 213.1",
    "refcode_long": "Waggoner on Romans, p. 213.1 (Ellet Joseph Waggoner)",
    "element_type": "p",
    "element_subtype": "standard-indented",
    "content": "So when the apostle says, &ldquo;One believeth that he may eat all things,&rdquo; it is evident that the &ldquo;all things&rdquo; does not include filth. The idea evidently is that one believes that he may eat everything that is fit to be eaten. But another, having for instance the thought that some of those things may have been devoted to an idol, fears to eat of them lest he should thereby become an idolater. The <span class=\"egwlink egwlink_bible\" title=\"1 Corinthians 8:1\" data-link=\"1965.58175\">eighth chapter of 1 Corinthians</span> makes this whole subject plain, as it runs parallel with the <span class=\"egwlink egwlink_bible\" title=\"Romans 14:1\" data-link=\"1965.57670\">fourteenth of Romans</span>.",
    "puborder": 1875,
    "translations": []
  },
  {
    "para_id": "1613.2141",
    "id_prev": "1613.2140",
    "id_next": "1613.2142",
    "refcode_1": "WOR",
    "refcode_2": "213",
    "refcode_3": "2",
    "refcode_4": "",
    "refcode_short": "WOR 213.2",
    "refcode_long": "Waggoner on Romans, p. 213.2 (Ellet Joseph Waggoner)",
    "element_type": "p",
    "element_subtype": "standard-indented",
    "content": "This throws light also upon the subject of days. Since the apostle evidently confines his remarks concerning food to that which it is allowable to eat, it is more clear that those days which may be considered as all alike are those days only which God has not sanctified to himself.",
    "puborder": 1876,
    "translations": []
  },
  {
    "para_id": "1613.2142",
    "id_prev": "1613.2141",
    "id_next": "1613.2143",
    "refcode_1": "WOR",
    "refcode_2": "213",
    "refcode_3": "",
    "refcode_4": "62",
    "refcode_short": "WOR 213",
    "refcode_long": "Waggoner on Romans, p. 213 (Ellet Joseph Waggoner)",
    "element_type": "h5",
    "element_subtype": "",
    "content": "The Nature of the Kingdom",
    "puborder": 1877,
    "translations": []
  },
  {
    "para_id": "1613.2143",
    "id_prev": "1613.2142",
    "id_next": "1613.2144",
    "refcode_1": "WOR",
    "refcode_2": "213",
    "refcode_3": "3",
    "refcode_4": "",
    "refcode_short": "WOR 213.3",
    "refcode_long": "Waggoner on Romans, p. 213.3 (Ellet Joseph Waggoner)",
    "element_type": "p",
    "element_subtype": "standard-indented",
    "content": "&ldquo;For the kingdom of God is not meat and drink; but righteousness, and peace, and joy in the Holy Ghost.&rdquo; Over that kingdom Christ has been set as King, for God has said, &ldquo;Yet have I set my king upon my holy hill of Zion.&rdquo; <span class=\"egwlink egwlink_bible\" title=\"Psalm 2:6\" data-link=\"1965.28404\">Psalm 2:6</span>. Now read further the words of the Father to the Son, whom he has appointed heir of all things: &ldquo;Thy throne, O God, is forever and ever; a scepter of righteousness is the scepter of thy kingdom. Thou hast loved righteousness, and hated iniquity; therefore God, even thy God, hath anointed thee with the oil of gladness above thy fellows.&rdquo; <span class=\"egwlink egwlink_bible\" title=\"Hebrews 1:8\" data-link=\"1965.61137\">Hebrews 1:8, 9</span>.",
    "puborder": 1878,
    "translations": []
  },
  {
    "para_id": "1613.2144",
    "id_prev": "1613.2143",
    "id_next": "1613.2145",
    "refcode_1": "WOR",
    "refcode_2": "213",
    "refcode_3": "4",
    "refcode_4": "",
    "refcode_short": "WOR 213.4",
    "refcode_long": "Waggoner on Romans, p. 213.4 (Ellet Joseph Waggoner)",
    "element_type": "p",
    "element_subtype": "standard-indented",
    "content": "A scepter is the symbol of power. Christ&rsquo;s scepter is a scepter of righteousness; therefore the power of his kingdom is righteousness. He rules by righteousness. His life on earth was a perfect manifestation of righteousness, so that he rules his kingdom by the power of his life. All those who own his life are subjects of his kingdom. No other thing but the life of Christ is the badge of citizenship in the kingdom of Christ.",
    "puborder": 1879,
    "translations": []
  },
  {
    "para_id": "1613.2145",
    "id_prev": "1613.2144",
    "id_next": "1613.2147",
    "refcode_1": "WOR",
    "refcode_2": "213",
    "refcode_3": "5",
    "refcode_4": "",
    "refcode_short": "WOR 213.5",
    "refcode_long": "Waggoner on Romans, p. 213.5 (Ellet Joseph Waggoner)",
    "element_type": "p",
    "element_subtype": "standard-indented",
    "content": "But with what was Christ anointed King? The text last read says that it was with &ldquo;the oil of gladness.&rdquo; Then gladness, or joy, is a necessary part of the kingdom of Christ. It is a kingdom of joy, as well as of righteousness. Therefore it is that every subject of that kingdom must be filled with joy. &ldquo;A gloomy Christian&rdquo; is as much a contradiction of terms as &ldquo;a cold sun.&rdquo; The sun is for the purpose of shedding the warmth of which it is composed; so the Christian is for the purpose of diffusing the peace and joy which is a part of his nature. The Christian is not joyful simply because he thinks that he ought to be, but because he has been translated into the kingdom of joy.",
    "puborder": 1880,
    "translations": []
  },
  {
    "para_id": "1613.2147",
    "id_prev": "1613.2145",
    "id_next": "1613.2148",
    "refcode_1": "WOR",
    "refcode_2": "214",
    "refcode_3": "1",
    "refcode_4": "",
    "refcode_short": "WOR 214.1",
    "refcode_long": "Waggoner on Romans, p. 214.1 (Ellet Joseph Waggoner)",
    "element_type": "p",
    "element_subtype": "standard-indented",
    "content": "&ldquo;He that in these things serveth Christ is acceptable to God, and approved of men. Let us therefore follow after the things which make for peace, and things wherewith one may edify another.&rdquo; He who in what things serves Christ? Why, he who serves Christ in righteousness, and peace, and joy. Or, as some translations have it, &ldquo;He that thus serves Christ.&rdquo; God accepts such service, and men approve. Not only do Christians approve such service, but unbelievers are constrained to approve. The enemies of Daniel were forced to bear witness to the uprightness of his life, when they said that they could find nothing against him except in the law of his God. But that very statement was an approval of the law of his God, obedience to which made him the faithful man that he was.",
    "puborder": 1881,
    "translations": []
  },
  {
    "para_id": "1613.2148",
    "id_prev": "1613.2147",
    "id_next": "1613.2149",
    "refcode_1": "WOR",
    "refcode_2": "214",
    "refcode_3": "",
    "refcode_4": "63",
    "refcode_short": "WOR 214",
    "refcode_long": "Waggoner on Romans, p. 214 (Ellet Joseph Waggoner)",
    "element_type": "h5",
    "element_subtype": "",
    "content": "Unselfishness",
    "puborder": 1882,
    "translations": []
  },
  {
    "para_id": "1613.2149",
    "id_prev": "1613.2148",
    "id_next": "1613.2150",
    "refcode_1": "WOR",
    "refcode_2": "214",
    "refcode_3": "2",
    "refcode_4": "",
    "refcode_short": "WOR 214.2",
    "refcode_long": "Waggoner on Romans, p. 214.2 (Ellet Joseph Waggoner)",
    "element_type": "p",
    "element_subtype": "standard-indented",
    "content": "Peace is a characteristic of the kingdom. Therefore those who are in the kingdom must follow the things which make for peace. But selfishness never causes peace. On the contrary, selfishness is always the cause of war, and inevitably produces war if it is persisted in. Therefore the subject of the kingdom must always be ready to sacrifice his own desires and ideas in behalf of others. The unselfish person will give up his own ways whenever they interfere with the peace of another.",
    "puborder": 1883,
    "translations": []
  },
  {
    "para_id": "1613.2150",
    "id_prev": "1613.2149",
    "id_next": "1613.2152",
    "refcode_1": "WOR",
    "refcode_2": "214",
    "refcode_3": "3",
    "refcode_4": "",
    "refcode_short": "WOR 214.3",
    "refcode_long": "Waggoner on Romans, p. 214.3 (Ellet Joseph Waggoner)",
    "element_type": "p",
    "element_subtype": "standard-indented",
    "content": "But do not forget that the kingdom of God is righteousness as well as peace. Righteousness is obedience to the law of God; for &ldquo;all unrighteousness is sin&rdquo; (<span class=\"egwlink egwlink_bible\" title=\"1 John 5:17\" data-link=\"1965.62511\">1 John 5:17</span>), and &ldquo;sin is the transgression of the law&rdquo; (<span class=\"egwlink egwlink_bible\" title=\"1 John 3:4\" data-link=\"1965.62393\">1 John 3:4</span>). Therefore, although by the laws of the kingdom one must necessarily up his own wishes in order not to interfere with the feelings of others, by those same laws he is precluded from giving up any of the commandments of God. Obedience to the law of God is that which makes for peace, for we read: &ldquo;Great peace have they which love thy law.&rdquo; <span class=\"egwlink egwlink_bible\" title=\"Psalm 119:165\" data-link=\"1965.32745\">Psalm 119:165</span>. &ldquo;O that thou hadst hearkened to my commandments! Then had thy peace been as a river, and thy righteousness as the waves of the sea.&rdquo; <span class=\"egwlink egwlink_bible\" title=\"Isaiah 48:18\" data-link=\"1965.38017\">Isaiah 48:18</span>. Therefore he who is so &ldquo;charitable&rdquo; as to give up <span class=\"page-break\" data-page=\"214\"></span> any portion of the law of God because some people are displeased with it, is not following the things which make for peace. On the contrary, he is rebelling against the kingdom of Christ.",
    "puborder": 1884,
    "translations": []
  },
  {
    "para_id": "1613.2152",
    "id_prev": "1613.2150",
    "id_next": "1613.2154",
    "refcode_1": "WOR",
    "refcode_2": "214",
    "refcode_3": "4",
    "refcode_4": "",
    "refcode_short": "WOR 214.4",
    "refcode_long": "Waggoner on Romans, p. 214.4 (Ellet Joseph Waggoner)",
    "element_type": "p",
    "element_subtype": "standard-indented",
    "content": "This again shows us that the Sabbath of the Lord is not under consideration, as one of the things which are to be held as matters of mere personal opinion. The Christian has no option with regard to that. He must keep it. It is not one of the days which the subject of the kingdom may disregard if he wishes. It is one of the things that are obligatory. But there are things which one has the right to do if he wishes, but which he is not obliged to do. For instance, a man has the right to eat his food with the fingers, if he wishes to; but if that annoys his companion, the law of Christ requires him not to do so. And thus it appears that the law of Christ alone, will, if carefully heeded, make a man perfectly courteous. The true Christian is a gentleman in the best sense of that word.",
    "puborder": 1885,
    "translations": []
  },
  {
    "para_id": "1613.2154",
    "id_prev": "1613.2152",
    "id_next": "1613.2155",
    "refcode_1": "WOR",
    "refcode_2": "215",
    "refcode_3": "1",
    "refcode_4": "",
    "refcode_short": "WOR 215.1",
    "refcode_long": "Waggoner on Romans, p. 215.1 (Ellet Joseph Waggoner)",
    "element_type": "p",
    "element_subtype": "standard-indented",
    "content": "There are many things that are allowable, which some people with faith that is weak, because it is uninstructed, think to be wrong. Christian courtesy, as laid down in the fourteenth chapter of Romans, requires that the better-instructed person should regard the scruples of his weaker brother. To roughly ignore those scruples, although they may be destitute of reason, is not the way to help that brother into a wider liberty. On the contrary, it is the way to discourage him. &ldquo;It is good neither to eat flesh, not to drink wine, nor anything whereby thy brother stumbleth, or is offended, or is made weak.&rdquo;",
    "puborder": 1886,
    "translations": []
  },
  {
    "para_id": "1613.2155",
    "id_prev": "1613.2154",
    "id_next": "1613.2156",
    "refcode_1": "WOR",
    "refcode_2": "215",
    "refcode_3": "2",
    "refcode_4": "",
    "refcode_short": "WOR 215.2",
    "refcode_long": "Waggoner on Romans, p. 215.2 (Ellet Joseph Waggoner)",
    "element_type": "p",
    "element_subtype": "standard-indented",
    "content": "Thus it becomes evident that the fourteenth chapter of Romans is simply a lesson in Christian courtesy and helpfulness instead of teaching that the Sabbath, or anything else that pertains to the commandments of God, may be disregarded at pleasure. Consideration is to be shown for &ldquo;him that is weak in the faith;&rdquo; but the one who is offended by the keeping of the commandments of God, has no faith at all.",
    "puborder": 1887,
    "translations": []
  },
  {
    "para_id": "1613.2156",
    "id_prev": "1613.2155",
    "id_next": "1613.2157",
    "refcode_1": "WOR",
    "refcode_2": "215",
    "refcode_3": "",
    "refcode_4": "64",
    "refcode_short": "WOR 215",
    "refcode_long": "Waggoner on Romans, p. 215 (Ellet Joseph Waggoner)",
    "element_type": "h5",
    "element_subtype": "",
    "content": "The Limitations of Conscience",
    "puborder": 1888,
    "translations": []
  },
  {
    "para_id": "1613.2157",
    "id_prev": "1613.2156",
    "id_next": "1613.2158",
    "refcode_1": "WOR",
    "refcode_2": "215",
    "refcode_3": "3",
    "refcode_4": "",
    "refcode_short": "WOR 215.3",
    "refcode_long": "Waggoner on Romans, p. 215.3 (Ellet Joseph Waggoner)",
    "element_type": "p",
    "element_subtype": "standard-indented",
    "content": "&ldquo;Hast thou faith? Have it to thyself before God.&rdquo; Faith and conscience pertain to single individuals. No man can have faith for another. No man can have faith enough to serve for two. The teaching of the Roman Church is that certain ones have had more faith than they needed, and have been more righteous than was necessary, so that they can divide with other people; but the Bible teaches that it is impossible for any man to have faith than will serve to save himself. Therefore, no matter how well one man&rsquo;s faith may be instructed, no other man can be judged by it.",
    "puborder": 1889,
    "translations": []
  },
  {
    "para_id": "1613.2158",
    "id_prev": "1613.2157",
    "id_next": "1613.2160",
    "refcode_1": "WOR",
    "refcode_2": "215",
    "refcode_3": "4",
    "refcode_4": "",
    "refcode_short": "WOR 215.4",
    "refcode_long": "Waggoner on Romans, p. 215.4 (Ellet Joseph Waggoner)",
    "element_type": "p",
    "element_subtype": "standard-indented",
    "content": "We hear a great deal in these days about the public conscience. We are often told that the conscience of one man is outraged by the course of another. But it is with conscience as with faith, no man can have enough for two. The man who thinks that his conscience will serve for himself and for somebody else, has mistaken selfish obstinacy for conscience. It is this mistaken idea of conscience that has led to all the horrible persecutions that have ever been perpetrated in the name of religion. Let Christians all understand that conscience is between themselves and God alone. They are not at liberty to impose even their freedom of conscience upon another; but by the laws of the kingdom of Christ, they are obliged even to refrain at times from exercising their own freedom, out of consideration for others. That is to say, the man who can walk fast, is to help along his weak brother, who is going the same way, but more slowly. But he is not to turn around to please somebody who is walking the other way. ",
    "puborder": 1890,
    "translations": []
  }
]