[
  {
    "para_id": "1613.1494",
    "id_prev": "1613.1492",
    "id_next": "1613.1495",
    "refcode_1": "WOR",
    "refcode_2": "135",
    "refcode_3": "",
    "refcode_4": "26",
    "refcode_short": "WOR 135",
    "refcode_long": "Waggoner on Romans, p. 135 (Ellet Joseph Waggoner)",
    "element_type": "h3",
    "element_subtype": "",
    "content": "How to Be Free from Want",
    "puborder": 1325,
    "translations": []
  },
  {
    "para_id": "1613.1495",
    "id_prev": "1613.1494",
    "id_next": "1613.1496",
    "refcode_1": "WOR",
    "refcode_2": "135",
    "refcode_3": "",
    "refcode_4": "29",
    "refcode_short": "WOR 135",
    "refcode_long": "Waggoner on Romans, p. 135 (Ellet Joseph Waggoner)",
    "element_type": "h4",
    "element_subtype": "",
    "content": "May 21, 1896",
    "puborder": 1326,
    "translations": []
  },
  {
    "para_id": "1613.1496",
    "id_prev": "1613.1495",
    "id_next": "1613.1497",
    "refcode_1": "WOR",
    "refcode_2": "135",
    "refcode_3": "1",
    "refcode_4": "",
    "refcode_short": "WOR 135.1",
    "refcode_long": "Waggoner on Romans, p. 135.1 (Ellet Joseph Waggoner)",
    "element_type": "p",
    "element_subtype": "standard-indented",
    "content": "Who would not be glad if he could be assured that he could have everything he wanted? How many people there are who are filled with unsatisfied longings! This is a world of want and woe. It is not only those who have no money who are in want. Often those who suffer the most from unsatisfied desires are those whose money is reckoned by millions. They want more.",
    "puborder": 1327,
    "translations": []
  },
  {
    "para_id": "1613.1497",
    "id_prev": "1613.1496",
    "id_next": "1613.1498",
    "refcode_1": "WOR",
    "refcode_2": "135",
    "refcode_3": "2",
    "refcode_4": "",
    "refcode_short": "WOR 135.2",
    "refcode_long": "Waggoner on Romans, p. 135.2 (Ellet Joseph Waggoner)",
    "element_type": "p",
    "element_subtype": "standard-indented",
    "content": "Well, there is a sure way by which every man may have all that he wants,-may have every desire gratified. Here it is: &ldquo;Trust in the Lord, and do good; so shalt thou dwell in the land, and verily thou shalt be fed. Delight thyself also in the Lord; and he shall give thee the desires of thine heart.&rdquo; <span class=\"egwlink egwlink_bible\" title=\"Psalm 37:3\" data-link=\"1965.29443\">Psalm 37:3, 4</span>.",
    "puborder": 1328,
    "translations": []
  },
  {
    "para_id": "1613.1498",
    "id_prev": "1613.1497",
    "id_next": "1613.1499",
    "refcode_1": "WOR",
    "refcode_2": "135",
    "refcode_3": "3",
    "refcode_4": "",
    "refcode_short": "WOR 135.3",
    "refcode_long": "Waggoner on Romans, p. 135.3 (Ellet Joseph Waggoner)",
    "element_type": "p",
    "element_subtype": "standard-indented",
    "content": "It is a sure thing. Whoever delights in the Lord will have everything he wants. &ldquo;No good thing will he withhold from them that walk uprightly,&rdquo; or sincerely; and those who delight in the Lord will want nothing but that which is good. Christ himself is the surety for the fulfillment of this promise. He says, &ldquo;If ye abide in me, and my words abide in you, ye shall ask what ye will, and it shall be done unto you.&rdquo; <span class=\"egwlink egwlink_bible\" title=\"John 15:7\" data-link=\"1965.54470\">John 15:7</span>. He has an unlimited supply; for the apostle assures us, &ldquo;My God shall supply all your need according to his riches in glory by Christ Jesus.&rdquo; <span class=\"egwlink egwlink_bible\" title=\"Philippians 4:19\" data-link=\"1965.60082\">Philippians 4:19</span>. His riches are unsearchable. Why will men persist in being in want, when they might have abundance? ",
    "puborder": 1329,
    "translations": []
  }
]