[
  {
    "para_id": "14192.412",
    "id_prev": "14192.411",
    "id_next": "14192.413",
    "refcode_1": "MHBCC",
    "refcode_2": "12",
    "refcode_3": "",
    "refcode_4": "73",
    "refcode_short": "MHBCC 12",
    "refcode_long": "Matthew Henry's Complete Bible Commentary, p. 12 (Matthew Henry)",
    "element_type": "h4",
    "element_subtype": "",
    "content": "<span class=\"egwlink egwlink_bible\" title=\"Genesis 11:5\" data-link=\"1965.557\">Verses 5&mdash;9</span> <span class=\"egwlink egwlink_bible\" title=\"Genesis 11:6\" data-link=\"1965.559\"></span> <span class=\"egwlink egwlink_bible\" title=\"Genesis 11:7\" data-link=\"1965.561\"></span> <span class=\"egwlink egwlink_bible\" title=\"Genesis 11:8\" data-link=\"1965.563\"></span> <span class=\"egwlink egwlink_bible\" title=\"Genesis 11:9\" data-link=\"1965.565\"></span>",
    "puborder": 400,
    "translations": []
  },
  {
    "para_id": "14192.413",
    "id_prev": "14192.412",
    "id_next": "14192.414",
    "refcode_1": "MHBCC",
    "refcode_2": "12",
    "refcode_3": "11",
    "refcode_4": "",
    "refcode_short": "MHBCC 12.11",
    "refcode_long": "Matthew Henry's Complete Bible Commentary, p. 12.11 (Matthew Henry)",
    "element_type": "p",
    "element_subtype": "standard-indented",
    "content": "We have here the quashing of the project of the Babel-builders, and the turning of the counsel of those froward men headlong, that God&rsquo;s counsel might stand in spite of them. Here is,",
    "puborder": 401,
    "translations": []
  },
  {
    "para_id": "14192.414",
    "id_prev": "14192.413",
    "id_next": "14192.415",
    "refcode_1": "MHBCC",
    "refcode_2": "12",
    "refcode_3": "12",
    "refcode_4": "",
    "refcode_short": "MHBCC 12.12",
    "refcode_long": "Matthew Henry's Complete Bible Commentary, p. 12.12 (Matthew Henry)",
    "element_type": "p",
    "element_subtype": "standard-indented",
    "content": "I. The cognizance God took of the design that was on foot: <i>The Lord came down to see the city</i>, <span class=\"egwlink egwlink_bible\" title=\"Genesis 11:5\" data-link=\"1965.557\">Genesis 11:5</span>. It is an expression after the manner of men; he knew it as clearly and fully as men know that which they come to the place to view. Observe, 1. Before he gave judgment upon their cause, he enquired into it; for God is incontestably just and fair in all his proceedings against sin and sinners, and condemns none unheard. 2. It is spoken of as an act of condescension in God to take notice even of this building, which the undertakers were so proud of; for he humbles himself to behold the transactions, even the most considerable ones, of this lower world, <span class=\"egwlink egwlink_bible\" title=\"Psalms 113:6\" data-link=\"1965.32251\">Psalms 113:6</span>. 3. It is said to be <i>the tower which the children of men built</i>, which intimates, (1.) Their weakness and frailty as men. It was a very foolish thing for the children of men, worms of the earth, to defy Heaven, and to provoke the Lord to jealousy. <i>Are they stronger than he</i>? (2.) Their sinfulness and obnoxiousness. They were the sons of <i>Adam</i>, so it is in the Hebrew; nay, of that Adam, that sinful disobedient Adam, whose children are by nature children of disobedience, children that are corrupters. (3.) Their distinction from the children of God, the professors of religion, from whom these daring builders had separated themselves, and built this tower to support and perpetuate the separation. Pious Eber is not found among this ungodly crew; for he and his are called the children of God, and therefore their souls come not into the secret, nor unite themselves to the assembly, of these children of men.",
    "puborder": 402,
    "translations": []
  },
  {
    "para_id": "14192.415",
    "id_prev": "14192.414",
    "id_next": "14192.416",
    "refcode_1": "MHBCC",
    "refcode_2": "12",
    "refcode_3": "13",
    "refcode_4": "",
    "refcode_short": "MHBCC 12.13",
    "refcode_long": "Matthew Henry's Complete Bible Commentary, p. 12.13 (Matthew Henry)",
    "element_type": "p",
    "element_subtype": "standard-indented",
    "content": "II. The counsels and resolves of the Eternal God concerning this matter; he did not come down merely as a spectator, but as a judge, as a prince, to <i>look upon these proud men, and abase them</i>, <span class=\"egwlink egwlink_bible\" title=\"Job 40:11\" data-link=\"1965.28247\">Job 40:11-40:14</span>. Observe,",
    "puborder": 403,
    "translations": []
  },
  {
    "para_id": "14192.416",
    "id_prev": "14192.415",
    "id_next": "14192.417",
    "refcode_1": "MHBCC",
    "refcode_2": "12",
    "refcode_3": "14",
    "refcode_4": "",
    "refcode_short": "MHBCC 12.14",
    "refcode_long": "Matthew Henry's Complete Bible Commentary, p. 12.14 (Matthew Henry)",
    "element_type": "p",
    "element_subtype": "standard-indented",
    "content": "1. He suffered them to proceed a good way in their enterprise before he put a stop to it, that they might have space to repent, and, if they had so much consideration left, might be ashamed of it and weary of it themselves; and if not that their disappointment might be the more shameful, and every one that passed by might laugh at them, saying, <i>These men began to build, and were not able to finish</i>, that so the works of their hands, from which they promised themselves immortal honour, might turn to their perpetual reproach. Note, God has wise and holy ends in permitting the enemies of his glory to carry on their impious projects a great way, and to prosper long in their enterprises.",
    "puborder": 404,
    "translations": []
  },
  {
    "para_id": "14192.417",
    "id_prev": "14192.416",
    "id_next": "14192.418",
    "refcode_1": "MHBCC",
    "refcode_2": "12",
    "refcode_3": "15",
    "refcode_4": "",
    "refcode_short": "MHBCC 12.15",
    "refcode_long": "Matthew Henry's Complete Bible Commentary, p. 12.15 (Matthew Henry)",
    "element_type": "p",
    "element_subtype": "standard-indented",
    "content": "2. When they had, with much care and toil, made some considerable progress in their building, then God determined to break their measures and disperse them. Observe,",
    "puborder": 405,
    "translations": []
  },
  {
    "para_id": "14192.418",
    "id_prev": "14192.417",
    "id_next": "14192.419",
    "refcode_1": "MHBCC",
    "refcode_2": "12",
    "refcode_3": "16",
    "refcode_4": "",
    "refcode_short": "MHBCC 12.16",
    "refcode_long": "Matthew Henry's Complete Bible Commentary, p. 12.16 (Matthew Henry)",
    "element_type": "p",
    "element_subtype": "standard-indented",
    "content": "(1.) The righteousness of God, which appears in the considerations upon which he proceeded in this resolution, <span class=\"egwlink egwlink_bible\" title=\"Genesis 11:6\" data-link=\"1965.559\">Genesis 11:6</span>. Two things he considered:&mdash;[1.] Their oneness, as a reason why they must be scattered: &ldquo;<i>Behold, the people are one, and they have all one language</i>. If they continue one, much of the earth will be left uninhabited; the power of their prince will soon be exorbitant; wickedness and profaneness will be insufferably rampant, for they will strengthen one another&rsquo;s hands in it; and, which is worst of all, there will be an overbalance to the church, and these children of men, if thus incorporated, will swallow up the little remnant of God&rsquo;s children.&rdquo; Therefore it is decreed that they must not be one. Note, Unity is a policy, but it is not the infallible mark of a true church; yet, while the builders of Babel, though of different families, dispositions, and interests, were thus unanimous in opposing God, what a pity is it, and what a shame, that the builders of Sion, though united in one common head and Spirit, should be divided, as they are, in serving God! But marvel not at the matter. Christ came not to send peace. [2.] Their obstinacy: <i>Now nothing will be restrained from them</i>; and this is a reason why they must be crossed and thwarted in their design. God had tried, by his commands and admonitions, to bring them off from this project, but in vain; therefore he must take another course with them. See here, <i>First</i>, The sinfulness of sin, and the wilfulness of sinners; ever since Adam would not be restrained from the forbidden tree, his unsanctified seed have been impatient of restraint and ready to rebel against it. <i>Secondly</i>, See the necessity of God&rsquo;s judgments upon earth, to keep the world in some order and to tie the hands of those that will not be checked by law.",
    "puborder": 406,
    "translations": []
  },
  {
    "para_id": "14192.419",
    "id_prev": "14192.418",
    "id_next": "14192.420",
    "refcode_1": "MHBCC",
    "refcode_2": "12",
    "refcode_3": "17",
    "refcode_4": "",
    "refcode_short": "MHBCC 12.17",
    "refcode_long": "Matthew Henry's Complete Bible Commentary, p. 12.17 (Matthew Henry)",
    "element_type": "p",
    "element_subtype": "standard-indented",
    "content": "(2.) The wisdom and mercy of God in the methods that were taken for the defeating of this enterprise (<span class=\"egwlink egwlink_bible\" title=\"Genesis 11:7\" data-link=\"1965.561\">Genesis 11:7</span>): <i>Go to, let us go down, and there confound their language</i>. This was not spoken to the angels, as if God needed either their advice or their assistance, but God speaks it to himself, or the Father to the Son and Holy Ghost. They said, <i>Go to, let us make brick</i>, and <i>Go to, let us build a tower</i>, animating one another to the attempt; and now God says, <i>Go to, let us confound their language</i>; for, if men stir up themselves to sin, God will stir up himself to take vengeance, <span class=\"egwlink egwlink_bible\" title=\"Isaiah 59:17\" data-link=\"1965.38398\">Isaiah 59:17, 59:18</span>. Now observe here, [1.] The mercy of God, in moderating the penalty, and not making it proportionable to the offence; for <i>he deals not with us according to our sins</i>. He does not say, &ldquo;<i>Let us go down</i> now in thunder and lightning, and consume those rebels in a moment;&rdquo; or, &ldquo;Let the earth open, and swallow up them and their building, and let those go down quickly into hell who are climbing to heaven the wrong way.&rdquo; No; only, &ldquo;<i>Let us go down</i>, and scatter them.&rdquo; They deserved death, but are only banished or transported; for the patience of God is very great towards a provoking world. Punishments are chiefly reserved for the future state. God&rsquo;s judgments on sinners in this life, compared with those which are reserved, are little more than restraints. [2.] The wisdom of God, in pitching upon an effectual expedient to stay proceedings, which was the confounding of their language, that they might not understand one another&rsquo;s speech, nor could they well join hands when their tongues were divided; so that this would be a very proper method both for taking them off from their building (for, if they could not understand one another, they could not help one another) and also for disposing them to scatter; for, when they could not understand one another, they could not take pleasure in one another. Note, God has various means, and effectual ones, to baffle and defeat the projects of proud men that set themselves against him, and particularly to divide them among themselves, either by dividing their spirits (<span class=\"egwlink egwlink_bible\" title=\"Judges 9:23\" data-link=\"1965.13784\">Judges 9:23</span>), or by dividing their tongues, as David prays, <span class=\"egwlink egwlink_bible\" title=\"Psalms 55:9\" data-link=\"1965.30037\">Psalms 55:9</span>.",
    "puborder": 407,
    "translations": []
  },
  {
    "para_id": "14192.420",
    "id_prev": "14192.419",
    "id_next": "14192.421",
    "refcode_1": "MHBCC",
    "refcode_2": "12",
    "refcode_3": "18",
    "refcode_4": "",
    "refcode_short": "MHBCC 12.18",
    "refcode_long": "Matthew Henry's Complete Bible Commentary, p. 12.18 (Matthew Henry)",
    "element_type": "p",
    "element_subtype": "standard-indented",
    "content": "III. The execution of these counsels of God, to the blasting and defeating of the counsels of men, <span class=\"egwlink egwlink_bible\" title=\"Genesis 11:8\" data-link=\"1965.563\">Genesis 11:8, 11:9</span>. God made them know <i>whose word should stand, his or theirs</i>, as the expression is, <span class=\"egwlink egwlink_bible\" title=\"Jeremiah 44:28\" data-link=\"1965.40892\">Jeremiah 44:28</span>. Notwithstanding their oneness and obstinacy, God was too hard for them, and wherein they dealt proudly he was above them; for <i>who ever hardened his heart against him and prospered</i>? Three things were done:&mdash;",
    "puborder": 408,
    "translations": []
  },
  {
    "para_id": "14192.421",
    "id_prev": "14192.420",
    "id_next": "14192.422",
    "refcode_1": "MHBCC",
    "refcode_2": "12",
    "refcode_3": "19",
    "refcode_4": "",
    "refcode_short": "MHBCC 12.19",
    "refcode_long": "Matthew Henry's Complete Bible Commentary, p. 12.19 (Matthew Henry)",
    "element_type": "p",
    "element_subtype": "standard-indented",
    "content": "1. Their language was confounded. God, who, when he made man, taught him to speak, and put words into his mouth fit to express the conceptions of his mind by, now caused these builders to forget their former language, and to speak and understand a new one, which yet was common to those of the same tribe or family, but not to others: those of one colony could converse together, but not with those of another. Now, (1.) This was a great miracle, and a proof of the power which God has upon the minds and tongues of men, which he turns as the rivers of water. (2.) This was a great judgment upon these builders; for, being thus deprived of the knowledge of the ancient and holy tongue, they had become incapable of communicating with the true church, in which it was retained, and probably it contributed much to their loss of the knowledge of the true God. (3.) We all suffer by it, to this day. In all the inconveniences we sustain by the diversity of languages, and all the pains and trouble we are at to learn the languages we have occasion for, we smart for the rebellion of our ancestors at Babel. Nay, and those unhappy controversies which are strifes of words, and arise from our misunderstanding one another&rsquo;s language, for aught I know are owing to this confusion of tongues. (4.) The project of some to frame a universal character, in order to a universal language, how desirable soever it may seem, is yet, I think, but a vain thing to attempt; for it is to strive against a divine sentence, by which the languages of the nations will be divided while the world stands. (5.) We may here lament the loss of the universal use of the Hebrew tongue, which from this time was the vulgar language of the Hebrews only, and continued so till the captivity in Babylon, where, even among them, it was exchanged for the Syriac. (6.) As the confounding of tongues divided the children of men and scattered them abroad, so the gift of tongues, bestowed upon the apostles (<span class=\"egwlink egwlink_bible\" title=\"Acts 2:1\" data-link=\"1965.54967\">Acts 2:1-2:13</span>), contributed greatly to the gathering together of the children of God, who were scattered abroad, and the uniting of them in Christ, that with one mind and one mouth they might glorify God, <span class=\"egwlink egwlink_bible\" title=\"Romans 15:6\" data-link=\"1965.57727\">Romans 15:6</span>.",
    "puborder": 409,
    "translations": []
  },
  {
    "para_id": "14192.422",
    "id_prev": "14192.421",
    "id_next": "14192.423",
    "refcode_1": "MHBCC",
    "refcode_2": "12",
    "refcode_3": "20",
    "refcode_4": "",
    "refcode_short": "MHBCC 12.20",
    "refcode_long": "Matthew Henry's Complete Bible Commentary, p. 12.20 (Matthew Henry)",
    "element_type": "p",
    "element_subtype": "standard-indented",
    "content": "2. Their building was stopped: <i>They left off to build the city</i>. This was the effect of the confusion of their tongues; for it not only incapacitated them for helping one another, but probably struck such a damp upon their spirits that they could not proceed, since they saw, in this, the hand of the Lord gone out against them. Note, (1.) It is wisdom to leave off that which we see God fights against. (2.) God is ale to blast and bring to nought all the devices and designs of Babel-builders. He sits in heaven, and laughs at the counsels of the kings of the earth against him and his anointed; and will force them to confess that there is no wisdom nor counsel against the Lord, <span class=\"egwlink egwlink_bible\" title=\"Proverbs 21:30\" data-link=\"1965.34700\">Proverbs 21:30, 8:9, 8:10</span>.",
    "puborder": 410,
    "translations": []
  },
  {
    "para_id": "14192.423",
    "id_prev": "14192.422",
    "id_next": "14192.424",
    "refcode_1": "MHBCC",
    "refcode_2": "12",
    "refcode_3": "21",
    "refcode_4": "",
    "refcode_short": "MHBCC 12.21",
    "refcode_long": "Matthew Henry's Complete Bible Commentary, p. 12.21 (Matthew Henry)",
    "element_type": "p",
    "element_subtype": "standard-indented",
    "content": "3. The builders were scattered abroad upon the face of the whole earth, <span class=\"egwlink egwlink_bible\" title=\"Genesis 11:8\" data-link=\"1965.563\">Genesis 11:8, 11:9</span>. They departed in companies, after their families, and after their tongues (<span class=\"egwlink egwlink_bible\" title=\"Genesis 10:5\" data-link=\"1965.492\">Genesis 10:5, 10:20, 10:31</span>), to the several countries and places allotted to them in the division that had been made, which they knew before, but would not go to take possession of till now that they were forced to it. Observe here, (1.) The very thing which they feared came upon them. That dispersion which sought to evade by an act of rebellion they by this act brought upon themselves; for we are most likely to fall into that trouble which we seek to evade by indirect and sinful methods. (2.) It was God&rsquo;s work: <i>The Lord scattered them</i>. God&rsquo;s hand is to be acknowledged in all scattering providences; if the family be scattered, relations scattered, churches scattered, it is the Lord&rsquo;s doing. (3.) Though they were as firmly in league with one another as could be, yet the Lord scattered them; for no man can keep together what God will put asunder. (4.) Thus God justly took vengeance on them for their oneness in that presumptuous attempt to build their tower. Shameful dispersions are the just punishment of sinful unions. Simeon and Levi, who had been brethren in iniquity, were divided in Jacob, <span class=\"egwlink egwlink_bible\" title=\"Genesis 49:5\" data-link=\"1965.3009\">Genesis 49:5, 49:7, 83:3-83:13</span>. (5.) They left behind them a perpetual memorandum of their reproach, in the name given to the place. It was called <i>Babel, confusion</i>. Those that aim at a great name commonly come off with a <i>bad</i> name. (6.) The children of men were now finally scattered, and never did, nor ever will, come all together again, till the great day, when the Son of man shall sit upon the throne of his glory, and all nations shall be gathered before him, <span class=\"egwlink egwlink_bible\" title=\"Matthew 25:31\" data-link=\"1965.49075\">Matthew 25:31, 25:32</span>.",
    "puborder": 411,
    "translations": []
  }
]