[
  {
    "para_id": "14192.1953",
    "id_prev": "14192.1952",
    "id_next": "14192.1954",
    "refcode_1": "MHBCC",
    "refcode_2": "76",
    "refcode_3": "",
    "refcode_4": "324",
    "refcode_short": "MHBCC 76",
    "refcode_long": "Matthew Henry's Complete Bible Commentary, p. 76 (Matthew Henry)",
    "element_type": "h4",
    "element_subtype": "",
    "content": "<span class=\"egwlink egwlink_bible\" title=\"Exodus 25:31\" data-link=\"1965.4532\">Verses 31&mdash;40</span> <span class=\"egwlink egwlink_bible\" title=\"Exodus 25:32\" data-link=\"1965.4534\"></span> <span class=\"egwlink egwlink_bible\" title=\"Exodus 25:33\" data-link=\"1965.4536\"></span> <span class=\"egwlink egwlink_bible\" title=\"Exodus 25:34\" data-link=\"1965.4538\"></span> <span class=\"egwlink egwlink_bible\" title=\"Exodus 25:35\" data-link=\"1965.4540\"></span> <span class=\"egwlink egwlink_bible\" title=\"Exodus 25:36\" data-link=\"1965.4542\"></span> <span class=\"egwlink egwlink_bible\" title=\"Exodus 25:37\" data-link=\"1965.4544\"></span> <span class=\"egwlink egwlink_bible\" title=\"Exodus 25:38\" data-link=\"1965.4546\"></span> <span class=\"egwlink egwlink_bible\" title=\"Exodus 25:39\" data-link=\"1965.4548\"></span> <span class=\"egwlink egwlink_bible\" title=\"Exodus 25:40\" data-link=\"1965.4550\"></span>",
    "puborder": 1877,
    "translations": []
  },
  {
    "para_id": "14192.1954",
    "id_prev": "14192.1953",
    "id_next": "14192.1955",
    "refcode_1": "MHBCC",
    "refcode_2": "76",
    "refcode_3": "18",
    "refcode_4": "",
    "refcode_short": "MHBCC 76.18",
    "refcode_long": "Matthew Henry's Complete Bible Commentary, p. 76.18 (Matthew Henry)",
    "element_type": "p",
    "element_subtype": "standard-indented",
    "content": "I. The next thing ordered to be made for the furnishing of God&rsquo;s palace was a rich stately candlestick, all of pure gold, not hollow, but solid. The particular directions here given concerning it show, 1. That it was very magnificent, and a great ornament to the place; it had many branches drawn from the main shaft, which had not only their bowls (to put the oil and the kindled wick in) for necessity, but knops and flowers for ornament. 2. That it was very convenient, and admirably contrived both to scatter the light and to keep the tabernacle clean from smoke and snuffs. 3. That it was very significant. The tabernacle had no windows by which to let in the light of the day, all its light was candle-light, which intimates the comparative darkness of that dispensation, while the Sun or righteousness had not as yet risen, nor had the day-star from on high yet visited his church. Yet God left not himself without witness, nor them without instruction; the commandment was a lamp, and the law a light, and the prophets were branches from that lamp, which gave light in their several ages to the Old-Testament church. The church is still dark, as the tabernacle was, in comparison with what it will be in heaven; but the word of God is the candlestick, <i>a light shining in a dark place</i> (<span class=\"egwlink egwlink_bible\" title=\"2 Peter 1:19\" data-link=\"1965.62217\">2 Peter 1:19</span>), and a dark place indeed the world would be without it. The Spirit of God, in his various gifts and graces, is compared to the <i>seven lamps</i> which <i>burn before the throne</i>, <span class=\"egwlink egwlink_bible\" title=\"Revelation 4:5\" data-link=\"1965.62786\">Revelation 4:5</span>. The churches are golden candlesticks, the lights of the world, <i>holding forth the word of life</i> as the candlestick does the light, <span class=\"egwlink egwlink_bible\" title=\"Philippians 2:15\" data-link=\"1965.59970\">Philippians 2:15, 2:16</span>. Ministers are to light the lamps, and snuff them (<span class=\"egwlink egwlink_bible\" title=\"Exodus 25:37\" data-link=\"1965.4544\">Exodus 25:37</span>), by opening the scriptures. The treasure of this light is now put into <i>earthen vessels</i>, <span class=\"egwlink egwlink_bible\" title=\"2 Corinthians 4:6\" data-link=\"1965.58862\">2 Corinthians 4:6, 4:7</span>. The branches of the candlestick spread every way, to denote the diffusing of the light of the gospel into all parts by the Christian ministry, <span class=\"egwlink egwlink_bible\" title=\"Matthew 5:14\" data-link=\"1965.47473\">Matthew 5:14, 5:15</span>. There is a <i>diversity of gifts</i>, but the same Spirit gives to each to profit withal.",
    "puborder": 1878,
    "translations": []
  },
  {
    "para_id": "14192.1955",
    "id_prev": "14192.1954",
    "id_next": "14192.1957",
    "refcode_1": "MHBCC",
    "refcode_2": "76",
    "refcode_3": "19",
    "refcode_4": "",
    "refcode_short": "MHBCC 76.19",
    "refcode_long": "Matthew Henry's Complete Bible Commentary, p. 76.19 (Matthew Henry)",
    "element_type": "p",
    "element_subtype": "standard-indented",
    "content": "II. There is in the midst of these instructions an express caution given to Moses, to take heed of varying from his model: <i>Make them after the pattern shown thee</i>, <span class=\"egwlink egwlink_bible\" title=\"Exodus 25:40\" data-link=\"1965.4550\">Exodus 25:40</span>. Nothing was left to his own invention, or the fancy of the workmen, or the people&rsquo;s humour; but the will of God must be religiously observed in every particular. Thus, 1. All God&rsquo;s providences are exactly according to his counsels, and the copy never varies from the original. Infinite Wisdom never changes its measures; whatever is purposed shall undoubtedly be performed. 2. All his ordinances must be administered according to his institutions. Christ&rsquo;s instruction to his disciples (<span class=\"egwlink egwlink_bible\" title=\"Matthew 28:20\" data-link=\"1965.49430\">Matthew 28:20</span>) is similar to this: <i>Observe all things whatsoever I have commanded you</i>.",
    "puborder": 1879,
    "translations": []
  }
]