[
  {
    "para_id": "14192.1655",
    "id_prev": "14192.1654",
    "id_next": "14192.1656",
    "refcode_1": "MHBCC",
    "refcode_2": "63",
    "refcode_3": "",
    "refcode_4": "280",
    "refcode_short": "MHBCC 63",
    "refcode_long": "Matthew Henry's Complete Bible Commentary, p. 63 (Matthew Henry)",
    "element_type": "h4",
    "element_subtype": "",
    "content": "<span class=\"egwlink egwlink_bible\" title=\"Exodus 12:29\" data-link=\"1965.3757\">Verses 29&mdash;36</span> <span class=\"egwlink egwlink_bible\" title=\"Exodus 12:30\" data-link=\"1965.3759\"></span> <span class=\"egwlink egwlink_bible\" title=\"Exodus 12:31\" data-link=\"1965.3761\"></span> <span class=\"egwlink egwlink_bible\" title=\"Exodus 12:32\" data-link=\"1965.3763\"></span> <span class=\"egwlink egwlink_bible\" title=\"Exodus 12:33\" data-link=\"1965.3765\"></span> <span class=\"egwlink egwlink_bible\" title=\"Exodus 12:34\" data-link=\"1965.3767\"></span> <span class=\"egwlink egwlink_bible\" title=\"Exodus 12:35\" data-link=\"1965.3769\"></span> <span class=\"egwlink egwlink_bible\" title=\"Exodus 12:36\" data-link=\"1965.3771\"></span>",
    "puborder": 1592,
    "translations": []
  },
  {
    "para_id": "14192.1656",
    "id_prev": "14192.1655",
    "id_next": "14192.1657",
    "refcode_1": "MHBCC",
    "refcode_2": "63",
    "refcode_3": "17",
    "refcode_4": "",
    "refcode_short": "MHBCC 63.17",
    "refcode_long": "Matthew Henry's Complete Bible Commentary, p. 63.17 (Matthew Henry)",
    "element_type": "p",
    "element_subtype": "standard-indented",
    "content": "Here we have, I. The Egyptians&rsquo; sons, even their first-born, slain, <span class=\"egwlink egwlink_bible\" title=\"Exodus 12:29\" data-link=\"1965.3757\">Exodus 12:29, 12:30</span>. If Pharaoh would have taken the warning which was given him of this plague, and would thereupon have released Israel, what a great many dear and valuable lives might have been preserved! But see what obstinate infidelity brings upon men. Observe, 1. The time when this blow was given: It was <i>at midnight</i>, which added to the terror of it. The three preceding nights were made dreadful by the additional plague of darkness, which might be felt, and doubtless disturbed their repose; and now, when they hoped for one quiet night&rsquo;s rest, at midnight was the alarm given. When the destroying angel drew his sword against Jerusalem, it was in the day-time (<span class=\"egwlink egwlink_bible\" title=\"2 Samuel 24:15\" data-link=\"1965.17718\">2 Samuel 24:15</span>), which made it the less frightful; but the destruction of Egypt was by a <i>pestilence walking in darkness</i>, <span class=\"egwlink egwlink_bible\" title=\"Psalms 91:6\" data-link=\"1965.31393\">Psalms 91:6</span>. Shortly there will be an alarming cry at midnight, <i>Behold, the bridegroom cometh</i>. 2. On whom the plague fastened&mdash;on <i>their first-born</i>, the joy and hope of their respective families. They had slain the Hebrews&rsquo; children, and now God slew theirs. Thus he visits the iniquity of the fathers upon the children; and he is <i>not unrighteous who taketh vengeance</i>. 3. How far it reached&mdash;from the throne to the dungeon. Prince and peasant stand upon the same level before God&rsquo;s judgments, for there is no respect of persons with him; see <span class=\"egwlink egwlink_bible\" title=\"Job 34:19\" data-link=\"1965.27895\">Job 34:19, 34:20</span>. Now the <i>slain of the Lord were many; multitudes, multitudes</i>, fall in this <i>valley of decision</i>, when the controversy between God and Pharaoh was to be determined. 4. What an outcry was made upon it: <i>There was a great cry in Egypt</i>, universal lamentation for their <i>only</i> son (with many), and with all for their <i>first-born</i>. If any be suddenly taken ill in the night, we are wont to call up neighbours; but the Egyptians could have no help, no comfort, from their neighbours, all being involved in the same calamity. Let us learn hence, (1.) To tremble before God, and to be <i>afraid of his judgments</i>, <span class=\"egwlink egwlink_bible\" title=\"Psalms 119:120\" data-link=\"1965.32655\">Psalms 119:120</span>. Who is able to stand before him, or dares resist him? (2.) To be thankful to God for the daily preservation of ourselves and our families: lying so much exposed, we have reason to say, &ldquo;It is of the Lord&rsquo;s mercies that we are not consumed.&rdquo;",
    "puborder": 1593,
    "translations": []
  },
  {
    "para_id": "14192.1657",
    "id_prev": "14192.1656",
    "id_next": "14192.1658",
    "refcode_1": "MHBCC",
    "refcode_2": "63",
    "refcode_3": "18",
    "refcode_4": "",
    "refcode_short": "MHBCC 63.18",
    "refcode_long": "Matthew Henry's Complete Bible Commentary, p. 63.18 (Matthew Henry)",
    "element_type": "p",
    "element_subtype": "standard-indented",
    "content": "II. God&rsquo;s sons, even his first-born, released; this judgment conquered Pharaoh, and obliged him to <i>surrender at discretion</i>, without capitulating. Men had better come up to God&rsquo;s terms at first, for he will never come down to theirs, let them object as long as they will. Now Pharaoh&rsquo;s pride is abased, and he yields to all that Moses had insisted on: <i>Serve the Lord as you have said</i> (<span class=\"egwlink egwlink_bible\" title=\"Exodus 12:31\" data-link=\"1965.3761\">Exodus 12:31</span>), and <i>take your flocks as you have said</i>, <span class=\"egwlink egwlink_bible\" title=\"Exodus 12:32\" data-link=\"1965.3763\">Exodus 12:32</span>. Note, God&rsquo;s word will stand, and we shall get nothing by disputing it, or delaying to submit to it. Hitherto the Israelites were not permitted to depart, but now things had come to the last extremity, in consequence of which, 1. They are commanded to depart: <i>Rise up, and get you forth</i>, <span class=\"egwlink egwlink_bible\" title=\"Exodus 12:31\" data-link=\"1965.3761\">Exodus 12:31</span>. Pharaoh had told Moses he should <i>see his face no more</i>; but now he sent for him. Those will seek God early in their distress who before had set him at defiance. Such a fright he was now in that he gave orders by night for their discharge, fearing lest, if he delayed any longer, he himself should fall next; and that he sent them out, not as men hated (as the pagan historians have represented this matter), but as men feared, is plainly discovered by his humble request to them (<span class=\"egwlink egwlink_bible\" title=\"Exodus 12:32\" data-link=\"1965.3763\">Exodus 12:32</span>): &ldquo;<i>Bless me also</i>; let me have your prayers, that I may not be plagued for what is past, when you are gone.&rdquo; Note, Those that are enemies to God&rsquo;s church are enemies to themselves, and, sooner or later, they will be made to see it. 2. They are hired to depart by the Egyptians; they cried out (<span class=\"egwlink egwlink_bible\" title=\"Exodus 12:33\" data-link=\"1965.3765\">Exodus 12:33</span>), <i>We be all dead men</i>. Note, When death comes into our houses, it is seasonable for us to think of our own mortality. Are our relations dead? It is easy to infer thence that we are dying, and, in effect, already dead men. Upon this consideration they were urgent with the Israelites to be gone, which gave great advantage to the Israelites in borrowing their jewels, <span class=\"egwlink egwlink_bible\" title=\"Exodus 12:35\" data-link=\"1965.3769\">Exodus 12:35, 12:36</span>. When the Egyptians urged them to be gone, it was easy for the to say that the Egyptians had kept them poor, that they could not undertake such a journey with empty purses, but, that, if they would give them wherewithal to bear their charges, they would be gone. And this the divine Providence designed in suffering things to come to this extremity, that they, becoming formidable to the Egyptians, might have what they would, for asking; the Lord also, by the influence he has on the minds of people, inclined the hearts of the Egyptians to furnish them with what they desired, they probably intending thereby to <i>make atonement</i>, that the plagues might be stayed, as the Philistines, when they returned the ark, sent a present with it for a trespass-offering, having an eye to this precedent, <span class=\"egwlink egwlink_bible\" title=\"1 Samuel 6:3\" data-link=\"1965.14922\">1 Samuel 6:3, 6:6</span>. The Israelites might receive and keep what they thus borrowed, or rather required, of the Egyptians, (1.) As justly as servants receive wages from their masters for work done, and sue for it if it be detained. (2.) As justly as conquerors take the spoils of their enemies whom they have subdued; Pharaoh was in rebellion against the <i>God of the Hebrews</i>, by which all that he had was forfeited. (3.) As justly as subjects receive the estates granted to them by their prince. God is the sovereign proprietor of the earth, and the fulness thereof; and, if he take from one and give to another, who may say unto him, <i>What doest thou</i>? It was by God&rsquo;s special order and appointment that the Israelites did what they did, which was sufficient to justify them, and bear them out; but what they did will by no means authorize others (who cannot pretend to any such warrant) to do the same. Let us remember, [1.] That the King of kings can do no wrong. [2.] That he will do right to those whom men injure, <span class=\"egwlink egwlink_bible\" title=\"Psalms 146:7\" data-link=\"1965.33342\">Psalms 146:7</span>. Hence it is that the <i>wealth of the sinner</i> often proves to be <i>laid up for the just</i>, <span class=\"egwlink egwlink_bible\" title=\"Proverbs 13:22\" data-link=\"1965.34202\">Proverbs 13:22, 27:16, 27:17</span>.",
    "puborder": 1594,
    "translations": []
  }
]