[
  {
    "para_id": "14192.2089",
    "id_prev": "14192.2088",
    "id_next": "14192.2090",
    "refcode_1": "MHBCC",
    "refcode_2": "84",
    "refcode_3": "",
    "refcode_4": "350",
    "refcode_short": "MHBCC 84",
    "refcode_long": "Matthew Henry's Complete Bible Commentary, p. 84 (Matthew Henry)",
    "element_type": "h4",
    "element_subtype": "",
    "content": "<span class=\"egwlink egwlink_bible\" title=\"Exodus 33:1\" data-link=\"1965.5036\">Verses 1&mdash;6</span> <span class=\"egwlink egwlink_bible\" title=\"Exodus 33:2\" data-link=\"1965.5038\"></span> <span class=\"egwlink egwlink_bible\" title=\"Exodus 33:3\" data-link=\"1965.5040\"></span> <span class=\"egwlink egwlink_bible\" title=\"Exodus 33:4\" data-link=\"1965.5042\"></span> <span class=\"egwlink egwlink_bible\" title=\"Exodus 33:5\" data-link=\"1965.5044\"></span> <span class=\"egwlink egwlink_bible\" title=\"Exodus 33:6\" data-link=\"1965.5046\"></span>",
    "puborder": 2005,
    "translations": []
  },
  {
    "para_id": "14192.2090",
    "id_prev": "14192.2089",
    "id_next": "14192.2091",
    "refcode_1": "MHBCC",
    "refcode_2": "84",
    "refcode_3": "2",
    "refcode_4": "",
    "refcode_short": "MHBCC 84.2",
    "refcode_long": "Matthew Henry's Complete Bible Commentary, p. 84.2 (Matthew Henry)",
    "element_type": "p",
    "element_subtype": "standard-indented",
    "content": "Here is, I. The message which God sent by Moses to the children of Israel, signifying the continuance of the displeasure against them, and the bad terms they yet stood upon with God. This he must let them know for their further mortification. 1. He applies to them a mortifying name, by giving them their just character&mdash;<i>a stiff-necked people</i>, <span class=\"egwlink egwlink_bible\" title=\"Exodus 33:3\" data-link=\"1965.5040\">Exodus 33:3, 33:5</span>. &ldquo;Go,&rdquo; says God to Moses, &ldquo;go and tell them that they are so.&rdquo; He that knows them better than they know themselves says so of them. God would have brought them under the yoke of his law, and into the bond of his covenant, but their necks were too stiff to bow to them. God would have cured them of their corrupt and crooked dispositions, and have set them straight; but they were wilful and obstinate, and hated to be reformed, and would not have God to reign over them. Note, God judges of men by the temper of their minds. We know what man does; God knows what he is: we know what proceeds from man; God knows what is in man, and nothing is more displeasing to him than stiff-neckedness, as nothing in children is more offensive to their parents and teachers than stubbornness. 2. He tells them what they deserved, that he should <i>come into the midst of them in a moment, and consume them</i>, <span class=\"egwlink egwlink_bible\" title=\"Exodus 33:5\" data-link=\"1965.5044\">Exodus 33:5</span>. Had he dealt with them according to their sins, he had taken them away with a swift destruction. Note, Those whom God pardons must be made to know what their sin deserved, and how miserable they would have been if they had been unpardoned, that God&rsquo;s mercy may be the more magnified. 3. He bids them <i>depart and go up hence</i> to the land of Canaan, <span class=\"egwlink egwlink_bible\" title=\"Exodus 33:1\" data-link=\"1965.5036\">Exodus 33:1</span>. This mount Sinai, where they now were, was the place appointed for the setting up of God&rsquo;s tabernacle and solemn worship among them; this was not yet done, so that in bidding them depart hence God intimates that it should not be done&mdash;&ldquo;Let them go forward as they are;&rdquo; and so it was very expressive of God&rsquo;s displeasure. 4. He turns them over to Moses, as the people whom he had brought up out of the land of Egypt, and leaves it to him to lead them to Canaan. 5. Though he promises to make good his covenant with Abraham, in giving them Canaan, yet he denies them the extraordinary tokens of his presence, such as they had hitherto been blessed with, and leaves them under the common conduct of Moses their prince, and the common convoy of a guardian angel: &ldquo;<i>I will send an angel before thee</i>, for thy protector, otherwise the evil angels would soon destroy thee; but <i>I will not go up in the midst of thee, lest I consume thee</i>&rdquo; (<span class=\"egwlink egwlink_bible\" title=\"Exodus 33:2\" data-link=\"1965.5038\">Exodus 33:2, 33:3</span>); not as if an angel would be more patient and compassionate than God, but their affronts given to an angel would not be so provoking as those given to the <i>shechinah</i>, or divine Majesty itself. Note, The greater the privileges we enjoy the greater is our danger if we do not improve them and live up to them. 6. He speaks as one that was at a loss what course to take with them. Justice said, &ldquo;Cut them off, and consume them.&rdquo; Mercy said, &ldquo;<i>How shall I give thee up, Ephraim</i>?&rdquo; <span class=\"egwlink egwlink_bible\" title=\"Hosea 11:8\" data-link=\"1965.45400\">Hosea 11:8</span>. Well, says God, <i>put off thy ornaments, that I may know what to do with thee</i>; that is, &ldquo;Put thyself into the posture of a penitent, that the dispute may be determined in thy favour, and mercy may rejoice against judgment,&rdquo; <span class=\"egwlink egwlink_bible\" title=\"Exodus 33:5\" data-link=\"1965.5044\">Exodus 33:5</span>. Note, Calls to repentance are plain indications of mercy designed. If the Lord were pleased to kill us, justice knows what to do with a stiff-necked people: but God has no pleasure in the death of those that die; let them return and repent, and then mercy, which otherwise is at a loss, knows what to do.",
    "puborder": 2006,
    "translations": []
  },
  {
    "para_id": "14192.2091",
    "id_prev": "14192.2090",
    "id_next": "14192.2092",
    "refcode_1": "MHBCC",
    "refcode_2": "84",
    "refcode_3": "3",
    "refcode_4": "",
    "refcode_short": "MHBCC 84.3",
    "refcode_long": "Matthew Henry's Complete Bible Commentary, p. 84.3 (Matthew Henry)",
    "element_type": "p",
    "element_subtype": "standard-indented",
    "content": "II. The people&rsquo;s melancholy reception of this message; it was evil tidings to them to hear that they should not have God&rsquo;s special presence with them, and therefore, 1. <i>They mourned</i> (<span class=\"egwlink egwlink_bible\" title=\"Exodus 33:4\" data-link=\"1965.5042\">Exodus 33:4</span>), mourned for their sin which had provoked God to withdraw from them, and mourned for this as the sorest punishment of their sin. When 3000 of them were at one time laid dead upon the spot by the Levites&rsquo; sword, we do not find that they mourned for this (hoping that it would help to expiate the guilt); but when God denied them his favourable presence then they mourned and were in bitterness. Note, Of all the bitter fruits and consequences of sin, that which true penitents most lament, and dread most, is God&rsquo;s departure from them. God had promised that, notwithstanding their sin, he would give them the <i>land flowing with milk and honey</i>. but they could have small joy of that if they had not God&rsquo;s presence with them. Canaan itself would be no pleasant land without that; therefore, if they want that, they mourn. 2. In token of great shame and humiliation, those that were undressed did <i>not put on their ornaments</i> (<span class=\"egwlink egwlink_bible\" title=\"Exodus 33:4\" data-link=\"1965.5042\">Exodus 33:4</span>), and those that were dressed <i>stripped themselves of their ornaments, by the mount</i>; or, as some read it, <i>at a distance from the mount</i> (<span class=\"egwlink egwlink_bible\" title=\"Exodus 33:6\" data-link=\"1965.5046\">Exodus 33:6</span>), standing afar off like the publican, <span class=\"egwlink egwlink_bible\" title=\"Luke 18:13\" data-link=\"1965.52438\">Luke 18:13</span>. God bade them <i>lay aside their ornaments</i> (<span class=\"egwlink egwlink_bible\" title=\"Exodus 33:5\" data-link=\"1965.5044\">Exodus 33:5</span>), and they did so, both to show, in general, their deep mourning, and, in particular, to take a holy revenge upon themselves for giving their ear-rings to make the golden calf of. Those that would part with their ornaments for the maintenance of their sin could do no less than lay aside their ornaments in token of their sorrow and shame for it. When the <i>Lord God calls to weeping and mourning</i> we must comply with the call, and not only fast from pleasant bread (<span class=\"egwlink egwlink_bible\" title=\"Daniel 10:3\" data-link=\"1965.44926\">Daniel 10:3</span>), but lay aside our ornaments; even those that are decent enough at other times are unseasonably worn on days of humiliation or in times of public calamity, <span class=\"egwlink egwlink_bible\" title=\"Isaiah 3:18\" data-link=\"1965.36158\">Isaiah 3:18</span>.",
    "puborder": 2007,
    "translations": []
  }
]