[
  {
    "para_id": "1387.3090",
    "id_prev": "1387.3089",
    "id_next": "1387.3091",
    "refcode_1": "TDOC",
    "refcode_2": "293",
    "refcode_3": "",
    "refcode_4": "",
    "refcode_short": "TDOC 293",
    "refcode_long": "The Doctrine of Christ, p. 293 (William Warren Prescott)",
    "element_type": "h3",
    "element_subtype": "",
    "content": "BIBLIOGRAPHY",
    "puborder": 2678,
    "translations": []
  },
  {
    "para_id": "1387.3091",
    "id_prev": "1387.3090",
    "id_next": "1387.3092",
    "refcode_1": "TDOC",
    "refcode_2": "293",
    "refcode_3": "5",
    "refcode_4": "",
    "refcode_short": "TDOC 293.5",
    "refcode_long": "The Doctrine of Christ, p. 293.5 (William Warren Prescott)",
    "element_type": "p",
    "element_subtype": "standard-indented",
    "content": "IN the general field of investigation covered by the foregoing lessons the following books will be found helpful, in addition to those whose titles are given in the notes. It is, of course, understood that unqualified endorsement is not necessarily given to all the volumes here listed, but they are suggested as valuable aids if read with some discrimination.",
    "puborder": 2679,
    "translations": []
  },
  {
    "para_id": "1387.3092",
    "id_prev": "1387.3091",
    "id_next": "1387.3093",
    "refcode_1": "TDOC",
    "refcode_2": "293",
    "refcode_3": "6",
    "refcode_4": "",
    "refcode_short": "TDOC 293.6",
    "refcode_long": "The Doctrine of Christ, p. 293.6 (William Warren Prescott)",
    "element_type": "p",
    "element_subtype": "standard-indented",
    "content": "&ldquo;The Fundamentals.&rdquo; Four volumes. Los Angeles, California: Published by The Bible Institute of Los Angeles.",
    "puborder": 2680,
    "translations": []
  },
  {
    "para_id": "1387.3093",
    "id_prev": "1387.3092",
    "id_next": "1387.3094",
    "refcode_1": "TDOC",
    "refcode_2": "293",
    "refcode_3": "7",
    "refcode_4": "",
    "refcode_short": "TDOC 293.7",
    "refcode_long": "The Doctrine of Christ, p. 293.7 (William Warren Prescott)",
    "element_type": "p",
    "element_subtype": "standard-indented",
    "content": "&ldquo;The Progress of Doctrine in the New Testament,&rdquo; the Bampton Lecture of 1864, Thomas Dehany Bernard, M. A.",
    "puborder": 2681,
    "translations": []
  },
  {
    "para_id": "1387.3094",
    "id_prev": "1387.3093",
    "id_next": "1387.3095",
    "refcode_1": "TDOC",
    "refcode_2": "293",
    "refcode_3": "8",
    "refcode_4": "",
    "refcode_short": "TDOC 293.8",
    "refcode_long": "The Doctrine of Christ, p. 293.8 (William Warren Prescott)",
    "element_type": "p",
    "element_subtype": "standard-indented",
    "content": "&ldquo;The Characteristic Differences of the Four Gospels,&rdquo; Andrew Jukes. London: James Nisbet &amp; Co.",
    "puborder": 2682,
    "translations": []
  },
  {
    "para_id": "1387.3095",
    "id_prev": "1387.3094",
    "id_next": "1387.3096",
    "refcode_1": "TDOC",
    "refcode_2": "293",
    "refcode_3": "9",
    "refcode_4": "",
    "refcode_short": "TDOC 293.9",
    "refcode_long": "The Doctrine of Christ, p. 293.9 (William Warren Prescott)",
    "element_type": "p",
    "element_subtype": "standard-indented",
    "content": "&ldquo;The Bible: Its Divine Origin and Inspiration,&rdquo; L. Gaussen, D. D. New York: Phillips and Hunt.",
    "puborder": 2683,
    "translations": []
  },
  {
    "para_id": "1387.3096",
    "id_prev": "1387.3095",
    "id_next": "1387.3097",
    "refcode_1": "TDOC",
    "refcode_2": "293",
    "refcode_3": "10",
    "refcode_4": "",
    "refcode_short": "TDOC 293.10",
    "refcode_long": "The Doctrine of Christ, p. 293.10 (William Warren Prescott)",
    "element_type": "p",
    "element_subtype": "standard-indented",
    "content": "&ldquo;Christ and the Scriptures,&rdquo; Reverend Adolph Saphir, D. D. London: Morgan and Scott.",
    "puborder": 2684,
    "translations": []
  },
  {
    "para_id": "1387.3097",
    "id_prev": "1387.3096",
    "id_next": "1387.3098",
    "refcode_1": "TDOC",
    "refcode_2": "293",
    "refcode_3": "11",
    "refcode_4": "",
    "refcode_short": "TDOC 293.11",
    "refcode_long": "The Doctrine of Christ, p. 293.11 (William Warren Prescott)",
    "element_type": "p",
    "element_subtype": "standard-indented",
    "content": "&ldquo;Christ and the Comforter,&rdquo; Reverend F. S. Webster, M. A. London: Marshall Brothers.",
    "puborder": 2685,
    "translations": []
  },
  {
    "para_id": "1387.3098",
    "id_prev": "1387.3097",
    "id_next": "1387.3099",
    "refcode_1": "TDOC",
    "refcode_2": "293",
    "refcode_3": "12",
    "refcode_4": "",
    "refcode_short": "TDOC 293.12",
    "refcode_long": "The Doctrine of Christ, p. 293.12 (William Warren Prescott)",
    "element_type": "p",
    "element_subtype": "standard-indented",
    "content": "&ldquo;Christianity Is Christ,&rdquo; W. H. &lsquo;Griffith Thomas, D. D. New York: Longmans, Green &amp; Co.",
    "puborder": 2686,
    "translations": []
  },
  {
    "para_id": "1387.3099",
    "id_prev": "1387.3098",
    "id_next": "1387.3100",
    "refcode_1": "TDOC",
    "refcode_2": "293",
    "refcode_3": "13",
    "refcode_4": "",
    "refcode_short": "TDOC 293.13",
    "refcode_long": "The Doctrine of Christ, p. 293.13 (William Warren Prescott)",
    "element_type": "p",
    "element_subtype": "standard-indented",
    "content": "&ldquo;The Church&rsquo;s One Foundation,&rdquo; Reverend W. Robertson Nicoll, M. A. New York: A. C. Armstrong &amp; Son.",
    "puborder": 2687,
    "translations": []
  },
  {
    "para_id": "1387.3100",
    "id_prev": "1387.3099",
    "id_next": "1387.3101",
    "refcode_1": "TDOC",
    "refcode_2": "293",
    "refcode_3": "14",
    "refcode_4": "",
    "refcode_short": "TDOC 293.14",
    "refcode_long": "The Doctrine of Christ, p. 293.14 (William Warren Prescott)",
    "element_type": "p",
    "element_subtype": "standard-indented",
    "content": "&ldquo;The Incarnation,&rdquo; G. S. Streatfeild, M. A. New York: Longmans, Green &amp; Co.",
    "puborder": 2688,
    "translations": []
  },
  {
    "para_id": "1387.3101",
    "id_prev": "1387.3100",
    "id_next": "1387.3102",
    "refcode_1": "TDOC",
    "refcode_2": "293",
    "refcode_3": "15",
    "refcode_4": "",
    "refcode_short": "TDOC 293.15",
    "refcode_long": "The Doctrine of Christ, p. 293.15 (William Warren Prescott)",
    "element_type": "p",
    "element_subtype": "standard-indented",
    "content": "&ldquo;The Epistle to the Ephesians,&rdquo; R. W. Dale, M. A. London: Hodder and Stoughton.",
    "puborder": 2689,
    "translations": []
  },
  {
    "para_id": "1387.3102",
    "id_prev": "1387.3101",
    "id_next": "1387.3103",
    "refcode_1": "TDOC",
    "refcode_2": "293",
    "refcode_3": "16",
    "refcode_4": "",
    "refcode_short": "TDOC 293.16",
    "refcode_long": "The Doctrine of Christ, p. 293.16 (William Warren Prescott)",
    "element_type": "p",
    "element_subtype": "standard-indented",
    "content": "&ldquo;The I AMS of Christ,&rdquo; Samuel H. Giesy, D. D. New York: Anson D. F. Randolph &amp; Go.",
    "puborder": 2690,
    "translations": []
  },
  {
    "para_id": "1387.3103",
    "id_prev": "1387.3102",
    "id_next": "1387.3104",
    "refcode_1": "TDOC",
    "refcode_2": "293",
    "refcode_3": "17",
    "refcode_4": "",
    "refcode_short": "TDOC 293.17",
    "refcode_long": "The Doctrine of Christ, p. 293.17 (William Warren Prescott)",
    "element_type": "p",
    "element_subtype": "standard-indented",
    "content": "&ldquo;Deeper Spiritual Life,&rdquo; Reverend George Bowen. Edinburgh: D. Douglas.",
    "puborder": 2691,
    "translations": []
  },
  {
    "para_id": "1387.3104",
    "id_prev": "1387.3103",
    "id_next": "1387.3105",
    "refcode_1": "TDOC",
    "refcode_2": "293",
    "refcode_3": "18",
    "refcode_4": "",
    "refcode_short": "TDOC 293.18",
    "refcode_long": "The Doctrine of Christ, p. 293.18 (William Warren Prescott)",
    "element_type": "p",
    "element_subtype": "standard-indented",
    "content": "&ldquo;The Ministry of the Spirit,&rdquo; A. J. Gordon, D. D. Philadelphia: American Baptist Publication Society.",
    "puborder": 2692,
    "translations": []
  },
  {
    "para_id": "1387.3105",
    "id_prev": "1387.3104",
    "id_next": "1387.3106",
    "refcode_1": "TDOC",
    "refcode_2": "293",
    "refcode_3": "19",
    "refcode_4": "",
    "refcode_short": "TDOC 293.19",
    "refcode_long": "The Doctrine of Christ, p. 293.19 (William Warren Prescott)",
    "element_type": "p",
    "element_subtype": "standard-indented",
    "content": "&ldquo;On This Rock,&rdquo; H. Grattan Guinness, D. D. New York: Fleming H. Revell Company.",
    "puborder": 2693,
    "translations": []
  },
  {
    "para_id": "1387.3106",
    "id_prev": "1387.3105",
    "id_next": "1387.3107",
    "refcode_1": "TDOC",
    "refcode_2": "293",
    "refcode_3": "20",
    "refcode_4": "",
    "refcode_short": "TDOC 293.20",
    "refcode_long": "The Doctrine of Christ, p. 293.20 (William Warren Prescott)",
    "element_type": "p",
    "element_subtype": "standard-indented",
    "content": "&ldquo;The Lord&rsquo;s Prayer,&rdquo; Adolph Saphir, D. D. London: J. Nisbet &amp; Co.",
    "puborder": 2694,
    "translations": []
  },
  {
    "para_id": "1387.3107",
    "id_prev": "1387.3106",
    "id_next": "1387.3108",
    "refcode_1": "TDOC",
    "refcode_2": "293",
    "refcode_3": "21",
    "refcode_4": "",
    "refcode_short": "TDOC 293.21",
    "refcode_long": "The Doctrine of Christ, p. 293.21 (William Warren Prescott)",
    "element_type": "p",
    "element_subtype": "standard-indented",
    "content": "&ldquo;Aspects of Christ,&rdquo; W. B. Selbie, M. A. New York: George H. Doran Company.",
    "puborder": 2695,
    "translations": []
  },
  {
    "para_id": "1387.3108",
    "id_prev": "1387.3107",
    "id_next": "1387.3109",
    "refcode_1": "TDOC",
    "refcode_2": "293",
    "refcode_3": "22",
    "refcode_4": "",
    "refcode_short": "TDOC 293.22",
    "refcode_long": "The Doctrine of Christ, p. 293.22 (William Warren Prescott)",
    "element_type": "p",
    "element_subtype": "standard-indented",
    "content": "We regret to say that nearly all these books are probably now out of print, having been published some years ago. Some of them may possibly be found in the larger secondhand bookstores in this country, and those published abroad can generally be obtained through a dealer in secondhand books in London, who would quote prices on request. We have dealt satisfactorily with R. D. Dickinson &amp; Company, 89 Farringdon St., London, EC4, England.",
    "puborder": 2696,
    "translations": []
  }
]