[
  {
    "para_id": "14112.235",
    "id_prev": "14112.233",
    "id_next": "14112.236",
    "refcode_1": "DA-SG",
    "refcode_2": "45",
    "refcode_3": "",
    "refcode_4": "42",
    "refcode_short": "DA-SG 45",
    "refcode_long": "The Desire of Ages -- Study Guide, p. 45 (Ellen G. White Estate)",
    "element_type": "h3",
    "element_subtype": "",
    "content": "Chapter 42: Tradition",
    "puborder": 189,
    "translations": []
  },
  {
    "para_id": "14112.236",
    "id_prev": "14112.235",
    "id_next": "14112.237",
    "refcode_1": "DA-SG",
    "refcode_2": "45",
    "refcode_3": "1",
    "refcode_4": "",
    "refcode_short": "DA-SG 45.1",
    "refcode_long": "The Desire of Ages -- Study Guide, p. 45.1 (Ellen G. White Estate)",
    "element_type": "p",
    "element_subtype": "standard-indented",
    "content": "1. How did tradition designed to enhance God&rsquo;s law actually obscure both the law and its Author?",
    "puborder": 190,
    "translations": []
  },
  {
    "para_id": "14112.237",
    "id_prev": "14112.236",
    "id_next": "14112.238",
    "refcode_1": "DA-SG",
    "refcode_2": "45",
    "refcode_3": "2",
    "refcode_4": "",
    "refcode_short": "DA-SG 45.2",
    "refcode_long": "The Desire of Ages -- Study Guide, p. 45.2 (Ellen G. White Estate)",
    "element_type": "p",
    "element_subtype": "standard-indented",
    "content": "2. Read <span class=\"egwlink egwlink_bible\" title=\"Mark 7:5-13\" data-link=\"1965.49944\">Mark 7:5-13</span>. What was the corban tradition? In what specific way did it enable a person to avoid the claims of God&rsquo;s law?",
    "puborder": 191,
    "translations": []
  },
  {
    "para_id": "14112.238",
    "id_prev": "14112.237",
    "id_next": "14112.240",
    "refcode_1": "DA-SG",
    "refcode_2": "45",
    "refcode_3": "3",
    "refcode_4": "",
    "refcode_short": "DA-SG 45.3",
    "refcode_long": "The Desire of Ages -- Study Guide, p. 45.3 (Ellen G. White Estate)",
    "element_type": "p",
    "element_subtype": "standard-indented",
    "content": "3. Are there specific customs and traditions in your personal life that you find hard to give up even though they have no basis in the eternal laws of God?",
    "puborder": 192,
    "translations": []
  }
]