[
  {
    "para_id": "14112.154",
    "id_prev": "14112.152",
    "id_next": "14112.155",
    "refcode_1": "DA-SG",
    "refcode_2": "30",
    "refcode_3": "",
    "refcode_4": "27",
    "refcode_short": "DA-SG 30",
    "refcode_long": "The Desire of Ages -- Study Guide, p. 30 (Ellen G. White Estate)",
    "element_type": "h3",
    "element_subtype": "",
    "content": "Chapter 27: &ldquo;Thou Canst Make Me Clean&rdquo;",
    "puborder": 123,
    "translations": []
  },
  {
    "para_id": "14112.155",
    "id_prev": "14112.154",
    "id_next": "14112.156",
    "refcode_1": "DA-SG",
    "refcode_2": "30",
    "refcode_3": "1",
    "refcode_4": "",
    "refcode_short": "DA-SG 30.1",
    "refcode_long": "The Desire of Ages -- Study Guide, p. 30.1 (Ellen G. White Estate)",
    "element_type": "p",
    "element_subtype": "standard-indented",
    "content": "1. What were some of the stigmas associated with leprosy? Was anyone exempt from these?",
    "puborder": 124,
    "translations": []
  },
  {
    "para_id": "14112.156",
    "id_prev": "14112.155",
    "id_next": "14112.157",
    "refcode_1": "DA-SG",
    "refcode_2": "30",
    "refcode_3": "2",
    "refcode_4": "",
    "refcode_short": "DA-SG 30.2",
    "refcode_long": "The Desire of Ages -- Study Guide, p. 30.2 (Ellen G. White Estate)",
    "element_type": "p",
    "element_subtype": "standard-indented",
    "content": "2. Given these stigmas, what caused the leper to seek Jesus so diligently? How diligently have you been seeking God in the last weeks and months?",
    "puborder": 125,
    "translations": []
  },
  {
    "para_id": "14112.157",
    "id_prev": "14112.156",
    "id_next": "14112.158",
    "refcode_1": "DA-SG",
    "refcode_2": "30",
    "refcode_3": "3",
    "refcode_4": "",
    "refcode_short": "DA-SG 30.3",
    "refcode_long": "The Desire of Ages -- Study Guide, p. 30.3 (Ellen G. White Estate)",
    "element_type": "p",
    "element_subtype": "standard-indented",
    "content": "3. Why did Jesus tell the leper not to talk about his experience of being healed? In what ways is it possible that our own efforts for God can actually hinder His cause?",
    "puborder": 126,
    "translations": []
  },
  {
    "para_id": "14112.158",
    "id_prev": "14112.157",
    "id_next": "14112.160",
    "refcode_1": "DA-SG",
    "refcode_2": "30",
    "refcode_3": "4",
    "refcode_4": "",
    "refcode_short": "DA-SG 30.4",
    "refcode_long": "The Desire of Ages -- Study Guide, p. 30.4 (Ellen G. White Estate)",
    "element_type": "p",
    "element_subtype": "standard-indented",
    "content": "4. Read <span class=\"egwlink egwlink_bible\" title=\"Psalm 33:6\" data-link=\"1965.29277\">Psalm 33:6</span>, <span class=\"egwlink egwlink_bible\" title=\"Psalm 33:9\" data-link=\"1965.29283\">9</span>. What does this text have to do with the healing of the paralytic in <span class=\"egwlink egwlink_bible\" title=\"Matthew 9:1-8\" data-link=\"1965.47741\">Matthew 9:1-8</span>? How has Christ&rsquo;s creative power been manifested in your life?",
    "puborder": 127,
    "translations": []
  }
]