[
  {
    "para_id": "34.2228",
    "id_prev": "34.2227",
    "id_next": "34.2229",
    "refcode_1": "GW92",
    "refcode_2": "451",
    "refcode_3": "",
    "refcode_4": "67",
    "refcode_short": "GW92 451",
    "refcode_long": "Gospel Workers (1892/1893 ed.), p. 451 (Ellen Gould White)",
    "element_type": "h3",
    "element_subtype": "",
    "content": "Diligence and Consecration Needed",
    "puborder": 1424,
    "translations": []
  },
  {
    "para_id": "34.2229",
    "id_prev": "34.2228",
    "id_next": "34.2230",
    "refcode_1": "GW92",
    "refcode_2": "451",
    "refcode_3": "3",
    "refcode_4": "",
    "refcode_short": "GW92 451.3",
    "refcode_long": "Gospel Workers (1892/1893 ed.), p. 451.3 (Ellen Gould White)",
    "element_type": "p",
    "element_subtype": "standard-indented",
    "content": "&ldquo;Create in me a clean heart, O God; and renew a right spirit within me. Cast me not away from thy presence; and take not thy Holy Spirit from me. Restore unto me the joy of thy salvation; and uphold me with thy free Spirit. Then will I teach transgressors thy ways; and sinners shall be converted unto thee.&rdquo; [<span class=\"egwlink egwlink_bible\" title=\"Psalm 51:10\" data-link=\"1965.29953\">Psalm 51:10-13</span>.]",
    "puborder": 1425,
    "translations": []
  },
  {
    "para_id": "34.2230",
    "id_prev": "34.2229",
    "id_next": "34.2231",
    "refcode_1": "GW92",
    "refcode_2": "451",
    "refcode_3": "4",
    "refcode_4": "",
    "refcode_short": "GW92 451.4",
    "refcode_long": "Gospel Workers (1892/1893 ed.), p. 451.4 (Ellen Gould White)",
    "element_type": "p",
    "element_subtype": "standard-indented",
    "content": "This is one of the most earnest and contrite prayers on record, and the Lord&apos;s response is, &ldquo;A new heart also will I give you, and a new spirit will I put within you.&rdquo; [<span class=\"egwlink egwlink_bible\" title=\"Ezekiel 36:26\" data-link=\"1965.43637\">Ezekiel 36:26</span>.]",
    "puborder": 1426,
    "translations": []
  },
  {
    "para_id": "34.2231",
    "id_prev": "34.2230",
    "id_next": "34.2234",
    "refcode_1": "GW92",
    "refcode_2": "451",
    "refcode_3": "5",
    "refcode_4": "",
    "refcode_short": "GW92 451.5",
    "refcode_long": "Gospel Workers (1892/1893 ed.), p. 451.5 (Ellen Gould White)",
    "element_type": "p",
    "element_subtype": "standard-indented",
    "content": "&ldquo;Create in me a clean heart.&rdquo; This is beginning right, at the very foundation of Christian character; for out of the heart are the issues of life. If all, ministers and people, would see to it that their hearts are right with God, we should see much larger results from the labor put forth. The more important and responsible your work, the greater the necessity that you have clean hearts. The <span class=\"page-break\" data-page=\"452\"></span> needed grace is provided, and the power of the Holy Spirit will work with every effort you make in this direction. If every child of God would seek him earnestly and perseveringly, there would be a greater growth in grace. Dissensions would cease; believers would be of one heart and one mind; purity and love would prevail in the churches. By beholding, we become changed. The more you contemplate the character of Christ, the more you will become conformed to his image. Come to Jesus just as you are, and he will receive you, and put a new song in your mouth, even praise to God.",
    "puborder": 1427,
    "translations": []
  },
  {
    "para_id": "34.2234",
    "id_prev": "34.2231",
    "id_next": "34.2235",
    "refcode_1": "GW92",
    "refcode_2": "452",
    "refcode_3": "1",
    "refcode_4": "",
    "refcode_short": "GW92 452.1",
    "refcode_long": "Gospel Workers (1892/1893 ed.), p. 452.1 (Ellen Gould White)",
    "element_type": "p",
    "element_subtype": "standard-indented",
    "content": "God will hear the prayer of faith; but the sincerity of our prayers will be made manifest in our harmony with the great moral standard which will test every man&apos;s character. We need to open our hearts to the influence of the Spirit, and to realize its transforming power. The reason why you do not receive more of the saving help of God is that the channel of communication between Heaven and your own souls is clogged by worldliness, love of display, and desire for supremacy. While some are conforming more and more to the world&apos;s customs and maxims, we should be moulding our lives after the divine model. And our covenant-keeping God will restore unto us the joys of his salvation, and uphold us by his free Spirit.",
    "puborder": 1428,
    "translations": []
  },
  {
    "para_id": "34.2235",
    "id_prev": "34.2234",
    "id_next": "34.2238",
    "refcode_1": "GW92",
    "refcode_2": "452",
    "refcode_3": "2",
    "refcode_4": "",
    "refcode_short": "GW92 452.2",
    "refcode_long": "Gospel Workers (1892/1893 ed.), p. 452.2 (Ellen Gould White)",
    "element_type": "p",
    "element_subtype": "standard-indented",
    "content": "&ldquo;Then will I teach transgressors thy ways, and sinners shall be converted unto thee.&rdquo; The nearer we live to God, the more we shall be able to accomplish for our fellow-men; for the Lord will work with our efforts. Your hearts are too cold and unimpressible; they should be all aglow with the love of Jesus. While hungering and thirsting after salvation yourselves, you will have a longing desire to aid in saving precious souls; and your humble, pathetic appeals to those out of Christ will move hearts. You should carry the truth to homes. Show those in error that you love them. Indifference here <span class=\"page-break\" data-page=\"453\"></span> is sin. There should be fewer long sermons, and more time spent in visiting, in making personal effort for souls. Self-denying labor is needed, and will result in great good, but it has been sadly neglected.",
    "puborder": 1429,
    "translations": []
  },
  {
    "para_id": "34.2238",
    "id_prev": "34.2235",
    "id_next": "34.2239",
    "refcode_1": "GW92",
    "refcode_2": "453",
    "refcode_3": "1",
    "refcode_4": "",
    "refcode_short": "GW92 453.1",
    "refcode_long": "Gospel Workers (1892/1893 ed.), p. 453.1 (Ellen Gould White)",
    "element_type": "p",
    "element_subtype": "standard-indented",
    "content": "How can you associate with the young, and yet have so little desire for their salvation? Let them see that you care for their souls. As far as possible, break down every barrier that keeps them from Christ. Labor for them at their homes. Pray with and for them. Point them to the Lamb of God, that taketh away the sin of the world, and urge them to come and be healed.",
    "puborder": 1430,
    "translations": []
  },
  {
    "para_id": "34.2239",
    "id_prev": "34.2238",
    "id_next": "34.2240",
    "refcode_1": "GW92",
    "refcode_2": "453",
    "refcode_3": "2",
    "refcode_4": "",
    "refcode_short": "GW92 453.2",
    "refcode_long": "Gospel Workers (1892/1893 ed.), p. 453.2 (Ellen Gould White)",
    "element_type": "p",
    "element_subtype": "standard-indented",
    "content": "Let labor for souls become a part of your life. Go to the homes of those even who manifest no interest. While mercy&apos;s sweet voice invites the sinner, work with every energy of heart and brain, as did Paul, who &ldquo;ceased not to warn every one night and day with tears.&rdquo; [<span class=\"egwlink egwlink_bible\" title=\"Acts 20:31\" data-link=\"1965.56399\">Acts 20:31</span>.] In the day of God, how many will confront us, and say &ldquo;I am lost! I am lost! And you never warned me; you never entreated me to come to Jesus. Had I believed as you did, I would have followed every Judgment-bound soul within my reach with prayers and tears and warnings.&rdquo;",
    "puborder": 1431,
    "translations": []
  },
  {
    "para_id": "34.2240",
    "id_prev": "34.2239",
    "id_next": "34.2243",
    "refcode_1": "GW92",
    "refcode_2": "453",
    "refcode_3": "3",
    "refcode_4": "",
    "refcode_short": "GW92 453.3",
    "refcode_long": "Gospel Workers (1892/1893 ed.), p. 453.3 (Ellen Gould White)",
    "element_type": "p",
    "element_subtype": "standard-indented",
    "content": "Ministers, teach the people how to work. Tell them that their usefulness does not depend so much on wealth or learning or power as on a willing mind, their consecration to Christ and his cause. In times past, God has used humble men, and because of their faith and devotion, they have often accomplished more than many more pretentious laborers. They realized their weakness and dependence upon God; and by letters, by tracts, by personal effort in appeals and warnings, by a well-ordered life and godly conversation, they turned many from error to truth, from the path of transgression to obedience to God&apos;s law. The mighty power of grace worked with them, and success attended their efforts. &ldquo;God hath chosen the weak things of the world to confound the things which are mighty; and base things <span class=\"page-break\" data-page=\"454\"></span> of the world, and things which are despised, hath God chosen, yea, and things which are not, to bring to naught things that are: that no flesh should glory in his presence.&rdquo; [<span class=\"egwlink egwlink_bible\" title=\"1 Corinthians 1:27\" data-link=\"1965.57892\">1 Corinthians 1:27-29</span>.]",
    "puborder": 1432,
    "translations": []
  },
  {
    "para_id": "34.2243",
    "id_prev": "34.2240",
    "id_next": "34.2244",
    "refcode_1": "GW92",
    "refcode_2": "454",
    "refcode_3": "1",
    "refcode_4": "",
    "refcode_short": "GW92 454.1",
    "refcode_long": "Gospel Workers (1892/1893 ed.), p. 454.1 (Ellen Gould White)",
    "element_type": "p",
    "element_subtype": "standard-indented",
    "content": "Two men start out to labor in the cause of God. One has had every advantage of education. His mind is cultivated, his powers are developed, and he is prepared to become an efficient worker. But we look in vain to see the good results of all the advantages he has enjoyed. Instead of increasing his usefulness, his education fosters a feeling of power and self-importance; he esteems himself above his less fortunate brethren. He does not continue to store his mind with useful knowledge, to fit himself for greater responsibilities. While he boasts of learning, he does not labor to the utmost of his ability, with an eye single to the glory of God. The other has good natural abilities, but a limited education. He is a constant learner in the school of Christ. The love of Jesus is in his heart, and he walks humbly with God. He is unselfish in thought and purpose, and tries to do all the good he can. As he uses the ability he has, his mind expands. The psalmist said, &ldquo;The entrance of thy words giveth light; it giveth understanding unto the simple.&rdquo; [<span class=\"egwlink egwlink_bible\" title=\"Psalm 119:130\" data-link=\"1965.32675\">Psalm 119:130</span>.]",
    "puborder": 1433,
    "translations": []
  },
  {
    "para_id": "34.2244",
    "id_prev": "34.2243",
    "id_next": "34.2247",
    "refcode_1": "GW92",
    "refcode_2": "454",
    "refcode_3": "2",
    "refcode_4": "",
    "refcode_short": "GW92 454.2",
    "refcode_long": "Gospel Workers (1892/1893 ed.), p. 454.2 (Ellen Gould White)",
    "element_type": "p",
    "element_subtype": "standard-indented",
    "content": "The educated man may exalt himself over his unlearned brother, but he is like the man in the parable who hid his talent in the earth. He has shunned the trouble and exertion necessary to trade with his intrusted talent, that he may be able to return it with increase; and he will be condemned as a slothful servant, and dismissed from the presence of his Lord. But the one who is faithful in the improvement of his talents will return both principal and interest, and will hear the &ldquo;Well done, good and faithful servant.&rdquo; [<span class=\"egwlink egwlink_bible\" title=\"Matthew 25:23\" data-link=\"1965.49059\">Matthew 25:23</span>.] The man who blesses society and makes a success of life, is the one, whether educated or uneducated, who uses all his <span class=\"page-break\" data-page=\"455\"></span> powers in the service of God and his fellow-men.",
    "puborder": 1434,
    "translations": []
  },
  {
    "para_id": "34.2247",
    "id_prev": "34.2244",
    "id_next": "34.2248",
    "refcode_1": "GW92",
    "refcode_2": "455",
    "refcode_3": "1",
    "refcode_4": "",
    "refcode_short": "GW92 455.1",
    "refcode_long": "Gospel Workers (1892/1893 ed.), p. 455.1 (Ellen Gould White)",
    "element_type": "p",
    "element_subtype": "standard-indented",
    "content": "In all our churches there are persons who might be educated to become workers for Christ. There is certainly a fault among us, or there would be more talent developed to unite with us in our efforts for souls. &ldquo;Pray ye therefore the Lord of the harvest, that he will send forth laborers into his harvest.&rdquo; [<span class=\"egwlink egwlink_bible\" title=\"Matthew 9:38\" data-link=\"1965.47815\">Matthew 9:38</span>.] Have special meetings for the education of workers. Souls for whom Christ died are perishing all around us, and what excuse can we give that they have never been warned?",
    "puborder": 1435,
    "translations": []
  },
  {
    "para_id": "34.2248",
    "id_prev": "34.2247",
    "id_next": "34.2249",
    "refcode_1": "GW92",
    "refcode_2": "455",
    "refcode_3": "2",
    "refcode_4": "",
    "refcode_short": "GW92 455.2",
    "refcode_long": "Gospel Workers (1892/1893 ed.), p. 455.2 (Ellen Gould White)",
    "element_type": "p",
    "element_subtype": "standard-indented",
    "content": "If you would preach fewer sermons, and do more personal labor in visiting and praying with individuals, your ministry would be more like that of Jesus. We must have a knowledge of the truth; but we have certainly made a mistake in supposing that so much depends on long, argumentative discourses. If one part of your work must be limited, let it be the discourses; for unless your sermons are followed by personal effort, Satan will often snatch away the seed of truth sown in the heart, and the good effect will be lost.",
    "puborder": 1436,
    "translations": []
  },
  {
    "para_id": "34.2249",
    "id_prev": "34.2248",
    "id_next": "34.2252",
    "refcode_1": "GW92",
    "refcode_2": "455",
    "refcode_3": "3",
    "refcode_4": "",
    "refcode_short": "GW92 455.3",
    "refcode_long": "Gospel Workers (1892/1893 ed.), p. 455.3 (Ellen Gould White)",
    "element_type": "p",
    "element_subtype": "standard-indented",
    "content": "I charge you, Do not do half-hearted work. Some of you who in the beginning of your ministry were earnest and persevering, have grown weary of protracted effort and ceaseless turmoil, and you sigh for repose, and dream of leisure and fireside comfort. Some are greatly overworked, and are suffering in consequence; and others, by doing their work negligently, have brought double work upon these unselfish, thorough, God-fearing workers. Some are not willing to bear reproach for Christ&apos;s sake. Think what mighty truths God has intrusted to our keeping, and let earnest work follow your thoughts. Do mighty strokes for God. There are no compromises to be made with sin, nor any with timidity and cowardice. The Christian laborer knows no drudgery in his Heaven-appointed work. He enters into the joy <span class=\"page-break\" data-page=\"456\"></span> of his Lord in seeing souls emancipated from the slavery of sin; and this joy more than repays him for every self-denial.",
    "puborder": 1437,
    "translations": []
  },
  {
    "para_id": "34.2252",
    "id_prev": "34.2249",
    "id_next": "34.2253",
    "refcode_1": "GW92",
    "refcode_2": "456",
    "refcode_3": "1",
    "refcode_4": "",
    "refcode_short": "GW92 456.1",
    "refcode_long": "Gospel Workers (1892/1893 ed.), p. 456.1 (Ellen Gould White)",
    "element_type": "p",
    "element_subtype": "standard-indented",
    "content": "Our faith is weak, our sense of God&apos;s requirements feeble. We must awake to duty. We must be endowed with power from on high. Instead of resting satisfied with our present attainments, let us cherish a longing desire that our lips may be purified, and touched with a live coal from off the altar. The words of God to us must come to the people, not in a hesitating, doubting manner, but with earnestness and power. We must pray more fervently, more perseveringly, that God may work in us and by us. In these days of multiplied popular fables, there is no way to reach the people only as God works through our efforts. Angels are commissioned to be our helpers. They are passing between earth and heaven, bearing upward the record of the doings of all the children of men.",
    "puborder": 1438,
    "translations": []
  },
  {
    "para_id": "34.2253",
    "id_prev": "34.2252",
    "id_next": "34.2255",
    "refcode_1": "GW92",
    "refcode_2": "456",
    "refcode_3": "2",
    "refcode_4": "",
    "refcode_short": "GW92 456.2",
    "refcode_long": "Gospel Workers (1892/1893 ed.), p. 456.2 (Ellen Gould White)",
    "element_type": "p",
    "element_subtype": "standard-indented",
    "content": "We can never be saved in inactivity. The life of Jesus rebukes every idler. In his strength we may do much greater and more perfect work. The promises of God are rich, and full, and free, and we may have the power of his salvation with us. Then why do we not believe him and work for him? It is because threads of unbelief are woven into all the woof of life; but shall we not now begin to weave in the precious golden threads of faith? Remember, &ldquo;This is the victory that overcometh the world, even our faith.&rdquo; [<span class=\"egwlink egwlink_bible\" title=\"1 John 5:4\" data-link=\"1965.62485\">1 John 5:4</span>.] If clouds hide the sun from sight, we do not mourn as though it would never appear again. God&apos;s dear face of brightness is not always seen; but we are not to despond. It is our duty to trust him in the darkness, knowing that his love is changeless. Then let us put all our powers into our work; let us devote our voice and pen to the service of God, not laboring in our own strength or to please ourselves; and we shall see sinners converted, and God will give us a rich reward.",
    "puborder": 1439,
    "translations": []
  }
]