[
  {
    "para_id": "110.84",
    "id_prev": "110.83",
    "id_next": "110.85",
    "refcode_1": "Te",
    "refcode_2": "19",
    "refcode_3": "",
    "refcode_4": "4",
    "refcode_short": "Te 19",
    "refcode_long": "Temperance, p. 19 (Ellen Gould White)",
    "element_type": "h3",
    "element_subtype": "",
    "content": "Chapter 4&mdash;Importance of Christ&apos;s Victory Over Appetite",
    "puborder": 61,
    "translations": [
      {
        "para_id": "12422.88",
        "lang": "da",
        "refcode": "HL 21"
      },
      {
        "para_id": "586.130",
        "lang": "de",
        "refcode": "TH 19"
      },
      {
        "para_id": "1766.97",
        "lang": "es",
        "refcode": "Te 18"
      },
      {
        "para_id": "224.83",
        "lang": "fr",
        "refcode": "Te 16"
      },
      {
        "para_id": "1738.124",
        "lang": "pt",
        "refcode": "Te 19"
      },
      {
        "para_id": "2710.83",
        "lang": "ro",
        "refcode": "Te 19"
      },
      {
        "para_id": "11960.78",
        "lang": "ru",
        "refcode": "Воз 19"
      }
    ]
  },
  {
    "para_id": "110.85",
    "id_prev": "110.84",
    "id_next": "110.88",
    "refcode_1": "Te",
    "refcode_2": "19",
    "refcode_3": "6",
    "refcode_4": "",
    "refcode_short": "Te 19.6",
    "refcode_long": "Temperance, p. 19.6 (Ellen Gould White)",
    "element_type": "p",
    "element_subtype": "standard-indented",
    "content": "<strong>Christ&apos;s First Victory</strong>&mdash;Christ knew that in order to successfully carry forward the plan of salvation He must commence the work of redeeming man just where the ruin <span class=\"page-break\" data-page=\"20\"></span> began. Adam fell on the point of appetite.&mdash;<span class=\"egwlink egwlink_book\" title=\"HR 8-1-1875\" data-link=\"504.972\">The Health Reformer, August, 1875</span>.",
    "puborder": 62,
    "translations": [
      {
        "para_id": "12422.89",
        "lang": "da",
        "refcode": "HL 21.3"
      },
      {
        "para_id": "586.131",
        "lang": "de",
        "refcode": "TH 19"
      },
      {
        "para_id": "586.132",
        "lang": "de",
        "refcode": "TH 19.2"
      },
      {
        "para_id": "1766.98",
        "lang": "es",
        "refcode": "Te 18.6"
      },
      {
        "para_id": "224.84",
        "lang": "fr",
        "refcode": "Te 16.1"
      },
      {
        "para_id": "1738.125",
        "lang": "pt",
        "refcode": "Te 19.6"
      },
      {
        "para_id": "2710.84",
        "lang": "ro",
        "refcode": "Te 19.6"
      },
      {
        "para_id": "11960.79",
        "lang": "ru",
        "refcode": "Воз 19.6"
      }
    ]
  },
  {
    "para_id": "110.88",
    "id_prev": "110.85",
    "id_next": "110.89",
    "refcode_1": "Te",
    "refcode_2": "20",
    "refcode_3": "1",
    "refcode_4": "",
    "refcode_short": "Te 20.1",
    "refcode_long": "Temperance, p. 20.1 (Ellen Gould White)",
    "element_type": "p",
    "element_subtype": "standard-indented",
    "content": "His first test was on the same point where Adam failed. It was through temptations addressed to the appetite that Satan had overcome a large proportion of the human race, and his success had made him feel that the control of this fallen planet was in his hands. But in Christ he found one who was able to resist him, and he left the field of battle a conquered foe.&mdash;<span class=\"egwlink egwlink_book\" title=\"CTBH 16.1\" data-link=\"14.63\">Christian Temperance and Bible Hygiene, 16</span>.",
    "puborder": 63,
    "translations": [
      {
        "para_id": "12422.90",
        "lang": "da",
        "refcode": "HL 21.4"
      },
      {
        "para_id": "586.133",
        "lang": "de",
        "refcode": "TH 19.3"
      },
      {
        "para_id": "1766.101",
        "lang": "es",
        "refcode": "Te 19.1"
      },
      {
        "para_id": "224.85",
        "lang": "fr",
        "refcode": "Te 16.2"
      },
      {
        "para_id": "1738.128",
        "lang": "pt",
        "refcode": "Te 20.1"
      },
      {
        "para_id": "2710.87",
        "lang": "ro",
        "refcode": "Te 20.1"
      },
      {
        "para_id": "11960.82",
        "lang": "ru",
        "refcode": "Воз 20.1"
      }
    ]
  },
  {
    "para_id": "110.89",
    "id_prev": "110.88",
    "id_next": "110.90",
    "refcode_1": "Te",
    "refcode_2": "20",
    "refcode_3": "2",
    "refcode_4": "",
    "refcode_short": "Te 20.2",
    "refcode_long": "Temperance, p. 20.2 (Ellen Gould White)",
    "element_type": "p",
    "element_subtype": "standard-indented",
    "content": "<strong>Cause of His Anguish</strong>&mdash;Many who profess godliness do not inquire into the reason of Christ&apos;s long period of fasting and suffering in the wilderness. His anguish was not so much from the pangs of hunger as from His sense of the fearful result of the indulgence of appetite and passion upon the race. He knew that appetite would be man&apos;s idol, and would lead him to forget God, and would stand directly in the way of his salvation.&mdash;<em><span class=\"egwlink egwlink_book\" title=\"2Red 50.1\" data-link=\"334.217\">Redemption; or the Temptation of Christ, 50</span></em>.",
    "puborder": 64,
    "translations": [
      {
        "para_id": "12422.91",
        "lang": "da",
        "refcode": "HL 21.5"
      },
      {
        "para_id": "586.135",
        "lang": "de",
        "refcode": "TH 19.4"
      },
      {
        "para_id": "586.134",
        "lang": "de",
        "refcode": "TH 19"
      },
      {
        "para_id": "586.136",
        "lang": "de",
        "refcode": "TH 19.5"
      },
      {
        "para_id": "1766.102",
        "lang": "es",
        "refcode": "Te 19.2"
      },
      {
        "para_id": "224.86",
        "lang": "fr",
        "refcode": "Te 16.3"
      },
      {
        "para_id": "1738.129",
        "lang": "pt",
        "refcode": "Te 20.2"
      },
      {
        "para_id": "2710.88",
        "lang": "ro",
        "refcode": "Te 20.2"
      },
      {
        "para_id": "11960.83",
        "lang": "ru",
        "refcode": "Воз 20.2"
      }
    ]
  },
  {
    "para_id": "110.90",
    "id_prev": "110.89",
    "id_next": "110.91",
    "refcode_1": "Te",
    "refcode_2": "20",
    "refcode_3": "3",
    "refcode_4": "",
    "refcode_short": "Te 20.3",
    "refcode_long": "Temperance, p. 20.3 (Ellen Gould White)",
    "element_type": "p",
    "element_subtype": "standard-indented",
    "content": "<strong>Victory in Behalf of the Race</strong>&mdash;Satan was defeated in his object to overcome Christ upon the point of appetite. And here in the wilderness Christ achieved a victory in behalf of the race upon the point of appetite, making it possible for man, in all future time in His name to overcome the strength of appetite on his own behalf.&mdash;<em><span class=\"egwlink egwlink_book\" title=\"2Red 46.1\" data-link=\"334.199\">Redemption; or the Temptation of Christ, 46</span></em>.",
    "puborder": 65,
    "translations": [
      {
        "para_id": "12422.94",
        "lang": "da",
        "refcode": "HL 22.1"
      },
      {
        "para_id": "586.139",
        "lang": "de",
        "refcode": "TH 20.1"
      },
      {
        "para_id": "586.138",
        "lang": "de",
        "refcode": "TH 20"
      },
      {
        "para_id": "1766.103",
        "lang": "es",
        "refcode": "Te 19.3"
      },
      {
        "para_id": "224.87",
        "lang": "fr",
        "refcode": "Te 16.4"
      },
      {
        "para_id": "1738.130",
        "lang": "pt",
        "refcode": "Te 20.3"
      },
      {
        "para_id": "2710.89",
        "lang": "ro",
        "refcode": "Te 20.3"
      },
      {
        "para_id": "11960.84",
        "lang": "ru",
        "refcode": "Воз 20.3"
      }
    ]
  },
  {
    "para_id": "110.91",
    "id_prev": "110.90",
    "id_next": "110.94",
    "refcode_1": "Te",
    "refcode_2": "20",
    "refcode_3": "4",
    "refcode_4": "",
    "refcode_short": "Te 20.4",
    "refcode_long": "Temperance, p. 20.4 (Ellen Gould White)",
    "element_type": "p",
    "element_subtype": "standard-indented",
    "content": "<strong>We, Too, May Overcome</strong>&mdash;Our only hope of regaining Eden is through firm self-control. If the power of indulged appetite was so strong upon the race, that, in order to break its hold, the divine Son of God, in man&apos;s behalf, had to endure a fast of nearly six weeks, what a work is before the Christian! Yet, however great the struggle, he may overcome. By the help of that divine power which withstood the fiercest <span class=\"page-break\" data-page=\"21\"></span> temptations that Satan could invent, he, too, may be entirely successful in his warfare with evil, and at last may wear the victor&apos;s crown in the kingdom of God.&mdash;<span class=\"egwlink egwlink_book\" title=\"CD 167.1\" data-link=\"384.1343\">Counsels on Diet and Foods, 167</span>.",
    "puborder": 66,
    "translations": [
      {
        "para_id": "12422.95",
        "lang": "da",
        "refcode": "HL 22.2"
      },
      {
        "para_id": "586.141",
        "lang": "de",
        "refcode": "TH 20.2"
      },
      {
        "para_id": "586.142",
        "lang": "de",
        "refcode": "TH 20.3"
      },
      {
        "para_id": "586.140",
        "lang": "de",
        "refcode": "TH 20"
      },
      {
        "para_id": "586.143",
        "lang": "de",
        "refcode": "TH 20.4"
      },
      {
        "para_id": "1766.104",
        "lang": "es",
        "refcode": "Te 19.4"
      },
      {
        "para_id": "224.88",
        "lang": "fr",
        "refcode": "Te 16.5"
      },
      {
        "para_id": "1738.131",
        "lang": "pt",
        "refcode": "Te 20.4"
      },
      {
        "para_id": "2710.90",
        "lang": "ro",
        "refcode": "Te 20.4"
      },
      {
        "para_id": "11960.85",
        "lang": "ru",
        "refcode": "Воз 20.4"
      }
    ]
  },
  {
    "para_id": "110.94",
    "id_prev": "110.91",
    "id_next": "110.95",
    "refcode_1": "Te",
    "refcode_2": "21",
    "refcode_3": "1",
    "refcode_4": "",
    "refcode_short": "Te 21.1",
    "refcode_long": "Temperance, p. 21.1 (Ellen Gould White)",
    "element_type": "p",
    "element_subtype": "standard-indented",
    "content": "<strong>Victory Through Obedience and Continued Effort</strong>&mdash;Those who overcome as Christ overcame will need to constantly guard themselves against the temptations of Satan. The appetite and passions should be restricted and under the control of enlightened conscience, that the intellect may be unimpaired, the perceptive powers clear, so that the workings of Satan and his snares may not be interpreted to be the providence of God. Many desire the final reward and victory which are to be given to overcomers, but are not willing to endure toil, privation, and denial of self, as did their Redeemer. It is only through obedience and continual effort that we shall overcome as Christ overcame.",
    "puborder": 67,
    "translations": [
      {
        "para_id": "12422.96",
        "lang": "da",
        "refcode": "HL 22.3"
      },
      {
        "para_id": "586.145",
        "lang": "de",
        "refcode": "TH 20.5"
      },
      {
        "para_id": "586.144",
        "lang": "de",
        "refcode": "TH 20"
      },
      {
        "para_id": "586.146",
        "lang": "de",
        "refcode": "TH 20.6"
      },
      {
        "para_id": "1766.105",
        "lang": "es",
        "refcode": "Te 19.5"
      },
      {
        "para_id": "224.89",
        "lang": "fr",
        "refcode": "Te 16.6"
      },
      {
        "para_id": "1738.134",
        "lang": "pt",
        "refcode": "Te 21.1"
      },
      {
        "para_id": "2710.93",
        "lang": "ro",
        "refcode": "Te 21.1"
      },
      {
        "para_id": "11960.88",
        "lang": "ru",
        "refcode": "Воз 21.1"
      }
    ]
  },
  {
    "para_id": "110.95",
    "id_prev": "110.94",
    "id_next": "110.96",
    "refcode_1": "Te",
    "refcode_2": "21",
    "refcode_3": "2",
    "refcode_4": "",
    "refcode_short": "Te 21.2",
    "refcode_long": "Temperance, p. 21.2 (Ellen Gould White)",
    "element_type": "p",
    "element_subtype": "standard-indented",
    "content": "The controlling power of appetite will prove the ruin of thousands, when, if they had conquered on this point, they would have had moral power to gain the victory over every other temptation of Satan. But those who are slaves to appetite will fail in perfecting Christian character. The continual transgression of man for six thousand years has brought sickness, pain, and death as its fruits. And as we near the close of time, Satan&apos;s temptation to indulge appetite will be more powerful and more difficult to overcome.&mdash;<span class=\"egwlink egwlink_book\" title=\"3T 491.1\" data-link=\"119.2314\">Testimonies for the Church 3:491, 492</span>.",
    "puborder": 68,
    "translations": [
      {
        "para_id": "12422.97",
        "lang": "da",
        "refcode": "HL 22.4"
      },
      {
        "para_id": "586.147",
        "lang": "de",
        "refcode": "TH 20.7"
      },
      {
        "para_id": "1766.108",
        "lang": "es",
        "refcode": "Te 20.1"
      },
      {
        "para_id": "224.92",
        "lang": "fr",
        "refcode": "Te 17.1"
      },
      {
        "para_id": "1738.135",
        "lang": "pt",
        "refcode": "Te 21.2"
      },
      {
        "para_id": "2710.94",
        "lang": "ro",
        "refcode": "Te 21.2"
      },
      {
        "para_id": "11960.89",
        "lang": "ru",
        "refcode": "Воз 21.2"
      }
    ]
  },
  {
    "para_id": "110.96",
    "id_prev": "110.95",
    "id_next": "110.97",
    "refcode_1": "Te",
    "refcode_2": "21",
    "refcode_3": "3",
    "refcode_4": "",
    "refcode_short": "Te 21.3",
    "refcode_long": "Temperance, p. 21.3 (Ellen Gould White)",
    "element_type": "p",
    "element_subtype": "standard-indented",
    "content": "<strong>Claim Christ&apos;s Overcoming Power</strong>&mdash;Christ has power from His Father to give His divine grace and strength to man&mdash;making it possible for him through His name, to overcome. There are but few professed followers of Christ who choose to engage with Him in the work of resisting Satan&apos;s temptation as He resisted, and overcome....",
    "puborder": 69,
    "translations": [
      {
        "para_id": "12422.100",
        "lang": "da",
        "refcode": "HL 23.1"
      },
      {
        "para_id": "586.150",
        "lang": "de",
        "refcode": "TH 21.1"
      },
      {
        "para_id": "586.149",
        "lang": "de",
        "refcode": "TH 21"
      },
      {
        "para_id": "1766.109",
        "lang": "es",
        "refcode": "Te 20.2"
      },
      {
        "para_id": "224.93",
        "lang": "fr",
        "refcode": "Te 17.2"
      },
      {
        "para_id": "1738.136",
        "lang": "pt",
        "refcode": "Te 21.3"
      },
      {
        "para_id": "2710.95",
        "lang": "ro",
        "refcode": "Te 21.3"
      },
      {
        "para_id": "11960.90",
        "lang": "ru",
        "refcode": "Воз 21.3"
      }
    ]
  },
  {
    "para_id": "110.97",
    "id_prev": "110.96",
    "id_next": "110.100",
    "refcode_1": "Te",
    "refcode_2": "21",
    "refcode_3": "4",
    "refcode_4": "",
    "refcode_short": "Te 21.4",
    "refcode_long": "Temperance, p. 21.4 (Ellen Gould White)",
    "element_type": "p",
    "element_subtype": "standard-indented",
    "content": "All are personally exposed to the temptations that Christ overcame, but strength is provided for them in the all-powerful <span class=\"page-break\" data-page=\"22\"></span> name of the great Conqueror. And all must, for themselves, individually overcome.&mdash;<span class=\"egwlink egwlink_book\" title=\"ST 10-24-1878\" data-link=\"820.1208\">The Signs of the Times, October 24, 1874, par. 7</span>.",
    "puborder": 70,
    "translations": [
      {
        "para_id": "12422.101",
        "lang": "da",
        "refcode": "HL 23.2"
      },
      {
        "para_id": "586.151",
        "lang": "de",
        "refcode": "TH 21.2"
      },
      {
        "para_id": "1766.110",
        "lang": "es",
        "refcode": "Te 20.3"
      },
      {
        "para_id": "224.94",
        "lang": "fr",
        "refcode": "Te 17.3"
      },
      {
        "para_id": "1738.137",
        "lang": "pt",
        "refcode": "Te 21.4"
      },
      {
        "para_id": "2710.96",
        "lang": "ro",
        "refcode": "Te 21.4"
      },
      {
        "para_id": "11960.91",
        "lang": "ru",
        "refcode": "Воз 21.4"
      }
    ]
  },
  {
    "para_id": "110.100",
    "id_prev": "110.97",
    "id_next": "110.102",
    "refcode_1": "Te",
    "refcode_2": "22",
    "refcode_3": "1",
    "refcode_4": "",
    "refcode_short": "Te 22.1",
    "refcode_long": "Temperance, p. 22.1 (Ellen Gould White)",
    "element_type": "p",
    "element_subtype": "standard-indented",
    "content": "<strong>What Will We Do?</strong>&mdash;Shall we not draw near to the Lord, that He may save us from all intemperance in eating and drinking, from all unholy, lustful passion, all wickedness? Shall we not humble ourselves before God, putting away everything that corrupts the flesh and the spirit, that in His fear we may perfect holiness of character?&mdash;<span class=\"egwlink egwlink_book\" title=\"7T 258.1\" data-link=\"117.1460\">Testimonies for the Church 7:258</span>.",
    "puborder": 71,
    "translations": [
      {
        "para_id": "12422.102",
        "lang": "da",
        "refcode": "HL 23.3"
      },
      {
        "para_id": "586.152",
        "lang": "de",
        "refcode": "TH 21"
      },
      {
        "para_id": "586.153",
        "lang": "de",
        "refcode": "TH 21.3"
      },
      {
        "para_id": "1766.111",
        "lang": "es",
        "refcode": "Te 20.4"
      },
      {
        "para_id": "224.95",
        "lang": "fr",
        "refcode": "Te 17.4"
      },
      {
        "para_id": "1738.140",
        "lang": "pt",
        "refcode": "Te 22.1"
      },
      {
        "para_id": "2710.99",
        "lang": "ro",
        "refcode": "Te 22.1"
      },
      {
        "para_id": "11960.94",
        "lang": "ru",
        "refcode": "Воз 22.1"
      }
    ]
  }
]