[
  {
    "para_id": "110.1292",
    "id_prev": "110.1288",
    "id_next": "110.1293",
    "refcode_1": "Te",
    "refcode_2": "227",
    "refcode_3": "",
    "refcode_4": "12",
    "refcode_short": "Te 227",
    "refcode_long": "Temperance, p. 227 (Ellen Gould White)",
    "element_type": "h2",
    "element_subtype": "",
    "content": "Section 12&mdash;The Challenge of the Hour",
    "puborder": 905,
    "translations": [
      {
        "para_id": "12422.1260",
        "lang": "da",
        "refcode": "HL 224"
      },
      {
        "para_id": "586.2126",
        "lang": "de",
        "refcode": "TH 249"
      },
      {
        "para_id": "1766.1257",
        "lang": "es",
        "refcode": "Te 202"
      },
      {
        "para_id": "224.1176",
        "lang": "fr",
        "refcode": "Te 177"
      },
      {
        "para_id": "1738.1331",
        "lang": "pt",
        "refcode": "Te 227"
      },
      {
        "para_id": "2710.1277",
        "lang": "ro",
        "refcode": "Te 227"
      },
      {
        "para_id": "11960.1283",
        "lang": "ru",
        "refcode": "Воз 227"
      }
    ]
  },
  {
    "para_id": "110.1293",
    "id_prev": "110.1292",
    "id_next": "110.1294",
    "refcode_1": "Te",
    "refcode_2": "227",
    "refcode_3": "",
    "refcode_4": "",
    "refcode_short": "",
    "refcode_long": "",
    "element_type": "p",
    "element_subtype": "introquote",
    "content": "<em>The advocates of temperance fail to do their whole duty unless they exert their influence by precept and example&mdash;by voice and pen and vote&mdash;in favor of prohibition and total abstinence</em>.&mdash;<span class=\"egwlink egwlink_book\" title=\"GW 387.1\" data-link=\"35.2010\">Gospel Workers, 387, 388</span>.",
    "puborder": 906,
    "translations": [
      {
        "para_id": "12422.1261",
        "lang": "da",
        "refcode": "HL 224.1"
      },
      {
        "para_id": "586.2127",
        "lang": "de",
        "refcode": "TH 249.1"
      },
      {
        "para_id": "1766.1258",
        "lang": "es",
        "refcode": "Temperance"
      },
      {
        "para_id": "224.1177",
        "lang": "fr",
        "refcode": "Te 177.1"
      },
      {
        "para_id": "1738.1332",
        "lang": "pt",
        "refcode": "Temperance"
      },
      {
        "para_id": "2710.1278",
        "lang": "ro",
        "refcode": "Te 227.1"
      },
      {
        "para_id": "11960.1284",
        "lang": "ru",
        "refcode": "Воз 227.1"
      }
    ]
  }
]