[
  {
    "para_id": "14025.406",
    "id_prev": "14025.404",
    "id_next": "14025.407",
    "refcode_1": "3SM-SG",
    "refcode_2": "63",
    "refcode_3": "",
    "refcode_4": "46",
    "refcode_short": "3SM-SG 63",
    "refcode_long": "Selected Messages, Book 3 -- Study Guide, p. 63 (Ellen G. White Estate)",
    "element_type": "h3",
    "element_subtype": "",
    "content": "Chapter 43 - Feelings of Despondency",
    "puborder": 340,
    "translations": []
  },
  {
    "para_id": "14025.407",
    "id_prev": "14025.406",
    "id_next": "14025.408",
    "refcode_1": "3SM-SG",
    "refcode_2": "63",
    "refcode_3": "1",
    "refcode_4": "",
    "refcode_short": "3SM-SG 63.1",
    "refcode_long": "Selected Messages, Book 3 -- Study Guide, p. 63.1 (Ellen G. White Estate)",
    "element_type": "p",
    "element_subtype": "standard-indented",
    "content": "22. Are gloomy feelings evidence that God&rsquo;s promises are not in effect? (<span class=\"egwlink egwlink_book\" title=\"3SM 324.1\" data-link=\"100.1936\">3SM 324.1</span>) Discuss.<br />\r\n&nbsp;",
    "puborder": 341,
    "translations": []
  },
  {
    "para_id": "14025.408",
    "id_prev": "14025.407",
    "id_next": "14025.410",
    "refcode_1": "3SM-SG",
    "refcode_2": "63",
    "refcode_3": "2",
    "refcode_4": "",
    "refcode_short": "3SM-SG 63.2",
    "refcode_long": "Selected Messages, Book 3 -- Study Guide, p. 63.2 (Ellen G. White Estate)",
    "element_type": "p",
    "element_subtype": "standard-indented",
    "content": "23. What suggestions did Ellen White offer to a despondent sister? (<span class=\"egwlink egwlink_book\" title=\"3SM 324.1\" data-link=\"100.1936\">3SM 324.1-326</span>)<br />\r\n&nbsp;",
    "puborder": 342,
    "translations": []
  }
]