[
  {
    "para_id": "14025.179",
    "id_prev": "14025.177",
    "id_next": "14025.180",
    "refcode_1": "3SM-SG",
    "refcode_2": "29",
    "refcode_3": "",
    "refcode_4": "22",
    "refcode_short": "3SM-SG 29",
    "refcode_long": "Selected Messages, Book 3 -- Study Guide, p. 29 (Ellen G. White Estate)",
    "element_type": "h3",
    "element_subtype": "",
    "content": "Appendix C",
    "puborder": 148,
    "translations": []
  },
  {
    "para_id": "14025.180",
    "id_prev": "14025.179",
    "id_next": "14025.182",
    "refcode_1": "3SM-SG",
    "refcode_2": "29",
    "refcode_3": "1",
    "refcode_4": "",
    "refcode_short": "3SM-SG 29.1",
    "refcode_long": "Selected Messages, Book 3 -- Study Guide, p. 29.1 (Ellen G. White Estate)",
    "element_type": "p",
    "element_subtype": "standard-indented",
    "content": "14. Why were some parts left out of The Great Controversy, Volume IV, when it by Ellen White? List them from pages <span class=\"egwlink egwlink_book\" title=\"3SM 436.1\" data-link=\"100.2656\">436</span>, <span class=\"egwlink egwlink_book\" title=\"3SM 437.1\" data-link=\"100.2665\">437</span>, <span class=\"egwlink egwlink_book\" title=\"3SM 439.1\" data-link=\"100.2679\">439</span>, and <span class=\"egwlink egwlink_book\" title=\"3SM 447.1\" data-link=\"100.2733\">447</span>.<br />\r\n&nbsp;",
    "puborder": 149,
    "translations": []
  }
]