[
  {
    "para_id": "1037.188",
    "id_prev": "1037.187",
    "id_next": "1037.189",
    "refcode_1": "SC2",
    "refcode_2": "101",
    "refcode_3": "",
    "refcode_4": "",
    "refcode_short": "SC2 101",
    "refcode_long": "[Sabbath Controversy #2] The Seventh Day Sabbath, A Perpetual Sign (2nd Ed.), p. 101 (Joseph Bates)",
    "element_type": "h4",
    "element_subtype": "",
    "content": "GOD HAS MADE THREE EVERLASTING COVENANTS WITH MAN",
    "puborder": 96,
    "translations": []
  },
  {
    "para_id": "1037.189",
    "id_prev": "1037.188",
    "id_next": "1037.190",
    "refcode_1": "SC2",
    "refcode_2": "101",
    "refcode_3": "2",
    "refcode_4": "",
    "refcode_short": "SC2 101.2",
    "refcode_long": "[Sabbath Controversy #2] The Seventh Day Sabbath, A Perpetual Sign (2nd Ed.), p. 101.2 (Joseph Bates)",
    "element_type": "p",
    "element_subtype": "standard-indented",
    "content": "The first one is the Covenant of Inheritance &ldquo;confirmed unto Jacob for a law and unto Israel for an <em>everlasting</em> Inheritance.&rdquo; See <span class=\"egwlink egwlink_bible\" title=\"Psalm 105:8\" data-link=\"1965.31833\">Psalm 105:8-11</span> <span class=\"egwlink egwlink_bible\" title=\"Acts 7:3\" data-link=\"1965.55310\">Acts 7:3-6</span> <span class=\"egwlink egwlink_bible\" title=\"Ephesians 1:14\" data-link=\"1965.59590\">Ephesians 1:14</span>",
    "puborder": 97,
    "translations": []
  },
  {
    "para_id": "1037.190",
    "id_prev": "1037.189",
    "id_next": "1037.191",
    "refcode_1": "SC2",
    "refcode_2": "101",
    "refcode_3": "3",
    "refcode_4": "",
    "refcode_short": "SC2 101.3",
    "refcode_long": "[Sabbath Controversy #2] The Seventh Day Sabbath, A Perpetual Sign (2nd Ed.), p. 101.3 (Joseph Bates)",
    "element_type": "p",
    "element_subtype": "standard-indented",
    "content": "Second is an <em>everlasting Covenant of Redemption</em>.&rdquo; See <span class=\"egwlink egwlink_bible\" title=\"Isaiah 61:8\" data-link=\"1965.38468\">Isaiah 61:8, 9</span> &ldquo;I have made a covenant with my chosen, I have sworn unto David my servant, thy seed will I establish forever.&rdquo; <span class=\"egwlink egwlink_bible\" title=\"Psalm 89:2\" data-link=\"1965.31245\">Psalm 89:2-5</span> See also 34 - 37 vs. &ldquo;My Covenant will I not <em>break</em>, not alter the thing that is gone out of my lips. Once have I sworn by my holiness that I will not lie unto David, his seed shall endure forever, and his throne as the sun before me - It shall be established forever as the moon and as a faithful witness in heaven.&rdquo; Isa. says it is sure, <span class=\"egwlink egwlink_bible\" title=\"Isaiah 55:3\" data-link=\"1965.38246\">55:3</span>; <span class=\"egwlink egwlink_bible\" title=\"Isaiah 54:13\" data-link=\"1965.38231\">54:13, 14</span> Ezekiel calls it a Covenant of peace. <span class=\"egwlink egwlink_bible\" title=\"Ezekiel 34:25\" data-link=\"1965.43541\">34:25</span> In 37 ch.25 and 26 v. he shows clearly that David is Christ, and this &ldquo;Covenant of peace is an everlasting Covenant with his Israel, and will be <em>known</em> when his sanctuary is in the midst of them forever more.&rdquo; 28 v. The very same is brought to view by Paul <span class=\"egwlink egwlink_bible\" title=\"Romans 11:26\" data-link=\"1965.57575\">Romans 11:26, 27</span>",
    "puborder": 98,
    "translations": []
  },
  {
    "para_id": "1037.191",
    "id_prev": "1037.190",
    "id_next": "1037.195",
    "refcode_1": "SC2",
    "refcode_2": "101",
    "refcode_3": "4",
    "refcode_4": "",
    "refcode_short": "SC2 101.4",
    "refcode_long": "[Sabbath Controversy #2] The Seventh Day Sabbath, A Perpetual Sign (2nd Ed.), p. 101.4 (Joseph Bates)",
    "element_type": "p",
    "element_subtype": "standard-indented",
    "content": "These two everlasting Covenants are conditional, and in the future. The living saints of God inherit them by keeping <span class=\"page-break\" data-page=\"102\"></span> the &lsquo;commandments of God and testimony of Jesus, which can be nothing more nor less than what Jer. and Paul calls the &lsquo;new or second covenant.&rsquo; <span class=\"egwlink egwlink_bible\" title=\"Jeremiah 31:31\" data-link=\"1965.40247\">Jeremiah 31:31-33</span>; <span class=\"egwlink egwlink_bible\" title=\"Hebrews 8:6\" data-link=\"1965.61398\">Hebrews 8:6-10</span>; by us the Gospel Covenant, confirmed by Christ and his Apostles 1800 years ago. <span class=\"egwlink egwlink_bible\" title=\"Daniel 9:27\" data-link=\"1965.44919\">Daniel 9:27</span>; <span class=\"egwlink egwlink_bible\" title=\"Acts 10:36\" data-link=\"1965.55665\">Acts 10:36-40</span>; <span class=\"egwlink egwlink_bible\" title=\"Hebrews 2:3\" data-link=\"1965.61156\">Hebrews 2:3, 4</span> The old or first Covenant was delivered to Moses at Mount Sinai 3337 years ago, and is about 1537 years older than the <em>new</em>, or <em>second</em>, or what we call the Gospel Covenant. Paul to the <span class=\"egwlink egwlink_bible\" title=\"Hebrews 9:1\" data-link=\"1965.61415\">Hebrews 9:1</span>, says, &lsquo;This first Covenant had ordinances of divine service, and a worldly sanctuary,&rsquo; meaning the Old Tabernacle with all its appendages, (see 23 v.,) and was dedicated with the blood of bulls and goats. 18, 19 v. (Macknight&rsquo;s trans.). See also <span class=\"egwlink egwlink_bible\" title=\"Exodus 24:8\" data-link=\"1965.4449\">Exodus 24:8</span>; <span class=\"egwlink egwlink_bible\" title=\"Leviticus 11:15\" data-link=\"1965.6131\">Leviticus 11:15</span> This same Covenant was the ten commandments &lsquo;written on tables of stone by the finger of God.&rsquo; <span class=\"egwlink egwlink_bible\" title=\"Exodus 34:27\" data-link=\"1965.5135\">Exodus 34:27, 28</span>; <span class=\"egwlink egwlink_bible\" title=\"Deuteronomy 9:4\" data-link=\"1965.10492\">Deuteronomy 9:4</span> Moses built a Tabernacle for it. <span class=\"egwlink egwlink_bible\" title=\"Exodus 40:3\" data-link=\"1965.5515\">Exodus 40:3, 21</span> David had it in his heart to build a house for it. <span class=\"egwlink egwlink_bible\" title=\"1 Chronicles 28:2\" data-link=\"1965.22672\">1 Chronicles 28:2</span> Solomon built <em>the</em> house (the Temple) and put the Ark into it. <span class=\"egwlink egwlink_bible\" title=\"2 Chronicles 6:11\" data-link=\"1965.22976\">2 Chronicles 6:11</span> These ten commandments then, was the first <em>Covenant</em>. The Tabernacle and all its furniture was appended to it, and was called the Sanctuary, the building that contained it. This Covenant was broken by the Jews, with whom it was first made. <span class=\"egwlink egwlink_bible\" title=\"Deuteronomy 26:15\" data-link=\"1965.11349\">Deuteronomy 26:15, 20</span>; <span class=\"egwlink egwlink_bible\" title=\"Jeremiah 31:32\" data-link=\"1965.40249\">Jeremiah 31:32</span>; <span class=\"egwlink egwlink_bible\" title=\"Ezekiel 16:5\" data-link=\"1965.42381\">Ezekiel 16:5, 9</span>, and <span class=\"egwlink egwlink_bible\" title=\"Ezekiel 17:19\" data-link=\"1965.42536\">Ezekiel 17:19</span>; <span class=\"egwlink egwlink_bible\" title=\"Isaiah 33:8\" data-link=\"1965.37312\">Isaiah 33:8</span> Now how evident it is that the Jewish nation did not destroy nor abolish this Covenant by breaking it. As well may it be said that the man who violates the law of his country has abolished or destroyed the whole law. No, no! men can no more destroy the law God has made than they can put out the light of the sun. They can destroy themselves, but God&rsquo;s work can they never. Hear God speak and may his word annihilate every thought to the contrary: &ldquo;The Lord thy God he is the faithful God, which keepeth <em>Covenant</em> and mercy with them that love him and <em>keep his commandments</em> to a thousand <em>generations</em>.&rdquo; Is not this as much as 63,000 years in the future? Will he break it, then think ye? No, you know it means forever. <span class=\"egwlink egwlink_bible\" title=\"Deuteronomy 7:9\" data-link=\"1965.10408\">Deuteronomy 7:9</span> Do you still doubt. Let him speak once more. &ldquo;<em>My Covenant will I not BREAK nor ALTER</em> [look at this, you that say God has <em>altered</em> this Covenant so as to change, this Sabbath from the 7th to the 1st day of the week.] <em>the thing that has gone out of my mouth</em>.&rdquo; <span class=\"egwlink egwlink_bible\" title=\"Psalm 89:34\" data-link=\"1965.31309\">Psalm 89:34</span> Then it is immutable unchangeable immortal! as well may man undertake to annihilate the sun.",
    "puborder": 99,
    "translations": []
  },
  {
    "para_id": "1037.195",
    "id_prev": "1037.191",
    "id_next": "1037.196",
    "refcode_1": "SC2",
    "refcode_2": "103",
    "refcode_3": "1",
    "refcode_4": "",
    "refcode_short": "SC2 103.1",
    "refcode_long": "[Sabbath Controversy #2] The Seventh Day Sabbath, A Perpetual Sign (2nd Ed.), p. 103.1 (Joseph Bates)",
    "element_type": "p",
    "element_subtype": "standard-indented",
    "content": "Jesus then, as I have shown, came to establish the new <em>Covenant</em>, and as I have before stated, he stripped off all these appendages, the <em>law of ceremonies</em>, the <em>hand writing</em> of <em>ordinances</em>, the <em>carnal commandments</em> (Paul,) from the first <em>Covenant</em>, the ten commandments, leaving them pure as when they first came from his Father&rsquo;s hand, and nailed as Paul shows to the <span class=\"egwlink egwlink_bible\" title=\"Colossians 2:14\" data-link=\"1965.60179\">Colossians 2:14</span> all these ceremonies to his cross, at the same hour he sealed the new <em>Covenant</em> with his blood, called the <em>everlasting Covenant</em>. <span class=\"egwlink egwlink_bible\" title=\"Hebrews 13:20\" data-link=\"1965.61729\">Hebrews 13:20</span>",
    "puborder": 100,
    "translations": []
  },
  {
    "para_id": "1037.196",
    "id_prev": "1037.195",
    "id_next": "1037.197",
    "refcode_1": "SC2",
    "refcode_2": "103",
    "refcode_3": "2",
    "refcode_4": "",
    "refcode_short": "SC2 103.2",
    "refcode_long": "[Sabbath Controversy #2] The Seventh Day Sabbath, A Perpetual Sign (2nd Ed.), p. 103.2 (Joseph Bates)",
    "element_type": "p",
    "element_subtype": "standard-indented",
    "content": "Paul in the 7 ch on this Covenant, extracts from <span class=\"egwlink egwlink_bible\" title=\"Jeremiah 31:31\" data-link=\"1965.40247\">Jeremiah 31:31-34</span>, which shows us clearly what he means (see 8-12v,) and says in the 7 v., if the first one had been faultless then no place could be found for the second. 6 v. says this covenant is established on better promises because Jesus is the mediator of it. <span class=\"egwlink egwlink_bible\" title=\"Hebrews 8:6\" data-link=\"1965.61398\">Hebrews 8:6</span> In <span class=\"egwlink egwlink_bible\" title=\"Jeremiah 10:15\" data-link=\"1965.39214\">10:15, 16</span>, he quotes from the 8 ch to show that the Holy Ghost is also a witness. See how, in <span class=\"egwlink egwlink_bible\" title=\"Romans 2:13\" data-link=\"1965.57046\">Romans 2:13-16</span>, &ldquo;when the Gentiles which have not the <em>law</em>, (that is the ten commandments on tables of stone) do the things contained in the <em>law</em> (the ten commandments) they show the work of the <em>law</em> (the ten commandments) written on their hearts, their thoughts in the mean while accusing, or else excusing, (when, Paul?) in the day when God shall judge the secrets of men by my gospel.&rdquo; Then it must be now. Oh no, says the reader, Paul means at the day of judgment. - I am glad you admit that condemnation overtakes the transgressors of the law written on our hearts somewhere. For proof that he means the commandments read 21,22 v.; you will of course understand that it is not the law of ceremonies, for these had been abolished more than 25 years before. See chronology A.D. 60. Now see <span class=\"egwlink egwlink_bible\" title=\"Hebrews 8:10\" data-link=\"1965.61406\">Hebrews 8:10</span> again. &ldquo;I will put MY <em>laws</em> into their minds and write them in their hearts.&rdquo; This is the very same, the commandment, the <em>covenant</em>, for there is no other <em>law</em> called God&rsquo;s <em>law</em> that we can refer to in the Bible but this. In <span class=\"egwlink egwlink_bible\" title=\"Jeremiah 32:40\" data-link=\"1965.40346\">Jeremiah 32:40</span>, the everlasting covenant which Paul quotes in 13 Heb. is the same promise as in <span class=\"egwlink egwlink_bible\" title=\"Jeremiah 31:1\" data-link=\"1965.40187\">Jeremiah 31</span>.",
    "puborder": 101,
    "translations": []
  },
  {
    "para_id": "1037.197",
    "id_prev": "1037.196",
    "id_next": "1037.198",
    "refcode_1": "SC2",
    "refcode_2": "103",
    "refcode_3": "3",
    "refcode_4": "",
    "refcode_short": "SC2 103.3",
    "refcode_long": "[Sabbath Controversy #2] The Seventh Day Sabbath, A Perpetual Sign (2nd Ed.), p. 103.3 (Joseph Bates)",
    "element_type": "p",
    "element_subtype": "standard-indented",
    "content": "Now in <span class=\"egwlink egwlink_bible\" title=\"Ezekiel 16:8\" data-link=\"1965.42387\">Ezekiel 16:8</span> This is the first covenant to Moses; that it is broken see <span class=\"egwlink egwlink_bible\" title=\"Ezekiel 16:60\" data-link=\"1965.42491\">Ezekiel 16:60-62</span>, shows the second covenant as in Jer., read the history in the chapter.",
    "puborder": 102,
    "translations": []
  },
  {
    "para_id": "1037.198",
    "id_prev": "1037.197",
    "id_next": "1037.201",
    "refcode_1": "SC2",
    "refcode_2": "103",
    "refcode_3": "4",
    "refcode_4": "",
    "refcode_short": "SC2 103.4",
    "refcode_long": "[Sabbath Controversy #2] The Seventh Day Sabbath, A Perpetual Sign (2nd Ed.), p. 103.4 (Joseph Bates)",
    "element_type": "p",
    "element_subtype": "standard-indented",
    "content": "In <span class=\"egwlink egwlink_bible\" title=\"Ezekiel 20:37\" data-link=\"1965.42715\">ch 20:37</span>, where the promise is, &ldquo;I will bring you into the bond (or delivering, see margin,) of the covenant. At first view it would appear as though here was another implied but I think the preceding verses, particularly the 12th and 20th, show it to be the covenant in which the <span class=\"page-break\" data-page=\"104\"></span> Sabbath is included, or it may be the everlasting covenant of redemption, given to Jesus just previous to the resurrection. Paul clearly shows that there are but two covenants under the law in his allegory to the <span class=\"egwlink egwlink_bible\" title=\"Galatians 4:21\" data-link=\"1965.59450\">Galatians 4:21-27</span>, and these two must of necessity, as I have shown embrace the ten commandments. Now has this new covenant been broken by man as was the first? Hear Isaiah; &ldquo;Behold the Lord maketh the earth empty, the inhabitants of the earth burned, and but few left.&rdquo; Why? &ldquo;Because they have broken the everlasting covenant.&rdquo; See <span class=\"egwlink egwlink_bible\" title=\"Isaiah 23:5\" data-link=\"1965.36892\">23:5</span> Read this whole chapter. Paul says that the professed church in the last days will be covenant breakers. <span class=\"egwlink egwlink_bible\" title=\"2 Timothy 3:2\" data-link=\"1965.60896\">2 Timothy 3:2-5</span> (Macknight&rsquo;s translation.) This must of course be violating, especially, the fourth commandment, the Lord&rsquo;s Sabbath. It would be the height of absurdity to attempt to apply it to the first day of the week, because this is included in the six working days, which God never sanctified nor set apart for an holy day.",
    "puborder": 103,
    "translations": []
  },
  {
    "para_id": "1037.201",
    "id_prev": "1037.198",
    "id_next": "1037.203",
    "refcode_1": "SC2",
    "refcode_2": "104",
    "refcode_3": "1",
    "refcode_4": "",
    "refcode_short": "SC2 104.1",
    "refcode_long": "[Sabbath Controversy #2] The Seventh Day Sabbath, A Perpetual Sign (2nd Ed.), p. 104.1 (Joseph Bates)",
    "element_type": "p",
    "element_subtype": "standard-indented",
    "content": "Now what is to be appended to this everlasting covenant (called new not in respect of its date; it being made from everlasting, and will continue forever,) to ensure us an entrance into the gates of the holy city. Answer. The <em>testimony of Jesus</em>. <span class=\"egwlink egwlink_bible\" title=\"Revelation 12:17\" data-link=\"1965.63064\">Revelation 12:17</span> &ldquo;That old dragon the devil is pursuing the remnant (the last end) of God&rsquo;s children, which keep the commandments of God, and have the testimony of Jesus Christ.&rdquo; In the <span class=\"egwlink egwlink_bible\" title=\"Revelation 14:12\" data-link=\"1965.63126\">14:12</span>, John says the faith of Jesus, (same meaning.) Now what is this faith or &ldquo;testimony of Jesus?&rdquo; John shows that he was banished to Patmos for the &ldquo;word of God and the <em>testimony</em> of Jesus Christ.&rdquo; <span class=\"egwlink egwlink_bible\" title=\"Revelation 1:1\" data-link=\"1965.62633\">Revelation 1, 9</span>, he says he &ldquo;bore record of the <em>testimony</em> of Jesus,&rdquo; &ldquo;and what he saw.&rdquo; 2 v. Just what Jesus had directed his disciples to do. See <span class=\"egwlink egwlink_bible\" title=\"Matthew 28:19\" data-link=\"1965.49428\">Matthew 28:19, 20</span> &ldquo;Teach all nations to observe all things whatsoever I have commanded you.&rdquo; This then is what makes the covenant new, appending to it the teaching or testimony of Jesus, after the ceremonial law had been &ldquo;Nailed to the cross.&rdquo; Here it is perfectly clear that the everlasting <em>covenant</em> the ten commandments have undergone no change whatever. Indeed it is impossible that the law of God could be changed; do you say it is possible I may be mistaken? Then I will appeal to Jesus. He says &ldquo;it is easier for heaven and earth to pass than <em>one</em> title of the <em>law</em> to fail.&rdquo; You say this is no proof, for the law of God is the word taught in the old and new testaments. See here then, in <span class=\"egwlink egwlink_bible\" title=\"Matthew 5:17\" data-link=\"1965.47479\">Matthew 5:17, 18</span> Is not this the same <em>law</em> as in <span class=\"egwlink egwlink_bible\" title=\"Luke 16:17\" data-link=\"1965.52308\">Luke 16:17</span>? Yes.",
    "puborder": 104,
    "translations": []
  },
  {
    "para_id": "1037.203",
    "id_prev": "1037.201",
    "id_next": "1037.205",
    "refcode_1": "SC2",
    "refcode_2": "105",
    "refcode_3": "1",
    "refcode_4": "",
    "refcode_short": "SC2 105.1",
    "refcode_long": "[Sabbath Controversy #2] The Seventh Day Sabbath, A Perpetual Sign (2nd Ed.), p. 105.1 (Joseph Bates)",
    "element_type": "p",
    "element_subtype": "standard-indented",
    "content": "Very well then, see next verse, here he unhesitatingly calls them the commandments; for proof that he means the ten commandments, read 21st verse, &ldquo;shall not kill,&rdquo; now 27th &ldquo;nor commit adultery,&rdquo; then 33rd, &ldquo;nor take God&rsquo;s name in vain.&rdquo; His exposition of them as a whole is certainly as clear as this in <span class=\"egwlink egwlink_bible\" title=\"Matthew 22:35\" data-link=\"1965.48808\">Matthew 22:35-40</span>, reduced to two precepts, love God, and love your neighbor, on these two hang all the law (ceremonial) and the prophets. Don&rsquo;t you see then that if this <em>law</em> is taken away, changed or abolished, that the prophets must fall with it, as certainly as a building would if the foundation was swept away? The argument is clear that the prophecies cannot be sustained without the <em>law</em>. Again, see <span class=\"egwlink egwlink_bible\" title=\"Luke 10:25\" data-link=\"1965.51804\">Luke 10:25-28</span> The lawyer says, &ldquo;Master what shall I do to inherit eternal life?&rdquo; Jesus &ldquo;said unto him what is written in the LAW? how readest thou?&rdquo; He begins and quotes the two precepts (the essence of the ten commandments) given by the Saviour in Matt.xxii Jesus says, &ldquo;thou hast answered RIGHT, this do and <em>thou shalt live</em>.&rdquo; Is this a safe rule for us? Yes, if you can believe the Saviour. I ask if it could be so if any of the <em>law</em> should fail? No, that would undermine the foundation. Then I have not appealed to Jesus in vain. If all of this does not convince you, just hear the Prophets. &ldquo;The good man&rsquo;s delight is in the <em>law</em> of the Lord, and in his <em>law</em> doth he meditate day and night.&rdquo; <span class=\"egwlink egwlink_bible\" title=\"Psalm 1:1\" data-link=\"1965.28381\">Psalm 1:1, 2</span> &ldquo;The <em>law</em> of the Lord is <em>perfect</em>, converting the soul.&rdquo; 19 &ldquo;The <em>law</em> of thy mouth is better unto me than thousands of gold and silver.&rdquo; <span class=\"egwlink egwlink_bible\" title=\"Psalm 119:72\" data-link=\"1965.32559\">119:72</span> &ldquo;Great peace have they that love thy, <em>law</em>, and nothing shall offend them.&rdquo; 165 Does the changing of the law by the little horn bring peace? &ldquo;He that turneth away his ear from hearing the <em>law</em>, even his prayer shall be an abomination. <span class=\"egwlink egwlink_bible\" title=\"Proverbs 28:9\" data-link=\"1965.35089\">Proverbs 28:9</span> Read this passage again. You that say the Lord is not so particular about his <em>law</em>, whether we keep this day or that for a holy day. He says &ldquo;every thing upon his day.&rdquo; &ldquo;Seal the <em>law</em> among my disciples.&rdquo; <span class=\"egwlink egwlink_bible\" title=\"Isaiah 8:16\" data-link=\"1965.36359\">Isaiah 8:16</span> What for? &ldquo;It will be bindings on them in the new heavens and the new earth.&rdquo; 66,22,23 &ldquo;To the <em>law</em> and the testimony.&rdquo; 20 What can you prove by it if it is changed or abolished? &ldquo;He will magnify the <em>law</em> and make it honorable.&rdquo; <span class=\"egwlink egwlink_bible\" title=\"Isaiah 42:21\" data-link=\"1965.37749\">42:21</span> How could he do that if he was going to change or destroy it. &ldquo;The people in whose heart is my <em>law</em>, fear ye not the reproach of men.&rdquo; <span class=\"egwlink egwlink_bible\" title=\"Isaiah 51:7\" data-link=\"1965.38116\">51:7</span> &ldquo;After those days saith the Lord, I will put my laws in their inward parts, and write it in their hearts.&rdquo; <span class=\"egwlink egwlink_bible\" title=\"Jeremiah 31:33\" data-link=\"1965.40251\">Jeremiah 31:33</span>",
    "puborder": 105,
    "translations": []
  },
  {
    "para_id": "1037.205",
    "id_prev": "1037.203",
    "id_next": "1037.206",
    "refcode_1": "SC2",
    "refcode_2": "106",
    "refcode_3": "1",
    "refcode_4": "",
    "refcode_short": "SC2 106.1",
    "refcode_long": "[Sabbath Controversy #2] The Seventh Day Sabbath, A Perpetual Sign (2nd Ed.), p. 106.1 (Joseph Bates)",
    "element_type": "p",
    "element_subtype": "standard-indented",
    "content": "Then we are certainly bound to obey them. &ldquo;Her Priests have violated my <em>law</em> - and have put no difference between the holy and profane - and have hid their eyes from my SABBATHS, and I am profaned among them. <span class=\"egwlink egwlink_bible\" title=\"Ezekiel 22:26\" data-link=\"1965.42857\">Ezekiel 22:26</span> It is just so; we believe it, Lord. It is even among them that say they are looking for Jesus daily.",
    "puborder": 106,
    "translations": []
  },
  {
    "para_id": "1037.206",
    "id_prev": "1037.205",
    "id_next": "1037.207",
    "refcode_1": "SC2",
    "refcode_2": "106",
    "refcode_3": "2",
    "refcode_4": "",
    "refcode_short": "SC2 106.2",
    "refcode_long": "[Sabbath Controversy #2] The Seventh Day Sabbath, A Perpetual Sign (2nd Ed.), p. 106.2 (Joseph Bates)",
    "element_type": "p",
    "element_subtype": "standard-indented",
    "content": "Hear the Apostles. &ldquo;We establish the <em>law</em>.&rdquo; <span class=\"egwlink egwlink_bible\" title=\"Romans 3:31\" data-link=\"1965.57141\">Romans 3:31</span> &ldquo;The <em>law is holy, just and good</em>.&rdquo; What do you mean Paul? The professed Christian world does not believe your testimony; they are teaching that a certain part of this <em>law</em> was changed or abolished 25 years before you made this assertion. See chronology. &ldquo;Love is the fulfilling of the <em>law</em>.&rdquo; <span class=\"egwlink egwlink_bible\" title=\"Romans 13:10\" data-link=\"1965.57659\">13:10</span> See <span class=\"egwlink egwlink_bible\" title=\"Matthew 7:12\" data-link=\"1965.47635\">Matthew 7:12</span>, and <span class=\"egwlink egwlink_bible\" title=\"Galatians 5:14\" data-link=\"1965.59499\">Galatians 5:14</span> James says it is a <em>perfect Royal law of liberty</em>.&rdquo; See page 26, <span class=\"egwlink egwlink_bible\" title=\"James 1:25\" data-link=\"1965.61791\">ch. 1:25</span>, and <span class=\"egwlink egwlink_bible\" title=\"Galatians 2:8\" data-link=\"1965.59322\">2:8, 9, 10, 12</span>, and <span class=\"egwlink egwlink_bible\" title=\"Galatians 4:2\" data-link=\"1965.59412\">4:2</span> This testimony is also rejected as an absurdity, being no better than Paul&rsquo;s, 25 years out of date, for they will have it that the 4th commandment, the Sabbath, was changed at the Resurrection.",
    "puborder": 107,
    "translations": []
  },
  {
    "para_id": "1037.207",
    "id_prev": "1037.206",
    "id_next": "1037.210",
    "refcode_1": "SC2",
    "refcode_2": "106",
    "refcode_3": "3",
    "refcode_4": "",
    "refcode_short": "SC2 106.3",
    "refcode_long": "[Sabbath Controversy #2] The Seventh Day Sabbath, A Perpetual Sign (2nd Ed.), p. 106.3 (Joseph Bates)",
    "element_type": "p",
    "element_subtype": "standard-indented",
    "content": "The commandments of God mean the same as the law. - &ldquo;All his commandments are sure, they are established <em>forever and ever</em>.&rdquo; Who then can change the Sabbath? &ldquo;A good understanding have all they that do his commandments.&rdquo; &ldquo;Blessed is the man that delighteth greatly in his commandments.&rdquo; <span class=\"egwlink egwlink_bible\" title=\"Psalm 111:1\" data-link=\"1965.32199\">Psalm 111, 112</span> &ldquo;O let me not wander from thy commandments.&rdquo; <span class=\"egwlink egwlink_bible\" title=\"Psalm 19:10\" data-link=\"1965.28875\">19:10, and 35</span> &ldquo;I will delight myself in thy commandments which I have loved.&rdquo; 47 &ldquo;Thy commandment is exceeding broad.&rdquo; 96 &ldquo;All thy commandments are truth.&rdquo; 151 Can it be proved that God ever altered or changed the truth? Yes, if it can be proved that he changed the Sabbath. &ldquo;O that thou hadst harkened to my commandments, then had thy peace been as a river, and thy righteousness as the waves of the sea. <span class=\"egwlink egwlink_bible\" title=\"Isaiah 48:18\" data-link=\"1965.38017\">Isaiah 48:18</span> See Jesus&rsquo; exposition and reference to the commandments <span class=\"egwlink egwlink_bible\" title=\"Matthew 5:19\" data-link=\"1965.47483\">Matthew 5:19</span>, <span class=\"egwlink egwlink_bible\" title=\"Matthew 15:3\" data-link=\"1965.48259\">15:3-6</span> We are told by those who can hardly bear a contradiction, that the 5th commandment means Jesus for father, and New Jerusalem for mother. Jesus shows it is our natural parents, and so does Paul to the <span class=\"egwlink egwlink_bible\" title=\"Ephesians 6:1\" data-link=\"1965.59831\">Ephesians 6:1-3</span> See also <span class=\"egwlink egwlink_bible\" title=\"Matthew 19:17\" data-link=\"1965.48549\">Matthew 19:17-19</span>, and<span class=\"egwlink egwlink_bible\" title=\"Matthew 19:17\" data-link=\"1965.48549\">22:35-40</span>, <span class=\"egwlink egwlink_bible\" title=\"Mark 12:29\" data-link=\"1965.50417\">Mark 12:29-31</span>, <span class=\"egwlink egwlink_bible\" title=\"John 13:34\" data-link=\"1965.54384\">John 13:34</span>, <span class=\"egwlink egwlink_bible\" title=\"John 14:31\" data-link=\"1965.54455\">14:31</span>, and <span class=\"egwlink egwlink_bible\" title=\"John 16:12\" data-link=\"1965.54535\">16:12</span> The last three quotations relate to his own commandment. See John&rsquo;s testimony on this point. 1st <span class=\"egwlink egwlink_bible\" title=\"John 2:4\" data-link=\"1965.53243\">John 2:4, 7, 321, 24</span> <span class=\"egwlink egwlink_bible\" title=\"Revelation 12:17\" data-link=\"1965.63064\">Revelation 12:17</span>, and <span class=\"egwlink egwlink_bible\" title=\"Revelation 12:17\" data-link=\"1965.63064\">14:12</span> Now let us hear the conclusion of the whole matter, &ldquo;fear God and keep his commandments, for this is the <em>whole</em> duty of man,&rdquo; &ldquo;Blessed are they that do his commandments, <span class=\"page-break\" data-page=\"107\"></span> that they may have right to the tree of life and may enter in through the gates into the city.&rdquo; <span class=\"egwlink egwlink_bible\" title=\"Revelation 22:14\" data-link=\"1965.63446\">Revelation 22:14</span>, <span class=\"egwlink egwlink_bible\" title=\"Ecclesiastes 12:13\" data-link=\"1965.35767\">Ecclesiastes 12:13</span> Do you ask for the foundation for this mass of evidence? When Israel violated the holy Sabbath of rest given in the beginning, <span class=\"egwlink egwlink_bible\" title=\"Genesis 2:2\" data-link=\"1965.70\">Genesis 2:2, 3, 1</span><span class=\"egwlink egwlink_bible\" title=\"John 2:7\" data-link=\"1965.53249\">John 2:7</span>, the Lord said unto Moses, how long refuse ye to keep my commandments and my laws? What are they, Lord? Answer, the seventh day Sabbath. See <span class=\"egwlink egwlink_bible\" title=\"Exodus 16:27\" data-link=\"1965.4019\">Exodus 16:27-30</span> Now if we trace the Bible through in relation to the Sabbath we shall learn that the Lord&rsquo;s threatenings, judgments, and promises, are more than ten fold in comparison with the other nine commandments. What is the reason for this? Answer, the keeping of GOD&rsquo;S SABBATH HOLY, GOD&rsquo;S SANCTIFIES AND SAVES THE SOUL! but the keeping of one, or all the other nine without it will not.",
    "puborder": 108,
    "translations": []
  },
  {
    "para_id": "1037.210",
    "id_prev": "1037.207",
    "id_next": "1037.211",
    "refcode_1": "SC2",
    "refcode_2": "107",
    "refcode_3": "1",
    "refcode_4": "",
    "refcode_short": "SC2 107.1",
    "refcode_long": "[Sabbath Controversy #2] The Seventh Day Sabbath, A Perpetual Sign (2nd Ed.), p. 107.1 (Joseph Bates)",
    "element_type": "p",
    "element_subtype": "standard-indented",
    "content": "Now, dear reader, if you are still undecided about the keeping of God&rsquo;s Sabbath, let me persuade you to read these two pages over again, and settle in your mind what you will do with this mass of testimony, directly from God; his Prophets; Jesus Christ and his Apostles. Dare you say you are now &lsquo;living by every word of God,&rsquo; and yet reject all this, with what other testimony is here presented to prove the keeping of the seventh day Sabbath? Dare you run such a risk because the great mass of professed believers in Christendom are doing so? Do you think you can be saved by such a <em>faith</em> and <em>practice</em>? Your ministering spirit (if you yet have one,) says no, no! utterly impossible! Then receive the truth in the love of it. Do you perceive that the seventh day Sabbath is God&rsquo;s first <em>law</em> for man? <span class=\"egwlink egwlink_bible\" title=\"Genesis 2:2\" data-link=\"1965.70\">Genesis 2:2, 3</span>, and the very last promise he ever made to man of a future inheritance is based on the &lsquo;doing of these commandments.&rsquo; It would not help your case at all if you could make out five thousand, instead of ten commandments; for you would still have to include the ten to get them all.",
    "puborder": 109,
    "translations": []
  },
  {
    "para_id": "1037.211",
    "id_prev": "1037.210",
    "id_next": "1037.214",
    "refcode_1": "SC2",
    "refcode_2": "107",
    "refcode_3": "2",
    "refcode_4": "",
    "refcode_short": "SC2 107.2",
    "refcode_long": "[Sabbath Controversy #2] The Seventh Day Sabbath, A Perpetual Sign (2nd Ed.), p. 107.2 (Joseph Bates)",
    "element_type": "p",
    "element_subtype": "standard-indented",
    "content": "What a beautiful delineation the 119 Psalm is, of this wonderful prototype delivered by God to Moses at Mount Sinai. The <em>Commandments</em> are rehearsed twenty-two times. The <em>Law</em>, twenty-three. The <em>Testimony</em> twenty-three. The <em>Statutes</em> twenty-one. The <em>Precepts</em> twenty-two. The <em>Judgments</em> twenty-two. The <em>Word</em> thirty-eight. All referring to the Ark of the Covenant of God. See how perfectly David and Nehemiah links them together with the Sabbath in the 19:Psl:7 - 9; <span class=\"egwlink egwlink_bible\" title=\"Nehemiah 9:13\" data-link=\"1965.25489\">Nehemiah 9:13, 14</span> &lsquo;The <em>Commandments,</em> <span class=\"page-break\" data-page=\"108\"></span> <em>Law, Testimony and Judgments</em>, are true and righteous all together.&rsquo; Proof - <em>Commandments</em> and <em>laws</em>, <span class=\"egwlink egwlink_bible\" title=\"Exodus 16:28\" data-link=\"1965.4021\">Exodus 16:28-30</span>; <em>Testimony</em>, <span class=\"egwlink egwlink_bible\" title=\"Exodus 25:16\" data-link=\"1965.4502\">Exodus 25:16</span>; <span class=\"egwlink egwlink_bible\" title=\"Isaiah 8:20\" data-link=\"1965.36367\">Isaiah 8:20</span>; Word, <span class=\"egwlink egwlink_bible\" title=\"Exodus 34:27\" data-link=\"1965.5135\">Exodus 34:27</span>; <span class=\"egwlink egwlink_bible\" title=\"Mark 7:10\" data-link=\"1965.49954\">Mark 7:10, 13</span>; Statutes and <em>Judgments</em>, <span class=\"egwlink egwlink_bible\" title=\"Deuteronomy 6:17\" data-link=\"1965.10373\">Deuteronomy 6:17, 20</span>; <span class=\"egwlink egwlink_bible\" title=\"Deuteronomy 10:13\" data-link=\"1965.10569\">10:13</span>; <span class=\"egwlink egwlink_bible\" title=\"Leviticus 18:5\" data-link=\"1965.6626\">Leviticus 18:5</span>; Precepts, <span class=\"egwlink egwlink_bible\" title=\"Nehemiah 9:13\" data-link=\"1965.25489\">Nehemiah 9:13, 14</span>; <span class=\"egwlink egwlink_bible\" title=\"Daniel 9:5\" data-link=\"1965.44875\">Daniel 9:5</span>",
    "puborder": 110,
    "translations": []
  },
  {
    "para_id": "1037.214",
    "id_prev": "1037.211",
    "id_next": "1037.217",
    "refcode_1": "SC2",
    "refcode_2": "108",
    "refcode_3": "1",
    "refcode_4": "",
    "refcode_short": "SC2 108.1",
    "refcode_long": "[Sabbath Controversy #2] The Seventh Day Sabbath, A Perpetual Sign (2nd Ed.), p. 108.1 (Joseph Bates)",
    "element_type": "p",
    "element_subtype": "standard-indented",
    "content": "Who believes that the person that refrains from worshiping &lsquo;idols or images,&rsquo; will be saved for that? or because he honors his father or mother? or because he is no murderer? or does not commit adultery, or steal, or bear false witness, or covet, or not swear? Thousands on thousands have conformed to some and even all the nine, that made no pretensions to religion. We must keep the whole if we would be saved; neither can we be saved by keeping the Sabbath alone. James says &lsquo;If we fail in one we are guilty of the whole.&rsquo; God says &lsquo;verily my Sabbaths ye shall keep - that ye may know that I the Lord do SANCTIFY you.&rsquo; <span class=\"egwlink egwlink_bible\" title=\"Exodus 31:13\" data-link=\"1965.4952\">Exodus 31:13</span> Now I ask if there is any wise men among us than can tell us how the soul is sanctified unless he keeps the Sabbath HOLY. Ezekiel says the Sabbath was given that we might know that the Lord SANCTIFIES. 20. Says the reader, what do you think about those that have died in faith, keeping the first day Sabbath? Just as I do of those that never heard the everlasting gospel at the hour of his judgment. Look at the state of the world <em>now</em>, since they have rejected this message, the answer is plain then that condemnation comes, when light or present truth is presented and rejected. We may think our plea of ignorance may excuse us now. But just think of that awful hour, that gathering storm that is now clothing the moral world with darkness that may be felt. The sure and certain precursor of that tremendous &ldquo;rush&rdquo; when God roars out of Zion, and utters his voice from Jerusalem, preparatory to the sign of the Son of man in heaven and the trump of the archangel and a great sound, with so much power that earth and sea will reel, and rock, and rend; and cast forth the righteous dead, and the living saints changed; all going up together to meet their glorified Lord. No plea of ignorance will then answer our purpose; thoughts then rushing through our minds with more than lightning speed, will touch every point as on the magnetic telegraph, and show us where and when we rejected the present truth. Good God help the honest ones to see it now, for then it certainly will be forever too late. That God&rsquo;s holy Sabbath is a present truth I have not a shadow <span class=\"page-break\" data-page=\"109\"></span> of a doubt; that it is stamped with immortality and will be present truth forever and ever, no mortal can dispute: - It was established in Paradise without limitation. <span class=\"egwlink egwlink_bible\" title=\"Genesis 2:2\" data-link=\"1965.70\">Genesis 2:2, 3</span> God says &ldquo;my <em>covenant will I not</em> BREAK <em>nor</em> ALTER.&rdquo; Jesus has shown that not one title of this covenant can be <em>altered</em>, and told his children (not the Jews only) how they should pray about the Sabbath 36 years after his death. A little further in the distance stands John the last of the disciples pointing ut to Paradise for the commandments. After wading through a few years tribulation, in vision he sees the new Jerusalem, the mother of us all, the Paradise restored, and cries out &ldquo;blessed are they that DO (that practice) his commandments, they are going into the city.&rdquo; There they will keep the Sabbath, without opposition, as at the beginning. <span class=\"egwlink egwlink_bible\" title=\"Isaiah 66:23\" data-link=\"1965.38661\">Isaiah 66:23</span>, <span class=\"egwlink egwlink_bible\" title=\"Hebrews 4:9\" data-link=\"1965.61244\">Hebrews 4:9</span> This looks just like God&rsquo;s work. Man has undertaken to &ldquo;<em>break</em> and <em>alter</em>&rdquo; this <em>law</em> by changing the Sabbath. It would be much easier for him to bail the ocean dry, and carry the water to Jupiter by the spoonful; and sweep the thick clouds from the heavens in a thunder storm with the wing of a raven. Who then can alter this covenant? Echo answers, who can alter this covenant?",
    "puborder": 111,
    "translations": []
  },
  {
    "para_id": "1037.217",
    "id_prev": "1037.214",
    "id_next": "1037.218",
    "refcode_1": "SC2",
    "refcode_2": "109",
    "refcode_3": "1",
    "refcode_4": "",
    "refcode_short": "SC2 109.1",
    "refcode_long": "[Sabbath Controversy #2] The Seventh Day Sabbath, A Perpetual Sign (2nd Ed.), p. 109.1 (Joseph Bates)",
    "element_type": "p",
    "element_subtype": "standard-indented",
    "content": "Now who cannot see clearly that the main pillar and foundation of this <em>Everlasting covenant</em> is the ten <em>commandments</em>, the <em>law</em> of God, the constitution of the Bible; for every nation, kindred, tongue, and people, given first in Paradise, re-enacted with the nine additional <em>commandments</em>, written on tables of stone by the finger of God on mount Sinai, giving it the form of a statute, then delivered to Moses, broken by the Jews, just as men break any law without destroying it? The same ten commandments and laws, called by Paul the <em>new</em> or <em>second</em> and <em>everlasting covenant</em>, confirmed by Jesus, and sealed with his own blood eighteen hundred years ago, written in our minds and our hearts from one generation to another to the present time, always understood when developed in the believer&rsquo;s <em>practicing</em> and <em>doing</em> them, with the promise annexed that such obedience will be rewarded by an entrance into the holy city. <span class=\"egwlink egwlink_bible\" title=\"Revelation 22:14\" data-link=\"1965.63446\">Revelation 22:14</span>",
    "puborder": 112,
    "translations": []
  },
  {
    "para_id": "1037.218",
    "id_prev": "1037.217",
    "id_next": "1037.225",
    "refcode_1": "SC2",
    "refcode_2": "109",
    "refcode_3": "2",
    "refcode_4": "",
    "refcode_short": "SC2 109.2",
    "refcode_long": "[Sabbath Controversy #2] The Seventh Day Sabbath, A Perpetual Sign (2nd Ed.), p. 109.2 (Joseph Bates)",
    "element_type": "p",
    "element_subtype": "standard-indented",
    "content": "Now in this covenant or ten commandments God has given us a perpetual covenant, a sign forever, and this is the seventh day Sabbath. See <span class=\"egwlink egwlink_bible\" title=\"Exodus 31:16\" data-link=\"1965.4958\">Exodus 31:16</span> This may bear some comparison with the visions of Ezekiel and John. &ldquo;Their work was as it were a wheel in the middle of a wheel.&rdquo; &ldquo;I will give him a white stone, and in <span class=\"page-break\" data-page=\"110\"></span> the stone a new name.&rdquo; So with the Sabbath it is the main and essential thing. It is clearly that if we keep this holy as God has shown us, then we shall be SANCTIFIED. So we see a holy sanctified soul cannot violate the commandments. But if we reject the light and still persist in saying we will keep one of the working days holy which God never <em>sanctified</em> nor set apart for us, &ldquo;how does the love of God dwell in that soul?&rdquo; &ldquo;If ye love me keep my commandments.&rdquo; Now the history of God&rsquo;s people for the last seven years, or more, is described by John in <span class=\"egwlink egwlink_bible\" title=\"Revelation 14:6\" data-link=\"1965.63114\">Revelation 14:6-13</span> An angel preaching the everlasting gospel at the hour of God&rsquo;s judgment. This without any doubt represents all those who were preaching the second Advent doctrine since 1840. During this proclamation, there followed another angel, saying &ldquo;Babylon is fallen, is fallen.&rdquo; This angel was some of the same Advent lecturers, (for invisible angels don&rsquo;t preach to men.) And the angel follows them, showing the curse that befell all such as &ldquo;worship the beast or his image, or <em>receive his mark</em>,&rdquo; that is, if they go back again. The same angel or voice that is brought to view in <span class=\"egwlink egwlink_bible\" title=\"Revelation 18:4\" data-link=\"1965.63248\">ch. 18:4</span>, you see he follows the one that announces the fall of Babylon, and cries, &ldquo;come out of her my people. This was a little before and during a cry at Midnight in the fall of 1844. And God&rsquo;s people did respond to that call and come out, does any one ask where from? Answer, the professed churches and nowhere else. These churches then are Babylon! Now when this cry ended, John describes another very different company, in their patience, (or trying time,) keeping the commandments of God and the faith or testimony of Jesus; who are they? Why, the very same that came out of Babylon. Well, were they not all good christians that obeyed and came out of Babylon? They will be if they belong to this last company and pass through the trial. But did they not keep the commandments of God before this company was developed? Yes all but the 4th commandment. Therefore as I have shown, John gave us no credit for keeping the first for the seventh day Sabbath, neither could it be called keeping the commandments, for if we did it ever so ignorantly, even, we still violated the very essential <em>law</em> in the commandments, and all that John could say therefore was, that them which had the mark of the beast kept some of the commandments. James says &ldquo;if we fail in one we are guilty of the whole.&rdquo; Now that such a people can be found on the earth as described <span class=\"page-break\" data-page=\"111\"></span> in the 12 v. and have been uniting in companies for the last two years, on the commandments of God and faith or testimony of Jesus, is indisputable and clear. I say here then is demonstrated proof that Babylon has fallen, and whoever undertakes to prove the contrary must annihilate this people, or &ldquo;pervert the scriptures.&rdquo; John further shows that this is a remnant (which of course means the last end) made war with, (his meaning is clear,) for &ldquo;keeping the commandments of God and the testimony of Jesus Christ.&rdquo; <span class=\"egwlink egwlink_bible\" title=\"John 12:17\" data-link=\"1965.54249\">12:17</span> Here another question arises, why this people should be persecuted for keeping the commandments, etc., when all, even them which have the mark of the beast, profess to keep them. I suppose all that enrages the Devil and his army is this; that this remnant are actually <em>practicing</em> what they believe is the testimony of God and the testimony of Jesus, selling what they have, giving alms, laying up their treasure in heaven, casting themselves entirely loose from this wicked world; doing as their master told them to do, &ldquo;washing one another&rsquo;s feet,&rdquo; and as the apostles have taught, &lsquo;greet all the brethren with an holy kiss,&rsquo; salute every saint in Christ Jesus.&rsquo; Living &lsquo;by every word which proceedeth out of the mouth of God,&rsquo; practice keeping the Sabbath holy, just as God has told them in the commandments. But says the reader, there are tens of thousands that are looking for Jesus, that don&rsquo;t believe the above doctrines, what will become of them? Consult John, he knows better than we do; he has only described two companies. See <span class=\"egwlink egwlink_bible\" title=\"John 14:9\" data-link=\"1965.54411\">14:9-11, 12</span> One is keeping the commandments and faith of Jesus. The other has the mark of the beast. How? See page 45 Is it not clear that the first day of the week for the Sabbath or holy day is a mark of the beast. It surely will be admitted that the Devil was and is the father of all the wicked deeds of Imperial and Papal Rome. It is clear then from this history that Sunday, or first day, is his Sabbath throughout Christendom. And that he has succeeded among other civilized nations to sanctify and set apart for holy days every working day which God gave us, that <em>he</em> did not sanctify. See page 8th. He will be very careful therefore not to make <em>war</em> on any but those who keep God&rsquo;s Sabbath holy. Contrast this with page 30 John shows that these will all be judged according to their works, or as their work shall be. But them that DO (that practice) his commandments may enter in through the gates into the city. But do not some of the rest go in? He does not say they do. He <span class=\"page-break\" data-page=\"112\"></span> says his reward is with him to give to every man according as his work shall be. Well, who are left out? See 15 v. &ldquo;And whosoever loveth and maketh a <em>lie</em>.&rdquo; Now see <span class=\"egwlink egwlink_bible\" title=\"1 John 2:4\" data-link=\"1965.62334\">1 John 2:4</span> &ldquo;He that saith I know him and keepeth not his commandments is a <em>liar</em>.&rdquo; But does not the <span class=\"egwlink egwlink_bible\" title=\"Revelation 7:9\" data-link=\"1965.62881\">Revelation 7:9</span> describe a great multitude saved after the 144,000? Yes, but I conclude that these were raised from the dead. The original design of sending out this work was to show that these commandments, the keeping of the Lord&rsquo;s Sabbath, would save the <em>living</em> saints only at the coming of Jesus. Now that the keeping of the seventh day Sabbath has been made void by the working of Satan, and is to be restored as one of the <em>all</em> things spoken of by all the holy prophets since the world began, before Jesus can come, is evident. See <span class=\"egwlink egwlink_bible\" title=\"Acts 3:20\" data-link=\"1965.55100\">Acts 3:20, 21</span> &ldquo;And they that shall be of THEE shall <em>build the old waste places - thou shalt raise up the foundation of many generations</em>, and thou shalt be called the REPAIRER <em>of the breach, the RESTORER of paths to dwell in</em>. <span class=\"egwlink egwlink_bible\" title=\"Isaiah 58:12\" data-link=\"1965.38359\">Isaiah 58:12</span> The two following verses show that keeping or restoring the Sabbath is the special work. Jesus says, &ldquo;they shall be called great in the kingdom of heaven, that <em>do</em> and <em>teach</em> the commandments.&rdquo; That there will yet be a mighty struggle about the restoring and keeping the seventh day Sabbath, that will test every living soul that enters the gates of the city, cannot be disputed. It is evident the Devil is making war on all such. See <span class=\"egwlink egwlink_bible\" title=\"Revelation 12:17\" data-link=\"1965.63064\">Revelation 12:17</span> &ldquo;Remember the Sabbath day and keep it holy.&rdquo; Amen.",
    "puborder": 113,
    "translations": []
  }
]