[
  {
    "para_id": "1037.2",
    "level": 0,
    "title": "[Sabbath Controversy #2] The Seventh Day Sabbath, A Perpetual Sign (2nd Ed.)",
    "refcode_short": "SC2 52",
    "dup": null,
    "puborder": 1
  },
  {
    "para_id": "1037.14",
    "level": 1,
    "title": "PREFACE TO THE LITTLE FLOCK",
    "refcode_short": "SC2 53",
    "dup": null,
    "puborder": 8
  },
  {
    "para_id": "1037.21",
    "level": 1,
    "title": "PREFACE PREFACE TO SECOND EDITION. TO THE LITTLE FLOCK",
    "refcode_short": "SC2 55",
    "dup": null,
    "puborder": 13
  },
  {
    "para_id": "1037.30",
    "level": 1,
    "title": "THE SABBATH FIRST QUESTION IS, WHEN WAS THE SABBATH INSTITUTED?",
    "refcode_short": "SC2 57",
    "dup": null,
    "puborder": 19
  },
  {
    "para_id": "1037.53",
    "level": 2,
    "title": "HAS THE SABBATH BEEN ABOLISHED SINCE THE SEVENTH DAY OF CREATION? IF SO, WHEN, AND WHERE IS THE PROOF?",
    "refcode_short": "SC2 63",
    "dup": null,
    "puborder": 30
  },
  {
    "para_id": "1037.87",
    "level": 2,
    "title": "MORAL AND CEREMONIAL LAW",
    "refcode_short": "SC2 72",
    "dup": null,
    "puborder": 47
  },
  {
    "para_id": "1037.128",
    "level": 2,
    "title": "WAS THE SEVENTH-DAY SABBATH EVER CHANGED? IF SO, WHEN, AND FOR WHAT REASON?",
    "refcode_short": "SC2 83",
    "dup": null,
    "puborder": 69
  },
  {
    "para_id": "1037.188",
    "level": 2,
    "title": "GOD HAS MADE THREE EVERLASTING COVENANTS WITH MAN",
    "refcode_short": "SC2 101",
    "dup": null,
    "puborder": 96
  },
  {
    "para_id": "1037.225",
    "level": 1,
    "title": "WHO ARE THE TRUE ISRAEL?",
    "refcode_short": "SC2 112",
    "dup": null,
    "puborder": 114
  },
  {
    "para_id": "1037.232",
    "level": 2,
    "title": "TWO QUESTIONS FOR SHEPHERDS AND PRINCIPALS OF THE FLOCK, ANYWHERE AND EVERYWHERE",
    "refcode_short": "SC2 114",
    "dup": null,
    "puborder": 117
  },
  {
    "para_id": "1037.234",
    "level": 1,
    "title": "RECAPITULATION",
    "refcode_short": "SC2 114",
    "dup": null,
    "puborder": 119
  }
]