[
  {
    "para_id": "1439.181",
    "id_prev": "1439.180",
    "id_next": "1439.182",
    "refcode_1": "AWMW",
    "refcode_2": "50",
    "refcode_3": "",
    "refcode_4": "",
    "refcode_short": "AWMW 50",
    "refcode_long": "An Appeal to the Working Men and Women in the Ranks of Seventh-day Adventists, p. 50 (James Springer White)",
    "element_type": "h4",
    "element_subtype": "",
    "content": "CALIFORNIA.",
    "puborder": 123,
    "translations": []
  },
  {
    "para_id": "1439.182",
    "id_prev": "1439.181",
    "id_next": "1439.184",
    "refcode_1": "AWMW",
    "refcode_2": "50",
    "refcode_3": "",
    "refcode_4": "",
    "refcode_short": "AWMW 50",
    "refcode_long": "An Appeal to the Working Men and Women in the Ranks of Seventh-day Adventists, p. 50 (James Springer White)",
    "element_type": "table",
    "element_subtype": "table1",
    "content": "\n<tr><td>Wm. Harmon,</td><td><em>Healdsburg</em>,</td><td>1 share,</td><td align=\"right\">$10.00</td></tr>\n<tr><td>Mrs. M. L. Ball,</td><td><em>San Francisco</em>,</td><td>1 share,</td><td align=\"right\">10.00</td></tr>\n<tr><td>J. N. Loughboro&rsquo;,</td><td><em>Santa Rosa</em>,</td><td>6 shares,</td><td align=\"right\">60.00</td></tr>\n<tr><td>M. A. Loughborough,</td><td>&ldquo;</td><td>1 share,</td><td align=\"right\">10.00</td></tr>\n<tr><td>H. T. Hewitt,</td><td>&ldquo;</td><td>1 &ldquo;</td><td align=\"right\">10.00</td></tr>\n<tr><td>Fanny Dimmick,</td><td><em>Windsor</em>,</td><td>1 share,</td><td align=\"right\">10.00</td></tr>\n<tr><td>Total from California,</td><td></td><td></td><td align=\"right\">$110.00</td></tr>\n",
    "puborder": 124,
    "translations": []
  }
]