[
  {
    "para_id": "899.411",
    "id_prev": "899.410",
    "id_next": "899.412",
    "refcode_1": "HOPV1",
    "refcode_2": "74",
    "refcode_3": "",
    "refcode_4": "",
    "refcode_short": "HOPV1 74",
    "refcode_long": "History of Protestantism, vol. 1, p. 74 (James Aitken Wylie)",
    "element_type": "h3",
    "element_subtype": "",
    "content": "Chapter 4: Wicliffe&rsquo;s Battle with the Mendicant Friars",
    "puborder": 278,
    "translations": []
  },
  {
    "para_id": "899.412",
    "id_prev": "899.411",
    "id_next": "899.413",
    "refcode_1": "HOPV1",
    "refcode_2": "74",
    "refcode_3": "",
    "refcode_4": "",
    "refcode_short": "",
    "refcode_long": "",
    "element_type": "p",
    "element_subtype": "center",
    "content": "Wicliffe&rsquo;s Mental Conflicts&mdash;Rise of the Monastic Orders&mdash;Fascinating Pictures of Monks and Monasteries&mdash;Early Corruption of the Orders&mdash;Testimony of Contemporary Witnesses&mdash;The New Monastic Orders&mdash;Reason for their Institution&mdash;St. Francis&mdash;His Early Life&mdash;His Appearance before Innocent III&mdash;Commission to Found an Order&mdash;Rapid Increase of the Franciscans&mdash;St. Dominic&mdash;His Character&mdash;Founds the Dominicans&mdash;Preaching Missionaries and Inquisitors&mdash;Constitution of the New Orders&mdash;The Old and New Monks Compared&mdash;Their Vow of Poverty&mdash;How Evaded&mdash;Their Garb&mdash;Their Vast Wealth&mdash;Palatial Edifices&mdash;Their Frightful Degeneracy&mdash;Their Swarms Overspread England&mdash;Their Illegal Practices&mdash;The Battle against them Begun by Armachanus&mdash;He Complains against them to the Pope&mdash;His Complaint Disregarded&mdash;He Dies",
    "puborder": 279,
    "translations": []
  },
  {
    "para_id": "899.413",
    "id_prev": "899.412",
    "id_next": "899.414",
    "refcode_1": "HOPV1",
    "refcode_2": "74",
    "refcode_3": "",
    "refcode_4": "",
    "refcode_short": "",
    "refcode_long": "",
    "element_type": "p",
    "element_subtype": "standard-noindent",
    "content": "Picture: View in the Campagna",
    "puborder": 280,
    "translations": []
  },
  {
    "para_id": "899.414",
    "id_prev": "899.413",
    "id_next": "899.415",
    "refcode_1": "HOPV1",
    "refcode_2": "74",
    "refcode_3": "",
    "refcode_4": "",
    "refcode_short": "",
    "refcode_long": "",
    "element_type": "p",
    "element_subtype": "standard-noindent",
    "content": "Picture: His eyes burning with a strange fire, he [St. Francis]wandered about the country",
    "puborder": 281,
    "translations": []
  },
  {
    "para_id": "899.415",
    "id_prev": "899.414",
    "id_next": "899.416",
    "refcode_1": "HOPV1",
    "refcode_2": "74",
    "refcode_3": "",
    "refcode_4": "",
    "refcode_short": "",
    "refcode_long": "",
    "element_type": "p",
    "element_subtype": "standard-noindent",
    "content": "Picture: Group of Mendicant Friars",
    "puborder": 282,
    "translations": []
  },
  {
    "para_id": "899.416",
    "id_prev": "899.415",
    "id_next": "899.417",
    "refcode_1": "HOPV1",
    "refcode_2": "74",
    "refcode_3": "",
    "refcode_4": "",
    "refcode_short": "",
    "refcode_long": "",
    "element_type": "p",
    "element_subtype": "standard-noindent",
    "content": "Picture: The Belfry at Bruges",
    "puborder": 283,
    "translations": []
  },
  {
    "para_id": "899.417",
    "id_prev": "899.416",
    "id_next": "899.420",
    "refcode_1": "HOPV1",
    "refcode_2": "74",
    "refcode_3": "2",
    "refcode_4": "",
    "refcode_short": "HOPV1 74.2",
    "refcode_long": "History of Protestantism, vol. 1, p. 74.2 (James Aitken Wylie)",
    "element_type": "p",
    "element_subtype": "standard-indented",
    "content": "We come now to relate briefly the second great battle which our Reformer was called to wage; and which, if we have regard to the prior date of its origin - for it was begun before the conclusion of that of which we have just spoken - ought to be called the first. We refer to his contest with the mendicant friars. It was still going on when his battle against the temporal power was finished; in fact it continued, more or less, to the end of his life. The controversy involved great principles, and had a marked influence on the mind of Wicliffe in the way of developing his views on the whole subject of the Papacy. From questioning the mere abuse of the Papal prerogative, he began to question its legitimacy. At every step a new doubt presented itself; this sent him back again to the Scriptures. Every page he read shed new light into his mind, and discovered some new invention or error of man, till at last he saw that the system of the Gospel and the system of the Papacy were utterly and irreconcilably at variance, and that if he would follow the one he must finally renounce the other. This decision, as we gather from Fox, was not made without many tears and groans. &ldquo;After he had a long time professed divinity in Oxford,&rdquo; says the chronicler, &ldquo;and perceiving the true doctrine of Christ&rsquo;s Gospel to be adulterate, and defiled with so many filthy inventions of bishops, sects of monks, and dark errors, and that he after long debating and deliberating with himself (with many secret sighs and bewailings in his <span class=\"page-break\" data-page=\"75\"></span> mind the general ignorance of the whole world) could no longer suffer or abide the same, he at the last determined with himself to help and to remedy such things as he saw to be wide and out of the way. But forasmuch as he saw that this dangerous meddling could not be attempted or stirred without great trouble, neither that these things, which had been so long time with use and custom rooted and grafted in men&rsquo;s minds, could be suddenly plucked up or taken away, he thought with himself that this matter should be done by little and little. Wherefore he, taking his original at small occasions, thereby opened himself a way or mean to greater matters. First he assailed his adversaries in logical and metaphysical questions... by these originals the way was made unto greater points, so that at length he came to touch the matters of the Sacraments, and other abuses of the Church.&rdquo; <sup class=\"footnote\"><a class=\"footnote\">1<span class=\"footnote\">Fox, Acts and Mon., vol 1, p. 556.</span></a></sup>",
    "puborder": 284,
    "translations": []
  },
  {
    "para_id": "899.420",
    "id_prev": "899.417",
    "id_next": "899.421",
    "refcode_1": "HOPV1",
    "refcode_2": "75",
    "refcode_3": "1",
    "refcode_4": "",
    "refcode_short": "HOPV1 75.1",
    "refcode_long": "History of Protestantism, vol. 1, p. 75.1 (James Aitken Wylie)",
    "element_type": "p",
    "element_subtype": "standard-indented",
    "content": "The rise of the monastic orders, and their rapid and prodigious diffusion over all Christendom, and even beyond it, are too well known to require minute or lengthy narration. The tombs of Egypt, the deserts of Thebais, the mountains of Sinai, the rocks of Palestine, the islands of the Aegean and Tuscan Seas, were peopled with colonies of hermits and anchorites, who, fleeing from the world, devoted themselves to a life of solitude and spiritual meditation. The secularity and corruption of the parochial clergy, engendered by the wealth which flowed in upon the Church in early times, rendered necessary, it was supposed, a new order, which might exhibit a great and outstanding example of virtue. Here, in these anchorites, was the very pattern, it was believed, which the age needed. These men, living in seclusion, or gathered in little fraternities, had renounced the world, had taken a vow of poverty and obedience, and were leading humble, laborious, frugal, chaste, virtuous lives, and exemplifying, in a degenerate time, the holiness of the Gospel. The austerity and poverty of the monastery redeemed Christianity from the stain which the affluence and pride of the cathedral had brought upon it. So the world believed, and felt itself edified by the spectacle.",
    "puborder": 285,
    "translations": []
  },
  {
    "para_id": "899.421",
    "id_prev": "899.420",
    "id_next": "899.422",
    "refcode_1": "HOPV1",
    "refcode_2": "75",
    "refcode_3": "2",
    "refcode_4": "",
    "refcode_short": "HOPV1 75.2",
    "refcode_long": "History of Protestantism, vol. 1, p. 75.2 (James Aitken Wylie)",
    "element_type": "p",
    "element_subtype": "standard-indented",
    "content": "For a while, doubtless, the monastery was the asylum of a piety which had been banished from the world. Fascinating pictures have been drawn of the sanctity of these establishments. Within their walls peace made her abode when violence distracted the outer world. The land around them, from the skillful and careful cultivation of the brotherhood, smiled like a garden, while the rest of the soil, through neglect or barbarism, was sinking into a desert; here letters were cultivated, and the arts of civilized life preserved, while the general community, engrossed in war, prosecuted but languidly the labours of peace. To the gates of the monastery came the halt, the blind, the deaf; and the charitable inmates never failed to pity their misery and supply their necessities. In fine, while the castle of the neighboring baron resounded with the clang of weapons, or the noise of wassail, the holy chimes ascending from the monastery at morn and eve, told of the devotions, the humble prayers, and the fervent praises in which the Fathers passed their time.",
    "puborder": 286,
    "translations": []
  },
  {
    "para_id": "899.422",
    "id_prev": "899.421",
    "id_next": "899.423",
    "refcode_1": "HOPV1",
    "refcode_2": "75",
    "refcode_3": "3",
    "refcode_4": "",
    "refcode_short": "HOPV1 75.3",
    "refcode_long": "History of Protestantism, vol. 1, p. 75.3 (James Aitken Wylie)",
    "element_type": "p",
    "element_subtype": "standard-indented",
    "content": "These pictures are so lovely, and one is so gratified to think that ages so rude, and so ceaselessly buffeted by war, had nevertheless their quiet retreats, where the din of arms did not drown the voice of the muses, or silence the song of piety, that we feel almost as if it were an offense against religion to doubt their truth. But we confess that our faith in them would have been greater if they had been painted by contemporary chroniclers, instead of being mostly the creation of poets who lived in a later age. We really do not know where to look in real history for the originals of these enchanting descriptions. Still, we do not doubt that there is a measure of truth in them; that, during the early period of their existence, these establishments did in some degree shelter piety and preserve art, did dispense alms and teach industry. And we know that even down to nearly the Reformation there were instances of men who, hidden from the world, here lived alone with Christ, and fed their piety at the fountains of the Word of God. These instances were, however, rare, and suggested comparisons not favorable to the rest of the Fathers.",
    "puborder": 287,
    "translations": []
  },
  {
    "para_id": "899.423",
    "id_prev": "899.422",
    "id_next": "899.426",
    "refcode_1": "HOPV1",
    "refcode_2": "75",
    "refcode_3": "4",
    "refcode_4": "",
    "refcode_short": "HOPV1 75.4",
    "refcode_long": "History of Protestantism, vol. 1, p. 75.4 (James Aitken Wylie)",
    "element_type": "p",
    "element_subtype": "standard-indented",
    "content": "But one thing history leaves in no wise doubtful, even that the monastic orders speedily and to a fearful degree became corrupt. It would have been a miracle if it had been otherwise. The system was in violation of the fundamental laws of nature and of society, as well as of the Bible. How can virtue be cultivated apart from the exercise of it? If the world is a theater of temptation, it is still more a school of discipline, and a nursery of virtue. &ldquo;Living in them,&rdquo; says a nun of Cambray, a descendant of Sir Thomas More, &ldquo;I can speak by experience, if one be not in a right course of prayer, and other exercises between God and our soul, one&rsquo;s nature groweth much worse than ever it would have been if she had lived <span class=\"page-break\" data-page=\"76\"></span> in the world.&rdquo; <sup class=\"footnote\"><a class=\"footnote\">2<span class=\"footnote\">Gertrude More, Confessions, p. 246.</span></a></sup> It is in society, not in solitude, that we can be trained to self-denial, to patience, to loving-kindness and magnanimity. In solitude there is nothing to be borne with or overcome, save cold, or hunger, or the beasts of the desert, which, however much they may develop the powers of the body, cannot nourish the virtues of the soul.",
    "puborder": 288,
    "translations": []
  },
  {
    "para_id": "899.426",
    "id_prev": "899.423",
    "id_next": "899.427",
    "refcode_1": "HOPV1",
    "refcode_2": "76",
    "refcode_3": "1",
    "refcode_4": "",
    "refcode_short": "HOPV1 76.1",
    "refcode_long": "History of Protestantism, vol. 1, p. 76.1 (James Aitken Wylie)",
    "element_type": "p",
    "element_subtype": "standard-indented",
    "content": "In point of fact, these monasteries did, we know, become eventually more corrupt than the world which their inmates had forsaken. By the year 1100 one of their advocates says he gives them up. <sup class=\"footnote\"><a class=\"footnote\">3<span class=\"footnote\">&ldquo;One great butt of Wicliffe&rsquo;s sarcasm,&rdquo; says Lechler, &ldquo;was the monks. Once, in speaking of the prayers of the monks, he remarked, &lsquo;&rsquo;a great inducement to the founding of cloisters was the delusion that the prayers of the inmates were of more value than all worldly goods, and yet it does not seem as if the prayers of those cloistered people are so mightily powerful; nor can we understand why they should be so, unless God hears them for their rosy cheeks and fat lips.&rsquo;&rsquo;&rdquo; (Lechler, vol. 1, p. 737.)</span></a></sup> The pictures which some Popish writers have given us of them in the thirteenth century - Clemangis, for instance - we dare not transfer to our pages. The repute of their piety multiplied the number of their patrons, and swelled the stream of their benefactions. With riches came their too frequent concomitants, luxury and pride. Their vow of poverty was no barrier; for though, as individuals, they could possess no property, they might as a body corporate own any amount of wealth. Lands, houses, hunting-grounds, and forests; the tithing of tolls, of orchards, of fisheries, of kine, and wool, and cloth, formed the dowry of the monastery. The vast and miscellaneous inventory of goods which formed the common property of the fraternity, included everything that was good for food and pleasant to the eye; curious furniture for their apartments, dainty apparel for their persons; the choice treasures of the field, of the tree, and the river, for their tables; soft-paced mules by day, and luxurious couches at night. Their head, the abbot, equaled princes in wealth, and surpassed them in pride. Such, from the humble beginnings of the cell, with its bed of stone and its diet of herbs, had come to be the condition of the monastic orders long before the days of Wicliffe. From being the ornament of Christianity, they were now its opprobrium; and from being the buttress of the Church of Rome, they had now become its scandal.",
    "puborder": 289,
    "translations": []
  },
  {
    "para_id": "899.427",
    "id_prev": "899.426",
    "id_next": "899.428",
    "refcode_1": "HOPV1",
    "refcode_2": "76",
    "refcode_3": "2",
    "refcode_4": "",
    "refcode_short": "HOPV1 76.2",
    "refcode_long": "History of Protestantism, vol. 1, p. 76.2 (James Aitken Wylie)",
    "element_type": "p",
    "element_subtype": "standard-indented",
    "content": "We shall quote the testimony of one who was not likely to be too severe in reproving the manners of his brethren. Peter, Abbot of Cluny, thus complains: &ldquo;Our brethren despise God, and having passed all shame, eat flesh now all the days of the week except Friday. They run here and there, and, as kites and vultures, fly with great swiftness where the most smoke of the kitchen is, and where they smell the best roast and boiled. Those that wilt not do as the rest, they mock and treat as hypocrites and profane. Beans, cheese, eggs, and even fish itself, can no more please their nice palates; they only relish the flesh-pots of Egypt. Pieces of boiled and roasted pork, good fat veal, otters and hares, the best geese and pullets, and, in a word, all sorts of flesh and fowl do now cover the tables of our holy monks. But why do I talk? Those things are grown too common, they are cloyed with them. They must have something more delicate. They would have got for them kids, harts, boars, and wild bears. One must for them beat the bushes with a great number of hunters, and by the help of birds of prey must one chase the pheasants, and partridges, and ring-doves, for fear the servants of God (who are our good monks) should perish with hunger.&rdquo; <sup class=\"footnote\"><a class=\"footnote\">4<span class=\"footnote\">Petrus Abbas Cluniaci, lib. vi., epit. 7; apud Gabriel d&rsquo;Emillianne, p. 92.</span></a></sup>",
    "puborder": 290,
    "translations": []
  },
  {
    "para_id": "899.428",
    "id_prev": "899.427",
    "id_next": "899.429",
    "refcode_1": "HOPV1",
    "refcode_2": "76",
    "refcode_3": "3",
    "refcode_4": "",
    "refcode_short": "HOPV1 76.3",
    "refcode_long": "History of Protestantism, vol. 1, p. 76.3 (James Aitken Wylie)",
    "element_type": "p",
    "element_subtype": "standard-indented",
    "content": "St. Bernard, in the twelfth century, wrote an apology for the monks of Cluny, which he addressed to William, Abbot of St. Thierry. The work was undertaken on purpose to recommend the order, and yet the author cannot restrain himself from reproving the disorders which had crept into it; and having broken ground on this field, he runs on like one who found it impossible to stop. &ldquo;I can never enough admire,&rdquo; says he, &ldquo;how so great a licentiousness of meals, habits, beds, equipages, and horses, can get in and be established as it were among monks.&rdquo; After enlarging on the sumptuousness of the apparel of the Fathers, the extent of their stud, the rich trappings of their mules, and the luxurious furniture of their chambers, St. Bernard proceeds to speak of their meals, of which he gives a very lively description. &ldquo;Are not their mouths and ears,&rdquo; says he, &ldquo;equally filled with victuals and confused voices? And while they thus spin out their immoderate feasts, is there any one who offers to regulate the debauch? No, certainly. Dish dances after dish, and for abstinence, which they profess, two rows of fat fish appear swimming in sauce upon the table.",
    "puborder": 291,
    "translations": []
  },
  {
    "para_id": "899.429",
    "id_prev": "899.428",
    "id_next": "899.432",
    "refcode_1": "HOPV1",
    "refcode_2": "76",
    "refcode_3": "4",
    "refcode_4": "",
    "refcode_short": "HOPV1 76.4",
    "refcode_long": "History of Protestantism, vol. 1, p. 76.4 (James Aitken Wylie)",
    "element_type": "p",
    "element_subtype": "standard-indented",
    "content": "Are you cloyed with these? the cook has art sufficient to prick you others of no less charms. Thus plate is devoured after plate, and such natural transitions are made from one to the other, that they fill their bellies, but seldom blunt their appetites. And all <span class=\"page-break\" data-page=\"77\"></span> this,&rdquo; exclaims St. Bernard, &ldquo;in the name of charity, because consumed by men who had taken a vow of poverty, and must needs therefore be denominated &lsquo;the poor.&rsquo;&rdquo;",
    "puborder": 292,
    "translations": []
  },
  {
    "para_id": "899.432",
    "id_prev": "899.429",
    "id_next": "899.433",
    "refcode_1": "HOPV1",
    "refcode_2": "77",
    "refcode_3": "1",
    "refcode_4": "",
    "refcode_short": "HOPV1 77.1",
    "refcode_long": "History of Protestantism, vol. 1, p. 77.1 (James Aitken Wylie)",
    "element_type": "p",
    "element_subtype": "standard-indented",
    "content": "From the table of the monastery, where we behold course following course in quick and bewildering succession, St. Bernard takes us next to see the pomp with which the monks ride out. &ldquo;I must always take the liberty,&rdquo; says he, &ldquo;to inquire how the salt of the earth comes to be so depraved. What occasions men, who in their lives ought to be examples of humility, by their practice to give instructions and examples of vanity? And to pass by many other things, what a proof of humility is it to see a vast retinue of horses with their equipage, and a confused train of valets and footmen, so that the retinue of a single abbot outshines that of two bishops! May I be thought a liar if it be not true, that I have seen one single abbot attended by above sixty horse. Who could take these men for the fathers of monks, and the shepherds of souls? Or who would not be apt to take them rather for governors of cities and provinces? Why, though the master be four leagues off, must his train of equipage reach to his very doors? One would take these mighty preparations for the subsistence of an army, or for provisions to travel through a very large desert.&rdquo; <sup class=\"footnote\"><a class=\"footnote\">5<span class=\"footnote\">Dupin, Life of St. Bernard, cent. 12, chap. 4.</span></a></sup>",
    "puborder": 293,
    "translations": []
  },
  {
    "para_id": "899.433",
    "id_prev": "899.432",
    "id_next": "899.437",
    "refcode_1": "HOPV1",
    "refcode_2": "77",
    "refcode_3": "2",
    "refcode_4": "",
    "refcode_short": "HOPV1 77.2",
    "refcode_long": "History of Protestantism, vol. 1, p. 77.2 (James Aitken Wylie)",
    "element_type": "p",
    "element_subtype": "standard-indented",
    "content": "But this necessitated a remedy. The damage inflicted on the Papacy by the corruption and notorious profligacy of the monks must be repaired - but how? The reformation of the early orders was hopeless; but new fraternities could be called into existence. This was the method adopted. The order of Franciscans was instituted by Innocent III. in the year 1215, and the Dominicans were sanctioned by his successor Honorius III. a few years later (1218). <sup class=\"footnote\"><a class=\"footnote\">6<span class=\"footnote\">Dupin, Eccles. Hist., cent. 13, chap. 10.</span></a></sup> The object of their institution was to recover, by means of their humility, poverty, and apostolic zeal, the credit which had been lost to the Church through the pride, wealth, and indolence of the elder monks. Moreover, the new times on which the Church <span class=\"page-break\" data-page=\"79\"></span> felt that she was entering, demanded new services. Preachers were needed to confute the heretics, and this was carefully kept in view in the constitution of the newly-created orders.",
    "puborder": 294,
    "translations": []
  },
  {
    "para_id": "899.437",
    "id_prev": "899.433",
    "id_next": "899.438",
    "refcode_1": "HOPV1",
    "refcode_2": "79",
    "refcode_3": "1",
    "refcode_4": "",
    "refcode_short": "HOPV1 79.1",
    "refcode_long": "History of Protestantism, vol. 1, p. 79.1 (James Aitken Wylie)",
    "element_type": "p",
    "element_subtype": "standard-indented",
    "content": "The founders of these two orders were very unlike in their natural disposition and temper.",
    "puborder": 295,
    "translations": []
  },
  {
    "para_id": "899.438",
    "id_prev": "899.437",
    "id_next": "899.439",
    "refcode_1": "HOPV1",
    "refcode_2": "79",
    "refcode_3": "2",
    "refcode_4": "",
    "refcode_short": "HOPV1 79.2",
    "refcode_long": "History of Protestantism, vol. 1, p. 79.2 (James Aitken Wylie)",
    "element_type": "p",
    "element_subtype": "standard-indented",
    "content": "St. Francis, the founder of the Franciscans, or Minorites, as they came to be termed, was born at Assisi, in Umbria, in 1182. His father was a rich merchant of that town. The historians of St. Francis relate that certain signs accompanied his birth, which prognosticated his future greatness. His mother, when her time had come, was taken in labor so severe, and her pains were prolonged for so many days, that she was on the point of death. At that crisis an angel, in the guise of a pilgrim, presented himself at her door, and demanded alms. The charity sought was instantly bestowed, and the grateful pilgrim proceeded to tell the inmates what they must do in order that the lady of the mansion might become the joyful mother of a son. They were to take up her couch, carry her out, and lay her in the stable. The pilgrim&rsquo;s instructions were followed, the pains of labor were now speedily ended, and thus it came to pass that the child first saw the light among the &ldquo;beasts.&rdquo; &ldquo;This was the first prerogative,&rdquo; remarks one of his historians, &ldquo;in which St. Francis resembled Jesus Christ - he was born in a stable.&rdquo; <sup class=\"footnote\"><a class=\"footnote\">7<span class=\"footnote\">Storia degli Ordini Monastici, Religiosi, e Militari, etc., tradotto dal Franzese del P. Giuseppe Francesco Fontana, Milanese, tom. 7, cap. 1, p. 2; edit. Lucca, 1739, con licenza de Superiori.</span></a></sup>",
    "puborder": 296,
    "translations": []
  },
  {
    "para_id": "899.439",
    "id_prev": "899.438",
    "id_next": "899.440",
    "refcode_1": "HOPV1",
    "refcode_2": "79",
    "refcode_3": "3",
    "refcode_4": "",
    "refcode_short": "HOPV1 79.3",
    "refcode_long": "History of Protestantism, vol. 1, p. 79.3 (James Aitken Wylie)",
    "element_type": "p",
    "element_subtype": "standard-indented",
    "content": "Despite these auguries, betokening a more than ordinary sanctity, Francis grew up &ldquo;a debauched youth,&rdquo; says D&rsquo;Emillianne, &ldquo;and, having robbed his father, was disinherited, but he seemed not to be very much troubled at it.&rdquo; <sup class=\"footnote\"><a class=\"footnote\">8<span class=\"footnote\">Gabriel d&rsquo;Emillianne, History of Monastical Orders, p. 158; Lond., 1693. Francesco Fontana, Storia degli Ordini Monastici, tom. 7, cap. 1, pp. 6, 7. Alban Butler, Lives of the Saints, vol. 10, p. 71; Lond., 1814.</span></a></sup> He was seized with a malignant fever, and the frenzy that it induced appears never to have wholly left him. He lay down on his bed of sickness a gay profligate and spendthrift, and he rose up from it entirely engrossed with the idea that all holiness and virtue consisted in poverty.",
    "puborder": 297,
    "translations": []
  },
  {
    "para_id": "899.440",
    "id_prev": "899.439",
    "id_next": "899.441",
    "refcode_1": "HOPV1",
    "refcode_2": "79",
    "refcode_3": "4",
    "refcode_4": "",
    "refcode_short": "HOPV1 79.4",
    "refcode_long": "History of Protestantism, vol. 1, p. 79.4 (James Aitken Wylie)",
    "element_type": "p",
    "element_subtype": "standard-indented",
    "content": "He acted out his theory to the letter. He gave away all his property, he exchanged garments with a beggar whom he met on the highway; and, squalid, emaciated, covered with dirt and rags, his eyes burning with a strange fire, he wandered about the country around his native town of Assisi, followed by a crowd of boys, who hooted and jeered at the madman, which they believed him to be. Being joined by seven disciples, he made his way to Rome, to lay his project before the Pope. On arriving there he found Innocent III. ailing himself on the terrace of his palace of the Lateran.",
    "puborder": 298,
    "translations": []
  },
  {
    "para_id": "899.441",
    "id_prev": "899.440",
    "id_next": "899.442",
    "refcode_1": "HOPV1",
    "refcode_2": "79",
    "refcode_3": "5",
    "refcode_4": "",
    "refcode_short": "HOPV1 79.5",
    "refcode_long": "History of Protestantism, vol. 1, p. 79.5 (James Aitken Wylie)",
    "element_type": "p",
    "element_subtype": "standard-indented",
    "content": "What a subject for a painter! The haughtiest of the Pontiffs - the man who, like another Jove, had but to nod and kings were tumbled from their thrones, and nations were smitten down with interdict - was pacing to and fro beneath the pillared portico of his palace, revolving, doubtless, new and mightier projects to illustrate the glory and strengthen the dominion of the Papal throne. At times his eye wanders as far as the Apennines, so grandly walling in the Campagna, which lies spread out beneath him - not as now, a blackened expanse, but a glorious garden sparkling with villas, and gay with vineyards and olive and fig-trees. If in front of his palace was this goodly prospect, behind it was another, forming the obverse of that on which the Pontiff&rsquo;s eye now rested. A hideous gap, covered with the fragments of what had once been temples and palaces, and extending from the Lateran to the Coliseum, marred the beauty of the Pontifical city. This unsightly spectacle was the memorial of the war of Investitures, and would naturally carry the thoughts of Innocent back to the times of Hildebrand, and the fierce struggles which his zeal for the exaltation of the Papal chair had provoked in Christendom.",
    "puborder": 299,
    "translations": []
  },
  {
    "para_id": "899.442",
    "id_prev": "899.441",
    "id_next": "899.445",
    "refcode_1": "HOPV1",
    "refcode_2": "79",
    "refcode_3": "6",
    "refcode_4": "",
    "refcode_short": "HOPV1 79.6",
    "refcode_long": "History of Protestantism, vol. 1, p. 79.6 (James Aitken Wylie)",
    "element_type": "p",
    "element_subtype": "standard-indented",
    "content": "What a tide of prosperous fortune had flowed in upon Rome, during the century which had elapsed since Gregory VII. swayed the scepter that Innocent now wielded! Not a Pontificate, not a decade, that had not witnessed an addition to the height of that stupendous Babel which the genius and statesmanship of all the Popes from Gregory to Innocent had been continuously and successfully occupied in rearing. And now the fabric stood complete, for higher it was hardly possible to conceive of its being carried. Rome was now more truly mistress of the world than even in the days of the Caesars. Her sway went deeper into the heart and soul of the nations. Again was she sending forth her legates, as of old her pro-consuls, to govern her subject kingdoms; again was she issuing her edicts, which all the world obeyed; again were kings and suppliant princes waiting at her gates; again were her highways crowded with ambassadors and suitors from every quarter of Christendom; from the most distant regions came the pilgrim and the devotee to pray at her holy shrines; night and day, without intermission, there flowed from her gates a spiritual stream <span class=\"page-break\" data-page=\"80\"></span> to refresh the world; crosiers and palls, priestly offices and mystic virtues, pardons and dispensations, relics and amulets, benedictions and anathemas; and, in return for this, the tribute of all the earth was being carried into her treasuries. On these pleasurable subjects, doubtless, rested the thoughts of Innocent as Francis of Assisi drew near.",
    "puborder": 300,
    "translations": []
  },
  {
    "para_id": "899.445",
    "id_prev": "899.442",
    "id_next": "899.446",
    "refcode_1": "HOPV1",
    "refcode_2": "80",
    "refcode_3": "1",
    "refcode_4": "",
    "refcode_short": "HOPV1 80.1",
    "refcode_long": "History of Protestantism, vol. 1, p. 80.1 (James Aitken Wylie)",
    "element_type": "p",
    "element_subtype": "standard-indented",
    "content": "The eye of the Pontiff lights upon the strange figure. Innocent halts to survey more closely the man. His dress is that of a beggar, his looks are haggard, his eye is wild, yet despite these untoward appearances there is something about him that seems to say, &ldquo;I come with a mission, and therefore do I venture into this presence. I am here not to beg, but to give alms to the Popedom;&rdquo; and few kings have had it in their power to lay greater gifts at the feet of Rome than that which this man in rags had come to bestow. Curious to know what he would say, Innocent permitted his strange visitor to address him. Francis hurriedly described his project; but the Pope failed to comprehend its importance, or to credit Francis with the power of carrying it out; he ordered the enthusiast to be gone; and Francis retired, disappointed and downcast, believing his scheme to be nipped in the bud. <sup class=\"footnote\"><a class=\"footnote\">9<span class=\"footnote\">Storia degli Ordini Monastici, tom. 7, cap. 1, p. 14.</span></a></sup>",
    "puborder": 301,
    "translations": []
  },
  {
    "para_id": "899.446",
    "id_prev": "899.445",
    "id_next": "899.447",
    "refcode_1": "HOPV1",
    "refcode_2": "80",
    "refcode_3": "2",
    "refcode_4": "",
    "refcode_short": "HOPV1 80.2",
    "refcode_long": "History of Protestantism, vol. 1, p. 80.2 (James Aitken Wylie)",
    "element_type": "p",
    "element_subtype": "standard-indented",
    "content": "The incident, however, had made a deeper impression upon the Pontiff than he was aware. As he lay on his couch by night, the beggar seemed again to stand before him, and to plead his cause. A palm-tree - so Innocent thought in his sleep - suddenly sprang up at his feet, and waxed into a goodly stature. In a second dream Francis seemed to stretch out his hand to prop up the Lateran, which was menaced with overthrow. <sup class=\"footnote\"><a class=\"footnote\">10<span class=\"footnote\">Ibid. Alb. Butler, Lives of the Saints, vol 10, p. 77.</span></a></sup> When the Pope awoke, he gave orders to seek out the strange man from Umbria, and bring him before him. Convening his cardinals, he gave them an opportunity of hearing the project. To Innocent and his conclave the idea of Francis appeared to be good; and to whom, thought they, could they better commit the carrying of it out than to the enthusiast who had conceived it? To this man in rags did Rome now give her commission. Armed with the Pontifical sanction, empowering him to found, arrange, and set a-working such an order as he had sketched out, Francis now left the presence of the Pope and cardinals, and departed to begin his work. <sup class=\"footnote\"><a class=\"footnote\">11<span class=\"footnote\">Dupin, Eccles. Hist., cent. 13, vol. 11, chap. 10; Lond., 1699. Storia degli Ordini Monastici, tom. 7, cap. 1, pp. 14, 15.</span></a></sup>",
    "puborder": 302,
    "translations": []
  },
  {
    "para_id": "899.447",
    "id_prev": "899.446",
    "id_next": "899.448",
    "refcode_1": "HOPV1",
    "refcode_2": "80",
    "refcode_3": "3",
    "refcode_4": "",
    "refcode_short": "HOPV1 80.3",
    "refcode_long": "History of Protestantism, vol. 1, p. 80.3 (James Aitken Wylie)",
    "element_type": "p",
    "element_subtype": "standard-indented",
    "content": "The enthusiasm that burned so fiercely in his own brain kindled a similar enthusiasm in that of others. Soon St. Francis found a dozen men willing to share his views and take part in his project. The dozen speedily multiplied into a hundred, and the hundred into thousands, and the increase went on at a rate of which history scarcely affords another such example. Before his death, St. Francis had the satisfaction of seeing 5,000 of his monks assemble in his convent in Italy to hold a general chapter, and as each convent sent only two delegates, the convocation represented 2,500 convents. <sup class=\"footnote\"><a class=\"footnote\">12<span class=\"footnote\">Storia degli Ordini Monastici, tom. 7, cap. 1, p. 19. Gabriel d&rsquo;Emillianne, Hist. of Monast. Orders, p. 171.</span></a></sup> The solitary fanatic had become an army; his disciples filled all the countries of Christendom; every object and idea they subordinated to that of their chief; and, bound together by their vow, they prosecuted with indefatigable zeal the service to which they had consecrated themselves. This order has had in it five Popes and forty-five cardinals. <sup class=\"footnote\"><a class=\"footnote\">13<span class=\"footnote\">Alb. Butler, Lives of the Saints, 5. 10, p. 100.</span></a></sup>",
    "puborder": 303,
    "translations": []
  },
  {
    "para_id": "899.448",
    "id_prev": "899.447",
    "id_next": "899.449",
    "refcode_1": "HOPV1",
    "refcode_2": "80",
    "refcode_3": "4",
    "refcode_4": "",
    "refcode_short": "HOPV1 80.4",
    "refcode_long": "History of Protestantism, vol. 1, p. 80.4 (James Aitken Wylie)",
    "element_type": "p",
    "element_subtype": "standard-indented",
    "content": "St. Dominic, the founder of the Dominicans, was born in Arragon, 1170. He was cast in a different mold from St. Francis. His enthusiasm was as fiery, his zeal as intense; <sup class=\"footnote\"><a class=\"footnote\">14<span class=\"footnote\">Gabriel d&rsquo;Emillianne, Hist. of Monast. Order&rsquo;s. This author says that the mother of St. Dominic before his birth dreamed that she was brought to bed of a dog (some say a wolf) carrying a burning torch in its mouth, wherewith it set the world on fire (p. 147).</span></a></sup> but to these qualities he added a cool judgment, a firm will, a somewhat stern temper, and great knowledge of affairs. Dominic had witnessed the ravages of heresy in the southern provinces of France; he had also had occasion to mark the futility of those splendidly equipped missions, that Rome sent forth from time to time to convert the Albigenses. He saw that these missionaries left more heretics on their departure than they had found on their arrival. Mitered dignitaries, mounted on richly caparisoned mules, followed by a sumptuous train of priests and monks, and other attendants, too proud or too ignorant to preach, and able only to dazzle the gaze of the multitude by the magnificence of their ceremonies, attested most conclusively the wealth of Rome, but did not attest with equal conclusiveness the truth of her tenets. Instead of bishops on palfreys, Dominic called for monks in wooden soles to preach to the heretics.",
    "puborder": 304,
    "translations": []
  },
  {
    "para_id": "899.449",
    "id_prev": "899.448",
    "id_next": "899.452",
    "refcode_1": "HOPV1",
    "refcode_2": "80",
    "refcode_3": "5",
    "refcode_4": "",
    "refcode_short": "HOPV1 80.5",
    "refcode_long": "History of Protestantism, vol. 1, p. 80.5 (James Aitken Wylie)",
    "element_type": "p",
    "element_subtype": "standard-indented",
    "content": "Repairing to Rome, he too laid his scheme before Innocent, offering to raise an army that would perambulate Europe in the interests of the Papal See, organized after a different fashion, and that, he <span class=\"page-break\" data-page=\"81\"></span> hoped, would be able to give a better account of the heretics. Their garb as humble, their habits as austere, and their speech as plain as those of the peasants they were to address, these missionaries would soon win the heretics from the errors into which they had been seduced; and, living on alms, they would cost the Papal exchequer nothing. Innocent, for some reason or other, perhaps from having sanctioned the Franciscans so recently, refused his consent. But Pope Honorius was more compliant; he confirmed the proposed order of Dominic; and from beginnings equally small with those of the Franciscans, the growth of the Dominicans in popularity and numbers was equally rapid. <sup class=\"footnote\"><a class=\"footnote\">15<span class=\"footnote\">Gabriel d&rsquo;Emillianne, Hist. of Monast. Orders, p. 148.</span></a></sup>",
    "puborder": 305,
    "translations": []
  },
  {
    "para_id": "899.452",
    "id_prev": "899.449",
    "id_next": "899.453",
    "refcode_1": "HOPV1",
    "refcode_2": "81",
    "refcode_3": "1",
    "refcode_4": "",
    "refcode_short": "HOPV1 81.1",
    "refcode_long": "History of Protestantism, vol. 1, p. 81.1 (James Aitken Wylie)",
    "element_type": "p",
    "element_subtype": "standard-indented",
    "content": "The Dominicans were divided into two bands. The business of the one was to preach, that of the other to slay those whom the first were not able to convert. <sup class=\"footnote\"><a class=\"footnote\">16<span class=\"footnote\">Ibid. &ldquo;A troop of merciless fellows, whom he [St. Dominic] maintained to cut the throats of heretics when he was a-preaching; he called them the Militia of Jesus Christ.&rdquo;</span></a></sup> The one refuted heresy, the other exterminated heretics. This happy division of labor, it was thought, would secure the thorough doing of the work. The preachers rapidly multiplied, and in a few years the sound of their voices was heard in almost all the cities of Europe. Their learning was small, but their enthusiasm kindled them into eloquence, and their harangues were listened to by admiring crowds. The Franciscans and Dominicans did for the Papacy in the centuries that preceded the Reformation, what the Jesuits have done for it in the centuries that have followed it.",
    "puborder": 306,
    "translations": []
  },
  {
    "para_id": "899.453",
    "id_prev": "899.452",
    "id_next": "899.454",
    "refcode_1": "HOPV1",
    "refcode_2": "81",
    "refcode_3": "2",
    "refcode_4": "",
    "refcode_short": "HOPV1 81.2",
    "refcode_long": "History of Protestantism, vol. 1, p. 81.2 (James Aitken Wylie)",
    "element_type": "p",
    "element_subtype": "standard-indented",
    "content": "Before proceeding to speak of the battle which Wicliffe was called to wage with the new fraternities, it is necessary to indicate the peculiarities in their constitution and organization that fitted them to cope with the emergencies amid which their career began, and which had made it necessary to call them into existence. The elder order of monks were recluses. They had no relation to the world which they had abandoned, and no duties to perform to it, beyond the example of austere piety which they offered for its edification. Their sphere was the cell, or the walls of the monastery, where their whole time was presumed be spent in prayer and meditation.",
    "puborder": 307,
    "translations": []
  },
  {
    "para_id": "899.454",
    "id_prev": "899.453",
    "id_next": "899.455",
    "refcode_1": "HOPV1",
    "refcode_2": "81",
    "refcode_3": "3",
    "refcode_4": "",
    "refcode_short": "HOPV1 81.3",
    "refcode_long": "History of Protestantism, vol. 1, p. 81.3 (James Aitken Wylie)",
    "element_type": "p",
    "element_subtype": "standard-indented",
    "content": "The newly-created orders, on the other hand, were not confined to a particular spot. They had convents, it is true, but these were rather hotels or temporary abodes, where they might rest when on their preaching tours. Their sphere was the world; they were to perambulate provinces and cities, and to address all who were willing to listen to them. Preaching had come to be one of the lost arts. The secular or parochial clergy seldom entered a pulpit; they were too ignorant to write a sermon, too indolent to preach one even were it prepared to their hand. They instructed their flocks by a service of ceremonials, and by prayers and litanies, in a language which the people did not understand. Wicliffe assures us that in his time &ldquo;there were many unable curates that knew not the ten commandments, nor could read their psalter, nor could understand a verse of it.&rdquo; <sup class=\"footnote\"><a class=\"footnote\">17<span class=\"footnote\">Lewis, Life of Wiclif, p. 40. By a council held in Oxford, 1222, it was provided that the archdeacons in their visitations should &ldquo;see that the clergy knew how to pronounce aright the form of baptism, and say the words of consecration in the canon of the mass.&rdquo;</span></a></sup> The friars, on the other hand, betook themselves to their mother tongue, and, mingling familiarly with all classes of the community, they revived the forgotten practice of preaching, and plied it assiduously Sunday and week-day. They held forth in all places, as well as on all days, erecting their pulpit in the market, at the streetscorner, or in the chapel.",
    "puborder": 308,
    "translations": []
  },
  {
    "para_id": "899.455",
    "id_prev": "899.454",
    "id_next": "899.458",
    "refcode_1": "HOPV1",
    "refcode_2": "81",
    "refcode_3": "4",
    "refcode_4": "",
    "refcode_short": "HOPV1 81.4",
    "refcode_long": "History of Protestantism, vol. 1, p. 81.4 (James Aitken Wylie)",
    "element_type": "p",
    "element_subtype": "standard-indented",
    "content": "In one point especially the friars stood out in marked and advantageous contrast to the old monastic orders. The latter were scandalously rich, the former were severely and edifyingly poor. They lived on alms, and literally were beggars; hence their name of Mendicants. Christ and His apostles, it was affirmed, were mendicants; the profession, therefore, was an ancient and a holy one. The early monastic orders, it is true, equally with the Dominicans and Franciscans, had taken a vow of poverty; but the difference between the elder and the later monks lay in this, that while the former could not in their individual capacity possess property, in their corporate capacity they might and did possess it to an enormous amount; the latter, both as individuals and as a body, were disqualified by their vow from holding any property whatever. They could not so much as possess a penny in the world; and as there was nothing in their humble garb and frugal diet to belie their profession of poverty, their repute for sanctity was great, and their influence with all classes was in proportion. They seemed the very men for the times in which their lot was cast, and for the work which had been appointed them. They were emphatically the soldiers of the Pope, the household troops of the Vatican, traversing Christendom in two bands, yet forming one united <span class=\"page-break\" data-page=\"82\"></span> army, which continually increased, and which, having no impedimenta to retard its march, advanced alertly and victoriously to combat heresy, and extended the fame and dominion of the Papal See.",
    "puborder": 309,
    "translations": []
  },
  {
    "para_id": "899.458",
    "id_prev": "899.455",
    "id_next": "899.459",
    "refcode_1": "HOPV1",
    "refcode_2": "82",
    "refcode_3": "1",
    "refcode_4": "",
    "refcode_short": "HOPV1 82.1",
    "refcode_long": "History of Protestantism, vol. 1, p. 82.1 (James Aitken Wylie)",
    "element_type": "p",
    "element_subtype": "standard-indented",
    "content": "If the rise of the Mendicant orders was unexampled in its rapidity, equally unexampled was the rapidity of their decline. The rock on which they split was the same which had proved so fatal to their predecessors - riches. But how was it possible for wealth to enter when the door of the monastery was so effectually barred by a most stringent vow of poverty? Neither as individuals nor as a corporation, could they accept or hold a penny. Nevertheless, the fact was so; their riches increased prodigiously, and their degeneracy, consequent thereon, was even more rapid than the declension which former ages had witnessed in the Benedictines and Augustinians.",
    "puborder": 310,
    "translations": []
  },
  {
    "para_id": "899.459",
    "id_prev": "899.458",
    "id_next": "899.460",
    "refcode_1": "HOPV1",
    "refcode_2": "82",
    "refcode_3": "2",
    "refcode_4": "",
    "refcode_short": "HOPV1 82.2",
    "refcode_long": "History of Protestantism, vol. 1, p. 82.2 (James Aitken Wylie)",
    "element_type": "p",
    "element_subtype": "standard-indented",
    "content": "The original constitution of the Mendicant orders remained unaltered, their vow of poverty still stood unrepealed; they still lived on the alms of the faithful, and still wore their gown of coarse woolen cloth, <sup class=\"footnote\"><a class=\"footnote\">18<span class=\"footnote\">Their habit or dress is described by Chaucer as consisting of a great hood, a scaplerie, a knotted girdle, and a wide cope. (Jack Upland.)</span></a></sup> white in the case of the Dominicans, and girded with a broad sash; brown in the case of the Franciscans, and tied with a cord of three knots: in both cases curiously provided with numerous and capacious pouches, in which little images, square bits of paper, amulets, and rosaries, were mixed with bits of bread and cheese, morsels of flesh, and other victuals collected by begging. <sup class=\"footnote\"><a class=\"footnote\">19<span class=\"footnote\">The curiously knotted cord with which they gird themselves, &ldquo;they say, hath virtue to heal the sick, to chase away the devil and all dangerous temptations, and serve what turn they please.&rdquo; (Gabriel d&rsquo;Emillianne, Hist. of Monast. Orders, p. 174.)</span></a></sup>",
    "puborder": 311,
    "translations": []
  },
  {
    "para_id": "899.460",
    "id_prev": "899.459",
    "id_next": "899.461",
    "refcode_1": "HOPV1",
    "refcode_2": "82",
    "refcode_3": "3",
    "refcode_4": "",
    "refcode_short": "HOPV1 82.3",
    "refcode_long": "History of Protestantism, vol. 1, p. 82.3 (James Aitken Wylie)",
    "element_type": "p",
    "element_subtype": "standard-indented",
    "content": "But in the midst of all these signs of poverty, and of the professed observance of their vow, their hoards increased every day. How came this? Among the brothers were some subtle intellects, who taught them the happy distinction between proprietors and stewards. In the character of proprietors they could possess absolutely nothing; in the character of stewards they might hold wealth to any amount, and dispense it for the ends and uses of their order. <sup class=\"footnote\"><a class=\"footnote\">20<span class=\"footnote\">This distinction is sanctioned by the Constitution issued by Nicholas III. in 1279, explaining and confirming the rule of St. Francis. This 1000 Constitution is still extant in the Jus. Canon., lib. 6, tit. 12, cap. 3, commonly called Constitution Exiit, from its commencing, Exiit, etc.</span></a></sup> This ingenious distinction unlocked the gates of their convents, and straightway a stream of gold, fed by the piety of their admirers, began to flow into them. They did not, like the other monastic fraternities, become landed proprietors - this kind of property not coming within the scope of that interpretation by which they had so materially qualified their vow - but in other respects they claimed a very ample freedom. The splendor of their edifices eclipsed those of the Benedictines and Augustinians. Churches which the skill of the architect and the genius of the painter did their utmost to glorify, convents and cloisters which monarchs might have been proud to inhabit, <sup class=\"footnote\"><a class=\"footnote\">21<span class=\"footnote\">No traveler can have passed from Perugia to Terni without having had his attention called to the convent of St. Francis d&rsquo;Assisi, which stands on the lower slope of the Apennines, overlooking the vale of the Clitumnus. It is in splendor a palace, and in size it is almost a little town. In this magnificent edifice is the tomb of the man who died under</span></a></sup> rose in all countries for the use of the friars. With this wealth came a multiform corruption - indolence, insolence, a dissolution of manners, and a grievous abuse of those vast privileges and powers which the Papal See, finding them so useful, had heaped upon them. &ldquo;It is an awful presage,&rdquo; exclaims Matthew Paris, only forty years after their institution, &ldquo;that in 300 years, nay, in 400 years and more, the old monastic orders have not so entirely degenerated as these fraternities.&rdquo;",
    "puborder": 312,
    "translations": []
  },
  {
    "para_id": "899.461",
    "id_prev": "899.460",
    "id_next": "899.462",
    "refcode_1": "HOPV1",
    "refcode_2": "82",
    "refcode_3": "4",
    "refcode_4": "",
    "refcode_short": "HOPV1 82.4",
    "refcode_long": "History of Protestantism, vol. 1, p. 82.4 (James Aitken Wylie)",
    "element_type": "p",
    "element_subtype": "standard-indented",
    "content": "Such was the state in which Wicliffe found the friars. Nay, we may conclude that in his time the corruption of the Mendicants far exceeded what it was in the days of Matthew Paris, a century earlier. He found in fact a plague fallen upon the kingdom, which was daily spreading and hourly intensifying its ravages. It was in 1360 that he began his public opposition to them. The Dominican friars entered England in 1321. In that year Gilbert de Fresney and twelve of his brethren settled at Oxford. <sup class=\"footnote\"><a class=\"footnote\">22<span class=\"footnote\">Vaughan, Life of Wicliffe, vol. 1, pp. 250, 251.</span></a></sup> The same causes that favored their growth on the Continent operated equally in England, and this little band recruited their ranks so rapidly, that soon they spread their swarms over all the kingdom. Forty-three houses of the Dominicans were established in England, where, from their black cloak and hood, they were popularly termed the Black Friars. <sup class=\"footnote\"><a class=\"footnote\">23<span class=\"footnote\">Sharon Turner, Hist. of England, vol. 5, p. 101; Lond., 1830. &ldquo;This order hath given to the Church 5 Popes, 48 cardinals, 23 patriarchs, 1,500 bishops, 600 archbishops, and a great number of eminent doctors and writers.&rdquo; (Alban Butler.)</span></a></sup>",
    "puborder": 313,
    "translations": []
  },
  {
    "para_id": "899.462",
    "id_prev": "899.461",
    "id_next": "899.465",
    "refcode_1": "HOPV1",
    "refcode_2": "82",
    "refcode_3": "5",
    "refcode_4": "",
    "refcode_short": "HOPV1 82.5",
    "refcode_long": "History of Protestantism, vol. 1, p. 82.5 (James Aitken Wylie)",
    "element_type": "p",
    "element_subtype": "standard-indented",
    "content": "Finding themselves now powerful, they attacked the laws and privileges of the University of Oxford, <span class=\"page-break\" data-page=\"83\"></span> where they had established themselves, claiming independence of its jurisdiction. This drew on a battle between them and the college authorities. The first to oppose their encroachments was Fitzralph (Armachanus), who had been appointed to the chancellorship of Oxford in 1333, and in 1347 became Archbishop of Armagh. Fitzralph declared that under this &ldquo;pestiferous canker,&rdquo; as he styled mendicancy, everything that was good and fair - letters, industry, obedience, morals - was being blighted. He carried his complaints all the way to Avignon, where the Popes then lived, in the hope of effecting a reformation of this crying evil. The heads of the address which he delivered before the Pontiff were as follow: - That the friars were propagating a pestiferous doctrine, subversive of the testament of Jesus Christ; that, owing to their machinations, the ministers of the Church were decreasing; that the universities were decaying; that students could not find books to carry on their studies; that the friars were recruiting their ranks by robbing and circumventing children; that they cherished ambition under a feigned humility, that they concealed riches under a simulated poverty; and crept up by subtle means to be lords, archbishops, cardinals, chancellors of kingdoms, and privy councilors of monarchs.",
    "puborder": 314,
    "translations": []
  },
  {
    "para_id": "899.465",
    "id_prev": "899.462",
    "id_next": "899.468",
    "refcode_1": "HOPV1",
    "refcode_2": "83",
    "refcode_3": "1",
    "refcode_4": "",
    "refcode_short": "HOPV1 83.1",
    "refcode_long": "History of Protestantism, vol. 1, p. 83.1 (James Aitken Wylie)",
    "element_type": "p",
    "element_subtype": "standard-indented",
    "content": "We must give a specimen of his pleading before <span class=\"page-break\" data-page=\"84\"></span> the Pontiff, as Fox has preserved it. &ldquo;By the privileges,&rdquo; says Armachanus, &ldquo;granted by the Popes to the friars, great enormities do arise.&rdquo; Among other abuses, he enumerates the following: - &ldquo;The true shepherds do not know the faces of their flock. Item, great contention and sometimes blows arise between the friars and the secular curates, about titles, impropriations, and other avails. Item, divers young men, as well in universities as in their fathers&rsquo; houses, are allured craftily by the friars, their confessors, to enter their orders; from whence, also, they cannot get out, though they would, to the great grief of their parents, and no less repentance to the young men themselves. No less inconvenience and danger also by the said friars riseth to the clergy, forsomuch as laymen, seeing their children thus to be stolen from them in the universities by the friars, do refuse therefore to send them to their studies, rather willing to keep them at home to their occupation, or to follow the plough, than so to be circumvented and defeated of their sons at the university, as by daily experience doth manifestly appear. For, whereas, in my time there were in the university of Oxford 30,000 students, now there are not to be found 6,000. The occasion of this great decay is to be ascribed to no other cause than the circumvention only of the friars above mentioned.&rdquo;",
    "puborder": 315,
    "translations": []
  },
  {
    "para_id": "899.468",
    "id_prev": "899.465",
    "id_next": "899.471",
    "refcode_1": "HOPV1",
    "refcode_2": "84",
    "refcode_3": "1",
    "refcode_4": "",
    "refcode_short": "HOPV1 84.1",
    "refcode_long": "History of Protestantism, vol. 1, p. 84.1 (James Aitken Wylie)",
    "element_type": "p",
    "element_subtype": "standard-indented",
    "content": "As the consequence of these very extraordinary practices of the friars, every branch of science and study was decaying in England. &ldquo;For that these begging friars,&rdquo; continues the archbishop, &ldquo;through their privileges obtained of the Popes to preach, <span class=\"page-break\" data-page=\"85\"></span> to hear confessions, and to bury, and through their charters of impropriations, did thereby grow to such great riches and possessions by their begging, craving, catching, and intermeddling with Church matters, that no book could stir of any science, either of divinity, law, or physic, but they were both able and ready to buy it up. So that every convent having a great library, full, stuffed, and furnished with all sorts of books, and being so many convents within the realm, and in every convent so many friars increasing daily more and more, by reason thereof it came to pass that very few books or none at all remain for other students.&rdquo;",
    "puborder": 316,
    "translations": []
  },
  {
    "para_id": "899.471",
    "id_prev": "899.468",
    "id_next": "899.472",
    "refcode_1": "HOPV1",
    "refcode_2": "85",
    "refcode_3": "1",
    "refcode_4": "",
    "refcode_short": "HOPV1 85.1",
    "refcode_long": "History of Protestantism, vol. 1, p. 85.1 (James Aitken Wylie)",
    "element_type": "p",
    "element_subtype": "standard-indented",
    "content": "&ldquo;He himself sent to the university four of his own priests or chaplains, who sent him word again that they neither could find the Bible, nor any other good profitable book of divinity profitable for their study, and so they returned to their own country.&rdquo; <sup class=\"footnote\"><a class=\"footnote\">24<span class=\"footnote\">Fox, Acts and Mon., bk. 5. See there the story of Armachanus and his oration against the friars.</span></a></sup>",
    "puborder": 317,
    "translations": []
  },
  {
    "para_id": "899.472",
    "id_prev": "899.471",
    "id_next": "899.473",
    "refcode_1": "HOPV1",
    "refcode_2": "85",
    "refcode_3": "2",
    "refcode_4": "",
    "refcode_short": "HOPV1 85.2",
    "refcode_long": "History of Protestantism, vol. 1, p. 85.2 (James Aitken Wylie)",
    "element_type": "p",
    "element_subtype": "standard-indented",
    "content": "In vain had the archbishop undertaken his long journey. In vain had he urged these complaints before the Pontiff at Avignon. The Pope knew that these charges were but too well-founded; but what did that avail? The friars were indispensable to the Pope; they had been created by him, they were dependent upon him, they lived for him, they were his obsequious tools; and weighed against the services they were rendering to the Papal throne, the interests of literature in England were but as dust in the balance. Not a finger must be lifted to curtail the privileges or check the abuses of the Mendicants. The archbishop, finding that he had gone on a bootless errand, returned to England, and died three years after.",
    "puborder": 318,
    "translations": []
  }
]