[
  {
    "para_id": "899.2505",
    "id_prev": "899.2504",
    "id_next": "899.2506",
    "refcode_1": "HOPV1",
    "refcode_2": "401",
    "refcode_3": "",
    "refcode_4": "",
    "refcode_short": "HOPV1 401",
    "refcode_long": "History of Protestantism, vol. 1, p. 401 (James Aitken Wylie)",
    "element_type": "h3",
    "element_subtype": "",
    "content": "Chapter 11: Influence of the Wars of the Fifteenth Century on the Progress of Protestantism",
    "puborder": 1791,
    "translations": []
  },
  {
    "para_id": "899.2506",
    "id_prev": "899.2505",
    "id_next": "899.2507",
    "refcode_1": "HOPV1",
    "refcode_2": "401",
    "refcode_3": "",
    "refcode_4": "",
    "refcode_short": "",
    "refcode_long": "",
    "element_type": "p",
    "element_subtype": "center",
    "content": "Convulsions of the Fifteenth Century&mdash;Fall of Constantinople&mdash;Wars in Bohemia&mdash;in Italy&mdash;in Spain&mdash;in Switzerland&mdash;Wars of the Papal Schism&mdash;Was it Peace or War which the Popes gave to Christendom?&mdash;Wars originated by the Popes: the Crusades; the War of Investitures; the Albigensian and Waldensian Crusades; the Wars in Naples, Poland, etc.; the Feuds in Italy; the Hussite Campaigns, etc&mdash;Wars of the Roses&mdash;Traced to the Council of Archbishop Chicheley&mdash;Providential End of the Wars of the Fifteenth Century&mdash;The Nobility Weakened&mdash;The Throne made Powerful&mdash;Why?&mdash;Hussitism and Lollardism",
    "puborder": 1792,
    "translations": []
  },
  {
    "para_id": "899.2507",
    "id_prev": "899.2506",
    "id_next": "899.2508",
    "refcode_1": "HOPV1",
    "refcode_2": "401",
    "refcode_3": "",
    "refcode_4": "",
    "refcode_short": "",
    "refcode_long": "",
    "element_type": "p",
    "element_subtype": "standard-noindent",
    "content": "Picture: The Archbishops of York and Canterbury before the Parliament at Westminster Abbey",
    "puborder": 1793,
    "translations": []
  },
  {
    "para_id": "899.2508",
    "id_prev": "899.2507",
    "id_next": "899.2509",
    "refcode_1": "HOPV1",
    "refcode_2": "401",
    "refcode_3": "",
    "refcode_4": "",
    "refcode_short": "",
    "refcode_long": "",
    "element_type": "p",
    "element_subtype": "standard-noindent",
    "content": "Picture: Cardinal Beauforts Chantry, Winchester Cathedral",
    "puborder": 1794,
    "translations": []
  },
  {
    "para_id": "899.2509",
    "id_prev": "899.2508",
    "id_next": "899.2510",
    "refcode_1": "HOPV1",
    "refcode_2": "401",
    "refcode_3": "2",
    "refcode_4": "",
    "refcode_short": "HOPV1 401.2",
    "refcode_long": "History of Protestantism, vol. 1, p. 401.2 (James Aitken Wylie)",
    "element_type": "p",
    "element_subtype": "standard-indented",
    "content": "The day that was hastening towards the world sent terrible tempests before it as the heralds of its approach. Than the middle of the fifteenth century there is, perhaps, no point in modern history that presents a scene of more universal turmoil and calamity, if we except the period that witnessed the fall of the Western Empire. Nowhere is there stability or rest. All around, as far as the eye can reach, appears a sea whose waters, swollen into huge billows by the force of the mighty winds, are assailing the very foundations of the earth. The Christian of that day, when he cast his eyes around on a world rocked and tossed by these great tempests, must have despaired, had he not remembered that there is One who &ldquo;sits King upon the floods.&rdquo;",
    "puborder": 1795,
    "translations": []
  },
  {
    "para_id": "899.2510",
    "id_prev": "899.2509",
    "id_next": "899.2511",
    "refcode_1": "HOPV1",
    "refcode_2": "401",
    "refcode_3": "3",
    "refcode_4": "",
    "refcode_short": "HOPV1 401.3",
    "refcode_long": "History of Protestantism, vol. 1, p. 401.3 (James Aitken Wylie)",
    "element_type": "p",
    "element_subtype": "standard-indented",
    "content": "The armies of the Turk were gathering round Constantinople, and the Queen of the East was about to bow her head and sink in a tempest of pillage, of rapine, and of slaughter. The land of Bohemia, watered, as with a plenteous rain, once, again, and a third time, with German blood, was gloomy and silent. Germany had suffered far more than she had inflicted.",
    "puborder": 1796,
    "translations": []
  },
  {
    "para_id": "899.2511",
    "id_prev": "899.2510",
    "id_next": "899.2514",
    "refcode_1": "HOPV1",
    "refcode_2": "401",
    "refcode_3": "4",
    "refcode_4": "",
    "refcode_short": "HOPV1 401.4",
    "refcode_long": "History of Protestantism, vol. 1, p. 401.4 (James Aitken Wylie)",
    "element_type": "p",
    "element_subtype": "standard-indented",
    "content": "From the Rhine to the Elbe, from the Black Forest to the Baltic, her nations were lamenting their youth slaughtered in the ill-fated campaigns into which Rome had drawn them against the Hussites. Italy, split up into principalities, was ceaselessly torn by the ambitions and feuds of its petty rulers, and if for a moment the din of these intestine strifes was hushed, it was in presence of some foreign invader whom the beauty of that land had drawn with his armies across the Alps. The magnificent cities of Spain, adorned by the art and enriched by the industry of the Moors, were being emptied of their inhabitants by the crusades of bigotry; the Moslem flag was being torn down on the walls of Granada, and the race which had converted the Vega around the Moorish capital into a garden, watering it with the icy torrents of the Sierra Nevada, and clothing it with corn-fields and orange-groves, were fleeing across the Straits to form new seats on the northern shores of Africa. The Swiss, who had looked for centuries <span class=\"page-break\" data-page=\"402\"></span> with almost uninterrupted indifference on the wars and convulsions that distracted the nations that dwelt at the feet of their mountains, finding in their great hills an impregnable fortress against invasion, now saw themselves menaced in their valleys with a foreign sword, and had to fight for their immemorial independence. They were assailed by the two powerful kingdoms on each side of them; for Austria and France, in their desire to enlarge their territories, had become forgetful that in leveling the Alps of the Swiss, they but effaced the barrier between themselves, which prevented the two nations mingling their blood on fierce and frequent battle-fields.",
    "puborder": 1797,
    "translations": []
  },
  {
    "para_id": "899.2514",
    "id_prev": "899.2511",
    "id_next": "899.2515",
    "refcode_1": "HOPV1",
    "refcode_2": "402",
    "refcode_3": "1",
    "refcode_4": "",
    "refcode_short": "HOPV1 402.1",
    "refcode_long": "History of Protestantism, vol. 1, p. 402.1 (James Aitken Wylie)",
    "element_type": "p",
    "element_subtype": "standard-indented",
    "content": "As if the antipathies of race, and the ambition of princes, were not enough to afflict an unhappy age, another element of contention was imported into the strife by the Papal schism. The rival Popes and their supporters brought their cause into the battle-field, and torrents of Christian blood were shed to determine the question which was the true Vicar. The arguments from piety, from wisdom, from learning were but dust in the balance against the unanswerable argument of the sword, and the gospel of peace was converted into the tocsin of war. The evils flowing from the schism, and which for so many years afflicted Christendom, cannot but raise the question in every dispassionate mind how far the Popes have fulfilled the office assigned them as the &ldquo;Fathers of Christendom&rdquo; and the Peacemakers of the World? Leaving out of view their adulators on the one side, and their incriminators on the other, let us put to history the question, How many are the years of peace, and how many are the years of war, which have come out of the Papal chair, and what proportion does the one bear to the other",
    "puborder": 1798,
    "translations": []
  },
  {
    "para_id": "899.2515",
    "id_prev": "899.2514",
    "id_next": "899.2519",
    "refcode_1": "HOPV1",
    "refcode_2": "402",
    "refcode_3": "2",
    "refcode_4": "",
    "refcode_short": "HOPV1 402.2",
    "refcode_long": "History of Protestantism, vol. 1, p. 402.2 (James Aitken Wylie)",
    "element_type": "p",
    "element_subtype": "standard-indented",
    "content": "To put, then, a few plain questions touching matters of fact, let us ask, from whom came the crusades which for two centuries continued to waste the treasure and the blood of both Europe and Asia? History answers, from the Popes. Monks preached the crusades, monks enlisted soldiers to fight them and when the host was marshalled and all was ready, monks placed themselves at their head, and led them onward, their track marked by devastation, to the shores of Syria, where their furious fanaticism exploded in scenes <span class=\"page-break\" data-page=\"404\"></span> of yet greater devastation and horror. In these expeditions the Popes were always the chiefs; the crossed emperors and kings were enlisted under their banner, and put under the command of their legates; at the Popes&rsquo; mandate it was that they went forth to slay and to be slain. In the absence of these princes the Popes took into their hands the government of their kingdoms; the persons and goods of all the crusaders were declared under their protection; in their behalf they caused every process, civil and criminal, to be suspended; they made a lavish distribution of indulgences and dispensations, to keep alive fanatical fervor and sanguinary zeal; they sometimes enjoined as a command, and sometimes as a penance, service in the crusades; their nuncios and legates received the alms and legacies bequeathed for maintaining these wars; and when, after two dismal centuries, they came to an end, it was found that none save the Popes were the gainers thereby. While the authority of the Papal See was vastly strengthened, the secular princes were in the same proportion weakened and impoverished; the sway of Rome was confirmed, for the nations, broken and bowed down, suffered a yoke to be rivetted upon their necks that could not be broken for ages. <sup class=\"footnote\"><a class=\"footnote\">1<span class=\"footnote\">In proof of this summary view of the origin and effects of the crusades, the author begs to refer his readers to Baron., Ann., 1096; Gibbon, chap. 58, 59; Moreri, Le Grand Dict. Hist., tom. 3; Innet, Origines Anglicance, vol. 2; Sismondi, Hist., etc. etc. The author speaks, of course, of the direct and immediate effects which flowed from the crusades; there were remote and indirect results of a beneficent kind evolved from them, but this was the doing of an overruling Providence, and was neither foreseen nor intended by their authors.</span></a></sup>",
    "puborder": 1799,
    "translations": []
  },
  {
    "para_id": "899.2519",
    "id_prev": "899.2515",
    "id_next": "899.2520",
    "refcode_1": "HOPV1",
    "refcode_2": "404",
    "refcode_3": "1",
    "refcode_4": "",
    "refcode_short": "HOPV1 404.1",
    "refcode_long": "History of Protestantism, vol. 1, p. 404.1 (James Aitken Wylie)",
    "element_type": "p",
    "element_subtype": "standard-indented",
    "content": "We ask further, from whom came the contest between the mitre and the Empire-the war of investitures,-which divided and ravaged Christendom for a full century and a half? History answers, from the Pope-Gregory VII. From whom came the Albigensian crusades, which swept in successive tempests of fire and blood across the south of France? History answers, from the Pope-Innocent III. Whence came those armies of assassins, which times without number penetrated into the Waldensian valleys, carrying the torch into dwelling and sanctuary, and inflicting on the unoffending inhabitants barbarities and cruelties of so horrible a nature that they never can be known, because they never dare be told? History answers, from the Pope. Who made donations of kingdoms-Naples, Sicily, Aragon, Poland, and others-knowing that those to whom they had gifted them could possess them only by fighting for them? History answers, the Popes.",
    "puborder": 1800,
    "translations": []
  },
  {
    "para_id": "899.2520",
    "id_prev": "899.2519",
    "id_next": "899.2521",
    "refcode_1": "HOPV1",
    "refcode_2": "404",
    "refcode_3": "2",
    "refcode_4": "",
    "refcode_short": "HOPV1 404.2",
    "refcode_long": "History of Protestantism, vol. 1, p. 404.2 (James Aitken Wylie)",
    "element_type": "p",
    "element_subtype": "standard-indented",
    "content": "Who deposed sovereigns, and sanctioned insurrection and war between them and their subjects? The Popes. Who so often tempted the Swiss from their mountains to shed their blood on the plains of Italy? The Bishop of Sion, acting as the legate of the Pope. Who was it that, the better to maintain the predominance of their own sway, kept Italy divided, at the cost of almost ceaseless intestine feuds and wars, and the leaving the gates of the country unguarded, or purposely open, for the entrance of foreign hordes? History answers, the Popes. Who was it that, having entered into war with France, threw aside the mitre for the helmet, and, passing over a bridge on the Tiber, is said to have thrown the keys of St. Peter into the river, seeing they had served him so ill, and called for the sword of St. Paul? Pope Julius II. Who organised the successive campaigns waged against the Hussites, and on two several occasions sent his legate-a-latere to lead the crusaders? History answers, the Pope.",
    "puborder": 1801,
    "translations": []
  },
  {
    "para_id": "899.2521",
    "id_prev": "899.2520",
    "id_next": "899.2524",
    "refcode_1": "HOPV1",
    "refcode_2": "404",
    "refcode_3": "3",
    "refcode_4": "",
    "refcode_short": "HOPV1 404.3",
    "refcode_long": "History of Protestantism, vol. 1, p. 404.3 (James Aitken Wylie)",
    "element_type": "p",
    "element_subtype": "standard-indented",
    "content": "We stop at the era of the Reformation. We put no questions to history touching the wars in Germany, the wars in France, the wars in the Low Countries, the wars in Hungary, and in other lands; in which, too, the blood of the scaffold was largely mingled with the blood of the battle-field. We restrict our examples to those ages when Rome was not only a power, but the power in Christendom. Kings were then her vassals, and she had only to speak to be obeyed. Why then did she not summon them to her bar, and command them to sheathe their swords? Why did she not bind them in the chain of her excommunications, and compel them to be at peace till she had arbitrated in their quarrels, and so prevent this great effusion of human blood? Here are the Pope&rsquo;s exploits on the field of war. Why has history forgotten to chronicle his labours and sacrifices in the blessed work of peace? True, we do find a few outstanding instances of the Popes enjoining peace among Christian princes. We find the Council of Lyons (1245) ordaining a general cessation of arms among the Western sovereigns, with power to prelates to proceed by censures against those who refused to acquiesce; but for what end? in order that the crusade which had been projected might be carried out with greater unanimity and vigor. <sup class=\"footnote\"><a class=\"footnote\">2<span class=\"footnote\">Hardouin, Acta Concil., tom. 7, p; 395; Parisiis, 1714.</span></a></sup> We find Gregory X. sending his nuncio to compel observance of this decree of the Council on Philip III. of France and the King of Castile, knowing that these two sovereigns were about to decide a certain difference by arms, because he <span class=\"page-break\" data-page=\"405\"></span> needed their swords to fight his own battles. We find, further, Boniface VIII. enjoining all sovereigns to terminate all wars and differences at home, that, they might be in circumstances to prosecute more vigorously the holy wars of the Church. These, and a few similar instances, are all that we have on the one side to set over against the long roll of melancholy facts on the other. History&rsquo;s verdict is, that with the ascent of the Popes to supremacy came not peace but war to the nations of Christendom. The noon of the Papal power was illustrated, not by its calm splendors and its tranquil joys, but by tempest and battle and destruction.",
    "puborder": 1802,
    "translations": []
  },
  {
    "para_id": "899.2524",
    "id_prev": "899.2521",
    "id_next": "899.2525",
    "refcode_1": "HOPV1",
    "refcode_2": "405",
    "refcode_3": "1",
    "refcode_4": "",
    "refcode_short": "HOPV1 405.1",
    "refcode_long": "History of Protestantism, vol. 1, p. 405.1 (James Aitken Wylie)",
    "element_type": "p",
    "element_subtype": "standard-indented",
    "content": "We return from this digression to the picture of Europe in the middle of the fifteenth century. To the distractions that were rife in every quarter, in the east, in the south, and in the center of Christendom, we have to add those that raged in the north. The King of England had proclaimed war against France. Mighty armaments were setting sail from",
    "puborder": 1803,
    "translations": []
  },
  {
    "para_id": "899.2525",
    "id_prev": "899.2524",
    "id_next": "899.2526",
    "refcode_1": "HOPV1",
    "refcode_2": "405",
    "refcode_3": "2",
    "refcode_4": "",
    "refcode_short": "HOPV1 405.2",
    "refcode_long": "History of Protestantism, vol. 1, p. 405.2 (James Aitken Wylie)",
    "element_type": "p",
    "element_subtype": "standard-noindent",
    "content": "- -&ldquo;that pale, that white-faced shore, Whose foot spurns back the ocean&rsquo;s roaring tides, And coops from other lands her islanders&rdquo; <sup class=\"footnote\"><a class=\"footnote\">3<span class=\"footnote\">Shakespeare, King John, act 2, scene 1.</span></a></sup>",
    "puborder": 1804,
    "translations": []
  },
  {
    "para_id": "899.2526",
    "id_prev": "899.2525",
    "id_next": "899.2527",
    "refcode_1": "HOPV1",
    "refcode_2": "405",
    "refcode_3": "3",
    "refcode_4": "",
    "refcode_short": "HOPV1 405.3",
    "refcode_long": "History of Protestantism, vol. 1, p. 405.3 (James Aitken Wylie)",
    "element_type": "p",
    "element_subtype": "standard-indented",
    "content": "the man who led them being forgetful that nature had ordained the sea around England to be at once the limit of her seat and the rampart of her power, and that by extending he was imperiling his dominions. This ill-starred expedition, out of which came so many calamities to both countries, was planned, we have seen, by the Romish clergy, for the purpose of finding work for the active-minded Henry V., and especially of diverting his eye from their own possessions to a more tempting prize, the crown of France. The mischiefs and woes to which this advice opened the door did not exhaust themselves till the century was drawing to a close. The armies of England smote not merely the northern coasts of France, they penetrated to the center of the kingdom, marking the line of their march by cities sacked and provinces devastated and partially depopulated. This calamity fell heavily on the upper ranks of French society. On the fatal field of Agincourt perished the flower of their nobility; moanings and lamentations resounded in their chateaux and royal residences; for there were few indeed of the great families that had not cause to mourn the counsel of Archbishop Chicheley to Henry V., which had directed this destructive tempest against their country.",
    "puborder": 1805,
    "translations": []
  },
  {
    "para_id": "899.2527",
    "id_prev": "899.2526",
    "id_next": "899.2528",
    "refcode_1": "HOPV1",
    "refcode_2": "405",
    "refcode_3": "4",
    "refcode_4": "",
    "refcode_short": "HOPV1 405.4",
    "refcode_long": "History of Protestantism, vol. 1, p. 405.4 (James Aitken Wylie)",
    "element_type": "p",
    "element_subtype": "standard-indented",
    "content": "At last the Cloud of calamity returned northward (1450), and discharged its last and heaviest contents on England itself. The long and melancholy train of events which now began to run their course at home took its rise in the war with France. The premature death of Henry V.; <sup class=\"footnote\"><a class=\"footnote\">4<span class=\"footnote\">&ldquo;God suddenly touched him, unbodying his soul in the flower of his youth, and the glory of his conquest.&rdquo;-Speech of Duke of York to Parliament, 1460. (Holinshed, vol 3, p. 264.) While the duke was asserting his title to the crown in the Upper House, there happened, says the chronicler, &ldquo;a strange chance in the very same instant among the Commons in the Nether House. A crown, which did hang in the middle of the same, to garnish a branch to set lights upon, without touch of man, or blast of wind, suddenly fell down. About the same time also fell down the crown which stood on the top of Dover Castle. Soon after the duke was slain on the battlefield, and with him 2,800, mostly young gentlemen, heirs of great families. His head, with a crown of paper, stuck on a pole, was presented to the queen. Some write,&rdquo; says the chronicler, &ldquo;that he was taken alive, made to stand on a mole-hill, with a garland of bulrushes instead of a crown, and his captors, kneeling before him in derision, said, &lsquo;&rsquo;Hail, king without rule!-hail, king without heritage!-hail, duke and prince without people and possessions!&rsquo;&rsquo;&rdquo; and then struck off his head.</span></a></sup> the factions and intrigues that strove around the throne of his infant son; the conspiracies that spread disquiet and distraction over the kingdom; and, finally, the outbreak of the Wars of the Roses, which, like a fearful conflagration, consumed all the great families of the kingdom, the royal house included; all these tragedies and crimes connect themselves with, and can be traced up to, the fateful counsel of the clergy, so eagerly adopted and acted upon by the king. Nor was the blood sprit on the battle-field the only evil that darkened that unhappy period. In the wake of fierce civil war came a relaxation of law, and a suspension of industry. The consequence of the former was that the country was defiled by crime and outrage; and of the latter, that frequent famines and pestilences decimated the population. <sup class=\"footnote\"><a class=\"footnote\">5<span class=\"footnote\">&ldquo;This year, 1477,&rdquo; says Holinshed (vol. 3, p. 346),&ldquo;happened so fierce and quick a pestilence that the previous fifteen years consumed not the third part of the people that only four months miserably and pitifully dispatched and brought to their graves.&rdquo;</span></a></sup>",
    "puborder": 1806,
    "translations": []
  },
  {
    "para_id": "899.2528",
    "id_prev": "899.2527",
    "id_next": "899.2531",
    "refcode_1": "HOPV1",
    "refcode_2": "405",
    "refcode_3": "5",
    "refcode_4": "",
    "refcode_short": "HOPV1 405.5",
    "refcode_long": "History of Protestantism, vol. 1, p. 405.5 (James Aitken Wylie)",
    "element_type": "p",
    "element_subtype": "standard-indented",
    "content": "The contest which opened in 1452 between the White Rose of York and the Red Rose of Lancaster, it is the province of the civil historian to narrate. We notice it here only so far as it bears on the history of Protestantism. The war was not finished in less than thirty years; it was signalised by twelve pitched battles; it is computed to have cost the lives of eighty princes of the blood, and almost entirely annihilated the ancient nobility of England. <sup class=\"footnote\"><a class=\"footnote\">6<span class=\"footnote\">Hume, Hist. Eng. chap. 29.</span></a></sup> The kingdom had seemed as a stricken <span class=\"page-break\" data-page=\"406\"></span> land ever since the De Hoeretico Comburendo law was placed upon its statute-book, but the Wars of the Roses filled up its cup of misery. <sup class=\"footnote\"><a class=\"footnote\">7<span class=\"footnote\">Rumors of prodigies and portents helped to augment the prevalent foreboding and alarm of the people. Of these the following may be taken as a sample, the more that there is a touch of the dramatic about it: - &ldquo;In November, 1457, in the isle of Portland, not far from the town of Weymouth, was seen a cock coming out of the sea, having a great crest upon his head, and a great red beard, and legs half a yard long. He stood on the water and crowed three times, and every time turned him about, and beckoned with his head, toward the north, the south, and the west, and was in color like a pheasant, and when he had crowed three times he vanished away.&rdquo; (Holinshed, vol. 3, p. 244.) We read of &ldquo;a rain of blood&rdquo; in Bedfordshire, &ldquo;which spotted clothes hung out to dry.&rdquo;</span></a></sup>",
    "puborder": 1807,
    "translations": []
  },
  {
    "para_id": "899.2531",
    "id_prev": "899.2528",
    "id_next": "899.2532",
    "refcode_1": "HOPV1",
    "refcode_2": "406",
    "refcode_3": "1",
    "refcode_4": "",
    "refcode_short": "HOPV1 406.1",
    "refcode_long": "History of Protestantism, vol. 1, p. 406.1 (James Aitken Wylie)",
    "element_type": "p",
    "element_subtype": "standard-indented",
    "content": "The rival hosts were inflamed with the rancorous hate peculiar to civil conflicts, and seldom have more sanguinary battles been fought than those which now deluged the soil of England with the blood of its own children. Sometimes the House of York was victorious, and then the Lancastrians were mercilessly slaughtered; at other times it was the House of Lancaster that triumphed, and then the adherents of York had to expiate in the hour of defeat the barbarities they had inflicted in the day of victory. The land mourned its many woes. The passage of armies to and fro over it was marked by castles, churches, and dwellings burned, and fields wasted. <sup class=\"footnote\"><a class=\"footnote\">8<span class=\"footnote\">The Romish clergy were careful, in the midst of this general destruction of life and substance, that their possessions should not come by loss. The following award was made at Westminster, 23rd March, 1458:-&ldquo;That at the costs, charges, and expenses of the Duke of York, the Earls of Warwick and Salisbury, forty-five pounds of yearly rent should be assured by way of mortisement for ever, unto the monastery of St. Albans, for suffrages and obits to be kept, and alms to be employed for the souls of Edmund, late Duke of Somerset; Henry, late Earl of Northumberland; and Thomas, late Lord Clifford, lately slain in the battle of St. Albans, and buried in the Abbey church, and also for the souls of all others slain in the same battle.&rdquo; (Holinshed, vol. 3, p. 247.)</span></a></sup> In these calamities passed the greater part of the second half of the fifteenth century. The reign of the Plantagenets, who had so long governed England, came to an end on the bloody field of Bosworth (1485), and the House of Tudor, in the person of Henry VII., mounted the throne.",
    "puborder": 1808,
    "translations": []
  },
  {
    "para_id": "899.2532",
    "id_prev": "899.2531",
    "id_next": "899.2533",
    "refcode_1": "HOPV1",
    "refcode_2": "406",
    "refcode_3": "2",
    "refcode_4": "",
    "refcode_short": "HOPV1 406.2",
    "refcode_long": "History of Protestantism, vol. 1, p. 406.2 (James Aitken Wylie)",
    "element_type": "p",
    "element_subtype": "standard-indented",
    "content": "If these troubles were so far a shield to the Wicliffites, by giving the King of England and his nobles other things to think of than hunting for Lollards, they rendered any revival of their cause impossible. The work of doing to death those who professed and preached the Reformed faith, though hindered by the causes before alluded to, did not actually cease. From time to time during this period, some were called, to use the words of Fox, &ldquo;to consummate their testimony in the fire.&rdquo; &ldquo;The intimidated Lollards,&rdquo; says D&rsquo;Aubigne, &ldquo;were compelled to hide themselves in the humblest ranks of the people, and to hold their meetings in secret. The work of redemption was proceeding noiselessly among the elect of God. Of these Lollards there were many who had been redeemed by Jesus Christ, but in general they knew not, to the same extent as the Protestant Christians of the sixteenth century, the quickening and justifying power of faith. They were plain, meek, and often timid folk, attracted by the Word of God, affected by the condemnation it pronounces against the errors of Rome, and desirous of living according to its commandments. God had assigned them a part-and an important part too-in the great transformation of Christianity. Their humble piety, their passive resistance, the shameful treatment which they bore with resignation, the penitent&rsquo;s robes with which they were covered, the tapers they were compelled to hold at the church door-all these things betrayed the pride of the priests, and filled the most generous mind with doubts and vague desires. By a baptism of suffering, God was then preparing the way to a glorious Reformation.&rdquo; <sup class=\"footnote\"><a class=\"footnote\">9<span class=\"footnote\">D&rsquo;Aubigne, vol. 5, p. 148.</span></a></sup>",
    "puborder": 1809,
    "translations": []
  },
  {
    "para_id": "899.2533",
    "id_prev": "899.2532",
    "id_next": "899.2534",
    "refcode_1": "HOPV1",
    "refcode_2": "406",
    "refcode_3": "3",
    "refcode_4": "",
    "refcode_short": "HOPV1 406.3",
    "refcode_long": "History of Protestantism, vol. 1, p. 406.3 (James Aitken Wylie)",
    "element_type": "p",
    "element_subtype": "standard-indented",
    "content": "Looking only at the causes acting on the surface, surveying the condition and working of established institutions, especially the &ldquo;Church,&rdquo; which was every day mounting higher in power, and at the same time plunging deeper into error; which had laid its hand upon the throne and made its occupant simply its lieutenant-upon the statute-book, and had made it little better than the register of its intolerant edicts-upon the magistracy, and left it hardly any higher function than the humble one of executing its sentences-looking at all this, one would have expected nothing else than that the darkness would grow yet deeper, and that the storms now afflicting the world would rage with even greater fury. And yet the dawn had already come. There was light on the horizon. Nay, these furious blasts were bearing on their wings blessings to the nations. Constantinople was falling, that the treasures of ancient literature might be scattered over the Western world, and the human mind quickened. The nobility of France and England was being weakened on the battle-field, that the throne might rise into power, and be able to govern.",
    "puborder": 1810,
    "translations": []
  },
  {
    "para_id": "899.2534",
    "id_prev": "899.2533",
    "id_next": "899.2537",
    "refcode_1": "HOPV1",
    "refcode_2": "406",
    "refcode_3": "4",
    "refcode_4": "",
    "refcode_short": "HOPV1 406.4",
    "refcode_long": "History of Protestantism, vol. 1, p. 406.4 (James Aitken Wylie)",
    "element_type": "p",
    "element_subtype": "standard-indented",
    "content": "It was needful that an institution, the weakness of which had invited the lawlessness of the nobles, <span class=\"page-break\" data-page=\"407\"></span> and the arrogance of the hierarchy, should be lifted up and made strong. This was one of the first steps towards the emancipation of society from the spiritual bondage into which it had fallen. Ever since the days of Gregory VII., monarchy had been in subordination to priesthood. The policy of the Popes, pursued through four centuries, was to centralise their power, and place it at the summit. One of the means adopted for this end was to make the nobles a poise to the kings, and by weakening both parties, to make the Pope the most powerful of the three. This policy had been successful. The Popes had grown to be more than a match for the petty sovereigns of the fifteenth century. Nothing but a system of strong monarchies could now cope with that chair of combined spiritual and temporal power which had established itself at Rome, and grown to be so strong that it made kings their tools, and through them scourged their subjects.",
    "puborder": 1811,
    "translations": []
  },
  {
    "para_id": "899.2537",
    "id_prev": "899.2534",
    "id_next": "899.2538",
    "refcode_1": "HOPV1",
    "refcode_2": "407",
    "refcode_3": "1",
    "refcode_4": "",
    "refcode_short": "HOPV1 407.1",
    "refcode_long": "History of Protestantism, vol. 1, p. 407.1 (James Aitken Wylie)",
    "element_type": "p",
    "element_subtype": "standard-indented",
    "content": "Accordingly we see at last emerging from the tempests that raged all through the century under review, three powerful thrones - that of England, that of France, and that of Spain. The undivided power of Christendom was no longer in one hand, and that hand the holder of the tiara. The three powerful sovereigns who had risen up could keep their nobles in check, could spurn the dictation of the hierarchy, and so could meet on equal terms the sovereign of the Vatican. With that sovereign their interests were sometimes in accordance, and sometimes in opposition, and this poise between Popedom and monarchy constituted a shield for that great expansion of the Protestant movement which was about to take place.",
    "puborder": 1812,
    "translations": []
  },
  {
    "para_id": "899.2538",
    "id_prev": "899.2537",
    "id_next": "899.2539",
    "refcode_1": "HOPV1",
    "refcode_2": "407",
    "refcode_3": "2",
    "refcode_4": "",
    "refcode_short": "HOPV1 407.2",
    "refcode_long": "History of Protestantism, vol. 1, p. 407.2 (James Aitken Wylie)",
    "element_type": "p",
    "element_subtype": "standard-indented",
    "content": "Before leaving England in the fifteenth century, it is necessary to remember that during this century the great movement which had been originated by the instrumentality of Wicliffe in the previous one, was parted into two; the one branch having its seat in the west, and the other in the east of Christendom.",
    "puborder": 1813,
    "translations": []
  },
  {
    "para_id": "899.2539",
    "id_prev": "899.2538",
    "id_next": "899.2540",
    "refcode_1": "HOPV1",
    "refcode_2": "407",
    "refcode_3": "3",
    "refcode_4": "",
    "refcode_short": "HOPV1 407.3",
    "refcode_long": "History of Protestantism, vol. 1, p. 407.3 (James Aitken Wylie)",
    "element_type": "p",
    "element_subtype": "standard-indented",
    "content": "Further, that movement was known under two names-Hussitism in Bohemia, and Lollardism in England. When the famous Protest was given in by the German princes in 1529 it dropped both appellatives, and received henceforward that one designation by which it has been known these three centuries. The day will come when it will drop in turn the name it now bears-that of Protestantism-and will resume that more ancient, more catholic, and more venerable one, given it eighteen centuries ago in Antioch, where the disciples were first called - Christians.",
    "puborder": 1814,
    "translations": []
  },
  {
    "para_id": "899.2540",
    "id_prev": "899.2539",
    "id_next": "899.2541",
    "refcode_1": "HOPV1",
    "refcode_2": "407",
    "refcode_3": "4",
    "refcode_4": "",
    "refcode_short": "HOPV1 407.4",
    "refcode_long": "History of Protestantism, vol. 1, p. 407.4 (James Aitken Wylie)",
    "element_type": "p",
    "element_subtype": "standard-indented",
    "content": "Although there was one spirit in both branches of the movement, yet was there diversity of operations. The power of Protestantism was shown in Bohemia in converting a nation into heroes, in England it was shown in making martyrs. In the one country its history leads us to camps and battlefields, in the other it conducts us to prisons and stakes. The latter reveals the nobler champions, and the more glorious conflict. Yet do we not blame the Hussites. Unlike the Lollards, they were a nation. Their country was invaded, their consciences were threatened; and they violated no principle of Christianity that we are acquainted with, when they girded on the sword in defense of their hearths and their altars. And surely we do not err when we say that Providence set the seal of its approval upon their patriotic resistance, in that marvellous success that crowned their arms, and which continued to flow in a tide that knew not a moment&rsquo;s ebb till that fatal day when they entered into compact with Rome. In the Great Roll we find the names of those who &ldquo;waxed valiant in fight, turned to flight the armies of the aliens&rdquo; as well as that of those who &ldquo;were stoned, were sawn asunder, were tortured, were slain with the sword, not accepting deliverance, that they might obtain a better resurrection.&rdquo;",
    "puborder": 1815,
    "translations": []
  },
  {
    "para_id": "899.2541",
    "id_prev": "899.2540",
    "id_next": "899.2543",
    "refcode_1": "HOPV1",
    "refcode_2": "407",
    "refcode_3": "5",
    "refcode_4": "",
    "refcode_short": "HOPV1 407.5",
    "refcode_long": "History of Protestantism, vol. 1, p. 407.5 (James Aitken Wylie)",
    "element_type": "p",
    "element_subtype": "standard-indented",
    "content": "Still, it must be confessed that the stake of the Lollard showed itself in the end a more powerful weapon for defending Protestantism than the sword of the Hussite. The arms of the Bohemians merely extinguished enemies, the stakes of the Lollards created disciples. In their deaths they sowed the seed of the Gospel; that seed remained in the soil, and while &ldquo;the battle of the warrior, with its confused noise and garments rolled in blood,&rdquo; was swaying to and fro over the face of England, it continued to germinate in silence, awaiting the sixteenth century, with its mollient air, for the time of springing.",
    "puborder": 1816,
    "translations": []
  }
]