[
  {
    "para_id": "701.59",
    "id_prev": "701.58",
    "id_next": "701.60",
    "refcode_1": "WDEGWB",
    "refcode_2": "5",
    "refcode_3": "",
    "refcode_4": "",
    "refcode_short": "WDEGWB 5",
    "refcode_long": "Why Did Ellen G. White Borrow?, p. 5 (Paul A. Gordon)",
    "element_type": "h3",
    "element_subtype": "",
    "content": "As A Writer",
    "puborder": 53,
    "translations": []
  },
  {
    "para_id": "701.60",
    "id_prev": "701.59",
    "id_next": "701.61",
    "refcode_1": "WDEGWB",
    "refcode_2": "5",
    "refcode_3": "2",
    "refcode_4": "",
    "refcode_short": "WDEGWB 5.2",
    "refcode_long": "Why Did Ellen G. White Borrow?, p. 5.2 (Paul A. Gordon)",
    "element_type": "p",
    "element_subtype": "standard-indented",
    "content": "Ellen White obviously was not isolated from others. She was ever an interested observer. Her writing was large in quantity, with more than 25 million words preserved. This writing was of great variety as well. It included insights into the secret lives of her contemporaries. There was educational counsel, inspirational writing, detailed commentary on Bible doctrines, and practical counsel for the home. But we will concentrate on two areas&mdash;health counsel and the controversy theme. These subjects are ones where she apparently did most borrowing, so will best illustrate her use of aids.",
    "puborder": 54,
    "translations": []
  },
  {
    "para_id": "701.61",
    "id_prev": "701.60",
    "id_next": "701.62",
    "refcode_1": "WDEGWB",
    "refcode_2": "5",
    "refcode_3": "3",
    "refcode_4": "",
    "refcode_short": "WDEGWB 5.3",
    "refcode_long": "Why Did Ellen G. White Borrow?, p. 5.3 (Paul A. Gordon)",
    "element_type": "p",
    "element_subtype": "standard-noindent",
    "content": "<em>1. Health</em>",
    "puborder": 55,
    "translations": []
  },
  {
    "para_id": "701.62",
    "id_prev": "701.61",
    "id_next": "701.63",
    "refcode_1": "WDEGWB",
    "refcode_2": "5",
    "refcode_3": "4",
    "refcode_4": "",
    "refcode_short": "WDEGWB 5.4",
    "refcode_long": "Why Did Ellen G. White Borrow?, p. 5.4 (Paul A. Gordon)",
    "element_type": "p",
    "element_subtype": "standard-indented",
    "content": "Ellen White was given several health visions, beginning in 1848. They gradually opened up the important relation that exists between a healthy body and spiritual experience. Her major vision on this subject, given on June 6, 1863, greatly changed her personal habits:",
    "puborder": 56,
    "translations": []
  },
  {
    "para_id": "701.63",
    "id_prev": "701.62",
    "id_next": "701.64",
    "refcode_1": "WDEGWB",
    "refcode_2": "5",
    "refcode_3": "",
    "refcode_4": "",
    "refcode_short": "",
    "refcode_long": "",
    "element_type": "p",
    "element_subtype": "blockquote-indented",
    "content": "I was astonished at the things shown me in vision. Many things came directly across my own ideas (<em>Ms 1, 1863; <span class=\"egwlink egwlink_book\" title=\"3SM 281.1\" data-link=\"100.1684\">Selected Messages 3:281</span></em>).",
    "puborder": 57,
    "translations": []
  },
  {
    "para_id": "701.64",
    "id_prev": "701.63",
    "id_next": "701.65",
    "refcode_1": "WDEGWB",
    "refcode_2": "5",
    "refcode_3": "5",
    "refcode_4": "",
    "refcode_short": "WDEGWB 5.5",
    "refcode_long": "Why Did Ellen G. White Borrow?, p. 5.5 (Paul A. Gordon)",
    "element_type": "p",
    "element_subtype": "standard-indented",
    "content": "She determined to write out her message of health <em>before</em> she compared it with others:",
    "puborder": 58,
    "translations": []
  },
  {
    "para_id": "701.65",
    "id_prev": "701.64",
    "id_next": "701.66",
    "refcode_1": "WDEGWB",
    "refcode_2": "5",
    "refcode_3": "",
    "refcode_4": "",
    "refcode_short": "",
    "refcode_long": "",
    "element_type": "p",
    "element_subtype": "blockquote-indented",
    "content": "I did not read any works upon health until I had written <em>Spiritual Gifts,</em> Volumes 3 and 4, <em>Appeal to Mothers,</em> and had sketched out most of my six numbers of <em>How to Live (<span class=\"egwlink egwlink_book\" title=\"RH 10-8-1867\" data-link=\"821.726\">The Review and Herald, October 8, 1867</span>; <span class=\"egwlink egwlink_book\" title=\"3SM 276.1\" data-link=\"100.1646\">Selected Messages 3:276</span>)</em>.",
    "puborder": 59,
    "translations": []
  },
  {
    "para_id": "701.66",
    "id_prev": "701.65",
    "id_next": "701.67",
    "refcode_1": "WDEGWB",
    "refcode_2": "5",
    "refcode_3": "6",
    "refcode_4": "",
    "refcode_short": "WDEGWB 5.6",
    "refcode_long": "Why Did Ellen G. White Borrow?, p. 5.6 (Paul A. Gordon)",
    "element_type": "p",
    "element_subtype": "standard-indented",
    "content": "Then she took a further step:",
    "puborder": 60,
    "translations": []
  },
  {
    "para_id": "701.67",
    "id_prev": "701.66",
    "id_next": "701.68",
    "refcode_1": "WDEGWB",
    "refcode_2": "5",
    "refcode_3": "",
    "refcode_4": "",
    "refcode_short": "",
    "refcode_long": "",
    "element_type": "p",
    "element_subtype": "blockquote-indented",
    "content": "After I had written my six articles for <em>How to Live,</em> I then searched the various works on hygiene, and was surprised to find them so nearly in harmony with what the Lord had revealed to me (<em>Ibid</em>).",
    "puborder": 61,
    "translations": []
  },
  {
    "para_id": "701.68",
    "id_prev": "701.67",
    "id_next": "701.69",
    "refcode_1": "WDEGWB",
    "refcode_2": "5",
    "refcode_3": "7",
    "refcode_4": "",
    "refcode_short": "WDEGWB 5.7",
    "refcode_long": "Why Did Ellen G. White Borrow?, p. 5.7 (Paul A. Gordon)",
    "element_type": "p",
    "element_subtype": "standard-indented",
    "content": "Finally, after this search through other authors she did the following:",
    "puborder": 62,
    "translations": []
  },
  {
    "para_id": "701.69",
    "id_prev": "701.68",
    "id_next": "701.70",
    "refcode_1": "WDEGWB",
    "refcode_2": "5",
    "refcode_3": "",
    "refcode_4": "",
    "refcode_short": "",
    "refcode_long": "",
    "element_type": "p",
    "element_subtype": "blockquote-indented",
    "content": "To show this harmony, and to set before my brethren and sisters the subject as brought out by able writers, I determined to publish <em>How to Live</em> in which I largely extracted from the works referred to (<em>lbid</em>).",
    "puborder": 63,
    "translations": []
  },
  {
    "para_id": "701.70",
    "id_prev": "701.69",
    "id_next": "701.71",
    "refcode_1": "WDEGWB",
    "refcode_2": "5",
    "refcode_3": "8",
    "refcode_4": "",
    "refcode_short": "WDEGWB 5.8",
    "refcode_long": "Why Did Ellen G. White Borrow?, p. 5.8 (Paul A. Gordon)",
    "element_type": "p",
    "element_subtype": "standard-indented",
    "content": "In 1864 James and Ellen White visited a &ldquo;water cure&rdquo; institution in Dansville, New York, operated by a Doctor Jackson. He was not an Adventist. They wanted to observe his methods.",
    "puborder": 64,
    "translations": []
  },
  {
    "para_id": "701.71",
    "id_prev": "701.70",
    "id_next": "701.74",
    "refcode_1": "WDEGWB",
    "refcode_2": "5",
    "refcode_3": "9",
    "refcode_4": "",
    "refcode_short": "WDEGWB 5.9",
    "refcode_long": "Why Did Ellen G. White Borrow?, p. 5.9 (Paul A. Gordon)",
    "element_type": "p",
    "element_subtype": "standard-indented",
    "content": "The next year the Whites returned to Dansville. James White had suffered <span class=\"page-break\" data-page=\"6\"></span> a physical breakdown because of overwork. Again Ellen White compared the work of this institution with what she had seen in vision. She found many things that were in agreement. But much that disturbed her. After three months there she left, and wrote the following caution to other Adventists who might consider such a place for treatment:",
    "puborder": 65,
    "translations": []
  },
  {
    "para_id": "701.74",
    "id_prev": "701.71",
    "id_next": "701.75",
    "refcode_1": "WDEGWB",
    "refcode_2": "6",
    "refcode_3": "",
    "refcode_4": "",
    "refcode_short": "",
    "refcode_long": "",
    "element_type": "p",
    "element_subtype": "blockquote-indented",
    "content": "They have to carry along with them at all times the gospel sieve and sift everything they hear, that they may choose the good and refuse the bad (<span class=\"egwlink egwlink_book\" title=\"1T 490.1\" data-link=\"116.2292\">Testimonies for the Church 1:490</span>).",
    "puborder": 66,
    "translations": []
  },
  {
    "para_id": "701.75",
    "id_prev": "701.74",
    "id_next": "701.76",
    "refcode_1": "WDEGWB",
    "refcode_2": "6",
    "refcode_3": "1",
    "refcode_4": "",
    "refcode_short": "WDEGWB 6.1",
    "refcode_long": "Why Did Ellen G. White Borrow?, p. 6.1 (Paul A. Gordon)",
    "element_type": "p",
    "element_subtype": "standard-indented",
    "content": "She summed up her experience at Dansville as follows:",
    "puborder": 67,
    "translations": []
  },
  {
    "para_id": "701.76",
    "id_prev": "701.75",
    "id_next": "701.77",
    "refcode_1": "WDEGWB",
    "refcode_2": "6",
    "refcode_3": "2",
    "refcode_4": "",
    "refcode_short": "WDEGWB 6.2",
    "refcode_long": "Why Did Ellen G. White Borrow?, p. 6.2 (Paul A. Gordon)",
    "element_type": "p",
    "element_subtype": "standard-noindent",
    "content": "We did not feel that the three months passed at this institution was in vain. We did not receive all the ideas and sentiments and suggestions advanced, but we did gather many things of value from those who had obtained an experience in health reform <em>(Ibid</em>).",
    "puborder": 68,
    "translations": []
  },
  {
    "para_id": "701.77",
    "id_prev": "701.76",
    "id_next": "701.78",
    "refcode_1": "WDEGWB",
    "refcode_2": "6",
    "refcode_3": "3",
    "refcode_4": "",
    "refcode_short": "WDEGWB 6.3",
    "refcode_long": "Why Did Ellen G. White Borrow?, p. 6.3 (Paul A. Gordon)",
    "element_type": "p",
    "element_subtype": "standard-indented",
    "content": "She then concluded:",
    "puborder": 69,
    "translations": []
  },
  {
    "para_id": "701.78",
    "id_prev": "701.77",
    "id_next": "701.79",
    "refcode_1": "WDEGWB",
    "refcode_2": "6",
    "refcode_3": "",
    "refcode_4": "",
    "refcode_short": "",
    "refcode_long": "",
    "element_type": "p",
    "element_subtype": "blockquote-indented",
    "content": "We did not feel that there was any necessity of gathering the chaff with the wheat (<em>Ms 1, 1867; <span class=\"egwlink egwlink_book\" title=\"SHM 135.1\" data-link=\"2738.831\">The Story of Our Health Message, 135</span></em>).",
    "puborder": 70,
    "translations": []
  },
  {
    "para_id": "701.79",
    "id_prev": "701.78",
    "id_next": "701.80",
    "refcode_1": "WDEGWB",
    "refcode_2": "6",
    "refcode_3": "4",
    "refcode_4": "",
    "refcode_short": "WDEGWB 6.4",
    "refcode_long": "Why Did Ellen G. White Borrow?, p. 6.4 (Paul A. Gordon)",
    "element_type": "p",
    "element_subtype": "standard-indented",
    "content": "Some of the points of disagreement were the following:",
    "puborder": 71,
    "translations": []
  },
  {
    "para_id": "701.80",
    "id_prev": "701.79",
    "id_next": "701.81",
    "refcode_1": "WDEGWB",
    "refcode_2": "6",
    "refcode_3": "",
    "refcode_4": "",
    "refcode_short": "",
    "refcode_long": "",
    "element_type": "p",
    "element_subtype": "blockquote-indented",
    "content": "The American costume (dress). Ellen White said it was too mannish and immodest. She developed an alternate style earlier noted. (Ibid, 126, 127)",
    "puborder": 72,
    "translations": []
  },
  {
    "para_id": "701.81",
    "id_prev": "701.80",
    "id_next": "701.82",
    "refcode_1": "WDEGWB",
    "refcode_2": "6",
    "refcode_3": "",
    "refcode_4": "",
    "refcode_short": "",
    "refcode_long": "",
    "element_type": "p",
    "element_subtype": "blockquote-indented",
    "content": "Salt. They called it poison. She said that some salt should be used. (Ibid, 135; and <span class=\"egwlink egwlink_book\" title=\"CD 344.1\" data-link=\"384.2816\">Counsels on Diet and Foods, 344</span>)",
    "puborder": 73,
    "translations": []
  },
  {
    "para_id": "701.82",
    "id_prev": "701.81",
    "id_next": "701.83",
    "refcode_1": "WDEGWB",
    "refcode_2": "6",
    "refcode_3": "",
    "refcode_4": "",
    "refcode_short": "",
    "refcode_long": "",
    "element_type": "p",
    "element_subtype": "blockquote-indented",
    "content": "Amusements, dancing, card playing, and theater going. These were encouraged, but Ellen White saw dangers. (Ibid, 136)",
    "puborder": 74,
    "translations": []
  },
  {
    "para_id": "701.83",
    "id_prev": "701.82",
    "id_next": "701.84",
    "refcode_1": "WDEGWB",
    "refcode_2": "6",
    "refcode_3": "",
    "refcode_4": "",
    "refcode_short": "",
    "refcode_long": "",
    "element_type": "p",
    "element_subtype": "blockquote-indented",
    "content": "Prayer was forbidden because it was suggested that too much religion had made some invalids. She believed in prayer for healing. (Ibid, 138)",
    "puborder": 75,
    "translations": []
  },
  {
    "para_id": "701.84",
    "id_prev": "701.83",
    "id_next": "701.85",
    "refcode_1": "WDEGWB",
    "refcode_2": "6",
    "refcode_3": "",
    "refcode_4": "",
    "refcode_short": "",
    "refcode_long": "",
    "element_type": "p",
    "element_subtype": "blockquote-indented",
    "content": "Complete mental and physical inaction was prescribed for invalids. Ellen White rejected this concept. (<em>Ibid</em>)",
    "puborder": 76,
    "translations": []
  },
  {
    "para_id": "701.85",
    "id_prev": "701.84",
    "id_next": "701.86",
    "refcode_1": "WDEGWB",
    "refcode_2": "6",
    "refcode_3": "5",
    "refcode_4": "",
    "refcode_short": "WDEGWB 6.5",
    "refcode_long": "Why Did Ellen G. White Borrow?, p. 6.5 (Paul A. Gordon)",
    "element_type": "p",
    "element_subtype": "standard-indented",
    "content": "After leaving Dansville, the Whites went to Rochester, New York, where she had a vision on December 25, 1865, which included the following instruction:",
    "puborder": 77,
    "translations": []
  },
  {
    "para_id": "701.86",
    "id_prev": "701.85",
    "id_next": "701.88",
    "refcode_1": "WDEGWB",
    "refcode_2": "6",
    "refcode_3": "",
    "refcode_4": "",
    "refcode_short": "",
    "refcode_long": "",
    "element_type": "p",
    "element_subtype": "blockquote-indented",
    "content": "I was shown that we should provide a home for the afflicted and those who wish to learn how to take care of their bodies that they may prevent sickness.... Sabbathkeepers should open a way for those of like precious faith to be benefited without their being under the necessity of expending their means at institutions where their faith and religious principles are endangered (<span class=\"egwlink egwlink_book\" title=\"1T 489.1\" data-link=\"116.2288\">Testimonies for the Church 1:489, 490</span>).",
    "puborder": 78,
    "translations": []
  },
  {
    "para_id": "701.88",
    "id_prev": "701.86",
    "id_next": "701.89",
    "refcode_1": "WDEGWB",
    "refcode_2": "7",
    "refcode_3": "1",
    "refcode_4": "",
    "refcode_short": "WDEGWB 7.1",
    "refcode_long": "Why Did Ellen G. White Borrow?, p. 7.1 (Paul A. Gordon)",
    "element_type": "p",
    "element_subtype": "standard-indented",
    "content": "What did she do? Evaluating, comparing, she saw that everything must be accepted based on vision. It was necessary to use the &ldquo;gospel sieve.&rdquo; There was to be no gathering of &ldquo;the chaff with the wheat.&rdquo; It is evident that there was no dependency on other health reformers as sources of truth. Some of what they did was accepted, and some rejected&mdash;based on what God had shown her.",
    "puborder": 79,
    "translations": []
  },
  {
    "para_id": "701.89",
    "id_prev": "701.88",
    "id_next": "701.90",
    "refcode_1": "WDEGWB",
    "refcode_2": "7",
    "refcode_3": "2",
    "refcode_4": "",
    "refcode_short": "WDEGWB 7.2",
    "refcode_long": "Why Did Ellen G. White Borrow?, p. 7.2 (Paul A. Gordon)",
    "element_type": "p",
    "element_subtype": "standard-indented",
    "content": "D E Robinson, one of Ellen White&rsquo;s secretaries, and author of the book <em>The Story of Our Health Message,</em> acknowledges that other health reformers were lecturing and writing in many of the same areas she was, but observed:",
    "puborder": 80,
    "translations": []
  },
  {
    "para_id": "701.90",
    "id_prev": "701.89",
    "id_next": "701.91",
    "refcode_1": "WDEGWB",
    "refcode_2": "7",
    "refcode_3": "",
    "refcode_4": "",
    "refcode_short": "",
    "refcode_long": "",
    "element_type": "p",
    "element_subtype": "blockquote-indented",
    "content": "That fact was not left for the discovery of critics many years later, who might thereby assume that Mrs White merely copied from others in her advocacy of health principles (<span class=\"egwlink egwlink_book\" title=\"SHM 80.1\" data-link=\"2738.483\">The Story of Our Health Message, 80</span>).",
    "puborder": 81,
    "translations": []
  },
  {
    "para_id": "701.91",
    "id_prev": "701.90",
    "id_next": "701.92",
    "refcode_1": "WDEGWB",
    "refcode_2": "7",
    "refcode_3": "3",
    "refcode_4": "",
    "refcode_short": "WDEGWB 7.3",
    "refcode_long": "Why Did Ellen G. White Borrow?, p. 7.3 (Paul A. Gordon)",
    "element_type": "p",
    "element_subtype": "standard-indented",
    "content": "J H Waggoner made the following observation at the time:",
    "puborder": 82,
    "translations": []
  },
  {
    "para_id": "701.92",
    "id_prev": "701.91",
    "id_next": "701.93",
    "refcode_1": "WDEGWB",
    "refcode_2": "7",
    "refcode_3": "",
    "refcode_4": "",
    "refcode_short": "",
    "refcode_long": "",
    "element_type": "p",
    "element_subtype": "blockquote-indented",
    "content": "We do not profess to be pioneers in the general principles of the health reform. The facts on which this movement is based have been elaborated, in a great measure, by reformers, physicians, and writers on physiology and hygiene, and so may be found scattered through the land. But we do claim that by the method of God&rsquo;s choice it has been more clearly and powerfully unfolded, and is thereby producing an effect which we could not have looked for from any other source.",
    "puborder": 83,
    "translations": []
  },
  {
    "para_id": "701.93",
    "id_prev": "701.92",
    "id_next": "701.94",
    "refcode_1": "WDEGWB",
    "refcode_2": "7",
    "refcode_3": "",
    "refcode_4": "",
    "refcode_short": "",
    "refcode_long": "",
    "element_type": "p",
    "element_subtype": "blockquote-indented",
    "content": "As mere physiological and hygienic truths, they might be studied by some at their leisure, and by others laid aside as of little consequence, but when placed on a level with the great truths of the third angel&rsquo;s message by the sanction and authority of God&rsquo;s Spirit, and so declared to be the means whereby a weak people may be made strong to overcome, and our diseased bodies cleansed, and fitted for translation, then it comes to us as an essential part of present truth, to be received with the blessing of God, or rejected at our peril (<span class=\"egw-no-link\" title=\"RH 8-7-1866\">The Review and Herald, August 7, 1866</span>; <span class=\"egwlink egwlink_book\" title=\"SHM 79.1\" data-link=\"2738.476\">The Story of Our Health Message, 79, 80</span>).",
    "puborder": 84,
    "translations": []
  },
  {
    "para_id": "701.94",
    "id_prev": "701.93",
    "id_next": "701.95",
    "refcode_1": "WDEGWB",
    "refcode_2": "7",
    "refcode_3": "4",
    "refcode_4": "",
    "refcode_short": "WDEGWB 7.4",
    "refcode_long": "Why Did Ellen G. White Borrow?, p. 7.4 (Paul A. Gordon)",
    "element_type": "p",
    "element_subtype": "standard-indented",
    "content": "Early in her experience as a health reformer, Ellen White said she avoided reading what others had written &ldquo;lest it should be said that I had received my light upon the subject of health reform from physicians and not from the Lord (<span class=\"egwlink egwlink_book\" title=\"RH 10-8-1867\" data-link=\"821.726\">The Review and Herald, October 8, 1867</span>; <span class=\"egwlink egwlink_book\" title=\"3SM 277.1\" data-link=\"100.1652\">Selected Messages 3:277</span>).&rdquo;",
    "puborder": 85,
    "translations": []
  },
  {
    "para_id": "701.95",
    "id_prev": "701.94",
    "id_next": "701.96",
    "refcode_1": "WDEGWB",
    "refcode_2": "7",
    "refcode_3": "5",
    "refcode_4": "",
    "refcode_short": "WDEGWB 7.5",
    "refcode_long": "Why Did Ellen G. White Borrow?, p. 7.5 (Paul A. Gordon)",
    "element_type": "p",
    "element_subtype": "standard-indented",
    "content": "In her later writing, however, she <em>purposely</em> compared what others had written with what she had written. Her health message was a unique program, and not a duplication of any health reformer of her day.",
    "puborder": 86,
    "translations": []
  },
  {
    "para_id": "701.96",
    "id_prev": "701.95",
    "id_next": "701.97",
    "refcode_1": "WDEGWB",
    "refcode_2": "7",
    "refcode_3": "6",
    "refcode_4": "",
    "refcode_short": "WDEGWB 7.6",
    "refcode_long": "Why Did Ellen G. White Borrow?, p. 7.6 (Paul A. Gordon)",
    "element_type": "p",
    "element_subtype": "standard-noindent",
    "content": "<em>2. History and the controversy theme</em>",
    "puborder": 87,
    "translations": []
  },
  {
    "para_id": "701.97",
    "id_prev": "701.96",
    "id_next": "701.99",
    "refcode_1": "WDEGWB",
    "refcode_2": "7",
    "refcode_3": "7",
    "refcode_4": "",
    "refcode_short": "WDEGWB 7.7",
    "refcode_long": "Why Did Ellen G. White Borrow?, p. 7.7 (Paul A. Gordon)",
    "element_type": "p",
    "element_subtype": "standard-indented",
    "content": "Ellen White wrote history of several kinds. She recorded the early Advent experience in which she participated. She made detailed commentary on the Bible record. She also traced church history after Bible times, with special focus on the Protestant reformation. Important differences can be noticed between her early and later writing of history.",
    "puborder": 88,
    "translations": []
  },
  {
    "para_id": "701.99",
    "id_prev": "701.97",
    "id_next": "701.100",
    "refcode_1": "WDEGWB",
    "refcode_2": "8",
    "refcode_3": "1",
    "refcode_4": "",
    "refcode_short": "WDEGWB 8.1",
    "refcode_long": "Why Did Ellen G. White Borrow?, p. 8.1 (Paul A. Gordon)",
    "element_type": "p",
    "element_subtype": "standard-indented",
    "content": "First, the early history was filled with such phrases as &ldquo;I saw,&rdquo; &ldquo;I was shown,&rdquo; or &ldquo;I was carried back,&rdquo; indicating that her writing was based on visions. The earliest controversy account, written in 1858, contained many such phrases. Written for an Adventist audience, this account is today the latter part of the book <em>Early Writings</em>. The first half of this same book is a reproduction of her first book published in 1851. It also contains many of the same phrases.",
    "puborder": 89,
    "translations": []
  },
  {
    "para_id": "701.100",
    "id_prev": "701.99",
    "id_next": "701.101",
    "refcode_1": "WDEGWB",
    "refcode_2": "8",
    "refcode_3": "2",
    "refcode_4": "",
    "refcode_short": "WDEGWB 8.2",
    "refcode_long": "Why Did Ellen G. White Borrow?, p. 8.2 (Paul A. Gordon)",
    "element_type": "p",
    "element_subtype": "standard-indented",
    "content": "Second, as Ellen White developed the controversy story into the books we call the &ldquo;Conflict of the Ages,&rdquo; which include <em>The Desire of Ages</em> and <em>The Great Controversy,</em> these phrases disappeared. She did this deliberately. As later readers included many non-Adventists, she did not want such phrases to raise questions or bring confusion to those who were not acquainted with visions.",
    "puborder": 90,
    "translations": []
  },
  {
    "para_id": "701.101",
    "id_prev": "701.100",
    "id_next": "701.102",
    "refcode_1": "WDEGWB",
    "refcode_2": "8",
    "refcode_3": "3",
    "refcode_4": "",
    "refcode_short": "WDEGWB 8.3",
    "refcode_long": "Why Did Ellen G. White Borrow?, p. 8.3 (Paul A. Gordon)",
    "element_type": "p",
    "element_subtype": "standard-indented",
    "content": "Third, she did something else. She concentrated in later writing on well-known historical events, both in the Bible and secular history. Marian Davis, her major literary assistant in the preparation of <em>The Desire of Ages,</em> makes this point:",
    "puborder": 91,
    "translations": []
  },
  {
    "para_id": "701.102",
    "id_prev": "701.101",
    "id_next": "701.103",
    "refcode_1": "WDEGWB",
    "refcode_2": "8",
    "refcode_3": "",
    "refcode_4": "",
    "refcode_short": "",
    "refcode_long": "",
    "element_type": "p",
    "element_subtype": "blockquote-indented",
    "content": "Since these books are sent out without explanation as to the authority by which the author speaks, it was thought best to avoid, as far as we could, statements for which the Bible seems to furnish no proof, or which to the ordinary reader appear to contradict the Bible. Better to give the reader what they will accept and profit by than to excite criticism and questioning that will lead them to discredit the whole (Marian Davis letter to Edson White, December 22, 1898).",
    "puborder": 92,
    "translations": []
  },
  {
    "para_id": "701.103",
    "id_prev": "701.102",
    "id_next": "701.104",
    "refcode_1": "WDEGWB",
    "refcode_2": "8",
    "refcode_3": "4",
    "refcode_4": "",
    "refcode_short": "WDEGWB 8.4",
    "refcode_long": "Why Did Ellen G. White Borrow?, p. 8.4 (Paul A. Gordon)",
    "element_type": "p",
    "element_subtype": "standard-indented",
    "content": "What is Marian Davis saying? Simply that as <em>The Desire of Ages</em> was prepared with a large non-Adventist readership likely, that Ellen White chose to comment only on clear Bible accounts.",
    "puborder": 93,
    "translations": []
  },
  {
    "para_id": "701.104",
    "id_prev": "701.103",
    "id_next": "701.105",
    "refcode_1": "WDEGWB",
    "refcode_2": "8",
    "refcode_3": "5",
    "refcode_4": "",
    "refcode_short": "WDEGWB 8.5",
    "refcode_long": "Why Did Ellen G. White Borrow?, p. 8.5 (Paul A. Gordon)",
    "element_type": "p",
    "element_subtype": "standard-indented",
    "content": "The same procedure was followed in <em>The Great Controversy</em> in its later editions. When the 1888 edition appeared after her years in Europe, Ellen White wrote an introduction that really serves for the entire expanded controversy story in the five books of the &ldquo;Conflict of the Ages&rdquo; series. In this introduction she speaks of her use of historians as follows:",
    "puborder": 94,
    "translations": []
  },
  {
    "para_id": "701.105",
    "id_prev": "701.104",
    "id_next": "701.106",
    "refcode_1": "WDEGWB",
    "refcode_2": "8",
    "refcode_3": "",
    "refcode_4": "",
    "refcode_short": "",
    "refcode_long": "",
    "element_type": "p",
    "element_subtype": "blockquote-indented",
    "content": "In some cases where a historian has so grouped together events as to afford in brief, a comprehensive view of the subject, or has summarized details in a convenient manner, his words have been quoted; but in some instances no specific credit has been given, since the quotations are not given for the purpose of citing that writer as authority, but because his statement affords a ready and forcible presentation of the subject. In narrating the experience and views of those carrying forward the work of reform in our own time, similar use has been made of their published works (<em>GC</em> xii).",
    "puborder": 95,
    "translations": []
  },
  {
    "para_id": "701.106",
    "id_prev": "701.105",
    "id_next": "701.107",
    "refcode_1": "WDEGWB",
    "refcode_2": "8",
    "refcode_3": "6",
    "refcode_4": "",
    "refcode_short": "WDEGWB 8.6",
    "refcode_long": "Why Did Ellen G. White Borrow?, p. 8.6 (Paul A. Gordon)",
    "element_type": "p",
    "element_subtype": "standard-indented",
    "content": "W C White, her son, supports these comments:",
    "puborder": 96,
    "translations": []
  },
  {
    "para_id": "701.107",
    "id_prev": "701.106",
    "id_next": "701.110",
    "refcode_1": "WDEGWB",
    "refcode_2": "8",
    "refcode_3": "",
    "refcode_4": "",
    "refcode_short": "",
    "refcode_long": "",
    "element_type": "p",
    "element_subtype": "blockquote-indented",
    "content": "She expressed confidence in the historians from whom she had drawn, but never would consent to the course pursued by a few men who took her <span class=\"page-break\" data-page=\"9\"></span> writings as a standard and endeavored by the use of them to prove the correctness of one historian as against the correctness of another. From this I gained the impression that the principle use of the passages quoted from historians was not to make a new history, not to correct errors in history, but to use valuable illustrations to make plain important spiritual truths (Letter to L E Froom, February 18, 1932).",
    "puborder": 97,
    "translations": []
  },
  {
    "para_id": "701.110",
    "id_prev": "701.107",
    "id_next": "701.111",
    "refcode_1": "WDEGWB",
    "refcode_2": "9",
    "refcode_3": "1",
    "refcode_4": "",
    "refcode_short": "WDEGWB 9.1",
    "refcode_long": "Why Did Ellen G. White Borrow?, p. 9.1 (Paul A. Gordon)",
    "element_type": "p",
    "element_subtype": "standard-indented",
    "content": "Ellen White, then, commented on historical events that could be clearly substantiated from available accounts. When the 1911 edition of The <em>Great Controversy</em> was being prepared, there was some changing of historical references. In a statement approved by Ellen White, her son spoke of what was done:",
    "puborder": 98,
    "translations": []
  },
  {
    "para_id": "701.111",
    "id_prev": "701.110",
    "id_next": "701.112",
    "refcode_1": "WDEGWB",
    "refcode_2": "9",
    "refcode_3": "",
    "refcode_4": "",
    "refcode_short": "",
    "refcode_long": "",
    "element_type": "p",
    "element_subtype": "blockquote-indented",
    "content": "In a few places where there were statements regarding the papacy which are strongly disputed by Roman Catholics, and which are difficult to prove from accessible histories, the wording of the new edition has been so changed that the statement falls easily within the range of evidence that is readily available (see <span class=\"egwlink egwlink_book\" title=\"3SM 434.1\" data-link=\"100.2640\">Selected Messages 3:434-440</span>).",
    "puborder": 99,
    "translations": []
  },
  {
    "para_id": "701.112",
    "id_prev": "701.111",
    "id_next": "701.113",
    "refcode_1": "WDEGWB",
    "refcode_2": "9",
    "refcode_3": "2",
    "refcode_4": "",
    "refcode_short": "WDEGWB 9.2",
    "refcode_long": "Why Did Ellen G. White Borrow?, p. 9.2 (Paul A. Gordon)",
    "element_type": "p",
    "element_subtype": "standard-indented",
    "content": "W C White then quotes her:",
    "puborder": 100,
    "translations": []
  },
  {
    "para_id": "701.113",
    "id_prev": "701.112",
    "id_next": "701.114",
    "refcode_1": "WDEGWB",
    "refcode_2": "9",
    "refcode_3": "",
    "refcode_4": "",
    "refcode_short": "",
    "refcode_long": "",
    "element_type": "p",
    "element_subtype": "blockquote-indented",
    "content": "Mother has often said: &ldquo;What I have written regarding the arrogance and assumptions of the papacy is true. Much historical evidence regarding these matters has been designedly destroyed; nevertheless, that the book may be of the greatest benefit to Catholics and others, and that needless controversies may be avoided, it is better to have all statements regarding the assumptions of the pope and the claims of the papacy stated so moderately as to be easily and clearly proved from accepted histories that are within the reach of our ministers and students&rdquo; (<em>Ibid</em>).",
    "puborder": 101,
    "translations": []
  },
  {
    "para_id": "701.114",
    "id_prev": "701.113",
    "id_next": "701.115",
    "refcode_1": "WDEGWB",
    "refcode_2": "9",
    "refcode_3": "3",
    "refcode_4": "",
    "refcode_short": "WDEGWB 9.3",
    "refcode_long": "Why Did Ellen G. White Borrow?, p. 9.3 (Paul A. Gordon)",
    "element_type": "p",
    "element_subtype": "standard-indented",
    "content": "As work on the 1911 edition of <em>The Great Controversy</em> continued, it was noted that there were discrepancies in some quotations because more than one translation had been used. W C White says:",
    "puborder": 102,
    "translations": []
  },
  {
    "para_id": "701.115",
    "id_prev": "701.114",
    "id_next": "701.116",
    "refcode_1": "WDEGWB",
    "refcode_2": "9",
    "refcode_3": "",
    "refcode_4": "",
    "refcode_short": "",
    "refcode_long": "",
    "element_type": "p",
    "element_subtype": "blockquote-indented",
    "content": "She [Ellen White] instructed us to verify the quotations, and to correct any inaccuracies found; and where quotations were made from passages that were rendered differently by different translators, to use that translation which was found to be most correct and authentic. (<em>Ibid</em>).",
    "puborder": 103,
    "translations": []
  },
  {
    "para_id": "701.116",
    "id_prev": "701.115",
    "id_next": "701.117",
    "refcode_1": "WDEGWB",
    "refcode_2": "9",
    "refcode_3": "4",
    "refcode_4": "",
    "refcode_short": "WDEGWB 9.4",
    "refcode_long": "Why Did Ellen G. White Borrow?, p. 9.4 (Paul A. Gordon)",
    "element_type": "p",
    "element_subtype": "standard-indented",
    "content": "In early years, when Ellen White wrote for an Adventist audience, the visions were prominent. In fact, her work in early years was often referred to by her and others as &ldquo;the visions.&rdquo; The visions continued all her life. But her later writing, especially in the controversy story, made more use of other writers. But from beginning to end she did something that other writers could not do. She spoke of the actions of Christ and Satan behind the scenes. Her description of the Bible certainly fits her own experience as a modern prophetic voice:",
    "puborder": 104,
    "translations": []
  },
  {
    "para_id": "701.117",
    "id_prev": "701.116",
    "id_next": "701.120",
    "refcode_1": "WDEGWB",
    "refcode_2": "9",
    "refcode_3": "",
    "refcode_4": "",
    "refcode_short": "",
    "refcode_long": "",
    "element_type": "p",
    "element_subtype": "blockquote-indented",
    "content": "In the annals of human history, the growth of nations, the rise and fall of empires, appear as if dependent on the will and prowess of man; <span class=\"page-break\" data-page=\"10\"></span> the shaping of events seems, to a great degree, to be determined by his power, ambition, or caprice. But in the word of God the curtain is drawn aside, and we behold, above, behind, and through all the play and counterplay of human interest and power and passions, the agencies of the All-Merciful One, silently, patiently working out the counsels of His own will (<span class=\"egwlink egwlink_book\" title=\"PK 499.1\" data-link=\"88.2215\">Prophets and Kings, 499, 500</span>).",
    "puborder": 105,
    "translations": []
  },
  {
    "para_id": "701.120",
    "id_prev": "701.117",
    "id_next": "701.121",
    "refcode_1": "WDEGWB",
    "refcode_2": "10",
    "refcode_3": "1",
    "refcode_4": "",
    "refcode_short": "WDEGWB 10.1",
    "refcode_long": "Why Did Ellen G. White Borrow?, p. 10.1 (Paul A. Gordon)",
    "element_type": "p",
    "element_subtype": "standard-indented",
    "content": "In her historical writing, Ellen White clearly did not intend her account to be the standard by which all histories should be judged. After all, she had used <em>their</em> accounts to help tell the story. When she was writing <em>Sketches from the Life of Paul,</em> she supported an advertisement for a book from which she had quoted often:",
    "puborder": 106,
    "translations": []
  },
  {
    "para_id": "701.121",
    "id_prev": "701.120",
    "id_next": "701.122",
    "refcode_1": "WDEGWB",
    "refcode_2": "10",
    "refcode_3": "",
    "refcode_4": "",
    "refcode_short": "",
    "refcode_long": "",
    "element_type": "p",
    "element_subtype": "blockquote-indented",
    "content": "<em>The Life of St Paul</em> by Conybeare and Howson I regard as a book of great merit, and one of rare usefulness to the earnest student of the New Testament history (<span class=\"egwlink egwlink_book\" title=\"ST 2-22-1883\" data-link=\"820.21687\">The Signs of the Times, February 22, 1883</span>).",
    "puborder": 107,
    "translations": []
  },
  {
    "para_id": "701.122",
    "id_prev": "701.121",
    "id_next": "701.123",
    "refcode_1": "WDEGWB",
    "refcode_2": "10",
    "refcode_3": "2",
    "refcode_4": "",
    "refcode_short": "WDEGWB 10.2",
    "refcode_long": "Why Did Ellen G. White Borrow?, p. 10.2 (Paul A. Gordon)",
    "element_type": "p",
    "element_subtype": "standard-indented",
    "content": "Earlier she recommended L&rsquo;Aubigne&rsquo;s <em>History of the Reformation</em>, from which she borrowed material for <em>The Great Controversy.</em> (See <span class=\"egw-no-link\" title=\"RH 12-25-1882\">The Review and Herald, December 25, 1882</span>.) An obvious conclusion may be drawn&mdash;she had no intention of covering up or hiding her borrowing from others.",
    "puborder": 108,
    "translations": []
  },
  {
    "para_id": "701.123",
    "id_prev": "701.122",
    "id_next": "701.124",
    "refcode_1": "WDEGWB",
    "refcode_2": "10",
    "refcode_3": "3",
    "refcode_4": "",
    "refcode_short": "WDEGWB 10.3",
    "refcode_long": "Why Did Ellen G. White Borrow?, p. 10.3 (Paul A. Gordon)",
    "element_type": "p",
    "element_subtype": "standard-indented",
    "content": "Ellen White&rsquo;s closing comments in <em>The Great Controversy</em> introduction sum up her purpose in historical writing:",
    "puborder": 109,
    "translations": []
  },
  {
    "para_id": "701.124",
    "id_prev": "701.123",
    "id_next": "701.125",
    "refcode_1": "WDEGWB",
    "refcode_2": "10",
    "refcode_3": "",
    "refcode_4": "",
    "refcode_short": "",
    "refcode_long": "",
    "element_type": "p",
    "element_subtype": "blockquote-indented",
    "content": "To unfold the scenes of the great controversy between truth and error; to reveal the wiles of Satan, and the means by which he may be successfully resisted; to present a satisfactory solution of the great problem of evil, shedding such a light upon the origin and final disposition of sin as to make fully manifest the justice and benevolence of God in all His dealings with His creatures; and to show the holy, unchanging nature of His law, is the object of this book (<span class=\"egwlink egwlink_book\" title=\"GC 12.1\" data-link=\"132.58\">The Great Controversy, 12</span>).",
    "puborder": 110,
    "translations": []
  }
]