[
  {
    "para_id": "493.298",
    "id_prev": "493.297",
    "id_next": "493.299",
    "refcode_1": "BEcho",
    "refcode_2": "",
    "refcode_3": "",
    "refcode_4": "1892",
    "refcode_short": "BEcho February 1,  1892",
    "refcode_long": "Bible Echo and Signs of the Times February 1,  1892",
    "element_type": "h3",
    "element_subtype": "",
    "content": "February 1, 1892",
    "puborder": 288,
    "translations": []
  },
  {
    "para_id": "493.299",
    "id_prev": "493.298",
    "id_next": "493.300",
    "refcode_1": "BEcho",
    "refcode_2": "",
    "refcode_3": "",
    "refcode_4": "1892",
    "refcode_short": "BEcho February 1,  1892",
    "refcode_long": "Bible Echo and Signs of the Times February 1,  1892",
    "element_type": "h5",
    "element_subtype": "",
    "content": "&ldquo;Ye are Complete in Him&rdquo;",
    "puborder": 289,
    "translations": []
  },
  {
    "para_id": "493.300",
    "id_prev": "493.299",
    "id_next": "493.301",
    "refcode_1": "BEcho",
    "refcode_2": "",
    "refcode_3": "",
    "refcode_4": "1892",
    "refcode_short": "",
    "refcode_long": "",
    "element_type": "p",
    "element_subtype": "periodicalauthor",
    "content": "EGW",
    "puborder": 290,
    "translations": []
  },
  {
    "para_id": "493.301",
    "id_prev": "493.300",
    "id_next": "493.302",
    "refcode_1": "BEcho",
    "refcode_2": "",
    "refcode_3": "",
    "refcode_4": "1892",
    "refcode_short": "",
    "refcode_long": "",
    "element_type": "p",
    "element_subtype": "center",
    "content": "[<span class=\"non-egw-comment\">A discourse in Melbourne December 19, 1891</span>.]",
    "puborder": 291,
    "translations": []
  },
  {
    "para_id": "493.302",
    "id_prev": "493.301",
    "id_next": "493.304",
    "refcode_1": "BEcho",
    "refcode_2": "",
    "refcode_3": "",
    "refcode_4": "1892",
    "refcode_short": "",
    "refcode_long": "",
    "element_type": "p",
    "element_subtype": "center",
    "content": "(<em>Continued</em>.)",
    "puborder": 292,
    "translations": []
  },
  {
    "para_id": "493.304",
    "id_prev": "493.302",
    "id_next": "493.305",
    "refcode_1": "BEcho",
    "refcode_2": "",
    "refcode_3": "",
    "refcode_4": "1892",
    "refcode_short": "",
    "refcode_long": "",
    "element_type": "p",
    "element_subtype": "standard-noindent",
    "content": "Text: <span class=\"egwlink egwlink_bible\" title=\"Colossians 2:1\" data-link=\"1965.60153\">Colossians 2:1-10</span>.",
    "puborder": 293,
    "translations": []
  },
  {
    "para_id": "493.305",
    "id_prev": "493.304",
    "id_next": "493.306",
    "refcode_1": "BEcho",
    "refcode_2": "",
    "refcode_3": "",
    "refcode_4": "1892",
    "refcode_short": "BEcho February 1,  1892, par. 1",
    "refcode_long": "Bible Echo and Signs of the Times February 1,  1892, paragraph 1",
    "element_type": "p",
    "element_subtype": "standard-indented",
    "content": "We should take time to study the Bible; for we must know what saith the Scripture. The Bible is the garden of God, and as we see the lovely flowers of promise that have been placed there, we should gather them to our souls. For &ldquo;exceeding great and precious promises&rdquo; are given unto us, that by these we might become &ldquo;partakers of the divine nature, having escaped the corruption that is in the world through lust.&rdquo;",
    "puborder": 294,
    "translations": []
  },
  {
    "para_id": "493.306",
    "id_prev": "493.305",
    "id_next": "493.307",
    "refcode_1": "BEcho",
    "refcode_2": "",
    "refcode_3": "",
    "refcode_4": "1892",
    "refcode_short": "BEcho February 1,  1892, par. 2",
    "refcode_long": "Bible Echo and Signs of the Times February 1,  1892, paragraph 2",
    "element_type": "p",
    "element_subtype": "standard-indented",
    "content": "&ldquo;Wherefore come out from among them, and be ye separate, saith the Lord, and touch not the unclean; and I will receive you, and will be a Father unto you, and ye shall be my sons and daughters, saith the Lord Almighty.&rdquo; Does this mean that you are not to associate with the world?&mdash;No; for how can you bring to them the light of truth if you do not come in contact with them? But you cannot do them good if your association with the world leads you to beg the world&apos;s pardon for your faith in Christ; for then you do not mould the world, but the world moulds you. Jesus has signified what is to be your position in the world. He says, &ldquo;Ye are the light of the world.&rdquo; &ldquo;He that followeth me shall not walk in darkness, but shall have the light of life.&rdquo;",
    "puborder": 295,
    "translations": []
  },
  {
    "para_id": "493.307",
    "id_prev": "493.306",
    "id_next": "493.308",
    "refcode_1": "BEcho",
    "refcode_2": "",
    "refcode_3": "",
    "refcode_4": "1892",
    "refcode_short": "BEcho February 1,  1892, par. 3",
    "refcode_long": "Bible Echo and Signs of the Times February 1,  1892, paragraph 3",
    "element_type": "p",
    "element_subtype": "standard-indented",
    "content": "Since God has given us this assurance, why is it that we see so many clouded, mixed experiences? It is because many of the professed followers of Christ have given heed to seducing spirits and doctrines of devils. It is because they have not responded to the drawing of Christ. When you do this, you draw others to him by your consistent life and Christian example: for by faith you become rooted and grounded in the truth. You must search the precious Word of God, that you may know what is truth. Jesus prayed that his disciples might be sanctified through the truth. And no one can be safe in thinking that he can permit himself to indulge in any sin, however secret it may be; for God requires truth in the inward parts, and in the hidden parts wisdom. You need not feel complacency because you are sure that your brethren do not know of your misdeeds. Does not One who is acquainted with your brethren know all about your life? Does not he read your heart as an open book? You cannot indulge in any sin, and still be a witness for the Lord, for in works you deny him. Where is the holy boldness that should characterize your faith and prayers, because you are not condemned before man and God, but can lift up holy hands without wrath or doubting? Where is your ringing testimony on the side of truth? If you are indulging in known sin, you cannot utter words to the glory of God, because there is something in your heart that condemns you. The Spirit of God is not in your soul. But let the heart with all its affections be just where it belongs, surrendered to God, and you will have joy and peace in the Holy Ghost. Your intellect, your ability, your powers of soul, body, and spirit, have been purchased at an infinite price by the Son of God, and they all belong to him. And yet though Christ has redeemed men, how few render to him that which is his own. How many rob him in thought and in service. O, shall we not gird up the loins of our minds, and bring into captivity every thought to the obedience of Christ, and hope unto the end for the grace that shall be given unto us at the revelation of Jesus Christ?",
    "puborder": 296,
    "translations": []
  },
  {
    "para_id": "493.308",
    "id_prev": "493.307",
    "id_next": "493.309",
    "refcode_1": "BEcho",
    "refcode_2": "",
    "refcode_3": "",
    "refcode_4": "1892",
    "refcode_short": "BEcho February 1,  1892, par. 4",
    "refcode_long": "Bible Echo and Signs of the Times February 1,  1892, paragraph 4",
    "element_type": "p",
    "element_subtype": "standard-indented",
    "content": "You cannot enter heaven with any deformity or imperfection of character, and you must be fitted for heaven now in this probationary life. If you would enter the abode of the righteous when Christ shall come, you must have the deep movings of the Spirit of God, that you may have an individual experience, and be complete in Him who is the fulness of the Godhead bodily. Through the power of the righteousness of Christ, we are to depart from all iniquity. There must be a living connection of the soul with its Redeemer. The channel of communication must be open continually between man and his God, that the soul may grow in grace and in the knowledge of the Lord. But how many do not pray. They feel under condemnation for sin, and they think they must not come to God until they have done something to merit his favor, or until God has forgotten about their transgressions. They say, &ldquo;I cannot hold up holy hands before God without wrath or doubting, and therefore I cannot come.&rdquo; So they remain away from Christ, and are committing sin all the time in so doing, for without him you can do nothing but evil. Just as soon as you commit sin, you should flee to the throne of grace, and tell Jesus all about it. You should be filled with sorrow for sin, because through sin you have weakened your own spirituality, grieved the heavenly angels, and wounded and bruised the loving heart of your Redeemer. When you have asked Jesus in contrition of soul for his forgiveness, believe that he has forgiven you. Do not doubt his divine mercy, or refuse the comfort of his infinite love.",
    "puborder": 297,
    "translations": []
  },
  {
    "para_id": "493.309",
    "id_prev": "493.308",
    "id_next": "493.310",
    "refcode_1": "BEcho",
    "refcode_2": "",
    "refcode_3": "",
    "refcode_4": "1892",
    "refcode_short": "BEcho February 1,  1892, par. 5",
    "refcode_long": "Bible Echo and Signs of the Times February 1,  1892, paragraph 5",
    "element_type": "p",
    "element_subtype": "standard-indented",
    "content": "If your child had disobeyed you, and committed wrong against you, and that child should come with a breaking heart to ask forgiveness, you know what you would do. You know how quickly you would draw your child to your heart, and assure him that your love was unchanged, and his transgressions forgiven. Are you more merciful than your merciful Heavenly Father, who so loved the world that he &ldquo;gave his only begotten Son, that whosoever believeth in him should not perish, but have everlasting life&rdquo;? You should go to God as children go to their parents. Ask your Heavenly Father to forgive your errors, and pray that through the grace of Christ you may be able to overcome every defect of your character.",
    "puborder": 298,
    "translations": []
  },
  {
    "para_id": "493.310",
    "id_prev": "493.309",
    "id_next": "493.311",
    "refcode_1": "BEcho",
    "refcode_2": "",
    "refcode_3": "",
    "refcode_4": "1892",
    "refcode_short": "BEcho February 1,  1892, par. 6",
    "refcode_long": "Bible Echo and Signs of the Times February 1,  1892, paragraph 6",
    "element_type": "p",
    "element_subtype": "standard-indented",
    "content": "Jesus came to this world to save his people from their sins. He will not save us in our sins, for he is not the minister of sin. We must respond to the divine drawing of Christ, and repent of our sins, and unite ourselves to Christ as the branch is united to the vine. Jesus says, &ldquo;And I, if I be lifted up from the earth, will draw all men unto me.&rdquo; Jesus is drawing all men; who will respond to this drawing? Many will be greatly influenced by the life and example of those who profess to have responded to this divine love that is drawing the hearts of men. Many will watch you who profess his name, to see whether it makes you better men and better women. They will watch to see if you are Christlike, kind and courteous in your family. The Lord has said, &ldquo;By their fruits ye shall know them.&rdquo;",
    "puborder": 299,
    "translations": []
  },
  {
    "para_id": "493.311",
    "id_prev": "493.310",
    "id_next": "493.312",
    "refcode_1": "BEcho",
    "refcode_2": "",
    "refcode_3": "",
    "refcode_4": "1892",
    "refcode_short": "BEcho February 1,  1892, par. 7",
    "refcode_long": "Bible Echo and Signs of the Times February 1,  1892, paragraph 7",
    "element_type": "p",
    "element_subtype": "standard-indented",
    "content": "Your home life is an index to your Christianity. What a man is in his family, is just what he is in the sight of God. Those who profess to be followers of Christ will reveal just what is their attitude towards Christ in the home circle. As the mothers brought their children to Christ that he might place his hands upon them, and bless them, so parents should take their children to him today. Talk to your children of Jesus, tell them of his love, and how desirous you are to have them Christ&apos;s children. The agencies of heaven will co-operate with you in your work of drawing the children to Jesus.",
    "puborder": 300,
    "translations": []
  },
  {
    "para_id": "493.312",
    "id_prev": "493.311",
    "id_next": "493.313",
    "refcode_1": "BEcho",
    "refcode_2": "",
    "refcode_3": "",
    "refcode_4": "1892",
    "refcode_short": "BEcho February 1,  1892, par. 8",
    "refcode_long": "Bible Echo and Signs of the Times February 1,  1892, paragraph 8",
    "element_type": "p",
    "element_subtype": "standard-indented",
    "content": "God is a lover of the beautiful, but that which he most loves is a beautiful character. These lovely flowers on the desk today are an expression of the love of God to us. Flowers are the adornments that God has made for the earth. Christ has said, &ldquo;Consider the lilies of the field, how they grow; they toil not, neither do they spin; and yet I say unto you, that even Solomon in all his glory was not arrayed like one of these.&rdquo; Jesus tells us that there is something higher for our consideration and aims than what we shall eat, and what we shall drink, and wherewithal we shall be clothed. It is beauty of character that shall not perish, but last through the ceaseless ages of eternity. &ldquo;Whose adorning, let it not be that outward adorning of plaiting the hair, and of wearing of gold, or of putting on of apparel; but let it be the hidden man of the heart, in that which is not corruptible, even the ornament of a meek and quiet spirit, which is in the sight of God of great price.&rdquo; <span class=\"egwlink egwlink_bible\" title=\"1 Peter 3:3\" data-link=\"1965.62071\">1 Peter 3:3, 4</span>.",
    "puborder": 301,
    "translations": []
  },
  {
    "para_id": "493.313",
    "id_prev": "493.312",
    "id_next": "493.314",
    "refcode_1": "BEcho",
    "refcode_2": "",
    "refcode_3": "",
    "refcode_4": "1892",
    "refcode_short": "BEcho February 1,  1892, par. 9",
    "refcode_long": "Bible Echo and Signs of the Times February 1,  1892, paragraph 9",
    "element_type": "p",
    "element_subtype": "standard-indented",
    "content": "Jesus would have the fathers and mothers teach their children this beauty of character. He would have them teach their children that God loves them, that their natures may be changed, and brought into harmony with God. Do not teach your children that God does not love them when they do wrong; teach them that he loves them so that it grieves his Spirit to see them in transgression, because he knows they are doing injury to their souls. Do not terrify your children by telling them of the wrath of God, but rather seek to impress them with his unspeakable love and goodness, and thus let the glory of the Lord be revealed before them.",
    "puborder": 302,
    "translations": []
  },
  {
    "para_id": "493.314",
    "id_prev": "493.313",
    "id_next": "493.315",
    "refcode_1": "BEcho",
    "refcode_2": "",
    "refcode_3": "",
    "refcode_4": "1892",
    "refcode_short": "",
    "refcode_long": "",
    "element_type": "p",
    "element_subtype": "center",
    "content": "(<em>Concluded next number</em>.)",
    "puborder": 303,
    "translations": []
  }
]