[
  {
    "para_id": "41.1223",
    "id_prev": "41.1222",
    "id_next": "41.1224",
    "refcode_1": "LS",
    "refcode_2": "224",
    "refcode_3": "",
    "refcode_4": "126",
    "refcode_short": "LS 224",
    "refcode_long": "Life Sketches of Ellen G. White, p. 224 (Ellen Gould White)",
    "element_type": "h4",
    "element_subtype": "",
    "content": "Walking out by Faith",
    "puborder": 850,
    "translations": [
      {
        "para_id": "798.1272",
        "lang": "de",
        "refcode": "LW 257"
      },
      {
        "para_id": "208.1272",
        "lang": "es",
        "refcode": "NBEW 247"
      },
      {
        "para_id": "13785.1177",
        "lang": "pl",
        "refcode": "ZD 224"
      },
      {
        "para_id": "2686.1226",
        "lang": "ro",
        "refcode": "SVM 224"
      }
    ]
  },
  {
    "para_id": "41.1224",
    "id_prev": "41.1223",
    "id_next": "41.1225",
    "refcode_1": "LS",
    "refcode_2": "224",
    "refcode_3": "3",
    "refcode_4": "",
    "refcode_short": "LS 224.3",
    "refcode_long": "Life Sketches of Ellen G. White, p. 224.3 (Ellen Gould White)",
    "element_type": "p",
    "element_subtype": "standard-indented",
    "content": "We had planned to attend the Ohio and Western camp meetings; but our friends thought that, considering my state of health, it would be presumptuous; so we decided to remain at Battle Creek. Being much of the time a great sufferer, I placed myself under treatment at the Sanitarium.",
    "puborder": 851,
    "translations": [
      {
        "para_id": "798.1273",
        "lang": "de",
        "refcode": "LW 257.1"
      },
      {
        "para_id": "208.1273",
        "lang": "es",
        "refcode": "NBEW 247.1"
      },
      {
        "para_id": "13785.1178",
        "lang": "pl",
        "refcode": "ZD 224.3"
      },
      {
        "para_id": "2686.1227",
        "lang": "ro",
        "refcode": "SVM 224.3"
      }
    ]
  },
  {
    "para_id": "41.1225",
    "id_prev": "41.1224",
    "id_next": "41.1228",
    "refcode_1": "LS",
    "refcode_2": "224",
    "refcode_3": "4",
    "refcode_4": "",
    "refcode_short": "LS 224.4",
    "refcode_long": "Life Sketches of Ellen G. White, p. 224.4 (Ellen Gould White)",
    "element_type": "p",
    "element_subtype": "standard-indented",
    "content": "My husband labored incessantly to advance the interests of the cause of God in the various departments of the work centering in Battle Creek. Before we were aware of it, he was very much worn. Early one morning, he was attacked with giddiness, <span class=\"page-break\" data-page=\"225\"></span> and was threatened with paralysis. We greatly feared this dreadful disease; but the Lord was merciful, and spared us the affliction. However, his attack was followed by great physical and mental prostration; and now, indeed, it seemed impossible for us to attend the Eastern camp meetings, or for me to attend them, and leave my husband depressed in spirits and in feeble health.",
    "puborder": 852,
    "translations": [
      {
        "para_id": "798.1274",
        "lang": "de",
        "refcode": "LW 257.2"
      },
      {
        "para_id": "208.1274",
        "lang": "es",
        "refcode": "NBEW 247.2"
      },
      {
        "para_id": "13785.1179",
        "lang": "pl",
        "refcode": "ZD 224.4"
      },
      {
        "para_id": "2686.1228",
        "lang": "ro",
        "refcode": "SVM 224.4"
      }
    ]
  },
  {
    "para_id": "41.1228",
    "id_prev": "41.1225",
    "id_next": "41.1229",
    "refcode_1": "LS",
    "refcode_2": "225",
    "refcode_3": "1",
    "refcode_4": "",
    "refcode_short": "LS 225.1",
    "refcode_long": "Life Sketches of Ellen G. White, p. 225.1 (Ellen Gould White)",
    "element_type": "p",
    "element_subtype": "standard-indented",
    "content": "I could not, however, find rest and freedom in the thought of remaining away from the field of labor. We took the matter to the Lord in prayer. We knew that the mighty Healer could restore both my husband and myself to health, if it was for His glory so to do. We both decided to walk out by faith, and to venture all on the promises of God.",
    "puborder": 853,
    "translations": [
      {
        "para_id": "798.1275",
        "lang": "de",
        "refcode": "LW 257.3"
      },
      {
        "para_id": "208.1275",
        "lang": "es",
        "refcode": "NBEW 247.3"
      },
      {
        "para_id": "13785.1182",
        "lang": "pl",
        "refcode": "ZD 225.1"
      },
      {
        "para_id": "2686.1231",
        "lang": "ro",
        "refcode": "SVM 225.1"
      }
    ]
  }
]