[
  {
    "para_id": "41.406",
    "id_prev": "41.403",
    "id_next": "41.407",
    "refcode_1": "LS",
    "refcode_2": "79",
    "refcode_3": "",
    "refcode_4": "40",
    "refcode_short": "LS 79",
    "refcode_long": "Life Sketches of Ellen G. White, p. 79 (Ellen Gould White)",
    "element_type": "h4",
    "element_subtype": "",
    "content": "Spiritual Magnetism",
    "puborder": 272,
    "translations": [
      {
        "para_id": "798.424",
        "lang": "de",
        "refcode": "LW 87"
      },
      {
        "para_id": "208.432",
        "lang": "es",
        "refcode": "NBEW 86"
      },
      {
        "para_id": "13785.388",
        "lang": "pl",
        "refcode": "ZD 79"
      },
      {
        "para_id": "2686.402",
        "lang": "ro",
        "refcode": "SVM 79"
      }
    ]
  },
  {
    "para_id": "41.407",
    "id_prev": "41.406",
    "id_next": "41.408",
    "refcode_1": "LS",
    "refcode_2": "79",
    "refcode_3": "1",
    "refcode_4": "",
    "refcode_short": "LS 79.1",
    "refcode_long": "Life Sketches of Ellen G. White, p. 79.1 (Ellen Gould White)",
    "element_type": "p",
    "element_subtype": "standard-indented",
    "content": "In New Hampshire we had to contend with a species of spiritual magnetism, of a similar character with mesmerism. It was our first experience of this kind, and happened thus: Arriving at Claremont, we were told that there were two parties of Adventists, one party denying their former faith, and another a small number who believed that in their past experience they had been led by the providence of God. We were directed to two men especially as holding views similar to our own. We found that there was much prejudice against these men, but supposed that they were persecuted for righteousness&rsquo; sake. We called on them, and were kindly received and courteously treated. We soon learned that they claimed perfect sanctification, declaring that they were above the possibility of sin.",
    "puborder": 273,
    "translations": [
      {
        "para_id": "798.425",
        "lang": "de",
        "refcode": "LW 87.2"
      },
      {
        "para_id": "208.433",
        "lang": "es",
        "refcode": "NBEW 86.2"
      },
      {
        "para_id": "13785.389",
        "lang": "pl",
        "refcode": "ZD 79.1"
      },
      {
        "para_id": "2686.403",
        "lang": "ro",
        "refcode": "SVM 79.1"
      }
    ]
  },
  {
    "para_id": "41.408",
    "id_prev": "41.407",
    "id_next": "41.409",
    "refcode_1": "LS",
    "refcode_2": "79",
    "refcode_3": "2",
    "refcode_4": "",
    "refcode_short": "LS 79.2",
    "refcode_long": "Life Sketches of Ellen G. White, p. 79.2 (Ellen Gould White)",
    "element_type": "p",
    "element_subtype": "standard-indented",
    "content": "These men wore excellent clothes, and had an air of ease and comfort. While we were talking with them, a little boy, about eight years old, and literally clad in dirty rags, entered the room in which we were sitting. We were surprised to find that this child was the son of one of these men. The mother looked exceedingly ashamed and annoyed; but the father, utterly unconcerned, continued to talk about his high spiritual attainments, without the slightest recognition of his little son.",
    "puborder": 274,
    "translations": [
      {
        "para_id": "798.426",
        "lang": "de",
        "refcode": "LW 87.3"
      },
      {
        "para_id": "208.434",
        "lang": "es",
        "refcode": "NBEW 86.3"
      },
      {
        "para_id": "13785.390",
        "lang": "pl",
        "refcode": "ZD 79.2"
      },
      {
        "para_id": "2686.404",
        "lang": "ro",
        "refcode": "SVM 79.2"
      }
    ]
  },
  {
    "para_id": "41.409",
    "id_prev": "41.408",
    "id_next": "41.412",
    "refcode_1": "LS",
    "refcode_2": "79",
    "refcode_3": "3",
    "refcode_4": "",
    "refcode_short": "LS 79.3",
    "refcode_long": "Life Sketches of Ellen G. White, p. 79.3 (Ellen Gould White)",
    "element_type": "p",
    "element_subtype": "standard-indented",
    "content": "His sanctification had suddenly lost its charm in my eyes. Wrapped in prayer and meditation, throwing off all the toil and responsibilities of life, this <span class=\"page-break\" data-page=\"80\"></span> man had failed to provide for the actual wants of his family or to give his children fatherly attention. He seemed to forget that the greater our love for God, the stronger should be our love and care for those whom He has given us. The Saviour never taught idleness and abstract devotion, to the neglect of the duties lying directly in our pathway.",
    "puborder": 275,
    "translations": [
      {
        "para_id": "798.429",
        "lang": "de",
        "refcode": "LW 88.1"
      },
      {
        "para_id": "208.437",
        "lang": "es",
        "refcode": "NBEW 87.1"
      },
      {
        "para_id": "13785.391",
        "lang": "pl",
        "refcode": "ZD 79.3"
      },
      {
        "para_id": "2686.405",
        "lang": "ro",
        "refcode": "SVM 79.3"
      }
    ]
  },
  {
    "para_id": "41.412",
    "id_prev": "41.409",
    "id_next": "41.413",
    "refcode_1": "LS",
    "refcode_2": "80",
    "refcode_3": "1",
    "refcode_4": "",
    "refcode_short": "LS 80.1",
    "refcode_long": "Life Sketches of Ellen G. White, p. 80.1 (Ellen Gould White)",
    "element_type": "p",
    "element_subtype": "standard-indented",
    "content": "This husband and father declared that the attainment of true holiness carried the mind above all earthly thoughts. Still he sat at the table and ate temporal foods. He was not fed by a miracle. Some one had to provide the food that he ate, although about this matter he troubled himself little, his time being so entirely devoted to spiritual things. Not so his wife, upon whom rested the burden of the family. She toiled unremittingly in every department of household labor to keep up the home. Her husband declared that she was not sanctified, that she allowed worldly things to draw her mind away from religious subjects.",
    "puborder": 276,
    "translations": [
      {
        "para_id": "798.430",
        "lang": "de",
        "refcode": "LW 88.2"
      },
      {
        "para_id": "208.438",
        "lang": "es",
        "refcode": "NBEW 87.2"
      },
      {
        "para_id": "13785.394",
        "lang": "pl",
        "refcode": "ZD 80.1"
      },
      {
        "para_id": "2686.408",
        "lang": "ro",
        "refcode": "SVM 80.1"
      }
    ]
  },
  {
    "para_id": "41.413",
    "id_prev": "41.412",
    "id_next": "41.414",
    "refcode_1": "LS",
    "refcode_2": "80",
    "refcode_3": "2",
    "refcode_4": "",
    "refcode_short": "LS 80.2",
    "refcode_long": "Life Sketches of Ellen G. White, p. 80.2 (Ellen Gould White)",
    "element_type": "p",
    "element_subtype": "standard-indented",
    "content": "I thought of our Saviour, who labored so untiringly for the good of others. &ldquo;My Father worketh hitherto, and I work&rdquo; (<span class=\"egwlink egwlink_bible\" title=\"John 5:17\" data-link=\"1965.53502\">John 5:17</span>), He declared. The sanctification that He taught was shown by deeds of kindness and mercy, and the love that leads men and women to regard others better than themselves.",
    "puborder": 277,
    "translations": [
      {
        "para_id": "798.431",
        "lang": "de",
        "refcode": "LW 88.3"
      },
      {
        "para_id": "208.439",
        "lang": "es",
        "refcode": "NBEW 87.3"
      },
      {
        "para_id": "13785.395",
        "lang": "pl",
        "refcode": "ZD 80.2"
      },
      {
        "para_id": "2686.409",
        "lang": "ro",
        "refcode": "SVM 80.2"
      }
    ]
  },
  {
    "para_id": "41.414",
    "id_prev": "41.413",
    "id_next": "41.415",
    "refcode_1": "LS",
    "refcode_2": "80",
    "refcode_3": "3",
    "refcode_4": "",
    "refcode_short": "LS 80.3",
    "refcode_long": "Life Sketches of Ellen G. White, p. 80.3 (Ellen Gould White)",
    "element_type": "p",
    "element_subtype": "standard-indented",
    "content": "In speaking of faith, one of them said, &ldquo;All that we have to do is to believe, and whatever we ask of God will be given us.&rdquo;",
    "puborder": 278,
    "translations": [
      {
        "para_id": "798.434",
        "lang": "de",
        "refcode": "LW 89.1"
      },
      {
        "para_id": "208.442",
        "lang": "es",
        "refcode": "NBEW 88.1"
      },
      {
        "para_id": "13785.396",
        "lang": "pl",
        "refcode": "ZD 80.3"
      },
      {
        "para_id": "2686.411",
        "lang": "ro",
        "refcode": "SVM 80.3"
      }
    ]
  },
  {
    "para_id": "41.415",
    "id_prev": "41.414",
    "id_next": "41.417",
    "refcode_1": "LS",
    "refcode_2": "80",
    "refcode_3": "4",
    "refcode_4": "",
    "refcode_short": "LS 80.4",
    "refcode_long": "Life Sketches of Ellen G. White, p. 80.4 (Ellen Gould White)",
    "element_type": "p",
    "element_subtype": "standard-indented",
    "content": "Elder White suggested that there were conditions attached to this promise. &ldquo;&lsquo;If ye abide in Me,&rsquo; Christ said, &lsquo;and My words abide in you, ye shall ask what ye will, and it shall be done unto you.&rsquo; <span class=\"egwlink egwlink_bible\" title=\"John 15:7\" data-link=\"1965.54470\">John 15:7</span>. Your theory of faith,&rdquo; he continued, &ldquo;must have a foundation.&rdquo;",
    "puborder": 279,
    "translations": [
      {
        "para_id": "798.435",
        "lang": "de",
        "refcode": "LW 89.2"
      },
      {
        "para_id": "208.443",
        "lang": "es",
        "refcode": "NBEW 88.2"
      },
      {
        "para_id": "13785.397",
        "lang": "pl",
        "refcode": "ZD 80.4"
      },
      {
        "para_id": "2686.412",
        "lang": "ro",
        "refcode": "SVM 80.4"
      }
    ]
  },
  {
    "para_id": "41.417",
    "id_prev": "41.415",
    "id_next": "41.418",
    "refcode_1": "LS",
    "refcode_2": "81",
    "refcode_3": "1",
    "refcode_4": "",
    "refcode_short": "LS 81.1",
    "refcode_long": "Life Sketches of Ellen G. White, p. 81.1 (Ellen Gould White)",
    "element_type": "p",
    "element_subtype": "standard-indented",
    "content": "A sister of one of these men requested a private interview with me. She had much to say concerning entire consecration to God, and endeavored to draw out my views in regard to this subject. While talking, she held my hand in hers, and with the other softly stroked my hair. I prayed that angels of God might protect me from the unholy influences which this attractive young woman was seeking to exercise over me with her fair speeches and gentle caresses. She had much to say in regard to the spiritual attainments and great faith of her brother. Her mind seemed to be very much occupied with him and his experience. I felt that I must be guarded in what I said, and was glad when the interview was ended.",
    "puborder": 280,
    "translations": [
      {
        "para_id": "798.436",
        "lang": "de",
        "refcode": "LW 89.3"
      },
      {
        "para_id": "208.444",
        "lang": "es",
        "refcode": "NBEW 88.3"
      },
      {
        "para_id": "13785.399",
        "lang": "pl",
        "refcode": "ZD 81.1"
      },
      {
        "para_id": "2686.414",
        "lang": "ro",
        "refcode": "SVM 81.1"
      }
    ]
  },
  {
    "para_id": "41.418",
    "id_prev": "41.417",
    "id_next": "41.419",
    "refcode_1": "LS",
    "refcode_2": "81",
    "refcode_3": "2",
    "refcode_4": "",
    "refcode_short": "LS 81.2",
    "refcode_long": "Life Sketches of Ellen G. White, p. 81.2 (Ellen Gould White)",
    "element_type": "p",
    "element_subtype": "standard-indented",
    "content": "These persons who made such lofty professions, were deceiving the unwary. They had much to say about charity covering a multitude of sins. I could not agree with their views and feelings, and felt that they were wielding a terrible power for evil, and was glad to get away from their presence.",
    "puborder": 281,
    "translations": [
      {
        "para_id": "798.437",
        "lang": "de",
        "refcode": "LW 89.4"
      },
      {
        "para_id": "208.445",
        "lang": "es",
        "refcode": "NBEW 88.4"
      },
      {
        "para_id": "13785.400",
        "lang": "pl",
        "refcode": "ZD 81.2"
      },
      {
        "para_id": "2686.415",
        "lang": "ro",
        "refcode": "SVM 81.2"
      }
    ]
  },
  {
    "para_id": "41.419",
    "id_prev": "41.418",
    "id_next": "41.420",
    "refcode_1": "LS",
    "refcode_2": "81",
    "refcode_3": "3",
    "refcode_4": "",
    "refcode_short": "LS 81.3",
    "refcode_long": "Life Sketches of Ellen G. White, p. 81.3 (Ellen Gould White)",
    "element_type": "p",
    "element_subtype": "standard-indented",
    "content": "As soon as the views of these people were crossed, they manifested a stubborn, self-righteous spirit that rejected all instruction. Though professing great humility, they were boastful in their sophistry of sanctification, and resisted all appeals to reason. We felt that all our efforts to convince them of their error were useless, as they took the position that they were not learners, but teachers.",
    "puborder": 282,
    "translations": [
      {
        "para_id": "798.440",
        "lang": "de",
        "refcode": "LW 90.1"
      },
      {
        "para_id": "208.448",
        "lang": "es",
        "refcode": "NBEW 89.1"
      },
      {
        "para_id": "13785.401",
        "lang": "pl",
        "refcode": "ZD 81.3"
      },
      {
        "para_id": "2686.416",
        "lang": "ro",
        "refcode": "SVM 81.3"
      }
    ]
  }
]