[
  {
    "para_id": "41.887",
    "id_prev": "41.884",
    "id_next": "41.888",
    "refcode_1": "LS",
    "refcode_2": "162",
    "refcode_3": "",
    "refcode_4": "96",
    "refcode_short": "LS 162",
    "refcode_long": "Life Sketches of Ellen G. White, p. 162 (Ellen Gould White)",
    "element_type": "h4",
    "element_subtype": "",
    "content": "Writing &ldquo;Spiritual Gifts,&rdquo; Vol. 1",
    "puborder": 617,
    "translations": [
      {
        "para_id": "798.923",
        "lang": "de",
        "refcode": "LW 184"
      },
      {
        "para_id": "208.926",
        "lang": "es",
        "refcode": "NBEW 178"
      },
      {
        "para_id": "13785.851",
        "lang": "pl",
        "refcode": "ZD 162"
      },
      {
        "para_id": "2686.889",
        "lang": "ro",
        "refcode": "SVM 162"
      }
    ]
  },
  {
    "para_id": "41.888",
    "id_prev": "41.887",
    "id_next": "41.889",
    "refcode_1": "LS",
    "refcode_2": "162",
    "refcode_3": "1",
    "refcode_4": "",
    "refcode_short": "LS 162.1",
    "refcode_long": "Life Sketches of Ellen G. White, p. 162.1 (Ellen Gould White)",
    "element_type": "p",
    "element_subtype": "standard-indented",
    "content": "In the vision at Lovett&apos;s Grove, most of the matter which I had seen ten years before concerning the great controversy of the ages between Christ and Satan, was repeated, and I was instructed to write it out. I was shown that while I should have to contend with the powers of darkness, for Satan would make strong efforts to hinder me, yet I must put my trust in God, and angels would not leave me in the conflict.",
    "puborder": 618,
    "translations": [
      {
        "para_id": "798.924",
        "lang": "de",
        "refcode": "LW 184.2"
      },
      {
        "para_id": "208.927",
        "lang": "es",
        "refcode": "NBEW 178.2"
      },
      {
        "para_id": "13785.852",
        "lang": "pl",
        "refcode": "ZD 162.1"
      },
      {
        "para_id": "2686.890",
        "lang": "ro",
        "refcode": "SVM 162.1"
      }
    ]
  },
  {
    "para_id": "41.889",
    "id_prev": "41.888",
    "id_next": "41.890",
    "refcode_1": "LS",
    "refcode_2": "162",
    "refcode_3": "2",
    "refcode_4": "",
    "refcode_short": "LS 162.2",
    "refcode_long": "Life Sketches of Ellen G. White, p. 162.2 (Ellen Gould White)",
    "element_type": "p",
    "element_subtype": "standard-indented",
    "content": "Two days afterward, while journeying on the cars to Jackson, Mich., we arranged our plans for writing and publishing, immediately on our return home, the book entitled, &ldquo;The Great Controversy between Christ and His Angels, and Satan and His Angels,&rdquo; commonly known as &ldquo;Spiritual Gifts,&rdquo; Vol. 1. [<span class=\"non-egw-note\">Note.&mdash;This volume, dealing with the fall of man, the plan of redemption, and the history of the church from the time of Christ to the new earth, corresponds with the latter part of <span class=\"egwlink egwlink_book\" title=\"EW 145.1\" data-link=\"28.787\">Early Writings, 145-295</span> (new edition). A portion of the volume, as enlarged in later years, is now published separately under the general title, &ldquo;The Great Controversy Between Christ and Satan.&rdquo;</span>] I was then as well as usual.",
    "puborder": 619,
    "translations": [
      {
        "para_id": "798.925",
        "lang": "de",
        "refcode": "LW 184.3"
      },
      {
        "para_id": "208.928",
        "lang": "es",
        "refcode": "NBEW 178.3"
      },
      {
        "para_id": "13785.852",
        "lang": "pl",
        "refcode": "ZD 162.1"
      },
      {
        "para_id": "2686.891",
        "lang": "ro",
        "refcode": "SVM 162.2"
      }
    ]
  },
  {
    "para_id": "41.890",
    "id_prev": "41.889",
    "id_next": "41.893",
    "refcode_1": "LS",
    "refcode_2": "162",
    "refcode_3": "3",
    "refcode_4": "",
    "refcode_short": "LS 162.3",
    "refcode_long": "Life Sketches of Ellen G. White, p. 162.3 (Ellen Gould White)",
    "element_type": "p",
    "element_subtype": "standard-indented",
    "content": "On the arrival of the train at Jackson, we went to Brother Palmer&apos;s. We had been in the house but a short time, when, as I was conversing with Sister Palmer, my tongue refused to utter what I wished to say, and seemed large and numb. A strange, cold sensation struck my heart, passed over my head, and down my right side. For a time I was insensible, but was aroused by the voice of earnest prayer. I tried to use my left limbs, but they were perfectly useless. For a short time I did not expect to live. It was my third shock of paralysis; and although <span class=\"page-break\" data-page=\"163\"></span> within fifty miles of home, I did not expect to see my children again. I called to mind the triumphant season I had enjoyed at Lovett&apos;s Grove, and thought it was my last testimony, and felt reconciled to die.",
    "puborder": 620,
    "translations": [
      {
        "para_id": "798.926",
        "lang": "de",
        "refcode": "LW 184.4"
      },
      {
        "para_id": "208.930",
        "lang": "es",
        "refcode": "NBEW 179.1"
      },
      {
        "para_id": "13785.853",
        "lang": "pl",
        "refcode": "ZD 162.2"
      },
      {
        "para_id": "2686.892",
        "lang": "ro",
        "refcode": "SVM 162.3"
      }
    ]
  },
  {
    "para_id": "41.893",
    "id_prev": "41.890",
    "id_next": "41.894",
    "refcode_1": "LS",
    "refcode_2": "163",
    "refcode_3": "1",
    "refcode_4": "",
    "refcode_short": "LS 163.1",
    "refcode_long": "Life Sketches of Ellen G. White, p. 163.1 (Ellen Gould White)",
    "element_type": "p",
    "element_subtype": "standard-indented",
    "content": "Still the earnest prayers of my friends were ascending to heaven for me, and soon a prickling sensation was felt in my limbs, and I praised the Lord that I could use them a little. The Lord heard and answered the faithful prayers of His children, and the power of Satan was broken. That night I suffered much, but the next day I was sufficiently strengthened to return home.",
    "puborder": 621,
    "translations": [
      {
        "para_id": "798.929",
        "lang": "de",
        "refcode": "LW 185.1"
      },
      {
        "para_id": "208.931",
        "lang": "es",
        "refcode": "NBEW 179.2"
      },
      {
        "para_id": "13785.856",
        "lang": "pl",
        "refcode": "ZD 163.1"
      },
      {
        "para_id": "2686.895",
        "lang": "ro",
        "refcode": "SVM 163.1"
      }
    ]
  },
  {
    "para_id": "41.894",
    "id_prev": "41.893",
    "id_next": "41.895",
    "refcode_1": "LS",
    "refcode_2": "163",
    "refcode_3": "2",
    "refcode_4": "",
    "refcode_short": "LS 163.2",
    "refcode_long": "Life Sketches of Ellen G. White, p. 163.2 (Ellen Gould White)",
    "element_type": "p",
    "element_subtype": "standard-indented",
    "content": "For several weeks I could not feel the pressure of the hand or the coldest water poured upon my head. In rising to walk, I often staggered, and sometimes fell to the floor. In this afflicted condition I began to write on the great controversy. At first I could write but one page a day, and then rest three days; but as I progressed, my strength increased. The numbness in my head did not seem to becloud my mind, and before I closed that work [&ldquo;Spiritual Gifts,&rdquo; Vol. 1], the effect of the shock had entirely left me.",
    "puborder": 622,
    "translations": [
      {
        "para_id": "798.930",
        "lang": "de",
        "refcode": "LW 185.2"
      },
      {
        "para_id": "208.932",
        "lang": "es",
        "refcode": "NBEW 179.3"
      },
      {
        "para_id": "13785.857",
        "lang": "pl",
        "refcode": "ZD 163.2"
      }
    ]
  },
  {
    "para_id": "41.895",
    "id_prev": "41.894",
    "id_next": "41.897",
    "refcode_1": "LS",
    "refcode_2": "163",
    "refcode_3": "3",
    "refcode_4": "",
    "refcode_short": "LS 163.3",
    "refcode_long": "Life Sketches of Ellen G. White, p. 163.3 (Ellen Gould White)",
    "element_type": "p",
    "element_subtype": "standard-indented",
    "content": "At the time of the conference at Battle Creek, in June, 1858, I was shown in vision that in the sudden attack at Jackson, Satan intended to take my life, in order to hinder the work I was about to write; but angels of God were sent to my rescue. I also saw, among other things, that I should be blessed with better health than before the attack.",
    "puborder": 623,
    "translations": [
      {
        "para_id": "798.933",
        "lang": "de",
        "refcode": "LW 186.1"
      },
      {
        "para_id": "208.935",
        "lang": "es",
        "refcode": "NBEW 180.1"
      },
      {
        "para_id": "13785.858",
        "lang": "pl",
        "refcode": "ZD 163.3"
      },
      {
        "para_id": "2686.896",
        "lang": "ro",
        "refcode": "SVM 163.2"
      }
    ]
  }
]