[
  {
    "para_id": "14070.9139001",
    "id_prev": "14070.10694013",
    "id_next": "14070.9139004",
    "refcode_1": "20LtMs",
    "refcode_2": "1",
    "refcode_3": "",
    "refcode_4": "1905026900",
    "refcode_short": "20LtMs, Lt 269, 1905",
    "refcode_long": "Letters and Manuscripts — Volume 20 (1905), Lt 269, 1905",
    "element_type": "h4",
    "element_subtype": "",
    "content": "Lt 269, 1905",
    "puborder": 3076,
    "translations": []
  },
  {
    "para_id": "14070.9139004",
    "id_prev": "14070.9139001",
    "id_next": "14070.9139002",
    "refcode_1": "20LtMs",
    "refcode_2": "1",
    "refcode_3": "",
    "refcode_4": "1905026900",
    "refcode_short": "",
    "refcode_long": "",
    "element_type": "p",
    "element_subtype": "ltaddressee",
    "content": "Haskell, S. N.; Butler, G. I.; Ford, I. A.",
    "puborder": 3077,
    "translations": []
  },
  {
    "para_id": "14070.9139002",
    "id_prev": "14070.9139004",
    "id_next": "14070.9139003",
    "refcode_1": "20LtMs",
    "refcode_2": "1",
    "refcode_3": "",
    "refcode_4": "1905026900",
    "refcode_short": "",
    "refcode_long": "",
    "element_type": "p",
    "element_subtype": "ltplace",
    "content": "<span class=\"ltplace\" value=\"National City, California\">&ldquo;Sanitarium,&rdquo; National City, California</span>",
    "puborder": 3078,
    "translations": []
  },
  {
    "para_id": "14070.9139003",
    "id_prev": "14070.9139002",
    "id_next": "14070.9139005",
    "refcode_1": "20LtMs",
    "refcode_2": "1",
    "refcode_3": "",
    "refcode_4": "1905026900",
    "refcode_short": "",
    "refcode_long": "",
    "element_type": "p",
    "element_subtype": "ltdate",
    "content": "<span class=\"ltdate\" start=\"September 15, 1905\">September 15, 1905</span>",
    "puborder": 3079,
    "translations": []
  },
  {
    "para_id": "14070.9139005",
    "id_prev": "14070.9139003",
    "id_next": "14070.9139017",
    "refcode_1": "20LtMs",
    "refcode_2": "1",
    "refcode_3": "",
    "refcode_4": "1905026900",
    "refcode_short": "",
    "refcode_long": "",
    "element_type": "p",
    "element_subtype": "ltpubinfo",
    "content": "Portions of this letter are published in <span class=\"egwlink egwlink_book\" title=\"8MR 401\" data-link=\"52.1986\">8MR 401</span>. +<sup class=\"footnote\"><a class=\"footnote\">Note<span class=\"footnote\">One or more typed copies of this document contain additional Ellen White handwritten interlineations which may be viewed at the main office of the Ellen G. White Estate.</span></a></sup>",
    "puborder": 3080,
    "translations": []
  },
  {
    "para_id": "14070.9139017",
    "id_prev": "14070.9139005",
    "id_next": "14070.9139006",
    "refcode_1": "20LtMs",
    "refcode_2": "1",
    "refcode_3": "",
    "refcode_4": "1905026900",
    "refcode_short": "",
    "refcode_long": "",
    "element_type": "p",
    "element_subtype": "ltaddress",
    "content": "Elders Haskell and Butler and Brother I. A. Ford",
    "puborder": 3081,
    "translations": []
  },
  {
    "para_id": "14070.9139006",
    "id_prev": "14070.9139017",
    "id_next": "14070.9139007",
    "refcode_1": "20LtMs",
    "refcode_2": "1",
    "refcode_3": "",
    "refcode_4": "1905026900",
    "refcode_short": "",
    "refcode_long": "",
    "element_type": "p",
    "element_subtype": "ltsalutation",
    "content": "Dear Brethren,&mdash;",
    "puborder": 3082,
    "translations": []
  },
  {
    "para_id": "14070.9139007",
    "id_prev": "14070.9139006",
    "id_next": "14070.9139008",
    "refcode_1": "20LtMs",
    "refcode_2": "1",
    "refcode_3": "2035",
    "refcode_4": "1905026900",
    "refcode_short": "20LtMs, Lt 269, 1905, par. 1",
    "refcode_long": "Letters and Manuscripts — Volume 20 (1905), Lt 269, 1905, par. 1",
    "element_type": "p",
    "element_subtype": "standard-indented",
    "content": "If suitable buildings can be found elsewhere, and the work of the Publishing Association can be operated with less expense, I would advise that you move from the building in Nashville. Such a move seems sensible and in harmony with good judgment. If it seems to you that the facilities to be found upon Edson&rsquo;s property can be utilized to good advantage, I would say, Make such a move. If in the future the Lord should open any better way, you can follow His leading. My earnest desire and prayer is that the Lord may give you wisdom and knowledge and understanding. I wish to see you move in the fear of God. I see no reason why you should not put forth every effort to reduce your expenses as much as possible.",
    "puborder": 3083,
    "translations": []
  },
  {
    "para_id": "14070.9139008",
    "id_prev": "14070.9139007",
    "id_next": "14070.9139009",
    "refcode_1": "20LtMs",
    "refcode_2": "1",
    "refcode_3": "2036",
    "refcode_4": "1905026900",
    "refcode_short": "20LtMs, Lt 269, 1905, par. 2",
    "refcode_long": "Letters and Manuscripts — Volume 20 (1905), Lt 269, 1905, par. 2",
    "element_type": "p",
    "element_subtype": "standard-indented",
    "content": "I have recently received letters from Elder Haskell and his wife, stating that they intend to go to South Lancaster for a rest. We would invite Elder Haskell to come to Southern California. There is need here of the work which he can do. The Lord has opened the way before us in this field, but there have been few workers who are able to carry forward the work as it should be conducted. We need some of our old men of war to give us special help just now.",
    "puborder": 3084,
    "translations": []
  },
  {
    "para_id": "14070.9139009",
    "id_prev": "14070.9139008",
    "id_next": "14070.9139010",
    "refcode_1": "20LtMs",
    "refcode_2": "1",
    "refcode_3": "2037",
    "refcode_4": "1905026900",
    "refcode_short": "20LtMs, Lt 269, 1905, par. 3",
    "refcode_long": "Letters and Manuscripts — Volume 20 (1905), Lt 269, 1905, par. 3",
    "element_type": "p",
    "element_subtype": "standard-indented",
    "content": "We need the services of Elder Haskell in connection with the work to be carried forward at Loma Linda. An important work is opened before us for the neighboring cities, Redlands, Riverside, San Bernardino, and other smaller places.",
    "puborder": 3085,
    "translations": []
  },
  {
    "para_id": "14070.9139010",
    "id_prev": "14070.9139009",
    "id_next": "14070.9139011",
    "refcode_1": "20LtMs",
    "refcode_2": "1",
    "refcode_3": "2038",
    "refcode_4": "1905026900",
    "refcode_short": "20LtMs, Lt 269, 1905, par. 4",
    "refcode_long": "Letters and Manuscripts — Volume 20 (1905), Lt 269, 1905, par. 4",
    "element_type": "p",
    "element_subtype": "standard-indented",
    "content": "Can you not be present at the camp-meeting to be held in San Diego sometime in November? The time of the meeting is somewhat indefinite. It is to follow a tent effort by Brother Simpson. I learn that the top of the tent that Brother Simpson is using in Los Angeles must be repaired before it is ready for use here.",
    "puborder": 3086,
    "translations": []
  },
  {
    "para_id": "14070.9139011",
    "id_prev": "14070.9139010",
    "id_next": "14070.9139012",
    "refcode_1": "20LtMs",
    "refcode_2": "1",
    "refcode_3": "2039",
    "refcode_4": "1905026900",
    "refcode_short": "20LtMs, Lt 269, 1905, par. 5",
    "refcode_long": "Letters and Manuscripts — Volume 20 (1905), Lt 269, 1905, par. 5",
    "element_type": "p",
    "element_subtype": "standard-indented",
    "content": "Brother Haskell, we need you and your wife just as soon as you can come. You can engage in work similar to that which you have been doing in Nashville.",
    "puborder": 3087,
    "translations": []
  },
  {
    "para_id": "14070.9139012",
    "id_prev": "14070.9139011",
    "id_next": "14070.9139013",
    "refcode_1": "20LtMs",
    "refcode_2": "1",
    "refcode_3": "2040",
    "refcode_4": "1905026900",
    "refcode_short": "20LtMs, Lt 269, 1905, par. 6",
    "refcode_long": "Letters and Manuscripts — Volume 20 (1905), Lt 269, 1905, par. 6",
    "element_type": "p",
    "element_subtype": "standard-indented",
    "content": "I have been bearing my testimony regarding the use of our restaurants. The work of these restaurants has absorbed much of the talent that should be used in evangelical work. Many are held in Battle Creek who, with Bible in hand, should be entering new places, to flash the light of truth into the mist and fog of error. I see so great a work to be done that I am in danger of undertaking too much; but the Lord understands the matter, and He will teach us the very best way to reach the people. Young men and young women are to be the Lord&rsquo;s light-bearers to the world.",
    "puborder": 3088,
    "translations": []
  },
  {
    "para_id": "14070.9139013",
    "id_prev": "14070.9139012",
    "id_next": "14070.9139014",
    "refcode_1": "20LtMs",
    "refcode_2": "1",
    "refcode_3": "2041",
    "refcode_4": "1905026900",
    "refcode_short": "20LtMs, Lt 269, 1905, par. 7",
    "refcode_long": "Letters and Manuscripts — Volume 20 (1905), Lt 269, 1905, par. 7",
    "element_type": "p",
    "element_subtype": "standard-indented",
    "content": "My message is that the restaurants are carrying a burden that the Lord has not laid upon them. The preparations of food are so expensive that the poorer class receive but little benefit. There should be greater simplicity in the preparation of foods. The living testimony of truth should be borne, and a reformation should take place. Too much talent and capability are absorbed in a work which reveals but few results in the salvation of souls.",
    "puborder": 3089,
    "translations": []
  },
  {
    "para_id": "14070.9139014",
    "id_prev": "14070.9139013",
    "id_next": "14070.9139015",
    "refcode_1": "20LtMs",
    "refcode_2": "1",
    "refcode_3": "2042",
    "refcode_4": "1905026900",
    "refcode_short": "20LtMs, Lt 269, 1905, par. 8",
    "refcode_long": "Letters and Manuscripts — Volume 20 (1905), Lt 269, 1905, par. 8",
    "element_type": "p",
    "element_subtype": "standard-indented",
    "content": "There are some here at the sanitarium who are receiving the truth. One man, who has been a railroad official, has been here for some months and has recently been baptized. He has attended my talks in the parlor and seems deeply affected, but it is difficult for him to exercise faith. I tell him to come to Christ in trust and in simplicity, and to rest, as a wearied soul, in His promises. This is all that the Lord requires of any of us. We often make a difficult work of that which should be easy. I believe that this man will yet walk in the light and that the Lord will bless him.",
    "puborder": 3090,
    "translations": []
  },
  {
    "para_id": "14070.9139015",
    "id_prev": "14070.9139014",
    "id_next": "14070.9139016",
    "refcode_1": "20LtMs",
    "refcode_2": "1",
    "refcode_3": "2043",
    "refcode_4": "1905026900",
    "refcode_short": "20LtMs, Lt 269, 1905, par. 9",
    "refcode_long": "Letters and Manuscripts — Volume 20 (1905), Lt 269, 1905, par. 9",
    "element_type": "p",
    "element_subtype": "standard-indented",
    "content": "I see much to be done here. I have spoken three times and expect to speak again to the workmen at half-past five o&rsquo;clock. I was unable to sleep after one o&rsquo;clock. It is now two o&rsquo;clock, and I am engaged in writing.",
    "puborder": 3091,
    "translations": []
  },
  {
    "para_id": "14070.9139016",
    "id_prev": "14070.9139015",
    "id_next": "14070.9792001",
    "refcode_1": "20LtMs",
    "refcode_2": "1",
    "refcode_3": "2044",
    "refcode_4": "1905026900",
    "refcode_short": "20LtMs, Lt 269, 1905, par. 10",
    "refcode_long": "Letters and Manuscripts — Volume 20 (1905), Lt 269, 1905, par. 10",
    "element_type": "p",
    "element_subtype": "standard-indented",
    "content": "Willie writes that they need us in the work at home, and in a few days we shall return to St. Helena. In November, if the Lord gives me strength, I may attend the camp-meeting in San Diego, and if so, I shall hope to see Elder Haskell and his wife at that time. My only desire is to know my duty and to fulfill the will of God.",
    "puborder": 3092,
    "translations": []
  }
]