[
  {
    "para_id": "14070.9073001",
    "id_prev": "14070.13718003",
    "id_next": "14070.9073004",
    "refcode_1": "20LtMs",
    "refcode_2": "1",
    "refcode_3": "",
    "refcode_4": "1905018100",
    "refcode_short": "20LtMs, Lt 181, 1905",
    "refcode_long": "Letters and Manuscripts — Volume 20 (1905), Lt 181, 1905",
    "element_type": "h4",
    "element_subtype": "",
    "content": "Lt 181, 1905",
    "puborder": 1914,
    "translations": []
  },
  {
    "para_id": "14070.9073004",
    "id_prev": "14070.9073001",
    "id_next": "14070.9073002",
    "refcode_1": "20LtMs",
    "refcode_2": "1",
    "refcode_3": "",
    "refcode_4": "1905018100",
    "refcode_short": "",
    "refcode_long": "",
    "element_type": "p",
    "element_subtype": "ltaddressee",
    "content": "Butler, G. I.",
    "puborder": 1915,
    "translations": []
  },
  {
    "para_id": "14070.9073002",
    "id_prev": "14070.9073004",
    "id_next": "14070.9073003",
    "refcode_1": "20LtMs",
    "refcode_2": "1",
    "refcode_3": "",
    "refcode_4": "1905018100",
    "refcode_short": "",
    "refcode_long": "",
    "element_type": "p",
    "element_subtype": "ltplace",
    "content": "<span class=\"ltplace\" value=\"Glendale, California\">Glendale, California</span>",
    "puborder": 1916,
    "translations": []
  },
  {
    "para_id": "14070.9073003",
    "id_prev": "14070.9073002",
    "id_next": "14070.9073005",
    "refcode_1": "20LtMs",
    "refcode_2": "1",
    "refcode_3": "",
    "refcode_4": "1905018100",
    "refcode_short": "",
    "refcode_long": "",
    "element_type": "p",
    "element_subtype": "ltdate",
    "content": "<span class=\"ltdate\" start=\"June 22, 1905\">June 22, 1905</span>",
    "puborder": 1917,
    "translations": []
  },
  {
    "para_id": "14070.9073005",
    "id_prev": "14070.9073003",
    "id_next": "14070.9073006",
    "refcode_1": "20LtMs",
    "refcode_2": "1",
    "refcode_3": "",
    "refcode_4": "1905018100",
    "refcode_short": "",
    "refcode_long": "",
    "element_type": "p",
    "element_subtype": "ltpubinfo",
    "content": "Previously unpublished.",
    "puborder": 1918,
    "translations": []
  },
  {
    "para_id": "14070.9073006",
    "id_prev": "14070.9073005",
    "id_next": "14070.9073007",
    "refcode_1": "20LtMs",
    "refcode_2": "1",
    "refcode_3": "",
    "refcode_4": "1905018100",
    "refcode_short": "",
    "refcode_long": "",
    "element_type": "p",
    "element_subtype": "ltsalutation",
    "content": "Dear Brother Butler,&mdash;",
    "puborder": 1919,
    "translations": []
  },
  {
    "para_id": "14070.9073007",
    "id_prev": "14070.9073006",
    "id_next": "14070.9073008",
    "refcode_1": "20LtMs",
    "refcode_2": "1",
    "refcode_3": "1257",
    "refcode_4": "1905018100",
    "refcode_short": "20LtMs, Lt 181, 1905, par. 1",
    "refcode_long": "Letters and Manuscripts — Volume 20 (1905), Lt 181, 1905, par. 1",
    "element_type": "p",
    "element_subtype": "standard-indented",
    "content": "We are seeking to bring up the work in this field to a higher standard by presenting the necessity of every man learning of Jesus Christ, the great Teacher. We need to pray much and to urge upon the people that God has given to every man his work. It is sad to think that many who profess to be Christians are not Christlike. Light is closely associated with life. If we have not light from the Sun of righteousness, we cannot have life. If we know not the truth of the Word, how can we live by every word that proceedeth out of the mouth of God?",
    "puborder": 1920,
    "translations": []
  },
  {
    "para_id": "14070.9073008",
    "id_prev": "14070.9073007",
    "id_next": "14070.9073009",
    "refcode_1": "20LtMs",
    "refcode_2": "1",
    "refcode_3": "1258",
    "refcode_4": "1905018100",
    "refcode_short": "20LtMs, Lt 181, 1905, par. 2",
    "refcode_long": "Letters and Manuscripts — Volume 20 (1905), Lt 181, 1905, par. 2",
    "element_type": "p",
    "element_subtype": "standard-indented",
    "content": "The prayer of Christ is, &ldquo;Sanctify them through Thy truth; Thy word is truth. As Thou hast sent Me into the world, even so have I also sent them into the world. And for their sakes I sanctify Myself, that they also might be sanctified through the truth.&rdquo; At this stage of our history we need to put stress upon this statement. This prayer was offered in our behalf, as well as for the disciples who were then with Christ. &ldquo;Neither pray I for these alone,&rdquo; He said, &ldquo;but for them also which shall believe on Me through their word.&rdquo; [<span class=\"egwlink egwlink_bible\" title=\"John 17:17\" data-link=\"1965.54612\">John 17:17-20</span>.] Many should be engaged in opening the Scriptures to unbelievers, who are to be educated by the words spoken by those who believe the truth. This is a work the importance of which seems to be but feebly understood. There are many who should be consecrated to the Lord through the sanctification of the truth. We are not doing one-hundredth part of what we should be doing as believers in Christ.",
    "puborder": 1921,
    "translations": []
  },
  {
    "para_id": "14070.9073009",
    "id_prev": "14070.9073008",
    "id_next": "14070.9073010",
    "refcode_1": "20LtMs",
    "refcode_2": "1",
    "refcode_3": "1259",
    "refcode_4": "1905018100",
    "refcode_short": "20LtMs, Lt 181, 1905, par. 3",
    "refcode_long": "Letters and Manuscripts — Volume 20 (1905), Lt 181, 1905, par. 3",
    "element_type": "p",
    "element_subtype": "standard-indented",
    "content": "The Word of God is to be proclaimed in every place. Men and women are to be made holy through a knowledge of this Word. Christ is the light of the world, shining amidst the moral darkness. He came to bring to men the principles of heaven. But those to whom He came would not receive His words. In the place of feeling that they were highly favored in being chosen to receive the light so mercifully and graciously given, they comprehended and received it not.",
    "puborder": 1922,
    "translations": []
  },
  {
    "para_id": "14070.9073010",
    "id_prev": "14070.9073009",
    "id_next": "14070.8936001",
    "refcode_1": "20LtMs",
    "refcode_2": "1",
    "refcode_3": "1260",
    "refcode_4": "1905018100",
    "refcode_short": "20LtMs, Lt 181, 1905, par. 4",
    "refcode_long": "Letters and Manuscripts — Volume 20 (1905), Lt 181, 1905, par. 4",
    "element_type": "p",
    "element_subtype": "standard-indented",
    "content": "&ldquo;There was a man sent from God whose name was John.&rdquo; This John did not claim to be the Light. &ldquo;He was not the Light, but was sent to bear witness of the Light.&rdquo; [<span class=\"egwlink egwlink_bible\" title=\"John 1:6\" data-link=\"1965.53144\">John 1:6, 8</span>.] He was not to take Christ&rsquo;s place, but was to point all men to the Light. No human being can take the position of Christ, but all can give the message, &ldquo;Behold the Lamb of God, that taketh away the sin of the world.&rdquo; [<span class=\"egwlink egwlink_bible\" title=\"John 1:29\" data-link=\"1965.53190\">Verse 29</span>.] This is the work of every minister of the gospel. He is not to attach the sympathies of the people to himself. In all the work that he does in the Master&rsquo;s service, he is to lift the people&rsquo;s sympathies above himself to Christ. The crucified One is to be presented before the people in His true office, and they are to be told that from Him alone can they gain the strength that will enable them to overcome evil.",
    "puborder": 1923,
    "translations": []
  }
]