[
  {
    "para_id": "14070.9264001",
    "id_prev": "14070.9241011",
    "id_next": "14070.9264004",
    "refcode_1": "20LtMs",
    "refcode_2": "1",
    "refcode_3": "",
    "refcode_4": "1905035800",
    "refcode_short": "20LtMs, Lt 358, 1905",
    "refcode_long": "Letters and Manuscripts — Volume 20 (1905), Lt 358, 1905",
    "element_type": "h4",
    "element_subtype": "",
    "content": "Lt 358, 1905",
    "puborder": 4319,
    "translations": []
  },
  {
    "para_id": "14070.9264004",
    "id_prev": "14070.9264001",
    "id_next": "14070.9264002",
    "refcode_1": "20LtMs",
    "refcode_2": "1",
    "refcode_3": "",
    "refcode_4": "1905035800",
    "refcode_short": "",
    "refcode_long": "",
    "element_type": "p",
    "element_subtype": "ltaddressee",
    "content": "Robinson, Brother and Sister [D. E.]",
    "puborder": 4320,
    "translations": []
  },
  {
    "para_id": "14070.9264002",
    "id_prev": "14070.9264004",
    "id_next": "14070.9264003",
    "refcode_1": "20LtMs",
    "refcode_2": "1",
    "refcode_3": "",
    "refcode_4": "1905035800",
    "refcode_short": "",
    "refcode_long": "",
    "element_type": "p",
    "element_subtype": "ltplace",
    "content": "<span class=\"ltplace\" value=\"St. Helena, California\">&ldquo;Elmshaven,&rdquo; St. Helena, California</span>",
    "puborder": 4321,
    "translations": []
  },
  {
    "para_id": "14070.9264003",
    "id_prev": "14070.9264002",
    "id_next": "14070.9264005",
    "refcode_1": "20LtMs",
    "refcode_2": "1",
    "refcode_3": "",
    "refcode_4": "1905035800",
    "refcode_short": "",
    "refcode_long": "",
    "element_type": "p",
    "element_subtype": "ltdate",
    "content": "<span class=\"ltdate\" start=\"December 24, 1905\">December 24, 1905</span>",
    "puborder": 4322,
    "translations": []
  },
  {
    "para_id": "14070.9264005",
    "id_prev": "14070.9264003",
    "id_next": "14070.9264006",
    "refcode_1": "20LtMs",
    "refcode_2": "1",
    "refcode_3": "",
    "refcode_4": "1905035800",
    "refcode_short": "",
    "refcode_long": "",
    "element_type": "p",
    "element_subtype": "ltpubinfo",
    "content": "Previously unpublished.",
    "puborder": 4323,
    "translations": []
  },
  {
    "para_id": "14070.9264006",
    "id_prev": "14070.9264005",
    "id_next": "14070.9264007",
    "refcode_1": "20LtMs",
    "refcode_2": "1",
    "refcode_3": "",
    "refcode_4": "1905035800",
    "refcode_short": "",
    "refcode_long": "",
    "element_type": "p",
    "element_subtype": "ltsalutation",
    "content": "Dear Children, Dores and Ella May,&mdash;",
    "puborder": 4324,
    "translations": []
  },
  {
    "para_id": "14070.9264007",
    "id_prev": "14070.9264006",
    "id_next": "14070.9264008",
    "refcode_1": "20LtMs",
    "refcode_2": "1",
    "refcode_3": "2914",
    "refcode_4": "1905035800",
    "refcode_short": "20LtMs, Lt 358, 1905, par. 1",
    "refcode_long": "Letters and Manuscripts — Volume 20 (1905), Lt 358, 1905, par. 1",
    "element_type": "p",
    "element_subtype": "standard-indented",
    "content": "I thought I would write a few lines to you. I am pleased that you have arrived without accident or harm, although you experienced much annoyance.",
    "puborder": 4325,
    "translations": []
  },
  {
    "para_id": "14070.9264008",
    "id_prev": "14070.9264007",
    "id_next": "14070.9264009",
    "refcode_1": "20LtMs",
    "refcode_2": "1",
    "refcode_3": "2915",
    "refcode_4": "1905035800",
    "refcode_short": "20LtMs, Lt 358, 1905, par. 2",
    "refcode_long": "Letters and Manuscripts — Volume 20 (1905), Lt 358, 1905, par. 2",
    "element_type": "p",
    "element_subtype": "standard-indented",
    "content": "Well, we have a very pleasant day today, Friday. The sun shines brightly, and I am very light. Yesterday we missed you, but I did not feel I could draw back and say, &ldquo;Stay,&rdquo; for I know that you will do much good where you are; and I shall pray [that] the Lord will keep you under His guardianship. Our time here to work is short, and we cannot, any of us, afford to be indifferent or careless now. We must put our capabilities for improvement to the very best use. We know that you both can be improving in physical and mental and spiritual strength and do your very best to win souls to Christ Jesus. Draw nigh to God, and, oh, draw others nigh. Give your example in everything that is uplifting and noble and pure. I believe that you will.",
    "puborder": 4326,
    "translations": []
  },
  {
    "para_id": "14070.9264009",
    "id_prev": "14070.9264008",
    "id_next": "14070.9264010",
    "refcode_1": "20LtMs",
    "refcode_2": "1",
    "refcode_3": "2916",
    "refcode_4": "1905035800",
    "refcode_short": "20LtMs, Lt 358, 1905, par. 3",
    "refcode_long": "Letters and Manuscripts — Volume 20 (1905), Lt 358, 1905, par. 3",
    "element_type": "p",
    "element_subtype": "standard-indented",
    "content": "It would have been so pleasant to have had you nigh us, but I will not, nay, I will not draw one thread of selfishness into the work that God has given me. Our time is the Lord&rsquo;s, our strength is the Lord&rsquo;s, and every capability susceptible of improvement is the Lord&rsquo;s. If you make every move to honor and glorify God, you will have a conscience void of offense toward God and man and the children&mdash;students in the school. Aim in everything to win them to Christ and the church. You can both do a good work spiritually. Walk in humility of mind, and may you have the peace of Christ abiding in your soul.",
    "puborder": 4327,
    "translations": []
  },
  {
    "para_id": "14070.9264010",
    "id_prev": "14070.9264009",
    "id_next": "14070.9264011",
    "refcode_1": "20LtMs",
    "refcode_2": "1",
    "refcode_3": "2917",
    "refcode_4": "1905035800",
    "refcode_short": "20LtMs, Lt 358, 1905, par. 4",
    "refcode_long": "Letters and Manuscripts — Volume 20 (1905), Lt 358, 1905, par. 4",
    "element_type": "p",
    "element_subtype": "standard-indented",
    "content": "I have a great interest in you and want you to make a success; and you will if you walk and work humbly in God. Do not, I beseech of you, let go for a moment the idea that you are to be kept pledged to God. Work to His name&rsquo;s glory. Do His will understandingly. We want you, Dores, to be fitting yourself up for the ministry, and you should hold yourself ready to teach the Word. Be ever reaching out for bringing the lost sheep into the fold. The Lord will bless every effort you make in sacred consecration of your souls to Jesus Christ. My heart is drawn out for God, that all that I shall do in word, in action, shall be to His name&rsquo;s glory.",
    "puborder": 4328,
    "translations": []
  },
  {
    "para_id": "14070.9264011",
    "id_prev": "14070.9264010",
    "id_next": "14070.9264012",
    "refcode_1": "20LtMs",
    "refcode_2": "1",
    "refcode_3": "2918",
    "refcode_4": "1905035800",
    "refcode_short": "20LtMs, Lt 358, 1905, par. 5",
    "refcode_long": "Letters and Manuscripts — Volume 20 (1905), Lt 358, 1905, par. 5",
    "element_type": "p",
    "element_subtype": "standard-indented",
    "content": "Truth&mdash;precious, sanctified truth&mdash;is worth more for you to obtain than gold and silver and precious stones. I am so grateful that we have a Saviour full of tender compassion and lovingkindness, and oh, what sacrifice has He made for us, that we should become children of God, and for us to be thus honored.",
    "puborder": 4329,
    "translations": []
  },
  {
    "para_id": "14070.9264012",
    "id_prev": "14070.9264011",
    "id_next": "14070.9264013",
    "refcode_1": "20LtMs",
    "refcode_2": "1",
    "refcode_3": "2919",
    "refcode_4": "1905035800",
    "refcode_short": "20LtMs, Lt 358, 1905, par. 6",
    "refcode_long": "Letters and Manuscripts — Volume 20 (1905), Lt 358, 1905, par. 6",
    "element_type": "p",
    "element_subtype": "standard-indented",
    "content": "We should be always cheerful, thankful, and happy. We can win the crown of life.",
    "puborder": 4330,
    "translations": []
  },
  {
    "para_id": "14070.9264013",
    "id_prev": "14070.9264012",
    "id_next": "14070.10203001",
    "refcode_1": "20LtMs",
    "refcode_2": "1",
    "refcode_3": "2920",
    "refcode_4": "1905035800",
    "refcode_short": "20LtMs, Lt 358, 1905, par. 7",
    "refcode_long": "Letters and Manuscripts — Volume 20 (1905), Lt 358, 1905, par. 7",
    "element_type": "p",
    "element_subtype": "standard-indented",
    "content": "Elder Haskell and wife came Wednesday evening. I wish much that you could have met them. We are glad to see them, and they are both faithful servants of God.",
    "puborder": 4331,
    "translations": []
  }
]