[
  {
    "para_id": "14070.8737001",
    "id_prev": "14070.10706024",
    "id_next": "14070.8737004",
    "refcode_1": "20LtMs",
    "refcode_2": "1",
    "refcode_3": "",
    "refcode_4": "1905004100",
    "refcode_short": "20LtMs, Lt 41, 1905",
    "refcode_long": "Letters and Manuscripts — Volume 20 (1905), Lt 41, 1905",
    "element_type": "h4",
    "element_subtype": "",
    "content": "Lt 41, 1905",
    "puborder": 438,
    "translations": []
  },
  {
    "para_id": "14070.8737004",
    "id_prev": "14070.8737001",
    "id_next": "14070.8737002",
    "refcode_1": "20LtMs",
    "refcode_2": "1",
    "refcode_3": "",
    "refcode_4": "1905004100",
    "refcode_short": "",
    "refcode_long": "",
    "element_type": "p",
    "element_subtype": "ltaddressee",
    "content": "Belden, Brother and Sister [S. T.]",
    "puborder": 439,
    "translations": []
  },
  {
    "para_id": "14070.8737002",
    "id_prev": "14070.8737004",
    "id_next": "14070.8737003",
    "refcode_1": "20LtMs",
    "refcode_2": "1",
    "refcode_3": "",
    "refcode_4": "1905004100",
    "refcode_short": "",
    "refcode_long": "",
    "element_type": "p",
    "element_subtype": "ltplace",
    "content": "<span class=\"ltplace\" value=\"St. Helena, California\">&ldquo;Elmshaven,&rdquo; St. Helena, California</span>",
    "puborder": 440,
    "translations": []
  },
  {
    "para_id": "14070.8737003",
    "id_prev": "14070.8737002",
    "id_next": "14070.8737005",
    "refcode_1": "20LtMs",
    "refcode_2": "1",
    "refcode_3": "",
    "refcode_4": "1905004100",
    "refcode_short": "",
    "refcode_long": "",
    "element_type": "p",
    "element_subtype": "ltdate",
    "content": "<span class=\"ltdate\" start=\"February 1, 1905\">February 1, 1905</span>",
    "puborder": 441,
    "translations": []
  },
  {
    "para_id": "14070.8737005",
    "id_prev": "14070.8737003",
    "id_next": "14070.8737006",
    "refcode_1": "20LtMs",
    "refcode_2": "1",
    "refcode_3": "",
    "refcode_4": "1905004100",
    "refcode_short": "",
    "refcode_long": "",
    "element_type": "p",
    "element_subtype": "ltpubinfo",
    "content": "This letter is published in entirety in <span class=\"egwlink egwlink_book\" title=\"RY 60\" data-link=\"137.295\">RY 60-62</span>.",
    "puborder": 442,
    "translations": []
  },
  {
    "para_id": "14070.8737006",
    "id_prev": "14070.8737005",
    "id_next": "14070.8737007",
    "refcode_1": "20LtMs",
    "refcode_2": "1",
    "refcode_3": "",
    "refcode_4": "1905004100",
    "refcode_short": "",
    "refcode_long": "",
    "element_type": "p",
    "element_subtype": "ltsalutation",
    "content": "Dear Brother and Sister Belden,&mdash;",
    "puborder": 443,
    "translations": []
  },
  {
    "para_id": "14070.8737007",
    "id_prev": "14070.8737006",
    "id_next": "14070.8737008",
    "refcode_1": "20LtMs",
    "refcode_2": "1",
    "refcode_3": "300",
    "refcode_4": "1905004100",
    "refcode_short": "20LtMs, Lt 41, 1905, par. 1",
    "refcode_long": "Letters and Manuscripts — Volume 20 (1905), Lt 41, 1905, par. 1",
    "element_type": "p",
    "element_subtype": "standard-indented",
    "content": "I am sending you with this copies of letters in which you may be interested. I wish I could talk with you both. I wish to ask you, Do you receive the two dollars a week that I arranged to have sent you by the Australian Union Conference? Please tell me in regard to this. Brother Hindson says that generally the money has been placed to your credit on the office books, and that you have sent to the office orders for goods which have been filled. Would you prefer to have the money sent you? If so, please let this be known, and it will be done.",
    "puborder": 444,
    "translations": []
  },
  {
    "para_id": "14070.8737008",
    "id_prev": "14070.8737007",
    "id_next": "14070.8737009",
    "refcode_1": "20LtMs",
    "refcode_2": "1",
    "refcode_3": "301",
    "refcode_4": "1905004100",
    "refcode_short": "20LtMs, Lt 41, 1905, par. 2",
    "refcode_long": "Letters and Manuscripts — Volume 20 (1905), Lt 41, 1905, par. 2",
    "element_type": "p",
    "element_subtype": "standard-indented",
    "content": "I made the arrangement before leaving Australia that you were to receive a certain sum each week. The brethren gave me their word that they would do as I had requested. Please let me know your circumstances; and if the arrangement that I made has not been carried out, I will write again about it. I do not want you to suffer for want of food and clothing.",
    "puborder": 445,
    "translations": []
  },
  {
    "para_id": "14070.8737009",
    "id_prev": "14070.8737008",
    "id_next": "14070.8737010",
    "refcode_1": "20LtMs",
    "refcode_2": "1",
    "refcode_3": "302",
    "refcode_4": "1905004100",
    "refcode_short": "20LtMs, Lt 41, 1905, par. 3",
    "refcode_long": "Letters and Manuscripts — Volume 20 (1905), Lt 41, 1905, par. 3",
    "element_type": "p",
    "element_subtype": "standard-indented",
    "content": "It is not right that Frank does not write to you often. I am very sorry that he does not do this and that he does not give you any financial help. Be assured that you shall not want while I live, if you will keep me acquainted with your circumstances. If your children neglect their duty, I will try to supply the lack, though I am paying interest on twenty thousand dollars.",
    "puborder": 446,
    "translations": []
  },
  {
    "para_id": "14070.8737010",
    "id_prev": "14070.8737009",
    "id_next": "14070.8737011",
    "refcode_1": "20LtMs",
    "refcode_2": "1",
    "refcode_3": "303",
    "refcode_4": "1905004100",
    "refcode_short": "20LtMs, Lt 41, 1905, par. 4",
    "refcode_long": "Letters and Manuscripts — Volume 20 (1905), Lt 41, 1905, par. 4",
    "element_type": "p",
    "element_subtype": "standard-indented",
    "content": "Please write to me every mail. In the last mail I sent a response to your question regarding your coming to America. I dare not take the responsibility of deciding this matter. You can do as you think best and as your friends shall decide. I dare not at my age take any more responsibility. I have very heavy burdens to bear in connection with the cause of God. Morning after morning I rise at one and two o&rsquo;clock to write out important matters.",
    "puborder": 447,
    "translations": []
  },
  {
    "para_id": "14070.8737011",
    "id_prev": "14070.8737010",
    "id_next": "14070.8737012",
    "refcode_1": "20LtMs",
    "refcode_2": "1",
    "refcode_3": "304",
    "refcode_4": "1905004100",
    "refcode_short": "20LtMs, Lt 41, 1905, par. 5",
    "refcode_long": "Letters and Manuscripts — Volume 20 (1905), Lt 41, 1905, par. 5",
    "element_type": "p",
    "element_subtype": "standard-indented",
    "content": "With much love,",
    "puborder": 448,
    "translations": []
  },
  {
    "para_id": "14070.8737012",
    "id_prev": "14070.8737011",
    "id_next": "14070.8153001",
    "refcode_1": "20LtMs",
    "refcode_2": "1",
    "refcode_3": "305",
    "refcode_4": "1905004100",
    "refcode_short": "20LtMs, Lt 41, 1905, par. 6",
    "refcode_long": "Letters and Manuscripts — Volume 20 (1905), Lt 41, 1905, par. 6",
    "element_type": "p",
    "element_subtype": "standard-indented",
    "content": "Your sister.",
    "puborder": 449,
    "translations": []
  }
]