[
  {
    "para_id": "14070.9497001",
    "id_prev": "14070.13722003",
    "id_next": "14070.9497004",
    "refcode_1": "20LtMs",
    "refcode_2": "1",
    "refcode_3": "",
    "refcode_4": "1905034800",
    "refcode_short": "20LtMs, Lt 348, 1905",
    "refcode_long": "Letters and Manuscripts — Volume 20 (1905), Lt 348, 1905",
    "element_type": "h4",
    "element_subtype": "",
    "content": "Lt 348, 1905",
    "puborder": 4175,
    "translations": []
  },
  {
    "para_id": "14070.9497004",
    "id_prev": "14070.9497001",
    "id_next": "14070.9497002",
    "refcode_1": "20LtMs",
    "refcode_2": "1",
    "refcode_3": "",
    "refcode_4": "1905034800",
    "refcode_short": "",
    "refcode_long": "",
    "element_type": "p",
    "element_subtype": "ltaddressee",
    "content": "White, W. C.",
    "puborder": 4176,
    "translations": []
  },
  {
    "para_id": "14070.9497002",
    "id_prev": "14070.9497004",
    "id_next": "14070.9497003",
    "refcode_1": "20LtMs",
    "refcode_2": "1",
    "refcode_3": "",
    "refcode_4": "1905034800",
    "refcode_short": "",
    "refcode_long": "",
    "element_type": "p",
    "element_subtype": "ltplace",
    "content": "<span class=\"ltplace\" value=\"St. Helena, California\">&ldquo;Elmshaven,&rdquo; St. Helena, California</span>",
    "puborder": 4177,
    "translations": []
  },
  {
    "para_id": "14070.9497003",
    "id_prev": "14070.9497002",
    "id_next": "14070.9497005",
    "refcode_1": "20LtMs",
    "refcode_2": "1",
    "refcode_3": "",
    "refcode_4": "1905034800",
    "refcode_short": "",
    "refcode_long": "",
    "element_type": "p",
    "element_subtype": "ltdate",
    "content": "<span class=\"ltdate\" start=\"December 7, 1905\">December 7, 1905</span>",
    "puborder": 4178,
    "translations": []
  },
  {
    "para_id": "14070.9497005",
    "id_prev": "14070.9497003",
    "id_next": "14070.9497006",
    "refcode_1": "20LtMs",
    "refcode_2": "1",
    "refcode_3": "",
    "refcode_4": "1905034800",
    "refcode_short": "",
    "refcode_long": "",
    "element_type": "p",
    "element_subtype": "ltpubinfo",
    "content": "Previously unpublished.",
    "puborder": 4179,
    "translations": []
  },
  {
    "para_id": "14070.9497006",
    "id_prev": "14070.9497005",
    "id_next": "14070.9497007",
    "refcode_1": "20LtMs",
    "refcode_2": "1",
    "refcode_3": "",
    "refcode_4": "1905034800",
    "refcode_short": "",
    "refcode_long": "",
    "element_type": "p",
    "element_subtype": "ltsalutation",
    "content": "Dear Son Willie,&mdash;",
    "puborder": 4180,
    "translations": []
  },
  {
    "para_id": "14070.9497007",
    "id_prev": "14070.9497006",
    "id_next": "14070.9497008",
    "refcode_1": "20LtMs",
    "refcode_2": "1",
    "refcode_3": "2821",
    "refcode_4": "1905034800",
    "refcode_short": "20LtMs, Lt 348, 1905, par. 1",
    "refcode_long": "Letters and Manuscripts — Volume 20 (1905), Lt 348, 1905, par. 1",
    "element_type": "p",
    "element_subtype": "standard-indented",
    "content": "I sent you a letter yesterday. All so busy I did not want [any one] to occupy the time to copy it, for there was important matter being prepared; and this cannot be copied.",
    "puborder": 4181,
    "translations": []
  },
  {
    "para_id": "14070.9497008",
    "id_prev": "14070.9497007",
    "id_next": "14070.9497009",
    "refcode_1": "20LtMs",
    "refcode_2": "1",
    "refcode_3": "2822",
    "refcode_4": "1905034800",
    "refcode_short": "20LtMs, Lt 348, 1905, par. 2",
    "refcode_long": "Letters and Manuscripts — Volume 20 (1905), Lt 348, 1905, par. 2",
    "element_type": "p",
    "element_subtype": "standard-indented",
    "content": "Mrs. Bartlett came to Sarah this morning and asked her if Sister White would like to hire four hundred dollars. Sarah told her that she thought that I would, for there are places where I could use this money to good advantage, but I could not pay over five percent interest. She said she would let us have it for that and required your name and mine. We told her she could have my name now and your name when you returned.",
    "puborder": 4182,
    "translations": []
  },
  {
    "para_id": "14070.9497009",
    "id_prev": "14070.9497008",
    "id_next": "14070.9497010",
    "refcode_1": "20LtMs",
    "refcode_2": "1",
    "refcode_3": "2823",
    "refcode_4": "1905034800",
    "refcode_short": "20LtMs, Lt 348, 1905, par. 3",
    "refcode_long": "Letters and Manuscripts — Volume 20 (1905), Lt 348, 1905, par. 3",
    "element_type": "p",
    "element_subtype": "standard-indented",
    "content": "I see several places where this can be used to good advantage. From Atlanta Brother Starr sends a most pitiful appeal for help, and I have not responded yet. Several days ago he wrote me to see if I could not in some way help them. I have been so earnestly examining letters dealing with past experience that I have done nothing about the matter. Perhaps you can tell me where to apply it. I will place it in the bank until I receive some counsel from you. Shall I place it in the bank where I have an account on which we are paying eight percent?",
    "puborder": 4183,
    "translations": []
  },
  {
    "para_id": "14070.9497010",
    "id_prev": "14070.9497009",
    "id_next": "14070.9497011",
    "refcode_1": "20LtMs",
    "refcode_2": "1",
    "refcode_3": "2824",
    "refcode_4": "1905034800",
    "refcode_short": "20LtMs, Lt 348, 1905, par. 4",
    "refcode_long": "Letters and Manuscripts — Volume 20 (1905), Lt 348, 1905, par. 4",
    "element_type": "p",
    "element_subtype": "standard-indented",
    "content": "I see several places where there is need, and now instruct me which way it shall be used. I want it to be just where the Lord would have it. Well, I will place it in the bank tomorrow, and then you can write me about it.",
    "puborder": 4184,
    "translations": []
  },
  {
    "para_id": "14070.9497011",
    "id_prev": "14070.9497010",
    "id_next": "14070.9497012",
    "refcode_1": "20LtMs",
    "refcode_2": "1",
    "refcode_3": "2825",
    "refcode_4": "1905034800",
    "refcode_short": "20LtMs, Lt 348, 1905, par. 5",
    "refcode_long": "Letters and Manuscripts — Volume 20 (1905), Lt 348, 1905, par. 5",
    "element_type": "p",
    "element_subtype": "standard-indented",
    "content": "I am pleased to tell you I slept nearly eight hours last night. We have been having very pleasant sunshiny days. Have taken the route by Pratt&rsquo;s, for it is now free from dust. We have had three showers which have washed the trees clean of dust and laid the dust of the road. I have ridden out nearly every day, and I shall continue to do so. Sara has gone to the stores with your wife May and the children to get them some things they needed. May is well and cheerful.",
    "puborder": 4185,
    "translations": []
  },
  {
    "para_id": "14070.9497012",
    "id_prev": "14070.9497011",
    "id_next": "14070.9497013",
    "refcode_1": "20LtMs",
    "refcode_2": "1",
    "refcode_3": "2826",
    "refcode_4": "1905034800",
    "refcode_short": "20LtMs, Lt 348, 1905, par. 6",
    "refcode_long": "Letters and Manuscripts — Volume 20 (1905), Lt 348, 1905, par. 6",
    "element_type": "p",
    "element_subtype": "standard-indented",
    "content": "Sister King&rsquo;s sister is improving. She has gained seven pounds. Their little girl boards with us. Sara, Maggie, and Sister Graham went to Oakland and were absent about ten days. Sister Peck and I rode out together several times. I have not much news to write you, but your home matters seen all straight.",
    "puborder": 4186,
    "translations": []
  },
  {
    "para_id": "14070.9497013",
    "id_prev": "14070.9497012",
    "id_next": "14070.9497014",
    "refcode_1": "20LtMs",
    "refcode_2": "1",
    "refcode_3": "2827",
    "refcode_4": "1905034800",
    "refcode_short": "20LtMs, Lt 348, 1905, par. 7",
    "refcode_long": "Letters and Manuscripts — Volume 20 (1905), Lt 348, 1905, par. 7",
    "element_type": "p",
    "element_subtype": "standard-indented",
    "content": "I am burdened down with the ideas of the supposed calculations Dr. Kellogg has in mind, but the Lord lives and reigns. You can see by my letter I shall not leave my home to go to Loma Linda. I have now to guard myself that I shall not keep closely to my writing. I cannot do it; and should I leave it, I could not take my workers with me and I could accomplish little.",
    "puborder": 4187,
    "translations": []
  },
  {
    "para_id": "14070.9497014",
    "id_prev": "14070.9497013",
    "id_next": "14070.9497015",
    "refcode_1": "20LtMs",
    "refcode_2": "1",
    "refcode_3": "2828",
    "refcode_4": "1905034800",
    "refcode_short": "20LtMs, Lt 348, 1905, par. 8",
    "refcode_long": "Letters and Manuscripts — Volume 20 (1905), Lt 348, 1905, par. 8",
    "element_type": "p",
    "element_subtype": "standard-indented",
    "content": "Dores is entering into genuine work in the old gentlemen&rsquo;s home. He is now doing genuine evangelistic work in the ministry of the Word. He has quite a good class now, and there are many deeply interested in the truth.",
    "puborder": 4188,
    "translations": []
  },
  {
    "para_id": "14070.9497015",
    "id_prev": "14070.9497014",
    "id_next": "14070.8522001",
    "refcode_1": "20LtMs",
    "refcode_2": "1",
    "refcode_3": "2829",
    "refcode_4": "1905034800",
    "refcode_short": "20LtMs, Lt 348, 1905, par. 9",
    "refcode_long": "Letters and Manuscripts — Volume 20 (1905), Lt 348, 1905, par. 9",
    "element_type": "p",
    "element_subtype": "standard-indented",
    "content": "I see I must give close application to matter that I wish to have republished. I had a good mail from Australia. I will send you a couple of letters that may interest you.",
    "puborder": 4189,
    "translations": []
  }
]