[
  {
    "para_id": "13960.609",
    "id_prev": "13960.607",
    "id_next": "13960.610",
    "refcode_1": "101Q",
    "refcode_2": "117",
    "refcode_3": "",
    "refcode_4": "50",
    "refcode_short": "101Q 117",
    "refcode_long": "101 Questions - About Ellen White and Her Writings, p. 117 (William A. Fagal)",
    "element_type": "h3",
    "element_subtype": "",
    "content": "Question 50: Will all the Adventist leaders fall in the last days? (&ldquo;Will Ross Statement&rdquo;)",
    "puborder": 451,
    "translations": []
  },
  {
    "para_id": "13960.610",
    "id_prev": "13960.609",
    "id_next": "13960.611",
    "refcode_1": "101Q",
    "refcode_2": "117",
    "refcode_3": "1",
    "refcode_4": "",
    "refcode_short": "101Q 117.1",
    "refcode_long": "101 Questions - About Ellen White and Her Writings, p. 117.1 (William A. Fagal)",
    "element_type": "p",
    "element_subtype": "standard-indented",
    "content": "<em>I have a paper that refers to a statement by Ellen White made about the year 1908. While waiting at the Loma Linda railroad depot in the company of Will Ross, Sister McInterfer, and Elder D. E. Robinson, she referred to a terrible storm of persecution that was coming. [Ross&rsquo;s statement claims she said that after the storm those who had been church leaders &ldquo;were never seen anymore,&rdquo; and new leaders &ldquo;who had never sought positions before&rdquo; would take their place.] Can you tell me anything about this statement?</em>",
    "puborder": 452,
    "translations": []
  },
  {
    "para_id": "13960.611",
    "id_prev": "13960.610",
    "id_next": "13960.612",
    "refcode_1": "101Q",
    "refcode_2": "117",
    "refcode_3": "2",
    "refcode_4": "",
    "refcode_short": "101Q 117.2",
    "refcode_long": "101 Questions - About Ellen White and Her Writings, p. 117.2 (William A. Fagal)",
    "element_type": "p",
    "element_subtype": "standard-indented",
    "content": "I have two items here that may be of some help to you. The first is a statement from Arthur L. White, and the second is one from D. E. Robinson.",
    "puborder": 453,
    "translations": []
  },
  {
    "para_id": "13960.612",
    "id_prev": "13960.611",
    "id_next": "13960.613",
    "refcode_1": "101Q",
    "refcode_2": "117",
    "refcode_3": "3",
    "refcode_4": "",
    "refcode_short": "101Q 117.3",
    "refcode_long": "101 Questions - About Ellen White and Her Writings, p. 117.3 (William A. Fagal)",
    "element_type": "p",
    "element_subtype": "standard-indented",
    "content": "Arthur White begins by pointing out that the supposed statement is &ldquo;based entirely on the memory of one man.&rdquo; Then he notes that while the report claims Will Ross lived near Ellen White in Loma Linda and often went for walks with her, she actually was living in Elmshaven at the time and no longer did much walking. &ldquo;The point I am endeavoring to make,&rdquo; Elder White wrote, &ldquo;is that as time goes on matters of this kind tend to blur in the memory. Some things stand out in great boldness and other things rather disappear. Copies of the statement from Mr. Ross which we have indicate that this was written out 36 years after the event which he reports. If this is so, it adds to our problem of lapse of time and unreliability of memory.&rdquo;",
    "puborder": 454,
    "translations": []
  },
  {
    "para_id": "13960.613",
    "id_prev": "13960.612",
    "id_next": "13960.614",
    "refcode_1": "101Q",
    "refcode_2": "117",
    "refcode_3": "4",
    "refcode_4": "",
    "refcode_short": "101Q 117.4",
    "refcode_long": "101 Questions - About Ellen White and Her Writings, p. 117.4 (William A. Fagal)",
    "element_type": "p",
    "element_subtype": "standard-indented",
    "content": "Eventually, Arthur White turns to what Ellen White actually has to say about the church in the end time. He says that in volume 2 of <em>Selected Messages</em>, writing in 1893, Sister White describes several situations which she was called upon to meet where individuals were advocating that the church would go to pieces. You will find these on pages 64-66, but I call attention to one statement in particular. She writes of:",
    "puborder": 455,
    "translations": []
  },
  {
    "para_id": "13960.614",
    "id_prev": "13960.613",
    "id_next": "13960.617",
    "refcode_1": "101Q",
    "refcode_2": "117",
    "refcode_3": "5",
    "refcode_4": "",
    "refcode_short": "101Q 117.5",
    "refcode_long": "101 Questions - About Ellen White and Her Writings, p. 117.5 (William A. Fagal)",
    "element_type": "p",
    "element_subtype": "standard-indented",
    "content": "&ldquo;One, Garmire, who advocated and published a message in regard to the loud cry of the third angel; he accused the church in a similar manner to what you are now doing. He said the leaders in the church <span class=\"page-break\" data-page=\"118\"></span> would all fall through self-exaltation, and another class of humble men would come to the front, who would do wonderful things. . . .",
    "puborder": 456,
    "translations": []
  },
  {
    "para_id": "13960.617",
    "id_prev": "13960.614",
    "id_next": "13960.618",
    "refcode_1": "101Q",
    "refcode_2": "118",
    "refcode_3": "1",
    "refcode_4": "",
    "refcode_short": "101Q 118.1",
    "refcode_long": "101 Questions - About Ellen White and Her Writings, p. 118.1 (William A. Fagal)",
    "element_type": "p",
    "element_subtype": "standard-indented",
    "content": "&ldquo;This delusion was opened to me. . . . The word of God came from God to me, &lsquo;Believe them not, I have not sent them!&rsquo; &rdquo;",
    "puborder": 457,
    "translations": []
  },
  {
    "para_id": "13960.618",
    "id_prev": "13960.617",
    "id_next": "13960.619",
    "refcode_1": "101Q",
    "refcode_2": "118",
    "refcode_3": "2",
    "refcode_4": "",
    "refcode_short": "101Q 118.2",
    "refcode_long": "101 Questions - About Ellen White and Her Writings, p. 118.2 (William A. Fagal)",
    "element_type": "p",
    "element_subtype": "standard-indented",
    "content": "Then Sister White, in her last message to the General Conference in session in 1913, expressed many times her confidence in the triumph of the church. She made no reference to a situation like that which has been reported to you in the statement from Brother Ross.",
    "puborder": 458,
    "translations": []
  },
  {
    "para_id": "13960.619",
    "id_prev": "13960.618",
    "id_next": "13960.620",
    "refcode_1": "101Q",
    "refcode_2": "118",
    "refcode_3": "3",
    "refcode_4": "",
    "refcode_short": "101Q 118.3",
    "refcode_long": "101 Questions - About Ellen White and Her Writings, p. 118.3 (William A. Fagal)",
    "element_type": "p",
    "element_subtype": "standard-indented",
    "content": "Her last message to the General Conference in session carried the title &ldquo;Courage in the Lord.&rdquo; You will find it recorded in Selected Messages, Book 2, pp. 402-408. . . .",
    "puborder": 459,
    "translations": []
  },
  {
    "para_id": "13960.620",
    "id_prev": "13960.619",
    "id_next": "13960.621",
    "refcode_1": "101Q",
    "refcode_2": "118",
    "refcode_3": "4",
    "refcode_4": "",
    "refcode_short": "101Q 118.4",
    "refcode_long": "101 Questions - About Ellen White and Her Writings, p. 118.4 (William A. Fagal)",
    "element_type": "p",
    "element_subtype": "standard-indented",
    "content": "I would like to direct your attention, too, to the entire chapter appearing in <em>Selected Messages</em>, Book 1, beginning on page 176, entitled &ldquo;The Peril of Extreme Views.&rdquo;",
    "puborder": 460,
    "translations": []
  },
  {
    "para_id": "13960.621",
    "id_prev": "13960.620",
    "id_next": "13960.622",
    "refcode_1": "101Q",
    "refcode_2": "118",
    "refcode_3": "5",
    "refcode_4": "",
    "refcode_short": "101Q 118.5",
    "refcode_long": "101 Questions - About Ellen White and Her Writings, p. 118.5 (William A. Fagal)",
    "element_type": "p",
    "element_subtype": "standard-indented",
    "content": "While D. E. Robinson, one of the supposed witnesses to this conversation, was working at the Ellen G. White Estate, he wrote,",
    "puborder": 461,
    "translations": []
  },
  {
    "para_id": "13960.622",
    "id_prev": "13960.621",
    "id_next": "13960.623",
    "refcode_1": "101Q",
    "refcode_2": "118",
    "refcode_3": "6",
    "refcode_4": "",
    "refcode_short": "101Q 118.6",
    "refcode_long": "101 Questions - About Ellen White and Her Writings, p. 118.6 (William A. Fagal)",
    "element_type": "p",
    "element_subtype": "standard-indented",
    "content": "Yesterday I received your letter of inquiry regarding an alleged statement made by Mrs. White by a Mr. Ross, of Boulder, Colorado.",
    "puborder": 462,
    "translations": []
  },
  {
    "para_id": "13960.623",
    "id_prev": "13960.622",
    "id_next": "13960.624",
    "refcode_1": "101Q",
    "refcode_2": "118",
    "refcode_3": "7",
    "refcode_4": "",
    "refcode_short": "101Q 118.7",
    "refcode_long": "101 Questions - About Ellen White and Her Writings, p. 118.7 (William A. Fagal)",
    "element_type": "p",
    "element_subtype": "standard-indented",
    "content": "Am glad that you sought to verify the statement before accepting it as true in all details. . . .",
    "puborder": 463,
    "translations": []
  },
  {
    "para_id": "13960.624",
    "id_prev": "13960.623",
    "id_next": "13960.625",
    "refcode_1": "101Q",
    "refcode_2": "118",
    "refcode_3": "8",
    "refcode_4": "",
    "refcode_short": "101Q 118.8",
    "refcode_long": "101 Questions - About Ellen White and Her Writings, p. 118.8 (William A. Fagal)",
    "element_type": "p",
    "element_subtype": "standard-indented",
    "content": "I can say unqualifiedly not only that I do not remember any such statement ever having been made in my presence, or found in the manu-scripts which as one of Mrs. White&rsquo;s secretaries it was my privilege to copy on the typewriter or to edit, or to index. . . .",
    "puborder": 464,
    "translations": []
  },
  {
    "para_id": "13960.625",
    "id_prev": "13960.624",
    "id_next": "13960.626",
    "refcode_1": "101Q",
    "refcode_2": "118",
    "refcode_3": "9",
    "refcode_4": "",
    "refcode_short": "101Q 118.9",
    "refcode_long": "101 Questions - About Ellen White and Her Writings, p. 118.9 (William A. Fagal)",
    "element_type": "p",
    "element_subtype": "standard-indented",
    "content": "Not only do I feel certain that she did not make such a prediction, but I know that it is not in harmony with her own attitude toward the work, nor in her confidence in the leaders of the church up until the time of her death.",
    "puborder": 465,
    "translations": []
  },
  {
    "para_id": "13960.626",
    "id_prev": "13960.625",
    "id_next": "13960.628",
    "refcode_1": "101Q",
    "refcode_2": "118",
    "refcode_3": "10",
    "refcode_4": "",
    "refcode_short": "101Q 118.10",
    "refcode_long": "101 Questions - About Ellen White and Her Writings, p. 118.10 (William A. Fagal)",
    "element_type": "p",
    "element_subtype": "standard-indented",
    "content": "In light of these statements, I would not give credence to the startling claims of Mr. Ross. This is not to accuse him of anything more than an unreliable memory, something that I myself am all too prone to exhibit.",
    "puborder": 466,
    "translations": []
  }
]