[
  {
    "para_id": "20.1291",
    "id_prev": "20.1288",
    "id_next": "20.1292",
    "refcode_1": "CH",
    "refcode_2": "252",
    "refcode_3": "",
    "refcode_4": "103",
    "refcode_short": "CH 252",
    "refcode_long": "Counsels on Health, p. 252 (Ellen Gould White)",
    "element_type": "h4",
    "element_subtype": "",
    "content": "A Treasure House of Experience",
    "puborder": 956,
    "translations": [
      {
        "para_id": "163.1350",
        "lang": "es",
        "refcode": "CSI 249"
      },
      {
        "para_id": "11094.1323",
        "lang": "pt",
        "refcode": "CSa 252"
      },
      {
        "para_id": "2726.1294",
        "lang": "ro",
        "refcode": "SS 252"
      }
    ]
  },
  {
    "para_id": "20.1292",
    "id_prev": "20.1291",
    "id_next": "20.1293",
    "refcode_1": "CH",
    "refcode_2": "252",
    "refcode_3": "1",
    "refcode_4": "",
    "refcode_short": "CH 252.1",
    "refcode_long": "Counsels on Health, p. 252.1 (Ellen Gould White)",
    "element_type": "p",
    "element_subtype": "standard-indented",
    "content": "Those who engage in sanitarium work should have a treasure house full of rich experience, because the truth is implanted in the heart, and as a holy thing is tended and fed by the grace of God. Rooted and grounded in the truth, they should have a faith that works by love and purifies the soul. Constantly asking for blessings, they should keep the windows of the soul closed earthward against the malarious atmosphere of the world, and opened heavenward to receive the bright beams of the Sun of Righteousness.",
    "puborder": 957,
    "translations": [
      {
        "para_id": "163.1351",
        "lang": "es",
        "refcode": "CSI 249.1"
      },
      {
        "para_id": "11094.1324",
        "lang": "pt",
        "refcode": "CSa 252.1"
      },
      {
        "para_id": "2726.1295",
        "lang": "ro",
        "refcode": "SS 252.1"
      }
    ]
  },
  {
    "para_id": "20.1293",
    "id_prev": "20.1292",
    "id_next": "20.1294",
    "refcode_1": "CH",
    "refcode_2": "252",
    "refcode_3": "2",
    "refcode_4": "",
    "refcode_short": "CH 252.2",
    "refcode_long": "Counsels on Health, p. 252.2 (Ellen Gould White)",
    "element_type": "p",
    "element_subtype": "standard-indented",
    "content": "Who is preparing to take hold understandingly of medical missionary work? By this work the minds of those who come to our sanitariums for treatment are to be led to Christ and taught to unite their weakness with His strength. Every worker should be understandingly efficient. Then in a high, broad sense he can present the truth as it is in Jesus.",
    "puborder": 958,
    "translations": [
      {
        "para_id": "163.1352",
        "lang": "es",
        "refcode": "CSI 249.2"
      },
      {
        "para_id": "11094.1325",
        "lang": "pt",
        "refcode": "CSa 252.2"
      },
      {
        "para_id": "2726.1296",
        "lang": "ro",
        "refcode": "SS 252.2"
      }
    ]
  },
  {
    "para_id": "20.1294",
    "id_prev": "20.1293",
    "id_next": "20.1297",
    "refcode_1": "CH",
    "refcode_2": "252",
    "refcode_3": "3",
    "refcode_4": "",
    "refcode_short": "CH 252.3",
    "refcode_long": "Counsels on Health, p. 252.3 (Ellen Gould White)",
    "element_type": "p",
    "element_subtype": "standard-indented",
    "content": "The workers in our sanitariums are continually exposed to temptation. They are brought in contact with unbelievers, and those who are not sound in the faith will be harmed by the contact. But those who are abiding in Christ will meet unbelievers as He met them, refusing to be drawn from their allegiance, but always ready to speak a word in season, always ready to sow the seeds of truth. They will watch unto prayer, firmly maintaining their integrity, and daily showing the consistency of their religion. The influence of such workers is a blessing to many. By a well-ordered life they draw souls to the cross. A <span class=\"page-break\" data-page=\"253\"></span> true Christian constantly acknowledges Christ. He is always cheerful, always ready to speak words of hope and comfort to the suffering.",
    "puborder": 959,
    "translations": [
      {
        "para_id": "163.1353",
        "lang": "es",
        "refcode": "CSI 249.3"
      },
      {
        "para_id": "11094.1326",
        "lang": "pt",
        "refcode": "CSa 252.3"
      },
      {
        "para_id": "2726.1297",
        "lang": "ro",
        "refcode": "SS 252.3"
      }
    ]
  },
  {
    "para_id": "20.1297",
    "id_prev": "20.1294",
    "id_next": "20.1298",
    "refcode_1": "CH",
    "refcode_2": "253",
    "refcode_3": "1",
    "refcode_4": "",
    "refcode_short": "CH 253.1",
    "refcode_long": "Counsels on Health, p. 253.1 (Ellen Gould White)",
    "element_type": "p",
    "element_subtype": "standard-indented",
    "content": "&ldquo;The fear of the Lord is the beginning of knowledge.&rdquo; <span class=\"egwlink egwlink_bible\" title=\"Proverbs 1:7\" data-link=\"1965.33466\">Proverbs 1:7</span>. One sentence of Scripture is of more value than ten thousand of man&apos;s ideas or arguments. Those who refuse to follow God&apos;s way will finally receive the sentence, &ldquo;Depart from Me.&rdquo; But when we submit to God&apos;s way, the Lord Jesus guides our minds and fills our lips with assurance. We may be strong in the Lord and in the power of His might. Receiving Christ, we are clothed with power. An indwelling Saviour makes His power our property. The truth becomes our stock in trade. No unrighteousness is seen in the life. We are able to speak words in season to those who know not the truth. Christ&apos;s presence in the heart is a vitalizing power, strengthening the entire being.",
    "puborder": 960,
    "translations": [
      {
        "para_id": "163.1356",
        "lang": "es",
        "refcode": "CSI 250.1"
      },
      {
        "para_id": "11094.1329",
        "lang": "pt",
        "refcode": "CSa 253.1"
      },
      {
        "para_id": "2726.1300",
        "lang": "ro",
        "refcode": "SS 253.1"
      }
    ]
  }
]