[
  {
    "para_id": "20.2806",
    "id_prev": "20.2805",
    "id_next": "20.2807",
    "refcode_1": "CH",
    "refcode_2": "534",
    "refcode_3": "",
    "refcode_4": "229",
    "refcode_short": "CH 534",
    "refcode_long": "Counsels on Health, p. 534 (Ellen Gould White)",
    "element_type": "h3",
    "element_subtype": "",
    "content": "In Faith and Humility",
    "puborder": 2123,
    "translations": [
      {
        "para_id": "163.2922",
        "lang": "es",
        "refcode": "CSI 535"
      },
      {
        "para_id": "11094.2854",
        "lang": "pt",
        "refcode": "CSa 534"
      },
      {
        "para_id": "2726.2825",
        "lang": "ro",
        "refcode": "SS 534"
      }
    ]
  },
  {
    "para_id": "20.2807",
    "id_prev": "20.2806",
    "id_next": "20.2808",
    "refcode_1": "CH",
    "refcode_2": "534",
    "refcode_3": "3",
    "refcode_4": "",
    "refcode_short": "CH 534.3",
    "refcode_long": "Counsels on Health, p. 534.3 (Ellen Gould White)",
    "element_type": "p",
    "element_subtype": "standard-indented",
    "content": "The gospel of Christ is to be lived, practiced in the daily life. The servants of God are to be cleansed from all coldness, all selfishness. Simplicity, meekness, lowliness, are of great value in the work of God. Try to unite the workers in confidence and love. If you cannot do this, be right yourselves, and leave the rest with God. Labor in faith and prayer. Select Christian youth and train them to be, not workers with hearts like iron, but workers who are willing to harmonize.",
    "puborder": 2124,
    "translations": [
      {
        "para_id": "163.2923",
        "lang": "es",
        "refcode": "CSI 535.2"
      },
      {
        "para_id": "11094.2855",
        "lang": "pt",
        "refcode": "CSa 534.2"
      },
      {
        "para_id": "2726.2826",
        "lang": "ro",
        "refcode": "SS 534.2"
      }
    ]
  },
  {
    "para_id": "20.2808",
    "id_prev": "20.2807",
    "id_next": "20.2810",
    "refcode_1": "CH",
    "refcode_2": "534",
    "refcode_3": "4",
    "refcode_4": "",
    "refcode_short": "CH 534.4",
    "refcode_long": "Counsels on Health, p. 534.4 (Ellen Gould White)",
    "element_type": "p",
    "element_subtype": "standard-indented",
    "content": "I pray that the Lord will change the hearts of those who, unless they receive more grace, will enter into temptation. I pray that He will soften and subdue every heart. We need to live in close fellowship with God, that we may love one another as Christ has loved us. It is by this that the world is to know that we are His disciples.&mdash;<span class=\"egwlink egwlink_book\" title=\"9T 218.1\" data-link=\"115.1222\">Testimonies for the Church 9:218, 219 (1909)</span>.",
    "puborder": 2125,
    "translations": [
      {
        "para_id": "163.2924",
        "lang": "es",
        "refcode": "CSI 535.3"
      },
      {
        "para_id": "11094.2856",
        "lang": "pt",
        "refcode": "CSa 534.3"
      },
      {
        "para_id": "2726.2827",
        "lang": "ro",
        "refcode": "SS 534.3"
      }
    ]
  }
]