[
  {
    "para_id": "20.228",
    "id_prev": "20.227",
    "id_next": "20.229",
    "refcode_1": "CH",
    "refcode_2": "46",
    "refcode_3": "",
    "refcode_4": "17",
    "refcode_short": "CH 46",
    "refcode_long": "Counsels on Health, p. 46 (Ellen Gould White)",
    "element_type": "h4",
    "element_subtype": "",
    "content": "The Christian Race",
    "puborder": 162,
    "translations": [
      {
        "para_id": "163.267",
        "lang": "es",
        "refcode": "CSI 46"
      },
      {
        "para_id": "11094.249",
        "lang": "pt",
        "refcode": "CSa 46"
      },
      {
        "para_id": "2726.225",
        "lang": "ro",
        "refcode": "SS 46"
      }
    ]
  },
  {
    "para_id": "20.229",
    "id_prev": "20.228",
    "id_next": "20.232",
    "refcode_1": "CH",
    "refcode_2": "46",
    "refcode_3": "2",
    "refcode_4": "",
    "refcode_short": "CH 46.2",
    "refcode_long": "Counsels on Health, p. 46.2 (Ellen Gould White)",
    "element_type": "p",
    "element_subtype": "standard-indented",
    "content": "&ldquo;Know ye not that they which run in a race run all, but one receiveth the prize? So run, that ye may obtain. And every man that striveth for the mastery is temperate in all things. Now they do it to obtain a corruptible crown; but we an incorruptible. I therefore so run, not as uncertainly; so fight I, not as one that beateth the air: but I keep under my body, and bring it into subjection: lest that by any means, when I have preached to others, I myself should be a castaway.&rdquo; <span class=\"egwlink egwlink_bible\" title=\"1 Corinthians 9:24\" data-link=\"1965.58248\">1 Corinthians 9:24-27</span>. Those who engaged in running the race to obtain that laurel which was considered a special honor were temperate in all <span class=\"page-break\" data-page=\"47\"></span> things, so that their muscles, their brains, and every part of them might be in the very best condition to run. If they were not temperate in all things, they would not have that elasticity that they would have if they were. If temperate, they could run that race more successfully; they were more sure of receiving the crown.",
    "puborder": 163,
    "translations": [
      {
        "para_id": "163.268",
        "lang": "es",
        "refcode": "CSI 46.2"
      },
      {
        "para_id": "11094.250",
        "lang": "pt",
        "refcode": "CSa 46.2"
      },
      {
        "para_id": "2726.226",
        "lang": "ro",
        "refcode": "SS 46.2"
      }
    ]
  },
  {
    "para_id": "20.232",
    "id_prev": "20.229",
    "id_next": "20.233",
    "refcode_1": "CH",
    "refcode_2": "47",
    "refcode_3": "1",
    "refcode_4": "",
    "refcode_short": "CH 47.1",
    "refcode_long": "Counsels on Health, p. 47.1 (Ellen Gould White)",
    "element_type": "p",
    "element_subtype": "standard-indented",
    "content": "But notwithstanding all their temperance, all their efforts to subject themselves to a careful diet in order to be in the best condition, those who ran the earthly race only ran a venture. They might do the very best they could, and yet after all not receive the token of honor; for another might be a little in advance of them and take the prize. Only one received the prize. But in the heavenly race we can all run, and all receive the prize. There is no uncertainty, no risk, in the matter. We must put on the heavenly graces, and, with the eye directed upward to the crown of immortality, keep the Pattern ever before us. He was a Man of Sorrows, and acquainted with grief. The humble, self-denying life of our divine Lord we are to keep constantly in view. And then as we seek to imitate Him, keeping our eye upon the mark of the prize, we can run this race with certainty, knowing that if we do the very best we can, we shall certainly secure the prize.",
    "puborder": 164,
    "translations": [
      {
        "para_id": "163.271",
        "lang": "es",
        "refcode": "CSI 47.1"
      },
      {
        "para_id": "11094.253",
        "lang": "pt",
        "refcode": "CSa 47.1"
      },
      {
        "para_id": "2726.229",
        "lang": "ro",
        "refcode": "SS 47.1"
      }
    ]
  },
  {
    "para_id": "20.233",
    "id_prev": "20.232",
    "id_next": "20.235",
    "refcode_1": "CH",
    "refcode_2": "47",
    "refcode_3": "2",
    "refcode_4": "",
    "refcode_short": "CH 47.2",
    "refcode_long": "Counsels on Health, p. 47.2 (Ellen Gould White)",
    "element_type": "p",
    "element_subtype": "standard-indented",
    "content": "Men would subject themselves to self-denial and discipline in order to run and obtain a corruptible crown, one that would perish in a day and which was only a token of honor from mortals here. But we are to run the race, at the end of which is a crown of immortality and everlasting life. Yes, a far more exceeding and eternal weight of glory will be awarded to us as the prize when the race is run. &ldquo;We,&rdquo; says the apostle, &ldquo;an incorruptible.&rdquo;",
    "puborder": 165,
    "translations": [
      {
        "para_id": "163.272",
        "lang": "es",
        "refcode": "CSI 47.2"
      },
      {
        "para_id": "11094.254",
        "lang": "pt",
        "refcode": "CSa 47.2"
      },
      {
        "para_id": "2726.230",
        "lang": "ro",
        "refcode": "SS 47.2"
      }
    ]
  },
  {
    "para_id": "20.235",
    "id_prev": "20.233",
    "id_next": "20.236",
    "refcode_1": "CH",
    "refcode_2": "48",
    "refcode_3": "1",
    "refcode_4": "",
    "refcode_short": "CH 48.1",
    "refcode_long": "Counsels on Health, p. 48.1 (Ellen Gould White)",
    "element_type": "p",
    "element_subtype": "standard-indented",
    "content": "And if those who engaged in this race here upon the earth for a temporal crown, could be temperate in all things, cannot we, who have in view an incorruptible crown, an eternal weight of glory, and a life which measures with the life of God? When we have this great inducement before us, cannot we &ldquo;run with patience the race that is set before us, looking unto Jesus the Author and Finisher of our faith&rdquo;? <span class=\"egwlink egwlink_bible\" title=\"Hebrews 12:1\" data-link=\"1965.61632\">Hebrews 12:1, 2</span>. He has pointed out the way for us and marked it all along by His own footsteps. It is the path that He traveled, and we may, with Him, experience the self-denial and the suffering, and walk in this pathway imprinted by His own blood.",
    "puborder": 166,
    "translations": [
      {
        "para_id": "163.273",
        "lang": "es",
        "refcode": "CSI 47.3"
      },
      {
        "para_id": "11094.254",
        "lang": "pt",
        "refcode": "CSa 47.2"
      },
      {
        "para_id": "2726.232",
        "lang": "ro",
        "refcode": "SS 48.1"
      }
    ]
  }
]