[
  {
    "para_id": "20.94",
    "id_prev": "20.93",
    "id_next": "20.95",
    "refcode_1": "CH",
    "refcode_2": "21",
    "refcode_3": "",
    "refcode_4": "6",
    "refcode_short": "CH 21",
    "refcode_long": "Counsels on Health, p. 21 (Ellen Gould White)",
    "element_type": "h4",
    "element_subtype": "",
    "content": "The Folly of Ignorance",
    "puborder": 60,
    "translations": [
      {
        "para_id": "163.127",
        "lang": "es",
        "refcode": "CSI 21"
      },
      {
        "para_id": "11094.112",
        "lang": "pt",
        "refcode": "CSa 21"
      },
      {
        "para_id": "2726.91",
        "lang": "ro",
        "refcode": "SS 21"
      }
    ]
  },
  {
    "para_id": "20.95",
    "id_prev": "20.94",
    "id_next": "20.97",
    "refcode_1": "CH",
    "refcode_2": "21",
    "refcode_3": "2",
    "refcode_4": "",
    "refcode_short": "CH 21.2",
    "refcode_long": "Counsels on Health, p. 21.2 (Ellen Gould White)",
    "element_type": "p",
    "element_subtype": "standard-indented",
    "content": "To make natural law plain, and to urge obedience to it, is a work that accompanies the third angel&apos;s message. Ignorance is no excuse now for the transgression of law. The light shines clearly, and none need be ignorant; for the great God Himself is man&apos;s instructor. All are bound by the most sacred obligations to heed the sound philosophy and genuine experience which God is now giving them in reference to health reform. He designs that the subject shall be agitated and the public mind deeply stirred to investigate it; for it is impossible for men and women, while under the power of sinful, health-destroying, brain-enervating habits, to appreciate sacred truth.",
    "puborder": 61,
    "translations": [
      {
        "para_id": "163.128",
        "lang": "es",
        "refcode": "CSI 21.1"
      },
      {
        "para_id": "11094.113",
        "lang": "pt",
        "refcode": "CSa 21.2"
      },
      {
        "para_id": "2726.92",
        "lang": "ro",
        "refcode": "SS 21.2"
      }
    ]
  },
  {
    "para_id": "20.97",
    "id_prev": "20.95",
    "id_next": "20.98",
    "refcode_1": "CH",
    "refcode_2": "22",
    "refcode_3": "1",
    "refcode_4": "",
    "refcode_short": "CH 22.1",
    "refcode_long": "Counsels on Health, p. 22.1 (Ellen Gould White)",
    "element_type": "p",
    "element_subtype": "standard-indented",
    "content": "Those who are willing to inform themselves concerning the effect which sinful indulgence has upon the health and who begin the work of reform, even from selfish motives, may in so doing place themselves where the truth of God can reach their hearts. And, on the other hand, those who have been reached by the presentation of Scripture truth, are in a position where the conscience may be aroused upon the subject of health. They see and feel the necessity of breaking away from the tyrannizing habits and appetites which have ruled them so long. There are many who would receive the truths of God&apos;s word, their judgment having been convinced by the clearest evidence; but the carnal desires, clamoring for gratification, control the intellect, and they reject truth because it conflicts with their lustful desires. The minds of many take so low a level that God cannot work either for them or with them. The current of their thoughts must be changed, their moral sensibilities must be aroused, before they can feel the claims of God.",
    "puborder": 62,
    "translations": [
      {
        "para_id": "163.129",
        "lang": "es",
        "refcode": "CSI 21.2"
      },
      {
        "para_id": "11094.115",
        "lang": "pt",
        "refcode": "CSa 22.1"
      },
      {
        "para_id": "2726.94",
        "lang": "ro",
        "refcode": "SS 22.1"
      }
    ]
  },
  {
    "para_id": "20.98",
    "id_prev": "20.97",
    "id_next": "20.99",
    "refcode_1": "CH",
    "refcode_2": "22",
    "refcode_3": "2",
    "refcode_4": "",
    "refcode_short": "CH 22.2",
    "refcode_long": "Counsels on Health, p. 22.2 (Ellen Gould White)",
    "element_type": "p",
    "element_subtype": "standard-indented",
    "content": "The apostle Paul exhorts the church, &ldquo;I beseech you therefore, brethren, by the mercies of God, that ye present your bodies a living sacrifice, holy, acceptable unto God, which is your reasonable service.&rdquo; <span class=\"egwlink egwlink_bible\" title=\"Romans 12:1\" data-link=\"1965.57598\">Romans 12:1</span>. Sinful indulgence defiles the body and unfits men for spiritual worship. He who cherishes the light which God has given him upon health reform has an important aid in the work of becoming sanctified through the truth, and fitted for immortality. But if he disregards that light and lives in violation of natural law, he must pay the penalty; his spiritual powers are benumbed, and how can he perfect holiness in the fear of God?",
    "puborder": 63,
    "translations": [
      {
        "para_id": "163.132",
        "lang": "es",
        "refcode": "CSI 22.1"
      },
      {
        "para_id": "11094.116",
        "lang": "pt",
        "refcode": "CSa 22.2"
      },
      {
        "para_id": "2726.95",
        "lang": "ro",
        "refcode": "SS 22.2"
      }
    ]
  },
  {
    "para_id": "20.99",
    "id_prev": "20.98",
    "id_next": "20.102",
    "refcode_1": "CH",
    "refcode_2": "22",
    "refcode_3": "3",
    "refcode_4": "",
    "refcode_short": "CH 22.3",
    "refcode_long": "Counsels on Health, p. 22.3 (Ellen Gould White)",
    "element_type": "p",
    "element_subtype": "standard-indented",
    "content": "Men have polluted the soul temple, and God calls upon them to awake and to strive with all their might to win <span class=\"page-break\" data-page=\"23\"></span> back their God-given manhood. Nothing but the grace of God can convict and convert the heart; from Him alone can the slaves of custom obtain power to break the shackles that bind them. It is impossible for a man to present his body a living sacrifice, holy, acceptable to God, while continuing to indulge habits that are depriving him of physical, mental, and moral vigor. Again the apostle says, &ldquo;Be not conformed to this world: but be ye transformed by the renewing of your mind, that ye may prove what is that good, and acceptable, and perfect, will of God.&rdquo; <span class=\"egwlink egwlink_bible\" title=\"Romans 12:2\" data-link=\"1965.57600\">Romans 12:2</span>.",
    "puborder": 64,
    "translations": [
      {
        "para_id": "163.133",
        "lang": "es",
        "refcode": "CSI 22.2"
      },
      {
        "para_id": "11094.117",
        "lang": "pt",
        "refcode": "CSa 22.3"
      },
      {
        "para_id": "2726.96",
        "lang": "ro",
        "refcode": "SS 22.3"
      }
    ]
  }
]