[
  {
    "para_id": "1159.191",
    "id_prev": "1159.190",
    "id_next": "1159.193",
    "refcode_1": "MEDM",
    "refcode_2": "148",
    "refcode_3": "",
    "refcode_4": "1903",
    "refcode_short": "MEDM August 1903, page 148",
    "refcode_long": "The Medical Missionary, vol. 12 August 1903, page 148",
    "element_type": "h3",
    "element_subtype": "",
    "content": "August 1903",
    "puborder": 153,
    "translations": []
  },
  {
    "para_id": "1159.193",
    "id_prev": "1159.191",
    "id_next": "1159.194",
    "refcode_1": "MEDM",
    "refcode_2": "198",
    "refcode_3": "",
    "refcode_4": "1903",
    "refcode_short": "MEDM August 1903, page 198",
    "refcode_long": "The Medical Missionary, vol. 12 August 1903, page 198",
    "element_type": "h5",
    "element_subtype": "",
    "content": "&ldquo;Religion and Health&rdquo; The Medical Missionary, 12, 8, pp. 198-200.",
    "puborder": 154,
    "translations": []
  },
  {
    "para_id": "1159.194",
    "id_prev": "1159.193",
    "id_next": "1159.195",
    "refcode_1": "MEDM",
    "refcode_2": "198",
    "refcode_3": "",
    "refcode_4": "1903",
    "refcode_short": "",
    "refcode_long": "",
    "element_type": "p",
    "element_subtype": "periodicalauthor",
    "content": "ATJ",
    "puborder": 155,
    "translations": []
  },
  {
    "para_id": "1159.195",
    "id_prev": "1159.194",
    "id_next": "1159.196",
    "refcode_1": "MEDM",
    "refcode_2": "198",
    "refcode_3": "",
    "refcode_4": "1903",
    "refcode_short": "",
    "refcode_long": "",
    "element_type": "p",
    "element_subtype": "center",
    "content": "A. T. JONES",
    "puborder": 156,
    "translations": []
  },
  {
    "para_id": "1159.196",
    "id_prev": "1159.195",
    "id_next": "1159.197",
    "refcode_1": "MEDM",
    "refcode_2": "198",
    "refcode_3": "1",
    "refcode_4": "1903",
    "refcode_short": "MEDM August 1903, page 198.1",
    "refcode_long": "The Medical Missionary, vol. 12 August 1903, page 198 paragraph 1",
    "element_type": "p",
    "element_subtype": "standard-indented",
    "content": "THE relationship between religion and heath as it truly is, is to-day very little understood, even by the religious. In this, of course we consider only the religion of the Bible, and I intend to call attention to just a few statements that have a direct bearing upon this subject, and that announce the very principles that are recognized by physicians everywhere as being an essential to recovery from disease, and to good health.",
    "puborder": 157,
    "translations": []
  },
  {
    "para_id": "1159.197",
    "id_prev": "1159.196",
    "id_next": "1159.198",
    "refcode_1": "MEDM",
    "refcode_2": "198",
    "refcode_3": "2",
    "refcode_4": "1903",
    "refcode_short": "MEDM August 1903, page 198.2",
    "refcode_long": "The Medical Missionary, vol. 12 August 1903, page 198 paragraph 2",
    "element_type": "p",
    "element_subtype": "standard-indented",
    "content": "For instance, one passage of scripture reads: &ldquo;Peace, peace to him that is far off, and to him that is near, saith the Lord; and I will heal him. The wicked are like the troubled sea which cannot rest, whose waters cast up mire and dirt. There is no peace, saith my God, to the wicked,&rdquo; thus showing that peace&mdash;the peace of God&mdash;has a place and a bearing in healing. &ldquo;Peace, peace, ... saith the Lord: and I will heal him.&rdquo; <span class=\"egwlink egwlink_bible\" title=\"Isaiah 57:19\" data-link=\"1965.38330\">Isaiah 57:19-21</span>.",
    "puborder": 158,
    "translations": []
  },
  {
    "para_id": "1159.198",
    "id_prev": "1159.197",
    "id_next": "1159.201",
    "refcode_1": "MEDM",
    "refcode_2": "198",
    "refcode_3": "3",
    "refcode_4": "1903",
    "refcode_short": "MEDM August 1903, page 198.3",
    "refcode_long": "The Medical Missionary, vol. 12 August 1903, page 198 paragraph 3",
    "element_type": "p",
    "element_subtype": "standard-indented",
    "content": "Another: &ldquo;The inhabitant shall not say, I am sick: the people that dwell therein shall be forgiven their iniquity.&rdquo; <span class=\"egwlink egwlink_bible\" title=\"Isaiah 33:24\" data-link=\"1965.37344\">Isaiah 33:24</span>. Thus the Scriptures reveal to us the fact that forgiveness of iniquity has a place in recovery from sickness,&mdash;&ldquo;The inhabitant shall not say, &lsquo;I am sick:&rsquo; [because] &ldquo;the people that well therein shall be forgiven their iniquity.&rdquo; The forgiveness of sin and the peace of God which come to the heart, each of these, and one with the other, are both announced in the Word of God in direct connection with health. What physician is there in the world, even though he be an avowed atheist, who does not hold and teach that peace of mind, quietness of heart <span class=\"page-break\" data-page=\"199\"></span> and a quiet life are a direct element in recovery from sickness? What physician will not tell you that a disturbed mind, a restless heart, and unquiet life are a direct hindrance to any one&rsquo;s recovery from sickness? Consequently the Bible presents it to us that there is a direct, specific connection made by the Lord in his Word between his religion and health.",
    "puborder": 159,
    "translations": []
  },
  {
    "para_id": "1159.201",
    "id_prev": "1159.198",
    "id_next": "1159.202",
    "refcode_1": "MEDM",
    "refcode_2": "199",
    "refcode_3": "1",
    "refcode_4": "1903",
    "refcode_short": "MEDM August 1903, page 199.1",
    "refcode_long": "The Medical Missionary, vol. 12 August 1903, page 199 paragraph 1",
    "element_type": "p",
    "element_subtype": "standard-indented",
    "content": "Then, the Scriptures say to us, &ldquo;Take no thought, saying, What shall we eat? Or What shall we drink? or, Wherewithal shall we be clothed? ... your heavenly Father knoweth that ye have need of all these things.&rdquo; &ldquo;Take ... no thought for the morrow: for the morrow shall take thought ... of itself.&rdquo; &ldquo;Casting all your care upon him, for he careth for you.&rdquo; These words teach us this very trust in God, this perfect rest in the Lord, which takes away all anxiety, and that itself is an element of good health in recovery from sickness.",
    "puborder": 160,
    "translations": []
  },
  {
    "para_id": "1159.202",
    "id_prev": "1159.201",
    "id_next": "1159.203",
    "refcode_1": "MEDM",
    "refcode_2": "199",
    "refcode_3": "2",
    "refcode_4": "1903",
    "refcode_short": "MEDM August 1903, page 199.2",
    "refcode_long": "The Medical Missionary, vol. 12 August 1903, page 199 paragraph 2",
    "element_type": "p",
    "element_subtype": "standard-indented",
    "content": "Again: What is a greater element of health in recovery from sickness, even, than good cheer? What has the Lord said?&mdash;&ldquo;Be of good cheer, I have overcome the world.&rdquo; So, in all the perplexities of life, under all the burdens that may come, in all the distresses that we may meet, here is this prescription by the Lord, &ldquo;Be of good cheer.&rdquo; And when that is received by each one, the good cheer which comes by that word of the Lord, the blessing of the Spirit of God which brings good cheer, peace, quietness, rest in the Lord, the peace that passeth all understanding,&mdash;when these reign in the life, you have the way to health.",
    "puborder": 161,
    "translations": []
  },
  {
    "para_id": "1159.203",
    "id_prev": "1159.202",
    "id_next": "1159.204",
    "refcode_1": "MEDM",
    "refcode_2": "199",
    "refcode_3": "3",
    "refcode_4": "1903",
    "refcode_short": "MEDM August 1903, page 199.3",
    "refcode_long": "The Medical Missionary, vol. 12 August 1903, page 199 paragraph 3",
    "element_type": "p",
    "element_subtype": "standard-indented",
    "content": "Another scripture: &ldquo;A merry heart doeth good like a medicine&rdquo;&mdash;not a silly, giddy, thoughtless heart, but, as I once saw it expressed in an inscription in a dining-hall, &ldquo;Eat, drink, and be merry, but not foolish.&rdquo; That is the thought,&mdash;not a foolish heart, not a silly, giddy, thoughtless heart, but a heart of good cheer,&mdash;&ldquo;it doeth good like a medicine.&rdquo; And that is the &ldquo;medicine&rdquo; that the Scripture prescribes for us. I could occupy much more space citing scripture after scripture, all revealing to us the fact that the Word of God, the religion of the Bible the religion of Jesus Christ, is intended to be the direct way, the &ldquo;open sesame&rdquo; to health. And all show that over and over in the Scriptures, the Lord has united religion and health.",
    "puborder": 162,
    "translations": []
  },
  {
    "para_id": "1159.204",
    "id_prev": "1159.203",
    "id_next": "1159.205",
    "refcode_1": "MEDM",
    "refcode_2": "199",
    "refcode_3": "4",
    "refcode_4": "1903",
    "refcode_short": "MEDM August 1903, page 199.4",
    "refcode_long": "The Medical Missionary, vol. 12 August 1903, page 199 paragraph 4",
    "element_type": "p",
    "element_subtype": "standard-indented",
    "content": "Another scripture: &ldquo;I wish above all things that thou mayest prosper and be in health.&rdquo; And the Lord represents himself as &ldquo;The Lord that healeth thee.&rdquo; What higher wish could possibly be presented to the human mind than this, &ldquo;I wish above all things that thou mayest prosper and be in health, even as thy soul prospereth.&rdquo;",
    "puborder": 163,
    "translations": []
  },
  {
    "para_id": "1159.205",
    "id_prev": "1159.204",
    "id_next": "1159.206",
    "refcode_1": "MEDM",
    "refcode_2": "199",
    "refcode_3": "5",
    "refcode_4": "1903",
    "refcode_short": "MEDM August 1903, page 199.5",
    "refcode_long": "The Medical Missionary, vol. 12 August 1903, page 199 paragraph 5",
    "element_type": "p",
    "element_subtype": "standard-indented",
    "content": "But the great mischief with the professed religious world is, that they do not enjoy good cheer, they do not have as an element in life that peace which passeth all understanding, that lifts the Christian above all troubles and distresses, that connects him with heaven, and that brings down the joy of the Lord from heaven, giving the peace that passeth all understanding, and thus making it a privilege and a blessing only to live.",
    "puborder": 164,
    "translations": []
  },
  {
    "para_id": "1159.206",
    "id_prev": "1159.205",
    "id_next": "1159.207",
    "refcode_1": "MEDM",
    "refcode_2": "199",
    "refcode_3": "6",
    "refcode_4": "1903",
    "refcode_short": "MEDM August 1903, page 199.6",
    "refcode_long": "The Medical Missionary, vol. 12 August 1903, page 199 paragraph 6",
    "element_type": "p",
    "element_subtype": "standard-indented",
    "content": "See how many professed Christians go about with downcast eyes, with long faces and doleful voices. Anybody can do that,&mdash;a heathen can do that, especially in this world where we have troubles, trials, and distresses. But Christians are connected with the Source of joy, the Fountain of peace and of good cheer, and consequently Christians are, in this world, to receive from heaven a constant flow of peace, joy, and good cheer, and, with cheery voices, bright eyes, and pleasant faces, to pass it all along to those who do not know this heavenly connection, so that these can see that there is an everlasting blessing and only good in the religion of Jesus Christ, so that they shall want it. It is open and free to everybody.",
    "puborder": 165,
    "translations": []
  },
  {
    "para_id": "1159.207",
    "id_prev": "1159.206",
    "id_next": "1159.210",
    "refcode_1": "MEDM",
    "refcode_2": "199",
    "refcode_3": "7",
    "refcode_4": "1903",
    "refcode_short": "MEDM August 1903, page 199.7",
    "refcode_long": "The Medical Missionary, vol. 12 August 1903, page 199 paragraph 7",
    "element_type": "p",
    "element_subtype": "standard-indented",
    "content": "And so, in conclusion, I will quote a verse that tells the whole story in a few words,&mdash;<span class=\"egwlink egwlink_bible\" title=\"Romans 15:13\" data-link=\"1965.57741\">Romans 15:13</span>. &ldquo;Now the God of hope fill you with joy and peace in believing, that ye may abound in hope, through the power of the Holy Ghost.&rdquo; There are multitudes of people who go through the world downcast and despairing. But there are Christians on every hand whom the Lord has placed in the world for the <span class=\"page-break\" data-page=\"200\"></span> express purpose of being filled with all joy and peace and abundance of hope, that they shall pass these along to the hopeless, the sorrowing, and the despairing.",
    "puborder": 166,
    "translations": []
  },
  {
    "para_id": "1159.210",
    "id_prev": "1159.207",
    "id_next": "1159.211",
    "refcode_1": "MEDM",
    "refcode_2": "200",
    "refcode_3": "1",
    "refcode_4": "1903",
    "refcode_short": "MEDM August 1903, page 200.1",
    "refcode_long": "The Medical Missionary, vol. 12 August 1903, page 200 paragraph 1",
    "element_type": "p",
    "element_subtype": "standard-indented",
    "content": "O then, Christians, let us all rise to the position that belongs to us as Christians, receiving from the Fountain of life in heaven the joy, the peace, and good cheer that belong to Christians, and pass them on to a sorrowing world in order that God&rsquo;s saving health may be known among all nations and kindreds of the earth.",
    "puborder": 167,
    "translations": []
  }
]