[
  {
    "para_id": "14009.2",
    "id_prev": null,
    "id_next": "14009.5",
    "refcode_1": "AH-SG",
    "refcode_2": "1",
    "refcode_3": "",
    "refcode_4": "",
    "refcode_short": "AH-SG 1",
    "refcode_long": "The Adventist Home -- Study Guide, p. 1 (Ellen G. White Estate)",
    "element_type": "h1",
    "element_subtype": "",
    "content": "The Adventist Home &mdash; Study Guide",
    "puborder": 1,
    "translations": []
  },
  {
    "para_id": "14009.5",
    "id_prev": "14009.2",
    "id_next": "14009.11",
    "refcode_1": "AH-SG",
    "refcode_2": "2",
    "refcode_3": "",
    "refcode_4": "",
    "refcode_short": "",
    "refcode_long": "",
    "element_type": "p",
    "element_subtype": "center",
    "content": "<strong><em>&ldquo;Society is composed of families, and is what the heads of families make it. Out of the heart are &lsquo;the issues of life&rsquo;; and the heart of the community, of the church, and of the nation is the household. The well-being of society, the success of the church, the prosperity of the nation, depend upon home influences.&rdquo;<br />\r\n&ldquo;Home should be made all that the word implies. It should be a little heaven upon earth, a place where the affections are cultivated instead of being studiously repressed. Our happiness depends upon this cultivation of love, sympathy, and true courtesy to one another.&rdquo;</em></strong><br />\r\n&mdash; <span class=\"egwlink egwlink_book\" title=\"AH 15.1\" data-link=\"128.39\">The Adventist Home, p. 15</span><em>.</em>",
    "puborder": 2,
    "translations": []
  }
]