[
  {
    "para_id": "14276.18828",
    "id_prev": "14276.18827",
    "id_next": "14276.18829",
    "refcode_1": "ACSI",
    "refcode_2": "Job",
    "refcode_3": "23",
    "refcode_4": "0",
    "refcode_short": "ACSI, Job 23",
    "refcode_long": "APL Complete Scripture Index, Job 23",
    "element_type": "h3",
    "element_subtype": "",
    "content": "Job 23",
    "puborder": 18828,
    "translations": []
  },
  {
    "para_id": "14276.18829",
    "id_prev": "14276.18828",
    "id_next": "14276.18830",
    "refcode_1": "ACSI",
    "refcode_2": "Job",
    "refcode_3": "23",
    "refcode_4": "1",
    "refcode_short": "ACSI, Job 23:1",
    "refcode_long": "APL Complete Scripture Index, Job 23:1",
    "element_type": "h4",
    "element_subtype": "",
    "content": "1",
    "puborder": 18829,
    "translations": []
  },
  {
    "para_id": "14276.18830",
    "id_prev": "14276.18829",
    "id_next": "14276.18831",
    "refcode_1": "ACSI",
    "refcode_2": "Job",
    "refcode_3": "23",
    "refcode_4": "1",
    "refcode_short": "ACSI, Job 23:1",
    "refcode_long": "APL Complete Scripture Index, Job 23:1",
    "element_type": "p",
    "element_subtype": "standard-noindent",
    "content": "<span class=\"egwlink egwlink_book\" title=\"ARSH February 17, 1852, page 90.15\" data-link=\"1646.2793\">ARSH February 17,  1852, page 90.15</span>; <span class=\"egwlink egwlink_book\" title=\"RRCS 32.3\" data-link=\"967.248\">RRCS 32.3</span>",
    "puborder": 18830,
    "translations": []
  },
  {
    "para_id": "14276.18831",
    "id_prev": "14276.18830",
    "id_next": "14276.18832",
    "refcode_1": "ACSI",
    "refcode_2": "Job",
    "refcode_3": "23",
    "refcode_4": "3",
    "refcode_short": "ACSI, Job 23:3",
    "refcode_long": "APL Complete Scripture Index, Job 23:3",
    "element_type": "h4",
    "element_subtype": "",
    "content": "3",
    "puborder": 18831,
    "translations": []
  },
  {
    "para_id": "14276.18832",
    "id_prev": "14276.18831",
    "id_next": "14276.18833",
    "refcode_1": "ACSI",
    "refcode_2": "Job",
    "refcode_3": "23",
    "refcode_4": "3",
    "refcode_short": "ACSI, Job 23:3",
    "refcode_long": "APL Complete Scripture Index, Job 23:3",
    "element_type": "p",
    "element_subtype": "standard-noindent",
    "content": "<span class=\"egwlink egwlink_book\" title=\"DAR 373.1\" data-link=\"12861.1905\">DAR 373.1</span>; <span class=\"egwlink egwlink_book\" title=\"DAR1909 401.5\" data-link=\"1297.1792\">DAR1909 401.5</span>; <span class=\"egwlink egwlink_book\" title=\"GCDB February 18, 1897, page 78.2\" data-link=\"1665.958\">GCDB February 18,  1897, page 78.2</span>; <span class=\"egwlink egwlink_book\" title=\"PTUK January 5, 1899, page 4.2\" data-link=\"12433.48\">PTUK January 5,  1899, page 4.2</span>",
    "puborder": 18832,
    "translations": []
  },
  {
    "para_id": "14276.18833",
    "id_prev": "14276.18832",
    "id_next": "14276.18834",
    "refcode_1": "ACSI",
    "refcode_2": "Job",
    "refcode_3": "23",
    "refcode_4": "4",
    "refcode_short": "ACSI, Job 23:4",
    "refcode_long": "APL Complete Scripture Index, Job 23:4",
    "element_type": "h4",
    "element_subtype": "",
    "content": "4",
    "puborder": 18833,
    "translations": []
  },
  {
    "para_id": "14276.18834",
    "id_prev": "14276.18833",
    "id_next": "14276.18835",
    "refcode_1": "ACSI",
    "refcode_2": "Job",
    "refcode_3": "23",
    "refcode_4": "4",
    "refcode_short": "ACSI, Job 23:4",
    "refcode_long": "APL Complete Scripture Index, Job 23:4",
    "element_type": "p",
    "element_subtype": "standard-noindent",
    "content": "<span class=\"egwlink egwlink_book\" title=\"\" data-link=\"1641.3311\">ARSH December 18,  1855, page 95</span>; <span class=\"egwlink egwlink_book\" title=\"ARSH July 17, 1860, page 66.5\" data-link=\"1687.2702\">ARSH July 17,  1860, page 66.5</span>; <span class=\"egwlink egwlink_book\" title=\"PTUK January 5, 1899, page 4.2\" data-link=\"12433.48\">PTUK January 5,  1899, page 4.2</span>",
    "puborder": 18834,
    "translations": []
  },
  {
    "para_id": "14276.18835",
    "id_prev": "14276.18834",
    "id_next": "14276.18836",
    "refcode_1": "ACSI",
    "refcode_2": "Job",
    "refcode_3": "23",
    "refcode_4": "5",
    "refcode_short": "ACSI, Job 23:5",
    "refcode_long": "APL Complete Scripture Index, Job 23:5",
    "element_type": "h4",
    "element_subtype": "",
    "content": "5",
    "puborder": 18835,
    "translations": []
  },
  {
    "para_id": "14276.18836",
    "id_prev": "14276.18835",
    "id_next": "14276.18837",
    "refcode_1": "ACSI",
    "refcode_2": "Job",
    "refcode_3": "23",
    "refcode_4": "5",
    "refcode_short": "ACSI, Job 23:5",
    "refcode_long": "APL Complete Scripture Index, Job 23:5",
    "element_type": "p",
    "element_subtype": "standard-noindent",
    "content": "<span class=\"egwlink egwlink_book\" title=\"PTUK January 5, 1899, page 4.2\" data-link=\"12433.48\">PTUK January 5,  1899, page 4.2</span>",
    "puborder": 18836,
    "translations": []
  },
  {
    "para_id": "14276.18837",
    "id_prev": "14276.18836",
    "id_next": "14276.18838",
    "refcode_1": "ACSI",
    "refcode_2": "Job",
    "refcode_3": "23",
    "refcode_4": "6",
    "refcode_short": "ACSI, Job 23:6",
    "refcode_long": "APL Complete Scripture Index, Job 23:6",
    "element_type": "h4",
    "element_subtype": "",
    "content": "6",
    "puborder": 18837,
    "translations": []
  },
  {
    "para_id": "14276.18838",
    "id_prev": "14276.18837",
    "id_next": "14276.18839",
    "refcode_1": "ACSI",
    "refcode_2": "Job",
    "refcode_3": "23",
    "refcode_4": "6",
    "refcode_short": "ACSI, Job 23:6",
    "refcode_long": "APL Complete Scripture Index, Job 23:6",
    "element_type": "p",
    "element_subtype": "standard-noindent",
    "content": "<span class=\"egwlink egwlink_book\" title=\"PTUK January 5, 1899, page 4.2\" data-link=\"12433.48\">PTUK January 5,  1899, page 4.2</span>",
    "puborder": 18838,
    "translations": []
  },
  {
    "para_id": "14276.18839",
    "id_prev": "14276.18838",
    "id_next": "14276.18840",
    "refcode_1": "ACSI",
    "refcode_2": "Job",
    "refcode_3": "23",
    "refcode_4": "7",
    "refcode_short": "ACSI, Job 23:7",
    "refcode_long": "APL Complete Scripture Index, Job 23:7",
    "element_type": "h4",
    "element_subtype": "",
    "content": "7",
    "puborder": 18839,
    "translations": []
  },
  {
    "para_id": "14276.18840",
    "id_prev": "14276.18839",
    "id_next": "14276.18841",
    "refcode_1": "ACSI",
    "refcode_2": "Job",
    "refcode_3": "23",
    "refcode_4": "7",
    "refcode_short": "ACSI, Job 23:7",
    "refcode_long": "APL Complete Scripture Index, Job 23:7",
    "element_type": "p",
    "element_subtype": "standard-noindent",
    "content": "<span class=\"egwlink egwlink_book\" title=\"PTUK January 5, 1899, page 4.2\" data-link=\"12433.48\">PTUK January 5,  1899, page 4.2</span>",
    "puborder": 18840,
    "translations": []
  },
  {
    "para_id": "14276.18841",
    "id_prev": "14276.18840",
    "id_next": "14276.18842",
    "refcode_1": "ACSI",
    "refcode_2": "Job",
    "refcode_3": "23",
    "refcode_4": "8",
    "refcode_short": "ACSI, Job 23:8",
    "refcode_long": "APL Complete Scripture Index, Job 23:8",
    "element_type": "h4",
    "element_subtype": "",
    "content": "8",
    "puborder": 18841,
    "translations": []
  },
  {
    "para_id": "14276.18842",
    "id_prev": "14276.18841",
    "id_next": "14276.18843",
    "refcode_1": "ACSI",
    "refcode_2": "Job",
    "refcode_3": "23",
    "refcode_4": "8",
    "refcode_short": "ACSI, Job 23:8",
    "refcode_long": "APL Complete Scripture Index, Job 23:8",
    "element_type": "p",
    "element_subtype": "standard-noindent",
    "content": "<span class=\"egwlink egwlink_book\" title=\"TDOC 5.1\" data-link=\"1387.23\">TDOC 5.1</span>; <span class=\"egwlink egwlink_book\" title=\"WDUS 21.10\" data-link=\"1446.222\">WDUS 21.10</span>",
    "puborder": 18842,
    "translations": []
  },
  {
    "para_id": "14276.18843",
    "id_prev": "14276.18842",
    "id_next": "14276.18844",
    "refcode_1": "ACSI",
    "refcode_2": "Job",
    "refcode_3": "23",
    "refcode_4": "9",
    "refcode_short": "ACSI, Job 23:9",
    "refcode_long": "APL Complete Scripture Index, Job 23:9",
    "element_type": "h4",
    "element_subtype": "",
    "content": "9",
    "puborder": 18843,
    "translations": []
  },
  {
    "para_id": "14276.18844",
    "id_prev": "14276.18843",
    "id_next": "14276.18845",
    "refcode_1": "ACSI",
    "refcode_2": "Job",
    "refcode_3": "23",
    "refcode_4": "9",
    "refcode_short": "ACSI, Job 23:9",
    "refcode_long": "APL Complete Scripture Index, Job 23:9",
    "element_type": "p",
    "element_subtype": "standard-noindent",
    "content": "<span class=\"egwlink egwlink_book\" title=\"TDOC 5.1\" data-link=\"1387.23\">TDOC 5.1</span>; <span class=\"egwlink egwlink_book\" title=\"WDUS 21.10\" data-link=\"1446.222\">WDUS 21.10</span>",
    "puborder": 18844,
    "translations": []
  },
  {
    "para_id": "14276.18845",
    "id_prev": "14276.18844",
    "id_next": "14276.18846",
    "refcode_1": "ACSI",
    "refcode_2": "Job",
    "refcode_3": "23",
    "refcode_4": "10",
    "refcode_short": "ACSI, Job 23:10",
    "refcode_long": "APL Complete Scripture Index, Job 23:10",
    "element_type": "h4",
    "element_subtype": "",
    "content": "10",
    "puborder": 18845,
    "translations": []
  },
  {
    "para_id": "14276.18846",
    "id_prev": "14276.18845",
    "id_next": "14276.18847",
    "refcode_1": "ACSI",
    "refcode_2": "Job",
    "refcode_3": "23",
    "refcode_4": "10",
    "refcode_short": "ACSI, Job 23:10",
    "refcode_long": "APL Complete Scripture Index, Job 23:10",
    "element_type": "p",
    "element_subtype": "standard-noindent",
    "content": "<span class=\"egwlink egwlink_book\" title=\"ARSH August 9, 1864, page 82.4\" data-link=\"1679.3208\">ARSH August 9,  1864, page 82.4</span>; <span class=\"egwlink egwlink_book\" title=\"FF 111.1\" data-link=\"11270.493\">FF 111.1</span>; <span class=\"egwlink egwlink_book\" title=\"PTUK October 28, 1897, page 688.7\" data-link=\"12387.5379\">PTUK October 28,  1897, page 688.7</span>; <span class=\"egwlink egwlink_book\" title=\"SLH 32.3\" data-link=\"1024.154\">SLH 32.3</span>",
    "puborder": 18846,
    "translations": []
  },
  {
    "para_id": "14276.18847",
    "id_prev": "14276.18846",
    "id_next": "14276.18848",
    "refcode_1": "ACSI",
    "refcode_2": "Job",
    "refcode_3": "23",
    "refcode_4": "11",
    "refcode_short": "ACSI, Job 23:11",
    "refcode_long": "APL Complete Scripture Index, Job 23:11",
    "element_type": "h4",
    "element_subtype": "",
    "content": "11",
    "puborder": 18847,
    "translations": []
  },
  {
    "para_id": "14276.18848",
    "id_prev": "14276.18847",
    "id_next": "14276.18849",
    "refcode_1": "ACSI",
    "refcode_2": "Job",
    "refcode_3": "23",
    "refcode_4": "11",
    "refcode_short": "ACSI, Job 23:11",
    "refcode_long": "APL Complete Scripture Index, Job 23:11",
    "element_type": "p",
    "element_subtype": "standard-noindent",
    "content": "<span class=\"egwlink egwlink_book\" title=\"ARSH June 23, 1853, page 23.2\" data-link=\"1644.660\">ARSH June 23,  1853, page 23.2</span>",
    "puborder": 18848,
    "translations": []
  },
  {
    "para_id": "14276.18849",
    "id_prev": "14276.18848",
    "id_next": "14276.18850",
    "refcode_1": "ACSI",
    "refcode_2": "Job",
    "refcode_3": "23",
    "refcode_4": "12",
    "refcode_short": "ACSI, Job 23:12",
    "refcode_long": "APL Complete Scripture Index, Job 23:12",
    "element_type": "h4",
    "element_subtype": "",
    "content": "12",
    "puborder": 18849,
    "translations": []
  },
  {
    "para_id": "14276.18850",
    "id_prev": "14276.18849",
    "id_next": "14276.18851",
    "refcode_1": "ACSI",
    "refcode_2": "Job",
    "refcode_3": "23",
    "refcode_4": "12",
    "refcode_short": "ACSI, Job 23:12",
    "refcode_long": "APL Complete Scripture Index, Job 23:12",
    "element_type": "p",
    "element_subtype": "standard-noindent",
    "content": "<span class=\"egwlink egwlink_book\" title=\"ARSH August 29, 1899, page 557.1\" data-link=\"1063.2248\">ARSH August 29,  1899, page 557.1</span>; <span class=\"egwlink egwlink_book\" title=\"ARSH June 23, 1853, page 23.2\" data-link=\"1644.660\">ARSH June 23,  1853, page 23.2</span>; <span class=\"egwlink egwlink_book\" title=\"ARSH October 11, 1853, page 111.1\" data-link=\"1644.3398\">ARSH October 11,  1853, page 111.1</span>; <span class=\"egwlink egwlink_book\" title=\"BHB 9.7\" data-link=\"978.91\">BHB 9.7</span>; <span class=\"egwlink egwlink_book\" title=\"BSPC 74.3\" data-link=\"952.763\">BSPC 74.3</span>; <span class=\"egwlink egwlink_book\" title=\"SDP 122.2\" data-link=\"1236.539\">SDP 122.2</span>",
    "puborder": 18850,
    "translations": []
  },
  {
    "para_id": "14276.18851",
    "id_prev": "14276.18850",
    "id_next": "14276.18852",
    "refcode_1": "ACSI",
    "refcode_2": "Job",
    "refcode_3": "23",
    "refcode_4": "13",
    "refcode_short": "ACSI, Job 23:13",
    "refcode_long": "APL Complete Scripture Index, Job 23:13",
    "element_type": "h4",
    "element_subtype": "",
    "content": "13",
    "puborder": 18851,
    "translations": []
  },
  {
    "para_id": "14276.18852",
    "id_prev": "14276.18851",
    "id_next": "14276.18853",
    "refcode_1": "ACSI",
    "refcode_2": "Job",
    "refcode_3": "23",
    "refcode_4": "13",
    "refcode_short": "ACSI, Job 23:13",
    "refcode_long": "APL Complete Scripture Index, Job 23:13",
    "element_type": "p",
    "element_subtype": "standard-noindent",
    "content": "<span class=\"egwlink egwlink_book\" title=\"ARSH September 12, 1854, page 34.6\" data-link=\"1642.1396\">ARSH September 12,  1854, page 34.6</span>",
    "puborder": 18852,
    "translations": []
  }
]