[
  {
    "para_id": "14276.3128",
    "id_prev": "14276.3127",
    "id_next": "14276.3129",
    "refcode_1": "ACSI",
    "refcode_2": "Exodus",
    "refcode_3": "13",
    "refcode_4": "0",
    "refcode_short": "ACSI, Exodus 13",
    "refcode_long": "APL Complete Scripture Index, Exodus 13",
    "element_type": "h3",
    "element_subtype": "",
    "content": "Exodus 13",
    "puborder": 3128,
    "translations": []
  },
  {
    "para_id": "14276.3129",
    "id_prev": "14276.3128",
    "id_next": "14276.3130",
    "refcode_1": "ACSI",
    "refcode_2": "Exodus",
    "refcode_3": "13",
    "refcode_4": "1",
    "refcode_short": "ACSI, Exodus 13:1",
    "refcode_long": "APL Complete Scripture Index, Exodus 13:1",
    "element_type": "h4",
    "element_subtype": "",
    "content": "1",
    "puborder": 3129,
    "translations": []
  },
  {
    "para_id": "14276.3130",
    "id_prev": "14276.3129",
    "id_next": "14276.3131",
    "refcode_1": "ACSI",
    "refcode_2": "Exodus",
    "refcode_3": "13",
    "refcode_4": "1",
    "refcode_short": "ACSI, Exodus 13:1",
    "refcode_long": "APL Complete Scripture Index, Exodus 13:1",
    "element_type": "p",
    "element_subtype": "standard-noindent",
    "content": "<span class=\"egwlink egwlink_book\" title=\"ARSH February 5, 1901, page 89.8\" data-link=\"1064.281\">ARSH February 5,  1901, page 89.8</span>; <span class=\"egwlink egwlink_book\" title=\"ARSH November 15, 1853, page 150.9\" data-link=\"1644.4481\">ARSH November 15,  1853, page 150.9</span>; <span class=\"egwlink egwlink_book\" title=\"ARSH January 7, 1862, page 43.4\" data-link=\"1684.1463\">ARSH January 7,  1862, page 43.4</span>; <span class=\"egwlink egwlink_book\" title=\"HSFD 77.3\" data-link=\"1008.301\">HSFD 77.3</span>; <span class=\"egwlink egwlink_book\" title=\"SOSL 48.1\" data-link=\"1045.242\">SOSL 48.1</span>; <span class=\"egwlink egwlink_book\" title=\"WFS 21.1\" data-link=\"1285.82\">WFS 21.1</span>",
    "puborder": 3130,
    "translations": []
  },
  {
    "para_id": "14276.3131",
    "id_prev": "14276.3130",
    "id_next": "14276.3132",
    "refcode_1": "ACSI",
    "refcode_2": "Exodus",
    "refcode_3": "13",
    "refcode_4": "2",
    "refcode_short": "ACSI, Exodus 13:2",
    "refcode_long": "APL Complete Scripture Index, Exodus 13:2",
    "element_type": "h4",
    "element_subtype": "",
    "content": "2",
    "puborder": 3131,
    "translations": []
  },
  {
    "para_id": "14276.3132",
    "id_prev": "14276.3131",
    "id_next": "14276.3133",
    "refcode_1": "ACSI",
    "refcode_2": "Exodus",
    "refcode_3": "13",
    "refcode_4": "2",
    "refcode_short": "ACSI, Exodus 13:2",
    "refcode_long": "APL Complete Scripture Index, Exodus 13:2",
    "element_type": "p",
    "element_subtype": "standard-noindent",
    "content": "<span class=\"egwlink egwlink_book\" title=\"ARSH December 31, 1861, page 34.1\" data-link=\"1684.1149\">ARSH December 31,  1861, page 34.1</span>; <span class=\"egwlink egwlink_book\" title=\"ARSH May 12, 1863, page 189.42\" data-link=\"1682.8074\">ARSH May 12,  1863, page 189.42</span>; <span class=\"egwlink egwlink_book\" title=\"ARSH July 26, 1864, page 65.10\" data-link=\"1679.2543\">ARSH July 26,  1864, page 65.10</span>; <span class=\"egwlink egwlink_book\" title=\"HSFD 54.3\" data-link=\"1008.207\">HSFD 54.3</span>; <span class=\"egwlink egwlink_book\" title=\"SLH 5.3\" data-link=\"1024.17\">SLH 5.3</span>; <span class=\"egwlink egwlink_book\" title=\"SLH 130.1\" data-link=\"1024.618\">SLH 130.1</span>; <span class=\"egwlink egwlink_book\" title=\"SSP 98.2\" data-link=\"1237.361\">SSP 98.2</span>",
    "puborder": 3132,
    "translations": []
  },
  {
    "para_id": "14276.3133",
    "id_prev": "14276.3132",
    "id_next": "14276.3134",
    "refcode_1": "ACSI",
    "refcode_2": "Exodus",
    "refcode_3": "13",
    "refcode_4": "3",
    "refcode_short": "ACSI, Exodus 13:3",
    "refcode_long": "APL Complete Scripture Index, Exodus 13:3",
    "element_type": "h4",
    "element_subtype": "",
    "content": "3",
    "puborder": 3133,
    "translations": []
  },
  {
    "para_id": "14276.3134",
    "id_prev": "14276.3133",
    "id_next": "14276.3135",
    "refcode_1": "ACSI",
    "refcode_2": "Exodus",
    "refcode_3": "13",
    "refcode_4": "3",
    "refcode_short": "ACSI, Exodus 13:3",
    "refcode_long": "APL Complete Scripture Index, Exodus 13:3",
    "element_type": "p",
    "element_subtype": "standard-noindent",
    "content": "<span class=\"egwlink egwlink_book\" title=\"AJB 293.4\" data-link=\"1086.1195\">AJB 293.4</span>; <span class=\"egwlink egwlink_book\" title=\"FAFA 289.4\" data-link=\"945.2004\">FAFA 289.4</span>; <span class=\"egwlink egwlink_book\" title=\"LELJB 296.4\" data-link=\"1487.1198\">LELJB 296.4</span>; <span class=\"egwlink egwlink_book\" title=\"SC3 201.1\" data-link=\"1038.311\">SC3 201.1</span>",
    "puborder": 3134,
    "translations": []
  },
  {
    "para_id": "14276.3135",
    "id_prev": "14276.3134",
    "id_next": "14276.3136",
    "refcode_1": "ACSI",
    "refcode_2": "Exodus",
    "refcode_3": "13",
    "refcode_4": "4",
    "refcode_short": "ACSI, Exodus 13:4",
    "refcode_long": "APL Complete Scripture Index, Exodus 13:4",
    "element_type": "h4",
    "element_subtype": "",
    "content": "4",
    "puborder": 3135,
    "translations": []
  },
  {
    "para_id": "14276.3136",
    "id_prev": "14276.3135",
    "id_next": "14276.3137",
    "refcode_1": "ACSI",
    "refcode_2": "Exodus",
    "refcode_3": "13",
    "refcode_4": "4",
    "refcode_short": "ACSI, Exodus 13:4",
    "refcode_long": "APL Complete Scripture Index, Exodus 13:4",
    "element_type": "p",
    "element_subtype": "standard-noindent",
    "content": "<span class=\"egwlink egwlink_book\" title=\"AJB 293.4\" data-link=\"1086.1195\">AJB 293.4</span>; <span class=\"egwlink egwlink_book\" title=\"ARSH November 12, 1857, page 6.7\" data-link=\"1692.186\">ARSH November 12,  1857, page 6.7</span>; <span class=\"egwlink egwlink_book\" title=\"FAFA 289.4\" data-link=\"945.2004\">FAFA 289.4</span>; <span class=\"egwlink egwlink_book\" title=\"HBS 65.1\" data-link=\"932.631\">HBS 65.1</span>; <span class=\"egwlink egwlink_book\" title=\"HST December 5, 1843, page 134.7\" data-link=\"1654.3519\">HST December 5,  1843, page 134.7</span>; <span class=\"egwlink egwlink_book\" title=\"HST April 3, 1844, page 69.1\" data-link=\"1652.2503\">HST April 3,  1844, page 69.1</span>; <span class=\"egwlink egwlink_book\" title=\"LELJB 296.4\" data-link=\"1487.1198\">LELJB 296.4</span>; <span class=\"egwlink egwlink_book\" title=\"SBBS 97.2\" data-link=\"933.837\">SBBS 97.2</span>; <span class=\"egwlink egwlink_book\" title=\"SC3 201.1\" data-link=\"1038.311\">SC3 201.1</span>",
    "puborder": 3136,
    "translations": []
  },
  {
    "para_id": "14276.3137",
    "id_prev": "14276.3136",
    "id_next": "14276.3138",
    "refcode_1": "ACSI",
    "refcode_2": "Exodus",
    "refcode_3": "13",
    "refcode_4": "5",
    "refcode_short": "ACSI, Exodus 13:5",
    "refcode_long": "APL Complete Scripture Index, Exodus 13:5",
    "element_type": "h4",
    "element_subtype": "",
    "content": "5",
    "puborder": 3137,
    "translations": []
  },
  {
    "para_id": "14276.3138",
    "id_prev": "14276.3137",
    "id_next": "14276.3139",
    "refcode_1": "ACSI",
    "refcode_2": "Exodus",
    "refcode_3": "13",
    "refcode_4": "5",
    "refcode_short": "ACSI, Exodus 13:5",
    "refcode_long": "APL Complete Scripture Index, Exodus 13:5",
    "element_type": "p",
    "element_subtype": "standard-noindent",
    "content": "<span class=\"egwlink egwlink_book\" title=\"ARSH November 12, 1857, page 6.7\" data-link=\"1692.186\">ARSH November 12,  1857, page 6.7</span>",
    "puborder": 3138,
    "translations": []
  },
  {
    "para_id": "14276.3139",
    "id_prev": "14276.3138",
    "id_next": "14276.3140",
    "refcode_1": "ACSI",
    "refcode_2": "Exodus",
    "refcode_3": "13",
    "refcode_4": "6",
    "refcode_short": "ACSI, Exodus 13:6",
    "refcode_long": "APL Complete Scripture Index, Exodus 13:6",
    "element_type": "h4",
    "element_subtype": "",
    "content": "6",
    "puborder": 3139,
    "translations": []
  },
  {
    "para_id": "14276.3140",
    "id_prev": "14276.3139",
    "id_next": "14276.3141",
    "refcode_1": "ACSI",
    "refcode_2": "Exodus",
    "refcode_3": "13",
    "refcode_4": "6",
    "refcode_short": "ACSI, Exodus 13:6",
    "refcode_long": "APL Complete Scripture Index, Exodus 13:6",
    "element_type": "p",
    "element_subtype": "standard-noindent",
    "content": "<span class=\"egwlink egwlink_book\" title=\"ARSH April 7, 1851, page 62.10\" data-link=\"1659.1179\">ARSH April 7,  1851, page 62.10</span>; <span class=\"egwlink egwlink_book\" title=\"ARSH November 12, 1857, page 6.7\" data-link=\"1692.186\">ARSH November 12,  1857, page 6.7</span>; <span class=\"egwlink egwlink_book\" title=\"ARSH June 17, 1858, page 33.19\" data-link=\"1691.1269\">ARSH June 17,  1858, page 33.19</span>; <span class=\"egwlink egwlink_book\" title=\"HST September 25, 1844, page 62.2\" data-link=\"1648.1980\">HST September 25,  1844, page 62.2</span>; <span class=\"egwlink egwlink_book\" title=\"PTJW December 1849, page 37.13\" data-link=\"1636.555\">PTJW December 1849, page 37.13</span>",
    "puborder": 3140,
    "translations": []
  },
  {
    "para_id": "14276.3141",
    "id_prev": "14276.3140",
    "id_next": "14276.3142",
    "refcode_1": "ACSI",
    "refcode_2": "Exodus",
    "refcode_3": "13",
    "refcode_4": "7",
    "refcode_short": "ACSI, Exodus 13:7",
    "refcode_long": "APL Complete Scripture Index, Exodus 13:7",
    "element_type": "h4",
    "element_subtype": "",
    "content": "7",
    "puborder": 3141,
    "translations": []
  },
  {
    "para_id": "14276.3142",
    "id_prev": "14276.3141",
    "id_next": "14276.3143",
    "refcode_1": "ACSI",
    "refcode_2": "Exodus",
    "refcode_3": "13",
    "refcode_4": "7",
    "refcode_short": "ACSI, Exodus 13:7",
    "refcode_long": "APL Complete Scripture Index, Exodus 13:7",
    "element_type": "p",
    "element_subtype": "standard-noindent",
    "content": "<span class=\"egwlink egwlink_book\" title=\"ARSH April 7, 1851, page 62.10\" data-link=\"1659.1179\">ARSH April 7,  1851, page 62.10</span>; <span class=\"egwlink egwlink_book\" title=\"ARSH November 12, 1857, page 6.7\" data-link=\"1692.186\">ARSH November 12,  1857, page 6.7</span>; <span class=\"egwlink egwlink_book\" title=\"HST September 25, 1844, page 62.2\" data-link=\"1648.1980\">HST September 25,  1844, page 62.2</span>; <span class=\"egwlink egwlink_book\" title=\"PTJW December 1849, page 37.13\" data-link=\"1636.555\">PTJW December 1849, page 37.13</span>",
    "puborder": 3142,
    "translations": []
  },
  {
    "para_id": "14276.3143",
    "id_prev": "14276.3142",
    "id_next": "14276.3144",
    "refcode_1": "ACSI",
    "refcode_2": "Exodus",
    "refcode_3": "13",
    "refcode_4": "8",
    "refcode_short": "ACSI, Exodus 13:8",
    "refcode_long": "APL Complete Scripture Index, Exodus 13:8",
    "element_type": "h4",
    "element_subtype": "",
    "content": "8",
    "puborder": 3143,
    "translations": []
  },
  {
    "para_id": "14276.3144",
    "id_prev": "14276.3143",
    "id_next": "14276.3145",
    "refcode_1": "ACSI",
    "refcode_2": "Exodus",
    "refcode_3": "13",
    "refcode_4": "8",
    "refcode_short": "ACSI, Exodus 13:8",
    "refcode_long": "APL Complete Scripture Index, Exodus 13:8",
    "element_type": "p",
    "element_subtype": "standard-noindent",
    "content": "<span class=\"egwlink egwlink_book\" title=\"ARSH April 7, 1851, page 62.10\" data-link=\"1659.1179\">ARSH April 7,  1851, page 62.10</span>; <span class=\"egwlink egwlink_book\" title=\"ARSH July 31, 1856, page 99.22\" data-link=\"1675.3865\">ARSH July 31,  1856, page 99.22</span>; <span class=\"egwlink egwlink_book\" title=\"ARSH November 12, 1857, page 6.7\" data-link=\"1692.186\">ARSH November 12,  1857, page 6.7</span>; <span class=\"egwlink egwlink_book\" title=\"BHB 67.9\" data-link=\"978.999\">BHB 67.9</span>; <span class=\"egwlink egwlink_book\" title=\"HST September 25, 1844, page 62.2\" data-link=\"1648.1980\">HST September 25,  1844, page 62.2</span>; <span class=\"egwlink egwlink_book\" title=\"PTJW December 1849, page 37.13\" data-link=\"1636.555\">PTJW December 1849, page 37.13</span>",
    "puborder": 3144,
    "translations": []
  },
  {
    "para_id": "14276.3145",
    "id_prev": "14276.3144",
    "id_next": "14276.3146",
    "refcode_1": "ACSI",
    "refcode_2": "Exodus",
    "refcode_3": "13",
    "refcode_4": "9",
    "refcode_short": "ACSI, Exodus 13:9",
    "refcode_long": "APL Complete Scripture Index, Exodus 13:9",
    "element_type": "h4",
    "element_subtype": "",
    "content": "9",
    "puborder": 3145,
    "translations": []
  },
  {
    "para_id": "14276.3146",
    "id_prev": "14276.3145",
    "id_next": "14276.3147",
    "refcode_1": "ACSI",
    "refcode_2": "Exodus",
    "refcode_3": "13",
    "refcode_4": "9",
    "refcode_short": "ACSI, Exodus 13:9",
    "refcode_long": "APL Complete Scripture Index, Exodus 13:9",
    "element_type": "p",
    "element_subtype": "standard-noindent",
    "content": "<span class=\"egwlink egwlink_book\" title=\"ARSH April 28, 1853, page 197.13\" data-link=\"1645.6906\">ARSH April 28,  1853, page 197.13</span>; <span class=\"egwlink egwlink_book\" title=\"ARSH July 31, 1856, page 99.22\" data-link=\"1675.3865\">ARSH July 31,  1856, page 99.22</span>; <span class=\"egwlink egwlink_book\" title=\"ARSH November 12, 1857, page 6.7\" data-link=\"1692.186\">ARSH November 12,  1857, page 6.7</span>; <span class=\"egwlink egwlink_book\" title=\"ARSH July 2, 1861, page 42.8\" data-link=\"1685.1482\">ARSH July 2,  1861, page 42.8</span>; <span class=\"egwlink egwlink_book\" title=\"FAFA 289.4\" data-link=\"945.2004\">FAFA 289.4</span>; <span class=\"egwlink egwlink_book\" title=\"HST September 25, 1844, page 62.2\" data-link=\"1648.1980\">HST September 25,  1844, page 62.2</span>; <span class=\"egwlink egwlink_book\" title=\"SC3 137.1\" data-link=\"1038.65\">SC3 137.1</span>",
    "puborder": 3146,
    "translations": []
  },
  {
    "para_id": "14276.3147",
    "id_prev": "14276.3146",
    "id_next": "14276.3148",
    "refcode_1": "ACSI",
    "refcode_2": "Exodus",
    "refcode_3": "13",
    "refcode_4": "10",
    "refcode_short": "ACSI, Exodus 13:10",
    "refcode_long": "APL Complete Scripture Index, Exodus 13:10",
    "element_type": "h4",
    "element_subtype": "",
    "content": "10",
    "puborder": 3147,
    "translations": []
  },
  {
    "para_id": "14276.3148",
    "id_prev": "14276.3147",
    "id_next": "14276.3149",
    "refcode_1": "ACSI",
    "refcode_2": "Exodus",
    "refcode_3": "13",
    "refcode_4": "10",
    "refcode_short": "ACSI, Exodus 13:10",
    "refcode_long": "APL Complete Scripture Index, Exodus 13:10",
    "element_type": "p",
    "element_subtype": "standard-noindent",
    "content": "<span class=\"egwlink egwlink_book\" title=\"ARSH April 28, 1853, page 197.13\" data-link=\"1645.6906\">ARSH April 28,  1853, page 197.13</span>; <span class=\"egwlink egwlink_book\" title=\"ARSH May 2, 1854, page 114.6\" data-link=\"1643.4052\">ARSH May 2,  1854, page 114.6</span>; <span class=\"egwlink egwlink_book\" title=\"ARSH November 12, 1857, page 6.7\" data-link=\"1692.186\">ARSH November 12,  1857, page 6.7</span>; <span class=\"egwlink egwlink_book\" title=\"HST September 25, 1844, page 62.2\" data-link=\"1648.1980\">HST September 25,  1844, page 62.2</span>",
    "puborder": 3148,
    "translations": []
  },
  {
    "para_id": "14276.3149",
    "id_prev": "14276.3148",
    "id_next": "14276.3150",
    "refcode_1": "ACSI",
    "refcode_2": "Exodus",
    "refcode_3": "13",
    "refcode_4": "11",
    "refcode_short": "ACSI, Exodus 13:11",
    "refcode_long": "APL Complete Scripture Index, Exodus 13:11",
    "element_type": "h4",
    "element_subtype": "",
    "content": "11",
    "puborder": 3149,
    "translations": []
  },
  {
    "para_id": "14276.3150",
    "id_prev": "14276.3149",
    "id_next": "14276.3151",
    "refcode_1": "ACSI",
    "refcode_2": "Exodus",
    "refcode_3": "13",
    "refcode_4": "11",
    "refcode_short": "ACSI, Exodus 13:11",
    "refcode_long": "APL Complete Scripture Index, Exodus 13:11",
    "element_type": "p",
    "element_subtype": "standard-noindent",
    "content": "<span class=\"egwlink egwlink_book\" title=\"ADRE 1850, page 37.7\" data-link=\"1640.1339\">ADRE 1850, page 37.7</span>; <span class=\"egwlink egwlink_book\" title=\"HST September 25, 1844, page 62.2\" data-link=\"1648.1980\">HST September 25,  1844, page 62.2</span>",
    "puborder": 3150,
    "translations": []
  },
  {
    "para_id": "14276.3151",
    "id_prev": "14276.3150",
    "id_next": "14276.3152",
    "refcode_1": "ACSI",
    "refcode_2": "Exodus",
    "refcode_3": "13",
    "refcode_4": "12",
    "refcode_short": "ACSI, Exodus 13:12",
    "refcode_long": "APL Complete Scripture Index, Exodus 13:12",
    "element_type": "h4",
    "element_subtype": "",
    "content": "12",
    "puborder": 3151,
    "translations": []
  },
  {
    "para_id": "14276.3152",
    "id_prev": "14276.3151",
    "id_next": "14276.3153",
    "refcode_1": "ACSI",
    "refcode_2": "Exodus",
    "refcode_3": "13",
    "refcode_4": "12",
    "refcode_short": "ACSI, Exodus 13:12",
    "refcode_long": "APL Complete Scripture Index, Exodus 13:12",
    "element_type": "p",
    "element_subtype": "standard-noindent",
    "content": "<span class=\"egwlink egwlink_book\" title=\"ARSH February 1, 1898, page 76.10\" data-link=\"1062.338\">ARSH February 1,  1898, page 76.10</span>; <span class=\"egwlink egwlink_book\" title=\"ARSH May 2, 1854, page 114.6\" data-link=\"1643.4052\">ARSH May 2,  1854, page 114.6</span>; <span class=\"egwlink egwlink_book\" title=\"HBS 36.3\" data-link=\"932.340\">HBS 36.3</span>; <span class=\"egwlink egwlink_book\" title=\"HST September 25, 1844, page 62.2\" data-link=\"1648.1980\">HST September 25,  1844, page 62.2</span>; <span class=\"egwlink egwlink_book\" title=\"MEDM September 30, 1908, page 770.3\" data-link=\"1164.802\">MEDM September 30,  1908, page 770.3</span>",
    "puborder": 3152,
    "translations": []
  },
  {
    "para_id": "14276.3153",
    "id_prev": "14276.3152",
    "id_next": "14276.3154",
    "refcode_1": "ACSI",
    "refcode_2": "Exodus",
    "refcode_3": "13",
    "refcode_4": "13",
    "refcode_short": "ACSI, Exodus 13:13",
    "refcode_long": "APL Complete Scripture Index, Exodus 13:13",
    "element_type": "h4",
    "element_subtype": "",
    "content": "13",
    "puborder": 3153,
    "translations": []
  },
  {
    "para_id": "14276.3154",
    "id_prev": "14276.3153",
    "id_next": "14276.3155",
    "refcode_1": "ACSI",
    "refcode_2": "Exodus",
    "refcode_3": "13",
    "refcode_4": "13",
    "refcode_short": "ACSI, Exodus 13:13",
    "refcode_long": "APL Complete Scripture Index, Exodus 13:13",
    "element_type": "p",
    "element_subtype": "standard-noindent",
    "content": "<span class=\"egwlink egwlink_book\" title=\"ARSH February 1, 1898, page 76.10\" data-link=\"1062.338\">ARSH February 1,  1898, page 76.10</span>; <span class=\"egwlink egwlink_book\" title=\"ARSH May 2, 1854, page 114.6\" data-link=\"1643.4052\">ARSH May 2,  1854, page 114.6</span>; <span class=\"egwlink egwlink_book\" title=\"HST September 25, 1844, page 62.2\" data-link=\"1648.1980\">HST September 25,  1844, page 62.2</span>; <span class=\"egwlink egwlink_book\" title=\"MEDM September 30, 1908, page 770.3\" data-link=\"1164.802\">MEDM September 30,  1908, page 770.3</span>",
    "puborder": 3154,
    "translations": []
  },
  {
    "para_id": "14276.3155",
    "id_prev": "14276.3154",
    "id_next": "14276.3156",
    "refcode_1": "ACSI",
    "refcode_2": "Exodus",
    "refcode_3": "13",
    "refcode_4": "14",
    "refcode_short": "ACSI, Exodus 13:14",
    "refcode_long": "APL Complete Scripture Index, Exodus 13:14",
    "element_type": "h4",
    "element_subtype": "",
    "content": "14",
    "puborder": 3155,
    "translations": []
  },
  {
    "para_id": "14276.3156",
    "id_prev": "14276.3155",
    "id_next": "14276.3157",
    "refcode_1": "ACSI",
    "refcode_2": "Exodus",
    "refcode_3": "13",
    "refcode_4": "14",
    "refcode_short": "ACSI, Exodus 13:14",
    "refcode_long": "APL Complete Scripture Index, Exodus 13:14",
    "element_type": "p",
    "element_subtype": "standard-noindent",
    "content": "<span class=\"egwlink egwlink_book\" title=\"ARSH April 7, 1851, page 62.10\" data-link=\"1659.1179\">ARSH April 7,  1851, page 62.10</span>; <span class=\"egwlink egwlink_book\" title=\"ARSH April 28, 1853, page 197.13\" data-link=\"1645.6906\">ARSH April 28,  1853, page 197.13</span>; <span class=\"egwlink egwlink_book\" title=\"ARSH May 2, 1854, page 114.6\" data-link=\"1643.4052\">ARSH May 2,  1854, page 114.6</span>; <span class=\"egwlink egwlink_book\" title=\"HST September 25, 1844, page 62.2\" data-link=\"1648.1980\">HST September 25,  1844, page 62.2</span>; <span class=\"egwlink egwlink_book\" title=\"PTJW December 1849, page 37.13\" data-link=\"1636.555\">PTJW December 1849, page 37.13</span>",
    "puborder": 3156,
    "translations": []
  },
  {
    "para_id": "14276.3157",
    "id_prev": "14276.3156",
    "id_next": "14276.3158",
    "refcode_1": "ACSI",
    "refcode_2": "Exodus",
    "refcode_3": "13",
    "refcode_4": "15",
    "refcode_short": "ACSI, Exodus 13:15",
    "refcode_long": "APL Complete Scripture Index, Exodus 13:15",
    "element_type": "h4",
    "element_subtype": "",
    "content": "15",
    "puborder": 3157,
    "translations": []
  },
  {
    "para_id": "14276.3158",
    "id_prev": "14276.3157",
    "id_next": "14276.3159",
    "refcode_1": "ACSI",
    "refcode_2": "Exodus",
    "refcode_3": "13",
    "refcode_4": "15",
    "refcode_short": "ACSI, Exodus 13:15",
    "refcode_long": "APL Complete Scripture Index, Exodus 13:15",
    "element_type": "p",
    "element_subtype": "standard-noindent",
    "content": "<span class=\"egwlink egwlink_book\" title=\"ARSH May 2, 1854, page 114.6\" data-link=\"1643.4052\">ARSH May 2,  1854, page 114.6</span>",
    "puborder": 3158,
    "translations": []
  },
  {
    "para_id": "14276.3159",
    "id_prev": "14276.3158",
    "id_next": "14276.3160",
    "refcode_1": "ACSI",
    "refcode_2": "Exodus",
    "refcode_3": "13",
    "refcode_4": "16",
    "refcode_short": "ACSI, Exodus 13:16",
    "refcode_long": "APL Complete Scripture Index, Exodus 13:16",
    "element_type": "h4",
    "element_subtype": "",
    "content": "16",
    "puborder": 3159,
    "translations": []
  },
  {
    "para_id": "14276.3160",
    "id_prev": "14276.3159",
    "id_next": "14276.3161",
    "refcode_1": "ACSI",
    "refcode_2": "Exodus",
    "refcode_3": "13",
    "refcode_4": "16",
    "refcode_short": "ACSI, Exodus 13:16",
    "refcode_long": "APL Complete Scripture Index, Exodus 13:16",
    "element_type": "p",
    "element_subtype": "standard-noindent",
    "content": "<span class=\"egwlink egwlink_book\" title=\"ARSH April 28, 1853, page 197.13\" data-link=\"1645.6906\">ARSH April 28,  1853, page 197.13</span>",
    "puborder": 3160,
    "translations": []
  },
  {
    "para_id": "14276.3161",
    "id_prev": "14276.3160",
    "id_next": "14276.3162",
    "refcode_1": "ACSI",
    "refcode_2": "Exodus",
    "refcode_3": "13",
    "refcode_4": "17",
    "refcode_short": "ACSI, Exodus 13:17",
    "refcode_long": "APL Complete Scripture Index, Exodus 13:17",
    "element_type": "h4",
    "element_subtype": "",
    "content": "17",
    "puborder": 3161,
    "translations": []
  },
  {
    "para_id": "14276.3162",
    "id_prev": "14276.3161",
    "id_next": "14276.3163",
    "refcode_1": "ACSI",
    "refcode_2": "Exodus",
    "refcode_3": "13",
    "refcode_4": "17",
    "refcode_short": "ACSI, Exodus 13:17",
    "refcode_long": "APL Complete Scripture Index, Exodus 13:17",
    "element_type": "p",
    "element_subtype": "standard-noindent",
    "content": "<span class=\"egwlink egwlink_book\" title=\"EVCO 203.5\" data-link=\"1332.1162\">EVCO 203.5</span>; <span class=\"egwlink egwlink_book\" title=\"EVCO 206.1\" data-link=\"1332.1178\">EVCO 206.1</span>; <span class=\"egwlink egwlink_book\" title=\"HBS 181.2\" data-link=\"932.1431\">HBS 181.2</span>; <span class=\"egwlink egwlink_book\" title=\"HST July 12, 1843, page 146.4\" data-link=\"1655.4456\">HST July 12,  1843, page 146.4</span>; <span class=\"egwlink egwlink_book\" title=\"PTUK September 24, 1896, page 611.4\" data-link=\"12150.4644\">PTUK September 24,  1896, page 611.4</span>; <span class=\"egwlink egwlink_book\" title=\"SITI February 4, 1889, page 58.147\" data-link=\"1542.592\">SITI February 4,  1889, page 58.147</span>",
    "puborder": 3162,
    "translations": []
  },
  {
    "para_id": "14276.3163",
    "id_prev": "14276.3162",
    "id_next": "14276.3164",
    "refcode_1": "ACSI",
    "refcode_2": "Exodus",
    "refcode_3": "13",
    "refcode_4": "18",
    "refcode_short": "ACSI, Exodus 13:18",
    "refcode_long": "APL Complete Scripture Index, Exodus 13:18",
    "element_type": "h4",
    "element_subtype": "",
    "content": "18",
    "puborder": 3163,
    "translations": []
  },
  {
    "para_id": "14276.3164",
    "id_prev": "14276.3163",
    "id_next": "14276.3165",
    "refcode_1": "ACSI",
    "refcode_2": "Exodus",
    "refcode_3": "13",
    "refcode_4": "18",
    "refcode_short": "ACSI, Exodus 13:18",
    "refcode_long": "APL Complete Scripture Index, Exodus 13:18",
    "element_type": "p",
    "element_subtype": "standard-noindent",
    "content": "<span class=\"egwlink egwlink_book\" title=\"COOD 62.1\" data-link=\"1119.334\">COOD 62.1</span>; <span class=\"egwlink egwlink_book\" title=\"EVCO 203.5\" data-link=\"1332.1162\">EVCO 203.5</span>; <span class=\"egwlink egwlink_book\" title=\"EVCO 382.2\" data-link=\"1332.2189\">EVCO 382.2</span>; <span class=\"egwlink egwlink_book\" title=\"PTUK September 24, 1896, page 611.4\" data-link=\"12150.4644\">PTUK September 24,  1896, page 611.4</span>; <span class=\"egwlink egwlink_book\" title=\"PTUK January 7, 1897, page 4.1\" data-link=\"12387.48\">PTUK January 7,  1897, page 4.1</span>; <span class=\"egwlink egwlink_book\" title=\"SITI February 4, 1889, page 58.147\" data-link=\"1542.592\">SITI February 4,  1889, page 58.147</span>",
    "puborder": 3164,
    "translations": []
  },
  {
    "para_id": "14276.3165",
    "id_prev": "14276.3164",
    "id_next": "14276.3166",
    "refcode_1": "ACSI",
    "refcode_2": "Exodus",
    "refcode_3": "13",
    "refcode_4": "19",
    "refcode_short": "ACSI, Exodus 13:19",
    "refcode_long": "APL Complete Scripture Index, Exodus 13:19",
    "element_type": "h4",
    "element_subtype": "",
    "content": "19",
    "puborder": 3165,
    "translations": []
  },
  {
    "para_id": "14276.3166",
    "id_prev": "14276.3165",
    "id_next": "14276.3167",
    "refcode_1": "ACSI",
    "refcode_2": "Exodus",
    "refcode_3": "13",
    "refcode_4": "19",
    "refcode_short": "ACSI, Exodus 13:19",
    "refcode_long": "APL Complete Scripture Index, Exodus 13:19",
    "element_type": "p",
    "element_subtype": "standard-noindent",
    "content": "<span class=\"egwlink egwlink_book\" title=\"CHPA 88.2\" data-link=\"982.458\">CHPA 88.2</span>; <span class=\"egwlink egwlink_book\" title=\"CIS 344.1\" data-link=\"1127.1644\">CIS 344.1</span>; <span class=\"egwlink egwlink_book\" title=\"SITI February 4, 1889, page 58.143\" data-link=\"1542.588\">SITI February 4,  1889, page 58.143</span>",
    "puborder": 3166,
    "translations": []
  },
  {
    "para_id": "14276.3167",
    "id_prev": "14276.3166",
    "id_next": "14276.3168",
    "refcode_1": "ACSI",
    "refcode_2": "Exodus",
    "refcode_3": "13",
    "refcode_4": "20",
    "refcode_short": "ACSI, Exodus 13:20",
    "refcode_long": "APL Complete Scripture Index, Exodus 13:20",
    "element_type": "h4",
    "element_subtype": "",
    "content": "20",
    "puborder": 3167,
    "translations": []
  },
  {
    "para_id": "14276.3168",
    "id_prev": "14276.3167",
    "id_next": "14276.3169",
    "refcode_1": "ACSI",
    "refcode_2": "Exodus",
    "refcode_3": "13",
    "refcode_4": "20",
    "refcode_short": "ACSI, Exodus 13:20",
    "refcode_long": "APL Complete Scripture Index, Exodus 13:20",
    "element_type": "p",
    "element_subtype": "standard-noindent",
    "content": "<span class=\"egwlink egwlink_book\" title=\"EB 129.1\" data-link=\"1133.874\">EB 129.1</span>; <span class=\"egwlink egwlink_book\" title=\"EVCO 203.6\" data-link=\"1332.1163\">EVCO 203.6</span>; <span class=\"egwlink egwlink_book\" title=\"PTUK September 24, 1896, page 612.1\" data-link=\"12150.4647\">PTUK September 24,  1896, page 612.1</span>",
    "puborder": 3168,
    "translations": []
  },
  {
    "para_id": "14276.3169",
    "id_prev": "14276.3168",
    "id_next": "14276.3170",
    "refcode_1": "ACSI",
    "refcode_2": "Exodus",
    "refcode_3": "13",
    "refcode_4": "21",
    "refcode_short": "ACSI, Exodus 13:21",
    "refcode_long": "APL Complete Scripture Index, Exodus 13:21",
    "element_type": "h4",
    "element_subtype": "",
    "content": "21",
    "puborder": 3169,
    "translations": []
  },
  {
    "para_id": "14276.3170",
    "id_prev": "14276.3169",
    "id_next": "14276.3171",
    "refcode_1": "ACSI",
    "refcode_2": "Exodus",
    "refcode_3": "13",
    "refcode_4": "21",
    "refcode_short": "ACSI, Exodus 13:21",
    "refcode_long": "APL Complete Scripture Index, Exodus 13:21",
    "element_type": "p",
    "element_subtype": "standard-noindent",
    "content": "<span class=\"egwlink egwlink_book\" title=\"COOD 61.4\" data-link=\"1119.331\">COOD 61.4</span>; <span class=\"egwlink egwlink_book\" title=\"COTSN 11.1\" data-link=\"1450.44\">COTSN 11.1</span>; <span class=\"egwlink egwlink_book\" title=\"FSDA 248.4\" data-link=\"949.1180\">FSDA 248.4</span>; <span class=\"egwlink egwlink_book\" title=\"LUJ 44.1\" data-link=\"1317.143\">LUJ 44.1</span>; <span class=\"egwlink egwlink_book\" title=\"PTUK September 24, 1896, page 612.1\" data-link=\"12150.4647\">PTUK September 24,  1896, page 612.1</span>; <span class=\"egwlink egwlink_book\" title=\"SITI February 4, 1889, page 58.149\" data-link=\"1542.594\">SITI February 4,  1889, page 58.149</span>",
    "puborder": 3170,
    "translations": []
  },
  {
    "para_id": "14276.3171",
    "id_prev": "14276.3170",
    "id_next": "14276.3172",
    "refcode_1": "ACSI",
    "refcode_2": "Exodus",
    "refcode_3": "13",
    "refcode_4": "22",
    "refcode_short": "ACSI, Exodus 13:22",
    "refcode_long": "APL Complete Scripture Index, Exodus 13:22",
    "element_type": "h4",
    "element_subtype": "",
    "content": "22",
    "puborder": 3171,
    "translations": []
  },
  {
    "para_id": "14276.3172",
    "id_prev": "14276.3171",
    "id_next": "14276.3173",
    "refcode_1": "ACSI",
    "refcode_2": "Exodus",
    "refcode_3": "13",
    "refcode_4": "22",
    "refcode_short": "ACSI, Exodus 13:22",
    "refcode_long": "APL Complete Scripture Index, Exodus 13:22",
    "element_type": "p",
    "element_subtype": "standard-noindent",
    "content": "<span class=\"egwlink egwlink_book\" title=\"EVCO 203.6\" data-link=\"1332.1163\">EVCO 203.6</span>; <span class=\"egwlink egwlink_book\" title=\"PTUK September 24, 1896, page 612.1\" data-link=\"12150.4647\">PTUK September 24,  1896, page 612.1</span>; <span class=\"egwlink egwlink_book\" title=\"SITI February 4, 1889, page 58.149\" data-link=\"1542.594\">SITI February 4,  1889, page 58.149</span>",
    "puborder": 3172,
    "translations": []
  }
]