[
  {
    "para_id": "14276.6191",
    "id_prev": "14276.6190",
    "id_next": "14276.6192",
    "refcode_1": "ACSI",
    "refcode_2": "Numbers",
    "refcode_3": "3",
    "refcode_4": "0",
    "refcode_short": "ACSI, Numbers 3",
    "refcode_long": "APL Complete Scripture Index, Numbers 3",
    "element_type": "h3",
    "element_subtype": "",
    "content": "Numbers 3",
    "puborder": 6191,
    "translations": []
  },
  {
    "para_id": "14276.6192",
    "id_prev": "14276.6191",
    "id_next": "14276.6193",
    "refcode_1": "ACSI",
    "refcode_2": "Numbers",
    "refcode_3": "3",
    "refcode_4": "1",
    "refcode_short": "ACSI, Numbers 3:1",
    "refcode_long": "APL Complete Scripture Index, Numbers 3:1",
    "element_type": "h4",
    "element_subtype": "",
    "content": "1",
    "puborder": 6192,
    "translations": []
  },
  {
    "para_id": "14276.6193",
    "id_prev": "14276.6192",
    "id_next": "14276.6194",
    "refcode_1": "ACSI",
    "refcode_2": "Numbers",
    "refcode_3": "3",
    "refcode_4": "1",
    "refcode_short": "ACSI, Numbers 3:1",
    "refcode_long": "APL Complete Scripture Index, Numbers 3:1",
    "element_type": "p",
    "element_subtype": "standard-noindent",
    "content": "<span class=\"egwlink egwlink_book\" title=\"ARSH January 6, 1853, page 132.4\" data-link=\"1645.4865\">ARSH January 6,  1853, page 132.4</span>; <span class=\"egwlink egwlink_book\" title=\"ARSH April 12, 1860, page 168.2\" data-link=\"1688.6774\">ARSH April 12,  1860, page 168.2</span>; <span class=\"egwlink egwlink_book\" title=\"PFF1 695.1\" data-link=\"956.4491\">PFF1 695.1</span>; <span class=\"egwlink egwlink_book\" title=\"RABV 35.2\" data-link=\"944.203\">RABV 35.2</span>; <span class=\"egwlink egwlink_book\" title=\"S23D 52.2\" data-link=\"1200.244\">S23D 52.2</span>; <span class=\"egwlink egwlink_book\" title=\"SITI March 25, 1889, page 186.22\" data-link=\"1542.1355\">SITI March 25,  1889, page 186.22</span>",
    "puborder": 6193,
    "translations": []
  },
  {
    "para_id": "14276.6194",
    "id_prev": "14276.6193",
    "id_next": "14276.6195",
    "refcode_1": "ACSI",
    "refcode_2": "Numbers",
    "refcode_3": "3",
    "refcode_4": "2",
    "refcode_short": "ACSI, Numbers 3:2",
    "refcode_long": "APL Complete Scripture Index, Numbers 3:2",
    "element_type": "h4",
    "element_subtype": "",
    "content": "2",
    "puborder": 6194,
    "translations": []
  },
  {
    "para_id": "14276.6195",
    "id_prev": "14276.6194",
    "id_next": "14276.6196",
    "refcode_1": "ACSI",
    "refcode_2": "Numbers",
    "refcode_3": "3",
    "refcode_4": "2",
    "refcode_short": "ACSI, Numbers 3:2",
    "refcode_long": "APL Complete Scripture Index, Numbers 3:2",
    "element_type": "p",
    "element_subtype": "standard-noindent",
    "content": "<span class=\"egwlink egwlink_book\" title=\"SITI March 25, 1889, page 186.22\" data-link=\"1542.1355\">SITI March 25,  1889, page 186.22</span>",
    "puborder": 6195,
    "translations": []
  },
  {
    "para_id": "14276.6196",
    "id_prev": "14276.6195",
    "id_next": "14276.6197",
    "refcode_1": "ACSI",
    "refcode_2": "Numbers",
    "refcode_3": "3",
    "refcode_4": "3",
    "refcode_short": "ACSI, Numbers 3:3",
    "refcode_long": "APL Complete Scripture Index, Numbers 3:3",
    "element_type": "h4",
    "element_subtype": "",
    "content": "3",
    "puborder": 6196,
    "translations": []
  },
  {
    "para_id": "14276.6197",
    "id_prev": "14276.6196",
    "id_next": "14276.6198",
    "refcode_1": "ACSI",
    "refcode_2": "Numbers",
    "refcode_3": "3",
    "refcode_4": "3",
    "refcode_short": "ACSI, Numbers 3:3",
    "refcode_long": "APL Complete Scripture Index, Numbers 3:3",
    "element_type": "p",
    "element_subtype": "standard-noindent",
    "content": "<span class=\"egwlink egwlink_book\" title=\"SITI March 25, 1889, page 186.22\" data-link=\"1542.1355\">SITI March 25,  1889, page 186.22</span>",
    "puborder": 6197,
    "translations": []
  },
  {
    "para_id": "14276.6198",
    "id_prev": "14276.6197",
    "id_next": "14276.6199",
    "refcode_1": "ACSI",
    "refcode_2": "Numbers",
    "refcode_3": "3",
    "refcode_4": "4",
    "refcode_short": "ACSI, Numbers 3:4",
    "refcode_long": "APL Complete Scripture Index, Numbers 3:4",
    "element_type": "h4",
    "element_subtype": "",
    "content": "4",
    "puborder": 6198,
    "translations": []
  },
  {
    "para_id": "14276.6199",
    "id_prev": "14276.6198",
    "id_next": "14276.6200",
    "refcode_1": "ACSI",
    "refcode_2": "Numbers",
    "refcode_3": "3",
    "refcode_4": "4",
    "refcode_short": "ACSI, Numbers 3:4",
    "refcode_long": "APL Complete Scripture Index, Numbers 3:4",
    "element_type": "p",
    "element_subtype": "standard-noindent",
    "content": "<span class=\"egwlink egwlink_book\" title=\"SITI March 25, 1889, page 186.22\" data-link=\"1542.1355\">SITI March 25,  1889, page 186.22</span>",
    "puborder": 6199,
    "translations": []
  },
  {
    "para_id": "14276.6200",
    "id_prev": "14276.6199",
    "id_next": "14276.6201",
    "refcode_1": "ACSI",
    "refcode_2": "Numbers",
    "refcode_3": "3",
    "refcode_4": "5",
    "refcode_short": "ACSI, Numbers 3:5",
    "refcode_long": "APL Complete Scripture Index, Numbers 3:5",
    "element_type": "h4",
    "element_subtype": "",
    "content": "5",
    "puborder": 6200,
    "translations": []
  },
  {
    "para_id": "14276.6201",
    "id_prev": "14276.6200",
    "id_next": "14276.6202",
    "refcode_1": "ACSI",
    "refcode_2": "Numbers",
    "refcode_3": "3",
    "refcode_4": "5",
    "refcode_short": "ACSI, Numbers 3:5",
    "refcode_long": "APL Complete Scripture Index, Numbers 3:5",
    "element_type": "p",
    "element_subtype": "standard-noindent",
    "content": "<span class=\"egwlink egwlink_book\" title=\"SITI March 25, 1889, page 186.22\" data-link=\"1542.1355\">SITI March 25,  1889, page 186.22</span>",
    "puborder": 6201,
    "translations": []
  },
  {
    "para_id": "14276.6202",
    "id_prev": "14276.6201",
    "id_next": "14276.6203",
    "refcode_1": "ACSI",
    "refcode_2": "Numbers",
    "refcode_3": "3",
    "refcode_4": "6",
    "refcode_short": "ACSI, Numbers 3:6",
    "refcode_long": "APL Complete Scripture Index, Numbers 3:6",
    "element_type": "h4",
    "element_subtype": "",
    "content": "6",
    "puborder": 6202,
    "translations": []
  },
  {
    "para_id": "14276.6203",
    "id_prev": "14276.6202",
    "id_next": "14276.6204",
    "refcode_1": "ACSI",
    "refcode_2": "Numbers",
    "refcode_3": "3",
    "refcode_4": "6",
    "refcode_short": "ACSI, Numbers 3:6",
    "refcode_long": "APL Complete Scripture Index, Numbers 3:6",
    "element_type": "p",
    "element_subtype": "standard-noindent",
    "content": "<span class=\"egwlink egwlink_book\" title=\"CIS 75.1\" data-link=\"1127.305\">CIS 75.1</span>; <span class=\"egwlink egwlink_book\" title=\"SITI March 25, 1889, page 186.22\" data-link=\"1542.1355\">SITI March 25,  1889, page 186.22</span>",
    "puborder": 6203,
    "translations": []
  },
  {
    "para_id": "14276.6204",
    "id_prev": "14276.6203",
    "id_next": "14276.6205",
    "refcode_1": "ACSI",
    "refcode_2": "Numbers",
    "refcode_3": "3",
    "refcode_4": "7",
    "refcode_short": "ACSI, Numbers 3:7",
    "refcode_long": "APL Complete Scripture Index, Numbers 3:7",
    "element_type": "h4",
    "element_subtype": "",
    "content": "7",
    "puborder": 6204,
    "translations": []
  },
  {
    "para_id": "14276.6205",
    "id_prev": "14276.6204",
    "id_next": "14276.6206",
    "refcode_1": "ACSI",
    "refcode_2": "Numbers",
    "refcode_3": "3",
    "refcode_4": "7",
    "refcode_short": "ACSI, Numbers 3:7",
    "refcode_long": "APL Complete Scripture Index, Numbers 3:7",
    "element_type": "p",
    "element_subtype": "standard-noindent",
    "content": "<span class=\"egwlink egwlink_book\" title=\"SITI March 25, 1889, page 186.22\" data-link=\"1542.1355\">SITI March 25,  1889, page 186.22</span>",
    "puborder": 6205,
    "translations": []
  },
  {
    "para_id": "14276.6206",
    "id_prev": "14276.6205",
    "id_next": "14276.6207",
    "refcode_1": "ACSI",
    "refcode_2": "Numbers",
    "refcode_3": "3",
    "refcode_4": "8",
    "refcode_short": "ACSI, Numbers 3:8",
    "refcode_long": "APL Complete Scripture Index, Numbers 3:8",
    "element_type": "h4",
    "element_subtype": "",
    "content": "8",
    "puborder": 6206,
    "translations": []
  },
  {
    "para_id": "14276.6207",
    "id_prev": "14276.6206",
    "id_next": "14276.6208",
    "refcode_1": "ACSI",
    "refcode_2": "Numbers",
    "refcode_3": "3",
    "refcode_4": "8",
    "refcode_short": "ACSI, Numbers 3:8",
    "refcode_long": "APL Complete Scripture Index, Numbers 3:8",
    "element_type": "p",
    "element_subtype": "standard-noindent",
    "content": "<span class=\"egwlink egwlink_book\" title=\"SITI March 25, 1889, page 186.22\" data-link=\"1542.1355\">SITI March 25,  1889, page 186.22</span>",
    "puborder": 6207,
    "translations": []
  },
  {
    "para_id": "14276.6208",
    "id_prev": "14276.6207",
    "id_next": "14276.6209",
    "refcode_1": "ACSI",
    "refcode_2": "Numbers",
    "refcode_3": "3",
    "refcode_4": "9",
    "refcode_short": "ACSI, Numbers 3:9",
    "refcode_long": "APL Complete Scripture Index, Numbers 3:9",
    "element_type": "h4",
    "element_subtype": "",
    "content": "9",
    "puborder": 6208,
    "translations": []
  },
  {
    "para_id": "14276.6209",
    "id_prev": "14276.6208",
    "id_next": "14276.6210",
    "refcode_1": "ACSI",
    "refcode_2": "Numbers",
    "refcode_3": "3",
    "refcode_4": "9",
    "refcode_short": "ACSI, Numbers 3:9",
    "refcode_long": "APL Complete Scripture Index, Numbers 3:9",
    "element_type": "p",
    "element_subtype": "standard-noindent",
    "content": "<span class=\"egwlink egwlink_book\" title=\"CIS 75.1\" data-link=\"1127.305\">CIS 75.1</span>; <span class=\"egwlink egwlink_book\" title=\"SITI March 25, 1889, page 186.22\" data-link=\"1542.1355\">SITI March 25,  1889, page 186.22</span>",
    "puborder": 6209,
    "translations": []
  },
  {
    "para_id": "14276.6210",
    "id_prev": "14276.6209",
    "id_next": "14276.6211",
    "refcode_1": "ACSI",
    "refcode_2": "Numbers",
    "refcode_3": "3",
    "refcode_4": "10",
    "refcode_short": "ACSI, Numbers 3:10",
    "refcode_long": "APL Complete Scripture Index, Numbers 3:10",
    "element_type": "h4",
    "element_subtype": "",
    "content": "10",
    "puborder": 6210,
    "translations": []
  },
  {
    "para_id": "14276.6211",
    "id_prev": "14276.6210",
    "id_next": "14276.6212",
    "refcode_1": "ACSI",
    "refcode_2": "Numbers",
    "refcode_3": "3",
    "refcode_4": "10",
    "refcode_short": "ACSI, Numbers 3:10",
    "refcode_long": "APL Complete Scripture Index, Numbers 3:10",
    "element_type": "p",
    "element_subtype": "standard-noindent",
    "content": "<span class=\"egwlink egwlink_book\" title=\"ARSH September 8, 1853, page 68.20\" data-link=\"1644.2060\">ARSH September 8,  1853, page 68.20</span>; <span class=\"egwlink egwlink_book\" title=\"ARSH August 4, 1863, page 74.3\" data-link=\"1681.3206\">ARSH August 4,  1863, page 74.3</span>; <span class=\"egwlink egwlink_book\" title=\"BSA 11.9\" data-link=\"1287.82\">BSA 11.9</span>; <span class=\"egwlink egwlink_book\" title=\"CIS 80.2\" data-link=\"1127.326\">CIS 80.2</span>; <span class=\"egwlink egwlink_book\" title=\"FEE 184.3\" data-link=\"1453.1042\">FEE 184.3</span>; <span class=\"egwlink egwlink_book\" title=\"RDAC 117.2\" data-link=\"1476.547\">RDAC 117.2</span>; <span class=\"egwlink egwlink_book\" title=\"SITI March 25, 1889, page 186.22\" data-link=\"1542.1355\">SITI March 25,  1889, page 186.22</span>; <span class=\"egwlink egwlink_book\" title=\"WDUS 61.7\" data-link=\"1446.678\">WDUS 61.7</span>",
    "puborder": 6211,
    "translations": []
  },
  {
    "para_id": "14276.6212",
    "id_prev": "14276.6211",
    "id_next": "14276.6213",
    "refcode_1": "ACSI",
    "refcode_2": "Numbers",
    "refcode_3": "3",
    "refcode_4": "11",
    "refcode_short": "ACSI, Numbers 3:11",
    "refcode_long": "APL Complete Scripture Index, Numbers 3:11",
    "element_type": "h4",
    "element_subtype": "",
    "content": "11",
    "puborder": 6212,
    "translations": []
  },
  {
    "para_id": "14276.6213",
    "id_prev": "14276.6212",
    "id_next": "14276.6214",
    "refcode_1": "ACSI",
    "refcode_2": "Numbers",
    "refcode_3": "3",
    "refcode_4": "11",
    "refcode_short": "ACSI, Numbers 3:11",
    "refcode_long": "APL Complete Scripture Index, Numbers 3:11",
    "element_type": "p",
    "element_subtype": "standard-noindent",
    "content": "<span class=\"egwlink egwlink_book\" title=\"SITI March 25, 1889, page 186.22\" data-link=\"1542.1355\">SITI March 25,  1889, page 186.22</span>",
    "puborder": 6213,
    "translations": []
  },
  {
    "para_id": "14276.6214",
    "id_prev": "14276.6213",
    "id_next": "14276.6215",
    "refcode_1": "ACSI",
    "refcode_2": "Numbers",
    "refcode_3": "3",
    "refcode_4": "12",
    "refcode_short": "ACSI, Numbers 3:12",
    "refcode_long": "APL Complete Scripture Index, Numbers 3:12",
    "element_type": "h4",
    "element_subtype": "",
    "content": "12",
    "puborder": 6214,
    "translations": []
  },
  {
    "para_id": "14276.6215",
    "id_prev": "14276.6214",
    "id_next": "14276.6216",
    "refcode_1": "ACSI",
    "refcode_2": "Numbers",
    "refcode_3": "3",
    "refcode_4": "12",
    "refcode_short": "ACSI, Numbers 3:12",
    "refcode_long": "APL Complete Scripture Index, Numbers 3:12",
    "element_type": "p",
    "element_subtype": "standard-noindent",
    "content": "<span class=\"egwlink egwlink_book\" title=\"HBS 288.6\" data-link=\"932.2221\">HBS 288.6</span>; <span class=\"egwlink egwlink_book\" title=\"SITI March 25, 1889, page 186.22\" data-link=\"1542.1355\">SITI March 25,  1889, page 186.22</span>",
    "puborder": 6215,
    "translations": []
  },
  {
    "para_id": "14276.6216",
    "id_prev": "14276.6215",
    "id_next": "14276.6217",
    "refcode_1": "ACSI",
    "refcode_2": "Numbers",
    "refcode_3": "3",
    "refcode_4": "13",
    "refcode_short": "ACSI, Numbers 3:13",
    "refcode_long": "APL Complete Scripture Index, Numbers 3:13",
    "element_type": "h4",
    "element_subtype": "",
    "content": "13",
    "puborder": 6216,
    "translations": []
  },
  {
    "para_id": "14276.6217",
    "id_prev": "14276.6216",
    "id_next": "14276.6218",
    "refcode_1": "ACSI",
    "refcode_2": "Numbers",
    "refcode_3": "3",
    "refcode_4": "13",
    "refcode_short": "ACSI, Numbers 3:13",
    "refcode_long": "APL Complete Scripture Index, Numbers 3:13",
    "element_type": "p",
    "element_subtype": "standard-noindent",
    "content": "<span class=\"egwlink egwlink_book\" title=\"HBS 288.6\" data-link=\"932.2221\">HBS 288.6</span>; <span class=\"egwlink egwlink_book\" title=\"SITI March 25, 1889, page 186.22\" data-link=\"1542.1355\">SITI March 25,  1889, page 186.22</span>",
    "puborder": 6217,
    "translations": []
  },
  {
    "para_id": "14276.6218",
    "id_prev": "14276.6217",
    "id_next": "14276.6219",
    "refcode_1": "ACSI",
    "refcode_2": "Numbers",
    "refcode_3": "3",
    "refcode_4": "14",
    "refcode_short": "ACSI, Numbers 3:14",
    "refcode_long": "APL Complete Scripture Index, Numbers 3:14",
    "element_type": "h4",
    "element_subtype": "",
    "content": "14",
    "puborder": 6218,
    "translations": []
  },
  {
    "para_id": "14276.6219",
    "id_prev": "14276.6218",
    "id_next": "14276.6220",
    "refcode_1": "ACSI",
    "refcode_2": "Numbers",
    "refcode_3": "3",
    "refcode_4": "14",
    "refcode_short": "ACSI, Numbers 3:14",
    "refcode_long": "APL Complete Scripture Index, Numbers 3:14",
    "element_type": "p",
    "element_subtype": "standard-noindent",
    "content": "<span class=\"egwlink egwlink_book\" title=\"SSP 98.2\" data-link=\"1237.361\">SSP 98.2</span>",
    "puborder": 6219,
    "translations": []
  },
  {
    "para_id": "14276.6220",
    "id_prev": "14276.6219",
    "id_next": "14276.6221",
    "refcode_1": "ACSI",
    "refcode_2": "Numbers",
    "refcode_3": "3",
    "refcode_4": "15",
    "refcode_short": "ACSI, Numbers 3:15",
    "refcode_long": "APL Complete Scripture Index, Numbers 3:15",
    "element_type": "h4",
    "element_subtype": "",
    "content": "15",
    "puborder": 6220,
    "translations": []
  },
  {
    "para_id": "14276.6221",
    "id_prev": "14276.6220",
    "id_next": "14276.6222",
    "refcode_1": "ACSI",
    "refcode_2": "Numbers",
    "refcode_3": "3",
    "refcode_4": "15",
    "refcode_short": "ACSI, Numbers 3:15",
    "refcode_long": "APL Complete Scripture Index, Numbers 3:15",
    "element_type": "p",
    "element_subtype": "standard-noindent",
    "content": "<span class=\"egwlink egwlink_book\" title=\"SSP 98.2\" data-link=\"1237.361\">SSP 98.2</span>",
    "puborder": 6221,
    "translations": []
  },
  {
    "para_id": "14276.6222",
    "id_prev": "14276.6221",
    "id_next": "14276.6223",
    "refcode_1": "ACSI",
    "refcode_2": "Numbers",
    "refcode_3": "3",
    "refcode_4": "16",
    "refcode_short": "ACSI, Numbers 3:16",
    "refcode_long": "APL Complete Scripture Index, Numbers 3:16",
    "element_type": "h4",
    "element_subtype": "",
    "content": "16",
    "puborder": 6222,
    "translations": []
  },
  {
    "para_id": "14276.6223",
    "id_prev": "14276.6222",
    "id_next": "14276.6224",
    "refcode_1": "ACSI",
    "refcode_2": "Numbers",
    "refcode_3": "3",
    "refcode_4": "16",
    "refcode_short": "ACSI, Numbers 3:16",
    "refcode_long": "APL Complete Scripture Index, Numbers 3:16",
    "element_type": "p",
    "element_subtype": "standard-noindent",
    "content": "<span class=\"egwlink egwlink_book\" title=\"ADRE 1850, page 39.1\" data-link=\"1640.1346\">ADRE 1850, page 39.1</span>; <span class=\"egwlink egwlink_book\" title=\"SSP 98.2\" data-link=\"1237.361\">SSP 98.2</span>",
    "puborder": 6223,
    "translations": []
  },
  {
    "para_id": "14276.6224",
    "id_prev": "14276.6223",
    "id_next": "14276.6225",
    "refcode_1": "ACSI",
    "refcode_2": "Numbers",
    "refcode_3": "3",
    "refcode_4": "17",
    "refcode_short": "ACSI, Numbers 3:17",
    "refcode_long": "APL Complete Scripture Index, Numbers 3:17",
    "element_type": "h4",
    "element_subtype": "",
    "content": "17",
    "puborder": 6224,
    "translations": []
  },
  {
    "para_id": "14276.6225",
    "id_prev": "14276.6224",
    "id_next": "14276.6226",
    "refcode_1": "ACSI",
    "refcode_2": "Numbers",
    "refcode_3": "3",
    "refcode_4": "17",
    "refcode_short": "ACSI, Numbers 3:17",
    "refcode_long": "APL Complete Scripture Index, Numbers 3:17",
    "element_type": "p",
    "element_subtype": "standard-noindent",
    "content": "<span class=\"egwlink egwlink_book\" title=\"SSP 98.2\" data-link=\"1237.361\">SSP 98.2</span>",
    "puborder": 6225,
    "translations": []
  },
  {
    "para_id": "14276.6226",
    "id_prev": "14276.6225",
    "id_next": "14276.6227",
    "refcode_1": "ACSI",
    "refcode_2": "Numbers",
    "refcode_3": "3",
    "refcode_4": "18",
    "refcode_short": "ACSI, Numbers 3:18",
    "refcode_long": "APL Complete Scripture Index, Numbers 3:18",
    "element_type": "h4",
    "element_subtype": "",
    "content": "18",
    "puborder": 6226,
    "translations": []
  },
  {
    "para_id": "14276.6227",
    "id_prev": "14276.6226",
    "id_next": "14276.6228",
    "refcode_1": "ACSI",
    "refcode_2": "Numbers",
    "refcode_3": "3",
    "refcode_4": "18",
    "refcode_short": "ACSI, Numbers 3:18",
    "refcode_long": "APL Complete Scripture Index, Numbers 3:18",
    "element_type": "p",
    "element_subtype": "standard-noindent",
    "content": "<span class=\"egwlink egwlink_book\" title=\"SSP 98.2\" data-link=\"1237.361\">SSP 98.2</span>",
    "puborder": 6227,
    "translations": []
  },
  {
    "para_id": "14276.6228",
    "id_prev": "14276.6227",
    "id_next": "14276.6229",
    "refcode_1": "ACSI",
    "refcode_2": "Numbers",
    "refcode_3": "3",
    "refcode_4": "19",
    "refcode_short": "ACSI, Numbers 3:19",
    "refcode_long": "APL Complete Scripture Index, Numbers 3:19",
    "element_type": "h4",
    "element_subtype": "",
    "content": "19",
    "puborder": 6228,
    "translations": []
  },
  {
    "para_id": "14276.6229",
    "id_prev": "14276.6228",
    "id_next": "14276.6230",
    "refcode_1": "ACSI",
    "refcode_2": "Numbers",
    "refcode_3": "3",
    "refcode_4": "19",
    "refcode_short": "ACSI, Numbers 3:19",
    "refcode_long": "APL Complete Scripture Index, Numbers 3:19",
    "element_type": "p",
    "element_subtype": "standard-noindent",
    "content": "<span class=\"egwlink egwlink_book\" title=\"SSP 98.2\" data-link=\"1237.361\">SSP 98.2</span>",
    "puborder": 6229,
    "translations": []
  },
  {
    "para_id": "14276.6230",
    "id_prev": "14276.6229",
    "id_next": "14276.6231",
    "refcode_1": "ACSI",
    "refcode_2": "Numbers",
    "refcode_3": "3",
    "refcode_4": "20",
    "refcode_short": "ACSI, Numbers 3:20",
    "refcode_long": "APL Complete Scripture Index, Numbers 3:20",
    "element_type": "h4",
    "element_subtype": "",
    "content": "20",
    "puborder": 6230,
    "translations": []
  },
  {
    "para_id": "14276.6231",
    "id_prev": "14276.6230",
    "id_next": "14276.6232",
    "refcode_1": "ACSI",
    "refcode_2": "Numbers",
    "refcode_3": "3",
    "refcode_4": "20",
    "refcode_short": "ACSI, Numbers 3:20",
    "refcode_long": "APL Complete Scripture Index, Numbers 3:20",
    "element_type": "p",
    "element_subtype": "standard-noindent",
    "content": "<span class=\"egwlink egwlink_book\" title=\"SSP 98.2\" data-link=\"1237.361\">SSP 98.2</span>",
    "puborder": 6231,
    "translations": []
  },
  {
    "para_id": "14276.6232",
    "id_prev": "14276.6231",
    "id_next": "14276.6233",
    "refcode_1": "ACSI",
    "refcode_2": "Numbers",
    "refcode_3": "3",
    "refcode_4": "21",
    "refcode_short": "ACSI, Numbers 3:21",
    "refcode_long": "APL Complete Scripture Index, Numbers 3:21",
    "element_type": "h4",
    "element_subtype": "",
    "content": "21",
    "puborder": 6232,
    "translations": []
  },
  {
    "para_id": "14276.6233",
    "id_prev": "14276.6232",
    "id_next": "14276.6234",
    "refcode_1": "ACSI",
    "refcode_2": "Numbers",
    "refcode_3": "3",
    "refcode_4": "21",
    "refcode_short": "ACSI, Numbers 3:21",
    "refcode_long": "APL Complete Scripture Index, Numbers 3:21",
    "element_type": "p",
    "element_subtype": "standard-noindent",
    "content": "<span class=\"egwlink egwlink_book\" title=\"SSP 98.2\" data-link=\"1237.361\">SSP 98.2</span>",
    "puborder": 6233,
    "translations": []
  },
  {
    "para_id": "14276.6234",
    "id_prev": "14276.6233",
    "id_next": "14276.6235",
    "refcode_1": "ACSI",
    "refcode_2": "Numbers",
    "refcode_3": "3",
    "refcode_4": "22",
    "refcode_short": "ACSI, Numbers 3:22",
    "refcode_long": "APL Complete Scripture Index, Numbers 3:22",
    "element_type": "h4",
    "element_subtype": "",
    "content": "22",
    "puborder": 6234,
    "translations": []
  },
  {
    "para_id": "14276.6235",
    "id_prev": "14276.6234",
    "id_next": "14276.6236",
    "refcode_1": "ACSI",
    "refcode_2": "Numbers",
    "refcode_3": "3",
    "refcode_4": "22",
    "refcode_short": "ACSI, Numbers 3:22",
    "refcode_long": "APL Complete Scripture Index, Numbers 3:22",
    "element_type": "p",
    "element_subtype": "standard-noindent",
    "content": "<span class=\"egwlink egwlink_book\" title=\"SSP 98.2\" data-link=\"1237.361\">SSP 98.2</span>",
    "puborder": 6235,
    "translations": []
  },
  {
    "para_id": "14276.6236",
    "id_prev": "14276.6235",
    "id_next": "14276.6237",
    "refcode_1": "ACSI",
    "refcode_2": "Numbers",
    "refcode_3": "3",
    "refcode_4": "23",
    "refcode_short": "ACSI, Numbers 3:23",
    "refcode_long": "APL Complete Scripture Index, Numbers 3:23",
    "element_type": "h4",
    "element_subtype": "",
    "content": "23",
    "puborder": 6236,
    "translations": []
  },
  {
    "para_id": "14276.6237",
    "id_prev": "14276.6236",
    "id_next": "14276.6238",
    "refcode_1": "ACSI",
    "refcode_2": "Numbers",
    "refcode_3": "3",
    "refcode_4": "23",
    "refcode_short": "ACSI, Numbers 3:23",
    "refcode_long": "APL Complete Scripture Index, Numbers 3:23",
    "element_type": "p",
    "element_subtype": "standard-noindent",
    "content": "<span class=\"egwlink egwlink_book\" title=\"FAFA 78.3\" data-link=\"945.509\">FAFA 78.3</span>; <span class=\"egwlink egwlink_book\" title=\"SSP 98.2\" data-link=\"1237.361\">SSP 98.2</span>",
    "puborder": 6237,
    "translations": []
  },
  {
    "para_id": "14276.6238",
    "id_prev": "14276.6237",
    "id_next": "14276.6239",
    "refcode_1": "ACSI",
    "refcode_2": "Numbers",
    "refcode_3": "3",
    "refcode_4": "24",
    "refcode_short": "ACSI, Numbers 3:24",
    "refcode_long": "APL Complete Scripture Index, Numbers 3:24",
    "element_type": "h4",
    "element_subtype": "",
    "content": "24",
    "puborder": 6238,
    "translations": []
  },
  {
    "para_id": "14276.6239",
    "id_prev": "14276.6238",
    "id_next": "14276.6240",
    "refcode_1": "ACSI",
    "refcode_2": "Numbers",
    "refcode_3": "3",
    "refcode_4": "24",
    "refcode_short": "ACSI, Numbers 3:24",
    "refcode_long": "APL Complete Scripture Index, Numbers 3:24",
    "element_type": "p",
    "element_subtype": "standard-noindent",
    "content": "<span class=\"egwlink egwlink_book\" title=\"SSP 98.2\" data-link=\"1237.361\">SSP 98.2</span>",
    "puborder": 6239,
    "translations": []
  },
  {
    "para_id": "14276.6240",
    "id_prev": "14276.6239",
    "id_next": "14276.6241",
    "refcode_1": "ACSI",
    "refcode_2": "Numbers",
    "refcode_3": "3",
    "refcode_4": "25",
    "refcode_short": "ACSI, Numbers 3:25",
    "refcode_long": "APL Complete Scripture Index, Numbers 3:25",
    "element_type": "h4",
    "element_subtype": "",
    "content": "25",
    "puborder": 6240,
    "translations": []
  },
  {
    "para_id": "14276.6241",
    "id_prev": "14276.6240",
    "id_next": "14276.6242",
    "refcode_1": "ACSI",
    "refcode_2": "Numbers",
    "refcode_3": "3",
    "refcode_4": "25",
    "refcode_short": "ACSI, Numbers 3:25",
    "refcode_long": "APL Complete Scripture Index, Numbers 3:25",
    "element_type": "p",
    "element_subtype": "standard-noindent",
    "content": "<span class=\"egwlink egwlink_book\" title=\"ARSH May 5, 1851, page 79.5\" data-link=\"1659.1545\">ARSH May 5,  1851, page 79.5</span>; <span class=\"egwlink egwlink_book\" title=\"SSP 98.2\" data-link=\"1237.361\">SSP 98.2</span>",
    "puborder": 6241,
    "translations": []
  },
  {
    "para_id": "14276.6242",
    "id_prev": "14276.6241",
    "id_next": "14276.6243",
    "refcode_1": "ACSI",
    "refcode_2": "Numbers",
    "refcode_3": "3",
    "refcode_4": "26",
    "refcode_short": "ACSI, Numbers 3:26",
    "refcode_long": "APL Complete Scripture Index, Numbers 3:26",
    "element_type": "h4",
    "element_subtype": "",
    "content": "26",
    "puborder": 6242,
    "translations": []
  },
  {
    "para_id": "14276.6243",
    "id_prev": "14276.6242",
    "id_next": "14276.6244",
    "refcode_1": "ACSI",
    "refcode_2": "Numbers",
    "refcode_3": "3",
    "refcode_4": "26",
    "refcode_short": "ACSI, Numbers 3:26",
    "refcode_long": "APL Complete Scripture Index, Numbers 3:26",
    "element_type": "p",
    "element_subtype": "standard-noindent",
    "content": "<span class=\"egwlink egwlink_book\" title=\"ARSH May 5, 1851, page 79.5\" data-link=\"1659.1545\">ARSH May 5,  1851, page 79.5</span>; <span class=\"egwlink egwlink_book\" title=\"SSP 98.2\" data-link=\"1237.361\">SSP 98.2</span>; <span class=\"egwlink egwlink_book\" title=\"TDC May 8, 1889, page 4.12\" data-link=\"1242.66\">TDC May 8,  1889, page 4.12</span>",
    "puborder": 6243,
    "translations": []
  },
  {
    "para_id": "14276.6244",
    "id_prev": "14276.6243",
    "id_next": "14276.6245",
    "refcode_1": "ACSI",
    "refcode_2": "Numbers",
    "refcode_3": "3",
    "refcode_4": "27",
    "refcode_short": "ACSI, Numbers 3:27",
    "refcode_long": "APL Complete Scripture Index, Numbers 3:27",
    "element_type": "h4",
    "element_subtype": "",
    "content": "27",
    "puborder": 6244,
    "translations": []
  },
  {
    "para_id": "14276.6245",
    "id_prev": "14276.6244",
    "id_next": "14276.6246",
    "refcode_1": "ACSI",
    "refcode_2": "Numbers",
    "refcode_3": "3",
    "refcode_4": "27",
    "refcode_short": "ACSI, Numbers 3:27",
    "refcode_long": "APL Complete Scripture Index, Numbers 3:27",
    "element_type": "p",
    "element_subtype": "standard-noindent",
    "content": "<span class=\"egwlink egwlink_book\" title=\"ARSH May 5, 1851, page 79.5\" data-link=\"1659.1545\">ARSH May 5,  1851, page 79.5</span>; <span class=\"egwlink egwlink_book\" title=\"BSA 11.9\" data-link=\"1287.82\">BSA 11.9</span>; <span class=\"egwlink egwlink_book\" title=\"SSP 98.2\" data-link=\"1237.361\">SSP 98.2</span>; <span class=\"egwlink egwlink_book\" title=\"TDC May 8, 1889, page 4.12\" data-link=\"1242.66\">TDC May 8,  1889, page 4.12</span>",
    "puborder": 6245,
    "translations": []
  },
  {
    "para_id": "14276.6246",
    "id_prev": "14276.6245",
    "id_next": "14276.6247",
    "refcode_1": "ACSI",
    "refcode_2": "Numbers",
    "refcode_3": "3",
    "refcode_4": "28",
    "refcode_short": "ACSI, Numbers 3:28",
    "refcode_long": "APL Complete Scripture Index, Numbers 3:28",
    "element_type": "h4",
    "element_subtype": "",
    "content": "28",
    "puborder": 6246,
    "translations": []
  },
  {
    "para_id": "14276.6247",
    "id_prev": "14276.6246",
    "id_next": "14276.6248",
    "refcode_1": "ACSI",
    "refcode_2": "Numbers",
    "refcode_3": "3",
    "refcode_4": "28",
    "refcode_short": "ACSI, Numbers 3:28",
    "refcode_long": "APL Complete Scripture Index, Numbers 3:28",
    "element_type": "p",
    "element_subtype": "standard-noindent",
    "content": "<span class=\"egwlink egwlink_book\" title=\"ARSH May 5, 1851, page 79.5\" data-link=\"1659.1545\">ARSH May 5,  1851, page 79.5</span>; <span class=\"egwlink egwlink_book\" title=\"ARSH January 6, 1853, page 132.4\" data-link=\"1645.4865\">ARSH January 6,  1853, page 132.4</span>; <span class=\"egwlink egwlink_book\" title=\"ARSH January 20, 1853, page 144.17\" data-link=\"1645.5268\">ARSH January 20,  1853, page 144.17</span>; <span class=\"egwlink egwlink_book\" title=\"ARSH August 21, 1856, page 124.18\" data-link=\"1675.4802\">ARSH August 21,  1856, page 124.18</span>; <span class=\"egwlink egwlink_book\" title=\"ARSH February 11, 1858, page 108.19\" data-link=\"1692.3941\">ARSH February 11,  1858, page 108.19</span>; <span class=\"egwlink egwlink_book\" title=\"ARSH August 4, 1863, page 77.13\" data-link=\"1681.3317\">ARSH August 4,  1863, page 77.13</span>; <span class=\"egwlink egwlink_book\" title=\"BSA 11.9\" data-link=\"1287.82\">BSA 11.9</span>; <span class=\"egwlink egwlink_book\" title=\"LUJ 64.2\" data-link=\"1317.211\">LUJ 64.2</span>; <span class=\"egwlink egwlink_book\" title=\"S23D 52.2\" data-link=\"1200.244\">S23D 52.2</span>; <span class=\"egwlink egwlink_book\" title=\"SSP 98.2\" data-link=\"1237.361\">SSP 98.2</span>; <span class=\"egwlink egwlink_book\" title=\"STTHD 129.3\" data-link=\"1408.547\">STTHD 129.3</span>; <span class=\"egwlink egwlink_book\" title=\"STTHD 344\" data-link=\"1408.1389\">STTHD 344</span>; <span class=\"egwlink egwlink_book\" title=\"TDC May 8, 1889, page 4.12\" data-link=\"1242.66\">TDC May 8,  1889, page 4.12</span>",
    "puborder": 6247,
    "translations": []
  },
  {
    "para_id": "14276.6248",
    "id_prev": "14276.6247",
    "id_next": "14276.6249",
    "refcode_1": "ACSI",
    "refcode_2": "Numbers",
    "refcode_3": "3",
    "refcode_4": "29",
    "refcode_short": "ACSI, Numbers 3:29",
    "refcode_long": "APL Complete Scripture Index, Numbers 3:29",
    "element_type": "h4",
    "element_subtype": "",
    "content": "29",
    "puborder": 6248,
    "translations": []
  },
  {
    "para_id": "14276.6249",
    "id_prev": "14276.6248",
    "id_next": "14276.6250",
    "refcode_1": "ACSI",
    "refcode_2": "Numbers",
    "refcode_3": "3",
    "refcode_4": "29",
    "refcode_short": "ACSI, Numbers 3:29",
    "refcode_long": "APL Complete Scripture Index, Numbers 3:29",
    "element_type": "p",
    "element_subtype": "standard-noindent",
    "content": "<span class=\"egwlink egwlink_book\" title=\"ADRE September 1850, page 43.3\" data-link=\"1640.485\">ADRE September 1850, page 43.3</span>; <span class=\"egwlink egwlink_book\" title=\"ADRE 1850, page 38.2\" data-link=\"1640.1343\">ADRE 1850, page 38.2</span>; <span class=\"egwlink egwlink_book\" title=\"ARSH May 5, 1851, page 79.5\" data-link=\"1659.1545\">ARSH May 5,  1851, page 79.5</span>; <span class=\"egwlink egwlink_book\" title=\"ARSH September 2, 1852, page 68.10\" data-link=\"1645.2634\">ARSH September 2,  1852, page 68.10</span>; <span class=\"egwlink egwlink_book\" title=\"BSA 11.9\" data-link=\"1287.82\">BSA 11.9</span>; <span class=\"egwlink egwlink_book\" title=\"LOM, page 38.13\" data-link=\"1142.51\">LOM, page 38.13</span>; <span class=\"egwlink egwlink_book\" title=\"SANC 4.2\" data-link=\"1198.42\">SANC 4.2</span>; <span class=\"egwlink egwlink_book\" title=\"SSP 98.2\" data-link=\"1237.361\">SSP 98.2</span>; <span class=\"egwlink egwlink_book\" title=\"TDC May 8, 1889, page 4.12\" data-link=\"1242.66\">TDC May 8,  1889, page 4.12</span>",
    "puborder": 6249,
    "translations": []
  },
  {
    "para_id": "14276.6250",
    "id_prev": "14276.6249",
    "id_next": "14276.6251",
    "refcode_1": "ACSI",
    "refcode_2": "Numbers",
    "refcode_3": "3",
    "refcode_4": "30",
    "refcode_short": "ACSI, Numbers 3:30",
    "refcode_long": "APL Complete Scripture Index, Numbers 3:30",
    "element_type": "h4",
    "element_subtype": "",
    "content": "30",
    "puborder": 6250,
    "translations": []
  },
  {
    "para_id": "14276.6251",
    "id_prev": "14276.6250",
    "id_next": "14276.6252",
    "refcode_1": "ACSI",
    "refcode_2": "Numbers",
    "refcode_3": "3",
    "refcode_4": "30",
    "refcode_short": "ACSI, Numbers 3:30",
    "refcode_long": "APL Complete Scripture Index, Numbers 3:30",
    "element_type": "p",
    "element_subtype": "standard-noindent",
    "content": "<span class=\"egwlink egwlink_book\" title=\"ADRE September 1850, page 43.3\" data-link=\"1640.485\">ADRE September 1850, page 43.3</span>; <span class=\"egwlink egwlink_book\" title=\"ADRE 1850, page 38.2\" data-link=\"1640.1343\">ADRE 1850, page 38.2</span>; <span class=\"egwlink egwlink_book\" title=\"ARSH May 5, 1851, page 79.5\" data-link=\"1659.1545\">ARSH May 5,  1851, page 79.5</span>; <span class=\"egwlink egwlink_book\" title=\"ARSH September 2, 1852, page 68.10\" data-link=\"1645.2634\">ARSH September 2,  1852, page 68.10</span>; <span class=\"egwlink egwlink_book\" title=\"BSA 11.9\" data-link=\"1287.82\">BSA 11.9</span>; <span class=\"egwlink egwlink_book\" title=\"LOM, page 38.13\" data-link=\"1142.51\">LOM, page 38.13</span>; <span class=\"egwlink egwlink_book\" title=\"SANC 4.2\" data-link=\"1198.42\">SANC 4.2</span>; <span class=\"egwlink egwlink_book\" title=\"SSP 98.2\" data-link=\"1237.361\">SSP 98.2</span>",
    "puborder": 6251,
    "translations": []
  },
  {
    "para_id": "14276.6252",
    "id_prev": "14276.6251",
    "id_next": "14276.6253",
    "refcode_1": "ACSI",
    "refcode_2": "Numbers",
    "refcode_3": "3",
    "refcode_4": "31",
    "refcode_short": "ACSI, Numbers 3:31",
    "refcode_long": "APL Complete Scripture Index, Numbers 3:31",
    "element_type": "h4",
    "element_subtype": "",
    "content": "31",
    "puborder": 6252,
    "translations": []
  },
  {
    "para_id": "14276.6253",
    "id_prev": "14276.6252",
    "id_next": "14276.6254",
    "refcode_1": "ACSI",
    "refcode_2": "Numbers",
    "refcode_3": "3",
    "refcode_4": "31",
    "refcode_short": "ACSI, Numbers 3:31",
    "refcode_long": "APL Complete Scripture Index, Numbers 3:31",
    "element_type": "p",
    "element_subtype": "standard-noindent",
    "content": "<span class=\"egwlink egwlink_book\" title=\"ADRE September 1850, page 43.3\" data-link=\"1640.485\">ADRE September 1850, page 43.3</span>; <span class=\"egwlink egwlink_book\" title=\"ADRE September 1850, page 44.1\" data-link=\"1640.488\">ADRE September 1850, page 44.1</span>; <span class=\"egwlink egwlink_book\" title=\"ADRE 1850, page 38.2\" data-link=\"1640.1343\">ADRE 1850, page 38.2</span>; <span class=\"egwlink egwlink_book\" title=\"ADRE 1850, page 39.1\" data-link=\"1640.1346\">ADRE 1850, page 39.1</span>; <span class=\"egwlink egwlink_book\" title=\"ARSH May 5, 1851, page 79.5\" data-link=\"1659.1545\">ARSH May 5,  1851, page 79.5</span>; <span class=\"egwlink egwlink_book\" title=\"ARSH September 2, 1852, page 68.10\" data-link=\"1645.2634\">ARSH September 2,  1852, page 68.10</span>; <span class=\"egwlink egwlink_book\" title=\"ARSH September 2, 1852, page 68.13\" data-link=\"1645.2637\">ARSH September 2,  1852, page 68.13</span>; <span class=\"egwlink egwlink_book\" title=\"ARSH January 6, 1853, page 132.4\" data-link=\"1645.4865\">ARSH January 6,  1853, page 132.4</span>; <span class=\"egwlink egwlink_book\" title=\"ARSH January 20, 1853, page 144.17\" data-link=\"1645.5268\">ARSH January 20,  1853, page 144.17</span>; <span class=\"egwlink egwlink_book\" title=\"ARSH August 21, 1856, page 124.18\" data-link=\"1675.4802\">ARSH August 21,  1856, page 124.18</span>; <span class=\"egwlink egwlink_book\" title=\"ARSH February 11, 1858, page 108.19\" data-link=\"1692.3941\">ARSH February 11,  1858, page 108.19</span>; <span class=\"egwlink egwlink_book\" title=\"ARSH August 4, 1863, page 77.13\" data-link=\"1681.3317\">ARSH August 4,  1863, page 77.13</span>; <span class=\"egwlink egwlink_book\" title=\"BSA 11.9\" data-link=\"1287.82\">BSA 11.9</span>; <span class=\"egwlink egwlink_book\" title=\"LOM, page 38.13\" data-link=\"1142.51\">LOM, page 38.13</span>; <span class=\"egwlink egwlink_book\" title=\"LOM, page 38.16\" data-link=\"1142.54\">LOM, page 38.16</span>; <span class=\"egwlink egwlink_book\" title=\"LUJ 64.2\" data-link=\"1317.211\">LUJ 64.2</span>; <span class=\"egwlink egwlink_book\" title=\"S23D 52.2\" data-link=\"1200.244\">S23D 52.2</span>; <span class=\"egwlink egwlink_book\" title=\"SANC 4.2\" data-link=\"1198.42\">SANC 4.2</span>; <span class=\"egwlink egwlink_book\" title=\"SANC 5.3\" data-link=\"1198.48\">SANC 5.3</span>; <span class=\"egwlink egwlink_book\" title=\"SSP 98.2\" data-link=\"1237.361\">SSP 98.2</span>; <span class=\"egwlink egwlink_book\" title=\"STTHD 129.3\" data-link=\"1408.547\">STTHD 129.3</span>; <span class=\"egwlink egwlink_book\" title=\"STTHD 344\" data-link=\"1408.1389\">STTHD 344</span>",
    "puborder": 6253,
    "translations": []
  },
  {
    "para_id": "14276.6254",
    "id_prev": "14276.6253",
    "id_next": "14276.6255",
    "refcode_1": "ACSI",
    "refcode_2": "Numbers",
    "refcode_3": "3",
    "refcode_4": "32",
    "refcode_short": "ACSI, Numbers 3:32",
    "refcode_long": "APL Complete Scripture Index, Numbers 3:32",
    "element_type": "h4",
    "element_subtype": "",
    "content": "32",
    "puborder": 6254,
    "translations": []
  },
  {
    "para_id": "14276.6255",
    "id_prev": "14276.6254",
    "id_next": "14276.6256",
    "refcode_1": "ACSI",
    "refcode_2": "Numbers",
    "refcode_3": "3",
    "refcode_4": "32",
    "refcode_short": "ACSI, Numbers 3:32",
    "refcode_long": "APL Complete Scripture Index, Numbers 3:32",
    "element_type": "p",
    "element_subtype": "standard-noindent",
    "content": "<span class=\"egwlink egwlink_book\" title=\"ADRE September 1850, page 44.1\" data-link=\"1640.488\">ADRE September 1850, page 44.1</span>; <span class=\"egwlink egwlink_book\" title=\"ADRE 1850, page 39.1\" data-link=\"1640.1346\">ADRE 1850, page 39.1</span>; <span class=\"egwlink egwlink_book\" title=\"ARSH May 5, 1851, page 79.5\" data-link=\"1659.1545\">ARSH May 5,  1851, page 79.5</span>; <span class=\"egwlink egwlink_book\" title=\"ARSH September 2, 1852, page 68.13\" data-link=\"1645.2637\">ARSH September 2,  1852, page 68.13</span>; <span class=\"egwlink egwlink_book\" title=\"ARSH January 6, 1853, page 132.4\" data-link=\"1645.4865\">ARSH January 6,  1853, page 132.4</span>; <span class=\"egwlink egwlink_book\" title=\"ARSH January 20, 1853, page 144.17\" data-link=\"1645.5268\">ARSH January 20,  1853, page 144.17</span>; <span class=\"egwlink egwlink_book\" title=\"ARSH August 21, 1856, page 124.18\" data-link=\"1675.4802\">ARSH August 21,  1856, page 124.18</span>; <span class=\"egwlink egwlink_book\" title=\"ARSH February 11, 1858, page 108.19\" data-link=\"1692.3941\">ARSH February 11,  1858, page 108.19</span>; <span class=\"egwlink egwlink_book\" title=\"BSA 11.9\" data-link=\"1287.82\">BSA 11.9</span>; <span class=\"egwlink egwlink_book\" title=\"BSPC 170.3\" data-link=\"952.1672\">BSPC 170.3</span>; <span class=\"egwlink egwlink_book\" title=\"LOM, page 38.16\" data-link=\"1142.54\">LOM, page 38.16</span>; <span class=\"egwlink egwlink_book\" title=\"LUJ 64.2\" data-link=\"1317.211\">LUJ 64.2</span>; <span class=\"egwlink egwlink_book\" title=\"S23D 52.2\" data-link=\"1200.244\">S23D 52.2</span>; <span class=\"egwlink egwlink_book\" title=\"SANC 5.3\" data-link=\"1198.48\">SANC 5.3</span>; <span class=\"egwlink egwlink_book\" title=\"SSP 98.2\" data-link=\"1237.361\">SSP 98.2</span>; <span class=\"egwlink egwlink_book\" title=\"STTHD 129.3\" data-link=\"1408.547\">STTHD 129.3</span>; <span class=\"egwlink egwlink_book\" title=\"STTHD 344\" data-link=\"1408.1389\">STTHD 344</span>",
    "puborder": 6255,
    "translations": []
  },
  {
    "para_id": "14276.6256",
    "id_prev": "14276.6255",
    "id_next": "14276.6257",
    "refcode_1": "ACSI",
    "refcode_2": "Numbers",
    "refcode_3": "3",
    "refcode_4": "33",
    "refcode_short": "ACSI, Numbers 3:33",
    "refcode_long": "APL Complete Scripture Index, Numbers 3:33",
    "element_type": "h4",
    "element_subtype": "",
    "content": "33",
    "puborder": 6256,
    "translations": []
  },
  {
    "para_id": "14276.6257",
    "id_prev": "14276.6256",
    "id_next": "14276.6258",
    "refcode_1": "ACSI",
    "refcode_2": "Numbers",
    "refcode_3": "3",
    "refcode_4": "33",
    "refcode_short": "ACSI, Numbers 3:33",
    "refcode_long": "APL Complete Scripture Index, Numbers 3:33",
    "element_type": "p",
    "element_subtype": "standard-noindent",
    "content": "<span class=\"egwlink egwlink_book\" title=\"ARSH May 5, 1851, page 79.5\" data-link=\"1659.1545\">ARSH May 5,  1851, page 79.5</span>; <span class=\"egwlink egwlink_book\" title=\"SSP 98.2\" data-link=\"1237.361\">SSP 98.2</span>",
    "puborder": 6257,
    "translations": []
  },
  {
    "para_id": "14276.6258",
    "id_prev": "14276.6257",
    "id_next": "14276.6259",
    "refcode_1": "ACSI",
    "refcode_2": "Numbers",
    "refcode_3": "3",
    "refcode_4": "34",
    "refcode_short": "ACSI, Numbers 3:34",
    "refcode_long": "APL Complete Scripture Index, Numbers 3:34",
    "element_type": "h4",
    "element_subtype": "",
    "content": "34",
    "puborder": 6258,
    "translations": []
  },
  {
    "para_id": "14276.6259",
    "id_prev": "14276.6258",
    "id_next": "14276.6260",
    "refcode_1": "ACSI",
    "refcode_2": "Numbers",
    "refcode_3": "3",
    "refcode_4": "34",
    "refcode_short": "ACSI, Numbers 3:34",
    "refcode_long": "APL Complete Scripture Index, Numbers 3:34",
    "element_type": "p",
    "element_subtype": "standard-noindent",
    "content": "<span class=\"egwlink egwlink_book\" title=\"SSP 98.2\" data-link=\"1237.361\">SSP 98.2</span>",
    "puborder": 6259,
    "translations": []
  },
  {
    "para_id": "14276.6260",
    "id_prev": "14276.6259",
    "id_next": "14276.6261",
    "refcode_1": "ACSI",
    "refcode_2": "Numbers",
    "refcode_3": "3",
    "refcode_4": "35",
    "refcode_short": "ACSI, Numbers 3:35",
    "refcode_long": "APL Complete Scripture Index, Numbers 3:35",
    "element_type": "h4",
    "element_subtype": "",
    "content": "35",
    "puborder": 6260,
    "translations": []
  },
  {
    "para_id": "14276.6261",
    "id_prev": "14276.6260",
    "id_next": "14276.6262",
    "refcode_1": "ACSI",
    "refcode_2": "Numbers",
    "refcode_3": "3",
    "refcode_4": "35",
    "refcode_short": "ACSI, Numbers 3:35",
    "refcode_long": "APL Complete Scripture Index, Numbers 3:35",
    "element_type": "p",
    "element_subtype": "standard-noindent",
    "content": "<span class=\"egwlink egwlink_book\" title=\"SSP 98.2\" data-link=\"1237.361\">SSP 98.2</span>",
    "puborder": 6261,
    "translations": []
  },
  {
    "para_id": "14276.6262",
    "id_prev": "14276.6261",
    "id_next": "14276.6263",
    "refcode_1": "ACSI",
    "refcode_2": "Numbers",
    "refcode_3": "3",
    "refcode_4": "36",
    "refcode_short": "ACSI, Numbers 3:36",
    "refcode_long": "APL Complete Scripture Index, Numbers 3:36",
    "element_type": "h4",
    "element_subtype": "",
    "content": "36",
    "puborder": 6262,
    "translations": []
  },
  {
    "para_id": "14276.6263",
    "id_prev": "14276.6262",
    "id_next": "14276.6264",
    "refcode_1": "ACSI",
    "refcode_2": "Numbers",
    "refcode_3": "3",
    "refcode_4": "36",
    "refcode_short": "ACSI, Numbers 3:36",
    "refcode_long": "APL Complete Scripture Index, Numbers 3:36",
    "element_type": "p",
    "element_subtype": "standard-noindent",
    "content": "<span class=\"egwlink egwlink_book\" title=\"ARSH May 5, 1851, page 79.5\" data-link=\"1659.1545\">ARSH May 5,  1851, page 79.5</span>; <span class=\"egwlink egwlink_book\" title=\"SSP 98.2\" data-link=\"1237.361\">SSP 98.2</span>",
    "puborder": 6263,
    "translations": []
  },
  {
    "para_id": "14276.6264",
    "id_prev": "14276.6263",
    "id_next": "14276.6265",
    "refcode_1": "ACSI",
    "refcode_2": "Numbers",
    "refcode_3": "3",
    "refcode_4": "37",
    "refcode_short": "ACSI, Numbers 3:37",
    "refcode_long": "APL Complete Scripture Index, Numbers 3:37",
    "element_type": "h4",
    "element_subtype": "",
    "content": "37",
    "puborder": 6264,
    "translations": []
  },
  {
    "para_id": "14276.6265",
    "id_prev": "14276.6264",
    "id_next": "14276.6266",
    "refcode_1": "ACSI",
    "refcode_2": "Numbers",
    "refcode_3": "3",
    "refcode_4": "37",
    "refcode_short": "ACSI, Numbers 3:37",
    "refcode_long": "APL Complete Scripture Index, Numbers 3:37",
    "element_type": "p",
    "element_subtype": "standard-noindent",
    "content": "<span class=\"egwlink egwlink_book\" title=\"ARSH May 5, 1851, page 79.5\" data-link=\"1659.1545\">ARSH May 5,  1851, page 79.5</span>; <span class=\"egwlink egwlink_book\" title=\"SSP 98.2\" data-link=\"1237.361\">SSP 98.2</span>",
    "puborder": 6265,
    "translations": []
  },
  {
    "para_id": "14276.6266",
    "id_prev": "14276.6265",
    "id_next": "14276.6267",
    "refcode_1": "ACSI",
    "refcode_2": "Numbers",
    "refcode_3": "3",
    "refcode_4": "38",
    "refcode_short": "ACSI, Numbers 3:38",
    "refcode_long": "APL Complete Scripture Index, Numbers 3:38",
    "element_type": "h4",
    "element_subtype": "",
    "content": "38",
    "puborder": 6266,
    "translations": []
  },
  {
    "para_id": "14276.6267",
    "id_prev": "14276.6266",
    "id_next": "14276.6268",
    "refcode_1": "ACSI",
    "refcode_2": "Numbers",
    "refcode_3": "3",
    "refcode_4": "38",
    "refcode_short": "ACSI, Numbers 3:38",
    "refcode_long": "APL Complete Scripture Index, Numbers 3:38",
    "element_type": "p",
    "element_subtype": "standard-noindent",
    "content": "<span class=\"egwlink egwlink_book\" title=\"ADRE September 1850, page 44.1\" data-link=\"1640.488\">ADRE September 1850, page 44.1</span>; <span class=\"egwlink egwlink_book\" title=\"ADRE 1850, page 39.1\" data-link=\"1640.1346\">ADRE 1850, page 39.1</span>; <span class=\"egwlink egwlink_book\" title=\"ARSH September 2, 1852, page 68.13\" data-link=\"1645.2637\">ARSH September 2,  1852, page 68.13</span>; <span class=\"egwlink egwlink_book\" title=\"ARSH January 6, 1853, page 132.4\" data-link=\"1645.4865\">ARSH January 6,  1853, page 132.4</span>; <span class=\"egwlink egwlink_book\" title=\"ARSH January 20, 1853, page 144.17\" data-link=\"1645.5268\">ARSH January 20,  1853, page 144.17</span>; <span class=\"egwlink egwlink_book\" title=\"ARSH August 21, 1856, page 124.18\" data-link=\"1675.4802\">ARSH August 21,  1856, page 124.18</span>; <span class=\"egwlink egwlink_book\" title=\"ARSH February 11, 1858, page 108.19\" data-link=\"1692.3941\">ARSH February 11,  1858, page 108.19</span>; <span class=\"egwlink egwlink_book\" title=\"ARSH August 4, 1863, page 77.13\" data-link=\"1681.3317\">ARSH August 4,  1863, page 77.13</span>; <span class=\"egwlink egwlink_book\" title=\"BP3 139.3\" data-link=\"974.149\">BP3 139.3</span>; <span class=\"egwlink egwlink_book\" title=\"BSA 11.9\" data-link=\"1287.82\">BSA 11.9</span>; <span class=\"egwlink egwlink_book\" title=\"LOM, page 38.16\" data-link=\"1142.54\">LOM, page 38.16</span>; <span class=\"egwlink egwlink_book\" title=\"LUJ 64.2\" data-link=\"1317.211\">LUJ 64.2</span>; <span class=\"egwlink egwlink_book\" title=\"S23D 52.2\" data-link=\"1200.244\">S23D 52.2</span>; <span class=\"egwlink egwlink_book\" title=\"SANC 5.3\" data-link=\"1198.48\">SANC 5.3</span>; <span class=\"egwlink egwlink_book\" title=\"SSP 98.2\" data-link=\"1237.361\">SSP 98.2</span>; <span class=\"egwlink egwlink_book\" title=\"STTHD 119.1\" data-link=\"1408.509\">STTHD 119.1</span>; <span class=\"egwlink egwlink_book\" title=\"STTHD 129.3\" data-link=\"1408.547\">STTHD 129.3</span>; <span class=\"egwlink egwlink_book\" title=\"STTHD 342\" data-link=\"1408.1382\">STTHD 342</span>",
    "puborder": 6267,
    "translations": []
  },
  {
    "para_id": "14276.6268",
    "id_prev": "14276.6267",
    "id_next": "14276.6269",
    "refcode_1": "ACSI",
    "refcode_2": "Numbers",
    "refcode_3": "3",
    "refcode_4": "39",
    "refcode_short": "ACSI, Numbers 3:39",
    "refcode_long": "APL Complete Scripture Index, Numbers 3:39",
    "element_type": "h4",
    "element_subtype": "",
    "content": "39",
    "puborder": 6268,
    "translations": []
  },
  {
    "para_id": "14276.6269",
    "id_prev": "14276.6268",
    "id_next": "14276.6270",
    "refcode_1": "ACSI",
    "refcode_2": "Numbers",
    "refcode_3": "3",
    "refcode_4": "39",
    "refcode_short": "ACSI, Numbers 3:39",
    "refcode_long": "APL Complete Scripture Index, Numbers 3:39",
    "element_type": "p",
    "element_subtype": "standard-noindent",
    "content": "<span class=\"egwlink egwlink_book\" title=\"BHB 90.3\" data-link=\"978.1297\">BHB 90.3</span>; <span class=\"egwlink egwlink_book\" title=\"SSP 98.2\" data-link=\"1237.361\">SSP 98.2</span>",
    "puborder": 6269,
    "translations": []
  },
  {
    "para_id": "14276.6270",
    "id_prev": "14276.6269",
    "id_next": "14276.6271",
    "refcode_1": "ACSI",
    "refcode_2": "Numbers",
    "refcode_3": "3",
    "refcode_4": "40",
    "refcode_short": "ACSI, Numbers 3:40",
    "refcode_long": "APL Complete Scripture Index, Numbers 3:40",
    "element_type": "h4",
    "element_subtype": "",
    "content": "40",
    "puborder": 6270,
    "translations": []
  },
  {
    "para_id": "14276.6271",
    "id_prev": "14276.6270",
    "id_next": "14276.6272",
    "refcode_1": "ACSI",
    "refcode_2": "Numbers",
    "refcode_3": "3",
    "refcode_4": "40",
    "refcode_short": "ACSI, Numbers 3:40",
    "refcode_long": "APL Complete Scripture Index, Numbers 3:40",
    "element_type": "p",
    "element_subtype": "standard-noindent",
    "content": "<span class=\"egwlink egwlink_book\" title=\"SSP 98.2\" data-link=\"1237.361\">SSP 98.2</span>",
    "puborder": 6271,
    "translations": []
  },
  {
    "para_id": "14276.6272",
    "id_prev": "14276.6271",
    "id_next": "14276.6273",
    "refcode_1": "ACSI",
    "refcode_2": "Numbers",
    "refcode_3": "3",
    "refcode_4": "41",
    "refcode_short": "ACSI, Numbers 3:41",
    "refcode_long": "APL Complete Scripture Index, Numbers 3:41",
    "element_type": "h4",
    "element_subtype": "",
    "content": "41",
    "puborder": 6272,
    "translations": []
  },
  {
    "para_id": "14276.6273",
    "id_prev": "14276.6272",
    "id_next": "14276.6274",
    "refcode_1": "ACSI",
    "refcode_2": "Numbers",
    "refcode_3": "3",
    "refcode_4": "41",
    "refcode_short": "ACSI, Numbers 3:41",
    "refcode_long": "APL Complete Scripture Index, Numbers 3:41",
    "element_type": "p",
    "element_subtype": "standard-noindent",
    "content": "<span class=\"egwlink egwlink_book\" title=\"SSP 98.2\" data-link=\"1237.361\">SSP 98.2</span>",
    "puborder": 6273,
    "translations": []
  },
  {
    "para_id": "14276.6274",
    "id_prev": "14276.6273",
    "id_next": "14276.6275",
    "refcode_1": "ACSI",
    "refcode_2": "Numbers",
    "refcode_3": "3",
    "refcode_4": "42",
    "refcode_short": "ACSI, Numbers 3:42",
    "refcode_long": "APL Complete Scripture Index, Numbers 3:42",
    "element_type": "h4",
    "element_subtype": "",
    "content": "42",
    "puborder": 6274,
    "translations": []
  },
  {
    "para_id": "14276.6275",
    "id_prev": "14276.6274",
    "id_next": "14276.6276",
    "refcode_1": "ACSI",
    "refcode_2": "Numbers",
    "refcode_3": "3",
    "refcode_4": "42",
    "refcode_short": "ACSI, Numbers 3:42",
    "refcode_long": "APL Complete Scripture Index, Numbers 3:42",
    "element_type": "p",
    "element_subtype": "standard-noindent",
    "content": "<span class=\"egwlink egwlink_book\" title=\"SSP 98.2\" data-link=\"1237.361\">SSP 98.2</span>",
    "puborder": 6275,
    "translations": []
  },
  {
    "para_id": "14276.6276",
    "id_prev": "14276.6275",
    "id_next": "14276.6277",
    "refcode_1": "ACSI",
    "refcode_2": "Numbers",
    "refcode_3": "3",
    "refcode_4": "43",
    "refcode_short": "ACSI, Numbers 3:43",
    "refcode_long": "APL Complete Scripture Index, Numbers 3:43",
    "element_type": "h4",
    "element_subtype": "",
    "content": "43",
    "puborder": 6276,
    "translations": []
  },
  {
    "para_id": "14276.6277",
    "id_prev": "14276.6276",
    "id_next": "14276.6278",
    "refcode_1": "ACSI",
    "refcode_2": "Numbers",
    "refcode_3": "3",
    "refcode_4": "43",
    "refcode_short": "ACSI, Numbers 3:43",
    "refcode_long": "APL Complete Scripture Index, Numbers 3:43",
    "element_type": "p",
    "element_subtype": "standard-noindent",
    "content": "<span class=\"egwlink egwlink_book\" title=\"SSP 98.2\" data-link=\"1237.361\">SSP 98.2</span>",
    "puborder": 6277,
    "translations": []
  },
  {
    "para_id": "14276.6278",
    "id_prev": "14276.6277",
    "id_next": "14276.6279",
    "refcode_1": "ACSI",
    "refcode_2": "Numbers",
    "refcode_3": "3",
    "refcode_4": "44",
    "refcode_short": "ACSI, Numbers 3:44",
    "refcode_long": "APL Complete Scripture Index, Numbers 3:44",
    "element_type": "h4",
    "element_subtype": "",
    "content": "44",
    "puborder": 6278,
    "translations": []
  },
  {
    "para_id": "14276.6279",
    "id_prev": "14276.6278",
    "id_next": "14276.6280",
    "refcode_1": "ACSI",
    "refcode_2": "Numbers",
    "refcode_3": "3",
    "refcode_4": "44",
    "refcode_short": "ACSI, Numbers 3:44",
    "refcode_long": "APL Complete Scripture Index, Numbers 3:44",
    "element_type": "p",
    "element_subtype": "standard-noindent",
    "content": "<span class=\"egwlink egwlink_book\" title=\"SSP 98.2\" data-link=\"1237.361\">SSP 98.2</span>",
    "puborder": 6279,
    "translations": []
  },
  {
    "para_id": "14276.6280",
    "id_prev": "14276.6279",
    "id_next": "14276.6281",
    "refcode_1": "ACSI",
    "refcode_2": "Numbers",
    "refcode_3": "3",
    "refcode_4": "45",
    "refcode_short": "ACSI, Numbers 3:45",
    "refcode_long": "APL Complete Scripture Index, Numbers 3:45",
    "element_type": "h4",
    "element_subtype": "",
    "content": "45",
    "puborder": 6280,
    "translations": []
  },
  {
    "para_id": "14276.6281",
    "id_prev": "14276.6280",
    "id_next": "14276.6282",
    "refcode_1": "ACSI",
    "refcode_2": "Numbers",
    "refcode_3": "3",
    "refcode_4": "45",
    "refcode_short": "ACSI, Numbers 3:45",
    "refcode_long": "APL Complete Scripture Index, Numbers 3:45",
    "element_type": "p",
    "element_subtype": "standard-noindent",
    "content": "<span class=\"egwlink egwlink_book\" title=\"SSP 98.2\" data-link=\"1237.361\">SSP 98.2</span>",
    "puborder": 6281,
    "translations": []
  },
  {
    "para_id": "14276.6282",
    "id_prev": "14276.6281",
    "id_next": "14276.6283",
    "refcode_1": "ACSI",
    "refcode_2": "Numbers",
    "refcode_3": "3",
    "refcode_4": "46",
    "refcode_short": "ACSI, Numbers 3:46",
    "refcode_long": "APL Complete Scripture Index, Numbers 3:46",
    "element_type": "h4",
    "element_subtype": "",
    "content": "46",
    "puborder": 6282,
    "translations": []
  },
  {
    "para_id": "14276.6283",
    "id_prev": "14276.6282",
    "id_next": "14276.6284",
    "refcode_1": "ACSI",
    "refcode_2": "Numbers",
    "refcode_3": "3",
    "refcode_4": "46",
    "refcode_short": "ACSI, Numbers 3:46",
    "refcode_long": "APL Complete Scripture Index, Numbers 3:46",
    "element_type": "p",
    "element_subtype": "standard-noindent",
    "content": "<span class=\"egwlink egwlink_book\" title=\"CIS 302.1\" data-link=\"1127.1367\">CIS 302.1</span>; <span class=\"egwlink egwlink_book\" title=\"SSP 98.2\" data-link=\"1237.361\">SSP 98.2</span>",
    "puborder": 6283,
    "translations": []
  },
  {
    "para_id": "14276.6284",
    "id_prev": "14276.6283",
    "id_next": "14276.6285",
    "refcode_1": "ACSI",
    "refcode_2": "Numbers",
    "refcode_3": "3",
    "refcode_4": "47",
    "refcode_short": "ACSI, Numbers 3:47",
    "refcode_long": "APL Complete Scripture Index, Numbers 3:47",
    "element_type": "h4",
    "element_subtype": "",
    "content": "47",
    "puborder": 6284,
    "translations": []
  },
  {
    "para_id": "14276.6285",
    "id_prev": "14276.6284",
    "id_next": "14276.6286",
    "refcode_1": "ACSI",
    "refcode_2": "Numbers",
    "refcode_3": "3",
    "refcode_4": "47",
    "refcode_short": "ACSI, Numbers 3:47",
    "refcode_long": "APL Complete Scripture Index, Numbers 3:47",
    "element_type": "p",
    "element_subtype": "standard-noindent",
    "content": "<span class=\"egwlink egwlink_book\" title=\"ARSH January 6, 1853, page 132.6\" data-link=\"1645.4867\">ARSH January 6,  1853, page 132.6</span>; <span class=\"egwlink egwlink_book\" title=\"ARSH January 20, 1853, page 144.17\" data-link=\"1645.5268\">ARSH January 20,  1853, page 144.17</span>; <span class=\"egwlink egwlink_book\" title=\"ARSH August 21, 1856, page 124.18\" data-link=\"1675.4802\">ARSH August 21,  1856, page 124.18</span>; <span class=\"egwlink egwlink_book\" title=\"ARSH February 11, 1858, page 108.19\" data-link=\"1692.3941\">ARSH February 11,  1858, page 108.19</span>; <span class=\"egwlink egwlink_book\" title=\"ARSH August 4, 1863, page 77.13\" data-link=\"1681.3317\">ARSH August 4,  1863, page 77.13</span>; <span class=\"egwlink egwlink_book\" title=\"CIS 302.1\" data-link=\"1127.1367\">CIS 302.1</span>; <span class=\"egwlink egwlink_book\" title=\"LUJ 64.2\" data-link=\"1317.211\">LUJ 64.2</span>; <span class=\"egwlink egwlink_book\" title=\"S23D 53.2\" data-link=\"1200.248\">S23D 53.2</span>; <span class=\"egwlink egwlink_book\" title=\"SSP 98.2\" data-link=\"1237.361\">SSP 98.2</span>; <span class=\"egwlink egwlink_book\" title=\"STTHD 129.3\" data-link=\"1408.547\">STTHD 129.3</span>; <span class=\"egwlink egwlink_book\" title=\"STTHD 344\" data-link=\"1408.1389\">STTHD 344</span>",
    "puborder": 6285,
    "translations": []
  },
  {
    "para_id": "14276.6286",
    "id_prev": "14276.6285",
    "id_next": "14276.6287",
    "refcode_1": "ACSI",
    "refcode_2": "Numbers",
    "refcode_3": "3",
    "refcode_4": "48",
    "refcode_short": "ACSI, Numbers 3:48",
    "refcode_long": "APL Complete Scripture Index, Numbers 3:48",
    "element_type": "h4",
    "element_subtype": "",
    "content": "48",
    "puborder": 6286,
    "translations": []
  },
  {
    "para_id": "14276.6287",
    "id_prev": "14276.6286",
    "id_next": "14276.6288",
    "refcode_1": "ACSI",
    "refcode_2": "Numbers",
    "refcode_3": "3",
    "refcode_4": "48",
    "refcode_short": "ACSI, Numbers 3:48",
    "refcode_long": "APL Complete Scripture Index, Numbers 3:48",
    "element_type": "p",
    "element_subtype": "standard-noindent",
    "content": "<span class=\"egwlink egwlink_book\" title=\"CIS 302.1\" data-link=\"1127.1367\">CIS 302.1</span>; <span class=\"egwlink egwlink_book\" title=\"SSP 98.2\" data-link=\"1237.361\">SSP 98.2</span>",
    "puborder": 6287,
    "translations": []
  },
  {
    "para_id": "14276.6288",
    "id_prev": "14276.6287",
    "id_next": "14276.6289",
    "refcode_1": "ACSI",
    "refcode_2": "Numbers",
    "refcode_3": "3",
    "refcode_4": "49",
    "refcode_short": "ACSI, Numbers 3:49",
    "refcode_long": "APL Complete Scripture Index, Numbers 3:49",
    "element_type": "h4",
    "element_subtype": "",
    "content": "49",
    "puborder": 6288,
    "translations": []
  },
  {
    "para_id": "14276.6289",
    "id_prev": "14276.6288",
    "id_next": "14276.6290",
    "refcode_1": "ACSI",
    "refcode_2": "Numbers",
    "refcode_3": "3",
    "refcode_4": "49",
    "refcode_short": "ACSI, Numbers 3:49",
    "refcode_long": "APL Complete Scripture Index, Numbers 3:49",
    "element_type": "p",
    "element_subtype": "standard-noindent",
    "content": "<span class=\"egwlink egwlink_book\" title=\"CIS 302.1\" data-link=\"1127.1367\">CIS 302.1</span>; <span class=\"egwlink egwlink_book\" title=\"SSP 98.2\" data-link=\"1237.361\">SSP 98.2</span>",
    "puborder": 6289,
    "translations": []
  },
  {
    "para_id": "14276.6290",
    "id_prev": "14276.6289",
    "id_next": "14276.6291",
    "refcode_1": "ACSI",
    "refcode_2": "Numbers",
    "refcode_3": "3",
    "refcode_4": "50",
    "refcode_short": "ACSI, Numbers 3:50",
    "refcode_long": "APL Complete Scripture Index, Numbers 3:50",
    "element_type": "h4",
    "element_subtype": "",
    "content": "50",
    "puborder": 6290,
    "translations": []
  },
  {
    "para_id": "14276.6291",
    "id_prev": "14276.6290",
    "id_next": "14276.6292",
    "refcode_1": "ACSI",
    "refcode_2": "Numbers",
    "refcode_3": "3",
    "refcode_4": "50",
    "refcode_short": "ACSI, Numbers 3:50",
    "refcode_long": "APL Complete Scripture Index, Numbers 3:50",
    "element_type": "p",
    "element_subtype": "standard-noindent",
    "content": "<span class=\"egwlink egwlink_book\" title=\"ARSH January 6, 1853, page 132.6\" data-link=\"1645.4867\">ARSH January 6,  1853, page 132.6</span>; <span class=\"egwlink egwlink_book\" title=\"ARSH January 20, 1853, page 144.17\" data-link=\"1645.5268\">ARSH January 20,  1853, page 144.17</span>; <span class=\"egwlink egwlink_book\" title=\"ARSH August 21, 1856, page 124.18\" data-link=\"1675.4802\">ARSH August 21,  1856, page 124.18</span>; <span class=\"egwlink egwlink_book\" title=\"ARSH February 11, 1858, page 108.19\" data-link=\"1692.3941\">ARSH February 11,  1858, page 108.19</span>; <span class=\"egwlink egwlink_book\" title=\"ARSH August 4, 1863, page 77.13\" data-link=\"1681.3317\">ARSH August 4,  1863, page 77.13</span>; <span class=\"egwlink egwlink_book\" title=\"LUJ 64.2\" data-link=\"1317.211\">LUJ 64.2</span>; <span class=\"egwlink egwlink_book\" title=\"S23D 53.2\" data-link=\"1200.248\">S23D 53.2</span>; <span class=\"egwlink egwlink_book\" title=\"SSP 98.2\" data-link=\"1237.361\">SSP 98.2</span>; <span class=\"egwlink egwlink_book\" title=\"STTHD 129.3\" data-link=\"1408.547\">STTHD 129.3</span>; <span class=\"egwlink egwlink_book\" title=\"STTHD 344\" data-link=\"1408.1389\">STTHD 344</span>",
    "puborder": 6291,
    "translations": []
  },
  {
    "para_id": "14276.6292",
    "id_prev": "14276.6291",
    "id_next": "14276.6293",
    "refcode_1": "ACSI",
    "refcode_2": "Numbers",
    "refcode_3": "3",
    "refcode_4": "51",
    "refcode_short": "ACSI, Numbers 3:51",
    "refcode_long": "APL Complete Scripture Index, Numbers 3:51",
    "element_type": "h4",
    "element_subtype": "",
    "content": "51",
    "puborder": 6292,
    "translations": []
  },
  {
    "para_id": "14276.6293",
    "id_prev": "14276.6292",
    "id_next": "14276.6294",
    "refcode_1": "ACSI",
    "refcode_2": "Numbers",
    "refcode_3": "3",
    "refcode_4": "51",
    "refcode_short": "ACSI, Numbers 3:51",
    "refcode_long": "APL Complete Scripture Index, Numbers 3:51",
    "element_type": "p",
    "element_subtype": "standard-noindent",
    "content": "<span class=\"egwlink egwlink_book\" title=\"SSP 98.2\" data-link=\"1237.361\">SSP 98.2</span>",
    "puborder": 6293,
    "translations": []
  }
]