[
  {
    "para_id": "14276.7880",
    "id_prev": "14276.7879",
    "id_next": "14276.7881",
    "refcode_1": "ACSI",
    "refcode_2": "Deuteronomy",
    "refcode_3": "0",
    "refcode_4": "0",
    "refcode_short": "ACSI, Deuteronomy",
    "refcode_long": "APL Complete Scripture Index, Deuteronomy",
    "element_type": "h2",
    "element_subtype": "",
    "content": "Deuteronomy",
    "puborder": 7880,
    "translations": []
  },
  {
    "para_id": "14276.7881",
    "id_prev": "14276.7880",
    "id_next": "14276.7882",
    "refcode_1": "ACSI",
    "refcode_2": "Deuteronomy",
    "refcode_3": "1",
    "refcode_4": "0",
    "refcode_short": "ACSI, Deuteronomy 1",
    "refcode_long": "APL Complete Scripture Index, Deuteronomy 1",
    "element_type": "h3",
    "element_subtype": "",
    "content": "Deuteronomy 1",
    "puborder": 7881,
    "translations": []
  },
  {
    "para_id": "14276.7882",
    "id_prev": "14276.7881",
    "id_next": "14276.7883",
    "refcode_1": "ACSI",
    "refcode_2": "Deuteronomy",
    "refcode_3": "1",
    "refcode_4": "1",
    "refcode_short": "ACSI, Deuteronomy 1:1",
    "refcode_long": "APL Complete Scripture Index, Deuteronomy 1:1",
    "element_type": "h4",
    "element_subtype": "",
    "content": "1",
    "puborder": 7882,
    "translations": []
  },
  {
    "para_id": "14276.7883",
    "id_prev": "14276.7882",
    "id_next": "14276.7884",
    "refcode_1": "ACSI",
    "refcode_2": "Deuteronomy",
    "refcode_3": "1",
    "refcode_4": "1",
    "refcode_short": "ACSI, Deuteronomy 1:1",
    "refcode_long": "APL Complete Scripture Index, Deuteronomy 1:1",
    "element_type": "p",
    "element_subtype": "standard-noindent",
    "content": "<span class=\"egwlink egwlink_book\" title=\"ARSH January 7, 1862, page 43.1\" data-link=\"1684.1460\">ARSH January 7,  1862, page 43.1</span>; <span class=\"egwlink egwlink_book\" title=\"ARSH May 27, 1862, page 205.10\" data-link=\"1684.7442\">ARSH May 27,  1862, page 205.10</span>; <span class=\"egwlink egwlink_book\" title=\"ARSH May 1, 1866, page 170.19\" data-link=\"1676.6647\">ARSH May 1,  1866, page 170.19</span>; <span class=\"egwlink egwlink_book\" title=\"DSQ69 96.2\" data-link=\"1452.487\">DSQ69 96.2</span>; <span class=\"egwlink egwlink_book\" title=\"HBS 16.4\" data-link=\"932.135\">HBS 16.4</span>; <span class=\"egwlink egwlink_book\" title=\"HSFD 76.3\" data-link=\"1008.296\">HSFD 76.3</span>",
    "puborder": 7883,
    "translations": []
  },
  {
    "para_id": "14276.7884",
    "id_prev": "14276.7883",
    "id_next": "14276.7885",
    "refcode_1": "ACSI",
    "refcode_2": "Deuteronomy",
    "refcode_3": "1",
    "refcode_4": "2",
    "refcode_short": "ACSI, Deuteronomy 1:2",
    "refcode_long": "APL Complete Scripture Index, Deuteronomy 1:2",
    "element_type": "h4",
    "element_subtype": "",
    "content": "2",
    "puborder": 7884,
    "translations": []
  },
  {
    "para_id": "14276.7885",
    "id_prev": "14276.7884",
    "id_next": "14276.7886",
    "refcode_1": "ACSI",
    "refcode_2": "Deuteronomy",
    "refcode_3": "1",
    "refcode_4": "2",
    "refcode_short": "ACSI, Deuteronomy 1:2",
    "refcode_long": "APL Complete Scripture Index, Deuteronomy 1:2",
    "element_type": "p",
    "element_subtype": "standard-noindent",
    "content": "<span class=\"egwlink egwlink_book\" title=\"DSQ69 96.2\" data-link=\"1452.487\">DSQ69 96.2</span>; <span class=\"egwlink egwlink_book\" title=\"SDP 173.3\" data-link=\"1236.773\">SDP 173.3</span>",
    "puborder": 7885,
    "translations": []
  },
  {
    "para_id": "14276.7886",
    "id_prev": "14276.7885",
    "id_next": "14276.7887",
    "refcode_1": "ACSI",
    "refcode_2": "Deuteronomy",
    "refcode_3": "1",
    "refcode_4": "3",
    "refcode_short": "ACSI, Deuteronomy 1:3",
    "refcode_long": "APL Complete Scripture Index, Deuteronomy 1:3",
    "element_type": "h4",
    "element_subtype": "",
    "content": "3",
    "puborder": 7886,
    "translations": []
  },
  {
    "para_id": "14276.7887",
    "id_prev": "14276.7886",
    "id_next": "14276.7888",
    "refcode_1": "ACSI",
    "refcode_2": "Deuteronomy",
    "refcode_3": "1",
    "refcode_4": "3",
    "refcode_short": "ACSI, Deuteronomy 1:3",
    "refcode_long": "APL Complete Scripture Index, Deuteronomy 1:3",
    "element_type": "p",
    "element_subtype": "standard-noindent",
    "content": "<span class=\"egwlink egwlink_book\" title=\"ARSH October 7, 1851, page 37.11\" data-link=\"1646.1061\">ARSH October 7,  1851, page 37.11</span>; <span class=\"egwlink egwlink_book\" title=\"ARSH May 27, 1852, page 10.19\" data-link=\"1645.368\">ARSH May 27,  1852, page 10.19</span>; <span class=\"egwlink egwlink_book\" title=\"ARSH May 1, 1866, page 170.19\" data-link=\"1676.6647\">ARSH May 1,  1866, page 170.19</span>; <span class=\"egwlink egwlink_book\" title=\"ASC 63.2\" data-link=\"959.371\">ASC 63.2</span>; <span class=\"egwlink egwlink_book\" title=\"DSQ69 96.2\" data-link=\"1452.487\">DSQ69 96.2</span>",
    "puborder": 7887,
    "translations": []
  },
  {
    "para_id": "14276.7888",
    "id_prev": "14276.7887",
    "id_next": "14276.7889",
    "refcode_1": "ACSI",
    "refcode_2": "Deuteronomy",
    "refcode_3": "1",
    "refcode_4": "4",
    "refcode_short": "ACSI, Deuteronomy 1:4",
    "refcode_long": "APL Complete Scripture Index, Deuteronomy 1:4",
    "element_type": "h4",
    "element_subtype": "",
    "content": "4",
    "puborder": 7888,
    "translations": []
  },
  {
    "para_id": "14276.7889",
    "id_prev": "14276.7888",
    "id_next": "14276.7890",
    "refcode_1": "ACSI",
    "refcode_2": "Deuteronomy",
    "refcode_3": "1",
    "refcode_4": "4",
    "refcode_short": "ACSI, Deuteronomy 1:4",
    "refcode_long": "APL Complete Scripture Index, Deuteronomy 1:4",
    "element_type": "p",
    "element_subtype": "standard-noindent",
    "content": "<span class=\"egwlink egwlink_book\" title=\"DSQ69 96.2\" data-link=\"1452.487\">DSQ69 96.2</span>",
    "puborder": 7889,
    "translations": []
  },
  {
    "para_id": "14276.7890",
    "id_prev": "14276.7889",
    "id_next": "14276.7891",
    "refcode_1": "ACSI",
    "refcode_2": "Deuteronomy",
    "refcode_3": "1",
    "refcode_4": "5",
    "refcode_short": "ACSI, Deuteronomy 1:5",
    "refcode_long": "APL Complete Scripture Index, Deuteronomy 1:5",
    "element_type": "h4",
    "element_subtype": "",
    "content": "5",
    "puborder": 7890,
    "translations": []
  },
  {
    "para_id": "14276.7891",
    "id_prev": "14276.7890",
    "id_next": "14276.7892",
    "refcode_1": "ACSI",
    "refcode_2": "Deuteronomy",
    "refcode_3": "1",
    "refcode_4": "5",
    "refcode_short": "ACSI, Deuteronomy 1:5",
    "refcode_long": "APL Complete Scripture Index, Deuteronomy 1:5",
    "element_type": "p",
    "element_subtype": "standard-noindent",
    "content": "<span class=\"egwlink egwlink_book\" title=\"ARSH October 7, 1851, page 37.11\" data-link=\"1646.1061\">ARSH October 7,  1851, page 37.11</span>; <span class=\"egwlink egwlink_book\" title=\"DSQ69 96.2\" data-link=\"1452.487\">DSQ69 96.2</span>",
    "puborder": 7891,
    "translations": []
  },
  {
    "para_id": "14276.7892",
    "id_prev": "14276.7891",
    "id_next": "14276.7893",
    "refcode_1": "ACSI",
    "refcode_2": "Deuteronomy",
    "refcode_3": "1",
    "refcode_4": "6",
    "refcode_short": "ACSI, Deuteronomy 1:6",
    "refcode_long": "APL Complete Scripture Index, Deuteronomy 1:6",
    "element_type": "h4",
    "element_subtype": "",
    "content": "6",
    "puborder": 7892,
    "translations": []
  },
  {
    "para_id": "14276.7893",
    "id_prev": "14276.7892",
    "id_next": "14276.7894",
    "refcode_1": "ACSI",
    "refcode_2": "Deuteronomy",
    "refcode_3": "1",
    "refcode_4": "6",
    "refcode_short": "ACSI, Deuteronomy 1:6",
    "refcode_long": "APL Complete Scripture Index, Deuteronomy 1:6",
    "element_type": "p",
    "element_subtype": "standard-noindent",
    "content": "<span class=\"egwlink egwlink_book\" title=\"SITI February 1, 1883, page 53.1\" data-link=\"1559.90\">SITI February 1,  1883, page 53.1</span>",
    "puborder": 7893,
    "translations": []
  },
  {
    "para_id": "14276.7894",
    "id_prev": "14276.7893",
    "id_next": "14276.7895",
    "refcode_1": "ACSI",
    "refcode_2": "Deuteronomy",
    "refcode_3": "1",
    "refcode_4": "7",
    "refcode_short": "ACSI, Deuteronomy 1:7",
    "refcode_long": "APL Complete Scripture Index, Deuteronomy 1:7",
    "element_type": "h4",
    "element_subtype": "",
    "content": "7",
    "puborder": 7894,
    "translations": []
  },
  {
    "para_id": "14276.7895",
    "id_prev": "14276.7894",
    "id_next": "14276.7896",
    "refcode_1": "ACSI",
    "refcode_2": "Deuteronomy",
    "refcode_3": "1",
    "refcode_4": "7",
    "refcode_short": "ACSI, Deuteronomy 1:7",
    "refcode_long": "APL Complete Scripture Index, Deuteronomy 1:7",
    "element_type": "p",
    "element_subtype": "standard-noindent",
    "content": "<span class=\"egwlink egwlink_book\" title=\"PUR December 4, 1902, page 5.6\" data-link=\"1026.127\">PUR December 4,  1902, page 5.6</span>",
    "puborder": 7895,
    "translations": []
  },
  {
    "para_id": "14276.7896",
    "id_prev": "14276.7895",
    "id_next": "14276.7897",
    "refcode_1": "ACSI",
    "refcode_2": "Deuteronomy",
    "refcode_3": "1",
    "refcode_4": "8",
    "refcode_short": "ACSI, Deuteronomy 1:8",
    "refcode_long": "APL Complete Scripture Index, Deuteronomy 1:8",
    "element_type": "h4",
    "element_subtype": "",
    "content": "8",
    "puborder": 7896,
    "translations": []
  },
  {
    "para_id": "14276.7897",
    "id_prev": "14276.7896",
    "id_next": "14276.7898",
    "refcode_1": "ACSI",
    "refcode_2": "Deuteronomy",
    "refcode_3": "1",
    "refcode_4": "8",
    "refcode_short": "ACSI, Deuteronomy 1:8",
    "refcode_long": "APL Complete Scripture Index, Deuteronomy 1:8",
    "element_type": "p",
    "element_subtype": "standard-noindent",
    "content": "<span class=\"egwlink egwlink_book\" title=\"PUR December 4, 1902, page 5.6\" data-link=\"1026.127\">PUR December 4,  1902, page 5.6</span>",
    "puborder": 7897,
    "translations": []
  },
  {
    "para_id": "14276.7898",
    "id_prev": "14276.7897",
    "id_next": "14276.7899",
    "refcode_1": "ACSI",
    "refcode_2": "Deuteronomy",
    "refcode_3": "1",
    "refcode_4": "9",
    "refcode_short": "ACSI, Deuteronomy 1:9",
    "refcode_long": "APL Complete Scripture Index, Deuteronomy 1:9",
    "element_type": "h4",
    "element_subtype": "",
    "content": "9",
    "puborder": 7898,
    "translations": []
  },
  {
    "para_id": "14276.7899",
    "id_prev": "14276.7898",
    "id_next": "14276.7900",
    "refcode_1": "ACSI",
    "refcode_2": "Deuteronomy",
    "refcode_3": "1",
    "refcode_4": "9",
    "refcode_short": "ACSI, Deuteronomy 1:9",
    "refcode_long": "APL Complete Scripture Index, Deuteronomy 1:9",
    "element_type": "p",
    "element_subtype": "standard-noindent",
    "content": "<span class=\"egwlink egwlink_book\" title=\"AMS March 1887, page 22.1\" data-link=\"1079.139\">AMS March 1887, page 22.1</span>; <span class=\"egwlink egwlink_book\" title=\"BSPC 163.4\" data-link=\"952.1605\">BSPC 163.4</span>; <span class=\"egwlink egwlink_book\" title=\"COOD 65.2\" data-link=\"1119.350\">COOD 65.2</span>",
    "puborder": 7899,
    "translations": []
  },
  {
    "para_id": "14276.7900",
    "id_prev": "14276.7899",
    "id_next": "14276.7901",
    "refcode_1": "ACSI",
    "refcode_2": "Deuteronomy",
    "refcode_3": "1",
    "refcode_4": "10",
    "refcode_short": "ACSI, Deuteronomy 1:10",
    "refcode_long": "APL Complete Scripture Index, Deuteronomy 1:10",
    "element_type": "h4",
    "element_subtype": "",
    "content": "10",
    "puborder": 7900,
    "translations": []
  },
  {
    "para_id": "14276.7901",
    "id_prev": "14276.7900",
    "id_next": "14276.7902",
    "refcode_1": "ACSI",
    "refcode_2": "Deuteronomy",
    "refcode_3": "1",
    "refcode_4": "10",
    "refcode_short": "ACSI, Deuteronomy 1:10",
    "refcode_long": "APL Complete Scripture Index, Deuteronomy 1:10",
    "element_type": "p",
    "element_subtype": "standard-noindent",
    "content": "<span class=\"egwlink egwlink_book\" title=\"AMS March 1887, page 22.1\" data-link=\"1079.139\">AMS March 1887, page 22.1</span>; <span class=\"egwlink egwlink_book\" title=\"BSPC 163.4\" data-link=\"952.1605\">BSPC 163.4</span>; <span class=\"egwlink egwlink_book\" title=\"COOD 65.2\" data-link=\"1119.350\">COOD 65.2</span>",
    "puborder": 7901,
    "translations": []
  },
  {
    "para_id": "14276.7902",
    "id_prev": "14276.7901",
    "id_next": "14276.7903",
    "refcode_1": "ACSI",
    "refcode_2": "Deuteronomy",
    "refcode_3": "1",
    "refcode_4": "11",
    "refcode_short": "ACSI, Deuteronomy 1:11",
    "refcode_long": "APL Complete Scripture Index, Deuteronomy 1:11",
    "element_type": "h4",
    "element_subtype": "",
    "content": "11",
    "puborder": 7902,
    "translations": []
  },
  {
    "para_id": "14276.7903",
    "id_prev": "14276.7902",
    "id_next": "14276.7904",
    "refcode_1": "ACSI",
    "refcode_2": "Deuteronomy",
    "refcode_3": "1",
    "refcode_4": "11",
    "refcode_short": "ACSI, Deuteronomy 1:11",
    "refcode_long": "APL Complete Scripture Index, Deuteronomy 1:11",
    "element_type": "p",
    "element_subtype": "standard-noindent",
    "content": "<span class=\"egwlink egwlink_book\" title=\"AMS March 1887, page 22.1\" data-link=\"1079.139\">AMS March 1887, page 22.1</span>; <span class=\"egwlink egwlink_book\" title=\"BSPC 163.4\" data-link=\"952.1605\">BSPC 163.4</span>; <span class=\"egwlink egwlink_book\" title=\"COOD 65.2\" data-link=\"1119.350\">COOD 65.2</span>",
    "puborder": 7903,
    "translations": []
  },
  {
    "para_id": "14276.7904",
    "id_prev": "14276.7903",
    "id_next": "14276.7905",
    "refcode_1": "ACSI",
    "refcode_2": "Deuteronomy",
    "refcode_3": "1",
    "refcode_4": "12",
    "refcode_short": "ACSI, Deuteronomy 1:12",
    "refcode_long": "APL Complete Scripture Index, Deuteronomy 1:12",
    "element_type": "h4",
    "element_subtype": "",
    "content": "12",
    "puborder": 7904,
    "translations": []
  },
  {
    "para_id": "14276.7905",
    "id_prev": "14276.7904",
    "id_next": "14276.7906",
    "refcode_1": "ACSI",
    "refcode_2": "Deuteronomy",
    "refcode_3": "1",
    "refcode_4": "12",
    "refcode_short": "ACSI, Deuteronomy 1:12",
    "refcode_long": "APL Complete Scripture Index, Deuteronomy 1:12",
    "element_type": "p",
    "element_subtype": "standard-noindent",
    "content": "<span class=\"egwlink egwlink_book\" title=\"AMS March 1887, page 22.1\" data-link=\"1079.139\">AMS March 1887, page 22.1</span>; <span class=\"egwlink egwlink_book\" title=\"BSPC 163.4\" data-link=\"952.1605\">BSPC 163.4</span>; <span class=\"egwlink egwlink_book\" title=\"COOD 65.2\" data-link=\"1119.350\">COOD 65.2</span>",
    "puborder": 7905,
    "translations": []
  },
  {
    "para_id": "14276.7906",
    "id_prev": "14276.7905",
    "id_next": "14276.7907",
    "refcode_1": "ACSI",
    "refcode_2": "Deuteronomy",
    "refcode_3": "1",
    "refcode_4": "13",
    "refcode_short": "ACSI, Deuteronomy 1:13",
    "refcode_long": "APL Complete Scripture Index, Deuteronomy 1:13",
    "element_type": "h4",
    "element_subtype": "",
    "content": "13",
    "puborder": 7906,
    "translations": []
  },
  {
    "para_id": "14276.7907",
    "id_prev": "14276.7906",
    "id_next": "14276.7908",
    "refcode_1": "ACSI",
    "refcode_2": "Deuteronomy",
    "refcode_3": "1",
    "refcode_4": "13",
    "refcode_short": "ACSI, Deuteronomy 1:13",
    "refcode_long": "APL Complete Scripture Index, Deuteronomy 1:13",
    "element_type": "p",
    "element_subtype": "standard-noindent",
    "content": "<span class=\"egwlink egwlink_book\" title=\"AMS March 1887, page 22.1\" data-link=\"1079.139\">AMS March 1887, page 22.1</span>; <span class=\"egwlink egwlink_book\" title=\"BSPC 163.4\" data-link=\"952.1605\">BSPC 163.4</span>; <span class=\"egwlink egwlink_book\" title=\"COOD 65.2\" data-link=\"1119.350\">COOD 65.2</span>",
    "puborder": 7907,
    "translations": []
  },
  {
    "para_id": "14276.7908",
    "id_prev": "14276.7907",
    "id_next": "14276.7909",
    "refcode_1": "ACSI",
    "refcode_2": "Deuteronomy",
    "refcode_3": "1",
    "refcode_4": "14",
    "refcode_short": "ACSI, Deuteronomy 1:14",
    "refcode_long": "APL Complete Scripture Index, Deuteronomy 1:14",
    "element_type": "h4",
    "element_subtype": "",
    "content": "14",
    "puborder": 7908,
    "translations": []
  },
  {
    "para_id": "14276.7909",
    "id_prev": "14276.7908",
    "id_next": "14276.7910",
    "refcode_1": "ACSI",
    "refcode_2": "Deuteronomy",
    "refcode_3": "1",
    "refcode_4": "14",
    "refcode_short": "ACSI, Deuteronomy 1:14",
    "refcode_long": "APL Complete Scripture Index, Deuteronomy 1:14",
    "element_type": "p",
    "element_subtype": "standard-noindent",
    "content": "<span class=\"egwlink egwlink_book\" title=\"AMS March 1887, page 22.1\" data-link=\"1079.139\">AMS March 1887, page 22.1</span>; <span class=\"egwlink egwlink_book\" title=\"BSPC 163.4\" data-link=\"952.1605\">BSPC 163.4</span>; <span class=\"egwlink egwlink_book\" title=\"COOD 65.2\" data-link=\"1119.350\">COOD 65.2</span>",
    "puborder": 7909,
    "translations": []
  },
  {
    "para_id": "14276.7910",
    "id_prev": "14276.7909",
    "id_next": "14276.7911",
    "refcode_1": "ACSI",
    "refcode_2": "Deuteronomy",
    "refcode_3": "1",
    "refcode_4": "15",
    "refcode_short": "ACSI, Deuteronomy 1:15",
    "refcode_long": "APL Complete Scripture Index, Deuteronomy 1:15",
    "element_type": "h4",
    "element_subtype": "",
    "content": "15",
    "puborder": 7910,
    "translations": []
  },
  {
    "para_id": "14276.7911",
    "id_prev": "14276.7910",
    "id_next": "14276.7912",
    "refcode_1": "ACSI",
    "refcode_2": "Deuteronomy",
    "refcode_3": "1",
    "refcode_4": "15",
    "refcode_short": "ACSI, Deuteronomy 1:15",
    "refcode_long": "APL Complete Scripture Index, Deuteronomy 1:15",
    "element_type": "p",
    "element_subtype": "standard-noindent",
    "content": "<span class=\"egwlink egwlink_book\" title=\"AMS March 1887, page 22.1\" data-link=\"1079.139\">AMS March 1887, page 22.1</span>; <span class=\"egwlink egwlink_book\" title=\"BHB 175.15\" data-link=\"978.2682\">BHB 175.15</span>; <span class=\"egwlink egwlink_book\" title=\"COOD 65.2\" data-link=\"1119.350\">COOD 65.2</span>",
    "puborder": 7911,
    "translations": []
  },
  {
    "para_id": "14276.7912",
    "id_prev": "14276.7911",
    "id_next": "14276.7913",
    "refcode_1": "ACSI",
    "refcode_2": "Deuteronomy",
    "refcode_3": "1",
    "refcode_4": "16",
    "refcode_short": "ACSI, Deuteronomy 1:16",
    "refcode_long": "APL Complete Scripture Index, Deuteronomy 1:16",
    "element_type": "h4",
    "element_subtype": "",
    "content": "16",
    "puborder": 7912,
    "translations": []
  },
  {
    "para_id": "14276.7913",
    "id_prev": "14276.7912",
    "id_next": "14276.7914",
    "refcode_1": "ACSI",
    "refcode_2": "Deuteronomy",
    "refcode_3": "1",
    "refcode_4": "16",
    "refcode_short": "ACSI, Deuteronomy 1:16",
    "refcode_long": "APL Complete Scripture Index, Deuteronomy 1:16",
    "element_type": "p",
    "element_subtype": "standard-noindent",
    "content": "<span class=\"egwlink egwlink_book\" title=\"COOD 65.2\" data-link=\"1119.350\">COOD 65.2</span>",
    "puborder": 7913,
    "translations": []
  },
  {
    "para_id": "14276.7914",
    "id_prev": "14276.7913",
    "id_next": "14276.7915",
    "refcode_1": "ACSI",
    "refcode_2": "Deuteronomy",
    "refcode_3": "1",
    "refcode_4": "17",
    "refcode_short": "ACSI, Deuteronomy 1:17",
    "refcode_long": "APL Complete Scripture Index, Deuteronomy 1:17",
    "element_type": "h4",
    "element_subtype": "",
    "content": "17",
    "puborder": 7914,
    "translations": []
  },
  {
    "para_id": "14276.7915",
    "id_prev": "14276.7914",
    "id_next": "14276.7916",
    "refcode_1": "ACSI",
    "refcode_2": "Deuteronomy",
    "refcode_3": "1",
    "refcode_4": "17",
    "refcode_short": "ACSI, Deuteronomy 1:17",
    "refcode_long": "APL Complete Scripture Index, Deuteronomy 1:17",
    "element_type": "p",
    "element_subtype": "standard-noindent",
    "content": "<span class=\"egwlink egwlink_book\" title=\"ARSH September 8, 1853, page 72.8\" data-link=\"1644.2174\">ARSH September 8,  1853, page 72.8</span>; <span class=\"egwlink egwlink_book\" title=\"COOD 65.2\" data-link=\"1119.350\">COOD 65.2</span>",
    "puborder": 7915,
    "translations": []
  },
  {
    "para_id": "14276.7916",
    "id_prev": "14276.7915",
    "id_next": "14276.7917",
    "refcode_1": "ACSI",
    "refcode_2": "Deuteronomy",
    "refcode_3": "1",
    "refcode_4": "18",
    "refcode_short": "ACSI, Deuteronomy 1:18",
    "refcode_long": "APL Complete Scripture Index, Deuteronomy 1:18",
    "element_type": "h4",
    "element_subtype": "",
    "content": "18",
    "puborder": 7916,
    "translations": []
  },
  {
    "para_id": "14276.7917",
    "id_prev": "14276.7916",
    "id_next": "14276.7918",
    "refcode_1": "ACSI",
    "refcode_2": "Deuteronomy",
    "refcode_3": "1",
    "refcode_4": "18",
    "refcode_short": "ACSI, Deuteronomy 1:18",
    "refcode_long": "APL Complete Scripture Index, Deuteronomy 1:18",
    "element_type": "p",
    "element_subtype": "standard-noindent",
    "content": "<span class=\"egwlink egwlink_book\" title=\"COOD 65.2\" data-link=\"1119.350\">COOD 65.2</span>",
    "puborder": 7917,
    "translations": []
  },
  {
    "para_id": "14276.7918",
    "id_prev": "14276.7917",
    "id_next": "14276.7919",
    "refcode_1": "ACSI",
    "refcode_2": "Deuteronomy",
    "refcode_3": "1",
    "refcode_4": "21",
    "refcode_short": "ACSI, Deuteronomy 1:21",
    "refcode_long": "APL Complete Scripture Index, Deuteronomy 1:21",
    "element_type": "h4",
    "element_subtype": "",
    "content": "21",
    "puborder": 7918,
    "translations": []
  },
  {
    "para_id": "14276.7919",
    "id_prev": "14276.7918",
    "id_next": "14276.7920",
    "refcode_1": "ACSI",
    "refcode_2": "Deuteronomy",
    "refcode_3": "1",
    "refcode_4": "21",
    "refcode_short": "ACSI, Deuteronomy 1:21",
    "refcode_long": "APL Complete Scripture Index, Deuteronomy 1:21",
    "element_type": "p",
    "element_subtype": "standard-noindent",
    "content": "<span class=\"egwlink egwlink_book\" title=\"TDOC 110.7\" data-link=\"1387.1255\">TDOC 110.7</span>",
    "puborder": 7919,
    "translations": []
  },
  {
    "para_id": "14276.7920",
    "id_prev": "14276.7919",
    "id_next": "14276.7921",
    "refcode_1": "ACSI",
    "refcode_2": "Deuteronomy",
    "refcode_3": "1",
    "refcode_4": "28",
    "refcode_short": "ACSI, Deuteronomy 1:28",
    "refcode_long": "APL Complete Scripture Index, Deuteronomy 1:28",
    "element_type": "h4",
    "element_subtype": "",
    "content": "28",
    "puborder": 7920,
    "translations": []
  },
  {
    "para_id": "14276.7921",
    "id_prev": "14276.7920",
    "id_next": "14276.7922",
    "refcode_1": "ACSI",
    "refcode_2": "Deuteronomy",
    "refcode_3": "1",
    "refcode_4": "28",
    "refcode_short": "ACSI, Deuteronomy 1:28",
    "refcode_long": "APL Complete Scripture Index, Deuteronomy 1:28",
    "element_type": "p",
    "element_subtype": "standard-noindent",
    "content": "<span class=\"egwlink egwlink_book\" title=\"ARSH September 11, 1860, page 131.11\" data-link=\"1687.5327\">ARSH September 11,  1860, page 131.11</span>; <span class=\"egwlink egwlink_book\" title=\"GCB July 1, 1900, page 158.2\" data-link=\"1671.5639\">GCB July 1,  1900, page 158.2</span>",
    "puborder": 7921,
    "translations": []
  },
  {
    "para_id": "14276.7922",
    "id_prev": "14276.7921",
    "id_next": "14276.7923",
    "refcode_1": "ACSI",
    "refcode_2": "Deuteronomy",
    "refcode_3": "1",
    "refcode_4": "29",
    "refcode_short": "ACSI, Deuteronomy 1:29",
    "refcode_long": "APL Complete Scripture Index, Deuteronomy 1:29",
    "element_type": "h4",
    "element_subtype": "",
    "content": "29",
    "puborder": 7922,
    "translations": []
  },
  {
    "para_id": "14276.7923",
    "id_prev": "14276.7922",
    "id_next": "14276.7924",
    "refcode_1": "ACSI",
    "refcode_2": "Deuteronomy",
    "refcode_3": "1",
    "refcode_4": "29",
    "refcode_short": "ACSI, Deuteronomy 1:29",
    "refcode_long": "APL Complete Scripture Index, Deuteronomy 1:29",
    "element_type": "p",
    "element_subtype": "standard-noindent",
    "content": "<span class=\"egwlink egwlink_book\" title=\"SOTW 20.1\" data-link=\"1409.78\">SOTW 20.1</span>; <span class=\"egwlink egwlink_book\" title=\"TDOC 110.7\" data-link=\"1387.1255\">TDOC 110.7</span>",
    "puborder": 7923,
    "translations": []
  },
  {
    "para_id": "14276.7924",
    "id_prev": "14276.7923",
    "id_next": "14276.7925",
    "refcode_1": "ACSI",
    "refcode_2": "Deuteronomy",
    "refcode_3": "1",
    "refcode_4": "30",
    "refcode_short": "ACSI, Deuteronomy 1:30",
    "refcode_long": "APL Complete Scripture Index, Deuteronomy 1:30",
    "element_type": "h4",
    "element_subtype": "",
    "content": "30",
    "puborder": 7924,
    "translations": []
  },
  {
    "para_id": "14276.7925",
    "id_prev": "14276.7924",
    "id_next": "14276.7926",
    "refcode_1": "ACSI",
    "refcode_2": "Deuteronomy",
    "refcode_3": "1",
    "refcode_4": "30",
    "refcode_short": "ACSI, Deuteronomy 1:30",
    "refcode_long": "APL Complete Scripture Index, Deuteronomy 1:30",
    "element_type": "p",
    "element_subtype": "standard-noindent",
    "content": "<span class=\"egwlink egwlink_book\" title=\"SOTW 20.1\" data-link=\"1409.78\">SOTW 20.1</span>",
    "puborder": 7925,
    "translations": []
  },
  {
    "para_id": "14276.7926",
    "id_prev": "14276.7925",
    "id_next": "14276.7927",
    "refcode_1": "ACSI",
    "refcode_2": "Deuteronomy",
    "refcode_3": "1",
    "refcode_4": "31",
    "refcode_short": "ACSI, Deuteronomy 1:31",
    "refcode_long": "APL Complete Scripture Index, Deuteronomy 1:31",
    "element_type": "h4",
    "element_subtype": "",
    "content": "31",
    "puborder": 7926,
    "translations": []
  },
  {
    "para_id": "14276.7927",
    "id_prev": "14276.7926",
    "id_next": "14276.7928",
    "refcode_1": "ACSI",
    "refcode_2": "Deuteronomy",
    "refcode_3": "1",
    "refcode_4": "31",
    "refcode_short": "ACSI, Deuteronomy 1:31",
    "refcode_long": "APL Complete Scripture Index, Deuteronomy 1:31",
    "element_type": "p",
    "element_subtype": "standard-noindent",
    "content": "<span class=\"egwlink egwlink_book\" title=\"EVCO 369.3\" data-link=\"1332.2117\">EVCO 369.3</span>",
    "puborder": 7927,
    "translations": []
  },
  {
    "para_id": "14276.7928",
    "id_prev": "14276.7927",
    "id_next": "14276.7929",
    "refcode_1": "ACSI",
    "refcode_2": "Deuteronomy",
    "refcode_3": "1",
    "refcode_4": "33",
    "refcode_short": "ACSI, Deuteronomy 1:33",
    "refcode_long": "APL Complete Scripture Index, Deuteronomy 1:33",
    "element_type": "h4",
    "element_subtype": "",
    "content": "33",
    "puborder": 7928,
    "translations": []
  },
  {
    "para_id": "14276.7929",
    "id_prev": "14276.7928",
    "id_next": "14276.7930",
    "refcode_1": "ACSI",
    "refcode_2": "Deuteronomy",
    "refcode_3": "1",
    "refcode_4": "33",
    "refcode_short": "ACSI, Deuteronomy 1:33",
    "refcode_long": "APL Complete Scripture Index, Deuteronomy 1:33",
    "element_type": "p",
    "element_subtype": "standard-noindent",
    "content": "<span class=\"egwlink egwlink_book\" title=\"DOF 75.2\" data-link=\"951.441\">DOF 75.2</span>; <span class=\"egwlink egwlink_book\" title=\"MEDM May 1904, page 163.8\" data-link=\"1500.244\">MEDM May 1904, page 163.8</span>; <span class=\"egwlink egwlink_book\" title=\"PTUK January 11, 1894, page 20.4\" data-link=\"1518.357\">PTUK January 11,  1894, page 20.4</span>",
    "puborder": 7929,
    "translations": []
  },
  {
    "para_id": "14276.7930",
    "id_prev": "14276.7929",
    "id_next": "14276.7931",
    "refcode_1": "ACSI",
    "refcode_2": "Deuteronomy",
    "refcode_3": "1",
    "refcode_4": "34",
    "refcode_short": "ACSI, Deuteronomy 1:34",
    "refcode_long": "APL Complete Scripture Index, Deuteronomy 1:34",
    "element_type": "h4",
    "element_subtype": "",
    "content": "34",
    "puborder": 7930,
    "translations": []
  },
  {
    "para_id": "14276.7931",
    "id_prev": "14276.7930",
    "id_next": "14276.7932",
    "refcode_1": "ACSI",
    "refcode_2": "Deuteronomy",
    "refcode_3": "1",
    "refcode_4": "34",
    "refcode_short": "ACSI, Deuteronomy 1:34",
    "refcode_long": "APL Complete Scripture Index, Deuteronomy 1:34",
    "element_type": "p",
    "element_subtype": "standard-noindent",
    "content": "<span class=\"egwlink egwlink_book\" title=\"ARSH May 27, 1862, page 205.9\" data-link=\"1684.7441\">ARSH May 27,  1862, page 205.9</span>",
    "puborder": 7931,
    "translations": []
  },
  {
    "para_id": "14276.7932",
    "id_prev": "14276.7931",
    "id_next": "14276.7933",
    "refcode_1": "ACSI",
    "refcode_2": "Deuteronomy",
    "refcode_3": "1",
    "refcode_4": "35",
    "refcode_short": "ACSI, Deuteronomy 1:35",
    "refcode_long": "APL Complete Scripture Index, Deuteronomy 1:35",
    "element_type": "h4",
    "element_subtype": "",
    "content": "35",
    "puborder": 7932,
    "translations": []
  },
  {
    "para_id": "14276.7933",
    "id_prev": "14276.7932",
    "id_next": "14276.7934",
    "refcode_1": "ACSI",
    "refcode_2": "Deuteronomy",
    "refcode_3": "1",
    "refcode_4": "35",
    "refcode_short": "ACSI, Deuteronomy 1:35",
    "refcode_long": "APL Complete Scripture Index, Deuteronomy 1:35",
    "element_type": "p",
    "element_subtype": "standard-noindent",
    "content": "<span class=\"egwlink egwlink_book\" title=\"ARSH December 9, 1858, page 18.8\" data-link=\"1690.594\">ARSH December 9,  1858, page 18.8</span>; <span class=\"egwlink egwlink_book\" title=\"ARSH May 27, 1862, page 205.9\" data-link=\"1684.7441\">ARSH May 27,  1862, page 205.9</span>; <span class=\"egwlink egwlink_book\" title=\"HST December 18, 1844, page 145.10\" data-link=\"1648.4181\">HST December 18,  1844, page 145.10</span>",
    "puborder": 7933,
    "translations": []
  },
  {
    "para_id": "14276.7934",
    "id_prev": "14276.7933",
    "id_next": "14276.7935",
    "refcode_1": "ACSI",
    "refcode_2": "Deuteronomy",
    "refcode_3": "1",
    "refcode_4": "36",
    "refcode_short": "ACSI, Deuteronomy 1:36",
    "refcode_long": "APL Complete Scripture Index, Deuteronomy 1:36",
    "element_type": "h4",
    "element_subtype": "",
    "content": "36",
    "puborder": 7934,
    "translations": []
  },
  {
    "para_id": "14276.7935",
    "id_prev": "14276.7934",
    "id_next": "14276.7936",
    "refcode_1": "ACSI",
    "refcode_2": "Deuteronomy",
    "refcode_3": "1",
    "refcode_4": "36",
    "refcode_short": "ACSI, Deuteronomy 1:36",
    "refcode_long": "APL Complete Scripture Index, Deuteronomy 1:36",
    "element_type": "p",
    "element_subtype": "standard-noindent",
    "content": "<span class=\"egwlink egwlink_book\" title=\"ARSH February 7, 1854, page 21.14\" data-link=\"1643.759\">ARSH February 7,  1854, page 21.14</span>; <span class=\"egwlink egwlink_book\" title=\"ARSH December 9, 1858, page 18.8\" data-link=\"1690.594\">ARSH December 9,  1858, page 18.8</span>; <span class=\"egwlink egwlink_book\" title=\"ARSH October 28, 1862, page 174.6\" data-link=\"1683.6591\">ARSH October 28,  1862, page 174.6</span>; <span class=\"egwlink egwlink_book\" title=\"ARSH September 27, 1864, page 138.21\" data-link=\"1679.5517\">ARSH September 27,  1864, page 138.21</span>; <span class=\"egwlink egwlink_book\" title=\"HST August 21, 1844, page 22.25\" data-link=\"1648.748\">HST August 21,  1844, page 22.25</span>",
    "puborder": 7935,
    "translations": []
  },
  {
    "para_id": "14276.7936",
    "id_prev": "14276.7935",
    "id_next": "14276.7937",
    "refcode_1": "ACSI",
    "refcode_2": "Deuteronomy",
    "refcode_3": "1",
    "refcode_4": "37",
    "refcode_short": "ACSI, Deuteronomy 1:37",
    "refcode_long": "APL Complete Scripture Index, Deuteronomy 1:37",
    "element_type": "h4",
    "element_subtype": "",
    "content": "37",
    "puborder": 7936,
    "translations": []
  },
  {
    "para_id": "14276.7937",
    "id_prev": "14276.7936",
    "id_next": "14276.7938",
    "refcode_1": "ACSI",
    "refcode_2": "Deuteronomy",
    "refcode_3": "1",
    "refcode_4": "37",
    "refcode_short": "ACSI, Deuteronomy 1:37",
    "refcode_long": "APL Complete Scripture Index, Deuteronomy 1:37",
    "element_type": "p",
    "element_subtype": "standard-noindent",
    "content": "<span class=\"egwlink egwlink_book\" title=\"ARSH December 9, 1858, page 18.8\" data-link=\"1690.594\">ARSH December 9,  1858, page 18.8</span>; <span class=\"egwlink egwlink_book\" title=\"ARSH July 7, 1859, page 50.22\" data-link=\"1689.1841\">ARSH July 7,  1859, page 50.22</span>",
    "puborder": 7937,
    "translations": []
  },
  {
    "para_id": "14276.7938",
    "id_prev": "14276.7937",
    "id_next": "14276.7939",
    "refcode_1": "ACSI",
    "refcode_2": "Deuteronomy",
    "refcode_3": "1",
    "refcode_4": "38",
    "refcode_short": "ACSI, Deuteronomy 1:38",
    "refcode_long": "APL Complete Scripture Index, Deuteronomy 1:38",
    "element_type": "h4",
    "element_subtype": "",
    "content": "38",
    "puborder": 7938,
    "translations": []
  },
  {
    "para_id": "14276.7939",
    "id_prev": "14276.7938",
    "id_next": "14276.7940",
    "refcode_1": "ACSI",
    "refcode_2": "Deuteronomy",
    "refcode_3": "1",
    "refcode_4": "38",
    "refcode_short": "ACSI, Deuteronomy 1:38",
    "refcode_long": "APL Complete Scripture Index, Deuteronomy 1:38",
    "element_type": "p",
    "element_subtype": "standard-noindent",
    "content": "<span class=\"egwlink egwlink_book\" title=\"ARSH December 9, 1858, page 18.8\" data-link=\"1690.594\">ARSH December 9,  1858, page 18.8</span>",
    "puborder": 7939,
    "translations": []
  },
  {
    "para_id": "14276.7940",
    "id_prev": "14276.7939",
    "id_next": "14276.7941",
    "refcode_1": "ACSI",
    "refcode_2": "Deuteronomy",
    "refcode_3": "1",
    "refcode_4": "39",
    "refcode_short": "ACSI, Deuteronomy 1:39",
    "refcode_long": "APL Complete Scripture Index, Deuteronomy 1:39",
    "element_type": "h4",
    "element_subtype": "",
    "content": "39",
    "puborder": 7940,
    "translations": []
  },
  {
    "para_id": "14276.7941",
    "id_prev": "14276.7940",
    "id_next": "14276.7942",
    "refcode_1": "ACSI",
    "refcode_2": "Deuteronomy",
    "refcode_3": "1",
    "refcode_4": "39",
    "refcode_short": "ACSI, Deuteronomy 1:39",
    "refcode_long": "APL Complete Scripture Index, Deuteronomy 1:39",
    "element_type": "p",
    "element_subtype": "standard-noindent",
    "content": "<span class=\"egwlink egwlink_book\" title=\"ARSH June 23, 1853, page 21.21\" data-link=\"1644.636\">ARSH June 23,  1853, page 21.21</span>; <span class=\"egwlink egwlink_book\" title=\"ARSH December 9, 1858, page 18.8\" data-link=\"1690.594\">ARSH December 9,  1858, page 18.8</span>; <span class=\"egwlink egwlink_book\" title=\"FSG 7.1\" data-link=\"954.12\">FSG 7.1</span>",
    "puborder": 7941,
    "translations": []
  },
  {
    "para_id": "14276.7942",
    "id_prev": "14276.7941",
    "id_next": "14276.7943",
    "refcode_1": "ACSI",
    "refcode_2": "Deuteronomy",
    "refcode_3": "1",
    "refcode_4": "41",
    "refcode_short": "ACSI, Deuteronomy 1:41",
    "refcode_long": "APL Complete Scripture Index, Deuteronomy 1:41",
    "element_type": "h4",
    "element_subtype": "",
    "content": "41",
    "puborder": 7942,
    "translations": []
  },
  {
    "para_id": "14276.7943",
    "id_prev": "14276.7942",
    "id_next": "14276.7944",
    "refcode_1": "ACSI",
    "refcode_2": "Deuteronomy",
    "refcode_3": "1",
    "refcode_4": "41",
    "refcode_short": "ACSI, Deuteronomy 1:41",
    "refcode_long": "APL Complete Scripture Index, Deuteronomy 1:41",
    "element_type": "p",
    "element_subtype": "standard-noindent",
    "content": "<span class=\"egwlink egwlink_book\" title=\"TDOC 110.7\" data-link=\"1387.1255\">TDOC 110.7</span>",
    "puborder": 7943,
    "translations": []
  },
  {
    "para_id": "14276.7944",
    "id_prev": "14276.7943",
    "id_next": "14276.7945",
    "refcode_1": "ACSI",
    "refcode_2": "Deuteronomy",
    "refcode_3": "1",
    "refcode_4": "42",
    "refcode_short": "ACSI, Deuteronomy 1:42",
    "refcode_long": "APL Complete Scripture Index, Deuteronomy 1:42",
    "element_type": "h4",
    "element_subtype": "",
    "content": "42",
    "puborder": 7944,
    "translations": []
  },
  {
    "para_id": "14276.7945",
    "id_prev": "14276.7944",
    "id_next": "14276.7946",
    "refcode_1": "ACSI",
    "refcode_2": "Deuteronomy",
    "refcode_3": "1",
    "refcode_4": "42",
    "refcode_short": "ACSI, Deuteronomy 1:42",
    "refcode_long": "APL Complete Scripture Index, Deuteronomy 1:42",
    "element_type": "p",
    "element_subtype": "standard-noindent",
    "content": "<span class=\"egwlink egwlink_book\" title=\"TDOC 110.7\" data-link=\"1387.1255\">TDOC 110.7</span>",
    "puborder": 7945,
    "translations": []
  },
  {
    "para_id": "14276.7946",
    "id_prev": "14276.7945",
    "id_next": "14276.7947",
    "refcode_1": "ACSI",
    "refcode_2": "Deuteronomy",
    "refcode_3": "1",
    "refcode_4": "43",
    "refcode_short": "ACSI, Deuteronomy 1:43",
    "refcode_long": "APL Complete Scripture Index, Deuteronomy 1:43",
    "element_type": "h4",
    "element_subtype": "",
    "content": "43",
    "puborder": 7946,
    "translations": []
  },
  {
    "para_id": "14276.7947",
    "id_prev": "14276.7946",
    "id_next": "14276.7948",
    "refcode_1": "ACSI",
    "refcode_2": "Deuteronomy",
    "refcode_3": "1",
    "refcode_4": "43",
    "refcode_short": "ACSI, Deuteronomy 1:43",
    "refcode_long": "APL Complete Scripture Index, Deuteronomy 1:43",
    "element_type": "p",
    "element_subtype": "standard-noindent",
    "content": "<span class=\"egwlink egwlink_book\" title=\"TDOC 110.7\" data-link=\"1387.1255\">TDOC 110.7</span>",
    "puborder": 7947,
    "translations": []
  },
  {
    "para_id": "14276.7948",
    "id_prev": "14276.7947",
    "id_next": "14276.7949",
    "refcode_1": "ACSI",
    "refcode_2": "Deuteronomy",
    "refcode_3": "1",
    "refcode_4": "44",
    "refcode_short": "ACSI, Deuteronomy 1:44",
    "refcode_long": "APL Complete Scripture Index, Deuteronomy 1:44",
    "element_type": "h4",
    "element_subtype": "",
    "content": "44",
    "puborder": 7948,
    "translations": []
  },
  {
    "para_id": "14276.7949",
    "id_prev": "14276.7948",
    "id_next": "14276.7950",
    "refcode_1": "ACSI",
    "refcode_2": "Deuteronomy",
    "refcode_3": "1",
    "refcode_4": "44",
    "refcode_short": "ACSI, Deuteronomy 1:44",
    "refcode_long": "APL Complete Scripture Index, Deuteronomy 1:44",
    "element_type": "p",
    "element_subtype": "standard-noindent",
    "content": "<span class=\"egwlink egwlink_book\" title=\"TDOC 110.7\" data-link=\"1387.1255\">TDOC 110.7</span>",
    "puborder": 7949,
    "translations": []
  },
  {
    "para_id": "14276.7950",
    "id_prev": "14276.7949",
    "id_next": "14276.7951",
    "refcode_1": "ACSI",
    "refcode_2": "Deuteronomy",
    "refcode_3": "1",
    "refcode_4": "45",
    "refcode_short": "ACSI, Deuteronomy 1:45",
    "refcode_long": "APL Complete Scripture Index, Deuteronomy 1:45",
    "element_type": "h4",
    "element_subtype": "",
    "content": "45",
    "puborder": 7950,
    "translations": []
  },
  {
    "para_id": "14276.7951",
    "id_prev": "14276.7950",
    "id_next": "14276.7952",
    "refcode_1": "ACSI",
    "refcode_2": "Deuteronomy",
    "refcode_3": "1",
    "refcode_4": "45",
    "refcode_short": "ACSI, Deuteronomy 1:45",
    "refcode_long": "APL Complete Scripture Index, Deuteronomy 1:45",
    "element_type": "p",
    "element_subtype": "standard-noindent",
    "content": "<span class=\"egwlink egwlink_book\" title=\"TDOC 110.7\" data-link=\"1387.1255\">TDOC 110.7</span>",
    "puborder": 7951,
    "translations": []
  }
]