[
  {
    "para_id": "14276.2896",
    "id_prev": "14276.2895",
    "id_next": "14276.2897",
    "refcode_1": "ACSI",
    "refcode_2": "Exodus",
    "refcode_3": "9",
    "refcode_4": "0",
    "refcode_short": "ACSI, Exodus 9",
    "refcode_long": "APL Complete Scripture Index, Exodus 9",
    "element_type": "h3",
    "element_subtype": "",
    "content": "Exodus 9",
    "puborder": 2896,
    "translations": []
  },
  {
    "para_id": "14276.2897",
    "id_prev": "14276.2896",
    "id_next": "14276.2898",
    "refcode_1": "ACSI",
    "refcode_2": "Exodus",
    "refcode_3": "9",
    "refcode_4": "1",
    "refcode_short": "ACSI, Exodus 9:1",
    "refcode_long": "APL Complete Scripture Index, Exodus 9:1",
    "element_type": "h4",
    "element_subtype": "",
    "content": "1",
    "puborder": 2897,
    "translations": []
  },
  {
    "para_id": "14276.2898",
    "id_prev": "14276.2897",
    "id_next": "14276.2899",
    "refcode_1": "ACSI",
    "refcode_2": "Exodus",
    "refcode_3": "9",
    "refcode_4": "1",
    "refcode_short": "ACSI, Exodus 9:1",
    "refcode_long": "APL Complete Scripture Index, Exodus 9:1",
    "element_type": "p",
    "element_subtype": "standard-noindent",
    "content": "<span class=\"egwlink egwlink_book\" title=\"ARSH September 16, 1862, page 123.6\" data-link=\"1683.4659\">ARSH September 16,  1862, page 123.6</span>; <span class=\"egwlink egwlink_book\" title=\"ARSH December 2, 1862, page 2.16\" data-link=\"1682.52\">ARSH December 2,  1862, page 2.16</span>",
    "puborder": 2898,
    "translations": []
  },
  {
    "para_id": "14276.2899",
    "id_prev": "14276.2898",
    "id_next": "14276.2900",
    "refcode_1": "ACSI",
    "refcode_2": "Exodus",
    "refcode_3": "9",
    "refcode_4": "3",
    "refcode_short": "ACSI, Exodus 9:3",
    "refcode_long": "APL Complete Scripture Index, Exodus 9:3",
    "element_type": "h4",
    "element_subtype": "",
    "content": "3",
    "puborder": 2899,
    "translations": []
  },
  {
    "para_id": "14276.2900",
    "id_prev": "14276.2899",
    "id_next": "14276.2901",
    "refcode_1": "ACSI",
    "refcode_2": "Exodus",
    "refcode_3": "9",
    "refcode_4": "3",
    "refcode_short": "ACSI, Exodus 9:3",
    "refcode_long": "APL Complete Scripture Index, Exodus 9:3",
    "element_type": "p",
    "element_subtype": "standard-noindent",
    "content": "<span class=\"egwlink egwlink_book\" title=\"ARSH March 23, 1852, page 105.17\" data-link=\"1646.3373\">ARSH March 23,  1852, page 105.17</span>; <span class=\"egwlink egwlink_book\" title=\"TAR 121.1\" data-link=\"1615.526\">TAR 121.1</span>",
    "puborder": 2900,
    "translations": []
  },
  {
    "para_id": "14276.2901",
    "id_prev": "14276.2900",
    "id_next": "14276.2902",
    "refcode_1": "ACSI",
    "refcode_2": "Exodus",
    "refcode_3": "9",
    "refcode_4": "4",
    "refcode_short": "ACSI, Exodus 9:4",
    "refcode_long": "APL Complete Scripture Index, Exodus 9:4",
    "element_type": "h4",
    "element_subtype": "",
    "content": "4",
    "puborder": 2901,
    "translations": []
  },
  {
    "para_id": "14276.2902",
    "id_prev": "14276.2901",
    "id_next": "14276.2903",
    "refcode_1": "ACSI",
    "refcode_2": "Exodus",
    "refcode_3": "9",
    "refcode_4": "4",
    "refcode_short": "ACSI, Exodus 9:4",
    "refcode_long": "APL Complete Scripture Index, Exodus 9:4",
    "element_type": "p",
    "element_subtype": "standard-noindent",
    "content": "<span class=\"egwlink egwlink_book\" title=\"ARSH March 23, 1852, page 105.17\" data-link=\"1646.3373\">ARSH March 23,  1852, page 105.17</span>; <span class=\"egwlink egwlink_book\" title=\"FAFA 300.3\" data-link=\"945.2085\">FAFA 300.3</span>; <span class=\"egwlink egwlink_book\" title=\"TAR 121.1\" data-link=\"1615.526\">TAR 121.1</span>",
    "puborder": 2902,
    "translations": []
  },
  {
    "para_id": "14276.2903",
    "id_prev": "14276.2902",
    "id_next": "14276.2904",
    "refcode_1": "ACSI",
    "refcode_2": "Exodus",
    "refcode_3": "9",
    "refcode_4": "5",
    "refcode_short": "ACSI, Exodus 9:5",
    "refcode_long": "APL Complete Scripture Index, Exodus 9:5",
    "element_type": "h4",
    "element_subtype": "",
    "content": "5",
    "puborder": 2903,
    "translations": []
  },
  {
    "para_id": "14276.2904",
    "id_prev": "14276.2903",
    "id_next": "14276.2905",
    "refcode_1": "ACSI",
    "refcode_2": "Exodus",
    "refcode_3": "9",
    "refcode_4": "5",
    "refcode_short": "ACSI, Exodus 9:5",
    "refcode_long": "APL Complete Scripture Index, Exodus 9:5",
    "element_type": "p",
    "element_subtype": "standard-noindent",
    "content": "<span class=\"egwlink egwlink_book\" title=\"TAR 121.1\" data-link=\"1615.526\">TAR 121.1</span>",
    "puborder": 2904,
    "translations": []
  },
  {
    "para_id": "14276.2905",
    "id_prev": "14276.2904",
    "id_next": "14276.2906",
    "refcode_1": "ACSI",
    "refcode_2": "Exodus",
    "refcode_3": "9",
    "refcode_4": "6",
    "refcode_short": "ACSI, Exodus 9:6",
    "refcode_long": "APL Complete Scripture Index, Exodus 9:6",
    "element_type": "h4",
    "element_subtype": "",
    "content": "6",
    "puborder": 2905,
    "translations": []
  },
  {
    "para_id": "14276.2906",
    "id_prev": "14276.2905",
    "id_next": "14276.2907",
    "refcode_1": "ACSI",
    "refcode_2": "Exodus",
    "refcode_3": "9",
    "refcode_4": "6",
    "refcode_short": "ACSI, Exodus 9:6",
    "refcode_long": "APL Complete Scripture Index, Exodus 9:6",
    "element_type": "p",
    "element_subtype": "standard-noindent",
    "content": "<span class=\"egwlink egwlink_book\" title=\"SITI January 28, 1889, page 58.13\" data-link=\"1542.431\">SITI January 28,  1889, page 58.13</span>; <span class=\"egwlink egwlink_book\" title=\"TAR 121.1\" data-link=\"1615.526\">TAR 121.1</span>",
    "puborder": 2906,
    "translations": []
  },
  {
    "para_id": "14276.2907",
    "id_prev": "14276.2906",
    "id_next": "14276.2908",
    "refcode_1": "ACSI",
    "refcode_2": "Exodus",
    "refcode_3": "9",
    "refcode_4": "7",
    "refcode_short": "ACSI, Exodus 9:7",
    "refcode_long": "APL Complete Scripture Index, Exodus 9:7",
    "element_type": "h4",
    "element_subtype": "",
    "content": "7",
    "puborder": 2907,
    "translations": []
  },
  {
    "para_id": "14276.2908",
    "id_prev": "14276.2907",
    "id_next": "14276.2909",
    "refcode_1": "ACSI",
    "refcode_2": "Exodus",
    "refcode_3": "9",
    "refcode_4": "7",
    "refcode_short": "ACSI, Exodus 9:7",
    "refcode_long": "APL Complete Scripture Index, Exodus 9:7",
    "element_type": "p",
    "element_subtype": "standard-noindent",
    "content": "<span class=\"egwlink egwlink_book\" title=\"SITI January 28, 1889, page 58.13\" data-link=\"1542.431\">SITI January 28,  1889, page 58.13</span>; <span class=\"egwlink egwlink_book\" title=\"TAR 121.1\" data-link=\"1615.526\">TAR 121.1</span>",
    "puborder": 2908,
    "translations": []
  },
  {
    "para_id": "14276.2909",
    "id_prev": "14276.2908",
    "id_next": "14276.2910",
    "refcode_1": "ACSI",
    "refcode_2": "Exodus",
    "refcode_3": "9",
    "refcode_4": "8",
    "refcode_short": "ACSI, Exodus 9:8",
    "refcode_long": "APL Complete Scripture Index, Exodus 9:8",
    "element_type": "h4",
    "element_subtype": "",
    "content": "8",
    "puborder": 2909,
    "translations": []
  },
  {
    "para_id": "14276.2910",
    "id_prev": "14276.2909",
    "id_next": "14276.2911",
    "refcode_1": "ACSI",
    "refcode_2": "Exodus",
    "refcode_3": "9",
    "refcode_4": "8",
    "refcode_short": "ACSI, Exodus 9:8",
    "refcode_long": "APL Complete Scripture Index, Exodus 9:8",
    "element_type": "p",
    "element_subtype": "standard-noindent",
    "content": "<span class=\"egwlink egwlink_book\" title=\"ARSH April 17, 1855, page 209.15\" data-link=\"1642.8133\">ARSH April 17,  1855, page 209.15</span>; <span class=\"egwlink egwlink_book\" title=\"ARSH June 18, 1857, page 52.12\" data-link=\"1693.1815\">ARSH June 18,  1857, page 52.12</span>; <span class=\"egwlink egwlink_book\" title=\"ARSH December 2, 1862, page 4.10\" data-link=\"1682.104\">ARSH December 2,  1862, page 4.10</span>; <span class=\"egwlink egwlink_book\" title=\"DAR 644.1\" data-link=\"12861.3358\">DAR 644.1</span>; <span class=\"egwlink egwlink_book\" title=\"DAR1909 686.3\" data-link=\"1297.3231\">DAR1909 686.3</span>; <span class=\"egwlink egwlink_book\" title=\"PREX1 177.3\" data-link=\"1029.842\">PREX1 177.3</span>; <span class=\"egwlink egwlink_book\" title=\"SC3 219.2\" data-link=\"1038.375\">SC3 219.2</span>; <span class=\"egwlink egwlink_book\" title=\"TAR 120.2\" data-link=\"1615.523\">TAR 120.2</span>; <span class=\"egwlink egwlink_book\" title=\"TMR 117.2\" data-link=\"1240.490\">TMR 117.2</span>; <span class=\"egwlink egwlink_book\" title=\"TOB 31\" data-link=\"1567.183\">TOB 31</span>",
    "puborder": 2910,
    "translations": []
  },
  {
    "para_id": "14276.2911",
    "id_prev": "14276.2910",
    "id_next": "14276.2912",
    "refcode_1": "ACSI",
    "refcode_2": "Exodus",
    "refcode_3": "9",
    "refcode_4": "9",
    "refcode_short": "ACSI, Exodus 9:9",
    "refcode_long": "APL Complete Scripture Index, Exodus 9:9",
    "element_type": "h4",
    "element_subtype": "",
    "content": "9",
    "puborder": 2911,
    "translations": []
  },
  {
    "para_id": "14276.2912",
    "id_prev": "14276.2911",
    "id_next": "14276.2913",
    "refcode_1": "ACSI",
    "refcode_2": "Exodus",
    "refcode_3": "9",
    "refcode_4": "9",
    "refcode_short": "ACSI, Exodus 9:9",
    "refcode_long": "APL Complete Scripture Index, Exodus 9:9",
    "element_type": "p",
    "element_subtype": "standard-noindent",
    "content": "<span class=\"egwlink egwlink_book\" title=\"ARSH April 17, 1855, page 209.15\" data-link=\"1642.8133\">ARSH April 17,  1855, page 209.15</span>; <span class=\"egwlink egwlink_book\" title=\"ARSH June 18, 1857, page 52.12\" data-link=\"1693.1815\">ARSH June 18,  1857, page 52.12</span>; <span class=\"egwlink egwlink_book\" title=\"ARSH December 2, 1862, page 4.10\" data-link=\"1682.104\">ARSH December 2,  1862, page 4.10</span>; <span class=\"egwlink egwlink_book\" title=\"DAR 644.1\" data-link=\"12861.3358\">DAR 644.1</span>; <span class=\"egwlink egwlink_book\" title=\"DAR1909 686.3\" data-link=\"1297.3231\">DAR1909 686.3</span>; <span class=\"egwlink egwlink_book\" title=\"PREX1 177.3\" data-link=\"1029.842\">PREX1 177.3</span>; <span class=\"egwlink egwlink_book\" title=\"TAR 120.2\" data-link=\"1615.523\">TAR 120.2</span>; <span class=\"egwlink egwlink_book\" title=\"TMR 117.2\" data-link=\"1240.490\">TMR 117.2</span>",
    "puborder": 2912,
    "translations": []
  },
  {
    "para_id": "14276.2913",
    "id_prev": "14276.2912",
    "id_next": "14276.2914",
    "refcode_1": "ACSI",
    "refcode_2": "Exodus",
    "refcode_3": "9",
    "refcode_4": "10",
    "refcode_short": "ACSI, Exodus 9:10",
    "refcode_long": "APL Complete Scripture Index, Exodus 9:10",
    "element_type": "h4",
    "element_subtype": "",
    "content": "10",
    "puborder": 2913,
    "translations": []
  },
  {
    "para_id": "14276.2914",
    "id_prev": "14276.2913",
    "id_next": "14276.2915",
    "refcode_1": "ACSI",
    "refcode_2": "Exodus",
    "refcode_3": "9",
    "refcode_4": "10",
    "refcode_short": "ACSI, Exodus 9:10",
    "refcode_long": "APL Complete Scripture Index, Exodus 9:10",
    "element_type": "p",
    "element_subtype": "standard-noindent",
    "content": "<span class=\"egwlink egwlink_book\" title=\"ARSH March 23, 1852, page 105.16\" data-link=\"1646.3372\">ARSH March 23,  1852, page 105.16</span>; <span class=\"egwlink egwlink_book\" title=\"ARSH April 17, 1855, page 209.15\" data-link=\"1642.8133\">ARSH April 17,  1855, page 209.15</span>; <span class=\"egwlink egwlink_book\" title=\"ARSH June 18, 1857, page 52.12\" data-link=\"1693.1815\">ARSH June 18,  1857, page 52.12</span>; <span class=\"egwlink egwlink_book\" title=\"ARSH December 2, 1862, page 4.10\" data-link=\"1682.104\">ARSH December 2,  1862, page 4.10</span>; <span class=\"egwlink egwlink_book\" title=\"DAR 644.1\" data-link=\"12861.3358\">DAR 644.1</span>; <span class=\"egwlink egwlink_book\" title=\"DAR1909 686.3\" data-link=\"1297.3231\">DAR1909 686.3</span>; <span class=\"egwlink egwlink_book\" title=\"PREX1 177.3\" data-link=\"1029.842\">PREX1 177.3</span>; <span class=\"egwlink egwlink_book\" title=\"SITI January 7, 1889, page 10.19\" data-link=\"1542.112\">SITI January 7,  1889, page 10.19</span>; <span class=\"egwlink egwlink_book\" title=\"SITI January 28, 1889, page 58.13\" data-link=\"1542.431\">SITI January 28,  1889, page 58.13</span>; <span class=\"egwlink egwlink_book\" title=\"TAR 120.2\" data-link=\"1615.523\">TAR 120.2</span>; <span class=\"egwlink egwlink_book\" title=\"TMR 117.2\" data-link=\"1240.490\">TMR 117.2</span>; <span class=\"egwlink egwlink_book\" title=\"TOB 31\" data-link=\"1567.183\">TOB 31</span>",
    "puborder": 2914,
    "translations": []
  },
  {
    "para_id": "14276.2915",
    "id_prev": "14276.2914",
    "id_next": "14276.2916",
    "refcode_1": "ACSI",
    "refcode_2": "Exodus",
    "refcode_3": "9",
    "refcode_4": "11",
    "refcode_short": "ACSI, Exodus 9:11",
    "refcode_long": "APL Complete Scripture Index, Exodus 9:11",
    "element_type": "h4",
    "element_subtype": "",
    "content": "11",
    "puborder": 2915,
    "translations": []
  },
  {
    "para_id": "14276.2916",
    "id_prev": "14276.2915",
    "id_next": "14276.2917",
    "refcode_1": "ACSI",
    "refcode_2": "Exodus",
    "refcode_3": "9",
    "refcode_4": "11",
    "refcode_short": "ACSI, Exodus 9:11",
    "refcode_long": "APL Complete Scripture Index, Exodus 9:11",
    "element_type": "p",
    "element_subtype": "standard-noindent",
    "content": "<span class=\"egwlink egwlink_book\" title=\"ARSH April 17, 1855, page 209.15\" data-link=\"1642.8133\">ARSH April 17,  1855, page 209.15</span>; <span class=\"egwlink egwlink_book\" title=\"ARSH June 18, 1857, page 52.12\" data-link=\"1693.1815\">ARSH June 18,  1857, page 52.12</span>; <span class=\"egwlink egwlink_book\" title=\"ARSH December 2, 1862, page 4.10\" data-link=\"1682.104\">ARSH December 2,  1862, page 4.10</span>; <span class=\"egwlink egwlink_book\" title=\"DAR 644.1\" data-link=\"12861.3358\">DAR 644.1</span>; <span class=\"egwlink egwlink_book\" title=\"DAR1909 686.3\" data-link=\"1297.3231\">DAR1909 686.3</span>; <span class=\"egwlink egwlink_book\" title=\"PREX1 177.3\" data-link=\"1029.842\">PREX1 177.3</span>; <span class=\"egwlink egwlink_book\" title=\"SITI January 7, 1889, page 10.19\" data-link=\"1542.112\">SITI January 7,  1889, page 10.19</span>; <span class=\"egwlink egwlink_book\" title=\"SITI January 28, 1889, page 58.13\" data-link=\"1542.431\">SITI January 28,  1889, page 58.13</span>; <span class=\"egwlink egwlink_book\" title=\"TAR 120.2\" data-link=\"1615.523\">TAR 120.2</span>; <span class=\"egwlink egwlink_book\" title=\"TMR 117.2\" data-link=\"1240.490\">TMR 117.2</span>",
    "puborder": 2916,
    "translations": []
  },
  {
    "para_id": "14276.2917",
    "id_prev": "14276.2916",
    "id_next": "14276.2918",
    "refcode_1": "ACSI",
    "refcode_2": "Exodus",
    "refcode_3": "9",
    "refcode_4": "12",
    "refcode_short": "ACSI, Exodus 9:12",
    "refcode_long": "APL Complete Scripture Index, Exodus 9:12",
    "element_type": "h4",
    "element_subtype": "",
    "content": "12",
    "puborder": 2917,
    "translations": []
  },
  {
    "para_id": "14276.2918",
    "id_prev": "14276.2917",
    "id_next": "14276.2919",
    "refcode_1": "ACSI",
    "refcode_2": "Exodus",
    "refcode_3": "9",
    "refcode_4": "12",
    "refcode_short": "ACSI, Exodus 9:12",
    "refcode_long": "APL Complete Scripture Index, Exodus 9:12",
    "element_type": "p",
    "element_subtype": "standard-noindent",
    "content": "<span class=\"egwlink egwlink_book\" title=\"SITI January 28, 1889, page 58.13\" data-link=\"1542.431\">SITI January 28,  1889, page 58.13</span>; <span class=\"egwlink egwlink_book\" title=\"SITI January 28, 1889, page 58.14\" data-link=\"1542.432\">SITI January 28,  1889, page 58.14</span>",
    "puborder": 2918,
    "translations": []
  },
  {
    "para_id": "14276.2919",
    "id_prev": "14276.2918",
    "id_next": "14276.2920",
    "refcode_1": "ACSI",
    "refcode_2": "Exodus",
    "refcode_3": "9",
    "refcode_4": "13",
    "refcode_short": "ACSI, Exodus 9:13",
    "refcode_long": "APL Complete Scripture Index, Exodus 9:13",
    "element_type": "h4",
    "element_subtype": "",
    "content": "13",
    "puborder": 2919,
    "translations": []
  },
  {
    "para_id": "14276.2920",
    "id_prev": "14276.2919",
    "id_next": "14276.2921",
    "refcode_1": "ACSI",
    "refcode_2": "Exodus",
    "refcode_3": "9",
    "refcode_4": "13",
    "refcode_short": "ACSI, Exodus 9:13",
    "refcode_long": "APL Complete Scripture Index, Exodus 9:13",
    "element_type": "p",
    "element_subtype": "standard-noindent",
    "content": "<span class=\"egwlink egwlink_book\" title=\"ARSH September 2, 1851, page 17.6\" data-link=\"1646.555\">ARSH September 2,  1851, page 17.6</span>; <span class=\"egwlink egwlink_book\" title=\"EVCO 190.1\" data-link=\"1332.1090\">EVCO 190.1</span>; <span class=\"egwlink egwlink_book\" title=\"PTUK September 10, 1896, page 579.7\" data-link=\"12150.4411\">PTUK September 10,  1896, page 579.7</span>; <span class=\"egwlink egwlink_book\" title=\"SITI January 25, 1883, page 41.2\" data-link=\"1559.45\">SITI January 25,  1883, page 41.2</span>",
    "puborder": 2920,
    "translations": []
  },
  {
    "para_id": "14276.2921",
    "id_prev": "14276.2920",
    "id_next": "14276.2922",
    "refcode_1": "ACSI",
    "refcode_2": "Exodus",
    "refcode_3": "9",
    "refcode_4": "14",
    "refcode_short": "ACSI, Exodus 9:14",
    "refcode_long": "APL Complete Scripture Index, Exodus 9:14",
    "element_type": "h4",
    "element_subtype": "",
    "content": "14",
    "puborder": 2921,
    "translations": []
  },
  {
    "para_id": "14276.2922",
    "id_prev": "14276.2921",
    "id_next": "14276.2923",
    "refcode_1": "ACSI",
    "refcode_2": "Exodus",
    "refcode_3": "9",
    "refcode_4": "14",
    "refcode_short": "ACSI, Exodus 9:14",
    "refcode_long": "APL Complete Scripture Index, Exodus 9:14",
    "element_type": "p",
    "element_subtype": "standard-noindent",
    "content": "<span class=\"egwlink egwlink_book\" title=\"ARSH September 2, 1851, page 17.6\" data-link=\"1646.555\">ARSH September 2,  1851, page 17.6</span>; <span class=\"egwlink egwlink_book\" title=\"EVCO 190.1\" data-link=\"1332.1090\">EVCO 190.1</span>; <span class=\"egwlink egwlink_book\" title=\"PTUK September 10, 1896, page 579.7\" data-link=\"12150.4411\">PTUK September 10,  1896, page 579.7</span>; <span class=\"egwlink egwlink_book\" title=\"SITI January 25, 1883, page 41.2\" data-link=\"1559.45\">SITI January 25,  1883, page 41.2</span>",
    "puborder": 2922,
    "translations": []
  },
  {
    "para_id": "14276.2923",
    "id_prev": "14276.2922",
    "id_next": "14276.2924",
    "refcode_1": "ACSI",
    "refcode_2": "Exodus",
    "refcode_3": "9",
    "refcode_4": "15",
    "refcode_short": "ACSI, Exodus 9:15",
    "refcode_long": "APL Complete Scripture Index, Exodus 9:15",
    "element_type": "h4",
    "element_subtype": "",
    "content": "15",
    "puborder": 2923,
    "translations": []
  },
  {
    "para_id": "14276.2924",
    "id_prev": "14276.2923",
    "id_next": "14276.2925",
    "refcode_1": "ACSI",
    "refcode_2": "Exodus",
    "refcode_3": "9",
    "refcode_4": "15",
    "refcode_short": "ACSI, Exodus 9:15",
    "refcode_long": "APL Complete Scripture Index, Exodus 9:15",
    "element_type": "p",
    "element_subtype": "standard-noindent",
    "content": "<span class=\"egwlink egwlink_book\" title=\"ARSH November 10, 1859, page 197.4\" data-link=\"1689.7511\">ARSH November 10,  1859, page 197.4</span>; <span class=\"egwlink egwlink_book\" title=\"EVCO 190.1\" data-link=\"1332.1090\">EVCO 190.1</span>; <span class=\"egwlink egwlink_book\" title=\"EVCO 389.1\" data-link=\"1332.2222\">EVCO 389.1</span>; <span class=\"egwlink egwlink_book\" title=\"PTUK September 10, 1896, page 579.7\" data-link=\"12150.4411\">PTUK September 10,  1896, page 579.7</span>; <span class=\"egwlink egwlink_book\" title=\"PTUK January 14, 1897, page 19.3\" data-link=\"12387.165\">PTUK January 14,  1897, page 19.3</span>; <span class=\"egwlink egwlink_book\" title=\"SITI December 8, 1898, page 771.2\" data-link=\"1551.75\">SITI December 8,  1898, page 771.2</span>; <span class=\"egwlink egwlink_book\" title=\"SITI January 25, 1883, page 41.1\" data-link=\"1559.44\">SITI January 25,  1883, page 41.1</span>; <span class=\"egwlink egwlink_book\" title=\"SITI January 28, 1889, page 58.35\" data-link=\"1542.453\">SITI January 28,  1889, page 58.35</span>",
    "puborder": 2924,
    "translations": []
  },
  {
    "para_id": "14276.2925",
    "id_prev": "14276.2924",
    "id_next": "14276.2926",
    "refcode_1": "ACSI",
    "refcode_2": "Exodus",
    "refcode_3": "9",
    "refcode_4": "16",
    "refcode_short": "ACSI, Exodus 9:16",
    "refcode_long": "APL Complete Scripture Index, Exodus 9:16",
    "element_type": "h4",
    "element_subtype": "",
    "content": "16",
    "puborder": 2925,
    "translations": []
  },
  {
    "para_id": "14276.2926",
    "id_prev": "14276.2925",
    "id_next": "14276.2927",
    "refcode_1": "ACSI",
    "refcode_2": "Exodus",
    "refcode_3": "9",
    "refcode_4": "16",
    "refcode_short": "ACSI, Exodus 9:16",
    "refcode_long": "APL Complete Scripture Index, Exodus 9:16",
    "element_type": "p",
    "element_subtype": "standard-noindent",
    "content": "<span class=\"egwlink egwlink_book\" title=\"ARSH May 19, 1851, page 84.2\" data-link=\"1659.1623\">ARSH May 19,  1851, page 84.2</span>; <span class=\"egwlink egwlink_book\" title=\"ARSH December 23, 1851, page 70.4\" data-link=\"1646.2104\">ARSH December 23,  1851, page 70.4</span>; <span class=\"egwlink egwlink_book\" title=\"ARSH November 10, 1859, page 197.4\" data-link=\"1689.7511\">ARSH November 10,  1859, page 197.4</span>; <span class=\"egwlink egwlink_book\" title=\"BEARF 17.3\" data-link=\"1437.101\">BEARF 17.3</span>; <span class=\"egwlink egwlink_book\" title=\"EVCO 190.1\" data-link=\"1332.1090\">EVCO 190.1</span>; <span class=\"egwlink egwlink_book\" title=\"EVCO 191.2\" data-link=\"1332.1096\">EVCO 191.2</span>; <span class=\"egwlink egwlink_book\" title=\"FSDA 200.3\" data-link=\"949.962\">FSDA 200.3</span>; <span class=\"egwlink egwlink_book\" title=\"GCB February 22, 1895, page 288.5\" data-link=\"1673.4211\">GCB February 22,  1895, page 288.5</span>; <span class=\"egwlink egwlink_book\" title=\"PTUK June 29, 1893, page 193.9\" data-link=\"1525.2350\">PTUK June 29,  1893, page 193.9</span>; <span class=\"egwlink egwlink_book\" title=\"PTUK September 10, 1896, page 579.7\" data-link=\"12150.4411\">PTUK September 10,  1896, page 579.7</span>; <span class=\"egwlink egwlink_book\" title=\"SDP 238.3\" data-link=\"1236.1050\">SDP 238.3</span>; <span class=\"egwlink egwlink_book\" title=\"SITI December 8, 1898, page 771.2\" data-link=\"1551.75\">SITI December 8,  1898, page 771.2</span>; <span class=\"egwlink egwlink_book\" title=\"SITI January 25, 1883, page 41.1\" data-link=\"1559.44\">SITI January 25,  1883, page 41.1</span>; <span class=\"egwlink egwlink_book\" title=\"SITI January 28, 1889, page 58.35\" data-link=\"1542.453\">SITI January 28,  1889, page 58.35</span>; <span class=\"egwlink egwlink_book\" title=\"\" data-link=\"1345.1545\">SYNPT 310</span>; <span class=\"egwlink egwlink_book\" title=\"SYNPT 310.2\" data-link=\"1345.1546\">SYNPT 310.2</span>",
    "puborder": 2926,
    "translations": []
  },
  {
    "para_id": "14276.2927",
    "id_prev": "14276.2926",
    "id_next": "14276.2928",
    "refcode_1": "ACSI",
    "refcode_2": "Exodus",
    "refcode_3": "9",
    "refcode_4": "17",
    "refcode_short": "ACSI, Exodus 9:17",
    "refcode_long": "APL Complete Scripture Index, Exodus 9:17",
    "element_type": "h4",
    "element_subtype": "",
    "content": "17",
    "puborder": 2927,
    "translations": []
  },
  {
    "para_id": "14276.2928",
    "id_prev": "14276.2927",
    "id_next": "14276.2929",
    "refcode_1": "ACSI",
    "refcode_2": "Exodus",
    "refcode_3": "9",
    "refcode_4": "17",
    "refcode_short": "ACSI, Exodus 9:17",
    "refcode_long": "APL Complete Scripture Index, Exodus 9:17",
    "element_type": "p",
    "element_subtype": "standard-noindent",
    "content": "<span class=\"egwlink egwlink_book\" title=\"SYNPT 310.2\" data-link=\"1345.1546\">SYNPT 310.2</span>",
    "puborder": 2928,
    "translations": []
  },
  {
    "para_id": "14276.2929",
    "id_prev": "14276.2928",
    "id_next": "14276.2930",
    "refcode_1": "ACSI",
    "refcode_2": "Exodus",
    "refcode_3": "9",
    "refcode_4": "18",
    "refcode_short": "ACSI, Exodus 9:18",
    "refcode_long": "APL Complete Scripture Index, Exodus 9:18",
    "element_type": "h4",
    "element_subtype": "",
    "content": "18",
    "puborder": 2929,
    "translations": []
  },
  {
    "para_id": "14276.2930",
    "id_prev": "14276.2929",
    "id_next": "14276.2931",
    "refcode_1": "ACSI",
    "refcode_2": "Exodus",
    "refcode_3": "9",
    "refcode_4": "18",
    "refcode_short": "ACSI, Exodus 9:18",
    "refcode_long": "APL Complete Scripture Index, Exodus 9:18",
    "element_type": "p",
    "element_subtype": "standard-noindent",
    "content": "<span class=\"egwlink egwlink_book\" title=\"PTUK June 29, 1893, page 193.9\" data-link=\"1525.2350\">PTUK June 29,  1893, page 193.9</span>",
    "puborder": 2930,
    "translations": []
  },
  {
    "para_id": "14276.2931",
    "id_prev": "14276.2930",
    "id_next": "14276.2932",
    "refcode_1": "ACSI",
    "refcode_2": "Exodus",
    "refcode_3": "9",
    "refcode_4": "19",
    "refcode_short": "ACSI, Exodus 9:19",
    "refcode_long": "APL Complete Scripture Index, Exodus 9:19",
    "element_type": "h4",
    "element_subtype": "",
    "content": "19",
    "puborder": 2931,
    "translations": []
  },
  {
    "para_id": "14276.2932",
    "id_prev": "14276.2931",
    "id_next": "14276.2933",
    "refcode_1": "ACSI",
    "refcode_2": "Exodus",
    "refcode_3": "9",
    "refcode_4": "19",
    "refcode_short": "ACSI, Exodus 9:19",
    "refcode_long": "APL Complete Scripture Index, Exodus 9:19",
    "element_type": "p",
    "element_subtype": "standard-noindent",
    "content": "<span class=\"egwlink egwlink_book\" title=\"PTUK June 29, 1893, page 193.9\" data-link=\"1525.2350\">PTUK June 29,  1893, page 193.9</span>",
    "puborder": 2932,
    "translations": []
  },
  {
    "para_id": "14276.2933",
    "id_prev": "14276.2932",
    "id_next": "14276.2934",
    "refcode_1": "ACSI",
    "refcode_2": "Exodus",
    "refcode_3": "9",
    "refcode_4": "20",
    "refcode_short": "ACSI, Exodus 9:20",
    "refcode_long": "APL Complete Scripture Index, Exodus 9:20",
    "element_type": "h4",
    "element_subtype": "",
    "content": "20",
    "puborder": 2933,
    "translations": []
  },
  {
    "para_id": "14276.2934",
    "id_prev": "14276.2933",
    "id_next": "14276.2935",
    "refcode_1": "ACSI",
    "refcode_2": "Exodus",
    "refcode_3": "9",
    "refcode_4": "20",
    "refcode_short": "ACSI, Exodus 9:20",
    "refcode_long": "APL Complete Scripture Index, Exodus 9:20",
    "element_type": "p",
    "element_subtype": "standard-noindent",
    "content": "<span class=\"egwlink egwlink_book\" title=\"PTUK June 29, 1893, page 193.9\" data-link=\"1525.2350\">PTUK June 29,  1893, page 193.9</span>",
    "puborder": 2934,
    "translations": []
  },
  {
    "para_id": "14276.2935",
    "id_prev": "14276.2934",
    "id_next": "14276.2936",
    "refcode_1": "ACSI",
    "refcode_2": "Exodus",
    "refcode_3": "9",
    "refcode_4": "21",
    "refcode_short": "ACSI, Exodus 9:21",
    "refcode_long": "APL Complete Scripture Index, Exodus 9:21",
    "element_type": "h4",
    "element_subtype": "",
    "content": "21",
    "puborder": 2935,
    "translations": []
  },
  {
    "para_id": "14276.2936",
    "id_prev": "14276.2935",
    "id_next": "14276.2937",
    "refcode_1": "ACSI",
    "refcode_2": "Exodus",
    "refcode_3": "9",
    "refcode_4": "21",
    "refcode_short": "ACSI, Exodus 9:21",
    "refcode_long": "APL Complete Scripture Index, Exodus 9:21",
    "element_type": "p",
    "element_subtype": "standard-noindent",
    "content": "<span class=\"egwlink egwlink_book\" title=\"PTUK June 29, 1893, page 193.9\" data-link=\"1525.2350\">PTUK June 29,  1893, page 193.9</span>",
    "puborder": 2936,
    "translations": []
  },
  {
    "para_id": "14276.2937",
    "id_prev": "14276.2936",
    "id_next": "14276.2938",
    "refcode_1": "ACSI",
    "refcode_2": "Exodus",
    "refcode_3": "9",
    "refcode_4": "22",
    "refcode_short": "ACSI, Exodus 9:22",
    "refcode_long": "APL Complete Scripture Index, Exodus 9:22",
    "element_type": "h4",
    "element_subtype": "",
    "content": "22",
    "puborder": 2937,
    "translations": []
  },
  {
    "para_id": "14276.2938",
    "id_prev": "14276.2937",
    "id_next": "14276.2939",
    "refcode_1": "ACSI",
    "refcode_2": "Exodus",
    "refcode_3": "9",
    "refcode_4": "22",
    "refcode_short": "ACSI, Exodus 9:22",
    "refcode_long": "APL Complete Scripture Index, Exodus 9:22",
    "element_type": "p",
    "element_subtype": "standard-noindent",
    "content": "<span class=\"egwlink egwlink_book\" title=\"ARSH April 17, 1855, page 210.12\" data-link=\"1642.8150\">ARSH April 17,  1855, page 210.12</span>; <span class=\"egwlink egwlink_book\" title=\"PREX1 186.1\" data-link=\"1029.877\">PREX1 186.1</span>; <span class=\"egwlink egwlink_book\" title=\"TAR 127.2\" data-link=\"1615.552\">TAR 127.2</span>; <span class=\"egwlink egwlink_book\" title=\"TMR 123.2\" data-link=\"1240.517\">TMR 123.2</span>",
    "puborder": 2938,
    "translations": []
  },
  {
    "para_id": "14276.2939",
    "id_prev": "14276.2938",
    "id_next": "14276.2940",
    "refcode_1": "ACSI",
    "refcode_2": "Exodus",
    "refcode_3": "9",
    "refcode_4": "23",
    "refcode_short": "ACSI, Exodus 9:23",
    "refcode_long": "APL Complete Scripture Index, Exodus 9:23",
    "element_type": "h4",
    "element_subtype": "",
    "content": "23",
    "puborder": 2939,
    "translations": []
  },
  {
    "para_id": "14276.2940",
    "id_prev": "14276.2939",
    "id_next": "14276.2941",
    "refcode_1": "ACSI",
    "refcode_2": "Exodus",
    "refcode_3": "9",
    "refcode_4": "23",
    "refcode_short": "ACSI, Exodus 9:23",
    "refcode_long": "APL Complete Scripture Index, Exodus 9:23",
    "element_type": "p",
    "element_subtype": "standard-noindent",
    "content": "<span class=\"egwlink egwlink_book\" title=\"ARSH April 3, 1855, page 201.17\" data-link=\"1642.7871\">ARSH April 3,  1855, page 201.17</span>; <span class=\"egwlink egwlink_book\" title=\"ARSH April 17, 1855, page 210.12\" data-link=\"1642.8150\">ARSH April 17,  1855, page 210.12</span>; <span class=\"egwlink egwlink_book\" title=\"ARSH June 25, 1857, page 60.14\" data-link=\"1693.2078\">ARSH June 25,  1857, page 60.14</span>; <span class=\"egwlink egwlink_book\" title=\"ARSH December 2, 1862, page 5.17\" data-link=\"1682.136\">ARSH December 2,  1862, page 5.17</span>; <span class=\"egwlink egwlink_book\" title=\"BHB 181.1\" data-link=\"978.2785\">BHB 181.1</span>; <span class=\"egwlink egwlink_book\" title=\"DAR 653.4\" data-link=\"12861.3418\">DAR 653.4</span>; <span class=\"egwlink egwlink_book\" title=\"DAR1909 698.4\" data-link=\"1297.3298\">DAR1909 698.4</span>; <span class=\"egwlink egwlink_book\" title=\"MWV2 229.1\" data-link=\"1321.857\">MWV2 229.1</span>; <span class=\"egwlink egwlink_book\" title=\"PREX1 184.5\" data-link=\"1029.871\">PREX1 184.5</span>; <span class=\"egwlink egwlink_book\" title=\"PREX1 186.1\" data-link=\"1029.877\">PREX1 186.1</span>; <span class=\"egwlink egwlink_book\" title=\"SITI January 28, 1889, page 58.16\" data-link=\"1542.434\">SITI January 28,  1889, page 58.16</span>; <span class=\"egwlink egwlink_book\" title=\"TAR 98.1\" data-link=\"1615.437\">TAR 98.1</span>; <span class=\"egwlink egwlink_book\" title=\"TAR 127.2\" data-link=\"1615.552\">TAR 127.2</span>; <span class=\"egwlink egwlink_book\" title=\"TMR 94.1\" data-link=\"1240.398\">TMR 94.1</span>; <span class=\"egwlink egwlink_book\" title=\"TMR 123.2\" data-link=\"1240.517\">TMR 123.2</span>",
    "puborder": 2940,
    "translations": []
  },
  {
    "para_id": "14276.2941",
    "id_prev": "14276.2940",
    "id_next": "14276.2942",
    "refcode_1": "ACSI",
    "refcode_2": "Exodus",
    "refcode_3": "9",
    "refcode_4": "24",
    "refcode_short": "ACSI, Exodus 9:24",
    "refcode_long": "APL Complete Scripture Index, Exodus 9:24",
    "element_type": "h4",
    "element_subtype": "",
    "content": "24",
    "puborder": 2941,
    "translations": []
  },
  {
    "para_id": "14276.2942",
    "id_prev": "14276.2941",
    "id_next": "14276.2943",
    "refcode_1": "ACSI",
    "refcode_2": "Exodus",
    "refcode_3": "9",
    "refcode_4": "24",
    "refcode_short": "ACSI, Exodus 9:24",
    "refcode_long": "APL Complete Scripture Index, Exodus 9:24",
    "element_type": "p",
    "element_subtype": "standard-noindent",
    "content": "<span class=\"egwlink egwlink_book\" title=\"ARSH April 3, 1855, page 201.17\" data-link=\"1642.7871\">ARSH April 3,  1855, page 201.17</span>; <span class=\"egwlink egwlink_book\" title=\"ARSH April 17, 1855, page 210.12\" data-link=\"1642.8150\">ARSH April 17,  1855, page 210.12</span>; <span class=\"egwlink egwlink_book\" title=\"ARSH June 25, 1857, page 60.15\" data-link=\"1693.2079\">ARSH June 25,  1857, page 60.15</span>; <span class=\"egwlink egwlink_book\" title=\"MWV2 229.1\" data-link=\"1321.857\">MWV2 229.1</span>; <span class=\"egwlink egwlink_book\" title=\"PREX1 186.1\" data-link=\"1029.877\">PREX1 186.1</span>; <span class=\"egwlink egwlink_book\" title=\"SITI January 28, 1889, page 58.16\" data-link=\"1542.434\">SITI January 28,  1889, page 58.16</span>; <span class=\"egwlink egwlink_book\" title=\"TAR 98.1\" data-link=\"1615.437\">TAR 98.1</span>; <span class=\"egwlink egwlink_book\" title=\"TAR 127.2\" data-link=\"1615.552\">TAR 127.2</span>; <span class=\"egwlink egwlink_book\" title=\"TMR 94.1\" data-link=\"1240.398\">TMR 94.1</span>; <span class=\"egwlink egwlink_book\" title=\"TMR 123.2\" data-link=\"1240.517\">TMR 123.2</span>",
    "puborder": 2942,
    "translations": []
  },
  {
    "para_id": "14276.2943",
    "id_prev": "14276.2942",
    "id_next": "14276.2944",
    "refcode_1": "ACSI",
    "refcode_2": "Exodus",
    "refcode_3": "9",
    "refcode_4": "25",
    "refcode_short": "ACSI, Exodus 9:25",
    "refcode_long": "APL Complete Scripture Index, Exodus 9:25",
    "element_type": "h4",
    "element_subtype": "",
    "content": "25",
    "puborder": 2943,
    "translations": []
  },
  {
    "para_id": "14276.2944",
    "id_prev": "14276.2943",
    "id_next": "14276.2945",
    "refcode_1": "ACSI",
    "refcode_2": "Exodus",
    "refcode_3": "9",
    "refcode_4": "25",
    "refcode_short": "ACSI, Exodus 9:25",
    "refcode_long": "APL Complete Scripture Index, Exodus 9:25",
    "element_type": "p",
    "element_subtype": "standard-noindent",
    "content": "<span class=\"egwlink egwlink_book\" title=\"ARSH April 17, 1855, page 210.12\" data-link=\"1642.8150\">ARSH April 17,  1855, page 210.12</span>; <span class=\"egwlink egwlink_book\" title=\"JUBST July 10, 1845, page 140.6\" data-link=\"1637.1329\">JUBST July 10,  1845, page 140.6</span>; <span class=\"egwlink egwlink_book\" title=\"MWV2 229.1\" data-link=\"1321.857\">MWV2 229.1</span>; <span class=\"egwlink egwlink_book\" title=\"PREX1 186.1\" data-link=\"1029.877\">PREX1 186.1</span>; <span class=\"egwlink egwlink_book\" title=\"SITI January 28, 1889, page 58.16\" data-link=\"1542.434\">SITI January 28,  1889, page 58.16</span>; <span class=\"egwlink egwlink_book\" title=\"SLG 13.3\" data-link=\"957.100\">SLG 13.3</span>; <span class=\"egwlink egwlink_book\" title=\"TAR 127.2\" data-link=\"1615.552\">TAR 127.2</span>; <span class=\"egwlink egwlink_book\" title=\"TMR 123.2\" data-link=\"1240.517\">TMR 123.2</span>",
    "puborder": 2944,
    "translations": []
  },
  {
    "para_id": "14276.2945",
    "id_prev": "14276.2944",
    "id_next": "14276.2946",
    "refcode_1": "ACSI",
    "refcode_2": "Exodus",
    "refcode_3": "9",
    "refcode_4": "26",
    "refcode_short": "ACSI, Exodus 9:26",
    "refcode_long": "APL Complete Scripture Index, Exodus 9:26",
    "element_type": "h4",
    "element_subtype": "",
    "content": "26",
    "puborder": 2945,
    "translations": []
  },
  {
    "para_id": "14276.2946",
    "id_prev": "14276.2945",
    "id_next": "14276.2947",
    "refcode_1": "ACSI",
    "refcode_2": "Exodus",
    "refcode_3": "9",
    "refcode_4": "26",
    "refcode_short": "ACSI, Exodus 9:26",
    "refcode_long": "APL Complete Scripture Index, Exodus 9:26",
    "element_type": "p",
    "element_subtype": "standard-noindent",
    "content": "<span class=\"egwlink egwlink_book\" title=\"PTUK January 10, 1895, page 23.10\" data-link=\"1519.344\">PTUK January 10,  1895, page 23.10</span>; <span class=\"egwlink egwlink_book\" title=\"SITI August 1, 1895, page 465.9\" data-link=\"1548.419\">SITI August 1,  1895, page 465.9</span>",
    "puborder": 2946,
    "translations": []
  },
  {
    "para_id": "14276.2947",
    "id_prev": "14276.2946",
    "id_next": "14276.2948",
    "refcode_1": "ACSI",
    "refcode_2": "Exodus",
    "refcode_3": "9",
    "refcode_4": "27",
    "refcode_short": "ACSI, Exodus 9:27",
    "refcode_long": "APL Complete Scripture Index, Exodus 9:27",
    "element_type": "h4",
    "element_subtype": "",
    "content": "27",
    "puborder": 2947,
    "translations": []
  },
  {
    "para_id": "14276.2948",
    "id_prev": "14276.2947",
    "id_next": "14276.2949",
    "refcode_1": "ACSI",
    "refcode_2": "Exodus",
    "refcode_3": "9",
    "refcode_4": "27",
    "refcode_short": "ACSI, Exodus 9:27",
    "refcode_long": "APL Complete Scripture Index, Exodus 9:27",
    "element_type": "p",
    "element_subtype": "standard-noindent",
    "content": "<span class=\"egwlink egwlink_book\" title=\"ARSH April 1, 1862, page 139.4\" data-link=\"1684.4893\">ARSH April 1,  1862, page 139.4</span>; <span class=\"egwlink egwlink_book\" title=\"ARSH April 1, 1862, page 139.13\" data-link=\"1684.4902\">ARSH April 1,  1862, page 139.13</span>; <span class=\"egwlink egwlink_book\" title=\"PTUK August 16, 1888, page 243.6\" data-link=\"1521.164\">PTUK August 16,  1888, page 243.6</span>; <span class=\"egwlink egwlink_book\" title=\"PTUK January 10, 1895, page 23.10\" data-link=\"1519.344\">PTUK January 10,  1895, page 23.10</span>; <span class=\"egwlink egwlink_book\" title=\"SITI January 25, 1883, page 41.6\" data-link=\"1559.50\">SITI January 25,  1883, page 41.6</span>; <span class=\"egwlink egwlink_book\" title=\"SITI May 26, 1887, page 310.17\" data-link=\"1540.1518\">SITI May 26,  1887, page 310.17</span>; <span class=\"egwlink egwlink_book\" title=\"SITI January 28, 1889, page 58.18\" data-link=\"1542.436\">SITI January 28,  1889, page 58.18</span>; <span class=\"egwlink egwlink_book\" title=\"SITI August 1, 1895, page 465.9\" data-link=\"1548.419\">SITI August 1,  1895, page 465.9</span>; <span class=\"egwlink egwlink_book\" title=\"WDUS 96.14\" data-link=\"1446.1028\">WDUS 96.14</span>",
    "puborder": 2948,
    "translations": []
  },
  {
    "para_id": "14276.2949",
    "id_prev": "14276.2948",
    "id_next": "14276.2950",
    "refcode_1": "ACSI",
    "refcode_2": "Exodus",
    "refcode_3": "9",
    "refcode_4": "28",
    "refcode_short": "ACSI, Exodus 9:28",
    "refcode_long": "APL Complete Scripture Index, Exodus 9:28",
    "element_type": "h4",
    "element_subtype": "",
    "content": "28",
    "puborder": 2949,
    "translations": []
  },
  {
    "para_id": "14276.2950",
    "id_prev": "14276.2949",
    "id_next": "14276.2951",
    "refcode_1": "ACSI",
    "refcode_2": "Exodus",
    "refcode_3": "9",
    "refcode_4": "28",
    "refcode_short": "ACSI, Exodus 9:28",
    "refcode_long": "APL Complete Scripture Index, Exodus 9:28",
    "element_type": "p",
    "element_subtype": "standard-noindent",
    "content": "<span class=\"egwlink egwlink_book\" title=\"ARSH April 1, 1862, page 139.4\" data-link=\"1684.4893\">ARSH April 1,  1862, page 139.4</span>; <span class=\"egwlink egwlink_book\" title=\"ARSH April 1, 1862, page 139.13\" data-link=\"1684.4902\">ARSH April 1,  1862, page 139.13</span>; <span class=\"egwlink egwlink_book\" title=\"PTUK August 16, 1888, page 243.6\" data-link=\"1521.164\">PTUK August 16,  1888, page 243.6</span>; <span class=\"egwlink egwlink_book\" title=\"PTUK January 10, 1895, page 23.10\" data-link=\"1519.344\">PTUK January 10,  1895, page 23.10</span>; <span class=\"egwlink egwlink_book\" title=\"SITI January 25, 1883, page 41.6\" data-link=\"1559.50\">SITI January 25,  1883, page 41.6</span>; <span class=\"egwlink egwlink_book\" title=\"SITI May 26, 1887, page 310.17\" data-link=\"1540.1518\">SITI May 26,  1887, page 310.17</span>; <span class=\"egwlink egwlink_book\" title=\"SITI January 28, 1889, page 58.18\" data-link=\"1542.436\">SITI January 28,  1889, page 58.18</span>; <span class=\"egwlink egwlink_book\" title=\"SITI August 1, 1895, page 465.9\" data-link=\"1548.419\">SITI August 1,  1895, page 465.9</span>",
    "puborder": 2950,
    "translations": []
  },
  {
    "para_id": "14276.2951",
    "id_prev": "14276.2950",
    "id_next": "14276.2952",
    "refcode_1": "ACSI",
    "refcode_2": "Exodus",
    "refcode_3": "9",
    "refcode_4": "29",
    "refcode_short": "ACSI, Exodus 9:29",
    "refcode_long": "APL Complete Scripture Index, Exodus 9:29",
    "element_type": "h4",
    "element_subtype": "",
    "content": "29",
    "puborder": 2951,
    "translations": []
  },
  {
    "para_id": "14276.2952",
    "id_prev": "14276.2951",
    "id_next": "14276.2953",
    "refcode_1": "ACSI",
    "refcode_2": "Exodus",
    "refcode_3": "9",
    "refcode_4": "29",
    "refcode_short": "ACSI, Exodus 9:29",
    "refcode_long": "APL Complete Scripture Index, Exodus 9:29",
    "element_type": "p",
    "element_subtype": "standard-noindent",
    "content": "<span class=\"egwlink egwlink_book\" title=\"GCDB February 5, 1893, page 141.9\" data-link=\"1661.1772\">GCDB February 5,  1893, page 141.9</span>",
    "puborder": 2952,
    "translations": []
  },
  {
    "para_id": "14276.2953",
    "id_prev": "14276.2952",
    "id_next": "14276.2954",
    "refcode_1": "ACSI",
    "refcode_2": "Exodus",
    "refcode_3": "9",
    "refcode_4": "31",
    "refcode_short": "ACSI, Exodus 9:31",
    "refcode_long": "APL Complete Scripture Index, Exodus 9:31",
    "element_type": "h4",
    "element_subtype": "",
    "content": "31",
    "puborder": 2953,
    "translations": []
  },
  {
    "para_id": "14276.2954",
    "id_prev": "14276.2953",
    "id_next": "14276.2955",
    "refcode_1": "ACSI",
    "refcode_2": "Exodus",
    "refcode_3": "9",
    "refcode_4": "31",
    "refcode_short": "ACSI, Exodus 9:31",
    "refcode_long": "APL Complete Scripture Index, Exodus 9:31",
    "element_type": "p",
    "element_subtype": "standard-noindent",
    "content": "<span class=\"egwlink egwlink_book\" title=\"ARSH September 3, 1857, page 137.11\" data-link=\"1693.4873\">ARSH September 3,  1857, page 137.11</span>; <span class=\"egwlink egwlink_book\" title=\"HST December 5, 1843, page 134.7\" data-link=\"1654.3519\">HST December 5,  1843, page 134.7</span>",
    "puborder": 2954,
    "translations": []
  },
  {
    "para_id": "14276.2955",
    "id_prev": "14276.2954",
    "id_next": "14276.2956",
    "refcode_1": "ACSI",
    "refcode_2": "Exodus",
    "refcode_3": "9",
    "refcode_4": "32",
    "refcode_short": "ACSI, Exodus 9:32",
    "refcode_long": "APL Complete Scripture Index, Exodus 9:32",
    "element_type": "h4",
    "element_subtype": "",
    "content": "32",
    "puborder": 2955,
    "translations": []
  },
  {
    "para_id": "14276.2956",
    "id_prev": "14276.2955",
    "id_next": "14276.2957",
    "refcode_1": "ACSI",
    "refcode_2": "Exodus",
    "refcode_3": "9",
    "refcode_4": "32",
    "refcode_short": "ACSI, Exodus 9:32",
    "refcode_long": "APL Complete Scripture Index, Exodus 9:32",
    "element_type": "p",
    "element_subtype": "standard-noindent",
    "content": "<span class=\"egwlink egwlink_book\" title=\"ARSH September 3, 1857, page 137.11\" data-link=\"1693.4873\">ARSH September 3,  1857, page 137.11</span>",
    "puborder": 2956,
    "translations": []
  },
  {
    "para_id": "14276.2957",
    "id_prev": "14276.2956",
    "id_next": "14276.2958",
    "refcode_1": "ACSI",
    "refcode_2": "Exodus",
    "refcode_3": "9",
    "refcode_4": "33",
    "refcode_short": "ACSI, Exodus 9:33",
    "refcode_long": "APL Complete Scripture Index, Exodus 9:33",
    "element_type": "h4",
    "element_subtype": "",
    "content": "33",
    "puborder": 2957,
    "translations": []
  },
  {
    "para_id": "14276.2958",
    "id_prev": "14276.2957",
    "id_next": "14276.2959",
    "refcode_1": "ACSI",
    "refcode_2": "Exodus",
    "refcode_3": "9",
    "refcode_4": "33",
    "refcode_short": "ACSI, Exodus 9:33",
    "refcode_long": "APL Complete Scripture Index, Exodus 9:33",
    "element_type": "p",
    "element_subtype": "standard-noindent",
    "content": "<span class=\"egwlink egwlink_book\" title=\"ARSH January 1851, page 40.10\" data-link=\"1659.764\">ARSH January 1851, page 40.10</span>; <span class=\"egwlink egwlink_book\" title=\"PTUK August 16, 1888, page 243.6\" data-link=\"1521.164\">PTUK August 16,  1888, page 243.6</span>; <span class=\"egwlink egwlink_book\" title=\"PTUK January 10, 1895, page 23.12\" data-link=\"1519.346\">PTUK January 10,  1895, page 23.12</span>; <span class=\"egwlink egwlink_book\" title=\"SITI May 26, 1887, page 310.17\" data-link=\"1540.1518\">SITI May 26,  1887, page 310.17</span>; <span class=\"egwlink egwlink_book\" title=\"SITI January 28, 1889, page 58.20\" data-link=\"1542.438\">SITI January 28,  1889, page 58.20</span>; <span class=\"egwlink egwlink_book\" title=\"SITI August 1, 1895, page 465.11\" data-link=\"1548.421\">SITI August 1,  1895, page 465.11</span>",
    "puborder": 2958,
    "translations": []
  },
  {
    "para_id": "14276.2959",
    "id_prev": "14276.2958",
    "id_next": "14276.2960",
    "refcode_1": "ACSI",
    "refcode_2": "Exodus",
    "refcode_3": "9",
    "refcode_4": "34",
    "refcode_short": "ACSI, Exodus 9:34",
    "refcode_long": "APL Complete Scripture Index, Exodus 9:34",
    "element_type": "h4",
    "element_subtype": "",
    "content": "34",
    "puborder": 2959,
    "translations": []
  },
  {
    "para_id": "14276.2960",
    "id_prev": "14276.2959",
    "id_next": "14276.2961",
    "refcode_1": "ACSI",
    "refcode_2": "Exodus",
    "refcode_3": "9",
    "refcode_4": "34",
    "refcode_short": "ACSI, Exodus 9:34",
    "refcode_long": "APL Complete Scripture Index, Exodus 9:34",
    "element_type": "p",
    "element_subtype": "standard-noindent",
    "content": "<span class=\"egwlink egwlink_book\" title=\"ARSH January 15, 1861, page 70.8\" data-link=\"1686.2409\">ARSH January 15,  1861, page 70.8</span>; <span class=\"egwlink egwlink_book\" title=\"ARSH April 1, 1862, page 139.4\" data-link=\"1684.4893\">ARSH April 1,  1862, page 139.4</span>; <span class=\"egwlink egwlink_book\" title=\"PTUK August 16, 1888, page 243.6\" data-link=\"1521.164\">PTUK August 16,  1888, page 243.6</span>; <span class=\"egwlink egwlink_book\" title=\"PTUK January 10, 1895, page 23.12\" data-link=\"1519.346\">PTUK January 10,  1895, page 23.12</span>; <span class=\"egwlink egwlink_book\" title=\"PTUK April 20, 1899, page 245.9\" data-link=\"12433.2329\">PTUK April 20,  1899, page 245.9</span>; <span class=\"egwlink egwlink_book\" title=\"SITI January 25, 1883, page 41.6\" data-link=\"1559.50\">SITI January 25,  1883, page 41.6</span>; <span class=\"egwlink egwlink_book\" title=\"SITI May 26, 1887, page 310.17\" data-link=\"1540.1518\">SITI May 26,  1887, page 310.17</span>; <span class=\"egwlink egwlink_book\" title=\"SITI January 28, 1889, page 58.22\" data-link=\"1542.440\">SITI January 28,  1889, page 58.22</span>; <span class=\"egwlink egwlink_book\" title=\"SITI August 1, 1895, page 465.11\" data-link=\"1548.421\">SITI August 1,  1895, page 465.11</span>",
    "puborder": 2960,
    "translations": []
  },
  {
    "para_id": "14276.2961",
    "id_prev": "14276.2960",
    "id_next": "14276.2962",
    "refcode_1": "ACSI",
    "refcode_2": "Exodus",
    "refcode_3": "9",
    "refcode_4": "35",
    "refcode_short": "ACSI, Exodus 9:35",
    "refcode_long": "APL Complete Scripture Index, Exodus 9:35",
    "element_type": "h4",
    "element_subtype": "",
    "content": "35",
    "puborder": 2961,
    "translations": []
  },
  {
    "para_id": "14276.2962",
    "id_prev": "14276.2961",
    "id_next": "14276.2963",
    "refcode_1": "ACSI",
    "refcode_2": "Exodus",
    "refcode_3": "9",
    "refcode_4": "35",
    "refcode_short": "ACSI, Exodus 9:35",
    "refcode_long": "APL Complete Scripture Index, Exodus 9:35",
    "element_type": "p",
    "element_subtype": "standard-noindent",
    "content": "<span class=\"egwlink egwlink_book\" title=\"PTUK August 16, 1888, page 243.6\" data-link=\"1521.164\">PTUK August 16,  1888, page 243.6</span>; <span class=\"egwlink egwlink_book\" title=\"PTUK January 10, 1895, page 23.12\" data-link=\"1519.346\">PTUK January 10,  1895, page 23.12</span>; <span class=\"egwlink egwlink_book\" title=\"PTUK April 20, 1899, page 245.9\" data-link=\"12433.2329\">PTUK April 20,  1899, page 245.9</span>; <span class=\"egwlink egwlink_book\" title=\"SITI January 25, 1883, page 41.6\" data-link=\"1559.50\">SITI January 25,  1883, page 41.6</span>; <span class=\"egwlink egwlink_book\" title=\"SITI May 26, 1887, page 310.17\" data-link=\"1540.1518\">SITI May 26,  1887, page 310.17</span>; <span class=\"egwlink egwlink_book\" title=\"SITI January 28, 1889, page 58.22\" data-link=\"1542.440\">SITI January 28,  1889, page 58.22</span>; <span class=\"egwlink egwlink_book\" title=\"SITI August 1, 1895, page 465.11\" data-link=\"1548.421\">SITI August 1,  1895, page 465.11</span>",
    "puborder": 2962,
    "translations": []
  }
]