[
  {
    "para_id": "1998.254",
    "id_prev": "1998.253",
    "id_next": "1998.255",
    "refcode_1": "AWLF",
    "refcode_2": "29",
    "refcode_3": "",
    "refcode_4": "17",
    "refcode_short": "AWLF 29",
    "refcode_long": "A Word to the “Little Flock”, p. 29 (James Springer White)",
    "element_type": "h3",
    "element_subtype": "",
    "content": "A Misquotation",
    "puborder": 216,
    "translations": []
  },
  {
    "para_id": "1998.255",
    "id_prev": "1998.254",
    "id_next": "1998.256",
    "refcode_1": "AWLF",
    "refcode_2": "29",
    "refcode_3": "8",
    "refcode_4": "",
    "refcode_short": "AWLF 29.8",
    "refcode_long": "A Word to the “Little Flock”, p. 29.8 (James Springer White)",
    "element_type": "p",
    "element_subtype": "standard-indented",
    "content": "&ldquo;In this quotation are also found the words, &lsquo;I saw two long golden rods, on which hung silver wires, and on the wires most glorious grapes.&rdquo;",
    "puborder": 217,
    "translations": []
  },
  {
    "para_id": "1998.256",
    "id_prev": "1998.255",
    "id_next": "1998.257",
    "refcode_1": "AWLF",
    "refcode_2": "29",
    "refcode_3": "9",
    "refcode_4": "",
    "refcode_short": "AWLF 29.9",
    "refcode_long": "A Word to the “Little Flock”, p. 29.9 (James Springer White)",
    "element_type": "p",
    "element_subtype": "standard-indented",
    "content": "&ldquo;My opponents ridicule &lsquo;that weak and childish expression of glorious grapes growing on silver wires, and these wires attached to golden rods.&rdquo;",
    "puborder": 218,
    "translations": []
  },
  {
    "para_id": "1998.257",
    "id_prev": "1998.256",
    "id_next": "1998.258",
    "refcode_1": "AWLF",
    "refcode_2": "29",
    "refcode_3": "10",
    "refcode_4": "",
    "refcode_short": "AWLF 29.10",
    "refcode_long": "A Word to the “Little Flock”, p. 29.10 (James Springer White)",
    "element_type": "p",
    "element_subtype": "standard-indented",
    "content": "&ldquo;What motive impelled the writer of the above to misstate my words? I do not state that grapes were <em>growing</em> on silver wires. That which I beheld is described as it appeared to me. It is not to be supposed that grapes were attached to silver wires or golden rods, but that such was the appearance presented. Similar expressions are daily employed by every person in ordinary conversation. When we speak of golden fruit, we are not understood as declaring that the fruit is composed of that precious metal, but simply that it has the appearance of gold. The same rule applied to my words removes all excuse for misapprehension.",
    "puborder": 219,
    "translations": []
  }
]