[
  {
    "para_id": "459.2000362",
    "id_prev": "459.361",
    "id_next": "459.362",
    "refcode_1": "BEcho",
    "refcode_2": "",
    "refcode_3": "",
    "refcode_4": "1894",
    "refcode_short": "BEcho January 1,  1894, par. 8",
    "refcode_long": "The Bible Echo January 1,  1894, paragraph 8",
    "element_type": "h2",
    "element_subtype": "",
    "content": "1894",
    "puborder": 357,
    "translations": []
  },
  {
    "para_id": "459.362",
    "id_prev": "459.2000362",
    "id_next": "459.363",
    "refcode_1": "BEcho",
    "refcode_2": "",
    "refcode_3": "",
    "refcode_4": "1894",
    "refcode_short": "BEcho January 1,  1894, par. 8",
    "refcode_long": "The Bible Echo January 1,  1894, paragraph 8",
    "element_type": "h3",
    "element_subtype": "",
    "content": "January 1, 1894",
    "puborder": 358,
    "translations": []
  },
  {
    "para_id": "459.363",
    "id_prev": "459.362",
    "id_next": "459.364",
    "refcode_1": "BEcho",
    "refcode_2": "",
    "refcode_3": "",
    "refcode_4": "1894",
    "refcode_short": "BEcho January 1,  1894",
    "refcode_long": "The Bible Echo January 1,  1894",
    "element_type": "h5",
    "element_subtype": "",
    "content": "Home Education",
    "puborder": 359,
    "translations": []
  },
  {
    "para_id": "459.364",
    "id_prev": "459.363",
    "id_next": "459.366",
    "refcode_1": "BEcho",
    "refcode_2": "",
    "refcode_3": "",
    "refcode_4": "1894",
    "refcode_short": "",
    "refcode_long": "",
    "element_type": "p",
    "element_subtype": "periodicalauthor",
    "content": "EGW",
    "puborder": 360,
    "translations": []
  },
  {
    "para_id": "459.366",
    "id_prev": "459.364",
    "id_next": "459.367",
    "refcode_1": "BEcho",
    "refcode_2": "",
    "refcode_3": "",
    "refcode_4": "1894",
    "refcode_short": "BEcho January 1,  1894, par. 1",
    "refcode_long": "The Bible Echo January 1,  1894, paragraph 1",
    "element_type": "p",
    "element_subtype": "standard-indented",
    "content": "The mother&apos;s work begins with the babe in her arms. I have often seen the little one throw itself and scream if its will was crossed in any way. This is the time to restrain evil tendencies, and to stimulate the mind in favour of the right. The child should be taught self-control, and encouraged in every effort to govern itself.",
    "puborder": 361,
    "translations": []
  },
  {
    "para_id": "459.367",
    "id_prev": "459.366",
    "id_next": "459.368",
    "refcode_1": "BEcho",
    "refcode_2": "",
    "refcode_3": "",
    "refcode_4": "1894",
    "refcode_short": "BEcho January 1,  1894, par. 2",
    "refcode_long": "The Bible Echo January 1,  1894, paragraph 2",
    "element_type": "p",
    "element_subtype": "standard-indented",
    "content": "Regularity should be the rule in all the habits of children. Mothers make a great mistake in permitting them to eat between meals. The stomach becomes deranged by this practice, and the foundation is laid for future suffering. Their fretfulness may have been caused by unwholesome food, still undigested; but the mother feels that she cannot spend time to reason on the matter and correct her injurious management. Neither can she stop to soothe their impatient worrying. She gives the little sufferers a piece of cake of some other dainty to quiet them, but this only increases the evil. Some mothers, in their anxiety to do a great amount of work, get wrought up into such nervous haste that they are more irritable than the children, and by scolding, and even blows, they try to terrify the little ones into quietness.",
    "puborder": 362,
    "translations": []
  },
  {
    "para_id": "459.368",
    "id_prev": "459.367",
    "id_next": "459.369",
    "refcode_1": "BEcho",
    "refcode_2": "",
    "refcode_3": "",
    "refcode_4": "1894",
    "refcode_short": "BEcho January 1,  1894, par. 3",
    "refcode_long": "The Bible Echo January 1,  1894, paragraph 3",
    "element_type": "p",
    "element_subtype": "standard-indented",
    "content": "Parents should provide employment for their children. Nothing will be a more sure source of evil than indolence. Physical labour, that brings healthful weariness to the muscles, will give an appetite for simple, wholesome food.",
    "puborder": 363,
    "translations": []
  },
  {
    "para_id": "459.369",
    "id_prev": "459.368",
    "id_next": "459.370",
    "refcode_1": "BEcho",
    "refcode_2": "",
    "refcode_3": "",
    "refcode_4": "1894",
    "refcode_short": "BEcho January 1,  1894, par. 4",
    "refcode_long": "The Bible Echo January 1,  1894, paragraph 4",
    "element_type": "p",
    "element_subtype": "standard-indented",
    "content": "As a rule, the labour of the day should not be prolonged into the evening. If all the hours of the day are well improved, the work extended into the evening is so much extra, and the over-taxed system will suffer from the burden imposed upon it. Let parents devote the evening to their families. Lay off care and perplexity with the labours of the day, and let the evening be spent as happily as possible. Let home be a place where cheerfulness, courtesy, and love rule. This will make it attractive to the children. If the parents are continually borrowing trouble, are irritable and fault-finding, the children partake of the same spirit of dissatisfaction and contention, and home becomes the most miserable place in the world. The children find more pleasure among strangers or in the streets than at home. All this might be avoided if temperance in all things were practiced. Self-control on the part of all the members of the family will make home almost a paradise.",
    "puborder": 364,
    "translations": []
  },
  {
    "para_id": "459.370",
    "id_prev": "459.369",
    "id_next": "459.371",
    "refcode_1": "BEcho",
    "refcode_2": "",
    "refcode_3": "",
    "refcode_4": "1894",
    "refcode_short": "BEcho January 1,  1894, par. 5",
    "refcode_long": "The Bible Echo January 1,  1894, paragraph 5",
    "element_type": "p",
    "element_subtype": "standard-indented",
    "content": "Make your rooms as cheerful as possible. Let the children find home the most attractive place on earth. Throw about them such influences that they will not seek for street companions, nor think of the haunts of vice except with horror. If the home life is what it should be, the habits formed there will be a strong defence against the assaults of temptation when the young shall leave the shelter of home for the world.",
    "puborder": 365,
    "translations": []
  },
  {
    "para_id": "459.371",
    "id_prev": "459.370",
    "id_next": "459.372",
    "refcode_1": "BEcho",
    "refcode_2": "",
    "refcode_3": "",
    "refcode_4": "1894",
    "refcode_short": "BEcho January 1,  1894, par. 6",
    "refcode_long": "The Bible Echo January 1,  1894, paragraph 6",
    "element_type": "p",
    "element_subtype": "standard-indented",
    "content": "In devoting time and money to the outward adorning and the gratification of perverted appetite, parents are cultivating vanity, selfishness, and lust in the children. Mothers complain of being so burdened with care and labour that they cannot take time patiently to instruct their little ones, and to sympathize with them in their disappointments and trials. Young hearts yearn for sympathy and tenderness, and if they do not obtain it from their parents, they will seek it from sources that may endanger both minds and morals. I have heard mothers refuse their children some innocent pleasure, for lack of time and thought, while their busy fingers and weary eyes were diligently engaged on some useless piece of adornment, something which could serve only to encourage vanity and extravagance in the children. Every act of the parents tells on the future of the children. &ldquo;As the twig is bent, the tree is inclined.&rdquo; And so as the children approach manhood and womanhood, these lessons bear fruit in pride and moral worthlessness. The parents deplore the children&apos;s faults, but are blind to the fact that they are but reaping the crop from seed of their own planting.",
    "puborder": 366,
    "translations": []
  },
  {
    "para_id": "459.372",
    "id_prev": "459.371",
    "id_next": "459.373",
    "refcode_1": "BEcho",
    "refcode_2": "",
    "refcode_3": "",
    "refcode_4": "1894",
    "refcode_short": "BEcho January 1,  1894, par. 7",
    "refcode_long": "The Bible Echo January 1,  1894, paragraph 7",
    "element_type": "p",
    "element_subtype": "standard-indented",
    "content": "Do not send your little ones away to school too early. The mother should be careful how she trusts the moulding of the infant mind to other hands. Parents ought to be the best teachers of their children till they have reached eight or ten years of age. Their schoolroom should be the open air, amid the flowers and birds, and their text-book the treasures of nature. As fast as their minds can comprehend it, the parents should open before them God&apos;s great book of nature. These lessons, given amid such surroundings, will not soon be forgotten.",
    "puborder": 367,
    "translations": []
  },
  {
    "para_id": "459.373",
    "id_prev": "459.372",
    "id_next": "459.374",
    "refcode_1": "BEcho",
    "refcode_2": "",
    "refcode_3": "",
    "refcode_4": "1894",
    "refcode_short": "BEcho January 1,  1894, par. 8",
    "refcode_long": "The Bible Echo January 1,  1894, paragraph 8",
    "element_type": "p",
    "element_subtype": "standard-indented",
    "content": "The mother&apos;s position in God&apos;s sight is most exalted; for she is dealing with character, she is fashioning minds. The mothers of the present day are making the society of the future. Iniquity abounds on every hand, and if the children are saved, earnest, persevering effort must be put forth. Christ has said, &ldquo;I sanctify myself, that they also might be sanctified.&rdquo; He wanted his disciples to be sanctified, and He made Himself their example, that they might follow Him. What if fathers and mothers should take this same position, saying, &ldquo;I want my children to have steadfast principles, and I will give them an example of this in my life.&rdquo;",
    "puborder": 368,
    "translations": []
  },
  {
    "para_id": "459.374",
    "id_prev": "459.373",
    "id_next": "459.375",
    "refcode_1": "BEcho",
    "refcode_2": "",
    "refcode_3": "",
    "refcode_4": "1894",
    "refcode_short": "BEcho January 1,  1894, par. 9",
    "refcode_long": "The Bible Echo January 1,  1894, paragraph 9",
    "element_type": "p",
    "element_subtype": "standard-indented",
    "content": "In whatever else we may fail, let us be thorough in the work for our children. If they go forth from the home training pure and virtuous, if they fill the least and lowest place in God&apos;s great plan of good for the world, our life-work can never be called a failure.",
    "puborder": 369,
    "translations": []
  }
]