[
  {
    "para_id": "1531.249",
    "id_prev": "1531.246",
    "id_next": "1531.250",
    "refcode_1": "SCOC",
    "refcode_2": "49",
    "refcode_3": "",
    "refcode_4": "",
    "refcode_short": "SCOC 49",
    "refcode_long": "The Second Coming of Christ, p. 49 (James Springer White)",
    "element_type": "h3",
    "element_subtype": "",
    "content": "THIS GENERATION SHALL NOT PASS",
    "puborder": 159,
    "translations": []
  },
  {
    "para_id": "1531.250",
    "id_prev": "1531.249",
    "id_next": "1531.251",
    "refcode_1": "SCOC",
    "refcode_2": "49",
    "refcode_3": "1",
    "refcode_4": "",
    "refcode_short": "SCOC 49.1",
    "refcode_long": "The Second Coming of Christ, p. 49.1 (James Springer White)",
    "element_type": "p",
    "element_subtype": "standard-indented",
    "content": "<span class=\"egwlink egwlink_bible\" title=\"Matthew 24:34\" data-link=\"1965.48978\">Verses 34, 35</span>: &ldquo;Verily I say unto you, This generation shall not pass away till all these things be fulfilled. Heaven and earth shall pass away, but my words shall not pass away.&rdquo; Many suppose that our Lord here speaks of the generation then living, who listened to his teachings. That such are in error on this point, the following facts clearly prove:",
    "puborder": 160,
    "translations": []
  },
  {
    "para_id": "1531.251",
    "id_prev": "1531.250",
    "id_next": "1531.252",
    "refcode_1": "SCOC",
    "refcode_2": "49",
    "refcode_3": "2",
    "refcode_4": "",
    "refcode_short": "SCOC 49.2",
    "refcode_long": "The Second Coming of Christ, p. 49.2 (James Springer White)",
    "element_type": "p",
    "element_subtype": "standard-indented",
    "content": "1. It is certainly true that what is embraced in the phrase, &ldquo;all these things,&rdquo; was not fulfilled in that generation.",
    "puborder": 161,
    "translations": []
  },
  {
    "para_id": "1531.252",
    "id_prev": "1531.251",
    "id_next": "1531.253",
    "refcode_1": "SCOC",
    "refcode_2": "49",
    "refcode_3": "3",
    "refcode_4": "",
    "refcode_short": "SCOC 49.3",
    "refcode_long": "The Second Coming of Christ, p. 49.3 (James Springer White)",
    "element_type": "p",
    "element_subtype": "standard-indented",
    "content": "2. It could not be the generation living in the days of his flesh, for he said to them (<span class=\"egwlink egwlink_bible\" title=\"Luke 11:29\" data-link=\"1965.51897\">Luke 11:29</span>), &ldquo;There shall no sign be given it but the sign of Jonas, the prophet.&rdquo;",
    "puborder": 162,
    "translations": []
  },
  {
    "para_id": "1531.253",
    "id_prev": "1531.252",
    "id_next": "1531.254",
    "refcode_1": "SCOC",
    "refcode_2": "49",
    "refcode_3": "4",
    "refcode_4": "",
    "refcode_short": "SCOC 49.4",
    "refcode_long": "The Second Coming of Christ, p. 49.4 (James Springer White)",
    "element_type": "p",
    "element_subtype": "standard-indented",
    "content": "It is evident that our Lord refers to the generation who were to see the signs fulfilled, and who were to be instructed by the parable of the fig-tree. In this prophetic discourse, he leads the minds of his disciples down over the events of the Christian age, mentions the signs in the sun, moon, and stars, which were to appear in the last generation, and the declares that this generation shall not pass away till all these things be fulfilled.",
    "puborder": 163,
    "translations": []
  },
  {
    "para_id": "1531.254",
    "id_prev": "1531.253",
    "id_next": "1531.257",
    "refcode_1": "SCOC",
    "refcode_2": "49",
    "refcode_3": "5",
    "refcode_4": "",
    "refcode_short": "SCOC 49.5",
    "refcode_long": "The Second Coming of Christ, p. 49.5 (James Springer White)",
    "element_type": "p",
    "element_subtype": "standard-indented",
    "content": "In like manner, Paul carries his brethren forward to the resurrection, when he says, &ldquo;We shall not all sleep, but we shall all be changed, <span class=\"page-break\" data-page=\"50\"></span> in a moment, in the twinkling of an eye, at the last trump.&rdquo; <span class=\"egwlink egwlink_bible\" title=\"1 Corinthians 15:51\" data-link=\"1965.58664\">1 Corinthians 15:51, 52</span>. Or, &ldquo;Then we which are alive and remain shall be caught up together with them in the clouds, to meet the Lord in the air.&rdquo; <span class=\"egwlink egwlink_bible\" title=\"1 Thessalonians 4:17\" data-link=\"1965.60410\">1 Thessalonians 4:17</span>. The things here mentioned by the apostle did not take place in his day. They have not yet taken place. Notwithstanding, he speaks of them as though they would take place in his day, and he have a part in them.",
    "puborder": 164,
    "translations": []
  },
  {
    "para_id": "1531.257",
    "id_prev": "1531.254",
    "id_next": "1531.258",
    "refcode_1": "SCOC",
    "refcode_2": "50",
    "refcode_3": "1",
    "refcode_4": "",
    "refcode_short": "SCOC 50.1",
    "refcode_long": "The Second Coming of Christ, p. 50.1 (James Springer White)",
    "element_type": "p",
    "element_subtype": "standard-indented",
    "content": "Also, in like manner is the mind carried backward in <span class=\"egwlink egwlink_bible\" title=\"Psalm 95:10\" data-link=\"1965.31523\">Psalm 95:10</span>: &ldquo;Forty years long was I grieved with <em>this</em> generation.&rdquo; The generation here spoken of provoked the Lord in the wilderness, long before David lived. He goes back and speaks of it as though it were present. In this manner our Lord goes forward, and speaks of the last generation as though it were present.",
    "puborder": 165,
    "translations": []
  },
  {
    "para_id": "1531.258",
    "id_prev": "1531.257",
    "id_next": "1531.259",
    "refcode_1": "SCOC",
    "refcode_2": "50",
    "refcode_3": "2",
    "refcode_4": "",
    "refcode_short": "SCOC 50.2",
    "refcode_long": "The Second Coming of Christ, p. 50.2 (James Springer White)",
    "element_type": "p",
    "element_subtype": "standard-indented",
    "content": "We do not believe that the phrase, &ldquo;this generation,&rdquo; marks any definite number of years. Some suppose that our Lord designed to teach that some who were witnesses of the dark days in 1780 would live to witness the second coming of the Saviour. But it is our opinion that the Lord designed to teach that the people who should live at the time of the fulfillment of the last sign (the falling stars of 1833), and should hear the proclamation of the coming of Christ, based partly upon the fulfilled signs, should witness the scenes connected with his coming.",
    "puborder": 166,
    "translations": []
  },
  {
    "para_id": "1531.259",
    "id_prev": "1531.258",
    "id_next": "1531.262",
    "refcode_1": "SCOC",
    "refcode_2": "50",
    "refcode_3": "3",
    "refcode_4": "",
    "refcode_short": "SCOC 50.3",
    "refcode_long": "The Second Coming of Christ, p. 50.3 (James Springer White)",
    "element_type": "p",
    "element_subtype": "standard-indented",
    "content": "The proclamation of the coming and kingdom of Christ is given to the last generation. God did not send Noah to preach to the next to the last generation before the flood, but to the last. The very generation which was destroyed by the waters of the flood saw Noah build the ark, and <span class=\"page-break\" data-page=\"51\"></span> heard his warning voice. So God has raised up men to give the solemn warning to the world at the right time to give force to the warning. And the very generation of men that live after the three great signs are fulfilled, and who hear and reject the warning message from Heaven, will drink the cup of the unmingled wrath of God. For such, the seven last plagues are reserved. And those of this very generation who receive the message, suffer disappointments, and endure the trials of the waiting position, will witness the coming of Christ, and exclaim, &ldquo;Lo, this is our God; we have <em>waited</em> for him, and he will save us.&rdquo; <span class=\"egwlink egwlink_bible\" title=\"Isaiah 25:9\" data-link=\"1965.36984\">Isaiah 25:9</span>.",
    "puborder": 167,
    "translations": []
  },
  {
    "para_id": "1531.262",
    "id_prev": "1531.259",
    "id_next": "1531.263",
    "refcode_1": "SCOC",
    "refcode_2": "51",
    "refcode_3": "1",
    "refcode_4": "",
    "refcode_short": "SCOC 51.1",
    "refcode_long": "The Second Coming of Christ, p. 51.1 (James Springer White)",
    "element_type": "p",
    "element_subtype": "standard-indented",
    "content": "With what emphasis our Lord gave utterance to this sentiment. It is a rebuke upon our unbelief. As we read it, God help us to believe it: &ldquo;Verily I say unto you, this generation shall not pass till all these things be fulfilled.&rsquo; And as though this were not enough to lead us to unwavering faith, he adds these forcible words: &ldquo;Heaven and earth shall pass away, but my words shall not pass away.&rdquo;",
    "puborder": 168,
    "translations": []
  }
]