[
  {
    "para_id": "63.1285",
    "id_prev": "63.2048",
    "id_next": "63.1286",
    "refcode_1": "17MR",
    "refcode_2": "243",
    "refcode_3": "",
    "refcode_4": "16",
    "refcode_short": "17MR 243",
    "refcode_long": "Manuscript Releases, vol. 17 [Nos. 1236-1300], p. 243 (Ellen Gould White)",
    "element_type": "h4",
    "element_subtype": "",
    "content": "Explanatory Note",
    "puborder": 988,
    "translations": []
  },
  {
    "para_id": "63.1286",
    "id_prev": "63.1285",
    "id_next": "63.1288",
    "refcode_1": "17MR",
    "refcode_2": "243",
    "refcode_3": "1",
    "refcode_4": "",
    "refcode_short": "17MR 243.1",
    "refcode_long": "Manuscript Releases, vol. 17 [Nos. 1236-1300], p. 243.1 (Ellen Gould White)",
    "element_type": "p",
    "element_subtype": "standard-indented",
    "content": "[<span class=\"non-egw-comment\">The opinions in this document were  expressed by Ellen White at a time when only a small group represented  the General Conference. After the General Conference was reorganized in  1901 to provide broad representation, Mrs. White took a different view.  At the 1909 General Conference she encouraged strong support for the  General Conference. At that session she said: &ldquo;At times, when a small  group of men entrusted with the general management of the work have, in  the name of the General Conference, sought to carry out unwise plans and  to restrict God&apos;s work, I have said that I could no longer regard the  voice of the General Conference, represented by these few men, as the  voice of God. But this is not saying that the decisions of a General  Conference composed of an assembly of duly appointed, representative men  from all parts of the field should not be respected. God has ordained  that the representatives of his church from all parts of the earth, when  assembled in a General Conference, shall have authority.... Let us give  to the highest organized authority in the church that which we are  prone to give to one man or to a small group of men.&rdquo;&mdash;<span class=\"egwlink egwlink_book\" title=\"9T 260.1\" data-link=\"115.1473\">Testimonies for the Church 9:260, 261</span>.  See further The Early Elmshaven Years, by A. L. White, pp. 75-94, 108-110.</span>]",
    "puborder": 989,
    "translations": []
  }
]