[
  {
    "para_id": "75.1511",
    "id_prev": "75.2708",
    "id_next": "75.1512",
    "refcode_1": "MM",
    "refcode_2": "199",
    "refcode_3": "",
    "refcode_4": "11",
    "refcode_short": "MM 199",
    "refcode_long": "Medical Ministry, p. 199 (Ellen Gould White)",
    "element_type": "h3",
    "element_subtype": "",
    "content": "Section 11&mdash;The Sanitarium Family",
    "puborder": 1271,
    "translations": [
      {
        "para_id": "1760.1787",
        "lang": "es",
        "refcode": "MM 261"
      },
      {
        "para_id": "12316.1575",
        "lang": "pl",
        "refcode": "MPM 191"
      },
      {
        "para_id": "1950.1859",
        "lang": "pt",
        "refcode": "MS 199"
      },
      {
        "para_id": "2009.1487",
        "lang": "ro",
        "refcode": "LMM 199"
      },
      {
        "para_id": "11959.1596",
        "lang": "ru",
        "refcode": "МС 199"
      }
    ]
  },
  {
    "para_id": "75.1512",
    "id_prev": "75.1511",
    "id_next": "75.1513",
    "refcode_1": "MM",
    "refcode_2": "199",
    "refcode_3": "",
    "refcode_4": "1",
    "refcode_short": "MM 199",
    "refcode_long": "Medical Ministry, p. 199 (Ellen Gould White)",
    "element_type": "h4",
    "element_subtype": "",
    "content": "Christians to Be Light Bearers",
    "puborder": 1272,
    "translations": [
      {
        "para_id": "1760.1788",
        "lang": "es",
        "refcode": "MM 261"
      },
      {
        "para_id": "12316.1576",
        "lang": "pl",
        "refcode": "MPM 191"
      },
      {
        "para_id": "1950.1860",
        "lang": "pt",
        "refcode": "MS 199"
      },
      {
        "para_id": "2009.1488",
        "lang": "ro",
        "refcode": "LMM 199"
      },
      {
        "para_id": "11959.1597",
        "lang": "ru",
        "refcode": "МС 199"
      }
    ]
  },
  {
    "para_id": "75.1513",
    "id_prev": "75.1512",
    "id_next": "75.1514",
    "refcode_1": "MM",
    "refcode_2": "199",
    "refcode_3": "1",
    "refcode_4": "",
    "refcode_short": "MM 199.1",
    "refcode_long": "Medical Ministry, p. 199.1 (Ellen Gould White)",
    "element_type": "p",
    "element_subtype": "standard-indented",
    "content": "Christians are to be light bearers, saying to all with whom they are brought in contact, Follow me as I follow Christ. They are to be examples of piety, representing Christ in word, in spirit, in action, in all business dealing with their brethren and with strangers. They are to show that their actions are a copy of the actions of their great Pattern. All this Christ enjoins upon His followers. They are to show the superiority of Heaven&apos;s principles over the principles of the world.&mdash;<span class=\"egwlink egwlink_book\" title=\"Lt 148, 1899\" data-link=\"14064.6452001\">Letter 148, 1899</span>.",
    "puborder": 1273,
    "translations": [
      {
        "para_id": "1760.1789",
        "lang": "es",
        "refcode": "MM 261.1"
      },
      {
        "para_id": "12316.1577",
        "lang": "pl",
        "refcode": "MPM 191.1"
      },
      {
        "para_id": "1950.1861",
        "lang": "pt",
        "refcode": "MS 199.1"
      },
      {
        "para_id": "2009.1489",
        "lang": "ro",
        "refcode": "LMM 199.1"
      },
      {
        "para_id": "11959.1598",
        "lang": "ru",
        "refcode": "МС 199.1"
      }
    ]
  }
]