[
  {
    "para_id": "75.147",
    "id_prev": "75.146",
    "id_next": "75.148",
    "refcode_1": "MM",
    "refcode_2": "12",
    "refcode_3": "",
    "refcode_4": "15",
    "refcode_short": "MM 12",
    "refcode_long": "Medical Ministry, p. 12 (Ellen Gould White)",
    "element_type": "h4",
    "element_subtype": "",
    "content": "The Holy Spirit Renews the Body",
    "puborder": 110,
    "translations": [
      {
        "para_id": "1760.195",
        "lang": "es",
        "refcode": "MM 14"
      },
      {
        "para_id": "12316.156",
        "lang": "pl",
        "refcode": "MPM 26"
      },
      {
        "para_id": "1950.190",
        "lang": "pt",
        "refcode": "MS 12"
      },
      {
        "para_id": "2009.139",
        "lang": "ro",
        "refcode": "LMM 12"
      },
      {
        "para_id": "11959.138",
        "lang": "ru",
        "refcode": "МС 12"
      }
    ]
  },
  {
    "para_id": "75.148",
    "id_prev": "75.147",
    "id_next": "75.149",
    "refcode_1": "MM",
    "refcode_2": "12",
    "refcode_3": "2",
    "refcode_4": "",
    "refcode_short": "MM 12.2",
    "refcode_long": "Medical Ministry, p. 12.2 (Ellen Gould White)",
    "element_type": "p",
    "element_subtype": "standard-indented",
    "content": "Sin brings physical and spiritual disease and weakness. Christ has made it possible for us to free ourselves from this curse. The Lord promises, by the medium of truth, to renovate the soul. The Holy Spirit will make all who are willing to be educated able to communicate the truth with power. It will renew every organ of the body, that God&apos;s servants may work acceptably and successfully. Vitality increases under the influence of the Spirit&apos;s action. Let us, then, by this power lift ourselves into a higher, holier atmosphere, that we may do well our appointed work.&mdash;<span class=\"egwlink egwlink_book\" title=\"RH 1-14-1902\" data-link=\"821.21179\"> The Review and Herald, January 14, 1902</span>.",
    "puborder": 111,
    "translations": [
      {
        "para_id": "1760.196",
        "lang": "es",
        "refcode": "MM 14.2"
      },
      {
        "para_id": "12316.157",
        "lang": "pl",
        "refcode": "MPM 26.2"
      },
      {
        "para_id": "1950.191",
        "lang": "pt",
        "refcode": "MS 12.2"
      },
      {
        "para_id": "2009.140",
        "lang": "ro",
        "refcode": "LMM 12.2"
      },
      {
        "para_id": "11959.139",
        "lang": "ru",
        "refcode": "МС 12.2"
      }
    ]
  }
]