[
  {
    "para_id": "75.2562",
    "id_prev": "75.2601",
    "id_next": "75.2579",
    "refcode_1": "MM",
    "refcode_2": "313",
    "refcode_3": "",
    "refcode_4": "20",
    "refcode_short": "MM 313",
    "refcode_long": "Medical Ministry, p. 313 (Ellen Gould White)",
    "element_type": "h4",
    "element_subtype": "",
    "content": "For Further Study",
    "puborder": 2039,
    "translations": [
      {
        "para_id": "12316.2495",
        "lang": "pl",
        "refcode": "MPM 295"
      },
      {
        "para_id": "1950.2925",
        "lang": "pt",
        "refcode": "MS 313"
      },
      {
        "para_id": "11959.2547",
        "lang": "ru",
        "refcode": "МС 313"
      }
    ]
  },
  {
    "para_id": "75.2579",
    "id_prev": "75.2562",
    "id_next": "75.2769",
    "refcode_1": "MM",
    "refcode_2": "313",
    "refcode_3": "",
    "refcode_4": "",
    "refcode_short": "",
    "refcode_long": "",
    "element_type": "p",
    "element_subtype": "standard-noindent",
    "content": "<strong>Medical Missionary Work in Cities</strong>:<br /><span class=\"egwlink egwlink_book\" title=\"CH 549.1\" data-link=\"20.2891\">Counsels on Health, 549-553</span>; (<span class=\"egwlink egwlink_book\" title=\"7T 110.1\" data-link=\"117.1697\">Testimonies for the Church 7:110-114</span>).",
    "puborder": 2040,
    "translations": [
      {
        "para_id": "12316.2496",
        "lang": "pl",
        "refcode": "Medical Ministry"
      },
      {
        "para_id": "1950.2926",
        "lang": "pt",
        "refcode": "MS 313.4"
      },
      {
        "para_id": "1950.2931",
        "lang": "pt",
        "refcode": "MS 313.9"
      },
      {
        "para_id": "1950.2933",
        "lang": "pt",
        "refcode": "MS 313.11"
      },
      {
        "para_id": "1950.2927",
        "lang": "pt",
        "refcode": "MS 313.5"
      },
      {
        "para_id": "1950.2932",
        "lang": "pt",
        "refcode": "MS 313.10"
      },
      {
        "para_id": "1950.2929",
        "lang": "pt",
        "refcode": "MS 313.7"
      },
      {
        "para_id": "1950.2928",
        "lang": "pt",
        "refcode": "MS 313.6"
      },
      {
        "para_id": "11959.2548",
        "lang": "ru",
        "refcode": "Medical Ministry"
      }
    ]
  },
  {
    "para_id": "75.2769",
    "id_prev": "75.2579",
    "id_next": "75.2770",
    "refcode_1": "MM",
    "refcode_2": "313",
    "refcode_3": "",
    "refcode_4": "",
    "refcode_short": "",
    "refcode_long": "",
    "element_type": "p",
    "element_subtype": "standard-noindent",
    "content": "<strong>The Work in the Cities</strong>:<br /><span class=\"egwlink egwlink_book\" title=\"7T 34.1\" data-link=\"117.179\">Testimonies for the Church 7:34-36</span>.",
    "puborder": 2041,
    "translations": [
      {
        "para_id": "12316.2497",
        "lang": "pl",
        "refcode": "Medical Ministry"
      },
      {
        "para_id": "11959.2549",
        "lang": "ru",
        "refcode": "Medical Ministry"
      }
    ]
  },
  {
    "para_id": "75.2770",
    "id_prev": "75.2769",
    "id_next": "75.2771",
    "refcode_1": "MM",
    "refcode_2": "313",
    "refcode_3": "",
    "refcode_4": "",
    "refcode_short": "",
    "refcode_long": "",
    "element_type": "p",
    "element_subtype": "standard-noindent",
    "content": "<strong>The Work in Greater New York</strong>:<br /><span class=\"egwlink egwlink_book\" title=\"7T 37.1\" data-link=\"117.193\">Testimonies for the Church 7:37-39</span>;<br /><span class=\"egwlink egwlink_book\" title=\"9T 137.1\" data-link=\"115.757\">Testimonies for the Church 9:137-151</span>.",
    "puborder": 2042,
    "translations": [
      {
        "para_id": "12316.2498",
        "lang": "pl",
        "refcode": "Medical Ministry"
      },
      {
        "para_id": "11959.2550",
        "lang": "ru",
        "refcode": "Medical Ministry"
      }
    ]
  },
  {
    "para_id": "75.2771",
    "id_prev": "75.2770",
    "id_next": "75.2772",
    "refcode_1": "MM",
    "refcode_2": "313",
    "refcode_3": "",
    "refcode_4": "",
    "refcode_short": "",
    "refcode_long": "",
    "element_type": "p",
    "element_subtype": "standard-noindent",
    "content": "<strong>Special Work in Centers of Travel</strong>:<br /><span class=\"egwlink egwlink_book\" title=\"CH 500.1\" data-link=\"20.2621\">Counsels on Health, 500, 501</span>.",
    "puborder": 2043,
    "translations": [
      {
        "para_id": "12316.2499",
        "lang": "pl",
        "refcode": "Medical Ministry"
      },
      {
        "para_id": "11959.2551",
        "lang": "ru",
        "refcode": "Medical Ministry"
      }
    ]
  },
  {
    "para_id": "75.2772",
    "id_prev": "75.2771",
    "id_next": "75.2773",
    "refcode_1": "MM",
    "refcode_2": "313",
    "refcode_3": "",
    "refcode_4": "",
    "refcode_short": "",
    "refcode_long": "",
    "element_type": "p",
    "element_subtype": "standard-noindent",
    "content": "<strong>Sanitariums as City Outposts</strong>:<br /><span class=\"egwlink egwlink_book\" title=\"CH 554.1\" data-link=\"20.2922\">Counsels on Health, 554-556</span>.",
    "puborder": 2044,
    "translations": [
      {
        "para_id": "12316.2500",
        "lang": "pl",
        "refcode": "Medical Ministry"
      },
      {
        "para_id": "11959.2552",
        "lang": "ru",
        "refcode": "Medical Ministry"
      }
    ]
  },
  {
    "para_id": "75.2773",
    "id_prev": "75.2772",
    "id_next": "75.2774",
    "refcode_1": "MM",
    "refcode_2": "313",
    "refcode_3": "",
    "refcode_4": "",
    "refcode_short": "",
    "refcode_long": "",
    "element_type": "p",
    "element_subtype": "standard-noindent",
    "content": "<strong>City Churches to Conduct Treatment Rooms</strong>:<br /><span class=\"egwlink egwlink_book\" title=\"CH 468.1\" data-link=\"20.2448\">Counsels on Health, 468</span> (<span class=\"egwlink egwlink_book\" title=\"6T 113.1\" data-link=\"118.636\">Testimonies for the Church 6:113</span>).",
    "puborder": 2045,
    "translations": [
      {
        "para_id": "12316.2501",
        "lang": "pl",
        "refcode": "Medical Ministry"
      },
      {
        "para_id": "11959.2553",
        "lang": "ru",
        "refcode": "Medical Ministry"
      }
    ]
  },
  {
    "para_id": "75.2774",
    "id_prev": "75.2773",
    "id_next": "75.2775",
    "refcode_1": "MM",
    "refcode_2": "313",
    "refcode_3": "",
    "refcode_4": "",
    "refcode_short": "",
    "refcode_long": "",
    "element_type": "p",
    "element_subtype": "standard-noindent",
    "content": "<strong>City Missions</strong>:<br /><span class=\"egwlink egwlink_book\" title=\"CH 443.1\" data-link=\"20.2316\">Counsels on Health, 443, 444</span> (<span class=\"egwlink egwlink_book\" title=\"9T 112.1\" data-link=\"115.613\">Testimonies for the Church 9:112, 113</span>).",
    "puborder": 2046,
    "translations": [
      {
        "para_id": "12316.2502",
        "lang": "pl",
        "refcode": "Medical Ministry"
      },
      {
        "para_id": "11959.2554",
        "lang": "ru",
        "refcode": "Medical Ministry"
      }
    ]
  },
  {
    "para_id": "75.2775",
    "id_prev": "75.2774",
    "id_next": "75.2776",
    "refcode_1": "MM",
    "refcode_2": "313",
    "refcode_3": "",
    "refcode_4": "",
    "refcode_short": "",
    "refcode_long": "",
    "element_type": "p",
    "element_subtype": "standard-noindent",
    "content": "<strong>Rescue Work Often Superficial and Unsatisfactory</strong>:<br /><span class=\"egwlink egwlink_book\" title=\"8T 184.1\" data-link=\"112.1050\">Testimonies for the Church 8:184, 185</span>.",
    "puborder": 2047,
    "translations": [
      {
        "para_id": "12316.2503",
        "lang": "pl",
        "refcode": "Medical Ministry"
      },
      {
        "para_id": "11959.2555",
        "lang": "ru",
        "refcode": "Medical Ministry"
      }
    ]
  },
  {
    "para_id": "75.2776",
    "id_prev": "75.2775",
    "id_next": "75.2384",
    "refcode_1": "MM",
    "refcode_2": "313",
    "refcode_3": "",
    "refcode_4": "",
    "refcode_short": "",
    "refcode_long": "",
    "element_type": "p",
    "element_subtype": "standard-noindent",
    "content": "<strong>The Health-Food and Restaurant Work</strong>:<br /><span class=\"egwlink egwlink_book\" title=\"CH 471.1\" data-link=\"20.2463\">Counsels on Health, 471-496</span> (<span class=\"egwlink egwlink_book\" title=\"7T 54.1\" data-link=\"117.289\">Testimonies for the Church 7:54-57</span>, <span class=\"egwlink egwlink_book\" title=\"7T 60.1\" data-link=\"117.324\">60</span>, <span class=\"egwlink egwlink_book\" title=\"7T 115.1\" data-link=\"117.620\">115-120, 121-126</span>, <span class=\"egwlink egwlink_book\" title=\"7T 128.1\" data-link=\"117.692\">128, 129</span>, <span class=\"egwlink egwlink_book\" title=\"7T 132.1\" data-link=\"117.715\">132-137</span>).",
    "puborder": 2048,
    "translations": [
      {
        "para_id": "12316.2504",
        "lang": "pl",
        "refcode": "Medical Ministry"
      },
      {
        "para_id": "11959.2556",
        "lang": "ru",
        "refcode": "Medical Ministry"
      }
    ]
  }
]