[
  {
    "para_id": "1540.240",
    "id_prev": "1540.239",
    "id_next": "1540.242",
    "refcode_1": "SITI",
    "refcode_2": "48",
    "refcode_3": "",
    "refcode_4": "1887",
    "refcode_short": "SITI January 27,  1887, page 48",
    "refcode_long": "The Signs of the Times, vol. 13 January 27,  1887, page 48",
    "element_type": "h3",
    "element_subtype": "",
    "content": "January 27, 1887",
    "puborder": 220,
    "translations": []
  },
  {
    "para_id": "1540.242",
    "id_prev": "1540.240",
    "id_next": "1540.243",
    "refcode_1": "SITI",
    "refcode_2": "54",
    "refcode_3": "",
    "refcode_4": "1887",
    "refcode_short": "SITI January 27,  1887, page 54",
    "refcode_long": "The Signs of the Times, vol. 13 January 27,  1887, page 54",
    "element_type": "h5",
    "element_subtype": "",
    "content": "&ldquo;Things We Should Know.&mdash;No. 1&rdquo; The Signs of the Times, 13, 4.",
    "puborder": 221,
    "translations": []
  },
  {
    "para_id": "1540.243",
    "id_prev": "1540.242",
    "id_next": "1540.244",
    "refcode_1": "SITI",
    "refcode_2": "54",
    "refcode_3": "",
    "refcode_4": "1887",
    "refcode_short": "",
    "refcode_long": "",
    "element_type": "p",
    "element_subtype": "center",
    "content": "E. J. Waggoner",
    "puborder": 222,
    "translations": []
  },
  {
    "para_id": "1540.244",
    "id_prev": "1540.243",
    "id_next": "1540.245",
    "refcode_1": "SITI",
    "refcode_2": "54",
    "refcode_3": "1",
    "refcode_4": "1887",
    "refcode_short": "SITI January 27,  1887, page 54.1",
    "refcode_long": "The Signs of the Times, vol. 13 January 27,  1887, page 54 paragraph 1",
    "element_type": "p",
    "element_subtype": "standard-indented",
    "content": "As finite beings, our knowledge is necessarily limited. There are many things that it is impossible for us to know. In fact, that which we know is a very small amount in comparison with that which we do not know; and much of that which we think we know is only conjecture. People sometimes think they know a great deal about nature, but such ones only think so because of their ignorance of the vastness of God&rsquo;s works. Sir Isaac Newton, after a lifetime of contemplation of the works of nature, and investigation of physical phenomena, said that he was like a child playing with pebbles on the shore of the ocean, while the vast expanse was still before him unexplored. And when we come to things supernatural, our knowledge is still more limited. We can know nothing of them, except they are revealed in God&rsquo;s word. It is idle for us to conjecture concerning the size of the throne of God, the height of the tree of life, the width of the streets of the New Jerusalem, or of the river of water of life. These things have not been revealed to us, and hence it is not necessary that we should know them.",
    "puborder": 223,
    "translations": []
  },
  {
    "para_id": "1540.245",
    "id_prev": "1540.244",
    "id_next": "1540.246",
    "refcode_1": "SITI",
    "refcode_2": "54",
    "refcode_3": "2",
    "refcode_4": "1887",
    "refcode_short": "SITI January 27,  1887, page 54.2",
    "refcode_long": "The Signs of the Times, vol. 13 January 27,  1887, page 54 paragraph 2",
    "element_type": "p",
    "element_subtype": "standard-indented",
    "content": "But there are some things which are very plainly made known, and these things it is our duty to know. If we remain ignorant of them, it is a sin. In a few articles we shall consider some of the things that we may and should <em>know</em> without any mixture of doubt.",
    "puborder": 224,
    "translations": []
  },
  {
    "para_id": "1540.246",
    "id_prev": "1540.245",
    "id_next": "1540.247",
    "refcode_1": "SITI",
    "refcode_2": "54",
    "refcode_3": "3",
    "refcode_4": "1887",
    "refcode_short": "SITI January 27,  1887, page 54.3",
    "refcode_long": "The Signs of the Times, vol. 13 January 27,  1887, page 54 paragraph 3",
    "element_type": "p",
    "element_subtype": "standard-indented",
    "content": "In <span class=\"egwlink egwlink_bible\" title=\"Deuteronomy 4:30\" data-link=\"1965.10233\">Deuteronomy 4:30</span> Moses says: &ldquo;Know therefore this day, and consider it in thine heart, that the Lord he is God in Heaven above, and upon the earth beneath; thee is none else.&rdquo;",
    "puborder": 225,
    "translations": []
  },
  {
    "para_id": "1540.247",
    "id_prev": "1540.246",
    "id_next": "1540.248",
    "refcode_1": "SITI",
    "refcode_2": "54",
    "refcode_3": "4",
    "refcode_4": "1887",
    "refcode_short": "SITI January 27,  1887, page 54.4",
    "refcode_long": "The Signs of the Times, vol. 13 January 27,  1887, page 54 paragraph 4",
    "element_type": "p",
    "element_subtype": "standard-indented",
    "content": "This may be called the first element of knowledge, because whoever says &ldquo;There is no God,&rdquo; is a fool. <span class=\"egwlink egwlink_bible\" title=\"Psalm 14:1\" data-link=\"1965.28676\">Psalm 14:1</span>. A man may be ignorant of a great many things and yet not be a fool; but one who is ignorant of things existing around him, who is unconscious of the existence of the sun, the air, the blue sky, the towering mountains, or any of the works of creation, and who looks upon all with indifferent eye,-such an one we say is a fool. But that is virtually the condition one must be in if he denies the existence of God, for God is known by his works. Says the psalmist, &ldquo;For all the gods of the nations are idols; but the Lord made the heavens.&rdquo; <span class=\"egwlink egwlink_bible\" title=\"Psalm 96:5\" data-link=\"1965.31536\">Psalm 96:5</span>. Again, &ldquo;The heavens declare the glory of God; and the firmament showeth his handiwork.&rdquo; <span class=\"egwlink egwlink_bible\" title=\"Psalm 19:1\" data-link=\"1965.28857\">Psalm 19:1</span>.",
    "puborder": 226,
    "translations": []
  },
  {
    "para_id": "1540.248",
    "id_prev": "1540.247",
    "id_next": "1540.249",
    "refcode_1": "SITI",
    "refcode_2": "54",
    "refcode_3": "5",
    "refcode_4": "1887",
    "refcode_short": "SITI January 27,  1887, page 54.5",
    "refcode_long": "The Signs of the Times, vol. 13 January 27,  1887, page 54 paragraph 5",
    "element_type": "p",
    "element_subtype": "standard-indented",
    "content": "A knowledge of God is inseparably connected with a knowledge of his creative power. The psalmist says again: &ldquo;Know ye that the Lord he is God; it is he that hath made us, and not we ourselves; we are his people, and the sheep of his pasture.&rdquo; <span class=\"egwlink egwlink_bible\" title=\"Psalm 100:3\" data-link=\"1965.31622\">Psalm 100:3</span>. This is shown still farther by the fact that the heathen lost their knowledge of God through failure to recognize his creative power. Thus Paul says that the heathen who know nothing of God are without excuse, because ever since the creation of the world the eternal power and godhead of God may be seen from the things that are made. And then he says that darkness came upon them &ldquo;because that, when they knew God, they glorified him not as God, neither were thankful.&rdquo; What would it be to glorify him as God? Evidently to properly recognize him as creator, for it is that which distinguishes him as the one true God. Thus the psalmist, after declaring the power of God above all gods, says: &ldquo;Give unto the Lord the glory due unto his name.&rdquo; <span class=\"egwlink egwlink_bible\" title=\"Psalm 90:8\" data-link=\"1965.31362\">Psalm 90:8</span>.",
    "puborder": 227,
    "translations": []
  },
  {
    "para_id": "1540.249",
    "id_prev": "1540.248",
    "id_next": "1540.250",
    "refcode_1": "SITI",
    "refcode_2": "54",
    "refcode_3": "6",
    "refcode_4": "1887",
    "refcode_short": "SITI January 27,  1887, page 54.6",
    "refcode_long": "The Signs of the Times, vol. 13 January 27,  1887, page 54 paragraph 6",
    "element_type": "p",
    "element_subtype": "standard-indented",
    "content": "But if we acknowledge God as creator, and consider it in our heart, to what will that lead? It will lead to the perfect doing of his will. Obedience is due only to superiors by inferiors. It is a principle of law that one who is dependent on another is in duty bound to obey the will of that other just to the extent that he is dependent on him. Man is dependent upon God for <em>everything</em>-&ldquo;in him we live, and move, and have our being,&rdquo;-and therefore he is in duty bound to yield obedience to the will of God in every particular. And if a man recognize this supremacy of God, and his own dependence, he will do the will of God. That obedience to God is a necessary consequence of a recognition of his supremacy, or, rather, is the only way in which his supremacy can be recognized, is shown by the following verses, one of which has already been quoted:-",
    "puborder": 228,
    "translations": []
  },
  {
    "para_id": "1540.250",
    "id_prev": "1540.249",
    "id_next": "1540.251",
    "refcode_1": "SITI",
    "refcode_2": "54",
    "refcode_3": "7",
    "refcode_4": "1887",
    "refcode_short": "SITI January 27,  1887, page 54.7",
    "refcode_long": "The Signs of the Times, vol. 13 January 27,  1887, page 54 paragraph 7",
    "element_type": "p",
    "element_subtype": "standard-indented",
    "content": "&ldquo;Know therefore this day, and consider it in thine heart, that the Lord he is God in heaven above, and upon the earth beneath; there is none else. Thou shalt keep therefore his statutes, and his commandments.&rdquo; <span class=\"egwlink egwlink_bible\" title=\"Deuteronomy 4:39\" data-link=\"1965.10251\">Deuteronomy 4:39, 40</span>.",
    "puborder": 229,
    "translations": []
  },
  {
    "para_id": "1540.251",
    "id_prev": "1540.250",
    "id_next": "1540.252",
    "refcode_1": "SITI",
    "refcode_2": "54",
    "refcode_3": "8",
    "refcode_4": "1887",
    "refcode_short": "SITI January 27,  1887, page 54.8",
    "refcode_long": "The Signs of the Times, vol. 13 January 27,  1887, page 54 paragraph 8",
    "element_type": "p",
    "element_subtype": "standard-indented",
    "content": "The same thing is still further seen by the fact that ignorance of divine truth springs directly from disobedience. Paul says that strong delusion shall come upon men, so that they shall believe a lie, for the reason that they receive not the love of the truth. <span class=\"egwlink egwlink_bible\" title=\"2 Thessalonians 2:10\" data-link=\"1965.60516\">2 Thessalonians 2:10-12</span>. And again he warns the people to watch lest they be hardened through the deceitfulness of sin. <span class=\"egwlink egwlink_bible\" title=\"Hebrews 3:13\" data-link=\"1965.61213\">Hebrews 3:13</span>.",
    "puborder": 230,
    "translations": []
  },
  {
    "para_id": "1540.252",
    "id_prev": "1540.251",
    "id_next": "1540.253",
    "refcode_1": "SITI",
    "refcode_2": "54",
    "refcode_3": "9",
    "refcode_4": "1887",
    "refcode_short": "SITI January 27,  1887, page 54.9",
    "refcode_long": "The Signs of the Times, vol. 13 January 27,  1887, page 54 paragraph 9",
    "element_type": "p",
    "element_subtype": "standard-indented",
    "content": "It will not be denied that a knowledge of God is of the utmost importance, and that it is a primary duty; and since we can retain our knowledge of God only by doing his will, how important it is that we keep his commandments. In obeying any precept of God we recognize his authority, and increase our knowledge of him; but there is one duty, the performance of which leads especially to the knowledge of God. In <span class=\"egwlink egwlink_bible\" title=\"Exodus 31:13\" data-link=\"1965.4952\">Exodus 31:13, 17</span>, we read these words of the Lord:-",
    "puborder": 231,
    "translations": []
  },
  {
    "para_id": "1540.253",
    "id_prev": "1540.252",
    "id_next": "1540.254",
    "refcode_1": "SITI",
    "refcode_2": "54",
    "refcode_3": "10",
    "refcode_4": "1887",
    "refcode_short": "SITI January 27,  1887, page 54.10",
    "refcode_long": "The Signs of the Times, vol. 13 January 27,  1887, page 54 paragraph 10",
    "element_type": "p",
    "element_subtype": "standard-indented",
    "content": "&ldquo;Verily my Sabbaths ye shall keep; for it is a sign between me and you throughout your generations; that ye may know that I am the Lord that doth sanctify you.&rdquo; &ldquo;It is a sign between me and the children of Israel forever; for in six days the Lord made heaven and earth, and on the seventh day he rested, and was refreshed.&rdquo;",
    "puborder": 232,
    "translations": []
  },
  {
    "para_id": "1540.254",
    "id_prev": "1540.253",
    "id_next": "1540.255",
    "refcode_1": "SITI",
    "refcode_2": "54",
    "refcode_3": "11",
    "refcode_4": "1887",
    "refcode_short": "SITI January 27,  1887, page 54.11",
    "refcode_long": "The Signs of the Times, vol. 13 January 27,  1887, page 54 paragraph 11",
    "element_type": "p",
    "element_subtype": "standard-indented",
    "content": "Here the reason is given why the keeping of the Sabbath leads to a more perfect knowledge of God. The Sabbath commemorates the completed creation. The Sabbath is given for this very purpose. It can be properly kept only when we consider the wonderful power and goodness of God. In the ninety-second psalm, which is for the Sabbath day, the psalmist speaks of the necessity of praise to God, and says: &ldquo;For thou, Lord, hast made me glad through thy work; I will triumph in the works of thy hands.&rdquo; <span class=\"egwlink egwlink_bible\" title=\"Exodus 31:4\" data-link=\"1965.4934\">Verse 4</span>.",
    "puborder": 233,
    "translations": []
  },
  {
    "para_id": "1540.255",
    "id_prev": "1540.254",
    "id_next": "1540.256",
    "refcode_1": "SITI",
    "refcode_2": "54",
    "refcode_3": "12",
    "refcode_4": "1887",
    "refcode_short": "SITI January 27,  1887, page 54.12",
    "refcode_long": "The Signs of the Times, vol. 13 January 27,  1887, page 54 paragraph 12",
    "element_type": "p",
    "element_subtype": "standard-indented",
    "content": "The same thing that is stated in Exodus is repeated by the Lord through the prophet Ezekiel: &ldquo;Moreover also I gave them my Sabbaths, to be a sign between me and them, that they might know that I am the Lord that sanctify them.&rdquo; &ldquo;And hallow my Sabbaths; and they shall be a sign between me and you, that ye may know that I am the Lord your God.&rdquo; <span class=\"egwlink egwlink_bible\" title=\"Ezekiel 20:12\" data-link=\"1965.42665\">Ezekiel 20:12, 20</span>. In these words the Lord expressly declares that the Sabbath is the only means that he has given whereby men may preserve a knowledge of him. And so when we read the command, &ldquo;Know ye that the Lord he is God,&rdquo; it is equivalent to a command to keep the Sabbath.",
    "puborder": 234,
    "translations": []
  },
  {
    "para_id": "1540.256",
    "id_prev": "1540.255",
    "id_next": "1540.257",
    "refcode_1": "SITI",
    "refcode_2": "54",
    "refcode_3": "13",
    "refcode_4": "1887",
    "refcode_short": "SITI January 27,  1887, page 54.13",
    "refcode_long": "The Signs of the Times, vol. 13 January 27,  1887, page 54 paragraph 13",
    "element_type": "p",
    "element_subtype": "standard-indented",
    "content": "&ldquo;The seventh day is the Sabbath of the Lord thy God.&rdquo; This is the day which commemorates creation. No other day calls attention to the power of God. Changing the day of rest is the first step toward complete loss of knowledge of God. When we read that the heathen became what they are because &ldquo;when they knew God they glorified him not as God,&rdquo; and remember that the glory of God is his creative power, and that keeping the Sabbath is the means by which we recognize that power, we do not see how the conclusion can be avoided, that the first step toward the degradation revealed in <span class=\"egwlink egwlink_bible\" title=\"Romans 1:23\" data-link=\"1965.57001\">Romans 1:23-31</span> was the refusal to keep the Sabbath which God had sanctified.",
    "puborder": 235,
    "translations": []
  },
  {
    "para_id": "1540.257",
    "id_prev": "1540.256",
    "id_next": "1540.258",
    "refcode_1": "SITI",
    "refcode_2": "54",
    "refcode_3": "14",
    "refcode_4": "1887",
    "refcode_short": "SITI January 27,  1887, page 54.14",
    "refcode_long": "The Signs of the Times, vol. 13 January 27,  1887, page 54 paragraph 14",
    "element_type": "p",
    "element_subtype": "standard-indented",
    "content": "The &ldquo;man of sin&rdquo; became such by thinking to change the times and the laws of God. The attempted change of the Sabbath from the seventh to the first day of the week, is the boast of the Catholic Church. To this she points as the badge of her authority. And this fact marks the Papacy as essentially heathen. Thus: By the act of changing the Sabbath it claimed the place and authority of God. Paul says of the Papacy: &ldquo;Who opposeth and exalteth himself above all that is called God, or that is worshiped; so that he as God sitteth in the temple of God, showing himself that he is God.&rdquo; <span class=\"egwlink egwlink_bible\" title=\"2 Thessalonians 2:4\" data-link=\"1965.60504\">2 Thessalonians 2:4</span>. One power can usurp the place of another only by changing, or attempting to change its laws. But if the Papacy puts itself in the place of God, showing itself to be God, it must necessarily ignore the existence of the only true God; and thus it is that by changing the Sabbath the Papacy becomes essentially heathen. It matters not that the Papacy counts for nothing unless the action corresponds. Paul says of certain ones: &ldquo;They profess that they know God; but in works they deny him.&rdquo; <span class=\"egwlink egwlink_bible\" title=\"Titus 1:16\" data-link=\"1965.61005\">Titus 1:16</span>.",
    "puborder": 236,
    "translations": []
  },
  {
    "para_id": "1540.258",
    "id_prev": "1540.257",
    "id_next": "1540.259",
    "refcode_1": "SITI",
    "refcode_2": "54",
    "refcode_3": "15",
    "refcode_4": "1887",
    "refcode_short": "SITI January 27,  1887, page 54.15",
    "refcode_long": "The Signs of the Times, vol. 13 January 27,  1887, page 54 paragraph 15",
    "element_type": "p",
    "element_subtype": "standard-indented",
    "content": "It is the rejection of the truth that is going to land the mass of the people of the last days in the worst kind of infidelity. See <span class=\"egwlink egwlink_bible\" title=\"2 Thessalonians 2:9\" data-link=\"1965.60514\">2 Thessalonians 2:9-12</span>. The Sabbath of Jehovah was, so far as we have any record, the first truth revealed to man (see <span class=\"egwlink egwlink_bible\" title=\"Genesis 2:1\" data-link=\"1965.68\">Genesis 2:1-3</span>), and it is the primary and most essential truth, since it pre-eminently teaches the existence and power of God. It is this truth which the Papacy has sought to overthrow, thus putting itself in the place of God; it is against this truth that Satan, the arch-enemy of God, exerts all his hellish arts, that he may lure men from allegiance to God; and it is the rejection of this truth which will make men an easy prey to Satan&rsquo;s strong delusion, and bring them under the wrath of God.",
    "puborder": 237,
    "translations": []
  },
  {
    "para_id": "1540.259",
    "id_prev": "1540.258",
    "id_next": "1540.260",
    "refcode_1": "SITI",
    "refcode_2": "54",
    "refcode_3": "16",
    "refcode_4": "1887",
    "refcode_short": "SITI January 27,  1887, page 54.16",
    "refcode_long": "The Signs of the Times, vol. 13 January 27,  1887, page 54 paragraph 16",
    "element_type": "p",
    "element_subtype": "standard-indented",
    "content": "Let us then keep the Sabbath of the Lord in spirit and in truth. Let us not substitute a way of our own choosing, thus exalting ourselves to the place of God. If by the faith of Christ we earnestly strive to keep the commandments of God, we shall &ldquo;follow on to know the Lord;&rdquo; and in the earth made new, where all shall know the Lord, from the least to the greatest, we shall be permitted every Sabbath (<span class=\"egwlink egwlink_bible\" title=\"Isaiah 66:23\" data-link=\"1965.38661\">Isaiah 66:23</span>) to see God and to worship before his throne, acknowledging his goodness and power, in that he hath made all things new. W.",
    "puborder": 238,
    "translations": []
  },
  {
    "para_id": "1540.260",
    "id_prev": "1540.259",
    "id_next": "1540.261",
    "refcode_1": "SITI",
    "refcode_2": "54",
    "refcode_3": "",
    "refcode_4": "1887",
    "refcode_short": "SITI January 27,  1887, page 54",
    "refcode_long": "The Signs of the Times, vol. 13 January 27,  1887, page 54",
    "element_type": "h5",
    "element_subtype": "",
    "content": "&ldquo;Laborers in the Vineyard&rdquo; The Signs of the Times, 13, 4.",
    "puborder": 239,
    "translations": []
  },
  {
    "para_id": "1540.261",
    "id_prev": "1540.260",
    "id_next": "1540.262",
    "refcode_1": "SITI",
    "refcode_2": "54",
    "refcode_3": "",
    "refcode_4": "1887",
    "refcode_short": "",
    "refcode_long": "",
    "element_type": "p",
    "element_subtype": "center",
    "content": "E. J. Waggoner",
    "puborder": 240,
    "translations": []
  },
  {
    "para_id": "1540.262",
    "id_prev": "1540.261",
    "id_next": "1540.263",
    "refcode_1": "SITI",
    "refcode_2": "54",
    "refcode_3": "17",
    "refcode_4": "1887",
    "refcode_short": "SITI January 27,  1887, page 54.17",
    "refcode_long": "The Signs of the Times, vol. 13 January 27,  1887, page 54 paragraph 17",
    "element_type": "p",
    "element_subtype": "standard-indented",
    "content": "A friend asks us to give an explanation of the parable of <span class=\"egwlink egwlink_bible\" title=\"Matthew 20:1\" data-link=\"1965.48578\">Matthew 20:1-16</span>. It is the parable of the vineyard, in which the householder went out early in the morning to hire laborers for his vineyard, agreeing with them for a penny a day. Afterward he went out at the third hour, the sixth, the ninth, and the eleventh, each time finding some unemployed persons whom he set to work, agreeing to give them what was right. When the evening came he told his steward to give the laborers their hire, beginning with the last and ending with the first. To the last he gave a penny each. The others who had worked the entire day, seeing this, supposed that they should receive more, but they received just what they had been promised,-a penny each. When they murmured at this, the householder said to one of them: &ldquo;Friend, I do thee no wrong; didst not thou agree with me for a penny? Take that thine is, and go thy way; I will give unto this last, even as unto thee. Is it not lawful for me to do what I will with mine own?&rdquo;",
    "puborder": 241,
    "translations": []
  },
  {
    "para_id": "1540.263",
    "id_prev": "1540.262",
    "id_next": "1540.266",
    "refcode_1": "SITI",
    "refcode_2": "54",
    "refcode_3": "18",
    "refcode_4": "1887",
    "refcode_short": "SITI January 27,  1887, page 54.18",
    "refcode_long": "The Signs of the Times, vol. 13 January 27,  1887, page 54 paragraph 18",
    "element_type": "p",
    "element_subtype": "standard-indented",
    "content": "In explaining this parable all difficulty will be removed if we remember that those who were hired at the sixth, the ninth, and the eleventh hour came as soon as they were called. When the householder found men standing idle at the eleventh hour, and asked them, &ldquo;Why stand ye here all the day idle?&rdquo; they answered, &ldquo;Because no man hath hired us.&rdquo; The parable, therefore, gives no countenance to the idea that men may delay the acceptance of the gospel until the last hour of their lives, and then fare as well as those who have served the Lord all of their lives. It has no reference whatever to men who have had a knowledge of the gospel but who have put off accepting it. It refers to those who have not received the light of truth until late, but <span class=\"page-break\" data-page=\"55\"></span> who accept it as soon as they receive it. As Jesus spoke the parable, it no doubt had its specific application to the Gentiles, who had not enjoyed equal advantages with the Jews.",
    "puborder": 242,
    "translations": []
  },
  {
    "para_id": "1540.266",
    "id_prev": "1540.263",
    "id_next": "1540.268",
    "refcode_1": "SITI",
    "refcode_2": "55",
    "refcode_3": "1",
    "refcode_4": "1887",
    "refcode_short": "SITI January 27,  1887, page 55.1",
    "refcode_long": "The Signs of the Times, vol. 13 January 27,  1887, page 55 paragraph 1",
    "element_type": "p",
    "element_subtype": "standard-indented",
    "content": "Now as to the payment. The householder made a fair bargain with those whom he had hired first, giving them good pay, as wages went then; therefore when they received a penny apiece they received all that was their due, and had no reason to complain. If the master wished to give others the same amount for half an hour&rsquo;s labor, he had a right to do so. Indeed, if he had wished to give money to those who had not labored at all, it would have been doing no injustice to those who had received all that they had been promised. Applying the parable to those who are called to labor for the Lord, we learn that it is not so much the amount of labor that men do as it is the readiness with which they labor, that is taken into account. God promises eternal life to all the faithful, and those who labor faithfully from the time they are called, even though they are not called until the eleventh hour, will receive the same reward as those who have labored a longer time, but with no more faithfulness.",
    "puborder": 243,
    "translations": []
  },
  {
    "para_id": "1540.268",
    "id_prev": "1540.266",
    "id_next": "1540.269",
    "refcode_1": "SITI",
    "refcode_2": "56",
    "refcode_3": "",
    "refcode_4": "1887",
    "refcode_short": "SITI January 27,  1887, page 56",
    "refcode_long": "The Signs of the Times, vol. 13 January 27,  1887, page 56",
    "element_type": "h5",
    "element_subtype": "",
    "content": "&ldquo;The Day of Salvation&rdquo; The Signs of the Times, 13, 4.",
    "puborder": 244,
    "translations": []
  },
  {
    "para_id": "1540.269",
    "id_prev": "1540.268",
    "id_next": "1540.270",
    "refcode_1": "SITI",
    "refcode_2": "56",
    "refcode_3": "",
    "refcode_4": "1887",
    "refcode_short": "",
    "refcode_long": "",
    "element_type": "p",
    "element_subtype": "center",
    "content": "E. J. Waggoner",
    "puborder": 245,
    "translations": []
  },
  {
    "para_id": "1540.270",
    "id_prev": "1540.269",
    "id_next": "1540.271",
    "refcode_1": "SITI",
    "refcode_2": "56",
    "refcode_3": "1",
    "refcode_4": "1887",
    "refcode_short": "SITI January 27,  1887, page 56.1",
    "refcode_long": "The Signs of the Times, vol. 13 January 27,  1887, page 56 paragraph 1",
    "element_type": "p",
    "element_subtype": "standard-indented",
    "content": "A subscriber asks, &ldquo;What day is the psalmist speaking of in the twenty-fourth verse of the 118th psalm?&rdquo; The text is easily answered if we consider the context, which is as follows:-",
    "puborder": 246,
    "translations": []
  },
  {
    "para_id": "1540.271",
    "id_prev": "1540.270",
    "id_next": "1540.272",
    "refcode_1": "SITI",
    "refcode_2": "56",
    "refcode_3": "2",
    "refcode_4": "1887",
    "refcode_short": "SITI January 27,  1887, page 56.2",
    "refcode_long": "The Signs of the Times, vol. 13 January 27,  1887, page 56 paragraph 2",
    "element_type": "p",
    "element_subtype": "standard-indented",
    "content": "&ldquo;Open to me the gates of righteousness&rsquo; I will go into them, and I will praise the Lord; this gate of the Lord, into which the righteous shall enter. I will praise thee; for thou hast heard me, and art become my salvation. The stone which the builders refused is become the head stone of the corner. This is the Lord&rsquo;s doing; it is marvellous in our eyes. This is the day which the Lord hath made; we will rejoice and be glad in it.&rdquo; <span class=\"egwlink egwlink_bible\" title=\"Matthew 20:19\" data-link=\"1965.48614\">Verses 19-24</span>.",
    "puborder": 247,
    "translations": []
  },
  {
    "para_id": "1540.272",
    "id_prev": "1540.271",
    "id_next": "1540.273",
    "refcode_1": "SITI",
    "refcode_2": "56",
    "refcode_3": "3",
    "refcode_4": "1887",
    "refcode_short": "SITI January 27,  1887, page 56.3",
    "refcode_long": "The Signs of the Times, vol. 13 January 27,  1887, page 56 paragraph 3",
    "element_type": "p",
    "element_subtype": "standard-indented",
    "content": "The subject under consideration is salvation, for which the psalmist is praising the Lord. This appears still more clearly when we read the entire chapter. He recognizes the fact that salvation comes through Christ, by saying: &ldquo;The stone which the builders refused is become the head-stone of the corner.&rdquo; The fact that the subject of salvation is under consideration, and that he says, &ldquo;Open to me the gates of righteousness; I will go into them, and I will praise the Lord,&rdquo; is evidence that the psalmist is not speaking of any special literal day, but that he uses the word &ldquo;day&rdquo; in the sense of a period of time, as in <span class=\"egwlink egwlink_bible\" title=\"Proverbs 24:10\" data-link=\"1965.34853\">Proverbs 24:10</span>; <span class=\"egwlink egwlink_bible\" title=\"Ecclesiastes 7:14\" data-link=\"1965.35576\">Ecclesiastes 7:14</span>, and other places. Just as there is no special day of the week when men may have prosperity or adversity, so there is no special day when men may enter the gates of righteousness or may seek salvation. Ever since the fall, men could enter the gates of righteousness at any time they chose. Thus it will be until probation ends.",
    "puborder": 248,
    "translations": []
  },
  {
    "para_id": "1540.273",
    "id_prev": "1540.272",
    "id_next": "1540.276",
    "refcode_1": "SITI",
    "refcode_2": "56",
    "refcode_3": "4",
    "refcode_4": "1887",
    "refcode_short": "SITI January 27,  1887, page 56.4",
    "refcode_long": "The Signs of the Times, vol. 13 January 27,  1887, page 56 paragraph 4",
    "element_type": "p",
    "element_subtype": "standard-indented",
    "content": "And so the day spoken of here by the psalmist, is the day of salvation of which Paul speaks in <span class=\"egwlink egwlink_bible\" title=\"2 Corinthians 6:2\" data-link=\"1965.58934\">2 Corinthians 6:2</span>, for he says: &ldquo;For he saith, I have heard thee in a time accepted, and in the day of salvation have I succoured <span class=\"page-break\" data-page=\"57\"></span> thee; behold, now is the accepted time; behold, now is the day of salvation.&rdquo; That this is not limited to any particular day, nor even to what is called the Christian dispensation, may be seen from the fact that these words were written seven hundred years before Christ, and are quoted by Paul. See <span class=\"egwlink egwlink_bible\" title=\"Isaiah 49:8\" data-link=\"1965.38042\">Isaiah 49:8</span>.",
    "puborder": 249,
    "translations": []
  },
  {
    "para_id": "1540.276",
    "id_prev": "1540.273",
    "id_next": "1540.277",
    "refcode_1": "SITI",
    "refcode_2": "57",
    "refcode_3": "1",
    "refcode_4": "1887",
    "refcode_short": "SITI January 27,  1887, page 57.1",
    "refcode_long": "The Signs of the Times, vol. 13 January 27,  1887, page 57 paragraph 1",
    "element_type": "p",
    "element_subtype": "standard-indented",
    "content": "Again, the day spoken of is the day in which the stone which the builders rejected becomes the headstone of the corner. It is the day of salvation, that is, the whole period of time in which God&rsquo;s grace is manifest toward sinners, that Christ is the head of the corner, because the entire plan of salvation centers in him. Paul says to the Ephesians: &ldquo;Now therefore ye are no more strangers and foreigners, but fellow-citizens with the saints, and of the household of God; and are built upon the foundation of the apostles and prophets, Jesus Christ himself being the chief corner-stone.&rdquo; <span class=\"egwlink egwlink_bible\" title=\"Ephesians 2:19\" data-link=\"1965.59647\">Ephesians 2:19, 20</span>. This shows that Christ was the corner-stone in the days of the apostles and prophets, and this is only in harmony with what Paul says in <span class=\"egwlink egwlink_bible\" title=\"1 Corinthians 3:11\" data-link=\"1965.57956\">1 Corinthians 3:11</span>: &ldquo;For other foundation can no man lay than that is laid, which is Jesus Christ.&rdquo;",
    "puborder": 250,
    "translations": []
  },
  {
    "para_id": "1540.277",
    "id_prev": "1540.276",
    "id_next": "1540.278",
    "refcode_1": "SITI",
    "refcode_2": "57",
    "refcode_3": "2",
    "refcode_4": "1887",
    "refcode_short": "SITI January 27,  1887, page 57.2",
    "refcode_long": "The Signs of the Times, vol. 13 January 27,  1887, page 57 paragraph 2",
    "element_type": "p",
    "element_subtype": "standard-indented",
    "content": "Again Christ refers to the same day to which David does, in <span class=\"egwlink egwlink_bible\" title=\"John 8:56\" data-link=\"1965.53925\">John 8:56</span>, where he said of the Jews: &ldquo;You father Abraham rejoiced to see my day; and he saw it, and was glad.&rdquo; Abraham saw the day of salvation, and entered into the gates of righteousness. The gospel was preached unto him (<span class=\"egwlink egwlink_bible\" title=\"Galatians 3:8\" data-link=\"1965.59365\">Galatians 3:8</span>) and he rejoiced in it as did David. To say that <span class=\"egwlink egwlink_bible\" title=\"John 8:56\" data-link=\"1965.53925\">John 8:56</span> refers to a certain day of the week, would make nonsense of the text; but no more than it would to limit <span class=\"egwlink egwlink_bible\" title=\"Psalm 118:24\" data-link=\"1965.32404\">Psalm 118:24</span> in like manner.",
    "puborder": 251,
    "translations": []
  },
  {
    "para_id": "1540.278",
    "id_prev": "1540.277",
    "id_next": "1540.280",
    "refcode_1": "SITI",
    "refcode_2": "57",
    "refcode_3": "3",
    "refcode_4": "1887",
    "refcode_short": "SITI January 27,  1887, page 57.3",
    "refcode_long": "The Signs of the Times, vol. 13 January 27,  1887, page 57 paragraph 3",
    "element_type": "p",
    "element_subtype": "standard-indented",
    "content": "With the above explanation it is unnecessary to enter into an argument to show that the day to which David refers is not the first day of the week. Indeed, that has been shown already. It is not on Sunday or upon any other special day of the week alone that men can enter into the gates of righteousness and rejoice because of salvation. But &ldquo;now&rdquo;-that is, the present time, this period of probation-&ldquo;now is the accepted time;&rdquo; &ldquo;now is the day of salvation;&rdquo; therefore Paul says: &ldquo;Rejoice in the Lord always; and again I say, Rejoice.&rdquo; W.",
    "puborder": 252,
    "translations": []
  },
  {
    "para_id": "1540.280",
    "id_prev": "1540.278",
    "id_next": "1540.281",
    "refcode_1": "SITI",
    "refcode_2": "59",
    "refcode_3": "",
    "refcode_4": "1887",
    "refcode_short": "SITI January 27,  1887, page 59",
    "refcode_long": "The Signs of the Times, vol. 13 January 27,  1887, page 59",
    "element_type": "h5",
    "element_subtype": "",
    "content": "&ldquo;Christ the Archangel&rdquo; The Signs of the Times, 13, 4.",
    "puborder": 253,
    "translations": []
  },
  {
    "para_id": "1540.281",
    "id_prev": "1540.280",
    "id_next": "1540.282",
    "refcode_1": "SITI",
    "refcode_2": "59",
    "refcode_3": "",
    "refcode_4": "1887",
    "refcode_short": "",
    "refcode_long": "",
    "element_type": "p",
    "element_subtype": "center",
    "content": "E. J. Waggoner",
    "puborder": 254,
    "translations": []
  },
  {
    "para_id": "1540.282",
    "id_prev": "1540.281",
    "id_next": "1540.283",
    "refcode_1": "SITI",
    "refcode_2": "59",
    "refcode_3": "1",
    "refcode_4": "1887",
    "refcode_short": "SITI January 27,  1887, page 59.1",
    "refcode_long": "The Signs of the Times, vol. 13 January 27,  1887, page 59 paragraph 1",
    "element_type": "p",
    "element_subtype": "standard-indented",
    "content": "In hymns and prayers and exhortations we often hear of &ldquo;angels and archangels.&rdquo; In the Bible we find no such expression for it is not an admissible one. Archangel means the chief or head of angels. Now while there must necessarily be among the armies of Heaven many angels who are high in authority, there can be but one who is chief of all. The same people who use the term &ldquo;archangels,&rdquo; often use the term &ldquo;arch-enemy&rdquo; or &ldquo;arch-deceiver.&rdquo; In this case they have reference to Satan, the chief enemy of God and men. Knowing that Satan is the prime instigator of all evil, they do not think it necessary to specify who is meant when they say &ldquo;arch-enemy.&rdquo; There could be but one. So there could be but one archangel.",
    "puborder": 255,
    "translations": []
  },
  {
    "para_id": "1540.283",
    "id_prev": "1540.282",
    "id_next": "1540.284",
    "refcode_1": "SITI",
    "refcode_2": "59",
    "refcode_3": "2",
    "refcode_4": "1887",
    "refcode_short": "SITI January 27,  1887, page 59.2",
    "refcode_long": "The Signs of the Times, vol. 13 January 27,  1887, page 59 paragraph 2",
    "element_type": "p",
    "element_subtype": "standard-indented",
    "content": "The Scriptures enable us to tell with exactness who the archangel is. In <span class=\"egwlink egwlink_bible\" title=\"1 Thessalonians 4:16\" data-link=\"1965.60408\">1 Thessalonians 4:16</span> Paul says: &ldquo;For the Lord himself shall descend from heaven with a shout, with the voice of the archangel, and with the trump of God: and the dead in Christ shall rise first.&rdquo; In <span class=\"egwlink egwlink_bible\" title=\"John 5:26\" data-link=\"1965.53520\">John 5:26-29</span> we read the words of Christ. &ldquo;For as the Father hath life in himself; so hath he given to the Son to have life in himself; and hath given him authority to execute judgment also, because he is the Son of man. Marvel not at this; for the hour is coming, in the which all that are in the graves shall hear his voice, and shall come forth.&rdquo; Here we learn that it is the voice of the Son of God that calls the dead from their graves. The previous text says that it is the voice of the archangel; therefore, the archangel is the Son of God. Then certainly there can be but one archangel; for in all things Christ has the preeminence.",
    "puborder": 256,
    "translations": []
  },
  {
    "para_id": "1540.284",
    "id_prev": "1540.283",
    "id_next": "1540.285",
    "refcode_1": "SITI",
    "refcode_2": "59",
    "refcode_3": "3",
    "refcode_4": "1887",
    "refcode_short": "SITI January 27,  1887, page 59.3",
    "refcode_long": "The Signs of the Times, vol. 13 January 27,  1887, page 59 paragraph 3",
    "element_type": "p",
    "element_subtype": "standard-indented",
    "content": "Again we come to the same conclusion by a comparison of <span class=\"egwlink egwlink_bible\" title=\"Jude 1:9\" data-link=\"1965.62597\">Jude 9</span> and <span class=\"egwlink egwlink_bible\" title=\"Daniel 10:21\" data-link=\"1965.44962\">Daniel 10:21</span>. Jude says: &ldquo;Yet Michael the archangel, when contending with the devil he disputed about the body of Moses, durst not bring against him a railing accusation.&rdquo; In the book of Daniel (<span class=\"egwlink egwlink_bible\" title=\"Daniel 8:16\" data-link=\"1965.44842\">chap. 8:16</span>; <span class=\"egwlink egwlink_bible\" title=\"Daniel 9:21\" data-link=\"1965.44907\">9:21</span>) we find that the angel Gabriel was commissioned to interpret the visions of the prophet. In <span class=\"egwlink egwlink_bible\" title=\"Daniel 10:21\" data-link=\"1965.44962\">chapter 10:21</span>, before he begins a most important revelation, he says: &ldquo;There is none that holdeth with me in these things, but Michael your prince.&rdquo; Here the expression, &ldquo;Michael your prince,&rdquo; has undoubted reference to Christ, but we have already learned (<span class=\"egwlink egwlink_bible\" title=\"Jude 1:9\" data-link=\"1965.62597\">Jude 9</span>) that Michael is the archangel. <span class=\"egwlink egwlink_bible\" title=\"Daniel 10:13\" data-link=\"1965.44946\">Daniel 10:13</span> strengthens the position that Michael, the archangel, is Christ, for we there read (margin) of &ldquo;Michael, the first of the chief princes.&rdquo; This is in harmony with what was said before, that although the armies of Heaven must have many leaders, there could be but one head over all, and that is Christ. W.",
    "puborder": 257,
    "translations": []
  },
  {
    "para_id": "1540.285",
    "id_prev": "1540.284",
    "id_next": "1540.286",
    "refcode_1": "SITI",
    "refcode_2": "59",
    "refcode_3": "",
    "refcode_4": "1887",
    "refcode_short": "SITI January 27,  1887, page 59",
    "refcode_long": "The Signs of the Times, vol. 13 January 27,  1887, page 59",
    "element_type": "h5",
    "element_subtype": "",
    "content": "&ldquo;Christ, Angels, and Men&rdquo; The Signs of the Times, 13, 4.",
    "puborder": 258,
    "translations": []
  },
  {
    "para_id": "1540.286",
    "id_prev": "1540.285",
    "id_next": "1540.287",
    "refcode_1": "SITI",
    "refcode_2": "59",
    "refcode_3": "",
    "refcode_4": "1887",
    "refcode_short": "",
    "refcode_long": "",
    "element_type": "p",
    "element_subtype": "center",
    "content": "E. J. Waggoner",
    "puborder": 259,
    "translations": []
  },
  {
    "para_id": "1540.287",
    "id_prev": "1540.286",
    "id_next": "1540.288",
    "refcode_1": "SITI",
    "refcode_2": "59",
    "refcode_3": "4",
    "refcode_4": "1887",
    "refcode_short": "SITI January 27,  1887, page 59.4",
    "refcode_long": "The Signs of the Times, vol. 13 January 27,  1887, page 59 paragraph 4",
    "element_type": "p",
    "element_subtype": "standard-indented",
    "content": "Last week we noted that angels and men are two different orders of beings. Man was made &ldquo;a little lower than the angels.&rdquo; <span class=\"egwlink egwlink_bible\" title=\"Psalm 8:4\" data-link=\"1965.28540\">Psalm 8:4, 5</span>. Paul says of Christ that &ldquo;he took not on him the nature of angels; but he took on him the seed of Abraham.&rdquo; <span class=\"egwlink egwlink_bible\" title=\"Hebrews 2:16\" data-link=\"1965.61182\">Hebrews 2:16</span>. This shows a difference between the nature of angels and the nature of men. But it shows also a difference between the nature of Christ and that of angels. Christ did not take the nature of angels; that statement would be uncalled for, if he already had the nature of angels. He was higher than the angels, and when he humbled himself, he came down, not to the nature of the angels, but was made a little lower than the angels, even to the level of man. <span class=\"egwlink egwlink_bible\" title=\"Hebrews 2:9\" data-link=\"1965.61168\">Hebrews 2:9</span>.",
    "puborder": 260,
    "translations": []
  },
  {
    "para_id": "1540.288",
    "id_prev": "1540.287",
    "id_next": "1540.290",
    "refcode_1": "SITI",
    "refcode_2": "59",
    "refcode_3": "5",
    "refcode_4": "1887",
    "refcode_short": "SITI January 27,  1887, page 59.5",
    "refcode_long": "The Signs of the Times, vol. 13 January 27,  1887, page 59 paragraph 5",
    "element_type": "p",
    "element_subtype": "standard-indented",
    "content": "That Christ is higher than the angels, is plainly stated in <span class=\"egwlink egwlink_bible\" title=\"Hebrews 1:4\" data-link=\"1965.61129\">Hebrews 1:4</span>, where, speaking of the exalted position which the Son occupies, at &ldquo;the right hand of the Majesty on high,&rdquo; Paul says: &ldquo;Being made so much better than the angels, as he hath by inheritance obtained a more excellent name than they.&rdquo; &ldquo;For unto which of the angels said he [God, the Father] at any time, Thou art my Son, this day have I begotten thee? And again, I will be to him a Father, and he shall be to me a Son?&rdquo; <span class=\"egwlink egwlink_bible\" title=\"Hebrews 1:5\" data-link=\"1965.61131\">Verse 5</span>. The angels are sons of God by creation; Adam was also, but now that the race is fallen, we can become sons of God only by adoption (<span class=\"egwlink egwlink_bible\" title=\"Romans 8:14\" data-link=\"1965.57362\">Romans 8:14-16</span>; <span class=\"egwlink egwlink_bible\" title=\"Colossians 4:4\" data-link=\"1965.60257\">Colossians 4:4-6</span>); but Christ is the Son of God by birth. He is the only begotten Son of God. He is the archangel, not because he is the highest angel, but because he, as Son of God, is head over all the angels. Jesus is the first of the creation of God (<span class=\"egwlink egwlink_bible\" title=\"Revelation 3:14\" data-link=\"1965.62759\">Revelation 3:14</span>), not that he is the first of created beings, but in the sense that he is the head of all created things. &ldquo;For by him were all things created, that are in heaven, and that are in earth, visible and invisible, whether they be thrones, or dominions, or principalities, or powers: all things were created by him, and for him: And he is before all things, and by him all things consist.&rdquo; <span class=\"egwlink egwlink_bible\" title=\"Colossians 1:16\" data-link=\"1965.60124\">Colossians 1:16, 17</span>. W.",
    "puborder": 261,
    "translations": []
  },
  {
    "para_id": "1540.290",
    "id_prev": "1540.288",
    "id_next": "1540.291",
    "refcode_1": "SITI",
    "refcode_2": "64",
    "refcode_3": "",
    "refcode_4": "1887",
    "refcode_short": "SITI January 27,  1887, page 64",
    "refcode_long": "The Signs of the Times, vol. 13 January 27,  1887, page 64",
    "element_type": "h5",
    "element_subtype": "",
    "content": "&ldquo;Back Page&rdquo; The Signs of the Times, 13, 4.",
    "puborder": 262,
    "translations": []
  },
  {
    "para_id": "1540.291",
    "id_prev": "1540.290",
    "id_next": "1540.292",
    "refcode_1": "SITI",
    "refcode_2": "64",
    "refcode_3": "",
    "refcode_4": "1887",
    "refcode_short": "",
    "refcode_long": "",
    "element_type": "p",
    "element_subtype": "center",
    "content": "E. J. Waggoner",
    "puborder": 263,
    "translations": []
  },
  {
    "para_id": "1540.292",
    "id_prev": "1540.291",
    "id_next": "1540.293",
    "refcode_1": "SITI",
    "refcode_2": "64",
    "refcode_3": "1",
    "refcode_4": "1887",
    "refcode_short": "SITI January 27,  1887, page 64.1",
    "refcode_long": "The Signs of the Times, vol. 13 January 27,  1887, page 64 paragraph 1",
    "element_type": "p",
    "element_subtype": "standard-indented",
    "content": "The <em>Independent</em> says: &ldquo;It is curious that the Westminster Confession of Faith knows nothing whatever of the millennium, and provides no place for it.&rdquo; There is something curious in that, because it happens to be exactly the Bible position.",
    "puborder": 264,
    "translations": []
  },
  {
    "para_id": "1540.293",
    "id_prev": "1540.292",
    "id_next": "1540.294",
    "refcode_1": "SITI",
    "refcode_2": "64",
    "refcode_3": "2",
    "refcode_4": "1887",
    "refcode_short": "SITI January 27,  1887, page 64.2",
    "refcode_long": "The Signs of the Times, vol. 13 January 27,  1887, page 64 paragraph 2",
    "element_type": "p",
    "element_subtype": "standard-indented",
    "content": "A lady, evidently a Spiritualist, writes in an exchange as follows, about Christianity and Buddhism: &ldquo;<em>I see</em> nothing to prevent fusion, conciliation, and unification of the two faiths, if rightly understood.&rdquo; One who has that idea may be very well informed concerning Buddhism, but certainly knows nothing about Christianity. And it is altogether a mistake to call Buddhism a &ldquo;faith.&rdquo; It is really the absence of faith.",
    "puborder": 265,
    "translations": []
  },
  {
    "para_id": "1540.294",
    "id_prev": "1540.293",
    "id_next": "1540.295",
    "refcode_1": "SITI",
    "refcode_2": "64",
    "refcode_3": "3",
    "refcode_4": "1887",
    "refcode_short": "SITI January 27,  1887, page 64.3",
    "refcode_long": "The Signs of the Times, vol. 13 January 27,  1887, page 64 paragraph 3",
    "element_type": "p",
    "element_subtype": "standard-indented",
    "content": "&ldquo;Much reading of German metaphysics and theology has opened windows for many a soul; but it has also opened cellar doors leading to unfathomable depths of darkness.&rdquo; So says the <em>Christian Union</em>. But we remember that the same fountain cannot yield both sweet water and bitter, and therefore we believe that the so-called windows of German metaphysics and theology are cellar doors leading to unfathomable depths of darkness. The simple Bible truth never leads men to darkness.",
    "puborder": 266,
    "translations": []
  },
  {
    "para_id": "1540.295",
    "id_prev": "1540.294",
    "id_next": "1540.296",
    "refcode_1": "SITI",
    "refcode_2": "64",
    "refcode_3": "4",
    "refcode_4": "1887",
    "refcode_short": "SITI January 27,  1887, page 64.4",
    "refcode_long": "The Signs of the Times, vol. 13 January 27,  1887, page 64 paragraph 4",
    "element_type": "p",
    "element_subtype": "standard-indented",
    "content": "A Methodist minister in Pennsylvania caused a sensation a few days since by declaring that he did not believe in the divinity of the Bible and did not know anything about immortality or whether there is a God, and that he had finally concluded not to preach what he did not believe. It would be a good thing for the cause of genuine Christianity if all the ministers who are in the same state of doubt would be equally candid. Infidelity in the pulpit, though concealed, makes infidelity in the pew.",
    "puborder": 267,
    "translations": []
  },
  {
    "para_id": "1540.296",
    "id_prev": "1540.295",
    "id_next": "1540.297",
    "refcode_1": "SITI",
    "refcode_2": "64",
    "refcode_3": "5",
    "refcode_4": "1887",
    "refcode_short": "SITI January 27,  1887, page 64.5",
    "refcode_long": "The Signs of the Times, vol. 13 January 27,  1887, page 64 paragraph 5",
    "element_type": "p",
    "element_subtype": "standard-indented",
    "content": "In the trial of the Andover professors, Professor Churchill, &ldquo;in allusion to the slight connection of his chair of elocution to the theological instruction, remarked in pleasantry that he never allowed his pupils to pronounce <em>sheol</em> with a circumflex. It must always be with the <em>downward</em> and <em>grave</em> accent.&rdquo; There are many ministers who would have people believe that <em>sheol</em> means a place of torment, when it means simply the grave, the place of the dead. Such would do well to learn from Professor Churchill. When he gives <em>sheol</em> a <em>grave</em> accent, he is certainly orthodox.",
    "puborder": 268,
    "translations": []
  },
  {
    "para_id": "1540.297",
    "id_prev": "1540.296",
    "id_next": "1540.298",
    "refcode_1": "SITI",
    "refcode_2": "64",
    "refcode_3": "6",
    "refcode_4": "1887",
    "refcode_short": "SITI January 27,  1887, page 64.6",
    "refcode_long": "The Signs of the Times, vol. 13 January 27,  1887, page 64 paragraph 6",
    "element_type": "p",
    "element_subtype": "standard-indented",
    "content": "Elder Jones writes from the College: &ldquo;The present term may fairly be counted as the most prosperous in the history of Healdsburg College. There are now about one hundred and fifty students in attendance. The family at the Students&rsquo; Home now numbers ninety-two. There are two Bible classes, one numbering sixty-six, and the other fifteen. There are also two missionary classes numbering together about the same as the largest Bible class. All in the Bible and missionary study seem to enter into it with a will. The spiritual condition of the school is quite good-in the family at the Home it is very good. The teachers and managers are all of good courage, and are thankful to the Lord for the favor which he has bestowed upon the institution.&rdquo;",
    "puborder": 269,
    "translations": []
  },
  {
    "para_id": "1540.298",
    "id_prev": "1540.297",
    "id_next": "1540.299",
    "refcode_1": "SITI",
    "refcode_2": "64",
    "refcode_3": "7",
    "refcode_4": "1887",
    "refcode_short": "SITI January 27,  1887, page 64.7",
    "refcode_long": "The Signs of the Times, vol. 13 January 27,  1887, page 64 paragraph 7",
    "element_type": "p",
    "element_subtype": "standard-indented",
    "content": "Said Christ: &ldquo;I am come that they might have life.&rdquo; <span class=\"egwlink egwlink_bible\" title=\"John 10:10\" data-link=\"1965.54035\">John 10:10</span>. To the Jews he sorrowfully said, &ldquo;Ye will not come to me, that ye might have life.&rdquo; <span class=\"egwlink egwlink_bible\" title=\"John 5:40\" data-link=\"1965.53548\">John 5:40</span>. These texts prove that if Christ had not come, men could not have had life; for he would not come to give men what they already had. And it proves that although Christ has come to give life those who do not come to him cannot have life. Christ said: &ldquo;All that ever came before me are thieves and robbers.&rdquo; That is the truth to-day. All who come between men and Christ, who teach men that they may have life without accepting Christ, are thieves of the worst sort. They steal from their deluded victims their only hope of life. If the man who takes from his neighbor that upon which he depends to sustain his life shall receive sevenfold, surely the one who takes from his neighbor that upon which he depends to sustain his life shall receive sevenfold, surely the one who takes from his neighbor the Bread of eternal life shall receive seventy and seven fold.",
    "puborder": 270,
    "translations": []
  },
  {
    "para_id": "1540.299",
    "id_prev": "1540.298",
    "id_next": "1540.300",
    "refcode_1": "SITI",
    "refcode_2": "64",
    "refcode_3": "8",
    "refcode_4": "1887",
    "refcode_short": "SITI January 27,  1887, page 64.8",
    "refcode_long": "The Signs of the Times, vol. 13 January 27,  1887, page 64 paragraph 8",
    "element_type": "p",
    "element_subtype": "standard-indented",
    "content": "Let is be understood that life and death are exactly opposite terms. Life means existence. So long as a man has breath, he has life, no matter what his circumstances may be. He may be in poverty, or suffering the utmost agony, yet he is alive. Eternal life is simply eternal existence. The statement that the righteous are to have eternal life does not necessarily imply that they will be happy. That they will have perfect happiness is true, but it could not be learned from the simple statement that they shall have eternal life. When we are told that they shall dwell eternally in the presence of God, we know that they will have fullness of joy. But we are told by men, not by the Bible, that the wicked are to suffer eternal torment. If that were true, they also would have eternal life; for man cannot be in torment unless he is alive. The Bible tells us, however, that &ldquo;he that believeth not the Son shall not see life&rdquo; (<span class=\"egwlink egwlink_bible\" title=\"John 3:36\" data-link=\"1965.53358\">John 3:36</span>); and further that they &ldquo;shall be punished with everlasting destruction.&rdquo; <span class=\"egwlink egwlink_bible\" title=\"2 Thessalonians 1:9\" data-link=\"1965.60489\">2 Thessalonians 1:9</span>. So then he who rejects Christ does not simply reject happiness, but dooms himself to everlasting destruction,-death from which there is no resurrection,-&ldquo;the blackness of darkness forever.&rdquo;",
    "puborder": 271,
    "translations": []
  },
  {
    "para_id": "1540.300",
    "id_prev": "1540.299",
    "id_next": "1540.301",
    "refcode_1": "SITI",
    "refcode_2": "64",
    "refcode_3": "9",
    "refcode_4": "1887",
    "refcode_short": "SITI January 27,  1887, page 64.9",
    "refcode_long": "The Signs of the Times, vol. 13 January 27,  1887, page 64 paragraph 9",
    "element_type": "p",
    "element_subtype": "standard-indented",
    "content": "Sunday before last the South Street Presbyterian church, Morristown, N. J., received eight persons by letter, as follows: One from the High church &ldquo;House of Prayer,&rdquo; Newark; one from St. Thomas Episcopal Church, New York City; one from a close communion Baptist Church; one from a Lutheran Church; two from the Church of England; and two from Congregational Churches. The <em>Independent</em> sees in this &ldquo;an indication of the great advance of the lay masses who compose the Christian churches of this country, toward the obliteration of denominational lines, and a practical church union.&rdquo; True; and when there is this church union, and the State by its laws upholds religion, what will we have but union of Church and State?",
    "puborder": 272,
    "translations": []
  },
  {
    "para_id": "1540.301",
    "id_prev": "1540.300",
    "id_next": "1540.302",
    "refcode_1": "SITI",
    "refcode_2": "64",
    "refcode_3": "",
    "refcode_4": "1887",
    "refcode_short": "SITI January 27,  1887, page 64",
    "refcode_long": "The Signs of the Times, vol. 13 January 27,  1887, page 64",
    "element_type": "h5",
    "element_subtype": "",
    "content": "&ldquo;Driving to Church on Sabbath&rdquo; The Signs of the Times, 13, 4.",
    "puborder": 273,
    "translations": []
  },
  {
    "para_id": "1540.302",
    "id_prev": "1540.301",
    "id_next": "1540.303",
    "refcode_1": "SITI",
    "refcode_2": "64",
    "refcode_3": "",
    "refcode_4": "1887",
    "refcode_short": "",
    "refcode_long": "",
    "element_type": "p",
    "element_subtype": "center",
    "content": "E. J. Waggoner",
    "puborder": 274,
    "translations": []
  },
  {
    "para_id": "1540.303",
    "id_prev": "1540.302",
    "id_next": "1540.304",
    "refcode_1": "SITI",
    "refcode_2": "64",
    "refcode_3": "10",
    "refcode_4": "1887",
    "refcode_short": "SITI January 27,  1887, page 64.10",
    "refcode_long": "The Signs of the Times, vol. 13 January 27,  1887, page 64 paragraph 10",
    "element_type": "p",
    "element_subtype": "standard-indented",
    "content": "The old question of riding to meeting on the Sabbath is up again. A good sister who thinks that people ought not to drive their horses to meeting on the Sabbath, quotes a part of <span class=\"egwlink egwlink_bible\" title=\"Exodus 20:10\" data-link=\"1965.4197\">Exodus 20:10</span>: &ldquo;Thou shalt not do any work, thou, nor thy son, nor thy daughter, thy manservant, nor thy maidservant, nor thy cattle;&rdquo; and says, &ldquo;I would ask why one part of the fourth commandment is taken up, and the other part is left out, by Seventh-day Adventists?&rdquo;",
    "puborder": 275,
    "translations": []
  },
  {
    "para_id": "1540.304",
    "id_prev": "1540.303",
    "id_next": "1540.305",
    "refcode_1": "SITI",
    "refcode_2": "64",
    "refcode_3": "11",
    "refcode_4": "1887",
    "refcode_short": "SITI January 27,  1887, page 64.11",
    "refcode_long": "The Signs of the Times, vol. 13 January 27,  1887, page 64 paragraph 11",
    "element_type": "p",
    "element_subtype": "standard-indented",
    "content": "We would reply that such is not the case, except by here and there an individual. The sister who asks the question has herself done this very thing, for she quotes the commandment as though it entirely prohibited work of any kind, both for man and beast; but this is not the case. The clause preceding the one which she quoted reads: &ldquo;Six days shalt thou labor and do all <em>thy</em> work.&rdquo; Now in view of this part of the commandment, it is evident that when the Lord says, &ldquo;But the seventh day is the Sabbath of the Lord thy God, in it thou shalt not do any work,&rdquo; he means that we shall not do any of our own work, but does not mean that we shall not do his work; for the commandment teaches that the Lord&rsquo;s work is to be done on that day. Christ said: &ldquo;It is lawful to do well on the Sabbath day,&rdquo; thus showing that to do something is in accordance with the law of the Sabbath; only that which we do must not be our own work.",
    "puborder": 276,
    "translations": []
  },
  {
    "para_id": "1540.305",
    "id_prev": "1540.304",
    "id_next": "1540.306",
    "refcode_1": "SITI",
    "refcode_2": "64",
    "refcode_3": "12",
    "refcode_4": "1887",
    "refcode_short": "SITI January 27,  1887, page 64.12",
    "refcode_long": "The Signs of the Times, vol. 13 January 27,  1887, page 64 paragraph 12",
    "element_type": "p",
    "element_subtype": "standard-indented",
    "content": "If, as is very evident, the commandment, &ldquo;thou shalt not do any work,&rdquo; means simply that we shall not do any of our own work, then the same thing follows in regard to our son, or daughter, or cattle. They must not do any work of a purely secular nature. Now to not forsake the assembling of ourselves together for exhortation, is a divine command. But it is absolutely impossible for people to assemble together on the Sabbath day without doing some work, for it is often a good deal of work to walk two or three miles. The work necessarily involved in walking to meeting, is, therefore, allowable, for it is not for worldly profit; and, therefore, by the same rule, it is allowable for a man to drive his team to church, if he or his family are not able to walk. The Lord does not require that cattle shall keep the Sabbath more strictly than their masters.",
    "puborder": 277,
    "translations": []
  }
]