[
  {
    "para_id": "14055.4154001",
    "id_prev": "14055.4508023",
    "id_next": "14055.4154004",
    "refcode_1": "5LtMs",
    "refcode_2": "1",
    "refcode_3": "",
    "refcode_4": "1887001601",
    "refcode_short": "5LtMs, Lt 16a, 1887",
    "refcode_long": "Letters and Manuscripts — Volume 5 (1887-1888), Lt 16a, 1887",
    "element_type": "h4",
    "element_subtype": "",
    "content": "Lt 16a, 1887",
    "puborder": 395,
    "translations": []
  },
  {
    "para_id": "14055.4154004",
    "id_prev": "14055.4154001",
    "id_next": "14055.4154002",
    "refcode_1": "5LtMs",
    "refcode_2": "1",
    "refcode_3": "",
    "refcode_4": "1887001601",
    "refcode_short": "",
    "refcode_long": "",
    "element_type": "p",
    "element_subtype": "ltaddressee",
    "content": "Butler, G. I.",
    "puborder": 396,
    "translations": []
  },
  {
    "para_id": "14055.4154002",
    "id_prev": "14055.4154004",
    "id_next": "14055.4154003",
    "refcode_1": "5LtMs",
    "refcode_2": "1",
    "refcode_3": "",
    "refcode_4": "1887001601",
    "refcode_short": "",
    "refcode_long": "",
    "element_type": "p",
    "element_subtype": "ltplace",
    "content": "<span class=\"ltplace\" value=\"Basel, Switzerland\">Basel, Switzerland</span>",
    "puborder": 397,
    "translations": []
  },
  {
    "para_id": "14055.4154003",
    "id_prev": "14055.4154002",
    "id_next": "14055.4154005",
    "refcode_1": "5LtMs",
    "refcode_2": "1",
    "refcode_3": "",
    "refcode_4": "1887001601",
    "refcode_short": "",
    "refcode_long": "",
    "element_type": "p",
    "element_subtype": "ltdate",
    "content": "<span class=\"ltdate\" start=\"April 21, 1887\">April 21, 1887</span>",
    "puborder": 398,
    "translations": []
  },
  {
    "para_id": "14055.4154005",
    "id_prev": "14055.4154003",
    "id_next": "14055.4154011",
    "refcode_1": "5LtMs",
    "refcode_2": "1",
    "refcode_3": "",
    "refcode_4": "1887001601",
    "refcode_short": "",
    "refcode_long": "",
    "element_type": "p",
    "element_subtype": "ltpubinfo",
    "content": "Portion of <span class=\"egwlink egwlink_book\" title=\"Lt 16, 1887\" data-link=\"14055.4508001\">Lt 16, 1887</span>. This portion is published in entirety in <span class=\"egwlink egwlink_book\" title=\"16MR 338\" data-link=\"65.1706\">16MR 338-339</span>. +<sup class=\"footnote\"><a class=\"footnote\">Note<span class=\"footnote\">One or more typed copies of this document contain additional Ellen White handwritten interlineations which may be viewed at the main office of the Ellen G. White Estate.</span></a></sup>",
    "puborder": 399,
    "translations": []
  },
  {
    "para_id": "14055.4154011",
    "id_prev": "14055.4154005",
    "id_next": "14055.4154006",
    "refcode_1": "5LtMs",
    "refcode_2": "1",
    "refcode_3": "",
    "refcode_4": "1887001601",
    "refcode_short": "",
    "refcode_long": "",
    "element_type": "p",
    "element_subtype": "ltaddress",
    "content": "Elder G. I. Butler",
    "puborder": 400,
    "translations": []
  },
  {
    "para_id": "14055.4154006",
    "id_prev": "14055.4154011",
    "id_next": "14055.4154007",
    "refcode_1": "5LtMs",
    "refcode_2": "1",
    "refcode_3": "",
    "refcode_4": "1887001601",
    "refcode_short": "",
    "refcode_long": "",
    "element_type": "p",
    "element_subtype": "ltsalutation",
    "content": "Dear Brother:",
    "puborder": 401,
    "translations": []
  },
  {
    "para_id": "14055.4154007",
    "id_prev": "14055.4154006",
    "id_next": "14055.4154008",
    "refcode_1": "5LtMs",
    "refcode_2": "1",
    "refcode_3": "268",
    "refcode_4": "1887001601",
    "refcode_short": "5LtMs, Lt 16a, 1887, par. 1",
    "refcode_long": "Letters and Manuscripts — Volume 5 (1887-1888), Lt 16a, 1887, par. 1",
    "element_type": "p",
    "element_subtype": "standard-indented",
    "content": "There is not the mingling of the elements of character that brings justice and mercy and the love of God into beautiful harmony. There is altogether too much talking, too many strong words and strong feelings that the Lord has nothing to do with, and these strong feelings influence our good brethren.",
    "puborder": 402,
    "translations": []
  },
  {
    "para_id": "14055.4154008",
    "id_prev": "14055.4154007",
    "id_next": "14055.4154009",
    "refcode_1": "5LtMs",
    "refcode_2": "1",
    "refcode_3": "269",
    "refcode_4": "1887001601",
    "refcode_short": "5LtMs, Lt 16a, 1887, par. 2",
    "refcode_long": "Letters and Manuscripts — Volume 5 (1887-1888), Lt 16a, 1887, par. 2",
    "element_type": "p",
    "element_subtype": "standard-indented",
    "content": "I am compelled to deal plainly and rebuke sin, and then I have it in my heart, placed there by the Spirit of Christ, to labor in faith, in tender sympathy and compassion for the erring. I will not let them alone, I will not leave them to become the sport of Satan&rsquo;s temptations. I will not myself act the part of the adversary of souls, as is represented by Joshua and the angel. Souls cost the price of my Redeemer&rsquo;s blood. When men, themselves liable to temptation, erring mortals, shall be free to pronounce upon another&rsquo;s case, who is humbled in the dust, and shall take it on him to decide by his own feelings or the feelings of his brethren just how much feeling the erring one should manifest to be pardoned, is taking on himself that which God has not required of him. When I know that there are those who have fallen into great sin, but we have labored with and for them, and God has afterward accepted their labors, when these have pleaded for me to let them go and to not burden myself for them, I have said, &ldquo;I will not give you up; you must gather strength to overcome.&rdquo; These men are now in active service. This course toward them was wrong, or the course that is now pursued is not that which Jesus would pursue under similar circumstances.",
    "puborder": 403,
    "translations": []
  },
  {
    "para_id": "14055.4154009",
    "id_prev": "14055.4154008",
    "id_next": "14055.4154010",
    "refcode_1": "5LtMs",
    "refcode_2": "1",
    "refcode_3": "270",
    "refcode_4": "1887001601",
    "refcode_short": "5LtMs, Lt 16a, 1887, par. 3",
    "refcode_long": "Letters and Manuscripts — Volume 5 (1887-1888), Lt 16a, 1887, par. 3",
    "element_type": "p",
    "element_subtype": "standard-indented",
    "content": "If our hearts were more fully imbued with the Spirit of God, we should have His melting love and should work with spiritual power to restore the erring and not leave them under Satan&rsquo;s control. We need good heart religion and divine wisdom to deal with human minds, that we shall not only reprove, rebuke, exhort with all longsuffering and doctrine, but we shall take the erring in our arms of faith and bear them to the cross of Christ. We must bring them in contact with the sin-pardoning Saviour. I am more pained than I can express to see so little aptitude and skill, self-denial and self-sacrifice, to save souls that are ensnared by Satan. I see such a cold Phariseeism cherished, holding off at arm&rsquo;s length the one who has been deluded by the adversary of souls, and then I think, what if Jesus treated us individually in this way? Is this spirit of coldness and lack of sympathy to grow among us? If so, my brethren must excuse me; I cannot labor with them. I will not be a party in this kind of management.",
    "puborder": 404,
    "translations": []
  },
  {
    "para_id": "14055.4154010",
    "id_prev": "14055.4154009",
    "id_next": "14055.4144001",
    "refcode_1": "5LtMs",
    "refcode_2": "1",
    "refcode_3": "271",
    "refcode_4": "1887001601",
    "refcode_short": "5LtMs, Lt 16a, 1887, par. 4",
    "refcode_long": "Letters and Manuscripts — Volume 5 (1887-1888), Lt 16a, 1887, par. 4",
    "element_type": "p",
    "element_subtype": "standard-indented",
    "content": "I call to mind the shepherd hunting the lost sheep, and the prodigal son. I want those parables to have their influence upon my heart and mind. I think of Jesus, what love and tenderness He manifested for erring, fallen man; and then I think of the severe judgment one pronounces upon his brother that has fallen under temptation, and my heart becomes sick. I see the iron in hearts and think we should pray for hearts of flesh. Oh, how I long for Jesus to come! How I long for Him to set things in order! Come, Lord Jesus, and come quickly, is my prayer.",
    "puborder": 405,
    "translations": []
  }
]