[
  {
    "para_id": "14055.4381001",
    "id_prev": "14055.13858004",
    "id_next": "14055.4381004",
    "refcode_1": "5LtMs",
    "refcode_2": "1",
    "refcode_3": "",
    "refcode_4": "1887006000",
    "refcode_short": "5LtMs, Lt 60, 1887",
    "refcode_long": "Letters and Manuscripts — Volume 5 (1887-1888), Lt 60, 1887",
    "element_type": "h4",
    "element_subtype": "",
    "content": "Lt 60, 1887",
    "puborder": 1386,
    "translations": []
  },
  {
    "para_id": "14055.4381004",
    "id_prev": "14055.4381001",
    "id_next": "14055.4381002",
    "refcode_1": "5LtMs",
    "refcode_2": "1",
    "refcode_3": "",
    "refcode_4": "1887006000",
    "refcode_short": "",
    "refcode_long": "",
    "element_type": "p",
    "element_subtype": "ltaddressee",
    "content": "Jones, Charles",
    "puborder": 1387,
    "translations": []
  },
  {
    "para_id": "14055.4381002",
    "id_prev": "14055.4381004",
    "id_next": "14055.4381003",
    "refcode_1": "5LtMs",
    "refcode_2": "1",
    "refcode_3": "",
    "refcode_4": "1887006000",
    "refcode_short": "",
    "refcode_long": "",
    "element_type": "p",
    "element_subtype": "ltplace",
    "content": "<span class=\"ltplace\" value=\"Basel, Switzerland\">Basel, Switzerland</span>",
    "puborder": 1388,
    "translations": []
  },
  {
    "para_id": "14055.4381003",
    "id_prev": "14055.4381002",
    "id_next": "14055.4381005",
    "refcode_1": "5LtMs",
    "refcode_2": "1",
    "refcode_3": "",
    "refcode_4": "1887006000",
    "refcode_short": "",
    "refcode_long": "",
    "element_type": "p",
    "element_subtype": "ltdate",
    "content": "<span class=\"ltdate\" start=\"February 12, 1887\">February 12, 1887</span>",
    "puborder": 1389,
    "translations": []
  },
  {
    "para_id": "14055.4381005",
    "id_prev": "14055.4381003",
    "id_next": "14055.4381006",
    "refcode_1": "5LtMs",
    "refcode_2": "1",
    "refcode_3": "",
    "refcode_4": "1887006000",
    "refcode_short": "",
    "refcode_long": "",
    "element_type": "p",
    "element_subtype": "ltpubinfo",
    "content": "Previously unpublished.",
    "puborder": 1390,
    "translations": []
  },
  {
    "para_id": "14055.4381006",
    "id_prev": "14055.4381005",
    "id_next": "14055.4381007",
    "refcode_1": "5LtMs",
    "refcode_2": "1",
    "refcode_3": "",
    "refcode_4": "1887006000",
    "refcode_short": "",
    "refcode_long": "",
    "element_type": "p",
    "element_subtype": "ltsalutation",
    "content": "Dear Brother Charles Jones:",
    "puborder": 1391,
    "translations": []
  },
  {
    "para_id": "14055.4381007",
    "id_prev": "14055.4381006",
    "id_next": "14055.4381008",
    "refcode_1": "5LtMs",
    "refcode_2": "1",
    "refcode_3": "944",
    "refcode_4": "1887006000",
    "refcode_short": "5LtMs, Lt 60, 1887, par. 1",
    "refcode_long": "Letters and Manuscripts — Volume 5 (1887-1888), Lt 60, 1887, par. 1",
    "element_type": "p",
    "element_subtype": "standard-indented",
    "content": "There are some things that trouble my mind. In the night season three times have warnings been given to me in regard to your case, and I arise to write to you upon this matter.",
    "puborder": 1392,
    "translations": []
  },
  {
    "para_id": "14055.4381008",
    "id_prev": "14055.4381007",
    "id_next": "14055.4381009",
    "refcode_1": "5LtMs",
    "refcode_2": "1",
    "refcode_3": "945",
    "refcode_4": "1887006000",
    "refcode_short": "5LtMs, Lt 60, 1887, par. 2",
    "refcode_long": "Letters and Manuscripts — Volume 5 (1887-1888), Lt 60, 1887, par. 2",
    "element_type": "p",
    "element_subtype": "standard-indented",
    "content": "I was in meeting and before me was Alice Bartlett and Hulda Aldrich, yourself, and quite a company. I was standing upon my feet talking to you, giving you warnings and sharp reproof. I cited you to the case of Elder [J. H.] Waggoner. Notwithstanding this example as a beacon of warning, you were not careful in your deportment to abstain from the very appearance of evil.",
    "puborder": 1393,
    "translations": []
  },
  {
    "para_id": "14055.4381009",
    "id_prev": "14055.4381008",
    "id_next": "14055.4381010",
    "refcode_1": "5LtMs",
    "refcode_2": "1",
    "refcode_3": "946",
    "refcode_4": "1887006000",
    "refcode_short": "5LtMs, Lt 60, 1887, par. 3",
    "refcode_long": "Letters and Manuscripts — Volume 5 (1887-1888), Lt 60, 1887, par. 3",
    "element_type": "p",
    "element_subtype": "standard-indented",
    "content": "I said to you, &ldquo;You are in positive danger. Your thoughts, your affections, are not sanctified, and your feet are surely entering upon a path of danger. You are standing in slippery places. You are inviting the enemy to tempt you. Gird up the loins of your mind. You cannot pursue the course you are now doing without results similar to those experienced by Elder Waggoner. In your case there is no excuse. His situation I was acquainted with for years, and I know that in his family relations he had many, many things of a most discouraging character. He did not seek grace from God to help him in all his weakness and was led on step by step till he was in the snare of the devil. If he had been guarding his soul, seeking strength from God, humbling his heart day by day, walking in all meekness and lowliness of heart, he would have been advancing by being a partaker of the divine nature, changed from debasement of character into the image of Him who created him, and going forward step by step from glory to glory, winning the crown of life, laying hold by faith on the eternal weight of glory.&rdquo;",
    "puborder": 1394,
    "translations": []
  },
  {
    "para_id": "14055.4381010",
    "id_prev": "14055.4381009",
    "id_next": "14055.4381011",
    "refcode_1": "5LtMs",
    "refcode_2": "1",
    "refcode_3": "947",
    "refcode_4": "1887006000",
    "refcode_short": "5LtMs, Lt 60, 1887, par. 4",
    "refcode_long": "Letters and Manuscripts — Volume 5 (1887-1888), Lt 60, 1887, par. 4",
    "element_type": "p",
    "element_subtype": "standard-indented",
    "content": "My brother, you must be elevated in thought, in action. You must resist the devil, and he will flee from you. Draw nigh to God, and He will draw nigh to you. Satan is playing the game of life for your soul. Do not approach one step further in the direction of intimacy through association with any young woman or any married woman that lives. I warn you off from this ground where your feet are already standing. Satan is laying his snares shrewdly in order to gain your soul. He is working on this line to pick off men in responsible positions, then when he succeeds with one he presents him to angels and to Christ as one who tried to keep the law of God and was not able to do this, and the result of his efforts was defilement and corruption. How many are thus dupes of Satan!",
    "puborder": 1395,
    "translations": []
  },
  {
    "para_id": "14055.4381011",
    "id_prev": "14055.4381010",
    "id_next": "14055.4381012",
    "refcode_1": "5LtMs",
    "refcode_2": "1",
    "refcode_3": "948",
    "refcode_4": "1887006000",
    "refcode_short": "5LtMs, Lt 60, 1887, par. 5",
    "refcode_long": "Letters and Manuscripts — Volume 5 (1887-1888), Lt 60, 1887, par. 5",
    "element_type": "p",
    "element_subtype": "standard-indented",
    "content": "Satan is trying his work upon you. You have been very indiscreet. You have given occasion for Satan to gain victories over you and present you as one standing high, yet whose ways were not perfect before God. Why have you given the least occasion for talk? Why have you not been more careful of your thoughts and your every action? Why should there be the slightest cause given for your course to be reproached? You must have the transforming grace of Christ on your own heart, or you will lose the crown of life. You must not hesitate one moment in a doubtful or forbidden course. I know that you have weaknesses that only need circumstances to awaken to activity.",
    "puborder": 1396,
    "translations": []
  },
  {
    "para_id": "14055.4381012",
    "id_prev": "14055.4381011",
    "id_next": "14055.4046001",
    "refcode_1": "5LtMs",
    "refcode_2": "1",
    "refcode_3": "949",
    "refcode_4": "1887006000",
    "refcode_short": "5LtMs, Lt 60, 1887, par. 6",
    "refcode_long": "Letters and Manuscripts — Volume 5 (1887-1888), Lt 60, 1887, par. 6",
    "element_type": "p",
    "element_subtype": "standard-indented",
    "content": "The Lord is the helper of every one who diligently seeks Him. Goodness and mercy and righteousness are the attributes of His throne. He not only pardons our sins, but gives us the victory over the power of sin. Love to Christ makes us hate the things which He hates and love the things which He loves. He creates in us a new, pure, elevated, holy, moral taste which engages us in a constant and unceasing warfare against inward corruptions.",
    "puborder": 1397,
    "translations": []
  }
]