[
  {
    "para_id": "9.649",
    "id_prev": "9.647",
    "id_next": "9.650",
    "refcode_1": "CTr",
    "refcode_2": "88",
    "refcode_3": "",
    "refcode_4": "82",
    "refcode_short": "CTr 88",
    "refcode_long": "Christ Triumphant, p. 88 (Ellen Gould White)",
    "element_type": "h3",
    "element_subtype": "",
    "content": "Christ Is Our Only Ladder to Heaven, March 22",
    "puborder": 561,
    "translations": [
      {
        "para_id": "797.600",
        "lang": "de",
        "refcode": "CS 82"
      },
      {
        "para_id": "1750.669",
        "lang": "es",
        "refcode": "CT 90"
      },
      {
        "para_id": "12426.655",
        "lang": "pl",
        "refcode": "TC 88"
      },
      {
        "para_id": "1918.954",
        "lang": "pt",
        "refcode": "CT 91"
      },
      {
        "para_id": "1852.737",
        "lang": "ru",
        "refcode": "ХП 88"
      },
      {
        "para_id": "12170.643",
        "lang": "uk",
        "refcode": "ХП 89"
      }
    ]
  },
  {
    "para_id": "9.650",
    "id_prev": "9.649",
    "id_next": "9.651",
    "refcode_1": "CTr",
    "refcode_2": "88",
    "refcode_3": "1",
    "refcode_4": "",
    "refcode_short": "CTr 88.1",
    "refcode_long": "Christ Triumphant, p. 88.1 (Ellen Gould White)",
    "element_type": "p",
    "element_subtype": "devotionaltext",
    "content": "And he dreamed, and behold a ladder set up on the earth, and the top of it reached to heaven ... And, behold, the Lord stood above it, and said ... the land whereon thou liest, to thee will I give it, and to thy seed. <span class=\"egwlink egwlink_bible\" title=\"Genesis 28:12\" data-link=\"1965.1602\">Genesis 28:12, 13</span>.",
    "puborder": 562,
    "translations": [
      {
        "para_id": "797.601",
        "lang": "de",
        "refcode": "CS 82.1"
      },
      {
        "para_id": "1750.670",
        "lang": "es",
        "refcode": "CT 90.1"
      },
      {
        "para_id": "12426.656",
        "lang": "pl",
        "refcode": "TC 88.1"
      },
      {
        "para_id": "1918.955",
        "lang": "pt",
        "refcode": "CT 91.3"
      },
      {
        "para_id": "1852.738",
        "lang": "ru",
        "refcode": "ХП 88.1"
      },
      {
        "para_id": "12170.644",
        "lang": "uk",
        "refcode": "ХП 89.1"
      }
    ]
  },
  {
    "para_id": "9.651",
    "id_prev": "9.650",
    "id_next": "9.652",
    "refcode_1": "CTr",
    "refcode_2": "88",
    "refcode_3": "2",
    "refcode_4": "",
    "refcode_short": "CTr 88.2",
    "refcode_long": "Christ Triumphant, p. 88.2 (Ellen Gould White)",
    "element_type": "p",
    "element_subtype": "standard-indented",
    "content": "The ladder is the medium of communication between God and the human race. Through the mystic ladder the gospel was preached to Jacob. As the ladder stretched from earth, reaching to the highest heavens, and the glory of God was seen above the ladder, so Christ in His divine nature reached immensity and was one with the Father. As the ladder, though its top penetrated into heaven, had its base upon the earth, so Christ, though [He was] God, clothed His divinity with humanity and was in the world &ldquo;found in fashion as a man.&rdquo; The ladder would be useless if it rested not on the earth or if it reached not to the heavens.",
    "puborder": 563,
    "translations": [
      {
        "para_id": "797.602",
        "lang": "de",
        "refcode": "CS 82.2"
      },
      {
        "para_id": "1750.671",
        "lang": "es",
        "refcode": "CT 90.2"
      },
      {
        "para_id": "12426.657",
        "lang": "pl",
        "refcode": "TC 88.2"
      },
      {
        "para_id": "1918.956",
        "lang": "pt",
        "refcode": "CT 91.4"
      },
      {
        "para_id": "1852.739",
        "lang": "ru",
        "refcode": "ХП 88.2"
      },
      {
        "para_id": "12170.645",
        "lang": "uk",
        "refcode": "ХП 89.2"
      }
    ]
  },
  {
    "para_id": "9.652",
    "id_prev": "9.651",
    "id_next": "9.653",
    "refcode_1": "CTr",
    "refcode_2": "88",
    "refcode_3": "3",
    "refcode_4": "",
    "refcode_short": "CTr 88.3",
    "refcode_long": "Christ Triumphant, p. 88.3 (Ellen Gould White)",
    "element_type": "p",
    "element_subtype": "standard-indented",
    "content": "God appeared in glory above the ladder, looking down with compassion on erring, sinful Jacob, addressing to him words of encouragement. It is through Christ that the Father beholds sinful human beings. The ministering angels were communicating to the inhabitants of the earth through the medium of the ladder. The only way that people can be saved is by clinging to Christ.",
    "puborder": 564,
    "translations": [
      {
        "para_id": "797.603",
        "lang": "de",
        "refcode": "CS 82.3"
      },
      {
        "para_id": "1750.672",
        "lang": "es",
        "refcode": "CT 90.3"
      },
      {
        "para_id": "12426.658",
        "lang": "pl",
        "refcode": "TC 88.3"
      },
      {
        "para_id": "1918.959",
        "lang": "pt",
        "refcode": "CT 92.1"
      },
      {
        "para_id": "1852.740",
        "lang": "ru",
        "refcode": "ХП 88.3"
      },
      {
        "para_id": "12170.646",
        "lang": "uk",
        "refcode": "ХП 89.3"
      }
    ]
  },
  {
    "para_id": "9.653",
    "id_prev": "9.652",
    "id_next": "9.654",
    "refcode_1": "CTr",
    "refcode_2": "88",
    "refcode_3": "4",
    "refcode_4": "",
    "refcode_short": "CTr 88.4",
    "refcode_long": "Christ Triumphant, p. 88.4 (Ellen Gould White)",
    "element_type": "p",
    "element_subtype": "standard-indented",
    "content": "We ascend to heaven by climbing the ladder&mdash;the whole height of Christ&apos;s work&mdash;step by step. There must be a holding fast to Christ, a climbing up by the merits of Christ. To let go is to cease to climb, to fall, to perish....",
    "puborder": 565,
    "translations": [
      {
        "para_id": "797.603",
        "lang": "de",
        "refcode": "CS 82.3"
      },
      {
        "para_id": "1750.673",
        "lang": "es",
        "refcode": "CT 90.4"
      },
      {
        "para_id": "12426.659",
        "lang": "pl",
        "refcode": "TC 88.4"
      },
      {
        "para_id": "1918.960",
        "lang": "pt",
        "refcode": "CT 92.2"
      },
      {
        "para_id": "1852.741",
        "lang": "ru",
        "refcode": "ХП 88.4"
      },
      {
        "para_id": "12170.647",
        "lang": "uk",
        "refcode": "ХП 89.4"
      }
    ]
  },
  {
    "para_id": "9.654",
    "id_prev": "9.653",
    "id_next": "9.655",
    "refcode_1": "CTr",
    "refcode_2": "88",
    "refcode_3": "5",
    "refcode_4": "",
    "refcode_short": "CTr 88.5",
    "refcode_long": "Christ Triumphant, p. 88.5 (Ellen Gould White)",
    "element_type": "p",
    "element_subtype": "standard-indented",
    "content": "The question with men and women gazing heavenward is How can I obtain the mansions for the blessed? It is by being a partaker of the divine nature. It is by escaping the &ldquo;corruption that is in the world through lust.&rdquo; It is by entering into the holiest by the blood of Jesus, laying hold of the hope set before you in the gospel.... It is by being in Christ and yet led by Christ, by believing and working&mdash;trusting in Jesus, yet working upon the plan of addition, holding on to Christ and constantly mounting upward toward God....",
    "puborder": 566,
    "translations": [
      {
        "para_id": "797.604",
        "lang": "de",
        "refcode": "CS 82.4"
      },
      {
        "para_id": "1750.674",
        "lang": "es",
        "refcode": "CT 90.5"
      },
      {
        "para_id": "12426.660",
        "lang": "pl",
        "refcode": "TC 88.5"
      },
      {
        "para_id": "1918.961",
        "lang": "pt",
        "refcode": "CT 92.3"
      },
      {
        "para_id": "1852.742",
        "lang": "ru",
        "refcode": "ХП 88.5"
      },
      {
        "para_id": "12170.648",
        "lang": "uk",
        "refcode": "ХП 89.5"
      }
    ]
  },
  {
    "para_id": "9.655",
    "id_prev": "9.654",
    "id_next": "9.657",
    "refcode_1": "CTr",
    "refcode_2": "88",
    "refcode_3": "6",
    "refcode_4": "",
    "refcode_short": "CTr 88.6",
    "refcode_long": "Christ Triumphant, p. 88.6 (Ellen Gould White)",
    "element_type": "p",
    "element_subtype": "standard-indented",
    "content": "We point you to the mansions Christ is preparing for all those who love Him. We point you to that city that hath foundations, whose builder and maker is God.... Climb step by step, and you will reach God above the ladder and the Holy City of God. None who will resolutely mount up on the ladder will fail of everlasting life. &ldquo;For so an entrance shall be ministered unto you abundantly into the everlasting kingdom of our Lord and Saviour Jesus Christ.&rdquo;&mdash;<span class=\"egwlink egwlink_book\" title=\"Ms 13, 1884\" data-link=\"14054.4391001\">Manuscript 13, 1884</span> (<span class=\"egwlink egwlink_book\" title=\"19MR 353.1\" data-link=\"60.1856\">Manuscript Releases 19:353-355</span>).",
    "puborder": 567,
    "translations": [
      {
        "para_id": "797.605",
        "lang": "de",
        "refcode": "CS 82.5"
      },
      {
        "para_id": "1750.675",
        "lang": "es",
        "refcode": "CT 90.6"
      },
      {
        "para_id": "12426.661",
        "lang": "pl",
        "refcode": "TC 88.6"
      },
      {
        "para_id": "1918.962",
        "lang": "pt",
        "refcode": "CT 92.4"
      },
      {
        "para_id": "1852.743",
        "lang": "ru",
        "refcode": "ХП 88.6"
      },
      {
        "para_id": "12170.649",
        "lang": "uk",
        "refcode": "ХП 89.6"
      }
    ]
  }
]