[
  {
    "para_id": "1482.1788",
    "id_prev": "1482.1785",
    "id_next": "1482.1789",
    "refcode_1": "SLWM",
    "refcode_2": "349",
    "refcode_3": "",
    "refcode_4": "",
    "refcode_short": "SLWM 349",
    "refcode_long": "Sketches of the Christian Life and Public Labors of William Miller, p. 349 (James Springer White)",
    "element_type": "h4",
    "element_subtype": "",
    "content": "&ldquo;&lsquo;ASSOCIATED ACTION",
    "puborder": 1148,
    "translations": []
  },
  {
    "para_id": "1482.1789",
    "id_prev": "1482.1788",
    "id_next": "1482.1790",
    "refcode_1": "SLWM",
    "refcode_2": "349",
    "refcode_3": "1",
    "refcode_4": "",
    "refcode_short": "SLWM 349.1",
    "refcode_long": "Sketches of the Christian Life and Public Labors of William Miller, p. 349.1 (James Springer White)",
    "element_type": "p",
    "element_subtype": "standard-indented",
    "content": "&ldquo;&lsquo;We are induced, from present circumstances affecting our spiritual interest, to present, for your consideration, a few ideas touching associated action.",
    "puborder": 1149,
    "translations": []
  },
  {
    "para_id": "1482.1790",
    "id_prev": "1482.1789",
    "id_next": "1482.1791",
    "refcode_1": "SLWM",
    "refcode_2": "349",
    "refcode_3": "2",
    "refcode_4": "",
    "refcode_short": "SLWM 349.2",
    "refcode_long": "Sketches of the Christian Life and Public Labors of William Miller, p. 349.2 (James Springer White)",
    "element_type": "p",
    "element_subtype": "standard-indented",
    "content": "&ldquo;&lsquo;Order is Heaven&rsquo;s first law. All things emanating from God are constituted on principles of perfect order. The New Testament rules for the government of the church we regard as binding on the whole brotherhood of Christ. No circumstances can justify us in departing from the usages established by Christ and his apostles.",
    "puborder": 1150,
    "translations": []
  },
  {
    "para_id": "1482.1791",
    "id_prev": "1482.1790",
    "id_next": "1482.1792",
    "refcode_1": "SLWM",
    "refcode_2": "349",
    "refcode_3": "3",
    "refcode_4": "",
    "refcode_short": "SLWM 349.3",
    "refcode_long": "Sketches of the Christian Life and Public Labors of William Miller, p. 349.3 (James Springer White)",
    "element_type": "p",
    "element_subtype": "standard-indented",
    "content": "&ldquo;&lsquo;We regard any congregation of believers, who habitually assemble for the worship of God and the due observance of gospel ordinances, as a church of Christ. As such, it is an independent body, accountable only to the great Head of the church. To all such we recommend a careful examination of the Scriptures, and the adoption of such principles of association and order as are in accordance therewith, that they may enjoy the advantages of that church relation which Christ has instituted.",
    "puborder": 1151,
    "translations": []
  }
]