[
  {
    "para_id": "428.4104",
    "id_prev": "428.4103",
    "id_next": "428.4105",
    "refcode_1": "1888",
    "refcode_2": "820",
    "refcode_3": "",
    "refcode_4": "",
    "refcode_short": "1888 820",
    "refcode_long": "The Ellen G. White 1888 Materials, p. 820 (Ellen Gould White)",
    "element_type": "h4",
    "element_subtype": "",
    "content": "Justification by Faith&mdash;How Perverted by Some",
    "puborder": 2890,
    "translations": []
  },
  {
    "para_id": "428.4105",
    "id_prev": "428.4104",
    "id_next": "428.4107",
    "refcode_1": "1888",
    "refcode_2": "820",
    "refcode_3": "2",
    "refcode_4": "",
    "refcode_short": "1888 820.2",
    "refcode_long": "The Ellen G. White 1888 Materials, p. 820.2 (Ellen Gould White)",
    "element_type": "p",
    "element_subtype": "standard-indented",
    "content": "Said the apostle Paul, &ldquo;Know ye not that the unrighteous shall not inherit the kingdom of God?...And such were some of you: but ye are washed, but ye are sanctified, but ye are justified in the name of the Lord Jesus, and by the Spirit of our God.&rdquo; <span class=\"egwlink egwlink_bible\" title=\"1 Corinthians 6:9\" data-link=\"1965.58069\">1 Corinthians 6:9-11</span>. The absence of devotion, piety, and sanctification of the outer man comes through denying Jesus Christ our righteousness. The love of God needs to be constantly cultivated.",
    "puborder": 2891,
    "translations": []
  },
  {
    "para_id": "428.4107",
    "id_prev": "428.4105",
    "id_next": "428.4108",
    "refcode_1": "1888",
    "refcode_2": "821",
    "refcode_3": "1",
    "refcode_4": "",
    "refcode_short": "1888 821.1",
    "refcode_long": "The Ellen G. White 1888 Materials, p. 821.1 (Ellen Gould White)",
    "element_type": "p",
    "element_subtype": "standard-indented",
    "content": "Oh, how my heart cries out to the living God for the mind of Jesus Christ! I want to lose sight of self. I want to work with all the powers I am capable of exercising to save souls for whom Christ has made the infinite sacrifice of His own precious life. I must seek wisdom daily to know how to deal with souls that are entrapped by Satan&apos;s snares. There are many erring, well-beloved souls whom we may win back to God if we are imbued with the spirit of Christ. The Lord loves them, notwithstanding their sins and follies. He gave His only beloved Son to save them, and it was because He loved them that He sent His Son into the world that whosoever believeth in Him should not perish but have everlasting life.",
    "puborder": 2892,
    "translations": []
  },
  {
    "para_id": "428.4108",
    "id_prev": "428.4107",
    "id_next": "428.4109",
    "refcode_1": "1888",
    "refcode_2": "821",
    "refcode_3": "2",
    "refcode_4": "",
    "refcode_short": "1888 821.2",
    "refcode_long": "The Ellen G. White 1888 Materials, p. 821.2 (Ellen Gould White)",
    "element_type": "p",
    "element_subtype": "standard-indented",
    "content": "I must ever keep close to Jesus Christ that I may constantly be a partaker of the divine nature and have a deep personal interest in those who have once been my best friends but in time of temptation have lifted up their heels against me. The love of Christ must not be extinguished in the soul. The prejudice against me cannot make me what they think I am, and I shall not feel hard toward them; but when I see my own brethren in the faith, responsible men, working in darkness, my heart aches. They have not injured me, but the Lord Jesus who has delegated me to bear His message to them.",
    "puborder": 2893,
    "translations": []
  },
  {
    "para_id": "428.4109",
    "id_prev": "428.4108",
    "id_next": "428.4112",
    "refcode_1": "1888",
    "refcode_2": "821",
    "refcode_3": "3",
    "refcode_4": "",
    "refcode_short": "1888 821.3",
    "refcode_long": "The Ellen G. White 1888 Materials, p. 821.3 (Ellen Gould White)",
    "element_type": "p",
    "element_subtype": "standard-indented",
    "content": "And now I can but weep as I think of the suffering, stubborn natures who will not yield to evidence. They wear an appearance of nonconcern, but it is not truth. Gladly would they change their relation to me and those whom they have deeply wronged by thoughts, by words, by influence, if they could avoid the humiliation of saying, &ldquo;I have committed an error; I confess my faults, will you forgive me?&rdquo; The haughty, stubborn will evades the very points they will have to face if their souls are recovered and converted. Oh, will they never break the spell of Satan that is upon them? Will they cherish <span class=\"page-break\" data-page=\"822\"></span> their pride to the last? How my heart longs to see them free and not in the strong deceptions of Satan.",
    "puborder": 2894,
    "translations": []
  },
  {
    "para_id": "428.4112",
    "id_prev": "428.4109",
    "id_next": "428.4113",
    "refcode_1": "1888",
    "refcode_2": "822",
    "refcode_3": "1",
    "refcode_4": "",
    "refcode_short": "1888 822.1",
    "refcode_long": "The Ellen G. White 1888 Materials, p. 822.1 (Ellen Gould White)",
    "element_type": "p",
    "element_subtype": "standard-indented",
    "content": "While one class pervert the doctrine of justification by faith and neglect to comply with the conditions laid down in the Word of God&mdash;&ldquo;If ye love me, keep my commandments,&rdquo;&mdash;there is fully as great an error on the part of those who claim to believe and obey the commandments of God but who place themselves in opposition to the precious rays of light&mdash;new to them&mdash;reflected from the cross of Calvary. The first class do not see the wondrous things in the law of God for all who are doers of His Word. The others cavil over trivialities, and neglect the weightier matters, mercy and the love of God.",
    "puborder": 2895,
    "translations": []
  },
  {
    "para_id": "428.4113",
    "id_prev": "428.4112",
    "id_next": "428.4114",
    "refcode_1": "1888",
    "refcode_2": "822",
    "refcode_3": "2",
    "refcode_4": "",
    "refcode_short": "1888 822.2",
    "refcode_long": "The Ellen G. White 1888 Materials, p. 822.2 (Ellen Gould White)",
    "element_type": "p",
    "element_subtype": "standard-indented",
    "content": "Many have lost very much in that they have not opened the eyes of their understanding to discern the wondrous things in the law of God. On the one hand, religionists generally have divorced the law and the gospel, while we have, on the other hand, almost done the same from another standpoint. We have not held up before the people the righteousness of Christ and the full significance of His great plan of redemption. We have left out Christ and His matchless love, brought in theories and reasonings, and preached argumentative discourses.",
    "puborder": 2896,
    "translations": []
  },
  {
    "para_id": "428.4114",
    "id_prev": "428.4113",
    "id_next": "428.4116",
    "refcode_1": "1888",
    "refcode_2": "822",
    "refcode_3": "3",
    "refcode_4": "",
    "refcode_short": "1888 822.3",
    "refcode_long": "The Ellen G. White 1888 Materials, p. 822.3 (Ellen Gould White)",
    "element_type": "p",
    "element_subtype": "standard-indented",
    "content": "Unconverted men have stood in the pulpits sermonizing. Their own hearts have never experienced, through a living, clinging, trusting faith, the sweet evidence of the forgiveness of their sins. How then can they preach the love, the sympathy, the forgiveness of God for all sins? How can they say, &ldquo;Look and live&rdquo;? Looking at the cross of Calvary, you will have a desire to bear the cross. A world&apos;s Redeemer hung upon the cross of Calvary. Behold the Saviour of the world, in whom dwelt all the fullness of the Godhead bodily. Can any look, and behold the sacrifice of God&apos;s dear Son, and their hearts not be melted and broken, ready to surrender to God heart and soul?",
    "puborder": 2897,
    "translations": []
  },
  {
    "para_id": "428.4116",
    "id_prev": "428.4114",
    "id_next": "428.4117",
    "refcode_1": "1888",
    "refcode_2": "823",
    "refcode_3": "1",
    "refcode_4": "",
    "refcode_short": "1888 823.1",
    "refcode_long": "The Ellen G. White 1888 Materials, p. 823.1 (Ellen Gould White)",
    "element_type": "p",
    "element_subtype": "standard-indented",
    "content": "Let this point be fully settled in every mind: If we accept Christ as a Redeemer, we must accept Him as a Ruler. We cannot have the assurance and perfect confiding trust in Christ as our Saviour until we acknowledge Him as our King and are obedient to His commandments. Thus we evidence our allegiance to God. We have then the genuine ring in our faith, for it is a working faith. It works by love. Speak it from your heart: &ldquo;Lord, I believe Thou hast died to redeem my soul. If Thou hast placed such a value upon the soul as to give Thy life for mine, I will respond. I give my life and all its possibilities, in all my weakness, into Thy keeping.&rdquo;",
    "puborder": 2898,
    "translations": []
  },
  {
    "para_id": "428.4117",
    "id_prev": "428.4116",
    "id_next": "428.4118",
    "refcode_1": "1888",
    "refcode_2": "823",
    "refcode_3": "2",
    "refcode_4": "",
    "refcode_short": "1888 823.2",
    "refcode_long": "The Ellen G. White 1888 Materials, p. 823.2 (Ellen Gould White)",
    "element_type": "p",
    "element_subtype": "standard-indented",
    "content": "The will must be brought into complete harmony with the will of God. When this is done, no ray of light that shines into the heart and chambers of the mind will be resisted. The soul will not be barricaded with prejudice, calling light darkness and darkness light. The light from heaven is welcomed, as light filling all the chambers of the soul. This is making melody to God.",
    "puborder": 2899,
    "translations": []
  },
  {
    "para_id": "428.4118",
    "id_prev": "428.4117",
    "id_next": "428.4119",
    "refcode_1": "1888",
    "refcode_2": "823",
    "refcode_3": "3",
    "refcode_4": "",
    "refcode_short": "1888 823.3",
    "refcode_long": "The Ellen G. White 1888 Materials, p. 823.3 (Ellen Gould White)",
    "element_type": "p",
    "element_subtype": "standard-indented",
    "content": "How much do we believe from the heart? Draw nigh to God, and God will draw nigh to you. This means to be much with the Lord in prayer. When those who have educated themselves in skepticism and have cherished unbelief, weaving questioning doubts into their experience, are under conviction of the Spirit of God, they see it to be their personal duty to confess their unbelief. They open their hearts to accept the light sent them and throw themselves by faith over the line from sin to righteousness, from doubt to faith. They consecrate themselves unreservedly to God, to follow His light in the place of the sparks of their own kindling. As they maintain their consecration, they will see increased light and the light will continue to grow brighter and brighter unto the perfect day.",
    "puborder": 2900,
    "translations": []
  },
  {
    "para_id": "428.4119",
    "id_prev": "428.4118",
    "id_next": "428.9271",
    "refcode_1": "1888",
    "refcode_2": "823",
    "refcode_3": "4",
    "refcode_4": "",
    "refcode_short": "1888 823.4",
    "refcode_long": "The Ellen G. White 1888 Materials, p. 823.4 (Ellen Gould White)",
    "element_type": "p",
    "element_subtype": "standard-indented",
    "content": "The unbelief which is cherished in the soul has a bewitching power. <span class=\"page-break\" data-page=\"824\"></span> The seeds of doubt which they have been sowing will produce their harvest, but they must continue to dig up every root of unbelief. When these poisonous plants are pulled up, they cease to grow for want of nourishment in word and action. The soul must have the precious plants of faith and love put in the soil of the heart and enthroned there.",
    "puborder": 2901,
    "translations": []
  },
  {
    "para_id": "428.9271",
    "id_prev": "428.4119",
    "id_next": "428.4123",
    "refcode_1": "1888",
    "refcode_2": "824",
    "refcode_3": "",
    "refcode_4": "",
    "refcode_short": "",
    "refcode_long": "",
    "element_type": "p",
    "element_subtype": "standard-noindent",
    "content": "<span class=\"non-egw-comment\">Copied as grammatically corrected from<br />handwritten Book No. 16, Journal for 1890,<br />pp. 17-41 and 159-164<br />July 1, 1959<br />MMO</span>",
    "puborder": 2902,
    "translations": []
  }
]