[
  {
    "para_id": "11974.295",
    "id_prev": "11974.294",
    "id_next": "11974.296",
    "refcode_1": "TR",
    "refcode_2": "54",
    "refcode_3": "",
    "refcode_4": "49",
    "refcode_short": "TR 54",
    "refcode_long": "True Revival, p. 54 (Ellen Gould White)",
    "element_type": "h4",
    "element_subtype": "",
    "content": "Why Aren&apos;t Miracles Enough?",
    "puborder": 207,
    "translations": [
      {
        "para_id": "11981.297",
        "lang": "ru",
        "refcode": "ИсВ 54"
      }
    ]
  },
  {
    "para_id": "11974.296",
    "id_prev": "11974.295",
    "id_next": "11974.297",
    "refcode_1": "TR",
    "refcode_2": "54",
    "refcode_3": "2",
    "refcode_4": "",
    "refcode_short": "TR 54.2",
    "refcode_long": "True Revival, p. 54.2 (Ellen Gould White)",
    "element_type": "p",
    "element_subtype": "standard-indented",
    "content": "The man who makes the working of miracles the test of his faith will find that Satan can, through a species of deceptions, perform wonders that will appear to be genuine miracles.&mdash;<span class=\"egwlink egwlink_book\" title=\"2SM 52.1\" data-link=\"99.280\">Selected Messages 2:52.</span>",
    "puborder": 208,
    "translations": [
      {
        "para_id": "11981.298",
        "lang": "ru",
        "refcode": "ИсВ 54.3"
      }
    ]
  },
  {
    "para_id": "11974.297",
    "id_prev": "11974.296",
    "id_next": "11974.299",
    "refcode_1": "TR",
    "refcode_2": "54",
    "refcode_3": "3",
    "refcode_4": "",
    "refcode_short": "TR 54.3",
    "refcode_long": "True Revival, p. 54.3 (Ellen Gould White)",
    "element_type": "p",
    "element_subtype": "standard-indented",
    "content": "Satan is a cunning worker, and he will bring in subtle fallacies to darken and confuse the mind and root out the doctrines of salvation. Those who do not accept the Word of God just as it reads, will be snared in his trap.&mdash;Ibid.",
    "puborder": 209,
    "translations": [
      {
        "para_id": "11981.299",
        "lang": "ru",
        "refcode": "ИсВ 54.4"
      }
    ]
  },
  {
    "para_id": "11974.299",
    "id_prev": "11974.297",
    "id_next": "11974.300",
    "refcode_1": "TR",
    "refcode_2": "55",
    "refcode_3": "1",
    "refcode_4": "",
    "refcode_short": "TR 55.1",
    "refcode_long": "True Revival, p. 55.1 (Ellen Gould White)",
    "element_type": "p",
    "element_subtype": "standard-indented",
    "content": "Evil angels are upon our track every moment. ...They assume new ground and work marvels and miracles in our sight. ...",
    "puborder": 210,
    "translations": [
      {
        "para_id": "11981.301",
        "lang": "ru",
        "refcode": "ИсВ 55.1"
      }
    ]
  },
  {
    "para_id": "11974.300",
    "id_prev": "11974.299",
    "id_next": "11974.301",
    "refcode_1": "TR",
    "refcode_2": "55",
    "refcode_3": "2",
    "refcode_4": "",
    "refcode_short": "TR 55.2",
    "refcode_long": "True Revival, p. 55.2 (Ellen Gould White)",
    "element_type": "p",
    "element_subtype": "standard-indented",
    "content": "Some will be tempted to receive these wonders as from God. The sick will be healed before us. Miracles will be performed in our sight. Are we prepared for the trial which awaits us when the lying wonders of Satan shall be more fully exhibited? Will not many souls be ensnared and taken? By departing from the plain precepts and commandments of God, and giving heed to fables, the minds of many are preparing to receive these lying wonders. We must all now seek to arm ourselves for the contest in which we must soon engage. Faith in God&apos;s word, prayerfully studied and practically applied, will be our shield from Satan&apos;s power and will bring us off conquerors through the blood of Christ.&mdash;<span class=\"egwlink egwlink_book\" title=\"1T 302.1\" data-link=\"116.1476\">Testimonies For The Church 1:302</span>.",
    "puborder": 211,
    "translations": [
      {
        "para_id": "11981.302",
        "lang": "ru",
        "refcode": "ИсВ 55.2"
      }
    ]
  }
]