{
  "book_id": 11974,
  "code": "TR",
  "lang": "en",
  "type": "book",
  "subtype": "",
  "title": "True Revival",
  "first_para": "11974.2",
  "author": "Ellen Gould White",
  "description": "This volume collects Ellen White's most important writings on revival. She helps us distinguish between true and false revival, and talks about how revival reveals itself in our Christian walk.",
  "npages": 96,
  "isbn": null,
  "publisher": "Review and Herald Publishing Association",
  "pub_year": "2010",
  "buy_link": "https://www.adventistbookcenter.com/true-revival.html",
  "folder_id": 4,
  "cover": {
    "small": "/covers/11974_s.jpg",
    "large": "/covers/11974_r.jpg"
  },
  "files": {
    "mp3": "/mp3/11974/en_TR.zip",
    "pdf": "/pdf/en_TR.pdf",
    "epub": "/epub/en_TR.epub",
    "mobi": "/mobi/en_TR.mobi"
  },
  "permission_required": "public",
  "sort": 3000127,
  "is_audiobook": true,
  "cite": "White, E. G. (2010) True Revival. Review and Herald Publishing Association.",
  "translated_into": [
    "ru",
    "zh"
  ]
}