[
  {
    "para_id": "656.3028",
    "id_prev": "656.3027",
    "id_next": "656.3029",
    "refcode_1": "MOL",
    "refcode_2": "328",
    "refcode_3": "",
    "refcode_4": "6",
    "refcode_short": "MOL 328",
    "refcode_long": "Messenger of the Lord, p. 328 (Herbert E. Douglass)",
    "element_type": "h4",
    "element_subtype": "",
    "content": "Cancer, a Virus",
    "puborder": 2516,
    "translations": []
  },
  {
    "para_id": "656.3029",
    "id_prev": "656.3028",
    "id_next": "656.3030",
    "refcode_1": "MOL",
    "refcode_2": "328",
    "refcode_3": "9",
    "refcode_4": "",
    "refcode_short": "MOL 328.9",
    "refcode_long": "Messenger of the Lord, p. 328.9 (Herbert E. Douglass)",
    "element_type": "p",
    "element_subtype": "standard-indented",
    "content": "On page 322 we discussed Ellen White&rsquo;s instruction regarding dietary factors that may cause cancer. At the time she wrote, eminent men and women of science emphatically declared that cancer was not infectious, that there was no cancer germ.",
    "puborder": 2517,
    "translations": []
  },
  {
    "para_id": "656.3030",
    "id_prev": "656.3029",
    "id_next": "656.3033",
    "refcode_1": "MOL",
    "refcode_2": "328",
    "refcode_3": "10",
    "refcode_4": "",
    "refcode_short": "MOL 328.10",
    "refcode_long": "Messenger of the Lord, p. 328.10 (Herbert E. Douglass)",
    "element_type": "p",
    "element_subtype": "standard-indented",
    "content": "Decades later, in 1956, Wendell Stanley, a Ph.D. virologist and Nobel Prize winner at the University of California, asserted his belief that &ldquo;viruses cause most or all human cancers.&rdquo; He described viruses as &ldquo;midget germs&rdquo; that &ldquo;lurk in the human body for years, even a lifetime; <span class=\"page-break\" data-page=\"329\"></span> some cause trouble, some do not.... In some cases, the cancer viruses might become active by aging, dietary indiscretions, hormonal imbalance, chemicals, radiation, or a combination of these stresses, and malignancies may follow.&rdquo; <sup class=\"chapterendnote\"><a class=\"chapterendnote\">146<span class=\"chapterendnote\">Third National Cancer Conference, as reported by World Wide Medical News Service, Chicago, 1956. See also <span class=\"egw-no-link\" title=\"RH 5-2-1957\">The Review and Herald, May 2, 1957</span>, p. 12.</span></a></sup> Much cancer research has been done since, lending support to Ellen White&rsquo;s reference to &ldquo;cancerous germs,&rdquo; <sup class=\"chapterendnote\"><a class=\"chapterendnote\">147<span class=\"chapterendnote\"><span class=\"egwlink egwlink_book\" title=\"MH 313.1\" data-link=\"135.1585\">The Ministry of Healing, 313</span>. &ldquo;Proof that viruses cause various forms of malignant diseases in a variety of animals has been obtained by direct experimentation; thus, purified viruses inoculated into susceptible animals can induce malignant cells, and the cells of the malignancy can be shown to contain virus or virus-induced products.... Similar investigations cannot be carried out in man ... due to the ethical constraints.... The viruses now thought to be possibly aetiologically associated with human cancers are shown in Table 11-5. In all cases association is based on circumstantial evidence, but the weight of evidence in some cases is now heavy.&rdquo;</span></a></sup> but currently it is believed that there are other, more common, causes of cancer as well.",
    "puborder": 2518,
    "translations": []
  },
  {
    "para_id": "656.3033",
    "id_prev": "656.3030",
    "id_next": "656.3034",
    "refcode_1": "MOL",
    "refcode_2": "329",
    "refcode_3": "1",
    "refcode_4": "",
    "refcode_short": "MOL 329.1",
    "refcode_long": "Messenger of the Lord, p. 329.1 (Herbert E. Douglass)",
    "element_type": "p",
    "element_subtype": "standard-indented",
    "content": "Dr. Robert J. Huebner, chief of the Laboratory of Infectious Diseases at the National Institutes of Health at Bethesda, Maryland, reported in 1961 that &ldquo;there isn&rsquo;t the slightest doubt in our minds that human cancers are caused by viruses. To this extent, they are simply infectious diseases.&rdquo; <sup class=\"chapterendnote\"><a class=\"chapterendnote\">148<span class=\"chapterendnote\">Newsweek, March 27, 1961.</span></a></sup>",
    "puborder": 2519,
    "translations": []
  }
]