[
  {
    "para_id": "656.320",
    "id_prev": "656.319",
    "id_next": "656.321",
    "refcode_1": "MOL",
    "refcode_2": "20",
    "refcode_3": "",
    "refcode_4": "21",
    "refcode_short": "MOL 20",
    "refcode_long": "Messenger of the Lord, p. 20 (Herbert E. Douglass)",
    "element_type": "h4",
    "element_subtype": "",
    "content": "The Prophet Jesus",
    "puborder": 291,
    "translations": []
  },
  {
    "para_id": "656.321",
    "id_prev": "656.320",
    "id_next": "656.322",
    "refcode_1": "MOL",
    "refcode_2": "20",
    "refcode_3": "4",
    "refcode_4": "",
    "refcode_short": "MOL 20.4",
    "refcode_long": "Messenger of the Lord, p. 20.4 (Herbert E. Douglass)",
    "element_type": "p",
    "element_subtype": "standard-indented",
    "content": "The twelve disciples saw Him as a prophet. One wrote: &ldquo;The things concerning Jesus of Nazareth, who was a Prophet mighty in deed and word before God and all the people....&rdquo; (<span class=\"egwlink egwlink_bible\" title=\"Luke 24:19\" data-link=\"1965.53062\">Luke 24:19</span>). <sup class=\"chapterendnote\"><a class=\"chapterendnote\">26<span class=\"chapterendnote\">See also Jaroslav Pelikan, Jesus Through the Centuries (New Haven, CT: Yale University Press, 1985), pp. 14-17.</span></a></sup>",
    "puborder": 292,
    "translations": []
  },
  {
    "para_id": "656.322",
    "id_prev": "656.321",
    "id_next": "656.323",
    "refcode_1": "MOL",
    "refcode_2": "20",
    "refcode_3": "5",
    "refcode_4": "",
    "refcode_short": "MOL 20.5",
    "refcode_long": "Messenger of the Lord, p. 20.5 (Herbert E. Douglass)",
    "element_type": "p",
    "element_subtype": "standard-indented",
    "content": "Jesus referred to Himself as a prophet: &ldquo;So they were offended at Him. But Jesus said to them, &lsquo;A prophet is not without honor except in his own country and in his own house.&rsquo; And He did not do many mighty works there because of their unbelief&rdquo; (<span class=\"egwlink egwlink_bible\" title=\"Matthew 13:57\" data-link=\"1965.48177\">Matthew 13:57, 58</span>).",
    "puborder": 293,
    "translations": []
  },
  {
    "para_id": "656.323",
    "id_prev": "656.322",
    "id_next": "656.324",
    "refcode_1": "MOL",
    "refcode_2": "20",
    "refcode_3": "6",
    "refcode_4": "",
    "refcode_short": "MOL 20.6",
    "refcode_long": "Messenger of the Lord, p. 20.6 (Herbert E. Douglass)",
    "element_type": "p",
    "element_subtype": "standard-indented",
    "content": "Jesus felt it all&mdash;He experienced the hot knife of ingratitude and rejection that most all prophets and prophetesses have endured. No one had better personal credentials, or a more impeccable and consistent life, but prophets are not generally welcome because they speak for God and not to gratify the desires of the human heart. <sup class=\"chapterendnote\"><a class=\"chapterendnote\">27<span class=\"chapterendnote\">&ldquo;The whole public ministry of our Lord was that of a prophet. He was much more than this. But it was as a prophet that He acted and spoke. It was this which gave Him His hold on the mind of the nation. He entered, as it were naturally, on an office vacant but already existing. His discourses were all, in the highest sense of the word, &lsquo;prophecies.&rsquo;&rdquo; Dean Arthur P. Stanley, History of the Jewish Church, volume III, (New York: Charles Scribner&rsquo;s Sons, 1880) p. 379.</span></a></sup>",
    "puborder": 294,
    "translations": []
  },
  {
    "para_id": "656.324",
    "id_prev": "656.323",
    "id_next": "656.325",
    "refcode_1": "MOL",
    "refcode_2": "20",
    "refcode_3": "7",
    "refcode_4": "",
    "refcode_short": "MOL 20.7",
    "refcode_long": "Messenger of the Lord, p. 20.7 (Herbert E. Douglass)",
    "element_type": "p",
    "element_subtype": "standard-indented",
    "content": "For the first time in the history of the world, a prophet came who would not point to another. The Prophet Jesus said of Himself: &ldquo;This is the work of God, that you believe in Him whom He sent.... Most assuredly, I say to you, Moses did not give you the bread from heaven, but My Father gives you the true bread from heaven. For the bread of God is He who comes down from heaven and gives life to the world.... I am the bread of life&rdquo; (<span class=\"egwlink egwlink_bible\" title=\"John 6:29\" data-link=\"1965.53621\">John 6:29-35</span>).",
    "puborder": 295,
    "translations": []
  },
  {
    "para_id": "656.325",
    "id_prev": "656.324",
    "id_next": "656.326",
    "refcode_1": "MOL",
    "refcode_2": "20",
    "refcode_3": "8",
    "refcode_4": "",
    "refcode_short": "MOL 20.8",
    "refcode_long": "Messenger of the Lord, p. 20.8 (Herbert E. Douglass)",
    "element_type": "p",
    "element_subtype": "standard-indented",
    "content": "As all genuine prophets and prophetesses, Christ&rsquo;s chief focus was to tell the truth about God and how men and women can rejoin the celestial family: &ldquo;And this is eternal life, that they may know You, the only true God, and Jesus Christ whom You have sent. I have glorified You on the earth. I have finished the work which You have given Me to do&rdquo; (<span class=\"egwlink egwlink_bible\" title=\"John 17:3\" data-link=\"1965.54584\">John 17:3, 4</span>).",
    "puborder": 296,
    "translations": []
  },
  {
    "para_id": "656.326",
    "id_prev": "656.325",
    "id_next": "656.327",
    "refcode_1": "MOL",
    "refcode_2": "20",
    "refcode_3": "9",
    "refcode_4": "",
    "refcode_short": "MOL 20.9",
    "refcode_long": "Messenger of the Lord, p. 20.9 (Herbert E. Douglass)",
    "element_type": "p",
    "element_subtype": "standard-indented",
    "content": "Before Jesus returned to heaven, He made provision for the prophetic office to continue until His return. The same good news about God would be needed until His return. The same good news about how rebels could be transformed into happy, obedient believers would be needed. This prophetic provision would be one of the primary responsibilities of the Holy Spirit who would give &ldquo;gifts to men&rdquo; (<span class=\"egwlink egwlink_bible\" title=\"Ephesians 4:8\" data-link=\"1965.59713\">Ephesians 4:8</span>).",
    "puborder": 297,
    "translations": []
  },
  {
    "para_id": "656.327",
    "id_prev": "656.326",
    "id_next": "656.328",
    "refcode_1": "MOL",
    "refcode_2": "20",
    "refcode_3": "10",
    "refcode_4": "",
    "refcode_short": "MOL 20.10",
    "refcode_long": "Messenger of the Lord, p. 20.10 (Herbert E. Douglass)",
    "element_type": "p",
    "element_subtype": "standard-indented",
    "content": "The beginning of the Christian church coincides with the renewal of these spiritual gifts: &ldquo;He Himself [Jesus] gave some to be apostles, some prophets, some evangelists, and some pastors and teachers&rdquo; (<span class=\"egwlink egwlink_bible\" title=\"Ephesians 4:11\" data-link=\"1965.59719\">Ephesians 4:11, 12</span>).",
    "puborder": 298,
    "translations": []
  },
  {
    "para_id": "656.328",
    "id_prev": "656.327",
    "id_next": "656.331",
    "refcode_1": "MOL",
    "refcode_2": "20",
    "refcode_3": "11",
    "refcode_4": "",
    "refcode_short": "MOL 20.11",
    "refcode_long": "Messenger of the Lord, p. 20.11 (Herbert E. Douglass)",
    "element_type": "p",
    "element_subtype": "standard-indented",
    "content": "These gifts were not only to launch the Christian church, they were to remain in the church until the end: &ldquo;Till we all come to the unity of the faith and the knowledge of the Son of God, to a perfect man, to the measure of the stature of the fullness of Christ; that we should no longer be children, tossed to and fro and carried about with every wind of doctrine...&rdquo; (<span class=\"egwlink egwlink_bible\" title=\"Ephesians 4:13\" data-link=\"1965.59723\">Ephesians 4:13, 14</span>). How long? As long as the church exists; as long as imperfect and immature men and women need time <span class=\"page-break\" data-page=\"21\"></span> to &ldquo;grow up&rdquo; to the &ldquo;measure of... Christ,&rdquo; apostles, prophets, evangelists, pastors, and teachers will be needed.",
    "puborder": 299,
    "translations": []
  },
  {
    "para_id": "656.331",
    "id_prev": "656.328",
    "id_next": "656.332",
    "refcode_1": "MOL",
    "refcode_2": "21",
    "refcode_3": "1",
    "refcode_4": "",
    "refcode_short": "MOL 21.1",
    "refcode_long": "Messenger of the Lord, p. 21.1 (Herbert E. Douglass)",
    "element_type": "p",
    "element_subtype": "standard-indented",
    "content": "Paul reminded his Corinthian friends that they were &ldquo;enriched in everything by Him in all utterance and all knowledge, even as the testimony of Christ was confirmed in you&rdquo; (<span class=\"egwlink egwlink_bible\" title=\"1 Corinthians 1:5\" data-link=\"1965.57848\">1 Corinthians 1:5, 6</span>). That is, they have grown spiritually and will continue to mature to the extent they continue to listen closely to the messages of the prophets which are signified as &ldquo;the testimony of Christ.&rdquo; As we noted on page 3, &ldquo;the testimony of Jesus [or Christ]&rdquo; (<span class=\"egwlink egwlink_bible\" title=\"Revelation 12:17\" data-link=\"1965.63064\">Revelation 12:17</span>) is the &ldquo;spirit of prophecy&rdquo; (<span class=\"egwlink egwlink_bible\" title=\"Revelation 19:10\" data-link=\"1965.63309\">Revelation 19:10</span>).",
    "puborder": 300,
    "translations": []
  },
  {
    "para_id": "656.332",
    "id_prev": "656.331",
    "id_next": "656.333",
    "refcode_1": "MOL",
    "refcode_2": "21",
    "refcode_3": "2",
    "refcode_4": "",
    "refcode_short": "MOL 21.2",
    "refcode_long": "Messenger of the Lord, p. 21.2 (Herbert E. Douglass)",
    "element_type": "p",
    "element_subtype": "standard-indented",
    "content": "Further, Paul declared that the church would &ldquo;come short in no gift, eagerly waiting for the revelation of our Lord Jesus Christ&rdquo; (<span class=\"egwlink egwlink_bible\" title=\"1 Corinthians 1:7\" data-link=\"1965.57852\">1 Corinthians 1:7</span>). It may be significant that Paul singled out the &ldquo;gift of prophecy&rdquo; when he emphasized that the church would not be lacking any of the gifts until Jesus returned. Probably no gift would be more needed in the end-time than the gift of prophecy.",
    "puborder": 301,
    "translations": []
  },
  {
    "para_id": "656.333",
    "id_prev": "656.332",
    "id_next": "656.334",
    "refcode_1": "MOL",
    "refcode_2": "21",
    "refcode_3": "3",
    "refcode_4": "",
    "refcode_short": "MOL 21.3",
    "refcode_long": "Messenger of the Lord, p. 21.3 (Herbert E. Douglass)",
    "element_type": "p",
    "element_subtype": "standard-indented",
    "content": "Later, in the same letter, Paul elaborated on how the gifts would function in the work of the church (<span class=\"egwlink egwlink_bible\" title=\"1 Corinthians 12:1\" data-link=\"1965.58393\">1 Corinthians 12</span>). Although each gift would have its own special work, all the gifts would serve the common purpose of helping men and women &ldquo;grow up.&rdquo;",
    "puborder": 302,
    "translations": []
  },
  {
    "para_id": "656.334",
    "id_prev": "656.333",
    "id_next": "656.335",
    "refcode_1": "MOL",
    "refcode_2": "21",
    "refcode_3": "4",
    "refcode_4": "",
    "refcode_short": "MOL 21.4",
    "refcode_long": "Messenger of the Lord, p. 21.4 (Herbert E. Douglass)",
    "element_type": "p",
    "element_subtype": "standard-indented",
    "content": "Clearly, the gifts of the Spirit are &ldquo;given&rdquo; by the Spirit (<span class=\"egwlink egwlink_bible\" title=\"1 Corinthians 12:7\" data-link=\"1965.58405\">1 Corinthians 12:7</span>). They are not abilities earned by training or an honor conferred by human beings. The &ldquo;fruit of the Spirit&rdquo; (<span class=\"egwlink egwlink_bible\" title=\"Galatians 5:22\" data-link=\"1965.59515\">Galatians 5:22</span>) is to be sought by everyone, but the &ldquo;gifts of the Spirit&rdquo; are distributed &ldquo;to each one individually as He wills&rdquo; (<span class=\"egwlink egwlink_bible\" title=\"1 Corinthians 12:11\" data-link=\"1965.58413\">1 Corinthians 12:11</span>). Whether one possesses a particular gift is not to be made a test of Christian fellowship, because no one has all the gifts.",
    "puborder": 303,
    "translations": []
  },
  {
    "para_id": "656.335",
    "id_prev": "656.334",
    "id_next": "656.336",
    "refcode_1": "MOL",
    "refcode_2": "21",
    "refcode_3": "5",
    "refcode_4": "",
    "refcode_short": "MOL 21.5",
    "refcode_long": "Messenger of the Lord, p. 21.5 (Herbert E. Douglass)",
    "element_type": "p",
    "element_subtype": "standard-indented",
    "content": "The permanence of these spiritual gifts, especially the gift of prophecy, is assumed in the apostolic instruction. Remembering Christ&rsquo;s counsel that &ldquo;false prophets&rdquo; would arise in the end-time (<span class=\"egwlink egwlink_bible\" title=\"Matthew 24:24\" data-link=\"1965.48958\">Matthew 24:24</span>), Paul cautioned: &ldquo;Do not quench the Spirit. Do not despise prophecies. Test all things; hold fast what is good&rdquo; (<span class=\"egwlink egwlink_bible\" title=\"1 Thessalonians 5:19\" data-link=\"1965.60451\">1 Thessalonians 5:19-21</span>). The well-being of church members awaiting the Advent will depend on how they accept the counsel of true prophets&mdash;especially in being able to discern the false from the true.",
    "puborder": 304,
    "translations": []
  }
]