[
  {
    "para_id": "656.2772",
    "id_prev": "656.2771",
    "id_next": "656.2773",
    "refcode_1": "MOL",
    "refcode_2": "304",
    "refcode_3": "",
    "refcode_4": "6",
    "refcode_short": "MOL 304",
    "refcode_long": "Messenger of the Lord, p. 304 (Herbert E. Douglass)",
    "element_type": "h4",
    "element_subtype": "",
    "content": "Fifth Health Vision",
    "puborder": 2300,
    "translations": []
  },
  {
    "para_id": "656.2773",
    "id_prev": "656.2772",
    "id_next": "656.2774",
    "refcode_1": "MOL",
    "refcode_2": "304",
    "refcode_3": "3",
    "refcode_4": "",
    "refcode_short": "MOL 304.3",
    "refcode_long": "Messenger of the Lord, p. 304.3 (Herbert E. Douglass)",
    "element_type": "p",
    "element_subtype": "standard-indented",
    "content": "The fifth of the health vision series occurred in Bordoville, Vermont, on December 10, 1871. <sup class=\"chapterendnote\"><a class=\"chapterendnote\">25<span class=\"chapterendnote\">Prior to the vision in Bordoville were the visions of 1848 and 1854; Otsego, Michigan, June 6, 1863, and Rochester, New York, Dec. 25, 1865.</span></a></sup> Visions were not given frivolously or merely to repeat the message of previous visions. God dispenses wisdom as fast as men and women can appreciate it, especially after they have obeyed known duty. Prophets also learn step by step, even as church groups advance step by step in joining divine instruction with practice. <sup class=\"chapterendnote\"><a class=\"chapterendnote\">26<span class=\"chapterendnote\">See pp. 34, 282, 304, 311, 422.</span></a></sup>",
    "puborder": 2301,
    "translations": []
  },
  {
    "para_id": "656.2774",
    "id_prev": "656.2773",
    "id_next": "656.2775",
    "refcode_1": "MOL",
    "refcode_2": "304",
    "refcode_3": "4",
    "refcode_4": "",
    "refcode_short": "MOL 304.4",
    "refcode_long": "Messenger of the Lord, p. 304.4 (Herbert E. Douglass)",
    "element_type": "p",
    "element_subtype": "standard-indented",
    "content": "By 1871 the Western Health Reform Institute had been operating for five years. The leaders were working in untried territory and mistakes were made, even to the point of failure. Without the Whites, the Institute would have died under a load of debt and extremist policies. <sup class=\"chapterendnote\"><a class=\"chapterendnote\">27<span class=\"chapterendnote\">Bio., vol. 2, pp. 301-311.</span></a></sup>",
    "puborder": 2302,
    "translations": []
  },
  {
    "para_id": "656.2775",
    "id_prev": "656.2774",
    "id_next": "656.2776",
    "refcode_1": "MOL",
    "refcode_2": "304",
    "refcode_3": "5",
    "refcode_4": "",
    "refcode_short": "MOL 304.5",
    "refcode_long": "Messenger of the Lord, p. 304.5 (Herbert E. Douglass)",
    "element_type": "p",
    "element_subtype": "standard-indented",
    "content": "In the Bordoville vision Ellen White again reiterated the primary purpose of Adventist health institutions&mdash;a purpose that had become fuzzy in the interim: Adventist health work is as &ldquo;closely connected with the third angel&rsquo;s message as the hand is with the body.&rdquo; <sup class=\"chapterendnote\"><a class=\"chapterendnote\">28<span class=\"chapterendnote\"><span class=\"egwlink egwlink_book\" title=\"3T 161.1\" data-link=\"119.742\">Testimonies for the Church 3:161</span>.</span></a></sup> Further, Adventist health work was not to be done in some quiet corner: Adventist health principles should &ldquo;be agitated, and the public mind deeply stirred to investigate.&rdquo; <sup class=\"chapterendnote\"><a class=\"chapterendnote\">29<span class=\"chapterendnote\"><span class=\"egwlink egwlink_book\" title=\"3T 162.1\" data-link=\"119.747\">Testimonies for the Church 3:162</span>.</span></a></sup> Mrs. White reiterated that Adventist institutions are &ldquo;established upon different principles&rdquo; from health centers that are &ldquo;conservative, making it their object to meet the popular class half way ... that they will receive the greatest patronage and the most money.&rdquo; <sup class=\"chapterendnote\"><a class=\"chapterendnote\">30<span class=\"chapterendnote\"><span class=\"egwlink egwlink_book\" title=\"3T 165.1\" data-link=\"119.763\">Testimonies for the Church 3:165</span>.</span></a></sup>",
    "puborder": 2303,
    "translations": []
  },
  {
    "para_id": "656.2776",
    "id_prev": "656.2775",
    "id_next": "656.2777",
    "refcode_1": "MOL",
    "refcode_2": "304",
    "refcode_3": "6",
    "refcode_4": "",
    "refcode_short": "MOL 304.6",
    "refcode_long": "Messenger of the Lord, p. 304.6 (Herbert E. Douglass)",
    "element_type": "p",
    "element_subtype": "standard-indented",
    "content": "Other explicit principles relating to Adventist health institutions included:",
    "puborder": 2304,
    "translations": []
  },
  {
    "para_id": "656.2777",
    "id_prev": "656.2776",
    "id_next": "656.2778",
    "refcode_1": "MOL",
    "refcode_2": "304",
    "refcode_3": "7",
    "refcode_4": "",
    "refcode_short": "MOL 304.7",
    "refcode_long": "Messenger of the Lord, p. 304.7 (Herbert E. Douglass)",
    "element_type": "p",
    "element_subtype": "standard-indented",
    "content": "Adventist health institutions are to unite Biblical principles with the care of the sick. But Adventist distinctives &ldquo;should not be discussed with patients,&rdquo; even in the weekly prayer meetings. &ldquo;Silent witness will do more than open controversy.... We must meet people where they are.&rdquo; <sup class=\"chapterendnote\"><a class=\"chapterendnote\">31<span class=\"chapterendnote\"><span class=\"egwlink egwlink_book\" title=\"3T 166.1\" data-link=\"119.768\">Testimonies for the Church 3:166, 167</span>.</span></a></sup>",
    "puborder": 2305,
    "translations": []
  },
  {
    "para_id": "656.2778",
    "id_prev": "656.2777",
    "id_next": "656.2779",
    "refcode_1": "MOL",
    "refcode_2": "304",
    "refcode_3": "8",
    "refcode_4": "",
    "refcode_short": "MOL 304.8",
    "refcode_long": "Messenger of the Lord, p. 304.8 (Herbert E. Douglass)",
    "element_type": "p",
    "element_subtype": "standard-indented",
    "content": "Wise health-care workers realize that many sufferers have more than physical pain. &ldquo;Many carry a violated conscience, and can be reached only by the principles of Bible religion.&rdquo; <sup class=\"chapterendnote\"><a class=\"chapterendnote\">32<span class=\"chapterendnote\"><span class=\"egwlink egwlink_book\" title=\"3T 168.1\" data-link=\"119.778\">Testimonies for the Church 3:168</span>.</span></a></sup>",
    "puborder": 2306,
    "translations": []
  },
  {
    "para_id": "656.2779",
    "id_prev": "656.2778",
    "id_next": "656.2782",
    "refcode_1": "MOL",
    "refcode_2": "304",
    "refcode_3": "9",
    "refcode_4": "",
    "refcode_short": "MOL 304.9",
    "refcode_long": "Messenger of the Lord, p. 304.9 (Herbert E. Douglass)",
    "element_type": "p",
    "element_subtype": "standard-indented",
    "content": "The home church at Battle Creek must live up to its &ldquo;greatest responsibility,&rdquo; <span class=\"page-break\" data-page=\"305\"></span> and when church members do not live up to the light that health-care workers are giving to the patients, confusion and discouragement are the result. <sup class=\"chapterendnote\"><a class=\"chapterendnote\">33<span class=\"chapterendnote\"><span class=\"egwlink egwlink_book\" title=\"3T 170.1\" data-link=\"119.787\">Testimonies for the Church 3:170, 171</span>.</span></a></sup>",
    "puborder": 2307,
    "translations": []
  },
  {
    "para_id": "656.2782",
    "id_prev": "656.2779",
    "id_next": "656.2783",
    "refcode_1": "MOL",
    "refcode_2": "305",
    "refcode_3": "1",
    "refcode_4": "",
    "refcode_short": "MOL 305.1",
    "refcode_long": "Messenger of the Lord, p. 305.1 (Herbert E. Douglass)",
    "element_type": "p",
    "element_subtype": "standard-indented",
    "content": "By the early 1870s Adventist interest in health reform, with its first medical institution and health journal plus its emphasis on training quality physicians, had now become highly visible and effective in reaching out to all classes of society. <sup class=\"chapterendnote\"><a class=\"chapterendnote\">34<span class=\"chapterendnote\">Robinson, Our Health Message, pp. 203-212.</span></a></sup>",
    "puborder": 2308,
    "translations": []
  }
]