[
  {
    "para_id": "656.794",
    "id_prev": "656.790",
    "id_next": "656.795",
    "refcode_1": "MOL",
    "refcode_2": "68",
    "refcode_3": "",
    "refcode_4": "7",
    "refcode_short": "MOL 68",
    "refcode_long": "Messenger of the Lord, p. 68 (Herbert E. Douglass)",
    "element_type": "h3",
    "element_subtype": "",
    "content": "Chapter 7&mdash;Personal Characteristics",
    "puborder": 699,
    "translations": []
  },
  {
    "para_id": "656.795",
    "id_prev": "656.794",
    "id_next": "656.796",
    "refcode_1": "MOL",
    "refcode_2": "68",
    "refcode_3": "1",
    "refcode_4": "",
    "refcode_short": "MOL 68.1",
    "refcode_long": "Messenger of the Lord, p. 68.1 (Herbert E. Douglass)",
    "element_type": "p",
    "element_subtype": "standard-indented",
    "content": "<em>&ldquo;Trust in the Lord, and do good; dwell in the land, and feed on His faithfulness. Delight yourself also in the Lord, and He shall give you the desires of your heart&rdquo; (<span class=\"egwlink egwlink_bible\" title=\"Psalm 37:3\" data-link=\"1965.29443\">Psalm 37:3, 4</span>).</em>",
    "puborder": 700,
    "translations": []
  },
  {
    "para_id": "656.796",
    "id_prev": "656.795",
    "id_next": "656.797",
    "refcode_1": "MOL",
    "refcode_2": "68",
    "refcode_3": "2",
    "refcode_4": "",
    "refcode_short": "MOL 68.2",
    "refcode_long": "Messenger of the Lord, p. 68.2 (Herbert E. Douglass)",
    "element_type": "p",
    "element_subtype": "standard-indented",
    "content": "Ellen White&rsquo;s primary emphasis in life, born out of her own experience and amplified in her visions, was to obtain and portray an accurate picture of God&rsquo;s character. She saw correctly that the great religious divisions throughout time and especially those within Christendom developed out of an inadequate understanding of God.",
    "puborder": 701,
    "translations": []
  }
]