[
  {
    "para_id": "656.133",
    "id_prev": "656.132",
    "id_next": "656.134",
    "refcode_1": "MOL",
    "refcode_2": "5",
    "refcode_3": "",
    "refcode_4": "4",
    "refcode_short": "MOL 5",
    "refcode_long": "Messenger of the Lord, p. 5 (Herbert E. Douglass)",
    "element_type": "h4",
    "element_subtype": "",
    "content": "Ellen G. White&rsquo;s Devotion to Jesus",
    "puborder": 125,
    "translations": []
  },
  {
    "para_id": "656.134",
    "id_prev": "656.133",
    "id_next": "656.135",
    "refcode_1": "MOL",
    "refcode_2": "5",
    "refcode_3": "4",
    "refcode_4": "",
    "refcode_short": "MOL 5.4",
    "refcode_long": "Messenger of the Lord, p. 5.4 (Herbert E. Douglass)",
    "element_type": "p",
    "element_subtype": "standard-indented",
    "content": "Ellen White responded wholeheartedly to this love, and made it a major theme of her writings. Wherever one turns in her voluminous books and letters to family, friends, and co-workers, one sees evidences of her deep love for the Saviour. Many whose first contact with Seventh-day Adventists was through the writings of Ellen White have expressed amazement at her awareness of, and deep appreciation for, the dimensions of our God&rsquo;s &ldquo;Gift&rdquo; to this rebel planet.",
    "puborder": 126,
    "translations": []
  },
  {
    "para_id": "656.135",
    "id_prev": "656.134",
    "id_next": "656.136",
    "refcode_1": "MOL",
    "refcode_2": "5",
    "refcode_3": "5",
    "refcode_4": "",
    "refcode_short": "MOL 5.5",
    "refcode_long": "Messenger of the Lord, p. 5.5 (Herbert E. Douglass)",
    "element_type": "p",
    "element_subtype": "standard-indented",
    "content": "Her spiritual insights began early. In her early teen years, deeply affected by William Miller&rsquo;s preaching, she longed for a deeper religious experience: &ldquo;As I prayed, the burden and agony of soul that I had so long felt left me, and the blessing of God came upon me like the gentle dew. I gave glory to God for what I felt, but I longed for more. I could not be satisfied till I was filled with the fullness of God. Inexpressible love for Jesus filled my soul.&rdquo; <sup class=\"chapterendnote\"><a class=\"chapterendnote\">6<span class=\"chapterendnote\"><span class=\"egwlink egwlink_book\" title=\"EW 12.1\" data-link=\"28.62\">Early Writings, 12</span>.</span></a></sup>",
    "puborder": 127,
    "translations": []
  },
  {
    "para_id": "656.136",
    "id_prev": "656.135",
    "id_next": "656.137",
    "refcode_1": "MOL",
    "refcode_2": "5",
    "refcode_3": "6",
    "refcode_4": "",
    "refcode_short": "MOL 5.6",
    "refcode_long": "Messenger of the Lord, p. 5.6 (Herbert E. Douglass)",
    "element_type": "p",
    "element_subtype": "standard-indented",
    "content": "Ellen White was, above all, a spiritual person, full of appreciation for her Saviour and Lord. This personal sense of God&rsquo;s presence put her online with God, enabling Him to reveal much more of Himself and His plans for this world. Her personal experience in responding to the simple gospel preceded theology&mdash;Jesus was the core and center of all her theological thought.",
    "puborder": 128,
    "translations": []
  },
  {
    "para_id": "656.137",
    "id_prev": "656.136",
    "id_next": "656.138",
    "refcode_1": "MOL",
    "refcode_2": "5",
    "refcode_3": "7",
    "refcode_4": "",
    "refcode_short": "MOL 5.7",
    "refcode_long": "Messenger of the Lord, p. 5.7 (Herbert E. Douglass)",
    "element_type": "p",
    "element_subtype": "standard-indented",
    "content": "Here is one example of her pervasive theme of extolling Jesus: &ldquo;It will be profitable to contemplate the divine condescension, the sacrifice, the self-denial, the humiliation, the resistance the Son of God encountered in doing His work for fallen men. Well may we come forth from contemplation of His sufferings exclaiming, Amazing condescension! Angels marvel, as with intense interest they watch the Son of God descending step by step the path of humiliation. It is the mystery of godliness. It is the glory of God to conceal Himself and His ways, not by keeping men in ignorance of heavenly light and knowledge, but by surpassing the utmost capacity of men to know. Humanity can comprehend in part, but that is all that man can bear. The love of Christ passes knowledge. The mystery of redemption will continue to be the mystery, the unexhausted science and everlasting song of eternity. Well may humanity exclaim, Who can know God? We may, as did Elijah, wrap our mantles about us, and listen to hear the still, small voice of God.&rdquo; <sup class=\"chapterendnote\"><a class=\"chapterendnote\">7<span class=\"chapterendnote\"><span class=\"egwlink egwlink_book\" title=\"BEcho 4-30-1894\" data-link=\"459.553\">The Bible Echo, April 30, 1894</span>.</span></a></sup>",
    "puborder": 129,
    "translations": []
  },
  {
    "para_id": "656.138",
    "id_prev": "656.137",
    "id_next": "656.139",
    "refcode_1": "MOL",
    "refcode_2": "5",
    "refcode_3": "8",
    "refcode_4": "",
    "refcode_short": "MOL 5.8",
    "refcode_long": "Messenger of the Lord, p. 5.8 (Herbert E. Douglass)",
    "element_type": "p",
    "element_subtype": "standard-indented",
    "content": "Ellen White walked with Jesus, through sunshine and shadow. Writing to son William and his young bride, Mary, she spoke of her husband James&rsquo;s companionship and their common walk: &ldquo;We are trying to humbly follow in the footprints of our dear Saviour. We need His Spirit and His grace every hour, or we shall make blunders and shall do harm.&rdquo; <sup class=\"chapterendnote\"><a class=\"chapterendnote\">8<span class=\"chapterendnote\"><span class=\"egwlink egwlink_book\" title=\"Lt 18, 1879\" data-link=\"14053.3787001\">Letter 18, 1879</span>, cited in Arthur White, <span class=\"egwlink egwlink_book\" title=\"3Bio 105\" data-link=\"671.794\">Ellen G. White Biography, 3:105</span> (Washington, D.C.: Review and Herald Publishing Association, 1984). Hereafter, references to Arthur White&rsquo;s biography of Ellen White, six volumes, will be Bio., followed by volume number and pages.</span></a></sup>",
    "puborder": 130,
    "translations": []
  },
  {
    "para_id": "656.139",
    "id_prev": "656.138",
    "id_next": "656.142",
    "refcode_1": "MOL",
    "refcode_2": "5",
    "refcode_3": "9",
    "refcode_4": "",
    "refcode_short": "MOL 5.9",
    "refcode_long": "Messenger of the Lord, p. 5.9 (Herbert E. Douglass)",
    "element_type": "p",
    "element_subtype": "standard-indented",
    "content": "A few weeks later, during a very strenuous covered-wagon trip from Texas to Kansas, she wrote again to Mary: &ldquo;I am worn and feel as though I was about 100 <span class=\"page-break\" data-page=\"6\"></span> years old.... My ambition is gone; my strength is gone, but this will not last.... I hope that by the cheering light of the countenance of my Saviour, I shall have the springback power.&rdquo; <sup class=\"chapterendnote\"><a class=\"chapterendnote\">9<span class=\"chapterendnote\"><span class=\"egwlink egwlink_book\" title=\"Lt 20, 1879\" data-link=\"14053.3348001\">Letter 20, 1879</span>, cited in <span class=\"egwlink egwlink_book\" title=\"3Bio 117\" data-link=\"671.894\"><em>Ibid.,</em> p. 117</span>.</span></a></sup>",
    "puborder": 131,
    "translations": []
  },
  {
    "para_id": "656.142",
    "id_prev": "656.139",
    "id_next": "656.143",
    "refcode_1": "MOL",
    "refcode_2": "6",
    "refcode_3": "1",
    "refcode_4": "",
    "refcode_short": "MOL 6.1",
    "refcode_long": "Messenger of the Lord, p. 6.1 (Herbert E. Douglass)",
    "element_type": "p",
    "element_subtype": "standard-indented",
    "content": "Contemplating Christmas in 1880, now 53, she wrote to a friend, &ldquo;Christmas will be spent in seeking Jesus to be a welcome guest in my heart. His presence will drive all the shadows away.&rdquo; <sup class=\"chapterendnote\"><a class=\"chapterendnote\">10<span class=\"chapterendnote\"><span class=\"egwlink egwlink_book\" title=\"Lt 51, 1880\" data-link=\"14053.4057001\">Letter 51, 1880</span>, cited in <span class=\"egwlink egwlink_book\" title=\"3Bio 149\" data-link=\"671.1170\"><em>Ibid.,</em> p. 149</span>.</span></a></sup>",
    "puborder": 132,
    "translations": []
  },
  {
    "para_id": "656.143",
    "id_prev": "656.142",
    "id_next": "656.144",
    "refcode_1": "MOL",
    "refcode_2": "6",
    "refcode_3": "2",
    "refcode_4": "",
    "refcode_short": "MOL 6.2",
    "refcode_long": "Messenger of the Lord, p. 6.2 (Herbert E. Douglass)",
    "element_type": "p",
    "element_subtype": "standard-indented",
    "content": "Ellen White wrote hundreds of articles for both the <em>Review and Herald</em> and the <em>Signs of the Times.</em> Almost every article contained some reference to her Lord, who had become not only her strength but the joy of her life. At 69, she wrote: &ldquo;I love to speak of Jesus and His matchless love.... I know that He is able to save to the uttermost all that come unto Him. His precious love is a reality to me, and the doubts expressed by those who know not the Lord Jesus Christ, have no effect upon me.... Do you believe that Jesus is your Saviour, and that He has manifested His love for you in giving His precious life for your salvation? Take Jesus as your personal Saviour. Come to Him just as you are; give yourself to Him; grasp His promise by living faith, and He will be to you all that you desire.&rdquo; <sup class=\"chapterendnote\"><a class=\"chapterendnote\">11<span class=\"chapterendnote\"><span class=\"egwlink egwlink_book\" title=\"RH 6-23-1896\" data-link=\"821.15017\">The Review and Herald, June 23, 1896</span>.</span></a></sup>",
    "puborder": 133,
    "translations": []
  },
  {
    "para_id": "656.144",
    "id_prev": "656.143",
    "id_next": "656.145",
    "refcode_1": "MOL",
    "refcode_2": "6",
    "refcode_3": "3",
    "refcode_4": "",
    "refcode_short": "MOL 6.3",
    "refcode_long": "Messenger of the Lord, p. 6.3 (Herbert E. Douglass)",
    "element_type": "p",
    "element_subtype": "standard-indented",
    "content": "Ellen White considered Jesus her Saviour and best Friend. <sup class=\"chapterendnote\"><a class=\"chapterendnote\">12<span class=\"chapterendnote\">See James Nix, &ldquo;Oh, Jesus, How I Love You!&rdquo; Adventist Review, May 30, 1996, pp. 10-14.</span></a></sup> But more than that, He was her Lord. In Europe she was told that people would be more receptive to the advent message, &ldquo;if we dwell on the love of Jesus.&rdquo; They warned that there was &ldquo;danger of losing our congregations if we dwell on the sterner questions of duty and the law of God.&rdquo;",
    "puborder": 134,
    "translations": []
  },
  {
    "para_id": "656.145",
    "id_prev": "656.144",
    "id_next": "656.146",
    "refcode_1": "MOL",
    "refcode_2": "6",
    "refcode_3": "4",
    "refcode_4": "",
    "refcode_short": "MOL 6.4",
    "refcode_long": "Messenger of the Lord, p. 6.4 (Herbert E. Douglass)",
    "element_type": "p",
    "element_subtype": "standard-indented",
    "content": "Having heard that kind of talk before, she wrote in her travel notes, &ldquo;There is a spurious experience prevailing everywhere. Many are continually saying, &lsquo;All that we have to do is to believe in Christ.&rsquo; They claim that faith is all we need. In its fullest sense, this is true; but they do not take it in the fullest sense. To believe in Jesus is to take Him as our redeemer and our pattern. If we abide in Him and He abides in us, we are partakers of His divine nature, and are doers of His word. The love of Jesus in the heart will lead to obedience to all His commandments. But the love that goes no farther than the lips is a delusion; it will not save any soul. Many reject the truths of the Bible, while they profess great love for Jesus; but the apostle John declares, &lsquo;He that saith, I know him, and keepeth not his commandments, is a liar, and the truth is not in him.&rsquo; While Jesus has done all in the way of merit, we ourselves have something to do in the way of complying with the conditions.&rdquo; <sup class=\"chapterendnote\"><a class=\"chapterendnote\">13<span class=\"chapterendnote\"><span class=\"egwlink egwlink_book\" title=\"HS 188.1\" data-link=\"389.491\">Historical Sketches of the Foreign Missions of the Seventh-day Adventists, 188</span>, (Basle, Switzerland: Imprimerie Polyglotte, 1886); see also <span class=\"egwlink egwlink_book\" title=\"3Bio 320\" data-link=\"671.2404\">Bio. 3:320</span>.</span></a></sup>",
    "puborder": 135,
    "translations": []
  }
]