[
  {
    "para_id": "656.89",
    "id_prev": "656.88",
    "id_next": "656.90",
    "refcode_1": "MOL",
    "refcode_2": "xvii",
    "refcode_3": "",
    "refcode_4": "5",
    "refcode_short": "MOL xvii",
    "refcode_long": "Messenger of the Lord, p. xvii (Herbert E. Douglass)",
    "element_type": "h4",
    "element_subtype": "",
    "content": "How Ellen White Measures Up",
    "puborder": 87,
    "translations": []
  },
  {
    "para_id": "656.90",
    "id_prev": "656.89",
    "id_next": "656.91",
    "refcode_1": "MOL",
    "refcode_2": "xvii",
    "refcode_3": "8",
    "refcode_4": "",
    "refcode_short": "MOL xvii.8",
    "refcode_long": "Messenger of the Lord, p. xvii.8 (Herbert E. Douglass)",
    "element_type": "p",
    "element_subtype": "standard-indented",
    "content": "In the final section, &ldquo;Continuing Relevancy of the Messenger,&rdquo; we will ask: Does Ellen White measure up as a messenger bearing God&rsquo;s message in modern times? Does her seventy-year ministry establish her credentials as a divine messenger? We will note how she did her work, both privately and publicly, and review the virtually seamless relationship between her ministry and the development of the Seventh-day Adventist Church.",
    "puborder": 88,
    "translations": []
  },
  {
    "para_id": "656.91",
    "id_prev": "656.90",
    "id_next": "656.92",
    "refcode_1": "MOL",
    "refcode_2": "xvii",
    "refcode_3": "9",
    "refcode_4": "",
    "refcode_short": "MOL xvii.9",
    "refcode_long": "Messenger of the Lord, p. xvii.9 (Herbert E. Douglass)",
    "element_type": "p",
    "element_subtype": "standard-indented",
    "content": "Seventh-day Adventists have generally believed that Ellen G. White was God&rsquo;s messenger. Why did Adventists in her day come to that conclusion, and why have Adventists since her death also arrived at this conclusion?",
    "puborder": 89,
    "translations": []
  },
  {
    "para_id": "656.92",
    "id_prev": "656.91",
    "id_next": "656.93",
    "refcode_1": "MOL",
    "refcode_2": "xvii",
    "refcode_3": "10",
    "refcode_4": "",
    "refcode_short": "MOL xvii.10",
    "refcode_long": "Messenger of the Lord, p. xvii.10 (Herbert E. Douglass)",
    "element_type": "p",
    "element_subtype": "standard-indented",
    "content": "In our closing pages we will ask: How relevant is Ellen White today? She died in 1915. Can she speak in any meaningful way to a transistorized global village where information by the Internet is instantaneous to computer operators throughout the planet, where science always seems to have one more solution to the world&rsquo;s needs &ldquo;in the nick of time&rdquo;? Though circumstances have changed drastically, and the socio-political world is sharply different, we will note that Ellen White&rsquo;s writings speak pointedly to our day, and are increasingly relevant to this end-time.",
    "puborder": 90,
    "translations": []
  }
]