[
  {
    "para_id": "656.4627",
    "id_prev": "656.4626",
    "id_next": "656.4628",
    "refcode_1": "MOL",
    "refcode_2": "515",
    "refcode_3": "",
    "refcode_4": "4",
    "refcode_short": "MOL 515",
    "refcode_long": "Messenger of the Lord, p. 515 (Herbert E. Douglass)",
    "element_type": "h4",
    "element_subtype": "",
    "content": "Witness of Ellen White&rsquo;s Contemporaries",
    "puborder": 3820,
    "translations": []
  },
  {
    "para_id": "656.4628",
    "id_prev": "656.4627",
    "id_next": "656.4629",
    "refcode_1": "MOL",
    "refcode_2": "515",
    "refcode_3": "10",
    "refcode_4": "",
    "refcode_short": "MOL 515.10",
    "refcode_long": "Messenger of the Lord, p. 515.10 (Herbert E. Douglass)",
    "element_type": "p",
    "element_subtype": "standard-indented",
    "content": "Ellen White&rsquo;s personal life was lived in full view of young and old. The acid test of people&rsquo;s integrity is whether they practice what they preach.",
    "puborder": 3821,
    "translations": []
  },
  {
    "para_id": "656.4629",
    "id_prev": "656.4628",
    "id_next": "656.4632",
    "refcode_1": "MOL",
    "refcode_2": "515",
    "refcode_3": "11",
    "refcode_4": "",
    "refcode_short": "MOL 515.11",
    "refcode_long": "Messenger of the Lord, p. 515.11 (Herbert E. Douglass)",
    "element_type": "p",
    "element_subtype": "standard-indented",
    "content": "Young James White, an enthusiastic <span class=\"page-break\" data-page=\"516\"></span> Millerite Adventist in his early twenties, was much impressed with Ellen Harmon, a Portland teenager. In speaking of his first meeting with her, he recalled: &ldquo;She was then a Christian of the most devoted type. And although but sixteen, she was a laborer in the cause of Christ in public and from house to house. She was a decided Adventist, and yet her experience was so rich and her testimony so powerful that ministers and leading men of different churches sought her labors as an exhorter in their several congregations. But at that time she was very timid, and little thought that she was to be brought before the public to speak to thousands.&rdquo; <sup class=\"chapterendnote\"><a class=\"chapterendnote\">15<span class=\"chapterendnote\">James White, <span class=\"egwlink egwlink_book\" title=\"LS80 126.1\" data-link=\"41.681\">Life Sketches of James White and Ellen G. White (1880), 126</span>.</span></a></sup>",
    "puborder": 3822,
    "translations": []
  },
  {
    "para_id": "656.4632",
    "id_prev": "656.4629",
    "id_next": "656.4633",
    "refcode_1": "MOL",
    "refcode_2": "516",
    "refcode_3": "1",
    "refcode_4": "",
    "refcode_short": "MOL 516.1",
    "refcode_long": "Messenger of the Lord, p. 516.1 (Herbert E. Douglass)",
    "element_type": "p",
    "element_subtype": "standard-indented",
    "content": "The consistency and integrity of Ellen White&rsquo;s personal relationships were subject to close scrutiny by her own family, her colleagues, and non-Adventists. <sup class=\"chapterendnote\"><a class=\"chapterendnote\">16<span class=\"chapterendnote\">At her death a well-known magazine reported: &ldquo;She was absolutely honest in her belief in her revelations. Her life was worthy of them. She showed no spiritual pride, and she sought no filthy lucre. She lived the life and did the work of a worthy prophetess.&rdquo; The Independent (New York), August 23, 1915, cited in <span class=\"egwlink egwlink_book\" title=\"6Bio 444.1\" data-link=\"667.3571\">Bio., vol. 6, p. 444</span>.</span></a></sup> Her frugality and dedication of time and funds to missionary outreach are well known. Her generosity and commitment to duty are legendary. Her perseverance and courage, especially courage when standing alone, have prompted many to follow her example. Her humor and common sense relaxed many stressful situations. <sup class=\"chapterendnote\"><a class=\"chapterendnote\">17<span class=\"chapterendnote\">See p. 94.</span></a></sup>",
    "puborder": 3823,
    "translations": []
  }
]