[
  {
    "para_id": "940.109",
    "id_prev": "940.108",
    "id_next": "940.110",
    "refcode_1": "MIM",
    "refcode_2": "20",
    "refcode_3": "",
    "refcode_4": "",
    "refcode_short": "MIM 20",
    "refcode_long": "Millennial Musings, p. 20 (Joshua V. Himes)",
    "element_type": "h4",
    "element_subtype": "",
    "content": "HYMN 13. L. M",
    "puborder": 81,
    "translations": []
  },
  {
    "para_id": "940.110",
    "id_prev": "940.109",
    "id_next": "940.111",
    "refcode_1": "MIM",
    "refcode_2": "20",
    "refcode_3": "3",
    "refcode_4": "",
    "refcode_short": "MIM 20.3",
    "refcode_long": "Millennial Musings, p. 20.3 (Joshua V. Himes)",
    "element_type": "p",
    "element_subtype": "poem-noindent",
    "content": "1 Great god, whose universal sway\n<br />All heaven reveres, all worlds obey,\n<br />Now make the Savior&rsquo;s glory known,\n<br />Extend his power, exalt his throne.",
    "puborder": 82,
    "translations": []
  },
  {
    "para_id": "940.111",
    "id_prev": "940.110",
    "id_next": "940.112",
    "refcode_1": "MIM",
    "refcode_2": "20",
    "refcode_3": "4",
    "refcode_4": "",
    "refcode_short": "MIM 20.4",
    "refcode_long": "Millennial Musings, p. 20.4 (Joshua V. Himes)",
    "element_type": "p",
    "element_subtype": "poem-noindent",
    "content": "2 Thy sceptre well becomes his hands,\n<br />Angels submit to his commands;\n<br />His justice shall protect the poor,\n<br />And pride and rage prevail no more.",
    "puborder": 83,
    "translations": []
  },
  {
    "para_id": "940.112",
    "id_prev": "940.111",
    "id_next": "940.114",
    "refcode_1": "MIM",
    "refcode_2": "20",
    "refcode_3": "5",
    "refcode_4": "",
    "refcode_short": "MIM 20.5",
    "refcode_long": "Millennial Musings, p. 20.5 (Joshua V. Himes)",
    "element_type": "p",
    "element_subtype": "poem-noindent",
    "content": "3 With power he vindicates the just,\n<br />And treads th&rsquo; oppressor in the dust;\n<br />His righteous government shall last,\n<br />Till days, and years, and time be past.",
    "puborder": 84,
    "translations": []
  }
]