[
  {
    "para_id": "14651.47",
    "id_prev": "14651.45",
    "id_next": "14651.48",
    "refcode_1": "DHF",
    "refcode_2": "9",
    "refcode_3": "",
    "refcode_4": "",
    "refcode_short": "DHF 9",
    "refcode_long": "The Divine-Human Family, p. 9 (William Warren Prescott)",
    "element_type": "h4",
    "element_subtype": "",
    "content": "Notes",
    "puborder": 36,
    "translations": []
  },
  {
    "para_id": "14651.48",
    "id_prev": "14651.47",
    "id_next": "14651.49",
    "refcode_1": "DHF",
    "refcode_2": "9",
    "refcode_3": "1",
    "refcode_4": "",
    "refcode_short": "DHF 9.1",
    "refcode_long": "The Divine-Human Family, p. 9.1 (William Warren Prescott)",
    "element_type": "p",
    "element_subtype": "standard-indented",
    "content": "BIBLE REFERENCES",
    "puborder": 37,
    "translations": []
  },
  {
    "para_id": "14651.49",
    "id_prev": "14651.48",
    "id_next": "14651.50",
    "refcode_1": "DHF",
    "refcode_2": "9",
    "refcode_3": "2",
    "refcode_4": "",
    "refcode_short": "DHF 9.2",
    "refcode_long": "The Divine-Human Family, p. 9.2 (William Warren Prescott)",
    "element_type": "p",
    "element_subtype": "standard-indented",
    "content": "Bible references are given with the full name of the book.",
    "puborder": 38,
    "translations": []
  },
  {
    "para_id": "14651.50",
    "id_prev": "14651.49",
    "id_next": "14651.51",
    "refcode_1": "DHF",
    "refcode_2": "9",
    "refcode_3": "3",
    "refcode_4": "",
    "refcode_short": "DHF 9.3",
    "refcode_long": "The Divine-Human Family, p. 9.3 (William Warren Prescott)",
    "element_type": "p",
    "element_subtype": "standard-indented",
    "content": "ELLEN WHITE&rsquo;S WRITINGS REFERENCES",
    "puborder": 39,
    "translations": []
  },
  {
    "para_id": "14651.51",
    "id_prev": "14651.50",
    "id_next": "14651.52",
    "refcode_1": "DHF",
    "refcode_2": "9",
    "refcode_3": "4",
    "refcode_4": "",
    "refcode_short": "DHF 9.4",
    "refcode_long": "The Divine-Human Family, p. 9.4 (William Warren Prescott)",
    "element_type": "p",
    "element_subtype": "standard-indented",
    "content": "Quotes from Ellen White&rsquo;s writings are supplied with current references in brackets.",
    "puborder": 40,
    "translations": []
  },
  {
    "para_id": "14651.52",
    "id_prev": "14651.51",
    "id_next": "14651.53",
    "refcode_1": "DHF",
    "refcode_2": "9",
    "refcode_3": "5",
    "refcode_4": "",
    "refcode_short": "DHF 9.5",
    "refcode_long": "The Divine-Human Family, p. 9.5 (William Warren Prescott)",
    "element_type": "p",
    "element_subtype": "standard-indented",
    "content": "GENERAL CONFERENCE BULLETIN REFERENCES AND SETTINGS",
    "puborder": 41,
    "translations": []
  },
  {
    "para_id": "14651.53",
    "id_prev": "14651.52",
    "id_next": "14651.54",
    "refcode_1": "DHF",
    "refcode_2": "9",
    "refcode_3": "6",
    "refcode_4": "",
    "refcode_short": "DHF 9.6",
    "refcode_long": "The Divine-Human Family, p. 9.6 (William Warren Prescott)",
    "element_type": "p",
    "element_subtype": "standard-indented",
    "content": "Reference to Sermon No. 1",
    "puborder": 42,
    "translations": []
  },
  {
    "para_id": "14651.54",
    "id_prev": "14651.53",
    "id_next": "14651.56",
    "refcode_1": "DHF",
    "refcode_2": "9",
    "refcode_3": "7",
    "refcode_4": "",
    "refcode_short": "DHF 9.7",
    "refcode_long": "The Divine-Human Family, p. 9.7 (William Warren Prescott)",
    "element_type": "p",
    "element_subtype": "standard-indented",
    "content": "ACCORDING to appointment, the first meeting of the Institute was held in the Tabernacle at 10 A. M., Friday, February 1. There were about 300 present, and the first hour was occupied by Elder O. A. Olsen in an address, an abstract of which appears elsewhere. At 11:15 Dr. Kellogg opened a series of lectures on topics kindred to the work and design of the Medical Missionary and Benevolent Association. In the afternoon the first meeting of the Council was held, and was addressed by Elder Olsen. In the evening Prof. W. W. Prescott took up during the first hour the subject of the Di-vine-Human Family, treating particularly of the Head of the Family. This was followed by a discourse by Elder A. T. Jones on the Third Angel&rsquo;s Message. {February 4, 1895 N/A, GCB 1.1}",
    "puborder": 43,
    "translations": []
  },
  {
    "para_id": "14651.56",
    "id_prev": "14651.54",
    "id_next": "14651.57",
    "refcode_1": "DHF",
    "refcode_2": "10",
    "refcode_3": "1",
    "refcode_4": "",
    "refcode_short": "DHF 10.1",
    "refcode_long": "The Divine-Human Family, p. 10.1 (William Warren Prescott)",
    "element_type": "p",
    "element_subtype": "standard-indented",
    "content": "These addresses are given quite fully in another place and need not be particularly alluded to here. There was a goodly attendance from abroad, and in the evening the Tabernacle was well filled. There was felt by all the prevailing influence of the Spirit of God. It is evident that the servants of God have come to the meetings with a sense of the solemnity of the times upon them, expecting to receive light and power from above. If this be so, and they unitedly seek for it, they will obtain the rich blessing they desire, for God is waiting to bestow heaven&rsquo;s richest blessings upon us. The first day&rsquo;s meetings lead us to believe that the occasion will be one of great power and blessing to the waiting people of God. {February 4, 1895 N/A, GCB 1.2} [No. 1 began at 8.1]",
    "puborder": 44,
    "translations": []
  },
  {
    "para_id": "14651.57",
    "id_prev": "14651.56",
    "id_next": "14651.58",
    "refcode_1": "DHF",
    "refcode_2": "10",
    "refcode_3": "2",
    "refcode_4": "",
    "refcode_short": "DHF 10.2",
    "refcode_long": "The Divine-Human Family, p. 10.2 (William Warren Prescott)",
    "element_type": "p",
    "element_subtype": "standard-indented",
    "content": "<strong>Setting for Sermon No. 2</strong>",
    "puborder": 45,
    "translations": []
  },
  {
    "para_id": "14651.58",
    "id_prev": "14651.57",
    "id_next": "14651.59",
    "refcode_1": "DHF",
    "refcode_2": "10",
    "refcode_3": "3",
    "refcode_4": "",
    "refcode_short": "DHF 10.3",
    "refcode_long": "The Divine-Human Family, p. 10.3 (William Warren Prescott)",
    "element_type": "p",
    "element_subtype": "standard-indented",
    "content": "SUNDAY, FEBRUARY 3 [heading shown here:] {February 6, 1895 N/A, GCB 19.3} [No. 2 began at 24.5]",
    "puborder": 46,
    "translations": []
  },
  {
    "para_id": "14651.59",
    "id_prev": "14651.58",
    "id_next": "14651.60",
    "refcode_1": "DHF",
    "refcode_2": "10",
    "refcode_3": "4",
    "refcode_4": "",
    "refcode_short": "DHF 10.4",
    "refcode_long": "The Divine-Human Family, p. 10.4 (William Warren Prescott)",
    "element_type": "p",
    "element_subtype": "standard-indented",
    "content": "<strong>Setting for Sermon No. 3</strong>",
    "puborder": 47,
    "translations": []
  },
  {
    "para_id": "14651.60",
    "id_prev": "14651.59",
    "id_next": "14651.61",
    "refcode_1": "DHF",
    "refcode_2": "10",
    "refcode_3": "5",
    "refcode_4": "",
    "refcode_short": "DHF 10.5",
    "refcode_long": "The Divine-Human Family, p. 10.5 (William Warren Prescott)",
    "element_type": "p",
    "element_subtype": "standard-indented",
    "content": "MONDAY, FEBRUARY 4 [heading shown here:] {February 6, 1895 N/A, GCB 35.1} [No. 3 began at 41.7]",
    "puborder": 48,
    "translations": []
  },
  {
    "para_id": "14651.61",
    "id_prev": "14651.60",
    "id_next": "14651.62",
    "refcode_1": "DHF",
    "refcode_2": "10",
    "refcode_3": "6",
    "refcode_4": "",
    "refcode_short": "DHF 10.6",
    "refcode_long": "The Divine-Human Family, p. 10.6 (William Warren Prescott)",
    "element_type": "p",
    "element_subtype": "standard-indented",
    "content": "<strong>Setting for Sermon No. 4</strong>",
    "puborder": 49,
    "translations": []
  },
  {
    "para_id": "14651.62",
    "id_prev": "14651.61",
    "id_next": "14651.64",
    "refcode_1": "DHF",
    "refcode_2": "10",
    "refcode_3": "7",
    "refcode_4": "",
    "refcode_short": "DHF 10.7",
    "refcode_long": "The Divine-Human Family, p. 10.7 (William Warren Prescott)",
    "element_type": "p",
    "element_subtype": "standard-indented",
    "content": "FRIDAY, FEBRUARY 8 [heading shown here:] {February 11, 1895 N/A, GCB 101.5} [No. 4 begins at 107.7]",
    "puborder": 50,
    "translations": []
  },
  {
    "para_id": "14651.64",
    "id_prev": "14651.62",
    "id_next": "14651.65",
    "refcode_1": "DHF",
    "refcode_2": "11",
    "refcode_3": "1",
    "refcode_4": "",
    "refcode_short": "DHF 11.1",
    "refcode_long": "The Divine-Human Family, p. 11.1 (William Warren Prescott)",
    "element_type": "p",
    "element_subtype": "standard-indented",
    "content": "<strong>Setting for Sermon No. 5</strong>",
    "puborder": 51,
    "translations": []
  },
  {
    "para_id": "14651.65",
    "id_prev": "14651.64",
    "id_next": "14651.66",
    "refcode_1": "DHF",
    "refcode_2": "11",
    "refcode_3": "2",
    "refcode_4": "",
    "refcode_short": "DHF 11.2",
    "refcode_long": "The Divine-Human Family, p. 11.2 (William Warren Prescott)",
    "element_type": "p",
    "element_subtype": "standard-indented",
    "content": "(NOTE: mistakenly labeled in the GC <em>Bulletin</em> as No. 4 again)--",
    "puborder": 52,
    "translations": []
  },
  {
    "para_id": "14651.66",
    "id_prev": "14651.65",
    "id_next": "14651.67",
    "refcode_1": "DHF",
    "refcode_2": "11",
    "refcode_3": "3",
    "refcode_4": "",
    "refcode_short": "DHF 11.3",
    "refcode_long": "The Divine-Human Family, p. 11.3 (William Warren Prescott)",
    "element_type": "p",
    "element_subtype": "standard-indented",
    "content": "THE DIVINE-HUMAN FAMILY - NO. 4",
    "puborder": 53,
    "translations": []
  },
  {
    "para_id": "14651.67",
    "id_prev": "14651.66",
    "id_next": "14651.68",
    "refcode_1": "DHF",
    "refcode_2": "11",
    "refcode_3": "4",
    "refcode_4": "",
    "refcode_short": "DHF 11.4",
    "refcode_long": "The Divine-Human Family, p. 11.4 (William Warren Prescott)",
    "element_type": "p",
    "element_subtype": "standard-indented",
    "content": "W. W. PRESCOTT",
    "puborder": 54,
    "translations": []
  },
  {
    "para_id": "14651.68",
    "id_prev": "14651.67",
    "id_next": "14651.69",
    "refcode_1": "DHF",
    "refcode_2": "11",
    "refcode_3": "5",
    "refcode_4": "",
    "refcode_short": "DHF 11.5",
    "refcode_long": "The Divine-Human Family, p. 11.5 (William Warren Prescott)",
    "element_type": "p",
    "element_subtype": "standard-indented",
    "content": "MONDAY, FEBRUARY 11.",
    "puborder": 55,
    "translations": []
  },
  {
    "para_id": "14651.69",
    "id_prev": "14651.68",
    "id_next": "14651.70",
    "refcode_1": "DHF",
    "refcode_2": "11",
    "refcode_3": "6",
    "refcode_4": "",
    "refcode_short": "DHF 11.6",
    "refcode_long": "The Divine-Human Family, p. 11.6 (William Warren Prescott)",
    "element_type": "p",
    "element_subtype": "standard-indented",
    "content": "MEMBERSHIP MEANS SEPARATION",
    "puborder": 56,
    "translations": []
  },
  {
    "para_id": "14651.70",
    "id_prev": "14651.69",
    "id_next": "14651.71",
    "refcode_1": "DHF",
    "refcode_2": "11",
    "refcode_3": "7",
    "refcode_4": "",
    "refcode_short": "DHF 11.7",
    "refcode_long": "The Divine-Human Family, p. 11.7 (William Warren Prescott)",
    "element_type": "p",
    "element_subtype": "standard-indented",
    "content": "[begins at:] {February 15, 1895 N/A, GCB 158.1}",
    "puborder": 57,
    "translations": []
  },
  {
    "para_id": "14651.71",
    "id_prev": "14651.70",
    "id_next": "14651.72",
    "refcode_1": "DHF",
    "refcode_2": "11",
    "refcode_3": "8",
    "refcode_4": "",
    "refcode_short": "DHF 11.8",
    "refcode_long": "The Divine-Human Family, p. 11.8 (William Warren Prescott)",
    "element_type": "p",
    "element_subtype": "standard-indented",
    "content": "<strong>Setting for Sermon No. 6</strong>",
    "puborder": 58,
    "translations": []
  },
  {
    "para_id": "14651.72",
    "id_prev": "14651.71",
    "id_next": "14651.73",
    "refcode_1": "DHF",
    "refcode_2": "11",
    "refcode_3": "9",
    "refcode_4": "",
    "refcode_short": "DHF 11.9",
    "refcode_long": "The Divine-Human Family, p. 11.9 (William Warren Prescott)",
    "element_type": "p",
    "element_subtype": "standard-indented",
    "content": "(NOTE: mistakenly labeled in the GC <em>Bulletin</em> as No. 5)--",
    "puborder": 59,
    "translations": []
  },
  {
    "para_id": "14651.73",
    "id_prev": "14651.72",
    "id_next": "14651.75",
    "refcode_1": "DHF",
    "refcode_2": "11",
    "refcode_3": "10",
    "refcode_4": "",
    "refcode_short": "DHF 11.10",
    "refcode_long": "The Divine-Human Family, p. 11.10 (William Warren Prescott)",
    "element_type": "p",
    "element_subtype": "standard-indented",
    "content": "WEDNESDAY FEBRUARY 13 [heading shown here:] {February 17, 1895 N/A, GCB 178.1} [No. 6 begins at 186.3]",
    "puborder": 60,
    "translations": []
  }
]