[
  {
    "para_id": "66.1453",
    "id_prev": "66.2025",
    "id_next": "66.1454",
    "refcode_1": "10MR",
    "refcode_2": "306",
    "refcode_3": "",
    "refcode_4": "52",
    "refcode_short": "10MR 306",
    "refcode_long": "Manuscript Releases, vol. 10 [Nos. 771-850], p. 306 (Ellen Gould White)",
    "element_type": "h3",
    "element_subtype": "",
    "content": "MR No. 822&mdash;Present Your Bodies a Living Sacrifice",
    "puborder": 1142,
    "translations": []
  },
  {
    "para_id": "66.1454",
    "id_prev": "66.1453",
    "id_next": "66.1455",
    "refcode_1": "10MR",
    "refcode_2": "306",
    "refcode_3": "1",
    "refcode_4": "",
    "refcode_short": "10MR 306.1",
    "refcode_long": "Manuscript Releases, vol. 10 [Nos. 771-850], p. 306.1 (Ellen Gould White)",
    "element_type": "p",
    "element_subtype": "standard-indented",
    "content": "Some are in danger of taking the position that if Christ is their healer, there is no need for them to restrict the animal appetites. The answer for these will be found in the Word of God. The Lord promised the children of Israel that if they would keep His statutes and obey His commandments, all their diseases should be removed from them, and that there should not be one feeble person in all their tribes, and that He would establish them in the land of Canaan, a pure, happy, and holy people. But if they disregarded the conditions, if they were unmindful of the words of God and followed their own ways, they would dishonor God, and would suffer from sickness and disease and plagues.",
    "puborder": 1143,
    "translations": []
  },
  {
    "para_id": "66.1455",
    "id_prev": "66.1454",
    "id_next": "66.2030",
    "refcode_1": "10MR",
    "refcode_2": "306",
    "refcode_3": "2",
    "refcode_4": "",
    "refcode_short": "10MR 306.2",
    "refcode_long": "Manuscript Releases, vol. 10 [Nos. 771-850], p. 306.2 (Ellen Gould White)",
    "element_type": "p",
    "element_subtype": "standard-indented",
    "content": "God calls upon all who will to come and drink of the waters of life freely. The power of God is the one element of efficiency in the grand work of obtaining the victory over the world, the flesh, and the devil. It is in accordance with the divine plan that we follow every ray of light given of God. Man can accomplish nothing without God, and God has arranged His plans so as to accomplish nothing in the restoration of the human race without the cooperation of the human with the divine. The part man is required to sustain is immeasurably small, yet in the plan of God it is just that part that is needed to make the work a success.&mdash;<span class=\"egwlink egwlink_book\" title=\"Ms 113, 1898\" data-link=\"14063.5312001\">Manuscript 113, 1898, 1</span>. (<span class=\"non-egw-comment\">&ldquo;Present Your Bodies a Living Sacrifice,&rdquo; September 8, 1898</span>.)",
    "puborder": 1144,
    "translations": []
  },
  {
    "para_id": "66.2030",
    "id_prev": "66.1455",
    "id_next": "66.2029",
    "refcode_1": "10MR",
    "refcode_2": "306",
    "refcode_3": "",
    "refcode_4": "",
    "refcode_short": "",
    "refcode_long": "",
    "element_type": "p",
    "element_subtype": "signatureline",
    "content": "White Estate",
    "puborder": 1145,
    "translations": []
  },
  {
    "para_id": "66.2029",
    "id_prev": "66.2030",
    "id_next": "66.2028",
    "refcode_1": "10MR",
    "refcode_2": "306",
    "refcode_3": "",
    "refcode_4": "",
    "refcode_short": "",
    "refcode_long": "",
    "element_type": "p",
    "element_subtype": "signatureplace",
    "content": "Washington, D. C.,",
    "puborder": 1146,
    "translations": []
  },
  {
    "para_id": "66.2028",
    "id_prev": "66.2029",
    "id_next": "66.1457",
    "refcode_1": "10MR",
    "refcode_2": "306",
    "refcode_3": "",
    "refcode_4": "",
    "refcode_short": "",
    "refcode_long": "",
    "element_type": "p",
    "element_subtype": "signaturedate",
    "content": "October 24, 1980.",
    "puborder": 1147,
    "translations": []
  }
]