[
  {
    "para_id": "953.6494",
    "id_prev": "953.6491",
    "id_next": "953.6495",
    "refcode_1": "CFF1",
    "refcode_2": "925",
    "refcode_3": "",
    "refcode_4": "",
    "refcode_short": "CFF1 925",
    "refcode_long": "The Conditionalist Faith of Our Fathers, vol. 1, p. 925 (LeRoy Edwin Froom)",
    "element_type": "h4",
    "element_subtype": "",
    "content": "III. Boon of Immortality Is God&rsquo;s Gift",
    "puborder": 4983,
    "translations": []
  },
  {
    "para_id": "953.6495",
    "id_prev": "953.6494",
    "id_next": "953.6496",
    "refcode_1": "CFF1",
    "refcode_2": "925",
    "refcode_3": "",
    "refcode_4": "",
    "refcode_short": "CFF1 925",
    "refcode_long": "The Conditionalist Faith of Our Fathers, vol. 1, p. 925 (LeRoy Edwin Froom)",
    "element_type": "h5",
    "element_subtype": "",
    "content": "1. ASSURED IMMORTALITY VERSUS BLOTTING OUT OF EXISTENCE",
    "puborder": 4984,
    "translations": []
  },
  {
    "para_id": "953.6496",
    "id_prev": "953.6495",
    "id_next": "953.6497",
    "refcode_1": "CFF1",
    "refcode_2": "925",
    "refcode_3": "1",
    "refcode_4": "",
    "refcode_short": "CFF1 925.1",
    "refcode_long": "The Conditionalist Faith of Our Fathers, vol. 1, p. 925.1 (LeRoy Edwin Froom)",
    "element_type": "p",
    "element_subtype": "standard-indented",
    "content": "In chapter thirty-six Arnobius alludes to the claim that &ldquo;gods are said to be immortal,&rdquo; but to the Christian, &ldquo;the boon [note 16: &ldquo;bestowed, assured immortality&rdquo;] of immortality is God&rsquo;s gift&rdquo; upon those who receive it. &ldquo;In the same way will He deign to confer eternal life upon souls also, although fell death seems able to cut them off and blot them out of existence in utter annihilation note 18: &ldquo;reduced to nothing with annihilation, not to be returned from&rdquo;].&rdquo; <sup class=\"footnote\"><a class=\"footnote\">40<span class=\"footnote\">40) Ibid., chap. 36, p. 447.</span></a></sup>",
    "puborder": 4985,
    "translations": []
  },
  {
    "para_id": "953.6497",
    "id_prev": "953.6496",
    "id_next": "953.6498",
    "refcode_1": "CFF1",
    "refcode_2": "925",
    "refcode_3": "",
    "refcode_4": "",
    "refcode_short": "CFF1 925",
    "refcode_long": "The Conditionalist Faith of Our Fathers, vol. 1, p. 925 (LeRoy Edwin Froom)",
    "element_type": "h5",
    "element_subtype": "",
    "content": "2. &ldquo;GIFT&rdquo; OF IMMORTALITY IS THE &ldquo;GRANT&rdquo; OF GOD",
    "puborder": 4986,
    "translations": []
  },
  {
    "para_id": "953.6498",
    "id_prev": "953.6497",
    "id_next": "953.6499",
    "refcode_1": "CFF1",
    "refcode_2": "925",
    "refcode_3": "2",
    "refcode_4": "",
    "refcode_short": "CFF1 925.2",
    "refcode_long": "The Conditionalist Faith of Our Fathers, vol. 1, p. 925.2 (LeRoy Edwin Froom)",
    "element_type": "p",
    "element_subtype": "standard-indented",
    "content": "Denying in chapter forty-eight that souls are the &ldquo;offspring of God,&rdquo; Arnobius repeats his contention, in chapter fifty-three, that souls &ldquo;are of a neutral character&rdquo;&mdash;that is, capable of entering into either life or death&mdash;and are made &ldquo;subject to the law of death&rdquo; and &ldquo;perishable.&rdquo; But, he adds, they &ldquo;are gifted with immortality, if they rest their hope of so great a gift on God Supreme, who alone has power to grant such blessings.&rdquo; <sup class=\"footnote\"><a class=\"footnote\">41<span class=\"footnote\">41) Ibid., chap. 53, p. 454.</span></a></sup> Here again the Conditionalist aspect is pointed up by the frequently used &ldquo;if.&rdquo;",
    "puborder": 4987,
    "translations": []
  },
  {
    "para_id": "953.6499",
    "id_prev": "953.6498",
    "id_next": "953.6500",
    "refcode_1": "CFF1",
    "refcode_2": "925",
    "refcode_3": "",
    "refcode_4": "",
    "refcode_short": "CFF1 925",
    "refcode_long": "The Conditionalist Faith of Our Fathers, vol. 1, p. 925 (LeRoy Edwin Froom)",
    "element_type": "h5",
    "element_subtype": "",
    "content": "3. EITHER SALVATION OR DESTRUCTION AWAITS ALL",
    "puborder": 4988,
    "translations": []
  },
  {
    "para_id": "953.6500",
    "id_prev": "953.6499",
    "id_next": "953.6503",
    "refcode_1": "CFF1",
    "refcode_2": "925",
    "refcode_3": "3",
    "refcode_4": "",
    "refcode_short": "CFF1 925.3",
    "refcode_long": "The Conditionalist Faith of Our Fathers, vol. 1, p. 925.3 (LeRoy Edwin Froom)",
    "element_type": "p",
    "element_subtype": "standard-indented",
    "content": "Bringing his lengthy argument toward its close, after declaring that &ldquo;nothing is made by Him except that which is for the well-being of all,&rdquo; <sup class=\"footnote\"><a class=\"footnote\">42<span class=\"footnote\">42) Ibid., chap. 55, p. 455.</span></a></sup> and denying the contention that &ldquo;the world <span class=\"page-break\" data-page=\"926\"></span> was not created, and will never perish,&rdquo; <sup class=\"footnote\"><a class=\"footnote\">43<span class=\"footnote\">43) Ibid, chap. 56 p. 455.</span></a></sup> Arnobius earnestly appeals to his pagan readers with the plea:",
    "puborder": 4989,
    "translations": []
  },
  {
    "para_id": "953.6503",
    "id_prev": "953.6500",
    "id_next": "953.6504",
    "refcode_1": "CFF1",
    "refcode_2": "926",
    "refcode_3": "1",
    "refcode_4": "",
    "refcode_short": "CFF1 926.1",
    "refcode_long": "The Conditionalist Faith of Our Fathers, vol. 1, p. 926.1 (LeRoy Edwin Froom)",
    "element_type": "p",
    "element_subtype": "standard-indented",
    "content": "&ldquo;Your interests are in jeopardy,&mdash;the salvation, I mean, of your souls; and unless you give yourselves to seek to know the Supreme God, a cruel death awaits you when freed from the bonds of body, not bringing sudden annihilation, but destroying by the bitterness of its grievous and longprotracted punishment.&rdquo; <sup class=\"footnote\"><a class=\"footnote\">44<span class=\"footnote\">44) Ibid., chap. 6f, p. 457.</span></a></sup>",
    "puborder": 4990,
    "translations": []
  },
  {
    "para_id": "953.6504",
    "id_prev": "953.6503",
    "id_next": "953.6505",
    "refcode_1": "CFF1",
    "refcode_2": "926",
    "refcode_3": "2",
    "refcode_4": "",
    "refcode_short": "CFF1 926.2",
    "refcode_long": "The Conditionalist Faith of Our Fathers, vol. 1, p. 926.2 (LeRoy Edwin Froom)",
    "element_type": "p",
    "element_subtype": "standard-indented",
    "content": "But the &ldquo;long-protracted punishment&rdquo; ends in ultimate cessation of being, he repeatedly attests.",
    "puborder": 4991,
    "translations": []
  },
  {
    "para_id": "953.6505",
    "id_prev": "953.6504",
    "id_next": "953.6506",
    "refcode_1": "CFF1",
    "refcode_2": "926",
    "refcode_3": "",
    "refcode_4": "",
    "refcode_short": "CFF1 926",
    "refcode_long": "The Conditionalist Faith of Our Fathers, vol. 1, p. 926 (LeRoy Edwin Froom)",
    "element_type": "h5",
    "element_subtype": "",
    "content": "4. GOD ALONE IS IMMORTAL AND EVERLASTING",
    "puborder": 4992,
    "translations": []
  },
  {
    "para_id": "953.6506",
    "id_prev": "953.6505",
    "id_next": "953.6507",
    "refcode_1": "CFF1",
    "refcode_2": "926",
    "refcode_3": "3",
    "refcode_4": "",
    "refcode_short": "CFF1 926.3",
    "refcode_long": "The Conditionalist Faith of Our Fathers, vol. 1, p. 926.3 (LeRoy Edwin Froom)",
    "element_type": "p",
    "element_subtype": "standard-indented",
    "content": "Warning against the &ldquo;empty delusions&rdquo; of pagan promises&mdash;that &ldquo;souls become divine, and are freed from the law of death&rdquo; by certain performances&mdash;Arnobius solemnly declares:",
    "puborder": 4993,
    "translations": []
  },
  {
    "para_id": "953.6507",
    "id_prev": "953.6506",
    "id_next": "953.6508",
    "refcode_1": "CFF1",
    "refcode_2": "926",
    "refcode_3": "4",
    "refcode_4": "",
    "refcode_short": "CFF1 926.4",
    "refcode_long": "The Conditionalist Faith of Our Fathers, vol. 1, p. 926.4 (LeRoy Edwin Froom)",
    "element_type": "p",
    "element_subtype": "standard-indented",
    "content": "&ldquo;None but the Almighty God can preserve souls; nor is any one besides who can give them length of days, and grant to them also a spirit which shall never die, except He who alone is immortal and everlasting and restricted by no limit of time.&rdquo; <sup class=\"footnote\"><a class=\"footnote\">45<span class=\"footnote\">45) Ibid., chap, 62, pp 457, 458.</span></a></sup>",
    "puborder": 4994,
    "translations": []
  },
  {
    "para_id": "953.6508",
    "id_prev": "953.6507",
    "id_next": "953.6509",
    "refcode_1": "CFF1",
    "refcode_2": "926",
    "refcode_3": "",
    "refcode_4": "",
    "refcode_short": "CFF1 926",
    "refcode_long": "The Conditionalist Faith of Our Fathers, vol. 1, p. 926 (LeRoy Edwin Froom)",
    "element_type": "h5",
    "element_subtype": "",
    "content": "5. THE GREAT ALTERNATIVES ARE PLACED BEFORE ALL",
    "puborder": 4995,
    "translations": []
  },
  {
    "para_id": "953.6509",
    "id_prev": "953.6508",
    "id_next": "953.6510",
    "refcode_1": "CFF1",
    "refcode_2": "926",
    "refcode_3": "5",
    "refcode_4": "",
    "refcode_short": "CFF1 926.5",
    "refcode_long": "The Conditionalist Faith of Our Fathers, vol. 1, p. 926.5 (LeRoy Edwin Froom)",
    "element_type": "p",
    "element_subtype": "standard-indented",
    "content": "Declaring in chapter sixty-three that &ldquo;Christ was sent by God for this end, that He might deliver unhappy souls from ruin and destruction&rdquo;&mdash;souls in a &ldquo;mortal state before He came&rdquo; <sup class=\"footnote\"><a class=\"footnote\">46<span class=\"footnote\">46) Ibid., chap. 63, p. 458.</span></a></sup>&mdash;Arnobius says that this deliverance is free to all who will accept. &ldquo;To all, He says, the fountain of life is open, and no one is hindered or kept back from drinking.&rdquo; <sup class=\"footnote\"><a class=\"footnote\">47<span class=\"footnote\">47) Ibid., chap. 64, p, 458.</span></a></sup> But he warns:",
    "puborder": 4996,
    "translations": []
  },
  {
    "para_id": "953.6510",
    "id_prev": "953.6509",
    "id_next": "953.6511",
    "refcode_1": "CFF1",
    "refcode_2": "926",
    "refcode_3": "6",
    "refcode_4": "",
    "refcode_short": "CFF1 926.6",
    "refcode_long": "The Conditionalist Faith of Our Fathers, vol. 1, p. 926.6 (LeRoy Edwin Froom)",
    "element_type": "p",
    "element_subtype": "standard-indented",
    "content": "&ldquo;God compels no one, terrifies no one with overpowering fear. For our salvation is not necessary to Him, so that He would gain anything or suffer any loss, if He either made us divine, or allowed us to be annihilated and destroyed by corruption.&rdquo; <sup class=\"footnote\"><a class=\"footnote\">48<span class=\"footnote\">48) Ibid.</span></a></sup>",
    "puborder": 4997,
    "translations": []
  },
  {
    "para_id": "953.6511",
    "id_prev": "953.6510",
    "id_next": "953.6512",
    "refcode_1": "CFF1",
    "refcode_2": "926",
    "refcode_3": "",
    "refcode_4": "",
    "refcode_short": "CFF1 926",
    "refcode_long": "The Conditionalist Faith of Our Fathers, vol. 1, p. 926 (LeRoy Edwin Froom)",
    "element_type": "h5",
    "element_subtype": "",
    "content": "6. &ldquo;PRIZE OF IMMORTALITY&rdquo; IS BEFORE US",
    "puborder": 4998,
    "translations": []
  },
  {
    "para_id": "953.6512",
    "id_prev": "953.6511",
    "id_next": "953.6514",
    "refcode_1": "CFF1",
    "refcode_2": "926",
    "refcode_3": "7",
    "refcode_4": "",
    "refcode_short": "CFF1 926.7",
    "refcode_long": "The Conditionalist Faith of Our Fathers, vol. 1, p. 926.7 (LeRoy Edwin Froom)",
    "element_type": "p",
    "element_subtype": "standard-indented",
    "content": "Then he adds this word: &ldquo;The Almighty Master of the World has determined that this should be the way of salvation, this the door, so to say, of life; by Him alone is there access.&rdquo; <sup class=\"footnote\"><a class=\"footnote\">49<span class=\"footnote\">49) Ibid., chap. 65, p. 459.</span></a></sup> Such is the &ldquo;prize of immortality&rdquo; set before us. <sup class=\"footnote\"><a class=\"footnote\">50<span class=\"footnote\">50) Ibid., chap. 66, p. 459.</span></a></sup>",
    "puborder": 4999,
    "translations": []
  },
  {
    "para_id": "953.6514",
    "id_prev": "953.6512",
    "id_next": "953.6515",
    "refcode_1": "CFF1",
    "refcode_2": "927",
    "refcode_3": "1",
    "refcode_4": "",
    "refcode_short": "CFF1 927.1",
    "refcode_long": "The Conditionalist Faith of Our Fathers, vol. 1, p. 927.1 (LeRoy Edwin Froom)",
    "element_type": "p",
    "element_subtype": "standard-indented",
    "content": "Arnobius ends his remarkable appeal by declaring:",
    "puborder": 5000,
    "translations": []
  },
  {
    "para_id": "953.6515",
    "id_prev": "953.6514",
    "id_next": "953.6516",
    "refcode_1": "CFF1",
    "refcode_2": "927",
    "refcode_3": "2",
    "refcode_4": "",
    "refcode_short": "CFF1 927.2",
    "refcode_long": "The Conditionalist Faith of Our Fathers, vol. 1, p. 927.2 (LeRoy Edwin Froom)",
    "element_type": "p",
    "element_subtype": "standard-indented",
    "content": "&ldquo;The times, full of dangers, urge us, and fatal penalties threaten us; let us flee for safety to God our Saviour, without demanding the reason of the offered gift. When that at stake is our soul&rsquo;s salvation and our own interests, something must be done even without reason .... Let us commit ourselves to God .... lest ... the last day steal upon us, and we be found in the jaws of our enemy, death. <sup class=\"footnote\"><a class=\"footnote\">51<span class=\"footnote\">51) Ibid., chap. 78, p. 463.</span></a></sup>",
    "puborder": 5001,
    "translations": []
  },
  {
    "para_id": "953.6516",
    "id_prev": "953.6515",
    "id_next": "953.6518",
    "refcode_1": "CFF1",
    "refcode_2": "927",
    "refcode_3": "3",
    "refcode_4": "",
    "refcode_short": "CFF1 927.3",
    "refcode_long": "The Conditionalist Faith of Our Fathers, vol. 1, p. 927.3 (LeRoy Edwin Froom)",
    "element_type": "p",
    "element_subtype": "standard-indented",
    "content": "And all this, be it ever remembered, was not only set forth as Arnobius&rsquo; faith, but was accepted as sufficient evidence of his Christianity to open for him the gates of Christian church membership. Nor is it to be forgotten that these two views of man were both held at the time, and that the view of Arnobius, and that of the many holding with him, was accepted as equally the Christian view. Conditionalism, therefore, still was one of the accepted and recorded beliefs of the church in the early fourth century.",
    "puborder": 5002,
    "translations": []
  }
]