[
  {
    "para_id": "953.338",
    "id_prev": "953.336",
    "id_next": "953.339",
    "refcode_1": "CFF1",
    "refcode_2": "57",
    "refcode_3": "",
    "refcode_4": "",
    "refcode_short": "CFF1 57",
    "refcode_long": "The Conditionalist Faith of Our Fathers, vol. 1, p. 57 (LeRoy Edwin Froom)",
    "element_type": "h3",
    "element_subtype": "",
    "content": "CHAPTER FOUR: The Gospel of <span class=\"egwlink egwlink_bible\" title=\"Genesis 3:7\" data-link=\"1965.131\">Genesis 3:7</span>",
    "puborder": 251,
    "translations": []
  },
  {
    "para_id": "953.339",
    "id_prev": "953.338",
    "id_next": "953.340",
    "refcode_1": "CFF1",
    "refcode_2": "57",
    "refcode_3": "",
    "refcode_4": "",
    "refcode_short": "CFF1 57",
    "refcode_long": "The Conditionalist Faith of Our Fathers, vol. 1, p. 57 (LeRoy Edwin Froom)",
    "element_type": "h5",
    "element_subtype": "",
    "content": "1. THE TERRORS OF DISOBEDIENCE",
    "puborder": 252,
    "translations": []
  },
  {
    "para_id": "953.340",
    "id_prev": "953.339",
    "id_next": "953.341",
    "refcode_1": "CFF1",
    "refcode_2": "57",
    "refcode_3": "1",
    "refcode_4": "",
    "refcode_short": "CFF1 57.1",
    "refcode_long": "The Conditionalist Faith of Our Fathers, vol. 1, p. 57.1 (LeRoy Edwin Froom)",
    "element_type": "p",
    "element_subtype": "standard-indented",
    "content": "They were not only naked, they were afraid. God had threatened them with death if they partook of the reserved tree. And almost as if in echo to their thoughts &ldquo;they heard the voice of the Lord God walking in the garden in the cool of the day: and Adam and his wife hid themselves from the presence of the Lord God amongst the trees of the garden&rdquo; (<span class=\"egwlink egwlink_bible\" title=\"Genesis 3:8\" data-link=\"1965.133\">Genesis 3:8</span>).",
    "puborder": 253,
    "translations": []
  },
  {
    "para_id": "953.341",
    "id_prev": "953.340",
    "id_next": "953.342",
    "refcode_1": "CFF1",
    "refcode_2": "57",
    "refcode_3": "2",
    "refcode_4": "",
    "refcode_short": "CFF1 57.2",
    "refcode_long": "The Conditionalist Faith of Our Fathers, vol. 1, p. 57.2 (LeRoy Edwin Froom)",
    "element_type": "p",
    "element_subtype": "standard-indented",
    "content": "But they soon discovered that running from God was useless, for God seemed determined to find them. The story continues:",
    "puborder": 254,
    "translations": []
  },
  {
    "para_id": "953.342",
    "id_prev": "953.341",
    "id_next": "953.345",
    "refcode_1": "CFF1",
    "refcode_2": "57",
    "refcode_3": "",
    "refcode_4": "",
    "refcode_short": "",
    "refcode_long": "",
    "element_type": "p",
    "element_subtype": "standard-noindent",
    "content": "&ldquo;And the Lord God called unto Adam, and said unto him, Where art thou? And he said, I heard thy voice in the garden, and I was afraid, because I was naked; and I hid myself. And he said, Who told thee that <span class=\"page-break\" data-page=\"58\"></span> thou wast naked? Hast thou eaten of the tree, whereof I commanded thee that thou shouldest not eat? And the man said, The woman whom thou gavest to be with me, she gave me of the tree, and I did eat. And the Lord God said unto the woman, What is this that thou hast done? And the woman said, The serpent beguiled me, and I did eat&rdquo; (<span class=\"egwlink egwlink_bible\" title=\"Genesis 3:9\" data-link=\"1965.135\">Genesis 3:9-13</span>).",
    "puborder": 255,
    "translations": []
  },
  {
    "para_id": "953.345",
    "id_prev": "953.342",
    "id_next": "953.346",
    "refcode_1": "CFF1",
    "refcode_2": "58",
    "refcode_3": "",
    "refcode_4": "",
    "refcode_short": "CFF1 58",
    "refcode_long": "The Conditionalist Faith of Our Fathers, vol. 1, p. 58 (LeRoy Edwin Froom)",
    "element_type": "p",
    "element_subtype": "picture",
    "content": "<a href=\"http://www.whiteestate.org/apl/graphics/CFF1/CFF1_CH04_P01.jpg\" data-link=\"https://egw.bz/go?uri=http%3a%2f%2fwww.whiteestate.org%2fapl%2fgraphics%2fCFF1%2fCFF1_CH04_P01.jpg\" class=\"egwlink egwlink_external\">Picture 1:</a> Guilty Conscience of Eve:\n<br />Terror Strikes the Heart of Eve as She Realizes the Enormity of Her Act in Enticing Adam to Eat the Fruit of the Forbidden Tree of the Garden.\n<br />Page 58",
    "puborder": 256,
    "translations": []
  },
  {
    "para_id": "953.346",
    "id_prev": "953.345",
    "id_next": "953.347",
    "refcode_1": "CFF1",
    "refcode_2": "58",
    "refcode_3": "1",
    "refcode_4": "",
    "refcode_short": "CFF1 58.1",
    "refcode_long": "The Conditionalist Faith of Our Fathers, vol. 1, p. 58.1 (LeRoy Edwin Froom)",
    "element_type": "p",
    "element_subtype": "standard-indented",
    "content": "As the guilty pair stood frightened and ashamed before their Creator, He turned to the serpent, and through it cursed the tempter who caused the fall of His first earth children. As Adam and Eve listened they heard Him say:",
    "puborder": 257,
    "translations": []
  },
  {
    "para_id": "953.347",
    "id_prev": "953.346",
    "id_next": "953.348",
    "refcode_1": "CFF1",
    "refcode_2": "58",
    "refcode_3": "",
    "refcode_4": "",
    "refcode_short": "",
    "refcode_long": "",
    "element_type": "p",
    "element_subtype": "standard-noindent",
    "content": "&ldquo;I will put enmity between thee and the woman, and between thy seed and her seed; it shall bruise thy head, and thou shalt bruise his heel&rdquo; (<span class=\"egwlink egwlink_bible\" title=\"Genesis 3:15\" data-link=\"1965.147\">Genesis 3:15</span>).",
    "puborder": 258,
    "translations": []
  },
  {
    "para_id": "953.348",
    "id_prev": "953.347",
    "id_next": "953.349",
    "refcode_1": "CFF1",
    "refcode_2": "58",
    "refcode_3": "",
    "refcode_4": "",
    "refcode_short": "CFF1 58",
    "refcode_long": "The Conditionalist Faith of Our Fathers, vol. 1, p. 58 (LeRoy Edwin Froom)",
    "element_type": "h5",
    "element_subtype": "",
    "content": "2. THE FIRST GLIMMER OF HOPE",
    "puborder": 259,
    "translations": []
  },
  {
    "para_id": "953.349",
    "id_prev": "953.348",
    "id_next": "953.352",
    "refcode_1": "CFF1",
    "refcode_2": "58",
    "refcode_3": "2",
    "refcode_4": "",
    "refcode_short": "CFF1 58.2",
    "refcode_long": "The Conditionalist Faith of Our Fathers, vol. 1, p. 58.2 (LeRoy Edwin Froom)",
    "element_type": "p",
    "element_subtype": "standard-indented",
    "content": "&ldquo;Her seed.&rdquo; Adam and Eve had been commanded by God to multiply and replenish the earth. But so short a time had elapsed since their creation that they had as yet no children. If the &ldquo;seed&rdquo; of Eve <span class=\"page-break\" data-page=\"59\"></span> was to crush the head of the serpent, then God did not intend to carry out His threat of death for a time, at least. Here was the first glimmer of hope. Some one of Eve&rsquo;s descendants apparently was to win a victory over the serpent. The darkness began to lift.",
    "puborder": 260,
    "translations": []
  },
  {
    "para_id": "953.352",
    "id_prev": "953.349",
    "id_next": "953.353",
    "refcode_1": "CFF1",
    "refcode_2": "59",
    "refcode_3": "",
    "refcode_4": "",
    "refcode_short": "CFF1 59",
    "refcode_long": "The Conditionalist Faith of Our Fathers, vol. 1, p. 59 (LeRoy Edwin Froom)",
    "element_type": "p",
    "element_subtype": "picture",
    "content": "<a href=\"http://www.whiteestate.org/apl/graphics/CFF1/CFF1_CH04_P02.jpg\" data-link=\"https://egw.bz/go?uri=http%3a%2f%2fwww.whiteestate.org%2fapl%2fgraphics%2fCFF1%2fCFF1_CH04_P02.jpg\" class=\"egwlink egwlink_external\">Picture 2:</a> Expelled from the Garden:\n<br />Though Expelled From Eden Because of Sin, Redemption Through a Redeemer Was Promised at the Very Gates of Eden. Infinite Love Found a Way.\n<br />Page 59",
    "puborder": 261,
    "translations": []
  },
  {
    "para_id": "953.353",
    "id_prev": "953.352",
    "id_next": "953.354",
    "refcode_1": "CFF1",
    "refcode_2": "59",
    "refcode_3": "1",
    "refcode_4": "",
    "refcode_short": "CFF1 59.1",
    "refcode_long": "The Conditionalist Faith of Our Fathers, vol. 1, p. 59.1 (LeRoy Edwin Froom)",
    "element_type": "p",
    "element_subtype": "standard-indented",
    "content": "This promise, dimly understood at first, was gradually expanded until the full plan of God for restoring guilty man to holiness was revealed to Adam&rsquo;s descendants.",
    "puborder": 262,
    "translations": []
  }
]