[
  {
    "para_id": "953.1134",
    "id_prev": "953.1133",
    "id_next": "953.1135",
    "refcode_1": "CFF1",
    "refcode_2": "155",
    "refcode_3": "",
    "refcode_4": "",
    "refcode_short": "CFF1 155",
    "refcode_long": "The Conditionalist Faith of Our Fathers, vol. 1, p. 155 (LeRoy Edwin Froom)",
    "element_type": "h4",
    "element_subtype": "",
    "content": "V. Relation of &ldquo;Spirit&rdquo; or &ldquo;Breath&rdquo; to Life and Death",
    "puborder": 888,
    "translations": []
  },
  {
    "para_id": "953.1135",
    "id_prev": "953.1134",
    "id_next": "953.1136",
    "refcode_1": "CFF1",
    "refcode_2": "155",
    "refcode_3": "",
    "refcode_4": "",
    "refcode_short": "CFF1 155",
    "refcode_long": "The Conditionalist Faith of Our Fathers, vol. 1, p. 155 (LeRoy Edwin Froom)",
    "element_type": "h5",
    "element_subtype": "",
    "content": "1. &ldquo;BREATH OF LIFE&rdquo; AND &ldquo;SPIRIT OF GOD&rdquo; THE CAUSE OF LIFE",
    "puborder": 889,
    "translations": []
  },
  {
    "para_id": "953.1136",
    "id_prev": "953.1135",
    "id_next": "953.1137",
    "refcode_1": "CFF1",
    "refcode_2": "155",
    "refcode_3": "4",
    "refcode_4": "",
    "refcode_short": "CFF1 155.4",
    "refcode_long": "The Conditionalist Faith of Our Fathers, vol. 1, p. 155.4 (LeRoy Edwin Froom)",
    "element_type": "p",
    "element_subtype": "standard-indented",
    "content": "The &ldquo;breath of life,&rdquo; or &ldquo;spirit,&rdquo; which brought life originally to man, is expressly declared to have been inbreathed by God. The patriarch Job in characteristic Hebrew parallelism, in referring back to the creation of man, utters these impressive words: &ldquo;The spirit [ruach] of God hath made me, and the breath [neshamah] of the Almighty hath given me life&rdquo; (<span class=\"egwlink egwlink_bible\" title=\"Job 33:4\" data-link=\"1965.27798\">Job 33:4</span>).",
    "puborder": 890,
    "translations": []
  },
  {
    "para_id": "953.1137",
    "id_prev": "953.1136",
    "id_next": "953.1140",
    "refcode_1": "CFF1",
    "refcode_2": "155",
    "refcode_3": "5",
    "refcode_4": "",
    "refcode_short": "CFF1 155.5",
    "refcode_long": "The Conditionalist Faith of Our Fathers, vol. 1, p. 155.5 (LeRoy Edwin Froom)",
    "element_type": "p",
    "element_subtype": "standard-indented",
    "content": "And in speaking of man&rsquo;s death, Job states that it is <span class=\"page-break\" data-page=\"156\"></span> brought about by the reversal of the creation process&mdash;God gathering back to Himself His &ldquo;spirit (ruach) and his breath [neshamah]&rdquo; (<span class=\"egwlink egwlink_bible\" title=\"Job 34:14\" data-link=\"1965.27885\">Job 34:14</span>), which He originally inbreathed, or infused, into man. Hence the spirit that God takes back from man at death is God&rsquo;s own vitalizing spirit, or breath, imparted to man, and then returning to its originating Source. This appears also in Ecclesiastes: &ldquo;Then shall the dust [by metonomy, the body] return to the earth as it was: and the spirit [ruach; not nephesh, soul] shall return unto God who gave it&rdquo; (<span class=\"egwlink egwlink_bible\" title=\"Job 12:7\" data-link=\"1965.26739\">Job 12:7</span>).",
    "puborder": 891,
    "translations": []
  },
  {
    "para_id": "953.1140",
    "id_prev": "953.1137",
    "id_next": "953.1141",
    "refcode_1": "CFF1",
    "refcode_2": "156",
    "refcode_3": "",
    "refcode_4": "",
    "refcode_short": "CFF1 156",
    "refcode_long": "The Conditionalist Faith of Our Fathers, vol. 1, p. 156 (LeRoy Edwin Froom)",
    "element_type": "h5",
    "element_subtype": "",
    "content": "2. SPIRIT DISTINCT FROM LIFE IT PRODUCES",
    "puborder": 892,
    "translations": []
  },
  {
    "para_id": "953.1141",
    "id_prev": "953.1140",
    "id_next": "953.1142",
    "refcode_1": "CFF1",
    "refcode_2": "156",
    "refcode_3": "1",
    "refcode_4": "",
    "refcode_short": "CFF1 156.1",
    "refcode_long": "The Conditionalist Faith of Our Fathers, vol. 1, p. 156.1 (LeRoy Edwin Froom)",
    "element_type": "p",
    "element_subtype": "standard-indented",
    "content": "In death man&rsquo;s ruach (spirit) goes back to God, from whom it came when man was formed. While it is the presence of the spirit, or breath, of God that bestows life on man, it is to be particularly noted that God&rsquo;s &ldquo;spirit,&rdquo; or &ldquo;breath&rdquo; (<span class=\"egwlink egwlink_bible\" title=\"Job 33:4\" data-link=\"1965.27798\">Job 33:4</span>), is distinct from the life it has brought into being&mdash;just as cause is different from effect.",
    "puborder": 893,
    "translations": []
  },
  {
    "para_id": "953.1142",
    "id_prev": "953.1141",
    "id_next": "953.1143",
    "refcode_1": "CFF1",
    "refcode_2": "156",
    "refcode_3": "2",
    "refcode_4": "",
    "refcode_short": "CFF1 156.2",
    "refcode_long": "The Conditionalist Faith of Our Fathers, vol. 1, p. 156.2 (LeRoy Edwin Froom)",
    "element_type": "p",
    "element_subtype": "standard-indented",
    "content": "This differentiation is highly important. If the life of man were identical with the spirit that produced it, it would possess all the essential attributes of the spirit. But this is safeguarded in the Scripture account, which describes the spirit as the cause of life, but distinct and distinguishable from it. Thus the effect may perish, but the cause does not perish. The life of man may disappear and become extinct, while the spirit, or breath, from the Almighty does not. It simply returns to Him from whom it came.",
    "puborder": 894,
    "translations": []
  },
  {
    "para_id": "953.1143",
    "id_prev": "953.1142",
    "id_next": "953.1145",
    "refcode_1": "CFF1",
    "refcode_2": "156",
    "refcode_3": "3",
    "refcode_4": "",
    "refcode_short": "CFF1 156.3",
    "refcode_long": "The Conditionalist Faith of Our Fathers, vol. 1, p. 156.3 (LeRoy Edwin Froom)",
    "element_type": "p",
    "element_subtype": "standard-indented",
    "content": "Man has the breath, or spirit, of God within him. But the spirit may be withdrawn, since it is only a loan from God for the duration of man&rsquo;s lifetime. Job significantly describes life as &ldquo;all the while my breath [neshamah] is in me, and the spirit [ruach] of God is in my nostrils&rdquo; (<span class=\"egwlink egwlink_bible\" title=\"Job 27:3\" data-link=\"1965.27452\">Job 27:3</span>). Job knew that his spirit, or breath, was not his own, with an independent and innate right to keep it, but was the spirit, or breath, of God in his nostrils&mdash;subject to withdrawal at his Maker&rsquo;s will. Job recognized himself as intrinsically but &ldquo;dust&rdquo; (<span class=\"egwlink egwlink_bible\" title=\"Job 10:9\" data-link=\"1965.26657\">Job 10:9</span>; <span class=\"egwlink egwlink_bible\" title=\"Job 34:15\" data-link=\"1965.27887\">Job 34:15</span>).",
    "puborder": 895,
    "translations": []
  },
  {
    "para_id": "953.1145",
    "id_prev": "953.1143",
    "id_next": "953.1146",
    "refcode_1": "CFF1",
    "refcode_2": "157",
    "refcode_3": "",
    "refcode_4": "",
    "refcode_short": "CFF1 157",
    "refcode_long": "The Conditionalist Faith of Our Fathers, vol. 1, p. 157 (LeRoy Edwin Froom)",
    "element_type": "h5",
    "element_subtype": "",
    "content": "3. RESTORATION OF SPIRIT AT RESURRECTION",
    "puborder": 896,
    "translations": []
  },
  {
    "para_id": "953.1146",
    "id_prev": "953.1145",
    "id_next": "953.1147",
    "refcode_1": "CFF1",
    "refcode_2": "157",
    "refcode_3": "1",
    "refcode_4": "",
    "refcode_short": "CFF1 157.1",
    "refcode_long": "The Conditionalist Faith of Our Fathers, vol. 1, p. 157.1 (LeRoy Edwin Froom)",
    "element_type": "p",
    "element_subtype": "standard-indented",
    "content": "As the entrance of the spirit into man originally gave him life, so in the same way the restoration of the spirit, at the resurrection, renews his life. This is foreshown by Ezekiel&rsquo;s vision of the valley of the dry bones&mdash;then &ldquo;very dry&rdquo; (<span class=\"egwlink egwlink_bible\" title=\"Ezekiel 37:2\" data-link=\"1965.43666\">Ezekiel 37:2</span>) and entirely lifeless, having once had life but now with &ldquo;no breath [spirit, ruach] in them&rdquo; (<span class=\"egwlink egwlink_bible\" title=\"Ezekiel 37:8\" data-link=\"1965.43678\">Ezekiel 37:8</span>). And then through the action of the figurative &ldquo;WIND&rdquo; [breath, or spirit, ruach] life was restored by God&rsquo;s causing His spirit, or breath, to enter into them again. Thus:",
    "puborder": 897,
    "translations": []
  },
  {
    "para_id": "953.1147",
    "id_prev": "953.1146",
    "id_next": "953.1148",
    "refcode_1": "CFF1",
    "refcode_2": "157",
    "refcode_3": "2",
    "refcode_4": "",
    "refcode_short": "CFF1 157.2",
    "refcode_long": "The Conditionalist Faith of Our Fathers, vol. 1, p. 157.2 (LeRoy Edwin Froom)",
    "element_type": "p",
    "element_subtype": "standard-indented",
    "content": "&ldquo;Behold, I will cause breath [spirit, ruach] to enter into you [the dry bones, and ye shall live: and I will lay sinews upon you, and will bring up flesh upon you, and cover you with skin, and put breath [spirit, ruach] in you, and ye shall live.&rdquo; &ldquo;And shall put my spirit [ruach] in you, and ye shall live&rdquo; (<span class=\"egwlink egwlink_bible\" title=\"Ezekiel 37:5\" data-link=\"1965.43672\">Ezekiel 37:5, 6, 14</span>).",
    "puborder": 898,
    "translations": []
  },
  {
    "para_id": "953.1148",
    "id_prev": "953.1147",
    "id_next": "953.1149",
    "refcode_1": "CFF1",
    "refcode_2": "157",
    "refcode_3": "3",
    "refcode_4": "",
    "refcode_short": "CFF1 157.3",
    "refcode_long": "The Conditionalist Faith of Our Fathers, vol. 1, p. 157.3 (LeRoy Edwin Froom)",
    "element_type": "p",
    "element_subtype": "standard-indented",
    "content": "The life that was relinquished when the spirit left the body is thus renewed. And it was this renewal, or restoration of the spirit, or breath&mdash;the breath of God that caused life&mdash;that was the hope and the promise of a future life for the Old Testament worthies. When they knew they were dying, and were soon to sink back into their original earth, they commended their spirits into the safekeeping of God. Thus the psalmist David, upon the prospect of death, said: &ldquo;Into thine hand I commit my spirit [ruach]: thou hast redeemed me, O Lord God of truth .... I trust in the Lord&rdquo; (<span class=\"egwlink egwlink_bible\" title=\"Psalm 31:5\" data-link=\"1965.29203\">Psalm 31:5, 6</span>).",
    "puborder": 899,
    "translations": []
  },
  {
    "para_id": "953.1149",
    "id_prev": "953.1148",
    "id_next": "953.1150",
    "refcode_1": "CFF1",
    "refcode_2": "157",
    "refcode_3": "4",
    "refcode_4": "",
    "refcode_short": "CFF1 157.4",
    "refcode_long": "The Conditionalist Faith of Our Fathers, vol. 1, p. 157.4 (LeRoy Edwin Froom)",
    "element_type": "p",
    "element_subtype": "standard-indented",
    "content": "He made the same committal that Christ later made (<span class=\"egwlink egwlink_bible\" title=\"Luke 23:46\" data-link=\"1965.53003\">Luke 23:46</span>). It was because he had been redeemed that David was able to commend his spirit with confidence into the hands of God. Reiterating then: God gave man his &ldquo;spirit&rdquo; at creation. But man forfeited his right to the causative spirit, and in consequence it is rendered back to God at (the first) death, going back to Him to whom it belongs.",
    "puborder": 900,
    "translations": []
  },
  {
    "para_id": "953.1150",
    "id_prev": "953.1149",
    "id_next": "953.1153",
    "refcode_1": "CFF1",
    "refcode_2": "157",
    "refcode_3": "5",
    "refcode_4": "",
    "refcode_short": "CFF1 157.5",
    "refcode_long": "The Conditionalist Faith of Our Fathers, vol. 1, p. 157.5 (LeRoy Edwin Froom)",
    "element_type": "p",
    "element_subtype": "standard-indented",
    "content": "And while the spirit is rendered back to God as a forfeit because of the original sin, its restoration is pledged by covenant through Christ. It is the believer&rsquo;s in promise&mdash;a promise that will not be broken, for it is &ldquo;impossible for God to lie&rdquo; (<span class=\"egwlink egwlink_bible\" title=\"Hebrews 6:18\" data-link=\"1965.61324\">Hebrews 6:18</span>). It is kept safe for him. The separation is for the <span class=\"page-break\" data-page=\"158\"></span> time when the sleeper lies silently in the dust of gravedom, which passage of time will seem as but the twinkling of an eve.",
    "puborder": 901,
    "translations": []
  }
]