[
  {
    "para_id": "953.3753",
    "id_prev": "953.3751",
    "id_next": "953.3754",
    "refcode_1": "CFF1",
    "refcode_2": "550",
    "refcode_3": "",
    "refcode_4": "",
    "refcode_short": "CFF1 550",
    "refcode_long": "The Conditionalist Faith of Our Fathers, vol. 1, p. 550 (LeRoy Edwin Froom)",
    "element_type": "h4",
    "element_subtype": "",
    "content": "II. Inevitable Reaction Under Compromisers, Atomists, and Sophists",
    "puborder": 2867,
    "translations": []
  },
  {
    "para_id": "953.3754",
    "id_prev": "953.3753",
    "id_next": "953.3755",
    "refcode_1": "CFF1",
    "refcode_2": "550",
    "refcode_3": "",
    "refcode_4": "",
    "refcode_short": "CFF1 550",
    "refcode_long": "The Conditionalist Faith of Our Fathers, vol. 1, p. 550 (LeRoy Edwin Froom)",
    "element_type": "h5",
    "element_subtype": "",
    "content": "1. EMPEDOCLES: DOOMED BY SIN TO TRANSMIGRATIONS",
    "puborder": 2868,
    "translations": []
  },
  {
    "para_id": "953.3755",
    "id_prev": "953.3754",
    "id_next": "953.3756",
    "refcode_1": "CFF1",
    "refcode_2": "550",
    "refcode_3": "1",
    "refcode_4": "",
    "refcode_short": "CFF1 550.1",
    "refcode_long": "The Conditionalist Faith of Our Fathers, vol. 1, p. 550.1 (LeRoy Edwin Froom)",
    "element_type": "p",
    "element_subtype": "standard-indented",
    "content": "The first philosopher to introduce the conception of the four elements&mdash;fire, air, water, and earth&mdash;as divine, eternal forces was EMPEDOCLES (c. 500-430 B.C.), of Sicily. To these he added the two primary principles of love and hate&mdash;love the creative power, hate the destroyer. Between these there is unremitting strife. But in his mystic theology Empedocles was definitely allied with the Orphic-Pythagorean positions. <sup class=\"footnote\"><a class=\"footnote\">8<span class=\"footnote\">8) Zeller, History of Greek Philosophy, vol 2, pp 117-184; Outlines of the History of Greek Philosopy, pp. 72-75; Draper, History of the Intellectual Development of Europe, vol. 1, pp. 123 124.</span></a></sup> He did not found a school but, like Pythagoras and Heraclitus, held to the literal transmigration of human souls through the bodies of animals and men, and the subsequent return of the purified souls to the gods, from which they originally came. And Empedocles held to the &ldquo;immutable decree&rdquo; of Fate, including the banishment of the demons for &ldquo;30,000 seasons from among the Blessed.&rdquo; <sup class=\"footnote\"><a class=\"footnote\">9<span class=\"footnote\">9) Zeller Histry of Greek Philosophy, vol. 2, p. 172.</span></a></sup>",
    "puborder": 2869,
    "translations": []
  },
  {
    "para_id": "953.3756",
    "id_prev": "953.3755",
    "id_next": "953.3757",
    "refcode_1": "CFF1",
    "refcode_2": "550",
    "refcode_3": "2",
    "refcode_4": "",
    "refcode_short": "CFF1 550.2",
    "refcode_long": "The Conditionalist Faith of Our Fathers, vol. 1, p. 550.2 (LeRoy Edwin Froom)",
    "element_type": "p",
    "element_subtype": "standard-indented",
    "content": "Empedocles presented a singular dualistic view&mdash;a Dualism of the inner life detected in Homer. The office of the soul is neither perception nor thought, both of which, he held, are merely functions of the body. Perception attests divine existence in the past. Thought, existing side by side with the soul in man, perishes with the body. But the soul, if not immortal, is at least long-lived. The postulate of transmigration naturally formed a part of his system. But between its various incorporations the soul does not descend into an underground Hades, as in Orphic and Pythagorean belief. And when all elements return to their original unity, all souls&mdash;and even the gods&mdash;are reunited in the divine universal spirit, to appear in a newly restored world. <sup class=\"footnote\"><a class=\"footnote\">10<span class=\"footnote\">10) See Charles, The Doctrine of a Future Life, pp. 149, 150.</span></a></sup>",
    "puborder": 2870,
    "translations": []
  },
  {
    "para_id": "953.3757",
    "id_prev": "953.3756",
    "id_next": "953.3760",
    "refcode_1": "CFF1",
    "refcode_2": "550",
    "refcode_3": "3",
    "refcode_4": "",
    "refcode_short": "CFF1 550.3",
    "refcode_long": "The Conditionalist Faith of Our Fathers, vol. 1, p. 550.3 (LeRoy Edwin Froom)",
    "element_type": "p",
    "element_subtype": "standard-indented",
    "content": "Empedocles held, further, that nothing can begin which formerly was not, and nothing that exists can perish. Man&rsquo;s original state was sinless. But man fell, and he too &ldquo;was doomed to wander thrice ten thousand years apart from the blessed&rdquo;&mdash;a &ldquo;fugitive from the gods, and an outcast&rdquo; dwelling in perpetual strife. As hate dominates, motion is ceaseless and rest is impossible. <span class=\"page-break\" data-page=\"551\"></span> But in the coexisting sphere of love, when the pious die they become &ldquo;deathless gods,&rdquo; and no longer mortals. <sup class=\"footnote\"><a class=\"footnote\">11<span class=\"footnote\">11) Fairbairn, op. cit., pp. 188, 189, Cf. Ritter, History of Ancient Philosophy, vol. 1, p.501.</span></a></sup> Thus, &ldquo;man is a fallen god condemned to wander on earth, sky-aspiring but sense-clouded.&rdquo; Purged by penance, he returns to his former godlike experience.",
    "puborder": 2871,
    "translations": []
  },
  {
    "para_id": "953.3760",
    "id_prev": "953.3757",
    "id_next": "953.3761",
    "refcode_1": "CFF1",
    "refcode_2": "551",
    "refcode_3": "1",
    "refcode_4": "",
    "refcode_short": "CFF1 551.1",
    "refcode_long": "The Conditionalist Faith of Our Fathers, vol. 1, p. 551.1 (LeRoy Edwin Froom)",
    "element_type": "p",
    "element_subtype": "standard-indented",
    "content": "Empedocles held that reality is &ldquo;Many,&rdquo; not &ldquo;One.&rdquo; And permanence belongs to the principal elements which change to their shifting relations. Earlier it was felt that matter is alive, but Parmenides removed that conception. And now Empedocles added these two agencies, love and hate, as controlling the four elements. The history of the universe is, he held, oscillation to and fro between complete accord and total disharmony. So while not belonging organizationally to the Pythagorean School, Empedocles adopted its teachings on the soul. Death would free the soul from its &ldquo;last corporeal envelope.&rdquo; It never again would enter a body, but &ldquo;live for ever in freedom and divinity.&rdquo; <sup class=\"footnote\"><a class=\"footnote\">12<span class=\"footnote\">12) Rohde, op. cit., pp. 379, 380.</span></a></sup> Such was the Immortal-Soulism support given by Empedocles.",
    "puborder": 2872,
    "translations": []
  },
  {
    "para_id": "953.3761",
    "id_prev": "953.3760",
    "id_next": "953.3762",
    "refcode_1": "CFF1",
    "refcode_2": "551",
    "refcode_3": "",
    "refcode_4": "",
    "refcode_short": "CFF1 551",
    "refcode_long": "The Conditionalist Faith of Our Fathers, vol. 1, p. 551 (LeRoy Edwin Froom)",
    "element_type": "h5",
    "element_subtype": "",
    "content": "2. ANAXAGORAS: DUALISM AND DISSOLUTION OF THE SOUL",
    "puborder": 2873,
    "translations": []
  },
  {
    "para_id": "953.3762",
    "id_prev": "953.3761",
    "id_next": "953.3763",
    "refcode_1": "CFF1",
    "refcode_2": "551",
    "refcode_3": "2",
    "refcode_4": "",
    "refcode_short": "CFF1 551.2",
    "refcode_long": "The Conditionalist Faith of Our Fathers, vol. 1, p. 551.2 (LeRoy Edwin Froom)",
    "element_type": "p",
    "element_subtype": "standard-indented",
    "content": "Fifty years after Pythagoras, his successor, ANAXAGORAS, of Ionia (c. 500-428 B.C.), visited Egypt, which visit was not without its effects upon his thinking. The fundamental principle of his philosophy was the unchangeability of the universe as a whole, or in other words, the eternity of matter. As he expressed it:",
    "puborder": 2874,
    "translations": []
  },
  {
    "para_id": "953.3763",
    "id_prev": "953.3762",
    "id_next": "953.3764",
    "refcode_1": "CFF1",
    "refcode_2": "551",
    "refcode_3": "3",
    "refcode_4": "",
    "refcode_short": "CFF1 551.3",
    "refcode_long": "The Conditionalist Faith of Our Fathers, vol. 1, p. 551.3 (LeRoy Edwin Froom)",
    "element_type": "p",
    "element_subtype": "standard-indented",
    "content": "&ldquo;Wrongly do the Greeks suppose that aught begins or ceases to be, for nothing comes into being or is destroyed, but all is an aggregation or secretion of pre-existent things, so that all becoming might more correctly be called becoming-mixed, and all corruption becoming separate.&rdquo; <sup class=\"footnote\"><a class=\"footnote\">13<span class=\"footnote\">13) Draper, op. cit., vol. 1, p. 108. (Italics supplied.) See also Fairbairn, op. cit., pp. 189, 190.</span></a></sup>",
    "puborder": 2875,
    "translations": []
  },
  {
    "para_id": "953.3764",
    "id_prev": "953.3763",
    "id_next": "953.3767",
    "refcode_1": "CFF1",
    "refcode_2": "551",
    "refcode_3": "4",
    "refcode_4": "",
    "refcode_short": "CFF1 551.4",
    "refcode_long": "The Conditionalist Faith of Our Fathers, vol. 1, p. 551.4 (LeRoy Edwin Froom)",
    "element_type": "p",
    "element_subtype": "standard-indented",
    "content": "Anaxagoras also became persuaded that &ldquo;mind&rdquo; is completely detached from matter, and acts upon matter with intelligence and design in the formation of the universe. <sup class=\"footnote\"><a class=\"footnote\">14<span class=\"footnote\">14) William Enfield, The History of Philosophy From the Earliest Periods, book 2, chap. 3, p. 87.</span></a></sup> The initial <span class=\"page-break\" data-page=\"552\"></span> moving force, which brought order out of chaos, he designated as &ldquo;Intellect&rdquo; (Nous), or &ldquo;all-pervading Mind.&rdquo; Rejecting the fate concept, he imputed it to reason. &ldquo;Mind&rdquo; is infinite and absolute, and Anaxagoras made no distinction between &ldquo;mind&rdquo; and &ldquo;soul.&rdquo; He also held to a Dualism, as indicated by the &ldquo;moving force&rdquo; and the &ldquo;moved mass.&rdquo;",
    "puborder": 2876,
    "translations": []
  },
  {
    "para_id": "953.3767",
    "id_prev": "953.3764",
    "id_next": "953.3768",
    "refcode_1": "CFF1",
    "refcode_2": "552",
    "refcode_3": "1",
    "refcode_4": "",
    "refcode_short": "CFF1 552.1",
    "refcode_long": "The Conditionalist Faith of Our Fathers, vol. 1, p. 552.1 (LeRoy Edwin Froom)",
    "element_type": "p",
    "element_subtype": "standard-indented",
    "content": "And he stressed the opposition between the intellectual and the physical. Reason, he said, was the prime mover, employing air, water, and fire as agents. Such was Anaxagoras&rsquo; cosmogony. Compounds were not formation, but arrangements. Thus all parts of the animal body pre-exist in food, and are merely collected therefrom. In fact, all the phenomena of life are explained in his Magian doctrine of Dualism between mind and matter. <sup class=\"footnote\"><a class=\"footnote\">15<span class=\"footnote\">15) Rohde, op. cit., pp. 386-388.</span></a></sup>",
    "puborder": 2877,
    "translations": []
  },
  {
    "para_id": "953.3768",
    "id_prev": "953.3767",
    "id_next": "953.3769",
    "refcode_1": "CFF1",
    "refcode_2": "552",
    "refcode_3": "2",
    "refcode_4": "",
    "refcode_short": "CFF1 552.2",
    "refcode_long": "The Conditionalist Faith of Our Fathers, vol. 1, p. 552.2 (LeRoy Edwin Froom)",
    "element_type": "p",
    "element_subtype": "standard-indented",
    "content": "Rohde calls him &ldquo;the first decisive and conscious dualist among Greek philosophers.&rdquo; <sup class=\"footnote\"><a class=\"footnote\">16<span class=\"footnote\">16) Ibid., p. 386.</span></a></sup> He sets &ldquo;mind&rdquo; and &ldquo;matter&rdquo; over against each other, and mind is power of thought and force of will. Self-existent mind influences matter without itself being moved by it. Now, as animated beings spring from the &ldquo;World-Mind,&rdquo; individual souls are therefore not self-existent after the dissolution of the &ldquo;united.&rdquo; Thus &ldquo;the view is definitely ascribed to him that separation from the body is also &lsquo;the soul&rsquo;s death.&rsquo;&rdquo; He did not, however, teach &ldquo;the indestructibility of the individual spirit.&rdquo; <sup class=\"footnote\"><a class=\"footnote\">17<span class=\"footnote\">17) Ibid., p. 388. (Italics supplied.</span></a></sup> It was all speculative.",
    "puborder": 2878,
    "translations": []
  },
  {
    "para_id": "953.3769",
    "id_prev": "953.3768",
    "id_next": "953.3770",
    "refcode_1": "CFF1",
    "refcode_2": "552",
    "refcode_3": "3",
    "refcode_4": "",
    "refcode_short": "CFF1 552.3",
    "refcode_long": "The Conditionalist Faith of Our Fathers, vol. 1, p. 552.3 (LeRoy Edwin Froom)",
    "element_type": "p",
    "element_subtype": "standard-indented",
    "content": "Dr. R. H. Charles adds that the continued personal immortality of the soul was&mdash;",
    "puborder": 2879,
    "translations": []
  },
  {
    "para_id": "953.3770",
    "id_prev": "953.3769",
    "id_next": "953.3771",
    "refcode_1": "CFF1",
    "refcode_2": "552",
    "refcode_3": "4",
    "refcode_4": "",
    "refcode_short": "CFF1 552.4",
    "refcode_long": "The Conditionalist Faith of Our Fathers, vol. 1, p. 552.4 (LeRoy Edwin Froom)",
    "element_type": "p",
    "element_subtype": "standard-indented",
    "content": "&ldquo;inconceivable from Anaxagoras principle of an all-pervading mind. For though this mind individualized itself in certain material combinations, it retired into itself on the dissolution of these.&rdquo; <sup class=\"footnote\"><a class=\"footnote\">18<span class=\"footnote\">18) Charles, The Doctrine of a Future Life, p. 150.</span></a></sup>",
    "puborder": 2880,
    "translations": []
  },
  {
    "para_id": "953.3771",
    "id_prev": "953.3770",
    "id_next": "953.3774",
    "refcode_1": "CFF1",
    "refcode_2": "552",
    "refcode_3": "5",
    "refcode_4": "",
    "refcode_short": "CFF1 552.5",
    "refcode_long": "The Conditionalist Faith of Our Fathers, vol. 1, p. 552.5 (LeRoy Edwin Froom)",
    "element_type": "p",
    "element_subtype": "standard-indented",
    "content": "Because of his theistic teachings, Anaxagoras was accused of atheism and impiety, as he claimed the sun to be a red-hot stone, not a divine being. And because of this and other teachings, such as his Persian Dualism, he was cast into prison and <span class=\"page-break\" data-page=\"553\"></span> condemned to death. But he escaped and ended his days in exile. It should be noted that popular revolt was developing against the erratic speculations of philosophy, several philosophers having had to flee and some having suffered death. <sup class=\"footnote\"><a class=\"footnote\">19<span class=\"footnote\">19) Draper, op. cit., p. 111.</span></a></sup>",
    "puborder": 2881,
    "translations": []
  },
  {
    "para_id": "953.3774",
    "id_prev": "953.3771",
    "id_next": "953.3775",
    "refcode_1": "CFF1",
    "refcode_2": "553",
    "refcode_3": "",
    "refcode_4": "",
    "refcode_short": "CFF1 553",
    "refcode_long": "The Conditionalist Faith of Our Fathers, vol. 1, p. 553 (LeRoy Edwin Froom)",
    "element_type": "h5",
    "element_subtype": "",
    "content": "3. ATOMISTS: CONSCIOUS EXISTENCE DISAPPEARS AT DEATH",
    "puborder": 2882,
    "translations": []
  },
  {
    "para_id": "953.3775",
    "id_prev": "953.3774",
    "id_next": "953.3776",
    "refcode_1": "CFF1",
    "refcode_2": "553",
    "refcode_3": "1",
    "refcode_4": "",
    "refcode_short": "CFF1 553.1",
    "refcode_long": "The Conditionalist Faith of Our Fathers, vol. 1, p. 553.1 (LeRoy Edwin Froom)",
    "element_type": "p",
    "element_subtype": "standard-indented",
    "content": "At this juncture the Atomist School was founded in revolt against current philosophical contentions. It was established by LEUCIPPUS (fl. 500 B.C.) and his greater pupil DEMOCRITUS (460-355 B.C.). Experts agree that Leucippus gave the first clear statement of philosophical materialism. Contemporary mythical cosmogony was rejected in favor of a mechanical explanation. The Atomists held that matter itself contains all that is necessary for an understanding of the world structure. And the soul, they said, is no exception. It is corporeal, composed of fire and soulatoms, the finest and most active of all, effecting the movement of living things.",
    "puborder": 2883,
    "translations": []
  },
  {
    "para_id": "953.3776",
    "id_prev": "953.3775",
    "id_next": "953.3777",
    "refcode_1": "CFF1",
    "refcode_2": "553",
    "refcode_3": "2",
    "refcode_4": "",
    "refcode_short": "CFF1 553.2",
    "refcode_long": "The Conditionalist Faith of Our Fathers, vol. 1, p. 553.2 (LeRoy Edwin Froom)",
    "element_type": "p",
    "element_subtype": "standard-indented",
    "content": "Moreover, as they exist, these atoms are endowed with sensation only as they come together in certain relationships, as in the case of the human body. So the Atomists likewise maintained that consciousness disappears with the dissolution of the body, from which the soul-atoms were completely separated. And so separated, it is impossible that they should ever return to it. <sup class=\"footnote\"><a class=\"footnote\">20<span class=\"footnote\">20) Zeller, History of Creek Philosophy, vol. 2, pp. 256-261.</span></a></sup> The body is the vessel of the soul, which is the divine in things. But the &ldquo;soul, distributed throughout the universe, is the Deity&rdquo;&mdash;the &ldquo;World-Soul and Reason.&rdquo; <sup class=\"footnote\"><a class=\"footnote\">21<span class=\"footnote\">21) Ibid., pp. 262-264.</span></a></sup>",
    "puborder": 2884,
    "translations": []
  },
  {
    "para_id": "953.3777",
    "id_prev": "953.3776",
    "id_next": "953.3778",
    "refcode_1": "CFF1",
    "refcode_2": "553",
    "refcode_3": "3",
    "refcode_4": "",
    "refcode_short": "CFF1 553.3",
    "refcode_long": "The Conditionalist Faith of Our Fathers, vol. 1, p. 553.3 (LeRoy Edwin Froom)",
    "element_type": "p",
    "element_subtype": "standard-indented",
    "content": "Starting with atoms and the void, the Atomists, with the physical bases of their system, held that &ldquo;all things are composed of invisible, intangible, and individual particles or atoms, which by reason of variation in their configuration, combination, or position, give rise to the varieties of forms.&rdquo; But to the atom itself they imputed self-existence and eternal duration. That is how the many can arise from one.",
    "puborder": 2885,
    "translations": []
  },
  {
    "para_id": "953.3778",
    "id_prev": "953.3777",
    "id_next": "953.3781",
    "refcode_1": "CFF1",
    "refcode_2": "553",
    "refcode_3": "4",
    "refcode_4": "",
    "refcode_short": "CFF1 553.4",
    "refcode_long": "The Conditionalist Faith of Our Fathers, vol. 1, p. 553.4 (LeRoy Edwin Froom)",
    "element_type": "p",
    "element_subtype": "standard-indented",
    "content": "And this general formative principle of nature they regarded <span class=\"page-break\" data-page=\"554\"></span> as the law of destiny, or fate. Thus production of new things is only new aggregations. And contrariwise, the decay of the old is simply separations. And the soul is a finely constituted form fitted into a grosser bodily frame. Skeptical Atomists even went so far as to assert that the world is an illusive phantasm, and that there is no God. <sup class=\"footnote\"><a class=\"footnote\">22<span class=\"footnote\">22) Draper, op. cit., pp 124-126.</span></a></sup>",
    "puborder": 2886,
    "translations": []
  },
  {
    "para_id": "953.3781",
    "id_prev": "953.3778",
    "id_next": "953.3782",
    "refcode_1": "CFF1",
    "refcode_2": "554",
    "refcode_3": "1",
    "refcode_4": "",
    "refcode_short": "CFF1 554.1",
    "refcode_long": "The Conditionalist Faith of Our Fathers, vol. 1, p. 554.1 (LeRoy Edwin Froom)",
    "element_type": "p",
    "element_subtype": "standard-indented",
    "content": "Concerning man, they hold that breathing draws in fresh &ldquo;soul stuff&rdquo; from the air, supplying it to the body. Hence, when breathing ceases, death ensues, because of an insufficient supply of the animating atoms. Thus at death the unified soul ceases to exist. Rohde states their contention thus:",
    "puborder": 2887,
    "translations": []
  },
  {
    "para_id": "953.3782",
    "id_prev": "953.3781",
    "id_next": "953.3783",
    "refcode_1": "CFF1",
    "refcode_2": "554",
    "refcode_3": "2",
    "refcode_4": "",
    "refcode_short": "CFF1 554.2",
    "refcode_long": "The Conditionalist Faith of Our Fathers, vol. 1, p. 554.2 (LeRoy Edwin Froom)",
    "element_type": "p",
    "element_subtype": "standard-indented",
    "content": "&ldquo;The continued existence of the soul after death, an immortality in whatever manner the thing may be conceived, is here for the first time in the history of Greek thought, expressly denied.&rdquo; <sup class=\"footnote\"><a class=\"footnote\">23<span class=\"footnote\">23) Rohde, op. cit., p. 386. (Italics supplied.</span></a></sup>",
    "puborder": 2888,
    "translations": []
  },
  {
    "para_id": "953.3783",
    "id_prev": "953.3782",
    "id_next": "953.3784",
    "refcode_1": "CFF1",
    "refcode_2": "554",
    "refcode_3": "3",
    "refcode_4": "",
    "refcode_short": "CFF1 554.3",
    "refcode_long": "The Conditionalist Faith of Our Fathers, vol. 1, p. 554.3 (LeRoy Edwin Froom)",
    "element_type": "p",
    "element_subtype": "standard-indented",
    "content": "That was fifth-century philosophical materialism as it pertained to the soul and immortality. It was a confusing picture.",
    "puborder": 2889,
    "translations": []
  },
  {
    "para_id": "953.3784",
    "id_prev": "953.3783",
    "id_next": "953.3785",
    "refcode_1": "CFF1",
    "refcode_2": "554",
    "refcode_3": "",
    "refcode_4": "",
    "refcode_short": "CFF1 554",
    "refcode_long": "The Conditionalist Faith of Our Fathers, vol. 1, p. 554 (LeRoy Edwin Froom)",
    "element_type": "h5",
    "element_subtype": "",
    "content": "4. SOPHISTS: BRING SPECULATIVE PHILOSOPHY TO A STANDSTILL",
    "puborder": 2890,
    "translations": []
  },
  {
    "para_id": "953.3785",
    "id_prev": "953.3784",
    "id_next": "953.3786",
    "refcode_1": "CFF1",
    "refcode_2": "554",
    "refcode_3": "4",
    "refcode_4": "",
    "refcode_short": "CFF1 554.4",
    "refcode_long": "The Conditionalist Faith of Our Fathers, vol. 1, p. 554.4 (LeRoy Edwin Froom)",
    "element_type": "p",
    "element_subtype": "standard-indented",
    "content": "In philosophy the conflict of unity against multiplicity was resolved by the atomist theory advanced by Empedocles and Anaxagoras on mind, or nous, and before that by Leucippus. However, philosophy turned from physics to ethics, and soon the Sophists (fifth century B.C.) became the teachers of Greece, and advocates of the subjectivity of standards.",
    "puborder": 2891,
    "translations": []
  },
  {
    "para_id": "953.3786",
    "id_prev": "953.3785",
    "id_next": "953.3788",
    "refcode_1": "CFF1",
    "refcode_2": "554",
    "refcode_3": "5",
    "refcode_4": "",
    "refcode_short": "CFF1 554.5",
    "refcode_long": "The Conditionalist Faith of Our Fathers, vol. 1, p. 554.5 (LeRoy Edwin Froom)",
    "element_type": "p",
    "element_subtype": "standard-indented",
    "content": "As already noted, the starting point of Grecian philosophy was the physical. The earth was considered the center of all. So an explanation of the origin and destiny of the world and of man was undertaken. Intention and design were apparent. But the heliocentric concept of the planetary system was introduced, and the earth reduced to a subordinate position. And as we have seen, pantheistic notions of the nature of the world became pronounced, and the inevitable postulates of emanation, transmigration, and absorption were introduced. Then the idea that matter, motion, and time are phantoms of the imagination came to the fore&mdash;that atoms and space alone exist.",
    "puborder": 2892,
    "translations": []
  },
  {
    "para_id": "953.3788",
    "id_prev": "953.3786",
    "id_next": "953.3789",
    "refcode_1": "CFF1",
    "refcode_2": "555",
    "refcode_3": "1",
    "refcode_4": "",
    "refcode_short": "CFF1 555.1",
    "refcode_long": "The Conditionalist Faith of Our Fathers, vol. 1, p. 555.1 (LeRoy Edwin Froom)",
    "element_type": "p",
    "element_subtype": "standard-indented",
    "content": "And now the Sophists, teachers of practical wisdom, appear&mdash;the outgrowth of peculiar conditions and the time&mdash;playing up the speculations of one school against those of another and representing them all as of little or no value. PROTAGORAS (fifth century B.C.) was one of the first. So it was that speculative physical philosophy was brought to a standstill, with no constructive alternative. <sup class=\"footnote\"><a class=\"footnote\">24<span class=\"footnote\">24) Draper, op. cit., pp 141, 142.</span></a></sup> The fate of the soul came to the forefront of discussion. Rohde states Protagoras&rsquo; position thus:",
    "puborder": 2893,
    "translations": []
  },
  {
    "para_id": "953.3789",
    "id_prev": "953.3788",
    "id_next": "953.3790",
    "refcode_1": "CFF1",
    "refcode_2": "555",
    "refcode_3": "2",
    "refcode_4": "",
    "refcode_short": "CFF1 555.2",
    "refcode_long": "The Conditionalist Faith of Our Fathers, vol. 1, p. 555.2 (LeRoy Edwin Froom)",
    "element_type": "p",
    "element_subtype": "standard-indented",
    "content": "&ldquo;Death, and whatever may reveal itself after death, is beyond the experience of any man. It may be that complete disappearance into nothingness follows death; that the dead man becomes simply nothing.&rdquo; <sup class=\"footnote\"><a class=\"footnote\">25<span class=\"footnote\">25) Rohde, op. cit., p. 438.</span></a></sup>",
    "puborder": 2894,
    "translations": []
  },
  {
    "para_id": "953.3790",
    "id_prev": "953.3789",
    "id_next": "953.3791",
    "refcode_1": "CFF1",
    "refcode_2": "555",
    "refcode_3": "3",
    "refcode_4": "",
    "refcode_short": "CFF1 555.3",
    "refcode_long": "The Conditionalist Faith of Our Fathers, vol. 1, p. 555.3 (LeRoy Edwin Froom)",
    "element_type": "p",
    "element_subtype": "standard-indented",
    "content": "So it was that the Sophists, assailing the leading philosophical contentions of the day, personalized the growth of critical inquiry. Observing the conflicting philosophical schools and their contradictory conceptions, they adroitly and &ldquo;sophistically&rdquo; contended that there is no established truth, no real religion, no sure justice, no unassailable virtue&mdash;that the only object in life is rational physical and intellectual enjoyment. So the soul, some even held, is simply the aggregate of the different moments of thinking. Thus they ended in bleak skepticism, if not stark atheism. That was the crisis at this juncture. <sup class=\"footnote\"><a class=\"footnote\">26<span class=\"footnote\">26) Draper, op. cit., pp. 137, 138.</span></a></sup>",
    "puborder": 2895,
    "translations": []
  },
  {
    "para_id": "953.3791",
    "id_prev": "953.3790",
    "id_next": "953.3792",
    "refcode_1": "CFF1",
    "refcode_2": "555",
    "refcode_3": "4",
    "refcode_4": "",
    "refcode_short": "CFF1 555.4",
    "refcode_long": "The Conditionalist Faith of Our Fathers, vol. 1, p. 555.4 (LeRoy Edwin Froom)",
    "element_type": "p",
    "element_subtype": "standard-indented",
    "content": "Thus the Sophists of the fifth and fourth centuries were not so much a sect as a profession. They professed knowledge or skill as teachers. They differed so much in ability, character, and emphasis that Aristotle defined a Sophist as &ldquo;a man who makes money by sham wisdom.&rdquo; Thus the word came to connote &ldquo;sophistry.&rdquo; But Grotto denies this&mdash;they might be compared to Voltaire, Diderot, and Rousseau in the French Revolution.",
    "puborder": 2896,
    "translations": []
  },
  {
    "para_id": "953.3792",
    "id_prev": "953.3791",
    "id_next": "953.3795",
    "refcode_1": "CFF1",
    "refcode_2": "555",
    "refcode_3": "5",
    "refcode_4": "",
    "refcode_short": "CFF1 555.5",
    "refcode_long": "The Conditionalist Faith of Our Fathers, vol. 1, p. 555.5 (LeRoy Edwin Froom)",
    "element_type": "p",
    "element_subtype": "standard-indented",
    "content": "The Sophists included leading teachers like Gorgias and Protagoras, made famous by Plato. But the foundation of their teaching was laid in skepticism. GORGIAS, for example, expressed his nihilism in three propositions: (1) Nothing exists; (2) if anything existed it could not be known; and (3) if anything <span class=\"page-break\" data-page=\"556\"></span> existed and were knowable, that knowledge could not be communicated to others. PROTAGORAS held that knowledge is so variable that all truth is but relative. Nothing exists at any time, but everything is always in a state of becoming. Even the existence of the gods is uncertain. So the leading Sophists sought to annihilate both existence and knowledge. In this they were opposed by Socrates, Plato, and Aristotle.",
    "puborder": 2897,
    "translations": []
  },
  {
    "para_id": "953.3795",
    "id_prev": "953.3792",
    "id_next": "953.3796",
    "refcode_1": "CFF1",
    "refcode_2": "556",
    "refcode_3": "",
    "refcode_4": "",
    "refcode_short": "CFF1 556",
    "refcode_long": "The Conditionalist Faith of Our Fathers, vol. 1, p. 556 (LeRoy Edwin Froom)",
    "element_type": "h5",
    "element_subtype": "",
    "content": "5. SUCH A SURVEY JUSTIFIABLE AND ESSENTIAL",
    "puborder": 2898,
    "translations": []
  },
  {
    "para_id": "953.3796",
    "id_prev": "953.3795",
    "id_next": "953.3797",
    "refcode_1": "CFF1",
    "refcode_2": "556",
    "refcode_3": "1",
    "refcode_4": "",
    "refcode_short": "CFF1 556.1",
    "refcode_long": "The Conditionalist Faith of Our Fathers, vol. 1, p. 556.1 (LeRoy Edwin Froom)",
    "element_type": "p",
    "element_subtype": "standard-indented",
    "content": "A weird, conflicting, and oft-confusing panorama has thus unfolded before us. Proposition and counterproposition, action and reaction, advance and recession, swinging to and fro, like a vast surging tide in its inexorable advance. Crudities and puerilities that offend the senses have intermingled with majestic outreaches after better understandings. Even briefly to follow these developments would be profitless and wearisome were they not vitally connected with the great Platonic positions that eventuated therefrom, and which so mightily influenced the centuries that follow. That is the justification for their tracement here. The source and origin of many of Plato&rsquo;s concepts unmistakably stem from these earlier philosophers and poets we have just surveyed&mdash;and back to their spawning ground in Egypt and the Orient.",
    "puborder": 2899,
    "translations": []
  },
  {
    "para_id": "953.3797",
    "id_prev": "953.3796",
    "id_next": "953.3798",
    "refcode_1": "CFF1",
    "refcode_2": "556",
    "refcode_3": "2",
    "refcode_4": "",
    "refcode_short": "CFF1 556.2",
    "refcode_long": "The Conditionalist Faith of Our Fathers, vol. 1, p. 556.2 (LeRoy Edwin Froom)",
    "element_type": "p",
    "element_subtype": "standard-indented",
    "content": "In the light of all this, it is therefore both justifiable and essential to get the import of this section of the search for immortality. Distasteful as this search may appear at first, as well as a bit wearisome and profitless, it is an unavoidable part of the indispensable background for our quest of the beginnings of the imposing Innate-Immortality-of-the-soul concept that well-nigh swept all before it, once it was syncretized and completed by Plato, and finally accepted by a compromising Christianity in the second and third centuries.",
    "puborder": 2900,
    "translations": []
  },
  {
    "para_id": "953.3798",
    "id_prev": "953.3797",
    "id_next": "953.3801",
    "refcode_1": "CFF1",
    "refcode_2": "556",
    "refcode_3": "3",
    "refcode_4": "",
    "refcode_short": "CFF1 556.3",
    "refcode_long": "The Conditionalist Faith of Our Fathers, vol. 1, p. 556.3 (LeRoy Edwin Froom)",
    "element_type": "p",
    "element_subtype": "standard-indented",
    "content": "Plato will therefore be given special separate coverage. But first we pause for Aristotle, and the aftermath, before proceeding. We will shortly be in a position to recognize, understand, and evaluate Plato&rsquo;s syncretized positions, soon to be <span class=\"page-break\" data-page=\"557\"></span> discussed at some length, in relation to these antecedent concepts of the various philosophical schools.",
    "puborder": 2901,
    "translations": []
  },
  {
    "para_id": "953.3801",
    "id_prev": "953.3798",
    "id_next": "953.3802",
    "refcode_1": "CFF1",
    "refcode_2": "557",
    "refcode_3": "",
    "refcode_4": "",
    "refcode_short": "CFF1 557",
    "refcode_long": "The Conditionalist Faith of Our Fathers, vol. 1, p. 557 (LeRoy Edwin Froom)",
    "element_type": "h5",
    "element_subtype": "",
    "content": "6. UNPARALLELED IMPACT OF GRECIAN PHILOSOPHY",
    "puborder": 2902,
    "translations": []
  },
  {
    "para_id": "953.3802",
    "id_prev": "953.3801",
    "id_next": "953.3803",
    "refcode_1": "CFF1",
    "refcode_2": "557",
    "refcode_3": "1",
    "refcode_4": "",
    "refcode_short": "CFF1 557.1",
    "refcode_long": "The Conditionalist Faith of Our Fathers, vol. 1, p. 557.1 (LeRoy Edwin Froom)",
    "element_type": "p",
    "element_subtype": "standard-indented",
    "content": "This chapter closes with the reiterating of the fact that no nation of antiquity ever made so great an impact on the intellectual life of man as did Greece, situated on a small, rock-bound Mediterranean peninsula. Though relatively few in number, the Greeks left an indelible imprint on all subsequent philosophy, theology, medicine, art, poetry, literature, logic, drama, law, science, government, mathematics, and astronomy.",
    "puborder": 2903,
    "translations": []
  },
  {
    "para_id": "953.3803",
    "id_prev": "953.3802",
    "id_next": "953.3804",
    "refcode_1": "CFF1",
    "refcode_2": "557",
    "refcode_3": "2",
    "refcode_4": "",
    "refcode_short": "CFF1 557.2",
    "refcode_long": "The Conditionalist Faith of Our Fathers, vol. 1, p. 557.2 (LeRoy Edwin Froom)",
    "element_type": "p",
    "element_subtype": "standard-indented",
    "content": "But it is primarily the philosophicoreligious angle that concerns our quest. The Greeks stressed the idea of man&rsquo;s unique worth, the summit of their philosophers&rsquo; contention being the glory of man&mdash;his Innate Immortality and his transcendent destiny. Plato was admittedly the greatest philosopher of this gifted people. And one of his major concerns was the origin, nature, and destiny of man. To this he applied himself unremittingly.",
    "puborder": 2904,
    "translations": []
  },
  {
    "para_id": "953.3804",
    "id_prev": "953.3803",
    "id_next": "953.3806",
    "refcode_1": "CFF1",
    "refcode_2": "557",
    "refcode_3": "3",
    "refcode_4": "",
    "refcode_short": "CFF1 557.3",
    "refcode_long": "The Conditionalist Faith of Our Fathers, vol. 1, p. 557.3 (LeRoy Edwin Froom)",
    "element_type": "p",
    "element_subtype": "standard-indented",
    "content": "But his was the pursuit of truth without benefit of divine guidance, without the protective counsel of inspired prophets, or the surety of an inerrant Guidebook. It was sheer, unaided human intellect, attempting by human wisdom alone to search out the truth on the nature and destiny of man. His concepts stand without a parallel in the permanence of their impress upon all subsequent generations. But they were in mortal conflict with the Word of God.",
    "puborder": 2905,
    "translations": []
  }
]