{
  "book_id": 748,
  "code": "EGWCPT",
  "lang": "en",
  "type": "book",
  "subtype": "",
  "title": "Ellen G. White’s Counsel and Practice on Tithe",
  "first_para": "748.2",
  "author": "Roger W. Coon",
  "description": "",
  "npages": 0,
  "isbn": null,
  "publisher": "Review and Herald Publishing Association",
  "pub_year": "1991",
  "buy_link": null,
  "folder_id": 12,
  "cover": {
    "small": "/covers/748_s.jpg",
    "large": "/covers/748_r.jpg"
  },
  "files": {
    "pdf": "/pdf/en_EGWCPT.pdf",
    "epub": "/epub/en_EGWCPT.epub",
    "mobi": "/mobi/en_EGWCPT.mobi"
  },
  "permission_required": "public",
  "sort": 243000039,
  "is_audiobook": false,
  "cite": "Coon, R. W. (1991) Ellen G. White&rsquo;s Counsel and Practice on Tithe. Review and Herald Publishing Association.",
  "translated_into": []
}