[
  {
    "para_id": "294.11",
    "id_prev": "294.9",
    "id_next": "294.12",
    "refcode_1": "PH092",
    "refcode_2": "5",
    "refcode_3": "",
    "refcode_4": "1",
    "refcode_short": "PH092 5",
    "refcode_long": "Suggestions to Those Holding Missionary Conventions, p. 5 (Ellen Gould White)",
    "element_type": "h4",
    "element_subtype": "",
    "content": "The Needed Preparation",
    "puborder": 9,
    "translations": []
  },
  {
    "para_id": "294.12",
    "id_prev": "294.11",
    "id_next": "294.13",
    "refcode_1": "PH092",
    "refcode_2": "5",
    "refcode_3": "1",
    "refcode_4": "",
    "refcode_short": "PH092 5.1",
    "refcode_long": "Suggestions to Those Holding Missionary Conventions, p. 5.1 (Ellen Gould White)",
    "element_type": "p",
    "element_subtype": "standard-indented",
    "content": "As surely as we seek the Lord earnestly, He will make the way plain before us. All around us are doors open for service. Let us prayerfully study the work to be done, and then enter upon it with full assurance of faith. We are to labor in quietness and humility, in the meekness and lowliness of Christ, realizing that there is a trying time before us, and that we shall always need heavenly grace in order to understand how to deal with minds. It is the patient, humble, Godlike worker who will have something to show for his labors.",
    "puborder": 10,
    "translations": []
  },
  {
    "para_id": "294.13",
    "id_prev": "294.12",
    "id_next": "294.14",
    "refcode_1": "PH092",
    "refcode_2": "5",
    "refcode_3": "2",
    "refcode_4": "",
    "refcode_short": "PH092 5.2",
    "refcode_long": "Suggestions to Those Holding Missionary Conventions, p. 5.2 (Ellen Gould White)",
    "element_type": "p",
    "element_subtype": "standard-indented",
    "content": "As a people, and as individuals, our success depends not on numbers, on standing, nor on intellectual attainments, but on walking and working with Christ. The more fully we are imbued with His spirit, the greater will be our love for the work, and the greater our delight in following in the footsteps of the Master. Our hearts will be filled with the love of God; and with earnestness and power we shall speak of the crucified Saviour. As He is uplifted before the people, as they behold His self-sacrifice, His goodness, His tender compassion, His humiliation, His suffering, their hearts will be melted and subdued.",
    "puborder": 11,
    "translations": []
  }
]