[
  {
    "para_id": "294.2",
    "level": 0,
    "title": "Suggestions to Those Holding Missionary Conventions",
    "refcode_short": "PH092 3",
    "dup": null,
    "puborder": 1
  },
  {
    "para_id": "294.3",
    "level": 1,
    "title": "A Call to Service By Mrs. E. G. White",
    "refcode_short": "PH092 3",
    "dup": "294.2",
    "puborder": 3
  },
  {
    "para_id": "294.11",
    "level": 2,
    "title": "The Needed Preparation",
    "refcode_short": "PH092 5",
    "dup": null,
    "puborder": 9
  },
  {
    "para_id": "294.14",
    "level": 2,
    "title": "The Cities to be Enlightened",
    "refcode_short": "PH092 5",
    "dup": null,
    "puborder": 12
  },
  {
    "para_id": "294.17",
    "level": 2,
    "title": "Our Duty Toward Our Neighbors",
    "refcode_short": "PH092 6",
    "dup": null,
    "puborder": 14
  },
  {
    "para_id": "294.20",
    "level": 2,
    "title": "The Distribution of Literature",
    "refcode_short": "PH092 7",
    "dup": null,
    "puborder": 16
  },
  {
    "para_id": "294.25",
    "level": 2,
    "title": "A Word to the Discouraged",
    "refcode_short": "PH092 8",
    "dup": null,
    "puborder": 20
  },
  {
    "para_id": "294.28",
    "level": 2,
    "title": "The Result of Earnest Effort",
    "refcode_short": "PH092 9",
    "dup": null,
    "puborder": 22
  }
]