[
  {
    "para_id": "14072.7589001",
    "id_prev": "14072.9392010",
    "id_next": "14072.7589004",
    "refcode_1": "22LtMs",
    "refcode_2": "1",
    "refcode_3": "",
    "refcode_4": "1907031600",
    "refcode_short": "22LtMs, Lt 316, 1907",
    "refcode_long": "Letters and Manuscripts — Volume 22 (1907), Lt 316, 1907",
    "element_type": "h4",
    "element_subtype": "",
    "content": "Lt 316, 1907",
    "puborder": 2863,
    "translations": []
  },
  {
    "para_id": "14072.7589004",
    "id_prev": "14072.7589001",
    "id_next": "14072.7589002",
    "refcode_1": "22LtMs",
    "refcode_2": "1",
    "refcode_3": "",
    "refcode_4": "1907031600",
    "refcode_short": "",
    "refcode_long": "",
    "element_type": "p",
    "element_subtype": "ltaddressee",
    "content": "Starr, Brother and Sister [G. B.]",
    "puborder": 2864,
    "translations": []
  },
  {
    "para_id": "14072.7589002",
    "id_prev": "14072.7589004",
    "id_next": "14072.7589003",
    "refcode_1": "22LtMs",
    "refcode_2": "1",
    "refcode_3": "",
    "refcode_4": "1907031600",
    "refcode_short": "",
    "refcode_long": "",
    "element_type": "p",
    "element_subtype": "ltplace",
    "content": "<span class=\"ltplace\" value=\"St. Helena, California\">St. Helena, California</span>",
    "puborder": 2865,
    "translations": []
  },
  {
    "para_id": "14072.7589003",
    "id_prev": "14072.7589002",
    "id_next": "14072.7589005",
    "refcode_1": "22LtMs",
    "refcode_2": "1",
    "refcode_3": "",
    "refcode_4": "1907031600",
    "refcode_short": "",
    "refcode_long": "",
    "element_type": "p",
    "element_subtype": "ltdate",
    "content": "<span class=\"ltdate\" start=\"October 1, 1907\">October 1, 1907</span>",
    "puborder": 2866,
    "translations": []
  },
  {
    "para_id": "14072.7589005",
    "id_prev": "14072.7589003",
    "id_next": "14072.7589013",
    "refcode_1": "22LtMs",
    "refcode_2": "1",
    "refcode_3": "",
    "refcode_4": "1907031600",
    "refcode_short": "",
    "refcode_long": "",
    "element_type": "p",
    "element_subtype": "ltpubinfo",
    "content": "Portions of this letter are published in <span class=\"egwlink egwlink_book\" title=\"Te 222\" data-link=\"110.1263\">Te 222</span>. +<sup class=\"footnote\"><a class=\"footnote\">Note<span class=\"footnote\">One or more typed copies of this document contain additional Ellen White handwritten interlineations which may be viewed at the main office of the Ellen G. White Estate.</span></a></sup>",
    "puborder": 2867,
    "translations": []
  },
  {
    "para_id": "14072.7589013",
    "id_prev": "14072.7589005",
    "id_next": "14072.7589006",
    "refcode_1": "22LtMs",
    "refcode_2": "1",
    "refcode_3": "",
    "refcode_4": "1907031600",
    "refcode_short": "",
    "refcode_long": "",
    "element_type": "p",
    "element_subtype": "ltaddress",
    "content": "Elder G. B. Starr<br />\nBondi, Sydney, N.S.W., Australia",
    "puborder": 2868,
    "translations": []
  },
  {
    "para_id": "14072.7589006",
    "id_prev": "14072.7589013",
    "id_next": "14072.7589007",
    "refcode_1": "22LtMs",
    "refcode_2": "1",
    "refcode_3": "",
    "refcode_4": "1907031600",
    "refcode_short": "",
    "refcode_long": "",
    "element_type": "p",
    "element_subtype": "ltsalutation",
    "content": "Dear Brother and Sister Starr:",
    "puborder": 2869,
    "translations": []
  },
  {
    "para_id": "14072.7589007",
    "id_prev": "14072.7589006",
    "id_next": "14072.7589008",
    "refcode_1": "22LtMs",
    "refcode_2": "1",
    "refcode_3": "1779",
    "refcode_4": "1907031600",
    "refcode_short": "22LtMs, Lt 316, 1907, par. 1",
    "refcode_long": "Letters and Manuscripts — Volume 22 (1907), Lt 316, 1907, par. 1",
    "element_type": "p",
    "element_subtype": "standard-indented",
    "content": "We thank you for writing. When you can do this, please write on the typewriter; we can read this so much more readily. But remember that we want your letters in any case.",
    "puborder": 2870,
    "translations": []
  },
  {
    "para_id": "14072.7589008",
    "id_prev": "14072.7589007",
    "id_next": "14072.7589009",
    "refcode_1": "22LtMs",
    "refcode_2": "1",
    "refcode_3": "1780",
    "refcode_4": "1907031600",
    "refcode_short": "22LtMs, Lt 316, 1907, par. 2",
    "refcode_long": "Letters and Manuscripts — Volume 22 (1907), Lt 316, 1907, par. 2",
    "element_type": "p",
    "element_subtype": "standard-indented",
    "content": "Last night I slept till three o&rsquo;clock. Two nights ago I slept only till two; while a few nights before I did not sleep at all. I do not often sleep after four o&rsquo;clock. I retire at seven or eight in the evening, and if I can sleep till four, I feel very thankful.",
    "puborder": 2871,
    "translations": []
  },
  {
    "para_id": "14072.7589009",
    "id_prev": "14072.7589008",
    "id_next": "14072.7589010",
    "refcode_1": "22LtMs",
    "refcode_2": "1",
    "refcode_3": "1781",
    "refcode_4": "1907031600",
    "refcode_short": "22LtMs, Lt 316, 1907, par. 3",
    "refcode_long": "Letters and Manuscripts — Volume 22 (1907), Lt 316, 1907, par. 3",
    "element_type": "p",
    "element_subtype": "standard-indented",
    "content": "I want to say to you, Brother and Sister Starr, that the time we have so long anticipated has come. A. T. Jones has come to the place where he voices the mind and faith of Dr. Kellogg. They have now taken a decided stand against the truth, and special efforts will be made to lead souls away.",
    "puborder": 2872,
    "translations": []
  },
  {
    "para_id": "14072.7589010",
    "id_prev": "14072.7589009",
    "id_next": "14072.7589011",
    "refcode_1": "22LtMs",
    "refcode_2": "1",
    "refcode_3": "1782",
    "refcode_4": "1907031600",
    "refcode_short": "22LtMs, Lt 316, 1907, par. 4",
    "refcode_long": "Letters and Manuscripts — Volume 22 (1907), Lt 316, 1907, par. 4",
    "element_type": "p",
    "element_subtype": "standard-indented",
    "content": "This apostasy has cost us dearly. We have had to have representatives of the truth to meet the falsehoods of these men. There has been need of constant watchfulness in order to refute their charges and to save the people. Warning after warning has been given to these men, but they have set themselves first to deny the messages, and then to declare that they did not believe the testimonies. Their work against the truth has been as marked by deception as was the course of Canright. Many whose sympathies were with Dr. Kellogg have united with him and have departed from the faith.",
    "puborder": 2873,
    "translations": []
  },
  {
    "para_id": "14072.7589011",
    "id_prev": "14072.7589010",
    "id_next": "14072.7589012",
    "refcode_1": "22LtMs",
    "refcode_2": "1",
    "refcode_3": "1783",
    "refcode_4": "1907031600",
    "refcode_short": "22LtMs, Lt 316, 1907, par. 5",
    "refcode_long": "Letters and Manuscripts — Volume 22 (1907), Lt 316, 1907, par. 5",
    "element_type": "p",
    "element_subtype": "standard-indented",
    "content": "I pray that the Lord will give you wisdom and grace, Brother and Sister Starr. We must put our trust in Him as dependent little children. Work under the guidance of the Holy Spirit. Seek every opportunity to enlighten and benefit the temperance workers. The temperance organization is one that I have ever respected. If you will be guided by the Holy Spirit, ways will open for you to work.",
    "puborder": 2874,
    "translations": []
  },
  {
    "para_id": "14072.7589012",
    "id_prev": "14072.7589011",
    "id_next": "14072.8691001",
    "refcode_1": "22LtMs",
    "refcode_2": "1",
    "refcode_3": "1784",
    "refcode_4": "1907031600",
    "refcode_short": "22LtMs, Lt 316, 1907, par. 6",
    "refcode_long": "Letters and Manuscripts — Volume 22 (1907), Lt 316, 1907, par. 6",
    "element_type": "p",
    "element_subtype": "standard-indented",
    "content": "A very dangerous element is coming into our ranks with the idea that certain workers are set to be mind and judgment for their brethren. God never intended this to be; for such a course leaves no freedom for the Spirit of God to work. I have some messages written concerning this danger, which I will send to you. The Lord does not send His servants to learn their duty of men who are as weak and erring as themselves. The invitation comes from one who cannot err, &ldquo;If any man lack wisdom, let him ask of God, who giveth to all men liberally, and upbraideth not, and it shall be given him.&rdquo; [<span class=\"egwlink egwlink_bible\" title=\"James 1:5\" data-link=\"1965.61751\">James 1:5</span>.] The Word of God is to be the guide of every worker. This is the only voice that it is safe for us to trust.",
    "puborder": 2875,
    "translations": []
  }
]