[
  {
    "para_id": "14072.10318001",
    "id_prev": "14072.8775014",
    "id_next": "14072.10318004",
    "refcode_1": "22LtMs",
    "refcode_2": "1",
    "refcode_3": "",
    "refcode_4": "1907014000",
    "refcode_short": "22LtMs, Lt 140, 1907",
    "refcode_long": "Letters and Manuscripts — Volume 22 (1907), Lt 140, 1907",
    "element_type": "h4",
    "element_subtype": "",
    "content": "Lt 140, 1907",
    "puborder": 1206,
    "translations": []
  },
  {
    "para_id": "14072.10318004",
    "id_prev": "14072.10318001",
    "id_next": "14072.10318002",
    "refcode_1": "22LtMs",
    "refcode_2": "1",
    "refcode_3": "",
    "refcode_4": "1907014000",
    "refcode_short": "",
    "refcode_long": "",
    "element_type": "p",
    "element_subtype": "ltaddressee",
    "content": "White, J. E.; White, Emma",
    "puborder": 1207,
    "translations": []
  },
  {
    "para_id": "14072.10318002",
    "id_prev": "14072.10318004",
    "id_next": "14072.10318003",
    "refcode_1": "22LtMs",
    "refcode_2": "1",
    "refcode_3": "",
    "refcode_4": "1907014000",
    "refcode_short": "",
    "refcode_long": "",
    "element_type": "p",
    "element_subtype": "ltplace",
    "content": "<span class=\"ltplace\" value=\"St. Helena, California\">St. Helena, California</span>",
    "puborder": 1208,
    "translations": []
  },
  {
    "para_id": "14072.10318003",
    "id_prev": "14072.10318002",
    "id_next": "14072.10318005",
    "refcode_1": "22LtMs",
    "refcode_2": "1",
    "refcode_3": "",
    "refcode_4": "1907014000",
    "refcode_short": "",
    "refcode_long": "",
    "element_type": "p",
    "element_subtype": "ltdate",
    "content": "<span class=\"ltdate\" start=\"April 8, 1907\">April 8, 1907</span>",
    "puborder": 1209,
    "translations": []
  },
  {
    "para_id": "14072.10318005",
    "id_prev": "14072.10318003",
    "id_next": "14072.10318006",
    "refcode_1": "22LtMs",
    "refcode_2": "1",
    "refcode_3": "",
    "refcode_4": "1907014000",
    "refcode_short": "",
    "refcode_long": "",
    "element_type": "p",
    "element_subtype": "ltpubinfo",
    "content": "Portions of this letter are published in <span class=\"egwlink egwlink_book\" title=\"8MR 103\" data-link=\"52.525\">8MR 103</span>.",
    "puborder": 1210,
    "translations": []
  },
  {
    "para_id": "14072.10318006",
    "id_prev": "14072.10318005",
    "id_next": "14072.10318007",
    "refcode_1": "22LtMs",
    "refcode_2": "1",
    "refcode_3": "",
    "refcode_4": "1907014000",
    "refcode_short": "",
    "refcode_long": "",
    "element_type": "p",
    "element_subtype": "ltsalutation",
    "content": "Dear Emma and Edson:",
    "puborder": 1211,
    "translations": []
  },
  {
    "para_id": "14072.10318007",
    "id_prev": "14072.10318006",
    "id_next": "14072.10318008",
    "refcode_1": "22LtMs",
    "refcode_2": "1",
    "refcode_3": "760",
    "refcode_4": "1907014000",
    "refcode_short": "22LtMs, Lt 140, 1907, par. 1",
    "refcode_long": "Letters and Manuscripts — Volume 22 (1907), Lt 140, 1907, par. 1",
    "element_type": "p",
    "element_subtype": "standard-indented",
    "content": "I address you both, because by the time this reaches you, Edson will shortly be at home. I am very glad that Edson can transfer his work to Mountain View. The climate there I consider good, and I shall be pleased to have you so near us. Then with but little outlay of means you and our family can meet. If Sister McDearmon&rsquo;s health will permit, she can move to Mountain View.",
    "puborder": 1212,
    "translations": []
  },
  {
    "para_id": "14072.10318008",
    "id_prev": "14072.10318007",
    "id_next": "14072.10318009",
    "refcode_1": "22LtMs",
    "refcode_2": "1",
    "refcode_3": "761",
    "refcode_4": "1907014000",
    "refcode_short": "22LtMs, Lt 140, 1907, par. 2",
    "refcode_long": "Letters and Manuscripts — Volume 22 (1907), Lt 140, 1907, par. 2",
    "element_type": "p",
    "element_subtype": "standard-indented",
    "content": "C. H. Jones is very desirous that Edson&rsquo;s work shall blend with ours, and he thinks that by this move both will be advantaged. This may not be brought about at once, but I think we will all be benefited if it is done as soon as it consistently can be.",
    "puborder": 1213,
    "translations": []
  },
  {
    "para_id": "14072.10318009",
    "id_prev": "14072.10318008",
    "id_next": "14072.10318010",
    "refcode_1": "22LtMs",
    "refcode_2": "1",
    "refcode_3": "762",
    "refcode_4": "1907014000",
    "refcode_short": "22LtMs, Lt 140, 1907, par. 3",
    "refcode_long": "Letters and Manuscripts — Volume 22 (1907), Lt 140, 1907, par. 3",
    "element_type": "p",
    "element_subtype": "standard-indented",
    "content": "I trust, Emma, that your health will improve. Do not worry, and do not try to do work that will tax your strength. Be of good courage in the Lord. Jesus lives to make intercession for you. Cast your cares and worries upon the great Burden Bearer. He cares for the souls whom He has bought with the price of His own blood. The Lord has heard prayer in your behalf. May He guide you continually.",
    "puborder": 1214,
    "translations": []
  },
  {
    "para_id": "14072.10318010",
    "id_prev": "14072.10318009",
    "id_next": "14072.10318011",
    "refcode_1": "22LtMs",
    "refcode_2": "1",
    "refcode_3": "763",
    "refcode_4": "1907014000",
    "refcode_short": "22LtMs, Lt 140, 1907, par. 4",
    "refcode_long": "Letters and Manuscripts — Volume 22 (1907), Lt 140, 1907, par. 4",
    "element_type": "p",
    "element_subtype": "standard-indented",
    "content": "I should be very pleased to visit with you. Your new home must be a pleasant one. But the climate there is not a suitable one for you, and you must not endanger your health.",
    "puborder": 1215,
    "translations": []
  },
  {
    "para_id": "14072.10318011",
    "id_prev": "14072.10318010",
    "id_next": "14072.10318012",
    "refcode_1": "22LtMs",
    "refcode_2": "1",
    "refcode_3": "764",
    "refcode_4": "1907014000",
    "refcode_short": "22LtMs, Lt 140, 1907, par. 5",
    "refcode_long": "Letters and Manuscripts — Volume 22 (1907), Lt 140, 1907, par. 5",
    "element_type": "p",
    "element_subtype": "standard-indented",
    "content": "If Edson moves, he must be near a printing establishment, in order to work to advantage. He should be where he does not have to spend time and money in going from his home to a distant printing office.",
    "puborder": 1216,
    "translations": []
  },
  {
    "para_id": "14072.10318012",
    "id_prev": "14072.10318011",
    "id_next": "14072.10318013",
    "refcode_1": "22LtMs",
    "refcode_2": "1",
    "refcode_3": "765",
    "refcode_4": "1907014000",
    "refcode_short": "22LtMs, Lt 140, 1907, par. 6",
    "refcode_long": "Letters and Manuscripts — Volume 22 (1907), Lt 140, 1907, par. 6",
    "element_type": "p",
    "element_subtype": "standard-indented",
    "content": "W. C. White has his house well filled at present. Nora and Margaret, the sisters of May White, are with them, and the husband of Margaret, Mr. E. F. Forga, from Peru. Brother Forga is studying the English language. We think he will be able to translate my writings into the Spanish; for he is an educated man, and one who fears God. We believe that it is in the providence of God that he has been brought into connection with the work here.",
    "puborder": 1217,
    "translations": []
  },
  {
    "para_id": "14072.10318013",
    "id_prev": "14072.10318012",
    "id_next": "14072.10318014",
    "refcode_1": "22LtMs",
    "refcode_2": "1",
    "refcode_3": "766",
    "refcode_4": "1907014000",
    "refcode_short": "22LtMs, Lt 140, 1907, par. 7",
    "refcode_long": "Letters and Manuscripts — Volume 22 (1907), Lt 140, 1907, par. 7",
    "element_type": "p",
    "element_subtype": "standard-indented",
    "content": "Mabel and her husband Wilfred Workman were over for a few days. Mabel&rsquo;s husband is a sincere Christian. He is an intelligent young man and is highly appreciated in the school at Healdsburg. He is carrying responsibilities in the school, and Mabel is acting as matron. They fill their positions nicely, and the school faculty is desirous of having them serve another year. It is probable that they will do this, for they want to accomplish all they can and be useful in the work of God. We have reason to be thankful that Mabel has a good and noble man for her husband. He is kind and attentive, and worthy of our appreciation.",
    "puborder": 1218,
    "translations": []
  },
  {
    "para_id": "14072.10318014",
    "id_prev": "14072.10318013",
    "id_next": "14072.10318015",
    "refcode_1": "22LtMs",
    "refcode_2": "1",
    "refcode_3": "767",
    "refcode_4": "1907014000",
    "refcode_short": "22LtMs, Lt 140, 1907, par. 8",
    "refcode_long": "Letters and Manuscripts — Volume 22 (1907), Lt 140, 1907, par. 8",
    "element_type": "p",
    "element_subtype": "standard-indented",
    "content": "Dores Robinson is much appreciated as a helper in my work. He is becoming an excellent speaker and will soon be in the ministry. He would have been in the field before this, but we have needed his help in my work. He reports my discourses and writes them out. Ella was a successful teacher before their marriage, and since their marriage they have both taught school, Dores taking the older scholars and Ella the younger. They were asked to remain in the school work, but we needed their help in preparing my writings for the press.",
    "puborder": 1219,
    "translations": []
  },
  {
    "para_id": "14072.10318015",
    "id_prev": "14072.10318014",
    "id_next": "14072.10318016",
    "refcode_1": "22LtMs",
    "refcode_2": "1",
    "refcode_3": "768",
    "refcode_4": "1907014000",
    "refcode_short": "22LtMs, Lt 140, 1907, par. 9",
    "refcode_long": "Letters and Manuscripts — Volume 22 (1907), Lt 140, 1907, par. 9",
    "element_type": "p",
    "element_subtype": "standard-indented",
    "content": "We feel so thankful to see these young men fitting themselves for places in the work. W. C. White is glad that he does not have to worry over the young men who have married his daughters.",
    "puborder": 1220,
    "translations": []
  },
  {
    "para_id": "14072.10318016",
    "id_prev": "14072.10318015",
    "id_next": "14072.10318017",
    "refcode_1": "22LtMs",
    "refcode_2": "1",
    "refcode_3": "769",
    "refcode_4": "1907014000",
    "refcode_short": "22LtMs, Lt 140, 1907, par. 10",
    "refcode_long": "Letters and Manuscripts — Volume 22 (1907), Lt 140, 1907, par. 10",
    "element_type": "p",
    "element_subtype": "standard-indented",
    "content": "Henry and Herbert are now eleven years old, and Grace is nearly seven. They are all apparently well.",
    "puborder": 1221,
    "translations": []
  },
  {
    "para_id": "14072.10318017",
    "id_prev": "14072.10318016",
    "id_next": "14072.8261001",
    "refcode_1": "22LtMs",
    "refcode_2": "1",
    "refcode_3": "770",
    "refcode_4": "1907014000",
    "refcode_short": "22LtMs, Lt 140, 1907, par. 11",
    "refcode_long": "Letters and Manuscripts — Volume 22 (1907), Lt 140, 1907, par. 11",
    "element_type": "p",
    "element_subtype": "standard-indented",
    "content": "I am very desirous of seeing you, but I will wait patiently the opening of providence that will bring us together. If you settle at Mountain View, it will be a pleasure to you to renew your acquaintance with Sister Jones. After so long a separation, you will enjoy associating together again.",
    "puborder": 1222,
    "translations": []
  }
]