[
  {
    "para_id": "14072.9443001",
    "id_prev": "14072.8608018",
    "id_next": "14072.9443004",
    "refcode_1": "22LtMs",
    "refcode_2": "1",
    "refcode_3": "",
    "refcode_4": "1907038800",
    "refcode_short": "22LtMs, Lt 388, 1907",
    "refcode_long": "Letters and Manuscripts — Volume 22 (1907), Lt 388, 1907",
    "element_type": "h4",
    "element_subtype": "",
    "content": "Lt 388, 1907",
    "puborder": 3721,
    "translations": []
  },
  {
    "para_id": "14072.9443004",
    "id_prev": "14072.9443001",
    "id_next": "14072.9443002",
    "refcode_1": "22LtMs",
    "refcode_2": "1",
    "refcode_3": "",
    "refcode_4": "1907038800",
    "refcode_short": "",
    "refcode_long": "",
    "element_type": "p",
    "element_subtype": "ltaddressee",
    "content": "Hirschmiller, Charles I.",
    "puborder": 3722,
    "translations": []
  },
  {
    "para_id": "14072.9443002",
    "id_prev": "14072.9443004",
    "id_next": "14072.9443003",
    "refcode_1": "22LtMs",
    "refcode_2": "1",
    "refcode_3": "",
    "refcode_4": "1907038800",
    "refcode_short": "",
    "refcode_long": "",
    "element_type": "p",
    "element_subtype": "ltplace",
    "content": "<span class=\"ltplace\" value=\"Loma Linda, California\">Loma Linda, California</span>",
    "puborder": 3723,
    "translations": []
  },
  {
    "para_id": "14072.9443003",
    "id_prev": "14072.9443002",
    "id_next": "14072.9443005",
    "refcode_1": "22LtMs",
    "refcode_2": "1",
    "refcode_3": "",
    "refcode_4": "1907038800",
    "refcode_short": "",
    "refcode_long": "",
    "element_type": "p",
    "element_subtype": "ltdate",
    "content": "<span class=\"ltdate\" start=\"November 19, 1907\">November 19, 1907</span>",
    "puborder": 3724,
    "translations": []
  },
  {
    "para_id": "14072.9443005",
    "id_prev": "14072.9443003",
    "id_next": "14072.9443019",
    "refcode_1": "22LtMs",
    "refcode_2": "1",
    "refcode_3": "",
    "refcode_4": "1907038800",
    "refcode_short": "",
    "refcode_long": "",
    "element_type": "p",
    "element_subtype": "ltpubinfo",
    "content": "Portions of this letter are published in <span class=\"egwlink egwlink_book\" title=\"UL 337\" data-link=\"147.2601\">UL 337</span>.",
    "puborder": 3725,
    "translations": []
  },
  {
    "para_id": "14072.9443019",
    "id_prev": "14072.9443005",
    "id_next": "14072.9443006",
    "refcode_1": "22LtMs",
    "refcode_2": "1",
    "refcode_3": "",
    "refcode_4": "1907038800",
    "refcode_short": "",
    "refcode_long": "",
    "element_type": "p",
    "element_subtype": "ltaddress",
    "content": "Mr. Charles I. Hirschmiller<br />\nSouth Lancaster, Massachusetts",
    "puborder": 3726,
    "translations": []
  },
  {
    "para_id": "14072.9443006",
    "id_prev": "14072.9443019",
    "id_next": "14072.9443007",
    "refcode_1": "22LtMs",
    "refcode_2": "1",
    "refcode_3": "",
    "refcode_4": "1907038800",
    "refcode_short": "",
    "refcode_long": "",
    "element_type": "p",
    "element_subtype": "ltsalutation",
    "content": "Dear Brother:",
    "puborder": 3727,
    "translations": []
  },
  {
    "para_id": "14072.9443007",
    "id_prev": "14072.9443006",
    "id_next": "14072.9443008",
    "refcode_1": "22LtMs",
    "refcode_2": "1",
    "refcode_3": "2358",
    "refcode_4": "1907038800",
    "refcode_short": "22LtMs, Lt 388, 1907, par. 1",
    "refcode_long": "Letters and Manuscripts — Volume 22 (1907), Lt 388, 1907, par. 1",
    "element_type": "p",
    "element_subtype": "standard-indented",
    "content": "I have received your letter and have read it. I would encourage you, my brother, to bear in mind that Jesus Christ gave His precious life for you. He will be your helper, if you trust in Him. Commit the keeping of your soul unto Him who gave His own life to a cruel, shameful death, in order to redeem every soul who will receive Him.",
    "puborder": 3728,
    "translations": []
  },
  {
    "para_id": "14072.9443008",
    "id_prev": "14072.9443007",
    "id_next": "14072.9443009",
    "refcode_1": "22LtMs",
    "refcode_2": "1",
    "refcode_3": "2359",
    "refcode_4": "1907038800",
    "refcode_short": "22LtMs, Lt 388, 1907, par. 2",
    "refcode_long": "Letters and Manuscripts — Volume 22 (1907), Lt 388, 1907, par. 2",
    "element_type": "p",
    "element_subtype": "standard-indented",
    "content": "&ldquo;In the beginning was the Word, and the Word was with God, and the Word was God. The same was in the beginning with God. All things were made by Him; and without Him was not anything made that was made. In Him was life; and the life was the light of men. And the light shineth in darkness; and the darkness comprehended it not. ... He was in the world, and the world was made by Him, and the world knew Him not. He came unto His own, and His own <span class=\"underline\">received Him not</span>. But as many as received Him, to them <span class=\"underline\">gave</span> He <span class=\"underline\">power</span> to become the sons of God, even to them that believe on His name: which were born, not of blood, nor of the will of the flesh, nor of the will of man, but of God. And the Word was made flesh, and dwelt among us, (and we beheld His glory, the glory as of the only begotten of the Father,) full of grace and truth.&rdquo; [<span class=\"egwlink egwlink_bible\" title=\"John 1:1\" data-link=\"1965.53134\">John 1:1-5, 10-14</span>.]",
    "puborder": 3729,
    "translations": []
  },
  {
    "para_id": "14072.9443009",
    "id_prev": "14072.9443008",
    "id_next": "14072.9443010",
    "refcode_1": "22LtMs",
    "refcode_2": "1",
    "refcode_3": "2360",
    "refcode_4": "1907038800",
    "refcode_short": "22LtMs, Lt 388, 1907, par. 3",
    "refcode_long": "Letters and Manuscripts — Volume 22 (1907), Lt 388, 1907, par. 3",
    "element_type": "p",
    "element_subtype": "standard-indented",
    "content": "&ldquo;For it became Him, for whom are all things, and by whom are all things, in bringing many sons unto glory, to make the Captain of their salvation perfect through sufferings. For both He that sanctifieth and they who are sanctified are all of one: for which cause He is not ashamed to call them brethren, saying, I will declare Thy name unto My brethren, in the midst of the church will I sing praise unto Thee. And again, I will put my trust in Him. And again, Behold I and the children which God hath given Me. Forasmuch then as the children are partakers of flesh and blood, He also Himself likewise took part of the same; that through death He might destroy him that had the power of death, that is, the devil; and deliver them who through fear of death were all their lifetime subject to bondage. For verily He took not on Him the nature of angels; but He took on Him the seed of Abraham. Wherefore in all things it behooved Him to be made like unto His brethren, that He might be a merciful and faithful High Priest in things pertaining to God, to make reconciliation for the sins of the people. For in that He Himself hath suffered being tempted, He is able to succour them that are tempted.&rdquo; [<span class=\"egwlink egwlink_bible\" title=\"Hebrews 2:10\" data-link=\"1965.61170\">Hebrews 2:10-18</span>.]",
    "puborder": 3730,
    "translations": []
  },
  {
    "para_id": "14072.9443010",
    "id_prev": "14072.9443009",
    "id_next": "14072.9443011",
    "refcode_1": "22LtMs",
    "refcode_2": "1",
    "refcode_3": "2361",
    "refcode_4": "1907038800",
    "refcode_short": "22LtMs, Lt 388, 1907, par. 4",
    "refcode_long": "Letters and Manuscripts — Volume 22 (1907), Lt 388, 1907, par. 4",
    "element_type": "p",
    "element_subtype": "standard-indented",
    "content": "You, my brother, are one that is tempted. Christ Jesus was made sin for us, that He might prove the righteousness of His own life in our behalf. Through faith in Christ, we are all accepted in the Beloved.",
    "puborder": 3731,
    "translations": []
  },
  {
    "para_id": "14072.9443011",
    "id_prev": "14072.9443010",
    "id_next": "14072.9443012",
    "refcode_1": "22LtMs",
    "refcode_2": "1",
    "refcode_3": "2362",
    "refcode_4": "1907038800",
    "refcode_short": "22LtMs, Lt 388, 1907, par. 5",
    "refcode_long": "Letters and Manuscripts — Volume 22 (1907), Lt 388, 1907, par. 5",
    "element_type": "p",
    "element_subtype": "standard-indented",
    "content": "As &ldquo;partakers of the heavenly calling,&rdquo; let us &ldquo;consider the Apostle and High Priest of our profession, Christ Jesus; who was faithful,&rdquo; the apostle Paul declares, &ldquo;as a son over his own house; whose house are we, if we hold fast the confidence and the rejoicing of the hope firm unto the end. Wherefore as the Holy Ghost saith, Today if ye will hear His voice, harden not your hearts, as in the provocation, in the day of temptation in the wilderness. ... Take heed, brethren, lest there be in any of you an evil heart of unbelief, in departing from the living God. But exhort one another daily, while it is called Today; lest any of you be hardened through the deceitfulness of sin. For we are made partakers of Christ, if we hold the beginning of our confidence steadfast unto the end.&rdquo; [<span class=\"egwlink egwlink_bible\" title=\"Hebrews 3:1\" data-link=\"1965.61189\">Hebrews 3:1, 2, 6-8, 12-14</span>.]",
    "puborder": 3732,
    "translations": []
  },
  {
    "para_id": "14072.9443012",
    "id_prev": "14072.9443011",
    "id_next": "14072.9443013",
    "refcode_1": "22LtMs",
    "refcode_2": "1",
    "refcode_3": "2363",
    "refcode_4": "1907038800",
    "refcode_short": "22LtMs, Lt 388, 1907, par. 6",
    "refcode_long": "Letters and Manuscripts — Volume 22 (1907), Lt 388, 1907, par. 6",
    "element_type": "p",
    "element_subtype": "standard-indented",
    "content": "Now, my brother, we have met with many souls who, in their Christian experience, have passed through circumstances similar to those mentioned in your letter. You must not trust to your impressions of unbelief. You must put your confidence in One who has given His life for you. Then you will be numbered among the receiving ones&mdash;among those who believe and receive His Word, and walk not by feeling, but by faith.",
    "puborder": 3733,
    "translations": []
  },
  {
    "para_id": "14072.9443013",
    "id_prev": "14072.9443012",
    "id_next": "14072.9443014",
    "refcode_1": "22LtMs",
    "refcode_2": "1",
    "refcode_3": "2364",
    "refcode_4": "1907038800",
    "refcode_short": "22LtMs, Lt 388, 1907, par. 7",
    "refcode_long": "Letters and Manuscripts — Volume 22 (1907), Lt 388, 1907, par. 7",
    "element_type": "p",
    "element_subtype": "standard-indented",
    "content": "The Word of God is true. Faith takes hold of the divine Word; whereas feeling is naught else but something that eclipses faith in a &ldquo;Thus saith the Word of the living God.&rdquo; &ldquo;If thou wilt enter into life,&rdquo; Christ says, &ldquo;keep the commandments.&rdquo; [<span class=\"egwlink egwlink_bible\" title=\"Matthew 19:17\" data-link=\"1965.48549\">Matthew 19:17</span>.] Live out My law &ldquo;as the apple of thine eye.&rdquo; God&rsquo;s commandments, obeyed, are &ldquo;life unto those that find them, and health to all their flesh.&rdquo; [<span class=\"egwlink egwlink_bible\" title=\"Proverbs 7:2\" data-link=\"1965.33812\">Proverbs 7:2</span>; <span class=\"egwlink egwlink_bible\" title=\"Proverbs 4:22\" data-link=\"1965.33679\">4:22</span>.]",
    "puborder": 3734,
    "translations": []
  },
  {
    "para_id": "14072.9443014",
    "id_prev": "14072.9443013",
    "id_next": "14072.9443015",
    "refcode_1": "22LtMs",
    "refcode_2": "1",
    "refcode_3": "2365",
    "refcode_4": "1907038800",
    "refcode_short": "22LtMs, Lt 388, 1907, par. 8",
    "refcode_long": "Letters and Manuscripts — Volume 22 (1907), Lt 388, 1907, par. 8",
    "element_type": "p",
    "element_subtype": "standard-indented",
    "content": "Of His own work Christ says: &ldquo;The Spirit of the Lord God is upon Me; because the Lord hath anointed Me to preach good tidings unto the meek.&rdquo; &ldquo;He hath sent Me to heal the broken-hearted, to preach deliverance to the captives, and recovering of sight to the blind, to set at liberty them that are bruised.&rdquo; [<span class=\"egwlink egwlink_bible\" title=\"Isaiah 61:1\" data-link=\"1965.38454\">Isaiah 61:1</span>; <span class=\"egwlink egwlink_bible\" title=\"Luke 4:18\" data-link=\"1965.51184\">Luke 4:18</span>.]",
    "puborder": 3735,
    "translations": []
  },
  {
    "para_id": "14072.9443015",
    "id_prev": "14072.9443014",
    "id_next": "14072.9443016",
    "refcode_1": "22LtMs",
    "refcode_2": "1",
    "refcode_3": "2366",
    "refcode_4": "1907038800",
    "refcode_short": "22LtMs, Lt 388, 1907, par. 9",
    "refcode_long": "Letters and Manuscripts — Volume 22 (1907), Lt 388, 1907, par. 9",
    "element_type": "p",
    "element_subtype": "standard-indented",
    "content": "Wonderful is the work which God designs to accomplish through His servants, that His name may be glorified. My brother, you must not sink down into discouragement. Lay hold of God&rsquo;s promises with the faith of a little child. True faith in the Lord Jesus will bring into your life rich blessing. Through the humble receiver of His promises, by faith, God allows His blessings to flow out freely to the world. Cast yourself in humility at the foot of the cross of Christ, and do the will of Him who has died for you. Every worker in whose heart Christ abides, through belief of the truth as it is in Jesus, will be a representative of his Saviour, to show forth God&rsquo;s love before all with whom he may come in contact. In his human weakness, through faith, he may lay hold of divine strength and become a laborer together with God&mdash;a blessing to himself and to his fellow men through the exercise of faith in the Source of all strength, from which flow never-ceasing currents of blessing.",
    "puborder": 3736,
    "translations": []
  },
  {
    "para_id": "14072.9443016",
    "id_prev": "14072.9443015",
    "id_next": "14072.9443017",
    "refcode_1": "22LtMs",
    "refcode_2": "1",
    "refcode_3": "2367",
    "refcode_4": "1907038800",
    "refcode_short": "22LtMs, Lt 388, 1907, par. 10",
    "refcode_long": "Letters and Manuscripts — Volume 22 (1907), Lt 388, 1907, par. 10",
    "element_type": "p",
    "element_subtype": "standard-indented",
    "content": "My brother, I beseech of you to look away from yourself unto Christ, and live. Put your trust in the One who loves human agencies. Let your dependence be wholly on Christ. He is able to save to the uttermost all who come unto Him. <span class=\"underline\">Believe, believe that Christ will pardon all your transgressions, and forgive all your sins</span>. Humble yourself as a little child, and Christ will receive you and bless you and strengthen you. <span class=\"underline\">Do not think unbelief, or talk unbelief</span>; but take God at His Word, and leave yourself in His hands, to be taught and led of Him.",
    "puborder": 3737,
    "translations": []
  },
  {
    "para_id": "14072.9443017",
    "id_prev": "14072.9443016",
    "id_next": "14072.9443018",
    "refcode_1": "22LtMs",
    "refcode_2": "1",
    "refcode_3": "2368",
    "refcode_4": "1907038800",
    "refcode_short": "22LtMs, Lt 388, 1907, par. 11",
    "refcode_long": "Letters and Manuscripts — Volume 22 (1907), Lt 388, 1907, par. 11",
    "element_type": "p",
    "element_subtype": "standard-indented",
    "content": "My brother, a great work is to be accomplished in the world; and if you will believe, you may act your part in this work. &ldquo;Thus speaketh the Lord of hosts, saying, Execute true judgment, and show mercy and compassion every man to his brother.&rdquo; [<span class=\"egwlink egwlink_bible\" title=\"Zechariah 7:9\" data-link=\"1965.46901\">Zechariah 7:9</span>.] It is God&rsquo;s purpose to manifest through His people the principles of His kingdom. In life and character they may reveal these principles. His purpose is to separate His people from the customs, the habits, and the practices of the world. Because He loves them, He is seeking to bring them near unto Himself, that He may make known unto them His will.",
    "puborder": 3738,
    "translations": []
  },
  {
    "para_id": "14072.9443018",
    "id_prev": "14072.9443017",
    "id_next": "14072.7844001",
    "refcode_1": "22LtMs",
    "refcode_2": "1",
    "refcode_3": "2369",
    "refcode_4": "1907038800",
    "refcode_short": "22LtMs, Lt 388, 1907, par. 12",
    "refcode_long": "Letters and Manuscripts — Volume 22 (1907), Lt 388, 1907, par. 12",
    "element_type": "p",
    "element_subtype": "standard-indented",
    "content": "Comfort your heart, my brother, by believing that the Lord wants you to be saved, and that you are His child. Do not think that your mind must be in a certain state of feeling, or else you are not accepted of God. Your faith must rely not on feeling, but on the promises of God. Walk by faith in a &ldquo;Thus saith the Lord.&rdquo; Rest your case with the Lord, and believe in His Word. Believe, oh, believe the Word of the Lord; and walk by faith, not by sight. Consecrate yourself anew to God. Be loyal and true to a &ldquo;Thus saith the Lord,&rdquo; and stand fast in the liberty wherewith Christ doth make you free. Believe, believe, and walk by faith. Trust in the Lord, and you will see of His salvation.",
    "puborder": 3739,
    "translations": []
  }
]