[
  {
    "para_id": "14806.42",
    "id_prev": "14806.40",
    "id_next": "14806.43",
    "refcode_1": "CLi",
    "refcode_2": "7",
    "refcode_3": "",
    "refcode_4": "5",
    "refcode_short": "CLi 7",
    "refcode_long": "Counsels on Lifestyle, p. 7 (Ellen G. White Estate)",
    "element_type": "h3",
    "element_subtype": "",
    "content": "<i>Counsel #5</i> &mdash; Social Benefits Of Marriage",
    "puborder": 35,
    "translations": []
  },
  {
    "para_id": "14806.43",
    "id_prev": "14806.42",
    "id_next": "14806.44",
    "refcode_1": "CLi",
    "refcode_2": "7",
    "refcode_3": "1",
    "refcode_4": "",
    "refcode_short": "CLi 7.1",
    "refcode_long": "Counsels on Lifestyle, p. 7.1 (Ellen G. White Estate)",
    "element_type": "p",
    "element_subtype": "standard-indented",
    "content": "<a href=\"https://media2.egwwritings.org/images/14806/1_socializing/5_socializing.webp\" alt=\"Counsel #5 &mdash; Social Benefits Of Marriage\" title=\"Counsel #5 &mdash; Social Benefits Of Marriage\" data-link=\"https://egw.bz/go?uri=https%3a%2f%2fmedia2.egwwritings.org%2fimages%2f14806%2f1_socializing%2f5_socializing.webp\" class=\"egwlink egwlink_external\">Picture:</a> <i>Counsel #5</i> &mdash; Social Benefits Of Marriage",
    "puborder": 36,
    "translations": []
  },
  {
    "para_id": "14806.44",
    "id_prev": "14806.43",
    "id_next": "14806.45",
    "refcode_1": "CLi",
    "refcode_2": "7",
    "refcode_3": "2",
    "refcode_4": "",
    "refcode_short": "CLi 7.2",
    "refcode_long": "Counsels on Lifestyle, p. 7.2 (Ellen G. White Estate)",
    "element_type": "p",
    "element_subtype": "standard-indented",
    "content": "Socializing is one of God&rsquo;s purposes for marriage. God did not promote celibacy as His ideal, as some religious institutions do today. Husbands and wives who take time every day to connect with one another socially in love, sympathy, and true courtesy are creating a little heaven on earth.",
    "puborder": 37,
    "translations": []
  },
  {
    "para_id": "14806.45",
    "id_prev": "14806.44",
    "id_next": "14806.46",
    "refcode_1": "CLi",
    "refcode_2": "7",
    "refcode_3": "3",
    "refcode_4": "",
    "refcode_short": "CLi 7.3",
    "refcode_long": "Counsels on Lifestyle, p. 7.3 (Ellen G. White Estate)",
    "element_type": "p",
    "element_subtype": "standard-indented",
    "content": "Husbands and wives should choose to enjoy each other&rsquo;s company. Plan dates! Find something to do together that you both enjoy (besides mindlessly watching TV!). Walking, gardening, skiing, puzzles, swimming, home improvement, Scripture study, mission work, dining out, cooking, traveling, playing with pets&mdash;be intentional about finding ways to connect with your spouse every day.<sup class=\"footnote\"><a class=\"footnote\">[5]<span class=\"footnote\"><a href=\"https://wi.adventist.org/family-life-ministries/family-life-your-brain-in-love-and-dating-your-spouse/\" data-link=\"https://egw.bz/go?uri=https%3a%2f%2fwi.adventist.org%2ffamily-life-ministries%2ffamily-life-your-brain-in-love-and-dating-your-spouse%2f\" class=\"egwlink egwlink_external\">https://wi.adventist.org/family-life-ministries/family-life-your-brain-in-love-and-dating-your-spouse/</a></span></a></sup>",
    "puborder": 38,
    "translations": []
  },
  {
    "para_id": "14806.46",
    "id_prev": "14806.45",
    "id_next": "14806.47",
    "refcode_1": "CLi",
    "refcode_2": "7",
    "refcode_3": "4",
    "refcode_4": "",
    "refcode_short": "CLi 7.4",
    "refcode_long": "Counsels on Lifestyle, p. 7.4 (Ellen G. White Estate)",
    "element_type": "p",
    "element_subtype": "standard-indented",
    "content": "&ldquo;Marriage is honorable.&rdquo; <b><span title=\"Hebrews 13:4\" class=\"egwlink egwlink_bible\" data-link=\"1965.61697\">Hebrews 13:4</span> NKJV</b>",
    "puborder": 39,
    "translations": []
  },
  {
    "para_id": "14806.47",
    "id_prev": "14806.46",
    "id_next": "14806.48",
    "refcode_1": "CLi",
    "refcode_2": "7",
    "refcode_3": "5",
    "refcode_4": "",
    "refcode_short": "CLi 7.5",
    "refcode_long": "Counsels on Lifestyle, p. 7.5 (Ellen G. White Estate)",
    "element_type": "p",
    "element_subtype": "standard-indented",
    "content": "&ldquo;&rsquo;Marriage is honourable&rsquo;; it was one of the first gifts of God to man, and it is one of the two institutions that, after the fall, Adam brought with him beyond the gates of Paradise. When the divine principles are recognized and obeyed in this relation, marriage is a blessing; it guards the purity and happiness of the race, it provides for man&rsquo;s social needs, it elevates the physical, the intellectual, and the moral nature.&rdquo; Ellen White in <span class=\"egwlink egwlink_book\" title=\"PP 46.1\" data-link=\"84.127\"><b><i>Patriarchs and Prophets</i>, p. 46</b></span>",
    "puborder": 40,
    "translations": []
  },
  {
    "para_id": "14806.48",
    "id_prev": "14806.47",
    "id_next": "14806.50",
    "refcode_1": "CLi",
    "refcode_2": "7",
    "refcode_3": "6",
    "refcode_4": "",
    "refcode_short": "CLi 7.6",
    "refcode_long": "Counsels on Lifestyle, p. 7.6 (Ellen G. White Estate)",
    "element_type": "p",
    "element_subtype": "standard-indented",
    "content": "<b>Reflect: </b><i>If you are married, what are the most meaningful ways you socially connect with your spouse?</i>",
    "puborder": 41,
    "translations": []
  }
]