[
  {
    "para_id": "14752.1538",
    "id_prev": "14752.1536",
    "id_next": "14752.3531",
    "refcode_1": "3TC",
    "refcode_2": "235",
    "refcode_3": "",
    "refcode_4": "39",
    "refcode_short": "3TC 235",
    "refcode_long": "The Hero, p. 235 (Ellen Gould White)",
    "element_type": "h3",
    "element_subtype": "",
    "content": "&ldquo;You Give Them Something to Eat&rdquo;",
    "puborder": 1235,
    "translations": []
  },
  {
    "para_id": "14752.3531",
    "id_prev": "14752.1538",
    "id_next": "14752.1539",
    "refcode_1": "3TC",
    "refcode_2": "235",
    "refcode_3": "1",
    "refcode_4": "",
    "refcode_short": "3TC 235.1",
    "refcode_long": "The Hero, p. 235.1 (Ellen Gould White)",
    "element_type": "p",
    "element_subtype": "standard-indented",
    "content": "<a href=\"https://media2.egwwritings.org/images/14752/DA39.webp\" alt=\"&ldquo;You Give Them Something to Eat&rdquo;\" title=\"&ldquo;You Give Them Something to Eat&rdquo;\" data-link=\"https://egw.bz/go?uri=https%3a%2f%2fmedia2.egwwritings.org%2fimages%2f14752%2fDA39.webp\" class=\"egwlink egwlink_external\">Picture:</a> &ldquo;You Give Them Something to Eat&rdquo;",
    "puborder": 1236,
    "translations": []
  },
  {
    "para_id": "14752.1539",
    "id_prev": "14752.3531",
    "id_next": "14752.1540",
    "refcode_1": "3TC",
    "refcode_2": "235",
    "refcode_3": "",
    "refcode_4": "",
    "refcode_short": "",
    "refcode_long": "",
    "element_type": "p",
    "element_subtype": "bibletext",
    "content": "<span class=\"non-egw-comment\">This chapter is based on <span class=\"egwlink egwlink_bible\" title=\"Matthew 14:13\" data-link=\"1965.48206\">Matthew 14:13-21</span>; <span class=\"egwlink egwlink_bible\" title=\"Mark 6:32\" data-link=\"1965.49885\">Mark 6:32-44</span>; <span class=\"egwlink egwlink_bible\" title=\"Luke 9:10\" data-link=\"1965.51649\">Luke 9:10-17</span>; <span class=\"egwlink egwlink_bible\" title=\"John 6:1\" data-link=\"1965.53565\">John 6:1-13</span>.</span>",
    "puborder": 1237,
    "translations": []
  },
  {
    "para_id": "14752.1540",
    "id_prev": "14752.1539",
    "id_next": "14752.1542",
    "refcode_1": "3TC",
    "refcode_2": "235",
    "refcode_3": "2",
    "refcode_4": "",
    "refcode_short": "3TC 235.2",
    "refcode_long": "The Hero, p. 235.2 (Ellen Gould White)",
    "element_type": "p",
    "element_subtype": "standard-indented",
    "content": "This rare season of peaceful quietude did not last long. The disciples thought they would not be disturbed, but as soon as the crowds missed the divine Teacher, they inquired, &ldquo;Where is He?&rdquo; Some had noticed the direction where He and His disciples had gone. Many went by land, others in their boats, to meet them. The Passover was near, and pilgrims on their way to Jerusalem <span class=\"page-break\" data-page=\"236\"></span> gathered to see Jesus, until five thousand men were assembled, besides women and children.",
    "puborder": 1238,
    "translations": []
  },
  {
    "para_id": "14752.1542",
    "id_prev": "14752.1540",
    "id_next": "14752.1543",
    "refcode_1": "3TC",
    "refcode_2": "236",
    "refcode_3": "1",
    "refcode_4": "",
    "refcode_short": "3TC 236.1",
    "refcode_long": "The Hero, p. 236.1 (Ellen Gould White)",
    "element_type": "p",
    "element_subtype": "standard-indented",
    "content": "From the hillside, Jesus looked at the crowd, and &ldquo;was moved with compassion for them, because they were like sheep not having a shepherd.&rdquo; Leaving His refuge, He found a convenient place where He could minister to them.",
    "puborder": 1239,
    "translations": []
  },
  {
    "para_id": "14752.1543",
    "id_prev": "14752.1542",
    "id_next": "14752.1544",
    "refcode_1": "3TC",
    "refcode_2": "236",
    "refcode_3": "2",
    "refcode_4": "",
    "refcode_short": "3TC 236.2",
    "refcode_long": "The Hero, p. 236.2 (Ellen Gould White)",
    "element_type": "p",
    "element_subtype": "standard-indented",
    "content": "The people listened to words of mercy from the Son of God, words that were like soothing medicine to their hearts. The healing from His divine hand brought life to the dying and relief and health to those suffering with disease. The day seemed like heaven on earth, and they were unaware of how long it had been since they had eaten anything.",
    "puborder": 1240,
    "translations": []
  },
  {
    "para_id": "14752.1544",
    "id_prev": "14752.1543",
    "id_next": "14752.1545",
    "refcode_1": "3TC",
    "refcode_2": "236",
    "refcode_3": "3",
    "refcode_4": "",
    "refcode_short": "3TC 236.3",
    "refcode_long": "The Hero, p. 236.3 (Ellen Gould White)",
    "element_type": "p",
    "element_subtype": "standard-indented",
    "content": "Finally the sun was sinking in the west, and yet the people lingered. Jesus had worked all day without food or rest, but He could not take Himself away from the people that crowded around Him.",
    "puborder": 1241,
    "translations": []
  },
  {
    "para_id": "14752.1545",
    "id_prev": "14752.1544",
    "id_next": "14752.1546",
    "refcode_1": "3TC",
    "refcode_2": "236",
    "refcode_3": "4",
    "refcode_4": "",
    "refcode_short": "3TC 236.4",
    "refcode_long": "The Hero, p. 236.4 (Ellen Gould White)",
    "element_type": "p",
    "element_subtype": "standard-indented",
    "content": "The disciples finally urged Jesus to send the people away for their own sake. Many had eaten nothing since morning. In surrounding towns they could buy food. But Jesus said, &ldquo;You give them something to eat.&rdquo; Turning to Philip, He asked, &ldquo;Where shall we buy bread, that these may eat?&rdquo; He said this to test the faith of the disciple. Philip looked over the sea of heads and answered that two hundred pennyworth<sup class=\"footnote\"><a class=\"footnote\">*<span class=\"footnote\"><span class=\"non-egw-comment\">The &ldquo;penny,&rdquo; or denarius, was equivalent to the daily wage of a common laborer. See <span class=\"egwlink egwlink_bible\" title=\"Matthew 20:1\" data-link=\"1965.48578\">Matthew 20:1, 2</span>.</span></span></a></sup> of bread would not be nearly enough for each of them to have a little.",
    "puborder": 1242,
    "translations": []
  },
  {
    "para_id": "14752.1546",
    "id_prev": "14752.1545",
    "id_next": "14752.1548",
    "refcode_1": "3TC",
    "refcode_2": "236",
    "refcode_3": "5",
    "refcode_4": "",
    "refcode_short": "3TC 236.5",
    "refcode_long": "The Hero, p. 236.5 (Ellen Gould White)",
    "element_type": "p",
    "element_subtype": "standard-indented",
    "content": "Jesus asked how much food they could find among the people. &ldquo;There is a lad here,&rdquo; said Andrew, &ldquo;who has five barley loaves and two small fish, but what are they among so many?&rdquo; Jesus directed them to bring these to Him and that the disciples seat the people on the grass in parties of fifty or a hundred, so that all could witness what He was about to do. When this was done, Jesus &ldquo;looked up to heaven, blessed and broke the loaves, and gave them to His disciples to set before them; and the two fish He divided among them all. So they all ate and were filled. And they took up twelve baskets full of fragments and of the fish.&rdquo; He who taught the people the way to find peace and happiness was just as thoughtful <span class=\"page-break\" data-page=\"237\"></span> about their physical necessities as He was about their spiritual need.",
    "puborder": 1243,
    "translations": []
  },
  {
    "para_id": "14752.1548",
    "id_prev": "14752.1546",
    "id_next": "14752.1549",
    "refcode_1": "3TC",
    "refcode_2": "237",
    "refcode_3": "1",
    "refcode_4": "",
    "refcode_short": "3TC 237.1",
    "refcode_long": "The Hero, p. 237.1 (Ellen Gould White)",
    "element_type": "p",
    "element_subtype": "standard-indented",
    "content": "Christ never worked a miracle except to meet a genuine need, and every miracle was meant to lead the people to the tree of life. The simple food passed around by the disciples contained a whole treasure of lessons. Jesus had provided a humble meal; the fish and barley loaves were the daily food of the fisherfolk. Christ could have spread a rich meal, but food prepared just to gratify appetite would have carried no lesson for their good. Never did people enjoy luxurious feasts as much as this people enjoyed the rest and simple food that Christ provided so far from human homes and resources.",
    "puborder": 1244,
    "translations": []
  },
  {
    "para_id": "14752.1549",
    "id_prev": "14752.1548",
    "id_next": "14752.1550",
    "refcode_1": "3TC",
    "refcode_2": "237",
    "refcode_3": "2",
    "refcode_4": "",
    "refcode_short": "3TC 237.2",
    "refcode_long": "The Hero, p. 237.2 (Ellen Gould White)",
    "element_type": "p",
    "element_subtype": "standard-indented",
    "content": "If people today maintained simple habits, living in harmony with nature&rsquo;s laws, there would be an abundant supply for the needs of the human family. There would be fewer imaginary wants and more opportunities to work in God&rsquo;s ways. But selfishness and gratifying of unnatural taste have brought sin and misery into the world.",
    "puborder": 1245,
    "translations": []
  },
  {
    "para_id": "14752.1550",
    "id_prev": "14752.1549",
    "id_next": "14752.1551",
    "refcode_1": "3TC",
    "refcode_2": "237",
    "refcode_3": "3",
    "refcode_4": "",
    "refcode_short": "3TC 237.3",
    "refcode_long": "The Hero, p. 237.3 (Ellen Gould White)",
    "element_type": "p",
    "element_subtype": "standard-indented",
    "content": "To that great assembly, weary and hungry, the simple food was an assurance not only of Jesus&rsquo; power, but of His tender care for them in the common needs of life. The Savior has not promised His followers luxuries. Their food may be plain, even scarce; their lives may be shut in by poverty. But His word is pledged that their need will be supplied, and He has promised what is far better than worldly good&mdash;the comfort of His own presence.",
    "puborder": 1246,
    "translations": []
  },
  {
    "para_id": "14752.1551",
    "id_prev": "14752.1550",
    "id_next": "14752.1553",
    "refcode_1": "3TC",
    "refcode_2": "237",
    "refcode_3": "4",
    "refcode_4": "",
    "refcode_short": "3TC 237.4",
    "refcode_long": "The Hero, p. 237.4 (Ellen Gould White)",
    "element_type": "p",
    "element_subtype": "standard-indented",
    "content": "In the production of earth&rsquo;s harvests, God is working a miracle every day. Through natural agencies, He accomplishes the same work that Jesus did in feeding the multitude. People prepare the soil and sow the seed, but life from God causes the seed to germinate. It is God who feeds millions from earth&rsquo;s harvest fields every day. People credit the working of His power to natural causes or to human instrumentality. They glorify man in place of God and make His gracious gifts a curse instead of a blessing. God wants us to recognize Him in His gifts. To accomplish this, Christ performed His miracles.",
    "puborder": 1247,
    "translations": []
  }
]