[
  {
    "para_id": "1332.969",
    "id_prev": "1332.968",
    "id_next": "1332.970",
    "refcode_1": "EVCO",
    "refcode_2": "169",
    "refcode_3": "",
    "refcode_4": "",
    "refcode_short": "EVCO 169",
    "refcode_long": "The Everlasting Covenant, p. 169 (Ellet Joseph Waggoner)",
    "element_type": "h4",
    "element_subtype": "",
    "content": "Gods Care for the Poor",
    "puborder": 725,
    "translations": []
  },
  {
    "para_id": "1332.970",
    "id_prev": "1332.969",
    "id_next": "1332.973",
    "refcode_1": "EVCO",
    "refcode_2": "169",
    "refcode_3": "2",
    "refcode_4": "",
    "refcode_short": "EVCO 169.2",
    "refcode_long": "The Everlasting Covenant, p. 169.2 (Ellet Joseph Waggoner)",
    "element_type": "p",
    "element_subtype": "standard-indented",
    "content": "The Lord cares for the poor and the afflicted. He has identified Himself so closely with them that whosoever gives to the poor is considered as lending to the Lord. Jesus Christ was on this earth as a poor man, so that &ldquo;he that oppresseth the poor reproacheth his Maker.&rdquo; <sup class=\"footnote\"><a class=\"footnote\">1<span class=\"footnote\"><span class=\"egwlink egwlink_bible\" title=\"Proverbs 14:31\" data-link=\"1965.34271\">Proverbs 14:31</span>.</span></a></sup> &ldquo;The Lord heareth the poor.&rdquo; <sup class=\"footnote\"><a class=\"footnote\">2<span class=\"footnote\"><span class=\"egwlink egwlink_bible\" title=\"Psalm 69:33\" data-link=\"1965.30505\">Psalm 69:33</span>.</span></a></sup> &ldquo;The needy shall not alway be forgotten; the expectation of the poor shall not perish for ever.&rdquo; <sup class=\"footnote\"><a class=\"footnote\">4<span class=\"footnote\"><span class=\"egwlink egwlink_bible\" title=\"Psalm 140:12\" data-link=\"1965.33190\">Psalm 140:12</span>.</span></a></sup> &ldquo;The Lord will maintain the cause of the afflicted, and the right of the poor.&rdquo; &ldquo;For the oppression of the poor, for the sighing of the needy, now will I arise, saith the Lord; I will set him in safety from him that puffeth at him.&rdquo; &ldquo;Lord, who is like unto Thee, which <span class=\"page-break\" data-page=\"170\"></span> deliverest the poor from him that is too strong for him, yea, the poor and the needy from him that spoileth him?&rdquo; <sup class=\"footnote\"><a class=\"footnote\">1<span class=\"footnote\"><span class=\"egwlink egwlink_bible\" title=\"Psalm 35:10\" data-link=\"1965.29375\">Psalm 35:10</span>.</span></a></sup> With the Almighty God so interested in their case, what a pity it is that the poor are so ill-advised as to seek to right their own wrongs. Sad to say, professed ministers of the Gospel of peace too often encourage them in this suicidal course.",
    "puborder": 726,
    "translations": []
  }
]