[
  {
    "para_id": "1332.2104",
    "id_prev": "1332.2101",
    "id_next": "1332.2105",
    "refcode_1": "EVCO",
    "refcode_2": "366",
    "refcode_3": "",
    "refcode_4": "",
    "refcode_short": "EVCO 366",
    "refcode_long": "The Everlasting Covenant, p. 366 (Ellet Joseph Waggoner)",
    "element_type": "h4",
    "element_subtype": "",
    "content": "The Perfect Testimony",
    "puborder": 1527,
    "translations": []
  },
  {
    "para_id": "1332.2105",
    "id_prev": "1332.2104",
    "id_next": "1332.2107",
    "refcode_1": "EVCO",
    "refcode_2": "366",
    "refcode_3": "1",
    "refcode_4": "",
    "refcode_short": "EVCO 366.1",
    "refcode_long": "The Everlasting Covenant, p. 366.1 (Ellet Joseph Waggoner)",
    "element_type": "p",
    "element_subtype": "standard-indented",
    "content": "God has never left Himself without witness in what is termed the works of nature; but that witness is insufficient; man, the highest of God&rsquo;s creatures, must witness to Him, as well as the lower things that God has made. In every age there have been individuals who, like Stephen, full of the Holy Ghost, have been faithful witnesses; but they were only parts of the whole. It is not merely single individuals, but a body of people &ldquo;called out&rdquo;&mdash;the congregation, the church&mdash;that constitutes God&rsquo;s house. Before the end comes, and at the time of the coming of Christ, there must be a people on earth, not necessarily large in proportion to the number of inhabitants of earth, but large enough to be known in all the earth, in whom &ldquo;all the fulness of God&rdquo; will be manifest even as it was in Jesus of Nazareth. God will demonstrate to the world that what he did with Jesus of Nazareth He can do with anyone who will yield to Him.",
    "puborder": 1528,
    "translations": []
  }
]