[
  {
    "para_id": "1332.1457",
    "id_prev": "1332.1456",
    "id_next": "1332.1458",
    "refcode_1": "EVCO",
    "refcode_2": "255",
    "refcode_3": "",
    "refcode_4": "",
    "refcode_short": "EVCO 255",
    "refcode_long": "The Everlasting Covenant, p. 255 (Ellet Joseph Waggoner)",
    "element_type": "h4",
    "element_subtype": "",
    "content": "Eating and Drinking Damnation",
    "puborder": 1066,
    "translations": []
  },
  {
    "para_id": "1332.1458",
    "id_prev": "1332.1457",
    "id_next": "1332.1461",
    "refcode_1": "EVCO",
    "refcode_2": "255",
    "refcode_3": "2",
    "refcode_4": "",
    "refcode_short": "EVCO 255.2",
    "refcode_long": "The Everlasting Covenant, p. 255.2 (Ellet Joseph Waggoner)",
    "element_type": "p",
    "element_subtype": "standard-indented",
    "content": "&ldquo;Whosoever shall eat this bread, and drink this cup of the Lord, unworthily, shall be guilty of the body and blood of the Lord.&rdquo; He will be in the condition of the men who crucified Christ, not seeing in Him the Lord of glory. What does he who eats unworthily bring upon himself? The answer follows: &ldquo;For he that eateth and drinketh unworthily, eateth and drinketh damnation to himself.&rdquo; And how is it that one eats and drinks unworthily? By &ldquo;not discerning the Lord&rsquo;s body.&rdquo; How can one discern the Lord&rsquo;s body, and thus avoid eating and drinking unworthily?&mdash;By faith; &ldquo;He that doubteth is damned if he eat, because he eateth not of faith; for whatsoever is not of faith is sin.&rdquo; And how can one eat by faith?&mdash;Easily enough; he has only to believe the words of Christ: &ldquo;This is My body.&rdquo; It is faith that <span class=\"page-break\" data-page=\"256\"></span> gives discernment. If we believe the words of Scripture, we shall have no difficulty in seeing the body of Christ, who is the power of God, in the gifts which He bestows on us to keep us in life.",
    "puborder": 1067,
    "translations": []
  }
]