[
  {
    "para_id": "1332.886",
    "id_prev": "1332.885",
    "id_next": "1332.887",
    "refcode_1": "EVCO",
    "refcode_2": "153",
    "refcode_3": "",
    "refcode_4": "",
    "refcode_short": "EVCO 153",
    "refcode_long": "The Everlasting Covenant, p. 153 (Ellet Joseph Waggoner)",
    "element_type": "h4",
    "element_subtype": "",
    "content": "Neo-platonism",
    "puborder": 666,
    "translations": []
  },
  {
    "para_id": "1332.887",
    "id_prev": "1332.886",
    "id_next": "1332.889",
    "refcode_1": "EVCO",
    "refcode_2": "153",
    "refcode_3": "3",
    "refcode_4": "",
    "refcode_short": "EVCO 153.3",
    "refcode_long": "The Everlasting Covenant, p. 153.3 (Ellet Joseph Waggoner)",
    "element_type": "p",
    "element_subtype": "standard-indented",
    "content": "This mode of philosophising received some modification, when Ammonius Saccas, at the close of the century, opened a school at Alexandria, and laid the foundation of the sect called the New Platonic.",
    "puborder": 667,
    "translations": []
  },
  {
    "para_id": "1332.889",
    "id_prev": "1332.887",
    "id_next": "1332.890",
    "refcode_1": "EVCO",
    "refcode_2": "154",
    "refcode_3": "1",
    "refcode_4": "",
    "refcode_short": "EVCO 154.1",
    "refcode_long": "The Everlasting Covenant, p. 154.1 (Ellet Joseph Waggoner)",
    "element_type": "p",
    "element_subtype": "standard-indented",
    "content": "&ldquo;This man was born and educated a Christian, and perhaps made pretensions to Christianity all his life. Being possessed of great fecundity of genius as well as eloquence, he undertook to bring all systems of philosophy and religion into harmony, or, in other words, to teach a philosophy by which all philosophers, and the men of all religions&mdash;the Christian not excepted&mdash;might unite together and have fellowship. And here, especially, lies the difference between this new sect and the eclectic philosophy, which had before flourished in Egypt. For the Eclectics held that there was a mixture of good and bad, true and false, in all the systems; and therefore they selected out of all, what appeared to them consonant with reason, and rejected the rest. But Ammonius held that all sects professed <em>one and the same system of truth,</em> with only some difference in the mode of stating it, and some minute difference in their conceptions; so that by means of suitable explanations they might with little difficulty be brought into one body. He, moreover, held this new and singular principle, that the popular religions, and likewise the Christian, must be understood and explained according to the common philosophy of all the sects.&rdquo; <sup class=\"footnote\"><a class=\"footnote\">1<span class=\"footnote\">Mosheim&rsquo;s Eccl. Hist., Cent. 2., Part 2, Chap. 1., Section 7.</span></a></sup>",
    "puborder": 668,
    "translations": []
  }
]