[
  {
    "para_id": "1332.2076",
    "id_prev": "1332.2073",
    "id_next": "1332.2077",
    "refcode_1": "EVCO",
    "refcode_2": "361",
    "refcode_3": "",
    "refcode_4": "",
    "refcode_short": "EVCO 361",
    "refcode_long": "The Everlasting Covenant, p. 361 (Ellet Joseph Waggoner)",
    "element_type": "h4",
    "element_subtype": "",
    "content": "On Earth as in Heaven",
    "puborder": 1508,
    "translations": []
  },
  {
    "para_id": "1332.2077",
    "id_prev": "1332.2076",
    "id_next": "1332.2078",
    "refcode_1": "EVCO",
    "refcode_2": "361",
    "refcode_3": "1",
    "refcode_4": "",
    "refcode_short": "EVCO 361.1",
    "refcode_long": "The Everlasting Covenant, p. 361.1 (Ellet Joseph Waggoner)",
    "element_type": "p",
    "element_subtype": "standard-indented",
    "content": "Even so it will be when God is allowed His rightful place in the bodies of men. His Spirit will be their spirit, and His mind and thought will be their mind and thought. In <span class=\"egwlink egwlink_bible\" title=\"2 Corinthians 6:16\" data-link=\"1965.58962\">2 Corinthians 6:16-18</span>, where we are told that we are the temple of God, we learn that when we are sanctified by His presence we are His sons and daughters. We are the temple of God, because the Holy Ghost dwells in us. <sup class=\"footnote\"><a class=\"footnote\">1<span class=\"footnote\"><span class=\"egwlink egwlink_bible\" title=\"1 Corinthians 3:16\" data-link=\"1965.57966\">1 Corinthians 3:16</span>.</span></a></sup> We are builded together in Christ for an habitation of God through the Spirit. <sup class=\"footnote\"><a class=\"footnote\">2<span class=\"footnote\"><span class=\"egwlink egwlink_bible\" title=\"Ephesians 2:22\" data-link=\"1965.59653\">Ephesians 2:22</span>:</span></a></sup> But &ldquo;as many as are led by the Spirit of God, they are the sons of God.&rdquo; <sup class=\"footnote\"><a class=\"footnote\">3<span class=\"footnote\"><span class=\"egwlink egwlink_bible\" title=\"Romans 8:14\" data-link=\"1965.57362\">Romans 8:14</span>.</span></a></sup> That is, those who yield themselves to God, to be His spiritual house, His temple, are filled with the Spirit, and are guided by the Spirit whithersoever the Spirit wills to go. The mind of the Spirit is their mind.",
    "puborder": 1509,
    "translations": []
  }
]