[
  {
    "para_id": "1332.300",
    "id_prev": "1332.296",
    "id_next": "1332.301",
    "refcode_1": "EVCO",
    "refcode_2": "53",
    "refcode_3": "",
    "refcode_4": "",
    "refcode_short": "EVCO 53",
    "refcode_long": "The Everlasting Covenant, p. 53 (Ellet Joseph Waggoner)",
    "element_type": "h3",
    "element_subtype": "",
    "content": "Chapter 3 - Building an Altar",
    "puborder": 233,
    "translations": []
  },
  {
    "para_id": "1332.301",
    "id_prev": "1332.300",
    "id_next": "1332.302",
    "refcode_1": "EVCO",
    "refcode_2": "53",
    "refcode_3": "1",
    "refcode_4": "",
    "refcode_short": "EVCO 53.1",
    "refcode_long": "The Everlasting Covenant, p. 53.1 (Ellet Joseph Waggoner)",
    "element_type": "p",
    "element_subtype": "standard-indented",
    "content": "Everywhere Abraham went, he built an altar to the Lord. As you read this, remember that the promise that all nations should be blessed in Abraham, specified families. &ldquo;In thee shall all families of the earth be blessed.&rdquo; <sup class=\"footnote\"><a class=\"footnote\">1<span class=\"footnote\"><span class=\"egwlink egwlink_bible\" title=\"Genesis 12:3\" data-link=\"1965.618\">Genesis 12:3</span>.</span></a></sup> The religion of Abraham was a family religion. The &ldquo;family altar&rdquo; was never neglected in his household. This is not an empty figure of speech, but comes from the practice of the fathers to whom the promise was made, and of which we are partakers if we are of their faith and practice.",
    "puborder": 234,
    "translations": []
  }
]