[
  {
    "para_id": "1332.374",
    "id_prev": "1332.373",
    "id_next": "1332.375",
    "refcode_1": "EVCO",
    "refcode_2": "66",
    "refcode_3": "",
    "refcode_4": "",
    "refcode_short": "EVCO 66",
    "refcode_long": "The Everlasting Covenant, p. 66 (Ellet Joseph Waggoner)",
    "element_type": "h4",
    "element_subtype": "",
    "content": "Children not Servants",
    "puborder": 287,
    "translations": []
  },
  {
    "para_id": "1332.375",
    "id_prev": "1332.374",
    "id_next": "1332.378",
    "refcode_1": "EVCO",
    "refcode_2": "66",
    "refcode_3": "2",
    "refcode_4": "",
    "refcode_short": "EVCO 66.2",
    "refcode_long": "The Everlasting Covenant, p. 66.2 (Ellet Joseph Waggoner)",
    "element_type": "p",
    "element_subtype": "standard-indented",
    "content": "The promise which God had made to Abraham was not to him only, but to his seed as well. Therefore Abraham said to the Lord, &ldquo;What wilt Thou give me, seeing I go childless, and the steward of my house (or, &ldquo;he that shall be possessor of mine house&rdquo;) is this Eliezer of Damascus? And Abraham said, Behold, to <span class=\"page-break\" data-page=\"67\"></span> me Thou hast given no seed; and, lo, one born in my house is mine heir.&rdquo; <sup class=\"footnote\"><a class=\"footnote\">1<span class=\"footnote\"><span class=\"egwlink egwlink_bible\" title=\"Genesis 15:2\" data-link=\"1965.743\">Genesis 15:2, 3</span>.</span></a></sup> Abraham did not know the plan of the Lord. He knew the promise, and believed it but as he was old, and had no child, he supposed that the seed promised to him must come through his trusted servant. But that was not God&rsquo;s plan. Abraham was not to be the progenitor of a race of servants, but of free men.",
    "puborder": 288,
    "translations": []
  },
  {
    "para_id": "1332.378",
    "id_prev": "1332.375",
    "id_next": "1332.379",
    "refcode_1": "EVCO",
    "refcode_2": "67",
    "refcode_3": "1",
    "refcode_4": "",
    "refcode_short": "EVCO 67.1",
    "refcode_long": "The Everlasting Covenant, p. 67.1 (Ellet Joseph Waggoner)",
    "element_type": "p",
    "element_subtype": "standard-indented",
    "content": "&ldquo;And, behold, the word of the Lord came unto him, saying, This shall not be thine heir; but he that shall come forth out of thine own bowels shall be thine heir. And he brought him forth abroad, and said, Look now toward heaven, and tell the stars, if thou be able to number them; and He said unto him, So shall thy seed be. And he believed in the Lord; and He counted it to him for righteousness.&rdquo; <sup class=\"footnote\"><a class=\"footnote\">2<span class=\"footnote\"><span class=\"egwlink egwlink_bible\" title=\"Genesis 15:4\" data-link=\"1965.747\">Genesis 15:4-6</span>.</span></a></sup>",
    "puborder": 289,
    "translations": []
  },
  {
    "para_id": "1332.379",
    "id_prev": "1332.378",
    "id_next": "1332.380",
    "refcode_1": "EVCO",
    "refcode_2": "67",
    "refcode_3": "2",
    "refcode_4": "",
    "refcode_short": "EVCO 67.2",
    "refcode_long": "The Everlasting Covenant, p. 67.2 (Ellet Joseph Waggoner)",
    "element_type": "p",
    "element_subtype": "standard-indented",
    "content": "&ldquo;<em>Amen</em>.&rdquo;",
    "puborder": 290,
    "translations": []
  },
  {
    "para_id": "1332.380",
    "id_prev": "1332.379",
    "id_next": "1332.381",
    "refcode_1": "EVCO",
    "refcode_2": "67",
    "refcode_3": "3",
    "refcode_4": "",
    "refcode_short": "EVCO 67.3",
    "refcode_long": "The Everlasting Covenant, p. 67.3 (Ellet Joseph Waggoner)",
    "element_type": "p",
    "element_subtype": "standard-indented",
    "content": "&ldquo;And he believed in the Lord.&rdquo; The root of the verb rendered <em>believed</em>, is the word &ldquo;Amen.&rdquo; Its idea is that of firmness, a foundation. When God spoke the promise, Abraham said &ldquo;Amen,&rdquo; or, in other words, he built upon God, taking His word as a sure foundation. (Compare this with <span class=\"egwlink egwlink_bible\" title=\"Matthew 7:24\" data-link=\"1965.47659\">Matthew 7:24, 25</span>.)",
    "puborder": 291,
    "translations": []
  }
]