[
  {
    "para_id": "13961.3100001",
    "id_prev": "13961.3086014",
    "id_next": "13961.3100004",
    "refcode_1": "1LtMs",
    "refcode_2": "",
    "refcode_3": "",
    "refcode_4": "1860001800",
    "refcode_short": "1LtMs, Lt 18, 1860",
    "refcode_long": "Letters and Manuscripts — Volume 1 (1844 - 1868), Lt 18, 1860",
    "element_type": "h4",
    "element_subtype": "",
    "content": "Lt 18, 1860",
    "puborder": 3553,
    "translations": []
  },
  {
    "para_id": "13961.3100004",
    "id_prev": "13961.3100001",
    "id_next": "13961.3100002",
    "refcode_1": "1LtMs",
    "refcode_2": "",
    "refcode_3": "",
    "refcode_4": "1860001800",
    "refcode_short": "",
    "refcode_long": "",
    "element_type": "p",
    "element_subtype": "ltaddressee",
    "content": "Hall, Lucinda",
    "puborder": 3554,
    "translations": []
  },
  {
    "para_id": "13961.3100002",
    "id_prev": "13961.3100004",
    "id_next": "13961.3100003",
    "refcode_1": "1LtMs",
    "refcode_2": "",
    "refcode_3": "",
    "refcode_4": "1860001800",
    "refcode_short": "",
    "refcode_long": "",
    "element_type": "p",
    "element_subtype": "ltplace",
    "content": "<span class=\"ltplace\" value=\"Battle Creek, Michigan\">Battle Creek, Michigan</span>",
    "puborder": 3555,
    "translations": []
  },
  {
    "para_id": "13961.3100003",
    "id_prev": "13961.3100002",
    "id_next": "13961.3100005",
    "refcode_1": "1LtMs",
    "refcode_2": "",
    "refcode_3": "",
    "refcode_4": "1860001800",
    "refcode_short": "",
    "refcode_long": "",
    "element_type": "p",
    "element_subtype": "ltdate",
    "content": "<span class=\"ltdate\" start=\"November 2, 1860\">November 2, 1860</span>",
    "puborder": 3556,
    "translations": []
  },
  {
    "para_id": "13961.3100005",
    "id_prev": "13961.3100003",
    "id_next": "13961.3100006",
    "refcode_1": "1LtMs",
    "refcode_2": "",
    "refcode_3": "",
    "refcode_4": "1860001800",
    "refcode_short": "",
    "refcode_long": "",
    "element_type": "p",
    "element_subtype": "ltpubinfo",
    "content": "This letter is published in entirety in <span class=\"egwlink egwlink_book\" title=\"8MR 15\" data-link=\"52.75\">8MR 15-16</span>.",
    "puborder": 3557,
    "translations": []
  },
  {
    "para_id": "13961.3100006",
    "id_prev": "13961.3100005",
    "id_next": "13961.3100007",
    "refcode_1": "1LtMs",
    "refcode_2": "",
    "refcode_3": "",
    "refcode_4": "1860001800",
    "refcode_short": "",
    "refcode_long": "",
    "element_type": "p",
    "element_subtype": "ltsalutation",
    "content": "Dear Lucinda [Hall]:",
    "puborder": 3558,
    "translations": []
  },
  {
    "para_id": "13961.3100007",
    "id_prev": "13961.3100006",
    "id_next": "13961.3100008",
    "refcode_1": "1LtMs",
    "refcode_2": "",
    "refcode_3": "0",
    "refcode_4": "1860001800",
    "refcode_short": "1LtMs, Lt 18, 1860, par. 1",
    "refcode_long": "Letters and Manuscripts — Volume 1 (1844 - 1868), Lt 18, 1860, par. 1",
    "element_type": "p",
    "element_subtype": "standard-indented",
    "content": "It is five o&rsquo;clock. I improve this opportunity while the yet nameless one is asleep. (Send him a name.) He needs much attention. Never did I miss you as now. We have had Addie Jones to help us, but I should wish to be delivered from such help. She is just good for nothing; shall not keep her after this week. I employed her that Jenny might be released to take care of me and tend the baby; but instead of that, Jenny did the washing and I was left without help until about four o&rsquo;clock, and felt almost crazy with weakness. I told her to tell Jenny I must have help. She said to her, &ldquo;Sister White says she will want you this afternoon.&rdquo; That night I could not sleep and Monday was very weak and could not sleep Monday night.",
    "puborder": 3559,
    "translations": []
  },
  {
    "para_id": "13961.3100008",
    "id_prev": "13961.3100007",
    "id_next": "13961.3100009",
    "refcode_1": "1LtMs",
    "refcode_2": "",
    "refcode_3": "0",
    "refcode_4": "1860001800",
    "refcode_short": "1LtMs, Lt 18, 1860, par. 2",
    "refcode_long": "Letters and Manuscripts — Volume 1 (1844 - 1868), Lt 18, 1860, par. 2",
    "element_type": "p",
    "element_subtype": "standard-indented",
    "content": "Sister Kellogg came for me yesterday and took baby and me home with her and we spent the day; had a good visit. Last night I rested, yet my back is weak and I am so lame I cannot get around much. I went upstairs once on my knees to get these things together for the poor. Czechowski is quite poor and we shall send a box to them in about four weeks. Mr. Warren&rsquo;s little girl is dead; died with croup very suddenly. They had no little chemise to lay her out in; got one of Mary Loughborough. The family, we find, are destitute of almost everything. They must have help or suffer this winter. Dr. King is near his end; can live but a few weeks.",
    "puborder": 3560,
    "translations": []
  },
  {
    "para_id": "13961.3100009",
    "id_prev": "13961.3100008",
    "id_next": "13961.3100010",
    "refcode_1": "1LtMs",
    "refcode_2": "",
    "refcode_3": "0",
    "refcode_4": "1860001800",
    "refcode_short": "1LtMs, Lt 18, 1860, par. 3",
    "refcode_long": "Letters and Manuscripts — Volume 1 (1844 - 1868), Lt 18, 1860, par. 3",
    "element_type": "p",
    "element_subtype": "standard-indented",
    "content": "Lucinda, I found a pair of shoes in the &ldquo;Poor&rdquo; box. Do you know whom they are from, so as to credit them to the giver? And there is a bundle of clothing&mdash;a small petticoat, a shirt, nightdress and a few such articles. Do you know from whom? They must have been handed in when I was sick.",
    "puborder": 3561,
    "translations": []
  },
  {
    "para_id": "13961.3100010",
    "id_prev": "13961.3100009",
    "id_next": "13961.3100011",
    "refcode_1": "1LtMs",
    "refcode_2": "",
    "refcode_3": "0",
    "refcode_4": "1860001800",
    "refcode_short": "1LtMs, Lt 18, 1860, par. 4",
    "refcode_long": "Letters and Manuscripts — Volume 1 (1844 - 1868), Lt 18, 1860, par. 4",
    "element_type": "p",
    "element_subtype": "standard-indented",
    "content": "We have heard from James often. He is somewhat encouraged and thinks much of Brother Snook and Brother Hull.",
    "puborder": 3562,
    "translations": []
  },
  {
    "para_id": "13961.3100011",
    "id_prev": "13961.3100010",
    "id_next": "13961.3100012",
    "refcode_1": "1LtMs",
    "refcode_2": "",
    "refcode_3": "0",
    "refcode_4": "1860001800",
    "refcode_short": "1LtMs, Lt 18, 1860, par. 5",
    "refcode_long": "Letters and Manuscripts — Volume 1 (1844 - 1868), Lt 18, 1860, par. 5",
    "element_type": "p",
    "element_subtype": "standard-indented",
    "content": "Lucinda, had I seen how much I needed just such a girl as you with me this winter, I should have made a strong plea for you to stay, but there you are at home and nothing, I suppose, will tempt you to leave it. I don&rsquo;t blame you, but I miss you so much I sometimes wish you had never come! I have a long cry now and then, and it does me good; I feel better afterwards.",
    "puborder": 3563,
    "translations": []
  },
  {
    "para_id": "13961.3100012",
    "id_prev": "13961.3100011",
    "id_next": "13961.3100013",
    "refcode_1": "1LtMs",
    "refcode_2": "",
    "refcode_3": "0",
    "refcode_4": "1860001800",
    "refcode_short": "1LtMs, Lt 18, 1860, par. 6",
    "refcode_long": "Letters and Manuscripts — Volume 1 (1844 - 1868), Lt 18, 1860, par. 6",
    "element_type": "p",
    "element_subtype": "standard-indented",
    "content": "My babe is a fat, healthy fellow, and takes all my strength to tend him. He is as large as a child three months old.",
    "puborder": 3564,
    "translations": []
  },
  {
    "para_id": "13961.3100013",
    "id_prev": "13961.3100012",
    "id_next": "13961.3100014",
    "refcode_1": "1LtMs",
    "refcode_2": "",
    "refcode_3": "0",
    "refcode_4": "1860001800",
    "refcode_short": "1LtMs, Lt 18, 1860, par. 7",
    "refcode_long": "Letters and Manuscripts — Volume 1 (1844 - 1868), Lt 18, 1860, par. 7",
    "element_type": "p",
    "element_subtype": "standard-indented",
    "content": "I can&rsquo;t endure to see things all in confusion about the house. Jenny does all she can, but she can&rsquo;t do everything around the house and tend baby too. I wish I were with you but this cannot be. Sister Benedict has taken a class in Sabbath School&mdash;your class. Brother Frisbie has moved back to the Creek.",
    "puborder": 3565,
    "translations": []
  },
  {
    "para_id": "13961.3100014",
    "id_prev": "13961.3100013",
    "id_next": "13961.3100015",
    "refcode_1": "1LtMs",
    "refcode_2": "",
    "refcode_3": "0",
    "refcode_4": "1860001800",
    "refcode_short": "1LtMs, Lt 18, 1860, par. 8",
    "refcode_long": "Letters and Manuscripts — Volume 1 (1844 - 1868), Lt 18, 1860, par. 8",
    "element_type": "p",
    "element_subtype": "standard-indented",
    "content": "We have had earnest seasons of prayer that the Lord would increase my strength. Do pray for me. I need help. I need strength.",
    "puborder": 3566,
    "translations": []
  },
  {
    "para_id": "13961.3100015",
    "id_prev": "13961.3100014",
    "id_next": "13961.3100016",
    "refcode_1": "1LtMs",
    "refcode_2": "",
    "refcode_3": "0",
    "refcode_4": "1860001800",
    "refcode_short": "1LtMs, Lt 18, 1860, par. 9",
    "refcode_long": "Letters and Manuscripts — Volume 1 (1844 - 1868), Lt 18, 1860, par. 9",
    "element_type": "p",
    "element_subtype": "standard-indented",
    "content": "We send love to you and all your family. In haste.",
    "puborder": 3567,
    "translations": []
  },
  {
    "para_id": "13961.3100016",
    "id_prev": "13961.3100015",
    "id_next": "13961.3100017",
    "refcode_1": "1LtMs",
    "refcode_2": "",
    "refcode_3": "",
    "refcode_4": "1860001800",
    "refcode_short": "",
    "refcode_long": "",
    "element_type": "p",
    "element_subtype": "egwsignatureline",
    "content": "Ellen G. White",
    "puborder": 3568,
    "translations": []
  },
  {
    "para_id": "13961.3100017",
    "id_prev": "13961.3100016",
    "id_next": "13961.2969001",
    "refcode_1": "1LtMs",
    "refcode_2": "",
    "refcode_3": "0",
    "refcode_4": "1860001800",
    "refcode_short": "1LtMs, Lt 18, 1860, par. 10",
    "refcode_long": "Letters and Manuscripts — Volume 1 (1844 - 1868), Lt 18, 1860, par. 10",
    "element_type": "p",
    "element_subtype": "standard-indented",
    "content": "No sewing done since you left.",
    "puborder": 3569,
    "translations": []
  }
]