[
  {
    "para_id": "766.2",
    "id_prev": null,
    "id_next": "766.3",
    "refcode_1": "SPMS",
    "refcode_2": "1",
    "refcode_3": "",
    "refcode_4": "",
    "refcode_short": "SPMS 1",
    "refcode_long": "The Spirit of Prophecy and Military Service, p. 1 (William C. White)",
    "element_type": "h1",
    "element_subtype": "",
    "content": "The Spirit of Prophecy and Military Service",
    "puborder": 1,
    "translations": []
  },
  {
    "para_id": "766.3",
    "id_prev": "766.2",
    "id_next": "766.5",
    "refcode_1": "SPMS",
    "refcode_2": "1",
    "refcode_3": "",
    "refcode_4": "",
    "refcode_short": "",
    "refcode_long": "",
    "element_type": "p",
    "element_subtype": "center",
    "content": "Statement prepared by W. C. White, D. E. Robinson and A. L. White",
    "puborder": 2,
    "translations": []
  },
  {
    "para_id": "766.5",
    "id_prev": "766.3",
    "id_next": "766.6",
    "refcode_1": "SPMS",
    "refcode_2": "1",
    "refcode_3": "",
    "refcode_4": "",
    "refcode_short": "SPMS 1",
    "refcode_long": "The Spirit of Prophecy and Military Service, p. 1 (William C. White)",
    "element_type": "table",
    "element_subtype": "table1",
    "content": "<tr><td>1. Introduction</td><td>2</td></tr>\r\n<tr><td>2. Chapter 1&mdash;<em>Vision at Parkville</em></td><td>4</td></tr>\r\n<tr><td>3. Chapter 2&mdash;<em>Calls for Volunteers</em></td><td>5</td></tr>\r\n<tr><td>4. Chapter 3&mdash;<em>Early Reverses and Their Significance</em></td><td>5</td></tr>\r\n<tr><td>5. Chapter 4&mdash;<em>Bounties to Encourage Enlistment</em></td><td>6</td></tr>\r\n<tr><td>6. Chapter 5&mdash;<em>Difficulties in the Field</em></td><td>9</td></tr>\r\n<tr><td>7. Chapter 6&mdash;<em>Facing the Draft</em></td><td>9</td></tr>\r\n<tr><td>8. Chapter 7&mdash;<em>Instruction Through the Spirit of Prophecy</em></td><td>11</td></tr>\r\n<tr><td>9. Chapter 8&mdash;<em>Counsel Concerning Enlistment</em></td><td>13</td></tr>\r\n<tr><td>10. Chapter 9&mdash;<em>The First Enrollment Law and the Draft</em></td><td>14</td></tr>\r\n<tr><td>11. Chapter 10&mdash;<em>Basic Provisions for Noncombatants</em></td><td>15</td></tr>\r\n<tr><td>12. Chapter 11&mdash;<em>Seventh-day Adventists Recognized as Noncombatants</em></td><td>18</td></tr>\r\n<tr><td>13. Chapter 12&mdash;<em>Special Light Concerning the Draft</em></td><td>18</td></tr>\r\n<tr><td>14. Chapter 13&mdash;<em>A Call to Prayer</em></td><td>19</td></tr>\r\n<tr><td>15. Chapter 14&mdash;<em>Recognition of European Military Service Laws</em></td><td>22</td></tr>",
    "puborder": 4,
    "translations": []
  }
]