[
  {
    "para_id": "256.105",
    "id_prev": "256.104",
    "id_next": "256.106",
    "refcode_1": "PH166",
    "refcode_2": "18",
    "refcode_3": "",
    "refcode_4": "32",
    "refcode_short": "PH166 18",
    "refcode_long": "Special on Tithing, p. 18 (Ellen Gould White)",
    "element_type": "h4",
    "element_subtype": "",
    "content": "A Neglect",
    "puborder": 79,
    "translations": []
  },
  {
    "para_id": "256.106",
    "id_prev": "256.105",
    "id_next": "256.109",
    "refcode_1": "PH166",
    "refcode_2": "18",
    "refcode_3": "3",
    "refcode_4": "",
    "refcode_short": "PH166 18.3",
    "refcode_long": "Special on Tithing, p. 18.3 (Ellen Gould White)",
    "element_type": "p",
    "element_subtype": "standard-indented",
    "content": "Many presidents of State conferences do not attend to that which is their work,&mdash;to see that the elders and deacons of the churches do their work in the churches by seeing that a faithful tithe is brought into the treasury. This principle <span class=\"page-break\" data-page=\"19\"></span> needs to be often brought before the men who are lax in their duty to God, and who are negligent and careless in bringing in their tithes, gifts, and offerings to God. &ldquo;Will a man rob me?&rdquo; &ldquo;Wherein have we robbed thee?&rdquo;, is the question asked by the unfaithful stewards. The answer comes plain and positive, &ldquo;In tithes and offerings. Ye are cursed with a curse, for ye have robbed me, even this whole nation.&rdquo; Please read this whole chapter and see if words could be spoken that would be more plain and positive than these.",
    "puborder": 80,
    "translations": []
  }
]