[
  {
    "para_id": "14032.690",
    "id_prev": "14032.688",
    "id_next": "14032.691",
    "refcode_1": "SR-SG",
    "refcode_2": "91",
    "refcode_3": "",
    "refcode_4": "",
    "refcode_short": "SR-SG 91",
    "refcode_long": "The Story of Redemption -- Study Guide, p. 91 (Ellen G. White Estate)",
    "element_type": "h4",
    "element_subtype": "",
    "content": "C. Thought And Discussion Questions",
    "puborder": 597,
    "translations": []
  },
  {
    "para_id": "14032.691",
    "id_prev": "14032.690",
    "id_next": "14032.692",
    "refcode_1": "SR-SG",
    "refcode_2": "91",
    "refcode_3": "1",
    "refcode_4": "",
    "refcode_short": "SR-SG 91.1",
    "refcode_long": "The Story of Redemption -- Study Guide, p. 91.1 (Ellen G. White Estate)",
    "element_type": "p",
    "element_subtype": "standard-indented",
    "content": "1. Why are &ldquo;false shepherds&rdquo; to receive such severe punishment? (<span class=\"egwlink egwlink_book\" title=\"SR 415.1\" data-link=\"145.1968\">p. 415</span>)<br />\r\n<br />",
    "puborder": 598,
    "translations": []
  },
  {
    "para_id": "14032.692",
    "id_prev": "14032.691",
    "id_next": "14032.693",
    "refcode_1": "SR-SG",
    "refcode_2": "91",
    "refcode_3": "2",
    "refcode_4": "",
    "refcode_short": "SR-SG 91.2",
    "refcode_long": "The Story of Redemption -- Study Guide, p. 91.2 (Ellen G. White Estate)",
    "element_type": "p",
    "element_subtype": "standard-indented",
    "content": "2 . Does the fact that the wicked prepare implements of war indicate some length of time? (<span class=\"egwlink egwlink_book\" title=\"SR 419.1\" data-link=\"145.1982\">pp. 419</span>, <span class=\"egwlink egwlink_book\" title=\"SR 420.1\" data-link=\"145.1989\">420</span>)<br />\r\n<br />",
    "puborder": 599,
    "translations": []
  },
  {
    "para_id": "14032.693",
    "id_prev": "14032.692",
    "id_next": "14032.694",
    "refcode_1": "SR-SG",
    "refcode_2": "91",
    "refcode_3": "3",
    "refcode_4": "",
    "refcode_short": "SR-SG 91.3",
    "refcode_long": "The Story of Redemption -- Study Guide, p. 91.3 (Ellen G. White Estate)",
    "element_type": "p",
    "element_subtype": "standard-indented",
    "content": "3. Why is there no pride among the saved? (<span class=\"egwlink egwlink_book\" title=\"SR 422.1\" data-link=\"145.1994\">p. 422</span>) (See Malachi 4:1)<br />\r\n<br />",
    "puborder": 600,
    "translations": []
  },
  {
    "para_id": "14032.694",
    "id_prev": "14032.693",
    "id_next": "14032.695",
    "refcode_1": "SR-SG",
    "refcode_2": "91",
    "refcode_3": "4",
    "refcode_4": "",
    "refcode_short": "SR-SG 91.4",
    "refcode_long": "The Story of Redemption -- Study Guide, p. 91.4 (Ellen G. White Estate)",
    "element_type": "p",
    "element_subtype": "standard-indented",
    "content": "4. Study the panorama before God&rsquo;s throne. Who are some of the wicked noted and what are their reactions? Who are some of the righteous and what are their reactions? (<span class=\"egwlink egwlink_book\" title=\"SR 423.1\" data-link=\"145.2000\">pp. 423-425</span>)<br />\r\n<br />",
    "puborder": 601,
    "translations": []
  },
  {
    "para_id": "14032.695",
    "id_prev": "14032.694",
    "id_next": "14032.696",
    "refcode_1": "SR-SG",
    "refcode_2": "91",
    "refcode_3": "5",
    "refcode_4": "",
    "refcode_short": "SR-SG 91.5",
    "refcode_long": "The Story of Redemption -- Study Guide, p. 91.5 (Ellen G. White Estate)",
    "element_type": "p",
    "element_subtype": "standard-indented",
    "content": "5. Carefully study what sins Satan is made to suffer for. (<span class=\"egwlink egwlink_book\" title=\"SR 429.1\" data-link=\"145.2027\">p. 429</span>)",
    "puborder": 602,
    "translations": []
  },
  {
    "para_id": "14032.696",
    "id_prev": "14032.695",
    "id_next": "14032.698",
    "refcode_1": "SR-SG",
    "refcode_2": "91",
    "refcode_3": "6",
    "refcode_4": "",
    "refcode_short": "SR-SG 91.6",
    "refcode_long": "The Story of Redemption -- Study Guide, p. 91.6 (Ellen G. White Estate)",
    "element_type": "p",
    "element_subtype": "standard-indented",
    "content": "6. In describing immortality Ellen White says: &ldquo;We shall ever feel the freshness of the morning, and shall ever be far from its close.&rdquo; (pp. 431, 432) What a theme for thought!<br />\r\n<br />",
    "puborder": 603,
    "translations": []
  }
]