[
  {
    "para_id": "14032.758",
    "id_prev": "14032.756",
    "id_next": "14032.759",
    "refcode_1": "SR-SG",
    "refcode_2": "96",
    "refcode_3": "",
    "refcode_4": "",
    "refcode_short": "SR-SG 96",
    "refcode_long": "The Story of Redemption -- Study Guide, p. 96 (Ellen G. White Estate)",
    "element_type": "h3",
    "element_subtype": "",
    "content": "Answers to Lesson 3",
    "puborder": 660,
    "translations": []
  },
  {
    "para_id": "14032.759",
    "id_prev": "14032.758",
    "id_next": "14032.760",
    "refcode_1": "SR-SG",
    "refcode_2": "96",
    "refcode_3": "1",
    "refcode_4": "",
    "refcode_short": "SR-SG 96.1",
    "refcode_long": "The Story of Redemption -- Study Guide, p. 96.1 (Ellen G. White Estate)",
    "element_type": "p",
    "element_subtype": "standard-indented",
    "content": "1. a. Fruit.",
    "puborder": 661,
    "translations": []
  },
  {
    "para_id": "14032.760",
    "id_prev": "14032.759",
    "id_next": "14032.761",
    "refcode_1": "SR-SG",
    "refcode_2": "96",
    "refcode_3": "2",
    "refcode_4": "",
    "refcode_short": "SR-SG 96.2",
    "refcode_long": "The Story of Redemption -- Study Guide, p. 96.2 (Ellen G. White Estate)",
    "element_type": "p",
    "element_subtype": "standard-indented",
    "content": "b. He came with murmuring, with infidelity, unwilling, disregarding God&rsquo;s requirements, not particular, despising counsel, with doubt.",
    "puborder": 662,
    "translations": []
  },
  {
    "para_id": "14032.761",
    "id_prev": "14032.760",
    "id_next": "14032.762",
    "refcode_1": "SR-SG",
    "refcode_2": "96",
    "refcode_3": "3",
    "refcode_4": "",
    "refcode_short": "SR-SG 96.3",
    "refcode_long": "The Story of Redemption -- Study Guide, p. 96.3 (Ellen G. White Estate)",
    "element_type": "p",
    "element_subtype": "standard-indented",
    "content": "2. a. The animal sacrifice.",
    "puborder": 663,
    "translations": []
  },
  {
    "para_id": "14032.762",
    "id_prev": "14032.761",
    "id_next": "14032.763",
    "refcode_1": "SR-SG",
    "refcode_2": "96",
    "refcode_3": "4",
    "refcode_4": "",
    "refcode_short": "SR-SG 96.4",
    "refcode_long": "The Story of Redemption -- Study Guide, p. 96.4 (Ellen G. White Estate)",
    "element_type": "p",
    "element_subtype": "standard-indented",
    "content": "b. He came with full faith and humble reverence, repentant.",
    "puborder": 664,
    "translations": []
  },
  {
    "para_id": "14032.763",
    "id_prev": "14032.762",
    "id_next": "14032.764",
    "refcode_1": "SR-SG",
    "refcode_2": "96",
    "refcode_3": "5",
    "refcode_4": "",
    "refcode_short": "SR-SG 96.5",
    "refcode_long": "The Story of Redemption -- Study Guide, p. 96.5 (Ellen G. White Estate)",
    "element_type": "p",
    "element_subtype": "standard-indented",
    "content": "3. Injustice, partiality.",
    "puborder": 665,
    "translations": []
  },
  {
    "para_id": "14032.764",
    "id_prev": "14032.763",
    "id_next": "14032.765",
    "refcode_1": "SR-SG",
    "refcode_2": "96",
    "refcode_3": "6",
    "refcode_4": "",
    "refcode_short": "SR-SG 96.6",
    "refcode_long": "The Story of Redemption -- Study Guide, p. 96.6 (Ellen G. White Estate)",
    "element_type": "p",
    "element_subtype": "standard-indented",
    "content": "4. It did not yield its strength as before.",
    "puborder": 666,
    "translations": []
  },
  {
    "para_id": "14032.765",
    "id_prev": "14032.764",
    "id_next": "14032.766",
    "refcode_1": "SR-SG",
    "refcode_2": "96",
    "refcode_3": "7",
    "refcode_4": "",
    "refcode_short": "SR-SG 96.7",
    "refcode_long": "The Story of Redemption -- Study Guide, p. 96.7 (Ellen G. White Estate)",
    "element_type": "p",
    "element_subtype": "standard-indented",
    "content": "5. He was bitterly reproached for his sin by his family, thoughts of death thrilled his heart with horror, his first son, Cain, murdered Abel, filled with bitter remorse for his transgression, witnessed the general corruption that developed.",
    "puborder": 667,
    "translations": []
  },
  {
    "para_id": "14032.766",
    "id_prev": "14032.765",
    "id_next": "14032.767",
    "refcode_1": "SR-SG",
    "refcode_2": "96",
    "refcode_3": "8",
    "refcode_4": "",
    "refcode_short": "SR-SG 96.8",
    "refcode_long": "The Story of Redemption -- Study Guide, p. 96.8 (Ellen G. White Estate)",
    "element_type": "p",
    "element_subtype": "standard-indented",
    "content": "6. Purposed, earth, flood.",
    "puborder": 668,
    "translations": []
  },
  {
    "para_id": "14032.767",
    "id_prev": "14032.766",
    "id_next": "14032.768",
    "refcode_1": "SR-SG",
    "refcode_2": "96",
    "refcode_3": "9",
    "refcode_4": "",
    "refcode_short": "SR-SG 96.9",
    "refcode_long": "The Story of Redemption -- Study Guide, p. 96.9 (Ellen G. White Estate)",
    "element_type": "p",
    "element_subtype": "standard-indented",
    "content": "7. Dead.",
    "puborder": 669,
    "translations": []
  },
  {
    "para_id": "14032.768",
    "id_prev": "14032.767",
    "id_next": "14032.769",
    "refcode_1": "SR-SG",
    "refcode_2": "96",
    "refcode_3": "10",
    "refcode_4": "",
    "refcode_short": "SR-SG 96.10",
    "refcode_long": "The Story of Redemption -- Study Guide, p. 96.10 (Ellen G. White Estate)",
    "element_type": "p",
    "element_subtype": "standard-indented",
    "content": "8. He grew more heavenly, his face radiant and appearance dignified.",
    "puborder": 670,
    "translations": []
  },
  {
    "para_id": "14032.769",
    "id_prev": "14032.768",
    "id_next": "14032.770",
    "refcode_1": "SR-SG",
    "refcode_2": "96",
    "refcode_3": "11",
    "refcode_4": "",
    "refcode_short": "SR-SG 96.11",
    "refcode_long": "The Story of Redemption -- Study Guide, p. 96.11 (Ellen G. White Estate)",
    "element_type": "p",
    "element_subtype": "standard-indented",
    "content": "9. a. He steadfastly followed Him.",
    "puborder": 671,
    "translations": []
  },
  {
    "para_id": "14032.770",
    "id_prev": "14032.769",
    "id_next": "14032.771",
    "refcode_1": "SR-SG",
    "refcode_2": "96",
    "refcode_3": "12",
    "refcode_4": "",
    "refcode_short": "SR-SG 96.12",
    "refcode_long": "The Story of Redemption -- Study Guide, p. 96.12 (Ellen G. White Estate)",
    "element_type": "p",
    "element_subtype": "standard-indented",
    "content": "b. Abhorred iniquity.",
    "puborder": 672,
    "translations": []
  },
  {
    "para_id": "14032.771",
    "id_prev": "14032.770",
    "id_next": "14032.773",
    "refcode_1": "SR-SG",
    "refcode_2": "96",
    "refcode_3": "13",
    "refcode_4": "",
    "refcode_short": "SR-SG 96.13",
    "refcode_long": "The Story of Redemption -- Study Guide, p. 96.13 (Ellen G. White Estate)",
    "element_type": "p",
    "element_subtype": "standard-indented",
    "content": "c. Earnestly sought for heavenly knowledge.",
    "puborder": 673,
    "translations": []
  },
  {
    "para_id": "14032.773",
    "id_prev": "14032.771",
    "id_next": "14032.774",
    "refcode_1": "SR-SG",
    "refcode_2": "97",
    "refcode_3": "1",
    "refcode_4": "",
    "refcode_short": "SR-SG 97.1",
    "refcode_long": "The Story of Redemption -- Study Guide, p. 97.1 (Ellen G. White Estate)",
    "element_type": "p",
    "element_subtype": "standard-indented",
    "content": "10. Righteous, wicked.",
    "puborder": 674,
    "translations": []
  },
  {
    "para_id": "14032.774",
    "id_prev": "14032.773",
    "id_next": "14032.775",
    "refcode_1": "SR-SG",
    "refcode_2": "97",
    "refcode_3": "2",
    "refcode_4": "",
    "refcode_short": "SR-SG 97.2",
    "refcode_long": "The Story of Redemption -- Study Guide, p. 97.2 (Ellen G. White Estate)",
    "element_type": "p",
    "element_subtype": "standard-indented",
    "content": "11. They spoke encouragement to others as God spoke to them.",
    "puborder": 675,
    "translations": []
  },
  {
    "para_id": "14032.775",
    "id_prev": "14032.774",
    "id_next": "14032.776",
    "refcode_1": "SR-SG",
    "refcode_2": "97",
    "refcode_3": "3",
    "refcode_4": "",
    "refcode_short": "SR-SG 97.3",
    "refcode_long": "The Story of Redemption -- Study Guide, p. 97.3 (Ellen G. White Estate)",
    "element_type": "p",
    "element_subtype": "standard-indented",
    "content": "12. World, prayer, last days.",
    "puborder": 676,
    "translations": []
  },
  {
    "para_id": "14032.776",
    "id_prev": "14032.775",
    "id_next": "14032.777",
    "refcode_1": "SR-SG",
    "refcode_2": "97",
    "refcode_3": "4",
    "refcode_4": "",
    "refcode_short": "SR-SG 97.4",
    "refcode_long": "The Story of Redemption -- Study Guide, p. 97.4 (Ellen G. White Estate)",
    "element_type": "p",
    "element_subtype": "standard-indented",
    "content": "13. God, men, wives, character.",
    "puborder": 677,
    "translations": []
  },
  {
    "para_id": "14032.777",
    "id_prev": "14032.776",
    "id_next": "14032.778",
    "refcode_1": "SR-SG",
    "refcode_2": "97",
    "refcode_3": "5",
    "refcode_4": "",
    "refcode_short": "SR-SG 97.5",
    "refcode_long": "The Story of Redemption -- Study Guide, p. 97.5 (Ellen G. White Estate)",
    "element_type": "p",
    "element_subtype": "standard-indented",
    "content": "14. a. Example to others.",
    "puborder": 678,
    "translations": []
  },
  {
    "para_id": "14032.778",
    "id_prev": "14032.777",
    "id_next": "14032.779",
    "refcode_1": "SR-SG",
    "refcode_2": "97",
    "refcode_3": "6",
    "refcode_4": "",
    "refcode_short": "SR-SG 97.6",
    "refcode_long": "The Story of Redemption -- Study Guide, p. 97.6 (Ellen G. White Estate)",
    "element_type": "p",
    "element_subtype": "standard-indented",
    "content": "b. An act of faith for Noah.",
    "puborder": 679,
    "translations": []
  },
  {
    "para_id": "14032.779",
    "id_prev": "14032.778",
    "id_next": "14032.780",
    "refcode_1": "SR-SG",
    "refcode_2": "97",
    "refcode_3": "7",
    "refcode_4": "",
    "refcode_short": "SR-SG 97.7",
    "refcode_long": "The Story of Redemption -- Study Guide, p. 97.7 (Ellen G. White Estate)",
    "element_type": "p",
    "element_subtype": "standard-indented",
    "content": "15. God&rsquo;s preserving and protecting power.",
    "puborder": 680,
    "translations": []
  },
  {
    "para_id": "14032.780",
    "id_prev": "14032.779",
    "id_next": "14032.781",
    "refcode_1": "SR-SG",
    "refcode_2": "97",
    "refcode_3": "8",
    "refcode_4": "",
    "refcode_short": "SR-SG 97.8",
    "refcode_long": "The Story of Redemption -- Study Guide, p. 97.8 (Ellen G. White Estate)",
    "element_type": "p",
    "element_subtype": "standard-indented",
    "content": "16. The creatures came into the ark in perfect order.",
    "puborder": 681,
    "translations": []
  },
  {
    "para_id": "14032.781",
    "id_prev": "14032.780",
    "id_next": "14032.782",
    "refcode_1": "SR-SG",
    "refcode_2": "97",
    "refcode_3": "9",
    "refcode_4": "",
    "refcode_short": "SR-SG 97.9",
    "refcode_long": "The Story of Redemption -- Study Guide, p. 97.9 (Ellen G. White Estate)",
    "element_type": "p",
    "element_subtype": "standard-indented",
    "content": "17. A mist.",
    "puborder": 682,
    "translations": []
  },
  {
    "para_id": "14032.782",
    "id_prev": "14032.781",
    "id_next": "14032.783",
    "refcode_1": "SR-SG",
    "refcode_2": "97",
    "refcode_3": "10",
    "refcode_4": "",
    "refcode_short": "SR-SG 97.10",
    "refcode_long": "The Story of Redemption -- Study Guide, p. 97.10 (Ellen G. White Estate)",
    "element_type": "p",
    "element_subtype": "standard-indented",
    "content": "18. First, works, hands.",
    "puborder": 683,
    "translations": []
  },
  {
    "para_id": "14032.783",
    "id_prev": "14032.782",
    "id_next": "14032.784",
    "refcode_1": "SR-SG",
    "refcode_2": "97",
    "refcode_3": "11",
    "refcode_4": "",
    "refcode_short": "SR-SG 97.11",
    "refcode_long": "The Story of Redemption -- Study Guide, p. 97.11 (Ellen G. White Estate)",
    "element_type": "p",
    "element_subtype": "standard-indented",
    "content": "19. Human beings were being sacrificed.",
    "puborder": 684,
    "translations": []
  },
  {
    "para_id": "14032.784",
    "id_prev": "14032.783",
    "id_next": "14032.785",
    "refcode_1": "SR-SG",
    "refcode_2": "97",
    "refcode_3": "12",
    "refcode_4": "",
    "refcode_short": "SR-SG 97.12",
    "refcode_long": "The Story of Redemption -- Study Guide, p. 97.12 (Ellen G. White Estate)",
    "element_type": "p",
    "element_subtype": "standard-indented",
    "content": "20. On the earth in the midst of the Flood. He feared for his life.",
    "puborder": 685,
    "translations": []
  },
  {
    "para_id": "14032.785",
    "id_prev": "14032.784",
    "id_next": "14032.786",
    "refcode_1": "SR-SG",
    "refcode_2": "97",
    "refcode_3": "13",
    "refcode_4": "",
    "refcode_short": "SR-SG 97.13",
    "refcode_long": "The Story of Redemption -- Study Guide, p. 97.13 (Ellen G. White Estate)",
    "element_type": "p",
    "element_subtype": "standard-indented",
    "content": "21. a. Blasphemed.",
    "puborder": 686,
    "translations": []
  },
  {
    "para_id": "14032.786",
    "id_prev": "14032.785",
    "id_next": "14032.788",
    "refcode_1": "SR-SG",
    "refcode_2": "97",
    "refcode_3": "14",
    "refcode_4": "",
    "refcode_short": "SR-SG 97.14",
    "refcode_long": "The Story of Redemption -- Study Guide, p. 97.14 (Ellen G. White Estate)",
    "element_type": "p",
    "element_subtype": "standard-indented",
    "content": "b. Were frantic with fear.",
    "puborder": 687,
    "translations": []
  }
]