[
  {
    "para_id": "14750.62",
    "id_prev": "14750.61",
    "id_next": "14750.63",
    "refcode_1": "4TC",
    "refcode_2": "12",
    "refcode_3": "",
    "refcode_4": "2",
    "refcode_short": "4TC 12",
    "refcode_long": "The Mission, p. 12 (Ellen Gould White)",
    "element_type": "h4",
    "element_subtype": "",
    "content": "What the Holy Spirit Accomplished",
    "puborder": 42,
    "translations": []
  },
  {
    "para_id": "14750.63",
    "id_prev": "14750.62",
    "id_next": "14750.64",
    "refcode_1": "4TC",
    "refcode_2": "12",
    "refcode_3": "5",
    "refcode_4": "",
    "refcode_short": "4TC 12.5",
    "refcode_long": "The Mission, p. 12.5 (Ellen Gould White)",
    "element_type": "p",
    "element_subtype": "standard-indented",
    "content": "These words were wonderfully fulfilled. After the Spirit&rsquo;s arrival, the disciples were so filled with love that hearts were melted by the words they spoke and the prayers they offered. Under the influence of the Spirit, thousands were converted.",
    "puborder": 43,
    "translations": []
  },
  {
    "para_id": "14750.64",
    "id_prev": "14750.63",
    "id_next": "14750.67",
    "refcode_1": "4TC",
    "refcode_2": "12",
    "refcode_3": "6",
    "refcode_4": "",
    "refcode_short": "4TC 12.6",
    "refcode_long": "The Mission, p. 12.6 (Ellen Gould White)",
    "element_type": "p",
    "element_subtype": "standard-indented",
    "content": "As Christ&rsquo;s representatives the apostles were to make a clear impression on the world. Their words of courage and trust would <span class=\"page-break\" data-page=\"13\"></span> assure everyone that they were not working in their own power but in the power of Christ. They would declare that He whom the Jews had crucified was the Prince of life and that in His name they did the works that He had done.",
    "puborder": 44,
    "translations": []
  },
  {
    "para_id": "14750.67",
    "id_prev": "14750.64",
    "id_next": "14750.68",
    "refcode_1": "4TC",
    "refcode_2": "13",
    "refcode_3": "1",
    "refcode_4": "",
    "refcode_short": "4TC 13.1",
    "refcode_long": "The Mission, p. 13.1 (Ellen Gould White)",
    "element_type": "p",
    "element_subtype": "standard-indented",
    "content": "On the night before the crucifixion the Savior did not speak of the suffering He had endured and must yet endure. He tried to strengthen their faith, leading them to look forward to the joys that are in store for the overcomer. He would do more for His followers than He had promised. From Him would flow love and compassion, making people like Him in character. Armed with the power of the Spirit, His truth would go forward conquering and to conquer.",
    "puborder": 45,
    "translations": []
  },
  {
    "para_id": "14750.68",
    "id_prev": "14750.67",
    "id_next": "14750.69",
    "refcode_1": "4TC",
    "refcode_2": "13",
    "refcode_3": "2",
    "refcode_4": "",
    "refcode_short": "4TC 13.2",
    "refcode_long": "The Mission, p. 13.2 (Ellen Gould White)",
    "element_type": "p",
    "element_subtype": "standard-indented",
    "content": "Christ did not fail, neither was He discouraged, and the disciples were to show the same kind of faith. They were to work as He worked. By His grace they were to go forward, never despairing, and hoping for everything.",
    "puborder": 46,
    "translations": []
  },
  {
    "para_id": "14750.69",
    "id_prev": "14750.68",
    "id_next": "14750.71",
    "refcode_1": "4TC",
    "refcode_2": "13",
    "refcode_3": "3",
    "refcode_4": "",
    "refcode_short": "4TC 13.3",
    "refcode_long": "The Mission, p. 13.3 (Ellen Gould White)",
    "element_type": "p",
    "element_subtype": "standard-indented",
    "content": "Christ had finished the work God had given Him. He had gathered out those who were to continue His work. And He said: &ldquo;I do not pray for these alone, but also for those who will believe on Me through their word; that they all may be one, ... that the world may know that You have sent Me, and have loved them as You have loved Me&rdquo; (<span class=\"egwlink egwlink_bible\" title=\"John 17:20\" data-link=\"1965.54618\">John 17:20-23</span>).",
    "puborder": 47,
    "translations": []
  }
]