[
  {
    "para_id": "14750.1109",
    "id_prev": "14750.1107",
    "id_next": "14750.2148",
    "refcode_1": "4TC",
    "refcode_2": "161",
    "refcode_3": "",
    "refcode_4": "30",
    "refcode_short": "4TC 161",
    "refcode_long": "The Mission, p. 161 (Ellen Gould White)",
    "element_type": "h3",
    "element_subtype": "",
    "content": "Paul Strengthens the Church for All Time",
    "puborder": 877,
    "translations": []
  },
  {
    "para_id": "14750.2148",
    "id_prev": "14750.1109",
    "id_next": "14750.1110",
    "refcode_1": "4TC",
    "refcode_2": "161",
    "refcode_3": "1",
    "refcode_4": "",
    "refcode_short": "4TC 161.1",
    "refcode_long": "The Mission, p. 161.1 (Ellen Gould White)",
    "element_type": "p",
    "element_subtype": "standard-indented",
    "content": "<a href=\"https://media2.egwwritings.org/images/14750/AA30.webp\" alt=\"Paul Strengthens the Church for All Time\" title=\"Paul Strengthens the Church for All Time\" data-link=\"https://egw.bz/go?uri=https%3a%2f%2fmedia2.egwwritings.org%2fimages%2f14750%2fAA30.webp\" class=\"egwlink egwlink_external\">Picture:</a> Paul Strengthens the Church for All Time",
    "puborder": 878,
    "translations": []
  },
  {
    "para_id": "14750.1110",
    "id_prev": "14750.2148",
    "id_next": "14750.1111",
    "refcode_1": "4TC",
    "refcode_2": "161",
    "refcode_3": "",
    "refcode_4": "",
    "refcode_short": "",
    "refcode_long": "",
    "element_type": "p",
    "element_subtype": "bibletext",
    "content": "<span class=\"non-egw-comment\">This chapter is based on <span class=\"egwlink egwlink_bible\" title=\"1 Corinthians 1:1\" data-link=\"1965.57840\">First Corinthians</span>.</span>",
    "puborder": 879,
    "translations": []
  },
  {
    "para_id": "14750.1111",
    "id_prev": "14750.1110",
    "id_next": "14750.1112",
    "refcode_1": "4TC",
    "refcode_2": "161",
    "refcode_3": "2",
    "refcode_4": "",
    "refcode_short": "4TC 161.2",
    "refcode_long": "The Mission, p. 161.2 (Ellen Gould White)",
    "element_type": "p",
    "element_subtype": "standard-indented",
    "content": "Of all the games established among the Greeks and the Romans, the ancient foot races near Corinth were considered the greatest. Kings, nobles, and statesmen were among the spectators. Young men of wealth and high social standing took part, and did not refuse any effort or discipline necessary to win the prize.",
    "puborder": 880,
    "translations": []
  },
  {
    "para_id": "14750.1112",
    "id_prev": "14750.1111",
    "id_next": "14750.1115",
    "refcode_1": "4TC",
    "refcode_2": "161",
    "refcode_3": "3",
    "refcode_4": "",
    "refcode_short": "4TC 161.3",
    "refcode_long": "The Mission, p. 161.3 (Ellen Gould White)",
    "element_type": "p",
    "element_subtype": "standard-indented",
    "content": "Strict regulations governed the contests, and there was no appeal from them. Those who wanted to enter had to endure severe training to prepare. They denied themselves any harmful food or <span class=\"page-break\" data-page=\"162\"></span> drink, or anything that would lower their mental or physical vigor. The muscles must be strong and the nerves well under control. The physical powers must reach the highest level.",
    "puborder": 881,
    "translations": []
  },
  {
    "para_id": "14750.1115",
    "id_prev": "14750.1112",
    "id_next": "14750.1116",
    "refcode_1": "4TC",
    "refcode_2": "162",
    "refcode_3": "1",
    "refcode_4": "",
    "refcode_short": "4TC 162.1",
    "refcode_long": "The Mission, p. 162.1 (Ellen Gould White)",
    "element_type": "p",
    "element_subtype": "standard-indented",
    "content": "As the contestants made their appearance before the waiting crowds, their names were called, and they heard the rules of the race distinctly stated. Then they all started together, with the focused attention of the spectators inspiring them with determination to win. The judges sat near the goal to might watch the race from beginning to end and give the prize to the true winner.",
    "puborder": 882,
    "translations": []
  },
  {
    "para_id": "14750.1116",
    "id_prev": "14750.1115",
    "id_next": "14750.1117",
    "refcode_1": "4TC",
    "refcode_2": "162",
    "refcode_3": "2",
    "refcode_4": "",
    "refcode_short": "4TC 162.2",
    "refcode_long": "The Mission, p. 162.2 (Ellen Gould White)",
    "element_type": "p",
    "element_subtype": "standard-indented",
    "content": "These games involved great risks. Some contestants never recovered from the terrible physical strain. It was not unusual for runners to fall on the course, bleeding at the mouth and nose, and sometimes a contestant would drop dead when about to grasp the prize.",
    "puborder": 883,
    "translations": []
  },
  {
    "para_id": "14750.1117",
    "id_prev": "14750.1116",
    "id_next": "14750.1118",
    "refcode_1": "4TC",
    "refcode_2": "162",
    "refcode_3": "3",
    "refcode_4": "",
    "refcode_short": "4TC 162.3",
    "refcode_long": "The Mission, p. 162.3 (Ellen Gould White)",
    "element_type": "p",
    "element_subtype": "standard-indented",
    "content": "As the winner reached the goal, applause filled the air. The judge presented him with the emblems of victory&mdash;a laurel crown and a palm branch to carry in his hand. People throughout the land sang his praises, his parents received their share of honor, and even the city in which he lived was held in high regard for having produced such a great athlete.",
    "puborder": 884,
    "translations": []
  },
  {
    "para_id": "14750.1118",
    "id_prev": "14750.1117",
    "id_next": "14750.1119",
    "refcode_1": "4TC",
    "refcode_2": "162",
    "refcode_3": "4",
    "refcode_4": "",
    "refcode_short": "4TC 162.4",
    "refcode_long": "The Mission, p. 162.4 (Ellen Gould White)",
    "element_type": "p",
    "element_subtype": "standard-indented",
    "content": "Paul referred to these races as an illustration of the Christian warfare. &ldquo;Athletes,&rdquo; he wrote, &ldquo;exercise self-control in all things&rdquo; (NRSV). The runners put aside every indulgence that would tend to weaken their physical powers. How much more important that Christians bring appetite and passion under the control of reason and the will of God! We must never allow our attention to be turned to amusements, luxuries, or ease. Reason, enlightened by God&rsquo;s Word and guided by His Spirit, must sit at the controls.",
    "puborder": 885,
    "translations": []
  },
  {
    "para_id": "14750.1119",
    "id_prev": "14750.1118",
    "id_next": "14750.1120",
    "refcode_1": "4TC",
    "refcode_2": "162",
    "refcode_3": "5",
    "refcode_4": "",
    "refcode_short": "4TC 162.5",
    "refcode_long": "The Mission, p. 162.5 (Ellen Gould White)",
    "element_type": "p",
    "element_subtype": "standard-indented",
    "content": "In the Corinthian games the contestants made the last few strides of the race with agonizing effort to keep up their full speed. So Christians, as they near the goal, will push onward with even more determination than when they began.",
    "puborder": 886,
    "translations": []
  },
  {
    "para_id": "14750.1120",
    "id_prev": "14750.1119",
    "id_next": "14750.1123",
    "refcode_1": "4TC",
    "refcode_2": "162",
    "refcode_3": "6",
    "refcode_4": "",
    "refcode_short": "4TC 162.6",
    "refcode_long": "The Mission, p. 162.6 (Ellen Gould White)",
    "element_type": "p",
    "element_subtype": "standard-indented",
    "content": "Paul contrasts the fading laurel wreath received in the foot races with the crown of immortal glory that will be given to those who triumph in the Christian race. &ldquo;They do it,&rdquo; he declares, &ldquo;to receive a perishable crown, but we for an imperishable crown.&rdquo; <span class=\"page-break\" data-page=\"163\"></span> The Grecian runners did not hold back any effort or discipline. How much more willing should be our sacrifice and self-denial!",
    "puborder": 887,
    "translations": []
  },
  {
    "para_id": "14750.1123",
    "id_prev": "14750.1120",
    "id_next": "14750.1124",
    "refcode_1": "4TC",
    "refcode_2": "163",
    "refcode_3": "1",
    "refcode_4": "",
    "refcode_short": "4TC 163.1",
    "refcode_long": "The Mission, p. 163.1 (Ellen Gould White)",
    "element_type": "p",
    "element_subtype": "standard-indented",
    "content": "&ldquo;Let us lay aside every weight, and the sin which so easily ensnares us, and let us run with endurance the race that is set before us, looking unto Jesus, the author and finisher of our faith&rdquo; (<span class=\"egwlink egwlink_bible\" title=\"Hebrews 12:1\" data-link=\"1965.61632\">Hebrews 12:1, 2</span>). Envy, hatred, evil-thinking, evil-speaking, covetousness&mdash;these are weights that the Christian must lay aside. We must put away every practice that brings dishonor on Christ, no matter the sacrifice. One sin cherished is enough to degrade our own character and to mislead others.",
    "puborder": 888,
    "translations": []
  },
  {
    "para_id": "14750.1124",
    "id_prev": "14750.1123",
    "id_next": "14750.1125",
    "refcode_1": "4TC",
    "refcode_2": "163",
    "refcode_3": "2",
    "refcode_4": "",
    "refcode_short": "4TC 163.2",
    "refcode_long": "The Mission, p. 163.2 (Ellen Gould White)",
    "element_type": "p",
    "element_subtype": "standard-indented",
    "content": "In the ancient games, after the competitors had submitted to self-denial and rigid discipline, they still were not sure of victory. &ldquo;Do you not know that those who run in a race all run, but one receives the prize?&rdquo; One hand only could grasp the coveted laurel wreath. As some reached out to take hold of the prize, another, an instant before them, might grasp the coveted treasure.",
    "puborder": 889,
    "translations": []
  }
]