[
  {
    "para_id": "14750.882",
    "id_prev": "14750.881",
    "id_next": "14750.883",
    "refcode_1": "4TC",
    "refcode_2": "127",
    "refcode_3": "",
    "refcode_4": "61",
    "refcode_short": "4TC 127",
    "refcode_long": "The Mission, p. 127 (Ellen Gould White)",
    "element_type": "h4",
    "element_subtype": "",
    "content": "Truth to Be Taught Tactfully",
    "puborder": 688,
    "translations": []
  },
  {
    "para_id": "14750.883",
    "id_prev": "14750.882",
    "id_next": "14750.884",
    "refcode_1": "4TC",
    "refcode_2": "127",
    "refcode_3": "2",
    "refcode_4": "",
    "refcode_short": "4TC 127.2",
    "refcode_long": "The Mission, p. 127.2 (Ellen Gould White)",
    "element_type": "p",
    "element_subtype": "standard-indented",
    "content": "If Paul&rsquo;s stirring speech had been a direct attack on the gods and the great men of the city, he would have been in danger of being executed like Socrates. But with a tact that came from divine love, he carefully drew their minds away from heathen gods by revealing the true God to them.",
    "puborder": 689,
    "translations": []
  },
  {
    "para_id": "14750.884",
    "id_prev": "14750.883",
    "id_next": "14750.885",
    "refcode_1": "4TC",
    "refcode_2": "127",
    "refcode_3": "3",
    "refcode_4": "",
    "refcode_short": "4TC 127.3",
    "refcode_long": "The Mission, p. 127.3 (Ellen Gould White)",
    "element_type": "p",
    "element_subtype": "standard-indented",
    "content": "Today the truths of Scripture are to be brought to the attention of the great men of the world, so that they can choose between obedience to God&rsquo;s law and allegiance to the prince of evil. God does not force them to accept truth, but if they turn from it, He leaves them to be filled with the fruit of their own choices.",
    "puborder": 690,
    "translations": []
  },
  {
    "para_id": "14750.885",
    "id_prev": "14750.884",
    "id_next": "14750.886",
    "refcode_1": "4TC",
    "refcode_2": "127",
    "refcode_3": "4",
    "refcode_4": "",
    "refcode_short": "4TC 127.4",
    "refcode_long": "The Mission, p. 127.4 (Ellen Gould White)",
    "element_type": "p",
    "element_subtype": "standard-indented",
    "content": "&ldquo;The message of the cross is foolishness to those who are perishing, but to us who are being saved it is the power of God.&rdquo; &ldquo;God has chosen the foolish things of the world to put to shame the wise, and God has chosen the weak things of the world to confound the things which are mighty&rdquo; (<span class=\"egwlink egwlink_bible\" title=\"1 Corinthians 1:18\" data-link=\"1965.57874\">1 Corinthians 1:18, 27</span>). Many great scholars and statesmen, the world&rsquo;s most eminent people, will turn from the light in these last days. Yet God&rsquo;s servants are to communicate the truth to these men and women. Some will take their places as humble learners at the feet of Jesus, the Master Teacher.",
    "puborder": 691,
    "translations": []
  },
  {
    "para_id": "14750.886",
    "id_prev": "14750.885",
    "id_next": "14750.887",
    "refcode_1": "4TC",
    "refcode_2": "127",
    "refcode_3": "5",
    "refcode_4": "",
    "refcode_short": "4TC 127.5",
    "refcode_long": "The Mission, p. 127.5 (Ellen Gould White)",
    "element_type": "p",
    "element_subtype": "standard-indented",
    "content": "In the darkest hour there is light above. Day by day God will renew the strength of those who love and serve Him. He places His own infinite understanding at their service, so that they will not go wrong. The light of God&rsquo;s truth is to shine amid the darkness that enfolds our world.",
    "puborder": 692,
    "translations": []
  },
  {
    "para_id": "14750.887",
    "id_prev": "14750.886",
    "id_next": "14750.889",
    "refcode_1": "4TC",
    "refcode_2": "127",
    "refcode_3": "6",
    "refcode_4": "",
    "refcode_short": "4TC 127.6",
    "refcode_long": "The Mission, p. 127.6 (Ellen Gould White)",
    "element_type": "p",
    "element_subtype": "standard-indented",
    "content": "There is to be no discouragement in God&rsquo;s service. God is able and willing to give His servants the strength they need, and He will more than fulfill the highest expectations of those who put their trust in Him.",
    "puborder": 693,
    "translations": []
  }
]