[
  {
    "para_id": "14750.942",
    "id_prev": "14750.941",
    "id_next": "14750.943",
    "refcode_1": "4TC",
    "refcode_2": "135",
    "refcode_3": "",
    "refcode_4": "66",
    "refcode_short": "4TC 135",
    "refcode_long": "The Mission, p. 135 (Ellen Gould White)",
    "element_type": "h4",
    "element_subtype": "",
    "content": "Where Are the Dead?",
    "puborder": 740,
    "translations": []
  },
  {
    "para_id": "14750.943",
    "id_prev": "14750.942",
    "id_next": "14750.944",
    "refcode_1": "4TC",
    "refcode_2": "135",
    "refcode_3": "6",
    "refcode_4": "",
    "refcode_short": "4TC 135.6",
    "refcode_long": "The Mission, p. 135.6 (Ellen Gould White)",
    "element_type": "p",
    "element_subtype": "standard-indented",
    "content": "Paul did his best to instruct the Thessalonian believers about the true condition of the dead. He spoke of those who die as being asleep&mdash;in a state of unconsciousness: &ldquo;I do not want you to be ignorant, brethren, concerning those who have fallen asleep, lest you sorrow as others who have no hope. For <span class=\"page-break\" data-page=\"136\"></span> if we believe that Jesus died and rose again, even so God will bring with Him those who sleep in Jesus. ...",
    "puborder": 741,
    "translations": []
  },
  {
    "para_id": "14750.944",
    "id_prev": "14750.943",
    "id_next": "14750.946",
    "refcode_1": "4TC",
    "refcode_2": "136",
    "refcode_3": "1",
    "refcode_4": "",
    "refcode_short": "4TC 136.1",
    "refcode_long": "The Mission, p. 136.1 (Ellen Gould White)",
    "element_type": "p",
    "element_subtype": "standard-indented",
    "content": "&ldquo;For the Lord Himself will descend from heaven with a shout, with the voice of an archangel, and with the trumpet of God. And the dead in Christ will rise first. Then we who are alive and remain shall be caught up together with them in the clouds to meet the Lord in the air. And thus we shall always be with the Lord.&rdquo;",
    "puborder": 742,
    "translations": []
  },
  {
    "para_id": "14750.946",
    "id_prev": "14750.944",
    "id_next": "14750.947",
    "refcode_1": "4TC",
    "refcode_2": "136",
    "refcode_3": "2",
    "refcode_4": "",
    "refcode_short": "4TC 136.2",
    "refcode_long": "The Mission, p. 136.2 (Ellen Gould White)",
    "element_type": "p",
    "element_subtype": "standard-indented",
    "content": "The Thessalonians had grasped the idea that Christ was coming to change the faithful who were alive and to take them to Himself. But one after another of their loved ones had been taken from them, and the Thessalonians hardly dared to hope to meet them in a future life.",
    "puborder": 743,
    "translations": []
  },
  {
    "para_id": "14750.947",
    "id_prev": "14750.946",
    "id_next": "14750.948",
    "refcode_1": "4TC",
    "refcode_2": "136",
    "refcode_3": "3",
    "refcode_4": "",
    "refcode_short": "4TC 136.3",
    "refcode_long": "The Mission, p. 136.3 (Ellen Gould White)",
    "element_type": "p",
    "element_subtype": "standard-indented",
    "content": "As the believers opened and read Paul&rsquo;s letter, the words revealing the true condition of the dead brought them great joy and comfort. Those living when Christ comes would not go to meet their Lord ahead of those who had fallen asleep in Jesus. The dead in Christ will rise first, before the touch of immortality will be given to the living. &ldquo;Therefore comfort one another with these words.&rdquo;",
    "puborder": 744,
    "translations": []
  },
  {
    "para_id": "14750.948",
    "id_prev": "14750.947",
    "id_next": "14750.949",
    "refcode_1": "4TC",
    "refcode_2": "136",
    "refcode_3": "4",
    "refcode_4": "",
    "refcode_short": "4TC 136.4",
    "refcode_long": "The Mission, p. 136.4 (Ellen Gould White)",
    "element_type": "p",
    "element_subtype": "standard-indented",
    "content": "We can scarcely appreciate the hope and joy that this assurance brought the young church at Thessalonica. They cherished the letter that their father in the gospel sent them, and their hearts went out in love to him. He had told them these things before, but at that time their minds were trying to grasp doctrines that seemed new and strange. Paul&rsquo;s letter gave them new hope and a deeper affection for Jesus, who through His death had brought life and immortality to light. Their friends who believed in Jesus would be raised from the grave to live forever in God&rsquo;s kingdom. Paul&rsquo;s message dispelled the darkness that had shrouded the resting place of the dead. A new splendor crowned the Christian faith.",
    "puborder": 745,
    "translations": []
  },
  {
    "para_id": "14750.949",
    "id_prev": "14750.948",
    "id_next": "14750.950",
    "refcode_1": "4TC",
    "refcode_2": "136",
    "refcode_3": "5",
    "refcode_4": "",
    "refcode_short": "4TC 136.5",
    "refcode_long": "The Mission, p. 136.5 (Ellen Gould White)",
    "element_type": "p",
    "element_subtype": "standard-indented",
    "content": "&ldquo;God will bring with Him those who sleep in Jesus,&rdquo; Paul wrote. Many interpret this to mean that Jesus will bring the sleeping ones from heaven, but Paul meant that as Christ was raised from the dead, so God will call the sleeping redeemed from their graves.",
    "puborder": 746,
    "translations": []
  }
]