[
  {
    "para_id": "386.223",
    "id_prev": "386.222",
    "id_next": "386.224",
    "refcode_1": "NL",
    "refcode_2": "41",
    "refcode_3": "",
    "refcode_4": "37",
    "refcode_short": "NL 41",
    "refcode_long": "A New Life (Revival and Beyond), p. 41 (Ellen Gould White)",
    "element_type": "h4",
    "element_subtype": "",
    "content": "Peter&apos;s Problem",
    "puborder": 158,
    "translations": [
      {
        "para_id": "794.239",
        "lang": "de",
        "refcode": "EWD 46"
      },
      {
        "para_id": "1857.244",
        "lang": "es",
        "refcode": "RAM 41"
      },
      {
        "para_id": "1932.250",
        "lang": "pt",
        "refcode": "RR 25"
      }
    ]
  },
  {
    "para_id": "386.224",
    "id_prev": "386.223",
    "id_next": "386.226",
    "refcode_1": "NL",
    "refcode_2": "41",
    "refcode_3": "4",
    "refcode_4": "",
    "refcode_short": "NL 41.4",
    "refcode_long": "A New Life (Revival and Beyond), p. 41.4 (Ellen Gould White)",
    "element_type": "p",
    "element_subtype": "standard-indented",
    "content": "The evil that led to Peter&apos;s fall [in denying Christ at His trial] ... is proving the ruin of thousands today. There is nothing so offensive to God or so dangerous to the human soul as pride and self-sufficiency. Of all sins it is the most hopeless, the most incurable.",
    "puborder": 159,
    "translations": [
      {
        "para_id": "794.240",
        "lang": "de",
        "refcode": "EWD 46.5"
      },
      {
        "para_id": "1857.245",
        "lang": "es",
        "refcode": "RAM 41.4"
      },
      {
        "para_id": "1932.251",
        "lang": "pt",
        "refcode": "RR 25.5"
      }
    ]
  },
  {
    "para_id": "386.226",
    "id_prev": "386.224",
    "id_next": "386.227",
    "refcode_1": "NL",
    "refcode_2": "42",
    "refcode_3": "1",
    "refcode_4": "",
    "refcode_short": "NL 42.1",
    "refcode_long": "A New Life (Revival and Beyond), p. 42.1 (Ellen Gould White)",
    "element_type": "p",
    "element_subtype": "standard-indented",
    "content": "Peter&apos;s fall was not instantaneous, but gradual. Self-confidence led him to the belief that he was saved, and step after step was taken in the downward path, until he could deny his Master. Never can we safely put confidence in self or feel, this side of heaven, that we are secure against temptation. Those who accept the Saviour, however sincere their conversion, should never be taught to say or to feel that they are saved. [<span class=\"non-egw-note\">Note: It is the privilege of the Christian to know that on his acceptance of Christ he is saved from his sins and can rejoice in this salvation. But neither the Scriptures nor the Spirit of Prophecy writings supports the popular teaching: &ldquo;Once saved, always saved.&rdquo; A person may be saved today, but failing to keep his eyes on Jesus and to grow daily in Him, may become self-confident and be lost tomorrow. The apostle Paul declared, &ldquo;I die daily.&rdquo; In a sense, conversion is a daily experience</span>.",
    "puborder": 160,
    "translations": [
      {
        "para_id": "794.243",
        "lang": "de",
        "refcode": "EWD 47.1"
      },
      {
        "para_id": "1857.246",
        "lang": "es",
        "refcode": "RAM 41.5"
      },
      {
        "para_id": "1932.254",
        "lang": "pt",
        "refcode": "RR 25.6"
      }
    ]
  },
  {
    "para_id": "386.227",
    "id_prev": "386.226",
    "id_next": "386.228",
    "refcode_1": "NL",
    "refcode_2": "42",
    "refcode_3": "",
    "refcode_4": "",
    "refcode_short": "",
    "refcode_long": "",
    "element_type": "p",
    "element_subtype": "standard-indented",
    "content": "<span class=\"non-egw-note\">Study carefully the warning drawn from the lesson in Peter&apos;s life. Read it in its full context and in conjunction with the similar statement that follows. You will find the perplexing passage to be self-explanatory. Our Lord would have each Christian rejoice freely in his salvation, the salvation he enjoys daily. And when asked, &ldquo;Are you saved?&rdquo; He can with assurance answer yes. He will explain that this experience is one that results in constant dependence on God and in daily Christian growth.&mdash;White Trustees.</span>] This is misleading. Every one should be taught to cherish hope and faith; but even when we give ourselves to Christ and know that He accepts us, we are not beyond the reach of temptation. God&apos;s Word declares, &ldquo;Many shall be purified, and made white, and tried&rdquo; (<span class=\"egwlink egwlink_bible\" title=\"Daniel 12:10\" data-link=\"1965.45074\">Daniel 12:10</span>). Only he who endures the trial will receive the crown of life (<span class=\"egwlink egwlink_bible\" title=\"James 1:12\" data-link=\"1965.61765\">James 1:12</span>).",
    "puborder": 161,
    "translations": [
      {
        "para_id": "794.243",
        "lang": "de",
        "refcode": "EWD 47.1"
      },
      {
        "para_id": "1857.246",
        "lang": "es",
        "refcode": "RAM 41.5"
      }
    ]
  },
  {
    "para_id": "386.228",
    "id_prev": "386.227",
    "id_next": "386.229",
    "refcode_1": "NL",
    "refcode_2": "42",
    "refcode_3": "2",
    "refcode_4": "",
    "refcode_short": "NL 42.2",
    "refcode_long": "A New Life (Revival and Beyond), p. 42.2 (Ellen Gould White)",
    "element_type": "p",
    "element_subtype": "standard-indented",
    "content": "Those who accept Christ, and in their first confidence say, I am saved, are in danger of trusting to themselves. They lose sight of their own weakness and their constant need of divine strength. They are unprepared for Satan&apos;s devices, and under temptation many, like Peter, fall into the very depths of sin. We are admonished, &ldquo;Let him that thinketh he standeth, take heed lest he fall&rdquo; (<span class=\"egwlink egwlink_bible\" title=\"1 Corinthians 10:12\" data-link=\"1965.58279\">1 Corinthians 10:12</span>). Our only safety is in constant distrust of self, and dependence on Christ. [<span class=\"egwlink egwlink_book\" title=\"COL 154.1\" data-link=\"15.635\">Christ&apos;s Object Lessons, 154, 155</span>.]",
    "puborder": 162,
    "translations": [
      {
        "para_id": "794.244",
        "lang": "de",
        "refcode": "EWD 47.2"
      },
      {
        "para_id": "1857.249",
        "lang": "es",
        "refcode": "RAM 42.1"
      },
      {
        "para_id": "1932.257",
        "lang": "pt",
        "refcode": "RR 26.1"
      }
    ]
  }
]