[
  {
    "para_id": "1453.2",
    "id_prev": null,
    "id_next": "1453.3",
    "refcode_1": "FEE",
    "refcode_2": "2",
    "refcode_3": "",
    "refcode_4": "",
    "refcode_short": "FEE 2",
    "refcode_long": "From Eden to Eden, p. 2 (Joseph Harvey Waggoner)",
    "element_type": "h1",
    "element_subtype": "",
    "content": "From Eden to Eden",
    "puborder": 1,
    "translations": []
  },
  {
    "para_id": "1453.3",
    "id_prev": "1453.2",
    "id_next": "1453.4",
    "refcode_1": "FEE",
    "refcode_2": "2",
    "refcode_3": "",
    "refcode_4": "",
    "refcode_short": "",
    "refcode_long": "",
    "element_type": "p",
    "element_subtype": "center",
    "content": "<strong>A Historic and Prophetic Study.</strong>",
    "puborder": 2,
    "translations": []
  },
  {
    "para_id": "1453.4",
    "id_prev": "1453.3",
    "id_next": "1453.5",
    "refcode_1": "FEE",
    "refcode_2": "2",
    "refcode_3": "",
    "refcode_4": "",
    "refcode_short": "",
    "refcode_long": "",
    "element_type": "p",
    "element_subtype": "center",
    "content": "<strong>By J. H. Waggoner.</strong>",
    "puborder": 3,
    "translations": []
  },
  {
    "para_id": "1453.5",
    "id_prev": "1453.4",
    "id_next": "1453.6",
    "refcode_1": "FEE",
    "refcode_2": "2",
    "refcode_3": "",
    "refcode_4": "",
    "refcode_short": "",
    "refcode_long": "",
    "element_type": "p",
    "element_subtype": "center",
    "content": "<strong>Entered according to Act of Congress in the year 1890, by\n<br />PACIFIC PRESS PUBLISHING CO.,</strong>",
    "puborder": 4,
    "translations": []
  },
  {
    "para_id": "1453.6",
    "id_prev": "1453.5",
    "id_next": "1453.7",
    "refcode_1": "FEE",
    "refcode_2": "2",
    "refcode_3": "",
    "refcode_4": "",
    "refcode_short": "",
    "refcode_long": "",
    "element_type": "p",
    "element_subtype": "center",
    "content": "<strong>In the office of the Librarian of Congress, Washington, D. C.</strong>",
    "puborder": 5,
    "translations": []
  },
  {
    "para_id": "1453.7",
    "id_prev": "1453.6",
    "id_next": "1453.8",
    "refcode_1": "FEE",
    "refcode_2": "2",
    "refcode_3": "",
    "refcode_4": "",
    "refcode_short": "",
    "refcode_long": "",
    "element_type": "p",
    "element_subtype": "center",
    "content": "<strong>ALL RIGHTS RESERVED.</strong>",
    "puborder": 6,
    "translations": []
  }
]