[
  {
    "para_id": "1425.4",
    "id_prev": "1425.3",
    "id_next": "1425.5",
    "refcode_1": "WWNC",
    "refcode_2": "1",
    "refcode_3": "",
    "refcode_4": "",
    "refcode_short": "WWNC 1",
    "refcode_long": "What Was Nailed to the Cross?, p. 1 (Uriah Smith)",
    "element_type": "h3",
    "element_subtype": "",
    "content": "AN EXPOSITION OF <span class=\"egwlink egwlink_bible\" title=\"Colossians 2:14\" data-link=\"1965.60179\">Colossians 2:14-17</span>",
    "puborder": 3,
    "translations": []
  },
  {
    "para_id": "1425.5",
    "id_prev": "1425.4",
    "id_next": "1425.6",
    "refcode_1": "WWNC",
    "refcode_2": "1",
    "refcode_3": "1",
    "refcode_4": "",
    "refcode_short": "WWNC 1.1",
    "refcode_long": "What Was Nailed to the Cross?, p. 1.1 (Uriah Smith)",
    "element_type": "p",
    "element_subtype": "standard-indented",
    "content": "&ldquo;BLOTTING out the handwriting of ordinances that was against us, which was contrary to us, and took it out of the way, nailing it to his cross.... Let no man therefore judge you in meat, or drink, or in respect of a holy-day, or of the new moon, or of the sabbath days: which are a shadow of things to come; but the body is of Christ.&rdquo;",
    "puborder": 4,
    "translations": []
  },
  {
    "para_id": "1425.6",
    "id_prev": "1425.5",
    "id_next": "1425.7",
    "refcode_1": "WWNC",
    "refcode_2": "1",
    "refcode_3": "2",
    "refcode_4": "",
    "refcode_short": "WWNC 1.2",
    "refcode_long": "What Was Nailed to the Cross?, p. 1.2 (Uriah Smith)",
    "element_type": "p",
    "element_subtype": "standard-indented",
    "content": "There was a law consisting of just ten commandments, spoken by the voice of God from the summit of Sinai. This law, and no more, God wrote with his own finger upon the tables of stone. This he caused to be deposited by itself in the ark prepared expressly for its reception. This code of ten commandments, he himself calls &ldquo;a law.&rdquo; He said to Moses (<span class=\"egwlink egwlink_bible\" title=\"Exodus 24:12\" data-link=\"1965.4457\">Exodus 24:12</span>), &ldquo;Come up to me into the mount, and be there: and I will give thee tables of stone, and a law, and commandments which I have written; that thou mayest teach them.&rdquo;",
    "puborder": 5,
    "translations": []
  },
  {
    "para_id": "1425.7",
    "id_prev": "1425.6",
    "id_next": "1425.10",
    "refcode_1": "WWNC",
    "refcode_2": "1",
    "refcode_3": "3",
    "refcode_4": "",
    "refcode_short": "WWNC 1.3",
    "refcode_long": "What Was Nailed to the Cross?, p. 1.3 (Uriah Smith)",
    "element_type": "p",
    "element_subtype": "standard-indented",
    "content": "God wrote nothing but the ten commandments. These alone were written upon the tables; to these the terms <em>law</em> and <em>commandments</em> are both applied. By these circumstances and peculiarities they are sharply distinguished and set apart from all other injunctions and obligations. By these they are shown to belong, in a degree and a sense not common to any other requirements, to the Most High. They are pre-eminently &ldquo;the law of God,&rdquo; and &ldquo;the commandments of God.&rdquo; These constitute that New Testament law by which is &ldquo;the knowledge of sin&rdquo; (<span class=\"egwlink egwlink_bible\" title=\"Romans 3:20\" data-link=\"1965.57119\">Romans 3:20</span>), without which &ldquo;there is no transgression&rdquo; nor imputation of sin (<span class=\"egwlink egwlink_bible\" title=\"Romans 4:15\" data-link=\"1965.57172\">Romans 4:15</span>; <span class=\"egwlink egwlink_bible\" title=\"Romans 5:13\" data-link=\"1965.57219\">5:13</span>), <span class=\"page-break\" data-page=\"2\"></span> and the transgression of which is sin. <span class=\"egwlink egwlink_bible\" title=\"1 John 3:4\" data-link=\"1965.62393\">1 John 3:4</span>. These constitute &ldquo;his [God&rsquo;s] commandments,&rdquo; the keeping of which is &ldquo;the whole duty of man,&rdquo; and by which every work shall be tested in the judgment (<span class=\"egwlink egwlink_bible\" title=\"Ecclesiastes 12:13\" data-link=\"1965.35767\">Ecclesiastes 12:13, 14</span>); and they compose the &ldquo;royal law&rdquo; and the &ldquo;law of liberty&rdquo; by which James declares we shall be judged at last. <span class=\"egwlink egwlink_bible\" title=\"James 2:8\" data-link=\"1965.61812\">James 2:8, 12</span>. They are the &ldquo;commandments of God&rdquo; to which the third message of <span class=\"egwlink egwlink_bible\" title=\"Revelation 14:1\" data-link=\"1965.63104\">Revelation 14</span> brings us, in connection with &ldquo;the faith of Jesus,&rdquo; which includes all the teaching and precepts of Christ and his apostles in the New Testament. <span class=\"egwlink egwlink_bible\" title=\"Revelation 14:12\" data-link=\"1965.63126\">Revelation 14:12</span>. They constitute that law which God declared that his Son would &ldquo;magnify&rdquo; and make &ldquo;honorable&rdquo; (<span class=\"egwlink egwlink_bible\" title=\"Isaiah 42:21\" data-link=\"1965.37749\">Isaiah 42:21</span>), which he speaks of as &ldquo;my law,&rdquo; and declared that he would write it under the new covenant in the hearts of his people (<span class=\"egwlink egwlink_bible\" title=\"Jeremiah 31:33\" data-link=\"1965.40251\">Jeremiah 31:33</span>; <span class=\"egwlink egwlink_bible\" title=\"Hebrews 8:10\" data-link=\"1965.61406\">Hebrews 8:10</span>) &mdash; the &ldquo;his [God&rsquo;s] commandments&rdquo; which those will be found keeping who will be summoned at last to enter through the gates into the city of the New Jerusalem. <span class=\"egwlink egwlink_bible\" title=\"Revelation 22:14\" data-link=\"1965.63446\">Revelation 22:14</span>.",
    "puborder": 6,
    "translations": []
  },
  {
    "para_id": "1425.10",
    "id_prev": "1425.7",
    "id_next": "1425.11",
    "refcode_1": "WWNC",
    "refcode_2": "2",
    "refcode_3": "1",
    "refcode_4": "",
    "refcode_short": "WWNC 2.1",
    "refcode_long": "What Was Nailed to the Cross?, p. 2.1 (Uriah Smith)",
    "element_type": "p",
    "element_subtype": "standard-indented",
    "content": "There was another law communicated privately to Moses, and written by him in a book, called &ldquo;the book of the law,&rdquo; which consisted of instructions in regard to meats, drink, feast-days, divers washings, and carnal ordinances, and which was deposited, not in the ark, but by its side. The difference between them in this respect was this: The ten commandments lay in unapproachable majesty inside the golden ark, deep graven by the finger of Deity himself in the imperishable agate of the mountains; the law of types and ceremonies lay outside the ark, written with ink, by human hands, on the perishable parchment.",
    "puborder": 7,
    "translations": []
  },
  {
    "para_id": "1425.11",
    "id_prev": "1425.10",
    "id_next": "1425.14",
    "refcode_1": "WWNC",
    "refcode_2": "2",
    "refcode_3": "2",
    "refcode_4": "",
    "refcode_short": "WWNC 2.2",
    "refcode_long": "What Was Nailed to the Cross?, p. 2.2 (Uriah Smith)",
    "element_type": "p",
    "element_subtype": "standard-indented",
    "content": "We call the one &ldquo;the moral law,&rdquo; because it related to moral duties alone; the other we call &ldquo;the ceremonial law,&rdquo; because it related wholly to ceremonial observances. It is not claimed that the terms <em>moral law</em> and <em>ceremonial law</em> are found in the Scriptures; but they are convenient terms to express distinctions which the Scriptures clearly teach. The Scriptures do not use the words <em>probation, prophetic, millennial, moral, mental, physical</em>, and a host of other terms which <span class=\"page-break\" data-page=\"3\"></span> are exceedingly convenient to express distinctions recognized in the Bible, and to which no one objects.",
    "puborder": 8,
    "translations": []
  },
  {
    "para_id": "1425.14",
    "id_prev": "1425.11",
    "id_next": "1425.15",
    "refcode_1": "WWNC",
    "refcode_2": "3",
    "refcode_3": "1",
    "refcode_4": "",
    "refcode_short": "WWNC 3.1",
    "refcode_long": "What Was Nailed to the Cross?, p. 3.1 (Uriah Smith)",
    "element_type": "p",
    "element_subtype": "standard-indented",
    "content": "We say that <span class=\"egwlink egwlink_bible\" title=\"Colossians 2:14\" data-link=\"1965.60179\">Colossians 2:14-17</span> refers exclusively to the ceremonial law, having to the moral law not the remotest allusion whatever. And he who endeavors to hide behind this scripture as his defense for the neglect or violation of any moral duties, will stand at last in the judgment ashamed of his folly and speechless in his condemnation.",
    "puborder": 9,
    "translations": []
  },
  {
    "para_id": "1425.15",
    "id_prev": "1425.14",
    "id_next": "1425.16",
    "refcode_1": "WWNC",
    "refcode_2": "3",
    "refcode_3": "2",
    "refcode_4": "",
    "refcode_short": "WWNC 3.2",
    "refcode_long": "What Was Nailed to the Cross?, p. 3.2 (Uriah Smith)",
    "element_type": "p",
    "element_subtype": "standard-indented",
    "content": "In studying <span class=\"egwlink egwlink_bible\" title=\"Colossians 2:14\" data-link=\"1965.60179\">Colossians 2:14-17</span>, we ought to pay some regard to the consistency of the figures which the apostle uses, lest we represent him as a simpleton in spite of his inspiration. It is first to be noticed that the subject of the apostle&rsquo;s remark is the &ldquo;handwriting of ordinances.&rdquo; This expression will not apply in any sense to the ten commandments; for no abuse of language can be carried far enough to allow us to call them a &ldquo;handwriting;&rdquo; and they contained not a singe &ldquo;ordinance,&rdquo; or ceremony. The &ldquo;handwriting of ordinances&rdquo; is not the ten commandments.",
    "puborder": 10,
    "translations": []
  },
  {
    "para_id": "1425.16",
    "id_prev": "1425.15",
    "id_next": "1425.17",
    "refcode_1": "WWNC",
    "refcode_2": "3",
    "refcode_3": "3",
    "refcode_4": "",
    "refcode_short": "WWNC 3.3",
    "refcode_long": "What Was Nailed to the Cross?, p. 3.3 (Uriah Smith)",
    "element_type": "p",
    "element_subtype": "standard-indented",
    "content": "The apostle further says that this &ldquo;handwriting&rdquo; was &ldquo;blotted out.&rdquo; That only can be blotted out with the ink and pen of the scribe, which has been written by the hand of the scribe. That which is engraved in stone might be brushed over and discolored with ink; but the engraving would be there in all its distinctness still; it could not in any sense be &ldquo;blotted out,&rdquo; and it would be utterly inconsistent to apply that term to it.",
    "puborder": 11,
    "translations": []
  },
  {
    "para_id": "1425.17",
    "id_prev": "1425.16",
    "id_next": "1425.19",
    "refcode_1": "WWNC",
    "refcode_2": "3",
    "refcode_3": "4",
    "refcode_4": "",
    "refcode_short": "WWNC 3.4",
    "refcode_long": "What Was Nailed to the Cross?, p. 3.4 (Uriah Smith)",
    "element_type": "p",
    "element_subtype": "standard-indented",
    "content": "The apostle continues that this handwriting was &ldquo;nailed to the cross.&rdquo; If we attempt to apply this to the ten commandments, we involve the astute and logical Paul in the absurdity of talking about nailing up tables of stone. Against such an idea there are two objections: 1. That which was designed ever to be annulled by being nailed up after the ancient manner of parchment laws, would not have been put upon such material as stone, in the first place; and, 2. Having been engraved on stone, the proper way to annul them, if they had to be annulled, would be to break the stone tablets, not to try the absurd and impossible feat of nailing them up.",
    "puborder": 12,
    "translations": []
  },
  {
    "para_id": "1425.19",
    "id_prev": "1425.17",
    "id_next": "1425.20",
    "refcode_1": "WWNC",
    "refcode_2": "4",
    "refcode_3": "1",
    "refcode_4": "",
    "refcode_short": "WWNC 4.1",
    "refcode_long": "What Was Nailed to the Cross?, p. 4.1 (Uriah Smith)",
    "element_type": "p",
    "element_subtype": "standard-indented",
    "content": "The figure of blotting out and nailing up the laws written by men upon parchment, as applied to what Christ accomplished by his death upon the cross, is at once consistent and forcible. Christ was nailed to the cross. In him all offerings met their antitype, all shadows their substance. They were there nailed in him to the cross. Men could look upon him and say, Here is the great sacrifice which supersedes all typical offerings. The laws for these are now no longer in force; they are nailed with him to the cross.",
    "puborder": 13,
    "translations": []
  },
  {
    "para_id": "1425.20",
    "id_prev": "1425.19",
    "id_next": "1425.21",
    "refcode_1": "WWNC",
    "refcode_2": "4",
    "refcode_3": "2",
    "refcode_4": "",
    "refcode_short": "WWNC 4.2",
    "refcode_long": "What Was Nailed to the Cross?, p. 4.2 (Uriah Smith)",
    "element_type": "p",
    "element_subtype": "standard-indented",
    "content": "But suppose we try to consider that the tables of stone were also there, in him, nailed to the cross; in what respect was he the antitype of them? In what respect were they the shadows and he the substance? Could men look upon him and say, Now, to-night I will plunge a dagger into the heart of my enemy; for the law, &ldquo;Thou shalt not kill,&rdquo; is there in Christ nailed to the cross, and is no longer binding?",
    "puborder": 14,
    "translations": []
  },
  {
    "para_id": "1425.21",
    "id_prev": "1425.20",
    "id_next": "1425.24",
    "refcode_1": "WWNC",
    "refcode_2": "4",
    "refcode_3": "3",
    "refcode_4": "",
    "refcode_short": "WWNC 4.3",
    "refcode_long": "What Was Nailed to the Cross?, p. 4.3 (Uriah Smith)",
    "element_type": "p",
    "element_subtype": "standard-indented",
    "content": "But, says the objector, if the book of the law was nailed to the cross, then the ten commandments were nailed to the cross; for they were all in that book, word for word; and the doing away of the book did them away also. Whoever makes such an assertion, has certainly been very heedless in his reading of the book. It is not true. The ten commandments nowhere appear in the books of Moses in legislative form; that is, in a form to drive their authority in any degree from the book. They are but once recorded in set form, as God spoke them, and that is in <span class=\"egwlink egwlink_bible\" title=\"Exodus 20:3\" data-link=\"1965.4183\">Exodus 20:3-17</span>. And this is historical and not legislative; it is simply a narrative that God did come down and give that law from Sinai with his own voice; but the law derived no authority from this narrative. Its authority rested upon the fact that it had been spoken by God, and written with his finger upon the tables of stone, and deposited in the holiest spot of the most holy place of the sanctuary. And though every copy of the book containing this narrative had been destroyed and put out of existence, it would not have affected in the least the fact of the promulgation of that law, nor have touched the tables containing the legislative transcript of the same. What is <span class=\"page-break\" data-page=\"5\"></span> here stated will apply also to Moses&rsquo; rehearsal and paraphrase of the law forty years later, as recorded in <span class=\"egwlink egwlink_bible\" title=\"Deuteronomy 5:6\" data-link=\"1965.10284\">Deuteronomy 5:6-21</span>.",
    "puborder": 15,
    "translations": []
  },
  {
    "para_id": "1425.24",
    "id_prev": "1425.21",
    "id_next": "1425.25",
    "refcode_1": "WWNC",
    "refcode_2": "5",
    "refcode_3": "1",
    "refcode_4": "",
    "refcode_short": "WWNC 5.1",
    "refcode_long": "What Was Nailed to the Cross?, p. 5.1 (Uriah Smith)",
    "element_type": "p",
    "element_subtype": "standard-indented",
    "content": "With the law of Moses it was not so. That was promulgated through the book, and its authority was derived from that record. It had no position elsewhere, and when that handwriting was nailed to the cross, nothing of it longer remained.",
    "puborder": 16,
    "translations": []
  },
  {
    "para_id": "1425.25",
    "id_prev": "1425.24",
    "id_next": "1425.26",
    "refcode_1": "WWNC",
    "refcode_2": "5",
    "refcode_3": "2",
    "refcode_4": "",
    "refcode_short": "WWNC 5.2",
    "refcode_long": "What Was Nailed to the Cross?, p. 5.2 (Uriah Smith)",
    "element_type": "p",
    "element_subtype": "standard-indented",
    "content": "Having thus noticed some of the general principles involved in the question treated of in <span class=\"egwlink egwlink_bible\" title=\"Colossians 2:14\" data-link=\"1965.60179\">Colossians 2:14-17</span>, we come now to be &ldquo;against&rdquo; us, &ldquo;contrary to&rdquo; us, &ldquo;blotted out,&rdquo; and &ldquo;nailed to the cross.&rdquo; These are meats, drinks, holy-days, new moons, and sabbath days, or sabbaths; for in consequence of the &ldquo;blotting out&rdquo; previously mentioned, no one is to judge us with reference to these things.",
    "puborder": 17,
    "translations": []
  },
  {
    "para_id": "1425.26",
    "id_prev": "1425.25",
    "id_next": "1425.29",
    "refcode_1": "WWNC",
    "refcode_2": "5",
    "refcode_3": "3",
    "refcode_4": "",
    "refcode_short": "WWNC 5.3",
    "refcode_long": "What Was Nailed to the Cross?, p. 5.3 (Uriah Smith)",
    "element_type": "p",
    "element_subtype": "standard-indented",
    "content": "Respecting the meats, drinks, holy-days (feast-days,) and new moons, there is no difference of opinion &mdash; all agree that they belonged to the Jewish system, and with that passed away. The sabbaths there mentioned is the point around which the opposing forces rally, and on which the controversy centers. The object of the no-Sabbath and Sunday people being to include the weekly Sabbath in the catalogue of the things done away, various claims are at once set up. One says that &ldquo;there was but one system before Christ; it was an inseparable whole; it was all Jewish, and therefore all done away.&rdquo; Another says, &ldquo;No, this does not embrace all that existed before Christ; there were some things which did not belong to the &lsquo;handwriting of ordinances,&rsquo; and which are not therefore done away; and the Jews had yearly sabbaths distinct from the weekly Sabbath; but then, the term <em>sabbaths</em> must include all sabbaths, of whatever kind; hence the weekly Sabbath is embraced in the term, and has been done away with the others.&rdquo; Another asserts that &ldquo;the term cannot refer to any ceremonial sabbaths of the Jews, because they had no annual festivals which could properly be called &lsquo;sabbaths;&rsquo; that the word <em>sabbaton</em> used in <span class=\"egwlink egwlink_bible\" title=\"Colossians 2:16\" data-link=\"1965.60183\">Colossians 2:16</span>, is the one always used to designate the weekly Sabbath; and therefore <span class=\"page-break\" data-page=\"6\"></span> the word there must refer to the weekly Sabbath, and that alone, all the Jewish festivals being included in the word <em>holy-day</em> (or feast-day) used just before.&rdquo;",
    "puborder": 18,
    "translations": []
  },
  {
    "para_id": "1425.29",
    "id_prev": "1425.26",
    "id_next": "1425.30",
    "refcode_1": "WWNC",
    "refcode_2": "6",
    "refcode_3": "1",
    "refcode_4": "",
    "refcode_short": "WWNC 6.1",
    "refcode_long": "What Was Nailed to the Cross?, p. 6.1 (Uriah Smith)",
    "element_type": "p",
    "element_subtype": "standard-indented",
    "content": "Thus the fourth commandment seems to be a source of perplexity to many people. It is so, however, only to those who wish to avoid its obligations. Such, we are happy to say, will always find it a thorn in their side and a prick in their eyes. To all others, it is a &ldquo;delight, the holy of the Lord, honorable.&rdquo;",
    "puborder": 19,
    "translations": []
  },
  {
    "para_id": "1425.30",
    "id_prev": "1425.29",
    "id_next": "1425.31",
    "refcode_1": "WWNC",
    "refcode_2": "6",
    "refcode_3": "2",
    "refcode_4": "",
    "refcode_short": "WWNC 6.2",
    "refcode_long": "What Was Nailed to the Cross?, p. 6.2 (Uriah Smith)",
    "element_type": "p",
    "element_subtype": "standard-indented",
    "content": "This latter class, with whom we rejoice to stand, have no annual festivals, connected with which there were seven annual sabbaths. These sabbaths owed their existence to that system, and were an inseparable part of the same. They were properly included in the &ldquo;handwriting of ordinances;&rdquo; and no sabbaths except those of this nature could be included in this term. There is therefore no necessity of going outside of the limits prescribed by the apostle&rsquo;s language, and invading the realm of the moral law, and bringing in the weekly Sabbath of the Lord, which is just as distinct from these other sabbaths in its origin, nature, office, and destiny, as can possibly be.",
    "puborder": 20,
    "translations": []
  },
  {
    "para_id": "1425.31",
    "id_prev": "1425.30",
    "id_next": "1425.32",
    "refcode_1": "WWNC",
    "refcode_2": "6",
    "refcode_3": "3",
    "refcode_4": "",
    "refcode_short": "WWNC 6.3",
    "refcode_long": "What Was Nailed to the Cross?, p. 6.3 (Uriah Smith)",
    "element_type": "p",
    "element_subtype": "standard-indented",
    "content": "Moreover, Paul is careful to guard still further against any misunderstanding in this matter, by immediately adding (<span class=\"egwlink egwlink_bible\" title=\"Colossians 2:17\" data-link=\"1965.60185\">verse 17</span>) this restrictive clause: &ldquo;Which are a shadow of things to come; but the body is of Christ.&rdquo; Thus he points out in just as plain language as could be used, just what sabbaths he refers to; it is only to those which belong to the system of types and shadows, and which are a part and parcel of that system. But this was never true of the weekly Sabbath, which originated, as the record in Genesis shows, before any type or shadow had, or could have had, a place in the economy of God&rsquo;s grace in behalf of men.",
    "puborder": 21,
    "translations": []
  },
  {
    "para_id": "1425.32",
    "id_prev": "1425.31",
    "id_next": "1425.35",
    "refcode_1": "WWNC",
    "refcode_2": "6",
    "refcode_3": "4",
    "refcode_4": "",
    "refcode_short": "WWNC 6.4",
    "refcode_long": "What Was Nailed to the Cross?, p. 6.4 (Uriah Smith)",
    "element_type": "p",
    "element_subtype": "standard-indented",
    "content": "But some at this point seem to have committed the singular blunder of supposing that this sentence &mdash; &ldquo;which are a shadow of things to come&rdquo; &mdash; is a declarative instead of a restrictive one, not limiting the idea to certain sabbaths which <span class=\"page-break\" data-page=\"7\"></span> are shadows, but asserting that <em>all</em> sabbaths are shadows, the weekly Sabbath as well as others. So we have the assertion, &ldquo;The seventh-day Sabbath is a shadow, say what they will;&rdquo; l for Paul says so in <span class=\"egwlink egwlink_bible\" title=\"Colossians 2:17\" data-link=\"1965.60185\">Colossians 2:17</span>. Very profound! Let us illustrate: Farmer A has a piece of land in which he pastures horses, sheep, and cows. His cows are of two kinds &mdash; a very poor, ordinary kind, which he calls the &ldquo;common&rdquo; kind, and others which are of a very rare and valuable breed. For several days he has his hired man, B, drive them all up to the barn at night, for safe keeping. But at length he determines to sell off his horses, sheep and all his cows except the rare and valuable ones. So he says to his hired man, &ldquo;Go down to the pasture and drive up the horses, the sheep, and the cows which are common; for I have decided to sell them.&rdquo; B goes down and drives them all up, good, bad, and indifferent. A says, &ldquo;Why do you drive them all up? I told you to drive up only the cows which are common.&rdquo; &ldquo;But, replies B, &ldquo;you said they were all common. Didn&rsquo;t you say &lsquo;the cows which are common&rsquo;? and that means all cows; and they are all common; for you said so.&rdquo; Then says A to B, &ldquo;I have no use for a man who don&rsquo;t know enough to drive cattle! You may go&rdquo; And he sends his fine breeds back to the pasture by the hand of a better man, and sells the remainder.",
    "puborder": 22,
    "translations": []
  },
  {
    "para_id": "1425.35",
    "id_prev": "1425.32",
    "id_next": "1425.36",
    "refcode_1": "WWNC",
    "refcode_2": "7",
    "refcode_3": "1",
    "refcode_4": "",
    "refcode_short": "WWNC 7.1",
    "refcode_long": "What Was Nailed to the Cross?, p. 7.1 (Uriah Smith)",
    "element_type": "p",
    "element_subtype": "standard-indented",
    "content": "&ldquo;Sabbaths which are a shadow,&rdquo; as Paul expresses it, is a declaration that there are sabbaths which are not a shadow, and these last are excluded from the things of which he is speaking. There are many considerations which show that the weekly Sabbath cannot by any possibility be included in the sabbaths of which the apostle speaks in <span class=\"egwlink egwlink_bible\" title=\"Colossians 2:16\" data-link=\"1965.60183\">Colossians 2:16</span>.",
    "puborder": 23,
    "translations": []
  },
  {
    "para_id": "1425.36",
    "id_prev": "1425.35",
    "id_next": "1425.38",
    "refcode_1": "WWNC",
    "refcode_2": "7",
    "refcode_3": "2",
    "refcode_4": "",
    "refcode_short": "WWNC 7.2",
    "refcode_long": "What Was Nailed to the Cross?, p. 7.2 (Uriah Smith)",
    "element_type": "p",
    "element_subtype": "standard-indented",
    "content": "1. The weekly Sabbath did not have its origin with meats, drinks, festivals, new moons, and ceremonial, or annual, sabbaths. It originated during man&rsquo;s independent, innocent condition before the fall (<span class=\"egwlink egwlink_bible\" title=\"Genesis 2:2\" data-link=\"1965.70\">Genesis 2:2, 3</span>,) and was thus placed among the original, primary laws which would always have governed him though he had never sinned; while the latter originated with the ceremonial system introduced at Horeb.",
    "puborder": 24,
    "translations": []
  },
  {
    "para_id": "1425.38",
    "id_prev": "1425.36",
    "id_next": "1425.39",
    "refcode_1": "WWNC",
    "refcode_2": "8",
    "refcode_3": "1",
    "refcode_4": "",
    "refcode_short": "WWNC 8.1",
    "refcode_long": "What Was Nailed to the Cross?, p. 8.1 (Uriah Smith)",
    "element_type": "p",
    "element_subtype": "standard-indented",
    "content": "2. It did not rest on the same authority with them. Its authority rested upon the voice of God, and the writing of God upon the tables of stone; the ceremonial system was found only in the book written by Moses.",
    "puborder": 25,
    "translations": []
  },
  {
    "para_id": "1425.39",
    "id_prev": "1425.38",
    "id_next": "1425.40",
    "refcode_1": "WWNC",
    "refcode_2": "8",
    "refcode_3": "2",
    "refcode_4": "",
    "refcode_short": "WWNC 8.2",
    "refcode_long": "What Was Nailed to the Cross?, p. 8.2 (Uriah Smith)",
    "element_type": "p",
    "element_subtype": "standard-indented",
    "content": "3. It was not typical or shadowy in its nature, any more than the command, &ldquo;Thou shalt have no other gods before me.&rdquo;",
    "puborder": 26,
    "translations": []
  },
  {
    "para_id": "1425.40",
    "id_prev": "1425.39",
    "id_next": "1425.41",
    "refcode_1": "WWNC",
    "refcode_2": "8",
    "refcode_3": "3",
    "refcode_4": "",
    "refcode_short": "WWNC 8.3",
    "refcode_long": "What Was Nailed to the Cross?, p. 8.3 (Uriah Smith)",
    "element_type": "p",
    "element_subtype": "standard-indented",
    "content": "4.It was not &ldquo;against us,&rdquo; as were the things of which Paul is speaking; for &ldquo;the Sabbath was made <em>for</em> man.&rdquo; <span class=\"egwlink egwlink_bible\" title=\"Mark 2:27\" data-link=\"1965.49577\">Mark 2:27</span>.",
    "puborder": 27,
    "translations": []
  },
  {
    "para_id": "1425.41",
    "id_prev": "1425.40",
    "id_next": "1425.42",
    "refcode_1": "WWNC",
    "refcode_2": "8",
    "refcode_3": "4",
    "refcode_4": "",
    "refcode_short": "WWNC 8.4",
    "refcode_long": "What Was Nailed to the Cross?, p. 8.4 (Uriah Smith)",
    "element_type": "p",
    "element_subtype": "standard-indented",
    "content": "5. It was not &ldquo;contrary to us,&rdquo; for there is no commandment or institution anywhere singled out to which so great blessings are attached as are promised to the keeping of the Sabbath, not to the Jews only, but to the Gentiles also. See <span class=\"egwlink egwlink_bible\" title=\"Isaiah 56:6\" data-link=\"1965.38279\">Isaiah 56:6, 7</span>; <span class=\"egwlink egwlink_bible\" title=\"Jeremiah 17:24\" data-link=\"1965.39551\">Jeremiah 17:24, 25</span>; <span class=\"egwlink egwlink_bible\" title=\"Isaiah 58:13\" data-link=\"1965.38361\">Isaiah 58:13, 14</span>.",
    "puborder": 28,
    "translations": []
  },
  {
    "para_id": "1425.42",
    "id_prev": "1425.41",
    "id_next": "1425.43",
    "refcode_1": "WWNC",
    "refcode_2": "8",
    "refcode_3": "5",
    "refcode_4": "",
    "refcode_short": "WWNC 8.5",
    "refcode_long": "What Was Nailed to the Cross?, p. 8.5 (Uriah Smith)",
    "element_type": "p",
    "element_subtype": "standard-indented",
    "content": "6. There is no necessity for including the weekly Sabbath in the expression, &ldquo;sabbaths which are a shadow of things to come,&rdquo; inasmuch as there were other sabbaths, of the same nature as the feast-day and new moons mentioned, in number amply sufficient to meet the demands of the apostle&rsquo;s language.",
    "puborder": 29,
    "translations": []
  },
  {
    "para_id": "1425.43",
    "id_prev": "1425.42",
    "id_next": "1425.45",
    "refcode_1": "WWNC",
    "refcode_2": "8",
    "refcode_3": "6",
    "refcode_4": "",
    "refcode_short": "WWNC 8.6",
    "refcode_long": "What Was Nailed to the Cross?, p. 8.6 (Uriah Smith)",
    "element_type": "p",
    "element_subtype": "standard-indented",
    "content": "Right here the retreating no-Sabbath forces, and a portion of their Sunday allies, face about and endeavor to make a stand. They say that there was but one Jewish festival that is ever called a sabbath; that the others were not sabbaths; and hence Paul could not properly use the term <em>sabbaths</em> (plural) as applied to Jewish ceremonial sabbaths, inasmuch as there was only one such. Moreover, they claim that the term <em>sabbaton</em> used in <span class=\"egwlink egwlink_bible\" title=\"Colossians 2:16\" data-link=\"1965.60183\">Colossians 2:16</span>, is the term always used to designate the weekly Sabbath, and never a ceremonial one, and as the ceremonial festivals are all included in the term <em>holy-day</em> (<em>heorte</em>, feast-day,) the word <em>sabbaton</em> must refer to the weekly Sabbath alone; and further, that in the Hebrew there is only one instance in which the word used to designate the weekly Sabbath, <em>shabbath</em>, is applied to a Jewish festival, the other Jewish feasts being designated by another word, <em>shabbathōn</em>, which signifies merely &ldquo;rest,&rdquo; and not a &ldquo;sabbath.&rdquo; Therefore <em>sabbaton</em> in <span class=\"egwlink egwlink_bible\" title=\"Colossians 2:16\" data-link=\"1965.60183\">Colossians 2:16</span>, must mean the weekly Sabbath exclusively, or at least must include that.",
    "puborder": 30,
    "translations": []
  },
  {
    "para_id": "1425.45",
    "id_prev": "1425.43",
    "id_next": "1425.46",
    "refcode_1": "WWNC",
    "refcode_2": "9",
    "refcode_3": "1",
    "refcode_4": "",
    "refcode_short": "WWNC 9.1",
    "refcode_long": "What Was Nailed to the Cross?, p. 9.1 (Uriah Smith)",
    "element_type": "p",
    "element_subtype": "standard-indented",
    "content": "It becomes us, now that the &ldquo;original&rdquo; is pointed at us, to move along with awe and trepidation. Approaching cautiously to reconnoiter this formidable intrenchment, let us see what we find.",
    "puborder": 31,
    "translations": []
  },
  {
    "para_id": "1425.46",
    "id_prev": "1425.45",
    "id_next": "1425.47",
    "refcode_1": "WWNC",
    "refcode_2": "9",
    "refcode_3": "2",
    "refcode_4": "",
    "refcode_short": "WWNC 9.2",
    "refcode_long": "What Was Nailed to the Cross?, p. 9.2 (Uriah Smith)",
    "element_type": "p",
    "element_subtype": "standard-indented",
    "content": "1. As to the meaning of the term <em>sabbaton</em>, it does not invariably mean the weekly Sabbath. It is certainly used in one other sense in the New Testament. The Pharisee mentioned in <span class=\"egwlink egwlink_bible\" title=\"Luke 18:12\" data-link=\"1965.52436\">Luke 18:12</span>, fasted twice in the <em>sabbaton</em>, necessarily there rendered &ldquo;week.&rdquo; Now, although whenever the weekly Sabbath is mentioned, it is from this word <em>sabbaton</em>, the fact that this word does not invariably refer to the weekly Sabbath, but means &ldquo;week&rdquo; in the text referred to, as it does also in the eight texts which refer to the first day of the week, reveals the possibility that it may be used also to designate the annual sabbaths of the Jews. No argument can therefore be drawn from the mere use of the word <em>sabbaton</em> in <span class=\"egwlink egwlink_bible\" title=\"Colossians 2:16\" data-link=\"1965.60183\">Colossians 2:16</span>, to show that the weekly Sabbath is there intended.",
    "puborder": 32,
    "translations": []
  },
  {
    "para_id": "1425.47",
    "id_prev": "1425.46",
    "id_next": "1425.48",
    "refcode_1": "WWNC",
    "refcode_2": "9",
    "refcode_3": "3",
    "refcode_4": "",
    "refcode_short": "WWNC 9.3",
    "refcode_long": "What Was Nailed to the Cross?, p. 9.3 (Uriah Smith)",
    "element_type": "p",
    "element_subtype": "standard-indented",
    "content": "2. The facts connected with the use of the Hebrew term are still more decisive. The term <em>shabbath</em>, by which the seventh-day Sabbath is always designated, is once, at least, applied to one of the Jewish annual festivals, and that, too, in an intensified form, &ldquo;a sabbath of sabbatism.&rdquo; By such terms is the annual sabbath of the tenth day of the seventh month designated in <span class=\"egwlink egwlink_bible\" title=\"Leviticus 23:32\" data-link=\"1965.6987\">Leviticus 23:32</span>. This the bitterest opponents of the Sabbath are compelled to admit. And this is a fatal weakness in their position. They might just as well abandon their claims at one; for no argument which they can build can stand the damaging force of this fact. Mark the situation: the term <em>shabbath</em>, by which the weekly Sabbath is always designated, is once, at least, definitely applied to one of the annual sabbaths of the Jews. It does not therefore <em>invariably</em> designate the seventh-day Sabbath; and if the Scriptures thus apply it to one of the annual sabbaths, it is just as appropriate to others, and we may properly apply it to them.",
    "puborder": 33,
    "translations": []
  },
  {
    "para_id": "1425.48",
    "id_prev": "1425.47",
    "id_next": "1425.51",
    "refcode_1": "WWNC",
    "refcode_2": "9",
    "refcode_3": "4",
    "refcode_4": "",
    "refcode_short": "WWNC 9.4",
    "refcode_long": "What Was Nailed to the Cross?, p. 9.4 (Uriah Smith)",
    "element_type": "p",
    "element_subtype": "standard-indented",
    "content": "But, it may be replied, the Scriptures do not apply it to a ceremonial sabbath, except in that one instance; and that makes a difference, and settles the matter. We will see about this by and by. But first let us inquire what other annual <span class=\"page-break\" data-page=\"10\"></span> sabbaths there were, besides the day of atonement, and what their nature was.",
    "puborder": 34,
    "translations": []
  },
  {
    "para_id": "1425.51",
    "id_prev": "1425.48",
    "id_next": "1425.52",
    "refcode_1": "WWNC",
    "refcode_2": "10",
    "refcode_3": "1",
    "refcode_4": "",
    "refcode_short": "WWNC 10.1",
    "refcode_long": "What Was Nailed to the Cross?, p. 10.1 (Uriah Smith)",
    "element_type": "p",
    "element_subtype": "standard-indented",
    "content": "The Jews had two feasts, each covering a series of days. These were the feast of the passover, from the 15th to the 22nd of the first month, and the feast of tabernacles, from the 15th to the 23rd of the seventh month. On the first and seventh days of the passover, there was to be a holy convocation, and no servile work, to be done. <span class=\"egwlink egwlink_bible\" title=\"Leviticus 23:7\" data-link=\"1965.6937\">Leviticus 23:7, 8</span>. On the first and eighth days of the feast of tabernacles, there were to be likewise holy convocations, and an entire cessation from servile labor. <span class=\"egwlink egwlink_bible\" title=\"Leviticus 23:35\" data-link=\"1965.6993\">Verses 35, 36</span>. Respecting the two last named, the record (<span class=\"egwlink egwlink_bible\" title=\"Leviticus 23:39\" data-link=\"1965.7001\">verse 39</span>) says: &ldquo;Ye shall keep a feast unto the Lord seven days: on the first day shall be a sabbath, and on the eighth day shall be a sabbath.&rdquo; In the common version these are called &ldquo;sabbaths.&rdquo; Our new critics say the translators of the Bible were not as intelligent as they should have been, and ought not to have translated the words &ldquo;sabbath,&rdquo; but &ldquo;rest.&rdquo; With this, however, we are not just now particularly concerned. We are inquiring simply into the nature of these days.",
    "puborder": 35,
    "translations": []
  },
  {
    "para_id": "1425.52",
    "id_prev": "1425.51",
    "id_next": "1425.55",
    "refcode_1": "WWNC",
    "refcode_2": "10",
    "refcode_3": "2",
    "refcode_4": "",
    "refcode_short": "WWNC 10.2",
    "refcode_long": "What Was Nailed to the Cross?, p. 10.2 (Uriah Smith)",
    "element_type": "p",
    "element_subtype": "standard-indented",
    "content": "In addition to these four days of rest and convocation, we find three others of a like nature: the first one, fifty days after the offering of the wave sheaf, the pentecost. Of this we read (<span class=\"egwlink egwlink_bible\" title=\"Leviticus 23:21\" data-link=\"1965.6965\">verse 21</span>), &ldquo;And ye shall proclaim on the self-same day, that it may be a holy convocation unto you: ye shall do no servile work therein.&rdquo; The next was on the first day of the seventh month, a memorial of blowing of trumpets. <span class=\"egwlink egwlink_bible\" title=\"Leviticus 23:24\" data-link=\"1965.6971\">Verses 24, 25</span>: &ldquo;In the seventh month, in the first day of the month, shall ye have a sabbath, a memorial of blowing of trumpets, a holy convocation. Ye shall do no servile work therein.&rdquo; This also is called a &ldquo;sabbath.&rdquo; Again on the tenth day of the seventh month, we have another, of which we read (<span class=\"egwlink egwlink_bible\" title=\"Leviticus 23:27\" data-link=\"1965.6977\">verses 27, 28</span>), &ldquo;It shall be a holy convocation unto you; ....and ye shall do no work in that same day.&rdquo; To this day the term <em>shabbath</em>, the same term by which the seventh-day Sabbath is designated, is applied, and that, too, in the very strongest manner. <span class=\"egwlink egwlink_bible\" title=\"Leviticus 23:32\" data-link=\"1965.6987\">Verse 32</span>: &ldquo;It shall be unto you, <span class=\"page-break\" data-page=\"11\"></span> (<em>shabbath shabbathōn</em>) a sabbath of sabbatism. The day of atonement was, beyond question, the chief of the annual sabbaths. It was <em>the</em> sabbath of that class of sabbaths. Twice more in the same verse the word <em>shabbath</em> is virtually applied to this day. &ldquo;From even unto even, shall ye celebrate your sabbath;&rdquo; literally, &ldquo;shall ye sabbath your sabbath.&rdquo;",
    "puborder": 36,
    "translations": []
  },
  {
    "para_id": "1425.55",
    "id_prev": "1425.52",
    "id_next": "1425.56",
    "refcode_1": "WWNC",
    "refcode_2": "11",
    "refcode_3": "1",
    "refcode_4": "",
    "refcode_short": "WWNC 11.1",
    "refcode_long": "What Was Nailed to the Cross?, p. 11.1 (Uriah Smith)",
    "element_type": "p",
    "element_subtype": "standard-indented",
    "content": "Now, here are seven days, four of them connected with two great feasts, the passover and the feast of tabernacles, and three of them standing independent and alone, all of the same nature, all devoted to the same purpose, all to be used in the same manner; that is, there was to be on each of them a holy convocation, and on all of them alike an entire suspension of all servile work. Now, can any one tell us what the difference was between these days? Would not any term which was applicable to one be equally applicable to all the others? To one the term <em>sabbath</em> (Heb. <em>shabbath</em>) is specifically applied. Were these other days which were exactly like that, &mdash; days of rest and convocation, &mdash; were these days also sabbaths, or were they not? The word <em>sabbath</em> means &ldquo;rest&rdquo;. That is the one sole idea it conveys, first, last, and all the way between &mdash; &ldquo;cessation from labor, rest.&rdquo; Here were seven annual days on which there was to be an entire suspension of labor. Were these days sabbaths, or were they not? If they were not, can any one tell us why they were not? And if they were, would it not be proper to say that the Jews had seven annual sabbaths? We would be willing to abide by the answer of any man of average candor and intelligence, to these questions.",
    "puborder": 37,
    "translations": []
  },
  {
    "para_id": "1425.56",
    "id_prev": "1425.55",
    "id_next": "1425.59",
    "refcode_1": "WWNC",
    "refcode_2": "11",
    "refcode_3": "2",
    "refcode_4": "",
    "refcode_short": "WWNC 11.2",
    "refcode_long": "What Was Nailed to the Cross?, p. 11.2 (Uriah Smith)",
    "element_type": "p",
    "element_subtype": "standard-indented",
    "content": "A word now with respect to the assertion that the Hebrew term <em>Shabbath</em> is applied to only one of these annual sabbaths. All that need be said of this is that it <em>is not true</em>! Any one who suffers himself to be persuaded that it is, is being misled by false teachers. The Hebrew <em>shabbath</em>, like the Greek <em>sabbaton</em> has a variety of definitions. <em>Sabbaton</em> means sometimes the weekly Sabbath, sometimes the whole week, sometimes the ceremonial sabbaths of the Jewish system. So <em>shabbath</em> <span class=\"page-break\" data-page=\"12\"></span> means sometimes the weekly Sabbath, sometimes the whole week, sometimes the ceremonial sabbaths, sometimes the seventh year sabbath, covering the whole year, as in <span class=\"egwlink egwlink_bible\" title=\"Leviticus 25:2\" data-link=\"1965.7063\">Leviticus 25:2, 6, 8</span>, where this very term is used.",
    "puborder": 38,
    "translations": []
  },
  {
    "para_id": "1425.59",
    "id_prev": "1425.56",
    "id_next": "1425.60",
    "refcode_1": "WWNC",
    "refcode_2": "12",
    "refcode_3": "1",
    "refcode_4": "",
    "refcode_short": "WWNC 12.1",
    "refcode_long": "What Was Nailed to the Cross?, p. 12.1 (Uriah Smith)",
    "element_type": "p",
    "element_subtype": "standard-indented",
    "content": "It means &ldquo;week&rdquo; in the last clause of <span class=\"egwlink egwlink_bible\" title=\"Leviticus 23:15\" data-link=\"1965.6953\">Leviticus 23:15</span>: &ldquo;Seven sabbaths shall be complete.&rdquo; This is spoken to measure off the time from the offering of the wave sheaf to the pentecost. &ldquo;Seven sabbaths&rdquo; means a period of forty-nine days; one &ldquo;sabbath&rdquo; would be a period of seven days, or a week. As the Sabbath marked off time into weeks, the word came to be used for the whole time from one Sabbath to another. Thus the Jews reckoned the days of the week as the &ldquo;first of the Sabbath, second of the sabbath, third of the sabbath,&rdquo; and so on, meaning the first, second, third, days of the week. See quotation from Dr. Lightfoot, in Robinson&rsquo;s Greek Lexicon of the New Testament.",
    "puborder": 39,
    "translations": []
  },
  {
    "para_id": "1425.60",
    "id_prev": "1425.59",
    "id_next": "1425.63",
    "refcode_1": "WWNC",
    "refcode_2": "12",
    "refcode_3": "2",
    "refcode_4": "",
    "refcode_short": "WWNC 12.2",
    "refcode_long": "What Was Nailed to the Cross?, p. 12.2 (Uriah Smith)",
    "element_type": "p",
    "element_subtype": "standard-indented",
    "content": "But the reader is doubtless waiting for an instance where the word <em>shabbath</em> is applied to some other annual festival besides the tenth day of the seventh month. It is twice so applied in <span class=\"egwlink egwlink_bible\" title=\"Leviticus 23:11\" data-link=\"1965.6945\">Leviticus 23:11, 15</span>. The day spoken of here is the first sabbath of the passover feast, as will be apparent from the following considerations: The paschal lamb was slain on the 14th day of the month; the 15th was the first day of the paschal feast, a day of rest and holy convocation; on the 16th the wave sheaf was offered, and from this offering of the wave sheaf fifty days were to be counted to the pentecost; but the day on which the wave sheaf was offered, was called &ldquo;the morrow after the sabbath.&rdquo; What sabbath? &mdash; The day before, that is, the 15th day of the month, the first day of the passover, the day of rest and holy convocation. This could not be the weekly Sabbath; for it was to fall on the 15th day of the first month each year; but the weekly Sabbath did not fall on the 15th day of the first month each year. The 15th day of the first month would come on different days of the week in different years, the same as our 4th of July, 25th of December, etc. In proof that &ldquo;the morrow after the sabbath&rdquo; was the 16th day of the month, and that the <span class=\"page-break\" data-page=\"13\"></span> day preceding it, that is, the 15th, the first day of the passover, is the day which is called the sabbath (Heb. <em>shabbath</em>,) we present the following from Smith&rsquo;s Bible Dictionary, edited by S.W. Barnum. Under &ldquo;Passover,&rdquo; he says:&mdash;",
    "puborder": 40,
    "translations": []
  },
  {
    "para_id": "1425.63",
    "id_prev": "1425.60",
    "id_next": "1425.64",
    "refcode_1": "WWNC",
    "refcode_2": "13",
    "refcode_3": "1",
    "refcode_4": "",
    "refcode_short": "WWNC 13.1",
    "refcode_long": "What Was Nailed to the Cross?, p. 13.1 (Uriah Smith)",
    "element_type": "p",
    "element_subtype": "standard-indented",
    "content": "&ldquo;On the 15th, the night being passed, there was a holy convocation, and during that day no work might be done, except the preparation of necessary food (<span class=\"egwlink egwlink_bible\" title=\"Exodus 12:16\" data-link=\"1965.3731\">Exodus 12:16</span>).... On the 16th of the month, &lsquo;the morrow after the sabbath&rsquo; (i.e.,after the day of holy convocation,) the first sheaf of harvest was offered and waved by the priest before the Lord.&rdquo;",
    "puborder": 41,
    "translations": []
  },
  {
    "para_id": "1425.64",
    "id_prev": "1425.63",
    "id_next": "1425.65",
    "refcode_1": "WWNC",
    "refcode_2": "13",
    "refcode_3": "2",
    "refcode_4": "",
    "refcode_short": "WWNC 13.2",
    "refcode_long": "What Was Nailed to the Cross?, p. 13.2 (Uriah Smith)",
    "element_type": "p",
    "element_subtype": "standard-indented",
    "content": "Under &ldquo;Pentecost&rdquo; he says:&mdash;",
    "puborder": 42,
    "translations": []
  },
  {
    "para_id": "1425.65",
    "id_prev": "1425.64",
    "id_next": "1425.66",
    "refcode_1": "WWNC",
    "refcode_2": "13",
    "refcode_3": "3",
    "refcode_4": "",
    "refcode_short": "WWNC 13.3",
    "refcode_long": "What Was Nailed to the Cross?, p. 13.3 (Uriah Smith)",
    "element_type": "p",
    "element_subtype": "standard-indented",
    "content": "&ldquo;Pentecost (fr. Gr. <em>pentecoste</em>=the <em>fiftieth</em> sc. day from the second day of the feast of unleavened bread or the passover)... I. The time of the festival was calculated from the second day of the passover, the 16th of Nisan. The law prescribes that a reckoning should be kept from &lsquo;the morrow after the sabbath&rsquo; to the morrow after the completion of the seventh week, which would, of course, be the fiftieth day (<span class=\"egwlink egwlink_bible\" title=\"Leviticus 23:11\" data-link=\"1965.6945\">Leviticus 23:11, 15, 16</span>; <span class=\"egwlink egwlink_bible\" title=\"Deuteronomy 16:9\" data-link=\"1965.10879\">Deuteronomy 16:9</span>).&rdquo;",
    "puborder": 43,
    "translations": []
  },
  {
    "para_id": "1425.66",
    "id_prev": "1425.65",
    "id_next": "1425.67",
    "refcode_1": "WWNC",
    "refcode_2": "13",
    "refcode_3": "4",
    "refcode_4": "",
    "refcode_short": "WWNC 13.4",
    "refcode_long": "What Was Nailed to the Cross?, p. 13.4 (Uriah Smith)",
    "element_type": "p",
    "element_subtype": "standard-indented",
    "content": "On the expression &ldquo;morrow after the sabbath,&rdquo; as given in the foregoing extract, he has this note: &mdash;",
    "puborder": 44,
    "translations": []
  },
  {
    "para_id": "1425.67",
    "id_prev": "1425.66",
    "id_next": "1425.68",
    "refcode_1": "WWNC",
    "refcode_2": "13",
    "refcode_3": "5",
    "refcode_4": "",
    "refcode_short": "WWNC 13.5",
    "refcode_long": "What Was Nailed to the Cross?, p. 13.5 (Uriah Smith)",
    "element_type": "p",
    "element_subtype": "standard-indented",
    "content": "&ldquo;It has been generally held that the &lsquo;sabbath&rsquo; here=the first day of holy convocation of the passover, the 15th of Nisan mentioned in <span class=\"egwlink egwlink_bible\" title=\"Leviticus 23:7\" data-link=\"1965.6937\">Leviticus 23:7</span> (compare 24,32,39). Some have made the &lsquo;Sabbath&rsquo; here=the seventh day of the week, or <em>the Sabbath of creation</em>, as the Jewish writers have called it; and thus the day of pentecost would always fall upon the first day of the week. But Bähr proves from <span class=\"egwlink egwlink_bible\" title=\"Joshua 5:11\" data-link=\"1965.12091\">Joshua 5:11</span> and <span class=\"egwlink egwlink_bible\" title=\"Leviticus 23:14\" data-link=\"1965.6951\">Leviticus 23:14</span>, that the omer was offered on the 16th of Nisan.&rdquo;",
    "puborder": 45,
    "translations": []
  },
  {
    "para_id": "1425.68",
    "id_prev": "1425.67",
    "id_next": "1425.69",
    "refcode_1": "WWNC",
    "refcode_2": "13",
    "refcode_3": "6",
    "refcode_4": "",
    "refcode_short": "WWNC 13.6",
    "refcode_long": "What Was Nailed to the Cross?, p. 13.6 (Uriah Smith)",
    "element_type": "p",
    "element_subtype": "standard-indented",
    "content": "Bagster&rsquo;s Greek Lexicon, under <em>&ldquo;Pentecoste,&rdquo;</em> says:&mdash;",
    "puborder": 46,
    "translations": []
  },
  {
    "para_id": "1425.69",
    "id_prev": "1425.68",
    "id_next": "1425.70",
    "refcode_1": "WWNC",
    "refcode_2": "13",
    "refcode_3": "7",
    "refcode_4": "",
    "refcode_short": "WWNC 13.7",
    "refcode_long": "What Was Nailed to the Cross?, p. 13.7 (Uriah Smith)",
    "element_type": "p",
    "element_subtype": "standard-indented",
    "content": "&ldquo;One of the three great Jewish festivals, so called because it was celebrated on the <em>fiftieth</em> day, reckoning from the second day of the feast of unleavened bread, i.e., from the 16th day of Nisan.&rdquo;",
    "puborder": 47,
    "translations": []
  },
  {
    "para_id": "1425.70",
    "id_prev": "1425.69",
    "id_next": "1425.71",
    "refcode_1": "WWNC",
    "refcode_2": "13",
    "refcode_3": "8",
    "refcode_4": "",
    "refcode_short": "WWNC 13.8",
    "refcode_long": "What Was Nailed to the Cross?, p. 13.8 (Uriah Smith)",
    "element_type": "p",
    "element_subtype": "standard-indented",
    "content": "Young&rsquo;s Concordance says:&mdash;",
    "puborder": 48,
    "translations": []
  },
  {
    "para_id": "1425.71",
    "id_prev": "1425.70",
    "id_next": "1425.73",
    "refcode_1": "WWNC",
    "refcode_2": "13",
    "refcode_3": "9",
    "refcode_4": "",
    "refcode_short": "WWNC 13.9",
    "refcode_long": "What Was Nailed to the Cross?, p. 13.9 (Uriah Smith)",
    "element_type": "p",
    "element_subtype": "standard-indented",
    "content": "&ldquo;Pentecost. Feast on fiftieth day after passover.&rdquo;",
    "puborder": 49,
    "translations": []
  },
  {
    "para_id": "1425.73",
    "id_prev": "1425.71",
    "id_next": "1425.74",
    "refcode_1": "WWNC",
    "refcode_2": "14",
    "refcode_3": "1",
    "refcode_4": "",
    "refcode_short": "WWNC 14.1",
    "refcode_long": "What Was Nailed to the Cross?, p. 14.1 (Uriah Smith)",
    "element_type": "p",
    "element_subtype": "standard-indented",
    "content": "If we take &ldquo;the morrow after the sabbath&rdquo; to mean the day following the weekly Sabbath, then the important period of the fifty days to reach to the great festival of the pentecost had no fixed starting-point, but was left to depend on circumstances each year. Thus they would have to agree on some time when they would commence to reap their harvest, or designate some one to be the representative of the nation in this matter, and note the time when the reaping commenced, then wait till they reached a weekly Sabbath after that, and then on the morrow after that Sabbath begin to reckon the fifty days to the pentecost. The least grain of serious thought will suffice to convince any one that God never would adopt any such roundabout methods in any part of his work, that he never left any important festival to be determined in this hap-hazard manner, and that the weekly Sabbath was never related in that manner to any part of that system. As the matter stood, everything was easy and consistent. By the 15th of Nisan, the first day of the passover, some portion of the barley harvest was sure to be ripe; but none were permitted to reap and eat of it till a sheaf had been offered to the Lord. The priest had but to see that a sheaf was procured and waved on the morrow after the passover sabbath, and then the harvest could proceed.",
    "puborder": 50,
    "translations": []
  },
  {
    "para_id": "1425.74",
    "id_prev": "1425.73",
    "id_next": "1425.75",
    "refcode_1": "WWNC",
    "refcode_2": "14",
    "refcode_3": "2",
    "refcode_4": "",
    "refcode_short": "WWNC 14.2",
    "refcode_long": "What Was Nailed to the Cross?, p. 14.2 (Uriah Smith)",
    "element_type": "p",
    "element_subtype": "standard-indented",
    "content": "We need not dwell longer on this point. The evidence is conclusive that the term generally employed to designate the Sabbath, was applied to the first day of the passover, and hence that was a sabbath. If the first day was a sabbath, was not the last day of the feast, which was exactly like it, a sabbath also? It was so, whether so expressly named or not.",
    "puborder": 51,
    "translations": []
  },
  {
    "para_id": "1425.75",
    "id_prev": "1425.74",
    "id_next": "1425.76",
    "refcode_1": "WWNC",
    "refcode_2": "14",
    "refcode_3": "3",
    "refcode_4": "",
    "refcode_short": "WWNC 14.3",
    "refcode_long": "What Was Nailed to the Cross?, p. 14.3 (Uriah Smith)",
    "element_type": "p",
    "element_subtype": "standard-indented",
    "content": "Here, then, were three days, the first and last of the passover, and the day of atonement, which were sabbaths, and to which the common term for sabbath is four times applied. This is sufficient to justify Paul&rsquo;s use of the term <em>sabbaton</em> (plural) as referring to them in <span class=\"egwlink egwlink_bible\" title=\"Colossians 2:16\" data-link=\"1965.60183\">Colossians 2:16</span>, even if we could find no more. But there are other reasons still.",
    "puborder": 52,
    "translations": []
  },
  {
    "para_id": "1425.76",
    "id_prev": "1425.75",
    "id_next": "1425.79",
    "refcode_1": "WWNC",
    "refcode_2": "14",
    "refcode_3": "4",
    "refcode_4": "",
    "refcode_short": "WWNC 14.4",
    "refcode_long": "What Was Nailed to the Cross?, p. 14.4 (Uriah Smith)",
    "element_type": "p",
    "element_subtype": "standard-indented",
    "content": "Our next inquiry shall be, Is the assertion true that in the three other instances where the word &ldquo;sabbath&rdquo; occurs in the <span class=\"page-break\" data-page=\"15\"></span> common version, namely, the festival of blowing of trumpets (<span class=\"egwlink egwlink_bible\" title=\"Leviticus 23:24\" data-link=\"1965.6971\">Leviticus 23:24</span>), and the first and last days of the feast of tabernacles (<span class=\"egwlink egwlink_bible\" title=\"Leviticus 23:39\" data-link=\"1965.7001\">verse 39</span>),it is wrongly translated, and should not have been rendered &ldquo;sabbath,&rdquo; but &ldquo;rest&rdquo;? We will state a few facts which no one who investigates the subject with any care can fail to perceive, and will then leave the reader to judge for himself. He will find this assertion, like the other, to be a bold untruth.",
    "puborder": 53,
    "translations": []
  },
  {
    "para_id": "1425.79",
    "id_prev": "1425.76",
    "id_next": "1425.80",
    "refcode_1": "WWNC",
    "refcode_2": "15",
    "refcode_3": "1",
    "refcode_4": "",
    "refcode_short": "WWNC 15.1",
    "refcode_long": "What Was Nailed to the Cross?, p. 15.1 (Uriah Smith)",
    "element_type": "p",
    "element_subtype": "standard-indented",
    "content": "The ordinary word for Sabbath is <em>shabbath</em>. Its definition is, &ldquo;cessation, time of rest, Sabbath.&rdquo; The word three times rendered &ldquo;sabbath&rdquo; in <span class=\"egwlink egwlink_bible\" title=\"Leviticus 23:24\" data-link=\"1965.6971\">Leviticus 23:24, 39</span>, is <em>shabbathōn.</em> Its definition is, &ldquo;rest, a time of rest.&rdquo; Both words are from one common root, <em>shavath</em>, meaning &ldquo;to cease, to rest.&rdquo; Both have the same definition. Both are used to designate Jewish yearly festival days, of which there were seven exactly alike as has been shown. To two of them the word <em>shabbath</em> is applied, to three of them the word <em>shabbathōn</em>. Will our critics now tell us the difference between these words, and why the three instances of <em>shabbathōn</em> should not be rendered &ldquo;sabbath&rdquo; also?",
    "puborder": 54,
    "translations": []
  },
  {
    "para_id": "1425.80",
    "id_prev": "1425.79",
    "id_next": "1425.83",
    "refcode_1": "WWNC",
    "refcode_2": "15",
    "refcode_3": "2",
    "refcode_4": "",
    "refcode_short": "WWNC 15.2",
    "refcode_long": "What Was Nailed to the Cross?, p. 15.2 (Uriah Smith)",
    "element_type": "p",
    "element_subtype": "standard-indented",
    "content": "Gesenius defines <em>shabbathōn</em> as follows: &ldquo;Abstract noun <em>a keeping of the sabbath, sabbatism, sabbath rites.</em>&rdquo; And it may be worth while to add that this word, in connection with shabbath, is also applied to the weekly Sabbath, as in <span class=\"egwlink egwlink_bible\" title=\"Exodus 31:15\" data-link=\"1965.4956\">Exodus 31:15</span>; <span class=\"egwlink egwlink_bible\" title=\"Exodus 32:2\" data-link=\"1965.4967\">32:2, 3</span>; <span class=\"egwlink egwlink_bible\" title=\"Leviticus 23:2\" data-link=\"1965.6927\">Leviticus 23:2</span>. In <span class=\"egwlink egwlink_bible\" title=\"Exodus 16:23\" data-link=\"1965.4011\">Exodus 16:23</span> it is the leading word applied to the weekly Sabbath; thus <em>shabbathōn shabbath-qodesh</em>, &ldquo;the sabbatism of the Sabbath holy unto the Lord.&rdquo; To apply Gesenius&rsquo;s definition of <em>shabbathōn</em> to the memorial of blowing of trumpets, and to the first and last days of the feast of tabernacles, where this word alone is used, we should read: &ldquo;In the seventh month in the first day of the month, shall ye have a keeping of a sabbath.&rdquo; <span class=\"egwlink egwlink_bible\" title=\"Leviticus 23:24\" data-link=\"1965.6971\">Leviticus 23:24</span>. &ldquo;Also in the fifteenth day of the seventh month... ye shall keep a feast unto the Lord seven days on the first day shall be a keeping of a sabbath, and on the eighth day shall be a keeping of a sabbath,&rdquo; or a sabbatism. Now, to say that these days which were set apart as a &ldquo;sabbatism,&rdquo; <span class=\"page-break\" data-page=\"16\"></span> or the keeping of a sabbath,&rdquo; could not be called &ldquo;sabbaths,&rdquo; is to reason not only carelessly, but contrary to all the scriptural and philological evidence in the case.",
    "puborder": 55,
    "translations": []
  },
  {
    "para_id": "1425.83",
    "id_prev": "1425.80",
    "id_next": "1425.84",
    "refcode_1": "WWNC",
    "refcode_2": "16",
    "refcode_3": "1",
    "refcode_4": "",
    "refcode_short": "WWNC 16.1",
    "refcode_long": "What Was Nailed to the Cross?, p. 16.1 (Uriah Smith)",
    "element_type": "p",
    "element_subtype": "standard-indented",
    "content": "But finally and lastly it is asserted that Paul in <span class=\"egwlink egwlink_bible\" title=\"Colossians 2:16\" data-link=\"1965.60183\">Colossians 2:16</span>, must refer, by the word <em>sabbaths</em>, to the weekly Sabbath only; for all the Jewish annual sabbaths so-called, are included in the term <em>holy-day</em> (Greek, <em>heorte</em>, feast-day.) Truth compels us to brand this, also, as false. In the passover there were five days, in the feast of tabernacles, six, between the first and last, which were the sabbaths of those feasts. These intervening days all belonged to the feast, and were the <em>heortai</em>, &ldquo;feast-days,&rdquo; but not sabbaths. The word <em>feast-day</em> would include these days, nothing more. Then there were the pentecost, the day of blowing of trumpets, and the day of atonement, standing by themselves, which were not <em>heortai</em>, but <em>sabbata</em>. The Septuagint uses <em>sabbaton</em> in <span class=\"egwlink egwlink_bible\" title=\"Leviticus 23:15\" data-link=\"1965.6953\">Leviticus 23:15, 32</span>, in reference to the passover sabbath and the day of atonement, and in <span class=\"egwlink egwlink_bible\" title=\"Leviticus 25:2\" data-link=\"1965.7063\">Leviticus 25:2, 4</span>, in reference to the seventh year sabbath.",
    "puborder": 56,
    "translations": []
  },
  {
    "para_id": "1425.84",
    "id_prev": "1425.83",
    "id_next": "1425.85",
    "refcode_1": "WWNC",
    "refcode_2": "16",
    "refcode_3": "2",
    "refcode_4": "",
    "refcode_short": "WWNC 16.2",
    "refcode_long": "What Was Nailed to the Cross?, p. 16.2 (Uriah Smith)",
    "element_type": "p",
    "element_subtype": "standard-indented",
    "content": "It thus appears, beyond any possibility of reasonable question, that Paul, in <span class=\"egwlink egwlink_bible\" title=\"Colossians 2:16\" data-link=\"1965.60183\">Colossians 2:16</span>, had no reference whatever to the weekly Sabbath of the Lord, but only to the seven annual sabbaths of the Jews.",
    "puborder": 57,
    "translations": []
  },
  {
    "para_id": "1425.85",
    "id_prev": "1425.84",
    "id_next": "1425.86",
    "refcode_1": "WWNC",
    "refcode_2": "16",
    "refcode_3": "",
    "refcode_4": "",
    "refcode_short": "",
    "refcode_long": "",
    "element_type": "p",
    "element_subtype": "standard-noindent",
    "content": "U.S.",
    "puborder": 58,
    "translations": []
  },
  {
    "para_id": "1425.86",
    "id_prev": "1425.85",
    "id_next": null,
    "refcode_1": "WWNC",
    "refcode_2": "16",
    "refcode_3": "",
    "refcode_4": "",
    "refcode_short": "",
    "refcode_long": "",
    "element_type": "p",
    "element_subtype": "standard-noindent",
    "content": "<em>REVIEW and HERALD. Battle Creek, Mich.</em>",
    "puborder": 59,
    "translations": []
  }
]