[
  {
    "para_id": "1140.135",
    "id_prev": "1140.132",
    "id_next": "1140.136",
    "refcode_1": "GSAM",
    "refcode_2": "27",
    "refcode_3": "",
    "refcode_4": "8",
    "refcode_short": "GSAM 27",
    "refcode_long": "The Great Second Advent Movement: Its Rise and Progress, p. 27 (John Norton Loughborough)",
    "element_type": "h4",
    "element_subtype": "",
    "content": "Prophecy a More Sure Word",
    "puborder": 97,
    "translations": []
  },
  {
    "para_id": "1140.136",
    "id_prev": "1140.135",
    "id_next": "1140.137",
    "refcode_1": "GSAM",
    "refcode_2": "27",
    "refcode_3": "1",
    "refcode_4": "",
    "refcode_short": "GSAM 27.1",
    "refcode_long": "The Great Second Advent Movement: Its Rise and Progress, p. 27.1 (John Norton Loughborough)",
    "element_type": "p",
    "element_subtype": "standard-indented",
    "content": "Though the apostles had seen this glorious sight on the mount of transfiguration, and had heard the voice of God&rsquo;s approval, the apostle Peter affirms: &ldquo;We have a more sure word of prophecy.&rdquo; By this statement he is not discounting what they saw and heard on that memorable occasion. They then heard the voice of God once, but in the great lines of prophecy, extending down to Christ&rsquo;s second coming, we have the voice of God oft repeated. In fact, every definite prophetic prediction fulfilled or recorded in history is the voice of God to us. It must be in this sense that the word of prophecy is &ldquo;more sure.&rdquo; The Revised Version translates it, &ldquo;made sure.&rdquo; The prophecy is made sure by each and every specification fulfilled. Each and every event predicted, when fulfilled, is an assurance that the remaining events predicted will surely come to pass.",
    "puborder": 98,
    "translations": []
  }
]