[
  {
    "para_id": "1140.963",
    "id_prev": "1140.961",
    "id_next": "1140.964",
    "refcode_1": "GSAM",
    "refcode_2": "157",
    "refcode_3": "",
    "refcode_4": "177",
    "refcode_short": "GSAM 157",
    "refcode_long": "The Great Second Advent Movement: Its Rise and Progress, p. 157 (John Norton Loughborough)",
    "element_type": "h4",
    "element_subtype": "",
    "content": "HISTORY OF THE MOVEMENT AFTER MARCH, 1844",
    "puborder": 703,
    "translations": []
  },
  {
    "para_id": "1140.964",
    "id_prev": "1140.963",
    "id_next": "1140.965",
    "refcode_1": "GSAM",
    "refcode_2": "157",
    "refcode_3": "1",
    "refcode_4": "",
    "refcode_short": "GSAM 157.1",
    "refcode_long": "The Great Second Advent Movement: Its Rise and Progress, p. 157.1 (John Norton Loughborough)",
    "element_type": "p",
    "element_subtype": "standard-indented",
    "content": "A brief history of the advent movement after March 21, 1844, is set forth in the following, taken from the <span class=\"egw-no-link\" title=\"ST 10-31-1844\">The Signs of the Times, October 31, 1844</span>:&mdash;",
    "puborder": 704,
    "translations": []
  },
  {
    "para_id": "1140.965",
    "id_prev": "1140.964",
    "id_next": "1140.966",
    "refcode_1": "GSAM",
    "refcode_2": "157",
    "refcode_3": "2",
    "refcode_4": "",
    "refcode_short": "GSAM 157.2",
    "refcode_long": "The Great Second Advent Movement: Its Rise and Progress, p. 157.2 (John Norton Loughborough)",
    "element_type": "p",
    "element_subtype": "standard-indented",
    "content": "&ldquo;After the passing away of 1843,&mdash;the Jewish Year,&mdash;the great body of the Adventists settled down in the belief that we could henceforth reckon on particular times with no degree of positiveness. They believed that we were where our chronology points, at the end of all the prophetic periods, at the termination of which the advent is expected; and that while we should have to wait only the little while that our chronology might vary from God&rsquo;s time, yet they believed that we could have no more clue to the definite time. They had all taken their lamps and gone forth to meet the Bridegroom; but the Bridegroom had tarried beyond the time (1843) in which he was expected. During this tarrying of the vision, it seemed to be the determination of all to <em>wait</em> for it, believing it could not be delayed, and that it might be momentarily expected. It was, however, soon very evident that multitudes were forming plans for the future, which they would not form if they believed the Lord would come this year; and that they had fallen asleep with regard to a realizing sense of the Lord&rsquo;s immediate appearing. In other words, they thought he might come any day, or that it might be delayed some little while, during which they might enjoy a refreshing repose. Well, this was as our Saviour said it would be, &lsquo;While the Bridegroom tarried, they all slumbered and slept.&rsquo;",
    "puborder": 705,
    "translations": []
  }
]