[
  {
    "para_id": "1140.2198",
    "id_prev": "1140.2197",
    "id_next": "1140.2199",
    "refcode_1": "GSAM",
    "refcode_2": "344",
    "refcode_3": "",
    "refcode_4": "448",
    "refcode_short": "GSAM 344",
    "refcode_long": "The Great Second Advent Movement: Its Rise and Progress, p. 344 (John Norton Loughborough)",
    "element_type": "h4",
    "element_subtype": "",
    "content": "Elder White on Organization",
    "puborder": 1602,
    "translations": []
  },
  {
    "para_id": "1140.2199",
    "id_prev": "1140.2198",
    "id_next": "1140.2201",
    "refcode_1": "GSAM",
    "refcode_2": "344",
    "refcode_3": "5",
    "refcode_4": "",
    "refcode_short": "GSAM 344.5",
    "refcode_long": "The Great Second Advent Movement: Its Rise and Progress, p. 344.5 (John Norton Loughborough)",
    "element_type": "p",
    "element_subtype": "standard-indented",
    "content": "The following from Elder James White upon the subject of organization and discipline appeared in the <em>Review</em> of Jan. 4, 1881:&mdash;",
    "puborder": 1603,
    "translations": []
  },
  {
    "para_id": "1140.2201",
    "id_prev": "1140.2199",
    "id_next": "1140.2202",
    "refcode_1": "GSAM",
    "refcode_2": "345",
    "refcode_3": "1",
    "refcode_4": "",
    "refcode_short": "GSAM 345.1",
    "refcode_long": "The Great Second Advent Movement: Its Rise and Progress, p. 345.1 (John Norton Loughborough)",
    "element_type": "p",
    "element_subtype": "standard-indented",
    "content": "&ldquo;Organization was designed to secure unity of action, and as a protection from imposture. It was never intended as a scourge to compel obedience, but rather for the protection of the people of God. Christ does not drive his people; he calls them. &lsquo;My sheep hear my voice, I know them, and they follow me.&rsquo; Our Living Head leads the way, and calls his people to follow.",
    "puborder": 1604,
    "translations": []
  },
  {
    "para_id": "1140.2202",
    "id_prev": "1140.2201",
    "id_next": "1140.2203",
    "refcode_1": "GSAM",
    "refcode_2": "345",
    "refcode_3": "2",
    "refcode_4": "",
    "refcode_short": "GSAM 345.2",
    "refcode_long": "The Great Second Advent Movement: Its Rise and Progress, p. 345.2 (John Norton Loughborough)",
    "element_type": "p",
    "element_subtype": "standard-indented",
    "content": "&ldquo;Human creeds cannot produce unity. Church force cannot press the church into one body. Christ never designed that human minds should be moulded for heaven by the influence of other human minds. &lsquo;The head of every man is Christ.&rsquo; His part is to lead, and to mould, and to stamp his own image upon the heirs of eternal glory. However important organization may be for the protection of the church, and to secure harmony of action, it must not come in to take the discipline from the hands of the Master.",
    "puborder": 1605,
    "translations": []
  }
]