[
  {
    "para_id": "957.94",
    "id_prev": "957.93",
    "id_next": "957.95",
    "refcode_1": "SLG",
    "refcode_2": "12",
    "refcode_3": "",
    "refcode_4": "",
    "refcode_short": "SLG 12",
    "refcode_long": "A Seal of the Living God, p. 12 (Joseph Bates)",
    "element_type": "h4",
    "element_subtype": "",
    "content": "TREES:",
    "puborder": 76,
    "translations": []
  },
  {
    "para_id": "957.95",
    "id_prev": "957.94",
    "id_next": "957.98",
    "refcode_1": "SLG",
    "refcode_2": "12",
    "refcode_3": "3",
    "refcode_4": "",
    "refcode_short": "SLG 12.3",
    "refcode_long": "A Seal of the Living God, p. 12.3 (Joseph Bates)",
    "element_type": "p",
    "element_subtype": "standard-indented",
    "content": "Literal, because first in the text they are connected with and belong to the earth and sea. In my last work, (Vindication of the Sabbath,) where I referred to this sealing message as then being in the future, I then taught that <em>trees</em> was a symbol of man as used by the prophets. See <span class=\"egwlink egwlink_bible\" title=\"Hosea 14:8\" data-link=\"1965.45487\">Hosea 14:8</span>; <span class=\"egwlink egwlink_bible\" title=\"Psalm 1:3\" data-link=\"1965.28385\">Psalm 1:3</span>; <span class=\"egwlink egwlink_bible\" title=\"Matthew 3:10\" data-link=\"1965.47379\">Matthew 3:10</span>, etc. The subject was then new to me, and not much agitated. Here then I imbibed an erroneous view, because on a more through examination I see it must <span class=\"page-break\" data-page=\"13\"></span> be taken in the same literal sense that earth and sea is, because of their close connection and explanation which I now propose.",
    "puborder": 77,
    "translations": []
  },
  {
    "para_id": "957.98",
    "id_prev": "957.95",
    "id_next": "957.99",
    "refcode_1": "SLG",
    "refcode_2": "13",
    "refcode_3": "1",
    "refcode_4": "",
    "refcode_short": "SLG 13.1",
    "refcode_long": "A Seal of the Living God, p. 13.1 (Joseph Bates)",
    "element_type": "p",
    "element_subtype": "standard-indented",
    "content": "In the beginning God created the trees with their fruit on them, and says to man, &ldquo;to you it shall be for <em>meat&rdquo;</em>. <span class=\"egwlink egwlink_bible\" title=\"Genesis 1:29\" data-link=\"1965.61\">Genesis 1:29</span>. Every green herb is for the beasts. 30th vs. God also planted a garden in Eden. &ldquo;And out of the ground made the Lord God to grow every tree that&rsquo;s pleasant to the sight and <em>good for food</em>. The tree of life also in the midst of the garden, and the tree of <em>knowledge of good and evil&rdquo;</em>. <span class=\"egwlink egwlink_bible\" title=\"Genesis 2:8\" data-link=\"1965.82\">Genesis 2:8, 9</span>. It appears that after Adam and Eve had sinned, by eating of the tree of knowledge, of good and evil: that God turned them out of the garden into the earth; &ldquo;lest also they should eat of the tree of life, and live forever. (22nd verse.) In which case they would have become immortal sinners. It is evident from this history that God in the beginning made ample provision for man, both in this mortal and immortal state, i.e. he created fruit for their meat during the 6000 years, for both the righteous and the wicked in this earth, with the difference; viz: for the righteous who keep the commandments and overcome, shall eat of the tree of life which is in the midst of the Paradise of God. (Same garden of Eden.) Jesus calls it &ldquo;the city of my God.&rdquo; John in vision says, it&rsquo;s &ldquo;the New Jerusalem.&rdquo; Paul says, it&rsquo;s &ldquo;the Mother of us all.&rdquo; It&rsquo;s the dwelling place for the saints to &ldquo;live and reign&rdquo; with Christ &ldquo;a thousand years.&rdquo; They shall also have the tree of knowledge: <em>&ldquo;And</em> EVERY TREE <em>that&rsquo;s pleasant to the sight and good for food&rdquo;</em>. Surely our God who declares &ldquo;the end from the beginning,&rdquo; has done all things well. To him be all the glory. Amen.",
    "puborder": 78,
    "translations": []
  },
  {
    "para_id": "957.99",
    "id_prev": "957.98",
    "id_next": "957.100",
    "refcode_1": "SLG",
    "refcode_2": "13",
    "refcode_3": "2",
    "refcode_4": "",
    "refcode_short": "SLG 13.2",
    "refcode_long": "A Seal of the Living God, p. 13.2 (Joseph Bates)",
    "element_type": "p",
    "element_subtype": "standard-indented",
    "content": "No wonder then that Moses gave the following imperious command; viz: &ldquo;when thou shalt besiege a city a long time in making war against it, thou shalt not destroy the TREES thereof by forcing an axe against them, for thou mayest eat of them; and thou <em>shalt not cut them down</em> for the TREE of the field is MAN&rsquo;S LIFE! to employ them in the siege.&rdquo; But trees that are not for meat may be used for the siege. <span class=\"egwlink egwlink_bible\" title=\"Deuteronomy 20:9\" data-link=\"1965.11053\">Deuteronomy 20:9, 20</span>.",
    "puborder": 79,
    "translations": []
  },
  {
    "para_id": "957.100",
    "id_prev": "957.99",
    "id_next": "957.103",
    "refcode_1": "SLG",
    "refcode_2": "13",
    "refcode_3": "3",
    "refcode_4": "",
    "refcode_short": "SLG 13.3",
    "refcode_long": "A Seal of the Living God, p. 13.3 (Joseph Bates)",
    "element_type": "p",
    "element_subtype": "standard-indented",
    "content": "Now in Revelations the word tree is spoken of eight times; four times as the tree of life. This certainly is literal. Again, four times as literal trees connected with <span class=\"page-break\" data-page=\"14\"></span> this earth. See 8: It was literal fire on the literal earth where green grass was, that destroyed the trees. See how clearly this compares with the 7th literal plague on Egypt. <span class=\"egwlink egwlink_bible\" title=\"Exodus 9:25\" data-link=\"1965.3598\">Exodus 9:25</span>.",
    "puborder": 80,
    "translations": []
  },
  {
    "para_id": "957.103",
    "id_prev": "957.100",
    "id_next": "957.104",
    "refcode_1": "SLG",
    "refcode_2": "14",
    "refcode_3": "1",
    "refcode_4": "",
    "refcode_short": "SLG 14.1",
    "refcode_long": "A Seal of the Living God, p. 14.1 (Joseph Bates)",
    "element_type": "p",
    "element_subtype": "standard-indented",
    "content": "Once more: &ldquo;And it was commanded them that they should not hurt the grass of the earth, neither any green thing, neither any tree.&rdquo; <span class=\"egwlink egwlink_bible\" title=\"Revelation 9:4\" data-link=\"1965.62933\">Revelation 9:4</span>. Here is the literal earth and grass in connection with the <em>tree</em>. On this text it is stated on authority from Gibson&rsquo;s history, that under the sounding of the sixth trumpet when the third part of the Roman Empire - the eastern part, was to be scourged, that the successor of Mahomet in issuing his orders to Mohammedan soldiers gave them in these words, viz: Destroy no palm trees, nor burn any fields of corn; cut down no <em>fruit</em> trees, etc., using almost the same language of John in his vision. See Litch&rsquo;s Prophetic expositions. vol.2.",
    "puborder": 81,
    "translations": []
  },
  {
    "para_id": "957.104",
    "id_prev": "957.103",
    "id_next": "957.105",
    "refcode_1": "SLG",
    "refcode_2": "14",
    "refcode_3": "2",
    "refcode_4": "",
    "refcode_short": "SLG 14.2",
    "refcode_long": "A Seal of the Living God, p. 14.2 (Joseph Bates)",
    "element_type": "p",
    "element_subtype": "standard-indented",
    "content": "I think this fully proves the word tree and trees in the text, <span class=\"egwlink egwlink_bible\" title=\"Revelation 7:1\" data-link=\"1965.62865\">Revelation 7:1, 3</span>, to have a clear literal meaning, and as we have proved in the foregoing argument that the words earth and sea, are to be used here in their literal sense, so the trees are to be also.",
    "puborder": 82,
    "translations": []
  }
]