[
  {
    "para_id": "420.2",
    "level": 0,
    "title": "Letters From Ellen G. White To Sanitarium Workers in Southern California—c",
    "refcode_short": "SpTB03c 2",
    "dup": null,
    "puborder": 1
  },
  {
    "para_id": "420.3",
    "level": 1,
    "title": "Introduction",
    "refcode_short": "SpTB03c 2",
    "dup": "420.2",
    "puborder": 3
  },
  {
    "para_id": "420.10",
    "level": 1,
    "title": "Not for Pleasure Seekers",
    "refcode_short": "SpTB03c 3",
    "dup": null,
    "puborder": 9
  },
  {
    "para_id": "420.67",
    "level": 1,
    "title": "Another View",
    "refcode_short": "SpTB03c 11",
    "dup": null,
    "puborder": 58
  },
  {
    "para_id": "420.100",
    "level": 1,
    "title": "The Paradise Valley Sanitarium",
    "refcode_short": "SpTB03c 16",
    "dup": null,
    "puborder": 88
  },
  {
    "para_id": "420.144",
    "level": 1,
    "title": "The Glendale Sanitarium",
    "refcode_short": "SpTB03c 25",
    "dup": null,
    "puborder": 122
  },
  {
    "para_id": "420.161",
    "level": 1,
    "title": "How Shall the Work Be Advanced?",
    "refcode_short": "SpTB03c 27",
    "dup": null,
    "puborder": 136
  },
  {
    "para_id": "420.180",
    "level": 1,
    "title": "Letters About Another Place",
    "refcode_short": "SpTB03c 30",
    "dup": null,
    "puborder": 150
  },
  {
    "para_id": "420.234",
    "level": 1,
    "title": "The Loma Linda Sanitarium",
    "refcode_short": "SpTB03c 39",
    "dup": null,
    "puborder": 195
  }
]