[
  {
    "para_id": "14075.11014001",
    "id_prev": "14075.10945014",
    "id_next": "14075.11014004",
    "refcode_1": "25LtMs",
    "refcode_2": "1",
    "refcode_3": "",
    "refcode_4": "1910003900",
    "refcode_short": "25LtMs, Lt 39, 1910",
    "refcode_long": "Letters and Manuscripts — Volume 25 (1910 - 1915), Lt 39, 1910",
    "element_type": "h4",
    "element_subtype": "",
    "content": "Lt 39, 1910",
    "puborder": 420,
    "translations": []
  },
  {
    "para_id": "14075.11014004",
    "id_prev": "14075.11014001",
    "id_next": "14075.11014002",
    "refcode_1": "25LtMs",
    "refcode_2": "1",
    "refcode_3": "",
    "refcode_4": "1910003900",
    "refcode_short": "",
    "refcode_long": "",
    "element_type": "p",
    "element_subtype": "ltaddressee",
    "content": "White, W. C.",
    "puborder": 421,
    "translations": []
  },
  {
    "para_id": "14075.11014002",
    "id_prev": "14075.11014004",
    "id_next": "14075.11014003",
    "refcode_1": "25LtMs",
    "refcode_2": "1",
    "refcode_3": "",
    "refcode_4": "1910003900",
    "refcode_short": "",
    "refcode_long": "",
    "element_type": "p",
    "element_subtype": "ltplace",
    "content": "<span class=\"ltplace\" value=\"Loma Linda, California\">Loma Linda, California</span>",
    "puborder": 422,
    "translations": []
  },
  {
    "para_id": "14075.11014003",
    "id_prev": "14075.11014002",
    "id_next": "14075.11014005",
    "refcode_1": "25LtMs",
    "refcode_2": "1",
    "refcode_3": "",
    "refcode_4": "1910003900",
    "refcode_short": "",
    "refcode_long": "",
    "element_type": "p",
    "element_subtype": "ltdate",
    "content": "<span class=\"ltdate\" start=\"April 20, 1910\">April 20, 1910</span>",
    "puborder": 423,
    "translations": []
  },
  {
    "para_id": "14075.11014005",
    "id_prev": "14075.11014003",
    "id_next": "14075.11014006",
    "refcode_1": "25LtMs",
    "refcode_2": "1",
    "refcode_3": "",
    "refcode_4": "1910003900",
    "refcode_short": "",
    "refcode_long": "",
    "element_type": "p",
    "element_subtype": "ltpubinfo",
    "content": "Previously unpublished. Incomplete.",
    "puborder": 424,
    "translations": []
  },
  {
    "para_id": "14075.11014006",
    "id_prev": "14075.11014005",
    "id_next": "14075.11014007",
    "refcode_1": "25LtMs",
    "refcode_2": "1",
    "refcode_3": "",
    "refcode_4": "1910003900",
    "refcode_short": "",
    "refcode_long": "",
    "element_type": "p",
    "element_subtype": "ltsalutation",
    "content": "My Son W. C. White:",
    "puborder": 425,
    "translations": []
  },
  {
    "para_id": "14075.11014007",
    "id_prev": "14075.11014006",
    "id_next": "14075.11014008",
    "refcode_1": "25LtMs",
    "refcode_2": "1",
    "refcode_3": "268",
    "refcode_4": "1910003900",
    "refcode_short": "25LtMs, Lt 39, 1910, par. 1",
    "refcode_long": "Letters and Manuscripts — Volume 25 (1910 - 1915), Lt 39, 1910, par. 1",
    "element_type": "p",
    "element_subtype": "standard-indented",
    "content": "I sent you a decided letter for yourself. I did not want it copied; but still it may be considered.",
    "puborder": 426,
    "translations": []
  },
  {
    "para_id": "14075.11014008",
    "id_prev": "14075.11014007",
    "id_next": "14075.11014009",
    "refcode_1": "25LtMs",
    "refcode_2": "1",
    "refcode_3": "269",
    "refcode_4": "1910003900",
    "refcode_short": "25LtMs, Lt 39, 1910, par. 2",
    "refcode_long": "Letters and Manuscripts — Volume 25 (1910 - 1915), Lt 39, 1910, par. 2",
    "element_type": "p",
    "element_subtype": "standard-indented",
    "content": "Last night is the first night&rsquo;s rest I have had for some time; yet I have tried to labor, and now it is ordered that I speak on Sabbath. An appointment is out for me to speak in a large public hall in Los Angeles. Brother Andross and several others were in for this. I was assured I should have Elder Andross to help me. He and Elder Burden were with me in the school.",
    "puborder": 427,
    "translations": []
  },
  {
    "para_id": "14075.11014009",
    "id_prev": "14075.11014008",
    "id_next": "14075.11014010",
    "refcode_1": "25LtMs",
    "refcode_2": "1",
    "refcode_3": "270",
    "refcode_4": "1910003900",
    "refcode_short": "25LtMs, Lt 39, 1910, par. 3",
    "refcode_long": "Letters and Manuscripts — Volume 25 (1910 - 1915), Lt 39, 1910, par. 3",
    "element_type": "p",
    "element_subtype": "standard-indented",
    "content": "I was very much blessed in speaking to a crowded house, and all were deeply affected&mdash;men, women, and children. I spoke a short time Sunday morning. The meeting place was crowded and the same tender spirit was manifested. And then I spoke once to the crowded meetinghouse in San Diego, and the softening influence of the Holy Spirit was upon the congregation.",
    "puborder": 428,
    "translations": []
  },
  {
    "para_id": "14075.11014010",
    "id_prev": "14075.11014009",
    "id_next": "14075.10932001",
    "refcode_1": "25LtMs",
    "refcode_2": "1",
    "refcode_3": "271",
    "refcode_4": "1910003900",
    "refcode_short": "25LtMs, Lt 39, 1910, par. 4",
    "refcode_long": "Letters and Manuscripts — Volume 25 (1910 - 1915), Lt 39, 1910, par. 4",
    "element_type": "p",
    "element_subtype": "standard-indented",
    "content": "I did not stay my supposed time in Paradise Valley. We had good rooms, but they were full at the sanitarium; and as we had to give up our rooms&mdash;previously engaged&mdash;on Monday, Sarah proposed that we come to this place&mdash;Loma Linda&mdash;on that day. I thought it a good idea, and we found ourselves in cars for a certain high class of people, ministers and their wives, and we enjoyed the journey. We decided not to go around by Los Angeles. [Incomplete.]",
    "puborder": 429,
    "translations": []
  }
]