[
  {
    "para_id": "14075.10842001",
    "id_prev": "14075.10795012",
    "id_next": "14075.10842004",
    "refcode_1": "25LtMs",
    "refcode_2": "1",
    "refcode_3": "",
    "refcode_4": "1910005400",
    "refcode_short": "25LtMs, Lt 54, 1910",
    "refcode_long": "Letters and Manuscripts — Volume 25 (1910 - 1915), Lt 54, 1910",
    "element_type": "h4",
    "element_subtype": "",
    "content": "Lt 54, 1910",
    "puborder": 541,
    "translations": []
  },
  {
    "para_id": "14075.10842004",
    "id_prev": "14075.10842001",
    "id_next": "14075.10842002",
    "refcode_1": "25LtMs",
    "refcode_2": "1",
    "refcode_3": "",
    "refcode_4": "1910005400",
    "refcode_short": "",
    "refcode_long": "",
    "element_type": "p",
    "element_subtype": "ltaddressee",
    "content": "<span class=\"ltaddressee\" value=\"Workman, W. D.; Workman, Mabel White\">Workman, Brother and Sister [W. D.]</span>",
    "puborder": 542,
    "translations": []
  },
  {
    "para_id": "14075.10842002",
    "id_prev": "14075.10842004",
    "id_next": "14075.10842003",
    "refcode_1": "25LtMs",
    "refcode_2": "1",
    "refcode_3": "",
    "refcode_4": "1910005400",
    "refcode_short": "",
    "refcode_long": "",
    "element_type": "p",
    "element_subtype": "ltplace",
    "content": "<span class=\"ltplace\" value=\"St. Helena, California\">&ldquo;Elmshaven,&rdquo; St. Helena, California</span>",
    "puborder": 543,
    "translations": []
  },
  {
    "para_id": "14075.10842003",
    "id_prev": "14075.10842002",
    "id_next": "14075.10842005",
    "refcode_1": "25LtMs",
    "refcode_2": "1",
    "refcode_3": "",
    "refcode_4": "1910005400",
    "refcode_short": "",
    "refcode_long": "",
    "element_type": "p",
    "element_subtype": "ltdate",
    "content": "<span class=\"ltdate\" start=\"June 16, 1910\">June 16, 1910</span>",
    "puborder": 544,
    "translations": []
  },
  {
    "para_id": "14075.10842005",
    "id_prev": "14075.10842003",
    "id_next": "14075.10842006",
    "refcode_1": "25LtMs",
    "refcode_2": "1",
    "refcode_3": "",
    "refcode_4": "1910005400",
    "refcode_short": "",
    "refcode_long": "",
    "element_type": "p",
    "element_subtype": "ltpubinfo",
    "content": "Previously unpublished.",
    "puborder": 545,
    "translations": []
  },
  {
    "para_id": "14075.10842006",
    "id_prev": "14075.10842005",
    "id_next": "14075.10842007",
    "refcode_1": "25LtMs",
    "refcode_2": "1",
    "refcode_3": "",
    "refcode_4": "1910005400",
    "refcode_short": "",
    "refcode_long": "",
    "element_type": "p",
    "element_subtype": "ltsalutation",
    "content": "Dear grandchildren Mabel and Wilfred Workman:",
    "puborder": 546,
    "translations": []
  },
  {
    "para_id": "14075.10842007",
    "id_prev": "14075.10842006",
    "id_next": "14075.10842008",
    "refcode_1": "25LtMs",
    "refcode_2": "1",
    "refcode_3": "339",
    "refcode_4": "1910005400",
    "refcode_short": "25LtMs, Lt 54, 1910, par. 1",
    "refcode_long": "Letters and Manuscripts — Volume 25 (1910 - 1915), Lt 54, 1910, par. 1",
    "element_type": "p",
    "element_subtype": "standard-indented",
    "content": "I much desire to see you. I have every reason to be thankful that I am becoming rested. I am beginning to answer some letters. I eat very sparingly. I have a great desire to receive an increase of strength that I may be able to do something. For a time I could not endure the least taxation, but I am surely improving. I do not feel like complaining, but will be thankful for the strength I am gaining.",
    "puborder": 547,
    "translations": []
  },
  {
    "para_id": "14075.10842008",
    "id_prev": "14075.10842007",
    "id_next": "14075.10842009",
    "refcode_1": "25LtMs",
    "refcode_2": "1",
    "refcode_3": "340",
    "refcode_4": "1910005400",
    "refcode_short": "25LtMs, Lt 54, 1910, par. 2",
    "refcode_long": "Letters and Manuscripts — Volume 25 (1910 - 1915), Lt 54, 1910, par. 2",
    "element_type": "p",
    "element_subtype": "standard-indented",
    "content": "There must be no pretense in our experience, for we have a character to form day by day. The inhabitants of the heavenly universe are ever ready to do the will of the Lord.",
    "puborder": 548,
    "translations": []
  },
  {
    "para_id": "14075.10842009",
    "id_prev": "14075.10842008",
    "id_next": "14075.10842010",
    "refcode_1": "25LtMs",
    "refcode_2": "1",
    "refcode_3": "341",
    "refcode_4": "1910005400",
    "refcode_short": "25LtMs, Lt 54, 1910, par. 3",
    "refcode_long": "Letters and Manuscripts — Volume 25 (1910 - 1915), Lt 54, 1910, par. 3",
    "element_type": "p",
    "element_subtype": "standard-indented",
    "content": "I have been up to the school farm several times, and spoken to the students at the college. They seem to enjoy my visits, and I have given them a talk which they all appreciated very much. There we found our people working just as they did in Cooranbong, Australia. They have certain hours for study, and a part of the time is given to physical exercise, which increases strength of muscle and gives them clearness of mind. Oh how true it is that this kind of education is the most sensible for the health of both body and soul. We want to be true witnesses for God. Evil angels are working to tempt every soul; but if we are watching unto prayer, our hearts drawn out after God, they cannot draw our minds into wrong channels. &ldquo;All this will I give thee, if thou wilt worship me,&rdquo; saith the tempter. [<span class=\"egwlink egwlink_bible\" title=\"Matthew 4:9\" data-link=\"1965.47412\">Matthew 4:9</span>.] But we all know that it is not safe to follow the suggestions of the enemy.",
    "puborder": 549,
    "translations": []
  },
  {
    "para_id": "14075.10842010",
    "id_prev": "14075.10842009",
    "id_next": "14075.10842011",
    "refcode_1": "25LtMs",
    "refcode_2": "1",
    "refcode_3": "342",
    "refcode_4": "1910005400",
    "refcode_short": "25LtMs, Lt 54, 1910, par. 4",
    "refcode_long": "Letters and Manuscripts — Volume 25 (1910 - 1915), Lt 54, 1910, par. 4",
    "element_type": "p",
    "element_subtype": "standard-indented",
    "content": "Children, strive to live the truth in all its bearings. Satan will present his temptations in every line possible. But angels of God are charged to be our keepers, if we will be kept. I am charged by the Holy Spirit to exhort our people to watch and pray and barricade their principles, that the Lord shall not be dishonored in any way. The Lord will keep us, soul and body and spirit, if we will be on our guard; for holy angels are close beside us, and we are to act circumspectly and to watch and pray lest we enter into the snares of Satan.",
    "puborder": 550,
    "translations": []
  },
  {
    "para_id": "14075.10842011",
    "id_prev": "14075.10842010",
    "id_next": "14075.10842012",
    "refcode_1": "25LtMs",
    "refcode_2": "1",
    "refcode_3": "343",
    "refcode_4": "1910005400",
    "refcode_short": "25LtMs, Lt 54, 1910, par. 5",
    "refcode_long": "Letters and Manuscripts — Volume 25 (1910 - 1915), Lt 54, 1910, par. 5",
    "element_type": "p",
    "element_subtype": "standard-indented",
    "content": "The increase of crime in our cities is strong and fearful. But if you watch unto prayer you will be safely guarded, for Christ&rsquo;s minutemen will help you to be clean, pure witnesses for God. Your steadfast adherence to the truth will give you advantage in bearing a clean, pure testimony for the truth. Thus we may be the Lord&rsquo;s spiritual helpers at all times and in all places. We may ever be a spiritual power for righteousness and truth, for we may grow in grace and in the knowledge of the will of God through faith, in humble obedience. And I pray that both of you may be able to become the Lord&rsquo;s messengers in clear, distinct lines, considering that time is short, and the power of satanic agencies will certainly increase. The fulfilment of prophecy concerning these things is ever to be kept in mind. Read the prayer of Christ, offered just before His betrayal by the wicked Judas. It is well to consider that prayer of Christ, who was the only begotten Son of God.",
    "puborder": 551,
    "translations": []
  },
  {
    "para_id": "14075.10842012",
    "id_prev": "14075.10842011",
    "id_next": "14075.10837001",
    "refcode_1": "25LtMs",
    "refcode_2": "1",
    "refcode_3": "344",
    "refcode_4": "1910005400",
    "refcode_short": "25LtMs, Lt 54, 1910, par. 6",
    "refcode_long": "Letters and Manuscripts — Volume 25 (1910 - 1915), Lt 54, 1910, par. 6",
    "element_type": "p",
    "element_subtype": "standard-indented",
    "content": "Let not any discouragement come upon us under any circumstance. Christ was tried, condemned, and crucified, and He was the Lord&rsquo;s only begotten Son. Let us daily become consecrated channels through which heavenly life is to flow to others. The Holy Spirit is to animate and pervade the whole church, purifying and cementing hearts. Never lose sight of Jesus Christ, looking unto Him who is the Author and Finisher of our faith. May the Lord bless and keep you unto the end. Grandmother.",
    "puborder": 552,
    "translations": []
  }
]