[
  {
    "para_id": "14075.10936001",
    "id_prev": "14075.10769013",
    "id_next": "14075.10936005",
    "refcode_1": "25LtMs",
    "refcode_2": "1",
    "refcode_3": "",
    "refcode_4": "1911006000",
    "refcode_short": "25LtMs, Lt 60, 1911",
    "refcode_long": "Letters and Manuscripts — Volume 25 (1910 - 1915), Lt 60, 1911",
    "element_type": "h4",
    "element_subtype": "",
    "content": "Lt 60, 1911",
    "puborder": 3977,
    "translations": []
  },
  {
    "para_id": "14075.10936005",
    "id_prev": "14075.10936001",
    "id_next": "14075.10936002",
    "refcode_1": "25LtMs",
    "refcode_2": "1",
    "refcode_3": "",
    "refcode_4": "1911006000",
    "refcode_short": "",
    "refcode_long": "",
    "element_type": "p",
    "element_subtype": "ltaddressee",
    "content": "White, J. E.",
    "puborder": 3978,
    "translations": []
  },
  {
    "para_id": "14075.10936002",
    "id_prev": "14075.10936005",
    "id_next": "14075.10936003",
    "refcode_1": "25LtMs",
    "refcode_2": "1",
    "refcode_3": "",
    "refcode_4": "1911006000",
    "refcode_short": "",
    "refcode_long": "",
    "element_type": "p",
    "element_subtype": "ltplace",
    "content": "<span class=\"ltplace\" value=\"NP\">NP</span>",
    "puborder": 3979,
    "translations": []
  },
  {
    "para_id": "14075.10936003",
    "id_prev": "14075.10936002",
    "id_next": "14075.10936006",
    "refcode_1": "25LtMs",
    "refcode_2": "1",
    "refcode_3": "",
    "refcode_4": "1911006000",
    "refcode_short": "",
    "refcode_long": "",
    "element_type": "p",
    "element_subtype": "ltdate",
    "content": "<span class=\"ltdate\" start=\"August 4, 1911\">August 4, 1911</span> [typed]",
    "puborder": 3980,
    "translations": []
  },
  {
    "para_id": "14075.10936006",
    "id_prev": "14075.10936003",
    "id_next": "14075.10936021",
    "refcode_1": "25LtMs",
    "refcode_2": "1",
    "refcode_3": "",
    "refcode_4": "1911006000",
    "refcode_short": "",
    "refcode_long": "",
    "element_type": "p",
    "element_subtype": "ltpubinfo",
    "content": "Portions of this letter are published in <span class=\"egwlink egwlink_book\" title=\"3MR 181\" data-link=\"69.994\">3MR 181-182</span>; <span class=\"egwlink egwlink_book\" title=\"11MR 20\" data-link=\"54.102\">11MR 20</span>. +<sup class=\"footnote\"><a class=\"footnote\">Note<span class=\"footnote\">One or more typed copies of this document contain additional Ellen White handwritten interlineations which may be viewed at the main office of the Ellen G. White Estate.</span></a></sup>",
    "puborder": 3981,
    "translations": []
  },
  {
    "para_id": "14075.10936021",
    "id_prev": "14075.10936006",
    "id_next": "14075.10936007",
    "refcode_1": "25LtMs",
    "refcode_2": "1",
    "refcode_3": "",
    "refcode_4": "1911006000",
    "refcode_short": "",
    "refcode_long": "",
    "element_type": "p",
    "element_subtype": "ltaddress",
    "content": "Elder J. E. White<br />\r\nNashville, Tennessee",
    "puborder": 3982,
    "translations": []
  },
  {
    "para_id": "14075.10936007",
    "id_prev": "14075.10936021",
    "id_next": "14075.10936008",
    "refcode_1": "25LtMs",
    "refcode_2": "1",
    "refcode_3": "",
    "refcode_4": "1911006000",
    "refcode_short": "",
    "refcode_long": "",
    "element_type": "p",
    "element_subtype": "ltsalutation",
    "content": "My dear Son Edson White:",
    "puborder": 3983,
    "translations": []
  },
  {
    "para_id": "14075.10936008",
    "id_prev": "14075.10936007",
    "id_next": "14075.10936009",
    "refcode_1": "25LtMs",
    "refcode_2": "1",
    "refcode_3": "2740",
    "refcode_4": "1911006000",
    "refcode_short": "25LtMs, Lt 60, 1911, par. 1",
    "refcode_long": "Letters and Manuscripts — Volume 25 (1910 - 1915), Lt 60, 1911, par. 1",
    "element_type": "p",
    "element_subtype": "standard-indented",
    "content": "I have read your recent letters, but cannot answer them now. Ever since returning from the Oakland camp-meeting I have been suffering from a heavy cold.",
    "puborder": 3984,
    "translations": []
  },
  {
    "para_id": "14075.10936009",
    "id_prev": "14075.10936008",
    "id_next": "14075.10936010",
    "refcode_1": "25LtMs",
    "refcode_2": "1",
    "refcode_3": "2741",
    "refcode_4": "1911006000",
    "refcode_short": "25LtMs, Lt 60, 1911, par. 2",
    "refcode_long": "Letters and Manuscripts — Volume 25 (1910 - 1915), Lt 60, 1911, par. 2",
    "element_type": "p",
    "element_subtype": "standard-indented",
    "content": "I spoke several times at the camp-meeting. The meeting was a large one, and the large tent was crowded with attentive listeners. The arrangement of the ground was excellent. The weather was cold. At some of the meetings the large tent would not accommodate all who came. Perfect order was preserved on the ground throughout the meeting.",
    "puborder": 3985,
    "translations": []
  },
  {
    "para_id": "14075.10936010",
    "id_prev": "14075.10936009",
    "id_next": "14075.10936011",
    "refcode_1": "25LtMs",
    "refcode_2": "1",
    "refcode_3": "2742",
    "refcode_4": "1911006000",
    "refcode_short": "25LtMs, Lt 60, 1911, par. 3",
    "refcode_long": "Letters and Manuscripts — Volume 25 (1910 - 1915), Lt 60, 1911, par. 3",
    "element_type": "p",
    "element_subtype": "standard-indented",
    "content": "Our rooms were directly across the road from the campground and were very comfortable. I was very pleased with the arrangement, as I had only to cross the road and walk into the large tent to meet my appointments.",
    "puborder": 3986,
    "translations": []
  },
  {
    "para_id": "14075.10936011",
    "id_prev": "14075.10936010",
    "id_next": "14075.10936012",
    "refcode_1": "25LtMs",
    "refcode_2": "1",
    "refcode_3": "2743",
    "refcode_4": "1911006000",
    "refcode_short": "25LtMs, Lt 60, 1911, par. 4",
    "refcode_long": "Letters and Manuscripts — Volume 25 (1910 - 1915), Lt 60, 1911, par. 4",
    "element_type": "p",
    "element_subtype": "standard-indented",
    "content": "When we were ready to return home, a brother who is always ready to place his automobile at our disposal took us several miles through the city to the station and saw us on board the train for St. Helena.",
    "puborder": 3987,
    "translations": []
  },
  {
    "para_id": "14075.10936012",
    "id_prev": "14075.10936011",
    "id_next": "14075.10936013",
    "refcode_1": "25LtMs",
    "refcode_2": "1",
    "refcode_3": "2744",
    "refcode_4": "1911006000",
    "refcode_short": "25LtMs, Lt 60, 1911, par. 5",
    "refcode_long": "Letters and Manuscripts — Volume 25 (1910 - 1915), Lt 60, 1911, par. 5",
    "element_type": "p",
    "element_subtype": "standard-indented",
    "content": "O how thankful I was that the Lord had given me strength to stay through the meeting. The last meeting at which I spoke the Spirit of the Lord rested upon me in a large measure. I felt very sensibly the presence of the Lord, His peace was in my heart, and I felt that underneath were the everlasting arms. Never have I felt more free or more fully satisfied. The Spirit of the Lord was present in the congregation, leading to a general movement in a season of prayer.",
    "puborder": 3988,
    "translations": []
  },
  {
    "para_id": "14075.10936013",
    "id_prev": "14075.10936012",
    "id_next": "14075.10936014",
    "refcode_1": "25LtMs",
    "refcode_2": "1",
    "refcode_3": "2745",
    "refcode_4": "1911006000",
    "refcode_short": "25LtMs, Lt 60, 1911, par. 6",
    "refcode_long": "Letters and Manuscripts — Volume 25 (1910 - 1915), Lt 60, 1911, par. 6",
    "element_type": "p",
    "element_subtype": "standard-indented",
    "content": "Meetings are being continued in Oakland to follow up the interest created by the camp.",
    "puborder": 3989,
    "translations": []
  },
  {
    "para_id": "14075.10936014",
    "id_prev": "14075.10936013",
    "id_next": "14075.10936015",
    "refcode_1": "25LtMs",
    "refcode_2": "1",
    "refcode_3": "2746",
    "refcode_4": "1911006000",
    "refcode_short": "25LtMs, Lt 60, 1911, par. 7",
    "refcode_long": "Letters and Manuscripts — Volume 25 (1910 - 1915), Lt 60, 1911, par. 7",
    "element_type": "p",
    "element_subtype": "standard-indented",
    "content": "On the journey home I felt at perfect peace. I felt no weariness or pain, but rested quietly in God. About the second day after we reached home, a heavy cold came upon me, and I began to raise great quantities of phlegm from my throat and lungs. This condition continued for about a week. Yesterday I began to recover and am now very much better. Today I took my meals with my family&mdash;the first time I have done this since this cold has been on me.",
    "puborder": 3990,
    "translations": []
  },
  {
    "para_id": "14075.10936015",
    "id_prev": "14075.10936014",
    "id_next": "14075.10936016",
    "refcode_1": "25LtMs",
    "refcode_2": "1",
    "refcode_3": "2747",
    "refcode_4": "1911006000",
    "refcode_short": "25LtMs, Lt 60, 1911, par. 8",
    "refcode_long": "Letters and Manuscripts — Volume 25 (1910 - 1915), Lt 60, 1911, par. 8",
    "element_type": "p",
    "element_subtype": "standard-indented",
    "content": "My courage is good in the Lord; for I see the work of God being carried to all parts of the world and conversions to the truth being made.",
    "puborder": 3991,
    "translations": []
  },
  {
    "para_id": "14075.10936016",
    "id_prev": "14075.10936015",
    "id_next": "14075.10936017",
    "refcode_1": "25LtMs",
    "refcode_2": "1",
    "refcode_3": "2748",
    "refcode_4": "1911006000",
    "refcode_short": "25LtMs, Lt 60, 1911, par. 9",
    "refcode_long": "Letters and Manuscripts — Volume 25 (1910 - 1915), Lt 60, 1911, par. 9",
    "element_type": "p",
    "element_subtype": "standard-indented",
    "content": "This year the camp-meeting in Southern California is to be held at Long Beach. We expect to start next Monday for this meeting. When in Southern California, I shall visit Loma Linda.",
    "puborder": 3992,
    "translations": []
  },
  {
    "para_id": "14075.10936017",
    "id_prev": "14075.10936016",
    "id_next": "14075.10936018",
    "refcode_1": "25LtMs",
    "refcode_2": "1",
    "refcode_3": "2749",
    "refcode_4": "1911006000",
    "refcode_short": "25LtMs, Lt 60, 1911, par. 10",
    "refcode_long": "Letters and Manuscripts — Volume 25 (1910 - 1915), Lt 60, 1911, par. 10",
    "element_type": "p",
    "element_subtype": "standard-indented",
    "content": "My workers are busy completing the work to be done on the new book <span class=\"egwlink egwlink_book\" title=\"AA\" data-link=\"127.5\"><em>The Acts of the Apostles</em></span>. This we expect to close up very shortly. This will be a precious book for our people. You shall have a copy of it as soon as it is finished. My workers are continually bringing in chapters for me to read; and I lay aside my other work to do this.",
    "puborder": 3993,
    "translations": []
  },
  {
    "para_id": "14075.10936018",
    "id_prev": "14075.10936017",
    "id_next": "14075.10936019",
    "refcode_1": "25LtMs",
    "refcode_2": "1",
    "refcode_3": "2750",
    "refcode_4": "1911006000",
    "refcode_short": "25LtMs, Lt 60, 1911, par. 11",
    "refcode_long": "Letters and Manuscripts — Volume 25 (1910 - 1915), Lt 60, 1911, par. 11",
    "element_type": "p",
    "element_subtype": "standard-indented",
    "content": "I shall not be able to write you as long a letter as I could wish. This morning I have already read several chapters on the life of Paul; and after that I felt at first that I could not write. But I will get off this short letter to you, God helping me. I hope to be able to write a longer one soon. I hope that Emma will be blessed with health and strength. Whether in sickness or in health, we need to be of good courage in the Lord.",
    "puborder": 3994,
    "translations": []
  },
  {
    "para_id": "14075.10936019",
    "id_prev": "14075.10936018",
    "id_next": "14075.10936020",
    "refcode_1": "25LtMs",
    "refcode_2": "1",
    "refcode_3": "2751",
    "refcode_4": "1911006000",
    "refcode_short": "25LtMs, Lt 60, 1911, par. 12",
    "refcode_long": "Letters and Manuscripts — Volume 25 (1910 - 1915), Lt 60, 1911, par. 12",
    "element_type": "p",
    "element_subtype": "standard-indented",
    "content": "A letter has just come from Elder Haskell, telling of his contemplated work in the state of Maine. They will be pleased if we can help them financially, and I will certainly try to do this. I would be pleased to connect with Elder Haskell, but this does not seem possible. I can send him books. He needs money, and I may be able to help him in this from the amounts that church members send me from different places to use where I shall see fit. Portland is the place where I was born, and there I first heard the message of the coming of the Lord. It is where my first experience was gained in seeking to bring the truth to others. If my book work were all done, I might feel free to spend some time in Portland.",
    "puborder": 3995,
    "translations": []
  },
  {
    "para_id": "14075.10936020",
    "id_prev": "14075.10936019",
    "id_next": "14075.10975001",
    "refcode_1": "25LtMs",
    "refcode_2": "1",
    "refcode_3": "2752",
    "refcode_4": "1911006000",
    "refcode_short": "25LtMs, Lt 60, 1911, par. 13",
    "refcode_long": "Letters and Manuscripts — Volume 25 (1910 - 1915), Lt 60, 1911, par. 13",
    "element_type": "p",
    "element_subtype": "standard-indented",
    "content": "I would be pleased to see you both, Edson and Emma, but this cannot be just now. May the Lord bless and guide you, is my prayer.",
    "puborder": 3996,
    "translations": []
  }
]