[
  {
    "para_id": "147.1725",
    "id_prev": "147.1723",
    "id_next": "147.1726",
    "refcode_1": "UL",
    "refcode_2": "228",
    "refcode_3": "",
    "refcode_4": "214",
    "refcode_short": "UL 228",
    "refcode_long": "The Upward Look, p. 228 (Ellen Gould White)",
    "element_type": "h3",
    "element_subtype": "",
    "content": "Enoch Pleased God, August 2",
    "puborder": 1538,
    "translations": [
      {
        "para_id": "1700.1780",
        "lang": "es",
        "refcode": "ATO 226"
      },
      {
        "para_id": "1812.1736",
        "lang": "fr",
        "refcode": "LVH 220"
      }
    ]
  },
  {
    "para_id": "147.1726",
    "id_prev": "147.1725",
    "id_next": "147.1727",
    "refcode_1": "UL",
    "refcode_2": "228",
    "refcode_3": "1",
    "refcode_4": "",
    "refcode_short": "UL 228.1",
    "refcode_long": "The Upward Look, p. 228.1 (Ellen Gould White)",
    "element_type": "p",
    "element_subtype": "devotionaltext",
    "content": "And Enoch walked with God: and he was not; for God took him. <span class=\"egwlink egwlink_bible\" title=\"Genesis 5:24\" data-link=\"1965.267\">Genesis 5:24</span>.",
    "puborder": 1539,
    "translations": [
      {
        "para_id": "1700.1781",
        "lang": "es",
        "refcode": "ATO 226.1"
      },
      {
        "para_id": "1812.1737",
        "lang": "fr",
        "refcode": "LVH 220.1"
      }
    ]
  },
  {
    "para_id": "147.1727",
    "id_prev": "147.1726",
    "id_next": "147.1728",
    "refcode_1": "UL",
    "refcode_2": "228",
    "refcode_3": "2",
    "refcode_4": "",
    "refcode_short": "UL 228.2",
    "refcode_long": "The Upward Look, p. 228.2 (Ellen Gould White)",
    "element_type": "p",
    "element_subtype": "standard-indented",
    "content": "God had a church when Adam and Eve and Abel accepted and hailed with joy the good news that Jesus was their Redeemer. These realized as fully then as we realize now the promise of the presence of God in their midst. Wherever Enoch found one or two who were willing to hear the message he had for them, Jesus joined with them in their worship of God. In Enoch&apos;s day there were some among the wicked inhabitants of earth who believed. The Lord never yet has left His faithful few without His presence nor the world without a witness.",
    "puborder": 1540,
    "translations": [
      {
        "para_id": "1700.1782",
        "lang": "es",
        "refcode": "ATO 226.2"
      },
      {
        "para_id": "1812.1738",
        "lang": "fr",
        "refcode": "LVH 220.2"
      }
    ]
  },
  {
    "para_id": "147.1728",
    "id_prev": "147.1727",
    "id_next": "147.1729",
    "refcode_1": "UL",
    "refcode_2": "228",
    "refcode_3": "3",
    "refcode_4": "",
    "refcode_short": "UL 228.3",
    "refcode_long": "The Upward Look, p. 228.3 (Ellen Gould White)",
    "element_type": "p",
    "element_subtype": "standard-indented",
    "content": "Enoch was a public teacher of the truth in the age in which he lived. He taught the truth; he lived the truth; and the character of the teacher who walked with God was in every way harmonious with the greatness and sacredness of his mission. Enoch was a prophet who spake as he was moved by the Holy Ghost. He was a light amid the moral darkness, a pattern man, a man who walked with God, being obedient to God&apos;s law&mdash;that law which Satan had refused to obey, which Adam had transgressed, which Abel obeyed, and because of his obedience was murdered. And now God would demonstrate to the universe the falsity of Satan&apos;s charge that man cannot keep God&apos;s law. He would demonstrate that though man had sinned, he could so relate himself to God that he would have the mind and spirit of God and would be a representative symbol of Christ. This holy man was selected of God to denounce the wickedness of the world, and to evidence to the world that it is possible for men to keep all the law of God....",
    "puborder": 1541,
    "translations": [
      {
        "para_id": "1700.1783",
        "lang": "es",
        "refcode": "ATO 226.3"
      },
      {
        "para_id": "1812.1739",
        "lang": "fr",
        "refcode": "LVH 220.3"
      }
    ]
  },
  {
    "para_id": "147.1729",
    "id_prev": "147.1728",
    "id_next": "147.1731",
    "refcode_1": "UL",
    "refcode_2": "228",
    "refcode_3": "4",
    "refcode_4": "",
    "refcode_short": "UL 228.4",
    "refcode_long": "The Upward Look, p. 228.4 (Ellen Gould White)",
    "element_type": "p",
    "element_subtype": "standard-indented",
    "content": "Enoch not only meditated and prayed, and put on the armor of watchfulness, but he came forth from his pleadings with God to plead with his fellow men. He did not mask the truth to find favor with unbelievers, thus neglecting their souls. This close connection with God gave him courage to work the works of God. Enoch walked with God and &ldquo;had the testimony that his ways pleased God.&rdquo; This is the privilege of every believer today. It is man dwelling with God, and God taking up His abode with man. &ldquo;I in them, and thou in me,&rdquo; says Jesus. To walk with God and have the witness that their ways please Him is an experience not to be confined to Enoch, to Elijah, to patriarchs, to prophets, to apostles, and to martyrs. It is not only the privilege but the duty of every follower of Christ to have Jesus enshrined in the heart, to carry Him with them in their lives; and they will indeed be fruit-bearing trees.&mdash;<span class=\"egwlink egwlink_book\" title=\"Ms 43, 1900\" data-link=\"14065.7577001\">Manuscript 43, August 2, 1900</span>, &ldquo;The Prophet Enoch.&rdquo;",
    "puborder": 1542,
    "translations": [
      {
        "para_id": "1700.1785",
        "lang": "es",
        "refcode": "ATO 226.5"
      },
      {
        "para_id": "1812.1740",
        "lang": "fr",
        "refcode": "LVH 220.4"
      },
      {
        "para_id": "1812.1741",
        "lang": "fr",
        "refcode": "LVH 220.5"
      }
    ]
  }
]