[
  {
    "para_id": "147.2048",
    "id_prev": "147.2046",
    "id_next": "147.2049",
    "refcode_1": "UL",
    "refcode_2": "269",
    "refcode_3": "",
    "refcode_4": "255",
    "refcode_short": "UL 269",
    "refcode_long": "The Upward Look, p. 269 (Ellen Gould White)",
    "element_type": "h3",
    "element_subtype": "",
    "content": "Self Must Die, September 12",
    "puborder": 1820,
    "translations": [
      {
        "para_id": "1700.2115",
        "lang": "es",
        "refcode": "ATO 267"
      },
      {
        "para_id": "1812.2061",
        "lang": "fr",
        "refcode": "LVH 261"
      }
    ]
  },
  {
    "para_id": "147.2049",
    "id_prev": "147.2048",
    "id_next": "147.2050",
    "refcode_1": "UL",
    "refcode_2": "269",
    "refcode_3": "1",
    "refcode_4": "",
    "refcode_short": "UL 269.1",
    "refcode_long": "The Upward Look, p. 269.1 (Ellen Gould White)",
    "element_type": "p",
    "element_subtype": "devotionaltext",
    "content": "And with all deceivableness of unrighteousness in them that perish; because they received not the love of the truth, that they might be saved. <span class=\"egwlink egwlink_bible\" title=\"2 Thessalonians 2:10\" data-link=\"1965.60516\">2 Thessalonians 2:10</span>.",
    "puborder": 1821,
    "translations": [
      {
        "para_id": "1700.2116",
        "lang": "es",
        "refcode": "ATO 267.1"
      },
      {
        "para_id": "1812.2062",
        "lang": "fr",
        "refcode": "LVH 261.1"
      }
    ]
  },
  {
    "para_id": "147.2050",
    "id_prev": "147.2049",
    "id_next": "147.2051",
    "refcode_1": "UL",
    "refcode_2": "269",
    "refcode_3": "2",
    "refcode_4": "",
    "refcode_short": "UL 269.2",
    "refcode_long": "The Upward Look, p. 269.2 (Ellen Gould White)",
    "element_type": "p",
    "element_subtype": "standard-indented",
    "content": "The truths of the Word of God possess a sanctifying, transforming power. If received into the heart, and carried into the life, they will prove a savor of life unto life....",
    "puborder": 1822,
    "translations": [
      {
        "para_id": "1700.2117",
        "lang": "es",
        "refcode": "ATO 267.2"
      },
      {
        "para_id": "1812.2063",
        "lang": "fr",
        "refcode": "LVH 261.2"
      }
    ]
  },
  {
    "para_id": "147.2051",
    "id_prev": "147.2050",
    "id_next": "147.2052",
    "refcode_1": "UL",
    "refcode_2": "269",
    "refcode_3": "3",
    "refcode_4": "",
    "refcode_short": "UL 269.3",
    "refcode_long": "The Upward Look, p. 269.3 (Ellen Gould White)",
    "element_type": "p",
    "element_subtype": "standard-indented",
    "content": "There is a work to be done for some who feel no special need of help. It is because they do not feel their needy condition, that they do not reform. They carry the mold of a spoiled character. Unless these souls experience the new birth, they will never see the kingdom of heaven. Unless evil is put away from the life, they cannot be welcomed to the presence of holy angels. God will never again permit to enter the courts of heaven that which will harm and destroy.",
    "puborder": 1823,
    "translations": [
      {
        "para_id": "1700.2118",
        "lang": "es",
        "refcode": "ATO 267.3"
      },
      {
        "para_id": "1812.2064",
        "lang": "fr",
        "refcode": "LVH 261.3"
      }
    ]
  },
  {
    "para_id": "147.2052",
    "id_prev": "147.2051",
    "id_next": "147.2053",
    "refcode_1": "UL",
    "refcode_2": "269",
    "refcode_3": "4",
    "refcode_4": "",
    "refcode_short": "UL 269.4",
    "refcode_long": "The Upward Look, p. 269.4 (Ellen Gould White)",
    "element_type": "p",
    "element_subtype": "standard-indented",
    "content": "We are beset by Satan on the right hand and on the left. He is constantly seeking to spoil the faith of those connected with the work of God. But our precious faith is not to be corrupted by unconverted elements that Satan can use for the poisoning of minds and the deceiving of souls. We need to pray more and to talk less. We need to learn of Christ and to become like Him in meekness and lowliness of heart.",
    "puborder": 1824,
    "translations": [
      {
        "para_id": "1700.2119",
        "lang": "es",
        "refcode": "ATO 267.4"
      },
      {
        "para_id": "1812.2065",
        "lang": "fr",
        "refcode": "LVH 261.4"
      }
    ]
  },
  {
    "para_id": "147.2053",
    "id_prev": "147.2052",
    "id_next": "147.2054",
    "refcode_1": "UL",
    "refcode_2": "269",
    "refcode_3": "5",
    "refcode_4": "",
    "refcode_short": "UL 269.5",
    "refcode_long": "The Upward Look, p. 269.5 (Ellen Gould White)",
    "element_type": "p",
    "element_subtype": "standard-indented",
    "content": "We need to understand how necessary it is that we die to self. Self-crucifixion will place souls on vantage ground. I entreat those [of you] who profess to be Christians to die to self that you may be stirred with a new life by the Holy Spirit&apos;s power. Satan is working with all deceivableness of unrighteousness in them that perish. Daily we need the converting power of God, or we cannot walk in the footprints of Christ. As the mind is enlightened in regard to what is purity and sanctification, and the heart responds to the strivings of the Holy Spirit, a daily conversion will be the result.",
    "puborder": 1825,
    "translations": [
      {
        "para_id": "1700.2120",
        "lang": "es",
        "refcode": "ATO 267.5"
      },
      {
        "para_id": "1812.2066",
        "lang": "fr",
        "refcode": "LVH 261.5"
      }
    ]
  },
  {
    "para_id": "147.2054",
    "id_prev": "147.2053",
    "id_next": "147.2056",
    "refcode_1": "UL",
    "refcode_2": "269",
    "refcode_3": "6",
    "refcode_4": "",
    "refcode_short": "UL 269.6",
    "refcode_long": "The Upward Look, p. 269.6 (Ellen Gould White)",
    "element_type": "p",
    "element_subtype": "standard-indented",
    "content": "In the day of final award two classes will stand before the Judge of all the earth. To those who have failed to walk in the footsteps of Christ the words will be spoken, &ldquo;Depart from me, ye that work iniquity&rdquo; (<span class=\"egwlink egwlink_bible\" title=\"Matthew 7:23\" data-link=\"1965.47657\">Matthew 7:23</span>). Those who have brought the pure, unadulterated truths of the Word of God into the practical life will hear the benediction, &ldquo;Well done, thou good and faithful servant: ... enter thou into the joy of thy lord&rdquo; (<span class=\"egwlink egwlink_bible\" title=\"Matthew 25:21\" data-link=\"1965.49055\">chap. 25:21</span>). We can never enter the City of God until we have learned to die to self, and there dwells within the soul the spirit of Christ.&mdash;<span class=\"egwlink egwlink_book\" title=\"Ms 69, 1909\" data-link=\"14074.8526001\">Manuscript 69, September 12, 1909</span>, &ldquo;The Helpers in Our Sanitariums.&rdquo;",
    "puborder": 1826,
    "translations": [
      {
        "para_id": "1700.2121",
        "lang": "es",
        "refcode": "ATO 267.6"
      },
      {
        "para_id": "1812.2067",
        "lang": "fr",
        "refcode": "LVH 261.6"
      }
    ]
  }
]