{
  "book_id": 461,
  "code": "FPR",
  "lang": "en",
  "type": "periodical",
  "subtype": "no pagebreaks",
  "title": "Forest Park Reporter",
  "first_para": "461.1",
  "author": "Ellen Gould White",
  "description": "",
  "npages": 0,
  "isbn": null,
  "publisher": "",
  "pub_year": "1879",
  "buy_link": null,
  "folder_id": 5,
  "cover": {
    "small": "/covers/461_s.jpg",
    "large": "/covers/461_r.jpg"
  },
  "files": {
    "pdf": "/pdf/en_FPR.pdf",
    "epub": "/epub/en_FPR.epub",
    "mobi": "/mobi/en_FPR.mobi"
  },
  "permission_required": "public",
  "sort": 233000024,
  "is_audiobook": false,
  "cite": "",
  "translated_into": []
}