[
  {
    "para_id": "14808.161",
    "id_prev": "14808.159",
    "id_next": "14808.162",
    "refcode_1": "CSe",
    "refcode_2": "24",
    "refcode_3": "",
    "refcode_4": "21",
    "refcode_short": "CSe 24",
    "refcode_long": "Counsels on Secular Worldview, p. 24 (Ellen G. White Estate)",
    "element_type": "h3",
    "element_subtype": "",
    "content": "<i>Counsel #14</i> &mdash; Questions Call For Critical Evaluation",
    "puborder": 137,
    "translations": []
  },
  {
    "para_id": "14808.162",
    "id_prev": "14808.161",
    "id_next": "14808.163",
    "refcode_1": "CSe",
    "refcode_2": "24",
    "refcode_3": "1",
    "refcode_4": "",
    "refcode_short": "CSe 24.1",
    "refcode_long": "Counsels on Secular Worldview, p. 24.1 (Ellen G. White Estate)",
    "element_type": "p",
    "element_subtype": "standard-indented",
    "content": "<a href=\"https://media2.egwwritings.org/images/14808/2_science_and_the_bible/14_science_vs_the_bible.webp\" alt=\"Counsel #14 &mdash; Questions Call For Critical Evaluation\" title=\"Counsel #14 &mdash; Questions Call For Critical Evaluation\" data-link=\"https://egw.bz/go?uri=https%3a%2f%2fmedia2.egwwritings.org%2fimages%2f14808%2f2_science_and_the_bible%2f14_science_vs_the_bible.webp\" class=\"egwlink egwlink_external\">Picture:</a> <i>Counsel #14</i> &mdash; Questions Call For Critical Evaluation",
    "puborder": 138,
    "translations": []
  },
  {
    "para_id": "14808.163",
    "id_prev": "14808.162",
    "id_next": "14808.164",
    "refcode_1": "CSe",
    "refcode_2": "24",
    "refcode_3": "2",
    "refcode_4": "",
    "refcode_short": "CSe 24.2",
    "refcode_long": "Counsels on Secular Worldview, p. 24.2 (Ellen G. White Estate)",
    "element_type": "p",
    "element_subtype": "standard-indented",
    "content": "Believing in creation doesn&rsquo;t preclude the existence of numerous unanswered questions in biology, geology, paleontology, and other scientific fields. Even a career scientist, despite having significantly fewer questions as they delve deeper into their studies, continuously seeks answers and finds their perspective evolving. Modern science has resolved numerous questions, making it difficult for many to believe that life arose without a Creator and diversified solely through Darwinian evolution. Random mutations, often seen as genetic damage, cannot explain significant positive changes. Even some prominent molecular biologists who aren&rsquo;t creationists acknowledge the mystery of evolution. Despite this, evolutionary assumptions still dominate much of the scientific community. It is vital to value the Word of God and critically evaluate what you read or hear.<sup class=\"footnote\"><a class=\"footnote\">[22]<span class=\"footnote\"><a href=\"https://adventistreview.org/magazine-article/faith-inspired-scientific-inquiry/\" data-link=\"https://egw.bz/go?uri=https%3a%2f%2fadventistreview.org%2fmagazine-article%2ffaith-inspired-scientific-inquiry%2f\" class=\"egwlink egwlink_external\">https://adventistreview.org/magazine-article/faith-inspired-scientific-inquiry/</a></span></a></sup>",
    "puborder": 139,
    "translations": []
  },
  {
    "para_id": "14808.164",
    "id_prev": "14808.163",
    "id_next": "14808.165",
    "refcode_1": "CSe",
    "refcode_2": "24",
    "refcode_3": "3",
    "refcode_4": "",
    "refcode_short": "CSe 24.3",
    "refcode_long": "Counsels on Secular Worldview, p. 24.3 (Ellen G. White Estate)",
    "element_type": "p",
    "element_subtype": "standard-indented",
    "content": "&ldquo;Make them holy by your truth; teach them your word, which is truth.&rdquo; <b><span title=\"John 17:17\" class=\"egwlink egwlink_bible\" data-link=\"1965.54612\">John 17:17</span> NLT</b>",
    "puborder": 140,
    "translations": []
  },
  {
    "para_id": "14808.165",
    "id_prev": "14808.164",
    "id_next": "14808.166",
    "refcode_1": "CSe",
    "refcode_2": "24",
    "refcode_3": "4",
    "refcode_4": "",
    "refcode_short": "CSe 24.4",
    "refcode_long": "Counsels on Secular Worldview, p. 24.4 (Ellen G. White Estate)",
    "element_type": "p",
    "element_subtype": "standard-indented",
    "content": "&ldquo;There should be a settled faith in the divinity of God&apos;s Holy Word. The Bible is not to be tested by men&apos;s idea of science, but science is to be brought to the test of this unerring standard. When the Bible makes statements of facts in nature, science may be compared with the Written Word, and a correct understanding of both will always prove them to be in harmony. One does not contradict the other. All truth, whether in nature or revelation, agrees.&rdquo; Ellen White in <span class=\"egwlink egwlink_book\" title=\"3SM 307\" data-link=\"100.1839\"><b><i>Selected Messages</i>, bk. 3, p. 307</b></span>",
    "puborder": 141,
    "translations": []
  },
  {
    "para_id": "14808.166",
    "id_prev": "14808.165",
    "id_next": "14808.168",
    "refcode_1": "CSe",
    "refcode_2": "24",
    "refcode_3": "5",
    "refcode_4": "",
    "refcode_short": "CSe 24.5",
    "refcode_long": "Counsels on Secular Worldview, p. 24.5 (Ellen G. White Estate)",
    "element_type": "p",
    "element_subtype": "standard-indented",
    "content": "<b>Reflection: </b><i>How does the Bible as an authoritative source of truth influence your interpretation of scientific findings?</i>",
    "puborder": 142,
    "translations": []
  }
]