[
  {
    "para_id": "1257.5",
    "id_prev": "1257.4",
    "id_next": "1257.6",
    "refcode_1": "USCS",
    "refcode_2": "1",
    "refcode_3": "",
    "refcode_4": "",
    "refcode_short": "USCS 1",
    "refcode_long": "Urge Separation Church and State, p. 1 (Alonzo Trevier Jones)",
    "element_type": "h3",
    "element_subtype": "",
    "content": "Same Old Question.",
    "puborder": 4,
    "translations": []
  },
  {
    "para_id": "1257.6",
    "id_prev": "1257.5",
    "id_next": "1257.7",
    "refcode_1": "USCS",
    "refcode_2": "1",
    "refcode_3": "3",
    "refcode_4": "",
    "refcode_short": "USCS 1.3",
    "refcode_long": "Urge Separation Church and State, p. 1.3 (Alonzo Trevier Jones)",
    "element_type": "p",
    "element_subtype": "standard-indented",
    "content": "&ldquo;Mr. Secretary: The original and fundamental question of which the question before you to-day is but an incident,&rdquo; said Mr. Jones, &ldquo;is the national and fundamental question of the separation of church and state in this nation. The letter of the President on the subject recognizes this.",
    "puborder": 5,
    "translations": []
  },
  {
    "para_id": "1257.7",
    "id_prev": "1257.6",
    "id_next": "1257.8",
    "refcode_1": "USCS",
    "refcode_2": "1",
    "refcode_3": "4",
    "refcode_4": "",
    "refcode_short": "USCS 1.4",
    "refcode_long": "Urge Separation Church and State, p. 1.4 (Alonzo Trevier Jones)",
    "element_type": "p",
    "element_subtype": "standard-indented",
    "content": "&ldquo;This incidental question to-day is the same old one that is always involved in the union of church and state: that is, that the people who urge it, not only insist on being recognized by the state as supremely religious, but that the state shall pay them for their exercise of their own religion.",
    "puborder": 6,
    "translations": []
  },
  {
    "para_id": "1257.8",
    "id_prev": "1257.7",
    "id_next": "1257.11",
    "refcode_1": "USCS",
    "refcode_2": "1",
    "refcode_3": "5",
    "refcode_4": "",
    "refcode_short": "USCS 1.5",
    "refcode_long": "Urge Separation Church and State, p. 1.5 (Alonzo Trevier Jones)",
    "element_type": "p",
    "element_subtype": "standard-indented",
    "content": "&ldquo;Twenty-seven years ago the original situation, of which this to-day is but an incident, was that the churches owned these Indian schools. They were openly and in every respect church schools; of <span class=\"page-break\" data-page=\"2\"></span> course with priests and nuns in charge in the Catholic schools. There was no suggestion that they were anything but &lsquo;schools of particular religious denominations.&rsquo; And the government intentionally and openly paid to the denominations as such hundreds of thousands of dollars for conducting those, their own church schools.",
    "puborder": 7,
    "translations": []
  },
  {
    "para_id": "1257.11",
    "id_prev": "1257.8",
    "id_next": "1257.12",
    "refcode_1": "USCS",
    "refcode_2": "2",
    "refcode_3": "1",
    "refcode_4": "",
    "refcode_short": "USCS 2.1",
    "refcode_long": "Urge Separation Church and State, p. 2.1 (Alonzo Trevier Jones)",
    "element_type": "p",
    "element_subtype": "standard-indented",
    "content": "&ldquo;There was wrought a change; the Protestant churches refused any further government appropriations. But the government &lsquo;took over the Catholic Indian schools.&rsquo; This also is recognized in the President&rsquo;s letter on this subject.",
    "puborder": 8,
    "translations": []
  }
]