[
  {
    "para_id": "12791.17",
    "id_prev": "12791.15",
    "id_next": "12791.18",
    "refcode_1": "T20",
    "refcode_2": "3",
    "refcode_3": "",
    "refcode_4": "1",
    "refcode_short": "T20 3",
    "refcode_long": "Testimony for the Church — No. 20, p. 3 (Ellen Gould White)",
    "element_type": "h2",
    "element_subtype": "",
    "content": "Testimony for the Church No. 20",
    "puborder": 13,
    "translations": []
  },
  {
    "para_id": "12791.18",
    "id_prev": "12791.17",
    "id_next": "12791.19",
    "refcode_1": "T20",
    "refcode_2": "3",
    "refcode_3": "",
    "refcode_4": "",
    "refcode_short": "",
    "refcode_long": "",
    "element_type": "p",
    "element_subtype": "thoughtbreak",
    "content": "* * * * *",
    "puborder": 14,
    "translations": []
  }
]