[
  {
    "para_id": "12862.251",
    "id_prev": "12862.249",
    "id_next": "12862.252",
    "refcode_1": "HB",
    "refcode_2": "45",
    "refcode_3": "",
    "refcode_4": "30",
    "refcode_short": "HB 45",
    "refcode_long": "Homeward Bound, p. 45 (Ellen Gould White)",
    "element_type": "h3",
    "element_subtype": "",
    "content": "The Scriptures Our Safeguard, January 30",
    "puborder": 205,
    "translations": []
  },
  {
    "para_id": "12862.252",
    "id_prev": "12862.251",
    "id_next": "12862.253",
    "refcode_1": "HB",
    "refcode_2": "45",
    "refcode_3": "1",
    "refcode_4": "",
    "refcode_short": "HB 45.1",
    "refcode_long": "Homeward Bound, p. 45.1 (Ellen Gould White)",
    "element_type": "p",
    "element_subtype": "devotionaltext",
    "content": "To the law and to the testimony! If they do not speak according to this word, it is because there is no light in them.&mdash;<span class=\"egwlink egwlink_bible\" title=\"Isaiah 8:20\" data-link=\"1965.36367\">Isaiah 8:20</span>.",
    "puborder": 206,
    "translations": []
  },
  {
    "para_id": "12862.253",
    "id_prev": "12862.252",
    "id_next": "12862.254",
    "refcode_1": "HB",
    "refcode_2": "45",
    "refcode_3": "2",
    "refcode_4": "",
    "refcode_short": "HB 45.2",
    "refcode_long": "Homeward Bound, p. 45.2 (Ellen Gould White)",
    "element_type": "p",
    "element_subtype": "standard-indented",
    "content": "The people of God are directed to the Scriptures as their safeguard against the influence of false teachers and the delusive power of spirits of darkness. Satan employs every possible device to prevent people from obtaining a knowledge of the Bible; for its plain utterances reveal his deceptions. At every revival of God&rsquo;s work the prince of evil is aroused to more intense activity; he is now putting forth his utmost efforts for a final struggle against Christ and His followers. The last great delusion is soon to open before us. Antichrist is to perform his marvelous works in our sight. So closely will the counterfeit resemble the true that it will be impossible to distinguish between them except by the Holy Scriptures. By their testimony every statement and every miracle must be tested.",
    "puborder": 207,
    "translations": []
  },
  {
    "para_id": "12862.254",
    "id_prev": "12862.253",
    "id_next": "12862.255",
    "refcode_1": "HB",
    "refcode_2": "45",
    "refcode_3": "3",
    "refcode_4": "",
    "refcode_short": "HB 45.3",
    "refcode_long": "Homeward Bound, p. 45.3 (Ellen Gould White)",
    "element_type": "p",
    "element_subtype": "standard-indented",
    "content": "Those who endeavor to obey all the commandments of God will be opposed and derided. They can stand only in God. In order to endure the trial before them, they must understand the will of God as revealed in His word; they can honor Him only as they have a right conception of His character, government, and purposes, and act in accordance with them. None but those who have fortified the mind with the truths of the Bible will stand through the last great conflict. To every soul will come the searching test: Shall I obey God rather than men? The decisive hour is even now at hand. Are our feet planted on the rock of God&rsquo;s immutable word? Are we prepared to stand firm in defense of the commandments of God and the faith of Jesus? . . .",
    "puborder": 208,
    "translations": []
  },
  {
    "para_id": "12862.255",
    "id_prev": "12862.254",
    "id_next": "12862.256",
    "refcode_1": "HB",
    "refcode_2": "45",
    "refcode_3": "4",
    "refcode_4": "",
    "refcode_short": "HB 45.4",
    "refcode_long": "Homeward Bound, p. 45.4 (Ellen Gould White)",
    "element_type": "p",
    "element_subtype": "standard-indented",
    "content": "The truth and the glory of God are inseparable; it is impossible for us, with the Bible within our reach, to honor God by erroneous opinions. Many claim that it matters not what one believes, if the life is only right. But the life is molded by the faith. If light and truth is within our reach, and we neglect to improve the privilege of hearing and seeing it, we virtually reject it; we are choosing darkness rather than light. . . ",
    "puborder": 209,
    "translations": []
  },
  {
    "para_id": "12862.256",
    "id_prev": "12862.255",
    "id_next": "12862.258",
    "refcode_1": "HB",
    "refcode_2": "45",
    "refcode_3": "5",
    "refcode_4": "",
    "refcode_short": "HB 45.5",
    "refcode_long": "Homeward Bound, p. 45.5 (Ellen Gould White)",
    "element_type": "p",
    "element_subtype": "standard-indented",
    "content": "God has given us His word that we may become acquainted with its teachings and know for ourselves what He requires of us. When the lawyer came to Jesus with the inquiry, &ldquo;What shall I do to inherit eternal life?&rdquo; the Saviour referred him to the Scriptures, saying: &ldquo;What is written in the law? how readest thou?&rdquo; (<span class=\"egwlink egwlink_bible\" title=\"Luke 10:25\" data-link=\"1965.51804\">Luke 10:25, 26</span>.)&mdash;<span class=\"egwlink egwlink_book\" title=\"GC 593\" data-link=\"132.2680\">The Great Controversy, 593, 594</span>, <span class=\"egwlink egwlink_book\" title=\"GC 597\" data-link=\"132.2700\">597, 598</span>.",
    "puborder": 210,
    "translations": []
  }
]