[
  {
    "para_id": "12862.752",
    "id_prev": "12862.750",
    "id_next": "12862.753",
    "refcode_1": "HB",
    "refcode_2": "117",
    "refcode_3": "",
    "refcode_4": "99",
    "refcode_short": "HB 117",
    "refcode_long": "Homeward Bound, p. 117 (Ellen Gould White)",
    "element_type": "h3",
    "element_subtype": "",
    "content": "God Must Have Your Consent, April 8",
    "puborder": 633,
    "translations": []
  },
  {
    "para_id": "12862.753",
    "id_prev": "12862.752",
    "id_next": "12862.754",
    "refcode_1": "HB",
    "refcode_2": "117",
    "refcode_3": "1",
    "refcode_4": "",
    "refcode_short": "HB 117.1",
    "refcode_long": "Homeward Bound, p. 117.1 (Ellen Gould White)",
    "element_type": "p",
    "element_subtype": "devotionaltext",
    "content": "The LORD is my strength and my shield; my heart trusted in Him, and I am helped.&mdash;<span class=\"egwlink egwlink_bible\" title=\"Psalm 28:7\" data-link=\"1965.29140\">Psalm 28:7</span>.",
    "puborder": 634,
    "translations": []
  },
  {
    "para_id": "12862.754",
    "id_prev": "12862.753",
    "id_next": "12862.755",
    "refcode_1": "HB",
    "refcode_2": "117",
    "refcode_3": "2",
    "refcode_4": "",
    "refcode_short": "HB 117.2",
    "refcode_long": "Homeward Bound, p. 117.2 (Ellen Gould White)",
    "element_type": "p",
    "element_subtype": "standard-indented",
    "content": "Side by side with the preaching of the gospel, agencies are at work which are but the medium of lying spirits. Many tamper with these merely from curiosity, but seeing evidence of the working of a more than human power, they are lured on and on, until they are controlled by a will stronger than their own. They cannot escape from its mysterious power.",
    "puborder": 635,
    "translations": []
  },
  {
    "para_id": "12862.755",
    "id_prev": "12862.754",
    "id_next": "12862.756",
    "refcode_1": "HB",
    "refcode_2": "117",
    "refcode_3": "3",
    "refcode_4": "",
    "refcode_short": "HB 117.3",
    "refcode_long": "Homeward Bound, p. 117.3 (Ellen Gould White)",
    "element_type": "p",
    "element_subtype": "standard-indented",
    "content": "The defenses of their souls are broken down. They have no barrier against sin. When once the restraints of God&rsquo;s word and His Spirit are rejected, no one knows to what depths of degradation they may sink. Secret sin or master passion may hold them captives as helpless as was the demoniac of Capernaum. Yet their condition is not hopeless.",
    "puborder": 636,
    "translations": []
  },
  {
    "para_id": "12862.756",
    "id_prev": "12862.755",
    "id_next": "12862.757",
    "refcode_1": "HB",
    "refcode_2": "117",
    "refcode_3": "4",
    "refcode_4": "",
    "refcode_short": "HB 117.4",
    "refcode_long": "Homeward Bound, p. 117.4 (Ellen Gould White)",
    "element_type": "p",
    "element_subtype": "standard-indented",
    "content": "The means by which we can overcome the wicked one is that by which Christ overcame&mdash;the power of the word. God does not control our minds without our consent; but if we desire to know and to do His will, His promises are ours: &ldquo;Ye shall know the truth, and the truth shall make you free.&rdquo; &ldquo;If any man willeth to do His will, he shall know of the teaching.&rdquo; (<span class=\"egwlink egwlink_bible\" title=\"John 8:32\" data-link=\"1965.53877\">John 8:32</span>; <span class=\"egwlink egwlink_bible\" title=\"John 7:17\" data-link=\"1965.53740\">7:17</span>, R.V.) Through faith in these promises, everyone may be delivered from the snares of error and the control of sin.",
    "puborder": 637,
    "translations": []
  },
  {
    "para_id": "12862.757",
    "id_prev": "12862.756",
    "id_next": "12862.759",
    "refcode_1": "HB",
    "refcode_2": "117",
    "refcode_3": "5",
    "refcode_4": "",
    "refcode_short": "HB 117.5",
    "refcode_long": "Homeward Bound, p. 117.5 (Ellen Gould White)",
    "element_type": "p",
    "element_subtype": "standard-indented",
    "content": "All of the human race are free to choose what power they will have to rule over them. None have fallen so low, none are so vile, but that they can find deliverance in Christ. The demoniac, in place of prayer, could utter only the words of Satan; yet the heart&rsquo;s unspoken appeal was heard. No cry from a soul in need, though it fail of utterance in words, will be unheeded. Those who will consent to enter into covenant relation with the God of heaven are not left to the power of Satan or to the infirmity of their own nature. They are invited by the Saviour, &ldquo;Let him take hold of My strength, that he may make peace with Me; and he shall make peace with Me.&rdquo; (<span class=\"egwlink egwlink_bible\" title=\"Isaiah 27:5\" data-link=\"1965.37044\">Isaiah 27:5</span>.) The spirits of darkness will battle for the soul once under their dominion, but angels of God will contend for that soul with prevailing power. The Lord says, &ldquo;Shall the prey be taken from the mighty, or the lawful captive delivered? . . . Thus saith the Lord, Even the captives of the mighty shall be taken away, and the prey of the terrible shall be delivered: for I will contend with him that contendeth with thee, and I will save thy children.&rdquo; (<span class=\"egwlink egwlink_bible\" title=\"Isaiah 49:24\" data-link=\"1965.38074\">Isaiah 49:24, 25</span>.)&mdash;<span class=\"egwlink egwlink_book\" title=\"DA 258\" data-link=\"130.1188\">The Desire of Ages, 258, 259</span>.",
    "puborder": 638,
    "translations": []
  }
]