[
  {
    "para_id": "12862.388",
    "id_prev": "12862.386",
    "id_next": "12862.389",
    "refcode_1": "HB",
    "refcode_2": "65",
    "refcode_3": "",
    "refcode_4": "49",
    "refcode_short": "HB 65",
    "refcode_long": "Homeward Bound, p. 65 (Ellen Gould White)",
    "element_type": "h3",
    "element_subtype": "",
    "content": "The Test of Christ&rsquo;s Divinity, February 18",
    "puborder": 322,
    "translations": []
  },
  {
    "para_id": "12862.389",
    "id_prev": "12862.388",
    "id_next": "12862.390",
    "refcode_1": "HB",
    "refcode_2": "65",
    "refcode_3": "1",
    "refcode_4": "",
    "refcode_short": "HB 65.1",
    "refcode_long": "Homeward Bound, p. 65.1 (Ellen Gould White)",
    "element_type": "p",
    "element_subtype": "devotionaltext",
    "content": "Lazarus, come forth!&mdash;<span class=\"egwlink egwlink_bible\" title=\"John 11:43\" data-link=\"1965.54186\">John 11:43</span>.",
    "puborder": 323,
    "translations": []
  },
  {
    "para_id": "12862.390",
    "id_prev": "12862.389",
    "id_next": "12862.391",
    "refcode_1": "HB",
    "refcode_2": "65",
    "refcode_3": "2",
    "refcode_4": "",
    "refcode_short": "HB 65.2",
    "refcode_long": "Homeward Bound, p. 65.2 (Ellen Gould White)",
    "element_type": "p",
    "element_subtype": "standard-indented",
    "content": "He felt every pang of anguish, as He said to His disciples, &ldquo;Lazarus is dead.&rdquo; But Christ had not only the loved ones at Bethany to think of; He had the training of His disciples to consider. They were to be His representatives to the world, that the Father&rsquo;s blessing might embrace all. For their sake He permitted Lazarus to die. Had He restored him from illness to health, the miracle that is the most positive evidence of His divine character, would not have been performed. . . .",
    "puborder": 324,
    "translations": []
  },
  {
    "para_id": "12862.391",
    "id_prev": "12862.390",
    "id_next": "12862.392",
    "refcode_1": "HB",
    "refcode_2": "65",
    "refcode_3": "3",
    "refcode_4": "",
    "refcode_short": "HB 65.3",
    "refcode_long": "Homeward Bound, p. 65.3 (Ellen Gould White)",
    "element_type": "p",
    "element_subtype": "standard-indented",
    "content": "In delaying to come to Lazarus, Christ had a purpose of mercy toward those who had not received Him. He tarried, that by raising Lazarus from the dead He might give to His stubborn, unbelieving people another evidence that He was indeed &ldquo;the resurrection, and the life.&rdquo; . . . In His mercy He purposed to give them one more evidence that He was the Restorer, the One who alone could bring life and immortality to light. This was to be an evidence that the priests could not misinterpret. This was the reason of His delay in going to Bethany. This crowning miracle, the raising of Lazarus, was to set the seal of God on His work and on His claim to divinity. . . .",
    "puborder": 325,
    "translations": []
  },
  {
    "para_id": "12862.392",
    "id_prev": "12862.391",
    "id_next": "12862.393",
    "refcode_1": "HB",
    "refcode_2": "65",
    "refcode_3": "4",
    "refcode_4": "",
    "refcode_short": "HB 65.4",
    "refcode_long": "Homeward Bound, p. 65.4 (Ellen Gould White)",
    "element_type": "p",
    "element_subtype": "standard-indented",
    "content": "Lazarus had been laid in a cave in a rock, and a massive stone had been placed before the entrance. &ldquo;Take ye away the stone,&rdquo; Christ said. Thinking that He only wished to look upon the dead, Martha objected, saying that the body had been buried four days, and corruption had already begun its work. This statement, made before the raising of Lazarus, left no room for Christ&rsquo;s enemies to say that a deception had been practiced. . . .",
    "puborder": 326,
    "translations": []
  },
  {
    "para_id": "12862.393",
    "id_prev": "12862.392",
    "id_next": "12862.394",
    "refcode_1": "HB",
    "refcode_2": "65",
    "refcode_3": "5",
    "refcode_4": "",
    "refcode_short": "HB 65.5",
    "refcode_long": "Homeward Bound, p. 65.5 (Ellen Gould White)",
    "element_type": "p",
    "element_subtype": "standard-indented",
    "content": "&ldquo;And when He thus had spoken, He cried with a loud voice, Lazarus, come forth.&rdquo; His voice, clear and penetrating, pierces the ear of the dead. As He speaks, divinity flashes through humanity. In His face, which is lighted up by the glory of God, the people see the assurance of His power. Every eye is fastened on the entrance to the cave. Every ear is bent to catch the slightest sound. With intense and painful interest all wait for the test of Christ&rsquo;s divinity, the evidence that is to substantiate His claim to be the Son of God, or to extinguish the hope forever.",
    "puborder": 327,
    "translations": []
  },
  {
    "para_id": "12862.394",
    "id_prev": "12862.393",
    "id_next": "12862.396",
    "refcode_1": "HB",
    "refcode_2": "65",
    "refcode_3": "6",
    "refcode_4": "",
    "refcode_short": "HB 65.6",
    "refcode_long": "Homeward Bound, p. 65.6 (Ellen Gould White)",
    "element_type": "p",
    "element_subtype": "standard-indented",
    "content": "There is a stir in the silent tomb, and he who was dead stands at the door of the sepulcher.&mdash;<span class=\"egwlink egwlink_book\" title=\"DA 528\" data-link=\"130.2580\">The Desire of Ages, 528, 529</span>, <span class=\"egwlink egwlink_book\" title=\"DA 534\" data-link=\"130.2605\">534</span>, <span class=\"egwlink egwlink_book\" title=\"DA 536\" data-link=\"130.2617\">536</span>.",
    "puborder": 328,
    "translations": []
  }
]