[
  {
    "para_id": "12387.1272",
    "id_prev": "12387.1270",
    "id_next": "12387.1273",
    "refcode_1": "PTUK",
    "refcode_2": "161",
    "refcode_3": "",
    "refcode_4": "1897",
    "refcode_short": "PTUK March 18,  1897, page 161",
    "refcode_long": "The Present Truth, vol. 13 March 18,  1897, page 161",
    "element_type": "h3",
    "element_subtype": "",
    "content": "March 18, 1897",
    "puborder": 1081,
    "translations": []
  },
  {
    "para_id": "12387.1273",
    "id_prev": "12387.1272",
    "id_next": "12387.1274",
    "refcode_1": "PTUK",
    "refcode_2": "161",
    "refcode_3": "",
    "refcode_4": "1897",
    "refcode_short": "PTUK March 18,  1897, page 161",
    "refcode_long": "The Present Truth, vol. 13 March 18,  1897, page 161",
    "element_type": "h5",
    "element_subtype": "",
    "content": "&ldquo;A Lesson in Ruling&rdquo; The Present Truth, 13, 11.",
    "puborder": 1082,
    "translations": []
  },
  {
    "para_id": "12387.1274",
    "id_prev": "12387.1273",
    "id_next": "12387.1275",
    "refcode_1": "PTUK",
    "refcode_2": "161",
    "refcode_3": "",
    "refcode_4": "1897",
    "refcode_short": "",
    "refcode_long": "",
    "element_type": "p",
    "element_subtype": "center",
    "content": "E. J. Waggoner",
    "puborder": 1083,
    "translations": []
  },
  {
    "para_id": "12387.1275",
    "id_prev": "12387.1274",
    "id_next": "12387.1276",
    "refcode_1": "PTUK",
    "refcode_2": "161",
    "refcode_3": "1",
    "refcode_4": "1897",
    "refcode_short": "PTUK March 18,  1897, page 161.1",
    "refcode_long": "The Present Truth, vol. 13 March 18,  1897, page 161 paragraph 1",
    "element_type": "p",
    "element_subtype": "standard-indented",
    "content": "&ldquo;Thou, Bethlehem Ephratah, though thou be little among the thousands of Judah, yet out of thee shall He come forth unto Me that is to be Ruler of Israel.&rdquo; <span class=\"egwlink egwlink_bible\" title=\"Micah 5:2\" data-link=\"1965.46204\">Micah 5:2</span>.",
    "puborder": 1084,
    "translations": []
  },
  {
    "para_id": "12387.1276",
    "id_prev": "12387.1275",
    "id_next": "12387.1277",
    "refcode_1": "PTUK",
    "refcode_2": "161",
    "refcode_3": "2",
    "refcode_4": "1897",
    "refcode_short": "PTUK March 18,  1897, page 161.2",
    "refcode_long": "The Present Truth, vol. 13 March 18,  1897, page 161 paragraph 2",
    "element_type": "p",
    "element_subtype": "standard-indented",
    "content": "Compare this with <span class=\"egwlink egwlink_bible\" title=\"Matthew 2:6\" data-link=\"1965.47324\">Matthew 2:6</span>, where it is quoted, and note the margin which is closer to the original: &ldquo;Thou Bethlehem, in the land of Judah, art not the least among the princes of Juda; for out of thee shall come a Governor, that shall feed My people Israel.&rdquo;",
    "puborder": 1085,
    "translations": []
  },
  {
    "para_id": "12387.1277",
    "id_prev": "12387.1276",
    "id_next": "12387.1278",
    "refcode_1": "PTUK",
    "refcode_2": "161",
    "refcode_3": "3",
    "refcode_4": "1897",
    "refcode_short": "PTUK March 18,  1897, page 161.3",
    "refcode_long": "The Present Truth, vol. 13 March 18,  1897, page 161 paragraph 3",
    "element_type": "p",
    "element_subtype": "standard-indented",
    "content": "This is the Holy Spirit&apos;s definition of the work of a true ruler or governor. We find it not in the nations of earth, nor in the apostate church, where the princes of the people &ldquo;exercise dominion over them, and they that are great exercise authority over them,&ldquo; but we do find it amongst the real followers of Christ, where greatness is according to the amount of service.",
    "puborder": 1086,
    "translations": []
  },
  {
    "para_id": "12387.1278",
    "id_prev": "12387.1277",
    "id_next": "12387.1279",
    "refcode_1": "PTUK",
    "refcode_2": "161",
    "refcode_3": "4",
    "refcode_4": "1897",
    "refcode_short": "PTUK March 18,  1897, page 161.4",
    "refcode_long": "The Present Truth, vol. 13 March 18,  1897, page 161 paragraph 4",
    "element_type": "p",
    "element_subtype": "standard-indented",
    "content": "The Danish version, following the original Matt. ii. more closely than the English, has it: &ldquo;out of thee shall go a Prince who shall be My people Israel&apos;s Shepherd.&rdquo; This agrees with the marginal reading of our common version, for the duty of a shepherd is to feed the flock. But mark this, that the Ruler of Israel is the Shepherd of Israel; His work as Ruler of the people is to feed them.",
    "puborder": 1087,
    "translations": []
  },
  {
    "para_id": "12387.1279",
    "id_prev": "12387.1278",
    "id_next": "12387.1280",
    "refcode_1": "PTUK",
    "refcode_2": "161",
    "refcode_3": "5",
    "refcode_4": "1897",
    "refcode_short": "PTUK March 18,  1897, page 161.5",
    "refcode_long": "The Present Truth, vol. 13 March 18,  1897, page 161 paragraph 5",
    "element_type": "p",
    "element_subtype": "standard-indented",
    "content": "See how beautifully this thought of a Shepherd-King is expressed in <span class=\"egwlink egwlink_bible\" title=\"Isaiah 40:10\" data-link=\"1965.37605\">Isaiah 40:10, 11</span>: &ldquo;Behold, the Lord God will come with strong hand, and His arm shall rule for Him; behold, His reward is with Him, His work before Him. He shall feed His flock like a shepherd; He shall gather the lambs with His arm, and carry them in His bosom, and shall gently lead those that are with young.&rdquo;",
    "puborder": 1088,
    "translations": []
  },
  {
    "para_id": "12387.1280",
    "id_prev": "12387.1279",
    "id_next": "12387.1283",
    "refcode_1": "PTUK",
    "refcode_2": "161",
    "refcode_3": "6",
    "refcode_4": "1897",
    "refcode_short": "PTUK March 18,  1897, page 161.6",
    "refcode_long": "The Present Truth, vol. 13 March 18,  1897, page 161 paragraph 6",
    "element_type": "p",
    "element_subtype": "standard-indented",
    "content": "This is the only kind of ruling that the Lord sanctions in His church. In <span class=\"egwlink egwlink_bible\" title=\"Hebrews 13:17\" data-link=\"1965.61723\">Hebrews 13:17</span> we read the exhortation, &ldquo;Obey them that have the rule over you,&ldquo; but here again we may learn from the margin  <span class=\"page-break\" data-page=\"162\"></span> that these rulers are guides-those who direct the people in the right way, as a shepherd. Christ is &ldquo;the Prince of princes&rdquo; the Ruler over all, He leads His people, however, and does not drive them. He leads them where they will find food and safety.",
    "puborder": 1089,
    "translations": []
  },
  {
    "para_id": "12387.1283",
    "id_prev": "12387.1280",
    "id_next": "12387.1284",
    "refcode_1": "PTUK",
    "refcode_2": "162",
    "refcode_3": "1",
    "refcode_4": "1897",
    "refcode_short": "PTUK March 18,  1897, page 162.1",
    "refcode_long": "The Present Truth, vol. 13 March 18,  1897, page 162 paragraph 1",
    "element_type": "p",
    "element_subtype": "standard-indented",
    "content": "This thought is emphasised by the fact that Christ as Ruler comes out of Bethlehem. Bethlehem, literally, is the &ldquo;House of Bread.&rdquo; Out of the house of bread comes the Ruler, whose work is to feed the people. How significant! More than this, He Himself is the Bread of Life. In the house of God there is always an abundance of &ldquo;the hidden manna,&ldquo; enough and to spare. Here is a lesson for all who are in positions of authority in the church. Their work is to take the Bread of Life from the House of Bread, to feed upon it themselves, and then feed the people with it. When they do this their authority will be recognised by the people, even if questioned by the scribes and Pharisees.",
    "puborder": 1090,
    "translations": []
  },
  {
    "para_id": "12387.1284",
    "id_prev": "12387.1283",
    "id_next": "12387.1285",
    "refcode_1": "PTUK",
    "refcode_2": "162",
    "refcode_3": "",
    "refcode_4": "1897",
    "refcode_short": "PTUK March 18,  1897, page 162",
    "refcode_long": "The Present Truth, vol. 13 March 18,  1897, page 162",
    "element_type": "h5",
    "element_subtype": "",
    "content": "&ldquo;The Nightmare of Europe&rdquo; The Present Truth, 13, 11.",
    "puborder": 1091,
    "translations": []
  },
  {
    "para_id": "12387.1285",
    "id_prev": "12387.1284",
    "id_next": "12387.1286",
    "refcode_1": "PTUK",
    "refcode_2": "162",
    "refcode_3": "",
    "refcode_4": "1897",
    "refcode_short": "",
    "refcode_long": "",
    "element_type": "p",
    "element_subtype": "center",
    "content": "E. J. Waggoner",
    "puborder": 1092,
    "translations": []
  },
  {
    "para_id": "12387.1286",
    "id_prev": "12387.1285",
    "id_next": "12387.1287",
    "refcode_1": "PTUK",
    "refcode_2": "162",
    "refcode_3": "2",
    "refcode_4": "1897",
    "refcode_short": "PTUK March 18,  1897, page 162.2",
    "refcode_long": "The Present Truth, vol. 13 March 18,  1897, page 162 paragraph 2",
    "element_type": "p",
    "element_subtype": "standard-indented",
    "content": "Mr. Henry Norman, the <em>Chroncle&apos;s</em> Commissioner in Greece, and a well-known authority on Eastern affairs, says that Macedonia is &ldquo;the nightmare of Europe.&rdquo; The nightmare consists rather in the events which Macedonia may have power to precipitate, and is the horrid reality of jealous Powers and excitable races armed to the teeth ready to shed blood in torrents. Mr. Norman says:&mdash;",
    "puborder": 1093,
    "translations": []
  },
  {
    "para_id": "12387.1287",
    "id_prev": "12387.1286",
    "id_next": "12387.1288",
    "refcode_1": "PTUK",
    "refcode_2": "162",
    "refcode_3": "3",
    "refcode_4": "1897",
    "refcode_short": "PTUK March 18,  1897, page 162.3",
    "refcode_long": "The Present Truth, vol. 13 March 18,  1897, page 162 paragraph 3",
    "element_type": "p",
    "element_subtype": "standard-indented",
    "content": "&ldquo;When I went through the Balkans a year ago one question was put to me above all other&rsquo;s. Prince Nicolas in Montenegro, Prince Ferdinand and Dr. Stoiloff in Bulgaria, M. Stourdza in Roumania, M. Ristitch and M. Novakovitch in Servia, M. de Kallay in Bosnia, all asked the same thing: &lsquo;Have you heard anything about Macedonia?&rsquo; In that strange and almost unknown land Greeks and Bulgarians and Serbs and Roumanians and Turks wait for the signal. Almost anybody may give it, and instantly five armies will march, and omnipotence itself could not hold back the mighty forces of Europe as soon as the stampede for the spoil has begun.",
    "puborder": 1094,
    "translations": []
  },
  {
    "para_id": "12387.1288",
    "id_prev": "12387.1287",
    "id_next": "12387.1289",
    "refcode_1": "PTUK",
    "refcode_2": "162",
    "refcode_3": "4",
    "refcode_4": "1897",
    "refcode_short": "PTUK March 18,  1897, page 162.4",
    "refcode_long": "The Present Truth, vol. 13 March 18,  1897, page 162 paragraph 4",
    "element_type": "p",
    "element_subtype": "standard-indented",
    "content": "&ldquo;Austria wants Salonica, Montenegro wants Albania, Servia wants &lsquo;Old Servia,&rsquo; Roumania wants what she can get, Bulgaria wants the sea, Greece wants Epirus and much more. Russia wants to control it all. For more than a year the Secret Committee has been working in Athens. Nobody knows who is at the head of it. It has almost unlimited funds, subscribed in Athens, in Constantinople, in Paris, in Smyrna, in Egypt, in Vienna, in London, in Liverpool. It has volunteers as many as it asks for, and Martini rifles and cartridges for them all. For a year its agents have gone backwards and forwards across Macedonia. Everything is ready. Let the word be given in Athens, let a force sally out of the passes of Thessaly, and Macedonia will explode from one end to the other. Armageddon-&lsquo;when the trees bud&rsquo;? We all pray not.&rdquo;",
    "puborder": 1095,
    "translations": []
  },
  {
    "para_id": "12387.1289",
    "id_prev": "12387.1288",
    "id_next": "12387.1290",
    "refcode_1": "PTUK",
    "refcode_2": "162",
    "refcode_3": "5",
    "refcode_4": "1897",
    "refcode_short": "PTUK March 18,  1897, page 162.5",
    "refcode_long": "The Present Truth, vol. 13 March 18,  1897, page 162 paragraph 5",
    "element_type": "p",
    "element_subtype": "standard-indented",
    "content": "It is precisely because Omnipotence can bold back the mighty forces of evil that the universal crash does not come. Europe may be involved in general war, gusts of fury may bIow here and there, but the &ldquo;four winds&rdquo;&mdash;the world-wide tempests that will end in the Armageddon of the last day&mdash;are held back that God&apos;s work of saving men may go forward. He says so in <span class=\"egwlink egwlink_bible\" title=\"Revelation 7:1\" data-link=\"1965.62865\">Revelation 7:1-3</span>. Politicians take little or no account of this side of the question, but it is nevertheless the fact that but one thing holds back the &ldquo;time of trouble such as never was since there was a nation,&ldquo; and that is the urgency of God&apos;s message urging men to come out of the world and prepare to meet Him. &ldquo;This Gospel of the kingdom shall be preached in all the world for a witness unto all nations; and then shall the end come.&rdquo; <span class=\"egwlink egwlink_bible\" title=\"Matthew 24:14\" data-link=\"1965.48938\">Matthew 24:14</span>. The most blessed work anyone can have to do with in these times is to preach that Gospel by word and works.",
    "puborder": 1096,
    "translations": []
  },
  {
    "para_id": "12387.1290",
    "id_prev": "12387.1289",
    "id_next": "12387.1291",
    "refcode_1": "PTUK",
    "refcode_2": "162",
    "refcode_3": "",
    "refcode_4": "1897",
    "refcode_short": "PTUK March 18,  1897, page 162",
    "refcode_long": "The Present Truth, vol. 13 March 18,  1897, page 162",
    "element_type": "h5",
    "element_subtype": "",
    "content": "&ldquo;Words of Good Cheer from the Throne&rdquo; The Present Truth, 13, 11.",
    "puborder": 1097,
    "translations": []
  },
  {
    "para_id": "12387.1291",
    "id_prev": "12387.1290",
    "id_next": "12387.1292",
    "refcode_1": "PTUK",
    "refcode_2": "162",
    "refcode_3": "",
    "refcode_4": "1897",
    "refcode_short": "",
    "refcode_long": "",
    "element_type": "p",
    "element_subtype": "center",
    "content": "E. J. Waggoner",
    "puborder": 1098,
    "translations": []
  },
  {
    "para_id": "12387.1292",
    "id_prev": "12387.1291",
    "id_next": "12387.1293",
    "refcode_1": "PTUK",
    "refcode_2": "162",
    "refcode_3": "6",
    "refcode_4": "1897",
    "refcode_short": "PTUK March 18,  1897, page 162.6",
    "refcode_long": "The Present Truth, vol. 13 March 18,  1897, page 162 paragraph 6",
    "element_type": "p",
    "element_subtype": "standard-indented",
    "content": "In a review of the life of Sir George Grey, the Colonial Administrator, it is remarked how often, when his plans and efforts were not appreciated by the shifting ministries at home, he was cheered and encouraged by messages of appreciation and sympathy from Queen Victoria.",
    "puborder": 1099,
    "translations": []
  },
  {
    "para_id": "12387.1293",
    "id_prev": "12387.1292",
    "id_next": "12387.1294",
    "refcode_1": "PTUK",
    "refcode_2": "162",
    "refcode_3": "7",
    "refcode_4": "1897",
    "refcode_short": "PTUK March 18,  1897, page 162.7",
    "refcode_long": "The Present Truth, vol. 13 March 18,  1897, page 162 paragraph 7",
    "element_type": "p",
    "element_subtype": "standard-indented",
    "content": "The reviewer recounts many other like cases, and it is a matter of common knowledge that the Queen has always been watchful and tactful to speak the cheering word. Many builders of the empire have been cheered by the knowledge that, though far away, and but small figures in the great empire, yet there was a personality representing it who was not blind to their sacrifices nor forgetful of their endeavours.",
    "puborder": 1100,
    "translations": []
  },
  {
    "para_id": "12387.1294",
    "id_prev": "12387.1293",
    "id_next": "12387.1295",
    "refcode_1": "PTUK",
    "refcode_2": "162",
    "refcode_3": "8",
    "refcode_4": "1897",
    "refcode_short": "PTUK March 18,  1897, page 162.8",
    "refcode_long": "The Present Truth, vol. 13 March 18,  1897, page 162 paragraph 8",
    "element_type": "p",
    "element_subtype": "standard-indented",
    "content": "If such recognition is cheering to the man of the world engaged in building up a kingdom that must soon perish, how much more should the Christian worker find good cheer in the thought that from the very Throne of the Heavens Jesus sends the message of sympathy and courage. Though but an atom in the universe God&apos;s care is over him, and He speaks not once or twice but constantly by His Word, in which every promise is assured to every believer. Not the fall of a sparrow escapes His watchful eye, and even the faintest call He hears and answers from His throne.",
    "puborder": 1101,
    "translations": []
  },
  {
    "para_id": "12387.1295",
    "id_prev": "12387.1294",
    "id_next": "12387.1296",
    "refcode_1": "PTUK",
    "refcode_2": "162",
    "refcode_3": "",
    "refcode_4": "1897",
    "refcode_short": "PTUK March 18,  1897, page 162",
    "refcode_long": "The Present Truth, vol. 13 March 18,  1897, page 162",
    "element_type": "h5",
    "element_subtype": "",
    "content": "&ldquo;The Beginning and End of Knowledge&rdquo; The Present Truth, 13, 11.",
    "puborder": 1102,
    "translations": []
  },
  {
    "para_id": "12387.1296",
    "id_prev": "12387.1295",
    "id_next": "12387.1297",
    "refcode_1": "PTUK",
    "refcode_2": "162",
    "refcode_3": "",
    "refcode_4": "1897",
    "refcode_short": "",
    "refcode_long": "",
    "element_type": "p",
    "element_subtype": "center",
    "content": "E. J. Waggoner",
    "puborder": 1103,
    "translations": []
  },
  {
    "para_id": "12387.1297",
    "id_prev": "12387.1296",
    "id_next": "12387.1298",
    "refcode_1": "PTUK",
    "refcode_2": "162",
    "refcode_3": "9",
    "refcode_4": "1897",
    "refcode_short": "PTUK March 18,  1897, page 162.9",
    "refcode_long": "The Present Truth, vol. 13 March 18,  1897, page 162 paragraph 9",
    "element_type": "p",
    "element_subtype": "standard-indented",
    "content": "It is the beginning of knowledge to fear the Lord. Is that a statement of fact, or not? Solomon said it was a fact, only he reversed the terms of the expression and so made it more rhetorically impressive by the form in which he stated it,&mdash;&ldquo;To fear the Lord is the beginning of wisdom.&rdquo;",
    "puborder": 1104,
    "translations": []
  },
  {
    "para_id": "12387.1298",
    "id_prev": "12387.1297",
    "id_next": "12387.1299",
    "refcode_1": "PTUK",
    "refcode_2": "162",
    "refcode_3": "10",
    "refcode_4": "1897",
    "refcode_short": "PTUK March 18,  1897, page 162.10",
    "refcode_long": "The Present Truth, vol. 13 March 18,  1897, page 162 paragraph 10",
    "element_type": "p",
    "element_subtype": "standard-indented",
    "content": "Solomon was, without question, a wise man. There have been found those who could prate most amusingly and eloquently about the &ldquo;mistakes of Moses,&ldquo; and so, had it but occurred to them, they might have had a still wider field for their riotous wit in the &ldquo;foolishness of Solomon.&rdquo; But where Moses made mistakes, and where Solomon was foolish, was where they forgot for the time the very rudiments of knowledge, and failed to base their thought and act upon the foundation of reverent remembrance of God; then they made mistakes, and then they were foolish.",
    "puborder": 1105,
    "translations": []
  },
  {
    "para_id": "12387.1299",
    "id_prev": "12387.1298",
    "id_next": "12387.1300",
    "refcode_1": "PTUK",
    "refcode_2": "162",
    "refcode_3": "11",
    "refcode_4": "1897",
    "refcode_short": "PTUK March 18,  1897, page 162.11",
    "refcode_long": "The Present Truth, vol. 13 March 18,  1897, page 162 paragraph 11",
    "element_type": "p",
    "element_subtype": "standard-indented",
    "content": "There can be no more conclusive evidence that the beginning of knowledge is really the fear of the Lord than these same mistakes of the great Israelitish leader, and the follies of the wise man. They both paid the penalty of their mistakes and their follies. Except for the errors into which he fell, Moses might not only have led his people into the promised land, but then, having fulfilled his mission, have been, like Elijah, translated, while his vigour was yet unimpaired and his vision undimmed.",
    "puborder": 1106,
    "translations": []
  },
  {
    "para_id": "12387.1300",
    "id_prev": "12387.1299",
    "id_next": "12387.1301",
    "refcode_1": "PTUK",
    "refcode_2": "162",
    "refcode_3": "12",
    "refcode_4": "1897",
    "refcode_short": "PTUK March 18,  1897, page 162.12",
    "refcode_long": "The Present Truth, vol. 13 March 18,  1897, page 162 paragraph 12",
    "element_type": "p",
    "element_subtype": "standard-indented",
    "content": "Solomon, after his plunge into folly, was filled with the sad reflections that he to whom had been granted the greatest blessings of this world, and the noblest possibilities, had profited nothing by them, but had so used them that they were only a weariness of the flesh and vanity of vanities-all vanity.",
    "puborder": 1107,
    "translations": []
  },
  {
    "para_id": "12387.1301",
    "id_prev": "12387.1300",
    "id_next": "12387.1304",
    "refcode_1": "PTUK",
    "refcode_2": "162",
    "refcode_3": "13",
    "refcode_4": "1897",
    "refcode_short": "PTUK March 18,  1897, page 162.13",
    "refcode_long": "The Present Truth, vol. 13 March 18,  1897, page 162 paragraph 13",
    "element_type": "p",
    "element_subtype": "standard-indented",
    "content": "Yet the embers of the Divine fire, stiff burning within him, impelled him to urge upon others that &ldquo;the fear of the Lord is the beginning of wisdom,&ldquo; and that the young should remember their Creator in the days of their youth; for the conclusion  <span class=\"page-break\" data-page=\"163\"></span> of the whole matter was that it was the entire duty of man to &ldquo;fear God, and keep His commandments.&rdquo; And although he had so misused the wondrous gifts of God himself that now he hated life, and hated all the labour that he had taken under the sun, yet he knew, and taught, that &ldquo;God giveth to a man, that is good in His sight, wisdom, and knowledge, and joy,&rdquo;&mdash;and knew that had he been good in the sight of the Lord the joy that he had lacked would have continued his.",
    "puborder": 1108,
    "translations": []
  },
  {
    "para_id": "12387.1304",
    "id_prev": "12387.1301",
    "id_next": "12387.1305",
    "refcode_1": "PTUK",
    "refcode_2": "163",
    "refcode_3": "1",
    "refcode_4": "1897",
    "refcode_short": "PTUK March 18,  1897, page 163.1",
    "refcode_long": "The Present Truth, vol. 13 March 18,  1897, page 163 paragraph 1",
    "element_type": "p",
    "element_subtype": "standard-indented",
    "content": "There can be no more striking testimony than the life and death of Solomon, of the utter futility of mere knowledge and worldly power in comparison with that wisdom which, having its beginning in the fear of the Lord, builds through life on the same rock, and so cannot, in old age, be overthrown.",
    "puborder": 1109,
    "translations": []
  },
  {
    "para_id": "12387.1305",
    "id_prev": "12387.1304",
    "id_next": "12387.1306",
    "refcode_1": "PTUK",
    "refcode_2": "163",
    "refcode_3": "",
    "refcode_4": "1897",
    "refcode_short": "PTUK March 18,  1897, page 163",
    "refcode_long": "The Present Truth, vol. 13 March 18,  1897, page 163",
    "element_type": "h5",
    "element_subtype": "",
    "content": "&ldquo;&lsquo;The Passion for War&rsquo;&rdquo; The Present Truth, 13, 11.",
    "puborder": 1110,
    "translations": []
  },
  {
    "para_id": "12387.1306",
    "id_prev": "12387.1305",
    "id_next": "12387.1307",
    "refcode_1": "PTUK",
    "refcode_2": "163",
    "refcode_3": "",
    "refcode_4": "1897",
    "refcode_short": "",
    "refcode_long": "",
    "element_type": "p",
    "element_subtype": "center",
    "content": "E. J. Waggoner",
    "puborder": 1111,
    "translations": []
  },
  {
    "para_id": "12387.1307",
    "id_prev": "12387.1306",
    "id_next": "12387.1308",
    "refcode_1": "PTUK",
    "refcode_2": "163",
    "refcode_3": "2",
    "refcode_4": "1897",
    "refcode_short": "PTUK March 18,  1897, page 163.2",
    "refcode_long": "The Present Truth, vol. 13 March 18,  1897, page 163 paragraph 2",
    "element_type": "p",
    "element_subtype": "standard-indented",
    "content": "The <em>Spectator</em> is not a religious journal, neither is it an advocate for peace principles; but, applying itself to an analysis of the passion for war which takes possession of peoples, it very plainly, and from a merely worldly point of view, shows the really ignoble and contemptible nature of the war spirit.",
    "puborder": 1112,
    "translations": []
  },
  {
    "para_id": "12387.1308",
    "id_prev": "12387.1307",
    "id_next": "12387.1309",
    "refcode_1": "PTUK",
    "refcode_2": "163",
    "refcode_3": "3",
    "refcode_4": "1897",
    "refcode_short": "PTUK March 18,  1897, page 163.3",
    "refcode_long": "The Present Truth, vol. 13 March 18,  1897, page 163 paragraph 3",
    "element_type": "p",
    "element_subtype": "standard-indented",
    "content": "&ldquo;Why&rdquo; it asks, &ldquo;do nations suddenly feel, as they undoubtedly do, the stirring of an appetite for war? Philanthropists argue always that peace of itself always produces a desire for peace, that if a nation can abstain from war for a generation it will lose the desire for war, just as a man who has &ldquo;sworn off&rdquo; for a long time, loses the desire for drink; but that experience by no means warrants their conclusions. On the contrary, history seems to suggest that war cools the desire for war, and that peace generates it again.... It is after a long peace, when a generation has grown up which knows nothing of actual battle, that a nation begins to grow restless, to recall the pleasures instead of the pains of battle, to feel the desire of glory, and to display a readiness to quarrel which covers a secret desire for war.",
    "puborder": 1113,
    "translations": []
  },
  {
    "para_id": "12387.1309",
    "id_prev": "12387.1308",
    "id_next": "12387.1310",
    "refcode_1": "PTUK",
    "refcode_2": "163",
    "refcode_3": "4",
    "refcode_4": "1897",
    "refcode_short": "PTUK March 18,  1897, page 163.4",
    "refcode_long": "The Present Truth, vol. 13 March 18,  1897, page 163 paragraph 4",
    "element_type": "p",
    "element_subtype": "standard-indented",
    "content": "&ldquo;A generation without experience is, in many respects, like a young man, who, even if he has work to do, begins after a few years to resent the monotony of life; to be impatient of humdrum even if profitable; to feel in his veins, without conscious volition, the desire for a larger arena, for deeper excitement, for adventure, even if it should bring both danger and pain. In a man the craving is often satisfied by love; but a nation cannot love; the one excitement which soars its blood to the adequate degree, which carries it out of itself, and out of its wearisome sameness of existence, is battle-a struggle with equals which involves both danger and the chance of gain.",
    "puborder": 1114,
    "translations": []
  },
  {
    "para_id": "12387.1310",
    "id_prev": "12387.1309",
    "id_next": "12387.1311",
    "refcode_1": "PTUK",
    "refcode_2": "163",
    "refcode_3": "5",
    "refcode_4": "1897",
    "refcode_short": "PTUK March 18,  1897, page 163.5",
    "refcode_long": "The Present Truth, vol. 13 March 18,  1897, page 163 paragraph 5",
    "element_type": "p",
    "element_subtype": "standard-indented",
    "content": "&ldquo;&lsquo;War, with its happy chances,&rsquo; said Napoleon III. It has often been said by historians that the French in 1848 were positively sick of the tameness in which their lives had been passed for thirty-two years, and especially of the last sixteen, during which the nation had flourished, commercially and intellectually, as it never flourished before, but had never enjoyed either a great adventure or an enlivening thrill of alarm. You can see the same signs of restlestness in all the nations now, [this was written several months ago] extending even to Great Britain, where the thirst is in part kept down by the incessant drawing off of the wilder spirits of each generation to search for success and careers in the wilder life of India and the great Colonies, and showing itself most visible in America, where in the absence of enemies the desire for peace ought to be perpetual.",
    "puborder": 1115,
    "translations": []
  },
  {
    "para_id": "12387.1311",
    "id_prev": "12387.1310",
    "id_next": "12387.1312",
    "refcode_1": "PTUK",
    "refcode_2": "163",
    "refcode_3": "6",
    "refcode_4": "1897",
    "refcode_short": "PTUK March 18,  1897, page 163.6",
    "refcode_long": "The Present Truth, vol. 13 March 18,  1897, page 163 paragraph 6",
    "element_type": "p",
    "element_subtype": "standard-indented",
    "content": "&ldquo;There is a certain fear of war everywhere, due to a perception of the vast scale on which it must be fought, and the terrible reduction in the chance of escape which the new weapons will ensure, but nevertheless there is hardly a nation which is without the feeling that if war came life would be brighter, more vivid, more like the dreams which fill the brains of youth. The sudden passion which fills music-halls and makes all newspapers pugnacious, is not altogether either vapour or a mere product of vanity, but has its roots in a spirit which, bad or good-and we are not judging it just now-has its origins in some permanent constituent of human nature. Philosophers say that this constituent is the actual love of fighting, the survival of the animal in man; but we do not feel quite sure, for we notice that it is as strong or stronger in those who do not intend to fight, that writers in prose and poetry grow especially bloodthirsty, and that women, though they will suffer most and enjoy least from battle, are often readier than men to declare that battle ought to be risked. We incline rather to believe, though it is a disheartening thought, that the impelling force, often unconscious, is rather a thirst for the deepest of all excitements, that of the arena. No more dangerous thirst can be conceived, but that it can be developed as it were of itself in periods of profound peace we feel as certain as we do that neither the philosophers nor the theologians have yet discovered any remedy for it, or any prophylactic.",
    "puborder": 1116,
    "translations": []
  },
  {
    "para_id": "12387.1312",
    "id_prev": "12387.1311",
    "id_next": "12387.1313",
    "refcode_1": "PTUK",
    "refcode_2": "163",
    "refcode_3": "7",
    "refcode_4": "1897",
    "refcode_short": "PTUK March 18,  1897, page 163.7",
    "refcode_long": "The Present Truth, vol. 13 March 18,  1897, page 163 paragraph 7",
    "element_type": "p",
    "element_subtype": "standard-indented",
    "content": "There is but one remedy and that is the Gospel. The Gospel takes all the fight out of the heart by freeing men from the power of the god of this world who is the author of war. But this is a remedy which the world in general refuses to accept, and so the war clouds hang heavily over the nations continually.",
    "puborder": 1117,
    "translations": []
  },
  {
    "para_id": "12387.1313",
    "id_prev": "12387.1312",
    "id_next": "12387.1314",
    "refcode_1": "PTUK",
    "refcode_2": "163",
    "refcode_3": "",
    "refcode_4": "1897",
    "refcode_short": "PTUK March 18,  1897, page 163",
    "refcode_long": "The Present Truth, vol. 13 March 18,  1897, page 163",
    "element_type": "h5",
    "element_subtype": "",
    "content": "&ldquo;Evangelising in Turkey&rdquo; The Present Truth, 13, 11.",
    "puborder": 1118,
    "translations": []
  },
  {
    "para_id": "12387.1314",
    "id_prev": "12387.1313",
    "id_next": "12387.1315",
    "refcode_1": "PTUK",
    "refcode_2": "163",
    "refcode_3": "",
    "refcode_4": "1897",
    "refcode_short": "",
    "refcode_long": "",
    "element_type": "p",
    "element_subtype": "center",
    "content": "E. J. Waggoner",
    "puborder": 1119,
    "translations": []
  },
  {
    "para_id": "12387.1315",
    "id_prev": "12387.1314",
    "id_next": "12387.1316",
    "refcode_1": "PTUK",
    "refcode_2": "163",
    "refcode_3": "8",
    "refcode_4": "1897",
    "refcode_short": "PTUK March 18,  1897, page 163.8",
    "refcode_long": "The Present Truth, vol. 13 March 18,  1897, page 163 paragraph 8",
    "element_type": "p",
    "element_subtype": "standard-indented",
    "content": "The brother in charge of our Society&apos;s work in Turkey reports his first tour in the provinces since the rising in Constantinople. He says:&mdash;",
    "puborder": 1120,
    "translations": []
  },
  {
    "para_id": "12387.1316",
    "id_prev": "12387.1315",
    "id_next": "12387.1317",
    "refcode_1": "PTUK",
    "refcode_2": "163",
    "refcode_3": "9",
    "refcode_4": "1897",
    "refcode_short": "PTUK March 18,  1897, page 163.9",
    "refcode_long": "The Present Truth, vol. 13 March 18,  1897, page 163 paragraph 9",
    "element_type": "p",
    "element_subtype": "standard-indented",
    "content": "&ldquo;The last revolutionary movement of the Armenians against the Turkish Government so changed the internal condition of the country that it has become impossible for an Armenian to travel as he pleases. The important ports were taken under close watching. A special court was arranged to investigate all Armenians who wanted to leave the country. As I am an Armenian, I had first to appeal to this court. I am glad that God gave me favour before the council. When they learned that I was a Sabbath-keeper, they took this question under consideration, and I was permitted to visit Cilicia.&rdquo;",
    "puborder": 1121,
    "translations": []
  },
  {
    "para_id": "12387.1317",
    "id_prev": "12387.1316",
    "id_next": "12387.1318",
    "refcode_1": "PTUK",
    "refcode_2": "163",
    "refcode_3": "10",
    "refcode_4": "1897",
    "refcode_short": "PTUK March 18,  1897, page 163.10",
    "refcode_long": "The Present Truth, vol. 13 March 18,  1897, page 163 paragraph 10",
    "element_type": "p",
    "element_subtype": "standard-indented",
    "content": "Meetings were held in Adana and Tarsus, and in both places a number were baptized. &ldquo;Protestants stood afar from us&rdquo; he says, &ldquo;but (Catholic) Armenians, especially young people, were stirred to study. Some Protestants consulted together to put me into the hands of the Government, but God brought their plans to naught.&rdquo; It is the old story over again: those who have a little light and do not appreciate it nor live up to it, fight bitterly against the light which shows their transgressions and invites to a higher life, while those poor souls who feel their poverty rejoice when the Word comes to them.",
    "puborder": 1122,
    "translations": []
  },
  {
    "para_id": "12387.1318",
    "id_prev": "12387.1317",
    "id_next": "12387.1319",
    "refcode_1": "PTUK",
    "refcode_2": "163",
    "refcode_3": "",
    "refcode_4": "1897",
    "refcode_short": "PTUK March 18,  1897, page 163",
    "refcode_long": "The Present Truth, vol. 13 March 18,  1897, page 163",
    "element_type": "h5",
    "element_subtype": "",
    "content": "&ldquo;For Pious Purposes&rdquo; The Present Truth, 13, 11.",
    "puborder": 1123,
    "translations": []
  },
  {
    "para_id": "12387.1319",
    "id_prev": "12387.1318",
    "id_next": "12387.1320",
    "refcode_1": "PTUK",
    "refcode_2": "163",
    "refcode_3": "",
    "refcode_4": "1897",
    "refcode_short": "",
    "refcode_long": "",
    "element_type": "p",
    "element_subtype": "center",
    "content": "E. J. Waggoner",
    "puborder": 1124,
    "translations": []
  },
  {
    "para_id": "12387.1320",
    "id_prev": "12387.1319",
    "id_next": "12387.1332",
    "refcode_1": "PTUK",
    "refcode_2": "163",
    "refcode_3": "11",
    "refcode_4": "1897",
    "refcode_short": "PTUK March 18,  1897, page 163.11",
    "refcode_long": "The Present Truth, vol. 13 March 18,  1897, page 163 paragraph 11",
    "element_type": "p",
    "element_subtype": "standard-indented",
    "content": "For Pious Purposes .&mdash;Whenever one wants to do a wicked thing he can do it with far more enthusiasm if he can persuade himself that it is for a pious or philanthropic purpose. No wars are so cruel and bloody as those in which men mingle religious feeling with political aims. It nerves them to acts of which they would be incapable did they not consider themselves the instruments of Divine vengeance. They think God is animated by the same hatred that fills their own hearts. Thus they make God like unto themselves, which is the way of all heathenism. In the name also of civilisation, and even &ldquo;Christian civilisation,&ldquo; adventurers can perpetrate upon weak races crimes which even the most heartless would shrink from if they merely considered the atrocity itself. It is the devil&apos;s way of making men think they do God&apos;s service when they are swayed by the very spirit of Satan.",
    "puborder": 1125,
    "translations": []
  },
  {
    "para_id": "12387.1332",
    "id_prev": "12387.1320",
    "id_next": "12387.1333",
    "refcode_1": "PTUK",
    "refcode_2": "174",
    "refcode_3": "",
    "refcode_4": "1897",
    "refcode_short": "PTUK March 18,  1897, page 174",
    "refcode_long": "The Present Truth, vol. 13 March 18,  1897, page 174",
    "element_type": "h5",
    "element_subtype": "",
    "content": "&ldquo;Items of Interest&rdquo; The Present Truth, 13, 11.",
    "puborder": 1126,
    "translations": []
  },
  {
    "para_id": "12387.1333",
    "id_prev": "12387.1332",
    "id_next": "12387.1334",
    "refcode_1": "PTUK",
    "refcode_2": "174",
    "refcode_3": "",
    "refcode_4": "1897",
    "refcode_short": "",
    "refcode_long": "",
    "element_type": "p",
    "element_subtype": "center",
    "content": "E. J. Waggoner",
    "puborder": 1127,
    "translations": []
  },
  {
    "para_id": "12387.1334",
    "id_prev": "12387.1333",
    "id_next": "12387.1335",
    "refcode_1": "PTUK",
    "refcode_2": "174",
    "refcode_3": "1",
    "refcode_4": "1897",
    "refcode_short": "PTUK March 18,  1897, page 174.1",
    "refcode_long": "The Present Truth, vol. 13 March 18,  1897, page 174 paragraph 1",
    "element_type": "p",
    "element_subtype": "standard-indented",
    "content": "&mdash;The King of Siam is expected to visit England this year.",
    "puborder": 1128,
    "translations": []
  },
  {
    "para_id": "12387.1335",
    "id_prev": "12387.1334",
    "id_next": "12387.1336",
    "refcode_1": "PTUK",
    "refcode_2": "174",
    "refcode_3": "2",
    "refcode_4": "1897",
    "refcode_short": "PTUK March 18,  1897, page 174.2",
    "refcode_long": "The Present Truth, vol. 13 March 18,  1897, page 174 paragraph 2",
    "element_type": "p",
    "element_subtype": "standard-indented",
    "content": "&mdash;It is proposed in the United States to employ convicts in making Turkish rugs.",
    "puborder": 1129,
    "translations": []
  },
  {
    "para_id": "12387.1336",
    "id_prev": "12387.1335",
    "id_next": "12387.1337",
    "refcode_1": "PTUK",
    "refcode_2": "174",
    "refcode_3": "3",
    "refcode_4": "1897",
    "refcode_short": "PTUK March 18,  1897, page 174.3",
    "refcode_long": "The Present Truth, vol. 13 March 18,  1897, page 174 paragraph 3",
    "element_type": "p",
    "element_subtype": "standard-indented",
    "content": "&mdash;The Spanish Minister of Foreign Affairs is an Irishman, Charles O&apos;Donnell by name.",
    "puborder": 1130,
    "translations": []
  },
  {
    "para_id": "12387.1337",
    "id_prev": "12387.1336",
    "id_next": "12387.1338",
    "refcode_1": "PTUK",
    "refcode_2": "174",
    "refcode_3": "4",
    "refcode_4": "1897",
    "refcode_short": "PTUK March 18,  1897, page 174.4",
    "refcode_long": "The Present Truth, vol. 13 March 18,  1897, page 174 paragraph 4",
    "element_type": "p",
    "element_subtype": "standard-indented",
    "content": "&mdash;The boy King of Spain speaks English fluently, and he is described as being a bright, mischievous, wilful child.",
    "puborder": 1131,
    "translations": []
  },
  {
    "para_id": "12387.1338",
    "id_prev": "12387.1337",
    "id_next": "12387.1339",
    "refcode_1": "PTUK",
    "refcode_2": "174",
    "refcode_3": "5",
    "refcode_4": "1897",
    "refcode_short": "PTUK March 18,  1897, page 174.5",
    "refcode_long": "The Present Truth, vol. 13 March 18,  1897, page 174 paragraph 5",
    "element_type": "p",
    "element_subtype": "standard-indented",
    "content": "&mdash;A steamer has been put upon the Jordan, and makes the journey from Jericho to Tiberias, on the Sea of Galilee, in five hours.",
    "puborder": 1132,
    "translations": []
  },
  {
    "para_id": "12387.1339",
    "id_prev": "12387.1338",
    "id_next": "12387.1340",
    "refcode_1": "PTUK",
    "refcode_2": "174",
    "refcode_3": "6",
    "refcode_4": "1897",
    "refcode_short": "PTUK March 18,  1897, page 174.6",
    "refcode_long": "The Present Truth, vol. 13 March 18,  1897, page 174 paragraph 6",
    "element_type": "p",
    "element_subtype": "standard-indented",
    "content": "&mdash;The Greek and Turkish citizens throughout the world, subject to military duty, are being summoned by their respective governments to return home.",
    "puborder": 1133,
    "translations": []
  },
  {
    "para_id": "12387.1340",
    "id_prev": "12387.1339",
    "id_next": "12387.1341",
    "refcode_1": "PTUK",
    "refcode_2": "174",
    "refcode_3": "7",
    "refcode_4": "1897",
    "refcode_short": "PTUK March 18,  1897, page 174.7",
    "refcode_long": "The Present Truth, vol. 13 March 18,  1897, page 174 paragraph 7",
    "element_type": "p",
    "element_subtype": "standard-indented",
    "content": "&mdash;The expenditure proposed for ship building during the coming year, by the German naval estimates, is nearly seven times that of the normal average expenditure.",
    "puborder": 1134,
    "translations": []
  },
  {
    "para_id": "12387.1341",
    "id_prev": "12387.1340",
    "id_next": "12387.1342",
    "refcode_1": "PTUK",
    "refcode_2": "174",
    "refcode_3": "8",
    "refcode_4": "1897",
    "refcode_short": "PTUK March 18,  1897, page 174.8",
    "refcode_long": "The Present Truth, vol. 13 March 18,  1897, page 174 paragraph 8",
    "element_type": "p",
    "element_subtype": "standard-indented",
    "content": "&mdash;A new source of tree gutta percha, capable of adding largely to the world&apos;s supply, is reported to have lately been found in a creeping plant in the French Soudan.",
    "puborder": 1135,
    "translations": []
  },
  {
    "para_id": "12387.1342",
    "id_prev": "12387.1341",
    "id_next": "12387.1343",
    "refcode_1": "PTUK",
    "refcode_2": "174",
    "refcode_3": "9",
    "refcode_4": "1897",
    "refcode_short": "PTUK March 18,  1897, page 174.9",
    "refcode_long": "The Present Truth, vol. 13 March 18,  1897, page 174 paragraph 9",
    "element_type": "p",
    "element_subtype": "standard-indented",
    "content": "&mdash;Great preparations are being made for the celebration of the Queen&apos;s Jubilee Day, June 22. The procession, representing Britain and the Colonies, is to be a mile long, and it is expected that 26,000 troops will be paraded along the route.",
    "puborder": 1136,
    "translations": []
  },
  {
    "para_id": "12387.1343",
    "id_prev": "12387.1342",
    "id_next": "12387.1344",
    "refcode_1": "PTUK",
    "refcode_2": "174",
    "refcode_3": "10",
    "refcode_4": "1897",
    "refcode_short": "PTUK March 18,  1897, page 174.10",
    "refcode_long": "The Present Truth, vol. 13 March 18,  1897, page 174 paragraph 10",
    "element_type": "p",
    "element_subtype": "standard-indented",
    "content": "&mdash;A Japanese scientist believes that he has evidence that the cause of the tidal wave which devastated the coast of Japan last June, was a volcanic outburst at the bottom of the ocean, about two hundred leagues at sea.",
    "puborder": 1137,
    "translations": []
  },
  {
    "para_id": "12387.1344",
    "id_prev": "12387.1343",
    "id_next": "12387.1345",
    "refcode_1": "PTUK",
    "refcode_2": "174",
    "refcode_3": "11",
    "refcode_4": "1897",
    "refcode_short": "PTUK March 18,  1897, page 174.11",
    "refcode_long": "The Present Truth, vol. 13 March 18,  1897, page 174 paragraph 11",
    "element_type": "p",
    "element_subtype": "standard-indented",
    "content": "-What is said to be the most expensive book to the world is now being published by the Government of the United States, at a total cost of nearly ?600,000. The book is an official history of the American Civil War, and consists of 112 volumes.",
    "puborder": 1138,
    "translations": []
  },
  {
    "para_id": "12387.1345",
    "id_prev": "12387.1344",
    "id_next": "12387.1346",
    "refcode_1": "PTUK",
    "refcode_2": "174",
    "refcode_3": "12",
    "refcode_4": "1897",
    "refcode_short": "PTUK March 18,  1897, page 174.12",
    "refcode_long": "The Present Truth, vol. 13 March 18,  1897, page 174 paragraph 12",
    "element_type": "p",
    "element_subtype": "standard-indented",
    "content": "&mdash;The British and Foreign Bible Society has just celebrated the ninety-third anniversary of its organisation. Nearly 4,000,000 Bibles, Testaments, and extracts, have been distributed the past year. The entire output of the Society to the present date has been 147,366,669 copies of the Bible.",
    "puborder": 1139,
    "translations": []
  },
  {
    "para_id": "12387.1346",
    "id_prev": "12387.1345",
    "id_next": "12387.1347",
    "refcode_1": "PTUK",
    "refcode_2": "174",
    "refcode_3": "13",
    "refcode_4": "1897",
    "refcode_short": "PTUK March 18,  1897, page 174.13",
    "refcode_long": "The Present Truth, vol. 13 March 18,  1897, page 174 paragraph 13",
    "element_type": "p",
    "element_subtype": "standard-indented",
    "content": "&mdash;Twice in one week the X rays were used in Leeds Infirmary for the extraction of coins swallowed by children. In one instance a half-penny was accidentally swallowed five months ago. Under the rays the coin was at once loosed, the requisite operation being speedily and successfully performed.",
    "puborder": 1140,
    "translations": []
  },
  {
    "para_id": "12387.1347",
    "id_prev": "12387.1346",
    "id_next": "12387.1350",
    "refcode_1": "PTUK",
    "refcode_2": "174",
    "refcode_3": "14",
    "refcode_4": "1897",
    "refcode_short": "PTUK March 18,  1897, page 174.14",
    "refcode_long": "The Present Truth, vol. 13 March 18,  1897, page 174 paragraph 14",
    "element_type": "p",
    "element_subtype": "standard-indented",
    "content": "&mdash;A &ldquo;Sunday Steamer Association&rdquo; proposes to run a steamer on the Clyde the coming summer. The Dunoon Commissioners have expressed themselves unwilling to open the pier on Sundays. Legal authorities are of the opinion that a pier cannot be closed against a steamer on any day. So a battle at law seems imminent.",
    "puborder": 1141,
    "translations": []
  },
  {
    "para_id": "12387.1350",
    "id_prev": "12387.1347",
    "id_next": "12387.1351",
    "refcode_1": "PTUK",
    "refcode_2": "176",
    "refcode_3": "",
    "refcode_4": "1897",
    "refcode_short": "PTUK March 18,  1897, page 176",
    "refcode_long": "The Present Truth, vol. 13 March 18,  1897, page 176",
    "element_type": "h5",
    "element_subtype": "",
    "content": "&ldquo;Back Page&rdquo; The Present Truth, 13, 11.",
    "puborder": 1142,
    "translations": []
  },
  {
    "para_id": "12387.1351",
    "id_prev": "12387.1350",
    "id_next": "12387.1352",
    "refcode_1": "PTUK",
    "refcode_2": "176",
    "refcode_3": "",
    "refcode_4": "1897",
    "refcode_short": "",
    "refcode_long": "",
    "element_type": "p",
    "element_subtype": "center",
    "content": "E. J. Waggoner",
    "puborder": 1143,
    "translations": []
  },
  {
    "para_id": "12387.1352",
    "id_prev": "12387.1351",
    "id_next": "12387.1353",
    "refcode_1": "PTUK",
    "refcode_2": "176",
    "refcode_3": "1",
    "refcode_4": "1897",
    "refcode_short": "PTUK March 18,  1897, page 176.1",
    "refcode_long": "The Present Truth, vol. 13 March 18,  1897, page 176 paragraph 1",
    "element_type": "p",
    "element_subtype": "standard-indented",
    "content": "&ldquo;If you love Me, keep My commandments,&ldquo; love and obedience are inseparable. Those who refuse to keep His commandments do so because they do not love Him. In that heart wherein the commandments of God are written, love and faith will both abide.",
    "puborder": 1144,
    "translations": []
  },
  {
    "para_id": "12387.1353",
    "id_prev": "12387.1352",
    "id_next": "12387.1354",
    "refcode_1": "PTUK",
    "refcode_2": "176",
    "refcode_3": "2",
    "refcode_4": "1897",
    "refcode_short": "PTUK March 18,  1897, page 176.2",
    "refcode_long": "The Present Truth, vol. 13 March 18,  1897, page 176 paragraph 2",
    "element_type": "p",
    "element_subtype": "standard-indented",
    "content": "The fashion is to glorify the culture and philosophy of the ancient Greeks. But it is not realised by those who do this that the Apostle Paul, in the first chapter of Romans, describes by inspiration the true character of that heathen culture which put God out of the knowledge of men and was unspeakably vile.",
    "puborder": 1145,
    "translations": []
  },
  {
    "para_id": "12387.1354",
    "id_prev": "12387.1353",
    "id_next": "12387.1355",
    "refcode_1": "PTUK",
    "refcode_2": "176",
    "refcode_3": "3",
    "refcode_4": "1897",
    "refcode_short": "PTUK March 18,  1897, page 176.3",
    "refcode_long": "The Present Truth, vol. 13 March 18,  1897, page 176 paragraph 3",
    "element_type": "p",
    "element_subtype": "standard-indented",
    "content": "&ldquo;The Medical Side of the Drink Question&rdquo; (Ideal Publishing Union, Memorial Hall, Farringdon-street), is an excellent compilation from the writings of the late Sir Benjamin Ward Richardson. It is a large pamphlet (78 pp.) at the very low price of 1d. May it do much good, for the increasing consumption of drink is due very much to ignorance of the poisonous nature of alcohol.",
    "puborder": 1146,
    "translations": []
  },
  {
    "para_id": "12387.1355",
    "id_prev": "12387.1354",
    "id_next": "12387.1356",
    "refcode_1": "PTUK",
    "refcode_2": "176",
    "refcode_3": "4",
    "refcode_4": "1897",
    "refcode_short": "PTUK March 18,  1897, page 176.4",
    "refcode_long": "The Present Truth, vol. 13 March 18,  1897, page 176 paragraph 4",
    "element_type": "p",
    "element_subtype": "standard-indented",
    "content": "How foolish that rich man is who thinks he can save his wealth by depositing it in the bank and safety vault of the devil, instead of laying it up where moth and rust can never corrupt, and where there are no thieves to break through and steal.",
    "puborder": 1147,
    "translations": []
  },
  {
    "para_id": "12387.1356",
    "id_prev": "12387.1355",
    "id_next": "12387.1357",
    "refcode_1": "PTUK",
    "refcode_2": "176",
    "refcode_3": "",
    "refcode_4": "1897",
    "refcode_short": "PTUK March 18,  1897, page 176",
    "refcode_long": "The Present Truth, vol. 13 March 18,  1897, page 176",
    "element_type": "h5",
    "element_subtype": "",
    "content": "&ldquo;Not Protestant&rdquo; The Present Truth, 13, 11.",
    "puborder": 1148,
    "translations": []
  },
  {
    "para_id": "12387.1357",
    "id_prev": "12387.1356",
    "id_next": "12387.1358",
    "refcode_1": "PTUK",
    "refcode_2": "176",
    "refcode_3": "",
    "refcode_4": "1897",
    "refcode_short": "",
    "refcode_long": "",
    "element_type": "p",
    "element_subtype": "center",
    "content": "E. J. Waggoner",
    "puborder": 1149,
    "translations": []
  },
  {
    "para_id": "12387.1358",
    "id_prev": "12387.1357",
    "id_next": "12387.1359",
    "refcode_1": "PTUK",
    "refcode_2": "176",
    "refcode_3": "5",
    "refcode_4": "1897",
    "refcode_short": "PTUK March 18,  1897, page 176.5",
    "refcode_long": "The Present Truth, vol. 13 March 18,  1897, page 176 paragraph 5",
    "element_type": "p",
    "element_subtype": "standard-indented",
    "content": "Not Protestant .&mdash;The Anglican Archbishops have replied to the Papal Bull on Anglican Orders, and their reply is ample proof that if the highest officials of the English Church speak for the majority, the majority of the Church of England totally repudiates Protestantism. They address the Pope as their &ldquo;venerable brother,&ldquo; and the argument throughout is that the Church of England has a sacrificing priesthood whose &ldquo;orders&rdquo; are every whit as sound as the Roman Catholic.",
    "puborder": 1150,
    "translations": []
  },
  {
    "para_id": "12387.1359",
    "id_prev": "12387.1358",
    "id_next": "12387.1360",
    "refcode_1": "PTUK",
    "refcode_2": "176",
    "refcode_3": "",
    "refcode_4": "1897",
    "refcode_short": "PTUK March 18,  1897, page 176",
    "refcode_long": "The Present Truth, vol. 13 March 18,  1897, page 176",
    "element_type": "h5",
    "element_subtype": "",
    "content": "&ldquo;Sowing the Wind&rdquo; The Present Truth, 13, 11.",
    "puborder": 1151,
    "translations": []
  },
  {
    "para_id": "12387.1360",
    "id_prev": "12387.1359",
    "id_next": "12387.1361",
    "refcode_1": "PTUK",
    "refcode_2": "176",
    "refcode_3": "",
    "refcode_4": "1897",
    "refcode_short": "",
    "refcode_long": "",
    "element_type": "p",
    "element_subtype": "center",
    "content": "E. J. Waggoner",
    "puborder": 1152,
    "translations": []
  },
  {
    "para_id": "12387.1361",
    "id_prev": "12387.1360",
    "id_next": "12387.1362",
    "refcode_1": "PTUK",
    "refcode_2": "176",
    "refcode_3": "6",
    "refcode_4": "1897",
    "refcode_short": "PTUK March 18,  1897, page 176.6",
    "refcode_long": "The Present Truth, vol. 13 March 18,  1897, page 176 paragraph 6",
    "element_type": "p",
    "element_subtype": "standard-indented",
    "content": "Sowing the Wind .&mdash;When preachers justify resort to war to gain political independence, and a great hall filled with rebellious people, rings with cheers for those who&mdash;let us say&mdash;fight for their rights against oppression, it is impossible not to think of an equally noisy meeting, held in the same great hall a little time ago, when an audience distinctly irreligious in its sympathies cheered men who counselled the overthrow of the present colonial system in England. At the recent meeting speakers evoked repeated &ldquo;groans&rdquo; by violently denouncing a foreign ruler, the German Emperor. At the other meeting there were groans for the British Government and hisses for the aged Queen. Of course it will be said that the meeting in behalf of the Greek cause was more representative, and that the other meeting represented only a few malcontents. But the point is that when religious people justify resort to bloodshed to overthrow Governments and to secure rights they are losing their influence for peace and encouraging elements of discontent which are increasing year by year. They are sowing the wind and will yet reap the whirlwind.",
    "puborder": 1153,
    "translations": []
  },
  {
    "para_id": "12387.1362",
    "id_prev": "12387.1361",
    "id_next": "12387.1363",
    "refcode_1": "PTUK",
    "refcode_2": "176",
    "refcode_3": "",
    "refcode_4": "1897",
    "refcode_short": "PTUK March 18,  1897, page 176",
    "refcode_long": "The Present Truth, vol. 13 March 18,  1897, page 176",
    "element_type": "h5",
    "element_subtype": "",
    "content": "&ldquo;Suffering In Rhodesia&rdquo; The Present Truth, 13, 11.",
    "puborder": 1154,
    "translations": []
  },
  {
    "para_id": "12387.1363",
    "id_prev": "12387.1362",
    "id_next": "12387.1364",
    "refcode_1": "PTUK",
    "refcode_2": "176",
    "refcode_3": "",
    "refcode_4": "1897",
    "refcode_short": "",
    "refcode_long": "",
    "element_type": "p",
    "element_subtype": "center",
    "content": "E. J. Waggoner",
    "puborder": 1155,
    "translations": []
  },
  {
    "para_id": "12387.1364",
    "id_prev": "12387.1363",
    "id_next": "12387.1365",
    "refcode_1": "PTUK",
    "refcode_2": "176",
    "refcode_3": "7",
    "refcode_4": "1897",
    "refcode_short": "PTUK March 18,  1897, page 176.7",
    "refcode_long": "The Present Truth, vol. 13 March 18,  1897, page 176 paragraph 7",
    "element_type": "p",
    "element_subtype": "standard-indented",
    "content": "Suffering In Rhodesia .&mdash;Following the native war and the rinderpest, the newly opened country of Matabeleland is suffering famine. We have frequently printed reports from our Society&apos;s mission there, showing the great needs of the natives. The situation, according to the last report, was increasing in gravity. One of the missionaries writes:&mdash;",
    "puborder": 1156,
    "translations": []
  },
  {
    "para_id": "12387.1365",
    "id_prev": "12387.1364",
    "id_next": "12387.1366",
    "refcode_1": "PTUK",
    "refcode_2": "176",
    "refcode_3": "8",
    "refcode_4": "1897",
    "refcode_short": "PTUK March 18,  1897, page 176.8",
    "refcode_long": "The Present Truth, vol. 13 March 18,  1897, page 176 paragraph 8",
    "element_type": "p",
    "element_subtype": "standard-indented",
    "content": "When I last wrote, I could chronicle the fact that many who were mere skeletons had been seen, and that deaths were reported from adjoining neighbourhoods. Now we can say they are no longer at a distance, but have become a reality at our door. The dead from hunger is all round us, and human skeletons are walking about on every side, begging for a morsel to eat; but even this has often to be denied them. The road to Buluwayo has been for a few weeks dotted here and there with the bodies of those who have gone as far as they could in search of food: but strength failing, they perished by the way.",
    "puborder": 1157,
    "translations": []
  },
  {
    "para_id": "12387.1366",
    "id_prev": "12387.1365",
    "id_next": "12387.1367",
    "refcode_1": "PTUK",
    "refcode_2": "176",
    "refcode_3": "",
    "refcode_4": "1897",
    "refcode_short": "PTUK March 18,  1897, page 176",
    "refcode_long": "The Present Truth, vol. 13 March 18,  1897, page 176",
    "element_type": "h5",
    "element_subtype": "",
    "content": "&ldquo;The Cry of the Children&rdquo; The Present Truth, 13, 11.",
    "puborder": 1158,
    "translations": []
  },
  {
    "para_id": "12387.1367",
    "id_prev": "12387.1366",
    "id_next": "12387.1368",
    "refcode_1": "PTUK",
    "refcode_2": "176",
    "refcode_3": "",
    "refcode_4": "1897",
    "refcode_short": "",
    "refcode_long": "",
    "element_type": "p",
    "element_subtype": "center",
    "content": "E. J. Waggoner",
    "puborder": 1159,
    "translations": []
  },
  {
    "para_id": "12387.1368",
    "id_prev": "12387.1367",
    "id_next": "12387.1369",
    "refcode_1": "PTUK",
    "refcode_2": "176",
    "refcode_3": "9",
    "refcode_4": "1897",
    "refcode_short": "PTUK March 18,  1897, page 176.9",
    "refcode_long": "The Present Truth, vol. 13 March 18,  1897, page 176 paragraph 9",
    "element_type": "p",
    "element_subtype": "standard-indented",
    "content": "The Cry of the Children .&mdash;The report further tells of a boy who was caught trying to steal a fowl, who led his captor to a place where a little three-year-old was buried in a hole by a layer of brushwood and soil. The little one was taken out and makes progress toward recovery.",
    "puborder": 1160,
    "translations": []
  },
  {
    "para_id": "12387.1369",
    "id_prev": "12387.1368",
    "id_next": "12387.1370",
    "refcode_1": "PTUK",
    "refcode_2": "176",
    "refcode_3": "10",
    "refcode_4": "1897",
    "refcode_short": "PTUK March 18,  1897, page 176.10",
    "refcode_long": "The Present Truth, vol. 13 March 18,  1897, page 176 paragraph 10",
    "element_type": "p",
    "element_subtype": "standard-indented",
    "content": "Yesterday a native told my wife that many are disposing of their children by thrusting them into holes, and covering them with whatever is at hand; then placing their fingers in ears to drown their cries, they run from the place as fast as they can go. Oh, that we could take all these helpless ones, and feed them, and teach them of Jesus and a life beyond! We have taken thirty of these needy ones to feed and clothe and teach, and have appealed to the Government in behalf of the many we are unable to help. We hope attention will be given to this appeal. Dear brethren, do we fully appreciate the plenty the Lord has granted us? I am sure I have not in the past, and now our daily desire is that we might have some of that plenty that we have so lightly appreciated in the past, that we might be of service to this distressed people.",
    "puborder": 1161,
    "translations": []
  },
  {
    "para_id": "12387.1370",
    "id_prev": "12387.1369",
    "id_next": "12387.1371",
    "refcode_1": "PTUK",
    "refcode_2": "176",
    "refcode_3": "",
    "refcode_4": "1897",
    "refcode_short": "PTUK March 18,  1897, page 176",
    "refcode_long": "The Present Truth, vol. 13 March 18,  1897, page 176",
    "element_type": "h5",
    "element_subtype": "",
    "content": "&ldquo;Come Quickly&rdquo; The Present Truth, 13, 11.",
    "puborder": 1162,
    "translations": []
  },
  {
    "para_id": "12387.1371",
    "id_prev": "12387.1370",
    "id_next": "12387.1372",
    "refcode_1": "PTUK",
    "refcode_2": "176",
    "refcode_3": "",
    "refcode_4": "1897",
    "refcode_short": "",
    "refcode_long": "",
    "element_type": "p",
    "element_subtype": "center",
    "content": "E. J. Waggoner",
    "puborder": 1163,
    "translations": []
  },
  {
    "para_id": "12387.1372",
    "id_prev": "12387.1371",
    "id_next": "12387.1373",
    "refcode_1": "PTUK",
    "refcode_2": "176",
    "refcode_3": "11",
    "refcode_4": "1897",
    "refcode_short": "PTUK March 18,  1897, page 176.11",
    "refcode_long": "The Present Truth, vol. 13 March 18,  1897, page 176 paragraph 11",
    "element_type": "p",
    "element_subtype": "standard-indented",
    "content": "Come Quickly .&mdash;When one contemplates the increase or suffering in the earth due to disease and crime and injustice, and sees the drink evil extending at home and abroad, and the passion for war continually preparing to add to the volume of misery by the wholesale butchery of the battle-field, one can only consecrate his all to the work of saving souls from the ruin and find refuge in the promise, &ldquo;Surely I come quickly,&ldquo; and respond, &ldquo;Even so, come, Lord Jesus.&rdquo; There is much to be done before this Gospel of the kingdom can be said to have been preached as a witness to all nations. But the Lord is in haste to end the reign of ruin, and &ldquo;He will finish the work, and cut it short in righteousness: because a short work will the Lord make in the earth.&rdquo; The &ldquo;wars and rumours of wars&rdquo; and the &ldquo;famines and pestilences&rdquo; which constitute so sorrowful a spectacle are themselves signs which Jesus said would portend His second coming.",
    "puborder": 1164,
    "translations": []
  },
  {
    "para_id": "12387.1373",
    "id_prev": "12387.1372",
    "id_next": "12387.1374",
    "refcode_1": "PTUK",
    "refcode_2": "176",
    "refcode_3": "",
    "refcode_4": "1897",
    "refcode_short": "PTUK March 18,  1897, page 176",
    "refcode_long": "The Present Truth, vol. 13 March 18,  1897, page 176",
    "element_type": "h5",
    "element_subtype": "",
    "content": "&ldquo;Adding Fuel to the Flames&rdquo; The Present Truth, 13, 11.",
    "puborder": 1165,
    "translations": []
  },
  {
    "para_id": "12387.1374",
    "id_prev": "12387.1373",
    "id_next": "12387.1375",
    "refcode_1": "PTUK",
    "refcode_2": "176",
    "refcode_3": "",
    "refcode_4": "1897",
    "refcode_short": "",
    "refcode_long": "",
    "element_type": "p",
    "element_subtype": "center",
    "content": "E. J. Waggoner",
    "puborder": 1166,
    "translations": []
  },
  {
    "para_id": "12387.1375",
    "id_prev": "12387.1374",
    "id_next": "12387.1376",
    "refcode_1": "PTUK",
    "refcode_2": "176",
    "refcode_3": "12",
    "refcode_4": "1897",
    "refcode_short": "PTUK March 18,  1897, page 176.12",
    "refcode_long": "The Present Truth, vol. 13 March 18,  1897, page 176 paragraph 12",
    "element_type": "p",
    "element_subtype": "standard-indented",
    "content": "Adding Fuel to the Flames .&mdash;In its column, &ldquo;Books and Authors,&ldquo; the <em>Echo</em> remarks that, &ldquo;the growing popularity of books on navies and armies, of biographies of admirals and generals, is one of the most striking features of the book market.&rdquo; And among them all that which is &ldquo;full of fighting from first to last, is the most successful and the most popular.&rdquo; As flying straws show the direction of the wind, so the output of current literature shows the bent of the popular mind. Preparation for war, on land and sea, is now the engrossing pursuit of all the nations of the world. It is natural that the literature of war should find a ready market. The fact that this is so makes it all the more needful that the literature of peace,&mdash;the Bible, should be distributed even more freely, and God&apos;s message of peace&mdash;the Gospel&mdash;be more faithfully preached than ever before.",
    "puborder": 1167,
    "translations": []
  },
  {
    "para_id": "12387.1376",
    "id_prev": "12387.1375",
    "id_next": "12387.1377",
    "refcode_1": "PTUK",
    "refcode_2": "176",
    "refcode_3": "",
    "refcode_4": "1897",
    "refcode_short": "PTUK March 18,  1897, page 176",
    "refcode_long": "The Present Truth, vol. 13 March 18,  1897, page 176",
    "element_type": "h5",
    "element_subtype": "",
    "content": "&ldquo;The Eastern Question&rdquo; The Present Truth, 13, 11.",
    "puborder": 1168,
    "translations": []
  },
  {
    "para_id": "12387.1377",
    "id_prev": "12387.1376",
    "id_next": "12387.1378",
    "refcode_1": "PTUK",
    "refcode_2": "176",
    "refcode_3": "",
    "refcode_4": "1897",
    "refcode_short": "",
    "refcode_long": "",
    "element_type": "p",
    "element_subtype": "center",
    "content": "E. J. Waggoner",
    "puborder": 1169,
    "translations": []
  },
  {
    "para_id": "12387.1378",
    "id_prev": "12387.1377",
    "id_next": "12387.1386",
    "refcode_1": "PTUK",
    "refcode_2": "176",
    "refcode_3": "13",
    "refcode_4": "1897",
    "refcode_short": "PTUK March 18,  1897, page 176.13",
    "refcode_long": "The Present Truth, vol. 13 March 18,  1897, page 176 paragraph 13",
    "element_type": "p",
    "element_subtype": "standard-indented",
    "content": "The Eastern Question .&mdash;The first edition of our pamphlet on this question having been exhausted, a second edition (of 10,000 copies) is now being printed. It is a study of the Eastern Question in the light of the &ldquo;sure word of prophecy,&ldquo; which shows how much its solution means to all the world. Price 1d.",
    "puborder": 1170,
    "translations": []
  }
]