[
  {
    "para_id": "945.923",
    "id_prev": "945.921",
    "id_next": "945.924",
    "refcode_1": "FAFA",
    "refcode_2": "134",
    "refcode_3": "",
    "refcode_4": "",
    "refcode_short": "FAFA 134",
    "refcode_long": "Facts of Faith, p. 134 (Christian Edwardson)",
    "element_type": "h3",
    "element_subtype": "",
    "content": "Celtic Sabbath-Keepers",
    "puborder": 702,
    "translations": []
  },
  {
    "para_id": "945.924",
    "id_prev": "945.923",
    "id_next": "945.925",
    "refcode_1": "FAFA",
    "refcode_2": "134",
    "refcode_3": "1",
    "refcode_4": "",
    "refcode_short": "FAFA 134.1",
    "refcode_long": "Facts of Faith, p. 134.1 (Christian Edwardson)",
    "element_type": "p",
    "element_subtype": "standard-indented",
    "content": "WE KNOW from several sources that Christianity entered the British Isles in apostolic times. (<span class=\"egwlink egwlink_bible\" title=\"Colossians 1:23\" data-link=\"1965.60138\">Colossians 1:23</span>) Rev. Richard Hart, B. A., Vicar of Catton, says: &ldquo;That the light of Christianity dawned upon these islands in the course of the first century, is a matter of historical certainty. <em>&ldquo;Ecclesiastical Records,&rdquo; p. vii. Cambridge: 1846.</em> Tertullian, about 200 A. D., included the Britons among the many nations which believed in Christ, and he speaks of places among &ldquo;the Britons-inaccessible to the Romans, but subjugated to Christ.&rdquo; <em>&ldquo;Answer to the Jews,&rdquo; chap. vii</em>. Dr. Ephraim Pagit, in his &ldquo;Christianography,&rdquo; printed in London, 1640, gives an interesting account of the early Christians in these islands.",
    "puborder": 703,
    "translations": []
  },
  {
    "para_id": "945.925",
    "id_prev": "945.924",
    "id_next": "945.926",
    "refcode_1": "FAFA",
    "refcode_2": "134",
    "refcode_3": "2",
    "refcode_4": "",
    "refcode_short": "FAFA 134.2",
    "refcode_long": "Facts of Faith, p. 134.2 (Christian Edwardson)",
    "element_type": "p",
    "element_subtype": "standard-indented",
    "content": "Before the church in the British Isles was forced under the papal yoke, it was noted for its institutions of learning. The Rev. Mr. Hart says:",
    "puborder": 704,
    "translations": []
  },
  {
    "para_id": "945.926",
    "id_prev": "945.925",
    "id_next": "945.927",
    "refcode_1": "FAFA",
    "refcode_2": "134",
    "refcode_3": "",
    "refcode_4": "",
    "refcode_short": "",
    "refcode_long": "",
    "element_type": "p",
    "element_subtype": "standard-noindent",
    "content": "&ldquo;That learning and piety flourished in these islands during the period of their independence is capable of the most satisfactory proof, and Ireland in particular was so universally celebrated, that students flocked thither from all parts of the world.&rdquo; &mdash; <em>&ldquo;Ecclesiastical Records,&ldquo;. p. viii.</em>",
    "puborder": 705,
    "translations": []
  },
  {
    "para_id": "945.927",
    "id_prev": "945.926",
    "id_next": "945.928",
    "refcode_1": "FAFA",
    "refcode_2": "134",
    "refcode_3": "3",
    "refcode_4": "",
    "refcode_short": "FAFA 134.3",
    "refcode_long": "Facts of Faith, p. 134.3 (Christian Edwardson)",
    "element_type": "p",
    "element_subtype": "standard-indented",
    "content": "He says, some came to &ldquo;Ireland for the sake of studying the Scriptures.&rdquo; &mdash; <em>Id., p. xi.</em>",
    "puborder": 706,
    "translations": []
  }
]