[
  {
    "para_id": "506.169",
    "id_prev": "506.168",
    "id_next": "506.170",
    "refcode_1": "Advocate",
    "refcode_2": "",
    "refcode_3": "",
    "refcode_4": "1900",
    "refcode_short": "Advocate April 1,  1900, par. 20",
    "refcode_long": "The Advocate April 1,  1900, paragraph 20",
    "element_type": "h3",
    "element_subtype": "",
    "content": "April 1, 1900",
    "puborder": 172,
    "translations": []
  },
  {
    "para_id": "506.170",
    "id_prev": "506.169",
    "id_next": "506.171",
    "refcode_1": "Advocate",
    "refcode_2": "",
    "refcode_3": "",
    "refcode_4": "1900",
    "refcode_short": "Advocate April 1,  1900",
    "refcode_long": "The Advocate April 1,  1900",
    "element_type": "h5",
    "element_subtype": "",
    "content": "Help To Be Given Our Schools",
    "puborder": 173,
    "translations": []
  },
  {
    "para_id": "506.171",
    "id_prev": "506.170",
    "id_next": "506.172",
    "refcode_1": "Advocate",
    "refcode_2": "",
    "refcode_3": "",
    "refcode_4": "1900",
    "refcode_short": "",
    "refcode_long": "",
    "element_type": "p",
    "element_subtype": "periodicalauthor",
    "content": "EGW",
    "puborder": 174,
    "translations": []
  },
  {
    "para_id": "506.172",
    "id_prev": "506.171",
    "id_next": "506.173",
    "refcode_1": "Advocate",
    "refcode_2": "",
    "refcode_3": "",
    "refcode_4": "1900",
    "refcode_short": "",
    "refcode_long": "",
    "element_type": "p",
    "element_subtype": "center",
    "content": "[<span class=\"non-egw-comment\">Extracts from an article by Mrs. E. G. White, January 23, 1900</span>.]",
    "puborder": 175,
    "translations": []
  },
  {
    "para_id": "506.173",
    "id_prev": "506.172",
    "id_next": "506.174",
    "refcode_1": "Advocate",
    "refcode_2": "",
    "refcode_3": "",
    "refcode_4": "1900",
    "refcode_short": "Advocate April 1,  1900, par. 1",
    "refcode_long": "The Advocate April 1,  1900, paragraph 1",
    "element_type": "p",
    "element_subtype": "standard-indented",
    "content": "I have not been able to sleep since one o&apos;clock. I am troubled in regard to the debt on Battle Creek College.... In the night season I seemed to see several looking over the account books of the Review and Herald. In these books were recorded the interest on the money loaned to the school.",
    "puborder": 176,
    "translations": []
  },
  {
    "para_id": "506.174",
    "id_prev": "506.173",
    "id_next": "506.175",
    "refcode_1": "Advocate",
    "refcode_2": "",
    "refcode_3": "",
    "refcode_4": "1900",
    "refcode_short": "Advocate April 1,  1900, par. 2",
    "refcode_long": "The Advocate April 1,  1900, paragraph 2",
    "element_type": "p",
    "element_subtype": "standard-indented",
    "content": "Notwithstanding the light given by God, ten thousand dollars were called for, and double that amount was used in building an addition to the school. The managers of the Review and Herald had much to do in this matter. These things must be considered. The Review and Herald is not required to pay the College debt; for if this were done, calls would be made for other schools to be helped in the same way. But the interest on this debt should be made as low as possible. Interest should not be charged upon interest. Neither should those who have loaned money charge a higher rate of interest than they themselves pay. One institution should have the tenderest and most kindly feelings for the sister institution. The work done in one is as much the Lord&apos;s work as the work done in the other. The time has come when the Lord will have all the powers of his people brought into exercise to relieve the situation of our schools. In order to help in this cause, I have proposed giving my book, &ldquo;The Parables of Jesus.&rdquo; I feel very anxious that the General Conference shall act unselfishly in regard to this book, which is to be published to help the schools. This is a time when the conference should stand before the people in a better light than it has hitherto done. We shall call upon the people to help to the utmost of their ability just now. We shall call upon them to do a work which will be pleasing to God in purchasing the book. We shall ask that every available means be used to help circulate this book. We shall ask that the whole field be supplied with canvassers. We shall call upon our ministers, as they visit the churches, to encourage men and women to go out as canvassers, and to make a decided forward movement in the path of self-denial by giving part of their earnings to help our schools to get out of debt. Surely they can do this much to help the Master.",
    "puborder": 177,
    "translations": []
  },
  {
    "para_id": "506.175",
    "id_prev": "506.174",
    "id_next": "506.176",
    "refcode_1": "Advocate",
    "refcode_2": "",
    "refcode_3": "",
    "refcode_4": "1900",
    "refcode_short": "Advocate April 1,  1900",
    "refcode_long": "The Advocate April 1,  1900",
    "element_type": "h6",
    "element_subtype": "",
    "content": "Individual Responsibility",
    "puborder": 178,
    "translations": []
  },
  {
    "para_id": "506.176",
    "id_prev": "506.175",
    "id_next": "506.177",
    "refcode_1": "Advocate",
    "refcode_2": "",
    "refcode_3": "",
    "refcode_4": "1900",
    "refcode_short": "Advocate April 1,  1900, par. 3",
    "refcode_long": "The Advocate April 1,  1900, paragraph 3",
    "element_type": "p",
    "element_subtype": "standard-indented",
    "content": "A general movement is needed, but this must begin with individual movements. Let each member in each family in each church make determined efforts to deny self. Let us have the whole-hearted co-operation of all in our ranks. Let us all move forward willingly and intelligently to do what we can to relieve these of our schools that are struggling under a pressure of debt. Let the officers of each church find out who among the members has been helped by the school; then let the church refund the tuition money. Let those who have had success in canvassing come up to the help of the Lord. As they handle this book, let them in the name of the Lord work in faith. The movement I have suggested <em>will result in reconciliation. It will unify the churches</em>....",
    "puborder": 179,
    "translations": []
  },
  {
    "para_id": "506.177",
    "id_prev": "506.176",
    "id_next": "506.178",
    "refcode_1": "Advocate",
    "refcode_2": "",
    "refcode_3": "",
    "refcode_4": "1900",
    "refcode_short": "Advocate April 1,  1900",
    "refcode_long": "The Advocate April 1,  1900",
    "element_type": "h6",
    "element_subtype": "",
    "content": "The Promise",
    "puborder": 180,
    "translations": []
  },
  {
    "para_id": "506.178",
    "id_prev": "506.177",
    "id_next": "506.179",
    "refcode_1": "Advocate",
    "refcode_2": "",
    "refcode_3": "",
    "refcode_4": "1900",
    "refcode_short": "Advocate April 1,  1900, par. 4",
    "refcode_long": "The Advocate April 1,  1900, paragraph 4",
    "element_type": "p",
    "element_subtype": "standard-indented",
    "content": "The schools must be helped. Let all lift harmoniously, and help as much as they possibly can. Great blessings will come to those who will take hold of this matter just now. Let no discouragement be offered by our ministers, as though it were not a proper thing to do. They should take hold of this work. If they do it aright, cheerfully, hopefully, they will find it a very great blessing. The Lord does not force any man to work, but to those who will place themselves decidedly on his side, he will give a willing mind. He will bless the one who works out the spirit which he works in. God will make the movement for the help of our schools a success if it is made in a free, willing spirit, as to the Lord. Only in this way can be rolled back the reproach that has come upon our schools all over the land. If all will take hold of this work in the spirit of self-sacrifice, for Christ&apos;s sake and for the truth&apos;s sake, it will not be long before the jubilee song of freedom can be sung throughout our borders.",
    "puborder": 181,
    "translations": []
  },
  {
    "para_id": "506.179",
    "id_prev": "506.178",
    "id_next": "506.180",
    "refcode_1": "Advocate",
    "refcode_2": "",
    "refcode_3": "",
    "refcode_4": "1900",
    "refcode_short": "Advocate April 1,  1900",
    "refcode_long": "The Advocate April 1,  1900",
    "element_type": "h6",
    "element_subtype": "",
    "content": "The Minister&apos;s Need",
    "puborder": 182,
    "translations": []
  },
  {
    "para_id": "506.180",
    "id_prev": "506.179",
    "id_next": "506.181",
    "refcode_1": "Advocate",
    "refcode_2": "",
    "refcode_3": "",
    "refcode_4": "1900",
    "refcode_short": "Advocate April 1,  1900, par. 5",
    "refcode_long": "The Advocate April 1,  1900, paragraph 5",
    "element_type": "p",
    "element_subtype": "standard-indented",
    "content": "Let our ministers consecrate themselves to God. We need so much, O so much! humble men, who feel it a pleasure to do their very best. A glorious gospel work opens before the converted, faithful minister. He is to help his fellow-men to a better understanding of the Word. The influence exerted by the minister with whom God works is weighty and momentous. The Lord is highly pleased with the minister who works humbly and willingly. Those who are wholly consecrated to God will ever seek wisdom from on high to enable them to bear their heavy responsibilities. They will be patient, forbearing, courteous, knowing that they are Christ&apos;s representatives. They will show a deep earnestness and fervor in prayer and in their appeals to individuals and congregations.",
    "puborder": 183,
    "translations": []
  },
  {
    "para_id": "506.181",
    "id_prev": "506.180",
    "id_next": "506.182",
    "refcode_1": "Advocate",
    "refcode_2": "",
    "refcode_3": "",
    "refcode_4": "1900",
    "refcode_short": "Advocate April 1,  1900, par. 6",
    "refcode_long": "The Advocate April 1,  1900, paragraph 6",
    "element_type": "p",
    "element_subtype": "standard-indented",
    "content": "There are in the ministry young men who have been receiving wages from the conference, yet whose labors bring nothing in, who are only consumers. I have been instructed that this need not be; it would not be if our young ministers were led by the Spirit of God.",
    "puborder": 184,
    "translations": []
  },
  {
    "para_id": "506.182",
    "id_prev": "506.181",
    "id_next": "506.183",
    "refcode_1": "Advocate",
    "refcode_2": "",
    "refcode_3": "",
    "refcode_4": "1900",
    "refcode_short": "Advocate April 1,  1900, par. 7",
    "refcode_long": "The Advocate April 1,  1900, paragraph 7",
    "element_type": "p",
    "element_subtype": "standard-indented",
    "content": "Some of our ministers might better stop and consider. Let them ask themselves how much they have received from the conference, and how much their labors have been blessed in the conversion of souls. If you are not producers as well as consumers, what is the value of your work? How can the cause of God sustain as workers those who are not sanctified by the truth? Begin at the beginning of this year to consecrate yourselves to God. Wait not. Make an entire surrender.",
    "puborder": 185,
    "translations": []
  },
  {
    "para_id": "506.183",
    "id_prev": "506.182",
    "id_next": "506.184",
    "refcode_1": "Advocate",
    "refcode_2": "",
    "refcode_3": "",
    "refcode_4": "1900",
    "refcode_short": "Advocate April 1,  1900",
    "refcode_long": "The Advocate April 1,  1900",
    "element_type": "h6",
    "element_subtype": "",
    "content": "Canvassing",
    "puborder": 186,
    "translations": []
  },
  {
    "para_id": "506.184",
    "id_prev": "506.183",
    "id_next": "506.185",
    "refcode_1": "Advocate",
    "refcode_2": "",
    "refcode_3": "",
    "refcode_4": "1900",
    "refcode_short": "Advocate April 1,  1900, par. 8",
    "refcode_long": "The Advocate April 1,  1900, paragraph 8",
    "element_type": "p",
    "element_subtype": "standard-indented",
    "content": "Should not our ministers study this question? Many of our young ministers, if truly converted, would do much good by entering the canvassing field. They would there obtain an experience in faith. Their knowledge of the Scriptures would greatly increase, because as they impart to others the light given them, they would receive more to impart. Let them enter the canvassing fields, and see what they can do in the way of producing. By meeting people and presenting to them our publications, they will gain an experience which they could not gain by simply preaching. As they go from house to house, they can converse with those whom they meet, carrying with them the fragrance of Christ&apos;s life.",
    "puborder": 187,
    "translations": []
  },
  {
    "para_id": "506.185",
    "id_prev": "506.184",
    "id_next": "506.186",
    "refcode_1": "Advocate",
    "refcode_2": "",
    "refcode_3": "",
    "refcode_4": "1900",
    "refcode_short": "Advocate April 1,  1900, par. 9",
    "refcode_long": "The Advocate April 1,  1900, paragraph 9",
    "element_type": "p",
    "element_subtype": "standard-indented",
    "content": "It is the canvasser&apos;s duty to cultivate the talents God has given him, to maintain his connection with God, to help always where he can. He has positive and constant need of the angelic administration; for he has an important work to do, a work that he can not do in his own strength.",
    "puborder": 188,
    "translations": []
  },
  {
    "para_id": "506.186",
    "id_prev": "506.185",
    "id_next": "506.187",
    "refcode_1": "Advocate",
    "refcode_2": "",
    "refcode_3": "",
    "refcode_4": "1900",
    "refcode_short": "Advocate April 1,  1900, par. 10",
    "refcode_long": "The Advocate April 1,  1900, paragraph 10",
    "element_type": "p",
    "element_subtype": "standard-indented",
    "content": "In his work the canvasser will be brought in contact with those who are in feeble health, who need the light on health reform, and with those who are dissatisfied with their religious experience, who are longing for something which they have not. To these he is to open the word of truth, rightly interpreting its meaning. &ldquo;For we are not as many who corrupt the word of God, but as of sincerity, but as of God, in the sight of God speak we in Christ.&rdquo; By doing this work, the converted, consecrated canvasser is sowing the seeds of truth.",
    "puborder": 189,
    "translations": []
  },
  {
    "para_id": "506.187",
    "id_prev": "506.186",
    "id_next": "506.188",
    "refcode_1": "Advocate",
    "refcode_2": "",
    "refcode_3": "",
    "refcode_4": "1900",
    "refcode_short": "Advocate April 1,  1900, par. 11",
    "refcode_long": "The Advocate April 1,  1900, paragraph 11",
    "element_type": "p",
    "element_subtype": "standard-indented",
    "content": "This work must be done without delay; for we have but a short time in which to work. Everything that can be done to reach the people must be done. Speak to them in the way that will win their confidence. Pray for the sick; ask the Lord to restore and heal suffering humanity. He has declared, &ldquo;These signs shall follow them that believe.&rdquo;...",
    "puborder": 190,
    "translations": []
  },
  {
    "para_id": "506.188",
    "id_prev": "506.187",
    "id_next": "506.189",
    "refcode_1": "Advocate",
    "refcode_2": "",
    "refcode_3": "",
    "refcode_4": "1900",
    "refcode_short": "Advocate April 1,  1900, par. 12",
    "refcode_long": "The Advocate April 1,  1900, paragraph 12",
    "element_type": "p",
    "element_subtype": "standard-indented",
    "content": "God has important lessons for his people to learn. Had these lessons been learned before, his cause would not be where it is today. One thing must be done: the truth is not to be withheld from ministers or men in positions of responsibility for fear of incurring their displeasure. There are to be connected with our institutions men who with meekness and in wisdom will declare the whole counsel of God. God&apos;s wrath is kindled against those who in carnal security and pride have shown contempt for his management. They are endangering the prosperity of the cause.",
    "puborder": 191,
    "translations": []
  }
]