[
  {
    "para_id": "1199.1365",
    "id_prev": "1199.1361",
    "id_next": "1199.1366",
    "refcode_1": "ROP",
    "refcode_2": "257",
    "refcode_3": "",
    "refcode_4": "",
    "refcode_short": "ROP 257",
    "refcode_long": "The Rights of the People, p. 257 (Alonzo Trevier Jones)",
    "element_type": "h4",
    "element_subtype": "",
    "content": "FAILURE OF THE SWORN AGENTS OF THE PEOPLE",
    "puborder": 933,
    "translations": []
  },
  {
    "para_id": "1199.1366",
    "id_prev": "1199.1365",
    "id_next": "1199.1367",
    "refcode_1": "ROP",
    "refcode_2": "257",
    "refcode_3": "1",
    "refcode_4": "",
    "refcode_short": "ROP 257.1",
    "refcode_long": "The Rights of the People, p. 257.1 (Alonzo Trevier Jones)",
    "element_type": "p",
    "element_subtype": "standard-indented",
    "content": "This is fundamental, American, constitutional ground. And it is not only a fearful thing, but a treacherous thing as well, for any officer, chosen by the people and therefore responsible to the people, to give his oath to the people to stand faithful to their instructions as given to him in the Constitution, and then ignore and abandon these instructions altogether, putting between himself and the people another set of the servants of the people-who, equally with himself, are responsible to the people-and adopt their interpretations instead of the plain words of the Constitution which he has given his oath to support. An illustration will be in place. The people of Tennessee in the Bill of Rights of their Constitution have said this:-",
    "puborder": 934,
    "translations": []
  },
  {
    "para_id": "1199.1367",
    "id_prev": "1199.1366",
    "id_next": "1199.1368",
    "refcode_1": "ROP",
    "refcode_2": "257",
    "refcode_3": "2",
    "refcode_4": "",
    "refcode_short": "ROP 257.2",
    "refcode_long": "The Rights of the People, p. 257.2 (Alonzo Trevier Jones)",
    "element_type": "p",
    "element_subtype": "standard-indented",
    "content": "&ldquo;Sec. 3. That all men have a natural and indefeasible right to worship Almighty God according to the dictates of their own conscience; that no man can, of right, be compelled to attend, erect, or support any place of worship, or to maintain any ministry against his consent; that <em>no human authority can, in any case whatever, control or interfere with the rights of conscience; and that no preference shall ever be given, by law, to any religions establishment or mode of worship</em>.&rdquo;",
    "puborder": 935,
    "translations": []
  },
  {
    "para_id": "1199.1368",
    "id_prev": "1199.1367",
    "id_next": "1199.1371",
    "refcode_1": "ROP",
    "refcode_2": "257",
    "refcode_3": "3",
    "refcode_4": "",
    "refcode_short": "ROP 257.3",
    "refcode_long": "The Rights of the People, p. 257.3 (Alonzo Trevier Jones)",
    "element_type": "p",
    "element_subtype": "standard-indented",
    "content": "Now to say that these instructions need to be <em>interpreted</em> is an insult to anybody who can read the English language. They need only to be accepted as they stand. Yet, in spite of these plain words, a Sunday law is on the statute books of that State, and the State Supreme Court has declared it to be constitutional, because &ldquo;Christianity is part of the common law&rdquo; of that State. Thus that Supreme Court by its <em>interpretation</em> has given <em>preference by common law</em> to the <em>Christian</em> mode of worship, in spite of the plain words that no such thing <em>shall ever</em> be done. The other courts and officers of the State who have sworn to support that <em>Constitution</em>, have, instead, adopted <span class=\"page-break\" data-page=\"258\"></span> and supported this <em>interpretation</em>: and for years Christian men have been indicted by the dozen, and prosecuted, fined, and imprisoned solely for disregarding Sunday, which is a part of the &ldquo;Christianity&rdquo; which by this interpretation is made part of the <em>common law</em> of that State.",
    "puborder": 936,
    "translations": []
  },
  {
    "para_id": "1199.1371",
    "id_prev": "1199.1368",
    "id_next": "1199.1372",
    "refcode_1": "ROP",
    "refcode_2": "258",
    "refcode_3": "1",
    "refcode_4": "",
    "refcode_short": "ROP 258.1",
    "refcode_long": "The Rights of the People, p. 258.1 (Alonzo Trevier Jones)",
    "element_type": "p",
    "element_subtype": "standard-indented",
    "content": "This is but a fair sample of the judicial situation in all the States of the Union, with the exception of two or three at most. And all on account of Supreme Court decisions strictly analogous to this, supported by officials who forget their oath to support the Constitution, and, instead, blindly support decisions which are absolutely subversive of the Constitution and of all the rights of the people.",
    "puborder": 937,
    "translations": []
  }
]