[
  {
    "para_id": "126.1981",
    "id_prev": "126.1979",
    "id_next": "126.1982",
    "refcode_1": "TMK",
    "refcode_2": "301",
    "refcode_3": "",
    "refcode_4": "295",
    "refcode_short": "TMK 301",
    "refcode_long": "That I May Know Him, p. 301 (Ellen Gould White)",
    "element_type": "h3",
    "element_subtype": "",
    "content": "The Game of Life, October 22",
    "puborder": 1703,
    "translations": [
      {
        "para_id": "1745.1969",
        "lang": "es",
        "refcode": "AFC64 303"
      },
      {
        "para_id": "1714.2208",
        "lang": "es",
        "refcode": "AFC 299"
      },
      {
        "para_id": "1930.3092",
        "lang": "pt",
        "refcode": "PC 298"
      },
      {
        "para_id": "1842.2003",
        "lang": "ru",
        "refcode": "ПЕ 301"
      },
      {
        "para_id": "12227.2064",
        "lang": "uk",
        "refcode": "ЩМП 309"
      }
    ]
  },
  {
    "para_id": "126.1982",
    "id_prev": "126.1981",
    "id_next": "126.1983",
    "refcode_1": "TMK",
    "refcode_2": "301",
    "refcode_3": "1",
    "refcode_4": "",
    "refcode_short": "TMK 301.1",
    "refcode_long": "That I May Know Him, p. 301.1 (Ellen Gould White)",
    "element_type": "p",
    "element_subtype": "devotionaltext",
    "content": "Watch ye, stand fast in the faith, quit you like men, be strong. <span class=\"egwlink egwlink_bible\" title=\"1 Corinthians 16:13\" data-link=\"1965.58705\">1 Corinthians 16:13</span>.",
    "puborder": 1704,
    "translations": [
      {
        "para_id": "1745.1970",
        "lang": "es",
        "refcode": "AFC64 303.1"
      },
      {
        "para_id": "1714.2209",
        "lang": "es",
        "refcode": "AFC 299.3"
      },
      {
        "para_id": "1930.3093",
        "lang": "pt",
        "refcode": "PC 298.1"
      },
      {
        "para_id": "1842.2004",
        "lang": "ru",
        "refcode": "ПЕ 301.1"
      },
      {
        "para_id": "12227.2065",
        "lang": "uk",
        "refcode": "ЩМП 309.1"
      }
    ]
  },
  {
    "para_id": "126.1983",
    "id_prev": "126.1982",
    "id_next": "126.1984",
    "refcode_1": "TMK",
    "refcode_2": "301",
    "refcode_3": "2",
    "refcode_4": "",
    "refcode_short": "TMK 301.2",
    "refcode_long": "That I May Know Him, p. 301.2 (Ellen Gould White)",
    "element_type": "p",
    "element_subtype": "standard-indented",
    "content": "The truth of God obeyed, the living by every word of God, is alone sufficient to make any of us stand in these evil times. Satan is playing the game of life for the soul....",
    "puborder": 1705,
    "translations": [
      {
        "para_id": "1745.1971",
        "lang": "es",
        "refcode": "AFC64 303.2"
      },
      {
        "para_id": "1714.2210",
        "lang": "es",
        "refcode": "AFC 299.4"
      },
      {
        "para_id": "1930.3094",
        "lang": "pt",
        "refcode": "PC 298.2"
      },
      {
        "para_id": "1842.2005",
        "lang": "ru",
        "refcode": "ПЕ 301.2"
      },
      {
        "para_id": "12227.2066",
        "lang": "uk",
        "refcode": "ЩМП 309.2"
      }
    ]
  },
  {
    "para_id": "126.1984",
    "id_prev": "126.1983",
    "id_next": "126.1985",
    "refcode_1": "TMK",
    "refcode_2": "301",
    "refcode_3": "3",
    "refcode_4": "",
    "refcode_short": "TMK 301.3",
    "refcode_long": "That I May Know Him, p. 301.3 (Ellen Gould White)",
    "element_type": "p",
    "element_subtype": "standard-indented",
    "content": "There are opportunities and advantages which are within the reach of all to strengthen the moral and spiritual powers. The mind can be expanded and ennobled and should be made to dwell upon heavenly things.... Unless it flows in a heavenward direction it becomes an easy prey to the temptation of Satan to engage in worldly projects and enterprises that have no special connection with God. And all zeal and devotion and restless energy and feverish desire are brought into this work, and the devil stands by and laughs to see human effort wrestling so perseveringly for an object that it will never gain, which eludes its grasp.... Schemes and projects which Satan invents ensnare the soul, and poor, deceived human beings go on blindfolded to their own ruin....",
    "puborder": 1706,
    "translations": [
      {
        "para_id": "1745.1972",
        "lang": "es",
        "refcode": "AFC64 303.3"
      },
      {
        "para_id": "1714.2211",
        "lang": "es",
        "refcode": "AFC 299.5"
      },
      {
        "para_id": "1930.3095",
        "lang": "pt",
        "refcode": "PC 298.3"
      },
      {
        "para_id": "1842.2006",
        "lang": "ru",
        "refcode": "ПЕ 301.3"
      },
      {
        "para_id": "12227.2067",
        "lang": "uk",
        "refcode": "ЩМП 309.3"
      }
    ]
  },
  {
    "para_id": "126.1985",
    "id_prev": "126.1984",
    "id_next": "126.1986",
    "refcode_1": "TMK",
    "refcode_2": "301",
    "refcode_3": "4",
    "refcode_4": "",
    "refcode_short": "TMK 301.4",
    "refcode_long": "That I May Know Him, p. 301.4 (Ellen Gould White)",
    "element_type": "p",
    "element_subtype": "standard-indented",
    "content": "There is one safeguard against Satan&apos;s deceptions and snares, that is the truth as it is in Jesus. The truth planted in the heart, nourished by watchfulness and prayer, nourished by the grace of Christ, will give us discernment. The truth must abide in the heart, be felt in its power in spite of all the alluring enchantments of Satan, and your experience and mine must be that the truth can purify, guide, and bless the soul....",
    "puborder": 1707,
    "translations": [
      {
        "para_id": "1714.2214",
        "lang": "es",
        "refcode": "AFC 300.1"
      },
      {
        "para_id": "1745.1973",
        "lang": "es",
        "refcode": "AFC64 303.4"
      },
      {
        "para_id": "1930.3096",
        "lang": "pt",
        "refcode": "PC 298.4"
      },
      {
        "para_id": "1842.2007",
        "lang": "ru",
        "refcode": "ПЕ 301.4"
      },
      {
        "para_id": "12227.2068",
        "lang": "uk",
        "refcode": "ЩМП 309.4"
      }
    ]
  },
  {
    "para_id": "126.1986",
    "id_prev": "126.1985",
    "id_next": "126.1988",
    "refcode_1": "TMK",
    "refcode_2": "301",
    "refcode_3": "5",
    "refcode_4": "",
    "refcode_short": "TMK 301.5",
    "refcode_long": "That I May Know Him, p. 301.5 (Ellen Gould White)",
    "element_type": "p",
    "element_subtype": "standard-indented",
    "content": "The enemy is on the track of every one of us, and if we would resist temptations which assail us from without and from within, we need to make sure we are on the Lord&apos;s side, that His truth is in our hearts, that it keeps watch in our souls, ready to sound an alarm and summon us to action against every enemy. Without this defense amid unseen foes we shall be like the willow bending to the blast, driven of the wind and tossed. But if Christ abides in the soul we may be strong in the Lord and in the power of His might.<sup class=\"bookendnote\"><a class=\"bookendnote\">26<span class=\"bookendnote\"><span class=\"egwlink egwlink_book\" title=\"Lt 17, 1886\" data-link=\"14054.4300001\">Letter 17, 1886</span>.</span></a></sup>",
    "puborder": 1708,
    "translations": [
      {
        "para_id": "1714.2215",
        "lang": "es",
        "refcode": "AFC 300.2"
      },
      {
        "para_id": "1745.1974",
        "lang": "es",
        "refcode": "AFC64 303.5"
      },
      {
        "para_id": "1930.3097",
        "lang": "pt",
        "refcode": "PC 298.5"
      },
      {
        "para_id": "1842.2008",
        "lang": "ru",
        "refcode": "ПЕ 301.5"
      },
      {
        "para_id": "12227.2069",
        "lang": "uk",
        "refcode": "ЩМП 309.5"
      }
    ]
  }
]