[
  {
    "para_id": "126.2178",
    "id_prev": "126.2176",
    "id_next": "126.2179",
    "refcode_1": "TMK",
    "refcode_2": "331",
    "refcode_3": "",
    "refcode_4": "325",
    "refcode_short": "TMK 331",
    "refcode_long": "That I May Know Him, p. 331 (Ellen Gould White)",
    "element_type": "h3",
    "element_subtype": "",
    "content": "&ldquo;Faithful in That Which Is Least,&rdquo; November 21",
    "puborder": 1871,
    "translations": [
      {
        "para_id": "1714.2430",
        "lang": "es",
        "refcode": "AFC 329"
      },
      {
        "para_id": "1745.2164",
        "lang": "es",
        "refcode": "AFC64 333"
      },
      {
        "para_id": "1930.3402",
        "lang": "pt",
        "refcode": "PC 328"
      },
      {
        "para_id": "1842.2201",
        "lang": "ru",
        "refcode": "ПЕ 331"
      },
      {
        "para_id": "12227.2267",
        "lang": "uk",
        "refcode": "ЩМП 340"
      }
    ]
  },
  {
    "para_id": "126.2179",
    "id_prev": "126.2178",
    "id_next": "126.2180",
    "refcode_1": "TMK",
    "refcode_2": "331",
    "refcode_3": "1",
    "refcode_4": "",
    "refcode_short": "TMK 331.1",
    "refcode_long": "That I May Know Him, p. 331.1 (Ellen Gould White)",
    "element_type": "p",
    "element_subtype": "devotionaltext",
    "content": "He that is faithful in that which is least is faithful also in much: and he that is unjust in the least is unjust also in much. <span class=\"egwlink egwlink_bible\" title=\"Luke 16:10\" data-link=\"1965.52294\">Luke 16:10</span>.",
    "puborder": 1872,
    "translations": [
      {
        "para_id": "1745.2165",
        "lang": "es",
        "refcode": "AFC64 333.1"
      },
      {
        "para_id": "1714.2431",
        "lang": "es",
        "refcode": "AFC 329.4"
      },
      {
        "para_id": "1930.3403",
        "lang": "pt",
        "refcode": "PC 328.3"
      },
      {
        "para_id": "1842.2202",
        "lang": "ru",
        "refcode": "ПЕ 331.1"
      },
      {
        "para_id": "12227.2268",
        "lang": "uk",
        "refcode": "ЩМП 340.1"
      }
    ]
  },
  {
    "para_id": "126.2180",
    "id_prev": "126.2179",
    "id_next": "126.2181",
    "refcode_1": "TMK",
    "refcode_2": "331",
    "refcode_3": "2",
    "refcode_4": "",
    "refcode_short": "TMK 331.2",
    "refcode_long": "That I May Know Him, p. 331.2 (Ellen Gould White)",
    "element_type": "p",
    "element_subtype": "standard-indented",
    "content": "The active service of God is directly connected with the ordinary duties of life, even its humblest occupations. We are to serve God just where He puts us. He is to place us individually, and not we ourselves. Perhaps service in the home life is the place we are to occupy for a time, if not always. Then a preparation for that work should be obtained, that we may do our best in service for the Lord.",
    "puborder": 1873,
    "translations": [
      {
        "para_id": "1714.2432",
        "lang": "es",
        "refcode": "AFC 329.5"
      },
      {
        "para_id": "1745.2166",
        "lang": "es",
        "refcode": "AFC64 333.2"
      },
      {
        "para_id": "1930.3404",
        "lang": "pt",
        "refcode": "PC 328.4"
      },
      {
        "para_id": "1842.2203",
        "lang": "ru",
        "refcode": "ПЕ 331.2"
      },
      {
        "para_id": "12227.2269",
        "lang": "uk",
        "refcode": "ЩМП 340.2"
      }
    ]
  },
  {
    "para_id": "126.2181",
    "id_prev": "126.2180",
    "id_next": "126.2182",
    "refcode_1": "TMK",
    "refcode_2": "331",
    "refcode_3": "3",
    "refcode_4": "",
    "refcode_short": "TMK 331.3",
    "refcode_long": "That I May Know Him, p. 331.3 (Ellen Gould White)",
    "element_type": "p",
    "element_subtype": "standard-indented",
    "content": "The Lord is testing and proving us to see what sort of timbers, or attributes, we are bringing into the character building. If we are listless and indifferent, negligent and careless, in the small, everyday duties we shall never be fitted for any other service for God.... He that is unfaithful in that which is least would certainly repeat this unfaithfulness if placed in higher positions of trust and given larger responsibilities.... The service of God will be done in a haphazard manner....",
    "puborder": 1874,
    "translations": [
      {
        "para_id": "1745.2167",
        "lang": "es",
        "refcode": "AFC64 333.3"
      },
      {
        "para_id": "1714.2433",
        "lang": "es",
        "refcode": "AFC 329.6"
      },
      {
        "para_id": "1930.3405",
        "lang": "pt",
        "refcode": "PC 328.5"
      },
      {
        "para_id": "1842.2204",
        "lang": "ru",
        "refcode": "ПЕ 331.3"
      },
      {
        "para_id": "12227.2270",
        "lang": "uk",
        "refcode": "ЩМП 340.3"
      }
    ]
  },
  {
    "para_id": "126.2182",
    "id_prev": "126.2181",
    "id_next": "126.2183",
    "refcode_1": "TMK",
    "refcode_2": "331",
    "refcode_3": "4",
    "refcode_4": "",
    "refcode_short": "TMK 331.4",
    "refcode_long": "That I May Know Him, p. 331.4 (Ellen Gould White)",
    "element_type": "p",
    "element_subtype": "standard-indented",
    "content": "The importance of little things is underrated just because they are small, but the influence of the little things for good or evil is great. They supply much of the actual discipline of life for every human being. They are part of the training of the soul in the sanctification of all our entrusted talents to God. Faithfulness in the little things in the line of duty makes the worker in God&apos;s service reflect more and more the likeness of Christ.",
    "puborder": 1875,
    "translations": [
      {
        "para_id": "1714.2436",
        "lang": "es",
        "refcode": "AFC 330.1"
      },
      {
        "para_id": "1745.2168",
        "lang": "es",
        "refcode": "AFC64 333.4"
      },
      {
        "para_id": "1930.3406",
        "lang": "pt",
        "refcode": "PC 328.6"
      },
      {
        "para_id": "1842.2205",
        "lang": "ru",
        "refcode": "ПЕ 331.4"
      },
      {
        "para_id": "12227.2271",
        "lang": "uk",
        "refcode": "ЩМП 340.4"
      }
    ]
  },
  {
    "para_id": "126.2183",
    "id_prev": "126.2182",
    "id_next": "126.2185",
    "refcode_1": "TMK",
    "refcode_2": "331",
    "refcode_3": "5",
    "refcode_4": "",
    "refcode_short": "TMK 331.5",
    "refcode_long": "That I May Know Him, p. 331.5 (Ellen Gould White)",
    "element_type": "p",
    "element_subtype": "standard-indented",
    "content": "Our Saviour is a Saviour for the perfection of the whole man. He is not the God of part of the being only. The grace of Christ works to the disciplining of the whole human fabric. He made all. He has redeemed all. He has made the mind, the strength, the body as well as the soul, partaker of the divine nature, and all is His purchased possession. He must be served with the whole mind, heart, soul, and strength. Then the Lord will be glorified in His saints in even the common, temporal things with which they are connected. &ldquo;Holiness unto the Lord&rdquo; will be the inscription placed upon them.<sup class=\"bookendnote\"><a class=\"bookendnote\">26<span class=\"bookendnote\"><span class=\"egwlink egwlink_book\" title=\"YI 4-14-1898\" data-link=\"469.2830\">The Youth&apos;s Instructor, April 14, 1898</span>.</span></a></sup>",
    "puborder": 1876,
    "translations": [
      {
        "para_id": "1745.2168",
        "lang": "es",
        "refcode": "AFC64 333.4"
      },
      {
        "para_id": "1714.2436",
        "lang": "es",
        "refcode": "AFC 330.1"
      },
      {
        "para_id": "1930.3406",
        "lang": "pt",
        "refcode": "PC 328.6"
      },
      {
        "para_id": "1842.2206",
        "lang": "ru",
        "refcode": "ПЕ 331.5"
      },
      {
        "para_id": "12227.2272",
        "lang": "uk",
        "refcode": "ЩМП 340.5"
      }
    ]
  }
]