[
  {
    "para_id": "126.1180",
    "id_prev": "126.1178",
    "id_next": "126.1181",
    "refcode_1": "TMK",
    "refcode_2": "181",
    "refcode_3": "",
    "refcode_4": "175",
    "refcode_short": "TMK 181",
    "refcode_long": "That I May Know Him, p. 181 (Ellen Gould White)",
    "element_type": "h3",
    "element_subtype": "",
    "content": "How to Settle Your Troubles, June 24",
    "puborder": 1018,
    "translations": [
      {
        "para_id": "1745.1196",
        "lang": "es",
        "refcode": "AFC64 183"
      },
      {
        "para_id": "1714.1342",
        "lang": "es",
        "refcode": "AFC 181"
      },
      {
        "para_id": "1930.1834",
        "lang": "pt",
        "refcode": "PC 177"
      },
      {
        "para_id": "1842.1197",
        "lang": "ru",
        "refcode": "ПЕ 181"
      },
      {
        "para_id": "12227.1224",
        "lang": "uk",
        "refcode": "ЩМП 185"
      }
    ]
  },
  {
    "para_id": "126.1181",
    "id_prev": "126.1180",
    "id_next": "126.1182",
    "refcode_1": "TMK",
    "refcode_2": "181",
    "refcode_3": "1",
    "refcode_4": "",
    "refcode_short": "TMK 181.1",
    "refcode_long": "That I May Know Him, p. 181.1 (Ellen Gould White)",
    "element_type": "p",
    "element_subtype": "devotionaltext",
    "content": "Moreover if thy brother shall trespass against thee, go and tell him his fault between thee and him alone: if he shall hear thee, thou hast gained thy brother. <span class=\"egwlink egwlink_bible\" title=\"Matthew 18:15\" data-link=\"1965.48474\">Matthew 18:15</span>.",
    "puborder": 1019,
    "translations": [
      {
        "para_id": "1714.1343",
        "lang": "es",
        "refcode": "AFC 181.4"
      },
      {
        "para_id": "1745.1197",
        "lang": "es",
        "refcode": "AFC64 183.1"
      },
      {
        "para_id": "1930.1835",
        "lang": "pt",
        "refcode": "PC 177.3"
      },
      {
        "para_id": "1842.1198",
        "lang": "ru",
        "refcode": "ПЕ 181.1"
      },
      {
        "para_id": "12227.1225",
        "lang": "uk",
        "refcode": "ЩМП 185.1"
      }
    ]
  },
  {
    "para_id": "126.1182",
    "id_prev": "126.1181",
    "id_next": "126.1183",
    "refcode_1": "TMK",
    "refcode_2": "181",
    "refcode_3": "2",
    "refcode_4": "",
    "refcode_short": "TMK 181.2",
    "refcode_long": "That I May Know Him, p. 181.2 (Ellen Gould White)",
    "element_type": "p",
    "element_subtype": "standard-indented",
    "content": "We should carefully consider what is our relation to God and to one another. We are continually sinning against God, but His mercy still follows us; in love He bears with our perversities, our neglect, our ingratitude, our disobedience. He never becomes impatient with us. We insult His mercy, grieve His Holy Spirit, and do Him dishonor before men and angels, and yet His compassions fail not. The thought of God&apos;s long-suffering to us should make us forbearing to one another. How patiently should we bear with the faults and errors of our brethren when we remember how great are our own failings in the sight of God. How can we pray to our heavenly Father, &ldquo;Forgive us our debts, as we forgive our debtors&rdquo; (<span class=\"egwlink egwlink_bible\" title=\"Matthew 6:12\" data-link=\"1965.47566\">Matthew 6:12</span>) if we are ... exacting in our treatment of others? ...",
    "puborder": 1020,
    "translations": [
      {
        "para_id": "1714.1344",
        "lang": "es",
        "refcode": "AFC 181.5"
      },
      {
        "para_id": "1745.1198",
        "lang": "es",
        "refcode": "AFC64 183.2"
      },
      {
        "para_id": "1930.1836",
        "lang": "pt",
        "refcode": "PC 177.4"
      },
      {
        "para_id": "1842.1199",
        "lang": "ru",
        "refcode": "ПЕ 181.2"
      },
      {
        "para_id": "12227.1226",
        "lang": "uk",
        "refcode": "ЩМП 185.2"
      }
    ]
  },
  {
    "para_id": "126.1183",
    "id_prev": "126.1182",
    "id_next": "126.1184",
    "refcode_1": "TMK",
    "refcode_2": "181",
    "refcode_3": "3",
    "refcode_4": "",
    "refcode_short": "TMK 181.3",
    "refcode_long": "That I May Know Him, p. 181.3 (Ellen Gould White)",
    "element_type": "p",
    "element_subtype": "standard-indented",
    "content": "If you think your brother has injured you, go to him in kindness and love, and you may come to an understanding and to reconciliation.... If you succeed in settling the trouble you have gained your brother without exposing his frailties, and the settlement between you has been the covering of a multitude of sins from the observation of others....",
    "puborder": 1021,
    "translations": [
      {
        "para_id": "1745.1199",
        "lang": "es",
        "refcode": "AFC64 183.3"
      },
      {
        "para_id": "1714.1347",
        "lang": "es",
        "refcode": "AFC 182.1"
      },
      {
        "para_id": "1930.1837",
        "lang": "pt",
        "refcode": "PC 177.5"
      },
      {
        "para_id": "1842.1200",
        "lang": "ru",
        "refcode": "ПЕ 181.3"
      },
      {
        "para_id": "12227.1227",
        "lang": "uk",
        "refcode": "ЩМП 185.3"
      }
    ]
  },
  {
    "para_id": "126.1184",
    "id_prev": "126.1183",
    "id_next": "126.1185",
    "refcode_1": "TMK",
    "refcode_2": "181",
    "refcode_3": "4",
    "refcode_4": "",
    "refcode_short": "TMK 181.4",
    "refcode_long": "That I May Know Him, p. 181.4 (Ellen Gould White)",
    "element_type": "p",
    "element_subtype": "standard-indented",
    "content": "It takes special watchfulness to keep the affections alive and our hearts in a condition where we shall be sensible of the good that exists in the hearts of others. If we do not watch on this point, Satan will put his jealousy into our souls; he will put his glasses before our eyes, that we may see the actions of our brethren in a distorted light. Instead of looking critically upon our brethren we should turn our eyes within, and be ready to discover the objectionable traits of our own character. As we have a proper realization of our own mistakes and failures, the mistakes of others will sink into insignificance.",
    "puborder": 1022,
    "translations": [
      {
        "para_id": "1714.1348",
        "lang": "es",
        "refcode": "AFC 182.2"
      },
      {
        "para_id": "1745.1200",
        "lang": "es",
        "refcode": "AFC64 183.4"
      },
      {
        "para_id": "1930.1838",
        "lang": "pt",
        "refcode": "PC 177.6"
      },
      {
        "para_id": "1842.1201",
        "lang": "ru",
        "refcode": "ПЕ 181.4"
      },
      {
        "para_id": "12227.1228",
        "lang": "uk",
        "refcode": "ЩМП 185.4"
      }
    ]
  },
  {
    "para_id": "126.1185",
    "id_prev": "126.1184",
    "id_next": "126.1187",
    "refcode_1": "TMK",
    "refcode_2": "181",
    "refcode_3": "5",
    "refcode_4": "",
    "refcode_short": "TMK 181.5",
    "refcode_long": "That I May Know Him, p. 181.5 (Ellen Gould White)",
    "element_type": "p",
    "element_subtype": "standard-indented",
    "content": "Satan is an accuser of the brethren. He is on the watch for every error, no matter how small, that he may have something on which to found an accusation. Keep off from Satan&apos;s side.<sup class=\"bookendnote\"><a class=\"bookendnote\">32<span class=\"bookendnote\"><span class=\"egwlink egwlink_book\" title=\"RH 2-24-1891\" data-link=\"821.11083\">The Review and Herald, February 24, 1891</span>.</span></a></sup>",
    "puborder": 1023,
    "translations": [
      {
        "para_id": "1745.1200",
        "lang": "es",
        "refcode": "AFC64 183.4"
      },
      {
        "para_id": "1930.1841",
        "lang": "pt",
        "refcode": "PC 178.1"
      },
      {
        "para_id": "1842.1202",
        "lang": "ru",
        "refcode": "ПЕ 181.5"
      },
      {
        "para_id": "12227.1229",
        "lang": "uk",
        "refcode": "ЩМП 185.5"
      }
    ]
  }
]