[
  {
    "para_id": "126.717",
    "id_prev": "126.715",
    "id_next": "126.718",
    "refcode_1": "TMK",
    "refcode_2": "112",
    "refcode_3": "",
    "refcode_4": "106",
    "refcode_short": "TMK 112",
    "refcode_long": "That I May Know Him, p. 112 (Ellen Gould White)",
    "element_type": "h3",
    "element_subtype": "",
    "content": "An All-sufficient Saviour, April 16",
    "puborder": 622,
    "translations": [
      {
        "para_id": "1714.824",
        "lang": "es",
        "refcode": "AFC 112"
      },
      {
        "para_id": "1745.742",
        "lang": "es",
        "refcode": "AFC64 114"
      },
      {
        "para_id": "1930.1118",
        "lang": "pt",
        "refcode": "PC 108"
      },
      {
        "para_id": "1842.731",
        "lang": "ru",
        "refcode": "ПЕ 112"
      },
      {
        "para_id": "12227.737",
        "lang": "uk",
        "refcode": "ЩМП 114"
      }
    ]
  },
  {
    "para_id": "126.718",
    "id_prev": "126.717",
    "id_next": "126.719",
    "refcode_1": "TMK",
    "refcode_2": "112",
    "refcode_3": "1",
    "refcode_4": "",
    "refcode_short": "TMK 112.1",
    "refcode_long": "That I May Know Him, p. 112.1 (Ellen Gould White)",
    "element_type": "p",
    "element_subtype": "devotionaltext",
    "content": "Look unto me, and be ye saved, all the ends of the earth: for I am God, and there is none else. <span class=\"egwlink egwlink_bible\" title=\"Isaiah 45:22\" data-link=\"1965.37916\">Isaiah 45:22</span>.",
    "puborder": 623,
    "translations": [
      {
        "para_id": "1745.743",
        "lang": "es",
        "refcode": "AFC64 114.1"
      },
      {
        "para_id": "1714.825",
        "lang": "es",
        "refcode": "AFC 112.2"
      },
      {
        "para_id": "1930.1119",
        "lang": "pt",
        "refcode": "PC 108.1"
      },
      {
        "para_id": "1842.732",
        "lang": "ru",
        "refcode": "ПЕ 112.1"
      },
      {
        "para_id": "12227.738",
        "lang": "uk",
        "refcode": "ЩМП 114.1"
      }
    ]
  },
  {
    "para_id": "126.719",
    "id_prev": "126.718",
    "id_next": "126.720",
    "refcode_1": "TMK",
    "refcode_2": "112",
    "refcode_3": "2",
    "refcode_4": "",
    "refcode_short": "TMK 112.2",
    "refcode_long": "That I May Know Him, p. 112.2 (Ellen Gould White)",
    "element_type": "p",
    "element_subtype": "standard-indented",
    "content": "Many are making laborious work of walking in the narrow way of holiness. To many the peace and rest of this blessed way seems no nearer today than it did years in the past. They look afar off for that which is nigh; they make intricate that which Jesus made very plain. He is &ldquo;the way, the truth, and the life&rdquo; (<span class=\"egwlink egwlink_bible\" title=\"John 14:6\" data-link=\"1965.54405\">John 14:6</span>). The plan of salvation has been plainly revealed in the Word of God, but the wisdom of the world has been sought too much, and the wisdom of Christ&apos;s righteousness too little. And souls that might have rested in the love of Jesus have been doubting and troubled about many things....",
    "puborder": 624,
    "translations": [
      {
        "para_id": "1714.826",
        "lang": "es",
        "refcode": "AFC 112.3"
      },
      {
        "para_id": "1745.744",
        "lang": "es",
        "refcode": "AFC64 114.2"
      },
      {
        "para_id": "1930.1120",
        "lang": "pt",
        "refcode": "PC 108.2"
      },
      {
        "para_id": "1842.733",
        "lang": "ru",
        "refcode": "ПЕ 112.2"
      },
      {
        "para_id": "12227.739",
        "lang": "uk",
        "refcode": "ЩМП 114.2"
      }
    ]
  },
  {
    "para_id": "126.720",
    "id_prev": "126.719",
    "id_next": "126.721",
    "refcode_1": "TMK",
    "refcode_2": "112",
    "refcode_3": "3",
    "refcode_4": "",
    "refcode_short": "TMK 112.3",
    "refcode_long": "That I May Know Him, p. 112.3 (Ellen Gould White)",
    "element_type": "p",
    "element_subtype": "standard-indented",
    "content": "We are wounded, polluted with sin. What shall we do to be healed from its leprosy? ... In the wilderness, when the Lord permitted poisonous serpents to sting the rebellious Israelites, Moses was directed to lift up a brazen serpent and bid all the wounded look to it and live. But many saw no help in this Heaven-appointed remedy....",
    "puborder": 625,
    "translations": [
      {
        "para_id": "1745.745",
        "lang": "es",
        "refcode": "AFC64 114.3"
      },
      {
        "para_id": "1714.827",
        "lang": "es",
        "refcode": "AFC 112.4"
      },
      {
        "para_id": "1930.1121",
        "lang": "pt",
        "refcode": "PC 108.3"
      },
      {
        "para_id": "1842.734",
        "lang": "ru",
        "refcode": "ПЕ 112.3"
      },
      {
        "para_id": "12227.740",
        "lang": "uk",
        "refcode": "ЩМП 114.3"
      }
    ]
  },
  {
    "para_id": "126.721",
    "id_prev": "126.720",
    "id_next": "126.722",
    "refcode_1": "TMK",
    "refcode_2": "112",
    "refcode_3": "4",
    "refcode_4": "",
    "refcode_short": "TMK 112.4",
    "refcode_long": "That I May Know Him, p. 112.4 (Ellen Gould White)",
    "element_type": "p",
    "element_subtype": "standard-indented",
    "content": "If you are the conscious of your wants, do not devote all your powers to representing them and mourning over them, but look and live. Jesus is our only Saviour, and notwithstanding millions who need to be healed will reject His offered mercy, not one who trusts in His merits will be left to perish.... Satan suggests that you are helpless and cannot bless yourself. It is true; you are helpless. But lift up Jesus before him: &ldquo;I have a Saviour. In Him I trust, and He will never suffer me to be confounded. In His name I triumph. He is my righteousness, and my crown of rejoicing.&rdquo; ...",
    "puborder": 626,
    "translations": [
      {
        "para_id": "1714.830",
        "lang": "es",
        "refcode": "AFC 113.1"
      },
      {
        "para_id": "1745.746",
        "lang": "es",
        "refcode": "AFC64 114.4"
      },
      {
        "para_id": "1930.1122",
        "lang": "pt",
        "refcode": "PC 108.4"
      },
      {
        "para_id": "1842.735",
        "lang": "ru",
        "refcode": "ПЕ 112.4"
      },
      {
        "para_id": "12227.741",
        "lang": "uk",
        "refcode": "ЩМП 114.4"
      }
    ]
  },
  {
    "para_id": "126.722",
    "id_prev": "126.721",
    "id_next": "126.724",
    "refcode_1": "TMK",
    "refcode_2": "112",
    "refcode_3": "5",
    "refcode_4": "",
    "refcode_short": "TMK 112.5",
    "refcode_long": "That I May Know Him, p. 112.5 (Ellen Gould White)",
    "element_type": "p",
    "element_subtype": "standard-indented",
    "content": "It may seem to you that you are sinful and undone, but it is just on this account that you need a Saviour. If you have sins to confess, lose no time. These moments are golden.... Those who hunger and thirst after righteousness will be filled, for Jesus has promised it. Precious Saviour! His arms are open to receive us, and His great heart of love is waiting to bless us.<sup class=\"bookendnote\"><a class=\"bookendnote\">23<span class=\"bookendnote\"><span class=\"egwlink egwlink_book\" title=\"RH 7-1-1884\" data-link=\"821.5578\">The Review and Herald, July 1, 1884</span>.</span></a></sup>",
    "puborder": 627,
    "translations": [
      {
        "para_id": "1745.747",
        "lang": "es",
        "refcode": "AFC64 114.5"
      },
      {
        "para_id": "1714.831",
        "lang": "es",
        "refcode": "AFC 113.2"
      },
      {
        "para_id": "1930.1123",
        "lang": "pt",
        "refcode": "PC 108.5"
      },
      {
        "para_id": "1842.736",
        "lang": "ru",
        "refcode": "ПЕ 112.5"
      },
      {
        "para_id": "12227.742",
        "lang": "uk",
        "refcode": "ЩМП 114.5"
      }
    ]
  }
]