[
  {
    "para_id": "126.753",
    "id_prev": "126.751",
    "id_next": "126.754",
    "refcode_1": "TMK",
    "refcode_2": "117",
    "refcode_3": "",
    "refcode_4": "111",
    "refcode_short": "TMK 117",
    "refcode_long": "That I May Know Him, p. 117 (Ellen Gould White)",
    "element_type": "h3",
    "element_subtype": "",
    "content": "The Measure of Character, April 21",
    "puborder": 653,
    "translations": [
      {
        "para_id": "1745.778",
        "lang": "es",
        "refcode": "AFC64 119"
      },
      {
        "para_id": "1714.865",
        "lang": "es",
        "refcode": "AFC 117"
      },
      {
        "para_id": "1930.1169",
        "lang": "pt",
        "refcode": "PC 113"
      },
      {
        "para_id": "1842.767",
        "lang": "ru",
        "refcode": "ПЕ 117"
      },
      {
        "para_id": "12227.773",
        "lang": "uk",
        "refcode": "ЩМП 119"
      }
    ]
  },
  {
    "para_id": "126.754",
    "id_prev": "126.753",
    "id_next": "126.755",
    "refcode_1": "TMK",
    "refcode_2": "117",
    "refcode_3": "1",
    "refcode_4": "",
    "refcode_short": "TMK 117.1",
    "refcode_long": "That I May Know Him, p. 117.1 (Ellen Gould White)",
    "element_type": "p",
    "element_subtype": "devotionaltext",
    "content": "Charity suffereth long, and is kind; charity envieth not; charity vaunteth not itself, is not puffed up, doth not behave itself unseemly, seeketh not her own, is not easily provoked, thinketh no evil; rejoiceth not in iniquity, but rejoiceth in the truth; beareth all things, believeth all things, hopeth all things, endureth all things. <span class=\"egwlink egwlink_bible\" title=\"1 Corinthians 13:4\" data-link=\"1965.58462\">1 Corinthians 13:4-7</span>.",
    "puborder": 654,
    "translations": [
      {
        "para_id": "1745.779",
        "lang": "es",
        "refcode": "AFC64 119.1"
      },
      {
        "para_id": "1714.866",
        "lang": "es",
        "refcode": "AFC 117.3"
      },
      {
        "para_id": "1930.1170",
        "lang": "pt",
        "refcode": "PC 113.1"
      },
      {
        "para_id": "1842.768",
        "lang": "ru",
        "refcode": "ПЕ 117.1"
      },
      {
        "para_id": "12227.774",
        "lang": "uk",
        "refcode": "ЩМП 119.1"
      }
    ]
  },
  {
    "para_id": "126.755",
    "id_prev": "126.754",
    "id_next": "126.756",
    "refcode_1": "TMK",
    "refcode_2": "117",
    "refcode_3": "2",
    "refcode_4": "",
    "refcode_short": "TMK 117.2",
    "refcode_long": "That I May Know Him, p. 117.2 (Ellen Gould White)",
    "element_type": "p",
    "element_subtype": "standard-indented",
    "content": "Through His inspired apostle Christ has presented to us the measure of the character that is imbued with the love of Christ. We are to bear the marks of Christ, we are to have His likeness. This example is given us that we may know the possibilities, the heights we may reach in and through Christ. The standard He presents is perfection in Him, and through His merits we may attain to it. We come short because we are content to look at earthly things rather than at heavenly. It is by beholding Christ that we are changed from glory to glory. The eye that views common things needs to be elevated....",
    "puborder": 655,
    "translations": [
      {
        "para_id": "1745.780",
        "lang": "es",
        "refcode": "AFC64 119.2"
      },
      {
        "para_id": "1714.867",
        "lang": "es",
        "refcode": "AFC 117.4"
      },
      {
        "para_id": "1930.1171",
        "lang": "pt",
        "refcode": "PC 113.2"
      },
      {
        "para_id": "1842.769",
        "lang": "ru",
        "refcode": "ПЕ 117.2"
      },
      {
        "para_id": "12227.775",
        "lang": "uk",
        "refcode": "ЩМП 119.2"
      }
    ]
  },
  {
    "para_id": "126.756",
    "id_prev": "126.755",
    "id_next": "126.757",
    "refcode_1": "TMK",
    "refcode_2": "117",
    "refcode_3": "3",
    "refcode_4": "",
    "refcode_short": "TMK 117.3",
    "refcode_long": "That I May Know Him, p. 117.3 (Ellen Gould White)",
    "element_type": "p",
    "element_subtype": "standard-indented",
    "content": "No man has yet measured the nature of God or the character of His Son. We must have a knowledge of God by living experience.<sup class=\"bookendnote\"><a class=\"bookendnote\">30<span class=\"bookendnote\"><span class=\"egwlink egwlink_book\" title=\"Lt 102, 1899\" data-link=\"14064.6212001\">Letter 102, 1899</span>.</span></a></sup>",
    "puborder": 656,
    "translations": [
      {
        "para_id": "1745.781",
        "lang": "es",
        "refcode": "AFC64 119.3"
      },
      {
        "para_id": "1714.870",
        "lang": "es",
        "refcode": "AFC 118.1"
      },
      {
        "para_id": "1930.1172",
        "lang": "pt",
        "refcode": "PC 113.3"
      },
      {
        "para_id": "1842.770",
        "lang": "ru",
        "refcode": "ПЕ 117.3"
      },
      {
        "para_id": "12227.776",
        "lang": "uk",
        "refcode": "ЩМП 119.3"
      }
    ]
  },
  {
    "para_id": "126.757",
    "id_prev": "126.756",
    "id_next": "126.758",
    "refcode_1": "TMK",
    "refcode_2": "117",
    "refcode_3": "4",
    "refcode_4": "",
    "refcode_short": "TMK 117.4",
    "refcode_long": "That I May Know Him, p. 117.4 (Ellen Gould White)",
    "element_type": "p",
    "element_subtype": "standard-indented",
    "content": "This life is our time of probation. We are placed under the discipline and government of God to form characters and acquire habits for the higher life.... We shall be subject to heavy trials, opposition, bereavement, affliction, but we know that Jesus passed through all these. These experiences are valuable to us; the advantages are not by any means confined to this short life; they reach into eternal ages.... All the scenes of this life in which we must act a part are to be carefully studied, for they are a part of our education. We should bring solid timbers into our character building, for we are working both for this life and eternal life. And as we near the close of this earth&apos;s history we advance more and more rapidly in Christian growth, or we retrograde just as decidedly....",
    "puborder": 657,
    "translations": [
      {
        "para_id": "1745.782",
        "lang": "es",
        "refcode": "AFC64 119.4"
      },
      {
        "para_id": "1714.871",
        "lang": "es",
        "refcode": "AFC 118.2"
      },
      {
        "para_id": "1930.1173",
        "lang": "pt",
        "refcode": "PC 113.4"
      },
      {
        "para_id": "1842.771",
        "lang": "ru",
        "refcode": "ПЕ 117.4"
      },
      {
        "para_id": "12227.777",
        "lang": "uk",
        "refcode": "ЩМП 119.4"
      }
    ]
  },
  {
    "para_id": "126.758",
    "id_prev": "126.757",
    "id_next": "126.760",
    "refcode_1": "TMK",
    "refcode_2": "117",
    "refcode_3": "5",
    "refcode_4": "",
    "refcode_short": "TMK 117.5",
    "refcode_long": "That I May Know Him, p. 117.5 (Ellen Gould White)",
    "element_type": "p",
    "element_subtype": "standard-indented",
    "content": "Mercy and truth have met together in Christ, and righteousness and peace have embraced each other. It is when you are looking to His throne, offering up your penitence and praise and thanksgiving to God, that you perfect Christian character, and represent Christ to the world. You abide in Christ and Christ abides in you.<sup class=\"bookendnote\"><a class=\"bookendnote\">31<span class=\"bookendnote\"><span class=\"egwlink egwlink_book\" title=\"Lt 1f, 1890\" data-link=\"14056.5477001\">Letter 1f, 1890</span>.</span></a></sup>",
    "puborder": 658,
    "translations": [
      {
        "para_id": "1745.783",
        "lang": "es",
        "refcode": "AFC64 119.5"
      },
      {
        "para_id": "1714.872",
        "lang": "es",
        "refcode": "AFC 118.3"
      },
      {
        "para_id": "1930.1173",
        "lang": "pt",
        "refcode": "PC 113.4"
      },
      {
        "para_id": "1842.772",
        "lang": "ru",
        "refcode": "ПЕ 117.5"
      },
      {
        "para_id": "12227.778",
        "lang": "uk",
        "refcode": "ЩМП 119.5"
      }
    ]
  }
]