[
  {
    "para_id": "126.624",
    "id_prev": "126.622",
    "id_next": "126.625",
    "refcode_1": "TMK",
    "refcode_2": "98",
    "refcode_3": "",
    "refcode_4": "92",
    "refcode_short": "TMK 98",
    "refcode_long": "That I May Know Him, p. 98 (Ellen Gould White)",
    "element_type": "h3",
    "element_subtype": "",
    "content": "Christ&apos;s Blessings Universal, April 2",
    "puborder": 543,
    "translations": [
      {
        "para_id": "1714.724",
        "lang": "es",
        "refcode": "AFC 98"
      },
      {
        "para_id": "1745.655",
        "lang": "es",
        "refcode": "AFC64 100"
      },
      {
        "para_id": "1930.980",
        "lang": "pt",
        "refcode": "PC 93"
      },
      {
        "para_id": "1842.638",
        "lang": "ru",
        "refcode": "ПЕ 98"
      },
      {
        "para_id": "12227.642",
        "lang": "uk",
        "refcode": "ЩМП 100"
      }
    ]
  },
  {
    "para_id": "126.625",
    "id_prev": "126.624",
    "id_next": "126.626",
    "refcode_1": "TMK",
    "refcode_2": "98",
    "refcode_3": "1",
    "refcode_4": "",
    "refcode_short": "TMK 98.1",
    "refcode_long": "That I May Know Him, p. 98.1 (Ellen Gould White)",
    "element_type": "p",
    "element_subtype": "devotionaltext",
    "content": "That was the true Light, which lighteth every man that cometh into the world. <span class=\"egwlink egwlink_bible\" title=\"John 1:9\" data-link=\"1965.53150\">John 1:9</span>.",
    "puborder": 544,
    "translations": [
      {
        "para_id": "1714.725",
        "lang": "es",
        "refcode": "AFC 98.3"
      },
      {
        "para_id": "1745.656",
        "lang": "es",
        "refcode": "AFC64 100.1"
      },
      {
        "para_id": "1930.982",
        "lang": "pt",
        "refcode": "PC 94.1"
      },
      {
        "para_id": "1842.639",
        "lang": "ru",
        "refcode": "ПЕ 98.1"
      },
      {
        "para_id": "12227.643",
        "lang": "uk",
        "refcode": "ЩМП 100.1"
      }
    ]
  },
  {
    "para_id": "126.626",
    "id_prev": "126.625",
    "id_next": "126.627",
    "refcode_1": "TMK",
    "refcode_2": "98",
    "refcode_3": "2",
    "refcode_4": "",
    "refcode_short": "TMK 98.2",
    "refcode_long": "That I May Know Him, p. 98.2 (Ellen Gould White)",
    "element_type": "p",
    "element_subtype": "standard-indented",
    "content": "The grace of Christ is not confined to a few. The message of mercy and forgiveness brought from heaven by Christ was to be heard by all. Our Saviour says, &ldquo;I am the light of the world.&rdquo; (<span class=\"egwlink egwlink_bible\" title=\"John 8:12\" data-link=\"1965.53837\">John 8:12</span>). His blessings are universal, reaching to all nations, kindreds, tongues, and peoples. Christ came to break down every wall of partition ... that every soul, whether Jew or Gentile, might be a free worshiper and have access to God....",
    "puborder": 545,
    "translations": [
      {
        "para_id": "1714.726",
        "lang": "es",
        "refcode": "AFC 98.4"
      },
      {
        "para_id": "1745.657",
        "lang": "es",
        "refcode": "AFC64 100.2"
      },
      {
        "para_id": "1930.983",
        "lang": "pt",
        "refcode": "PC 94.2"
      },
      {
        "para_id": "1842.640",
        "lang": "ru",
        "refcode": "ПЕ 98.2"
      },
      {
        "para_id": "12227.644",
        "lang": "uk",
        "refcode": "ЩМП 100.2"
      }
    ]
  },
  {
    "para_id": "126.627",
    "id_prev": "126.626",
    "id_next": "126.628",
    "refcode_1": "TMK",
    "refcode_2": "98",
    "refcode_3": "3",
    "refcode_4": "",
    "refcode_short": "TMK 98.3",
    "refcode_long": "That I May Know Him, p. 98.3 (Ellen Gould White)",
    "element_type": "p",
    "element_subtype": "standard-indented",
    "content": "Through varied channels the heavenly messengers are in active communication with every part of the world, and when man calls upon the Lord with a true and earnest heart, God is represented as bending from His throne above. He listens to every yearning cry, and answers, &ldquo;Here am I.&rdquo; He raises up the distressed and oppressed. He bestows His blessings on the evil as well as on the good.",
    "puborder": 546,
    "translations": [
      {
        "para_id": "1745.658",
        "lang": "es",
        "refcode": "AFC64 100.3"
      },
      {
        "para_id": "1714.727",
        "lang": "es",
        "refcode": "AFC 98.5"
      },
      {
        "para_id": "1930.984",
        "lang": "pt",
        "refcode": "PC 94.3"
      },
      {
        "para_id": "1842.641",
        "lang": "ru",
        "refcode": "ПЕ 98.3"
      },
      {
        "para_id": "12227.645",
        "lang": "uk",
        "refcode": "ЩМП 100.3"
      }
    ]
  },
  {
    "para_id": "126.628",
    "id_prev": "126.627",
    "id_next": "126.629",
    "refcode_1": "TMK",
    "refcode_2": "98",
    "refcode_3": "4",
    "refcode_4": "",
    "refcode_short": "TMK 98.4",
    "refcode_long": "That I May Know Him, p. 98.4 (Ellen Gould White)",
    "element_type": "p",
    "element_subtype": "standard-indented",
    "content": "In every precept that Christ taught, He was expounding His own life. God&apos;s holy law was magnified in this living representative. He was the revealer of the infinite mind. He uttered no uncertain sentiments or opinions, but pure and holy truth.... He invites men to take a close view of God in Himself, in the infinite love therein expressed.<sup class=\"bookendnote\"><a class=\"bookendnote\">2<span class=\"bookendnote\"><span class=\"egwlink egwlink_book\" title=\"YI 7-29-1897\" data-link=\"469.2475\">The Youth&apos;s Instructor, July 29, 1897</span>.</span></a></sup>",
    "puborder": 547,
    "translations": [
      {
        "para_id": "1745.659",
        "lang": "es",
        "refcode": "AFC64 100.4"
      },
      {
        "para_id": "1714.728",
        "lang": "es",
        "refcode": "AFC 98.6"
      },
      {
        "para_id": "1930.985",
        "lang": "pt",
        "refcode": "PC 94.4"
      },
      {
        "para_id": "1842.642",
        "lang": "ru",
        "refcode": "ПЕ 98.4"
      },
      {
        "para_id": "12227.646",
        "lang": "uk",
        "refcode": "ЩМП 100.4"
      }
    ]
  },
  {
    "para_id": "126.629",
    "id_prev": "126.628",
    "id_next": "126.631",
    "refcode_1": "TMK",
    "refcode_2": "98",
    "refcode_3": "5",
    "refcode_4": "",
    "refcode_short": "TMK 98.5",
    "refcode_long": "That I May Know Him, p. 98.5 (Ellen Gould White)",
    "element_type": "p",
    "element_subtype": "standard-indented",
    "content": "To know God is the most wonderful knowledge that men can have. There is much wisdom with worldly men, but with all their wisdom they behold not the beauty and majesty, the justice and wisdom, the goodness and holiness, of the Creator of all worlds. The Lord walks among men by His providences, but His stately steppings are not heard, His presence is not discerned, His hand is not recognized. The work of Christ&apos;s disciples is to shine as lights, making manifest to the world the character of God. They are to catch the increasing rays of light from the Word of God and reflect them to men enshrouded in the darkness of misapprehension of God. The servants of Christ must rightly represent the character of God and Christ to men.<sup class=\"bookendnote\"><a class=\"bookendnote\">3<span class=\"bookendnote\"><span class=\"egwlink egwlink_book\" title=\"RH 3-5-1889\" data-link=\"821.9530\">The Review and Herald, March 5, 18891</span>.</span></a></sup>",
    "puborder": 548,
    "translations": [
      {
        "para_id": "1714.731",
        "lang": "es",
        "refcode": "AFC 99.1"
      },
      {
        "para_id": "1745.660",
        "lang": "es",
        "refcode": "AFC64 100.5"
      },
      {
        "para_id": "1930.986",
        "lang": "pt",
        "refcode": "PC 94.5"
      },
      {
        "para_id": "1842.643",
        "lang": "ru",
        "refcode": "ПЕ 98.5"
      },
      {
        "para_id": "12227.647",
        "lang": "uk",
        "refcode": "ЩМП 100.5"
      }
    ]
  }
]