[
  {
    "para_id": "126.731",
    "id_prev": "126.729",
    "id_next": "126.732",
    "refcode_1": "TMK",
    "refcode_2": "114",
    "refcode_3": "",
    "refcode_4": "108",
    "refcode_short": "TMK 114",
    "refcode_long": "That I May Know Him, p. 114 (Ellen Gould White)",
    "element_type": "h3",
    "element_subtype": "",
    "content": "The Righteousness That God Requires, April 18",
    "puborder": 634,
    "translations": [
      {
        "para_id": "1714.840",
        "lang": "es",
        "refcode": "AFC 114"
      },
      {
        "para_id": "1745.756",
        "lang": "es",
        "refcode": "AFC64 116"
      },
      {
        "para_id": "1930.1138",
        "lang": "pt",
        "refcode": "PC 110"
      },
      {
        "para_id": "1842.745",
        "lang": "ru",
        "refcode": "ПЕ 114"
      },
      {
        "para_id": "12227.751",
        "lang": "uk",
        "refcode": "ЩМП 116"
      }
    ]
  },
  {
    "para_id": "126.732",
    "id_prev": "126.731",
    "id_next": "126.733",
    "refcode_1": "TMK",
    "refcode_2": "114",
    "refcode_3": "1",
    "refcode_4": "",
    "refcode_short": "TMK 114.1",
    "refcode_long": "That I May Know Him, p. 114.1 (Ellen Gould White)",
    "element_type": "p",
    "element_subtype": "devotionaltext",
    "content": "For I say unto you, That except your righteousness shall exceed the righteousness of the scribes and Pharisees, ye shall in no case enter into the kingdom of heaven. <span class=\"egwlink egwlink_bible\" title=\"Matthew 5:20\" data-link=\"1965.47485\">Matthew 5:20</span>.",
    "puborder": 635,
    "translations": [
      {
        "para_id": "1714.841",
        "lang": "es",
        "refcode": "AFC 114.3"
      },
      {
        "para_id": "1745.757",
        "lang": "es",
        "refcode": "AFC64 116.1"
      },
      {
        "para_id": "1930.1139",
        "lang": "pt",
        "refcode": "PC 110.1"
      },
      {
        "para_id": "1842.746",
        "lang": "ru",
        "refcode": "ПЕ 114.1"
      },
      {
        "para_id": "12227.752",
        "lang": "uk",
        "refcode": "ЩМП 116.1"
      }
    ]
  },
  {
    "para_id": "126.733",
    "id_prev": "126.732",
    "id_next": "126.734",
    "refcode_1": "TMK",
    "refcode_2": "114",
    "refcode_3": "2",
    "refcode_4": "",
    "refcode_short": "TMK 114.2",
    "refcode_long": "That I May Know Him, p. 114.2 (Ellen Gould White)",
    "element_type": "p",
    "element_subtype": "standard-indented",
    "content": "The righteousness of the scribes and Pharisees was of a selfish character, consisting of external forms. The righteousness which God requires is internal as well as external. The heart must be purified, else Christ cannot be enthroned there. The life must be conformed to the will of God.<sup class=\"bookendnote\"><a class=\"bookendnote\">26<span class=\"bookendnote\"><span class=\"egwlink egwlink_book\" title=\"Lt 102, 1901\" data-link=\"14066.9974001\">Letter 102, 1901</span>.</span></a></sup>",
    "puborder": 636,
    "translations": [
      {
        "para_id": "1745.758",
        "lang": "es",
        "refcode": "AFC64 116.2"
      },
      {
        "para_id": "1714.842",
        "lang": "es",
        "refcode": "AFC 114.4"
      },
      {
        "para_id": "1930.1140",
        "lang": "pt",
        "refcode": "PC 110.2"
      },
      {
        "para_id": "1842.747",
        "lang": "ru",
        "refcode": "ПЕ 114.2"
      },
      {
        "para_id": "12227.753",
        "lang": "uk",
        "refcode": "ЩМП 116.2"
      }
    ]
  },
  {
    "para_id": "126.734",
    "id_prev": "126.733",
    "id_next": "126.735",
    "refcode_1": "TMK",
    "refcode_2": "114",
    "refcode_3": "3",
    "refcode_4": "",
    "refcode_short": "TMK 114.3",
    "refcode_long": "That I May Know Him, p. 114.3 (Ellen Gould White)",
    "element_type": "p",
    "element_subtype": "standard-indented",
    "content": "External forms cannot take the place of inward piety. The Jewish teachers exalted themselves as righteous; they called all those who differed from them accursed, and closed the gates of heaven to them, declaring that those who had not learned in their schools, were not righteous. But with all their criticisms and exactions, with all their forms and ceremonies, they were an offense to God. They looked down upon and despised the very ones precious in the sight of the Lord....",
    "puborder": 637,
    "translations": [
      {
        "para_id": "1714.843",
        "lang": "es",
        "refcode": "AFC 114.5"
      },
      {
        "para_id": "1745.759",
        "lang": "es",
        "refcode": "AFC64 116.3"
      },
      {
        "para_id": "1930.1141",
        "lang": "pt",
        "refcode": "PC 110.3"
      },
      {
        "para_id": "1842.748",
        "lang": "ru",
        "refcode": "ПЕ 114.3"
      },
      {
        "para_id": "12227.754",
        "lang": "uk",
        "refcode": "ЩМП 116.3"
      }
    ]
  },
  {
    "para_id": "126.735",
    "id_prev": "126.734",
    "id_next": "126.736",
    "refcode_1": "TMK",
    "refcode_2": "114",
    "refcode_3": "4",
    "refcode_4": "",
    "refcode_short": "TMK 114.4",
    "refcode_long": "That I May Know Him, p. 114.4 (Ellen Gould White)",
    "element_type": "p",
    "element_subtype": "standard-indented",
    "content": "Human devices, human plans, and human counsels will be without power. Only in Christ Jesus will the church near the period of Christ&apos;s coming be able to stand. She is required of her Redeemer to advance in piety, to have increasing zeal, understanding better as she nears the end that her own &ldquo;high calling&rdquo; is &ldquo;of God in Christ Jesus.&rdquo;",
    "puborder": 638,
    "translations": [
      {
        "para_id": "1745.760",
        "lang": "es",
        "refcode": "AFC64 116.4"
      },
      {
        "para_id": "1714.846",
        "lang": "es",
        "refcode": "AFC 115.1"
      },
      {
        "para_id": "1930.1142",
        "lang": "pt",
        "refcode": "PC 110.4"
      },
      {
        "para_id": "1842.749",
        "lang": "ru",
        "refcode": "ПЕ 114.4"
      },
      {
        "para_id": "12227.755",
        "lang": "uk",
        "refcode": "ЩМП 116.4"
      }
    ]
  },
  {
    "para_id": "126.736",
    "id_prev": "126.735",
    "id_next": "126.737",
    "refcode_1": "TMK",
    "refcode_2": "114",
    "refcode_3": "5",
    "refcode_4": "",
    "refcode_short": "TMK 114.5",
    "refcode_long": "That I May Know Him, p. 114.5 (Ellen Gould White)",
    "element_type": "p",
    "element_subtype": "standard-indented",
    "content": "There are glorious truths to come before the people of God. Privileges and duties which they do not even suspect to be in the Bible will be laid open before the followers of Christ. As they follow on in the path of humble obedience, doing God&apos;s will, they will know more and more of the oracles of God, and be established in right doctrines.",
    "puborder": 639,
    "translations": [
      {
        "para_id": "1714.847",
        "lang": "es",
        "refcode": "AFC 115.2"
      },
      {
        "para_id": "1745.761",
        "lang": "es",
        "refcode": "AFC64 116.5"
      },
      {
        "para_id": "1930.1143",
        "lang": "pt",
        "refcode": "PC 110.5"
      },
      {
        "para_id": "1842.750",
        "lang": "ru",
        "refcode": "ПЕ 114.5"
      },
      {
        "para_id": "12227.756",
        "lang": "uk",
        "refcode": "ЩМП 116.5"
      }
    ]
  },
  {
    "para_id": "126.737",
    "id_prev": "126.736",
    "id_next": "126.739",
    "refcode_1": "TMK",
    "refcode_2": "114",
    "refcode_3": "6",
    "refcode_4": "",
    "refcode_short": "TMK 114.6",
    "refcode_long": "That I May Know Him, p. 114.6 (Ellen Gould White)",
    "element_type": "p",
    "element_subtype": "standard-indented",
    "content": "The baptism of the Holy Spirit will dispel human imaginings, will break down self-erected barriers, and will cause to cease the feeling that &ldquo;I am holier than thou.&rdquo; There will be a humble spirit with all, more faith and love; self will not be exalted.... Christ&apos;s spirit, Christ&apos;s example, will be exemplified in His people. We shall follow more closely the ways and works of Jesus.... The love of Jesus will pervade our hearts.<sup class=\"bookendnote\"><a class=\"bookendnote\">27<span class=\"bookendnote\"><span class=\"egwlink egwlink_book\" title=\"Lt 5, 1889\" data-link=\"14056.3914001\">Letter 5, 1889</span>.</span></a></sup>",
    "puborder": 640,
    "translations": [
      {
        "para_id": "1745.762",
        "lang": "es",
        "refcode": "AFC64 116.6"
      },
      {
        "para_id": "1714.848",
        "lang": "es",
        "refcode": "AFC 115.3"
      },
      {
        "para_id": "1930.1144",
        "lang": "pt",
        "refcode": "PC 110.6"
      },
      {
        "para_id": "1842.751",
        "lang": "ru",
        "refcode": "ПЕ 114.6"
      },
      {
        "para_id": "12227.757",
        "lang": "uk",
        "refcode": "ЩМП 116.6"
      }
    ]
  }
]