[
  {
    "para_id": "1170.1005",
    "id_prev": "1170.1003",
    "id_next": "1170.1006",
    "refcode_1": "NSLRLL",
    "refcode_2": "153",
    "refcode_3": "",
    "refcode_4": "",
    "refcode_short": "NSLRLL 153",
    "refcode_long": "The National Sunday Law [RLL], p. 153 (Alonzo Trevier Jones)",
    "element_type": "h4",
    "element_subtype": "",
    "content": "REMARKS BY REV. A. H. LEWIS, D. D.",
    "puborder": 756,
    "translations": []
  },
  {
    "para_id": "1170.1006",
    "id_prev": "1170.1005",
    "id_next": "1170.1007",
    "refcode_1": "NSLRLL",
    "refcode_2": "153",
    "refcode_3": "1",
    "refcode_4": "",
    "refcode_short": "NSLRLL 153.1",
    "refcode_long": "The National Sunday Law [RLL], p. 153.1 (Alonzo Trevier Jones)",
    "element_type": "p",
    "element_subtype": "blockquote-indented",
    "content": "Dr. Lewis.&mdash;Mr. Chairman. The objection raised by Prof. Jones against the exemption in favor of Sabbath-keepers, seems to me wholly imaginary. So far as any Seventh-day Baptists are concerned, I know it would be impossible for any man opening a saloon on Sunday to present the excuse that he was a Seventh-day Baptist. A saloon-keeping Seventh-day Baptist is an unknown thing throughout their history of more than two centuries. Such a man could not obtain recognition, much less church membership, in any Seventh-day Baptist community or church. Nor do I believe from what I know of the Seventh-day Adventists, that such a case could occur in connection with that people. The possibility of any such deceitful claim could easily be guarded against by a provision requiring that in any case of doubt the one claiming to have observed the seventh day should be required to bring official certificate of his relation to a Sabbath-keeping church. Such a provision would end all difficulty.",
    "puborder": 757,
    "translations": []
  }
]