[
  {
    "para_id": "10.133",
    "id_prev": "10.132",
    "id_next": "10.134",
    "refcode_1": "CE",
    "refcode_2": "33",
    "refcode_3": "",
    "refcode_4": "3",
    "refcode_short": "CE 33",
    "refcode_long": "Christian Education, p. 33 (Ellen Gould White)",
    "element_type": "h3",
    "element_subtype": "",
    "content": "Chapter 3&mdash;Pure Education",
    "puborder": 75,
    "translations": []
  },
  {
    "para_id": "10.134",
    "id_prev": "10.133",
    "id_next": "10.135",
    "refcode_1": "CE",
    "refcode_2": "33",
    "refcode_3": "2",
    "refcode_4": "",
    "refcode_short": "CE 33.2",
    "refcode_long": "Christian Education, p. 33.2 (Ellen Gould White)",
    "element_type": "p",
    "element_subtype": "standard-indented",
    "content": "Education comprises more than a knowledge of books. Proper education includes not only mental discipline, but that training which will secure sound morals and correct deportment. In this age of the world, children should have strict watch-care. They should be advised and restrained. Eli was cursed of God, because he did not promptly and decidedly restrain his wicked sons.",
    "puborder": 76,
    "translations": []
  },
  {
    "para_id": "10.135",
    "id_prev": "10.134",
    "id_next": "10.138",
    "refcode_1": "CE",
    "refcode_2": "33",
    "refcode_3": "3",
    "refcode_4": "",
    "refcode_short": "CE 33.3",
    "refcode_long": "Christian Education, p. 33.3 (Ellen Gould White)",
    "element_type": "p",
    "element_subtype": "standard-indented",
    "content": "Every son and daughter should be called to account if absent from home at night. Parents should know what company their children are in, and at whose house they spend their evenings. Some children deceive their parents with falsehoods to avoid exposure of their wrong course. There are those who seek the society of corrupt companions, and secretly visit saloons and other forbidden places of resort in the <span class=\"page-break\" data-page=\"34\"></span> city. There are students who visit the billiard-rooms, and who engage in card-playing, flattering themselves that there is no danger. Since their object is merely amusement, they feel perfectly safe. It is not the lower grade alone who do this. Some who have been carefully reared, and educated to look upon such things with abhorrence, are venturing upon the forbidden ground.",
    "puborder": 77,
    "translations": []
  },
  {
    "para_id": "10.138",
    "id_prev": "10.135",
    "id_next": "10.139",
    "refcode_1": "CE",
    "refcode_2": "34",
    "refcode_3": "1",
    "refcode_4": "",
    "refcode_short": "CE 34.1",
    "refcode_long": "Christian Education, p. 34.1 (Ellen Gould White)",
    "element_type": "p",
    "element_subtype": "standard-indented",
    "content": "The young should be controlled by firm principle, that they may rightly improve the powers which God has given them. But youth follow impulse so much and so blindly, without reference to principle, that they are constantly in danger. Since they cannot always have the guidance and protection of parents and guardians, they need to be trained to self-reliance and self-control. They must be taught to think and act from conscientious principle.",
    "puborder": 78,
    "translations": []
  },
  {
    "para_id": "10.139",
    "id_prev": "10.138",
    "id_next": "10.140",
    "refcode_1": "CE",
    "refcode_2": "34",
    "refcode_3": "2",
    "refcode_4": "",
    "refcode_short": "CE 34.2",
    "refcode_long": "Christian Education, p. 34.2 (Ellen Gould White)",
    "element_type": "p",
    "element_subtype": "standard-indented",
    "content": "Those who are engaged in study should have relaxation. The mind must not be constantly confined to close thought, for the delicate mental machinery becomes worn. The body, as well as the mind, must have exercise. There is great need of temperance in amusements, as in every other pursuit. The character of these amusements should be carefully and thoroughly considered. Every youth should ask himself, What influence will these amusements have on physical, mental, and moral health? Will my mind become so infatuated as to forget God? Shall I cease to have his glory before me?",
    "puborder": 79,
    "translations": []
  },
  {
    "para_id": "10.140",
    "id_prev": "10.139",
    "id_next": "10.143",
    "refcode_1": "CE",
    "refcode_2": "34",
    "refcode_3": "3",
    "refcode_4": "",
    "refcode_short": "CE 34.3",
    "refcode_long": "Christian Education, p. 34.3 (Ellen Gould White)",
    "element_type": "p",
    "element_subtype": "standard-indented",
    "content": "Card-playing should be prohibited. The associations and tendencies are dangerous. The prince of the powers of darkness presides in the gaming-room and wherever there is card-playing. Evil angels are familiar guests in these places. There is nothing in such amusements beneficial to soul or body. There is nothing to strengthen the intellect, nothing to store it with valuable ideas for future use. The conversation is upon trivial and degrading <span class=\"page-break\" data-page=\"35\"></span> subjects. There is heard the unseemly jest, the low, vile talk, which lowers and destroys the true dignity of manhood. These games are the most senseless, useless, unprofitable and dangerous employments the youth can have. Those who engage in card-playing become intensely excited, and soon lose all relish for useful and elevating occupations. Expertness in handling cards will soon lead to a desire to put this knowledge and tact to some use for personal benefit. A small sum is staked, and then a larger, until a thirst for gaming is acquired, which leads to certain ruin. How many has this pernicious amusement led to every sinful practice, to poverty, to prison, to murder, and to the gallows! And yet many parents do not see the terrible gulf of ruin that is yawning for our youth.",
    "puborder": 80,
    "translations": []
  },
  {
    "para_id": "10.143",
    "id_prev": "10.140",
    "id_next": "10.144",
    "refcode_1": "CE",
    "refcode_2": "35",
    "refcode_3": "1",
    "refcode_4": "",
    "refcode_short": "CE 35.1",
    "refcode_long": "Christian Education, p. 35.1 (Ellen Gould White)",
    "element_type": "p",
    "element_subtype": "standard-indented",
    "content": "Among the most dangerous resorts for pleasure is the theater. Instead of being a school of morality and virtue, and is so often claimed, it is the very hotbed of immorality. Vicious habits and sinful propensities are strengthened and confirmed by these entertainments. Low songs, lewd gestures, expressions, and attitudes, deprave the imagination, and debase the morals. Every youth who habitually attends such exhibitions will be corrupted in principle. There is no influence in our land more powerful to poison the imagination, to destroy religious impressions, and to blunt the relish for the tranquil pleasures and sober realities of life than theatrical amusements. The love for these scenes increases with every indulgence, as the desire for intoxicating drink strengthens with its use. The only safe course is to shun the theater, the circus, and every other questionable place of amusement.",
    "puborder": 81,
    "translations": []
  },
  {
    "para_id": "10.144",
    "id_prev": "10.143",
    "id_next": "10.147",
    "refcode_1": "CE",
    "refcode_2": "35",
    "refcode_3": "2",
    "refcode_4": "",
    "refcode_short": "CE 35.2",
    "refcode_long": "Christian Education, p. 35.2 (Ellen Gould White)",
    "element_type": "p",
    "element_subtype": "standard-indented",
    "content": "There are modes of recreation which are highly beneficial to both mind and body. An enlightened, discriminating mind will find abundant means for entertainment and diversion, from sources not only <span class=\"page-break\" data-page=\"36\"></span> innocent, but instructive. Recreation in the open air, the contemplation of the works of God in nature, will be of the highest benefit.&mdash;<em>&ldquo;Testimony,&rdquo; No. 30, first published in 1881.</em>",
    "puborder": 82,
    "translations": []
  }
]