[
  {
    "para_id": "1668.402",
    "id_prev": "1668.401",
    "id_next": "1668.403",
    "refcode_1": "GCB",
    "refcode_2": "12",
    "refcode_3": "",
    "refcode_4": "1909",
    "refcode_short": "GCB May 16,  1909, page 12",
    "refcode_long": "General Conference Bulletin, vol. 6 May 16,  1909, page 12",
    "element_type": "h4",
    "element_subtype": "",
    "content": "DAILY PROGRAM",
    "puborder": 385,
    "translations": []
  },
  {
    "para_id": "1668.403",
    "id_prev": "1668.402",
    "id_next": "1668.405",
    "refcode_1": "GCB",
    "refcode_2": "12",
    "refcode_3": "",
    "refcode_4": "1909",
    "refcode_short": "",
    "refcode_long": "",
    "element_type": "p",
    "element_subtype": "center",
    "content": "W. A. Spicer, C. P. Bollman, I. H. Evans, C. M. Snow, T. E. Bowen(Sabbath Excepted)\n<br />6-7 A. M. Devotional Meeting.\n<br />7-7:45 Breakfast.\n<br />7:45-8 Morning Work.\n<br />8-9 Departmental Meetings.\n<br />9:15-10:15 Bible Study.\n<br />10:30-12:30 Conference (Business).\n<br />1-2 P. M. Dinner.\n<br />2-3 Committee Work.\n<br />3-5 Conference (Reports).\n<br />5-6 Committee Work.\n<br />6-7 Lunch.\n<br />7:45-9 Evening Service.",
    "puborder": 386,
    "translations": []
  }
]