[
  {
    "para_id": "89.2150",
    "id_prev": "89.2148",
    "id_next": "89.2151",
    "refcode_1": "RC",
    "refcode_2": "265",
    "refcode_3": "",
    "refcode_4": "251",
    "refcode_short": "RC 265",
    "refcode_long": "Reflecting Christ, p. 265 (Ellen Gould White)",
    "element_type": "h3",
    "element_subtype": "",
    "content": "An Imperishable Jewel, September 8",
    "puborder": 1926,
    "translations": [
      {
        "para_id": "1754.2123",
        "lang": "es",
        "refcode": "RJ 257"
      },
      {
        "para_id": "11166.2117",
        "lang": "pt",
        "refcode": "RC 257"
      },
      {
        "para_id": "1844.2118",
        "lang": "ru",
        "refcode": "ОХ 265"
      },
      {
        "para_id": "12164.2153",
        "lang": "uk",
        "refcode": "ВХ 283"
      }
    ]
  },
  {
    "para_id": "89.2151",
    "id_prev": "89.2150",
    "id_next": "89.2152",
    "refcode_1": "RC",
    "refcode_2": "265",
    "refcode_3": "1",
    "refcode_4": "",
    "refcode_short": "RC 265.1",
    "refcode_long": "Reflecting Christ, p. 265.1 (Ellen Gould White)",
    "element_type": "p",
    "element_subtype": "devotionaltext",
    "content": "Let not yours be the outward adorning with ... decoration of gold, and wearing of fine clothing, but let it be the hidden person of the heart with the imperishable jewel of a gentle and quiet spirit, which in God&apos;s sight is very precious. <span class=\"egwlink egwlink_bible\" title=\"1 Peter 3:3\" data-link=\"1965.62071\">1 Peter 3:3, 4</span>, R.S.V.",
    "puborder": 1927,
    "translations": [
      {
        "para_id": "1754.2124",
        "lang": "es",
        "refcode": "RJ 257.1"
      },
      {
        "para_id": "11166.2118",
        "lang": "pt",
        "refcode": "RC 257.1"
      },
      {
        "para_id": "1844.2119",
        "lang": "ru",
        "refcode": "ОХ 265.1"
      },
      {
        "para_id": "12164.2154",
        "lang": "uk",
        "refcode": "ВХ 283.1"
      }
    ]
  },
  {
    "para_id": "89.2152",
    "id_prev": "89.2151",
    "id_next": "89.2153",
    "refcode_1": "RC",
    "refcode_2": "265",
    "refcode_3": "2",
    "refcode_4": "",
    "refcode_short": "RC 265.2",
    "refcode_long": "Reflecting Christ, p. 265.2 (Ellen Gould White)",
    "element_type": "p",
    "element_subtype": "standard-indented",
    "content": "While at Brother Harris&apos;s I had an interview with a sister who wore gold, and yet professed to be looking for Christ&apos;s coming. We spoke of the express declaration of Scripture against the wearing of gold. But she referred to where Solomon was commanded to beautify the Temple, and to the statement that the streets of the City of God were pure gold. She said that if we could improve our appearance by wearing gold, so as to have influence in the world, it was right.",
    "puborder": 1928,
    "translations": [
      {
        "para_id": "1754.2125",
        "lang": "es",
        "refcode": "RJ 257.2"
      },
      {
        "para_id": "11166.2119",
        "lang": "pt",
        "refcode": "RC 257.2"
      },
      {
        "para_id": "1844.2120",
        "lang": "ru",
        "refcode": "ОХ 265.2"
      },
      {
        "para_id": "12164.2155",
        "lang": "uk",
        "refcode": "ВХ 283.2"
      }
    ]
  },
  {
    "para_id": "89.2153",
    "id_prev": "89.2152",
    "id_next": "89.2154",
    "refcode_1": "RC",
    "refcode_2": "265",
    "refcode_3": "3",
    "refcode_4": "",
    "refcode_short": "RC 265.3",
    "refcode_long": "Reflecting Christ, p. 265.3 (Ellen Gould White)",
    "element_type": "p",
    "element_subtype": "standard-indented",
    "content": "I replied that we were poor fallen mortals, and instead of decorating these bodies because Solomon&apos;s Temple was gloriously adorned, we should remember our fallen condition, and that it cost the suffering and death of the Son of God to redeem us. This thought should cause us self-abasement.",
    "puborder": 1929,
    "translations": [
      {
        "para_id": "1754.2126",
        "lang": "es",
        "refcode": "RJ 257.3"
      },
      {
        "para_id": "11166.2120",
        "lang": "pt",
        "refcode": "RC 257.3"
      },
      {
        "para_id": "1844.2121",
        "lang": "ru",
        "refcode": "ОХ 265.3"
      },
      {
        "para_id": "12164.2156",
        "lang": "uk",
        "refcode": "ВХ 283.3"
      }
    ]
  },
  {
    "para_id": "89.2154",
    "id_prev": "89.2153",
    "id_next": "89.2155",
    "refcode_1": "RC",
    "refcode_2": "265",
    "refcode_3": "4",
    "refcode_4": "",
    "refcode_short": "RC 265.4",
    "refcode_long": "Reflecting Christ, p. 265.4 (Ellen Gould White)",
    "element_type": "p",
    "element_subtype": "standard-indented",
    "content": "Jesus is our pattern. If He would lay aside His humiliation and sufferings, and cry, &ldquo;If any man will come after Me, let him please himself, and enjoy the world, and he shall be My disciple,&rdquo; the multitude would believe and follow Him. But Jesus will come to us in no other character than that of the meek, crucified One. If we would be with Him in heaven, we must be like Him on earth. The world will claim its own; and whoever will overcome must leave what belongs to it.&mdash;<span class=\"egwlink egwlink_book\" title=\"LS 113.1\" data-link=\"41.610\">Life Sketches, pp. 113, 114</span>.",
    "puborder": 1930,
    "translations": [
      {
        "para_id": "1754.2127",
        "lang": "es",
        "refcode": "RJ 257.4"
      },
      {
        "para_id": "11166.2121",
        "lang": "pt",
        "refcode": "RC 257.4"
      },
      {
        "para_id": "1844.2122",
        "lang": "ru",
        "refcode": "ОХ 265.4"
      },
      {
        "para_id": "12164.2157",
        "lang": "uk",
        "refcode": "ВХ 283.4"
      }
    ]
  },
  {
    "para_id": "89.2155",
    "id_prev": "89.2154",
    "id_next": "89.2156",
    "refcode_1": "RC",
    "refcode_2": "265",
    "refcode_3": "5",
    "refcode_4": "",
    "refcode_short": "RC 265.5",
    "refcode_long": "Reflecting Christ, p. 265.5 (Ellen Gould White)",
    "element_type": "p",
    "element_subtype": "standard-indented",
    "content": "In the day when the accounts of all are balanced, will you feel ... that the beauty of the outward man was sought, while the inward beauty of the soul was almost entirely neglected?",
    "puborder": 1931,
    "translations": [
      {
        "para_id": "1754.2128",
        "lang": "es",
        "refcode": "RJ 257.5"
      },
      {
        "para_id": "11166.2122",
        "lang": "pt",
        "refcode": "RC 257.5"
      },
      {
        "para_id": "1844.2123",
        "lang": "ru",
        "refcode": "ОХ 265.5"
      },
      {
        "para_id": "12164.2158",
        "lang": "uk",
        "refcode": "ВХ 283.5"
      }
    ]
  },
  {
    "para_id": "89.2156",
    "id_prev": "89.2155",
    "id_next": "89.2157",
    "refcode_1": "RC",
    "refcode_2": "265",
    "refcode_3": "6",
    "refcode_4": "",
    "refcode_short": "RC 265.6",
    "refcode_long": "Reflecting Christ, p. 265.6 (Ellen Gould White)",
    "element_type": "p",
    "element_subtype": "standard-indented",
    "content": "Have not our sisters sufficient zeal and moral courage to place themselves without excuse upon the Bible platform? The apostle has given most explicit direction on this point: &ldquo;I will therefore ... that women adorn themselves in modest apparel, with shamefacedness and sobriety; not with broided hair, or gold, or pearls, or costly array; but ... with good works.&rdquo;&mdash;<span class=\"egwlink egwlink_book\" title=\"4T 630.1\" data-link=\"114.3120\">Testimonies for the Church 4:630</span>.",
    "puborder": 1932,
    "translations": [
      {
        "para_id": "1754.2128",
        "lang": "es",
        "refcode": "RJ 257.5"
      },
      {
        "para_id": "11166.2123",
        "lang": "pt",
        "refcode": "RC 257.6"
      },
      {
        "para_id": "1844.2124",
        "lang": "ru",
        "refcode": "ОХ 265.6"
      },
      {
        "para_id": "12164.2159",
        "lang": "uk",
        "refcode": "ВХ 283.6"
      }
    ]
  },
  {
    "para_id": "89.2157",
    "id_prev": "89.2156",
    "id_next": "89.2158",
    "refcode_1": "RC",
    "refcode_2": "265",
    "refcode_3": "7",
    "refcode_4": "",
    "refcode_short": "RC 265.7",
    "refcode_long": "Reflecting Christ, p. 265.7 (Ellen Gould White)",
    "element_type": "p",
    "element_subtype": "standard-indented",
    "content": "Love of dress and pleasure is wrecking the happiness of thousands.... To dress plainly, abstaining from display of jewelry and ornaments of every kind, is in keeping with our faith.&mdash;<span class=\"egwlink egwlink_book\" title=\"3T 366.1\" data-link=\"119.1697\">Testimonies for the Church 3:366</span>.",
    "puborder": 1933,
    "translations": [
      {
        "para_id": "1754.2129",
        "lang": "es",
        "refcode": "RJ 257.6"
      },
      {
        "para_id": "11166.2124",
        "lang": "pt",
        "refcode": "RC 257.7"
      },
      {
        "para_id": "1844.2125",
        "lang": "ru",
        "refcode": "ОХ 265.7"
      },
      {
        "para_id": "12164.2162",
        "lang": "uk",
        "refcode": "ВХ 284.1"
      }
    ]
  },
  {
    "para_id": "89.2158",
    "id_prev": "89.2157",
    "id_next": "89.2160",
    "refcode_1": "RC",
    "refcode_2": "265",
    "refcode_3": "8",
    "refcode_4": "",
    "refcode_short": "RC 265.8",
    "refcode_long": "Reflecting Christ, p. 265.8 (Ellen Gould White)",
    "element_type": "p",
    "element_subtype": "standard-indented",
    "content": "The inward adorning of a meek and quiet spirit is priceless. In the life of the true Christian the outward adorning is always in harmony with the inward peace and holiness.... It is right to love beauty and desire it; but God desires us to love and seek first the highest beauty, that which is imperishable.&mdash;<span class=\"egwlink egwlink_book\" title=\"AA 523.1\" data-link=\"127.2310\">The Acts of the Apostles, 523</span>.",
    "puborder": 1934,
    "translations": [
      {
        "para_id": "1754.2130",
        "lang": "es",
        "refcode": "RJ 257.7"
      },
      {
        "para_id": "11166.2125",
        "lang": "pt",
        "refcode": "RC 257.8"
      },
      {
        "para_id": "1844.2126",
        "lang": "ru",
        "refcode": "ОХ 265.8"
      },
      {
        "para_id": "12164.2163",
        "lang": "uk",
        "refcode": "ВХ 284.2"
      }
    ]
  }
]