[
  {
    "para_id": "76.1695",
    "id_prev": "76.1693",
    "id_next": "76.1696",
    "refcode_1": "MYP",
    "refcode_2": "330",
    "refcode_3": "",
    "refcode_4": "248",
    "refcode_short": "MYP 330",
    "refcode_long": "Messages to Young People, p. 330 (Ellen Gould White)",
    "element_type": "h4",
    "element_subtype": "",
    "content": "The Mother&apos;s Reward",
    "puborder": 1206,
    "translations": [
      {
        "para_id": "12373.1857",
        "lang": "ar",
        "refcode": "SM 344"
      },
      {
        "para_id": "11640.1573",
        "lang": "da",
        "refcode": "BTU 197"
      },
      {
        "para_id": "839.1553",
        "lang": "de",
        "refcode": "RJ 209"
      },
      {
        "para_id": "1769.1569",
        "lang": "es",
        "refcode": "MJ 233"
      },
      {
        "para_id": "205.1730",
        "lang": "fr",
        "refcode": "MJ 328"
      },
      {
        "para_id": "11891.1937",
        "lang": "hu",
        "refcode": "ÜI 188"
      },
      {
        "para_id": "893.1611",
        "lang": "it",
        "refcode": "MG 230"
      },
      {
        "para_id": "12355.1682",
        "lang": "ms",
        "refcode": "AOM 327"
      },
      {
        "para_id": "11636.2161",
        "lang": "nb",
        "refcode": "UID 282"
      },
      {
        "para_id": "11922.1363",
        "lang": "nb",
        "refcode": "UD 282.4"
      },
      {
        "para_id": "11961.1741",
        "lang": "pl",
        "refcode": "PM 245"
      },
      {
        "para_id": "1951.1710",
        "lang": "pt",
        "refcode": "MJ 330"
      },
      {
        "para_id": "2692.1750",
        "lang": "ro",
        "refcode": "SCT 330"
      },
      {
        "para_id": "1830.1674",
        "lang": "ru",
        "refcode": "ВМ 330"
      },
      {
        "para_id": "14046.1791",
        "lang": "uk",
        "refcode": "ВМ 248"
      }
    ]
  },
  {
    "para_id": "76.1696",
    "id_prev": "76.1695",
    "id_next": "76.1697",
    "refcode_1": "MYP",
    "refcode_2": "330",
    "refcode_3": "1",
    "refcode_4": "",
    "refcode_short": "MYP 330.1",
    "refcode_long": "Messages to Young People, p. 330.1 (Ellen Gould White)",
    "element_type": "p",
    "element_subtype": "standard-indented",
    "content": "When the judgment shall sit, and the books shall be opened; when the &ldquo;well done&rdquo; of the great Judge is pronounced, and the crown of immortal glory is placed upon the brow of the victor, many will raise their crowns in sight of the assembled universe and, pointing to their mother, say, &ldquo;She made me all I am through the grace of God. Her instruction, her prayers, have been blessed to my eternal salvation.&rdquo; ...",
    "puborder": 1207,
    "translations": [
      {
        "para_id": "12373.1858",
        "lang": "ar",
        "refcode": "SM 344.2"
      },
      {
        "para_id": "13806.1158",
        "lang": "bg",
        "refcode": "BKM 127.6"
      },
      {
        "para_id": "12408.1242",
        "lang": "bs",
        "refcode": "PM 198.4"
      },
      {
        "para_id": "11640.1574",
        "lang": "da",
        "refcode": "BTU 197.4"
      },
      {
        "para_id": "839.1554",
        "lang": "de",
        "refcode": "RJ 209.2"
      },
      {
        "para_id": "1769.1570",
        "lang": "es",
        "refcode": "MJ 233.4"
      },
      {
        "para_id": "205.1731",
        "lang": "fr",
        "refcode": "MJ 328.1"
      },
      {
        "para_id": "11681.1302",
        "lang": "hr",
        "refcode": "PMK 231.1"
      },
      {
        "para_id": "11891.1209",
        "lang": "hu",
        "refcode": "ÜI 188.1"
      },
      {
        "para_id": "893.1612",
        "lang": "it",
        "refcode": "MG 230.2"
      },
      {
        "para_id": "12355.1683",
        "lang": "ms",
        "refcode": "AOM 327.4"
      },
      {
        "para_id": "11636.1340",
        "lang": "nb",
        "refcode": "UID 282.4"
      },
      {
        "para_id": "11922.1363",
        "lang": "nb",
        "refcode": "UD 282.4"
      },
      {
        "para_id": "11961.1742",
        "lang": "pl",
        "refcode": "PM 245.4"
      },
      {
        "para_id": "11961.1743",
        "lang": "pl",
        "refcode": "PM 245.5"
      },
      {
        "para_id": "1951.1711",
        "lang": "pt",
        "refcode": "MJ 330.1"
      },
      {
        "para_id": "2692.1751",
        "lang": "ro",
        "refcode": "SCT 330.1"
      },
      {
        "para_id": "1830.1675",
        "lang": "ru",
        "refcode": "ВМ 330.1"
      },
      {
        "para_id": "12372.1315",
        "lang": "sr",
        "refcode": "ПMX 231.1"
      },
      {
        "para_id": "14046.1792",
        "lang": "uk",
        "refcode": "ВМ 248.2"
      }
    ]
  },
  {
    "para_id": "76.1697",
    "id_prev": "76.1696",
    "id_next": "76.1698",
    "refcode_1": "MYP",
    "refcode_2": "330",
    "refcode_3": "2",
    "refcode_4": "",
    "refcode_short": "MYP 330.2",
    "refcode_long": "Messages to Young People, p. 330.2 (Ellen Gould White)",
    "element_type": "p",
    "element_subtype": "standard-indented",
    "content": "Young men should be trained to stand firm for the right amid the prevailing iniquity, to do all in their power to arrest the progress of vice, and to promote virtue, purity, and true manliness. The impressions made upon the mind and character in early life are deep and abiding. Injudicious training or evil associations will often exert upon the young mind an influence for evil that all after-effort is powerless to efface.&mdash;<span class=\"egwlink egwlink_book\" title=\"ST 11-3-1881\" data-link=\"820.3829\">The Signs of the Times, November 3, 1881</span>.",
    "puborder": 1208,
    "translations": [
      {
        "para_id": "12373.1859",
        "lang": "ar",
        "refcode": "SM 344.3"
      },
      {
        "para_id": "13806.1159",
        "lang": "bg",
        "refcode": "BKM 127.7"
      },
      {
        "para_id": "12408.1243",
        "lang": "bs",
        "refcode": "PM 198.5"
      },
      {
        "para_id": "11640.1575",
        "lang": "da",
        "refcode": "BTU 197.5"
      },
      {
        "para_id": "839.1555",
        "lang": "de",
        "refcode": "RJ 209.3"
      },
      {
        "para_id": "1769.1571",
        "lang": "es",
        "refcode": "MJ 233.5"
      },
      {
        "para_id": "205.1732",
        "lang": "fr",
        "refcode": "MJ 328.2"
      },
      {
        "para_id": "11681.1303",
        "lang": "hr",
        "refcode": "PMK 231.2"
      },
      {
        "para_id": "11891.1210",
        "lang": "hu",
        "refcode": "ÜI 188.2"
      },
      {
        "para_id": "893.1612",
        "lang": "it",
        "refcode": "MG 230.2"
      },
      {
        "para_id": "12355.1686",
        "lang": "ms",
        "refcode": "AOM 328.1"
      },
      {
        "para_id": "11922.1365",
        "lang": "nb",
        "refcode": "UD 283.1"
      },
      {
        "para_id": "11636.1342",
        "lang": "nb",
        "refcode": "UID 283.1"
      },
      {
        "para_id": "11961.1745",
        "lang": "pl",
        "refcode": "PM 246.1"
      },
      {
        "para_id": "1951.1712",
        "lang": "pt",
        "refcode": "MJ 330.2"
      },
      {
        "para_id": "2692.1752",
        "lang": "ro",
        "refcode": "SCT 330.2"
      },
      {
        "para_id": "1830.1676",
        "lang": "ru",
        "refcode": "ВМ 330.2"
      },
      {
        "para_id": "12372.1316",
        "lang": "sr",
        "refcode": "ПMX 231.2"
      },
      {
        "para_id": "14046.1793",
        "lang": "uk",
        "refcode": "ВМ 248.3"
      }
    ]
  }
]