[
  {
    "para_id": "76.2319",
    "id_prev": "76.2317",
    "id_next": "76.2320",
    "refcode_1": "MYP",
    "refcode_2": "453",
    "refcode_3": "",
    "refcode_4": "153",
    "refcode_short": "MYP 453",
    "refcode_long": "Messages to Young People, p. 453 (Ellen Gould White)",
    "element_type": "h3",
    "element_subtype": "",
    "content": "Chapter 153&mdash;Marriages, Wise and Unwise",
    "puborder": 1648,
    "translations": [
      {
        "para_id": "12373.2550",
        "lang": "ar",
        "refcode": "SM 476"
      },
      {
        "para_id": "13806.1602",
        "lang": "bg",
        "refcode": "BKM 177"
      },
      {
        "para_id": "12408.1719",
        "lang": "bs",
        "refcode": "PM 273"
      },
      {
        "para_id": "11640.2157",
        "lang": "da",
        "refcode": "BTU 276"
      },
      {
        "para_id": "839.2134",
        "lang": "de",
        "refcode": "RJ 287"
      },
      {
        "para_id": "1769.2145",
        "lang": "es",
        "refcode": "MJ 320"
      },
      {
        "para_id": "205.2366",
        "lang": "fr",
        "refcode": "MJ 450"
      },
      {
        "para_id": "11681.1810",
        "lang": "hr",
        "refcode": "PMK 318"
      },
      {
        "para_id": "11891.1661",
        "lang": "hu",
        "refcode": "ÜI 256"
      },
      {
        "para_id": "893.2193",
        "lang": "it",
        "refcode": "MG 316"
      },
      {
        "para_id": "12355.2306",
        "lang": "ms",
        "refcode": "AOM 449"
      },
      {
        "para_id": "11636.1861",
        "lang": "nb",
        "refcode": "UID 387"
      },
      {
        "para_id": "11922.1883",
        "lang": "nb",
        "refcode": "UD 387"
      },
      {
        "para_id": "11961.2349",
        "lang": "pl",
        "refcode": "PM 337"
      },
      {
        "para_id": "1951.2325",
        "lang": "pt",
        "refcode": "MJ 453"
      },
      {
        "para_id": "2692.2378",
        "lang": "ro",
        "refcode": "SCT 453"
      },
      {
        "para_id": "1830.2290",
        "lang": "ru",
        "refcode": "ВМ 453"
      },
      {
        "para_id": "12372.1821",
        "lang": "sr",
        "refcode": "ПMX 318"
      },
      {
        "para_id": "14046.2377",
        "lang": "uk",
        "refcode": "ВМ 342"
      }
    ]
  },
  {
    "para_id": "76.2320",
    "id_prev": "76.2319",
    "id_next": "76.2321",
    "refcode_1": "MYP",
    "refcode_2": "453",
    "refcode_3": "1",
    "refcode_4": "",
    "refcode_short": "MYP 453.1",
    "refcode_long": "Messages to Young People, p. 453.1 (Ellen Gould White)",
    "element_type": "p",
    "element_subtype": "standard-indented",
    "content": "Immature marriages are productive of a vast amount of the evils that exist today. Neither physical health nor mental vigor is promoted by a marriage that is entered on too early in life. Upon this subject altogether too little reason is exercised. Many youth act from impulse. This step, which affects them seriously for good or ill, to be a lifelong blessing or curse, is too often taken hastily, under the impulse of sentiment. Many will not listen to reason or instruction from a Christian point of view....",
    "puborder": 1649,
    "translations": [
      {
        "para_id": "12373.2551",
        "lang": "ar",
        "refcode": "SM 476.1"
      },
      {
        "para_id": "13806.1603",
        "lang": "bg",
        "refcode": "BKM 177.6"
      },
      {
        "para_id": "12408.1720",
        "lang": "bs",
        "refcode": "PM 273.3"
      },
      {
        "para_id": "11640.2158",
        "lang": "da",
        "refcode": "BTU 276.1"
      },
      {
        "para_id": "839.2135",
        "lang": "de",
        "refcode": "RJ 287.1"
      },
      {
        "para_id": "1769.2146",
        "lang": "es",
        "refcode": "MJ 320.1"
      },
      {
        "para_id": "205.2367",
        "lang": "fr",
        "refcode": "MJ 450.1"
      },
      {
        "para_id": "11681.1811",
        "lang": "hr",
        "refcode": "PMK 318.1"
      },
      {
        "para_id": "11891.1662",
        "lang": "hu",
        "refcode": "ÜI 256.1"
      },
      {
        "para_id": "893.2194",
        "lang": "it",
        "refcode": "MG 316.2"
      },
      {
        "para_id": "12355.2307",
        "lang": "ms",
        "refcode": "AOM 449.1"
      },
      {
        "para_id": "11636.1862",
        "lang": "nb",
        "refcode": "UID 387.1"
      },
      {
        "para_id": "11922.1884",
        "lang": "nb",
        "refcode": "UD 387.1"
      },
      {
        "para_id": "11961.2350",
        "lang": "pl",
        "refcode": "PM 337.1"
      },
      {
        "para_id": "1951.2326",
        "lang": "pt",
        "refcode": "MJ 453.1"
      },
      {
        "para_id": "2692.2379",
        "lang": "ro",
        "refcode": "SCT 453.1"
      },
      {
        "para_id": "1830.2291",
        "lang": "ru",
        "refcode": "ВМ 453.1"
      },
      {
        "para_id": "12372.1822",
        "lang": "sr",
        "refcode": "ПMX 318.1"
      },
      {
        "para_id": "14046.2378",
        "lang": "uk",
        "refcode": "ВМ 342.1"
      }
    ]
  },
  {
    "para_id": "76.2321",
    "id_prev": "76.2320",
    "id_next": "76.2322",
    "refcode_1": "MYP",
    "refcode_2": "453",
    "refcode_3": "2",
    "refcode_4": "",
    "refcode_short": "MYP 453.2",
    "refcode_long": "Messages to Young People, p. 453.2 (Ellen Gould White)",
    "element_type": "p",
    "element_subtype": "standard-indented",
    "content": "The world is full of misery and sin today in consequence of ill-assorted marriages. In many cases it takes only a few months for husband and wife to realize that their dispositions can never blend; and the result is that discord prevails in the home where only the love and harmony of heaven should exist.",
    "puborder": 1650,
    "translations": [
      {
        "para_id": "12373.2552",
        "lang": "ar",
        "refcode": "SM 476.2"
      },
      {
        "para_id": "13806.1606",
        "lang": "bg",
        "refcode": "BKM 178.1"
      },
      {
        "para_id": "12408.1723",
        "lang": "bs",
        "refcode": "PM 274.1"
      },
      {
        "para_id": "11640.2159",
        "lang": "da",
        "refcode": "BTU 276.2"
      },
      {
        "para_id": "839.2136",
        "lang": "de",
        "refcode": "RJ 287.2"
      },
      {
        "para_id": "1769.2147",
        "lang": "es",
        "refcode": "MJ 320.2"
      },
      {
        "para_id": "205.2368",
        "lang": "fr",
        "refcode": "MJ 450.2"
      },
      {
        "para_id": "11681.1812",
        "lang": "hr",
        "refcode": "PMK 318.2"
      },
      {
        "para_id": "11891.1663",
        "lang": "hu",
        "refcode": "ÜI 256.2"
      },
      {
        "para_id": "893.2195",
        "lang": "it",
        "refcode": "MG 316.3"
      },
      {
        "para_id": "12355.2308",
        "lang": "ms",
        "refcode": "AOM 449.2"
      },
      {
        "para_id": "11922.1885",
        "lang": "nb",
        "refcode": "UD 387.2"
      },
      {
        "para_id": "11636.1863",
        "lang": "nb",
        "refcode": "UID 387.2"
      },
      {
        "para_id": "11961.2351",
        "lang": "pl",
        "refcode": "PM 337.2"
      },
      {
        "para_id": "1951.2327",
        "lang": "pt",
        "refcode": "MJ 453.2"
      },
      {
        "para_id": "2692.2380",
        "lang": "ro",
        "refcode": "SCT 453.2"
      },
      {
        "para_id": "1830.2292",
        "lang": "ru",
        "refcode": "ВМ 453.2"
      },
      {
        "para_id": "12372.1823",
        "lang": "sr",
        "refcode": "ПMX 318.2"
      },
      {
        "para_id": "14046.2379",
        "lang": "uk",
        "refcode": "ВМ 342.2"
      }
    ]
  },
  {
    "para_id": "76.2322",
    "id_prev": "76.2321",
    "id_next": "76.2323",
    "refcode_1": "MYP",
    "refcode_2": "453",
    "refcode_3": "3",
    "refcode_4": "",
    "refcode_short": "MYP 453.3",
    "refcode_long": "Messages to Young People, p. 453.3 (Ellen Gould White)",
    "element_type": "p",
    "element_subtype": "standard-indented",
    "content": "By contention over trivial matters, a bitter spirit is cultivated. Open disagreements and bickering bring inexpressible misery into the home, and drive asunder those who should be united in the bonds of love. Thus thousands have sacrificed themselves, soul and body, by unwise marriages, and have gone down in the path of perdition.",
    "puborder": 1651,
    "translations": [
      {
        "para_id": "12373.2553",
        "lang": "ar",
        "refcode": "SM 476.3"
      },
      {
        "para_id": "13806.1607",
        "lang": "bg",
        "refcode": "BKM 178.2"
      },
      {
        "para_id": "12408.1724",
        "lang": "bs",
        "refcode": "PM 274.2"
      },
      {
        "para_id": "11640.2159",
        "lang": "da",
        "refcode": "BTU 276.2"
      },
      {
        "para_id": "839.2137",
        "lang": "de",
        "refcode": "RJ 287.3"
      },
      {
        "para_id": "1769.2148",
        "lang": "es",
        "refcode": "MJ 320.3"
      },
      {
        "para_id": "205.2369",
        "lang": "fr",
        "refcode": "MJ 450.3"
      },
      {
        "para_id": "11681.1813",
        "lang": "hr",
        "refcode": "PMK 318.3"
      },
      {
        "para_id": "11891.1664",
        "lang": "hu",
        "refcode": "ÜI 256.3"
      },
      {
        "para_id": "893.2196",
        "lang": "it",
        "refcode": "MG 316.4"
      },
      {
        "para_id": "12355.2309",
        "lang": "ms",
        "refcode": "AOM 449.3"
      },
      {
        "para_id": "11636.1864",
        "lang": "nb",
        "refcode": "UID 387.3"
      },
      {
        "para_id": "11922.1886",
        "lang": "nb",
        "refcode": "UD 387.3"
      },
      {
        "para_id": "11961.2352",
        "lang": "pl",
        "refcode": "PM 337.3"
      },
      {
        "para_id": "1951.2328",
        "lang": "pt",
        "refcode": "MJ 453.3"
      },
      {
        "para_id": "2692.2381",
        "lang": "ro",
        "refcode": "SCT 453.3"
      },
      {
        "para_id": "1830.2293",
        "lang": "ru",
        "refcode": "ВМ 453.3"
      },
      {
        "para_id": "12372.1824",
        "lang": "sr",
        "refcode": "ПMX 318.3"
      },
      {
        "para_id": "14046.2380",
        "lang": "uk",
        "refcode": "ВМ 342.3"
      }
    ]
  }
]