[
  {
    "para_id": "76.382",
    "id_prev": "76.381",
    "id_next": "76.383",
    "refcode_1": "MYP",
    "refcode_2": "83",
    "refcode_3": "",
    "refcode_4": "56",
    "refcode_short": "MYP 83",
    "refcode_long": "Messages to Young People, p. 83 (Ellen Gould White)",
    "element_type": "h4",
    "element_subtype": "",
    "content": "Self-examination",
    "puborder": 257,
    "translations": [
      {
        "para_id": "12373.411",
        "lang": "ar",
        "refcode": "SM 82"
      },
      {
        "para_id": "11640.329",
        "lang": "da",
        "refcode": "BTU 42"
      },
      {
        "para_id": "839.348",
        "lang": "de",
        "refcode": "RJ 51"
      },
      {
        "para_id": "1769.359",
        "lang": "es",
        "refcode": "MJ 58"
      },
      {
        "para_id": "205.399",
        "lang": "fr",
        "refcode": "MJ 81"
      },
      {
        "para_id": "11891.1762",
        "lang": "hu",
        "refcode": "ÜI 45"
      },
      {
        "para_id": "893.377",
        "lang": "it",
        "refcode": "MG 56"
      },
      {
        "para_id": "12355.375",
        "lang": "ms",
        "refcode": "AOM 81"
      },
      {
        "para_id": "11922.299",
        "lang": "nb",
        "refcode": "UD 71.3"
      },
      {
        "para_id": "11636.1976",
        "lang": "nb",
        "refcode": "UID 71"
      },
      {
        "para_id": "11961.385",
        "lang": "pl",
        "refcode": "PM 63"
      },
      {
        "para_id": "1951.425",
        "lang": "pt",
        "refcode": "MJ 83"
      },
      {
        "para_id": "2692.384",
        "lang": "ro",
        "refcode": "SCT 83"
      },
      {
        "para_id": "1830.384",
        "lang": "ru",
        "refcode": "ВМ 83"
      },
      {
        "para_id": "14046.530",
        "lang": "uk",
        "refcode": "ВМ 57"
      }
    ]
  },
  {
    "para_id": "76.383",
    "id_prev": "76.382",
    "id_next": "76.386",
    "refcode_1": "MYP",
    "refcode_2": "83",
    "refcode_3": "3",
    "refcode_4": "",
    "refcode_short": "MYP 83.3",
    "refcode_long": "Messages to Young People, p. 83.3 (Ellen Gould White)",
    "element_type": "p",
    "element_subtype": "standard-indented",
    "content": "There is a necessity for close self-examination, and to closely investigate in the light of God&apos;s Word, Am I sound, or am I rotten, at heart? Am I renewed in Christ, or am I still carnal at heart, <span class=\"page-break\" data-page=\"84\"></span> with an outside, new dress put on? Rein yourself up to the tribunal of God, and see as in the light of God if there is any secret sin, any iniquity, any idol you have not sacrificed. Pray, yes, pray as you have never prayed before, that you may not be deluded by Satan&apos;s devices; that you may not be given up to a heedless, careless, and vain spirit, and attend religious duties to quiet your own conscience....",
    "puborder": 258,
    "translations": [
      {
        "para_id": "12373.412",
        "lang": "ar",
        "refcode": "SM 82.3"
      },
      {
        "para_id": "13806.251",
        "lang": "bg",
        "refcode": "BKM 32.2"
      },
      {
        "para_id": "12408.254",
        "lang": "bs",
        "refcode": "PM 44.3"
      },
      {
        "para_id": "11640.330",
        "lang": "da",
        "refcode": "BTU 42.1"
      },
      {
        "para_id": "839.349",
        "lang": "de",
        "refcode": "RJ 51.2"
      },
      {
        "para_id": "1769.360",
        "lang": "es",
        "refcode": "MJ 58.3"
      },
      {
        "para_id": "205.400",
        "lang": "fr",
        "refcode": "MJ 81.3"
      },
      {
        "para_id": "11681.268",
        "lang": "hr",
        "refcode": "PMK 51.3"
      },
      {
        "para_id": "11891.246",
        "lang": "hu",
        "refcode": "ÜI 45.5"
      },
      {
        "para_id": "893.378",
        "lang": "it",
        "refcode": "MG 56.1"
      },
      {
        "para_id": "12355.376",
        "lang": "ms",
        "refcode": "AOM 81.3"
      },
      {
        "para_id": "11636.280",
        "lang": "nb",
        "refcode": "UID 71.3"
      },
      {
        "para_id": "11922.299",
        "lang": "nb",
        "refcode": "UD 71.3"
      },
      {
        "para_id": "11961.386",
        "lang": "pl",
        "refcode": "PM 63.3"
      },
      {
        "para_id": "1951.426",
        "lang": "pt",
        "refcode": "MJ 83.3"
      },
      {
        "para_id": "2692.385",
        "lang": "ro",
        "refcode": "SCT 83.3"
      },
      {
        "para_id": "1830.385",
        "lang": "ru",
        "refcode": "ВМ 83.3"
      },
      {
        "para_id": "12372.269",
        "lang": "sr",
        "refcode": "ПMX 51.3"
      },
      {
        "para_id": "14046.531",
        "lang": "uk",
        "refcode": "ВМ 57.3"
      }
    ]
  },
  {
    "para_id": "76.386",
    "id_prev": "76.383",
    "id_next": "76.387",
    "refcode_1": "MYP",
    "refcode_2": "84",
    "refcode_3": "1",
    "refcode_4": "",
    "refcode_short": "MYP 84.1",
    "refcode_long": "Messages to Young People, p. 84.1 (Ellen Gould White)",
    "element_type": "p",
    "element_subtype": "standard-indented",
    "content": "One of the sins that constitute one of the signs of the last days, is that professed Christians are lovers of pleasure more than lovers of God. Deal truly with your own souls. Search carefully. How few, after a faithful examination, can look up to Heaven and say, &ldquo;I am not one of those thus described. I am not a lover of pleasure more than a lover of God.&rdquo; How few can say, &ldquo;I am dead to the world; the life I now live is by faith of the Son of God. My life is hid with Christ in God, and when He who is my life shall appear, then shall I also appear with Him in glory.&rdquo;",
    "puborder": 259,
    "translations": [
      {
        "para_id": "12373.415",
        "lang": "ar",
        "refcode": "SM 83.1"
      },
      {
        "para_id": "13806.252",
        "lang": "bg",
        "refcode": "BKM 32.3"
      },
      {
        "para_id": "12408.256",
        "lang": "bs",
        "refcode": "PM 45.1"
      },
      {
        "para_id": "11640.331",
        "lang": "da",
        "refcode": "BTU 42.2"
      },
      {
        "para_id": "839.350",
        "lang": "de",
        "refcode": "RJ 51.3"
      },
      {
        "para_id": "1769.361",
        "lang": "es",
        "refcode": "MJ 58.4"
      },
      {
        "para_id": "205.403",
        "lang": "fr",
        "refcode": "MJ 82.1"
      },
      {
        "para_id": "11681.271",
        "lang": "hr",
        "refcode": "PMK 52.1"
      },
      {
        "para_id": "11891.248",
        "lang": "hu",
        "refcode": "ÜI 46.1"
      },
      {
        "para_id": "893.379",
        "lang": "it",
        "refcode": "MG 56.2"
      },
      {
        "para_id": "12355.379",
        "lang": "ms",
        "refcode": "AOM 82.1"
      },
      {
        "para_id": "11636.283",
        "lang": "nb",
        "refcode": "UID 72.1"
      },
      {
        "para_id": "11922.302",
        "lang": "nb",
        "refcode": "UD 72.1"
      },
      {
        "para_id": "11961.387",
        "lang": "pl",
        "refcode": "PM 63.4"
      },
      {
        "para_id": "1951.429",
        "lang": "pt",
        "refcode": "MJ 84.1"
      },
      {
        "para_id": "2692.388",
        "lang": "ro",
        "refcode": "SCT 84.1"
      },
      {
        "para_id": "1830.388",
        "lang": "ru",
        "refcode": "ВМ 84.1"
      },
      {
        "para_id": "12372.272",
        "lang": "sr",
        "refcode": "ПMX 52.1"
      },
      {
        "para_id": "14046.534",
        "lang": "uk",
        "refcode": "ВМ 58.1"
      }
    ]
  },
  {
    "para_id": "76.387",
    "id_prev": "76.386",
    "id_next": "76.389",
    "refcode_1": "MYP",
    "refcode_2": "84",
    "refcode_3": "2",
    "refcode_4": "",
    "refcode_short": "MYP 84.2",
    "refcode_long": "Messages to Young People, p. 84.2 (Ellen Gould White)",
    "element_type": "p",
    "element_subtype": "standard-indented",
    "content": "The love and grace of God! Oh precious grace! more valuable than fine gold. It elevates and ennobles the spirit beyond all other principles. It sets the heart and affections upon Heaven. While those around us may be engaged in worldly vanity, pleasure-seeking, and folly, the conversation is in heaven, whence we look for the Saviour; the soul is reaching out after God for pardon and peace, for righteousness and true holiness. Converse with God and contemplation of things above transform the soul into the likeness of Christ.&mdash;<span class=\"egwlink egwlink_book\" title=\"RH 5-11-1886\" data-link=\"821.7282\">The Review and Herald, May 11, 1886</span>.",
    "puborder": 260,
    "translations": [
      {
        "para_id": "12373.416",
        "lang": "ar",
        "refcode": "SM 83.2"
      },
      {
        "para_id": "13806.253",
        "lang": "bg",
        "refcode": "BKM 32.4"
      },
      {
        "para_id": "12408.257",
        "lang": "bs",
        "refcode": "PM 45.2"
      },
      {
        "para_id": "11640.332",
        "lang": "da",
        "refcode": "BTU 42.3"
      },
      {
        "para_id": "839.351",
        "lang": "de",
        "refcode": "RJ 51.4"
      },
      {
        "para_id": "1769.364",
        "lang": "es",
        "refcode": "MJ 59.1"
      },
      {
        "para_id": "205.404",
        "lang": "fr",
        "refcode": "MJ 82.2"
      },
      {
        "para_id": "11681.272",
        "lang": "hr",
        "refcode": "PMK 52.2"
      },
      {
        "para_id": "11891.249",
        "lang": "hu",
        "refcode": "ÜI 46.2"
      },
      {
        "para_id": "893.380",
        "lang": "it",
        "refcode": "MG 56.3"
      },
      {
        "para_id": "12355.380",
        "lang": "ms",
        "refcode": "AOM 82.2"
      },
      {
        "para_id": "11636.284",
        "lang": "nb",
        "refcode": "UID 72.2"
      },
      {
        "para_id": "11922.303",
        "lang": "nb",
        "refcode": "UD 72.2"
      },
      {
        "para_id": "11961.390",
        "lang": "pl",
        "refcode": "PM 64.1"
      },
      {
        "para_id": "1951.430",
        "lang": "pt",
        "refcode": "MJ 84.2"
      },
      {
        "para_id": "2692.389",
        "lang": "ro",
        "refcode": "SCT 84.2"
      },
      {
        "para_id": "1830.389",
        "lang": "ru",
        "refcode": "ВМ 84.2"
      },
      {
        "para_id": "12372.273",
        "lang": "sr",
        "refcode": "ПMX 52.2"
      },
      {
        "para_id": "14046.535",
        "lang": "uk",
        "refcode": "ВМ 58.2"
      }
    ]
  }
]