[
  {
    "para_id": "430.370",
    "id_prev": "430.369",
    "id_next": "430.371",
    "refcode_1": "1NL",
    "refcode_2": "45",
    "refcode_3": "",
    "refcode_4": "58",
    "refcode_short": "1NL 45",
    "refcode_long": "Notebook Leaflets from the Elmshaven Library, vol. 1, p. 45 (Ellen Gould White)",
    "element_type": "h4",
    "element_subtype": "",
    "content": "Christ Judged by His Followers",
    "puborder": 338,
    "translations": []
  },
  {
    "para_id": "430.371",
    "id_prev": "430.370",
    "id_next": "430.374",
    "refcode_1": "1NL",
    "refcode_2": "45",
    "refcode_3": "8",
    "refcode_4": "",
    "refcode_short": "1NL 45.8",
    "refcode_long": "Notebook Leaflets from the Elmshaven Library, vol. 1, p. 45.8 (Ellen Gould White)",
    "element_type": "p",
    "element_subtype": "standard-indented",
    "content": "From these words we see how much is dependent on the character of all those who claim to believe the gospel of Jesus Christ. By the lives of Christ&apos;s followers the world will judge the Saviour. If anyone, in word or deed, departs from the living principles of the truth, he dishonors his Saviour and puts Christ to open shame. Let every soul believe in Christ, and receive the power that Christ has promised, that he <span class=\"page-break\" data-page=\"46\"></span> may be a child of God, holding the truth conscientiously, its principles interwoven with his words, his spirit, and all his works. Thus Christians may become a refining, purifying influence, working against false religion and infidelity. Their presence brings with it the grand influence of heavenly principles, making them, through Christ, an honor to the gospel. They increase in power to communicate the sanctifying grace of heaven, gaining continually in influence through their increasing reverence for the truth. Their hearts are filled with the peace of Christ.",
    "puborder": 339,
    "translations": []
  },
  {
    "para_id": "430.374",
    "id_prev": "430.371",
    "id_next": "430.375",
    "refcode_1": "1NL",
    "refcode_2": "46",
    "refcode_3": "1",
    "refcode_4": "",
    "refcode_short": "1NL 46.1",
    "refcode_long": "Notebook Leaflets from the Elmshaven Library, vol. 1, p. 46.1 (Ellen Gould White)",
    "element_type": "p",
    "element_subtype": "standard-indented",
    "content": "A true Christian feels daily that his lifework should be to represent the untiring earnestness that was shown in the life of Christ. Every soul should feel under sacred obligation to represent Christ to the world. All are to remember that they are in the presence of Christ, and in no case are they to utter a word that will grieve the Holy Spirit. They must show to the world that they are sons of God, that because they have chosen and believed on Christ, He has given them power to become the sons of God. In every business deal, in every act, they must honor Him who has given them this power.",
    "puborder": 340,
    "translations": []
  },
  {
    "para_id": "430.375",
    "id_prev": "430.374",
    "id_next": "430.376",
    "refcode_1": "1NL",
    "refcode_2": "46",
    "refcode_3": "2",
    "refcode_4": "",
    "refcode_short": "1NL 46.2",
    "refcode_long": "Notebook Leaflets from the Elmshaven Library, vol. 1, p. 46.2 (Ellen Gould White)",
    "element_type": "p",
    "element_subtype": "standard-indented",
    "content": "I am instructed to present these principles, the message to which I have listened in the night season. I am to present the underlying principles of the Christian warfare. All who truly love the Lord Jesus will accept His yoke and learn of Him. &ldquo;Learn of Me,&rdquo; said the holy, sanctified Teacher, &ldquo;for I am meek and lowly in heart: and ye shall find rest unto your souls.&rdquo;",
    "puborder": 341,
    "translations": []
  },
  {
    "para_id": "430.376",
    "id_prev": "430.375",
    "id_next": "430.1472",
    "refcode_1": "1NL",
    "refcode_2": "46",
    "refcode_3": "3",
    "refcode_4": "",
    "refcode_short": "1NL 46.3",
    "refcode_long": "Notebook Leaflets from the Elmshaven Library, vol. 1, p. 46.3 (Ellen Gould White)",
    "element_type": "p",
    "element_subtype": "standard-indented",
    "content": "The Christian life is a warfare, not against believing brethren, but against the seducing spirit of the enemy, against the subtle, deceiving influence of the serpent, which creeps into our thoughts and minds. &ldquo;Resist the devil, and he will flee from you.&rdquo; Make no provision for the flesh, to deceive, to falsify, to work just as Satan worked in Eden. He is watching his chance to develop if he can only have an opportunity. Give him no foothold. There is something we are charged to do: &ldquo;Resist the devil,&rdquo; and the promise is, &ldquo;he will flee from you.&rdquo; Why? Because the angel of God lifts up for you a standard against the enemy, and he flees.&mdash;<span class=\"egwlink egwlink_book\" title=\"Lt 327, 1905\" data-link=\"14070.9651001\">Letter 327, 1905</span>.",
    "puborder": 342,
    "translations": []
  },
  {
    "para_id": "430.1472",
    "id_prev": "430.376",
    "id_next": "430.377",
    "refcode_1": "1NL",
    "refcode_2": "46",
    "refcode_3": "",
    "refcode_4": "",
    "refcode_short": "",
    "refcode_long": "",
    "element_type": "p",
    "element_subtype": "thoughtbreak",
    "content": "*****",
    "puborder": 343,
    "translations": []
  }
]