[
  {
    "para_id": "1237.43",
    "id_prev": "1237.42",
    "id_next": "1237.44",
    "refcode_1": "SSP",
    "refcode_2": "9",
    "refcode_3": "",
    "refcode_4": "",
    "refcode_short": "SSP 9",
    "refcode_long": "The Story of the Seer of Patmos, p. 9 (Stephen Nelson Haskell)",
    "element_type": "h3",
    "element_subtype": "",
    "content": "A WORD TO THE READER",
    "puborder": 28,
    "translations": []
  },
  {
    "para_id": "1237.44",
    "id_prev": "1237.43",
    "id_next": "1237.45",
    "refcode_1": "SSP",
    "refcode_2": "9",
    "refcode_3": "4",
    "refcode_4": "",
    "refcode_short": "SSP 9.4",
    "refcode_long": "The Story of the Seer of Patmos, p. 9.4 (Stephen Nelson Haskell)",
    "element_type": "p",
    "element_subtype": "standard-indented",
    "content": "The history of this world is fast closing. Events are taking place, in the physical, political, and spiritual world, which show that we are living in a crisis such as has never been since the creation of this world. The voice of innocent blood crieth from the ground. The nations are angry. Not one nation, but all the nations of earth, look forward with fearful apprehensions to what is coming.",
    "puborder": 29,
    "translations": []
  },
  {
    "para_id": "1237.45",
    "id_prev": "1237.44",
    "id_next": "1237.46",
    "refcode_1": "SSP",
    "refcode_2": "9",
    "refcode_3": "5",
    "refcode_4": "",
    "refcode_short": "SSP 9.5",
    "refcode_long": "The Story of the Seer of Patmos, p. 9.5 (Stephen Nelson Haskell)",
    "element_type": "p",
    "element_subtype": "standard-indented",
    "content": "The prophet, in view of this time, exclaims, &ldquo;Watchman, what of the night? Watchman, what of the night?&rdquo; The watchman said, &ldquo;The morning cometh and also the night,&rdquo;-the glorious morn of salvation that will bring deliverance to the people of God, and the night of eternal death to those who reject the repeated warnings given in the Word of God. Through John on the Isle of Patmos, the Lord lifts the veil, and lets us see the history of the church in its relation to the world. Seven times the prophet exhorts all who have an ear, to hear what the Spirit saith unto the churches.",
    "puborder": 30,
    "translations": []
  },
  {
    "para_id": "1237.46",
    "id_prev": "1237.45",
    "id_next": "1237.47",
    "refcode_1": "SSP",
    "refcode_2": "9",
    "refcode_3": "6",
    "refcode_4": "",
    "refcode_short": "SSP 9.6",
    "refcode_long": "The Story of the Seer of Patmos, p. 9.6 (Stephen Nelson Haskell)",
    "element_type": "p",
    "element_subtype": "standard-indented",
    "content": "We invite all to a careful perusal of the contents of this book, with the prayer that God will impress minds by His Holy Spirit. It is not the design of the writer of the &ldquo;Story of the Seer of Patmos&rdquo; to arouse discussion and awaken controversy upon theoretical points, but to tell the truth as it is in Jesus Christ.",
    "puborder": 31,
    "translations": []
  },
  {
    "para_id": "1237.47",
    "id_prev": "1237.46",
    "id_next": "1237.48",
    "refcode_1": "SSP",
    "refcode_2": "9",
    "refcode_3": "7",
    "refcode_4": "",
    "refcode_short": "SSP 9.7",
    "refcode_long": "The Story of the Seer of Patmos, p. 9.7 (Stephen Nelson Haskell)",
    "element_type": "p",
    "element_subtype": "standard-indented",
    "content": "The book is written in a narrative style, and the symbols are explained by the marginal references, so that the reader will readily find a mine of rich treasure in the book. The entire book of Revelation is printed in italics on the margin of the pages, together with several thousand other scriptures which throw light on the subject.",
    "puborder": 32,
    "translations": []
  },
  {
    "para_id": "1237.48",
    "id_prev": "1237.47",
    "id_next": "1237.49",
    "refcode_1": "SSP",
    "refcode_2": "9",
    "refcode_3": "8",
    "refcode_4": "",
    "refcode_short": "SSP 9.8",
    "refcode_long": "The Story of the Seer of Patmos, p. 9.8 (Stephen Nelson Haskell)",
    "element_type": "p",
    "element_subtype": "standard-indented",
    "content": "We earnestly pray that God&rsquo;s blessing may rest upon the readers, and that the book may help many to become better acquainted with the Book of all books, the Word of the living God.",
    "puborder": 33,
    "translations": []
  },
  {
    "para_id": "1237.49",
    "id_prev": "1237.48",
    "id_next": "1237.52",
    "refcode_1": "SSP",
    "refcode_2": "9",
    "refcode_3": "",
    "refcode_4": "",
    "refcode_short": "",
    "refcode_long": "",
    "element_type": "p",
    "element_subtype": "standard-noindent",
    "content": "Yours in the blessed hope,\n<br />s. n. h.",
    "puborder": 34,
    "translations": []
  }
]