[
  {
    "para_id": "1237.2363",
    "id_prev": "1237.2362",
    "id_next": "1237.2364",
    "refcode_1": "SSP",
    "refcode_2": "422",
    "refcode_3": "",
    "refcode_4": "",
    "refcode_short": "SSP 422",
    "refcode_long": "The Story of the Seer of Patmos, p. 422 (Stephen Nelson Haskell)",
    "element_type": "h4",
    "element_subtype": "",
    "content": "James",
    "puborder": 1601,
    "translations": []
  },
  {
    "para_id": "1237.2364",
    "id_prev": "1237.2363",
    "id_next": "1237.2365",
    "refcode_1": "SSP",
    "refcode_2": "422",
    "refcode_3": "",
    "refcode_4": "",
    "refcode_short": "SSP 422",
    "refcode_long": "The Story of the Seer of Patmos, p. 422 (Stephen Nelson Haskell)",
    "element_type": "table",
    "element_subtype": "table1",
    "content": "\n<tr><td>1:3</td><td align=\"right\">20</td></tr>\n<tr><td>1:12</td><td align=\"right\">46, 96</td></tr>\n<tr><td>1:17</td><td align=\"right\">274</td></tr>\n<tr><td>2:12</td><td align=\"right\">37, 193, 220</td></tr>\n<tr><td>2:14-26</td><td align=\"right\">49, 64</td></tr>\n<tr><td>4:4</td><td align=\"right\">56, 62, 292</td></tr>\n<tr><td>4:11</td><td align=\"right\">147</td></tr>\n<tr><td>4:12</td><td align=\"right\">99, 114</td></tr>\n<tr><td>5:1-3</td><td align=\"right\">240</td></tr>\n<tr><td>5:1-5</td><td align=\"right\">184</td></tr>\n<tr><td>5:4</td><td align=\"right\">240</td></tr>\n<tr><td>5:5, 6</td><td align=\"right\">240</td></tr>\n<tr><td>5:10</td><td align=\"right\">18</td></tr>\n<tr><td>5:17</td><td align=\"right\">11, 64, 198</td></tr>\n<tr><td>5:17, 18</td><td align=\"right\">147</td></tr>\n",
    "puborder": 1602,
    "translations": []
  }
]