[
  {
    "para_id": "1237.2351",
    "id_prev": "1237.2350",
    "id_next": "1237.2352",
    "refcode_1": "SSP",
    "refcode_2": "421",
    "refcode_3": "",
    "refcode_4": "",
    "refcode_short": "SSP 421",
    "refcode_long": "The Story of the Seer of Patmos, p. 421 (Stephen Nelson Haskell)",
    "element_type": "h4",
    "element_subtype": "",
    "content": "I Timothy",
    "puborder": 1590,
    "translations": []
  },
  {
    "para_id": "1237.2352",
    "id_prev": "1237.2351",
    "id_next": "1237.2354",
    "refcode_1": "SSP",
    "refcode_2": "421",
    "refcode_3": "",
    "refcode_4": "",
    "refcode_short": "SSP 421",
    "refcode_long": "The Story of the Seer of Patmos, p. 421 (Stephen Nelson Haskell)",
    "element_type": "table",
    "element_subtype": "table1",
    "content": "\n<tr><td>1:1-7</td><td align=\"right\">40</td></tr>\n<tr><td>1:2</td><td align=\"right\">32</td></tr>\n<tr><td>1:20</td><td align=\"right\">43</td></tr>\n<tr><td>2:4</td><td align=\"right\">280</td></tr>\n<tr><td>2:5</td><td align=\"right\">28, 109, 262</td></tr>\n<tr><td>2:9, 10</td><td align=\"right\">249</td></tr>\n<tr><td>2:14</td><td align=\"right\">105</td></tr>\n<tr><td>3:16</td><td align=\"right\">16, 29, 98</td></tr>\n",
    "puborder": 1591,
    "translations": []
  },
  {
    "para_id": "1237.2354",
    "id_prev": "1237.2352",
    "id_next": "1237.2355",
    "refcode_1": "SSP",
    "refcode_2": "422",
    "refcode_3": "",
    "refcode_4": "",
    "refcode_short": "SSP 422",
    "refcode_long": "The Story of the Seer of Patmos, p. 422 (Stephen Nelson Haskell)",
    "element_type": "table",
    "element_subtype": "table1",
    "content": "\n<tr><td>4:1</td><td align=\"right\">309</td></tr>\n<tr><td>4:1-3</td><td align=\"right\">160</td></tr>\n<tr><td>4:12</td><td align=\"right\">367</td></tr>\n<tr><td>4:15</td><td align=\"right\">249</td></tr>\n<tr><td>6:3-5</td><td align=\"right\">200</td></tr>\n<tr><td>6:8-11</td><td align=\"right\">49</td></tr>\n<tr><td>6:10</td><td align=\"right\">58, 168</td></tr>\n<tr><td>6:20, 21</td><td align=\"right\">40, 200</td></tr>\n",
    "puborder": 1592,
    "translations": []
  }
]