[
  {
    "para_id": "102.1040",
    "id_prev": "102.1038",
    "id_next": "102.2706",
    "refcode_1": "SD",
    "refcode_2": "154",
    "refcode_3": "",
    "refcode_4": "148",
    "refcode_short": "SD 154",
    "refcode_long": "Sons and Daughters of God, p. 154 (Ellen Gould White)",
    "element_type": "h3",
    "element_subtype": "",
    "content": "We Are to Be Perfect as Christ Is Perfect, May 27",
    "puborder": 1035,
    "translations": [
      {
        "para_id": "1705.917",
        "lang": "es",
        "refcode": "HHD 156"
      },
      {
        "para_id": "1732.1063",
        "lang": "pt",
        "refcode": "FFD 154"
      },
      {
        "para_id": "12066.1023",
        "lang": "ru",
        "refcode": "СДБ 154"
      },
      {
        "para_id": "12179.1045",
        "lang": "sr",
        "refcode": "SKB 152"
      }
    ]
  },
  {
    "para_id": "102.2706",
    "id_prev": "102.1040",
    "id_next": "102.1041",
    "refcode_1": "SD",
    "refcode_2": "154",
    "refcode_3": "",
    "refcode_4": "",
    "refcode_short": "",
    "refcode_long": "",
    "element_type": "p",
    "element_subtype": "center",
    "content": "We Strive for Perfection",
    "puborder": 1036,
    "translations": []
  },
  {
    "para_id": "102.1041",
    "id_prev": "102.2706",
    "id_next": "102.1042",
    "refcode_1": "SD",
    "refcode_2": "154",
    "refcode_3": "1",
    "refcode_4": "",
    "refcode_short": "SD 154.1",
    "refcode_long": "Sons and Daughters of God, p. 154.1 (Ellen Gould White)",
    "element_type": "p",
    "element_subtype": "devotionaltext",
    "content": "And being made perfect, he became the author of eternal salvation unto all them that obey him. <span class=\"egwlink egwlink_bible\" title=\"Hebrews 5:9\" data-link=\"1965.61277\">Hebrews 5:9</span>.",
    "puborder": 1037,
    "translations": [
      {
        "para_id": "1705.918",
        "lang": "es",
        "refcode": "HHD 156.1"
      },
      {
        "para_id": "1732.1064",
        "lang": "pt",
        "refcode": "FFD 154.1"
      },
      {
        "para_id": "12066.1024",
        "lang": "ru",
        "refcode": "СДБ 154.1"
      },
      {
        "para_id": "12179.1046",
        "lang": "sr",
        "refcode": "SKB 152.1"
      }
    ]
  },
  {
    "para_id": "102.1042",
    "id_prev": "102.1041",
    "id_next": "102.1043",
    "refcode_1": "SD",
    "refcode_2": "154",
    "refcode_3": "2",
    "refcode_4": "",
    "refcode_short": "SD 154.2",
    "refcode_long": "Sons and Daughters of God, p. 154.2 (Ellen Gould White)",
    "element_type": "p",
    "element_subtype": "standard-indented",
    "content": "Our Saviour took up the true relationship of a human being as the Son of God. We are sons and daughters of God. In order to know how to behave ourselves circumspectly, we must follow where Christ leads the way. For thirty years He lived the life of a perfect man, meeting the highest standard of perfection.<sup class=\"bookendnote\"><a class=\"bookendnote\">76<span class=\"bookendnote\"><span class=\"egwlink egwlink_book\" title=\"Lt 69, 1897\" data-link=\"14062.5107001\">Letter 69, 1897</span>.</span></a></sup>",
    "puborder": 1038,
    "translations": [
      {
        "para_id": "1705.919",
        "lang": "es",
        "refcode": "HHD 156.2"
      },
      {
        "para_id": "1732.1065",
        "lang": "pt",
        "refcode": "FFD 154.2"
      },
      {
        "para_id": "12066.1025",
        "lang": "ru",
        "refcode": "СДБ 154.2"
      },
      {
        "para_id": "12179.1047",
        "lang": "sr",
        "refcode": "SKB 152.2"
      }
    ]
  },
  {
    "para_id": "102.1043",
    "id_prev": "102.1042",
    "id_next": "102.1044",
    "refcode_1": "SD",
    "refcode_2": "154",
    "refcode_3": "3",
    "refcode_4": "",
    "refcode_short": "SD 154.3",
    "refcode_long": "Sons and Daughters of God, p. 154.3 (Ellen Gould White)",
    "element_type": "p",
    "element_subtype": "standard-indented",
    "content": "Our work is to strive to attain in our sphere of action the perfection that Christ in His life on the earth attained in every phase of character.<sup class=\"bookendnote\"><a class=\"bookendnote\">77<span class=\"bookendnote\"><span class=\"egwlink egwlink_book\" title=\"MM 253.1\" data-link=\"75.1917\">Medical Ministry, 253</span></span></a></sup>",
    "puborder": 1039,
    "translations": [
      {
        "para_id": "1705.920",
        "lang": "es",
        "refcode": "HHD 156.3"
      },
      {
        "para_id": "1732.1066",
        "lang": "pt",
        "refcode": "FFD 154.3"
      },
      {
        "para_id": "12066.1026",
        "lang": "ru",
        "refcode": "СДБ 154.3"
      },
      {
        "para_id": "12179.1048",
        "lang": "sr",
        "refcode": "SKB 152.3"
      }
    ]
  },
  {
    "para_id": "102.1044",
    "id_prev": "102.1043",
    "id_next": "102.1045",
    "refcode_1": "SD",
    "refcode_2": "154",
    "refcode_3": "4",
    "refcode_4": "",
    "refcode_short": "SD 154.4",
    "refcode_long": "Sons and Daughters of God, p. 154.4 (Ellen Gould White)",
    "element_type": "p",
    "element_subtype": "standard-indented",
    "content": "To go forward without stumbling, we must have the assurance that a hand all-powerful will hold us up, and an infinite pity be exercised toward us if we fall. God alone can at all times hear our cry for help.",
    "puborder": 1040,
    "translations": [
      {
        "para_id": "1705.921",
        "lang": "es",
        "refcode": "HHD 156.4"
      },
      {
        "para_id": "1732.1067",
        "lang": "pt",
        "refcode": "FFD 154.4"
      },
      {
        "para_id": "12066.1027",
        "lang": "ru",
        "refcode": "СДБ 154.4"
      },
      {
        "para_id": "12179.1049",
        "lang": "sr",
        "refcode": "SKB 152.4"
      }
    ]
  },
  {
    "para_id": "102.1045",
    "id_prev": "102.1044",
    "id_next": "102.1046",
    "refcode_1": "SD",
    "refcode_2": "154",
    "refcode_3": "5",
    "refcode_4": "",
    "refcode_short": "SD 154.5",
    "refcode_long": "Sons and Daughters of God, p. 154.5 (Ellen Gould White)",
    "element_type": "p",
    "element_subtype": "standard-indented",
    "content": "It is a solemn thought that the removal of one safeguard from the conscience, the failure to fulfill one good resolution, the formation of one wrong habit, may result not only in our own ruin, but in the ruin of those who have put confidence in us. Our only safety is to follow where the steps of the Master lead the way, to trust for protection implicitly to Him who says, &ldquo;Follow me.&rdquo; Our constant prayer should be, &ldquo;Hold up my goings in thy path, O Lord, that my footsteps slip not.&rdquo; <sup class=\"bookendnote\"><a class=\"bookendnote\">78<span class=\"bookendnote\"><span class=\"egwlink egwlink_book\" title=\"ST 7-28-1881\" data-link=\"820.3614\">The Signs of the Times, July 28, 1881</span>.</span></a></sup>",
    "puborder": 1041,
    "translations": [
      {
        "para_id": "1705.922",
        "lang": "es",
        "refcode": "HHD 156.5"
      },
      {
        "para_id": "1732.1068",
        "lang": "pt",
        "refcode": "FFD 154.5"
      },
      {
        "para_id": "12066.1028",
        "lang": "ru",
        "refcode": "СДБ 154.5"
      },
      {
        "para_id": "12179.1050",
        "lang": "sr",
        "refcode": "SKB 152.5"
      }
    ]
  },
  {
    "para_id": "102.1046",
    "id_prev": "102.1045",
    "id_next": "102.1047",
    "refcode_1": "SD",
    "refcode_2": "154",
    "refcode_3": "6",
    "refcode_4": "",
    "refcode_short": "SD 154.6",
    "refcode_long": "Sons and Daughters of God, p. 154.6 (Ellen Gould White)",
    "element_type": "p",
    "element_subtype": "standard-indented",
    "content": "Every faculty with which the Creator has endowed us should be cultivated to the highest degree of perfection, that we may be able to do the greatest amount of good of which we are capable. In order to purify and refine our characters, we need the grace given us of Christ, that will enable us to see and correct our deficiencies, and improve that which is excellent in our characters.<sup class=\"bookendnote\"><a class=\"bookendnote\">79<span class=\"bookendnote\"><span class=\"nol-ink\" title=\"PHJ 4-1-1890\">The Pacific Health Journal, April, 1890</span> (<span class=\"egwlink egwlink_book\" title=\"HR 4-1-1877\" data-link=\"504.1106\">The Health Reformer, April, 1877</span>).</span></a></sup>",
    "puborder": 1042,
    "translations": [
      {
        "para_id": "1732.1069",
        "lang": "pt",
        "refcode": "FFD 154.6"
      },
      {
        "para_id": "12066.1029",
        "lang": "ru",
        "refcode": "СДБ 154.6"
      },
      {
        "para_id": "12179.1051",
        "lang": "sr",
        "refcode": "SKB 152.6"
      }
    ]
  },
  {
    "para_id": "102.1047",
    "id_prev": "102.1046",
    "id_next": "102.1049",
    "refcode_1": "SD",
    "refcode_2": "154",
    "refcode_3": "7",
    "refcode_4": "",
    "refcode_short": "SD 154.7",
    "refcode_long": "Sons and Daughters of God, p. 154.7 (Ellen Gould White)",
    "element_type": "p",
    "element_subtype": "standard-indented",
    "content": "The Son of God was faultless. We must aim at this perfection, and overcome as He overcame, if we would have a seat at His right hand.<sup class=\"bookendnote\"><a class=\"bookendnote\">80<span class=\"bookendnote\"><span class=\"egwlink egwlink_book\" title=\"3T 336.1\" data-link=\"119.1551\">Testimonies for the Church 3:336</span>.</span></a></sup>",
    "puborder": 1043,
    "translations": [
      {
        "para_id": "1705.923",
        "lang": "es",
        "refcode": "HHD 156.6"
      },
      {
        "para_id": "1732.1070",
        "lang": "pt",
        "refcode": "FFD 154.7"
      },
      {
        "para_id": "12066.1030",
        "lang": "ru",
        "refcode": "СДБ 154.7"
      },
      {
        "para_id": "12179.1052",
        "lang": "sr",
        "refcode": "SKB 152.7"
      }
    ]
  }
]