[
  {
    "para_id": "102.423",
    "id_prev": "102.421",
    "id_next": "102.2616",
    "refcode_1": "SD",
    "refcode_2": "64",
    "refcode_3": "",
    "refcode_4": "58",
    "refcode_short": "SD 64",
    "refcode_long": "Sons and Daughters of God, p. 64 (Ellen Gould White)",
    "element_type": "h3",
    "element_subtype": "",
    "content": "We Shall Not Lie, or Bear False Witness, February 27",
    "puborder": 418,
    "translations": [
      {
        "para_id": "1705.376",
        "lang": "es",
        "refcode": "HHD 66"
      },
      {
        "para_id": "1732.439",
        "lang": "pt",
        "refcode": "FFD 64"
      },
      {
        "para_id": "12066.412",
        "lang": "ru",
        "refcode": "СДБ 64"
      },
      {
        "para_id": "12179.426",
        "lang": "sr",
        "refcode": "SKB 62"
      }
    ]
  },
  {
    "para_id": "102.2616",
    "id_prev": "102.423",
    "id_next": "102.424",
    "refcode_1": "SD",
    "refcode_2": "64",
    "refcode_3": "",
    "refcode_4": "",
    "refcode_short": "",
    "refcode_long": "",
    "element_type": "p",
    "element_subtype": "center",
    "content": "Promises to All Who Keep God&apos;s Law of Love",
    "puborder": 419,
    "translations": []
  },
  {
    "para_id": "102.424",
    "id_prev": "102.2616",
    "id_next": "102.425",
    "refcode_1": "SD",
    "refcode_2": "64",
    "refcode_3": "1",
    "refcode_4": "",
    "refcode_short": "SD 64.1",
    "refcode_long": "Sons and Daughters of God, p. 64.1 (Ellen Gould White)",
    "element_type": "p",
    "element_subtype": "devotionaltext",
    "content": "Thou shalt not bear false witness against thy neighbour. <span class=\"egwlink egwlink_bible\" title=\"Exodus 20:16\" data-link=\"1965.4209\">Exodus 20:16</span>.",
    "puborder": 420,
    "translations": [
      {
        "para_id": "1705.377",
        "lang": "es",
        "refcode": "HHD 66.1"
      },
      {
        "para_id": "1732.440",
        "lang": "pt",
        "refcode": "FFD 64.1"
      },
      {
        "para_id": "12066.413",
        "lang": "ru",
        "refcode": "СДБ 64.1"
      },
      {
        "para_id": "12179.427",
        "lang": "sr",
        "refcode": "SKB 62.1"
      }
    ]
  },
  {
    "para_id": "102.425",
    "id_prev": "102.424",
    "id_next": "102.426",
    "refcode_1": "SD",
    "refcode_2": "64",
    "refcode_3": "2",
    "refcode_4": "",
    "refcode_short": "SD 64.2",
    "refcode_long": "Sons and Daughters of God, p. 64.2 (Ellen Gould White)",
    "element_type": "p",
    "element_subtype": "standard-indented",
    "content": "The ninth commandment requires of us an inviolable regard for exact truth in every declaration by which the character of our fellow men may be affected. The tongue, which is kept so little under the control of the human agent, is to be bridled by strong conscientious principles, by the law of love toward God and man.<sup class=\"bookendnote\"><a class=\"bookendnote\">81<span class=\"bookendnote\"><span class=\"egwlink egwlink_book\" title=\"Lt 15, 1895\" data-link=\"14060.6009001\">Letter 15, 1895</span>.</span></a></sup>",
    "puborder": 421,
    "translations": [
      {
        "para_id": "1705.378",
        "lang": "es",
        "refcode": "HHD 66.2"
      },
      {
        "para_id": "1732.441",
        "lang": "pt",
        "refcode": "FFD 64.2"
      },
      {
        "para_id": "12066.414",
        "lang": "ru",
        "refcode": "СДБ 64.2"
      },
      {
        "para_id": "12179.428",
        "lang": "sr",
        "refcode": "SKB 62.2"
      }
    ]
  },
  {
    "para_id": "102.426",
    "id_prev": "102.425",
    "id_next": "102.427",
    "refcode_1": "SD",
    "refcode_2": "64",
    "refcode_3": "3",
    "refcode_4": "",
    "refcode_short": "SD 64.3",
    "refcode_long": "Sons and Daughters of God, p. 64.3 (Ellen Gould White)",
    "element_type": "p",
    "element_subtype": "standard-indented",
    "content": "False-speaking in any matter, every attempt or purpose to deceive our neighbor, is here included. An intention to deceive is what constitutes falsehood. By a glance of the eye, a motion of the hand, an expression of the countenance, a falsehood may be told as effectually as by words. All intentional overstatement, every hint or insinuation calculated to convey an erroneous or exaggerated impression, even the statement of facts in such a manner as to mislead, is falsehood. This precept forbids every effort to injure our neighbor&apos;s reputation by misrepresentation or evil surmising, by slander or tale-bearing. Even the intentional suppression of truth, by which injury may result to others, is a violation of the ninth commandment.<sup class=\"bookendnote\"><a class=\"bookendnote\">82<span class=\"bookendnote\"><span class=\"egwlink egwlink_book\" title=\"PP 309.1\" data-link=\"84.1369\">Patriarchs and Prophets, 309</span>.</span></a></sup>",
    "puborder": 422,
    "translations": [
      {
        "para_id": "1705.379",
        "lang": "es",
        "refcode": "HHD 66.3"
      },
      {
        "para_id": "1732.442",
        "lang": "pt",
        "refcode": "FFD 64.3"
      },
      {
        "para_id": "12066.415",
        "lang": "ru",
        "refcode": "СДБ 64.3"
      },
      {
        "para_id": "12179.429",
        "lang": "sr",
        "refcode": "SKB 62.3"
      }
    ]
  },
  {
    "para_id": "102.427",
    "id_prev": "102.426",
    "id_next": "102.428",
    "refcode_1": "SD",
    "refcode_2": "64",
    "refcode_3": "4",
    "refcode_4": "",
    "refcode_short": "SD 64.4",
    "refcode_long": "Sons and Daughters of God, p. 64.4 (Ellen Gould White)",
    "element_type": "p",
    "element_subtype": "standard-indented",
    "content": "He [Jesus] teaches that the exact truth should be the law of speech. &ldquo;Let your speech be, Yea, yea; Nay, nay.&rdquo; ... These words condemn all those meaningless phrases and expletives that border on profanity. They condemn the deceptive compliments, the evasion of truth, the flattering phrases, the exaggerations, the misrepresentations in trade, that are current in society and in the business world. They teach that no one who tries to appear what he is not, or whose words do not convey the real sentiment of his heart, can be called truthful....",
    "puborder": 423,
    "translations": [
      {
        "para_id": "1705.380",
        "lang": "es",
        "refcode": "HHD 66.4"
      },
      {
        "para_id": "1705.381",
        "lang": "es",
        "refcode": "HHD 66.5"
      },
      {
        "para_id": "1732.443",
        "lang": "pt",
        "refcode": "FFD 64.4"
      },
      {
        "para_id": "12066.416",
        "lang": "ru",
        "refcode": "СДБ 64.4"
      },
      {
        "para_id": "12179.430",
        "lang": "sr",
        "refcode": "SKB 62.4"
      }
    ]
  },
  {
    "para_id": "102.428",
    "id_prev": "102.427",
    "id_next": "102.430",
    "refcode_1": "SD",
    "refcode_2": "64",
    "refcode_3": "5",
    "refcode_4": "",
    "refcode_short": "SD 64.5",
    "refcode_long": "Sons and Daughters of God, p. 64.5 (Ellen Gould White)",
    "element_type": "p",
    "element_subtype": "standard-indented",
    "content": "Everything that Christians do should be as transparent as the sunlight. Truth is of God; deception, in every one of its myriad forms, is of Satan.... We can not speak the truth unless our minds are continually guided by Him who is truth.<sup class=\"bookendnote\"><a class=\"bookendnote\">83<span class=\"bookendnote\"><span class=\"egwlink egwlink_book\" title=\"MB 105.1\" data-link=\"150.546\">Thoughts From the Mount of Blessing, 105, 106</span>.</span></a></sup>",
    "puborder": 424,
    "translations": [
      {
        "para_id": "1732.444",
        "lang": "pt",
        "refcode": "FFD 64.5"
      },
      {
        "para_id": "12066.417",
        "lang": "ru",
        "refcode": "СДБ 64.5"
      },
      {
        "para_id": "12179.431",
        "lang": "sr",
        "refcode": "SKB 62.5"
      }
    ]
  }
]