[
  {
    "para_id": "102.1803",
    "id_prev": "102.1801",
    "id_next": "102.2815",
    "refcode_1": "SD",
    "refcode_2": "263",
    "refcode_3": "",
    "refcode_4": "257",
    "refcode_short": "SD 263",
    "refcode_long": "Sons and Daughters of God, p. 263 (Ellen Gould White)",
    "element_type": "h3",
    "element_subtype": "",
    "content": "We Are to Be Zealous in Our Labors, September 13",
    "puborder": 1798,
    "translations": [
      {
        "para_id": "1705.1546",
        "lang": "es",
        "refcode": "HHD 265"
      },
      {
        "para_id": "1732.1827",
        "lang": "pt",
        "refcode": "FFD 263"
      },
      {
        "para_id": "12066.1785",
        "lang": "ru",
        "refcode": "СДБ 263"
      },
      {
        "para_id": "12179.1808",
        "lang": "sr",
        "refcode": "SKB 261"
      }
    ]
  },
  {
    "para_id": "102.2815",
    "id_prev": "102.1803",
    "id_next": "102.1804",
    "refcode_1": "SD",
    "refcode_2": "263",
    "refcode_3": "",
    "refcode_4": "",
    "refcode_short": "",
    "refcode_long": "",
    "element_type": "p",
    "element_subtype": "center",
    "content": "Laborers Together With God in the Church",
    "puborder": 1799,
    "translations": []
  },
  {
    "para_id": "102.1804",
    "id_prev": "102.2815",
    "id_next": "102.1805",
    "refcode_1": "SD",
    "refcode_2": "263",
    "refcode_3": "1",
    "refcode_4": "",
    "refcode_short": "SD 263.1",
    "refcode_long": "Sons and Daughters of God, p. 263.1 (Ellen Gould White)",
    "element_type": "p",
    "element_subtype": "devotionaltext",
    "content": "I am verily a man which ... was zealous toward God, as ye all are this day. <span class=\"egwlink egwlink_bible\" title=\"Acts 22:3\" data-link=\"1965.56501\">Acts 22:3</span>.",
    "puborder": 1800,
    "translations": [
      {
        "para_id": "1705.1547",
        "lang": "es",
        "refcode": "HHD 265.1"
      },
      {
        "para_id": "1732.1828",
        "lang": "pt",
        "refcode": "FFD 263.1"
      },
      {
        "para_id": "12066.1786",
        "lang": "ru",
        "refcode": "СДБ 263.1"
      },
      {
        "para_id": "12179.1809",
        "lang": "sr",
        "refcode": "SKB 261.1"
      }
    ]
  },
  {
    "para_id": "102.1805",
    "id_prev": "102.1804",
    "id_next": "102.1806",
    "refcode_1": "SD",
    "refcode_2": "263",
    "refcode_3": "2",
    "refcode_4": "",
    "refcode_short": "SD 263.2",
    "refcode_long": "Sons and Daughters of God, p. 263.2 (Ellen Gould White)",
    "element_type": "p",
    "element_subtype": "standard-indented",
    "content": "As a people, we are not deficient in talent. There are men and women among us whose labors God would accept if they would offer them to Him, but there are so very few who have the spirit of sacrifice. Some will hand out readily of their means, and feel that when they have done this, there is no more required of them. They make no special sacrifice in thus doing. Money is good as far as it goes, but, unless accompanied by personal effort, will go but a little way toward converting souls to the truth. Not only does God call for your money, ... but He calls for you. While you have given of your means, you have selfishly withheld yourselves. One earnest worker in the vineyard is worth more than a million of money without men to do the work. This giving of yourselves will be a sacrifice if you have a correct estimate of the work, and realize its claims....",
    "puborder": 1801,
    "translations": [
      {
        "para_id": "1705.1548",
        "lang": "es",
        "refcode": "HHD 265.2"
      },
      {
        "para_id": "1732.1829",
        "lang": "pt",
        "refcode": "FFD 263.2"
      },
      {
        "para_id": "12066.1787",
        "lang": "ru",
        "refcode": "СДБ 263.2"
      },
      {
        "para_id": "12179.1810",
        "lang": "sr",
        "refcode": "SKB 261.2"
      }
    ]
  },
  {
    "para_id": "102.1806",
    "id_prev": "102.1805",
    "id_next": "102.1807",
    "refcode_1": "SD",
    "refcode_2": "263",
    "refcode_3": "3",
    "refcode_4": "",
    "refcode_short": "SD 263.3",
    "refcode_long": "Sons and Daughters of God, p. 263.3 (Ellen Gould White)",
    "element_type": "p",
    "element_subtype": "standard-indented",
    "content": "Many are not sufficiently aroused to their duty to do the work they might do if they would, and that they do not do because they have not the spirit of sacrifice. God will hold such accountable for the souls of their fellow-men. They might have done a good work in union with Christ, and they will be called to render an account for the good to souls they could have done and did not....",
    "puborder": 1802,
    "translations": [
      {
        "para_id": "1705.1549",
        "lang": "es",
        "refcode": "HHD 265.3"
      },
      {
        "para_id": "1732.1830",
        "lang": "pt",
        "refcode": "FFD 263.3"
      },
      {
        "para_id": "12066.1788",
        "lang": "ru",
        "refcode": "СДБ 263.3"
      },
      {
        "para_id": "12179.1811",
        "lang": "sr",
        "refcode": "SKB 261.3"
      }
    ]
  },
  {
    "para_id": "102.1807",
    "id_prev": "102.1806",
    "id_next": "102.1809",
    "refcode_1": "SD",
    "refcode_2": "263",
    "refcode_3": "4",
    "refcode_4": "",
    "refcode_short": "SD 263.4",
    "refcode_long": "Sons and Daughters of God, p. 263.4 (Ellen Gould White)",
    "element_type": "p",
    "element_subtype": "standard-indented",
    "content": "The night soon cometh, in which no man can work. Satan is earnest, zealous, and persevering in his work. If he fails to accomplish his purpose the first time, he tries again. He will try other plans, and work with great perseverance to bring in various temptations to ensnare souls. He never becomes so discouraged as to let souls entirely alone. If the zeal and perseverance of Christ&apos;s followers in their efforts to save souls were equal to Satan&apos;s efforts to deceive them to their eternal loss, we should see hundreds embracing the truth where we now see one.<sup class=\"bookendnote\"><a class=\"bookendnote\">32<span class=\"bookendnote\"><span class=\"egwlink egwlink_book\" title=\"GCB 10-1-1899\" data-link=\"1672.108\">The General Conference Bulletin, October 1, 1899</span>.</span></a></sup>",
    "puborder": 1803,
    "translations": [
      {
        "para_id": "1732.1831",
        "lang": "pt",
        "refcode": "FFD 263.4"
      },
      {
        "para_id": "12066.1789",
        "lang": "ru",
        "refcode": "СДБ 263.4"
      },
      {
        "para_id": "12179.1812",
        "lang": "sr",
        "refcode": "SKB 261.4"
      }
    ]
  }
]