[
  {
    "para_id": "102.2372",
    "id_prev": "102.2370",
    "id_next": "102.2898",
    "refcode_1": "SD",
    "refcode_2": "346",
    "refcode_3": "",
    "refcode_4": "340",
    "refcode_short": "SD 346",
    "refcode_long": "Sons and Daughters of God, p. 346 (Ellen Gould White)",
    "element_type": "h3",
    "element_subtype": "",
    "content": "Be Sober and Watch Unto Prayer, December 5",
    "puborder": 2367,
    "translations": [
      {
        "para_id": "1705.2057",
        "lang": "es",
        "refcode": "HHD 348"
      },
      {
        "para_id": "1732.2407",
        "lang": "pt",
        "refcode": "FFD 346"
      },
      {
        "para_id": "12066.2353",
        "lang": "ru",
        "refcode": "СДБ 346"
      },
      {
        "para_id": "12179.2376",
        "lang": "sr",
        "refcode": "SKB 344"
      }
    ]
  },
  {
    "para_id": "102.2898",
    "id_prev": "102.2372",
    "id_next": "102.2373",
    "refcode_1": "SD",
    "refcode_2": "346",
    "refcode_3": "",
    "refcode_4": "",
    "refcode_short": "",
    "refcode_long": "",
    "element_type": "p",
    "element_subtype": "center",
    "content": "What We Must Do to Be Ready When Christ Returns",
    "puborder": 2368,
    "translations": []
  },
  {
    "para_id": "102.2373",
    "id_prev": "102.2898",
    "id_next": "102.2374",
    "refcode_1": "SD",
    "refcode_2": "346",
    "refcode_3": "1",
    "refcode_4": "",
    "refcode_short": "SD 346.1",
    "refcode_long": "Sons and Daughters of God, p. 346.1 (Ellen Gould White)",
    "element_type": "p",
    "element_subtype": "devotionaltext",
    "content": "The end of all things is at hand: be ye therefore sober, and watch unto prayer. <span class=\"egwlink egwlink_bible\" title=\"1 Peter 4:7\" data-link=\"1965.62124\">1 Peter 4:7</span>.",
    "puborder": 2369,
    "translations": [
      {
        "para_id": "1705.2058",
        "lang": "es",
        "refcode": "HHD 348.1"
      },
      {
        "para_id": "1732.2408",
        "lang": "pt",
        "refcode": "FFD 346.1"
      },
      {
        "para_id": "12066.2354",
        "lang": "ru",
        "refcode": "СДБ 346.1"
      },
      {
        "para_id": "12179.2377",
        "lang": "sr",
        "refcode": "SKB 344.1"
      }
    ]
  },
  {
    "para_id": "102.2374",
    "id_prev": "102.2373",
    "id_next": "102.2375",
    "refcode_1": "SD",
    "refcode_2": "346",
    "refcode_3": "2",
    "refcode_4": "",
    "refcode_short": "SD 346.2",
    "refcode_long": "Sons and Daughters of God, p. 346.2 (Ellen Gould White)",
    "element_type": "p",
    "element_subtype": "standard-indented",
    "content": "The admonition to the Israel of today is, &ldquo;The end of all things is at hand: be ye therefore sober, and watch unto prayer.&rdquo; &ldquo;Young men likewise exhort to be sober minded. In all things shewing thyself a pattern of good works: in doctrine shewing uncorruptness, gravity, sincerity, sound speech, that cannot be condemned; that he that is of the contrary part may be ashamed, having no evil thing to say of you. Exhort servants to be obedient unto their own masters, and to please them well in all things; not answering again; not purloining, but shewing all good fidelity; that they may adorn the doctrine of God our Saviour in all things.&rdquo; Resist the enemy; do not be seduced by his flattering inducements and presentations. It is the work of the human agent to be strong, not in his own finite strength, but in the strength of the Lord, in the power of His might....",
    "puborder": 2370,
    "translations": [
      {
        "para_id": "1705.2059",
        "lang": "es",
        "refcode": "HHD 348.2"
      },
      {
        "para_id": "1732.2409",
        "lang": "pt",
        "refcode": "FFD 346.2"
      },
      {
        "para_id": "12066.2355",
        "lang": "ru",
        "refcode": "СДБ 346.2"
      },
      {
        "para_id": "12179.2378",
        "lang": "sr",
        "refcode": "SKB 344.2"
      }
    ]
  },
  {
    "para_id": "102.2375",
    "id_prev": "102.2374",
    "id_next": "102.2377",
    "refcode_1": "SD",
    "refcode_2": "346",
    "refcode_3": "3",
    "refcode_4": "",
    "refcode_short": "SD 346.3",
    "refcode_long": "Sons and Daughters of God, p. 346.3 (Ellen Gould White)",
    "element_type": "p",
    "element_subtype": "standard-indented",
    "content": "Christ has said, &ldquo;Without me ye can do nothing.&rdquo; The resolutions you may make in your own finite strength, will be only as ropes of sand; but if you pray in sincerity, surrendering yourself, soul, body, and spirit, unto God, you put on the whole armor of God, and open the soul to the righteousness of Christ; and this alone,&mdash;Christ&apos;s imputed righteousness,&mdash;makes you able to stand against the wiles of the devil. The work of every soul is to resist the enemy in the power and might of the Lord Jesus Christ, and the promise is that the devil shall flee from us. But let all realize that they are in peril, and there is no assurance of safety except as they comply with the conditions of the text. The Lord says, &ldquo;Draw nigh to God.&rdquo; How?&mdash;By secret, earnest examination of your own heart; by childlike, heart-felt, humble dependence upon God, making known your weakness to Jesus; and by confessing your sins. Thus you may draw nigh to God, and He will draw nigh to you.<sup class=\"bookendnote\"><a class=\"bookendnote\">7<span class=\"bookendnote\"><span class=\"egwlink egwlink_book\" title=\"YI 2-8-1894\" data-link=\"469.1372\">The Youth&apos;s Instructor, February 8, 1894</span>.</span></a></sup>",
    "puborder": 2371,
    "translations": [
      {
        "para_id": "1705.2060",
        "lang": "es",
        "refcode": "HHD 348.3"
      },
      {
        "para_id": "1732.2410",
        "lang": "pt",
        "refcode": "FFD 346.3"
      },
      {
        "para_id": "12066.2356",
        "lang": "ru",
        "refcode": "СДБ 346.3"
      },
      {
        "para_id": "12179.2379",
        "lang": "sr",
        "refcode": "SKB 344.3"
      }
    ]
  }
]