[
  {
    "para_id": "683.68",
    "id_prev": "683.67",
    "id_next": "683.69",
    "refcode_1": "CSPLUC",
    "refcode_2": "10",
    "refcode_3": "",
    "refcode_4": "",
    "refcode_short": "CSPLUC 10",
    "refcode_long": "Counsels from the Spirit of Prophecy on Labor Unions and Confederacies, p. 10 (General Conference of SDA - Public Affairs & Religious Liberty Department)",
    "element_type": "h3",
    "element_subtype": "",
    "content": "The Cause Of The Most Terrible Violence Ever Seen",
    "puborder": 55,
    "translations": []
  },
  {
    "para_id": "683.69",
    "id_prev": "683.68",
    "id_next": "683.70",
    "refcode_1": "CSPLUC",
    "refcode_2": "10",
    "refcode_3": "7",
    "refcode_4": "",
    "refcode_short": "CSPLUC 10.7",
    "refcode_long": "Counsels from the Spirit of Prophecy on Labor Unions and Confederacies, p. 10.7 (General Conference of SDA - Public Affairs & Religious Liberty Department)",
    "element_type": "p",
    "element_subtype": "standard-indented",
    "content": "Satanic agencies are becoming more determined in their rebellion against God. The trades unions will be the cause of the most terrible violence that has ever been seen among human beings.",
    "puborder": 56,
    "translations": []
  },
  {
    "para_id": "683.70",
    "id_prev": "683.69",
    "id_next": "683.71",
    "refcode_1": "CSPLUC",
    "refcode_2": "10",
    "refcode_3": "8",
    "refcode_4": "",
    "refcode_short": "CSPLUC 10.8",
    "refcode_long": "Counsels from the Spirit of Prophecy on Labor Unions and Confederacies, p. 10.8 (General Conference of SDA - Public Affairs & Religious Liberty Department)",
    "element_type": "p",
    "element_subtype": "standard-indented",
    "content": "The Spirit of God is being withdrawn from the earth, and unrepentant sinners are being left to the control of the enemy, to the destiny that they themselves have chosen. Those who persist in violating the holy Sabbath of the Lord, set apart by Him as a day of rest, will soon see that God will punish the transgressors of His law. Men are to reap as they have sown.",
    "puborder": 57,
    "translations": []
  },
  {
    "para_id": "683.71",
    "id_prev": "683.70",
    "id_next": "683.72",
    "refcode_1": "CSPLUC",
    "refcode_2": "10",
    "refcode_3": "9",
    "refcode_4": "",
    "refcode_short": "CSPLUC 10.9",
    "refcode_long": "Counsels from the Spirit of Prophecy on Labor Unions and Confederacies, p. 10.9 (General Conference of SDA - Public Affairs & Religious Liberty Department)",
    "element_type": "p",
    "element_subtype": "standard-indented",
    "content": "God stands at the helm. He is calling upon His people to come into harmony, to remain no longer in strife and disunion.&mdash;<em>E. G.</em> White <span class=\"egwlink egwlink_book\" title=\"Lt 99, 1904\" data-link=\"14069.8376001\">Letter 99, 1904</span>.",
    "puborder": 58,
    "translations": []
  }
]