[
  {
    "para_id": "38.953",
    "id_prev": "38.951",
    "id_next": "38.954",
    "refcode_1": "HP",
    "refcode_2": "131",
    "refcode_3": "",
    "refcode_4": "125",
    "refcode_short": "HP 131",
    "refcode_long": "In Heavenly Places, p. 131 (Ellen Gould White)",
    "element_type": "h3",
    "element_subtype": "",
    "content": "Obedience the Test of True Religion, May 4",
    "puborder": 836,
    "translations": [
      {
        "para_id": "1751.892",
        "lang": "es",
        "refcode": "ELC 133"
      },
      {
        "para_id": "12430.969",
        "lang": "pl",
        "refcode": "AN 131"
      },
      {
        "para_id": "1925.1434",
        "lang": "pt",
        "refcode": "NLC 132"
      },
      {
        "para_id": "11983.942",
        "lang": "ru",
        "refcode": "ВНО 131"
      },
      {
        "para_id": "12158.967",
        "lang": "uk",
        "refcode": "ВНО 131"
      }
    ]
  },
  {
    "para_id": "38.954",
    "id_prev": "38.953",
    "id_next": "38.955",
    "refcode_1": "HP",
    "refcode_2": "131",
    "refcode_3": "1",
    "refcode_4": "",
    "refcode_short": "HP 131.1",
    "refcode_long": "In Heavenly Places, p. 131.1 (Ellen Gould White)",
    "element_type": "p",
    "element_subtype": "devotionaltext",
    "content": "Every tree is known by his own fruit. For of thorns men do not gather figs, nor of a bramble bush gather they grapes. <span class=\"egwlink egwlink_bible\" title=\"Luke 6:44\" data-link=\"1965.51404\">Luke 6:44</span>.",
    "puborder": 837,
    "translations": [
      {
        "para_id": "1751.893",
        "lang": "es",
        "refcode": "ELC 133.1"
      },
      {
        "para_id": "12430.970",
        "lang": "pl",
        "refcode": "AN 131.1"
      },
      {
        "para_id": "1925.1435",
        "lang": "pt",
        "refcode": "NLC 132.1"
      },
      {
        "para_id": "11983.943",
        "lang": "ru",
        "refcode": "ВНО 131.1"
      },
      {
        "para_id": "12158.968",
        "lang": "uk",
        "refcode": "ВНО 131.1"
      }
    ]
  },
  {
    "para_id": "38.955",
    "id_prev": "38.954",
    "id_next": "38.956",
    "refcode_1": "HP",
    "refcode_2": "131",
    "refcode_3": "2",
    "refcode_4": "",
    "refcode_short": "HP 131.2",
    "refcode_long": "In Heavenly Places, p. 131.2 (Ellen Gould White)",
    "element_type": "p",
    "element_subtype": "standard-indented",
    "content": "&ldquo;Examine yourselves, whether ye be in the faith&rdquo; (<span class=\"egwlink egwlink_bible\" title=\"2 Corinthians 13:5\" data-link=\"1965.59237\">2 Corinthians 13:5</span>). Some conscientious souls, on reading this, immediately begin to criticize their every feeling and emotion. But this is not correct self-examination. It is not the petty feelings and emotions that are to be examined. The life, the character, is to be measured by the only standard of character, God&apos;s holy law. The fruit testifies to the character of the tree. Our works, not our feelings, bear witness of us.",
    "puborder": 838,
    "translations": [
      {
        "para_id": "1751.894",
        "lang": "es",
        "refcode": "ELC 133.2"
      },
      {
        "para_id": "12430.971",
        "lang": "pl",
        "refcode": "AN 131.2"
      },
      {
        "para_id": "1925.1436",
        "lang": "pt",
        "refcode": "NLC 132.2"
      },
      {
        "para_id": "11983.944",
        "lang": "ru",
        "refcode": "ВНО 131.2"
      },
      {
        "para_id": "12158.969",
        "lang": "uk",
        "refcode": "ВНО 131.2"
      }
    ]
  },
  {
    "para_id": "38.956",
    "id_prev": "38.955",
    "id_next": "38.957",
    "refcode_1": "HP",
    "refcode_2": "131",
    "refcode_3": "3",
    "refcode_4": "",
    "refcode_short": "HP 131.3",
    "refcode_long": "In Heavenly Places, p. 131.3 (Ellen Gould White)",
    "element_type": "p",
    "element_subtype": "standard-indented",
    "content": "The feelings, whether encouraging or discouraging, should not be made the test of the spiritual condition. By God&apos;s Word we are to determine our true standing before Him. Many are bewildered on this point. When they are happy and joyous, they think that they are accepted of God. When a change comes, and they feel depressed, they think that God has forsaken them.... God does not desire us to go through life with a distrust of Him.... While we were yet sinners, God gave His Son to die for us. Can we doubt His goodness? ...",
    "puborder": 839,
    "translations": [
      {
        "para_id": "1751.895",
        "lang": "es",
        "refcode": "ELC 133.3"
      },
      {
        "para_id": "12430.972",
        "lang": "pl",
        "refcode": "AN 131.3"
      },
      {
        "para_id": "1925.1437",
        "lang": "pt",
        "refcode": "NLC 132.3"
      },
      {
        "para_id": "11983.945",
        "lang": "ru",
        "refcode": "ВНО 131.3"
      },
      {
        "para_id": "12158.970",
        "lang": "uk",
        "refcode": "ВНО 131.3"
      }
    ]
  },
  {
    "para_id": "38.957",
    "id_prev": "38.956",
    "id_next": "38.958",
    "refcode_1": "HP",
    "refcode_2": "131",
    "refcode_3": "4",
    "refcode_4": "",
    "refcode_short": "HP 131.4",
    "refcode_long": "In Heavenly Places, p. 131.4 (Ellen Gould White)",
    "element_type": "p",
    "element_subtype": "standard-indented",
    "content": "But a faithful performance of duty goes hand in hand with a right estimate of the character of God. There is earnest work to do for the Master. Christ came to preach the gospel to the poor, and He sent His disciples forth to do the same work He came to do. So He sends forth His workers today. Sheaves are to be gathered for Him from the highways and hedges.",
    "puborder": 840,
    "translations": [
      {
        "para_id": "1751.896",
        "lang": "es",
        "refcode": "ELC 133.4"
      },
      {
        "para_id": "12430.973",
        "lang": "pl",
        "refcode": "AN 131.4"
      },
      {
        "para_id": "1925.1438",
        "lang": "pt",
        "refcode": "NLC 132.4"
      },
      {
        "para_id": "11983.946",
        "lang": "ru",
        "refcode": "ВНО 131.4"
      },
      {
        "para_id": "12158.971",
        "lang": "uk",
        "refcode": "ВНО 131.4"
      }
    ]
  },
  {
    "para_id": "38.958",
    "id_prev": "38.957",
    "id_next": "38.960",
    "refcode_1": "HP",
    "refcode_2": "131",
    "refcode_3": "5",
    "refcode_4": "",
    "refcode_short": "HP 131.5",
    "refcode_long": "In Heavenly Places, p. 131.5 (Ellen Gould White)",
    "element_type": "p",
    "element_subtype": "standard-indented",
    "content": "The tremendous issues of eternity demand of us something besides an imaginary religion, a religion of words and forms, where the truth is kept in the outer court, to be admired as we admire a beautiful flower; they demand something more than a religion of feeling, which distrusts God when trials and difficulties come. Holiness does not consist in profession, but in lifting the cross, doing the will of God.... &ldquo;He that saith, I know him, and keepeth not his commandments, is a liar, and the truth is not in him. But whoso keepeth his word, in him verily is the love of God perfected&rdquo; (<span class=\"egwlink egwlink_bible\" title=\"1 John 2:4\" data-link=\"1965.62334\">1 John 2:4, 5</span>).<sup class=\"bookendnote\"><a class=\"bookendnote\">5<span class=\"bookendnote\"><span class=\"egwlink egwlink_book\" title=\"RH 2-28-1907\" data-link=\"821.27676\">The Review and Herald, February 28, 1907</span>.</span></a></sup>",
    "puborder": 841,
    "translations": [
      {
        "para_id": "1751.896",
        "lang": "es",
        "refcode": "ELC 133.4"
      },
      {
        "para_id": "12430.974",
        "lang": "pl",
        "refcode": "AN 131.5"
      },
      {
        "para_id": "1925.1439",
        "lang": "pt",
        "refcode": "NLC 132.5"
      },
      {
        "para_id": "11983.947",
        "lang": "ru",
        "refcode": "ВНО 131.5"
      },
      {
        "para_id": "12158.972",
        "lang": "uk",
        "refcode": "ВНО 131.5"
      }
    ]
  }
]