[
  {
    "para_id": "1673.4536",
    "id_prev": "1673.4534",
    "id_next": "1673.4537",
    "refcode_1": "GCB",
    "refcode_2": "309",
    "refcode_3": "",
    "refcode_4": "1895",
    "refcode_short": "GCB February 24,  1895, page 309",
    "refcode_long": "General Conference Bulletin, vol. 1 February 24,  1895, page 309",
    "element_type": "h4",
    "element_subtype": "",
    "content": "THIRD ANGEL&rsquo;S MESSAGE &mdash; NO. 16",
    "puborder": 4042,
    "translations": []
  },
  {
    "para_id": "1673.4537",
    "id_prev": "1673.4536",
    "id_next": "1673.4538",
    "refcode_1": "GCB",
    "refcode_2": "309",
    "refcode_3": "",
    "refcode_4": "1895",
    "refcode_short": "",
    "refcode_long": "",
    "element_type": "p",
    "element_subtype": "center",
    "content": "A. T. JONES",
    "puborder": 4043,
    "translations": []
  },
  {
    "para_id": "1673.4538",
    "id_prev": "1673.4537",
    "id_next": "1673.4539",
    "refcode_1": "GCB",
    "refcode_2": "309",
    "refcode_3": "1",
    "refcode_4": "1895",
    "refcode_short": "GCB February 24,  1895, page 309.1",
    "refcode_long": "General Conference Bulletin, vol. 1 February 24,  1895, page 309 paragraph 1",
    "element_type": "p",
    "element_subtype": "standard-indented",
    "content": "TURN to the fifty-eighth chapter of Isaiah. Let us read a portion of that chapter to begin with this evening, as connecting with the close of the lesson we had last night:&mdash;",
    "puborder": 4044,
    "translations": []
  },
  {
    "para_id": "1673.4539",
    "id_prev": "1673.4538",
    "id_next": "1673.4540",
    "refcode_1": "GCB",
    "refcode_2": "309",
    "refcode_3": "2",
    "refcode_4": "1895",
    "refcode_short": "GCB February 24,  1895, page 309.2",
    "refcode_long": "General Conference Bulletin, vol. 1 February 24,  1895, page 309 paragraph 2",
    "element_type": "p",
    "element_subtype": "standard-indented",
    "content": "Cry aloud, spare not, lift up thy voice like a trumpet, and show my people their transgression, and the house of Jacob their sins. Yet they seek me daily, and delight to know my ways, as a nation that did righteousness, and forsook not the ordinance of their God.",
    "puborder": 4045,
    "translations": []
  },
  {
    "para_id": "1673.4540",
    "id_prev": "1673.4539",
    "id_next": "1673.4541",
    "refcode_1": "GCB",
    "refcode_2": "309",
    "refcode_3": "3",
    "refcode_4": "1895",
    "refcode_short": "GCB February 24,  1895, page 309.3",
    "refcode_long": "General Conference Bulletin, vol. 1 February 24,  1895, page 309 paragraph 3",
    "element_type": "p",
    "element_subtype": "standard-indented",
    "content": "Just as though they were in harmony with all the ordinances of the Lord.",
    "puborder": 4046,
    "translations": []
  },
  {
    "para_id": "1673.4541",
    "id_prev": "1673.4540",
    "id_next": "1673.4542",
    "refcode_1": "GCB",
    "refcode_2": "309",
    "refcode_3": "4",
    "refcode_4": "1895",
    "refcode_short": "GCB February 24,  1895, page 309.4",
    "refcode_long": "General Conference Bulletin, vol. 1 February 24,  1895, page 309 paragraph 4",
    "element_type": "p",
    "element_subtype": "standard-indented",
    "content": "They ask of me the ordinances of justice; they take delight in approaching to God. Wherefore have we fasted, say they, and thou seest not? wherefore have we afflicted our soul, and thou takest no knowledge? [Here is the answer.] Behold, in the day of your fast ye find pleasure, and exact all your labors. Behold, ye fast for strife and debate, and to smite with the fist of wickedness: ye shall not fast as ye do this day, to make your voice to be heard on high. Is it such a fast that I have chosen?",
    "puborder": 4047,
    "translations": []
  },
  {
    "para_id": "1673.4542",
    "id_prev": "1673.4541",
    "id_next": "1673.4543",
    "refcode_1": "GCB",
    "refcode_2": "309",
    "refcode_3": "5",
    "refcode_4": "1895",
    "refcode_short": "GCB February 24,  1895, page 309.5",
    "refcode_long": "General Conference Bulletin, vol. 1 February 24,  1895, page 309 paragraph 5",
    "element_type": "p",
    "element_subtype": "standard-indented",
    "content": "The text asks, &ldquo;Is it...a day for a man to afflict his soul?&rdquo; The margin is the better reading: &ldquo;Is it...for a man to afflict his soul for a day?&rdquo; A man proposes to fast; he goes without victuals, perhaps from breakfast to supper, &mdash; and afflicts his soul by thus going hungry, and calls that a fast. He has afflicted his soul for a day.",
    "puborder": 4048,
    "translations": []
  },
  {
    "para_id": "1673.4543",
    "id_prev": "1673.4542",
    "id_next": "1673.4544",
    "refcode_1": "GCB",
    "refcode_2": "309",
    "refcode_3": "6",
    "refcode_4": "1895",
    "refcode_short": "GCB February 24,  1895, page 309.6",
    "refcode_long": "General Conference Bulletin, vol. 1 February 24,  1895, page 309 paragraph 6",
    "element_type": "p",
    "element_subtype": "standard-indented",
    "content": "Is it such a fast that I have chosen? for a man to afflict his soul for a day? is it to bow down his head as a bulrush, and to spread sackcloth and ashes under him? wilt thou call this a fast, and an acceptable day to the Lord?",
    "puborder": 4049,
    "translations": []
  },
  {
    "para_id": "1673.4544",
    "id_prev": "1673.4543",
    "id_next": "1673.4545",
    "refcode_1": "GCB",
    "refcode_2": "309",
    "refcode_3": "7",
    "refcode_4": "1895",
    "refcode_short": "GCB February 24,  1895, page 309.7",
    "refcode_long": "General Conference Bulletin, vol. 1 February 24,  1895, page 309 paragraph 7",
    "element_type": "p",
    "element_subtype": "standard-indented",
    "content": "Here is the fast that the Lord has appointed:&mdash;",
    "puborder": 4050,
    "translations": []
  },
  {
    "para_id": "1673.4545",
    "id_prev": "1673.4544",
    "id_next": "1673.4546",
    "refcode_1": "GCB",
    "refcode_2": "309",
    "refcode_3": "8",
    "refcode_4": "1895",
    "refcode_short": "GCB February 24,  1895, page 309.8",
    "refcode_long": "General Conference Bulletin, vol. 1 February 24,  1895, page 309 paragraph 8",
    "element_type": "p",
    "element_subtype": "standard-indented",
    "content": "Is not this the fast that I have chosen? to loose the bands of wickedness, to undo the heavy burdens, and to let the oppressed go free, and that ye break every yoke? Is it not to deal thy bread to the hungry, and that thou bring the poor that are cast out to thy house? when thou seest the naked, that thou cover him; and that thou hide not thyself from thine own flesh?",
    "puborder": 4051,
    "translations": []
  },
  {
    "para_id": "1673.4546",
    "id_prev": "1673.4545",
    "id_next": "1673.4547",
    "refcode_1": "GCB",
    "refcode_2": "309",
    "refcode_3": "9",
    "refcode_4": "1895",
    "refcode_short": "GCB February 24,  1895, page 309.9",
    "refcode_long": "General Conference Bulletin, vol. 1 February 24,  1895, page 309 paragraph 9",
    "element_type": "p",
    "element_subtype": "standard-indented",
    "content": "That is the point at which the lesson closed last night. That is the fast that God has chosen for his people; that is an acceptable fast unto the Lord. But that fast never can be observed until those who would observe it have come to the place where they shall see Jesus Christ allied, as he is, to every soul on this earth, and shall treat him according to the alliance that Christ has made with him. When we reach that place, &mdash; and we reach it in Jesus Christ, for it is there, &mdash; then that will be the fast that we will observe right along.",
    "puborder": 4052,
    "translations": []
  },
  {
    "para_id": "1673.4547",
    "id_prev": "1673.4546",
    "id_next": "1673.4548",
    "refcode_1": "GCB",
    "refcode_2": "309",
    "refcode_3": "10",
    "refcode_4": "1895",
    "refcode_short": "GCB February 24,  1895, page 309.10",
    "refcode_long": "General Conference Bulletin, vol. 1 February 24,  1895, page 309 paragraph 10",
    "element_type": "p",
    "element_subtype": "standard-indented",
    "content": "I have a sentence here that I will read. I found it in a &ldquo;Testimony&rdquo; the other day:&mdash;",
    "puborder": 4053,
    "translations": []
  },
  {
    "para_id": "1673.4548",
    "id_prev": "1673.4547",
    "id_next": "1673.4549",
    "refcode_1": "GCB",
    "refcode_2": "309",
    "refcode_3": "11",
    "refcode_4": "1895",
    "refcode_short": "GCB February 24,  1895, page 309.11",
    "refcode_long": "General Conference Bulletin, vol. 1 February 24,  1895, page 309 paragraph 11",
    "element_type": "p",
    "element_subtype": "standard-indented",
    "content": "Search heaven and earth, and there is no truth revealed more powerful than that which is manifested in mercy to the very ones who need your sympathy and aid in breaking the yoke, and setting free the oppressed. Here the truth is lived, the truth is obeyed, the truth is taught, as it is in Jesus.",
    "puborder": 4054,
    "translations": []
  },
  {
    "para_id": "1673.4549",
    "id_prev": "1673.4548",
    "id_next": "1673.4550",
    "refcode_1": "GCB",
    "refcode_2": "309",
    "refcode_3": "12",
    "refcode_4": "1895",
    "refcode_short": "GCB February 24,  1895, page 309.12",
    "refcode_long": "General Conference Bulletin, vol. 1 February 24,  1895, page 309 paragraph 12",
    "element_type": "p",
    "element_subtype": "standard-indented",
    "content": "So, then, in manifesting mercy to those who need sympathy, in manifesting aid in breaking the yoke, and setting free the oppressed, &mdash; <em>in that</em> the truth is lived, the truth is obeyed; in that the truth is taught, as it is in Jesus. Assuredly. Does not that bring us right where Jesus is? Is not that Jesus himself? The very thing that we are studying is that Christ has allied himself with every soul on the earth; he has linked himself with every human being, with every one in sinful flesh; and we are not to hide ourselves from him who is our flesh. And when we who profess the name of Christ shall respect him in every man with whom he has allied himself, there will be just one grand Christian Help Band wherever Seventh-day Adventists are found. Then Christian Help work will be going on everywhere, and all the time; for that is Christianity itself.",
    "puborder": 4055,
    "translations": []
  },
  {
    "para_id": "1673.4550",
    "id_prev": "1673.4549",
    "id_next": "1673.4553",
    "refcode_1": "GCB",
    "refcode_2": "309",
    "refcode_3": "13",
    "refcode_4": "1895",
    "refcode_short": "GCB February 24,  1895, page 309.13",
    "refcode_long": "General Conference Bulletin, vol. 1 February 24,  1895, page 309 paragraph 13",
    "element_type": "p",
    "element_subtype": "standard-indented",
    "content": "Now I have not a thing to say against the organization of Christian Help Bands that have been organized; but it is too bad that they had to be organized <span class=\"page-break\" data-page=\"310\"></span> out of so few Seventh-day Adventists. That is all the trouble. Why should it be that only a portion of the church should be ready to engage in Christian Help work, or compose a Christian Help Band? What is our profession in the world? We profess the name of Christ, which, in the nature of things, demands that we respect the investment that he has made in every human soul, and that we minister to all in need.",
    "puborder": 4056,
    "translations": []
  },
  {
    "para_id": "1673.4553",
    "id_prev": "1673.4550",
    "id_next": "1673.4554",
    "refcode_1": "GCB",
    "refcode_2": "310",
    "refcode_3": "1",
    "refcode_4": "1895",
    "refcode_short": "GCB February 24,  1895, page 310.1",
    "refcode_long": "General Conference Bulletin, vol. 1 February 24,  1895, page 310 paragraph 1",
    "element_type": "p",
    "element_subtype": "standard-indented",
    "content": "On the other hand, the organization of Christian Help Bands, or any other kind of bands, to do this thing from the side of mere duty, urging ourselves on to do it, and pledging ourselves to do it, without seeing Jesus Christ in it, and without this connection with Christ and this love for him that sees his interests in all human beings, and ministers to him as he is linked to all men, &mdash; that will miss it also. Other kinds of Christian work will go along with that, but this is the greatest. &ldquo;Search heaven and earth, and there is no truth revealed more powerful&rdquo; in Christian work, and in teaching the truth as it is in Jesus. In heaven and earth there is nothing like it.",
    "puborder": 4057,
    "translations": []
  },
  {
    "para_id": "1673.4554",
    "id_prev": "1673.4553",
    "id_next": "1673.4555",
    "refcode_1": "GCB",
    "refcode_2": "310",
    "refcode_3": "2",
    "refcode_4": "1895",
    "refcode_short": "GCB February 24,  1895, page 310.2",
    "refcode_long": "General Conference Bulletin, vol. 1 February 24,  1895, page 310 paragraph 2",
    "element_type": "p",
    "element_subtype": "standard-indented",
    "content": "Just in this time, when such a fast as that is needed everywhere, and among us especially, how blessed a thing it is that the Lord brings us right to that point, and reveals the whole subject to us, giving us the Spirit and the secret that will do the whole of it in Christ&rsquo;s name, for his sake, with his Spirit, and to every man, because every soul is the purchase of Christ. Wherever we meet a human being, Christ has allied himself with that man. Whoever he is, the Lord is interested in him; he has invested all that he has, in that man.",
    "puborder": 4058,
    "translations": []
  },
  {
    "para_id": "1673.4555",
    "id_prev": "1673.4554",
    "id_next": "1673.4556",
    "refcode_1": "GCB",
    "refcode_2": "310",
    "refcode_3": "3",
    "refcode_4": "1895",
    "refcode_short": "GCB February 24,  1895, page 310.3",
    "refcode_long": "General Conference Bulletin, vol. 1 February 24,  1895, page 310 paragraph 3",
    "element_type": "p",
    "element_subtype": "standard-indented",
    "content": "This truth draws us to the point where we shall always be doing everything possible to put forth the attractions of Christ, the graces of Christ, and the goodness of Christ, to men who know him not, but in whom he has invested all, so that they may be drawn to where they, too, will respect the goodness of Christ, and the wondrous investment that he has made in them.",
    "puborder": 4059,
    "translations": []
  },
  {
    "para_id": "1673.4556",
    "id_prev": "1673.4555",
    "id_next": "1673.4557",
    "refcode_1": "GCB",
    "refcode_2": "310",
    "refcode_3": "4",
    "refcode_4": "1895",
    "refcode_short": "GCB February 24,  1895, page 310.4",
    "refcode_long": "General Conference Bulletin, vol. 1 February 24,  1895, page 310 paragraph 4",
    "element_type": "p",
    "element_subtype": "standard-indented",
    "content": "If you are doing it for the man&rsquo;s sake, or for your own credit, you may be taken in, of course. But if you do it as unto Christ, and because of Christ&rsquo;s interest in the man, it is literally impossible for you ever to be &ldquo;taken in;&rdquo; for Christ ever liveth, and doth not forget. &ldquo;Give to him that asketh thee, and from him that would borrow of thee turn not thou away.&rdquo;",
    "puborder": 4060,
    "translations": []
  },
  {
    "para_id": "1673.4557",
    "id_prev": "1673.4556",
    "id_next": "1673.4558",
    "refcode_1": "GCB",
    "refcode_2": "310",
    "refcode_3": "5",
    "refcode_4": "1895",
    "refcode_short": "GCB February 24,  1895, page 310.5",
    "refcode_long": "General Conference Bulletin, vol. 1 February 24,  1895, page 310 paragraph 5",
    "element_type": "p",
    "element_subtype": "standard-indented",
    "content": "Here is the principle: It is to Christ that we are doing it. And as stated in the previous lesson, though the man may despise Christ, and never believe on him as long as the world lasts, and may sink into perdition at the last, Christ in that great day when I stand on his right hand yonder, will not have forgotten it. And in remembrance of it he will then say: &ldquo;Inasmuch as ye have done it unto one of the least of these may brethren, ye have done it unto me.&rdquo;",
    "puborder": 4061,
    "translations": []
  },
  {
    "para_id": "1673.4558",
    "id_prev": "1673.4557",
    "id_next": "1673.4559",
    "refcode_1": "GCB",
    "refcode_2": "310",
    "refcode_3": "6",
    "refcode_4": "1895",
    "refcode_short": "GCB February 24,  1895, page 310.6",
    "refcode_long": "General Conference Bulletin, vol. 1 February 24,  1895, page 310 paragraph 6",
    "element_type": "p",
    "element_subtype": "standard-indented",
    "content": "You remember the place where he says: &ldquo;Whosoever shall give to drink unto one of these little ones a cup of cold water only in the name of a disciple, verily I say unto you, he shall in no wise lose his reward.&rdquo; <span class=\"egwlink egwlink_bible\" title=\"Matthew 10:42\" data-link=\"1965.47900\">Matthew 10:42</span>. And this being so, when done only in the name of a disciple, how much more when it is done always in the name of the Lord himself! &ldquo;For God is not unrighteous to forget your work and labor of love, which ye have showed toward his name, in that ye have ministered to the saints, and do minister.&rdquo; <span class=\"egwlink egwlink_bible\" title=\"Hebrews 6:10\" data-link=\"1965.61308\">Hebrews 6:10</span>. Do you minister? That is the question.",
    "puborder": 4062,
    "translations": []
  },
  {
    "para_id": "1673.4559",
    "id_prev": "1673.4558",
    "id_next": "1673.4560",
    "refcode_1": "GCB",
    "refcode_2": "310",
    "refcode_3": "7",
    "refcode_4": "1895",
    "refcode_short": "GCB February 24,  1895, page 310.7",
    "refcode_long": "General Conference Bulletin, vol. 1 February 24,  1895, page 310 paragraph 7",
    "element_type": "p",
    "element_subtype": "standard-indented",
    "content": "This is the true fellowship of man, the true brotherhood of man. A great deal is said nowadays about &ldquo;the fatherhood of God and the brotherhood of man.&rdquo; Organizations of different kinds are invented and set going to spread the idea of what they call &ldquo;the fatherhood of God and the brotherhood of man.&rdquo; But it is just the brotherhood of such men as they approve all the time. If you belong to our order, then that is the brotherhood of man; but if you do not, we have nothing to do with you. Even churches also act the same way: If you belong to our church, then that is the brotherhood of man; but if you do not belong to our church, why, we have no particular interest in you; as we have nothing to do, properly, with caring for those who are outside of our church. This is our brotherhood of man.",
    "puborder": 4063,
    "translations": []
  },
  {
    "para_id": "1673.4560",
    "id_prev": "1673.4559",
    "id_next": "1673.4561",
    "refcode_1": "GCB",
    "refcode_2": "310",
    "refcode_3": "8",
    "refcode_4": "1895",
    "refcode_short": "GCB February 24,  1895, page 310.8",
    "refcode_long": "General Conference Bulletin, vol. 1 February 24,  1895, page 310 paragraph 8",
    "element_type": "p",
    "element_subtype": "standard-indented",
    "content": "All this is not the brotherhood of man at all. The true fatherhood of God and brotherhood of man is the brotherhood of man in Jesus Christ. It is to see Jesus Christ as he has allied himself to every man, and as he has invested all he has in every man. He has broken down the middle wall of partition. In his flesh, which was our flesh, he has broken down the middle wall of partition that was between us, for to make in himself of twain one new man, so making peace indeed. And in him there is neither Greek nor Jew, black nor white, barbarian, Cythian, bond, nor free; nothing of the kind. All are one in Christ Jesus; and there is no respect of persons with God.",
    "puborder": 4064,
    "translations": []
  },
  {
    "para_id": "1673.4561",
    "id_prev": "1673.4560",
    "id_next": "1673.4562",
    "refcode_1": "GCB",
    "refcode_2": "310",
    "refcode_3": "9",
    "refcode_4": "1895",
    "refcode_short": "GCB February 24,  1895, page 310.9",
    "refcode_long": "General Conference Bulletin, vol. 1 February 24,  1895, page 310 paragraph 9",
    "element_type": "p",
    "element_subtype": "standard-indented",
    "content": "In Jesus Christ alone is the fatherhood of God and the brotherhood of man; and in Jesus Christ we find the brotherhood of man only when we find Christ the Brother of every man.",
    "puborder": 4065,
    "translations": []
  },
  {
    "para_id": "1673.4562",
    "id_prev": "1673.4561",
    "id_next": "1673.4565",
    "refcode_1": "GCB",
    "refcode_2": "310",
    "refcode_3": "10",
    "refcode_4": "1895",
    "refcode_short": "GCB February 24,  1895, page 310.10",
    "refcode_long": "General Conference Bulletin, vol. 1 February 24,  1895, page 310 paragraph 10",
    "element_type": "p",
    "element_subtype": "standard-indented",
    "content": "It is written, &ldquo;For which cause he is not ashamed to call them brethren.&rdquo; Not ashamed to call who <span class=\"page-break\" data-page=\"311\"></span> brethren? Every one that is of flesh and blood, &mdash; Christ is not ashamed to call him brother. He is not ashamed to go and take him by the hand, even though his breath does smell of liquor, and say, &ldquo;Come with me, and let us go a better way.&rdquo; That is the brotherhood of man.",
    "puborder": 4066,
    "translations": []
  },
  {
    "para_id": "1673.4565",
    "id_prev": "1673.4562",
    "id_next": "1673.4566",
    "refcode_1": "GCB",
    "refcode_2": "311",
    "refcode_3": "1",
    "refcode_4": "1895",
    "refcode_short": "GCB February 24,  1895, page 311.1",
    "refcode_long": "General Conference Bulletin, vol. 1 February 24,  1895, page 311 paragraph 1",
    "element_type": "p",
    "element_subtype": "standard-indented",
    "content": "It has been Satan&rsquo;s work always to get men to think that God is as far away as possible. But it is the Lord&rsquo;s everlasting effort to get men to find out that he is as near to every one as possible. So it is written: He is not far from every one of us.",
    "puborder": 4067,
    "translations": []
  },
  {
    "para_id": "1673.4566",
    "id_prev": "1673.4565",
    "id_next": "1673.4567",
    "refcode_1": "GCB",
    "refcode_2": "311",
    "refcode_3": "2",
    "refcode_4": "1895",
    "refcode_short": "GCB February 24,  1895, page 311.2",
    "refcode_long": "General Conference Bulletin, vol. 1 February 24,  1895, page 311 paragraph 2",
    "element_type": "p",
    "element_subtype": "standard-indented",
    "content": "The great trouble with heathenism was to think that God was so far away, &mdash; not only far away, but full of wrath at them all; and only waiting to get a chance to pick them up, and savagely shake them, and plunge them into perdition. So viewing him, they made offerings to get him in a good humor, and to keep him from hurting them. But he was not far from every one of them all the time. &ldquo;Not far.&rdquo; That is near, &mdash; so near that all they had to do was to &ldquo;feel after him.&rdquo; Although they were blind and in the dark too, all they had to do was to feel after him, and they would &ldquo;find him.&rdquo; <span class=\"egwlink egwlink_bible\" title=\"Acts 17:21\" data-link=\"1965.56170\">Acts 17:21-28</span>.",
    "puborder": 4068,
    "translations": []
  },
  {
    "para_id": "1673.4567",
    "id_prev": "1673.4566",
    "id_next": "1673.4568",
    "refcode_1": "GCB",
    "refcode_2": "311",
    "refcode_3": "3",
    "refcode_4": "1895",
    "refcode_short": "GCB February 24,  1895, page 311.3",
    "refcode_long": "General Conference Bulletin, vol. 1 February 24,  1895, page 311 paragraph 3",
    "element_type": "p",
    "element_subtype": "standard-indented",
    "content": "Then the papacy came in, the very incarnation of that enmity between man and God. This incarnation of evil entered under the name of Christianity; and it again puts God and Christ so far away that nobody can come near to them. Everybody else comes in before God.",
    "puborder": 4069,
    "translations": []
  },
  {
    "para_id": "1673.4568",
    "id_prev": "1673.4567",
    "id_next": "1673.4569",
    "refcode_1": "GCB",
    "refcode_2": "311",
    "refcode_3": "4",
    "refcode_4": "1895",
    "refcode_short": "GCB February 24,  1895, page 311.4",
    "refcode_long": "General Conference Bulletin, vol. 1 February 24,  1895, page 311 paragraph 4",
    "element_type": "p",
    "element_subtype": "standard-indented",
    "content": "Then in addition to all this, he is so far away that Mary, and her mother, and her father, &mdash; and then all the rest of the Catholic saints, clear down to Joan of Arc, and Christopher Columbus pretty soon, &mdash; all these have to come in between God and men, so as to make such a connection that all can be sure that they are noticed by him.",
    "puborder": 4070,
    "translations": []
  },
  {
    "para_id": "1673.4569",
    "id_prev": "1673.4568",
    "id_next": "1673.4570",
    "refcode_1": "GCB",
    "refcode_2": "311",
    "refcode_3": "5",
    "refcode_4": "1895",
    "refcode_short": "GCB February 24,  1895, page 311.5",
    "refcode_long": "General Conference Bulletin, vol. 1 February 24,  1895, page 311 paragraph 5",
    "element_type": "p",
    "element_subtype": "standard-indented",
    "content": "But this is all of Satan&rsquo;s invention. Christ is not so far away as that. He is not far enough away to get a single relation in between him and me, or between him and you. And this is just where God wants us to view him, &mdash; so near that it is impossible for anything or anybody to get between. But to how many people has he come so near? &mdash; He is not far from every one of us, even the heathen.",
    "puborder": 4071,
    "translations": []
  },
  {
    "para_id": "1673.4570",
    "id_prev": "1673.4569",
    "id_next": "1673.4571",
    "refcode_1": "GCB",
    "refcode_2": "311",
    "refcode_3": "6",
    "refcode_4": "1895",
    "refcode_short": "GCB February 24,  1895, page 311.6",
    "refcode_long": "General Conference Bulletin, vol. 1 February 24,  1895, page 311 paragraph 6",
    "element_type": "p",
    "element_subtype": "standard-indented",
    "content": "The incarnation of that enmity that is against God, and that separates between man and God, &mdash; the papacy, &mdash; has built up this; and now here is this same thought that we mentioned a moment ago, the false idea that he is so holy that it would be entirely unbecoming in him to come near to us, and be possessed of such a nature as we have, &mdash; sinful, depraved, fallen human nature. Therefore Mary must be born immaculate, perfect, sinless, and higher than the cherubim and seraphim; and then Christ must be so born of her as to take his human nature in absolute sinlessness from her. But that puts him farther away from us than the cherubim and the seraphim are, and in a sinless nature.",
    "puborder": 4072,
    "translations": []
  },
  {
    "para_id": "1673.4571",
    "id_prev": "1673.4570",
    "id_next": "1673.4572",
    "refcode_1": "GCB",
    "refcode_2": "311",
    "refcode_3": "7",
    "refcode_4": "1895",
    "refcode_short": "GCB February 24,  1895, page 311.7",
    "refcode_long": "General Conference Bulletin, vol. 1 February 24,  1895, page 311 paragraph 7",
    "element_type": "p",
    "element_subtype": "standard-indented",
    "content": "But if he comes no nearer to us than in a sinless nature, that is a long way off; because I need somebody that is nearer to me than that. I need some one to help me who knows something about sinful nature; for that is the nature that I have; and such the Lord did take. He became one of us. Thus, you see, this is present truth in every respect, now that the papacy is taking possession of the world, and the image of it is going on in the wrong way, forgetting all that God is in Jesus Christ, and all that Christ is in the world &mdash; having the form of godliness without the reality, without the power. In this day is it not just the thing that it needed in the world, that God should proclaim the real merits of Jesus Christ once more and his holiness?",
    "puborder": 4073,
    "translations": []
  },
  {
    "para_id": "1673.4572",
    "id_prev": "1673.4571",
    "id_next": "1673.4573",
    "refcode_1": "GCB",
    "refcode_2": "311",
    "refcode_3": "8",
    "refcode_4": "1895",
    "refcode_short": "GCB February 24,  1895, page 311.8",
    "refcode_long": "General Conference Bulletin, vol. 1 February 24,  1895, page 311 paragraph 8",
    "element_type": "p",
    "element_subtype": "standard-indented",
    "content": "It is true he is holy; he is altogether holy. But his holiness is not that kind that makes him afraid to be in company with people who are not holy, for fear he will get his holiness spoiled. Anybody who has such a kind of holiness that they cannot be found in the company &mdash; in the name of Jesus Christ &mdash; of people who are fallen, and lost, and degraded, without spoiling it, would better get rid of it as quickly as possible, and get the right kind, because that kind of holiness is not worth having; it is already spoiled.",
    "puborder": 4074,
    "translations": []
  },
  {
    "para_id": "1673.4573",
    "id_prev": "1673.4572",
    "id_next": "1673.4574",
    "refcode_1": "GCB",
    "refcode_2": "311",
    "refcode_3": "9",
    "refcode_4": "1895",
    "refcode_short": "GCB February 24,  1895, page 311.9",
    "refcode_long": "General Conference Bulletin, vol. 1 February 24,  1895, page 311 paragraph 9",
    "element_type": "p",
    "element_subtype": "standard-indented",
    "content": "[<em>Question</em>. &mdash; What about the reputation? &mdash; The Christian has no reputation; he has character. The Christian asks no questions about reputation. Character, character, is all that the Christian cares for, and that the character of God, revealed in Jesus Christ.]",
    "puborder": 4075,
    "translations": []
  },
  {
    "para_id": "1673.4574",
    "id_prev": "1673.4573",
    "id_next": "1673.4575",
    "refcode_1": "GCB",
    "refcode_2": "311",
    "refcode_3": "10",
    "refcode_4": "1895",
    "refcode_short": "GCB February 24,  1895, page 311.10",
    "refcode_long": "General Conference Bulletin, vol. 1 February 24,  1895, page 311 paragraph 10",
    "element_type": "p",
    "element_subtype": "standard-indented",
    "content": "But there is great amount of just that kind of holiness among professed Christians in these days &mdash; indeed, I am not sure that it is all outside of the Seventh-day Adventist denomination. It is that kind of &ldquo;holiness&rdquo; which leads many to be ready to exclaim if a brother or sister, &mdash; a sister especially, &mdash; should go among the fallen, unfortunate ones, and begin to work for them, and sympathize with them, and help them up: &ldquo;O, well, if you are going with such people as that, I cannot associate with you any more. Indeed, I am not sure that I want to belong to the church any more, if you are going to work for such people, and bring them into the church.&rdquo;",
    "puborder": 4076,
    "translations": []
  },
  {
    "para_id": "1673.4575",
    "id_prev": "1673.4574",
    "id_next": "1673.4578",
    "refcode_1": "GCB",
    "refcode_2": "311",
    "refcode_3": "11",
    "refcode_4": "1895",
    "refcode_short": "GCB February 24,  1895, page 311.11",
    "refcode_long": "General Conference Bulletin, vol. 1 February 24,  1895, page 311 paragraph 11",
    "element_type": "p",
    "element_subtype": "standard-indented",
    "content": "The answer to all such expressions as those is: Very good; if you do not want to belong to the church with such people as that, you would better get out of the church as quickly as possible; for very soon the church of Jesus Christ is going to have <span class=\"page-break\" data-page=\"312\"></span> just that kind of people in it. &ldquo;The publicans and the harlots go into the kingdom before you.&rdquo;",
    "puborder": 4077,
    "translations": []
  },
  {
    "para_id": "1673.4578",
    "id_prev": "1673.4575",
    "id_next": "1673.4579",
    "refcode_1": "GCB",
    "refcode_2": "312",
    "refcode_3": "1",
    "refcode_4": "1895",
    "refcode_short": "GCB February 24,  1895, page 312.1",
    "refcode_long": "General Conference Bulletin, vol. 1 February 24,  1895, page 312 paragraph 1",
    "element_type": "p",
    "element_subtype": "standard-indented",
    "content": "The church of Jesus Christ, in a little while, is going to be so molded upon the grace of Jesus Christ, and so filled with his holy character, that its members will not be afraid to go, as did he, to the lowest depths to pick up the fallen. They will have such measure of the holiness of Jesus Christ that they will not be afraid of becoming defiled by going <em>in his name</em>, down to the lowest.",
    "puborder": 4078,
    "translations": []
  },
  {
    "para_id": "1673.4579",
    "id_prev": "1673.4578",
    "id_next": "1673.4580",
    "refcode_1": "GCB",
    "refcode_2": "312",
    "refcode_3": "2",
    "refcode_4": "1895",
    "refcode_short": "GCB February 24,  1895, page 312.2",
    "refcode_long": "General Conference Bulletin, vol. 1 February 24,  1895, page 312 paragraph 2",
    "element_type": "p",
    "element_subtype": "standard-indented",
    "content": "But that kind of holiness which says: &ldquo;Come not near to me; for I am holier than thou,&rdquo; &mdash; stand aloof, or you will defile my holy garments. &mdash; O, that is the holiness of the devil! Away with it!",
    "puborder": 4079,
    "translations": []
  },
  {
    "para_id": "1673.4580",
    "id_prev": "1673.4579",
    "id_next": "1673.4581",
    "refcode_1": "GCB",
    "refcode_2": "312",
    "refcode_3": "3",
    "refcode_4": "1895",
    "refcode_short": "GCB February 24,  1895, page 312.3",
    "refcode_long": "General Conference Bulletin, vol. 1 February 24,  1895, page 312 paragraph 3",
    "element_type": "p",
    "element_subtype": "standard-indented",
    "content": "God&rsquo;s holiness is pure, that is true; it is such holiness that sin cannot bear the presence of it. It is holiness of such transcendent purity and power as to be a consuming fire to sin. Its consuming power upon sin is because of its wondrous purity; and therefore, because of the wondrous purity, and the power of that wondrous purity, of the holiness of God in Jesus Christ, he longs to come in contact with those who are laden with sins, who are permeated through and through with sins, in order that this holiness, finding an entrance, shall consume the sin, and save the soul. That is Christ&rsquo;s holiness.",
    "puborder": 4080,
    "translations": []
  },
  {
    "para_id": "1673.4581",
    "id_prev": "1673.4580",
    "id_next": "1673.4582",
    "refcode_1": "GCB",
    "refcode_2": "312",
    "refcode_3": "4",
    "refcode_4": "1895",
    "refcode_short": "GCB February 24,  1895, page 312.4",
    "refcode_long": "General Conference Bulletin, vol. 1 February 24,  1895, page 312 paragraph 4",
    "element_type": "p",
    "element_subtype": "standard-indented",
    "content": "It is one of the most blessed truths in the Bible, that our God is a consuming fire because of his holiness. For, then in Jesus Christ, we meet him whose holiness is a consuming fire to sin; and that is the pledge of our salvation in perfection from every stain of sin. The brightness, the glory, the all consuming purity of that holiness, will take every vestige of sin and sinfulness out of the man who will meet God in Jesus Christ.",
    "puborder": 4081,
    "translations": []
  },
  {
    "para_id": "1673.4582",
    "id_prev": "1673.4581",
    "id_next": "1673.4583",
    "refcode_1": "GCB",
    "refcode_2": "312",
    "refcode_3": "5",
    "refcode_4": "1895",
    "refcode_short": "GCB February 24,  1895, page 312.5",
    "refcode_long": "General Conference Bulletin, vol. 1 February 24,  1895, page 312 paragraph 5",
    "element_type": "p",
    "element_subtype": "standard-indented",
    "content": "Thus in his true holiness, Christ could come, and did come, to sinful men in sinful flesh, where sinful men are. Thus in Christ, and in Christ alone, is found the brotherhood of man. All indeed are one in Christ Jesus our Lord.",
    "puborder": 4082,
    "translations": []
  },
  {
    "para_id": "1673.4583",
    "id_prev": "1673.4582",
    "id_next": "1673.4584",
    "refcode_1": "GCB",
    "refcode_2": "312",
    "refcode_3": "6",
    "refcode_4": "1895",
    "refcode_short": "GCB February 24,  1895, page 312.6",
    "refcode_long": "General Conference Bulletin, vol. 1 February 24,  1895, page 312 paragraph 6",
    "element_type": "p",
    "element_subtype": "standard-indented",
    "content": "Some have found, and all may find, in the &ldquo;Testimonies&rdquo; the statement that Christ has not &ldquo;like <em>passions</em>&rdquo; as we have. The statement is there; every one may find it there, of course.",
    "puborder": 4083,
    "translations": []
  },
  {
    "para_id": "1673.4584",
    "id_prev": "1673.4583",
    "id_next": "1673.4585",
    "refcode_1": "GCB",
    "refcode_2": "312",
    "refcode_3": "7",
    "refcode_4": "1895",
    "refcode_short": "GCB February 24,  1895, page 312.7",
    "refcode_long": "General Conference Bulletin, vol. 1 February 24,  1895, page 312 paragraph 7",
    "element_type": "p",
    "element_subtype": "standard-indented",
    "content": "Now there will be no difficulty in any of these studies from beginning to end, if you will stick precisely to what is said, and not go beyond what is said, nor put into it what is not said; whether it be touching Church and State, separation from the world, or this of Christ in our flesh. Stick strictly to what is said; do not go to drawing curious conclusions. Some have drawn the conclusion some time ago &mdash; and you can see what a fearful conclusion it is &mdash; that &ldquo;Christ became ourselves; he is our flesh. Therefore <em>I am Christ</em>.&rdquo; They say Christ forgave sins; <em>I</em> can forgive sins; he wrought miracles; <em>I</em> must work miracles. That is a fearful argument; there are no two ways about that.",
    "puborder": 4084,
    "translations": []
  },
  {
    "para_id": "1673.4585",
    "id_prev": "1673.4584",
    "id_next": "1673.4586",
    "refcode_1": "GCB",
    "refcode_2": "312",
    "refcode_3": "8",
    "refcode_4": "1895",
    "refcode_short": "GCB February 24,  1895, page 312.8",
    "refcode_long": "General Conference Bulletin, vol. 1 February 24,  1895, page 312 paragraph 8",
    "element_type": "p",
    "element_subtype": "standard-indented",
    "content": "Christ became ourselves, in our place, weak as we, and in all points like as we are, in order that he might be that forever; and never that we should be himself. No; it is God who is to be manifested always, and not ourselves. In order that this might be, Christ emptied himself, and took ourselves, in order that God himself might come to us, appear in us, and be revealed in us and through us, in all things. It is always God, and never ourselves. That which ruined us at the start was the exaltation of ourselves, the setting forth of ourselves and the putting of ourselves above God. In order that we might get rid of our wicked selves, Christ emptied his righteous self, and stood in the place of our wicked selves, and crucified ourselves, putting ourselves under foot always, in order that God might be all in all. How much? &mdash; All. All in how many? &mdash; All. It was done that God might be all that there is in me, and all there is in you, and all there is in Christ. Assuredly that is what this was done for. We are not to exalt ourselves. Christ is to increase; I am to decrease. He is to live; I am to die. He is to be exalted; I am to be emptied.",
    "puborder": 4085,
    "translations": []
  },
  {
    "para_id": "1673.4586",
    "id_prev": "1673.4585",
    "id_next": "1673.4587",
    "refcode_1": "GCB",
    "refcode_2": "312",
    "refcode_3": "",
    "refcode_4": "1895",
    "refcode_short": "GCB February 24,  1895, page 312",
    "refcode_long": "General Conference Bulletin, vol. 1 February 24,  1895, page 312",
    "element_type": "h5",
    "element_subtype": "",
    "content": "SABBATH-SCHOOL COUNCIL",
    "puborder": 4086,
    "translations": []
  },
  {
    "para_id": "1673.4587",
    "id_prev": "1673.4586",
    "id_next": "1673.4588",
    "refcode_1": "GCB",
    "refcode_2": "312",
    "refcode_3": "",
    "refcode_4": "1895",
    "refcode_short": "",
    "refcode_long": "",
    "element_type": "p",
    "element_subtype": "periodicalauthor",
    "content": "No Authorcode",
    "puborder": 4087,
    "translations": []
  },
  {
    "para_id": "1673.4588",
    "id_prev": "1673.4587",
    "id_next": "1673.4589",
    "refcode_1": "GCB",
    "refcode_2": "312",
    "refcode_3": "9",
    "refcode_4": "1895",
    "refcode_short": "GCB February 24,  1895, page 312.9",
    "refcode_long": "General Conference Bulletin, vol. 1 February 24,  1895, page 312 paragraph 9",
    "element_type": "p",
    "element_subtype": "standard-indented",
    "content": "THE Sabbath-school Council held its fourth meeting, February 20, at 2 P.M., and was addressed by Elders C. P. Bollman and A. E. Place. Elder Bollman spoke on the subject of the &ldquo;Election of Officers, How Often, and How Conducted.&rdquo; He said:&mdash;",
    "puborder": 4088,
    "translations": []
  },
  {
    "para_id": "1673.4589",
    "id_prev": "1673.4588",
    "id_next": "1673.4590",
    "refcode_1": "GCB",
    "refcode_2": "312",
    "refcode_3": "10",
    "refcode_4": "1895",
    "refcode_short": "GCB February 24,  1895, page 312.10",
    "refcode_long": "General Conference Bulletin, vol. 1 February 24,  1895, page 312 paragraph 10",
    "element_type": "p",
    "element_subtype": "standard-indented",
    "content": "It is not my purpose to occupy any considerable length of time in the discussion of this question, because it seems to me that it does not require that a great deal should be said. I prefer to treat the subject by taking up the second division rather than the first.",
    "puborder": 4089,
    "translations": []
  },
  {
    "para_id": "1673.4590",
    "id_prev": "1673.4589",
    "id_next": "1673.4593",
    "refcode_1": "GCB",
    "refcode_2": "312",
    "refcode_3": "11",
    "refcode_4": "1895",
    "refcode_short": "GCB February 24,  1895, page 312.11",
    "refcode_long": "General Conference Bulletin, vol. 1 February 24,  1895, page 312 paragraph 11",
    "element_type": "p",
    "element_subtype": "standard-indented",
    "content": "It seems to me, in the first place, that the choice of the Sabbath-school officers should not be considered simply as something that concerns the school, but the entire church. It seems to me that there should be a committee appointed for the nomination of officers, that this committee should be selected by the superintendent of the school, and that it should be a matter of a great deal of care as to who are selected as the members of that committee. Persons of good judgment should be selected, &mdash; persons who will not move from simply their likes or dislikes, but who will take into careful consideration the <span class=\"page-break\" data-page=\"313\"></span> needs of the school. It might often be well for the superintendent to counsel with the other officers of the school and the officers of the church in regard to the selection of the committee. It is necessary to include in this committee some one of mature judgment who should be perhaps one of the officers of the church.",
    "puborder": 4090,
    "translations": []
  },
  {
    "para_id": "1673.4593",
    "id_prev": "1673.4590",
    "id_next": "1673.4594",
    "refcode_1": "GCB",
    "refcode_2": "313",
    "refcode_3": "1",
    "refcode_4": "1895",
    "refcode_short": "GCB February 24,  1895, page 313.1",
    "refcode_long": "General Conference Bulletin, vol. 1 February 24,  1895, page 313 paragraph 1",
    "element_type": "p",
    "element_subtype": "standard-indented",
    "content": "I saw only a few months since quite a good deal of confusion occasioned by a school&rsquo;s attempting to select officers without a committee. They had simply balloted for officers. Then they had to count the ballots of course, and I was going to say there were almost as many candidates as there were votes, but not quite as bad as that. A good many who were not at all qualified for the offices were voted for. Then they had to select those out of the number who had the largest number of votes, and vote over again, and it was some time before they succeeded in electing their officers, and a little dissatisfaction crept in. If they had had a committee appointed to nominate the officers, there would have been no feeling. As it was, there was nothing serious, but it might have been serious. So it seems to me that the best way is to have a committee.",
    "puborder": 4091,
    "translations": []
  },
  {
    "para_id": "1673.4594",
    "id_prev": "1673.4593",
    "id_next": "1673.4595",
    "refcode_1": "GCB",
    "refcode_2": "313",
    "refcode_3": "2",
    "refcode_4": "1895",
    "refcode_short": "GCB February 24,  1895, page 313.2",
    "refcode_long": "General Conference Bulletin, vol. 1 February 24,  1895, page 313 paragraph 2",
    "element_type": "p",
    "element_subtype": "standard-indented",
    "content": "Some schools try to elect the officers without a committee; and, of course, if there should be a sentiment prevailing in the school in favor of that, then it might be well to let them do so, but where a school is properly conducted, there would be no need of it. The superintendent could say in the school, Now it is time to appoint a committee for the nomination of officers for the coming term of office; and generally the school will vote for the superintendent to nominate the committee. Then, as I said before, there should be great care exercised, especially in the choice of the superintendent and secretary. Now we have been hearing something of the duties of the Sabbath-school officers from Brother Brown, and the qualifications that each should have. Now this should be borne in mind, and the very best material and talent available should be selected. The choice of the committee in selecting officers is usually satisfactory, especially in small schools, and where there is a feeling of unity and harmony in the school; and many schools elect the officers simply by adopting the report of the committee.",
    "puborder": 4092,
    "translations": []
  },
  {
    "para_id": "1673.4595",
    "id_prev": "1673.4594",
    "id_next": "1673.4596",
    "refcode_1": "GCB",
    "refcode_2": "313",
    "refcode_3": "3",
    "refcode_4": "1895",
    "refcode_short": "GCB February 24,  1895, page 313.3",
    "refcode_long": "General Conference Bulletin, vol. 1 February 24,  1895, page 313 paragraph 3",
    "element_type": "p",
    "element_subtype": "standard-indented",
    "content": "If I were superintendent of a school, and had any reason to think there was any dissatisfaction, I would prefer to have the vote taken by balloting; but if it is thought best to have the school ballot, the secretary should have the ballots prepared before the school, and then they can be distributed, and at the close of the class recitation the vote can be taken, allowing each one in the school to vote, and then hand the ballots to the teacher, or deposit them in one receptacle that may be passed around. Of course, where the review comes in at the beginning of the school, it might be well to have the balloting at the beginning of the class recitation, so that the ballots can be counted, and the election announced before the close of the school.",
    "puborder": 4093,
    "translations": []
  },
  {
    "para_id": "1673.4596",
    "id_prev": "1673.4595",
    "id_next": "1673.4597",
    "refcode_1": "GCB",
    "refcode_2": "313",
    "refcode_3": "4",
    "refcode_4": "1895",
    "refcode_short": "GCB February 24,  1895, page 313.4",
    "refcode_long": "General Conference Bulletin, vol. 1 February 24,  1895, page 313 paragraph 4",
    "element_type": "p",
    "element_subtype": "standard-indented",
    "content": "But the first thing to be sought is to secure the nomination of the proper persons; and then the next thing is to have them elected with the least possible friction.",
    "puborder": 4094,
    "translations": []
  },
  {
    "para_id": "1673.4597",
    "id_prev": "1673.4596",
    "id_next": "1673.4598",
    "refcode_1": "GCB",
    "refcode_2": "313",
    "refcode_3": "5",
    "refcode_4": "1895",
    "refcode_short": "GCB February 24,  1895, page 313.5",
    "refcode_long": "General Conference Bulletin, vol. 1 February 24,  1895, page 313 paragraph 5",
    "element_type": "p",
    "element_subtype": "standard-indented",
    "content": "Now in regard to the frequency of the elections. I think that some of what I have said would indicate that the elections should not come too frequently, because they always require some attention, always make a little confusion, and always draw off the minds to some extent from the main work of the school. So while there are reasons for electing as frequently as once a quarter, it seems to me that the plan that was adopted two years ago is a better one, &mdash; that of elections once in six months. One reason why I think this is better, is because in the quarterly elections it does not give the new superintendent, who was unacquainted with the school, and who was elected for the first time, time enough to get acquainted with the school, and learn what his duties as a superintendent are.",
    "puborder": 4095,
    "translations": []
  },
  {
    "para_id": "1673.4598",
    "id_prev": "1673.4597",
    "id_next": "1673.4599",
    "refcode_1": "GCB",
    "refcode_2": "313",
    "refcode_3": "6",
    "refcode_4": "1895",
    "refcode_short": "GCB February 24,  1895, page 313.6",
    "refcode_long": "General Conference Bulletin, vol. 1 February 24,  1895, page 313 paragraph 6",
    "element_type": "p",
    "element_subtype": "standard-indented",
    "content": "Now the duties of the Sabbath-school officers have been impressed upon us by Brother Brown, and it would take the superintendent several weeks to get acquainted with the teachers and officers, and learn the qualifications of the teachers, their adaptability, etc. Then after the experience he gains from the first three months, he will know better how to lay his plans and organize the work; but if he has only three months, and several weeks of the time is already gone in getting acquainted with his work, he will say, Well, there is going to be a new election at the end of the quarter, and I will not make any changes until after election, and see what changes are made then; but if he knows that he has six months to continue in office, he will go on, and make the changes, and lay his plans for the good of the school.",
    "puborder": 4096,
    "translations": []
  },
  {
    "para_id": "1673.4599",
    "id_prev": "1673.4598",
    "id_next": "1673.4602",
    "refcode_1": "GCB",
    "refcode_2": "313",
    "refcode_3": "7",
    "refcode_4": "1895",
    "refcode_short": "GCB February 24,  1895, page 313.7",
    "refcode_long": "General Conference Bulletin, vol. 1 February 24,  1895, page 313 paragraph 7",
    "element_type": "p",
    "element_subtype": "standard-indented",
    "content": "Of course there is some difference between a day school and a Sabbath-school; and yet there are some principles that will apply to both. We never hear of the principal of a day-school being changed every three months. The principal should be there long enough to become acquainted with the teachers and pupils, and the whole of the routine of the school, and therefore it seems to me that the plan that was adopted two years ago of electing officers once in six <span class=\"page-break\" data-page=\"314\"></span> months is a better plan, and I would be heartily in favor of seeing that plan continued.",
    "puborder": 4097,
    "translations": []
  },
  {
    "para_id": "1673.4602",
    "id_prev": "1673.4599",
    "id_next": "1673.4603",
    "refcode_1": "GCB",
    "refcode_2": "314",
    "refcode_3": "1",
    "refcode_4": "1895",
    "refcode_short": "GCB February 24,  1895, page 314.1",
    "refcode_long": "General Conference Bulletin, vol. 1 February 24,  1895, page 314 paragraph 1",
    "element_type": "p",
    "element_subtype": "standard-indented",
    "content": "Brother Place made the following remarks on the subject:&mdash;",
    "puborder": 4098,
    "translations": []
  },
  {
    "para_id": "1673.4603",
    "id_prev": "1673.4602",
    "id_next": "1673.4604",
    "refcode_1": "GCB",
    "refcode_2": "314",
    "refcode_3": "2",
    "refcode_4": "1895",
    "refcode_short": "GCB February 24,  1895, page 314.2",
    "refcode_long": "General Conference Bulletin, vol. 1 February 24,  1895, page 314 paragraph 2",
    "element_type": "p",
    "element_subtype": "standard-indented",
    "content": "Perhaps the discussion that would be as profitable as anything might be in regard to how the thing has worked where it has been tried. I would simply say this, that in New York nearly all our schools have adopted the six months&rsquo; plan, and so far as I have been able to find, it has given perfect satisfaction. I do not know of any school where there has been any objection to it, and I have taken occasion to ask how they liked the plan; and so far as I have been acquainted or come in contact with the schools, they all seem to think that the six months&rsquo; plan is better than the three months&rsquo; plan.",
    "puborder": 4099,
    "translations": []
  }
]