[
  {
    "para_id": "1673.6555",
    "id_prev": "1673.6554",
    "id_next": "1673.6556",
    "refcode_1": "GCB",
    "refcode_2": "440",
    "refcode_3": "",
    "refcode_4": "1895",
    "refcode_short": "GCB March 3,  1895, page 440",
    "refcode_long": "General Conference Bulletin, vol. 1 March 3,  1895, page 440",
    "element_type": "h4",
    "element_subtype": "",
    "content": "GENERAL CONFERENCE PROCEEDINGS",
    "puborder": 5852,
    "translations": []
  },
  {
    "para_id": "1673.6556",
    "id_prev": "1673.6555",
    "id_next": "1673.6557",
    "refcode_1": "GCB",
    "refcode_2": "440",
    "refcode_3": "4",
    "refcode_4": "1895",
    "refcode_short": "GCB March 3,  1895, page 440.4",
    "refcode_long": "General Conference Bulletin, vol. 1 March 3,  1895, page 440 paragraph 4",
    "element_type": "p",
    "element_subtype": "standard-indented",
    "content": "THE fifteenth meeting of the General Conference was called to order at 10 A. M., March 1, 1895. After singing, prayer was offered by Elder I. D. Van Horn. Minutes were read and accepted.",
    "puborder": 5853,
    "translations": []
  },
  {
    "para_id": "1673.6557",
    "id_prev": "1673.6556",
    "id_next": "1673.6558",
    "refcode_1": "GCB",
    "refcode_2": "440",
    "refcode_3": "5",
    "refcode_4": "1895",
    "refcode_short": "GCB March 3,  1895, page 440.5",
    "refcode_long": "General Conference Bulletin, vol. 1 March 3,  1895, page 440 paragraph 5",
    "element_type": "p",
    "element_subtype": "standard-indented",
    "content": "Reports of committees being in order, the Committee on Resolutions submitted the following from the Committee on Resolutions for the Religious Liberty Association -",
    "puborder": 5854,
    "translations": []
  },
  {
    "para_id": "1673.6558",
    "id_prev": "1673.6557",
    "id_next": "1673.6559",
    "refcode_1": "GCB",
    "refcode_2": "440",
    "refcode_3": "6",
    "refcode_4": "1895",
    "refcode_short": "GCB March 3,  1895, page 440.6",
    "refcode_long": "General Conference Bulletin, vol. 1 March 3,  1895, page 440 paragraph 6",
    "element_type": "p",
    "element_subtype": "standard-indented",
    "content": "23. <em>Whereas</em>, The religious liberty work is not designed merely to prepare the way for the Third Angel&rsquo;s Message, but is the giving of the message itself; therefore, &mdash;",
    "puborder": 5855,
    "translations": []
  },
  {
    "para_id": "1673.6559",
    "id_prev": "1673.6558",
    "id_next": "1673.6560",
    "refcode_1": "GCB",
    "refcode_2": "440",
    "refcode_3": "7",
    "refcode_4": "1895",
    "refcode_short": "GCB March 3,  1895, page 440.7",
    "refcode_long": "General Conference Bulletin, vol. 1 March 3,  1895, page 440 paragraph 7",
    "element_type": "p",
    "element_subtype": "standard-indented",
    "content": "Resolved, That we urge upon all friends of religious liberty everywhere, and especially upon ministers and other conference laborers, the importance of a thorough preparation for the intelligent presentation of religious liberty questions.",
    "puborder": 5856,
    "translations": []
  },
  {
    "para_id": "1673.6560",
    "id_prev": "1673.6559",
    "id_next": "1673.6561",
    "refcode_1": "GCB",
    "refcode_2": "440",
    "refcode_3": "8",
    "refcode_4": "1895",
    "refcode_short": "GCB March 3,  1895, page 440.8",
    "refcode_long": "General Conference Bulletin, vol. 1 March 3,  1895, page 440 paragraph 8",
    "element_type": "p",
    "element_subtype": "standard-indented",
    "content": "24. <em>Whereas</em>, The introduction of numerous Sunday bills and other measures of like character into the legislatures and courts of the various States and countries affords good opportunities for placing before legislators and other men in public life the fundamental principles of the gospel; therefore, &mdash;",
    "puborder": 5857,
    "translations": []
  },
  {
    "para_id": "1673.6561",
    "id_prev": "1673.6560",
    "id_next": "1673.6562",
    "refcode_1": "GCB",
    "refcode_2": "440",
    "refcode_3": "9",
    "refcode_4": "1895",
    "refcode_short": "GCB March 3,  1895, page 440.9",
    "refcode_long": "General Conference Bulletin, vol. 1 March 3,  1895, page 440 paragraph 9",
    "element_type": "p",
    "element_subtype": "standard-indented",
    "content": "Resolved, That we urge upon all our conference and mission field officers the importance of meeting these issues by the general circulation of literature and by personal work with jurists and members of legislatures.",
    "puborder": 5858,
    "translations": []
  },
  {
    "para_id": "1673.6562",
    "id_prev": "1673.6561",
    "id_next": "1673.6563",
    "refcode_1": "GCB",
    "refcode_2": "440",
    "refcode_3": "10",
    "refcode_4": "1895",
    "refcode_short": "GCB March 3,  1895, page 440.10",
    "refcode_long": "General Conference Bulletin, vol. 1 March 3,  1895, page 440 paragraph 10",
    "element_type": "p",
    "element_subtype": "standard-indented",
    "content": "Resolved, That we request the General Conference Committee to continue a competent man in the religious-liberty work at the capital of the nation, especially during the next session of Congress.",
    "puborder": 5859,
    "translations": []
  },
  {
    "para_id": "1673.6563",
    "id_prev": "1673.6562",
    "id_next": "1673.6564",
    "refcode_1": "GCB",
    "refcode_2": "440",
    "refcode_3": "11",
    "refcode_4": "1895",
    "refcode_short": "GCB March 3,  1895, page 440.11",
    "refcode_long": "General Conference Bulletin, vol. 1 March 3,  1895, page 440 paragraph 11",
    "element_type": "p",
    "element_subtype": "standard-indented",
    "content": "Whereas, The <em>American Sentinel</em> is one of the very best means of interesting public men in religious liberty principles, and as a result, in kindred truths; therefore, &mdash;",
    "puborder": 5860,
    "translations": []
  },
  {
    "para_id": "1673.6564",
    "id_prev": "1673.6563",
    "id_next": "1673.6565",
    "refcode_1": "GCB",
    "refcode_2": "440",
    "refcode_3": "12",
    "refcode_4": "1895",
    "refcode_short": "GCB March 3,  1895, page 440.12",
    "refcode_long": "General Conference Bulletin, vol. 1 March 3,  1895, page 440 paragraph 12",
    "element_type": "p",
    "element_subtype": "standard-indented",
    "content": "Resolved, That we encourage an increased circulation of this paper.",
    "puborder": 5861,
    "translations": []
  },
  {
    "para_id": "1673.6565",
    "id_prev": "1673.6564",
    "id_next": "1673.6566",
    "refcode_1": "GCB",
    "refcode_2": "440",
    "refcode_3": "13",
    "refcode_4": "1895",
    "refcode_short": "GCB March 3,  1895, page 440.13",
    "refcode_long": "General Conference Bulletin, vol. 1 March 3,  1895, page 440 paragraph 13",
    "element_type": "p",
    "element_subtype": "standard-indented",
    "content": "The Chair then called up the report of the Committee on Distribution of Labor, page 425 of the BULLETIN. Victor Thompson moved, D. H. Oberholtzer seconded, that it be adopted. Upon placing the question before the Conference, the Chair remarked that while this was a large report as compared with others, the growth of our cause must also be taken in mind; and when that was considered, it would be seen that the report was not disproportionately large. The Chair then read from &ldquo;Gospel Workers,&rdquo; page 450, the following:&mdash;",
    "puborder": 5862,
    "translations": []
  },
  {
    "para_id": "1673.6566",
    "id_prev": "1673.6565",
    "id_next": "1673.6567",
    "refcode_1": "GCB",
    "refcode_2": "440",
    "refcode_3": "14",
    "refcode_4": "1895",
    "refcode_short": "GCB March 3,  1895, page 440.14",
    "refcode_long": "General Conference Bulletin, vol. 1 March 3,  1895, page 440 paragraph 14",
    "element_type": "p",
    "element_subtype": "standard-indented",
    "content": "It is not the best way to have one or two ministers go over the same ground again and again. There should be an interchange of laborers. They should not be confined to one field, but should labor in different conferences, that the churches may have the benefit of their different gifts. When this was done in the past, greater success attended the laborers.",
    "puborder": 5863,
    "translations": []
  },
  {
    "para_id": "1673.6567",
    "id_prev": "1673.6566",
    "id_next": "1673.6568",
    "refcode_1": "GCB",
    "refcode_2": "440",
    "refcode_3": "15",
    "refcode_4": "1895",
    "refcode_short": "GCB March 3,  1895, page 440.15",
    "refcode_long": "General Conference Bulletin, vol. 1 March 3,  1895, page 440 paragraph 15",
    "element_type": "p",
    "element_subtype": "standard-indented",
    "content": "And again on page 240:&mdash;",
    "puborder": 5864,
    "translations": []
  },
  {
    "para_id": "1673.6568",
    "id_prev": "1673.6567",
    "id_next": "1673.6569",
    "refcode_1": "GCB",
    "refcode_2": "440",
    "refcode_3": "16",
    "refcode_4": "1895",
    "refcode_short": "GCB March 3,  1895, page 440.16",
    "refcode_long": "General Conference Bulletin, vol. 1 March 3,  1895, page 440 paragraph 16",
    "element_type": "p",
    "element_subtype": "standard-indented",
    "content": "The question is asked me if it is not a mistake to remove presidents of State conferences in the field when many of the people under their present charge are unwilling to give them up. The Lord has been pleased to give me light on this question. I have been shown that ministers should not be retained in the same districts year after year, nor should the same man long preside over a conference. A change is for the good of our conferences and churches.",
    "puborder": 5865,
    "translations": []
  },
  {
    "para_id": "1673.6569",
    "id_prev": "1673.6568",
    "id_next": "1673.6572",
    "refcode_1": "GCB",
    "refcode_2": "440",
    "refcode_3": "17",
    "refcode_4": "1895",
    "refcode_short": "GCB March 3,  1895, page 440.17",
    "refcode_long": "General Conference Bulletin, vol. 1 March 3,  1895, page 440 paragraph 17",
    "element_type": "p",
    "element_subtype": "standard-indented",
    "content": "In view of these and similar statements, the propriety of many of these proposed moves could easily be understood, and he presumed that they would answer many inquiries which would otherwise arise. Speaking in behalf of the Committee, &mdash; although the Chair was able to be with them in <span class=\"page-break\" data-page=\"441\"></span> their work but very little, &mdash; he knew they had prayerfully and with great care accomplished their work.",
    "puborder": 5866,
    "translations": []
  },
  {
    "para_id": "1673.6572",
    "id_prev": "1673.6569",
    "id_next": "1673.6573",
    "refcode_1": "GCB",
    "refcode_2": "441",
    "refcode_3": "1",
    "refcode_4": "1895",
    "refcode_short": "GCB March 3,  1895, page 441.1",
    "refcode_long": "General Conference Bulletin, vol. 1 March 3,  1895, page 441 paragraph 1",
    "element_type": "p",
    "element_subtype": "standard-indented",
    "content": "The Committee asked the privilege of withdrawing for further consideration Recommendation 13, relating to E. G. Olsen. The request was granted.",
    "puborder": 5867,
    "translations": []
  },
  {
    "para_id": "1673.6573",
    "id_prev": "1673.6572",
    "id_next": "1673.6574",
    "refcode_1": "GCB",
    "refcode_2": "441",
    "refcode_3": "2",
    "refcode_4": "1895",
    "refcode_short": "GCB March 3,  1895, page 441.2",
    "refcode_long": "General Conference Bulletin, vol. 1 March 3,  1895, page 441 paragraph 2",
    "element_type": "p",
    "element_subtype": "standard-indented",
    "content": "The first recommendation was read by the Secretary, and was spoken to by J. H. Durland, Superintendent of District No. 4, who gave reasons for the changes proposed. These were because South Dakota has quite a large number of German laborers near the North Dakota line, and it being difficult to remove their families, by making this change, a field is open to them very near to where they now reside. Also in South Dakota the severe drouth has almost effectually broken up the canvassing work for the present, and the canvassers need an additional field for operation, which will be afforded to them in North Dakota. In reference to Recommendation 2, Elder Durland stated that the south western part of South Dakota was very difficult of access from the eastern part, whereas Nebraska already had churches contiguous to that portion of South Dakota. Nebraska workers could reach the Black Hills country much more easily than it could be reached from the eastern part of South Dakota. He also stated that the questions of finance which might arise would be satisfactorily adjusted between the conferences interested.",
    "puborder": 5868,
    "translations": []
  },
  {
    "para_id": "1673.6574",
    "id_prev": "1673.6573",
    "id_next": "1673.6575",
    "refcode_1": "GCB",
    "refcode_2": "441",
    "refcode_3": "3",
    "refcode_4": "1895",
    "refcode_short": "GCB March 3,  1895, page 441.3",
    "refcode_long": "General Conference Bulletin, vol. 1 March 3,  1895, page 441 paragraph 3",
    "element_type": "p",
    "element_subtype": "standard-indented",
    "content": "C. M. Everest spoke of the interest of Minnesota in North Dakota, and the fact that Minnesota had already planned and provided a large amount of work to be done in the canvassing for that field, and it would be quite a loss to relinquish their plans at this time. He also called the attention of the Conference to the difficulty of communication between North and South Dakota.",
    "puborder": 5869,
    "translations": []
  },
  {
    "para_id": "1673.6575",
    "id_prev": "1673.6574",
    "id_next": "1673.6576",
    "refcode_1": "GCB",
    "refcode_2": "441",
    "refcode_3": "4",
    "refcode_4": "1895",
    "refcode_short": "GCB March 3,  1895, page 441.4",
    "refcode_long": "General Conference Bulletin, vol. 1 March 3,  1895, page 441 paragraph 4",
    "element_type": "p",
    "element_subtype": "standard-indented",
    "content": "N. W. Allee stated that from the Minnesota point of view they had no object in getting rid of North Dakota; they were very closely related together in their interests and work, and it was only out of consideration for the general interests of the cause that they would consent to such an arrangement.",
    "puborder": 5870,
    "translations": []
  },
  {
    "para_id": "1673.6576",
    "id_prev": "1673.6575",
    "id_next": "1673.6577",
    "refcode_1": "GCB",
    "refcode_2": "441",
    "refcode_3": "5",
    "refcode_4": "1895",
    "refcode_short": "GCB March 3,  1895, page 441.5",
    "refcode_long": "General Conference Bulletin, vol. 1 March 3,  1895, page 441 paragraph 5",
    "element_type": "p",
    "element_subtype": "standard-indented",
    "content": "N. P. Nelson, of South Dakota, spoke of the loss that South Dakota as a State has suffered, both in drouth and in the dishonesty of some of its officials. He said that it was quite clearly understood that they were in financial straits, but he wished to state that the conference was not looking for financial aid, since its standing was very satisfactory. The conference owed no debts, and was able to pay its laborers; but for the reason stated by Brother Durland, they were seeking for more territory in which to locate their laborers. They now had a large class of twenty-five canvassers ready to enter the field, and nowhere for them to work.",
    "puborder": 5871,
    "translations": []
  },
  {
    "para_id": "1673.6577",
    "id_prev": "1673.6576",
    "id_next": "1673.6578",
    "refcode_1": "GCB",
    "refcode_2": "441",
    "refcode_3": "6",
    "refcode_4": "1895",
    "refcode_short": "GCB March 3,  1895, page 441.6",
    "refcode_long": "General Conference Bulletin, vol. 1 March 3,  1895, page 441 paragraph 6",
    "element_type": "p",
    "element_subtype": "standard-indented",
    "content": "C. M. Everest moved, as there was not a perfect understanding on the subject, that the matter be referred back to the Committee. No second. W. B. White moved that the recommendation be referred back to the General Conference Committee. S. H. Lane seconded the motion. J. H. Durland stated that such action would affect to a greater or less extent the remainder of the report of the Committee on Distribution of Labor, and thought the matter would better be settled definitely. Motion to refer was lost.",
    "puborder": 5872,
    "translations": []
  },
  {
    "para_id": "1673.6578",
    "id_prev": "1673.6577",
    "id_next": "1673.6579",
    "refcode_1": "GCB",
    "refcode_2": "441",
    "refcode_3": "7",
    "refcode_4": "1895",
    "refcode_short": "GCB March 3,  1895, page 441.7",
    "refcode_long": "General Conference Bulletin, vol. 1 March 3,  1895, page 441 paragraph 7",
    "element_type": "p",
    "element_subtype": "standard-indented",
    "content": "H. Shultz remarked that it is the object of the canvassing work to get books before the people, and he didn&rsquo;t see that it made any particular difference which conference did the work, so long as it was done; but he thought that the German workers in South Dakota would do excellent work in the territory of North Dakota, and favored the proposed change.",
    "puborder": 5873,
    "translations": []
  },
  {
    "para_id": "1673.6579",
    "id_prev": "1673.6578",
    "id_next": "1673.6580",
    "refcode_1": "GCB",
    "refcode_2": "441",
    "refcode_3": "8",
    "refcode_4": "1895",
    "refcode_short": "GCB March 3,  1895, page 441.8",
    "refcode_long": "General Conference Bulletin, vol. 1 March 3,  1895, page 441 paragraph 8",
    "element_type": "p",
    "element_subtype": "standard-indented",
    "content": "A. T. Jones remarked that the general interests of the cause would seem to favor the proposed change, while the objections to it were more local in their nature, and therefore the general interests should be considered.",
    "puborder": 5874,
    "translations": []
  },
  {
    "para_id": "1673.6580",
    "id_prev": "1673.6579",
    "id_next": "1673.6581",
    "refcode_1": "GCB",
    "refcode_2": "441",
    "refcode_3": "9",
    "refcode_4": "1895",
    "refcode_short": "GCB March 3,  1895, page 441.9",
    "refcode_long": "General Conference Bulletin, vol. 1 March 3,  1895, page 441 paragraph 9",
    "element_type": "p",
    "element_subtype": "standard-indented",
    "content": "C. M. Everest, N. W. Allee, and others, participated still further in the discussion, and the question being called, the vote was taken upon Recommendations 1 and 2, and they were carried without objection.",
    "puborder": 5875,
    "translations": []
  },
  {
    "para_id": "1673.6581",
    "id_prev": "1673.6580",
    "id_next": "1673.6582",
    "refcode_1": "GCB",
    "refcode_2": "441",
    "refcode_3": "10",
    "refcode_4": "1895",
    "refcode_short": "GCB March 3,  1895, page 441.10",
    "refcode_long": "General Conference Bulletin, vol. 1 March 3,  1895, page 441 paragraph 10",
    "element_type": "p",
    "element_subtype": "standard-indented",
    "content": "Recommendations 3 and 4 passed without discussion.",
    "puborder": 5876,
    "translations": []
  },
  {
    "para_id": "1673.6582",
    "id_prev": "1673.6581",
    "id_next": "1673.6583",
    "refcode_1": "GCB",
    "refcode_2": "441",
    "refcode_3": "11",
    "refcode_4": "1895",
    "refcode_short": "GCB March 3,  1895, page 441.11",
    "refcode_long": "General Conference Bulletin, vol. 1 March 3,  1895, page 441 paragraph 11",
    "element_type": "p",
    "element_subtype": "standard-indented",
    "content": "A. J. Read spoke to Recommendation 5, giving a brief account of the island of New Guinea, and expressed the willingness of himself and wife to go to that country if the brethren thought it advisable. He was willing to undergo the hardships and encounter the dangers to which they would be exposed, but regretted that they had not a preparation for the medical work. The Conference had partially provided for this, however, in sending a doctor along with them. The recommendation was carried.",
    "puborder": 5877,
    "translations": []
  },
  {
    "para_id": "1673.6583",
    "id_prev": "1673.6582",
    "id_next": "1673.6584",
    "refcode_1": "GCB",
    "refcode_2": "441",
    "refcode_3": "12",
    "refcode_4": "1895",
    "refcode_short": "GCB March 3,  1895, page 441.12",
    "refcode_long": "General Conference Bulletin, vol. 1 March 3,  1895, page 441 paragraph 12",
    "element_type": "p",
    "element_subtype": "standard-indented",
    "content": "E. H. Gates spoke to Recommendation 6, giving an interesting account of the Fiji Islands, and the work upon which those sent there would enter. Elder Cole had already expressed a wish to labor in these islands. The recommendation was carried.",
    "puborder": 5878,
    "translations": []
  },
  {
    "para_id": "1673.6584",
    "id_prev": "1673.6583",
    "id_next": "1673.6587",
    "refcode_1": "GCB",
    "refcode_2": "441",
    "refcode_3": "13",
    "refcode_4": "1895",
    "refcode_short": "GCB March 3,  1895, page 441.13",
    "refcode_long": "General Conference Bulletin, vol. 1 March 3,  1895, page 441 paragraph 13",
    "element_type": "p",
    "element_subtype": "standard-indented",
    "content": "Recommendation 7 was spoken to by F. M. Wilcox, who alluded to the interest which was awakening in Brazil. H. P. Holser spoke of the connection existing between those of Stangnowski&rsquo;s religious movement in Germany and in Brazil; said that a large number of this people were becoming interested in our work <span class=\"page-break\" data-page=\"442\"></span> in Germany, and the interest was by them communicated to their friends in Brazil. E. W. Snyder, from Brazil, made a few interesting remarks in reference to the work in that country. There are four hundred thousand Germans in Brazil. The canvassing work has accomplished much good. There are already a number of companies and individual Sabbath-keepers. Brazil is now open for the truth in all of its parts, and the prospects seem very favorable. There are about two thousand English-speaking people in Rio de Janeiro. It was also remarked by the Foreign Mission Secretary that Brother and Sister Graf had expressed an interest in this country, and a desire to labor there. The recommendation was carried.",
    "puborder": 5879,
    "translations": []
  },
  {
    "para_id": "1673.6587",
    "id_prev": "1673.6584",
    "id_next": "1673.6588",
    "refcode_1": "GCB",
    "refcode_2": "442",
    "refcode_3": "1",
    "refcode_4": "1895",
    "refcode_short": "GCB March 3,  1895, page 442.1",
    "refcode_long": "General Conference Bulletin, vol. 1 March 3,  1895, page 442 paragraph 1",
    "element_type": "p",
    "element_subtype": "standard-indented",
    "content": "Recommendation 8 was briefly spoken to by W. W. Prescott, who heartily commended those who had been chosen, and the recommendation was carried.",
    "puborder": 5880,
    "translations": []
  },
  {
    "para_id": "1673.6588",
    "id_prev": "1673.6587",
    "id_next": "1673.6589",
    "refcode_1": "GCB",
    "refcode_2": "442",
    "refcode_3": "2",
    "refcode_4": "1895",
    "refcode_short": "GCB March 3,  1895, page 442.2",
    "refcode_long": "General Conference Bulletin, vol. 1 March 3,  1895, page 442 paragraph 2",
    "element_type": "p",
    "element_subtype": "standard-indented",
    "content": "In regard to Number 9, the Chair stated that he felt a great relief, as did also the Foreign Mission Board, to know that their ship was under the charge of one who had had a wide experience in the different features of our work, and also in seafaring life. A. J. Read seconded the sentiments expressed by the Chair. The recommendation was carried.",
    "puborder": 5881,
    "translations": []
  },
  {
    "para_id": "1673.6589",
    "id_prev": "1673.6588",
    "id_next": "1673.6590",
    "refcode_1": "GCB",
    "refcode_2": "442",
    "refcode_3": "3",
    "refcode_4": "1895",
    "refcode_short": "GCB March 3,  1895, page 442.3",
    "refcode_long": "General Conference Bulletin, vol. 1 March 3,  1895, page 442 paragraph 3",
    "element_type": "p",
    "element_subtype": "standard-indented",
    "content": "Number 10 was carried without discussion.",
    "puborder": 5882,
    "translations": []
  },
  {
    "para_id": "1673.6590",
    "id_prev": "1673.6589",
    "id_next": "1673.6591",
    "refcode_1": "GCB",
    "refcode_2": "442",
    "refcode_3": "4",
    "refcode_4": "1895",
    "refcode_short": "GCB March 3,  1895, page 442.4",
    "refcode_long": "General Conference Bulletin, vol. 1 March 3,  1895, page 442 paragraph 4",
    "element_type": "p",
    "element_subtype": "standard-indented",
    "content": "F. M. Wilcox and E. W. Webster spoke to the eleventh recommendation. Brother Webster was willing to go anywhere. He had felt for a long time a deep impression upon his mind in reference to the work in Trinidad, and was not surprised when the recommendation came to him, and was willing to accept it as from the Lord, and believed that the Lord would go with them and assist them in their work.",
    "puborder": 5883,
    "translations": []
  },
  {
    "para_id": "1673.6591",
    "id_prev": "1673.6590",
    "id_next": "1673.6592",
    "refcode_1": "GCB",
    "refcode_2": "442",
    "refcode_3": "5",
    "refcode_4": "1895",
    "refcode_short": "GCB March 3,  1895, page 442.5",
    "refcode_long": "General Conference Bulletin, vol. 1 March 3,  1895, page 442 paragraph 5",
    "element_type": "p",
    "element_subtype": "standard-indented",
    "content": "A correction in the twelfth resolution was offered by H. Shultz, who stated that the name was V. P. Gade, of Kansas, and not of Wisconsin. The recommendation was carried.",
    "puborder": 5884,
    "translations": []
  },
  {
    "para_id": "1673.6592",
    "id_prev": "1673.6591",
    "id_next": "1673.6593",
    "refcode_1": "GCB",
    "refcode_2": "442",
    "refcode_3": "6",
    "refcode_4": "1895",
    "refcode_short": "GCB March 3,  1895, page 442.6",
    "refcode_long": "General Conference Bulletin, vol. 1 March 3,  1895, page 442 paragraph 6",
    "element_type": "p",
    "element_subtype": "standard-indented",
    "content": "In behalf of the Committee, A. J. Breed asked that the fourteenth recommendation be referred back for further consideration. Granted.",
    "puborder": 5885,
    "translations": []
  },
  {
    "para_id": "1673.6593",
    "id_prev": "1673.6592",
    "id_next": "1673.6594",
    "refcode_1": "GCB",
    "refcode_2": "442",
    "refcode_3": "7",
    "refcode_4": "1895",
    "refcode_short": "GCB March 3,  1895, page 442.7",
    "refcode_long": "General Conference Bulletin, vol. 1 March 3,  1895, page 442 paragraph 7",
    "element_type": "p",
    "element_subtype": "standard-indented",
    "content": "S. H. Lane said in regard to the fifteenth recommendation that he had always become strongly wedded to his field of labor wherever it had been. He felt a very strong attachment for the East, and thought he should feel the same if he were to go to a new appointment. The language of his heart was, &ldquo;Anywhere, dear Saviour, to work for Thee.&rdquo; Carried.",
    "puborder": 5886,
    "translations": []
  },
  {
    "para_id": "1673.6594",
    "id_prev": "1673.6593",
    "id_next": "1673.6595",
    "refcode_1": "GCB",
    "refcode_2": "442",
    "refcode_3": "8",
    "refcode_4": "1895",
    "refcode_short": "GCB March 3,  1895, page 442.8",
    "refcode_long": "General Conference Bulletin, vol. 1 March 3,  1895, page 442 paragraph 8",
    "element_type": "p",
    "element_subtype": "standard-indented",
    "content": "The other recommendations were carried without amendments, after brief observations from different members.",
    "puborder": 5887,
    "translations": []
  },
  {
    "para_id": "1673.6595",
    "id_prev": "1673.6594",
    "id_next": "1673.6596",
    "refcode_1": "GCB",
    "refcode_2": "442",
    "refcode_3": "9",
    "refcode_4": "1895",
    "refcode_short": "GCB March 3,  1895, page 442.9",
    "refcode_long": "General Conference Bulletin, vol. 1 March 3,  1895, page 442 paragraph 9",
    "element_type": "p",
    "element_subtype": "standard-indented",
    "content": "The report of the Committee on Credentials and Licenses, page 427 of the BULLETIN, was then taken up. O. A. Johnson moved that the report be accepted. The name of D. T. Bourdeau was referred to the Wisconsin Conference Committee.",
    "puborder": 5888,
    "translations": []
  },
  {
    "para_id": "1673.6596",
    "id_prev": "1673.6595",
    "id_next": "1673.6597",
    "refcode_1": "GCB",
    "refcode_2": "442",
    "refcode_3": "10",
    "refcode_4": "1895",
    "refcode_short": "GCB March 3,  1895, page 442.10",
    "refcode_long": "General Conference Bulletin, vol. 1 March 3,  1895, page 442 paragraph 10",
    "element_type": "p",
    "element_subtype": "standard-indented",
    "content": "The name of Z. G. Baharian was referred to the Central European Committee, for political reasons.",
    "puborder": 5889,
    "translations": []
  },
  {
    "para_id": "1673.6597",
    "id_prev": "1673.6596",
    "id_next": "1673.6598",
    "refcode_1": "GCB",
    "refcode_2": "442",
    "refcode_3": "11",
    "refcode_4": "1895",
    "refcode_short": "GCB March 3,  1895, page 442.11",
    "refcode_long": "General Conference Bulletin, vol. 1 March 3,  1895, page 442 paragraph 11",
    "element_type": "p",
    "element_subtype": "standard-indented",
    "content": "The names of M. C. Wilcox and M. H. Brown were taken from the list, as they belong to the California Conference, and receive their credentials there. The name of I. D. Van Horn was referred back to the Committee for further consideration. In all of these cases there was no question as to the fitness of the candidates, the only question being the locality.",
    "puborder": 5890,
    "translations": []
  },
  {
    "para_id": "1673.6598",
    "id_prev": "1673.6597",
    "id_next": "1673.6599",
    "refcode_1": "GCB",
    "refcode_2": "442",
    "refcode_3": "12",
    "refcode_4": "1895",
    "refcode_short": "GCB March 3,  1895, page 442.12",
    "refcode_long": "General Conference Bulletin, vol. 1 March 3,  1895, page 442 paragraph 12",
    "element_type": "p",
    "element_subtype": "standard-indented",
    "content": "The Committee on Credentials and Licenses presented an additional report as follows:&mdash;",
    "puborder": 5891,
    "translations": []
  },
  {
    "para_id": "1673.6599",
    "id_prev": "1673.6598",
    "id_next": "1673.6600",
    "refcode_1": "GCB",
    "refcode_2": "442",
    "refcode_3": "13",
    "refcode_4": "1895",
    "refcode_short": "GCB March 3,  1895, page 442.13",
    "refcode_long": "General Conference Bulletin, vol. 1 March 3,  1895, page 442 paragraph 13",
    "element_type": "p",
    "element_subtype": "standard-indented",
    "content": "For Credentials - G. W. Caviness, E. J. Hibbard, E. H. Gates.",
    "puborder": 5892,
    "translations": []
  },
  {
    "para_id": "1673.6600",
    "id_prev": "1673.6599",
    "id_next": "1673.6601",
    "refcode_1": "GCB",
    "refcode_2": "442",
    "refcode_3": "14",
    "refcode_4": "1895",
    "refcode_short": "GCB March 3,  1895, page 442.14",
    "refcode_long": "General Conference Bulletin, vol. 1 March 3,  1895, page 442 paragraph 14",
    "element_type": "p",
    "element_subtype": "standard-indented",
    "content": "For Ministerial License - T. Babienco, A. Barry, M. S. Babcock, J. C. Brooks, J. E. Caldwell, M. E. Cady, B. L. Dieffenbacher, P. Giddings, J. C. Foster, David Funk, J. O. Johnston, B. Jaeschke, H. Krumm, H. Kusmim, R. Klingbeil, H. R. Hanson, J. L&rdquo;bsack, Delos Lake, P. T. Magan, W. A. Miller, J. Peiper, G. Perk, Ellery Robinson, Carl Rasmussen, F. W. Spies, F. Shubert, Gottfried Tetz, C. D. M. Williams.",
    "puborder": 5893,
    "translations": []
  },
  {
    "para_id": "1673.6601",
    "id_prev": "1673.6600",
    "id_next": "1673.6602",
    "refcode_1": "GCB",
    "refcode_2": "442",
    "refcode_3": "15",
    "refcode_4": "1895",
    "refcode_short": "GCB March 3,  1895, page 442.15",
    "refcode_long": "General Conference Bulletin, vol. 1 March 3,  1895, page 442 paragraph 15",
    "element_type": "p",
    "element_subtype": "standard-indented",
    "content": "The Committee on Nominations submitted the additional report as follows:&mdash;",
    "puborder": 5894,
    "translations": []
  },
  {
    "para_id": "1673.6602",
    "id_prev": "1673.6601",
    "id_next": "1673.6603",
    "refcode_1": "GCB",
    "refcode_2": "442",
    "refcode_3": "16",
    "refcode_4": "1895",
    "refcode_short": "GCB March 3,  1895, page 442.16",
    "refcode_long": "General Conference Bulletin, vol. 1 March 3,  1895, page 442 paragraph 16",
    "element_type": "p",
    "element_subtype": "standard-indented",
    "content": "Board of Managers of Texas School - J. N. Loughborough, W. S. Greer, G. A. Nichols, B. F. Woods, T. T. Stevenson, H. W. Decker, J. M. Rees.",
    "puborder": 5895,
    "translations": []
  },
  {
    "para_id": "1673.6603",
    "id_prev": "1673.6602",
    "id_next": "1673.6604",
    "refcode_1": "GCB",
    "refcode_2": "442",
    "refcode_3": "17",
    "refcode_4": "1895",
    "refcode_short": "GCB March 3,  1895, page 442.17",
    "refcode_long": "General Conference Bulletin, vol. 1 March 3,  1895, page 442 paragraph 17",
    "element_type": "p",
    "element_subtype": "standard-indented",
    "content": "Labor Bureau - A. O. Tait, W. H. Edwards, W. C. Sisley.",
    "puborder": 5896,
    "translations": []
  },
  {
    "para_id": "1673.6604",
    "id_prev": "1673.6603",
    "id_next": "1673.6605",
    "refcode_1": "GCB",
    "refcode_2": "442",
    "refcode_3": "18",
    "refcode_4": "1895",
    "refcode_short": "GCB March 3,  1895, page 442.18",
    "refcode_long": "General Conference Bulletin, vol. 1 March 3,  1895, page 442 paragraph 18",
    "element_type": "p",
    "element_subtype": "standard-indented",
    "content": "Additional Members of the Foreign Mission Board - J. H. Kellogg, L. Mc Coy.",
    "puborder": 5897,
    "translations": []
  },
  {
    "para_id": "1673.6605",
    "id_prev": "1673.6604",
    "id_next": "1673.6606",
    "refcode_1": "GCB",
    "refcode_2": "442",
    "refcode_3": "19",
    "refcode_4": "1895",
    "refcode_short": "GCB March 3,  1895, page 442.19",
    "refcode_long": "General Conference Bulletin, vol. 1 March 3,  1895, page 442 paragraph 19",
    "element_type": "p",
    "element_subtype": "standard-indented",
    "content": "General Conference Association, Executive Board - O. A. Olsen, A. R. Henry, W. W. Prescott, H. Lindsay, G. A. Irwin, L. L. Lawrence, A. J. Breed, W. B. White, S. H. Lane, I. H. Evans, C. H. Jones, J. H. Morrison, R. S. Donnell, W. S. Hyatt, Allen Moon, N. W. Allee, C. L. Boyd, R. M. Kilgore, J. N. Loughborough, R. C. Porter, T. A. Kilgore.",
    "puborder": 5898,
    "translations": []
  },
  {
    "para_id": "1673.6606",
    "id_prev": "1673.6605",
    "id_next": "1673.6607",
    "refcode_1": "GCB",
    "refcode_2": "442",
    "refcode_3": "20",
    "refcode_4": "1895",
    "refcode_short": "GCB March 3,  1895, page 442.20",
    "refcode_long": "General Conference Bulletin, vol. 1 March 3,  1895, page 442 paragraph 20",
    "element_type": "p",
    "element_subtype": "standard-indented",
    "content": "The Committee on Distribution of Labor presented the following additional report:&mdash;",
    "puborder": 5899,
    "translations": []
  },
  {
    "para_id": "1673.6607",
    "id_prev": "1673.6606",
    "id_next": "1673.6608",
    "refcode_1": "GCB",
    "refcode_2": "442",
    "refcode_3": "21",
    "refcode_4": "1895",
    "refcode_short": "GCB March 3,  1895, page 442.21",
    "refcode_long": "General Conference Bulletin, vol. 1 March 3,  1895, page 442 paragraph 21",
    "element_type": "p",
    "element_subtype": "standard-indented",
    "content": "23. That Elder D. H. Lamson, of Nebraska, go to the Indiana Conference to labor.",
    "puborder": 5900,
    "translations": []
  },
  {
    "para_id": "1673.6608",
    "id_prev": "1673.6607",
    "id_next": "1673.6609",
    "refcode_1": "GCB",
    "refcode_2": "442",
    "refcode_3": "22",
    "refcode_4": "1895",
    "refcode_short": "GCB March 3,  1895, page 442.22",
    "refcode_long": "General Conference Bulletin, vol. 1 March 3,  1895, page 442 paragraph 22",
    "element_type": "p",
    "element_subtype": "standard-indented",
    "content": "24. That Elder Smith Sharp labor in the Cumberland mission field.",
    "puborder": 5901,
    "translations": []
  },
  {
    "para_id": "1673.6609",
    "id_prev": "1673.6608",
    "id_next": "1673.6610",
    "refcode_1": "GCB",
    "refcode_2": "442",
    "refcode_3": "23",
    "refcode_4": "1895",
    "refcode_short": "GCB March 3,  1895, page 442.23",
    "refcode_long": "General Conference Bulletin, vol. 1 March 3,  1895, page 442 paragraph 23",
    "element_type": "p",
    "element_subtype": "standard-indented",
    "content": "25. That Elder D. H. Oberholtzer, of Indiana, go to Kansas to labor.",
    "puborder": 5902,
    "translations": []
  },
  {
    "para_id": "1673.6610",
    "id_prev": "1673.6609",
    "id_next": "1673.6611",
    "refcode_1": "GCB",
    "refcode_2": "442",
    "refcode_3": "24",
    "refcode_4": "1895",
    "refcode_short": "GCB March 3,  1895, page 442.24",
    "refcode_long": "General Conference Bulletin, vol. 1 March 3,  1895, page 442 paragraph 24",
    "element_type": "p",
    "element_subtype": "standard-indented",
    "content": "26. That R. W. Parmelee, of Michigan, go to Oklahoma, and take the place made vacant by the removal of E. R. Palmer.",
    "puborder": 5903,
    "translations": []
  },
  {
    "para_id": "1673.6611",
    "id_prev": "1673.6610",
    "id_next": "1673.6612",
    "refcode_1": "GCB",
    "refcode_2": "442",
    "refcode_3": "25",
    "refcode_4": "1895",
    "refcode_short": "GCB March 3,  1895, page 442.25",
    "refcode_long": "General Conference Bulletin, vol. 1 March 3,  1895, page 442 paragraph 25",
    "element_type": "p",
    "element_subtype": "standard-indented",
    "content": "27. That Elder H. J. Farman, of New England, and Elder G. E. Langdon, of Nebraska, go the Maritime Provinces to labor.",
    "puborder": 5904,
    "translations": []
  },
  {
    "para_id": "1673.6612",
    "id_prev": "1673.6611",
    "id_next": "1673.6613",
    "refcode_1": "GCB",
    "refcode_2": "442",
    "refcode_3": "26",
    "refcode_4": "1895",
    "refcode_short": "GCB March 3,  1895, page 442.26",
    "refcode_long": "General Conference Bulletin, vol. 1 March 3,  1895, page 442 paragraph 26",
    "element_type": "p",
    "element_subtype": "standard-indented",
    "content": "28. That Henry Duerkson, of North Dakota, go to Wisconsin to labor.",
    "puborder": 5905,
    "translations": []
  },
  {
    "para_id": "1673.6613",
    "id_prev": "1673.6612",
    "id_next": "1673.6614",
    "refcode_1": "GCB",
    "refcode_2": "442",
    "refcode_3": "27",
    "refcode_4": "1895",
    "refcode_short": "GCB March 3,  1895, page 442.27",
    "refcode_long": "General Conference Bulletin, vol. 1 March 3,  1895, page 442 paragraph 27",
    "element_type": "p",
    "element_subtype": "standard-indented",
    "content": "29. That M. S. Babcock labor in District No. 2, under the direction of the superintendent of the same.",
    "puborder": 5906,
    "translations": []
  },
  {
    "para_id": "1673.6614",
    "id_prev": "1673.6613",
    "id_next": "1673.6615",
    "refcode_1": "GCB",
    "refcode_2": "442",
    "refcode_3": "28",
    "refcode_4": "1895",
    "refcode_short": "GCB March 3,  1895, page 442.28",
    "refcode_long": "General Conference Bulletin, vol. 1 March 3,  1895, page 442 paragraph 28",
    "element_type": "p",
    "element_subtype": "standard-indented",
    "content": "30. That Elder E. A. Merrell and wife, of Illinois, go to the Texas Conference to labor.",
    "puborder": 5907,
    "translations": []
  },
  {
    "para_id": "1673.6615",
    "id_prev": "1673.6614",
    "id_next": "1673.6617",
    "refcode_1": "GCB",
    "refcode_2": "442",
    "refcode_3": "29",
    "refcode_4": "1895",
    "refcode_short": "GCB March 3,  1895, page 442.29",
    "refcode_long": "General Conference Bulletin, vol. 1 March 3,  1895, page 442 paragraph 29",
    "element_type": "p",
    "element_subtype": "standard-indented",
    "content": "31. That the name of Elder E. H. Gates be referred to the Foreign Mission Board for appointment, as soon as he is in a condition of health to engage in active labor.",
    "puborder": 5908,
    "translations": []
  },
  {
    "para_id": "1673.6617",
    "id_prev": "1673.6615",
    "id_next": "1673.6618",
    "refcode_1": "GCB",
    "refcode_2": "443",
    "refcode_3": "1",
    "refcode_4": "1895",
    "refcode_short": "GCB March 3,  1895, page 443.1",
    "refcode_long": "General Conference Bulletin, vol. 1 March 3,  1895, page 443 paragraph 1",
    "element_type": "p",
    "element_subtype": "standard-indented",
    "content": "32. That C. N. Perrin and Nettie Perrin go to Jamaica to engage in the canvassing work, the former to take charge of the canvassing work in the island.",
    "puborder": 5909,
    "translations": []
  },
  {
    "para_id": "1673.6618",
    "id_prev": "1673.6617",
    "id_next": "1673.6619",
    "refcode_1": "GCB",
    "refcode_2": "443",
    "refcode_3": "2",
    "refcode_4": "1895",
    "refcode_short": "GCB March 3,  1895, page 443.2",
    "refcode_long": "General Conference Bulletin, vol. 1 March 3,  1895, page 443 paragraph 2",
    "element_type": "p",
    "element_subtype": "standard-indented",
    "content": "33. That A. F. and J. T. Berger, of Washington, go to Brazil to canvass among the Germans.",
    "puborder": 5910,
    "translations": []
  },
  {
    "para_id": "1673.6619",
    "id_prev": "1673.6618",
    "id_next": "1673.6620",
    "refcode_1": "GCB",
    "refcode_2": "443",
    "refcode_3": "3",
    "refcode_4": "1895",
    "refcode_short": "GCB March 3,  1895, page 443.3",
    "refcode_long": "General Conference Bulletin, vol. 1 March 3,  1895, page 443 paragraph 3",
    "element_type": "p",
    "element_subtype": "standard-indented",
    "content": "34. That D. U. Hale, of Texas, and G. P. Riggs, of Florida, go to West Africa in company with W. W. Eastman.",
    "puborder": 5911,
    "translations": []
  },
  {
    "para_id": "1673.6620",
    "id_prev": "1673.6619",
    "id_next": "1673.6621",
    "refcode_1": "GCB",
    "refcode_2": "443",
    "refcode_3": "4",
    "refcode_4": "1895",
    "refcode_short": "GCB March 3,  1895, page 443.4",
    "refcode_long": "General Conference Bulletin, vol. 1 March 3,  1895, page 443 paragraph 4",
    "element_type": "p",
    "element_subtype": "standard-indented",
    "content": "35. That Elder S. S. Shrock, of Kansas, go to Ohio to labor.",
    "puborder": 5912,
    "translations": []
  },
  {
    "para_id": "1673.6621",
    "id_prev": "1673.6620",
    "id_next": "1673.6622",
    "refcode_1": "GCB",
    "refcode_2": "443",
    "refcode_3": "5",
    "refcode_4": "1895",
    "refcode_short": "GCB March 3,  1895, page 443.5",
    "refcode_long": "General Conference Bulletin, vol. 1 March 3,  1895, page 443 paragraph 5",
    "element_type": "p",
    "element_subtype": "standard-indented",
    "content": "36. That Elder I. D. Van Horn take the presidency of the Ohio Conference made vacant by the placing of Elder G. A. Irwin on the General Conference Committee.",
    "puborder": 5913,
    "translations": []
  },
  {
    "para_id": "1673.6622",
    "id_prev": "1673.6621",
    "id_next": "1673.6623",
    "refcode_1": "GCB",
    "refcode_2": "443",
    "refcode_3": "6",
    "refcode_4": "1895",
    "refcode_short": "GCB March 3,  1895, page 443.6",
    "refcode_long": "General Conference Bulletin, vol. 1 March 3,  1895, page 443 paragraph 6",
    "element_type": "p",
    "element_subtype": "standard-indented",
    "content": "The Chair announced the following appointments of General Conference District Superintendents, in accordance with the suggestion of the Committee on Nominations:&mdash;",
    "puborder": 5914,
    "translations": []
  },
  {
    "para_id": "1673.6623",
    "id_prev": "1673.6622",
    "id_next": "1673.6624",
    "refcode_1": "GCB",
    "refcode_2": "443",
    "refcode_3": "7",
    "refcode_4": "1895",
    "refcode_short": "GCB March 3,  1895, page 443.7",
    "refcode_long": "General Conference Bulletin, vol. 1 March 3,  1895, page 443 paragraph 7",
    "element_type": "p",
    "element_subtype": "standard-indented",
    "content": "District No. 1, R. C. Porter; No. 2, G. A. Irwin; No. 3, J. H. Morrison; No. 4, J. H. Durland; No. 5, J. N. Loughborough; No. 6, A. J. Breed; No. 7, W. C. White; No. 8, H. P. Holser.",
    "puborder": 5915,
    "translations": []
  },
  {
    "para_id": "1673.6624",
    "id_prev": "1673.6623",
    "id_next": "1673.6625",
    "refcode_1": "GCB",
    "refcode_2": "443",
    "refcode_3": "8",
    "refcode_4": "1895",
    "refcode_short": "GCB March 3,  1895, page 443.8",
    "refcode_long": "General Conference Bulletin, vol. 1 March 3,  1895, page 443 paragraph 8",
    "element_type": "p",
    "element_subtype": "standard-indented",
    "content": "The Chair then renewed his admonition in regard to the necessity of expedition in the transaction of business, because the time allotted to the meeting was rapidly drawing to a close.",
    "puborder": 5916,
    "translations": []
  },
  {
    "para_id": "1673.6625",
    "id_prev": "1673.6624",
    "id_next": "1673.6626",
    "refcode_1": "GCB",
    "refcode_2": "443",
    "refcode_3": "9",
    "refcode_4": "1895",
    "refcode_short": "GCB March 3,  1895, page 443.9",
    "refcode_long": "General Conference Bulletin, vol. 1 March 3,  1895, page 443 paragraph 9",
    "element_type": "p",
    "element_subtype": "standard-indented",
    "content": "Meeting adjourned.",
    "puborder": 5917,
    "translations": []
  },
  {
    "para_id": "1673.6626",
    "id_prev": "1673.6625",
    "id_next": "1673.6627",
    "refcode_1": "GCB",
    "refcode_2": "443",
    "refcode_3": "10",
    "refcode_4": "1895",
    "refcode_short": "GCB March 3,  1895, page 443.10",
    "refcode_long": "General Conference Bulletin, vol. 1 March 3,  1895, page 443 paragraph 10",
    "element_type": "p",
    "element_subtype": "standard-indented",
    "content": "At the close of the meeting of the International Tract Society on the afternoon following, the Committee on Distribution of Labor presented an additional report, as follows:&mdash;",
    "puborder": 5918,
    "translations": []
  },
  {
    "para_id": "1673.6627",
    "id_prev": "1673.6626",
    "id_next": "1673.6628",
    "refcode_1": "GCB",
    "refcode_2": "443",
    "refcode_3": "11",
    "refcode_4": "1895",
    "refcode_short": "GCB March 3,  1895, page 443.11",
    "refcode_long": "General Conference Bulletin, vol. 1 March 3,  1895, page 443 paragraph 11",
    "element_type": "p",
    "element_subtype": "standard-indented",
    "content": "37. That Lucy Post, of Ohio, go to Argentina to engage in Bible work.",
    "puborder": 5919,
    "translations": []
  },
  {
    "para_id": "1673.6628",
    "id_prev": "1673.6627",
    "id_next": "1673.6629",
    "refcode_1": "GCB",
    "refcode_2": "443",
    "refcode_3": "12",
    "refcode_4": "1895",
    "refcode_short": "GCB March 3,  1895, page 443.12",
    "refcode_long": "General Conference Bulletin, vol. 1 March 3,  1895, page 443 paragraph 12",
    "element_type": "p",
    "element_subtype": "standard-indented",
    "content": "38. That Elder James A. Morrow, of Kansas, connect in labor with the Central American Mission, under the direction of Elder F. J. Hutchins.",
    "puborder": 5920,
    "translations": []
  },
  {
    "para_id": "1673.6629",
    "id_prev": "1673.6628",
    "id_next": "1673.6630",
    "refcode_1": "GCB",
    "refcode_2": "443",
    "refcode_3": "13",
    "refcode_4": "1895",
    "refcode_short": "GCB March 3,  1895, page 443.13",
    "refcode_long": "General Conference Bulletin, vol. 1 March 3,  1895, page 443 paragraph 13",
    "element_type": "p",
    "element_subtype": "standard-indented",
    "content": "39. That Elder John A. Brunson and wife be referred to the General Conference Committee for appointment, as soon as they are prepared to take up labor.",
    "puborder": 5921,
    "translations": []
  },
  {
    "para_id": "1673.6630",
    "id_prev": "1673.6629",
    "id_next": "1673.6631",
    "refcode_1": "GCB",
    "refcode_2": "443",
    "refcode_3": "14",
    "refcode_4": "1895",
    "refcode_short": "GCB March 3,  1895, page 443.14",
    "refcode_long": "General Conference Bulletin, vol. 1 March 3,  1895, page 443 paragraph 14",
    "element_type": "p",
    "element_subtype": "standard-indented",
    "content": "40. That Elder W. S. Cruzan, of Texas, connect with the Missouri Conference.",
    "puborder": 5922,
    "translations": []
  },
  {
    "para_id": "1673.6631",
    "id_prev": "1673.6630",
    "id_next": "1673.6632",
    "refcode_1": "GCB",
    "refcode_2": "443",
    "refcode_3": "15",
    "refcode_4": "1895",
    "refcode_short": "GCB March 3,  1895, page 443.15",
    "refcode_long": "General Conference Bulletin, vol. 1 March 3,  1895, page 443 paragraph 15",
    "element_type": "p",
    "element_subtype": "standard-indented",
    "content": "41. That Elder W. T. Drummond, of Texas, and Elder W. N. Hyatt, of Nebraska, exchange fields of labor.",
    "puborder": 5923,
    "translations": []
  },
  {
    "para_id": "1673.6632",
    "id_prev": "1673.6631",
    "id_next": "1673.6633",
    "refcode_1": "GCB",
    "refcode_2": "443",
    "refcode_3": "16",
    "refcode_4": "1895",
    "refcode_short": "GCB March 3,  1895, page 443.16",
    "refcode_long": "General Conference Bulletin, vol. 1 March 3,  1895, page 443 paragraph 16",
    "element_type": "p",
    "element_subtype": "standard-indented",
    "content": "The Committee on Credentials and Licenses at the same time reported further as follows:&mdash;",
    "puborder": 5924,
    "translations": []
  },
  {
    "para_id": "1673.6633",
    "id_prev": "1673.6632",
    "id_next": "1673.6634",
    "refcode_1": "GCB",
    "refcode_2": "443",
    "refcode_3": "17",
    "refcode_4": "1895",
    "refcode_short": "GCB March 3,  1895, page 443.17",
    "refcode_long": "General Conference Bulletin, vol. 1 March 3,  1895, page 443 paragraph 17",
    "element_type": "p",
    "element_subtype": "standard-indented",
    "content": "Credentials - G. E. Langdon, H. J. Farman, O. Johnson, L. Johnson, E. J. Ahrens, Matthew Larson.",
    "puborder": 5925,
    "translations": []
  },
  {
    "para_id": "1673.6634",
    "id_prev": "1673.6633",
    "id_next": "1673.6635",
    "refcode_1": "GCB",
    "refcode_2": "443",
    "refcode_3": "18",
    "refcode_4": "1895",
    "refcode_short": "GCB March 3,  1895, page 443.18",
    "refcode_long": "General Conference Bulletin, vol. 1 March 3,  1895, page 443 paragraph 18",
    "element_type": "p",
    "element_subtype": "standard-indented",
    "content": "Ministerial License - W. H. Anderson, C. E. Shafer, J. W. Loughhead, J. A. Brunson, E. L. Stewart, E. C. Chapman, E. S. Butz.",
    "puborder": 5926,
    "translations": []
  },
  {
    "para_id": "1673.6635",
    "id_prev": "1673.6634",
    "id_next": "1673.6636",
    "refcode_1": "GCB",
    "refcode_2": "443",
    "refcode_3": "19",
    "refcode_4": "1895",
    "refcode_short": "GCB March 3,  1895, page 443.19",
    "refcode_long": "General Conference Bulletin, vol. 1 March 3,  1895, page 443 paragraph 19",
    "element_type": "p",
    "element_subtype": "standard-indented",
    "content": "Missionary License - Mrs. Emma Shafer, D. W. Reavis, Earnest D. Haskell, Ida Simmons, A. La Rue, Mrs. Amelia Shireman, Mrs. F. J. Hutchins, Mrs. A. J. Read, Mrs. B. J. Cady, Mrs. M. J. Cole, Mrs. E. C. Chapman, J. R. McCoy, Dr. M. G. Kellogg, Marcus Ashley, Anna Agee, C. Beneche, Jacob Duerksen, Anna Hammond, Annie Hemming, G. K. Rudolph, Frank C. Kelley, Otto Madsen, Capt. G. Masters, John Perk, C. L. Kilgore, Mettie Sharp, W. H. Thurston, Dora Vetter, Martha Wintzen, Miss Georgia Burrus, F. L. Mead, A. F. Harrison, Z. Sherrig, R. B. Craig, L. Dyo Chambers, J. E. White, Paul J. Dean, W. O. Palmer, W. H. McKee, J. Christiansen.",
    "puborder": 5927,
    "translations": []
  }
]