[
  {
    "para_id": "1673.11393",
    "id_prev": "1673.11392",
    "id_next": "1673.11394",
    "refcode_1": "GCB",
    "refcode_2": "646",
    "refcode_3": "",
    "refcode_4": "1896",
    "refcode_short": "GCB January 1,  1896, page 646",
    "refcode_long": "General Conference Bulletin, vol. 1 January 1,  1896, page 646",
    "element_type": "h4",
    "element_subtype": "",
    "content": "NEW ENTERPRISES",
    "puborder": 10390,
    "translations": []
  },
  {
    "para_id": "1673.11394",
    "id_prev": "1673.11393",
    "id_next": "1673.11395",
    "refcode_1": "GCB",
    "refcode_2": "646",
    "refcode_3": "",
    "refcode_4": "1896",
    "refcode_short": "",
    "refcode_long": "",
    "element_type": "p",
    "element_subtype": "center",
    "content": "L. T. NICOLA",
    "puborder": 10391,
    "translations": []
  },
  {
    "para_id": "1673.11395",
    "id_prev": "1673.11394",
    "id_next": "1673.11396",
    "refcode_1": "GCB",
    "refcode_2": "646",
    "refcode_3": "3",
    "refcode_4": "1896",
    "refcode_short": "GCB January 1,  1896, page 646.3",
    "refcode_long": "General Conference Bulletin, vol. 1 January 1,  1896, page 646 paragraph 3",
    "element_type": "p",
    "element_subtype": "standard-indented",
    "content": "During the year the American Medical Missionary College has been incorporated, and has begun work with forty promising students. This important step gives evidence of the increased interest taken by our people in the Health and Medical Missionary work.",
    "puborder": 10392,
    "translations": []
  },
  {
    "para_id": "1673.11396",
    "id_prev": "1673.11395",
    "id_next": "1673.11397",
    "refcode_1": "GCB",
    "refcode_2": "646",
    "refcode_3": "4",
    "refcode_4": "1896",
    "refcode_short": "GCB January 1,  1896, page 646.4",
    "refcode_long": "General Conference Bulletin, vol. 1 January 1,  1896, page 646 paragraph 4",
    "element_type": "p",
    "element_subtype": "standard-indented",
    "content": "In 1894 Dr. O. G. Place took charge of the health work begun in Boulder, Col., which had such an encouraging growth that it became necessary in the early part of &lsquo;95 to purchase a site and erect permanent buildings. Two cottages containing fourteen rooms each were soon erected, and as soon filled. The main building will shortly be completed, and will furnish accommodation for seventy-five patients. The outlook for the future success of the institution is most encouraging.",
    "puborder": 10393,
    "translations": []
  },
  {
    "para_id": "1673.11397",
    "id_prev": "1673.11396",
    "id_next": "1673.11398",
    "refcode_1": "GCB",
    "refcode_2": "646",
    "refcode_3": "5",
    "refcode_4": "1896",
    "refcode_short": "GCB January 1,  1896, page 646.5",
    "refcode_long": "General Conference Bulletin, vol. 1 January 1,  1896, page 646 paragraph 5",
    "element_type": "p",
    "element_subtype": "standard-indented",
    "content": "The Sanitarium at College View, Neb., is having its facilities enlarged to meet the needs of the increased patronage.",
    "puborder": 10394,
    "translations": []
  },
  {
    "para_id": "1673.11398",
    "id_prev": "1673.11397",
    "id_next": "1673.11399",
    "refcode_1": "GCB",
    "refcode_2": "646",
    "refcode_3": "6",
    "refcode_4": "1896",
    "refcode_short": "GCB January 1,  1896, page 646.6",
    "refcode_long": "General Conference Bulletin, vol. 1 January 1,  1896, page 646 paragraph 6",
    "element_type": "p",
    "element_subtype": "standard-indented",
    "content": "At Portland, Ore., the health work has been placed under the direction of the General Conference and Medical Missionary Board, with Dr. Belknap as superintendent.",
    "puborder": 10395,
    "translations": []
  },
  {
    "para_id": "1673.11399",
    "id_prev": "1673.11398",
    "id_next": "1673.11400",
    "refcode_1": "GCB",
    "refcode_2": "646",
    "refcode_3": "7",
    "refcode_4": "1896",
    "refcode_short": "GCB January 1,  1896, page 646.7",
    "refcode_long": "General Conference Bulletin, vol. 1 January 1,  1896, page 646 paragraph 7",
    "element_type": "p",
    "element_subtype": "standard-indented",
    "content": "The work at Guadalajara, Mexico, is rapidly growing in importance. A suitable site has been purchased, and preparations for erecting the necessary buildings are in progress. Money is needed to push this enterprise forward to completion.",
    "puborder": 10396,
    "translations": []
  },
  {
    "para_id": "1673.11400",
    "id_prev": "1673.11399",
    "id_next": "1673.11401",
    "refcode_1": "GCB",
    "refcode_2": "646",
    "refcode_3": "8",
    "refcode_4": "1896",
    "refcode_short": "GCB January 1,  1896, page 646.8",
    "refcode_long": "General Conference Bulletin, vol. 1 January 1,  1896, page 646 paragraph 8",
    "element_type": "p",
    "element_subtype": "standard-indented",
    "content": "The last General Conference took measures to open a sanitarium at Basle, Switzerland, in the building heretofore occupied by our printing establishment. This has been carried into effect. Dr. De Forest is already at work with proper assistants.",
    "puborder": 10397,
    "translations": []
  },
  {
    "para_id": "1673.11401",
    "id_prev": "1673.11400",
    "id_next": "1673.11402",
    "refcode_1": "GCB",
    "refcode_2": "646",
    "refcode_3": "9",
    "refcode_4": "1896",
    "refcode_short": "GCB January 1,  1896, page 646.9",
    "refcode_long": "General Conference Bulletin, vol. 1 January 1,  1896, page 646 paragraph 9",
    "element_type": "p",
    "element_subtype": "standard-indented",
    "content": "A medical mission has been established on the Samoan Islands, with Dr. Braucht at its head.",
    "puborder": 10398,
    "translations": []
  },
  {
    "para_id": "1673.11402",
    "id_prev": "1673.11401",
    "id_next": "1673.11403",
    "refcode_1": "GCB",
    "refcode_2": "646",
    "refcode_3": "10",
    "refcode_4": "1896",
    "refcode_short": "GCB January 1,  1896, page 646.10",
    "refcode_long": "General Conference Bulletin, vol. 1 January 1,  1896, page 646 paragraph 10",
    "element_type": "p",
    "element_subtype": "standard-indented",
    "content": "Last fall the work was opened up in India, and we are receiving encouraging reports from Elder D. A. Robinson, who has charge of the work in that field. A doctor and nurses will have to be sent there soon.",
    "puborder": 10399,
    "translations": []
  },
  {
    "para_id": "1673.11403",
    "id_prev": "1673.11402",
    "id_next": "1673.11404",
    "refcode_1": "GCB",
    "refcode_2": "646",
    "refcode_3": "11",
    "refcode_4": "1896",
    "refcode_short": "GCB January 1,  1896, page 646.11",
    "refcode_long": "General Conference Bulletin, vol. 1 January 1,  1896, page 646 paragraph 11",
    "element_type": "p",
    "element_subtype": "standard-indented",
    "content": "At the time of our council meeting last October, a communication came to the General Conference Association and the Medical Missionary Board, from the managing board of the Rural Health Retreat, at St. Helena, Cal., requesting the General Conference Association and the Medical Missionary Board to take charge of the running of the institution. This request met with favor, and a joint committee composed of J. H. Kellogg, A. J. Breed, A. R. Henry, C. H. Jones, and O. A. Olsen, were appointed to negotiate with the Retreat Board. This committee met with the Board and stockholders on Dec. 19, 1895, and arrangements were made by which the Medical Missionary Association took charge of the medical work, and the General Conference Association the general management of the business of the institution. The object of this move was to enhance the efficiency of the Retreat, and effectually aid it in carrying forward the work which God has called it to do. Dr. W. H. Maxson continues as superintendent, while Irving Keck, formerly of Florida, has been appointed business manager.",
    "puborder": 10400,
    "translations": []
  }
]