[
  {
    "para_id": "1673.13688",
    "id_prev": "1673.13687",
    "id_next": "1673.13689",
    "refcode_1": "GCB",
    "refcode_2": "716",
    "refcode_3": "",
    "refcode_4": "1896",
    "refcode_short": "GCB July 1,  1896, page 716",
    "refcode_long": "General Conference Bulletin, vol. 1 July 1,  1896, page 716",
    "element_type": "h4",
    "element_subtype": "",
    "content": "FINANCIAL STATEMENT OF THE ECHO PUBLISHING CO., LIMITED",
    "puborder": 12593,
    "translations": []
  },
  {
    "para_id": "1673.13689",
    "id_prev": "1673.13688",
    "id_next": "1673.13690",
    "refcode_1": "GCB",
    "refcode_2": "716",
    "refcode_3": "",
    "refcode_4": "1896",
    "refcode_short": "",
    "refcode_long": "",
    "element_type": "p",
    "element_subtype": "center",
    "content": "L. T. NICOLA",
    "puborder": 12594,
    "translations": []
  },
  {
    "para_id": "1673.13690",
    "id_prev": "1673.13689",
    "id_next": "1673.13691",
    "refcode_1": "GCB",
    "refcode_2": "716",
    "refcode_3": "",
    "refcode_4": "1896",
    "refcode_short": "",
    "refcode_long": "",
    "element_type": "p",
    "element_subtype": "center",
    "content": "<strong>For the Year Ending June 30, 1896.</strong>",
    "puborder": 12595,
    "translations": []
  },
  {
    "para_id": "1673.13691",
    "id_prev": "1673.13690",
    "id_next": "1673.13692",
    "refcode_1": "GCB",
    "refcode_2": "716",
    "refcode_3": "",
    "refcode_4": "1896",
    "refcode_short": "GCB July 1,  1896, page 716",
    "refcode_long": "General Conference Bulletin, vol. 1 July 1,  1896, page 716",
    "element_type": "h5",
    "element_subtype": "",
    "content": "RESOURCES",
    "puborder": 12596,
    "translations": []
  },
  {
    "para_id": "1673.13692",
    "id_prev": "1673.13691",
    "id_next": "1673.13693",
    "refcode_1": "GCB",
    "refcode_2": "716",
    "refcode_3": "",
    "refcode_4": "1896",
    "refcode_short": "",
    "refcode_long": "",
    "element_type": "p",
    "element_subtype": "periodicalauthor",
    "content": "No Authorcode",
    "puborder": 12597,
    "translations": []
  },
  {
    "para_id": "1673.13693",
    "id_prev": "1673.13692",
    "id_next": "1673.13694",
    "refcode_1": "GCB",
    "refcode_2": "716",
    "refcode_3": "",
    "refcode_4": "1896",
    "refcode_short": "GCB July 1,  1896, page 716",
    "refcode_long": "General Conference Bulletin, vol. 1 July 1,  1896, page 716",
    "element_type": "table",
    "element_subtype": "table1",
    "content": "\r\n<tr><td>Cash</td><td align=\"right\">$ 95 06</td></tr>\r\n<tr><td>Bank Account</td><td align=\"right\">156 35</td></tr>\r\n<tr><td>Real Estate</td><td align=\"right\">16,198 95</td></tr>\r\n<tr><td>Office Furniture</td><td align=\"right\">645 36</td></tr>\r\n<tr><td>Printing Department Inventory</td><td align=\"right\">18,111 87</td></tr>\r\n<tr><td>Subscription Book Account</td><td align=\"right\">9,405 33</td></tr>\r\n<tr><td>Trade Book Account</td><td align=\"right\">4,149 91</td></tr>\r\n<tr><td>Calendar Account, No. 7</td><td align=\"right\">790 33</td></tr>\r\n<tr><td>Book Department Inventory</td><td align=\"right\">105 20</td></tr>\r\n<tr><td>Australian Tract Society Account</td><td align=\"right\">9,756 82</td></tr>\r\n<tr><td>&ldquo;Echo&rdquo; Library</td><td align=\"right\">146 10</td></tr>\r\n<tr><td>Current Accounts</td><td align=\"right\">3,987 87</td></tr>\r\n<tr><td>Australian Conference Fund Account</td><td align=\"right\">2,384 28</td></tr>\r\n<tr><td>Office Stationery</td><td align=\"right\">128 60</td></tr>\r\n<tr><td>New South Wales Conference</td><td align=\"right\">1,628 13</td></tr>\r\n<tr><td>New Zealand Tract Society</td><td align=\"right\">871 50</td></tr>\r\n<tr><td>Total</td><td align=\"right\">$ 68,561 66</td></tr>\r\n",
    "puborder": 12598,
    "translations": []
  },
  {
    "para_id": "1673.13694",
    "id_prev": "1673.13693",
    "id_next": "1673.13695",
    "refcode_1": "GCB",
    "refcode_2": "716",
    "refcode_3": "",
    "refcode_4": "1896",
    "refcode_short": "GCB July 1,  1896, page 716",
    "refcode_long": "General Conference Bulletin, vol. 1 July 1,  1896, page 716",
    "element_type": "h5",
    "element_subtype": "",
    "content": "LIABILITIES",
    "puborder": 12599,
    "translations": []
  },
  {
    "para_id": "1673.13695",
    "id_prev": "1673.13694",
    "id_next": "1673.13696",
    "refcode_1": "GCB",
    "refcode_2": "716",
    "refcode_3": "",
    "refcode_4": "1896",
    "refcode_short": "",
    "refcode_long": "",
    "element_type": "p",
    "element_subtype": "periodicalauthor",
    "content": "No Authorcode",
    "puborder": 12600,
    "translations": []
  },
  {
    "para_id": "1673.13696",
    "id_prev": "1673.13695",
    "id_next": "1673.13697",
    "refcode_1": "GCB",
    "refcode_2": "716",
    "refcode_3": "",
    "refcode_4": "1896",
    "refcode_short": "GCB July 1,  1896, page 716",
    "refcode_long": "General Conference Bulletin, vol. 1 July 1,  1896, page 716",
    "element_type": "table",
    "element_subtype": "table1",
    "content": "\r\n<tr><td>General Conference Account</td><td align=\"right\">$ 7,196 01</td></tr>\r\n<tr><td>International Tract Society, Limited</td><td align=\"right\">22,080 39</td></tr>\r\n<tr><td>Deposits</td><td align=\"right\">20,465 65</td></tr>\r\n<tr><td>Current Accounts</td><td align=\"right\">4,050 29</td></tr>\r\n<tr><td>Union Conference Bank Account</td><td align=\"right\">3,681 87</td></tr>\r\n<tr><td>Australian Tract Society</td><td align=\"right\">9 94</td></tr>\r\n<tr><td>Balance - net worth</td><td align=\"right\">11,077 51</td></tr>\r\n<tr><td>Total</td><td align=\"right\">$ 68,561 66</td></tr>\r\n<tr><td>Net Worth June 30, 1896</td><td align=\"right\">$ 11,077 50</td></tr>\r\n<tr><td>Net Worth June 30, 1895</td><td align=\"right\">9,772 94</td></tr>\r\n<tr><td>Gain for Year</td><td align=\"right\">$ 1,304 56</td></tr>\r\n",
    "puborder": 12601,
    "translations": []
  },
  {
    "para_id": "1673.13697",
    "id_prev": "1673.13696",
    "id_next": "1673.13698",
    "refcode_1": "GCB",
    "refcode_2": "716",
    "refcode_3": "",
    "refcode_4": "1896",
    "refcode_short": "GCB July 1,  1896, page 716",
    "refcode_long": "General Conference Bulletin, vol. 1 July 1,  1896, page 716",
    "element_type": "h5",
    "element_subtype": "",
    "content": "LOSS",
    "puborder": 12602,
    "translations": []
  },
  {
    "para_id": "1673.13698",
    "id_prev": "1673.13697",
    "id_next": "1673.13699",
    "refcode_1": "GCB",
    "refcode_2": "716",
    "refcode_3": "",
    "refcode_4": "1896",
    "refcode_short": "",
    "refcode_long": "",
    "element_type": "p",
    "element_subtype": "periodicalauthor",
    "content": "No Authorcode",
    "puborder": 12603,
    "translations": []
  },
  {
    "para_id": "1673.13699",
    "id_prev": "1673.13698",
    "id_next": "1673.13700",
    "refcode_1": "GCB",
    "refcode_2": "716",
    "refcode_3": "",
    "refcode_4": "1896",
    "refcode_short": "GCB July 1,  1896, page 716",
    "refcode_long": "General Conference Bulletin, vol. 1 July 1,  1896, page 716",
    "element_type": "table",
    "element_subtype": "table1",
    "content": "\r\n<tr><td>Interest and Discount Account</td><td align=\"right\">$ 791 89</td></tr>\r\n<tr><td>Royalty Account</td><td align=\"right\">123 65</td></tr>\r\n<tr><td>Advertising</td><td align=\"right\">45 48</td></tr>\r\n<tr><td>Depreciation on &ldquo;Echo&rdquo;</td><td align=\"right\">Library</td><td align=\"right\">124 69</td></tr>\r\n<tr><td>Depreciation on Office Furniture</td><td align=\"right\">322 68</td></tr>\r\n<tr><td>Doubtful Accounts</td><td align=\"right\">288 57</td></tr>\r\n<tr><td>General Expense Account</td><td align=\"right\">1,412 35</td></tr>\r\n<tr><td>Balance</td><td align=\"right\">1,341 64</td></tr>\r\n<tr><td>Total</td><td align=\"right\">$ 4,450 95</td></tr>\r\n",
    "puborder": 12604,
    "translations": []
  },
  {
    "para_id": "1673.13700",
    "id_prev": "1673.13699",
    "id_next": "1673.13701",
    "refcode_1": "GCB",
    "refcode_2": "716",
    "refcode_3": "",
    "refcode_4": "1896",
    "refcode_short": "GCB July 1,  1896, page 716",
    "refcode_long": "General Conference Bulletin, vol. 1 July 1,  1896, page 716",
    "element_type": "h5",
    "element_subtype": "",
    "content": "GAIN",
    "puborder": 12605,
    "translations": []
  },
  {
    "para_id": "1673.13701",
    "id_prev": "1673.13700",
    "id_next": "1673.13702",
    "refcode_1": "GCB",
    "refcode_2": "716",
    "refcode_3": "",
    "refcode_4": "1896",
    "refcode_short": "",
    "refcode_long": "",
    "element_type": "p",
    "element_subtype": "periodicalauthor",
    "content": "No Authorcode",
    "puborder": 12606,
    "translations": []
  },
  {
    "para_id": "1673.13702",
    "id_prev": "1673.13701",
    "id_next": "1673.13703",
    "refcode_1": "GCB",
    "refcode_2": "716",
    "refcode_3": "",
    "refcode_4": "1896",
    "refcode_short": "GCB July 1,  1896, page 716",
    "refcode_long": "General Conference Bulletin, vol. 1 July 1,  1896, page 716",
    "element_type": "table",
    "element_subtype": "table1",
    "content": "\r\n<tr><td>Balance</td><td align=\"right\">$ 46 83</td></tr>\r\n<tr><td>Bad Accounts Collected</td><td align=\"right\">326 33</td></tr>\r\n<tr><td>Calendar Account, No. 6</td><td align=\"right\">387 47</td></tr>\r\n<tr><td>Book Department</td><td align=\"right\">168 93</td></tr>\r\n<tr><td>Printing Department</td><td align=\"right\">2,521 39</td></tr>\r\n<tr><td>Total</td><td align=\"right\">$ 4,450 95</td></tr>\r\n",
    "puborder": 12607,
    "translations": []
  }
]