[
  {
    "para_id": "1673.5935",
    "id_prev": "1673.5934",
    "id_next": "1673.5936",
    "refcode_1": "GCB",
    "refcode_2": "401",
    "refcode_3": "",
    "refcode_4": "1895",
    "refcode_short": "GCB February 28,  1895, page 401",
    "refcode_long": "General Conference Bulletin, vol. 1 February 28,  1895, page 401",
    "element_type": "h4",
    "element_subtype": "",
    "content": "SEVENTH-DAY ADVENTIST EDUCATIONAL SOCIETY",
    "puborder": 5294,
    "translations": []
  },
  {
    "para_id": "1673.5936",
    "id_prev": "1673.5935",
    "id_next": "1673.5937",
    "refcode_1": "GCB",
    "refcode_2": "401",
    "refcode_3": "2",
    "refcode_4": "1895",
    "refcode_short": "GCB February 28,  1895, page 401.2",
    "refcode_long": "General Conference Bulletin, vol. 1 February 28,  1895, page 401 paragraph 2",
    "element_type": "p",
    "element_subtype": "standard-indented",
    "content": "THE second meeting of the eighteenth annual session of the Educational Society convened in the Tabernacle, Wednesday, February 27, at 3 P.M.",
    "puborder": 5295,
    "translations": []
  },
  {
    "para_id": "1673.5937",
    "id_prev": "1673.5936",
    "id_next": "1673.5938",
    "refcode_1": "GCB",
    "refcode_2": "401",
    "refcode_3": "3",
    "refcode_4": "1895",
    "refcode_short": "GCB February 28,  1895, page 401.3",
    "refcode_long": "General Conference Bulletin, vol. 1 February 28,  1895, page 401 paragraph 3",
    "element_type": "p",
    "element_subtype": "standard-indented",
    "content": "After devotional exercises, the number of stock-holders present was ascertained, and the report of the previous meeting read by the Educational Secretary, and remained without change.",
    "puborder": 5296,
    "translations": []
  },
  {
    "para_id": "1673.5938",
    "id_prev": "1673.5937",
    "id_next": "1673.5939",
    "refcode_1": "GCB",
    "refcode_2": "401",
    "refcode_3": "4",
    "refcode_4": "1895",
    "refcode_short": "GCB February 28,  1895, page 401.4",
    "refcode_long": "General Conference Bulletin, vol. 1 February 28,  1895, page 401 paragraph 4",
    "element_type": "p",
    "element_subtype": "standard-indented",
    "content": "Prof. G. W. Caviness, the secretary of the Committee on Resolutions, gave the report of that Committee, as follows:&mdash;",
    "puborder": 5297,
    "translations": []
  },
  {
    "para_id": "1673.5939",
    "id_prev": "1673.5938",
    "id_next": "1673.5940",
    "refcode_1": "GCB",
    "refcode_2": "401",
    "refcode_3": "5",
    "refcode_4": "1895",
    "refcode_short": "GCB February 28,  1895, page 401.5",
    "refcode_long": "General Conference Bulletin, vol. 1 February 28,  1895, page 401 paragraph 5",
    "element_type": "p",
    "element_subtype": "standard-indented",
    "content": "We recognize the hand of the Lord in his leadings and providences in the educational work, and express our gratitude to him for the same. And it is our earnest desire that the work done in Battle Creek College shall be of the highest standard, that upon which the blessing of our Heavenly Father shall continually rest. And we submit the following recommendation:&mdash;",
    "puborder": 5298,
    "translations": []
  },
  {
    "para_id": "1673.5940",
    "id_prev": "1673.5939",
    "id_next": "1673.5941",
    "refcode_1": "GCB",
    "refcode_2": "401",
    "refcode_3": "6",
    "refcode_4": "1895",
    "refcode_short": "GCB February 28,  1895, page 401.6",
    "refcode_long": "General Conference Bulletin, vol. 1 February 28,  1895, page 401 paragraph 6",
    "element_type": "p",
    "element_subtype": "standard-indented",
    "content": "First, That a systematic effort be made in the district during the summer vacation, to interest our young people in education, and secure their attendance at the College.",
    "puborder": 5299,
    "translations": []
  },
  {
    "para_id": "1673.5941",
    "id_prev": "1673.5940",
    "id_next": "1673.5942",
    "refcode_1": "GCB",
    "refcode_2": "401",
    "refcode_3": "7",
    "refcode_4": "1895",
    "refcode_short": "GCB February 28,  1895, page 401.7",
    "refcode_long": "General Conference Bulletin, vol. 1 February 28,  1895, page 401 paragraph 7",
    "element_type": "p",
    "element_subtype": "standard-indented",
    "content": "Second, That steps be taken to provide manual labor for the students, so that worthy young men and women may have opportunity to pay a part of their expenses while attending school, and at the same time, strengthen the patronage of our Homes.",
    "puborder": 5300,
    "translations": []
  },
  {
    "para_id": "1673.5942",
    "id_prev": "1673.5941",
    "id_next": "1673.5943",
    "refcode_1": "GCB",
    "refcode_2": "401",
    "refcode_3": "8",
    "refcode_4": "1895",
    "refcode_short": "GCB February 28,  1895, page 401.8",
    "refcode_long": "General Conference Bulletin, vol. 1 February 28,  1895, page 401 paragraph 8",
    "element_type": "p",
    "element_subtype": "standard-indented",
    "content": "Third, That the conferences in the district make earnest efforts to raise the amount apportioned for the Annex to Battle Creek College.",
    "puborder": 5301,
    "translations": []
  },
  {
    "para_id": "1673.5943",
    "id_prev": "1673.5942",
    "id_next": "1673.5944",
    "refcode_1": "GCB",
    "refcode_2": "401",
    "refcode_3": "9",
    "refcode_4": "1895",
    "refcode_short": "GCB February 28,  1895, page 401.9",
    "refcode_long": "General Conference Bulletin, vol. 1 February 28,  1895, page 401 paragraph 9",
    "element_type": "p",
    "element_subtype": "standard-indented",
    "content": "Fourth, That the buildings be lighted by electricity, and that better provision be made for the Sloyd department.",
    "puborder": 5302,
    "translations": []
  },
  {
    "para_id": "1673.5944",
    "id_prev": "1673.5943",
    "id_next": "1673.5945",
    "refcode_1": "GCB",
    "refcode_2": "401",
    "refcode_3": "",
    "refcode_4": "1895",
    "refcode_short": "",
    "refcode_long": "",
    "element_type": "p",
    "element_subtype": "standard-noindent",
    "content": "J. N. LOUGHBOROUGH,\r\n<br />G. W. CAVINESS,\r\n<br />FREDERICK GRIGGS.\r\n<br /><em>Committee</em>.",
    "puborder": 5303,
    "translations": []
  },
  {
    "para_id": "1673.5945",
    "id_prev": "1673.5944",
    "id_next": "1673.5946",
    "refcode_1": "GCB",
    "refcode_2": "401",
    "refcode_3": "10",
    "refcode_4": "1895",
    "refcode_short": "GCB February 28,  1895, page 401.10",
    "refcode_long": "General Conference Bulletin, vol. 1 February 28,  1895, page 401 paragraph 10",
    "element_type": "p",
    "element_subtype": "standard-indented",
    "content": "A motion to consider and adopt was made and seconded, and the resolutions were taken up.",
    "puborder": 5304,
    "translations": []
  },
  {
    "para_id": "1673.5946",
    "id_prev": "1673.5945",
    "id_next": "1673.5947",
    "refcode_1": "GCB",
    "refcode_2": "401",
    "refcode_3": "11",
    "refcode_4": "1895",
    "refcode_short": "GCB February 28,  1895, page 401.11",
    "refcode_long": "General Conference Bulletin, vol. 1 February 28,  1895, page 401 paragraph 11",
    "element_type": "p",
    "element_subtype": "standard-indented",
    "content": "Upon the first resolution, Prof. Caviness urged the fact that at least one in ten of our people should be in school.",
    "puborder": 5305,
    "translations": []
  },
  {
    "para_id": "1673.5947",
    "id_prev": "1673.5946",
    "id_next": "1673.5948",
    "refcode_1": "GCB",
    "refcode_2": "401",
    "refcode_3": "12",
    "refcode_4": "1895",
    "refcode_short": "GCB February 28,  1895, page 401.12",
    "refcode_long": "General Conference Bulletin, vol. 1 February 28,  1895, page 401 paragraph 12",
    "element_type": "p",
    "element_subtype": "standard-indented",
    "content": "Prof. Griggs spoke upon the same resolution, and expressed regret that the school work is so little known by many of our people, and felt that this resolution should be carried out by the laborers in the field. This resolution was adopted.",
    "puborder": 5306,
    "translations": []
  },
  {
    "para_id": "1673.5948",
    "id_prev": "1673.5947",
    "id_next": "1673.5949",
    "refcode_1": "GCB",
    "refcode_2": "401",
    "refcode_3": "13",
    "refcode_4": "1895",
    "refcode_short": "GCB February 28,  1895, page 401.13",
    "refcode_long": "General Conference Bulletin, vol. 1 February 28,  1895, page 401 paragraph 13",
    "element_type": "p",
    "element_subtype": "standard-indented",
    "content": "Resolution 2 was spoken to by Prof. Caviness, and adopted without dissent.",
    "puborder": 5307,
    "translations": []
  },
  {
    "para_id": "1673.5949",
    "id_prev": "1673.5948",
    "id_next": "1673.5950",
    "refcode_1": "GCB",
    "refcode_2": "401",
    "refcode_3": "14",
    "refcode_4": "1895",
    "refcode_short": "GCB February 28,  1895, page 401.14",
    "refcode_long": "General Conference Bulletin, vol. 1 February 28,  1895, page 401 paragraph 14",
    "element_type": "p",
    "element_subtype": "standard-indented",
    "content": "Resolution 3 was carried without discussion.",
    "puborder": 5308,
    "translations": []
  },
  {
    "para_id": "1673.5950",
    "id_prev": "1673.5949",
    "id_next": "1673.5951",
    "refcode_1": "GCB",
    "refcode_2": "401",
    "refcode_3": "15",
    "refcode_4": "1895",
    "refcode_short": "GCB February 28,  1895, page 401.15",
    "refcode_long": "General Conference Bulletin, vol. 1 February 28,  1895, page 401 paragraph 15",
    "element_type": "p",
    "element_subtype": "standard-indented",
    "content": "Prof. Caviness pointed out the danger to which the buildings were exposed by having so many kerosene lamps in use. Prof. Prescott spoke from personal experience of the danger mentioned, and yet stated that although the buildings had from various causes taken fire, on no occasion had kerosene oil been the cause. The Board had frequently had the matter under advisement, but hesitated to incur the additional indebtedness. A. R. Henry being called for, stated that Union College had lately been supplied with an electric system. Their fire protection was not nearly as good as that of Battle Creek College, and the means to do the work had been largely supplied by special donation. He thought by arranging with the Sanitarium for power, the plant could be put in for $2000.",
    "puborder": 5309,
    "translations": []
  },
  {
    "para_id": "1673.5951",
    "id_prev": "1673.5950",
    "id_next": "1673.5952",
    "refcode_1": "GCB",
    "refcode_2": "401",
    "refcode_3": "16",
    "refcode_4": "1895",
    "refcode_short": "GCB February 28,  1895, page 401.16",
    "refcode_long": "General Conference Bulletin, vol. 1 February 28,  1895, page 401 paragraph 16",
    "element_type": "p",
    "element_subtype": "standard-indented",
    "content": "W. W. Prescott moved that the resolution be so amended as to read:&mdash;",
    "puborder": 5310,
    "translations": []
  },
  {
    "para_id": "1673.5952",
    "id_prev": "1673.5951",
    "id_next": "1673.5953",
    "refcode_1": "GCB",
    "refcode_2": "401",
    "refcode_3": "17",
    "refcode_4": "1895",
    "refcode_short": "GCB February 28,  1895, page 401.17",
    "refcode_long": "General Conference Bulletin, vol. 1 February 28,  1895, page 401 paragraph 17",
    "element_type": "p",
    "element_subtype": "standard-indented",
    "content": "Resolved, That we recommend that the College buildings be lighted by electricity as soon as donations for that special purpose can be secured.",
    "puborder": 5311,
    "translations": []
  },
  {
    "para_id": "1673.5953",
    "id_prev": "1673.5952",
    "id_next": "1673.5954",
    "refcode_1": "GCB",
    "refcode_2": "401",
    "refcode_3": "18",
    "refcode_4": "1895",
    "refcode_short": "GCB February 28,  1895, page 401.18",
    "refcode_long": "General Conference Bulletin, vol. 1 February 28,  1895, page 401 paragraph 18",
    "element_type": "p",
    "element_subtype": "standard-indented",
    "content": "The amendment was accepted.",
    "puborder": 5312,
    "translations": []
  },
  {
    "para_id": "1673.5954",
    "id_prev": "1673.5953",
    "id_next": "1673.5955",
    "refcode_1": "GCB",
    "refcode_2": "401",
    "refcode_3": "19",
    "refcode_4": "1895",
    "refcode_short": "GCB February 28,  1895, page 401.19",
    "refcode_long": "General Conference Bulletin, vol. 1 February 28,  1895, page 401 paragraph 19",
    "element_type": "p",
    "element_subtype": "standard-indented",
    "content": "The resolutions were then adopted.",
    "puborder": 5313,
    "translations": []
  },
  {
    "para_id": "1673.5955",
    "id_prev": "1673.5954",
    "id_next": "1673.5956",
    "refcode_1": "GCB",
    "refcode_2": "401",
    "refcode_3": "20",
    "refcode_4": "1895",
    "refcode_short": "GCB February 28,  1895, page 401.20",
    "refcode_long": "General Conference Bulletin, vol. 1 February 28,  1895, page 401 paragraph 20",
    "element_type": "p",
    "element_subtype": "standard-indented",
    "content": "The report of the Committee on Nominations being called for, the following was submitted by the chairman, C. H. Jones:&mdash;",
    "puborder": 5314,
    "translations": []
  },
  {
    "para_id": "1673.5956",
    "id_prev": "1673.5955",
    "id_next": "1673.5957",
    "refcode_1": "GCB",
    "refcode_2": "401",
    "refcode_3": "21",
    "refcode_4": "1895",
    "refcode_short": "GCB February 28,  1895, page 401.21",
    "refcode_long": "General Conference Bulletin, vol. 1 February 28,  1895, page 401 paragraph 21",
    "element_type": "p",
    "element_subtype": "standard-indented",
    "content": "For the Board of Directors - U. Smith, A. R. Henry, G. C. Tenney, J. H. Kellogg, J. H. Morrison, W. C. Sisley, F. D. Starr.",
    "puborder": 5315,
    "translations": []
  },
  {
    "para_id": "1673.5957",
    "id_prev": "1673.5956",
    "id_next": "1673.5958",
    "refcode_1": "GCB",
    "refcode_2": "401",
    "refcode_3": "22",
    "refcode_4": "1895",
    "refcode_short": "GCB February 28,  1895, page 401.22",
    "refcode_long": "General Conference Bulletin, vol. 1 February 28,  1895, page 401 paragraph 22",
    "element_type": "p",
    "element_subtype": "standard-indented",
    "content": "S. H. Lane moved and O. A. Johnson seconded that the Secretary be instructed to cast the ballots for the persons named by the Committee. Carried by unanimous vote, and the nominees were declared elected.",
    "puborder": 5316,
    "translations": []
  },
  {
    "para_id": "1673.5958",
    "id_prev": "1673.5957",
    "id_next": "1673.5959",
    "refcode_1": "GCB",
    "refcode_2": "401",
    "refcode_3": "23",
    "refcode_4": "1895",
    "refcode_short": "GCB February 28,  1895, page 401.23",
    "refcode_long": "General Conference Bulletin, vol. 1 February 28,  1895, page 401 paragraph 23",
    "element_type": "p",
    "element_subtype": "standard-indented",
    "content": "The meeting adjourned without day.",
    "puborder": 5317,
    "translations": []
  }
]