{
  "2": 2,
  "2000003": 2,
  "3": 2,
  "4": 2,
  "5": 2,
  "6": 2,
  "7": 2,
  "8": 2,
  "9": 2,
  "10": 2,
  "11": 2,
  "12": 2,
  "13": 2,
  "14": 2,
  "17": 2,
  "18": 2,
  "19": 2,
  "20": 2,
  "21": 2,
  "22": 2,
  "23": 2,
  "24": 2,
  "25": 25,
  "27": 25,
  "28": 25,
  "29": 25,
  "30": 25,
  "31": 25,
  "32": 25,
  "33": 25,
  "34": 25,
  "35": 25,
  "36": 25,
  "37": 25,
  "40": 25,
  "41": 25,
  "42": 42,
  "44": 42,
  "45": 42,
  "46": 42,
  "47": 42,
  "48": 42,
  "49": 42,
  "50": 42,
  "51": 42,
  "52": 42,
  "53": 42,
  "54": 42,
  "55": 42,
  "56": 42,
  "59": 42,
  "60": 42,
  "61": 42,
  "62": 42,
  "63": 42,
  "64": 42,
  "65": 42,
  "66": 42,
  "67": 42,
  "68": 42,
  "69": 42,
  "70": 42,
  "71": 42,
  "72": 42,
  "73": 73,
  "75": 73,
  "76": 73,
  "77": 73,
  "78": 73,
  "79": 73,
  "80": 73,
  "83": 73,
  "84": 73,
  "85": 73,
  "86": 86,
  "88": 86,
  "89": 86,
  "90": 86,
  "91": 86,
  "92": 86,
  "93": 86,
  "94": 86,
  "97": 86,
  "98": 86,
  "99": 86,
  "100": 86,
  "101": 86,
  "102": 86
}