[
  {
    "para_id": "1205.106",
    "id_prev": "1205.105",
    "id_next": "1205.108",
    "refcode_1": "SITI",
    "refcode_2": "74",
    "refcode_3": "",
    "refcode_4": "1885",
    "refcode_short": "SITI February 5,  1885, page 74",
    "refcode_long": "The Signs of the Times, vol. 11 February 5,  1885, page 74",
    "element_type": "h3",
    "element_subtype": "",
    "content": "February 5, 1885",
    "puborder": 94,
    "translations": []
  },
  {
    "para_id": "1205.108",
    "id_prev": "1205.106",
    "id_next": "1205.109",
    "refcode_1": "SITI",
    "refcode_2": "84",
    "refcode_3": "",
    "refcode_4": "1885",
    "refcode_short": "SITI February 5,  1885, page 84",
    "refcode_long": "The Signs of the Times, vol. 11 February 5,  1885, page 84",
    "element_type": "h5",
    "element_subtype": "",
    "content": "&ldquo;An Appeal for the Study of the Hebrew Scriptures&rdquo; The Signs of the Times 11, 6, p. 84.",
    "puborder": 95,
    "translations": []
  },
  {
    "para_id": "1205.109",
    "id_prev": "1205.108",
    "id_next": "1205.110",
    "refcode_1": "SITI",
    "refcode_2": "84",
    "refcode_3": "1",
    "refcode_4": "1885",
    "refcode_short": "SITI February 5,  1885, page 84.1",
    "refcode_long": "The Signs of the Times, vol. 11 February 5,  1885, page 84 paragraph 1",
    "element_type": "p",
    "element_subtype": "standard-indented",
    "content": "THE following tribute to the value of the Old Testament, we extract from an address by Prof. W. H. Woolery (Disciple), delivered before the Adelphian Society of Bethany College, West Virginia, Dec. 13, 1884, and printed in the <em>Christian Standard</em> (Disciple), January 10, 1885. We agree with the editor of the <em>Standard</em>, that is &ldquo;deserves attention, not merely as a plea for the study of Hebrew, but for its manly advocacy of the Old Testament Scriptures as essential to a proper understanding of the New.&rdquo; In view of the fact that in the last quarter of a century there has been no more bitter opponents of the Old Testament than the Disciple Church, it <em>is</em> a &ldquo;manly advocacy of the Old Testament Scriptures.&rdquo; And because of this, and because of the endorsement of the leading paper of the denomination, we think it deserves particular attention, and we are glad to publish from this source such statements as, &ldquo;<em>The ten commandments are neggets of gold</em>,&rdquo; etc. We commend to all, and especially to the members of the Disciple Church, the careful perusal of the address.",
    "puborder": 96,
    "translations": []
  },
  {
    "para_id": "1205.110",
    "id_prev": "1205.109",
    "id_next": "1205.112",
    "refcode_1": "SITI",
    "refcode_2": "84",
    "refcode_3": "",
    "refcode_4": "1885",
    "refcode_short": "",
    "refcode_long": "",
    "element_type": "p",
    "element_subtype": "standard-noindent",
    "content": "A. T. J.",
    "puborder": 97,
    "translations": []
  },
  {
    "para_id": "1205.112",
    "id_prev": "1205.110",
    "id_next": "1205.113",
    "refcode_1": "SITI",
    "refcode_2": "89",
    "refcode_3": "",
    "refcode_4": "1885",
    "refcode_short": "SITI February 5,  1885, page 89",
    "refcode_long": "The Signs of the Times, vol. 11 February 5,  1885, page 89",
    "element_type": "h5",
    "element_subtype": "",
    "content": "&ldquo;Protestantism, or Not?&rdquo; The Signs of the Times 11, 6, pp. 89, 90.",
    "puborder": 98,
    "translations": []
  },
  {
    "para_id": "1205.113",
    "id_prev": "1205.112",
    "id_next": "1205.114",
    "refcode_1": "SITI",
    "refcode_2": "89",
    "refcode_3": "1",
    "refcode_4": "1885",
    "refcode_short": "SITI February 5,  1885, page 89.1",
    "refcode_long": "The Signs of the Times, vol. 11 February 5,  1885, page 89 paragraph 1",
    "element_type": "p",
    "element_subtype": "standard-indented",
    "content": "BEARING in mind the principles of Protestantism, scriptural and historical, as presented in last week&rsquo;s issue, we proceed with the inquiry, whether the churches which are professedly Protestant are really Protestant or not. Of course we cannot take up and consider the different denominations one by one; that would be an endless task. There are, however, certain tenets which are held by all Protestant Christendom and upon which they can be brought to the test once for all. We shall choose two of these, which are held so nearly universally that as a matter of fact there are but two denominations which stand as exceptions to each, and only <em>one</em> of these two denominations stands as an exception to <em>both</em> points of doctrine. These two tenets are of special importance, because they are to be the main subjects of controversy until the consummation. Moreover, in the discussion of these two is involved all the doctrine that pertains to the salvation of men.",
    "puborder": 99,
    "translations": []
  },
  {
    "para_id": "1205.114",
    "id_prev": "1205.113",
    "id_next": "1205.115",
    "refcode_1": "SITI",
    "refcode_2": "89",
    "refcode_3": "2",
    "refcode_4": "1885",
    "refcode_short": "SITI February 5,  1885, page 89.2",
    "refcode_long": "The Signs of the Times, vol. 11 February 5,  1885, page 89 paragraph 2",
    "element_type": "p",
    "element_subtype": "standard-indented",
    "content": "The first of these is, <em>The unconditional immortality of man</em>, or, an otherwise expressed, The immortality of the soul. Although this doctrine is so nearly universally believed by Protestants, and held by them of such vast importance, yet so far is it from being believed and maintained in accordance with Protestant principles, it is held in defiance of them. Remember, &ldquo;the Bible and the Bible alone&rdquo; is the rule of Protestants. &ldquo;The word of God, the whole word of God, and nothing but the word of God,&rdquo; is the Protestant motto. Therefore the Protestants to consistently hold the immortality of the soul, the doctrine must be plainly declared in the Bible, it must be the word of God, and must be upheld by the <em>whole</em> word of God.",
    "puborder": 100,
    "translations": []
  },
  {
    "para_id": "1205.115",
    "id_prev": "1205.114",
    "id_next": "1205.116",
    "refcode_1": "SITI",
    "refcode_2": "89",
    "refcode_3": "3",
    "refcode_4": "1885",
    "refcode_short": "SITI February 5,  1885, page 89.3",
    "refcode_long": "The Signs of the Times, vol. 11 February 5,  1885, page 89 paragraph 3",
    "element_type": "p",
    "element_subtype": "standard-indented",
    "content": "Webster defines <em>immortal</em>, &ldquo;exempt from liability to die.&rdquo; &ldquo;One exempt from death.&rdquo; The unconditional immortality of man therefore is the doctrine that man is <em>not liable to die</em>, that man is <em>exempt from death</em>. But every person who has ever read the Bible at all knows full well that such an idea is in direct opposition to that book from beginning to end. &ldquo;All have sinned.&rdquo; &ldquo;The wages of sin is <em>death</em>.&rdquo; &ldquo;<em>Death</em> passed upon all men.&rdquo; &ldquo;In Adam <em>all die</em>.&rdquo; It is not necessary to multiply passages to sustain a truth that is so plain. The force of the Scriptures is evaded, however, by the subterfuge that these statements refer to the body, and not to the soul at all; but that this is only a subterfuge, and a very poor one, appears instantly by the fact that the Scriptures speak thus emphatically of the <em>soul</em>, whatever may be claimed for it. &ldquo;The <em>soul</em> that sinneth <em>it shall die</em>.&rdquo; <span class=\"egwlink egwlink_bible\" title=\"Ezekiel 18:4\" data-link=\"1965.42555\">Ezekiel 18:4</span>. &ldquo;He hath poured out his <em>soul unto death</em>.&rdquo; <span class=\"egwlink egwlink_bible\" title=\"Isaiah 53:12\" data-link=\"1965.38204\">Isaiah 53:12</span>. &ldquo;All they that go down to the dust shall bow before him; and <em>none can keep alive</em> his own <em>soul</em>.&rdquo; <span class=\"egwlink egwlink_bible\" title=\"Psalm 22:29\" data-link=\"1965.28988\">Psalm 22:29</span>. Again, so far is the Bible from attributing immortality to man that it states directly the contrary. &ldquo;Shall <em>mortal</em> man be more just than God.&rdquo; <span class=\"egwlink egwlink_bible\" title=\"Job 4:17\" data-link=\"1965.26355\">Job 4:17</span>. &ldquo;O Lord thou art our God; let not mortal man prevail against thee.&rdquo; <span class=\"egwlink egwlink_bible\" title=\"2 Chronicles 14:11\" data-link=\"1965.23370\">2 Chronicles 14:11</span>, margin. So that in whatever form the unconditional immortality of man may be held, it is equally contradictory to the word of God.",
    "puborder": 101,
    "translations": []
  },
  {
    "para_id": "1205.116",
    "id_prev": "1205.115",
    "id_next": "1205.117",
    "refcode_1": "SITI",
    "refcode_2": "89",
    "refcode_3": "4",
    "refcode_4": "1885",
    "refcode_short": "SITI February 5,  1885, page 89.4",
    "refcode_long": "The Signs of the Times, vol. 11 February 5,  1885, page 89 paragraph 4",
    "element_type": "p",
    "element_subtype": "standard-indented",
    "content": "The doctrine of the immortality of the soul cannot be found in the Bible. It cannot be held in harmony with the Bible as it is. This is plain from the few texts already cited, and these could be multiplied to the whole extent of the word of God. And those who advocate the doctrine, do so at the expense of every principle of Protestantism. Instead of shaping the doctrine by the Bible, they make the Bible conform to the doctrine. The language of the Bible is forced into channels where that of no other book would be allowed to go. Words when found in the Bible are made to mean exactly contrary to what they mean when found in any other place in human language. And all to sustain the dogma of the immortality of the soul. But that is just where this method of interpretation belongs. It was the introduction of this doctrine into the Christian church, that created the necessity for this scheme of interpretation. The one man who, more than any other, is responsible for it was Origen, who lived from A.D. 184 to 253. Says Mosheim:&mdash;",
    "puborder": 102,
    "translations": []
  },
  {
    "para_id": "1205.117",
    "id_prev": "1205.116",
    "id_next": "1205.118",
    "refcode_1": "SITI",
    "refcode_2": "89",
    "refcode_3": "5",
    "refcode_4": "1885",
    "refcode_short": "SITI February 5,  1885, page 89.5",
    "refcode_long": "The Signs of the Times, vol. 11 February 5,  1885, page 89 paragraph 5",
    "element_type": "p",
    "element_subtype": "blockquote-indented",
    "content": "&ldquo;The Christian doctors who had applied themselves to the study of letters and philosophy, soon abandoned the frequented paths and wandered in the devious wilds of fancy. The Egyptians [Alexandrians] distinguished themselves in this new method of explaining the truth.... Origen was at the head of this speculative tribe. This great man, enchanted by the charms of the Platonic philosophy, set it up as the test of all religion, and imagined that the reasons of each doctrine were to be found in that favorite philosophy, and their nature and extent to be determined by it.... He alleged that it was not in their literal force and import that the true meanings of the sacred writers were to be sought, but in a mysterious and hidden sense.... In this devious path he displays the most ingenious strokes of fancy, though generally <em>at the expense of truth</em>, whose divine simplicity is rarely discernible through the cobweb of allegory. Origen expresses himself in the following manner: &lsquo;The source of many evils lies in adhering to the carnal or external part of Scripture. Those who do so shall not attain to the kingdom of God. The Scriptures are of little use to those who understand them as they are written.&rsquo; But the philosophy which this great man embraced with such zeal was one of the sources of his delusion. He could not find in the Bible the opinions he had adopted, as long as he interpreted that sacred book according to its literal sense.&rdquo;&mdash;<em>Church History, century 2, part 2, chap. 5, paragraphs 1, 5</em>.",
    "puborder": 103,
    "translations": []
  },
  {
    "para_id": "1205.118",
    "id_prev": "1205.117",
    "id_next": "1205.119",
    "refcode_1": "SITI",
    "refcode_2": "89",
    "refcode_3": "6",
    "refcode_4": "1885",
    "refcode_short": "SITI February 5,  1885, page 89.6",
    "refcode_long": "The Signs of the Times, vol. 11 February 5,  1885, page 89 paragraph 6",
    "element_type": "p",
    "element_subtype": "standard-indented",
    "content": "There is exposed the secret of the whole matter. &ldquo;He could not find in the Bible the opinions he had adopted.&rdquo; What were these opinions? He was &ldquo;enchanted by the charms of the Platonic philosophy.&rdquo; And <em>that</em> was the immortality of the soul. Now in Plato&rsquo;s discussion of the nature of the soul he maintains that it is imperishable, indestructible, immortal, deathless, etc., etc. But the Bible, speaking of wicked men, says they shall &ldquo;die,&rdquo; &ldquo;they shall utterly perish,&rdquo; their &ldquo;end is destruction,&rdquo; that man is &ldquo;mortal,&rdquo; etc. It is not at all strange therefore that Origen could not find in the Bible the opinions he had adopted, because these opinions, and the statements of the Bible, are as entirely opposites as it is possible for things to be. And so, not finding any support in the Scriptures for this doctrine, he invented a scheme by which he could find not only that, but whatever he wanted. That is, to give a meaning to the Bible language directly opposite to what it says. And Origen&rsquo;s method of interpretation is perpetuated to this day by those who attempt to maintain, by the Scriptures, the immortality of the soul. However, this is not strange, because, as the doctrine was dependent wholly upon this scheme of interpretation for its birth into the Christian church, so, without that scheme, it could not live there for a day.",
    "puborder": 104,
    "translations": []
  },
  {
    "para_id": "1205.119",
    "id_prev": "1205.118",
    "id_next": "1205.120",
    "refcode_1": "SITI",
    "refcode_2": "89",
    "refcode_3": "7",
    "refcode_4": "1885",
    "refcode_short": "SITI February 5,  1885, page 89.7",
    "refcode_long": "The Signs of the Times, vol. 11 February 5,  1885, page 89 paragraph 7",
    "element_type": "p",
    "element_subtype": "standard-indented",
    "content": "We have a most pertinent illustration of this subject in a late discussion by the Congregational Club, of San Francisco, as reported in the San Francisco <em>Call</em> of Jan. 20, 1885:&mdash;",
    "puborder": 105,
    "translations": []
  },
  {
    "para_id": "1205.120",
    "id_prev": "1205.119",
    "id_next": "1205.121",
    "refcode_1": "SITI",
    "refcode_2": "89",
    "refcode_3": "8",
    "refcode_4": "1885",
    "refcode_short": "SITI February 5,  1885, page 89.8",
    "refcode_long": "The Signs of the Times, vol. 11 February 5,  1885, page 89 paragraph 8",
    "element_type": "p",
    "element_subtype": "blockquote-indented",
    "content": "&ldquo;Rev. Prof. Mooar, of the Pacific Theological Seminary, opened the discussion upon the question of &lsquo;Conditional Immortality,&rsquo; ... and showed that there was no sufficient ground in Scripture for the position that immortality is a special gift, granted only to believers, while others are annihilated.&rdquo;",
    "puborder": 106,
    "translations": []
  },
  {
    "para_id": "1205.121",
    "id_prev": "1205.120",
    "id_next": "1205.122",
    "refcode_1": "SITI",
    "refcode_2": "89",
    "refcode_3": "9",
    "refcode_4": "1885",
    "refcode_short": "SITI February 5,  1885, page 89.9",
    "refcode_long": "The Signs of the Times, vol. 11 February 5,  1885, page 89 paragraph 9",
    "element_type": "p",
    "element_subtype": "standard-indented",
    "content": "Let us read a few texts: &ldquo;For God so loved the world that he gave his only begotten Son, that <em>whosoever believeth in him</em> should not perish, but have everlasting life.&rdquo; &ldquo;He that <em>believeth</em> on the Son <em>hath everlasting life;</em> and he that believeth <em>not</em> the Son, <em>shall not see life</em>.&rdquo; <span class=\"egwlink egwlink_bible\" title=\"John 3:16\" data-link=\"1965.53318\">John 3:16, 36</span>. &ldquo;And this is the will of him that sent me, that every one which seeth the Son, <em>and believeth on him</em>, may have everlasting life.&rdquo; <span class=\"egwlink egwlink_bible\" title=\"John 6:40\" data-link=\"1965.53643\">John 6:40</span>. &ldquo;He that hath the Son <em>hath life;</em> and he that <em>hath not</em> the Son of God, <em>hath not life</em>.&rdquo; <span class=\"egwlink egwlink_bible\" title=\"1 John 5:12\" data-link=\"1965.62501\">1 John 5:12</span>. &ldquo;For the wages of sin is death; but the <em>gift</em> of God is eternal life <em>through Jesus Christ</em> our Lord.&rdquo; <span class=\"egwlink egwlink_bible\" title=\"Romans 6:23\" data-link=\"1965.57282\">Romans 6:23</span>. Now if these scriptures do not show positively that everlasting life, immortality, is the &ldquo;gift of God&rdquo; to those alone &ldquo;who believe&rdquo; on the Son, we should like the reverend professor to tell us what they do show. More, if the Lord wanted to tell men that those who believe on Christ shall have everlasting life, and that those who do not believe on him shall not have life, but shall perish; if he wanted to tell them that those who have the Son have life, and those who have not the Son of God have not life; if he wanted to tell men that eternal life is a <em>gift</em> from him through Christ, will Professor Mooar please convey to us some idea of the way in which it could be done more plainly than it is done in the words above quoted?",
    "puborder": 107,
    "translations": []
  },
  {
    "para_id": "1205.122",
    "id_prev": "1205.121",
    "id_next": "1205.123",
    "refcode_1": "SITI",
    "refcode_2": "89",
    "refcode_3": "10",
    "refcode_4": "1885",
    "refcode_short": "SITI February 5,  1885, page 89.10",
    "refcode_long": "The Signs of the Times, vol. 11 February 5,  1885, page 89 paragraph 10",
    "element_type": "p",
    "element_subtype": "standard-indented",
    "content": "But how does the Professor avoid the plain statements of these texts? Why, just as Origen did before him, in the same cause, he &ldquo;objected to the canon of interpretation&rdquo; that the &ldquo;Scripture must be taken in its most literal and obvious sense.&rdquo; And &ldquo;Professor Benton agreed with Dr. Mooar .. though there were not a few passages which, literally interpreted, would seem to support that view.&rdquo; So the Scriptures, literally interpreted, <em>i.e.</em>, taken as they read, will not admit of unconditional immortality, therefore they must not be taken in their plain, &ldquo;obvious&rdquo; meaning, but must be taken in a mystical sense, in a hidden meaning, which none but reverend professors and theological leaders of thought, can know or understand. Where is there any real difference between this and the theory of the papal church? The papacy says the Scriptures are mysterious, that they have mystical meanings, that they are not to be literally interpreted, and that none but the priests, those who are educated for that purpose, can interpret them correctly, and that therefore the common people have no business to read the Bible. These so-called Protestants say, Oh, yes, give the common people the Bible; let them read it; howbeit they will fall into great error, because it is not to be taken in its &ldquo;most literal and obvious sense.&rdquo; If between these there is any advantage it certainly appears to be in favor of the papal church, for it has at least the merit of consistency.",
    "puborder": 108,
    "translations": []
  },
  {
    "para_id": "1205.123",
    "id_prev": "1205.122",
    "id_next": "1205.124",
    "refcode_1": "SITI",
    "refcode_2": "89",
    "refcode_3": "11",
    "refcode_4": "1885",
    "refcode_short": "SITI February 5,  1885, page 89.11",
    "refcode_long": "The Signs of the Times, vol. 11 February 5,  1885, page 89 paragraph 11",
    "element_type": "p",
    "element_subtype": "standard-indented",
    "content": "The fundamental principle, the foundation-stone, of Protestantism is that&mdash;",
    "puborder": 109,
    "translations": []
  },
  {
    "para_id": "1205.124",
    "id_prev": "1205.123",
    "id_next": "1205.127",
    "refcode_1": "SITI",
    "refcode_2": "89",
    "refcode_3": "12",
    "refcode_4": "1885",
    "refcode_short": "SITI February 5,  1885, page 89.12",
    "refcode_long": "The Signs of the Times, vol. 11 February 5,  1885, page 89 paragraph 12",
    "element_type": "p",
    "element_subtype": "blockquote-indented",
    "content": "&ldquo;The Bible is not to be interpreted and use according <span class=\"page-break\" data-page=\"90\"></span> to tradition, or use and wont [custom], but to be explained by means of <em>itself, its own language</em> and connection.&rdquo;",
    "puborder": 110,
    "translations": []
  },
  {
    "para_id": "1205.127",
    "id_prev": "1205.124",
    "id_next": "1205.128",
    "refcode_1": "SITI",
    "refcode_2": "90",
    "refcode_3": "1",
    "refcode_4": "1885",
    "refcode_short": "SITI February 5,  1885, page 90.1",
    "refcode_long": "The Signs of the Times, vol. 11 February 5,  1885, page 90 paragraph 1",
    "element_type": "p",
    "element_subtype": "standard-indented",
    "content": "But we have seen that the language that is used to express and explain the immortality of the soul, is <em>not</em> the language of the Bible; that in support of this doctrine the Bible is not &ldquo;explained by means of itself,&rdquo; but by means of the doctrine, and <em>contrary to itself;</em> and that <em>so</em> the &ldquo;sufficiency of the Scripture&rdquo; is virtually denied; and as is well expressed by McClintock and Strong, &ldquo;<em>Those who deny its</em> [the Scripture&rsquo;s] <em>sufficiency, are not in principle Protestants</em>.&rdquo; Therefore from all these considerations it is inevitable that all who maintain the immortality of the soul <em>are not Protestants</em>.",
    "puborder": 111,
    "translations": []
  },
  {
    "para_id": "1205.128",
    "id_prev": "1205.127",
    "id_next": "1205.129",
    "refcode_1": "SITI",
    "refcode_2": "90",
    "refcode_3": "",
    "refcode_4": "1885",
    "refcode_short": "",
    "refcode_long": "",
    "element_type": "p",
    "element_subtype": "standard-noindent",
    "content": "ALONZO T. JONES.",
    "puborder": 112,
    "translations": []
  }
]