{
  "book_id": 501,
  "code": "DS",
  "lang": "en",
  "type": "periodical",
  "subtype": "no pagebreaks",
  "title": "The Day-Star",
  "first_para": "501.1",
  "author": "Ellen Gould White",
  "description": "",
  "npages": 0,
  "isbn": null,
  "publisher": "",
  "pub_year": "1846",
  "buy_link": null,
  "folder_id": 5,
  "cover": {
    "small": "/covers/501_s.jpg",
    "large": "/covers/501_r.jpg"
  },
  "files": {
    "pdf": "/pdf/en_DS.pdf",
    "epub": "/epub/en_DS.epub",
    "mobi": "/mobi/en_DS.mobi"
  },
  "permission_required": "public",
  "sort": 233000019,
  "is_audiobook": false,
  "cite": "",
  "translated_into": []
}