[
  {
    "para_id": "14057.6774001",
    "id_prev": "14057.5664013",
    "id_next": "14057.6774004",
    "refcode_1": "7LtMs",
    "refcode_2": "1",
    "refcode_3": "",
    "refcode_4": "1891007500",
    "refcode_short": "7LtMs, Lt 75, 1891",
    "refcode_long": "Letters and Manuscripts — Volume 7 (1891-1892), Lt 75, 1891",
    "element_type": "h4",
    "element_subtype": "",
    "content": "Lt 75, 1891",
    "puborder": 1643,
    "translations": []
  },
  {
    "para_id": "14057.6774004",
    "id_prev": "14057.6774001",
    "id_next": "14057.6774002",
    "refcode_1": "7LtMs",
    "refcode_2": "1",
    "refcode_3": "",
    "refcode_4": "1891007500",
    "refcode_short": "",
    "refcode_long": "",
    "element_type": "p",
    "element_subtype": "ltaddressee",
    "content": "White, W. C.",
    "puborder": 1644,
    "translations": []
  },
  {
    "para_id": "14057.6774002",
    "id_prev": "14057.6774004",
    "id_next": "14057.6774003",
    "refcode_1": "7LtMs",
    "refcode_2": "1",
    "refcode_3": "",
    "refcode_4": "1891007500",
    "refcode_short": "",
    "refcode_long": "",
    "element_type": "p",
    "element_subtype": "ltplace",
    "content": "<span class=\"ltplace\" value=\"Petoskey, Michigan\">Petoskey, Michigan</span>",
    "puborder": 1645,
    "translations": []
  },
  {
    "para_id": "14057.6774003",
    "id_prev": "14057.6774002",
    "id_next": "14057.6774005",
    "refcode_1": "7LtMs",
    "refcode_2": "1",
    "refcode_3": "",
    "refcode_4": "1891007500",
    "refcode_short": "",
    "refcode_long": "",
    "element_type": "p",
    "element_subtype": "ltdate",
    "content": "<span class=\"ltdate\" start=\"May 29, 1891\">May 29, 1891</span>",
    "puborder": 1646,
    "translations": []
  },
  {
    "para_id": "14057.6774005",
    "id_prev": "14057.6774003",
    "id_next": "14057.6774006",
    "refcode_1": "7LtMs",
    "refcode_2": "1",
    "refcode_3": "",
    "refcode_4": "1891007500",
    "refcode_short": "",
    "refcode_long": "",
    "element_type": "p",
    "element_subtype": "ltpubinfo",
    "content": "Previously unpublished.",
    "puborder": 1647,
    "translations": []
  },
  {
    "para_id": "14057.6774006",
    "id_prev": "14057.6774005",
    "id_next": "14057.6774007",
    "refcode_1": "7LtMs",
    "refcode_2": "1",
    "refcode_3": "",
    "refcode_4": "1891007500",
    "refcode_short": "",
    "refcode_long": "",
    "element_type": "p",
    "element_subtype": "ltsalutation",
    "content": "Dear Son Willie:",
    "puborder": 1648,
    "translations": []
  },
  {
    "para_id": "14057.6774007",
    "id_prev": "14057.6774006",
    "id_next": "14057.6774008",
    "refcode_1": "7LtMs",
    "refcode_2": "1",
    "refcode_3": "1198",
    "refcode_4": "1891007500",
    "refcode_short": "7LtMs, Lt 75, 1891, par. 1",
    "refcode_long": "Letters and Manuscripts — Volume 7 (1891-1892), Lt 75, 1891, par. 1",
    "element_type": "p",
    "element_subtype": "standard-indented",
    "content": "Received your letter last night. We have the chimney up from the basement to the top of my room. Will be all done tomorrow noon. Mr. Paxton puts on the frontage commencing next week, Monday, and keeping at it until done. Now I shall have no particular anxiety in regard to Marian, for she can select the room she chooses, where is the least noise, and with these additional rooms we will do nicely.",
    "puborder": 1649,
    "translations": []
  },
  {
    "para_id": "14057.6774008",
    "id_prev": "14057.6774007",
    "id_next": "14057.6774009",
    "refcode_1": "7LtMs",
    "refcode_2": "1",
    "refcode_3": "1199",
    "refcode_4": "1891007500",
    "refcode_short": "7LtMs, Lt 75, 1891, par. 2",
    "refcode_long": "Letters and Manuscripts — Volume 7 (1891-1892), Lt 75, 1891, par. 2",
    "element_type": "p",
    "element_subtype": "standard-indented",
    "content": "Elder Fargo will not be here until the last of next week, but we will get along all right. The back part of the house is well balanced up; now balance up the front and we shall have a convenient and respectable house in every way.",
    "puborder": 1650,
    "translations": []
  },
  {
    "para_id": "14057.6774009",
    "id_prev": "14057.6774008",
    "id_next": "14057.6774010",
    "refcode_1": "7LtMs",
    "refcode_2": "1",
    "refcode_3": "1200",
    "refcode_4": "1891007500",
    "refcode_short": "7LtMs, Lt 75, 1891, par. 3",
    "refcode_long": "Letters and Manuscripts — Volume 7 (1891-1892), Lt 75, 1891, par. 3",
    "element_type": "p",
    "element_subtype": "standard-indented",
    "content": "In regard to the Miller property and our trade, I shall not let it worry me. In regard to St. Helena property, I shall not worry about that. I have done all that I can do there. Sent them the deed. I shall not worry at all about that. I want someone&mdash;Brother McClure&mdash;to look into the matter, for it needs to be arranged. Rent is due me and the price of a cow, forty dollars. I shall write to them today. I have not heard from Brother Maynard. I have written to him. Expect a letter every day. I want now the money on temperance book from sanitarium. Shall write them, unless you draw it and send it to me. I shall have bills to pay here, and living expenses. I do not feel that it pays for me to keep up a constant anxiety after I have done all in my power to get rid of a property. I have written Sister Gotzian about my Healdsburg place, asking her to take it off my hands. It is not time for me to hear from her yet.",
    "puborder": 1651,
    "translations": []
  },
  {
    "para_id": "14057.6774010",
    "id_prev": "14057.6774009",
    "id_next": "14057.6774011",
    "refcode_1": "7LtMs",
    "refcode_2": "1",
    "refcode_3": "1201",
    "refcode_4": "1891007500",
    "refcode_short": "7LtMs, Lt 75, 1891, par. 4",
    "refcode_long": "Letters and Manuscripts — Volume 7 (1891-1892), Lt 75, 1891, par. 4",
    "element_type": "p",
    "element_subtype": "standard-indented",
    "content": "Marian is in Salisbury cottage, but she is sleeping. I am sleepy; can hardly hold my eyes open. No rain yet. Last night there must have been a fire, for the sky to the west and Steward&rsquo;s house and all our premises were light as day. I have not heard about it yet. It is early, about six o&rsquo;clock. The smoke makes our eyes smart and may have something to do with our sleepiness. In regard to Edna, you need have no trouble. I shall charge nothing for board until she gets to work. She has thrown her interest in with us in settling.",
    "puborder": 1652,
    "translations": []
  },
  {
    "para_id": "14057.6774011",
    "id_prev": "14057.6774010",
    "id_next": "14057.7304001",
    "refcode_1": "7LtMs",
    "refcode_2": "1",
    "refcode_3": "",
    "refcode_4": "1891007500",
    "refcode_short": "",
    "refcode_long": "",
    "element_type": "p",
    "element_subtype": "egwsignatureline",
    "content": "Mother.",
    "puborder": 1653,
    "translations": []
  }
]