[
  {
    "para_id": "14057.6629001",
    "id_prev": "14057.6877060",
    "id_next": "14057.6629004",
    "refcode_1": "7LtMs",
    "refcode_2": "1",
    "refcode_3": "",
    "refcode_4": "1891003700",
    "refcode_short": "7LtMs, Lt 37, 1891",
    "refcode_long": "Letters and Manuscripts — Volume 7 (1891-1892), Lt 37, 1891",
    "element_type": "h4",
    "element_subtype": "",
    "content": "Lt 37, 1891",
    "puborder": 961,
    "translations": []
  },
  {
    "para_id": "14057.6629004",
    "id_prev": "14057.6629001",
    "id_next": "14057.6629002",
    "refcode_1": "7LtMs",
    "refcode_2": "1",
    "refcode_3": "",
    "refcode_4": "1891003700",
    "refcode_short": "",
    "refcode_long": "",
    "element_type": "p",
    "element_subtype": "ltaddressee",
    "content": "Webber, Emma",
    "puborder": 962,
    "translations": []
  },
  {
    "para_id": "14057.6629002",
    "id_prev": "14057.6629004",
    "id_next": "14057.6629003",
    "refcode_1": "7LtMs",
    "refcode_2": "1",
    "refcode_3": "",
    "refcode_4": "1891003700",
    "refcode_short": "",
    "refcode_long": "",
    "element_type": "p",
    "element_subtype": "ltplace",
    "content": "<span class=\"ltplace\" value=\"Battle Creek, Michigan\">Battle Creek, Michigan</span>",
    "puborder": 963,
    "translations": []
  },
  {
    "para_id": "14057.6629003",
    "id_prev": "14057.6629002",
    "id_next": "14057.6629005",
    "refcode_1": "7LtMs",
    "refcode_2": "1",
    "refcode_3": "",
    "refcode_4": "1891003700",
    "refcode_short": "",
    "refcode_long": "",
    "element_type": "p",
    "element_subtype": "ltdate",
    "content": "<span class=\"ltdate\" start=\"February 12, 1891\">February 12, 1891</span>",
    "puborder": 964,
    "translations": []
  },
  {
    "para_id": "14057.6629005",
    "id_prev": "14057.6629003",
    "id_next": "14057.6629006",
    "refcode_1": "7LtMs",
    "refcode_2": "1",
    "refcode_3": "",
    "refcode_4": "1891003700",
    "refcode_short": "",
    "refcode_long": "",
    "element_type": "p",
    "element_subtype": "ltpubinfo",
    "content": "This letter is published in entirety in <span class=\"egwlink egwlink_book\" title=\"12MR 104\" data-link=\"70.497\">12MR 104-111</span>. +<sup class=\"footnote\"><a class=\"footnote\">Note<span class=\"footnote\">One or more typed copies of this document contain additional Ellen White handwritten interlineations which may be viewed at the main office of the Ellen G. White Estate.</span></a></sup>",
    "puborder": 965,
    "translations": []
  },
  {
    "para_id": "14057.6629006",
    "id_prev": "14057.6629005",
    "id_next": "14057.6629007",
    "refcode_1": "7LtMs",
    "refcode_2": "1",
    "refcode_3": "",
    "refcode_4": "1891003700",
    "refcode_short": "",
    "refcode_long": "",
    "element_type": "p",
    "element_subtype": "ltsalutation",
    "content": "Dear Sister Webber,",
    "puborder": 966,
    "translations": []
  },
  {
    "para_id": "14057.6629007",
    "id_prev": "14057.6629006",
    "id_next": "14057.6629008",
    "refcode_1": "7LtMs",
    "refcode_2": "1",
    "refcode_3": "737",
    "refcode_4": "1891003700",
    "refcode_short": "7LtMs, Lt 37, 1891, par. 1",
    "refcode_long": "Letters and Manuscripts — Volume 7 (1891-1892), Lt 37, 1891, par. 1",
    "element_type": "p",
    "element_subtype": "standard-indented",
    "content": "I wish to speak with you particularly. Last night my guide opened before me some things in regard to you, Sister Emma, in connection with Sr. Douse. The Lord gave me words to speak to you both, but to you especially. Seek ye first the kingdom of God and grace shall be given you. You are not able to walk alone in the sparks of your own kindling, for if you do not place yourself under the bright beams of the Sun of Righteousness that it may shine into your heart and expel all selfishness, all worldliness, you cannot be a light to the world. You are not cultivating piety and a meek and quiet spirit through the grace of Christ.",
    "puborder": 967,
    "translations": []
  },
  {
    "para_id": "14057.6629008",
    "id_prev": "14057.6629007",
    "id_next": "14057.6629009",
    "refcode_1": "7LtMs",
    "refcode_2": "1",
    "refcode_3": "738",
    "refcode_4": "1891003700",
    "refcode_short": "7LtMs, Lt 37, 1891, par. 2",
    "refcode_long": "Letters and Manuscripts — Volume 7 (1891-1892), Lt 37, 1891, par. 2",
    "element_type": "p",
    "element_subtype": "standard-indented",
    "content": "You need to cultivate human sympathy and love. You are too cold, you hold yourself aloof from others, while circumstances and opportunities are granted you every day to represent the character of Jesus. You worry too much. The blessings that come to the world must come through the living human agents who must work harmoniously with the heavenly instrumentalities. Submission to God and tender affection are not natural with you, and these graces you greatly need and must have in order to represent Jesus Christ.",
    "puborder": 968,
    "translations": []
  },
  {
    "para_id": "14057.6629009",
    "id_prev": "14057.6629008",
    "id_next": "14057.6629010",
    "refcode_1": "7LtMs",
    "refcode_2": "1",
    "refcode_3": "739",
    "refcode_4": "1891003700",
    "refcode_short": "7LtMs, Lt 37, 1891, par. 3",
    "refcode_long": "Letters and Manuscripts — Volume 7 (1891-1892), Lt 37, 1891, par. 3",
    "element_type": "p",
    "element_subtype": "standard-indented",
    "content": "All blessings flow to us through the medium of the cross, and we have need to cherish sympathy which is so largely revealed in the character of Jesus Christ. Let love [be] an abiding principle of the soul and it will be revealed. You need to guard your words, to be cheerful. Your very countenance may express the [love of] Jesus Christ abiding in your soul. Your words will be after Christ&rsquo;s order, because you have the mind of Christ.",
    "puborder": 969,
    "translations": []
  },
  {
    "para_id": "14057.6629010",
    "id_prev": "14057.6629009",
    "id_next": "14057.6629011",
    "refcode_1": "7LtMs",
    "refcode_2": "1",
    "refcode_3": "740",
    "refcode_4": "1891003700",
    "refcode_short": "7LtMs, Lt 37, 1891, par. 4",
    "refcode_long": "Letters and Manuscripts — Volume 7 (1891-1892), Lt 37, 1891, par. 4",
    "element_type": "p",
    "element_subtype": "standard-indented",
    "content": "I was saying to you with intensity of feeling, Emma, God will be found of you when you seek Him with all your heart. He will be found of you, then you can with words, in patience, forbearance, long-suffering, and gentleness diffuse the love of Jesus; catching His spirit, you can shine as a steady, bright light to all that are around you. You are in danger, because you are losing the precious grace of the Spirit of the Master. You are becoming too much absorbed in temporal matters and allowing these business matters to have the supremacy &lt;and quench the love of God which should be exercised toward those who need it.&gt; You need to take a decided interest in religious meetings. You have no strength to keep yourself under the sharp assaults of the enemy. You are kept by the power of God through faith.",
    "puborder": 970,
    "translations": []
  },
  {
    "para_id": "14057.6629011",
    "id_prev": "14057.6629010",
    "id_next": "14057.6629012",
    "refcode_1": "7LtMs",
    "refcode_2": "1",
    "refcode_3": "741",
    "refcode_4": "1891003700",
    "refcode_short": "7LtMs, Lt 37, 1891, par. 5",
    "refcode_long": "Letters and Manuscripts — Volume 7 (1891-1892), Lt 37, 1891, par. 5",
    "element_type": "p",
    "element_subtype": "standard-indented",
    "content": "Make earnest and determined efforts to be to every meeting possible. The divine direction is, Forsake not the assembling of yourselves together as the manner of some is, but so much the more as you see the day approaching. You are to be found among the little few who meet to worship God; the help of every soul who loves the truth is needed to bear testimony of the truth and act as missionaries of God, home missionaries to strengthen the things that remain, that are ready to die. Every jot of influence from Christ&rsquo;s soldiers is now called for on the Lord&rsquo;s side. Where two or three are assembled together in my name, there am I in the midst and that to bless. Then if we allow ourselves to be hindered by supposed excuses, the enemy will have a hand in creating circumstances so that we shall not be present where Jesus meets to bless His worshipers.",
    "puborder": 971,
    "translations": []
  },
  {
    "para_id": "14057.6629012",
    "id_prev": "14057.6629011",
    "id_next": "14057.6629013",
    "refcode_1": "7LtMs",
    "refcode_2": "1",
    "refcode_3": "742",
    "refcode_4": "1891003700",
    "refcode_short": "7LtMs, Lt 37, 1891, par. 6",
    "refcode_long": "Letters and Manuscripts — Volume 7 (1891-1892), Lt 37, 1891, par. 6",
    "element_type": "p",
    "element_subtype": "standard-indented",
    "content": "We must not be careless and negligent in exercising faith, in maintaining a principle to be in the assembly of the saints and be the Lord&rsquo;s witnesses and have a testimony to bear that is uplifting, full of courage and hope and victory. Ask at every step, Is this the way of the Lord? You can shape your business so that it shall not become all absorbing and you grow away from Jesus and lose sight of His attractive loveliness. Darkness and want of faith creates a sickly religion, a waning piety, and in no case can you represent Jesus Christ in your character.",
    "puborder": 972,
    "translations": []
  },
  {
    "para_id": "14057.6629013",
    "id_prev": "14057.6629012",
    "id_next": "14057.6629014",
    "refcode_1": "7LtMs",
    "refcode_2": "1",
    "refcode_3": "743",
    "refcode_4": "1891003700",
    "refcode_short": "7LtMs, Lt 37, 1891, par. 7",
    "refcode_long": "Letters and Manuscripts — Volume 7 (1891-1892), Lt 37, 1891, par. 7",
    "element_type": "p",
    "element_subtype": "standard-indented",
    "content": "Jesus&rsquo; voice of invitation is heard, Come unto me all ye that are weary and heavy laden and I will give you rest; take my yoke (not a yoke that you have manufactured) and learn of me for I am meek and lowly of heart, and ye shall find rest unto your souls. Take all your temporal concerns to Jesus, prayer in regard to temporal things is an expression of confidence and trust in God.",
    "puborder": 973,
    "translations": []
  },
  {
    "para_id": "14057.6629014",
    "id_prev": "14057.6629013",
    "id_next": "14057.6629015",
    "refcode_1": "7LtMs",
    "refcode_2": "1",
    "refcode_3": "744",
    "refcode_4": "1891003700",
    "refcode_short": "7LtMs, Lt 37, 1891, par. 8",
    "refcode_long": "Letters and Manuscripts — Volume 7 (1891-1892), Lt 37, 1891, par. 8",
    "element_type": "p",
    "element_subtype": "standard-indented",
    "content": "As a child has confidence and trust in its earthly parents, you acknowledge God as your Father, as His child you tell Him your needs, and how sweet to the Christian is this trusting faith. You can say, I have laid down all my burdens at the feet of Jesus. I have committed myself without reserve into His care. He has me in charge, I am not my own, I am bought with a price. He is infallible in wisdom, omnipotent in power and infinite in knowledge. He must and will give me His wisdom. May the Lord help and strengthen you.",
    "puborder": 974,
    "translations": []
  },
  {
    "para_id": "14057.6629015",
    "id_prev": "14057.6629014",
    "id_next": "14057.6629016",
    "refcode_1": "7LtMs",
    "refcode_2": "1",
    "refcode_3": "745",
    "refcode_4": "1891003700",
    "refcode_short": "7LtMs, Lt 37, 1891, par. 9",
    "refcode_long": "Letters and Manuscripts — Volume 7 (1891-1892), Lt 37, 1891, par. 9",
    "element_type": "p",
    "element_subtype": "standard-indented",
    "content": "My sister, you can [give,] and are in danger of giving, a wrong example to Dr. Douse, and both of you are in a fair way to backslide from God and become nominal religionists. In the position of responsibility that you are both in, you need the grace of Christ that you may lift the cross daily and overcome many things. Every day let the pen of the recording angel trace the words in your behalf, Victory over the deceptive powers of Satan. Satan would have you both lose your hold upon the Lord Jesus Christ, but you must not allow him to do his will with you. Kindle your taper from the divine altar and shine as lights to the world.",
    "puborder": 975,
    "translations": []
  },
  {
    "para_id": "14057.6629016",
    "id_prev": "14057.6629015",
    "id_next": "14057.6629017",
    "refcode_1": "7LtMs",
    "refcode_2": "1",
    "refcode_3": "746",
    "refcode_4": "1891003700",
    "refcode_short": "7LtMs, Lt 37, 1891, par. 10",
    "refcode_long": "Letters and Manuscripts — Volume 7 (1891-1892), Lt 37, 1891, par. 10",
    "element_type": "p",
    "element_subtype": "standard-indented",
    "content": "God can give Dr. Douse wisdom and skill in her profession if she will cling to Him and make God her strength. You are both situated where the Lord requires that you constantly work with Him, then you will both be a blessing wherever you are. A God-like, holy purpose must be kept ever in view. What shall it profit a man if he gain the whole world and lose his own soul, or what will a man give in exchange for his soul?",
    "puborder": 976,
    "translations": []
  },
  {
    "para_id": "14057.6629017",
    "id_prev": "14057.6629016",
    "id_next": "14057.6629018",
    "refcode_1": "7LtMs",
    "refcode_2": "1",
    "refcode_3": "747",
    "refcode_4": "1891003700",
    "refcode_short": "7LtMs, Lt 37, 1891, par. 11",
    "refcode_long": "Letters and Manuscripts — Volume 7 (1891-1892), Lt 37, 1891, par. 11",
    "element_type": "p",
    "element_subtype": "standard-indented",
    "content": "Keep the soul right. Let this be the language of the soul; I believe in God, in His providence, in the Bible, and in truth and cleanness of purpose. I cannot, I will not, swerve one jot from my duty and the claims that the Lord has upon me. I cannot, I dare not, sacrifice in the least degree my vital interest in holy things in order to gain relief from the pressure of temporal embarrassment. I will wait any time, walk humbly with God, walk in meekness, in humility, in simplicity of soul till the Lord gives me success and victory in His own time and way. My motto must be God is my strength, my wisdom, my all.",
    "puborder": 977,
    "translations": []
  },
  {
    "para_id": "14057.6629018",
    "id_prev": "14057.6629017",
    "id_next": "14057.6629019",
    "refcode_1": "7LtMs",
    "refcode_2": "1",
    "refcode_3": "748",
    "refcode_4": "1891003700",
    "refcode_short": "7LtMs, Lt 37, 1891, par. 12",
    "refcode_long": "Letters and Manuscripts — Volume 7 (1891-1892), Lt 37, 1891, par. 12",
    "element_type": "p",
    "element_subtype": "standard-indented",
    "content": "Without Me, says Christ, Ye can do nothing. [<span class=\"egwlink egwlink_bible\" title=\"John 15:5\" data-link=\"1965.54466\">John 15:5</span>.] Then do not try to meet the world&rsquo;s standard; you want the treasures of heaven. You want the crown of life that fadeth not away. If the Lord prepares the way before you, then you may walk in safe paths, and you will have the peace of Christ. Satan will have no power over a soul who is emptied of self and imbued with the Spirit of Jesus Christ. Jesus will help you in His own way, not in your way. Under the power of unbelief you may obtain relief in your way, and blot your own character.",
    "puborder": 978,
    "translations": []
  },
  {
    "para_id": "14057.6629019",
    "id_prev": "14057.6629018",
    "id_next": "14057.6629020",
    "refcode_1": "7LtMs",
    "refcode_2": "1",
    "refcode_3": "749",
    "refcode_4": "1891003700",
    "refcode_short": "7LtMs, Lt 37, 1891, par. 13",
    "refcode_long": "Letters and Manuscripts — Volume 7 (1891-1892), Lt 37, 1891, par. 13",
    "element_type": "p",
    "element_subtype": "standard-indented",
    "content": "Pray let your heart be drawn out in earnest prayer for the Lord to help you in, and under, every pressure of circumstances. Do all you can, putting your trust in God. He will help you both. But you can, and should, be a much greater help to Dr. Douse than you have been. How? &ldquo;I will stand upon my watch, and set me upon the tower, and will watch (with prayer) to see what he will say unto me.&rdquo; [<span class=\"egwlink egwlink_bible\" title=\"Habakkuk 2:1\" data-link=\"1965.46441\">Habakkuk 2:1</span>.] Do not be anxious to make a great figure in the world, for if you do you will make a small one. You must feel your need of richer blessings than temporal ones.",
    "puborder": 979,
    "translations": []
  },
  {
    "para_id": "14057.6629020",
    "id_prev": "14057.6629019",
    "id_next": "14057.6629021",
    "refcode_1": "7LtMs",
    "refcode_2": "1",
    "refcode_3": "750",
    "refcode_4": "1891003700",
    "refcode_short": "7LtMs, Lt 37, 1891, par. 14",
    "refcode_long": "Letters and Manuscripts — Volume 7 (1891-1892), Lt 37, 1891, par. 14",
    "element_type": "p",
    "element_subtype": "standard-indented",
    "content": "Serve the Lord heartily, gather to yourself the sunshine of Christ&rsquo;s countenance. You are responsible for the impression you leave upon the minds of those with whom you are brought in contact. In seeking any temporal advancement, your faith in holy, sacred truth will impose upon you moderation of desire and repress all inordinate ambition. Do not allow ambition for greatness to make you indifferent to goodness. You must, and will if a Christian, win the respect of believers and unbelievers. You need the love of Jesus in your heart, then you will love all for whom Christ has died.",
    "puborder": 980,
    "translations": []
  },
  {
    "para_id": "14057.6629021",
    "id_prev": "14057.6629020",
    "id_next": "14057.6629022",
    "refcode_1": "7LtMs",
    "refcode_2": "1",
    "refcode_3": "751",
    "refcode_4": "1891003700",
    "refcode_short": "7LtMs, Lt 37, 1891, par. 15",
    "refcode_long": "Letters and Manuscripts — Volume 7 (1891-1892), Lt 37, 1891, par. 15",
    "element_type": "p",
    "element_subtype": "standard-indented",
    "content": "Be universally kind, because Christ was kind. You will make your life fragrant with tender love and will give to all the milk of human kindness. A sour word will not answer, because you misrepresent Jesus. Much wisdom and strength, prudence and patience is essential. Do not venture to be domineering, but be kind, that you may succeed upon religious principles which will call into exercise the graces in the character of forbearance, self-denial, and resolution to resist temptation.",
    "puborder": 981,
    "translations": []
  },
  {
    "para_id": "14057.6629022",
    "id_prev": "14057.6629021",
    "id_next": "14057.6629023",
    "refcode_1": "7LtMs",
    "refcode_2": "1",
    "refcode_3": "752",
    "refcode_4": "1891003700",
    "refcode_short": "7LtMs, Lt 37, 1891, par. 16",
    "refcode_long": "Letters and Manuscripts — Volume 7 (1891-1892), Lt 37, 1891, par. 16",
    "element_type": "p",
    "element_subtype": "standard-indented",
    "content": "In all your work, in all your words, there is a Witness, one who says, I know thy works. Depend upon God and all that God has promised; bring into your daily life the warmth of love. You are cold and distant to many, but it will not pay. My grace is sufficient for you is the promise. [<span class=\"egwlink egwlink_bible\" title=\"2 Corinthians 12:9\" data-link=\"1965.59202\">2 Corinthians 12:9</span>.]",
    "puborder": 982,
    "translations": []
  },
  {
    "para_id": "14057.6629023",
    "id_prev": "14057.6629022",
    "id_next": "14057.6629024",
    "refcode_1": "7LtMs",
    "refcode_2": "1",
    "refcode_3": "753",
    "refcode_4": "1891003700",
    "refcode_short": "7LtMs, Lt 37, 1891, par. 17",
    "refcode_long": "Letters and Manuscripts — Volume 7 (1891-1892), Lt 37, 1891, par. 17",
    "element_type": "p",
    "element_subtype": "standard-indented",
    "content": "Wake up, Sr. Webber, and when you come near to God, He will draw near to you. Wake up and feel that God will help you. Let it be the language of your soul, He must increase, I must decrease. Put <span class=\"underline\">me</span> and <span class=\"underline\">I</span> just where they belong. Lift up Jesus, talk of Jesus, and if He does not lie at the foundation of all your plans, if your eye is not single to the glory of God, and yourself obedient to all your requirements, keeping eternal realities in view, you are on the losing side. Take no more upon you than you can bear pleasantly and kindly toward all. When you have not strength and the help of One who is all-sufficient to carry you and your burdens, then your burdens oppress you.",
    "puborder": 983,
    "translations": []
  },
  {
    "para_id": "14057.6629024",
    "id_prev": "14057.6629023",
    "id_next": "14057.6629025",
    "refcode_1": "7LtMs",
    "refcode_2": "1",
    "refcode_3": "754",
    "refcode_4": "1891003700",
    "refcode_short": "7LtMs, Lt 37, 1891, par. 18",
    "refcode_long": "Letters and Manuscripts — Volume 7 (1891-1892), Lt 37, 1891, par. 18",
    "element_type": "p",
    "element_subtype": "standard-indented",
    "content": "Christ declares His yoke to be easy and His burden light. [<span class=\"egwlink egwlink_bible\" title=\"Matthew 11:30\" data-link=\"1965.47961\">Matthew 11:30</span>.] Through Jesus Christ you can wear the yoke gracefully. If you exalt yourself, then you will place yourself where it will be necessary for the Lord to abase you. If you humble yourself at every step, Jesus will lift you up, but let Jesus do all the lifting up and remember that Jesus always bears the heavy end of the yoke. Then if you are laborers together with God, you have a divine Helper at every step. You can be in the world and not be of the world, pure in heart, full of the milk of human kindness, keeping the way of the Lord, to do justice and love mercy and walk humbly with God.",
    "puborder": 984,
    "translations": []
  },
  {
    "para_id": "14057.6629025",
    "id_prev": "14057.6629024",
    "id_next": "14057.6629026",
    "refcode_1": "7LtMs",
    "refcode_2": "1",
    "refcode_3": "755",
    "refcode_4": "1891003700",
    "refcode_short": "7LtMs, Lt 37, 1891, par. 19",
    "refcode_long": "Letters and Manuscripts — Volume 7 (1891-1892), Lt 37, 1891, par. 19",
    "element_type": "p",
    "element_subtype": "standard-indented",
    "content": "Let every page in your life work be fresh and pure and clean in the morning, then keep your heart uplifted to God, breathing out your prayer to Him, for guidance, for the upholding by His free Spirit, pray for wisdom that comes from above, that the angels of God may be by your side to help you. You see not in life the end of human actions; their influence never dies.",
    "puborder": 985,
    "translations": []
  },
  {
    "para_id": "14057.6629026",
    "id_prev": "14057.6629025",
    "id_next": "14057.6629027",
    "refcode_1": "7LtMs",
    "refcode_2": "1",
    "refcode_3": "756",
    "refcode_4": "1891003700",
    "refcode_short": "7LtMs, Lt 37, 1891, par. 20",
    "refcode_long": "Letters and Manuscripts — Volume 7 (1891-1892), Lt 37, 1891, par. 20",
    "element_type": "p",
    "element_subtype": "standard-indented",
    "content": "Every morning bear in mind that you are sowing seeds which will bear fruit to life eternal, or to death. If you are in a position where you can mold others, you want first to be molded by the Lord Jesus, then you can be a vessel unto honor. The sphere in which you act may not be large, but you are transmitting impressions that may be for good through ceaseless ages of eternity. The blessing of God resting upon you will repeat itself by being reflected upon others and in their turn they may reflect the same upon others.",
    "puborder": 986,
    "translations": []
  },
  {
    "para_id": "14057.6629027",
    "id_prev": "14057.6629026",
    "id_next": "14057.6629028",
    "refcode_1": "7LtMs",
    "refcode_2": "1",
    "refcode_3": "757",
    "refcode_4": "1891003700",
    "refcode_short": "7LtMs, Lt 37, 1891, par. 21",
    "refcode_long": "Letters and Manuscripts — Volume 7 (1891-1892), Lt 37, 1891, par. 21",
    "element_type": "p",
    "element_subtype": "standard-indented",
    "content": "The good that you may do, if your life is hid with Christ in God, will not be buried with you. You may, if you walk humbly with God, bring many sheaves to the Master. Be sure that your advances be in the highest heavenly direction else it is no advance in truth and righteousness. You are to feel that in God&rsquo;s providence you are placed where you are to be beacons of light to the world.",
    "puborder": 987,
    "translations": []
  },
  {
    "para_id": "14057.6629028",
    "id_prev": "14057.6629027",
    "id_next": "14057.6629029",
    "refcode_1": "7LtMs",
    "refcode_2": "1",
    "refcode_3": "758",
    "refcode_4": "1891003700",
    "refcode_short": "7LtMs, Lt 37, 1891, par. 22",
    "refcode_long": "Letters and Manuscripts — Volume 7 (1891-1892), Lt 37, 1891, par. 22",
    "element_type": "p",
    "element_subtype": "standard-indented",
    "content": "But the Lord has opened to me that you need the transforming grace of God upon your own soul. You may both be as beacon lights upon a hill top, illuminating the moral atmosphere around you. Your golden words may drop as the dew and as the soft showers of rain upon the tender herb. You may be examples, you may help other feet to tread the royal path to heaven&mdash;the path cast up for the ransomed of the Lord to walk in.",
    "puborder": 988,
    "translations": []
  },
  {
    "para_id": "14057.6629029",
    "id_prev": "14057.6629028",
    "id_next": "14057.6629030",
    "refcode_1": "7LtMs",
    "refcode_2": "1",
    "refcode_3": "759",
    "refcode_4": "1891003700",
    "refcode_short": "7LtMs, Lt 37, 1891, par. 23",
    "refcode_long": "Letters and Manuscripts — Volume 7 (1891-1892), Lt 37, 1891, par. 23",
    "element_type": "p",
    "element_subtype": "standard-indented",
    "content": "A Christian life is a living reality, for it is constantly reproducing itself. Please to remember that you have not to do only with business matters, but with minds, differently organized minds. Your influence reaches the soul; you touch not a wire but that vibrates back to God. You have a personal influence; your words, your actions, leave their trace on other minds. It is your duty to be Christians in the highest sense of the word&mdash;&ldquo;Christlike.&rdquo;",
    "puborder": 989,
    "translations": []
  },
  {
    "para_id": "14057.6629030",
    "id_prev": "14057.6629029",
    "id_next": "14057.6629031",
    "refcode_1": "7LtMs",
    "refcode_2": "1",
    "refcode_3": "760",
    "refcode_4": "1891003700",
    "refcode_short": "7LtMs, Lt 37, 1891, par. 24",
    "refcode_long": "Letters and Manuscripts — Volume 7 (1891-1892), Lt 37, 1891, par. 24",
    "element_type": "p",
    "element_subtype": "standard-indented",
    "content": "It is through the unseen lines that attract you to other minds with which you are brought in contact that may, if you are in constant connection with God, leave impressions that will make you a savor of life unto life. Otherwise, if you are selfish, if you are self-exalted, if you are worldly minded, no matter what your position, no matter what your experience has been, or how much you know, if you are not having the law of kindness on your lips, [the] sweet fragrance of love springing from your heart, you can do nothing as it ought to be done.",
    "puborder": 990,
    "translations": []
  },
  {
    "para_id": "14057.6629031",
    "id_prev": "14057.6629030",
    "id_next": "14057.6629032",
    "refcode_1": "7LtMs",
    "refcode_2": "1",
    "refcode_3": "761",
    "refcode_4": "1891003700",
    "refcode_short": "7LtMs, Lt 37, 1891, par. 25",
    "refcode_long": "Letters and Manuscripts — Volume 7 (1891-1892), Lt 37, 1891, par. 25",
    "element_type": "p",
    "element_subtype": "standard-indented",
    "content": "You want to come closer to hearts, never to merely touch the hand you take with the tip ends of your fingers, and in a lifeless way, saying, Stand off, don&rsquo;t come too near me, I am better than thou. Let heartiness come into your life and be revealed in your connection with those whom God has valued so highly as to give His own life that they might live with Him through eternal ages.",
    "puborder": 991,
    "translations": []
  },
  {
    "para_id": "14057.6629032",
    "id_prev": "14057.6629031",
    "id_next": "14057.5458001",
    "refcode_1": "7LtMs",
    "refcode_2": "1",
    "refcode_3": "762",
    "refcode_4": "1891003700",
    "refcode_short": "7LtMs, Lt 37, 1891, par. 26",
    "refcode_long": "Letters and Manuscripts — Volume 7 (1891-1892), Lt 37, 1891, par. 26",
    "element_type": "p",
    "element_subtype": "standard-indented",
    "content": "In love.",
    "puborder": 992,
    "translations": []
  }
]