[
  {
    "para_id": "14057.20056293",
    "id_prev": "14057.6315012",
    "id_next": "14057.4979001",
    "refcode_1": "7LtMs",
    "refcode_2": "1",
    "refcode_3": "",
    "refcode_4": "",
    "refcode_short": "7LtMs",
    "refcode_long": "Letters and Manuscripts — Volume 7 (1891-1892)",
    "element_type": "h3",
    "element_subtype": "",
    "content": "Manuscripts",
    "puborder": 7255,
    "translations": []
  },
  {
    "para_id": "14057.4979001",
    "id_prev": "14057.20056293",
    "id_next": "14057.4979004",
    "refcode_1": "7LtMs",
    "refcode_2": "1",
    "refcode_3": "",
    "refcode_4": "1892100100",
    "refcode_short": "7LtMs, Ms 1, 1892",
    "refcode_long": "Letters and Manuscripts — Volume 7 (1891-1892), Ms 1, 1892",
    "element_type": "h4",
    "element_subtype": "",
    "content": "Ms 1, 1892",
    "puborder": 7256,
    "translations": []
  },
  {
    "para_id": "14057.4979004",
    "id_prev": "14057.4979001",
    "id_next": "14057.4979002",
    "refcode_1": "7LtMs",
    "refcode_2": "1",
    "refcode_3": "",
    "refcode_4": "1892100100",
    "refcode_short": "",
    "refcode_long": "",
    "element_type": "p",
    "element_subtype": "mstitle",
    "content": "The Divine-Human Nature of Christ",
    "puborder": 7257,
    "translations": []
  },
  {
    "para_id": "14057.4979002",
    "id_prev": "14057.4979004",
    "id_next": "14057.4979003",
    "refcode_1": "7LtMs",
    "refcode_2": "1",
    "refcode_3": "",
    "refcode_4": "1892100100",
    "refcode_short": "",
    "refcode_long": "",
    "element_type": "p",
    "element_subtype": "msplace",
    "content": "<span class=\"msplace\" value=\"NP\">NP</span>",
    "puborder": 7258,
    "translations": []
  },
  {
    "para_id": "14057.4979003",
    "id_prev": "14057.4979002",
    "id_next": "14057.4979005",
    "refcode_1": "7LtMs",
    "refcode_2": "1",
    "refcode_3": "",
    "refcode_4": "1892100100",
    "refcode_short": "",
    "refcode_long": "",
    "element_type": "p",
    "element_subtype": "msdate",
    "content": "<span class=\"msdate\" start=\"November 15, 1892\">November 15, 1892</span>",
    "puborder": 7259,
    "translations": []
  },
  {
    "para_id": "14057.4979005",
    "id_prev": "14057.4979003",
    "id_next": "14057.4979006",
    "refcode_1": "7LtMs",
    "refcode_2": "1",
    "refcode_3": "",
    "refcode_4": "1892100100",
    "refcode_short": "",
    "refcode_long": "",
    "element_type": "p",
    "element_subtype": "mspubinfo",
    "content": "This manuscript is published in entirety in <span class=\"egwlink egwlink_book\" title=\"6MR 334\" data-link=\"64.1649\">6MR 334-343</span>. +<sup class=\"footnote\"><a class=\"footnote\">Note<span class=\"footnote\">One or more typed copies of this document contain additional Ellen White handwritten interlineations which may be viewed at the main office of the Ellen G. White Estate.</span></a></sup>",
    "puborder": 7260,
    "translations": []
  },
  {
    "para_id": "14057.4979006",
    "id_prev": "14057.4979005",
    "id_next": "14057.4979007",
    "refcode_1": "7LtMs",
    "refcode_2": "1",
    "refcode_3": "5327",
    "refcode_4": "1892100100",
    "refcode_short": "7LtMs, Ms 1, 1892, par. 1",
    "refcode_long": "Letters and Manuscripts — Volume 7 (1891-1892), Ms 1, 1892, par. 1",
    "element_type": "p",
    "element_subtype": "standard-indented",
    "content": "The world&rsquo;s Redeemer passed over the ground where Adam fell because of his disobeying the expressed law of Jehovah; and the only begotten Son of God came to our world as a man, to reveal to the world that men could keep the law of God. Satan, the fallen angel, had declared that no man could keep the law of God after the disobedience of Adam. &lt;He claimed the whole race under his control.&gt;",
    "puborder": 7261,
    "translations": []
  },
  {
    "para_id": "14057.4979007",
    "id_prev": "14057.4979006",
    "id_next": "14057.4979008",
    "refcode_1": "7LtMs",
    "refcode_2": "1",
    "refcode_3": "5328",
    "refcode_4": "1892100100",
    "refcode_short": "7LtMs, Ms 1, 1892, par. 2",
    "refcode_long": "Letters and Manuscripts — Volume 7 (1891-1892), Ms 1, 1892, par. 2",
    "element_type": "p",
    "element_subtype": "standard-indented",
    "content": "The Son of God placed Himself in &lt;the sinner&rsquo;s&gt; stead, and passed over the ground where Adam fell, and endured the temptation in the wilderness which was a hundredfold stronger than was or ever will be brought to bear upon the human race. Jesus resisted the temptations of Satan in the same manner that every tempted soul may resist, by referring him to the Inspired Record and saying, &ldquo;It is written.&rdquo;",
    "puborder": 7262,
    "translations": []
  },
  {
    "para_id": "14057.4979008",
    "id_prev": "14057.4979007",
    "id_next": "14057.4979009",
    "refcode_1": "7LtMs",
    "refcode_2": "1",
    "refcode_3": "5329",
    "refcode_4": "1892100100",
    "refcode_short": "7LtMs, Ms 1, 1892, par. 3",
    "refcode_long": "Letters and Manuscripts — Volume 7 (1891-1892), Ms 1, 1892, par. 3",
    "element_type": "p",
    "element_subtype": "standard-indented",
    "content": "Christ overcame the temptations of Satan as a man. Every man may overcome as Christ overcame. He humbled Himself for us. He was tempted in all points like as we are. He redeemed Adam&rsquo;s disgraceful failure and fall and was conqueror, thus testifying to all the unfallen worlds and to fallen humanity that man could keep the commandments of God through the divine power granted to him of heaven. Jesus the Son of God humbled Himself for us, endured temptation for us, overcame in our behalf, to show us how we may overcome; He has thus bound up His interests with humanity by the closest ties, and has given the positive assurance that we shall not be tempted above that we are able, for with the temptation He will make a way of escape.",
    "puborder": 7263,
    "translations": []
  },
  {
    "para_id": "14057.4979009",
    "id_prev": "14057.4979008",
    "id_next": "14057.4979010",
    "refcode_1": "7LtMs",
    "refcode_2": "1",
    "refcode_3": "5330",
    "refcode_4": "1892100100",
    "refcode_short": "7LtMs, Ms 1, 1892, par. 4",
    "refcode_long": "Letters and Manuscripts — Volume 7 (1891-1892), Ms 1, 1892, par. 4",
    "element_type": "p",
    "element_subtype": "standard-indented",
    "content": "The Holy Spirit was promised to be with those who were wrestling for victory, in demonstration of all mightiness, endowing the human agent with supernatural powers, and instructing the ignorant in the mysteries of the kingdom of God. That the Holy Spirit is to be the grand helper is a wonderful promise. Of what avail would it have been to us that the only begotten Son of God had humbled Himself, endured the temptations of the wily foe, and wrestled with him during His entire life on earth, and died the Just for the unjust that humanity might not perish, if the Spirit had not been given as a constant working, regenerating agent to make effectual in our cases what had been wrought out by the world&rsquo;s Redeemer.",
    "puborder": 7264,
    "translations": []
  },
  {
    "para_id": "14057.4979010",
    "id_prev": "14057.4979009",
    "id_next": "14057.4979011",
    "refcode_1": "7LtMs",
    "refcode_2": "1",
    "refcode_3": "5331",
    "refcode_4": "1892100100",
    "refcode_short": "7LtMs, Ms 1, 1892, par. 5",
    "refcode_long": "Letters and Manuscripts — Volume 7 (1891-1892), Ms 1, 1892, par. 5",
    "element_type": "p",
    "element_subtype": "standard-indented",
    "content": "The imparted Holy Spirit enabled His disciples, the apostles, to stand firmly against every species of idolatry and to exalt the Lord and Him alone. Who, but Jesus Christ by His Spirit and divine power, guided the pens of the sacred historians that to the world might be presented the precious record of the sayings and works of Jesus Christ?",
    "puborder": 7265,
    "translations": []
  },
  {
    "para_id": "14057.4979011",
    "id_prev": "14057.4979010",
    "id_next": "14057.4979012",
    "refcode_1": "7LtMs",
    "refcode_2": "1",
    "refcode_3": "5332",
    "refcode_4": "1892100100",
    "refcode_short": "7LtMs, Ms 1, 1892, par. 6",
    "refcode_long": "Letters and Manuscripts — Volume 7 (1891-1892), Ms 1, 1892, par. 6",
    "element_type": "p",
    "element_subtype": "standard-indented",
    "content": "The promised Holy Spirit, that He would send after He ascended to His Father, is constantly at work to draw the attention to the great official sacrifice upon the cross of Calvary, and to unfold to the world the love of God to man, and to open to the convicted soul the precious things in the Scriptures, and to open to darkened minds the bright beams of the Sun of Righteousness, the truths that as gold make their hearts burn within them with the awakened intelligence of the truths of eternity.",
    "puborder": 7266,
    "translations": []
  },
  {
    "para_id": "14057.4979012",
    "id_prev": "14057.4979011",
    "id_next": "14057.4979013",
    "refcode_1": "7LtMs",
    "refcode_2": "1",
    "refcode_3": "5333",
    "refcode_4": "1892100100",
    "refcode_short": "7LtMs, Ms 1, 1892, par. 7",
    "refcode_long": "Letters and Manuscripts — Volume 7 (1891-1892), Ms 1, 1892, par. 7",
    "element_type": "p",
    "element_subtype": "standard-indented",
    "content": "Who but the Holy Spirit presents before the mind the moral standard of righteousness and convinces of sin, and produces godly sorrow which worketh repentance that needeth not to be repented of, and inspires the exercise of faith in Him who alone can save from all sin. Who but the Holy Spirit can work with human minds to transform character by withdrawing the affections from those things which are temporal, perishable, and imbues the soul with earnest desire by presenting the immortal inheritance, the eternal substance which is imperishable, and recreates, refines, and sanctifies the human agents that they may become members of the royal family, children of the heavenly King?",
    "puborder": 7267,
    "translations": []
  },
  {
    "para_id": "14057.4979013",
    "id_prev": "14057.4979012",
    "id_next": "14057.4979014",
    "refcode_1": "7LtMs",
    "refcode_2": "1",
    "refcode_3": "5334",
    "refcode_4": "1892100100",
    "refcode_short": "7LtMs, Ms 1, 1892, par. 8",
    "refcode_long": "Letters and Manuscripts — Volume 7 (1891-1892), Ms 1, 1892, par. 8",
    "element_type": "p",
    "element_subtype": "standard-indented",
    "content": "The question, &ldquo;What difference does it make what day we keep for Sabbath?&rdquo; is often asked. Just the same as it did with Adam, &lt;it made every difference&gt; whether he should obey God and not eat of the tree of knowledge, or whether he should yield to Satan&rsquo;s specious reasoning and say, &ldquo;What difference does it make whether I eat of the fruit of this forbidden tree or the rest of the trees in the garden?&rdquo; Adam&rsquo;s sin in doing the very things the Lord told him not to do &lt;was his disobedience and transgression and&gt; opened the floodgates of woe to our world.",
    "puborder": 7268,
    "translations": []
  },
  {
    "para_id": "14057.4979014",
    "id_prev": "14057.4979013",
    "id_next": "14057.4979015",
    "refcode_1": "7LtMs",
    "refcode_2": "1",
    "refcode_3": "5335",
    "refcode_4": "1892100100",
    "refcode_short": "7LtMs, Ms 1, 1892, par. 9",
    "refcode_long": "Letters and Manuscripts — Volume 7 (1891-1892), Ms 1, 1892, par. 9",
    "element_type": "p",
    "element_subtype": "standard-indented",
    "content": "The life of Christ is to be carefully meditated upon and to be constantly studied with a desire to understand the reason why He had to come at all. We can only form our conclusions by searching the Scriptures as Christ has enjoined upon us to do for says He, &ldquo;they testify of me.&rdquo; [<span class=\"egwlink egwlink_bible\" title=\"John 5:39\" data-link=\"1965.53546\">John 5:39</span>.] We may find, by searching &lt;the Word,&gt; the virtues of obedience in contrast with the sinfulness of disobedience. &ldquo;As by one man&rsquo;s disobedience many were made sinners, so by the obedience of one shall many be made righteous.&rdquo; [<span class=\"egwlink egwlink_bible\" title=\"Romans 5:19\" data-link=\"1965.57231\">Romans 5:19</span>.]",
    "puborder": 7269,
    "translations": []
  },
  {
    "para_id": "14057.4979015",
    "id_prev": "14057.4979014",
    "id_next": "14057.4979016",
    "refcode_1": "7LtMs",
    "refcode_2": "1",
    "refcode_3": "5336",
    "refcode_4": "1892100100",
    "refcode_short": "7LtMs, Ms 1, 1892, par. 10",
    "refcode_long": "Letters and Manuscripts — Volume 7 (1891-1892), Ms 1, 1892, par. 10",
    "element_type": "p",
    "element_subtype": "standard-indented",
    "content": "The Garden of Eden, with its foul blot of disobedience, is to be carefully studied and compared with the Garden of Gethsemane where the world&rsquo;s Redeemer suffered superhuman agony when the sins of the whole world were rolled upon Him. Listen to the prayer of the only begotten Son of God, &ldquo;O my Father, if it be possible, let this cup pass from me: nevertheless not as I wilt but as thou wilt.&rdquo; [<span class=\"egwlink egwlink_bible\" title=\"Matthew 26:39\" data-link=\"1965.49184\">Matthew 26:39</span>.] And the second time He prayed saying, &ldquo;O my Father if this cup may not pass away from me, except I drink it, thy will be done.&rdquo; [<span class=\"egwlink egwlink_bible\" title=\"Matthew 26:42\" data-link=\"1965.49190\">Verse 42</span>.] And the third time He prayed saying the same words. It was here the mysterious cup trembled in the hands of the Son of God. Shall He wipe the bloody sweat from His agonized countenance and let man go? The wail, wretchedness, and ruin of a lost world rolls up its horrible picture before Him. &ldquo;And being in an agony he prayed the more earnestly; and his sweat was as it were great drops of blood falling down to the ground.&rdquo; &ldquo;And there appeared an angel unto him from heaven, strengthening him.&rdquo; [<span class=\"egwlink egwlink_bible\" title=\"Luke 22:43\" data-link=\"1965.52854\">Luke 22:44, 43</span>.] The conflict is ended, Jesus consents to honor His Father by doing His will and bearing His curse, the consequence of man&rsquo;s transgression. He was obedient unto death, even the death of the cross. Here was what was involved in Adam&rsquo;s disobedience and what the obedience of the Son of God means to us. Adam did not consider all the consequences resulting from his disobedience. He did not set his mind in defiance against God, nor did he in any way speak against God; he simply went directly contrary to His express command. And how many today are doing the very same thing, and their guilt is of much great magnitude because they have the example of Adam&rsquo;s experience in disobedience and its terrible results to warn them of the consequences of transgressing the law of God. So they have clear light upon this subject, and no excuse for their built in denying and disobeying God&rsquo;s authority. Adam did not stop to calculate the result of his disobedience.",
    "puborder": 7270,
    "translations": []
  },
  {
    "para_id": "14057.4979016",
    "id_prev": "14057.4979015",
    "id_next": "14057.4979017",
    "refcode_1": "7LtMs",
    "refcode_2": "1",
    "refcode_3": "5337",
    "refcode_4": "1892100100",
    "refcode_short": "7LtMs, Ms 1, 1892, par. 11",
    "refcode_long": "Letters and Manuscripts — Volume 7 (1891-1892), Ms 1, 1892, par. 11",
    "element_type": "p",
    "element_subtype": "standard-indented",
    "content": "We can stand down here, in 1892, and with the aftersight we are privileged to have, we can see what it means to disobey God&rsquo;s commandments. Adam yielded to temptation, and as we had the matter of sin and its consequences laid so distinctly before us, we can read from cause to effect and see the greatness of the act is not that which constitutes sin; but the disobedience of God&rsquo;s expressed will, which is a virtual denial of God, refusing the laws of His government. The happiness of man is in his obedience to the laws of God. In his obedience to God&rsquo;s law he is surrounded as with a hedge and kept from the evil. No man can be happy and depart from God&rsquo;s specified requirements, and set up a standard of his own which he decides he can safely follow. Then there would be a variety of standards to suit the different minds, and the government [would be] taken out of the Lord&rsquo;s hands and &lt;human beings&gt; [would] grasp the reins of government.",
    "puborder": 7271,
    "translations": []
  },
  {
    "para_id": "14057.4979017",
    "id_prev": "14057.4979016",
    "id_next": "14057.4979018",
    "refcode_1": "7LtMs",
    "refcode_2": "1",
    "refcode_3": "5338",
    "refcode_4": "1892100100",
    "refcode_short": "7LtMs, Ms 1, 1892, par. 12",
    "refcode_long": "Letters and Manuscripts — Volume 7 (1891-1892), Ms 1, 1892, par. 12",
    "element_type": "p",
    "element_subtype": "standard-indented",
    "content": "The law of self is erected, the will of man is made supreme, and when the high and holy will of God is presented to be obeyed, respected, and honored, the human will wants its own way, and to choose how far it shall [go] to do its own promptings, and there is &lt;controversy&gt; between the human agent and the divine.",
    "puborder": 7272,
    "translations": []
  },
  {
    "para_id": "14057.4979018",
    "id_prev": "14057.4979017",
    "id_next": "14057.4979019",
    "refcode_1": "7LtMs",
    "refcode_2": "1",
    "refcode_3": "5339",
    "refcode_4": "1892100100",
    "refcode_short": "7LtMs, Ms 1, 1892, par. 13",
    "refcode_long": "Letters and Manuscripts — Volume 7 (1891-1892), Ms 1, 1892, par. 13",
    "element_type": "p",
    "element_subtype": "standard-indented",
    "content": "The fall of our first parents broke the golden chain of implicit obedience of the human will to the divine. Obedience has no longer been deemed an absolute necessity. The human agents follow their own imaginations which the Lord said of the inhabitants of the old world were evil and that continually. The Lord Jesus declares, I have kept my Father&rsquo;s commandments. [<span class=\"egwlink egwlink_bible\" title=\"John 15:10\" data-link=\"1965.54476\">John 15:10</span>.] How? As a man. Lo, I come to do Thy will, O God. To the accusations of the Jews He stood forth in His pure, virtuous, holy character and challenged them, &ldquo;Who of you, convinceth me of sin?&rdquo; [<span class=\"egwlink egwlink_bible\" title=\"John 8:46\" data-link=\"1965.53905\">John 8:46</span>.]",
    "puborder": 7273,
    "translations": []
  },
  {
    "para_id": "14057.4979019",
    "id_prev": "14057.4979018",
    "id_next": "14057.4979020",
    "refcode_1": "7LtMs",
    "refcode_2": "1",
    "refcode_3": "5340",
    "refcode_4": "1892100100",
    "refcode_short": "7LtMs, Ms 1, 1892, par. 14",
    "refcode_long": "Letters and Manuscripts — Volume 7 (1891-1892), Ms 1, 1892, par. 14",
    "element_type": "p",
    "element_subtype": "standard-indented",
    "content": "The world&rsquo;s Redeemer came not only to be a sacrifice for sin, but to be an example to man in all things, &lt;a holy human character.&gt; He was a teacher, such an educator as the world never saw or heard before. He spake as one having authority, and yet He invites the confidence of all. &ldquo;Come unto me, all ye that labor and are heavy laden, and I will give you rest. Take my yoke upon you, and learn of me; for I am meek and lowly in heart: and ye shall find rest unto your souls. For my yoke is easy, and my burden is light.&rdquo; [<span class=\"egwlink egwlink_bible\" title=\"Matthew 11:28\" data-link=\"1965.47957\">Matthew 11:28-30</span>.]",
    "puborder": 7274,
    "translations": []
  },
  {
    "para_id": "14057.4979020",
    "id_prev": "14057.4979019",
    "id_next": "14057.4979021",
    "refcode_1": "7LtMs",
    "refcode_2": "1",
    "refcode_3": "5341",
    "refcode_4": "1892100100",
    "refcode_short": "7LtMs, Ms 1, 1892, par. 15",
    "refcode_long": "Letters and Manuscripts — Volume 7 (1891-1892), Ms 1, 1892, par. 15",
    "element_type": "p",
    "element_subtype": "standard-indented",
    "content": "The only begotten Son of the infinite God has, by His words, and His practical example, left us a plain pattern which we are to copy. By His words He has educated us to obey God, and by His own practice He has showed us how we can obey God. This is the very work He wants every man to do, to obey God intelligently, by precept and example teach others what they must do in order to be obedient children of God.",
    "puborder": 7275,
    "translations": []
  },
  {
    "para_id": "14057.4979021",
    "id_prev": "14057.4979020",
    "id_next": "14057.4979022",
    "refcode_1": "7LtMs",
    "refcode_2": "1",
    "refcode_3": "5342",
    "refcode_4": "1892100100",
    "refcode_short": "7LtMs, Ms 1, 1892, par. 16",
    "refcode_long": "Letters and Manuscripts — Volume 7 (1891-1892), Ms 1, 1892, par. 16",
    "element_type": "p",
    "element_subtype": "standard-indented",
    "content": "Jesus has helped the whole world to an intelligent knowledge of His divine mission and work. He came to represent the character of the Father to our world, and as we study the life, the words, and works of Jesus Christ, we are helped in every way in the education of obedience to God; and as we copy the example He has given us, we are living epistles known and read of all men. We are the living human agencies to represent in character Jesus Christ to the world.",
    "puborder": 7276,
    "translations": []
  },
  {
    "para_id": "14057.4979022",
    "id_prev": "14057.4979021",
    "id_next": "14057.4979023",
    "refcode_1": "7LtMs",
    "refcode_2": "1",
    "refcode_3": "5343",
    "refcode_4": "1892100100",
    "refcode_short": "7LtMs, Ms 1, 1892, par. 17",
    "refcode_long": "Letters and Manuscripts — Volume 7 (1891-1892), Ms 1, 1892, par. 17",
    "element_type": "p",
    "element_subtype": "standard-indented",
    "content": "Not only did Christ give explicit rules showing how we may become obedient children, but He showed us in His own life and character just how to do those things which are right and acceptable with God, so there is no excuse why we should not do those things which are pleasing in His sight.",
    "puborder": 7277,
    "translations": []
  },
  {
    "para_id": "14057.4979023",
    "id_prev": "14057.4979022",
    "id_next": "14057.4979024",
    "refcode_1": "7LtMs",
    "refcode_2": "1",
    "refcode_3": "5344",
    "refcode_4": "1892100100",
    "refcode_short": "7LtMs, Ms 1, 1892, par. 18",
    "refcode_long": "Letters and Manuscripts — Volume 7 (1891-1892), Ms 1, 1892, par. 18",
    "element_type": "p",
    "element_subtype": "standard-indented",
    "content": "We are ever to be thankful that Jesus has proved to us by actual facts that man can keep the commandments of God, giving contradiction to Satan&rsquo;s falsehood that man cannot keep them. The Great Teacher came to our world to stand at the head of humanity, to thus elevate and sanctify humanity by His holy obedience to all of God&rsquo;s requirements, showing it is possible to obey all the commandments of God. He has demonstrated that a lifelong obedience is possible. Thus He gives &lt;chosen, representative&gt; men to the world, as the Father gave the Son, to exemplify in their life the life of Jesus Christ.",
    "puborder": 7278,
    "translations": []
  },
  {
    "para_id": "14057.4979024",
    "id_prev": "14057.4979023",
    "id_next": "14057.4979025",
    "refcode_1": "7LtMs",
    "refcode_2": "1",
    "refcode_3": "5345",
    "refcode_4": "1892100100",
    "refcode_short": "7LtMs, Ms 1, 1892, par. 19",
    "refcode_long": "Letters and Manuscripts — Volume 7 (1891-1892), Ms 1, 1892, par. 19",
    "element_type": "p",
    "element_subtype": "standard-indented",
    "content": "We need not place the obedience of Christ by itself as something for which He was particularly adapted by His particular divine nature, for He stood before God as man&rsquo;s representative and tempted as man&rsquo;s substitute and surety. If Christ had a special power which it is not the privilege of man to have, Satan would have made capital of this matter. The work of Christ was to take from the claims of Satan his control of man, and he could do this only in the way that He came&mdash;a man, tempted as a man, rendering the obedience of a man.",
    "puborder": 7279,
    "translations": []
  },
  {
    "para_id": "14057.4979025",
    "id_prev": "14057.4979024",
    "id_next": "14057.4979026",
    "refcode_1": "7LtMs",
    "refcode_2": "1",
    "refcode_3": "5346",
    "refcode_4": "1892100100",
    "refcode_short": "7LtMs, Ms 1, 1892, par. 20",
    "refcode_long": "Letters and Manuscripts — Volume 7 (1891-1892), Ms 1, 1892, par. 20",
    "element_type": "p",
    "element_subtype": "standard-indented",
    "content": "Jesus says, &ldquo;Follow me,&rdquo; &ldquo;He that followeth me shall not walk in darkness, but shall have the light of life.&rdquo; [<span class=\"egwlink egwlink_bible\" title=\"John 8:12\" data-link=\"1965.53837\">John 8:12</span>.] Consider it not a hard duty. The commandments of God are His expressed character flowing out of a heart of love, of thoughtful plans that man may be preserved from every evil. They are not an arbitrary authority over man, but the Lord would have men as His obedient children and members of His own family.",
    "puborder": 7280,
    "translations": []
  },
  {
    "para_id": "14057.4979026",
    "id_prev": "14057.4979025",
    "id_next": "14057.4979027",
    "refcode_1": "7LtMs",
    "refcode_2": "1",
    "refcode_3": "5347",
    "refcode_4": "1892100100",
    "refcode_short": "7LtMs, Ms 1, 1892, par. 21",
    "refcode_long": "Letters and Manuscripts — Volume 7 (1891-1892), Ms 1, 1892, par. 21",
    "element_type": "p",
    "element_subtype": "standard-indented",
    "content": "Obedience is the outgrowth and fruit of oneness with Christ and the Father. &ldquo;By this we know that we love the children of God, when we love God, and keep his commandments. For this is the love of God, that we keep his commandments: and his commandments are not grievous. For whatsoever is born of God overcometh the world: and this is the victory that overcometh the world, even our faith.&rdquo; <span class=\"egwlink egwlink_bible\" title=\"1 John 5:2\" data-link=\"1965.62481\">1 John 5:2-4</span>.",
    "puborder": 7281,
    "translations": []
  },
  {
    "para_id": "14057.4979027",
    "id_prev": "14057.4979026",
    "id_next": "14057.4979028",
    "refcode_1": "7LtMs",
    "refcode_2": "1",
    "refcode_3": "5348",
    "refcode_4": "1892100100",
    "refcode_short": "7LtMs, Ms 1, 1892, par. 22",
    "refcode_long": "Letters and Manuscripts — Volume 7 (1891-1892), Ms 1, 1892, par. 22",
    "element_type": "p",
    "element_subtype": "standard-indented",
    "content": "When we have unmistakably heard His voice and obey, every murmuring thought will be repressed; and we will obey, leaving all consequences with Him who gave the commandment. If, as we see the footprints of Jesus, we step in them, in thus following Him there is love and power.",
    "puborder": 7282,
    "translations": []
  },
  {
    "para_id": "14057.4979028",
    "id_prev": "14057.4979027",
    "id_next": "14057.4979029",
    "refcode_1": "7LtMs",
    "refcode_2": "1",
    "refcode_3": "5349",
    "refcode_4": "1892100100",
    "refcode_short": "7LtMs, Ms 1, 1892, par. 23",
    "refcode_long": "Letters and Manuscripts — Volume 7 (1891-1892), Ms 1, 1892, par. 23",
    "element_type": "p",
    "element_subtype": "standard-indented",
    "content": "Bear in mind that Christ&rsquo;s overcoming and obedience is that of a true human being. In our conclusions, we make many mistakes because of our erroneous views of the human nature of our Lord. When we give to His human nature a power that it is not possible for man to have in his conflicts with Satan, we destroy the completeness of His humanity. His imputed grace and power He gives to all who receive Him by faith. The obedience of Christ to His Father was the same obedience that is required of man.",
    "puborder": 7283,
    "translations": []
  },
  {
    "para_id": "14057.4979029",
    "id_prev": "14057.4979028",
    "id_next": "14057.4979030",
    "refcode_1": "7LtMs",
    "refcode_2": "1",
    "refcode_3": "5350",
    "refcode_4": "1892100100",
    "refcode_short": "7LtMs, Ms 1, 1892, par. 24",
    "refcode_long": "Letters and Manuscripts — Volume 7 (1891-1892), Ms 1, 1892, par. 24",
    "element_type": "p",
    "element_subtype": "standard-indented",
    "content": "Man cannot overcome Satan&rsquo;s temptations without divine power to combine with His instrumentality. So with Jesus Christ, He could lay hold of divine power. He came not to our world to give the obedience of a lesser God to a greater, but as a man to obey God&rsquo;s Holy Law, and in this way He is our example. The Lord Jesus came to our world, not to reveal what a God could do, but what a man could do through faith in God&rsquo;s power to help in every emergency. Man is, through faith, to be a partaker in the divine nature, and to overcome every temptation wherewith he is beset. The Lord now demands that every son and daughter of Adam through faith in Jesus Christ serve Him in human nature which we now have.",
    "puborder": 7284,
    "translations": []
  },
  {
    "para_id": "14057.4979030",
    "id_prev": "14057.4979029",
    "id_next": "14057.4979031",
    "refcode_1": "7LtMs",
    "refcode_2": "1",
    "refcode_3": "5351",
    "refcode_4": "1892100100",
    "refcode_short": "7LtMs, Ms 1, 1892, par. 25",
    "refcode_long": "Letters and Manuscripts — Volume 7 (1891-1892), Ms 1, 1892, par. 25",
    "element_type": "p",
    "element_subtype": "standard-indented",
    "content": "The Lord Jesus has bridged the gulf that sin has made. He has connected earth with heaven, and finite man with the infinite God. Jesus, the world&rsquo;s Redeemer, could only keep the commandments of God in the same way that humanity can keep them. &ldquo;Whereby are given unto us exceeding great and precious promises: that by these ye might be partakers of the divine nature, having escaped the corruption that is in the world through lust.&rdquo; <span class=\"egwlink egwlink_bible\" title=\"2 Peter 1:3\" data-link=\"1965.62185\">2 Peter 1:3, 4</span>.",
    "puborder": 7285,
    "translations": []
  },
  {
    "para_id": "14057.4979031",
    "id_prev": "14057.4979030",
    "id_next": "14057.4979032",
    "refcode_1": "7LtMs",
    "refcode_2": "1",
    "refcode_3": "5352",
    "refcode_4": "1892100100",
    "refcode_short": "7LtMs, Ms 1, 1892, par. 26",
    "refcode_long": "Letters and Manuscripts — Volume 7 (1891-1892), Ms 1, 1892, par. 26",
    "element_type": "p",
    "element_subtype": "standard-indented",
    "content": "&ldquo;But we all, with open face beholding as in a glass the glory of the Lord, are changed into the same image from glory to glory, even as by the Spirit of the Lord.&rdquo; <span class=\"egwlink egwlink_bible\" title=\"2 Corinthians 3:18\" data-link=\"1965.58849\">2 Corinthians 3:18</span>. The glory he [Paul] mentioned is character, therefore by thinking and talking of Jesus we become charmed with His character, and by faith we become changed from character to character. &ldquo;And be renewed in the spirit of your mind; and that ye put on the new man, which after God is created in righteousness and true holiness.&rdquo; [<span class=\"egwlink egwlink_bible\" title=\"Ephesians 4:23\" data-link=\"1965.59743\">Ephesians 4:23, 24</span>.] &ldquo;Ye are the light of the world ... Let your light so shine before men, that they may see your good works, and glorify your Father which is in heaven.&rdquo; [<span class=\"egwlink egwlink_bible\" title=\"Matthew 5:14\" data-link=\"1965.47473\">Matthew 5:14, 16</span>.] We must practice the example of Christ, bearing in mind His Sonship and His humanity. It was not God that was tempted in the wilderness, nor a god that was to endure the contradiction of sinners against himself. It was the Majesty of heaven who became a man&mdash;humbled Himself to our human nature.",
    "puborder": 7286,
    "translations": []
  },
  {
    "para_id": "14057.4979032",
    "id_prev": "14057.4979031",
    "id_next": "14057.4979033",
    "refcode_1": "7LtMs",
    "refcode_2": "1",
    "refcode_3": "5353",
    "refcode_4": "1892100100",
    "refcode_short": "7LtMs, Ms 1, 1892, par. 27",
    "refcode_long": "Letters and Manuscripts — Volume 7 (1891-1892), Ms 1, 1892, par. 27",
    "element_type": "p",
    "element_subtype": "standard-indented",
    "content": "We are not to serve God as if we were not human, but we are to serve Him in the nature we have, that has been redeemed by the Son of God; through the righteousness of Christ we shall stand before God pardoned, and as though we had never sinned. We will never gain strength in considering what we might do if we were angels. We are to turn in faith to Jesus Christ, and show our love to God through obedience to His commands. Jesus &ldquo;was in all points tempted like as we are, yet without sin.&rdquo; [<span class=\"egwlink egwlink_bible\" title=\"Hebrews 4:15\" data-link=\"1965.61256\">Hebrews 4:15</span>.] Jesus says, &ldquo;Follow Me.&rdquo; &ldquo;If any man will come after me, let him deny himself, and take up his cross, and follow me.&rdquo; [<span class=\"egwlink egwlink_bible\" title=\"Matthew 16:24\" data-link=\"1965.48380\">Matthew 16:24</span>.] Jesus leads the way. Do not wait and continue in disobedience, hoping circumstances may change, making it easier for you to obey. Go forward, for you know the will of God. &ldquo;To him that overcometh will I grant to sit with me in my throne, even as I also overcame, and am set down with my Father in his throne.&rdquo; [<span class=\"egwlink egwlink_bible\" title=\"Revelation 3:21\" data-link=\"1965.62773\">Revelation 3:21</span>.]",
    "puborder": 7287,
    "translations": []
  },
  {
    "para_id": "14057.4979033",
    "id_prev": "14057.4979032",
    "id_next": "14057.4979034",
    "refcode_1": "7LtMs",
    "refcode_2": "1",
    "refcode_3": "5354",
    "refcode_4": "1892100100",
    "refcode_short": "7LtMs, Ms 1, 1892, par. 28",
    "refcode_long": "Letters and Manuscripts — Volume 7 (1891-1892), Ms 1, 1892, par. 28",
    "element_type": "p",
    "element_subtype": "standard-indented",
    "content": "The fourth commandment is given for us to observe. The third angel&rsquo;s message comes to us in warnings, entreaties, and threatenings. &ldquo;And the third angel followed them, saying with a loud voice, if any man worship the beast and his image, and receive his mark in his forehead, or in his hand, the same shall drink of the wine of the wrath of God, which is poured out without mixture into the cup of his indignation; and he shall be tormented with fire and brimstone in the presence of the holy angels, and in the presence of the Lamb ... Here is the patience of the saints: here are they that keep the commandments of God, and the faith of Jesus.&rdquo; [<span class=\"egwlink egwlink_bible\" title=\"Revelation 14:9\" data-link=\"1965.63120\">Revelation 14:9, 10, 12</span>.]",
    "puborder": 7288,
    "translations": []
  },
  {
    "para_id": "14057.4979034",
    "id_prev": "14057.4979033",
    "id_next": "14057.5170001",
    "refcode_1": "7LtMs",
    "refcode_2": "1",
    "refcode_3": "5355",
    "refcode_4": "1892100100",
    "refcode_short": "7LtMs, Ms 1, 1892, par. 29",
    "refcode_long": "Letters and Manuscripts — Volume 7 (1891-1892), Ms 1, 1892, par. 29",
    "element_type": "p",
    "element_subtype": "standard-indented",
    "content": "John is shown that in these last days a remnant will be keeping the commandments of God. Where are they? In a description given of the workings of Satan it says, &ldquo;And the dragon was wroth with the woman, and went to make war with the remnant of her seed, which keep the commandments of God, and have the testimony of Jesus Christ.&rdquo; [<span class=\"egwlink egwlink_bible\" title=\"Revelation 12:17\" data-link=\"1965.63064\">Revelation 12:17</span>.] Who are the people here specified?",
    "puborder": 7289,
    "translations": []
  }
]