[
  {
    "para_id": "14057.6529001",
    "id_prev": "14057.5930012",
    "id_next": "14057.6529004",
    "refcode_1": "7LtMs",
    "refcode_2": "1",
    "refcode_3": "",
    "refcode_4": "1892007600",
    "refcode_short": "7LtMs, Lt 76, 1892",
    "refcode_long": "Letters and Manuscripts — Volume 7 (1891-1892), Lt 76, 1892",
    "element_type": "h4",
    "element_subtype": "",
    "content": "Lt 76, 1892",
    "puborder": 6805,
    "translations": []
  },
  {
    "para_id": "14057.6529004",
    "id_prev": "14057.6529001",
    "id_next": "14057.6529002",
    "refcode_1": "7LtMs",
    "refcode_2": "1",
    "refcode_3": "",
    "refcode_4": "1892007600",
    "refcode_short": "",
    "refcode_long": "",
    "element_type": "p",
    "element_subtype": "ltaddressee",
    "content": "White, W. C.",
    "puborder": 6806,
    "translations": []
  },
  {
    "para_id": "14057.6529002",
    "id_prev": "14057.6529004",
    "id_next": "14057.6529003",
    "refcode_1": "7LtMs",
    "refcode_2": "1",
    "refcode_3": "",
    "refcode_4": "1892007600",
    "refcode_short": "",
    "refcode_long": "",
    "element_type": "p",
    "element_subtype": "ltplace",
    "content": "<span class=\"ltplace\" value=\"Adelaide, South Australia, Australia\">Adelaide, South Australia</span>",
    "puborder": 6807,
    "translations": []
  },
  {
    "para_id": "14057.6529003",
    "id_prev": "14057.6529002",
    "id_next": "14057.6529005",
    "refcode_1": "7LtMs",
    "refcode_2": "1",
    "refcode_3": "",
    "refcode_4": "1892007600",
    "refcode_short": "",
    "refcode_long": "",
    "element_type": "p",
    "element_subtype": "ltdate",
    "content": "<span class=\"ltdate\" start=\"October 16, 1892\">October 16, 1892</span>",
    "puborder": 6808,
    "translations": []
  },
  {
    "para_id": "14057.6529005",
    "id_prev": "14057.6529003",
    "id_next": "14057.6529016",
    "refcode_1": "7LtMs",
    "refcode_2": "1",
    "refcode_3": "",
    "refcode_4": "1892007600",
    "refcode_short": "",
    "refcode_long": "",
    "element_type": "p",
    "element_subtype": "ltpubinfo",
    "content": "Previously unpublished.",
    "puborder": 6809,
    "translations": []
  },
  {
    "para_id": "14057.6529016",
    "id_prev": "14057.6529005",
    "id_next": "14057.6529006",
    "refcode_1": "7LtMs",
    "refcode_2": "1",
    "refcode_3": "",
    "refcode_4": "1892007600",
    "refcode_short": "",
    "refcode_long": "",
    "element_type": "p",
    "element_subtype": "ltaddress",
    "content": "Willie C. White",
    "puborder": 6810,
    "translations": []
  },
  {
    "para_id": "14057.6529006",
    "id_prev": "14057.6529016",
    "id_next": "14057.6529007",
    "refcode_1": "7LtMs",
    "refcode_2": "1",
    "refcode_3": "",
    "refcode_4": "1892007600",
    "refcode_short": "",
    "refcode_long": "",
    "element_type": "p",
    "element_subtype": "ltsalutation",
    "content": "Dear Son:",
    "puborder": 6811,
    "translations": []
  },
  {
    "para_id": "14057.6529007",
    "id_prev": "14057.6529006",
    "id_next": "14057.6529008",
    "refcode_1": "7LtMs",
    "refcode_2": "1",
    "refcode_3": "5044",
    "refcode_4": "1892007600",
    "refcode_short": "7LtMs, Lt 76, 1892, par. 1",
    "refcode_long": "Letters and Manuscripts — Volume 7 (1891-1892), Lt 76, 1892, par. 1",
    "element_type": "p",
    "element_subtype": "standard-indented",
    "content": "I read Edson&rsquo;s letter and could not sleep for a couple of nights. What shall we do? He places such urgency upon this matter. I fear that there is something more than we can see by his letters.",
    "puborder": 6812,
    "translations": []
  },
  {
    "para_id": "14057.6529008",
    "id_prev": "14057.6529007",
    "id_next": "14057.6529009",
    "refcode_1": "7LtMs",
    "refcode_2": "1",
    "refcode_3": "5045",
    "refcode_4": "1892007600",
    "refcode_short": "7LtMs, Lt 76, 1892, par. 2",
    "refcode_long": "Letters and Manuscripts — Volume 7 (1891-1892), Lt 76, 1892, par. 2",
    "element_type": "p",
    "element_subtype": "standard-indented",
    "content": "If there is anything that he is afraid would ruin his reputation, then I could understand the letter. I am sorely perplexed and troubled. Is it not best to telegraph to let him have the account books and run the risk? It may be all comprehended in the pride of spirit he feels in being treated as any dishonest businessman, and the impression and influence of this is galling his spirit. Now Edson is my son. I would not neglect to do everything in my power to save him, and this is our duty.",
    "puborder": 6813,
    "translations": []
  },
  {
    "para_id": "14057.6529009",
    "id_prev": "14057.6529008",
    "id_next": "14057.6529010",
    "refcode_1": "7LtMs",
    "refcode_2": "1",
    "refcode_3": "5046",
    "refcode_4": "1892007600",
    "refcode_short": "7LtMs, Lt 76, 1892, par. 3",
    "refcode_long": "Letters and Manuscripts — Volume 7 (1891-1892), Lt 76, 1892, par. 3",
    "element_type": "p",
    "element_subtype": "standard-indented",
    "content": "The course that has been pursued towards me by some in Battle Creek has not given me a very exalted opinion of their courtesy and discernment and wisdom of action. If they could pursue such a course toward me, heartless and unfeeling, we might expect they would not be very sympathetic toward Edson, right or wrong. As to their wisdom in how to treat the erring, I have not a particle of confidence in them. They would just as soon, if they were so disposed, trample a soul in the dust of humiliation if they thought they had any kind of excuse for so doing, as to lift him up and to help him as a Christian should. I shall get this in the mail today and if you think best to do anything in the matter, by telegram, do so without waiting to hear again from me. You must know this uncertainty in Edson&rsquo;s case is wearing upon me. I know not what to think. I am hoping that he has not in any way pursued a course that is dishonest, but the matter is in such a state I am left to imagine anything and everything.",
    "puborder": 6814,
    "translations": []
  },
  {
    "para_id": "14057.6529010",
    "id_prev": "14057.6529009",
    "id_next": "14057.6529011",
    "refcode_1": "7LtMs",
    "refcode_2": "1",
    "refcode_3": "5047",
    "refcode_4": "1892007600",
    "refcode_short": "7LtMs, Lt 76, 1892, par. 4",
    "refcode_long": "Letters and Manuscripts — Volume 7 (1891-1892), Lt 76, 1892, par. 4",
    "element_type": "p",
    "element_subtype": "standard-indented",
    "content": "We have sunshine today. Last Friday there was sunshine, but the weather has been cloudy and rainy most of the time since we have been here. Sabbath I attended meeting. We had the largest congregation we have had yet. I spoke to them and all seemed to listen with deep interest. Sunday it rained nearly the entire day, and it rained all night, [the] evening after the Sabbath. I have seen no warm weather yet; wish I could see some of what is called &ldquo;Hot weather.&rdquo;",
    "puborder": 6815,
    "translations": []
  },
  {
    "para_id": "14057.6529011",
    "id_prev": "14057.6529010",
    "id_next": "14057.6529012",
    "refcode_1": "7LtMs",
    "refcode_2": "1",
    "refcode_3": "5048",
    "refcode_4": "1892007600",
    "refcode_short": "7LtMs, Lt 76, 1892, par. 5",
    "refcode_long": "Letters and Manuscripts — Volume 7 (1891-1892), Lt 76, 1892, par. 5",
    "element_type": "p",
    "element_subtype": "standard-indented",
    "content": "Elder Daniells spoke yesterday, filling my appointment. We had still another meeting at five o&rsquo;clock with those who were to go out as workers, and he had another meeting at seven o&rsquo;clock.",
    "puborder": 6816,
    "translations": []
  },
  {
    "para_id": "14057.6529012",
    "id_prev": "14057.6529011",
    "id_next": "14057.6529013",
    "refcode_1": "7LtMs",
    "refcode_2": "1",
    "refcode_3": "5049",
    "refcode_4": "1892007600",
    "refcode_short": "7LtMs, Lt 76, 1892, par. 6",
    "refcode_long": "Letters and Manuscripts — Volume 7 (1891-1892), Lt 76, 1892, par. 6",
    "element_type": "p",
    "element_subtype": "standard-indented",
    "content": "There is a disposition to receive all the light they can get, and they seem to listen as for their lives. Efforts are being made in a wise way to recover some of the lost sheep that have been driven from the fold by the unwise management of Elder Curtis, in the advice he gave the officers of the church. These things, if properly arranged and counteracted, will leave the church in a much better condition. Elder Daniells sleeps well nights; he has a good appetite, and I hope will come out well from this effort in Adelaide.",
    "puborder": 6817,
    "translations": []
  },
  {
    "para_id": "14057.6529013",
    "id_prev": "14057.6529012",
    "id_next": "14057.6529014",
    "refcode_1": "7LtMs",
    "refcode_2": "1",
    "refcode_3": "5050",
    "refcode_4": "1892007600",
    "refcode_short": "7LtMs, Lt 76, 1892, par. 7",
    "refcode_long": "Letters and Manuscripts — Volume 7 (1891-1892), Lt 76, 1892, par. 7",
    "element_type": "p",
    "element_subtype": "standard-indented",
    "content": "I have considerable pain with rheumatism, and there has been so little sunshine that it is not to be wondered at. I have written Fannie Bolton and I have stated some things to her plainly, and I hope she will not misinterpret my words.",
    "puborder": 6818,
    "translations": []
  },
  {
    "para_id": "14057.6529014",
    "id_prev": "14057.6529013",
    "id_next": "14057.6529015",
    "refcode_1": "7LtMs",
    "refcode_2": "1",
    "refcode_3": "5051",
    "refcode_4": "1892007600",
    "refcode_short": "7LtMs, Lt 76, 1892, par. 8",
    "refcode_long": "Letters and Manuscripts — Volume 7 (1891-1892), Lt 76, 1892, par. 8",
    "element_type": "p",
    "element_subtype": "standard-indented",
    "content": "In love.",
    "puborder": 6819,
    "translations": []
  },
  {
    "para_id": "14057.6529015",
    "id_prev": "14057.6529014",
    "id_next": "14057.4921001",
    "refcode_1": "7LtMs",
    "refcode_2": "1",
    "refcode_3": "",
    "refcode_4": "1892007600",
    "refcode_short": "",
    "refcode_long": "",
    "element_type": "p",
    "element_subtype": "egwsignatureline",
    "content": "Mother.",
    "puborder": 6820,
    "translations": []
  }
]