[
  {
    "para_id": "767.133",
    "id_prev": "767.131",
    "id_next": "767.134",
    "refcode_1": "BSAE",
    "refcode_2": "13",
    "refcode_3": "",
    "refcode_4": "",
    "refcode_short": "BSAE 13",
    "refcode_long": "The Bible, Science, and Age of the Earth, p. 13 (Paul A. Gordon)",
    "element_type": "h4",
    "element_subtype": "",
    "content": "The Flood",
    "puborder": 114,
    "translations": []
  },
  {
    "para_id": "767.134",
    "id_prev": "767.133",
    "id_next": "767.135",
    "refcode_1": "BSAE",
    "refcode_2": "13",
    "refcode_3": "1",
    "refcode_4": "",
    "refcode_short": "BSAE 13.1",
    "refcode_long": "The Bible, Science, and Age of the Earth, p. 13.1 (Paul A. Gordon)",
    "element_type": "p",
    "element_subtype": "standard-indented",
    "content": "Ellen White in connection with the flood account refers to &lsquo;great changes&rsquo; that then took place. There are some important implications possible. Is it possible, for example, that these things found in the earth are being dated by scientists on the basis of entirely different conditions than those when they were put there? We believe so. She says that those trying to harmonize the Bible record with things found in the earth &lsquo;have limited ideas of the size of men, animals, and trees before the flood, and of the great changes which then took place in the earth&rsquo; (<span class=\"egwlink egwlink_book\" title=\"3SG 92.1\" data-link=\"106.366\">Spiritual Gifts 3:92</span>). She also writes of certain animals that did not survive the flood. She carries through the same thought almost word for word in <span class=\"egwlink egwlink_book\" title=\"PP 112.1\" data-link=\"84.433\">Patriarchs and Prophets, 112</span>.",
    "puborder": 115,
    "translations": []
  },
  {
    "para_id": "767.135",
    "id_prev": "767.134",
    "id_next": "767.136",
    "refcode_1": "BSAE",
    "refcode_2": "13",
    "refcode_3": "2",
    "refcode_4": "",
    "refcode_short": "BSAE 13.2",
    "refcode_long": "The Bible, Science, and Age of the Earth, p. 13.2 (Paul A. Gordon)",
    "element_type": "p",
    "element_subtype": "standard-indented",
    "content": "She notes that &lsquo;wonderful things&rsquo; are found &lsquo;in the earth as the result of the flood,&rsquo; &lsquo;bones of human beings,&rsquo; &lsquo;of animals,&rsquo; &lsquo;instruments of warfare,&rsquo; &lsquo;petrified wood,&rsquo; and &lsquo;relics&rsquo; (<span class=\"egwlink egwlink_book\" title=\"3SG 93.1\" data-link=\"106.369\">Spiritual Gifts 3:93</span>). But observe what she says men are inclined to do with such discoveries:",
    "puborder": 116,
    "translations": []
  },
  {
    "para_id": "767.136",
    "id_prev": "767.135",
    "id_next": "767.137",
    "refcode_1": "BSAE",
    "refcode_2": "13",
    "refcode_3": "",
    "refcode_4": "",
    "refcode_short": "",
    "refcode_long": "",
    "element_type": "p",
    "element_subtype": "blockquote-indented",
    "content": "God designed that the discovery of these things in the earth should establish the faith of men in inspired history. But men... fall into the same error as did the people before the flood&mdash;those things which God gave them as a benefit, they turned into a curse, by making a wrong use of them (<span class=\"egwlink egwlink_book\" title=\"3SG 95.1\" data-link=\"106.382\">Spiritual Gifts 3:95, 96</span>).",
    "puborder": 117,
    "translations": []
  },
  {
    "para_id": "767.137",
    "id_prev": "767.136",
    "id_next": "767.138",
    "refcode_1": "BSAE",
    "refcode_2": "13",
    "refcode_3": "3",
    "refcode_4": "",
    "refcode_short": "BSAE 13.3",
    "refcode_long": "The Bible, Science, and Age of the Earth, p. 13.3 (Paul A. Gordon)",
    "element_type": "p",
    "element_subtype": "standard-indented",
    "content": "Neither the Bible nor the Spirit of Prophecy allow for a limited flood. The Bible says: &lsquo;And the waters prevailed exceedingly upon the earth; and <em>all</em> the high hills, that were under the <em>whole</em> heaven, were covered... And <em>all</em> flesh died that moved upon the earth&rsquo; (<span class=\"egwlink egwlink_bible\" title=\"Genesis 7:19\" data-link=\"1965.367\">Genesis 7:19, 20</span>; emphasis supplied). Ellen White agrees: &lsquo;The waters rose to the highest points of land, and the unbelieving antediluvians perished for their great wickedness in the waters of the flood&rsquo; (<span class=\"egwlink egwlink_book\" title=\"TMK 146.1\" data-link=\"126.951\">That I May Know Him, 146</span>).",
    "puborder": 118,
    "translations": []
  },
  {
    "para_id": "767.138",
    "id_prev": "767.137",
    "id_next": "767.139",
    "refcode_1": "BSAE",
    "refcode_2": "13",
    "refcode_3": "4",
    "refcode_4": "",
    "refcode_short": "BSAE 13.4",
    "refcode_long": "The Bible, Science, and Age of the Earth, p. 13.4 (Paul A. Gordon)",
    "element_type": "p",
    "element_subtype": "standard-indented",
    "content": "Ellen White states several facts about the Flood that should be observed:",
    "puborder": 119,
    "translations": []
  },
  {
    "para_id": "767.139",
    "id_prev": "767.138",
    "id_next": "767.140",
    "refcode_1": "BSAE",
    "refcode_2": "13",
    "refcode_3": "",
    "refcode_4": "",
    "refcode_short": "",
    "refcode_long": "",
    "element_type": "p",
    "element_subtype": "blockquote-noindent",
    "content": "1. We have already noted there were &lsquo;great changes&rsquo; (<span class=\"egwlink egwlink_book\" title=\"PP 112.1\" data-link=\"84.433\">Patriarchs and Prophets, 112</span>). These could affect dating methods and the appearance of age, to mention only two possibilities.",
    "puborder": 120,
    "translations": []
  },
  {
    "para_id": "767.140",
    "id_prev": "767.139",
    "id_next": "767.141",
    "refcode_1": "BSAE",
    "refcode_2": "13",
    "refcode_3": "",
    "refcode_4": "",
    "refcode_short": "",
    "refcode_long": "",
    "element_type": "p",
    "element_subtype": "blockquote-noindent",
    "content": "2. &lsquo;The entire surface of the earth was changed at the flood&rsquo; (<span class=\"egwlink egwlink_book\" title=\"PP 107.1\" data-link=\"84.410\">Patriarchs and Prophets, 107</span>). It was a universal, cataclysmic flood, with no part of the earth spared.",
    "puborder": 121,
    "translations": []
  },
  {
    "para_id": "767.141",
    "id_prev": "767.140",
    "id_next": "767.142",
    "refcode_1": "BSAE",
    "refcode_2": "13",
    "refcode_3": "",
    "refcode_4": "",
    "refcode_short": "",
    "refcode_long": "",
    "element_type": "p",
    "element_subtype": "blockquote-noindent",
    "content": "3. &lsquo;A violent wind which was caused to blow for the purpose of drying up the waters, moved them with great force; in some instances even carrying away the tops of the mountains, and heaping up trees, rocks, and earth above the bodies of the dead&rsquo; (<span class=\"egwlink egwlink_book\" title=\"PP 108.1\" data-link=\"84.416\">Patriarchs and Prophets, 108</span>). The wind also buried &lsquo;gold and silver,&rsquo; &lsquo;Choice wood and precious stones&rsquo; (<em>Ibid</em>). This wind with its power to pile up rock and earth surely was greater than any we know today.",
    "puborder": 122,
    "translations": []
  },
  {
    "para_id": "767.142",
    "id_prev": "767.141",
    "id_next": "767.145",
    "refcode_1": "BSAE",
    "refcode_2": "13",
    "refcode_3": "",
    "refcode_4": "",
    "refcode_short": "",
    "refcode_long": "",
    "element_type": "p",
    "element_subtype": "blockquote-noindent",
    "content": "4. &lsquo;Violent action of the waters&rsquo; piled &lsquo;earth and rocks upon these treasures, (gold and silver, etc.) and in some cases even forming mountains <span class=\"page-break\" data-page=\"14\"></span> above them&rsquo; (<em>Ibid</em>). The water action, too, seems beyond any we experience today.",
    "puborder": 123,
    "translations": []
  },
  {
    "para_id": "767.145",
    "id_prev": "767.142",
    "id_next": "767.146",
    "refcode_1": "BSAE",
    "refcode_2": "14",
    "refcode_3": "",
    "refcode_4": "",
    "refcode_short": "",
    "refcode_long": "",
    "element_type": "p",
    "element_subtype": "blockquote-noindent",
    "content": "5. Some countries &lsquo;were not inhabited&rsquo; before the Flood, and &lsquo;in those where there had been the least crime, the curse rested more lightly&rsquo; (<em>Ibid</em>). This surely accounts for great concentrations of fossils and other artifacts in some areas, and the more desolate places of the earth that we know today.",
    "puborder": 124,
    "translations": []
  },
  {
    "para_id": "767.146",
    "id_prev": "767.145",
    "id_next": "767.147",
    "refcode_1": "BSAE",
    "refcode_2": "14",
    "refcode_3": "1",
    "refcode_4": "",
    "refcode_short": "BSAE 14.1",
    "refcode_long": "The Bible, Science, and Age of the Earth, p. 14.1 (Paul A. Gordon)",
    "element_type": "p",
    "element_subtype": "standard-indented",
    "content": "The Creator did several things in an unnatural or miraculous way when He: (1) created this world and all that is in it, and (2) destroyed the ancient world by a flood. In the future, He (1) will destroy the world as we know it by fire, and (2) will restore it to even greater beauty than in the beginning. These are also unnatural occurrences. They illustrate that God sometimes intervenes in the natural world and that He controls nature.",
    "puborder": 125,
    "translations": []
  },
  {
    "para_id": "767.147",
    "id_prev": "767.146",
    "id_next": "767.148",
    "refcode_1": "BSAE",
    "refcode_2": "14",
    "refcode_3": "2",
    "refcode_4": "",
    "refcode_short": "BSAE 14.2",
    "refcode_long": "The Bible, Science, and Age of the Earth, p. 14.2 (Paul A. Gordon)",
    "element_type": "p",
    "element_subtype": "standard-indented",
    "content": "He can also: (1) speed up nature&rsquo;s processes as He did when He multiplied the loaves and fishes for the five thousand (<span class=\"egwlink egwlink_bible\" title=\"Matthew 14:19\" data-link=\"1965.48218\">Matthew 14:19, 20</span>). He can (2) slow things down in nature also, even stopping the sun and moon, as with Joshua&rsquo;s long day (<span class=\"egwlink egwlink_bible\" title=\"Joshua 10:13\" data-link=\"1965.12360\">Joshua 10:13</span>), and the turning of the sun dial backward (<span class=\"egwlink egwlink_bible\" title=\"2 Kings 20:11\" data-link=\"1965.20566\">2 Kings 20:11</span>). The exact process He used in all of these cases is not important. What <em>is</em> important is that He did it. Ellen White speaks clearly about the relation of God to nature:",
    "puborder": 126,
    "translations": []
  },
  {
    "para_id": "767.148",
    "id_prev": "767.147",
    "id_next": "767.149",
    "refcode_1": "BSAE",
    "refcode_2": "14",
    "refcode_3": "",
    "refcode_4": "",
    "refcode_short": "",
    "refcode_long": "",
    "element_type": "p",
    "element_subtype": "blockquote-indented",
    "content": "In Noah&rsquo;s day, philosophers declared that it was impossible for the world to be destroyed by water; so now there are men of science who endeavor to show that the world cannot be destroyed by fire,&mdash;that this would be inconsistent with the laws of nature. But the God of nature, the maker and controller of her laws, can use the works of His hands to serve His own purposes (<span class=\"egwlink egwlink_book\" title=\"PP 103.1\" data-link=\"84.393\">Patriarchs and Prophets, 103</span>).",
    "puborder": 127,
    "translations": []
  },
  {
    "para_id": "767.149",
    "id_prev": "767.148",
    "id_next": "767.150",
    "refcode_1": "BSAE",
    "refcode_2": "14",
    "refcode_3": "3",
    "refcode_4": "",
    "refcode_short": "BSAE 14.3",
    "refcode_long": "The Bible, Science, and Age of the Earth, p. 14.3 (Paul A. Gordon)",
    "element_type": "p",
    "element_subtype": "standard-indented",
    "content": "Surely, these subjects deserve some further study by those of us who believe in the creation story and short age of the earth from the Bible record.",
    "puborder": 128,
    "translations": []
  }
]