[
  {
    "para_id": "1069.476",
    "id_prev": "1069.475",
    "id_next": "1069.477",
    "refcode_1": "BIC",
    "refcode_2": "97",
    "refcode_3": "",
    "refcode_4": "",
    "refcode_short": "BIC 97",
    "refcode_long": "The Bible Class, p. 97 (Roswell Fenner Cottrell)",
    "element_type": "h3",
    "element_subtype": "",
    "content": "LESSON XLII. Lord&rsquo;s Supper",
    "puborder": 310,
    "translations": []
  },
  {
    "para_id": "1069.477",
    "id_prev": "1069.476",
    "id_next": "1069.478",
    "refcode_1": "BIC",
    "refcode_2": "97",
    "refcode_3": "",
    "refcode_4": "",
    "refcode_short": "BIC 97",
    "refcode_long": "The Bible Class, p. 97 (Roswell Fenner Cottrell)",
    "element_type": "h4",
    "element_subtype": "",
    "content": "Questions to Lesson 42<sup class=\"footnote\"><a class=\"footnote\">*<span class=\"footnote\">What is the subject of this lesson? Of what is the bread an emblem? Of what the wine? What does this institution naturally bring to mind? What else? What did Jesus command respecting it? Whom does it keep in memory? To what does it point? To what do we look forward? For whom will Jesus come? How long will the Lord&rsquo;s supper be observed? What does true faith enjoy? What is promised in Isa. xxv? What did Jesus promise his disciples should do in his kingdom? What feast will there be kept?</span></a></sup>",
    "puborder": 311,
    "translations": []
  },
  {
    "para_id": "1069.478",
    "id_prev": "1069.477",
    "id_next": "1069.481",
    "refcode_1": "BIC",
    "refcode_2": "97",
    "refcode_3": "2",
    "refcode_4": "",
    "refcode_short": "BIC 97.2",
    "refcode_long": "The Bible Class, p. 97.2 (Roswell Fenner Cottrell)",
    "element_type": "p",
    "element_subtype": "standard-indented",
    "content": "On the same night in which Jesus was betrayed he gave to his disciples two institutions. The one of which we have spoken was expressive of their love for each other, and was preparatory to the other. It prepares the disciple to have a &ldquo;part with Jesus&rdquo;&mdash;to eat of his flesh, and drink <span class=\"page-break\" data-page=\"98\"></span> of his blood by faith. <span class=\"egwlink egwlink_bible\" title=\"John 6:53\" data-link=\"1965.53669\">John 6:53</span>. The other was to keep in memory their dying Lord. It is a solemn act of worship to him who gave his life to purchase eternal life for us. It is called the Lord&rsquo;s supper.",
    "puborder": 312,
    "translations": []
  },
  {
    "para_id": "1069.481",
    "id_prev": "1069.478",
    "id_next": "1069.482",
    "refcode_1": "BIC",
    "refcode_2": "98",
    "refcode_3": "1",
    "refcode_4": "",
    "refcode_short": "BIC 98.1",
    "refcode_long": "The Bible Class, p. 98.1 (Roswell Fenner Cottrell)",
    "element_type": "p",
    "element_subtype": "standard-indented",
    "content": "The broken bread is an emblem of the body of Jesus, which was bruised and broken for us. The wine is an emblem of his blood, which he gave for the life of the world.",
    "puborder": 313,
    "translations": []
  },
  {
    "para_id": "1069.482",
    "id_prev": "1069.481",
    "id_next": "1069.483",
    "refcode_1": "BIC",
    "refcode_2": "98",
    "refcode_3": "2",
    "refcode_4": "",
    "refcode_short": "BIC 98.2",
    "refcode_long": "The Bible Class, p. 98.2 (Roswell Fenner Cottrell)",
    "element_type": "p",
    "element_subtype": "standard-indented",
    "content": "This institution brings to mind our lost condition as sinners, without God and without hope in the world; and also the amazing love of Christ who pitied us in our ruined slate, justly condemned to death, and freely died a sacrifice for our sins.",
    "puborder": 314,
    "translations": []
  },
  {
    "para_id": "1069.483",
    "id_prev": "1069.482",
    "id_next": "1069.484",
    "refcode_1": "BIC",
    "refcode_2": "98",
    "refcode_3": "3",
    "refcode_4": "",
    "refcode_short": "BIC 98.3",
    "refcode_long": "The Bible Class, p. 98.3 (Roswell Fenner Cottrell)",
    "element_type": "p",
    "element_subtype": "standard-indented",
    "content": "It is commemorative, Said Jesus, This do in remembrance of me. <span class=\"egwlink egwlink_bible\" title=\"Luke 22:19\" data-link=\"1965.52806\">Luke 22:19</span>; <span class=\"egwlink egwlink_bible\" title=\"1 Corinthians 11:24\" data-link=\"1965.58370\">1 Corinthians 11:24, 25</span>. It keeps in memory our dying Lord, and expresses our faith in what he has done for us. With what joy should the Christian keep the token which Jesus left us of his dying love! When he was about to depart out of this world and go to the Father, having loved his disciples, who were to remain in the world, he left them this institution as a keepsake, to remind them of his love.",
    "puborder": 315,
    "translations": []
  },
  {
    "para_id": "1069.484",
    "id_prev": "1069.483",
    "id_next": "1069.487",
    "refcode_1": "BIC",
    "refcode_2": "98",
    "refcode_3": "4",
    "refcode_4": "",
    "refcode_short": "BIC 98.4",
    "refcode_long": "The Bible Class, p. 98.4 (Roswell Fenner Cottrell)",
    "element_type": "p",
    "element_subtype": "standard-indented",
    "content": "While this institution points us back to what Jesus has done for us, we naturally look forward <span class=\"page-break\" data-page=\"99\"></span> to what he has promised to do for all his faithful children. No, only does it carry the mind back to that &ldquo;doleful night&rdquo; when the powers of darkness were arrayed against the inoffensive Lamb of God; but it carries it forward to that glorious morning when that same Jesus shall come in the glory of his Father with the holy angels, to take all his saints to those mansions in his Father&rsquo;s house, which he has gone to prepare. &ldquo;For as often as ye eat this bread, and drink this cup, ye do show forth the Lord&rsquo;s death till he come.&rdquo; <span class=\"egwlink egwlink_bible\" title=\"1 Corinthians 11:26\" data-link=\"1965.58374\">1 Corinthians 11:26</span>.",
    "puborder": 316,
    "translations": []
  },
  {
    "para_id": "1069.487",
    "id_prev": "1069.484",
    "id_next": "1069.488",
    "refcode_1": "BIC",
    "refcode_2": "99",
    "refcode_3": "1",
    "refcode_4": "",
    "refcode_short": "BIC 99.1",
    "refcode_long": "The Bible Class, p. 99.1 (Roswell Fenner Cottrell)",
    "element_type": "p",
    "element_subtype": "standard-indented",
    "content": "If our &ldquo;historical faith&rdquo; only looks back upon the past, and can see nothing but shadows and dimness in the promised future, we have not more than half of the faith of Jesus. True faith enjoys the promises.",
    "puborder": 317,
    "translations": []
  },
  {
    "para_id": "1069.488",
    "id_prev": "1069.487",
    "id_next": "1069.491",
    "refcode_1": "BIC",
    "refcode_2": "99",
    "refcode_3": "2",
    "refcode_4": "",
    "refcode_short": "BIC 99.2",
    "refcode_long": "The Bible Class, p. 99.2 (Roswell Fenner Cottrell)",
    "element_type": "p",
    "element_subtype": "standard-indented",
    "content": "While we remember the price that has been paid to procure our salvation from sin, we turn to the glorious future and see what will be enjoyed, as the consequences of our redemption. A feast of fat things, and of wines well refined is promised to all of God&rsquo;s people, [<span class=\"egwlink egwlink_bible\" title=\"Isaiah 25:1\" data-link=\"1965.36968\">Isaiah 25</span>,] and Jesus promised his disciples that they might eat and drink at his table in his kingdom. <span class=\"egwlink egwlink_bible\" title=\"Luke 22:30\" data-link=\"1965.52828\">Luke 22:30</span>; <span class=\"egwlink egwlink_bible\" title=\"Luke 4:15\" data-link=\"1965.51178\">4:15</span>; <span class=\"egwlink egwlink_bible\" title=\"Matthew 26:29\" data-link=\"1965.49164\">Matthew 26:29</span>. Blessed are they <span class=\"page-break\" data-page=\"100\"></span> which are called unto the marriage supper of the Lamb. <span class=\"egwlink egwlink_bible\" title=\"Revelation 19:9\" data-link=\"1965.63307\">Revelation 19:9</span>.",
    "puborder": 318,
    "translations": []
  }
]