[
  {
    "para_id": "2005.2036",
    "id_prev": "2005.2035",
    "id_next": "2005.2037",
    "refcode_1": "1TT",
    "refcode_2": "430",
    "refcode_3": "",
    "refcode_4": "148",
    "refcode_short": "1TT 430",
    "refcode_long": "Testimony Treasures, vol. 1, p. 430 (Ellen Gould White)",
    "element_type": "h4",
    "element_subtype": "",
    "content": "Nehemiah&apos;s Example",
    "puborder": 1304,
    "translations": [
      {
        "para_id": "629.1960",
        "lang": "de",
        "refcode": "Sch1 393"
      },
      {
        "para_id": "1696.2051",
        "lang": "es",
        "refcode": "1JT 431"
      },
      {
        "para_id": "221.2132",
        "lang": "fr",
        "refcode": "TE1 494"
      },
      {
        "para_id": "874.1910",
        "lang": "it",
        "refcode": "TT1 292"
      },
      {
        "para_id": "11593.1784",
        "lang": "nb",
        "refcode": "VFM1 368.2"
      },
      {
        "para_id": "12451.2257",
        "lang": "nl",
        "refcode": "USG1 445"
      },
      {
        "para_id": "12163.1868",
        "lang": "pl",
        "refcode": "SS1 303"
      },
      {
        "para_id": "1963.2011",
        "lang": "pt",
        "refcode": "TS1 430"
      },
      {
        "para_id": "11169.1710",
        "lang": "sk",
        "refcode": "1PS 302"
      }
    ]
  },
  {
    "para_id": "2005.2037",
    "id_prev": "2005.2036",
    "id_next": "2005.2040",
    "refcode_1": "1TT",
    "refcode_2": "430",
    "refcode_3": "2",
    "refcode_4": "",
    "refcode_short": "1TT 430.2",
    "refcode_long": "Testimony Treasures, vol. 1, p. 430.2 (Ellen Gould White)",
    "element_type": "p",
    "element_subtype": "standard-indented",
    "content": "The case of Nehemiah was presented before me. He was engaged in building the walls of Jerusalem, and the enemies of God were determined that the walls should not be built. &ldquo;But it came to pass, that when Sanballat, and Tobiah, and the Arabians, and the Ammonites, and the Ashdodites, heard that <span class=\"page-break\" data-page=\"431\"></span> the walls of Jerusalem were made up, and that the breaches began to be stopped, then they were very wroth, and conspired all of them together to come and to fight against Jerusalem, and to hinder it.&rdquo; <span class=\"egwlink egwlink_bible\" title=\"Nehemiah 4:7\" data-link=\"1965.25168\">Nehemiah 4:7, 8</span>.",
    "puborder": 1305,
    "translations": [
      {
        "para_id": "629.1961",
        "lang": "de",
        "refcode": "Sch1 393.2"
      },
      {
        "para_id": "1696.2053",
        "lang": "es",
        "refcode": "1JT 431.3"
      },
      {
        "para_id": "221.2133",
        "lang": "fr",
        "refcode": "TE1 494.1"
      },
      {
        "para_id": "874.1911",
        "lang": "it",
        "refcode": "TT1 292.2"
      },
      {
        "para_id": "11593.1784",
        "lang": "nb",
        "refcode": "VFM1 368.2"
      },
      {
        "para_id": "12451.2258",
        "lang": "nl",
        "refcode": "USG1 445.1"
      },
      {
        "para_id": "12163.1869",
        "lang": "pl",
        "refcode": "SS1 303.3"
      },
      {
        "para_id": "1963.2012",
        "lang": "pt",
        "refcode": "TS1 430.2"
      },
      {
        "para_id": "11169.1711",
        "lang": "sk",
        "refcode": "1PS 302.1"
      }
    ]
  },
  {
    "para_id": "2005.2040",
    "id_prev": "2005.2037",
    "id_next": "2005.2041",
    "refcode_1": "1TT",
    "refcode_2": "431",
    "refcode_3": "1",
    "refcode_4": "",
    "refcode_short": "1TT 431.1",
    "refcode_long": "Testimony Treasures, vol. 1, p. 431.1 (Ellen Gould White)",
    "element_type": "p",
    "element_subtype": "standard-indented",
    "content": "In this case a spirit of hatred and opposition to the Hebrews formed the bond of union and created a mutual sympathy among different bodies of men who might otherwise have warred with one another. This well illustrates what we frequently witness in our day in the existing union of men of different denominations to oppose present truth, men whose only bond seems to be that which is dragonic in its nature, manifesting bitterness and hatred against the remnant who keep the commandments of God. This is especially seen in the first-day, no-day, and all-days-alike Adventists, who seem to be famous for hating and slandering one another, when they can spare time from their efforts to misrepresent, slander, and in every way abuse Seventh-day Adventists.",
    "puborder": 1306,
    "translations": [
      {
        "para_id": "629.1963",
        "lang": "de",
        "refcode": "Sch1 394.1"
      },
      {
        "para_id": "1696.2056",
        "lang": "es",
        "refcode": "1JT 432.1"
      },
      {
        "para_id": "221.2134",
        "lang": "fr",
        "refcode": "TE1 494.2"
      },
      {
        "para_id": "874.1912",
        "lang": "it",
        "refcode": "TT1 292.3"
      },
      {
        "para_id": "11593.1785",
        "lang": "nb",
        "refcode": "VFM1 368.3"
      },
      {
        "para_id": "12451.2259",
        "lang": "nl",
        "refcode": "USG1 445.2"
      },
      {
        "para_id": "12163.1870",
        "lang": "pl",
        "refcode": "SS1 303.4"
      },
      {
        "para_id": "1963.2015",
        "lang": "pt",
        "refcode": "TS1 431.1"
      },
      {
        "para_id": "11169.1712",
        "lang": "sk",
        "refcode": "1PS 302.2"
      }
    ]
  },
  {
    "para_id": "2005.2041",
    "id_prev": "2005.2040",
    "id_next": "2005.2043",
    "refcode_1": "1TT",
    "refcode_2": "431",
    "refcode_3": "2",
    "refcode_4": "",
    "refcode_short": "1TT 431.2",
    "refcode_long": "Testimony Treasures, vol. 1, p. 431.2 (Ellen Gould White)",
    "element_type": "p",
    "element_subtype": "standard-indented",
    "content": "&ldquo;Nevertheless we made our prayer unto our God, and set a watch against them day and night, because of them.&rdquo; <span class=\"egwlink egwlink_bible\" title=\"Nehemiah 4:9\" data-link=\"1965.25172\">Verse 9</span>. We are in constant danger of becoming self-sufficient, relying upon our own wisdom, and not making God our strength. Nothing disturbs Satan so much as our knowledge of his devices. If we feel our dangers we shall feel the need of prayer, as did Nehemiah, and like him we shall obtain that sure defense that will give us security in peril. If we are careless and indifferent, we shall surely be overcome by Satan&apos;s devices. We must be vigilant. While, like Nehemiah, we resort to prayer, taking all our perplexities and burdens to God, we should not feel that we have nothing to do. We are to watch as well as pray. We should watch the work of our adversaries, lest they gain advantage in deceiving souls. We should, in the wisdom of Christ, make efforts to defeat their purposes, while, at the same time, we do not suffer them to call us from our great work. Truth is stronger than error. Righteousness will prevail over wrong.",
    "puborder": 1307,
    "translations": [
      {
        "para_id": "629.1964",
        "lang": "de",
        "refcode": "Sch1 394.2"
      },
      {
        "para_id": "1696.2057",
        "lang": "es",
        "refcode": "1JT 432.2"
      },
      {
        "para_id": "221.2137",
        "lang": "fr",
        "refcode": "TE1 495.1"
      },
      {
        "para_id": "874.1913",
        "lang": "it",
        "refcode": "TT1 292.4"
      },
      {
        "para_id": "11593.1788",
        "lang": "nb",
        "refcode": "VFM1 369.1"
      },
      {
        "para_id": "12451.2262",
        "lang": "nl",
        "refcode": "USG1 446.1"
      },
      {
        "para_id": "12163.1873",
        "lang": "pl",
        "refcode": "SS1 304.2"
      },
      {
        "para_id": "12163.1872",
        "lang": "pl",
        "refcode": "SS1 304.1"
      },
      {
        "para_id": "1963.2016",
        "lang": "pt",
        "refcode": "TS1 431.2"
      },
      {
        "para_id": "11169.1713",
        "lang": "sk",
        "refcode": "1PS 302.3"
      }
    ]
  }
]