[
  {
    "para_id": "2005.1335",
    "id_prev": "2005.1331",
    "id_next": "2005.1336",
    "refcode_1": "1TT",
    "refcode_2": "285",
    "refcode_3": "",
    "refcode_4": "55",
    "refcode_short": "1TT 285",
    "refcode_long": "Testimony Treasures, vol. 1, p. 285 (Ellen Gould White)",
    "element_type": "h3",
    "element_subtype": "",
    "content": "No Probation After Christ Comes<sup class=\"footnote\"><a class=\"footnote\">*<span class=\"footnote\">1871, <span class=\"egwlink egwlink_book\" title=\"2T 691.1\" data-link=\"120.2995\">Testimonies for the Church 2:691-695</span>.</span></a></sup>",
    "puborder": 850,
    "translations": [
      {
        "para_id": "629.1283",
        "lang": "de",
        "refcode": "Sch1 260"
      },
      {
        "para_id": "1696.1333",
        "lang": "es",
        "refcode": "1JT 282"
      },
      {
        "para_id": "221.1390",
        "lang": "fr",
        "refcode": "TE1 323"
      },
      {
        "para_id": "874.1302",
        "lang": "it",
        "refcode": "TT1 197"
      },
      {
        "para_id": "11593.1156",
        "lang": "nb",
        "refcode": "VFM1 244"
      },
      {
        "para_id": "12451.1479",
        "lang": "nl",
        "refcode": "USG1 292"
      },
      {
        "para_id": "12163.1224",
        "lang": "pl",
        "refcode": "SS1 201"
      },
      {
        "para_id": "1963.1314",
        "lang": "pt",
        "refcode": "TS1 285"
      },
      {
        "para_id": "11169.1115",
        "lang": "sk",
        "refcode": "1PS 202"
      }
    ]
  },
  {
    "para_id": "2005.1336",
    "id_prev": "2005.1335",
    "id_next": "2005.1337",
    "refcode_1": "1TT",
    "refcode_2": "285",
    "refcode_3": "1",
    "refcode_4": "",
    "refcode_short": "1TT 285.1",
    "refcode_long": "Testimony Treasures, vol. 1, p. 285.1 (Ellen Gould White)",
    "element_type": "p",
    "element_subtype": "standard-indented",
    "content": "When Jesus rises up in the most holy place, and lays off His mediatorial garments, and clothes Himself with the garments of vengeance in place of the priestly attire, the work for sinners will be done. The period of time will then have come when the mandate will go forth: &ldquo;He that is unjust, let him be unjust still: ... and he that is righteous, let him be righteous still: and he that is holy, let him be holy still. And, behold, I come quickly; and My reward is with Me, to give every man according as his work shall be.&rdquo; <span class=\"egwlink egwlink_bible\" title=\"Revelation 22:11\" data-link=\"1965.63440\">Revelation 22:11, 12</span>.",
    "puborder": 851,
    "translations": [
      {
        "para_id": "629.1284",
        "lang": "de",
        "refcode": "Sch1 260.1"
      },
      {
        "para_id": "1696.1334",
        "lang": "es",
        "refcode": "1JT 282.1"
      },
      {
        "para_id": "221.1391",
        "lang": "fr",
        "refcode": "TE1 323.1"
      },
      {
        "para_id": "874.1303",
        "lang": "it",
        "refcode": "TT1 197.1"
      },
      {
        "para_id": "11593.1157",
        "lang": "nb",
        "refcode": "VFM1 244.1"
      },
      {
        "para_id": "12451.1480",
        "lang": "nl",
        "refcode": "USG1 292.1"
      },
      {
        "para_id": "12163.1225",
        "lang": "pl",
        "refcode": "SS1 201.1"
      },
      {
        "para_id": "1963.1315",
        "lang": "pt",
        "refcode": "TS1 285.1"
      },
      {
        "para_id": "11169.1116",
        "lang": "sk",
        "refcode": "1PS 202.1"
      }
    ]
  },
  {
    "para_id": "2005.1337",
    "id_prev": "2005.1336",
    "id_next": "2005.1338",
    "refcode_1": "1TT",
    "refcode_2": "285",
    "refcode_3": "2",
    "refcode_4": "",
    "refcode_short": "1TT 285.2",
    "refcode_long": "Testimony Treasures, vol. 1, p. 285.2 (Ellen Gould White)",
    "element_type": "p",
    "element_subtype": "standard-indented",
    "content": "God has given His word for all to investigate, that they may learn the way to life. None need err if they will submit to the conditions of salvation laid down in the word of God. Probation is granted to all, that all may form characters for eternal life. An opportunity will be given to all to decide for life or death. Men will be judged according to the measure of light given them. None will be accountable for their darkness and their errors if the light has not been brought to them. They have not sinned in not accepting what has not been given them. All will be tested before Jesus leaves His position in the most holy place. The probation of all closes when the pleading for sinners is ended and the garments of vengeance are put on.",
    "puborder": 852,
    "translations": [
      {
        "para_id": "629.1285",
        "lang": "de",
        "refcode": "Sch1 260.2"
      },
      {
        "para_id": "1696.1335",
        "lang": "es",
        "refcode": "1JT 282.2"
      },
      {
        "para_id": "221.1392",
        "lang": "fr",
        "refcode": "TE1 323.2"
      },
      {
        "para_id": "874.1304",
        "lang": "it",
        "refcode": "TT1 197.2"
      },
      {
        "para_id": "11593.1158",
        "lang": "nb",
        "refcode": "VFM1 244.2"
      },
      {
        "para_id": "12451.1481",
        "lang": "nl",
        "refcode": "USG1 292.2"
      },
      {
        "para_id": "12163.1226",
        "lang": "pl",
        "refcode": "SS1 201.2"
      },
      {
        "para_id": "1963.1316",
        "lang": "pt",
        "refcode": "TS1 285.2"
      },
      {
        "para_id": "11169.1116",
        "lang": "sk",
        "refcode": "1PS 202.1"
      }
    ]
  },
  {
    "para_id": "2005.1338",
    "id_prev": "2005.1337",
    "id_next": "2005.1341",
    "refcode_1": "1TT",
    "refcode_2": "285",
    "refcode_3": "3",
    "refcode_4": "",
    "refcode_short": "1TT 285.3",
    "refcode_long": "Testimony Treasures, vol. 1, p. 285.3 (Ellen Gould White)",
    "element_type": "p",
    "element_subtype": "standard-indented",
    "content": "Many entertain the view that probation is granted after Jesus leaves His work as mediator in the most holy apartment. This is the sophistry of Satan. God tests and proves the world by the light which He is pleased to give them previous to the coming of Christ. Characters are then formed for life or <span class=\"page-break\" data-page=\"286\"></span> death. But the probation of those who choose to live a life of sin, and neglect the great salvation offered, closes when Christ&apos;s ministration ceases just previous to His appearing in the clouds of heaven.",
    "puborder": 853,
    "translations": [
      {
        "para_id": "629.1286",
        "lang": "de",
        "refcode": "Sch1 260.3"
      },
      {
        "para_id": "1696.1336",
        "lang": "es",
        "refcode": "1JT 282.3"
      },
      {
        "para_id": "221.1395",
        "lang": "fr",
        "refcode": "TE1 324.1"
      },
      {
        "para_id": "874.1305",
        "lang": "it",
        "refcode": "TT1 197.3"
      },
      {
        "para_id": "11593.1159",
        "lang": "nb",
        "refcode": "VFM1 244.3"
      },
      {
        "para_id": "12451.1484",
        "lang": "nl",
        "refcode": "USG1 293.1"
      },
      {
        "para_id": "12163.1227",
        "lang": "pl",
        "refcode": "SS1 201.3"
      },
      {
        "para_id": "1963.1317",
        "lang": "pt",
        "refcode": "TS1 285.3"
      },
      {
        "para_id": "11169.1117",
        "lang": "sk",
        "refcode": "1PS 202.2"
      }
    ]
  },
  {
    "para_id": "2005.1341",
    "id_prev": "2005.1338",
    "id_next": "2005.1342",
    "refcode_1": "1TT",
    "refcode_2": "286",
    "refcode_3": "1",
    "refcode_4": "",
    "refcode_short": "1TT 286.1",
    "refcode_long": "Testimony Treasures, vol. 1, p. 286.1 (Ellen Gould White)",
    "element_type": "p",
    "element_subtype": "standard-indented",
    "content": "Those who love the world, and whose minds are carnal and at enmity with God, will flatter themselves that a period of probation will be granted after Christ appears in the clouds of heaven. The carnal heart, which is so averse to submission and obedience, will be deceived with this pleasing view. Many will remain in carnal security and continue in rebellion against God, flattering themselves that there is then to be a period for repentance of sin and an opportunity for them to accept the truth which now is unpopular and crossing to their natural inclination and desires. When they have nothing to venture, nothing to lose, by yielding obedience to Christ and the truth, they think they will take their chance for salvation.",
    "puborder": 854,
    "translations": [
      {
        "para_id": "629.1287",
        "lang": "de",
        "refcode": "Sch1 260.4"
      },
      {
        "para_id": "1696.1339",
        "lang": "es",
        "refcode": "1JT 283.1"
      },
      {
        "para_id": "221.1396",
        "lang": "fr",
        "refcode": "TE1 324.2"
      },
      {
        "para_id": "874.1306",
        "lang": "it",
        "refcode": "TT1 197.4"
      },
      {
        "para_id": "11593.1162",
        "lang": "nb",
        "refcode": "VFM1 245.1"
      },
      {
        "para_id": "12451.1485",
        "lang": "nl",
        "refcode": "USG1 293.2"
      },
      {
        "para_id": "12163.1228",
        "lang": "pl",
        "refcode": "SS1 201.4"
      },
      {
        "para_id": "1963.1320",
        "lang": "pt",
        "refcode": "TS1 286.1"
      },
      {
        "para_id": "11169.1118",
        "lang": "sk",
        "refcode": "1PS 202.3"
      }
    ]
  },
  {
    "para_id": "2005.1342",
    "id_prev": "2005.1341",
    "id_next": "2005.1343",
    "refcode_1": "1TT",
    "refcode_2": "286",
    "refcode_3": "2",
    "refcode_4": "",
    "refcode_short": "1TT 286.2",
    "refcode_long": "Testimony Treasures, vol. 1, p. 286.2 (Ellen Gould White)",
    "element_type": "p",
    "element_subtype": "standard-indented",
    "content": "There are in the Scriptures some things which are hard to be understood and which, according to the language of Peter, the unlearned and unstable wrest unto their own destruction. We may not, in this life, be able to explain the meaning of every passage of Scripture; but there are no vital points of practical truth that will be clouded in mystery. When the time shall come, in the providence of God, for the world to be tested upon the truth for that time, minds will be exercised by His Spirit to search the Scriptures, even with fasting and with prayer, until link after link is searched out and united in a perfect chain. Every fact which immediately concerns the salvation of souls will be made so clear that none need err or walk in darkness.",
    "puborder": 855,
    "translations": [
      {
        "para_id": "629.1290",
        "lang": "de",
        "refcode": "Sch1 261.1"
      },
      {
        "para_id": "1696.1341",
        "lang": "es",
        "refcode": "1JT 283.2"
      },
      {
        "para_id": "221.1397",
        "lang": "fr",
        "refcode": "TE1 324.3"
      },
      {
        "para_id": "874.1309",
        "lang": "it",
        "refcode": "TT1 198.1"
      },
      {
        "para_id": "11593.1163",
        "lang": "nb",
        "refcode": "VFM1 245.2"
      },
      {
        "para_id": "12451.1486",
        "lang": "nl",
        "refcode": "USG1 293.3"
      },
      {
        "para_id": "12163.1231",
        "lang": "pl",
        "refcode": "SS1 202.1"
      },
      {
        "para_id": "1963.1321",
        "lang": "pt",
        "refcode": "TS1 286.2"
      },
      {
        "para_id": "11169.1121",
        "lang": "sk",
        "refcode": "1PS 203.1"
      }
    ]
  }
]