[
  {
    "para_id": "2005.1980",
    "id_prev": "2005.1979",
    "id_next": "2005.1981",
    "refcode_1": "1TT",
    "refcode_2": "419",
    "refcode_3": "",
    "refcode_4": "144",
    "refcode_short": "1TT 419",
    "refcode_long": "Testimony Treasures, vol. 1, p. 419 (Ellen Gould White)",
    "element_type": "h4",
    "element_subtype": "",
    "content": "Benefits of Physical Exercise",
    "puborder": 1266,
    "translations": [
      {
        "para_id": "629.1907",
        "lang": "de",
        "refcode": "Sch1 383"
      },
      {
        "para_id": "1696.1994",
        "lang": "es",
        "refcode": "1JT 420"
      },
      {
        "para_id": "221.2070",
        "lang": "fr",
        "refcode": "TE1 481"
      },
      {
        "para_id": "874.1863",
        "lang": "it",
        "refcode": "TT1 285"
      },
      {
        "para_id": "11593.1738",
        "lang": "nb",
        "refcode": "VFM1 360.1"
      },
      {
        "para_id": "12451.2196",
        "lang": "nl",
        "refcode": "USG1 434"
      },
      {
        "para_id": "12163.1817",
        "lang": "pl",
        "refcode": "SS1 295"
      },
      {
        "para_id": "1963.1956",
        "lang": "pt",
        "refcode": "TS1 419"
      },
      {
        "para_id": "11169.1660",
        "lang": "sk",
        "refcode": "1PS 294"
      }
    ]
  },
  {
    "para_id": "2005.1981",
    "id_prev": "2005.1980",
    "id_next": "2005.1983",
    "refcode_1": "1TT",
    "refcode_2": "419",
    "refcode_3": "2",
    "refcode_4": "",
    "refcode_short": "1TT 419.2",
    "refcode_long": "Testimony Treasures, vol. 1, p. 419.2 (Ellen Gould White)",
    "element_type": "p",
    "element_subtype": "standard-indented",
    "content": "Ministers, teachers, and students do not become as intelligent as they should in regard to the necessity of physical exercise in the open air. They neglect this duty, which is most essential for the preservation of health. They closely apply their minds to books and eat the allowance of a laboring man. Under such habits some grow corpulent, because the system is clogged. Others become lean, feeble, and weak because their vital powers are exhausted in throwing off the excess of food; the liver becomes burdened and unable to throw off the impurities in the blood, and sickness is the result. If physical exercise were combined with mental exertion, the blood would be quickened in its circulation, the action of the heart would be more perfect, impure matter would be thrown off, and new life and vigor would be experienced in every part of the body.",
    "puborder": 1267,
    "translations": [
      {
        "para_id": "629.1908",
        "lang": "de",
        "refcode": "Sch1 383.2"
      },
      {
        "para_id": "1696.1995",
        "lang": "es",
        "refcode": "1JT 420.2"
      },
      {
        "para_id": "221.2071",
        "lang": "fr",
        "refcode": "TE1 481.1"
      },
      {
        "para_id": "874.1864",
        "lang": "it",
        "refcode": "TT1 285.1"
      },
      {
        "para_id": "11593.1738",
        "lang": "nb",
        "refcode": "VFM1 360.1"
      },
      {
        "para_id": "12451.2197",
        "lang": "nl",
        "refcode": "USG1 434.1"
      },
      {
        "para_id": "12163.1818",
        "lang": "pl",
        "refcode": "SS1 295.3"
      },
      {
        "para_id": "12163.1820",
        "lang": "pl",
        "refcode": "SS1 296.1"
      },
      {
        "para_id": "12163.1821",
        "lang": "pl",
        "refcode": "SS1 296.2"
      },
      {
        "para_id": "1963.1957",
        "lang": "pt",
        "refcode": "TS1 419.2"
      },
      {
        "para_id": "11169.1661",
        "lang": "sk",
        "refcode": "1PS 294.1"
      }
    ]
  },
  {
    "para_id": "2005.1983",
    "id_prev": "2005.1981",
    "id_next": "2005.1984",
    "refcode_1": "1TT",
    "refcode_2": "420",
    "refcode_3": "1",
    "refcode_4": "",
    "refcode_short": "1TT 420.1",
    "refcode_long": "Testimony Treasures, vol. 1, p. 420.1 (Ellen Gould White)",
    "element_type": "p",
    "element_subtype": "standard-indented",
    "content": "When the minds of ministers, schoolteachers, and students are continually excited by study, and the body is allowed to be inactive, the nerves of emotion are taxed, while the nerves of motion are inactive. The wear being all upon the mental organs, they become overworked and enfeebled, while the muscles lose their vigor for want of employment. There is no inclination to exercise the muscles by engaging in physical labor, because exertion seems to be irksome.",
    "puborder": 1268,
    "translations": [
      {
        "para_id": "629.1911",
        "lang": "de",
        "refcode": "Sch1 384.1"
      },
      {
        "para_id": "1696.1998",
        "lang": "es",
        "refcode": "1JT 421.1"
      },
      {
        "para_id": "221.2072",
        "lang": "fr",
        "refcode": "TE1 481.2"
      },
      {
        "para_id": "874.1865",
        "lang": "it",
        "refcode": "TT1 285.2"
      },
      {
        "para_id": "11593.1739",
        "lang": "nb",
        "refcode": "VFM1 360.2"
      },
      {
        "para_id": "12451.2198",
        "lang": "nl",
        "refcode": "USG1 434.2"
      },
      {
        "para_id": "12163.1821",
        "lang": "pl",
        "refcode": "SS1 296.2"
      },
      {
        "para_id": "1963.1958",
        "lang": "pt",
        "refcode": "TS1 419.3"
      },
      {
        "para_id": "11169.1662",
        "lang": "sk",
        "refcode": "1PS 294.2"
      }
    ]
  }
]