[
  {
    "para_id": "2005.494",
    "id_prev": "2005.492",
    "id_next": "2005.495",
    "refcode_1": "1TT",
    "refcode_2": "109",
    "refcode_3": "",
    "refcode_4": "24",
    "refcode_short": "1TT 109",
    "refcode_long": "Testimony Treasures, vol. 1, p. 109 (Ellen Gould White)",
    "element_type": "h3",
    "element_subtype": "",
    "content": "False Ideas of Sanctification<sup class=\"footnote\"><a class=\"footnote\">*<span class=\"footnote\">1862, <span class=\"egwlink egwlink_book\" title=\"1T 332.1\" data-link=\"116.1597\">Testimonies for the Church 1:332-340</span> (Northern Wisconsin).</span></a></sup>",
    "puborder": 308,
    "translations": [
      {
        "para_id": "629.478",
        "lang": "de",
        "refcode": "Sch1 98"
      },
      {
        "para_id": "1696.499",
        "lang": "es",
        "refcode": "1JT 110"
      },
      {
        "para_id": "221.516",
        "lang": "fr",
        "refcode": "TE1 123"
      },
      {
        "para_id": "874.581",
        "lang": "it",
        "refcode": "TT1 84"
      },
      {
        "para_id": "11593.422",
        "lang": "nb",
        "refcode": "VFM1 96"
      },
      {
        "para_id": "12451.558",
        "lang": "nl",
        "refcode": "USG1 110"
      },
      {
        "para_id": "12163.464",
        "lang": "pl",
        "refcode": "SS1 82"
      },
      {
        "para_id": "1963.503",
        "lang": "pt",
        "refcode": "TS1 109"
      },
      {
        "para_id": "11169.391",
        "lang": "sk",
        "refcode": "1PS 78"
      }
    ]
  },
  {
    "para_id": "2005.495",
    "id_prev": "2005.494",
    "id_next": "2005.496",
    "refcode_1": "1TT",
    "refcode_2": "109",
    "refcode_3": "1",
    "refcode_4": "",
    "refcode_short": "1TT 109.1",
    "refcode_long": "Testimony Treasures, vol. 1, p. 109.1 (Ellen Gould White)",
    "element_type": "p",
    "element_subtype": "standard-indented",
    "content": "God is now testing and proving His people. Character is being developed. Angels are weighing moral worth, and keeping a faithful record of all the acts of the children of men. Among God&apos;s professed people are corrupt hearts; but they will be tested and proved. That God who reads the hearts of everyone, will bring to light hidden things of darkness where they are often least suspected, that stumbling blocks which have hindered the progress of truth may be removed, and God have a clean and holy people to declare His statutes and judgments.",
    "puborder": 309,
    "translations": [
      {
        "para_id": "629.479",
        "lang": "de",
        "refcode": "Sch1 98.1"
      },
      {
        "para_id": "1696.500",
        "lang": "es",
        "refcode": "1JT 110.1"
      },
      {
        "para_id": "221.517",
        "lang": "fr",
        "refcode": "TE1 123.1"
      },
      {
        "para_id": "874.582",
        "lang": "it",
        "refcode": "TT1 84.1"
      },
      {
        "para_id": "11593.423",
        "lang": "nb",
        "refcode": "VFM1 96.1"
      },
      {
        "para_id": "12451.559",
        "lang": "nl",
        "refcode": "USG1 110.1"
      },
      {
        "para_id": "12163.465",
        "lang": "pl",
        "refcode": "SS1 82.1"
      },
      {
        "para_id": "1963.504",
        "lang": "pt",
        "refcode": "TS1 109.1"
      },
      {
        "para_id": "11169.392",
        "lang": "sk",
        "refcode": "1PS 78.1"
      }
    ]
  },
  {
    "para_id": "2005.496",
    "id_prev": "2005.495",
    "id_next": "2005.497",
    "refcode_1": "1TT",
    "refcode_2": "109",
    "refcode_3": "2",
    "refcode_4": "",
    "refcode_short": "1TT 109.2",
    "refcode_long": "Testimony Treasures, vol. 1, p. 109.2 (Ellen Gould White)",
    "element_type": "p",
    "element_subtype": "standard-indented",
    "content": "The Captain of our salvation leads His people on step by step, purifying and fitting them for translation, and leaving in the rear those who are disposed to draw off from the body, who are not willing to be led, and are satisfied with their own righteousness. &ldquo;If therefore the light that is in thee be darkness, how great is that darkness!&rdquo; <span class=\"egwlink egwlink_bible\" title=\"Matthew 6:23\" data-link=\"1965.47588\">Matthew 6:23</span>. No greater delusion can deceive the human mind than that which leads men to indulge a self-confident spirit, to believe that they are right and in the light, when they are drawing away from God&apos;s people, and their cherished light is darkness. ...",
    "puborder": 310,
    "translations": [
      {
        "para_id": "629.480",
        "lang": "de",
        "refcode": "Sch1 98.2"
      },
      {
        "para_id": "1696.501",
        "lang": "es",
        "refcode": "1JT 110.2"
      },
      {
        "para_id": "221.518",
        "lang": "fr",
        "refcode": "TE1 123.2"
      },
      {
        "para_id": "874.583",
        "lang": "it",
        "refcode": "TT1 84.2"
      },
      {
        "para_id": "11593.424",
        "lang": "nb",
        "refcode": "VFM1 96.2"
      },
      {
        "para_id": "12451.560",
        "lang": "nl",
        "refcode": "USG1 110.2"
      },
      {
        "para_id": "12163.466",
        "lang": "pl",
        "refcode": "SS1 82.2"
      },
      {
        "para_id": "1963.505",
        "lang": "pt",
        "refcode": "TS1 109.2"
      },
      {
        "para_id": "11169.393",
        "lang": "sk",
        "refcode": "1PS 78.2"
      }
    ]
  },
  {
    "para_id": "2005.497",
    "id_prev": "2005.496",
    "id_next": "2005.500",
    "refcode_1": "1TT",
    "refcode_2": "109",
    "refcode_3": "3",
    "refcode_4": "",
    "refcode_short": "1TT 109.3",
    "refcode_long": "Testimony Treasures, vol. 1, p. 109.3 (Ellen Gould White)",
    "element_type": "p",
    "element_subtype": "standard-indented",
    "content": "Brother J received from Elder K a false theory of sanctification, which is outside of the third angel&apos;s message, and wherever received destroys the love for the message. I was shown that Elder K was upon dangerous ground. He is not in union with the third angel. He once enjoyed the blessing of God, but does not now, for he has not prized and cherished the light of truth which has shone upon his pathway. He has brought along with him a theory of Methodist sanctification, and presents that in front, making it of the highest <span class=\"page-break\" data-page=\"110\"></span> importance. And the sacred truths applicable to this time are by him made of little consequence. He has followed his own light, and been growing darker and darker, and going further and further from the truth, until it has but little influence upon him. Satan has controlled his mind, and he has done great injury to the cause of truth in northern Wisconsin.",
    "puborder": 311,
    "translations": [
      {
        "para_id": "629.481",
        "lang": "de",
        "refcode": "Sch1 98.3"
      },
      {
        "para_id": "1696.502",
        "lang": "es",
        "refcode": "1JT 110.3"
      },
      {
        "para_id": "221.521",
        "lang": "fr",
        "refcode": "TE1 124.1"
      },
      {
        "para_id": "874.584",
        "lang": "it",
        "refcode": "TT1 84.3"
      },
      {
        "para_id": "11593.425",
        "lang": "nb",
        "refcode": "VFM1 96.3"
      },
      {
        "para_id": "12451.563",
        "lang": "nl",
        "refcode": "USG1 111.1"
      },
      {
        "para_id": "12163.467",
        "lang": "pl",
        "refcode": "SS1 82.3"
      },
      {
        "para_id": "1963.506",
        "lang": "pt",
        "refcode": "TS1 109.3"
      },
      {
        "para_id": "11169.393",
        "lang": "sk",
        "refcode": "1PS 78.2"
      }
    ]
  }
]