[
  {
    "para_id": "1978.1015",
    "id_prev": "1978.1014",
    "id_next": "1978.1016",
    "refcode_1": "RR",
    "refcode_2": "123",
    "refcode_3": "",
    "refcode_4": "81",
    "refcode_short": "RR 123",
    "refcode_long": "Royalty and Ruin, p. 123 (Ellen Gould White)",
    "element_type": "h4",
    "element_subtype": "",
    "content": "The Reformation Spreads",
    "puborder": 804,
    "translations": []
  },
  {
    "para_id": "1978.1016",
    "id_prev": "1978.1015",
    "id_next": "1978.1017",
    "refcode_1": "RR",
    "refcode_2": "123",
    "refcode_3": "3",
    "refcode_4": "",
    "refcode_short": "RR 123.3",
    "refcode_long": "Royalty and Ruin, p. 123.3 (Ellen Gould White)",
    "element_type": "p",
    "element_subtype": "standard-indented",
    "content": "The time had come for the worshipers to return to their homes. God had accepted the broken-hearted who had confessed their sins and resolutely turned to Him for forgiveness and help.",
    "puborder": 805,
    "translations": []
  },
  {
    "para_id": "1978.1017",
    "id_prev": "1978.1016",
    "id_next": "1978.1018",
    "refcode_1": "RR",
    "refcode_2": "123",
    "refcode_3": "4",
    "refcode_4": "",
    "refcode_short": "RR 123.4",
    "refcode_long": "Royalty and Ruin, p. 123.4 (Ellen Gould White)",
    "element_type": "p",
    "element_subtype": "standard-indented",
    "content": "There was still an important work in which those who were returning to their homes must take part, and its accomplishment showed that the reformation was genuine: &ldquo;Now when all this was finished, all Israel who were present went out to the cities of Judah and broke the sacred pillars in pieces, cut down the wooden images, and threw down the high places and the altars&mdash;from all Judah, Benjamin, Ephraim, and Manasseh&mdash;until they had utterly destroyed them all. Then all the children of Israel returned to their own cities, every man to his possession.&rdquo; <span class=\"egwlink egwlink_bible\" title=\"2 Chronicles 31:1\" data-link=\"1965.24125\">2 Chronicles 31:1</span>.",
    "puborder": 806,
    "translations": []
  },
  {
    "para_id": "1978.1018",
    "id_prev": "1978.1017",
    "id_next": "1978.1019",
    "refcode_1": "RR",
    "refcode_2": "123",
    "refcode_3": "5",
    "refcode_4": "",
    "refcode_short": "RR 123.5",
    "refcode_long": "Royalty and Ruin, p. 123.5 (Ellen Gould White)",
    "element_type": "p",
    "element_subtype": "standard-indented",
    "content": "&ldquo;Throughout all Judah&rdquo; the king &ldquo;did what was good and right and true before the Lord his God. And in every work that he began ..., he did it with all his heart. So he prospered.&rdquo; <span class=\"egwlink egwlink_bible\" title=\"2 Chronicles 31:20\" data-link=\"1965.24163\">Verses 20, 21</span>.",
    "puborder": 807,
    "translations": []
  },
  {
    "para_id": "1978.1019",
    "id_prev": "1978.1018",
    "id_next": "1978.1021",
    "refcode_1": "RR",
    "refcode_2": "123",
    "refcode_3": "6",
    "refcode_4": "",
    "refcode_short": "RR 123.6",
    "refcode_long": "Royalty and Ruin, p. 123.6 (Ellen Gould White)",
    "element_type": "p",
    "element_subtype": "standard-indented",
    "content": "The Assyrians&rsquo; success in scattering the remnant of the ten tribes among the nations was leading many to question the power of the God of the Hebrews. Made bold by their successes, Nineveh&rsquo;s inhabitants had long since set aside the message of Jonah and had become defiant in their opposition to Heaven. A few years after the fall of Samaria the victorious armies reappeared in Palestine, directing their forces against the walled cities of Judah. But they withdrew for a while because of difficulties in other parts of their realm. Not until near the close of Hezekiah&rsquo;s reign would the world see whether the gods of the heathen would finally prevail.",
    "puborder": 808,
    "translations": []
  }
]