[
  {
    "para_id": "14053.4569001",
    "id_prev": "14053.4524025",
    "id_next": "14053.4569004",
    "refcode_1": "3LtMs",
    "refcode_2": "1",
    "refcode_3": "",
    "refcode_4": "1882001900",
    "refcode_short": "3LtMs, Lt 19, 1882",
    "refcode_long": "Letters and Manuscripts — Volume 3 (1876 - 1882), Lt 19, 1882",
    "element_type": "h4",
    "element_subtype": "",
    "content": "Lt 19, 1882",
    "puborder": 8190,
    "translations": []
  },
  {
    "para_id": "14053.4569004",
    "id_prev": "14053.4569001",
    "id_next": "14053.4569002",
    "refcode_1": "3LtMs",
    "refcode_2": "1",
    "refcode_3": "",
    "refcode_4": "1882001900",
    "refcode_short": "",
    "refcode_long": "",
    "element_type": "p",
    "element_subtype": "ltaddressee",
    "content": "White, J. E.",
    "puborder": 8191,
    "translations": []
  },
  {
    "para_id": "14053.4569002",
    "id_prev": "14053.4569004",
    "id_next": "14053.4569003",
    "refcode_1": "3LtMs",
    "refcode_2": "1",
    "refcode_3": "",
    "refcode_4": "1882001900",
    "refcode_short": "",
    "refcode_long": "",
    "element_type": "p",
    "element_subtype": "ltplace",
    "content": "<span class=\"ltplace\" value=\"Oakland, California\">Oakland, California</span>",
    "puborder": 8192,
    "translations": []
  },
  {
    "para_id": "14053.4569003",
    "id_prev": "14053.4569002",
    "id_next": "14053.4569005",
    "refcode_1": "3LtMs",
    "refcode_2": "1",
    "refcode_3": "",
    "refcode_4": "1882001900",
    "refcode_short": "",
    "refcode_long": "",
    "element_type": "p",
    "element_subtype": "ltdate",
    "content": "<span class=\"ltdate\" start=\"July 1, 1882\">July 1, 1882</span>",
    "puborder": 8193,
    "translations": []
  },
  {
    "para_id": "14053.4569005",
    "id_prev": "14053.4569003",
    "id_next": "14053.4569006",
    "refcode_1": "3LtMs",
    "refcode_2": "1",
    "refcode_3": "",
    "refcode_4": "1882001900",
    "refcode_short": "",
    "refcode_long": "",
    "element_type": "p",
    "element_subtype": "ltpubinfo",
    "content": "Previously unpublished.",
    "puborder": 8194,
    "translations": []
  },
  {
    "para_id": "14053.4569006",
    "id_prev": "14053.4569005",
    "id_next": "14053.4569007",
    "refcode_1": "3LtMs",
    "refcode_2": "1",
    "refcode_3": "",
    "refcode_4": "1882001900",
    "refcode_short": "",
    "refcode_long": "",
    "element_type": "p",
    "element_subtype": "ltsalutation",
    "content": "Dear son Edson:",
    "puborder": 8195,
    "translations": []
  },
  {
    "para_id": "14053.4569007",
    "id_prev": "14053.4569006",
    "id_next": "14053.4569008",
    "refcode_1": "3LtMs",
    "refcode_2": "1",
    "refcode_3": "5170",
    "refcode_4": "1882001900",
    "refcode_short": "3LtMs, Lt 19, 1882, par. 1",
    "refcode_long": "Letters and Manuscripts — Volume 3 (1876 - 1882), Lt 19, 1882, par. 1",
    "element_type": "p",
    "element_subtype": "standard-indented",
    "content": "I spoke to the people in San Francisco, Sabbath afternoon. For some reason it exhausted me. My heart labored hard all night. I speak to them today, and then I shall not speak to them again until perhaps next Sabbath. There were about one hundred out. Several put their names to the covenant to keep the Sabbath.",
    "puborder": 8196,
    "translations": []
  },
  {
    "para_id": "14053.4569008",
    "id_prev": "14053.4569007",
    "id_next": "14053.4569009",
    "refcode_1": "3LtMs",
    "refcode_2": "1",
    "refcode_3": "5171",
    "refcode_4": "1882001900",
    "refcode_short": "3LtMs, Lt 19, 1882, par. 2",
    "refcode_long": "Letters and Manuscripts — Volume 3 (1876 - 1882), Lt 19, 1882, par. 2",
    "element_type": "p",
    "element_subtype": "standard-indented",
    "content": "Bro. and Sr. Shellhorn are a couple who have taken their stand fully on the truth and appear well. He is a tailor. These will stand, we think. Then there are two from Denver who seem well, good substantial people who are convinced but did not put their name to the covenant. They are going to return soon as they have a home near Denver, out five miles. There are several women, some whose appearance is excellent. They are old ladies. Some spoke well in the meeting yesterday. Oh, how few there are to respond to the efforts made in these large, busy cities! I feel badly to have such excellent labor put forth to so little account.",
    "puborder": 8197,
    "translations": []
  },
  {
    "para_id": "14053.4569009",
    "id_prev": "14053.4569008",
    "id_next": "14053.4569010",
    "refcode_1": "3LtMs",
    "refcode_2": "1",
    "refcode_3": "5172",
    "refcode_4": "1882001900",
    "refcode_short": "3LtMs, Lt 19, 1882, par. 3",
    "refcode_long": "Letters and Manuscripts — Volume 3 (1876 - 1882), Lt 19, 1882, par. 3",
    "element_type": "p",
    "element_subtype": "standard-indented",
    "content": "I had freedom in addressing the people. I told them that there was too little trust and faith in God; that those who could labor should do so, most earnestly, to get their friends in to attend these meetings, and they should work as Jesus worked. They should pray in faith that the Lord would impress hearts and give force to the message they hear.",
    "puborder": 8198,
    "translations": []
  },
  {
    "para_id": "14053.4569010",
    "id_prev": "14053.4569009",
    "id_next": "14053.4286001",
    "refcode_1": "3LtMs",
    "refcode_2": "1",
    "refcode_3": "5173",
    "refcode_4": "1882001900",
    "refcode_short": "3LtMs, Lt 19, 1882, par. 4",
    "refcode_long": "Letters and Manuscripts — Volume 3 (1876 - 1882), Lt 19, 1882, par. 4",
    "element_type": "p",
    "element_subtype": "standard-indented",
    "content": "There is too little faith; too much labor put forth without feeling that God alone can give the increase. Oh, my heart is burdened as I see our people, sleepy, stupid, and almost indifferent! We must not depend now on the strength of argument or the knowledge of the truth. We must depend on the strong Arm, mighty to save. There must be the spirit of intercession.",
    "puborder": 8199,
    "translations": []
  }
]