[
  {
    "para_id": "14053.3743001",
    "id_prev": "14053.3701019",
    "id_next": "14053.3743002",
    "refcode_1": "3LtMs",
    "refcode_2": "1",
    "refcode_3": "",
    "refcode_4": "1879001100",
    "refcode_short": "3LtMs, Lt 11, 1879",
    "refcode_long": "Letters and Manuscripts — Volume 3 (1876 - 1882), Lt 11, 1879",
    "element_type": "h4",
    "element_subtype": "",
    "content": "Lt 11, 1879",
    "puborder": 4366,
    "translations": []
  },
  {
    "para_id": "14053.3743002",
    "id_prev": "14053.3743001",
    "id_next": "14053.3743003",
    "refcode_1": "3LtMs",
    "refcode_2": "1",
    "refcode_3": "",
    "refcode_4": "1879001100",
    "refcode_short": "",
    "refcode_long": "",
    "element_type": "p",
    "element_subtype": "ltaddressee",
    "content": "Children",
    "puborder": 4367,
    "translations": []
  },
  {
    "para_id": "14053.3743003",
    "id_prev": "14053.3743002",
    "id_next": "14053.3743004",
    "refcode_1": "3LtMs",
    "refcode_2": "1",
    "refcode_3": "",
    "refcode_4": "1879001100",
    "refcode_short": "",
    "refcode_long": "",
    "element_type": "p",
    "element_subtype": "ltplace",
    "content": "<span class=\"ltplace\" value=\"Denison, Texas\">Denison, Texas</span>",
    "puborder": 4368,
    "translations": []
  },
  {
    "para_id": "14053.3743004",
    "id_prev": "14053.3743003",
    "id_next": "14053.3743005",
    "refcode_1": "3LtMs",
    "refcode_2": "1",
    "refcode_3": "",
    "refcode_4": "1879001100",
    "refcode_short": "",
    "refcode_long": "",
    "element_type": "p",
    "element_subtype": "ltdate",
    "content": "<span class=\"ltdate\" start=\"January 26, 1879\">January 26, 1879</span>",
    "puborder": 4369,
    "translations": []
  },
  {
    "para_id": "14053.3743005",
    "id_prev": "14053.3743004",
    "id_next": "14053.3743006",
    "refcode_1": "3LtMs",
    "refcode_2": "1",
    "refcode_3": "",
    "refcode_4": "1879001100",
    "refcode_short": "",
    "refcode_long": "",
    "element_type": "p",
    "element_subtype": "ltpubinfo",
    "content": "Previously unpublished.",
    "puborder": 4370,
    "translations": []
  },
  {
    "para_id": "14053.3743006",
    "id_prev": "14053.3743005",
    "id_next": "14053.3743007",
    "refcode_1": "3LtMs",
    "refcode_2": "1",
    "refcode_3": "",
    "refcode_4": "1879001100",
    "refcode_short": "",
    "refcode_long": "",
    "element_type": "p",
    "element_subtype": "ltsalutation",
    "content": "Dear Children:",
    "puborder": 4371,
    "translations": []
  },
  {
    "para_id": "14053.3743007",
    "id_prev": "14053.3743006",
    "id_next": "14053.3743008",
    "refcode_1": "3LtMs",
    "refcode_2": "1",
    "refcode_3": "2680",
    "refcode_4": "1879001100",
    "refcode_short": "3LtMs, Lt 11, 1879, par. 1",
    "refcode_long": "Letters and Manuscripts — Volume 3 (1876 - 1882), Lt 11, 1879, par. 1",
    "element_type": "p",
    "element_subtype": "standard-indented",
    "content": "I read Mary&rsquo;s letter this morning. I would say, when you come, bring Father&rsquo;s drudatay [?] pants. He has a thick coat there that came in a box. Bring also the frock coat. It is exactly what he needs in California. He has enough old thick pants here. Bring my brown ribbed dress. It is short dress, thick. Will be of service to me in the mountains. Bring or send what corsets I have that have not been worn out; skirt supporters. I have a loose dress, stone colored. I shall want it in the mountains; also one linen dress or two.",
    "puborder": 4372,
    "translations": []
  },
  {
    "para_id": "14053.3743008",
    "id_prev": "14053.3743007",
    "id_next": "14053.3743009",
    "refcode_1": "3LtMs",
    "refcode_2": "1",
    "refcode_3": "2681",
    "refcode_4": "1879001100",
    "refcode_short": "3LtMs, Lt 11, 1879, par. 2",
    "refcode_long": "Letters and Manuscripts — Volume 3 (1876 - 1882), Lt 11, 1879, par. 2",
    "element_type": "p",
    "element_subtype": "standard-indented",
    "content": "I expected <em>Night Scenes</em> to come from California, but none came. Look in my bureau drawers and in my bookcases at office and find it if you can. We want envelopes, large and small, <em>Review and Herald</em>, pencil heads if you have them, the best kind. I shall prize my portfolio in traveling very much. It will be so convenient a place for everything, and everything in its place.",
    "puborder": 4373,
    "translations": []
  },
  {
    "para_id": "14053.3743009",
    "id_prev": "14053.3743008",
    "id_next": "14053.3743010",
    "refcode_1": "3LtMs",
    "refcode_2": "1",
    "refcode_3": "2682",
    "refcode_4": "1879001100",
    "refcode_short": "3LtMs, Lt 11, 1879, par. 3",
    "refcode_long": "Letters and Manuscripts — Volume 3 (1876 - 1882), Lt 11, 1879, par. 3",
    "element_type": "p",
    "element_subtype": "standard-indented",
    "content": "Edith is in the very best place she can be in. I am glad she is with you in Battle Creek. She would die if she were in Salem. Tell her to be content and trust in her kind heavenly Father. He will shield her.",
    "puborder": 4374,
    "translations": []
  },
  {
    "para_id": "14053.3743010",
    "id_prev": "14053.3743009",
    "id_next": "14053.3743011",
    "refcode_1": "3LtMs",
    "refcode_2": "1",
    "refcode_3": "2683",
    "refcode_4": "1879001100",
    "refcode_short": "3LtMs, Lt 11, 1879, par. 4",
    "refcode_long": "Letters and Manuscripts — Volume 3 (1876 - 1882), Lt 11, 1879, par. 4",
    "element_type": "p",
    "element_subtype": "standard-indented",
    "content": "Bring me yarn to darn stockings, dark blue and white and light blue or gray.",
    "puborder": 4375,
    "translations": []
  },
  {
    "para_id": "14053.3743011",
    "id_prev": "14053.3743010",
    "id_next": "14053.3743012",
    "refcode_1": "3LtMs",
    "refcode_2": "1",
    "refcode_3": "2684",
    "refcode_4": "1879001100",
    "refcode_short": "3LtMs, Lt 11, 1879, par. 5",
    "refcode_long": "Letters and Manuscripts — Volume 3 (1876 - 1882), Lt 11, 1879, par. 5",
    "element_type": "p",
    "element_subtype": "standard-indented",
    "content": "We are now about to start out to go ten miles to Cherry Creek and speak today in two places five miles apart. No believers in either place.",
    "puborder": 4376,
    "translations": []
  },
  {
    "para_id": "14053.3743012",
    "id_prev": "14053.3743011",
    "id_next": "14053.3743013",
    "refcode_1": "3LtMs",
    "refcode_2": "1",
    "refcode_3": "2685",
    "refcode_4": "1879001100",
    "refcode_short": "3LtMs, Lt 11, 1879, par. 6",
    "refcode_long": "Letters and Manuscripts — Volume 3 (1876 - 1882), Lt 11, 1879, par. 6",
    "element_type": "p",
    "element_subtype": "standard-indented",
    "content": "Love to all the household.",
    "puborder": 4377,
    "translations": []
  },
  {
    "para_id": "14053.3743013",
    "id_prev": "14053.3743012",
    "id_next": "14053.3743014",
    "refcode_1": "3LtMs",
    "refcode_2": "1",
    "refcode_3": "",
    "refcode_4": "1879001100",
    "refcode_short": "",
    "refcode_long": "",
    "element_type": "p",
    "element_subtype": "egwsignatureline",
    "content": "Mother.",
    "puborder": 4378,
    "translations": []
  },
  {
    "para_id": "14053.3743014",
    "id_prev": "14053.3743013",
    "id_next": "14053.3474001",
    "refcode_1": "3LtMs",
    "refcode_2": "1",
    "refcode_3": "2686",
    "refcode_4": "1879001100",
    "refcode_short": "3LtMs, Lt 11, 1879, par. 7",
    "refcode_long": "Letters and Manuscripts — Volume 3 (1876 - 1882), Lt 11, 1879, par. 7",
    "element_type": "p",
    "element_subtype": "standard-indented",
    "content": "There is a little roll of cloth like this sample. If you find it, send it by mail or bring it. If you can get a new piece of the same, do so.",
    "puborder": 4379,
    "translations": []
  }
]