[
  {
    "para_id": "14073.8570001",
    "id_prev": "14073.10313018",
    "id_next": "14073.8570004",
    "refcode_1": "23LtMs",
    "refcode_2": "1",
    "refcode_3": "",
    "refcode_4": "1908015200",
    "refcode_short": "23LtMs, Lt 152, 1908",
    "refcode_long": "Letters and Manuscripts — Volume 23 (1908), Lt 152, 1908",
    "element_type": "h4",
    "element_subtype": "",
    "content": "Lt 152, 1908",
    "puborder": 1303,
    "translations": []
  },
  {
    "para_id": "14073.8570004",
    "id_prev": "14073.8570001",
    "id_next": "14073.8570002",
    "refcode_1": "23LtMs",
    "refcode_2": "1",
    "refcode_3": "",
    "refcode_4": "1908015200",
    "refcode_short": "",
    "refcode_long": "",
    "element_type": "p",
    "element_subtype": "ltaddressee",
    "content": "Hall, L. M.",
    "puborder": 1304,
    "translations": []
  },
  {
    "para_id": "14073.8570002",
    "id_prev": "14073.8570004",
    "id_next": "14073.8570003",
    "refcode_1": "23LtMs",
    "refcode_2": "1",
    "refcode_3": "",
    "refcode_4": "1908015200",
    "refcode_short": "",
    "refcode_long": "",
    "element_type": "p",
    "element_subtype": "ltplace",
    "content": "<span class=\"ltplace\" value=\"St. Helena, California\">St. Helena, California</span>",
    "puborder": 1305,
    "translations": []
  },
  {
    "para_id": "14073.8570003",
    "id_prev": "14073.8570002",
    "id_next": "14073.8570005",
    "refcode_1": "23LtMs",
    "refcode_2": "1",
    "refcode_3": "",
    "refcode_4": "1908015200",
    "refcode_short": "",
    "refcode_long": "",
    "element_type": "p",
    "element_subtype": "ltdate",
    "content": "<span class=\"ltdate\" start=\"May 12, 1908\">May 12, 1908</span>",
    "puborder": 1306,
    "translations": []
  },
  {
    "para_id": "14073.8570005",
    "id_prev": "14073.8570003",
    "id_next": "14073.8570016",
    "refcode_1": "23LtMs",
    "refcode_2": "1",
    "refcode_3": "",
    "refcode_4": "1908015200",
    "refcode_short": "",
    "refcode_long": "",
    "element_type": "p",
    "element_subtype": "ltpubinfo",
    "content": "Portions of this letter are published in <span class=\"egwlink egwlink_book\" title=\"12MR 262\" data-link=\"70.1205\">12MR 262</span>.",
    "puborder": 1307,
    "translations": []
  },
  {
    "para_id": "14073.8570016",
    "id_prev": "14073.8570005",
    "id_next": "14073.8570006",
    "refcode_1": "23LtMs",
    "refcode_2": "1",
    "refcode_3": "",
    "refcode_4": "1908015200",
    "refcode_short": "",
    "refcode_long": "",
    "element_type": "p",
    "element_subtype": "ltaddress",
    "content": "Mrs. L. M. Hall<br />\nBarbour Street<br />\nBattle Creek, Michigan",
    "puborder": 1308,
    "translations": []
  },
  {
    "para_id": "14073.8570006",
    "id_prev": "14073.8570016",
    "id_next": "14073.8570007",
    "refcode_1": "23LtMs",
    "refcode_2": "1",
    "refcode_3": "",
    "refcode_4": "1908015200",
    "refcode_short": "",
    "refcode_long": "",
    "element_type": "p",
    "element_subtype": "ltsalutation",
    "content": "Dear Sister:",
    "puborder": 1309,
    "translations": []
  },
  {
    "para_id": "14073.8570007",
    "id_prev": "14073.8570006",
    "id_next": "14073.8570008",
    "refcode_1": "23LtMs",
    "refcode_2": "1",
    "refcode_3": "784",
    "refcode_4": "1908015200",
    "refcode_short": "23LtMs, Lt 152, 1908, par. 1",
    "refcode_long": "Letters and Manuscripts — Volume 23 (1908), Lt 152, 1908, par. 1",
    "element_type": "p",
    "element_subtype": "standard-indented",
    "content": "I wish I could see you. How long do you think you will remain in Battle Creek?",
    "puborder": 1310,
    "translations": []
  },
  {
    "para_id": "14073.8570008",
    "id_prev": "14073.8570007",
    "id_next": "14073.8570009",
    "refcode_1": "23LtMs",
    "refcode_2": "1",
    "refcode_3": "785",
    "refcode_4": "1908015200",
    "refcode_short": "23LtMs, Lt 152, 1908, par. 2",
    "refcode_long": "Letters and Manuscripts — Volume 23 (1908), Lt 152, 1908, par. 2",
    "element_type": "p",
    "element_subtype": "standard-indented",
    "content": "I have recently made a journey to Lake County, and I stood it much better than I expected. I will enclose with this an account of our trip. If it were possible I would like to secure a little place where I can go at times from the pressure of the work here. Especially would I enjoy such a place in the hot season of the year. I was much pleased with the scenery on the way to Lakeport.",
    "puborder": 1311,
    "translations": []
  },
  {
    "para_id": "14073.8570009",
    "id_prev": "14073.8570008",
    "id_next": "14073.8570010",
    "refcode_1": "23LtMs",
    "refcode_2": "1",
    "refcode_3": "786",
    "refcode_4": "1908015200",
    "refcode_short": "23LtMs, Lt 152, 1908, par. 3",
    "refcode_long": "Letters and Manuscripts — Volume 23 (1908), Lt 152, 1908, par. 3",
    "element_type": "p",
    "element_subtype": "standard-indented",
    "content": "On our return journey we spent a few hours at the home of Brother Workman who has rented a fruit farm in a valley among the mountains ten miles back from Kellogg. Mr. Workman has been sick, but in this place among the mountains he can support himself.",
    "puborder": 1312,
    "translations": []
  },
  {
    "para_id": "14073.8570010",
    "id_prev": "14073.8570009",
    "id_next": "14073.8570011",
    "refcode_1": "23LtMs",
    "refcode_2": "1",
    "refcode_3": "787",
    "refcode_4": "1908015200",
    "refcode_short": "23LtMs, Lt 152, 1908, par. 4",
    "refcode_long": "Letters and Manuscripts — Volume 23 (1908), Lt 152, 1908, par. 4",
    "element_type": "p",
    "element_subtype": "standard-indented",
    "content": "The eldest son of this Brother Workman is Mabel&rsquo;s husband. They are still in Washington, working their way through school. Mabel cannot apply herself to study so closely as her husband; her eyes will not permit it.",
    "puborder": 1313,
    "translations": []
  },
  {
    "para_id": "14073.8570011",
    "id_prev": "14073.8570010",
    "id_next": "14073.8570012",
    "refcode_1": "23LtMs",
    "refcode_2": "1",
    "refcode_3": "788",
    "refcode_4": "1908015200",
    "refcode_short": "23LtMs, Lt 152, 1908, par. 5",
    "refcode_long": "Letters and Manuscripts — Volume 23 (1908), Lt 152, 1908, par. 5",
    "element_type": "p",
    "element_subtype": "standard-indented",
    "content": "We have just returned from attending the camp-meeting at Lodi. The meeting was a very harmonious one, and for this we thank the Lord. Sister Haskell, Sister Bainbridge, Dr. Maria L. Edwards, and Dr. Lillis Wood-Starr gave instruction in health and temperance lines, and some members of the Women&rsquo;s Christian Temperance Union worked with them. From beginning to close a genuine work went forward. This is the first camp-meeting that has been held in Lodi, and the impression made upon the community was good.",
    "puborder": 1314,
    "translations": []
  },
  {
    "para_id": "14073.8570012",
    "id_prev": "14073.8570011",
    "id_next": "14073.8570013",
    "refcode_1": "23LtMs",
    "refcode_2": "1",
    "refcode_3": "789",
    "refcode_4": "1908015200",
    "refcode_short": "23LtMs, Lt 152, 1908, par. 6",
    "refcode_long": "Letters and Manuscripts — Volume 23 (1908), Lt 152, 1908, par. 6",
    "element_type": "p",
    "element_subtype": "standard-indented",
    "content": "Elder Haskell and his wife carried their responsibilities wisely. Elder Haskell could speak positively in regard to the testimonies of the Spirit of Prophecy and of the work that God had accomplished through them. It was pleasing to see the spirit of liberality that existed and the willingness to help in many lines of work. We hope that a true report of the work done here will be given in our papers. Many books were sold, and this will mean that light will shine to believers and unbelievers.",
    "puborder": 1315,
    "translations": []
  },
  {
    "para_id": "14073.8570013",
    "id_prev": "14073.8570012",
    "id_next": "14073.8570014",
    "refcode_1": "23LtMs",
    "refcode_2": "1",
    "refcode_3": "790",
    "refcode_4": "1908015200",
    "refcode_short": "23LtMs, Lt 152, 1908, par. 7",
    "refcode_long": "Letters and Manuscripts — Volume 23 (1908), Lt 152, 1908, par. 7",
    "element_type": "p",
    "element_subtype": "standard-indented",
    "content": "One day during the meeting, Brother Hansen, a member of the Lodi church, took me to ride through the orchards and vineyards that lie around the town of Lodi. Sara and Minnie Hawkins accompanied me. He had a carriage similar to our large carriage, with easy cushioned seats. We rode for fifteen miles upon a perfect road. The country is very level. We enjoyed this very much, but it was my last ride in that place.",
    "puborder": 1316,
    "translations": []
  },
  {
    "para_id": "14073.8570014",
    "id_prev": "14073.8570013",
    "id_next": "14073.8570015",
    "refcode_1": "23LtMs",
    "refcode_2": "1",
    "refcode_3": "791",
    "refcode_4": "1908015200",
    "refcode_short": "23LtMs, Lt 152, 1908, par. 8",
    "refcode_long": "Letters and Manuscripts — Volume 23 (1908), Lt 152, 1908, par. 8",
    "element_type": "p",
    "element_subtype": "standard-indented",
    "content": "I have a request to make of you. Could you not have some of the children at the Home gather clover blossoms for me? I will pay them for doing this. I understand that at the Orphans&rsquo; Home there are fields of clover.",
    "puborder": 1317,
    "translations": []
  },
  {
    "para_id": "14073.8570015",
    "id_prev": "14073.8570014",
    "id_next": "14073.10671001",
    "refcode_1": "23LtMs",
    "refcode_2": "1",
    "refcode_3": "792",
    "refcode_4": "1908015200",
    "refcode_short": "23LtMs, Lt 152, 1908, par. 9",
    "refcode_long": "Letters and Manuscripts — Volume 23 (1908), Lt 152, 1908, par. 9",
    "element_type": "p",
    "element_subtype": "standard-indented",
    "content": "With love.",
    "puborder": 1318,
    "translations": []
  }
]