[
  {
    "para_id": "515.547",
    "id_prev": "515.3344",
    "id_next": "515.548",
    "refcode_1": "PC",
    "refcode_2": "66",
    "refcode_3": "",
    "refcode_4": "",
    "refcode_short": "PC 66",
    "refcode_long": "The Paulson Collection of Ellen G. White Letters, p. 66 (Ellen Gould White)",
    "element_type": "h4",
    "element_subtype": "",
    "content": "Hold Fast the Beginning of Your Confidence",
    "puborder": 517,
    "translations": []
  },
  {
    "para_id": "515.548",
    "id_prev": "515.547",
    "id_next": "515.549",
    "refcode_1": "PC",
    "refcode_2": "66",
    "refcode_3": "1",
    "refcode_4": "",
    "refcode_short": "PC 66.1",
    "refcode_long": "The Paulson Collection of Ellen G. White Letters, p. 66.1 (Ellen Gould White)",
    "element_type": "p",
    "element_subtype": "standard-indented",
    "content": "For many months I have been troubled as I have seen that some of our brethren whom God has used in His cause are now perplexed over the scientific theology which has come in to lead men away from a true faith in God. Sabbath night, a week ago, after I had been prayerfully studying over these things, I had a vision, in which I was speaking before a large company where many questions were asked concerning my work and writings.",
    "puborder": 518,
    "translations": []
  },
  {
    "para_id": "515.549",
    "id_prev": "515.548",
    "id_next": "515.550",
    "refcode_1": "PC",
    "refcode_2": "66",
    "refcode_3": "2",
    "refcode_4": "",
    "refcode_short": "PC 66.2",
    "refcode_long": "The Paulson Collection of Ellen G. White Letters, p. 66.2 (Ellen Gould White)",
    "element_type": "p",
    "element_subtype": "standard-indented",
    "content": "I was directed by a messenger from heaven not to take the burden of picking up and answering all the sayings and doubts that are being put into many minds. &ldquo;Stand as the messenger of God anywhere in any place,&rdquo; I was bidden, &ldquo;and bear the testimony I shall give you. Be free. Bear the testimonies that the Lord has for you to bear in reproof, in rebuke, in the work of encouraging and lifting up the soul; &lsquo;teaching them to observe all things whatsoever I have commanded you: and lo, I am with you always, even unto the end of the world.&rsquo;&rdquo;",
    "puborder": 519,
    "translations": []
  },
  {
    "para_id": "515.550",
    "id_prev": "515.549",
    "id_next": "515.551",
    "refcode_1": "PC",
    "refcode_2": "66",
    "refcode_3": "3",
    "refcode_4": "",
    "refcode_short": "PC 66.3",
    "refcode_long": "The Paulson Collection of Ellen G. White Letters, p. 66.3 (Ellen Gould White)",
    "element_type": "p",
    "element_subtype": "standard-indented",
    "content": "After the vision I prayed aloud with great fervor and earnestness. My soul was strengthened; for the words had been spoken: &ldquo;Be strong, yea, be strong. Let none of the misleading words of ministers or physicians distress your mind. Tell them to take the light given them in publications. Truth will always bear away the victory. Go straight forward with your work.",
    "puborder": 520,
    "translations": []
  },
  {
    "para_id": "515.551",
    "id_prev": "515.550",
    "id_next": "515.552",
    "refcode_1": "PC",
    "refcode_2": "66",
    "refcode_3": "4",
    "refcode_4": "",
    "refcode_short": "PC 66.4",
    "refcode_long": "The Paulson Collection of Ellen G. White Letters, p. 66.4 (Ellen Gould White)",
    "element_type": "p",
    "element_subtype": "standard-indented",
    "content": "&ldquo;If the Holy Spirit is rejected, all My words will not help to remove, even for the time being, the false representations that have been made, and Satan stands ready to invent more. If the evidence already given is rejected, all other evidence will be useless until there is seen the converting power of God upon minds. If the convincing impressions of the Holy Spirit made in the past will not be accepted as trustworthy evidence, nothing that can be presented hereafter will reach them, because the bewitching guile of Satan has perverted their discernment.&rdquo;",
    "puborder": 521,
    "translations": []
  },
  {
    "para_id": "515.552",
    "id_prev": "515.551",
    "id_next": "515.553",
    "refcode_1": "PC",
    "refcode_2": "66",
    "refcode_3": "5",
    "refcode_4": "",
    "refcode_short": "PC 66.5",
    "refcode_long": "The Paulson Collection of Ellen G. White Letters, p. 66.5 (Ellen Gould White)",
    "element_type": "p",
    "element_subtype": "standard-indented",
    "content": "To those who have been convinced again and again as the Holy Spirit has borne witness, all the words that can now be said can not be as forcible as the impression made by the Holy Spirit of God.",
    "puborder": 522,
    "translations": []
  },
  {
    "para_id": "515.553",
    "id_prev": "515.552",
    "id_next": "515.554",
    "refcode_1": "PC",
    "refcode_2": "66",
    "refcode_3": "6",
    "refcode_4": "",
    "refcode_short": "PC 66.6",
    "refcode_long": "The Paulson Collection of Ellen G. White Letters, p. 66.6 (Ellen Gould White)",
    "element_type": "p",
    "element_subtype": "standard-indented",
    "content": "To my brethren, I say, Go forward. Be of good courage. Whenever the Spirit of God is entertained in the place of the underworking of evil influences on mind and heart, those who have been working against God will come to their right bearings. A great work is to be done now in convicting souls. The message must in no case be changed from what it has been. As has been foretold in the Scriptures, there will be seducing spirits and doctrines of devils in the midst of the church, and these evil influences will increase; but hold fast the beginning of your confidence firm unto the end.",
    "puborder": 523,
    "translations": []
  },
  {
    "para_id": "515.554",
    "id_prev": "515.553",
    "id_next": "515.557",
    "refcode_1": "PC",
    "refcode_2": "66",
    "refcode_3": "7",
    "refcode_4": "",
    "refcode_short": "PC 66.7",
    "refcode_long": "The Paulson Collection of Ellen G. White Letters, p. 66.7 (Ellen Gould White)",
    "element_type": "p",
    "element_subtype": "standard-indented",
    "content": "Let not souls be drawn into Battle Creek. Warnings are to be given. A message similar to that borne by John the Baptist is to be heard. But beware of men; for they will seek to divert the mind from the necessity of heeding the true issues for this time. Carry <span class=\"page-break\" data-page=\"67\"></span> on the work now for those who need the truth and who have not resisted the evidences of the truth for fallacies and scientific imaginations.",
    "puborder": 524,
    "translations": []
  },
  {
    "para_id": "515.557",
    "id_prev": "515.554",
    "id_next": "515.558",
    "refcode_1": "PC",
    "refcode_2": "67",
    "refcode_3": "1",
    "refcode_4": "",
    "refcode_short": "PC 67.1",
    "refcode_long": "The Paulson Collection of Ellen G. White Letters, p. 67.1 (Ellen Gould White)",
    "element_type": "p",
    "element_subtype": "standard-indented",
    "content": "The time is at hand when Satan will work miracles to confirm minds in the belief that he is God. All the people of God are now to stand on the platform of truth as it has been given in the Third Angel&apos;s Message. All the pleasant pictures, all the miracles wrought, will be presented in order that if possible the very elect should be deceived. The only hope for any one is to hold fast the evidences that have confirmed the truth in righteousness. Let these be proclaimed over and over again, until the close of this earth&apos;s history.",
    "puborder": 525,
    "translations": []
  },
  {
    "para_id": "515.558",
    "id_prev": "515.557",
    "id_next": "515.559",
    "refcode_1": "PC",
    "refcode_2": "67",
    "refcode_3": "2",
    "refcode_4": "",
    "refcode_short": "PC 67.2",
    "refcode_long": "The Paulson Collection of Ellen G. White Letters, p. 67.2 (Ellen Gould White)",
    "element_type": "p",
    "element_subtype": "standard-indented",
    "content": "The perils of the last days are upon us. Devote not precious time in trying to convince those who would change the truth of God into a lie. Proclaim the Third Angel&apos;s message. Bear a straight-forward, clear-cut message.",
    "puborder": 526,
    "translations": []
  },
  {
    "para_id": "515.559",
    "id_prev": "515.558",
    "id_next": "515.560",
    "refcode_1": "PC",
    "refcode_2": "67",
    "refcode_3": "3",
    "refcode_4": "",
    "refcode_short": "PC 67.3",
    "refcode_long": "The Paulson Collection of Ellen G. White Letters, p. 67.3 (Ellen Gould White)",
    "element_type": "p",
    "element_subtype": "standard-indented",
    "content": "Thus I was speaking before a perplexed company just before I called them to take their stand on the right side. If some chose another position, let them alone. Labor for those who have never had the evidence of truth. So long as men hold fast to men, and believe men in the place of the word of God, you can do little to help them. You are working against principalities and powers, as is represented in <span class=\"egwlink egwlink_bible\" title=\"Ephesians 6:12\" data-link=\"1965.59853\">Ephesians 6:12</span>.",
    "puborder": 527,
    "translations": []
  },
  {
    "para_id": "515.560",
    "id_prev": "515.559",
    "id_next": "515.561",
    "refcode_1": "PC",
    "refcode_2": "67",
    "refcode_3": "4",
    "refcode_4": "",
    "refcode_short": "PC 67.4",
    "refcode_long": "The Paulson Collection of Ellen G. White Letters, p. 67.4 (Ellen Gould White)",
    "element_type": "p",
    "element_subtype": "standard-indented",
    "content": "We are to revive the truth; to stand in the truth. Whoever is determined to depart from the faith can not be helped by you. All your reasoning will be as idle tales.",
    "puborder": 528,
    "translations": []
  },
  {
    "para_id": "515.561",
    "id_prev": "515.560",
    "id_next": "515.562",
    "refcode_1": "PC",
    "refcode_2": "67",
    "refcode_3": "5",
    "refcode_4": "",
    "refcode_short": "PC 67.5",
    "refcode_long": "The Paulson Collection of Ellen G. White Letters, p. 67.5 (Ellen Gould White)",
    "element_type": "p",
    "element_subtype": "standard-indented",
    "content": "Take the banner of truth and hold it aloft, higher and still higher. The Lord calls for faithful minute men. Go into the cities that need the message of a soon-coming Saviour. Thousands of unbelievers in our cities need to hear the last message of warning.",
    "puborder": 529,
    "translations": []
  },
  {
    "para_id": "515.562",
    "id_prev": "515.561",
    "id_next": "515.563",
    "refcode_1": "PC",
    "refcode_2": "67",
    "refcode_3": "6",
    "refcode_4": "",
    "refcode_short": "PC 67.6",
    "refcode_long": "The Paulson Collection of Ellen G. White Letters, p. 67.6 (Ellen Gould White)",
    "element_type": "p",
    "element_subtype": "standard-indented",
    "content": "It is Satan&apos;s plan to produce these variances, to keep our minds on dissensions and unprofitable problems until the last woe shall come upon the world. Time is too precious to be lost through confusion. Proclaim to the world that Christ is soon coming.",
    "puborder": 530,
    "translations": []
  },
  {
    "para_id": "515.563",
    "id_prev": "515.562",
    "id_next": "515.564",
    "refcode_1": "PC",
    "refcode_2": "67",
    "refcode_3": "7",
    "refcode_4": "",
    "refcode_short": "PC 67.7",
    "refcode_long": "The Paulson Collection of Ellen G. White Letters, p. 67.7 (Ellen Gould White)",
    "element_type": "p",
    "element_subtype": "standard-indented",
    "content": "Gather not at Battle Creek; spoil not the minds of youth, physicians and ministers. Set at work in the cause of God every soul who has heeded the words of warning given.",
    "puborder": 531,
    "translations": []
  },
  {
    "para_id": "515.564",
    "id_prev": "515.563",
    "id_next": "515.565",
    "refcode_1": "PC",
    "refcode_2": "67",
    "refcode_3": "8",
    "refcode_4": "",
    "refcode_short": "PC 67.8",
    "refcode_long": "The Paulson Collection of Ellen G. White Letters, p. 67.8 (Ellen Gould White)",
    "element_type": "p",
    "element_subtype": "standard-indented",
    "content": "I have been instructed that it is not extravagant display which is now required in giving the last message of mercy to our world. We must go forth in the simplicity of true godliness. Our sanitariums, our schools, our publishing houses, are to be God&apos;s instrumentalities to represent the humble manner of Christ&apos;s teaching. In a marked manner the Lord will be the strength and power of His people. Maintain simplicity; and pray in faith constantly. Wherever you are, your only safety is in prayer. Hold fast the beginning of your confidence firm unto the end.",
    "puborder": 532,
    "translations": []
  },
  {
    "para_id": "515.565",
    "id_prev": "515.564",
    "id_next": "515.566",
    "refcode_1": "PC",
    "refcode_2": "67",
    "refcode_3": "9",
    "refcode_4": "",
    "refcode_short": "PC 67.9",
    "refcode_long": "The Paulson Collection of Ellen G. White Letters, p. 67.9 (Ellen Gould White)",
    "element_type": "p",
    "element_subtype": "standard-indented",
    "content": "Beware of the leaven of evil. Talk less; criticise less. Let every one remember that he is now on test and trial for life, eternal life.",
    "puborder": 533,
    "translations": []
  },
  {
    "para_id": "515.566",
    "id_prev": "515.565",
    "id_next": "515.569",
    "refcode_1": "PC",
    "refcode_2": "67",
    "refcode_3": "10",
    "refcode_4": "",
    "refcode_short": "PC 67.10",
    "refcode_long": "The Paulson Collection of Ellen G. White Letters, p. 67.10 (Ellen Gould White)",
    "element_type": "p",
    "element_subtype": "standard-indented",
    "content": "God now calls for all who choose to serve Him, to stand firmly on <span class=\"page-break\" data-page=\"68\"></span> the platform of eternal truth. Let those who have brought about the present state of confusion by making the division that exists, stop to consider seriously before going any farther. &ldquo;Choose you this day whom ye will serve.&rdquo; &ldquo;If the Lord be God, follow Him; but if Baal, then follow Him.&rdquo;",
    "puborder": 534,
    "translations": []
  },
  {
    "para_id": "515.569",
    "id_prev": "515.566",
    "id_next": "515.570",
    "refcode_1": "PC",
    "refcode_2": "68",
    "refcode_3": "",
    "refcode_4": "",
    "refcode_short": "",
    "refcode_long": "",
    "element_type": "p",
    "element_subtype": "right",
    "content": "(Signed)",
    "puborder": 535,
    "translations": []
  },
  {
    "para_id": "515.570",
    "id_prev": "515.569",
    "id_next": "515.571",
    "refcode_1": "PC",
    "refcode_2": "68",
    "refcode_3": "",
    "refcode_4": "",
    "refcode_short": "",
    "refcode_long": "",
    "element_type": "p",
    "element_subtype": "egwsignatureline",
    "content": "Ellen G. White",
    "puborder": 536,
    "translations": []
  },
  {
    "para_id": "515.571",
    "id_prev": "515.570",
    "id_next": "515.3529",
    "refcode_1": "PC",
    "refcode_2": "68",
    "refcode_3": "",
    "refcode_4": "",
    "refcode_short": "",
    "refcode_long": "",
    "element_type": "p",
    "element_subtype": "right",
    "content": "(From Doctor Paulson&apos;s Collection)",
    "puborder": 537,
    "translations": []
  }
]