[
  {
    "para_id": "515.454",
    "id_prev": "515.453",
    "id_next": "515.3337",
    "refcode_1": "PC",
    "refcode_2": "52",
    "refcode_3": "",
    "refcode_4": "42",
    "refcode_short": "PC 52",
    "refcode_long": "The Paulson Collection of Ellen G. White Letters, p. 52 (Ellen Gould White)",
    "element_type": "h3",
    "element_subtype": "",
    "content": "MS 15",
    "puborder": 438,
    "translations": []
  },
  {
    "para_id": "515.3337",
    "id_prev": "515.454",
    "id_next": "515.3338",
    "refcode_1": "PC",
    "refcode_2": "52",
    "refcode_3": "",
    "refcode_4": "",
    "refcode_short": "",
    "refcode_long": "",
    "element_type": "p",
    "element_subtype": "date",
    "content": "1886",
    "puborder": 439,
    "translations": []
  },
  {
    "para_id": "515.3338",
    "id_prev": "515.3337",
    "id_next": "515.455",
    "refcode_1": "PC",
    "refcode_2": "52",
    "refcode_3": "",
    "refcode_4": "",
    "refcode_short": "",
    "refcode_long": "",
    "element_type": "p",
    "element_subtype": "place",
    "content": "Basle, Switzerland",
    "puborder": 440,
    "translations": []
  },
  {
    "para_id": "515.455",
    "id_prev": "515.3338",
    "id_next": "515.456",
    "refcode_1": "PC",
    "refcode_2": "52",
    "refcode_3": "4",
    "refcode_4": "",
    "refcode_short": "PC 52.4",
    "refcode_long": "The Paulson Collection of Ellen G. White Letters, p. 52.4 (Ellen Gould White)",
    "element_type": "p",
    "element_subtype": "standard-indented",
    "content": "I have been shown that in times past men have made grievous mistakes. Some who have stood in positions of sacred trust have sullied their integrity. They have not, in their individual responsibility, stood in moral power before God. Those who were not worthy have been flattered while those who have stood fast for truth and for righteousness, because their ideas did not agree with those of their brethren have been denounced, discredited, and misjudged. Evil has been imagined against them.",
    "puborder": 441,
    "translations": []
  },
  {
    "para_id": "515.456",
    "id_prev": "515.455",
    "id_next": "515.457",
    "refcode_1": "PC",
    "refcode_2": "52",
    "refcode_3": "5",
    "refcode_4": "",
    "refcode_short": "PC 52.5",
    "refcode_long": "The Paulson Collection of Ellen G. White Letters, p. 52.5 (Ellen Gould White)",
    "element_type": "p",
    "element_subtype": "standard-indented",
    "content": "Greatness without goodness, is valueless. It is as a tinkling symbol. The man who does not gather about him the rays of light that God has let shine upon his pathway will surely surround himself with the shadows of darkness. God designs that his people shall press closer and still closer to the light. Then they will go forward and upward.",
    "puborder": 442,
    "translations": []
  },
  {
    "para_id": "515.457",
    "id_prev": "515.456",
    "id_next": "515.460",
    "refcode_1": "PC",
    "refcode_2": "52",
    "refcode_3": "6",
    "refcode_4": "",
    "refcode_short": "PC 52.6",
    "refcode_long": "The Paulson Collection of Ellen G. White Letters, p. 52.6 (Ellen Gould White)",
    "element_type": "p",
    "element_subtype": "standard-indented",
    "content": "&ldquo;Light is sown for the righteous, and truth for the upright in heart.&rdquo; There is altogether too little searching, with painstaking effort, for the truth, as for hidden treasure. With hearts softened and subdued by the grace of God, the conscience quickened by habitual prayer and searching of the Scriptures, the whole soul may become familiar with heavenly truth. Such will stand firmly for the right because it is right. Pure and undefiled religion will be interwoven <span class=\"page-break\" data-page=\"53\"></span> with the life-practice. They will honor God, and God will honor them.",
    "puborder": 443,
    "translations": []
  },
  {
    "para_id": "515.460",
    "id_prev": "515.457",
    "id_next": "515.461",
    "refcode_1": "PC",
    "refcode_2": "53",
    "refcode_3": "1",
    "refcode_4": "",
    "refcode_short": "PC 53.1",
    "refcode_long": "The Paulson Collection of Ellen G. White Letters, p. 53.1 (Ellen Gould White)",
    "element_type": "p",
    "element_subtype": "standard-indented",
    "content": "I have been shown that there is a fault with us. We honor and flatter human beings, accepting their ideas and their judgment as the voice of God. We advocate their cause. But they are not always safe to follow. Their judgment is erring.",
    "puborder": 444,
    "translations": []
  },
  {
    "para_id": "515.461",
    "id_prev": "515.460",
    "id_next": "515.462",
    "refcode_1": "PC",
    "refcode_2": "53",
    "refcode_3": "2",
    "refcode_4": "",
    "refcode_short": "PC 53.2",
    "refcode_long": "The Paulson Collection of Ellen G. White Letters, p. 53.2 (Ellen Gould White)",
    "element_type": "p",
    "element_subtype": "standard-indented",
    "content": "God would have us ever refuse to plead against the truth. His frown is upon all that is false and unfair. This should be the position of every one who stands to minister in the service of their Master. For if one to whom God has entrusted holy responsibilities allows envy, evil surmising, prejudice, and jealousies to find place in the heart, he is guilty of breaking the law of God. And his words, his ideas, and his errors will extend just as far as his sphere of influence extends. God says to every man to whom He entrusts responsibilities, &ldquo;Put not your trust in man, neither make flesh your arm.&rdquo; Look to God. Trust in his infallible wisdom. Regard as a sin, the practice so common, even among Seventh-day Adventists, of becoming the echo of any man, however lofty his position. Listen to the voice of the great Shepherd, and you will never be led astray. Search the Scriptures for yourself, and be braced for duty and for trial by the truth of God&apos;s word. Let no friendship, no influence, no entreaty let not the smiles, the confidence, or the rewards of any man, induce you to swerve from the path in which the Lord would lead you. Let Christlike integrity and consistency control the actions of your life. The man who sits most at the feet of Jesus, and is taught by the Saviour&apos;s spirit, will be ready to cry out, &ldquo;I am weak and unworthy, But Christ is my strength and my righteousness.&rdquo;",
    "puborder": 445,
    "translations": []
  },
  {
    "para_id": "515.462",
    "id_prev": "515.461",
    "id_next": "515.463",
    "refcode_1": "PC",
    "refcode_2": "53",
    "refcode_3": "3",
    "refcode_4": "",
    "refcode_short": "PC 53.3",
    "refcode_long": "The Paulson Collection of Ellen G. White Letters, p. 53.3 (Ellen Gould White)",
    "element_type": "p",
    "element_subtype": "standard-indented",
    "content": "Godliness, sobriety, and consistency will characterized the life and example of every true Christian. The work which Christ is doing in the sanctuary above will engage the thoughts, and be the burden of the conversation, because by faith he has entered into the sanctuary. He is on earth, but his sympathies are in harmony with the work that Christ is doing in heaven. Christ is cleansing the heavenly sanctuary from the sins of the people, and it is the work of all who are laborers together with God to be cleansing the sanctuary of the soul from everything that is offensive to him. Everything like evil surmising, envy, jealousy, enmity, and hatred, will be put away; for such things grieve the Holy Spirit of God, and put Christ to an open shame. Love of self will not exist, nor will any engage in this work be puffed up. The example of Christ&apos;s life, the consistency of His character, will make his influence far-reaching. He will be a living epistle, known and read of all men.",
    "puborder": 446,
    "translations": []
  },
  {
    "para_id": "515.463",
    "id_prev": "515.462",
    "id_next": "515.465",
    "refcode_1": "PC",
    "refcode_2": "53",
    "refcode_3": "4",
    "refcode_4": "",
    "refcode_short": "PC 53.4",
    "refcode_long": "The Paulson Collection of Ellen G. White Letters, p. 53.4 (Ellen Gould White)",
    "element_type": "p",
    "element_subtype": "standard-indented",
    "content": "&ldquo;Finally, be ye all of one mind, having compassion one of another, love as brethren, be pitiful, be courteous: not rendering evil for evil, or railing for railing, but contrariwise, blessing; knowing that ye are thereunto called, that ye should inherit a blessing. For he that will love life, and see good days, let him refrain his tongue from evil, and his lips that they speak no guile; let him eschew evil, and do good; let him seek peace, and ensue it. For the eyes of the Lord are over the righteous, and his ears are open unto their prayer but the face of the Lord is against them that do evil.&rdquo; (<span class=\"egwlink egwlink_bible\" title=\"1 Peter 3:8\" data-link=\"1965.62081\">1 Peter 3:8-12</span>)",
    "puborder": 447,
    "translations": []
  },
  {
    "para_id": "515.465",
    "id_prev": "515.463",
    "id_next": "515.466",
    "refcode_1": "PC",
    "refcode_2": "54",
    "refcode_3": "1",
    "refcode_4": "",
    "refcode_short": "PC 54.1",
    "refcode_long": "The Paulson Collection of Ellen G. White Letters, p. 54.1 (Ellen Gould White)",
    "element_type": "p",
    "element_subtype": "standard-indented",
    "content": "It is not safe for us to open our minds and hearts to envy and evil speaking. The fruits of God&apos;s Spirit are plainly specified, so that we need not entertain or cherish those attributes that proceed from the enemy of God and man. The false tongue beguiles the unwary, and makes an easy conquest of those who are not strengthened, stablished, and settled, having root in themselves. The atonement of Christ is to be the anchor of our hope, and the word of God a lamp to our feet, and a light to our path. Then our words will not be of self, but of Christ and of the all-essential work for this time.",
    "puborder": 448,
    "translations": []
  },
  {
    "para_id": "515.466",
    "id_prev": "515.465",
    "id_next": "515.467",
    "refcode_1": "PC",
    "refcode_2": "54",
    "refcode_3": "2",
    "refcode_4": "",
    "refcode_short": "PC 54.2",
    "refcode_long": "The Paulson Collection of Ellen G. White Letters, p. 54.2 (Ellen Gould White)",
    "element_type": "p",
    "element_subtype": "standard-indented",
    "content": "With many there is but a very limited perusal of the Holy Scriptures. The truth is not dwelt upon, and the result is that it is not made the theme of conversation. It is made evident that Christ is not abiding in the heart. Our tongues should speak more of the matchless love of Jesus.",
    "puborder": 449,
    "translations": []
  },
  {
    "para_id": "515.467",
    "id_prev": "515.466",
    "id_next": "515.468",
    "refcode_1": "PC",
    "refcode_2": "54",
    "refcode_3": "3",
    "refcode_4": "",
    "refcode_short": "PC 54.3",
    "refcode_long": "The Paulson Collection of Ellen G. White Letters, p. 54.3 (Ellen Gould White)",
    "element_type": "p",
    "element_subtype": "standard-indented",
    "content": "&ldquo;If some of the branches were broken off, and thou, being a wild olive tree, wert grafted in among them, and with them partakest of the root and fatness of the olive tree; boast not thyself against the branches. But if thou boast, thou bearest not the root, but the root thee. Thou wilt say then, The branches were broken off, that I might be grafted in. Well; because of unbelief they were broken off, and thou standest by faith. Be not highminded, but fear: for if God spared not the natural branches, take heed lest he also spare not thee. Behold therefore the goodness and severity of God; on them which fell, severity; but toward thee, goodness: otherwise thou shalt also be cut off.&rdquo; (<span class=\"egwlink egwlink_bible\" title=\"Romans 11:17\" data-link=\"1965.57557\">Romans 11:17-22</span>)",
    "puborder": 450,
    "translations": []
  },
  {
    "para_id": "515.468",
    "id_prev": "515.467",
    "id_next": "515.469",
    "refcode_1": "PC",
    "refcode_2": "54",
    "refcode_3": "4",
    "refcode_4": "",
    "refcode_short": "PC 54.4",
    "refcode_long": "The Paulson Collection of Ellen G. White Letters, p. 54.4 (Ellen Gould White)",
    "element_type": "p",
    "element_subtype": "standard-indented",
    "content": "The Lord has shown me that as a people we must have a purer morality. There is among us a flippant reproduction of arguments that are the product of other brains than ours, while the man who first uttered them has not spent hours of earnest study each day in order to know the truth. In his self-sufficiency he has turned away from the truth unto fables. He has not poured out before God his earnest prayer that he might know the hidden mysteries of God&apos;s word, that he might present to the people things new and old, which painstaking effort he has dug from the mine of truth.",
    "puborder": 451,
    "translations": []
  },
  {
    "para_id": "515.469",
    "id_prev": "515.468",
    "id_next": "515.470",
    "refcode_1": "PC",
    "refcode_2": "54",
    "refcode_3": "5",
    "refcode_4": "",
    "refcode_short": "PC 54.5",
    "refcode_long": "The Paulson Collection of Ellen G. White Letters, p. 54.5 (Ellen Gould White)",
    "element_type": "p",
    "element_subtype": "standard-indented",
    "content": "Mysteries which have been hidden for ages are to be revealed in these last days to a humble people, who lean upon the arm of infinite power. Truth will be opened to the humble seeker, whose life is hid with Christ in God.",
    "puborder": 452,
    "translations": []
  },
  {
    "para_id": "515.470",
    "id_prev": "515.469",
    "id_next": "515.471",
    "refcode_1": "PC",
    "refcode_2": "54",
    "refcode_3": "6",
    "refcode_4": "",
    "refcode_short": "PC 54.6",
    "refcode_long": "The Paulson Collection of Ellen G. White Letters, p. 54.6 (Ellen Gould White)",
    "element_type": "p",
    "element_subtype": "standard-indented",
    "content": "God calls upon his people to be Christians in thought, in word, in deed. Luther made the statement that religion is never so much in danger as among reverend men. I can say that many who handle the truth are not sanctified through the truth. They have not the faith that works by love, and purifies the soul. They become accustomed to handling sacred things, and because of this, many handle the word of God irreverently. They have not walked in the light, but have closed their eyes to light.",
    "puborder": 453,
    "translations": []
  },
  {
    "para_id": "515.471",
    "id_prev": "515.470",
    "id_next": "515.474",
    "refcode_1": "PC",
    "refcode_2": "54",
    "refcode_3": "7",
    "refcode_4": "",
    "refcode_short": "PC 54.7",
    "refcode_long": "The Paulson Collection of Ellen G. White Letters, p. 54.7 (Ellen Gould White)",
    "element_type": "p",
    "element_subtype": "standard-indented",
    "content": "This is an age of signal rejection of the grace God has purposed to bestow upon his people, that in the perils of the last days they may <span class=\"page-break\" data-page=\"55\"></span> not be overcome by the prevailing iniquity, and unite with the hostility of the world against God&apos;s remnant people. Under the cloak of Christianity and sanctification, far-spreading and manifest ungodliness will prevail to a terrible degree, and will continue until Christ comes to be glorified in all them that believe. In the very courts of the temple scenes will be enacted that few realize. God&apos;s people will be proved and tested, that he may discern between him that serveth God, and him that serveth him not.",
    "puborder": 454,
    "translations": []
  },
  {
    "para_id": "515.474",
    "id_prev": "515.471",
    "id_next": "515.475",
    "refcode_1": "PC",
    "refcode_2": "55",
    "refcode_3": "1",
    "refcode_4": "",
    "refcode_short": "PC 55.1",
    "refcode_long": "The Paulson Collection of Ellen G. White Letters, p. 55.1 (Ellen Gould White)",
    "element_type": "p",
    "element_subtype": "standard-indented",
    "content": "Vengeance will be executed against those who sit in the gate, deciding what the people should have, and what they should not have. These take away the key of knowledge. They refuse to enter in themselves, and those who would enter, they hinder. These bear not the seal of the living God. All who now occupy responsible positions should be solemnly and terribly afraid lest in this time they shall be found as unfaithful stewards.",
    "puborder": 455,
    "translations": []
  },
  {
    "para_id": "515.475",
    "id_prev": "515.474",
    "id_next": "515.476",
    "refcode_1": "PC",
    "refcode_2": "55",
    "refcode_3": "2",
    "refcode_4": "",
    "refcode_short": "PC 55.2",
    "refcode_long": "The Paulson Collection of Ellen G. White Letters, p. 55.2 (Ellen Gould White)",
    "element_type": "p",
    "element_subtype": "standard-indented",
    "content": "Satan has come down with great power, knowing that his time is short. The continued apostasy, the abounding iniquity, which chills the faith and constancy of many, should call the faithful ones to the front. Straight, clear, decided testimonies, freighted with light for the time, will be given. Truth, undimmed by the furnace, will shine brighter and brighter until the perfect day. The Spirit and power of the coming One will be imparted in large measure to those who are preparing to stand in the day of God, who are hastening the second advent of our Lord and Saviour Jesus Christ. To these faithful ones Christ gives special communications. He talks with them as he talked with his disciples before leaving them. The Spirit of truth will guide them into all truth. God has lines of communication with the world today. Through his appointed agencies, he speaks to the people he is purifying, warning and encouraging them.",
    "puborder": 456,
    "translations": []
  },
  {
    "para_id": "515.476",
    "id_prev": "515.475",
    "id_next": "515.477",
    "refcode_1": "PC",
    "refcode_2": "55",
    "refcode_3": "3",
    "refcode_4": "",
    "refcode_short": "PC 55.3",
    "refcode_long": "The Paulson Collection of Ellen G. White Letters, p. 55.3 (Ellen Gould White)",
    "element_type": "p",
    "element_subtype": "standard-indented",
    "content": "There are those who listen with open ears and quickened understanding for the words of reproof and encouragement addressed to them. But Satan is ever on the alert to make these words of counsel of none effect. He seeks to close every avenue through which people receive truth. Unto those that have shall more be given, but from those that have not, shall be taken away, even that which they have. If the ears are dull of hearing, if the eyes are closed to the light which God flashes into the pathway, the light previously received is so mingled with supposition, uncertainty, and darkness, that light cannot be distinguished from darkness. There are those whom we have loved in the faith who have turned from it, and given heed to seducing spirits. &ldquo;They went out from us, but they were not of us, for if they had been of us, they would no doubt have continued with us. But they went out, that they might be made manifest that they were not all of us. (<span class=\"egwlink egwlink_bible\" title=\"1 John 2:19\" data-link=\"1965.62364\">1 John 2:19</span>)",
    "puborder": 457,
    "translations": []
  },
  {
    "para_id": "515.477",
    "id_prev": "515.476",
    "id_next": "515.480",
    "refcode_1": "PC",
    "refcode_2": "55",
    "refcode_3": "4",
    "refcode_4": "",
    "refcode_short": "PC 55.4",
    "refcode_long": "The Paulson Collection of Ellen G. White Letters, p. 55.4 (Ellen Gould White)",
    "element_type": "p",
    "element_subtype": "standard-indented",
    "content": "The love, the tender compassion, the marvelous condescension of Christ for his disciples is without a parallel. He made them the depositaries of sacred truth, as they could comprehend it. But He said to them, &ldquo;I have many things to say unto you, but ye cannot bear them now.&rdquo; (<span class=\"egwlink egwlink_bible\" title=\"John 16:12\" data-link=\"1965.54535\">John 16:12</span>) Although Christ was with them, as their instructor, yet their former teaching had so moulded their ideas and opinions that should Christ unfold the many things he longed to communicate, they would have misinterpreted his words. While <span class=\"page-break\" data-page=\"56\"></span> he was with them, He sought to impress upon them the knowledge there was for them in the mysteries of the kingdom of God. He would have them see that it was an evidence of his love for Him to lift the veil of the future, and make them the depositaries of knowledge concerning events to come. But much He had told them had been dimly comprehended, and much would be forgotten. He told them that after His crucifixion and ascension the Holy Spirit would open many things to them, and give them a better understanding of what He had tried to tell them. He would still continue to reveal sacred truth to them, and His Spirit would more fully impart truth to them.",
    "puborder": 458,
    "translations": []
  },
  {
    "para_id": "515.480",
    "id_prev": "515.477",
    "id_next": "515.481",
    "refcode_1": "PC",
    "refcode_2": "56",
    "refcode_3": "1",
    "refcode_4": "",
    "refcode_short": "PC 56.1",
    "refcode_long": "The Paulson Collection of Ellen G. White Letters, p. 56.1 (Ellen Gould White)",
    "element_type": "p",
    "element_subtype": "standard-indented",
    "content": "While Christ unfolded the iniquity and sorrow that must come to His disciples, the persecutions, and the trials they must bear, and the rejection of their testimony. He did not design that they should cloud their lives by looking on the dark side. He assured them that they would not be left alone, but be sustained by His Holy Spirit, which would guide them into all truth. &ldquo;The Comforter, which is the Holy Ghost,&rdquo; He said, &ldquo;whom the Father will send in My name he shall teach you all things, and bring all things to your remembrance, whatsoever I have said unto you.&rdquo; &ldquo;I have yet many things to say unto you, but ye cannot bear them now. Howbeit when he, the Spirit of truth is come, he will guide you into all truth; for he will not speak of himself, but whatsoever he shall hear, that shall he speak; and he will show you things to come.&rdquo;",
    "puborder": 459,
    "translations": []
  },
  {
    "para_id": "515.481",
    "id_prev": "515.480",
    "id_next": "515.482",
    "refcode_1": "PC",
    "refcode_2": "56",
    "refcode_3": "2",
    "refcode_4": "",
    "refcode_short": "PC 56.2",
    "refcode_long": "The Paulson Collection of Ellen G. White Letters, p. 56.2 (Ellen Gould White)",
    "element_type": "p",
    "element_subtype": "standard-indented",
    "content": "Here is a precious promise; the purposes and plans of God are to be opened to his disciples. What is a disciple?&mdash;A learner, ever learning. Coming events, of solemn character, are opening before us, and God would not have any one of us think that in these last days there is no more that we need to know. This is a continual snare of Satan. He would have us meet coming events without that special preparation which is essential to guide them through every difficulty. He would have all stumbling their way along in ignorance, making self-conceit, self-esteem, self-confidence, take the place of true knowledge. The more satisfied any one is with himself, and his present knowledge, the less earnestly and humbly will he seek to be guided into all truth. The less of the Holy Spirit of God he has, the more self-satisfied and complacent he will feel. He will not search earnestly and with the deepest interest to know more truth. But unless he keeps pace with the Leader, who is guiding into all truth, he will be left behind, belated, blinded, confused, because he is not walking in the light.",
    "puborder": 460,
    "translations": []
  },
  {
    "para_id": "515.482",
    "id_prev": "515.481",
    "id_next": "515.483",
    "refcode_1": "PC",
    "refcode_2": "56",
    "refcode_3": "3",
    "refcode_4": "",
    "refcode_short": "PC 56.3",
    "refcode_long": "The Paulson Collection of Ellen G. White Letters, p. 56.3 (Ellen Gould White)",
    "element_type": "p",
    "element_subtype": "standard-indented",
    "content": "All who follow Christ will walk in the light as He is in the light. They will not then regard light with indifference, nor will they misapply the light, or stumble over it as did the Jews.",
    "puborder": 461,
    "translations": []
  },
  {
    "para_id": "515.483",
    "id_prev": "515.482",
    "id_next": "515.486",
    "refcode_1": "PC",
    "refcode_2": "56",
    "refcode_3": "4",
    "refcode_4": "",
    "refcode_short": "PC 56.4",
    "refcode_long": "The Paulson Collection of Ellen G. White Letters, p. 56.4 (Ellen Gould White)",
    "element_type": "p",
    "element_subtype": "standard-indented",
    "content": "A spurious light will be accepted in the place of truth by some who feel called upon to be expositors of the Scriptures, because of their calling or position. Extravagance, dishonesty, fraud, licentiousness, is mingled with sacred things, until no difference is made between the sacred and the common. Many who claim to preach the word contemplate some portions of Scripture truth, but do not apply it to the heart and character. They expatiate upon the plan of redemption, and upon the law of God, and become enthusiastic upon some of these glorious themes, but they take no personal interest in the matter. Christ is not brought into their lives. Can we then be surprised to hear of ministers falling under temptation and sin, disgracing <span class=\"page-break\" data-page=\"57\"></span> the cause they were professedly advocating? Can we wonder that there are apostasies, when men who urge conversion upon others are not themselves converted; when they commend to others the love of Christ, which does not glow in their own souls, preaching repentance which they themselves have not practiced, and faith which they have no experimental knowledge of, telling of a Saviour whom they have never known except by rumor? They are self-deceived men, not far from destruction. Pitiful indeed is their situation. All may seem peaceful to them, because the palsy of death is upon them.",
    "puborder": 462,
    "translations": []
  },
  {
    "para_id": "515.486",
    "id_prev": "515.483",
    "id_next": "515.487",
    "refcode_1": "PC",
    "refcode_2": "57",
    "refcode_3": "1",
    "refcode_4": "",
    "refcode_short": "PC 57.1",
    "refcode_long": "The Paulson Collection of Ellen G. White Letters, p. 57.1 (Ellen Gould White)",
    "element_type": "p",
    "element_subtype": "standard-indented",
    "content": "We are fully aware that dishonest men, immoral men, who preach the word, are not always reproved and warned. They are not unmasked. They learn to hold the truth in unrighteousness, and can tamper with it without a trembling heart and rebuke of conscience. O that with pen and voice we might lead the people who claim to be depositaries of sacred and eternal truth to feel the necessity of enthroning the word of God in their heart, and bringing every thought, word, and action into subjection to Jesus Christ. It is a fearful responsibility to be in daily connection with the truth of God, telling others of eternity, and yet be unsanctified through the truth.",
    "puborder": 463,
    "translations": []
  },
  {
    "para_id": "515.487",
    "id_prev": "515.486",
    "id_next": "515.488",
    "refcode_1": "PC",
    "refcode_2": "57",
    "refcode_3": "2",
    "refcode_4": "",
    "refcode_short": "PC 57.2",
    "refcode_long": "The Paulson Collection of Ellen G. White Letters, p. 57.2 (Ellen Gould White)",
    "element_type": "p",
    "element_subtype": "standard-indented",
    "content": "It is not safe to place men in the position God should occupy; for men cannot be trusted. If they do not constantly live as in the presence of God, if they do not walk humbly before God and their brethren, they will diverge almost imperceptibly, and by slight degrees, from the straight line of God&apos;s work. Trusting to their own wisdom, they will deceive themselves and their fellow-men. Their ideas become so confused that they offer strange fire before the Lord.",
    "puborder": 464,
    "translations": []
  },
  {
    "para_id": "515.488",
    "id_prev": "515.487",
    "id_next": "515.489",
    "refcode_1": "PC",
    "refcode_2": "57",
    "refcode_3": "3",
    "refcode_4": "",
    "refcode_short": "PC 57.3",
    "refcode_long": "The Paulson Collection of Ellen G. White Letters, p. 57.3 (Ellen Gould White)",
    "element_type": "p",
    "element_subtype": "standard-indented",
    "content": "The word of God is to be the man of our counsel. With pen and voice I proclaim to all who bear credentials, to all licentiates, to all colporteurs, and all canvassers, that the Bible, and the Bible only, studied on your knees, laid up in your heart, and practiced in your life, attended by the Holy Spirit&apos;s power, can be your safeguard. It alone can make you righteous and holy and keep you thus. Every human influence is weak and varying unless the truth of God&apos;s word is brought home to the soul, and placed upon the throne. Not till this is done, will the heart be sanctified, purified and made holy, a fountain out of which are the issues of life.",
    "puborder": 465,
    "translations": []
  },
  {
    "para_id": "515.489",
    "id_prev": "515.488",
    "id_next": "515.490",
    "refcode_1": "PC",
    "refcode_2": "57",
    "refcode_3": "4",
    "refcode_4": "",
    "refcode_short": "PC 57.4",
    "refcode_long": "The Paulson Collection of Ellen G. White Letters, p. 57.4 (Ellen Gould White)",
    "element_type": "p",
    "element_subtype": "standard-indented",
    "content": "Discourses that have little of Christ and his righteousness in them are given in the desk. They are Christless sermons. To preach in the demonstration of the Spirit is completely beyond the power of those who are without Christ. They are feeble, empty, and without nourishment. They have no Christ to carry with them in private life. They are full of boasting, of pride, of self-esteem, speaking evil of things of which they have no real knowledge. They manifest an impatience of everything that does not follow in their line. They will even scoff and mock at sacred things, because they do not see that spiritual things are spiritually discerned. They degrade themselves by perverting and falsifying truth.",
    "puborder": 466,
    "translations": []
  },
  {
    "para_id": "515.490",
    "id_prev": "515.489",
    "id_next": "515.493",
    "refcode_1": "PC",
    "refcode_2": "57",
    "refcode_3": "5",
    "refcode_4": "",
    "refcode_short": "PC 57.5",
    "refcode_long": "The Paulson Collection of Ellen G. White Letters, p. 57.5 (Ellen Gould White)",
    "element_type": "p",
    "element_subtype": "standard-indented",
    "content": "By his Holy Spirit, the Lord will demonstrate that his word is the only thing that can make men right and keep them right. I have been shown that God&apos;s revealed truth alone can keep men in the path of humble obedience. Standard bearers are falling round us, not only through death, but through the deceptions of Satan. All heaven is looking upon <span class=\"page-break\" data-page=\"58\"></span> the remnant people of God, to see if they will make truth alone their shield and buckler. Unless the truth is presented as it is in Jesus, and is planted in the heart by the power of the Spirit of God, even ministers will be found drifting away from Christ, away from piety, away from religious principle. They will become blind leaders of the blind.",
    "puborder": 467,
    "translations": []
  },
  {
    "para_id": "515.493",
    "id_prev": "515.490",
    "id_next": "515.494",
    "refcode_1": "PC",
    "refcode_2": "58",
    "refcode_3": "1",
    "refcode_4": "",
    "refcode_short": "PC 58.1",
    "refcode_long": "The Paulson Collection of Ellen G. White Letters, p. 58.1 (Ellen Gould White)",
    "element_type": "p",
    "element_subtype": "standard-indented",
    "content": "Our faith cannot be vested in any man. We need Christ&apos;s righteousness. We need Jesus ever by our side. He is our Rock. It is by his might that we conquer, and by his righteousness that we are saved. When I see men exalted and praised, extolled as almost infallible, I know that there must come a terrible shaking. When God&apos;s lamp of life shines into the heart with clear and steady ray, darkness will instantly be dispelled. Every idol will be dethroned, and the peace of God which passeth all understanding will reign in the heart. Truth, precious truth, will be seen, appreciated, and obeyed. The standard will be elevated, and many will rally round it.",
    "puborder": 468,
    "translations": []
  },
  {
    "para_id": "515.494",
    "id_prev": "515.493",
    "id_next": "515.495",
    "refcode_1": "PC",
    "refcode_2": "58",
    "refcode_3": "",
    "refcode_4": "",
    "refcode_short": "",
    "refcode_long": "",
    "element_type": "p",
    "element_subtype": "right",
    "content": "(Signed)",
    "puborder": 469,
    "translations": []
  },
  {
    "para_id": "515.495",
    "id_prev": "515.494",
    "id_next": "515.3339",
    "refcode_1": "PC",
    "refcode_2": "58",
    "refcode_3": "",
    "refcode_4": "",
    "refcode_short": "",
    "refcode_long": "",
    "element_type": "p",
    "element_subtype": "signaturedate",
    "content": "(M.H. May 9, &rsquo;97)",
    "puborder": 470,
    "translations": []
  },
  {
    "para_id": "515.3339",
    "id_prev": "515.495",
    "id_next": "515.496",
    "refcode_1": "PC",
    "refcode_2": "58",
    "refcode_3": "",
    "refcode_4": "",
    "refcode_short": "",
    "refcode_long": "",
    "element_type": "p",
    "element_subtype": "egwsignatureline",
    "content": "Ellen G. White",
    "puborder": 471,
    "translations": []
  },
  {
    "para_id": "515.496",
    "id_prev": "515.3339",
    "id_next": "515.3528",
    "refcode_1": "PC",
    "refcode_2": "58",
    "refcode_3": "",
    "refcode_4": "",
    "refcode_short": "",
    "refcode_long": "",
    "element_type": "p",
    "element_subtype": "center",
    "content": "(From Doctor Paulson&apos;s Collection)",
    "puborder": 472,
    "translations": []
  }
]