[
  {
    "para_id": "515.3538",
    "id_prev": "515.821",
    "id_next": "515.823",
    "refcode_1": "PC",
    "refcode_2": "98",
    "refcode_3": "",
    "refcode_4": "55",
    "refcode_short": "PC 98",
    "refcode_long": "The Paulson Collection of Ellen G. White Letters, p. 98 (Ellen Gould White)",
    "element_type": "h3",
    "element_subtype": "",
    "content": "December 26, 1906",
    "puborder": 763,
    "translations": []
  },
  {
    "para_id": "515.823",
    "id_prev": "515.3538",
    "id_next": "515.3358",
    "refcode_1": "PC",
    "refcode_2": "98",
    "refcode_3": "",
    "refcode_4": "",
    "refcode_short": "",
    "refcode_long": "",
    "element_type": "p",
    "element_subtype": "place",
    "content": "Sanitarium P. O., Napa Co., California ",
    "puborder": 764,
    "translations": []
  },
  {
    "para_id": "515.3358",
    "id_prev": "515.823",
    "id_next": "515.824",
    "refcode_1": "PC",
    "refcode_2": "98",
    "refcode_3": "",
    "refcode_4": "",
    "refcode_short": "",
    "refcode_long": "",
    "element_type": "p",
    "element_subtype": "date",
    "content": "December 26, 1906",
    "puborder": 765,
    "translations": []
  },
  {
    "para_id": "515.824",
    "id_prev": "515.3358",
    "id_next": "515.825",
    "refcode_1": "PC",
    "refcode_2": "98",
    "refcode_3": "",
    "refcode_4": "",
    "refcode_short": "",
    "refcode_long": "",
    "element_type": "p",
    "element_subtype": "salutation",
    "content": "Dear Brother Olsen,",
    "puborder": 766,
    "translations": []
  },
  {
    "para_id": "515.825",
    "id_prev": "515.824",
    "id_next": "515.826",
    "refcode_1": "PC",
    "refcode_2": "98",
    "refcode_3": "1",
    "refcode_4": "",
    "refcode_short": "PC 98.1",
    "refcode_long": "The Paulson Collection of Ellen G. White Letters, p. 98.1 (Ellen Gould White)",
    "element_type": "p",
    "element_subtype": "standard-indented",
    "content": "I am not in the best condition to write to you; for, for the past week I have been suffering from my third attack of influenza this winter. I have been having special treatment for this disease, and am now improving.",
    "puborder": 767,
    "translations": []
  },
  {
    "para_id": "515.826",
    "id_prev": "515.825",
    "id_next": "515.827",
    "refcode_1": "PC",
    "refcode_2": "98",
    "refcode_3": "2",
    "refcode_4": "",
    "refcode_short": "PC 98.2",
    "refcode_long": "The Paulson Collection of Ellen G. White Letters, p. 98.2 (Ellen Gould White)",
    "element_type": "p",
    "element_subtype": "standard-indented",
    "content": "We see in our world confusion upon confusion. We hear of accidents by sea and by land. Crime is increasing, this we know from the reports of our daily newspapers. Political developments in San Francisco are of a character to show how little confidence can be placed in the men who occupy official positions. Many of these men, some even who profess to be religious, are being exposed before the public as guilty of various crimes. They are giving evidence that it is time for the Lord of heaven to destroy their property. The last great issue is soon to come. We must see, we must understand, that the spirit of God is being withdrawn from the wicked nations who have long discarded God&apos;s work, His holy law, and have formed false theories and false laws, exalting them above the commandments of God.",
    "puborder": 768,
    "translations": []
  },
  {
    "para_id": "515.827",
    "id_prev": "515.826",
    "id_next": "515.828",
    "refcode_1": "PC",
    "refcode_2": "98",
    "refcode_3": "3",
    "refcode_4": "",
    "refcode_short": "PC 98.3",
    "refcode_long": "The Paulson Collection of Ellen G. White Letters, p. 98.3 (Ellen Gould White)",
    "element_type": "p",
    "element_subtype": "standard-indented",
    "content": "The signs are certainly fulfilling that show that the end of this earth&apos;s history is near; and we have an individual work to do in fitting ourselves to sound the last message of warning to our world, and prepare it for the closing scenes which according to the word of God, are soon to come. I feel deeply the need of every worker to stand as faithful watchmen to give this last note of warning, to prepare the church that those who have had the light may be awake, realizing the importance of keeping every piece of the armor on.",
    "puborder": 769,
    "translations": []
  },
  {
    "para_id": "515.828",
    "id_prev": "515.827",
    "id_next": "515.829",
    "refcode_1": "PC",
    "refcode_2": "98",
    "refcode_3": "4",
    "refcode_4": "",
    "refcode_short": "PC 98.4",
    "refcode_long": "The Paulson Collection of Ellen G. White Letters, p. 98.4 (Ellen Gould White)",
    "element_type": "p",
    "element_subtype": "standard-indented",
    "content": "&ldquo;This know also, that in the last days perilous times shall come. For men shall be lovers of their own selves, covetous, boasters, proud, blasphemers, disobedient to parents, unthankful, unholy, without natural affection, truce-breakers, false accusers, incontinent, fierce, despisers of those that are good, traitors, heady, highminded, lovers of pleasures more than lovers of God; from such turn away; having a form of godliness, but denying the power thereof. Ever learning (ever presenting some new theory) but never able to come to a knowledge of the truth.&rdquo; (<span class=\"egwlink egwlink_bible\" title=\"2 Timothy 3:1\" data-link=\"1965.60894\">2 Timothy 3:1-7</span>)",
    "puborder": 770,
    "translations": []
  },
  {
    "para_id": "515.829",
    "id_prev": "515.828",
    "id_next": "515.830",
    "refcode_1": "PC",
    "refcode_2": "98",
    "refcode_3": "5",
    "refcode_4": "",
    "refcode_short": "PC 98.5",
    "refcode_long": "The Paulson Collection of Ellen G. White Letters, p. 98.5 (Ellen Gould White)",
    "element_type": "p",
    "element_subtype": "standard-indented",
    "content": "This whole chapter is being fulfilled in San Francisco and Oakland at the present time. These cities, through their newspapers, are daily opening to us their true condition, the iniquity of their high officials. The very men who are placed in office to suppress evil are themselves corrupted with all kinds of evil works.",
    "puborder": 771,
    "translations": []
  },
  {
    "para_id": "515.830",
    "id_prev": "515.829",
    "id_next": "515.831",
    "refcode_1": "PC",
    "refcode_2": "98",
    "refcode_3": "6",
    "refcode_4": "",
    "refcode_short": "PC 98.6",
    "refcode_long": "The Paulson Collection of Ellen G. White Letters, p. 98.6 (Ellen Gould White)",
    "element_type": "p",
    "element_subtype": "standard-indented",
    "content": "&ldquo;As Jannes and Jambres withstood Moses, so do these also resist the truth; men of corrupt minds; reprobate concerning the faith. But they shall proceed no farther; for their folly shall be manifest unto all men, as theirs also was.&rdquo; We have been given this example in Bible History to teach us that God will vindicate His word and fulfil His holy purpose. (<span class=\"egwlink egwlink_bible\" title=\"2 Timothy 3:8\" data-link=\"1965.60908\">2 Timothy 3:8, 9</span>)",
    "puborder": 772,
    "translations": []
  },
  {
    "para_id": "515.831",
    "id_prev": "515.830",
    "id_next": "515.834",
    "refcode_1": "PC",
    "refcode_2": "98",
    "refcode_3": "7",
    "refcode_4": "",
    "refcode_short": "PC 98.7",
    "refcode_long": "The Paulson Collection of Ellen G. White Letters, p. 98.7 (Ellen Gould White)",
    "element_type": "p",
    "element_subtype": "standard-indented",
    "content": "By way of contrast the apostle presents the opposite condition <span class=\"page-break\" data-page=\"99\"></span> of morals that will exist among those who are faithful in their service for keeping the law of God. &ldquo;Thou hast fully known my doctrine, manner of life, purpose, faith, longsuffering, charity, patience, persecutions, afflictions, which came into me at Antioch, at Iconium, at Lystra; what persecutions I endured.&rdquo; Then for our encouragement he sounds the glad word, &ldquo;Out of them all the Lord delivered me. Yea, and all that will live godly in Christ Jesus shall suffer persecution. But evil men and seducers shall wax worse and worse, deceiving and being deceived. But continue thou in the things which thou hast learned, and hast been assured of, knowing of whom thou hast learned them; and that from a child thou hast known the holy Scriptures, which are able to make thee wise unto salvation through faith which is in Christ Jesus. All scripture is given by inspiration of God, and is profitable for doctrine, for reproof, for correction, for instruction in righteousness, that the man of God may be perfect, thoroughly furnished unto all good works.&rdquo; Read also Paul&apos;s solemn charge to Timothy in the fourth chapter of second Timothy.",
    "puborder": 773,
    "translations": []
  },
  {
    "para_id": "515.834",
    "id_prev": "515.831",
    "id_next": "515.835",
    "refcode_1": "PC",
    "refcode_2": "99",
    "refcode_3": "1",
    "refcode_4": "",
    "refcode_short": "PC 99.1",
    "refcode_long": "The Paulson Collection of Ellen G. White Letters, p. 99.1 (Ellen Gould White)",
    "element_type": "p",
    "element_subtype": "standard-indented",
    "content": "The time spent by the officials of San Francisco in investigating the frauds of some of their officers has been, in the providence of God, a precious opportunity for Brethren Simpson and Hibbard to present the truth to large congregations in the city of Oakland. Before these brethren began their series of meetings, Elder Haskell and wife were holding meetings in the large tent in Oakland, following up the work of the camp meeting, and instruction (classes) some who wished to learn how to do Bible work. This was a successful meeting. The Lord manifested His power and grace. Elder Hibbard assisted Elder Haskell in his work, speaking at the evening meetings. This brought the truth before the people of Oakland in clear lines; and the work was continued until Elder Simpson commenced his tent effort.",
    "puborder": 774,
    "translations": []
  },
  {
    "para_id": "515.835",
    "id_prev": "515.834",
    "id_next": "515.836",
    "refcode_1": "PC",
    "refcode_2": "99",
    "refcode_3": "2",
    "refcode_4": "",
    "refcode_short": "PC 99.2",
    "refcode_long": "The Paulson Collection of Ellen G. White Letters, p. 99.2 (Ellen Gould White)",
    "element_type": "p",
    "element_subtype": "standard-indented",
    "content": "Brother Simpson&apos;s meetings were largely attended, and the people listened to his words with spellbound interest; the interest continued from first to last. With his Bible in his hand, and basing all his arguments on the word of God, Brother Simpson traced out before them the prophecies of Daniel and Revelation. His own words were few; he made the Scriptures themselves explain the truth to the people. After giving them the truth, Elder Simpson would draw an expression of opinion from his congregation. &ldquo;Now,&rdquo; he would say, &ldquo;those who see the truth of what I am saying, raise your hands;&rdquo; and in response many hands would be raised. I can only poorly represent to you the interest his work has created.",
    "puborder": 775,
    "translations": []
  },
  {
    "para_id": "515.836",
    "id_prev": "515.835",
    "id_next": "515.837",
    "refcode_1": "PC",
    "refcode_2": "99",
    "refcode_3": "3",
    "refcode_4": "",
    "refcode_short": "PC 99.3",
    "refcode_long": "The Paulson Collection of Ellen G. White Letters, p. 99.3 (Ellen Gould White)",
    "element_type": "p",
    "element_subtype": "standard-indented",
    "content": "In his teaching, Elder Simpson showed that the Spirit of prophecy has an important part to act in the establishment of the truth. When binding off his work, he called for me to go to Oakland to speak to the people.",
    "puborder": 776,
    "translations": []
  },
  {
    "para_id": "515.837",
    "id_prev": "515.836",
    "id_next": "515.840",
    "refcode_1": "PC",
    "refcode_2": "99",
    "refcode_3": "4",
    "refcode_4": "",
    "refcode_short": "PC 99.4",
    "refcode_long": "The Paulson Collection of Ellen G. White Letters, p. 99.4 (Ellen Gould White)",
    "element_type": "p",
    "element_subtype": "standard-indented",
    "content": "When the call came, I had just begun to recover from an attack of influenza; but I said, I will go. This was the first time for four weeks that I had left my home premises. We left St. Helena on Thursday afternoon. On Friday I was very ill; nevertheless I spoke on the Sabbath in the Congregational church in which our people usually meet for their Sabbath worship. Between four and five hundred people were assembled. I was feeling weak from my illness; but I prayed that God would help me. As soon as I began <span class=\"page-break\" data-page=\"100\"></span> to speak, the reviving influence of the Spirit of God came upon me, and I was strengthened. I spoke one hour and fifteen minutes with a clear voice; for the power of His grace was upon me. I was very thankful for this evidence of the power of the Spirit of God.",
    "puborder": 777,
    "translations": []
  },
  {
    "para_id": "515.840",
    "id_prev": "515.837",
    "id_next": "515.841",
    "refcode_1": "PC",
    "refcode_2": "100",
    "refcode_3": "1",
    "refcode_4": "",
    "refcode_short": "PC 100.1",
    "refcode_long": "The Paulson Collection of Ellen G. White Letters, p. 100.1 (Ellen Gould White)",
    "element_type": "p",
    "element_subtype": "standard-indented",
    "content": "On Sunday I rode several miles to the Baths, where Elder Simpson baptized thirty-one candidates. The service was beautifully conducted, and everything passed off with perfect order. The songs interspersed through the service seemed to be carrying the joyful news to heaven. As many more persons will be baptized in about four weeks&rsquo; time; for all were not fully prepared to go forward in this ordinance at that time. My heart is filled with gratitude for this representation of those who have received the truth under the teaching of Elder Simpson.",
    "puborder": 778,
    "translations": []
  },
  {
    "para_id": "515.841",
    "id_prev": "515.840",
    "id_next": "515.842",
    "refcode_1": "PC",
    "refcode_2": "100",
    "refcode_3": "2",
    "refcode_4": "",
    "refcode_short": "PC 100.2",
    "refcode_long": "The Paulson Collection of Ellen G. White Letters, p. 100.2 (Ellen Gould White)",
    "element_type": "p",
    "element_subtype": "standard-indented",
    "content": "I have also spoken in the meeting house in San Francisco which James White and I and a few others were the means of establishing there. The house was preserved through the San Francisco fire, and only slightly injured. The chimneys were thrown down, and some of the plaster shaken off.",
    "puborder": 779,
    "translations": []
  },
  {
    "para_id": "515.842",
    "id_prev": "515.841",
    "id_next": "515.843",
    "refcode_1": "PC",
    "refcode_2": "100",
    "refcode_3": "3",
    "refcode_4": "",
    "refcode_short": "PC 100.3",
    "refcode_long": "The Paulson Collection of Ellen G. White Letters, p. 100.3 (Ellen Gould White)",
    "element_type": "p",
    "element_subtype": "standard-indented",
    "content": "The work is still being carried forward in San Francisco and Oakland; for souls must be warned. Now is our time and opportunity, while these revelations of dishonesty and fraudulent transactions are being made. While these people have these things brought daily before their notice, the reasonable arguments of the word of God, its predictions that just such practices will be carried on in every city, will appeal to their minds and consciences better than would any language we could use to represent the existing evil and point out their meaning. Elder Simpson will take up his work again in about two weeks&rsquo; time, and after that he will labor in San Francisco. The truth is being proclaimed in these cities as it has never been before. We feel that now is our time to work, just now. We must unite, be united in the work, and press together.",
    "puborder": 780,
    "translations": []
  },
  {
    "para_id": "515.843",
    "id_prev": "515.842",
    "id_next": "515.844",
    "refcode_1": "PC",
    "refcode_2": "100",
    "refcode_3": "4",
    "refcode_4": "",
    "refcode_short": "PC 100.4",
    "refcode_long": "The Paulson Collection of Ellen G. White Letters, p. 100.4 (Ellen Gould White)",
    "element_type": "p",
    "element_subtype": "standard-indented",
    "content": "My workers are now engaged in preparing my diaries of my experience in Europe and Australia. We want to prepare this matter for book publication, that the people may understand the character of the work the Lord has given me to do for the last half century.",
    "puborder": 781,
    "translations": []
  },
  {
    "para_id": "515.844",
    "id_prev": "515.843",
    "id_next": "515.845",
    "refcode_1": "PC",
    "refcode_2": "100",
    "refcode_3": "5",
    "refcode_4": "",
    "refcode_short": "PC 100.5",
    "refcode_long": "The Paulson Collection of Ellen G. White Letters, p. 100.5 (Ellen Gould White)",
    "element_type": "p",
    "element_subtype": "standard-indented",
    "content": "I am of good courage in the Lord, and I praise His holy name for this.",
    "puborder": 782,
    "translations": []
  },
  {
    "para_id": "515.845",
    "id_prev": "515.844",
    "id_next": "515.846",
    "refcode_1": "PC",
    "refcode_2": "100",
    "refcode_3": "",
    "refcode_4": "",
    "refcode_short": "",
    "refcode_long": "",
    "element_type": "p",
    "element_subtype": "right",
    "content": "(Signed)",
    "puborder": 783,
    "translations": []
  },
  {
    "para_id": "515.846",
    "id_prev": "515.845",
    "id_next": "515.847",
    "refcode_1": "PC",
    "refcode_2": "100",
    "refcode_3": "",
    "refcode_4": "",
    "refcode_short": "",
    "refcode_long": "",
    "element_type": "p",
    "element_subtype": "egwsignatureline",
    "content": "Ellen G. White",
    "puborder": 784,
    "translations": []
  },
  {
    "para_id": "515.847",
    "id_prev": "515.846",
    "id_next": "515.3539",
    "refcode_1": "PC",
    "refcode_2": "100",
    "refcode_3": "",
    "refcode_4": "",
    "refcode_short": "",
    "refcode_long": "",
    "element_type": "p",
    "element_subtype": "right",
    "content": "(From Doctor Paulson&apos;s Collection)",
    "puborder": 785,
    "translations": []
  }
]