[
  {
    "para_id": "515.3513",
    "id_prev": "515.260",
    "id_next": "515.261",
    "refcode_1": "PC",
    "refcode_2": "31",
    "refcode_3": "",
    "refcode_4": "27",
    "refcode_short": "PC 31",
    "refcode_long": "The Paulson Collection of Ellen G. White Letters, p. 31 (Ellen Gould White)",
    "element_type": "h3",
    "element_subtype": "",
    "content": "B. 69&apos;98",
    "puborder": 254,
    "translations": []
  },
  {
    "para_id": "515.261",
    "id_prev": "515.3513",
    "id_next": "515.262",
    "refcode_1": "PC",
    "refcode_2": "31",
    "refcode_3": "",
    "refcode_4": "",
    "refcode_short": "",
    "refcode_long": "",
    "element_type": "p",
    "element_subtype": "standard-noindent",
    "content": "Extract from Letter B. 69&apos;98 dated&mdash;",
    "puborder": 255,
    "translations": []
  },
  {
    "para_id": "515.262",
    "id_prev": "515.261",
    "id_next": "515.263",
    "refcode_1": "PC",
    "refcode_2": "31",
    "refcode_3": "",
    "refcode_4": "",
    "refcode_short": "",
    "refcode_long": "",
    "element_type": "p",
    "element_subtype": "date",
    "content": "August 29, 1898",
    "puborder": 256,
    "translations": []
  },
  {
    "para_id": "515.263",
    "id_prev": "515.262",
    "id_next": "515.264",
    "refcode_1": "PC",
    "refcode_2": "31",
    "refcode_3": "2",
    "refcode_4": "",
    "refcode_short": "PC 31.2",
    "refcode_long": "The Paulson Collection of Ellen G. White Letters, p. 31.2 (Ellen Gould White)",
    "element_type": "p",
    "element_subtype": "standard-indented",
    "content": "As to drugs being used in our institutions, it is contrary to the light which the Lord has been pleased to give. The drugging business has done more harm to our world and killed more than it has helped or cured. The light was first given to me why institutions should be established, that is, sanitariums were to reform the medical practices of physicians. This is God&apos;s method. The herbs that grow for the benefit of man, and the little handful of herbs kept and steeped for sudden ailments, have served tenfold, yes, one hundred-fold better purpose, than all the drugs hidden under mysterious names and dealt out to the sick. It is a delusion and farce, and the Lord has revealed to me that this practice would not preserve life, but would introduce into the system those things which should never be there, for they would do a deleterious work on the human organism.",
    "puborder": 257,
    "translations": []
  },
  {
    "para_id": "515.264",
    "id_prev": "515.263",
    "id_next": "515.265",
    "refcode_1": "PC",
    "refcode_2": "31",
    "refcode_3": "3",
    "refcode_4": "",
    "refcode_short": "PC 31.3",
    "refcode_long": "The Paulson Collection of Ellen G. White Letters, p. 31.3 (Ellen Gould White)",
    "element_type": "p",
    "element_subtype": "standard-indented",
    "content": "The living connection with the Great Physician is worth more than connection with a world of drugs. The soothing power of pure truth, seen, and maintained in all its bearings, is of a value no language can express, to people who are suffering with disease.",
    "puborder": 258,
    "translations": []
  },
  {
    "para_id": "515.265",
    "id_prev": "515.264",
    "id_next": "515.266",
    "refcode_1": "PC",
    "refcode_2": "31",
    "refcode_3": "4",
    "refcode_4": "",
    "refcode_short": "PC 31.4",
    "refcode_long": "The Paulson Collection of Ellen G. White Letters, p. 31.4 (Ellen Gould White)",
    "element_type": "p",
    "element_subtype": "standard-indented",
    "content": "Keep ever before the suffering sick the compassion and tenderness of Christ, and awaken their conscience to a belief in His power to relieve suffering, and lead them to faith and trust in Him, the great Healer, and you have gained a soul and ofttimes a life.",
    "puborder": 259,
    "translations": []
  },
  {
    "para_id": "515.266",
    "id_prev": "515.265",
    "id_next": "515.267",
    "refcode_1": "PC",
    "refcode_2": "31",
    "refcode_3": "5",
    "refcode_4": "",
    "refcode_short": "PC 31.5",
    "refcode_long": "The Paulson Collection of Ellen G. White Letters, p. 31.5 (Ellen Gould White)",
    "element_type": "p",
    "element_subtype": "standard-indented",
    "content": "Therefore, personal religion for all physicians in the sickroom is essential to success in giving the simple treatments without drugs. He who is a physician and guardian of the health and body, God would have every way educated to learn lessons of the Great Teacher, how to work in Christ and through Christ to save the souls of the sick. How can any physician know this until the Saviour shall be received as a personal Saviour to him who administers to suffering humanity?",
    "puborder": 260,
    "translations": []
  },
  {
    "para_id": "515.267",
    "id_prev": "515.266",
    "id_next": "515.268",
    "refcode_1": "PC",
    "refcode_2": "31",
    "refcode_3": "6",
    "refcode_4": "",
    "refcode_short": "PC 31.6",
    "refcode_long": "The Paulson Collection of Ellen G. White Letters, p. 31.6 (Ellen Gould White)",
    "element_type": "p",
    "element_subtype": "standard-indented",
    "content": "Religion should be made prominent in a most tender, sympathetic, compassionate way. No one of all the parties with whom he is acquainted can do as much for the sick one as a truly converted nurse and physician. Actions of purity, refinement in looks and words, and above all the sweet words of prayer, though few, yet if sincere, will be a sure anchor to the suffering ones.",
    "puborder": 261,
    "translations": []
  },
  {
    "para_id": "515.268",
    "id_prev": "515.267",
    "id_next": "515.3514",
    "refcode_1": "PC",
    "refcode_2": "31",
    "refcode_3": "7",
    "refcode_4": "",
    "refcode_short": "PC 31.7",
    "refcode_long": "The Paulson Collection of Ellen G. White Letters, p. 31.7 (Ellen Gould White)",
    "element_type": "p",
    "element_subtype": "standard-indented",
    "content": "Of all men, the physician should be the most earnest, and sincere, full of faith and of the Holy Spirit, and then he can accomplish more than the minister in the pulpit.",
    "puborder": 262,
    "translations": []
  }
]