[
  {
    "para_id": "978.2167",
    "id_prev": "978.2166",
    "id_next": "978.2168",
    "refcode_1": "BHB",
    "refcode_2": "145",
    "refcode_3": "",
    "refcode_4": "",
    "refcode_short": "BHB 145",
    "refcode_long": "Bible Handbook, p. 145 (Stephen Nelson Haskell)",
    "element_type": "h4",
    "element_subtype": "",
    "content": "Defiled Conscience",
    "puborder": 1973,
    "translations": []
  },
  {
    "para_id": "978.2168",
    "id_prev": "978.2167",
    "id_next": "978.2169",
    "refcode_1": "BHB",
    "refcode_2": "145",
    "refcode_3": "4",
    "refcode_4": "",
    "refcode_short": "BHB 145.4",
    "refcode_long": "Bible Handbook, p. 145.4 (Stephen Nelson Haskell)",
    "element_type": "p",
    "element_subtype": "standard-indented",
    "content": "&bull; <span class=\"egwlink egwlink_bible\" title=\"Titus 1:15\" data-link=\"1965.61003\">Titus 1:15</span>. Mind and conscience may be defiled.",
    "puborder": 1974,
    "translations": []
  },
  {
    "para_id": "978.2169",
    "id_prev": "978.2168",
    "id_next": "978.2170",
    "refcode_1": "BHB",
    "refcode_2": "145",
    "refcode_3": "5",
    "refcode_4": "",
    "refcode_short": "BHB 145.5",
    "refcode_long": "Bible Handbook, p. 145.5 (Stephen Nelson Haskell)",
    "element_type": "p",
    "element_subtype": "standard-indented",
    "content": "&bull; <span class=\"egwlink egwlink_bible\" title=\"Titus 1:16\" data-link=\"1965.61005\">Titus 1:16</span>. A hypocrite has a defiled conscience.",
    "puborder": 1975,
    "translations": []
  },
  {
    "para_id": "978.2170",
    "id_prev": "978.2169",
    "id_next": "978.2171",
    "refcode_1": "BHB",
    "refcode_2": "145",
    "refcode_3": "6",
    "refcode_4": "",
    "refcode_short": "BHB 145.6",
    "refcode_long": "Bible Handbook, p. 145.6 (Stephen Nelson Haskell)",
    "element_type": "p",
    "element_subtype": "standard-indented",
    "content": "&bull; <span class=\"egwlink egwlink_bible\" title=\"Titus 1:15\" data-link=\"1965.61003\">Titus 1:15</span>. Nothing pure to a defiled conscience.",
    "puborder": 1976,
    "translations": []
  },
  {
    "para_id": "978.2171",
    "id_prev": "978.2170",
    "id_next": "978.2172",
    "refcode_1": "BHB",
    "refcode_2": "145",
    "refcode_3": "7",
    "refcode_4": "",
    "refcode_short": "BHB 145.7",
    "refcode_long": "Bible Handbook, p. 145.7 (Stephen Nelson Haskell)",
    "element_type": "p",
    "element_subtype": "standard-indented",
    "content": "&bull; <span class=\"egwlink egwlink_bible\" title=\"Titus 1:16\" data-link=\"1965.61005\">Titus 1:16</span>, margin. One with defiled conscience is an unsafe counselor.",
    "puborder": 1977,
    "translations": []
  },
  {
    "para_id": "978.2172",
    "id_prev": "978.2171",
    "id_next": "978.2173",
    "refcode_1": "BHB",
    "refcode_2": "145",
    "refcode_3": "8",
    "refcode_4": "",
    "refcode_short": "BHB 145.8",
    "refcode_long": "Bible Handbook, p. 145.8 (Stephen Nelson Haskell)",
    "element_type": "p",
    "element_subtype": "standard-indented",
    "content": "&bull; <span class=\"egwlink egwlink_bible\" title=\"Titus 1:13\" data-link=\"1965.60999\">Titus 1:13</span>. Sound in faith, a safeguard against defiled conscience.",
    "puborder": 1978,
    "translations": []
  },
  {
    "para_id": "978.2173",
    "id_prev": "978.2172",
    "id_next": "978.2174",
    "refcode_1": "BHB",
    "refcode_2": "145",
    "refcode_3": "9",
    "refcode_4": "",
    "refcode_short": "BHB 145.9",
    "refcode_long": "Bible Handbook, p. 145.9 (Stephen Nelson Haskell)",
    "element_type": "p",
    "element_subtype": "standard-indented",
    "content": "&bull; <span class=\"egwlink egwlink_bible\" title=\"2 Timothy 2:16\" data-link=\"1965.60871\">2 Timothy 2:16-18</span>, margin. Words from defiled conscience like canker, or gangrene.",
    "puborder": 1979,
    "translations": []
  },
  {
    "para_id": "978.2174",
    "id_prev": "978.2173",
    "id_next": "978.2175",
    "refcode_1": "BHB",
    "refcode_2": "145",
    "refcode_3": "10",
    "refcode_4": "",
    "refcode_short": "BHB 145.10",
    "refcode_long": "Bible Handbook, p. 145.10 (Stephen Nelson Haskell)",
    "element_type": "p",
    "element_subtype": "standard-indented",
    "content": "&bull; <span class=\"egwlink egwlink_bible\" title=\"Matthew 23:23\" data-link=\"1965.48877\">Matthew 23:23, 24</span>. They often &ldquo;strain at a gnat, and swallow a camel.&rdquo;",
    "puborder": 1980,
    "translations": []
  },
  {
    "para_id": "978.2175",
    "id_prev": "978.2174",
    "id_next": "978.2176",
    "refcode_1": "BHB",
    "refcode_2": "145",
    "refcode_3": "11",
    "refcode_4": "",
    "refcode_short": "BHB 145.11",
    "refcode_long": "Bible Handbook, p. 145.11 (Stephen Nelson Haskell)",
    "element_type": "p",
    "element_subtype": "standard-indented",
    "content": "&bull; <span class=\"egwlink egwlink_bible\" title=\"Hebrews 10:19\" data-link=\"1965.61508\">Hebrews 10:19-23</span>. Only remedy is drawing near to God.",
    "puborder": 1981,
    "translations": []
  }
]