[
  {
    "para_id": "14807.295",
    "id_prev": "14807.293",
    "id_next": "14807.296",
    "refcode_1": "CSI",
    "refcode_2": "38",
    "refcode_3": "",
    "refcode_4": "34",
    "refcode_short": "CSI 38",
    "refcode_long": "Counsels on Social Issues, p. 38 (Ellen G. White Estate)",
    "element_type": "h3",
    "element_subtype": "",
    "content": "<i>Counsel #3</i> &mdash; Showing Mercy Honors Jesus",
    "puborder": 257,
    "translations": []
  },
  {
    "para_id": "14807.296",
    "id_prev": "14807.295",
    "id_next": "14807.297",
    "refcode_1": "CSI",
    "refcode_2": "38",
    "refcode_3": "1",
    "refcode_4": "",
    "refcode_short": "CSI 38.1",
    "refcode_long": "Counsels on Social Issues, p. 38.1 (Ellen G. White Estate)",
    "element_type": "p",
    "element_subtype": "standard-indented",
    "content": "<a href=\"https://media2.egwwritings.org/images/14807/3_prejudice/3_prejudice.webp\" alt=\"Counsel #3 &mdash; Showing Mercy Honors Jesus\" title=\"Counsel #3 &mdash; Showing Mercy Honors Jesus\" data-link=\"https://egw.bz/go?uri=https%3a%2f%2fmedia2.egwwritings.org%2fimages%2f14807%2f3_prejudice%2f3_prejudice.webp\" class=\"egwlink egwlink_external\">Picture:</a> <i>Counsel #3</i> &mdash; Showing Mercy Honors Jesus",
    "puborder": 258,
    "translations": []
  },
  {
    "para_id": "14807.297",
    "id_prev": "14807.296",
    "id_next": "14807.298",
    "refcode_1": "CSI",
    "refcode_2": "38",
    "refcode_3": "2",
    "refcode_4": "",
    "refcode_short": "CSI 38.2",
    "refcode_long": "Counsels on Social Issues, p. 38.2 (Ellen G. White Estate)",
    "element_type": "p",
    "element_subtype": "standard-indented",
    "content": "According to <span title=\"Matthew 25:1\" class=\"egwlink egwlink_bible\" data-link=\"1965.49015\">Matthew 25</span>, every neglect of the needy, the exploited, oppressed and homeless is neglect of Jesus. Biblical principles as practiced by our compassionate Redeemer lessen suffering and bring hope and love into the lives of those who have least.",
    "puborder": 259,
    "translations": []
  },
  {
    "para_id": "14807.298",
    "id_prev": "14807.297",
    "id_next": "14807.299",
    "refcode_1": "CSI",
    "refcode_2": "38",
    "refcode_3": "3",
    "refcode_4": "",
    "refcode_short": "CSI 38.3",
    "refcode_long": "Counsels on Social Issues, p. 38.3 (Ellen G. White Estate)",
    "element_type": "p",
    "element_subtype": "standard-indented",
    "content": "The directives found in Leviticus were given to avoid the exploitative accumulation of wealth by one societal group and the poverty and degradation of another. Policies that enrich one class of persons through the oppression and suffering of another class are prohibited in God&rsquo;s Word. It is our privilege and responsibility to not only provide for the temporal needs of the poor, but to also share the sweet news that Jesus loves them.<sup class=\"footnote\"><a class=\"footnote\">[75]<span class=\"footnote\"><a href=\"https://m.egwwritings.org/en/book/2.458\" data-link=\"https://egw.bz/go?uri=https%3a%2f%2fm.egwwritings.org%2fen%2fbook%2f2.458\" class=\"egwlink egwlink_external\">https://m.egwwritings.org/en/book/2.458</a></span></a></sup>",
    "puborder": 260,
    "translations": []
  },
  {
    "para_id": "14807.299",
    "id_prev": "14807.298",
    "id_next": "14807.300",
    "refcode_1": "CSI",
    "refcode_2": "38",
    "refcode_3": "4",
    "refcode_4": "",
    "refcode_short": "CSI 38.4",
    "refcode_long": "Counsels on Social Issues, p. 38.4 (Ellen G. White Estate)",
    "element_type": "p",
    "element_subtype": "standard-indented",
    "content": "&ldquo;He who oppresses the poor reproaches his maker, but he that honors him has mercy on the needy.&rdquo; <b><span title=\"Proverbs 14:31\" class=\"egwlink egwlink_bible\" data-link=\"1965.34271\">Proverbs 14:31</span> NKJV</b>",
    "puborder": 261,
    "translations": []
  },
  {
    "para_id": "14807.300",
    "id_prev": "14807.299",
    "id_next": "14807.301",
    "refcode_1": "CSI",
    "refcode_2": "38",
    "refcode_3": "5",
    "refcode_4": "",
    "refcode_short": "CSI 38.5",
    "refcode_long": "Counsels on Social Issues, p. 38.5 (Ellen G. White Estate)",
    "element_type": "p",
    "element_subtype": "standard-indented",
    "content": "&ldquo;At the feet of Jesus, the rich and the poor, the learned and the ignorant, meet together, with no thought of caste or worldly pre-eminence. All earthly distinctions are forgotten as we look upon Him whom our sins have pierced…. We are all woven together in the great web of humanity, and we cannot, without loss, withdraw our sympathies from one another.&rdquo; Ellen White in <span class=\"egwlink egwlink_book\" title=\"GW 330\" data-link=\"35.1704\"><b><i>Gospel Workers</i>, p. 330, 331</b></span>",
    "puborder": 262,
    "translations": []
  },
  {
    "para_id": "14807.301",
    "id_prev": "14807.300",
    "id_next": "14807.303",
    "refcode_1": "CSI",
    "refcode_2": "38",
    "refcode_3": "6",
    "refcode_4": "",
    "refcode_short": "CSI 38.6",
    "refcode_long": "Counsels on Social Issues, p. 38.6 (Ellen G. White Estate)",
    "element_type": "p",
    "element_subtype": "standard-indented",
    "content": "<b>Reflect: </b>In what ways can you be mindful in bringing Jesus&rsquo; hope and love to those who have the least?",
    "puborder": 263,
    "translations": []
  }
]