[
  {
    "para_id": "14807.268",
    "id_prev": "14807.266",
    "id_next": "14807.269",
    "refcode_1": "CSI",
    "refcode_2": "34",
    "refcode_3": "",
    "refcode_4": "31",
    "refcode_short": "CSI 34",
    "refcode_long": "Counsels on Social Issues, p. 34 (Ellen G. White Estate)",
    "element_type": "h3",
    "element_subtype": "",
    "content": "<i>Counsel #15</i> &mdash; Implications Of Mass Incarceration",
    "puborder": 234,
    "translations": []
  },
  {
    "para_id": "14807.269",
    "id_prev": "14807.268",
    "id_next": "14807.270",
    "refcode_1": "CSI",
    "refcode_2": "34",
    "refcode_3": "1",
    "refcode_4": "",
    "refcode_short": "CSI 34.1",
    "refcode_long": "Counsels on Social Issues, p. 34.1 (Ellen G. White Estate)",
    "element_type": "p",
    "element_subtype": "standard-indented",
    "content": "<a href=\"https://media2.egwwritings.org/images/14807/2_racial_injustice/15_racial_injustice.webp\" alt=\"Counsel #15 &mdash; Implications Of Mass Incarceration\" title=\"Counsel #15 &mdash; Implications Of Mass Incarceration\" data-link=\"https://egw.bz/go?uri=https%3a%2f%2fmedia2.egwwritings.org%2fimages%2f14807%2f2_racial_injustice%2f15_racial_injustice.webp\" class=\"egwlink egwlink_external\">Picture:</a> <i>Counsel #15</i> &mdash; Implications Of Mass Incarceration",
    "puborder": 235,
    "translations": []
  },
  {
    "para_id": "14807.270",
    "id_prev": "14807.269",
    "id_next": "14807.271",
    "refcode_1": "CSI",
    "refcode_2": "34",
    "refcode_3": "2",
    "refcode_4": "",
    "refcode_short": "CSI 34.2",
    "refcode_long": "Counsels on Social Issues, p. 34.2 (Ellen G. White Estate)",
    "element_type": "p",
    "element_subtype": "standard-indented",
    "content": "Mass incarceration is a modern extension of slavery, perpetuated by a system that thrives on maintaining an underclass. Poverty, one of the strongest factors contributing to crime, is systematically enforced to keep certain groups oppressed. As highlighted in the documentary <i>13<sup>th</sup></i>,<sup class=\"footnote\"><a class=\"footnote\">[70]<span class=\"footnote\"><a href=\"https://youtu.be/krfcq5pF8u8?si=YJO5TbcvH4oRPCl7\" data-link=\"https://egw.bz/go?uri=https%3a%2f%2fyoutu.be%2fkrfcq5pF8u8%3fsi%3dYJO5TbcvH4oRPCl7\" class=\"egwlink egwlink_external\">https://youtu.be/krfcq5pF8u8?si=YJO5TbcvH4oRPCl7</a></span></a></sup> the American incarceration system was intentionally designed to control those perceived as threats. Prejudices are passed down through generations, fueled by fear and phrases like &quot;Look at how many of them are in prison!&quot; or &quot;Black on Black crime,&quot; which statements are inherently racist. Crime tends to occur within one&apos;s community, yet fears persist that &quot;they&rsquo;re going to come and get us,&quot; reinforcing segregation and mass incarceration, particularly of Black people.<sup class=\"footnote\"><a class=\"footnote\">[71]<span class=\"footnote\"><a href=\"https://naacp.org/resources/criminal-justice-fact-sheet\" data-link=\"https://egw.bz/go?uri=https%3a%2f%2fnaacp.org%2fresources%2fcriminal-justice-fact-sheet\" class=\"egwlink egwlink_external\">https://naacp.org/resources/criminal-justice-fact-sheet</a></span></a></sup>",
    "puborder": 236,
    "translations": []
  },
  {
    "para_id": "14807.271",
    "id_prev": "14807.270",
    "id_next": "14807.272",
    "refcode_1": "CSI",
    "refcode_2": "34",
    "refcode_3": "3",
    "refcode_4": "",
    "refcode_short": "CSI 34.3",
    "refcode_long": "Counsels on Social Issues, p. 34.3 (Ellen G. White Estate)",
    "element_type": "p",
    "element_subtype": "standard-indented",
    "content": "Spiritually, this reflects a deeper truth: we are all enslaved by sin. Physical imprisonment can paradoxically lead to mental freedom, as some find liberation from sin while incarcerated. The true mass incarceration isn&rsquo;t limited to the U.S. prison system; it&rsquo;s the spiritual state of every person living without surrender to Jesus.<sup class=\"footnote\"><a class=\"footnote\">[72]<span class=\"footnote\"><a href=\"https://adventistpeace.org/blogcontent/2021/3/21/adventist-peace-radio-episode-64-mass-incarceration\" data-link=\"https://egw.bz/go?uri=https%3a%2f%2fadventistpeace.org%2fblogcontent%2f2021%2f3%2f21%2fadventist-peace-radio-episode-64-mass-incarceration\" class=\"egwlink egwlink_external\">https://adventistpeace.org/blogcontent/2021/3/21/adventist-peace-radio-episode-64-mass-incarceration</a> (About mass incarceration begins at minute 18:13.)</span></a></sup>",
    "puborder": 237,
    "translations": []
  },
  {
    "para_id": "14807.272",
    "id_prev": "14807.271",
    "id_next": "14807.273",
    "refcode_1": "CSI",
    "refcode_2": "34",
    "refcode_3": "4",
    "refcode_4": "",
    "refcode_short": "CSI 34.4",
    "refcode_long": "Counsels on Social Issues, p. 34.4 (Ellen G. White Estate)",
    "element_type": "p",
    "element_subtype": "standard-indented",
    "content": "&quot;I will punish them for the bad things they did. But I am saving that punishment for when they slip and do bad things. Their time of trouble is near. Their punishment will come quickly.&quot; <b><span title=\"Deuteronomy 32:35\" class=\"egwlink egwlink_bible\" data-link=\"1965.11779\">Deuteronomy 32:35</span> ERV</b>",
    "puborder": 238,
    "translations": []
  },
  {
    "para_id": "14807.273",
    "id_prev": "14807.272",
    "id_next": "14807.274",
    "refcode_1": "CSI",
    "refcode_2": "34",
    "refcode_3": "5",
    "refcode_4": "",
    "refcode_short": "CSI 34.5",
    "refcode_long": "Counsels on Social Issues, p. 34.5 (Ellen G. White Estate)",
    "element_type": "p",
    "element_subtype": "standard-indented",
    "content": "&ldquo;You will need to be guarded in order to deal justly, to love mercy and to exercise it not simply toward a few, but toward every individual with whom you are associated.&rdquo; Ellen White in <span class=\"egwlink egwlink_book\" title=\"6LtMs, Lt 18, 1890\" data-link=\"14056.4973001\"><b><i>Letter 18,</i> 1890, October 18, 1890</b></span>",
    "puborder": 239,
    "translations": []
  },
  {
    "para_id": "14807.274",
    "id_prev": "14807.273",
    "id_next": "14807.276",
    "refcode_1": "CSI",
    "refcode_2": "34",
    "refcode_3": "6",
    "refcode_4": "",
    "refcode_short": "CSI 34.6",
    "refcode_long": "Counsels on Social Issues, p. 34.6 (Ellen G. White Estate)",
    "element_type": "p",
    "element_subtype": "standard-indented",
    "content": "<b>Reflect: </b>In what ways would you consider advocating for the incarcerated?",
    "puborder": 240,
    "translations": []
  }
]