[
  {
    "para_id": "13940.2016",
    "id_prev": "13940.2014",
    "id_next": "13940.2611",
    "refcode_1": "WGD",
    "refcode_2": "326",
    "refcode_3": "",
    "refcode_4": "324",
    "refcode_short": "WGD 326",
    "refcode_long": "With God at Dawn, p. 326 (Ellen Gould White)",
    "element_type": "h3",
    "element_subtype": "",
    "content": "He Draws All Men by His Death, November 20",
    "puborder": 2004,
    "translations": []
  },
  {
    "para_id": "13940.2611",
    "id_prev": "13940.2016",
    "id_next": "13940.2017",
    "refcode_1": "WGD",
    "refcode_2": "326",
    "refcode_3": "",
    "refcode_4": "",
    "refcode_short": "",
    "refcode_long": "",
    "element_type": "p",
    "element_subtype": "center",
    "content": "Redemption Promised",
    "puborder": 2005,
    "translations": []
  },
  {
    "para_id": "13940.2017",
    "id_prev": "13940.2611",
    "id_next": "13940.2018",
    "refcode_1": "WGD",
    "refcode_2": "326",
    "refcode_3": "1",
    "refcode_4": "",
    "refcode_short": "WGD 326.1",
    "refcode_long": "With God at Dawn, p. 326.1 (Ellen Gould White)",
    "element_type": "p",
    "element_subtype": "devotionaltext",
    "content": "And I, if I be lifted up from the earth, will draw all men unto me. <span class=\"egwlink egwlink_bible\" title=\"John 12:32\" data-link=\"1965.54279\">John 12:32</span>.",
    "puborder": 2006,
    "translations": []
  },
  {
    "para_id": "13940.2018",
    "id_prev": "13940.2017",
    "id_next": "13940.2019",
    "refcode_1": "WGD",
    "refcode_2": "326",
    "refcode_3": "2",
    "refcode_4": "",
    "refcode_short": "WGD 326.2",
    "refcode_long": "With God at Dawn, p. 326.2 (Ellen Gould White)",
    "element_type": "p",
    "element_subtype": "standard-indented",
    "content": "The great plan of redemption results in fully bringing back the world into God&rsquo;s favor. All that was lost by sin is restored. Not only man but the earth is redeemed, to be the eternal abode of the obedient. For six thousand years, Satan has struggled to maintain possession of the earth. Now God&rsquo;s original purpose in its creation is accomplished. &ldquo;The saints of the Most High shall take the kingdom, and possess the kingdom forever, even forever and ever.&rdquo;&mdash;<span class=\"egwlink egwlink_book\" title=\"PP 342.1\" data-link=\"84.1535\">Patriarchs and Prophets, 342</span>.",
    "puborder": 2007,
    "translations": []
  },
  {
    "para_id": "13940.2019",
    "id_prev": "13940.2018",
    "id_next": "13940.2020",
    "refcode_1": "WGD",
    "refcode_2": "326",
    "refcode_3": "3",
    "refcode_4": "",
    "refcode_short": "WGD 326.3",
    "refcode_long": "With God at Dawn, p. 326.3 (Ellen Gould White)",
    "element_type": "p",
    "element_subtype": "standard-indented",
    "content": "The true object of education is to restore the image of God in the soul. In the beginning, God created man in His own likeness. He endowed him with noble qualities. His mind was well balanced, and all the powers of his being were harmonious. But the fall and its effects have perverted these gifts.... To bring him back to the perfection in which he was first created, is the great object of life&mdash;the object that underlies every other. It is the work of parents and teachers, in the education of the youth, to co-operate with the divine purpose; and in so doing they are &ldquo;laborers together with God.&rdquo;&mdash;<span class=\"egwlink egwlink_book\" title=\"PP 595.1\" data-link=\"84.2803\">Patriarchs and Prophets, 595</span>.",
    "puborder": 2008,
    "translations": []
  },
  {
    "para_id": "13940.2020",
    "id_prev": "13940.2019",
    "id_next": "13940.2022",
    "refcode_1": "WGD",
    "refcode_2": "326",
    "refcode_3": "4",
    "refcode_4": "",
    "refcode_short": "WGD 326.4",
    "refcode_long": "With God at Dawn, p. 326.4 (Ellen Gould White)",
    "element_type": "p",
    "element_subtype": "standard-indented",
    "content": "The theme of redemption will bear the most concentrated study, and its depths will never be fully explored. Do not fear that you will exhaust the wonderful theme. Go to the fountain for yourself, that you may be filled with refreshment. Drink deep at the well of salvation, that Jesus may be in you a well of water, springing up unto everlasting life.&mdash;<span class=\"egwlink egwlink_book\" title=\"CT 528.1\" data-link=\"23.2583\">Counsels to Parents, Teachers, and Students, 528</span>.",
    "puborder": 2009,
    "translations": []
  }
]