[
  {
    "para_id": "2738.2318",
    "id_prev": "2738.2314",
    "id_next": "2738.2319",
    "refcode_1": "SHM",
    "refcode_2": "371",
    "refcode_3": "",
    "refcode_4": "28",
    "refcode_short": "SHM 371",
    "refcode_long": "The Story of our Health Message, p. 371 (Dores Eugene Robinson)",
    "element_type": "h3",
    "element_subtype": "",
    "content": "CHAPTER 33 &ldquo;WE WAIT FOR LIGHT&rdquo;",
    "puborder": 1683,
    "translations": []
  },
  {
    "para_id": "2738.2319",
    "id_prev": "2738.2318",
    "id_next": "2738.2320",
    "refcode_1": "SHM",
    "refcode_2": "371",
    "refcode_3": "1",
    "refcode_4": "",
    "refcode_short": "SHM 371.1",
    "refcode_long": "The Story of our Health Message, p. 371.1 (Dores Eugene Robinson)",
    "element_type": "p",
    "element_subtype": "standard-indented",
    "content": "THE CALENDAR announced 10 A.M., September 20, 1906, as the opening hour for the College of Evangelists. At the appointed time a portion of the faculty met, conducted morning devotions, and declared the school open. No assignment of lessons was made, for there were no students present. After the opening exercises, the doors were closed pending the arrival of the prospective students and other faculty members.",
    "puborder": 1684,
    "translations": []
  },
  {
    "para_id": "2738.2320",
    "id_prev": "2738.2319",
    "id_next": "2738.2321",
    "refcode_1": "SHM",
    "refcode_2": "371",
    "refcode_3": "2",
    "refcode_4": "",
    "refcode_short": "SHM 371.2",
    "refcode_long": "The Story of our Health Message, p. 371.2 (Dores Eugene Robinson)",
    "element_type": "p",
    "element_subtype": "standard-indented",
    "content": "These were times of testing the faith, not only of conference leaders, but of prospective medical students. Because of the uncertainty of the future work of the college, there was a feeling of trepidation on the part of many who had reason to fear that enrollment in this new school might lead not only to the loss of a year or more of time, but later a necessary transfer to some school of the world for the completion of their courses. However, by the fourth of October, 1906, the remainder of the faculty and about thirty-five students having then arrived, schoolwork began.",
    "puborder": 1685,
    "translations": []
  }
]