[
  {
    "para_id": "2738.2464",
    "id_prev": "2738.2463",
    "id_next": "2738.2465",
    "refcode_1": "SHM",
    "refcode_2": "394",
    "refcode_3": "",
    "refcode_4": "243",
    "refcode_short": "SHM 394",
    "refcode_long": "The Story of our Health Message, p. 394 (Dores Eugene Robinson)",
    "element_type": "h4",
    "element_subtype": "",
    "content": "Another Severe Test",
    "puborder": 1789,
    "translations": []
  },
  {
    "para_id": "2738.2465",
    "id_prev": "2738.2464",
    "id_next": "2738.2466",
    "refcode_1": "SHM",
    "refcode_2": "394",
    "refcode_3": "2",
    "refcode_4": "",
    "refcode_short": "SHM 394.2",
    "refcode_long": "The Story of our Health Message, p. 394.2 (Dores Eugene Robinson)",
    "element_type": "p",
    "element_subtype": "standard-indented",
    "content": "Two years later, in 1915, there came another severe test of faith in the rapidly expanding work of the College of Medical Evangelists. Despite the efforts that had been put forth, and the investments of scores of thousands of dollars, the College of Medical Evangelists had but a C rating. This low rating closed the door against the graduates in many of the states. Had we after all, some questioned, fought a losing battle? To go ahead, with any hope of success, it was necessary that provision be made for the necessary clinical experience by erecting a hospital in the city of Los Angeles. This required an initial outlay of more than $60,000. Some urged that the large indebtedness already incurred should first be met, but it was pointed out that the standing of the graduates would be imperiled by delay.",
    "puborder": 1790,
    "translations": []
  },
  {
    "para_id": "2738.2466",
    "id_prev": "2738.2465",
    "id_next": "2738.2469",
    "refcode_1": "SHM",
    "refcode_2": "394",
    "refcode_3": "3",
    "refcode_4": "",
    "refcode_short": "SHM 394.3",
    "refcode_long": "The Story of our Health Message, p. 394.3 (Dores Eugene Robinson)",
    "element_type": "p",
    "element_subtype": "standard-indented",
    "content": "The issue came up for final decision at a meeting of the constituency of the College of Medical Evangelists held in connection with the Autumn Council of the General Conference Committee assembled at Loma Linda in 1915. The remarks of some were indicative of an imminent strong <span class=\"page-break\" data-page=\"395\"></span> opposition to going ahead with the required program. During an evening meeting of the session, as those present were considering the grave problems that presented themselves, there came a gentle tap on the door. The following statement, based upon the memory of one who was present, states in graphic manner what followed:",
    "puborder": 1791,
    "translations": []
  },
  {
    "para_id": "2738.2469",
    "id_prev": "2738.2466",
    "id_next": "2738.2470",
    "refcode_1": "SHM",
    "refcode_2": "395",
    "refcode_3": "1",
    "refcode_4": "",
    "refcode_short": "SHM 395.1",
    "refcode_long": "The Story of our Health Message, p. 395.1 (Dores Eugene Robinson)",
    "element_type": "p",
    "element_subtype": "standard-indented",
    "content": "&ldquo;Four women requested admittance and a moment&rsquo;s time of the conference. They were Mrs. Josephine Gotzian, lover of our medical work; Mrs. Stephen N. Haskell, woman of faith and strong belief in the power of the Word of God; her sister, Mrs. Emma Gray, who had been left a widow comparatively early in life with a family on her hands, and had little with which to do, but who had triumphed over many obstacles and who knew what it meant to contend against great odds; and Dr. Florence Keller, whose pioneer work as a physician in New Zealand for this people had thrilled many a heart. ...",
    "puborder": 1792,
    "translations": []
  },
  {
    "para_id": "2738.2470",
    "id_prev": "2738.2469",
    "id_next": "2738.2471",
    "refcode_1": "SHM",
    "refcode_2": "395",
    "refcode_3": "2",
    "refcode_4": "",
    "refcode_short": "SHM 395.2",
    "refcode_long": "The Story of our Health Message, p. 395.2 (Dores Eugene Robinson)",
    "element_type": "p",
    "element_subtype": "standard-indented",
    "content": "&ldquo;In earnest tones these sisters requested that the school go on; that a hospital be erected in Los Angeles as a teaching unit for the clinical division; that it be dedicated and made sacred to the memory of Ellen G. White; and that the task of raising the money for this hospital be committed to the women of the denomination. A sacred hush pervaded the room, and then these quiet members of the remnant church&mdash;not one of whom held any official position&mdash;thanked the brethren for their courtesy and retired. But their words had spoken courage, and many a heart there had been inspired.&rdquo;&mdash;Dr. P. T. Magan, <span class=\"egw-no-link\" title=\"MedEv 2-15-1940\">The Medical Evangelist, February 15, 1940</span>.",
    "puborder": 1793,
    "translations": []
  }
]