[
  {
    "para_id": "2738.664",
    "id_prev": "2738.663",
    "id_next": "2738.665",
    "refcode_1": "SHM",
    "refcode_2": "108",
    "refcode_3": "",
    "refcode_4": "28",
    "refcode_short": "SHM 108",
    "refcode_long": "The Story of our Health Message, p. 108 (Dores Eugene Robinson)",
    "element_type": "h4",
    "element_subtype": "",
    "content": "The Effects of Poisonous Drugs",
    "puborder": 484,
    "translations": []
  },
  {
    "para_id": "2738.665",
    "id_prev": "2738.664",
    "id_next": "2738.666",
    "refcode_1": "SHM",
    "refcode_2": "108",
    "refcode_3": "2",
    "refcode_4": "",
    "refcode_short": "SHM 108.2",
    "refcode_long": "The Story of our Health Message, p. 108.2 (Dores Eugene Robinson)",
    "element_type": "p",
    "element_subtype": "standard-indented",
    "content": "An uncompromising stand was early taken against the use of the common poisonous drugs so freely prescribed at that time by nearly all physicians. In the third number of the series on &ldquo;How to Live,&rdquo; Mrs. White&rsquo;s article gave instruction regarding the effects of the popular drugs. She related how in panoramic views typical cases were presented before her, and gave detailed description of the physical effects of the drugs that were administered by the physicians called for advice and treatment. In the first instance a man whose daughter was sick related to the physician the details of the illness and death of his wife, a son, and a daughter, to whom powerful drugs had been administered by attending physicians. The father made a pitiful appeal in behalf of his only remaining daughter. The attending physician left the sickroom without administering any medicine.",
    "puborder": 485,
    "translations": []
  },
  {
    "para_id": "2738.666",
    "id_prev": "2738.665",
    "id_next": "2738.669",
    "refcode_1": "SHM",
    "refcode_2": "108",
    "refcode_3": "3",
    "refcode_4": "",
    "refcode_short": "SHM 108.3",
    "refcode_long": "The Story of our Health Message, p. 108.3 (Dores Eugene Robinson)",
    "element_type": "p",
    "element_subtype": "standard-indented",
    "content": "In the place of a prescription for powerful drugs, a few simple rules calling for freedom from excitement, a <span class=\"page-break\" data-page=\"109\"></span> cheerful atmosphere, simple diet, an abundance of pure, soft water to be used as a beverage, frequent bathing, light massage, adequate ventilation, and quiet, undisturbed rest were left with the father.",
    "puborder": 486,
    "translations": []
  },
  {
    "para_id": "2738.669",
    "id_prev": "2738.666",
    "id_next": "2738.670",
    "refcode_1": "SHM",
    "refcode_2": "109",
    "refcode_3": "1",
    "refcode_4": "",
    "refcode_short": "SHM 109.1",
    "refcode_long": "The Story of our Health Message, p. 109.1 (Dores Eugene Robinson)",
    "element_type": "p",
    "element_subtype": "standard-indented",
    "content": "&ldquo;Follow my directions,&rdquo; assured the physician, &ldquo;and I trust in a few weeks to present her to you in a much better condition of health, if not fully restored.&rdquo;&mdash;<span class=\"egwlink egwlink_book\" title=\"2SM 446.3\" data-link=\"99.2703\">How to Live 3:55</span>.",
    "puborder": 487,
    "translations": []
  },
  {
    "para_id": "2738.670",
    "id_prev": "2738.669",
    "id_next": "2738.671",
    "refcode_1": "SHM",
    "refcode_2": "109",
    "refcode_3": "2",
    "refcode_4": "",
    "refcode_short": "SHM 109.2",
    "refcode_long": "The Story of our Health Message, p. 109.2 (Dores Eugene Robinson)",
    "element_type": "p",
    "element_subtype": "standard-indented",
    "content": "A patient treated with nux vomica, another with calomel, and a third with opium were next viewed. The scenes were shifted from one case to another, each time revealing the tragic progressive action of the drug taken; and in contrast was shown the steady improvement of the first case, which was treated rationally with no drugs. In the third scene the daughter was seated by the side of her father, with the glow of health upon her countenance, and the doctor said:",
    "puborder": 488,
    "translations": []
  },
  {
    "para_id": "2738.671",
    "id_prev": "2738.670",
    "id_next": "2738.672",
    "refcode_1": "SHM",
    "refcode_2": "109",
    "refcode_3": "3",
    "refcode_4": "",
    "refcode_short": "SHM 109.3",
    "refcode_long": "The Story of our Health Message, p. 109.3 (Dores Eugene Robinson)",
    "element_type": "p",
    "element_subtype": "standard-indented",
    "content": "&ldquo;I present to you your daughter restored to health. I gave her no medicine that I might leave her with an unbroken constitution. Medicine never could have accomplished this. Medicine deranges nature&rsquo;s fine machinery and breaks down the constitution and kills, but never cures. Nature alone possesses the restorative powers.&rdquo;&mdash;<span class=\"egwlink egwlink_book\" title=\"2SM 448.2\" data-link=\"99.2717\">Ibid., 3:57</span>.",
    "puborder": 489,
    "translations": []
  },
  {
    "para_id": "2738.672",
    "id_prev": "2738.671",
    "id_next": "2738.675",
    "refcode_1": "SHM",
    "refcode_2": "109",
    "refcode_3": "4",
    "refcode_4": "",
    "refcode_short": "SHM 109.4",
    "refcode_long": "The Story of our Health Message, p. 109.4 (Dores Eugene Robinson)",
    "element_type": "p",
    "element_subtype": "standard-indented",
    "content": "In each issue of the series of pamphlets &ldquo;How to Live,&rdquo; Mrs. White&rsquo;s article on a certain phase of the health reform was buttressed by writings from the pen of other writers on the subject&mdash;physicians and reformers. In the second article Mrs. White dealt with the subject of the home, the relations of husband and wife, and proper care of infants and children. It was in this connection that she first counseled against sending the child to school too early. She urged that &ldquo;during the first six or seven years of a child&rsquo;s life special attention should be given to its physical training, rather than the intellect. After this period, if the physical constitution is good, the education of both should receive attention. Infancy extends to the age of six or seven years. Up to this <span class=\"page-break\" data-page=\"110\"></span> period children should be left like little lambs, to roam around the house, and in the yards, in the buoyancy of their spirits, skipping and jumping, free from care and trouble.&rdquo;&mdash;<span class=\"egwlink egwlink_book\" title=\"2SM 437.1\" data-link=\"99.2654\">Ibid., 2:44</span>.",
    "puborder": 490,
    "translations": []
  }
]