[
  {
    "para_id": "2738.445",
    "id_prev": "2738.442",
    "id_next": "2738.446",
    "refcode_1": "SHM",
    "refcode_2": "74",
    "refcode_3": "",
    "refcode_4": "2",
    "refcode_short": "SHM 74",
    "refcode_long": "The Story of our Health Message, p. 74 (Dores Eugene Robinson)",
    "element_type": "h4",
    "element_subtype": "",
    "content": "As a Means of Helping Others",
    "puborder": 325,
    "translations": []
  },
  {
    "para_id": "2738.446",
    "id_prev": "2738.445",
    "id_next": "2738.447",
    "refcode_1": "SHM",
    "refcode_2": "74",
    "refcode_3": "1",
    "refcode_4": "",
    "refcode_short": "SHM 74.1",
    "refcode_long": "The Story of our Health Message, p. 74.1 (Dores Eugene Robinson)",
    "element_type": "p",
    "element_subtype": "standard-indented",
    "content": "That it might be the means of helping others, Elder White then printed the entire article from Dr. Jackson, as first published in the <em>Yates County Chronicle.</em> In an introductory statement he said:",
    "puborder": 326,
    "translations": []
  },
  {
    "para_id": "2738.447",
    "id_prev": "2738.446",
    "id_next": "2738.448",
    "refcode_1": "SHM",
    "refcode_2": "74",
    "refcode_3": "2",
    "refcode_4": "",
    "refcode_short": "SHM 74.2",
    "refcode_long": "The Story of our Health Message, p. 74.2 (Dores Eugene Robinson)",
    "element_type": "p",
    "element_subtype": "standard-indented",
    "content": "&ldquo;Diphtheria is making dreadful ravages in our land. It is a much dreaded disease, because physicians so often fail to cure it. If it can be cured by the simple prescription of Dr. Jackson, found in the following article, it is important that the fact should be known.&rdquo;&mdash;<span class=\"nol-ink\" title=\"RH 2-17-1863\">The Review and Herald, February 17, 1863</span>.",
    "puborder": 327,
    "translations": []
  },
  {
    "para_id": "2738.448",
    "id_prev": "2738.447",
    "id_next": "2738.449",
    "refcode_1": "SHM",
    "refcode_2": "74",
    "refcode_3": "3",
    "refcode_4": "",
    "refcode_short": "SHM 74.3",
    "refcode_long": "The Story of our Health Message, p. 74.3 (Dores Eugene Robinson)",
    "element_type": "p",
    "element_subtype": "standard-indented",
    "content": "This experience seems to have led Elder White to take a greater interest in passing on from time to time to the readers of the <em>Review and Herald,</em> of which he was then editor, a few articles selected from other journals, giving some simple rules for the maintenance of health&mdash;such as proper dress, ventilation, diet, and rest. One such article from Dio Lewis, and three from W. W. Hall&rsquo;s <em>Journal of Health,</em> may be found in the issues for January 20 and in three successive numbers: May 5, 12, and 19.",
    "puborder": 328,
    "translations": []
  },
  {
    "para_id": "2738.449",
    "id_prev": "2738.448",
    "id_next": "2738.450",
    "refcode_1": "SHM",
    "refcode_2": "74",
    "refcode_3": "4",
    "refcode_4": "",
    "refcode_short": "SHM 74.4",
    "refcode_long": "The Story of our Health Message, p. 74.4 (Dores Eugene Robinson)",
    "element_type": "p",
    "element_subtype": "standard-indented",
    "content": "An examination of the files of the <em>Review and Herald</em> indicates, however, that aside from material discouraging the use of tobacco, tea, and coffee, and these few quoted articles, the subject of health had little place in the periodical prior to the middle of 1863.",
    "puborder": 329,
    "translations": []
  },
  {
    "para_id": "2738.450",
    "id_prev": "2738.449",
    "id_next": "2738.452",
    "refcode_1": "SHM",
    "refcode_2": "74",
    "refcode_3": "5",
    "refcode_4": "",
    "refcode_short": "SHM 74.5",
    "refcode_long": "The Story of our Health Message, p. 74.5 (Dores Eugene Robinson)",
    "element_type": "p",
    "element_subtype": "standard-indented",
    "content": "At that time, as we shall now record, a sudden impetus was given to health education among Seventh-day Adventists.",
    "puborder": 330,
    "translations": []
  }
]