[
  {
    "para_id": "2738.230",
    "id_prev": "2738.229",
    "id_next": "2738.231",
    "refcode_1": "SHM",
    "refcode_2": "40",
    "refcode_3": "",
    "refcode_4": "",
    "refcode_short": "SHM 40",
    "refcode_long": "The Story of our Health Message, p. 40 (Dores Eugene Robinson)",
    "element_type": "h4",
    "element_subtype": "",
    "content": "The American Temperance Society Organized",
    "puborder": 168,
    "translations": []
  },
  {
    "para_id": "2738.231",
    "id_prev": "2738.230",
    "id_next": "2738.234",
    "refcode_1": "SHM",
    "refcode_2": "40",
    "refcode_3": "4",
    "refcode_4": "",
    "refcode_short": "SHM 40.4",
    "refcode_long": "The Story of our Health Message, p. 40.4 (Dores Eugene Robinson)",
    "element_type": "p",
    "element_subtype": "standard-indented",
    "content": "While at this time there were individuals here and there who abstained from the use of ardent spirits, and who agreed not to furnish them to others, there was not at first any effective system of working or means of co-operation. A few of these reformers met together and began a correspondence with others, and these communications resulted in the organization of the American Temperance Society. It was their hope &ldquo;by light and love to change the habits of the nation, with regard to the use of intoxicating liquors.&rdquo; <span class=\"page-break\" data-page=\"41\"></span> The organization was effected in Boston, Massachusetts, on January 10, 1826, with the Honorable Marcus Morton as president and Justin Edwards as secretary.",
    "puborder": 169,
    "translations": []
  },
  {
    "para_id": "2738.234",
    "id_prev": "2738.231",
    "id_next": "2738.235",
    "refcode_1": "SHM",
    "refcode_2": "41",
    "refcode_3": "1",
    "refcode_4": "",
    "refcode_short": "SHM 41.1",
    "refcode_long": "The Story of our Health Message, p. 41.1 (Dores Eugene Robinson)",
    "element_type": "p",
    "element_subtype": "standard-indented",
    "content": "The labor exerted by the charter members of the society and the enthusiasm of others who united with them were phenomenal. In less than a decade they were able to report approximately 5,000 local societies, with more than 1,000,000 members. Thousands of manufacturers of spirits had been led to cease their occupation, and over 6,000 retailers had discontinued its sale. Five thousand drunkards&mdash;supposed to be incurable&mdash;had been reclaimed. And 700 ships were being navigated without the use of spirits. Temperance journals were numerous. One, <em>The Temperance Recorder,</em> of Albany, New York, claimed a subscription list of 200,000 copies. <span class=\"nol-ink\" title=\"XXX 64.1\">The Moral Reformer 1:64</span>, Wm. A. Alcott, editor. Boston: Light and Horton, 1836.",
    "puborder": 170,
    "translations": []
  },
  {
    "para_id": "2738.235",
    "id_prev": "2738.234",
    "id_next": "2738.236",
    "refcode_1": "SHM",
    "refcode_2": "41",
    "refcode_3": "2",
    "refcode_4": "",
    "refcode_short": "SHM 41.2",
    "refcode_long": "The Story of our Health Message, p. 41.2 (Dores Eugene Robinson)",
    "element_type": "p",
    "element_subtype": "standard-indented",
    "content": "Several years passed, however, before &ldquo;teetotalism&rdquo; was generally adopted by the temperance societies. The inconsistency of taking only half measures was seen by many, and protests were made, but it was difficult to move the public to take the next logically advanced step. One correspondent of a temperance journal wrote in 1835:",
    "puborder": 171,
    "translations": []
  },
  {
    "para_id": "2738.236",
    "id_prev": "2738.235",
    "id_next": "2738.237",
    "refcode_1": "SHM",
    "refcode_2": "41",
    "refcode_3": "3",
    "refcode_4": "",
    "refcode_short": "SHM 41.3",
    "refcode_long": "The Story of our Health Message, p. 41.3 (Dores Eugene Robinson)",
    "element_type": "p",
    "element_subtype": "standard-indented",
    "content": "&ldquo;While attacking spirit drinking only, we are beating the air, exciting the laughter of our opponents, and sinking beneath their scorn. Who can answer the charges of inconsistency and hypocrisy incurred by this system? A gentleman drinks his half bottle of wine, but will not allow the poor man his two pennyworth of whisky, although it were reduced with water to half the strength of his wine.&rdquo;&mdash;<span class=\"nol-ink\" title=\"XXX 8-??-1835\">The Temperance Journal, August, 1835</span>. (Boston, Massachusetts.)",
    "puborder": 172,
    "translations": []
  },
  {
    "para_id": "2738.237",
    "id_prev": "2738.236",
    "id_next": "2738.240",
    "refcode_1": "SHM",
    "refcode_2": "41",
    "refcode_3": "4",
    "refcode_4": "",
    "refcode_short": "SHM 41.4",
    "refcode_long": "The Story of our Health Message, p. 41.4 (Dores Eugene Robinson)",
    "element_type": "p",
    "element_subtype": "standard-indented",
    "content": "The difficulties encountered in making such appeals effective are indicated by the plaint of another would-be reformer: &ldquo;&lsquo;I am sorry,&rsquo; says one, &lsquo;that the wine question should be agitated.&rsquo; &lsquo;I regret it exceedingly,&rsquo; says another. &lsquo;It is ruining the temperance cause,&rsquo; says a third. &lsquo;O what a <span class=\"page-break\" data-page=\"42\"></span> pity,&rsquo; says a fourth, &lsquo;when we were going on so well.&rsquo; &lsquo;I&rsquo;ll withdraw,&rsquo; says a fifth, &lsquo;and have nothing more to do with them.&rsquo;&rdquo;&mdash;<em>Ibid.,</em> Vol. 4, December, 1835.",
    "puborder": 173,
    "translations": []
  },
  {
    "para_id": "2738.240",
    "id_prev": "2738.237",
    "id_next": "2738.241",
    "refcode_1": "SHM",
    "refcode_2": "42",
    "refcode_3": "1",
    "refcode_4": "",
    "refcode_short": "SHM 42.1",
    "refcode_long": "The Story of our Health Message, p. 42.1 (Dores Eugene Robinson)",
    "element_type": "p",
    "element_subtype": "standard-indented",
    "content": "By the middle of the century the initial activity and success of the temperance movement had greatly abated. Most of the temperance journals had only an ephemeral life. The local societies to a large degree ceased to function. It was to be a few decades before the more modern movement, fostered by the Woman&rsquo;s Christian Temperance Union and its affiliated organizations, was to take shape. However, the effects of the earlier crusade were manifest in a greatly enlightened conscience, and the use of intoxicating drinks had lost caste among church members.",
    "puborder": 174,
    "translations": []
  }
]