[
  {
    "para_id": "254.150",
    "id_prev": "254.149",
    "id_next": "254.151",
    "refcode_1": "PH124",
    "refcode_2": "19",
    "refcode_3": "",
    "refcode_4": "5",
    "refcode_short": "PH124 19",
    "refcode_long": "What Shall We Teach?, p. 19 (Ellen Gould White)",
    "element_type": "h3",
    "element_subtype": "",
    "content": "Purpose of Church School Work",
    "puborder": 121,
    "translations": [
      {
        "para_id": "11989.151",
        "lang": "ru",
        "refcode": "ЧНУ 19"
      },
      {
        "para_id": "12349.154",
        "lang": "uk",
        "refcode": "ЧСН 23"
      }
    ]
  },
  {
    "para_id": "254.151",
    "id_prev": "254.150",
    "id_next": "254.154",
    "refcode_1": "PH124",
    "refcode_2": "19",
    "refcode_3": "6",
    "refcode_4": "",
    "refcode_short": "PH124 19.6",
    "refcode_long": "What Shall We Teach?, p. 19.6 (Ellen Gould White)",
    "element_type": "p",
    "element_subtype": "standard-indented",
    "content": "&ldquo;When properly conducted, church schools will be the means of lifting the standard of truth in the places where they are established; for children who are receiving a Christian education will be witnesses for Christ. As Jesus in the temple solved the mysteries which priests and rulers had not discerned, so in the closing work of this earth, children who have been rightly educated will in their simplicity speak words which will be an astonishment to men who now talk of &lsquo;higher education.&rsquo; As the children sang in the temple courts, &lsquo;Hosanna! Blessed is He that cometh in the name <span class=\"page-break\" data-page=\"20\"></span> of the Lord,&rsquo; so in these last days, children&apos;s voices will be raised to give the last message of warning to a perishing world. When heavenly intelligences see that men are no longer permitted to present the truth, the Spirit of God will come upon the children, and they will do a work in the proclamation of the truth which the older workers cannot do, because their way will be hedged up.",
    "puborder": 122,
    "translations": [
      {
        "para_id": "11989.152",
        "lang": "ru",
        "refcode": "ЧНУ 19.6"
      },
      {
        "para_id": "12349.155",
        "lang": "uk",
        "refcode": "ЧСН 23.1"
      }
    ]
  },
  {
    "para_id": "254.154",
    "id_prev": "254.151",
    "id_next": "254.155",
    "refcode_1": "PH124",
    "refcode_2": "20",
    "refcode_3": "1",
    "refcode_4": "",
    "refcode_short": "PH124 20.1",
    "refcode_long": "What Shall We Teach?, p. 20.1 (Ellen Gould White)",
    "element_type": "p",
    "element_subtype": "standard-indented",
    "content": "&ldquo;Our church schools are ordained by God to prepare the children for this great work. Here children are to be instructed in the special truths for this time.... By them God&apos;s message will be made known, and His saving health to all nations.&rdquo;&mdash;<span class=\"egwlink egwlink_book\" title=\"6T 202.1\" data-link=\"118.1081\">Testimonies for the Church 6:202, 203</span>.",
    "puborder": 123,
    "translations": [
      {
        "para_id": "11989.155",
        "lang": "ru",
        "refcode": "ЧНУ 20.1"
      },
      {
        "para_id": "12349.156",
        "lang": "uk",
        "refcode": "ЧСН 23.2"
      }
    ]
  },
  {
    "para_id": "254.155",
    "id_prev": "254.154",
    "id_next": "254.157",
    "refcode_1": "PH124",
    "refcode_2": "20",
    "refcode_3": "2",
    "refcode_4": "",
    "refcode_short": "PH124 20.2",
    "refcode_long": "What Shall We Teach?, p. 20.2 (Ellen Gould White)",
    "element_type": "p",
    "element_subtype": "standard-indented",
    "content": "1. <strong>The Bible</strong>.&mdash;&ldquo;The Word of God is the most perfect educational book in our world.&rdquo;&mdash;<span class=\"egwlink egwlink_book\" title=\"SpTEd 19.1\" data-link=\"103.66\">Special Testimonies on Education, 19</span>.",
    "puborder": 124,
    "translations": [
      {
        "para_id": "11989.156",
        "lang": "ru",
        "refcode": "ЧНУ 20.2"
      },
      {
        "para_id": "12349.157",
        "lang": "uk",
        "refcode": "ЧСН 23.3"
      }
    ]
  },
  {
    "para_id": "254.157",
    "id_prev": "254.155",
    "id_next": "254.158",
    "refcode_1": "PH124",
    "refcode_2": "21",
    "refcode_3": "1",
    "refcode_4": "",
    "refcode_short": "PH124 21.1",
    "refcode_long": "What Shall We Teach?, p. 21.1 (Ellen Gould White)",
    "element_type": "p",
    "element_subtype": "standard-indented",
    "content": "&ldquo;The word of God is to stand as the highest educating book in our world, and is to be treated with reverential awe.&rdquo;&mdash;<span class=\"egwlink egwlink_book\" title=\"SpTEd 233.1\" data-link=\"103.933\">Special Testimonies on Education, 233</span>.",
    "puborder": 125,
    "translations": [
      {
        "para_id": "11989.158",
        "lang": "ru",
        "refcode": "ЧНУ 21.1"
      },
      {
        "para_id": "12349.159",
        "lang": "uk",
        "refcode": "ЧСН 24.1"
      }
    ]
  },
  {
    "para_id": "254.158",
    "id_prev": "254.157",
    "id_next": "254.159",
    "refcode_1": "PH124",
    "refcode_2": "21",
    "refcode_3": "2",
    "refcode_4": "",
    "refcode_short": "PH124 21.2",
    "refcode_long": "What Shall We Teach?, p. 21.2 (Ellen Gould White)",
    "element_type": "p",
    "element_subtype": "standard-indented",
    "content": "&ldquo;If used as a textbook in our schools, it will be found far more effective than any other book in the world.&rdquo;&mdash;<span class=\"egwlink egwlink_book\" title=\"CE 108.1\" data-link=\"10.457\">Christian Education, 108</span>.",
    "puborder": 126,
    "translations": [
      {
        "para_id": "11989.159",
        "lang": "ru",
        "refcode": "ЧНУ 21.2"
      },
      {
        "para_id": "12349.160",
        "lang": "uk",
        "refcode": "ЧСН 24.2"
      }
    ]
  },
  {
    "para_id": "254.159",
    "id_prev": "254.158",
    "id_next": "254.160",
    "refcode_1": "PH124",
    "refcode_2": "21",
    "refcode_3": "3",
    "refcode_4": "",
    "refcode_short": "PH124 21.3",
    "refcode_long": "What Shall We Teach?, p. 21.3 (Ellen Gould White)",
    "element_type": "p",
    "element_subtype": "standard-indented",
    "content": "&ldquo;It is the Word of God alone that gives to us an authentic account of the creation of our world. This Word is to be the chief study in our schools.&rdquo;&mdash;<span class=\"egwlink egwlink_book\" title=\"RH 11-11-1909\" data-link=\"821.30310\">The Review and Herald, November 11, 1909</span>, art. <em>&ldquo;Counsel to Teachers.&rdquo;</em>",
    "puborder": 127,
    "translations": [
      {
        "para_id": "11989.160",
        "lang": "ru",
        "refcode": "ЧНУ 21.3"
      },
      {
        "para_id": "12349.161",
        "lang": "uk",
        "refcode": "ЧСН 24.3"
      }
    ]
  },
  {
    "para_id": "254.160",
    "id_prev": "254.159",
    "id_next": "254.161",
    "refcode_1": "PH124",
    "refcode_2": "21",
    "refcode_3": "4",
    "refcode_4": "",
    "refcode_short": "PH124 21.4",
    "refcode_long": "What Shall We Teach?, p. 21.4 (Ellen Gould White)",
    "element_type": "p",
    "element_subtype": "standard-indented",
    "content": "&ldquo;The Bible should not be brought into our schools to be sandwiched between infidelity. God&apos;s Word must be made the groundwork and subject-matter of education.&rdquo;&mdash;<span class=\"egwlink egwlink_book\" title=\"CT 16.1\" data-link=\"23.50\">Counsels to Parents, Teachers, and Students, 16</span>.",
    "puborder": 128,
    "translations": [
      {
        "para_id": "11989.161",
        "lang": "ru",
        "refcode": "ЧНУ 21.4"
      },
      {
        "para_id": "12349.162",
        "lang": "uk",
        "refcode": "ЧСН 24.4"
      }
    ]
  },
  {
    "para_id": "254.161",
    "id_prev": "254.160",
    "id_next": "254.162",
    "refcode_1": "PH124",
    "refcode_2": "21",
    "refcode_3": "5",
    "refcode_4": "",
    "refcode_short": "PH124 21.5",
    "refcode_long": "What Shall We Teach?, p. 21.5 (Ellen Gould White)",
    "element_type": "p",
    "element_subtype": "standard-indented",
    "content": "&ldquo;Let teachers be employed who will give a thorough education in the common branches, the Bible being made the foundation and the life of all study.&rdquo;&mdash;<span class=\"egwlink egwlink_book\" title=\"6T 198.1\" data-link=\"118.1062\">Testimonies for the Church 6:198</span>.",
    "puborder": 129,
    "translations": [
      {
        "para_id": "11989.162",
        "lang": "ru",
        "refcode": "ЧНУ 21.5"
      },
      {
        "para_id": "12349.163",
        "lang": "uk",
        "refcode": "ЧСН 24.5"
      }
    ]
  },
  {
    "para_id": "254.162",
    "id_prev": "254.161",
    "id_next": "254.163",
    "refcode_1": "PH124",
    "refcode_2": "21",
    "refcode_3": "6",
    "refcode_4": "",
    "refcode_short": "PH124 21.6",
    "refcode_long": "What Shall We Teach?, p. 21.6 (Ellen Gould White)",
    "element_type": "p",
    "element_subtype": "standard-indented",
    "content": "&ldquo;The cross of Christ,&mdash;how many believe it to be what it is? How many bring it into their studies, and know its true significance? There could not be a Christian in our world without the cross of Christ. Then keep it before the schools as the foundation of all true education. Turn from the examples of the world, cease to extol the professedly great men; turn the mind from the glory of everything save the cross of Christ. Said Paul, &lsquo;God forbid that I should glory, save in the cross of our Lord Jesus Christ.&rsquo;&rdquo;<span class=\"egwlink egwlink_book\" title=\"YI 7-7-1898\" data-link=\"469.2960\">The Youth&apos;s Instructor, July 7, 1898</span>, art. <em>&ldquo;God&apos;s Word our Study Book.&rdquo;</em>",
    "puborder": 130,
    "translations": [
      {
        "para_id": "11989.163",
        "lang": "ru",
        "refcode": "ЧНУ 21.6"
      },
      {
        "para_id": "12349.164",
        "lang": "uk",
        "refcode": "ЧСН 24.6"
      }
    ]
  },
  {
    "para_id": "254.163",
    "id_prev": "254.162",
    "id_next": "254.165",
    "refcode_1": "PH124",
    "refcode_2": "21",
    "refcode_3": "7",
    "refcode_4": "",
    "refcode_short": "PH124 21.7",
    "refcode_long": "What Shall We Teach?, p. 21.7 (Ellen Gould White)",
    "element_type": "p",
    "element_subtype": "standard-indented",
    "content": "The Holy Scriptures were the essential study in the schools of the prophets, and they should hold the first place in every educational system; for the foundation of all right education is a knowledge of God. Used as a textbook in our schools, the Bible will do for mind and morals what cannot be done by books of science and philosophy. As a book to discipline and strengthen the intellect, to ennoble, purify, and refine the character, it is without a rival.&rdquo;&mdash;<span class=\"egwlink egwlink_book\" title=\"CT 422.1\" data-link=\"23.2065\">Counsels to Parents, Teachers, and Students, 422</span>.",
    "puborder": 131,
    "translations": [
      {
        "para_id": "11989.164",
        "lang": "ru",
        "refcode": "ЧНУ 21.7"
      },
      {
        "para_id": "12349.166",
        "lang": "uk",
        "refcode": "ЧСН 25.1"
      }
    ]
  },
  {
    "para_id": "254.165",
    "id_prev": "254.163",
    "id_next": "254.166",
    "refcode_1": "PH124",
    "refcode_2": "22",
    "refcode_3": "1",
    "refcode_4": "",
    "refcode_short": "PH124 22.1",
    "refcode_long": "What Shall We Teach?, p. 22.1 (Ellen Gould White)",
    "element_type": "p",
    "element_subtype": "standard-indented",
    "content": "&ldquo;The Bible has not received the close attention it deserves. It has not been honored above every other book in the education of children and youth. Students devote years to acquiring an education. They study different authors, and become acquainted with science and philosophy through books containing the results of human research; but the Book that comes from the divine Teacher has, to a great extent, been neglected. Its value is not discerned; its treasures remain hidden.",
    "puborder": 132,
    "translations": [
      {
        "para_id": "11989.166",
        "lang": "ru",
        "refcode": "ЧНУ 22.1"
      },
      {
        "para_id": "12349.167",
        "lang": "uk",
        "refcode": "ЧСН 25.2"
      }
    ]
  },
  {
    "para_id": "254.166",
    "id_prev": "254.165",
    "id_next": "254.167",
    "refcode_1": "PH124",
    "refcode_2": "22",
    "refcode_3": "2",
    "refcode_4": "",
    "refcode_short": "PH124 22.2",
    "refcode_long": "What Shall We Teach?, p. 22.2 (Ellen Gould White)",
    "element_type": "p",
    "element_subtype": "standard-indented",
    "content": "&ldquo;An education of this character is defective. Who and what are these men of learning, that the minds and characters of the young should be molded by their ideas? They may publish with pen and voice the best results of their reasoning; but they grasp only an item of the work of God, and in their shortsightedness, calling it science, they exalt it above the God of science.&rdquo;&mdash;<span class=\"egwlink egwlink_book\" title=\"CT 423.1\" data-link=\"23.2071\">Counsels to Parents, Teachers, and Students, 423</span>.",
    "puborder": 133,
    "translations": [
      {
        "para_id": "11989.167",
        "lang": "ru",
        "refcode": "ЧНУ 22.2"
      },
      {
        "para_id": "12349.168",
        "lang": "uk",
        "refcode": "ЧСН 25.3"
      }
    ]
  },
  {
    "para_id": "254.167",
    "id_prev": "254.166",
    "id_next": "254.168",
    "refcode_1": "PH124",
    "refcode_2": "22",
    "refcode_3": "3",
    "refcode_4": "",
    "refcode_short": "PH124 22.3",
    "refcode_long": "What Shall We Teach?, p. 22.3 (Ellen Gould White)",
    "element_type": "p",
    "element_subtype": "standard-indented",
    "content": "2. <strong>Philosophy</strong>.&mdash;&ldquo;The Bible contains a simple and complete system of theology and philosophy.&rdquo;&mdash;<span class=\"egwlink egwlink_book\" title=\"CT 442.1\" data-link=\"23.2171\">Counsels to Parents, Teachers, and Students, 442</span>.",
    "puborder": 134,
    "translations": [
      {
        "para_id": "11989.168",
        "lang": "ru",
        "refcode": "ЧНУ 22.3"
      },
      {
        "para_id": "12349.169",
        "lang": "uk",
        "refcode": "ЧСН 25.4"
      }
    ]
  },
  {
    "para_id": "254.168",
    "id_prev": "254.167",
    "id_next": "254.169",
    "refcode_1": "PH124",
    "refcode_2": "22",
    "refcode_3": "4",
    "refcode_4": "",
    "refcode_short": "PH124 22.4",
    "refcode_long": "What Shall We Teach?, p. 22.4 (Ellen Gould White)",
    "element_type": "p",
    "element_subtype": "standard-indented",
    "content": "&ldquo;Here in the Word is ...the most profound philosophy.&rdquo;&mdash;<span class=\"egwlink egwlink_book\" title=\"SpTEd 25.1\" data-link=\"103.96\">Special Testimonies on Education, 25</span>.",
    "puborder": 135,
    "translations": [
      {
        "para_id": "11989.169",
        "lang": "ru",
        "refcode": "ЧНУ 22.4"
      },
      {
        "para_id": "12349.170",
        "lang": "uk",
        "refcode": "ЧСН 25.5"
      }
    ]
  },
  {
    "para_id": "254.169",
    "id_prev": "254.168",
    "id_next": "254.170",
    "refcode_1": "PH124",
    "refcode_2": "22",
    "refcode_3": "5",
    "refcode_4": "",
    "refcode_short": "PH124 22.5",
    "refcode_long": "What Shall We Teach?, p. 22.5 (Ellen Gould White)",
    "element_type": "p",
    "element_subtype": "standard-indented",
    "content": "&ldquo;Cold, philosophical speculations and scientific research in which God is not acknowledged, are a positive injury.&rdquo;&mdash;<span class=\"egwlink egwlink_book\" title=\"CT 423.1\" data-link=\"23.2071\">Counsels to Parents, Teachers, and Students, 423, 424</span>.",
    "puborder": 136,
    "translations": [
      {
        "para_id": "11989.170",
        "lang": "ru",
        "refcode": "ЧНУ 22.5"
      },
      {
        "para_id": "12349.172",
        "lang": "uk",
        "refcode": "ЧСН 26.1"
      }
    ]
  },
  {
    "para_id": "254.170",
    "id_prev": "254.169",
    "id_next": "254.171",
    "refcode_1": "PH124",
    "refcode_2": "22",
    "refcode_3": "6",
    "refcode_4": "",
    "refcode_short": "PH124 22.6",
    "refcode_long": "What Shall We Teach?, p. 22.6 (Ellen Gould White)",
    "element_type": "p",
    "element_subtype": "standard-indented",
    "content": "&ldquo;God&apos;s word is true philosophy, true science.&rdquo;&mdash;<span class=\"egwlink egwlink_book\" title=\"CT 433.1\" data-link=\"23.2124\">Counsels to Parents, Teachers, and Students, 433</span>.",
    "puborder": 137,
    "translations": [
      {
        "para_id": "11989.171",
        "lang": "ru",
        "refcode": "ЧНУ 22.6"
      },
      {
        "para_id": "12349.173",
        "lang": "uk",
        "refcode": "ЧСН 26.2"
      }
    ]
  },
  {
    "para_id": "254.171",
    "id_prev": "254.170",
    "id_next": "254.172",
    "refcode_1": "PH124",
    "refcode_2": "22",
    "refcode_3": "7",
    "refcode_4": "",
    "refcode_short": "PH124 22.7",
    "refcode_long": "What Shall We Teach?, p. 22.7 (Ellen Gould White)",
    "element_type": "p",
    "element_subtype": "standard-indented",
    "content": "&ldquo;The cross of Calvary, rightly regarded, is true philosophy, pure and undefiled religion.&rdquo;&mdash;<span class=\"egwlink egwlink_book\" title=\"YI 7-7-1898\" data-link=\"469.2960\">The Youth&apos;s Instructor, July 7, 1898</span>, art. <em>&ldquo;God&apos;s Word Our Study Book.&rdquo;</em>",
    "puborder": 138,
    "translations": [
      {
        "para_id": "11989.172",
        "lang": "ru",
        "refcode": "ЧНУ 22.7"
      },
      {
        "para_id": "12349.174",
        "lang": "uk",
        "refcode": "ЧСН 26.3"
      }
    ]
  }
]