[
  {
    "para_id": "71.1211",
    "id_prev": "71.2838",
    "id_next": "71.1212",
    "refcode_1": "20MR",
    "refcode_2": "175",
    "refcode_3": "",
    "refcode_4": "41",
    "refcode_short": "20MR 175",
    "refcode_long": "Manuscript Releases, vol. 20 [Nos. 1420-1500], p. 175 (Ellen Gould White)",
    "element_type": "h3",
    "element_subtype": "",
    "content": "MR No. 1460&mdash;How the Leaven of Evil Works",
    "puborder": 1045,
    "translations": []
  },
  {
    "para_id": "71.1212",
    "id_prev": "71.1211",
    "id_next": "71.1213",
    "refcode_1": "20MR",
    "refcode_2": "175",
    "refcode_3": "",
    "refcode_4": "",
    "refcode_short": "",
    "refcode_long": "",
    "element_type": "p",
    "element_subtype": "center",
    "content": "(<span class=\"non-egw-comment\">Written October 6, 1906, from Sanitarium, California, to Brother Salisbury and Associates at the Echo Publishing Company.</span>)",
    "puborder": 1046,
    "translations": []
  },
  {
    "para_id": "71.1213",
    "id_prev": "71.1212",
    "id_next": "71.1214",
    "refcode_1": "20MR",
    "refcode_2": "175",
    "refcode_3": "1",
    "refcode_4": "",
    "refcode_short": "20MR 175.1",
    "refcode_long": "Manuscript Releases, vol. 20 [Nos. 1420-1500], p. 175.1 (Ellen Gould White)",
    "element_type": "p",
    "element_subtype": "standard-indented",
    "content": "Yesterday we received the money you sent to us. We need it just now, and thank you for it.",
    "puborder": 1047,
    "translations": []
  },
  {
    "para_id": "71.1214",
    "id_prev": "71.1213",
    "id_next": "71.1215",
    "refcode_1": "20MR",
    "refcode_2": "175",
    "refcode_3": "2",
    "refcode_4": "",
    "refcode_short": "20MR 175.2",
    "refcode_long": "Manuscript Releases, vol. 20 [Nos. 1420-1500], p. 175.2 (Ellen Gould White)",
    "element_type": "p",
    "element_subtype": "standard-indented",
    "content": "I would advise that Brother Faulkhead be invited to connect with the office at Warburton. I believe that he would do good and faithful service.",
    "puborder": 1048,
    "translations": []
  },
  {
    "para_id": "71.1215",
    "id_prev": "71.1214",
    "id_next": "71.1216",
    "refcode_1": "20MR",
    "refcode_2": "175",
    "refcode_3": "3",
    "refcode_4": "",
    "refcode_short": "20MR 175.3",
    "refcode_long": "Manuscript Releases, vol. 20 [Nos. 1420-1500], p. 175.3 (Ellen Gould White)",
    "element_type": "p",
    "element_subtype": "standard-indented",
    "content": "I wish I could see Brother M straightforward, unselfish, his mind and will clean, sanctified through the truth, and every capability used to serve the Lord. Nothing would give me greater joy than to see a soul that is in peril become sensitive to the influence of the Holy Spirit. But Brother M needs the sentiments of truth to refine, purify, and ennoble the mind and the heart, the will and the purposes, that he may make himself an honor to the cause of God. In his present condition, the leaven of disaffection is at work. And when such a spirit shall be brought into the office, others will be leavened with evil. His influence in the office would be such that the souls of the apprentices serving under him would be imperiled.",
    "puborder": 1049,
    "translations": []
  },
  {
    "para_id": "71.1216",
    "id_prev": "71.1215",
    "id_next": "71.1217",
    "refcode_1": "20MR",
    "refcode_2": "175",
    "refcode_3": "4",
    "refcode_4": "",
    "refcode_short": "20MR 175.4",
    "refcode_long": "Manuscript Releases, vol. 20 [Nos. 1420-1500], p. 175.4 (Ellen Gould White)",
    "element_type": "p",
    "element_subtype": "standard-indented",
    "content": "Those who have not heeded the words of reproof that the Lord has sent to save their souls will have a hard time. Oh, I plead with every soul to soften and subdue their own dispositions, and to let self be crucified. I have had presented to me how the leaven of evil will work.",
    "puborder": 1050,
    "translations": []
  },
  {
    "para_id": "71.1217",
    "id_prev": "71.1216",
    "id_next": "71.1218",
    "refcode_1": "20MR",
    "refcode_2": "175",
    "refcode_3": "5",
    "refcode_4": "",
    "refcode_short": "20MR 175.5",
    "refcode_long": "Manuscript Releases, vol. 20 [Nos. 1420-1500], p. 175.5 (Ellen Gould White)",
    "element_type": "p",
    "element_subtype": "standard-indented",
    "content": "Satan has come down in great wrath, knowing that he hath but a short time in which to work. He will work with all deceivableness and unrighteousness. Those who in their past experience have had great light, but have not cherished that light nor purified their souls by obeying the truth, will meet with great loss.",
    "puborder": 1051,
    "translations": []
  },
  {
    "para_id": "71.1218",
    "id_prev": "71.1217",
    "id_next": "71.1219",
    "refcode_1": "20MR",
    "refcode_2": "175",
    "refcode_3": "6",
    "refcode_4": "",
    "refcode_short": "20MR 175.6",
    "refcode_long": "Manuscript Releases, vol. 20 [Nos. 1420-1500], p. 175.6 (Ellen Gould White)",
    "element_type": "p",
    "element_subtype": "standard-indented",
    "content": "Will every member of the Seventh-day Adventist Church now search his own heart, and make earnest, thorough work for repentance? Whenever a man places his own wisdom or wealth or power to control in the place where God should be, he is on the losing side. &ldquo;Thus saith the Lord, Let not the wise man glory in his wisdom, neither let the mighty man glory in his might, let not the rich man glory in his riches: But let him that glorieth, glory in this, that he understandeth and knoweth Me, that I am the Lord&rdquo; [<span class=\"egwlink egwlink_bible\" title=\"Jeremiah 9:23\" data-link=\"1965.39177\">Jeremiah 9:23, 24</span>].",
    "puborder": 1052,
    "translations": []
  },
  {
    "para_id": "71.1219",
    "id_prev": "71.1218",
    "id_next": "71.1222",
    "refcode_1": "20MR",
    "refcode_2": "175",
    "refcode_3": "7",
    "refcode_4": "",
    "refcode_short": "20MR 175.7",
    "refcode_long": "Manuscript Releases, vol. 20 [Nos. 1420-1500], p. 175.7 (Ellen Gould White)",
    "element_type": "p",
    "element_subtype": "standard-indented",
    "content": "A self-righteous man esteems his own experience as one to be trusted. He finds fault with his brethren, and acts as though he does not fear God. <span class=\"page-break\" data-page=\"176\"></span> Ministers of the gospel, unless they daily seek counsel from God, will not keep His honor in view. They will walk blindly, not in the footsteps of Jesus.",
    "puborder": 1053,
    "translations": []
  },
  {
    "para_id": "71.1222",
    "id_prev": "71.1219",
    "id_next": "71.1223",
    "refcode_1": "20MR",
    "refcode_2": "176",
    "refcode_3": "1",
    "refcode_4": "",
    "refcode_short": "20MR 176.1",
    "refcode_long": "Manuscript Releases, vol. 20 [Nos. 1420-1500], p. 176.1 (Ellen Gould White)",
    "element_type": "p",
    "element_subtype": "standard-indented",
    "content": "The spirit of antichrist is developing rapidly. Soon there will be a time when those who follow their own human nature, who manifest a love for supremacy, will be found to be on the losing side. The Lord has abased Kings, and He will say to all who, while professing to serve him, and yet make a display and depart from His counsel: &ldquo;What doest thou to declare My law, while thou thyself livest in transgression?&rdquo;",
    "puborder": 1054,
    "translations": []
  },
  {
    "para_id": "71.1223",
    "id_prev": "71.1222",
    "id_next": "71.1224",
    "refcode_1": "20MR",
    "refcode_2": "176",
    "refcode_3": "2",
    "refcode_4": "",
    "refcode_short": "20MR 176.2",
    "refcode_long": "Manuscript Releases, vol. 20 [Nos. 1420-1500], p. 176.2 (Ellen Gould White)",
    "element_type": "p",
    "element_subtype": "standard-indented",
    "content": "The Lord will come very near to the man of contrite heart. He will teach him wisdom. We cannot afford to walk apart from God. Unto him is to be ascribed all the honor and the glory for the success we attain. He is the true Light of the world, whose words are to be received and practiced. Those who exalt him above money, or praise, or glory, will gain precious victories.",
    "puborder": 1055,
    "translations": []
  },
  {
    "para_id": "71.1224",
    "id_prev": "71.1223",
    "id_next": "71.1225",
    "refcode_1": "20MR",
    "refcode_2": "176",
    "refcode_3": "3",
    "refcode_4": "",
    "refcode_short": "20MR 176.3",
    "refcode_long": "Manuscript Releases, vol. 20 [Nos. 1420-1500], p. 176.3 (Ellen Gould White)",
    "element_type": "p",
    "element_subtype": "standard-indented",
    "content": "Pray, brethren, for the Holy Spirit. Give up your own will, every desire to dominate; expel pride from the natural stubborn heart. Then we will, as church members, love as brethren, kindly, courteously. The love of Christ in the heart will expel evil speech, and as you do good to others, you will meet with the approval of Christ. Abase yourselves in the sight of God, and the Lord will lift you up.",
    "puborder": 1056,
    "translations": []
  },
  {
    "para_id": "71.1225",
    "id_prev": "71.1224",
    "id_next": "71.1226",
    "refcode_1": "20MR",
    "refcode_2": "176",
    "refcode_3": "4",
    "refcode_4": "",
    "refcode_short": "20MR 176.4",
    "refcode_long": "Manuscript Releases, vol. 20 [Nos. 1420-1500], p. 176.4 (Ellen Gould White)",
    "element_type": "p",
    "element_subtype": "standard-indented",
    "content": "Let every one who considers it is his privilege to do as he pleases, remember that the Lord will allow him to have his way, but he will be brought through bitter experiences. It is the truth, my brethren, that we all need, the truth that works by love and purifies the soul.",
    "puborder": 1057,
    "translations": []
  },
  {
    "para_id": "71.1226",
    "id_prev": "71.1225",
    "id_next": "71.1227",
    "refcode_1": "20MR",
    "refcode_2": "176",
    "refcode_3": "5",
    "refcode_4": "",
    "refcode_short": "20MR 176.5",
    "refcode_long": "Manuscript Releases, vol. 20 [Nos. 1420-1500], p. 176.5 (Ellen Gould White)",
    "element_type": "p",
    "element_subtype": "standard-indented",
    "content": "I was in a meeting in a place near Melbourne. Many people were present. There seemed to be a spirit of questioning the religious experience of others. Some could scarcely speak freely, so eager were they to criticize and condemn others who were present. But one in the assembly arose and said, Let us come to an agreement. Let us settle these questions in the fear of God. Let us bear in mind that we all acknowledge an ever-present supremacy. God is here, and He can take us all and lead us aright.",
    "puborder": 1058,
    "translations": []
  },
  {
    "para_id": "71.1227",
    "id_prev": "71.1226",
    "id_next": "71.1228",
    "refcode_1": "20MR",
    "refcode_2": "176",
    "refcode_3": "6",
    "refcode_4": "",
    "refcode_short": "20MR 176.6",
    "refcode_long": "Manuscript Releases, vol. 20 [Nos. 1420-1500], p. 176.6 (Ellen Gould White)",
    "element_type": "p",
    "element_subtype": "standard-indented",
    "content": "Has God made the world, and then left it entirely to the jurisdiction of men? Has He retired from the scene of action, and left it to the domination of human agencies? How can it be that among those who profess to obey him and to serve him, there shall be strife and variance? What a terrible thing is sin to intrude itself, to manifest itself in apostasy, rebellion, and discord in God&apos;s fair domain!",
    "puborder": 1059,
    "translations": []
  },
  {
    "para_id": "71.1228",
    "id_prev": "71.1227",
    "id_next": "71.1231",
    "refcode_1": "20MR",
    "refcode_2": "176",
    "refcode_3": "7",
    "refcode_4": "",
    "refcode_short": "20MR 176.7",
    "refcode_long": "Manuscript Releases, vol. 20 [Nos. 1420-1500], p. 176.7 (Ellen Gould White)",
    "element_type": "p",
    "element_subtype": "standard-indented",
    "content": "Let the sinner attempt to explain these matters. Lay the burden of <span class=\"page-break\" data-page=\"177\"></span> answer upon the skeptic. The Lord created all the heavenly intelligences. Lucifer, exalted to be a beautiful, glorious being in the heavenly courts, brought in jealousy [and] evil-surmising because he himself was not in the position of God. He declared that man was bound and fettered if he made God first and last and best in everything. God had not previously been obliged to speak of allegiance to His laws, for there had been no occasion for the least disaffection till it was introduced by Satan.",
    "puborder": 1060,
    "translations": []
  },
  {
    "para_id": "71.1231",
    "id_prev": "71.1228",
    "id_next": "71.1232",
    "refcode_1": "20MR",
    "refcode_2": "177",
    "refcode_3": "1",
    "refcode_4": "",
    "refcode_short": "20MR 177.1",
    "refcode_long": "Manuscript Releases, vol. 20 [Nos. 1420-1500], p. 177.1 (Ellen Gould White)",
    "element_type": "p",
    "element_subtype": "standard-indented",
    "content": "We still see the deceptive working of Satan on every side. God would have us plant our feet firmly upon the platform of His truth that we may not be deceived by his [Satan&apos;s] wonderful representations. In the rock Christ Jesus is our only safety.&mdash;<span class=\"egwlink egwlink_book\" title=\"Lt 310, 1906\" data-link=\"14071.10234001\">Letter 310, 1906</span>.",
    "puborder": 1061,
    "translations": []
  },
  {
    "para_id": "71.1232",
    "id_prev": "71.1231",
    "id_next": "71.2843",
    "refcode_1": "20MR",
    "refcode_2": "177",
    "refcode_3": "",
    "refcode_4": "",
    "refcode_short": "",
    "refcode_long": "",
    "element_type": "p",
    "element_subtype": "signatureline",
    "content": "Ellen G. White Estate",
    "puborder": 1062,
    "translations": []
  },
  {
    "para_id": "71.2843",
    "id_prev": "71.1232",
    "id_next": "71.2842",
    "refcode_1": "20MR",
    "refcode_2": "177",
    "refcode_3": "",
    "refcode_4": "",
    "refcode_short": "",
    "refcode_long": "",
    "element_type": "p",
    "element_subtype": "signatureplace",
    "content": "Washington, D. C.,",
    "puborder": 1063,
    "translations": []
  },
  {
    "para_id": "71.2842",
    "id_prev": "71.2843",
    "id_next": "71.2841",
    "refcode_1": "20MR",
    "refcode_2": "177",
    "refcode_3": "",
    "refcode_4": "",
    "refcode_short": "",
    "refcode_long": "",
    "element_type": "p",
    "element_subtype": "signaturedate",
    "content": "June 8, 1989.",
    "puborder": 1064,
    "translations": []
  },
  {
    "para_id": "71.2841",
    "id_prev": "71.2842",
    "id_next": "71.1234",
    "refcode_1": "20MR",
    "refcode_2": "177",
    "refcode_3": "",
    "refcode_4": "",
    "refcode_short": "",
    "refcode_long": "",
    "element_type": "p",
    "element_subtype": "signaturesource",
    "content": "Entire Letter.",
    "puborder": 1065,
    "translations": []
  }
]