[
  {
    "para_id": "71.590",
    "id_prev": "71.2782",
    "id_next": "71.591",
    "refcode_1": "20MR",
    "refcode_2": "87",
    "refcode_3": "",
    "refcode_4": "24",
    "refcode_short": "20MR 87",
    "refcode_long": "Manuscript Releases, vol. 20 [Nos. 1420-1500], p. 87 (Ellen Gould White)",
    "element_type": "h3",
    "element_subtype": "",
    "content": "MR No. 1443&mdash;Reflect Christ, the True Light; Lay Up Treasure in Heaven",
    "puborder": 516,
    "translations": []
  },
  {
    "para_id": "71.591",
    "id_prev": "71.590",
    "id_next": "71.592",
    "refcode_1": "20MR",
    "refcode_2": "87",
    "refcode_3": "",
    "refcode_4": "",
    "refcode_short": "",
    "refcode_long": "",
    "element_type": "p",
    "element_subtype": "center",
    "content": "(<span class=\"non-egw-comment\">Written December 7, 1903, from &ldquo;Elmshaven,&rdquo; Sanitarium, California, to John Wessels.</span>)",
    "puborder": 517,
    "translations": []
  },
  {
    "para_id": "71.592",
    "id_prev": "71.591",
    "id_next": "71.593",
    "refcode_1": "20MR",
    "refcode_2": "87",
    "refcode_3": "1",
    "refcode_4": "",
    "refcode_short": "20MR 87.1",
    "refcode_long": "Manuscript Releases, vol. 20 [Nos. 1420-1500], p. 87.1 (Ellen Gould White)",
    "element_type": "p",
    "element_subtype": "standard-indented",
    "content": "I have recently sent several letters to different members of your family, and had one written to you that I thought had been copied. But I find I did not give it to my workers. I will now write you again.",
    "puborder": 518,
    "translations": []
  },
  {
    "para_id": "71.593",
    "id_prev": "71.592",
    "id_next": "71.594",
    "refcode_1": "20MR",
    "refcode_2": "87",
    "refcode_3": "2",
    "refcode_4": "",
    "refcode_short": "20MR 87.2",
    "refcode_long": "Manuscript Releases, vol. 20 [Nos. 1420-1500], p. 87.2 (Ellen Gould White)",
    "element_type": "p",
    "element_subtype": "standard-indented",
    "content": "At Battle Creek there are a large number of our people assembled, and many think that a great work is being done there. I am hoping that all will humble themselves before God and confess their sins, so that the Lord can impress upon their hearts the truth for this time. I greatly desire to see those to whom the Lord has sent repeated warnings take heed to His word.",
    "puborder": 519,
    "translations": []
  },
  {
    "para_id": "71.594",
    "id_prev": "71.593",
    "id_next": "71.595",
    "refcode_1": "20MR",
    "refcode_2": "87",
    "refcode_3": "3",
    "refcode_4": "",
    "refcode_short": "20MR 87.3",
    "refcode_long": "Manuscript Releases, vol. 20 [Nos. 1420-1500], p. 87.3 (Ellen Gould White)",
    "element_type": "p",
    "element_subtype": "standard-indented",
    "content": "&ldquo;Blessed be God, even the Father of our Lord Jesus Christ, the Father of mercies, and the God of all comfort; who comforteth us in all our tribulations, that we may be able to comfort them which are in any trouble, by the comfort wherewith we ourselves are comforted of God. For as the sufferings of Christ abound in us, so our consolation also aboundeth by Christ. And whether we be afflicted, it is for your consolation and salvation, which is effectual in the enduring of the same sufferings which we also suffer: or whether we be comforted, it is for your consolation and salvation&rdquo; [<span class=\"egwlink egwlink_bible\" title=\"2 Corinthians 1:3\" data-link=\"1965.58735\">2 Corinthians 1:3-6</span>].",
    "puborder": 520,
    "translations": []
  },
  {
    "para_id": "71.595",
    "id_prev": "71.594",
    "id_next": "71.596",
    "refcode_1": "20MR",
    "refcode_2": "87",
    "refcode_3": "4",
    "refcode_4": "",
    "refcode_short": "20MR 87.4",
    "refcode_long": "Manuscript Releases, vol. 20 [Nos. 1420-1500], p. 87.4 (Ellen Gould White)",
    "element_type": "p",
    "element_subtype": "standard-indented",
    "content": "My brother, I am pleased to see by your letters that you are obtaining a valuable experience. May the Lord lead you step by step forward and upward.",
    "puborder": 521,
    "translations": []
  },
  {
    "para_id": "71.596",
    "id_prev": "71.595",
    "id_next": "71.597",
    "refcode_1": "20MR",
    "refcode_2": "87",
    "refcode_3": "5",
    "refcode_4": "",
    "refcode_short": "20MR 87.5",
    "refcode_long": "Manuscript Releases, vol. 20 [Nos. 1420-1500], p. 87.5 (Ellen Gould White)",
    "element_type": "p",
    "element_subtype": "standard-indented",
    "content": "If, under the guidance of the Holy Spirit, you obtain an experience for yourself in the Christian life, that experience will be of more value to you than gold or silver or precious stones; for such an experience will be to you an education which you may take with you into the future life.",
    "puborder": 522,
    "translations": []
  },
  {
    "para_id": "71.597",
    "id_prev": "71.596",
    "id_next": "71.598",
    "refcode_1": "20MR",
    "refcode_2": "87",
    "refcode_3": "6",
    "refcode_4": "",
    "refcode_short": "20MR 87.6",
    "refcode_long": "Manuscript Releases, vol. 20 [Nos. 1420-1500], p. 87.6 (Ellen Gould White)",
    "element_type": "p",
    "element_subtype": "standard-indented",
    "content": "In heaven the redeemed will enter the higher school to continue their education. Think what it will mean to study through the eternal ages under the personal instruction of Christ! Amidst the present conflicts and temptations, in this our day of probation, we are to form characters that will prepare us to obtain a life that measures with the life of God.",
    "puborder": 523,
    "translations": []
  },
  {
    "para_id": "71.598",
    "id_prev": "71.597",
    "id_next": "71.601",
    "refcode_1": "20MR",
    "refcode_2": "87",
    "refcode_3": "7",
    "refcode_4": "",
    "refcode_short": "20MR 87.7",
    "refcode_long": "Manuscript Releases, vol. 20 [Nos. 1420-1500], p. 87.7 (Ellen Gould White)",
    "element_type": "p",
    "element_subtype": "standard-indented",
    "content": "Our Savior came to this world to endure in human nature all the temptations wherewith man is beset. In His life He measured the power of the wily foe to deceive, to allure, and to destroy. As the Redeemer of the <span class=\"page-break\" data-page=\"88\"></span> race, He warns humanity against seeking after those things that will lead away from the narrow path. He has cast up a glorious highway for those who are traveling toward the heavenly mansions that He has gone to prepare for all who will prepare themselves to become members of the royal family, children of the heavenly King.",
    "puborder": 524,
    "translations": []
  },
  {
    "para_id": "71.601",
    "id_prev": "71.598",
    "id_next": "71.602",
    "refcode_1": "20MR",
    "refcode_2": "88",
    "refcode_3": "1",
    "refcode_4": "",
    "refcode_short": "20MR 88.1",
    "refcode_long": "Manuscript Releases, vol. 20 [Nos. 1420-1500], p. 88.1 (Ellen Gould White)",
    "element_type": "p",
    "element_subtype": "standard-indented",
    "content": "With His life Christ has purchased every human being. He died a cruel death to save human beings from eternal death. He gave His sinless life to obtain for the sinner a life that measures with the life of God. Through His death He provided a way whereby man may break with Satan, return to his allegiance to God, and through faith in the Redeemer obtain pardon. Oh, how wicked, how ungrateful are those who refuse to accept the mercy that at such infinite cost is offered them!",
    "puborder": 525,
    "translations": []
  },
  {
    "para_id": "71.602",
    "id_prev": "71.601",
    "id_next": "71.603",
    "refcode_1": "20MR",
    "refcode_2": "88",
    "refcode_3": "2",
    "refcode_4": "",
    "refcode_short": "20MR 88.2",
    "refcode_long": "Manuscript Releases, vol. 20 [Nos. 1420-1500], p. 88.2 (Ellen Gould White)",
    "element_type": "p",
    "element_subtype": "standard-indented",
    "content": "He who has all power in heaven and earth will restore every repenting, believing soul. To as many as receive him He gives power to become the sons of God. He has a deep interest in every soul, for He paid the price of His own life that no one should be eternally lost. He wishes every son and daughter of Adam to return to his allegiance to God.",
    "puborder": 526,
    "translations": []
  },
  {
    "para_id": "71.603",
    "id_prev": "71.602",
    "id_next": "71.604",
    "refcode_1": "20MR",
    "refcode_2": "88",
    "refcode_3": "3",
    "refcode_4": "",
    "refcode_short": "20MR 88.3",
    "refcode_long": "Manuscript Releases, vol. 20 [Nos. 1420-1500], p. 88.3 (Ellen Gould White)",
    "element_type": "p",
    "element_subtype": "standard-indented",
    "content": "<strong>Christ, the Light and the Life</strong>&mdash;John says of Christ, &ldquo;He was in the world, and the world was made by him, and the world knew him not. But as many as received him, to them gave He power to become the sons of God, even to them that believe on His name: which were born, not of blood, nor of the will of the flesh, nor of the will of man, but of God. And the Word was made flesh, and dwelt among us, (and we beheld His glory, the glory as of the only begotten of the Father, full of grace and truth.)&rdquo; &ldquo;In him was life; and the life was the light of men&rdquo; [<span class=\"egwlink egwlink_bible\" title=\"John 1:10\" data-link=\"1965.53152\">John 1:10-14, 4</span>].",
    "puborder": 527,
    "translations": []
  },
  {
    "para_id": "71.604",
    "id_prev": "71.603",
    "id_next": "71.605",
    "refcode_1": "20MR",
    "refcode_2": "88",
    "refcode_3": "4",
    "refcode_4": "",
    "refcode_short": "20MR 88.4",
    "refcode_long": "Manuscript Releases, vol. 20 [Nos. 1420-1500], p. 88.4 (Ellen Gould White)",
    "element_type": "p",
    "element_subtype": "standard-indented",
    "content": "The words of John show that all spiritual light is also spiritual life. The Word is the light and the life of men. And since all light and life come from Christ, should we not realize our dependence upon him?",
    "puborder": 528,
    "translations": []
  },
  {
    "para_id": "71.605",
    "id_prev": "71.604",
    "id_next": "71.606",
    "refcode_1": "20MR",
    "refcode_2": "88",
    "refcode_3": "5",
    "refcode_4": "",
    "refcode_short": "20MR 88.5",
    "refcode_long": "Manuscript Releases, vol. 20 [Nos. 1420-1500], p. 88.5 (Ellen Gould White)",
    "element_type": "p",
    "element_subtype": "standard-indented",
    "content": "Those who do not receive and walk in the light are dead in trespasses and sins. As their Substitute and Surety, Christ makes them alive to God. He suffered the penalty of sin that He might enlighten and give life to the sinner. The gifts of light and life come to us together.",
    "puborder": 529,
    "translations": []
  },
  {
    "para_id": "71.606",
    "id_prev": "71.605",
    "id_next": "71.607",
    "refcode_1": "20MR",
    "refcode_2": "88",
    "refcode_3": "6",
    "refcode_4": "",
    "refcode_short": "20MR 88.6",
    "refcode_long": "Manuscript Releases, vol. 20 [Nos. 1420-1500], p. 88.6 (Ellen Gould White)",
    "element_type": "p",
    "element_subtype": "standard-indented",
    "content": "&ldquo;The light shineth in darkness; and the darkness comprehended it not.&rdquo; What sadness this brings to the heart of our Lord Jesus Christ! He sheds His bright rays among the spiritually ignorant and depraved, the debased and the wretched, and they comprehend it not! They do not understand that the greatest blessing possible is offered to them.",
    "puborder": 530,
    "translations": []
  },
  {
    "para_id": "71.607",
    "id_prev": "71.606",
    "id_next": "71.610",
    "refcode_1": "20MR",
    "refcode_2": "88",
    "refcode_3": "7",
    "refcode_4": "",
    "refcode_short": "20MR 88.7",
    "refcode_long": "Manuscript Releases, vol. 20 [Nos. 1420-1500], p. 88.7 (Ellen Gould White)",
    "element_type": "p",
    "element_subtype": "standard-indented",
    "content": "Some thought that John [the Baptist] was the Light, but John said, &ldquo;He was not that Light, but was sent to bear witness of that Light.&rdquo; The <span class=\"page-break\" data-page=\"89\"></span> Baptist would not receive the glory that did not belong to him.",
    "puborder": 531,
    "translations": []
  },
  {
    "para_id": "71.610",
    "id_prev": "71.607",
    "id_next": "71.611",
    "refcode_1": "20MR",
    "refcode_2": "89",
    "refcode_3": "1",
    "refcode_4": "",
    "refcode_short": "20MR 89.1",
    "refcode_long": "Manuscript Releases, vol. 20 [Nos. 1420-1500], p. 89.1 (Ellen Gould White)",
    "element_type": "p",
    "element_subtype": "standard-indented",
    "content": "Christ referred to John in the following words: &ldquo;There is another that beareth witness of Me; and I know that the witness which he witnesseth of Me is true.... But I receive not testimony from man: but these things I say, that ye might be saved. He was a burning and a shining light: and ye were willing for a season to rejoice in his light&rdquo; [<span class=\"egwlink egwlink_bible\" title=\"John 5:32\" data-link=\"1965.53532\">John 5:32, 34, 35</span>].",
    "puborder": 532,
    "translations": []
  },
  {
    "para_id": "71.611",
    "id_prev": "71.610",
    "id_next": "71.612",
    "refcode_1": "20MR",
    "refcode_2": "89",
    "refcode_3": "2",
    "refcode_4": "",
    "refcode_short": "20MR 89.2",
    "refcode_long": "Manuscript Releases, vol. 20 [Nos. 1420-1500], p. 89.2 (Ellen Gould White)",
    "element_type": "p",
    "element_subtype": "standard-indented",
    "content": "All the light that John received came from that Word which was made flesh and dwelt among men. Christ alone is the true Light, and He is the only source of light and life to sinful men. By creation and by redemption we belong to him. He came to His own, and they received him not. The nation that He had chosen to be His peculiar people did not believe in him. They rejected and crucified him.",
    "puborder": 533,
    "translations": []
  },
  {
    "para_id": "71.612",
    "id_prev": "71.611",
    "id_next": "71.613",
    "refcode_1": "20MR",
    "refcode_2": "89",
    "refcode_3": "3",
    "refcode_4": "",
    "refcode_short": "20MR 89.3",
    "refcode_long": "Manuscript Releases, vol. 20 [Nos. 1420-1500], p. 89.3 (Ellen Gould White)",
    "element_type": "p",
    "element_subtype": "standard-indented",
    "content": "But those who receive him and believe in him become the spiritual children of God. They are adopted into the royal family, and as they seek to do the will of God, they become conformed into His image.",
    "puborder": 534,
    "translations": []
  },
  {
    "para_id": "71.613",
    "id_prev": "71.612",
    "id_next": "71.614",
    "refcode_1": "20MR",
    "refcode_2": "89",
    "refcode_3": "4",
    "refcode_4": "",
    "refcode_short": "20MR 89.4",
    "refcode_long": "Manuscript Releases, vol. 20 [Nos. 1420-1500], p. 89.4 (Ellen Gould White)",
    "element_type": "p",
    "element_subtype": "standard-indented",
    "content": "What condescension is seen in the sacrifice of Christ for fallen man! Why do so many choose to live in sin, taking pleasure in unrighteousness and sinful indulgence, carrying with it as a sure result present wretchedness and unhappiness and the loss of eternal life?",
    "puborder": 535,
    "translations": []
  },
  {
    "para_id": "71.614",
    "id_prev": "71.613",
    "id_next": "71.615",
    "refcode_1": "20MR",
    "refcode_2": "89",
    "refcode_3": "5",
    "refcode_4": "",
    "refcode_short": "20MR 89.5",
    "refcode_long": "Manuscript Releases, vol. 20 [Nos. 1420-1500], p. 89.5 (Ellen Gould White)",
    "element_type": "p",
    "element_subtype": "standard-indented",
    "content": "<strong>Lay Up Treasures in Heaven</strong>&mdash;How precious is the knowledge that we have a faithful Friend, One who will impart to us a noble, elevated character which will fit us for the companionship of the heavenly angels in the courts above! His guardianship is over all His children. They have a peace that the world can neither give nor take away. The loss of earthly treasures does not make them hopeless or homeless. Just before He left His disciples, to tread the painful, humiliating path of sorrow, He said to them:",
    "puborder": 536,
    "translations": []
  },
  {
    "para_id": "71.615",
    "id_prev": "71.614",
    "id_next": "71.616",
    "refcode_1": "20MR",
    "refcode_2": "89",
    "refcode_3": "6",
    "refcode_4": "",
    "refcode_short": "20MR 89.6",
    "refcode_long": "Manuscript Releases, vol. 20 [Nos. 1420-1500], p. 89.6 (Ellen Gould White)",
    "element_type": "p",
    "element_subtype": "standard-indented",
    "content": "&ldquo;Let not your heart be troubled: ye believe in God, believe also in Me. In My Father&apos;s house are many mansions: if it were not so, I would have told you. I go to prepare a place for you. And if I go and prepare a place for you, I will come again, and receive you unto Myself; that where I am, there ye may be also.&rdquo; Christ beholds the world, full of activity in seeking for earthly treasures. He sees many eagerly trying first one thing and then another in their efforts to obtain the coveted earthly treasure which they think will satisfy their selfish greed, while in their eager pursuit they pass by the only path that leads to the true riches.",
    "puborder": 537,
    "translations": []
  },
  {
    "para_id": "71.616",
    "id_prev": "71.615",
    "id_next": "71.619",
    "refcode_1": "20MR",
    "refcode_2": "89",
    "refcode_3": "7",
    "refcode_4": "",
    "refcode_short": "20MR 89.7",
    "refcode_long": "Manuscript Releases, vol. 20 [Nos. 1420-1500], p. 89.7 (Ellen Gould White)",
    "element_type": "p",
    "element_subtype": "standard-indented",
    "content": "As One having authority Christ speaks to such ones, inviting them to follow him. He offers to lead them to the riches that are as enduring as eternity. He points them to the narrow path of self-denial and sacrifice. <span class=\"page-break\" data-page=\"90\"></span> Those who press on in this path, surmounting every obstacle, will reach the land of glory. In lifting the cross they find that the cross lifts them, and they will at last gain the imperishable treasure.",
    "puborder": 538,
    "translations": []
  },
  {
    "para_id": "71.619",
    "id_prev": "71.616",
    "id_next": "71.620",
    "refcode_1": "20MR",
    "refcode_2": "90",
    "refcode_3": "1",
    "refcode_4": "",
    "refcode_short": "20MR 90.1",
    "refcode_long": "Manuscript Releases, vol. 20 [Nos. 1420-1500], p. 90.1 (Ellen Gould White)",
    "element_type": "p",
    "element_subtype": "standard-indented",
    "content": "Many think to find security in earthly riches. But Christ seeks to remove from their eye the mote that obscures the vision, and thus enable them to behold the far more exceeding and eternal weight of glory. They are mistaking phantoms for realities, and have lost sight of the glories of the eternal world. Christ calls upon them to extend their view beyond the present, and add eternity to their vision.",
    "puborder": 539,
    "translations": []
  },
  {
    "para_id": "71.620",
    "id_prev": "71.619",
    "id_next": "71.621",
    "refcode_1": "20MR",
    "refcode_2": "90",
    "refcode_3": "2",
    "refcode_4": "",
    "refcode_short": "20MR 90.2",
    "refcode_long": "Manuscript Releases, vol. 20 [Nos. 1420-1500], p. 90.2 (Ellen Gould White)",
    "element_type": "p",
    "element_subtype": "standard-indented",
    "content": "The lives of the inhabitants of this world bear evidence to the character of their worship. The religion of the churches is mingled with worldly greed. Men practice murder, violence, and wickedness of every kind in order to obtain advantage over one another. Could those who compose this vast army see who is their leader, they would refuse to advance under his leadership.",
    "puborder": 540,
    "translations": []
  },
  {
    "para_id": "71.621",
    "id_prev": "71.620",
    "id_next": "71.622",
    "refcode_1": "20MR",
    "refcode_2": "90",
    "refcode_3": "3",
    "refcode_4": "",
    "refcode_short": "20MR 90.3",
    "refcode_long": "Manuscript Releases, vol. 20 [Nos. 1420-1500], p. 90.3 (Ellen Gould White)",
    "element_type": "p",
    "element_subtype": "standard-indented",
    "content": "Satan now knows that his time has come. He has deceived the world until his image and superscription is stamped upon all their ambitious projects. Whatever their object for wishing to gain the supremacy, men are willing to sell their souls to Satan in order to obtain the highest place.",
    "puborder": 541,
    "translations": []
  },
  {
    "para_id": "71.622",
    "id_prev": "71.621",
    "id_next": "71.623",
    "refcode_1": "20MR",
    "refcode_2": "90",
    "refcode_3": "4",
    "refcode_4": "",
    "refcode_short": "20MR 90.4",
    "refcode_long": "Manuscript Releases, vol. 20 [Nos. 1420-1500], p. 90.4 (Ellen Gould White)",
    "element_type": "p",
    "element_subtype": "standard-indented",
    "content": "Christ sees the termination of the conflict. The battle is waging more and more fiercely. Soon He will come whose right it is, and will take possession of all earthly things. All the confusion in our world, all the violence and crime, are a fulfillment of the words of Christ. They are signs of the nearness of His coming.",
    "puborder": 542,
    "translations": []
  },
  {
    "para_id": "71.623",
    "id_prev": "71.622",
    "id_next": "71.624",
    "refcode_1": "20MR",
    "refcode_2": "90",
    "refcode_3": "5",
    "refcode_4": "",
    "refcode_short": "20MR 90.5",
    "refcode_long": "Manuscript Releases, vol. 20 [Nos. 1420-1500], p. 90.5 (Ellen Gould White)",
    "element_type": "p",
    "element_subtype": "standard-indented",
    "content": "In that day of His coming, Christ will preserve those who have followed him, the Way, the Truth, and the Life. He has pledged himself to be their sanctuary. He says to them, Enter thou into a safe retreat for a little moment, and hide thee until I shall cleanse the earth from her iniquity.",
    "puborder": 543,
    "translations": []
  },
  {
    "para_id": "71.624",
    "id_prev": "71.623",
    "id_next": "71.625",
    "refcode_1": "20MR",
    "refcode_2": "90",
    "refcode_3": "6",
    "refcode_4": "",
    "refcode_short": "20MR 90.6",
    "refcode_long": "Manuscript Releases, vol. 20 [Nos. 1420-1500], p. 90.6 (Ellen Gould White)",
    "element_type": "p",
    "element_subtype": "standard-indented",
    "content": "Those who have lavished their affection on earthly treasures without regard to the heavenly riches will soon receive their reward. They will lose the earthly treasures, to obtain which they have sold their souls to Satan. They are without God and without hope in the world. By following the desires of their unconsecrated, unconverted natures, they have robbed themselves of an eternity of bliss. They have united with Satan, who has played the game of life for their souls.",
    "puborder": 544,
    "translations": []
  },
  {
    "para_id": "71.625",
    "id_prev": "71.624",
    "id_next": "71.626",
    "refcode_1": "20MR",
    "refcode_2": "90",
    "refcode_3": "7",
    "refcode_4": "",
    "refcode_short": "20MR 90.7",
    "refcode_long": "Manuscript Releases, vol. 20 [Nos. 1420-1500], p. 90.7 (Ellen Gould White)",
    "element_type": "p",
    "element_subtype": "standard-indented",
    "content": "Will those who have not yet fully yielded themselves to the great rebel now come over to the Lord&apos;s side? Will they, before it is everlastingly too late, leave the works of wickedness and stand under the bloodstained banner of Prince Emmanuel?",
    "puborder": 545,
    "translations": []
  },
  {
    "para_id": "71.626",
    "id_prev": "71.625",
    "id_next": "71.629",
    "refcode_1": "20MR",
    "refcode_2": "90",
    "refcode_3": "8",
    "refcode_4": "",
    "refcode_short": "20MR 90.8",
    "refcode_long": "Manuscript Releases, vol. 20 [Nos. 1420-1500], p. 90.8 (Ellen Gould White)",
    "element_type": "p",
    "element_subtype": "standard-indented",
    "content": "<strong>A Call to Self-denial</strong>&mdash;Brother Wessels, God is calling upon His <span class=\"page-break\" data-page=\"91\"></span> people to deny self. We appeal to men, women, and children to deny themselves every indulgence, and use in God&apos;s service the money thus saved through self-denial. Let every one pray earnestly to God for complete victory over self-indulgence and self-worship. If Christ, the Majesty of heaven, gave up so much for us, shall we withhold our lives from him, and tread a path of selfish indulgence and gratification?",
    "puborder": 546,
    "translations": []
  },
  {
    "para_id": "71.629",
    "id_prev": "71.626",
    "id_next": "71.630",
    "refcode_1": "20MR",
    "refcode_2": "91",
    "refcode_3": "1",
    "refcode_4": "",
    "refcode_short": "20MR 91.1",
    "refcode_long": "Manuscript Releases, vol. 20 [Nos. 1420-1500], p. 91.1 (Ellen Gould White)",
    "element_type": "p",
    "element_subtype": "standard-indented",
    "content": "I repeat the words of our Lord: &ldquo;Lay not up for yourselves treasures upon earth, where moth and rust doth corrupt, and where thieves break through and steal: but lay up for yourselves treasures in heaven, where neither moth nor rust doth corrupt, and where thieves do not break through nor steal: for where your treasure is, there will your heart be also. The light of the body is the eye: if therefore thine eye be single, thy whole body shall be full of light. But if thine eye be evil, thy whole body shall be full of darkness. If therefore the light that is in thee be darkness, how great is that darkness! No man can serve two masters: for either he will hate the one, and love the other; or else he will hold to the one, and despise the other. Ye cannot serve God and mammon.&rdquo;",
    "puborder": 547,
    "translations": []
  },
  {
    "para_id": "71.630",
    "id_prev": "71.629",
    "id_next": "71.631",
    "refcode_1": "20MR",
    "refcode_2": "91",
    "refcode_3": "2",
    "refcode_4": "",
    "refcode_short": "20MR 91.2",
    "refcode_long": "Manuscript Releases, vol. 20 [Nos. 1420-1500], p. 91.2 (Ellen Gould White)",
    "element_type": "p",
    "element_subtype": "standard-indented",
    "content": "This is plain truth, and we need make no mistake as to the meaning of these words.",
    "puborder": 548,
    "translations": []
  },
  {
    "para_id": "71.631",
    "id_prev": "71.630",
    "id_next": "71.632",
    "refcode_1": "20MR",
    "refcode_2": "91",
    "refcode_3": "3",
    "refcode_4": "",
    "refcode_short": "20MR 91.3",
    "refcode_long": "Manuscript Releases, vol. 20 [Nos. 1420-1500], p. 91.3 (Ellen Gould White)",
    "element_type": "p",
    "element_subtype": "standard-indented",
    "content": "There is no place on earth where treasure is secure from loss. But there is a city that has foundations, whose builder and whose maker is God. Christ seeks to draw the attention away from unwise investments in perishable riches, warning men to lay up their treasures in heaven.",
    "puborder": 549,
    "translations": []
  },
  {
    "para_id": "71.632",
    "id_prev": "71.631",
    "id_next": "71.633",
    "refcode_1": "20MR",
    "refcode_2": "91",
    "refcode_3": "4",
    "refcode_4": "",
    "refcode_short": "20MR 91.4",
    "refcode_long": "Manuscript Releases, vol. 20 [Nos. 1420-1500], p. 91.4 (Ellen Gould White)",
    "element_type": "p",
    "element_subtype": "standard-indented",
    "content": "Day by day the Lord cares for mankind, giving them sunshine, rain, and dew, increasing the vegetation, bringing forth the variety of fruits, each in its season, all as a continual blessing to mankind. Should not those who receive so bountifully from the hand of God become producers as well as consumers? Should they not return to him His own in tithes and offerings? By putting their talents out to a wise use, men increase their blessings. By putting their money to use in the Lord&apos;s work of soul-saving they may lay up treasure in the heavens. Our Redeemer seeks to strengthen the desire of every one to seek the heavenly, the eternal treasure. And He is not unmindful of our peace and comfort in this world.",
    "puborder": 550,
    "translations": []
  },
  {
    "para_id": "71.633",
    "id_prev": "71.632",
    "id_next": "71.636",
    "refcode_1": "20MR",
    "refcode_2": "91",
    "refcode_3": "5",
    "refcode_4": "",
    "refcode_short": "20MR 91.5",
    "refcode_long": "Manuscript Releases, vol. 20 [Nos. 1420-1500], p. 91.5 (Ellen Gould White)",
    "element_type": "p",
    "element_subtype": "standard-indented",
    "content": "By employing their time in useful ways, all may have something to lay upon the altar of God to be used in advancing the knowledge of him in the earth. All may become laborers together with God, by denying themselves of every injurious indulgence, and returning to God the pennies, the shillings, and the pounds that would otherwise be spent for alcohol, tobacco, tea, coffee, flesh-meats or other indulgences which destroy the <span class=\"page-break\" data-page=\"92\"></span> powers that should be used to the glory of God. Thus the higher powers will be brought into healthful action, and temperance in all things will be practiced. By example as well as by precept men may lead others to practice self-denial. Thus they do a work for themselves, and gain a preparation to work for others.",
    "puborder": 551,
    "translations": []
  },
  {
    "para_id": "71.636",
    "id_prev": "71.633",
    "id_next": "71.637",
    "refcode_1": "20MR",
    "refcode_2": "92",
    "refcode_3": "1",
    "refcode_4": "",
    "refcode_short": "20MR 92.1",
    "refcode_long": "Manuscript Releases, vol. 20 [Nos. 1420-1500], p. 92.1 (Ellen Gould White)",
    "element_type": "p",
    "element_subtype": "standard-indented",
    "content": "Let not precious time be spent merely in selfish pleasure. Those who spend their time wisely will receive the true happiness. Those who use their means wisely for God will have the satisfaction of knowing that they are agents in the hands of God to do His work, and that they are placing their means where it will not be lost.",
    "puborder": 552,
    "translations": []
  },
  {
    "para_id": "71.637",
    "id_prev": "71.636",
    "id_next": "71.638",
    "refcode_1": "20MR",
    "refcode_2": "92",
    "refcode_3": "2",
    "refcode_4": "",
    "refcode_short": "20MR 92.2",
    "refcode_long": "Manuscript Releases, vol. 20 [Nos. 1420-1500], p. 92.2 (Ellen Gould White)",
    "element_type": "p",
    "element_subtype": "standard-indented",
    "content": "By wise calculation you may always have a reserve of strength and of means to impart as a willing offering to the Lord&apos;s work in destitute fields, to help to build meeting-houses, schools, and health institutions. Thus you may lay up treasure beside the throne of God. You will put in operation agencies the results of whose work will reach beyond the present, and will be seen in souls saved in the kingdom of God.",
    "puborder": 553,
    "translations": []
  },
  {
    "para_id": "71.638",
    "id_prev": "71.637",
    "id_next": "71.639",
    "refcode_1": "20MR",
    "refcode_2": "92",
    "refcode_3": "3",
    "refcode_4": "",
    "refcode_short": "20MR 92.3",
    "refcode_long": "Manuscript Releases, vol. 20 [Nos. 1420-1500], p. 92.3 (Ellen Gould White)",
    "element_type": "p",
    "element_subtype": "standard-indented",
    "content": "Will you not, wherever you go, act as my agent in missionary work for the Lord? I send you with this some letters from Nashville, outlining a plan for family collections. Will you please see how many families you can induce to take these boxes? We think that these little messengers will be the means of gathering means for the advancement of the cause of God. Let us take hold earnestly to set in action an agency that may bring in much means to the Lord&apos;s treasury.",
    "puborder": 554,
    "translations": []
  },
  {
    "para_id": "71.639",
    "id_prev": "71.638",
    "id_next": "71.640",
    "refcode_1": "20MR",
    "refcode_2": "92",
    "refcode_3": "4",
    "refcode_4": "",
    "refcode_short": "20MR 92.4",
    "refcode_long": "Manuscript Releases, vol. 20 [Nos. 1420-1500], p. 92.4 (Ellen Gould White)",
    "element_type": "p",
    "element_subtype": "standard-indented",
    "content": "We have great need of means just now for the work in Washington. We desire to establish a sanitarium in that place. May the Lord bless you and your brothers and sisters, and help you to take hold of His work. Invite both believers and unbelievers to separate from injurious habits, and give the money thus saved to the work in Washington and in Nashville.",
    "puborder": 555,
    "translations": []
  },
  {
    "para_id": "71.640",
    "id_prev": "71.639",
    "id_next": "71.641",
    "refcode_1": "20MR",
    "refcode_2": "92",
    "refcode_3": "5",
    "refcode_4": "",
    "refcode_short": "20MR 92.5",
    "refcode_long": "Manuscript Releases, vol. 20 [Nos. 1420-1500], p. 92.5 (Ellen Gould White)",
    "element_type": "p",
    "element_subtype": "standard-indented",
    "content": "My brother, make it your business to serve the Lord. Resolve that you will spend some time each day in helping and blessing others. I know that the Lord has led me to write these things to you.&mdash;<span class=\"egwlink egwlink_book\" title=\"Lt 264, 1903\" data-link=\"14068.10395001\">Letter 264, 1903</span>.",
    "puborder": 556,
    "translations": []
  },
  {
    "para_id": "71.641",
    "id_prev": "71.640",
    "id_next": "71.2787",
    "refcode_1": "20MR",
    "refcode_2": "92",
    "refcode_3": "",
    "refcode_4": "",
    "refcode_short": "",
    "refcode_long": "",
    "element_type": "p",
    "element_subtype": "signatureline",
    "content": "Ellen G. White Estate",
    "puborder": 557,
    "translations": []
  },
  {
    "para_id": "71.2787",
    "id_prev": "71.641",
    "id_next": "71.2786",
    "refcode_1": "20MR",
    "refcode_2": "92",
    "refcode_3": "",
    "refcode_4": "",
    "refcode_short": "",
    "refcode_long": "",
    "element_type": "p",
    "element_subtype": "signatureplace",
    "content": "Washington, D. C.,",
    "puborder": 558,
    "translations": []
  },
  {
    "para_id": "71.2786",
    "id_prev": "71.2787",
    "id_next": "71.2785",
    "refcode_1": "20MR",
    "refcode_2": "92",
    "refcode_3": "",
    "refcode_4": "",
    "refcode_short": "",
    "refcode_long": "",
    "element_type": "p",
    "element_subtype": "signaturedate",
    "content": "April 13, 1989.",
    "puborder": 559,
    "translations": []
  },
  {
    "para_id": "71.2785",
    "id_prev": "71.2786",
    "id_next": "71.643",
    "refcode_1": "20MR",
    "refcode_2": "92",
    "refcode_3": "",
    "refcode_4": "",
    "refcode_short": "",
    "refcode_long": "",
    "element_type": "p",
    "element_subtype": "signaturesource",
    "content": "Entire Letter.",
    "puborder": 560,
    "translations": []
  }
]