[
  {
    "para_id": "71.87",
    "id_prev": "71.2720",
    "id_next": "71.88",
    "refcode_1": "20MR",
    "refcode_2": "12",
    "refcode_3": "",
    "refcode_4": "3",
    "refcode_short": "20MR 12",
    "refcode_long": "Manuscript Releases, vol. 20 [Nos. 1420-1500], p. 12 (Ellen Gould White)",
    "element_type": "h3",
    "element_subtype": "",
    "content": "MR No. 1422&mdash;Christ Our Example; Endure Trials Courageously",
    "puborder": 74,
    "translations": []
  },
  {
    "para_id": "71.88",
    "id_prev": "71.87",
    "id_next": "71.89",
    "refcode_1": "20MR",
    "refcode_2": "12",
    "refcode_3": "",
    "refcode_4": "",
    "refcode_short": "",
    "refcode_long": "",
    "element_type": "p",
    "element_subtype": "center",
    "content": "[<span class=\"non-egw-comment\">Fragment; first part missing</span>]",
    "puborder": 75,
    "translations": []
  },
  {
    "para_id": "71.89",
    "id_prev": "71.88",
    "id_next": "71.90",
    "refcode_1": "20MR",
    "refcode_2": "12",
    "refcode_3": "1",
    "refcode_4": "",
    "refcode_short": "20MR 12.1",
    "refcode_long": "Manuscript Releases, vol. 20 [Nos. 1420-1500], p. 12.1 (Ellen Gould White)",
    "element_type": "p",
    "element_subtype": "standard-indented",
    "content": "... of God, because we suffer the consequences of our own lack of wisdom. Yet in this case we should not feel that we are excusable to murmur and cherish a spirit of unreconciliation and repining because of things we cannot help. We may magnify our trials by conversing upon them. We may aggravate them by suffering ourselves to become irritated because we are made to suffer these things. But there is safety in possessing cheerfulness and encouraging a patient, meek, and lowly spirit, and committing our ways unto the Lord. Let us turn our minds to the goodness and mercy of God and see all the good we can in our present surroundings, and then the evils will not be as keenly realized.",
    "puborder": 76,
    "translations": []
  },
  {
    "para_id": "71.90",
    "id_prev": "71.89",
    "id_next": "71.91",
    "refcode_1": "20MR",
    "refcode_2": "12",
    "refcode_3": "2",
    "refcode_4": "",
    "refcode_short": "20MR 12.2",
    "refcode_long": "Manuscript Releases, vol. 20 [Nos. 1420-1500], p. 12.2 (Ellen Gould White)",
    "element_type": "p",
    "element_subtype": "standard-indented",
    "content": "Here in this world is the Christian to suffer. Here is our place of trial, of warfare, of fitting up for the better world than this. Our heaven, if we are truly Christ&apos;s followers, is not here. We are preparing for that home where no sadness, affliction, or sorrow can ever come. We should not shrink at trials or inconvenience.",
    "puborder": 77,
    "translations": []
  },
  {
    "para_id": "71.91",
    "id_prev": "71.90",
    "id_next": "71.92",
    "refcode_1": "20MR",
    "refcode_2": "12",
    "refcode_3": "3",
    "refcode_4": "",
    "refcode_short": "20MR 12.3",
    "refcode_long": "Manuscript Releases, vol. 20 [Nos. 1420-1500], p. 12.3 (Ellen Gould White)",
    "element_type": "p",
    "element_subtype": "standard-indented",
    "content": "Think of Jesus, of the trials, the mocKings, the derision, and the agonizing suffering He endured to save the fallen race. Can we ask for greater evidences of His love for us? He for our sakes became poor that we through His poverty might be made rich. He was the Majesty of heaven, yet He left His glory, His riches, His high command, and consented to a life of humiliation and suffering and to an ignominious death, that He might exalt the fallen sons and daughters of Adam to His own right hand.",
    "puborder": 78,
    "translations": []
  },
  {
    "para_id": "71.92",
    "id_prev": "71.91",
    "id_next": "71.93",
    "refcode_1": "20MR",
    "refcode_2": "12",
    "refcode_3": "4",
    "refcode_4": "",
    "refcode_short": "20MR 12.4",
    "refcode_long": "Manuscript Releases, vol. 20 [Nos. 1420-1500], p. 12.4 (Ellen Gould White)",
    "element_type": "p",
    "element_subtype": "standard-indented",
    "content": "Christ is our example, our safe pattern. We are safe only when our lives exemplify the life of Christ. Shall we faint at the few trials we may endure for His dear name&apos;s sake? Shall we feel our lot hard? No indeed, dear sister. Look up to the Author of your salvation. Consider him lest ye be weary and faint in your mind.",
    "puborder": 79,
    "translations": []
  },
  {
    "para_id": "71.93",
    "id_prev": "71.92",
    "id_next": "71.95",
    "refcode_1": "20MR",
    "refcode_2": "12",
    "refcode_3": "5",
    "refcode_4": "",
    "refcode_short": "20MR 12.5",
    "refcode_long": "Manuscript Releases, vol. 20 [Nos. 1420-1500], p. 12.5 (Ellen Gould White)",
    "element_type": "p",
    "element_subtype": "standard-indented",
    "content": "Says the apostle Paul, For our light affliction, which is but for a moment, worketh for us a far more exceeding and eternal weight of glory; while we look not at the things which are seen, but at the things which are not seen: for the things which are seen are temporal; but the things which are not seen are eternal&rdquo; (<span class=\"egwlink egwlink_bible\" title=\"2 Corinthians 4:17\" data-link=\"1965.58884\">2 Corinthians 4:17, 18</span>).",
    "puborder": 80,
    "translations": []
  },
  {
    "para_id": "71.95",
    "id_prev": "71.93",
    "id_next": "71.96",
    "refcode_1": "20MR",
    "refcode_2": "13",
    "refcode_3": "1",
    "refcode_4": "",
    "refcode_short": "20MR 13.1",
    "refcode_long": "Manuscript Releases, vol. 20 [Nos. 1420-1500], p. 13.1 (Ellen Gould White)",
    "element_type": "p",
    "element_subtype": "standard-indented",
    "content": "May the Lord strengthen and bless you, my sister, and lead you into all truth, is my prayer.&mdash;<span class=\"egwlink egwlink_book\" title=\"Lt 31, 1870\" data-link=\"14052.3441001\">Letter 31, 1870</span>.",
    "puborder": 81,
    "translations": []
  },
  {
    "para_id": "71.96",
    "id_prev": "71.95",
    "id_next": "71.2724",
    "refcode_1": "20MR",
    "refcode_2": "13",
    "refcode_3": "",
    "refcode_4": "",
    "refcode_short": "",
    "refcode_long": "",
    "element_type": "p",
    "element_subtype": "signatureline",
    "content": "Ellen G. White Estate",
    "puborder": 82,
    "translations": []
  },
  {
    "para_id": "71.2724",
    "id_prev": "71.96",
    "id_next": "71.2723",
    "refcode_1": "20MR",
    "refcode_2": "13",
    "refcode_3": "",
    "refcode_4": "",
    "refcode_short": "",
    "refcode_long": "",
    "element_type": "p",
    "element_subtype": "signatureplace",
    "content": "Washington, D.C.,",
    "puborder": 83,
    "translations": []
  },
  {
    "para_id": "71.2723",
    "id_prev": "71.2724",
    "id_next": "71.2725",
    "refcode_1": "20MR",
    "refcode_2": "13",
    "refcode_3": "",
    "refcode_4": "",
    "refcode_short": "",
    "refcode_long": "",
    "element_type": "p",
    "element_subtype": "signaturedate",
    "content": "October 20, 1988.",
    "puborder": 84,
    "translations": []
  },
  {
    "para_id": "71.2725",
    "id_prev": "71.2723",
    "id_next": "71.98",
    "refcode_1": "20MR",
    "refcode_2": "13",
    "refcode_3": "",
    "refcode_4": "",
    "refcode_short": "",
    "refcode_long": "",
    "element_type": "p",
    "element_subtype": "standard-noindent",
    "content": "Entire fragment.",
    "puborder": 85,
    "translations": []
  }
]