[
  {
    "para_id": "2774.2513",
    "id_prev": "2774.2512",
    "id_next": "2774.2514",
    "refcode_1": "HF",
    "refcode_2": "403",
    "refcode_3": "",
    "refcode_4": "210",
    "refcode_short": "HF 403",
    "refcode_long": "From Here to Forever, p. 403 (Ellen Gould White)",
    "element_type": "h4",
    "element_subtype": "",
    "content": "Sentence Pronounced Against the Rebels",
    "puborder": 1802,
    "translations": [
      {
        "para_id": "13793.2344",
        "lang": "sw",
        "refcode": "TSHM 325"
      }
    ]
  },
  {
    "para_id": "2774.2514",
    "id_prev": "2774.2513",
    "id_next": "2774.2515",
    "refcode_1": "HF",
    "refcode_2": "403",
    "refcode_3": "3",
    "refcode_4": "",
    "refcode_short": "HF 403.3",
    "refcode_long": "From Here to Forever, p. 403.3 (Ellen Gould White)",
    "element_type": "p",
    "element_subtype": "standard-indented",
    "content": "In the presence of the assembled inhabitants of earth and heaven the coronation of the Son of God takes place. And now, invested with supreme majesty and power, the King of kings pronounces sentence on the rebels who have transgressed His law and oppressed His people. &ldquo;I saw a great white throne, and him that sat on it, from whose face the earth and the heaven fled away; and there was found no place for them. And I saw the dead, small and great, stand before God; and the books were opened: and another book was opened, which is the book of life: and the dead were judged out of those things which were written in the books, according to their works.&rdquo; <span class=\"egwlink egwlink_bible\" title=\"Revelation 20:11\" data-link=\"1965.63354\">Revelation 20:11, 12</span>.",
    "puborder": 1803,
    "translations": [
      {
        "para_id": "13793.2345",
        "lang": "sw",
        "refcode": "TSHM 325.2"
      }
    ]
  },
  {
    "para_id": "2774.2515",
    "id_prev": "2774.2514",
    "id_next": "2774.2518",
    "refcode_1": "HF",
    "refcode_2": "403",
    "refcode_3": "4",
    "refcode_4": "",
    "refcode_short": "HF 403.4",
    "refcode_long": "From Here to Forever, p. 403.4 (Ellen Gould White)",
    "element_type": "p",
    "element_subtype": "standard-indented",
    "content": "As the eye of Jesus looks upon the wicked, they are conscious of every sin they have ever committed. They see where their feet diverged from the path of <span class=\"page-break\" data-page=\"404\"></span> holiness. The seductive temptations which they encouraged by indulgence in sin, the messengers of God despised, the warnings rejected, the waves of mercy beaten back by the stubborn, unrepentant heart&mdash;all appear as if written in letters of fire.",
    "puborder": 1804,
    "translations": [
      {
        "para_id": "13793.2346",
        "lang": "sw",
        "refcode": "TSHM 325.3"
      }
    ]
  },
  {
    "para_id": "2774.2518",
    "id_prev": "2774.2515",
    "id_next": "2774.2519",
    "refcode_1": "HF",
    "refcode_2": "404",
    "refcode_3": "1",
    "refcode_4": "",
    "refcode_short": "HF 404.1",
    "refcode_long": "From Here to Forever, p. 404.1 (Ellen Gould White)",
    "element_type": "p",
    "element_subtype": "standard-indented",
    "content": "Above the throne is revealed the cross. Like a panoramic view appear the scenes of Adam&apos;s fall and the successive steps in the plan of redemption. The Saviour&apos;s lowly birth; His life of simplicity; His baptism in Jordan; the fast and temptation in the wilderness; His ministry unfolding to men heaven&apos;s blessings; the days crowded with deeds of mercy, the nights of prayer in the mountains; the plottings of envy and malice which repaid His benefits; the mysterious agony in Gethsemane beneath the weight of the sins of the world; His betrayal to the murderous mob; the events of that night of horror&mdash;the unresisting prisoner forsaken by His disciples, arraigned in the high priest&apos;s palace, in the judgment hall of Pilate, before the cowardly Herod, mocked, insulted, tortured, and condemned to die&mdash;all are vividly portrayed.",
    "puborder": 1805,
    "translations": [
      {
        "para_id": "13793.2347",
        "lang": "sw",
        "refcode": "TSHM 325.4"
      }
    ]
  },
  {
    "para_id": "2774.2519",
    "id_prev": "2774.2518",
    "id_next": "2774.2520",
    "refcode_1": "HF",
    "refcode_2": "404",
    "refcode_3": "2",
    "refcode_4": "",
    "refcode_short": "HF 404.2",
    "refcode_long": "From Here to Forever, p. 404.2 (Ellen Gould White)",
    "element_type": "p",
    "element_subtype": "standard-indented",
    "content": "And now before the swaying multitude are revealed the final scenes: the patient Sufferer treading the path to Calvary; the Prince of heaven hanging on the cross; the priests and rabbis deriding His expiring agony; the supernatural darkness marking the moment when the world&apos;s Redeemer yielded up His life.",
    "puborder": 1806,
    "translations": [
      {
        "para_id": "13793.2348",
        "lang": "sw",
        "refcode": "TSHM 325.5"
      }
    ]
  },
  {
    "para_id": "2774.2520",
    "id_prev": "2774.2519",
    "id_next": "2774.2521",
    "refcode_1": "HF",
    "refcode_2": "404",
    "refcode_3": "3",
    "refcode_4": "",
    "refcode_short": "HF 404.3",
    "refcode_long": "From Here to Forever, p. 404.3 (Ellen Gould White)",
    "element_type": "p",
    "element_subtype": "standard-indented",
    "content": "The awful spectacle appears just as it was. Satan and his subjects have no power to turn from the picture. Each actor recalls the part he performed. Herod, who slew the innocent children of Bethlehem; the base Herodias, upon whose soul rests the blood of John the Baptist; the weak, time-serving Pilate; the mocking soldiers; the maddened throng who cried, &ldquo;His blood be on us, and on our children!&rdquo;&mdash;all vainly seek to hide from the divine majesty of His countenance, while the redeemed cast their crowns at the Saviour&apos;s feet, exclaiming, &ldquo;He died for me!&rdquo;",
    "puborder": 1807,
    "translations": [
      {
        "para_id": "13793.2351",
        "lang": "sw",
        "refcode": "TSHM 326.1"
      }
    ]
  },
  {
    "para_id": "2774.2521",
    "id_prev": "2774.2520",
    "id_next": "2774.2524",
    "refcode_1": "HF",
    "refcode_2": "404",
    "refcode_3": "4",
    "refcode_4": "",
    "refcode_short": "HF 404.4",
    "refcode_long": "From Here to Forever, p. 404.4 (Ellen Gould White)",
    "element_type": "p",
    "element_subtype": "standard-indented",
    "content": "There is Nero, monster of cruelty and vice, beholding <span class=\"page-break\" data-page=\"405\"></span> the exaltation of those in whose anguish he found satanic delight. His mother witnesses her own work, how the passions encouraged by her influence and example have borne fruit in crimes that caused the world to shudder.",
    "puborder": 1808,
    "translations": [
      {
        "para_id": "13793.2352",
        "lang": "sw",
        "refcode": "TSHM 326.2"
      }
    ]
  },
  {
    "para_id": "2774.2524",
    "id_prev": "2774.2521",
    "id_next": "2774.2525",
    "refcode_1": "HF",
    "refcode_2": "405",
    "refcode_3": "1",
    "refcode_4": "",
    "refcode_short": "HF 405.1",
    "refcode_long": "From Here to Forever, p. 405.1 (Ellen Gould White)",
    "element_type": "p",
    "element_subtype": "standard-indented",
    "content": "There are papist priests and prelates who claimed to be Christ&apos;s ambassadors, yet employed the rack, the dungeon, and the stake to control His people. There are the proud pontiffs who exalted themselves above God and presumed to change the law of the Most High. Those pretended fathers have an account to render to God. Too late they are made to see that the Omniscient One is jealous of His law. They learn now that Christ identifies His interests with His suffering people.",
    "puborder": 1809,
    "translations": [
      {
        "para_id": "13793.2353",
        "lang": "sw",
        "refcode": "TSHM 326.3"
      }
    ]
  },
  {
    "para_id": "2774.2525",
    "id_prev": "2774.2524",
    "id_next": "2774.2526",
    "refcode_1": "HF",
    "refcode_2": "405",
    "refcode_3": "2",
    "refcode_4": "",
    "refcode_short": "HF 405.2",
    "refcode_long": "From Here to Forever, p. 405.2 (Ellen Gould White)",
    "element_type": "p",
    "element_subtype": "standard-indented",
    "content": "The whole wicked world stand arraigned on the charge of high treason against the government of heaven. They have none to plead their cause; they are without excuse; and the sentence of eternal death is pronounced against them.",
    "puborder": 1810,
    "translations": [
      {
        "para_id": "13793.2354",
        "lang": "sw",
        "refcode": "TSHM 326.4"
      }
    ]
  },
  {
    "para_id": "2774.2526",
    "id_prev": "2774.2525",
    "id_next": "2774.2527",
    "refcode_1": "HF",
    "refcode_2": "405",
    "refcode_3": "3",
    "refcode_4": "",
    "refcode_short": "HF 405.3",
    "refcode_long": "From Here to Forever, p. 405.3 (Ellen Gould White)",
    "element_type": "p",
    "element_subtype": "standard-indented",
    "content": "The wicked see what they have forfeited by their rebellion. &ldquo;All this,&rdquo; cries the lost soul, &ldquo;I might have had. Oh, strange infatuation! I have exchanged peace, happiness, and honor for wretchedness, infamy, and despair.&rdquo; All see that their exclusion from heaven is just. By their lives they have declared: &ldquo;We will not have this man [Jesus] to reign over us.&rdquo;",
    "puborder": 1811,
    "translations": [
      {
        "para_id": "13793.2355",
        "lang": "sw",
        "refcode": "TSHM 326.5"
      }
    ]
  }
]