[
  {
    "para_id": "2774.1632",
    "id_prev": "2774.1631",
    "id_next": "2774.1633",
    "refcode_1": "HF",
    "refcode_2": "260",
    "refcode_3": "",
    "refcode_4": "130",
    "refcode_short": "HF 260",
    "refcode_long": "From Here to Forever, p. 260 (Ellen Gould White)",
    "element_type": "h4",
    "element_subtype": "",
    "content": "A Work of Judgment",
    "puborder": 1167,
    "translations": [
      {
        "para_id": "13793.1508",
        "lang": "sw",
        "refcode": "TSHM 203"
      }
    ]
  },
  {
    "para_id": "2774.1633",
    "id_prev": "2774.1632",
    "id_next": "2774.1634",
    "refcode_1": "HF",
    "refcode_2": "260",
    "refcode_3": "2",
    "refcode_4": "",
    "refcode_short": "HF 260.2",
    "refcode_long": "From Here to Forever, p. 260.2 (Ellen Gould White)",
    "element_type": "p",
    "element_subtype": "standard-indented",
    "content": "In the new covenant the sins of the repentant are by faith placed upon Christ and transferred in fact to the heavenly sanctuary. And as the typical cleansing of the earthly sanctuary was accomplished by the removal of the sins by which it had been polluted, so the actual cleansing of the heavenly is accomplished by the removal, or blotting out, of the sins there recorded. But before this can be accomplished there must be an examination of the books of record to determine who, through repentance and faith in Christ, are entitled to the benefits of His atonement. The cleansing of the sanctuary therefore involves a work of investigation&mdash;a work of judgment&mdash;prior to the coming of Christ, for when He comes, His reward is with Him to give to every man according to his works. <span class=\"egwlink egwlink_bible\" title=\"Revelation 22:12\" data-link=\"1965.63442\">Revelation 22:12</span>.",
    "puborder": 1168,
    "translations": [
      {
        "para_id": "13793.1509",
        "lang": "sw",
        "refcode": "TSHM 203.1"
      }
    ]
  },
  {
    "para_id": "2774.1634",
    "id_prev": "2774.1633",
    "id_next": "2774.1635",
    "refcode_1": "HF",
    "refcode_2": "260",
    "refcode_3": "3",
    "refcode_4": "",
    "refcode_short": "HF 260.3",
    "refcode_long": "From Here to Forever, p. 260.3 (Ellen Gould White)",
    "element_type": "p",
    "element_subtype": "standard-indented",
    "content": "Thus those who followed the light of the prophetic word saw that, instead of coming to the earth at the termination of the 2300 days in 1844, Christ entered the most holy place of the heavenly sanctuary to perform the closing work of atonement preparatory to His coming.",
    "puborder": 1169,
    "translations": [
      {
        "para_id": "13793.1510",
        "lang": "sw",
        "refcode": "TSHM 203.2"
      }
    ]
  },
  {
    "para_id": "2774.1635",
    "id_prev": "2774.1634",
    "id_next": "2774.1639",
    "refcode_1": "HF",
    "refcode_2": "260",
    "refcode_3": "4",
    "refcode_4": "",
    "refcode_short": "HF 260.4",
    "refcode_long": "From Here to Forever, p. 260.4 (Ellen Gould White)",
    "element_type": "p",
    "element_subtype": "standard-indented",
    "content": "When Christ by virtue of His blood removes the sins of His people from the heavenly sanctuary at the close <span class=\"page-break\" data-page=\"261\"></span> of His ministry, He will place them upon Satan, who must bear the final penalty. The scapegoat was sent away into a land not inhabited, never to come again into the congregation of Israel. So will Satan be forever banished from the presence of God and His people, and he will be blotted from existence in the final destruction of sin and sinners.",
    "puborder": 1170,
    "translations": [
      {
        "para_id": "13793.1511",
        "lang": "sw",
        "refcode": "TSHM 203.3"
      }
    ]
  }
]