[
  {
    "para_id": "2774.277",
    "id_prev": "2774.276",
    "id_next": "2774.278",
    "refcode_1": "HF",
    "refcode_2": "49",
    "refcode_3": "",
    "refcode_4": "10",
    "refcode_short": "HF 49",
    "refcode_long": "From Here to Forever, p. 49 (Ellen Gould White)",
    "element_type": "h4",
    "element_subtype": "",
    "content": "Rome Determines to Destroy the Waldenses",
    "puborder": 191,
    "translations": [
      {
        "para_id": "13793.238",
        "lang": "sw",
        "refcode": "TSHM 28"
      }
    ]
  },
  {
    "para_id": "2774.278",
    "id_prev": "2774.277",
    "id_next": "2774.279",
    "refcode_1": "HF",
    "refcode_2": "49",
    "refcode_3": "3",
    "refcode_4": "",
    "refcode_short": "HF 49.3",
    "refcode_long": "From Here to Forever, p. 49.3 (Ellen Gould White)",
    "element_type": "p",
    "element_subtype": "standard-indented",
    "content": "Now began the most terrible crusades against God&apos;s people in their mountain homes. Inquisitors were put upon their track. Again and again were their fertile lands laid waste, their dwellings and chapels swept away. No charge could be brought against the moral character of this proscribed class. Their grand offense was that they would not worship God according to the will of the pope. For this &ldquo;crime&rdquo; every insult and torture that men or devils could invent was heaped upon them.",
    "puborder": 192,
    "translations": [
      {
        "para_id": "13793.239",
        "lang": "sw",
        "refcode": "TSHM 28.2"
      }
    ]
  },
  {
    "para_id": "2774.279",
    "id_prev": "2774.278",
    "id_next": "2774.282",
    "refcode_1": "HF",
    "refcode_2": "49",
    "refcode_3": "4",
    "refcode_4": "",
    "refcode_short": "HF 49.4",
    "refcode_long": "From Here to Forever, p. 49.4 (Ellen Gould White)",
    "element_type": "p",
    "element_subtype": "standard-indented",
    "content": "When Rome determined to exterminate the hated sect, a bull [edict] was issued by the pope condemning them as heretics and delivering them to slaughter. (See <span class=\"egwlink egwlink_book\" title=\"HF 415.1\" data-link=\"2774.2589\">Appendix</span>) They were not accused as idlers, or dishonest, or disorderly; but it was declared that they had an appearance of piety and sanctity that seduced &ldquo;the sheep of the true fold.&rdquo; This bull called upon all members of the church to join the crusade against the heretics. As an incentive it &ldquo;released all who joined the crusade from any oaths they might have taken; it legitimatized their title to any property they might have illegally acquired, and promised remission of all their sins to such as should kill any heretic. It annulled all <span class=\"page-break\" data-page=\"50\"></span> contracts made in favor of Vaudois, forbade all persons to give them any aid whatever, and empowered all persons to take possession of their property.&rdquo;<sup class=\"footnote\"><a class=\"footnote\">1<span class=\"footnote\">Wylie, bk. 16, ch. 1.</span></a></sup> This document clearly reveals the roar of the dragon, and not the voice of Christ. The same spirit that crucified Christ and slew the apostles, that moved the blood-thirsty Nero against the faithful in his day, was at work to rid the earth of those who were beloved of God.",
    "puborder": 193,
    "translations": [
      {
        "para_id": "13793.240",
        "lang": "sw",
        "refcode": "TSHM 28.3"
      }
    ]
  },
  {
    "para_id": "2774.282",
    "id_prev": "2774.279",
    "id_next": "2774.283",
    "refcode_1": "HF",
    "refcode_2": "50",
    "refcode_3": "1",
    "refcode_4": "",
    "refcode_short": "HF 50.1",
    "refcode_long": "From Here to Forever, p. 50.1 (Ellen Gould White)",
    "element_type": "p",
    "element_subtype": "standard-indented",
    "content": "Notwithstanding the crusades against them and the inhuman butchery to which they were subjected, this God-fearing people continued to send out missionaries to scatter the precious truth. They were hunted to the death, yet their blood watered the seed sown and yielded fruit.",
    "puborder": 194,
    "translations": [
      {
        "para_id": "13793.241",
        "lang": "sw",
        "refcode": "TSHM 28.4"
      }
    ]
  },
  {
    "para_id": "2774.283",
    "id_prev": "2774.282",
    "id_next": "2774.285",
    "refcode_1": "HF",
    "refcode_2": "50",
    "refcode_3": "2",
    "refcode_4": "",
    "refcode_short": "HF 50.2",
    "refcode_long": "From Here to Forever, p. 50.2 (Ellen Gould White)",
    "element_type": "p",
    "element_subtype": "standard-indented",
    "content": "Thus the Waldenses witnessed for God centuries before Luther. They planted the seeds of the Reformation that began in the time of Wycliffe, grew broad and deep in the days of Luther, and is to be carried forward to the close of time.",
    "puborder": 195,
    "translations": [
      {
        "para_id": "13793.244",
        "lang": "sw",
        "refcode": "TSHM 29.1"
      }
    ]
  }
]