[
  {
    "para_id": "2774.478",
    "id_prev": "2774.477",
    "id_next": "2774.479",
    "refcode_1": "HF",
    "refcode_2": "80",
    "refcode_3": "",
    "refcode_4": "26",
    "refcode_short": "HF 80",
    "refcode_long": "From Here to Forever, p. 80 (Ellen Gould White)",
    "element_type": "h4",
    "element_subtype": "",
    "content": "Indulgences for Sale",
    "puborder": 339,
    "translations": [
      {
        "para_id": "13793.430",
        "lang": "sw",
        "refcode": "TSHM 55"
      }
    ]
  },
  {
    "para_id": "2774.479",
    "id_prev": "2774.478",
    "id_next": "2774.480",
    "refcode_1": "HF",
    "refcode_2": "80",
    "refcode_3": "2",
    "refcode_4": "",
    "refcode_short": "HF 80.2",
    "refcode_long": "From Here to Forever, p. 80.2 (Ellen Gould White)",
    "element_type": "p",
    "element_subtype": "standard-indented",
    "content": "The Roman Church made merchandise of the grace of God. Under the plea of raising funds for the erection of St. Peter&apos;s at Rome, indulgences for sin were offered for sale by authority of the pope. By the price of crime a temple was to be built for God&apos;s worship. It was this that aroused the most successful of the enemies of popery and led to the battle which shook the papal throne and the triple crown upon the pontiff&apos;s head.",
    "puborder": 340,
    "translations": [
      {
        "para_id": "13793.431",
        "lang": "sw",
        "refcode": "TSHM 55.4"
      }
    ]
  },
  {
    "para_id": "2774.480",
    "id_prev": "2774.479",
    "id_next": "2774.481",
    "refcode_1": "HF",
    "refcode_2": "80",
    "refcode_3": "3",
    "refcode_4": "",
    "refcode_short": "HF 80.3",
    "refcode_long": "From Here to Forever, p. 80.3 (Ellen Gould White)",
    "element_type": "p",
    "element_subtype": "standard-indented",
    "content": "Tetzel, the official appointed to conduct the sale of indulgences in Germany, had been convicted of base offenses against society and the law of God, but he was employed to further the mercenary projects of the pope in Germany. He repeated glaring falsehoods and marvelous tales to deceive an ignorant and superstitious people. Had they possessed the Word of God they would not have been deceived, but the Bible had been withheld from them.<sup class=\"footnote\"><a class=\"footnote\">8<span class=\"footnote\">See John C. L. Giesler, A Compendium of Ecclesiastical History, per. 4, sec. 1, par. 5.</span></a></sup>",
    "puborder": 341,
    "translations": [
      {
        "para_id": "13793.432",
        "lang": "sw",
        "refcode": "TSHM 55.5"
      }
    ]
  },
  {
    "para_id": "2774.481",
    "id_prev": "2774.480",
    "id_next": "2774.484",
    "refcode_1": "HF",
    "refcode_2": "80",
    "refcode_3": "4",
    "refcode_4": "",
    "refcode_short": "HF 80.4",
    "refcode_long": "From Here to Forever, p. 80.4 (Ellen Gould White)",
    "element_type": "p",
    "element_subtype": "standard-indented",
    "content": "As Tetzel entered a town, a messenger went before, announcing: &ldquo;The grace of God and of the holy father is at your gates.&rdquo;<sup class=\"footnote\"><a class=\"footnote\">9<span class=\"footnote\">D&apos;Aubigne, bk. 3, ch. 1.</span></a></sup> The people welcomed the blasphemous pretender as if he were God Himself. Tetzel, ascending the pulpit in the church, extolled indulgences as the most precious gift of God. He declared that by virtue of his certificates of pardon, all the sins which the purchaser should afterward desire to commit would be forgiven him and &ldquo;not even repentance is necessary.&rdquo;<sup class=\"footnote\"><a class=\"footnote\">10<span class=\"footnote\">Ibid., bk. 3, ch. 1.</span></a></sup> He assured his hearers that his indulgences had power to save the dead; the very moment the money should clink against the bottom of his <span class=\"page-break\" data-page=\"81\"></span> chest, the soul in whose behalf it had been paid would escape from purgatory and make its way to heaven.<sup class=\"footnote\"><a class=\"footnote\">11<span class=\"footnote\">See K. R. Hagenbach, History of the Reformation, vol. 1, p. 96.</span></a></sup>",
    "puborder": 342,
    "translations": [
      {
        "para_id": "13793.433",
        "lang": "sw",
        "refcode": "TSHM 55.6"
      }
    ]
  },
  {
    "para_id": "2774.484",
    "id_prev": "2774.481",
    "id_next": "2774.485",
    "refcode_1": "HF",
    "refcode_2": "81",
    "refcode_3": "1",
    "refcode_4": "",
    "refcode_short": "HF 81.1",
    "refcode_long": "From Here to Forever, p. 81.1 (Ellen Gould White)",
    "element_type": "p",
    "element_subtype": "standard-indented",
    "content": "Gold and silver flowed into Tetzel&apos;s treasury. A salvation bought with money was more easily obtained than that which requires repentance, faith, and diligent effort to resist and overcome sin. (See <span class=\"egwlink egwlink_book\" title=\"HF 415.8\" data-link=\"2774.2596\">Appendix</span>)",
    "puborder": 343,
    "translations": [
      {
        "para_id": "13793.436",
        "lang": "sw",
        "refcode": "TSHM 56.1"
      }
    ]
  },
  {
    "para_id": "2774.485",
    "id_prev": "2774.484",
    "id_next": "2774.486",
    "refcode_1": "HF",
    "refcode_2": "81",
    "refcode_3": "2",
    "refcode_4": "",
    "refcode_short": "HF 81.2",
    "refcode_long": "From Here to Forever, p. 81.2 (Ellen Gould White)",
    "element_type": "p",
    "element_subtype": "standard-indented",
    "content": "Luther was filled with horror. Many of his own congregation had purchased certificates of pardon. They soon began to come to their pastor, confessing sins and expecting absolution, not because they were penitent and wished to reform, but on the ground of the indulgence. Luther refused, and warned them that unless they should repent and reform, they must perish in their sins. They repaired to Tetzel with the complaint that their confessor had refused his certificates, and some boldly demanded that their money be returned. Filled with rage, the friar uttered terrible curses, caused fires to be lighted in the public squares, and declared that he &ldquo;had received an order from the pope to burn all heretics who presumed to oppose his most holy indulgences.&rdquo;<sup class=\"footnote\"><a class=\"footnote\">12<span class=\"footnote\">D&apos;Aubigne, bk. 3, ch. 4.</span></a></sup>",
    "puborder": 344,
    "translations": [
      {
        "para_id": "13793.437",
        "lang": "sw",
        "refcode": "TSHM 56.2"
      }
    ]
  }
]