[
  {
    "para_id": "136.195",
    "id_prev": "136.194",
    "id_next": "136.196",
    "refcode_1": "MR311",
    "refcode_2": "33",
    "refcode_3": "",
    "refcode_4": "35",
    "refcode_short": "MR311 33",
    "refcode_long": "The Remnant Church; Its Organization, Authority, Unity, and Triumph, p. 33 (Ellen Gould White)",
    "element_type": "h3",
    "element_subtype": "",
    "content": "Satan Fiercely Assails Responsible Men",
    "puborder": 145,
    "translations": []
  },
  {
    "para_id": "136.196",
    "id_prev": "136.195",
    "id_next": "136.197",
    "refcode_1": "MR311",
    "refcode_2": "33",
    "refcode_3": "2",
    "refcode_4": "",
    "refcode_short": "MR311 33.2",
    "refcode_long": "The Remnant Church; Its Organization, Authority, Unity, and Triumph, p. 33.2 (Ellen Gould White)",
    "element_type": "p",
    "element_subtype": "standard-indented",
    "content": "No man is so high in power and authority but that Satan will assail him with temptation. And the more responsible the position a man occupies, the fiercer and more determined are the assaults of the enemy. Let God&apos;s servants in every place study His word, looking constantly to Jesus, that they may be changed into His image. The inexhaustible fulness and the all-sufficiency of Christ are at our command if we walk before God in humility and contrition.&mdash;<span class=\"egwlink egwlink_book\" title=\"Ms 140, 1902\" data-link=\"14067.8717001\">Manuscript 140, 1902</span>.",
    "puborder": 146,
    "translations": []
  }
]