[
  {
    "para_id": "366.2",
    "level": 0,
    "title": "In Memoriam: A Sketch of the Last Sickness and Death of Elder James White",
    "refcode_short": "PH168 ",
    "dup": null,
    "puborder": 1
  },
  {
    "para_id": "366.4",
    "level": 1,
    "title": "Mrs. White's Address.",
    "refcode_short": "PH168 40",
    "dup": null,
    "puborder": 4
  },
  {
    "para_id": "366.81",
    "level": 1,
    "title": "A Sketch of Experience",
    "refcode_short": "PH168 44",
    "dup": null,
    "puborder": 14
  }
]