[
  {
    "para_id": "1544.645",
    "id_prev": "1544.644",
    "id_next": "1544.646",
    "refcode_1": "SITI",
    "refcode_2": "259",
    "refcode_3": "",
    "refcode_4": "1891",
    "refcode_short": "SITI August 31,  1891, page 259",
    "refcode_long": "The Signs of the Times, vol. 17 August 31,  1891, page 259",
    "element_type": "h3",
    "element_subtype": "",
    "content": "August 31, 1891",
    "puborder": 598,
    "translations": []
  },
  {
    "para_id": "1544.646",
    "id_prev": "1544.645",
    "id_next": "1544.647",
    "refcode_1": "SITI",
    "refcode_2": "259",
    "refcode_3": "",
    "refcode_4": "1891",
    "refcode_short": "SITI August 31,  1891, page 259",
    "refcode_long": "The Signs of the Times, vol. 17 August 31,  1891, page 259",
    "element_type": "h5",
    "element_subtype": "",
    "content": "&ldquo;Jurisdiction of the Law. (Continued.)&rdquo; The Signs of the Times, 17, 35.",
    "puborder": 599,
    "translations": []
  },
  {
    "para_id": "1544.647",
    "id_prev": "1544.646",
    "id_next": "1544.648",
    "refcode_1": "SITI",
    "refcode_2": "259",
    "refcode_3": "",
    "refcode_4": "1891",
    "refcode_short": "",
    "refcode_long": "",
    "element_type": "p",
    "element_subtype": "center",
    "content": "E. J. Waggoner",
    "puborder": 600,
    "translations": []
  },
  {
    "para_id": "1544.648",
    "id_prev": "1544.647",
    "id_next": "1544.649",
    "refcode_1": "SITI",
    "refcode_2": "259",
    "refcode_3": "17",
    "refcode_4": "1891",
    "refcode_short": "SITI August 31,  1891, page 259.17",
    "refcode_long": "The Signs of the Times, vol. 17 August 31,  1891, page 259 paragraph 17",
    "element_type": "p",
    "element_subtype": "standard-indented",
    "content": "While we have been making the claim and proving it, that the law of God covers every possible act or thought, and that no responsible being is outside of its jurisdiction, someone has been looking for the verse which says that the Gentiles do not have the law, but are a law unto themselves. Perhaps this is as good a time as any to consider that text. An answer to it will also involve the consideration of the question why the ten commandments, since they have such universal jurisdiction, were spoken from Mount Sinai only to the Jews. Let us now read the passage above referred to:&mdash;",
    "puborder": 601,
    "translations": []
  },
  {
    "para_id": "1544.649",
    "id_prev": "1544.648",
    "id_next": "1544.650",
    "refcode_1": "SITI",
    "refcode_2": "259",
    "refcode_3": "18",
    "refcode_4": "1891",
    "refcode_short": "SITI August 31,  1891, page 259.18",
    "refcode_long": "The Signs of the Times, vol. 17 August 31,  1891, page 259 paragraph 18",
    "element_type": "p",
    "element_subtype": "standard-indented",
    "content": "&ldquo;For as many as have sinned without law shall also perish without law; and as many as have sinned in the law shall be judged by the law (for not the hearers of the law are just before God, but the doers of the law shall be justified. For when the Gentiles, which have not the law, do by nature the things contained in the law, these, having not the law, are a law unto themselves; which shew the work of the law written in their hearts, their conscience also bearing witness, and their thoughts the mean while accusing or else excusing one another).&rdquo; <span class=\"egwlink egwlink_bible\" title=\"Romans 2:12\" data-link=\"1965.57044\">Romans 2:12-15</span>.",
    "puborder": 602,
    "translations": []
  },
  {
    "para_id": "1544.650",
    "id_prev": "1544.649",
    "id_next": "1544.651",
    "refcode_1": "SITI",
    "refcode_2": "259",
    "refcode_3": "19",
    "refcode_4": "1891",
    "refcode_short": "SITI August 31,  1891, page 259.19",
    "refcode_long": "The Signs of the Times, vol. 17 August 31,  1891, page 259 paragraph 19",
    "element_type": "p",
    "element_subtype": "standard-indented",
    "content": "A brief examination of Paul&rsquo;s argument in this chapter will be necessary in order to get a proper understanding of this text. It will be noticed that the thirteenth, fourteenth, and fifteenth verses are parenthetical, and are therefore secondary to the main argument. Therefore, in stating the argument, we shall omit those three verses. In the first chapter of Romans, Paul has shown the terribly immoral condition of the heathen world; and in the second chapter he proceeds to show that whoever condemns the heathen, condemns himself, for all are guilty. God, he says, &ldquo;will render <em>to every man</em> according to his deeds.&rdquo; To those who patiently persevere in well doing, he will render eternal life; but to those who are contentious, and do not obey the truth (see <span class=\"egwlink egwlink_bible\" title=\"Psalm 119:142\" data-link=\"1965.32699\">Psalm 119:142</span>), he will render indignation and wrath. And these rewards of good or ill will be rendered to very man, whether he be Jew or Gentile. &ldquo;For there is no respect of persons with God. For as many as have sinned without law shall also perish without law; and as many as have sinned in the law shall be judged by the law; in the day when God shall judge the secrets of men by Jesus Christ according to my gospel.&rdquo;",
    "puborder": 603,
    "translations": []
  },
  {
    "para_id": "1544.651",
    "id_prev": "1544.650",
    "id_next": "1544.652",
    "refcode_1": "SITI",
    "refcode_2": "259",
    "refcode_3": "20",
    "refcode_4": "1891",
    "refcode_short": "SITI August 31,  1891, page 259.20",
    "refcode_long": "The Signs of the Times, vol. 17 August 31,  1891, page 259 paragraph 20",
    "element_type": "p",
    "element_subtype": "standard-indented",
    "content": "In the first two chapters of Romans, the apostle brings out the fact, which is plainly stated in the third, that &ldquo;both Jews and Gentiles&rdquo; are &ldquo;under sin,&rdquo; and that &ldquo;there is none righteous, no, not one.&rdquo; In the passage under consideration, he states that, as a consequence, all who do not repent shall suffer &ldquo;the righteous judgment of God, who will render to every man according to his deeds.&rdquo; This will be done without regard to nationality; &ldquo;for there is no respect of persons with God;&rdquo; that is, it is not a man&rsquo;s birth, but his character, that gives him favor with God. It is the <em>doers of the law</em> whom he justifies, whether they be Jews or Gentiles, and not those who, as did many of the Jews, hear the law, but do not obey. All who sin, whether with the law or without it, shall perish.",
    "puborder": 604,
    "translations": []
  },
  {
    "para_id": "1544.652",
    "id_prev": "1544.651",
    "id_next": "1544.653",
    "refcode_1": "SITI",
    "refcode_2": "259",
    "refcode_3": "21",
    "refcode_4": "1891",
    "refcode_short": "SITI August 31,  1891, page 259.21",
    "refcode_long": "The Signs of the Times, vol. 17 August 31,  1891, page 259 paragraph 21",
    "element_type": "p",
    "element_subtype": "standard-indented",
    "content": "In the twelfth and fourteenth verses we have the two classes brought to view-those who have the law, and those who have it not. There is no question but that the Jews had the law; they rested in it (<span class=\"egwlink egwlink_bible\" title=\"Romans 2:17\" data-link=\"1965.57054\">Romans 2:17</span>), and by breaking it dishonored God (<span class=\"egwlink egwlink_bible\" title=\"Romans 2:23\" data-link=\"1965.57066\">verses 23, 24</span>). And the fourteenth verse tells us plainly that those not having the law are the Gentiles. Before considering their case, we must not fail to note the fact that both the Jews who had the law, and the Gentiles who had it not, had sinned. They were alike guilty before God. <span class=\"egwlink egwlink_bible\" title=\"Romans 3:9\" data-link=\"1965.57097\">Romans 3:9, 10</span>. Now &ldquo;sin is the transgression of the law&rdquo; (<span class=\"egwlink egwlink_bible\" title=\"1 John 3:4\" data-link=\"1965.62393\">1 John 3:4</span>), and &ldquo;where no law is, there is not transgression&rdquo; (<span class=\"egwlink egwlink_bible\" title=\"Romans 4:15\" data-link=\"1965.57172\">Romans 4:15</span>). Therefore it is beyond controversy that both classes here mentioned had transgressed law, and more than that, had been conscious of the fact, for &ldquo;sin is not imputed when there is no law.&rdquo; So it is certain that the Gentiles had transgressed the law and that they &ldquo;sinned without law.&rdquo; How shall we explain this seeming contradiction? Let us see. Read again <span class=\"egwlink egwlink_bible\" title=\"Romans 4:14\" data-link=\"1965.57170\">verses 14, 16</span>:&mdash;",
    "puborder": 605,
    "translations": []
  },
  {
    "para_id": "1544.653",
    "id_prev": "1544.652",
    "id_next": "1544.654",
    "refcode_1": "SITI",
    "refcode_2": "259",
    "refcode_3": "22",
    "refcode_4": "1891",
    "refcode_short": "SITI August 31,  1891, page 259.22",
    "refcode_long": "The Signs of the Times, vol. 17 August 31,  1891, page 259 paragraph 22",
    "element_type": "p",
    "element_subtype": "standard-indented",
    "content": "&ldquo;For when the Gentiles, which have not the law, do by nature the things contained in the law, these, having not the law, are a law unto themselves; which shew the work of the law written in their hearts, their conscience also bearing witness, and their thoughts the mean while accusing or else excusing one another.&rdquo;",
    "puborder": 606,
    "translations": []
  },
  {
    "para_id": "1544.654",
    "id_prev": "1544.653",
    "id_next": "1544.655",
    "refcode_1": "SITI",
    "refcode_2": "259",
    "refcode_3": "23",
    "refcode_4": "1891",
    "refcode_short": "SITI August 31,  1891, page 259.23",
    "refcode_long": "The Signs of the Times, vol. 17 August 31,  1891, page 259 paragraph 23",
    "element_type": "p",
    "element_subtype": "standard-indented",
    "content": "When God made man in his own image, he made him upright. <span class=\"egwlink egwlink_bible\" title=\"Ecclesiastes 7:29\" data-link=\"1965.35606\">Ecclesiastes 7:29</span>. Not alone in his physical form, but also in his moral nature, he was in the image of God. While Adam continued in this upright, sinless condition, the law of God was in his heart. We know this from <span class=\"egwlink egwlink_bible\" title=\"Psalm 40:8\" data-link=\"1965.29606\">Psalm 40:8</span>, where David, speaking for the Messiah, says, &ldquo;I delight to do thy will, O my God; yea, thy law is within my heart.&rdquo; The existence of the law of God in the heart is manifested by the willingness to obey that law; and he who, as was the case with Christ, has the law perfectly formed within his heart, will render perfect obedience to the law. This was the case with our first parents in the garden of Eden.",
    "puborder": 607,
    "translations": []
  },
  {
    "para_id": "1544.655",
    "id_prev": "1544.654",
    "id_next": "1544.656",
    "refcode_1": "SITI",
    "refcode_2": "259",
    "refcode_3": "24",
    "refcode_4": "1891",
    "refcode_short": "SITI August 31,  1891, page 259.24",
    "refcode_long": "The Signs of the Times, vol. 17 August 31,  1891, page 259 paragraph 24",
    "element_type": "p",
    "element_subtype": "standard-indented",
    "content": "But man fell from his high estate; he sinned against God, and thus marred the perfect copy of the law which had existed in his heart. The tendency of sin is to multiply itself; like the tares sown among the good grain, it will grow without any attention. So the first sin prepared the way for many more, till at last nearly all the world became wholly given up to sin. In <span class=\"egwlink egwlink_bible\" title=\"Hebrews 3:13\" data-link=\"1965.61213\">Hebrews 3:13</span> the apostle says that men become &ldquo;hardened through the deceitfulness of sin;&rdquo; that is, the more men sin, the less heinous does sin appear to them, until at last evil appears to be only good, and good evil, and they sin without the slightest compunction of conscience. This principle is something with which everybody is familiar. Now this progressive love of sin, and the indifference to it, is nothing else than the obliterating of the copy of the law which exists in a more or less perfect state in every heart. This work is not done instantaneously; it takes time for men to so completely obliterate the law from their hearts that they will feel no restraint. But when it is entirely gone, then man is in the condition in which he was just prior to the flood, when &ldquo;every imagination of the thoughts of his heart was only evil continually.&rdquo; <span class=\"egwlink egwlink_bible\" title=\"Genesis 6:5\" data-link=\"1965.294\">Genesis 6:5</span>. So long, however, as any portion remains in his heart, the Spirit is enabled to strive with man, and, by means of that law, to convict of sin; and this whether the individual knows anything of the written revelation or not.",
    "puborder": 608,
    "translations": []
  },
  {
    "para_id": "1544.656",
    "id_prev": "1544.655",
    "id_next": "1544.657",
    "refcode_1": "SITI",
    "refcode_2": "259",
    "refcode_3": "25",
    "refcode_4": "1891",
    "refcode_short": "SITI August 31,  1891, page 259.25",
    "refcode_long": "The Signs of the Times, vol. 17 August 31,  1891, page 259 paragraph 25",
    "element_type": "p",
    "element_subtype": "standard-indented",
    "content": "Now the Gentiles did not have the law written on stone and in books, as did the Jews; they only had that portion which still remained unobliterated from their hearts. Of course the Jews, having much more light than the Gentiles had, were far more responsible. The former would necessarily be judged by the fullness of the law, for they could not plead ignorance of any portion of it. If they sinned, justice required that the condemnation of the law should be visited upon them in full measure. But the Gentiles could be judged only by the light that they had. Since they had not the written revelation, that, of course, would not be brought up against them. They knew, however, the difference, in many things, between right and wrong; and by this they are judged. Had they lived fully up to the light which they had by nature, they would have been counted as doers of the law; but since they did not, since their own consciences condemned them, they must suffer the consequences. The Jews, having the written law, are judged by the law; and the Gentiles, not having the written law, perish without being brought into judgment by it.",
    "puborder": 609,
    "translations": []
  },
  {
    "para_id": "1544.657",
    "id_prev": "1544.656",
    "id_next": "1544.658",
    "refcode_1": "SITI",
    "refcode_2": "259",
    "refcode_3": "26",
    "refcode_4": "1891",
    "refcode_short": "SITI August 31,  1891, page 259.26",
    "refcode_long": "The Signs of the Times, vol. 17 August 31,  1891, page 259 paragraph 26",
    "element_type": "p",
    "element_subtype": "standard-indented",
    "content": "Perhaps this can be made plainer by illustration. The Jews had every one of the ten commandments in such shape that they could constantly be reminded of them, and know the extent of their claims. Now when they come into judgment, it is no more than justice that the whole law should be held up before them, that the enormity of their guilt may be manifest. But here is a poor, ignorant barbarian, who, we will suppose, knew, by the light of nature, only two precepts of the law,&mdash;that it is wrong to kill and to commit adultery. His knowledge of the sinfulness of these acts is shown by his trying to conceal the fact when he has done one or the other of them. His own conscience accuses him. Now it is not necessary, in order to convict him of sin, that the whole ten commandments be held up beside the record of his life. In the judgment let the two precepts with which he was familiar be recalled to his mind. By these alone he stands condemned as a sinner; and since &ldquo;the wages of sin is death,&rdquo; he justly perishes, without ever having seen the written law. Thus we see that all men, whatever their condition, are amenable to, and are to be judged by, the law of God. When Paul says that the Gentiles have not the law, he means that they had not the written revelation, but not that they did not have some knowledge of right and wrong, as defined by the moral law. E. J. W.",
    "puborder": 610,
    "translations": []
  },
  {
    "para_id": "1544.658",
    "id_prev": "1544.657",
    "id_next": "1544.659",
    "refcode_1": "SITI",
    "refcode_2": "259",
    "refcode_3": "",
    "refcode_4": "1891",
    "refcode_short": "",
    "refcode_long": "",
    "element_type": "p",
    "element_subtype": "center",
    "content": "<strong>(<em>To be concluded</em>.)</strong>",
    "puborder": 611,
    "translations": []
  }
]