[
  {
    "para_id": "1559.38",
    "id_prev": "1559.37",
    "id_next": "1559.40",
    "refcode_1": "SITI",
    "refcode_2": "31",
    "refcode_3": "",
    "refcode_4": "1883",
    "refcode_short": "SITI January 25,  1883, page 31",
    "refcode_long": "The Signs of the Times, vol. 9 January 25,  1883, page 31",
    "element_type": "h3",
    "element_subtype": "",
    "content": "January 25, 1883",
    "puborder": 36,
    "translations": []
  },
  {
    "para_id": "1559.40",
    "id_prev": "1559.38",
    "id_next": "1559.41",
    "refcode_1": "SITI",
    "refcode_2": "41",
    "refcode_3": "",
    "refcode_4": "1883",
    "refcode_short": "SITI January 25,  1883, page 41",
    "refcode_long": "The Signs of the Times, vol. 9 January 25,  1883, page 41",
    "element_type": "h5",
    "element_subtype": "",
    "content": "&ldquo;The Sabbath-School. God&rsquo;s Purpose in Dealing with Pharaoh&rdquo; The Signs of the Times, 9, 4.",
    "puborder": 37,
    "translations": []
  },
  {
    "para_id": "1559.41",
    "id_prev": "1559.40",
    "id_next": "1559.42",
    "refcode_1": "SITI",
    "refcode_2": "41",
    "refcode_3": "",
    "refcode_4": "1883",
    "refcode_short": "",
    "refcode_long": "",
    "element_type": "p",
    "element_subtype": "center",
    "content": "E. J. Waggoner",
    "puborder": 38,
    "translations": []
  },
  {
    "para_id": "1559.42",
    "id_prev": "1559.41",
    "id_next": "1559.43",
    "refcode_1": "SITI",
    "refcode_2": "41",
    "refcode_3": "",
    "refcode_4": "1883",
    "refcode_short": "",
    "refcode_long": "",
    "element_type": "p",
    "element_subtype": "center",
    "content": "<strong>Thoughts on Review Lesson for Feb. 3.</strong>",
    "puborder": 39,
    "translations": []
  },
  {
    "para_id": "1559.43",
    "id_prev": "1559.42",
    "id_next": "1559.44",
    "refcode_1": "SITI",
    "refcode_2": "41",
    "refcode_3": "",
    "refcode_4": "1883",
    "refcode_short": "SITI January 25,  1883, page 41",
    "refcode_long": "The Signs of the Times, vol. 9 January 25,  1883, page 41",
    "element_type": "h6",
    "element_subtype": "",
    "content": "GOD&rsquo;S PURPOSE IN DEALING WITH PHARAOH",
    "puborder": 40,
    "translations": []
  },
  {
    "para_id": "1559.44",
    "id_prev": "1559.43",
    "id_next": "1559.45",
    "refcode_1": "SITI",
    "refcode_2": "41",
    "refcode_3": "1",
    "refcode_4": "1883",
    "refcode_short": "SITI January 25,  1883, page 41.1",
    "refcode_long": "The Signs of the Times, vol. 9 January 25,  1883, page 41 paragraph 1",
    "element_type": "p",
    "element_subtype": "standard-indented",
    "content": "Those who are disposed to cavil, and make a great deal of capital out of <span class=\"egwlink egwlink_bible\" title=\"Exodus 9:15\" data-link=\"1965.3578\">Exodus 9:15, 16</span>: &ldquo;For now I will stretch out my hand, that I may smite thee and thy people with pestilence; and thou shalt be cut off from the earth. And in very deed for this cause have I raised thee up, for to show in thee my power; and that my name may be declared throughout all the earth.&rdquo; One who is not predisposed to find fault with the Bible, will have little difficulty with this passage as it stands; but the best critics, among whom is Dr. Clarke, tell us that our translation does not convey the idea of the original. As Dr. Clarke says, God did not bring a pestilence upon Egypt, although the first-born were slain; nor was Pharaoh cut off from the earth at that time. The true meaning is said to be expressed by these words: &ldquo;For now indeed had I stretched forth my hand and smitten thee and thy people with the pestilence, then hadst thou been cut off from the earth. And in very deed for this cause have I made thee to stand [allowed thee to live until the present time], for to show in thee my power,&rdquo; etc.",
    "puborder": 41,
    "translations": []
  },
  {
    "para_id": "1559.45",
    "id_prev": "1559.44",
    "id_next": "1559.46",
    "refcode_1": "SITI",
    "refcode_2": "41",
    "refcode_3": "2",
    "refcode_4": "1883",
    "refcode_short": "SITI January 25,  1883, page 41.2",
    "refcode_long": "The Signs of the Times, vol. 9 January 25,  1883, page 41 paragraph 2",
    "element_type": "p",
    "element_subtype": "standard-indented",
    "content": "This relieves the subject of all difficulty, and makes the passage harmonize with the context. In <span class=\"egwlink egwlink_bible\" title=\"Exodus 9:13\" data-link=\"1965.3574\">verse 13</span>, God tells Moses to command Pharaoh to lead his people go. If he refuses, he says that he will send all his plagues upon him and upon his servants upon his people. <span class=\"egwlink egwlink_bible\" title=\"Exodus 9:14\" data-link=\"1965.3576\">Verse 14</span>. In order that he may not think lightly of the judgments of God, or that he has already exhausted his power, God tells Pharaoh that if he had so ordered it, he would have been cut off from the earth. And then he assures him that it is only an act of mercy that his life has been spared. God might have destroyed Pharaoh at the very outset, and delivered Israel at once; but that, to short-sighted man, would have appeared to be an act of unwarranted cruelty. Instead of this, he allowed Pharaoh to show out his real character, and so vindicated his course, and at the same time displayed his wonderful power.",
    "puborder": 42,
    "translations": []
  },
  {
    "para_id": "1559.46",
    "id_prev": "1559.45",
    "id_next": "1559.47",
    "refcode_1": "SITI",
    "refcode_2": "41",
    "refcode_3": "",
    "refcode_4": "1883",
    "refcode_short": "SITI January 25,  1883, page 41",
    "refcode_long": "The Signs of the Times, vol. 9 January 25,  1883, page 41",
    "element_type": "h6",
    "element_subtype": "",
    "content": "THE HARDENING OF PHARAOH&rsquo;S HEART",
    "puborder": 43,
    "translations": []
  },
  {
    "para_id": "1559.47",
    "id_prev": "1559.46",
    "id_next": "1559.48",
    "refcode_1": "SITI",
    "refcode_2": "41",
    "refcode_3": "3",
    "refcode_4": "1883",
    "refcode_short": "SITI January 25,  1883, page 41.3",
    "refcode_long": "The Signs of the Times, vol. 9 January 25,  1883, page 41 paragraph 3",
    "element_type": "p",
    "element_subtype": "standard-indented",
    "content": "&ldquo;And the Lord hardened the heart of Pharaoh and he hearkened not unto them.&rdquo; With what avidity skeptics seize upon this passage! &ldquo;If the Lord hardened Pharaoh&rsquo;s heart, he was not to blame for what he did, and the Lord was arbitrary and cruel to punish him for what he could not help.&rdquo; Thus they will talk, and having once satisfied themselves that God is a hard taskmaster, and a cruel tyrant, they feel justified in refusing to serve him. But before we jump at such a conclusion, let us see just hot it happen that Pharaoh&rsquo;s heart was made hard.",
    "puborder": 44,
    "translations": []
  },
  {
    "para_id": "1559.48",
    "id_prev": "1559.47",
    "id_next": "1559.49",
    "refcode_1": "SITI",
    "refcode_2": "41",
    "refcode_3": "4",
    "refcode_4": "1883",
    "refcode_short": "SITI January 25,  1883, page 41.4",
    "refcode_long": "The Signs of the Times, vol. 9 January 25,  1883, page 41 paragraph 4",
    "element_type": "p",
    "element_subtype": "standard-indented",
    "content": "Notice first the character of the king. He was ungrateful, as shown by the statement that he &ldquo;knew not Joseph.&rdquo; This does not mean that he was not familiar with Joseph&rsquo;s history, and what he had done for Egypt; but that he cared nothing for him. The fact that Joseph had saved all Egypt from starvation, did not seem to the king to be any reason why he should befriend Joseph&rsquo;s people. This was a nature upon which kindness had no softening effect. His treatment of the Israelites shows that he was selfish, cruel, and vindictive, and utterly regardless of human life. He had grown insolent and haughty, and when the demand was made upon him to let Israel go, he replied, &ldquo;I know not the Lord, neither will I let Israel go.&rdquo; Then plagues were sent upon him. When the frogs covered the land, and the magician&rsquo;s could not remove them, he relented, and promised that if they were taken away, he would let the people go. He was taken at his word, but what was the result? &ldquo;But when Pharaoh saw that there was respite, he hardened his heart, and hearkened not unto them.&rdquo; <span class=\"egwlink egwlink_bible\" title=\"Exodus 8:15\" data-link=\"1965.3513\">Exodus 8:15</span>.",
    "puborder": 45,
    "translations": []
  },
  {
    "para_id": "1559.49",
    "id_prev": "1559.48",
    "id_next": "1559.50",
    "refcode_1": "SITI",
    "refcode_2": "41",
    "refcode_3": "5",
    "refcode_4": "1883",
    "refcode_short": "SITI January 25,  1883, page 41.5",
    "refcode_long": "The Signs of the Times, vol. 9 January 25,  1883, page 41 paragraph 5",
    "element_type": "p",
    "element_subtype": "standard-indented",
    "content": "Again another plague was sent, but he remained stubborn. Then swarms of flies filled their houses, so that everything was corrupted. This induced the king to say, &ldquo;I will let you go, that ye may sacrifice to the Lord your God in the wilderness.&rdquo; So Moses entreated the Lord, and the flies were removed at the time appointed; but the result was the same as before. The record says: &ldquo;And the Lord did according to the word of Moses; and he removed the swarms of flies from Pharaoh, from this his servants, and from his people; there remained not one. And <em>Pharaoh hardened his heart</em> at this time also, neither would he let the people go.&rdquo; <span class=\"egwlink egwlink_bible\" title=\"Exodus 8:31\" data-link=\"1965.3545\">Chap. 8:31, 32</span>.",
    "puborder": 46,
    "translations": []
  },
  {
    "para_id": "1559.50",
    "id_prev": "1559.49",
    "id_next": "1559.51",
    "refcode_1": "SITI",
    "refcode_2": "41",
    "refcode_3": "6",
    "refcode_4": "1883",
    "refcode_short": "SITI January 25,  1883, page 41.6",
    "refcode_long": "The Signs of the Times, vol. 9 January 25,  1883, page 41 paragraph 6",
    "element_type": "p",
    "element_subtype": "standard-indented",
    "content": "Yet again, after the cattle had been killed by the murrian, and boils, and hail; when the terrible storm of thunder and hail and fire had devastated the land, Pharaoh was alarmed. Sending for Moses and Aaron, he said, &ldquo;I have sinned this time; the Lord is righteous, and I and my people are wicked. Intreat the Lord (for it is enough) that there be no more mighty thunderings and hail; and I will let you go, and he shall stay no longer.&rdquo; <span class=\"egwlink egwlink_bible\" title=\"Exodus 9:27\" data-link=\"1965.3602\">Chap. 9:27, 28</span>. As before Moses set a time for the removal of the plague and the result is stated in <span class=\"egwlink egwlink_bible\" title=\"Exodus 9:34\" data-link=\"1965.3616\">verses 34, 35</span> thus: &ldquo;And when Pharaoh saw that the rain and the hail and the thunders were ceased, he sinned yet more, and hardened his heart, he and his servants. And the heart of Pharaoh was hardened, neither would he let the children of Israel go.&rdquo;",
    "puborder": 47,
    "translations": []
  },
  {
    "para_id": "1559.51",
    "id_prev": "1559.50",
    "id_next": "1559.52",
    "refcode_1": "SITI",
    "refcode_2": "41",
    "refcode_3": "7",
    "refcode_4": "1883",
    "refcode_short": "SITI January 25,  1883, page 41.7",
    "refcode_long": "The Signs of the Times, vol. 9 January 25,  1883, page 41 paragraph 7",
    "element_type": "p",
    "element_subtype": "standard-indented",
    "content": "Now we can see just how it was that the Lord hardened Pharaoh&rsquo;s heart. He did it by his manifestations of mercy. The king was very humble in the face of death, but as soon as the cause of fear was removed, he became stubborn. Had he not been so willful, the mercy of the Lord would have moved him to repentance; but he was one of those persons who think that an exhibition of kindness is a manifestation of weakness. Having nothing like mercy or kindness in his own nature, he was unable to appreciate it in others.",
    "puborder": 48,
    "translations": []
  },
  {
    "para_id": "1559.52",
    "id_prev": "1559.51",
    "id_next": "1559.53",
    "refcode_1": "SITI",
    "refcode_2": "41",
    "refcode_3": "8",
    "refcode_4": "1883",
    "refcode_short": "SITI January 25,  1883, page 41.8",
    "refcode_long": "The Signs of the Times, vol. 9 January 25,  1883, page 41 paragraph 8",
    "element_type": "p",
    "element_subtype": "standard-indented",
    "content": "Theodoret very aptly says: &ldquo;The sun by the action of the heat makes wax moist, and mud dry, pardoning the one while it softens the other, by the same operations producing exactly opposite results; thus from the long-suffering of God some derive benefit, and others harmed, some are softened while others are hardened.&rdquo; Numerous cases, besides that of Pharaoh, might be cited to further illustrate this. The same words and actions of Christ that bound his disciples closer to him and gave him many devoted followers, hardened the hearts of the wicked priests, and moved them to kill him. It will ever be found the case that when a man falls, he falls on the side of his natural inclination.",
    "puborder": 49,
    "translations": []
  },
  {
    "para_id": "1559.53",
    "id_prev": "1559.52",
    "id_next": "1559.54",
    "refcode_1": "SITI",
    "refcode_2": "41",
    "refcode_3": "",
    "refcode_4": "1883",
    "refcode_short": "SITI January 25,  1883, page 41",
    "refcode_long": "The Signs of the Times, vol. 9 January 25,  1883, page 41",
    "element_type": "h6",
    "element_subtype": "",
    "content": "A LESSON OF TRUST",
    "puborder": 50,
    "translations": []
  },
  {
    "para_id": "1559.54",
    "id_prev": "1559.53",
    "id_next": "1559.55",
    "refcode_1": "SITI",
    "refcode_2": "41",
    "refcode_3": "9",
    "refcode_4": "1883",
    "refcode_short": "SITI January 25,  1883, page 41.9",
    "refcode_long": "The Signs of the Times, vol. 9 January 25,  1883, page 41 paragraph 9",
    "element_type": "p",
    "element_subtype": "standard-indented",
    "content": "The Israelites were commanded to gather of the manna &ldquo;an omer for every man.&rdquo; This was sufficient for the wants of one day, and as they were to &ldquo;go out and gather a certain rate every day,&rdquo; it would have been useless to take any more, even if it would have kept. But the people were not content to follow the Lord&rsquo;s direction; some gathered more than the required amount. They doubtless reasoned thus: &ldquo;It is true that this manna is promised every day, but there may come a time when it will fail, and it is no more than prudent to prepare for such a time, while we have abundance.&rdquo; By gathering more than the specified quantity, more than they could use during the day, they showed their lack of faith in God&rsquo;s promise. They thought that they could provide for themselves better than God could.",
    "puborder": 51,
    "translations": []
  },
  {
    "para_id": "1559.55",
    "id_prev": "1559.54",
    "id_next": "1559.56",
    "refcode_1": "SITI",
    "refcode_2": "41",
    "refcode_3": "10",
    "refcode_4": "1883",
    "refcode_short": "SITI January 25,  1883, page 41.10",
    "refcode_long": "The Signs of the Times, vol. 9 January 25,  1883, page 41 paragraph 10",
    "element_type": "p",
    "element_subtype": "standard-indented",
    "content": "But their planning prove to be useless, for &ldquo;when they did mete it with an omer, he that gathered much had nothing over, and he that gathered little had no lack.&rdquo; Thus there was an equality. During their sojourn in the wilderness, God wished to have his people learn to trust him.",
    "puborder": 52,
    "translations": []
  },
  {
    "para_id": "1559.56",
    "id_prev": "1559.55",
    "id_next": "1559.57",
    "refcode_1": "SITI",
    "refcode_2": "41",
    "refcode_3": "11",
    "refcode_4": "1883",
    "refcode_short": "SITI January 25,  1883, page 41.11",
    "refcode_long": "The Signs of the Times, vol. 9 January 25,  1883, page 41 paragraph 11",
    "element_type": "p",
    "element_subtype": "standard-indented",
    "content": "As we look back on this incident, the course of the Israelites seems foolish; but we will not have to search far in order to find its counterpart. Paul makes their case the text for a lesson in giving. He desires that there should be an equality, that all should give in the same proportion. Then he quotes, &ldquo;He that had gathered much had nothing over; and he that had gathered little had no lack.&rdquo; God has promised to care for each one of his children; to give them their bread day by day, if we gather millions, we can have no more than our daily sustenance, and if we are in the depths of poverty, God is able to provide for our daily wants. Are we not, then, even more culpable than were the Israelites, if we refuse to return to God his rightful portion of our means? God is testing us just as he did them, but how many of us prove to be dull scholars. We have more faith in ourselves than we have in God.",
    "puborder": 53,
    "translations": []
  },
  {
    "para_id": "1559.57",
    "id_prev": "1559.56",
    "id_next": "1559.58",
    "refcode_1": "SITI",
    "refcode_2": "41",
    "refcode_3": "",
    "refcode_4": "1883",
    "refcode_short": "SITI January 25,  1883, page 41",
    "refcode_long": "The Signs of the Times, vol. 9 January 25,  1883, page 41",
    "element_type": "h6",
    "element_subtype": "",
    "content": "THE MURMURINGS OF ISRAEL",
    "puborder": 54,
    "translations": []
  },
  {
    "para_id": "1559.58",
    "id_prev": "1559.57",
    "id_next": "1559.59",
    "refcode_1": "SITI",
    "refcode_2": "41",
    "refcode_3": "12",
    "refcode_4": "1883",
    "refcode_short": "SITI January 25,  1883, page 41.12",
    "refcode_long": "The Signs of the Times, vol. 9 January 25,  1883, page 41 paragraph 12",
    "element_type": "p",
    "element_subtype": "standard-indented",
    "content": "As we look at the wanderings of this people, the most prominent thing seems to be their murmuring disposition, and lack of faith. We can hardly realize how they could so easily forget God. Through all the fearful plagues that had been visited upon the Egyptians, they had been miraculously preserved; yet no sooner are they brought into a difficult place by the sea than they complain. They were taken through the Red Sea on dry ground while the pursuing Egyptians were drowned. This raised their spirits once more, and they joined with Moses in singing that wonderful song of deliverance, found in the <span class=\"egwlink egwlink_bible\" title=\"Exodus 15:1\" data-link=\"1965.3912\">15th chapter of Exodus</span>; yet within three days they were murmuring because the water was bitter. Why could they not remember that He who could divide the Red Sea, could provide water to drink? Water was miraculously provided, but in a few days their stock of provision ran low, and again they murmured. They even wished themselves back in their former bondage. Again there wants were supplied; bread was furnished, and a series of miracles was begun, that lasted for forty years, yet it seems to have made but little impression on them. In a short time they came to Rephidim, and here their complaints were renewed, the same as before. Because there was no water at hand, they were about to stone Moses. The former miraculous provision of water seems to have been utterly forgotten.",
    "puborder": 55,
    "translations": []
  },
  {
    "para_id": "1559.59",
    "id_prev": "1559.58",
    "id_next": "1559.60",
    "refcode_1": "SITI",
    "refcode_2": "41",
    "refcode_3": "13",
    "refcode_4": "1883",
    "refcode_short": "SITI January 25,  1883, page 41.13",
    "refcode_long": "The Signs of the Times, vol. 9 January 25,  1883, page 41 paragraph 13",
    "element_type": "p",
    "element_subtype": "standard-indented",
    "content": "Now all this was extremely wicked. They were tempting God, and there can be no excuse for their course. But while we justly condemn their actions, let us see if we are not condemning ourselves. Human nature has not changed much since that time. We have received blessings innumerable from the hand of God. We can truly say with the psalmist that &ldquo;goodness and mercy have followed this all the days of our life.&rdquo; Israel had a standing manifestation of God&rsquo;s power and goodness in the manna, which was furnished fresh every day. But it is just as true in our case that the mercies of the Lord are &ldquo;new every morning.&rdquo; And yet we murmur and become discouraged at everything that crosses us. If discouragements come we, like the Israelites, are tempted to turn back, and imagine that we cannot gain the promised land. It is doubtful if we possess any more faith than they did.",
    "puborder": 56,
    "translations": []
  },
  {
    "para_id": "1559.60",
    "id_prev": "1559.59",
    "id_next": "1559.61",
    "refcode_1": "SITI",
    "refcode_2": "41",
    "refcode_3": "14",
    "refcode_4": "1883",
    "refcode_short": "SITI January 25,  1883, page 41.14",
    "refcode_long": "The Signs of the Times, vol. 9 January 25,  1883, page 41 paragraph 14",
    "element_type": "p",
    "element_subtype": "standard-indented",
    "content": "We can easily see how much better it would have been for the Israelites if they had been grateful to God for his favors, and had trusted him in times of need. It is well that we are able to do this, for the apostle says, &ldquo;Now all these things happened unto them for ensamples; and they are written for our admonition, upon whom the ends of the world are come.&rdquo; <span class=\"egwlink egwlink_bible\" title=\"1 Corinthians 10:11\" data-link=\"1965.58277\">1 Corinthians 10:11</span>. If we can see wherein they erred, let us see to it that we do not follow their course. &ldquo;Wherefore let him that thinketh he standeth take heed lest he fall.&rdquo;",
    "puborder": 57,
    "translations": []
  },
  {
    "para_id": "1559.61",
    "id_prev": "1559.60",
    "id_next": "1559.62",
    "refcode_1": "SITI",
    "refcode_2": "41",
    "refcode_3": "",
    "refcode_4": "1883",
    "refcode_short": "SITI January 25,  1883, page 41",
    "refcode_long": "The Signs of the Times, vol. 9 January 25,  1883, page 41",
    "element_type": "h6",
    "element_subtype": "",
    "content": "THE FLIGHT FROM EGYPT.&mdash;ITS MEMORIAL",
    "puborder": 58,
    "translations": []
  },
  {
    "para_id": "1559.62",
    "id_prev": "1559.61",
    "id_next": "1559.64",
    "refcode_1": "SITI",
    "refcode_2": "41",
    "refcode_3": "15",
    "refcode_4": "1883",
    "refcode_short": "SITI January 25,  1883, page 41.15",
    "refcode_long": "The Signs of the Times, vol. 9 January 25,  1883, page 41 paragraph 15",
    "element_type": "p",
    "element_subtype": "standard-indented",
    "content": "It is claimed by many that the Sabbath commemorates the flight from Egypt. They argue thus, because in <span class=\"egwlink egwlink_bible\" title=\"Deuteronomy 5:15\" data-link=\"1965.10302\">Deuteronomy 5:15</span> their deliverance from Egypt is noted as a thing for which the Israelites should be grateful, and an additional reason why they should remember his commandments. But the fourth commandment itself shows what the Sabbath is intended to commemorate, and no hint of the flight from Egypt is given. That claim is so palpably absurd that it must disappear upon the slightest candid investigation. It may not, however, be amiss to notice <span class=\"egwlink egwlink_bible\" title=\"Exodus 12:41\" data-link=\"1965.3781\">Exodus 12:41, 42</span>, in this connection. &ldquo;And it came to pass at the end of the four hundred and thirty years, even the selfsame day it came to pass, that all the hosts of the Lord went out from the land of Egypt. <em>It is a night to be much observed</em> unto the Lord for bringing them out from the land of Egypt: this is that night of the Lord to be observed of all the children of Israel in their generations.&rdquo; The people fled in the night; and the Passover, which was the true memorial of their deliverance (See <span class=\"egwlink egwlink_bible\" title=\"Exodus 12:26\" data-link=\"1965.3751\">Exodus 12:26-28</span>), was celebrated in the night. <span class=\"egwlink egwlink_bible\" title=\"Exodus 12:6\" data-link=\"1965.3711\">Exodus 12:6-10</span>; <span class=\"egwlink egwlink_bible\" title=\"Deuteronomy 16:6\" data-link=\"1965.10873\">Deuteronomy 16:6</span>. God&rsquo;s memorials are always fitting and appropriate; when man attempts to improve upon God&rsquo;s plan, he always makes confusion. E. J. W.",
    "puborder": 59,
    "translations": []
  },
  {
    "para_id": "1559.64",
    "id_prev": "1559.62",
    "id_next": "1559.65",
    "refcode_1": "SITI",
    "refcode_2": "43",
    "refcode_3": "",
    "refcode_4": "1883",
    "refcode_short": "SITI January 25,  1883, page 43",
    "refcode_long": "The Signs of the Times, vol. 9 January 25,  1883, page 43",
    "element_type": "h5",
    "element_subtype": "",
    "content": "&ldquo;What They Propose to Do&rdquo; The Signs of the Times, 9, 4.",
    "puborder": 60,
    "translations": []
  },
  {
    "para_id": "1559.65",
    "id_prev": "1559.64",
    "id_next": "1559.66",
    "refcode_1": "SITI",
    "refcode_2": "43",
    "refcode_3": "",
    "refcode_4": "1883",
    "refcode_short": "",
    "refcode_long": "",
    "element_type": "p",
    "element_subtype": "center",
    "content": "E. J. Waggoner",
    "puborder": 61,
    "translations": []
  },
  {
    "para_id": "1559.66",
    "id_prev": "1559.65",
    "id_next": "1559.67",
    "refcode_1": "SITI",
    "refcode_2": "43",
    "refcode_3": "1",
    "refcode_4": "1883",
    "refcode_short": "SITI January 25,  1883, page 43.1",
    "refcode_long": "The Signs of the Times, vol. 9 January 25,  1883, page 43 paragraph 1",
    "element_type": "p",
    "element_subtype": "standard-indented",
    "content": "The effect which is the proposed religious amendment to the Constitution of the United States is intended to produce is very clearly shown in the last number of the <em>Christian Statesman</em>. A clergyman who is engaged in the work of the National Reform Association, visited Watrousville, Michigan. At the close of the lecture opportunity was given for questions, when a member of the Seventh-day Adventist Church of that place, asked how the proposed religious amendment would affect Seventh-day Adventists.The reply was: &ldquo;Just as existing Sabbath [Sunday] laws affect them in States where the first day of the week alone is recognized as the civil Sabbath.&rdquo;",
    "puborder": 62,
    "translations": []
  },
  {
    "para_id": "1559.67",
    "id_prev": "1559.66",
    "id_next": "1559.69",
    "refcode_1": "SITI",
    "refcode_2": "43",
    "refcode_3": "2",
    "refcode_4": "1883",
    "refcode_short": "SITI January 25,  1883, page 43.2",
    "refcode_long": "The Signs of the Times, vol. 9 January 25,  1883, page 43 paragraph 2",
    "element_type": "p",
    "element_subtype": "standard-indented",
    "content": "Now we do not exactly believe this, and for this reason: Sunday laws are very rarely enforced in those States where they already exist, as in California, for instance; consequently Seventh-day Adventists are not at present materially affected by them. But the friends of National Reform (as it is called) do not contemplate such a state of things when they secure the amendment for which they are working. They are not children, and will not be satisfied with the pretense of a law. What they contemplate is such an amendment to the Constitution of the United States as will give them authority to close all places of business on Sunday, stop the running of railroad trains, the carrying of mails, printing and delivery of newspapers, etc., on that day. In short, they desire to make of the Sunday a sabbath in the full sense of the word-a day of rest for all. This is what they claim to be working for. But no such a state of things exist now, consequently those who believe in resting on the Sabbath and laboring on Sunday, would be differently affected by the passage of the amendment.",
    "puborder": 63,
    "translations": []
  },
  {
    "para_id": "1559.69",
    "id_prev": "1559.67",
    "id_next": "1559.70",
    "refcode_1": "SITI",
    "refcode_2": "44",
    "refcode_3": "1",
    "refcode_4": "1883",
    "refcode_short": "SITI January 25,  1883, page 44.1",
    "refcode_long": "The Signs of the Times, vol. 9 January 25,  1883, page 44 paragraph 1",
    "element_type": "p",
    "element_subtype": "standard-indented",
    "content": "It is worth while to remember, however that existing State Sunday laws would affect Seventh-day Adventists, and other observers of the Sabbath, very seriously, if the friends of these laws were able to enforce them as they wish to. Those who are familiar with the persecutions in Pennsylvania, under the Sunday Law of 1794, and with what was attempted last year in California, will have no difficulty in understanding just how &ldquo;existing Sabbath laws affect them in States where the first day of the week alone is recognized as the civil Sabbath.&rdquo;",
    "puborder": 64,
    "translations": []
  },
  {
    "para_id": "1559.70",
    "id_prev": "1559.69",
    "id_next": "1559.71",
    "refcode_1": "SITI",
    "refcode_2": "44",
    "refcode_3": "2",
    "refcode_4": "1883",
    "refcode_short": "SITI January 25,  1883, page 44.2",
    "refcode_long": "The Signs of the Times, vol. 9 January 25,  1883, page 44 paragraph 2",
    "element_type": "p",
    "element_subtype": "standard-indented",
    "content": "But the animus of the movement is shown by the next question and answer. We quote:-",
    "puborder": 65,
    "translations": []
  },
  {
    "para_id": "1559.71",
    "id_prev": "1559.70",
    "id_next": "1559.72",
    "refcode_1": "SITI",
    "refcode_2": "44",
    "refcode_3": "3",
    "refcode_4": "1883",
    "refcode_short": "SITI January 25,  1883, page 44.3",
    "refcode_long": "The Signs of the Times, vol. 9 January 25,  1883, page 44 paragraph 3",
    "element_type": "p",
    "element_subtype": "standard-indented",
    "content": "&ldquo;Another said that if [the religious amendment] would lead to interference with liberty to worship according to the dictates of conscience. To this it was answered: &lsquo;No. But unless a small minority were to enjoy exceptional privileges, it would interfere with work on the Lord&rsquo;s day.&rsquo;&rdquo;",
    "puborder": 66,
    "translations": []
  },
  {
    "para_id": "1559.72",
    "id_prev": "1559.71",
    "id_next": "1559.73",
    "refcode_1": "SITI",
    "refcode_2": "44",
    "refcode_3": "4",
    "refcode_4": "1883",
    "refcode_short": "SITI January 25,  1883, page 44.4",
    "refcode_long": "The Signs of the Times, vol. 9 January 25,  1883, page 44 paragraph 4",
    "element_type": "p",
    "element_subtype": "standard-indented",
    "content": "Just so. And since they do not propose to grant &ldquo;exceptional privileges,&rdquo; the &ldquo;small minority&rdquo; who keep the seventh day, must refrain from laboring on Sunday. Still religious liberty will not be interfered with! They virtually say, &ldquo;We have no particular objections to your observance of the seventh day; indeed, if you do so desire, and can make a living, you may rest on Monday and Tuesday and Thursday and Friday as well, <em>but you must rest on Sunday</em>.&rdquo; Everybody is at liberty to do just as he pleases, provided he does not wish to do anything contrary to the practice of the majority. This is religious liberty with a vengeance. The pope of Rome would grant that much.",
    "puborder": 67,
    "translations": []
  },
  {
    "para_id": "1559.73",
    "id_prev": "1559.72",
    "id_next": "1559.74",
    "refcode_1": "SITI",
    "refcode_2": "44",
    "refcode_3": "5",
    "refcode_4": "1883",
    "refcode_short": "SITI January 25,  1883, page 44.5",
    "refcode_long": "The Signs of the Times, vol. 9 January 25,  1883, page 44 paragraph 5",
    "element_type": "p",
    "element_subtype": "standard-indented",
    "content": "Let us take a similar case as an illustration. Suppose Christianity were entirely unknown in China, as it was only a few years ago. A little colony of Englishmen and Americans, attracted by the climate and by the superior facilities offered for their business, locate there. China has been represented to them as a land of religious liberty, or every man is free to worship as his conscience may dictate. After they have been there a few weeks they are brought before the officers of justice and accused of violating the laws of the empire. They ask wherein they have erred, and are told that they have neglected the worship of Joss; that they have never been seen in any temple; and that they have been known to speak irreverently of the gods of wood. The strangers reply that they worship the God that made the heavens and the earth-the one whose name is Joe. But they are told that that God is not recognized in China. &ldquo;The majority of our people,&rdquo; say the officers, &ldquo;worship these gods which you see. We have therefore made a law that all people in this country must worship them also. You can readily see that no exception can be made in your case, since you are so small a minority that you cannot help yourselves. But our laws do not interfere with the religious liberty of anybody. You are not prohibited from worshiping your God, but you <em>must</em> worship ours or else your heads will be the forfeit.&rdquo; Just this state of things has existed in many countries, and does exist even yet; but those countries have been called despotisms, and places where there was no freedom of conscience. And this is no exaggerated picture of what will happen in this country when the National Reform Association accomplishes its object. All unprejudiced lovers of true liberty will agree that such a movement is not only opposed to the principles of our government but to the spirit of true Christianity.",
    "puborder": 68,
    "translations": []
  },
  {
    "para_id": "1559.74",
    "id_prev": "1559.73",
    "id_next": "1559.75",
    "refcode_1": "SITI",
    "refcode_2": "44",
    "refcode_3": "6",
    "refcode_4": "1883",
    "refcode_short": "SITI January 25,  1883, page 44.6",
    "refcode_long": "The Signs of the Times, vol. 9 January 25,  1883, page 44 paragraph 6",
    "element_type": "p",
    "element_subtype": "standard-indented",
    "content": "This idea that the majority must rule is a most pernicious one, if carried out to its fullest extent. It is opposed to the spirit of the gospel. The Bible gives no warrant for it. It is true that Peter exhorts the younger to be subject to the elder, but he also says, &ldquo;Yea, all to be subject to one another.&rdquo; This is far different from the majority ruling the minority. The idea that might makes right, which is only another way of saying that the majority must rule, has not the least foundation in the Bible.",
    "puborder": 69,
    "translations": []
  },
  {
    "para_id": "1559.75",
    "id_prev": "1559.74",
    "id_next": "1559.76",
    "refcode_1": "SITI",
    "refcode_2": "44",
    "refcode_3": "7",
    "refcode_4": "1883",
    "refcode_short": "SITI January 25,  1883, page 44.7",
    "refcode_long": "The Signs of the Times, vol. 9 January 25,  1883, page 44 paragraph 7",
    "element_type": "p",
    "element_subtype": "standard-indented",
    "content": "According to our friends of the National Reform Association, Elijah was simply a headstrong fanatic, and Paul was indeed a &ldquo;pestilent fellow.&rdquo; Both advocated ideas that were held by but a small minority, and were opposed to the established religion.",
    "puborder": 70,
    "translations": []
  },
  {
    "para_id": "1559.76",
    "id_prev": "1559.75",
    "id_next": "1559.77",
    "refcode_1": "SITI",
    "refcode_2": "44",
    "refcode_3": "8",
    "refcode_4": "1883",
    "refcode_short": "SITI January 25,  1883, page 44.8",
    "refcode_long": "The Signs of the Times, vol. 9 January 25,  1883, page 44 paragraph 8",
    "element_type": "p",
    "element_subtype": "standard-indented",
    "content": "According to the theory that the majority ought to rule, Shadrach, Meshach, and Abednego richly deserved the punishment that was threatened them for standing out against all law of the land, and should have been left to their fate. Their answer, &ldquo;We are not careful to answer thee in this matter,&rdquo; and &ldquo;Be it known unto thee, O king, that we will not serve thy gods, nor worship the golden image which thou hast set up,&rdquo; was simply a manifestation of impudent stubbornness. But we have not been accustomed to regarded it so.",
    "puborder": 71,
    "translations": []
  },
  {
    "para_id": "1559.77",
    "id_prev": "1559.76",
    "id_next": "1559.78",
    "refcode_1": "SITI",
    "refcode_2": "44",
    "refcode_3": "9",
    "refcode_4": "1883",
    "refcode_short": "SITI January 25,  1883, page 44.9",
    "refcode_long": "The Signs of the Times, vol. 9 January 25,  1883, page 44 paragraph 9",
    "element_type": "p",
    "element_subtype": "standard-indented",
    "content": "When Peter and John &ldquo;preached through Jesus the resurrection from the dead,&rdquo; they were acting contrary to the will of the majority. The State religion was utterly opposed to the doctrine which they taught, yet they persisted in their course even after being threatened and warned not to do so. Their reply to the rulers was this: &ldquo;Whether it be right in the sight of God to hearken unto you more than unto God, judge ye. For we cannot but speak the things which we have seen and heard.&rdquo; This noble reply has been admired by Christians of every generation, and even those who to-day plead for a State religion and the rule of the majority, will contend that the apostles were justified in their action. And we, although far inferior to them, may yet follow their example. We cannot but speak the things which we have seen and heard, and practice that which God has commanded; and though &ldquo;the rulers take counsel together against the Lord,&rdquo; and against his holy law, we pray that we may have strength to humbly answer, &ldquo;We ought to obey God rather than men.&rdquo; E. J. W.",
    "puborder": 72,
    "translations": []
  },
  {
    "para_id": "1559.78",
    "id_prev": "1559.77",
    "id_next": "1559.79",
    "refcode_1": "SITI",
    "refcode_2": "44",
    "refcode_3": "",
    "refcode_4": "1883",
    "refcode_short": "SITI January 25,  1883, page 44",
    "refcode_long": "The Signs of the Times, vol. 9 January 25,  1883, page 44",
    "element_type": "h5",
    "element_subtype": "",
    "content": "&ldquo;A Specimen of Religious Intolerance&rdquo; The Signs of the Times, 9, 4.",
    "puborder": 73,
    "translations": []
  },
  {
    "para_id": "1559.79",
    "id_prev": "1559.78",
    "id_next": "1559.80",
    "refcode_1": "SITI",
    "refcode_2": "44",
    "refcode_3": "",
    "refcode_4": "1883",
    "refcode_short": "",
    "refcode_long": "",
    "element_type": "p",
    "element_subtype": "center",
    "content": "E. J. Waggoner",
    "puborder": 74,
    "translations": []
  },
  {
    "para_id": "1559.80",
    "id_prev": "1559.79",
    "id_next": "1559.81",
    "refcode_1": "SITI",
    "refcode_2": "44",
    "refcode_3": "10",
    "refcode_4": "1883",
    "refcode_short": "SITI January 25,  1883, page 44.10",
    "refcode_long": "The Signs of the Times, vol. 9 January 25,  1883, page 44 paragraph 10",
    "element_type": "p",
    "element_subtype": "standard-indented",
    "content": "Father O&rsquo;Connor, the ex-priest who is delivering anti-catholic lectures in different portions of the United States, attempted to lecture in Zanesville, O., last week, but was not allowed to do so. Here is the newspaper account of the affair:-",
    "puborder": 75,
    "translations": []
  },
  {
    "para_id": "1559.81",
    "id_prev": "1559.80",
    "id_next": "1559.82",
    "refcode_1": "SITI",
    "refcode_2": "44",
    "refcode_3": "11",
    "refcode_4": "1883",
    "refcode_short": "SITI January 25,  1883, page 44.11",
    "refcode_long": "The Signs of the Times, vol. 9 January 25,  1883, page 44 paragraph 11",
    "element_type": "p",
    "element_subtype": "standard-indented",
    "content": "&ldquo;Before the lecturer arrived, fully 1,500 were present. The assemblage seemed orderly enough, but the instant O&rsquo;Connor appeared on the stage he was greeted with a shower of stones, rotten eggs, etc. confusion reigned. O&rsquo;Connor hastily jumped into an ante-room and locked the door. When men screamed, and it was at first thought a general riot would ensue, when the Protestants in the house would have suffered fearfully, as the opposition was greatly in the majority. O&rsquo;Connor&rsquo;s assailants were about to leave the hall, when somebody suggested a coat of tar and feathers, and were about to carry out their threat, when a detachment of police arrived on the scene and arrested O&rsquo;Connor, there is great excitement over the affair. No arrests were made, the three daily papers, two morning and one evening, are afraid to publish the names or give particulars of the affair, as the Catholic element is largely in the ascendancy.&rdquo;",
    "puborder": 76,
    "translations": []
  },
  {
    "para_id": "1559.82",
    "id_prev": "1559.81",
    "id_next": "1559.83",
    "refcode_1": "SITI",
    "refcode_2": "44",
    "refcode_3": "12",
    "refcode_4": "1883",
    "refcode_short": "SITI January 25,  1883, page 44.12",
    "refcode_long": "The Signs of the Times, vol. 9 January 25,  1883, page 44 paragraph 12",
    "element_type": "p",
    "element_subtype": "standard-indented",
    "content": "When such a scene as this can take place in America, it is unnecessary to go back to the Dark Ages as examples of Catholic bigotry and persecution. It is an illustration of the saying that &ldquo;The church never changes.&rdquo; The statement that the lecturer, after having been a target for stones, rotten eggs, etc., was the only person arrested, sounds almost like sarcasm. Let no one boast too loudly that this is a land of freedom, when of three newspapers not one dares comment on the outrage. The truth is that liberty can never exist where the Catholic Church is dominant, no matter where the place may be.",
    "puborder": 77,
    "translations": []
  },
  {
    "para_id": "1559.83",
    "id_prev": "1559.82",
    "id_next": "1559.84",
    "refcode_1": "SITI",
    "refcode_2": "44",
    "refcode_3": "13",
    "refcode_4": "1883",
    "refcode_short": "SITI January 25,  1883, page 44.13",
    "refcode_long": "The Signs of the Times, vol. 9 January 25,  1883, page 44 paragraph 13",
    "element_type": "p",
    "element_subtype": "standard-indented",
    "content": "We anxiously look to see the <em>Christian Statesman&rsquo;s</em> unqualified indorsement of this suppression of free speech. Of course it may be expected to deprecate the violence, but the action was in harmony with the principles which it represents. In Zanesville, it is stated, &ldquo;the Catholic element is largely in the ascendancy.&rdquo; Then, of course, they ought to have everything their own way. Nobody has any right to follow the dictates of his own conscience unless he has backing enough, and the spirit, to enforce his claims. Such is, in reality, the spirit, not only of Catholicism, but of that party which is seeking to enforce the observance of Sunday, the distinguishing mark of Catholicism. Of the truth of this statement we had ample proof in the Sunday excitement that pervaded this State last year. The <em>Statesman</em> may, however, condemn the affair noted above, as it makes a great deal of difference whose ox is gored. E. J. W.",
    "puborder": 78,
    "translations": []
  }
]