{
  "book_id": 1684,
  "code": "ARSH",
  "lang": "en",
  "type": "periodical",
  "subtype": "",
  "title": "Advent Review, and Sabbath Herald, vol. 19",
  "first_para": "1684.2",
  "author": "James Springer White",
  "description": "",
  "npages": 0,
  "isbn": null,
  "publisher": "Review and Herald, Battle Creek, Michigan",
  "pub_year": "1861",
  "buy_link": null,
  "folder_id": 180,
  "cover": {},
  "files": {},
  "permission_required": "public",
  "sort": 299000019,
  "is_audiobook": false,
  "cite": "",
  "translated_into": []
}