[
  {
    "para_id": "67.1586",
    "id_prev": "67.2091",
    "id_next": "67.1587",
    "refcode_1": "13MR",
    "refcode_2": "335",
    "refcode_3": "",
    "refcode_4": "63",
    "refcode_short": "13MR 335",
    "refcode_long": "Manuscript Releases, vol. 13 [Nos. 1000-1080], p. 335 (Ellen Gould White)",
    "element_type": "h3",
    "element_subtype": "",
    "content": "MR No. 1062&mdash;Learning from Nature",
    "puborder": 1193,
    "translations": []
  },
  {
    "para_id": "67.1587",
    "id_prev": "67.1586",
    "id_next": "67.1588",
    "refcode_1": "13MR",
    "refcode_2": "335",
    "refcode_3": "1",
    "refcode_4": "",
    "refcode_short": "13MR 335.1",
    "refcode_long": "Manuscript Releases, vol. 13 [Nos. 1000-1080], p. 335.1 (Ellen Gould White)",
    "element_type": "p",
    "element_subtype": "standard-indented",
    "content": "God has entrusted human beings with talents. The gifts of reason and speech are special treasures. He has given men and women intellect, that they may study His dealings with them. All have the privilege of knowing the only true God and Jesus Christ whom He has sent. Shall we then follow our own inclinations, and indulge our inherited and cultivated tendencies to wrong, without reference to God&apos;s Word?",
    "puborder": 1194,
    "translations": []
  },
  {
    "para_id": "67.1588",
    "id_prev": "67.1587",
    "id_next": "67.1589",
    "refcode_1": "13MR",
    "refcode_2": "335",
    "refcode_3": "2",
    "refcode_4": "",
    "refcode_short": "13MR 335.2",
    "refcode_long": "Manuscript Releases, vol. 13 [Nos. 1000-1080], p. 335.2 (Ellen Gould White)",
    "element_type": "p",
    "element_subtype": "standard-indented",
    "content": "The birds of the air are guided by instinct. They are obedient to the laws which govern their life. But the beings formed in the image of God fail to honor Him by obeying the laws of nature. By disregarding the laws which should govern the human organism, they disqualify themselves from serving God. God sends them warnings to beware of how they break His law in breaking the laws which govern their bodies; but habit is strong, and they will not heed.",
    "puborder": 1195,
    "translations": []
  },
  {
    "para_id": "67.1589",
    "id_prev": "67.1588",
    "id_next": "67.1592",
    "refcode_1": "13MR",
    "refcode_2": "335",
    "refcode_3": "3",
    "refcode_4": "",
    "refcode_short": "13MR 335.3",
    "refcode_long": "Manuscript Releases, vol. 13 [Nos. 1000-1080], p. 335.3 (Ellen Gould White)",
    "element_type": "p",
    "element_subtype": "standard-indented",
    "content": "The swallow and the crane observe the changes of the seasons. They migrate from one country to another to find a climate suitable to their convenience and happiness, as the Lord designed they should. But God&apos;s people sacrifice life and health by seeking to gratify appetite. In their desire to accumulate treasure, they forget the Giver of all their blessings. Their health is abused, and their God-given powers are used to carry out their unsanctified, ambitious projects. Their days are filled with pain of <span class=\"page-break\" data-page=\"336\"></span> body and disquietude of mind because they are determined to follow wrong habits and practices. They will not reason from cause to effect, and they sacrifice health, peace, and happiness to their ignorance.",
    "puborder": 1196,
    "translations": []
  },
  {
    "para_id": "67.1592",
    "id_prev": "67.1589",
    "id_next": "67.1593",
    "refcode_1": "13MR",
    "refcode_2": "336",
    "refcode_3": "1",
    "refcode_4": "",
    "refcode_short": "13MR 336.1",
    "refcode_long": "Manuscript Releases, vol. 13 [Nos. 1000-1080], p. 336.1 (Ellen Gould White)",
    "element_type": "p",
    "element_subtype": "standard-indented",
    "content": "The wise man addresses the indolent in the words, &ldquo;Go to the ant, thou sluggard; consider her ways, and be wise: which having no guide, overseer, or ruler, provideth her meat in the summer, and gathereth her food in the harvest&rdquo; [<span class=\"egwlink egwlink_bible\" title=\"Proverbs 6:6\" data-link=\"1965.33749\">Proverbs 6:6-8</span>].",
    "puborder": 1197,
    "translations": []
  },
  {
    "para_id": "67.1593",
    "id_prev": "67.1592",
    "id_next": "67.1594",
    "refcode_1": "13MR",
    "refcode_2": "336",
    "refcode_3": "2",
    "refcode_4": "",
    "refcode_short": "13MR 336.2",
    "refcode_long": "Manuscript Releases, vol. 13 [Nos. 1000-1080], p. 336.2 (Ellen Gould White)",
    "element_type": "p",
    "element_subtype": "standard-indented",
    "content": "The habitations which the ants build for themselves show skill and perseverance. Only one little grain at a time can they handle, but by diligence and perseverance they accomplish wonders. Solomon presents to the world the industry of the ant as a reproach to those who waste their hours in sinful idleness, in practices which corrupt soul and body. The ant prepares for future seasons. This is a lesson which many gifted with reasoning powers disregard. They fail entirely to prepare for the future immortal life which God has in His providence secured for the fallen race.",
    "puborder": 1198,
    "translations": []
  },
  {
    "para_id": "67.1594",
    "id_prev": "67.1593",
    "id_next": "67.1596",
    "refcode_1": "13MR",
    "refcode_2": "336",
    "refcode_3": "3",
    "refcode_4": "",
    "refcode_short": "13MR 336.3",
    "refcode_long": "Manuscript Releases, vol. 13 [Nos. 1000-1080], p. 336.3 (Ellen Gould White)",
    "element_type": "p",
    "element_subtype": "standard-indented",
    "content": "Stones have been used as memorials of God&apos;s dealings with His people. Joshua, knowing that the time of his service as the visible leader of Israel was about to end, gathered together the people who had been chosen by God, and caused them to renew their covenant with their Maker. He wrote what he had said, in the book of the law, and &ldquo;took a great stone, and set it up there under an oak, that was by the sanctuary of the Lord. And Joshua said unto all the people, Behold, this stone shall be a witness unto us; for it hath heard all the words of the Lord which He spake unto us: it shall be therefore a witness unto you, lest ye deny your God&rdquo; [<span class=\"egwlink egwlink_bible\" title=\"Joshua 24:26\" data-link=\"1965.13224\">Joshua 24:26, 27</span>].",
    "puborder": 1199,
    "translations": []
  },
  {
    "para_id": "67.1596",
    "id_prev": "67.1594",
    "id_next": "67.1597",
    "refcode_1": "13MR",
    "refcode_2": "337",
    "refcode_3": "1",
    "refcode_4": "",
    "refcode_short": "13MR 337.1",
    "refcode_long": "Manuscript Releases, vol. 13 [Nos. 1000-1080], p. 337.1 (Ellen Gould White)",
    "element_type": "p",
    "element_subtype": "standard-indented",
    "content": "Christ used the things of nature to illustrate divine truth. He used the simple flowers He had created and the things of the animal creation as object lessons. He presents the ox and the ass as having more gratitude than man. Under His teaching nature utters her voice to declare the wonderful works of God, and to reprove man&apos;s unbelief and forgetfulness of his constant dependence upon God. Will not that God who has given man all that he has keep him in health and strength if he complies with the conditions of entire obedience to the law, as nature is obedient to law?",
    "puborder": 1200,
    "translations": []
  },
  {
    "para_id": "67.1597",
    "id_prev": "67.1596",
    "id_next": "67.1598",
    "refcode_1": "13MR",
    "refcode_2": "337",
    "refcode_3": "",
    "refcode_4": "",
    "refcode_short": "",
    "refcode_long": "",
    "element_type": "p",
    "element_subtype": "standard-indented",
    "content": "[<span class=\"egwlink egwlink_bible\" title=\"Matthew 6:25\" data-link=\"1965.47592\">Matthew 6:25-29</span>, quoted.]",
    "puborder": 1201,
    "translations": []
  },
  {
    "para_id": "67.1598",
    "id_prev": "67.1597",
    "id_next": "67.1599",
    "refcode_1": "13MR",
    "refcode_2": "337",
    "refcode_3": "2",
    "refcode_4": "",
    "refcode_short": "13MR 337.2",
    "refcode_long": "Manuscript Releases, vol. 13 [Nos. 1000-1080], p. 337.2 (Ellen Gould White)",
    "element_type": "p",
    "element_subtype": "standard-indented",
    "content": "Let the lily, beautifully tinted and gracefully formed by the great Master-Artist, rivaling in its loveliness the artificial adorning of Solomon, teach us the lesson of simplicity and faith. If men and women would devote less time to the preparation of elaborate meals for the gratification of the appetite, and spend more time in the contemplation of God&apos;s work in nature, they would be better fitted to serve their Creator.",
    "puborder": 1202,
    "translations": []
  },
  {
    "para_id": "67.1599",
    "id_prev": "67.1598",
    "id_next": "67.1600",
    "refcode_1": "13MR",
    "refcode_2": "337",
    "refcode_3": "3",
    "refcode_4": "",
    "refcode_short": "13MR 337.3",
    "refcode_long": "Manuscript Releases, vol. 13 [Nos. 1000-1080], p. 337.3 (Ellen Gould White)",
    "element_type": "p",
    "element_subtype": "standard-indented",
    "content": "If men will show perfect trust and unwavering faith in God, if they will not work after their own imaginations to counterwork the purposes of divinity, if they will place their God-given faculties under the discipline of grace, they will see that they have a work to do in becoming conversant with the growth of plants and animals. This lesson book is ever open to all.",
    "puborder": 1203,
    "translations": []
  },
  {
    "para_id": "67.1600",
    "id_prev": "67.1599",
    "id_next": "67.1603",
    "refcode_1": "13MR",
    "refcode_2": "337",
    "refcode_3": "4",
    "refcode_4": "",
    "refcode_short": "13MR 337.4",
    "refcode_long": "Manuscript Releases, vol. 13 [Nos. 1000-1080], p. 337.4 (Ellen Gould White)",
    "element_type": "p",
    "element_subtype": "standard-indented",
    "content": "None have an excuse for misusing their God-given faculties. Such misuse robs God of the powers He demands. Man is the Lord&apos;s by creation and by redemption. The superior qualities with which he has been endowed show how <span class=\"page-break\" data-page=\"338\"></span> high an estimate the Lord places on human beings. He has given every man his work. Every youth, every child, has a work to do in accordance with the Lord&apos;s revealed will. No one can waste his opportunities and privileges without robbing God.",
    "puborder": 1204,
    "translations": []
  },
  {
    "para_id": "67.1603",
    "id_prev": "67.1600",
    "id_next": "67.1604",
    "refcode_1": "13MR",
    "refcode_2": "338",
    "refcode_3": "1",
    "refcode_4": "",
    "refcode_short": "13MR 338.1",
    "refcode_long": "Manuscript Releases, vol. 13 [Nos. 1000-1080], p. 338.1 (Ellen Gould White)",
    "element_type": "p",
    "element_subtype": "standard-indented",
    "content": "Shall not men and women learn from God&apos;s great lesson book that He bestows His love, mercy, and grace on us every moment of our lives? How can man ignore the responsibilities which rest upon him? The sun, the moon, the stars, the solid rocks, the flowing stream, the broad, restless ocean&mdash;to them we would do well to take heed.&mdash;<span class=\"egwlink egwlink_book\" title=\"Ms 35, 1899\" data-link=\"14064.6207001\">Manuscript 35, 1899</span>.",
    "puborder": 1205,
    "translations": []
  },
  {
    "para_id": "67.1604",
    "id_prev": "67.1603",
    "id_next": "67.2094",
    "refcode_1": "13MR",
    "refcode_2": "338",
    "refcode_3": "",
    "refcode_4": "",
    "refcode_short": "",
    "refcode_long": "",
    "element_type": "p",
    "element_subtype": "signatureline",
    "content": "Ellen G. White Estate",
    "puborder": 1206,
    "translations": []
  },
  {
    "para_id": "67.2094",
    "id_prev": "67.1604",
    "id_next": "67.2093",
    "refcode_1": "13MR",
    "refcode_2": "338",
    "refcode_3": "",
    "refcode_4": "",
    "refcode_short": "",
    "refcode_long": "",
    "element_type": "p",
    "element_subtype": "signatureplace",
    "content": "Washington, D. C.,",
    "puborder": 1207,
    "translations": []
  },
  {
    "para_id": "67.2093",
    "id_prev": "67.2094",
    "id_next": "67.1606",
    "refcode_1": "13MR",
    "refcode_2": "338",
    "refcode_3": "",
    "refcode_4": "",
    "refcode_short": "",
    "refcode_long": "",
    "element_type": "p",
    "element_subtype": "signaturedate",
    "content": "June 7, 1984.",
    "puborder": 1208,
    "translations": []
  }
]