[
  {
    "para_id": "104.710",
    "id_prev": "104.709",
    "id_next": "104.711",
    "refcode_1": "1SG",
    "refcode_2": "193",
    "refcode_3": "",
    "refcode_4": "34",
    "refcode_short": "1SG 193",
    "refcode_long": "Spiritual Gifts, vol. 1, p. 193 (Ellen Gould White)",
    "element_type": "h3",
    "element_subtype": "",
    "content": "Chapter 34&mdash;The Loud Cry",
    "puborder": 354,
    "translations": [
      {
        "para_id": "14100.602",
        "lang": "ne",
        "refcode": "1BP 198"
      },
      {
        "para_id": "11952.714",
        "lang": "ru",
        "refcode": "1ДД 193"
      },
      {
        "para_id": "12157.610",
        "lang": "uk",
        "refcode": "ВБ58 164"
      }
    ]
  },
  {
    "para_id": "104.711",
    "id_prev": "104.710",
    "id_next": "104.714",
    "refcode_1": "1SG",
    "refcode_2": "193",
    "refcode_3": "2",
    "refcode_4": "",
    "refcode_short": "1SG 193.2",
    "refcode_long": "Spiritual Gifts, vol. 1, p. 193.2 (Ellen Gould White)",
    "element_type": "p",
    "element_subtype": "standard-indented",
    "content": "I saw angels hurrying to and fro in heaven. They were descending to earth, and again ascending to heaven, preparing for the fulfillment of some important event. Then I saw another <span class=\"page-break\" data-page=\"194\"></span> mighty angel commissioned to descend to earth, and unite his voice with the third angel, and give power and force to his message. Great power and glory were imparted to the angel, and as he descended, the earth was lightened with his glory. The light which went before and followed after this angel, penetrated every where, as he cried mightily, with a strong voice, saying, Babylon the great is fallen, is fallen, and is become the habitation of devils, and the hold of every foul spirit, and a cage of every unclean and hateful bird. The message of the fall of Babylon, as given by the second angel, is again given, with the addition of the corruptions which have been entering the churches since 1844. The work of this angel comes in at the right time, and joins in the last great work of the third angel&apos;s message, as it swells into a loud cry. And the people of God are fitted up every where to stand in the hour of temptation which they are soon to meet. I saw a great light resting upon them, and they united in the message, and fearlessly proclaimed with great power the third angel&apos;s message.",
    "puborder": 355,
    "translations": [
      {
        "para_id": "14100.603",
        "lang": "ne",
        "refcode": "1BP 198.1"
      },
      {
        "para_id": "11952.715",
        "lang": "ru",
        "refcode": "1ДД 193.2"
      },
      {
        "para_id": "12157.611",
        "lang": "uk",
        "refcode": "ВБ58 164.1"
      }
    ]
  },
  {
    "para_id": "104.714",
    "id_prev": "104.711",
    "id_next": "104.717",
    "refcode_1": "1SG",
    "refcode_2": "194",
    "refcode_3": "1",
    "refcode_4": "",
    "refcode_short": "1SG 194.1",
    "refcode_long": "Spiritual Gifts, vol. 1, p. 194.1 (Ellen Gould White)",
    "element_type": "p",
    "element_subtype": "standard-indented",
    "content": "Angels were sent to aid the mighty angel from heaven, and I heard voices which seemed to sound every where, Come out of her, my people, that ye be not partakers of her sins, and that ye receive not of her plagues; for her sins have reached unto heaven, and God hath remembered her iniquities. This message <span class=\"page-break\" data-page=\"195\"></span> seemed to be an addition to the third message, and joined it, as the midnight cry joined the second angel&apos;s message in 1844. The glory of God rested upon the patient, waiting saints, and they fearlessly gave the last solemn warning, proclaiming the fall of Babylon, and calling upon God&apos;s people to come out of her; that they might escape her fearful doom.",
    "puborder": 356,
    "translations": [
      {
        "para_id": "14100.604",
        "lang": "ne",
        "refcode": "1BP 198.2"
      },
      {
        "para_id": "11952.718",
        "lang": "ru",
        "refcode": "1ДД 194.1"
      },
      {
        "para_id": "12157.614",
        "lang": "uk",
        "refcode": "ВБ58 165.1"
      }
    ]
  },
  {
    "para_id": "104.717",
    "id_prev": "104.714",
    "id_next": "104.720",
    "refcode_1": "1SG",
    "refcode_2": "195",
    "refcode_3": "1",
    "refcode_4": "",
    "refcode_short": "1SG 195.1",
    "refcode_long": "Spiritual Gifts, vol. 1, p. 195.1 (Ellen Gould White)",
    "element_type": "p",
    "element_subtype": "standard-indented",
    "content": "The light that was shed upon the waiting ones penetrated every where, and those who had any light in the churches, who had not heard and rejected the three messages, answered to the call, and left the fallen churches. Many had come to years of accountability since these messages had been given, and the light shone upon them, and they were privileged to choose life or death. Some chose life, and took their stand with those looking for their Lord, and keeping all his commandments. The third message was to do its work; all were to be tested upon it, and the precious ones were to be called out from the religious bodies. A compelling power moves the honest, while the manifestation of the power of God holds in fear and restraint relatives and friends, and they dare not, neither have they power to, hinder those who feel the work of the Spirit of God upon them. The last call is carried even to the poor slaves, and the pious among them, with humble expressions, pour forth their songs of extravagant joy at the prospect of their happy deliverance, and <span class=\"page-break\" data-page=\"196\"></span> their masters cannot check them; for a fear and astonishment keep them silent. Mighty miracles are wrought, the sick are healed, and signs and wonders follow the believers. God is in the work, and every saint, fearless of consequences, follows the convictions of his own conscience, and unites with those who are keeping all the commandments of God; and they sound abroad the third message with power. I saw that the third message would close with power and strength far exceeding the midnight cry.",
    "puborder": 357,
    "translations": [
      {
        "para_id": "14100.607",
        "lang": "ne",
        "refcode": "1BP 199.1"
      },
      {
        "para_id": "11952.721",
        "lang": "ru",
        "refcode": "1ДД 195.1"
      },
      {
        "para_id": "12157.615",
        "lang": "uk",
        "refcode": "ВБ58 165.2"
      }
    ]
  },
  {
    "para_id": "104.720",
    "id_prev": "104.717",
    "id_next": "104.722",
    "refcode_1": "1SG",
    "refcode_2": "196",
    "refcode_3": "1",
    "refcode_4": "",
    "refcode_short": "1SG 196.1",
    "refcode_long": "Spiritual Gifts, vol. 1, p. 196.1 (Ellen Gould White)",
    "element_type": "p",
    "element_subtype": "standard-indented",
    "content": "Servants of God, endowed with power from on high, with their faces lighted up, and shining with holy consecration, went forth fulfilling their work, and proclaiming the message from heaven. Souls that were scattered all through the religious bodies answered to the call, and the precious were hurried out of the doomed churches, as Lot was hurried out of Sodom before her destruction. God&apos;s people were fitted up and strengthened by the excellent glory which fell upon them in rich abundance, preparing them to endure the hour of temptation. A multitude of voices I heard every where, saying, Here is the patience of the saints; here are they that keep the commandments of God, and the faith of Jesus.",
    "puborder": 358,
    "translations": [
      {
        "para_id": "14100.610",
        "lang": "ne",
        "refcode": "1BP 200.1"
      },
      {
        "para_id": "11952.724",
        "lang": "ru",
        "refcode": "1ДД 196.1"
      },
      {
        "para_id": "12157.618",
        "lang": "uk",
        "refcode": "ВБ58 166.1"
      }
    ]
  }
]