[
  {
    "para_id": "14150.2721",
    "id_prev": "14150.2719",
    "id_next": "14150.2722",
    "refcode_1": "JNN",
    "refcode_2": "366",
    "refcode_3": "",
    "refcode_4": "348",
    "refcode_short": "JNN 366",
    "refcode_long": "Jesus, Name Above All Names, p. 366 (Ellen Gould White)",
    "element_type": "h3",
    "element_subtype": "",
    "content": "Prince of Sufferers, December 14",
    "puborder": 2352,
    "translations": []
  },
  {
    "para_id": "14150.2722",
    "id_prev": "14150.2721",
    "id_next": "14150.2723",
    "refcode_1": "JNN",
    "refcode_2": "366",
    "refcode_3": "1",
    "refcode_4": "",
    "refcode_short": "JNN 366.1",
    "refcode_long": "Jesus, Name Above All Names, p. 366.1 (Ellen Gould White)",
    "element_type": "p",
    "element_subtype": "devotionaltext",
    "content": "And He Himself is the propitiation for our sins, and not for ours only but also for the whole world.&mdash;<span class=\"egwlink egwlink_bible\" title=\"1 John 2:2\" data-link=\"1965.62330\">1 John 2:2</span>",
    "puborder": 2353,
    "translations": []
  },
  {
    "para_id": "14150.2723",
    "id_prev": "14150.2722",
    "id_next": "14150.2724",
    "refcode_1": "JNN",
    "refcode_2": "366",
    "refcode_3": "2",
    "refcode_4": "",
    "refcode_short": "JNN 366.2",
    "refcode_long": "Jesus, Name Above All Names, p. 366.2 (Ellen Gould White)",
    "element_type": "p",
    "element_subtype": "standard-indented",
    "content": "The perfect example of Christ&rsquo;s filial love shines forth with undimmed luster from the mist of ages. For nearly thirty years Jesus by His daily toil had helped bear the burdens of the home. And now, even in His last agony, He remembers to provide for His sorrowing, widowed mother. The same spirit will be seen in every disciple of our Lord. Those who follow Christ will feel that it is a part of their religion to respect and provide for their parents. From the heart where His love is cherished, father and mother will never fail of receiving thoughtful care and tender sympathy.",
    "puborder": 2354,
    "translations": []
  },
  {
    "para_id": "14150.2724",
    "id_prev": "14150.2723",
    "id_next": "14150.2725",
    "refcode_1": "JNN",
    "refcode_2": "366",
    "refcode_3": "3",
    "refcode_4": "",
    "refcode_short": "JNN 366.3",
    "refcode_long": "Jesus, Name Above All Names, p. 366.3 (Ellen Gould White)",
    "element_type": "p",
    "element_subtype": "standard-indented",
    "content": "And now the Lord of glory was dying, a ransom for the race. In yielding up His precious life, Christ was not upheld by triumphant joy. All was oppressive gloom. It was not the dread of death that weighed upon Him. It was not the pain and ignominy of the cross that caused His inexpressible agony. Christ was the <strong>prince of sufferers</strong>; but His suffering was from a sense of the malignity of sin, a knowledge that through familiarity with evil, humanity had become blinded to its enormity. Christ saw how deep is the hold of sin upon the human heart, how few would be willing to break from its power. He knew that without help from God, humanity must perish, and He saw multitudes perishing within reach of abundant help.",
    "puborder": 2355,
    "translations": []
  },
  {
    "para_id": "14150.2725",
    "id_prev": "14150.2724",
    "id_next": "14150.2726",
    "refcode_1": "JNN",
    "refcode_2": "366",
    "refcode_3": "4",
    "refcode_4": "",
    "refcode_short": "JNN 366.4",
    "refcode_long": "Jesus, Name Above All Names, p. 366.4 (Ellen Gould White)",
    "element_type": "p",
    "element_subtype": "standard-indented",
    "content": "Upon Christ as our substitute and surety was laid the iniquity of us all. He was counted a transgressor, that He might redeem us from the condemnation of the law. The guilt of every descendant of Adam was pressing upon His heart. The wrath of God against sin, the terrible manifestation of His displeasure because of iniquity, filled the soul of His Son with consternation. All His life Christ had been publishing to a fallen world the good news of the Father&rsquo;s mercy and pardoning love. Salvation for the chief of sinners was His theme. But now with the terrible weight of guilt He bears, He cannot see the Father&rsquo;s reconciling face. The withdrawal of the divine countenance from the Saviour in this hour of supreme anguish pierced His heart with a sorrow that can never be fully understood by human beings. So great was this agony that His physical pain was hardly felt.&mdash;<span class=\"egwlink egwlink_book\" title=\"DA 752.1\" data-link=\"130.3712\">The Desire of Ages, 752, 753</span>.",
    "puborder": 2356,
    "translations": []
  },
  {
    "para_id": "14150.2726",
    "id_prev": "14150.2725",
    "id_next": "14150.2728",
    "refcode_1": "JNN",
    "refcode_2": "366",
    "refcode_3": "5",
    "refcode_4": "",
    "refcode_short": "JNN 366.5",
    "refcode_long": "Jesus, Name Above All Names, p. 366.5 (Ellen Gould White)",
    "element_type": "p",
    "element_subtype": "standard-indented",
    "content": "<span class=\"non-egw-note\"><strong>Further Reflection:</strong> <em>How amazing is it to know that He who was cut off from His Father in the hour of His deepest anguish refuses to let anything separate me from His love?</em></span>",
    "puborder": 2357,
    "translations": []
  }
]