[
  {
    "para_id": "14150.1034",
    "id_prev": "14150.1032",
    "id_next": "14150.1035",
    "refcode_1": "JNN",
    "refcode_2": "141",
    "refcode_3": "",
    "refcode_4": "130",
    "refcode_short": "JNN 141",
    "refcode_long": "Jesus, Name Above All Names, p. 141 (Ellen Gould White)",
    "element_type": "h3",
    "element_subtype": "",
    "content": "The Root and the Offspring of David, May 10",
    "puborder": 891,
    "translations": []
  },
  {
    "para_id": "14150.1035",
    "id_prev": "14150.1034",
    "id_next": "14150.1036",
    "refcode_1": "JNN",
    "refcode_2": "141",
    "refcode_3": "1",
    "refcode_4": "",
    "refcode_short": "JNN 141.1",
    "refcode_long": "Jesus, Name Above All Names, p. 141.1 (Ellen Gould White)",
    "element_type": "p",
    "element_subtype": "devotionaltext",
    "content": "&ldquo;I, Jesus, have sent My angel to testify to you these things in the churches. I am the Root and the Offspring of David, the Bright and Morning Star.&rdquo;&mdash;<span class=\"egwlink egwlink_bible\" title=\"Revelation 22:16\" data-link=\"1965.63450\">Revelation 22:16</span>",
    "puborder": 892,
    "translations": []
  },
  {
    "para_id": "14150.1036",
    "id_prev": "14150.1035",
    "id_next": "14150.1037",
    "refcode_1": "JNN",
    "refcode_2": "141",
    "refcode_3": "2",
    "refcode_4": "",
    "refcode_short": "JNN 141.2",
    "refcode_long": "Jesus, Name Above All Names, p. 141.2 (Ellen Gould White)",
    "element_type": "p",
    "element_subtype": "standard-indented",
    "content": "The third angel&rsquo;s message is to be given with power. The power of the proclamation of the first and second messages is to be intensified in the third. In the Revelation John says of the heavenly messenger who unites with the third angel: &ldquo;I saw another angel come down from heaven, having great power; and the earth was lightened with His glory. And He cried mightily with a strong voice&rdquo; (<span class=\"egwlink egwlink_bible\" title=\"Revelation 18:1\" data-link=\"1965.63242\">Revelation 18:1</span>, <span class=\"egwlink egwlink_bible\" title=\"Revelation 18:2\" data-link=\"1965.63244\">2</span>). We are in danger of giving the third angel&rsquo;s message in so indefinite a manner that it does not impress the people. So many other interests are brought in that the very message which should be proclaimed with power becomes tame and voiceless. At our camp meetings a mistake has been made. The Sabbath question has been touched upon, but has not been presented as the great test for this time. While the churches profess to believe in Christ, they are violating the law which Christ Himself proclaimed from Sinai. The Lord bids us: &ldquo;Show My people their transgression, and the house of Jacob their sins&rdquo; (<span class=\"egwlink egwlink_bible\" title=\"Isaiah 58:1\" data-link=\"1965.38337\">Isaiah 58:1</span>). The trumpet is to give a certain sound....",
    "puborder": 893,
    "translations": []
  },
  {
    "para_id": "14150.1037",
    "id_prev": "14150.1036",
    "id_next": "14150.1038",
    "refcode_1": "JNN",
    "refcode_2": "141",
    "refcode_3": "3",
    "refcode_4": "",
    "refcode_short": "JNN 141.3",
    "refcode_long": "Jesus, Name Above All Names, p. 141.3 (Ellen Gould White)",
    "element_type": "p",
    "element_subtype": "standard-indented",
    "content": "Our message is a life-and-death message, and we must let it appear as it is, the great power of God. We are to present it in all its telling force. Then the Lord will make it effectual....",
    "puborder": 894,
    "translations": []
  },
  {
    "para_id": "14150.1038",
    "id_prev": "14150.1037",
    "id_next": "14150.1039",
    "refcode_1": "JNN",
    "refcode_2": "141",
    "refcode_3": "4",
    "refcode_4": "",
    "refcode_short": "JNN 141.4",
    "refcode_long": "Jesus, Name Above All Names, p. 141.4 (Ellen Gould White)",
    "element_type": "p",
    "element_subtype": "standard-indented",
    "content": "The perils of the last days are upon us, and in our work we are to warn the people of the danger they are in. Let not the solemn scenes which prophecy has revealed be left untouched. If our people were half awake, if they realized the nearness of the events portrayed in the Revelation, a reformation would be wrought in our churches, and many more would believe the message. We have no time to lose; God calls upon us to watch for souls as they that must give an account. Advance new principles, and crowd in the clear-cut truth. It will be as a sword cutting both ways. But be not too ready to take a controversial attitude. There will be times when we must stand still and see the salvation of God. Let Daniel speak, let the Revelation speak, and tell what is truth. But whatever phase of the subject is presented, uplift Jesus as the center of all hope, &ldquo;<strong>the Root and the Offspring of David</strong>, and the bright and morning Star&rdquo; (<span class=\"egwlink egwlink_bible\" title=\"Revelation 22:16\" data-link=\"1965.63450\">Revelation 22:16</span>).&mdash;<span class=\"egwlink egwlink_book\" title=\"6T 60.1\" data-link=\"118.326\">Testimonies for the Church 6:60-62</span>.",
    "puborder": 895,
    "translations": []
  },
  {
    "para_id": "14150.1039",
    "id_prev": "14150.1038",
    "id_next": "14150.1041",
    "refcode_1": "JNN",
    "refcode_2": "141",
    "refcode_3": "5",
    "refcode_4": "",
    "refcode_short": "JNN 141.5",
    "refcode_long": "Jesus, Name Above All Names, p. 141.5 (Ellen Gould White)",
    "element_type": "p",
    "element_subtype": "standard-indented",
    "content": "<span class=\"non-egw-note\"><strong>Further Reflection:</strong> <em>Do I share the third angel&rsquo;s message with people I know?</em></span>",
    "puborder": 896,
    "translations": []
  }
]