[
  {
    "para_id": "14150.289",
    "id_prev": "14150.287",
    "id_next": "14150.290",
    "refcode_1": "JNN",
    "refcode_2": "42",
    "refcode_3": "",
    "refcode_4": "34",
    "refcode_short": "JNN 42",
    "refcode_long": "Jesus, Name Above All Names, p. 42 (Ellen Gould White)",
    "element_type": "h3",
    "element_subtype": "",
    "content": "Heavenly Vine, February 3",
    "puborder": 245,
    "translations": []
  },
  {
    "para_id": "14150.290",
    "id_prev": "14150.289",
    "id_next": "14150.291",
    "refcode_1": "JNN",
    "refcode_2": "42",
    "refcode_3": "1",
    "refcode_4": "",
    "refcode_short": "JNN 42.1",
    "refcode_long": "Jesus, Name Above All Names, p. 42.1 (Ellen Gould White)",
    "element_type": "p",
    "element_subtype": "devotionaltext",
    "content": "&ldquo;Every branch in Me that does not bear fruit He takes away; and every branch that bears fruit He prunes, that it may bear more fruit.&rdquo;&mdash;<span class=\"egwlink egwlink_bible\" title=\"John 15:2\" data-link=\"1965.54460\">John 15:2</span>",
    "puborder": 246,
    "translations": []
  },
  {
    "para_id": "14150.291",
    "id_prev": "14150.290",
    "id_next": "14150.292",
    "refcode_1": "JNN",
    "refcode_2": "42",
    "refcode_3": "2",
    "refcode_4": "",
    "refcode_short": "JNN 42.2",
    "refcode_long": "Jesus, Name Above All Names, p. 42.2 (Ellen Gould White)",
    "element_type": "p",
    "element_subtype": "standard-indented",
    "content": "Christ&rsquo;s followers are required to come out from the world, and be separate, and touch not the unclean, and they have the promise of being the sons and daughters of the Most High, members of the royal family. But if the conditions are not complied with on their part, they will not, cannot, realize the fulfillment of the promise. A profession of Christianity is nothing in the sight of God; but true, humble, willing obedience to His requirements designates the children of His adoption, the recipients of His grace, the partakers of His great salvation. Such will be peculiar, a spectacle unto the world, to angels, and to human beings. Their peculiar, holy character will be discernible, and will distinctly separate them from the world, from its affections and lust.",
    "puborder": 247,
    "translations": []
  },
  {
    "para_id": "14150.292",
    "id_prev": "14150.291",
    "id_next": "14150.293",
    "refcode_1": "JNN",
    "refcode_2": "42",
    "refcode_3": "3",
    "refcode_4": "",
    "refcode_short": "JNN 42.3",
    "refcode_long": "Jesus, Name Above All Names, p. 42.3 (Ellen Gould White)",
    "element_type": "p",
    "element_subtype": "standard-indented",
    "content": "I saw that but few among us answer to this description. Their love to God is in word, not in deed and in truth. Their course of action, their works, testify of them that they are not children of the light but of darkness. Their works have not been wrought in God, but in selfishness, in unrighteousness. Their hearts are strangers to His renewing grace. They have not experienced the transforming power which leads them to walk even as Christ walked. Those who are living branches of the <strong>heavenly Vine</strong> will partake of the sap and nourishment of the Vine. They will not be withered and fruitless branches, but will show life and vigor, and will flourish and bear fruit to the glory of God. They will be careful to depart from all iniquity and to perfect holiness in the fear of God.",
    "puborder": 248,
    "translations": []
  },
  {
    "para_id": "14150.293",
    "id_prev": "14150.292",
    "id_next": "14150.294",
    "refcode_1": "JNN",
    "refcode_2": "42",
    "refcode_3": "4",
    "refcode_4": "",
    "refcode_short": "JNN 42.4",
    "refcode_long": "Jesus, Name Above All Names, p. 42.4 (Ellen Gould White)",
    "element_type": "p",
    "element_subtype": "standard-indented",
    "content": "Like ancient Israel the church has dishonored her God by departing from the light, neglecting her duties, and abusing her high and exalted privilege of being peculiar and holy in character. Her members have violated their covenant to live for God and Him only. They have joined with the selfish and world-loving. Pride, the love of pleasure, and sin have been cherished, and Christ has departed. His Spirit has been quenched in the church. Satan works side by side with professed Christians; yet they are so destitute of spiritual discernment that they do not detect him.... By their fruits ye shall know them.&mdash;<span class=\"egwlink egwlink_book\" title=\"2T 441.1\" data-link=\"120.1921\">Testimonies for the Church 2:441, 442</span>.",
    "puborder": 249,
    "translations": []
  },
  {
    "para_id": "14150.294",
    "id_prev": "14150.293",
    "id_next": "14150.296",
    "refcode_1": "JNN",
    "refcode_2": "42",
    "refcode_3": "5",
    "refcode_4": "",
    "refcode_short": "JNN 42.5",
    "refcode_long": "Jesus, Name Above All Names, p. 42.5 (Ellen Gould White)",
    "element_type": "p",
    "element_subtype": "standard-indented",
    "content": "<span class=\"non-egw-note\"><strong>Further Reflection:</strong> <em>How can I avoid the hypocrisy of living as a Christian in name only?</em></span>",
    "puborder": 250,
    "translations": []
  }
]