[
  {
    "para_id": "14150.2226",
    "id_prev": "14150.2224",
    "id_next": "14150.2227",
    "refcode_1": "JNN",
    "refcode_2": "301",
    "refcode_3": "",
    "refcode_4": "285",
    "refcode_short": "JNN 301",
    "refcode_long": "Jesus, Name Above All Names, p. 301 (Ellen Gould White)",
    "element_type": "h3",
    "element_subtype": "",
    "content": "Eternal Rock of Salvation, October 12",
    "puborder": 1922,
    "translations": []
  },
  {
    "para_id": "14150.2227",
    "id_prev": "14150.2226",
    "id_next": "14150.2228",
    "refcode_1": "JNN",
    "refcode_2": "301",
    "refcode_3": "1",
    "refcode_4": "",
    "refcode_short": "JNN 301.1",
    "refcode_long": "Jesus, Name Above All Names, p. 301.1 (Ellen Gould White)",
    "element_type": "p",
    "element_subtype": "devotionaltext",
    "content": "&ldquo;No one is holy like the LORD, for there is none besides You, nor is there any rock like our God.&rdquo;&mdash;<span class=\"egwlink egwlink_bible\" title=\"1 Samuel 2:2\" data-link=\"1965.14734\">1 Samuel 2:2</span>",
    "puborder": 1923,
    "translations": []
  },
  {
    "para_id": "14150.2228",
    "id_prev": "14150.2227",
    "id_next": "14150.2229",
    "refcode_1": "JNN",
    "refcode_2": "301",
    "refcode_3": "2",
    "refcode_4": "",
    "refcode_short": "JNN 301.2",
    "refcode_long": "Jesus, Name Above All Names, p. 301.2 (Ellen Gould White)",
    "element_type": "p",
    "element_subtype": "standard-indented",
    "content": "The Lord frequently places us in difficult positions to stimulate us to greater exertion. In His providence special annoyances sometimes occur to test our patience and faith. God gives us lessons of trust. He would teach us where to look for help and strength in time of need. Thus we obtain practical knowledge of His divine will, which we so much need in our life experience. Faith grows strong in earnest conflict with doubt and fear. Brother, you may be a conqueror if you take careful heed to your ways. You should devote your young life to the cause of God and pray for success. You should not close your eyes to your danger, but should resolutely prepare for every difficulty in your Christian advancement. Take time for reflection and for humble, earnest prayer. Your talents are marked, and you are hopeful in regard to your future success; but unless you comprehend the weakness of your natural heart you will be disappointed.",
    "puborder": 1924,
    "translations": []
  },
  {
    "para_id": "14150.2229",
    "id_prev": "14150.2228",
    "id_next": "14150.2230",
    "refcode_1": "JNN",
    "refcode_2": "301",
    "refcode_3": "3",
    "refcode_4": "",
    "refcode_short": "JNN 301.3",
    "refcode_long": "Jesus, Name Above All Names, p. 301.3 (Ellen Gould White)",
    "element_type": "p",
    "element_subtype": "standard-indented",
    "content": "You are just starting out in life; you have arrived at an age to bear responsibilities for yourself. This is a critical period in your life. Now, in your youth, you are sowing in the field of life. That which you sow you will also reap; as was the seed, so will be the harvest. If you are neglectful and indifferent concerning eternal things you will sustain a great loss yourself and, through your influence, will prevent others from fulfilling their obligations to God.",
    "puborder": 1925,
    "translations": []
  },
  {
    "para_id": "14150.2230",
    "id_prev": "14150.2229",
    "id_next": "14150.2231",
    "refcode_1": "JNN",
    "refcode_2": "301",
    "refcode_3": "4",
    "refcode_4": "",
    "refcode_short": "JNN 301.4",
    "refcode_long": "Jesus, Name Above All Names, p. 301.4 (Ellen Gould White)",
    "element_type": "p",
    "element_subtype": "standard-indented",
    "content": "Both worlds are before you. Which will you choose? Be wise and lay hold of eternal life. Swerve not from your integrity, however unpleasant your duties may appear in the present emergency. It may seem that you are about to make great sacrifices to preserve your purity of soul, but do not hesitate; press forward in the fear of God, and He will bless your efforts and recompense you a thousand-fold. Do not yield your religious claims and privileges in order to gratify the wishes of your unconsecrated friends and relatives. You are called to take your position for the truth, even if it should be in direct opposition to those who are closely connected with you....",
    "puborder": 1926,
    "translations": []
  },
  {
    "para_id": "14150.2231",
    "id_prev": "14150.2230",
    "id_next": "14150.2232",
    "refcode_1": "JNN",
    "refcode_2": "301",
    "refcode_3": "5",
    "refcode_4": "",
    "refcode_short": "JNN 301.5",
    "refcode_long": "Jesus, Name Above All Names, p. 301.5 (Ellen Gould White)",
    "element_type": "p",
    "element_subtype": "standard-indented",
    "content": "Lay the foundation of your Christian character upon the <strong>eternal Rock of salvation</strong> and let the structure be firm and sound.&mdash;<span class=\"egwlink egwlink_book\" title=\"4T 116.1\" data-link=\"114.589\">Testimonies for the Church 4:116, 117</span>.",
    "puborder": 1927,
    "translations": []
  },
  {
    "para_id": "14150.2232",
    "id_prev": "14150.2231",
    "id_next": "14150.2234",
    "refcode_1": "JNN",
    "refcode_2": "301",
    "refcode_3": "6",
    "refcode_4": "",
    "refcode_short": "JNN 301.6",
    "refcode_long": "Jesus, Name Above All Names, p. 301.6 (Ellen Gould White)",
    "element_type": "p",
    "element_subtype": "standard-indented",
    "content": "<span class=\"non-egw-note\"><strong>Further Reflection:</strong> <em>How will I prepare for today&rsquo;s difficulties in my spiritual journey?</em></span>",
    "puborder": 1928,
    "translations": []
  }
]