[
  {
    "para_id": "14150.1181",
    "id_prev": "14150.1179",
    "id_next": "14150.1182",
    "refcode_1": "JNN",
    "refcode_2": "161",
    "refcode_3": "",
    "refcode_4": "150",
    "refcode_short": "JNN 161",
    "refcode_long": "Jesus, Name Above All Names, p. 161 (Ellen Gould White)",
    "element_type": "h3",
    "element_subtype": "",
    "content": "Everlasting Friend, May 30",
    "puborder": 1017,
    "translations": []
  },
  {
    "para_id": "14150.1182",
    "id_prev": "14150.1181",
    "id_next": "14150.1183",
    "refcode_1": "JNN",
    "refcode_2": "161",
    "refcode_3": "1",
    "refcode_4": "",
    "refcode_short": "JNN 161.1",
    "refcode_long": "Jesus, Name Above All Names, p. 161.1 (Ellen Gould White)",
    "element_type": "p",
    "element_subtype": "devotionaltext",
    "content": "&ldquo;But lay up for yourselves treasures in heaven.&rdquo;&mdash;<span class=\"egwlink egwlink_bible\" title=\"Matthew 6:20\" data-link=\"1965.47582\">Matthew 6:20</span>",
    "puborder": 1018,
    "translations": []
  },
  {
    "para_id": "14150.1183",
    "id_prev": "14150.1182",
    "id_next": "14150.1184",
    "refcode_1": "JNN",
    "refcode_2": "161",
    "refcode_3": "2",
    "refcode_4": "",
    "refcode_short": "JNN 161.2",
    "refcode_long": "Jesus, Name Above All Names, p. 161.2 (Ellen Gould White)",
    "element_type": "p",
    "element_subtype": "standard-indented",
    "content": "Every opportunity to help a brother in need, or to aid the cause of God in the spread of the truth, is a pearl that you can send beforehand and deposit in the bank of heaven for safekeeping. God is testing and proving you. He has been giving His blessings to you with a lavish hand and is now watching to see what use you are making of them, to see if you will help those who need help and if you will feel the worth of souls and do what you can with the means that He has entrusted to you. Every such opportunity improved adds to your heavenly treasure. But love of self has led you to prefer earthly possessions even at the sacrifice of the heavenly.... It is your privilege to exercise tender compassion and to bless others; but your eyes are so blinded by the god of this world that you cannot discern this precious gem&mdash;the blessing to be received by doing good, by being rich in good works, ready to distribute, willing to communicate, laying up for yourself a good foundation against the time to come, that you may lay hold on eternal life....",
    "puborder": 1019,
    "translations": []
  },
  {
    "para_id": "14150.1184",
    "id_prev": "14150.1183",
    "id_next": "14150.1185",
    "refcode_1": "JNN",
    "refcode_2": "161",
    "refcode_3": "3",
    "refcode_4": "",
    "refcode_short": "JNN 161.3",
    "refcode_long": "Jesus, Name Above All Names, p. 161.3 (Ellen Gould White)",
    "element_type": "p",
    "element_subtype": "standard-indented",
    "content": "Your only hope is to humble your heart before God. &ldquo;For what shall it profit a man, if he shall gain the whole world, and lose his own soul? or what shall a man give in exchange for his soul?&rdquo; I entreat of you: Do not close your eyes to your danger. Do not be blind to the higher interests of the soul, to the blessed and glorious prospects for the better life. The anxious, burdened seekers for worldly gain are blind and insane. They turn from the immortal, imperishable treasure, to this world. The glitter and tinsel of this world captivate their senses, and eternal things are not valued. They labor for that which satisfieth not and spend their money for that which is not bread, when Jesus offers them peace and hope and infinite blessings, for a life of obedience. All the treasures of the earth would not be rich enough to buy these precious gifts....",
    "puborder": 1020,
    "translations": []
  },
  {
    "para_id": "14150.1185",
    "id_prev": "14150.1184",
    "id_next": "14150.1186",
    "refcode_1": "JNN",
    "refcode_2": "161",
    "refcode_3": "4",
    "refcode_4": "",
    "refcode_short": "JNN 161.4",
    "refcode_long": "Jesus, Name Above All Names, p. 161.4 (Ellen Gould White)",
    "element_type": "p",
    "element_subtype": "standard-indented",
    "content": "The long night of watching, of toil and hardship, is nearly past. Christ is soon to come. Get ready. The angels of God are seeking to attract you from yourself and from earthly things. Let them not labor in vain. Faith, living faith, is what you need; faith that works by love and purifies the soul. Remember Calvary and the awful, the infinite sacrifice there made for human beings. Jesus now invites you to come to Him just as you are and make Him your strength and <strong>everlasting Friend</strong>.&mdash;<span class=\"egwlink egwlink_book\" title=\"3T 349.1\" data-link=\"119.1613\">Testimonies for the Church 3:249-251</span>.",
    "puborder": 1021,
    "translations": []
  },
  {
    "para_id": "14150.1186",
    "id_prev": "14150.1185",
    "id_next": "14150.1188",
    "refcode_1": "JNN",
    "refcode_2": "161",
    "refcode_3": "5",
    "refcode_4": "",
    "refcode_short": "JNN 161.5",
    "refcode_long": "Jesus, Name Above All Names, p. 161.5 (Ellen Gould White)",
    "element_type": "p",
    "element_subtype": "standard-indented",
    "content": "<span class=\"non-egw-note\"><strong>Further Reflection:</strong> <em>Am I using the resources entrusted to me to bless those in need?</em></span>",
    "puborder": 1022,
    "translations": []
  }
]