[
  {
    "para_id": "1133.79",
    "id_prev": "1133.77",
    "id_next": "1133.80",
    "refcode_1": "EB",
    "refcode_2": "xvii",
    "refcode_3": "",
    "refcode_4": "",
    "refcode_short": "EB xvii",
    "refcode_long": "The Empires of the Bible from the Confusion of Tongues to the Babylonian Captivity, p. xvii (Alonzo Trevier Jones)",
    "element_type": "h4",
    "element_subtype": "",
    "content": "ORIGIN OF THE STATE AND EMPIRE",
    "puborder": 48,
    "translations": []
  },
  {
    "para_id": "1133.80",
    "id_prev": "1133.79",
    "id_next": "1133.81",
    "refcode_1": "EB",
    "refcode_2": "xvii",
    "refcode_3": "1",
    "refcode_4": "",
    "refcode_short": "EB xvii.1",
    "refcode_long": "The Empires of the Bible from the Confusion of Tongues to the Babylonian Captivity, p. xvii.1 (Alonzo Trevier Jones)",
    "element_type": "p",
    "element_subtype": "standard-indented",
    "content": "But as apostasy continued, and the asserters of dominion and power over others became more bold, there came Nimrod, the one, and the <em>first</em> one, who was so bold as to take the himself from the idols the title and the prerogatives of king, which by the makers of the idols had been taken from God and placed upon the idol.",
    "puborder": 49,
    "translations": []
  },
  {
    "para_id": "1133.81",
    "id_prev": "1133.80",
    "id_next": "1133.82",
    "refcode_1": "EB",
    "refcode_2": "xvii",
    "refcode_3": "2",
    "refcode_4": "",
    "refcode_short": "EB xvii.2",
    "refcode_long": "The Empires of the Bible from the Confusion of Tongues to the Babylonian Captivity, p. xvii.2 (Alonzo Trevier Jones)",
    "element_type": "p",
    "element_subtype": "standard-indented",
    "content": "This is not to say that there should be no governments, nor is it to say that there should be no monarchy on earth. It is only to say that without such apostasy there never could have been monarchy. But when such apostasy had come, and consequent turbulence and violence prevailed, it was better that there should be even monarchy such as that of Nimrod, than that there should be no government at all, but only anarchy. It were better that there should such government as that of Nimrod, or of Nero, than that there should be none on earth. But apostasy must of necessity go a long way from true and original government&mdash;self-government with God&mdash;before there could be required such government as that of Nimrod or of Nero.",
    "puborder": 50,
    "translations": []
  },
  {
    "para_id": "1133.82",
    "id_prev": "1133.81",
    "id_next": "1133.83",
    "refcode_1": "EB",
    "refcode_2": "xvii",
    "refcode_3": "3",
    "refcode_4": "",
    "refcode_short": "EB xvii.3",
    "refcode_long": "The Empires of the Bible from the Confusion of Tongues to the Babylonian Captivity, p. xvii.3 (Alonzo Trevier Jones)",
    "element_type": "p",
    "element_subtype": "standard-indented",
    "content": "The peopling of the earth by the sons of Noah is the origin of nations in the world; for of the sons of Noah and their families, after their generations, it is written: &ldquo;By these were the nations divided in the earth after the flood;&rdquo; and &ldquo;of them was the whole earth overspread.&rdquo; This is the true record of the peopling of the earth, and there is no other. without this the history of any people must lack that essential part&mdash;the true beginning. But whoever will really study the tenth chapter of Genesis will know the true origin of every people and nation of the world.",
    "puborder": 51,
    "translations": []
  },
  {
    "para_id": "1133.83",
    "id_prev": "1133.82",
    "id_next": "1133.86",
    "refcode_1": "EB",
    "refcode_2": "xvii",
    "refcode_3": "4",
    "refcode_4": "",
    "refcode_short": "EB xvii.4",
    "refcode_long": "The Empires of the Bible from the Confusion of Tongues to the Babylonian Captivity, p. xvii.4 (Alonzo Trevier Jones)",
    "element_type": "p",
    "element_subtype": "standard-indented",
    "content": "In this first peopling of the earth, the government was that of the individual. The associations were those of the family, or the enlarged family&mdash;tribes; and the government was of the individual&mdash;self-government. There a Society, but no State. The earth was free to all: there were no territorial lines. But apostasy grew and prevailed. And as apostasy grew, despotism in man inevitably grew and asserted dominion over others. This culminated in Nimrod&rsquo;s ambition&mdash;the ambition not only for kingship, but for empire; not only the establishment of a kingdom of single government, but <span class=\"page-break\" data-page=\"xviii\"></span> also the expansion of single government into widespread dominion. Thus arose the State: territorialism, and imperialism. Men were made subject to power merely because they happened to be in the territory claimed by the would-be monarch. This meant conquest and oppression; because God had created mankind free, and to be free: and even in his apostasy the love of freedom is in him. But in the presence of monarchism and imperialism, this freedom of man never could be recognized or have any place: it must be ruthlessly crushed out in order that monarchy and empire, the one-man power of the world, might prevail and be duly honored. This is how it is that Nimrod was a mighty hunter before the Lord: not merely a hunter of wild beasts, but more a pursuer and crusher of men; and, therefore, a more exact translation of the original expression reads, &ldquo;He was an over-bearing tyrant in Jehovah&rsquo;s sight.&rdquo;",
    "puborder": 52,
    "translations": []
  }
]