[
  {
    "para_id": "1133.48",
    "id_prev": "1133.47",
    "id_next": "1133.49",
    "refcode_1": "EB",
    "refcode_2": "x",
    "refcode_3": "",
    "refcode_4": "",
    "refcode_short": "EB x",
    "refcode_long": "The Empires of the Bible from the Confusion of Tongues to the Babylonian Captivity, p. x (Alonzo Trevier Jones)",
    "element_type": "h4",
    "element_subtype": "",
    "content": "THE ORIGIN OF EVIL",
    "puborder": 29,
    "translations": []
  },
  {
    "para_id": "1133.49",
    "id_prev": "1133.48",
    "id_next": "1133.52",
    "refcode_1": "EB",
    "refcode_2": "x",
    "refcode_3": "3",
    "refcode_4": "",
    "refcode_short": "EB x.3",
    "refcode_long": "The Empires of the Bible from the Confusion of Tongues to the Babylonian Captivity, p. x.3 (Alonzo Trevier Jones)",
    "element_type": "p",
    "element_subtype": "standard-indented",
    "content": "God has created all intelligences absolutely free. He made man, equally with other intelligences, to be moral. Freedom of choice is essential to morals. To have made an intelligence unable to chose would have been to make it incapable of freedom. Therefore, He made man, equally with other intelligences, <em>free to choose;</em> and He <span class=\"page-break\" data-page=\"xi\"></span> ever respects that of which He is the Author, the freedom of choice. <sup class=\"footnote\"><a class=\"footnote\">12<span class=\"footnote\"><span class=\"egwlink egwlink_bible\" title=\"Deuteronomy 30:19\" data-link=\"1965.11645\">Deuteronomy 30:19</span>; <span class=\"egwlink egwlink_bible\" title=\"Joshua 24:15\" data-link=\"1965.13202\">Joshua 24:15</span>; <span class=\"egwlink egwlink_bible\" title=\"Revelation 22:17\" data-link=\"1965.63452\">Revelation 22:17</span>.</span></a></sup> And when, in the exercise of this freedom of choice, an intelligence chooses that his existence, with its consequent faculties and powers, shall be spent strictly subject to the will and within the design of the Creator, and so, indeed, with the Creator and in the Creator, this is in the truest sense strictly and truly self-government",
    "puborder": 30,
    "translations": []
  },
  {
    "para_id": "1133.52",
    "id_prev": "1133.49",
    "id_next": "1133.53",
    "refcode_1": "EB",
    "refcode_2": "xi",
    "refcode_3": "1",
    "refcode_4": "",
    "refcode_short": "EB xi.1",
    "refcode_long": "The Empires of the Bible from the Confusion of Tongues to the Babylonian Captivity, p. xi.1 (Alonzo Trevier Jones)",
    "element_type": "p",
    "element_subtype": "standard-indented",
    "content": "And when the service, the worship, and the allegiance of each intelligence is to be rendered entirely upon his own free choice, this, on the part of God, the Supreme and true Governor, reveals the principle of <em>Government with the consent of the governed.</em> Thus the divine government as it relates to both the Governor and the governed, the Creator and the creature, is demonstrated as well as revealed to be government of perfect freedom. <sup class=\"footnote\"><a class=\"footnote\">13<span class=\"footnote\"><span class=\"egwlink egwlink_bible\" title=\"John 8:31\" data-link=\"1965.53875\">John 8:31, 32, 36</span>; <span class=\"egwlink egwlink_bible\" title=\"Galatians 5:1\" data-link=\"1965.59473\">Galatians 5:1</span>.</span></a></sup>",
    "puborder": 31,
    "translations": []
  },
  {
    "para_id": "1133.53",
    "id_prev": "1133.52",
    "id_next": "1133.54",
    "refcode_1": "EB",
    "refcode_2": "xi",
    "refcode_3": "2",
    "refcode_4": "",
    "refcode_short": "EB xi.2",
    "refcode_long": "The Empires of the Bible from the Confusion of Tongues to the Babylonian Captivity, p. xi.2 (Alonzo Trevier Jones)",
    "element_type": "p",
    "element_subtype": "standard-indented",
    "content": "Now, in presence of these principles, how alone could sin ever enter? Consider: If from the beginning of created intelligence unto this hour, every created intelligence had love God with all his heart, all his soul, all his mind, all his strength, had freely chosen to exercise all his faculties and powers according to the will and within the purpose of God, there would have been unto this hour no sin, no evil, in the universe. And then if at this moment any intelligence were to choose to exercise his faculties and powers contrary to the will of God and outside the purpose of God&mdash;should choose <em>not</em> to love God with all his heart, soul, mind, and strength&mdash;<em>that</em> would be a new and strange thing in the universe: it would introduce something that was not there before: and that thing would be&mdash;sin. Thus the only possible way in which evil could ever enter the universe would be by some intelligence choosing to exercise the faculties and powers of his existence apart from God&mdash;contrary to the will of God and outside the purpose of God.",
    "puborder": 32,
    "translations": []
  },
  {
    "para_id": "1133.54",
    "id_prev": "1133.53",
    "id_next": "1133.57",
    "refcode_1": "EB",
    "refcode_2": "xi",
    "refcode_3": "3",
    "refcode_4": "",
    "refcode_short": "EB xi.3",
    "refcode_long": "The Empires of the Bible from the Confusion of Tongues to the Babylonian Captivity, p. xi.3 (Alonzo Trevier Jones)",
    "element_type": "p",
    "element_subtype": "standard-indented",
    "content": "In this way evil did enter. Lucifer, the most exalted creature, &ldquo;the anointed cherub that covereth,&rdquo; who stood at such a height of perfection that it was his to set the seal to perfection itself, who <span class=\"page-break\" data-page=\"xii\"></span> was &ldquo;full of wisdom and perfect in beauty,&rdquo; and was perfect in his ways from the day that he was created <sup class=\"footnote\"><a class=\"footnote\">14<span class=\"footnote\"><span class=\"egwlink egwlink_bible\" title=\"Ezekiel 28:12\" data-link=\"1965.43197\">Ezekiel 28:12, 14, 15, 17</span>; <span class=\"egwlink egwlink_bible\" title=\"Isaiah 14:12\" data-link=\"1965.36599\">Isaiah 14:12-14</span>.</span></a></sup>&mdash;this exalted on did choose to exalt himself out of his place, did choose to exercise his faculties and powers contrary to the will of God and outside the design of God. And this was the origin of evil. And though evil had never yet been originated, any intelligence could originate it by making that choice. And though Lucifer did originate evil, and all the flood of it had followed, yet every one who now makes that choice to exercise his faculties and powers apart from God, does <em>in that</em> declare that even though evil had never yet been originated, he himself would now originate it; and that since it has been originated, he himself now puts positively upon it his stamp of approval.",
    "puborder": 33,
    "translations": []
  },
  {
    "para_id": "1133.57",
    "id_prev": "1133.54",
    "id_next": "1133.58",
    "refcode_1": "EB",
    "refcode_2": "xii",
    "refcode_3": "1",
    "refcode_4": "",
    "refcode_short": "EB xii.1",
    "refcode_long": "The Empires of the Bible from the Confusion of Tongues to the Babylonian Captivity, p. xii.1 (Alonzo Trevier Jones)",
    "element_type": "p",
    "element_subtype": "standard-indented",
    "content": "These truths make manifest the transcendent and ultimate truth that there is no such thing as <em>abstractly a principle</em> of good, and a <em>principle</em> of evil; but that <em>God</em> is the only good, and <em>choice of separation from God</em> is the only evil. This truth Jesus expressed when the young man came to Him, saying, &ldquo;Good Master, what good thing shall I do that I may have eternal life?&rdquo; and Jesus answered, &ldquo;Why callest thou me good? <em>there is none good but one, that is, God.&rdquo;</em> <sup class=\"footnote\"><a class=\"footnote\">15<span class=\"footnote\"><span class=\"egwlink egwlink_bible\" title=\"Matthew 19:16\" data-link=\"1965.48547\">Matthew 19:16, 17</span>.</span></a></sup> In God, the only good, lies inherently all conceivable good or goods; and in choice of separation from God lies inherently all conceivable evil or evils. In the original choice of Lucifer to exercise his existence, his faculties and powers, apart from God, there lay all the evil that has ever been or that can ever be. He thus became the very prince of evil; the author of all the evil that the universe can ever know.",
    "puborder": 34,
    "translations": []
  },
  {
    "para_id": "1133.58",
    "id_prev": "1133.57",
    "id_next": "1133.60",
    "refcode_1": "EB",
    "refcode_2": "xii",
    "refcode_3": "2",
    "refcode_4": "",
    "refcode_short": "EB xii.2",
    "refcode_long": "The Empires of the Bible from the Confusion of Tongues to the Babylonian Captivity, p. xii.2 (Alonzo Trevier Jones)",
    "element_type": "p",
    "element_subtype": "standard-indented",
    "content": "This earth was formed to be inhabited. <sup class=\"footnote\"><a class=\"footnote\">16<span class=\"footnote\"><span class=\"egwlink egwlink_bible\" title=\"Isaiah 45:18\" data-link=\"1965.37908\">Isaiah 45:18</span>.</span></a></sup> When it had been created, God created man upon it, and appointed him to have, under God, &ldquo;dominion&rdquo; over the beast of the field and the fowl of the air and the fishes of the sea, and over every creeping thing that moves upon the earth. <sup class=\"footnote\"><a class=\"footnote\">17<span class=\"footnote\"><span class=\"egwlink egwlink_bible\" title=\"Genesis 1:26\" data-link=\"1965.55\">Genesis 1:26</span>; <span class=\"egwlink egwlink_bible\" title=\"Psalm 8:5\" data-link=\"1965.28542\">Psalm 8:5-9</span>.</span></a></sup>",
    "puborder": 35,
    "translations": []
  }
]