[
  {
    "para_id": "1670.9687",
    "id_prev": "1670.9685",
    "id_next": "1670.9688",
    "refcode_1": "GCB",
    "refcode_2": "513",
    "refcode_3": "",
    "refcode_4": "1901",
    "refcode_short": "GCB July 1,  1901, page 513",
    "refcode_long": "General Conference Bulletin, vol. 4 July 1,  1901, page 513",
    "element_type": "h3",
    "element_subtype": "",
    "content": "July - September 1901 - NO. 3",
    "puborder": 8808,
    "translations": []
  },
  {
    "para_id": "1670.9688",
    "id_prev": "1670.9687",
    "id_next": "1670.9689",
    "refcode_1": "GCB",
    "refcode_2": "513",
    "refcode_3": "",
    "refcode_4": "1901",
    "refcode_short": "",
    "refcode_long": "",
    "element_type": "p",
    "element_subtype": "center",
    "content": "<strong>GENERAL CONFERENCE BULLETIN,\n<br />PUBLISHED QUARTERLY BY\n<br />The Seventh-day Adventist General Conference\n<br />PRICE: For the DAILY BULLETIN during General Conference session 50c. For the biennial term including daily and quarterly issues 75c. Subscription at the 75-cent rate, for the next volume, will include all issues during 1901 and 1902.\n<br />Entered at the post office in Battle Creek, Michigan, THIRD QUARTER, 1901.</strong>",
    "puborder": 8809,
    "translations": []
  }
]