[
  {
    "para_id": "1670.12400",
    "id_prev": "1670.12398",
    "id_next": "1670.12401",
    "refcode_1": "GCB",
    "refcode_2": "602",
    "refcode_3": "",
    "refcode_4": "1902",
    "refcode_short": "GCB April 1,  1902, page 602",
    "refcode_long": "General Conference Bulletin, vol. 4 April 1,  1902, page 602",
    "element_type": "h4",
    "element_subtype": "",
    "content": "DIRECTORY OF THE SEVENTH-DAY ADVENTIST DENOMINATION",
    "puborder": 11395,
    "translations": []
  },
  {
    "para_id": "1670.12401",
    "id_prev": "1670.12400",
    "id_next": "1670.12402",
    "refcode_1": "GCB",
    "refcode_2": "602",
    "refcode_3": "",
    "refcode_4": "1902",
    "refcode_short": "",
    "refcode_long": "",
    "element_type": "p",
    "element_subtype": "center",
    "content": "H. E. OSBORNE",
    "puborder": 11396,
    "translations": []
  },
  {
    "para_id": "1670.12402",
    "id_prev": "1670.12401",
    "id_next": "1670.12403",
    "refcode_1": "GCB",
    "refcode_2": "602",
    "refcode_3": "",
    "refcode_4": "1902",
    "refcode_short": "",
    "refcode_long": "",
    "element_type": "p",
    "element_subtype": "center",
    "content": "<strong>GENERAL CONFERENCE Organized 1861.</strong>",
    "puborder": 11397,
    "translations": []
  },
  {
    "para_id": "1670.12403",
    "id_prev": "1670.12402",
    "id_next": "1670.12404",
    "refcode_1": "GCB",
    "refcode_2": "602",
    "refcode_3": "1",
    "refcode_4": "1902",
    "refcode_short": "GCB April 1,  1902, page 602.1",
    "refcode_long": "General Conference Bulletin, vol. 4 April 1,  1902, page 602 paragraph 1",
    "element_type": "p",
    "element_subtype": "standard-indented",
    "content": "Office: 267 West Main St., Battle Creek, Mich., U. S. A.",
    "puborder": 11398,
    "translations": []
  },
  {
    "para_id": "1670.12404",
    "id_prev": "1670.12403",
    "id_next": "1670.12405",
    "refcode_1": "GCB",
    "refcode_2": "602",
    "refcode_3": "",
    "refcode_4": "1902",
    "refcode_short": "GCB April 1,  1902, page 602",
    "refcode_long": "General Conference Bulletin, vol. 4 April 1,  1902, page 602",
    "element_type": "h5",
    "element_subtype": "",
    "content": "OFFICERS",
    "puborder": 11399,
    "translations": []
  },
  {
    "para_id": "1670.12405",
    "id_prev": "1670.12404",
    "id_next": "1670.12406",
    "refcode_1": "GCB",
    "refcode_2": "602",
    "refcode_3": "",
    "refcode_4": "1902",
    "refcode_short": "",
    "refcode_long": "",
    "element_type": "p",
    "element_subtype": "periodicalauthor",
    "content": "HEOe",
    "puborder": 11400,
    "translations": []
  },
  {
    "para_id": "1670.12406",
    "id_prev": "1670.12405",
    "id_next": "1670.12407",
    "refcode_1": "GCB",
    "refcode_2": "602",
    "refcode_3": "2",
    "refcode_4": "1902",
    "refcode_short": "GCB April 1,  1902, page 602.2",
    "refcode_long": "General Conference Bulletin, vol. 4 April 1,  1902, page 602 paragraph 2",
    "element_type": "p",
    "element_subtype": "standard-indented",
    "content": "President: A. G. Daniells, 267 West Main St., Battle Creek, Mich.",
    "puborder": 11401,
    "translations": []
  },
  {
    "para_id": "1670.12407",
    "id_prev": "1670.12406",
    "id_next": "1670.12408",
    "refcode_1": "GCB",
    "refcode_2": "602",
    "refcode_3": "3",
    "refcode_4": "1902",
    "refcode_short": "GCB April 1,  1902, page 602.3",
    "refcode_long": "General Conference Bulletin, vol. 4 April 1,  1902, page 602 paragraph 3",
    "element_type": "p",
    "element_subtype": "standard-indented",
    "content": "Vice-President: W. W. Prescott, care Review and Herald, Battle Creek, Mich.",
    "puborder": 11402,
    "translations": []
  },
  {
    "para_id": "1670.12408",
    "id_prev": "1670.12407",
    "id_next": "1670.12409",
    "refcode_1": "GCB",
    "refcode_2": "602",
    "refcode_3": "4",
    "refcode_4": "1902",
    "refcode_short": "GCB April 1,  1902, page 602.4",
    "refcode_long": "General Conference Bulletin, vol. 4 April 1,  1902, page 602 paragraph 4",
    "element_type": "p",
    "element_subtype": "standard-indented",
    "content": "Secretary: H. E. Osborne, 267 West Main St., Battle Creek, Mich.",
    "puborder": 11403,
    "translations": []
  },
  {
    "para_id": "1670.12409",
    "id_prev": "1670.12408",
    "id_next": "1670.12410",
    "refcode_1": "GCB",
    "refcode_2": "602",
    "refcode_3": "5",
    "refcode_4": "1902",
    "refcode_short": "GCB April 1,  1902, page 602.5",
    "refcode_long": "General Conference Bulletin, vol. 4 April 1,  1902, page 602 paragraph 5",
    "element_type": "p",
    "element_subtype": "standard-indented",
    "content": "Treasurer: H. M. Mitchell, 267 West Main St., Battle Creek, Mich.",
    "puborder": 11404,
    "translations": []
  },
  {
    "para_id": "1670.12410",
    "id_prev": "1670.12409",
    "id_next": "1670.12411",
    "refcode_1": "GCB",
    "refcode_2": "602",
    "refcode_3": "6",
    "refcode_4": "1902",
    "refcode_short": "GCB April 1,  1902, page 602.6",
    "refcode_long": "General Conference Bulletin, vol. 4 April 1,  1902, page 602 paragraph 6",
    "element_type": "p",
    "element_subtype": "standard-indented",
    "content": "Financial Secretary: P. T. Magan, Berrien Springs, Mich.",
    "puborder": 11405,
    "translations": []
  },
  {
    "para_id": "1670.12411",
    "id_prev": "1670.12410",
    "id_next": "1670.12412",
    "refcode_1": "GCB",
    "refcode_2": "602",
    "refcode_3": "",
    "refcode_4": "1902",
    "refcode_short": "GCB April 1,  1902, page 602",
    "refcode_long": "General Conference Bulletin, vol. 4 April 1,  1902, page 602",
    "element_type": "h5",
    "element_subtype": "",
    "content": "EXECUTIVE COMMITTEE",
    "puborder": 11406,
    "translations": []
  },
  {
    "para_id": "1670.12412",
    "id_prev": "1670.12411",
    "id_next": "1670.12413",
    "refcode_1": "GCB",
    "refcode_2": "602",
    "refcode_3": "",
    "refcode_4": "1902",
    "refcode_short": "",
    "refcode_long": "",
    "element_type": "p",
    "element_subtype": "periodicalauthor",
    "content": "HEOe",
    "puborder": 11407,
    "translations": []
  },
  {
    "para_id": "1670.12413",
    "id_prev": "1670.12412",
    "id_next": "1670.12414",
    "refcode_1": "GCB",
    "refcode_2": "602",
    "refcode_3": "7",
    "refcode_4": "1902",
    "refcode_short": "GCB April 1,  1902, page 602.7",
    "refcode_long": "General Conference Bulletin, vol. 4 April 1,  1902, page 602 paragraph 7",
    "element_type": "p",
    "element_subtype": "standard-indented",
    "content": "A. G. Daniells, 267 West Main St., Battle Creek, Mich.\n<br />H. W. Cottrell, South Lancaster, Mass.\n<br />I. H. Evans, care Review and Herald, Battle Creek, Mich.\n<br />C. W. Flaiz, Box 989, Minneapolis, Minn.\n<br />Frederick Griggs, South Lancaster, Mass.\n<br />S. N. Haskell, 400 West Fifty-seventh St., New York, N. Y.\n<br />G. A. Irwin, 56 George St., West, Sydney, N. S. W., Australia.\n<br />A. T. Jones, 301 San Pablo Ave., Oakland, Cal.\n<br />J. H. Kellogg, care Sanitarium, Battle Creek, Mich.\n<br />Geo. I. Butler, 1025 Jefferson St., Nashville, Tenn.\n<br />W. T. Knox, 816 Twentieth St., Oakland, Cal.\n<br />D. H. Kress, 56 George St., West, Sydney, N. S. W., Australia.\n<br />S. H. Lane, 267, West Main St., Battle Creek, Mich.\n<br />J. H. Loughborough, 1228 Chestnut St., Oakland, Cal.\n<br />G. G. Rupert, Keene, Tex.\n<br />J. C. Ottosen, Margrethevej 5, Copenhagen, V., Denmark.\n<br />David Paulson, 28 Thirty-third Place, Chicago, Ill.\n<br />W. W. Prescott, care Review and Herald, Battle Creek, Mich.\n<br />H. F. Rand, care Sanitarium, Boulder, Colo.\n<br />A. J. Read, 1809 Wallace St., Philadelphia, Pa.\n<br />E. A. Sutherland, Berrien Springs, Mich.\n<br />E. J. Waggoner, 451 Holloway Road, London, N., England.\n<br />W. C. White, Sanitarium, Cal.\n<br />L. R. Conradi, Grindelberg 15a, Hamburg, Germany.",
    "puborder": 11408,
    "translations": []
  },
  {
    "para_id": "1670.12414",
    "id_prev": "1670.12413",
    "id_next": "1670.12415",
    "refcode_1": "GCB",
    "refcode_2": "602",
    "refcode_3": "8",
    "refcode_4": "1902",
    "refcode_short": "GCB April 1,  1902, page 602.8",
    "refcode_long": "General Conference Bulletin, vol. 4 April 1,  1902, page 602 paragraph 8",
    "element_type": "p",
    "element_subtype": "standard-indented",
    "content": "Presidents of Union Conferences organized since the last session of the General Conference:&mdash;\n<br />E. T. Russell, College View, Nebr.\n<br />W. H. Thurston, 168 Selby St., Westmount, Montreal, Quebec.\n<br />O. A. Olsen, 451 Holloway Road, London, N., England.",
    "puborder": 11409,
    "translations": []
  },
  {
    "para_id": "1670.12415",
    "id_prev": "1670.12414",
    "id_next": "1670.12416",
    "refcode_1": "GCB",
    "refcode_2": "602",
    "refcode_3": "9",
    "refcode_4": "1902",
    "refcode_short": "GCB April 1,  1902, page 602.9",
    "refcode_long": "General Conference Bulletin, vol. 4 April 1,  1902, page 602 paragraph 9",
    "element_type": "p",
    "element_subtype": "standard-indented",
    "content": "Mission Board: A. G. Daniells (chairman), J. H. Kellogg, David Paulson, A.\n<br />J. Read, E. A. Sutherland, I. H. Evans,\n<br />W. C. White, H. F. Rand, W. T. Knox,\n<br />A. T. Jones, W. W. Prescott, E. R. Palmer.",
    "puborder": 11410,
    "translations": []
  },
  {
    "para_id": "1670.12416",
    "id_prev": "1670.12415",
    "id_next": "1670.12417",
    "refcode_1": "GCB",
    "refcode_2": "602",
    "refcode_3": "10",
    "refcode_4": "1902",
    "refcode_short": "GCB April 1,  1902, page 602.10",
    "refcode_long": "General Conference Bulletin, vol. 4 April 1,  1902, page 602 paragraph 10",
    "element_type": "p",
    "element_subtype": "standard-indented",
    "content": "Corresponding Secretary of Mission Board: W. A. Spicer; Assistant Secretary, H. E. Osborne.",
    "puborder": 11411,
    "translations": []
  },
  {
    "para_id": "1670.12417",
    "id_prev": "1670.12416",
    "id_next": "1670.12418",
    "refcode_1": "GCB",
    "refcode_2": "602",
    "refcode_3": "11",
    "refcode_4": "1902",
    "refcode_short": "GCB April 1,  1902, page 602.11",
    "refcode_long": "General Conference Bulletin, vol. 4 April 1,  1902, page 602 paragraph 11",
    "element_type": "p",
    "element_subtype": "standard-indented",
    "content": "Field Secretary of Mission Board: W. W. Prescott.",
    "puborder": 11412,
    "translations": []
  },
  {
    "para_id": "1670.12418",
    "id_prev": "1670.12417",
    "id_next": "1670.12419",
    "refcode_1": "GCB",
    "refcode_2": "602",
    "refcode_3": "12",
    "refcode_4": "1902",
    "refcode_short": "GCB April 1,  1902, page 602.12",
    "refcode_long": "General Conference Bulletin, vol. 4 April 1,  1902, page 602 paragraph 12",
    "element_type": "p",
    "element_subtype": "standard-indented",
    "content": "Trustees of Foreign Mission Board of Seventh-day Adventists (the Legal Corporation): A. G. Daniells (chairman), J. H. Kellogg, David Paulson, A. J. Read, A. T. Jones, W. W. Prescott, I. H. Evans, G. B. Thompson, W. A. Spicer (secretary).",
    "puborder": 11413,
    "translations": []
  },
  {
    "para_id": "1670.12419",
    "id_prev": "1670.12418",
    "id_next": "1670.12420",
    "refcode_1": "GCB",
    "refcode_2": "602",
    "refcode_3": "13",
    "refcode_4": "1902",
    "refcode_short": "GCB April 1,  1902, page 602.13",
    "refcode_long": "General Conference Bulletin, vol. 4 April 1,  1902, page 602 paragraph 13",
    "element_type": "p",
    "element_subtype": "standard-indented",
    "content": "Educational Department: W. W. Prescott (chairman), E. A. Sutherland (secretary), J. H. Kellogg, A. T. Jones, David Paulson, P. T. Magan, Frederick Griggs.",
    "puborder": 11414,
    "translations": []
  },
  {
    "para_id": "1670.12420",
    "id_prev": "1670.12419",
    "id_next": "1670.12421",
    "refcode_1": "GCB",
    "refcode_2": "602",
    "refcode_3": "14",
    "refcode_4": "1902",
    "refcode_short": "GCB April 1,  1902, page 602.14",
    "refcode_long": "General Conference Bulletin, vol. 4 April 1,  1902, page 602 paragraph 14",
    "element_type": "p",
    "element_subtype": "standard-indented",
    "content": "Religious Liberty Department: Allen Moon (chairman), A. T. Jones, S. H. Lane, W. H. Thurston, D. W. Reavis, J. D. Bradley.",
    "puborder": 11415,
    "translations": []
  },
  {
    "para_id": "1670.12421",
    "id_prev": "1670.12420",
    "id_next": "1670.12422",
    "refcode_1": "GCB",
    "refcode_2": "602",
    "refcode_3": "15",
    "refcode_4": "1902",
    "refcode_short": "GCB April 1,  1902, page 602.15",
    "refcode_long": "General Conference Bulletin, vol. 4 April 1,  1902, page 602 paragraph 15",
    "element_type": "p",
    "element_subtype": "standard-indented",
    "content": "Publication Committee: W. C. White (chairman), E. R. Palmer (secretary), I. H. Evans, C. H. Jones, J. H. Kellogg, L. R. Conradi, J. C. Ottosen, W. C. Sisley, W. D. Salisbury, J. E. White, A. G. Daniells, P. T. Magan, W. A. Spicer, The General Canvassing Agent, and the General Agents of the Union Conferences.",
    "puborder": 11416,
    "translations": []
  },
  {
    "para_id": "1670.12422",
    "id_prev": "1670.12421",
    "id_next": "1670.12423",
    "refcode_1": "GCB",
    "refcode_2": "602",
    "refcode_3": "16",
    "refcode_4": "1902",
    "refcode_short": "GCB April 1,  1902, page 602.16",
    "refcode_long": "General Conference Bulletin, vol. 4 April 1,  1902, page 602 paragraph 16",
    "element_type": "p",
    "element_subtype": "standard-indented",
    "content": "Sabbath-school Department: W. A. Spicer (chairman), Estella Houser (secretary), W. W. Prescott, M. C. Wilcox, C. H. Jones, H. E. Osborne, E. A. Sutherland, A. J. Read, G. W. Thomason, Adelaide Bee Cooper, Mrs. L. Flora Plummer (Cor. Sec., Room 705 Northwestern Building, Minneapolis, Minn.).",
    "puborder": 11417,
    "translations": []
  },
  {
    "para_id": "1670.12423",
    "id_prev": "1670.12422",
    "id_next": "1670.12424",
    "refcode_1": "GCB",
    "refcode_2": "602",
    "refcode_3": "17",
    "refcode_4": "1902",
    "refcode_short": "GCB April 1,  1902, page 602.17",
    "refcode_long": "General Conference Bulletin, vol. 4 April 1,  1902, page 602 paragraph 17",
    "element_type": "p",
    "element_subtype": "standard-indented",
    "content": "&ldquo;General Conference Association of the Seventh-day Adventists:&rdquo; S. H. Lane (chairman), W. H. Edwards (secretary), H. M. Mitchell (treasurer), W. A. Spicer, R. M. Kilgore, A. G. Daniells, C. W. Flaiz, I. H. Evans, J. Sutherland, P. T. Magan, W. W. Prescott, C. M. Christiansen, J. D. Gowell, G. B. Thompson, J. M. Rees, C. D. Rhodes, Wm. Covert, J. S. Comins, A. G. Haughey, E. R. Palmer, H. E. Osborne.",
    "puborder": 11418,
    "translations": []
  },
  {
    "para_id": "1670.12424",
    "id_prev": "1670.12423",
    "id_next": "1670.12425",
    "refcode_1": "GCB",
    "refcode_2": "602",
    "refcode_3": "18",
    "refcode_4": "1902",
    "refcode_short": "GCB April 1,  1902, page 602.18",
    "refcode_long": "General Conference Bulletin, vol. 4 April 1,  1902, page 602 paragraph 18",
    "element_type": "p",
    "element_subtype": "standard-indented",
    "content": "Auditing Committee: A. G. Daniells, H. W. Cottrell, R. M. Kilgore, C. W. Flaiz, C. McReynolds, W. T. Knox, I. H. Evans, R. A. Underwood, W. W. Prescott, J. H. Kellogg, A. J. Read, E. A. Sutherland, C. H. Jones, L. R. Conradi.",
    "puborder": 11419,
    "translations": []
  },
  {
    "para_id": "1670.12425",
    "id_prev": "1670.12424",
    "id_next": "1670.12426",
    "refcode_1": "GCB",
    "refcode_2": "602",
    "refcode_3": "19",
    "refcode_4": "1902",
    "refcode_short": "GCB April 1,  1902, page 602.19",
    "refcode_long": "General Conference Bulletin, vol. 4 April 1,  1902, page 602 paragraph 19",
    "element_type": "p",
    "element_subtype": "standard-indented",
    "content": "Committee on German Work in North America: H. Shultz, F. H. Westphal, T. Valentiner.",
    "puborder": 11420,
    "translations": []
  },
  {
    "para_id": "1670.12426",
    "id_prev": "1670.12425",
    "id_next": "1670.12427",
    "refcode_1": "GCB",
    "refcode_2": "602",
    "refcode_3": "20",
    "refcode_4": "1902",
    "refcode_short": "GCB April 1,  1902, page 602.20",
    "refcode_long": "General Conference Bulletin, vol. 4 April 1,  1902, page 602 paragraph 20",
    "element_type": "p",
    "element_subtype": "standard-indented",
    "content": "Committee on Scandinavian Work in North America: L. Johnson, S. F. Svensson, E. G. Olsen, C. A. Thorp, A. Swedberg.",
    "puborder": 11421,
    "translations": []
  },
  {
    "para_id": "1670.12427",
    "id_prev": "1670.12426",
    "id_next": "1670.12428",
    "refcode_1": "GCB",
    "refcode_2": "602",
    "refcode_3": "21",
    "refcode_4": "1902",
    "refcode_short": "GCB April 1,  1902, page 602.21",
    "refcode_long": "General Conference Bulletin, vol. 4 April 1,  1902, page 602 paragraph 21",
    "element_type": "p",
    "element_subtype": "standard-indented",
    "content": "Transportation Agents: H. E. Osborne, 267 West Main St., Battle Creek, Mich.",
    "puborder": 11422,
    "translations": []
  },
  {
    "para_id": "1670.12428",
    "id_prev": "1670.12427",
    "id_next": "1670.12429",
    "refcode_1": "GCB",
    "refcode_2": "602",
    "refcode_3": "22",
    "refcode_4": "1902",
    "refcode_short": "GCB April 1,  1902, page 602.22",
    "refcode_long": "General Conference Bulletin, vol. 4 April 1,  1902, page 602 paragraph 22",
    "element_type": "p",
    "element_subtype": "standard-indented",
    "content": "S. N. Curtiss, 11 West Twentieth St., New York, N. Y.",
    "puborder": 11423,
    "translations": []
  },
  {
    "para_id": "1670.12429",
    "id_prev": "1670.12428",
    "id_next": "1670.12430",
    "refcode_1": "GCB",
    "refcode_2": "602",
    "refcode_3": "23",
    "refcode_4": "1902",
    "refcode_short": "GCB April 1,  1902, page 602.23",
    "refcode_long": "General Conference Bulletin, vol. 4 April 1,  1902, page 602 paragraph 23",
    "element_type": "p",
    "element_subtype": "standard-indented",
    "content": "C. L. Kilgore, Graysville, Tenn.",
    "puborder": 11424,
    "translations": []
  },
  {
    "para_id": "1670.12430",
    "id_prev": "1670.12429",
    "id_next": "1670.12431",
    "refcode_1": "GCB",
    "refcode_2": "602",
    "refcode_3": "24",
    "refcode_4": "1902",
    "refcode_short": "GCB April 1,  1902, page 602.24",
    "refcode_long": "General Conference Bulletin, vol. 4 April 1,  1902, page 602 paragraph 24",
    "element_type": "p",
    "element_subtype": "standard-indented",
    "content": "W. O. Palmer, 1025 Jefferson St., Nashville, Tenn.",
    "puborder": 11425,
    "translations": []
  },
  {
    "para_id": "1670.12431",
    "id_prev": "1670.12430",
    "id_next": "1670.12432",
    "refcode_1": "GCB",
    "refcode_2": "602",
    "refcode_3": "25",
    "refcode_4": "1902",
    "refcode_short": "GCB April 1,  1902, page 602.25",
    "refcode_long": "General Conference Bulletin, vol. 4 April 1,  1902, page 602 paragraph 25",
    "element_type": "p",
    "element_subtype": "standard-indented",
    "content": "J. Sutherland, College View, Nebr.",
    "puborder": 11426,
    "translations": []
  },
  {
    "para_id": "1670.12432",
    "id_prev": "1670.12431",
    "id_next": "1670.12433",
    "refcode_1": "GCB",
    "refcode_2": "602",
    "refcode_3": "26",
    "refcode_4": "1902",
    "refcode_short": "GCB April 1,  1902, page 602.26",
    "refcode_long": "General Conference Bulletin, vol. 4 April 1,  1902, page 602 paragraph 26",
    "element_type": "p",
    "element_subtype": "standard-indented",
    "content": "C. McReynolds, 821 West Fifth St., Topeka, Kans.",
    "puborder": 11427,
    "translations": []
  },
  {
    "para_id": "1670.12433",
    "id_prev": "1670.12432",
    "id_next": "1670.12434",
    "refcode_1": "GCB",
    "refcode_2": "602",
    "refcode_3": "27",
    "refcode_4": "1902",
    "refcode_short": "GCB April 1,  1902, page 602.27",
    "refcode_long": "General Conference Bulletin, vol. 4 April 1,  1902, page 602 paragraph 27",
    "element_type": "p",
    "element_subtype": "standard-indented",
    "content": "B. R. Nordyke, 18 West Fifth St., Kansas City, Mo.",
    "puborder": 11428,
    "translations": []
  },
  {
    "para_id": "1670.12434",
    "id_prev": "1670.12433",
    "id_next": "1670.12435",
    "refcode_1": "GCB",
    "refcode_2": "602",
    "refcode_3": "28",
    "refcode_4": "1902",
    "refcode_short": "GCB April 1,  1902, page 602.28",
    "refcode_long": "General Conference Bulletin, vol. 4 April 1,  1902, page 602 paragraph 28",
    "element_type": "p",
    "element_subtype": "standard-indented",
    "content": "C. H. Jones, 1059 Castro St., Oakland, Cal.",
    "puborder": 11429,
    "translations": []
  },
  {
    "para_id": "1670.12435",
    "id_prev": "1670.12434",
    "id_next": "1670.12436",
    "refcode_1": "GCB",
    "refcode_2": "602",
    "refcode_3": "29",
    "refcode_4": "1902",
    "refcode_short": "GCB April 1,  1902, page 602.29",
    "refcode_long": "General Conference Bulletin, vol. 4 April 1,  1902, page 602 paragraph 29",
    "element_type": "p",
    "element_subtype": "standard-indented",
    "content": "A. Bacon, 451 Holloway Road, London, N., England.",
    "puborder": 11430,
    "translations": []
  }
]