[
  {
    "para_id": "1670.6805",
    "id_prev": "1670.6804",
    "id_next": "1670.6806",
    "refcode_1": "GCB",
    "refcode_2": "377",
    "refcode_3": "",
    "refcode_4": "1901",
    "refcode_short": "GCB April 22,  1901, page 377",
    "refcode_long": "General Conference Bulletin, vol. 4 April 22,  1901, page 377",
    "element_type": "h4",
    "element_subtype": "",
    "content": "MANY BOOKS IN ONE",
    "puborder": 6151,
    "translations": []
  },
  {
    "para_id": "1670.6806",
    "id_prev": "1670.6805",
    "id_next": "1670.6807",
    "refcode_1": "GCB",
    "refcode_2": "377",
    "refcode_3": "16",
    "refcode_4": "1901",
    "refcode_short": "GCB April 22,  1901, page 377.16",
    "refcode_long": "General Conference Bulletin, vol. 4 April 22,  1901, page 377 paragraph 16",
    "element_type": "p",
    "element_subtype": "standard-indented",
    "content": "THIS is the truth about a book just being issued from the Review and Herald press. &ldquo;Ecclesiastical Empire&rdquo; is the latest and best of Elder A. T. Jones&rsquo;s books. It embraces the leading events of history from the fall of Rome to the present day. It canvasses the career of Europe&rsquo;s kingdoms during the Dark Ages, examines the religious controversies of the principal papal councils during the time of papal supremacy, showing its intolerant spirit and resultant anarchy. It traces from its origin the growth of the Reformation, first in England, then in Bohemia and Germany, pointing out the principles of true Christianity. The latter portion of the book deals with national apostasy as it is and what its end is to be, as revealed in the sure word of prophecy. It contains, in a connected way, all the essential points of history necessary to a good understanding of the great question of to-day,&mdash;the relation of church and state. While doing all this it has also the merit of being highly entertaining. As one said while reading the proof-sheets, it is a &ldquo;hummer.&rdquo; It contains 874 pages, and sells at $2.50. For sale by Review and Herald, Battle Creek, Mich.",
    "puborder": 6152,
    "translations": []
  },
  {
    "para_id": "1670.6807",
    "id_prev": "1670.6806",
    "id_next": "1670.6809",
    "refcode_1": "GCB",
    "refcode_2": "377",
    "refcode_3": "17",
    "refcode_4": "1901",
    "refcode_short": "GCB April 22,  1901, page 377.17",
    "refcode_long": "General Conference Bulletin, vol. 4 April 22,  1901, page 377 paragraph 17",
    "element_type": "p",
    "element_subtype": "standard-indented",
    "content": "&ldquo;BLESSED are the peacemakers.&rdquo;",
    "puborder": 6153,
    "translations": []
  }
]