[
  {
    "para_id": "1670.467",
    "id_prev": "1670.466",
    "id_next": "1670.468",
    "refcode_1": "GCB",
    "refcode_2": "21",
    "refcode_3": "",
    "refcode_4": "1901",
    "refcode_short": "GCB April 3,  1901, page 21",
    "refcode_long": "General Conference Bulletin, vol. 4 April 3,  1901, page 21",
    "element_type": "h4",
    "element_subtype": "",
    "content": "EDUCATIONAL",
    "puborder": 427,
    "translations": []
  },
  {
    "para_id": "1670.468",
    "id_prev": "1670.467",
    "id_next": "1670.470",
    "refcode_1": "GCB",
    "refcode_2": "21",
    "refcode_3": "9",
    "refcode_4": "1901",
    "refcode_short": "GCB April 3,  1901, page 21.9",
    "refcode_long": "General Conference Bulletin, vol. 4 April 3,  1901, page 21 paragraph 9",
    "element_type": "p",
    "element_subtype": "standard-indented",
    "content": "The reform inaugurated in our school system prior to our last General Conference has been steadily carried forward.",
    "puborder": 428,
    "translations": []
  },
  {
    "para_id": "1670.470",
    "id_prev": "1670.468",
    "id_next": "1670.471",
    "refcode_1": "GCB",
    "refcode_2": "22",
    "refcode_3": "1",
    "refcode_4": "1901",
    "refcode_short": "GCB April 3,  1901, page 22.1",
    "refcode_long": "General Conference Bulletin, vol. 4 April 3,  1901, page 22 paragraph 1",
    "element_type": "p",
    "element_subtype": "standard-indented",
    "content": "The lack of proper text-books, which in the beginning caused perplexity and threatened confusion, has been in a measure overcome by the preparation and publication of books embodying the principles of the reform called for. A council of ten days&rsquo; duration was held last August at Mt. Vernon, Ohio, at which were present Elder S. N. Haskell, Professor Magan, the president and secretary of the General Conference, and the presidents of each of our leading schools in the United States. At this meeting not only underlying principles, but the different phases of school work, were quite fully considered. Opportunity was given for each one to express himself fully and freely. The discussion resulted in a much better understanding between our leading educators, and more of that Christian love and sympathy that should characterize those engaged in one common cause. The council further developed that there was a strong unanimity of sentiment in harmony with reform, the differences that had heretofore existed being more in methods employed than in sentiment. It was the frequently expressed opinion of all present, that it was the most profitable meeting thus far held in the interests of our school work, and at the closing session a resolution requesting the General Conference to call a similar meeting next summer was unanimously passed.",
    "puborder": 429,
    "translations": []
  },
  {
    "para_id": "1670.471",
    "id_prev": "1670.470",
    "id_next": "1670.472",
    "refcode_1": "GCB",
    "refcode_2": "22",
    "refcode_3": "2",
    "refcode_4": "1901",
    "refcode_short": "GCB April 3,  1901, page 22.2",
    "refcode_long": "General Conference Bulletin, vol. 4 April 3,  1901, page 22 paragraph 2",
    "element_type": "p",
    "element_subtype": "standard-indented",
    "content": "While much has been accomplished along the line of reform in our school work, much remains yet to be done in order that it shall meet the mind of God, and accomplish the work he designs. Full and complete success can be attained only by a thorough study, on the part of both parents and teachers, of the great underlying principles, and a hearty co-operation in putting them into practice. Even when the goal is reached, it will require watchfulness on the part of all to maintain the standard.",
    "puborder": 430,
    "translations": []
  },
  {
    "para_id": "1670.472",
    "id_prev": "1670.471",
    "id_next": "1670.473",
    "refcode_1": "GCB",
    "refcode_2": "22",
    "refcode_3": "3",
    "refcode_4": "1901",
    "refcode_short": "GCB April 3,  1901, page 22.3",
    "refcode_long": "General Conference Bulletin, vol. 4 April 3,  1901, page 22 paragraph 3",
    "element_type": "p",
    "element_subtype": "standard-indented",
    "content": "Another encouraging feature has been the establishment and successful maintenance of so many church schools: for this shows that the church school has become an established fact and factor in our educational work. We have at the present time 6 colleges, 4 academies, 10 industrial and training schools, and 228 church schools, making a grand total of schools of all grades of 263, employing 381 teachers, with an average of 6,600 pupils.",
    "puborder": 431,
    "translations": []
  }
]