[
  {
    "para_id": "1670.4375",
    "id_prev": "1670.4373",
    "id_next": "1670.4376",
    "refcode_1": "GCB",
    "refcode_2": "249",
    "refcode_3": "",
    "refcode_4": "1901",
    "refcode_short": "GCB April 16,  1901, page 249",
    "refcode_long": "General Conference Bulletin, vol. 4 April 16,  1901, page 249",
    "element_type": "h3",
    "element_subtype": "",
    "content": "April 16, 1901 - EXTRA NO. 12",
    "puborder": 3946,
    "translations": []
  },
  {
    "para_id": "1670.4376",
    "id_prev": "1670.4375",
    "id_next": "1670.4377",
    "refcode_1": "GCB",
    "refcode_2": "249",
    "refcode_3": "",
    "refcode_4": "1901",
    "refcode_short": "",
    "refcode_long": "",
    "element_type": "p",
    "element_subtype": "center",
    "content": "<strong>GENERAL CONFERENCE BULLETIN,\n<br />PUBLISHED QUARTERLY BY\n<br />The Seventh-day Adventist General Conference\n<br />PRICE: For the DAILY BULLETIN during General Conference session 50c. For the biennial term including daily and quarterly issues 75c. Subscription at the 75-cent rate, for the next volume, will include all issues during 1901 and 1902.\n<br />Entered at the post office in Battle Creek, Michigan, FIRST QUARTER, 1901.</strong>",
    "puborder": 3947,
    "translations": []
  }
]