[
  {
    "para_id": "11143.739",
    "id_prev": "11143.738",
    "id_next": "11143.741",
    "refcode_1": "WBS",
    "refcode_2": "Genesis",
    "refcode_3": "15",
    "refcode_4": "0",
    "refcode_short": "WBS — Genesis 15",
    "refcode_long": "Webster’s Bible — Genesis 15",
    "element_type": "h3",
    "element_subtype": "chapter",
    "content": "Genesis 15",
    "puborder": 378,
    "translations": [
      {
        "para_id": "14207.739",
        "lang": "bg",
        "refcode": "ББ1940 — Битие 15"
      },
      {
        "para_id": "11258.739",
        "lang": "cs",
        "refcode": "CzeCEP — 1Mojžíšova 15"
      },
      {
        "para_id": "1967.739",
        "lang": "de",
        "refcode": "Lut — 1Mose 15"
      },
      {
        "para_id": "11140.739",
        "lang": "en",
        "refcode": "DBY — Genesis 15"
      },
      {
        "para_id": "14420.739",
        "lang": "en",
        "refcode": "NCV — Genesis 15"
      },
      {
        "para_id": "14175.739",
        "lang": "en",
        "refcode": "KJVSD — Genesis 15"
      },
      {
        "para_id": "14340.739",
        "lang": "en",
        "refcode": "NIV — Genesis 15"
      },
      {
        "para_id": "14125.739",
        "lang": "en",
        "refcode": "KJRV — Genesis 15"
      },
      {
        "para_id": "14736.739",
        "lang": "en",
        "refcode": "NHEB — Genesis 15"
      },
      {
        "para_id": "14333.739",
        "lang": "en",
        "refcode": "ISV — Genesis 15"
      },
      {
        "para_id": "11142.739",
        "lang": "en",
        "refcode": "WEB — Genesis 15"
      },
      {
        "para_id": "14334.739",
        "lang": "en",
        "refcode": "NKJV — Genesis 15"
      },
      {
        "para_id": "11144.739",
        "lang": "en",
        "refcode": "YLT — Genesis 15"
      },
      {
        "para_id": "14330.739",
        "lang": "en",
        "refcode": "ERV — Genesis 15"
      },
      {
        "para_id": "1965.739",
        "lang": "en",
        "refcode": "KJV — Genesis 15"
      },
      {
        "para_id": "11145.739",
        "lang": "en",
        "refcode": "AKJV — Genesis 15"
      },
      {
        "para_id": "14419.739",
        "lang": "en",
        "refcode": "ICB — Genesis 15"
      },
      {
        "para_id": "11139.739",
        "lang": "en",
        "refcode": "ASV — Genesis 15"
      },
      {
        "para_id": "14341.739",
        "lang": "en",
        "refcode": "NET — Genesis 15"
      },
      {
        "para_id": "14336.739",
        "lang": "en",
        "refcode": "RV1885 — Genesis 15"
      },
      {
        "para_id": "1968.739",
        "lang": "es",
        "refcode": "RVa — Génesis 15"
      },
      {
        "para_id": "14422.739",
        "lang": "es",
        "refcode": "RVR — Génesis 15"
      },
      {
        "para_id": "14421.739",
        "lang": "es",
        "refcode": "NBLA — Génesis 15"
      },
      {
        "para_id": "2021.739",
        "lang": "fr",
        "refcode": "Fren — Genèse 15"
      },
      {
        "para_id": "1966.739",
        "lang": "it",
        "refcode": "LND — Genesi 15"
      },
      {
        "para_id": "1970.739",
        "lang": "pl",
        "refcode": "PB — 1Mojżeszowa 15"
      },
      {
        "para_id": "1971.739",
        "lang": "pt",
        "refcode": "PCF — Gênesis 15"
      },
      {
        "para_id": "1973.739",
        "lang": "ro",
        "refcode": "NTR — Geneza 15"
      },
      {
        "para_id": "11165.739",
        "lang": "ro",
        "refcode": "RCCV — Geneza 15"
      },
      {
        "para_id": "1972.739",
        "lang": "ru",
        "refcode": "РСП — Бытие 15"
      },
      {
        "para_id": "14191.739",
        "lang": "tpi",
        "refcode": "BBTP — Stat 15"
      },
      {
        "para_id": "12318.739",
        "lang": "uk",
        "refcode": "УПО — Буття 15"
      },
      {
        "para_id": "1969.739",
        "lang": "zh",
        "refcode": "CHIUS — 創世記 15"
      }
    ]
  },
  {
    "para_id": "11143.741",
    "id_prev": "11143.739",
    "id_next": "11143.743",
    "refcode_1": "WBS",
    "refcode_2": "Genesis",
    "refcode_3": "15",
    "refcode_4": "1",
    "refcode_short": "WBS — Genesis 15:1",
    "refcode_long": "Webster’s Bible — Genesis 15:1",
    "element_type": "p",
    "element_subtype": "standard-noindent",
    "content": "<strong>1</strong> After these things the word of the LORD came to Abram in a vision, saying, Fear not, Abram: I am thy shield, and thy exceeding great reward.",
    "puborder": 379,
    "translations": [
      {
        "para_id": "14207.741",
        "lang": "bg",
        "refcode": "ББ1940 — Битие 15:1"
      },
      {
        "para_id": "11258.741",
        "lang": "cs",
        "refcode": "CzeCEP — 1Mojžíšova 15:1"
      },
      {
        "para_id": "1967.741",
        "lang": "de",
        "refcode": "Lut — 1Mose 15:1"
      },
      {
        "para_id": "1965.741",
        "lang": "en",
        "refcode": "KJV — Genesis 15:1"
      },
      {
        "para_id": "14341.741",
        "lang": "en",
        "refcode": "NET — Genesis 15:1"
      },
      {
        "para_id": "14334.741",
        "lang": "en",
        "refcode": "NKJV — Genesis 15:1"
      },
      {
        "para_id": "11140.741",
        "lang": "en",
        "refcode": "DBY — Genesis 15:1"
      },
      {
        "para_id": "14420.741",
        "lang": "en",
        "refcode": "NCV — Genesis 15:1"
      },
      {
        "para_id": "14175.741",
        "lang": "en",
        "refcode": "KJVSD — Genesis 15:1"
      },
      {
        "para_id": "14125.741",
        "lang": "en",
        "refcode": "KJRV — Genesis 15:1"
      },
      {
        "para_id": "14419.741",
        "lang": "en",
        "refcode": "ICB — Genesis 15:1"
      },
      {
        "para_id": "11139.741",
        "lang": "en",
        "refcode": "ASV — Genesis 15:1"
      },
      {
        "para_id": "14333.741",
        "lang": "en",
        "refcode": "ISV — Genesis 15:1"
      },
      {
        "para_id": "11144.741",
        "lang": "en",
        "refcode": "YLT — Genesis 15:1"
      },
      {
        "para_id": "11142.741",
        "lang": "en",
        "refcode": "WEB — Genesis 15:1"
      },
      {
        "para_id": "14336.741",
        "lang": "en",
        "refcode": "RV1885 — Genesis 15:1"
      },
      {
        "para_id": "14340.741",
        "lang": "en",
        "refcode": "NIV — Genesis 15:1"
      },
      {
        "para_id": "14330.741",
        "lang": "en",
        "refcode": "ERV — Genesis 15:1"
      },
      {
        "para_id": "14736.741",
        "lang": "en",
        "refcode": "NHEB — Genesis 15:1"
      },
      {
        "para_id": "11145.741",
        "lang": "en",
        "refcode": "AKJV — Genesis 15:1"
      },
      {
        "para_id": "1968.741",
        "lang": "es",
        "refcode": "RVa — Génesis 15:1"
      },
      {
        "para_id": "14421.741",
        "lang": "es",
        "refcode": "NBLA — Génesis 15:1"
      },
      {
        "para_id": "14422.741",
        "lang": "es",
        "refcode": "RVR — Génesis 15:1"
      },
      {
        "para_id": "2021.741",
        "lang": "fr",
        "refcode": "Fren — Genèse 15:1"
      },
      {
        "para_id": "1966.741",
        "lang": "it",
        "refcode": "LND — Genesi 15:1"
      },
      {
        "para_id": "1970.741",
        "lang": "pl",
        "refcode": "PB — 1Mojżeszowa 15:1"
      },
      {
        "para_id": "1971.741",
        "lang": "pt",
        "refcode": "PCF — Gênesis 15:1"
      },
      {
        "para_id": "11165.741",
        "lang": "ro",
        "refcode": "RCCV — Geneza 15:1"
      },
      {
        "para_id": "1973.741",
        "lang": "ro",
        "refcode": "NTR — Geneza 15:1"
      },
      {
        "para_id": "1972.741",
        "lang": "ru",
        "refcode": "РСП — Бытие 15:1"
      },
      {
        "para_id": "14191.741",
        "lang": "tpi",
        "refcode": "BBTP — Stat 15:1"
      },
      {
        "para_id": "12318.741",
        "lang": "uk",
        "refcode": "УПО — Буття 15:1"
      },
      {
        "para_id": "1969.741",
        "lang": "zh",
        "refcode": "CHIUS — 創世記 15:1"
      }
    ]
  },
  {
    "para_id": "11143.743",
    "id_prev": "11143.741",
    "id_next": "11143.745",
    "refcode_1": "WBS",
    "refcode_2": "Genesis",
    "refcode_3": "15",
    "refcode_4": "2",
    "refcode_short": "WBS — Genesis 15:2",
    "refcode_long": "Webster’s Bible — Genesis 15:2",
    "element_type": "p",
    "element_subtype": "standard-noindent",
    "content": "<strong>2</strong> And Abram said, Lord GOD, what wilt thou give me, seeing I go childless, and the steward of my house is this Eliezer of Damascus?",
    "puborder": 380,
    "translations": [
      {
        "para_id": "14207.743",
        "lang": "bg",
        "refcode": "ББ1940 — Битие 15:2"
      },
      {
        "para_id": "11258.743",
        "lang": "cs",
        "refcode": "CzeCEP — 1Mojžíšova 15:2"
      },
      {
        "para_id": "1967.743",
        "lang": "de",
        "refcode": "Lut — 1Mose 15:2"
      },
      {
        "para_id": "14419.743",
        "lang": "en",
        "refcode": "ICB — Genesis 15:2"
      },
      {
        "para_id": "14125.743",
        "lang": "en",
        "refcode": "KJRV — Genesis 15:2"
      },
      {
        "para_id": "11142.743",
        "lang": "en",
        "refcode": "WEB — Genesis 15:2"
      },
      {
        "para_id": "14333.743",
        "lang": "en",
        "refcode": "ISV — Genesis 15:2"
      },
      {
        "para_id": "14420.743",
        "lang": "en",
        "refcode": "NCV — Genesis 15:2"
      },
      {
        "para_id": "11140.743",
        "lang": "en",
        "refcode": "DBY — Genesis 15:2"
      },
      {
        "para_id": "11139.743",
        "lang": "en",
        "refcode": "ASV — Genesis 15:2"
      },
      {
        "para_id": "14736.743",
        "lang": "en",
        "refcode": "NHEB — Genesis 15:2"
      },
      {
        "para_id": "11144.743",
        "lang": "en",
        "refcode": "YLT — Genesis 15:2"
      },
      {
        "para_id": "14336.743",
        "lang": "en",
        "refcode": "RV1885 — Genesis 15:2"
      },
      {
        "para_id": "14175.743",
        "lang": "en",
        "refcode": "KJVSD — Genesis 15:2"
      },
      {
        "para_id": "1965.743",
        "lang": "en",
        "refcode": "KJV — Genesis 15:2"
      },
      {
        "para_id": "14334.743",
        "lang": "en",
        "refcode": "NKJV — Genesis 15:2"
      },
      {
        "para_id": "14340.743",
        "lang": "en",
        "refcode": "NIV — Genesis 15:2"
      },
      {
        "para_id": "14330.743",
        "lang": "en",
        "refcode": "ERV — Genesis 15:2"
      },
      {
        "para_id": "14341.743",
        "lang": "en",
        "refcode": "NET — Genesis 15:2"
      },
      {
        "para_id": "11145.743",
        "lang": "en",
        "refcode": "AKJV — Genesis 15:2"
      },
      {
        "para_id": "1968.743",
        "lang": "es",
        "refcode": "RVa — Génesis 15:2"
      },
      {
        "para_id": "14422.743",
        "lang": "es",
        "refcode": "RVR — Génesis 15:2"
      },
      {
        "para_id": "14421.743",
        "lang": "es",
        "refcode": "NBLA — Génesis 15:2"
      },
      {
        "para_id": "2021.743",
        "lang": "fr",
        "refcode": "Fren — Genèse 15:2"
      },
      {
        "para_id": "1966.743",
        "lang": "it",
        "refcode": "LND — Genesi 15:2"
      },
      {
        "para_id": "1970.743",
        "lang": "pl",
        "refcode": "PB — 1Mojżeszowa 15:2"
      },
      {
        "para_id": "1971.743",
        "lang": "pt",
        "refcode": "PCF — Gênesis 15:2"
      },
      {
        "para_id": "1973.743",
        "lang": "ro",
        "refcode": "NTR — Geneza 15:2"
      },
      {
        "para_id": "11165.743",
        "lang": "ro",
        "refcode": "RCCV — Geneza 15:2"
      },
      {
        "para_id": "1972.743",
        "lang": "ru",
        "refcode": "РСП — Бытие 15:2"
      },
      {
        "para_id": "14191.743",
        "lang": "tpi",
        "refcode": "BBTP — Stat 15:2"
      },
      {
        "para_id": "12318.743",
        "lang": "uk",
        "refcode": "УПО — Буття 15:2"
      },
      {
        "para_id": "1969.743",
        "lang": "zh",
        "refcode": "CHIUS — 創世記 15:2"
      }
    ]
  },
  {
    "para_id": "11143.745",
    "id_prev": "11143.743",
    "id_next": "11143.747",
    "refcode_1": "WBS",
    "refcode_2": "Genesis",
    "refcode_3": "15",
    "refcode_4": "3",
    "refcode_short": "WBS — Genesis 15:3",
    "refcode_long": "Webster’s Bible — Genesis 15:3",
    "element_type": "p",
    "element_subtype": "standard-noindent",
    "content": "<strong>3</strong> And Abram said, Behold, to me thou hast given no seed: and lo, one born in my house is my heir.",
    "puborder": 381,
    "translations": [
      {
        "para_id": "14207.745",
        "lang": "bg",
        "refcode": "ББ1940 — Битие 15:3"
      },
      {
        "para_id": "11258.745",
        "lang": "cs",
        "refcode": "CzeCEP — 1Mojžíšova 15:3"
      },
      {
        "para_id": "1967.745",
        "lang": "de",
        "refcode": "Lut — 1Mose 15:3"
      },
      {
        "para_id": "11139.745",
        "lang": "en",
        "refcode": "ASV — Genesis 15:3"
      },
      {
        "para_id": "11140.745",
        "lang": "en",
        "refcode": "DBY — Genesis 15:3"
      },
      {
        "para_id": "11142.745",
        "lang": "en",
        "refcode": "WEB — Genesis 15:3"
      },
      {
        "para_id": "14125.745",
        "lang": "en",
        "refcode": "KJRV — Genesis 15:3"
      },
      {
        "para_id": "11145.745",
        "lang": "en",
        "refcode": "AKJV — Genesis 15:3"
      },
      {
        "para_id": "14330.745",
        "lang": "en",
        "refcode": "ERV — Genesis 15:3"
      },
      {
        "para_id": "14341.745",
        "lang": "en",
        "refcode": "NET — Genesis 15:3"
      },
      {
        "para_id": "14334.745",
        "lang": "en",
        "refcode": "NKJV — Genesis 15:3"
      },
      {
        "para_id": "14336.745",
        "lang": "en",
        "refcode": "RV1885 — Genesis 15:3"
      },
      {
        "para_id": "14736.745",
        "lang": "en",
        "refcode": "NHEB — Genesis 15:3"
      },
      {
        "para_id": "14420.745",
        "lang": "en",
        "refcode": "NCV — Genesis 15:3"
      },
      {
        "para_id": "14340.745",
        "lang": "en",
        "refcode": "NIV — Genesis 15:3"
      },
      {
        "para_id": "14175.745",
        "lang": "en",
        "refcode": "KJVSD — Genesis 15:3"
      },
      {
        "para_id": "14419.745",
        "lang": "en",
        "refcode": "ICB — Genesis 15:3"
      },
      {
        "para_id": "11144.745",
        "lang": "en",
        "refcode": "YLT — Genesis 15:3"
      },
      {
        "para_id": "1965.745",
        "lang": "en",
        "refcode": "KJV — Genesis 15:3"
      },
      {
        "para_id": "14333.745",
        "lang": "en",
        "refcode": "ISV — Genesis 15:3"
      },
      {
        "para_id": "1968.745",
        "lang": "es",
        "refcode": "RVa — Génesis 15:3"
      },
      {
        "para_id": "14422.745",
        "lang": "es",
        "refcode": "RVR — Génesis 15:3"
      },
      {
        "para_id": "14421.745",
        "lang": "es",
        "refcode": "NBLA — Génesis 15:3"
      },
      {
        "para_id": "2021.745",
        "lang": "fr",
        "refcode": "Fren — Genèse 15:3"
      },
      {
        "para_id": "1966.745",
        "lang": "it",
        "refcode": "LND — Genesi 15:3"
      },
      {
        "para_id": "1970.745",
        "lang": "pl",
        "refcode": "PB — 1Mojżeszowa 15:3"
      },
      {
        "para_id": "1971.745",
        "lang": "pt",
        "refcode": "PCF — Gênesis 15:3"
      },
      {
        "para_id": "1973.745",
        "lang": "ro",
        "refcode": "NTR — Geneza 15:3"
      },
      {
        "para_id": "11165.745",
        "lang": "ro",
        "refcode": "RCCV — Geneza 15:3"
      },
      {
        "para_id": "1972.745",
        "lang": "ru",
        "refcode": "РСП — Бытие 15:3"
      },
      {
        "para_id": "14191.745",
        "lang": "tpi",
        "refcode": "BBTP — Stat 15:3"
      },
      {
        "para_id": "12318.745",
        "lang": "uk",
        "refcode": "УПО — Буття 15:3"
      },
      {
        "para_id": "1969.745",
        "lang": "zh",
        "refcode": "CHIUS — 創世記 15:3"
      }
    ]
  },
  {
    "para_id": "11143.747",
    "id_prev": "11143.745",
    "id_next": "11143.749",
    "refcode_1": "WBS",
    "refcode_2": "Genesis",
    "refcode_3": "15",
    "refcode_4": "4",
    "refcode_short": "WBS — Genesis 15:4",
    "refcode_long": "Webster’s Bible — Genesis 15:4",
    "element_type": "p",
    "element_subtype": "standard-noindent",
    "content": "<strong>4</strong> And behold, the word of the LORD came to him, saying, This shall not be thy heir; but he that shall come forth out of thy own bowels shall be thy heir.",
    "puborder": 382,
    "translations": [
      {
        "para_id": "14207.747",
        "lang": "bg",
        "refcode": "ББ1940 — Битие 15:4"
      },
      {
        "para_id": "11258.747",
        "lang": "cs",
        "refcode": "CzeCEP — 1Mojžíšova 15:4"
      },
      {
        "para_id": "1967.747",
        "lang": "de",
        "refcode": "Lut — 1Mose 15:4"
      },
      {
        "para_id": "11140.747",
        "lang": "en",
        "refcode": "DBY — Genesis 15:4"
      },
      {
        "para_id": "11139.747",
        "lang": "en",
        "refcode": "ASV — Genesis 15:4"
      },
      {
        "para_id": "14333.747",
        "lang": "en",
        "refcode": "ISV — Genesis 15:4"
      },
      {
        "para_id": "11142.747",
        "lang": "en",
        "refcode": "WEB — Genesis 15:4"
      },
      {
        "para_id": "14330.747",
        "lang": "en",
        "refcode": "ERV — Genesis 15:4"
      },
      {
        "para_id": "14419.747",
        "lang": "en",
        "refcode": "ICB — Genesis 15:4"
      },
      {
        "para_id": "11145.747",
        "lang": "en",
        "refcode": "AKJV — Genesis 15:4"
      },
      {
        "para_id": "14341.747",
        "lang": "en",
        "refcode": "NET — Genesis 15:4"
      },
      {
        "para_id": "11144.747",
        "lang": "en",
        "refcode": "YLT — Genesis 15:4"
      },
      {
        "para_id": "1965.747",
        "lang": "en",
        "refcode": "KJV — Genesis 15:4"
      },
      {
        "para_id": "14340.747",
        "lang": "en",
        "refcode": "NIV — Genesis 15:4"
      },
      {
        "para_id": "14736.747",
        "lang": "en",
        "refcode": "NHEB — Genesis 15:4"
      },
      {
        "para_id": "14334.747",
        "lang": "en",
        "refcode": "NKJV — Genesis 15:4"
      },
      {
        "para_id": "14175.747",
        "lang": "en",
        "refcode": "KJVSD — Genesis 15:4"
      },
      {
        "para_id": "14336.747",
        "lang": "en",
        "refcode": "RV1885 — Genesis 15:4"
      },
      {
        "para_id": "14125.747",
        "lang": "en",
        "refcode": "KJRV — Genesis 15:4"
      },
      {
        "para_id": "14420.747",
        "lang": "en",
        "refcode": "NCV — Genesis 15:4"
      },
      {
        "para_id": "14421.747",
        "lang": "es",
        "refcode": "NBLA — Génesis 15:4"
      },
      {
        "para_id": "1968.747",
        "lang": "es",
        "refcode": "RVa — Génesis 15:4"
      },
      {
        "para_id": "14422.747",
        "lang": "es",
        "refcode": "RVR — Génesis 15:4"
      },
      {
        "para_id": "2021.747",
        "lang": "fr",
        "refcode": "Fren — Genèse 15:4"
      },
      {
        "para_id": "1966.747",
        "lang": "it",
        "refcode": "LND — Genesi 15:4"
      },
      {
        "para_id": "1970.747",
        "lang": "pl",
        "refcode": "PB — 1Mojżeszowa 15:4"
      },
      {
        "para_id": "1971.747",
        "lang": "pt",
        "refcode": "PCF — Gênesis 15:4"
      },
      {
        "para_id": "1973.747",
        "lang": "ro",
        "refcode": "NTR — Geneza 15:4"
      },
      {
        "para_id": "11165.747",
        "lang": "ro",
        "refcode": "RCCV — Geneza 15:4"
      },
      {
        "para_id": "1972.747",
        "lang": "ru",
        "refcode": "РСП — Бытие 15:4"
      },
      {
        "para_id": "14191.747",
        "lang": "tpi",
        "refcode": "BBTP — Stat 15:4"
      },
      {
        "para_id": "12318.747",
        "lang": "uk",
        "refcode": "УПО — Буття 15:4"
      },
      {
        "para_id": "1969.747",
        "lang": "zh",
        "refcode": "CHIUS — 創世記 15:4"
      }
    ]
  },
  {
    "para_id": "11143.749",
    "id_prev": "11143.747",
    "id_next": "11143.751",
    "refcode_1": "WBS",
    "refcode_2": "Genesis",
    "refcode_3": "15",
    "refcode_4": "5",
    "refcode_short": "WBS — Genesis 15:5",
    "refcode_long": "Webster’s Bible — Genesis 15:5",
    "element_type": "p",
    "element_subtype": "standard-noindent",
    "content": "<strong>5</strong> And he brought him forth abroad, and said, Look now towards heaven, and tell the stars, if thou art able to number them: and he said to him, So shall thy seed be.",
    "puborder": 383,
    "translations": [
      {
        "para_id": "14207.749",
        "lang": "bg",
        "refcode": "ББ1940 — Битие 15:5"
      },
      {
        "para_id": "11258.749",
        "lang": "cs",
        "refcode": "CzeCEP — 1Mojžíšova 15:5"
      },
      {
        "para_id": "1967.749",
        "lang": "de",
        "refcode": "Lut — 1Mose 15:5"
      },
      {
        "para_id": "14336.749",
        "lang": "en",
        "refcode": "RV1885 — Genesis 15:5"
      },
      {
        "para_id": "11142.749",
        "lang": "en",
        "refcode": "WEB — Genesis 15:5"
      },
      {
        "para_id": "14175.749",
        "lang": "en",
        "refcode": "KJVSD — Genesis 15:5"
      },
      {
        "para_id": "14736.749",
        "lang": "en",
        "refcode": "NHEB — Genesis 15:5"
      },
      {
        "para_id": "11140.749",
        "lang": "en",
        "refcode": "DBY — Genesis 15:5"
      },
      {
        "para_id": "14420.749",
        "lang": "en",
        "refcode": "NCV — Genesis 15:5"
      },
      {
        "para_id": "14330.749",
        "lang": "en",
        "refcode": "ERV — Genesis 15:5"
      },
      {
        "para_id": "11145.749",
        "lang": "en",
        "refcode": "AKJV — Genesis 15:5"
      },
      {
        "para_id": "14419.749",
        "lang": "en",
        "refcode": "ICB — Genesis 15:5"
      },
      {
        "para_id": "11144.749",
        "lang": "en",
        "refcode": "YLT — Genesis 15:5"
      },
      {
        "para_id": "14333.749",
        "lang": "en",
        "refcode": "ISV — Genesis 15:5"
      },
      {
        "para_id": "11139.749",
        "lang": "en",
        "refcode": "ASV — Genesis 15:5"
      },
      {
        "para_id": "14341.749",
        "lang": "en",
        "refcode": "NET — Genesis 15:5"
      },
      {
        "para_id": "1965.749",
        "lang": "en",
        "refcode": "KJV — Genesis 15:5"
      },
      {
        "para_id": "14340.749",
        "lang": "en",
        "refcode": "NIV — Genesis 15:5"
      },
      {
        "para_id": "14125.749",
        "lang": "en",
        "refcode": "KJRV — Genesis 15:5"
      },
      {
        "para_id": "14334.749",
        "lang": "en",
        "refcode": "NKJV — Genesis 15:5"
      },
      {
        "para_id": "14422.749",
        "lang": "es",
        "refcode": "RVR — Génesis 15:5"
      },
      {
        "para_id": "14421.749",
        "lang": "es",
        "refcode": "NBLA — Génesis 15:5"
      },
      {
        "para_id": "1968.749",
        "lang": "es",
        "refcode": "RVa — Génesis 15:5"
      },
      {
        "para_id": "2021.749",
        "lang": "fr",
        "refcode": "Fren — Genèse 15:5"
      },
      {
        "para_id": "1966.749",
        "lang": "it",
        "refcode": "LND — Genesi 15:5"
      },
      {
        "para_id": "1970.749",
        "lang": "pl",
        "refcode": "PB — 1Mojżeszowa 15:5"
      },
      {
        "para_id": "1971.749",
        "lang": "pt",
        "refcode": "PCF — Gênesis 15:5"
      },
      {
        "para_id": "11165.749",
        "lang": "ro",
        "refcode": "RCCV — Geneza 15:5"
      },
      {
        "para_id": "1973.749",
        "lang": "ro",
        "refcode": "NTR — Geneza 15:5"
      },
      {
        "para_id": "1972.749",
        "lang": "ru",
        "refcode": "РСП — Бытие 15:5"
      },
      {
        "para_id": "14191.749",
        "lang": "tpi",
        "refcode": "BBTP — Stat 15:5"
      },
      {
        "para_id": "12318.749",
        "lang": "uk",
        "refcode": "УПО — Буття 15:5"
      },
      {
        "para_id": "1969.749",
        "lang": "zh",
        "refcode": "CHIUS — 創世記 15:5"
      }
    ]
  },
  {
    "para_id": "11143.751",
    "id_prev": "11143.749",
    "id_next": "11143.753",
    "refcode_1": "WBS",
    "refcode_2": "Genesis",
    "refcode_3": "15",
    "refcode_4": "6",
    "refcode_short": "WBS — Genesis 15:6",
    "refcode_long": "Webster’s Bible — Genesis 15:6",
    "element_type": "p",
    "element_subtype": "standard-noindent",
    "content": "<strong>6</strong> And he believed in the LORD; and he counted it to him for righteousness.",
    "puborder": 384,
    "translations": [
      {
        "para_id": "14207.751",
        "lang": "bg",
        "refcode": "ББ1940 — Битие 15:6"
      },
      {
        "para_id": "11258.751",
        "lang": "cs",
        "refcode": "CzeCEP — 1Mojžíšova 15:6"
      },
      {
        "para_id": "1967.751",
        "lang": "de",
        "refcode": "Lut — 1Mose 15:6"
      },
      {
        "para_id": "14336.751",
        "lang": "en",
        "refcode": "RV1885 — Genesis 15:6"
      },
      {
        "para_id": "14333.751",
        "lang": "en",
        "refcode": "ISV — Genesis 15:6"
      },
      {
        "para_id": "11144.751",
        "lang": "en",
        "refcode": "YLT — Genesis 15:6"
      },
      {
        "para_id": "14420.751",
        "lang": "en",
        "refcode": "NCV — Genesis 15:6"
      },
      {
        "para_id": "14125.751",
        "lang": "en",
        "refcode": "KJRV — Genesis 15:6"
      },
      {
        "para_id": "11140.751",
        "lang": "en",
        "refcode": "DBY — Genesis 15:6"
      },
      {
        "para_id": "14736.751",
        "lang": "en",
        "refcode": "NHEB — Genesis 15:6"
      },
      {
        "para_id": "11139.751",
        "lang": "en",
        "refcode": "ASV — Genesis 15:6"
      },
      {
        "para_id": "14419.751",
        "lang": "en",
        "refcode": "ICB — Genesis 15:6"
      },
      {
        "para_id": "14334.751",
        "lang": "en",
        "refcode": "NKJV — Genesis 15:6"
      },
      {
        "para_id": "14175.751",
        "lang": "en",
        "refcode": "KJVSD — Genesis 15:6"
      },
      {
        "para_id": "11145.751",
        "lang": "en",
        "refcode": "AKJV — Genesis 15:6"
      },
      {
        "para_id": "14341.751",
        "lang": "en",
        "refcode": "NET — Genesis 15:6"
      },
      {
        "para_id": "14340.751",
        "lang": "en",
        "refcode": "NIV — Genesis 15:6"
      },
      {
        "para_id": "11142.751",
        "lang": "en",
        "refcode": "WEB — Genesis 15:6"
      },
      {
        "para_id": "1965.751",
        "lang": "en",
        "refcode": "KJV — Genesis 15:6"
      },
      {
        "para_id": "14330.751",
        "lang": "en",
        "refcode": "ERV — Genesis 15:6"
      },
      {
        "para_id": "14422.751",
        "lang": "es",
        "refcode": "RVR — Génesis 15:6"
      },
      {
        "para_id": "1968.751",
        "lang": "es",
        "refcode": "RVa — Génesis 15:6"
      },
      {
        "para_id": "14421.751",
        "lang": "es",
        "refcode": "NBLA — Génesis 15:6"
      },
      {
        "para_id": "2021.751",
        "lang": "fr",
        "refcode": "Fren — Genèse 15:6"
      },
      {
        "para_id": "1966.751",
        "lang": "it",
        "refcode": "LND — Genesi 15:6"
      },
      {
        "para_id": "1970.751",
        "lang": "pl",
        "refcode": "PB — 1Mojżeszowa 15:6"
      },
      {
        "para_id": "1971.751",
        "lang": "pt",
        "refcode": "PCF — Gênesis 15:6"
      },
      {
        "para_id": "11165.751",
        "lang": "ro",
        "refcode": "RCCV — Geneza 15:6"
      },
      {
        "para_id": "1973.751",
        "lang": "ro",
        "refcode": "NTR — Geneza 15:6"
      },
      {
        "para_id": "1972.751",
        "lang": "ru",
        "refcode": "РСП — Бытие 15:6"
      },
      {
        "para_id": "14191.751",
        "lang": "tpi",
        "refcode": "BBTP — Stat 15:6"
      },
      {
        "para_id": "12318.751",
        "lang": "uk",
        "refcode": "УПО — Буття 15:6"
      },
      {
        "para_id": "1969.751",
        "lang": "zh",
        "refcode": "CHIUS — 創世記 15:6"
      }
    ]
  },
  {
    "para_id": "11143.753",
    "id_prev": "11143.751",
    "id_next": "11143.755",
    "refcode_1": "WBS",
    "refcode_2": "Genesis",
    "refcode_3": "15",
    "refcode_4": "7",
    "refcode_short": "WBS — Genesis 15:7",
    "refcode_long": "Webster’s Bible — Genesis 15:7",
    "element_type": "p",
    "element_subtype": "standard-noindent",
    "content": "<strong>7</strong> And he said to him, I am the LORD that brought thee out of Ur of the Chaldees, to give thee this land to inherit it.",
    "puborder": 385,
    "translations": [
      {
        "para_id": "14207.753",
        "lang": "bg",
        "refcode": "ББ1940 — Битие 15:7"
      },
      {
        "para_id": "11258.753",
        "lang": "cs",
        "refcode": "CzeCEP — 1Mojžíšova 15:7"
      },
      {
        "para_id": "1967.753",
        "lang": "de",
        "refcode": "Lut — 1Mose 15:7"
      },
      {
        "para_id": "14175.753",
        "lang": "en",
        "refcode": "KJVSD — Genesis 15:7"
      },
      {
        "para_id": "11144.753",
        "lang": "en",
        "refcode": "YLT — Genesis 15:7"
      },
      {
        "para_id": "14336.753",
        "lang": "en",
        "refcode": "RV1885 — Genesis 15:7"
      },
      {
        "para_id": "11145.753",
        "lang": "en",
        "refcode": "AKJV — Genesis 15:7"
      },
      {
        "para_id": "11140.753",
        "lang": "en",
        "refcode": "DBY — Genesis 15:7"
      },
      {
        "para_id": "11139.753",
        "lang": "en",
        "refcode": "ASV — Genesis 15:7"
      },
      {
        "para_id": "11142.753",
        "lang": "en",
        "refcode": "WEB — Genesis 15:7"
      },
      {
        "para_id": "14330.753",
        "lang": "en",
        "refcode": "ERV — Genesis 15:7"
      },
      {
        "para_id": "14419.753",
        "lang": "en",
        "refcode": "ICB — Genesis 15:7"
      },
      {
        "para_id": "14736.753",
        "lang": "en",
        "refcode": "NHEB — Genesis 15:7"
      },
      {
        "para_id": "1965.753",
        "lang": "en",
        "refcode": "KJV — Genesis 15:7"
      },
      {
        "para_id": "14125.753",
        "lang": "en",
        "refcode": "KJRV — Genesis 15:7"
      },
      {
        "para_id": "14420.753",
        "lang": "en",
        "refcode": "NCV — Genesis 15:7"
      },
      {
        "para_id": "14341.753",
        "lang": "en",
        "refcode": "NET — Genesis 15:7"
      },
      {
        "para_id": "14334.753",
        "lang": "en",
        "refcode": "NKJV — Genesis 15:7"
      },
      {
        "para_id": "14333.753",
        "lang": "en",
        "refcode": "ISV — Genesis 15:7"
      },
      {
        "para_id": "14340.753",
        "lang": "en",
        "refcode": "NIV — Genesis 15:7"
      },
      {
        "para_id": "1968.753",
        "lang": "es",
        "refcode": "RVa — Génesis 15:7"
      },
      {
        "para_id": "14422.753",
        "lang": "es",
        "refcode": "RVR — Génesis 15:7"
      },
      {
        "para_id": "14421.753",
        "lang": "es",
        "refcode": "NBLA — Génesis 15:7"
      },
      {
        "para_id": "2021.753",
        "lang": "fr",
        "refcode": "Fren — Genèse 15:7"
      },
      {
        "para_id": "1966.753",
        "lang": "it",
        "refcode": "LND — Genesi 15:7"
      },
      {
        "para_id": "1970.753",
        "lang": "pl",
        "refcode": "PB — 1Mojżeszowa 15:7"
      },
      {
        "para_id": "1971.753",
        "lang": "pt",
        "refcode": "PCF — Gênesis 15:7"
      },
      {
        "para_id": "11165.753",
        "lang": "ro",
        "refcode": "RCCV — Geneza 15:7"
      },
      {
        "para_id": "1973.753",
        "lang": "ro",
        "refcode": "NTR — Geneza 15:7"
      },
      {
        "para_id": "1972.753",
        "lang": "ru",
        "refcode": "РСП — Бытие 15:7"
      },
      {
        "para_id": "14191.753",
        "lang": "tpi",
        "refcode": "BBTP — Stat 15:7"
      },
      {
        "para_id": "12318.753",
        "lang": "uk",
        "refcode": "УПО — Буття 15:7"
      },
      {
        "para_id": "1969.753",
        "lang": "zh",
        "refcode": "CHIUS — 創世記 15:7"
      }
    ]
  },
  {
    "para_id": "11143.755",
    "id_prev": "11143.753",
    "id_next": "11143.757",
    "refcode_1": "WBS",
    "refcode_2": "Genesis",
    "refcode_3": "15",
    "refcode_4": "8",
    "refcode_short": "WBS — Genesis 15:8",
    "refcode_long": "Webster’s Bible — Genesis 15:8",
    "element_type": "p",
    "element_subtype": "standard-noindent",
    "content": "<strong>8</strong> And he said, Lord GOD, by what shall I know that I shall inherit it?",
    "puborder": 386,
    "translations": [
      {
        "para_id": "14207.755",
        "lang": "bg",
        "refcode": "ББ1940 — Битие 15:8"
      },
      {
        "para_id": "11258.755",
        "lang": "cs",
        "refcode": "CzeCEP — 1Mojžíšova 15:8"
      },
      {
        "para_id": "1967.755",
        "lang": "de",
        "refcode": "Lut — 1Mose 15:8"
      },
      {
        "para_id": "14340.755",
        "lang": "en",
        "refcode": "NIV — Genesis 15:8"
      },
      {
        "para_id": "14330.755",
        "lang": "en",
        "refcode": "ERV — Genesis 15:8"
      },
      {
        "para_id": "11140.755",
        "lang": "en",
        "refcode": "DBY — Genesis 15:8"
      },
      {
        "para_id": "14736.755",
        "lang": "en",
        "refcode": "NHEB — Genesis 15:8"
      },
      {
        "para_id": "11145.755",
        "lang": "en",
        "refcode": "AKJV — Genesis 15:8"
      },
      {
        "para_id": "11144.755",
        "lang": "en",
        "refcode": "YLT — Genesis 15:8"
      },
      {
        "para_id": "14334.755",
        "lang": "en",
        "refcode": "NKJV — Genesis 15:8"
      },
      {
        "para_id": "14420.755",
        "lang": "en",
        "refcode": "NCV — Genesis 15:8"
      },
      {
        "para_id": "11139.755",
        "lang": "en",
        "refcode": "ASV — Genesis 15:8"
      },
      {
        "para_id": "14341.755",
        "lang": "en",
        "refcode": "NET — Genesis 15:8"
      },
      {
        "para_id": "14125.755",
        "lang": "en",
        "refcode": "KJRV — Genesis 15:8"
      },
      {
        "para_id": "14333.755",
        "lang": "en",
        "refcode": "ISV — Genesis 15:8"
      },
      {
        "para_id": "11142.755",
        "lang": "en",
        "refcode": "WEB — Genesis 15:8"
      },
      {
        "para_id": "14175.755",
        "lang": "en",
        "refcode": "KJVSD — Genesis 15:8"
      },
      {
        "para_id": "1965.755",
        "lang": "en",
        "refcode": "KJV — Genesis 15:8"
      },
      {
        "para_id": "14336.755",
        "lang": "en",
        "refcode": "RV1885 — Genesis 15:8"
      },
      {
        "para_id": "14419.755",
        "lang": "en",
        "refcode": "ICB — Genesis 15:8"
      },
      {
        "para_id": "14422.755",
        "lang": "es",
        "refcode": "RVR — Génesis 15:8"
      },
      {
        "para_id": "14421.755",
        "lang": "es",
        "refcode": "NBLA — Génesis 15:8"
      },
      {
        "para_id": "1968.755",
        "lang": "es",
        "refcode": "RVa — Génesis 15:8"
      },
      {
        "para_id": "2021.755",
        "lang": "fr",
        "refcode": "Fren — Genèse 15:8"
      },
      {
        "para_id": "1966.755",
        "lang": "it",
        "refcode": "LND — Genesi 15:8"
      },
      {
        "para_id": "1970.755",
        "lang": "pl",
        "refcode": "PB — 1Mojżeszowa 15:8"
      },
      {
        "para_id": "1971.755",
        "lang": "pt",
        "refcode": "PCF — Gênesis 15:8"
      },
      {
        "para_id": "1973.755",
        "lang": "ro",
        "refcode": "NTR — Geneza 15:8"
      },
      {
        "para_id": "11165.755",
        "lang": "ro",
        "refcode": "RCCV — Geneza 15:8"
      },
      {
        "para_id": "1972.755",
        "lang": "ru",
        "refcode": "РСП — Бытие 15:8"
      },
      {
        "para_id": "14191.755",
        "lang": "tpi",
        "refcode": "BBTP — Stat 15:8"
      },
      {
        "para_id": "12318.755",
        "lang": "uk",
        "refcode": "УПО — Буття 15:8"
      },
      {
        "para_id": "1969.755",
        "lang": "zh",
        "refcode": "CHIUS — 創世記 15:8"
      }
    ]
  },
  {
    "para_id": "11143.757",
    "id_prev": "11143.755",
    "id_next": "11143.759",
    "refcode_1": "WBS",
    "refcode_2": "Genesis",
    "refcode_3": "15",
    "refcode_4": "9",
    "refcode_short": "WBS — Genesis 15:9",
    "refcode_long": "Webster’s Bible — Genesis 15:9",
    "element_type": "p",
    "element_subtype": "standard-noindent",
    "content": "<strong>9</strong> And he said to him, Take me a heifer of three years old, and a she-goat of three years old, and a ram of three years old, and a turtle-dove, and a young pigeon.",
    "puborder": 387,
    "translations": [
      {
        "para_id": "14207.757",
        "lang": "bg",
        "refcode": "ББ1940 — Битие 15:9"
      },
      {
        "para_id": "11258.757",
        "lang": "cs",
        "refcode": "CzeCEP — 1Mojžíšova 15:9"
      },
      {
        "para_id": "1967.757",
        "lang": "de",
        "refcode": "Lut — 1Mose 15:9"
      },
      {
        "para_id": "14340.757",
        "lang": "en",
        "refcode": "NIV — Genesis 15:9"
      },
      {
        "para_id": "14736.757",
        "lang": "en",
        "refcode": "NHEB — Genesis 15:9"
      },
      {
        "para_id": "14336.757",
        "lang": "en",
        "refcode": "RV1885 — Genesis 15:9"
      },
      {
        "para_id": "14420.757",
        "lang": "en",
        "refcode": "NCV — Genesis 15:9"
      },
      {
        "para_id": "14175.757",
        "lang": "en",
        "refcode": "KJVSD — Genesis 15:9"
      },
      {
        "para_id": "14125.757",
        "lang": "en",
        "refcode": "KJRV — Genesis 15:9"
      },
      {
        "para_id": "14333.757",
        "lang": "en",
        "refcode": "ISV — Genesis 15:9"
      },
      {
        "para_id": "14341.757",
        "lang": "en",
        "refcode": "NET — Genesis 15:9"
      },
      {
        "para_id": "14330.757",
        "lang": "en",
        "refcode": "ERV — Genesis 15:9"
      },
      {
        "para_id": "11139.757",
        "lang": "en",
        "refcode": "ASV — Genesis 15:9"
      },
      {
        "para_id": "11144.757",
        "lang": "en",
        "refcode": "YLT — Genesis 15:9"
      },
      {
        "para_id": "11140.757",
        "lang": "en",
        "refcode": "DBY — Genesis 15:9"
      },
      {
        "para_id": "11142.757",
        "lang": "en",
        "refcode": "WEB — Genesis 15:9"
      },
      {
        "para_id": "14334.757",
        "lang": "en",
        "refcode": "NKJV — Genesis 15:9"
      },
      {
        "para_id": "11145.757",
        "lang": "en",
        "refcode": "AKJV — Genesis 15:9"
      },
      {
        "para_id": "14419.757",
        "lang": "en",
        "refcode": "ICB — Genesis 15:9"
      },
      {
        "para_id": "1965.757",
        "lang": "en",
        "refcode": "KJV — Genesis 15:9"
      },
      {
        "para_id": "14422.757",
        "lang": "es",
        "refcode": "RVR — Génesis 15:9"
      },
      {
        "para_id": "1968.757",
        "lang": "es",
        "refcode": "RVa — Génesis 15:9"
      },
      {
        "para_id": "14421.757",
        "lang": "es",
        "refcode": "NBLA — Génesis 15:9"
      },
      {
        "para_id": "2021.757",
        "lang": "fr",
        "refcode": "Fren — Genèse 15:9"
      },
      {
        "para_id": "1966.757",
        "lang": "it",
        "refcode": "LND — Genesi 15:9"
      },
      {
        "para_id": "1970.757",
        "lang": "pl",
        "refcode": "PB — 1Mojżeszowa 15:9"
      },
      {
        "para_id": "1971.757",
        "lang": "pt",
        "refcode": "PCF — Gênesis 15:9"
      },
      {
        "para_id": "11165.757",
        "lang": "ro",
        "refcode": "RCCV — Geneza 15:9"
      },
      {
        "para_id": "1973.757",
        "lang": "ro",
        "refcode": "NTR — Geneza 15:9"
      },
      {
        "para_id": "1972.757",
        "lang": "ru",
        "refcode": "РСП — Бытие 15:9"
      },
      {
        "para_id": "14191.757",
        "lang": "tpi",
        "refcode": "BBTP — Stat 15:9"
      },
      {
        "para_id": "12318.757",
        "lang": "uk",
        "refcode": "УПО — Буття 15:9"
      },
      {
        "para_id": "1969.757",
        "lang": "zh",
        "refcode": "CHIUS — 創世記 15:9"
      }
    ]
  },
  {
    "para_id": "11143.759",
    "id_prev": "11143.757",
    "id_next": "11143.761",
    "refcode_1": "WBS",
    "refcode_2": "Genesis",
    "refcode_3": "15",
    "refcode_4": "10",
    "refcode_short": "WBS — Genesis 15:10",
    "refcode_long": "Webster’s Bible — Genesis 15:10",
    "element_type": "p",
    "element_subtype": "standard-noindent",
    "content": "<strong>10</strong> And he took to him all these, and divided them in the midst, and laid each piece one against another: but the birds he did not divide.",
    "puborder": 388,
    "translations": [
      {
        "para_id": "14207.759",
        "lang": "bg",
        "refcode": "ББ1940 — Битие 15:10"
      },
      {
        "para_id": "11258.759",
        "lang": "cs",
        "refcode": "CzeCEP — 1Mojžíšova 15:10"
      },
      {
        "para_id": "1967.759",
        "lang": "de",
        "refcode": "Lut — 1Mose 15:10"
      },
      {
        "para_id": "11142.759",
        "lang": "en",
        "refcode": "WEB — Genesis 15:10"
      },
      {
        "para_id": "14336.759",
        "lang": "en",
        "refcode": "RV1885 — Genesis 15:10"
      },
      {
        "para_id": "14340.759",
        "lang": "en",
        "refcode": "NIV — Genesis 15:10"
      },
      {
        "para_id": "14334.759",
        "lang": "en",
        "refcode": "NKJV — Genesis 15:10"
      },
      {
        "para_id": "14125.759",
        "lang": "en",
        "refcode": "KJRV — Genesis 15:10"
      },
      {
        "para_id": "11145.759",
        "lang": "en",
        "refcode": "AKJV — Genesis 15:10"
      },
      {
        "para_id": "11139.759",
        "lang": "en",
        "refcode": "ASV — Genesis 15:10"
      },
      {
        "para_id": "14736.759",
        "lang": "en",
        "refcode": "NHEB — Genesis 15:10"
      },
      {
        "para_id": "14419.759",
        "lang": "en",
        "refcode": "ICB — Genesis 15:10"
      },
      {
        "para_id": "14333.759",
        "lang": "en",
        "refcode": "ISV — Genesis 15:10"
      },
      {
        "para_id": "1965.759",
        "lang": "en",
        "refcode": "KJV — Genesis 15:10"
      },
      {
        "para_id": "11144.759",
        "lang": "en",
        "refcode": "YLT — Genesis 15:10"
      },
      {
        "para_id": "11140.759",
        "lang": "en",
        "refcode": "DBY — Genesis 15:10"
      },
      {
        "para_id": "14330.759",
        "lang": "en",
        "refcode": "ERV — Genesis 15:10"
      },
      {
        "para_id": "14341.759",
        "lang": "en",
        "refcode": "NET — Genesis 15:10"
      },
      {
        "para_id": "14175.759",
        "lang": "en",
        "refcode": "KJVSD — Genesis 15:10"
      },
      {
        "para_id": "14420.759",
        "lang": "en",
        "refcode": "NCV — Genesis 15:10"
      },
      {
        "para_id": "14422.759",
        "lang": "es",
        "refcode": "RVR — Génesis 15:10"
      },
      {
        "para_id": "14421.759",
        "lang": "es",
        "refcode": "NBLA — Génesis 15:10"
      },
      {
        "para_id": "1968.759",
        "lang": "es",
        "refcode": "RVa — Génesis 15:10"
      },
      {
        "para_id": "2021.759",
        "lang": "fr",
        "refcode": "Fren — Genèse 15:10"
      },
      {
        "para_id": "1966.759",
        "lang": "it",
        "refcode": "LND — Genesi 15:10"
      },
      {
        "para_id": "1970.759",
        "lang": "pl",
        "refcode": "PB — 1Mojżeszowa 15:10"
      },
      {
        "para_id": "1971.759",
        "lang": "pt",
        "refcode": "PCF — Gênesis 15:10"
      },
      {
        "para_id": "1973.759",
        "lang": "ro",
        "refcode": "NTR — Geneza 15:10"
      },
      {
        "para_id": "11165.759",
        "lang": "ro",
        "refcode": "RCCV — Geneza 15:10"
      },
      {
        "para_id": "1972.759",
        "lang": "ru",
        "refcode": "РСП — Бытие 15:10"
      },
      {
        "para_id": "14191.759",
        "lang": "tpi",
        "refcode": "BBTP — Stat 15:10"
      },
      {
        "para_id": "12318.759",
        "lang": "uk",
        "refcode": "УПО — Буття 15:10"
      },
      {
        "para_id": "1969.759",
        "lang": "zh",
        "refcode": "CHIUS — 創世記 15:10"
      }
    ]
  },
  {
    "para_id": "11143.761",
    "id_prev": "11143.759",
    "id_next": "11143.763",
    "refcode_1": "WBS",
    "refcode_2": "Genesis",
    "refcode_3": "15",
    "refcode_4": "11",
    "refcode_short": "WBS — Genesis 15:11",
    "refcode_long": "Webster’s Bible — Genesis 15:11",
    "element_type": "p",
    "element_subtype": "standard-noindent",
    "content": "<strong>11</strong> And when the fowls came down upon the carcases, Abram drove them away.",
    "puborder": 389,
    "translations": [
      {
        "para_id": "14207.761",
        "lang": "bg",
        "refcode": "ББ1940 — Битие 15:11"
      },
      {
        "para_id": "11258.761",
        "lang": "cs",
        "refcode": "CzeCEP — 1Mojžíšova 15:11"
      },
      {
        "para_id": "1967.761",
        "lang": "de",
        "refcode": "Lut — 1Mose 15:11"
      },
      {
        "para_id": "14336.761",
        "lang": "en",
        "refcode": "RV1885 — Genesis 15:11"
      },
      {
        "para_id": "11140.761",
        "lang": "en",
        "refcode": "DBY — Genesis 15:11"
      },
      {
        "para_id": "14330.761",
        "lang": "en",
        "refcode": "ERV — Genesis 15:11"
      },
      {
        "para_id": "11145.761",
        "lang": "en",
        "refcode": "AKJV — Genesis 15:11"
      },
      {
        "para_id": "14125.761",
        "lang": "en",
        "refcode": "KJRV — Genesis 15:11"
      },
      {
        "para_id": "14736.761",
        "lang": "en",
        "refcode": "NHEB — Genesis 15:11"
      },
      {
        "para_id": "14420.761",
        "lang": "en",
        "refcode": "NCV — Genesis 15:11"
      },
      {
        "para_id": "14340.761",
        "lang": "en",
        "refcode": "NIV — Genesis 15:11"
      },
      {
        "para_id": "14419.761",
        "lang": "en",
        "refcode": "ICB — Genesis 15:11"
      },
      {
        "para_id": "11139.761",
        "lang": "en",
        "refcode": "ASV — Genesis 15:11"
      },
      {
        "para_id": "14334.761",
        "lang": "en",
        "refcode": "NKJV — Genesis 15:11"
      },
      {
        "para_id": "1965.761",
        "lang": "en",
        "refcode": "KJV — Genesis 15:11"
      },
      {
        "para_id": "14175.761",
        "lang": "en",
        "refcode": "KJVSD — Genesis 15:11"
      },
      {
        "para_id": "14333.761",
        "lang": "en",
        "refcode": "ISV — Genesis 15:11"
      },
      {
        "para_id": "11144.761",
        "lang": "en",
        "refcode": "YLT — Genesis 15:11"
      },
      {
        "para_id": "14341.761",
        "lang": "en",
        "refcode": "NET — Genesis 15:11"
      },
      {
        "para_id": "11142.761",
        "lang": "en",
        "refcode": "WEB — Genesis 15:11"
      },
      {
        "para_id": "14421.761",
        "lang": "es",
        "refcode": "NBLA — Génesis 15:11"
      },
      {
        "para_id": "14422.761",
        "lang": "es",
        "refcode": "RVR — Génesis 15:11"
      },
      {
        "para_id": "1968.761",
        "lang": "es",
        "refcode": "RVa — Génesis 15:11"
      },
      {
        "para_id": "2021.761",
        "lang": "fr",
        "refcode": "Fren — Genèse 15:11"
      },
      {
        "para_id": "1966.761",
        "lang": "it",
        "refcode": "LND — Genesi 15:11"
      },
      {
        "para_id": "1970.761",
        "lang": "pl",
        "refcode": "PB — 1Mojżeszowa 15:11"
      },
      {
        "para_id": "1971.761",
        "lang": "pt",
        "refcode": "PCF — Gênesis 15:11"
      },
      {
        "para_id": "1973.761",
        "lang": "ro",
        "refcode": "NTR — Geneza 15:11"
      },
      {
        "para_id": "11165.761",
        "lang": "ro",
        "refcode": "RCCV — Geneza 15:11"
      },
      {
        "para_id": "1972.761",
        "lang": "ru",
        "refcode": "РСП — Бытие 15:11"
      },
      {
        "para_id": "14191.761",
        "lang": "tpi",
        "refcode": "BBTP — Stat 15:11"
      },
      {
        "para_id": "12318.761",
        "lang": "uk",
        "refcode": "УПО — Буття 15:11"
      },
      {
        "para_id": "1969.761",
        "lang": "zh",
        "refcode": "CHIUS — 創世記 15:11"
      }
    ]
  },
  {
    "para_id": "11143.763",
    "id_prev": "11143.761",
    "id_next": "11143.765",
    "refcode_1": "WBS",
    "refcode_2": "Genesis",
    "refcode_3": "15",
    "refcode_4": "12",
    "refcode_short": "WBS — Genesis 15:12",
    "refcode_long": "Webster’s Bible — Genesis 15:12",
    "element_type": "p",
    "element_subtype": "standard-noindent",
    "content": "<strong>12</strong> And when the sun was going down, a deep sleep fell upon Abram; and lo, a horror of great darkness fell upon him.",
    "puborder": 390,
    "translations": [
      {
        "para_id": "14207.763",
        "lang": "bg",
        "refcode": "ББ1940 — Битие 15:12"
      },
      {
        "para_id": "11258.763",
        "lang": "cs",
        "refcode": "CzeCEP — 1Mojžíšova 15:12"
      },
      {
        "para_id": "1967.763",
        "lang": "de",
        "refcode": "Lut — 1Mose 15:12"
      },
      {
        "para_id": "14333.763",
        "lang": "en",
        "refcode": "ISV — Genesis 15:12"
      },
      {
        "para_id": "11142.763",
        "lang": "en",
        "refcode": "WEB — Genesis 15:12"
      },
      {
        "para_id": "14175.763",
        "lang": "en",
        "refcode": "KJVSD — Genesis 15:12"
      },
      {
        "para_id": "11145.763",
        "lang": "en",
        "refcode": "AKJV — Genesis 15:12"
      },
      {
        "para_id": "14341.763",
        "lang": "en",
        "refcode": "NET — Genesis 15:12"
      },
      {
        "para_id": "14125.763",
        "lang": "en",
        "refcode": "KJRV — Genesis 15:12"
      },
      {
        "para_id": "14736.763",
        "lang": "en",
        "refcode": "NHEB — Genesis 15:12"
      },
      {
        "para_id": "14334.763",
        "lang": "en",
        "refcode": "NKJV — Genesis 15:12"
      },
      {
        "para_id": "14340.763",
        "lang": "en",
        "refcode": "NIV — Genesis 15:12"
      },
      {
        "para_id": "14419.763",
        "lang": "en",
        "refcode": "ICB — Genesis 15:12"
      },
      {
        "para_id": "14420.763",
        "lang": "en",
        "refcode": "NCV — Genesis 15:12"
      },
      {
        "para_id": "14336.763",
        "lang": "en",
        "refcode": "RV1885 — Genesis 15:12"
      },
      {
        "para_id": "14330.763",
        "lang": "en",
        "refcode": "ERV — Genesis 15:12"
      },
      {
        "para_id": "11144.763",
        "lang": "en",
        "refcode": "YLT — Genesis 15:12"
      },
      {
        "para_id": "11140.763",
        "lang": "en",
        "refcode": "DBY — Genesis 15:12"
      },
      {
        "para_id": "11139.763",
        "lang": "en",
        "refcode": "ASV — Genesis 15:12"
      },
      {
        "para_id": "1965.763",
        "lang": "en",
        "refcode": "KJV — Genesis 15:12"
      },
      {
        "para_id": "14421.763",
        "lang": "es",
        "refcode": "NBLA — Génesis 15:12"
      },
      {
        "para_id": "1968.763",
        "lang": "es",
        "refcode": "RVa — Génesis 15:12"
      },
      {
        "para_id": "14422.763",
        "lang": "es",
        "refcode": "RVR — Génesis 15:12"
      },
      {
        "para_id": "2021.763",
        "lang": "fr",
        "refcode": "Fren — Genèse 15:12"
      },
      {
        "para_id": "1966.763",
        "lang": "it",
        "refcode": "LND — Genesi 15:12"
      },
      {
        "para_id": "1970.763",
        "lang": "pl",
        "refcode": "PB — 1Mojżeszowa 15:12"
      },
      {
        "para_id": "1971.763",
        "lang": "pt",
        "refcode": "PCF — Gênesis 15:12"
      },
      {
        "para_id": "1973.763",
        "lang": "ro",
        "refcode": "NTR — Geneza 15:12"
      },
      {
        "para_id": "11165.763",
        "lang": "ro",
        "refcode": "RCCV — Geneza 15:12"
      },
      {
        "para_id": "1972.763",
        "lang": "ru",
        "refcode": "РСП — Бытие 15:12"
      },
      {
        "para_id": "14191.763",
        "lang": "tpi",
        "refcode": "BBTP — Stat 15:12"
      },
      {
        "para_id": "12318.763",
        "lang": "uk",
        "refcode": "УПО — Буття 15:12"
      },
      {
        "para_id": "1969.763",
        "lang": "zh",
        "refcode": "CHIUS — 創世記 15:12"
      }
    ]
  },
  {
    "para_id": "11143.765",
    "id_prev": "11143.763",
    "id_next": "11143.767",
    "refcode_1": "WBS",
    "refcode_2": "Genesis",
    "refcode_3": "15",
    "refcode_4": "13",
    "refcode_short": "WBS — Genesis 15:13",
    "refcode_long": "Webster’s Bible — Genesis 15:13",
    "element_type": "p",
    "element_subtype": "standard-noindent",
    "content": "<strong>13</strong> And he said to Abram, Know certainly that thy seed shall be a stranger in a land that is not theirs, and shall serve them; and they shall afflict them four hundred years;",
    "puborder": 391,
    "translations": [
      {
        "para_id": "14207.765",
        "lang": "bg",
        "refcode": "ББ1940 — Битие 15:13"
      },
      {
        "para_id": "11258.765",
        "lang": "cs",
        "refcode": "CzeCEP — 1Mojžíšova 15:13"
      },
      {
        "para_id": "1967.765",
        "lang": "de",
        "refcode": "Lut — 1Mose 15:13"
      },
      {
        "para_id": "14125.765",
        "lang": "en",
        "refcode": "KJRV — Genesis 15:13"
      },
      {
        "para_id": "14419.765",
        "lang": "en",
        "refcode": "ICB — Genesis 15:13"
      },
      {
        "para_id": "14341.765",
        "lang": "en",
        "refcode": "NET — Genesis 15:13"
      },
      {
        "para_id": "11139.765",
        "lang": "en",
        "refcode": "ASV — Genesis 15:13"
      },
      {
        "para_id": "14736.765",
        "lang": "en",
        "refcode": "NHEB — Genesis 15:13"
      },
      {
        "para_id": "14333.765",
        "lang": "en",
        "refcode": "ISV — Genesis 15:13"
      },
      {
        "para_id": "11140.765",
        "lang": "en",
        "refcode": "DBY — Genesis 15:13"
      },
      {
        "para_id": "14420.765",
        "lang": "en",
        "refcode": "NCV — Genesis 15:13"
      },
      {
        "para_id": "14340.765",
        "lang": "en",
        "refcode": "NIV — Genesis 15:13"
      },
      {
        "para_id": "14330.765",
        "lang": "en",
        "refcode": "ERV — Genesis 15:13"
      },
      {
        "para_id": "14334.765",
        "lang": "en",
        "refcode": "NKJV — Genesis 15:13"
      },
      {
        "para_id": "1965.765",
        "lang": "en",
        "refcode": "KJV — Genesis 15:13"
      },
      {
        "para_id": "11144.765",
        "lang": "en",
        "refcode": "YLT — Genesis 15:13"
      },
      {
        "para_id": "11145.765",
        "lang": "en",
        "refcode": "AKJV — Genesis 15:13"
      },
      {
        "para_id": "11142.765",
        "lang": "en",
        "refcode": "WEB — Genesis 15:13"
      },
      {
        "para_id": "14175.765",
        "lang": "en",
        "refcode": "KJVSD — Genesis 15:13"
      },
      {
        "para_id": "14336.765",
        "lang": "en",
        "refcode": "RV1885 — Genesis 15:13"
      },
      {
        "para_id": "14421.765",
        "lang": "es",
        "refcode": "NBLA — Génesis 15:13"
      },
      {
        "para_id": "14422.765",
        "lang": "es",
        "refcode": "RVR — Génesis 15:13"
      },
      {
        "para_id": "1968.765",
        "lang": "es",
        "refcode": "RVa — Génesis 15:13"
      },
      {
        "para_id": "2021.765",
        "lang": "fr",
        "refcode": "Fren — Genèse 15:13"
      },
      {
        "para_id": "1966.765",
        "lang": "it",
        "refcode": "LND — Genesi 15:13"
      },
      {
        "para_id": "1970.765",
        "lang": "pl",
        "refcode": "PB — 1Mojżeszowa 15:13"
      },
      {
        "para_id": "1971.765",
        "lang": "pt",
        "refcode": "PCF — Gênesis 15:13"
      },
      {
        "para_id": "1973.765",
        "lang": "ro",
        "refcode": "NTR — Geneza 15:13"
      },
      {
        "para_id": "11165.765",
        "lang": "ro",
        "refcode": "RCCV — Geneza 15:13"
      },
      {
        "para_id": "1972.765",
        "lang": "ru",
        "refcode": "РСП — Бытие 15:13"
      },
      {
        "para_id": "14191.765",
        "lang": "tpi",
        "refcode": "BBTP — Stat 15:13"
      },
      {
        "para_id": "12318.765",
        "lang": "uk",
        "refcode": "УПО — Буття 15:13"
      },
      {
        "para_id": "1969.765",
        "lang": "zh",
        "refcode": "CHIUS — 創世記 15:13"
      }
    ]
  },
  {
    "para_id": "11143.767",
    "id_prev": "11143.765",
    "id_next": "11143.769",
    "refcode_1": "WBS",
    "refcode_2": "Genesis",
    "refcode_3": "15",
    "refcode_4": "14",
    "refcode_short": "WBS — Genesis 15:14",
    "refcode_long": "Webster’s Bible — Genesis 15:14",
    "element_type": "p",
    "element_subtype": "standard-noindent",
    "content": "<strong>14</strong> And also that nation which they shall serve, will I judge: and afterward shall they come out with great substance.",
    "puborder": 392,
    "translations": [
      {
        "para_id": "14207.767",
        "lang": "bg",
        "refcode": "ББ1940 — Битие 15:14"
      },
      {
        "para_id": "11258.767",
        "lang": "cs",
        "refcode": "CzeCEP — 1Mojžíšova 15:14"
      },
      {
        "para_id": "1967.767",
        "lang": "de",
        "refcode": "Lut — 1Mose 15:14"
      },
      {
        "para_id": "14340.767",
        "lang": "en",
        "refcode": "NIV — Genesis 15:14"
      },
      {
        "para_id": "11139.767",
        "lang": "en",
        "refcode": "ASV — Genesis 15:14"
      },
      {
        "para_id": "11142.767",
        "lang": "en",
        "refcode": "WEB — Genesis 15:14"
      },
      {
        "para_id": "14334.767",
        "lang": "en",
        "refcode": "NKJV — Genesis 15:14"
      },
      {
        "para_id": "11144.767",
        "lang": "en",
        "refcode": "YLT — Genesis 15:14"
      },
      {
        "para_id": "14125.767",
        "lang": "en",
        "refcode": "KJRV — Genesis 15:14"
      },
      {
        "para_id": "14341.767",
        "lang": "en",
        "refcode": "NET — Genesis 15:14"
      },
      {
        "para_id": "14330.767",
        "lang": "en",
        "refcode": "ERV — Genesis 15:14"
      },
      {
        "para_id": "14333.767",
        "lang": "en",
        "refcode": "ISV — Genesis 15:14"
      },
      {
        "para_id": "14736.767",
        "lang": "en",
        "refcode": "NHEB — Genesis 15:14"
      },
      {
        "para_id": "1965.767",
        "lang": "en",
        "refcode": "KJV — Genesis 15:14"
      },
      {
        "para_id": "14419.767",
        "lang": "en",
        "refcode": "ICB — Genesis 15:14"
      },
      {
        "para_id": "14175.767",
        "lang": "en",
        "refcode": "KJVSD — Genesis 15:14"
      },
      {
        "para_id": "11140.767",
        "lang": "en",
        "refcode": "DBY — Genesis 15:14"
      },
      {
        "para_id": "11145.767",
        "lang": "en",
        "refcode": "AKJV — Genesis 15:14"
      },
      {
        "para_id": "14336.767",
        "lang": "en",
        "refcode": "RV1885 — Genesis 15:14"
      },
      {
        "para_id": "14420.767",
        "lang": "en",
        "refcode": "NCV — Genesis 15:14"
      },
      {
        "para_id": "1968.767",
        "lang": "es",
        "refcode": "RVa — Génesis 15:14"
      },
      {
        "para_id": "14422.767",
        "lang": "es",
        "refcode": "RVR — Génesis 15:14"
      },
      {
        "para_id": "14421.767",
        "lang": "es",
        "refcode": "NBLA — Génesis 15:14"
      },
      {
        "para_id": "2021.767",
        "lang": "fr",
        "refcode": "Fren — Genèse 15:14"
      },
      {
        "para_id": "1966.767",
        "lang": "it",
        "refcode": "LND — Genesi 15:14"
      },
      {
        "para_id": "1970.767",
        "lang": "pl",
        "refcode": "PB — 1Mojżeszowa 15:14"
      },
      {
        "para_id": "1971.767",
        "lang": "pt",
        "refcode": "PCF — Gênesis 15:14"
      },
      {
        "para_id": "1973.767",
        "lang": "ro",
        "refcode": "NTR — Geneza 15:14"
      },
      {
        "para_id": "11165.767",
        "lang": "ro",
        "refcode": "RCCV — Geneza 15:14"
      },
      {
        "para_id": "1972.767",
        "lang": "ru",
        "refcode": "РСП — Бытие 15:14"
      },
      {
        "para_id": "14191.767",
        "lang": "tpi",
        "refcode": "BBTP — Stat 15:14"
      },
      {
        "para_id": "12318.767",
        "lang": "uk",
        "refcode": "УПО — Буття 15:14"
      },
      {
        "para_id": "1969.767",
        "lang": "zh",
        "refcode": "CHIUS — 創世記 15:14"
      }
    ]
  },
  {
    "para_id": "11143.769",
    "id_prev": "11143.767",
    "id_next": "11143.771",
    "refcode_1": "WBS",
    "refcode_2": "Genesis",
    "refcode_3": "15",
    "refcode_4": "15",
    "refcode_short": "WBS — Genesis 15:15",
    "refcode_long": "Webster’s Bible — Genesis 15:15",
    "element_type": "p",
    "element_subtype": "standard-noindent",
    "content": "<strong>15</strong> And thou shalt go to thy fathers in peace; thou shalt be buried in a good old age.",
    "puborder": 393,
    "translations": [
      {
        "para_id": "14207.769",
        "lang": "bg",
        "refcode": "ББ1940 — Битие 15:15"
      },
      {
        "para_id": "11258.769",
        "lang": "cs",
        "refcode": "CzeCEP — 1Mojžíšova 15:15"
      },
      {
        "para_id": "1967.769",
        "lang": "de",
        "refcode": "Lut — 1Mose 15:15"
      },
      {
        "para_id": "14736.769",
        "lang": "en",
        "refcode": "NHEB — Genesis 15:15"
      },
      {
        "para_id": "14419.769",
        "lang": "en",
        "refcode": "ICB — Genesis 15:15"
      },
      {
        "para_id": "14333.769",
        "lang": "en",
        "refcode": "ISV — Genesis 15:15"
      },
      {
        "para_id": "14125.769",
        "lang": "en",
        "refcode": "KJRV — Genesis 15:15"
      },
      {
        "para_id": "11144.769",
        "lang": "en",
        "refcode": "YLT — Genesis 15:15"
      },
      {
        "para_id": "14341.769",
        "lang": "en",
        "refcode": "NET — Genesis 15:15"
      },
      {
        "para_id": "11139.769",
        "lang": "en",
        "refcode": "ASV — Genesis 15:15"
      },
      {
        "para_id": "14336.769",
        "lang": "en",
        "refcode": "RV1885 — Genesis 15:15"
      },
      {
        "para_id": "14340.769",
        "lang": "en",
        "refcode": "NIV — Genesis 15:15"
      },
      {
        "para_id": "1965.769",
        "lang": "en",
        "refcode": "KJV — Genesis 15:15"
      },
      {
        "para_id": "14330.769",
        "lang": "en",
        "refcode": "ERV — Genesis 15:15"
      },
      {
        "para_id": "11140.769",
        "lang": "en",
        "refcode": "DBY — Genesis 15:15"
      },
      {
        "para_id": "14420.769",
        "lang": "en",
        "refcode": "NCV — Genesis 15:15"
      },
      {
        "para_id": "14175.769",
        "lang": "en",
        "refcode": "KJVSD — Genesis 15:15"
      },
      {
        "para_id": "14334.769",
        "lang": "en",
        "refcode": "NKJV — Genesis 15:15"
      },
      {
        "para_id": "11145.769",
        "lang": "en",
        "refcode": "AKJV — Genesis 15:15"
      },
      {
        "para_id": "11142.769",
        "lang": "en",
        "refcode": "WEB — Genesis 15:15"
      },
      {
        "para_id": "14421.769",
        "lang": "es",
        "refcode": "NBLA — Génesis 15:15"
      },
      {
        "para_id": "14422.769",
        "lang": "es",
        "refcode": "RVR — Génesis 15:15"
      },
      {
        "para_id": "1968.769",
        "lang": "es",
        "refcode": "RVa — Génesis 15:15"
      },
      {
        "para_id": "2021.769",
        "lang": "fr",
        "refcode": "Fren — Genèse 15:15"
      },
      {
        "para_id": "1966.769",
        "lang": "it",
        "refcode": "LND — Genesi 15:15"
      },
      {
        "para_id": "1970.769",
        "lang": "pl",
        "refcode": "PB — 1Mojżeszowa 15:15"
      },
      {
        "para_id": "1971.769",
        "lang": "pt",
        "refcode": "PCF — Gênesis 15:15"
      },
      {
        "para_id": "1973.769",
        "lang": "ro",
        "refcode": "NTR — Geneza 15:15"
      },
      {
        "para_id": "11165.769",
        "lang": "ro",
        "refcode": "RCCV — Geneza 15:15"
      },
      {
        "para_id": "1972.769",
        "lang": "ru",
        "refcode": "РСП — Бытие 15:15"
      },
      {
        "para_id": "14191.769",
        "lang": "tpi",
        "refcode": "BBTP — Stat 15:15"
      },
      {
        "para_id": "12318.769",
        "lang": "uk",
        "refcode": "УПО — Буття 15:15"
      },
      {
        "para_id": "1969.769",
        "lang": "zh",
        "refcode": "CHIUS — 創世記 15:15"
      }
    ]
  },
  {
    "para_id": "11143.771",
    "id_prev": "11143.769",
    "id_next": "11143.773",
    "refcode_1": "WBS",
    "refcode_2": "Genesis",
    "refcode_3": "15",
    "refcode_4": "16",
    "refcode_short": "WBS — Genesis 15:16",
    "refcode_long": "Webster’s Bible — Genesis 15:16",
    "element_type": "p",
    "element_subtype": "standard-noindent",
    "content": "<strong>16</strong> But in the fourth generation they shall come hither again: for the iniquity of the Amorites is not yet full.",
    "puborder": 394,
    "translations": [
      {
        "para_id": "14207.771",
        "lang": "bg",
        "refcode": "ББ1940 — Битие 15:16"
      },
      {
        "para_id": "11258.771",
        "lang": "cs",
        "refcode": "CzeCEP — 1Mojžíšova 15:16"
      },
      {
        "para_id": "1967.771",
        "lang": "de",
        "refcode": "Lut — 1Mose 15:16"
      },
      {
        "para_id": "11142.771",
        "lang": "en",
        "refcode": "WEB — Genesis 15:16"
      },
      {
        "para_id": "14420.771",
        "lang": "en",
        "refcode": "NCV — Genesis 15:16"
      },
      {
        "para_id": "11145.771",
        "lang": "en",
        "refcode": "AKJV — Genesis 15:16"
      },
      {
        "para_id": "14175.771",
        "lang": "en",
        "refcode": "KJVSD — Genesis 15:16"
      },
      {
        "para_id": "14419.771",
        "lang": "en",
        "refcode": "ICB — Genesis 15:16"
      },
      {
        "para_id": "14341.771",
        "lang": "en",
        "refcode": "NET — Genesis 15:16"
      },
      {
        "para_id": "14334.771",
        "lang": "en",
        "refcode": "NKJV — Genesis 15:16"
      },
      {
        "para_id": "14336.771",
        "lang": "en",
        "refcode": "RV1885 — Genesis 15:16"
      },
      {
        "para_id": "14330.771",
        "lang": "en",
        "refcode": "ERV — Genesis 15:16"
      },
      {
        "para_id": "1965.771",
        "lang": "en",
        "refcode": "KJV — Genesis 15:16"
      },
      {
        "para_id": "11144.771",
        "lang": "en",
        "refcode": "YLT — Genesis 15:16"
      },
      {
        "para_id": "11139.771",
        "lang": "en",
        "refcode": "ASV — Genesis 15:16"
      },
      {
        "para_id": "14736.771",
        "lang": "en",
        "refcode": "NHEB — Genesis 15:16"
      },
      {
        "para_id": "14125.771",
        "lang": "en",
        "refcode": "KJRV — Genesis 15:16"
      },
      {
        "para_id": "14340.771",
        "lang": "en",
        "refcode": "NIV — Genesis 15:16"
      },
      {
        "para_id": "14333.771",
        "lang": "en",
        "refcode": "ISV — Genesis 15:16"
      },
      {
        "para_id": "11140.771",
        "lang": "en",
        "refcode": "DBY — Genesis 15:16"
      },
      {
        "para_id": "1968.771",
        "lang": "es",
        "refcode": "RVa — Génesis 15:16"
      },
      {
        "para_id": "14422.771",
        "lang": "es",
        "refcode": "RVR — Génesis 15:16"
      },
      {
        "para_id": "14421.771",
        "lang": "es",
        "refcode": "NBLA — Génesis 15:16"
      },
      {
        "para_id": "2021.771",
        "lang": "fr",
        "refcode": "Fren — Genèse 15:16"
      },
      {
        "para_id": "1966.771",
        "lang": "it",
        "refcode": "LND — Genesi 15:16"
      },
      {
        "para_id": "1970.771",
        "lang": "pl",
        "refcode": "PB — 1Mojżeszowa 15:16"
      },
      {
        "para_id": "1971.771",
        "lang": "pt",
        "refcode": "PCF — Gênesis 15:16"
      },
      {
        "para_id": "11165.771",
        "lang": "ro",
        "refcode": "RCCV — Geneza 15:16"
      },
      {
        "para_id": "1973.771",
        "lang": "ro",
        "refcode": "NTR — Geneza 15:16"
      },
      {
        "para_id": "1972.771",
        "lang": "ru",
        "refcode": "РСП — Бытие 15:16"
      },
      {
        "para_id": "14191.771",
        "lang": "tpi",
        "refcode": "BBTP — Stat 15:16"
      },
      {
        "para_id": "12318.771",
        "lang": "uk",
        "refcode": "УПО — Буття 15:16"
      },
      {
        "para_id": "1969.771",
        "lang": "zh",
        "refcode": "CHIUS — 創世記 15:16"
      }
    ]
  },
  {
    "para_id": "11143.773",
    "id_prev": "11143.771",
    "id_next": "11143.775",
    "refcode_1": "WBS",
    "refcode_2": "Genesis",
    "refcode_3": "15",
    "refcode_4": "17",
    "refcode_short": "WBS — Genesis 15:17",
    "refcode_long": "Webster’s Bible — Genesis 15:17",
    "element_type": "p",
    "element_subtype": "standard-noindent",
    "content": "<strong>17</strong> And it came to pass, that when the sun had gone down, and it was dark, behold a smoking furnace, and a burning lamp that passed between those pieces.",
    "puborder": 395,
    "translations": [
      {
        "para_id": "14207.773",
        "lang": "bg",
        "refcode": "ББ1940 — Битие 15:17"
      },
      {
        "para_id": "11258.773",
        "lang": "cs",
        "refcode": "CzeCEP — 1Mojžíšova 15:17"
      },
      {
        "para_id": "1967.773",
        "lang": "de",
        "refcode": "Lut — 1Mose 15:17"
      },
      {
        "para_id": "14334.773",
        "lang": "en",
        "refcode": "NKJV — Genesis 15:17"
      },
      {
        "para_id": "11144.773",
        "lang": "en",
        "refcode": "YLT — Genesis 15:17"
      },
      {
        "para_id": "14175.773",
        "lang": "en",
        "refcode": "KJVSD — Genesis 15:17"
      },
      {
        "para_id": "11139.773",
        "lang": "en",
        "refcode": "ASV — Genesis 15:17"
      },
      {
        "para_id": "11140.773",
        "lang": "en",
        "refcode": "DBY — Genesis 15:17"
      },
      {
        "para_id": "14333.773",
        "lang": "en",
        "refcode": "ISV — Genesis 15:17"
      },
      {
        "para_id": "14336.773",
        "lang": "en",
        "refcode": "RV1885 — Genesis 15:17"
      },
      {
        "para_id": "14340.773",
        "lang": "en",
        "refcode": "NIV — Genesis 15:17"
      },
      {
        "para_id": "1965.773",
        "lang": "en",
        "refcode": "KJV — Genesis 15:17"
      },
      {
        "para_id": "14330.773",
        "lang": "en",
        "refcode": "ERV — Genesis 15:17"
      },
      {
        "para_id": "14341.773",
        "lang": "en",
        "refcode": "NET — Genesis 15:17"
      },
      {
        "para_id": "14736.773",
        "lang": "en",
        "refcode": "NHEB — Genesis 15:17"
      },
      {
        "para_id": "14125.773",
        "lang": "en",
        "refcode": "KJRV — Genesis 15:17"
      },
      {
        "para_id": "11142.773",
        "lang": "en",
        "refcode": "WEB — Genesis 15:17"
      },
      {
        "para_id": "11145.773",
        "lang": "en",
        "refcode": "AKJV — Genesis 15:17"
      },
      {
        "para_id": "14420.773",
        "lang": "en",
        "refcode": "NCV — Genesis 15:17"
      },
      {
        "para_id": "14419.773",
        "lang": "en",
        "refcode": "ICB — Genesis 15:17"
      },
      {
        "para_id": "14422.773",
        "lang": "es",
        "refcode": "RVR — Génesis 15:17"
      },
      {
        "para_id": "1968.773",
        "lang": "es",
        "refcode": "RVa — Génesis 15:17"
      },
      {
        "para_id": "14421.773",
        "lang": "es",
        "refcode": "NBLA — Génesis 15:17"
      },
      {
        "para_id": "2021.773",
        "lang": "fr",
        "refcode": "Fren — Genèse 15:17"
      },
      {
        "para_id": "1966.773",
        "lang": "it",
        "refcode": "LND — Genesi 15:17"
      },
      {
        "para_id": "1970.773",
        "lang": "pl",
        "refcode": "PB — 1Mojżeszowa 15:17"
      },
      {
        "para_id": "1971.773",
        "lang": "pt",
        "refcode": "PCF — Gênesis 15:17"
      },
      {
        "para_id": "1973.773",
        "lang": "ro",
        "refcode": "NTR — Geneza 15:17"
      },
      {
        "para_id": "11165.773",
        "lang": "ro",
        "refcode": "RCCV — Geneza 15:17"
      },
      {
        "para_id": "1972.773",
        "lang": "ru",
        "refcode": "РСП — Бытие 15:17"
      },
      {
        "para_id": "14191.773",
        "lang": "tpi",
        "refcode": "BBTP — Stat 15:17"
      },
      {
        "para_id": "12318.773",
        "lang": "uk",
        "refcode": "УПО — Буття 15:17"
      },
      {
        "para_id": "1969.773",
        "lang": "zh",
        "refcode": "CHIUS — 創世記 15:17"
      }
    ]
  },
  {
    "para_id": "11143.775",
    "id_prev": "11143.773",
    "id_next": "11143.777",
    "refcode_1": "WBS",
    "refcode_2": "Genesis",
    "refcode_3": "15",
    "refcode_4": "18",
    "refcode_short": "WBS — Genesis 15:18",
    "refcode_long": "Webster’s Bible — Genesis 15:18",
    "element_type": "p",
    "element_subtype": "standard-noindent",
    "content": "<strong>18</strong> In that same day the LORD made a covenant with Abram, saying, To thy seed have I given this land, from the river of Egypt to the great river, the river Euphrates:",
    "puborder": 396,
    "translations": [
      {
        "para_id": "14207.775",
        "lang": "bg",
        "refcode": "ББ1940 — Битие 15:18"
      },
      {
        "para_id": "11258.775",
        "lang": "cs",
        "refcode": "CzeCEP — 1Mojžíšova 15:18"
      },
      {
        "para_id": "1967.775",
        "lang": "de",
        "refcode": "Lut — 1Mose 15:18"
      },
      {
        "para_id": "11140.775",
        "lang": "en",
        "refcode": "DBY — Genesis 15:18"
      },
      {
        "para_id": "14125.775",
        "lang": "en",
        "refcode": "KJRV — Genesis 15:18"
      },
      {
        "para_id": "14420.775",
        "lang": "en",
        "refcode": "NCV — Genesis 15:18"
      },
      {
        "para_id": "11139.775",
        "lang": "en",
        "refcode": "ASV — Genesis 15:18"
      },
      {
        "para_id": "14175.775",
        "lang": "en",
        "refcode": "KJVSD — Genesis 15:18"
      },
      {
        "para_id": "14419.775",
        "lang": "en",
        "refcode": "ICB — Genesis 15:18"
      },
      {
        "para_id": "14341.775",
        "lang": "en",
        "refcode": "NET — Genesis 15:18"
      },
      {
        "para_id": "14340.775",
        "lang": "en",
        "refcode": "NIV — Genesis 15:18"
      },
      {
        "para_id": "14336.775",
        "lang": "en",
        "refcode": "RV1885 — Genesis 15:18"
      },
      {
        "para_id": "14330.775",
        "lang": "en",
        "refcode": "ERV — Genesis 15:18"
      },
      {
        "para_id": "1965.775",
        "lang": "en",
        "refcode": "KJV — Genesis 15:18"
      },
      {
        "para_id": "14333.775",
        "lang": "en",
        "refcode": "ISV — Genesis 15:18"
      },
      {
        "para_id": "14736.775",
        "lang": "en",
        "refcode": "NHEB — Genesis 15:18"
      },
      {
        "para_id": "11145.775",
        "lang": "en",
        "refcode": "AKJV — Genesis 15:18"
      },
      {
        "para_id": "11144.775",
        "lang": "en",
        "refcode": "YLT — Genesis 15:18"
      },
      {
        "para_id": "14334.775",
        "lang": "en",
        "refcode": "NKJV — Genesis 15:18"
      },
      {
        "para_id": "11142.775",
        "lang": "en",
        "refcode": "WEB — Genesis 15:18"
      },
      {
        "para_id": "1968.775",
        "lang": "es",
        "refcode": "RVa — Génesis 15:18"
      },
      {
        "para_id": "14421.775",
        "lang": "es",
        "refcode": "NBLA — Génesis 15:18"
      },
      {
        "para_id": "14422.775",
        "lang": "es",
        "refcode": "RVR — Génesis 15:18"
      },
      {
        "para_id": "2021.775",
        "lang": "fr",
        "refcode": "Fren — Genèse 15:18"
      },
      {
        "para_id": "1966.775",
        "lang": "it",
        "refcode": "LND — Genesi 15:18"
      },
      {
        "para_id": "1970.775",
        "lang": "pl",
        "refcode": "PB — 1Mojżeszowa 15:18"
      },
      {
        "para_id": "1971.775",
        "lang": "pt",
        "refcode": "PCF — Gênesis 15:18"
      },
      {
        "para_id": "11165.775",
        "lang": "ro",
        "refcode": "RCCV — Geneza 15:18"
      },
      {
        "para_id": "1973.775",
        "lang": "ro",
        "refcode": "NTR — Geneza 15:18"
      },
      {
        "para_id": "1972.775",
        "lang": "ru",
        "refcode": "РСП — Бытие 15:18"
      },
      {
        "para_id": "14191.775",
        "lang": "tpi",
        "refcode": "BBTP — Stat 15:18"
      },
      {
        "para_id": "12318.775",
        "lang": "uk",
        "refcode": "УПО — Буття 15:18"
      },
      {
        "para_id": "1969.775",
        "lang": "zh",
        "refcode": "CHIUS — 創世記 15:18"
      }
    ]
  },
  {
    "para_id": "11143.777",
    "id_prev": "11143.775",
    "id_next": "11143.779",
    "refcode_1": "WBS",
    "refcode_2": "Genesis",
    "refcode_3": "15",
    "refcode_4": "19",
    "refcode_short": "WBS — Genesis 15:19",
    "refcode_long": "Webster’s Bible — Genesis 15:19",
    "element_type": "p",
    "element_subtype": "standard-noindent",
    "content": "<strong>19</strong> The Kenites, and the Kenizzites, and the Kadmonites,",
    "puborder": 397,
    "translations": [
      {
        "para_id": "14207.777",
        "lang": "bg",
        "refcode": "ББ1940 — Битие 15:19"
      },
      {
        "para_id": "11258.777",
        "lang": "cs",
        "refcode": "CzeCEP — 1Mojžíšova 15:19"
      },
      {
        "para_id": "1967.777",
        "lang": "de",
        "refcode": "Lut — 1Mose 15:19"
      },
      {
        "para_id": "1965.777",
        "lang": "en",
        "refcode": "KJV — Genesis 15:19"
      },
      {
        "para_id": "14336.777",
        "lang": "en",
        "refcode": "RV1885 — Genesis 15:19"
      },
      {
        "para_id": "14334.777",
        "lang": "en",
        "refcode": "NKJV — Genesis 15:19"
      },
      {
        "para_id": "14125.777",
        "lang": "en",
        "refcode": "KJRV — Genesis 15:19"
      },
      {
        "para_id": "11145.777",
        "lang": "en",
        "refcode": "AKJV — Genesis 15:19"
      },
      {
        "para_id": "14419.777",
        "lang": "en",
        "refcode": "ICB — Genesis 15:19"
      },
      {
        "para_id": "14333.777",
        "lang": "en",
        "refcode": "ISV — Genesis 15:19"
      },
      {
        "para_id": "14175.777",
        "lang": "en",
        "refcode": "KJVSD — Genesis 15:19"
      },
      {
        "para_id": "14340.777",
        "lang": "en",
        "refcode": "NIV — Genesis 15:19"
      },
      {
        "para_id": "14341.777",
        "lang": "en",
        "refcode": "NET — Genesis 15:19"
      },
      {
        "para_id": "11139.777",
        "lang": "en",
        "refcode": "ASV — Genesis 15:19"
      },
      {
        "para_id": "14420.777",
        "lang": "en",
        "refcode": "NCV — Genesis 15:19"
      },
      {
        "para_id": "14330.777",
        "lang": "en",
        "refcode": "ERV — Genesis 15:19"
      },
      {
        "para_id": "11144.777",
        "lang": "en",
        "refcode": "YLT — Genesis 15:19"
      },
      {
        "para_id": "14736.777",
        "lang": "en",
        "refcode": "NHEB — Genesis 15:19"
      },
      {
        "para_id": "11142.777",
        "lang": "en",
        "refcode": "WEB — Genesis 15:19"
      },
      {
        "para_id": "11140.777",
        "lang": "en",
        "refcode": "DBY — Genesis 15:19"
      },
      {
        "para_id": "14421.777",
        "lang": "es",
        "refcode": "NBLA — Génesis 15:19"
      },
      {
        "para_id": "14422.777",
        "lang": "es",
        "refcode": "RVR — Génesis 15:19"
      },
      {
        "para_id": "1968.777",
        "lang": "es",
        "refcode": "RVa — Génesis 15:19"
      },
      {
        "para_id": "2021.777",
        "lang": "fr",
        "refcode": "Fren — Genèse 15:19"
      },
      {
        "para_id": "1966.777",
        "lang": "it",
        "refcode": "LND — Genesi 15:19"
      },
      {
        "para_id": "1970.777",
        "lang": "pl",
        "refcode": "PB — 1Mojżeszowa 15:19"
      },
      {
        "para_id": "1971.777",
        "lang": "pt",
        "refcode": "PCF — Gênesis 15:19"
      },
      {
        "para_id": "1973.777",
        "lang": "ro",
        "refcode": "NTR — Geneza 15:19"
      },
      {
        "para_id": "11165.777",
        "lang": "ro",
        "refcode": "RCCV — Geneza 15:19"
      },
      {
        "para_id": "1972.777",
        "lang": "ru",
        "refcode": "РСП — Бытие 15:19"
      },
      {
        "para_id": "14191.777",
        "lang": "tpi",
        "refcode": "BBTP — Stat 15:19"
      },
      {
        "para_id": "12318.777",
        "lang": "uk",
        "refcode": "УПО — Буття 15:19"
      },
      {
        "para_id": "1969.777",
        "lang": "zh",
        "refcode": "CHIUS — 創世記 15:19"
      }
    ]
  },
  {
    "para_id": "11143.779",
    "id_prev": "11143.777",
    "id_next": "11143.781",
    "refcode_1": "WBS",
    "refcode_2": "Genesis",
    "refcode_3": "15",
    "refcode_4": "20",
    "refcode_short": "WBS — Genesis 15:20",
    "refcode_long": "Webster’s Bible — Genesis 15:20",
    "element_type": "p",
    "element_subtype": "standard-noindent",
    "content": "<strong>20</strong> And the Hittites, and the Perizzites, and the Rephaims,",
    "puborder": 398,
    "translations": [
      {
        "para_id": "14207.779",
        "lang": "bg",
        "refcode": "ББ1940 — Битие 15:20"
      },
      {
        "para_id": "11258.779",
        "lang": "cs",
        "refcode": "CzeCEP — 1Mojžíšova 15:20"
      },
      {
        "para_id": "1967.779",
        "lang": "de",
        "refcode": "Lut — 1Mose 15:20"
      },
      {
        "para_id": "14330.779",
        "lang": "en",
        "refcode": "ERV — Genesis 15:20"
      },
      {
        "para_id": "11145.779",
        "lang": "en",
        "refcode": "AKJV — Genesis 15:20"
      },
      {
        "para_id": "11139.779",
        "lang": "en",
        "refcode": "ASV — Genesis 15:20"
      },
      {
        "para_id": "14334.779",
        "lang": "en",
        "refcode": "NKJV — Genesis 15:20"
      },
      {
        "para_id": "14336.779",
        "lang": "en",
        "refcode": "RV1885 — Genesis 15:20"
      },
      {
        "para_id": "14420.779",
        "lang": "en",
        "refcode": "NCV — Genesis 15:20"
      },
      {
        "para_id": "14736.779",
        "lang": "en",
        "refcode": "NHEB — Genesis 15:20"
      },
      {
        "para_id": "11144.779",
        "lang": "en",
        "refcode": "YLT — Genesis 15:20"
      },
      {
        "para_id": "14125.779",
        "lang": "en",
        "refcode": "KJRV — Genesis 15:20"
      },
      {
        "para_id": "1965.779",
        "lang": "en",
        "refcode": "KJV — Genesis 15:20"
      },
      {
        "para_id": "11140.779",
        "lang": "en",
        "refcode": "DBY — Genesis 15:20"
      },
      {
        "para_id": "14419.779",
        "lang": "en",
        "refcode": "ICB — Genesis 15:20"
      },
      {
        "para_id": "14333.779",
        "lang": "en",
        "refcode": "ISV — Genesis 15:20"
      },
      {
        "para_id": "14341.779",
        "lang": "en",
        "refcode": "NET — Genesis 15:20"
      },
      {
        "para_id": "11142.779",
        "lang": "en",
        "refcode": "WEB — Genesis 15:20"
      },
      {
        "para_id": "14175.779",
        "lang": "en",
        "refcode": "KJVSD — Genesis 15:20"
      },
      {
        "para_id": "14340.779",
        "lang": "en",
        "refcode": "NIV — Genesis 15:20"
      },
      {
        "para_id": "14421.779",
        "lang": "es",
        "refcode": "NBLA — Génesis 15:20"
      },
      {
        "para_id": "14422.779",
        "lang": "es",
        "refcode": "RVR — Génesis 15:20"
      },
      {
        "para_id": "1968.779",
        "lang": "es",
        "refcode": "RVa — Génesis 15:20"
      },
      {
        "para_id": "2021.779",
        "lang": "fr",
        "refcode": "Fren — Genèse 15:20"
      },
      {
        "para_id": "1966.779",
        "lang": "it",
        "refcode": "LND — Genesi 15:20"
      },
      {
        "para_id": "1970.779",
        "lang": "pl",
        "refcode": "PB — 1Mojżeszowa 15:20"
      },
      {
        "para_id": "1971.779",
        "lang": "pt",
        "refcode": "PCF — Gênesis 15:20"
      },
      {
        "para_id": "11165.779",
        "lang": "ro",
        "refcode": "RCCV — Geneza 15:20"
      },
      {
        "para_id": "1973.779",
        "lang": "ro",
        "refcode": "NTR — Geneza 15:20"
      },
      {
        "para_id": "1972.779",
        "lang": "ru",
        "refcode": "РСП — Бытие 15:20"
      },
      {
        "para_id": "14191.779",
        "lang": "tpi",
        "refcode": "BBTP — Stat 15:20"
      },
      {
        "para_id": "12318.779",
        "lang": "uk",
        "refcode": "УПО — Буття 15:20"
      },
      {
        "para_id": "1969.779",
        "lang": "zh",
        "refcode": "CHIUS — 創世記 15:20"
      }
    ]
  },
  {
    "para_id": "11143.781",
    "id_prev": "11143.779",
    "id_next": "11143.782",
    "refcode_1": "WBS",
    "refcode_2": "Genesis",
    "refcode_3": "15",
    "refcode_4": "21",
    "refcode_short": "WBS — Genesis 15:21",
    "refcode_long": "Webster’s Bible — Genesis 15:21",
    "element_type": "p",
    "element_subtype": "standard-noindent",
    "content": "<strong>21</strong> And the Amorites, and the Canaanites, and the Girgashites, and the Jebusites.",
    "puborder": 399,
    "translations": [
      {
        "para_id": "14207.781",
        "lang": "bg",
        "refcode": "ББ1940 — Битие 15:21"
      },
      {
        "para_id": "11258.781",
        "lang": "cs",
        "refcode": "CzeCEP — 1Mojžíšova 15:21"
      },
      {
        "para_id": "1967.781",
        "lang": "de",
        "refcode": "Lut — 1Mose 15:21"
      },
      {
        "para_id": "14330.781",
        "lang": "en",
        "refcode": "ERV — Genesis 15:21"
      },
      {
        "para_id": "14420.781",
        "lang": "en",
        "refcode": "NCV — Genesis 15:21"
      },
      {
        "para_id": "11142.781",
        "lang": "en",
        "refcode": "WEB — Genesis 15:21"
      },
      {
        "para_id": "14340.781",
        "lang": "en",
        "refcode": "NIV — Genesis 15:21"
      },
      {
        "para_id": "14341.781",
        "lang": "en",
        "refcode": "NET — Genesis 15:21"
      },
      {
        "para_id": "14334.781",
        "lang": "en",
        "refcode": "NKJV — Genesis 15:21"
      },
      {
        "para_id": "14336.781",
        "lang": "en",
        "refcode": "RV1885 — Genesis 15:21"
      },
      {
        "para_id": "11145.781",
        "lang": "en",
        "refcode": "AKJV — Genesis 15:21"
      },
      {
        "para_id": "1965.781",
        "lang": "en",
        "refcode": "KJV — Genesis 15:21"
      },
      {
        "para_id": "11140.781",
        "lang": "en",
        "refcode": "DBY — Genesis 15:21"
      },
      {
        "para_id": "14419.781",
        "lang": "en",
        "refcode": "ICB — Genesis 15:21"
      },
      {
        "para_id": "14736.781",
        "lang": "en",
        "refcode": "NHEB — Genesis 15:21"
      },
      {
        "para_id": "11139.781",
        "lang": "en",
        "refcode": "ASV — Genesis 15:21"
      },
      {
        "para_id": "14125.781",
        "lang": "en",
        "refcode": "KJRV — Genesis 15:21"
      },
      {
        "para_id": "14333.781",
        "lang": "en",
        "refcode": "ISV — Genesis 15:21"
      },
      {
        "para_id": "14175.781",
        "lang": "en",
        "refcode": "KJVSD — Genesis 15:21"
      },
      {
        "para_id": "11144.781",
        "lang": "en",
        "refcode": "YLT — Genesis 15:21"
      },
      {
        "para_id": "1968.781",
        "lang": "es",
        "refcode": "RVa — Génesis 15:21"
      },
      {
        "para_id": "14421.781",
        "lang": "es",
        "refcode": "NBLA — Génesis 15:21"
      },
      {
        "para_id": "14422.781",
        "lang": "es",
        "refcode": "RVR — Génesis 15:21"
      },
      {
        "para_id": "2021.781",
        "lang": "fr",
        "refcode": "Fren — Genèse 15:21"
      },
      {
        "para_id": "1966.781",
        "lang": "it",
        "refcode": "LND — Genesi 15:21"
      },
      {
        "para_id": "1970.781",
        "lang": "pl",
        "refcode": "PB — 1Mojżeszowa 15:21"
      },
      {
        "para_id": "1971.781",
        "lang": "pt",
        "refcode": "PCF — Gênesis 15:21"
      },
      {
        "para_id": "11165.781",
        "lang": "ro",
        "refcode": "RCCV — Geneza 15:21"
      },
      {
        "para_id": "1973.781",
        "lang": "ro",
        "refcode": "NTR — Geneza 15:21"
      },
      {
        "para_id": "1972.781",
        "lang": "ru",
        "refcode": "РСП — Бытие 15:21"
      },
      {
        "para_id": "14191.781",
        "lang": "tpi",
        "refcode": "BBTP — Stat 15:21"
      },
      {
        "para_id": "12318.781",
        "lang": "uk",
        "refcode": "УПО — Буття 15:21"
      },
      {
        "para_id": "1969.781",
        "lang": "zh",
        "refcode": "CHIUS — 創世記 15:21"
      }
    ]
  }
]