[
  {
    "para_id": "8.1940",
    "id_prev": "8.1936",
    "id_next": "8.1942",
    "refcode_1": "CG",
    "refcode_2": "411",
    "refcode_3": "",
    "refcode_4": "15",
    "refcode_short": "CG 411",
    "refcode_long": "Child Guidance, p. 411 (Ellen Gould White)",
    "element_type": "h2",
    "element_subtype": "",
    "content": "Section 15&mdash;Fitting Attire",
    "puborder": 1289,
    "translations": [
      {
        "para_id": "14129.1901",
        "lang": "da",
        "refcode": "BIH 395"
      },
      {
        "para_id": "157.1971",
        "lang": "es",
        "refcode": "CN 387"
      },
      {
        "para_id": "11953.1737",
        "lang": "hu",
        "refcode": "Gyn 288"
      },
      {
        "para_id": "12873.1986",
        "lang": "id",
        "refcode": "MABJ 438"
      },
      {
        "para_id": "12116.1920",
        "lang": "pl",
        "refcode": "JWD 301"
      },
      {
        "para_id": "1929.3069",
        "lang": "pt",
        "refcode": "OC 268"
      },
      {
        "para_id": "2001.1890",
        "lang": "ro",
        "refcode": "ÎC 412"
      },
      {
        "para_id": "1796.1873",
        "lang": "ru",
        "refcode": "ВД 412"
      }
    ]
  },
  {
    "para_id": "8.1942",
    "id_prev": "8.1940",
    "id_next": "8.1943",
    "refcode_1": "CG",
    "refcode_2": "413",
    "refcode_3": "",
    "refcode_4": "65",
    "refcode_short": "CG 413",
    "refcode_long": "Child Guidance, p. 413 (Ellen Gould White)",
    "element_type": "h3",
    "element_subtype": "",
    "content": "Chapter 65&mdash;The Blessings of Proper Dress",
    "puborder": 1290,
    "translations": [
      {
        "para_id": "14129.1904",
        "lang": "da",
        "refcode": "BIH 397"
      },
      {
        "para_id": "157.1972",
        "lang": "es",
        "refcode": "CN 387"
      },
      {
        "para_id": "11953.1738",
        "lang": "hu",
        "refcode": "Gyn 288"
      },
      {
        "para_id": "12873.1988",
        "lang": "id",
        "refcode": "MABJ 439"
      },
      {
        "para_id": "12116.1922",
        "lang": "pl",
        "refcode": "JWD 302"
      },
      {
        "para_id": "1929.3071",
        "lang": "pt",
        "refcode": "OC 268"
      },
      {
        "para_id": "2001.1892",
        "lang": "ro",
        "refcode": "ÎC 413"
      },
      {
        "para_id": "1796.1875",
        "lang": "ru",
        "refcode": "ВД 413"
      }
    ]
  },
  {
    "para_id": "8.1943",
    "id_prev": "8.1942",
    "id_next": "8.1944",
    "refcode_1": "CG",
    "refcode_2": "413",
    "refcode_3": "1",
    "refcode_4": "",
    "refcode_short": "CG 413.1",
    "refcode_long": "Child Guidance, p. 413.1 (Ellen Gould White)",
    "element_type": "p",
    "element_subtype": "standard-indented",
    "content": "<strong>Appropriate and Becoming</strong>&mdash;In dress, as in all things else, it is our privilege to honor our Creator. He desires our clothing to be not only neat and healthful, but appropriate and becoming.<sup class=\"chapterendnote\"><a class=\"chapterendnote\">1<span class=\"chapterendnote\"><span class=\"egwlink egwlink_book\" title=\"Ed 248.1\" data-link=\"29.1308\">Education, 248</span>.</span></a></sup>",
    "puborder": 1291,
    "translations": [
      {
        "para_id": "14129.1905",
        "lang": "da",
        "refcode": "BIH 397.1"
      },
      {
        "para_id": "157.1973",
        "lang": "es",
        "refcode": "CN 387.1"
      },
      {
        "para_id": "11953.1739",
        "lang": "hu",
        "refcode": "Gyn 288.1"
      },
      {
        "para_id": "12873.1989",
        "lang": "id",
        "refcode": "MABJ 439.1"
      },
      {
        "para_id": "12116.1923",
        "lang": "pl",
        "refcode": "JWD 302.1"
      },
      {
        "para_id": "1929.3074",
        "lang": "pt",
        "refcode": "OC 268"
      },
      {
        "para_id": "1929.3075",
        "lang": "pt",
        "refcode": "OC 268.3"
      },
      {
        "para_id": "2001.1893",
        "lang": "ro",
        "refcode": "ÎC 413.1"
      },
      {
        "para_id": "1796.1876",
        "lang": "ru",
        "refcode": "ВД 413.1"
      }
    ]
  },
  {
    "para_id": "8.1944",
    "id_prev": "8.1943",
    "id_next": "8.1945",
    "refcode_1": "CG",
    "refcode_2": "413",
    "refcode_3": "2",
    "refcode_4": "",
    "refcode_short": "CG 413.2",
    "refcode_long": "Child Guidance, p. 413.2 (Ellen Gould White)",
    "element_type": "p",
    "element_subtype": "standard-indented",
    "content": "We should seek to make the best of our appearance. In the tabernacle service God specified every detail concerning the garments of those who ministered before Him. Thus we are taught that He has a preference in regard to the dress of those who serve Him. Very specific were the directions given in regard to Aaron&apos;s robes, for his dress was symbolic. So the dress of Christ&apos;s followers should be symbolic. In all things we are to be representatives of Him. Our appearance in every respect should be characterized by neatness, modesty, and purity.<sup class=\"chapterendnote\"><a class=\"chapterendnote\">2<span class=\"chapterendnote\"><span class=\"egwlink egwlink_book\" title=\"6T 96.1\" data-link=\"118.529\">Testimonies For The Church 6:96</span>.</span></a></sup>",
    "puborder": 1292,
    "translations": [
      {
        "para_id": "14129.1906",
        "lang": "da",
        "refcode": "BIH 397.2"
      },
      {
        "para_id": "157.1974",
        "lang": "es",
        "refcode": "CN 387.2"
      },
      {
        "para_id": "11953.1740",
        "lang": "hu",
        "refcode": "Gyn 288.2"
      },
      {
        "para_id": "12873.1990",
        "lang": "id",
        "refcode": "MABJ 439.2"
      },
      {
        "para_id": "12116.1924",
        "lang": "pl",
        "refcode": "JWD 302.2"
      },
      {
        "para_id": "1929.3076",
        "lang": "pt",
        "refcode": "OC 268.4"
      },
      {
        "para_id": "2001.1894",
        "lang": "ro",
        "refcode": "ÎC 413.2"
      },
      {
        "para_id": "1796.1877",
        "lang": "ru",
        "refcode": "ВД 413.2"
      }
    ]
  },
  {
    "para_id": "8.1945",
    "id_prev": "8.1944",
    "id_next": "8.1946",
    "refcode_1": "CG",
    "refcode_2": "413",
    "refcode_3": "3",
    "refcode_4": "",
    "refcode_short": "CG 413.3",
    "refcode_long": "Child Guidance, p. 413.3 (Ellen Gould White)",
    "element_type": "p",
    "element_subtype": "standard-indented",
    "content": "<strong>Illustrated by the Things of Nature</strong>&mdash;By the things of nature [the flowers, the lily] Christ illustrates the beauty that Heaven values, the modest grace, the simplicity, the purity, the appropriateness, that would make our attire pleasing to Him.<sup class=\"chapterendnote\"><a class=\"chapterendnote\">3<span class=\"chapterendnote\"><span class=\"egwlink egwlink_book\" title=\"MH 289.1\" data-link=\"135.1459\">The Ministry of Healing, 289</span>.</span></a></sup>",
    "puborder": 1293,
    "translations": [
      {
        "para_id": "14129.1907",
        "lang": "da",
        "refcode": "BIH 397.3"
      },
      {
        "para_id": "157.1975",
        "lang": "es",
        "refcode": "CN 387.3"
      },
      {
        "para_id": "11953.1741",
        "lang": "hu",
        "refcode": "Gyn 288.3"
      },
      {
        "para_id": "12873.1993",
        "lang": "id",
        "refcode": "MABJ 440.1"
      },
      {
        "para_id": "12116.1925",
        "lang": "pl",
        "refcode": "JWD 302.3"
      },
      {
        "para_id": "1929.3080",
        "lang": "pt",
        "refcode": "OC 269.1"
      },
      {
        "para_id": "1929.3079",
        "lang": "pt",
        "refcode": "OC 269"
      },
      {
        "para_id": "2001.1895",
        "lang": "ro",
        "refcode": "ÎC 413.3"
      },
      {
        "para_id": "1796.1878",
        "lang": "ru",
        "refcode": "ВД 413.3"
      }
    ]
  },
  {
    "para_id": "8.1946",
    "id_prev": "8.1945",
    "id_next": "8.1947",
    "refcode_1": "CG",
    "refcode_2": "413",
    "refcode_3": "4",
    "refcode_4": "",
    "refcode_short": "CG 413.4",
    "refcode_long": "Child Guidance, p. 413.4 (Ellen Gould White)",
    "element_type": "p",
    "element_subtype": "standard-indented",
    "content": "<strong>Character May Be Judged by Style of Dress</strong>&mdash;The dress and its arrangement upon the person is generally found to be the index of the man or the woman.<sup class=\"chapterendnote\"><a class=\"chapterendnote\">4<span class=\"chapterendnote\"><span class=\"egwlink egwlink_book\" title=\"RH 1-30-1900\" data-link=\"821.18959\">The Review and Herald, January 30, 1900</span>.</span></a></sup>",
    "puborder": 1294,
    "translations": [
      {
        "para_id": "14129.1908",
        "lang": "da",
        "refcode": "BIH 397.4"
      },
      {
        "para_id": "157.1976",
        "lang": "es",
        "refcode": "CN 387.4"
      },
      {
        "para_id": "11953.1742",
        "lang": "hu",
        "refcode": "Gyn 288.4"
      },
      {
        "para_id": "12873.1994",
        "lang": "id",
        "refcode": "MABJ 440.2"
      },
      {
        "para_id": "12116.1926",
        "lang": "pl",
        "refcode": "JWD 302.4"
      },
      {
        "para_id": "1929.3081",
        "lang": "pt",
        "refcode": "OC 269"
      },
      {
        "para_id": "1929.3082",
        "lang": "pt",
        "refcode": "OC 269.2"
      },
      {
        "para_id": "2001.1896",
        "lang": "ro",
        "refcode": "ÎC 413.4"
      },
      {
        "para_id": "1796.1879",
        "lang": "ru",
        "refcode": "ВД 413.4"
      }
    ]
  },
  {
    "para_id": "8.1947",
    "id_prev": "8.1946",
    "id_next": "8.1950",
    "refcode_1": "CG",
    "refcode_2": "413",
    "refcode_3": "5",
    "refcode_4": "",
    "refcode_short": "CG 413.5",
    "refcode_long": "Child Guidance, p. 413.5 (Ellen Gould White)",
    "element_type": "p",
    "element_subtype": "standard-indented",
    "content": "We judge of a person&apos;s character by the style of dress worn. A modest, godly woman will dress modestly. A refined taste, a cultivated mind, will be revealed in the choice of a simple, appropriate attire.... The one who is simple and unpretending in her dress and in her manners shows that she understands that a true woman <span class=\"page-break\" data-page=\"414\"></span> is characterized by moral worth. How charming, how interesting, is simplicity in dress, which in comeliness can be compared with the flowers of the field.<sup class=\"chapterendnote\"><a class=\"chapterendnote\">5<span class=\"chapterendnote\"><span class=\"egwlink egwlink_book\" title=\"RH 11-17-1904\" data-link=\"821.24836\">The Review and Herald, November 17, 1904</span>.</span></a></sup>",
    "puborder": 1295,
    "translations": [
      {
        "para_id": "14129.1909",
        "lang": "da",
        "refcode": "BIH 397.5"
      },
      {
        "para_id": "157.1978",
        "lang": "es",
        "refcode": "CN 388.1"
      },
      {
        "para_id": "11953.1745",
        "lang": "hu",
        "refcode": "Gyn 289.1"
      },
      {
        "para_id": "12873.1995",
        "lang": "id",
        "refcode": "MABJ 440.3"
      },
      {
        "para_id": "12116.1927",
        "lang": "pl",
        "refcode": "JWD 302.5"
      },
      {
        "para_id": "1929.3083",
        "lang": "pt",
        "refcode": "OC 269.3"
      },
      {
        "para_id": "2001.1897",
        "lang": "ro",
        "refcode": "ÎC 413.5"
      },
      {
        "para_id": "1796.1880",
        "lang": "ru",
        "refcode": "ВД 413.5"
      }
    ]
  },
  {
    "para_id": "8.1950",
    "id_prev": "8.1947",
    "id_next": "8.1951",
    "refcode_1": "CG",
    "refcode_2": "414",
    "refcode_3": "1",
    "refcode_4": "",
    "refcode_short": "CG 414.1",
    "refcode_long": "Child Guidance, p. 414.1 (Ellen Gould White)",
    "element_type": "p",
    "element_subtype": "standard-indented",
    "content": "<strong>Guiding Principles Enunciated</strong>&mdash;I beg of our people to walk carefully and circumspectly before God. Follow the customs in dress so far as they conform to health principles. Let our sisters dress plainly, as many do, having the dress of good, durable material, appropriate for this age, and let not the dress question fill the mind. Our sisters should dress with simplicity. They should clothe themselves in modest apparel, with shamefacedness and sobriety. Give to the world a living illustration of the inward adorning of the grace of God.<sup class=\"chapterendnote\"><a class=\"chapterendnote\">6<span class=\"chapterendnote\"><span class=\"egwlink egwlink_book\" title=\"Ms 167, 1897\" data-link=\"14062.5428001\">Manuscript 167, 1897</span>.</span></a></sup>",
    "puborder": 1296,
    "translations": [
      {
        "para_id": "14129.1912",
        "lang": "da",
        "refcode": "BIH 398.1"
      },
      {
        "para_id": "157.1979",
        "lang": "es",
        "refcode": "CN 388.2"
      },
      {
        "para_id": "11953.1746",
        "lang": "hu",
        "refcode": "Gyn 289.2"
      },
      {
        "para_id": "12873.1996",
        "lang": "id",
        "refcode": "MABJ 440.4"
      },
      {
        "para_id": "12116.1928",
        "lang": "pl",
        "refcode": "JWD 302.6"
      },
      {
        "para_id": "1929.3086",
        "lang": "pt",
        "refcode": "OC 269"
      },
      {
        "para_id": "1929.3087",
        "lang": "pt",
        "refcode": "OC 269.4"
      },
      {
        "para_id": "2001.1900",
        "lang": "ro",
        "refcode": "ÎC 414.1"
      },
      {
        "para_id": "1796.1883",
        "lang": "ru",
        "refcode": "ВД 414.1"
      }
    ]
  },
  {
    "para_id": "8.1951",
    "id_prev": "8.1950",
    "id_next": "8.1952",
    "refcode_1": "CG",
    "refcode_2": "414",
    "refcode_3": "2",
    "refcode_4": "",
    "refcode_short": "CG 414.2",
    "refcode_long": "Child Guidance, p. 414.2 (Ellen Gould White)",
    "element_type": "p",
    "element_subtype": "standard-indented",
    "content": "<strong>Follow Prevailing Customs if Modest, Healthful, and Convenient</strong>&mdash;Christians should not take pains to make themselves a gazingstock by dressing differently from the world. But if, when following out their convictions of duty in respect to dressing modestly and healthfully, they find themselves out of fashion, they should not change their dress in order to be like the world; but they should manifest a noble independence and moral courage to be right, if all the world differ from them.",
    "puborder": 1297,
    "translations": [
      {
        "para_id": "14129.1913",
        "lang": "da",
        "refcode": "BIH 398.2"
      },
      {
        "para_id": "157.1980",
        "lang": "es",
        "refcode": "CN 388.3"
      },
      {
        "para_id": "12873.1997",
        "lang": "id",
        "refcode": "MABJ 440.5"
      },
      {
        "para_id": "12116.1931",
        "lang": "pl",
        "refcode": "JWD 303.1"
      },
      {
        "para_id": "1929.3089",
        "lang": "pt",
        "refcode": "OC 269.5"
      },
      {
        "para_id": "1929.3088",
        "lang": "pt",
        "refcode": "OC 269"
      },
      {
        "para_id": "2001.1901",
        "lang": "ro",
        "refcode": "ÎC 414.2"
      },
      {
        "para_id": "1796.1884",
        "lang": "ru",
        "refcode": "ВД 414.2"
      }
    ]
  },
  {
    "para_id": "8.1952",
    "id_prev": "8.1951",
    "id_next": "8.1954",
    "refcode_1": "CG",
    "refcode_2": "414",
    "refcode_3": "3",
    "refcode_4": "",
    "refcode_short": "CG 414.3",
    "refcode_long": "Child Guidance, p. 414.3 (Ellen Gould White)",
    "element_type": "p",
    "element_subtype": "standard-indented",
    "content": "If the world introduce a modest, convenient, and healthful mode of dress, which is in accordance with the Bible, it will not change our relation to God or to the world to adopt such a style of dress. Christians should follow Christ and make their dress conform to God&apos;s Word. They should shun extremes. They should humbly pursue a straightforward course, irrespective of applause or of censure, and should cling to the right because of its own merits.<sup class=\"chapterendnote\"><a class=\"chapterendnote\">7<span class=\"chapterendnote\"><span class=\"egwlink egwlink_book\" title=\"1T 458.1\" data-link=\"116.2155\">Testimonies For The Church 1:458, 459</span>.</span></a></sup>",
    "puborder": 1298,
    "translations": [
      {
        "para_id": "14129.1914",
        "lang": "da",
        "refcode": "BIH 398.3"
      },
      {
        "para_id": "157.1981",
        "lang": "es",
        "refcode": "CN 388.4"
      },
      {
        "para_id": "11953.1748",
        "lang": "hu",
        "refcode": "Gyn 289.3"
      },
      {
        "para_id": "12873.1997",
        "lang": "id",
        "refcode": "MABJ 440.5"
      },
      {
        "para_id": "12116.1932",
        "lang": "pl",
        "refcode": "JWD 303.2"
      },
      {
        "para_id": "1929.3092",
        "lang": "pt",
        "refcode": "OC 270.1"
      },
      {
        "para_id": "2001.1902",
        "lang": "ro",
        "refcode": "ÎC 414.3"
      },
      {
        "para_id": "1796.1885",
        "lang": "ru",
        "refcode": "ВД 414.3"
      }
    ]
  },
  {
    "para_id": "8.1954",
    "id_prev": "8.1952",
    "id_next": "8.1955",
    "refcode_1": "CG",
    "refcode_2": "415",
    "refcode_3": "1",
    "refcode_4": "",
    "refcode_short": "CG 415.1",
    "refcode_long": "Child Guidance, p. 415.1 (Ellen Gould White)",
    "element_type": "p",
    "element_subtype": "standard-indented",
    "content": "<strong>Avoid Extremes</strong>&mdash;Do not occupy your time by endeavoring to follow all the foolish fashions in dress. Dress neatly and becomingly, but do not make yourself the subject of remarks either by being overdressed or by dressing in a lax, untidy manner. Act as though you knew that the eye of heaven is upon you, and that you are living under the approbation or disapprobation of God.<sup class=\"chapterendnote\"><a class=\"chapterendnote\">8<span class=\"chapterendnote\"><span class=\"egwlink egwlink_book\" title=\"Ms 53, 1912\" data-link=\"14075.10797001\">Manuscript 53, 1912</span>.</span></a></sup>",
    "puborder": 1299,
    "translations": [
      {
        "para_id": "14129.1915",
        "lang": "da",
        "refcode": "BIH 398.4"
      },
      {
        "para_id": "157.1984",
        "lang": "es",
        "refcode": "CN 389.1"
      },
      {
        "para_id": "11953.1749",
        "lang": "hu",
        "refcode": "Gyn 289.4"
      },
      {
        "para_id": "12873.2000",
        "lang": "id",
        "refcode": "MABJ 441.1"
      },
      {
        "para_id": "12116.1933",
        "lang": "pl",
        "refcode": "JWD 303.3"
      },
      {
        "para_id": "1929.3095",
        "lang": "pt",
        "refcode": "OC 270.2"
      },
      {
        "para_id": "1929.3094",
        "lang": "pt",
        "refcode": "OC 270"
      },
      {
        "para_id": "2001.1904",
        "lang": "ro",
        "refcode": "ÎC 415.1"
      },
      {
        "para_id": "1796.1887",
        "lang": "ru",
        "refcode": "ВД 415.1"
      }
    ]
  },
  {
    "para_id": "8.1955",
    "id_prev": "8.1954",
    "id_next": "8.1956",
    "refcode_1": "CG",
    "refcode_2": "415",
    "refcode_3": "2",
    "refcode_4": "",
    "refcode_short": "CG 415.2",
    "refcode_long": "Child Guidance, p. 415.2 (Ellen Gould White)",
    "element_type": "p",
    "element_subtype": "standard-indented",
    "content": "<strong>Care in Dress Not to Be Confused With Pride</strong>&mdash;There is a class who are continually harping upon pride and dress, who are careless of their own apparel, and who think it a virtue to be dirty, and dress without order and taste; and their clothing often looks as if it flew and lit upon their persons. Their garments are filthy, and yet such ones will ever be talking against pride. They class decency and neatness with pride.<sup class=\"chapterendnote\"><a class=\"chapterendnote\">9<span class=\"chapterendnote\"><span class=\"egwlink egwlink_book\" title=\"RH 1-23-1900\" data-link=\"821.18929\">The Review and Herald, January 23, 1900</span>.</span></a></sup>",
    "puborder": 1300,
    "translations": [
      {
        "para_id": "14129.1918",
        "lang": "da",
        "refcode": "BIH 399.1"
      },
      {
        "para_id": "157.1985",
        "lang": "es",
        "refcode": "CN 389.2"
      },
      {
        "para_id": "11953.1752",
        "lang": "hu",
        "refcode": "Gyn 290.1"
      },
      {
        "para_id": "12873.2001",
        "lang": "id",
        "refcode": "MABJ 441.2"
      },
      {
        "para_id": "12116.1934",
        "lang": "pl",
        "refcode": "JWD 303.4"
      },
      {
        "para_id": "1929.3096",
        "lang": "pt",
        "refcode": "OC 270"
      },
      {
        "para_id": "1929.3097",
        "lang": "pt",
        "refcode": "OC 270.3"
      },
      {
        "para_id": "2001.1905",
        "lang": "ro",
        "refcode": "ÎC 415.2"
      },
      {
        "para_id": "1796.1888",
        "lang": "ru",
        "refcode": "ВД 415.2"
      }
    ]
  },
  {
    "para_id": "8.1956",
    "id_prev": "8.1955",
    "id_next": "8.1957",
    "refcode_1": "CG",
    "refcode_2": "415",
    "refcode_3": "3",
    "refcode_4": "",
    "refcode_short": "CG 415.3",
    "refcode_long": "Child Guidance, p. 415.3 (Ellen Gould White)",
    "element_type": "p",
    "element_subtype": "standard-indented",
    "content": "Those who are careless and untidy in dress are seldom elevated in their conversation and possess but little refinement of feeling. They sometimes consider oddity and coarseness humility.<sup class=\"chapterendnote\"><a class=\"chapterendnote\">10<span class=\"chapterendnote\"><span class=\"egwlink egwlink_book\" title=\"RH 1-30-1900\" data-link=\"821.18959\">The Review and Herald, January 30, 1900</span>.</span></a></sup>",
    "puborder": 1301,
    "translations": [
      {
        "para_id": "14129.1919",
        "lang": "da",
        "refcode": "BIH 399.2"
      },
      {
        "para_id": "157.1986",
        "lang": "es",
        "refcode": "CN 389.3"
      },
      {
        "para_id": "11953.1753",
        "lang": "hu",
        "refcode": "Gyn 290.2"
      },
      {
        "para_id": "12873.2004",
        "lang": "id",
        "refcode": "MABJ 442.1"
      },
      {
        "para_id": "12116.1937",
        "lang": "pl",
        "refcode": "JWD 304.1"
      },
      {
        "para_id": "1929.3098",
        "lang": "pt",
        "refcode": "OC 270.4"
      },
      {
        "para_id": "2001.1906",
        "lang": "ro",
        "refcode": "ÎC 415.3"
      },
      {
        "para_id": "1796.1889",
        "lang": "ru",
        "refcode": "ВД 415.3"
      }
    ]
  },
  {
    "para_id": "8.1957",
    "id_prev": "8.1956",
    "id_next": "8.1959",
    "refcode_1": "CG",
    "refcode_2": "415",
    "refcode_3": "4",
    "refcode_4": "",
    "refcode_short": "CG 415.4",
    "refcode_long": "Child Guidance, p. 415.4 (Ellen Gould White)",
    "element_type": "p",
    "element_subtype": "standard-indented",
    "content": "<strong>Christ Sounded a Caution</strong>&mdash;Christ noticed the devotion to dress, and He cautioned, yea, He commanded, His followers not to bestow too much thought upon it. &ldquo;Why take ye thought for raiment? Consider the lilies of the field, how they grow; they toil not, neither do they spin; yet I say unto you, That even Solomon in all his glory was not arrayed like one of these.&rdquo; ... Pride and extravagance in dress are sins to which woman is especially prone; hence these injunctions relate directly to her. Of how little value are gold or pearls or costly array, when compared with the meekness and loveliness of Christ!<sup class=\"chapterendnote\"><a class=\"chapterendnote\">11<span class=\"chapterendnote\"><span class=\"egwlink egwlink_book\" title=\"CTBH 93.1\" data-link=\"14.444\">Christian Temperance and Bible Hygiene, 93, 94</span>.</span></a></sup>",
    "puborder": 1302,
    "translations": [
      {
        "para_id": "14129.1920",
        "lang": "da",
        "refcode": "BIH 399.3"
      },
      {
        "para_id": "157.1987",
        "lang": "es",
        "refcode": "CN 389.4"
      },
      {
        "para_id": "11953.1755",
        "lang": "hu",
        "refcode": "Gyn 290.4"
      },
      {
        "para_id": "11953.1754",
        "lang": "hu",
        "refcode": "Gyn 290.3"
      },
      {
        "para_id": "12873.2005",
        "lang": "id",
        "refcode": "MABJ 442.2"
      },
      {
        "para_id": "12116.1940",
        "lang": "pl",
        "refcode": "JWD 304.4"
      },
      {
        "para_id": "12116.1939",
        "lang": "pl",
        "refcode": "JWD 304.3"
      },
      {
        "para_id": "12116.1938",
        "lang": "pl",
        "refcode": "JWD 304.2"
      },
      {
        "para_id": "1929.3099",
        "lang": "pt",
        "refcode": "OC 270"
      },
      {
        "para_id": "1929.3100",
        "lang": "pt",
        "refcode": "OC 270.5"
      },
      {
        "para_id": "2001.1907",
        "lang": "ro",
        "refcode": "ÎC 415.4"
      },
      {
        "para_id": "1796.1890",
        "lang": "ru",
        "refcode": "ВД 415.4"
      }
    ]
  },
  {
    "para_id": "8.1959",
    "id_prev": "8.1957",
    "id_next": "8.1960",
    "refcode_1": "CG",
    "refcode_2": "416",
    "refcode_3": "1",
    "refcode_4": "",
    "refcode_short": "CG 416.1",
    "refcode_long": "Child Guidance, p. 416.1 (Ellen Gould White)",
    "element_type": "p",
    "element_subtype": "standard-indented",
    "content": "<strong>Bible Instruction for God&apos;s People</strong>&mdash;I was directed to the following scriptures. Said the angel, &ldquo;They are to instruct God&apos;s people.&rdquo; <span class=\"egwlink egwlink_bible\" title=\"1 Timothy 2:9\" data-link=\"1965.60628\">1 Timothy 2:9, 10</span>: &ldquo;In like manner also that women adorn themselves in modest apparel, with shamefacedness and sobriety; not with broided hair, or gold, or pearls, or costly array; but (which becometh women professing godliness) with good works.&rdquo; <span class=\"egwlink egwlink_bible\" title=\"1 Peter 3:3\" data-link=\"1965.62071\">1 Peter 3:3-5</span>: &ldquo;Whose adorning let it not be that outward adorning of plaiting of the hair and of wearing of gold, or of putting on of apparel; but let it be the hidden man of the heart, in that which is not corruptible, even the ornament of a meek and quiet spirit, which is in the sight of God of great price. For after this manner in the old time the holy women also, ... adorned themselves.&rdquo;<sup class=\"chapterendnote\"><a class=\"chapterendnote\">12<span class=\"chapterendnote\"><span class=\"egwlink egwlink_book\" title=\"1T 189.1\" data-link=\"116.962\">Testimonies For The Church 1:189</span>.</span></a></sup>",
    "puborder": 1303,
    "translations": [
      {
        "para_id": "14129.1921",
        "lang": "da",
        "refcode": "BIH 399.4"
      },
      {
        "para_id": "157.1990",
        "lang": "es",
        "refcode": "CN 390.1"
      },
      {
        "para_id": "11953.1756",
        "lang": "hu",
        "refcode": "Gyn 290.5"
      },
      {
        "para_id": "12873.2006",
        "lang": "id",
        "refcode": "MABJ 442.3"
      },
      {
        "para_id": "12116.1942",
        "lang": "pl",
        "refcode": "JWD 304.6"
      },
      {
        "para_id": "12116.1941",
        "lang": "pl",
        "refcode": "JWD 304.5"
      },
      {
        "para_id": "1929.3104",
        "lang": "pt",
        "refcode": "OC 271"
      },
      {
        "para_id": "1929.3105",
        "lang": "pt",
        "refcode": "OC 271.1"
      },
      {
        "para_id": "2001.1909",
        "lang": "ro",
        "refcode": "ÎC 416.1"
      },
      {
        "para_id": "1796.1892",
        "lang": "ru",
        "refcode": "ВД 416.1"
      }
    ]
  },
  {
    "para_id": "8.1960",
    "id_prev": "8.1959",
    "id_next": "8.1961",
    "refcode_1": "CG",
    "refcode_2": "416",
    "refcode_3": "2",
    "refcode_4": "",
    "refcode_short": "CG 416.2",
    "refcode_long": "Child Guidance, p. 416.2 (Ellen Gould White)",
    "element_type": "p",
    "element_subtype": "standard-indented",
    "content": "Many look upon these injunctions as too old-fashioned to be worthy of notice; but He who gave them to His disciples understood the dangers from the love of dress in our time, and sent to us the note of warning. Will we heed the warning and be wise?<sup class=\"chapterendnote\"><a class=\"chapterendnote\">13<span class=\"chapterendnote\"><span class=\"egwlink egwlink_book\" title=\"4T 630.1\" data-link=\"114.3120\">Testimonies For The Church 4:630</span>.</span></a></sup>",
    "puborder": 1304,
    "translations": [
      {
        "para_id": "14129.1924",
        "lang": "da",
        "refcode": "BIH 400.1"
      },
      {
        "para_id": "157.1991",
        "lang": "es",
        "refcode": "CN 390.2"
      },
      {
        "para_id": "11953.1758",
        "lang": "hu",
        "refcode": "Gyn 291.1"
      },
      {
        "para_id": "12873.2007",
        "lang": "id",
        "refcode": "MABJ 442.4"
      },
      {
        "para_id": "12116.1943",
        "lang": "pl",
        "refcode": "JWD 304.7"
      },
      {
        "para_id": "1929.3106",
        "lang": "pt",
        "refcode": "OC 271.2"
      },
      {
        "para_id": "2001.1910",
        "lang": "ro",
        "refcode": "ÎC 416.2"
      },
      {
        "para_id": "1796.1893",
        "lang": "ru",
        "refcode": "ВД 416.2"
      }
    ]
  },
  {
    "para_id": "8.1961",
    "id_prev": "8.1960",
    "id_next": "8.1962",
    "refcode_1": "CG",
    "refcode_2": "416",
    "refcode_3": "3",
    "refcode_4": "",
    "refcode_short": "CG 416.3",
    "refcode_long": "Child Guidance, p. 416.3 (Ellen Gould White)",
    "element_type": "p",
    "element_subtype": "standard-indented",
    "content": "Those who are truly seeking to follow Christ will have conscientious scruples in regard to the dress they wear; they will strive to meet the requirements of this injunction [<span class=\"egwlink egwlink_bible\" title=\"1 Peter 3:3\" data-link=\"1965.62071\">1 Peter 3:3-5</span>] so plainly given by the Lord.<sup class=\"chapterendnote\"><a class=\"chapterendnote\">14<span class=\"chapterendnote\"><span class=\"egwlink egwlink_book\" title=\"MYP 345.1\" data-link=\"76.1771\">Messages to Young People, 345, 346</span>.</span></a></sup>",
    "puborder": 1305,
    "translations": [
      {
        "para_id": "14129.1925",
        "lang": "da",
        "refcode": "BIH 400.2"
      },
      {
        "para_id": "157.1992",
        "lang": "es",
        "refcode": "CN 390.3"
      },
      {
        "para_id": "11953.1759",
        "lang": "hu",
        "refcode": "Gyn 291.2"
      },
      {
        "para_id": "12873.2009",
        "lang": "id",
        "refcode": "MABJ 443.1"
      },
      {
        "para_id": "12116.1945",
        "lang": "pl",
        "refcode": "JWD 305.1"
      },
      {
        "para_id": "1929.3107",
        "lang": "pt",
        "refcode": "OC 271.3"
      },
      {
        "para_id": "2001.1911",
        "lang": "ro",
        "refcode": "ÎC 416.3"
      },
      {
        "para_id": "1796.1894",
        "lang": "ru",
        "refcode": "ВД 416.3"
      }
    ]
  },
  {
    "para_id": "8.1962",
    "id_prev": "8.1961",
    "id_next": "8.1964",
    "refcode_1": "CG",
    "refcode_2": "416",
    "refcode_3": "4",
    "refcode_4": "",
    "refcode_short": "CG 416.4",
    "refcode_long": "Child Guidance, p. 416.4 (Ellen Gould White)",
    "element_type": "p",
    "element_subtype": "standard-indented",
    "content": "<strong>Dangers in the Love of Dress</strong>&mdash;The love of dress endangers the morals and makes woman the opposite of the Christian lady, characterized by modesty and sobriety. Showy, extravagant dress too often encourages lust in the heart of the wearer and awakens base passions in the heart of the beholder. God sees that the ruin of the character is frequently preceded by the indulgence of pride and vanity in dress. He sees that the costly apparel stifles the desire to do good.<sup class=\"chapterendnote\"><a class=\"chapterendnote\">15<span class=\"chapterendnote\"><span class=\"egwlink egwlink_book\" title=\"4T 645.1\" data-link=\"114.3199\">Testimonies For The Church 4:645</span>.</span></a></sup>",
    "puborder": 1306,
    "translations": [
      {
        "para_id": "14129.1926",
        "lang": "da",
        "refcode": "BIH 400.3"
      },
      {
        "para_id": "157.1995",
        "lang": "es",
        "refcode": "CN 391.2"
      },
      {
        "para_id": "157.1994",
        "lang": "es",
        "refcode": "CN 391.1"
      },
      {
        "para_id": "11953.1760",
        "lang": "hu",
        "refcode": "Gyn 291.3"
      },
      {
        "para_id": "12873.2010",
        "lang": "id",
        "refcode": "MABJ 443.2"
      },
      {
        "para_id": "12116.1946",
        "lang": "pl",
        "refcode": "JWD 305.2"
      },
      {
        "para_id": "1929.3109",
        "lang": "pt",
        "refcode": "OC 271.4"
      },
      {
        "para_id": "1929.3108",
        "lang": "pt",
        "refcode": "OC 271"
      },
      {
        "para_id": "2001.1912",
        "lang": "ro",
        "refcode": "ÎC 416.4"
      },
      {
        "para_id": "1796.1895",
        "lang": "ru",
        "refcode": "ВД 416.4"
      }
    ]
  },
  {
    "para_id": "8.1964",
    "id_prev": "8.1962",
    "id_next": "8.1965",
    "refcode_1": "CG",
    "refcode_2": "417",
    "refcode_3": "1",
    "refcode_4": "",
    "refcode_short": "CG 417.1",
    "refcode_long": "Child Guidance, p. 417.1 (Ellen Gould White)",
    "element_type": "p",
    "element_subtype": "standard-indented",
    "content": "<strong>The Witness of Simplicity in Dress</strong>&mdash;Simple, plain, unpretending dress will be a recommendation to my youthful sisters. In no better way can you let your light shine to others than in your simplicity of dress and deportment. You may show to all that, in comparison with eternal things, you place a proper estimate upon the things of this life.<sup class=\"chapterendnote\"><a class=\"chapterendnote\">16<span class=\"chapterendnote\"><span class=\"egwlink egwlink_book\" title=\"3T 376.1\" data-link=\"119.1741\">Testimonies For The Church 3:376</span>.</span></a></sup>",
    "puborder": 1307,
    "translations": [
      {
        "para_id": "14129.1927",
        "lang": "da",
        "refcode": "BIH 400.4"
      },
      {
        "para_id": "157.1996",
        "lang": "es",
        "refcode": "CN 391.3"
      },
      {
        "para_id": "11953.1761",
        "lang": "hu",
        "refcode": "Gyn 291.4"
      },
      {
        "para_id": "12873.2011",
        "lang": "id",
        "refcode": "MABJ 443.3"
      },
      {
        "para_id": "12116.1947",
        "lang": "pl",
        "refcode": "JWD 305.3"
      },
      {
        "para_id": "1929.3111",
        "lang": "pt",
        "refcode": "OC 271"
      },
      {
        "para_id": "1929.3112",
        "lang": "pt",
        "refcode": "OC 271.5"
      },
      {
        "para_id": "2001.1914",
        "lang": "ro",
        "refcode": "ÎC 417.1"
      },
      {
        "para_id": "1796.1897",
        "lang": "ru",
        "refcode": "ВД 417.1"
      }
    ]
  },
  {
    "para_id": "8.1965",
    "id_prev": "8.1964",
    "id_next": "8.1966",
    "refcode_1": "CG",
    "refcode_2": "417",
    "refcode_3": "2",
    "refcode_4": "",
    "refcode_short": "CG 417.2",
    "refcode_long": "Child Guidance, p. 417.2 (Ellen Gould White)",
    "element_type": "p",
    "element_subtype": "standard-indented",
    "content": "<strong>Modesty Will Shield From a Thousand Perils</strong>&mdash;My sisters, avoid even the appearance of evil. In this fast age, reeking with corruption, you are not safe unless you stand guarded. Virtue and modesty are rare. I appeal to you as followers of Christ, making an exalted profession, to cherish the precious, priceless gem of modesty. This will guard virtue.<sup class=\"chapterendnote\"><a class=\"chapterendnote\">17<span class=\"chapterendnote\"><span class=\"egwlink egwlink_book\" title=\"2T 458.1\" data-link=\"120.1993\">Testimonies For The Church 2:458</span>.</span></a></sup>",
    "puborder": 1308,
    "translations": [
      {
        "para_id": "14129.1929",
        "lang": "da",
        "refcode": "BIH 401.1"
      },
      {
        "para_id": "157.1997",
        "lang": "es",
        "refcode": "CN 391.4"
      },
      {
        "para_id": "11953.1762",
        "lang": "hu",
        "refcode": "Gyn 291.5"
      },
      {
        "para_id": "12873.2012",
        "lang": "id",
        "refcode": "MABJ 443.4"
      },
      {
        "para_id": "12116.1948",
        "lang": "pl",
        "refcode": "JWD 305.4"
      },
      {
        "para_id": "1929.3114",
        "lang": "pt",
        "refcode": "OC 272"
      },
      {
        "para_id": "1929.3115",
        "lang": "pt",
        "refcode": "OC 272.1"
      },
      {
        "para_id": "2001.1915",
        "lang": "ro",
        "refcode": "ÎC 417.2"
      },
      {
        "para_id": "1796.1898",
        "lang": "ru",
        "refcode": "ВД 417.2"
      }
    ]
  },
  {
    "para_id": "8.1966",
    "id_prev": "8.1965",
    "id_next": "8.1967",
    "refcode_1": "CG",
    "refcode_2": "417",
    "refcode_3": "3",
    "refcode_4": "",
    "refcode_short": "CG 417.3",
    "refcode_long": "Child Guidance, p. 417.3 (Ellen Gould White)",
    "element_type": "p",
    "element_subtype": "standard-indented",
    "content": "Chaste simplicity in dress, when united with modesty of demeanor, will go far toward surrounding a young woman with that atmosphere of sacred reserve which will be to her a shield from a thousand perils.<sup class=\"chapterendnote\"><a class=\"chapterendnote\">18<span class=\"chapterendnote\"><span class=\"egwlink egwlink_book\" title=\"Ed 248.1\" data-link=\"29.1308\">Education, 248</span>.</span></a></sup>",
    "puborder": 1309,
    "translations": [
      {
        "para_id": "14129.1930",
        "lang": "da",
        "refcode": "BIH 401.2"
      },
      {
        "para_id": "157.1998",
        "lang": "es",
        "refcode": "CN 391.5"
      },
      {
        "para_id": "11953.1763",
        "lang": "hu",
        "refcode": "Gyn 291.6"
      },
      {
        "para_id": "12873.2013",
        "lang": "id",
        "refcode": "MABJ 443.5"
      },
      {
        "para_id": "12116.1949",
        "lang": "pl",
        "refcode": "JWD 305.5"
      },
      {
        "para_id": "1929.3116",
        "lang": "pt",
        "refcode": "OC 272.2"
      },
      {
        "para_id": "2001.1916",
        "lang": "ro",
        "refcode": "ÎC 417.3"
      },
      {
        "para_id": "1796.1899",
        "lang": "ru",
        "refcode": "ВД 417.3"
      }
    ]
  },
  {
    "para_id": "8.1967",
    "id_prev": "8.1966",
    "id_next": "8.1968",
    "refcode_1": "CG",
    "refcode_2": "417",
    "refcode_3": "4",
    "refcode_4": "",
    "refcode_short": "CG 417.4",
    "refcode_long": "Child Guidance, p. 417.4 (Ellen Gould White)",
    "element_type": "p",
    "element_subtype": "standard-indented",
    "content": "<strong>An Old-fashioned Idea</strong>&mdash;To train children to walk in the narrow path of purity and holiness is thought an altogether odd and old-fashioned idea. This is prevalent even among parents who profess to worship God, but their works testify that they are worshipers of mammon. They are ambitious to compete with their neighbors and to compare favorably, in the dress of themselves and their children, with the members of the church to which they belong.<sup class=\"chapterendnote\"><a class=\"chapterendnote\">19<span class=\"chapterendnote\"><span class=\"egwlink egwlink_book\" title=\"ST 9-10-1894\" data-link=\"820.12414\">The Signs of the Times, September 10, 1894</span>.</span></a></sup>",
    "puborder": 1310,
    "translations": [
      {
        "para_id": "14129.1931",
        "lang": "da",
        "refcode": "BIH 401.3"
      },
      {
        "para_id": "157.1999",
        "lang": "es",
        "refcode": "CN 391.6"
      },
      {
        "para_id": "11953.1764",
        "lang": "hu",
        "refcode": "Gyn 291.7"
      },
      {
        "para_id": "12873.2014",
        "lang": "id",
        "refcode": "MABJ 443.6"
      },
      {
        "para_id": "12116.1950",
        "lang": "pl",
        "refcode": "JWD 305.6"
      },
      {
        "para_id": "1929.3118",
        "lang": "pt",
        "refcode": "OC 272.3"
      },
      {
        "para_id": "1929.3117",
        "lang": "pt",
        "refcode": "OC 272"
      },
      {
        "para_id": "2001.1917",
        "lang": "ro",
        "refcode": "ÎC 417.4"
      },
      {
        "para_id": "1796.1900",
        "lang": "ru",
        "refcode": "ВД 417.4"
      }
    ]
  },
  {
    "para_id": "8.1968",
    "id_prev": "8.1967",
    "id_next": "8.1971",
    "refcode_1": "CG",
    "refcode_2": "417",
    "refcode_3": "5",
    "refcode_4": "",
    "refcode_short": "CG 417.5",
    "refcode_long": "Child Guidance, p. 417.5 (Ellen Gould White)",
    "element_type": "p",
    "element_subtype": "standard-indented",
    "content": "<strong>The Only Dress Admitted Into Heaven</strong>&mdash;There is a dress which every child and youth may innocently seek to obtain. It is the righteousness of the saints. If they will only be as willing and persevering in obtaining this as they are in fashioning their garments after the standard <span class=\"page-break\" data-page=\"418\"></span> of worldly society, they will very soon be clothed with the righteousness of Christ, and their names will not be blotted out of the book of life. Mothers, as well as youth and children, need to pray, &ldquo;Create in me a clean heart, O God, and renew a right spirit within me.&rdquo; [<span class=\"egwlink egwlink_bible\" title=\"Psalm 51:10\" data-link=\"1965.29953\">Psalm 51:10</span>.] This purity of heart and loveliness of spirit are more precious than gold, both for time and for eternity. Only the pure in heart shall see God.",
    "puborder": 1311,
    "translations": [
      {
        "para_id": "14129.1932",
        "lang": "da",
        "refcode": "BIH 401.4"
      },
      {
        "para_id": "157.2002",
        "lang": "es",
        "refcode": "CN 392.1"
      },
      {
        "para_id": "11953.1767",
        "lang": "hu",
        "refcode": "Gyn 292.1"
      },
      {
        "para_id": "12873.2017",
        "lang": "id",
        "refcode": "MABJ 444.1"
      },
      {
        "para_id": "12116.1953",
        "lang": "pl",
        "refcode": "JWD 306.1"
      },
      {
        "para_id": "1929.3120",
        "lang": "pt",
        "refcode": "OC 272.4"
      },
      {
        "para_id": "1929.3119",
        "lang": "pt",
        "refcode": "OC 272"
      },
      {
        "para_id": "2001.1918",
        "lang": "ro",
        "refcode": "ÎC 417.5"
      },
      {
        "para_id": "1796.1901",
        "lang": "ru",
        "refcode": "ВД 417.5"
      }
    ]
  },
  {
    "para_id": "8.1971",
    "id_prev": "8.1968",
    "id_next": "8.1973",
    "refcode_1": "CG",
    "refcode_2": "418",
    "refcode_3": "1",
    "refcode_4": "",
    "refcode_short": "CG 418.1",
    "refcode_long": "Child Guidance, p. 418.1 (Ellen Gould White)",
    "element_type": "p",
    "element_subtype": "standard-indented",
    "content": "Then, mothers, teach your children, line upon line and precept upon precept, that the righteousness of Christ is the only dress in which they can be admitted into heaven, and that robed in this apparel they will be constantly doing duties in this life which will glorify God.<sup class=\"chapterendnote\"><a class=\"chapterendnote\">20<span class=\"chapterendnote\"><span class=\"egwlink egwlink_book\" title=\"CTBH 95.1\" data-link=\"14.454\">Christian Temperance and Bible Hygiene, 95</span>.</span></a></sup>",
    "puborder": 1312,
    "translations": [
      {
        "para_id": "14129.1933",
        "lang": "da",
        "refcode": "BIH 401.5"
      },
      {
        "para_id": "157.2003",
        "lang": "es",
        "refcode": "CN 392.2"
      },
      {
        "para_id": "11953.1768",
        "lang": "hu",
        "refcode": "Gyn 292.2"
      },
      {
        "para_id": "12873.2018",
        "lang": "id",
        "refcode": "MABJ 444.2"
      },
      {
        "para_id": "12116.1956",
        "lang": "pl",
        "refcode": "JWD 306.4"
      },
      {
        "para_id": "1929.3123",
        "lang": "pt",
        "refcode": "OC 272.5"
      },
      {
        "para_id": "2001.1918",
        "lang": "ro",
        "refcode": "ÎC 417.5"
      },
      {
        "para_id": "1796.1904",
        "lang": "ru",
        "refcode": "ВД 418.1"
      }
    ]
  }
]