[
  {
    "para_id": "8.215",
    "id_prev": "8.213",
    "id_next": "8.216",
    "refcode_1": "CG",
    "refcode_2": "53",
    "refcode_3": "",
    "refcode_4": "7",
    "refcode_short": "CG 53",
    "refcode_long": "Child Guidance, p. 53 (Ellen Gould White)",
    "element_type": "h3",
    "element_subtype": "",
    "content": "Chapter 7&mdash;Practical Lessons from Nature&apos;s Book",
    "puborder": 132,
    "translations": [
      {
        "para_id": "14129.203",
        "lang": "da",
        "refcode": "BIH 51"
      },
      {
        "para_id": "157.269",
        "lang": "es",
        "refcode": "CN 51"
      },
      {
        "para_id": "11953.182",
        "lang": "hu",
        "refcode": "Gyn 34"
      },
      {
        "para_id": "12873.202",
        "lang": "id",
        "refcode": "MABJ 49"
      },
      {
        "para_id": "12116.226",
        "lang": "pl",
        "refcode": "JWD 39"
      },
      {
        "para_id": "1929.298",
        "lang": "pt",
        "refcode": "OC 29"
      },
      {
        "para_id": "2001.198",
        "lang": "ro",
        "refcode": "ÎC 53"
      },
      {
        "para_id": "1796.181",
        "lang": "ru",
        "refcode": "ВД 53"
      }
    ]
  },
  {
    "para_id": "8.216",
    "id_prev": "8.215",
    "id_next": "8.217",
    "refcode_1": "CG",
    "refcode_2": "53",
    "refcode_3": "1",
    "refcode_4": "",
    "refcode_short": "CG 53.1",
    "refcode_long": "Child Guidance, p. 53.1 (Ellen Gould White)",
    "element_type": "p",
    "element_subtype": "standard-indented",
    "content": "<strong>God&apos;s Voice in His Handiwork</strong>&mdash;Wherever we turn, we hear the voice of God and behold His handiwork. From the solemn roll of the deep-toned thunder and old ocean&apos;s ceaseless roar, to the glad songs that make the forests vocal with melody, nature&apos;s ten thousand voices speak His praise. In earth and sea and sky, with their marvelous tint and color, varying in gorgeous contrast or blended in harmony, we behold His glory. The everlasting hills tell of His power. The trees that wave their green banners in the sunlight, and the flowers in their delicate beauty, point to their Creator. The living green that carpets the brown earth tells of God&apos;s care for the humblest of His creatures. The caves of the sea and the depths of the earth reveal His treasures. He who placed the pearls in the ocean and the amethyst and chrysolite among the rocks is a lover of the beautiful. The sun rising in the heavens is a representative of Him who is the life and light of all that He has made. All the brightness and beauty that adorn the earth and light up the heavens speak of God.",
    "puborder": 133,
    "translations": [
      {
        "para_id": "14129.204",
        "lang": "da",
        "refcode": "BIH 51.1"
      },
      {
        "para_id": "157.271",
        "lang": "es",
        "refcode": "CN 51.2"
      },
      {
        "para_id": "157.270",
        "lang": "es",
        "refcode": "CN 51.1"
      },
      {
        "para_id": "11953.183",
        "lang": "hu",
        "refcode": "Gyn 34.1"
      },
      {
        "para_id": "11953.184",
        "lang": "hu",
        "refcode": "Gyn 34.2"
      },
      {
        "para_id": "12873.203",
        "lang": "id",
        "refcode": "MABJ 49.1"
      },
      {
        "para_id": "12116.227",
        "lang": "pl",
        "refcode": "JWD 39.3"
      },
      {
        "para_id": "1929.302",
        "lang": "pt",
        "refcode": "OC 29.2"
      },
      {
        "para_id": "1929.301",
        "lang": "pt",
        "refcode": "OC 29.1"
      },
      {
        "para_id": "1929.300",
        "lang": "pt",
        "refcode": "OC 29"
      },
      {
        "para_id": "2001.199",
        "lang": "ro",
        "refcode": "ÎC 53.1"
      },
      {
        "para_id": "1796.182",
        "lang": "ru",
        "refcode": "ВД 53.1"
      }
    ]
  },
  {
    "para_id": "8.217",
    "id_prev": "8.216",
    "id_next": "8.220",
    "refcode_1": "CG",
    "refcode_2": "53",
    "refcode_3": "2",
    "refcode_4": "",
    "refcode_short": "CG 53.2",
    "refcode_long": "Child Guidance, p. 53.2 (Ellen Gould White)",
    "element_type": "p",
    "element_subtype": "standard-indented",
    "content": "Shall we, then, in the enjoyment of His gifts, forget the Giver? Let them rather lead us to contemplate His goodness and His love. Let all that is beautiful in our earthly home remind us of the crystal river and green fields, the waving trees and living fountains, the shining city and the white-robed singers, of our heavenly home&mdash;that world of beauty which no artist can picture, no <span class=\"page-break\" data-page=\"54\"></span> mortal tongue describe. &ldquo;Eye hath not seen, nor ear heard, neither have entered into the heart of man, the things which God hath prepared for them that love him.&rdquo; <span class=\"egwlink egwlink_bible\" title=\"1 Corinthians 2:9\" data-link=\"1965.57919\">1 Corinthians 2:9</span>.<sup class=\"chapterendnote\"><a class=\"chapterendnote\">1<span class=\"chapterendnote\"><span class=\"egwlink egwlink_book\" title=\"CT 54.1\" data-link=\"23.232\">Counsels to Parents, Teachers, and Students, 54, 55</span>.</span></a></sup>",
    "puborder": 134,
    "translations": [
      {
        "para_id": "14129.205",
        "lang": "da",
        "refcode": "BIH 51.2"
      },
      {
        "para_id": "157.272",
        "lang": "es",
        "refcode": "CN 51.3"
      },
      {
        "para_id": "11953.185",
        "lang": "hu",
        "refcode": "Gyn 34.3"
      },
      {
        "para_id": "12873.206",
        "lang": "id",
        "refcode": "MABJ 50.1"
      },
      {
        "para_id": "12116.230",
        "lang": "pl",
        "refcode": "JWD 40.1"
      },
      {
        "para_id": "1929.303",
        "lang": "pt",
        "refcode": "OC 29.3"
      },
      {
        "para_id": "2001.200",
        "lang": "ro",
        "refcode": "ÎC 53.2"
      },
      {
        "para_id": "1796.183",
        "lang": "ru",
        "refcode": "ВД 53.2"
      }
    ]
  },
  {
    "para_id": "8.220",
    "id_prev": "8.217",
    "id_next": "8.221",
    "refcode_1": "CG",
    "refcode_2": "54",
    "refcode_3": "1",
    "refcode_4": "",
    "refcode_short": "CG 54.1",
    "refcode_long": "Child Guidance, p. 54.1 (Ellen Gould White)",
    "element_type": "p",
    "element_subtype": "standard-indented",
    "content": "<strong>Of God&apos;s Love and Character</strong>&mdash;Mothers ... should not be so engrossed with the artificial and burdened with care that they cannot have time to educate their children from God&apos;s great book of nature, impressing their young minds with the beauties of opening buds and flowers. The lofty trees, the lovely birds caroling forth their happy songs to their Creator, speak to their senses of the goodness, mercy, and benevolence of God. Every leaf and flower with their varied tints, perfuming the air, teach them that God is love. All that is good and lovely and beautiful in this world speaks to them of the love of our heavenly Father. The character of God they may discern in His created works.<sup class=\"chapterendnote\"><a class=\"chapterendnote\">2<span class=\"chapterendnote\"><span class=\"egwlink egwlink_book\" title=\"ST 8-5-1875\" data-link=\"820.134\">The Signs of the Times, August 5, 1879</span>.</span></a></sup>",
    "puborder": 135,
    "translations": [
      {
        "para_id": "14129.208",
        "lang": "da",
        "refcode": "BIH 52.1"
      },
      {
        "para_id": "157.275",
        "lang": "es",
        "refcode": "CN 52.1"
      },
      {
        "para_id": "11953.186",
        "lang": "hu",
        "refcode": "Gyn 34.4"
      },
      {
        "para_id": "12873.207",
        "lang": "id",
        "refcode": "MABJ 50.2"
      },
      {
        "para_id": "12116.231",
        "lang": "pl",
        "refcode": "JWD 40.2"
      },
      {
        "para_id": "1929.307",
        "lang": "pt",
        "refcode": "OC 30"
      },
      {
        "para_id": "1929.308",
        "lang": "pt",
        "refcode": "OC 30.1"
      },
      {
        "para_id": "2001.203",
        "lang": "ro",
        "refcode": "ÎC 54.1"
      },
      {
        "para_id": "1796.185",
        "lang": "ru",
        "refcode": "ВД 54.1"
      }
    ]
  },
  {
    "para_id": "8.221",
    "id_prev": "8.220",
    "id_next": "8.222",
    "refcode_1": "CG",
    "refcode_2": "54",
    "refcode_3": "2",
    "refcode_4": "",
    "refcode_short": "CG 54.2",
    "refcode_long": "Child Guidance, p. 54.2 (Ellen Gould White)",
    "element_type": "p",
    "element_subtype": "standard-indented",
    "content": "<strong>Of God&apos;s Perfection</strong>&mdash;As the things of nature show their appreciation of the Master Worker by doing their best to beautify the earth and to represent God&apos;s perfection, so human beings should strive in their sphere to represent God&apos;s perfection, allowing Him to work out through them His purposes of justice, mercy, and goodness.<sup class=\"chapterendnote\"><a class=\"chapterendnote\">3<span class=\"chapterendnote\"><span class=\"egwlink egwlink_book\" title=\"Lt 47, 1903\" data-link=\"14068.9807001\">Letter 47, 1903</span>.</span></a></sup>",
    "puborder": 136,
    "translations": [
      {
        "para_id": "14129.209",
        "lang": "da",
        "refcode": "BIH 52.2"
      },
      {
        "para_id": "157.276",
        "lang": "es",
        "refcode": "CN 52.2"
      },
      {
        "para_id": "11953.189",
        "lang": "hu",
        "refcode": "Gyn 35.1"
      },
      {
        "para_id": "12873.209",
        "lang": "id",
        "refcode": "MABJ 51.1"
      },
      {
        "para_id": "12116.232",
        "lang": "pl",
        "refcode": "JWD 40.3"
      },
      {
        "para_id": "1929.309",
        "lang": "pt",
        "refcode": "OC 30"
      },
      {
        "para_id": "1929.310",
        "lang": "pt",
        "refcode": "OC 30.2"
      },
      {
        "para_id": "2001.204",
        "lang": "ro",
        "refcode": "ÎC 54.2"
      },
      {
        "para_id": "1796.186",
        "lang": "ru",
        "refcode": "ВД 54.2"
      }
    ]
  },
  {
    "para_id": "8.222",
    "id_prev": "8.221",
    "id_next": "8.225",
    "refcode_1": "CG",
    "refcode_2": "54",
    "refcode_3": "3",
    "refcode_4": "",
    "refcode_short": "CG 54.3",
    "refcode_long": "Child Guidance, p. 54.3 (Ellen Gould White)",
    "element_type": "p",
    "element_subtype": "standard-indented",
    "content": "<strong>Of the Creator and the Sabbath</strong>&mdash;Who gives us the sunshine which makes the earth bring forth and bear? and who the fruitful showers? Who has given us the heavens above and the sun and stars in the heavens? Who gave you your reason, and who keeps watch over you from day to day? ... Every time we look at the world, we are reminded of the mighty hand of God <span class=\"page-break\" data-page=\"55\"></span> which called it into existence. The canopy over our head, and the earth beneath covered with a carpet of green, call to remembrance the power of God and also His loving-kindness. He might have made the grass brown or black, but God is a lover of the beautiful, and therefore He has given us beautiful things upon which to look. Who could paint upon the flowers the delicate tint with which God has clothed them? ...",
    "puborder": 137,
    "translations": [
      {
        "para_id": "14129.210",
        "lang": "da",
        "refcode": "BIH 52.3"
      },
      {
        "para_id": "157.277",
        "lang": "es",
        "refcode": "CN 52.3"
      },
      {
        "para_id": "11953.190",
        "lang": "hu",
        "refcode": "Gyn 35.2"
      },
      {
        "para_id": "12873.210",
        "lang": "id",
        "refcode": "MABJ 51.2"
      },
      {
        "para_id": "12116.233",
        "lang": "pl",
        "refcode": "JWD 40.4"
      },
      {
        "para_id": "1929.312",
        "lang": "pt",
        "refcode": "OC 30.3"
      },
      {
        "para_id": "1929.311",
        "lang": "pt",
        "refcode": "OC 30"
      },
      {
        "para_id": "2001.205",
        "lang": "ro",
        "refcode": "ÎC 54.3"
      },
      {
        "para_id": "1796.187",
        "lang": "ru",
        "refcode": "ВД 54.3"
      }
    ]
  },
  {
    "para_id": "8.225",
    "id_prev": "8.222",
    "id_next": "8.226",
    "refcode_1": "CG",
    "refcode_2": "55",
    "refcode_3": "1",
    "refcode_4": "",
    "refcode_short": "CG 55.1",
    "refcode_long": "Child Guidance, p. 55.1 (Ellen Gould White)",
    "element_type": "p",
    "element_subtype": "standard-indented",
    "content": "We can have no better lesson book than nature. &ldquo;Consider the lilies of the field; ... they toil not, neither do they spin: and yet I say unto you, That even Solomon in all his glory was not arrayed like one of these.&rdquo; Let the minds of our children be carried up to God. It is for this that He has given us the seventh day and left it as a memorial of His created works.<sup class=\"chapterendnote\"><a class=\"chapterendnote\">4<span class=\"chapterendnote\"><span class=\"egwlink egwlink_book\" title=\"Ms 16, 1895\" data-link=\"14060.4989001\">Manuscript 16, 1895</span>.</span></a></sup>",
    "puborder": 138,
    "translations": [
      {
        "para_id": "14129.213",
        "lang": "da",
        "refcode": "BIH 53.1"
      },
      {
        "para_id": "157.280",
        "lang": "es",
        "refcode": "CN 53.1"
      },
      {
        "para_id": "11953.191",
        "lang": "hu",
        "refcode": "Gyn 35.3"
      },
      {
        "para_id": "12873.211",
        "lang": "id",
        "refcode": "MABJ 51.3"
      },
      {
        "para_id": "12116.236",
        "lang": "pl",
        "refcode": "JWD 41.1"
      },
      {
        "para_id": "1929.315",
        "lang": "pt",
        "refcode": "OC 30.5"
      },
      {
        "para_id": "2001.208",
        "lang": "ro",
        "refcode": "ÎC 55.1"
      },
      {
        "para_id": "1796.190",
        "lang": "ru",
        "refcode": "ВД 55.1"
      }
    ]
  },
  {
    "para_id": "8.226",
    "id_prev": "8.225",
    "id_next": "8.227",
    "refcode_1": "CG",
    "refcode_2": "55",
    "refcode_3": "2",
    "refcode_4": "",
    "refcode_short": "CG 55.2",
    "refcode_long": "Child Guidance, p. 55.2 (Ellen Gould White)",
    "element_type": "p",
    "element_subtype": "standard-indented",
    "content": "<strong>Obedience to Law</strong>&mdash;The same power that upholds nature is working also in man. The same great laws that guide alike the star and the atom control human life. The laws that govern the heart&apos;s action, regulating the flow of the current of life to the body, are the laws of the mighty Intelligence that has the jurisdiction of the soul. From Him all life proceeds. Only in harmony with Him can be found its true sphere of action. For all the objects of His creation the condition is the same&mdash;a life sustained by receiving the life of God, a life exercised in harmony with the Creator&apos;s will. To transgress His law&mdash;physical, mental, or moral&mdash;is to place one&apos;s self out of harmony with the universe, to introduce discord, anarchy, ruin.",
    "puborder": 139,
    "translations": [
      {
        "para_id": "14129.214",
        "lang": "da",
        "refcode": "BIH 53.2"
      },
      {
        "para_id": "157.281",
        "lang": "es",
        "refcode": "CN 53.2"
      },
      {
        "para_id": "11953.192",
        "lang": "hu",
        "refcode": "Gyn 35.4"
      },
      {
        "para_id": "12873.212",
        "lang": "id",
        "refcode": "MABJ 51.4"
      },
      {
        "para_id": "12116.237",
        "lang": "pl",
        "refcode": "JWD 41.2"
      },
      {
        "para_id": "1929.318",
        "lang": "pt",
        "refcode": "OC 31"
      },
      {
        "para_id": "1929.319",
        "lang": "pt",
        "refcode": "OC 31.1"
      },
      {
        "para_id": "2001.209",
        "lang": "ro",
        "refcode": "ÎC 55.2"
      },
      {
        "para_id": "1796.191",
        "lang": "ru",
        "refcode": "ВД 55.2"
      }
    ]
  },
  {
    "para_id": "8.227",
    "id_prev": "8.226",
    "id_next": "8.230",
    "refcode_1": "CG",
    "refcode_2": "55",
    "refcode_3": "3",
    "refcode_4": "",
    "refcode_short": "CG 55.3",
    "refcode_long": "Child Guidance, p. 55.3 (Ellen Gould White)",
    "element_type": "p",
    "element_subtype": "standard-indented",
    "content": "To him who learns thus to interpret its teachings, all nature becomes illuminated; the world is a lesson book, life a school. The unity of man with nature and with God, the universal dominion of law, the results of <span class=\"page-break\" data-page=\"56\"></span> transgression, cannot fail of impressing the mind and molding the character. These are lessons that our children need to learn.<sup class=\"chapterendnote\"><a class=\"chapterendnote\">5<span class=\"chapterendnote\"><span class=\"egwlink egwlink_book\" title=\"Ed 99.1\" data-link=\"29.470\">Education, 99, 100</span>.</span></a></sup>",
    "puborder": 140,
    "translations": [
      {
        "para_id": "14129.215",
        "lang": "da",
        "refcode": "BIH 53.3"
      },
      {
        "para_id": "157.282",
        "lang": "es",
        "refcode": "CN 53.3"
      },
      {
        "para_id": "11953.195",
        "lang": "hu",
        "refcode": "Gyn 36.1"
      },
      {
        "para_id": "12873.215",
        "lang": "id",
        "refcode": "MABJ 52.1"
      },
      {
        "para_id": "12116.238",
        "lang": "pl",
        "refcode": "JWD 41.3"
      },
      {
        "para_id": "1929.320",
        "lang": "pt",
        "refcode": "OC 31.2"
      },
      {
        "para_id": "2001.210",
        "lang": "ro",
        "refcode": "ÎC 55.3"
      },
      {
        "para_id": "1796.192",
        "lang": "ru",
        "refcode": "ВД 55.3"
      }
    ]
  },
  {
    "para_id": "8.230",
    "id_prev": "8.227",
    "id_next": "8.231",
    "refcode_1": "CG",
    "refcode_2": "56",
    "refcode_3": "1",
    "refcode_4": "",
    "refcode_short": "CG 56.1",
    "refcode_long": "Child Guidance, p. 56.1 (Ellen Gould White)",
    "element_type": "p",
    "element_subtype": "standard-indented",
    "content": "<strong>Other Lessons From Nature&apos;s Laws</strong>&mdash;In the cultivation of the soil the thoughtful worker will find that treasures little dreamed of are opening up before him. No one can succeed in agriculture or gardening without attention to the laws involved. The special needs of every variety of plant must be studied. Different varieties require different soil and cultivation, and compliance with the laws governing each is the condition of success.",
    "puborder": 141,
    "translations": [
      {
        "para_id": "14129.217",
        "lang": "da",
        "refcode": "BIH 53.5"
      },
      {
        "para_id": "157.286",
        "lang": "es",
        "refcode": "CN 54.2"
      },
      {
        "para_id": "11953.196",
        "lang": "hu",
        "refcode": "Gyn 36.2"
      },
      {
        "para_id": "12873.216",
        "lang": "id",
        "refcode": "MABJ 52.2"
      },
      {
        "para_id": "12116.239",
        "lang": "pl",
        "refcode": "JWD 41.4"
      },
      {
        "para_id": "1929.324",
        "lang": "pt",
        "refcode": "OC 31.3"
      },
      {
        "para_id": "1929.323",
        "lang": "pt",
        "refcode": "OC 31"
      },
      {
        "para_id": "2001.213",
        "lang": "ro",
        "refcode": "ÎC 56.1"
      },
      {
        "para_id": "1796.195",
        "lang": "ru",
        "refcode": "ВД 56.1"
      }
    ]
  },
  {
    "para_id": "8.231",
    "id_prev": "8.230",
    "id_next": "8.232",
    "refcode_1": "CG",
    "refcode_2": "56",
    "refcode_3": "2",
    "refcode_4": "",
    "refcode_short": "CG 56.2",
    "refcode_long": "Child Guidance, p. 56.2 (Ellen Gould White)",
    "element_type": "p",
    "element_subtype": "standard-indented",
    "content": "The attention required in transplanting, that not even a root fiber shall be crowded or misplaced, the care of the young plants, the pruning and watering, the shielding from frost at night and sun by day, keeping out weeds, disease, and insect pests, the training and arranging, not only teach important lessons concerning the development of character, but the work itself is a means of development. In cultivating carefulness, patience, attention to detail, obedience to law, it imparts a most essential training.",
    "puborder": 142,
    "translations": [
      {
        "para_id": "14129.220",
        "lang": "da",
        "refcode": "BIH 54.1"
      },
      {
        "para_id": "157.286",
        "lang": "es",
        "refcode": "CN 54.2"
      },
      {
        "para_id": "11953.197",
        "lang": "hu",
        "refcode": "Gyn 36.3"
      },
      {
        "para_id": "12873.217",
        "lang": "id",
        "refcode": "MABJ 52.3"
      },
      {
        "para_id": "12116.241",
        "lang": "pl",
        "refcode": "JWD 42.1"
      },
      {
        "para_id": "1929.325",
        "lang": "pt",
        "refcode": "OC 31.4"
      },
      {
        "para_id": "2001.214",
        "lang": "ro",
        "refcode": "ÎC 56.2"
      },
      {
        "para_id": "1796.196",
        "lang": "ru",
        "refcode": "ВД 56.2"
      }
    ]
  },
  {
    "para_id": "8.232",
    "id_prev": "8.231",
    "id_next": "8.233",
    "refcode_1": "CG",
    "refcode_2": "56",
    "refcode_3": "3",
    "refcode_4": "",
    "refcode_short": "CG 56.3",
    "refcode_long": "Child Guidance, p. 56.3 (Ellen Gould White)",
    "element_type": "p",
    "element_subtype": "standard-indented",
    "content": "The constant contact with the mystery of life and the loveliness of nature, as well as the tenderness called forth in ministering to these beautiful objects of God&apos;s creation, tends to quicken the mind and refine and elevate the character; and the lessons taught prepare the worker to deal more successfully with other minds.<sup class=\"chapterendnote\"><a class=\"chapterendnote\">6<span class=\"chapterendnote\"><span class=\"egwlink egwlink_book\" title=\"Ed 111.3\" data-link=\"29.539\">Ibid</span>.</span></a></sup>",
    "puborder": 143,
    "translations": [
      {
        "para_id": "14129.221",
        "lang": "da",
        "refcode": "BIH 54.2"
      },
      {
        "para_id": "157.286",
        "lang": "es",
        "refcode": "CN 54.2"
      },
      {
        "para_id": "11953.197",
        "lang": "hu",
        "refcode": "Gyn 36.3"
      },
      {
        "para_id": "12873.219",
        "lang": "id",
        "refcode": "MABJ 53.1"
      },
      {
        "para_id": "12116.242",
        "lang": "pl",
        "refcode": "JWD 42.2"
      },
      {
        "para_id": "1929.326",
        "lang": "pt",
        "refcode": "OC 31.5"
      },
      {
        "para_id": "2001.215",
        "lang": "ro",
        "refcode": "ÎC 56.3"
      },
      {
        "para_id": "1796.197",
        "lang": "ru",
        "refcode": "ВД 56.3"
      }
    ]
  },
  {
    "para_id": "8.233",
    "id_prev": "8.232",
    "id_next": "8.236",
    "refcode_1": "CG",
    "refcode_2": "56",
    "refcode_3": "4",
    "refcode_4": "",
    "refcode_short": "CG 56.4",
    "refcode_long": "Child Guidance, p. 56.4 (Ellen Gould White)",
    "element_type": "p",
    "element_subtype": "standard-indented",
    "content": "<strong>Lessons From Seed Sowing</strong>&mdash;The parable of the sower and the seed conveys a deep spiritual lesson. The seed represents the principles sown in the heart, and its growth the development of character. Make the teaching on this point practical. The children can prepare the soil <span class=\"page-break\" data-page=\"57\"></span> and sow the seed; and as they work, the parent or teacher can explain to them the garden of the heart, with the good or bad seed sown there; and that as the garden must be prepared for the natural seed, so the heart must be prepared for the seed of truth. As the plant grows, the correspondence between the natural and the spiritual sowing can be continued.<sup class=\"chapterendnote\"><a class=\"chapterendnote\">7<span class=\"chapterendnote\"><span class=\"egwlink egwlink_book\" title=\"CT 142.1\" data-link=\"23.671\">Counsels to Parents, Teachers, and Students, 142</span>.</span></a></sup>",
    "puborder": 144,
    "translations": [
      {
        "para_id": "14129.222",
        "lang": "da",
        "refcode": "BIH 54.3"
      },
      {
        "para_id": "157.287",
        "lang": "es",
        "refcode": "CN 54.3"
      },
      {
        "para_id": "11953.198",
        "lang": "hu",
        "refcode": "Gyn 36.4"
      },
      {
        "para_id": "12873.220",
        "lang": "id",
        "refcode": "MABJ 53.2"
      },
      {
        "para_id": "12116.243",
        "lang": "pl",
        "refcode": "JWD 42.3"
      },
      {
        "para_id": "1929.329",
        "lang": "pt",
        "refcode": "OC 32.1"
      },
      {
        "para_id": "1929.328",
        "lang": "pt",
        "refcode": "OC 32"
      },
      {
        "para_id": "2001.216",
        "lang": "ro",
        "refcode": "ÎC 56.4"
      },
      {
        "para_id": "1796.198",
        "lang": "ru",
        "refcode": "ВД 56.4"
      }
    ]
  },
  {
    "para_id": "8.236",
    "id_prev": "8.233",
    "id_next": "8.237",
    "refcode_1": "CG",
    "refcode_2": "57",
    "refcode_3": "1",
    "refcode_4": "",
    "refcode_short": "CG 57.1",
    "refcode_long": "Child Guidance, p. 57.1 (Ellen Gould White)",
    "element_type": "p",
    "element_subtype": "standard-indented",
    "content": "As the seed is cast into the ground, they can teach the lesson of Christ&apos;s death; and as the blade springs up, the truth of the resurrection.<sup class=\"chapterendnote\"><a class=\"chapterendnote\">8<span class=\"chapterendnote\"><span class=\"egwlink egwlink_book\" title=\"Ed 111.1\" data-link=\"29.537\">Education, 111</span>.</span></a></sup>",
    "puborder": 145,
    "translations": [
      {
        "para_id": "14129.224",
        "lang": "da",
        "refcode": "BIH 55.1"
      },
      {
        "para_id": "157.290",
        "lang": "es",
        "refcode": "CN 55.1"
      },
      {
        "para_id": "11953.200",
        "lang": "hu",
        "refcode": "Gyn 37.1"
      },
      {
        "para_id": "12873.221",
        "lang": "id",
        "refcode": "MABJ 53.3"
      },
      {
        "para_id": "12116.244",
        "lang": "pl",
        "refcode": "JWD 42.4"
      },
      {
        "para_id": "1929.332",
        "lang": "pt",
        "refcode": "OC 32.2"
      },
      {
        "para_id": "2001.219",
        "lang": "ro",
        "refcode": "ÎC 57.1"
      },
      {
        "para_id": "1796.201",
        "lang": "ru",
        "refcode": "ВД 57.1"
      }
    ]
  },
  {
    "para_id": "8.237",
    "id_prev": "8.236",
    "id_next": "8.238",
    "refcode_1": "CG",
    "refcode_2": "57",
    "refcode_3": "2",
    "refcode_4": "",
    "refcode_short": "CG 57.2",
    "refcode_long": "Child Guidance, p. 57.2 (Ellen Gould White)",
    "element_type": "p",
    "element_subtype": "standard-indented",
    "content": "<strong>The Garden of the Heart Needs Cultivating</strong>&mdash;From the tilling of the soil, lessons may constantly be learned. No one settles upon a raw piece of land with the expectation that it will at once yield a harvest. Diligent, persevering labor must be put forth in the preparation of the soil, the sowing of the seed, and the culture of the crop. So it must be in the spiritual sowing. The garden of the heart must be cultivated. The soil must be broken up by repentance. The evil growths that choke the good grain must be uprooted. As soil once overgrown with thorns can be reclaimed only by diligent labor, so the evil tendencies of the heart can be overcome only by earnest effort in the name and strength of Christ.<sup class=\"chapterendnote\"><a class=\"chapterendnote\">9<span class=\"chapterendnote\"><span class=\"egwlink egwlink_book\" title=\"Ed 111.2\" data-link=\"29.538\">Ibid</span>.</span></a></sup>",
    "puborder": 146,
    "translations": [
      {
        "para_id": "14129.225",
        "lang": "da",
        "refcode": "BIH 55.2"
      },
      {
        "para_id": "157.291",
        "lang": "es",
        "refcode": "CN 55.2"
      },
      {
        "para_id": "11953.201",
        "lang": "hu",
        "refcode": "Gyn 37.2"
      },
      {
        "para_id": "12873.222",
        "lang": "id",
        "refcode": "MABJ 53.4"
      },
      {
        "para_id": "12116.245",
        "lang": "pl",
        "refcode": "JWD 42.5"
      },
      {
        "para_id": "1929.334",
        "lang": "pt",
        "refcode": "OC 32.3"
      },
      {
        "para_id": "1929.333",
        "lang": "pt",
        "refcode": "OC 32"
      },
      {
        "para_id": "2001.220",
        "lang": "ro",
        "refcode": "ÎC 57.2"
      },
      {
        "para_id": "1796.202",
        "lang": "ru",
        "refcode": "ВД 57.2"
      }
    ]
  },
  {
    "para_id": "8.238",
    "id_prev": "8.237",
    "id_next": "8.241",
    "refcode_1": "CG",
    "refcode_2": "57",
    "refcode_3": "3",
    "refcode_4": "",
    "refcode_short": "CG 57.3",
    "refcode_long": "Child Guidance, p. 57.3 (Ellen Gould White)",
    "element_type": "p",
    "element_subtype": "standard-indented",
    "content": "<strong>Growth in Grace</strong>&mdash;Tell your children about the miracle-working power of God. As they study the great lesson book of nature, God will impress their minds. The farmer plows his land and sows his seed, but he cannot make the seed grow. He must depend on God to do that which no human power can do. The Lord puts His vital power into the seed, causing it to spring forth into life. Under His care the germ of life breaks through the hard crust encasing it, and springs up to bear fruit. First <span class=\"page-break\" data-page=\"58\"></span> appears the blade, then the ear, then the full corn in the ear. As the children are told of the work that God does for the seed, they learn the secret of growth in grace.<sup class=\"chapterendnote\"><a class=\"chapterendnote\">10<span class=\"chapterendnote\"><span class=\"egwlink egwlink_book\" title=\"CT 124.1\" data-link=\"23.575\">Counsels to Parents, Teachers, and Students, 124, 125</span>.</span></a></sup>",
    "puborder": 147,
    "translations": [
      {
        "para_id": "14129.226",
        "lang": "da",
        "refcode": "BIH 55.3"
      },
      {
        "para_id": "157.292",
        "lang": "es",
        "refcode": "CN 55.3"
      },
      {
        "para_id": "11953.202",
        "lang": "hu",
        "refcode": "Gyn 37.3"
      },
      {
        "para_id": "12873.223",
        "lang": "id",
        "refcode": "MABJ 53.5"
      },
      {
        "para_id": "12873.226",
        "lang": "id",
        "refcode": "MABJ 54.1"
      },
      {
        "para_id": "12116.247",
        "lang": "pl",
        "refcode": "JWD 43.1"
      },
      {
        "para_id": "1929.335",
        "lang": "pt",
        "refcode": "OC 32"
      },
      {
        "para_id": "1929.338",
        "lang": "pt",
        "refcode": "OC 32.5"
      },
      {
        "para_id": "1929.336",
        "lang": "pt",
        "refcode": "OC 32.4"
      },
      {
        "para_id": "2001.221",
        "lang": "ro",
        "refcode": "ÎC 57.3"
      },
      {
        "para_id": "1796.203",
        "lang": "ru",
        "refcode": "ВД 57.3"
      }
    ]
  },
  {
    "para_id": "8.241",
    "id_prev": "8.238",
    "id_next": "8.242",
    "refcode_1": "CG",
    "refcode_2": "58",
    "refcode_3": "1",
    "refcode_4": "",
    "refcode_short": "CG 58.1",
    "refcode_long": "Child Guidance, p. 58.1 (Ellen Gould White)",
    "element_type": "p",
    "element_subtype": "standard-indented",
    "content": "<strong>Rising Above Surroundings</strong>&mdash;In America we have the fresh water lilies. These beautiful lilies come up pure, spotless, perfect, without a single mar. They come up through a mass of debris. I said to my son, &ldquo;I want you to make an effort to get me the stem of that lily as near the root as possible. I want you to understand something about it.&rdquo;",
    "puborder": 148,
    "translations": [
      {
        "para_id": "14129.227",
        "lang": "da",
        "refcode": "BIH 55.4"
      },
      {
        "para_id": "157.295",
        "lang": "es",
        "refcode": "CN 56.1"
      },
      {
        "para_id": "11953.203",
        "lang": "hu",
        "refcode": "Gyn 37.4"
      },
      {
        "para_id": "12873.227",
        "lang": "id",
        "refcode": "MABJ 54.2"
      },
      {
        "para_id": "12116.248",
        "lang": "pl",
        "refcode": "JWD 43.2"
      },
      {
        "para_id": "12116.249",
        "lang": "pl",
        "refcode": "JWD 43.3"
      },
      {
        "para_id": "1929.342",
        "lang": "pt",
        "refcode": "OC 33.1"
      },
      {
        "para_id": "1929.341",
        "lang": "pt",
        "refcode": "OC 33"
      },
      {
        "para_id": "2001.224",
        "lang": "ro",
        "refcode": "ÎC 58.1"
      },
      {
        "para_id": "1796.206",
        "lang": "ru",
        "refcode": "ВД 58.1"
      }
    ]
  },
  {
    "para_id": "8.242",
    "id_prev": "8.241",
    "id_next": "8.243",
    "refcode_1": "CG",
    "refcode_2": "58",
    "refcode_3": "2",
    "refcode_4": "",
    "refcode_short": "CG 58.2",
    "refcode_long": "Child Guidance, p. 58.2 (Ellen Gould White)",
    "element_type": "p",
    "element_subtype": "standard-indented",
    "content": "He drew up a handful of lilies, and I looked at them. They were all full of open channels, and the stems were gathering the properties from the pure sands beneath, and these were being developed into the pure and spotless lily. It refused all the debris. It refused every unsightly thing, but there it was developed in its purity.",
    "puborder": 149,
    "translations": [
      {
        "para_id": "14129.230",
        "lang": "da",
        "refcode": "BIH 56.1"
      },
      {
        "para_id": "157.296",
        "lang": "es",
        "refcode": "CN 56.2"
      },
      {
        "para_id": "11953.203",
        "lang": "hu",
        "refcode": "Gyn 37.4"
      },
      {
        "para_id": "12873.228",
        "lang": "id",
        "refcode": "MABJ 54.3"
      },
      {
        "para_id": "12116.250",
        "lang": "pl",
        "refcode": "JWD 43.4"
      },
      {
        "para_id": "1929.343",
        "lang": "pt",
        "refcode": "OC 33.2"
      },
      {
        "para_id": "2001.225",
        "lang": "ro",
        "refcode": "ÎC 58.2"
      },
      {
        "para_id": "1796.207",
        "lang": "ru",
        "refcode": "ВД 58.2"
      }
    ]
  },
  {
    "para_id": "8.243",
    "id_prev": "8.242",
    "id_next": "8.244",
    "refcode_1": "CG",
    "refcode_2": "58",
    "refcode_3": "3",
    "refcode_4": "",
    "refcode_short": "CG 58.3",
    "refcode_long": "Child Guidance, p. 58.3 (Ellen Gould White)",
    "element_type": "p",
    "element_subtype": "standard-indented",
    "content": "Now this is exactly the way that we are to educate our youth in this world. Let their minds and hearts be instructed who God is, who Jesus Christ is, and the sacrifice that He has made in our behalf. Let them draw the purity, the virtue, the grace, the courtesy, the love, the forbearance; let them draw it from the Source of all power.<sup class=\"chapterendnote\"><a class=\"chapterendnote\">11<span class=\"chapterendnote\"><span class=\"egwlink egwlink_book\" title=\"Ms 43a, 1894\" data-link=\"14059.6871001\">Manuscript 43a, 1894</span>.</span></a></sup>",
    "puborder": 150,
    "translations": [
      {
        "para_id": "14129.231",
        "lang": "da",
        "refcode": "BIH 56.2"
      },
      {
        "para_id": "157.297",
        "lang": "es",
        "refcode": "CN 56.3"
      },
      {
        "para_id": "11953.205",
        "lang": "hu",
        "refcode": "Gyn 38.1"
      },
      {
        "para_id": "12873.229",
        "lang": "id",
        "refcode": "MABJ 54.4"
      },
      {
        "para_id": "12116.251",
        "lang": "pl",
        "refcode": "JWD 43.5"
      },
      {
        "para_id": "1929.344",
        "lang": "pt",
        "refcode": "OC 33.3"
      },
      {
        "para_id": "2001.226",
        "lang": "ro",
        "refcode": "ÎC 58.3"
      },
      {
        "para_id": "1796.208",
        "lang": "ru",
        "refcode": "ВД 58.3"
      }
    ]
  },
  {
    "para_id": "8.244",
    "id_prev": "8.243",
    "id_next": "8.245",
    "refcode_1": "CG",
    "refcode_2": "58",
    "refcode_3": "4",
    "refcode_4": "",
    "refcode_short": "CG 58.4",
    "refcode_long": "Child Guidance, p. 58.4 (Ellen Gould White)",
    "element_type": "p",
    "element_subtype": "standard-indented",
    "content": "<strong>Lessons in Trust and Perseverance</strong>&mdash;&ldquo;Ask now the beasts, and they shall teach thee; and the fowls of the air, and they shall tell thee: ... and the fishes of the sea shall declare unto thee.&rdquo; &ldquo;Go to the ant; ... consider her ways.&rdquo; &ldquo;Behold the birds.&rdquo; &ldquo;Consider the ravens.&rdquo; <span class=\"egwlink egwlink_bible\" title=\"Job 12:7\" data-link=\"1965.26739\">Job 12:7, 8</span>; <span class=\"egwlink egwlink_bible\" title=\"Proverbs 6:6\" data-link=\"1965.33749\">Proverbs 6:6</span>; <span class=\"egwlink egwlink_bible\" title=\"Matthew 6:26\" data-link=\"1965.47594\">Matthew 6:26</span>, American Standard Version; <span class=\"egwlink egwlink_bible\" title=\"Luke 12:24\" data-link=\"1965.51996\">Luke 12:24</span>.",
    "puborder": 151,
    "translations": [
      {
        "para_id": "14129.232",
        "lang": "da",
        "refcode": "BIH 56.3"
      },
      {
        "para_id": "157.298",
        "lang": "es",
        "refcode": "CN 56.4"
      },
      {
        "para_id": "11953.206",
        "lang": "hu",
        "refcode": "Gyn 38.2"
      },
      {
        "para_id": "12873.230",
        "lang": "id",
        "refcode": "MABJ 54.5"
      },
      {
        "para_id": "12116.252",
        "lang": "pl",
        "refcode": "JWD 43.6"
      },
      {
        "para_id": "1929.345",
        "lang": "pt",
        "refcode": "OC 33"
      },
      {
        "para_id": "1929.346",
        "lang": "pt",
        "refcode": "OC 33.4"
      },
      {
        "para_id": "2001.227",
        "lang": "ro",
        "refcode": "ÎC 58.4"
      },
      {
        "para_id": "1796.209",
        "lang": "ru",
        "refcode": "ВД 58.4"
      }
    ]
  },
  {
    "para_id": "8.245",
    "id_prev": "8.244",
    "id_next": "8.248",
    "refcode_1": "CG",
    "refcode_2": "58",
    "refcode_3": "5",
    "refcode_4": "",
    "refcode_short": "CG 58.5",
    "refcode_long": "Child Guidance, p. 58.5 (Ellen Gould White)",
    "element_type": "p",
    "element_subtype": "standard-indented",
    "content": "We are not merely to tell the child about these creatures of God&apos;s. The animals themselves are to be his <span class=\"page-break\" data-page=\"59\"></span> teachers. The ants teach lessons of patient industry, of perseverance in surmounting obstacles, of providence for the future. And the birds are teachers of the sweet lesson of trust. Our heavenly Father provides for them; but they must gather the food, they must build their nests and rear their young. Every moment they are exposed to enemies that seek to destroy them. Yet how cheerily they go about their work! How full of joy are their little songs!",
    "puborder": 152,
    "translations": [
      {
        "para_id": "14129.233",
        "lang": "da",
        "refcode": "BIH 56.4"
      },
      {
        "para_id": "157.301",
        "lang": "es",
        "refcode": "CN 57.1"
      },
      {
        "para_id": "11953.206",
        "lang": "hu",
        "refcode": "Gyn 38.2"
      },
      {
        "para_id": "12873.233",
        "lang": "id",
        "refcode": "MABJ 55.1"
      },
      {
        "para_id": "12116.253",
        "lang": "pl",
        "refcode": "JWD 43.7"
      },
      {
        "para_id": "1929.347",
        "lang": "pt",
        "refcode": "OC 33.5"
      },
      {
        "para_id": "2001.228",
        "lang": "ro",
        "refcode": "ÎC 58.5"
      },
      {
        "para_id": "1796.210",
        "lang": "ru",
        "refcode": "ВД 58.5"
      }
    ]
  },
  {
    "para_id": "8.248",
    "id_prev": "8.245",
    "id_next": "8.249",
    "refcode_1": "CG",
    "refcode_2": "59",
    "refcode_3": "1",
    "refcode_4": "",
    "refcode_short": "CG 59.1",
    "refcode_long": "Child Guidance, p. 59.1 (Ellen Gould White)",
    "element_type": "p",
    "element_subtype": "standard-indented",
    "content": "How beautiful the psalmist&apos;s description of God&apos;s care for the creatures of the woods&mdash; <span class=\"page-break\" data-page=\"59\"></span> <span class=\"sameasprevious\">&ldquo;The high hills are a refuge for the wild goats;<br />And the rocks for the conies.&rdquo; <span class=\"egwlink egwlink_bible\" title=\"Psalm 104:18\" data-link=\"1965.31782\">Psalm 104:18</span>.</span> <span class=\"page-break\" data-page=\"59\"></span> <span class=\"sameasprevious\">He sends the springs to run among the hills, where the birds have their habitation and &ldquo;sing among the branches.&rdquo; <span class=\"egwlink egwlink_bible\" title=\"Psalm 104:12\" data-link=\"1965.31770\">Psalm 104:12</span>. All the creatures of the woods and hills are a part of His great household. He opens His hand and satisfies &ldquo;the desire of every living thing.&rdquo; [<span class=\"egwlink egwlink_bible\" title=\"Psalm 145:16\" data-link=\"1965.33317\">Psalm 145:16</span>.]<sup class=\"chapterendnote\"><a class=\"chapterendnote\">12<span class=\"chapterendnote\"><span class=\"egwlink egwlink_book\" title=\"Ed 117.1\" data-link=\"29.565\">Education, 117, 118</span>.</span></a></sup></span>",
    "puborder": 153,
    "translations": [
      {
        "para_id": "14129.234",
        "lang": "da",
        "refcode": "BIH 56.5"
      },
      {
        "para_id": "157.302",
        "lang": "es",
        "refcode": "CN 57.2"
      },
      {
        "para_id": "11953.207",
        "lang": "hu",
        "refcode": "Gyn 38.3"
      },
      {
        "para_id": "12873.234",
        "lang": "id",
        "refcode": "MABJ 55.2"
      },
      {
        "para_id": "12116.256",
        "lang": "pl",
        "refcode": "JWD 44.1"
      },
      {
        "para_id": "1929.350",
        "lang": "pt",
        "refcode": "OC 33.7"
      },
      {
        "para_id": "2001.231",
        "lang": "ro",
        "refcode": "ÎC 59.1"
      },
      {
        "para_id": "1796.213",
        "lang": "ru",
        "refcode": "ВД 59.1"
      }
    ]
  },
  {
    "para_id": "8.249",
    "id_prev": "8.248",
    "id_next": "8.254",
    "refcode_1": "CG",
    "refcode_2": "59",
    "refcode_3": "2",
    "refcode_4": "",
    "refcode_short": "CG 59.2",
    "refcode_long": "Child Guidance, p. 59.2 (Ellen Gould White)",
    "element_type": "p",
    "element_subtype": "standard-indented",
    "content": "<strong>The Insects Teach Industry</strong>&mdash;The industrious bee gives to men of intelligence an example that they would do well to imitate. These insects observe perfect order, and no idler is allowed in the hive. They execute their appointed work with an intelligence and activity that are beyond our comprehension.... The wise man calls our attention to the small things of the earth: &ldquo;Go to the ant, thou sluggard; consider her ways, and be wise; which having no guide, overseer, or ruler, provideth her meat in the summer, and gathereth her food in the harvest.&rdquo; &ldquo;The ants are a people not strong, yet they prepare their meat in the summer.&rdquo; We may learn from these little teachers a lesson of faithfulness. Should we improve with the same diligence the faculties which an <span class=\"page-break\" data-page=\"60\"></span> all-wise Creator has bestowed upon us, how greatly would our capacities for usefulness be increased. God&apos;s eye is upon the smallest of His creatures; does He not, then, regard man formed in His image, and require of him corresponding returns for all the advantages He has given him?<sup class=\"chapterendnote\"><a class=\"chapterendnote\">13<span class=\"chapterendnote\"><span class=\"egwlink egwlink_book\" title=\"4T 455.1\" data-link=\"114.2243\">Testimonies For The Church 4:455, 456</span>.</span></a></sup>",
    "puborder": 154,
    "translations": [
      {
        "para_id": "14129.240",
        "lang": "da",
        "refcode": "BIH 57.1"
      },
      {
        "para_id": "157.305",
        "lang": "es",
        "refcode": "CN 57.5"
      },
      {
        "para_id": "11953.208",
        "lang": "hu",
        "refcode": "Gyn 38.4"
      },
      {
        "para_id": "12873.235",
        "lang": "id",
        "refcode": "MABJ 55.3"
      },
      {
        "para_id": "12116.259",
        "lang": "pl",
        "refcode": "JWD 44.4"
      },
      {
        "para_id": "12116.260",
        "lang": "pl",
        "refcode": "JWD 44.5"
      },
      {
        "para_id": "12116.258",
        "lang": "pl",
        "refcode": "JWD 44.3"
      },
      {
        "para_id": "1929.355",
        "lang": "pt",
        "refcode": "OC 34"
      },
      {
        "para_id": "1929.356",
        "lang": "pt",
        "refcode": "OC 34.1"
      },
      {
        "para_id": "2001.234",
        "lang": "ro",
        "refcode": "ÎC 59.2"
      },
      {
        "para_id": "1796.214",
        "lang": "ru",
        "refcode": "ВД 59.2"
      }
    ]
  }
]