[
  {
    "para_id": "8.638",
    "id_prev": "8.634",
    "id_next": "8.639",
    "refcode_1": "CG",
    "refcode_2": "143",
    "refcode_3": "",
    "refcode_4": "26",
    "refcode_short": "CG 143",
    "refcode_long": "Child Guidance, p. 143 (Ellen Gould White)",
    "element_type": "h3",
    "element_subtype": "",
    "content": "Chapter 26&mdash;Courtesy and Reserve",
    "puborder": 415,
    "translations": [
      {
        "para_id": "14129.624",
        "lang": "da",
        "refcode": "BIH 139"
      },
      {
        "para_id": "157.685",
        "lang": "es",
        "refcode": "CN 131"
      },
      {
        "para_id": "11953.579",
        "lang": "hu",
        "refcode": "Gyn 96"
      },
      {
        "para_id": "12873.641",
        "lang": "id",
        "refcode": "MABJ 149"
      },
      {
        "para_id": "12116.651",
        "lang": "pl",
        "refcode": "JWD 102"
      },
      {
        "para_id": "1929.972",
        "lang": "pt",
        "refcode": "OC 86"
      },
      {
        "para_id": "2001.2627",
        "lang": "ro",
        "refcode": "ÎC 143"
      },
      {
        "para_id": "1796.589",
        "lang": "ru",
        "refcode": "ВД 143"
      }
    ]
  },
  {
    "para_id": "8.639",
    "id_prev": "8.638",
    "id_next": "8.640",
    "refcode_1": "CG",
    "refcode_2": "143",
    "refcode_3": "1",
    "refcode_4": "",
    "refcode_short": "CG 143.1",
    "refcode_long": "Child Guidance, p. 143.1 (Ellen Gould White)",
    "element_type": "p",
    "element_subtype": "standard-indented",
    "content": "<strong>Courtesy Begins in the Home</strong> [<span class=\"non-egw-note\">Note: See <span class=\"egwlink egwlink_book\" title=\"AH 421.1\" data-link=\"128.1958\"><em>The Adventist Home</em>, 421-429</span>, chapter entitled &ldquo;Courtesy and Kindness.&rdquo;</span>]&mdash;Parents, teach your children ... how to conduct themselves in the home with true politeness. Educate them to show kindness and tenderness to one another. Allow no selfishness to live in the heart or find room in the home.<sup class=\"chapterendnote\"><a class=\"chapterendnote\">1<span class=\"chapterendnote\"><span class=\"egwlink egwlink_book\" title=\"Ms 74, 1900\" data-link=\"14065.7981001\">Manuscript 74, 1900</span>.</span></a></sup>",
    "puborder": 416,
    "translations": [
      {
        "para_id": "14129.625",
        "lang": "da",
        "refcode": "BIH 139.1"
      },
      {
        "para_id": "157.686",
        "lang": "es",
        "refcode": "CN 131.1"
      },
      {
        "para_id": "11953.580",
        "lang": "hu",
        "refcode": "Gyn 96.1"
      },
      {
        "para_id": "12873.642",
        "lang": "id",
        "refcode": "MABJ 149.1"
      },
      {
        "para_id": "12116.652",
        "lang": "pl",
        "refcode": "JWD 102.4"
      },
      {
        "para_id": "1929.974",
        "lang": "pt",
        "refcode": "OC 86"
      },
      {
        "para_id": "1929.975",
        "lang": "pt",
        "refcode": "OC 86.1"
      },
      {
        "para_id": "2001.617",
        "lang": "ro",
        "refcode": "ÎC 143.1"
      },
      {
        "para_id": "1796.590",
        "lang": "ru",
        "refcode": "ВД 143.1"
      }
    ]
  },
  {
    "para_id": "8.640",
    "id_prev": "8.639",
    "id_next": "8.641",
    "refcode_1": "CG",
    "refcode_2": "143",
    "refcode_3": "2",
    "refcode_4": "",
    "refcode_short": "CG 143.2",
    "refcode_long": "Child Guidance, p. 143.2 (Ellen Gould White)",
    "element_type": "p",
    "element_subtype": "standard-indented",
    "content": "The youth who grow up careless and rude in words and manners reveal the character of their home training. The parents have not realized the importance of their stewardship; and the harvest they have sown, they have also reaped.<sup class=\"chapterendnote\"><a class=\"chapterendnote\">2<span class=\"chapterendnote\"><span class=\"egwlink egwlink_book\" title=\"Ms 117, 1899\" data-link=\"14064.6355001\">Manuscript 117, 1899</span>.</span></a></sup>",
    "puborder": 417,
    "translations": [
      {
        "para_id": "14129.626",
        "lang": "da",
        "refcode": "BIH 139.2"
      },
      {
        "para_id": "157.687",
        "lang": "es",
        "refcode": "CN 131.2"
      },
      {
        "para_id": "11953.581",
        "lang": "hu",
        "refcode": "Gyn 96.2"
      },
      {
        "para_id": "12873.643",
        "lang": "id",
        "refcode": "MABJ 149.2"
      },
      {
        "para_id": "12116.655",
        "lang": "pl",
        "refcode": "JWD 103.1"
      },
      {
        "para_id": "1929.976",
        "lang": "pt",
        "refcode": "OC 86.2"
      },
      {
        "para_id": "2001.618",
        "lang": "ro",
        "refcode": "ÎC 143.2"
      },
      {
        "para_id": "1796.591",
        "lang": "ru",
        "refcode": "ВД 143.2"
      }
    ]
  },
  {
    "para_id": "8.641",
    "id_prev": "8.640",
    "id_next": "8.642",
    "refcode_1": "CG",
    "refcode_2": "143",
    "refcode_3": "3",
    "refcode_4": "",
    "refcode_short": "CG 143.3",
    "refcode_long": "Child Guidance, p. 143.3 (Ellen Gould White)",
    "element_type": "p",
    "element_subtype": "standard-indented",
    "content": "<strong>Principles of Heaven to Pervade</strong>&mdash;The principles of heaven are to be brought into the government of the home. Every child is to be taught to be polite, compassionate, loving, pitiful, courteous, tenderhearted.<sup class=\"chapterendnote\"><a class=\"chapterendnote\">3<span class=\"chapterendnote\"><span class=\"egwlink egwlink_book\" title=\"Ms 100, 1902\" data-link=\"14067.10098001\">Manuscript 100, 1902</span>.</span></a></sup>",
    "puborder": 418,
    "translations": [
      {
        "para_id": "14129.627",
        "lang": "da",
        "refcode": "BIH 139.3"
      },
      {
        "para_id": "157.688",
        "lang": "es",
        "refcode": "CN 131.3"
      },
      {
        "para_id": "11953.582",
        "lang": "hu",
        "refcode": "Gyn 96.3"
      },
      {
        "para_id": "12873.646",
        "lang": "id",
        "refcode": "MABJ 150.1"
      },
      {
        "para_id": "12116.656",
        "lang": "pl",
        "refcode": "JWD 103.2"
      },
      {
        "para_id": "1929.978",
        "lang": "pt",
        "refcode": "OC 86.3"
      },
      {
        "para_id": "1929.977",
        "lang": "pt",
        "refcode": "OC 86"
      },
      {
        "para_id": "2001.619",
        "lang": "ro",
        "refcode": "ÎC 143.3"
      },
      {
        "para_id": "1796.592",
        "lang": "ru",
        "refcode": "ВД 143.3"
      }
    ]
  },
  {
    "para_id": "8.642",
    "id_prev": "8.641",
    "id_next": "8.643",
    "refcode_1": "CG",
    "refcode_2": "143",
    "refcode_3": "4",
    "refcode_4": "",
    "refcode_short": "CG 143.4",
    "refcode_long": "Child Guidance, p. 143.4 (Ellen Gould White)",
    "element_type": "p",
    "element_subtype": "standard-indented",
    "content": "When all are members of the royal family, there will be true politeness in the home life. Each member of the family will seek to make it pleasant for every other member.<sup class=\"chapterendnote\"><a class=\"chapterendnote\">4<span class=\"chapterendnote\"><span class=\"egwlink egwlink_book\" title=\"Ms 60, 1903\" data-link=\"14068.7472001\">Manuscript 60, 1903</span>.</span></a></sup>",
    "puborder": 419,
    "translations": [
      {
        "para_id": "14129.628",
        "lang": "da",
        "refcode": "BIH 139.4"
      },
      {
        "para_id": "157.689",
        "lang": "es",
        "refcode": "CN 131.4"
      },
      {
        "para_id": "11953.583",
        "lang": "hu",
        "refcode": "Gyn 96.4"
      },
      {
        "para_id": "12873.646",
        "lang": "id",
        "refcode": "MABJ 150.1"
      },
      {
        "para_id": "12116.657",
        "lang": "pl",
        "refcode": "JWD 103.3"
      },
      {
        "para_id": "1929.979",
        "lang": "pt",
        "refcode": "OC 86.4"
      },
      {
        "para_id": "2001.619",
        "lang": "ro",
        "refcode": "ÎC 143.3"
      },
      {
        "para_id": "1796.593",
        "lang": "ru",
        "refcode": "ВД 143.4"
      }
    ]
  },
  {
    "para_id": "8.643",
    "id_prev": "8.642",
    "id_next": "8.645",
    "refcode_1": "CG",
    "refcode_2": "143",
    "refcode_3": "5",
    "refcode_4": "",
    "refcode_short": "CG 143.5",
    "refcode_long": "Child Guidance, p. 143.5 (Ellen Gould White)",
    "element_type": "p",
    "element_subtype": "standard-indented",
    "content": "<strong>Teach It by Precept and Example</strong>&mdash;Children, as well as those of older years, are exposed to temptations; and the older members of the family should give them, by precept and example, lessons in courtesy, cheerfulness, affection, and in the faithful discharge of their daily duties.<sup class=\"chapterendnote\"><a class=\"chapterendnote\">5<span class=\"chapterendnote\"><span class=\"egwlink egwlink_book\" title=\"Ms 27, 1896\" data-link=\"14061.6604001\">Manuscript 27, 1896</span>.</span></a></sup>",
    "puborder": 420,
    "translations": [
      {
        "para_id": "14129.629",
        "lang": "da",
        "refcode": "BIH 139.5"
      },
      {
        "para_id": "157.690",
        "lang": "es",
        "refcode": "CN 131.5"
      },
      {
        "para_id": "11953.584",
        "lang": "hu",
        "refcode": "Gyn 96.5"
      },
      {
        "para_id": "12873.647",
        "lang": "id",
        "refcode": "MABJ 150.2"
      },
      {
        "para_id": "12116.658",
        "lang": "pl",
        "refcode": "JWD 103.4"
      },
      {
        "para_id": "1929.981",
        "lang": "pt",
        "refcode": "OC 86.5"
      },
      {
        "para_id": "1929.980",
        "lang": "pt",
        "refcode": "OC 86"
      },
      {
        "para_id": "2001.620",
        "lang": "ro",
        "refcode": "ÎC 143.5"
      },
      {
        "para_id": "1796.594",
        "lang": "ru",
        "refcode": "ВД 143.5"
      }
    ]
  },
  {
    "para_id": "8.645",
    "id_prev": "8.643",
    "id_next": "8.646",
    "refcode_1": "CG",
    "refcode_2": "144",
    "refcode_3": "1",
    "refcode_4": "",
    "refcode_short": "CG 144.1",
    "refcode_long": "Child Guidance, p. 144.1 (Ellen Gould White)",
    "element_type": "p",
    "element_subtype": "standard-indented",
    "content": "<strong>Respect for Weary Feet Nearing Their Rest</strong>&mdash;And God has especially enjoined tender respect toward the aged. He says, &ldquo;The hoary head is a crown of glory, if it be found in the way of righteousness.&rdquo; <span class=\"egwlink egwlink_bible\" title=\"Proverbs 16:31\" data-link=\"1965.34409\">Proverbs 16:31</span>. It tells of battles fought and victories gained, of burdens borne and temptations resisted. It tells of weary feet nearing their rest, of places soon to be vacant. Help the children to think of this, and they will smooth the path of the aged by their courtesy and respect, and will bring grace and beauty into their young lives as they heed the command to &ldquo;rise up before the hoary head, and honor the face of the old man.&rdquo; <span class=\"egwlink egwlink_bible\" title=\"Leviticus 19:32\" data-link=\"1965.6741\">Leviticus 19:32</span>.<sup class=\"chapterendnote\"><a class=\"chapterendnote\">6<span class=\"chapterendnote\"><span class=\"egwlink egwlink_book\" title=\"Ed 244.1\" data-link=\"29.1285\">Education, 244</span>.</span></a></sup>",
    "puborder": 421,
    "translations": [
      {
        "para_id": "14129.630",
        "lang": "da",
        "refcode": "BIH 139.6"
      },
      {
        "para_id": "157.691",
        "lang": "es",
        "refcode": "CN 131.6"
      },
      {
        "para_id": "11953.585",
        "lang": "hu",
        "refcode": "Gyn 96.6"
      },
      {
        "para_id": "11953.586",
        "lang": "hu",
        "refcode": "Gyn 96.7"
      },
      {
        "para_id": "12873.648",
        "lang": "id",
        "refcode": "MABJ 150.3"
      },
      {
        "para_id": "12873.649",
        "lang": "id",
        "refcode": "MABJ 150.4"
      },
      {
        "para_id": "12116.660",
        "lang": "pl",
        "refcode": "JWD 103.6"
      },
      {
        "para_id": "12116.661",
        "lang": "pl",
        "refcode": "JWD 103.7"
      },
      {
        "para_id": "12116.659",
        "lang": "pl",
        "refcode": "JWD 103.5"
      },
      {
        "para_id": "1929.985",
        "lang": "pt",
        "refcode": "OC 87.1"
      },
      {
        "para_id": "1929.984",
        "lang": "pt",
        "refcode": "OC 87"
      },
      {
        "para_id": "2001.622",
        "lang": "ro",
        "refcode": "ÎC 144.1"
      },
      {
        "para_id": "1796.596",
        "lang": "ru",
        "refcode": "ВД 144.1"
      }
    ]
  },
  {
    "para_id": "8.646",
    "id_prev": "8.645",
    "id_next": "8.647",
    "refcode_1": "CG",
    "refcode_2": "144",
    "refcode_3": "2",
    "refcode_4": "",
    "refcode_short": "CG 144.2",
    "refcode_long": "Child Guidance, p. 144.2 (Ellen Gould White)",
    "element_type": "p",
    "element_subtype": "standard-indented",
    "content": "<strong>Teach Reserve and Modesty</strong>&mdash;Pride, self-esteem, and boldness are marked characteristics of the children of this day; and they are the curse of the age.... The most sacred lessons of modesty and humility are to be taught to the children, both at home and in the Sabbath school.<sup class=\"chapterendnote\"><a class=\"chapterendnote\">7<span class=\"chapterendnote\"><span class=\"egwlink egwlink_book\" title=\"CSW 46.1\" data-link=\"21.201\">Counsels on Sabbath School Work, 46</span>.</span></a></sup>",
    "puborder": 422,
    "translations": [
      {
        "para_id": "14129.633",
        "lang": "da",
        "refcode": "BIH 140.1"
      },
      {
        "para_id": "157.694",
        "lang": "es",
        "refcode": "CN 132.1"
      },
      {
        "para_id": "11953.589",
        "lang": "hu",
        "refcode": "Gyn 97.1"
      },
      {
        "para_id": "12873.650",
        "lang": "id",
        "refcode": "MABJ 150.5"
      },
      {
        "para_id": "12116.662",
        "lang": "pl",
        "refcode": "JWD 103.8"
      },
      {
        "para_id": "1929.986",
        "lang": "pt",
        "refcode": "OC 87"
      },
      {
        "para_id": "1929.987",
        "lang": "pt",
        "refcode": "OC 87.2"
      },
      {
        "para_id": "2001.623",
        "lang": "ro",
        "refcode": "ÎC 144.2"
      },
      {
        "para_id": "1796.597",
        "lang": "ru",
        "refcode": "ВД 144.2"
      }
    ]
  },
  {
    "para_id": "8.647",
    "id_prev": "8.646",
    "id_next": "8.648",
    "refcode_1": "CG",
    "refcode_2": "144",
    "refcode_3": "3",
    "refcode_4": "",
    "refcode_short": "CG 144.3",
    "refcode_long": "Child Guidance, p. 144.3 (Ellen Gould White)",
    "element_type": "p",
    "element_subtype": "standard-indented",
    "content": "Will you to whom I now address these words take heed to the instruction given you? Let the youth take warning; let them not be forward in conversation, but be modest and retiring. Let them be quick to hear things that will profit the soul, and be slow to speak, unless it be to represent Jesus, and to witness to the truth. Show humility of mind by modesty of demeanor.<sup class=\"chapterendnote\"><a class=\"chapterendnote\">8<span class=\"chapterendnote\"><span class=\"egwlink egwlink_book\" title=\"YI 7-11-1895\" data-link=\"469.1820\">The Youth&apos;s Instructor, July 11, 1895</span>.</span></a></sup>",
    "puborder": 423,
    "translations": [
      {
        "para_id": "14129.634",
        "lang": "da",
        "refcode": "BIH 140.2"
      },
      {
        "para_id": "157.695",
        "lang": "es",
        "refcode": "CN 132.2"
      },
      {
        "para_id": "11953.590",
        "lang": "hu",
        "refcode": "Gyn 97.2"
      },
      {
        "para_id": "12873.651",
        "lang": "id",
        "refcode": "MABJ 150.6"
      },
      {
        "para_id": "12116.663",
        "lang": "pl",
        "refcode": "JWD 103.9"
      },
      {
        "para_id": "1929.988",
        "lang": "pt",
        "refcode": "OC 87.3"
      },
      {
        "para_id": "2001.624",
        "lang": "ro",
        "refcode": "ÎC 144.3"
      },
      {
        "para_id": "1796.598",
        "lang": "ru",
        "refcode": "ВД 144.3"
      }
    ]
  },
  {
    "para_id": "8.648",
    "id_prev": "8.647",
    "id_next": "8.651",
    "refcode_1": "CG",
    "refcode_2": "144",
    "refcode_3": "4",
    "refcode_4": "",
    "refcode_short": "CG 144.4",
    "refcode_long": "Child Guidance, p. 144.4 (Ellen Gould White)",
    "element_type": "p",
    "element_subtype": "standard-indented",
    "content": "<strong>A Guard to Virtue</strong>&mdash;Cherish the precious, priceless gem of modesty. This will guard virtue.... I feel impelled by the Spirit of the Lord to urge my sisters who profess godliness to cherish modesty of deportment and a becoming reserve.... I have inquired, When will the youthful sisters act with propriety? I know there will be no decided change for the better until parents feel the <span class=\"page-break\" data-page=\"145\"></span> importance of greater carefulness in educating their children correctly. Teach them to act with reserve and modesty.<sup class=\"chapterendnote\"><a class=\"chapterendnote\">9<span class=\"chapterendnote\"><span class=\"egwlink egwlink_book\" title=\"2T 458.1\" data-link=\"120.1993\">Testimonies For The Church 2:458, 459</span>.</span></a></sup>",
    "puborder": 424,
    "translations": [
      {
        "para_id": "14129.635",
        "lang": "da",
        "refcode": "BIH 140.3"
      },
      {
        "para_id": "157.696",
        "lang": "es",
        "refcode": "CN 132.3"
      },
      {
        "para_id": "11953.591",
        "lang": "hu",
        "refcode": "Gyn 97.3"
      },
      {
        "para_id": "12873.654",
        "lang": "id",
        "refcode": "MABJ 151.1"
      },
      {
        "para_id": "12116.668",
        "lang": "pl",
        "refcode": "JWD 104.3"
      },
      {
        "para_id": "12116.667",
        "lang": "pl",
        "refcode": "JWD 104.2"
      },
      {
        "para_id": "12116.666",
        "lang": "pl",
        "refcode": "JWD 104.1"
      },
      {
        "para_id": "1929.989",
        "lang": "pt",
        "refcode": "OC 87"
      },
      {
        "para_id": "1929.990",
        "lang": "pt",
        "refcode": "OC 87.4"
      },
      {
        "para_id": "2001.625",
        "lang": "ro",
        "refcode": "ÎC 144.4"
      },
      {
        "para_id": "1796.599",
        "lang": "ru",
        "refcode": "ВД 144.4"
      }
    ]
  },
  {
    "para_id": "8.651",
    "id_prev": "8.648",
    "id_next": "8.653",
    "refcode_1": "CG",
    "refcode_2": "145",
    "refcode_3": "1",
    "refcode_4": "",
    "refcode_short": "CG 145.1",
    "refcode_long": "Child Guidance, p. 145.1 (Ellen Gould White)",
    "element_type": "p",
    "element_subtype": "standard-indented",
    "content": "<strong>True Graces</strong>&mdash;A child&apos;s truest graces consist in modesty and obedience&mdash;in attentive ears to hear the words of direction, in willing feet and hands to walk and work in the path of duty. And a child&apos;s true goodness will bring its own reward, even in this life.<sup class=\"chapterendnote\"><a class=\"chapterendnote\">10<span class=\"chapterendnote\"><span class=\"egwlink egwlink_book\" title=\"RH 5-10-1898\" data-link=\"821.16839\">The Review and Herald, May 10, 1898</span>.</span></a></sup>",
    "puborder": 425,
    "translations": [
      {
        "para_id": "14129.637",
        "lang": "da",
        "refcode": "BIH 141.1"
      },
      {
        "para_id": "157.698",
        "lang": "es",
        "refcode": "CN 133.1"
      },
      {
        "para_id": "11953.592",
        "lang": "hu",
        "refcode": "Gyn 97.4"
      },
      {
        "para_id": "12873.655",
        "lang": "id",
        "refcode": "MABJ 151.2"
      },
      {
        "para_id": "12116.669",
        "lang": "pl",
        "refcode": "JWD 104.4"
      },
      {
        "para_id": "1929.993",
        "lang": "pt",
        "refcode": "OC 87"
      },
      {
        "para_id": "1929.994",
        "lang": "pt",
        "refcode": "OC 87.5"
      },
      {
        "para_id": "2001.628",
        "lang": "ro",
        "refcode": "ÎC 145.1"
      },
      {
        "para_id": "1796.602",
        "lang": "ru",
        "refcode": "ВД 145.1"
      }
    ]
  }
]