[
  {
    "para_id": "654.1771",
    "id_prev": "654.1770",
    "id_next": "654.1772",
    "refcode_1": "BHP",
    "refcode_2": "301",
    "refcode_3": "",
    "refcode_4": "",
    "refcode_short": "BHP 301",
    "refcode_long": "Believe His Prophets, p. 301 (Denton Edward Rebok)",
    "element_type": "h4",
    "element_subtype": "",
    "content": "The Conclusion From Her Own Statement",
    "puborder": 1279,
    "translations": []
  },
  {
    "para_id": "654.1772",
    "id_prev": "654.1771",
    "id_next": "654.1773",
    "refcode_1": "BHP",
    "refcode_2": "301",
    "refcode_3": "4",
    "refcode_4": "",
    "refcode_short": "BHP 301.4",
    "refcode_long": "Believe His Prophets, p. 301.4 (Denton Edward Rebok)",
    "element_type": "p",
    "element_subtype": "standard-indented",
    "content": "The conclusion is as simple as it is certain. Ellen G. White turns the sinner&rsquo;s attention to the Bible and to Christ as man&rsquo;s only hope for salvation. Every page of her writings uplifts Jesus, upholds Christ as man&rsquo;s only Saviour, points unerringly to the Son of God as the one who takes away the sins of the penitent sinner. <em>Steps to Christ, The Ministry of Healing, Thoughts From the Mount of Blessing, Christ&rsquo;s Object Lessons,</em> and <em>The Desire of Ages</em> all set forth the doctrine of righteousness by faith in the Lord Jesus Christ.",
    "puborder": 1280,
    "translations": []
  },
  {
    "para_id": "654.1773",
    "id_prev": "654.1772",
    "id_next": "654.1776",
    "refcode_1": "BHP",
    "refcode_2": "301",
    "refcode_3": "5",
    "refcode_4": "",
    "refcode_short": "BHP 301.5",
    "refcode_long": "Believe His Prophets, p. 301.5 (Denton Edward Rebok)",
    "element_type": "p",
    "element_subtype": "standard-indented",
    "content": "&ldquo;What are we to do,&rsquo; they asked, &lsquo;to carry out what God requires?&rsquo;&rdquo; (<span class=\"egwlink egwlink_bible\" title=\"John 6:28\" data-link=\"1965.53619\">John 6:28</span>, Weymouth). It was Jesus Himself who gave the answer, &ldquo;This&rsquo; … <span class=\"page-break\" data-page=\"302\"></span> &lsquo;is above all what God requires&mdash;that you should be believers in Him whom He has sent&rsquo;&rdquo; (<span class=\"egwlink egwlink_bible\" title=\"John 6:29\" data-link=\"1965.53621\">verse 29</span>).",
    "puborder": 1281,
    "translations": []
  },
  {
    "para_id": "654.1776",
    "id_prev": "654.1773",
    "id_next": "654.1777",
    "refcode_1": "BHP",
    "refcode_2": "302",
    "refcode_3": "1",
    "refcode_4": "",
    "refcode_short": "BHP 302.1",
    "refcode_long": "Believe His Prophets, p. 302.1 (Denton Edward Rebok)",
    "element_type": "p",
    "element_subtype": "standard-indented",
    "content": "Paul and Silas came forth with a similar answer to the earnest appeal of the keeper of the prison, &ldquo;O sirs, what must I do to be saved?&rsquo;&rdquo; They did not hesitate or falter for a moment, but knew the answer, and so must you and I as Christ&rsquo;s ministers today. They declared, &ldquo;Believe on the Lord Jesus,&rsquo; …&lsquo;and both you and your household will be saved&rsquo;&rdquo; (<span class=\"egwlink egwlink_bible\" title=\"Acts 16:30\" data-link=\"1965.56107\">Acts 16:30, 31</span>, Weymouth).",
    "puborder": 1282,
    "translations": []
  },
  {
    "para_id": "654.1777",
    "id_prev": "654.1776",
    "id_next": "654.1778",
    "refcode_1": "BHP",
    "refcode_2": "302",
    "refcode_3": "2",
    "refcode_4": "",
    "refcode_short": "BHP 302.2",
    "refcode_long": "Believe His Prophets, p. 302.2 (Denton Edward Rebok)",
    "element_type": "p",
    "element_subtype": "standard-indented",
    "content": "&ldquo;As many as received him, to them gave he power to become the sons of God, even to them that believe on his name&rdquo; (<span class=\"egwlink egwlink_bible\" title=\"John 1:12\" data-link=\"1965.53156\">John 1:12</span>).",
    "puborder": 1283,
    "translations": []
  },
  {
    "para_id": "654.1778",
    "id_prev": "654.1777",
    "id_next": "654.1779",
    "refcode_1": "BHP",
    "refcode_2": "302",
    "refcode_3": "3",
    "refcode_4": "",
    "refcode_short": "BHP 302.3",
    "refcode_long": "Believe His Prophets, p. 302.3 (Denton Edward Rebok)",
    "element_type": "p",
    "element_subtype": "standard-indented",
    "content": "The whole story of God&rsquo;s requirements for our salvation is told in one verse&mdash;<span class=\"egwlink egwlink_bible\" title=\"John 3:16\" data-link=\"1965.53318\">John 3:16</span>; in one chapter&mdash;<span class=\"egwlink egwlink_bible\" title=\"Ephesians 2:1\" data-link=\"1965.59611\">Ephesians 2</span>; in one book&mdash;the Bible, &ldquo;the greater light&ldquo;: and in one library&mdash;&ldquo;the lesser light,&rdquo; the forty-five bound volumes and several thousand Ellen G. White articles that have appeared in our church papers over the past one hundred years.",
    "puborder": 1284,
    "translations": []
  },
  {
    "para_id": "654.1779",
    "id_prev": "654.1778",
    "id_next": "654.1780",
    "refcode_1": "BHP",
    "refcode_2": "302",
    "refcode_3": "4",
    "refcode_4": "",
    "refcode_short": "BHP 302.4",
    "refcode_long": "Believe His Prophets, p. 302.4 (Denton Edward Rebok)",
    "element_type": "p",
    "element_subtype": "standard-indented",
    "content": "&ldquo;The revelation of God&rsquo;s love to men centers in the cross. Its full significance tongue cannot utter; pen cannot portray; the mind of man cannot comprehend. Looking upon the cross of Calvary we can only say: &lsquo;God so loved the world, that He gave His only-begotten Son, that whosoever believeth in Him should not perish, but have everlasting life.&rsquo; <span class=\"egwlink egwlink_bible\" title=\"John 3:16\" data-link=\"1965.53318\">John 3:16</span>.",
    "puborder": 1285,
    "translations": []
  },
  {
    "para_id": "654.1780",
    "id_prev": "654.1779",
    "id_next": "654.1783",
    "refcode_1": "BHP",
    "refcode_2": "302",
    "refcode_3": "5",
    "refcode_4": "",
    "refcode_short": "BHP 302.5",
    "refcode_long": "Believe His Prophets, p. 302.5 (Denton Edward Rebok)",
    "element_type": "p",
    "element_subtype": "standard-indented",
    "content": "&ldquo;Christ crucified for our sins, Christ risen from the dead, Christ ascended on high, <em>is the science of salvation</em> <span class=\"page-break\" data-page=\"303\"></span> <em>that we are to learn and to teach.&rdquo; Testimonies,</em> vol. 8, p. 287. (Italics supplied.)",
    "puborder": 1286,
    "translations": []
  },
  {
    "para_id": "654.1783",
    "id_prev": "654.1780",
    "id_next": "654.1784",
    "refcode_1": "BHP",
    "refcode_2": "303",
    "refcode_3": "1",
    "refcode_4": "",
    "refcode_short": "BHP 303.1",
    "refcode_long": "Believe His Prophets, p. 303.1 (Denton Edward Rebok)",
    "element_type": "p",
    "element_subtype": "standard-indented",
    "content": "My faith in Christ as my personal Saviour causes me to make a full and complete surrender to Him:",
    "puborder": 1287,
    "translations": []
  },
  {
    "para_id": "654.1784",
    "id_prev": "654.1783",
    "id_next": "654.1785",
    "refcode_1": "BHP",
    "refcode_2": "303",
    "refcode_3": "2",
    "refcode_4": "",
    "refcode_short": "BHP 303.2",
    "refcode_long": "Believe His Prophets, p. 303.2 (Denton Edward Rebok)",
    "element_type": "p",
    "element_subtype": "standard-indented",
    "content": "&ldquo;He asks for a whole heart; give it to Him; it is His, both by creation and by redemption. He asks for your intellect; give it to Him; it is His. He asks for your money; give it to Him; it is His. &lsquo;Ye are not your own; for ye are bought with a price.&rsquo; God requires the homage of a sanctified soul, which has prepared itself, by the exercise of the faith that works by love, to serve Him. He holds up before us the highest ideal, even perfection. He asks us to be absolutely and completely for Him in this world as He is for us in the presence of God.&rdquo; <span class=\"egwlink egwlink_book\" title=\"AA 566.1\" data-link=\"127.2491\">The Acts of the Apostles, 566</span>.",
    "puborder": 1288,
    "translations": []
  },
  {
    "para_id": "654.1785",
    "id_prev": "654.1784",
    "id_next": "654.1786",
    "refcode_1": "BHP",
    "refcode_2": "303",
    "refcode_3": "3",
    "refcode_4": "",
    "refcode_short": "BHP 303.3",
    "refcode_long": "Believe His Prophets, p. 303.3 (Denton Edward Rebok)",
    "element_type": "p",
    "element_subtype": "standard-indented",
    "content": "Now what is the purpose of the Bible? Christ and the cross are at the center of the Bible, and rise up, as it were, out of the Book as the focal point of interest for me; but God gave the Book, from <span class=\"egwlink egwlink_bible\" title=\"Genesis 1:1\" data-link=\"1965.5\">Genesis 1</span> to <span class=\"egwlink egwlink_bible\" title=\"Revelation 22:1\" data-link=\"1965.63420\">Revelation 22</span>, as the story of redemption, the standard of His everlasting kingdom, a guidebook from earth to heaven, a complete pattern for Christian living. (See <span class=\"egwlink egwlink_bible\" title=\"2 Timothy 3:15\" data-link=\"1965.60922\">2 Timothy 3:15-17</span>.)",
    "puborder": 1289,
    "translations": []
  },
  {
    "para_id": "654.1786",
    "id_prev": "654.1785",
    "id_next": "654.1789",
    "refcode_1": "BHP",
    "refcode_2": "303",
    "refcode_3": "4",
    "refcode_4": "",
    "refcode_short": "BHP 303.4",
    "refcode_long": "Believe His Prophets, p. 303.4 (Denton Edward Rebok)",
    "element_type": "p",
    "element_subtype": "standard-indented",
    "content": "We must keep in mind that a man is not saved by merely assenting to the doctrines of the Bible, but by his faith in the Lord Jesus. The doctrines, the reproofs, the instruction are given as the detailed specifications for building a perfect Christian character, for the making of an intelligent Christian. This is what Peter means by growing in grace as set forth in <span class=\"egwlink egwlink_bible\" title=\"2 Peter 1:5\" data-link=\"1965.62189\">2 Peter 1:5-11</span>. We <span class=\"page-break\" data-page=\"304\"></span> begin with our faith in Jesus Christ, and He then comes into our hearts by faith and takes up His abode (<span class=\"egwlink egwlink_bible\" title=\"Ephesians 3:17\" data-link=\"1965.59688\">Ephesians 3:17</span>). This abiding presence brings about a transformation of character, so that the Christian shows forth the virtues of Christ in every business transaction, in every social relation, in every phase of his daily life.",
    "puborder": 1290,
    "translations": []
  },
  {
    "para_id": "654.1789",
    "id_prev": "654.1786",
    "id_next": "654.1790",
    "refcode_1": "BHP",
    "refcode_2": "304",
    "refcode_3": "1",
    "refcode_4": "",
    "refcode_short": "BHP 304.1",
    "refcode_long": "Believe His Prophets, p. 304.1 (Denton Edward Rebok)",
    "element_type": "p",
    "element_subtype": "standard-indented",
    "content": "Ellen G. White describes it this way:",
    "puborder": 1291,
    "translations": []
  },
  {
    "para_id": "654.1790",
    "id_prev": "654.1789",
    "id_next": "654.1791",
    "refcode_1": "BHP",
    "refcode_2": "304",
    "refcode_3": "2",
    "refcode_4": "",
    "refcode_short": "BHP 304.2",
    "refcode_long": "Believe His Prophets, p. 304.2 (Denton Edward Rebok)",
    "element_type": "p",
    "element_subtype": "standard-indented",
    "content": "&ldquo;Every moment of our lives is intensely real, and charged with solemn responsibilities. Ignorance will be no excuse for lack of spiritual understanding and attainment; for we are exhorted to add to virtue, knowledge. Many are very ignorant of Bible truth, and they do not realize the duty and necessity of becoming intelligent Christians…. The uncultured fishermen became men of refinement and ability; and the lessons that they were privileged to learn are written for our admonition and instruction. We are invited to become learners in the school of Christ. We need to acquire all the knowledge possible. We cannot afford to be ignorant of the things that pertain to our eternal welfare. If all would cease gossip and evil communication, devoting the time to contemplation of Christ and the plan of salvation, they would add the knowledge essential to a growth in grace.&rdquo; <span class=\"egwlink egwlink_book\" title=\"RH 2-21-1888\" data-link=\"821.8646\">The Review and Herald, February 21, 1888</span>, p. 113.",
    "puborder": 1292,
    "translations": []
  },
  {
    "para_id": "654.1791",
    "id_prev": "654.1790",
    "id_next": "654.1794",
    "refcode_1": "BHP",
    "refcode_2": "304",
    "refcode_3": "3",
    "refcode_4": "",
    "refcode_short": "BHP 304.3",
    "refcode_long": "Believe His Prophets, p. 304.3 (Denton Edward Rebok)",
    "element_type": "p",
    "element_subtype": "standard-indented",
    "content": "Let us pause for a moment and think that through. Is it possible that we as Seventh-day Adventist preachers and teachers have been putting our emphasis in the wrong place? Have we shifted our focus from the great fundamentals to the incidentals and perhaps the nonessentials? Is my salvation still dependent on <span class=\"page-break\" data-page=\"305\"></span> my faith in Jesus Christ? Or is it dependent on my readiness to give mere intellectual assent to certain designated answers to specific questions regarding a Seventh-day Adventist system of theology, and to certain interpretations of prophecies that were originally designed to help me know how far along I am today in the path leading to the everlasting kingdom?",
    "puborder": 1293,
    "translations": []
  },
  {
    "para_id": "654.1794",
    "id_prev": "654.1791",
    "id_next": "654.1795",
    "refcode_1": "BHP",
    "refcode_2": "305",
    "refcode_3": "1",
    "refcode_4": "",
    "refcode_short": "BHP 305.1",
    "refcode_long": "Believe His Prophets, p. 305.1 (Denton Edward Rebok)",
    "element_type": "p",
    "element_subtype": "standard-indented",
    "content": "Brethren, we do well to ponder these things lest we be guilty of doing the very things Ellen G. White warns against. Listen to her words:",
    "puborder": 1294,
    "translations": []
  },
  {
    "para_id": "654.1795",
    "id_prev": "654.1794",
    "id_next": "654.1796",
    "refcode_1": "BHP",
    "refcode_2": "305",
    "refcode_3": "2",
    "refcode_4": "",
    "refcode_short": "BHP 305.2",
    "refcode_long": "Believe His Prophets, p. 305.2 (Denton Edward Rebok)",
    "element_type": "p",
    "element_subtype": "standard-indented",
    "content": "&ldquo;More people than we think are longing to find the way to Christ. Those who preach the last message of mercy should bear in mind that Christ is to be exalted as the sinner&rsquo;s refuge. Some ministers think that it is not necessary to preach repentance and faith; they take it for granted that their hearers are acquainted with the gospel, and that matters of a different nature must be presented in order to hold their attention. But many people are sadly ignorant in regard to the plan of salvation; they need more instruction upon this all-important subject than upon any other.",
    "puborder": 1295,
    "translations": []
  },
  {
    "para_id": "654.1796",
    "id_prev": "654.1795",
    "id_next": "654.1797",
    "refcode_1": "BHP",
    "refcode_2": "305",
    "refcode_3": "3",
    "refcode_4": "",
    "refcode_short": "BHP 305.3",
    "refcode_long": "Believe His Prophets, p. 305.3 (Denton Edward Rebok)",
    "element_type": "p",
    "element_subtype": "standard-indented",
    "content": "&ldquo;<em>Theoretical discourses</em> are essential, that people may see the <em>chain of truth,</em> link after link, uniting in a perfect whole; but no discourse should ever be preached without presenting Christ and Him crucified as the foundation of the gospel. Ministers would reach more hearts if they would dwell more upon practical godliness….",
    "puborder": 1296,
    "translations": []
  },
  {
    "para_id": "654.1797",
    "id_prev": "654.1796",
    "id_next": "654.1800",
    "refcode_1": "BHP",
    "refcode_2": "305",
    "refcode_3": "4",
    "refcode_4": "",
    "refcode_short": "BHP 305.4",
    "refcode_long": "Believe His Prophets, p. 305.4 (Denton Edward Rebok)",
    "element_type": "p",
    "element_subtype": "standard-indented",
    "content": "&ldquo;The thought that the righteousness of Christ is imputed to us, not because of any merit on our part, but as a free gift from God, is a precious thought. The enemy of God and man is not willing that this truth should be <span class=\"page-break\" data-page=\"306\"></span> clearly presented; for he knows that if the people receive it fully, his powers will be broken….",
    "puborder": 1297,
    "translations": []
  },
  {
    "para_id": "654.1800",
    "id_prev": "654.1797",
    "id_next": "654.1801",
    "refcode_1": "BHP",
    "refcode_2": "306",
    "refcode_3": "1",
    "refcode_4": "",
    "refcode_short": "BHP 306.1",
    "refcode_long": "Believe His Prophets, p. 306.1 (Denton Edward Rebok)",
    "element_type": "p",
    "element_subtype": "standard-indented",
    "content": "&ldquo;The people must be instructed that Christ is unto them salvation and righteousness. <em>It is Satan&rsquo;s studied purpose</em> to keep souls from believing in Christ as their only hope.&rdquo; <span class=\"egwlink egwlink_book\" title=\"GW 158.1\" data-link=\"35.795\">Gospel Workers, 158-162</span>. (Italics supplied.)",
    "puborder": 1298,
    "translations": []
  }
]