[
  {
    "para_id": "83.1102",
    "id_prev": "83.1101",
    "id_next": "83.1103",
    "refcode_1": "PaM",
    "refcode_2": "220",
    "refcode_3": "",
    "refcode_4": "119",
    "refcode_short": "PaM 220",
    "refcode_long": "Pastoral Ministry, p. 220 (Ellen Gould White)",
    "element_type": "h4",
    "element_subtype": "",
    "content": "Win Them",
    "puborder": 769,
    "translations": [
      {
        "para_id": "1856.1160",
        "lang": "es",
        "refcode": "MPa 253"
      },
      {
        "para_id": "1997.1058",
        "lang": "ru",
        "refcode": "ПС 220"
      }
    ]
  },
  {
    "para_id": "83.1103",
    "id_prev": "83.1102",
    "id_next": "83.1106",
    "refcode_1": "PaM",
    "refcode_2": "220",
    "refcode_3": "4",
    "refcode_4": "",
    "refcode_short": "PaM 220.4",
    "refcode_long": "Pastoral Ministry, p. 220.4 (Ellen Gould White)",
    "element_type": "p",
    "element_subtype": "standard-indented",
    "content": "<strong>In the parables of the lost sheep and lost piece of silver, Jesus illustrated heaven&apos;s attitude toward the backslidden</strong>&mdash;They should be carefully and tenderly led and educated as pupils in school. Many have to unlearn theories which have been ingrafted into their lives. As they become convinced that they have been in error concerning Bible subjects, they are thrown into perplexity and doubt. They need the tenderest sympathy and the most judicious help; they should be carefully instructed; and should be prayed for and prayed with, watched and guarded with the kindest solicitude. Those who have fallen under temptation and have backslidden from God, need help. This class is represented in the lessons of Christ by the lost sheep. The <span class=\"page-break\" data-page=\"221\"></span> shepherd left the ninety and nine in the wilderness, and hunted for the one lost sheep until he found it; he then returned with rejoicing, bearing it on his shoulder. Also by the illustration of the woman who searched for the lost piece of silver until she found it, and called together her neighbors to rejoice with her that the lost was found. The connection of heavenly angels with the Christian&apos;s work is here brought clearly to light. There is more joy in the presence of the angels in heaven over one sinner that repents than over ninety and nine just persons who need no repentance. There is joy with the Father and with Christ. All heaven is interested in the salvation of man. He who is instrumental in saving a soul is at liberty to rejoice; for angels of God have witnessed his efforts with the most intense interest, and rejoice with him in his success.&mdash;<span class=\"egwlink egwlink_book\" title=\"4T 263.1\" data-link=\"114.1337\">Testimonies for the Church 4:263, 264</span>.",
    "puborder": 770,
    "translations": [
      {
        "para_id": "1856.1161",
        "lang": "es",
        "refcode": "MPa 253.1"
      },
      {
        "para_id": "1997.1059",
        "lang": "ru",
        "refcode": "ПС 220.4"
      }
    ]
  },
  {
    "para_id": "83.1106",
    "id_prev": "83.1103",
    "id_next": "83.1107",
    "refcode_1": "PaM",
    "refcode_2": "221",
    "refcode_3": "1",
    "refcode_4": "",
    "refcode_short": "PaM 221.1",
    "refcode_long": "Pastoral Ministry, p. 221.1 (Ellen Gould White)",
    "element_type": "p",
    "element_subtype": "standard-indented",
    "content": "<strong>Let the love of Christ constrain you to feel compassion toward the backslidden</strong>&mdash;Let not the ministers of the cross of our dear Saviour forget their experience in these things, but ever bear in mind they are but men liable to err, of like passions with their brethren; and if they help their brethren, they must be persevering in their efforts to do them good, having their hearts filled with pity and love. They must come to the hearts of their brethren, and help them where they are weak and need help the most. Those who labor in word and doctrine should break their own hard, proud, unbelieving hearts, if they would witness the same in their brethren. Christ has done all for us because we were helpless, bound in chains of darkness, sin, and despair, and because we could do nothing for ourselves. It is through the exercise of faith, hope, and love, that we come nearer and nearer to the standard of perfect holiness. Our brethren feel the same pitying need of help that we have felt. We should not burden them with unnecessary censure, but let the love of Christ constrain us to be very compassionate and tender, that we can weep over the erring and those who have backslidden from God. The soul is of infinite value. The worth of the soul can be estimated only by the price paid to ransom it. Calvary! Calvary! Calvary! will explain the true value of the soul.&mdash;<span class=\"egwlink egwlink_book\" title=\"3T 187.1\" data-link=\"119.865\">Testimonies for the Church 3:187, 188</span>.",
    "puborder": 771,
    "translations": [
      {
        "para_id": "1856.1162",
        "lang": "es",
        "refcode": "MPa 253.2"
      },
      {
        "para_id": "1997.1062",
        "lang": "ru",
        "refcode": "ПС 221.1"
      }
    ]
  },
  {
    "para_id": "83.1107",
    "id_prev": "83.1106",
    "id_next": "83.1111",
    "refcode_1": "PaM",
    "refcode_2": "221",
    "refcode_3": "2",
    "refcode_4": "",
    "refcode_short": "PaM 221.2",
    "refcode_long": "Pastoral Ministry, p. 221.2 (Ellen Gould White)",
    "element_type": "p",
    "element_subtype": "standard-indented",
    "content": "<strong>Backsliders may rise up against ministers who deal with them faithfully</strong>&mdash;Some are so cold and backslidden that they do not realize that they are setting their affections on earthly treasure, which is soon to be swept away forever. The love of the world is binding them about, like a thick garment; and unless they change their course, they will not know how precious it is to practice self-denial for Christ&apos;s sake. All our idols, our love of the world, must be expelled from the heart. There are ministers and faithful friends who see the danger that surrounds these self-bound souls, and who faithfully present to them the error of their course, but instead of taking admonitions in the spirit in which they are given, and profiting thereby, those reproved rise up against the ones who deal with them faithfully. O that they might <span class=\"page-break\" data-page=\"222\"></span> arouse from their spiritual lethargy, and now acquaint themselves with God! The world is blinding their eyes from seeing him who is invisible. They are unable to discern the most precious things that are of eternal interest, but view the truth of God in so dim a light that it seems of little value to them.&mdash;<span class=\"egwlink egwlink_book\" title=\"RH 10-31-1893\" data-link=\"821.13124\">The Review and Herald, October 31, 1893</span>.",
    "puborder": 772,
    "translations": [
      {
        "para_id": "1856.1165",
        "lang": "es",
        "refcode": "MPa 254.1"
      },
      {
        "para_id": "1997.1063",
        "lang": "ru",
        "refcode": "ПС 221.2"
      }
    ]
  }
]