[
  {
    "para_id": "83.863",
    "id_prev": "83.862",
    "id_next": "83.864",
    "refcode_1": "PaM",
    "refcode_2": "178",
    "refcode_3": "",
    "refcode_4": "87",
    "refcode_short": "PaM 178",
    "refcode_long": "Pastoral Ministry, p. 178 (Ellen Gould White)",
    "element_type": "h4",
    "element_subtype": "",
    "content": "Congregational singing",
    "puborder": 596,
    "translations": [
      {
        "para_id": "1856.917",
        "lang": "es",
        "refcode": "MPa 205"
      },
      {
        "para_id": "1997.822",
        "lang": "ru",
        "refcode": "ПС 178"
      }
    ]
  },
  {
    "para_id": "83.864",
    "id_prev": "83.863",
    "id_next": "83.867",
    "refcode_1": "PaM",
    "refcode_2": "178",
    "refcode_3": "4",
    "refcode_4": "",
    "refcode_short": "PaM 178.4",
    "refcode_long": "Pastoral Ministry, p. 178.4 (Ellen Gould White)",
    "element_type": "p",
    "element_subtype": "standard-indented",
    "content": "<strong>Organize a group of the best singers to lead congregational singing</strong>&mdash;Another matter which should receive attention, both at our camp meetings and elsewhere, is that of singing. A minister should not give out hymns to be sung, until it has first been ascertained that they are familiar to those who sing. A proper person should be appointed to take charge of this exercise, and it should be his duty to see that such hymns are selected as can be sung with the spirit and with the understanding also. Singing is a part of the worship of God, but in the bungling manner in which it is often conducted, it is no credit to the truth, and no honor to God. There should be system and order in this as well as every other part of the Lord&apos;s work. Organize a company of <span class=\"page-break\" data-page=\"179\"></span> the best singers, whose voices can lead the congregation, and then let all who will, unite with them. Those who sing should make an effort to sing in harmony; they should devote some time to practice, that they may employ this talent to the glory of God.&mdash;<span class=\"egwlink egwlink_book\" title=\"RH 7-24-1883\" data-link=\"821.4829\">The Review and Herald, July 24, 1883</span>.",
    "puborder": 597,
    "translations": [
      {
        "para_id": "1856.919",
        "lang": "es",
        "refcode": "MPa 205.3"
      },
      {
        "para_id": "1856.918",
        "lang": "es",
        "refcode": "MPa 205.2"
      },
      {
        "para_id": "1997.823",
        "lang": "ru",
        "refcode": "ПС 178.4"
      }
    ]
  },
  {
    "para_id": "83.867",
    "id_prev": "83.864",
    "id_next": "83.868",
    "refcode_1": "PaM",
    "refcode_2": "179",
    "refcode_3": "1",
    "refcode_4": "",
    "refcode_short": "PaM 179.1",
    "refcode_long": "Pastoral Ministry, p. 179.1 (Ellen Gould White)",
    "element_type": "p",
    "element_subtype": "standard-indented",
    "content": "<strong>Singing is as much an act of worship as is prayer</strong>&mdash;The proper training of the voice is an important feature in education, and should not be neglected. Singing, as a part of religious service, is as much an act of worship as is prayer.&mdash;<span class=\"egwlink egwlink_book\" title=\"PP 594.1\" data-link=\"84.2797\">Patriarchs and Prophets, 594</span>.",
    "puborder": 598,
    "translations": [
      {
        "para_id": "1856.920",
        "lang": "es",
        "refcode": "MPa 205.4"
      },
      {
        "para_id": "1997.826",
        "lang": "ru",
        "refcode": "ПС 179.1"
      }
    ]
  }
]