[
  {
    "para_id": "83.989",
    "id_prev": "83.988",
    "id_next": "83.990",
    "refcode_1": "PaM",
    "refcode_2": "198",
    "refcode_3": "",
    "refcode_4": "108",
    "refcode_short": "PaM 198",
    "refcode_long": "Pastoral Ministry, p. 198 (Ellen Gould White)",
    "element_type": "h4",
    "element_subtype": "",
    "content": "Delivery&mdash;Gestures",
    "puborder": 689,
    "translations": [
      {
        "para_id": "1856.1048",
        "lang": "es",
        "refcode": "MPa 228"
      },
      {
        "para_id": "1997.950",
        "lang": "ru",
        "refcode": "ПС 198"
      }
    ]
  },
  {
    "para_id": "83.990",
    "id_prev": "83.989",
    "id_next": "83.991",
    "refcode_1": "PaM",
    "refcode_2": "198",
    "refcode_3": "2",
    "refcode_4": "",
    "refcode_short": "PaM 198.2",
    "refcode_long": "Pastoral Ministry, p. 198.2 (Ellen Gould White)",
    "element_type": "p",
    "element_subtype": "standard-indented",
    "content": "<strong>In the desk, do not assume attitudes and expressions calculated for effect</strong>&mdash;I see that great reformation must take place in the ministry before it shall be what God would have it. Ministers in the desk have no license to behave like theatrical performers, assuming attitudes and expressions calculated for effect. They do not occupy the sacred desk as actors, but as teachers of solemn truths. There are also fanatical ministers, who, in attempting to preach Christ, storm, halloo, jump up and down, and pound the desk before them, as if this bodily exercise profited anything. Such antics lend no force to the truths uttered, but, on the contrary, disgust men and women of calm judgment and elevated views. It is the duty of men who give themselves to the ministry to leave all coarseness and boisterous conduct outside the desk at least.&mdash;<span class=\"egwlink egwlink_book\" title=\"Ev 640.1\" data-link=\"30.3552\">Evangelism, 640</span>.",
    "puborder": 690,
    "translations": [
      {
        "para_id": "1856.1049",
        "lang": "es",
        "refcode": "MPa 228.2"
      },
      {
        "para_id": "1997.951",
        "lang": "ru",
        "refcode": "ПС 198.2"
      }
    ]
  },
  {
    "para_id": "83.991",
    "id_prev": "83.990",
    "id_next": "83.992",
    "refcode_1": "PaM",
    "refcode_2": "198",
    "refcode_3": "3",
    "refcode_4": "",
    "refcode_short": "PaM 198.3",
    "refcode_long": "Pastoral Ministry, p. 198.3 (Ellen Gould White)",
    "element_type": "p",
    "element_subtype": "standard-indented",
    "content": "<strong>Refine your pulpit decorum</strong>&mdash;The man of God, the minister of Christ, is required to be thoroughly furnished unto all good works. A pompous minister, all dignity, is not needed for this good work. But decorum is necessary in the desk. A minister of the gospel should not be regardless of his attitude. If he is the representative of Christ, his deportment, his attitude, his gestures, should be of such a character as will not strike the beholder with disgust. Ministers should possess refinement. They should discard all uncouth manners, attitudes, and gestures, and should encourage in themselves humble dignity of bearing.&mdash;<span class=\"egwlink egwlink_book\" title=\"1T 648.1\" data-link=\"116.3020\">Testimonies for the Church 1:648, 649</span>.",
    "puborder": 691,
    "translations": [
      {
        "para_id": "1856.1050",
        "lang": "es",
        "refcode": "MPa 228.3"
      },
      {
        "para_id": "1997.952",
        "lang": "ru",
        "refcode": "ПС 198.3"
      }
    ]
  }
]