[
  {
    "para_id": "498.1197",
    "id_prev": "498.1475",
    "id_next": "498.1198",
    "refcode_1": "AUCR",
    "refcode_2": "",
    "refcode_3": "",
    "refcode_4": "1907",
    "refcode_short": "AUCR May 6,  1907",
    "refcode_long": "Australasian Union Conference Record May 6,  1907",
    "element_type": "h3",
    "element_subtype": "",
    "content": "May 6, 1907",
    "puborder": 1301,
    "translations": []
  },
  {
    "para_id": "498.1198",
    "id_prev": "498.1197",
    "id_next": "498.1199",
    "refcode_1": "AUCR",
    "refcode_2": "",
    "refcode_3": "",
    "refcode_4": "1907",
    "refcode_short": "AUCR May 6,  1907",
    "refcode_long": "Australasian Union Conference Record May 6,  1907",
    "element_type": "h5",
    "element_subtype": "",
    "content": "Are You Light-bearers?",
    "puborder": 1302,
    "translations": []
  },
  {
    "para_id": "498.1199",
    "id_prev": "498.1198",
    "id_next": "498.1200",
    "refcode_1": "AUCR",
    "refcode_2": "",
    "refcode_3": "",
    "refcode_4": "1907",
    "refcode_short": "",
    "refcode_long": "",
    "element_type": "p",
    "element_subtype": "periodicalauthor",
    "content": "EGW",
    "puborder": 1303,
    "translations": []
  },
  {
    "para_id": "498.1200",
    "id_prev": "498.1199",
    "id_next": "498.1201",
    "refcode_1": "AUCR",
    "refcode_2": "",
    "refcode_3": "",
    "refcode_4": "1907",
    "refcode_short": "AUCR May 6,  1907, par. 1",
    "refcode_long": "Australasian Union Conference Record May 6,  1907, paragraph 1",
    "element_type": "p",
    "element_subtype": "standard-indented",
    "content": "The disciples of Christ are required to represent their Lord to the world. They have been set as torch-bearers on the road to heaven. The light is not given to any soul to be put under a bushel, or under the bed; but to be put on a candlestick, that it may give light to all that are in the house. If we are neglecting any duty, or shrinking from any responsibility, or avoiding any position of trust for which the Lord has qualified and called us, we are not letting our light so shine that men, seeing our good works, may glorify the Father which is in heaven. We should every one be active and enterprising in trading with the talents which God has given to us. We must work in faith. We must not allow doubts to cloud the mind. We must not allow our attention to be drawn from Jesus to our surroundings.",
    "puborder": 1304,
    "translations": []
  },
  {
    "para_id": "498.1201",
    "id_prev": "498.1200",
    "id_next": "498.1202",
    "refcode_1": "AUCR",
    "refcode_2": "",
    "refcode_3": "",
    "refcode_4": "1907",
    "refcode_short": "AUCR May 6,  1907, par. 2",
    "refcode_long": "Australasian Union Conference Record May 6,  1907, paragraph 2",
    "element_type": "p",
    "element_subtype": "standard-indented",
    "content": "The lower lights must be kept burning. Jesus is the great light which lights up every man that comes into the world. All heaven is interested in the conflict that is going on in this world between truth and error, light and darkness. The great Source of all light is constantly shining, and those who will catch His rays, and will reflect them upon others, will be light-bearers in this darkened world. We are not pleasing God when we permit our minds to dwell upon our imperfections, mourning constantly over our condition, with our eyes directed continually upon our mistakes and errors. Come to Jesus; He is the light of the world. Take hold of His strength by faith and make peace with Him. Shall you talk of your weakness?&mdash;No; no: for that pleases the enemy. Dwell upon the great help that has been provided for you in Jesus, your Redeemer.",
    "puborder": 1305,
    "translations": []
  },
  {
    "para_id": "498.1202",
    "id_prev": "498.1201",
    "id_next": "498.1203",
    "refcode_1": "AUCR",
    "refcode_2": "",
    "refcode_3": "",
    "refcode_4": "1907",
    "refcode_short": "AUCR May 6,  1907, par. 3",
    "refcode_long": "Australasian Union Conference Record May 6,  1907, paragraph 3",
    "element_type": "p",
    "element_subtype": "standard-indented",
    "content": "Christ said to His disciples, &ldquo;Ye are the light of the world.&rdquo; As the sun goes forth in the heavens to fill the world with brightness, so must the followers of Christ shed the light of truth upon those who are groping in the darkness of error and superstition. But Christ&apos;s followers have no light of themselves. It is the light of heaven that falls upon them, which is to be reflected by them to the world. Jesus speaks through clay. Let men beware how they slight or reject the words of His representatives, for in so doing they are rejecting Christ.",
    "puborder": 1306,
    "translations": []
  },
  {
    "para_id": "498.1203",
    "id_prev": "498.1202",
    "id_next": "498.1204",
    "refcode_1": "AUCR",
    "refcode_2": "",
    "refcode_3": "",
    "refcode_4": "1907",
    "refcode_short": "AUCR May 6,  1907, par. 4",
    "refcode_long": "Australasian Union Conference Record May 6,  1907, paragraph 4",
    "element_type": "p",
    "element_subtype": "standard-indented",
    "content": "A great responsibility rests upon the professed followers of Jesus. If they present to the world self instead of Christ, they will have a fearful account to render at the day of final reckoning. But none need thus to fail. Our compassionate Redeemer has provided for us the help we need. He is waiting to kindle in every heart that will receive His words such love as He alone can inspire. He will impute His own righteousness to the sincere penitent, and will fit him to become a witness for Christ.",
    "puborder": 1307,
    "translations": []
  },
  {
    "para_id": "498.1204",
    "id_prev": "498.1203",
    "id_next": "498.1205",
    "refcode_1": "AUCR",
    "refcode_2": "",
    "refcode_3": "",
    "refcode_4": "1907",
    "refcode_short": "AUCR May 6,  1907, par. 5",
    "refcode_long": "Australasian Union Conference Record May 6,  1907, paragraph 5",
    "element_type": "p",
    "element_subtype": "standard-indented",
    "content": "Those who have experienced the new birth have but entered upon the Christian life. To such are addressed the words of the apostle, &ldquo;As ye have received the Lord Jesus Christ so walk ye in Him.&rdquo; In the storm of opposition, the whirlwind of strife that we are called to meet, it is sometimes hard to maintain the patience and gentleness of Christ, hard to meet the railing accusation with words of Scripture truth. But such must be the Christian&apos;s course. God has promised grace for every trial. By patient endurance we may become strong, by failure we may learn success, and through apparent defeat we may conquer.",
    "puborder": 1308,
    "translations": []
  },
  {
    "para_id": "498.1205",
    "id_prev": "498.1204",
    "id_next": "498.1207",
    "refcode_1": "AUCR",
    "refcode_2": "",
    "refcode_3": "",
    "refcode_4": "1907",
    "refcode_short": "AUCR May 6,  1907, par. 6",
    "refcode_long": "Australasian Union Conference Record May 6,  1907, paragraph 6",
    "element_type": "p",
    "element_subtype": "standard-indented",
    "content": "Let not those be discouraged who are sorely tried and tempted, and who feel that they have not the strength to cope single-handed with the power of evil. God asks you to become co-laborers with Him. You need not wait for great opportunities nor ask for extraordinary talents. Use the ability that you now have. Do not weary yourself with anxiety about the success of your efforts, but quietly, faithfully, do what you can, leaving the result with God. Though surrounded by the darkness of unbelief, you may let your daily life be a light to the world, a living testimony to the power of divine grace. The influence of that testimony will widen and deepen, so long as you are connected with the God of wisdom and power. Be assured that your memorial is written above, and in the day of God some at least among the redeemed will call you blessed.",
    "puborder": 1309,
    "translations": []
  }
]