{
  "2": 2,
  "3": 2,
  "4": 2,
  "6": 2,
  "7": 7,
  "8": 7,
  "9": 7,
  "10": 7,
  "11": 11,
  "12": 11,
  "13": 11,
  "14": 11,
  "15": 15,
  "16": 15,
  "17": 15,
  "18": 15,
  "19": 15,
  "20": 15,
  "21": 15,
  "24": 15,
  "25": 15,
  "26": 15,
  "27": 15,
  "28": 28,
  "29": 28,
  "30": 30,
  "31": 30,
  "32": 30,
  "33": 30,
  "34": 30,
  "35": 30,
  "36": 30,
  "37": 30,
  "38": 30,
  "39": 30,
  "41": 41,
  "42": 41,
  "43": 41,
  "44": 41,
  "45": 41,
  "46": 41,
  "47": 41,
  "48": 41,
  "49": 49,
  "50": 49,
  "51": 51,
  "52": 51,
  "55": 51,
  "56": 56,
  "57": 56,
  "58": 58,
  "59": 58,
  "60": 60,
  "61": 60,
  "62": 60,
  "63": 60,
  "64": 60,
  "66": 60,
  "67": 60,
  "68": 60,
  "69": 60,
  "70": 60,
  "71": 60,
  "72": 60,
  "73": 60,
  "74": 60,
  "75": 60,
  "76": 60,
  "78": 78,
  "79": 78,
  "80": 78,
  "81": 78,
  "82": 78,
  "83": 78,
  "84": 78,
  "85": 78,
  "86": 78,
  "87": 78,
  "88": 78,
  "89": 78,
  "92": 78,
  "93": 78,
  "94": 78,
  "95": 95,
  "96": 95,
  "97": 95,
  "98": 95,
  "99": 95,
  "101": 101,
  "102": 101,
  "103": 101,
  "104": 101,
  "105": 101,
  "106": 101,
  "107": 101,
  "108": 101,
  "109": 101,
  "110": 101,
  "111": 101,
  "112": 101
}