[
  {
    "para_id": "1391.222",
    "id_prev": "1391.220",
    "id_next": "1391.223",
    "refcode_1": "GTI",
    "refcode_2": "54",
    "refcode_3": "",
    "refcode_4": "",
    "refcode_short": "GTI 54",
    "refcode_long": "The Glad Tidings, p. 54 (Ellet Joseph Waggoner)",
    "element_type": "h3",
    "element_subtype": "",
    "content": "02 LIFE BY THE FAITH OF CHRIST, THE TRUTH OF THE GOSPEL",
    "puborder": 133,
    "translations": []
  },
  {
    "para_id": "1391.223",
    "id_prev": "1391.222",
    "id_next": "1391.224",
    "refcode_1": "GTI",
    "refcode_2": "54",
    "refcode_3": "1",
    "refcode_4": "",
    "refcode_short": "GTI 54.1",
    "refcode_long": "The Glad Tidings, p. 54.1 (Ellet Joseph Waggoner)",
    "element_type": "p",
    "element_subtype": "standard-indented",
    "content": "THERE are doubtless many who are reading this little book, not out of curiosity to see what another person thinks about the Epistle to the Galatians, but for help in arriving at an understanding of that much-discussed portion of Scripture. With each one of these I wish to hold a little personal talk before we proceed further with our study. Every portion of Scripture is connected with every other portion; as soon as we learn one thing thoroughly, making it a part of ourselves, it joins us and aids us in the search for more knowledge, just as each morsel of food that we eat and assimilate assists us in our labor for our daily bread. If, therefore, we proceed in the right way with the study of the Epistle to the Galatians, we shall have opened a wide door to the whole Bible.",
    "puborder": 134,
    "translations": []
  },
  {
    "para_id": "1391.224",
    "id_prev": "1391.223",
    "id_next": "1391.225",
    "refcode_1": "GTI",
    "refcode_2": "54",
    "refcode_3": "2",
    "refcode_4": "",
    "refcode_short": "GTI 54.2",
    "refcode_long": "The Glad Tidings, p. 54.2 (Ellet Joseph Waggoner)",
    "element_type": "p",
    "element_subtype": "standard-indented",
    "content": "The way to knowledge is very simple, so simple that many people despise it. It is not, however, to be despised, for, in spite of the oft-repeated statement to the contrary, there is",
    "puborder": 135,
    "translations": []
  }
]