[
  {
    "para_id": "1391.102",
    "id_prev": "1391.99",
    "id_next": "1391.103",
    "refcode_1": "GTI",
    "refcode_2": "27",
    "refcode_3": "",
    "refcode_4": "",
    "refcode_short": "GTI 27",
    "refcode_long": "The Glad Tidings, p. 27 (Ellet Joseph Waggoner)",
    "element_type": "h4",
    "element_subtype": "",
    "content": "Without God",
    "puborder": 62,
    "translations": []
  },
  {
    "para_id": "1391.103",
    "id_prev": "1391.102",
    "id_next": "1391.104",
    "refcode_1": "GTI",
    "refcode_2": "27",
    "refcode_3": "1",
    "refcode_4": "",
    "refcode_short": "GTI 27.1",
    "refcode_long": "The Glad Tidings, p. 27.1 (Ellet Joseph Waggoner)",
    "element_type": "p",
    "element_subtype": "standard-indented",
    "content": "Those who were departing from God were &ldquo;without God in the world,&rdquo; just to the extent that they were removed from Him. But those who are in that condition are Gentiles, or heathen. <span class=\"egwlink egwlink_bible\" title=\"Ephesians 2:11\" data-link=\"1965.59631\">Ephesians 2:11, 12</span>. It is evident, therefore, that the Galatian brethren were relapsing into heathenism. It could not be otherwise; for whenever any Christian loses his hold upon God, he inevitably and even unconsciously drops back into the old life from which he had been saved. Each backslider will take up the particular habits to which he was formerly a slave. No more hopeless condition can exist in the world than to be without God.",
    "puborder": 63,
    "translations": []
  }
]