[
  {
    "para_id": "1391.111",
    "id_prev": "1391.109",
    "id_next": "1391.112",
    "refcode_1": "GTI",
    "refcode_2": "29",
    "refcode_3": "",
    "refcode_4": "",
    "refcode_short": "GTI 29",
    "refcode_long": "The Glad Tidings, p. 29 (Ellet Joseph Waggoner)",
    "element_type": "h4",
    "element_subtype": "",
    "content": "&ldquo;Accursed.&rdquo;",
    "puborder": 68,
    "translations": []
  },
  {
    "para_id": "1391.112",
    "id_prev": "1391.111",
    "id_next": "1391.113",
    "refcode_1": "GTI",
    "refcode_2": "29",
    "refcode_3": "1",
    "refcode_4": "",
    "refcode_short": "GTI 29.1",
    "refcode_long": "The Glad Tidings, p. 29.1 (Ellet Joseph Waggoner)",
    "element_type": "p",
    "element_subtype": "standard-indented",
    "content": "If any man, or even an angel from heaven, should preach any other gospel than that which Paul preached, he would bring himself under a curse. There are not two standards of right and wrong. That which will bring a curse to-day would have produced the same result five thousand years ago. Thus we find that the way of salvation has been exactly the same in every age. The Gospel was preached to Abraham (<span class=\"egwlink egwlink_bible\" title=\"Galatians 3:8\" data-link=\"1965.59365\">Galatians 3:8</span>), angels being sent to him; and the prophets preached the Gospel (<span class=\"egwlink egwlink_bible\" title=\"1 Peter 1:11\" data-link=\"1965.61985\">1 Peter 1:11, 12</span>). But if the Gospel preached by them had been different from that preached by Paul, they would have been accursed.",
    "puborder": 69,
    "translations": []
  },
  {
    "para_id": "1391.113",
    "id_prev": "1391.112",
    "id_next": "1391.114",
    "refcode_1": "GTI",
    "refcode_2": "29",
    "refcode_3": "2",
    "refcode_4": "",
    "refcode_short": "GTI 29.2",
    "refcode_long": "The Glad Tidings, p. 29.2 (Ellet Joseph Waggoner)",
    "element_type": "p",
    "element_subtype": "standard-indented",
    "content": "Why should one be accursed for preaching a different gospel?&mdash;Because he is the means of fastening others in the curse, by leading them to trust for their salvation in that which professes to be power, but which is nothing. Since the Galatians were removing from God, it is evident that they were trusting to supposed human power&mdash;their own power&mdash;for salvation. But no man can save another (<span class=\"egwlink egwlink_bible\" title=\"Psalm 49:6\" data-link=\"1965.29857\">Psalm 49:6, 7</span>), therefore, &ldquo;cursed be the man that trusteth in man, and maketh flesh his arm, and whose heart departeth from the Lord.&rdquo; <span class=\"egwlink egwlink_bible\" title=\"Jeremiah 17:5\" data-link=\"1965.39513\">Jeremiah 17:5</span>. The one who leads men into the curse must, of course, himself be accursed.",
    "puborder": 70,
    "translations": []
  },
  {
    "para_id": "1391.114",
    "id_prev": "1391.113",
    "id_next": "1391.117",
    "refcode_1": "GTI",
    "refcode_2": "29",
    "refcode_3": "3",
    "refcode_4": "",
    "refcode_short": "GTI 29.3",
    "refcode_long": "The Glad Tidings, p. 29.3 (Ellet Joseph Waggoner)",
    "element_type": "p",
    "element_subtype": "standard-indented",
    "content": "&ldquo;Cursed be he that maketh the blind to wander out of the way.&rdquo; <span class=\"egwlink egwlink_bible\" title=\"Deuteronomy 27:18\" data-link=\"1965.11394\">Deuteronomy 27:18</span>. If this be so of the one who causes a physically blind man to stumble, how much more must it apply to one who causes a soul to stumble to its eternal ruin! To delude people with a false hope of salvation,&mdash;to cause them to put <span class=\"page-break\" data-page=\"30\"></span> their trust in that which can by no means deliver them,&mdash;what could possibly be more wicked? It is to lead people to build their house over the bottomless pit. Well might the apostle deliberately reiterate his anathema. Here, again, we see the gravity of the situation that called forth this epistle.",
    "puborder": 71,
    "translations": []
  }
]