[
  {
    "para_id": "14147.506959",
    "id_prev": "14147.6958",
    "id_next": "14147.6959",
    "refcode_1": "ETI",
    "refcode_2": "Lud",
    "refcode_3": "1",
    "refcode_4": "",
    "refcode_short": "ETI Lud.1",
    "refcode_long": "Easton's Bible Dictionary, p. Lud.1 (Matthew G. Easton)",
    "element_type": "h3",
    "element_subtype": "",
    "content": "Lud &mdash; Lystra",
    "puborder": 6986,
    "translations": []
  },
  {
    "para_id": "14147.6959",
    "id_prev": "14147.506959",
    "id_next": "14147.6960",
    "refcode_1": "ETI",
    "refcode_2": "Lud",
    "refcode_3": "1",
    "refcode_4": "",
    "refcode_short": "ETI Lud.1",
    "refcode_long": "Easton's Bible Dictionary, p. Lud.1 (Matthew G. Easton)",
    "element_type": "h4",
    "element_subtype": "",
    "content": "<span class=\"h3\"><a name=\"Lud\">Lud</a></span>",
    "puborder": 6987,
    "translations": []
  },
  {
    "para_id": "14147.6960",
    "id_prev": "14147.6959",
    "id_next": "14147.6961",
    "refcode_1": "ETI",
    "refcode_2": "Lud",
    "refcode_3": "2",
    "refcode_4": "",
    "refcode_short": "ETI Lud.2",
    "refcode_long": "Easton's Bible Dictionary, p. Lud.2 (Matthew G. Easton)",
    "element_type": "p",
    "element_subtype": "indent1",
    "content": "<b>Lud &mdash; </b> (1.) The fourth son of Shem (<span title=\"Genesis 10:22\" class=\"egwlink egwlink_bible\" data-link=\"1965.526\">Genesis 10:22</span>; <span title=\"1 Chronicles 1:17\" class=\"egwlink egwlink_bible\" data-link=\"1965.20893\">1 Chronicles 1:17</span>), ancestor of the Lydians probably.",
    "puborder": 6988,
    "translations": []
  },
  {
    "para_id": "14147.6961",
    "id_prev": "14147.6960",
    "id_next": "14147.6962",
    "refcode_1": "ETI",
    "refcode_2": "Lud",
    "refcode_3": "3",
    "refcode_4": "",
    "refcode_short": "ETI Lud.3",
    "refcode_long": "Easton's Bible Dictionary, p. Lud.3 (Matthew G. Easton)",
    "element_type": "p",
    "element_subtype": "indent1",
    "content": "(2.) One of the Hamitic tribes descended from Mizraim (<span title=\"Genesis 10:13\" class=\"egwlink egwlink_bible\" data-link=\"1965.508\">Genesis 10:13</span>), a people of Africa (<span title=\"Ezekiel 27:10\" class=\"egwlink egwlink_bible\" data-link=\"1965.43120\">Ezekiel 27:10</span>; <span title=\"Ezekiel 30:5\" class=\"egwlink egwlink_bible\" data-link=\"1965.43279\">Ezekiel 30:5</span>), on the west of Egypt. The people called Lud were noted archers (<span title=\"Isaiah 66:19\" class=\"egwlink egwlink_bible\" data-link=\"1965.38653\">Isaiah 66:19</span>; comp. <span title=\"Jeremiah 46:9\" class=\"egwlink egwlink_bible\" data-link=\"1965.40926\">Jeremiah 46:9</span>).",
    "puborder": 6989,
    "translations": []
  },
  {
    "para_id": "14147.6962",
    "id_prev": "14147.6961",
    "id_next": "14147.6963",
    "refcode_1": "ETI",
    "refcode_2": "Ludim",
    "refcode_3": "1",
    "refcode_4": "",
    "refcode_short": "ETI Ludim.1",
    "refcode_long": "Easton's Bible Dictionary, p. Ludim.1 (Matthew G. Easton)",
    "element_type": "h4",
    "element_subtype": "",
    "content": "<span class=\"h3\"><a name=\"Ludim\">Ludim</a></span>",
    "puborder": 6990,
    "translations": []
  },
  {
    "para_id": "14147.6963",
    "id_prev": "14147.6962",
    "id_next": "14147.6964",
    "refcode_1": "ETI",
    "refcode_2": "Ludim",
    "refcode_3": "2",
    "refcode_4": "",
    "refcode_short": "ETI Ludim.2",
    "refcode_long": "Easton's Bible Dictionary, p. Ludim.2 (Matthew G. Easton)",
    "element_type": "p",
    "element_subtype": "indent1",
    "content": "<b>Ludim &mdash; </b> probably the same as Lud (2) (comp. <span title=\"Genesis 10:13\" class=\"egwlink egwlink_bible\" data-link=\"1965.508\">Genesis 10:13</span>; <span title=\"1 Chronicles 1:11\" class=\"egwlink egwlink_bible\" data-link=\"1965.20881\">1 Chronicles 1:11</span>). They are associated (<span title=\"Jeremiah 46:9\" class=\"egwlink egwlink_bible\" data-link=\"1965.40926\">Jeremiah 46:9</span>) with African nations as mercenaries of the king of Egypt.",
    "puborder": 6991,
    "translations": []
  },
  {
    "para_id": "14147.6964",
    "id_prev": "14147.6963",
    "id_next": "14147.6965",
    "refcode_1": "ETI",
    "refcode_2": "Luhith",
    "refcode_3": "1",
    "refcode_4": "",
    "refcode_short": "ETI Luhith.1",
    "refcode_long": "Easton's Bible Dictionary, p. Luhith.1 (Matthew G. Easton)",
    "element_type": "h4",
    "element_subtype": "",
    "content": "<span class=\"h3\"><a name=\"Luhith\">Luhith</a></span>",
    "puborder": 6992,
    "translations": []
  },
  {
    "para_id": "14147.6965",
    "id_prev": "14147.6964",
    "id_next": "14147.6966",
    "refcode_1": "ETI",
    "refcode_2": "Luhith",
    "refcode_3": "2",
    "refcode_4": "",
    "refcode_short": "ETI Luhith.2",
    "refcode_long": "Easton's Bible Dictionary, p. Luhith.2 (Matthew G. Easton)",
    "element_type": "p",
    "element_subtype": "indent1",
    "content": "<b>Luhith &mdash; </b> made of boards, a Moabitish place between Zoar and Horonaim (<span title=\"Isaiah 15:5\" class=\"egwlink egwlink_bible\" data-link=\"1965.36650\">Isaiah 15:5</span>; <span title=\"Jeremiah 48:5\" class=\"egwlink egwlink_bible\" data-link=\"1965.40990\">Jeremiah 48:5</span>).",
    "puborder": 6993,
    "translations": []
  },
  {
    "para_id": "14147.6966",
    "id_prev": "14147.6965",
    "id_next": "14147.6967",
    "refcode_1": "ETI",
    "refcode_2": "Luke",
    "refcode_3": "1",
    "refcode_4": "",
    "refcode_short": "ETI Luke.1",
    "refcode_long": "Easton's Bible Dictionary, p. Luke.1 (Matthew G. Easton)",
    "element_type": "h4",
    "element_subtype": "",
    "content": "<span class=\"h3\"><a name=\"Luke\">Luke</a></span>",
    "puborder": 6994,
    "translations": []
  },
  {
    "para_id": "14147.6967",
    "id_prev": "14147.6966",
    "id_next": "14147.6968",
    "refcode_1": "ETI",
    "refcode_2": "Luke",
    "refcode_3": "2",
    "refcode_4": "",
    "refcode_short": "ETI Luke.2",
    "refcode_long": "Easton's Bible Dictionary, p. Luke.2 (Matthew G. Easton)",
    "element_type": "p",
    "element_subtype": "indent1",
    "content": "<b>Luke &mdash; </b> the evangelist, was a Gentile. The date and circumstances of his conversion are unknown. According to his own statement (<span title=\"Luke 1:2\" class=\"egwlink egwlink_bible\" data-link=\"1965.50809\">Luke 1:2</span>), he was not an &ldquo;eye-witness and minister of the word from the beginning.&rdquo; It is probable that he was a physician in Troas, and was there converted by Paul, to whom he attached himself. He accompanied him to Philippi, but did not there share his imprisonment, nor did he accompany him further after his release in his missionary journey at this time (<span title=\"Acts 17:1\" class=\"egwlink egwlink_bible\" data-link=\"1965.56130\">Acts 17:1</span>). On Paul&rsquo;s third visit to Philippi (<span title=\"Acts 20:5\" class=\"egwlink egwlink_bible\" data-link=\"1965.56347\">Acts 20:5</span>, <span title=\"Acts 20:6\" class=\"egwlink egwlink_bible\" data-link=\"1965.56349\">Acts 20:6</span>) we again meet with Luke, who probably had spent all the intervening time in that city, a period of seven or eight years. From this time Luke was Paul&rsquo;s constant companion during his journey to Jerusalem (<span title=\"Acts 20:6\" class=\"egwlink egwlink_bible\" data-link=\"1965.56349\">Acts 20:6-21:18</span>). He again disappears from view during Paul&rsquo;s imprisonment at Jerusalem and Caesarea, and only reappears when Paul sets out for Rome (<span title=\"Acts 27:1\" class=\"egwlink egwlink_bible\" data-link=\"1965.56804\">Acts 27:1</span>), whither he accompanies him (<span title=\"Acts 28:2\" class=\"egwlink egwlink_bible\" data-link=\"1965.56895\">Acts 28:2</span>, <span title=\"Acts 28:12\" class=\"egwlink egwlink_bible\" data-link=\"1965.56915\">Acts 28:12-16</span>), and where he remains with him till the close of his first imprisonment (<span title=\"Philemon 24\" class=\"egw-no-link\">Philemon 24</span>; <span title=\"Colossians 4:14\" class=\"egwlink egwlink_bible\" data-link=\"1965.60277\">Colossians 4:14</span>). The last notice of the &ldquo;beloved physician&rdquo; is in <span title=\"2 Timothy 4:11\" class=\"egwlink egwlink_bible\" data-link=\"1965.60949\">2 Timothy 4:11</span>.",
    "puborder": 6995,
    "translations": []
  },
  {
    "para_id": "14147.6968",
    "id_prev": "14147.6967",
    "id_next": "14147.6969",
    "refcode_1": "ETI",
    "refcode_2": "Luke",
    "refcode_3": "3",
    "refcode_4": "",
    "refcode_short": "ETI Luke.3",
    "refcode_long": "Easton's Bible Dictionary, p. Luke.3 (Matthew G. Easton)",
    "element_type": "p",
    "element_subtype": "indent1",
    "content": "There are many passages in Paul&rsquo;s epistles, as well as in the writings of Luke, which show the extent and accuracy of his medical knowledge.",
    "puborder": 6996,
    "translations": []
  },
  {
    "para_id": "14147.6969",
    "id_prev": "14147.6968",
    "id_next": "14147.6970",
    "refcode_1": "ETI",
    "refcode_2": "Luke, Gospel according to",
    "refcode_3": "1",
    "refcode_4": "",
    "refcode_short": "ETI Luke, Gospel according to.1",
    "refcode_long": "Easton's Bible Dictionary, p. Luke, Gospel according to.1 (Matthew G. Easton)",
    "element_type": "h4",
    "element_subtype": "",
    "content": "<span class=\"h3\"><a name=\"Luke, Gospel according to\">Luke, Gospel according to</a></span>",
    "puborder": 6997,
    "translations": []
  },
  {
    "para_id": "14147.6970",
    "id_prev": "14147.6969",
    "id_next": "14147.6971",
    "refcode_1": "ETI",
    "refcode_2": "Luke, Gospel according to",
    "refcode_3": "2",
    "refcode_4": "",
    "refcode_short": "ETI Luke, Gospel according to.2",
    "refcode_long": "Easton's Bible Dictionary, p. Luke, Gospel according to.2 (Matthew G. Easton)",
    "element_type": "p",
    "element_subtype": "indent1",
    "content": "<b>Luke, Gospel according to &mdash; </b> was written by Luke. He does not claim to have been an eye-witness of our Lord&rsquo;s ministry, but to have gone to the best sources of information within his reach, and to have written an orderly narrative of the facts (<span title=\"Luke 1:1\" class=\"egwlink egwlink_bible\" data-link=\"1965.50807\">Luke 1:1-4</span>). The authors of the first three Gospels, the synoptics, wrote independently of each other. Each wrote his independent narrative under the guidance of the Holy Spirit.",
    "puborder": 6998,
    "translations": []
  },
  {
    "para_id": "14147.6971",
    "id_prev": "14147.6970",
    "id_next": "14147.6972",
    "refcode_1": "ETI",
    "refcode_2": "Luke, Gospel according to",
    "refcode_3": "3",
    "refcode_4": "",
    "refcode_short": "ETI Luke, Gospel according to.3",
    "refcode_long": "Easton's Bible Dictionary, p. Luke, Gospel according to.3 (Matthew G. Easton)",
    "element_type": "p",
    "element_subtype": "indent1",
    "content": "Each writer has some things, both in matter and style, peculiar to himself, yet all the three have much in common. Luke&rsquo;s Gospel has been called &ldquo;the Gospel of the nations, full of mercy and hope, assured to the world by the love of a suffering Saviour;&rdquo; &ldquo;the Gospel of the saintly life;&rdquo; &ldquo;the Gospel for the Greeks; the Gospel of the future; the Gospel of progressive Christianity, of the universality and gratuitousness of the gospel; the historic Gospel; the Gospel of Jesus as the good Physician and the Saviour of mankind;&rdquo; the &ldquo;Gospel of the Fatherhood of God and the brotherhood of man;&rdquo; &ldquo;the Gospel of womanhood;&rdquo; &ldquo;the Gospel of the outcast, of the Samaritan, the publican, the harlot, and the prodigal;&rdquo; &ldquo;the Gospel of tolerance.&rdquo; The main characteristic of this Gospel, as Farrar (Cambridge Bible, Luke, Introd.) remarks, is fitly expressed in the motto, &ldquo;Who went about doing good, and healing all that were oppressed of the devil&rdquo; (<span title=\"Acts 10:38\" class=\"egwlink egwlink_bible\" data-link=\"1965.55669\">Acts 10:38</span>; comp. <span title=\"Luke 4:18\" class=\"egwlink egwlink_bible\" data-link=\"1965.51184\">Luke 4:18</span>). Luke wrote for the &ldquo;Hellenic world.&rdquo; This Gospel is indeed &ldquo;rich and precious.&rdquo;",
    "puborder": 6999,
    "translations": []
  },
  {
    "para_id": "14147.6972",
    "id_prev": "14147.6971",
    "id_next": "14147.6973",
    "refcode_1": "ETI",
    "refcode_2": "Luke, Gospel according to",
    "refcode_3": "4",
    "refcode_4": "",
    "refcode_short": "ETI Luke, Gospel according to.4",
    "refcode_long": "Easton's Bible Dictionary, p. Luke, Gospel according to.4 (Matthew G. Easton)",
    "element_type": "p",
    "element_subtype": "indent1",
    "content": "&ldquo;Out of a total of 1151 verses, Luke has 389 in common with Matthew and Mark, 176 in common with Matthew alone, 41 in common with Mark alone, leaving 544 peculiar to himself. In many instances all three use identical language.&rdquo; (See <span title=\"ETI Manaen.2\" class=\"egwlink egwlink_book\" data-link=\"14147.7283\">MATTHEW </span>; <span title=\"ETI Mahaneh-dan.2\" class=\"egwlink egwlink_book\" data-link=\"14147.7211\">MARK</span>; <span title=\"ETI Goodness of God.2\" class=\"egwlink egwlink_book\" data-link=\"14147.4563\">GOSPELS</span>.)",
    "puborder": 7000,
    "translations": []
  },
  {
    "para_id": "14147.6973",
    "id_prev": "14147.6972",
    "id_next": "14147.6974",
    "refcode_1": "ETI",
    "refcode_2": "Luke, Gospel according to",
    "refcode_3": "5",
    "refcode_4": "",
    "refcode_short": "ETI Luke, Gospel according to.5",
    "refcode_long": "Easton's Bible Dictionary, p. Luke, Gospel according to.5 (Matthew G. Easton)",
    "element_type": "p",
    "element_subtype": "indent1",
    "content": "There are seventeen of our Lord&rsquo;s parables peculiar to this Gospel. (See List of Parables in Appendix.) Luke also records seven of our Lord&rsquo;s miracles which are omitted by Matthew and Mark. The synoptical Gospels are related to each other after the following scheme. If the contents of each Gospel be represented by 100, then when compared this result is obtained:",
    "puborder": 7001,
    "translations": []
  },
  {
    "para_id": "14147.6974",
    "id_prev": "14147.6973",
    "id_next": "14147.6975",
    "refcode_1": "ETI",
    "refcode_2": "Luke, Gospel according to",
    "refcode_3": "6",
    "refcode_4": "",
    "refcode_short": "ETI Luke, Gospel according to.6",
    "refcode_long": "Easton's Bible Dictionary, p. Luke, Gospel according to.6 (Matthew G. Easton)",
    "element_type": "p",
    "element_subtype": "indent1",
    "content": "Mark has 7 peculiarities, 93 coincidences.   Matthew 42 peculiarities, 58 coincidences.   Luke 59 peculiarities, 41 coincidences.",
    "puborder": 7002,
    "translations": []
  },
  {
    "para_id": "14147.6975",
    "id_prev": "14147.6974",
    "id_next": "14147.6976",
    "refcode_1": "ETI",
    "refcode_2": "Luke, Gospel according to",
    "refcode_3": "7",
    "refcode_4": "",
    "refcode_short": "ETI Luke, Gospel according to.7",
    "refcode_long": "Easton's Bible Dictionary, p. Luke, Gospel according to.7 (Matthew G. Easton)",
    "element_type": "p",
    "element_subtype": "indent1",
    "content": "That is, thirteen-fourteenths of Mark, four-sevenths of Matthew, and two-fifths of Luke are taken up in describing the same things in very similar language.",
    "puborder": 7003,
    "translations": []
  },
  {
    "para_id": "14147.6976",
    "id_prev": "14147.6975",
    "id_next": "14147.6977",
    "refcode_1": "ETI",
    "refcode_2": "Luke, Gospel according to",
    "refcode_3": "8",
    "refcode_4": "",
    "refcode_short": "ETI Luke, Gospel according to.8",
    "refcode_long": "Easton's Bible Dictionary, p. Luke, Gospel according to.8 (Matthew G. Easton)",
    "element_type": "p",
    "element_subtype": "indent1",
    "content": "Luke&rsquo;s style is more finished and classical than that of Matthew and Mark. There is less in it of the Hebrew idiom. He uses a few Latin words (<span title=\"Luke 12:6\" class=\"egwlink egwlink_bible\" data-link=\"1965.51960\">Luke 12:6</span>; <span title=\"Luke 7:41\" class=\"egwlink egwlink_bible\" data-link=\"1965.51497\">Luke 7:41</span>; <span title=\"Luke 8:30\" class=\"egwlink egwlink_bible\" data-link=\"1965.51576\">Luke 8:30</span>; <span title=\"Luke 11:33\" class=\"egwlink egwlink_bible\" data-link=\"1965.51905\">Luke 11:33</span>; <span title=\"Luke 19:20\" class=\"egwlink egwlink_bible\" data-link=\"1965.52539\">Luke 19:20</span>), but no Syriac or Hebrew words except sikera, an exciting drink of the nature of wine, but not made of grapes (from Heb. shakar, &ldquo;he is intoxicated&rdquo;, <span title=\"Leviticus 10:9\" class=\"egwlink egwlink_bible\" data-link=\"1965.6078\">Leviticus 10:9</span>), probably palm wine.",
    "puborder": 7004,
    "translations": []
  },
  {
    "para_id": "14147.6977",
    "id_prev": "14147.6976",
    "id_next": "14147.6978",
    "refcode_1": "ETI",
    "refcode_2": "Luke, Gospel according to",
    "refcode_3": "9",
    "refcode_4": "",
    "refcode_short": "ETI Luke, Gospel according to.9",
    "refcode_long": "Easton's Bible Dictionary, p. Luke, Gospel according to.9 (Matthew G. Easton)",
    "element_type": "p",
    "element_subtype": "indent1",
    "content": "This Gospel contains twenty-eight distinct references to the Old Testament.",
    "puborder": 7005,
    "translations": []
  },
  {
    "para_id": "14147.6978",
    "id_prev": "14147.6977",
    "id_next": "14147.6979",
    "refcode_1": "ETI",
    "refcode_2": "Luke, Gospel according to",
    "refcode_3": "10",
    "refcode_4": "",
    "refcode_short": "ETI Luke, Gospel according to.10",
    "refcode_long": "Easton's Bible Dictionary, p. Luke, Gospel according to.10 (Matthew G. Easton)",
    "element_type": "p",
    "element_subtype": "indent1",
    "content": "The date of its composition is uncertain. It must have been written before the Acts, the date of the composition of which is generally fixed at about 63 or 64  This Gospel was written, therefore, probably about 60 or 63, when Luke may have been at Caesarea in attendance on Paul, who was then a prisoner. Others have conjectured that it was written at Rome during Paul&rsquo;s imprisonment there. But on this point no positive certainty can be attained.",
    "puborder": 7006,
    "translations": []
  },
  {
    "para_id": "14147.6979",
    "id_prev": "14147.6978",
    "id_next": "14147.6980",
    "refcode_1": "ETI",
    "refcode_2": "Luke, Gospel according to",
    "refcode_3": "11",
    "refcode_4": "",
    "refcode_short": "ETI Luke, Gospel according to.11",
    "refcode_long": "Easton's Bible Dictionary, p. Luke, Gospel according to.11 (Matthew G. Easton)",
    "element_type": "p",
    "element_subtype": "indent1",
    "content": "It is commonly supposed that Luke wrote under the direction, if not at the dictation of Paul. Many words and phrases are common to both; e.g., compare:",
    "puborder": 7007,
    "translations": []
  },
  {
    "para_id": "14147.6980",
    "id_prev": "14147.6979",
    "id_next": "14147.6981",
    "refcode_1": "ETI",
    "refcode_2": "Luke, Gospel according to",
    "refcode_3": "12",
    "refcode_4": "",
    "refcode_short": "ETI Luke, Gospel according to.12",
    "refcode_long": "Easton's Bible Dictionary, p. Luke, Gospel according to.12 (Matthew G. Easton)",
    "element_type": "p",
    "element_subtype": "indent1",
    "content": "<span title=\"Luke 4:22\" class=\"egwlink egwlink_bible\" data-link=\"1965.51192\">Luke 4:22</span>; with <span title=\"Colossians 4:6\" class=\"egwlink egwlink_bible\" data-link=\"1965.60261\">Colossians 4:6</span>.   <span title=\"Luke 4:32\" class=\"egwlink egwlink_bible\" data-link=\"1965.51212\">Luke 4:32</span>; with <span title=\"1 Corinthians 2:4\" class=\"egwlink egwlink_bible\" data-link=\"1965.57909\">1 Corinthians 2:4</span>.   <span title=\"Luke 6:36\" class=\"egwlink egwlink_bible\" data-link=\"1965.51388\">Luke 6:36</span>; with <span title=\"2 Corinthians 1:3\" class=\"egwlink egwlink_bible\" data-link=\"1965.58735\">2 Corinthians 1:3</span>.   <span title=\"Luke 6:39\" class=\"egwlink egwlink_bible\" data-link=\"1965.51394\">Luke 6:39</span>; with <span title=\"Romans 2:19\" class=\"egwlink egwlink_bible\" data-link=\"1965.57058\">Romans 2:19</span>.   <span title=\"Luke 9:56\" class=\"egwlink egwlink_bible\" data-link=\"1965.51741\">Luke 9:56</span>; with <span title=\"2 Corinthians 10:8\" class=\"egwlink egwlink_bible\" data-link=\"1965.59096\">2 Corinthians 10:8</span>.   <span title=\"Luke 10:8\" class=\"egwlink egwlink_bible\" data-link=\"1965.51770\">Luke 10:8</span>; with <span title=\"1 Corinthians 10:27\" class=\"egwlink egwlink_bible\" data-link=\"1965.58309\">1 Corinthians 10:27</span>.   <span title=\"Luke 11:41\" class=\"egwlink egwlink_bible\" data-link=\"1965.51921\">Luke 11:41</span>; with <span title=\"Titus 1:15\" class=\"egwlink egwlink_bible\" data-link=\"1965.61003\">Titus 1:15</span>.   <span title=\"Luke 18:1\" class=\"egwlink egwlink_bible\" data-link=\"1965.52414\">Luke 18:1</span>; with <span title=\"2 Thessalonians 1:11\" class=\"egwlink egwlink_bible\" data-link=\"1965.60493\">2 Thessalonians 1:11</span>.   <span title=\"Luke 21:36\" class=\"egwlink egwlink_bible\" data-link=\"1965.52763\">Luke 21:36</span>; with <span title=\"Ephesians 6:18\" class=\"egwlink egwlink_bible\" data-link=\"1965.59865\">Ephesians 6:18</span>.   <span title=\"Luke 22:19\" class=\"egwlink egwlink_bible\" data-link=\"1965.52806\">Luke 22:19</span>, <span title=\"Luke 22:20\" class=\"egwlink egwlink_bible\" data-link=\"1965.52808\">Luke 22:20</span>; with  <span title=\"1 Corinthians 11:23\" class=\"egwlink egwlink_bible\" data-link=\"1965.58368\">1 Corinthians 11:23-29</span>.   <span title=\"Luke 24:46\" class=\"egwlink egwlink_bible\" data-link=\"1965.53116\">Luke 24:46</span>; with <span title=\"Acts 17:3\" class=\"egwlink egwlink_bible\" data-link=\"1965.56134\">Acts 17:3</span>.   <span title=\"Luke 24:34\" class=\"egwlink egwlink_bible\" data-link=\"1965.53092\">Luke 24:34</span>; with <span title=\"1 Corinthians 15:5\" class=\"egwlink egwlink_bible\" data-link=\"1965.58572\">1 Corinthians 15:5</span>.",
    "puborder": 7008,
    "translations": []
  },
  {
    "para_id": "14147.6981",
    "id_prev": "14147.6980",
    "id_next": "14147.6982",
    "refcode_1": "ETI",
    "refcode_2": "Lunatic",
    "refcode_3": "1",
    "refcode_4": "",
    "refcode_short": "ETI Lunatic.1",
    "refcode_long": "Easton's Bible Dictionary, p. Lunatic.1 (Matthew G. Easton)",
    "element_type": "h4",
    "element_subtype": "",
    "content": "<span class=\"h3\"><a name=\"Lunatic\">Lunatic</a></span>",
    "puborder": 7009,
    "translations": []
  },
  {
    "para_id": "14147.6982",
    "id_prev": "14147.6981",
    "id_next": "14147.6983",
    "refcode_1": "ETI",
    "refcode_2": "Lunatic",
    "refcode_3": "2",
    "refcode_4": "",
    "refcode_short": "ETI Lunatic.2",
    "refcode_long": "Easton's Bible Dictionary, p. Lunatic.2 (Matthew G. Easton)",
    "element_type": "p",
    "element_subtype": "indent1",
    "content": "<b>Lunatic &mdash; </b> probably the same as epileptic, the symptoms of which disease were supposed to be more aggravated as the moon increased. In <span title=\"Matthew 4:24\" class=\"egwlink egwlink_bible\" data-link=\"1965.47442\">Matthew 4:24</span> &ldquo;lunatics&rdquo; are distinguished from demoniacs. In <span title=\"Matthew 17:15\" class=\"egwlink egwlink_bible\" data-link=\"1965.48419\">Matthew 17:15</span> the name &ldquo;lunatic&rdquo; is applied to one who is declared to have been possessed. (See <span title=\"ETI Creature.2\" class=\"egwlink egwlink_book\" data-link=\"14147.2664\">DAEMONIAC</span>.)",
    "puborder": 7010,
    "translations": []
  },
  {
    "para_id": "14147.6983",
    "id_prev": "14147.6982",
    "id_next": "14147.6984",
    "refcode_1": "ETI",
    "refcode_2": "Lust",
    "refcode_3": "1",
    "refcode_4": "",
    "refcode_short": "ETI Lust.1",
    "refcode_long": "Easton's Bible Dictionary, p. Lust.1 (Matthew G. Easton)",
    "element_type": "h4",
    "element_subtype": "",
    "content": "<span class=\"h3\"><a name=\"Lust\">Lust</a></span>",
    "puborder": 7011,
    "translations": []
  },
  {
    "para_id": "14147.6984",
    "id_prev": "14147.6983",
    "id_next": "14147.6985",
    "refcode_1": "ETI",
    "refcode_2": "Lust",
    "refcode_3": "2",
    "refcode_4": "",
    "refcode_short": "ETI Lust.2",
    "refcode_long": "Easton's Bible Dictionary, p. Lust.2 (Matthew G. Easton)",
    "element_type": "p",
    "element_subtype": "indent1",
    "content": "<b>Lust &mdash; </b> sinful longing; the inward sin which leads to the falling away from God (<span title=\"Romans 1:21\" class=\"egwlink egwlink_bible\" data-link=\"1965.56997\">Romans 1:21</span>). &ldquo;Lust, the origin of sin, has its place in the heart, not of necessity, but because it is the centre of all moral forces and impulses and of spiritual activity.&rdquo; In <span title=\"Mark 4:19\" class=\"egwlink egwlink_bible\" data-link=\"1965.49689\">Mark 4:19</span> &ldquo;lusts&rdquo; are objects of desire.",
    "puborder": 7012,
    "translations": []
  },
  {
    "para_id": "14147.6985",
    "id_prev": "14147.6984",
    "id_next": "14147.6986",
    "refcode_1": "ETI",
    "refcode_2": "Luz",
    "refcode_3": "1",
    "refcode_4": "",
    "refcode_short": "ETI Luz.1",
    "refcode_long": "Easton's Bible Dictionary, p. Luz.1 (Matthew G. Easton)",
    "element_type": "h4",
    "element_subtype": "",
    "content": "<span class=\"h3\"><a name=\"Luz\">Luz</a></span>",
    "puborder": 7013,
    "translations": []
  },
  {
    "para_id": "14147.6986",
    "id_prev": "14147.6985",
    "id_next": "14147.6987",
    "refcode_1": "ETI",
    "refcode_2": "Luz",
    "refcode_3": "2",
    "refcode_4": "",
    "refcode_short": "ETI Luz.2",
    "refcode_long": "Easton's Bible Dictionary, p. Luz.2 (Matthew G. Easton)",
    "element_type": "p",
    "element_subtype": "indent1",
    "content": "<b>Luz &mdash; </b> a nut-bearing tree, the almond. (1.) The ancient name of a royal Canaanitish city near the site of Bethel (<span title=\"Genesis 28:19\" class=\"egwlink egwlink_bible\" data-link=\"1965.1616\">Genesis 28:19</span>; <span title=\"Genesis 35:6\" class=\"egwlink egwlink_bible\" data-link=\"1965.2073\">Genesis 35:6</span>), on the border of Benjamin (<span title=\"Joshua 18:13\" class=\"egwlink egwlink_bible\" data-link=\"1965.12826\">Joshua 18:13</span>). Here Jacob halted, and had a prophetic vision. (See <span title=\"ETI Bethel.1\" class=\"egwlink egwlink_book\" data-link=\"14147.1504\">BETHEL</span>.)",
    "puborder": 7014,
    "translations": []
  },
  {
    "para_id": "14147.6987",
    "id_prev": "14147.6986",
    "id_next": "14147.6988",
    "refcode_1": "ETI",
    "refcode_2": "Luz",
    "refcode_3": "3",
    "refcode_4": "",
    "refcode_short": "ETI Luz.3",
    "refcode_long": "Easton's Bible Dictionary, p. Luz.3 (Matthew G. Easton)",
    "element_type": "p",
    "element_subtype": "indent1",
    "content": "(2.) A place in the land of the Hittites, founded (<span title=\"Judges 1:26\" class=\"egwlink egwlink_bible\" data-link=\"1965.13292\">Judges 1:26</span>) by &ldquo;a man who came forth out of the city of Luz.&rdquo; It is identified with Luweiziyeh, 4 miles north-west of Banias.",
    "puborder": 7015,
    "translations": []
  },
  {
    "para_id": "14147.6988",
    "id_prev": "14147.6987",
    "id_next": "14147.6989",
    "refcode_1": "ETI",
    "refcode_2": "Lycaonia",
    "refcode_3": "1",
    "refcode_4": "",
    "refcode_short": "ETI Lycaonia.1",
    "refcode_long": "Easton's Bible Dictionary, p. Lycaonia.1 (Matthew G. Easton)",
    "element_type": "h4",
    "element_subtype": "",
    "content": "<span class=\"h3\"><a name=\"Lycaonia\">Lycaonia</a></span>",
    "puborder": 7016,
    "translations": []
  },
  {
    "para_id": "14147.6989",
    "id_prev": "14147.6988",
    "id_next": "14147.6990",
    "refcode_1": "ETI",
    "refcode_2": "Lycaonia",
    "refcode_3": "2",
    "refcode_4": "",
    "refcode_short": "ETI Lycaonia.2",
    "refcode_long": "Easton's Bible Dictionary, p. Lycaonia.2 (Matthew G. Easton)",
    "element_type": "p",
    "element_subtype": "indent1",
    "content": "<b>Lycaonia &mdash; </b> an inland province of Asia Minor, on the west of Cappadocia and the south of Galatia. It was a Roman province, and its chief towns were Iconium, Lystra, and Derbe. The &ldquo;speech of Lycaonia&rdquo; (<span title=\"Acts 14:11\" class=\"egwlink egwlink_bible\" data-link=\"1965.55929\">Acts 14:11</span>) was probably the ancient Assyrian language, or perhaps, as others think, a corrupt Greek intermingled with Syriac words. Paul preached in this region, and revisited it (<span title=\"Acts 16:1\" class=\"egwlink egwlink_bible\" data-link=\"1965.56049\">Acts 16:1-6</span>; <span title=\"Acts 18:23\" class=\"egwlink egwlink_bible\" data-link=\"1965.56243\">Acts 18:23</span>; <span title=\"Acts 19:1\" class=\"egwlink egwlink_bible\" data-link=\"1965.56256\">Acts 19:1</span>).",
    "puborder": 7017,
    "translations": []
  },
  {
    "para_id": "14147.6990",
    "id_prev": "14147.6989",
    "id_next": "14147.6991",
    "refcode_1": "ETI",
    "refcode_2": "Lycia",
    "refcode_3": "1",
    "refcode_4": "",
    "refcode_short": "ETI Lycia.1",
    "refcode_long": "Easton's Bible Dictionary, p. Lycia.1 (Matthew G. Easton)",
    "element_type": "h4",
    "element_subtype": "",
    "content": "<span class=\"h3\"><a name=\"Lycia\">Lycia</a></span>",
    "puborder": 7018,
    "translations": []
  },
  {
    "para_id": "14147.6991",
    "id_prev": "14147.6990",
    "id_next": "14147.6992",
    "refcode_1": "ETI",
    "refcode_2": "Lycia",
    "refcode_3": "2",
    "refcode_4": "",
    "refcode_short": "ETI Lycia.2",
    "refcode_long": "Easton's Bible Dictionary, p. Lycia.2 (Matthew G. Easton)",
    "element_type": "p",
    "element_subtype": "indent1",
    "content": "<b>Lycia &mdash; </b> a wolf, a province in the south-west of Asia Minor, opposite the island of Rhodes. It forms part of the region now called Tekeh. It was a province of the Roman empire when visited by Paul (<span title=\"Acts 21:1\" class=\"egwlink egwlink_bible\" data-link=\"1965.56416\">Acts 21:1</span>; <span title=\"Acts 27:5\" class=\"egwlink egwlink_bible\" data-link=\"1965.56812\">Acts 27:5</span>). Two of its towns are mentioned, Patara (<span title=\"Acts 21:1\" class=\"egwlink egwlink_bible\" data-link=\"1965.56416\">Acts 21:1</span>, <span title=\"Acts 21:2\" class=\"egwlink egwlink_bible\" data-link=\"1965.56418\">Acts 21:2</span>) and Myra (<span title=\"Acts 27:5\" class=\"egwlink egwlink_bible\" data-link=\"1965.56812\">Acts 27:5</span>).",
    "puborder": 7019,
    "translations": []
  },
  {
    "para_id": "14147.6992",
    "id_prev": "14147.6991",
    "id_next": "14147.6993",
    "refcode_1": "ETI",
    "refcode_2": "Lydda",
    "refcode_3": "1",
    "refcode_4": "",
    "refcode_short": "ETI Lydda.1",
    "refcode_long": "Easton's Bible Dictionary, p. Lydda.1 (Matthew G. Easton)",
    "element_type": "h4",
    "element_subtype": "",
    "content": "<span class=\"h3\"><a name=\"Lydda\">Lydda</a></span>",
    "puborder": 7020,
    "translations": []
  },
  {
    "para_id": "14147.6993",
    "id_prev": "14147.6992",
    "id_next": "14147.6994",
    "refcode_1": "ETI",
    "refcode_2": "Lydda",
    "refcode_3": "2",
    "refcode_4": "",
    "refcode_short": "ETI Lydda.2",
    "refcode_long": "Easton's Bible Dictionary, p. Lydda.2 (Matthew G. Easton)",
    "element_type": "p",
    "element_subtype": "indent1",
    "content": "<b>Lydda &mdash; </b> a town in the tribe of Ephraim, mentioned only in the New Testament (<span title=\"Acts 9:32\" class=\"egwlink egwlink_bible\" data-link=\"1965.55570\">Acts 9:32</span>, <span title=\"Acts 9:35\" class=\"egwlink egwlink_bible\" data-link=\"1965.55576\">Acts 9:35</span>, <span title=\"Acts 9:38\" class=\"egwlink egwlink_bible\" data-link=\"1965.55582\">Acts 9:38</span>) as the scene of Peter&rsquo;s miracle in healing the paralytic AEneas. It lay about 9 miles east of Joppa, on the road from the sea-port to Jerusalem. In the Old Testament (<span title=\"1 Chronicles 8:12\" class=\"egwlink egwlink_bible\" data-link=\"1965.21536\">1 Chronicles 8:12</span>) it is called Lod. It was burned by the Romans, but was afterwards rebuilt, and was known by the name of Diospolis. Its modern name is Ludd. The so-called patron saint of England, St. George, is said to have been born here.",
    "puborder": 7021,
    "translations": []
  },
  {
    "para_id": "14147.6994",
    "id_prev": "14147.6993",
    "id_next": "14147.6995",
    "refcode_1": "ETI",
    "refcode_2": "Lydia",
    "refcode_3": "1",
    "refcode_4": "",
    "refcode_short": "ETI Lydia.1",
    "refcode_long": "Easton's Bible Dictionary, p. Lydia.1 (Matthew G. Easton)",
    "element_type": "h4",
    "element_subtype": "",
    "content": "<span class=\"h3\"><a name=\"Lydia\">Lydia</a></span>",
    "puborder": 7022,
    "translations": []
  },
  {
    "para_id": "14147.6995",
    "id_prev": "14147.6994",
    "id_next": "14147.6996",
    "refcode_1": "ETI",
    "refcode_2": "Lydia",
    "refcode_3": "2",
    "refcode_4": "",
    "refcode_short": "ETI Lydia.2",
    "refcode_long": "Easton's Bible Dictionary, p. Lydia.2 (Matthew G. Easton)",
    "element_type": "p",
    "element_subtype": "indent1",
    "content": "<b>Lydia &mdash; </b> (1.) <span title=\"Ezekiel 30:5\" class=\"egwlink egwlink_bible\" data-link=\"1965.43279\">Ezekiel 30:5</span> (Heb. Lud, a province in the west of Asia Minor, which derived its name from the fourth son of Shem (<span title=\"Genesis 10:22\" class=\"egwlink egwlink_bible\" data-link=\"1965.526\">Genesis 10:22</span>). It was bounded on the east by the greater Phrygia, and on the west by Ionia and the AEgean Sea.",
    "puborder": 7023,
    "translations": []
  },
  {
    "para_id": "14147.6996",
    "id_prev": "14147.6995",
    "id_next": "14147.6997",
    "refcode_1": "ETI",
    "refcode_2": "Lydia",
    "refcode_3": "3",
    "refcode_4": "",
    "refcode_short": "ETI Lydia.3",
    "refcode_long": "Easton's Bible Dictionary, p. Lydia.3 (Matthew G. Easton)",
    "element_type": "p",
    "element_subtype": "indent1",
    "content": "(2.) A woman of Thyatira, a &ldquo;seller of purple,&rdquo; who dwelt in Philippi (<span title=\"Acts 16:14\" class=\"egwlink egwlink_bible\" data-link=\"1965.56075\">Acts 16:14</span>, <span title=\"Acts 16:15\" class=\"egwlink egwlink_bible\" data-link=\"1965.56077\">Acts 16:15</span>). She was not a Jewess but a proselyte. The Lord opened her heart as she heard the gospel from the lips of Paul (<span title=\"Acts 16:13\" class=\"egwlink egwlink_bible\" data-link=\"1965.56073\">Acts 16:13</span>). She thus became the first in Europe who embraced Christianity. She was a person apparently of considerable wealth, for she could afford to give a home to Paul and his companions. (See <span title=\"ETI Tabernacle.5\" class=\"egwlink egwlink_book\" data-link=\"14147.10709\">THYATIRA</span>.)",
    "puborder": 7024,
    "translations": []
  },
  {
    "para_id": "14147.6997",
    "id_prev": "14147.6996",
    "id_next": "14147.6998",
    "refcode_1": "ETI",
    "refcode_2": "Lysanias",
    "refcode_3": "1",
    "refcode_4": "",
    "refcode_short": "ETI Lysanias.1",
    "refcode_long": "Easton's Bible Dictionary, p. Lysanias.1 (Matthew G. Easton)",
    "element_type": "h4",
    "element_subtype": "",
    "content": "<span class=\"h3\"><a name=\"Lysanias\">Lysanias</a></span>",
    "puborder": 7025,
    "translations": []
  },
  {
    "para_id": "14147.6998",
    "id_prev": "14147.6997",
    "id_next": "14147.6999",
    "refcode_1": "ETI",
    "refcode_2": "Lysanias",
    "refcode_3": "2",
    "refcode_4": "",
    "refcode_short": "ETI Lysanias.2",
    "refcode_long": "Easton's Bible Dictionary, p. Lysanias.2 (Matthew G. Easton)",
    "element_type": "p",
    "element_subtype": "indent1",
    "content": "<b>Lysanias &mdash; </b> tetrarch of Abilene (<span title=\"Luke 3:1\" class=\"egwlink egwlink_bible\" data-link=\"1965.51073\">Luke 3:1</span>), on the eastern slope of Anti-Lebanon, near the city of Damascus.",
    "puborder": 7026,
    "translations": []
  },
  {
    "para_id": "14147.6999",
    "id_prev": "14147.6998",
    "id_next": "14147.7000",
    "refcode_1": "ETI",
    "refcode_2": "Lysias, Claudius",
    "refcode_3": "1",
    "refcode_4": "",
    "refcode_short": "ETI Lysias, Claudius.1",
    "refcode_long": "Easton's Bible Dictionary, p. Lysias, Claudius.1 (Matthew G. Easton)",
    "element_type": "h4",
    "element_subtype": "",
    "content": "<span class=\"h3\"><a name=\"Lysias, Claudius\">Lysias, Claudius</a></span>",
    "puborder": 7027,
    "translations": []
  },
  {
    "para_id": "14147.7000",
    "id_prev": "14147.6999",
    "id_next": "14147.7001",
    "refcode_1": "ETI",
    "refcode_2": "Lysias, Claudius",
    "refcode_3": "2",
    "refcode_4": "",
    "refcode_short": "ETI Lysias, Claudius.2",
    "refcode_long": "Easton's Bible Dictionary, p. Lysias, Claudius.2 (Matthew G. Easton)",
    "element_type": "p",
    "element_subtype": "indent1",
    "content": "<b>Lysias, Claudius &mdash; </b> the chief captain (chiliarch) who commanded the Roman troops in Jerusalem, and sent Paul under guard to the procurator Felix at Caesarea (<span title=\"Acts 21:31\" class=\"egwlink egwlink_bible\" data-link=\"1965.56476\">Acts 21:31-38</span>; <span title=\"Acts 22:24\" class=\"egwlink egwlink_bible\" data-link=\"1965.56543\">Acts 22:24-30</span>). His letter to his superior officer is an interesting specimen of Roman military correspondence (<span title=\"Acts 23:26\" class=\"egwlink egwlink_bible\" data-link=\"1965.56608\">Acts 23:26-30</span>). He obtained his Roman citizenship by purchase, and was therefore probably a Greek. (See <span title=\"ETI Chinnereth.2\" class=\"egwlink egwlink_book\" data-link=\"14147.2329\">CLAUDIUS</span>.)",
    "puborder": 7028,
    "translations": []
  },
  {
    "para_id": "14147.7001",
    "id_prev": "14147.7000",
    "id_next": "14147.7002",
    "refcode_1": "ETI",
    "refcode_2": "Lystra",
    "refcode_3": "1",
    "refcode_4": "",
    "refcode_short": "ETI Lystra.1",
    "refcode_long": "Easton's Bible Dictionary, p. Lystra.1 (Matthew G. Easton)",
    "element_type": "h4",
    "element_subtype": "",
    "content": "<span class=\"h3\"><a name=\"Lystra\">Lystra</a></span>",
    "puborder": 7029,
    "translations": []
  },
  {
    "para_id": "14147.7002",
    "id_prev": "14147.7001",
    "id_next": "14147.7003",
    "refcode_1": "ETI",
    "refcode_2": "Lystra",
    "refcode_3": "2",
    "refcode_4": "",
    "refcode_short": "ETI Lystra.2",
    "refcode_long": "Easton's Bible Dictionary, p. Lystra.2 (Matthew G. Easton)",
    "element_type": "p",
    "element_subtype": "indent1",
    "content": "<b>Lystra &mdash; </b> a town of Lycaonia, in Asia Minor, in a wild district and among a rude population. Here Paul preached the gospel after he had been driven by persecution from Iconium (<span title=\"Acts 14:2\" class=\"egwlink egwlink_bible\" data-link=\"1965.55911\">Acts 14:2-7</span>). Here also he healed a lame man (<span title=\"Acts 14:8\" class=\"egwlink egwlink_bible\" data-link=\"1965.55923\">Acts 14:8</span>), and thus so impressed the ignorant and superstitious people that they took him for Mercury, because he was the &ldquo;chief speaker,&rdquo; and his companion Barnabas for Jupiter, probably in consequence of his stately, venerable appearance; and were proceeding to offer sacrifices to them (<span title=\"Acts 14:13\" class=\"egwlink egwlink_bible\" data-link=\"1965.55933\">Acts 14:13</span>), when Paul earnestly addressed them and turned their attention to the true source of all blessings. But soon after, through the influence of the Jews from Antioch in Pisidia and Iconium, they stoned Paul and left him for dead (<span title=\"Acts 14:19\" class=\"egwlink egwlink_bible\" data-link=\"1965.55945\">Acts 14:19</span>). On recovering, Paul left for Derbe; but soon returned again, through Lystra, encouraging the disciples there to steadfastness. He in all likelihood visited this city again on his third missionary tour (<span title=\"Acts 18:23\" class=\"egwlink egwlink_bible\" data-link=\"1965.56243\">Acts 18:23</span>). Timothy, who was probably born here (<span title=\"2 Timothy 3:10\" class=\"egwlink egwlink_bible\" data-link=\"1965.60912\">2 Timothy 3:10</span>, <span title=\"2 Timothy 3:11\" class=\"egwlink egwlink_bible\" data-link=\"1965.60914\">2 Timothy 3:11</span>), was no doubt one of those who were on this occasion witnesses of Paul&rsquo;s persecution and his courage in Lystra.",
    "puborder": 7030,
    "translations": []
  }
]