[
  {
    "para_id": "33.1799",
    "id_prev": "33.1797",
    "id_next": "33.1800",
    "refcode_1": "AG",
    "refcode_2": "247",
    "refcode_3": "",
    "refcode_4": "239",
    "refcode_short": "AG 247",
    "refcode_long": "God's Amazing Grace, p. 247 (Ellen Gould White)",
    "element_type": "h3",
    "element_subtype": "",
    "content": "Representatives of Christ, August 27",
    "puborder": 1569,
    "translations": [
      {
        "para_id": "1763.1747",
        "lang": "es",
        "refcode": "MGD 247"
      },
      {
        "para_id": "12287.1804",
        "lang": "pl",
        "refcode": "CBL 247"
      },
      {
        "para_id": "1915.2678",
        "lang": "pt",
        "refcode": "MG 247"
      },
      {
        "para_id": "14445.1812",
        "lang": "ru",
        "refcode": "УББ 247"
      },
      {
        "para_id": "12536.1808",
        "lang": "sr",
        "refcode": "GAGS 247"
      },
      {
        "para_id": "14446.2014",
        "lang": "uk",
        "refcode": "ДББ 292"
      }
    ]
  },
  {
    "para_id": "33.1800",
    "id_prev": "33.1799",
    "id_next": "33.1801",
    "refcode_1": "AG",
    "refcode_2": "247",
    "refcode_3": "1",
    "refcode_4": "",
    "refcode_short": "AG 247.1",
    "refcode_long": "God's Amazing Grace, p. 247.1 (Ellen Gould White)",
    "element_type": "p",
    "element_subtype": "devotionaltext",
    "content": "Ye are my witnesses, saith the Lord, and my servant whom I have chosen. <span class=\"egwlink egwlink_bible\" title=\"Isaiah 43:10\" data-link=\"1965.37778\">Isaiah 43:10</span>.",
    "puborder": 1570,
    "translations": [
      {
        "para_id": "1763.1748",
        "lang": "es",
        "refcode": "MGD 247.1"
      },
      {
        "para_id": "12287.1805",
        "lang": "pl",
        "refcode": "CBL 247.1"
      },
      {
        "para_id": "1915.2679",
        "lang": "pt",
        "refcode": "MG 247.6"
      },
      {
        "para_id": "14445.1813",
        "lang": "ru",
        "refcode": "УББ 247.1"
      },
      {
        "para_id": "12536.1809",
        "lang": "sr",
        "refcode": "GAGS 247.1"
      },
      {
        "para_id": "14446.2015",
        "lang": "uk",
        "refcode": "ДББ 292.6"
      }
    ]
  },
  {
    "para_id": "33.1801",
    "id_prev": "33.1800",
    "id_next": "33.1802",
    "refcode_1": "AG",
    "refcode_2": "247",
    "refcode_3": "2",
    "refcode_4": "",
    "refcode_short": "AG 247.2",
    "refcode_long": "God's Amazing Grace, p. 247.2 (Ellen Gould White)",
    "element_type": "p",
    "element_subtype": "standard-indented",
    "content": "The life that Christ lived in this world, men and women can live through His power and under His instruction. In their conflict with Satan they may have all the help that He had....",
    "puborder": 1571,
    "translations": [
      {
        "para_id": "1763.1749",
        "lang": "es",
        "refcode": "MGD 247.2"
      },
      {
        "para_id": "12287.1806",
        "lang": "pl",
        "refcode": "CBL 247.2"
      },
      {
        "para_id": "1915.2680",
        "lang": "pt",
        "refcode": "MG 247.7"
      },
      {
        "para_id": "14445.1814",
        "lang": "ru",
        "refcode": "УББ 247.2"
      },
      {
        "para_id": "12536.1810",
        "lang": "sr",
        "refcode": "GAGS 247.2"
      },
      {
        "para_id": "14446.2016",
        "lang": "uk",
        "refcode": "ДББ 292.7"
      }
    ]
  },
  {
    "para_id": "33.1802",
    "id_prev": "33.1801",
    "id_next": "33.1803",
    "refcode_1": "AG",
    "refcode_2": "247",
    "refcode_3": "3",
    "refcode_4": "",
    "refcode_short": "AG 247.3",
    "refcode_long": "God's Amazing Grace, p. 247.3 (Ellen Gould White)",
    "element_type": "p",
    "element_subtype": "standard-indented",
    "content": "The lives of professing Christians who do not live the Christ life are a mockery to religion. Every one whose name is registered on the church roll is under obligation to represent Christ by revealing the inward adorning of a meek and quiet spirit. They are to be His witnesses, making known the advantages of walking and working as Christ has given them example. The truth for this time is to appear in its power in the lives of those who believe it, and is to be imparted to the world. Believers are to represent in their lives, its power to sanctify and ennoble.... They are to show forth the power of the grace that Christ died to give men.... They are to be men of faith, men of courage, whole-souled men, who, without questioning, trust in God and His promises....",
    "puborder": 1572,
    "translations": [
      {
        "para_id": "1763.1750",
        "lang": "es",
        "refcode": "MGD 247.3"
      },
      {
        "para_id": "12287.1807",
        "lang": "pl",
        "refcode": "CBL 247.3"
      },
      {
        "para_id": "1915.2682",
        "lang": "pt",
        "refcode": "MG 248.1"
      },
      {
        "para_id": "14445.1815",
        "lang": "ru",
        "refcode": "УББ 247.3"
      },
      {
        "para_id": "12536.1811",
        "lang": "sr",
        "refcode": "GAGS 247.3"
      },
      {
        "para_id": "14446.2018",
        "lang": "uk",
        "refcode": "ДББ 293.1"
      }
    ]
  },
  {
    "para_id": "33.1803",
    "id_prev": "33.1802",
    "id_next": "33.1804",
    "refcode_1": "AG",
    "refcode_2": "247",
    "refcode_3": "4",
    "refcode_4": "",
    "refcode_short": "AG 247.4",
    "refcode_long": "God's Amazing Grace, p. 247.4 (Ellen Gould White)",
    "element_type": "p",
    "element_subtype": "standard-indented",
    "content": "There must be no pretense in the lives of those who have so sacred and solemn a message as we have been called to bear. The world is watching Seventh-day Adventists because it knows something of their profession of faith and of their high standard, and when it sees those who do not live up to their profession, it points at them with scorn.",
    "puborder": 1573,
    "translations": [
      {
        "para_id": "1763.1751",
        "lang": "es",
        "refcode": "MGD 247.4"
      },
      {
        "para_id": "12287.1808",
        "lang": "pl",
        "refcode": "CBL 247.4"
      },
      {
        "para_id": "1915.2683",
        "lang": "pt",
        "refcode": "MG 248.2"
      },
      {
        "para_id": "14445.1816",
        "lang": "ru",
        "refcode": "УББ 247.4"
      },
      {
        "para_id": "12536.1812",
        "lang": "sr",
        "refcode": "GAGS 247.4"
      },
      {
        "para_id": "14446.2019",
        "lang": "uk",
        "refcode": "ДББ 293.2"
      }
    ]
  },
  {
    "para_id": "33.1804",
    "id_prev": "33.1803",
    "id_next": "33.1806",
    "refcode_1": "AG",
    "refcode_2": "247",
    "refcode_3": "5",
    "refcode_4": "",
    "refcode_short": "AG 247.5",
    "refcode_long": "God's Amazing Grace, p. 247.5 (Ellen Gould White)",
    "element_type": "p",
    "element_subtype": "standard-indented",
    "content": "Those who love Jesus will bring all in their lives into harmony with His will.... Through the grace of God they are enabled to keep their purity of principle unsullied. Holy angels are close beside them, and Christ is revealed in their steadfast adherence to the truth. They are Christ&apos;s minutemen, bearing, as true witnesses, a decided testimony in favor of the truth. They show that there is a spiritual power that can enable men and women not to swerve an inch from truth and justice for all the gifts that men can bestow. Such ones, wherever they may be, will be honored of heaven because they have conformed their lives to the will of God, caring not what sacrifices they are called upon to make.<sup class=\"bookendnote\"><a class=\"bookendnote\">81<span class=\"bookendnote\"><span class=\"egwlink egwlink_book\" title=\"9T 22\" data-link=\"115.110\">Testimonies for the Church 9:22-24</span>.</span></a></sup>",
    "puborder": 1574,
    "translations": [
      {
        "para_id": "1763.1752",
        "lang": "es",
        "refcode": "MGD 247.5"
      },
      {
        "para_id": "12287.1809",
        "lang": "pl",
        "refcode": "CBL 247.5"
      },
      {
        "para_id": "1915.2684",
        "lang": "pt",
        "refcode": "MG 248.3"
      },
      {
        "para_id": "14445.1817",
        "lang": "ru",
        "refcode": "УББ 247.5"
      },
      {
        "para_id": "12536.1813",
        "lang": "sr",
        "refcode": "GAGS 247.5"
      },
      {
        "para_id": "14446.2020",
        "lang": "uk",
        "refcode": "ДББ 293.3"
      }
    ]
  }
]