[
  {
    "para_id": "33.2039",
    "id_prev": "33.2037",
    "id_next": "33.2040",
    "refcode_1": "AG",
    "refcode_2": "279",
    "refcode_3": "",
    "refcode_4": "271",
    "refcode_short": "AG 279",
    "refcode_long": "God's Amazing Grace, p. 279 (Ellen Gould White)",
    "element_type": "h3",
    "element_subtype": "",
    "content": "Invincible, September 28",
    "puborder": 1777,
    "translations": [
      {
        "para_id": "1763.1979",
        "lang": "es",
        "refcode": "MGD 279"
      },
      {
        "para_id": "12287.2042",
        "lang": "pl",
        "refcode": "CBL 279"
      },
      {
        "para_id": "1915.3045",
        "lang": "pt",
        "refcode": "MG 280"
      },
      {
        "para_id": "14445.2052",
        "lang": "ru",
        "refcode": "УББ 279"
      },
      {
        "para_id": "12536.2047",
        "lang": "sr",
        "refcode": "GAGS 279"
      },
      {
        "para_id": "14446.2284",
        "lang": "uk",
        "refcode": "ДББ 332"
      }
    ]
  },
  {
    "para_id": "33.2040",
    "id_prev": "33.2039",
    "id_next": "33.2041",
    "refcode_1": "AG",
    "refcode_2": "279",
    "refcode_3": "1",
    "refcode_4": "",
    "refcode_short": "AG 279.1",
    "refcode_long": "God's Amazing Grace, p. 279.1 (Ellen Gould White)",
    "element_type": "p",
    "element_subtype": "devotionaltext",
    "content": "The blessing of the Lord, it maketh rich, and he addeth no sorrow with it. <span class=\"egwlink egwlink_bible\" title=\"Proverbs 10:22\" data-link=\"1965.34017\">Proverbs 10:22</span>.",
    "puborder": 1778,
    "translations": [
      {
        "para_id": "1763.1980",
        "lang": "es",
        "refcode": "MGD 279.1"
      },
      {
        "para_id": "12287.2043",
        "lang": "pl",
        "refcode": "CBL 279.1"
      },
      {
        "para_id": "1915.3046",
        "lang": "pt",
        "refcode": "MG 280.4"
      },
      {
        "para_id": "14445.2053",
        "lang": "ru",
        "refcode": "УББ 279.1"
      },
      {
        "para_id": "12536.2048",
        "lang": "sr",
        "refcode": "GAGS 279.1"
      },
      {
        "para_id": "14446.2285",
        "lang": "uk",
        "refcode": "ДББ 332.1"
      }
    ]
  },
  {
    "para_id": "33.2041",
    "id_prev": "33.2040",
    "id_next": "33.2042",
    "refcode_1": "AG",
    "refcode_2": "279",
    "refcode_3": "2",
    "refcode_4": "",
    "refcode_short": "AG 279.2",
    "refcode_long": "God's Amazing Grace, p. 279.2 (Ellen Gould White)",
    "element_type": "p",
    "element_subtype": "standard-indented",
    "content": "When in his distress, Jacob laid hold of the Angel, and made supplication with tears, the heavenly Messenger, in order to try his faith, also reminded him of his sin, and endeavored to escape from him. But Jacob would not be turned away. He had learned that God is merciful, and he cast himself upon His mercy. He pointed back to his repentance for his sin, and pleaded for deliverance. As he reviewed his life, he was driven almost to despair; but he held fast the Angel, and with earnest, agonizing cries urged his petition until he prevailed.",
    "puborder": 1779,
    "translations": [
      {
        "para_id": "1763.1981",
        "lang": "es",
        "refcode": "MGD 279.2"
      },
      {
        "para_id": "12287.2044",
        "lang": "pl",
        "refcode": "CBL 279.2"
      },
      {
        "para_id": "1915.3047",
        "lang": "pt",
        "refcode": "MG 280.5"
      },
      {
        "para_id": "14445.2054",
        "lang": "ru",
        "refcode": "УББ 279.2"
      },
      {
        "para_id": "12536.2049",
        "lang": "sr",
        "refcode": "GAGS 279.2"
      },
      {
        "para_id": "14446.2286",
        "lang": "uk",
        "refcode": "ДББ 332.2"
      }
    ]
  },
  {
    "para_id": "33.2042",
    "id_prev": "33.2041",
    "id_next": "33.2043",
    "refcode_1": "AG",
    "refcode_2": "279",
    "refcode_3": "3",
    "refcode_4": "",
    "refcode_short": "AG 279.3",
    "refcode_long": "God's Amazing Grace, p. 279.3 (Ellen Gould White)",
    "element_type": "p",
    "element_subtype": "standard-indented",
    "content": "Such will be the experience of God&apos;s people in their final struggle with the powers of evil. God will test their faith, their perseverance, their confidence in His power to deliver them. Satan will endeavor to terrify them with the thought that their cases are hopeless.... They will have a deep sense of their shortcomings, and as they review their lives, their hopes will sink. But remembering the greatness of God&apos;s mercy, and their own sincere repentance, they will plead His promises made through Christ to helpless, repenting sinners. Their faith will not fail because their prayers are not immediately answered. They will lay hold of the strength of God, as Jacob laid hold of the Angel, and the language of their souls will be, &ldquo;I will not let thee go, except thou bless me&rdquo; (<span class=\"egwlink egwlink_bible\" title=\"Genesis 32:26\" data-link=\"1965.1944\">Genesis 32:26</span>)....",
    "puborder": 1780,
    "translations": [
      {
        "para_id": "1763.1982",
        "lang": "es",
        "refcode": "MGD 279.3"
      },
      {
        "para_id": "12287.2045",
        "lang": "pl",
        "refcode": "CBL 279.3"
      },
      {
        "para_id": "1915.3050",
        "lang": "pt",
        "refcode": "MG 281.1"
      },
      {
        "para_id": "14445.2055",
        "lang": "ru",
        "refcode": "УББ 279.3"
      },
      {
        "para_id": "12536.2050",
        "lang": "sr",
        "refcode": "GAGS 279.3"
      },
      {
        "para_id": "14446.2287",
        "lang": "uk",
        "refcode": "ДББ 332.3"
      }
    ]
  },
  {
    "para_id": "33.2043",
    "id_prev": "33.2042",
    "id_next": "33.2045",
    "refcode_1": "AG",
    "refcode_2": "279",
    "refcode_3": "4",
    "refcode_4": "",
    "refcode_short": "AG 279.4",
    "refcode_long": "God's Amazing Grace, p. 279.4 (Ellen Gould White)",
    "element_type": "p",
    "element_subtype": "standard-indented",
    "content": "Jacob&apos;s history is an assurance that God will not cast off those who have been betrayed into sin, but who have returned unto Him with true repentance. It was by self-surrender and confiding faith that Jacob gained what he had failed to gain by conflict in his own strength. God thus taught His servant that divine power and grace alone could give him the blessing he craved. Thus it will be with those who live in the last days. As dangers surround them, and despair seizes upon the soul, they must depend solely upon the merits of the atonement. We can do nothing of ourselves. In all our helpless unworthiness we must trust in the merits of the crucified and risen Saviour. None will ever perish while they do this.<sup class=\"bookendnote\"><a class=\"bookendnote\">68<span class=\"bookendnote\"><span class=\"egwlink egwlink_book\" title=\"PP 201\" data-link=\"84.838\">Patriarchs and Prophets, 201-203</span>.</span></a></sup>",
    "puborder": 1781,
    "translations": [
      {
        "para_id": "1763.1983",
        "lang": "es",
        "refcode": "MGD 279.4"
      },
      {
        "para_id": "12287.2046",
        "lang": "pl",
        "refcode": "CBL 279.4"
      },
      {
        "para_id": "1915.3051",
        "lang": "pt",
        "refcode": "MG 281.2"
      },
      {
        "para_id": "14445.2056",
        "lang": "ru",
        "refcode": "УББ 279.4"
      },
      {
        "para_id": "12536.2051",
        "lang": "sr",
        "refcode": "GAGS 279.4"
      },
      {
        "para_id": "14446.2290",
        "lang": "uk",
        "refcode": "ДББ 333.2"
      },
      {
        "para_id": "14446.2289",
        "lang": "uk",
        "refcode": "ДББ 333.1"
      }
    ]
  }
]