[
  {
    "para_id": "33.2694",
    "id_prev": "33.2692",
    "id_next": "33.2695",
    "refcode_1": "AG",
    "refcode_2": "367",
    "refcode_3": "",
    "refcode_4": "359",
    "refcode_short": "AG 367",
    "refcode_long": "God's Amazing Grace, p. 367 (Ellen Gould White)",
    "element_type": "h3",
    "element_subtype": "",
    "content": "Our Curriculum, December 25",
    "puborder": 2344,
    "translations": [
      {
        "para_id": "1763.2619",
        "lang": "es",
        "refcode": "MGD 367"
      },
      {
        "para_id": "12287.2698",
        "lang": "pl",
        "refcode": "CBL 367"
      },
      {
        "para_id": "1915.4027",
        "lang": "pt",
        "refcode": "MG 371"
      },
      {
        "para_id": "14445.2704",
        "lang": "ru",
        "refcode": "УББ 367"
      },
      {
        "para_id": "12536.2701",
        "lang": "sr",
        "refcode": "GAGS 367"
      },
      {
        "para_id": "14446.3017",
        "lang": "uk",
        "refcode": "ДББ 439"
      }
    ]
  },
  {
    "para_id": "33.2695",
    "id_prev": "33.2694",
    "id_next": "33.2696",
    "refcode_1": "AG",
    "refcode_2": "367",
    "refcode_3": "1",
    "refcode_4": "",
    "refcode_short": "AG 367.1",
    "refcode_long": "God's Amazing Grace, p. 367.1 (Ellen Gould White)",
    "element_type": "p",
    "element_subtype": "devotionaltext",
    "content": "For our knowledge is imperfect ...; but when the perfect comes, the imperfect will pass away. <span class=\"egwlink egwlink_bible\" title=\"1 Corinthians 13:9\" data-link=\"1965.58472\">1 Corinthians 13:9, 10</span>, R.S.V.",
    "puborder": 2345,
    "translations": [
      {
        "para_id": "1763.2620",
        "lang": "es",
        "refcode": "MGD 367.1"
      },
      {
        "para_id": "12287.2699",
        "lang": "pl",
        "refcode": "CBL 367.1"
      },
      {
        "para_id": "1915.4028",
        "lang": "pt",
        "refcode": "MG 371.5"
      },
      {
        "para_id": "14445.2705",
        "lang": "ru",
        "refcode": "УББ 367.1"
      },
      {
        "para_id": "12536.2702",
        "lang": "sr",
        "refcode": "GAGS 367.1"
      },
      {
        "para_id": "14446.3018",
        "lang": "uk",
        "refcode": "ДББ 439.4"
      }
    ]
  },
  {
    "para_id": "33.2696",
    "id_prev": "33.2695",
    "id_next": "33.2697",
    "refcode_1": "AG",
    "refcode_2": "367",
    "refcode_3": "2",
    "refcode_4": "",
    "refcode_short": "AG 367.2",
    "refcode_long": "God's Amazing Grace, p. 367.2 (Ellen Gould White)",
    "element_type": "p",
    "element_subtype": "standard-indented",
    "content": "By faith we should look to the hereafter and grasp the pledge of God of a growth of intellect, the human faculties uniting with the divine, and every power of the soul being brought into direct contact with the Source of light. We may rejoice that all that has perplexed us in the providences of God will then be made plain; things hard to be understood will find an explanation.<sup class=\"bookendnote\"><a class=\"bookendnote\">52<span class=\"bookendnote\"><span class=\"egwlink egwlink_book\" title=\"5T 706\" data-link=\"113.3436\">Testimonies for the Church 5:706</span>.</span></a></sup>",
    "puborder": 2346,
    "translations": [
      {
        "para_id": "1763.2621",
        "lang": "es",
        "refcode": "MGD 367.2"
      },
      {
        "para_id": "12287.2700",
        "lang": "pl",
        "refcode": "CBL 367.2"
      },
      {
        "para_id": "1915.4029",
        "lang": "pt",
        "refcode": "MG 371.6"
      },
      {
        "para_id": "14445.2706",
        "lang": "ru",
        "refcode": "УББ 367.2"
      },
      {
        "para_id": "12536.2703",
        "lang": "sr",
        "refcode": "GAGS 367.2"
      },
      {
        "para_id": "14446.3019",
        "lang": "uk",
        "refcode": "ДББ 439.5"
      }
    ]
  },
  {
    "para_id": "33.2697",
    "id_prev": "33.2696",
    "id_next": "33.2698",
    "refcode_1": "AG",
    "refcode_2": "367",
    "refcode_3": "3",
    "refcode_4": "",
    "refcode_short": "AG 367.3",
    "refcode_long": "God's Amazing Grace, p. 367.3 (Ellen Gould White)",
    "element_type": "p",
    "element_subtype": "standard-indented",
    "content": "There all who have wrought with unselfish spirit will behold the fruit of their labors. The outworking of every right principle and noble deed will be seen. Something of this we see here. But how little of the result of the world&apos;s noblest work is in this life manifest to the doer! How many toil unselfishly and unweariedly for those who pass beyond their reach and knowledge! Parents and teachers lie down in their last sleep, their lifework seeming to have been wrought in vain; they know not that their faithfulness has unsealed springs of blessing that can never cease to flow; only by faith they see the children they have trained become a benediction and an inspiration to their fellow men, and the influence repeat itself a thousandfold. Many a worker sends out into the world messages of strength and hope and courage, words that carry blessings to hearts in every land; but of the results he, toiling in loneliness and obscurity, knows little. So gifts are bestowed, burdens are borne, labor is done. Men sow the seed from which, above their graves, others reap blessed harvests. They plant trees, that others may eat the fruit. They are content here to know that they have set in motion agencies for good. In the hereafter the action and reaction of all these will be seen.",
    "puborder": 2347,
    "translations": [
      {
        "para_id": "1763.2622",
        "lang": "es",
        "refcode": "MGD 367.3"
      },
      {
        "para_id": "12287.2701",
        "lang": "pl",
        "refcode": "CBL 367.3"
      },
      {
        "para_id": "12287.2702",
        "lang": "pl",
        "refcode": "CBL 367.4"
      },
      {
        "para_id": "1915.4032",
        "lang": "pt",
        "refcode": "MG 372.1"
      },
      {
        "para_id": "14445.2707",
        "lang": "ru",
        "refcode": "УББ 367.3"
      },
      {
        "para_id": "12536.2704",
        "lang": "sr",
        "refcode": "GAGS 367.3"
      },
      {
        "para_id": "14446.3020",
        "lang": "uk",
        "refcode": "ДББ 439.6"
      }
    ]
  },
  {
    "para_id": "33.2698",
    "id_prev": "33.2697",
    "id_next": "33.2700",
    "refcode_1": "AG",
    "refcode_2": "367",
    "refcode_3": "4",
    "refcode_4": "",
    "refcode_short": "AG 367.4",
    "refcode_long": "God's Amazing Grace, p. 367.4 (Ellen Gould White)",
    "element_type": "p",
    "element_subtype": "standard-indented",
    "content": "Of every gift that God has bestowed, leading men to unselfish effort, a record is kept in heaven. To trace this in its wide-spreading lines, to look upon those who by our efforts have been uplifted and ennobled, to behold in their history the outworking of true principles&mdash;this will be one of the studies and rewards of the heavenly school.<sup class=\"bookendnote\"><a class=\"bookendnote\">53<span class=\"bookendnote\"><span class=\"egwlink egwlink_book\" title=\"Ed 305\" data-link=\"29.1602\">Education, 305, 306</span>.</span></a></sup>",
    "puborder": 2348,
    "translations": [
      {
        "para_id": "1763.2623",
        "lang": "es",
        "refcode": "MGD 367.4"
      },
      {
        "para_id": "12287.2703",
        "lang": "pl",
        "refcode": "CBL 367.5"
      },
      {
        "para_id": "1915.4033",
        "lang": "pt",
        "refcode": "MG 372.2"
      },
      {
        "para_id": "14445.2708",
        "lang": "ru",
        "refcode": "УББ 367.4"
      },
      {
        "para_id": "12536.2705",
        "lang": "sr",
        "refcode": "GAGS 367.4"
      },
      {
        "para_id": "14446.3023",
        "lang": "uk",
        "refcode": "ДББ 440.1"
      }
    ]
  }
]