[
  {
    "para_id": "33.585",
    "id_prev": "33.583",
    "id_next": "33.586",
    "refcode_1": "AG",
    "refcode_2": "86",
    "refcode_3": "",
    "refcode_4": "78",
    "refcode_short": "AG 86",
    "refcode_long": "God's Amazing Grace, p. 86 (Ellen Gould White)",
    "element_type": "h3",
    "element_subtype": "",
    "content": "Prayers Like Fragrant Incense, March 19",
    "puborder": 517,
    "translations": [
      {
        "para_id": "1763.590",
        "lang": "es",
        "refcode": "MGD 86"
      },
      {
        "para_id": "12287.593",
        "lang": "pl",
        "refcode": "CBL 86"
      },
      {
        "para_id": "1915.863",
        "lang": "pt",
        "refcode": "MG 81"
      },
      {
        "para_id": "14445.597",
        "lang": "ru",
        "refcode": "УББ 86"
      },
      {
        "para_id": "12536.597",
        "lang": "sr",
        "refcode": "GAGS 86"
      },
      {
        "para_id": "14446.660",
        "lang": "uk",
        "refcode": "ДББ 98"
      }
    ]
  },
  {
    "para_id": "33.586",
    "id_prev": "33.585",
    "id_next": "33.587",
    "refcode_1": "AG",
    "refcode_2": "86",
    "refcode_3": "1",
    "refcode_4": "",
    "refcode_short": "AG 86.1",
    "refcode_long": "God's Amazing Grace, p. 86.1 (Ellen Gould White)",
    "element_type": "p",
    "element_subtype": "devotionaltext",
    "content": "Another angel came and stood at the altar, having a golden censer; and there was given unto him much incense, that he should offer it with the prayers of all the saints upon the golden altar which was before the throne. <span class=\"egwlink egwlink_bible\" title=\"Revelation 8:3\" data-link=\"1965.62904\">Revelation 8:3</span>.",
    "puborder": 518,
    "translations": [
      {
        "para_id": "1763.591",
        "lang": "es",
        "refcode": "MGD 86.1"
      },
      {
        "para_id": "12287.594",
        "lang": "pl",
        "refcode": "CBL 86.1"
      },
      {
        "para_id": "1915.864",
        "lang": "pt",
        "refcode": "MG 81.2"
      },
      {
        "para_id": "14445.598",
        "lang": "ru",
        "refcode": "УББ 86.1"
      },
      {
        "para_id": "12536.598",
        "lang": "sr",
        "refcode": "GAGS 86.1"
      },
      {
        "para_id": "14446.661",
        "lang": "uk",
        "refcode": "ДББ 98.5"
      }
    ]
  },
  {
    "para_id": "33.587",
    "id_prev": "33.586",
    "id_next": "33.588",
    "refcode_1": "AG",
    "refcode_2": "86",
    "refcode_3": "2",
    "refcode_4": "",
    "refcode_short": "AG 86.2",
    "refcode_long": "God's Amazing Grace, p. 86.2 (Ellen Gould White)",
    "element_type": "p",
    "element_subtype": "standard-indented",
    "content": "True prayer takes hold upon Omnipotence and gives us the victory. Upon his knees the Christian obtains strength to resist temptation.... The silent, fervent prayer of the soul will rise like holy incense to the throne of grace and will be as acceptable to God as if offered in the sanctuary. To all who thus seek Him, Christ becomes a present help in time of need. They will be strong in the day of trial.<sup class=\"bookendnote\"><a class=\"bookendnote\">40<span class=\"bookendnote\"><span class=\"egwlink egwlink_book\" title=\"4T 616\" data-link=\"114.3055\">Testimonies for the Church 4:616</span>.</span></a></sup>",
    "puborder": 519,
    "translations": [
      {
        "para_id": "1763.592",
        "lang": "es",
        "refcode": "MGD 86.2"
      },
      {
        "para_id": "12287.595",
        "lang": "pl",
        "refcode": "CBL 86.2"
      },
      {
        "para_id": "1915.865",
        "lang": "pt",
        "refcode": "MG 81.3"
      },
      {
        "para_id": "14445.599",
        "lang": "ru",
        "refcode": "УББ 86.2"
      },
      {
        "para_id": "12536.599",
        "lang": "sr",
        "refcode": "GAGS 86.2"
      },
      {
        "para_id": "14446.663",
        "lang": "uk",
        "refcode": "ДББ 99.1"
      }
    ]
  },
  {
    "para_id": "33.588",
    "id_prev": "33.587",
    "id_next": "33.589",
    "refcode_1": "AG",
    "refcode_2": "86",
    "refcode_3": "3",
    "refcode_4": "",
    "refcode_short": "AG 86.3",
    "refcode_long": "God's Amazing Grace, p. 86.3 (Ellen Gould White)",
    "element_type": "p",
    "element_subtype": "standard-indented",
    "content": "It is a wonderful favor for any man in this life to be commended of God as was Cornelius. And what was the ground of this approval?&mdash;&ldquo;Thy prayers and thine alms are come up for a memorial before God&rdquo; (<span class=\"egwlink egwlink_bible\" title=\"Acts 10:4\" data-link=\"1965.55601\">Acts 10:4</span>).",
    "puborder": 520,
    "translations": [
      {
        "para_id": "1763.593",
        "lang": "es",
        "refcode": "MGD 86.3"
      },
      {
        "para_id": "12287.596",
        "lang": "pl",
        "refcode": "CBL 86.3"
      },
      {
        "para_id": "1915.866",
        "lang": "pt",
        "refcode": "MG 81.4"
      },
      {
        "para_id": "14445.600",
        "lang": "ru",
        "refcode": "УББ 86.3"
      },
      {
        "para_id": "12536.600",
        "lang": "sr",
        "refcode": "GAGS 86.3"
      },
      {
        "para_id": "14446.664",
        "lang": "uk",
        "refcode": "ДББ 99.2"
      }
    ]
  },
  {
    "para_id": "33.589",
    "id_prev": "33.588",
    "id_next": "33.590",
    "refcode_1": "AG",
    "refcode_2": "86",
    "refcode_3": "4",
    "refcode_4": "",
    "refcode_short": "AG 86.4",
    "refcode_long": "God's Amazing Grace, p. 86.4 (Ellen Gould White)",
    "element_type": "p",
    "element_subtype": "standard-indented",
    "content": "Neither prayer nor almsgiving has any virtue in itself to recommend the sinner to God; the grace of Christ, through His atoning sacrifice, can alone renew the heart and make our service acceptable to God. This grace had moved upon the heart of Cornelius. The Spirit of Christ had spoken to his soul; Jesus had drawn him, and he had yielded to the drawing. His prayers and alms were not urged or extorted from him; they were not a price he was seeking to pay in order to secure heaven; but they were the fruit of love and gratitude to God.",
    "puborder": 521,
    "translations": [
      {
        "para_id": "1763.594",
        "lang": "es",
        "refcode": "MGD 86.4"
      },
      {
        "para_id": "12287.597",
        "lang": "pl",
        "refcode": "CBL 86.4"
      },
      {
        "para_id": "1915.867",
        "lang": "pt",
        "refcode": "MG 81.5"
      },
      {
        "para_id": "14445.601",
        "lang": "ru",
        "refcode": "УББ 86.4"
      },
      {
        "para_id": "12536.601",
        "lang": "sr",
        "refcode": "GAGS 86.4"
      },
      {
        "para_id": "14446.665",
        "lang": "uk",
        "refcode": "ДББ 99.3"
      }
    ]
  },
  {
    "para_id": "33.590",
    "id_prev": "33.589",
    "id_next": "33.591",
    "refcode_1": "AG",
    "refcode_2": "86",
    "refcode_3": "5",
    "refcode_4": "",
    "refcode_short": "AG 86.5",
    "refcode_long": "God's Amazing Grace, p. 86.5 (Ellen Gould White)",
    "element_type": "p",
    "element_subtype": "standard-indented",
    "content": "Such prayer from a sincere heart ascends as incense before the Lord; and offerings to His cause and gifts to the needy and suffering are a sacrifice well pleasing to Him....",
    "puborder": 522,
    "translations": [
      {
        "para_id": "1763.595",
        "lang": "es",
        "refcode": "MGD 86.5"
      },
      {
        "para_id": "12287.598",
        "lang": "pl",
        "refcode": "CBL 86.5"
      },
      {
        "para_id": "1915.868",
        "lang": "pt",
        "refcode": "MG 81.6"
      },
      {
        "para_id": "14445.602",
        "lang": "ru",
        "refcode": "УББ 86.5"
      },
      {
        "para_id": "12536.602",
        "lang": "sr",
        "refcode": "GAGS 86.5"
      },
      {
        "para_id": "14446.666",
        "lang": "uk",
        "refcode": "ДББ 99.4"
      }
    ]
  },
  {
    "para_id": "33.591",
    "id_prev": "33.590",
    "id_next": "33.593",
    "refcode_1": "AG",
    "refcode_2": "86",
    "refcode_3": "6",
    "refcode_4": "",
    "refcode_short": "AG 86.6",
    "refcode_long": "God's Amazing Grace, p. 86.6 (Ellen Gould White)",
    "element_type": "p",
    "element_subtype": "standard-indented",
    "content": "Prayer and almsgiving are closely linked together&mdash;the expression of love to God and to our fellow men. They are the outworking of the two great principles of the divine law,&ldquo;Thou shalt love the Lord thy God with all thy heart, and with all thy soul, and with all thy mind, and with all thy strength&rdquo;; and, &ldquo;Thou shalt love thy neighbour as thyself&rdquo; (<span class=\"egwlink egwlink_bible\" title=\"Mark 12:30\" data-link=\"1965.50419\">Mark 12:30, 31</span>). Thus while our gifts cannot recommend us to God or earn His favor, they are an evidence that we have received the grace of Christ. They are a test of the sincerity of our profession of love.<sup class=\"bookendnote\"><a class=\"bookendnote\">41<span class=\"bookendnote\"><span class=\"egwlink egwlink_book\" title=\"6BC 1059\" data-link=\"95.99\">SDA Bible Commentary 6:1059</span>.</span></a></sup>",
    "puborder": 523,
    "translations": [
      {
        "para_id": "1763.596",
        "lang": "es",
        "refcode": "MGD 86.6"
      },
      {
        "para_id": "12287.599",
        "lang": "pl",
        "refcode": "CBL 86.6"
      },
      {
        "para_id": "1915.869",
        "lang": "pt",
        "refcode": "MG 81.7"
      },
      {
        "para_id": "14445.603",
        "lang": "ru",
        "refcode": "УББ 86.6"
      },
      {
        "para_id": "12536.603",
        "lang": "sr",
        "refcode": "GAGS 86.6"
      },
      {
        "para_id": "14446.667",
        "lang": "uk",
        "refcode": "ДББ 99.5"
      }
    ]
  }
]