[
  {
    "para_id": "33.807",
    "id_prev": "33.805",
    "id_next": "33.808",
    "refcode_1": "AG",
    "refcode_2": "116",
    "refcode_3": "",
    "refcode_4": "108",
    "refcode_short": "AG 116",
    "refcode_long": "God's Amazing Grace, p. 116 (Ellen Gould White)",
    "element_type": "h3",
    "element_subtype": "",
    "content": "To Sustain the Burden Bearer, April 18",
    "puborder": 708,
    "translations": [
      {
        "para_id": "1763.805",
        "lang": "es",
        "refcode": "MGD 116"
      },
      {
        "para_id": "12287.812",
        "lang": "pl",
        "refcode": "CBL 116"
      },
      {
        "para_id": "1915.1197",
        "lang": "pt",
        "refcode": "MG 112"
      },
      {
        "para_id": "14445.818",
        "lang": "ru",
        "refcode": "УББ 116"
      },
      {
        "para_id": "12536.819",
        "lang": "sr",
        "refcode": "GAGS 116"
      },
      {
        "para_id": "14446.909",
        "lang": "uk",
        "refcode": "ДББ 134"
      }
    ]
  },
  {
    "para_id": "33.808",
    "id_prev": "33.807",
    "id_next": "33.809",
    "refcode_1": "AG",
    "refcode_2": "116",
    "refcode_3": "1",
    "refcode_4": "",
    "refcode_short": "AG 116.1",
    "refcode_long": "God's Amazing Grace, p. 116.1 (Ellen Gould White)",
    "element_type": "p",
    "element_subtype": "devotionaltext",
    "content": "Cast thy burden upon the Lord, and he shall sustain thee. <span class=\"egwlink egwlink_bible\" title=\"Psalm 55:22\" data-link=\"1965.30063\">Psalm 55:22</span>.",
    "puborder": 709,
    "translations": [
      {
        "para_id": "1763.806",
        "lang": "es",
        "refcode": "MGD 116.1"
      },
      {
        "para_id": "12287.813",
        "lang": "pl",
        "refcode": "CBL 116.1"
      },
      {
        "para_id": "1915.1198",
        "lang": "pt",
        "refcode": "MG 112.1"
      },
      {
        "para_id": "14445.819",
        "lang": "ru",
        "refcode": "УББ 116.1"
      },
      {
        "para_id": "12536.820",
        "lang": "sr",
        "refcode": "GAGS 116.1"
      },
      {
        "para_id": "14446.910",
        "lang": "uk",
        "refcode": "ДББ 134.2"
      }
    ]
  },
  {
    "para_id": "33.809",
    "id_prev": "33.808",
    "id_next": "33.810",
    "refcode_1": "AG",
    "refcode_2": "116",
    "refcode_3": "2",
    "refcode_4": "",
    "refcode_short": "AG 116.2",
    "refcode_long": "God's Amazing Grace, p. 116.2 (Ellen Gould White)",
    "element_type": "p",
    "element_subtype": "standard-indented",
    "content": "In the humble round of toil, the very weakest, the most obscure, may be workers together with God and may have the comfort of His presence and sustaining grace. They are not to weary themselves with busy anxieties and needless cares. Let them work on from day to day, accomplishing faithfully the task that God&apos;s providence assigns, and He will care for them....",
    "puborder": 710,
    "translations": [
      {
        "para_id": "1763.807",
        "lang": "es",
        "refcode": "MGD 116.2"
      },
      {
        "para_id": "12287.814",
        "lang": "pl",
        "refcode": "CBL 116.2"
      },
      {
        "para_id": "1915.1199",
        "lang": "pt",
        "refcode": "MG 112.2"
      },
      {
        "para_id": "14445.820",
        "lang": "ru",
        "refcode": "УББ 116.2"
      },
      {
        "para_id": "12536.821",
        "lang": "sr",
        "refcode": "GAGS 116.2"
      },
      {
        "para_id": "14446.911",
        "lang": "uk",
        "refcode": "ДББ 134.3"
      }
    ]
  },
  {
    "para_id": "33.810",
    "id_prev": "33.809",
    "id_next": "33.811",
    "refcode_1": "AG",
    "refcode_2": "116",
    "refcode_3": "3",
    "refcode_4": "",
    "refcode_short": "AG 116.3",
    "refcode_long": "God's Amazing Grace, p. 116.3 (Ellen Gould White)",
    "element_type": "p",
    "element_subtype": "standard-indented",
    "content": "The Lord&apos;s care is over all His creatures. He loves them all, and makes no difference, except that He has the most tender pity for those who are called to bear life&apos;s heaviest burdens.<sup class=\"bookendnote\"><a class=\"bookendnote\">54<span class=\"bookendnote\"><span class=\"egwlink egwlink_book\" title=\"MH 199\" data-link=\"135.975\">The Ministry of Healing, 199</span>.</span></a></sup>",
    "puborder": 711,
    "translations": [
      {
        "para_id": "1763.808",
        "lang": "es",
        "refcode": "MGD 116.3"
      },
      {
        "para_id": "12287.815",
        "lang": "pl",
        "refcode": "CBL 116.3"
      },
      {
        "para_id": "1915.1200",
        "lang": "pt",
        "refcode": "MG 112.3"
      },
      {
        "para_id": "14445.821",
        "lang": "ru",
        "refcode": "УББ 116.3"
      },
      {
        "para_id": "12536.822",
        "lang": "sr",
        "refcode": "GAGS 116.3"
      },
      {
        "para_id": "14446.913",
        "lang": "uk",
        "refcode": "ДББ 135.1"
      }
    ]
  },
  {
    "para_id": "33.811",
    "id_prev": "33.810",
    "id_next": "33.812",
    "refcode_1": "AG",
    "refcode_2": "116",
    "refcode_3": "4",
    "refcode_4": "",
    "refcode_short": "AG 116.4",
    "refcode_long": "God's Amazing Grace, p. 116.4 (Ellen Gould White)",
    "element_type": "p",
    "element_subtype": "standard-indented",
    "content": "Keep your wants, your joys, your sorrows, your cares, and your fears, before God. You cannot burden Him; you cannot weary Him. He who numbers the hairs of your head is not indifferent to the wants of His children.... Take to Him everything that perplexes the mind. Nothing is too great for Him to bear, for He holds up worlds, He rules over all the affairs of the universe. Nothing that in any way concerns our peace is too small for Him to notice. There is no chapter in our experience too dark for Him to read; there is no perplexity too difficult for Him to unravel. No calamity can befall the least of His children, no anxiety harass the soul, no joy cheer, no sincere prayer escape the lips, of which our heavenly Father is unobservant, or in which He takes no immediate interest. &ldquo;He healeth the broken in heart, and bindeth up their wounds&rdquo; (<span class=\"egwlink egwlink_bible\" title=\"Psalm 147:3\" data-link=\"1965.33355\">Psalm 147:3</span>). The relations between God and each soul are as distinct and full as though there were not another soul upon earth to share His watchcare, not another soul for whom He gave His beloved Son.<sup class=\"bookendnote\"><a class=\"bookendnote\">55<span class=\"bookendnote\"><span class=\"egwlink egwlink_book\" title=\"SC 100\" data-link=\"108.402\">Steps to Christ, 100</span>.</span></a></sup>",
    "puborder": 712,
    "translations": [
      {
        "para_id": "1763.809",
        "lang": "es",
        "refcode": "MGD 116.4"
      },
      {
        "para_id": "12287.816",
        "lang": "pl",
        "refcode": "CBL 116.4"
      },
      {
        "para_id": "1915.1201",
        "lang": "pt",
        "refcode": "MG 112.4"
      },
      {
        "para_id": "14445.822",
        "lang": "ru",
        "refcode": "УББ 116.4"
      },
      {
        "para_id": "12536.823",
        "lang": "sr",
        "refcode": "GAGS 116.4"
      },
      {
        "para_id": "14446.914",
        "lang": "uk",
        "refcode": "ДББ 135.2"
      }
    ]
  },
  {
    "para_id": "33.812",
    "id_prev": "33.811",
    "id_next": "33.814",
    "refcode_1": "AG",
    "refcode_2": "116",
    "refcode_3": "5",
    "refcode_4": "",
    "refcode_short": "AG 116.5",
    "refcode_long": "God's Amazing Grace, p. 116.5 (Ellen Gould White)",
    "element_type": "p",
    "element_subtype": "standard-indented",
    "content": "The Lord does not press on anyone burdens too heavy to be borne. He estimates every weight before He allows it to rest upon the hearts of those who are laborers together with Him. To every one of His workers our loving heavenly Father says: &ldquo;Cast thy burden upon the Lord, and he shall sustain thee&rdquo; (<span class=\"egwlink egwlink_bible\" title=\"Psalm 55:22\" data-link=\"1965.30063\">Psalm 55:22</span>). Let the burden bearers believe that He will carry every load, great or small.<sup class=\"bookendnote\"><a class=\"bookendnote\">56<span class=\"bookendnote\"><span class=\"egwlink egwlink_book\" title=\"7T 297\" data-link=\"117.1685\">Testimonies for the Church 7:297</span>.</span></a></sup>",
    "puborder": 713,
    "translations": [
      {
        "para_id": "1763.810",
        "lang": "es",
        "refcode": "MGD 116.5"
      },
      {
        "para_id": "12287.817",
        "lang": "pl",
        "refcode": "CBL 116.5"
      },
      {
        "para_id": "1915.1202",
        "lang": "pt",
        "refcode": "MG 112.5"
      },
      {
        "para_id": "14445.823",
        "lang": "ru",
        "refcode": "УББ 116.5"
      },
      {
        "para_id": "12536.824",
        "lang": "sr",
        "refcode": "GAGS 116.5"
      },
      {
        "para_id": "14446.915",
        "lang": "uk",
        "refcode": "ДББ 135.3"
      }
    ]
  }
]