[
  {
    "para_id": "14054.3898001",
    "id_prev": "14054.4117020",
    "id_next": "14054.3898004",
    "refcode_1": "4LtMs",
    "refcode_2": "1",
    "refcode_3": "",
    "refcode_4": "1885100700",
    "refcode_short": "4LtMs, Ms 7, 1885",
    "refcode_long": "Letters and Manuscripts — Volume 4 (1883 - 1886), Ms 7, 1885",
    "element_type": "h4",
    "element_subtype": "",
    "content": "Ms 7, 1885",
    "puborder": 3361,
    "translations": []
  },
  {
    "para_id": "14054.3898004",
    "id_prev": "14054.3898001",
    "id_next": "14054.3898002",
    "refcode_1": "4LtMs",
    "refcode_2": "1",
    "refcode_3": "",
    "refcode_4": "1885100700",
    "refcode_short": "",
    "refcode_long": "",
    "element_type": "p",
    "element_subtype": "mstitle",
    "content": "&ldquo;Come Out From Among Them, and Be Ye Separate&rdquo;",
    "puborder": 3362,
    "translations": []
  },
  {
    "para_id": "14054.3898002",
    "id_prev": "14054.3898004",
    "id_next": "14054.3898003",
    "refcode_1": "4LtMs",
    "refcode_2": "1",
    "refcode_3": "",
    "refcode_4": "1885100700",
    "refcode_short": "",
    "refcode_long": "",
    "element_type": "p",
    "element_subtype": "msplace",
    "content": "<span class=\"msplace\" value=\"NP\">NP</span>",
    "puborder": 3363,
    "translations": []
  },
  {
    "para_id": "14054.3898003",
    "id_prev": "14054.3898002",
    "id_next": "14054.3898005",
    "refcode_1": "4LtMs",
    "refcode_2": "1",
    "refcode_3": "",
    "refcode_4": "1885100700",
    "refcode_short": "",
    "refcode_long": "",
    "element_type": "p",
    "element_subtype": "msdate",
    "content": "<span class=\"msdate\" start=\"July 27, 1885\">July 27, 1885</span>",
    "puborder": 3364,
    "translations": []
  },
  {
    "para_id": "14054.3898005",
    "id_prev": "14054.3898003",
    "id_next": "14054.3898007",
    "refcode_1": "4LtMs",
    "refcode_2": "1",
    "refcode_3": "",
    "refcode_4": "1885100700",
    "refcode_short": "",
    "refcode_long": "",
    "element_type": "p",
    "element_subtype": "mspubinfo",
    "content": "This manuscript is drawn largely from <span class=\"egwlink egwlink_book\" title=\"Ms 4a, 1885\" data-link=\"14054.4006001\">Ms 4a, 1885</span>.",
    "puborder": 3365,
    "translations": []
  },
  {
    "para_id": "14054.3898007",
    "id_prev": "14054.3898005",
    "id_next": "14054.3898008",
    "refcode_1": "4LtMs",
    "refcode_2": "1",
    "refcode_3": "2256",
    "refcode_4": "1885100700",
    "refcode_short": "4LtMs, Ms 7, 1885, par. 1",
    "refcode_long": "Letters and Manuscripts — Volume 4 (1883 - 1886), Ms 7, 1885, par. 1",
    "element_type": "p",
    "element_subtype": "standard-indented",
    "content": "&ldquo;Be ye not unequally yoked together with unbelievers: for what fellowship hath righteousness with unrighteousness, and what communion hath light with darkness, and what concord hath Christ with Belial? Or what part hath he that believeth with an infidel? And what agreement hath the temple of God with idols? for ye are the temple of the living God; as God hath said, I will dwell in them, and walk in them; and I will be their God, and they shall by My people. Wherefore come out from among them, and be ye separate, saith the Lord, and touch not the unclean thing; and I will receive you, and will be a Father unto you, and ye shall be My sons and daughters, saith the Lord Almighty.&rdquo; [<span class=\"egwlink egwlink_bible\" title=\"2 Corinthians 6:14\" data-link=\"1965.58958\">2 Corinthians 6:14-18</span>.]",
    "puborder": 3366,
    "translations": []
  },
  {
    "para_id": "14054.3898008",
    "id_prev": "14054.3898007",
    "id_next": "14054.3898009",
    "refcode_1": "4LtMs",
    "refcode_2": "1",
    "refcode_3": "2257",
    "refcode_4": "1885100700",
    "refcode_short": "4LtMs, Ms 7, 1885, par. 2",
    "refcode_long": "Letters and Manuscripts — Volume 4 (1883 - 1886), Ms 7, 1885, par. 2",
    "element_type": "p",
    "element_subtype": "standard-indented",
    "content": "Never was there a time in earth&rsquo;s history when this warning was more appropriate than at the present time. Far too large a number of professed Christians are such only in name. They have no root in themselves. Their heart is filled with pride, impurity, unholy ambition, self-importance, and love of supremacy. These souls have an intelligent knowledge of the theory of the truth. They can prove their doctrines to be sound and scriptural, but they hold the truth in unrighteousness. By their course of action they deny the faith. Their hearts are not sanctified through the truth. They are unholy in heart and unchristlike in deportment. By word and action they testify that they do not possess the truth as it is in Jesus. Unless the Spirit and principles which characterize the life of Christ are planted in the heart, they cannot control the life. Unless the soul temple is cleansed from its defilement, unless there is purity of heart and earnest efforts made to meet the standard of God&rsquo;s Word, these persons will never be purified, they will never be fitted to be the companions of the pure and the holy. They will never wear the white linen which is the righteousness of the saints. The law of God must be written in the heart. The truth of God must illuminate the soul. Holiness, mercy, truth, love must be brought into the life.",
    "puborder": 3367,
    "translations": []
  },
  {
    "para_id": "14054.3898009",
    "id_prev": "14054.3898008",
    "id_next": "14054.3898010",
    "refcode_1": "4LtMs",
    "refcode_2": "1",
    "refcode_3": "2258",
    "refcode_4": "1885100700",
    "refcode_short": "4LtMs, Ms 7, 1885, par. 3",
    "refcode_long": "Letters and Manuscripts — Volume 4 (1883 - 1886), Ms 7, 1885, par. 3",
    "element_type": "p",
    "element_subtype": "standard-indented",
    "content": "There will always be in positions of trust men who have never overcome self. These Satan uses as decoys. They flatter the pleasure lover and court his approval by uniting with him. They determine not to obey the call, Come out, and be separate; and as a consequence, iniquity abounds. Anything is preferable in their sight to putting away the evil thing. They profess to believe the Word of God, but they do it not. With a knowledge of sacred truth before them, they cherish sin in their hearts. When the will of God is known and rejected, the heart becomes more hard, the conscience more unimpressionable, and ruin more sure, than if they had had no knowledge of the truth.",
    "puborder": 3368,
    "translations": []
  },
  {
    "para_id": "14054.3898010",
    "id_prev": "14054.3898009",
    "id_next": "14054.3898011",
    "refcode_1": "4LtMs",
    "refcode_2": "1",
    "refcode_3": "2259",
    "refcode_4": "1885100700",
    "refcode_short": "4LtMs, Ms 7, 1885, par. 4",
    "refcode_long": "Letters and Manuscripts — Volume 4 (1883 - 1886), Ms 7, 1885, par. 4",
    "element_type": "p",
    "element_subtype": "standard-indented",
    "content": "These men are not moved by the messages of warning. The terrors of the Lord have no lasting effect upon their mind. The love of Jesus reflected from the cross of Calvary may be presented vividly before them&mdash;His pity, His compassion for fallen man, which led Him to leave the royal courts and lay aside His robes of honor, for our sakes to became poor, that we through His poverty might be made rich. His life of self-denial and self-sacrifice may be brought before them; His entreaties, His invitations, His richest promises may be repeated to them; but the selfish heart is proof against them all. They feel that God&rsquo;s claims are arbitrary, and the truth finds no acceptance. Let there be more license, less constraint, pleads the carnal heart. The truth of the Bible has no power to cause these souls to turn from sin. The temple of the heart is used for idols. The indulgence of self, which keeps them in harmony with the world&rsquo;s customs and practices, has a controlling power upon their lives.",
    "puborder": 3369,
    "translations": []
  },
  {
    "para_id": "14054.3898011",
    "id_prev": "14054.3898010",
    "id_next": "14054.3898012",
    "refcode_1": "4LtMs",
    "refcode_2": "1",
    "refcode_3": "2260",
    "refcode_4": "1885100700",
    "refcode_short": "4LtMs, Ms 7, 1885, par. 5",
    "refcode_long": "Letters and Manuscripts — Volume 4 (1883 - 1886), Ms 7, 1885, par. 5",
    "element_type": "p",
    "element_subtype": "standard-indented",
    "content": "Over the lives of professed Christians, the power of God has but little control. Multitudes embrace the truth who have not its principles incorporated into their lives. Innumerable favors are bestowed upon them by the God of heaven without awakening in them one thought of gratitude in return. The love of Jesus is not a ruling principle in the soul and therefore cannot exercise a constraining power upon the life. These professors are all through our ranks and are connected with the institutions which God has established as instrumentalities through which His name shall be honored on the earth.",
    "puborder": 3370,
    "translations": []
  },
  {
    "para_id": "14054.3898012",
    "id_prev": "14054.3898011",
    "id_next": "14054.3898013",
    "refcode_1": "4LtMs",
    "refcode_2": "1",
    "refcode_3": "2261",
    "refcode_4": "1885100700",
    "refcode_short": "4LtMs, Ms 7, 1885, par. 6",
    "refcode_long": "Letters and Manuscripts — Volume 4 (1883 - 1886), Ms 7, 1885, par. 6",
    "element_type": "p",
    "element_subtype": "standard-indented",
    "content": "A partial surrender to truth gives free access for Satan to work. The heart is the soul temple; and until this is fully on the Lord&rsquo;s side, it is the stronghold of the enemy. His suggestions in the mind become mingled with the truth and are received as truth. This influence is leading souls away from the grand old waymarks into false paths. When the mind becomes thus confused, when right is considered unessential, and error is called truth, it is almost impossible to make these deceived souls see that it is the adversary that has confused their senses and polluted the soul temple. A tissue of lies is planted where truth and truth alone should be. The truth of God is a dead letter to them, and the Saviour&rsquo;s love is unknown. There is no heavenly impulse in their soul. Religion is a dead form. God is not in their thoughts.",
    "puborder": 3371,
    "translations": []
  },
  {
    "para_id": "14054.3898013",
    "id_prev": "14054.3898012",
    "id_next": "14054.3898014",
    "refcode_1": "4LtMs",
    "refcode_2": "1",
    "refcode_3": "2262",
    "refcode_4": "1885100700",
    "refcode_short": "4LtMs, Ms 7, 1885, par. 7",
    "refcode_long": "Letters and Manuscripts — Volume 4 (1883 - 1886), Ms 7, 1885, par. 7",
    "element_type": "p",
    "element_subtype": "standard-indented",
    "content": "&ldquo;Come out from among them, and be ye separate.&rdquo; [<span class=\"egwlink egwlink_bible\" title=\"2 Corinthians 6:17\" data-link=\"1965.58964\">Verse 17</span>.] Will we hear the voice of God and obey, or shall we make half-way work of the matter and try to serve God and mammon at the same time? Christ has placed before us the conditions of eternal life. &ldquo;Thou shalt love the Lord thy God,&rdquo; He says, &ldquo;with all thy heart, and with all thy soul, and with all thy strength, and with all thy mind; and thy neighbor as thyself.&rdquo; &ldquo;This do, and thou shalt live.&rdquo; [<span class=\"egwlink egwlink_bible\" title=\"Luke 10:27\" data-link=\"1965.51808\">Luke 10:27, 28</span>.] The servants who will hear from the lips of Christ, &ldquo;Well done, good and faithful servants&rdquo; [<span class=\"egwlink egwlink_bible\" title=\"Matthew 25:23\" data-link=\"1965.49059\">Matthew 25:23</span>], will be heroic ministers of righteousness, though they may never preach a discourse from the pulpit. Loyal to a sense of God&rsquo;s claims upon them, and jealous of the honor of their Captain, they will minister to the souls who are the purchase of His blood. They will see the necessity of carrying into their work a willing mind, an earnest spirit, and a hearty, unselfish zeal. They will not study how best they can preserve their own dignity, but by their care and thoughtfulness they win the hearts of those whom they serve. On every hand the agents of Satan will induce us to sin. But the soul who wills to love and fear God will be as firm as a rock to his heaven-inspired purpose. Like Daniel, he will refuse to be moved from his convictions of duty.",
    "puborder": 3372,
    "translations": []
  },
  {
    "para_id": "14054.3898014",
    "id_prev": "14054.3898013",
    "id_next": "14054.3898015",
    "refcode_1": "4LtMs",
    "refcode_2": "1",
    "refcode_3": "2263",
    "refcode_4": "1885100700",
    "refcode_short": "4LtMs, Ms 7, 1885, par. 8",
    "refcode_long": "Letters and Manuscripts — Volume 4 (1883 - 1886), Ms 7, 1885, par. 8",
    "element_type": "p",
    "element_subtype": "standard-indented",
    "content": "The apostle Paul urges upon us the advantages thus placed within our reach. &ldquo;Having therefore these promises, dearly beloved,&rdquo; he says, &ldquo;let us cleanse ourselves from all filthiness of the flesh and spirit, perfecting holiness in the fear of God.&rdquo; [<span class=\"egwlink egwlink_bible\" title=\"2 Corinthians 7:1\" data-link=\"1965.58969\">2 Corinthians 7:1</span>.] This is the work before us. We are to separate from the world in spirit and practice if we would become sons and daughters of God. &ldquo;I pray not,&rdquo; Christ said, &ldquo;that Thou shouldest take them out of the world, but that Thou shouldest keep them from the evil. They are not of the world, even as I am not of the world. Sanctify them through Thy truth; Thy word is truth.&rdquo; [<span class=\"egwlink egwlink_bible\" title=\"John 17:15\" data-link=\"1965.54608\">John 17:15-17</span>.]",
    "puborder": 3373,
    "translations": []
  },
  {
    "para_id": "14054.3898015",
    "id_prev": "14054.3898014",
    "id_next": "14054.3898016",
    "refcode_1": "4LtMs",
    "refcode_2": "1",
    "refcode_3": "2264",
    "refcode_4": "1885100700",
    "refcode_short": "4LtMs, Ms 7, 1885, par. 9",
    "refcode_long": "Letters and Manuscripts — Volume 4 (1883 - 1886), Ms 7, 1885, par. 9",
    "element_type": "p",
    "element_subtype": "standard-indented",
    "content": "There is earnest work before each one of us. Right thoughts, pure and holy purposes will not come to us naturally. These we must strive for in our institutions, our publishing houses and colleges especially. Pure and holy principles should take root. If our institutions are what God designed they should be, they will not pattern after any other in the land. They will stand as peculiar, governed and controlled by the Bible standard. They will not come into harmony with the principles of the world in order to gain patronage. No motives will have sufficient force to move them from the straight line of duty. Those who are under the control of the Spirit of God will not seek their own pleasure or amusement. If Christ presides in the hearts of the members of His church, they will answer to the call, &ldquo;Come out from among them, and be ye separate, and touch not the unclean thing.&rdquo; [<span class=\"egwlink egwlink_bible\" title=\"2 Corinthians 6:17\" data-link=\"1965.58964\">2 Corinthians 6:17</span>.] &ldquo;Partake not of her sin.&rdquo; [<span class=\"egwlink egwlink_bible\" title=\"Revelation 18:4\" data-link=\"1965.63248\">Revelation 18:4</span>.]",
    "puborder": 3374,
    "translations": []
  },
  {
    "para_id": "14054.3898016",
    "id_prev": "14054.3898015",
    "id_next": "14054.4140001",
    "refcode_1": "4LtMs",
    "refcode_2": "1",
    "refcode_3": "2265",
    "refcode_4": "1885100700",
    "refcode_short": "4LtMs, Ms 7, 1885, par. 10",
    "refcode_long": "Letters and Manuscripts — Volume 4 (1883 - 1886), Ms 7, 1885, par. 10",
    "element_type": "p",
    "element_subtype": "standard-indented",
    "content": "God has a work for His faithful sentinels to do in standing in defense of the truth. They are to warn and entreat, showing their faith by their works. They are to stand as did Noah, in noble, whole-souled fidelity, their characters untarnished by the evil around them. They are to be saviours of men, as was their Master. The worker who thus stands true to his trust will be exposed to hatred and reproach. False accusations will be brought against him to drag him from his high position. But this soul has his foundation upon the Rock, and he remains unmoved, warning, entreating, rebuking sin and pleasure-loving by his own moral rectitude and circumspect life.",
    "puborder": 3375,
    "translations": []
  }
]