[
  {
    "para_id": "14054.4652001",
    "id_prev": "14054.13481003",
    "id_next": "14054.4652004",
    "refcode_1": "4LtMs",
    "refcode_2": "1",
    "refcode_3": "",
    "refcode_4": "1886000500",
    "refcode_short": "4LtMs, Lt 5, 1886",
    "refcode_long": "Letters and Manuscripts — Volume 4 (1883 - 1886), Lt 5, 1886",
    "element_type": "h4",
    "element_subtype": "",
    "content": "Lt 5, 1886",
    "puborder": 4749,
    "translations": []
  },
  {
    "para_id": "14054.4652004",
    "id_prev": "14054.4652001",
    "id_next": "14054.4652002",
    "refcode_1": "4LtMs",
    "refcode_2": "1",
    "refcode_3": "",
    "refcode_4": "1886000500",
    "refcode_short": "",
    "refcode_long": "",
    "element_type": "p",
    "element_subtype": "ltaddressee",
    "content": "Oviatt, Brother",
    "puborder": 4750,
    "translations": []
  },
  {
    "para_id": "14054.4652002",
    "id_prev": "14054.4652004",
    "id_next": "14054.4652003",
    "refcode_1": "4LtMs",
    "refcode_2": "1",
    "refcode_3": "",
    "refcode_4": "1886000500",
    "refcode_short": "",
    "refcode_long": "",
    "element_type": "p",
    "element_subtype": "ltplace",
    "content": "<span class=\"ltplace\" value=\"Basel, Switzerland\">Basel, Switzerland</span>",
    "puborder": 4751,
    "translations": []
  },
  {
    "para_id": "14054.4652003",
    "id_prev": "14054.4652002",
    "id_next": "14054.4652005",
    "refcode_1": "4LtMs",
    "refcode_2": "1",
    "refcode_3": "",
    "refcode_4": "1886000500",
    "refcode_short": "",
    "refcode_long": "",
    "element_type": "p",
    "element_subtype": "ltdate",
    "content": "<span class=\"ltdate\" start=\"September 9, 1886\">September 9, 1886</span>",
    "puborder": 4752,
    "translations": []
  },
  {
    "para_id": "14054.4652005",
    "id_prev": "14054.4652003",
    "id_next": "14054.4652025",
    "refcode_1": "4LtMs",
    "refcode_2": "1",
    "refcode_3": "",
    "refcode_4": "1886000500",
    "refcode_short": "",
    "refcode_long": "",
    "element_type": "p",
    "element_subtype": "ltpubinfo",
    "content": "This letter is published in entirety in <span class=\"egwlink egwlink_book\" title=\"17MR 140\" data-link=\"63.770\">17MR 140-145</span>.",
    "puborder": 4753,
    "translations": []
  },
  {
    "para_id": "14054.4652025",
    "id_prev": "14054.4652005",
    "id_next": "14054.4652006",
    "refcode_1": "4LtMs",
    "refcode_2": "1",
    "refcode_3": "",
    "refcode_4": "1886000500",
    "refcode_short": "",
    "refcode_long": "",
    "element_type": "p",
    "element_subtype": "ltaddress",
    "content": "Elder Oviatt",
    "puborder": 4754,
    "translations": []
  },
  {
    "para_id": "14054.4652006",
    "id_prev": "14054.4652025",
    "id_next": "14054.4652007",
    "refcode_1": "4LtMs",
    "refcode_2": "1",
    "refcode_3": "",
    "refcode_4": "1886000500",
    "refcode_short": "",
    "refcode_long": "",
    "element_type": "p",
    "element_subtype": "ltsalutation",
    "content": "My brother and fellow laborer:",
    "puborder": 4755,
    "translations": []
  },
  {
    "para_id": "14054.4652007",
    "id_prev": "14054.4652006",
    "id_next": "14054.4652008",
    "refcode_1": "4LtMs",
    "refcode_2": "1",
    "refcode_3": "3116",
    "refcode_4": "1886000500",
    "refcode_short": "4LtMs, Lt 5, 1886, par. 1",
    "refcode_long": "Letters and Manuscripts — Volume 4 (1883 - 1886), Lt 5, 1886, par. 1",
    "element_type": "p",
    "element_subtype": "standard-indented",
    "content": "For two nights I have not been able to sleep many hours. About two a.m. I have been awakened greatly burdened, and after devoting some time to prayer, have attempted to write.",
    "puborder": 4756,
    "translations": []
  },
  {
    "para_id": "14054.4652008",
    "id_prev": "14054.4652007",
    "id_next": "14054.4652009",
    "refcode_1": "4LtMs",
    "refcode_2": "1",
    "refcode_3": "3117",
    "refcode_4": "1886000500",
    "refcode_short": "4LtMs, Lt 5, 1886, par. 2",
    "refcode_long": "Letters and Manuscripts — Volume 4 (1883 - 1886), Lt 5, 1886, par. 2",
    "element_type": "p",
    "element_subtype": "standard-indented",
    "content": "Your case with many others has been before me. Several years ago I was shown that your danger was very great on account of your attentions to other women besides your wife. You have indulged your own inclinations in this direction, and you stand guilty before God. The root of the whole matter is unchaste thoughts are entertained which lead to improper attentions and advances, then to improper actions. All this is bad enough in men who have only a common work to do, but it is a hundredfold worse in those who have accepted sacred positions of trust.",
    "puborder": 4757,
    "translations": []
  },
  {
    "para_id": "14054.4652009",
    "id_prev": "14054.4652008",
    "id_next": "14054.4652010",
    "refcode_1": "4LtMs",
    "refcode_2": "1",
    "refcode_3": "3118",
    "refcode_4": "1886000500",
    "refcode_short": "4LtMs, Lt 5, 1886, par. 3",
    "refcode_long": "Letters and Manuscripts — Volume 4 (1883 - 1886), Lt 5, 1886, par. 3",
    "element_type": "p",
    "element_subtype": "standard-indented",
    "content": "I have in your presence dwelt particularly upon the importance of abstaining from the very appearance of evil. I have presented in your hearing the special temptations of the enemy, thinking to arouse your consciousness that you would barricade your soul against the temptations of the enemy. I have written especially upon the dangers of young men&rsquo;s, and also of married men&rsquo;s, showing special attention to young ladies and to other men&rsquo;s wives. When crossing the ocean on my way to Europe, I was mightily stirred and wrote out special warnings. This was in your behalf as well as for others. It was to stop your downward course, that you should in the strength of Israel&rsquo;s God arise and be a man, not a plaything for the devil.",
    "puborder": 4758,
    "translations": []
  },
  {
    "para_id": "14054.4652010",
    "id_prev": "14054.4652009",
    "id_next": "14054.4652011",
    "refcode_1": "4LtMs",
    "refcode_2": "1",
    "refcode_3": "3119",
    "refcode_4": "1886000500",
    "refcode_short": "4LtMs, Lt 5, 1886, par. 4",
    "refcode_long": "Letters and Manuscripts — Volume 4 (1883 - 1886), Lt 5, 1886, par. 4",
    "element_type": "p",
    "element_subtype": "standard-indented",
    "content": "I was shown that in consequence of temptations you could not lift up holy hands without wrath and doubting. Your thoughts and actions crippled your endeavors; your earthliness and sensual thoughts dwarfed your spiritual growth. You are far from being the man God would have you to be, and you fail to qualify yourself for the work you might do because your thoughts are not pure, but tainted and corrupt. Some things were shown me that are open to the eye that never slumbers or sleeps. This is written in the books of heaven, and in a little time your case will be decided, whether your name shall be blotted out from the book of life or not. It certainly will be, unless you are a converted man and humble your soul before God and confess your sins and turn unto the Lord with your whole heart and purge from you every impure thought and corrupt action. Says the &lt;True&gt; Witness, &ldquo;I know thy works.&rdquo; [<span class=\"egwlink egwlink_bible\" title=\"Revelation 3:15\" data-link=\"1965.62761\">Revelation 3:15</span>.] Do not attempt to teach the people until you are a changed man; until you have in humble penitence sought the Lord with true contrition of soul and have a new heart.",
    "puborder": 4759,
    "translations": []
  },
  {
    "para_id": "14054.4652011",
    "id_prev": "14054.4652010",
    "id_next": "14054.4652012",
    "refcode_1": "4LtMs",
    "refcode_2": "1",
    "refcode_3": "3120",
    "refcode_4": "1886000500",
    "refcode_short": "4LtMs, Lt 5, 1886, par. 5",
    "refcode_long": "Letters and Manuscripts — Volume 4 (1883 - 1886), Lt 5, 1886, par. 5",
    "element_type": "p",
    "element_subtype": "standard-indented",
    "content": "I was shown that Satan would make his temptations strong to corrupt the ministers who are teaching the binding claims of the law of God. If he can tarnish the virtue, confuse the sense of purity and holiness, if he can insinuate himself into their thoughts, suggest and plan for them to sin in thought and deed against God, then their defense is gone; they have separated themselves from God; they have not the power and spirit of God with them, and the sacred message of truth they bear to the people is not blessed of God; the seed is not watered and the increase is not realized. What you need, my brother, is a pure and holy heart. Cease at once from attempting to teach the truth until you know that in the strength of God you can overcome lust.",
    "puborder": 4760,
    "translations": []
  },
  {
    "para_id": "14054.4652012",
    "id_prev": "14054.4652011",
    "id_next": "14054.4652013",
    "refcode_1": "4LtMs",
    "refcode_2": "1",
    "refcode_3": "3121",
    "refcode_4": "1886000500",
    "refcode_short": "4LtMs, Lt 5, 1886, par. 6",
    "refcode_long": "Letters and Manuscripts — Volume 4 (1883 - 1886), Lt 5, 1886, par. 6",
    "element_type": "p",
    "element_subtype": "standard-indented",
    "content": "If your mind had been, in the years you have professed to be a child of God, educated and taxed to dwell upon Jesus, to pray when traveling on the cars, when walking in the streets, and wherever you were, and had you been binding about your thoughts and teaching them to dwell upon pure and holy things, I should not have to address you as I do today. The Lord must be in all your thoughts, but this work is strangely neglected.",
    "puborder": 4761,
    "translations": []
  },
  {
    "para_id": "14054.4652013",
    "id_prev": "14054.4652012",
    "id_next": "14054.4652014",
    "refcode_1": "4LtMs",
    "refcode_2": "1",
    "refcode_3": "3122",
    "refcode_4": "1886000500",
    "refcode_short": "4LtMs, Lt 5, 1886, par. 7",
    "refcode_long": "Letters and Manuscripts — Volume 4 (1883 - 1886), Lt 5, 1886, par. 7",
    "element_type": "p",
    "element_subtype": "standard-indented",
    "content": "There are some of our ministers who are engaged in active service who have some sense of the importance of the work, but there is a large number who are handling sacred truth about as they would engage in any common business. They have not been refined, ennobled, sanctified by the truth. They have not advanced step by step, growing in grace and the knowledge of Jesus Christ. They have not real genuine faith in taking God at His word. They have not gone on from strength to a greater strength.",
    "puborder": 4762,
    "translations": []
  },
  {
    "para_id": "14054.4652014",
    "id_prev": "14054.4652013",
    "id_next": "14054.4652015",
    "refcode_1": "4LtMs",
    "refcode_2": "1",
    "refcode_3": "3123",
    "refcode_4": "1886000500",
    "refcode_short": "4LtMs, Lt 5, 1886, par. 8",
    "refcode_long": "Letters and Manuscripts — Volume 4 (1883 - 1886), Lt 5, 1886, par. 8",
    "element_type": "p",
    "element_subtype": "standard-indented",
    "content": "They have not increased in ability, but kept up the same low tone of efficiency. They have not become able men in the Scriptures, mighty men in God, and yet every privilege has been within their reach. The cause of God has not been glorified by their tame, spiritless, Christless work. These have done great injury to the truth, and why? Because the heart is not cleansed. They have not a new, clean heart, but a heart that is open to the temptations of Satan. Such can never lead the people to the true, pure fountain of living waters. They may make others acquainted with the reasons of our faith, but it will be impossible for them to do the work which a true shepherd of the flock will do, to &ldquo;feed the flock of God.&rdquo; [<span class=\"egwlink egwlink_bible\" title=\"1 Peter 5:2\" data-link=\"1965.62153\">1 Peter 5:2</span>.]",
    "puborder": 4763,
    "translations": []
  },
  {
    "para_id": "14054.4652015",
    "id_prev": "14054.4652014",
    "id_next": "14054.4652016",
    "refcode_1": "4LtMs",
    "refcode_2": "1",
    "refcode_3": "3124",
    "refcode_4": "1886000500",
    "refcode_short": "4LtMs, Lt 5, 1886, par. 9",
    "refcode_long": "Letters and Manuscripts — Volume 4 (1883 - 1886), Lt 5, 1886, par. 9",
    "element_type": "p",
    "element_subtype": "standard-indented",
    "content": "Not by constraint, but willingly; not for filthy lucre, but of a ready mind; neither as being Lords over God&rsquo;s heritage, but being ensamples to the flock. &ldquo;And when the chief Shepherd shall appear, ye shall receive a crown of glory that passeth not away. Likewise, ye younger, submit yourselves unto the elder. Yea, all of you be subject one to another, and be clothed with humility: for God resisteth the proud, and giveth grace to the humble. Humble yourselves therefore under the mighty hand of God, that He may exalt you in due time: casting all your care upon Him; for He careth for you. Be sober, be vigilant, because your adversary the devil, as a roaring lion, walketh about, seeking whom he may devour: whom resist steadfast in the faith, knowing that the same afflictions are accomplished in your brethren that are in the world. But the God of all grace, who hath called us to His eternal glory by Christ Jesus, after that ye have suffered a while, make you perfect, stablish, strengthen, settle you.&rdquo; [<span class=\"egwlink egwlink_bible\" title=\"1 Peter 5:4\" data-link=\"1965.62157\">Verses 4-10</span>.]",
    "puborder": 4764,
    "translations": []
  },
  {
    "para_id": "14054.4652016",
    "id_prev": "14054.4652015",
    "id_next": "14054.4652017",
    "refcode_1": "4LtMs",
    "refcode_2": "1",
    "refcode_3": "3125",
    "refcode_4": "1886000500",
    "refcode_short": "4LtMs, Lt 5, 1886, par. 10",
    "refcode_long": "Letters and Manuscripts — Volume 4 (1883 - 1886), Lt 5, 1886, par. 10",
    "element_type": "p",
    "element_subtype": "standard-indented",
    "content": "We must awaken to our God-given responsibilities. Your adversary the devil is intensely active, represented like a roaring lion, and we must be wide-awake and not ignorant of his devices. We shall surely be overcome by Satan&rsquo;s devices unless our hearts, our minds, our wills, are in complete subjection to the will of Christ. We shall surely fail of salvation unless the natural elements in our character, the discordant elements, are brought daily and hourly into unity with Christ&rsquo;s character. Unruly, debasing tendencies and passions cannot reign in the heart controlled by the Spirit of Christ. There are many who have never submitted their will and way fully without any reserve to Jesus Christ.",
    "puborder": 4765,
    "translations": []
  },
  {
    "para_id": "14054.4652017",
    "id_prev": "14054.4652016",
    "id_next": "14054.4652018",
    "refcode_1": "4LtMs",
    "refcode_2": "1",
    "refcode_3": "3126",
    "refcode_4": "1886000500",
    "refcode_short": "4LtMs, Lt 5, 1886, par. 11",
    "refcode_long": "Letters and Manuscripts — Volume 4 (1883 - 1886), Lt 5, 1886, par. 11",
    "element_type": "p",
    "element_subtype": "standard-indented",
    "content": "There need to be far more lessons in the ministry of the Word of true conversion than of the arguments of the doctrines, for it is far easier and more natural for the heart that is not under the control of the Spirit of Christ to choose doctrinal subjects rather than the practical. There are many Christless discourses given no more acceptable to God than was the offering of Cain. They are not in harmony with God.",
    "puborder": 4766,
    "translations": []
  },
  {
    "para_id": "14054.4652018",
    "id_prev": "14054.4652017",
    "id_next": "14054.4652019",
    "refcode_1": "4LtMs",
    "refcode_2": "1",
    "refcode_3": "3127",
    "refcode_4": "1886000500",
    "refcode_short": "4LtMs, Lt 5, 1886, par. 12",
    "refcode_long": "Letters and Manuscripts — Volume 4 (1883 - 1886), Lt 5, 1886, par. 12",
    "element_type": "p",
    "element_subtype": "standard-indented",
    "content": "The Lord calls upon you, my brother, to step down from the work, leave the walls of Zion, or be a converted man. When your own heart is sanctified through the truth, there will be in it no moral defilement. It will now require a most desperate resistance upon your part to unholy suggestions because your soul is tainted with spiritual malaria. You have breathed a satanic atmosphere. You have not been a man in the sight of God. When your mind should have been growing, your ideas elevated, and your plans and labors broadened, you have been growing less and less efficient as a worker, because God is not blessing your efforts.",
    "puborder": 4767,
    "translations": []
  },
  {
    "para_id": "14054.4652019",
    "id_prev": "14054.4652018",
    "id_next": "14054.4652020",
    "refcode_1": "4LtMs",
    "refcode_2": "1",
    "refcode_3": "3128",
    "refcode_4": "1886000500",
    "refcode_short": "4LtMs, Lt 5, 1886, par. 13",
    "refcode_long": "Letters and Manuscripts — Volume 4 (1883 - 1886), Lt 5, 1886, par. 13",
    "element_type": "p",
    "element_subtype": "standard-indented",
    "content": "The perversion of our gifts, or their degradations to unworthy ends, is a crime in the sight of God; and yet this is constantly prevailing. The man who has capabilities for usefulness and employs all that is winning and attractive to destroy others, to lead them astray, to bring them to a brackish, poison fountain, to quench his thirst, rather than bringing them to Christ, is doing the devil&rsquo;s work. There are many who profess to believe the truth who are corrupt in morals and who tarnish the purity in thoughts and impulses of others, who ruin souls under the pretense of saving souls, who utter words to the unwary, Satan speaking through them as he spoke through the serpent when he tempted Eve.",
    "puborder": 4768,
    "translations": []
  },
  {
    "para_id": "14054.4652020",
    "id_prev": "14054.4652019",
    "id_next": "14054.4652021",
    "refcode_1": "4LtMs",
    "refcode_2": "1",
    "refcode_3": "3129",
    "refcode_4": "1886000500",
    "refcode_short": "4LtMs, Lt 5, 1886, par. 14",
    "refcode_long": "Letters and Manuscripts — Volume 4 (1883 - 1886), Lt 5, 1886, par. 14",
    "element_type": "p",
    "element_subtype": "standard-indented",
    "content": "For all such there is a terrible retribution. They will reap that which they have sown. It is a terrible thing to use God&rsquo;s entrusted gifts lent to bless the world and perverted in their use, leaving a blight, a woe, a curse, instead of a blessing. But I have written largely upon this as you have seen in different forms.",
    "puborder": 4769,
    "translations": []
  },
  {
    "para_id": "14054.4652021",
    "id_prev": "14054.4652020",
    "id_next": "14054.4652022",
    "refcode_1": "4LtMs",
    "refcode_2": "1",
    "refcode_3": "3130",
    "refcode_4": "1886000500",
    "refcode_short": "4LtMs, Lt 5, 1886, par. 15",
    "refcode_long": "Letters and Manuscripts — Volume 4 (1883 - 1886), Lt 5, 1886, par. 15",
    "element_type": "p",
    "element_subtype": "standard-indented",
    "content": "And again I say, &ldquo;Seek the Lord while He may be found, call ye upon Him while He is nigh. Let the wicked forsake his way, and the unrighteous man his thoughts, let him return unto the Lord and He will have mercy upon him, and to our God for He will abundantly pardon.&rdquo; [<span class=\"egwlink egwlink_bible\" title=\"Isaiah 55:6\" data-link=\"1965.38252\">Isaiah 55:6, 7</span>.] Go to work and confess your sins before God, seek God for you know but very little of this kind of work. Put your thoughts to work upon pure, holy subjects; tax your powers; send your supplications to heaven in earnest contrition of soul; let your conversation, your thoughts, your deportment be in harmony with the holy faith you claim to be defending.",
    "puborder": 4770,
    "translations": []
  },
  {
    "para_id": "14054.4652022",
    "id_prev": "14054.4652021",
    "id_next": "14054.4652023",
    "refcode_1": "4LtMs",
    "refcode_2": "1",
    "refcode_3": "3131",
    "refcode_4": "1886000500",
    "refcode_short": "4LtMs, Lt 5, 1886, par. 16",
    "refcode_long": "Letters and Manuscripts — Volume 4 (1883 - 1886), Lt 5, 1886, par. 16",
    "element_type": "p",
    "element_subtype": "standard-indented",
    "content": "And when all like yourself shall repent and find the pardoning love of God, we shall see that God will work in a wonderful manner with His people. Sinners will be converted, backsliders will be reclaimed.",
    "puborder": 4771,
    "translations": []
  },
  {
    "para_id": "14054.4652023",
    "id_prev": "14054.4652022",
    "id_next": "14054.4652024",
    "refcode_1": "4LtMs",
    "refcode_2": "1",
    "refcode_3": "3132",
    "refcode_4": "1886000500",
    "refcode_short": "4LtMs, Lt 5, 1886, par. 17",
    "refcode_long": "Letters and Manuscripts — Volume 4 (1883 - 1886), Lt 5, 1886, par. 17",
    "element_type": "p",
    "element_subtype": "standard-indented",
    "content": "I leave these lines with you. I had hoped that the great light shining from the Word of God would have been accepted, brought into your religious life, and you become a true, sincere Christian, doing the will of God from the heart. But I have been urged by the Spirit of the Lord to write you. The work must go forward. Everything impure must become pure and holy, or be purged from our hands; for all that is earthly, sensual, devilish is a stumbling block to others and a curse to the cause of God.",
    "puborder": 4772,
    "translations": []
  },
  {
    "para_id": "14054.4652024",
    "id_prev": "14054.4652023",
    "id_next": "14054.4149001",
    "refcode_1": "4LtMs",
    "refcode_2": "1",
    "refcode_3": "3133",
    "refcode_4": "1886000500",
    "refcode_short": "4LtMs, Lt 5, 1886, par. 18",
    "refcode_long": "Letters and Manuscripts — Volume 4 (1883 - 1886), Lt 5, 1886, par. 18",
    "element_type": "p",
    "element_subtype": "standard-indented",
    "content": "The sooner the ranks are purged from all this class, the more surely shall we see the salvation of God and the power of the truth in our midst. It is because we are loaded down with those who have &lt;not&gt; been partakers of the divine nature, who have failed to escape the corruption that is in the world through lust, that we have so much weakness and feebleness in our midst. We must arouse. We must cleanse the camp of Israel of its moral defilement.",
    "puborder": 4773,
    "translations": []
  }
]