[
  {
    "para_id": "14054.4473001",
    "id_prev": "14054.4360032",
    "id_next": "14054.4473004",
    "refcode_1": "4LtMs",
    "refcode_2": "1",
    "refcode_3": "",
    "refcode_4": "1886106100",
    "refcode_short": "4LtMs, Ms 61, 1886",
    "refcode_long": "Letters and Manuscripts — Volume 4 (1883 - 1886), Ms 61, 1886",
    "element_type": "h4",
    "element_subtype": "",
    "content": "Ms 61, 1886",
    "puborder": 8558,
    "translations": []
  },
  {
    "para_id": "14054.4473004",
    "id_prev": "14054.4473001",
    "id_next": "14054.4473002",
    "refcode_1": "4LtMs",
    "refcode_2": "1",
    "refcode_3": "",
    "refcode_4": "1886106100",
    "refcode_short": "",
    "refcode_long": "",
    "element_type": "p",
    "element_subtype": "mstitle",
    "content": "Diary, January - March 1886",
    "puborder": 8559,
    "translations": []
  },
  {
    "para_id": "14054.4473002",
    "id_prev": "14054.4473004",
    "id_next": "14054.4473003",
    "refcode_1": "4LtMs",
    "refcode_2": "1",
    "refcode_3": "",
    "refcode_4": "1886106100",
    "refcode_short": "",
    "refcode_long": "",
    "element_type": "p",
    "element_subtype": "msplace",
    "content": "<span class=\"msplace\" value=\"Basel, Switzerland\">Basel, Switzerland</span>",
    "puborder": 8560,
    "translations": []
  },
  {
    "para_id": "14054.4473003",
    "id_prev": "14054.4473002",
    "id_next": "14054.4473005",
    "refcode_1": "4LtMs",
    "refcode_2": "1",
    "refcode_3": "",
    "refcode_4": "1886106100",
    "refcode_short": "",
    "refcode_long": "",
    "element_type": "p",
    "element_subtype": "msdate",
    "content": "<span class=\"msdate\" start=\"January 1, 1886\" end=\"March 21, 1886\">January 1 - March 21, 1886</span>",
    "puborder": 8561,
    "translations": []
  },
  {
    "para_id": "14054.4473005",
    "id_prev": "14054.4473003",
    "id_next": "14054.4473006",
    "refcode_1": "4LtMs",
    "refcode_2": "1",
    "refcode_3": "",
    "refcode_4": "1886106100",
    "refcode_short": "",
    "refcode_long": "",
    "element_type": "p",
    "element_subtype": "mspubinfo",
    "content": "Portions of this manuscript are published in <span class=\"egwlink egwlink_book\" title=\"EGWE 148\" data-link=\"669.988\">EGWE 148</span>.",
    "puborder": 8562,
    "translations": []
  },
  {
    "para_id": "14054.4473006",
    "id_prev": "14054.4473005",
    "id_next": "14054.4473007",
    "refcode_1": "4LtMs",
    "refcode_2": "1",
    "refcode_3": "",
    "refcode_4": "1886106100",
    "refcode_short": "4LtMs, Ms 61, 1886",
    "refcode_long": "Letters and Manuscripts — Volume 4 (1883 - 1886), Ms 61, 1886",
    "element_type": "h5",
    "element_subtype": "",
    "content": "Labors in Switzerland&mdash;No. 4",
    "puborder": 8563,
    "translations": []
  },
  {
    "para_id": "14054.4473007",
    "id_prev": "14054.4473006",
    "id_next": "14054.4473008",
    "refcode_1": "4LtMs",
    "refcode_2": "1",
    "refcode_3": "",
    "refcode_4": "1886106100",
    "refcode_short": "",
    "refcode_long": "",
    "element_type": "p",
    "element_subtype": "msdate",
    "content": "New Year&rsquo;s Morning, <span class=\"msdate\" start=\"January 1, 1886\">January 1, 1886</span>",
    "puborder": 8564,
    "translations": []
  },
  {
    "para_id": "14054.4473008",
    "id_prev": "14054.4473007",
    "id_next": "14054.4473009",
    "refcode_1": "4LtMs",
    "refcode_2": "1",
    "refcode_3": "",
    "refcode_4": "1886106100",
    "refcode_short": "",
    "refcode_long": "",
    "element_type": "p",
    "element_subtype": "msplace",
    "content": "<span class=\"msplace\" value=\"Basel, Switzerland\">Basel</span>",
    "puborder": 8565,
    "translations": []
  },
  {
    "para_id": "14054.4473009",
    "id_prev": "14054.4473008",
    "id_next": "14054.4473010",
    "refcode_1": "4LtMs",
    "refcode_2": "1",
    "refcode_3": "5746",
    "refcode_4": "1886106100",
    "refcode_short": "4LtMs, Ms 61, 1886, par. 1",
    "refcode_long": "Letters and Manuscripts — Volume 4 (1883 - 1886), Ms 61, 1886, par. 1",
    "element_type": "p",
    "element_subtype": "standard-indented",
    "content": "We have a cloudy morning. Light fall of snow. Clear before noon. It is bright sunshine. We make no provision for New Year&rsquo;s. Have written thirty pages of note paper today.",
    "puborder": 8566,
    "translations": []
  },
  {
    "para_id": "14054.4473010",
    "id_prev": "14054.4473009",
    "id_next": "14054.4473011",
    "refcode_1": "4LtMs",
    "refcode_2": "1",
    "refcode_3": "",
    "refcode_4": "1886106100",
    "refcode_short": "",
    "refcode_long": "",
    "element_type": "p",
    "element_subtype": "msdate",
    "content": "<span class=\"msdate\" start=\"January 2, 1886\">January 2, 1886</span>",
    "puborder": 8567,
    "translations": []
  },
  {
    "para_id": "14054.4473011",
    "id_prev": "14054.4473010",
    "id_next": "14054.4473012",
    "refcode_1": "4LtMs",
    "refcode_2": "1",
    "refcode_3": "",
    "refcode_4": "1886106100",
    "refcode_short": "",
    "refcode_long": "",
    "element_type": "p",
    "element_subtype": "msplace",
    "content": "<span class=\"msplace\" value=\"Basel, Switzerland\">Basel</span>",
    "puborder": 8568,
    "translations": []
  },
  {
    "para_id": "14054.4473012",
    "id_prev": "14054.4473011",
    "id_next": "14054.4473013",
    "refcode_1": "4LtMs",
    "refcode_2": "1",
    "refcode_3": "5747",
    "refcode_4": "1886106100",
    "refcode_short": "4LtMs, Ms 61, 1886, par. 2",
    "refcode_long": "Letters and Manuscripts — Volume 4 (1883 - 1886), Ms 61, 1886, par. 2",
    "element_type": "p",
    "element_subtype": "standard-indented",
    "content": "I have had a singular dream last night. I thought I was attending meeting in a new place. A lady introduced her husband as a doctor. As soon as the introduction was ended, I saw, directly opposite me, W. C. White looking so natural, but very serious, I thought. I turned to those around me and said, &ldquo;It is Willie White risen from the dead.&rdquo; I embraced him and kissed him. Said I, &ldquo;W. C., you have come a long journey.&rdquo; &ldquo;Yes,&rdquo; he said, &ldquo;but I must return.&rdquo; &ldquo;How did you get up here?&rdquo; Said he, &ldquo;The doctor brought me in his carriage.&rdquo; I turned to the friends. Said I, &ldquo;What a wonderful miracle is this!&rdquo; Willie said, &ldquo;Mother, I have a message for you. I would like to see you alone.&rdquo; I went to find a place of retirement, but I could not find Willie; and while searching the house, he was gone.",
    "puborder": 8569,
    "translations": []
  },
  {
    "para_id": "14054.4473013",
    "id_prev": "14054.4473012",
    "id_next": "14054.4473014",
    "refcode_1": "4LtMs",
    "refcode_2": "1",
    "refcode_3": "5748",
    "refcode_4": "1886106100",
    "refcode_short": "4LtMs, Ms 61, 1886, par. 3",
    "refcode_long": "Letters and Manuscripts — Volume 4 (1883 - 1886), Ms 61, 1886, par. 3",
    "element_type": "p",
    "element_subtype": "standard-indented",
    "content": "This morning Kristine came into my room very early and wished to talk with me. She stated she wished to be a Christian and to be baptized today. Oh, how thankful I felt that she had strength to do this&mdash;to identify herself with the people of God.",
    "puborder": 8570,
    "translations": []
  },
  {
    "para_id": "14054.4473014",
    "id_prev": "14054.4473013",
    "id_next": "14054.4473015",
    "refcode_1": "4LtMs",
    "refcode_2": "1",
    "refcode_3": "",
    "refcode_4": "1886106100",
    "refcode_short": "",
    "refcode_long": "",
    "element_type": "p",
    "element_subtype": "msdate",
    "content": "<span class=\"msdate\" start=\"January 2, 1886\">January 2, 1886</span>",
    "puborder": 8571,
    "translations": []
  },
  {
    "para_id": "14054.4473015",
    "id_prev": "14054.4473014",
    "id_next": "14054.4473016",
    "refcode_1": "4LtMs",
    "refcode_2": "1",
    "refcode_3": "",
    "refcode_4": "1886106100",
    "refcode_short": "",
    "refcode_long": "",
    "element_type": "p",
    "element_subtype": "msplace",
    "content": "<span class=\"msplace\" value=\"Basel, Switzerland\">Basel</span>",
    "puborder": 8572,
    "translations": []
  },
  {
    "para_id": "14054.4473016",
    "id_prev": "14054.4473015",
    "id_next": "14054.4473017",
    "refcode_1": "4LtMs",
    "refcode_2": "1",
    "refcode_3": "5749",
    "refcode_4": "1886106100",
    "refcode_short": "4LtMs, Ms 61, 1886, par. 4",
    "refcode_long": "Letters and Manuscripts — Volume 4 (1883 - 1886), Ms 61, 1886, par. 4",
    "element_type": "p",
    "element_subtype": "standard-indented",
    "content": "It is rather unpleasant and cool today. Meetings were held as usual. Sabbath School in forenoon. I spoke to those assembled at half-past ten from <span class=\"egwlink egwlink_bible\" title=\"John 5:28\" data-link=\"1965.53524\">John 5:28, 29</span>. I was followed by two interpreters, German and French.",
    "puborder": 8573,
    "translations": []
  },
  {
    "para_id": "14054.4473017",
    "id_prev": "14054.4473016",
    "id_next": "14054.4473018",
    "refcode_1": "4LtMs",
    "refcode_2": "1",
    "refcode_3": "5750",
    "refcode_4": "1886106100",
    "refcode_short": "4LtMs, Ms 61, 1886, par. 5",
    "refcode_long": "Letters and Manuscripts — Volume 4 (1883 - 1886), Ms 61, 1886, par. 5",
    "element_type": "p",
    "element_subtype": "standard-indented",
    "content": "In the afternoon two were baptized. One was Kristine Dahl, a young girl living in our family. She came with me from Christiania, Norway. Her mother and sister, living in Norway, both believe with us and both were very anxious for Kristine, that she should believe the truth. She has now taken her stand and prays with us at the family altar. We all read at family prayers, some of us read in English. Mary in French.",
    "puborder": 8574,
    "translations": []
  },
  {
    "para_id": "14054.4473018",
    "id_prev": "14054.4473017",
    "id_next": "14054.4473019",
    "refcode_1": "4LtMs",
    "refcode_2": "1",
    "refcode_3": "5751",
    "refcode_4": "1886106100",
    "refcode_short": "4LtMs, Ms 61, 1886, par. 6",
    "refcode_long": "Letters and Manuscripts — Volume 4 (1883 - 1886), Ms 61, 1886, par. 6",
    "element_type": "p",
    "element_subtype": "standard-indented",
    "content": "The sacrament was administered in the afternoon. After a discourse on baptism, three were immersed, and then followed the ordinances. We received several letters from America.",
    "puborder": 8575,
    "translations": []
  },
  {
    "para_id": "14054.4473019",
    "id_prev": "14054.4473018",
    "id_next": "14054.4473020",
    "refcode_1": "4LtMs",
    "refcode_2": "1",
    "refcode_3": "",
    "refcode_4": "1886106100",
    "refcode_short": "",
    "refcode_long": "",
    "element_type": "p",
    "element_subtype": "msdate",
    "content": "<span class=\"msdate\" start=\"January 4, 1886\">January 4, 1886</span>",
    "puborder": 8576,
    "translations": []
  },
  {
    "para_id": "14054.4473020",
    "id_prev": "14054.4473019",
    "id_next": "14054.4473021",
    "refcode_1": "4LtMs",
    "refcode_2": "1",
    "refcode_3": "",
    "refcode_4": "1886106100",
    "refcode_short": "",
    "refcode_long": "",
    "element_type": "p",
    "element_subtype": "msplace",
    "content": "<span class=\"msplace\" value=\"Basel, Switzerland\">Basel</span>",
    "puborder": 8577,
    "translations": []
  },
  {
    "para_id": "14054.4473021",
    "id_prev": "14054.4473020",
    "id_next": "14054.4473022",
    "refcode_1": "4LtMs",
    "refcode_2": "1",
    "refcode_3": "5752",
    "refcode_4": "1886106100",
    "refcode_short": "4LtMs, Ms 61, 1886, par. 7",
    "refcode_long": "Letters and Manuscripts — Volume 4 (1883 - 1886), Ms 61, 1886, par. 7",
    "element_type": "p",
    "element_subtype": "standard-indented",
    "content": "Walked out with Mary and little Ella. It was very disagreeable under foot. The rain and sun had melted the snow, so it was wet and muddy under foot. We called upon Sister Ertzenberger, but she was prepared to walk out to call upon Brother Aufranc. We walked with her and called upon our Brother and Sister Aufranc. He has served as translator for the office in Basel for years. His health has failed, like many others, when obtaining an education. He studied too hard to obtain his diploma and entered upon his work a broken-down man. He has been much afflicted of late and if we may judge by present appearances will not be able to serve in any capacity long, for he is a broken-down man.",
    "puborder": 8578,
    "translations": []
  },
  {
    "para_id": "14054.4473022",
    "id_prev": "14054.4473021",
    "id_next": "14054.4473023",
    "refcode_1": "4LtMs",
    "refcode_2": "1",
    "refcode_3": "",
    "refcode_4": "1886106100",
    "refcode_short": "",
    "refcode_long": "",
    "element_type": "p",
    "element_subtype": "msdate",
    "content": "<span class=\"msdate\" start=\"January 5, 1886\">January 5, 1886</span>",
    "puborder": 8579,
    "translations": []
  },
  {
    "para_id": "14054.4473023",
    "id_prev": "14054.4473022",
    "id_next": "14054.4473024",
    "refcode_1": "4LtMs",
    "refcode_2": "1",
    "refcode_3": "",
    "refcode_4": "1886106100",
    "refcode_short": "",
    "refcode_long": "",
    "element_type": "p",
    "element_subtype": "msplace",
    "content": "<span class=\"msplace\" value=\"Basel, Switzerland\">Basel</span>",
    "puborder": 8580,
    "translations": []
  },
  {
    "para_id": "14054.4473024",
    "id_prev": "14054.4473023",
    "id_next": "14054.4473025",
    "refcode_1": "4LtMs",
    "refcode_2": "1",
    "refcode_3": "5753",
    "refcode_4": "1886106100",
    "refcode_short": "4LtMs, Ms 61, 1886, par. 8",
    "refcode_long": "Letters and Manuscripts — Volume 4 (1883 - 1886), Ms 61, 1886, par. 8",
    "element_type": "p",
    "element_subtype": "standard-indented",
    "content": "This has been a day of labor for me in preparing and writing communications. Some have been struck off on the calligraph and some written by my hand. Sent many pages to Brother Ings and several pages to Brother and Sister Lockwood. This has taxed me sorely. My head pains me. My left eye is inflamed, but I am glad the letters are off and I will now feel free for a time. Sent letters to Brother Butler and W. C. White.",
    "puborder": 8581,
    "translations": []
  },
  {
    "para_id": "14054.4473025",
    "id_prev": "14054.4473024",
    "id_next": "14054.4473026",
    "refcode_1": "4LtMs",
    "refcode_2": "1",
    "refcode_3": "",
    "refcode_4": "1886106100",
    "refcode_short": "",
    "refcode_long": "",
    "element_type": "p",
    "element_subtype": "msdate",
    "content": "<span class=\"msdate\" start=\"January 6, 1886\">January 6, 1886</span>",
    "puborder": 8582,
    "translations": []
  },
  {
    "para_id": "14054.4473026",
    "id_prev": "14054.4473025",
    "id_next": "14054.4473027",
    "refcode_1": "4LtMs",
    "refcode_2": "1",
    "refcode_3": "",
    "refcode_4": "1886106100",
    "refcode_short": "",
    "refcode_long": "",
    "element_type": "p",
    "element_subtype": "msplace",
    "content": "<span class=\"msplace\" value=\"Basel, Switzerland\">Basel</span>",
    "puborder": 8583,
    "translations": []
  },
  {
    "para_id": "14054.4473027",
    "id_prev": "14054.4473026",
    "id_next": "14054.4473028",
    "refcode_1": "4LtMs",
    "refcode_2": "1",
    "refcode_3": "5754",
    "refcode_4": "1886106100",
    "refcode_short": "4LtMs, Ms 61, 1886, par. 9",
    "refcode_long": "Letters and Manuscripts — Volume 4 (1883 - 1886), Ms 61, 1886, par. 9",
    "element_type": "p",
    "element_subtype": "standard-indented",
    "content": "Arise as usual at four. Enjoyed a sponge bath and went to work, but grew faint. My head ached. Was obliged to lie down, and the morning reading and prayers were without me. I had a sick day all through Tuesday. Could do but little.",
    "puborder": 8584,
    "translations": []
  },
  {
    "para_id": "14054.4473028",
    "id_prev": "14054.4473027",
    "id_next": "14054.4473029",
    "refcode_1": "4LtMs",
    "refcode_2": "1",
    "refcode_3": "",
    "refcode_4": "1886106100",
    "refcode_short": "",
    "refcode_long": "",
    "element_type": "p",
    "element_subtype": "msdate",
    "content": "<span class=\"msdate\" start=\"January 7, 1886\">January 7, 1886</span>",
    "puborder": 8585,
    "translations": []
  },
  {
    "para_id": "14054.4473029",
    "id_prev": "14054.4473028",
    "id_next": "14054.4473030",
    "refcode_1": "4LtMs",
    "refcode_2": "1",
    "refcode_3": "",
    "refcode_4": "1886106100",
    "refcode_short": "",
    "refcode_long": "",
    "element_type": "p",
    "element_subtype": "msplace",
    "content": "<span class=\"msplace\" value=\"Basel, Switzerland\">Basel</span>",
    "puborder": 8586,
    "translations": []
  },
  {
    "para_id": "14054.4473030",
    "id_prev": "14054.4473029",
    "id_next": "14054.4473031",
    "refcode_1": "4LtMs",
    "refcode_2": "1",
    "refcode_3": "5755",
    "refcode_4": "1886106100",
    "refcode_short": "4LtMs, Ms 61, 1886, par. 10",
    "refcode_long": "Letters and Manuscripts — Volume 4 (1883 - 1886), Ms 61, 1886, par. 10",
    "element_type": "p",
    "element_subtype": "standard-indented",
    "content": "We rode out, Sister Whitney accompanying me. We took little comfort.",
    "puborder": 8587,
    "translations": []
  },
  {
    "para_id": "14054.4473031",
    "id_prev": "14054.4473030",
    "id_next": "14054.4473032",
    "refcode_1": "4LtMs",
    "refcode_2": "1",
    "refcode_3": "",
    "refcode_4": "1886106100",
    "refcode_short": "",
    "refcode_long": "",
    "element_type": "p",
    "element_subtype": "msdate",
    "content": "<span class=\"msdate\" start=\"January 9, 1886\">January 9, 1886</span>",
    "puborder": 8588,
    "translations": []
  },
  {
    "para_id": "14054.4473032",
    "id_prev": "14054.4473031",
    "id_next": "14054.4473033",
    "refcode_1": "4LtMs",
    "refcode_2": "1",
    "refcode_3": "",
    "refcode_4": "1886106100",
    "refcode_short": "",
    "refcode_long": "",
    "element_type": "p",
    "element_subtype": "msplace",
    "content": "<span class=\"msplace\" value=\"Basel, Switzerland\">Basel</span>",
    "puborder": 8589,
    "translations": []
  },
  {
    "para_id": "14054.4473033",
    "id_prev": "14054.4473032",
    "id_next": "14054.4473034",
    "refcode_1": "4LtMs",
    "refcode_2": "1",
    "refcode_3": "5756",
    "refcode_4": "1886106100",
    "refcode_short": "4LtMs, Ms 61, 1886, par. 11",
    "refcode_long": "Letters and Manuscripts — Volume 4 (1883 - 1886), Ms 61, 1886, par. 11",
    "element_type": "p",
    "element_subtype": "standard-indented",
    "content": "Spoke to the little church in Basel, Switzerland, from <span class=\"egwlink egwlink_bible\" title=\"Hebrews 6:18\" data-link=\"1965.61324\">Hebrews 6:18-20</span>. I felt some of the blessing of God while speaking to the people.",
    "puborder": 8590,
    "translations": []
  },
  {
    "para_id": "14054.4473034",
    "id_prev": "14054.4473033",
    "id_next": "14054.4473035",
    "refcode_1": "4LtMs",
    "refcode_2": "1",
    "refcode_3": "",
    "refcode_4": "1886106100",
    "refcode_short": "",
    "refcode_long": "",
    "element_type": "p",
    "element_subtype": "msdate",
    "content": "<span class=\"msdate\" start=\"January 10, 1886\">January 10, 1886</span>",
    "puborder": 8591,
    "translations": []
  },
  {
    "para_id": "14054.4473035",
    "id_prev": "14054.4473034",
    "id_next": "14054.4473036",
    "refcode_1": "4LtMs",
    "refcode_2": "1",
    "refcode_3": "",
    "refcode_4": "1886106100",
    "refcode_short": "",
    "refcode_long": "",
    "element_type": "p",
    "element_subtype": "msplace",
    "content": "<span class=\"msplace\" value=\"Basel, Switzerland\">Basel</span>",
    "puborder": 8592,
    "translations": []
  },
  {
    "para_id": "14054.4473036",
    "id_prev": "14054.4473035",
    "id_next": "14054.4473037",
    "refcode_1": "4LtMs",
    "refcode_2": "1",
    "refcode_3": "5757",
    "refcode_4": "1886106100",
    "refcode_short": "4LtMs, Ms 61, 1886, par. 12",
    "refcode_long": "Letters and Manuscripts — Volume 4 (1883 - 1886), Ms 61, 1886, par. 12",
    "element_type": "p",
    "element_subtype": "standard-indented",
    "content": "Arose early. Dictated a letter to Elder D. T. Bourdeau. Sarah McEnterfer copied on calligraph. Walked out with M. K. White for exercise. Wrote ten pages.",
    "puborder": 8593,
    "translations": []
  },
  {
    "para_id": "14054.4473037",
    "id_prev": "14054.4473036",
    "id_next": "14054.4473038",
    "refcode_1": "4LtMs",
    "refcode_2": "1",
    "refcode_3": "",
    "refcode_4": "1886106100",
    "refcode_short": "",
    "refcode_long": "",
    "element_type": "p",
    "element_subtype": "msdate",
    "content": "<span class=\"msdate\" start=\"January 11, 1886\">January 11, 1886</span>",
    "puborder": 8594,
    "translations": []
  },
  {
    "para_id": "14054.4473038",
    "id_prev": "14054.4473037",
    "id_next": "14054.4473039",
    "refcode_1": "4LtMs",
    "refcode_2": "1",
    "refcode_3": "",
    "refcode_4": "1886106100",
    "refcode_short": "",
    "refcode_long": "",
    "element_type": "p",
    "element_subtype": "msplace",
    "content": "<span class=\"msplace\" value=\"Basel, Switzerland\">Basel</span>",
    "puborder": 8595,
    "translations": []
  },
  {
    "para_id": "14054.4473039",
    "id_prev": "14054.4473038",
    "id_next": "14054.4473040",
    "refcode_1": "4LtMs",
    "refcode_2": "1",
    "refcode_3": "5758",
    "refcode_4": "1886106100",
    "refcode_short": "4LtMs, Ms 61, 1886, par. 13",
    "refcode_long": "Letters and Manuscripts — Volume 4 (1883 - 1886), Ms 61, 1886, par. 13",
    "element_type": "p",
    "element_subtype": "standard-indented",
    "content": "Brother Whitney returned last night. I had an ill time this morning. Some difficulty of the heart. Was not able to write through the day. There seems to be great prostration upon me.",
    "puborder": 8596,
    "translations": []
  },
  {
    "para_id": "14054.4473040",
    "id_prev": "14054.4473039",
    "id_next": "14054.4473041",
    "refcode_1": "4LtMs",
    "refcode_2": "1",
    "refcode_3": "",
    "refcode_4": "1886106100",
    "refcode_short": "",
    "refcode_long": "",
    "element_type": "p",
    "element_subtype": "msdate",
    "content": "Tuesday, <span class=\"msdate\" start=\"January 12, 1886\">January 12, 1886</span>",
    "puborder": 8597,
    "translations": []
  },
  {
    "para_id": "14054.4473041",
    "id_prev": "14054.4473040",
    "id_next": "14054.4473042",
    "refcode_1": "4LtMs",
    "refcode_2": "1",
    "refcode_3": "",
    "refcode_4": "1886106100",
    "refcode_short": "",
    "refcode_long": "",
    "element_type": "p",
    "element_subtype": "msplace",
    "content": "<span class=\"msplace\" value=\"Basel, Switzerland\">Basel</span>",
    "puborder": 8598,
    "translations": []
  },
  {
    "para_id": "14054.4473042",
    "id_prev": "14054.4473041",
    "id_next": "14054.4473043",
    "refcode_1": "4LtMs",
    "refcode_2": "1",
    "refcode_3": "5759",
    "refcode_4": "1886106100",
    "refcode_short": "4LtMs, Ms 61, 1886, par. 14",
    "refcode_long": "Letters and Manuscripts — Volume 4 (1883 - 1886), Ms 61, 1886, par. 14",
    "element_type": "p",
    "element_subtype": "standard-indented",
    "content": "Wrote ten pages.",
    "puborder": 8599,
    "translations": []
  },
  {
    "para_id": "14054.4473043",
    "id_prev": "14054.4473042",
    "id_next": "14054.4473044",
    "refcode_1": "4LtMs",
    "refcode_2": "1",
    "refcode_3": "",
    "refcode_4": "1886106100",
    "refcode_short": "",
    "refcode_long": "",
    "element_type": "p",
    "element_subtype": "msdate",
    "content": "<span class=\"msdate\" start=\"January 14, 1886\">January 14, 1886</span>",
    "puborder": 8600,
    "translations": []
  },
  {
    "para_id": "14054.4473044",
    "id_prev": "14054.4473043",
    "id_next": "14054.4473045",
    "refcode_1": "4LtMs",
    "refcode_2": "1",
    "refcode_3": "",
    "refcode_4": "1886106100",
    "refcode_short": "",
    "refcode_long": "",
    "element_type": "p",
    "element_subtype": "msplace",
    "content": "<span class=\"msplace\" value=\"Basel, Switzerland\">Basel</span>",
    "puborder": 8601,
    "translations": []
  },
  {
    "para_id": "14054.4473045",
    "id_prev": "14054.4473044",
    "id_next": "14054.4473046",
    "refcode_1": "4LtMs",
    "refcode_2": "1",
    "refcode_3": "5760",
    "refcode_4": "1886106100",
    "refcode_short": "4LtMs, Ms 61, 1886, par. 15",
    "refcode_long": "Letters and Manuscripts — Volume 4 (1883 - 1886), Ms 61, 1886, par. 15",
    "element_type": "p",
    "element_subtype": "standard-indented",
    "content": "I rested better last night than I have done. Walked out with Ella. I was unfortunate enough to get lost in the streets of Basel, Switzerland, and no one that I met understood English and could tell me my way to our printing office; but after walking one hour, we found the railroad that went by the street where we lived. We followed the track and found ourselves in the right road to our home. I felt really grateful to God for this, for I might have been much troubled to find my way because I could come across no one who understood English. When we reached home we found our friends much troubled, and all were about to go in search of me, when they saw me in the distance.",
    "puborder": 8602,
    "translations": []
  },
  {
    "para_id": "14054.4473046",
    "id_prev": "14054.4473045",
    "id_next": "14054.4473047",
    "refcode_1": "4LtMs",
    "refcode_2": "1",
    "refcode_3": "",
    "refcode_4": "1886106100",
    "refcode_short": "",
    "refcode_long": "",
    "element_type": "p",
    "element_subtype": "msdate",
    "content": "<span class=\"msdate\" start=\"January 15, 1886\">January 15, 1886</span>",
    "puborder": 8603,
    "translations": []
  },
  {
    "para_id": "14054.4473047",
    "id_prev": "14054.4473046",
    "id_next": "14054.4473048",
    "refcode_1": "4LtMs",
    "refcode_2": "1",
    "refcode_3": "",
    "refcode_4": "1886106100",
    "refcode_short": "",
    "refcode_long": "",
    "element_type": "p",
    "element_subtype": "msdate",
    "content": "<span class=\"msdate\" start=\"January 23, 1886\">January 23, 1886</span>",
    "puborder": 8604,
    "translations": []
  },
  {
    "para_id": "14054.4473048",
    "id_prev": "14054.4473047",
    "id_next": "14054.4473049",
    "refcode_1": "4LtMs",
    "refcode_2": "1",
    "refcode_3": "",
    "refcode_4": "1886106100",
    "refcode_short": "",
    "refcode_long": "",
    "element_type": "p",
    "element_subtype": "msplace",
    "content": "<span class=\"msplace\" value=\"Basel, Switzerland\">Basel</span>",
    "puborder": 8605,
    "translations": []
  },
  {
    "para_id": "14054.4473049",
    "id_prev": "14054.4473048",
    "id_next": "14054.4473050",
    "refcode_1": "4LtMs",
    "refcode_2": "1",
    "refcode_3": "5761",
    "refcode_4": "1886106100",
    "refcode_short": "4LtMs, Ms 61, 1886, par. 16",
    "refcode_long": "Letters and Manuscripts — Volume 4 (1883 - 1886), Ms 61, 1886, par. 16",
    "element_type": "p",
    "element_subtype": "standard-indented",
    "content": "I spoke to the people upon the rebellion in heaven, Satan&rsquo;s work upon the earth, and the mission of Christ to our world.",
    "puborder": 8606,
    "translations": []
  },
  {
    "para_id": "14054.4473050",
    "id_prev": "14054.4473049",
    "id_next": "14054.4473051",
    "refcode_1": "4LtMs",
    "refcode_2": "1",
    "refcode_3": "",
    "refcode_4": "1886106100",
    "refcode_short": "",
    "refcode_long": "",
    "element_type": "p",
    "element_subtype": "msdate",
    "content": "<span class=\"msdate\" start=\"January 25, 1886\">January 25, 1886</span>",
    "puborder": 8607,
    "translations": []
  },
  {
    "para_id": "14054.4473051",
    "id_prev": "14054.4473050",
    "id_next": "14054.4473052",
    "refcode_1": "4LtMs",
    "refcode_2": "1",
    "refcode_3": "",
    "refcode_4": "1886106100",
    "refcode_short": "",
    "refcode_long": "",
    "element_type": "p",
    "element_subtype": "msplace",
    "content": "<span class=\"msplace\" value=\"Basel, Switzerland\">Basel</span>",
    "puborder": 8608,
    "translations": []
  },
  {
    "para_id": "14054.4473052",
    "id_prev": "14054.4473051",
    "id_next": "14054.4473053",
    "refcode_1": "4LtMs",
    "refcode_2": "1",
    "refcode_3": "5762",
    "refcode_4": "1886106100",
    "refcode_short": "4LtMs, Ms 61, 1886, par. 17",
    "refcode_long": "Letters and Manuscripts — Volume 4 (1883 - 1886), Ms 61, 1886, par. 17",
    "element_type": "p",
    "element_subtype": "standard-indented",
    "content": "Received letters today from America from W. C. White, from Elder Canright, from my twin sister Lizzie Bangs; Great Grimsby, England, from Elder Sands Lane. Interesting letters.",
    "puborder": 8609,
    "translations": []
  },
  {
    "para_id": "14054.4473053",
    "id_prev": "14054.4473052",
    "id_next": "14054.4473054",
    "refcode_1": "4LtMs",
    "refcode_2": "1",
    "refcode_3": "",
    "refcode_4": "1886106100",
    "refcode_short": "",
    "refcode_long": "",
    "element_type": "p",
    "element_subtype": "msdate",
    "content": "<span class=\"msdate\" start=\"January 28, 1886\">January 28, 1886</span>",
    "puborder": 8610,
    "translations": []
  },
  {
    "para_id": "14054.4473054",
    "id_prev": "14054.4473053",
    "id_next": "14054.4473055",
    "refcode_1": "4LtMs",
    "refcode_2": "1",
    "refcode_3": "",
    "refcode_4": "1886106100",
    "refcode_short": "",
    "refcode_long": "",
    "element_type": "p",
    "element_subtype": "msplace",
    "content": "<span class=\"msplace\" value=\"Basel, Switzerland\">Basel</span>",
    "puborder": 8611,
    "translations": []
  },
  {
    "para_id": "14054.4473055",
    "id_prev": "14054.4473054",
    "id_next": "14054.4473056",
    "refcode_1": "4LtMs",
    "refcode_2": "1",
    "refcode_3": "5763",
    "refcode_4": "1886106100",
    "refcode_short": "4LtMs, Ms 61, 1886, par. 18",
    "refcode_long": "Letters and Manuscripts — Volume 4 (1883 - 1886), Ms 61, 1886, par. 18",
    "element_type": "p",
    "element_subtype": "standard-indented",
    "content": "My heart was drawn out in prayer to the Lord for health and strength. My eyes have pained me for more than one week. My head has been congested, forbidding my using the pen, but my prayer is ascending to God for healing power to come to me and fit me up for His work. He will hear, He will not turn me empty away. I shall be healed. I shall be renewed by His power to continue my writings. The Lord Jesus seems very near to me today, and I will trust in Him with unwavering faith. I have precious seasons of prayer and communion with God.",
    "puborder": 8612,
    "translations": []
  },
  {
    "para_id": "14054.4473056",
    "id_prev": "14054.4473055",
    "id_next": "14054.4473057",
    "refcode_1": "4LtMs",
    "refcode_2": "1",
    "refcode_3": "",
    "refcode_4": "1886106100",
    "refcode_short": "",
    "refcode_long": "",
    "element_type": "p",
    "element_subtype": "msdate",
    "content": "<span class=\"msdate\" start=\"January 29, 1886\">January 29</span>",
    "puborder": 8613,
    "translations": []
  },
  {
    "para_id": "14054.4473057",
    "id_prev": "14054.4473056",
    "id_next": "14054.4473058",
    "refcode_1": "4LtMs",
    "refcode_2": "1",
    "refcode_3": "",
    "refcode_4": "1886106100",
    "refcode_short": "",
    "refcode_long": "",
    "element_type": "p",
    "element_subtype": "standard-noindent",
    "content": "[Blank page]",
    "puborder": 8614,
    "translations": []
  },
  {
    "para_id": "14054.4473058",
    "id_prev": "14054.4473057",
    "id_next": "14054.4473059",
    "refcode_1": "4LtMs",
    "refcode_2": "1",
    "refcode_3": "",
    "refcode_4": "1886106100",
    "refcode_short": "",
    "refcode_long": "",
    "element_type": "p",
    "element_subtype": "standard-noindent",
    "content": "[Next page]",
    "puborder": 8615,
    "translations": []
  },
  {
    "para_id": "14054.4473059",
    "id_prev": "14054.4473058",
    "id_next": "14054.4473060",
    "refcode_1": "4LtMs",
    "refcode_2": "1",
    "refcode_3": "5764",
    "refcode_4": "1886106100",
    "refcode_short": "4LtMs, Ms 61, 1886, par. 19",
    "refcode_long": "Letters and Manuscripts — Volume 4 (1883 - 1886), Ms 61, 1886, par. 19",
    "element_type": "p",
    "element_subtype": "standard-indented",
    "content": "Brother Whitney has received letters from Russia, from India, from Italy&mdash;from parts of Italy our people have never yet visited. They express great thankfulness for the <em>Signs</em>. One from Italy wishes Brother Whitney to thank Sister White for the articles in the paper. He said they had been a great benefit to him, and not to him only, but to many others who read them. The writer of the letter said he had come across an almost worn-out paper, French <em>Signs</em>, and was so interested he sent for them, wishing to become a regular subscriber. The letters from Russia and India are really encouraging, showing that the standard of truth is being raised in all countries. From France there comes a letter from a young man who has accepted the truth from reading the French <em>Signs</em>. He presented the arguments in favor of the Sabbath.",
    "puborder": 8616,
    "translations": []
  },
  {
    "para_id": "14054.4473060",
    "id_prev": "14054.4473059",
    "id_next": "14054.4473061",
    "refcode_1": "4LtMs",
    "refcode_2": "1",
    "refcode_3": "",
    "refcode_4": "1886106100",
    "refcode_short": "",
    "refcode_long": "",
    "element_type": "p",
    "element_subtype": "msdate",
    "content": "<span class=\"msdate\" start=\"January 30, 1886\">January 30, 1886</span>",
    "puborder": 8617,
    "translations": []
  },
  {
    "para_id": "14054.4473061",
    "id_prev": "14054.4473060",
    "id_next": "14054.4473062",
    "refcode_1": "4LtMs",
    "refcode_2": "1",
    "refcode_3": "",
    "refcode_4": "1886106100",
    "refcode_short": "",
    "refcode_long": "",
    "element_type": "p",
    "element_subtype": "msplace",
    "content": "<span class=\"msplace\" value=\"Basel, Switzerland\">Basel</span>",
    "puborder": 8618,
    "translations": []
  },
  {
    "para_id": "14054.4473062",
    "id_prev": "14054.4473061",
    "id_next": "14054.4473063",
    "refcode_1": "4LtMs",
    "refcode_2": "1",
    "refcode_3": "5765",
    "refcode_4": "1886106100",
    "refcode_short": "4LtMs, Ms 61, 1886, par. 20",
    "refcode_long": "Letters and Manuscripts — Volume 4 (1883 - 1886), Ms 61, 1886, par. 20",
    "element_type": "p",
    "element_subtype": "standard-indented",
    "content": "I spoke to the people today upon Cain and Abel, followed by two interpreters in French and German.",
    "puborder": 8619,
    "translations": []
  },
  {
    "para_id": "14054.4473063",
    "id_prev": "14054.4473062",
    "id_next": "14054.4473064",
    "refcode_1": "4LtMs",
    "refcode_2": "1",
    "refcode_3": "",
    "refcode_4": "1886106100",
    "refcode_short": "",
    "refcode_long": "",
    "element_type": "p",
    "element_subtype": "msdate",
    "content": "<span class=\"msdate\" start=\"February 20, 1886\">February 20, 1886</span>",
    "puborder": 8620,
    "translations": []
  },
  {
    "para_id": "14054.4473064",
    "id_prev": "14054.4473063",
    "id_next": "14054.4473065",
    "refcode_1": "4LtMs",
    "refcode_2": "1",
    "refcode_3": "",
    "refcode_4": "1886106100",
    "refcode_short": "",
    "refcode_long": "",
    "element_type": "p",
    "element_subtype": "msplace",
    "content": "<span class=\"msplace\" value=\"Basel, Switzerland\">Basel</span>",
    "puborder": 8621,
    "translations": []
  },
  {
    "para_id": "14054.4473065",
    "id_prev": "14054.4473064",
    "id_next": "14054.4473066",
    "refcode_1": "4LtMs",
    "refcode_2": "1",
    "refcode_3": "5766",
    "refcode_4": "1886106100",
    "refcode_short": "4LtMs, Ms 61, 1886, par. 21",
    "refcode_long": "Letters and Manuscripts — Volume 4 (1883 - 1886), Ms 61, 1886, par. 21",
    "element_type": "p",
    "element_subtype": "standard-indented",
    "content": "Spoke to the church in Basel&mdash;followed by two interpreters&mdash;upon how Enoch walked with God. All were deeply attentive, and in the afternoon social meeting many spoke of being profited by the discourse given. This effort wearied me much. Was obliged to lie down the remainder of the day.",
    "puborder": 8622,
    "translations": []
  },
  {
    "para_id": "14054.4473066",
    "id_prev": "14054.4473065",
    "id_next": "14054.4473067",
    "refcode_1": "4LtMs",
    "refcode_2": "1",
    "refcode_3": "",
    "refcode_4": "1886106100",
    "refcode_short": "",
    "refcode_long": "",
    "element_type": "p",
    "element_subtype": "msdate",
    "content": "<span class=\"msdate\" start=\"February 27, 1886\">February 27, 1886</span>",
    "puborder": 8623,
    "translations": []
  },
  {
    "para_id": "14054.4473067",
    "id_prev": "14054.4473066",
    "id_next": "14054.4473068",
    "refcode_1": "4LtMs",
    "refcode_2": "1",
    "refcode_3": "",
    "refcode_4": "1886106100",
    "refcode_short": "",
    "refcode_long": "",
    "element_type": "p",
    "element_subtype": "msplace",
    "content": "<span class=\"msplace\" value=\"Basel, Switzerland\">Basel</span>",
    "puborder": 8624,
    "translations": []
  },
  {
    "para_id": "14054.4473068",
    "id_prev": "14054.4473067",
    "id_next": "14054.4473069",
    "refcode_1": "4LtMs",
    "refcode_2": "1",
    "refcode_3": "5767",
    "refcode_4": "1886106100",
    "refcode_short": "4LtMs, Ms 61, 1886, par. 22",
    "refcode_long": "Letters and Manuscripts — Volume 4 (1883 - 1886), Ms 61, 1886, par. 22",
    "element_type": "p",
    "element_subtype": "standard-indented",
    "content": "Spoke to the church upon Noah and the destruction of the old world by a flood. I wrote twelve pages upon the trial of Christ.",
    "puborder": 8625,
    "translations": []
  },
  {
    "para_id": "14054.4473069",
    "id_prev": "14054.4473068",
    "id_next": "14054.4473070",
    "refcode_1": "4LtMs",
    "refcode_2": "1",
    "refcode_3": "",
    "refcode_4": "1886106100",
    "refcode_short": "",
    "refcode_long": "",
    "element_type": "p",
    "element_subtype": "msdate",
    "content": "<span class=\"msdate\" start=\"February 28, 1886\">February 28, 1886</span>",
    "puborder": 8626,
    "translations": []
  },
  {
    "para_id": "14054.4473070",
    "id_prev": "14054.4473069",
    "id_next": "14054.4473071",
    "refcode_1": "4LtMs",
    "refcode_2": "1",
    "refcode_3": "",
    "refcode_4": "1886106100",
    "refcode_short": "",
    "refcode_long": "",
    "element_type": "p",
    "element_subtype": "msplace",
    "content": "<span class=\"msplace\" value=\"Basel, Switzerland\">Basel</span>",
    "puborder": 8627,
    "translations": []
  },
  {
    "para_id": "14054.4473071",
    "id_prev": "14054.4473070",
    "id_next": "14054.4473072",
    "refcode_1": "4LtMs",
    "refcode_2": "1",
    "refcode_3": "5768",
    "refcode_4": "1886106100",
    "refcode_short": "4LtMs, Ms 61, 1886, par. 23",
    "refcode_long": "Letters and Manuscripts — Volume 4 (1883 - 1886), Ms 61, 1886, par. 23",
    "element_type": "p",
    "element_subtype": "standard-indented",
    "content": "It is snowing quite fast. The ground is already covered with a white mantle of snow. I have written twelve pages today.",
    "puborder": 8628,
    "translations": []
  },
  {
    "para_id": "14054.4473072",
    "id_prev": "14054.4473071",
    "id_next": "14054.4473073",
    "refcode_1": "4LtMs",
    "refcode_2": "1",
    "refcode_3": "",
    "refcode_4": "1886106100",
    "refcode_short": "",
    "refcode_long": "",
    "element_type": "p",
    "element_subtype": "msdate",
    "content": "<span class=\"msdate\" start=\"March 12, 1886\">March 12, 1886</span>",
    "puborder": 8629,
    "translations": []
  },
  {
    "para_id": "14054.4473073",
    "id_prev": "14054.4473072",
    "id_next": "14054.4473074",
    "refcode_1": "4LtMs",
    "refcode_2": "1",
    "refcode_3": "5769",
    "refcode_4": "1886106100",
    "refcode_short": "4LtMs, Ms 61, 1886, par. 24",
    "refcode_long": "Letters and Manuscripts — Volume 4 (1883 - 1886), Ms 61, 1886, par. 24",
    "element_type": "p",
    "element_subtype": "standard-indented",
    "content": "Mailed today to Daniel Bourdeau eight pages letter paper; Ademar Vuilleumier two pages letter paper; to A. C. Bourdeau seventeen pages, partly letter paper and nine pages of scratch book. Wrote two articles for workers at Lausanne. Monday, wrote eight pages to R. G. Lockwood, two pages for Johnny.",
    "puborder": 8630,
    "translations": []
  },
  {
    "para_id": "14054.4473074",
    "id_prev": "14054.4473073",
    "id_next": "14054.4473075",
    "refcode_1": "4LtMs",
    "refcode_2": "1",
    "refcode_3": "5770",
    "refcode_4": "1886106100",
    "refcode_short": "4LtMs, Ms 61, 1886, par. 25",
    "refcode_long": "Letters and Manuscripts — Volume 4 (1883 - 1886), Ms 61, 1886, par. 25",
    "element_type": "p",
    "element_subtype": "standard-indented",
    "content": "Friday, wrote eight pages note paper to Elder Rice; six to Eliza Burnham.",
    "puborder": 8631,
    "translations": []
  },
  {
    "para_id": "14054.4473075",
    "id_prev": "14054.4473074",
    "id_next": "14054.4473076",
    "refcode_1": "4LtMs",
    "refcode_2": "1",
    "refcode_3": "",
    "refcode_4": "1886106100",
    "refcode_short": "",
    "refcode_long": "",
    "element_type": "p",
    "element_subtype": "msdate",
    "content": "<span class=\"msdate\" start=\"March 17, 1886\">March 17, 1886</span>",
    "puborder": 8632,
    "translations": []
  },
  {
    "para_id": "14054.4473076",
    "id_prev": "14054.4473075",
    "id_next": "14054.4473077",
    "refcode_1": "4LtMs",
    "refcode_2": "1",
    "refcode_3": "5771",
    "refcode_4": "1886106100",
    "refcode_short": "4LtMs, Ms 61, 1886, par. 26",
    "refcode_long": "Letters and Manuscripts — Volume 4 (1883 - 1886), Ms 61, 1886, par. 26",
    "element_type": "p",
    "element_subtype": "standard-indented",
    "content": "Mailed four pages to A. C. Bourdeau, five pages to Mary Chinnock, four to Professor Brownsberger, six pages to Brother Lockwood.",
    "puborder": 8633,
    "translations": []
  },
  {
    "para_id": "14054.4473077",
    "id_prev": "14054.4473076",
    "id_next": "14054.4473078",
    "refcode_1": "4LtMs",
    "refcode_2": "1",
    "refcode_3": "",
    "refcode_4": "1886106100",
    "refcode_short": "",
    "refcode_long": "",
    "element_type": "p",
    "element_subtype": "msdate",
    "content": "<span class=\"msdate\" start=\"March 19, 1886\">March 19, 1886</span>",
    "puborder": 8634,
    "translations": []
  },
  {
    "para_id": "14054.4473078",
    "id_prev": "14054.4473077",
    "id_next": "14054.4473079",
    "refcode_1": "4LtMs",
    "refcode_2": "1",
    "refcode_3": "5772",
    "refcode_4": "1886106100",
    "refcode_short": "4LtMs, Ms 61, 1886, par. 27",
    "refcode_long": "Letters and Manuscripts — Volume 4 (1883 - 1886), Ms 61, 1886, par. 27",
    "element_type": "p",
    "element_subtype": "standard-indented",
    "content": "Left Basel at two p.m. for Bienne, sixty miles from Basel. We were four hours on the route. We saw mountain scenery.",
    "puborder": 8635,
    "translations": []
  },
  {
    "para_id": "14054.4473079",
    "id_prev": "14054.4473078",
    "id_next": "14054.4473080",
    "refcode_1": "4LtMs",
    "refcode_2": "1",
    "refcode_3": "5773",
    "refcode_4": "1886106100",
    "refcode_short": "4LtMs, Ms 61, 1886, par. 28",
    "refcode_long": "Letters and Manuscripts — Volume 4 (1883 - 1886), Ms 61, 1886, par. 28",
    "element_type": "p",
    "element_subtype": "standard-indented",
    "content": "Spoke to a room crowded full in Brother Virgil Vuilleumier&rsquo;s house. Brother Ademar Vuilleumier translated for me. The text was, &ldquo;I pray not that Thou shouldest take them out of the world, but that Thou shouldest keep them from the evil. ... Sanctify them through Thy truth; Thy word is truth.&rdquo; [<span class=\"egwlink egwlink_bible\" title=\"John 17:15\" data-link=\"1965.54608\">John 17:15, 17</span>.] The people manifested deep interest.",
    "puborder": 8636,
    "translations": []
  },
  {
    "para_id": "14054.4473080",
    "id_prev": "14054.4473079",
    "id_next": "14054.4473081",
    "refcode_1": "4LtMs",
    "refcode_2": "1",
    "refcode_3": "5774",
    "refcode_4": "1886106100",
    "refcode_short": "4LtMs, Ms 61, 1886, par. 29",
    "refcode_long": "Letters and Manuscripts — Volume 4 (1883 - 1886), Ms 61, 1886, par. 29",
    "element_type": "p",
    "element_subtype": "standard-indented",
    "content": "Slept but little during the night. We assembled about the breakfast table. Four women were seated at table, all with plain white sacks over their full [?] skirts. These skirts are quite nice. They are black, quilted on the bottom. Our food was baker&rsquo;s bread, hot milk, fresh butter, and a dish of sauce&mdash;a simple preparation, and healthful. All ate heartily.",
    "puborder": 8637,
    "translations": []
  },
  {
    "para_id": "14054.4473081",
    "id_prev": "14054.4473080",
    "id_next": "14054.4473082",
    "refcode_1": "4LtMs",
    "refcode_2": "1",
    "refcode_3": "5775",
    "refcode_4": "1886106100",
    "refcode_short": "4LtMs, Ms 61, 1886, par. 30",
    "refcode_long": "Letters and Manuscripts — Volume 4 (1883 - 1886), Ms 61, 1886, par. 30",
    "element_type": "p",
    "element_subtype": "standard-indented",
    "content": "I spoke in the forenoon from <span class=\"egwlink egwlink_bible\" title=\"James 3:13\" data-link=\"1965.61875\">James 3:13-17</span>. I had much freedom in speaking. I was advised to sit down because of my crippled ankles, but I chose to stand, even with pain and inconvenience. The people seemed to receive the message given them. Supported by W. C. White, I ventured to walk on the ground a short distance, which I have not ventured to do for weeks.",
    "puborder": 8638,
    "translations": []
  },
  {
    "para_id": "14054.4473082",
    "id_prev": "14054.4473081",
    "id_next": "14054.4473083",
    "refcode_1": "4LtMs",
    "refcode_2": "1",
    "refcode_3": "",
    "refcode_4": "1886106100",
    "refcode_short": "",
    "refcode_long": "",
    "element_type": "p",
    "element_subtype": "msdate",
    "content": "<span class=\"msdate\" start=\"March 21, 1886\">March 21, 1886</span>",
    "puborder": 8639,
    "translations": []
  },
  {
    "para_id": "14054.4473083",
    "id_prev": "14054.4473082",
    "id_next": "14054.4473084",
    "refcode_1": "4LtMs",
    "refcode_2": "1",
    "refcode_3": "",
    "refcode_4": "1886106100",
    "refcode_short": "",
    "refcode_long": "",
    "element_type": "p",
    "element_subtype": "msplace",
    "content": "<span class=\"msplace\" value=\"Bernese Alps, Switzerland\">Bernese Alps</span>",
    "puborder": 8640,
    "translations": []
  },
  {
    "para_id": "14054.4473084",
    "id_prev": "14054.4473083",
    "id_next": "14054.4185001",
    "refcode_1": "4LtMs",
    "refcode_2": "1",
    "refcode_3": "5776",
    "refcode_4": "1886106100",
    "refcode_short": "4LtMs, Ms 61, 1886, par. 31",
    "refcode_long": "Letters and Manuscripts — Volume 4 (1883 - 1886), Ms 61, 1886, par. 31",
    "element_type": "p",
    "element_subtype": "standard-indented",
    "content": "The sky is clouded, but the sun&rsquo;s rays are beaming upon the snow-covered Alps, making a most magnificent picture. We see on the right one yard terraced by stone walls to the very top of the mountain. The peaked Alps seem to touch the heavens. There is a beautiful lake. The Alps appear more distinctly. We see the house Chorske [?] built.",
    "puborder": 8641,
    "translations": []
  }
]