[
  {
    "para_id": "14020.522",
    "id_prev": "14020.520",
    "id_next": "14020.523",
    "refcode_1": "Ev-SG",
    "refcode_2": "50",
    "refcode_3": "",
    "refcode_4": "18",
    "refcode_short": "Ev-SG 50",
    "refcode_long": "Evangelism -- Study Guide, p. 50 (Ellen G. White Estate)",
    "element_type": "h3",
    "element_subtype": "",
    "content": "Chapter 18 &mdash; Dealing with False Science, Cults, Isms, and Secret Societies",
    "puborder": 470,
    "translations": []
  },
  {
    "para_id": "14020.523",
    "id_prev": "14020.522",
    "id_next": "14020.524",
    "refcode_1": "Ev-SG",
    "refcode_2": "50",
    "refcode_3": "",
    "refcode_4": "",
    "refcode_short": "",
    "refcode_long": "",
    "element_type": "p",
    "element_subtype": "right",
    "content": "<em>Date</em>___________",
    "puborder": 471,
    "translations": []
  },
  {
    "para_id": "14020.524",
    "id_prev": "14020.523",
    "id_next": "14020.525",
    "refcode_1": "Ev-SG",
    "refcode_2": "50",
    "refcode_3": "1",
    "refcode_4": "",
    "refcode_short": "Ev-SG 50.1",
    "refcode_long": "Evangelism -- Study Guide, p. 50.1 (Ellen G. White Estate)",
    "element_type": "p",
    "element_subtype": "standard-indented",
    "content": "A. Read pages 589-627 in <em>EVANGELISM.</em>",
    "puborder": 472,
    "translations": []
  },
  {
    "para_id": "14020.525",
    "id_prev": "14020.524",
    "id_next": "14020.526",
    "refcode_1": "Ev-SG",
    "refcode_2": "50",
    "refcode_3": "2",
    "refcode_4": "",
    "refcode_short": "Ev-SG 50.2",
    "refcode_long": "Evangelism -- Study Guide, p. 50.2 (Ellen G. White Estate)",
    "element_type": "p",
    "element_subtype": "standard-indented",
    "content": "B. Test Your Comprehension",
    "puborder": 473,
    "translations": []
  },
  {
    "para_id": "14020.526",
    "id_prev": "14020.525",
    "id_next": "14020.527",
    "refcode_1": "Ev-SG",
    "refcode_2": "50",
    "refcode_3": "3",
    "refcode_4": "",
    "refcode_short": "Ev-SG 50.3",
    "refcode_long": "Evangelism -- Study Guide, p. 50.3 (Ellen G. White Estate)",
    "element_type": "p",
    "element_subtype": "standard-indented",
    "content": "<em>Supply the proper words in the quotations below, and answer the questions in the spaces provided. The numbers at the end of each question indicate the page and paragraph where the answer can be found.</em>",
    "puborder": 474,
    "translations": []
  },
  {
    "para_id": "14020.527",
    "id_prev": "14020.526",
    "id_next": "14020.528",
    "refcode_1": "Ev-SG",
    "refcode_2": "50",
    "refcode_3": "4",
    "refcode_4": "",
    "refcode_short": "Ev-SG 50.4",
    "refcode_long": "Evangelism -- Study Guide, p. 50.4 (Ellen G. White Estate)",
    "element_type": "p",
    "element_subtype": "standard-indented",
    "content": "1. &ldquo;Men boldly teach for ___________________ the commandments of __________________; and as traditions pass on from age to age, they acquire a power over the human mind. But ___________ does not make error _________________________, neither does its burdensome weight cause the plant of truth to become a parasite.&rdquo; (<span class=\"egwlink egwlink_book\" title=\"Ev 589.1\" data-link=\"30.3268\">589:1</span>)",
    "puborder": 475,
    "translations": []
  },
  {
    "para_id": "14020.528",
    "id_prev": "14020.527",
    "id_next": "14020.529",
    "refcode_1": "Ev-SG",
    "refcode_2": "50",
    "refcode_3": "5",
    "refcode_4": "",
    "refcode_short": "Ev-SG 50.5",
    "refcode_long": "Evangelism -- Study Guide, p. 50.5 (Ellen G. White Estate)",
    "element_type": "p",
    "element_subtype": "standard-indented",
    "content": "2. &ldquo;All should ____________________ ______________________ with God&rsquo;s Word; because Satan perverts and ___________________ Scripture, and men follow his example by presenting part of God&rsquo;s Word to those whom they wish to lead in false paths, ________________ the part which would spoil their plans.&rdquo; (<span class=\"egwlink egwlink_book\" title=\"Ev 591.1\" data-link=\"30.3276\">591:1</span>)",
    "puborder": 476,
    "translations": []
  },
  {
    "para_id": "14020.529",
    "id_prev": "14020.528",
    "id_next": "14020.530",
    "refcode_1": "Ev-SG",
    "refcode_2": "50",
    "refcode_3": "6",
    "refcode_4": "",
    "refcode_short": "Ev-SG 50.6",
    "refcode_long": "Evangelism -- Study Guide, p. 50.6 (Ellen G. White Estate)",
    "element_type": "p",
    "element_subtype": "standard-indented",
    "content": "3. &ldquo;Science, so-called, and ________________________ will be placed in _____________________________ to each other, because finite men do not comprehend the power and ________________________ of God.&rdquo; (<span class=\"egwlink egwlink_book\" title=\"Ev 593.1\" data-link=\"30.3288\">593:1</span>)",
    "puborder": 477,
    "translations": []
  },
  {
    "para_id": "14020.530",
    "id_prev": "14020.529",
    "id_next": "14020.531",
    "refcode_1": "Ev-SG",
    "refcode_2": "50",
    "refcode_3": "7",
    "refcode_4": "",
    "refcode_short": "Ev-SG 50.7",
    "refcode_long": "Evangelism -- Study Guide, p. 50.7 (Ellen G. White Estate)",
    "element_type": "p",
    "element_subtype": "standard-indented",
    "content": "4. What two false doctrines are we to beware? (<span class=\"egwlink egwlink_book\" title=\"Ev 595.2\" data-link=\"30.3300\">595:2, 3-596:0</span>)<br />\r\na. ____________________________________________________________<br />\r\nb. ____________________________________________________________",
    "puborder": 478,
    "translations": []
  },
  {
    "para_id": "14020.531",
    "id_prev": "14020.530",
    "id_next": "14020.532",
    "refcode_1": "Ev-SG",
    "refcode_2": "50",
    "refcode_3": "8",
    "refcode_4": "",
    "refcode_short": "Ev-SG 50.8",
    "refcode_long": "Evangelism -- Study Guide, p. 50.8 (Ellen G. White Estate)",
    "element_type": "p",
    "element_subtype": "standard-indented",
    "content": "5. What is another false doctrine of men that is Satan-inspired? (<span class=\"egwlink egwlink_book\" title=\"Ev 597.3\" data-link=\"30.3309\">597:3- 598:0</span>) ___________________________________________________________________",
    "puborder": 479,
    "translations": []
  },
  {
    "para_id": "14020.532",
    "id_prev": "14020.531",
    "id_next": "14020.534",
    "refcode_1": "Ev-SG",
    "refcode_2": "50",
    "refcode_3": "9",
    "refcode_4": "",
    "refcode_short": "Ev-SG 50.9",
    "refcode_long": "Evangelism -- Study Guide, p. 50.9 (Ellen G. White Estate)",
    "element_type": "p",
    "element_subtype": "standard-indented",
    "content": "6. What theory expresses the belief that God is an all-pervading essence in nature? (<span class=\"egwlink egwlink_book\" title=\"Ev 601.1\" data-link=\"30.3331\">601:1,2</span>) ____________________________________________________________",
    "puborder": 480,
    "translations": []
  },
  {
    "para_id": "14020.534",
    "id_prev": "14020.532",
    "id_next": "14020.535",
    "refcode_1": "Ev-SG",
    "refcode_2": "51",
    "refcode_3": "1",
    "refcode_4": "",
    "refcode_short": "Ev-SG 51.1",
    "refcode_long": "Evangelism -- Study Guide, p. 51.1 (Ellen G. White Estate)",
    "element_type": "p",
    "element_subtype": "standard-indented",
    "content": "7. &ldquo;If God is an _____________________________ pervading all nature, then He dwells in all men; and in order to attain __________________, man has only to _______________________ the power that is within him.&rdquo; (<span class=\"egwlink egwlink_book\" title=\"Ev 601.3\" data-link=\"30.3333\">601:3</span>)",
    "puborder": 481,
    "translations": []
  },
  {
    "para_id": "14020.535",
    "id_prev": "14020.534",
    "id_next": "14020.536",
    "refcode_1": "Ev-SG",
    "refcode_2": "51",
    "refcode_3": "2",
    "refcode_4": "",
    "refcode_short": "Ev-SG 51.2",
    "refcode_long": "Evangelism -- Study Guide, p. 51.2 (Ellen G. White Estate)",
    "element_type": "p",
    "element_subtype": "standard-indented",
    "content": "8. Pantheism, with its &ldquo;logical&rdquo; conclusions, does away with what need? (<span class=\"egwlink egwlink_book\" title=\"Ev 601.4\" data-link=\"30.3334\">601:4-602:0</span>) ___________________________________________________________________",
    "puborder": 482,
    "translations": []
  },
  {
    "para_id": "14020.536",
    "id_prev": "14020.535",
    "id_next": "14020.537",
    "refcode_1": "Ev-SG",
    "refcode_2": "51",
    "refcode_3": "3",
    "refcode_4": "",
    "refcode_short": "Ev-SG 51.3",
    "refcode_long": "Evangelism -- Study Guide, p. 51.3 (Ellen G. White Estate)",
    "element_type": "p",
    "element_subtype": "standard-indented",
    "content": "9. &ldquo;The doctrine of ___________________________________ after death, of the spirits of the ___________________________________ being in communion with the _________________________, has no ______________________________ in the Scriptures, and yet these theories are affirmed as truth. Through this false doctrine the way has been opened for the ________________________ of _______________ to deceive the people in representing themselves as the dead.&rdquo; (<span class=\"egwlink egwlink_book\" title=\"Ev 603.1\" data-link=\"30.3344\">603:1</span>)",
    "puborder": 483,
    "translations": []
  },
  {
    "para_id": "14020.537",
    "id_prev": "14020.536",
    "id_next": "14020.538",
    "refcode_1": "Ev-SG",
    "refcode_2": "51",
    "refcode_3": "4",
    "refcode_4": "",
    "refcode_short": "Ev-SG 51.4",
    "refcode_long": "Evangelism -- Study Guide, p. 51.4 (Ellen G. White Estate)",
    "element_type": "p",
    "element_subtype": "standard-indented",
    "content": "10. The practice of communicating with the dead goes under the name of _____________________________. (<span class=\"egwlink egwlink_book\" title=\"Ev 603.3\" data-link=\"30.3346\">603:3</span>)",
    "puborder": 484,
    "translations": []
  },
  {
    "para_id": "14020.538",
    "id_prev": "14020.537",
    "id_next": "14020.539",
    "refcode_1": "Ev-SG",
    "refcode_2": "51",
    "refcode_3": "5",
    "refcode_4": "",
    "refcode_short": "Ev-SG 51.5",
    "refcode_long": "Evangelism -- Study Guide, p. 51.5 (Ellen G. White Estate)",
    "element_type": "p",
    "element_subtype": "standard-indented",
    "content": "11. &ldquo;Satan is a _______________________________ foe. And it is not difficult for the _______________________ angels to represent both _________________________ and __________________________ who have died, and make these representations __________________ to human eyes. These manifestations will be more _______________, and developments of a more ___________________________ character will appear as we near the close of time.&rdquo; (<span class=\"egwlink egwlink_book\" title=\"Ev 604.3\" data-link=\"30.3350\">604:3</span>)",
    "puborder": 485,
    "translations": []
  },
  {
    "para_id": "14020.539",
    "id_prev": "14020.538",
    "id_next": "14020.540",
    "refcode_1": "Ev-SG",
    "refcode_2": "51",
    "refcode_3": "6",
    "refcode_4": "",
    "refcode_short": "Ev-SG 51.6",
    "refcode_long": "Evangelism -- Study Guide, p. 51.6 (Ellen G. White Estate)",
    "element_type": "p",
    "element_subtype": "standard-indented",
    "content": "12. &ldquo;The apostles of nearly all forms of ____________________________________ claim to have the power to _________________ the ______________.&rdquo; (<span class=\"egwlink egwlink_book\" title=\"Ev 606.2\" data-link=\"30.3360\">606:2</span>)",
    "puborder": 486,
    "translations": []
  },
  {
    "para_id": "14020.540",
    "id_prev": "14020.539",
    "id_next": "14020.541",
    "refcode_1": "Ev-SG",
    "refcode_2": "51",
    "refcode_3": "7",
    "refcode_4": "",
    "refcode_short": "Ev-SG 51.7",
    "refcode_long": "Evangelism -- Study Guide, p. 51.7 (Ellen G. White Estate)",
    "element_type": "p",
    "element_subtype": "standard-indented",
    "content": "13. &ldquo;The ___________________________, watching by the ____________ ___________________________ of her child, exclaims, &ldquo;I, can do no more! Is there no physician who has power to restore my child! She is told of the wonderful ___________________ performed by some __________________________________ or magnetic healer, and she ______________________________ her dear one to his charge, placing it as verily in the hand of ________________________________ as if he were standing by her side. In many instances, the future life of the child is _______________________________________ by a satanic power, which it seems ___________________________ to break.&rdquo; (606:3)",
    "puborder": 487,
    "translations": []
  },
  {
    "para_id": "14020.541",
    "id_prev": "14020.540",
    "id_next": "14020.542",
    "refcode_1": "Ev-SG",
    "refcode_2": "51",
    "refcode_3": "8",
    "refcode_4": "",
    "refcode_short": "Ev-SG 51.8",
    "refcode_long": "Evangelism -- Study Guide, p. 51.8 (Ellen G. White Estate)",
    "element_type": "p",
    "element_subtype": "standard-indented",
    "content": "14. &ldquo;The prayer of faith is the great _________________________________ of the Christian, and will assuredly ______________________________ against ______________________________________. This is why he insinuates that we have no need of _______________________________.&rdquo; (<span class=\"egwlink egwlink_book\" title=\"Ev 609.3\" data-link=\"30.3375\">609:3</span>)",
    "puborder": 488,
    "translations": []
  },
  {
    "para_id": "14020.542",
    "id_prev": "14020.541",
    "id_next": "14020.543",
    "refcode_1": "Ev-SG",
    "refcode_2": "51",
    "refcode_3": "9",
    "refcode_4": "",
    "refcode_short": "Ev-SG 51.9",
    "refcode_long": "Evangelism -- Study Guide, p. 51.9 (Ellen G. White Estate)",
    "element_type": "p",
    "element_subtype": "standard-indented",
    "content": "15. What is the believer&rsquo;s assurance of eternal life? (<span class=\"egwlink egwlink_book\" title=\"Ev 616.2\" data-link=\"30.3414\">616:2</span>) ___________________________________________________________________",
    "puborder": 489,
    "translations": []
  },
  {
    "para_id": "14020.543",
    "id_prev": "14020.542",
    "id_next": "14020.544",
    "refcode_1": "Ev-SG",
    "refcode_2": "51",
    "refcode_3": "10",
    "refcode_4": "",
    "refcode_short": "Ev-SG 51.10",
    "refcode_long": "Evangelism -- Study Guide, p. 51.10 (Ellen G. White Estate)",
    "element_type": "p",
    "element_subtype": "standard-indented",
    "content": "16. What counsel is given regarding the refuting of spiritism and other false theories? (<span class=\"egwlink egwlink_book\" title=\"Ev 624.3\" data-link=\"30.3463\">624:3</span>) _____________________________________________________________ ___________________________________________________________________",
    "puborder": 490,
    "translations": []
  },
  {
    "para_id": "14020.544",
    "id_prev": "14020.543",
    "id_next": "14020.545",
    "refcode_1": "Ev-SG",
    "refcode_2": "51",
    "refcode_3": "11",
    "refcode_4": "",
    "refcode_short": "Ev-SG 51.11",
    "refcode_long": "Evangelism -- Study Guide, p. 51.11 (Ellen G. White Estate)",
    "element_type": "p",
    "element_subtype": "standard-indented",
    "content": "17. &ldquo;God has a work for His faithful servants to do. The attacks of the enemy must be _______________________ with the _____________________ of His ______________________________.&rdquo; (<span class=\"egwlink egwlink_book\" title=\"Ev 625.1\" data-link=\"30.3468\">625:1</span>)",
    "puborder": 491,
    "translations": []
  },
  {
    "para_id": "14020.545",
    "id_prev": "14020.544",
    "id_next": "14020.546",
    "refcode_1": "Ev-SG",
    "refcode_2": "51",
    "refcode_3": "12",
    "refcode_4": "",
    "refcode_short": "Ev-SG 51.12",
    "refcode_long": "Evangelism -- Study Guide, p. 51.12 (Ellen G. White Estate)",
    "element_type": "p",
    "element_subtype": "standard-indented",
    "content": "C. For Meditation",
    "puborder": 492,
    "translations": []
  },
  {
    "para_id": "14020.546",
    "id_prev": "14020.545",
    "id_next": "14020.547",
    "refcode_1": "Ev-SG",
    "refcode_2": "51",
    "refcode_3": "13",
    "refcode_4": "",
    "refcode_short": "Ev-SG 51.13",
    "refcode_long": "Evangelism -- Study Guide, p. 51.13 (Ellen G. White Estate)",
    "element_type": "p",
    "element_subtype": "standard-indented",
    "content": "1. <em>In the event you were ill, would you only be concerned about getting well again, or would it also matter to you from what source your healing came?</em><br />\r\n<br />",
    "puborder": 493,
    "translations": []
  },
  {
    "para_id": "14020.547",
    "id_prev": "14020.546",
    "id_next": "14020.549",
    "refcode_1": "Ev-SG",
    "refcode_2": "51",
    "refcode_3": "14",
    "refcode_4": "",
    "refcode_short": "Ev-SG 51.14",
    "refcode_long": "Evangelism -- Study Guide, p. 51.14 (Ellen G. White Estate)",
    "element_type": "p",
    "element_subtype": "standard-indented",
    "content": "2. <em>Am I a Christian who prays constantly?</em> <br />\r\n<br />",
    "puborder": 494,
    "translations": []
  }
]