[
  {
    "para_id": "99.1601",
    "id_prev": "99.1600",
    "id_next": "99.1602",
    "refcode_1": "2SM",
    "refcode_2": "267",
    "refcode_3": "",
    "refcode_4": "119",
    "refcode_short": "2SM 267",
    "refcode_long": "Selected Messages Book 2, p. 267 (Ellen Gould White)",
    "element_type": "h4",
    "element_subtype": "",
    "content": "Ellen White in Her Hour of Bereavement",
    "puborder": 1187,
    "translations": [
      {
        "para_id": "602.1593",
        "lang": "de",
        "refcode": "FG2 271"
      },
      {
        "para_id": "201.1684",
        "lang": "es",
        "refcode": "2MS 305"
      },
      {
        "para_id": "207.1675",
        "lang": "fr",
        "refcode": "MC2 305"
      },
      {
        "para_id": "11602.1573",
        "lang": "nb",
        "refcode": "PFG2 266"
      },
      {
        "para_id": "12375.1584",
        "lang": "pl",
        "refcode": "WP2 249"
      },
      {
        "para_id": "11098.1599",
        "lang": "pt",
        "refcode": "ME2 267"
      },
      {
        "para_id": "1782.1576",
        "lang": "ru",
        "refcode": "2ИВ 267"
      },
      {
        "para_id": "13947.1480",
        "lang": "rw",
        "refcode": "UB2 213"
      }
    ]
  },
  {
    "para_id": "99.1602",
    "id_prev": "99.1601",
    "id_next": "99.1603",
    "refcode_1": "2SM",
    "refcode_2": "267",
    "refcode_3": "3",
    "refcode_4": "",
    "refcode_short": "2SM 267.3",
    "refcode_long": "Selected Messages Book 2, p. 267.3 (Ellen Gould White)",
    "element_type": "p",
    "element_subtype": "standard-indented",
    "content": "In my recent bereavement, I have had a near view of eternity. I have, as it were, been brought before the great white throne, and have seen my life as it will there appear. I can find nothing of which to boast, no merit that I can plead. &ldquo;Unworthy, unworthy of the least of Thy favors, O my God,&rdquo; is my cry. My only hope is in a crucified and risen Saviour. I claim the merits of the blood of Christ. Jesus will save to the uttermost all who put their trust in Him.",
    "puborder": 1188,
    "translations": [
      {
        "para_id": "602.1594",
        "lang": "de",
        "refcode": "FG2 271.2"
      },
      {
        "para_id": "201.1685",
        "lang": "es",
        "refcode": "2MS 305.3"
      },
      {
        "para_id": "207.1676",
        "lang": "fr",
        "refcode": "MC2 305.4"
      },
      {
        "para_id": "11602.1574",
        "lang": "nb",
        "refcode": "PFG2 266.5"
      },
      {
        "para_id": "12375.1585",
        "lang": "pl",
        "refcode": "WP2 249.4"
      },
      {
        "para_id": "11098.1600",
        "lang": "pt",
        "refcode": "ME2 267.3"
      },
      {
        "para_id": "1782.1577",
        "lang": "ru",
        "refcode": "2ИВ 267.3"
      },
      {
        "para_id": "1782.1578",
        "lang": "ru",
        "refcode": "2ИВ 267.4"
      },
      {
        "para_id": "13947.1481",
        "lang": "rw",
        "refcode": "UB2 213.4"
      }
    ]
  },
  {
    "para_id": "99.1603",
    "id_prev": "99.1602",
    "id_next": "99.1606",
    "refcode_1": "2SM",
    "refcode_2": "267",
    "refcode_3": "4",
    "refcode_4": "",
    "refcode_short": "2SM 267.4",
    "refcode_long": "Selected Messages Book 2, p. 267.4 (Ellen Gould White)",
    "element_type": "p",
    "element_subtype": "standard-indented",
    "content": "It is sometimes hard for me to preserve a cheerful countenance when my heart is rent with anguish. But I would not permit my sorrow to cast a gloom upon all around me. Seasons of affliction and bereavement are often rendered more sorrowful and distressing than they should be, because it is customary to give ourselves up to mourning without restraint. By the help of Jesus, I determined to shun this evil; but my resolution has been severely tested. My husband&apos;s death was a heavy blow to me, more keenly felt because so sudden. As I saw the seal of death upon his countenance, my feelings were almost insupportable. I longed to cry out in my anguish. But I knew that this could not save the life of my loved one, and I felt that it would be unchristian to give myself up to sorrow. I sought help and <span class=\"page-break\" data-page=\"268\"></span> comfort from above, and the promises of God were verified to me. The Lord&apos;s hand sustained me. It is a sin to indulge, without restraint, in mourning and lamentation. By the grace of Christ, we may be composed and even cheerful under sore trial.",
    "puborder": 1189,
    "translations": [
      {
        "para_id": "602.1595",
        "lang": "de",
        "refcode": "FG2 271.3"
      },
      {
        "para_id": "201.1686",
        "lang": "es",
        "refcode": "2MS 305.4"
      },
      {
        "para_id": "207.1677",
        "lang": "fr",
        "refcode": "MC2 305.5"
      },
      {
        "para_id": "11602.1577",
        "lang": "nb",
        "refcode": "PFG2 267.1"
      },
      {
        "para_id": "12375.1586",
        "lang": "pl",
        "refcode": "WP2 249.5"
      },
      {
        "para_id": "11098.1601",
        "lang": "pt",
        "refcode": "ME2 267.4"
      },
      {
        "para_id": "1782.1579",
        "lang": "ru",
        "refcode": "2ИВ 267.5"
      },
      {
        "para_id": "13947.1482",
        "lang": "rw",
        "refcode": "UB2 213.5"
      }
    ]
  },
  {
    "para_id": "99.1606",
    "id_prev": "99.1603",
    "id_next": "99.1607",
    "refcode_1": "2SM",
    "refcode_2": "268",
    "refcode_3": "1",
    "refcode_4": "",
    "refcode_short": "2SM 268.1",
    "refcode_long": "Selected Messages Book 2, p. 268.1 (Ellen Gould White)",
    "element_type": "p",
    "element_subtype": "standard-indented",
    "content": "Let us learn a lesson of courage and fortitude from the last interview of Christ with His apostles. They were about to be separated. Our Saviour was entering the bloodstained path which would lead Him to Calvary. Never was scene more trying than that through which He was soon to pass. The apostles had heard the words of Christ foretelling His sufferings and death, and their hearts were heavy with sorrow, their minds distracted with doubt and fear. Yet there were no loud outcries; there was no abandonment of grief. Those last solemn, momentous hours were spent by our Saviour in speaking words of comfort and assurance to His disciples, and then all united in a hymn of praise....",
    "puborder": 1190,
    "translations": [
      {
        "para_id": "602.1598",
        "lang": "de",
        "refcode": "FG2 272.1"
      },
      {
        "para_id": "201.1689",
        "lang": "es",
        "refcode": "2MS 306.1"
      },
      {
        "para_id": "207.1680",
        "lang": "fr",
        "refcode": "MC2 306.1"
      },
      {
        "para_id": "11602.1578",
        "lang": "nb",
        "refcode": "PFG2 267.2"
      },
      {
        "para_id": "12375.1589",
        "lang": "pl",
        "refcode": "WP2 250.1"
      },
      {
        "para_id": "11098.1604",
        "lang": "pt",
        "refcode": "ME2 268.1"
      },
      {
        "para_id": "1782.1582",
        "lang": "ru",
        "refcode": "2ИВ 268.1"
      },
      {
        "para_id": "13947.1485",
        "lang": "rw",
        "refcode": "UB2 214.1"
      }
    ]
  },
  {
    "para_id": "99.1607",
    "id_prev": "99.1606",
    "id_next": "99.1608",
    "refcode_1": "2SM",
    "refcode_2": "268",
    "refcode_3": "",
    "refcode_4": "92",
    "refcode_short": "2SM 268",
    "refcode_long": "Selected Messages Book 2, p. 268 (Ellen Gould White)",
    "element_type": "h5",
    "element_subtype": "",
    "content": "A Time for Prayer and Praise",
    "puborder": 1191,
    "translations": [
      {
        "para_id": "602.1599",
        "lang": "de",
        "refcode": "FG2 272"
      },
      {
        "para_id": "201.1690",
        "lang": "es",
        "refcode": "2MS 306"
      },
      {
        "para_id": "207.1681",
        "lang": "fr",
        "refcode": "MC2 306"
      },
      {
        "para_id": "11602.1581",
        "lang": "nb",
        "refcode": "PFG2 268"
      },
      {
        "para_id": "12375.1590",
        "lang": "pl",
        "refcode": "WP2 250"
      },
      {
        "para_id": "11098.1605",
        "lang": "pt",
        "refcode": "ME2 268"
      },
      {
        "para_id": "1782.1583",
        "lang": "ru",
        "refcode": "2ИВ 268"
      },
      {
        "para_id": "13947.1486",
        "lang": "rw",
        "refcode": "UB2 214"
      }
    ]
  },
  {
    "para_id": "99.1608",
    "id_prev": "99.1607",
    "id_next": "99.1609",
    "refcode_1": "2SM",
    "refcode_2": "268",
    "refcode_3": "2",
    "refcode_4": "",
    "refcode_short": "2SM 268.2",
    "refcode_long": "Selected Messages Book 2, p. 268.2 (Ellen Gould White)",
    "element_type": "p",
    "element_subtype": "standard-indented",
    "content": "When difficulties and trials surround us, we should flee to God, and confidently expect help from Him who is mighty to save and strong to deliver. We must ask for God&apos;s blessing if we would receive it. Prayer is a duty and a necessity; but do we not neglect praise? Should we not oftener render thanksgiving to the Giver of all our blessings? We need to cultivate gratitude. We should frequently contemplate and recount the mercies of God, and laud and glorify His holy name, even when we are passing through sorrow and affliction....",
    "puborder": 1192,
    "translations": [
      {
        "para_id": "602.1600",
        "lang": "de",
        "refcode": "FG2 272.2"
      },
      {
        "para_id": "201.1691",
        "lang": "es",
        "refcode": "2MS 306.2"
      },
      {
        "para_id": "207.1682",
        "lang": "fr",
        "refcode": "MC2 306.2"
      },
      {
        "para_id": "11602.1582",
        "lang": "nb",
        "refcode": "PFG2 268.1"
      },
      {
        "para_id": "12375.1591",
        "lang": "pl",
        "refcode": "WP2 250.2"
      },
      {
        "para_id": "11098.1606",
        "lang": "pt",
        "refcode": "ME2 268.2"
      },
      {
        "para_id": "1782.1584",
        "lang": "ru",
        "refcode": "2ИВ 268.2"
      },
      {
        "para_id": "13947.1487",
        "lang": "rw",
        "refcode": "UB2 214.2"
      }
    ]
  },
  {
    "para_id": "99.1609",
    "id_prev": "99.1608",
    "id_next": "99.1612",
    "refcode_1": "2SM",
    "refcode_2": "268",
    "refcode_3": "3",
    "refcode_4": "",
    "refcode_short": "2SM 268.3",
    "refcode_long": "Selected Messages Book 2, p. 268.3 (Ellen Gould White)",
    "element_type": "p",
    "element_subtype": "standard-indented",
    "content": "The Lord&apos;s merciful kindness is great toward us. He will never leave nor forsake those who trust in Him. If we would think and talk less of our trials, and more of the mercy and goodness of God, we would find ourselves raised above much of our gloom and perplexity. My brethren and sisters, you who feel that you are entering upon a dark path, and like the captives in Babylon must hang your harps upon the willows, let us make trial of cheerful song. You may say, How can I sing, with this dark prospect before me, with this burden of sorrow and bereavement upon my <span class=\"page-break\" data-page=\"269\"></span> soul? But have earthly sorrows deprived us of the all-powerful Friend we have in Jesus? Should not the marvelous love of God in the gift of His dear Son be a theme of continual rejoicing? When we bring our petitions to the throne of grace, let us not forget to offer also anthems of thanksgiving. &ldquo;Whoso offereth praise glorifieth Me&rdquo; (<span class=\"egwlink egwlink_bible\" title=\"Psalm 50:23\" data-link=\"1965.29932\">Psalm 50:23</span>). As long as our Saviour lives, we have cause for unceasing gratitude and praise.&mdash;<span class=\"egwlink egwlink_book\" title=\"RH 11-1-1881\" data-link=\"821.4048\">The Review and Herald, November 1, 1881</span>.",
    "puborder": 1193,
    "translations": [
      {
        "para_id": "602.1601",
        "lang": "de",
        "refcode": "FG2 272.3"
      },
      {
        "para_id": "602.1604",
        "lang": "de",
        "refcode": "FG2 273.1"
      },
      {
        "para_id": "201.1693",
        "lang": "es",
        "refcode": "2MS 307.1"
      },
      {
        "para_id": "207.1685",
        "lang": "fr",
        "refcode": "MC2 307.1"
      },
      {
        "para_id": "11602.1583",
        "lang": "nb",
        "refcode": "PFG2 268.2"
      },
      {
        "para_id": "12375.1592",
        "lang": "pl",
        "refcode": "WP2 250.3"
      },
      {
        "para_id": "11098.1607",
        "lang": "pt",
        "refcode": "ME2 268.3"
      },
      {
        "para_id": "1782.1585",
        "lang": "ru",
        "refcode": "2ИВ 268.3"
      },
      {
        "para_id": "13947.1488",
        "lang": "rw",
        "refcode": "UB2 214.3"
      }
    ]
  }
]