[
  {
    "para_id": "99.322",
    "id_prev": "99.321",
    "id_next": "99.323",
    "refcode_1": "2SM",
    "refcode_2": "58",
    "refcode_3": "",
    "refcode_4": "39",
    "refcode_short": "2SM 58",
    "refcode_long": "Selected Messages Book 2, p. 58 (Ellen Gould White)",
    "element_type": "h4",
    "element_subtype": "",
    "content": "Look Constantly to Jesus",
    "puborder": 234,
    "translations": [
      {
        "para_id": "602.338",
        "lang": "de",
        "refcode": "FG2 57"
      },
      {
        "para_id": "201.360",
        "lang": "es",
        "refcode": "2MS 67"
      },
      {
        "para_id": "207.355",
        "lang": "fr",
        "refcode": "MC2 67"
      },
      {
        "para_id": "11602.311",
        "lang": "nb",
        "refcode": "PFG2 58"
      },
      {
        "para_id": "12375.329",
        "lang": "pl",
        "refcode": "WP2 56"
      },
      {
        "para_id": "11098.343",
        "lang": "pt",
        "refcode": "ME2 58"
      },
      {
        "para_id": "1782.306",
        "lang": "ru",
        "refcode": "2ИВ 58"
      },
      {
        "para_id": "13947.307",
        "lang": "rw",
        "refcode": "UB2 48"
      }
    ]
  },
  {
    "para_id": "99.323",
    "id_prev": "99.322",
    "id_next": "99.326",
    "refcode_1": "2SM",
    "refcode_2": "58",
    "refcode_3": "4",
    "refcode_4": "",
    "refcode_short": "2SM 58.4",
    "refcode_long": "Selected Messages Book 2, p. 58.4 (Ellen Gould White)",
    "element_type": "p",
    "element_subtype": "standard-indented",
    "content": "Under the showers of the latter rain the inventions of man, the human machinery, will at times be swept away, the boundary of man&apos;s authority will be as broken reeds, <span class=\"page-break\" data-page=\"59\"></span> and the Holy Spirit will speak through the living, human agent, with convincing power. No one then will watch to see if the sentences are well rounded off, if the grammar is faultless. The living water will flow in God&apos;s own channels.",
    "puborder": 235,
    "translations": [
      {
        "para_id": "602.339",
        "lang": "de",
        "refcode": "FG2 57.2"
      },
      {
        "para_id": "201.361",
        "lang": "es",
        "refcode": "2MS 67.1"
      },
      {
        "para_id": "207.356",
        "lang": "fr",
        "refcode": "MC2 67.1"
      },
      {
        "para_id": "11602.312",
        "lang": "nb",
        "refcode": "PFG2 58.3"
      },
      {
        "para_id": "12375.330",
        "lang": "pl",
        "refcode": "WP2 56.3"
      },
      {
        "para_id": "11098.344",
        "lang": "pt",
        "refcode": "ME2 58.4"
      },
      {
        "para_id": "1782.307",
        "lang": "ru",
        "refcode": "2ИВ 58.4"
      },
      {
        "para_id": "13947.308",
        "lang": "rw",
        "refcode": "UB2 48.1"
      }
    ]
  },
  {
    "para_id": "99.326",
    "id_prev": "99.323",
    "id_next": "99.327",
    "refcode_1": "2SM",
    "refcode_2": "59",
    "refcode_3": "1",
    "refcode_4": "",
    "refcode_short": "2SM 59.1",
    "refcode_long": "Selected Messages Book 2, p. 59.1 (Ellen Gould White)",
    "element_type": "p",
    "element_subtype": "standard-indented",
    "content": "But let us be careful now not to exalt men, their sayings, and doings; and let not anyone consider it a grand point to have a startling experience to relate; for here is a fruitful field where credence will be given to unworthy persons. Young men and women will be lifted up, and will regard themselves as wonderfully favored, called to do some great thing. There will be conversions many, after a peculiar order, but they will not bear the divine signature. Immorality will come in, and extravagance, and many will make shipwreck of faith.",
    "puborder": 236,
    "translations": [
      {
        "para_id": "602.340",
        "lang": "de",
        "refcode": "FG2 57.3"
      },
      {
        "para_id": "201.362",
        "lang": "es",
        "refcode": "2MS 67.2"
      },
      {
        "para_id": "207.357",
        "lang": "fr",
        "refcode": "MC2 67.2"
      },
      {
        "para_id": "11602.315",
        "lang": "nb",
        "refcode": "PFG2 59.1"
      },
      {
        "para_id": "12375.331",
        "lang": "pl",
        "refcode": "WP2 56.4"
      },
      {
        "para_id": "11098.347",
        "lang": "pt",
        "refcode": "ME2 59.1"
      },
      {
        "para_id": "1782.310",
        "lang": "ru",
        "refcode": "2ИВ 59.1"
      },
      {
        "para_id": "13947.309",
        "lang": "rw",
        "refcode": "UB2 48.2"
      }
    ]
  },
  {
    "para_id": "99.327",
    "id_prev": "99.326",
    "id_next": "99.328",
    "refcode_1": "2SM",
    "refcode_2": "59",
    "refcode_3": "2",
    "refcode_4": "",
    "refcode_short": "2SM 59.2",
    "refcode_long": "Selected Messages Book 2, p. 59.2 (Ellen Gould White)",
    "element_type": "p",
    "element_subtype": "standard-indented",
    "content": "Our only safety is in keeping fast hold of Jesus. Never are we to lose sight of Him. He says, &ldquo;Without me ye can do nothing&rdquo; (<span class=\"egwlink egwlink_bible\" title=\"John 15:5\" data-link=\"1965.54466\">John 15:5</span>). We must cultivate an abiding sense of our own inefficiency and helplessness and rely wholly on Jesus. This should keep us individually calm and steadfast in words and deportment. Excitement in the speaker is not power but weakness. Earnestness and energy are essential in presenting Bible truth, the gospel, which is the power of God unto salvation",
    "puborder": 237,
    "translations": [
      {
        "para_id": "602.343",
        "lang": "de",
        "refcode": "FG2 58.1"
      },
      {
        "para_id": "201.363",
        "lang": "es",
        "refcode": "2MS 67.3"
      },
      {
        "para_id": "207.358",
        "lang": "fr",
        "refcode": "MC2 67.3"
      },
      {
        "para_id": "11602.316",
        "lang": "nb",
        "refcode": "PFG2 59.2"
      },
      {
        "para_id": "12375.334",
        "lang": "pl",
        "refcode": "WP2 57.1"
      },
      {
        "para_id": "11098.348",
        "lang": "pt",
        "refcode": "ME2 59.2"
      },
      {
        "para_id": "1782.311",
        "lang": "ru",
        "refcode": "2ИВ 59.2"
      },
      {
        "para_id": "13947.310",
        "lang": "rw",
        "refcode": "UB2 48.3"
      }
    ]
  },
  {
    "para_id": "99.328",
    "id_prev": "99.327",
    "id_next": "99.331",
    "refcode_1": "2SM",
    "refcode_2": "59",
    "refcode_3": "3",
    "refcode_4": "",
    "refcode_short": "2SM 59.3",
    "refcode_long": "Selected Messages Book 2, p. 59.3 (Ellen Gould White)",
    "element_type": "p",
    "element_subtype": "standard-indented",
    "content": "There are quicksands upon which many are in danger of being swamped. It is always safe to seek for the earnest of the Spirit of God, if we do not mingle with it a force and presumption that is not heaven born. There is need of caution in all our utterances lest some poor souls of ardent temperament shall work themselves up into a zeal not according to knowledge. They will act as though it was their prerogative to use the Holy Spirit instead of letting the Holy Spirit use them, and mold and fashion them after the pattern of the divine. There is danger of running ahead of Christ. We should honor the Holy Spirit by following where it shall lead. &ldquo;Lean not unto thine own understanding&rdquo; (<span class=\"egwlink egwlink_bible\" title=\"Proverbs 3:5\" data-link=\"1965.33574\">Proverbs 3:5</span>). This is one danger of those who teach the truth to others. To follow where <span class=\"page-break\" data-page=\"60\"></span> Christ leads is a safe path for our feet. His work will stand. Whatsoever God saith is truth.",
    "puborder": 238,
    "translations": [
      {
        "para_id": "602.344",
        "lang": "de",
        "refcode": "FG2 58.2"
      },
      {
        "para_id": "201.366",
        "lang": "es",
        "refcode": "2MS 68.1"
      },
      {
        "para_id": "207.361",
        "lang": "fr",
        "refcode": "MC2 68.1"
      },
      {
        "para_id": "11602.317",
        "lang": "nb",
        "refcode": "PFG2 59.3"
      },
      {
        "para_id": "12375.335",
        "lang": "pl",
        "refcode": "WP2 57.2"
      },
      {
        "para_id": "11098.349",
        "lang": "pt",
        "refcode": "ME2 59.3"
      },
      {
        "para_id": "1782.312",
        "lang": "ru",
        "refcode": "2ИВ 59.3"
      },
      {
        "para_id": "13947.311",
        "lang": "rw",
        "refcode": "UB2 48.4"
      }
    ]
  },
  {
    "para_id": "99.331",
    "id_prev": "99.328",
    "id_next": "99.332",
    "refcode_1": "2SM",
    "refcode_2": "60",
    "refcode_3": "1",
    "refcode_4": "",
    "refcode_short": "2SM 60.1",
    "refcode_long": "Selected Messages Book 2, p. 60.1 (Ellen Gould White)",
    "element_type": "p",
    "element_subtype": "standard-indented",
    "content": "But ministers who bear the last message of mercy to fallen men must utter no random words; they must not open doors whereby Satan shall find access to human minds. It is not our work to experiment, to study out something new and startling that will create excitement. Satan is watching his chance to take advantage of anything of this order that he may bring in his deceiving elements. The Holy Spirit&apos;s moving upon the human agents will keep the mind well balanced. There will not be a wrought-up excitement, to be followed by reaction.",
    "puborder": 239,
    "translations": [
      {
        "para_id": "602.345",
        "lang": "de",
        "refcode": "FG2 58.3"
      },
      {
        "para_id": "201.367",
        "lang": "es",
        "refcode": "2MS 68.2"
      },
      {
        "para_id": "207.362",
        "lang": "fr",
        "refcode": "MC2 68.2"
      },
      {
        "para_id": "11602.321",
        "lang": "nb",
        "refcode": "PFG2 60.1"
      },
      {
        "para_id": "12375.336",
        "lang": "pl",
        "refcode": "WP2 57.3"
      },
      {
        "para_id": "11098.352",
        "lang": "pt",
        "refcode": "ME2 60.1"
      },
      {
        "para_id": "1782.315",
        "lang": "ru",
        "refcode": "2ИВ 60.1"
      },
      {
        "para_id": "13947.314",
        "lang": "rw",
        "refcode": "UB2 49.1"
      }
    ]
  },
  {
    "para_id": "99.332",
    "id_prev": "99.331",
    "id_next": "99.333",
    "refcode_1": "2SM",
    "refcode_2": "60",
    "refcode_3": "2",
    "refcode_4": "",
    "refcode_short": "2SM 60.2",
    "refcode_long": "Selected Messages Book 2, p. 60.2 (Ellen Gould White)",
    "element_type": "p",
    "element_subtype": "standard-indented",
    "content": "Satan will make use of every extravagant expression to the injury, not only of the speaker, but of those who shall catch the same spirit and infuse others to their harm. Calmness and solemnity should be cultivated; the solemn truths we dwell upon will lead us to manifest deep earnestness. How can we do otherwise when weighted with the most sacred message to bear to perishing souls&mdash;weighted by the sense of the nearness of our Saviour&apos;s coming.",
    "puborder": 240,
    "translations": [
      {
        "para_id": "602.345",
        "lang": "de",
        "refcode": "FG2 58.3"
      },
      {
        "para_id": "201.368",
        "lang": "es",
        "refcode": "2MS 68.3"
      },
      {
        "para_id": "207.363",
        "lang": "fr",
        "refcode": "MC2 68.3"
      },
      {
        "para_id": "11602.322",
        "lang": "nb",
        "refcode": "PFG2 60.2"
      },
      {
        "para_id": "12375.337",
        "lang": "pl",
        "refcode": "WP2 57.4"
      },
      {
        "para_id": "11098.353",
        "lang": "pt",
        "refcode": "ME2 60.2"
      },
      {
        "para_id": "1782.316",
        "lang": "ru",
        "refcode": "2ИВ 60.2"
      },
      {
        "para_id": "13947.315",
        "lang": "rw",
        "refcode": "UB2 49.2"
      }
    ]
  },
  {
    "para_id": "99.333",
    "id_prev": "99.332",
    "id_next": "99.336",
    "refcode_1": "2SM",
    "refcode_2": "60",
    "refcode_3": "3",
    "refcode_4": "",
    "refcode_short": "2SM 60.3",
    "refcode_long": "Selected Messages Book 2, p. 60.3 (Ellen Gould White)",
    "element_type": "p",
    "element_subtype": "standard-indented",
    "content": "If we are constantly looking unto Jesus and receiving His Spirit, we shall have clear eyesight. Then we shall discern the perils on every side, and shall guard every word we utter, lest Satan find opportunity to weave in his deceptions. We do not want to have the minds of the people wrought up into an excitement. We should not encourage an expectation to see strange and wonderful things. But teach them to follow Jesus step by step. Preach Jesus Christ, in whom our hope of eternal life is centered.&mdash;<span class=\"egwlink egwlink_book\" title=\"Lt 102, 1894\" data-link=\"14059.6142001\">Letter 102, 1894</span>.",
    "puborder": 241,
    "translations": [
      {
        "para_id": "602.346",
        "lang": "de",
        "refcode": "FG2 58.4"
      },
      {
        "para_id": "201.371",
        "lang": "es",
        "refcode": "2MS 69.1"
      },
      {
        "para_id": "207.366",
        "lang": "fr",
        "refcode": "MC2 69.1"
      },
      {
        "para_id": "11602.323",
        "lang": "nb",
        "refcode": "PFG2 60.3"
      },
      {
        "para_id": "12375.340",
        "lang": "pl",
        "refcode": "WP2 58.1"
      },
      {
        "para_id": "11098.354",
        "lang": "pt",
        "refcode": "ME2 60.3"
      },
      {
        "para_id": "1782.317",
        "lang": "ru",
        "refcode": "2ИВ 60.3"
      },
      {
        "para_id": "13947.316",
        "lang": "rw",
        "refcode": "UB2 49.3"
      }
    ]
  }
]