[
  {
    "para_id": "721.6",
    "id_prev": "721.5",
    "id_next": "721.7",
    "refcode_1": "SPCCSR",
    "refcode_2": "3",
    "refcode_3": "",
    "refcode_4": "",
    "refcode_short": "SPCCSR 3",
    "refcode_long": "Spirit of Prophecy Counsels Relating To Church-State Relationships, p. 3 (Ellen Gould White)",
    "element_type": "h3",
    "element_subtype": "",
    "content": "A Word From the Compilers",
    "puborder": 5,
    "translations": []
  },
  {
    "para_id": "721.7",
    "id_prev": "721.6",
    "id_next": "721.8",
    "refcode_1": "SPCCSR",
    "refcode_2": "3",
    "refcode_3": "2",
    "refcode_4": "",
    "refcode_short": "SPCCSR 3.2",
    "refcode_long": "Spirit of Prophecy Counsels Relating To Church-State Relationships, p. 3.2 (Ellen Gould White)",
    "element_type": "p",
    "element_subtype": "standard-indented",
    "content": "For seventy years, the administrators of the Seventh-day Adventist Church have been confronted with the question of the acceptance of tax exemptions, grants and gifts. The whole problem is one closely interwoven with the positions which the church has taken on the question of the separation of church and state.",
    "puborder": 6,
    "translations": []
  },
  {
    "para_id": "721.8",
    "id_prev": "721.7",
    "id_next": "721.9",
    "refcode_1": "SPCCSR",
    "refcode_2": "3",
    "refcode_3": "3",
    "refcode_4": "",
    "refcode_short": "SPCCSR 3.3",
    "refcode_long": "Spirit of Prophecy Counsels Relating To Church-State Relationships, p. 3.3 (Ellen Gould White)",
    "element_type": "p",
    "element_subtype": "standard-indented",
    "content": "The Lord, through His messenger, gave to this people in 1895 specific counsel touching on these points. The question of the acceptance of tax exemptions for our churches and for church properties and the question of the acceptance of a grant of 12,000 acres of land in Africa called forth these counsels in a practical setting. These counsels which gave guidance to church leaders in the middle 1890&rsquo;s have often been referred to in meeting problems since that time which fall into the category of the acceptance of government grants.",
    "puborder": 7,
    "translations": []
  },
  {
    "para_id": "721.9",
    "id_prev": "721.8",
    "id_next": "721.10",
    "refcode_1": "SPCCSR",
    "refcode_2": "3",
    "refcode_3": "4",
    "refcode_4": "",
    "refcode_short": "SPCCSR 3.4",
    "refcode_long": "Spirit of Prophecy Counsels Relating To Church-State Relationships, p. 3.4 (Ellen Gould White)",
    "element_type": "p",
    "element_subtype": "standard-indented",
    "content": "At the request of the Chairman of a large committee on church-state relationships, this document presenting all the materials available from Ellen G. White which might have a bearing on the question has been assembled in the office of the Ellen G. White Estate. The White Estate was specifically requested to make the compilation full and complete as we deal with the larger question of church-state relationships as brought out through all of the E. G. White writings. This has led to the manuscript of nearly 200 pages. Unquestionably the full body of materials has a bearing on any one specific problem.",
    "puborder": 8,
    "translations": []
  },
  {
    "para_id": "721.10",
    "id_prev": "721.9",
    "id_next": "721.11",
    "refcode_1": "SPCCSR",
    "refcode_2": "3",
    "refcode_3": "5",
    "refcode_4": "",
    "refcode_short": "SPCCSR 3.5",
    "refcode_long": "Spirit of Prophecy Counsels Relating To Church-State Relationships, p. 3.5 (Ellen Gould White)",
    "element_type": "p",
    "element_subtype": "standard-indented",
    "content": "In the presentation of the matter of tax exemption and grants, the historical background has been provided from correspondence and minutes, enabling the reader to know exactly what matters were before Ellen White at the time she wrote. Some may find the record seemingly too detailed and full. The questions, however, are large and involved, and the compilers felt that the members of the committee would appreciate all that might be available in the way of historical background. In the detailed presentation, sentiments, attitudes and positions as they relate to the questions are reflected. Inasmuch as this section constitutes the heart of the compilation, it has been run on colored stock so that it may be quickly identified.",
    "puborder": 9,
    "translations": []
  },
  {
    "para_id": "721.11",
    "id_prev": "721.10",
    "id_next": "721.12",
    "refcode_1": "SPCCSR",
    "refcode_2": "3",
    "refcode_3": "6",
    "refcode_4": "",
    "refcode_short": "SPCCSR 3.6",
    "refcode_long": "Spirit of Prophecy Counsels Relating To Church-State Relationships, p. 3.6 (Ellen Gould White)",
    "element_type": "p",
    "element_subtype": "standard-indented",
    "content": "No attempt has been made to bring into this compilation materials relating to Sunday legislation and the attitudes of Seventh-day Adventists to such legislation. This is a question by itself and a compilation in this area would be sizeable.",
    "puborder": 10,
    "translations": []
  },
  {
    "para_id": "721.12",
    "id_prev": "721.11",
    "id_next": "721.13",
    "refcode_1": "SPCCSR",
    "refcode_2": "3",
    "refcode_3": "7",
    "refcode_4": "",
    "refcode_short": "SPCCSR 3.7",
    "refcode_long": "Spirit of Prophecy Counsels Relating To Church-State Relationships, p. 3.7 (Ellen Gould White)",
    "element_type": "p",
    "element_subtype": "standard-indented",
    "content": "There are some matters which are thought to be somewhat related which have been introduced in the closing section such as the military draft, labor unions, etc.",
    "puborder": 11,
    "translations": []
  },
  {
    "para_id": "721.13",
    "id_prev": "721.12",
    "id_next": "721.14",
    "refcode_1": "SPCCSR",
    "refcode_2": "3",
    "refcode_3": "8",
    "refcode_4": "",
    "refcode_short": "SPCCSR 3.8",
    "refcode_long": "Spirit of Prophecy Counsels Relating To Church-State Relationships, p. 3.8 (Ellen Gould White)",
    "element_type": "p",
    "element_subtype": "standard-indented",
    "content": "The compilers had before them all available E. G. White materials consisting not only of the current books, but of periodical articles, out-of-print pamphlets, and the E. G. White manuscript files. It was Mrs. White&rsquo;s expectation that her writings, left by her with the Board of Trustees, would continue to serve the church to the end of time. That this compilation may be of service to those who must deal with the present-day problems in the question of government grants is the sincere wish of the compilers.",
    "puborder": 12,
    "translations": []
  },
  {
    "para_id": "721.14",
    "id_prev": "721.13",
    "id_next": "721.15",
    "refcode_1": "SPCCSR",
    "refcode_2": "3",
    "refcode_3": "",
    "refcode_4": "",
    "refcode_short": "",
    "refcode_long": "",
    "element_type": "p",
    "element_subtype": "standard-noindent",
    "content": "Arthur L. White, Secretary",
    "puborder": 13,
    "translations": []
  },
  {
    "para_id": "721.15",
    "id_prev": "721.14",
    "id_next": "721.16",
    "refcode_1": "SPCCSR",
    "refcode_2": "3",
    "refcode_3": "",
    "refcode_4": "",
    "refcode_short": "",
    "refcode_long": "",
    "element_type": "p",
    "element_subtype": "standard-noindent",
    "content": "Ellen G. White Estate",
    "puborder": 14,
    "translations": []
  },
  {
    "para_id": "721.16",
    "id_prev": "721.15",
    "id_next": "721.20",
    "refcode_1": "SPCCSR",
    "refcode_2": "3",
    "refcode_3": "",
    "refcode_4": "",
    "refcode_short": "",
    "refcode_long": "",
    "element_type": "p",
    "element_subtype": "standard-noindent",
    "content": "Washington, D. C. November 19, 1964",
    "puborder": 15,
    "translations": []
  }
]