[
  {
    "para_id": "721.640",
    "id_prev": "721.637",
    "id_next": "721.641",
    "refcode_1": "SPCCSR",
    "refcode_2": "112",
    "refcode_3": "",
    "refcode_4": "",
    "refcode_short": "SPCCSR 112",
    "refcode_long": "Spirit of Prophecy Counsels Relating To Church-State Relationships, p. 112 (Ellen Gould White)",
    "element_type": "h4",
    "element_subtype": "",
    "content": "Not To Become Absorbed In Politics",
    "puborder": 469,
    "translations": [
      {
        "para_id": "12027.646",
        "lang": "ru",
        "refcode": "ЦГ 112"
      }
    ]
  },
  {
    "para_id": "721.641",
    "id_prev": "721.640",
    "id_next": "721.642",
    "refcode_1": "SPCCSR",
    "refcode_2": "112",
    "refcode_3": "1",
    "refcode_4": "",
    "refcode_short": "SPCCSR 112.1",
    "refcode_long": "Spirit of Prophecy Counsels Relating To Church-State Relationships, p. 112.1 (Ellen Gould White)",
    "element_type": "p",
    "element_subtype": "standard-indented",
    "content": "God has warned His people not to become absorbed in politics. We cannot bear the sign of God as His commandment-keeping people, if we mingle with the strife of the world. We are not to give our minds to political issues. God&rsquo;s people are walking contrary to His will when they mix up with politics, and those who commence this work in the Southern states reveal that they are not taught and led by God, but by that spirit which creates contention and strife and every evil work. We are subjects of the Lord&rsquo;s kingdom, and we are to work to establish that kingdom in righteousness.&mdash;<span class=\"egwlink egwlink_book\" title=\"Lt 92, 1899\" data-link=\"14064.5729001\">Letter 92, 1899</span>.",
    "puborder": 470,
    "translations": [
      {
        "para_id": "12027.647",
        "lang": "ru",
        "refcode": "ЦГ 112.1"
      }
    ]
  },
  {
    "para_id": "721.642",
    "id_prev": "721.641",
    "id_next": "721.643",
    "refcode_1": "SPCCSR",
    "refcode_2": "112",
    "refcode_3": "2",
    "refcode_4": "",
    "refcode_short": "SPCCSR 112.2",
    "refcode_long": "Spirit of Prophecy Counsels Relating To Church-State Relationships, p. 112.2 (Ellen Gould White)",
    "element_type": "p",
    "element_subtype": "standard-indented",
    "content": "Neither you nor any of your brethren had any work to do in arguing or writing or taking any part whatever in politics. <sup class=\"footnote\"><a class=\"footnote\">2<span class=\"footnote\">Note: The particular issue was the &ldquo;gold and silver question&rdquo; prominent in 1897</span></a></sup> God was dishonored by all who acted any part in politics.",
    "puborder": 471,
    "translations": [
      {
        "para_id": "12027.648",
        "lang": "ru",
        "refcode": "ЦГ 112.2"
      }
    ]
  },
  {
    "para_id": "721.643",
    "id_prev": "721.642",
    "id_next": "721.644",
    "refcode_1": "SPCCSR",
    "refcode_2": "112",
    "refcode_3": "3",
    "refcode_4": "",
    "refcode_short": "SPCCSR 112.3",
    "refcode_long": "Spirit of Prophecy Counsels Relating To Church-State Relationships, p. 112.3 (Ellen Gould White)",
    "element_type": "p",
    "element_subtype": "standard-indented",
    "content": "God has chosen a people who are to proclaim the third angel&rsquo;s message to the world. They are to be a separate and peculiar people in this world of churches who are transgressing His commandments....",
    "puborder": 472,
    "translations": [
      {
        "para_id": "12027.649",
        "lang": "ru",
        "refcode": "ЦГ 112.3"
      }
    ]
  },
  {
    "para_id": "721.644",
    "id_prev": "721.643",
    "id_next": "721.645",
    "refcode_1": "SPCCSR",
    "refcode_2": "112",
    "refcode_3": "4",
    "refcode_4": "",
    "refcode_short": "SPCCSR 112.4",
    "refcode_long": "Spirit of Prophecy Counsels Relating To Church-State Relationships, p. 112.4 (Ellen Gould White)",
    "element_type": "p",
    "element_subtype": "standard-indented",
    "content": "The Lord would have His people a separate and peculiar people, bearing the sign and seal of the Sabbath, in preserving the memorial, the seventh day, upon which the Lord rested after His work of creation....",
    "puborder": 473,
    "translations": [
      {
        "para_id": "12027.650",
        "lang": "ru",
        "refcode": "ЦГ 112.4"
      }
    ]
  },
  {
    "para_id": "721.645",
    "id_prev": "721.644",
    "id_next": "721.647",
    "refcode_1": "SPCCSR",
    "refcode_2": "112",
    "refcode_3": "5",
    "refcode_4": "",
    "refcode_short": "SPCCSR 112.5",
    "refcode_long": "Spirit of Prophecy Counsels Relating To Church-State Relationships, p. 112.5 (Ellen Gould White)",
    "element_type": "p",
    "element_subtype": "standard-indented",
    "content": "The redemption of men draws them away from political strife to rest and peace and quietude in God.&mdash;<span class=\"egwlink egwlink_book\" title=\"Lt 11, 1897\" data-link=\"14062.6070001\">Letter 11, 1897</span>.",
    "puborder": 474,
    "translations": [
      {
        "para_id": "12027.651",
        "lang": "ru",
        "refcode": "ЦГ 112.5"
      }
    ]
  },
  {
    "para_id": "721.647",
    "id_prev": "721.645",
    "id_next": "721.648",
    "refcode_1": "SPCCSR",
    "refcode_2": "113",
    "refcode_3": "1",
    "refcode_4": "",
    "refcode_short": "SPCCSR 113.1",
    "refcode_long": "Spirit of Prophecy Counsels Relating To Church-State Relationships, p. 113.1 (Ellen Gould White)",
    "element_type": "p",
    "element_subtype": "standard-indented",
    "content": "Gospel ministers are to keep their office free from all things secular or political, employing all their time and talents in lines of Christian effort.&mdash;<span class=\"egwlink egwlink_book\" title=\"7T 252.1\" data-link=\"117.1421\">Testimonies for the Church 7:252</span>.",
    "puborder": 475,
    "translations": [
      {
        "para_id": "12027.653",
        "lang": "ru",
        "refcode": "ЦГ 113.1"
      }
    ]
  },
  {
    "para_id": "721.648",
    "id_prev": "721.647",
    "id_next": "721.649",
    "refcode_1": "SPCCSR",
    "refcode_2": "113",
    "refcode_3": "2",
    "refcode_4": "",
    "refcode_short": "SPCCSR 113.2",
    "refcode_long": "Spirit of Prophecy Counsels Relating To Church-State Relationships, p. 113.2 (Ellen Gould White)",
    "element_type": "p",
    "element_subtype": "standard-indented",
    "content": "The Lord has been greatly dishonored by His people catching up the issues that arise in this time of test and trial. His people are to keep free from politics. They are to stand as a separate, peculiar people; the name of God our Ruler is to be in their foreheads, showing to all that He is their sovereign.&mdash;<span class=\"egwlink egwlink_book\" title=\"Ms 1, 1897\" data-link=\"14062.5911001\">Manuscript 1, 1897</span>.",
    "puborder": 476,
    "translations": [
      {
        "para_id": "12027.654",
        "lang": "ru",
        "refcode": "ЦГ 113.2"
      }
    ]
  },
  {
    "para_id": "721.649",
    "id_prev": "721.648",
    "id_next": "721.651",
    "refcode_1": "SPCCSR",
    "refcode_2": "113",
    "refcode_3": "3",
    "refcode_4": "",
    "refcode_short": "SPCCSR 113.3",
    "refcode_long": "Spirit of Prophecy Counsels Relating To Church-State Relationships, p. 113.3 (Ellen Gould White)",
    "element_type": "p",
    "element_subtype": "standard-indented",
    "content": "If anyone shall seek to draw the workers into debate or controversy on political or other questions, take no heed to either persuasion or challenge.&mdash;<span class=\"egwlink egwlink_book\" title=\"6T 122.1\" data-link=\"118.687\">Testimonies for the Church 6:122</span>.",
    "puborder": 477,
    "translations": [
      {
        "para_id": "12027.655",
        "lang": "ru",
        "refcode": "ЦГ 113.3"
      }
    ]
  }
]