[
  {
    "para_id": "14810.648",
    "id_prev": "14810.646",
    "id_next": "14810.649",
    "refcode_1": "CCL",
    "refcode_2": "92",
    "refcode_3": "",
    "refcode_4": "82",
    "refcode_short": "CCL 92",
    "refcode_long": "Counsels on Church Life, p. 92 (Ellen G. White Estate)",
    "element_type": "h3",
    "element_subtype": "",
    "content": "<i>Counsel #5</i> &mdash; The Church&rsquo;s Purpose",
    "puborder": 556,
    "translations": []
  },
  {
    "para_id": "14810.649",
    "id_prev": "14810.648",
    "id_next": "14810.650",
    "refcode_1": "CCL",
    "refcode_2": "92",
    "refcode_3": "1",
    "refcode_4": "",
    "refcode_short": "CCL 92.1",
    "refcode_long": "Counsels on Church Life, p. 92.1 (Ellen G. White Estate)",
    "element_type": "p",
    "element_subtype": "standard-indented",
    "content": "<a href=\"https://media2.egwwritings.org/images/14810/9_why_church/5_why_church.webp\" alt=\"Counsel #5 &mdash; The Church&rsquo;s Purpose\" title=\"Counsel #5 &mdash; The Church&rsquo;s Purpose\" data-link=\"https://egw.bz/go?uri=https%3a%2f%2fmedia2.egwwritings.org%2fimages%2f14810%2f9_why_church%2f5_why_church.webp\" class=\"egwlink egwlink_external\">Picture:</a> <i>Counsel #5</i> &mdash; The Church&rsquo;s Purpose",
    "puborder": 557,
    "translations": []
  },
  {
    "para_id": "14810.650",
    "id_prev": "14810.649",
    "id_next": "14810.651",
    "refcode_1": "CCL",
    "refcode_2": "92",
    "refcode_3": "2",
    "refcode_4": "",
    "refcode_short": "CCL 92.2",
    "refcode_long": "Counsels on Church Life, p. 92.2 (Ellen G. White Estate)",
    "element_type": "p",
    "element_subtype": "standard-indented",
    "content": "What is the purpose of the church? How important is the church&rsquo;s mission to God? How necessary is it to participate in the life and outreach of the church?",
    "puborder": 558,
    "translations": []
  },
  {
    "para_id": "14810.651",
    "id_prev": "14810.650",
    "id_next": "14810.652",
    "refcode_1": "CCL",
    "refcode_2": "92",
    "refcode_3": "3",
    "refcode_4": "",
    "refcode_short": "CCL 92.3",
    "refcode_long": "Counsels on Church Life, p. 92.3 (Ellen G. White Estate)",
    "element_type": "p",
    "element_subtype": "standard-indented",
    "content": "The mission of the church is two-fold:",
    "puborder": 559,
    "translations": []
  },
  {
    "para_id": "14810.652",
    "id_prev": "14810.651",
    "id_next": "14810.653",
    "refcode_1": "CCL",
    "refcode_2": "92",
    "refcode_3": "",
    "refcode_4": "",
    "refcode_short": "CCL 92",
    "refcode_long": "Counsels on Church Life, p. 92 (Ellen G. White Estate)",
    "element_type": "ol",
    "element_subtype": "standard-indented",
    "content": "<li>Share the Good News of the gospel world-wide&mdash;that Jesus died for the sins of every person and will save all who accept Him as Lord and Savior. He restores believers to wholeness and will redeem them from this broken planet at His second coming.</li> <li>Become the hands and heart of Jesus in ministering to others, especially the poor, the oppressed, and the broken-hearted.</li>",
    "puborder": 560,
    "translations": []
  },
  {
    "para_id": "14810.653",
    "id_prev": "14810.652",
    "id_next": "14810.654",
    "refcode_1": "CCL",
    "refcode_2": "92",
    "refcode_3": "4",
    "refcode_4": "",
    "refcode_short": "CCL 92.4",
    "refcode_long": "Counsels on Church Life, p. 92.4 (Ellen G. White Estate)",
    "element_type": "p",
    "element_subtype": "standard-indented",
    "content": "Jesus holds the church as His treasure. It is organized for service and to carry out the work of Christ on earth.<sup class=\"footnote\"><a class=\"footnote\">[122]<span class=\"footnote\"><a href=\"https://www.nadadventist.org/about-our-church/beliefs/place-in-gods-community\" data-link=\"https://egw.bz/go?uri=https%3a%2f%2fwww.nadadventist.org%2fabout-our-church%2fbeliefs%2fplace-in-gods-community\" class=\"egwlink egwlink_external\">https://www.nadadventist.org/about-our-church/beliefs/place-in-gods-community</a></span></a></sup>",
    "puborder": 561,
    "translations": []
  },
  {
    "para_id": "14810.654",
    "id_prev": "14810.653",
    "id_next": "14810.655",
    "refcode_1": "CCL",
    "refcode_2": "92",
    "refcode_3": "5",
    "refcode_4": "",
    "refcode_short": "CCL 92.5",
    "refcode_long": "Counsels on Church Life, p. 92.5 (Ellen G. White Estate)",
    "element_type": "p",
    "element_subtype": "standard-indented",
    "content": "&ldquo;My house shall be called a house of prayer for all nations.&rdquo; <b><span title=\"Isaiah 55:7\" class=\"egwlink egwlink_bible\" data-link=\"1965.38254\">Isaiah 55:7</span> NKJV </b>",
    "puborder": 562,
    "translations": []
  },
  {
    "para_id": "14810.655",
    "id_prev": "14810.654",
    "id_next": "14810.656",
    "refcode_1": "CCL",
    "refcode_2": "92",
    "refcode_3": "6",
    "refcode_4": "",
    "refcode_short": "CCL 92.6",
    "refcode_long": "Counsels on Church Life, p. 92.6 (Ellen G. White Estate)",
    "element_type": "p",
    "element_subtype": "standard-indented",
    "content": "&ldquo;Enfeebled and defective as it may appear, the church is the one object upon which God bestows in a special sense His supreme regard.&rdquo; Ellen White in <span class=\"egwlink egwlink_book\" title=\"AA 12.1\" data-link=\"127.36\"><b><i>The Acts of the Apostles,</i> p. 12</b></span>",
    "puborder": 563,
    "translations": []
  },
  {
    "para_id": "14810.656",
    "id_prev": "14810.655",
    "id_next": "14810.658",
    "refcode_1": "CCL",
    "refcode_2": "92",
    "refcode_3": "7",
    "refcode_4": "",
    "refcode_short": "CCL 92.7",
    "refcode_long": "Counsels on Church Life, p. 92.7 (Ellen G. White Estate)",
    "element_type": "p",
    "element_subtype": "standard-indented",
    "content": "<b>Reflect: </b>Why has God chosen the church as His vehicle to share the gospel?",
    "puborder": 564,
    "translations": []
  }
]