[
  {
    "para_id": "14810.135",
    "id_prev": "14810.133",
    "id_next": "14810.136",
    "refcode_1": "CCL",
    "refcode_2": "20",
    "refcode_3": "",
    "refcode_4": "17",
    "refcode_short": "CCL 20",
    "refcode_long": "Counsels on Church Life, p. 20 (Ellen G. White Estate)",
    "element_type": "h3",
    "element_subtype": "",
    "content": "<i>Counsel #10</i> &mdash; How We Are Saved",
    "puborder": 115,
    "translations": []
  },
  {
    "para_id": "14810.136",
    "id_prev": "14810.135",
    "id_next": "14810.137",
    "refcode_1": "CCL",
    "refcode_2": "20",
    "refcode_3": "1",
    "refcode_4": "",
    "refcode_short": "CCL 20.1",
    "refcode_long": "Counsels on Church Life, p. 20.1 (Ellen G. White Estate)",
    "element_type": "p",
    "element_subtype": "standard-indented",
    "content": "<a href=\"https://media2.egwwritings.org/images/14810/2_what_adventists_believe/10_what_adventists_believe.webp\" alt=\"Counsel #10 &mdash; How We Are Saved\" title=\"Counsel #10 &mdash; How We Are Saved\" data-link=\"https://egw.bz/go?uri=https%3a%2f%2fmedia2.egwwritings.org%2fimages%2f14810%2f2_what_adventists_believe%2f10_what_adventists_believe.webp\" class=\"egwlink egwlink_external\">Picture:</a> <i>Counsel #10</i> &mdash; How We Are Saved",
    "puborder": 116,
    "translations": []
  },
  {
    "para_id": "14810.137",
    "id_prev": "14810.136",
    "id_next": "14810.138",
    "refcode_1": "CCL",
    "refcode_2": "20",
    "refcode_3": "2",
    "refcode_4": "",
    "refcode_short": "CCL 20.2",
    "refcode_long": "Counsels on Church Life, p. 20.2 (Ellen G. White Estate)",
    "element_type": "p",
    "element_subtype": "standard-indented",
    "content": "Because of God&apos;s immense love and mercy, Jesus, who was without sin, took the penalty for our sin by dying on the cross of Calvary. Through faith in Jesus, we can be made righteous, just as God is righteous.",
    "puborder": 117,
    "translations": []
  },
  {
    "para_id": "14810.138",
    "id_prev": "14810.137",
    "id_next": "14810.139",
    "refcode_1": "CCL",
    "refcode_2": "20",
    "refcode_3": "3",
    "refcode_4": "",
    "refcode_short": "CCL 20.3",
    "refcode_long": "Counsels on Church Life, p. 20.3 (Ellen G. White Estate)",
    "element_type": "p",
    "element_subtype": "standard-indented",
    "content": "The Holy Spirit guides us to recognize our need for forgiveness, confess our sins, and turn away from them. This saving faith comes from the power of God&apos;s Word and is a gift of His grace.",
    "puborder": 118,
    "translations": []
  },
  {
    "para_id": "14810.139",
    "id_prev": "14810.138",
    "id_next": "14810.140",
    "refcode_1": "CCL",
    "refcode_2": "20",
    "refcode_3": "4",
    "refcode_4": "",
    "refcode_short": "CCL 20.4",
    "refcode_long": "Counsels on Church Life, p. 20.4 (Ellen G. White Estate)",
    "element_type": "p",
    "element_subtype": "standard-indented",
    "content": "Through Jesus, we are declared righteous, welcomed as God&apos;s children, and freed from the control of sin. The Holy Spirit gives us new life and makes us holy. He transforms our thinking, writes God&apos;s law of love in our hearts, and empowers us to live a holy life.",
    "puborder": 119,
    "translations": []
  },
  {
    "para_id": "14810.140",
    "id_prev": "14810.139",
    "id_next": "14810.141",
    "refcode_1": "CCL",
    "refcode_2": "20",
    "refcode_3": "5",
    "refcode_4": "",
    "refcode_short": "CCL 20.5",
    "refcode_long": "Counsels on Church Life, p. 20.5 (Ellen G. White Estate)",
    "element_type": "p",
    "element_subtype": "standard-indented",
    "content": "By staying connected to Jesus, we share in His divine nature and have the assurance of salvation, both now and in the final judgment.<sup class=\"footnote\"><a class=\"footnote\">[27]<span class=\"footnote\">https://egwwritings.org/read?panels=p14372.2&amp;index=0</span></a></sup>",
    "puborder": 120,
    "translations": []
  },
  {
    "para_id": "14810.141",
    "id_prev": "14810.140",
    "id_next": "14810.142",
    "refcode_1": "CCL",
    "refcode_2": "20",
    "refcode_3": "6",
    "refcode_4": "",
    "refcode_short": "CCL 20.6",
    "refcode_long": "Counsels on Church Life, p. 20.6 (Ellen G. White Estate)",
    "element_type": "p",
    "element_subtype": "standard-indented",
    "content": "&ldquo;For by grace you have been saved through faith, and that not of yourselves; it is the gift of God, not of works, lest anyone should boast.&rdquo;<b> <span title=\"Ephesians 2:8\" class=\"egwlink egwlink_bible\" data-link=\"1965.59625\">Ephesians 2:8</span>, <span title=\"Ephesians 2:9\" class=\"egwlink egwlink_bible\" data-link=\"1965.59627\">9</span> NKV</b>",
    "puborder": 121,
    "translations": []
  },
  {
    "para_id": "14810.142",
    "id_prev": "14810.141",
    "id_next": "14810.143",
    "refcode_1": "CCL",
    "refcode_2": "20",
    "refcode_3": "7",
    "refcode_4": "",
    "refcode_short": "CCL 20.7",
    "refcode_long": "Counsels on Church Life, p. 20.7 (Ellen G. White Estate)",
    "element_type": "p",
    "element_subtype": "standard-indented",
    "content": "&ldquo;The sinner must be led to look to Calvary; with the simple faith of a little child he must trust in the merits of the Saviour, accepting His righteousness, believing in His mercy…&rdquo; Ellen White in <span class=\"egwlink egwlink_book\" title=\"LHU 161\" data-link=\"44.1227\"><b><i>Lift Him Up,</i> p. 161</b></span>",
    "puborder": 122,
    "translations": []
  },
  {
    "para_id": "14810.143",
    "id_prev": "14810.142",
    "id_next": "14810.145",
    "refcode_1": "CCL",
    "refcode_2": "20",
    "refcode_3": "8",
    "refcode_4": "",
    "refcode_short": "CCL 20.8",
    "refcode_long": "Counsels on Church Life, p. 20.8 (Ellen G. White Estate)",
    "element_type": "p",
    "element_subtype": "standard-indented",
    "content": "<b>Reflect:</b> On what basis do you have assurance of your salvation?",
    "puborder": 123,
    "translations": []
  }
]