[
  {
    "para_id": "494.1",
    "level": 0,
    "title": "Our Australasian Youth and Sabbath School Guide",
    "refcode_short": "AustYouth",
    "dup": null,
    "puborder": 1
  },
  {
    "para_id": "494.2000002",
    "level": 1,
    "title": "1888",
    "refcode_short": "AustYouth March 1,  1888",
    "dup": "494.1",
    "puborder": 2
  },
  {
    "para_id": "494.2",
    "level": 2,
    "title": "March 1, 1888",
    "refcode_short": "AustYouth March 1,  1888",
    "dup": "494.1",
    "puborder": 3
  },
  {
    "para_id": "494.2000013",
    "level": 1,
    "title": "1889",
    "refcode_short": "AustYouth February 1,  1889",
    "dup": null,
    "puborder": 14
  },
  {
    "para_id": "494.13",
    "level": 2,
    "title": "February 1, 1889",
    "refcode_short": "AustYouth February 1,  1889",
    "dup": "494.2000013",
    "puborder": 15
  }
]