[
  {
    "para_id": "13965.2046",
    "id_prev": "13965.2042",
    "id_next": "13965.2047",
    "refcode_1": "GOP",
    "refcode_2": "337",
    "refcode_3": "",
    "refcode_4": "18",
    "refcode_short": "GOP 337",
    "refcode_long": "The Gift of Prophecy, p. 337 (Dr. Alberto Timm & Dwain Esmond)",
    "element_type": "h3",
    "element_subtype": "",
    "content": "Chapter 18 &mdash; Ellen G. White and Adventist Mission<sup class=\"footnote\"><a class=\"footnote\">1<span class=\"footnote\">I am indebted to Benjamin Baker for assistance in researching this paper, to Evelyn Torres for checking references, and to Bruce Anderson for his comments on an earlier version presented on July 18, 2015, at the Ellen White Centennial Legacy Conference at Pacific Union College.</span></a></sup>",
    "puborder": 1471,
    "translations": []
  },
  {
    "para_id": "13965.2047",
    "id_prev": "13965.2046",
    "id_next": "13965.2048",
    "refcode_1": "GOP",
    "refcode_2": "337",
    "refcode_3": "",
    "refcode_4": "",
    "refcode_short": "",
    "refcode_long": "",
    "element_type": "p",
    "element_subtype": "center",
    "content": "<em>David J. B. Trim</em>",
    "puborder": 1472,
    "translations": []
  },
  {
    "para_id": "13965.2048",
    "id_prev": "13965.2047",
    "id_next": "13965.2049",
    "refcode_1": "GOP",
    "refcode_2": "337",
    "refcode_3": "1",
    "refcode_4": "",
    "refcode_short": "GOP 337.1",
    "refcode_long": "The Gift of Prophecy, p. 337.1 (Dr. Alberto Timm & Dwain Esmond)",
    "element_type": "p",
    "element_subtype": "standard-indented",
    "content": "In Lewis Carroll&rsquo;s <em>Alice in Wonderland</em>, published two years after the Seventh-day Adventist Church was founded, the King of Hearts famously advises the White Rabbit: &ldquo;Begin at the beginning and go on till you come to the end: then stop.&rdquo; In history, however, it sometimes is helpful to begin, not at the beginning, but at the end. On July 24, 1915, Arthur G. Daniells addressed 4,000 mourners attending the funeral service of Ellen G. White in Battle Creek&rsquo;s Dime Tabernacle. <sup class=\"footnote\"><a class=\"footnote\">2<span class=\"footnote\">Francis M. Wilcox, &ldquo;The Final Funeral Services of Mrs. Ellen G. White,&rdquo; <em>Review and Herald</em> [hereafter <em>RH</em>], Aug. 5,1915, 3. After her death on July 16, there had been two previous funeral services: at Elmshaven on July 18, attended by &ldquo;about four hundred&rdquo; people, and then at Oakland, on July 19, &ldquo;with fully one thousand persons in attendance&rdquo; (<em>Ibid.</em>).</span></a></sup>  Daniells had known and worked with White for 25 years; he was then in his fourteenth year as General Conference president, and he spoke for a movement that was finally becoming truly a global one. <sup class=\"footnote\"><a class=\"footnote\">3<span class=\"footnote\">A. G. Daniells, &ldquo;Life Sketch of Sister E. G. White,&rdquo; <em>RH,</em> Aug. 5, 1915, 4-8.</span></a></sup> In his life sketch he emphasized Ellen White&rsquo;s commitment to worldwide mission:",
    "puborder": 1473,
    "translations": []
  },
  {
    "para_id": "13965.2049",
    "id_prev": "13965.2048",
    "id_next": "13965.2050",
    "refcode_1": "GOP",
    "refcode_2": "337",
    "refcode_3": "2",
    "refcode_4": "",
    "refcode_short": "GOP 337.2",
    "refcode_long": "The Gift of Prophecy, p. 337.2 (Dr. Alberto Timm & Dwain Esmond)",
    "element_type": "p",
    "element_subtype": "blockquote-noindent",
    "content": "In the writings of Mrs. White prominence is given to the responsibilities of the church in both home and foreign mission service. Every member of the body is admonished to be a light in the world, a blessing to those with whom he may associate. All must live the unselfish life of the Master for others. And the church in Christian lands must put forth their highest endeavors to evangelize those who are groping in the darkness and superstition of heathen lands.",
    "puborder": 1474,
    "translations": []
  },
  {
    "para_id": "13965.2050",
    "id_prev": "13965.2049",
    "id_next": "13965.2051",
    "refcode_1": "GOP",
    "refcode_2": "337",
    "refcode_3": "3",
    "refcode_4": "",
    "refcode_short": "GOP 337.3",
    "refcode_long": "The Gift of Prophecy, p. 337.3 (Dr. Alberto Timm & Dwain Esmond)",
    "element_type": "p",
    "element_subtype": "blockquote-indented",
    "content": "Go to all the world, give to all the world, work for all the world, is the exhortation running through all the writings of Mrs. White. <sup class=\"footnote\"><a class=\"footnote\">4<span class=\"footnote\"><em>Ibid.</em>, 8.</span></a></sup> ",
    "puborder": 1475,
    "translations": []
  },
  {
    "para_id": "13965.2051",
    "id_prev": "13965.2050",
    "id_next": "13965.2052",
    "refcode_1": "GOP",
    "refcode_2": "337",
    "refcode_3": "4",
    "refcode_4": "",
    "refcode_short": "GOP 337.4",
    "refcode_long": "The Gift of Prophecy, p. 337.4 (Dr. Alberto Timm & Dwain Esmond)",
    "element_type": "p",
    "element_subtype": "standard-indented",
    "content": "It is striking that, with the advantage of hindsight, looking back over Ellen White&rsquo;s 70 years of prophetic ministry, Daniells concluded that the preeminent theme in her writings was mission in general, and foreign mission above all.",
    "puborder": 1476,
    "translations": []
  },
  {
    "para_id": "13965.2052",
    "id_prev": "13965.2051",
    "id_next": "13965.2818",
    "refcode_1": "GOP",
    "refcode_2": "337",
    "refcode_3": "5",
    "refcode_4": "",
    "refcode_short": "GOP 337.5",
    "refcode_long": "The Gift of Prophecy, p. 337.5 (Dr. Alberto Timm & Dwain Esmond)",
    "element_type": "p",
    "element_subtype": "standard-indented",
    "content": "In this essay I argue that Daniells was accurate in his assessment of his prophetic mentor: that <span class=\"page-break\" data-page=\"338\"></span> mission was Ellen White&rsquo;s top priority; but that in addition, while she was always committed to and stressed &ldquo;the responsibilities of the church in . . . home . . . mission service,&rdquo; she especially emphasized (and, as I will argue, in later life increasingly highlighted) the responsibility of the church in its homelands for outreach abroad. The necessity of proclaiming &ldquo;good news&rdquo; and the prophetic truths of Revelation <em>everywhere</em>, to every people (and particularly those who have not even heard the gospel), in &ldquo;all the world,&rdquo; indeed runs &ldquo;through all the writings of Mrs. White.&rdquo;",
    "puborder": 1477,
    "translations": []
  },
  {
    "para_id": "13965.2818",
    "id_prev": "13965.2052",
    "id_next": "13965.2055",
    "refcode_1": "GOP",
    "refcode_2": "338",
    "refcode_3": "1",
    "refcode_4": "",
    "refcode_short": "GOP 338.1",
    "refcode_long": "The Gift of Prophecy, p. 338.1 (Dr. Alberto Timm & Dwain Esmond)",
    "element_type": "p",
    "element_subtype": "standard-indented",
    "content": "Now, the Spirit of Prophecy corpus is so broad and diverse, and Ellen G. White expressed enthusiasm about so many other subjects, that assigning primacy to foreign mission may seem tendentious. Unquestionably, colleagues from the Education, Publishing Ministries, and Health Ministries departments could quote numerous statements that show her affinity and passion for their areas of ministry. I suggest, though, that she regarded all as methodologies&mdash;merely means to an end. This paper will underscore that the most important theme in Ellen White&rsquo;s writings is that all church members should widely share the truly good news that &ldquo;the Son of God . . . ranked himself among the sons of men,&rdquo; taking &ldquo;man&rsquo;s nature that He might reach man&rsquo;s wants,&rdquo; revealing &ldquo;love, mercy and compassion . . . in every act of His life,&rdquo; making &ldquo;the height and depth of the love of God . . . manifest.&rdquo; <sup class=\"footnote\"><a class=\"footnote\">5<span class=\"footnote\">Ellen G. White, <em>Redemption: or The Temptation of Christ in the Wilderness</em> (Battle Creek, Mich.: Seventh-day Adventist Publishing Association, 1877), 43, reprinted in <em>Selected Messages</em> (Washington, D.C.: Review and Herald<sup>®</sup>, 1958, 1980), 1:278; <em>Steps to Christ</em> (Mountain View, Calif.: Pacific Press<sup>®</sup>, 1956), 3, 5.</span></a></sup> In Ellen White&rsquo;s thinking, sermons, schools, literature, and temperate and healthy living are all just different ways to lift up before the world our Lord, Savior, Redeemer, and great High Priest.",
    "puborder": 1478,
    "translations": []
  },
  {
    "para_id": "13965.2055",
    "id_prev": "13965.2818",
    "id_next": "13965.2056",
    "refcode_1": "GOP",
    "refcode_2": "338",
    "refcode_3": "2",
    "refcode_4": "",
    "refcode_short": "GOP 338.2",
    "refcode_long": "The Gift of Prophecy, p. 338.2 (Dr. Alberto Timm & Dwain Esmond)",
    "element_type": "p",
    "element_subtype": "standard-indented",
    "content": "Moreover, to do this is the mission of the church and of all church members, regardless of their nation or location. Daniells summarized Ellen White&rsquo;s view: &ldquo;Every member of the body is . . . to be a light in the world . . . . <em>All</em> must live the unselfish life of the Master for others.&rdquo;",
    "puborder": 1479,
    "translations": []
  },
  {
    "para_id": "13965.2056",
    "id_prev": "13965.2055",
    "id_next": "13965.2057",
    "refcode_1": "GOP",
    "refcode_2": "338",
    "refcode_3": "3",
    "refcode_4": "",
    "refcode_short": "GOP 338.3",
    "refcode_long": "The Gift of Prophecy, p. 338.3 (Dr. Alberto Timm & Dwain Esmond)",
    "element_type": "p",
    "element_subtype": "standard-indented",
    "content": "Yet the prophet&rsquo;s general passion for mission had a particular application. As Daniells put it, she believed that &ldquo;the church in Christian lands must put forth [its] highest endeavors to evangelize those who are groping in the darkness and superstition of heathen lands.&rdquo; And this was not just a theoretical concern, since, as Daniells observed later in his life sketch:",
    "puborder": 1480,
    "translations": []
  },
  {
    "para_id": "13965.2057",
    "id_prev": "13965.2056",
    "id_next": "13965.2058",
    "refcode_1": "GOP",
    "refcode_2": "338",
    "refcode_3": "4",
    "refcode_4": "",
    "refcode_short": "GOP 338.4",
    "refcode_long": "The Gift of Prophecy, p. 338.4 (Dr. Alberto Timm & Dwain Esmond)",
    "element_type": "p",
    "element_subtype": "blockquote-noindent",
    "content": "For fully seventy years she gave her life in active service to the cause of God in behalf of sinful, suffering, sorrowing humanity. After traveling extensively through the United States from 1846 to 1885, she visited Europe, where she devoted two years to the work there, which was then in a formative period. In 1891 she went to Australia, where she remained nine years, traveling about the colonies, and devoting all her energies to the upbuilding of the work. <sup class=\"footnote\"><a class=\"footnote\">6<span class=\"footnote\">Daniells, 8.</span></a></sup> ",
    "puborder": 1481,
    "translations": []
  },
  {
    "para_id": "13965.2058",
    "id_prev": "13965.2057",
    "id_next": "13965.2059",
    "refcode_1": "GOP",
    "refcode_2": "338",
    "refcode_3": "5",
    "refcode_4": "",
    "refcode_short": "GOP 338.5",
    "refcode_long": "The Gift of Prophecy, p. 338.5 (Dr. Alberto Timm & Dwain Esmond)",
    "element_type": "p",
    "element_subtype": "standard-indented",
    "content": "Hence Daniells&rsquo; conclusion, already noted: &ldquo;Go to all the world, give to all the world, work for all the world, is the exhortation running through all the writings of Mrs. White.&rdquo;",
    "puborder": 1482,
    "translations": []
  },
  {
    "para_id": "13965.2059",
    "id_prev": "13965.2058",
    "id_next": "13965.2062",
    "refcode_1": "GOP",
    "refcode_2": "338",
    "refcode_3": "6",
    "refcode_4": "",
    "refcode_short": "GOP 338.6",
    "refcode_long": "The Gift of Prophecy, p. 338.6 (Dr. Alberto Timm & Dwain Esmond)",
    "element_type": "p",
    "element_subtype": "standard-indented",
    "content": "Thus, while this essay is on Ellen White and Adventist mission, it largely analyzes White&rsquo;s <span class=\"page-break\" data-page=\"339\"></span> thinking and writing on foreign mission. I do briefly consider domestic mission because, as we will see, one of White&rsquo;s principles is that &ldquo;home and foreign mission service,&rdquo; as Daniells put it, are integrally interrelated. But this is essentially a study of Ellen White&rsquo;s principles for foreign mission. It shows that White played an important part in persuading Seventh-day Adventists to accept responsibility for evangelizing beyond North America; and it argues that by the end of her life and ministry she increasingly prioritized mission in countries and regions in which Christianity was a minority faith or nonexistent. The story of Ellen White and Adventist mission is partly one of how, under the guidance of God, she (and we) gradually came to see the vital importance of outreach outside North America, and especially among what today we would call unreached people groups; this was a point she recognized and propounded before any other church leader.",
    "puborder": 1483,
    "translations": []
  },
  {
    "para_id": "13965.2062",
    "id_prev": "13965.2059",
    "id_next": "13965.2063",
    "refcode_1": "GOP",
    "refcode_2": "339",
    "refcode_3": "1",
    "refcode_4": "",
    "refcode_short": "GOP 339.1",
    "refcode_long": "The Gift of Prophecy, p. 339.1 (Dr. Alberto Timm & Dwain Esmond)",
    "element_type": "p",
    "element_subtype": "standard-indented",
    "content": "This is the first substantial analysis of Ellen White&rsquo;s thinking about mission for a generation. Thirty years ago B0rge Schantz&rsquo;s systematic study of Adventist mission thought included a valuable and extensive analysis of &ldquo;the missionary theories of E. G. White.&rdquo; <sup class=\"footnote\"><a class=\"footnote\">7<span class=\"footnote\">Børge Schantz, &ldquo;The Development of Seventh-day Adventist Missionary Thought: A Contemporary Appraisal&rdquo; (Ph.D. diss., Fuller Theological Seminary, 1983), 470-714.</span></a></sup> But there is no summative analysis of her principles of mission. Two other brief considerations are limited chronologically and geographically. In his influential analysis of Adventist theology of mission up to 1874, Gerard Damsteegt naturally often touches on Ellen White&rsquo;s early writings on the subject, but does not attempt a synthesis, and offers a summary on only one subject (the &ldquo;shut door&rdquo;), while Rex Riches provides a brief sketch of White&rsquo;s thought about mission in Europe, especially Britain. <sup class=\"footnote\"><a class=\"footnote\">8<span class=\"footnote\">P. Gerard Damsteegt, <em>Foundations of the Seventh-day Adventist Message and Mission</em> (Grand Rapids: Eerdmans, 1977), chaps. 4, 5, especially 149-154; Rex Riches, <em>Establishing the British Mission of the Seventh-day Adventist Church 1863-1887</em> (Greensboro, N.C.: privately printed, 2004), 271-275.</span></a></sup> ",
    "puborder": 1484,
    "translations": []
  },
  {
    "para_id": "13965.2063",
    "id_prev": "13965.2062",
    "id_next": "13965.2064",
    "refcode_1": "GOP",
    "refcode_2": "339",
    "refcode_3": "2",
    "refcode_4": "",
    "refcode_short": "GOP 339.2",
    "refcode_long": "The Gift of Prophecy, p. 339.2 (Dr. Alberto Timm & Dwain Esmond)",
    "element_type": "p",
    "element_subtype": "standard-indented",
    "content": "Ellen White wrote many thousands of words about foreign mission work, and it is quite an undertaking to summarize Ellen White&rsquo;s thought on any subject to which she devoted more than passing thought. Based both on what God showed her in visions and on her practical experience as an evangelistic worker, and as a cross-cultural missionary, White kept returning to certain themes when she wrote on mission, identifying certain methodologies or aspects of mission that were important. I have endeavored here to distill from White&rsquo;s corpus some of her key principles for foreign mission work, having first, however, studied her thought on mission as a whole. In addition to an early phase of writings on foreign mission, which helped to move the Seventh-day Adventist Church away from an Americentric focus toward a global vision, thereafter I identify in her thought six key missional principles.",
    "puborder": 1485,
    "translations": []
  },
  {
    "para_id": "13965.2064",
    "id_prev": "13965.2063",
    "id_next": "13965.2065",
    "refcode_1": "GOP",
    "refcode_2": "339",
    "refcode_3": "3",
    "refcode_4": "",
    "refcode_short": "GOP 339.3",
    "refcode_long": "The Gift of Prophecy, p. 339.3 (Dr. Alberto Timm & Dwain Esmond)",
    "element_type": "p",
    "element_subtype": "standard-indented",
    "content": "1. Foreign mission should be led by experienced people; those who have never been to the mission field should not dictate how the work is carried out there.",
    "puborder": 1486,
    "translations": []
  },
  {
    "para_id": "13965.2065",
    "id_prev": "13965.2064",
    "id_next": "13965.2067",
    "refcode_1": "GOP",
    "refcode_2": "339",
    "refcode_3": "4",
    "refcode_4": "",
    "refcode_short": "GOP 339.4",
    "refcode_long": "The Gift of Prophecy, p. 339.4 (Dr. Alberto Timm & Dwain Esmond)",
    "element_type": "p",
    "element_subtype": "standard-indented",
    "content": "2. Young people have a great role to play and should be entrusted with responsibilities; but they also need appropriate training.",
    "puborder": 1487,
    "translations": []
  },
  {
    "para_id": "13965.2067",
    "id_prev": "13965.2065",
    "id_next": "13965.2068",
    "refcode_1": "GOP",
    "refcode_2": "340",
    "refcode_3": "1",
    "refcode_4": "",
    "refcode_short": "GOP 340.1",
    "refcode_long": "The Gift of Prophecy, p. 340.1 (Dr. Alberto Timm & Dwain Esmond)",
    "element_type": "p",
    "element_subtype": "standard-indented",
    "content": "3. Financial resources are essential, but they should be distributed to ensure that new territories are entered, rather than concentrated on building up existing strongholds.",
    "puborder": 1488,
    "translations": []
  },
  {
    "para_id": "13965.2068",
    "id_prev": "13965.2067",
    "id_next": "13965.2069",
    "refcode_1": "GOP",
    "refcode_2": "340",
    "refcode_3": "2",
    "refcode_4": "",
    "refcode_short": "GOP 340.2",
    "refcode_long": "The Gift of Prophecy, p. 340.2 (Dr. Alberto Timm & Dwain Esmond)",
    "element_type": "p",
    "element_subtype": "standard-indented",
    "content": "4. Adventist mission must go to all the world, as foretold in Scripture, since otherwise souls may be damned, and Christ&rsquo;s return delayed.",
    "puborder": 1489,
    "translations": []
  },
  {
    "para_id": "13965.2069",
    "id_prev": "13965.2068",
    "id_next": "13965.2070",
    "refcode_1": "GOP",
    "refcode_2": "340",
    "refcode_3": "3",
    "refcode_4": "",
    "refcode_short": "GOP 340.3",
    "refcode_long": "The Gift of Prophecy, p. 340.3 (Dr. Alberto Timm & Dwain Esmond)",
    "element_type": "p",
    "element_subtype": "standard-indented",
    "content": "5. Adventist mission must be Christ-centered, and lovingly communicated by missionaries who have been revived by a relationship with Jesus and the power of the Holy Spirit.",
    "puborder": 1490,
    "translations": []
  },
  {
    "para_id": "13965.2070",
    "id_prev": "13965.2069",
    "id_next": "13965.2071",
    "refcode_1": "GOP",
    "refcode_2": "340",
    "refcode_3": "4",
    "refcode_4": "",
    "refcode_short": "GOP 340.4",
    "refcode_long": "The Gift of Prophecy, p. 340.4 (Dr. Alberto Timm & Dwain Esmond)",
    "element_type": "p",
    "element_subtype": "standard-indented",
    "content": "6. Finally, as well as being shared with all national, ethnic, and linguistic people groups, the distinctive Adventist message must also reach all religious groups. Seventh-day Adventism is not merely a reform movement within Protestant Christianity&mdash;all must hear the &ldquo;everlasting gospel&rdquo; and learn more about &ldquo;the commandments of God and the faith of Jesus&rdquo; (<span class=\"egwlink egwlink_bible\" title=\"Revelation 14:6\" data-link=\"1965.63114\">Rev. 14:6</span>, <span class=\"egwlink egwlink_bible\" title=\"Revelation 14:12\" data-link=\"1965.63126\">12</span>).",
    "puborder": 1491,
    "translations": []
  },
  {
    "para_id": "13965.2071",
    "id_prev": "13965.2070",
    "id_next": "13965.2072",
    "refcode_1": "GOP",
    "refcode_2": "340",
    "refcode_3": "5",
    "refcode_4": "",
    "refcode_short": "GOP 340.5",
    "refcode_long": "The Gift of Prophecy, p. 340.5 (Dr. Alberto Timm & Dwain Esmond)",
    "element_type": "p",
    "element_subtype": "standard-indented",
    "content": "It should be noted that some of Ellen White&rsquo;s statements, if considered in isolation, could seem to be in conflict with each other, because they appear each to be prioritizing a certain methodology. But White was not guilty of inconsistency; instead, she promoted a holistic view of mission, as something requiring a multifaceted approach. In consequence, she at various times and in various circumstances stressed a particular facet or strand of mission, because she felt it was in danger of being lost sight of. But that did not mean she believed that only one strand was to be used, or that one was more important than the other. If there is one aspect that could be singled out in her thought, it is the complementarity and comprehensiveness of the mission enterprise. Fortunately, there are several places where she draws the strands together and we can see how wide-ranging her approach was to foreign mission, incorporating medical, educational, and publishing institutions, and all kinds of personal and evangelistic ministry.",
    "puborder": 1492,
    "translations": []
  }
]