[
  {
    "para_id": "13965.2018",
    "id_prev": "13965.2015",
    "id_next": "13965.2019",
    "refcode_1": "GOP",
    "refcode_2": "333",
    "refcode_3": "",
    "refcode_4": "",
    "refcode_short": "GOP 333",
    "refcode_long": "The Gift of Prophecy, p. 333 (Dr. Alberto Timm & Dwain Esmond)",
    "element_type": "h4",
    "element_subtype": "",
    "content": "Exhibits of How Ellen White Used Her Sources",
    "puborder": 1453,
    "translations": []
  },
  {
    "para_id": "13965.2019",
    "id_prev": "13965.2018",
    "id_next": "13965.2020",
    "refcode_1": "GOP",
    "refcode_2": "333",
    "refcode_3": "1",
    "refcode_4": "",
    "refcode_short": "GOP 333.1",
    "refcode_long": "The Gift of Prophecy, p. 333.1 (Dr. Alberto Timm & Dwain Esmond)",
    "element_type": "p",
    "element_subtype": "standard-indented",
    "content": "The following five exhibits of literary borrowing are some of the more familiar statements to readers of Ellen White and contain some of her most memorable literary gems. The statements move from loose paraphrase to a more verbatim form and are organized under the headings of prayer, providence, reflection on the life of Christ, men of integrity, and salvation. The sources Ellen White used are on the left and her modified form of the thought on the right.",
    "puborder": 1454,
    "translations": []
  },
  {
    "para_id": "13965.2020",
    "id_prev": "13965.2019",
    "id_next": "13965.2022",
    "refcode_1": "GOP",
    "refcode_2": "333",
    "refcode_3": "",
    "refcode_4": "",
    "refcode_short": "GOP 333",
    "refcode_long": "The Gift of Prophecy, p. 333 (Dr. Alberto Timm & Dwain Esmond)",
    "element_type": "h5",
    "element_subtype": "",
    "content": "Prayer",
    "puborder": 1455,
    "translations": []
  },
  {
    "para_id": "13965.2022",
    "id_prev": "13965.2020",
    "id_next": "13965.2023",
    "refcode_1": "GOP",
    "refcode_2": "333",
    "refcode_3": "",
    "refcode_4": "",
    "refcode_short": "GOP 333",
    "refcode_long": "The Gift of Prophecy, p. 333 (Dr. Alberto Timm & Dwain Esmond)",
    "element_type": "table",
    "element_subtype": "table",
    "content": "<tr><td>Edward Bickeresteth, A Treatise on Prayer (1834):</td><td>Ellen White, Steps to Christ (1891):</td></tr><tr><td>&ldquo;It is a key to open the storehouse of all God&rsquo;s Treasury to us. . . . So by prayer we obtain all the blessings which we require&rdquo; (12).</td><td>&ldquo;Prayer is the key in the hand of faith to unlock heaven&rsquo;s storehouse, where are treasured the boundless resources of Omnipotence&rdquo; (94, 95). <sup class=\"chapterendnote\"><a class=\"chapterendnote\">*<span class=\"chapterendnote\">For reference and analysis, see King and Morgan, More Than Words, 127, 183.</span></a></sup></td></tr>",
    "puborder": 1456,
    "translations": []
  },
  {
    "para_id": "13965.2023",
    "id_prev": "13965.2022",
    "id_next": "13965.2025",
    "refcode_1": "GOP",
    "refcode_2": "333",
    "refcode_3": "",
    "refcode_4": "",
    "refcode_short": "GOP 333",
    "refcode_long": "The Gift of Prophecy, p. 333 (Dr. Alberto Timm & Dwain Esmond)",
    "element_type": "h5",
    "element_subtype": "",
    "content": "Providence",
    "puborder": 1457,
    "translations": []
  },
  {
    "para_id": "13965.2025",
    "id_prev": "13965.2023",
    "id_next": "13965.2027",
    "refcode_1": "GOP",
    "refcode_2": "333",
    "refcode_3": "",
    "refcode_4": "",
    "refcode_short": "GOP 333",
    "refcode_long": "The Gift of Prophecy, p. 333 (Dr. Alberto Timm & Dwain Esmond)",
    "element_type": "table",
    "element_subtype": "table",
    "content": "<tr><td>E. W. Thayer, <em>Sketches From the Life of Jesus, Historical and Doctrinal</em> (1891):</td><td>Ellen White, <em>The Desire of Ages</em> (1898):</td></tr><tr><td>&ldquo;It was the fullness of time; the word was fully ripe for the event. The clock of destiny had struck the hour; God is in no haste about his special operations&rdquo; (22).</td><td>&ldquo;But like the stars in the vast circuit of their appointed path, God&rsquo;s purposes know no haste and no delay&rdquo; (32). <sup class=\"chapterendnote\"><a class=\"chapterendnote\">†<span class=\"chapterendnote\">For reference and analysis, see Morgan, <em>White Lie Soap,</em> 71, 169.</span></a></sup></td></tr>",
    "puborder": 1458,
    "translations": []
  },
  {
    "para_id": "13965.2027",
    "id_prev": "13965.2025",
    "id_next": "13965.2029",
    "refcode_1": "GOP",
    "refcode_2": "334",
    "refcode_3": "",
    "refcode_4": "",
    "refcode_short": "GOP 334",
    "refcode_long": "The Gift of Prophecy, p. 334 (Dr. Alberto Timm & Dwain Esmond)",
    "element_type": "h5",
    "element_subtype": "",
    "content": "Reflection on the Life of Christ ",
    "puborder": 1459,
    "translations": []
  },
  {
    "para_id": "13965.2029",
    "id_prev": "13965.2027",
    "id_next": "13965.2030",
    "refcode_1": "GOP",
    "refcode_2": "334",
    "refcode_3": "",
    "refcode_4": "",
    "refcode_short": "GOP 334",
    "refcode_long": "The Gift of Prophecy, p. 334 (Dr. Alberto Timm & Dwain Esmond)",
    "element_type": "table",
    "element_subtype": "table",
    "content": "<tr><td>Daniel March, <em>Walks and Homes of Jesus</em> (1866):</td><td>Ellen White, <em>The Desire of Ages</em> (1898):</td></tr><tr><td>&ldquo;Nevertheless, it will do us all good, frequently and solemnly to review the closing scenes in the Saviour&rsquo;s earthly life. Amid all the material and worldly passions, by which we are beset and tempted, we shall learn many salutary lessons, by going back in memory, and spending a thoughtful hour, in the endeavor to strengthen our faith and quicken our love at the foot of the cross. What then are the lessons which the divine Passion, the infinite sacrifice, the true and redemptive Cross of Christ is fitted to teach?&rdquo; (313, 314).</td><td>&ldquo;It would be well for us to spend a thoughtful hour each day in contemplation of the life of Christ. We should take it point by point, and let the imagination grasp each scene, especially the closing ones. As we thus dwell upon His great sacrifice for us, our confidence in Him will be more constant, our love will be quickened, and we shall be more deeply imbued with His spirit. If we would be saved at last, we must learn the lesson of penitence and humiliation at the foot of the cross&rdquo; (83). <sup class=\"chapterendnote\"><a class=\"chapterendnote\">‡<span class=\"chapterendnote\">For reference and analysis, see <em>ibid.</em>, 95, 96, 166.</span></a></sup> </td></tr>",
    "puborder": 1460,
    "translations": []
  },
  {
    "para_id": "13965.2030",
    "id_prev": "13965.2029",
    "id_next": "13965.2032",
    "refcode_1": "GOP",
    "refcode_2": "334",
    "refcode_3": "",
    "refcode_4": "",
    "refcode_short": "GOP 334",
    "refcode_long": "The Gift of Prophecy, p. 334 (Dr. Alberto Timm & Dwain Esmond)",
    "element_type": "h5",
    "element_subtype": "",
    "content": "Men of Integrity",
    "puborder": 1461,
    "translations": []
  },
  {
    "para_id": "13965.2032",
    "id_prev": "13965.2030",
    "id_next": "13965.2033",
    "refcode_1": "GOP",
    "refcode_2": "334",
    "refcode_3": "",
    "refcode_4": "",
    "refcode_short": "GOP 334",
    "refcode_long": "The Gift of Prophecy, p. 334 (Dr. Alberto Timm & Dwain Esmond)",
    "element_type": "table",
    "element_subtype": "table",
    "content": "<tr><td>&ldquo;Driftings,&rdquo; Buffalo <em>Daily Courier,</em> June 16, 1866:</td><td>Ellen White, <em>Education</em> (1903):</td></tr><tr><td>&ldquo;The great want of this age is men. Men who are not for sale. Men who are honest, sound from center to circumference, true to the heart&rsquo;s core. Men who fear the Lord and covetousness. Men who will condemn wrong in friend or foe, in themselves as well as in others. Men who consciences are steady as the needle to the pole. Men who will stand for the right if the heavens totter and the earth reels&rdquo; (2).</td><td>&ldquo;The greatest want of the world is the want of men&mdash; men who will not be bought or sold, men who in their inmost souls are true and honest, men who do not fear to call sin by its right name, men whose conscience is as true to duty as the needle to the pole, men who will stand for the right though the heavens fall&rdquo; (57).<sup class=\"chapterendnote\"><a class=\"chapterendnote\">§<span class=\"chapterendnote\">For reference and analysis, see <em>ibid.</em>, 97, 98.</span></a></sup></td></tr>",
    "puborder": 1462,
    "translations": []
  },
  {
    "para_id": "13965.2033",
    "id_prev": "13965.2032",
    "id_next": "13965.2035",
    "refcode_1": "GOP",
    "refcode_2": "334",
    "refcode_3": "",
    "refcode_4": "",
    "refcode_short": "GOP 334",
    "refcode_long": "The Gift of Prophecy, p. 334 (Dr. Alberto Timm & Dwain Esmond)",
    "element_type": "h5",
    "element_subtype": "",
    "content": "Salvation",
    "puborder": 1463,
    "translations": []
  },
  {
    "para_id": "13965.2035",
    "id_prev": "13965.2033",
    "id_next": "13965.2036",
    "refcode_1": "GOP",
    "refcode_2": "334",
    "refcode_3": "",
    "refcode_4": "",
    "refcode_short": "GOP 334",
    "refcode_long": "The Gift of Prophecy, p. 334 (Dr. Alberto Timm & Dwain Esmond)",
    "element_type": "table",
    "element_subtype": "table",
    "content": "<tr><td>Robert Boyd, <em>The World&rsquo;s Hope; or the Rock of Ages</em> (1873):</td><td>Ellen White, <em>The Desire of Ages</em> (1898):</td></tr><tr><td>&ldquo;He was treated as we deserved in order that we might be treated as he deserved. He came to earth and took our sins, that we might take his righteousness and go to heaven. He was condemned for our sins, in which he had no share, that we might be justified by his righteousness, in which we had no share&rdquo; (381, 382).</td><td>&ldquo;Christ was treated as we deserve, that we might be treated as He deserves. He was condemned for our sins, in which He had no share, that we might be justified by His righteousness, in which we had no share. He suffered the death which was ours, that we might receive the life which was His. &lsquo;With His stripes we are healed&rsquo; &rdquo; (25). <sup class=\"chapterendnote\"><a class=\"chapterendnote\">**<span class=\"chapterendnote\">For reference and analysis, see <em>ibid.</em>, 103, 162.</span></a></sup></td></tr>",
    "puborder": 1464,
    "translations": []
  },
  {
    "para_id": "13965.2036",
    "id_prev": "13965.2035",
    "id_next": "13965.2817",
    "refcode_1": "GOP",
    "refcode_2": "334",
    "refcode_3": "1",
    "refcode_4": "",
    "refcode_short": "GOP 334.1",
    "refcode_long": "The Gift of Prophecy, p. 334.1 (Dr. Alberto Timm & Dwain Esmond)",
    "element_type": "p",
    "element_subtype": "standard-indented",
    "content": "Although the original sources are clearly recognizable in Ellen White&rsquo;s versions, she took the literary gem and made it her own, even in the latter two examples, where a more verbatim form of borrowing is shown. She changed words and added others, modified and reworked the thought, and ultimately improved, enhanced, and made more memorable the gem that had become her <span class=\"page-break\" data-page=\"335\"></span> own. &ldquo;The truth,&rdquo; according to researchers E. Marcella Anderson King and Kevin Morgan,",
    "puborder": 1465,
    "translations": []
  },
  {
    "para_id": "13965.2817",
    "id_prev": "13965.2036",
    "id_next": "13965.2039",
    "refcode_1": "GOP",
    "refcode_2": "335",
    "refcode_3": "1",
    "refcode_4": "",
    "refcode_short": "GOP 335.1",
    "refcode_long": "The Gift of Prophecy, p. 335.1 (Dr. Alberto Timm & Dwain Esmond)",
    "element_type": "p",
    "element_subtype": "blockquote-noindent",
    "content": "is that, whether Ellen White used Biblical descriptions, assimilated language, adapted gems of thought, or words and phrases absorbed from her use of sources as storyline guides, one thing is certain&mdash;her finished product is clearly her own, and she has done her readers a great service in <em>identifying, improving, and making more memorable</em> some of the most effective language available for telling the &ldquo;story of Jesus&rsquo; love.&rdquo; <sup class=\"footnote\"><a class=\"footnote\">72<span class=\"footnote\">King and Morgan, <em>More Than Words,</em> 129; for a study of Ellen White&rsquo;s style of writing, see Gladys King-Taylor, <em>Literary Beauty of Ellen G. White&rsquo;s Writings</em> (Mountain View, Calif.: Pacific Press<sup>®</sup>, 1953); King-Taylor does not take into account Ellen White&rsquo;s literary borrowing, but does show that Ellen White developed her own unique and effective style of writing.</span></a></sup>",
    "puborder": 1466,
    "translations": []
  }
]