[
  {
    "para_id": "13965.2374",
    "id_prev": "13965.2372",
    "id_next": "13965.2375",
    "refcode_1": "GOP",
    "refcode_2": "383",
    "refcode_3": "",
    "refcode_4": "21",
    "refcode_short": "GOP 383",
    "refcode_long": "The Gift of Prophecy, p. 383 (Dr. Alberto Timm & Dwain Esmond)",
    "element_type": "h3",
    "element_subtype": "",
    "content": "Contributors",
    "puborder": 1728,
    "translations": []
  },
  {
    "para_id": "13965.2375",
    "id_prev": "13965.2374",
    "id_next": "13965.2376",
    "refcode_1": "GOP",
    "refcode_2": "383",
    "refcode_3": "1",
    "refcode_4": "",
    "refcode_short": "GOP 383.1",
    "refcode_long": "The Gift of Prophecy, p. 383.1 (Dr. Alberto Timm & Dwain Esmond)",
    "element_type": "p",
    "element_subtype": "standard-indented",
    "content": "Merlin D. Burt, Ph.D., director of the Center for Adventist Research and the Ellen G. White Estate branch office, professor of church history, Seventh-day Adventist Theological Seminary, Andrews University, Berrien Springs, Michigan, USA.",
    "puborder": 1729,
    "translations": []
  },
  {
    "para_id": "13965.2376",
    "id_prev": "13965.2375",
    "id_next": "13965.2377",
    "refcode_1": "GOP",
    "refcode_2": "383",
    "refcode_3": "2",
    "refcode_4": "",
    "refcode_short": "GOP 383.2",
    "refcode_long": "The Gift of Prophecy, p. 383.2 (Dr. Alberto Timm & Dwain Esmond)",
    "element_type": "p",
    "element_subtype": "standard-indented",
    "content": "Michael W. Campbell, Ph.D., assistant professor of historical and theological studies, editor of the <em>Journal of Asia Adventist Seminary</em>, Adventist International Institute of Advanced Studies, Silang, Cavite, Philippines.",
    "puborder": 1730,
    "translations": []
  },
  {
    "para_id": "13965.2377",
    "id_prev": "13965.2376",
    "id_next": "13965.2378",
    "refcode_1": "GOP",
    "refcode_2": "383",
    "refcode_3": "3",
    "refcode_4": "",
    "refcode_short": "GOP 383.3",
    "refcode_long": "The Gift of Prophecy, p. 383.3 (Dr. Alberto Timm & Dwain Esmond)",
    "element_type": "p",
    "element_subtype": "standard-indented",
    "content": "Richard M. Davidson, Ph.D., J. N. Andrews Professor of Old Testament Interpretation, Seventh-day Adventist Theological Seminary, Andrews University, Berrien Springs, Michigan, USA.",
    "puborder": 1731,
    "translations": []
  },
  {
    "para_id": "13965.2378",
    "id_prev": "13965.2377",
    "id_next": "13965.2379",
    "refcode_1": "GOP",
    "refcode_2": "383",
    "refcode_3": "4",
    "refcode_4": "",
    "refcode_short": "GOP 383.4",
    "refcode_long": "The Gift of Prophecy, p. 383.4 (Dr. Alberto Timm & Dwain Esmond)",
    "element_type": "p",
    "element_subtype": "standard-indented",
    "content": "Elias Brasil de Souza, Ph.D., director of the Biblical Research Institute, General Conference of Seventh-day Adventists, Silver Spring, Maryland, USA.",
    "puborder": 1732,
    "translations": []
  },
  {
    "para_id": "13965.2379",
    "id_prev": "13965.2378",
    "id_next": "13965.2380",
    "refcode_1": "GOP",
    "refcode_2": "383",
    "refcode_3": "5",
    "refcode_4": "",
    "refcode_short": "GOP 383.5",
    "refcode_long": "The Gift of Prophecy, p. 383.5 (Dr. Alberto Timm & Dwain Esmond)",
    "element_type": "p",
    "element_subtype": "standard-indented",
    "content": "Denis Fortin, Ph.D., professor of theology, former dean of the Seventh-day Adventist Theological Seminary, Andrews University, Berrien Springs, Michigan, USA.",
    "puborder": 1733,
    "translations": []
  },
  {
    "para_id": "13965.2380",
    "id_prev": "13965.2379",
    "id_next": "13965.2381",
    "refcode_1": "GOP",
    "refcode_2": "383",
    "refcode_3": "6",
    "refcode_4": "",
    "refcode_short": "GOP 383.6",
    "refcode_long": "The Gift of Prophecy, p. 383.6 (Dr. Alberto Timm & Dwain Esmond)",
    "element_type": "p",
    "element_subtype": "standard-indented",
    "content": "Rodrigo Galiza, Ph.D. candidate, Seventh-day Adventist Theological Seminary, Andrews University, Berrien Springs, Michigan, USA.",
    "puborder": 1734,
    "translations": []
  },
  {
    "para_id": "13965.2381",
    "id_prev": "13965.2380",
    "id_next": "13965.2382",
    "refcode_1": "GOP",
    "refcode_2": "383",
    "refcode_3": "7",
    "refcode_4": "",
    "refcode_short": "GOP 383.7",
    "refcode_long": "The Gift of Prophecy, p. 383.7 (Dr. Alberto Timm & Dwain Esmond)",
    "element_type": "p",
    "element_subtype": "standard-indented",
    "content": "Frank M. Hasel, Ph.D., dean of the School of Theology, director of the Ellen G. White Study Center, Seminar Schloss Bogenhofen, St. Peter am Hart, Austria; appointed associate director of the Biblical Research Institute, General Conference of Seventh-day Adventists, Silver Spring, Maryland, USA.",
    "puborder": 1735,
    "translations": []
  },
  {
    "para_id": "13965.2382",
    "id_prev": "13965.2381",
    "id_next": "13965.2383",
    "refcode_1": "GOP",
    "refcode_2": "383",
    "refcode_3": "8",
    "refcode_4": "",
    "refcode_short": "GOP 383.8",
    "refcode_long": "The Gift of Prophecy, p. 383.8 (Dr. Alberto Timm & Dwain Esmond)",
    "element_type": "p",
    "element_subtype": "standard-indented",
    "content": "Chantal J. Klingbeil, M.Phil., associate director of the Ellen G. White Estate, General Conference of Seventh-day Adventists, Silver Spring, Maryland, USA.",
    "puborder": 1736,
    "translations": []
  },
  {
    "para_id": "13965.2383",
    "id_prev": "13965.2382",
    "id_next": "13965.2384",
    "refcode_1": "GOP",
    "refcode_2": "383",
    "refcode_3": "9",
    "refcode_4": "",
    "refcode_short": "GOP 383.9",
    "refcode_long": "The Gift of Prophecy, p. 383.9 (Dr. Alberto Timm & Dwain Esmond)",
    "element_type": "p",
    "element_subtype": "standard-indented",
    "content": "Gerald A. Klingbeil, D.Litt., associate editor of the <em>Adventist Review</em> and <em>Adventist World</em> magazines, General Conference of Seventh-day Adventists, Silver Spring, Maryland, USA; research professor of Old Testament and ancient Near East studies, Seventh-day Adventist Theological Seminary, Andrews University, Berrien Springs, Michigan, USA.",
    "puborder": 1737,
    "translations": []
  },
  {
    "para_id": "13965.2384",
    "id_prev": "13965.2383",
    "id_next": "13965.2387",
    "refcode_1": "GOP",
    "refcode_2": "383",
    "refcode_3": "10",
    "refcode_4": "",
    "refcode_short": "GOP 383.10",
    "refcode_long": "The Gift of Prophecy, p. 383.10 (Dr. Alberto Timm & Dwain Esmond)",
    "element_type": "p",
    "element_subtype": "standard-indented",
    "content": "Jud Lake, Th.D., D.Min., professor of preaching and Adventist studies, director of the Institute for the Study of Ellen G. White and Adventist Heritage, Southern Adventist University, Collegedale, Tennessee, USA. <span class=\"page-break\" data-page=\"384\"></span> Theodore N. Levterov, Ph.D., director of the Ellen G White Estate branch office, assistant professor of church history, School of Religion, Loma Linda University, Loma Linda, California, USA.",
    "puborder": 1738,
    "translations": []
  },
  {
    "para_id": "13965.2387",
    "id_prev": "13965.2384",
    "id_next": "13965.2388",
    "refcode_1": "GOP",
    "refcode_2": "384",
    "refcode_3": "1",
    "refcode_4": "",
    "refcode_short": "GOP 384.1",
    "refcode_long": "The Gift of Prophecy, p. 384.1 (Dr. Alberto Timm & Dwain Esmond)",
    "element_type": "p",
    "element_subtype": "standard-indented",
    "content": "Larry L. Lichtenwalter, Ph.D., dean of the School of Philosophy and Theology, director of the Institute for Islamic and Arabic Studies, Middle East University, Beirut, Lebanon.",
    "puborder": 1739,
    "translations": []
  },
  {
    "para_id": "13965.2388",
    "id_prev": "13965.2387",
    "id_next": "13965.2389",
    "refcode_1": "GOP",
    "refcode_2": "384",
    "refcode_3": "2",
    "refcode_4": "",
    "refcode_short": "GOP 384.2",
    "refcode_long": "The Gift of Prophecy, p. 384.2 (Dr. Alberto Timm & Dwain Esmond)",
    "element_type": "p",
    "element_subtype": "standard-indented",
    "content": "Jiří Moskala, Th.D., Ph.D., dean of the Seventh-day Adventist Theological Seminary, professor of Old Testament exegesis and theology, Andrews University, Berrien Springs, Michigan, USA.",
    "puborder": 1740,
    "translations": []
  },
  {
    "para_id": "13965.2389",
    "id_prev": "13965.2388",
    "id_next": "13965.2390",
    "refcode_1": "GOP",
    "refcode_2": "384",
    "refcode_3": "3",
    "refcode_4": "",
    "refcode_short": "GOP 384.3",
    "refcode_long": "The Gift of Prophecy, p. 384.3 (Dr. Alberto Timm & Dwain Esmond)",
    "element_type": "p",
    "element_subtype": "standard-indented",
    "content": "Ekkehardt Mueller, Th.D., D.Min., associate director of the Biblical Research Institute, General Conference of Seventh-day Adventists, Silver Spring, Maryland, USA.",
    "puborder": 1741,
    "translations": []
  },
  {
    "para_id": "13965.2390",
    "id_prev": "13965.2389",
    "id_next": "13965.2391",
    "refcode_1": "GOP",
    "refcode_2": "384",
    "refcode_3": "4",
    "refcode_4": "",
    "refcode_short": "GOP 384.4",
    "refcode_long": "The Gift of Prophecy, p. 384.4 (Dr. Alberto Timm & Dwain Esmond)",
    "element_type": "p",
    "element_subtype": "standard-indented",
    "content": "Dwight K. Nelson, D.Min., senior pastor of the Pioneer Memorial Church, Berrien Springs, Michigan, USA.",
    "puborder": 1742,
    "translations": []
  },
  {
    "para_id": "13965.2391",
    "id_prev": "13965.2390",
    "id_next": "13965.2392",
    "refcode_1": "GOP",
    "refcode_2": "384",
    "refcode_3": "5",
    "refcode_4": "",
    "refcode_short": "GOP 384.5",
    "refcode_long": "The Gift of Prophecy, p. 384.5 (Dr. Alberto Timm & Dwain Esmond)",
    "element_type": "p",
    "element_subtype": "standard-indented",
    "content": "James R. Nix, M.Div., M.L.S., Th.D. honoris causa, director of the Ellen G. White Estate, cofounder and board chair of the Adventist Heritage Ministry, General Conference of Seventh-day Adventists, Silver Spring, Maryland, USA.",
    "puborder": 1743,
    "translations": []
  },
  {
    "para_id": "13965.2392",
    "id_prev": "13965.2391",
    "id_next": "13965.2393",
    "refcode_1": "GOP",
    "refcode_2": "384",
    "refcode_3": "6",
    "refcode_4": "",
    "refcode_short": "GOP 384.6",
    "refcode_long": "The Gift of Prophecy, p. 384.6 (Dr. Alberto Timm & Dwain Esmond)",
    "element_type": "p",
    "element_subtype": "standard-indented",
    "content": "John Reeve, Ph.D., assistant professor of church history, editor Andrews University Seminary Studies, Seventh-day Adventist Theological Seminary, Andrews University, Berrien Springs, Michigan, USA.",
    "puborder": 1744,
    "translations": []
  },
  {
    "para_id": "13965.2393",
    "id_prev": "13965.2392",
    "id_next": "13965.2394",
    "refcode_1": "GOP",
    "refcode_2": "384",
    "refcode_3": "7",
    "refcode_4": "",
    "refcode_short": "GOP 384.7",
    "refcode_long": "The Gift of Prophecy, p. 384.7 (Dr. Alberto Timm & Dwain Esmond)",
    "element_type": "p",
    "element_subtype": "standard-indented",
    "content": "Ángel M. Rodríguez, Th.D., retired, former director of the Biblical Research Institute, General Conference of Seventh-day Adventists, Silver Spring, Maryland, USA.",
    "puborder": 1745,
    "translations": []
  },
  {
    "para_id": "13965.2394",
    "id_prev": "13965.2393",
    "id_next": "13965.2395",
    "refcode_1": "GOP",
    "refcode_2": "384",
    "refcode_3": "8",
    "refcode_4": "",
    "refcode_short": "GOP 384.8",
    "refcode_long": "The Gift of Prophecy, p. 384.8 (Dr. Alberto Timm & Dwain Esmond)",
    "element_type": "p",
    "element_subtype": "standard-indented",
    "content": "Ranko Stefanovic, Ph.D., professor of New Testament, director of the Master of Arts Religion Program and Seminary Affiliations and Extensions, Seventh-day Adventist Theological Seminary, Andrews University, Berrien Springs, Michigan, USA.",
    "puborder": 1746,
    "translations": []
  },
  {
    "para_id": "13965.2395",
    "id_prev": "13965.2394",
    "id_next": "13965.2396",
    "refcode_1": "GOP",
    "refcode_2": "384",
    "refcode_3": "9",
    "refcode_4": "",
    "refcode_short": "GOP 384.9",
    "refcode_long": "The Gift of Prophecy, p. 384.9 (Dr. Alberto Timm & Dwain Esmond)",
    "element_type": "p",
    "element_subtype": "standard-indented",
    "content": "Alberto R. Timm, Ph.D., associate director of the Ellen G. White Estate, General Conference of Seventh-day Adventists, Silver Spring, Maryland, USA.",
    "puborder": 1747,
    "translations": []
  },
  {
    "para_id": "13965.2396",
    "id_prev": "13965.2395",
    "id_next": "13965.2397",
    "refcode_1": "GOP",
    "refcode_2": "384",
    "refcode_3": "10",
    "refcode_4": "",
    "refcode_short": "GOP 384.10",
    "refcode_long": "The Gift of Prophecy, p. 384.10 (Dr. Alberto Timm & Dwain Esmond)",
    "element_type": "p",
    "element_subtype": "standard-indented",
    "content": "David J. B. Trim, Ph.D., F.R.Hist.S., director of the Office of Archives, Statistics, and Research, General Conference of Seventh-day Adventists, Silver Spring, Maryland, USA.",
    "puborder": 1748,
    "translations": []
  },
  {
    "para_id": "13965.2397",
    "id_prev": "13965.2396",
    "id_next": "13965.2398",
    "refcode_1": "GOP",
    "refcode_2": "384",
    "refcode_3": "11",
    "refcode_4": "",
    "refcode_short": "GOP 384.11",
    "refcode_long": "The Gift of Prophecy, p. 384.11 (Dr. Alberto Timm & Dwain Esmond)",
    "element_type": "p",
    "element_subtype": "standard-indented",
    "content": "Clinton Wahlen, Ph.D., associate director of the Biblical Research Institute, General Conference of Seventh-day Adventists, Silver Spring, Maryland, USA.",
    "puborder": 1749,
    "translations": []
  },
  {
    "para_id": "13965.2398",
    "id_prev": "13965.2397",
    "id_next": "13965.2823",
    "refcode_1": "GOP",
    "refcode_2": "384",
    "refcode_3": "12",
    "refcode_4": "",
    "refcode_short": "GOP 384.12",
    "refcode_long": "The Gift of Prophecy, p. 384.12 (Dr. Alberto Timm & Dwain Esmond)",
    "element_type": "p",
    "element_subtype": "standard-indented",
    "content": "Ted N. C. Wilson, Ph.D., president of the General Conference of Seventh-day Adventists, Silver Spring, Maryland, USA.",
    "puborder": 1750,
    "translations": []
  }
]