[
  {
    "para_id": "667.1363",
    "id_prev": "667.1361",
    "id_next": "667.1364",
    "refcode_1": "6BIO",
    "refcode_2": "163",
    "refcode_3": "",
    "refcode_4": "95",
    "refcode_short": "6BIO 163",
    "refcode_long": "Ellen G. White: The Later Elmshaven Years: 1905-1915 (vol. 6), p. 163 (Arthur Lacey White)",
    "element_type": "h4",
    "element_subtype": "",
    "content": "Elder Reaser Needed in God&apos;s Cause",
    "puborder": 1105,
    "translations": []
  },
  {
    "para_id": "667.1364",
    "id_prev": "667.1363",
    "id_next": "667.1365",
    "refcode_1": "6BIO",
    "refcode_2": "163",
    "refcode_3": "1",
    "refcode_4": "",
    "refcode_short": "6BIO 163.1",
    "refcode_long": "Ellen G. White: The Later Elmshaven Years: 1905-1915 (vol. 6), p. 163.1 (Arthur Lacey White)",
    "element_type": "p",
    "element_subtype": "standard-indented",
    "content": "What assuring words she wrote as she continued her seven-page letter of gratitude and counsel:",
    "puborder": 1106,
    "translations": []
  },
  {
    "para_id": "667.1365",
    "id_prev": "667.1364",
    "id_next": "667.1366",
    "refcode_1": "6BIO",
    "refcode_2": "163",
    "refcode_3": "2",
    "refcode_4": "",
    "refcode_short": "6BIO 163.2",
    "refcode_long": "Ellen G. White: The Later Elmshaven Years: 1905-1915 (vol. 6), p. 163.2 (Arthur Lacey White)",
    "element_type": "p",
    "element_subtype": "blockquote-indented",
    "content": "Elder Reaser, we have not one worker to spare. We have felt pained at heart as we have seen you placing yourself where you were in danger of sowing strange seed. Oh, how I feared for the results, if you should refuse to accept the light God was sending you. But rest assured that if you will work in harmony with your brethren, we will draw in even cords. If God&apos;s servants will walk humbly with Him, they will see of His glory.",
    "puborder": 1107,
    "translations": []
  },
  {
    "para_id": "667.1366",
    "id_prev": "667.1365",
    "id_next": "667.1367",
    "refcode_1": "6BIO",
    "refcode_2": "163",
    "refcode_3": "3",
    "refcode_4": "",
    "refcode_short": "6BIO 163.3",
    "refcode_long": "Ellen G. White: The Later Elmshaven Years: 1905-1915 (vol. 6), p. 163.3 (Arthur Lacey White)",
    "element_type": "p",
    "element_subtype": "standard-indented",
    "content": "She recognized that there was a battle ahead, but assured Reaser that as he sought to &ldquo;correct those things for which the Lord has reproved&rdquo; him, God&apos;s grace would enable him to see things in their right light, and to be one to help &ldquo;recover others who stand in the same dangerous position&rdquo; in which he had stood.",
    "puborder": 1108,
    "translations": []
  },
  {
    "para_id": "667.1367",
    "id_prev": "667.1366",
    "id_next": "667.1368",
    "refcode_1": "6BIO",
    "refcode_2": "163",
    "refcode_3": "4",
    "refcode_4": "",
    "refcode_short": "6BIO 163.4",
    "refcode_long": "Ellen G. White: The Later Elmshaven Years: 1905-1915 (vol. 6), p. 163.4 (Arthur Lacey White)",
    "element_type": "p",
    "element_subtype": "standard-indented",
    "content": "&ldquo;I believe,&rdquo; she wrote, &ldquo;that you will continue to come more and more into the light, and that you will not be separated from the work, but will learn to carry it as a converted man in Christ Jesus.&rdquo;",
    "puborder": 1109,
    "translations": []
  },
  {
    "para_id": "667.1368",
    "id_prev": "667.1367",
    "id_next": "667.1369",
    "refcode_1": "6BIO",
    "refcode_2": "163",
    "refcode_3": "5",
    "refcode_4": "",
    "refcode_short": "6BIO 163.5",
    "refcode_long": "Ellen G. White: The Later Elmshaven Years: 1905-1915 (vol. 6), p. 163.5 (Arthur Lacey White)",
    "element_type": "p",
    "element_subtype": "standard-indented",
    "content": "As to the influence of this experience in the conference, she continued:",
    "puborder": 1110,
    "translations": []
  },
  {
    "para_id": "667.1369",
    "id_prev": "667.1368",
    "id_next": "667.1370",
    "refcode_1": "6BIO",
    "refcode_2": "163",
    "refcode_3": "6",
    "refcode_4": "",
    "refcode_short": "6BIO 163.6",
    "refcode_long": "Ellen G. White: The Later Elmshaven Years: 1905-1915 (vol. 6), p. 163.6 (Arthur Lacey White)",
    "element_type": "p",
    "element_subtype": "blockquote-indented",
    "content": "Nothing could give the conference surer confidence in you than the step you are now taking to place yourself in right relation to the work of God. Do not cease your efforts until you stand on vantage ground. And the position you take will help those who have been following a similar course.",
    "puborder": 1111,
    "translations": []
  },
  {
    "para_id": "667.1370",
    "id_prev": "667.1369",
    "id_next": "667.1371",
    "refcode_1": "6BIO",
    "refcode_2": "163",
    "refcode_3": "7",
    "refcode_4": "",
    "refcode_short": "6BIO 163.7",
    "refcode_long": "Ellen G. White: The Later Elmshaven Years: 1905-1915 (vol. 6), p. 163.7 (Arthur Lacey White)",
    "element_type": "p",
    "element_subtype": "blockquote-indented",
    "content": "If you can retain your position as a minister of God, and reveal His converting power and the grace of Christ in your life, you will teach others the right way.&mdash;<span class=\"egwlink egwlink_book\" title=\"Lt 4, 1908\" data-link=\"14073.8335001\">Letter 4, 1908</span>.",
    "puborder": 1112,
    "translations": []
  },
  {
    "para_id": "667.1371",
    "id_prev": "667.1370",
    "id_next": "667.1372",
    "refcode_1": "6BIO",
    "refcode_2": "163",
    "refcode_3": "8",
    "refcode_4": "",
    "refcode_short": "6BIO 163.8",
    "refcode_long": "Ellen G. White: The Later Elmshaven Years: 1905-1915 (vol. 6), p. 163.8 (Arthur Lacey White)",
    "element_type": "p",
    "element_subtype": "standard-indented",
    "content": "The exchange of correspondence continued over a period of six weeks, Elder Reaser expressing his gratitude for the messages the Lord had sent and his determination to follow the light, and Ellen White carefully keeping before him that the battle he had entered upon was one he must with the help of God pursue, and at the same time keeping before him the tender love of God and the help he must secure from Him.",
    "puborder": 1113,
    "translations": []
  },
  {
    "para_id": "667.1372",
    "id_prev": "667.1371",
    "id_next": "667.1375",
    "refcode_1": "6BIO",
    "refcode_2": "163",
    "refcode_3": "9",
    "refcode_4": "",
    "refcode_short": "6BIO 163.9",
    "refcode_long": "Ellen G. White: The Later Elmshaven Years: 1905-1915 (vol. 6), p. 163.9 (Arthur Lacey White)",
    "element_type": "p",
    "element_subtype": "standard-indented",
    "content": "Elder G. W. Reaser continued to carry on his work as the <span class=\"page-break\" data-page=\"164\"></span> president of the Southern California Conference as a man who now saw things in their true light. When his term expired, it was thought best to allow him to work in a new field. He responded to a call to Mexico, where, by the help of the Southern California Conference, mission work was being opened. At the 1907 camp meeting, he had reported three trips to Mexico (<span class=\"nol-ink\" title=\"PUR 9-19-1907\">Pacific Union Recorder, September 19, 1907</span>), so he was somewhat acquainted with and deeply interested in that field.",
    "puborder": 1114,
    "translations": []
  },
  {
    "para_id": "667.1375",
    "id_prev": "667.1372",
    "id_next": "667.1377",
    "refcode_1": "6BIO",
    "refcode_2": "164",
    "refcode_3": "1",
    "refcode_4": "",
    "refcode_short": "6BIO 164.1",
    "refcode_long": "Ellen G. White: The Later Elmshaven Years: 1905-1915 (vol. 6), p. 164.1 (Arthur Lacey White)",
    "element_type": "p",
    "element_subtype": "standard-indented",
    "content": "After two years in Mexico, Elder Reaser engaged in various ministerial activities in the Pacific Union Conference. As a member of the union committee, he participated in an interview with Ellen White at her home on December 4, 1913, and offered prayer and expressed appreciative remarks at the close of the interview (<span class=\"egwlink egwlink_book\" title=\"Ms 12, 1913\" data-link=\"14075.10892001\">Manuscript 12, 1913</span>).",
    "puborder": 1115,
    "translations": []
  }
]