[
  {
    "para_id": "667.1755",
    "id_prev": "667.1754",
    "id_next": "667.1756",
    "refcode_1": "6BIO",
    "refcode_2": "214",
    "refcode_3": "",
    "refcode_4": "115",
    "refcode_short": "6BIO 214",
    "refcode_long": "Ellen G. White: The Later Elmshaven Years: 1905-1915 (vol. 6), p. 214 (Arthur Lacey White)",
    "element_type": "h4",
    "element_subtype": "",
    "content": "Turning Westward",
    "puborder": 1412,
    "translations": []
  },
  {
    "para_id": "667.1756",
    "id_prev": "667.1755",
    "id_next": "667.1757",
    "refcode_1": "6BIO",
    "refcode_2": "214",
    "refcode_3": "2",
    "refcode_4": "",
    "refcode_short": "6BIO 214.2",
    "refcode_long": "Ellen G. White: The Later Elmshaven Years: 1905-1915 (vol. 6), p. 214.2 (Arthur Lacey White)",
    "element_type": "p",
    "element_subtype": "standard-indented",
    "content": "With the cherished visit in Portland over, Ellen White and her associates turned westward for the 3,000-mile journey home. It was to be stretched out to two full months, with days spent at Melrose Sanitarium in the vicinity of Boston, then Buffalo, New York, and westward to Battle Creek, Michigan, and nearby Three Rivers, where the Michigan camp meeting was held. This would be an important meeting, for it was a large conference and she had labored for many years in that State. She was on the grounds a day early to get a good rest before beginning her ministry.",
    "puborder": 1413,
    "translations": []
  },
  {
    "para_id": "667.1757",
    "id_prev": "667.1756",
    "id_next": "667.1758",
    "refcode_1": "6BIO",
    "refcode_2": "214",
    "refcode_3": "3",
    "refcode_4": "",
    "refcode_short": "6BIO 214.3",
    "refcode_long": "Ellen G. White: The Later Elmshaven Years: 1905-1915 (vol. 6), p. 214.3 (Arthur Lacey White)",
    "element_type": "p",
    "element_subtype": "standard-indented",
    "content": "During the meeting, she slipped away for one day to fill a speaking appointment in Battle Creek, her last visit there. The meeting was held on Thursday afternoon in the Tabernacle, and was well attended by church members, Sanitarium employees, and citizens from the city. She opened the service with prayer, after which she gave a simple but earnest discourse, based on the fifteenth chapter of John (<span class=\"egwlink egwlink_book\" title=\"RH 12-23-1909\" data-link=\"821.30482\">The Review and Herald, December 23, 1909</span>).",
    "puborder": 1414,
    "translations": []
  },
  {
    "para_id": "667.1758",
    "id_prev": "667.1757",
    "id_next": "667.1759",
    "refcode_1": "6BIO",
    "refcode_2": "214",
    "refcode_3": "4",
    "refcode_4": "",
    "refcode_short": "6BIO 214.4",
    "refcode_long": "Ellen G. White: The Later Elmshaven Years: 1905-1915 (vol. 6), p. 214.4 (Arthur Lacey White)",
    "element_type": "p",
    "element_subtype": "standard-indented",
    "content": "Monday morning they were again on their way west. The next stop was at Wabash Valley Sanitarium in Indiana. Of the visit to this institution she wrote:",
    "puborder": 1415,
    "translations": []
  },
  {
    "para_id": "667.1759",
    "id_prev": "667.1758",
    "id_next": "667.1761",
    "refcode_1": "6BIO",
    "refcode_2": "214",
    "refcode_3": "5",
    "refcode_4": "",
    "refcode_short": "6BIO 214.5",
    "refcode_long": "Ellen G. White: The Later Elmshaven Years: 1905-1915 (vol. 6), p. 214.5 (Arthur Lacey White)",
    "element_type": "p",
    "element_subtype": "blockquote-indented",
    "content": "We were intensely interested in this Sanitarium and its surroundings, for the Lord has presented before me in vision just such a scene. I could hardly believe that I had not seen the place before with my natural eyes.",
    "puborder": 1416,
    "translations": []
  },
  {
    "para_id": "667.1761",
    "id_prev": "667.1759",
    "id_next": "667.1762",
    "refcode_1": "6BIO",
    "refcode_2": "215",
    "refcode_3": "1",
    "refcode_4": "",
    "refcode_short": "6BIO 215.1",
    "refcode_long": "Ellen G. White: The Later Elmshaven Years: 1905-1915 (vol. 6), p. 215.1 (Arthur Lacey White)",
    "element_type": "p",
    "element_subtype": "blockquote-indented",
    "content": "I am instructed to say that it is in the order of God that this property has been secured. It is to become an important center for missionary work in the surrounding cities.&mdash;<span class=\"egwlink egwlink_book\" title=\"RH 12-23-1909\" data-link=\"821.30482\">Ibid.</span>",
    "puborder": 1417,
    "translations": []
  },
  {
    "para_id": "667.1762",
    "id_prev": "667.1761",
    "id_next": "667.1763",
    "refcode_1": "6BIO",
    "refcode_2": "215",
    "refcode_3": "2",
    "refcode_4": "",
    "refcode_short": "6BIO 215.2",
    "refcode_long": "Ellen G. White: The Later Elmshaven Years: 1905-1915 (vol. 6), p. 215.2 (Arthur Lacey White)",
    "element_type": "p",
    "element_subtype": "standard-indented",
    "content": "As she commented on the rural location, she added that in locating sanitariums &ldquo;sufficient land should be secured to raise fruit and vegetables,&rdquo; and the outdoor work afforded the guests would &ldquo;be a boon to the sick&rdquo; (<span class=\"egwlink egwlink_book\" title=\"RH 12-23-1909\" data-link=\"821.30482\">Ibid.</span>).",
    "puborder": 1418,
    "translations": []
  },
  {
    "para_id": "667.1763",
    "id_prev": "667.1762",
    "id_next": "667.1764",
    "refcode_1": "6BIO",
    "refcode_2": "215",
    "refcode_3": "3",
    "refcode_4": "",
    "refcode_short": "6BIO 215.3",
    "refcode_long": "Ellen G. White: The Later Elmshaven Years: 1905-1915 (vol. 6), p. 215.3 (Arthur Lacey White)",
    "element_type": "p",
    "element_subtype": "standard-indented",
    "content": "She visited Hinsdale Sanitarium near Chicago, and then spent a few days at the Illinois camp meeting at Elgin. From there it was on to Madison (Wisconsin) Sanitarium, and camp meetings in Iowa, Kansas, and Colorado.",
    "puborder": 1419,
    "translations": []
  }
]