[
  {
    "para_id": "667.295",
    "id_prev": "667.293",
    "id_next": "667.296",
    "refcode_1": "6BIO",
    "refcode_2": "42",
    "refcode_3": "",
    "refcode_4": "14",
    "refcode_short": "6BIO 42",
    "refcode_long": "Ellen G. White: The Later Elmshaven Years: 1905-1915 (vol. 6), p. 42 (Arthur Lacey White)",
    "element_type": "h4",
    "element_subtype": "",
    "content": "Linking Up With Unbelievers",
    "puborder": 234,
    "translations": []
  },
  {
    "para_id": "667.296",
    "id_prev": "667.295",
    "id_next": "667.297",
    "refcode_1": "6BIO",
    "refcode_2": "42",
    "refcode_3": "1",
    "refcode_4": "",
    "refcode_short": "6BIO 42.1",
    "refcode_long": "Ellen G. White: The Later Elmshaven Years: 1905-1915 (vol. 6), p. 42.1 (Arthur Lacey White)",
    "element_type": "p",
    "element_subtype": "standard-indented",
    "content": "One week later she wrote to Doctors Wade and Hills:",
    "puborder": 235,
    "translations": []
  },
  {
    "para_id": "667.297",
    "id_prev": "667.296",
    "id_next": "667.298",
    "refcode_1": "6BIO",
    "refcode_2": "42",
    "refcode_3": "",
    "refcode_4": "",
    "refcode_short": "",
    "refcode_long": "",
    "element_type": "p",
    "element_subtype": "blockquote-indented",
    "content": "The Lord has repeatedly instructed me to say to His people that they are not to bind up with the world in business partnerships of any kind, and especially in so important a matter as the establishment of a sanitarium. Believers and unbelievers, serving two masters, cannot properly be linked together in the Lord&apos;s work. &ldquo;Can two walk together, except they be agreed?&rdquo; God forbids His people to unite with unbelievers in the building up of His institutions.",
    "puborder": 236,
    "translations": []
  },
  {
    "para_id": "667.298",
    "id_prev": "667.297",
    "id_next": "667.299",
    "refcode_1": "6BIO",
    "refcode_2": "42",
    "refcode_3": "2",
    "refcode_4": "",
    "refcode_short": "6BIO 42.2",
    "refcode_long": "Ellen G. White: The Later Elmshaven Years: 1905-1915 (vol. 6), p. 42.2 (Arthur Lacey White)",
    "element_type": "p",
    "element_subtype": "standard-indented",
    "content": "She laid out clearly the involvements:",
    "puborder": 237,
    "translations": []
  },
  {
    "para_id": "667.299",
    "id_prev": "667.298",
    "id_next": "667.300",
    "refcode_1": "6BIO",
    "refcode_2": "42",
    "refcode_3": "",
    "refcode_4": "",
    "refcode_short": "",
    "refcode_long": "",
    "element_type": "p",
    "element_subtype": "blockquote-indented",
    "content": "One of the dangers to be met if we should link up with unbelievers is that we cannot depend upon the opinions and judgment, regarding the sacred interests of the Lord&apos;s work, of men who, with the Bible open before them, are living in open transgression of the law of God. We cannot depend upon them, because the enemy of Christ influences their minds.",
    "puborder": 238,
    "translations": []
  },
  {
    "para_id": "667.300",
    "id_prev": "667.299",
    "id_next": "667.301",
    "refcode_1": "6BIO",
    "refcode_2": "42",
    "refcode_3": "3",
    "refcode_4": "",
    "refcode_short": "6BIO 42.3",
    "refcode_long": "Ellen G. White: The Later Elmshaven Years: 1905-1915 (vol. 6), p. 42.3 (Arthur Lacey White)",
    "element_type": "p",
    "element_subtype": "blockquote-indented",
    "content": "They may be ever so favorable to our work now, but in the future there will come times of crisis, and then our people will be brought into a position of extreme trial, if they are bound up in any way with the worldlings. Our people may think that they can guard against these difficulties that would naturally arise in their union with worldlings, but in this they will be disappointed.",
    "puborder": 239,
    "translations": []
  },
  {
    "para_id": "667.301",
    "id_prev": "667.300",
    "id_next": "667.302",
    "refcode_1": "6BIO",
    "refcode_2": "42",
    "refcode_3": "4",
    "refcode_4": "",
    "refcode_short": "6BIO 42.4",
    "refcode_long": "Ellen G. White: The Later Elmshaven Years: 1905-1915 (vol. 6), p. 42.4 (Arthur Lacey White)",
    "element_type": "p",
    "element_subtype": "blockquote-indented",
    "content": "In connection with any combination with outside parties, there will be disappointment. It behooves us to move very guardedly, for thereby we shall save ourselves much burden and trouble, for the light given me is that to link up with them and to lean upon them is folly and disappointment.",
    "puborder": 240,
    "translations": []
  },
  {
    "para_id": "667.302",
    "id_prev": "667.301",
    "id_next": "667.303",
    "refcode_1": "6BIO",
    "refcode_2": "42",
    "refcode_3": "5",
    "refcode_4": "",
    "refcode_short": "6BIO 42.5",
    "refcode_long": "Ellen G. White: The Later Elmshaven Years: 1905-1915 (vol. 6), p. 42.5 (Arthur Lacey White)",
    "element_type": "p",
    "element_subtype": "standard-indented",
    "content": "&ldquo;Wait,&rdquo; she counseled. &ldquo;Wait until the Lord shall manifest Himself in a more distinct and striking manner than He has done.&rdquo;",
    "puborder": 241,
    "translations": []
  },
  {
    "para_id": "667.303",
    "id_prev": "667.302",
    "id_next": "667.304",
    "refcode_1": "6BIO",
    "refcode_2": "42",
    "refcode_3": "6",
    "refcode_4": "",
    "refcode_short": "6BIO 42.6",
    "refcode_long": "Ellen G. White: The Later Elmshaven Years: 1905-1915 (vol. 6), p. 42.6 (Arthur Lacey White)",
    "element_type": "p",
    "element_subtype": "standard-indented",
    "content": "She reminded the two physicians:",
    "puborder": 242,
    "translations": []
  },
  {
    "para_id": "667.304",
    "id_prev": "667.303",
    "id_next": "667.307",
    "refcode_1": "6BIO",
    "refcode_2": "42",
    "refcode_3": "",
    "refcode_4": "",
    "refcode_short": "",
    "refcode_long": "",
    "element_type": "p",
    "element_subtype": "blockquote-indented",
    "content": "Our health institutions are of value in the Lord&apos;s estimation only when He is allowed to preside in their management. If His plans and devisings are regarded as inferior to plans of men, He <span class=\"page-break\" data-page=\"43\"></span> looks upon these institutions as of no more value than the institutions established and conducted by worldlings.&mdash;<span class=\"egwlink egwlink_book\" title=\"Lt 283, 1905\" data-link=\"14070.8245001\">Letter 283, 1905</span>.",
    "puborder": 243,
    "translations": []
  },
  {
    "para_id": "667.307",
    "id_prev": "667.304",
    "id_next": "667.308",
    "refcode_1": "6BIO",
    "refcode_2": "43",
    "refcode_3": "1",
    "refcode_4": "",
    "refcode_short": "6BIO 43.1",
    "refcode_long": "Ellen G. White: The Later Elmshaven Years: 1905-1915 (vol. 6), p. 43.1 (Arthur Lacey White)",
    "element_type": "p",
    "element_subtype": "standard-indented",
    "content": "The Canon City enterprise was reluctantly abandoned. Boulder Sanitarium survived.",
    "puborder": 244,
    "translations": []
  },
  {
    "para_id": "667.308",
    "id_prev": "667.307",
    "id_next": "667.310",
    "refcode_1": "6BIO",
    "refcode_2": "43",
    "refcode_3": "2",
    "refcode_4": "",
    "refcode_short": "6BIO 43.2",
    "refcode_long": "Ellen G. White: The Later Elmshaven Years: 1905-1915 (vol. 6), p. 43.2 (Arthur Lacey White)",
    "element_type": "p",
    "element_subtype": "standard-indented",
    "content": "To place in permanent form before church members throughout Colorado the history and the testimonies concerning the Sanitarium matters, a pamphlet of eighty pages was published at Pacific Press in the late fall of 1905. It carried the title &ldquo;Record of Progress and an Earnest Appeal in Behalf of the Boulder, Colorado, Sanitarium.&rdquo; The pamphlet was designated as <em>Special Testimonies</em>, Series B, No. 5. This made it a part of a growing series of special testimonies, issued to meet special or local situations. The next year, after some developments in the situation in Colorado, a second printing was made with added material bringing the presentation up-to-date.",
    "puborder": 245,
    "translations": []
  }
]