[
  {
    "para_id": "667.2960",
    "id_prev": "667.2957",
    "id_next": "667.2961",
    "refcode_1": "6BIO",
    "refcode_2": "373",
    "refcode_3": "",
    "refcode_4": "172",
    "refcode_short": "6BIO 373",
    "refcode_long": "Ellen G. White: The Later Elmshaven Years: 1905-1915 (vol. 6), p. 373 (Arthur Lacey White)",
    "element_type": "h4",
    "element_subtype": "",
    "content": "Not an Isolated Situation",
    "puborder": 2362,
    "translations": []
  },
  {
    "para_id": "667.2961",
    "id_prev": "667.2960",
    "id_next": "667.2962",
    "refcode_1": "6BIO",
    "refcode_2": "373",
    "refcode_3": "1",
    "refcode_4": "",
    "refcode_short": "6BIO 373.1",
    "refcode_long": "Ellen G. White: The Later Elmshaven Years: 1905-1915 (vol. 6), p. 373.1 (Arthur Lacey White)",
    "element_type": "p",
    "element_subtype": "standard-indented",
    "content": "Soon after this experience at the Sanitarium, W. C. White discovered that the question of recreation and sports was a live one in many places. Sarah Peck, now at Union College, wrote about the nonsensical &ldquo;cheers&rdquo; that had been developed to spur the athletic teams to &ldquo;greater frenzy.&rdquo; From Keene, Texas, Prof. C. B. Hughes, the principal, wrote that while things seemed to be under control at the time, during the past two years the broom shop manager had had a terrible time keeping his workers at their jobs. Football and baseball games seemed to have a stronger appeal, and the games were so vigorous that one boy had his arm broken and several others suffered injuries that kept them from their work (DF 249d, C. B. Hughes to WCW, August 26, 1912).",
    "puborder": 2363,
    "translations": []
  },
  {
    "para_id": "667.2962",
    "id_prev": "667.2961",
    "id_next": "667.2963",
    "refcode_1": "6BIO",
    "refcode_2": "373",
    "refcode_3": "2",
    "refcode_4": "",
    "refcode_short": "6BIO 373.2",
    "refcode_long": "Ellen G. White: The Later Elmshaven Years: 1905-1915 (vol. 6), p. 373.2 (Arthur Lacey White)",
    "element_type": "p",
    "element_subtype": "standard-indented",
    "content": "The Fourth of July incident and the testimony written the next morning and these various reports encouraged the staff at Elmshaven to publish another <em>Special Testimony</em>, which they titled &ldquo;Recreation&rdquo; (see Sp. T, Series B, No. 21). The type was set at the &ldquo;Elmshaven Press,&rdquo; and the printing was done at Mountain View. Its distribution and reading exerted a modifying influence in church ranks.",
    "puborder": 2364,
    "translations": []
  },
  {
    "para_id": "667.2963",
    "id_prev": "667.2962",
    "id_next": "667.2964",
    "refcode_1": "6BIO",
    "refcode_2": "373",
    "refcode_3": "3",
    "refcode_4": "",
    "refcode_short": "6BIO 373.3",
    "refcode_long": "Ellen G. White: The Later Elmshaven Years: 1905-1915 (vol. 6), p. 373.3 (Arthur Lacey White)",
    "element_type": "p",
    "element_subtype": "standard-indented",
    "content": "Only two or three weeks before this Fourth of July incident and the vision, Ellen White had sounded some cautions concerning the operation of swimming pools at Seventh-day Adventist institutions. This was in connection with W. C. White&apos;s Sabbath-afternoon visit with his mother on June 15. The students at Loma Linda had urged the construction of a swimming pool, to be financed and controlled by an organization of the students. The board had voted to investigate the Spirit of Prophecy counsels before proceeding with the proposition. Now W. C. White, a member of the board, put the matter before his mother. She responded:",
    "puborder": 2365,
    "translations": []
  },
  {
    "para_id": "667.2964",
    "id_prev": "667.2963",
    "id_next": "667.2967",
    "refcode_1": "6BIO",
    "refcode_2": "373",
    "refcode_3": "4",
    "refcode_4": "",
    "refcode_short": "6BIO 373.4",
    "refcode_long": "Ellen G. White: The Later Elmshaven Years: 1905-1915 (vol. 6), p. 373.4 (Arthur Lacey White)",
    "element_type": "p",
    "element_subtype": "blockquote-indented",
    "content": "&ldquo;The swimming pool may be an advantage healthwise, but all along as proposals have been made in various places to provide swimming pools, it has been presented to me that there <span class=\"page-break\" data-page=\"374\"></span> is great danger of the development of unfavorable and serious difficulties.",
    "puborder": 2366,
    "translations": []
  },
  {
    "para_id": "667.2967",
    "id_prev": "667.2964",
    "id_next": "667.2968",
    "refcode_1": "6BIO",
    "refcode_2": "374",
    "refcode_3": "1",
    "refcode_4": "",
    "refcode_short": "6BIO 374.1",
    "refcode_long": "Ellen G. White: The Later Elmshaven Years: 1905-1915 (vol. 6), p. 374.1 (Arthur Lacey White)",
    "element_type": "p",
    "element_subtype": "blockquote-indented",
    "content": "&ldquo;In no case could I consent to a swimming pool being established which should be under the control of an organization of students. If there is to be a swimming pool, it should be fully under the control of the institution. Such an enterprise would need to be cared for by persons wisely chosen who will superintend the use of the place with Christian vigilance.&rdquo;&mdash;WCW to AGD, June 16, 1912.",
    "puborder": 2367,
    "translations": []
  }
]