{
  "book_id": 667,
  "code": "6BIO",
  "lang": "en",
  "type": "book",
  "subtype": "",
  "title": "Ellen G. White: The Later Elmshaven Years: 1905-1915 (vol. 6)",
  "first_para": "667.2",
  "author": "Arthur Lacey White",
  "description": "This last volume in the six-volume biography of Ellen White is devoted to the last decade of the fruitful life of this messenger of the Lord. It covers the establishment of the Loma Linda Sanitarium, the San Francisco earthquake, and the establishment of Pacific Union College. During this time she also published the 1911 edition of The Great Controversy, and during the next few years produced several other books.",
  "npages": 459,
  "isbn": null,
  "publisher": "Hagerstown, MD: Review and Herald Publishing Association",
  "pub_year": "1982",
  "buy_link": "https://www.adventistbookcenter.com/ellen-g-white-the-later-elmshaven-years-1905-1915-vol-6.html",
  "folder_id": 14,
  "cover": {
    "small": "/covers/667_s.jpg",
    "large": "/covers/667_r.jpg"
  },
  "files": {
    "mp3": "/mp3/667/en_6BIO.zip",
    "pdf": "/pdf/en_6BIO.pdf",
    "epub": "/epub/en_6BIO.epub",
    "mobi": "/mobi/en_6BIO.mobi"
  },
  "permission_required": "public",
  "sort": 234000007,
  "is_audiobook": true,
  "cite": "White, A. L. (1982) Ellen G. White: The Later Elmshaven Years: 1905-1915 (vol. 6). Hagerstown, MD: Review and Herald Publishing Association.",
  "translated_into": []
}