[
  {
    "para_id": "59.1570",
    "id_prev": "59.2196",
    "id_next": "59.1571",
    "refcode_1": "9MR",
    "refcode_2": "293",
    "refcode_3": "",
    "refcode_4": "84",
    "refcode_short": "9MR 293",
    "refcode_long": "Manuscript Releases, vol. 9 [Nos. 664-770], p. 293 (Ellen Gould White)",
    "element_type": "h3",
    "element_subtype": "",
    "content": "MR No. 747&mdash;Christ Our Righteousness",
    "puborder": 1294,
    "translations": []
  },
  {
    "para_id": "59.1571",
    "id_prev": "59.1570",
    "id_next": "59.1572",
    "refcode_1": "9MR",
    "refcode_2": "293",
    "refcode_3": "1",
    "refcode_4": "",
    "refcode_short": "9MR 293.1",
    "refcode_long": "Manuscript Releases, vol. 9 [Nos. 664-770], p. 293.1 (Ellen Gould White)",
    "element_type": "p",
    "element_subtype": "standard-indented",
    "content": "<strong>I have attended the closing meeting of the ministerial Bible school</strong>&mdash;a school composed of conference delegates and those who have been attending the ministerial institute. At this meeting several were called upon to say something. Remarks appropriate for the occasion were made by Elders Olsen, Waggoner, Prescott, and Smith; also by Elder Haskell, who has been mercifully preserved during his tour around the world.",
    "puborder": 1295,
    "translations": []
  },
  {
    "para_id": "59.1572",
    "id_prev": "59.1571",
    "id_next": "59.1573",
    "refcode_1": "9MR",
    "refcode_2": "293",
    "refcode_3": "2",
    "refcode_4": "",
    "refcode_short": "9MR 293.2",
    "refcode_long": "Manuscript Releases, vol. 9 [Nos. 664-770], p. 293.2 (Ellen Gould White)",
    "element_type": "p",
    "element_subtype": "standard-indented",
    "content": "I spoke in regard to matters that were deeply impressing my mind. I referred to the fear that had been expressed by some who were not members of the ministerial institute, and who had not been present at all the Bible classes of the school&mdash;a fear that there was danger of carrying the subject of justification by faith altogether too far, and of not dwelling enough on the law.",
    "puborder": 1296,
    "translations": []
  },
  {
    "para_id": "59.1573",
    "id_prev": "59.1572",
    "id_next": "59.1574",
    "refcode_1": "9MR",
    "refcode_2": "293",
    "refcode_3": "3",
    "refcode_4": "",
    "refcode_short": "9MR 293.3",
    "refcode_long": "Manuscript Releases, vol. 9 [Nos. 664-770], p. 293.3 (Ellen Gould White)",
    "element_type": "p",
    "element_subtype": "standard-indented",
    "content": "Judging from the meetings that I had been privileged to attend, I could see no cause for alarm; and so I felt called upon to say that this fear was cherished by those who had not heard all the precious lessons given, and that therefore they were not warranted in coming to such a conclusion. None of the members of the class who had been studying the Word to learn &ldquo;What saith the Scriptures?&rdquo; entertained any such fear. The Bible, and the Bible alone, has been the subject of investigation in this school. Every lesson has been based, not on the ideas and the opinions of men, but on a plain &ldquo;Thus saith the Lord.&rdquo;",
    "puborder": 1297,
    "translations": []
  },
  {
    "para_id": "59.1574",
    "id_prev": "59.1573",
    "id_next": "59.1577",
    "refcode_1": "9MR",
    "refcode_2": "293",
    "refcode_3": "4",
    "refcode_4": "",
    "refcode_short": "9MR 293.4",
    "refcode_long": "Manuscript Releases, vol. 9 [Nos. 664-770], p. 293.4 (Ellen Gould White)",
    "element_type": "p",
    "element_subtype": "standard-indented",
    "content": "Many remarks have been made to the effect that in our camp meetings the speakers have dwelt upon the law, the law, and not on Jesus. This statement is not strictly true, but have not the people had some reason for making these <span class=\"page-break\" data-page=\"294\"></span> remarks? Have not there stood in the desk, as mouthpieces for God, men who had not a genuine experience in heavenly things, men who had not received the righteousness of Christ Jesus? Many of our ministers have merely sermonized, presenting subjects in an argumentative way and scarcely mentioning the saving power of the Redeemer. Not having themselves partaken of the living bread from heaven, their testimony was destitute of nourishment, destitute of the saving blood of Jesus Christ, which cleanseth from all sin. Their offering resembled the offering of Cain. He brought to the Lord the fruit of the ground, which, in itself, was acceptable in God&apos;s sight. Very good, indeed, was the fruit, but the virtue of the offering, the blood of Christ, represented by the blood of the slain lamb, was lacking. So it is in Christless sermons. Men are not pricked in the heart; they do not inquire, &ldquo;What shall I do to be saved?&rdquo;",
    "puborder": 1298,
    "translations": []
  },
  {
    "para_id": "59.1577",
    "id_prev": "59.1574",
    "id_next": "59.1578",
    "refcode_1": "9MR",
    "refcode_2": "294",
    "refcode_3": "1",
    "refcode_4": "",
    "refcode_short": "9MR 294.1",
    "refcode_long": "Manuscript Releases, vol. 9 [Nos. 664-770], p. 294.1 (Ellen Gould White)",
    "element_type": "p",
    "element_subtype": "standard-indented",
    "content": "In His sacrificial character, Christ reveals Himself as the Bread of Life. &ldquo;Whoso eateth My flesh,&rdquo; He declared to His disciples, &ldquo;and drinketh My blood, hath eternal life&rdquo; (<span class=\"egwlink egwlink_bible\" title=\"John 6:54\" data-link=\"1965.53671\">John 6:54</span>). Why is not He presented to the people as the Living Bread? Because He is not abiding in the hearts of many of those who think it their duty to preach the law. Christ is left out of their sermonizing, and from east to west, from north to south, the church has been starving for the bread of life.",
    "puborder": 1299,
    "translations": []
  },
  {
    "para_id": "59.1578",
    "id_prev": "59.1577",
    "id_next": "59.1581",
    "refcode_1": "9MR",
    "refcode_2": "294",
    "refcode_3": "2",
    "refcode_4": "",
    "refcode_short": "9MR 294.2",
    "refcode_long": "Manuscript Releases, vol. 9 [Nos. 664-770], p. 294.2 (Ellen Gould White)",
    "element_type": "p",
    "element_subtype": "standard-indented",
    "content": "Of all professed Christians, Seventh-day Adventists should be foremost in uplifting Christ before the world. Our ministers should ever be able to direct men and women to Christ, to the One who Himself declared, &ldquo;I am the bread of life&rdquo; (<span class=\"egwlink egwlink_bible\" title=\"John 6:35\" data-link=\"1965.53633\">John 6:35</span>). Let those who minister to the spiritual necessities of the people read to them the words of Christ: &ldquo;I am the living bread which came down from heaven: if any man eat of this bread, he shall live forever: and the bread that I will give is My flesh, which I will give for the life of the <span class=\"page-break\" data-page=\"295\"></span> world&rdquo; (<span class=\"egwlink egwlink_bible\" title=\"John 6:51\" data-link=\"1965.53665\">John 6:51</span>).",
    "puborder": 1300,
    "translations": []
  },
  {
    "para_id": "59.1581",
    "id_prev": "59.1578",
    "id_next": "59.1582",
    "refcode_1": "9MR",
    "refcode_2": "295",
    "refcode_3": "1",
    "refcode_4": "",
    "refcode_short": "9MR 295.1",
    "refcode_long": "Manuscript Releases, vol. 9 [Nos. 664-770], p. 295.1 (Ellen Gould White)",
    "element_type": "p",
    "element_subtype": "standard-indented",
    "content": "The Jews, unable to understand this declaration, &ldquo;strove among themselves, saying, How can this man give us His flesh to eat? Then Jesus said unto them, Verily, verily I say unto you, Except ye eat the flesh of the Son of man, and drink His blood, ye have no life in you&rdquo; (<span class=\"egwlink egwlink_bible\" title=\"John 6:52\" data-link=\"1965.53667\">Verses 52, 53</span>).",
    "puborder": 1301,
    "translations": []
  },
  {
    "para_id": "59.1582",
    "id_prev": "59.1581",
    "id_next": "59.1583",
    "refcode_1": "9MR",
    "refcode_2": "295",
    "refcode_3": "2",
    "refcode_4": "",
    "refcode_short": "9MR 295.2",
    "refcode_long": "Manuscript Releases, vol. 9 [Nos. 664-770], p. 295.2 (Ellen Gould White)",
    "element_type": "p",
    "element_subtype": "standard-indented",
    "content": "Often there are delivered to the people discourses destitute of the bread of life, the food essential for spiritual growth. Those who have been appropriating for themselves the bread of life, will be able to break it to others.",
    "puborder": 1302,
    "translations": []
  },
  {
    "para_id": "59.1583",
    "id_prev": "59.1582",
    "id_next": "59.1584",
    "refcode_1": "9MR",
    "refcode_2": "295",
    "refcode_3": "3",
    "refcode_4": "",
    "refcode_short": "9MR 295.3",
    "refcode_long": "Manuscript Releases, vol. 9 [Nos. 664-770], p. 295.3 (Ellen Gould White)",
    "element_type": "p",
    "element_subtype": "standard-indented",
    "content": "Christ further declares: &ldquo;Whoso eateth My flesh, and drinketh My blood, hath eternal life; and I will raise him up at the last day. For My flesh is meat indeed, and My blood is drink indeed. He that eateth My flesh, and drinketh My blood, dwelleth in Me, and I in him&rdquo; (<span class=\"egwlink egwlink_bible\" title=\"John 6:54\" data-link=\"1965.53671\">Verses 54-56</span>). These words are very similar to those He used in representing Himself as the Vine, and His followers as the branches: &ldquo;Abide in Me, and I in you. As the branch cannot bear fruit of itself, except it abide in the vine, no more can ye, except ye abide in Me. I am the vine, ye are the branches: He that abideth in Me, and I in him, the same bringeth forth much fruit: for without Me ye can do nothing&rdquo; (<span class=\"egwlink egwlink_bible\" title=\"John 15:4\" data-link=\"1965.54464\">John 15:4, 5</span>).",
    "puborder": 1303,
    "translations": []
  },
  {
    "para_id": "59.1584",
    "id_prev": "59.1583",
    "id_next": "59.1585",
    "refcode_1": "9MR",
    "refcode_2": "295",
    "refcode_3": "4",
    "refcode_4": "",
    "refcode_short": "9MR 295.4",
    "refcode_long": "Manuscript Releases, vol. 9 [Nos. 664-770], p. 295.4 (Ellen Gould White)",
    "element_type": "p",
    "element_subtype": "standard-indented",
    "content": "How can our people be better helped than by being given the bread of life? And this bread is God&apos;s Word; for Christ has said: &ldquo;It is the spirit that quickeneth; the flesh profiteth nothing: the words that I speak unto you, they are spirit, and they are life&rdquo; (<span class=\"egwlink egwlink_bible\" title=\"John 6:63\" data-link=\"1965.53689\">John 6:63</span>).",
    "puborder": 1304,
    "translations": []
  },
  {
    "para_id": "59.1585",
    "id_prev": "59.1584",
    "id_next": "59.1588",
    "refcode_1": "9MR",
    "refcode_2": "295",
    "refcode_3": "5",
    "refcode_4": "",
    "refcode_short": "9MR 295.5",
    "refcode_long": "Manuscript Releases, vol. 9 [Nos. 664-770], p. 295.5 (Ellen Gould White)",
    "element_type": "p",
    "element_subtype": "standard-indented",
    "content": "The law and the gospel, revealed in the Word, are to be preached to the people; for the law and the gospel, blended, will convict of sin. God&apos;s law, while condemning sin, points to the gospel, revealing Jesus Christ, in whom &ldquo;dwelleth all the fulness of the Godhead bodily.&rdquo; The glory of the gospel reflects light upon the Jewish age, giving significance to the whole Jewish <span class=\"page-break\" data-page=\"296\"></span> economy of types and shadows. Thus both the law and the gospel are blended. In no discourse are they to be divorced.",
    "puborder": 1305,
    "translations": []
  },
  {
    "para_id": "59.1588",
    "id_prev": "59.1585",
    "id_next": "59.1589",
    "refcode_1": "9MR",
    "refcode_2": "296",
    "refcode_3": "1",
    "refcode_4": "",
    "refcode_short": "9MR 296.1",
    "refcode_long": "Manuscript Releases, vol. 9 [Nos. 664-770], p. 296.1 (Ellen Gould White)",
    "element_type": "p",
    "element_subtype": "standard-indented",
    "content": "Over the spiritual eyes of altogether too many there has been hanging a veil. Many have been teaching the binding claims of God&apos;s law, but have not been able to see to the end of that which was abolished. They have not seen that Jesus Christ is the glory of the law. The bright beams of the Sun of Righteousness are to be reflected from His messengers upon the minds of sinners, in order that they may be led to say, with one of old, &ldquo;Open Thou mine eyes, that I may behold wondrous things out of Thy law&rdquo; (<span class=\"egwlink egwlink_bible\" title=\"Psalm 119:18\" data-link=\"1965.32451\">Psalm 119:18</span>).",
    "puborder": 1306,
    "translations": []
  },
  {
    "para_id": "59.1589",
    "id_prev": "59.1588",
    "id_next": "59.1590",
    "refcode_1": "9MR",
    "refcode_2": "296",
    "refcode_3": "2",
    "refcode_4": "",
    "refcode_short": "9MR 296.2",
    "refcode_long": "Manuscript Releases, vol. 9 [Nos. 664-770], p. 296.2 (Ellen Gould White)",
    "element_type": "p",
    "element_subtype": "standard-indented",
    "content": "Many of our brethren and sisters do not discern the wondrous things that are to be seen in God&apos;s law. They have not beheld that which was revealed to Moses when he prayed, &ldquo;I beseech Thee, show me Thy glory&rdquo; (<span class=\"egwlink egwlink_bible\" title=\"Exodus 33:18\" data-link=\"1965.5070\">Exodus 33:18</span>). To Moses was revealed God&apos;s character. &ldquo;The Lord descended in the cloud, and stood with him there, and proclaimed the name of the Lord. And the Lord passed by before him, and proclaimed, The Lord, The Lord God, merciful and gracious, longsuffering, and abundant in goodness and truth, Keeping mercy for thousands, forgiving iniquity and transgression and sin, and that will by no means clear the guilty&rdquo; (<span class=\"egwlink egwlink_bible\" title=\"Exodus 34:5\" data-link=\"1965.5091\">Exodus 34:5-7</span>).",
    "puborder": 1307,
    "translations": []
  },
  {
    "para_id": "59.1590",
    "id_prev": "59.1589",
    "id_next": "59.1591",
    "refcode_1": "9MR",
    "refcode_2": "296",
    "refcode_3": "3",
    "refcode_4": "",
    "refcode_short": "9MR 296.3",
    "refcode_long": "Manuscript Releases, vol. 9 [Nos. 664-770], p. 296.3 (Ellen Gould White)",
    "element_type": "p",
    "element_subtype": "standard-indented",
    "content": "The apostle John, in his first Epistle, gives the definition of sin. He declares: &ldquo;Whosoever committeth sin transgresseth also the law: for sin is the transgression of the law&rdquo; (<span class=\"egwlink egwlink_bible\" title=\"1 John 3:4\" data-link=\"1965.62393\">1 John 3:4</span>).",
    "puborder": 1308,
    "translations": []
  },
  {
    "para_id": "59.1591",
    "id_prev": "59.1590",
    "id_next": "59.1593",
    "refcode_1": "9MR",
    "refcode_2": "296",
    "refcode_3": "4",
    "refcode_4": "",
    "refcode_short": "9MR 296.4",
    "refcode_long": "Manuscript Releases, vol. 9 [Nos. 664-770], p. 296.4 (Ellen Gould White)",
    "element_type": "p",
    "element_subtype": "standard-indented",
    "content": "To Moses, the character of God was revealed as His glory. In like manner, we behold the glory of Christ by beholding His character. Paul says: &ldquo;We all, with open face beholding as in a glass the glory of the Lord, are changed into the same image from glory to glory [from character to character] even as by the Spirit of the Lord&rdquo; (<span class=\"egwlink egwlink_bible\" title=\"2 Corinthians 3:18\" data-link=\"1965.58849\">2 Corinthians 3:18</span>).",
    "puborder": 1309,
    "translations": []
  },
  {
    "para_id": "59.1593",
    "id_prev": "59.1591",
    "id_next": "59.1594",
    "refcode_1": "9MR",
    "refcode_2": "297",
    "refcode_3": "1",
    "refcode_4": "",
    "refcode_short": "9MR 297.1",
    "refcode_long": "Manuscript Releases, vol. 9 [Nos. 664-770], p. 297.1 (Ellen Gould White)",
    "element_type": "p",
    "element_subtype": "standard-indented",
    "content": "Why, then, is there manifested in the church so great a lack of love, of true, elevated, sanctified, ennobling sympathy, of tender pity and loving forbearance? It is because Christ is not constantly brought before the people. His attributes of character are not brought into the practical life. Men and women are not eating of the Bread that cometh down from heaven.",
    "puborder": 1310,
    "translations": []
  },
  {
    "para_id": "59.1594",
    "id_prev": "59.1593",
    "id_next": "59.1595",
    "refcode_1": "9MR",
    "refcode_2": "297",
    "refcode_3": "2",
    "refcode_4": "",
    "refcode_short": "9MR 297.2",
    "refcode_long": "Manuscript Releases, vol. 9 [Nos. 664-770], p. 297.2 (Ellen Gould White)",
    "element_type": "p",
    "element_subtype": "standard-indented",
    "content": "I have felt very sad as I have seen ministers walking and working in the light of the sparks of their own kindling; ministers who were not obtaining spiritual nourishment from Christ, the Bread of Life. Their own souls were as destitute of the heavenly manna as the hills of Gilboa were destitute of dew and rain. In their hearts Christ was not an abiding presence. How could they speak intelligently of Him whom they had never known by experimental knowledge?",
    "puborder": 1311,
    "translations": []
  },
  {
    "para_id": "59.1595",
    "id_prev": "59.1594",
    "id_next": "59.1596",
    "refcode_1": "9MR",
    "refcode_2": "297",
    "refcode_3": "3",
    "refcode_4": "",
    "refcode_short": "9MR 297.3",
    "refcode_long": "Manuscript Releases, vol. 9 [Nos. 664-770], p. 297.3 (Ellen Gould White)",
    "element_type": "p",
    "element_subtype": "standard-indented",
    "content": "We must see Christ as He is. By the eye of faith we must discern the glory of the Only Begotten of the Father, full of grace and truth. By failing to cherish the Spirit of Christ, by taking wrong positions in the controversy over the law in Galatians&mdash;a question that many have not fully understood before taking a wrong position&mdash;the church has sustained a sad loss. The spiritual condition of the church, generally, is represented by the words of the True Witness: &ldquo;Nevertheless,&rdquo; saith the One who loves the souls for whom He has died, &ldquo;I have somewhat against thee, because thou hast left thy first love.&rdquo; The position taken by many during the Minneapolis General Conference testifies to their Christless condition. The admonition to every such an one is: &ldquo;Remember therefore from whence thou art fallen, and repent, and do the first works; or else I will come unto thee quickly, and will remove thy candlestick out of his place, except thou repent.&rdquo;",
    "puborder": 1312,
    "translations": []
  },
  {
    "para_id": "59.1596",
    "id_prev": "59.1595",
    "id_next": "59.1599",
    "refcode_1": "9MR",
    "refcode_2": "297",
    "refcode_3": "4",
    "refcode_4": "",
    "refcode_short": "9MR 297.4",
    "refcode_long": "Manuscript Releases, vol. 9 [Nos. 664-770], p. 297.4 (Ellen Gould White)",
    "element_type": "p",
    "element_subtype": "standard-indented",
    "content": "Have not many in this ministerial school seen their mistake of not abiding in Christ? Cannot they have the privilege of repenting, and of doing their first works? Who shall condemn this work of repentance, of confession, of <span class=\"page-break\" data-page=\"298\"></span> baptism? If some conscientiously feel that their first duty is to repent of their sins, confess them, and be baptized, is not this the first work that they must do?",
    "puborder": 1313,
    "translations": []
  },
  {
    "para_id": "59.1599",
    "id_prev": "59.1596",
    "id_next": "59.1600",
    "refcode_1": "9MR",
    "refcode_2": "298",
    "refcode_3": "1",
    "refcode_4": "",
    "refcode_short": "9MR 298.1",
    "refcode_long": "Manuscript Releases, vol. 9 [Nos. 664-770], p. 298.1 (Ellen Gould White)",
    "element_type": "p",
    "element_subtype": "standard-indented",
    "content": "When precious rays of light from the Sun of Righteousness have shone upon our pathway, some have opened wide the door of the heart, welcoming the Heaven-sent light into the chambers of the soul. They receive the words of Christ Jesus gladly. Others have needed the divine anointing to improve their spiritual eyesight, in order that they may distinguish the light of truth from the darkness of error. Because of their blindness, they have lost an experience that would have been more precious to them than silver and gold. Some, I fear, will never recover that which they have lost.",
    "puborder": 1314,
    "translations": []
  },
  {
    "para_id": "59.1600",
    "id_prev": "59.1599",
    "id_next": "59.1601",
    "refcode_1": "9MR",
    "refcode_2": "298",
    "refcode_3": "2",
    "refcode_4": "",
    "refcode_short": "9MR 298.2",
    "refcode_long": "Manuscript Releases, vol. 9 [Nos. 664-770], p. 298.2 (Ellen Gould White)",
    "element_type": "p",
    "element_subtype": "standard-indented",
    "content": "When strong-minded men once set their will against God&apos;s will, it is not easy for them to admit that they have erred in judgment. It is very difficult for such men to come fully into the light by honestly confessing their sins; for Satan has great power over the minds of many to whom God has granted evidence sufficient to encourage faith and inspire confidence. Many will not be convinced, because they are not inclined to confess. To resist and reject even one ray of light from Heaven because of pride and stubbornness of heart, makes it easier to refuse light the second time. Thus men form the habit of rejecting light.",
    "puborder": 1315,
    "translations": []
  },
  {
    "para_id": "59.1601",
    "id_prev": "59.1600",
    "id_next": "59.1604",
    "refcode_1": "9MR",
    "refcode_2": "298",
    "refcode_3": "3",
    "refcode_4": "",
    "refcode_short": "9MR 298.3",
    "refcode_long": "Manuscript Releases, vol. 9 [Nos. 664-770], p. 298.3 (Ellen Gould White)",
    "element_type": "p",
    "element_subtype": "standard-indented",
    "content": "So long had the Jews refused to walk in the light of truth, that they rejected their Saviour. Jesus said of the Jews: &ldquo;Ye will not come to Me, that ye might have life&rdquo; (<span class=\"egwlink egwlink_bible\" title=\"John 5:40\" data-link=\"1965.53548\">John 5:40</span>). He, the Light of life, came to enlighten every man that comes into the world, so that no man need walk in darkness. The light of truth is constantly shining, but many men and women comprehend it not. And why?&mdash;Because selfishness, egotism, pride, blinds their spiritual eyesight. Standing between them and the true light, is the idol of their own opinion. <span class=\"page-break\" data-page=\"299\"></span> They can see very readily that which they wish to see. Saith the True Witness: &ldquo;He that hath an ear, let him hear what the Spirit saith unto the churches; To him that overcometh will I give to eat of the tree of life, which is in the midst of the paradise of God&rdquo; (<span class=\"egwlink egwlink_bible\" title=\"Revelation 2:7\" data-link=\"1965.62686\">Revelation 2:7</span>). &ldquo;The secret of the Lord is with them that fear Him&rdquo; (<span class=\"egwlink egwlink_bible\" title=\"Psalm 25:14\" data-link=\"1965.29055\">Psalm 25:14</span>).",
    "puborder": 1316,
    "translations": []
  },
  {
    "para_id": "59.1604",
    "id_prev": "59.1601",
    "id_next": "59.1605",
    "refcode_1": "9MR",
    "refcode_2": "299",
    "refcode_3": "1",
    "refcode_4": "",
    "refcode_short": "9MR 299.1",
    "refcode_long": "Manuscript Releases, vol. 9 [Nos. 664-770], p. 299.1 (Ellen Gould White)",
    "element_type": "p",
    "element_subtype": "standard-indented",
    "content": "My brethren in the ministry, we need Jesus every moment. To lose His love from our hearts means much. Yet He Himself says: &ldquo;I have somewhat against thee, because thou hast left thy first love&rdquo; (<span class=\"egwlink egwlink_bible\" title=\"Revelation 2:4\" data-link=\"1965.62680\">Revelation 2:4</span>). There is danger of presenting the truth in such a way that the intellect is exalted, leaving the souls of the hearers unsatisfied. A correct theory of the truth may be presented, and yet there may not be manifested the warmth of affection that the God of truth requires every one of His messengers to cherish and manifest.",
    "puborder": 1317,
    "translations": []
  },
  {
    "para_id": "59.1605",
    "id_prev": "59.1604",
    "id_next": "59.1606",
    "refcode_1": "9MR",
    "refcode_2": "299",
    "refcode_3": "2",
    "refcode_4": "",
    "refcode_short": "9MR 299.2",
    "refcode_long": "Manuscript Releases, vol. 9 [Nos. 664-770], p. 299.2 (Ellen Gould White)",
    "element_type": "p",
    "element_subtype": "standard-indented",
    "content": "The religion of many is very much like an icicle&mdash;freezingly cold. The hearts of not a few are still unmelted, unsubdued. They cannot touch the hearts of others, because their own hearts are not surcharged with the blessed love that flows from the heart of Christ. There are others who speak of religion as a matter of the will. They dwell upon stern duty as if it were a master ruling with a scepter of iron&mdash;a master, stern, inflexible, all powerful&mdash;devoid of the sweet, melting love and tender compassion of Christ. Still others go to the opposite extreme, making religious emotions prominent, and on special occasions manifesting intense zeal. Their religion seems to be more of the nature of a stimulus rather than an abiding faith in Christ.",
    "puborder": 1318,
    "translations": []
  },
  {
    "para_id": "59.1606",
    "id_prev": "59.1605",
    "id_next": "59.1609",
    "refcode_1": "9MR",
    "refcode_2": "299",
    "refcode_3": "3",
    "refcode_4": "",
    "refcode_short": "9MR 299.3",
    "refcode_long": "Manuscript Releases, vol. 9 [Nos. 664-770], p. 299.3 (Ellen Gould White)",
    "element_type": "p",
    "element_subtype": "standard-indented",
    "content": "True ministers know the value of the inward working of the Holy Spirit upon human hearts. They are content with simplicity in religious services. Instead of making much of popular singing, they give their principal attention to the study of the Word, and render praise to God from the heart. Above the outward adorning they regard the inward adorning, the ornament of a meek and quiet <span class=\"page-break\" data-page=\"300\"></span> spirit. In their mouths is found no guile. In the lives of many more ministers there should be revealed the eternal verity of the kingdom of God. Those who practice the truth in daily life are represented as trees of righteousness, bearing the fruits of the Spirit.",
    "puborder": 1319,
    "translations": []
  },
  {
    "para_id": "59.1609",
    "id_prev": "59.1606",
    "id_next": "59.1610",
    "refcode_1": "9MR",
    "refcode_2": "300",
    "refcode_3": "1",
    "refcode_4": "",
    "refcode_short": "9MR 300.1",
    "refcode_long": "Manuscript Releases, vol. 9 [Nos. 664-770], p. 300.1 (Ellen Gould White)",
    "element_type": "p",
    "element_subtype": "standard-indented",
    "content": "Genuine religion is based upon a belief in the Scriptures. God&apos;s Word is to be believed without question. No part of it is to be cut and carved to fit certain theories. Men are not to exalt human wisdom by sitting in judgment upon God&apos;s Word. The Bible was written by holy men of old, as they were moved upon by the Holy Spirit, and this Book contains all that we know for certain and all that we can ever hope to learn in regard to God and Christ, unless, like Paul, we are taken to the third heaven to hear &ldquo;unspeakable words, which it is not lawful for a man to utter&rdquo; (<span class=\"egwlink egwlink_bible\" title=\"2 Corinthians 12:4\" data-link=\"1965.59192\">2 Corinthians 12:4</span>). This revelation to the apostle did not spoil his humility.",
    "puborder": 1320,
    "translations": []
  },
  {
    "para_id": "59.1610",
    "id_prev": "59.1609",
    "id_next": "59.1611",
    "refcode_1": "9MR",
    "refcode_2": "300",
    "refcode_3": "2",
    "refcode_4": "",
    "refcode_short": "9MR 300.2",
    "refcode_long": "Manuscript Releases, vol. 9 [Nos. 664-770], p. 300.2 (Ellen Gould White)",
    "element_type": "p",
    "element_subtype": "standard-indented",
    "content": "The life of a Christian is a life regulated by the Word of God just as it reads. All the truths of the Old and the New Testaments form a complete whole. These truths we are to cherish, believe, and obey. To the true disciple, faith in God&apos;s Word is a living, active principle; for &ldquo;with the heart man believeth unto righteousness; and with the mouth confession is made unto salvation&rdquo; (<span class=\"egwlink egwlink_bible\" title=\"Romans 10:10\" data-link=\"1965.57500\">Romans 10:10</span>). By faith man believes that he receives the righteousness of Christ.",
    "puborder": 1321,
    "translations": []
  },
  {
    "para_id": "59.1611",
    "id_prev": "59.1610",
    "id_next": "59.1612",
    "refcode_1": "9MR",
    "refcode_2": "300",
    "refcode_3": "3",
    "refcode_4": "",
    "refcode_short": "9MR 300.3",
    "refcode_long": "Manuscript Releases, vol. 9 [Nos. 664-770], p. 300.3 (Ellen Gould White)",
    "element_type": "p",
    "element_subtype": "standard-indented",
    "content": "Faith, in itself, is an act of the mind. Jesus Himself is the Author and the Finisher of our faith. He gave His life for us, and His blood speaks in our behalf better things than spoke the blood of Abel, which cried unto God against Cain the murderer. Christ&apos;s blood was shed to remit our sins.",
    "puborder": 1322,
    "translations": []
  },
  {
    "para_id": "59.1612",
    "id_prev": "59.1611",
    "id_next": "59.1615",
    "refcode_1": "9MR",
    "refcode_2": "300",
    "refcode_3": "4",
    "refcode_4": "",
    "refcode_short": "9MR 300.4",
    "refcode_long": "Manuscript Releases, vol. 9 [Nos. 664-770], p. 300.4 (Ellen Gould White)",
    "element_type": "p",
    "element_subtype": "standard-indented",
    "content": "Many commit the error of trying to define minutely the fine points of distinction between justification and sanctification. Into the definitions of these two terms they often bring their own ideas and speculations. Why try to <span class=\"page-break\" data-page=\"301\"></span> be more minute than is Inspiration on the vital question of righteousness by faith? Why try to work out every minute point, as if the salvation of the soul depended upon all having exactly your understanding of this matter? All cannot see in the same line of vision. You are in danger of making a world of an atom, and an atom of a world.",
    "puborder": 1323,
    "translations": []
  },
  {
    "para_id": "59.1615",
    "id_prev": "59.1612",
    "id_next": "59.1616",
    "refcode_1": "9MR",
    "refcode_2": "301",
    "refcode_3": "1",
    "refcode_4": "",
    "refcode_short": "9MR 301.1",
    "refcode_long": "Manuscript Releases, vol. 9 [Nos. 664-770], p. 301.1 (Ellen Gould White)",
    "element_type": "p",
    "element_subtype": "standard-indented",
    "content": "As the penitent sinner, contrite before God, discerns Christ&apos;s atonement in his behalf, and accepts this atonement as his only hope in this life and the future life, his sins are pardoned. This is justification by faith. Every believing soul is to conform his will entirely to God&apos;s will, and keep in a state of repentance and contrition, exercising faith in the atoning merits of the Redeemer, and advancing from strength to strength, from glory to glory.",
    "puborder": 1324,
    "translations": []
  },
  {
    "para_id": "59.1616",
    "id_prev": "59.1615",
    "id_next": "59.1617",
    "refcode_1": "9MR",
    "refcode_2": "301",
    "refcode_3": "2",
    "refcode_4": "",
    "refcode_short": "9MR 301.2",
    "refcode_long": "Manuscript Releases, vol. 9 [Nos. 664-770], p. 301.2 (Ellen Gould White)",
    "element_type": "p",
    "element_subtype": "standard-indented",
    "content": "Pardon and justification are one and the same thing. Through faith, the believer passes from the position of a rebel, a child of sin and Satan, to the position of a loyal subject of Christ Jesus, not because of an inherent goodness, but because Christ receives him as His child by adoption. The sinner receives the forgiveness of his sins, because these sins are borne by his Substitute and Surety. The Lord speaks to His heavenly Father, saying: &ldquo;This is My child. I reprieve him from the condemnation of death, giving him My life-insurance policy&mdash;eternal life&mdash;because I have taken his place and have suffered for his sins. He is even My beloved son.&rdquo; Thus man, pardoned, and clothed with the beautiful garments of Christ&apos;s righteousness, stands faultless before God.",
    "puborder": 1325,
    "translations": []
  },
  {
    "para_id": "59.1617",
    "id_prev": "59.1616",
    "id_next": "59.1620",
    "refcode_1": "9MR",
    "refcode_2": "301",
    "refcode_3": "3",
    "refcode_4": "",
    "refcode_short": "9MR 301.3",
    "refcode_long": "Manuscript Releases, vol. 9 [Nos. 664-770], p. 301.3 (Ellen Gould White)",
    "element_type": "p",
    "element_subtype": "standard-indented",
    "content": "The sinner may err, but he is not cast off without mercy. His only hope, however, is repentance toward God and faith in the Lord Jesus Christ. It is the Father&apos;s prerogative to forgive our transgressions and sins, because Christ has taken upon Himself our guilt and reprieved us, imputing to us His own <span class=\"page-break\" data-page=\"302\"></span> righteousness. His sacrifice satisfies fully the demands of justice.",
    "puborder": 1326,
    "translations": []
  },
  {
    "para_id": "59.1620",
    "id_prev": "59.1617",
    "id_next": "59.1621",
    "refcode_1": "9MR",
    "refcode_2": "302",
    "refcode_3": "1",
    "refcode_4": "",
    "refcode_short": "9MR 302.1",
    "refcode_long": "Manuscript Releases, vol. 9 [Nos. 664-770], p. 302.1 (Ellen Gould White)",
    "element_type": "p",
    "element_subtype": "standard-indented",
    "content": "Justification is the opposite of condemnation. God&apos;s boundless mercy is exercised toward those who are wholly undeserving. He forgives transgressions and sins for the sake of Jesus, who has become the propitiation for our sins. Through faith in Christ, the guilty transgressor is brought into favor with God and into the strong hope of life eternal.",
    "puborder": 1327,
    "translations": []
  },
  {
    "para_id": "59.1621",
    "id_prev": "59.1620",
    "id_next": "59.1622",
    "refcode_1": "9MR",
    "refcode_2": "302",
    "refcode_3": "2",
    "refcode_4": "",
    "refcode_short": "9MR 302.2",
    "refcode_long": "Manuscript Releases, vol. 9 [Nos. 664-770], p. 302.2 (Ellen Gould White)",
    "element_type": "p",
    "element_subtype": "standard-indented",
    "content": "David was pardoned of his transgression because he humbled his heart before God in repentance and contrition of soul, and believed that God&apos;s promise to forgive would be fulfilled. He confessed his sin, repented, and was reconverted. In the rapture of the assurance of forgiveness, he exclaimed, &ldquo;Blessed is he whose transgression is forgiven, whose sin is covered. Blessed is the man unto whom the Lord imputeth not iniquity, and in whose spirit there is no guile.&rdquo; The blessing comes because of pardon; pardon comes through faith that the sin, confessed and repented of, is borne by the great Sin-bearer. Thus from Christ cometh all our blessings. His death is an atoning sacrifice for our sins. He is the great medium through whom we receive the mercy and favor of God. He, then, is indeed the Originator, the Author, as well as the Finisher, of our faith.&mdash;<span class=\"egwlink egwlink_book\" title=\"Ms 21, 1891\" data-link=\"14057.5770001\">Manuscript 21, 1891</span>, pp. 1-11. (<span class=\"non-egw-comment\">&ldquo;Christ our Righteousness,&rdquo; February 27, 1891</span>.)",
    "puborder": 1328,
    "translations": []
  },
  {
    "para_id": "59.1622",
    "id_prev": "59.1621",
    "id_next": "59.2199",
    "refcode_1": "9MR",
    "refcode_2": "302",
    "refcode_3": "",
    "refcode_4": "",
    "refcode_short": "",
    "refcode_long": "",
    "element_type": "p",
    "element_subtype": "signatureline",
    "content": "White Estate",
    "puborder": 1329,
    "translations": []
  },
  {
    "para_id": "59.2199",
    "id_prev": "59.1622",
    "id_next": "59.2198",
    "refcode_1": "9MR",
    "refcode_2": "302",
    "refcode_3": "",
    "refcode_4": "",
    "refcode_short": "",
    "refcode_long": "",
    "element_type": "p",
    "element_subtype": "signatureplace",
    "content": "Washington, D. C.,",
    "puborder": 1330,
    "translations": []
  },
  {
    "para_id": "59.2198",
    "id_prev": "59.2199",
    "id_next": "59.1624",
    "refcode_1": "9MR",
    "refcode_2": "302",
    "refcode_3": "",
    "refcode_4": "",
    "refcode_short": "",
    "refcode_long": "",
    "element_type": "p",
    "element_subtype": "signaturedate",
    "content": "November 29, 1979.",
    "puborder": 1331,
    "translations": []
  }
]