[
  {
    "para_id": "151.1936",
    "id_prev": "151.1934",
    "id_next": "151.1937",
    "refcode_1": "BLJ",
    "refcode_2": "279",
    "refcode_3": "",
    "refcode_4": "264",
    "refcode_short": "BLJ 279",
    "refcode_long": "To Be Like Jesus, p. 279 (Ellen Gould White)",
    "element_type": "h3",
    "element_subtype": "",
    "content": "Christ&apos;s Followers to Differ From the World, September 21",
    "puborder": 1660,
    "translations": [
      {
        "para_id": "1755.1931",
        "lang": "es",
        "refcode": "SSJ 271"
      },
      {
        "para_id": "11167.1889",
        "lang": "pt",
        "refcode": "JMM 271"
      },
      {
        "para_id": "11982.1972",
        "lang": "ru",
        "refcode": "ППИ 279"
      },
      {
        "para_id": "12183.2180",
        "lang": "uk",
        "refcode": "ЗПІ 341"
      }
    ]
  },
  {
    "para_id": "151.1937",
    "id_prev": "151.1936",
    "id_next": "151.1938",
    "refcode_1": "BLJ",
    "refcode_2": "279",
    "refcode_3": "1",
    "refcode_4": "",
    "refcode_short": "BLJ 279.1",
    "refcode_long": "To Be Like Jesus, p. 279.1 (Ellen Gould White)",
    "element_type": "p",
    "element_subtype": "devotionaltext",
    "content": "But you are a chosen generation, a royal priesthood, a holy nation, His own special people, that you may proclaim the praises of Him who called you out of darkness into His marvelous light. <span class=\"egwlink egwlink_bible\" title=\"1 Peter 2:9\" data-link=\"1965.62032\">1 Peter 2:9</span>, NKJV.",
    "puborder": 1661,
    "translations": [
      {
        "para_id": "1755.1932",
        "lang": "es",
        "refcode": "SSJ 271.1"
      },
      {
        "para_id": "11167.1890",
        "lang": "pt",
        "refcode": "JMM 271.1"
      },
      {
        "para_id": "11982.1973",
        "lang": "ru",
        "refcode": "ППИ 279.1"
      },
      {
        "para_id": "12183.2181",
        "lang": "uk",
        "refcode": "ЗПІ 341.6"
      }
    ]
  },
  {
    "para_id": "151.1938",
    "id_prev": "151.1937",
    "id_next": "151.1939",
    "refcode_1": "BLJ",
    "refcode_2": "279",
    "refcode_3": "2",
    "refcode_4": "",
    "refcode_short": "BLJ 279.2",
    "refcode_long": "To Be Like Jesus, p. 279.2 (Ellen Gould White)",
    "element_type": "p",
    "element_subtype": "standard-indented",
    "content": "As we read the Word of God, how plain it appears that His people are to be peculiar and distinct from the unbelieving world around them. Our position is interesting and fearful; living in the last days, how important that we imitate the example of Christ, and walk even as He walked. &ldquo;If any man will come after me, let him deny himself, and take up his cross, and follow me.&rdquo; The opinions and wisdom of mortals must not guide or govern us. They always lead away from the cross.",
    "puborder": 1662,
    "translations": [
      {
        "para_id": "1755.1933",
        "lang": "es",
        "refcode": "SSJ 271.2"
      },
      {
        "para_id": "11167.1891",
        "lang": "pt",
        "refcode": "JMM 271.2"
      },
      {
        "para_id": "11982.1974",
        "lang": "ru",
        "refcode": "ППИ 279.2"
      },
      {
        "para_id": "12183.2182",
        "lang": "uk",
        "refcode": "ЗПІ 341.7"
      }
    ]
  },
  {
    "para_id": "151.1939",
    "id_prev": "151.1938",
    "id_next": "151.1940",
    "refcode_1": "BLJ",
    "refcode_2": "279",
    "refcode_3": "3",
    "refcode_4": "",
    "refcode_short": "BLJ 279.3",
    "refcode_long": "To Be Like Jesus, p. 279.3 (Ellen Gould White)",
    "element_type": "p",
    "element_subtype": "standard-indented",
    "content": "The servants of Christ have neither their home nor their treasure here. Would that all of them could understand that it is only because the Lord reigns that we are even permitted to dwell in peace and safety among our enemies. It is not our privilege to claim special favors of the world. We must consent to be poor and despised among men and women, until the warfare is finished and the victory won. The members of Christ are called to come out and be separate from the friendship and spirit of the world; their strength and power consists in being chosen and accepted of God....",
    "puborder": 1663,
    "translations": [
      {
        "para_id": "1755.1934",
        "lang": "es",
        "refcode": "SSJ 271.3"
      },
      {
        "para_id": "11167.1892",
        "lang": "pt",
        "refcode": "JMM 271.3"
      },
      {
        "para_id": "11982.1975",
        "lang": "ru",
        "refcode": "ППИ 279.3"
      },
      {
        "para_id": "12183.2185",
        "lang": "uk",
        "refcode": "ЗПІ 342.1"
      }
    ]
  },
  {
    "para_id": "151.1940",
    "id_prev": "151.1939",
    "id_next": "151.1942",
    "refcode_1": "BLJ",
    "refcode_2": "279",
    "refcode_3": "4",
    "refcode_4": "",
    "refcode_short": "BLJ 279.4",
    "refcode_long": "To Be Like Jesus, p. 279.4 (Ellen Gould White)",
    "element_type": "p",
    "element_subtype": "standard-indented",
    "content": "The world is ripening for its destruction. God can bear with sinners but a little longer. They must drink the dregs of the cup of His wrath unmixed with mercy. Those who will be heirs of God, and joint heirs with Christ to the immortal inheritance, will be peculiar. Yes, so peculiar that God places a mark upon them as His, wholly His. Think ye that God will receive, honor, and acknowledge a people so mixed up with the world that they differ from them only in name? Read again <span class=\"egwlink egwlink_bible\" title=\"Titus 2:13\" data-link=\"1965.61032\">Titus 2:13-15</span>. It is soon to be known who is on the Lord&apos;s side, who will not be ashamed of Jesus. Those who have not moral courage to conscientiously take their position in the face of unbelievers, leave the fashions of the world, and imitate the self-denying life of Christ are ashamed of Him, and do not love His example.&mdash;<span class=\"egwlink egwlink_book\" title=\"1T 286.1\" data-link=\"116.1412\">Testimonies for the Church 1:286, 287</span>.",
    "puborder": 1664,
    "translations": [
      {
        "para_id": "1755.1935",
        "lang": "es",
        "refcode": "SSJ 271.4"
      },
      {
        "para_id": "11167.1893",
        "lang": "pt",
        "refcode": "JMM 271.4"
      },
      {
        "para_id": "11982.1977",
        "lang": "ru",
        "refcode": "ППИ 279.4"
      },
      {
        "para_id": "12183.2186",
        "lang": "uk",
        "refcode": "ЗПІ 342.2"
      }
    ]
  }
]