[
  {
    "para_id": "151.1716",
    "id_prev": "151.1714",
    "id_next": "151.1717",
    "refcode_1": "BLJ",
    "refcode_2": "250",
    "refcode_3": "",
    "refcode_4": "236",
    "refcode_short": "BLJ 250",
    "refcode_long": "To Be Like Jesus, p. 250 (Ellen Gould White)",
    "element_type": "h3",
    "element_subtype": "",
    "content": "Rich Blessings From a Sabbath for the Land, August 24",
    "puborder": 1469,
    "translations": [
      {
        "para_id": "1755.1716",
        "lang": "es",
        "refcode": "SSJ 243"
      },
      {
        "para_id": "11167.1678",
        "lang": "pt",
        "refcode": "JMM 243"
      },
      {
        "para_id": "11982.1751",
        "lang": "ru",
        "refcode": "ППИ 250"
      },
      {
        "para_id": "12183.1937",
        "lang": "uk",
        "refcode": "ЗПІ 305"
      }
    ]
  },
  {
    "para_id": "151.1717",
    "id_prev": "151.1716",
    "id_next": "151.1718",
    "refcode_1": "BLJ",
    "refcode_2": "250",
    "refcode_3": "1",
    "refcode_4": "",
    "refcode_short": "BLJ 250.1",
    "refcode_long": "To Be Like Jesus, p. 250.1 (Ellen Gould White)",
    "element_type": "p",
    "element_subtype": "devotionaltext",
    "content": "Six years you shall sow your field, and six years you shall prune your vineyard, and gather in its fruit; but in the seventh year there shall be a sabbath of solemn rest for the land, a sabbath to the Lord. You shall neither sow your field nor prune your vineyard. <span class=\"egwlink egwlink_bible\" title=\"Leviticus 25:3\" data-link=\"1965.7065\">Leviticus 25:3, 4</span>, NKJV.",
    "puborder": 1470,
    "translations": [
      {
        "para_id": "1755.1717",
        "lang": "es",
        "refcode": "SSJ 243.1"
      },
      {
        "para_id": "11167.1679",
        "lang": "pt",
        "refcode": "JMM 243.1"
      },
      {
        "para_id": "11982.1752",
        "lang": "ru",
        "refcode": "ППИ 250.1"
      },
      {
        "para_id": "12183.1938",
        "lang": "uk",
        "refcode": "ЗПІ 305.2"
      }
    ]
  },
  {
    "para_id": "151.1718",
    "id_prev": "151.1717",
    "id_next": "151.1719",
    "refcode_1": "BLJ",
    "refcode_2": "250",
    "refcode_3": "2",
    "refcode_4": "",
    "refcode_short": "BLJ 250.2",
    "refcode_long": "To Be Like Jesus, p. 250.2 (Ellen Gould White)",
    "element_type": "p",
    "element_subtype": "standard-indented",
    "content": "The feast of tabernacles, or harvest festival, with its offerings from orchard and field, its week&apos;s encampment in the leafy booths, its social reunions, the sacred memorial service, and the generous hospitality to God&apos;s workers, the Levites of the sanctuary, and to His children, the strangers and the poor, uplifted all minds in gratitude to Him who had crowned the year with His goodness, and whose paths dropped fatness.",
    "puborder": 1471,
    "translations": [
      {
        "para_id": "1755.1718",
        "lang": "es",
        "refcode": "SSJ 243.2"
      },
      {
        "para_id": "11167.1680",
        "lang": "pt",
        "refcode": "JMM 243.2"
      },
      {
        "para_id": "11982.1753",
        "lang": "ru",
        "refcode": "ППИ 250.2"
      },
      {
        "para_id": "12183.1939",
        "lang": "uk",
        "refcode": "ЗПІ 305.3"
      }
    ]
  },
  {
    "para_id": "151.1719",
    "id_prev": "151.1718",
    "id_next": "151.1720",
    "refcode_1": "BLJ",
    "refcode_2": "250",
    "refcode_3": "3",
    "refcode_4": "",
    "refcode_short": "BLJ 250.3",
    "refcode_long": "To Be Like Jesus, p. 250.3 (Ellen Gould White)",
    "element_type": "p",
    "element_subtype": "standard-indented",
    "content": "By the devout in Israel, fully a month of every year was occupied in this way. It was a period free from care and labor, and almost wholly devoted, in the truest sense, to purposes of education.",
    "puborder": 1472,
    "translations": [
      {
        "para_id": "1755.1719",
        "lang": "es",
        "refcode": "SSJ 243.3"
      },
      {
        "para_id": "11167.1681",
        "lang": "pt",
        "refcode": "JMM 243.3"
      },
      {
        "para_id": "11982.1754",
        "lang": "ru",
        "refcode": "ППИ 250.3"
      },
      {
        "para_id": "12183.1940",
        "lang": "uk",
        "refcode": "ЗПІ 305.4"
      }
    ]
  },
  {
    "para_id": "151.1720",
    "id_prev": "151.1719",
    "id_next": "151.1721",
    "refcode_1": "BLJ",
    "refcode_2": "250",
    "refcode_3": "4",
    "refcode_4": "",
    "refcode_short": "BLJ 250.4",
    "refcode_long": "To Be Like Jesus, p. 250.4 (Ellen Gould White)",
    "element_type": "p",
    "element_subtype": "standard-indented",
    "content": "In apportioning the inheritance of His people, it was God&apos;s purpose to teach them, and through them the people of after generations, correct principles concerning the ownership of the land. The land of Canaan was divided among the whole people, the Levites only, as ministers of the sanctuary, being excepted. Though one might for a season dispose of his possession, he could not barter away the inheritance of his children. When able to do so, he was at liberty at any time to redeem it; debts were remitted every seventh year, and in the fiftieth, or year of jubilee, all landed property reverted to the original owner. Thus every family was secured in its possession, and a safeguard was afforded against the extremes either of wealth or of poverty.",
    "puborder": 1473,
    "translations": [
      {
        "para_id": "1755.1720",
        "lang": "es",
        "refcode": "SSJ 243.4"
      },
      {
        "para_id": "11167.1682",
        "lang": "pt",
        "refcode": "JMM 243.4"
      },
      {
        "para_id": "11982.1755",
        "lang": "ru",
        "refcode": "ППИ 250.4"
      },
      {
        "para_id": "12183.1941",
        "lang": "uk",
        "refcode": "ЗПІ 305.5"
      }
    ]
  },
  {
    "para_id": "151.1721",
    "id_prev": "151.1720",
    "id_next": "151.1722",
    "refcode_1": "BLJ",
    "refcode_2": "250",
    "refcode_3": "5",
    "refcode_4": "",
    "refcode_short": "BLJ 250.5",
    "refcode_long": "To Be Like Jesus, p. 250.5 (Ellen Gould White)",
    "element_type": "p",
    "element_subtype": "standard-indented",
    "content": "By the distribution of the land among the people, God provided for them, as for the dwellers in Eden, the occupation most favorable to development&mdash;the care of plants and animals. A further provision for education was the suspension of agricultural labor every seventh year, the land lying fallow, and its spontaneous products being left to the poor. Thus was given opportunity for more extended study, for social interaction and worship, and for the exercise of benevolence, so often crowded out by life&apos;s cares and labors.",
    "puborder": 1474,
    "translations": [
      {
        "para_id": "1755.1721",
        "lang": "es",
        "refcode": "SSJ 243.5"
      },
      {
        "para_id": "11167.1683",
        "lang": "pt",
        "refcode": "JMM 243.5"
      },
      {
        "para_id": "11982.1756",
        "lang": "ru",
        "refcode": "ППИ 250.5"
      },
      {
        "para_id": "12183.1944",
        "lang": "uk",
        "refcode": "ЗПІ 306.1"
      }
    ]
  },
  {
    "para_id": "151.1722",
    "id_prev": "151.1721",
    "id_next": "151.1724",
    "refcode_1": "BLJ",
    "refcode_2": "250",
    "refcode_3": "6",
    "refcode_4": "",
    "refcode_short": "BLJ 250.6",
    "refcode_long": "To Be Like Jesus, p. 250.6 (Ellen Gould White)",
    "element_type": "p",
    "element_subtype": "standard-indented",
    "content": "Were the principles of God&apos;s laws regarding the distribution of property carried out in the world today, how different would be the condition of the people!&mdash;<span class=\"egwlink egwlink_book\" title=\"Ed 42.1\" data-link=\"29.168\">Education, 42-44</span>.",
    "puborder": 1475,
    "translations": [
      {
        "para_id": "1755.1722",
        "lang": "es",
        "refcode": "SSJ 243.6"
      },
      {
        "para_id": "11167.1684",
        "lang": "pt",
        "refcode": "JMM 243.6"
      },
      {
        "para_id": "11982.1757",
        "lang": "ru",
        "refcode": "ППИ 250.6"
      },
      {
        "para_id": "12183.1945",
        "lang": "uk",
        "refcode": "ЗПІ 306.2"
      }
    ]
  }
]