[
  {
    "para_id": "151.558",
    "id_prev": "151.556",
    "id_next": "151.559",
    "refcode_1": "BLJ",
    "refcode_2": "86",
    "refcode_3": "",
    "refcode_4": "77",
    "refcode_short": "BLJ 86",
    "refcode_long": "To Be Like Jesus, p. 86 (Ellen Gould White)",
    "element_type": "h3",
    "element_subtype": "",
    "content": "Every Person Has a Gift and Is Accountable, March 18",
    "puborder": 476,
    "translations": [
      {
        "para_id": "1755.583",
        "lang": "es",
        "refcode": "SSJ 84"
      },
      {
        "para_id": "11167.542",
        "lang": "pt",
        "refcode": "JMM 84"
      },
      {
        "para_id": "11982.566",
        "lang": "ru",
        "refcode": "ППИ 86"
      },
      {
        "para_id": "12183.635",
        "lang": "uk",
        "refcode": "ЗПІ 102"
      }
    ]
  },
  {
    "para_id": "151.559",
    "id_prev": "151.558",
    "id_next": "151.560",
    "refcode_1": "BLJ",
    "refcode_2": "86",
    "refcode_3": "1",
    "refcode_4": "",
    "refcode_short": "BLJ 86.1",
    "refcode_long": "To Be Like Jesus, p. 86.1 (Ellen Gould White)",
    "element_type": "p",
    "element_subtype": "devotionaltext",
    "content": "Whatever your hand finds to do, do it with your might; for there is no work or device or knowledge or wisdom in the grave where you are going. <span class=\"egwlink egwlink_bible\" title=\"Ecclesiastes 9:10\" data-link=\"1965.35662\">Ecclesiastes 9:10</span>, NKJV.",
    "puborder": 477,
    "translations": [
      {
        "para_id": "1755.584",
        "lang": "es",
        "refcode": "SSJ 84.1"
      },
      {
        "para_id": "11167.543",
        "lang": "pt",
        "refcode": "JMM 84.1"
      },
      {
        "para_id": "11982.567",
        "lang": "ru",
        "refcode": "ППИ 86.1"
      },
      {
        "para_id": "12183.636",
        "lang": "uk",
        "refcode": "ЗПІ 102.1"
      }
    ]
  },
  {
    "para_id": "151.560",
    "id_prev": "151.559",
    "id_next": "151.561",
    "refcode_1": "BLJ",
    "refcode_2": "86",
    "refcode_3": "2",
    "refcode_4": "",
    "refcode_short": "BLJ 86.2",
    "refcode_long": "To Be Like Jesus, p. 86.2 (Ellen Gould White)",
    "element_type": "p",
    "element_subtype": "standard-indented",
    "content": "The parable of the talents should be a matter of the most careful and prayerful study; for it has a personal and individual application to every man, woman, and child possessed of the powers of reason. Your obligation and responsibility are in proportion to the talents God has bestowed upon you. There is not a follower of Christ but has some peculiar gift for the use of which he or she is accountable to God.",
    "puborder": 478,
    "translations": [
      {
        "para_id": "1755.585",
        "lang": "es",
        "refcode": "SSJ 84.2"
      },
      {
        "para_id": "11167.544",
        "lang": "pt",
        "refcode": "JMM 84.2"
      },
      {
        "para_id": "11982.568",
        "lang": "ru",
        "refcode": "ППИ 86.2"
      },
      {
        "para_id": "12183.637",
        "lang": "uk",
        "refcode": "ЗПІ 102.2"
      }
    ]
  },
  {
    "para_id": "151.561",
    "id_prev": "151.560",
    "id_next": "151.562",
    "refcode_1": "BLJ",
    "refcode_2": "86",
    "refcode_3": "3",
    "refcode_4": "",
    "refcode_short": "BLJ 86.3",
    "refcode_long": "To Be Like Jesus, p. 86.3 (Ellen Gould White)",
    "element_type": "p",
    "element_subtype": "standard-indented",
    "content": "Many have excused themselves from rendering their gift to the service of Christ, because others were possessed of superior endowments and advantages. The opinion has prevailed that only those who are especially talented are required to sanctify their abilities to the service of God. It has come to be understood that talents are given only to a certain favored class, to the exclusion of others who, of course, are not called upon to share in the toils or rewards.",
    "puborder": 479,
    "translations": [
      {
        "para_id": "1755.586",
        "lang": "es",
        "refcode": "SSJ 84.3"
      },
      {
        "para_id": "11167.545",
        "lang": "pt",
        "refcode": "JMM 84.3"
      },
      {
        "para_id": "11982.569",
        "lang": "ru",
        "refcode": "ППИ 86.3"
      },
      {
        "para_id": "12183.638",
        "lang": "uk",
        "refcode": "ЗПІ 102.3"
      }
    ]
  },
  {
    "para_id": "151.562",
    "id_prev": "151.561",
    "id_next": "151.563",
    "refcode_1": "BLJ",
    "refcode_2": "86",
    "refcode_3": "4",
    "refcode_4": "",
    "refcode_short": "BLJ 86.4",
    "refcode_long": "To Be Like Jesus, p. 86.4 (Ellen Gould White)",
    "element_type": "p",
    "element_subtype": "standard-indented",
    "content": "But it is not so represented in the parable. When the master of the house called his servants, he gave to every man his work. The whole family of God are included in the responsibility of using their Lord&apos;s goods. Every individual, from the lowliest and most obscure to the greatest and most exalted, is a moral agent endowed with abilities for which they are accountable to God. To a greater or less degree, all are placed in charge of the talents of their Lord. The spiritual, mental, and physical ability, the influence, station, possessions, affections, sympathies, all are precious talents to be used in the cause of the Master for the salvation of souls for whom Christ died....",
    "puborder": 480,
    "translations": [
      {
        "para_id": "1755.587",
        "lang": "es",
        "refcode": "SSJ 84.4"
      },
      {
        "para_id": "11167.546",
        "lang": "pt",
        "refcode": "JMM 84.4"
      },
      {
        "para_id": "11982.570",
        "lang": "ru",
        "refcode": "ППИ 86.4"
      },
      {
        "para_id": "12183.639",
        "lang": "uk",
        "refcode": "ЗПІ 102.4"
      }
    ]
  },
  {
    "para_id": "151.563",
    "id_prev": "151.562",
    "id_next": "151.565",
    "refcode_1": "BLJ",
    "refcode_2": "86",
    "refcode_3": "5",
    "refcode_4": "",
    "refcode_short": "BLJ 86.5",
    "refcode_long": "To Be Like Jesus, p. 86.5 (Ellen Gould White)",
    "element_type": "p",
    "element_subtype": "standard-indented",
    "content": "God requires everyone to be a worker in His vineyard. You are to take up the work that has been placed in your charge, and to do it faithfully. &ldquo;Whatsoever thy hand findeth to do, do it with thy might; for there is no work, nor device, nor knowledge, nor wisdom, in the grave, whither thou goest.&rdquo;&mdash;<span class=\"egwlink egwlink_book\" title=\"RH 5-1-1888\" data-link=\"821.8821\">The Review and Herald, May 1, 1888</span>.",
    "puborder": 481,
    "translations": [
      {
        "para_id": "1755.588",
        "lang": "es",
        "refcode": "SSJ 84.5"
      },
      {
        "para_id": "11167.547",
        "lang": "pt",
        "refcode": "JMM 84.5"
      },
      {
        "para_id": "11982.571",
        "lang": "ru",
        "refcode": "ППИ 86.5"
      },
      {
        "para_id": "12183.642",
        "lang": "uk",
        "refcode": "ЗПІ 103.1"
      }
    ]
  }
]