[
  {
    "para_id": "151.1184",
    "id_prev": "151.1182",
    "id_next": "151.1185",
    "refcode_1": "BLJ",
    "refcode_2": "178",
    "refcode_3": "",
    "refcode_4": "166",
    "refcode_short": "BLJ 178",
    "refcode_long": "To Be Like Jesus, p. 178 (Ellen Gould White)",
    "element_type": "h3",
    "element_subtype": "",
    "content": "God&apos;s Word Approves the Judicial Oath, June 15",
    "puborder": 1010,
    "translations": [
      {
        "para_id": "1755.1202",
        "lang": "es",
        "refcode": "SSJ 173"
      },
      {
        "para_id": "11167.1164",
        "lang": "pt",
        "refcode": "JMM 173"
      },
      {
        "para_id": "11982.1206",
        "lang": "ru",
        "refcode": "ППИ 178"
      },
      {
        "para_id": "12183.1346",
        "lang": "uk",
        "refcode": "ЗПІ 215"
      }
    ]
  },
  {
    "para_id": "151.1185",
    "id_prev": "151.1184",
    "id_next": "151.1186",
    "refcode_1": "BLJ",
    "refcode_2": "178",
    "refcode_3": "1",
    "refcode_4": "",
    "refcode_short": "BLJ 178.1",
    "refcode_long": "To Be Like Jesus, p. 178.1 (Ellen Gould White)",
    "element_type": "p",
    "element_subtype": "devotionaltext",
    "content": "You shall not circulate a false report. Do not put your hand with the wicked to be an unrighteous witness. <span class=\"egwlink egwlink_bible\" title=\"Exodus 23:1\" data-link=\"1965.4368\">Exodus 23:1</span>, NKJV.",
    "puborder": 1011,
    "translations": [
      {
        "para_id": "1755.1203",
        "lang": "es",
        "refcode": "SSJ 173.1"
      },
      {
        "para_id": "11167.1165",
        "lang": "pt",
        "refcode": "JMM 173.1"
      },
      {
        "para_id": "11982.1207",
        "lang": "ru",
        "refcode": "ППИ 178.1"
      },
      {
        "para_id": "12183.1347",
        "lang": "uk",
        "refcode": "ЗПІ 215.2"
      }
    ]
  },
  {
    "para_id": "151.1186",
    "id_prev": "151.1185",
    "id_next": "151.1187",
    "refcode_1": "BLJ",
    "refcode_2": "178",
    "refcode_3": "2",
    "refcode_4": "",
    "refcode_short": "BLJ 178.2",
    "refcode_long": "To Be Like Jesus, p. 178.2 (Ellen Gould White)",
    "element_type": "p",
    "element_subtype": "standard-indented",
    "content": "I saw that the Lord still has something to do with the laws of the land. While Jesus is in the sanctuary, God&apos;s restraining Spirit is felt by rulers and people. But Satan controls to a great extent the mass of the world, and were it not for the laws of the land, we should experience much suffering. I was shown that when it is actually necessary, and they are called upon to testify in a lawful manner, it is no violation of God&apos;s Word for His children to solemnly take God to witness that what they say is the truth, and nothing but the truth.",
    "puborder": 1012,
    "translations": [
      {
        "para_id": "1755.1204",
        "lang": "es",
        "refcode": "SSJ 173.2"
      },
      {
        "para_id": "11167.1166",
        "lang": "pt",
        "refcode": "JMM 173.2"
      },
      {
        "para_id": "11982.1208",
        "lang": "ru",
        "refcode": "ППИ 178.2"
      },
      {
        "para_id": "12183.1348",
        "lang": "uk",
        "refcode": "ЗПІ 215.3"
      }
    ]
  },
  {
    "para_id": "151.1187",
    "id_prev": "151.1186",
    "id_next": "151.1188",
    "refcode_1": "BLJ",
    "refcode_2": "178",
    "refcode_3": "3",
    "refcode_4": "",
    "refcode_short": "BLJ 178.3",
    "refcode_long": "To Be Like Jesus, p. 178.3 (Ellen Gould White)",
    "element_type": "p",
    "element_subtype": "standard-indented",
    "content": "Human beings are so corrupt that laws are made to throw the responsibility upon their own heads. Some men and women do not fear to lie to other people; but they have been taught, and the restraining Spirit of God has impressed them, that it is a fearful thing to lie to God. The case of Ananias and Sapphira his wife is given for an example. The matter is carried from humans to God, so that if one bears false witness, it is not to mortals, but to the great God, who reads the heart, and knows the exact truth in every case. Our laws make it a high crime to take a false oath. God has often visited judgment upon false swearers, and even while the oath was on their lips, the destroying angel has cut them down. This was to prove a terror to evildoers.",
    "puborder": 1013,
    "translations": [
      {
        "para_id": "1755.1205",
        "lang": "es",
        "refcode": "SSJ 173.3"
      },
      {
        "para_id": "11167.1167",
        "lang": "pt",
        "refcode": "JMM 173.3"
      },
      {
        "para_id": "11982.1209",
        "lang": "ru",
        "refcode": "ППИ 178.3"
      },
      {
        "para_id": "12183.1349",
        "lang": "uk",
        "refcode": "ЗПІ 215.4"
      }
    ]
  },
  {
    "para_id": "151.1188",
    "id_prev": "151.1187",
    "id_next": "151.1189",
    "refcode_1": "BLJ",
    "refcode_2": "178",
    "refcode_3": "4",
    "refcode_4": "",
    "refcode_short": "BLJ 178.4",
    "refcode_long": "To Be Like Jesus, p. 178.4 (Ellen Gould White)",
    "element_type": "p",
    "element_subtype": "standard-indented",
    "content": "I saw that if there is anyone on earth who can consistently testify under oath, it is Christians. They live in the light of God&apos;s countenance. They grow strong in His strength. And when matters of importance must be decided by law, there is no one who can so well appeal to God as the Christian....",
    "puborder": 1014,
    "translations": [
      {
        "para_id": "1755.1206",
        "lang": "es",
        "refcode": "SSJ 173.4"
      },
      {
        "para_id": "11167.1168",
        "lang": "pt",
        "refcode": "JMM 173.4"
      },
      {
        "para_id": "11982.1210",
        "lang": "ru",
        "refcode": "ППИ 178.4"
      },
      {
        "para_id": "12183.1352",
        "lang": "uk",
        "refcode": "ЗПІ 216.1"
      }
    ]
  },
  {
    "para_id": "151.1189",
    "id_prev": "151.1188",
    "id_next": "151.1190",
    "refcode_1": "BLJ",
    "refcode_2": "178",
    "refcode_3": "5",
    "refcode_4": "",
    "refcode_short": "BLJ 178.5",
    "refcode_long": "To Be Like Jesus, p. 178.5 (Ellen Gould White)",
    "element_type": "p",
    "element_subtype": "standard-indented",
    "content": "Jesus submitted to the oath in the hour of His trial. The high priest said unto Him: &ldquo;I adjure thee by the living God, that thou tell us whether thou be the Christ, the Son of God.&rdquo; Jesus said unto him: &ldquo;Thou hast said.&rdquo; If Jesus in His teachings to His disciples referred to the judicial oath, He would have reproved the high priest, and there enforced His teachings, for the good of His followers present.",
    "puborder": 1015,
    "translations": [
      {
        "para_id": "1755.1207",
        "lang": "es",
        "refcode": "SSJ 173.5"
      },
      {
        "para_id": "11167.1169",
        "lang": "pt",
        "refcode": "JMM 173.5"
      },
      {
        "para_id": "11982.1211",
        "lang": "ru",
        "refcode": "ППИ 178.5"
      },
      {
        "para_id": "12183.1353",
        "lang": "uk",
        "refcode": "ЗПІ 216.2"
      }
    ]
  },
  {
    "para_id": "151.1190",
    "id_prev": "151.1189",
    "id_next": "151.1192",
    "refcode_1": "BLJ",
    "refcode_2": "178",
    "refcode_3": "6",
    "refcode_4": "",
    "refcode_short": "BLJ 178.6",
    "refcode_long": "To Be Like Jesus, p. 178.6 (Ellen Gould White)",
    "element_type": "p",
    "element_subtype": "standard-indented",
    "content": "Satan has been pleased that some have viewed oath taking in a wrong light; for it has given him opportunity to oppress them and take from them their Lord&apos;s money. The stewards of God must be more wise, lay their plans, and prepare themselves to withstand Satan&apos;s devices; for he is to make greater efforts than ever before.&mdash;<span class=\"egwlink egwlink_book\" title=\"1T 202.1\" data-link=\"116.1017\">Testimonies for the Church 1:202, 203</span>.",
    "puborder": 1016,
    "translations": [
      {
        "para_id": "1755.1208",
        "lang": "es",
        "refcode": "SSJ 173.6"
      },
      {
        "para_id": "11167.1170",
        "lang": "pt",
        "refcode": "JMM 173.6"
      },
      {
        "para_id": "11982.1212",
        "lang": "ru",
        "refcode": "ППИ 178.6"
      },
      {
        "para_id": "12183.1354",
        "lang": "uk",
        "refcode": "ЗПІ 216.3"
      }
    ]
  }
]