[
  {
    "para_id": "151.1746",
    "id_prev": "151.1744",
    "id_next": "151.1747",
    "refcode_1": "BLJ",
    "refcode_2": "254",
    "refcode_3": "",
    "refcode_4": "240",
    "refcode_short": "BLJ 254",
    "refcode_long": "To Be Like Jesus, p. 254 (Ellen Gould White)",
    "element_type": "h3",
    "element_subtype": "",
    "content": "An Exhaustless Source of Instruction and Delight, August 28",
    "puborder": 1495,
    "translations": [
      {
        "para_id": "1755.1746",
        "lang": "es",
        "refcode": "SSJ 247"
      },
      {
        "para_id": "11167.1708",
        "lang": "pt",
        "refcode": "JMM 247"
      },
      {
        "para_id": "11982.1782",
        "lang": "ru",
        "refcode": "ППИ 254"
      },
      {
        "para_id": "12183.1972",
        "lang": "uk",
        "refcode": "ЗПІ 310"
      }
    ]
  },
  {
    "para_id": "151.1747",
    "id_prev": "151.1746",
    "id_next": "151.1748",
    "refcode_1": "BLJ",
    "refcode_2": "254",
    "refcode_3": "1",
    "refcode_4": "",
    "refcode_short": "BLJ 254.1",
    "refcode_long": "To Be Like Jesus, p. 254.1 (Ellen Gould White)",
    "element_type": "p",
    "element_subtype": "devotionaltext",
    "content": "Where were you when I laid the foundations of the earth? Tell Me, if you have understanding. Who determined its measurements? Surely you know! Or who stretched the line upon it? <span class=\"egwlink egwlink_bible\" title=\"Job 38:4\" data-link=\"1965.28089\">Job 38:4, 5</span>, NKJV.",
    "puborder": 1496,
    "translations": [
      {
        "para_id": "1755.1747",
        "lang": "es",
        "refcode": "SSJ 247.1"
      },
      {
        "para_id": "11167.1709",
        "lang": "pt",
        "refcode": "JMM 247.1"
      },
      {
        "para_id": "11982.1783",
        "lang": "ru",
        "refcode": "ППИ 254.1"
      },
      {
        "para_id": "12183.1973",
        "lang": "uk",
        "refcode": "ЗПІ 310.2"
      }
    ]
  },
  {
    "para_id": "151.1748",
    "id_prev": "151.1747",
    "id_next": "151.1749",
    "refcode_1": "BLJ",
    "refcode_2": "254",
    "refcode_3": "2",
    "refcode_4": "",
    "refcode_short": "BLJ 254.2",
    "refcode_long": "To Be Like Jesus, p. 254.2 (Ellen Gould White)",
    "element_type": "p",
    "element_subtype": "standard-indented",
    "content": "To Adam and Eve was committed the care of the garden, &ldquo;to dress it and to keep it&rdquo; (<span class=\"egwlink egwlink_bible\" title=\"Genesis 2:15\" data-link=\"1965.96\">Genesis 2:15</span>). Though rich in all that the Owner of the universe could supply, they were not to be idle. Useful occupation was appointed them as a blessing, to strengthen the body, to expand the mind, and to develop the character.",
    "puborder": 1497,
    "translations": [
      {
        "para_id": "1755.1748",
        "lang": "es",
        "refcode": "SSJ 247.2"
      },
      {
        "para_id": "11167.1710",
        "lang": "pt",
        "refcode": "JMM 247.2"
      },
      {
        "para_id": "11982.1784",
        "lang": "ru",
        "refcode": "ППИ 254.2"
      },
      {
        "para_id": "12183.1974",
        "lang": "uk",
        "refcode": "ЗПІ 310.3"
      }
    ]
  },
  {
    "para_id": "151.1749",
    "id_prev": "151.1748",
    "id_next": "151.1750",
    "refcode_1": "BLJ",
    "refcode_2": "254",
    "refcode_3": "3",
    "refcode_4": "",
    "refcode_short": "BLJ 254.3",
    "refcode_long": "To Be Like Jesus, p. 254.3 (Ellen Gould White)",
    "element_type": "p",
    "element_subtype": "standard-indented",
    "content": "The book of nature, which spread its living lessons before them, afforded an exhaustless source of instruction and delight. On every leaf of the forest and stone of the mountains, in every shining star, in earth and sea and sky, God&apos;s name was written. With both the animate and the inanimate creation&mdash;with leaf and flower and tree, and with every living creature, from the leviathan of the waters to the mote in the sunbeam&mdash;the dwellers in Eden held converse, gathering from each the secrets of its life. God&apos;s glory in the heavens, the innumerable worlds in their orderly revolutions, &ldquo;the balancings of the clouds&rdquo; (<span class=\"egwlink egwlink_bible\" title=\"Job 37:16\" data-link=\"1965.28064\">Job 37:16</span>), the mysteries of light and sound, of day and night&mdash;all were objects of study by the pupils of earth&apos;s first school.",
    "puborder": 1498,
    "translations": [
      {
        "para_id": "1755.1749",
        "lang": "es",
        "refcode": "SSJ 247.3"
      },
      {
        "para_id": "11167.1711",
        "lang": "pt",
        "refcode": "JMM 247.3"
      },
      {
        "para_id": "11982.1785",
        "lang": "ru",
        "refcode": "ППИ 254.3"
      },
      {
        "para_id": "12183.1975",
        "lang": "uk",
        "refcode": "ЗПІ 310.4"
      }
    ]
  },
  {
    "para_id": "151.1750",
    "id_prev": "151.1749",
    "id_next": "151.1751",
    "refcode_1": "BLJ",
    "refcode_2": "254",
    "refcode_3": "4",
    "refcode_4": "",
    "refcode_short": "BLJ 254.4",
    "refcode_long": "To Be Like Jesus, p. 254.4 (Ellen Gould White)",
    "element_type": "p",
    "element_subtype": "standard-indented",
    "content": "The laws and operations of nature, and the great principles of truth that govern the spiritual universe, were opened to their minds by the infinite Author of all. In &ldquo;the light of the knowledge of the glory of God&rdquo; (<span class=\"egwlink egwlink_bible\" title=\"2 Corinthians 4:6\" data-link=\"1965.58862\">2 Corinthians 4:6</span>), their mental and spiritual powers developed, and they realized the highest pleasures of their holy existence.",
    "puborder": 1499,
    "translations": [
      {
        "para_id": "1755.1750",
        "lang": "es",
        "refcode": "SSJ 247.4"
      },
      {
        "para_id": "11167.1712",
        "lang": "pt",
        "refcode": "JMM 247.4"
      },
      {
        "para_id": "11982.1786",
        "lang": "ru",
        "refcode": "ППИ 254.4"
      },
      {
        "para_id": "12183.1978",
        "lang": "uk",
        "refcode": "ЗПІ 311.1"
      }
    ]
  },
  {
    "para_id": "151.1751",
    "id_prev": "151.1750",
    "id_next": "151.1752",
    "refcode_1": "BLJ",
    "refcode_2": "254",
    "refcode_3": "5",
    "refcode_4": "",
    "refcode_short": "BLJ 254.5",
    "refcode_long": "To Be Like Jesus, p. 254.5 (Ellen Gould White)",
    "element_type": "p",
    "element_subtype": "standard-indented",
    "content": "As it came from the Creator&apos;s hand, not only the Garden of Eden but the whole earth was exceedingly beautiful. No taint of sin, or shadow of death, marred the fair creation. God&apos;s glory &ldquo;covered the heavens, and the earth was full of his praise.&rdquo; ...",
    "puborder": 1500,
    "translations": [
      {
        "para_id": "1755.1751",
        "lang": "es",
        "refcode": "SSJ 247.5"
      }
    ]
  },
  {
    "para_id": "151.1752",
    "id_prev": "151.1751",
    "id_next": "151.1754",
    "refcode_1": "BLJ",
    "refcode_2": "254",
    "refcode_3": "6",
    "refcode_4": "",
    "refcode_short": "BLJ 254.6",
    "refcode_long": "To Be Like Jesus, p. 254.6 (Ellen Gould White)",
    "element_type": "p",
    "element_subtype": "standard-indented",
    "content": "The Garden of Eden was a representation of what God desired the whole earth to become, and it was His purpose that, as the human family increased in numbers, they should establish other homes and schools like the one He had given. Thus in course of time the whole earth might be occupied with homes and schools where the words and the works of God should be studied, and where the students should thus be fitted more and more fully to reflect, throughout endless ages, the light of the knowledge of His glory.&mdash;<span class=\"egwlink egwlink_book\" title=\"Ed 21.1\" data-link=\"29.68\">Education, 21, 22</span>.",
    "puborder": 1501,
    "translations": [
      {
        "para_id": "1755.1752",
        "lang": "es",
        "refcode": "SSJ 247.6"
      },
      {
        "para_id": "11167.1713",
        "lang": "pt",
        "refcode": "JMM 247.5"
      },
      {
        "para_id": "11982.1787",
        "lang": "ru",
        "refcode": "ППИ 254.5"
      },
      {
        "para_id": "12183.1979",
        "lang": "uk",
        "refcode": "ЗПІ 311.2"
      }
    ]
  }
]