[
  {
    "para_id": "1119.665",
    "id_prev": "1119.662",
    "id_next": "1119.666",
    "refcode_1": "COOD",
    "refcode_2": "116",
    "refcode_3": "",
    "refcode_4": "",
    "refcode_short": "COOD 116",
    "refcode_long": "The Church: Its Organization, Order and Discipline, p. 116 (John Norton Loughborough)",
    "element_type": "h4",
    "element_subtype": "",
    "content": "Order in Ministerial Labors",
    "puborder": 474,
    "translations": []
  },
  {
    "para_id": "1119.666",
    "id_prev": "1119.665",
    "id_next": "1119.667",
    "refcode_1": "COOD",
    "refcode_2": "116",
    "refcode_3": "1",
    "refcode_4": "",
    "refcode_short": "COOD 116.1",
    "refcode_long": "The Church: Its Organization, Order and Discipline, p. 116.1 (John Norton Loughborough)",
    "element_type": "p",
    "element_subtype": "standard-indented",
    "content": "The force of these quotations will be more clearly seen when the reader gets before his mind a view of the situation. Until the year 1861, there was no organized conference of Seventh-day Adventists. The Testimonies all along had been speaking of plans and the need of &ldquo;counseling together&rdquo; to secure unity in the work, and save confusion. There was no system by which the labor of a minister could be regulated, or who should labor in a specified field. Sometimes three ministers would be with one small company at one time, neither knowing that the others were to be there, and this, too, in a place where there was no special need of even one minister. The labors of a minister were often scattered from place to place with no concentrated effort. Thus it was becoming more and more evident to our people that something was &ldquo;wanting&rdquo; to remedy this growing difficulty.",
    "puborder": 475,
    "translations": []
  }
]