[
  {
    "para_id": "1119.894",
    "id_prev": "1119.893",
    "id_next": "1119.895",
    "refcode_1": "COOD",
    "refcode_2": "149",
    "refcode_3": "",
    "refcode_4": "",
    "refcode_short": "COOD 149",
    "refcode_long": "The Church: Its Organization, Order and Discipline, p. 149 (John Norton Loughborough)",
    "element_type": "h4",
    "element_subtype": "",
    "content": "Reject Not God&rsquo;s Sanction",
    "puborder": 650,
    "translations": []
  },
  {
    "para_id": "1119.895",
    "id_prev": "1119.894",
    "id_next": "1119.896",
    "refcode_1": "COOD",
    "refcode_2": "149",
    "refcode_3": "2",
    "refcode_4": "",
    "refcode_short": "COOD 149.2",
    "refcode_long": "The Church: Its Organization, Order and Discipline, p. 149.2 (John Norton Loughborough)",
    "element_type": "p",
    "element_subtype": "standard-indented",
    "content": "&ldquo;The Lord must be believed and served as the great &lsquo;I AM.&rsquo; And we must trust implicitly in him. Let not men prescribe laws to take the place of God&rsquo;s law. Never educate men to trust in men; for man&rsquo;s wisdom is not sufficient to decide as to their right to engage in the Lord&rsquo;s work. When God lays a work upon individuals, men are not to reject his sanction. God must not be impeded in the working out of his plans by men&rsquo;s interference, but this has been done again and again.... If men men will not meddle with God&rsquo;s plan, and will let him work upon minds and character, building them up according to his plan, a work will be accomplished that will stand through the severest trial.&rdquo; _ <em>Ibid, page 40</em>.",
    "puborder": 651,
    "translations": []
  }
]