[
  {
    "para_id": "1119.253",
    "id_prev": "1119.252",
    "id_next": "1119.254",
    "refcode_1": "COOD",
    "refcode_2": "49",
    "refcode_3": "",
    "refcode_4": "",
    "refcode_short": "COOD 49",
    "refcode_long": "The Church: Its Organization, Order and Discipline, p. 49 (John Norton Loughborough)",
    "element_type": "h4",
    "element_subtype": "",
    "content": "Danger of Independence",
    "puborder": 176,
    "translations": []
  },
  {
    "para_id": "1119.254",
    "id_prev": "1119.253",
    "id_next": "1119.257",
    "refcode_1": "COOD",
    "refcode_2": "49",
    "refcode_3": "3",
    "refcode_4": "",
    "refcode_short": "COOD 49.3",
    "refcode_long": "The Church: Its Organization, Order and Discipline, p. 49.3 (John Norton Loughborough)",
    "element_type": "p",
    "element_subtype": "standard-indented",
    "content": "The danger of indulging a spirit of individual independence is seen in the following quotation: &ldquo;Independence is a poor thing when it leads you to have too much confidence in yourself, and to trust to your own judgment rather than to respect the counsel and highly estimate the judgment of your brethren, especially of those in the offices which God has appointed for the saving of his people. God has invested his church with special authority and power, which no one can be justified in disregarding <span class=\"page-break\" data-page=\"50\"></span> and despising; for in so doing he despises the voice of God.&rdquo;-<span class=\"egwlink egwlink_book\" title=\"3T 417.1\" data-link=\"119.1945\">Testimonies of the Church 3:417</span>.",
    "puborder": 177,
    "translations": []
  },
  {
    "para_id": "1119.257",
    "id_prev": "1119.254",
    "id_next": "1119.258",
    "refcode_1": "COOD",
    "refcode_2": "50",
    "refcode_3": "1",
    "refcode_4": "",
    "refcode_short": "COOD 50.1",
    "refcode_long": "The Church: Its Organization, Order and Discipline, p. 50.1 (John Norton Loughborough)",
    "element_type": "p",
    "element_subtype": "standard-indented",
    "content": "&ldquo;Christ gives power to the voice of the church. &lsquo;Verily I say unto you, whatsoever Ye shall bind on earth shall be bound in heaven, and whatsoever ye shall loose on earth shall be loosed in heaven.&rsquo; No such thing is countenanced as one man&rsquo;s starting out on his own individual responsibility, and advocating what views he chooses, irrespective of the judgment of the church. God has bestowed the highest power under heaven upon his church. It is the voice of God in his united people in church capacity which is to be respected.&rdquo;-<span class=\"egwlink egwlink_book\" title=\"3T 450.1\" data-link=\"119.2106\">Ibid., 450, 451</span>.",
    "puborder": 178,
    "translations": []
  }
]