[
  {
    "para_id": "14114.261",
    "id_prev": "14114.259",
    "id_next": "14114.262",
    "refcode_1": "FW-SG",
    "refcode_2": "22",
    "refcode_3": "",
    "refcode_4": "",
    "refcode_short": "FW-SG 22",
    "refcode_long": "Faith and Works -- Study Guide, p. 22 (Ellen G. White Estate)",
    "element_type": "h4",
    "element_subtype": "",
    "content": "Not Saved in Indolence",
    "puborder": 227,
    "translations": []
  },
  {
    "para_id": "14114.262",
    "id_prev": "14114.261",
    "id_next": "14114.263",
    "refcode_1": "FW-SG",
    "refcode_2": "22",
    "refcode_3": "1",
    "refcode_4": "",
    "refcode_short": "FW-SG 22.1",
    "refcode_long": "Faith and Works -- Study Guide, p. 22.1 (Ellen G. White Estate)",
    "element_type": "p",
    "element_subtype": "standard-indented",
    "content": "157. Can a person be saved by doing nothing? Why or why not? (<span class=\"egwlink egwlink_book\" title=\"FW 71.1\" data-link=\"31.334\">71-72</span>)",
    "puborder": 228,
    "translations": []
  },
  {
    "para_id": "14114.263",
    "id_prev": "14114.262",
    "id_next": "14114.264",
    "refcode_1": "FW-SG",
    "refcode_2": "22",
    "refcode_3": "2",
    "refcode_4": "",
    "refcode_short": "FW-SG 22.2",
    "refcode_long": "Faith and Works -- Study Guide, p. 22.2 (Ellen G. White Estate)",
    "element_type": "p",
    "element_subtype": "standard-indented",
    "content": "158. What are that faith and love which work? (<span class=\"egwlink egwlink_book\" title=\"FW 72.1\" data-link=\"31.341\">72</span>)",
    "puborder": 229,
    "translations": []
  },
  {
    "para_id": "14114.264",
    "id_prev": "14114.263",
    "id_next": "14114.265",
    "refcode_1": "FW-SG",
    "refcode_2": "22",
    "refcode_3": "3",
    "refcode_4": "",
    "refcode_short": "FW-SG 22.3",
    "refcode_long": "Faith and Works -- Study Guide, p. 22.3 (Ellen G. White Estate)",
    "element_type": "p",
    "element_subtype": "standard-indented",
    "content": "159- Finish the second sentence: He has purchased me at an infinite cost, and He has atoned for everything that is offensive to Him. I must....&rdquo; (<span class=\"egwlink egwlink_book\" title=\"FW 72.1\" data-link=\"31.341\">72</span>)",
    "puborder": 230,
    "translations": []
  },
  {
    "para_id": "14114.265",
    "id_prev": "14114.264",
    "id_next": "14114.266",
    "refcode_1": "FW-SG",
    "refcode_2": "22",
    "refcode_3": "4",
    "refcode_4": "",
    "refcode_short": "FW-SG 22.4",
    "refcode_long": "Faith and Works -- Study Guide, p. 22.4 (Ellen G. White Estate)",
    "element_type": "p",
    "element_subtype": "standard-noindent",
    "content": "1.<br />\r\n2.<br />\r\n3.<br />\r\n4.<br />\r\n5.<br />\r\n6.",
    "puborder": 231,
    "translations": []
  }
]