[
  {
    "para_id": "14114.187",
    "id_prev": "14114.186",
    "id_next": "14114.188",
    "refcode_1": "FW-SG",
    "refcode_2": "17",
    "refcode_3": "",
    "refcode_4": "",
    "refcode_short": "FW-SG 17",
    "refcode_long": "Faith and Works -- Study Guide, p. 17 (Ellen G. White Estate)",
    "element_type": "h4",
    "element_subtype": "",
    "content": "What God Requires",
    "puborder": 161,
    "translations": []
  },
  {
    "para_id": "14114.188",
    "id_prev": "14114.187",
    "id_next": "14114.189",
    "refcode_1": "FW-SG",
    "refcode_2": "17",
    "refcode_3": "4",
    "refcode_4": "",
    "refcode_short": "FW-SG 17.4",
    "refcode_long": "Faith and Works -- Study Guide, p. 17.4 (Ellen G. White Estate)",
    "element_type": "p",
    "element_subtype": "standard-indented",
    "content": "112. What was the issue she was addressing? (<span class=\"egwlink egwlink_book\" title=\"FW 52.1\" data-link=\"31.227\">52</span>)",
    "puborder": 162,
    "translations": []
  },
  {
    "para_id": "14114.189",
    "id_prev": "14114.188",
    "id_next": "14114.190",
    "refcode_1": "FW-SG",
    "refcode_2": "17",
    "refcode_3": "5",
    "refcode_4": "",
    "refcode_short": "FW-SG 17.5",
    "refcode_long": "Faith and Works -- Study Guide, p. 17.5 (Ellen G. White Estate)",
    "element_type": "p",
    "element_subtype": "standard-indented",
    "content": "113. &ldquo;It is _____ to _____ to __________ or __________; these are __________ __________. God&rsquo;s law is _____ _____ __________ __________ of __________. It is _____ _____ _____ _____ __________ is to be __________.&rdquo; (<span class=\"egwlink egwlink_book\" title=\"FW 52.1\" data-link=\"31.227\">52</span>)",
    "puborder": 163,
    "translations": []
  },
  {
    "para_id": "14114.190",
    "id_prev": "14114.189",
    "id_next": "14114.191",
    "refcode_1": "FW-SG",
    "refcode_2": "17",
    "refcode_3": "6",
    "refcode_4": "",
    "refcode_short": "FW-SG 17.6",
    "refcode_long": "Faith and Works -- Study Guide, p. 17.6 (Ellen G. White Estate)",
    "element_type": "p",
    "element_subtype": "standard-indented",
    "content": "114. Give the answers that &ldquo;modern teachers of sanctification&rdquo; and Jesus would give concerning a person who had asked about salvation. (52-53)",
    "puborder": 164,
    "translations": []
  },
  {
    "para_id": "14114.191",
    "id_prev": "14114.190",
    "id_next": "14114.192",
    "refcode_1": "FW-SG",
    "refcode_2": "17",
    "refcode_3": "7",
    "refcode_4": "",
    "refcode_short": "FW-SG 17.7",
    "refcode_long": "Faith and Works -- Study Guide, p. 17.7 (Ellen G. White Estate)",
    "element_type": "p",
    "element_subtype": "standard-indented",
    "content": "115. How will true sanctification be shown? (<span class=\"egwlink egwlink_book\" title=\"FW 53.1\" data-link=\"31.232\">53</span>)",
    "puborder": 165,
    "translations": []
  },
  {
    "para_id": "14114.192",
    "id_prev": "14114.191",
    "id_next": "14114.193",
    "refcode_1": "FW-SG",
    "refcode_2": "17",
    "refcode_3": "8",
    "refcode_4": "",
    "refcode_short": "FW-SG 17.8",
    "refcode_long": "Faith and Works -- Study Guide, p. 17.8 (Ellen G. White Estate)",
    "element_type": "p",
    "element_subtype": "standard-noindent",
    "content": "1.<br />\r\n2.<br />\r\n3.<br />\r\n4.",
    "puborder": 166,
    "translations": []
  }
]