[
  {
    "para_id": "671.856",
    "id_prev": "671.855",
    "id_next": "671.857",
    "refcode_1": "3BIO",
    "refcode_2": "112",
    "refcode_3": "",
    "refcode_4": "68",
    "refcode_short": "3BIO 112",
    "refcode_long": "Ellen G. White: The Lonely Years: 1876-1891 (vol. 3), p. 112 (Arthur Lacey White)",
    "element_type": "h4",
    "element_subtype": "",
    "content": "Erratic Movements and Shifting Plans",
    "puborder": 687,
    "translations": []
  },
  {
    "para_id": "671.857",
    "id_prev": "671.856",
    "id_next": "671.858",
    "refcode_1": "3BIO",
    "refcode_2": "112",
    "refcode_3": "4",
    "refcode_4": "",
    "refcode_short": "3BIO 112.4",
    "refcode_long": "Ellen G. White: The Lonely Years: 1876-1891 (vol. 3), p. 112.4 (Arthur Lacey White)",
    "element_type": "p",
    "element_subtype": "standard-indented",
    "content": "While she did not mention it in her correspondence or diary, the rather erratic movements of her husband in shifting his plans relating to the special session of the General Conference and the dedication of the Tabernacle unquestionably added to her perplexity.",
    "puborder": 688,
    "translations": []
  },
  {
    "para_id": "671.858",
    "id_prev": "671.857",
    "id_next": "671.860",
    "refcode_1": "3BIO",
    "refcode_2": "112",
    "refcode_3": "5",
    "refcode_4": "",
    "refcode_short": "3BIO 112.5",
    "refcode_long": "Ellen G. White: The Lonely Years: 1876-1891 (vol. 3), p. 112.5 (Arthur Lacey White)",
    "element_type": "p",
    "element_subtype": "standard-indented",
    "content": "White had called the session through the <em>Review</em> of March 6. Two weeks later, March 20, S. N. Haskell, who resided in Battle Creek and was one of the three members of the General Conference Committee, had presented to the readers of the <em>Review</em> the several compelling reasons for the special session. He noted that &ldquo;there has been no time within the past twenty-five years when it could be more truthfully said than now that &lsquo;we have reached a very interesting and important period in the history of the third angel&apos;s message.&rsquo; ... The object of the coming conference is to consider what steps should be taken to cooperate with the providence of God as it leads the way before His people.&rdquo;&mdash;<span class=\"nol-ink\" title=\"RH 3-20-1879\">The Review and Herald, March 20, 1879</span>.",
    "puborder": 689,
    "translations": []
  },
  {
    "para_id": "671.860",
    "id_prev": "671.858",
    "id_next": "671.861",
    "refcode_1": "3BIO",
    "refcode_2": "113",
    "refcode_3": "1",
    "refcode_4": "",
    "refcode_short": "3BIO 113.1",
    "refcode_long": "Ellen G. White: The Lonely Years: 1876-1891 (vol. 3), p. 113.1 (Arthur Lacey White)",
    "element_type": "p",
    "element_subtype": "standard-indented",
    "content": "But then James White had decided not to attend the session because he and his wife could not be there at the time appointed. He had followed that with a message in the <em>Review</em> that in the interests of &ldquo;growing old gracefully&rdquo; and the fear of impairment of health and the possibility of another stroke of paralysis, they must be excused from going to Battle Creek&mdash;and all of this before ever leaving Texas.",
    "puborder": 690,
    "translations": []
  },
  {
    "para_id": "671.861",
    "id_prev": "671.860",
    "id_next": "671.862",
    "refcode_1": "3BIO",
    "refcode_2": "113",
    "refcode_3": "2",
    "refcode_4": "",
    "refcode_short": "3BIO 113.2",
    "refcode_long": "Ellen G. White: The Lonely Years: 1876-1891 (vol. 3), p. 113.2 (Arthur Lacey White)",
    "element_type": "p",
    "element_subtype": "standard-indented",
    "content": "This was indeed most perplexing to Ellen, to Willie and Mary in Battle Creek, and to the people generally. His unusual and out-of-character concern for his well-being apparently had led to his sudden change of plans. He pointed out that men who carry heavy burdens come to a time when they must transfer these to the shoulders of others. He stated:",
    "puborder": 691,
    "translations": []
  }
]