[
  {
    "para_id": "671.1037",
    "id_prev": "671.1034",
    "id_next": "671.1038",
    "refcode_1": "3BIO",
    "refcode_2": "134",
    "refcode_3": "",
    "refcode_4": "83",
    "refcode_short": "3BIO 134",
    "refcode_long": "Ellen G. White: The Lonely Years: 1876-1891 (vol. 3), p. 134 (Arthur Lacey White)",
    "element_type": "h4",
    "element_subtype": "",
    "content": "Ellen G. White Labors in California",
    "puborder": 834,
    "translations": []
  },
  {
    "para_id": "671.1038",
    "id_prev": "671.1037",
    "id_next": "671.1039",
    "refcode_1": "3BIO",
    "refcode_2": "134",
    "refcode_3": "1",
    "refcode_4": "",
    "refcode_short": "3BIO 134.1",
    "refcode_long": "Ellen G. White: The Lonely Years: 1876-1891 (vol. 3), p. 134.1 (Arthur Lacey White)",
    "element_type": "p",
    "element_subtype": "standard-indented",
    "content": "Ellen White threw herself into the program of strengthening the church. She spoke the Sabbath after her arrival in Oakland, with the San Francisco members invited to attend.",
    "puborder": 835,
    "translations": []
  },
  {
    "para_id": "671.1039",
    "id_prev": "671.1038",
    "id_next": "671.1040",
    "refcode_1": "3BIO",
    "refcode_2": "134",
    "refcode_3": "2",
    "refcode_4": "",
    "refcode_short": "3BIO 134.2",
    "refcode_long": "Ellen G. White: The Lonely Years: 1876-1891 (vol. 3), p. 134.2 (Arthur Lacey White)",
    "element_type": "p",
    "element_subtype": "standard-indented",
    "content": "On one of the weekend trips she was in the Napa Valley attending meetings at St. Helena and Napa. She visited the newly established health institution and reported:",
    "puborder": 836,
    "translations": []
  },
  {
    "para_id": "671.1040",
    "id_prev": "671.1039",
    "id_next": "671.1041",
    "refcode_1": "3BIO",
    "refcode_2": "134",
    "refcode_3": "3",
    "refcode_4": "",
    "refcode_short": "3BIO 134.3",
    "refcode_long": "Ellen G. White: The Lonely Years: 1876-1891 (vol. 3), p. 134.3 (Arthur Lacey White)",
    "element_type": "p",
    "element_subtype": "blockquote-indented",
    "content": "While at St. Helena last week we visited Crystal Springs, where this Health Retreat is located. It is our opinion that a more beautiful spot could not have been selected as an asylum for the sick and weary. A place of greater natural loveliness we have seldom ever seen. High mountains, stretching their peaks upward toward heaven, seem to surround the place, giving evidence to all of the mighty power of the Lord.",
    "puborder": 837,
    "translations": []
  },
  {
    "para_id": "671.1041",
    "id_prev": "671.1040",
    "id_next": "671.1042",
    "refcode_1": "3BIO",
    "refcode_2": "134",
    "refcode_3": "4",
    "refcode_4": "",
    "refcode_short": "3BIO 134.4",
    "refcode_long": "Ellen G. White: The Lonely Years: 1876-1891 (vol. 3), p. 134.4 (Arthur Lacey White)",
    "element_type": "p",
    "element_subtype": "blockquote-indented",
    "content": "No one who sees God in His created works could view these lofty mountains from the piazza of the Retreat without feeling that he is surrounded by the presence of God and covered by the overshadowing of His glory. Peak rising above peak carries the mind instinctively up to Him who set fast the mountains and girded them with His power so that no human might can move them out of their places.&mdash;<span class=\"egwlink egwlink_book\" title=\"ST 4-22-1880\" data-link=\"820.2437\">The Signs of the Times, April 22, 1880</span>.",
    "puborder": 838,
    "translations": []
  },
  {
    "para_id": "671.1042",
    "id_prev": "671.1041",
    "id_next": "671.1043",
    "refcode_1": "3BIO",
    "refcode_2": "134",
    "refcode_3": "5",
    "refcode_4": "",
    "refcode_short": "3BIO 134.5",
    "refcode_long": "Ellen G. White: The Lonely Years: 1876-1891 (vol. 3), p. 134.5 (Arthur Lacey White)",
    "element_type": "p",
    "element_subtype": "standard-indented",
    "content": "Little did Ellen White at this time dream that her home for the last fifteen years of her life would be within a half-mile of this institution. But she had to go to meetings in the neighborhood of Fresno, and a camp meeting at Lemoore scheduled for April 22 to May 3. The work in California was in a period of recovery, and James White published the following encouraging report in the May 13 <em>Review and Herald</em>:",
    "puborder": 839,
    "translations": []
  },
  {
    "para_id": "671.1043",
    "id_prev": "671.1042",
    "id_next": "671.1044",
    "refcode_1": "3BIO",
    "refcode_2": "134",
    "refcode_3": "6",
    "refcode_4": "",
    "refcode_short": "3BIO 134.6",
    "refcode_long": "Ellen G. White: The Lonely Years: 1876-1891 (vol. 3), p. 134.6 (Arthur Lacey White)",
    "element_type": "p",
    "element_subtype": "blockquote-indented",
    "content": "At no time in the history of the cause upon the Pacific Coast have we had as lively an interest in the work as during the present season. Mrs. White and our son and daughter are there, and news from that part of the wide field is most cheering.",
    "puborder": 840,
    "translations": []
  },
  {
    "para_id": "671.1044",
    "id_prev": "671.1043",
    "id_next": "671.1047",
    "refcode_1": "3BIO",
    "refcode_2": "134",
    "refcode_3": "7",
    "refcode_4": "",
    "refcode_short": "3BIO 134.7",
    "refcode_long": "Ellen G. White: The Lonely Years: 1876-1891 (vol. 3), p. 134.7 (Arthur Lacey White)",
    "element_type": "p",
    "element_subtype": "blockquote-indented",
    "content": "The camp meeting held at Lemoore, California, April 22 to May 3, was one of the deepest interest. Mrs. White has enjoyed <span class=\"page-break\" data-page=\"135\"></span> great freedom in speaking at many important points in California, and there is a state of general good cheer all over the State. Her labors have been incessant, yet she reports improved health.",
    "puborder": 841,
    "translations": []
  },
  {
    "para_id": "671.1047",
    "id_prev": "671.1044",
    "id_next": "671.1048",
    "refcode_1": "3BIO",
    "refcode_2": "135",
    "refcode_3": "1",
    "refcode_4": "",
    "refcode_short": "3BIO 135.1",
    "refcode_long": "Ellen G. White: The Lonely Years: 1876-1891 (vol. 3), p. 135.1 (Arthur Lacey White)",
    "element_type": "p",
    "element_subtype": "blockquote-indented",
    "content": "It seems very evident that it was according to the will of God that she should visit the Pacific Coast at this time. And we are laboring under the impression that we are in the line of our duty in remaining at the old post of duty at the present. We may join her in California in autumn.",
    "puborder": 842,
    "translations": []
  },
  {
    "para_id": "671.1048",
    "id_prev": "671.1047",
    "id_next": "671.1049",
    "refcode_1": "3BIO",
    "refcode_2": "135",
    "refcode_3": "2",
    "refcode_4": "",
    "refcode_short": "3BIO 135.2",
    "refcode_long": "Ellen G. White: The Lonely Years: 1876-1891 (vol. 3), p. 135.2 (Arthur Lacey White)",
    "element_type": "p",
    "element_subtype": "standard-indented",
    "content": "A singular experience occurred during the Lemoore camp meeting. Ellen White mentioned this in her letter to James written May 2.",
    "puborder": 843,
    "translations": []
  },
  {
    "para_id": "671.1049",
    "id_prev": "671.1048",
    "id_next": "671.1050",
    "refcode_1": "3BIO",
    "refcode_2": "135",
    "refcode_3": "3",
    "refcode_4": "",
    "refcode_short": "3BIO 135.3",
    "refcode_long": "Ellen G. White: The Lonely Years: 1876-1891 (vol. 3), p. 135.3 (Arthur Lacey White)",
    "element_type": "p",
    "element_subtype": "blockquote-indented",
    "content": "What a peaceful hour it was when the Sabbath was welcomed in with its holy sacred hours. Peace was in my soul.... Peace, peace was like a river and the righteousness thereof like the waves of the sea. Why, it seemed that I could feel the presence of heavenly angels upon the encampment.",
    "puborder": 844,
    "translations": []
  },
  {
    "para_id": "671.1050",
    "id_prev": "671.1049",
    "id_next": "671.1051",
    "refcode_1": "3BIO",
    "refcode_2": "135",
    "refcode_3": "4",
    "refcode_4": "",
    "refcode_short": "3BIO 135.4",
    "refcode_long": "Ellen G. White: The Lonely Years: 1876-1891 (vol. 3), p. 135.4 (Arthur Lacey White)",
    "element_type": "p",
    "element_subtype": "blockquote-indented",
    "content": "That night, Brother Eagle was on watch till past twelve; then he was relieved.... It was about midnight, he said, when he saw a man about nine feet high pacing back and forth before our tent. He thought this was singular and he would come nearer and see if it was an illusion.",
    "puborder": 845,
    "translations": []
  },
  {
    "para_id": "671.1051",
    "id_prev": "671.1050",
    "id_next": "671.1052",
    "refcode_1": "3BIO",
    "refcode_2": "135",
    "refcode_3": "5",
    "refcode_4": "",
    "refcode_short": "3BIO 135.5",
    "refcode_long": "Ellen G. White: The Lonely Years: 1876-1891 (vol. 3), p. 135.5 (Arthur Lacey White)",
    "element_type": "p",
    "element_subtype": "blockquote-indented",
    "content": "He held out his lantern and let it shine full upon the form and he saw a man. His limbs and body could be distinctly seen, but he could not see the face. He kept his eyes fixed upon it; [it] looked like amber, transparent, towering up above the tent....",
    "puborder": 846,
    "translations": []
  },
  {
    "para_id": "671.1052",
    "id_prev": "671.1051",
    "id_next": "671.1053",
    "refcode_1": "3BIO",
    "refcode_2": "135",
    "refcode_3": "6",
    "refcode_4": "",
    "refcode_short": "3BIO 135.6",
    "refcode_long": "Ellen G. White: The Lonely Years: 1876-1891 (vol. 3), p. 135.6 (Arthur Lacey White)",
    "element_type": "p",
    "element_subtype": "blockquote-indented",
    "content": "This man [Brother Eagle] has recently been converted from infidelity. He has had no faith in the visions, has taken Brinkerhoff&apos;s paper and read Carver&apos;s book and Chandler&apos;s; but since hearing me for himself, is convinced that my visions are of God.... He is a man of sound judgment, free from vagaries. All say he is an entirely different man; he is a converted man.&mdash;<span class=\"egwlink egwlink_book\" title=\"Lt 27, 1880\" data-link=\"14053.4449001\">Letter 27, 1880</span>.",
    "puborder": 847,
    "translations": []
  }
]