[
  {
    "para_id": "671.3725",
    "id_prev": "671.3722",
    "id_next": "671.3726",
    "refcode_1": "3BIO",
    "refcode_2": "483",
    "refcode_3": "",
    "refcode_4": "288",
    "refcode_short": "3BIO 483",
    "refcode_long": "Ellen G. White: The Lonely Years: 1876-1891 (vol. 3), p. 483 (Arthur Lacey White)",
    "element_type": "h4",
    "element_subtype": "",
    "content": "General Conference Business",
    "puborder": 2976,
    "translations": []
  },
  {
    "para_id": "671.3726",
    "id_prev": "671.3725",
    "id_next": "671.3727",
    "refcode_1": "3BIO",
    "refcode_2": "483",
    "refcode_3": "1",
    "refcode_4": "",
    "refcode_short": "3BIO 483.1",
    "refcode_long": "Ellen G. White: The Lonely Years: 1876-1891 (vol. 3), p. 483.1 (Arthur Lacey White)",
    "element_type": "p",
    "element_subtype": "standard-indented",
    "content": "Developments early in the session pointed to the need of expanding educational facilities overseas, particularly in Australia. Haskell suggested that strength and inspiration would be brought to that field if Ellen White could spend some time there. Such thinking was not at all agreeable to her, for she hoped that she could soon find some quiet place and get on with her work on the life of Christ. Official action taken at the session called for establishing a school in Australia but said nothing about an E. G. White visit. So she tried to put that matter out of her mind and proceed with plans for her work as if there would be no interruption.",
    "puborder": 2977,
    "translations": []
  }
]