[
  {
    "para_id": "671.2027",
    "id_prev": "671.2026",
    "id_next": "671.2028",
    "refcode_1": "3BIO",
    "refcode_2": "259",
    "refcode_3": "",
    "refcode_4": "155",
    "refcode_short": "3BIO 259",
    "refcode_long": "Ellen G. White: The Lonely Years: 1876-1891 (vol. 3), p. 259 (Arthur Lacey White)",
    "element_type": "h4",
    "element_subtype": "",
    "content": "Ellen White Warns of Subtle Deceptions",
    "puborder": 1625,
    "translations": []
  },
  {
    "para_id": "671.2028",
    "id_prev": "671.2027",
    "id_next": "671.2029",
    "refcode_1": "3BIO",
    "refcode_2": "259",
    "refcode_3": "2",
    "refcode_4": "",
    "refcode_short": "3BIO 259.2",
    "refcode_long": "Ellen G. White: The Lonely Years: 1876-1891 (vol. 3), p. 259.2 (Arthur Lacey White)",
    "element_type": "p",
    "element_subtype": "standard-indented",
    "content": "In her letter to Smith, Ellen White wrote of what is before the church:",
    "puborder": 1626,
    "translations": []
  },
  {
    "para_id": "671.2029",
    "id_prev": "671.2028",
    "id_next": "671.2030",
    "refcode_1": "3BIO",
    "refcode_2": "259",
    "refcode_3": "3",
    "refcode_4": "",
    "refcode_short": "3BIO 259.3",
    "refcode_long": "Ellen G. White: The Lonely Years: 1876-1891 (vol. 3), p. 259.3 (Arthur Lacey White)",
    "element_type": "p",
    "element_subtype": "blockquote-indented",
    "content": "From that which the Lord has been pleased to show me there will arise just such ones all along and many more of them claiming to have new light, which is a side issue, an entering wedge. The widening will increase until there is a breach made between those who accept these views and those who believe the third angel&apos;s message. Just as soon as these new ideas are accepted, then there will be drawing away from those whom God has used in the work, for the minds begin to doubt and withdraw from the leaders because God has laid them aside and chosen more humble men to do His work. This is the only interpretation they can give to this matter, as the leaders do not see this important light.&mdash;<span class=\"egwlink egwlink_book\" title=\"Lt 20, 1884\" data-link=\"14054.4124001\">Letter 20, 1884</span>.",
    "puborder": 1627,
    "translations": []
  },
  {
    "para_id": "671.2030",
    "id_prev": "671.2029",
    "id_next": "671.2031",
    "refcode_1": "3BIO",
    "refcode_2": "259",
    "refcode_3": "4",
    "refcode_4": "",
    "refcode_short": "3BIO 259.4",
    "refcode_long": "Ellen G. White: The Lonely Years: 1876-1891 (vol. 3), p. 259.4 (Arthur Lacey White)",
    "element_type": "p",
    "element_subtype": "standard-indented",
    "content": "In her testimony dealing with the Raymond matter, Ellen White sounded a solemn, startling warning:",
    "puborder": 1628,
    "translations": []
  },
  {
    "para_id": "671.2031",
    "id_prev": "671.2030",
    "id_next": "671.2032",
    "refcode_1": "3BIO",
    "refcode_2": "259",
    "refcode_3": "5",
    "refcode_4": "",
    "refcode_short": "3BIO 259.5",
    "refcode_long": "Ellen G. White: The Lonely Years: 1876-1891 (vol. 3), p. 259.5 (Arthur Lacey White)",
    "element_type": "p",
    "element_subtype": "blockquote-indented",
    "content": "The enemy is preparing for his last campaign against the church. He has so concealed himself from view that many can hardly believe that he exists, much less can they be convinced of his amazing activity and power. They have to a great extent forgotten his past record; and when he makes another advance move, they will not recognize him as their enemy, that old serpent, but they will consider him a friend, one who is doing a good work....",
    "puborder": 1629,
    "translations": []
  },
  {
    "para_id": "671.2032",
    "id_prev": "671.2031",
    "id_next": "671.2034",
    "refcode_1": "3BIO",
    "refcode_2": "259",
    "refcode_3": "6",
    "refcode_4": "",
    "refcode_short": "3BIO 259.6",
    "refcode_long": "Ellen G. White: The Lonely Years: 1876-1891 (vol. 3), p. 259.6 (Arthur Lacey White)",
    "element_type": "p",
    "element_subtype": "blockquote-indented",
    "content": "Satan hopes to involve the remnant people of God in the general ruin that is coming upon the earth. As the coming of Christ draws nigh, he will be more determined and decisive in his efforts to overthrow them. Men and women will arise professing to have some new light or some new revelation whose tendency is to unsettle faith in the old landmarks. Their doctrines will not bear the test of God&apos;s word, yet souls will be deceived.&mdash;<span class=\"egwlink egwlink_book\" title=\"5T 294.1\" data-link=\"113.1484\">Testimonies for the Church, 5:294, 295</span>.",
    "puborder": 1630,
    "translations": []
  }
]