[
  {
    "para_id": "1328.725",
    "id_prev": "1328.724",
    "id_next": "1328.726",
    "refcode_1": "PSAS",
    "refcode_2": "95",
    "refcode_3": "",
    "refcode_4": "",
    "refcode_short": "PSAS 95",
    "refcode_long": "Poems: With a Sketch of the Life and Experience of Annie R. Smith, p. 95 (Rebekah Smith)",
    "element_type": "h3",
    "element_subtype": "",
    "content": "The Christian&rsquo;s Triumph",
    "puborder": 629,
    "translations": []
  },
  {
    "para_id": "1328.726",
    "id_prev": "1328.725",
    "id_next": "1328.727",
    "refcode_1": "PSAS",
    "refcode_2": "95",
    "refcode_3": "3",
    "refcode_4": "",
    "refcode_short": "PSAS 95.3",
    "refcode_long": "Poems: With a Sketch of the Life and Experience of Annie R. Smith, p. 95.3 (Rebekah Smith)",
    "element_type": "p",
    "element_subtype": "poem-noindent",
    "content": "Ye idols all depart,\n<br />The Lord shall have my heart;\n<br />I&rsquo;m his by right.\n<br />On him my sins were laid;\n<br />He has my ransom paid,\n<br />In God&rsquo;s pure sight.",
    "puborder": 630,
    "translations": []
  },
  {
    "para_id": "1328.727",
    "id_prev": "1328.726",
    "id_next": "1328.729",
    "refcode_1": "PSAS",
    "refcode_2": "95",
    "refcode_3": "4",
    "refcode_4": "",
    "refcode_short": "PSAS 95.4",
    "refcode_long": "Poems: With a Sketch of the Life and Experience of Annie R. Smith, p. 95.4 (Rebekah Smith)",
    "element_type": "p",
    "element_subtype": "poem-noindent",
    "content": "Through him I&rsquo;ll conquer too,\n<br />And all my sins subdue;\n<br />In him be free.",
    "puborder": 631,
    "translations": []
  },
  {
    "para_id": "1328.729",
    "id_prev": "1328.727",
    "id_next": "1328.730",
    "refcode_1": "PSAS",
    "refcode_2": "96",
    "refcode_3": "1",
    "refcode_4": "",
    "refcode_short": "PSAS 96.1",
    "refcode_long": "Poems: With a Sketch of the Life and Experience of Annie R. Smith, p. 96.1 (Rebekah Smith)",
    "element_type": "p",
    "element_subtype": "poem-noindent",
    "content": "He died to have it so,\n<br />And in his strength I&rsquo;ll go,\n<br />Till him I see.",
    "puborder": 632,
    "translations": []
  },
  {
    "para_id": "1328.730",
    "id_prev": "1328.729",
    "id_next": "1328.731",
    "refcode_1": "PSAS",
    "refcode_2": "96",
    "refcode_3": "2",
    "refcode_4": "",
    "refcode_short": "PSAS 96.2",
    "refcode_long": "Poems: With a Sketch of the Life and Experience of Annie R. Smith, p. 96.2 (Rebekah Smith)",
    "element_type": "p",
    "element_subtype": "poem-noindent",
    "content": "Oh! shall I see his face,\n<br />And rest in his embrace\n<br />Forevermore?\n<br />My soul is on the wing\n<br />To glorify my King;\n<br />Him I adore.",
    "puborder": 633,
    "translations": []
  },
  {
    "para_id": "1328.731",
    "id_prev": "1328.730",
    "id_next": "1328.732",
    "refcode_1": "PSAS",
    "refcode_2": "96",
    "refcode_3": "3",
    "refcode_4": "",
    "refcode_short": "PSAS 96.3",
    "refcode_long": "Poems: With a Sketch of the Life and Experience of Annie R. Smith, p. 96.3 (Rebekah Smith)",
    "element_type": "p",
    "element_subtype": "poem-noindent",
    "content": "All Heaven adore him now,\n<br />In adoration bow;\n<br />It is his due.\n<br />For saints shall swell the song\n<br />Of the angelic throng,\n<br />In earth made new.",
    "puborder": 634,
    "translations": []
  },
  {
    "para_id": "1328.732",
    "id_prev": "1328.731",
    "id_next": "1328.733",
    "refcode_1": "PSAS",
    "refcode_2": "96",
    "refcode_3": "4",
    "refcode_4": "",
    "refcode_short": "PSAS 96.4",
    "refcode_long": "Poems: With a Sketch of the Life and Experience of Annie R. Smith, p. 96.4 (Rebekah Smith)",
    "element_type": "p",
    "element_subtype": "poem-noindent",
    "content": "They&rsquo;ll see him as he is,\n<br />And know that they are his;\n<br />Be like him made.\n<br />In union, all the same,\n<br />There&rsquo;ll be to his dear name,\n<br />True homage paid.",
    "puborder": 635,
    "translations": []
  },
  {
    "para_id": "1328.733",
    "id_prev": "1328.732",
    "id_next": "1328.734",
    "refcode_1": "PSAS",
    "refcode_2": "96",
    "refcode_3": "5",
    "refcode_4": "",
    "refcode_short": "PSAS 96.5",
    "refcode_long": "Poems: With a Sketch of the Life and Experience of Annie R. Smith, p. 96.5 (Rebekah Smith)",
    "element_type": "p",
    "element_subtype": "poem-noindent",
    "content": "Hail, that all-glorious place,\n<br />When all the ransomed race,\n<br />Their voices raise;\n<br />And all with sweet accord,\n<br />Give glory to the Lord,\n<br />In ceaseless praise.",
    "puborder": 636,
    "translations": []
  },
  {
    "para_id": "1328.734",
    "id_prev": "1328.733",
    "id_next": "1328.736",
    "refcode_1": "PSAS",
    "refcode_2": "96",
    "refcode_3": "6",
    "refcode_4": "",
    "refcode_short": "PSAS 96.6",
    "refcode_long": "Poems: With a Sketch of the Life and Experience of Annie R. Smith, p. 96.6 (Rebekah Smith)",
    "element_type": "p",
    "element_subtype": "poem-noindent",
    "content": "In Eden beauty dressed,\n<br />Will be each heavenly guest,\n<br />All blooming fair.\n<br />This inward truth we know,\n<br />And there we long to go;\n<br />God will be there.",
    "puborder": 637,
    "translations": []
  }
]