[
  {
    "para_id": "1328.304",
    "id_prev": "1328.303",
    "id_next": "1328.305",
    "refcode_1": "PSAS",
    "refcode_2": "40",
    "refcode_3": "",
    "refcode_4": "",
    "refcode_short": "PSAS 40",
    "refcode_long": "Poems: With a Sketch of the Life and Experience of Annie R. Smith, p. 40 (Rebekah Smith)",
    "element_type": "h3",
    "element_subtype": "",
    "content": "Home for the Weary",
    "puborder": 263,
    "translations": []
  },
  {
    "para_id": "1328.305",
    "id_prev": "1328.304",
    "id_next": "1328.306",
    "refcode_1": "PSAS",
    "refcode_2": "40",
    "refcode_3": "3",
    "refcode_4": "",
    "refcode_short": "PSAS 40.3",
    "refcode_long": "Poems: With a Sketch of the Life and Experience of Annie R. Smith, p. 40.3 (Rebekah Smith)",
    "element_type": "p",
    "element_subtype": "poem-noindent",
    "content": "If there&rsquo;s rest for the weary, a home for the meek,\n<br />Hope for the trembling and strength for the weak,\n<br />Take courage, worn pilgrim, nor sink in despair,\n<br />While braving the storms that but hasten us there.",
    "puborder": 264,
    "translations": []
  },
  {
    "para_id": "1328.306",
    "id_prev": "1328.305",
    "id_next": "1328.307",
    "refcode_1": "PSAS",
    "refcode_2": "40",
    "refcode_3": "4",
    "refcode_4": "",
    "refcode_short": "PSAS 40.4",
    "refcode_long": "Poems: With a Sketch of the Life and Experience of Annie R. Smith, p. 40.4 (Rebekah Smith)",
    "element_type": "p",
    "element_subtype": "poem-noindent",
    "content": "The waves and the billows will over us go,\n<br />And waters most bitter will oft overflow.\n<br />Our hearts with fierce conflicts and anguish be riven,\n<br />But hope to the end; there&rsquo;s salvation in Heaven.",
    "puborder": 265,
    "translations": []
  },
  {
    "para_id": "1328.307",
    "id_prev": "1328.306",
    "id_next": "1328.309",
    "refcode_1": "PSAS",
    "refcode_2": "40",
    "refcode_3": "5",
    "refcode_4": "",
    "refcode_short": "PSAS 40.5",
    "refcode_long": "Poems: With a Sketch of the Life and Experience of Annie R. Smith, p. 40.5 (Rebekah Smith)",
    "element_type": "p",
    "element_subtype": "poem-noindent",
    "content": "Oh, who will endure the last searching test,\n<br />With Abrah&rsquo;m and Isaac and Jacob be blest\n<br />In the kingdom of God? and who will be lost,\n<br />To find when too late, what earth&rsquo;s pleasures have cost?",
    "puborder": 266,
    "translations": []
  },
  {
    "para_id": "1328.309",
    "id_prev": "1328.307",
    "id_next": "1328.310",
    "refcode_1": "PSAS",
    "refcode_2": "41",
    "refcode_3": "1",
    "refcode_4": "",
    "refcode_short": "PSAS 41.1",
    "refcode_long": "Poems: With a Sketch of the Life and Experience of Annie R. Smith, p. 41.1 (Rebekah Smith)",
    "element_type": "p",
    "element_subtype": "poem-noindent",
    "content": "Shall we cling, then, to what Christ would have us give up?\n<br />Oh, no! grieve him not, and he with us will sup.\n<br />He&rsquo;ll shelter us here in the last coming strife,\n<br />And give us to drink of the water of life.",
    "puborder": 267,
    "translations": []
  },
  {
    "para_id": "1328.310",
    "id_prev": "1328.309",
    "id_next": "1328.311",
    "refcode_1": "PSAS",
    "refcode_2": "41",
    "refcode_3": "2",
    "refcode_4": "",
    "refcode_short": "PSAS 41.2",
    "refcode_long": "Poems: With a Sketch of the Life and Experience of Annie R. Smith, p. 41.2 (Rebekah Smith)",
    "element_type": "p",
    "element_subtype": "poem-noindent",
    "content": "How blest to be ready and waiting to hear\n<br />The last trumpet sound, and see Jesus appear!\n<br />Such then will rejoice that redemption has come,\n<br />Be changed to his image, and received to their home.",
    "puborder": 268,
    "translations": []
  }
]