[
  {
    "para_id": "1328.350",
    "id_prev": "1328.349",
    "id_next": "1328.351",
    "refcode_1": "PSAS",
    "refcode_2": "46",
    "refcode_3": "",
    "refcode_4": "",
    "refcode_short": "PSAS 46",
    "refcode_long": "Poems: With a Sketch of the Life and Experience of Annie R. Smith, p. 46 (Rebekah Smith)",
    "element_type": "h3",
    "element_subtype": "",
    "content": "Trust",
    "puborder": 303,
    "translations": []
  },
  {
    "para_id": "1328.351",
    "id_prev": "1328.350",
    "id_next": "1328.352",
    "refcode_1": "PSAS",
    "refcode_2": "46",
    "refcode_3": "3",
    "refcode_4": "",
    "refcode_short": "PSAS 46.3",
    "refcode_long": "Poems: With a Sketch of the Life and Experience of Annie R. Smith, p. 46.3 (Rebekah Smith)",
    "element_type": "p",
    "element_subtype": "poem-noindent",
    "content": "My cause is with my blessed Lord, he does my footsteps guide;\n<br />He&rsquo;s led me in an unknown way, and laid my plans aside;\n<br />He&rsquo;s hedged up all my well-laid schemes, or what seemed so to me,\n<br />And oh! what wisdom I behold, now his designs I see.",
    "puborder": 304,
    "translations": []
  },
  {
    "para_id": "1328.352",
    "id_prev": "1328.351",
    "id_next": "1328.354",
    "refcode_1": "PSAS",
    "refcode_2": "46",
    "refcode_3": "4",
    "refcode_4": "",
    "refcode_short": "PSAS 46.4",
    "refcode_long": "Poems: With a Sketch of the Life and Experience of Annie R. Smith, p. 46.4 (Rebekah Smith)",
    "element_type": "p",
    "element_subtype": "poem-noindent",
    "content": "I&rsquo;ll glory in his holy name, and pray, Lord guide me still;\n<br />In each event submission learn, and sink into his will.\n<br />His will is welcome, tho&rsquo; it lay each earthly prospect low;\n<br />God is too wise to err, and will what&rsquo;s best for us bestow.",
    "puborder": 305,
    "translations": []
  },
  {
    "para_id": "1328.354",
    "id_prev": "1328.352",
    "id_next": "1328.355",
    "refcode_1": "PSAS",
    "refcode_2": "47",
    "refcode_3": "1",
    "refcode_4": "",
    "refcode_short": "PSAS 47.1",
    "refcode_long": "Poems: With a Sketch of the Life and Experience of Annie R. Smith, p. 47.1 (Rebekah Smith)",
    "element_type": "p",
    "element_subtype": "poem-noindent",
    "content": "The Psalmist made his boast in God, and we may do the same;\n<br />The word exhorts to cry aloud, and praise his holy name.\n<br />Should those here hold their peace, whom God has his own Spirit given,\n<br />Where could he look for honor due, and whom make meet for Heaven?",
    "puborder": 306,
    "translations": []
  },
  {
    "para_id": "1328.355",
    "id_prev": "1328.354",
    "id_next": "1328.356",
    "refcode_1": "PSAS",
    "refcode_2": "47",
    "refcode_3": "2",
    "refcode_4": "",
    "refcode_short": "PSAS 47.2",
    "refcode_long": "Poems: With a Sketch of the Life and Experience of Annie R. Smith, p. 47.2 (Rebekah Smith)",
    "element_type": "p",
    "element_subtype": "poem-noindent",
    "content": "Regardless of the world&rsquo;s cold frown, we would march boldly on,\n<br />Nor right nor left would turn, but go where our dear Saviour&rsquo;s gone,\n<br />There&rsquo;s mansions there, and Jesus will prepare his saints a place,\n<br />Where they will never cease to sing of his redeeming grace.",
    "puborder": 307,
    "translations": []
  },
  {
    "para_id": "1328.356",
    "id_prev": "1328.355",
    "id_next": "1328.357",
    "refcode_1": "PSAS",
    "refcode_2": "47",
    "refcode_3": "3",
    "refcode_4": "",
    "refcode_short": "PSAS 47.3",
    "refcode_long": "Poems: With a Sketch of the Life and Experience of Annie R. Smith, p. 47.3 (Rebekah Smith)",
    "element_type": "p",
    "element_subtype": "poem-noindent",
    "content": "Are we expecting to be there, and share each proffered bliss?\n<br />The Father&rsquo;s love is not in those who love a world like this.\n<br />Then tarry not in all the plain; seek high and holy ground,\n<br />Lest in the balance when we&rsquo;re weighed, we should be wanting found.",
    "puborder": 308,
    "translations": []
  }
]