[
  {
    "para_id": "1062.1584",
    "id_prev": "1062.1583",
    "id_next": "1062.1586",
    "refcode_1": "ARSH",
    "refcode_2": "382",
    "refcode_3": "",
    "refcode_4": "1898",
    "refcode_short": "ARSH June 21,  1898, page 382",
    "refcode_long": "The Advent Review and Sabbath Herald, vol. 75 June 21,  1898, page 382",
    "element_type": "h3",
    "element_subtype": "",
    "content": "June 21, 1898",
    "puborder": 1433,
    "translations": []
  },
  {
    "para_id": "1062.1586",
    "id_prev": "1062.1584",
    "id_next": "1062.1587",
    "refcode_1": "ARSH",
    "refcode_2": "392",
    "refcode_3": "",
    "refcode_4": "1898",
    "refcode_short": "ARSH June 21,  1898, page 392",
    "refcode_long": "The Advent Review and Sabbath Herald, vol. 75 June 21,  1898, page 392",
    "element_type": "h5",
    "element_subtype": "",
    "content": "&ldquo;Evangelistic Temperance. What Is Not Good Food&rdquo; The Advent Review and Sabbath Herald 75, 26, p. 392.",
    "puborder": 1434,
    "translations": []
  },
  {
    "para_id": "1062.1587",
    "id_prev": "1062.1586",
    "id_next": "1062.1588",
    "refcode_1": "ARSH",
    "refcode_2": "392",
    "refcode_3": "",
    "refcode_4": "1898",
    "refcode_short": "ARSH June 21,  1898, page 392",
    "refcode_long": "The Advent Review and Sabbath Herald, vol. 75 June 21,  1898, page 392",
    "element_type": "h6",
    "element_subtype": "",
    "content": "III",
    "puborder": 1435,
    "translations": []
  },
  {
    "para_id": "1062.1588",
    "id_prev": "1062.1587",
    "id_next": "1062.1589",
    "refcode_1": "ARSH",
    "refcode_2": "392",
    "refcode_3": "1",
    "refcode_4": "1898",
    "refcode_short": "ARSH June 21,  1898, page 392.1",
    "refcode_long": "The Advent Review and Sabbath Herald, vol. 75 June 21,  1898, page 392 paragraph 1",
    "element_type": "p",
    "element_subtype": "standard-indented",
    "content": "OUR previous lesson closed with a statement of the fact that the stimulating properties in flesh-meats cause them to be <em>not the best</em> food; and that these stimulating properties are greatly increased by the multiplication of impurities in them. The fewer impurities, therefore, the less of a stimulant.",
    "puborder": 1436,
    "translations": []
  },
  {
    "para_id": "1062.1589",
    "id_prev": "1062.1588",
    "id_next": "1062.1590",
    "refcode_1": "ARSH",
    "refcode_2": "392",
    "refcode_3": "2",
    "refcode_4": "1898",
    "refcode_short": "ARSH June 21,  1898, page 392.2",
    "refcode_long": "The Advent Review and Sabbath Herald, vol. 75 June 21,  1898, page 392 paragraph 2",
    "element_type": "p",
    "element_subtype": "standard-indented",
    "content": "There was a time when some flesh-meets were eaten without special harm. At the same time there were, and are yet, certain flesh-meats which were not, and are not, to be eaten at all, because they were not, and are not, fit to be eaten.",
    "puborder": 1437,
    "translations": []
  },
  {
    "para_id": "1062.1590",
    "id_prev": "1062.1589",
    "id_next": "1062.1591",
    "refcode_1": "ARSH",
    "refcode_2": "392",
    "refcode_3": "3",
    "refcode_4": "1898",
    "refcode_short": "ARSH June 21,  1898, page 392.3",
    "refcode_long": "The Advent Review and Sabbath Herald, vol. 75 June 21,  1898, page 392 paragraph 3",
    "element_type": "p",
    "element_subtype": "standard-indented",
    "content": "This distinction between flesh-meats which might be eaten and those which must not be eaten, is laid down in <span class=\"egwlink egwlink_bible\" title=\"Leviticus 11:1\" data-link=\"1965.6103\">Leviticus 11</span> and <span class=\"egwlink egwlink_bible\" title=\"Deuteronomy 14:1\" data-link=\"1965.10757\">Deuteronomy 14</span>. The distinction is made so clear, and by tests so easy to be applied, that everyone who can get hold of the Bible is without excuse in not understanding the subject. As to beasts, the rule is: Whatever is cloven-footed and choose the cut in be eaten. But they must have both of these requirements. Anything that choose the cut only, or is cloven-footed only, or that goes on its paws, is not to be eaten, and never was fit to eat. As to things that are in the sea, the rule is: Whatever has both fins and scales may be eaten. If it has not bowfins and scales, it is not, and never was, good for food. Of winged creatures those that are not good are named, and all others may be eaten.",
    "puborder": 1438,
    "translations": []
  },
  {
    "para_id": "1062.1591",
    "id_prev": "1062.1590",
    "id_next": "1062.1592",
    "refcode_1": "ARSH",
    "refcode_2": "392",
    "refcode_3": "4",
    "refcode_4": "1898",
    "refcode_short": "ARSH June 21,  1898, page 392.4",
    "refcode_long": "The Advent Review and Sabbath Herald, vol. 75 June 21,  1898, page 392 paragraph 4",
    "element_type": "p",
    "element_subtype": "standard-indented",
    "content": "Yet the fact that these things were <em>once</em> eatable does not prove that in all times, and under all circumstances, the same things are good for food. The truth is that the time will come when not a single earthly thing will be good to eat. When the plagues of the wrath of God are poured out upon the earth, and the curse is devouring the earth, death will be in everything that is in the earth; and to eat of any earthly thing then will be only to partake of the elements of death. At that time the Lord himself will supply is people with bread and water, as he did Elijah when he was persecuted and had to flee for his life.",
    "puborder": 1439,
    "translations": []
  },
  {
    "para_id": "1062.1592",
    "id_prev": "1062.1591",
    "id_next": "1062.1593",
    "refcode_1": "ARSH",
    "refcode_2": "392",
    "refcode_3": "5",
    "refcode_4": "1898",
    "refcode_short": "ARSH June 21,  1898, page 392.5",
    "refcode_long": "The Advent Review and Sabbath Herald, vol. 75 June 21,  1898, page 392 paragraph 5",
    "element_type": "p",
    "element_subtype": "standard-indented",
    "content": "As we come nearer to that time, the people of God, under his guidance and instruction, will drawn nearer to the original diet of man. And before probation closes, we shall exclude from our dietary everything that has come into the dietary of man sin entered. And under the influence of this way of living, this people will reach the point, before probation closes, at which, when every earthly thing becomes tainted with death, all can be dropped, and the change made, without inconvenience, to that which the Lord himself will supply.",
    "puborder": 1440,
    "translations": []
  },
  {
    "para_id": "1062.1593",
    "id_prev": "1062.1592",
    "id_next": "1062.1594",
    "refcode_1": "ARSH",
    "refcode_2": "392",
    "refcode_3": "6",
    "refcode_4": "1898",
    "refcode_short": "ARSH June 21,  1898, page 392.6",
    "refcode_long": "The Advent Review and Sabbath Herald, vol. 75 June 21,  1898, page 392 paragraph 6",
    "element_type": "p",
    "element_subtype": "standard-indented",
    "content": "God now gives us instruction and opportunity by which we can fully prepare for this time which we all professed to believe is coming soon, and which <em>is</em> coming soon, whether we profess it or not. Many, at least, of the children of Israel were not prepared for the change from their regular diet in Egypt to that which God supplied in the wilderness. They therefore lusted for the flesh-pots of the Egypt, grew impatient with what they decided was a hard way, murmured against the Lord, and destroyed by the destroyer. And this was written for admonition upon whom the ends of the world are come. Those who will not disregard, all through this time a preparation, the careful instruction that the Lord has so long and so patiently set before us, to fit us for this all-important time that is now so near,&mdash;those who will disregard all this, and live on just what they please, expecting to continue so through the plagues, or expecting suddenly to drop it all, and change to the other in a day or an hour, will, as surely as did the children of Israel, long for the flesh-pots of the former time, grow impatient with &ldquo;the hard way,&rdquo; murmur against the way in which the Lord is leading and at what he is giving, and will, as certainly as were they, be destroyed by the destroyer, and that irrecoverably.",
    "puborder": 1441,
    "translations": []
  },
  {
    "para_id": "1062.1594",
    "id_prev": "1062.1593",
    "id_next": "1062.1595",
    "refcode_1": "ARSH",
    "refcode_2": "392",
    "refcode_3": "7",
    "refcode_4": "1898",
    "refcode_short": "ARSH June 21,  1898, page 392.7",
    "refcode_long": "The Advent Review and Sabbath Herald, vol. 75 June 21,  1898, page 392 paragraph 7",
    "element_type": "p",
    "element_subtype": "standard-indented",
    "content": "If beef were as nearly pure as it was in the time when it could be taken quietly, and fresh from the herd, as by Abraham, as recorded in <span class=\"egwlink egwlink_bible\" title=\"Genesis 18:7\" data-link=\"1965.884\">Genesis 18:7, 8</span>, it would now, in itself, be no more objectionable than it was then. But this can not be so now with one person in a hundred of those who eat it. On the contrary, the beef that is used, except in very few instances, is put through the market in the way, and with the results, described in a previous article. The Testimony says even as much. Here are the words:&mdash;",
    "puborder": 1442,
    "translations": []
  },
  {
    "para_id": "1062.1595",
    "id_prev": "1062.1594",
    "id_next": "1062.1596",
    "refcode_1": "ARSH",
    "refcode_2": "392",
    "refcode_3": "8",
    "refcode_4": "1898",
    "refcode_short": "ARSH June 21,  1898, page 392.8",
    "refcode_long": "The Advent Review and Sabbath Herald, vol. 75 June 21,  1898, page 392 paragraph 8",
    "element_type": "p",
    "element_subtype": "blockquote-indented",
    "content": "&ldquo;Could we know that animals were in perfect health, I would recommend that people eat flesh-meats sooner than larger quantities of milk and sugar. It would not do the injury that milk and sugar do.&rdquo;&mdash;<span class=\"egwlink egwlink_book\" title=\"2T 369.1\" data-link=\"120.1606\">Testimonies for the Church 2:369</span>.",
    "puborder": 1443,
    "translations": []
  },
  {
    "para_id": "1062.1596",
    "id_prev": "1062.1595",
    "id_next": "1062.1597",
    "refcode_1": "ARSH",
    "refcode_2": "392",
    "refcode_3": "9",
    "refcode_4": "1898",
    "refcode_short": "ARSH June 21,  1898, page 392.9",
    "refcode_long": "The Advent Review and Sabbath Herald, vol. 75 June 21,  1898, page 392 paragraph 9",
    "element_type": "p",
    "element_subtype": "standard-indented",
    "content": "Instead of meat being of this character, however, it is the opposite. The animal creation is diseased. Flesh-meat is diseased. And even though it was not diseased when in the herd in the field, by the time it has been put through the course of the market, it is laden with impurities. And the nearer we come to the end, the nearer we come to the time when none of it will be eatable, because of the impure and injurious properties that will abound in it. For this reason, and for the further reason that a change will have to be made, and that suddenly, at the beginning of the plagues, it is <em>now</em> time to take up the instruction that the Lord has given in this matter, and apply it faithfully; that is, in a way <em>full of faith</em>.",
    "puborder": 1444,
    "translations": []
  },
  {
    "para_id": "1062.1597",
    "id_prev": "1062.1596",
    "id_next": "1062.1598",
    "refcode_1": "ARSH",
    "refcode_2": "392",
    "refcode_3": "10",
    "refcode_4": "1898",
    "refcode_short": "ARSH June 21,  1898, page 392.10",
    "refcode_long": "The Advent Review and Sabbath Herald, vol. 75 June 21,  1898, page 392 paragraph 10",
    "element_type": "p",
    "element_subtype": "standard-indented",
    "content": "When the Lord tells us a thing is not good now, and that he does not want us to eat it now, it is not a sufficient answer to say, as many do, &ldquo;It was eatable once, and was allowed in the Bible, and why is it not now?&rdquo; This is no answer at all, for the simple reason that what was eatable and allowable once may not be so now; and what is now good will not be eatable in the time of the plagues; in fact, can not then be eaten at all.",
    "puborder": 1445,
    "translations": []
  },
  {
    "para_id": "1062.1598",
    "id_prev": "1062.1597",
    "id_next": "1062.1599",
    "refcode_1": "ARSH",
    "refcode_2": "392",
    "refcode_3": "11",
    "refcode_4": "1898",
    "refcode_short": "ARSH June 21,  1898, page 392.11",
    "refcode_long": "The Advent Review and Sabbath Herald, vol. 75 June 21,  1898, page 392 paragraph 11",
    "element_type": "p",
    "element_subtype": "standard-indented",
    "content": "Whether we can see <em>why</em> these things are not good, or whether the Lord ever tells us <em>why</em>, can have no proper bearing in the case. The Lord says such and such things are not good food in this time; and if we are willing to allow that he knows more than we do, we shall be willing to take his word for it, and drop the use of that which he says is not good, taking, in its place, that which he says is not only good, but <em>the best</em>.",
    "puborder": 1446,
    "translations": []
  },
  {
    "para_id": "1062.1599",
    "id_prev": "1062.1598",
    "id_next": "1062.1601",
    "refcode_1": "ARSH",
    "refcode_2": "392",
    "refcode_3": "12",
    "refcode_4": "1898",
    "refcode_short": "ARSH June 21,  1898, page 392.12",
    "refcode_long": "The Advent Review and Sabbath Herald, vol. 75 June 21,  1898, page 392 paragraph 12",
    "element_type": "p",
    "element_subtype": "standard-indented",
    "content": "And where the reason is given as to why certain things are not good food, do not try to offset it by saying, &ldquo;If that is so, why does such and such a person use it?&rdquo; Just leave out all that part of it, and accept it or reject it for <em>yourself alone</em>. Do not try to regulate what the Lord would have <em>you</em> do, by citing what somebody else does. Do not forget that the health reform work is an individual work, and each one is to apply it in his own case, for himself alone. This is what you and I are to do; and whether other people do it or not is for them, not for us, to decide.",
    "puborder": 1447,
    "translations": []
  },
  {
    "para_id": "1062.1601",
    "id_prev": "1062.1599",
    "id_next": "1062.1602",
    "refcode_1": "ARSH",
    "refcode_2": "396",
    "refcode_3": "",
    "refcode_4": "1898",
    "refcode_short": "ARSH June 21,  1898, page 396",
    "refcode_long": "The Advent Review and Sabbath Herald, vol. 75 June 21,  1898, page 396",
    "element_type": "h5",
    "element_subtype": "",
    "content": "&ldquo;Editorial&rdquo; The Advent Review and Sabbath Herald 75, 26, p. 396.",
    "puborder": 1448,
    "translations": []
  },
  {
    "para_id": "1062.1602",
    "id_prev": "1062.1601",
    "id_next": "1062.1603",
    "refcode_1": "ARSH",
    "refcode_2": "396",
    "refcode_3": "1",
    "refcode_4": "1898",
    "refcode_short": "ARSH June 21,  1898, page 396.1",
    "refcode_long": "The Advent Review and Sabbath Herald, vol. 75 June 21,  1898, page 396 paragraph 1",
    "element_type": "p",
    "element_subtype": "standard-indented",
    "content": "OF the angels it is written, &ldquo;Are they not all ministering spirits, sent forth to minister for them who shall be heirs of salvation?&rdquo;",
    "puborder": 1449,
    "translations": []
  },
  {
    "para_id": "1062.1603",
    "id_prev": "1062.1602",
    "id_next": "1062.1604",
    "refcode_1": "ARSH",
    "refcode_2": "396",
    "refcode_3": "2",
    "refcode_4": "1898",
    "refcode_short": "ARSH June 21,  1898, page 396.2",
    "refcode_long": "The Advent Review and Sabbath Herald, vol. 75 June 21,  1898, page 396 paragraph 2",
    "element_type": "p",
    "element_subtype": "standard-indented",
    "content": "Yet in this ministration the angels go only as they are directed by the Spirit of God; for it is written, &ldquo;Whither the Spirit was to go, they went.&rdquo;",
    "puborder": 1450,
    "translations": []
  },
  {
    "para_id": "1062.1604",
    "id_prev": "1062.1603",
    "id_next": "1062.1605",
    "refcode_1": "ARSH",
    "refcode_2": "396",
    "refcode_3": "3",
    "refcode_4": "1898",
    "refcode_short": "ARSH June 21,  1898, page 396.3",
    "refcode_long": "The Advent Review and Sabbath Herald, vol. 75 June 21,  1898, page 396 paragraph 3",
    "element_type": "p",
    "element_subtype": "standard-indented",
    "content": "Now to men is written, &ldquo;As every man hath received the gift, and even so minister the same one to another, as good stewards of the manifold grace of God.&rdquo;",
    "puborder": 1451,
    "translations": []
  },
  {
    "para_id": "1062.1605",
    "id_prev": "1062.1604",
    "id_next": "1062.1606",
    "refcode_1": "ARSH",
    "refcode_2": "396",
    "refcode_3": "4",
    "refcode_4": "1898",
    "refcode_short": "ARSH June 21,  1898, page 396.4",
    "refcode_long": "The Advent Review and Sabbath Herald, vol. 75 June 21,  1898, page 396 paragraph 4",
    "element_type": "p",
    "element_subtype": "standard-indented",
    "content": "Thus men who are partakers of the grace of God, which brings salvation, are engaged in the same ministration has are the angels.",
    "puborder": 1452,
    "translations": []
  },
  {
    "para_id": "1062.1606",
    "id_prev": "1062.1605",
    "id_next": "1062.1607",
    "refcode_1": "ARSH",
    "refcode_2": "396",
    "refcode_3": "5",
    "refcode_4": "1898",
    "refcode_short": "ARSH June 21,  1898, page 396.5",
    "refcode_long": "The Advent Review and Sabbath Herald, vol. 75 June 21,  1898, page 396 paragraph 5",
    "element_type": "p",
    "element_subtype": "standard-indented",
    "content": "And as the angels engaged in this ministration only as they are directed by the Spirit of God, then how can any human being engage in it, except as <em>he</em> is directed by the Spirit of God?",
    "puborder": 1453,
    "translations": []
  },
  {
    "para_id": "1062.1607",
    "id_prev": "1062.1606",
    "id_next": "1062.1608",
    "refcode_1": "ARSH",
    "refcode_2": "396",
    "refcode_3": "6",
    "refcode_4": "1898",
    "refcode_short": "ARSH June 21,  1898, page 396.6",
    "refcode_long": "The Advent Review and Sabbath Herald, vol. 75 June 21,  1898, page 396 paragraph 6",
    "element_type": "p",
    "element_subtype": "standard-indented",
    "content": "As the angels, to perform this ministration according to the will of God, must be directed by the Spirit of God, how much more must we, who are so far less in power, in might, and in holiness, conveyed to perform the like ministration according to will of God,&mdash;how much more must be the directed by the Spirit of God!",
    "puborder": 1454,
    "translations": []
  },
  {
    "para_id": "1062.1608",
    "id_prev": "1062.1607",
    "id_next": "1062.1609",
    "refcode_1": "ARSH",
    "refcode_2": "396",
    "refcode_3": "7",
    "refcode_4": "1898",
    "refcode_short": "ARSH June 21,  1898, page 396.7",
    "refcode_long": "The Advent Review and Sabbath Herald, vol. 75 June 21,  1898, page 396 paragraph 7",
    "element_type": "p",
    "element_subtype": "standard-indented",
    "content": "How all-important, then, it is that all who profess to be God&rsquo;s people shall receive, shall be <em>baptized</em> with, the Holy Spirit!",
    "puborder": 1455,
    "translations": []
  },
  {
    "para_id": "1062.1609",
    "id_prev": "1062.1608",
    "id_next": "1062.1610",
    "refcode_1": "ARSH",
    "refcode_2": "396",
    "refcode_3": "8",
    "refcode_4": "1898",
    "refcode_short": "ARSH June 21,  1898, page 396.8",
    "refcode_long": "The Advent Review and Sabbath Herald, vol. 75 June 21,  1898, page 396 paragraph 8",
    "element_type": "p",
    "element_subtype": "standard-indented",
    "content": "Without this what can we do? How all-important the message which now the Lord sends to is people, &ldquo;Receive ye the Holy Ghost&rdquo;!",
    "puborder": 1456,
    "translations": []
  },
  {
    "para_id": "1062.1610",
    "id_prev": "1062.1609",
    "id_next": "1062.1612",
    "refcode_1": "ARSH",
    "refcode_2": "396",
    "refcode_3": "9",
    "refcode_4": "1898",
    "refcode_short": "ARSH June 21,  1898, page 396.9",
    "refcode_long": "The Advent Review and Sabbath Herald, vol. 75 June 21,  1898, page 396 paragraph 9",
    "element_type": "p",
    "element_subtype": "standard-indented",
    "content": "&ldquo;Ask, and it shall be given you.&rdquo; &ldquo;Receive ye the Holy Ghost.&rdquo;",
    "puborder": 1457,
    "translations": []
  },
  {
    "para_id": "1062.1612",
    "id_prev": "1062.1610",
    "id_next": "1062.1613",
    "refcode_1": "ARSH",
    "refcode_2": "396",
    "refcode_3": "",
    "refcode_4": "1898",
    "refcode_short": "ARSH June 21,  1898, page 396",
    "refcode_long": "The Advent Review and Sabbath Herald, vol. 75 June 21,  1898, page 396",
    "element_type": "h5",
    "element_subtype": "",
    "content": "&ldquo;Editorial Note&rdquo; The Advent Review and Sabbath Herald 75, 26, p. 396.",
    "puborder": 1458,
    "translations": []
  },
  {
    "para_id": "1062.1613",
    "id_prev": "1062.1612",
    "id_next": "1062.1614",
    "refcode_1": "ARSH",
    "refcode_2": "396",
    "refcode_3": "1",
    "refcode_4": "1898",
    "refcode_short": "ARSH June 21,  1898, page 396.1",
    "refcode_long": "The Advent Review and Sabbath Herald, vol. 75 June 21,  1898, page 396 paragraph 1",
    "element_type": "p",
    "element_subtype": "standard-indented",
    "content": "IT is promised, &ldquo;They shall walk with me in white: for they are worthy.&rdquo;",
    "puborder": 1459,
    "translations": []
  },
  {
    "para_id": "1062.1614",
    "id_prev": "1062.1613",
    "id_next": "1062.1615",
    "refcode_1": "ARSH",
    "refcode_2": "396",
    "refcode_3": "2",
    "refcode_4": "1898",
    "refcode_short": "ARSH June 21,  1898, page 396.2",
    "refcode_long": "The Advent Review and Sabbath Herald, vol. 75 June 21,  1898, page 396 paragraph 2",
    "element_type": "p",
    "element_subtype": "standard-indented",
    "content": "And this promise is just as good for us now, just as true to us to-day, as it ever will be.",
    "puborder": 1460,
    "translations": []
  },
  {
    "para_id": "1062.1615",
    "id_prev": "1062.1614",
    "id_next": "1062.1616",
    "refcode_1": "ARSH",
    "refcode_2": "396",
    "refcode_3": "3",
    "refcode_4": "1898",
    "refcode_short": "ARSH June 21,  1898, page 396.3",
    "refcode_long": "The Advent Review and Sabbath Herald, vol. 75 June 21,  1898, page 396 paragraph 3",
    "element_type": "p",
    "element_subtype": "standard-indented",
    "content": "For &ldquo;all the promises of God in him are Yea, and in him Amen,&rdquo; and &ldquo;<em>now</em> is the accepted time; behold, <em>now</em> is the day of salvation.&rdquo;",
    "puborder": 1461,
    "translations": []
  },
  {
    "para_id": "1062.1616",
    "id_prev": "1062.1615",
    "id_next": "1062.1617",
    "refcode_1": "ARSH",
    "refcode_2": "396",
    "refcode_3": "4",
    "refcode_4": "1898",
    "refcode_short": "ARSH June 21,  1898, page 396.4",
    "refcode_long": "The Advent Review and Sabbath Herald, vol. 75 June 21,  1898, page 396 paragraph 4",
    "element_type": "p",
    "element_subtype": "standard-indented",
    "content": "<em>Now</em>, therefore, is the time to walk with him in white.",
    "puborder": 1462,
    "translations": []
  },
  {
    "para_id": "1062.1617",
    "id_prev": "1062.1616",
    "id_next": "1062.1618",
    "refcode_1": "ARSH",
    "refcode_2": "396",
    "refcode_3": "5",
    "refcode_4": "1898",
    "refcode_short": "ARSH June 21,  1898, page 396.5",
    "refcode_long": "The Advent Review and Sabbath Herald, vol. 75 June 21,  1898, page 396 paragraph 5",
    "element_type": "p",
    "element_subtype": "standard-indented",
    "content": "And why not <em>now?</em>",
    "puborder": 1463,
    "translations": []
  },
  {
    "para_id": "1062.1618",
    "id_prev": "1062.1617",
    "id_next": "1062.1619",
    "refcode_1": "ARSH",
    "refcode_2": "396",
    "refcode_3": "6",
    "refcode_4": "1898",
    "refcode_short": "ARSH June 21,  1898, page 396.6",
    "refcode_long": "The Advent Review and Sabbath Herald, vol. 75 June 21,  1898, page 396 paragraph 6",
    "element_type": "p",
    "element_subtype": "standard-indented",
    "content": "Is it not written, &ldquo;Though your sins be as scarlet, they shall be as white as snow&rdquo;? And is not this <em>now?</em>&mdash;Yes, bless the Lord!",
    "puborder": 1464,
    "translations": []
  },
  {
    "para_id": "1062.1619",
    "id_prev": "1062.1618",
    "id_next": "1062.1620",
    "refcode_1": "ARSH",
    "refcode_2": "396",
    "refcode_3": "7",
    "refcode_4": "1898",
    "refcode_short": "ARSH June 21,  1898, page 396.7",
    "refcode_long": "The Advent Review and Sabbath Herald, vol. 75 June 21,  1898, page 396 paragraph 7",
    "element_type": "p",
    "element_subtype": "standard-indented",
    "content": "Is it not written, &ldquo;He hath clothed the with the garments of salvation; he hath covered me with the robe righteousness&rdquo;? and is not &ldquo;the righteousness of saints&rdquo; declared to be as &ldquo;fine linen, clean and white&rdquo;? And does he not cover us with this robe of righteousness <em>now?</em>&mdash;Yes, blessed be the name of the Lord!",
    "puborder": 1465,
    "translations": []
  },
  {
    "para_id": "1062.1620",
    "id_prev": "1062.1619",
    "id_next": "1062.1621",
    "refcode_1": "ARSH",
    "refcode_2": "396",
    "refcode_3": "8",
    "refcode_4": "1898",
    "refcode_short": "ARSH June 21,  1898, page 396.8",
    "refcode_long": "The Advent Review and Sabbath Herald, vol. 75 June 21,  1898, page 396 paragraph 8",
    "element_type": "p",
    "element_subtype": "standard-indented",
    "content": "Then is not <em>now</em> the time to walk with him in white?&mdash;Yes, glory be to God!",
    "puborder": 1466,
    "translations": []
  },
  {
    "para_id": "1062.1621",
    "id_prev": "1062.1620",
    "id_next": "1062.1622",
    "refcode_1": "ARSH",
    "refcode_2": "396",
    "refcode_3": "9",
    "refcode_4": "1898",
    "refcode_short": "ARSH June 21,  1898, page 396.9",
    "refcode_long": "The Advent Review and Sabbath Herald, vol. 75 June 21,  1898, page 396 paragraph 9",
    "element_type": "p",
    "element_subtype": "standard-indented",
    "content": "Come along, then.",
    "puborder": 1467,
    "translations": []
  },
  {
    "para_id": "1062.1622",
    "id_prev": "1062.1621",
    "id_next": "1062.1623",
    "refcode_1": "ARSH",
    "refcode_2": "396",
    "refcode_3": "10",
    "refcode_4": "1898",
    "refcode_short": "ARSH June 21,  1898, page 396.10",
    "refcode_long": "The Advent Review and Sabbath Herald, vol. 75 June 21,  1898, page 396 paragraph 10",
    "element_type": "p",
    "element_subtype": "standard-indented",
    "content": "Let him <em>just not</em> make your sins as white as snow, that you may walk with him in white.",
    "puborder": 1468,
    "translations": []
  },
  {
    "para_id": "1062.1623",
    "id_prev": "1062.1622",
    "id_next": "1062.1624",
    "refcode_1": "ARSH",
    "refcode_2": "396",
    "refcode_3": "11",
    "refcode_4": "1898",
    "refcode_short": "ARSH June 21,  1898, page 396.11",
    "refcode_long": "The Advent Review and Sabbath Herald, vol. 75 June 21,  1898, page 396 paragraph 11",
    "element_type": "p",
    "element_subtype": "standard-indented",
    "content": "Let him <em>just now</em> wash you so that you shall be whiter than snow, so then you can walk with him in white.",
    "puborder": 1469,
    "translations": []
  },
  {
    "para_id": "1062.1624",
    "id_prev": "1062.1623",
    "id_next": "1062.1625",
    "refcode_1": "ARSH",
    "refcode_2": "396",
    "refcode_3": "12",
    "refcode_4": "1898",
    "refcode_short": "ARSH June 21,  1898, page 396.12",
    "refcode_long": "The Advent Review and Sabbath Herald, vol. 75 June 21,  1898, page 396 paragraph 12",
    "element_type": "p",
    "element_subtype": "standard-indented",
    "content": "Let him <em>just now</em> put upon you the robe of righteousness, as of fine linen, clean and white, that you may walk with him in white.",
    "puborder": 1470,
    "translations": []
  },
  {
    "para_id": "1062.1625",
    "id_prev": "1062.1624",
    "id_next": "1062.1626",
    "refcode_1": "ARSH",
    "refcode_2": "396",
    "refcode_3": "13",
    "refcode_4": "1898",
    "refcode_short": "ARSH June 21,  1898, page 396.13",
    "refcode_long": "The Advent Review and Sabbath Herald, vol. 75 June 21,  1898, page 396 paragraph 13",
    "element_type": "p",
    "element_subtype": "standard-indented",
    "content": "&ldquo;I will greatly rejoice in the Lord, my soul shall be joyful in my God; for he hath clothed me with the garments of salvation, he hath covered me with the robe of righteousness, as a bridegroom decketh himself with ornaments, and as a bride adorneth herself with her jewels.&rdquo;",
    "puborder": 1471,
    "translations": []
  },
  {
    "para_id": "1062.1626",
    "id_prev": "1062.1625",
    "id_next": "1062.1627",
    "refcode_1": "ARSH",
    "refcode_2": "396",
    "refcode_3": "14",
    "refcode_4": "1898",
    "refcode_short": "ARSH June 21,  1898, page 396.14",
    "refcode_long": "The Advent Review and Sabbath Herald, vol. 75 June 21,  1898, page 396 paragraph 14",
    "element_type": "p",
    "element_subtype": "standard-indented",
    "content": "If we do not walk with him and white now, when shall we ever?",
    "puborder": 1472,
    "translations": []
  },
  {
    "para_id": "1062.1627",
    "id_prev": "1062.1626",
    "id_next": "1062.1628",
    "refcode_1": "ARSH",
    "refcode_2": "396",
    "refcode_3": "15",
    "refcode_4": "1898",
    "refcode_short": "ARSH June 21,  1898, page 396.15",
    "refcode_long": "The Advent Review and Sabbath Herald, vol. 75 June 21,  1898, page 396 paragraph 15",
    "element_type": "p",
    "element_subtype": "standard-indented",
    "content": "If we do walk with him in white here, how shall we hereafter?",
    "puborder": 1473,
    "translations": []
  },
  {
    "para_id": "1062.1628",
    "id_prev": "1062.1627",
    "id_next": "1062.1629",
    "refcode_1": "ARSH",
    "refcode_2": "396",
    "refcode_3": "16",
    "refcode_4": "1898",
    "refcode_short": "ARSH June 21,  1898, page 396.16",
    "refcode_long": "The Advent Review and Sabbath Herald, vol. 75 June 21,  1898, page 396 paragraph 16",
    "element_type": "p",
    "element_subtype": "standard-indented",
    "content": "No, no; <em>now</em> is the accepted time, <em>now</em> is the day of salvation. And now it is that we must walk with him in white.",
    "puborder": 1474,
    "translations": []
  },
  {
    "para_id": "1062.1629",
    "id_prev": "1062.1628",
    "id_next": "1062.1630",
    "refcode_1": "ARSH",
    "refcode_2": "396",
    "refcode_3": "17",
    "refcode_4": "1898",
    "refcode_short": "ARSH June 21,  1898, page 396.17",
    "refcode_long": "The Advent Review and Sabbath Herald, vol. 75 June 21,  1898, page 396 paragraph 17",
    "element_type": "p",
    "element_subtype": "standard-indented",
    "content": "&ldquo;They shall walk with me in white; for they are worthy.&rdquo;",
    "puborder": 1475,
    "translations": []
  },
  {
    "para_id": "1062.1630",
    "id_prev": "1062.1629",
    "id_next": "1062.1631",
    "refcode_1": "ARSH",
    "refcode_2": "396",
    "refcode_3": "18",
    "refcode_4": "1898",
    "refcode_short": "ARSH June 21,  1898, page 396.18",
    "refcode_long": "The Advent Review and Sabbath Herald, vol. 75 June 21,  1898, page 396 paragraph 18",
    "element_type": "p",
    "element_subtype": "standard-indented",
    "content": "Bless the Lord, and &ldquo;blessed be his glorious name for ever and ever&rdquo;!",
    "puborder": 1476,
    "translations": []
  },
  {
    "para_id": "1062.1631",
    "id_prev": "1062.1630",
    "id_next": "1062.1633",
    "refcode_1": "ARSH",
    "refcode_2": "396",
    "refcode_3": "19",
    "refcode_4": "1898",
    "refcode_short": "ARSH June 21,  1898, page 396.19",
    "refcode_long": "The Advent Review and Sabbath Herald, vol. 75 June 21,  1898, page 396 paragraph 19",
    "element_type": "p",
    "element_subtype": "standard-indented",
    "content": "He says it. And it is so.",
    "puborder": 1477,
    "translations": []
  },
  {
    "para_id": "1062.1633",
    "id_prev": "1062.1631",
    "id_next": "1062.1634",
    "refcode_1": "ARSH",
    "refcode_2": "396",
    "refcode_3": "",
    "refcode_4": "1898",
    "refcode_short": "ARSH June 21,  1898, page 396",
    "refcode_long": "The Advent Review and Sabbath Herald, vol. 75 June 21,  1898, page 396",
    "element_type": "h5",
    "element_subtype": "",
    "content": "&ldquo;Passing Events&rdquo; The Advent Review and Sabbath Herald 75, 26, p. 396.",
    "puborder": 1478,
    "translations": []
  },
  {
    "para_id": "1062.1634",
    "id_prev": "1062.1633",
    "id_next": "1062.1635",
    "refcode_1": "ARSH",
    "refcode_2": "396",
    "refcode_3": "1",
    "refcode_4": "1898",
    "refcode_short": "ARSH June 21,  1898, page 396.1",
    "refcode_long": "The Advent Review and Sabbath Herald, vol. 75 June 21,  1898, page 396 paragraph 1",
    "element_type": "p",
    "element_subtype": "standard-indented",
    "content": "IN connection with the present difficulty between Spain and the United States, there are matters of greater interest than the war itself. There are incidents of the controversy, developments from the main issue, which really mean more, and which, in the end, will be found of greater moment, than the main question, in itself.",
    "puborder": 1479,
    "translations": []
  },
  {
    "para_id": "1062.1635",
    "id_prev": "1062.1634",
    "id_next": "1062.1636",
    "refcode_1": "ARSH",
    "refcode_2": "396",
    "refcode_3": "2",
    "refcode_4": "1898",
    "refcode_short": "ARSH June 21,  1898, page 396.2",
    "refcode_long": "The Advent Review and Sabbath Herald, vol. 75 June 21,  1898, page 396 paragraph 2",
    "element_type": "p",
    "element_subtype": "standard-indented",
    "content": "Already there have been developments which, to the student of the third angel&rsquo;s message, are deep interest; and others of no less importance may be expected. It is our province to call attention to these, and to the best of our ability we shall do so, and so keep our readers informed upon the matters which really most concern the people of God, who are looking for the coming of the Lord.",
    "puborder": 1480,
    "translations": []
  },
  {
    "para_id": "1062.1636",
    "id_prev": "1062.1635",
    "id_next": "1062.1637",
    "refcode_1": "ARSH",
    "refcode_2": "396",
    "refcode_3": "3",
    "refcode_4": "1898",
    "refcode_short": "ARSH June 21,  1898, page 396.3",
    "refcode_long": "The Advent Review and Sabbath Herald, vol. 75 June 21,  1898, page 396 paragraph 3",
    "element_type": "p",
    "element_subtype": "standard-indented",
    "content": "Every one acquainted with third angel&rsquo;s message, with the truth of God for the last times, knows that the papacy is to perform no small part in the affairs of the United States. And every one knows that in this direction great strides in and made both by the nation and by the papacy in a few years past, especially in the World&rsquo;s Fair times. And <em>now</em>, and this time, scarcely had the question between Spain and the United States become really serious before the papacy appeared upon the saloon, and executed a stroke which she has had steadily in view for years. This movement is an interesting study.",
    "puborder": 1481,
    "translations": []
  },
  {
    "para_id": "1062.1637",
    "id_prev": "1062.1636",
    "id_next": "1062.1638",
    "refcode_1": "ARSH",
    "refcode_2": "396",
    "refcode_3": "4",
    "refcode_4": "1898",
    "refcode_short": "ARSH June 21,  1898, page 396.4",
    "refcode_long": "The Advent Review and Sabbath Herald, vol. 75 June 21,  1898, page 396 paragraph 4",
    "element_type": "p",
    "element_subtype": "standard-indented",
    "content": "It will be remembered by all that early in May a message was expected from the president of Congress and the country, that would mark the crisis on the Spanish-Cuban question. It will be also remembered by all this expected message was promised and postponed several times. And it will be remembered that at last that expected, and promised, and postponed message was promised certainly on a certain day; that Congress assembled in full expectation of receiving the message, the galleries also being packed in expectation; and that Congress sat there in silence and in a strained expectation that was almost unbearable, and in which the whole country joined, for a full hour or more of, only to be informed, finally, the message with and be presented that day.",
    "puborder": 1482,
    "translations": []
  },
  {
    "para_id": "1062.1638",
    "id_prev": "1062.1637",
    "id_next": "1062.1639",
    "refcode_1": "ARSH",
    "refcode_2": "396",
    "refcode_3": "5",
    "refcode_4": "1898",
    "refcode_short": "ARSH June 21,  1898, page 396.5",
    "refcode_long": "The Advent Review and Sabbath Herald, vol. 75 June 21,  1898, page 396 paragraph 5",
    "element_type": "p",
    "element_subtype": "standard-indented",
    "content": "The explanation that was offered in behalf of this most remarkable performance was that at the last moment General Lee in Havana had requested that the message be delayed, because the presentation of it would endanger the lives of American citizens in Havana.",
    "puborder": 1483,
    "translations": []
  },
  {
    "para_id": "1062.1639",
    "id_prev": "1062.1638",
    "id_next": "1062.1640",
    "refcode_1": "ARSH",
    "refcode_2": "396",
    "refcode_3": "6",
    "refcode_4": "1898",
    "refcode_short": "ARSH June 21,  1898, page 396.6",
    "refcode_long": "The Advent Review and Sabbath Herald, vol. 75 June 21,  1898, page 396 paragraph 6",
    "element_type": "p",
    "element_subtype": "standard-indented",
    "content": "But in the United States Senate, only a few days afterward, Senator Turner, of Washington, standing in his place, &ldquo;charged that the delay was not due to the request of General Lee, but to the fact that Archbishop Ireland had cabled to the Vatican in the hope that the holy father might be able to bring about a peaceful solution of the difficulty. The President was waiting upon the pope to secure that which American diplomacy had failed to obtain.&rdquo;",
    "puborder": 1484,
    "translations": []
  },
  {
    "para_id": "1062.1640",
    "id_prev": "1062.1639",
    "id_next": "1062.1641",
    "refcode_1": "ARSH",
    "refcode_2": "396",
    "refcode_3": "7",
    "refcode_4": "1898",
    "refcode_short": "ARSH June 21,  1898, page 396.7",
    "refcode_long": "The Advent Review and Sabbath Herald, vol. 75 June 21,  1898, page 396 paragraph 7",
    "element_type": "p",
    "element_subtype": "standard-indented",
    "content": "That a United States senator, speaking upon a question so grave as to be known by all to involve war between nations, would say such a thing as this at random, is not to be believed.",
    "puborder": 1485,
    "translations": []
  },
  {
    "para_id": "1062.1641",
    "id_prev": "1062.1640",
    "id_next": "1062.1642",
    "refcode_1": "ARSH",
    "refcode_2": "396",
    "refcode_3": "8",
    "refcode_4": "1898",
    "refcode_short": "ARSH June 21,  1898, page 396.8",
    "refcode_long": "The Advent Review and Sabbath Herald, vol. 75 June 21,  1898, page 396 paragraph 8",
    "element_type": "p",
    "element_subtype": "standard-indented",
    "content": "The truth of the charge is favored by the fact that though the message was withheld professedly because the publication of it that day &ldquo;would endanger the lives of American citizens in Cuba,&rdquo; yet when it was made public, <em>unaltered</em>, a week later, there was not in it a single sentence that could, by any conceivable construction, stir up any spirit that would in any way endanger the life of any American citizen. The <em>World</em> asked the President or anybody else to point out in that message any single sentence that would have endangered the lives of Americans in Cuba had it been published the day it was promised, and Congress and the country sat in suspense waiting for it.",
    "puborder": 1486,
    "translations": []
  },
  {
    "para_id": "1062.1642",
    "id_prev": "1062.1641",
    "id_next": "1062.1643",
    "refcode_1": "ARSH",
    "refcode_2": "396",
    "refcode_3": "9",
    "refcode_4": "1898",
    "refcode_short": "ARSH June 21,  1898, page 396.9",
    "refcode_long": "The Advent Review and Sabbath Herald, vol. 75 June 21,  1898, page 396 paragraph 9",
    "element_type": "p",
    "element_subtype": "standard-indented",
    "content": "Another pointer in favor of Senator Turner&rsquo;s charge is the statement of the Washington correspondent of the Chicago <em>Times-Herald</em>, April 14, that &ldquo;Archbishop Ireland was again active to-day in the cause of peace, rushing from one embassy to another and from legation to legation, spending much time at the French minister&rsquo;s house, and an hour with the envoy of Austria-Hungary, in one last effort to preserve peace.&rdquo;",
    "puborder": 1487,
    "translations": []
  },
  {
    "para_id": "1062.1643",
    "id_prev": "1062.1642",
    "id_next": "1062.1644",
    "refcode_1": "ARSH",
    "refcode_2": "396",
    "refcode_3": "10",
    "refcode_4": "1898",
    "refcode_short": "ARSH June 21,  1898, page 396.10",
    "refcode_long": "The Advent Review and Sabbath Herald, vol. 75 June 21,  1898, page 396 paragraph 10",
    "element_type": "p",
    "element_subtype": "standard-indented",
    "content": "Another strong point in favor of the truth of Senator Turner&rsquo;s charge is the fact that no denial of it was made at the time, nor has there been since.",
    "puborder": 1488,
    "translations": []
  },
  {
    "para_id": "1062.1644",
    "id_prev": "1062.1643",
    "id_next": "1062.1645",
    "refcode_1": "ARSH",
    "refcode_2": "396",
    "refcode_3": "11",
    "refcode_4": "1898",
    "refcode_short": "ARSH June 21,  1898, page 396.11",
    "refcode_long": "The Advent Review and Sabbath Herald, vol. 75 June 21,  1898, page 396 paragraph 11",
    "element_type": "p",
    "element_subtype": "standard-indented",
    "content": "It is well known that no effort was ever made by either the pope or Archbishop Ireland to secure peace between Spain and the Cubans: and also that there would have been no such effort at this time were it not for the strong prospect of Cuba&rsquo;s being lost to Spain. Under Spanish rule, the Church of Rome has governmental support and a practical monopoly in Cuba. The moment Cuba is lost to Spain, and is free,&mdash;that moment Rome finds her governmental power there vanished.",
    "puborder": 1489,
    "translations": []
  },
  {
    "para_id": "1062.1645",
    "id_prev": "1062.1644",
    "id_next": "1062.1646",
    "refcode_1": "ARSH",
    "refcode_2": "396",
    "refcode_3": "12",
    "refcode_4": "1898",
    "refcode_short": "ARSH June 21,  1898, page 396.12",
    "refcode_long": "The Advent Review and Sabbath Herald, vol. 75 June 21,  1898, page 396 paragraph 12",
    "element_type": "p",
    "element_subtype": "standard-indented",
    "content": "Thus it was not peace for the sake of peace, but peace for the sake of <em>power and revenue</em>, that Archbishop Ireland and the pope were so busily working for just as Cuba was about to be free.",
    "puborder": 1490,
    "translations": []
  },
  {
    "para_id": "1062.1646",
    "id_prev": "1062.1645",
    "id_next": "1062.1648",
    "refcode_1": "ARSH",
    "refcode_2": "396",
    "refcode_3": "13",
    "refcode_4": "1898",
    "refcode_short": "ARSH June 21,  1898, page 396.13",
    "refcode_long": "The Advent Review and Sabbath Herald, vol. 75 June 21,  1898, page 396 paragraph 13",
    "element_type": "p",
    "element_subtype": "standard-indented",
    "content": "That, through the President, Archbishop Ireland and the pope should, in such a cause, or in any other, be able to play pitch and toss and peek-a-boo with the Congress and people of the United States, is sufficiently suggestive to cause any thinking person most seriously to think.",
    "puborder": 1491,
    "translations": []
  },
  {
    "para_id": "1062.1648",
    "id_prev": "1062.1646",
    "id_next": "1062.1649",
    "refcode_1": "ARSH",
    "refcode_2": "397",
    "refcode_3": "1",
    "refcode_4": "1898",
    "refcode_short": "ARSH June 21,  1898, page 397.1",
    "refcode_long": "The Advent Review and Sabbath Herald, vol. 75 June 21,  1898, page 397 paragraph 1",
    "element_type": "p",
    "element_subtype": "standard-indented",
    "content": "There is <em>much</em> more to this: but one thing more just now is that it can be remembered in this connection that Archbishop Ireland dictated to the St. Louis Convention, two years ago.",
    "puborder": 1492,
    "translations": []
  },
  {
    "para_id": "1062.1649",
    "id_prev": "1062.1648",
    "id_next": "1062.1650",
    "refcode_1": "ARSH",
    "refcode_2": "397",
    "refcode_3": "2",
    "refcode_4": "1898",
    "refcode_short": "ARSH June 21,  1898, page 397.2",
    "refcode_long": "The Advent Review and Sabbath Herald, vol. 75 June 21,  1898, page 397 paragraph 2",
    "element_type": "p",
    "element_subtype": "standard-indented",
    "content": "And all this shows the power of Rome in the United States.",
    "puborder": 1493,
    "translations": []
  }
]