[
  {
    "para_id": "14064.6484001",
    "id_prev": "14064.13134003",
    "id_next": "14064.6484005",
    "refcode_1": "14LtMs",
    "refcode_2": "1",
    "refcode_3": "",
    "refcode_4": "1899107300",
    "refcode_short": "14LtMs, Ms 73, 1899",
    "refcode_long": "Letters and Manuscripts — Volume 14 (1899), Ms 73, 1899",
    "element_type": "h4",
    "element_subtype": "",
    "content": "Ms 73, 1899",
    "puborder": 7278,
    "translations": []
  },
  {
    "para_id": "14064.6484005",
    "id_prev": "14064.6484001",
    "id_next": "14064.6484002",
    "refcode_1": "14LtMs",
    "refcode_2": "1",
    "refcode_3": "",
    "refcode_4": "1899107300",
    "refcode_short": "",
    "refcode_long": "",
    "element_type": "p",
    "element_subtype": "mstitle",
    "content": "&ldquo;Abide in Me.&rdquo;",
    "puborder": 7279,
    "translations": []
  },
  {
    "para_id": "14064.6484002",
    "id_prev": "14064.6484005",
    "id_next": "14064.6484003",
    "refcode_1": "14LtMs",
    "refcode_2": "1",
    "refcode_3": "",
    "refcode_4": "1899107300",
    "refcode_short": "",
    "refcode_long": "",
    "element_type": "p",
    "element_subtype": "msplace",
    "content": "<span class=\"msplace\" value=\"NP\">NP</span>",
    "puborder": 7280,
    "translations": []
  },
  {
    "para_id": "14064.6484003",
    "id_prev": "14064.6484002",
    "id_next": "14064.6484006",
    "refcode_1": "14LtMs",
    "refcode_2": "1",
    "refcode_3": "",
    "refcode_4": "1899107300",
    "refcode_short": "",
    "refcode_long": "",
    "element_type": "p",
    "element_subtype": "msdate",
    "content": "<span class=\"msdate\" start=\"May 11, 1899\">May 11, 1899</span> [typed]",
    "puborder": 7281,
    "translations": []
  },
  {
    "para_id": "14064.6484006",
    "id_prev": "14064.6484003",
    "id_next": "14064.6484007",
    "refcode_1": "14LtMs",
    "refcode_2": "1",
    "refcode_3": "",
    "refcode_4": "1899107300",
    "refcode_short": "",
    "refcode_long": "",
    "element_type": "p",
    "element_subtype": "mspubinfo",
    "content": "Portions of this manuscript are published in <span class=\"egwlink egwlink_book\" title=\"TDG 140\" data-link=\"149.1020\">TDG 140</span>. +<sup class=\"footnote\"><a class=\"footnote\">Note<span class=\"footnote\">One or more typed copies of this document contain additional Ellen White handwritten interlineations which may be viewed at the main office of the Ellen G. White Estate.</span></a></sup>",
    "puborder": 7282,
    "translations": []
  },
  {
    "para_id": "14064.6484007",
    "id_prev": "14064.6484006",
    "id_next": "14064.6484008",
    "refcode_1": "14LtMs",
    "refcode_2": "1",
    "refcode_3": "5262",
    "refcode_4": "1899107300",
    "refcode_short": "14LtMs, Ms 73, 1899, par. 1",
    "refcode_long": "Letters and Manuscripts — Volume 14 (1899), Ms 73, 1899, par. 1",
    "element_type": "p",
    "element_subtype": "standard-indented",
    "content": "The parable of the vine and the branches was given by Christ in explanation of genuine sanctification, and by it the mystery of the Christian life is made known. &ldquo;I am the true vine,&rdquo; Christ said, &ldquo;and my Father is the husbandman. Every branch in me that beareth not fruit he taketh away; and every branch that beareth fruit, he purgeth it, that it may bring forth more fruit. Abide in me, and I in you. As the branch cannot bear fruit of itself, except it abide in the vine; no more can ye, except ye abide in me. I am the vine, ye are the branches; he that abideth in me, and I in him, the same bringeth forth much fruit; for without me ye can do nothing. If a man abide not in me, he is cast forth as a branch, and is withered; and men gather them, and cast them into the fire, and they are burned. If ye abide in me, and my words abide in you, ye shall ask what ye will, and it shall be done unto you.&rdquo; [<span class=\"egwlink egwlink_bible\" title=\"John 15:1\" data-link=\"1965.54458\">John 15:1-7</span>.]",
    "puborder": 7283,
    "translations": []
  },
  {
    "para_id": "14064.6484008",
    "id_prev": "14064.6484007",
    "id_next": "14064.6484009",
    "refcode_1": "14LtMs",
    "refcode_2": "1",
    "refcode_3": "5263",
    "refcode_4": "1899107300",
    "refcode_short": "14LtMs, Ms 73, 1899, par. 2",
    "refcode_long": "Letters and Manuscripts — Volume 14 (1899), Ms 73, 1899, par. 2",
    "element_type": "p",
    "element_subtype": "standard-indented",
    "content": "There are many who get above the simplicity of Jesus Christ, supposing that they must do some great thing in order to work the works of God. Things of a temporal nature absorb the attention of others, and they have little time or thought for eternal realities. Wearied out with cares that draw their minds from spiritual things, they cannot find time for communion with God. Constantly they ask themselves the question, How can I find time to study and practice the Word of God? Christ is acquainted with the difficulties that try every soul, and He says, &ldquo;Abide in me, and I in you. As the branch cannot bear fruit of itself, except it abide in the vine; no more can ye, except ye abide in me. I am the vine, ye are the branches; he that abideth in me, and I in him, the same bringeth forth much fruit; for without me ye can do nothing.&rdquo; [<span class=\"egwlink egwlink_bible\" title=\"John 15:4\" data-link=\"1965.54464\">Verses 4, 5</span>.]",
    "puborder": 7284,
    "translations": []
  },
  {
    "para_id": "14064.6484009",
    "id_prev": "14064.6484008",
    "id_next": "14064.6484010",
    "refcode_1": "14LtMs",
    "refcode_2": "1",
    "refcode_3": "5264",
    "refcode_4": "1899107300",
    "refcode_short": "14LtMs, Ms 73, 1899, par. 3",
    "refcode_long": "Letters and Manuscripts — Volume 14 (1899), Ms 73, 1899, par. 3",
    "element_type": "p",
    "element_subtype": "standard-indented",
    "content": "Our first and highest duty is to know that we are abiding in Christ. He must do the work. We are to seek to know &ldquo;What saith the Lord,&rdquo; yielding our lives to His guidance. When we have the spirit of an abiding Christ, everything will take on a changed aspect. The Saviour alone can give us the rest and peace we so much need. And in every invitation He gives us to seek the Lord that He may be found of us, He is calling us to abide in Him. This is an invitation not merely to come to Him, but to remain in Him. It is the Spirit of God that moves us to come. When we have this rest and peace, our daily worries will not lead us to be coarse and rough and uncourteous. We shall no longer follow our own way and will. We will want to do the will of God, abiding in Christ as the branches in the vine.",
    "puborder": 7285,
    "translations": []
  },
  {
    "para_id": "14064.6484010",
    "id_prev": "14064.6484009",
    "id_next": "14064.6484011",
    "refcode_1": "14LtMs",
    "refcode_2": "1",
    "refcode_3": "5265",
    "refcode_4": "1899107300",
    "refcode_short": "14LtMs, Ms 73, 1899, par. 4",
    "refcode_long": "Letters and Manuscripts — Volume 14 (1899), Ms 73, 1899, par. 4",
    "element_type": "p",
    "element_subtype": "standard-indented",
    "content": "Christ declares Himself &ldquo;The Way, the Truth, and the Life.&rdquo; [<span class=\"egwlink egwlink_bible\" title=\"John 14:6\" data-link=\"1965.54405\">John 14:6</span>.] The way to heaven is represented as a narrow path, cast up for the ransomed of the Lord to walk in. But truth illuminates this path at every step. Christ is &ldquo;the true light, which lighteth every man that cometh into the world.&rdquo; &ldquo;The Word was made flesh, and dwelt among us, (and we beheld his glory, the glory as of the only begotten of the Father), full of grace and truth.&rdquo; &ldquo;And of his fulness have all we received, and grace for grace.&rdquo; [<span class=\"egwlink egwlink_bible\" title=\"John 1:9\" data-link=\"1965.53150\">John 1:9, 14, 16</span>.] Every grace we receive is given us to impart, and when we make others the recipients of the grace we have, our souls are prepared to receive new grace.",
    "puborder": 7286,
    "translations": []
  },
  {
    "para_id": "14064.6484011",
    "id_prev": "14064.6484010",
    "id_next": "14064.6484012",
    "refcode_1": "14LtMs",
    "refcode_2": "1",
    "refcode_3": "5266",
    "refcode_4": "1899107300",
    "refcode_short": "14LtMs, Ms 73, 1899, par. 5",
    "refcode_long": "Letters and Manuscripts — Volume 14 (1899), Ms 73, 1899, par. 5",
    "element_type": "p",
    "element_subtype": "standard-indented",
    "content": "Those who are obedient to the law of God are not under its condemnation, but are free from sin. &ldquo;Where the Spirit of the Lord is, there is liberty. But we all, with open face beholding as in a glass the glory of the Lord, are changed into the same image from glory to glory, even as by the Spirit of the Lord.&rdquo; &ldquo;Thanks be unto God, which always causeth us to triumph in Christ, and maketh manifest the savor of his knowledge by us in every place. For we are unto God a sweet savor of Christ, in them that are saved and in them that perish; to the one we are a savor of death unto death: and to the other the savor of life unto life. And who is sufficient for these things?&rdquo; [<span class=\"egwlink egwlink_bible\" title=\"2 Corinthians 3:17\" data-link=\"1965.58847\">2 Corinthians 3:17, 18</span>; <span class=\"egwlink egwlink_bible\" title=\"2 Corinthians 2:14\" data-link=\"1965.58806\">2:14-16</span>.] This is the working of the Holy Spirit upon human minds. It is thought strange by some that our salvation should demand our entire submission. But the Lord could not do a more cruel thing than to save man in his rebellion. No one can be saved unless he comes under the rule of Christ.",
    "puborder": 7287,
    "translations": []
  },
  {
    "para_id": "14064.6484012",
    "id_prev": "14064.6484011",
    "id_next": "14064.6484013",
    "refcode_1": "14LtMs",
    "refcode_2": "1",
    "refcode_3": "5267",
    "refcode_4": "1899107300",
    "refcode_short": "14LtMs, Ms 73, 1899, par. 6",
    "refcode_long": "Letters and Manuscripts — Volume 14 (1899), Ms 73, 1899, par. 6",
    "element_type": "p",
    "element_subtype": "standard-indented",
    "content": "Salvation means to us complete surrender of soul, body, and spirit. Because of the unruly elements of our nature, our passions often gain the mastery. The only hope for the sinner is to cease from sin. Then his will will be in harmony with the will of Christ. His soul will be brought into fellowship with God. Those who enlist in the army of Christ must submit to His authority, and consult His will in all things. Implicit obedience is the condition of our salvation. God&rsquo;s will must be obeyed in every particular. It is our salvation to make His law our rule, His life our pattern, His glory our chief end. To keep ourselves in the love of God, to be bound to obedience by His requirements, is to be free in Christ Jesus.",
    "puborder": 7288,
    "translations": []
  },
  {
    "para_id": "14064.6484013",
    "id_prev": "14064.6484012",
    "id_next": "14064.6484014",
    "refcode_1": "14LtMs",
    "refcode_2": "1",
    "refcode_3": "5268",
    "refcode_4": "1899107300",
    "refcode_short": "14LtMs, Ms 73, 1899, par. 7",
    "refcode_long": "Letters and Manuscripts — Volume 14 (1899), Ms 73, 1899, par. 7",
    "element_type": "p",
    "element_subtype": "standard-indented",
    "content": "&ldquo;He that will come after me,&rdquo; Christ said, &ldquo;let him deny himself, and take up his cross, and follow me. For whosoever will save his life shall lose it; and whosoever will lose his life for my sake shall find it. For what is a man profited, if he shall gain the whole world, and lose his own soul?&rdquo; [<span class=\"egwlink egwlink_bible\" title=\"Matthew 16:24\" data-link=\"1965.48380\">Matthew 16:24-26</span>.] Those who accept Christ as their Saviour must accept Him as their King and their Ruler. It is the defects in our characters which cause us unhappiness, and our lives cannot be brought into harmony with Christ unless these defects are placed under His control. Very little submission to Christ is revealed in the lives of His professed people. He is dishonored by outbursts of passion which are unreasonable and unholy. Then follows remorse, darkness, reproach. How much we need to be holy and pure. How much we need the sense of an abiding Christ, who will speak to the soul, saying, &ldquo;Peace, be still.&rdquo; [<span class=\"egwlink egwlink_bible\" title=\"Mark 4:39\" data-link=\"1965.49729\">Mark 4:39</span>.]",
    "puborder": 7289,
    "translations": []
  },
  {
    "para_id": "14064.6484014",
    "id_prev": "14064.6484013",
    "id_next": "14064.6484015",
    "refcode_1": "14LtMs",
    "refcode_2": "1",
    "refcode_3": "5269",
    "refcode_4": "1899107300",
    "refcode_short": "14LtMs, Ms 73, 1899, par. 8",
    "refcode_long": "Letters and Manuscripts — Volume 14 (1899), Ms 73, 1899, par. 8",
    "element_type": "p",
    "element_subtype": "standard-indented",
    "content": "Christ can redeem only those who will come under His control. He speaks to every needy soul, saying, &ldquo;Come unto me, all ye that labor and are heavy laden, and I will give you rest. Take my yoke&rdquo;&mdash;the yoke of submission and obedience&mdash;&ldquo;upon you, and learn of me, for I am meek and lowly in heart, and ye shall find rest unto your souls.&rdquo; [<span class=\"egwlink egwlink_bible\" title=\"Matthew 11:28\" data-link=\"1965.47957\">Matthew 11:28, 29</span>.] No coming to Christ in genuine or complete which does not bring the soul out of self, out of its Christless state, to find Christ its chief good. When we are one with Christ in everything, He enters into the life and soul, directing, pervading, and giving character to all.",
    "puborder": 7290,
    "translations": []
  },
  {
    "para_id": "14064.6484015",
    "id_prev": "14064.6484014",
    "id_next": "14064.6484016",
    "refcode_1": "14LtMs",
    "refcode_2": "1",
    "refcode_3": "5270",
    "refcode_4": "1899107300",
    "refcode_short": "14LtMs, Ms 73, 1899, par. 9",
    "refcode_long": "Letters and Manuscripts — Volume 14 (1899), Ms 73, 1899, par. 9",
    "element_type": "p",
    "element_subtype": "standard-indented",
    "content": "The words of Christ, &ldquo;If ye abide in me, and my words abide in you, ye shall ask what ye will, and it shall be done unto you,&rdquo; should have weight with each one of us. [<span class=\"egwlink egwlink_bible\" title=\"John 15:7\" data-link=\"1965.54470\">John 15:7</span>.] The privilege is granted us of eating Christ&rsquo;s words, taking them into the very soul. The Saviour declared, &ldquo;Whoso eateth my flesh, and drinketh my blood, hath eternal life; and I will raise him up at the last day. For my flesh is meat indeed, and my blood is drink indeed. He that eateth my flesh, and drinketh my blood, dwelleth in me, and I in him. As the living Father hath sent me, and I live by the Father; so he that eateth me, even he shall live by me.&rdquo; [<span class=\"egwlink egwlink_bible\" title=\"John 6:54\" data-link=\"1965.53671\">John 6:54-57</span>.]",
    "puborder": 7291,
    "translations": []
  },
  {
    "para_id": "14064.6484016",
    "id_prev": "14064.6484015",
    "id_next": "14064.6484017",
    "refcode_1": "14LtMs",
    "refcode_2": "1",
    "refcode_3": "5271",
    "refcode_4": "1899107300",
    "refcode_short": "14LtMs, Ms 73, 1899, par. 10",
    "refcode_long": "Letters and Manuscripts — Volume 14 (1899), Ms 73, 1899, par. 10",
    "element_type": "p",
    "element_subtype": "standard-indented",
    "content": "Many of Christ&rsquo;s disciples could not understand these words, and they murmured at them, saying, &ldquo;This is an hard saying; who can hear it? When Jesus knew in himself that his disciples murmured at it, he said unto them, Does this offend you? What and if ye shall see the Son of man ascend up where he was before? It is the Spirit that quickeneth; the flesh profiteth nothing: the words that I speak unto you, they are spirit, and they are life.&rdquo; [<span class=\"egwlink egwlink_bible\" title=\"John 6:60\" data-link=\"1965.53683\">Verses 60-63</span>.]",
    "puborder": 7292,
    "translations": []
  },
  {
    "para_id": "14064.6484017",
    "id_prev": "14064.6484016",
    "id_next": "14064.6484018",
    "refcode_1": "14LtMs",
    "refcode_2": "1",
    "refcode_3": "5272",
    "refcode_4": "1899107300",
    "refcode_short": "14LtMs, Ms 73, 1899, par. 11",
    "refcode_long": "Letters and Manuscripts — Volume 14 (1899), Ms 73, 1899, par. 11",
    "element_type": "p",
    "element_subtype": "standard-indented",
    "content": "Christ&rsquo;s object in presenting before His disciples the parable of the vine was to impress upon their minds the necessity of their having the moral excellence revealed in His own character. &ldquo;Learn of Me,&rdquo; He said. [<span class=\"egwlink egwlink_bible\" title=\"Matthew 11:29\" data-link=\"1965.47959\">Matthew 11:29</span>.] He desired to create in them a desire for the Holy Spirit. He reproached them for their dullness of comprehension, for many of the truths He sought to teach them were lost to them because of their lack of spiritual intuition.",
    "puborder": 7293,
    "translations": []
  },
  {
    "para_id": "14064.6484018",
    "id_prev": "14064.6484017",
    "id_next": "14064.6484019",
    "refcode_1": "14LtMs",
    "refcode_2": "1",
    "refcode_3": "5273",
    "refcode_4": "1899107300",
    "refcode_short": "14LtMs, Ms 73, 1899, par. 12",
    "refcode_long": "Letters and Manuscripts — Volume 14 (1899), Ms 73, 1899, par. 12",
    "element_type": "p",
    "element_subtype": "standard-indented",
    "content": "After His resurrection He said to them, &ldquo;These are the things which I spake unto you while I was yet with you, that all those things must be fulfilled which were written in the law of Moses and in the prophets concerning me. Then opened he their understanding that they might understand the Scriptures, and said unto them, Thus it is written, and thus it behoved Christ to suffer, and to rise from the dead the third day; and that repentance and remission of sins should be preached in his name among all nations, beginning at Jerusalem. And ye are witness of these things.&rdquo; [<span class=\"egwlink egwlink_bible\" title=\"Luke 24:44\" data-link=\"1965.53112\">Luke 24:44-48</span>.] The Bible now seemed a new book to the disciples, containing definite instruction. They saw that the events that had taken place in the suffering and death of their beloved Master were a fulfilment of prophecy.",
    "puborder": 7294,
    "translations": []
  },
  {
    "para_id": "14064.6484019",
    "id_prev": "14064.6484018",
    "id_next": "14064.6484020",
    "refcode_1": "14LtMs",
    "refcode_2": "1",
    "refcode_3": "5274",
    "refcode_4": "1899107300",
    "refcode_short": "14LtMs, Ms 73, 1899, par. 13",
    "refcode_long": "Letters and Manuscripts — Volume 14 (1899), Ms 73, 1899, par. 13",
    "element_type": "p",
    "element_subtype": "standard-indented",
    "content": "&ldquo;Now ye are clean, through the word which I have spoken unto you,&rdquo; Christ said. [<span class=\"egwlink egwlink_bible\" title=\"John 15:3\" data-link=\"1965.54462\">John 15:3</span>.] In receiving and obeying His word, the disciples were cleansed and purified. Praying to His Father Christ said, &ldquo;I have given them thy word, and the world hath hated them, because they are not of the world, even as I am not of the world. I pray not that thou shouldest take them out of the world, but that thou shouldest keep them from the evil. They are not of the world, even as I am not of the world. Sanctify them through thy truth: thy word is truth.&rdquo; [<span class=\"egwlink egwlink_bible\" title=\"John 17:14\" data-link=\"1965.54606\">John 17:14-17</span>.]",
    "puborder": 7295,
    "translations": []
  },
  {
    "para_id": "14064.6484020",
    "id_prev": "14064.6484019",
    "id_next": "14064.6484021",
    "refcode_1": "14LtMs",
    "refcode_2": "1",
    "refcode_3": "5275",
    "refcode_4": "1899107300",
    "refcode_short": "14LtMs, Ms 73, 1899, par. 14",
    "refcode_long": "Letters and Manuscripts — Volume 14 (1899), Ms 73, 1899, par. 14",
    "element_type": "p",
    "element_subtype": "standard-indented",
    "content": "In no other way can Christ&rsquo;s followers be cleansed but through obedience to the truth. The apostle Paul said, &ldquo;Husbands, love your wives, even as Christ also loved the church, and gave himself for it; that he might sanctify and cleanse it with the washing of water by the word, that he might present it to himself a glorious church, not having spot, or wrinkle, or any such thing; but that it should be holy, and without blemish.&rdquo; [<span class=\"egwlink egwlink_bible\" title=\"Ephesians 5:25\" data-link=\"1965.59812\">Ephesians 5:25-27</span>.]",
    "puborder": 7296,
    "translations": []
  },
  {
    "para_id": "14064.6484021",
    "id_prev": "14064.6484020",
    "id_next": "14064.6484022",
    "refcode_1": "14LtMs",
    "refcode_2": "1",
    "refcode_3": "5276",
    "refcode_4": "1899107300",
    "refcode_short": "14LtMs, Ms 73, 1899, par. 15",
    "refcode_long": "Letters and Manuscripts — Volume 14 (1899), Ms 73, 1899, par. 15",
    "element_type": "p",
    "element_subtype": "standard-indented",
    "content": "&ldquo;Seeing ye have purified your souls in obeying the truth through the spirit unto unfeigned love of the brethren, see that ye love one another with a pure heart fervently: being born again, not of corruptible seed, but of incorruptible, by the word of God, which liveth and abideth forever. For all flesh is as grass, and all the glory of man as the flower of grass. The grass withereth, the flower thereof falleth away; but the word of the Lord endureth forever. And this is the word which by the gospel is preached unto you.&rdquo; &ldquo;Wherefore laying aside all malice, and all guile, and hypocrisies, and envies, and all evil speakings, as newborn babes desire the sincere milk of the word, that ye may grow thereby: if so be ye have tasted that the Lord is gracious.&rdquo; [<span class=\"egwlink egwlink_bible\" title=\"1 Peter 1:22\" data-link=\"1965.62007\">1 Peter 1:22-25; 2:1-3</span>.]",
    "puborder": 7297,
    "translations": []
  },
  {
    "para_id": "14064.6484022",
    "id_prev": "14064.6484021",
    "id_next": "14064.6484023",
    "refcode_1": "14LtMs",
    "refcode_2": "1",
    "refcode_3": "5277",
    "refcode_4": "1899107300",
    "refcode_short": "14LtMs, Ms 73, 1899, par. 16",
    "refcode_long": "Letters and Manuscripts — Volume 14 (1899), Ms 73, 1899, par. 16",
    "element_type": "p",
    "element_subtype": "standard-indented",
    "content": "In this lesson Christ sought to bring before His disciples the false union with Himself in contrast with the true. Those who have not a living connection with Christ may to outward appearance be in fellowship with Him. Their house may appear to be swept and garnished. Their names may be enrolled on the church books, but they are not members of His body. They do not bear fruit to the glory of God. &ldquo;By their fruits ye shall know them,&rdquo; Christ said. [<span class=\"egwlink egwlink_bible\" title=\"Matthew 7:20\" data-link=\"1965.47651\">Matthew 7:20</span>.] &ldquo;Do men gather grapes of thorns, or figs of thistles? Even so every good tree bringeth forth good fruit; but a corrupt tree bringeth forth evil fruit. A good tree cannot bring forth evil fruit, neither can a corrupt tree bring forth good fruit. Every tree that bringeth not forth good fruit is hewn down, and cast into the fire.",
    "puborder": 7298,
    "translations": []
  },
  {
    "para_id": "14064.6484023",
    "id_prev": "14064.6484022",
    "id_next": "14064.6484024",
    "refcode_1": "14LtMs",
    "refcode_2": "1",
    "refcode_3": "5278",
    "refcode_4": "1899107300",
    "refcode_short": "14LtMs, Ms 73, 1899, par. 17",
    "refcode_long": "Letters and Manuscripts — Volume 14 (1899), Ms 73, 1899, par. 17",
    "element_type": "p",
    "element_subtype": "standard-indented",
    "content": "&ldquo;Wherefore by their fruits ye shall know them. Not every one that saith unto me, Lord, Lord, shall enter the kingdom of heaven; but he that doeth the will of my Father that is in heaven. Many will say to me in that day, Lord, Lord, have we not prophesied in thy name? and in thy name have cast out devils? and in thy name done many wonderful works? And then will I profess unto them, I never knew you; depart from me, ye that work iniquity.&rdquo; [<span class=\"egwlink egwlink_bible\" title=\"Matthew 7:16\" data-link=\"1965.47643\">Verses 16-23</span>.] We need to study the symbol closely. A profession of piety may connect men and women with the church, but if there is not a vital connection with Christ, they cannot bear good fruit; and this unfruitfulness will in time make their separation as complete as that of the dead branch, which is cast into the fire, and burned.",
    "puborder": 7299,
    "translations": []
  },
  {
    "para_id": "14064.6484024",
    "id_prev": "14064.6484023",
    "id_next": "14064.6484025",
    "refcode_1": "14LtMs",
    "refcode_2": "1",
    "refcode_3": "5279",
    "refcode_4": "1899107300",
    "refcode_short": "14LtMs, Ms 73, 1899, par. 18",
    "refcode_long": "Letters and Manuscripts — Volume 14 (1899), Ms 73, 1899, par. 18",
    "element_type": "p",
    "element_subtype": "standard-indented",
    "content": "The true union with Christ is represented by the words, &ldquo;Abide in me.&rdquo; [<span class=\"egwlink egwlink_bible\" title=\"John 15:4\" data-link=\"1965.54464\">John 15:4</span>.] Christ has provided means whereby your whole life may be an unbroken communion with Himself. He invites you, &ldquo;Come unto me ... and I will give you rest.&rdquo; [<span class=\"egwlink egwlink_bible\" title=\"Matthew 11:28\" data-link=\"1965.47957\">Matthew 11:28</span>.] How full of compassion is the invitation. This sense of Christ&rsquo;s abiding presence can only come through living faith, through connection with the vine. There must be a personal consecration to Him. Self must be hid with Christ in God, and Christ declares, &ldquo;He that abideth in me, and I in him, the same bringeth forth much fruit.&rdquo; [<span class=\"egwlink egwlink_bible\" title=\"John 15:5\" data-link=\"1965.54466\">John 15:5</span>.] The grace received will be constantly imparted, as a gratitude offering to God.",
    "puborder": 7300,
    "translations": []
  },
  {
    "para_id": "14064.6484025",
    "id_prev": "14064.6484024",
    "id_next": "14064.6484026",
    "refcode_1": "14LtMs",
    "refcode_2": "1",
    "refcode_3": "5280",
    "refcode_4": "1899107300",
    "refcode_short": "14LtMs, Ms 73, 1899, par. 19",
    "refcode_long": "Letters and Manuscripts — Volume 14 (1899), Ms 73, 1899, par. 19",
    "element_type": "p",
    "element_subtype": "standard-indented",
    "content": "In this union Christ identifies Himself with man before God and the heavenly universe. &ldquo;As many as received him, to them gave he power to become the sons of God, even to them that believe on his name.&rdquo; [<span class=\"egwlink egwlink_bible\" title=\"John 1:12\" data-link=\"1965.53156\">John 1:12</span>.] Our sins are reckoned to Jesus Christ. His righteousness is imputed to us. &ldquo;He was made sin for us, who knew no sin, that we might be made the righteousness of God in him.&rdquo; [<span class=\"egwlink egwlink_bible\" title=\"2 Corinthians 5:21\" data-link=\"1965.58929\">2 Corinthians 5:21</span>.] Because of His atoning sacrifice our prayers go up to the Father laden with the fragrance of Christ&rsquo;s character, and, one with Christ, we are accepted in the Beloved.",
    "puborder": 7301,
    "translations": []
  },
  {
    "para_id": "14064.6484026",
    "id_prev": "14064.6484025",
    "id_next": "14064.6541001",
    "refcode_1": "14LtMs",
    "refcode_2": "1",
    "refcode_3": "5281",
    "refcode_4": "1899107300",
    "refcode_short": "14LtMs, Ms 73, 1899, par. 20",
    "refcode_long": "Letters and Manuscripts — Volume 14 (1899), Ms 73, 1899, par. 20",
    "element_type": "p",
    "element_subtype": "standard-indented",
    "content": "Christ&rsquo;s connection with His believing people is illustrated by this parable as by no other. We should study the lesson, that we may know what the parent stock is to the branch, and in what light the Lord regards those who believe and abide in Christ. Let the youth and those of mature age contemplate the completeness it is their privilege to have in Christ. Let them ask themselves the question, Is my will submerged in Christ&rsquo;s will? Is the fullness and richness of the living vine&mdash;His goodness, His mercy, His compassion and love&mdash;seen in my life and character?",
    "puborder": 7302,
    "translations": []
  }
]