[
  {
    "para_id": "14064.6815001",
    "id_prev": "14064.5969031",
    "id_next": "14064.6815004",
    "refcode_1": "14LtMs",
    "refcode_2": "1",
    "refcode_3": "",
    "refcode_4": "1899118900",
    "refcode_short": "14LtMs, Ms 189, 1899",
    "refcode_long": "Letters and Manuscripts — Volume 14 (1899), Ms 189, 1899",
    "element_type": "h4",
    "element_subtype": "",
    "content": "Ms 189, 1899",
    "puborder": 10776,
    "translations": []
  },
  {
    "para_id": "14064.6815004",
    "id_prev": "14064.6815001",
    "id_next": "14064.6815002",
    "refcode_1": "14LtMs",
    "refcode_2": "1",
    "refcode_3": "",
    "refcode_4": "1899118900",
    "refcode_short": "",
    "refcode_long": "",
    "element_type": "p",
    "element_subtype": "mstitle",
    "content": "Diary, August 1899",
    "puborder": 10777,
    "translations": []
  },
  {
    "para_id": "14064.6815002",
    "id_prev": "14064.6815004",
    "id_next": "14064.6815003",
    "refcode_1": "14LtMs",
    "refcode_2": "1",
    "refcode_3": "",
    "refcode_4": "1899118900",
    "refcode_short": "",
    "refcode_long": "",
    "element_type": "p",
    "element_subtype": "msplace",
    "content": "<span class=\"msplace\" value=\"NP\">NP</span>",
    "puborder": 10778,
    "translations": []
  },
  {
    "para_id": "14064.6815003",
    "id_prev": "14064.6815002",
    "id_next": "14064.6815005",
    "refcode_1": "14LtMs",
    "refcode_2": "1",
    "refcode_3": "",
    "refcode_4": "1899118900",
    "refcode_short": "",
    "refcode_long": "",
    "element_type": "p",
    "element_subtype": "msdate",
    "content": "<span class=\"msdate\" start=\"August 12, 1899\" end=\"August 19, 1899\">August 12-19, 1899</span>",
    "puborder": 10779,
    "translations": []
  },
  {
    "para_id": "14064.6815005",
    "id_prev": "14064.6815003",
    "id_next": "14064.6815006",
    "refcode_1": "14LtMs",
    "refcode_2": "1",
    "refcode_3": "",
    "refcode_4": "1899118900",
    "refcode_short": "",
    "refcode_long": "",
    "element_type": "p",
    "element_subtype": "mspubinfo",
    "content": "Portions of this manuscript are published in <span class=\"egwlink egwlink_book\" title=\"4Bio 400\" data-link=\"670.3145\">4Bio 400</span>.",
    "puborder": 10780,
    "translations": []
  },
  {
    "para_id": "14064.6815006",
    "id_prev": "14064.6815005",
    "id_next": "14064.6815007",
    "refcode_1": "14LtMs",
    "refcode_2": "1",
    "refcode_3": "",
    "refcode_4": "1899118900",
    "refcode_short": "",
    "refcode_long": "",
    "element_type": "p",
    "element_subtype": "msdate",
    "content": "Saturday, <span class=\"msdate\" start=\"August 12, 1899\">August 12, 1899</span>",
    "puborder": 10781,
    "translations": []
  },
  {
    "para_id": "14064.6815007",
    "id_prev": "14064.6815006",
    "id_next": "14064.6815008",
    "refcode_1": "14LtMs",
    "refcode_2": "1",
    "refcode_3": "8006",
    "refcode_4": "1899118900",
    "refcode_short": "14LtMs, Ms 189, 1899, par. 1",
    "refcode_long": "Letters and Manuscripts — Volume 14 (1899), Ms 189, 1899, par. 1",
    "element_type": "p",
    "element_subtype": "standard-indented",
    "content": "Very rainy. I did not attend meetings. Many things are upon my mind which I cannot lay by. My mind is sorely troubled. I see not how I am to get this work done that needs so much to be done.",
    "puborder": 10782,
    "translations": []
  },
  {
    "para_id": "14064.6815008",
    "id_prev": "14064.6815007",
    "id_next": "14064.6815009",
    "refcode_1": "14LtMs",
    "refcode_2": "1",
    "refcode_3": "8007",
    "refcode_4": "1899118900",
    "refcode_short": "14LtMs, Ms 189, 1899, par. 2",
    "refcode_long": "Letters and Manuscripts — Volume 14 (1899), Ms 189, 1899, par. 2",
    "element_type": "p",
    "element_subtype": "standard-indented",
    "content": "There have been many things that needed to be done, which could not be delayed, and while in an assembly we were taking up the question of church school, there were cautions given in regard to dangers before us in engaging in too many plans, such as they have entered into in America. We must not gather responsibilities that will involve large time and large means, and large care and perplexities to keep in running order.",
    "puborder": 10783,
    "translations": []
  },
  {
    "para_id": "14064.6815009",
    "id_prev": "14064.6815008",
    "id_next": "14064.6815010",
    "refcode_1": "14LtMs",
    "refcode_2": "1",
    "refcode_3": "8008",
    "refcode_4": "1899118900",
    "refcode_short": "14LtMs, Ms 189, 1899, par. 3",
    "refcode_long": "Letters and Manuscripts — Volume 14 (1899), Ms 189, 1899, par. 3",
    "element_type": "p",
    "element_subtype": "standard-indented",
    "content": "There was then presented the many unfinished things which called for much wisdom to finish up and get in working order. There were several things enumerated which were at loose ends, needing to be bound off. But to divert the minds now to create new responsibilities would be working unwisely and would accumulate more care and perplexity. This gathering upon the workers more things to plan for would be unwise. Let the Lord lead the way, and let the Lord lay out the work that should be done.",
    "puborder": 10784,
    "translations": []
  },
  {
    "para_id": "14064.6815010",
    "id_prev": "14064.6815009",
    "id_next": "14064.6815011",
    "refcode_1": "14LtMs",
    "refcode_2": "1",
    "refcode_3": "8009",
    "refcode_4": "1899118900",
    "refcode_short": "14LtMs, Ms 189, 1899, par. 4",
    "refcode_long": "Letters and Manuscripts — Volume 14 (1899), Ms 189, 1899, par. 4",
    "element_type": "p",
    "element_subtype": "standard-indented",
    "content": "The sanitarium should now be entered upon. A site should be selected, the building plan made, and the cost of such a plan be estimated. When everything is prepared that men can do, trust the Lord fully that He will lead the way and provide the means, after we have done to the uttermost of our capabilities. But one thing must not be rushed upon another without some clearly defined plan and estimating the cost of the work, lest confusion should be the result. This must be avoided.",
    "puborder": 10785,
    "translations": []
  },
  {
    "para_id": "14064.6815011",
    "id_prev": "14064.6815010",
    "id_next": "14064.6815012",
    "refcode_1": "14LtMs",
    "refcode_2": "1",
    "refcode_3": "8010",
    "refcode_4": "1899118900",
    "refcode_short": "14LtMs, Ms 189, 1899, par. 5",
    "refcode_long": "Letters and Manuscripts — Volume 14 (1899), Ms 189, 1899, par. 5",
    "element_type": "p",
    "element_subtype": "standard-indented",
    "content": "The statement has been made that &ldquo;God is never in a hurry.&rdquo; But if the human agent will step in to be the Lord&rsquo;s minute man, to be His helping hand, then the work will move promptly without rushing and friction. We need to walk calmly in a perfect way, yet be diligent in business, fervent in spirit, serving the Lord.",
    "puborder": 10786,
    "translations": []
  },
  {
    "para_id": "14064.6815012",
    "id_prev": "14064.6815011",
    "id_next": "14064.6815013",
    "refcode_1": "14LtMs",
    "refcode_2": "1",
    "refcode_3": "",
    "refcode_4": "1899118900",
    "refcode_short": "",
    "refcode_long": "",
    "element_type": "p",
    "element_subtype": "msdate",
    "content": "Tuesday, <span class=\"msdate\" start=\"August 15, 1899\">August 15, 1899</span>",
    "puborder": 10787,
    "translations": []
  },
  {
    "para_id": "14064.6815013",
    "id_prev": "14064.6815012",
    "id_next": "14064.6815014",
    "refcode_1": "14LtMs",
    "refcode_2": "1",
    "refcode_3": "8011",
    "refcode_4": "1899118900",
    "refcode_short": "14LtMs, Ms 189, 1899, par. 6",
    "refcode_long": "Letters and Manuscripts — Volume 14 (1899), Ms 189, 1899, par. 6",
    "element_type": "p",
    "element_subtype": "standard-indented",
    "content": "Unable to sleep past one o&rsquo;clock. I am trying to cast all my burdens upon the Lord. This is the last day to prepare our letters for mail. Some cannot be written to as I desire. W. C. White has not given me help for some time. The long meetings in succession here, and then the meetings following the Avondale Union Conference, have taken my time and W. C. White&rsquo;s time, and everything is left unfinished. There are letters to get ready for the mail. Important letters are coming from America. They need to be carefully read and prayerfully considered and wisely answered.",
    "puborder": 10788,
    "translations": []
  },
  {
    "para_id": "14064.6815014",
    "id_prev": "14064.6815013",
    "id_next": "14064.6815015",
    "refcode_1": "14LtMs",
    "refcode_2": "1",
    "refcode_3": "8012",
    "refcode_4": "1899118900",
    "refcode_short": "14LtMs, Ms 189, 1899, par. 7",
    "refcode_long": "Letters and Manuscripts — Volume 14 (1899), Ms 189, 1899, par. 7",
    "element_type": "p",
    "element_subtype": "standard-indented",
    "content": "We feel so sorry that Willie was held so long in Sydney. Then he was urged to go to Melbourne. Brother Daniells felt he must have his help, but he said, &ldquo;No, mother needs me. I must attend to the writings.&rdquo; Here is my constant perplexity&mdash;how to keep W. C. White [with me,] to help me by selection of the most essential things to come before the people in print. It is a constant battle, and it is a strain upon me to be constantly urging and being unable to succeed in having W. C. White to lift the load from me.",
    "puborder": 10789,
    "translations": []
  },
  {
    "para_id": "14064.6815015",
    "id_prev": "14064.6815014",
    "id_next": "14064.6815016",
    "refcode_1": "14LtMs",
    "refcode_2": "1",
    "refcode_3": "8013",
    "refcode_4": "1899118900",
    "refcode_short": "14LtMs, Ms 189, 1899, par. 8",
    "refcode_long": "Letters and Manuscripts — Volume 14 (1899), Ms 189, 1899, par. 8",
    "element_type": "p",
    "element_subtype": "standard-indented",
    "content": "For years resolutions have been passed to give up W. C. White to help me in my writings, but the resolutions amounted to nothing, as they sent for him and relied upon him, and he thought he must comply with their requests. Just now [we have had] only a day or two to examine and adjust important matters. I have not time to explain my own writings and cannot do this. Often many things must be left undone, and I am wearied out with contemplating the many important things. I lose my courage and my strength and cannot call to mind the very things I ought to say and many things I ought to write. I have a letter&mdash;two, yes, three&mdash;written for Dr. Kellogg, but I am so afraid of being misunderstood that I dare not send them. I feel intensely, and want to help his mind in many things but how can I do it? My words are misapplied and misunderstood, and sometimes appear to be so misunderstood by humans that they do more harm than good. This has been the case with Dr. Kellogg.",
    "puborder": 10790,
    "translations": []
  },
  {
    "para_id": "14064.6815016",
    "id_prev": "14064.6815015",
    "id_next": "14064.6815017",
    "refcode_1": "14LtMs",
    "refcode_2": "1",
    "refcode_3": "8014",
    "refcode_4": "1899118900",
    "refcode_short": "14LtMs, Ms 189, 1899, par. 9",
    "refcode_long": "Letters and Manuscripts — Volume 14 (1899), Ms 189, 1899, par. 9",
    "element_type": "p",
    "element_subtype": "standard-indented",
    "content": "I have just had to lay down my pen and do nothing, for I feel quite sick and very much discouraged. The Lord help me and strengthen and bless me is my prayer day and night. Oh, what could I do without the thought, Thou, O Lord, knowest it all.",
    "puborder": 10791,
    "translations": []
  },
  {
    "para_id": "14064.6815017",
    "id_prev": "14064.6815016",
    "id_next": "14064.6815018",
    "refcode_1": "14LtMs",
    "refcode_2": "1",
    "refcode_3": "",
    "refcode_4": "1899118900",
    "refcode_short": "",
    "refcode_long": "",
    "element_type": "p",
    "element_subtype": "msdate",
    "content": "Wednesday, <span class=\"msdate\" start=\"August 16, 1899\">August 16, 1899</span>",
    "puborder": 10792,
    "translations": []
  },
  {
    "para_id": "14064.6815018",
    "id_prev": "14064.6815017",
    "id_next": "14064.6815019",
    "refcode_1": "14LtMs",
    "refcode_2": "1",
    "refcode_3": "8015",
    "refcode_4": "1899118900",
    "refcode_short": "14LtMs, Ms 189, 1899, par. 10",
    "refcode_long": "Letters and Manuscripts — Volume 14 (1899), Ms 189, 1899, par. 10",
    "element_type": "p",
    "element_subtype": "standard-indented",
    "content": "This morning I rose at half past three o&rsquo;clock. I wrote a letter to Elder Haskell and A. T. Jones. It was copied and prepared for mail, and I must say some things to my son W. C. White. After talking with me and knowing my mind from light given me of the Lord, he worked this matter out and placed it in plain, clear lines; and after reading three letters, I was pleased with the statement so definitely expressed in the wording of them.",
    "puborder": 10793,
    "translations": []
  },
  {
    "para_id": "14064.6815019",
    "id_prev": "14064.6815018",
    "id_next": "14064.6815020",
    "refcode_1": "14LtMs",
    "refcode_2": "1",
    "refcode_3": "8016",
    "refcode_4": "1899118900",
    "refcode_short": "14LtMs, Ms 189, 1899, par. 11",
    "refcode_long": "Letters and Manuscripts — Volume 14 (1899), Ms 189, 1899, par. 11",
    "element_type": "p",
    "element_subtype": "standard-indented",
    "content": "The mail went this morning. There are the letters to Dr. Kellogg, uncopied, unsent. Perhaps it is well. I do not think we see things alike, and he feels sure his work has been under the leading of the Lord. I see his dangers, which he does not see. The Lord has presented his case before me and the result must, I fear, come upon him. He is carrying the responsibilities he has been accumulating for years. If he falls under the load he has piled upon himself, he will leave the impression it is because he was left without the cooperation of those who ought to have helped him. May the Lord have compassion upon Dr. Kellogg is my prayer. May the Lord help him to see he is accumulating too many responsibilities in the medical missionary work. I cannot but speak to him the truth, and therefore I have spoken and it has not harmonized with his mind and has not had a good effect upon the doctor. He does not style me his friend.",
    "puborder": 10794,
    "translations": []
  },
  {
    "para_id": "14064.6815020",
    "id_prev": "14064.6815019",
    "id_next": "14064.6815021",
    "refcode_1": "14LtMs",
    "refcode_2": "1",
    "refcode_3": "8017",
    "refcode_4": "1899118900",
    "refcode_short": "14LtMs, Ms 189, 1899, par. 12",
    "refcode_long": "Letters and Manuscripts — Volume 14 (1899), Ms 189, 1899, par. 12",
    "element_type": "p",
    "element_subtype": "standard-indented",
    "content": "Wednesday night I came upon a letter which was written in 1893. Here lie the letters written to him more recently, unsent. I must, if I speak, tell him the truth&mdash;which he says is not truth. There is not a word I can take back, and I will leave matters just as they are for the Lord to heal the wounds that my testimony to him has made.",
    "puborder": 10795,
    "translations": []
  },
  {
    "para_id": "14064.6815021",
    "id_prev": "14064.6815020",
    "id_next": "14064.6815022",
    "refcode_1": "14LtMs",
    "refcode_2": "1",
    "refcode_3": "8018",
    "refcode_4": "1899118900",
    "refcode_short": "14LtMs, Ms 189, 1899, par. 13",
    "refcode_long": "Letters and Manuscripts — Volume 14 (1899), Ms 189, 1899, par. 13",
    "element_type": "p",
    "element_subtype": "standard-indented",
    "content": "The Boulder Sanitarium should never have been created at the time it was, by drawing heavy sums from the General Conference when he knew that if these draughts are continually made there will be no funds in the treasury to carry on the work of God in missionary lines in foreign fields. Men cannot see afar off. These things worry me.",
    "puborder": 10796,
    "translations": []
  },
  {
    "para_id": "14064.6815022",
    "id_prev": "14064.6815021",
    "id_next": "14064.6815023",
    "refcode_1": "14LtMs",
    "refcode_2": "1",
    "refcode_3": "",
    "refcode_4": "1899118900",
    "refcode_short": "",
    "refcode_long": "",
    "element_type": "p",
    "element_subtype": "msdate",
    "content": "Thursday, <span class=\"msdate\" start=\"August 17, 1899\">August 17, 1899</span>",
    "puborder": 10797,
    "translations": []
  },
  {
    "para_id": "14064.6815023",
    "id_prev": "14064.6815022",
    "id_next": "14064.6815024",
    "refcode_1": "14LtMs",
    "refcode_2": "1",
    "refcode_3": "8019",
    "refcode_4": "1899118900",
    "refcode_short": "14LtMs, Ms 189, 1899, par. 14",
    "refcode_long": "Letters and Manuscripts — Volume 14 (1899), Ms 189, 1899, par. 14",
    "element_type": "p",
    "element_subtype": "standard-indented",
    "content": "This morning I could not sleep past twelve o&rsquo;clock. I am drawn out in prayer to God in behalf of my infirmities. My left cheek bone was injured three years ago and at times threatens me. My left eye is also weak. I have men praying most earnestly to the Lord, who is the mighty Healer, to remove the difficulty. I do believe I receive the things I ask of the Lord in and through the name of Jesus. I have always found great comfort and relief in telling Him all my difficulties. He has promised in (<span class=\"egwlink egwlink_bible\" title=\"John 14:1\" data-link=\"1965.54395\">John 14</span>), &ldquo;Whatsoever ye shall ask in my name, that will I do.&rdquo; [<span class=\"egwlink egwlink_bible\" title=\"John 14:13\" data-link=\"1965.54419\">Verse 13</span>.] Ask in My name, and I will do it. Oh, how precious is this promise! We will not dishonor God by doubting its truth. Christ our Redeemer hath said it.",
    "puborder": 10798,
    "translations": []
  },
  {
    "para_id": "14064.6815024",
    "id_prev": "14064.6815023",
    "id_next": "14064.6815025",
    "refcode_1": "14LtMs",
    "refcode_2": "1",
    "refcode_3": "8020",
    "refcode_4": "1899118900",
    "refcode_short": "14LtMs, Ms 189, 1899, par. 15",
    "refcode_long": "Letters and Manuscripts — Volume 14 (1899), Ms 189, 1899, par. 15",
    "element_type": "p",
    "element_subtype": "standard-indented",
    "content": "The Lord help me to offer this prayer in simplicity and unfaltering confidence. I cast my helpless soul upon Thee. Thou wilt answer my prayer although I feel unworthy to receive these precious evidences of good. The Lord will restore the sight to enable me to write. God will work in my behalf. I rest my whole case on the promise, and it will be fulfilled. I am truly needful of this blessing. In His goodness and mercy and liberality He will deal with His child that loves Him.",
    "puborder": 10799,
    "translations": []
  },
  {
    "para_id": "14064.6815025",
    "id_prev": "14064.6815024",
    "id_next": "14064.6815026",
    "refcode_1": "14LtMs",
    "refcode_2": "1",
    "refcode_3": "8021",
    "refcode_4": "1899118900",
    "refcode_short": "14LtMs, Ms 189, 1899, par. 16",
    "refcode_long": "Letters and Manuscripts — Volume 14 (1899), Ms 189, 1899, par. 16",
    "element_type": "p",
    "element_subtype": "standard-indented",
    "content": "&ldquo;If ye shall ask anything in my name, I will do it.&rdquo; [<span class=\"egwlink egwlink_bible\" title=\"John 14:14\" data-link=\"1965.54421\">Verse 14</span>.] I believe I receive the things I ask for. Then saith my Saviour, &ldquo;If ye love me, keep my commandments.&rdquo; [<span class=\"egwlink egwlink_bible\" title=\"John 14:15\" data-link=\"1965.54423\">Verse 15</span>.] This is the way we are to show our love&mdash;by obedience. This obedience is not pretension, but it is practice. &ldquo;He that hath&rdquo; the knowledge of &ldquo;my commandments, and keepeth them, he it is that loveth me.&rdquo; [<span class=\"egwlink egwlink_bible\" title=\"John 14:21\" data-link=\"1965.54435\">Verse 21</span>.] This is the true test. To do His specified commandments is the genuine evidence that we love God. Obedience is the fruit of true love. &ldquo;If a man love me, he will keep my words: and my Father will love him, and we will come unto him, and make our abode with him.&rdquo; <span class=\"egwlink egwlink_bible\" title=\"John 14:23\" data-link=\"1965.54439\">John 14:23</span>.",
    "puborder": 10800,
    "translations": []
  },
  {
    "para_id": "14064.6815026",
    "id_prev": "14064.6815025",
    "id_next": "14064.6815027",
    "refcode_1": "14LtMs",
    "refcode_2": "1",
    "refcode_3": "",
    "refcode_4": "1899118900",
    "refcode_short": "",
    "refcode_long": "",
    "element_type": "p",
    "element_subtype": "msdate",
    "content": "Saturday, <span class=\"msdate\" start=\"August 19, 1899\">August 19, 1899</span>",
    "puborder": 10801,
    "translations": []
  },
  {
    "para_id": "14064.6815027",
    "id_prev": "14064.6815026",
    "id_next": "14064.6815028",
    "refcode_1": "14LtMs",
    "refcode_2": "1",
    "refcode_3": "8022",
    "refcode_4": "1899118900",
    "refcode_short": "14LtMs, Ms 189, 1899, par. 17",
    "refcode_long": "Letters and Manuscripts — Volume 14 (1899), Ms 189, 1899, par. 17",
    "element_type": "p",
    "element_subtype": "standard-indented",
    "content": "After the Sabbath. The Lord gave me rest in sleep last night. I awoke about twelve o&rsquo;clock, but I prayed the Lord to give me more sleep. For several nights my mind has been burdened. After lying awake until the clock struck two, I fell asleep and did not wake up until past four o&rsquo;clock. I feel very thankful for this precious sleep.",
    "puborder": 10802,
    "translations": []
  },
  {
    "para_id": "14064.6815028",
    "id_prev": "14064.6815027",
    "id_next": "14064.6815029",
    "refcode_1": "14LtMs",
    "refcode_2": "1",
    "refcode_3": "8023",
    "refcode_4": "1899118900",
    "refcode_short": "14LtMs, Ms 189, 1899, par. 18",
    "refcode_long": "Letters and Manuscripts — Volume 14 (1899), Ms 189, 1899, par. 18",
    "element_type": "p",
    "element_subtype": "standard-indented",
    "content": "My mind was burdened. Some warning is given me in regard to not taking many more things which must be created and will necessarily tax the minds of those who have been already overtaxed.",
    "puborder": 10803,
    "translations": []
  },
  {
    "para_id": "14064.6815029",
    "id_prev": "14064.6815028",
    "id_next": "14064.6815030",
    "refcode_1": "14LtMs",
    "refcode_2": "1",
    "refcode_3": "8024",
    "refcode_4": "1899118900",
    "refcode_short": "14LtMs, Ms 189, 1899, par. 19",
    "refcode_long": "Letters and Manuscripts — Volume 14 (1899), Ms 189, 1899, par. 19",
    "element_type": "p",
    "element_subtype": "standard-indented",
    "content": "I did not attend meeting today. It has been rainy and very unpleasant. We have had rain most of the month of July, and thus far in August there has not been much sunshine. I have not seen it thus rainy any winter in Australia. I am praying for sunshine. We are all well, as a family. My heart is longing for the fullness of God. I do greatly desire that all of our people shall pray for the Lord to work in our behalf.",
    "puborder": 10804,
    "translations": []
  },
  {
    "para_id": "14064.6815030",
    "id_prev": "14064.6815029",
    "id_next": "14064.6815031",
    "refcode_1": "14LtMs",
    "refcode_2": "1",
    "refcode_3": "8025",
    "refcode_4": "1899118900",
    "refcode_short": "14LtMs, Ms 189, 1899, par. 20",
    "refcode_long": "Letters and Manuscripts — Volume 14 (1899), Ms 189, 1899, par. 20",
    "element_type": "p",
    "element_subtype": "standard-indented",
    "content": "We are trying to build a meetinghouse at Hamilton. The tent will now be taken down, for a hall is hired. The tent must get dry before it is taken down. It has been the meetinghouse in Newcastle since the camp meeting there was closed. We need means, in this locality as well as in Hamilton, for the building of this house. I am seeking the Lord in prayer and I think many are praying. The Lord has said, &ldquo;Ask, and ye shall receive,&rdquo; (<span class=\"egwlink egwlink_bible\" title=\"John 16:24\" data-link=\"1965.54559\">John 16:24</span>), and &ldquo;whatsoever ye ask in prayer, believing ye shall receive.&rdquo; <span class=\"egwlink egwlink_bible\" title=\"Matthew 21:22\" data-link=\"1965.48689\">Matthew 21:22</span>. I shall hold fast the promise.",
    "puborder": 10805,
    "translations": []
  },
  {
    "para_id": "14064.6815031",
    "id_prev": "14064.6815030",
    "id_next": "14064.5091001",
    "refcode_1": "14LtMs",
    "refcode_2": "1",
    "refcode_3": "8026",
    "refcode_4": "1899118900",
    "refcode_short": "14LtMs, Ms 189, 1899, par. 21",
    "refcode_long": "Letters and Manuscripts — Volume 14 (1899), Ms 189, 1899, par. 21",
    "element_type": "p",
    "element_subtype": "standard-indented",
    "content": "We want to build this house of worship, that it shall lift up the standard. The seventh day is the Sabbath of the Lord thy God. Oh, the people ought to know what we believe! Many are demanding instruction in the special line: Why do you keep the Sabbath? We want the students to fit up to be teachers in church schools. We have not means and workers. I do wish I had both, and could urge our way onward.",
    "puborder": 10806,
    "translations": []
  }
]