[
  {
    "para_id": "14064.6751001",
    "id_prev": "14064.6504021",
    "id_next": "14064.6751004",
    "refcode_1": "14LtMs",
    "refcode_2": "1",
    "refcode_3": "",
    "refcode_4": "1899008600",
    "refcode_short": "14LtMs, Lt 86, 1899",
    "refcode_long": "Letters and Manuscripts — Volume 14 (1899), Lt 86, 1899",
    "element_type": "h4",
    "element_subtype": "",
    "content": "Lt 86, 1899",
    "puborder": 2001,
    "translations": []
  },
  {
    "para_id": "14064.6751004",
    "id_prev": "14064.6751001",
    "id_next": "14064.6751002",
    "refcode_1": "14LtMs",
    "refcode_2": "1",
    "refcode_3": "",
    "refcode_4": "1899008600",
    "refcode_short": "",
    "refcode_long": "",
    "element_type": "p",
    "element_subtype": "ltaddressee",
    "content": "Kellogg, J. H.",
    "puborder": 2002,
    "translations": []
  },
  {
    "para_id": "14064.6751002",
    "id_prev": "14064.6751004",
    "id_next": "14064.6751003",
    "refcode_1": "14LtMs",
    "refcode_2": "1",
    "refcode_3": "",
    "refcode_4": "1899008600",
    "refcode_short": "",
    "refcode_long": "",
    "element_type": "p",
    "element_subtype": "ltplace",
    "content": "<span class=\"ltplace\" value=\"Cooranbong, New South Wales, Australia\">&ldquo;Sunnyside,&rdquo; Cooranbong, New South Wales, Australia</span>",
    "puborder": 2003,
    "translations": []
  },
  {
    "para_id": "14064.6751003",
    "id_prev": "14064.6751002",
    "id_next": "14064.6751005",
    "refcode_1": "14LtMs",
    "refcode_2": "1",
    "refcode_3": "",
    "refcode_4": "1899008600",
    "refcode_short": "",
    "refcode_long": "",
    "element_type": "p",
    "element_subtype": "ltdate",
    "content": "<span class=\"ltdate\" start=\"June 5, 1899\">June 5, 1899</span>",
    "puborder": 2004,
    "translations": []
  },
  {
    "para_id": "14064.6751005",
    "id_prev": "14064.6751003",
    "id_next": "14064.6751006",
    "refcode_1": "14LtMs",
    "refcode_2": "1",
    "refcode_3": "",
    "refcode_4": "1899008600",
    "refcode_short": "",
    "refcode_long": "",
    "element_type": "p",
    "element_subtype": "ltpubinfo",
    "content": "Portions of this letter are published in <span class=\"egwlink egwlink_book\" title=\"CG 75\" data-link=\"8.325\">CG 75</span>; <span class=\"egwlink egwlink_book\" title=\"1MR 235\" data-link=\"61.1325\">1MR 235-236</span>. +<sup class=\"footnote\"><a class=\"footnote\">Note<span class=\"footnote\">One or more typed copies of this document contain additional Ellen White handwritten interlineations which may be viewed at the main office of the Ellen G. White Estate.</span></a></sup>",
    "puborder": 2005,
    "translations": []
  },
  {
    "para_id": "14064.6751006",
    "id_prev": "14064.6751005",
    "id_next": "14064.6751007",
    "refcode_1": "14LtMs",
    "refcode_2": "1",
    "refcode_3": "",
    "refcode_4": "1899008600",
    "refcode_short": "",
    "refcode_long": "",
    "element_type": "p",
    "element_subtype": "ltsalutation",
    "content": "Dear Brother:",
    "puborder": 2006,
    "translations": []
  },
  {
    "para_id": "14064.6751007",
    "id_prev": "14064.6751006",
    "id_next": "14064.6751008",
    "refcode_1": "14LtMs",
    "refcode_2": "1",
    "refcode_3": "1483",
    "refcode_4": "1899008600",
    "refcode_short": "14LtMs, Lt 86, 1899, par. 1",
    "refcode_long": "Letters and Manuscripts — Volume 14 (1899), Lt 86, 1899, par. 1",
    "element_type": "p",
    "element_subtype": "standard-indented",
    "content": "I must caution you to restrain the influence you may exert in a wrong direction, under the name of the medical missionary work. Be careful lest this work become the body, rather than the arm of the body. Your conclusions must be guarded. Your plans in any one line must not become all-absorbing. Your large plans for rescuing the unfortunate will gather to you responsibilities which you will be unable to carry. You make desperate efforts to push forward a line of work which will make&mdash;which is already making, I may say&mdash;the medical missionary work the all of the gospel. The men in the ministry are demerited, while medical missionary enterprises are extolled.",
    "puborder": 2007,
    "translations": []
  },
  {
    "para_id": "14064.6751008",
    "id_prev": "14064.6751007",
    "id_next": "14064.6751009",
    "refcode_1": "14LtMs",
    "refcode_2": "1",
    "refcode_3": "1484",
    "refcode_4": "1899008600",
    "refcode_short": "14LtMs, Lt 86, 1899, par. 2",
    "refcode_long": "Letters and Manuscripts — Volume 14 (1899), Lt 86, 1899, par. 2",
    "element_type": "p",
    "element_subtype": "standard-indented",
    "content": "The Lord has instructed me to tell you that we must consider the work in all its bearings, that it may be proportionate, and not one-sided. Many men are being drawn into the medical missionary work who should be engaged in the ministry. They could learn much by practice, and as they imparted to others the light they received, they would receive more light to impart. It is of the highest importance that now, without delay, we lift the standard of truth in places where it has not yet been planted, and this you will some day realize.",
    "puborder": 2008,
    "translations": []
  },
  {
    "para_id": "14064.6751009",
    "id_prev": "14064.6751008",
    "id_next": "14064.6751010",
    "refcode_1": "14LtMs",
    "refcode_2": "1",
    "refcode_3": "1485",
    "refcode_4": "1899008600",
    "refcode_short": "14LtMs, Lt 86, 1899, par. 3",
    "refcode_long": "Letters and Manuscripts — Volume 14 (1899), Lt 86, 1899, par. 3",
    "element_type": "p",
    "element_subtype": "standard-indented",
    "content": "Among your associate workers are men who have considered this matter, but they leave their thoughts unexpressed and pursue a course to make your mind their mind. When they might counsel you, they remain silent. In this they prove unfaithful to their duty. These men cannot honor God unless they seek Him for their individual selves.",
    "puborder": 2009,
    "translations": []
  },
  {
    "para_id": "14064.6751010",
    "id_prev": "14064.6751009",
    "id_next": "14064.6751011",
    "refcode_1": "14LtMs",
    "refcode_2": "1",
    "refcode_3": "1486",
    "refcode_4": "1899008600",
    "refcode_short": "14LtMs, Lt 86, 1899, par. 4",
    "refcode_long": "Letters and Manuscripts — Volume 14 (1899), Lt 86, 1899, par. 4",
    "element_type": "p",
    "element_subtype": "standard-indented",
    "content": "My brother you do not realize that your mind has a controlling power over other minds and that the ability and talents God has given you are in danger of being misdirected. If you are not guarded, the continued thought and labor you give to the many lines of work you have devised will result in unbalancing your mind and disqualifying you for your legitimate work. God does not design that you shall treat the men whom He has commissioned to give the last message of warning to the world as you have treated those engaged in the medical profession who have not received their education in the same school as yourself, calling them quacks and unreliable men.",
    "puborder": 2010,
    "translations": []
  },
  {
    "para_id": "14064.6751011",
    "id_prev": "14064.6751010",
    "id_next": "14064.6751012",
    "refcode_1": "14LtMs",
    "refcode_2": "1",
    "refcode_3": "1487",
    "refcode_4": "1899008600",
    "refcode_short": "14LtMs, Lt 86, 1899, par. 5",
    "refcode_long": "Letters and Manuscripts — Volume 14 (1899), Lt 86, 1899, par. 5",
    "element_type": "p",
    "element_subtype": "standard-indented",
    "content": "In enlarging the interests of the so-called medical missionary work, you are in danger of cherishing the same ideas in regard to your brethren in the ministry and looking upon them in the same light in which you have regarded all medical practitioners except those who have learned in the same school as yourself. But your expressed opinion has not made quack doctors of those men whom you have denounced, neither does it make your ministering brethren any less reliable.",
    "puborder": 2011,
    "translations": []
  },
  {
    "para_id": "14064.6751012",
    "id_prev": "14064.6751011",
    "id_next": "14064.6751013",
    "refcode_1": "14LtMs",
    "refcode_2": "1",
    "refcode_3": "1488",
    "refcode_4": "1899008600",
    "refcode_short": "14LtMs, Lt 86, 1899, par. 6",
    "refcode_long": "Letters and Manuscripts — Volume 14 (1899), Lt 86, 1899, par. 6",
    "element_type": "p",
    "element_subtype": "standard-indented",
    "content": "My brother, you need to call a halt. God has given you a work to do. He has honored you by placing you in the position which you now hold, and uniting with you men who will co-operate with you in the interests of that line of work for which the sanitarium was brought into existence. This institution has a work to perform as the Lord&rsquo;s appointed agency, and God &lt;will&gt; work with and through you, &lt;when you make Him your Guide and Counsellor.&gt; He designs that this work &lt;of health reform&gt; shall be an entering wedge, to prepare the way for the saving truth for this time, the proclamation of the third angel&rsquo;s message; but it is not to eclipse that message, or hinder its designed success, &lt;for then you work against truth.&gt; This message is the last warning to be given to a fallen world.",
    "puborder": 2012,
    "translations": []
  },
  {
    "para_id": "14064.6751013",
    "id_prev": "14064.6751012",
    "id_next": "14064.6751014",
    "refcode_1": "14LtMs",
    "refcode_2": "1",
    "refcode_3": "1489",
    "refcode_4": "1899008600",
    "refcode_short": "14LtMs, Lt 86, 1899, par. 7",
    "refcode_long": "Letters and Manuscripts — Volume 14 (1899), Lt 86, 1899, par. 7",
    "element_type": "p",
    "element_subtype": "standard-indented",
    "content": "The medical missionary work is to occupy its rightful place, as it ever should have done, in every church in our land. Now selfishness and covetousness and pride prevail, and the attention of the people must be called to the part they have to perform. The church is to act her part in fulfilling the gospel ministry &lt;in Christian reforms.&gt; The Christian world needs to be aroused to take up the work it has dropped. We must have an interest in every soul, for Christ died for all. To every truly converted person God has committed the well-being of souls, and He expects His people to work for them.",
    "puborder": 2013,
    "translations": []
  },
  {
    "para_id": "14064.6751014",
    "id_prev": "14064.6751013",
    "id_next": "14064.6751015",
    "refcode_1": "14LtMs",
    "refcode_2": "1",
    "refcode_3": "1490",
    "refcode_4": "1899008600",
    "refcode_short": "14LtMs, Lt 86, 1899, par. 8",
    "refcode_long": "Letters and Manuscripts — Volume 14 (1899), Lt 86, 1899, par. 8",
    "element_type": "p",
    "element_subtype": "standard-indented",
    "content": "The sanitarium was brought into existence to call men to a knowledge of the only true God, and Jesus Christ whom He has sent, to educate as Christ Himself has directed, teaching them the laws of the kingdom of God. This is, and always will be, the only true Higher Education. In the days of ancient Israel the law of God was considered of such importance that directions were given to the children of Israel to compose that law into song; and as they travelled through the wilderness, they were to sing these songs accompanied with the music of instruments. Thus the requirements of God were indelibly written in their minds and hearts.",
    "puborder": 2014,
    "translations": []
  },
  {
    "para_id": "14064.6751015",
    "id_prev": "14064.6751014",
    "id_next": "14064.6751016",
    "refcode_1": "14LtMs",
    "refcode_2": "1",
    "refcode_3": "1491",
    "refcode_4": "1899008600",
    "refcode_short": "14LtMs, Lt 86, 1899, par. 9",
    "refcode_long": "Letters and Manuscripts — Volume 14 (1899), Lt 86, 1899, par. 9",
    "element_type": "p",
    "element_subtype": "standard-indented",
    "content": "The well-being of souls is largely dependent upon the course pursued by fathers and mothers. The defects in the characters of parents are not only felt by themselves; they reach to their children, and their children&rsquo;s children, even to the third and fourth generation. This fact should have weight with human beings of today. Then the &ldquo;Thou shalt not,&rdquo; of God, which often seems a hardship, would, through the working of the Spirit of God, come to be regarded as a blessing. Converted fathers and mothers would arouse to give instruction to their children. Parents must not neglect to arm their own minds against sin, to guard against that which will not only ruin themselves, but transmit pain and every kind of misery and evil to their offspring. By correctly educating themselves, parents are to teach their children that the Heavens do rule. This established truth is to be taught line upon line, precept upon precept, here a little and there a little.",
    "puborder": 2015,
    "translations": []
  },
  {
    "para_id": "14064.6751016",
    "id_prev": "14064.6751015",
    "id_next": "14064.6751017",
    "refcode_1": "14LtMs",
    "refcode_2": "1",
    "refcode_3": "1492",
    "refcode_4": "1899008600",
    "refcode_short": "14LtMs, Lt 86, 1899, par. 10",
    "refcode_long": "Letters and Manuscripts — Volume 14 (1899), Lt 86, 1899, par. 10",
    "element_type": "p",
    "element_subtype": "standard-indented",
    "content": "Nebuchadnezzar had to learn the lesson that the Lord, and not man, is ruler, that His kingdom is an everlasting kingdom, and His dominion endureth to all generations. By severe discipline the king of Babylon had to learn the lessons he had ignored and forgotten, that it was not his scepter, but the scepter of Him whose kingdom is an everlasting kingdom, that was supreme in its control of the nations. So men through whom God works will have to learn that the living, ever-present ever-acting God is supreme. True medical missionary work will exalt every agency that God has set in the church to preach the gospel, for this was the work of Him who made man, and lent him talents to use, an intellect to originate, a heart to be the seat of his throne, affections, to flow out in blessing all with whom he shall come in contact, a conscience to convict of sin, of righteousness, and of judgment, because he is worked by the Holy Spirit of God.",
    "puborder": 2016,
    "translations": []
  },
  {
    "para_id": "14064.6751017",
    "id_prev": "14064.6751016",
    "id_next": "14064.6751018",
    "refcode_1": "14LtMs",
    "refcode_2": "1",
    "refcode_3": "1493",
    "refcode_4": "1899008600",
    "refcode_short": "14LtMs, Lt 86, 1899, par. 11",
    "refcode_long": "Letters and Manuscripts — Volume 14 (1899), Lt 86, 1899, par. 11",
    "element_type": "p",
    "element_subtype": "standard-indented",
    "content": "Man knows the right, he is intelligent in regard to the wrong, and God has placed him under law. If there were no law, there could be no Lawgiver, no subject, no governor to rule. This is the education that is to be constantly given. The truth for the time in which we live is to be patiently unfolded. We are to proclaim the third angel&rsquo;s message, the last great testing truth for this time. Men and women are to be sanctified through the truth. The number of workers in the ministry is to be increased rather than diminished. The Word of the living God, which is present truth for this time, is to be proclaimed.",
    "puborder": 2017,
    "translations": []
  },
  {
    "para_id": "14064.6751018",
    "id_prev": "14064.6751017",
    "id_next": "14064.6751019",
    "refcode_1": "14LtMs",
    "refcode_2": "1",
    "refcode_3": "1494",
    "refcode_4": "1899008600",
    "refcode_short": "14LtMs, Lt 86, 1899, par. 12",
    "refcode_long": "Letters and Manuscripts — Volume 14 (1899), Lt 86, 1899, par. 12",
    "element_type": "p",
    "element_subtype": "standard-indented",
    "content": "The disciple John writes: &ldquo;After these things I saw another angel come down from heaven, having great power: and the earth was lightened with his glory. And he cried mightily with a strong voice saying, Babylon the great is fallen, is fallen, and is become the habitation of devils, and the hold of every foul spirit, and a cage of every unclean and hateful bird.&rdquo; [<span class=\"egwlink egwlink_bible\" title=\"Revelation 18:1\" data-link=\"1965.63242\">Revelation 18:1, 2</span>.] Read the whole of this chapter, and judge if the minds of God&rsquo;s people should be diverted into any lines that would hinder the message from being given with all its power and efficiency. The human agencies whom God has chosen are to proclaim this message with a loud voice. The world is not to be left in darkness. Revelation means revelation. This is the last work to be done for the world, and those who take part in it are to understand that the message they give is to prepare a people to stand in the great day of God which is fast coming upon us with stealthy, awful dread.",
    "puborder": 2018,
    "translations": []
  },
  {
    "para_id": "14064.6751019",
    "id_prev": "14064.6751018",
    "id_next": "14064.6751020",
    "refcode_1": "14LtMs",
    "refcode_2": "1",
    "refcode_3": "1495",
    "refcode_4": "1899008600",
    "refcode_short": "14LtMs, Lt 86, 1899, par. 13",
    "refcode_long": "Letters and Manuscripts — Volume 14 (1899), Lt 86, 1899, par. 13",
    "element_type": "p",
    "element_subtype": "standard-indented",
    "content": "My brother, I tell you in the name of the Lord that the medical missionary work is to be the arm, and not the body. The idolatrous world must have the message. I have been shown that many who are now being educated in medical lines should be giving the last warning to the world. God will be the instructor of His workers. He has given light, great light, through His own appointed agencies, and He calls upon you, my brother, to fall into line. You have been misapprehending the work to be done for this time. You have often spoken disparagingly of the ministry, making work for the outcasts the all-absorbing theme.",
    "puborder": 2019,
    "translations": []
  },
  {
    "para_id": "14064.6751020",
    "id_prev": "14064.6751019",
    "id_next": "14064.6578001",
    "refcode_1": "14LtMs",
    "refcode_2": "1",
    "refcode_3": "1496",
    "refcode_4": "1899008600",
    "refcode_short": "14LtMs, Lt 86, 1899, par. 14",
    "refcode_long": "Letters and Manuscripts — Volume 14 (1899), Lt 86, 1899, par. 14",
    "element_type": "p",
    "element_subtype": "standard-indented",
    "content": "Some of the men who have been rescued from the slums have been given a work to do to which the Lord has not called them. They have been pressed to the front to speak to others, when they knew comparatively nothing of the truth. They have been led to suppose they were doing the work most essential, but these men need to hear the Message for this time that they may work in the right way. They need converting to the truth. If you lower the banner on which is inscribed, the Commandment of God and the faith of Jesus, you will become an uncertain guide. These poor degraded souls, who have just come out of the darkest places of the earth, are not to be set up and preferred. They have had no experience in the way in which the Lord has led His people, and they have everything to learn before they can become teachers. They need Christianity in the heart, that truth may take the helm.",
    "puborder": 2020,
    "translations": []
  }
]