[
  {
    "para_id": "14064.6384001",
    "id_prev": "14064.4859024",
    "id_next": "14064.6384004",
    "refcode_1": "14LtMs",
    "refcode_2": "1",
    "refcode_3": "",
    "refcode_4": "1899007100",
    "refcode_short": "14LtMs, Lt 71, 1899",
    "refcode_long": "Letters and Manuscripts — Volume 14 (1899), Lt 71, 1899",
    "element_type": "h4",
    "element_subtype": "",
    "content": "Lt 71, 1899",
    "puborder": 1694,
    "translations": []
  },
  {
    "para_id": "14064.6384004",
    "id_prev": "14064.6384001",
    "id_next": "14064.6384002",
    "refcode_1": "14LtMs",
    "refcode_2": "1",
    "refcode_3": "",
    "refcode_4": "1899007100",
    "refcode_short": "",
    "refcode_long": "",
    "element_type": "p",
    "element_subtype": "ltaddressee",
    "content": "Anthony, R. S.",
    "puborder": 1695,
    "translations": []
  },
  {
    "para_id": "14064.6384002",
    "id_prev": "14064.6384004",
    "id_next": "14064.6384003",
    "refcode_1": "14LtMs",
    "refcode_2": "1",
    "refcode_3": "",
    "refcode_4": "1899007100",
    "refcode_short": "",
    "refcode_long": "",
    "element_type": "p",
    "element_subtype": "ltplace",
    "content": "<span class=\"ltplace\" value=\"Cooranbong, New South Wales, Australia\">&ldquo;Sunnyside,&rdquo; Cooranbong, New South Wales</span>",
    "puborder": 1696,
    "translations": []
  },
  {
    "para_id": "14064.6384003",
    "id_prev": "14064.6384002",
    "id_next": "14064.6384005",
    "refcode_1": "14LtMs",
    "refcode_2": "1",
    "refcode_3": "",
    "refcode_4": "1899007100",
    "refcode_short": "",
    "refcode_long": "",
    "element_type": "p",
    "element_subtype": "ltdate",
    "content": "<span class=\"ltdate\" start=\"April 17, 1899\">April 17, 1899</span>",
    "puborder": 1697,
    "translations": []
  },
  {
    "para_id": "14064.6384005",
    "id_prev": "14064.6384003",
    "id_next": "14064.6384006",
    "refcode_1": "14LtMs",
    "refcode_2": "1",
    "refcode_3": "",
    "refcode_4": "1899007100",
    "refcode_short": "",
    "refcode_long": "",
    "element_type": "p",
    "element_subtype": "ltpubinfo",
    "content": "Previously unpublished.",
    "puborder": 1698,
    "translations": []
  },
  {
    "para_id": "14064.6384006",
    "id_prev": "14064.6384005",
    "id_next": "14064.6384007",
    "refcode_1": "14LtMs",
    "refcode_2": "1",
    "refcode_3": "",
    "refcode_4": "1899007100",
    "refcode_short": "",
    "refcode_long": "",
    "element_type": "p",
    "element_subtype": "ltsalutation",
    "content": "Dear Brother Anthony:",
    "puborder": 1699,
    "translations": []
  },
  {
    "para_id": "14064.6384007",
    "id_prev": "14064.6384006",
    "id_next": "14064.6384008",
    "refcode_1": "14LtMs",
    "refcode_2": "1",
    "refcode_3": "1275",
    "refcode_4": "1899007100",
    "refcode_short": "14LtMs, Lt 71, 1899, par. 1",
    "refcode_long": "Letters and Manuscripts — Volume 14 (1899), Lt 71, 1899, par. 1",
    "element_type": "p",
    "element_subtype": "standard-indented",
    "content": "I have a few words to say to you this morning. I cannot write much, for the mail to Africa must leave this morning. I intended writing to you yesterday, but Brother and Sister Starr and a sister who stands in a responsible position in Hamilton, Newcastle, were here visiting us. This sister has been convicted of the truth for several weeks, but has only just come to the point of decision. Thank the Lord for this. None of her family are with her, but have opposed every step of advance. The Lord is working upon her mind, and she is now fully convinced of the truth. May the Lord strengthen her.",
    "puborder": 1700,
    "translations": []
  },
  {
    "para_id": "14064.6384008",
    "id_prev": "14064.6384007",
    "id_next": "14064.6384009",
    "refcode_1": "14LtMs",
    "refcode_2": "1",
    "refcode_3": "1276",
    "refcode_4": "1899007100",
    "refcode_short": "14LtMs, Lt 71, 1899, par. 2",
    "refcode_long": "Letters and Manuscripts — Volume 14 (1899), Lt 71, 1899, par. 2",
    "element_type": "p",
    "element_subtype": "standard-indented",
    "content": "A matter has been presented to me by letter for advice in regard to the color line. When you see souls seeking for the truth as for hidden treasure, no distinction should be made because of the color of the skin. All are to be treated as Christ would treat them. This is a vexed question, because of human prejudice. The world&rsquo;s Redeemer made no difference because of caste, nationality, or color. He, the Majesty of heaven, gave His life for the life of the world, and all who receive Him are His property and are to be treated as such.",
    "puborder": 1701,
    "translations": []
  },
  {
    "para_id": "14064.6384009",
    "id_prev": "14064.6384008",
    "id_next": "14064.6384010",
    "refcode_1": "14LtMs",
    "refcode_2": "1",
    "refcode_3": "1277",
    "refcode_4": "1899007100",
    "refcode_short": "14LtMs, Lt 71, 1899, par. 3",
    "refcode_long": "Letters and Manuscripts — Volume 14 (1899), Lt 71, 1899, par. 3",
    "element_type": "p",
    "element_subtype": "standard-indented",
    "content": "&ldquo;As many as received him, to them gave he power to become the sons of God, even to them that believe on his name.&rdquo; [<span class=\"egwlink egwlink_bible\" title=\"John 1:12\" data-link=\"1965.53156\">John 1:12</span>.] Think of this. Shall we make distinction between believers because of color? Never. Among the colored people are some of the choicest souls, and shall we venture to say, &ldquo;Don&rsquo;t sit near me; You are black; I am white&rdquo;? Rest assured that the one who takes this position needs to have his soul washed and purified from its uncleanness.",
    "puborder": 1702,
    "translations": []
  },
  {
    "para_id": "14064.6384010",
    "id_prev": "14064.6384009",
    "id_next": "14064.6384011",
    "refcode_1": "14LtMs",
    "refcode_2": "1",
    "refcode_3": "1278",
    "refcode_4": "1899007100",
    "refcode_short": "14LtMs, Lt 71, 1899, par. 4",
    "refcode_long": "Letters and Manuscripts — Volume 14 (1899), Lt 71, 1899, par. 4",
    "element_type": "p",
    "element_subtype": "standard-indented",
    "content": "I will write you further on this subject another time. I wish to ask you why you hold on to Brother John Wessels. Has the Lord given you light from heaven, that you venture to do this? I write this merely for you, but I say, Take your hands off. The whole family needs to be broken up, and obtain an experience altogether different from that they have had, or they will lose their souls. In the place of hindering him, you should have helped him to make this change with as little delay as possible. I would not have written him as I have done if I had not understood what I was writing about. He is waiting for me to say more than I have said, leaving him no chance to exercise faith. I shall never do this. He must seek light from God, and walk in the light as He is in the light.",
    "puborder": 1703,
    "translations": []
  },
  {
    "para_id": "14064.6384011",
    "id_prev": "14064.6384010",
    "id_next": "14064.6384012",
    "refcode_1": "14LtMs",
    "refcode_2": "1",
    "refcode_3": "1279",
    "refcode_4": "1899007100",
    "refcode_short": "14LtMs, Lt 71, 1899, par. 5",
    "refcode_long": "Letters and Manuscripts — Volume 14 (1899), Lt 71, 1899, par. 5",
    "element_type": "p",
    "element_subtype": "standard-indented",
    "content": "I now leave this matter with you to act upon discreetly. I can say no more now. May the Lord help you, and give you clear discernment, is my prayer.",
    "puborder": 1704,
    "translations": []
  },
  {
    "para_id": "14064.6384012",
    "id_prev": "14064.6384011",
    "id_next": "14064.6384013",
    "refcode_1": "14LtMs",
    "refcode_2": "1",
    "refcode_3": "1280",
    "refcode_4": "1899007100",
    "refcode_short": "14LtMs, Lt 71, 1899, par. 6",
    "refcode_long": "Letters and Manuscripts — Volume 14 (1899), Lt 71, 1899, par. 6",
    "element_type": "p",
    "element_subtype": "standard-indented",
    "content": "In much love.",
    "puborder": 1705,
    "translations": []
  },
  {
    "para_id": "14064.6384013",
    "id_prev": "14064.6384012",
    "id_next": "14064.6836001",
    "refcode_1": "14LtMs",
    "refcode_2": "1",
    "refcode_3": "1281",
    "refcode_4": "1899007100",
    "refcode_short": "14LtMs, Lt 71, 1899, par. 7",
    "refcode_long": "Letters and Manuscripts — Volume 14 (1899), Lt 71, 1899, par. 7",
    "element_type": "p",
    "element_subtype": "standard-indented",
    "content": "P.S. Show this to Brother Hyatt. Tell him not to hinder in this case.",
    "puborder": 1706,
    "translations": []
  }
]