[
  {
    "para_id": "14064.5450001",
    "id_prev": "14064.13658003",
    "id_next": "14064.5450004",
    "refcode_1": "14LtMs",
    "refcode_2": "1",
    "refcode_3": "",
    "refcode_4": "1899012700",
    "refcode_short": "14LtMs, Lt 127, 1899",
    "refcode_long": "Letters and Manuscripts — Volume 14 (1899), Lt 127, 1899",
    "element_type": "h4",
    "element_subtype": "",
    "content": "Lt 127, 1899",
    "puborder": 2911,
    "translations": []
  },
  {
    "para_id": "14064.5450004",
    "id_prev": "14064.5450001",
    "id_next": "14064.5450002",
    "refcode_1": "14LtMs",
    "refcode_2": "1",
    "refcode_3": "",
    "refcode_4": "1899012700",
    "refcode_short": "",
    "refcode_long": "",
    "element_type": "p",
    "element_subtype": "ltaddressee",
    "content": "Jones, C. H.",
    "puborder": 2912,
    "translations": []
  },
  {
    "para_id": "14064.5450002",
    "id_prev": "14064.5450004",
    "id_next": "14064.5450003",
    "refcode_1": "14LtMs",
    "refcode_2": "1",
    "refcode_3": "",
    "refcode_4": "1899012700",
    "refcode_short": "",
    "refcode_long": "",
    "element_type": "p",
    "element_subtype": "ltplace",
    "content": "<span class=\"ltplace\" value=\"Cooranbong, New South Wales, Australia\">&ldquo;Sunnyside,&rdquo; Cooranbong, New South Wales, Australia</span>",
    "puborder": 2913,
    "translations": []
  },
  {
    "para_id": "14064.5450003",
    "id_prev": "14064.5450002",
    "id_next": "14064.5450005",
    "refcode_1": "14LtMs",
    "refcode_2": "1",
    "refcode_3": "",
    "refcode_4": "1899012700",
    "refcode_short": "",
    "refcode_long": "",
    "element_type": "p",
    "element_subtype": "ltdate",
    "content": "<span class=\"ltdate\" start=\"May 11, 1899\">May 11, 1899</span>",
    "puborder": 2914,
    "translations": []
  },
  {
    "para_id": "14064.5450005",
    "id_prev": "14064.5450003",
    "id_next": "14064.5450006",
    "refcode_1": "14LtMs",
    "refcode_2": "1",
    "refcode_3": "",
    "refcode_4": "1899012700",
    "refcode_short": "",
    "refcode_long": "",
    "element_type": "p",
    "element_subtype": "ltpubinfo",
    "content": "Previously unpublished.",
    "puborder": 2915,
    "translations": []
  },
  {
    "para_id": "14064.5450006",
    "id_prev": "14064.5450005",
    "id_next": "14064.5450007",
    "refcode_1": "14LtMs",
    "refcode_2": "1",
    "refcode_3": "",
    "refcode_4": "1899012700",
    "refcode_short": "",
    "refcode_long": "",
    "element_type": "p",
    "element_subtype": "ltsalutation",
    "content": "Dear Brother Jones:",
    "puborder": 2916,
    "translations": []
  },
  {
    "para_id": "14064.5450007",
    "id_prev": "14064.5450006",
    "id_next": "14064.5450008",
    "refcode_1": "14LtMs",
    "refcode_2": "1",
    "refcode_3": "2114",
    "refcode_4": "1899012700",
    "refcode_short": "14LtMs, Lt 127, 1899, par. 1",
    "refcode_long": "Letters and Manuscripts — Volume 14 (1899), Lt 127, 1899, par. 1",
    "element_type": "p",
    "element_subtype": "standard-indented",
    "content": "Can you give me any information in regard to the money raised for the Southern Field? The neglect of his field is again urged upon me. This matter has been presented to you so many times that I feel sad to have to bring it before you again. I do not need this additional burden. In regard to the royalties on books it was thought best to ask the authors to wipe out their claims, but God calls for a full restitution of the means raised for the Southern Field. Whatever the condition of the institutions in Battle Creek or on the Pacific Coast, they had no right to use this money for any other purpose than that for which it was raised. I ask you again, where is that money?",
    "puborder": 2917,
    "translations": []
  },
  {
    "para_id": "14064.5450008",
    "id_prev": "14064.5450007",
    "id_next": "14064.5450009",
    "refcode_1": "14LtMs",
    "refcode_2": "1",
    "refcode_3": "2115",
    "refcode_4": "1899012700",
    "refcode_short": "14LtMs, Lt 127, 1899, par. 2",
    "refcode_long": "Letters and Manuscripts — Volume 14 (1899), Lt 127, 1899, par. 2",
    "element_type": "p",
    "element_subtype": "standard-indented",
    "content": "I am writing on the subject of the unfaithful husbandmen. The Lord made terms with these stewards to return to Him the fruits of His vineyard at a specified time. A certain amount of fruit was to be given in its season. The whole vineyard was the Lord&rsquo;s, and as the owner He had a right to expect a revenue from it.",
    "puborder": 2918,
    "translations": []
  },
  {
    "para_id": "14064.5450009",
    "id_prev": "14064.5450008",
    "id_next": "14064.5450010",
    "refcode_1": "14LtMs",
    "refcode_2": "1",
    "refcode_3": "2116",
    "refcode_4": "1899012700",
    "refcode_short": "14LtMs, Lt 127, 1899, par. 3",
    "refcode_long": "Letters and Manuscripts — Volume 14 (1899), Lt 127, 1899, par. 3",
    "element_type": "p",
    "element_subtype": "standard-indented",
    "content": "Through His servant Isaiah, the Lord declares, &ldquo;The vineyard of the Lord of hosts is the whole house of Israel.&rdquo; [<span class=\"egwlink egwlink_bible\" title=\"Isaiah 5:7\" data-link=\"1965.36202\">Isaiah 5:7</span>.] Again the church is represented by a vine brought out of Egypt and planted in the Holy Land. Christ represents the union which should exist between Him and the church by a vine. &ldquo;I am the vine,&rdquo; He says, &ldquo;ye are the branches.&rdquo; [<span class=\"egwlink egwlink_bible\" title=\"John 15:5\" data-link=\"1965.54466\">John 15:5</span>.]",
    "puborder": 2919,
    "translations": []
  },
  {
    "para_id": "14064.5450010",
    "id_prev": "14064.5450009",
    "id_next": "14064.5450011",
    "refcode_1": "14LtMs",
    "refcode_2": "1",
    "refcode_3": "2117",
    "refcode_4": "1899012700",
    "refcode_short": "14LtMs, Lt 127, 1899, par. 4",
    "refcode_long": "Letters and Manuscripts — Volume 14 (1899), Lt 127, 1899, par. 4",
    "element_type": "p",
    "element_subtype": "standard-indented",
    "content": "In this the Lord has a lesson to give to His children. They are His chosen ones, favored above all other people on the face of the earth, and He calls them to show forth the praises of Him who has called them out of darkness into His marvelous light. The blessings which are so liberally bestowed upon them, they are to respond to by returning to the Lord the fruits essential for the advancement of His kingdom and the glory of His name. The blessings and privileges granted to God&rsquo;s people mean sacred responsibilities. God required that the returns shall be proportionate to the blessings received. Those who receive largely are to divide their goods with their fellow laborers.",
    "puborder": 2920,
    "translations": []
  },
  {
    "para_id": "14064.5450011",
    "id_prev": "14064.5450010",
    "id_next": "14064.5450012",
    "refcode_1": "14LtMs",
    "refcode_2": "1",
    "refcode_3": "2118",
    "refcode_4": "1899012700",
    "refcode_short": "14LtMs, Lt 127, 1899, par. 5",
    "refcode_long": "Letters and Manuscripts — Volume 14 (1899), Lt 127, 1899, par. 5",
    "element_type": "p",
    "element_subtype": "standard-indented",
    "content": "God requires that the tithes and offerings shall be regarded as sacred by those who are in charge of the Lord&rsquo;s vineyard. Faithful returns are to be made to Him. Those portions of the Lord&rsquo;s vineyard which have received the most advantages should prove that they are benefitted by these advantages by rendering to God His own in unselfish, devoted service; for this He requires. The gratitude of the heart is to be expressed in deeds of holiness and strictest integrity.",
    "puborder": 2921,
    "translations": []
  },
  {
    "para_id": "14064.5450012",
    "id_prev": "14064.5450011",
    "id_next": "14064.5450013",
    "refcode_1": "14LtMs",
    "refcode_2": "1",
    "refcode_3": "2119",
    "refcode_4": "1899012700",
    "refcode_short": "14LtMs, Lt 127, 1899, par. 6",
    "refcode_long": "Letters and Manuscripts — Volume 14 (1899), Lt 127, 1899, par. 6",
    "element_type": "p",
    "element_subtype": "standard-indented",
    "content": "It is for the advantage of the husbandmen to render to the Lord the fruits in their season, for the well cultivated vineyard speaks for the faithfulness of the caretaker. Any deviation from integrity, in allowing parts of the vineyard to remain unworked, limit the powers of that part to bear fruit, for it is capable of bearing just as good fruit as other portions of the field if it has proper advantages. God sees the barren, unworked parts of His vineyard, and He wants these parts worked. The message we bear is a worldwide message. The good news of salvation is to go to every kindred, tongue and people. Shall this work be bound about because some of the husbandmen appropriate all the facilities to that portion of the field over which they have supervision?",
    "puborder": 2922,
    "translations": []
  },
  {
    "para_id": "14064.5450013",
    "id_prev": "14064.5450012",
    "id_next": "14064.5450014",
    "refcode_1": "14LtMs",
    "refcode_2": "1",
    "refcode_3": "2120",
    "refcode_4": "1899012700",
    "refcode_short": "14LtMs, Lt 127, 1899, par. 7",
    "refcode_long": "Letters and Manuscripts — Volume 14 (1899), Lt 127, 1899, par. 7",
    "element_type": "p",
    "element_subtype": "standard-indented",
    "content": "The Lord made a covenant with the Jewish nation if they would be loyal to the Lord of the vineyard, who had placed His goods in their hands, and unselfishly return to the Lord the fruits of His enriched land. As the husbandmen, they were to do unselfish, faithful work for every part, and not bind up all the blessings and facilities in one part. We should be awake to see all the improvements that can be made, and use to the best advantage the Lord&rsquo;s money.",
    "puborder": 2923,
    "translations": []
  },
  {
    "para_id": "14064.5450014",
    "id_prev": "14064.5450013",
    "id_next": "14064.5450015",
    "refcode_1": "14LtMs",
    "refcode_2": "1",
    "refcode_3": "2121",
    "refcode_4": "1899012700",
    "refcode_short": "14LtMs, Lt 127, 1899, par. 8",
    "refcode_long": "Letters and Manuscripts — Volume 14 (1899), Lt 127, 1899, par. 8",
    "element_type": "p",
    "element_subtype": "standard-indented",
    "content": "There are fields desolate and bare, in which much work needs to be done. Selfishness and covetousness has been brought in, and everything possible is centered in a few places. Plants are not made in other portions of the vineyard, and the Lord&rsquo;s way is not prepared, His paths are not made straight. He cannot gather fruit from the trees of His planting. The Lord has work to be done that is not done, because every advantage is centered in a few places. God calls this unfaithful stewardship.",
    "puborder": 2924,
    "translations": []
  },
  {
    "para_id": "14064.5450015",
    "id_prev": "14064.5450014",
    "id_next": "14064.5450016",
    "refcode_1": "14LtMs",
    "refcode_2": "1",
    "refcode_3": "2122",
    "refcode_4": "1899012700",
    "refcode_short": "14LtMs, Lt 127, 1899, par. 9",
    "refcode_long": "Letters and Manuscripts — Volume 14 (1899), Lt 127, 1899, par. 9",
    "element_type": "p",
    "element_subtype": "standard-indented",
    "content": "God revealed Himself in great power to ancient Israel. He designed that through this nation His name should be magnified in all parts of the world. Their advantages were not to lead them to glorify themselves. They were to glorify His name by them, in appropriating facilities to the more destitute fields. But God&rsquo;s name was not glorified; and selfishness and covetousness has marked the path of God&rsquo;s people all the way from the time of ancient Israel to the present day. The good that God has purposed to do has not been done because of this unfaithful stewardship, and He will take away the trust from those who have proved untrustworthy.",
    "puborder": 2925,
    "translations": []
  },
  {
    "para_id": "14064.5450016",
    "id_prev": "14064.5450015",
    "id_next": "14064.5450017",
    "refcode_1": "14LtMs",
    "refcode_2": "1",
    "refcode_3": "2123",
    "refcode_4": "1899012700",
    "refcode_short": "14LtMs, Lt 127, 1899, par. 10",
    "refcode_long": "Letters and Manuscripts — Volume 14 (1899), Lt 127, 1899, par. 10",
    "element_type": "p",
    "element_subtype": "standard-indented",
    "content": "In every work God entrusts to the hands of men He leaves room for the development of character. He has sent message after message to this people as He did to ancient Israel, but still the human traits of character are seen in the selfish, covetous appropriation of means. God is watching every institution to see how it will trade upon His goods. He has sent servants to overlook His vineyard; but words have been spoken that to a large extent have made of no effect the message brought. His service is now mingled with selfishness, and God is dishonored.",
    "puborder": 2926,
    "translations": []
  },
  {
    "para_id": "14064.5450017",
    "id_prev": "14064.5450016",
    "id_next": "14064.5450018",
    "refcode_1": "14LtMs",
    "refcode_2": "1",
    "refcode_3": "2124",
    "refcode_4": "1899012700",
    "refcode_short": "14LtMs, Lt 127, 1899, par. 11",
    "refcode_long": "Letters and Manuscripts — Volume 14 (1899), Lt 127, 1899, par. 11",
    "element_type": "p",
    "element_subtype": "standard-indented",
    "content": "The common fire, in the place of the sacred, is used. Man&rsquo;s opinions and devisings have created a condition of things which is not as God would have it. Matters are not now as they should be to represent the work for this time. The message that should come to the world is being warped to meet the convenience of men who desire to make a success of their worldly business. Money is invested in worldly enterprises and bound up in schemes which are not after God&rsquo;s order.",
    "puborder": 2927,
    "translations": []
  },
  {
    "para_id": "14064.5450018",
    "id_prev": "14064.5450017",
    "id_next": "14064.5196001",
    "refcode_1": "14LtMs",
    "refcode_2": "1",
    "refcode_3": "2125",
    "refcode_4": "1899012700",
    "refcode_short": "14LtMs, Lt 127, 1899, par. 12",
    "refcode_long": "Letters and Manuscripts — Volume 14 (1899), Lt 127, 1899, par. 12",
    "element_type": "p",
    "element_subtype": "standard-indented",
    "content": "We must not move impulsively, regardless of the poverty stricken fields which have nothing to give character to the work. Men are to heed the warnings Christ has given in regard to moving with consideration. He asks the question, &ldquo;Which of you, intending to build a tower, sitteth not down first, and counteth the cost, whether he have sufficient to finish it? Lest haply, after he hath laid the foundation, and is not able to finish it, all that behold it, begin to mock him, saying, This man began to build, and was not able to finish. Or what king, going to war against another king, sitteth not down first, and consulteth whether he be able with ten thousand to meet him that cometh against him with twenty thousand? Or else, while the other is yet a great way off, he sendeth an embassage and desireth conditions of peace. So likewise, whosoever he be of you that forsaketh not all that he hath, he cannot be my disciple.&rdquo; [<span class=\"egwlink egwlink_bible\" title=\"Luke 14:28\" data-link=\"1965.52194\">Luke 14:28-33</span>.]",
    "puborder": 2928,
    "translations": []
  }
]