[
  {
    "para_id": "14062.5846001",
    "id_prev": "14062.6058031",
    "id_next": "14062.5846004",
    "refcode_1": "12LtMs",
    "refcode_2": "1",
    "refcode_3": "",
    "refcode_4": "1897104600",
    "refcode_short": "12LtMs, Ms 46, 1897",
    "refcode_long": "Letters and Manuscripts — Volume 12 (1897), Ms 46, 1897",
    "element_type": "h4",
    "element_subtype": "",
    "content": "Ms 46, 1897",
    "puborder": 6743,
    "translations": []
  },
  {
    "para_id": "14062.5846004",
    "id_prev": "14062.5846001",
    "id_next": "14062.5846002",
    "refcode_1": "12LtMs",
    "refcode_2": "1",
    "refcode_3": "",
    "refcode_4": "1897104600",
    "refcode_short": "",
    "refcode_long": "",
    "element_type": "p",
    "element_subtype": "mstitle",
    "content": "&ldquo;The Entrance of Thy Word Giveth Light&rdquo;",
    "puborder": 6744,
    "translations": []
  },
  {
    "para_id": "14062.5846002",
    "id_prev": "14062.5846004",
    "id_next": "14062.5846003",
    "refcode_1": "12LtMs",
    "refcode_2": "1",
    "refcode_3": "",
    "refcode_4": "1897104600",
    "refcode_short": "",
    "refcode_long": "",
    "element_type": "p",
    "element_subtype": "msplace",
    "content": "<span class=\"msplace\" value=\"NP\">NP</span>",
    "puborder": 6745,
    "translations": []
  },
  {
    "para_id": "14062.5846003",
    "id_prev": "14062.5846002",
    "id_next": "14062.5846005",
    "refcode_1": "12LtMs",
    "refcode_2": "1",
    "refcode_3": "",
    "refcode_4": "1897104600",
    "refcode_short": "",
    "refcode_long": "",
    "element_type": "p",
    "element_subtype": "msdate",
    "content": "<span class=\"msdate\" start=\"May 2, 1897\">May 2, 1897</span>",
    "puborder": 6746,
    "translations": []
  },
  {
    "para_id": "14062.5846005",
    "id_prev": "14062.5846003",
    "id_next": "14062.5846006",
    "refcode_1": "12LtMs",
    "refcode_2": "1",
    "refcode_3": "",
    "refcode_4": "1897104600",
    "refcode_short": "",
    "refcode_long": "",
    "element_type": "p",
    "element_subtype": "mspubinfo",
    "content": "Portions of this manuscript are published in <span class=\"egwlink egwlink_book\" title=\"TDG 131\" data-link=\"149.951\">TDG 131</span>.",
    "puborder": 6747,
    "translations": []
  },
  {
    "para_id": "14062.5846006",
    "id_prev": "14062.5846005",
    "id_next": "14062.5846007",
    "refcode_1": "12LtMs",
    "refcode_2": "1",
    "refcode_3": "4952",
    "refcode_4": "1897104600",
    "refcode_short": "12LtMs, Ms 46, 1897, par. 1",
    "refcode_long": "Letters and Manuscripts — Volume 12 (1897), Ms 46, 1897, par. 1",
    "element_type": "p",
    "element_subtype": "standard-indented",
    "content": "&ldquo;One generation shall praise thy works to another, and shall declare thy mighty acts. I will speak of the glorious honor of thy majesty, and of thy wondrous works. And men shall speak of the might of thy terrible acts: and I will declare thy greatness. They shall abundantly utter the memory of thy great goodness, and shall sing of thy righteousness.&rdquo; [<span class=\"egwlink egwlink_bible\" title=\"Psalm 145:4\" data-link=\"1965.33293\">Psalm 145:4-7</span>.]",
    "puborder": 6748,
    "translations": []
  },
  {
    "para_id": "14062.5846007",
    "id_prev": "14062.5846006",
    "id_next": "14062.5846008",
    "refcode_1": "12LtMs",
    "refcode_2": "1",
    "refcode_3": "4953",
    "refcode_4": "1897104600",
    "refcode_short": "12LtMs, Ms 46, 1897, par. 2",
    "refcode_long": "Letters and Manuscripts — Volume 12 (1897), Ms 46, 1897, par. 2",
    "element_type": "p",
    "element_subtype": "standard-indented",
    "content": "The knowledge of the way of the Lord is increasing, and will continue to increase. Hereby and superstition are clothing the world in the sackcloth garments of rebellion and transgression. Literature and cheap fiction of every order is circulated like the leaves of autumn, and the minds of thousands are so taken up with irreligious, cheap trash that there is no place in the mind for solid reading. The Word of God and all that would elevate man from his degradation is passed by with indifference.",
    "puborder": 6749,
    "translations": []
  },
  {
    "para_id": "14062.5846008",
    "id_prev": "14062.5846007",
    "id_next": "14062.5846009",
    "refcode_1": "12LtMs",
    "refcode_2": "1",
    "refcode_3": "4954",
    "refcode_4": "1897104600",
    "refcode_short": "12LtMs, Ms 46, 1897, par. 3",
    "refcode_long": "Letters and Manuscripts — Volume 12 (1897), Ms 46, 1897, par. 3",
    "element_type": "p",
    "element_subtype": "standard-indented",
    "content": "But the Word of God contains the truth, and all those who support the truth of God for this time are doing their work for time and for eternity. Those who bring the Word of God into mind and heart are distinctly taking their stand on the side of God and the universe of heaven. They will stand heart to heart and hand to hand in defence of the holy and the pure, that which will stand the test of ages. Those who support error by word and pen and voice, and by the oppression of those who are linked with the truth, are ranged upon the other side, with the first great apostate and the evil men who are his agents. The Word declares of these that they shall &ldquo;wax worse and worse, deceiving and being deceived.&rdquo; [<span class=\"egwlink egwlink_bible\" title=\"2 Timothy 3:13\" data-link=\"1965.60918\">2 Timothy 3:13</span>.] And on one of these two sides, men will labor to the end.",
    "puborder": 6750,
    "translations": []
  },
  {
    "para_id": "14062.5846009",
    "id_prev": "14062.5846008",
    "id_next": "14062.5846010",
    "refcode_1": "12LtMs",
    "refcode_2": "1",
    "refcode_3": "4955",
    "refcode_4": "1897104600",
    "refcode_short": "12LtMs, Ms 46, 1897, par. 4",
    "refcode_long": "Letters and Manuscripts — Volume 12 (1897), Ms 46, 1897, par. 4",
    "element_type": "p",
    "element_subtype": "standard-indented",
    "content": "All our powers belong to God. They are His by creation, and by redemption. God has given to every one His measure of power, and He expects each to put it forth on the side of truth. Thus it is to shine forth. The Christian is to stand with undivided interest on the Lord&rsquo;s side. &ldquo;Now abideth faith, hope, love.&rdquo; [<span class=\"egwlink egwlink_bible\" title=\"1 Corinthians 13:13\" data-link=\"1965.58480\">1 Corinthians 13:13</span>.] Faith looks through discouraging difficulties, and lays hold of the unseen, even Omnipotence, therefore it cannot be baffled. Faith, hope, and love are sisters, and their works blend perfectly to shine amid the moral darkness of the world. The children and the youth are to be instructed; the ignorant are to be taught by patient effort to know what is truth. It is to be given them line upon line.",
    "puborder": 6751,
    "translations": []
  },
  {
    "para_id": "14062.5846010",
    "id_prev": "14062.5846009",
    "id_next": "14062.5846011",
    "refcode_1": "12LtMs",
    "refcode_2": "1",
    "refcode_3": "4956",
    "refcode_4": "1897104600",
    "refcode_short": "12LtMs, Ms 46, 1897, par. 5",
    "refcode_long": "Letters and Manuscripts — Volume 12 (1897), Ms 46, 1897, par. 5",
    "element_type": "p",
    "element_subtype": "standard-indented",
    "content": "Every agent may find something to do in saving souls and advancing the truth of God. By the Spirit&rsquo;s power, this truth is to be carried into the inner sanctuary of the soul and work upon the conscience, and its presence there is revealed by the works done to restore the moral image of God in man. There is too much vague instruction. Is it not best to know individually what we believe ourselves, and in what our faith consists? Then we shall be able to say, &ldquo;Grace and peace be multiplied unto you through the knowledge of God, and of Jesus our Lord, according as his divine power hath given unto us all things that pertain unto life and godliness, through the knowledge of him that has called us to glory and virtue: whereby are given unto us exceeding great and precious promises: that by these ye might be partakers of the divine nature, having escaped the corruption that is in the world through lust.&rdquo; [<span class=\"egwlink egwlink_bible\" title=\"2 Peter 1:2\" data-link=\"1965.62183\">2 Peter 1:2-4</span>.]",
    "puborder": 6752,
    "translations": []
  },
  {
    "para_id": "14062.5846011",
    "id_prev": "14062.5846010",
    "id_next": "14062.6739001",
    "refcode_1": "12LtMs",
    "refcode_2": "1",
    "refcode_3": "4957",
    "refcode_4": "1897104600",
    "refcode_short": "12LtMs, Ms 46, 1897, par. 6",
    "refcode_long": "Letters and Manuscripts — Volume 12 (1897), Ms 46, 1897, par. 6",
    "element_type": "p",
    "element_subtype": "standard-indented",
    "content": "&ldquo;For we have not followed cunningly devised fables, when we made known unto you the power and coming of our Lord Jesus Christ, but were eye-witnesses of his majesty. For he received from God the Father honour and glory, when there came such a voice from Him from the excellent glory, This is my beloved Son, in whom I am well pleased. And this voice which came from heaven we heard, when we were with Him in the holy mount. We have also a more sure word of prophecy: whereunto ye do well that ye take heed, as unto a light that shineth in a dark place, until the day dawn and the day star arise in your hearts: Knowing this first, that no prophecy of the Scripture is of any private interpretation. For the prophecy came not in old time by the will of man, but holy men of God spake as they were moved by the Holy Ghost.&rdquo; [<span class=\"egwlink egwlink_bible\" title=\"2 Peter 1:16\" data-link=\"1965.62211\">Verses  16-21</span>.]",
    "puborder": 6753,
    "translations": []
  }
]