[
  {
    "para_id": "975.18",
    "id_prev": "975.17",
    "id_next": "975.19",
    "refcode_1": "BQACM",
    "refcode_2": "5",
    "refcode_3": "",
    "refcode_4": "",
    "refcode_short": "BQACM 5",
    "refcode_long": "Bible Questions and Answers Concerning Man, p. 5 (Alonzo Trevier Jones)",
    "element_type": "h3",
    "element_subtype": "",
    "content": "WHERE DO MEN GO WHEN THEY DIE?",
    "puborder": 13,
    "translations": []
  },
  {
    "para_id": "975.19",
    "id_prev": "975.18",
    "id_next": "975.20",
    "refcode_1": "BQACM",
    "refcode_2": "5",
    "refcode_3": "2",
    "refcode_4": "",
    "refcode_short": "BQACM 5.2",
    "refcode_long": "Bible Questions and Answers Concerning Man, p. 5.2 (Alonzo Trevier Jones)",
    "element_type": "p",
    "element_subtype": "standard-indented",
    "content": "Another important question concerning man, one which has, no doubt, been asked by every person that ever lived long enough to think at all upon the subject, is, When a man dies, where does he go? What is his condition? etc., etc. This question the Bible asks: &ldquo;Man dieth, and wasteth away; yea, man giveth up the ghost, and where is he?&rdquo; <span class=\"egwlink egwlink_bible\" title=\"Job 14:10\" data-link=\"1965.26853\">Job 14:10</span>.",
    "puborder": 14,
    "translations": []
  },
  {
    "para_id": "975.20",
    "id_prev": "975.19",
    "id_next": "975.22",
    "refcode_1": "BQACM",
    "refcode_2": "5",
    "refcode_3": "3",
    "refcode_4": "",
    "refcode_short": "BQACM 5.3",
    "refcode_long": "Bible Questions and Answers Concerning Man, p. 5.3 (Alonzo Trevier Jones)",
    "element_type": "p",
    "element_subtype": "standard-indented",
    "content": "Of course, there have been many answers given to this question; and there are yet many, even in this land where Bibles are scattered everywhere. Some say that if he die wicked, he is in hell; if he die righteous, he is in heaven. Others say that he is in neither hell nor heaven, but in purgatory; and yet others, that he is in none of these, but has passed to the &ldquo;spheres,&rdquo; and still associates and communicates with those who still live. Of course, all these answers cannot be the right ones; and, as a matter of fact, not one of them is the right one. The Bible alone is that which gives the right answer to this, its own question. And as it is alone the Bible answers to Bible questions that we are now studying, that alone shall be what we shall seek on this question of where is man when he has died.",
    "puborder": 15,
    "translations": []
  },
  {
    "para_id": "975.22",
    "id_prev": "975.20",
    "id_next": "975.23",
    "refcode_1": "BQACM",
    "refcode_2": "6",
    "refcode_3": "1",
    "refcode_4": "",
    "refcode_short": "BQACM 6.1",
    "refcode_long": "Bible Questions and Answers Concerning Man, p. 6.1 (Alonzo Trevier Jones)",
    "element_type": "p",
    "element_subtype": "standard-indented",
    "content": "&ldquo;Man dieth, and wasteth away; yea, man giveth up the ghost, and where is he?&rdquo; Answer: &ldquo;The heart of the sons of men is full of evil, and madness is in their heart while they live, and after that they go to the dead.&rdquo; <span class=\"egwlink egwlink_bible\" title=\"Ecclesiastes 9:3\" data-link=\"1965.35648\">Ecclesiastes 9:3</span>. To good King Josiah God said, &ldquo;Thou shalt be gathered into thy grave in peace.&rdquo; <span class=\"egwlink egwlink_bible\" title=\"2 Kings 22:20\" data-link=\"1965.20680\">2 Kings 22:20</span>. Of the wicked He also says, &ldquo;Yet shall he be brought to the grave, and shall remain in the tomb.&rdquo; <span class=\"egwlink egwlink_bible\" title=\"Job 21:32\" data-link=\"1965.27252\">Job 21:32</span>. Jacob said, &ldquo;I will go down into the grave unto my son mourning.&rdquo; <span class=\"egwlink egwlink_bible\" title=\"Genesis 37:35\" data-link=\"1965.2277\">Genesis 37:35</span>. We shall not multiply texts on this point, but simply show that this is confirmed by the Word of Christ. When He comes to give reward to His people, and when He calls for them, they, all that are dead, are found in the grave: &ldquo;The hour is coming, in the which all that are in the graves shall hear His voice, and shall come forth; they that have done good, unto the resurrection of life; and they that have done evil, unto the resurrection of damnation.&rdquo; <span class=\"egwlink egwlink_bible\" title=\"John 5:28\" data-link=\"1965.53524\">John 5:28, 29</span>. Therefore the Bible answer to this question is plainly that he is in the grave.",
    "puborder": 16,
    "translations": []
  },
  {
    "para_id": "975.23",
    "id_prev": "975.22",
    "id_next": "975.24",
    "refcode_1": "BQACM",
    "refcode_2": "6",
    "refcode_3": "2",
    "refcode_4": "",
    "refcode_short": "BQACM 6.2",
    "refcode_long": "Bible Questions and Answers Concerning Man, p. 6.2 (Alonzo Trevier Jones)",
    "element_type": "p",
    "element_subtype": "standard-indented",
    "content": "But what is his condition there? Let us read a verse from Job again: &ldquo;Man giveth up the ghost, and where is he? As the waters fail from the sea, and the flood decayeth and drieth up; so man lieth down, and riseth not; till the heavens be no more, they shall not awake, nor be raised out of their sleep.&rdquo; <span class=\"egwlink egwlink_bible\" title=\"Job 14:10\" data-link=\"1965.26853\">Job 14:10-12</span>. This shows that man, when he dies, is asleep. Again, Job says that if he had died when he was an infant, &ldquo;now should I have lain still and been quiet, I should have slept; then had I been at rest, with kings and counselors of the earth.ÉThere the wicked cease from troubling; and there the weary be at rest. There the prisoners rest together; they hear not the voice of the oppressor. The small and great are there; and the servant is free from his master.&rdquo; <span class=\"egwlink egwlink_bible\" title=\"Job 3:13\" data-link=\"1965.26294\">Job 3:13-19</span>.",
    "puborder": 17,
    "translations": []
  },
  {
    "para_id": "975.24",
    "id_prev": "975.23",
    "id_next": "975.25",
    "refcode_1": "BQACM",
    "refcode_2": "6",
    "refcode_3": "3",
    "refcode_4": "",
    "refcode_short": "BQACM 6.3",
    "refcode_long": "Bible Questions and Answers Concerning Man, p. 6.3 (Alonzo Trevier Jones)",
    "element_type": "p",
    "element_subtype": "standard-indented",
    "content": "In the history of the kings of Israel and Judah, twenty-five times is the record made of their deaths, &ldquo;He slept with his fathers.&rdquo;",
    "puborder": 18,
    "translations": []
  },
  {
    "para_id": "975.25",
    "id_prev": "975.24",
    "id_next": "975.28",
    "refcode_1": "BQACM",
    "refcode_2": "6",
    "refcode_3": "4",
    "refcode_4": "",
    "refcode_short": "BQACM 6.4",
    "refcode_long": "Bible Questions and Answers Concerning Man, p. 6.4 (Alonzo Trevier Jones)",
    "element_type": "p",
    "element_subtype": "standard-indented",
    "content": "Not to multiply texts, we again turn to the Word of <span class=\"page-break\" data-page=\"7\"></span> Christ. Lazarus was sick. Jesus and His disciples were some distance away, and Lazarus died. Jesus said: &ldquo;Our friend Lazarus sleepeth; but I go, that I may awake him out of sleep. Then said the disciples, Lord, if he sleep, he shall do well. Howbeit Jesus spake of his death; but they thought that He had spoken of taking rest in sleep. Then said Jesus unto them plainly, Lazarus is dead.&rdquo; <span class=\"egwlink egwlink_bible\" title=\"John 11:11\" data-link=\"1965.54122\">John 11:11-14</span>. Here are the Words of Christ: &ldquo;Lazarus sleepeth;&rdquo; &ldquo;Lazarus is dead.&rdquo; Therefore the plain Word of Christ is that when a man is dead he is asleep.",
    "puborder": 19,
    "translations": []
  },
  {
    "para_id": "975.28",
    "id_prev": "975.25",
    "id_next": "975.29",
    "refcode_1": "BQACM",
    "refcode_2": "7",
    "refcode_3": "1",
    "refcode_4": "",
    "refcode_short": "BQACM 7.1",
    "refcode_long": "Bible Questions and Answers Concerning Man, p. 7.1 (Alonzo Trevier Jones)",
    "element_type": "p",
    "element_subtype": "standard-indented",
    "content": "Paul says that &ldquo;David, after he had served his own generation by the will of God, fell on sleep, and was laid unto his fathers, and saw corruption.&rdquo; <span class=\"egwlink egwlink_bible\" title=\"Acts 13:36\" data-link=\"1965.55874\">Acts 13:36</span>. And Peter says of him, &ldquo;David is not ascended into the heavens.&rdquo; <span class=\"egwlink egwlink_bible\" title=\"Acts 2:34\" data-link=\"1965.55033\">Acts 2:34</span>. And the reason is that &ldquo;David slept with his fathers and was buried.&rdquo; <span class=\"egwlink egwlink_bible\" title=\"1 Kings 2:10\" data-link=\"1965.17867\">1 Kings 2:10</span>.",
    "puborder": 20,
    "translations": []
  },
  {
    "para_id": "975.29",
    "id_prev": "975.28",
    "id_next": "975.30",
    "refcode_1": "BQACM",
    "refcode_2": "7",
    "refcode_3": "2",
    "refcode_4": "",
    "refcode_short": "BQACM 7.2",
    "refcode_long": "Bible Questions and Answers Concerning Man, p. 7.2 (Alonzo Trevier Jones)",
    "element_type": "p",
    "element_subtype": "standard-indented",
    "content": "Of Stephen it is recorded: &ldquo;He kneeled down, and cried with a loud voice, Lord, lay not this sin to their charge. And when he had said this, he fell asleep.&rdquo; <span class=\"egwlink egwlink_bible\" title=\"Acts 7:60\" data-link=\"1965.55424\">Acts 7:60</span>. It is certain, therefore, that the Bible plainly teaches that when man dies he falls asleep. The Word of God plainly teaches the sleep of the dead.",
    "puborder": 21,
    "translations": []
  },
  {
    "para_id": "975.30",
    "id_prev": "975.29",
    "id_next": "975.33",
    "refcode_1": "BQACM",
    "refcode_2": "7",
    "refcode_3": "3",
    "refcode_4": "",
    "refcode_short": "BQACM 7.3",
    "refcode_long": "Bible Questions and Answers Concerning Man, p. 7.3 (Alonzo Trevier Jones)",
    "element_type": "p",
    "element_subtype": "standard-indented",
    "content": "Death is wholly an unconscious sleep, as, in the very nature of the case, it must be when the place of sleep is in the grave. But here is the proof: &ldquo;The living know that they shall die; but the dead know not anything, neither have they any more a reward; for the memory of them is forgotten. Also their love, and their hatred, and their envy, is now perished; neither have they any more a portion forever in anything that is done under the sun.&rdquo; &ldquo;Whatsoever thy hand findeth to do, do it with thy might; for there is no work, nor device, nor knowledge, nor wisdom, in the grave whither thou goest.&rdquo; <span class=\"egwlink egwlink_bible\" title=\"Ecclesiastes 9:5\" data-link=\"1965.35652\">Ecclesiastes 9:5, 6, 10</span>. &ldquo;Put not your trust in princes, nor in the son of man, in whom there is no help. His breath goeth forth, he returneth to his earth; in that very day his thoughts perish.&rdquo; <span class=\"egwlink egwlink_bible\" title=\"Psalm 146:3\" data-link=\"1965.33334\">Psalm 146:3, 4</span>. When men&rsquo;s love, and hatred, and envy, and their very thoughts, have perished, <span class=\"page-break\" data-page=\"8\"></span> and their memory is gone, there can be nothing else but unconsciousness. And that is precisely what death is, and that is the condition into which men go when they die-a silent, dreamless sleep.",
    "puborder": 22,
    "translations": []
  },
  {
    "para_id": "975.33",
    "id_prev": "975.30",
    "id_next": "975.34",
    "refcode_1": "BQACM",
    "refcode_2": "8",
    "refcode_3": "1",
    "refcode_4": "",
    "refcode_short": "BQACM 8.1",
    "refcode_long": "Bible Questions and Answers Concerning Man, p. 8.1 (Alonzo Trevier Jones)",
    "element_type": "p",
    "element_subtype": "standard-indented",
    "content": "But the Bible story on this subject does not stop here. For &ldquo;now is Christ risen from the dead, and become the first-fruits of them that slept.&rdquo; <span class=\"egwlink egwlink_bible\" title=\"1 Corinthians 15:20\" data-link=\"1965.58602\">1 Corinthians 15:20</span>. &ldquo;And many bodies of the saints which slept arose, and came out of the graves after His resurrection.&rdquo; <span class=\"egwlink egwlink_bible\" title=\"Matthew 27:52\" data-link=\"1965.49361\">Matthew 27:52, 53</span>. And as God &ldquo;brought again from the dead our Lord Jesus,&rdquo; so also &ldquo;them which sleep in Jesus will God bring with Him;&rdquo; &ldquo;for this we say unto you by the word of the Lord, that we which are alive and remain unto the coming of the Lord shall not prevent them which are asleep. For the Lord Himself shall descend from heaven with a shout, with the voice of the archangel, and with the trump of God; and the dead in Christ shall rise first; then we which are alive and remain shall be caught up together with them in the clouds, to meet the Lord in the air; and so shall we ever be with the Lord.&rdquo; <span class=\"egwlink egwlink_bible\" title=\"1 Thessalonians 4:15\" data-link=\"1965.60406\">1 Thessalonians 4:15-17</span>. &ldquo;We shall not all sleep, but we shall all be changed, in a moment, in the twinkling of an eye, at the last trump.&rdquo;",
    "puborder": 23,
    "translations": []
  },
  {
    "para_id": "975.34",
    "id_prev": "975.33",
    "id_next": "975.36",
    "refcode_1": "BQACM",
    "refcode_2": "8",
    "refcode_3": "2",
    "refcode_4": "",
    "refcode_short": "BQACM 8.2",
    "refcode_long": "Bible Questions and Answers Concerning Man, p. 8.2 (Alonzo Trevier Jones)",
    "element_type": "p",
    "element_subtype": "standard-indented",
    "content": "Then it is that &ldquo;many of them that sleep in the dust of the earth shall awake.&rdquo; <span class=\"egwlink egwlink_bible\" title=\"Daniel 12:2\" data-link=\"1965.45058\">Daniel 12:2</span>. Then is the time to which David looked when he fell asleep, and was laid unto his fathers: &ldquo;As for me, I will behold Thy face in righteousness; I shall be satisfied, when I awake, with Thy likeness.&rdquo; <span class=\"egwlink egwlink_bible\" title=\"Psalm 17:15\" data-link=\"1965.28753\">Psalm 17:15</span>. This is the time to which Job looked when he said, &ldquo;Till the heavens be no more, they shall not awake, nor be raised out of their sleep.&rdquo; For it is at the coming of Christ and the resurrection of the dead that the heavens roll away. &ldquo;The heaven departed as a scroll when it is rolled together; and every mountain and island were moved out of their places,&rdquo; and men cried &ldquo;to the mountains and rocks, Fall on us, and hide us from the face of Him that sitteth on the throne, and from the wrath of the Lamb; for the great day of His wrath is come; and who shall be able to stand?&rdquo; <span class=\"egwlink egwlink_bible\" title=\"Revelation 6:14\" data-link=\"1965.62856\">Revelation 6:14, 16, 17</span>.",
    "puborder": 24,
    "translations": []
  },
  {
    "para_id": "975.36",
    "id_prev": "975.34",
    "id_next": "975.37",
    "refcode_1": "BQACM",
    "refcode_2": "9",
    "refcode_3": "1",
    "refcode_4": "",
    "refcode_short": "BQACM 9.1",
    "refcode_long": "Bible Questions and Answers Concerning Man, p. 9.1 (Alonzo Trevier Jones)",
    "element_type": "p",
    "element_subtype": "standard-indented",
    "content": "Therefore, the Bible answer to the Bible question, When man giveth up the ghost, where is he? is this: He is asleep in the grave until the trump of God awakes the dead; until the voice of the glorious Son of God calls, and all that are in the graves hear His voice; for it is God who gives victory over death, through our Lord Jesus Christ. Reader, this is profitable teaching, for it is the teaching of the Word of God, for &ldquo;thus saith the Lord, they Redeemer, the Holy One of Israel: I am the Lord thy God which teacheth thee to profit, which leadeth thee by the way that thou shouldest go.&rdquo; <span class=\"egwlink egwlink_bible\" title=\"Isaiah 48:17\" data-link=\"1965.38015\">Isaiah 48:17</span>. This is the way that the Lord Jesus leads us. Will you follow?",
    "puborder": 25,
    "translations": []
  }
]