[
  {
    "para_id": "2775.1326",
    "id_prev": "2775.1325",
    "id_next": "2775.1327",
    "refcode_1": "SS",
    "refcode_2": "210",
    "refcode_3": "",
    "refcode_4": "99",
    "refcode_short": "SS 210",
    "refcode_long": "From Splendor to Shadow, p. 210 (Ellen Gould White)",
    "element_type": "h4",
    "element_subtype": "",
    "content": "Three-Hundred-Year-Old Prophecy Fulfilled",
    "puborder": 972,
    "translations": [
      {
        "para_id": "11213.1189",
        "lang": "cs",
        "refcode": "SU 153"
      }
    ]
  },
  {
    "para_id": "2775.1327",
    "id_prev": "2775.1326",
    "id_next": "2775.1328",
    "refcode_1": "SS",
    "refcode_2": "210",
    "refcode_3": "3",
    "refcode_4": "",
    "refcode_short": "SS 210.3",
    "refcode_long": "From Splendor to Shadow, p. 210.3 (Ellen Gould White)",
    "element_type": "p",
    "element_subtype": "standard-indented",
    "content": "Centuries before, Jeroboam in bold defiance of God had set up an unconsecrated altar at Bethel. During the dedication of this altar, there had suddenly appeared a man of God from Judea who &ldquo;cried against the altar,&rdquo; declaring: &ldquo;O altar, altar, thus saith the Lord; Behold, a child shall be born unto the house of David, Josiah by name; and upon thee shall he offer the priests of the high places that burn incense upon thee, and men&apos;s bones shall be burnt upon thee.&rdquo; <span class=\"egwlink egwlink_bible\" title=\"1 Kings 13:2\" data-link=\"1965.18690\">1 Kings 13:2</span>.",
    "puborder": 973,
    "translations": [
      {
        "para_id": "11213.1190",
        "lang": "cs",
        "refcode": "SU 153.1"
      }
    ]
  },
  {
    "para_id": "2775.1328",
    "id_prev": "2775.1327",
    "id_next": "2775.1329",
    "refcode_1": "SS",
    "refcode_2": "210",
    "refcode_3": "4",
    "refcode_4": "",
    "refcode_short": "SS 210.4",
    "refcode_long": "From Splendor to Shadow, p. 210.4 (Ellen Gould White)",
    "element_type": "p",
    "element_subtype": "standard-indented",
    "content": "Three centuries had passed. Josiah the king found himself in Bethel, where stood this ancient altar. The prophecy uttered so many years before was now to be literally fulfilled.",
    "puborder": 974,
    "translations": [
      {
        "para_id": "11213.1191",
        "lang": "cs",
        "refcode": "SU 153.2"
      }
    ]
  },
  {
    "para_id": "2775.1329",
    "id_prev": "2775.1328",
    "id_next": "2775.1332",
    "refcode_1": "SS",
    "refcode_2": "210",
    "refcode_3": "5",
    "refcode_4": "",
    "refcode_short": "SS 210.5",
    "refcode_long": "From Splendor to Shadow, p. 210.5 (Ellen Gould White)",
    "element_type": "p",
    "element_subtype": "standard-indented",
    "content": "&ldquo;The altar at Bethel, the high place erected by Jeroboam the son of Nebat, who made Israel to sin, that altar with the high place he pulled down and he broke in pieces its stones, crushing them to dust ... . And as Josiah turned, he saw the tombs there on the mount; <span class=\"page-break\" data-page=\"211\"></span> and he sent and took the bones out of the tombs, and burned them upon the altar, and defiled it, according to the word of the Lord which the man of God proclaimed, who had predicted these things.&rdquo; <span class=\"egwlink egwlink_bible\" title=\"2 Kings 23:15\" data-link=\"1965.20711\">2 Kings 23:15, 16</span>, RSV.",
    "puborder": 975,
    "translations": [
      {
        "para_id": "11213.1192",
        "lang": "cs",
        "refcode": "SU 153.3"
      }
    ]
  },
  {
    "para_id": "2775.1332",
    "id_prev": "2775.1329",
    "id_next": "2775.1333",
    "refcode_1": "SS",
    "refcode_2": "211",
    "refcode_3": "1",
    "refcode_4": "",
    "refcode_short": "SS 211.1",
    "refcode_long": "From Splendor to Shadow, p. 211.1 (Ellen Gould White)",
    "element_type": "p",
    "element_subtype": "standard-indented",
    "content": "On the southern slopes of Olivet, opposite the beautiful temple of Jehovah on Mount Moriah, were shrines and images placed there by Solomon to please his idolatrous wives. See <span class=\"egwlink egwlink_bible\" title=\"1 Kings 11:6\" data-link=\"1965.18544\">1 Kings 11:6-8</span>. For upwards of three centuries the great, misshapen images had stood, mute witness to the apostasy of Israel&apos;s wisest king. These, too, were destroyed by Josiah.",
    "puborder": 976,
    "translations": [
      {
        "para_id": "11213.1193",
        "lang": "cs",
        "refcode": "SU 153.4"
      }
    ]
  },
  {
    "para_id": "2775.1333",
    "id_prev": "2775.1332",
    "id_next": "2775.1334",
    "refcode_1": "SS",
    "refcode_2": "211",
    "refcode_3": "2",
    "refcode_4": "",
    "refcode_short": "SS 211.2",
    "refcode_long": "From Splendor to Shadow, p. 211.2 (Ellen Gould White)",
    "element_type": "p",
    "element_subtype": "standard-indented",
    "content": "The king sought further to establish the faith of Judah by holding a great Passover in harmony with the provisions made in the book of the law. &ldquo;For no such passover had been kept since the days of the judges who judged Israel, or during all the kings of Israel or the kings of Judah.&rdquo; <span class=\"egwlink egwlink_bible\" title=\"2 Kings 23:22\" data-link=\"1965.20725\">2 Kings 23:22</span>, RSV. But the zeal of Josiah could not atone for the sins of past generations, nor could the piety displayed by the king&apos;s followers effect a change of heart in many who stubbornly refused to turn from idolatry to worship the true God.",
    "puborder": 977,
    "translations": [
      {
        "para_id": "11213.1195",
        "lang": "cs",
        "refcode": "SU 154.1"
      }
    ]
  },
  {
    "para_id": "2775.1334",
    "id_prev": "2775.1333",
    "id_next": "2775.1335",
    "refcode_1": "SS",
    "refcode_2": "211",
    "refcode_3": "3",
    "refcode_4": "",
    "refcode_short": "SS 211.3",
    "refcode_long": "From Splendor to Shadow, p. 211.3 (Ellen Gould White)",
    "element_type": "p",
    "element_subtype": "standard-indented",
    "content": "For more than a decade following the Passover, Josiah continued to reign. At thirty-nine he met death in battle with the forces of Egypt. &ldquo;All Judah and Jerusalem mourned for Josiah. And Jeremiah lamented&rdquo; for him. <span class=\"egwlink egwlink_bible\" title=\"2 Chronicles 35:24\" data-link=\"1965.24399\">2 Chronicles 35:24, 25</span>.",
    "puborder": 978,
    "translations": [
      {
        "para_id": "11213.1196",
        "lang": "cs",
        "refcode": "SU 154.2"
      }
    ]
  },
  {
    "para_id": "2775.1335",
    "id_prev": "2775.1334",
    "id_next": "2775.1337",
    "refcode_1": "SS",
    "refcode_2": "211",
    "refcode_3": "4",
    "refcode_4": "",
    "refcode_short": "SS 211.4",
    "refcode_long": "From Splendor to Shadow, p. 211.4 (Ellen Gould White)",
    "element_type": "p",
    "element_subtype": "standard-indented",
    "content": "The time was rapidly approaching when Jerusalem was to be utterly destroyed and the inhabitants of the land carried captive to Babylon, there to learn lessons they had refused to learn under circumstances more favorable.",
    "puborder": 979,
    "translations": [
      {
        "para_id": "11213.1197",
        "lang": "cs",
        "refcode": "SU 154.3"
      }
    ]
  }
]