[
  {
    "para_id": "2775.509",
    "id_prev": "2775.506",
    "id_next": "2775.510",
    "refcode_1": "SS",
    "refcode_2": "84",
    "refcode_3": "",
    "refcode_4": "42",
    "refcode_short": "SS 84",
    "refcode_long": "From Splendor to Shadow, p. 84 (Ellen Gould White)",
    "element_type": "h4",
    "element_subtype": "",
    "content": "Jezebel Threatens Elijah&apos;s Life",
    "puborder": 364,
    "translations": [
      {
        "para_id": "11213.436",
        "lang": "cs",
        "refcode": "SU 60"
      }
    ]
  },
  {
    "para_id": "2775.510",
    "id_prev": "2775.509",
    "id_next": "2775.511",
    "refcode_1": "SS",
    "refcode_2": "84",
    "refcode_3": "1",
    "refcode_4": "",
    "refcode_short": "SS 84.1",
    "refcode_long": "From Splendor to Shadow, p. 84.1 (Ellen Gould White)",
    "element_type": "p",
    "element_subtype": "standard-indented",
    "content": "At the gate of Jezreel, Elijah and Ahab separated. The prophet, choosing to remain outside the walls, wrapped himself in his mantle and lay down on the bare earth to sleep. The king soon reached the shelter of his palace and related to his wife the events of the day. As Ahab told of the slaying of the idolatrous prophets, Jezebel, hardened and impenitent, became infuriated. She refused to recognize the overruling providence of God, and still defiant, boldly declared that Elijah should die.",
    "puborder": 365,
    "translations": [
      {
        "para_id": "11213.437",
        "lang": "cs",
        "refcode": "SU 60.5"
      }
    ]
  },
  {
    "para_id": "2775.511",
    "id_prev": "2775.510",
    "id_next": "2775.512",
    "refcode_1": "SS",
    "refcode_2": "84",
    "refcode_3": "2",
    "refcode_4": "",
    "refcode_short": "SS 84.2",
    "refcode_long": "From Splendor to Shadow, p. 84.2 (Ellen Gould White)",
    "element_type": "p",
    "element_subtype": "standard-indented",
    "content": "That night a messenger aroused the weary prophet and delivered the word of Jezebel: &ldquo;So let the gods do to me, and more also, if I make not thy life as the life of one of them by tomorrow about this time.&rdquo;",
    "puborder": 366,
    "translations": [
      {
        "para_id": "11213.438",
        "lang": "cs",
        "refcode": "SU 60.6"
      }
    ]
  },
  {
    "para_id": "2775.512",
    "id_prev": "2775.511",
    "id_next": "2775.513",
    "refcode_1": "SS",
    "refcode_2": "84",
    "refcode_3": "3",
    "refcode_4": "",
    "refcode_short": "SS 84.3",
    "refcode_long": "From Splendor to Shadow, p. 84.3 (Ellen Gould White)",
    "element_type": "p",
    "element_subtype": "standard-indented",
    "content": "It would seem that after showing courage so undaunted, and after triumphing so completely over king and priests and people, Elijah could never afterward have given way to despondency nor been awed into timidity. But in this dark hour his faith and courage forsook him. Bewildered, he started from his slumber. The rain was pouring from the heavens, and darkness was on every side. Forgetting that three years before, God had directed his course to a place of refuge, the prophet now fled for his life.",
    "puborder": 367,
    "translations": [
      {
        "para_id": "11213.439",
        "lang": "cs",
        "refcode": "SU 60.7"
      }
    ]
  }
]