[
  {
    "para_id": "2775.1545",
    "id_prev": "2775.1544",
    "id_next": "2775.1546",
    "refcode_1": "SS",
    "refcode_2": "246",
    "refcode_3": "",
    "refcode_4": "117",
    "refcode_short": "SS 246",
    "refcode_long": "From Splendor to Shadow, p. 246 (Ellen Gould White)",
    "element_type": "h4",
    "element_subtype": "",
    "content": "The Church of God Comforted",
    "puborder": 1130,
    "translations": []
  },
  {
    "para_id": "2775.1546",
    "id_prev": "2775.1545",
    "id_next": "2775.1547",
    "refcode_1": "SS",
    "refcode_2": "246",
    "refcode_3": "2",
    "refcode_4": "",
    "refcode_short": "SS 246.2",
    "refcode_long": "From Splendor to Shadow, p. 246.2 (Ellen Gould White)",
    "element_type": "p",
    "element_subtype": "standard-indented",
    "content": "Thus was the church of God comforted in one of the darkest hours of her long conflict with the forces of evil. Satan had seemingly triumphed, but the Lord was overruling events. His message to the church was: &ldquo;I am with thee, ... to save thee.&rdquo; &ldquo;I will restore health unto thee, and I will heal thee of thy wounds.&rdquo; <span class=\"egwlink egwlink_bible\" title=\"Jeremiah 30:11\" data-link=\"1965.40158\">Jeremiah 30:11, 17</span>.",
    "puborder": 1131,
    "translations": [
      {
        "para_id": "11213.1391",
        "lang": "cs",
        "refcode": "SU 178.6"
      }
    ]
  },
  {
    "para_id": "2775.1547",
    "id_prev": "2775.1546",
    "id_next": "2775.1548",
    "refcode_1": "SS",
    "refcode_2": "246",
    "refcode_3": "3",
    "refcode_4": "",
    "refcode_short": "SS 246.3",
    "refcode_long": "From Splendor to Shadow, p. 246.3 (Ellen Gould White)",
    "element_type": "p",
    "element_subtype": "standard-indented",
    "content": "In the glad day of restoration, the tribes of divided Israel were to be reunited as one people. The Lord declared: &ldquo;I will bring them from the north country, and gather them from the coasts of the earth, and with them the blind and the lame ... . They shall come with weeping, and with supplications will I lead them: ... for I am a Father to Israel.&rdquo; <span class=\"egwlink egwlink_bible\" title=\"Jeremiah 31:8\" data-link=\"1965.40201\">Jeremiah 31:8, 9</span>.",
    "puborder": 1132,
    "translations": [
      {
        "para_id": "11213.1392",
        "lang": "cs",
        "refcode": "SU 178.7"
      }
    ]
  }
]