[
  {
    "para_id": "2775.1928",
    "id_prev": "2775.1925",
    "id_next": "2775.1929",
    "refcode_1": "SS",
    "refcode_2": "302",
    "refcode_3": "",
    "refcode_4": "153",
    "refcode_short": "SS 302",
    "refcode_long": "From Splendor to Shadow, p. 302 (Ellen Gould White)",
    "element_type": "h4",
    "element_subtype": "",
    "content": "How Satan Works",
    "puborder": 1420,
    "translations": [
      {
        "para_id": "11213.1732",
        "lang": "cs",
        "refcode": "SU 220"
      }
    ]
  },
  {
    "para_id": "2775.1929",
    "id_prev": "2775.1928",
    "id_next": "2775.1930",
    "refcode_1": "SS",
    "refcode_2": "302",
    "refcode_3": "1",
    "refcode_4": "",
    "refcode_short": "SS 302.1",
    "refcode_long": "From Splendor to Shadow, p. 302.1 (Ellen Gould White)",
    "element_type": "p",
    "element_subtype": "standard-indented",
    "content": "Satan&apos;s accusations against those who seek the Lord are not prompted by displeasure at their sins. He exults in their defective characters, for he knows that only through their transgression of God&apos;s law can he obtain power over them. His accusations arise solely from enmity to Christ. As he beholds the evidences of Christ&apos;s supremacy, he works to wrest from Him those who have accepted salvation. He leads men to lose confidence in God and separate from His love. He tempts them to break the law and then claims them as his captives, contesting Christ&apos;s right to take them from him.",
    "puborder": 1421,
    "translations": [
      {
        "para_id": "11213.1733",
        "lang": "cs",
        "refcode": "SU 220.4"
      }
    ]
  },
  {
    "para_id": "2775.1930",
    "id_prev": "2775.1929",
    "id_next": "2775.1931",
    "refcode_1": "SS",
    "refcode_2": "302",
    "refcode_3": "2",
    "refcode_4": "",
    "refcode_short": "SS 302.2",
    "refcode_long": "From Splendor to Shadow, p. 302.2 (Ellen Gould White)",
    "element_type": "p",
    "element_subtype": "standard-indented",
    "content": "Satan knows that those who ask for pardon will obtain it; therefore he presents their sins before them to discourage them. Even their best service he seeks to make appear corrupt. By countless devices, subtle and cruel, he endeavors to secure their condemnation.",
    "puborder": 1422,
    "translations": [
      {
        "para_id": "11213.1734",
        "lang": "cs",
        "refcode": "SU 220.5"
      }
    ]
  },
  {
    "para_id": "2775.1931",
    "id_prev": "2775.1930",
    "id_next": "2775.1932",
    "refcode_1": "SS",
    "refcode_2": "302",
    "refcode_3": "3",
    "refcode_4": "",
    "refcode_short": "SS 302.3",
    "refcode_long": "From Splendor to Shadow, p. 302.3 (Ellen Gould White)",
    "element_type": "p",
    "element_subtype": "standard-indented",
    "content": "In his own strength, man cannot meet the charges of the enemy. But Jesus our Advocate presents an effectual plea in behalf of all who by repentance and faith commit their souls to Him. By the mighty arguments of Calvary He vanquishes their accuser. His perfect obedience to God&apos;s law has given Him all power in heaven and earth, and to the accuser of His people He declares: &ldquo;The Lord rebuke thee, O Satan. These are the purchase of My blood, brands plucked from the burning.&rdquo; See <span class=\"egwlink egwlink_bible\" title=\"Zechariah 3:2\" data-link=\"1965.46783\">Zechariah 3:2</span>. And to those who rely on Him in faith He gives the assurance: &ldquo;I have caused thine iniquity to pass from thee, and I will clothe thee with change of raiment.&rdquo; <span class=\"egwlink egwlink_bible\" title=\"Zechariah 1:4\" data-link=\"1965.46717\">Verse 4</span>.",
    "puborder": 1423,
    "translations": [
      {
        "para_id": "11213.1735",
        "lang": "cs",
        "refcode": "SU 220.6"
      }
    ]
  },
  {
    "para_id": "2775.1932",
    "id_prev": "2775.1931",
    "id_next": "2775.1935",
    "refcode_1": "SS",
    "refcode_2": "302",
    "refcode_3": "4",
    "refcode_4": "",
    "refcode_short": "SS 302.4",
    "refcode_long": "From Splendor to Shadow, p. 302.4 (Ellen Gould White)",
    "element_type": "p",
    "element_subtype": "standard-indented",
    "content": "All who have put on the robe of Christ&apos;s righteousness will stand faithful and true. The promise given to <span class=\"page-break\" data-page=\"303\"></span> Joshua is given to all: &ldquo;If you will ... keep My charge, ... I will give you the right of access among those who are standing here.&rdquo; <span class=\"egwlink egwlink_bible\" title=\"Zechariah 1:7\" data-link=\"1965.46723\">Verse 7</span>, RSV. Angels will walk on either side of them even in this world, and they will stand at last among the angels that surround the throne of God.",
    "puborder": 1424,
    "translations": [
      {
        "para_id": "11213.1738",
        "lang": "cs",
        "refcode": "SU 221.1"
      }
    ]
  },
  {
    "para_id": "2775.1935",
    "id_prev": "2775.1932",
    "id_next": "2775.1936",
    "refcode_1": "SS",
    "refcode_2": "303",
    "refcode_3": "1",
    "refcode_4": "",
    "refcode_short": "SS 303.1",
    "refcode_long": "From Splendor to Shadow, p. 303.1 (Ellen Gould White)",
    "element_type": "p",
    "element_subtype": "standard-indented",
    "content": "Zechariah&apos;s vision applies with peculiar force to God&apos;s people in the closing scenes of the great day of atonement. The remnant will then be brought into great distress. Those who keep the commandments of God and the faith of Jesus will feel the ire of the dragon and his hosts. Here is a little company resisting his supremacy. If he could blot them from the earth, his triumph would be complete. In the near future he will stir up the wicked powers of earth to destroy the people of God.",
    "puborder": 1425,
    "translations": [
      {
        "para_id": "11213.1739",
        "lang": "cs",
        "refcode": "SU 221.2"
      }
    ]
  },
  {
    "para_id": "2775.1936",
    "id_prev": "2775.1935",
    "id_next": "2775.1937",
    "refcode_1": "SS",
    "refcode_2": "303",
    "refcode_3": "2",
    "refcode_4": "",
    "refcode_short": "SS 303.2",
    "refcode_long": "From Splendor to Shadow, p. 303.2 (Ellen Gould White)",
    "element_type": "p",
    "element_subtype": "standard-indented",
    "content": "Those who are true to God will be denounced and proscribed. They will be &ldquo;betrayed both by parents, and brethren, and kinsfolks, and friends,&rdquo; even unto death. <span class=\"egwlink egwlink_bible\" title=\"Luke 21:16\" data-link=\"1965.52723\">Luke 21:16</span>. As Joshua pleaded before the Angel, so the remnant church, with brokenness of heart and unfaltering faith, will plead for pardon and deliverance through Jesus their Advocate. They are fully conscious of their sinfulness and unworthiness, and they are ready to despair.",
    "puborder": 1426,
    "translations": [
      {
        "para_id": "11213.1740",
        "lang": "cs",
        "refcode": "SU 221.3"
      }
    ]
  }
]