[
  {
    "para_id": "2775.1540",
    "id_prev": "2775.1539",
    "id_next": "2775.1541",
    "refcode_1": "SS",
    "refcode_2": "245",
    "refcode_3": "",
    "refcode_4": "116",
    "refcode_short": "SS 245",
    "refcode_long": "From Splendor to Shadow, p. 245 (Ellen Gould White)",
    "element_type": "h4",
    "element_subtype": "",
    "content": "Encouragement When All Seemed Lost",
    "puborder": 1127,
    "translations": [
      {
        "para_id": "11213.1388",
        "lang": "cs",
        "refcode": "SU 178"
      }
    ]
  },
  {
    "para_id": "2775.1541",
    "id_prev": "2775.1540",
    "id_next": "2775.1544",
    "refcode_1": "SS",
    "refcode_2": "245",
    "refcode_3": "4",
    "refcode_4": "",
    "refcode_short": "SS 245.4",
    "refcode_long": "From Splendor to Shadow, p. 245.4 (Ellen Gould White)",
    "element_type": "p",
    "element_subtype": "standard-indented",
    "content": "&ldquo;Concerning the houses of this city, and concerning the houses of the kings of Judah, which are thrown down by the mounts; and by the sword ... . Behold, I will bring it health and cure, and I will cure them, and <span class=\"page-break\" data-page=\"246\"></span> will reveal unto them the abundance of peace and truth. And I will cause the captivity of Judah and the captivity of Israel to return, and will build them, as at the first. And I will cleanse them from all their iniquity, whereby they have sinned against Me; and I will pardon all their iniquities ... .&rdquo;",
    "puborder": 1128,
    "translations": [
      {
        "para_id": "11213.1389",
        "lang": "cs",
        "refcode": "SU 178.4"
      }
    ]
  },
  {
    "para_id": "2775.1544",
    "id_prev": "2775.1541",
    "id_next": "2775.1545",
    "refcode_1": "SS",
    "refcode_2": "246",
    "refcode_3": "1",
    "refcode_4": "",
    "refcode_short": "SS 246.1",
    "refcode_long": "From Splendor to Shadow, p. 246.1 (Ellen Gould White)",
    "element_type": "p",
    "element_subtype": "standard-indented",
    "content": "&ldquo;Again there shall be heard in this place, which ye say shall be desolate without man and without beast, even in the cities of Judah, and in the streets of Jerusalem, ... the voice of joy, and the voice of gladness, the voice of the bridegroom, and the voice of the bride, the voice of them that shall say, Praise the Lord of hosts: for the Lord is good; for His mercy endureth forever ... . For I will cause to return the captivity of the land, as at the first, saith the Lord.&rdquo; <span class=\"egwlink egwlink_bible\" title=\"Jeremiah 33:4\" data-link=\"1965.40363\">Jeremiah 33:4, 6-8, 10, 11</span>.",
    "puborder": 1129,
    "translations": [
      {
        "para_id": "11213.1390",
        "lang": "cs",
        "refcode": "SU 178.5"
      }
    ]
  }
]