[
  {
    "para_id": "2775.1953",
    "id_prev": "2775.1951",
    "id_next": "2775.1954",
    "refcode_1": "SS",
    "refcode_2": "306",
    "refcode_3": "",
    "refcode_4": "48",
    "refcode_short": "SS 306",
    "refcode_long": "From Splendor to Shadow, p. 306 (Ellen Gould White)",
    "element_type": "h3",
    "element_subtype": "",
    "content": "Chapter 48&mdash;The Secret of Success in God&apos;s Work",
    "puborder": 1439,
    "translations": [
      {
        "para_id": "11213.1755",
        "lang": "cs",
        "refcode": "SU 223"
      }
    ]
  },
  {
    "para_id": "2775.1954",
    "id_prev": "2775.1953",
    "id_next": "2775.1955",
    "refcode_1": "SS",
    "refcode_2": "306",
    "refcode_3": "1",
    "refcode_4": "",
    "refcode_short": "SS 306.1",
    "refcode_long": "From Splendor to Shadow, p. 306.1 (Ellen Gould White)",
    "element_type": "p",
    "element_subtype": "standard-indented",
    "content": "After Zechariah&apos;s vision of Joshua and the Angel, the prophet received a message regarding Zerubbabel: &ldquo;The Angel that talked with me came again, and waked me, ... and behold a candlestick all of gold, ... and seven pipes to the seven lamps, ... and two olive trees by it ... .&rdquo;",
    "puborder": 1440,
    "translations": [
      {
        "para_id": "11213.1756",
        "lang": "cs",
        "refcode": "SU 223.1"
      }
    ]
  },
  {
    "para_id": "2775.1955",
    "id_prev": "2775.1954",
    "id_next": "2775.1956",
    "refcode_1": "SS",
    "refcode_2": "306",
    "refcode_3": "2",
    "refcode_4": "",
    "refcode_short": "SS 306.2",
    "refcode_long": "From Splendor to Shadow, p. 306.2 (Ellen Gould White)",
    "element_type": "p",
    "element_subtype": "standard-indented",
    "content": "&ldquo;So I ... spake to the Angel, ... What are these, my Lord? ... Then He answered, ... This is the word of the Lord unto Zerubbabel, saying, Not by might, nor by power, but by My Spirit, saith the Lord of hosts.&rdquo; &ldquo;And I answered again, and said unto Him, What be these two olive branches which through the two golden pipes empty the golden oil out of themselves? ... Then said He, These are the two anointed ones, that stand by the Lord of the whole earth.&rdquo; <span class=\"egwlink egwlink_bible\" title=\"Zechariah 4:1\" data-link=\"1965.46802\">Zechariah 4:1-6, 12-14</span>.",
    "puborder": 1441,
    "translations": [
      {
        "para_id": "11213.1757",
        "lang": "cs",
        "refcode": "SU 223.2"
      }
    ]
  },
  {
    "para_id": "2775.1956",
    "id_prev": "2775.1955",
    "id_next": "2775.1957",
    "refcode_1": "SS",
    "refcode_2": "306",
    "refcode_3": "3",
    "refcode_4": "",
    "refcode_short": "SS 306.3",
    "refcode_long": "From Splendor to Shadow, p. 306.3 (Ellen Gould White)",
    "element_type": "p",
    "element_subtype": "standard-indented",
    "content": "From the anointed ones that stand in God&apos;s presence divine light, love, and power are imparted to His people, that they may impart to others light and joy and refreshing. Those who are enriched are to enrich others with God&apos;s love.",
    "puborder": 1442,
    "translations": [
      {
        "para_id": "11213.1758",
        "lang": "cs",
        "refcode": "SU 223.3"
      }
    ]
  },
  {
    "para_id": "2775.1957",
    "id_prev": "2775.1956",
    "id_next": "2775.1960",
    "refcode_1": "SS",
    "refcode_2": "306",
    "refcode_3": "4",
    "refcode_4": "",
    "refcode_short": "SS 306.4",
    "refcode_long": "From Splendor to Shadow, p. 306.4 (Ellen Gould White)",
    "element_type": "p",
    "element_subtype": "standard-indented",
    "content": "In rebuilding the house of the Lord, Zerubbabel had labored in the face of manifold difficulties. Adversaries had &ldquo;discouraged the people of Judah, and made them afraid to build,&rdquo; &ldquo;and by force and power made them cease.&rdquo; <span class=\"egwlink egwlink_bible\" title=\"Ezra 4:4\" data-link=\"1965.24653\">Ezra 4:4, 23</span>, RSV. But the Lord now spoke through His prophet to Zerubbabel, &ldquo;Who art thou, O great mountain? before Zerubbabel thou shalt become a plain: and he shall bring forth the headstone thereof <span class=\"page-break\" data-page=\"307\"></span> with shoutings, crying, Grace, grace unto it.&rdquo; <span class=\"egwlink egwlink_bible\" title=\"Zechariah 4:7\" data-link=\"1965.46814\">Zechariah 4:7</span>. Throughout history, great mountains of apparently insurmountable difficulty have loomed up before those trying to carry out the purposes of Heaven. Such obstacles are permitted by the Lord as a test of faith. This is the time to trust in God. The exercise of living faith means an increase of spiritual strength and the development of unfaltering trust. Before the demand of faith, obstacles placed by Satan will disappear: &ldquo;Nothing shall be impossible unto you.&rdquo; <span class=\"egwlink egwlink_bible\" title=\"Matthew 17:20\" data-link=\"1965.48429\">Matthew 17:20</span>.",
    "puborder": 1443,
    "translations": [
      {
        "para_id": "11213.1759",
        "lang": "cs",
        "refcode": "SU 223.4"
      }
    ]
  }
]