[
  {
    "para_id": "1029.12",
    "id_prev": "1029.5",
    "id_next": "1029.13",
    "refcode_1": "PREX1",
    "refcode_2": "3",
    "refcode_3": "",
    "refcode_4": "",
    "refcode_short": "PREX1 3",
    "refcode_long": "Prophetic Expositions, vol. 1, p. 3 (Josiah Litch)",
    "element_type": "h3",
    "element_subtype": "",
    "content": "INTRODUCTION",
    "puborder": 5,
    "translations": []
  },
  {
    "para_id": "1029.13",
    "id_prev": "1029.12",
    "id_next": "1029.14",
    "refcode_1": "PREX1",
    "refcode_2": "3",
    "refcode_3": "1",
    "refcode_4": "",
    "refcode_short": "PREX1 3.1",
    "refcode_long": "Prophetic Expositions, vol. 1, p. 3.1 (Josiah Litch)",
    "element_type": "p",
    "element_subtype": "standard-indented",
    "content": "The great design of this work is to embody and present more compactly and distinctly, a great variety of facts and arguments which bear on the subject of prophecy, and are now scattered and dispersed through many works. We are out upon a wide field; an inexhaustible mine of truth presents itself; new thoughts and arguments are continually coming up and strengthening our positions. For the purpose of condensing, combining, and more strongly, if possible, presenting this light as it now shines upon us, it has been thought important to issue the work now presented to the public.",
    "puborder": 6,
    "translations": []
  },
  {
    "para_id": "1029.14",
    "id_prev": "1029.13",
    "id_next": "1029.17",
    "refcode_1": "PREX1",
    "refcode_2": "3",
    "refcode_3": "2",
    "refcode_4": "",
    "refcode_short": "PREX1 3.2",
    "refcode_long": "Prophetic Expositions, vol. 1, p. 3.2 (Josiah Litch)",
    "element_type": "p",
    "element_subtype": "standard-indented",
    "content": "There has been for some time past a demand for a more full reference to historical and chronological data, to be put into the bands of those who were desirous of thoroughly investigating the Second Advent doctrine. Such a work is especially a desideratum with those, who, at this late day, awake to the subject, and feel an anxious wish to do something to awaken their fellow-men to a sense of the coming events. They feel themselves uninformed, in many instances, on the subject of history, and with the haste with which they must go out, if they go at all, they can hardly spend time to wade through many volumes of history, to select what they need for illustrating the prophecies. The work now offered to the public, is designed in some <span class=\"page-break\" data-page=\"4\"></span> measure to supply this demand. The most important historical and chronological facts necessary to understand and illustrate the prophecies of Daniel and John, are in this work carefully selected, and arranged under their appropriate subjects. The references are also generally given where the historical extracts are found, that with little trouble the original may be examined, as also the context.",
    "puborder": 7,
    "translations": []
  },
  {
    "para_id": "1029.17",
    "id_prev": "1029.14",
    "id_next": "1029.18",
    "refcode_1": "PREX1",
    "refcode_2": "4",
    "refcode_3": "1",
    "refcode_4": "",
    "refcode_short": "PREX1 4.1",
    "refcode_long": "Prophetic Expositions, vol. 1, p. 4.1 (Josiah Litch)",
    "element_type": "p",
    "element_subtype": "standard-indented",
    "content": "It has been a prime object of the writer to give in this work a clear and distinct view of the nature of the Kingdom of God; believing a correct view of that subject highly important to the correct understanding of the Sacred Scriptures. Indeed, so important does it appear that this subject should be understood, that no other qualifications, as a biblical student or expositor, can atone for the want of an understanding of this subject.",
    "puborder": 8,
    "translations": []
  },
  {
    "para_id": "1029.18",
    "id_prev": "1029.17",
    "id_next": "1029.19",
    "refcode_1": "PREX1",
    "refcode_2": "4",
    "refcode_3": "2",
    "refcode_4": "",
    "refcode_short": "PREX1 4.2",
    "refcode_long": "Prophetic Expositions, vol. 1, p. 4.2 (Josiah Litch)",
    "element_type": "p",
    "element_subtype": "standard-indented",
    "content": "The &ldquo;<em>fall</em>&rdquo; of the Jews is a subject which is presented, perhaps, in a somewhat new light from what it has been viewed before. The chapter on the <em>Jewish question</em>, it is hoped, will serve to settle some minds, at least, on the points of their national return to Palestine, and their general conversion.",
    "puborder": 9,
    "translations": []
  },
  {
    "para_id": "1029.19",
    "id_prev": "1029.18",
    "id_next": "1029.20",
    "refcode_1": "PREX1",
    "refcode_2": "4",
    "refcode_3": "3",
    "refcode_4": "",
    "refcode_short": "PREX1 4.3",
    "refcode_long": "Prophetic Expositions, vol. 1, p. 4.3 (Josiah Litch)",
    "element_type": "p",
    "element_subtype": "standard-indented",
    "content": "On the fulfilment of the time, times, and dividing of a time, of <span class=\"egwlink egwlink_bible\" title=\"Daniel 7:25\" data-link=\"1965.44803\">Daniel 7:25</span>, and the forty-two months of <span class=\"egwlink egwlink_bible\" title=\"Revelation 13:6\" data-link=\"1965.63077\">Revelation 13:6</span>, the argument is more full than has before been presented to the public in any of our works, together with more copious historical facts than have before been given.",
    "puborder": 10,
    "translations": []
  },
  {
    "para_id": "1029.20",
    "id_prev": "1029.19",
    "id_next": "1029.23",
    "refcode_1": "PREX1",
    "refcode_2": "4",
    "refcode_3": "4",
    "refcode_4": "",
    "refcode_short": "PREX1 4.4",
    "refcode_long": "Prophetic Expositions, vol. 1, p. 4.4 (Josiah Litch)",
    "element_type": "p",
    "element_subtype": "standard-indented",
    "content": "The argument on the 2300 days, the reader will find presented in some respects in a new light: <em>First</em>, dating the period in the twentieth year of Artaxerxes, and the commission given to Nehemiah to rebuild Jerusalem, following Archbishop Usher, Rollin, and the translators of our Bible, rather than Prideaux, and some modern commentators. But the chronological data is not left to the <span class=\"page-break\" data-page=\"5\"></span> uncertainty of conjecture, or human records, but is demonstrated to have been fulfilled, by the testimony of Christ, and by astronomical calculations. <em>Secondly</em>, predicating the argument of the fulfilment of the vision, not on the import or character of the little horn, but on the meaning of &ldquo;<em>the last end of the indignation</em>.&rdquo; The new argument given us by the rendering of the word &ldquo;<em>determined</em>,&rdquo; in <span class=\"egwlink egwlink_bible\" title=\"Daniel 9:24\" data-link=\"1965.44913\">Daniel 9:24</span>, rendering it &ldquo;cut off,&rdquo;-seventy weeks are <em>cut off</em>,-presents the connection between the eighth and ninth chapters in a more clear and striking light than heretofore.",
    "puborder": 11,
    "translations": []
  },
  {
    "para_id": "1029.23",
    "id_prev": "1029.20",
    "id_next": "1029.24",
    "refcode_1": "PREX1",
    "refcode_2": "5",
    "refcode_3": "1",
    "refcode_4": "",
    "refcode_short": "PREX1 5.1",
    "refcode_long": "Prophetic Expositions, vol. 1, p. 5.1 (Josiah Litch)",
    "element_type": "p",
    "element_subtype": "standard-indented",
    "content": "The signs of the times-the import of the term &ldquo;<em>this generation</em>&rdquo;-the ten virgins-the seven last plagues-and the New Jerusalem, close up the first volume. All these subjects the reader will find to be fraught with interest.",
    "puborder": 12,
    "translations": []
  },
  {
    "para_id": "1029.24",
    "id_prev": "1029.23",
    "id_next": "1029.25",
    "refcode_1": "PREX1",
    "refcode_2": "5",
    "refcode_3": "2",
    "refcode_4": "",
    "refcode_short": "PREX1 5.2",
    "refcode_long": "Prophetic Expositions, vol. 1, p. 5.2 (Josiah Litch)",
    "element_type": "p",
    "element_subtype": "standard-indented",
    "content": "It has been thought advisable to publish the work in two volumes; the first containing the subjects which are of the most general interest, and less incumbered with long historical detail; and then embody the more historical portions of the work in a second volume.",
    "puborder": 13,
    "translations": []
  },
  {
    "para_id": "1029.25",
    "id_prev": "1029.24",
    "id_next": "1029.28",
    "refcode_1": "PREX1",
    "refcode_2": "5",
    "refcode_3": "3",
    "refcode_4": "",
    "refcode_short": "PREX1 5.3",
    "refcode_long": "Prophetic Expositions, vol. 1, p. 5.3 (Josiah Litch)",
    "element_type": "p",
    "element_subtype": "standard-indented",
    "content": "In the second volume will be found a full and elaborate illustration of the eleventh and twelfth chapters of Daniel. The first thirteen verses are taken entire from Bishop Newton&rsquo;s Dissertations on Prophecy:-from that onward a new track is pursued, showing that from the fourteenth verse, the main subject of prediction is the Roman government, rather than Antiochus Epiphanes. From the 36th to the 39th verse, the French revolution is presented: and from the 40th to the 45th, the career of Bonaparte. The twelfth chapter will be fully investigated, and the question so frequently asked, &ldquo;Did not Christ say, &lsquo;Of that day and hour knoweth no man?&rsquo;&rdquo; fully answered. <span class=\"page-break\" data-page=\"6\"></span> Also an explanation of the prophetic periods of the twelfth chapter, and the time of their end.",
    "puborder": 14,
    "translations": []
  },
  {
    "para_id": "1029.28",
    "id_prev": "1029.25",
    "id_next": "1029.29",
    "refcode_1": "PREX1",
    "refcode_2": "6",
    "refcode_3": "1",
    "refcode_4": "",
    "refcode_short": "PREX1 6.1",
    "refcode_long": "Prophetic Expositions, vol. 1, p. 6.1 (Josiah Litch)",
    "element_type": "p",
    "element_subtype": "standard-indented",
    "content": "The sounding of the seven trumpets, and the slaying of the two witnesses, will be illustrated by copious historical references and quotations.",
    "puborder": 15,
    "translations": []
  },
  {
    "para_id": "1029.29",
    "id_prev": "1029.28",
    "id_next": "1029.30",
    "refcode_1": "PREX1",
    "refcode_2": "6",
    "refcode_3": "2",
    "refcode_4": "",
    "refcode_short": "PREX1 6.2",
    "refcode_long": "Prophetic Expositions, vol. 1, p. 6.2 (Josiah Litch)",
    "element_type": "p",
    "element_subtype": "standard-indented",
    "content": "That the work will be found faultless, is not to be expected. It has been prepared in the midst of a great pressure of other duties and cares, and in many respects under most unfavorable circumstances. And nothing but a deep conviction that the interests of God&rsquo;s cause demand such a work, and the shortness of time in which we can work, could have induced the present effort. But the work, such as it is, is humbly submitted to the public, with the earnest prayer that God&rsquo;s blessing may attend it, and that in his hand this feeble effort may be the means of awakening some of the slumbering virgins to trim their lamps, procure oil, and prepare to meet the Bridegroom at his coming. J. L.",
    "puborder": 16,
    "translations": []
  },
  {
    "para_id": "1029.30",
    "id_prev": "1029.29",
    "id_next": "1029.34",
    "refcode_1": "PREX1",
    "refcode_2": "6",
    "refcode_3": "3",
    "refcode_4": "",
    "refcode_short": "PREX1 6.3",
    "refcode_long": "Prophetic Expositions, vol. 1, p. 6.3 (Josiah Litch)",
    "element_type": "p",
    "element_subtype": "standard-indented",
    "content": "<em>Boston</em>, <em>Oct</em>. 12, 1842.",
    "puborder": 17,
    "translations": []
  }
]