[
  {
    "para_id": "145.1433",
    "id_prev": "145.1431",
    "id_next": "145.2078",
    "refcode_1": "SR",
    "refcode_2": "301",
    "refcode_3": "",
    "refcode_4": "41",
    "refcode_short": "SR 301",
    "refcode_long": "The Story of Redemption, p. 301 (Ellen Gould White)",
    "element_type": "h3",
    "element_subtype": "",
    "content": "Chapter 41&mdash;In the Regions Beyond",
    "puborder": 931,
    "translations": [
      {
        "para_id": "13902.1313",
        "lang": "el",
        "refcode": "ΙΑ 232"
      },
      {
        "para_id": "189.1457",
        "lang": "es",
        "refcode": "HR 315"
      },
      {
        "para_id": "13872.1307",
        "lang": "et",
        "refcode": "Ltu 251"
      },
      {
        "para_id": "199.1510",
        "lang": "fr",
        "refcode": "HR 310"
      },
      {
        "para_id": "14041.1263",
        "lang": "hr",
        "refcode": "PO 225"
      },
      {
        "para_id": "11940.1233",
        "lang": "hu",
        "refcode": "MT 215"
      },
      {
        "para_id": "12259.1192",
        "lang": "pl",
        "refcode": "HZ 185"
      },
      {
        "para_id": "1949.1451",
        "lang": "pt",
        "refcode": "HR 301"
      },
      {
        "para_id": "2002.1426",
        "lang": "ro",
        "refcode": "IM 301"
      },
      {
        "para_id": "1833.1437",
        "lang": "ru",
        "refcode": "ИС 301"
      },
      {
        "para_id": "12472.1455",
        "lang": "to",
        "refcode": "KKP 316"
      },
      {
        "para_id": "12187.1342",
        "lang": "uk",
        "refcode": "ІВ 259"
      },
      {
        "para_id": "12261.1360",
        "lang": "xh",
        "refcode": "IL 270"
      }
    ]
  },
  {
    "para_id": "145.2078",
    "id_prev": "145.1433",
    "id_next": "145.1434",
    "refcode_1": "SR",
    "refcode_2": "301",
    "refcode_3": "",
    "refcode_4": "",
    "refcode_short": "",
    "refcode_long": "",
    "element_type": "p",
    "element_subtype": "bibletext",
    "content": "<span class=\"non-egw-comment\">This chapter is based on <span class=\"egwlink egwlink_bible\" title=\"Acts 13:1\" data-link=\"1965.55804\">Acts 13:1-4</span> and <span class=\"egwlink egwlink_bible\" title=\"Acts 15:1\" data-link=\"1965.55966\">15:1-31</span>.</span>",
    "puborder": 932,
    "translations": [
      {
        "para_id": "13902.1314",
        "lang": "el",
        "refcode": "The Story of Redemption"
      },
      {
        "para_id": "189.1457",
        "lang": "es",
        "refcode": "HR 315"
      },
      {
        "para_id": "13872.1308",
        "lang": "et",
        "refcode": "The Story of Redemption"
      },
      {
        "para_id": "199.1511",
        "lang": "fr",
        "refcode": "The Story of Redemption"
      },
      {
        "para_id": "14041.1264",
        "lang": "hr",
        "refcode": "PO 225.1"
      },
      {
        "para_id": "12259.1193",
        "lang": "pl",
        "refcode": "The Story of Redemption"
      },
      {
        "para_id": "1949.2095",
        "lang": "pt",
        "refcode": "The Story of Redemption"
      },
      {
        "para_id": "1833.1438",
        "lang": "ru",
        "refcode": "The Story of Redemption"
      },
      {
        "para_id": "12187.1343",
        "lang": "uk",
        "refcode": "The Story of Redemption"
      }
    ]
  },
  {
    "para_id": "145.1434",
    "id_prev": "145.2078",
    "id_next": "145.1435",
    "refcode_1": "SR",
    "refcode_2": "301",
    "refcode_3": "1",
    "refcode_4": "",
    "refcode_short": "SR 301.1",
    "refcode_long": "The Story of Redemption, p. 301.1 (Ellen Gould White)",
    "element_type": "p",
    "element_subtype": "standard-indented",
    "content": "The apostles and disciples who left Jerusalem during the fierce persecution that raged there after the martyrdom of Stephen, preached Christ in the cities round about, confining their labors to the Hebrew and Greek Jews. &ldquo;And the hand of the Lord was with them: and a great number believed, and turned unto the Lord.&rdquo; <span class=\"egwlink egwlink_bible\" title=\"Acts 11:21\" data-link=\"1965.55732\">Acts 11:21</span>.",
    "puborder": 933,
    "translations": [
      {
        "para_id": "13902.1315",
        "lang": "el",
        "refcode": "ΙΑ 232.1"
      },
      {
        "para_id": "189.1458",
        "lang": "es",
        "refcode": "HR 315.1"
      },
      {
        "para_id": "13872.1309",
        "lang": "et",
        "refcode": "Ltu 251.1"
      },
      {
        "para_id": "199.1512",
        "lang": "fr",
        "refcode": "HR 310.1"
      },
      {
        "para_id": "14041.1265",
        "lang": "hr",
        "refcode": "PO 225.2"
      },
      {
        "para_id": "11940.1234",
        "lang": "hu",
        "refcode": "MT 215.1"
      },
      {
        "para_id": "12259.1194",
        "lang": "pl",
        "refcode": "HZ 185.1"
      },
      {
        "para_id": "1949.1452",
        "lang": "pt",
        "refcode": "HR 301.1"
      },
      {
        "para_id": "2002.1427",
        "lang": "ro",
        "refcode": "IM 301.1"
      },
      {
        "para_id": "1833.1439",
        "lang": "ru",
        "refcode": "ИС 301.1"
      },
      {
        "para_id": "12472.1456",
        "lang": "to",
        "refcode": "KKP 316.1"
      },
      {
        "para_id": "12187.1344",
        "lang": "uk",
        "refcode": "ІВ 259.1"
      },
      {
        "para_id": "12261.1361",
        "lang": "xh",
        "refcode": "IL 270.3"
      }
    ]
  },
  {
    "para_id": "145.1435",
    "id_prev": "145.1434",
    "id_next": "145.1436",
    "refcode_1": "SR",
    "refcode_2": "301",
    "refcode_3": "2",
    "refcode_4": "",
    "refcode_short": "SR 301.2",
    "refcode_long": "The Story of Redemption, p. 301.2 (Ellen Gould White)",
    "element_type": "p",
    "element_subtype": "standard-indented",
    "content": "When the believers in Jerusalem heard the good tidings they rejoiced; and Barnabas, &ldquo;a good man, and full of the Holy Ghost and of faith,&rdquo; was sent to Antioch, the metropolis of Syria, to help the church there. He labored there with great success. As the work increased, he solicited and obtained the help of Paul; and the two disciples labored together in that city for a year, teaching the people and adding to the numbers of the church of Christ.",
    "puborder": 934,
    "translations": [
      {
        "para_id": "13902.1316",
        "lang": "el",
        "refcode": "ΙΑ 232.2"
      },
      {
        "para_id": "189.1459",
        "lang": "es",
        "refcode": "HR 315.2"
      },
      {
        "para_id": "13872.1310",
        "lang": "et",
        "refcode": "Ltu 251.2"
      },
      {
        "para_id": "199.1513",
        "lang": "fr",
        "refcode": "HR 310.2"
      },
      {
        "para_id": "14041.1266",
        "lang": "hr",
        "refcode": "PO 225.3"
      },
      {
        "para_id": "11940.1235",
        "lang": "hu",
        "refcode": "MT 215.2"
      },
      {
        "para_id": "12259.1195",
        "lang": "pl",
        "refcode": "HZ 185.2"
      },
      {
        "para_id": "1949.1453",
        "lang": "pt",
        "refcode": "HR 301.2"
      },
      {
        "para_id": "2002.1428",
        "lang": "ro",
        "refcode": "IM 301.2"
      },
      {
        "para_id": "1833.1440",
        "lang": "ru",
        "refcode": "ИС 301.2"
      },
      {
        "para_id": "12472.1457",
        "lang": "to",
        "refcode": "KKP 316.2"
      },
      {
        "para_id": "12187.1345",
        "lang": "uk",
        "refcode": "ІВ 259.2"
      },
      {
        "para_id": "12261.1364",
        "lang": "xh",
        "refcode": "IL 271.1"
      }
    ]
  },
  {
    "para_id": "145.1436",
    "id_prev": "145.1435",
    "id_next": "145.1438",
    "refcode_1": "SR",
    "refcode_2": "301",
    "refcode_3": "3",
    "refcode_4": "",
    "refcode_short": "SR 301.3",
    "refcode_long": "The Story of Redemption, p. 301.3 (Ellen Gould White)",
    "element_type": "p",
    "element_subtype": "standard-indented",
    "content": "Antioch had both a large Jewish and Gentile population; it was a great resort for lovers of ease and pleasure, because of the healthfulness of its situation, its beautiful scenery, and the wealth, culture, and refinement that centered there. Its extensive commerce made it a place of great importance, where people of all nationalities were found. It was therefore a city of luxury and vice. The retribution of God finally came upon Antioch, because of the wickedness of its inhabitants.",
    "puborder": 935,
    "translations": [
      {
        "para_id": "13902.1317",
        "lang": "el",
        "refcode": "ΙΑ 232.3"
      },
      {
        "para_id": "189.1460",
        "lang": "es",
        "refcode": "HR 315.3"
      },
      {
        "para_id": "13872.1311",
        "lang": "et",
        "refcode": "Ltu 251.3"
      },
      {
        "para_id": "199.1514",
        "lang": "fr",
        "refcode": "HR 310.3"
      },
      {
        "para_id": "14041.1267",
        "lang": "hr",
        "refcode": "PO 225.4"
      },
      {
        "para_id": "11940.1236",
        "lang": "hu",
        "refcode": "MT 215.3"
      },
      {
        "para_id": "12259.1196",
        "lang": "pl",
        "refcode": "HZ 185.3"
      },
      {
        "para_id": "1949.1454",
        "lang": "pt",
        "refcode": "HR 301.3"
      },
      {
        "para_id": "2002.1429",
        "lang": "ro",
        "refcode": "IM 301.3"
      },
      {
        "para_id": "1833.1441",
        "lang": "ru",
        "refcode": "ИС 301.3"
      },
      {
        "para_id": "12472.1458",
        "lang": "to",
        "refcode": "KKP 316.3"
      },
      {
        "para_id": "12187.1346",
        "lang": "uk",
        "refcode": "ІВ 259.3"
      },
      {
        "para_id": "12261.1365",
        "lang": "xh",
        "refcode": "IL 271.2"
      }
    ]
  },
  {
    "para_id": "145.1438",
    "id_prev": "145.1436",
    "id_next": "145.1439",
    "refcode_1": "SR",
    "refcode_2": "302",
    "refcode_3": "1",
    "refcode_4": "",
    "refcode_short": "SR 302.1",
    "refcode_long": "The Story of Redemption, p. 302.1 (Ellen Gould White)",
    "element_type": "p",
    "element_subtype": "standard-indented",
    "content": "It was here that the disciples were first called Christians. This name was given them because Christ was the main theme of their preaching, teaching, and conversation. They were continually recounting the incidents of His life during the time in which His disciples were blessed with His personal company. They dwelt untiringly upon His teachings, His miracles of healing the sick, casting out devils, and raising the dead to life. With quivering lips and tearful eyes they spoke of His agony in the garden, His betrayal, trial, and execution, the forbearance and humility with which He endured the contumely and torture imposed upon Him by His enemies, and the Godlike pity with which He prayed for those who persecuted Him. His resurrection and ascension and his work in heaven as a Mediator for fallen man were joyful topics with them. The heathen might well call them Christians, since they preached of Christ and addressed their prayers to God through Him.",
    "puborder": 936,
    "translations": [
      {
        "para_id": "13902.1318",
        "lang": "el",
        "refcode": "ΙΑ 232.4"
      },
      {
        "para_id": "189.1463",
        "lang": "es",
        "refcode": "HR 316.1"
      },
      {
        "para_id": "13872.1312",
        "lang": "et",
        "refcode": "Ltu 251.4"
      },
      {
        "para_id": "199.1516",
        "lang": "fr",
        "refcode": "HR 311.1"
      },
      {
        "para_id": "14041.1268",
        "lang": "hr",
        "refcode": "PO 225.5"
      },
      {
        "para_id": "11940.1237",
        "lang": "hu",
        "refcode": "MT 215.4"
      },
      {
        "para_id": "12259.1197",
        "lang": "pl",
        "refcode": "HZ 185.4"
      },
      {
        "para_id": "1949.1456",
        "lang": "pt",
        "refcode": "HR 302.1"
      },
      {
        "para_id": "2002.1431",
        "lang": "ro",
        "refcode": "IM 302.1"
      },
      {
        "para_id": "1833.1443",
        "lang": "ru",
        "refcode": "ИС 302.1"
      },
      {
        "para_id": "12472.1459",
        "lang": "to",
        "refcode": "KKP 316.4"
      },
      {
        "para_id": "12187.1348",
        "lang": "uk",
        "refcode": "ІВ 260.1"
      },
      {
        "para_id": "12261.1366",
        "lang": "xh",
        "refcode": "IL 271.3"
      }
    ]
  },
  {
    "para_id": "145.1439",
    "id_prev": "145.1438",
    "id_next": "145.1440",
    "refcode_1": "SR",
    "refcode_2": "302",
    "refcode_3": "2",
    "refcode_4": "",
    "refcode_short": "SR 302.2",
    "refcode_long": "The Story of Redemption, p. 302.2 (Ellen Gould White)",
    "element_type": "p",
    "element_subtype": "standard-indented",
    "content": "Paul found, in the populous city of Antioch, an excellent field of labor, where his great learning, wisdom, and zeal, combined, wielded a powerful influence over the inhabitants and frequenters of that city of culture.",
    "puborder": 937,
    "translations": [
      {
        "para_id": "13902.1321",
        "lang": "el",
        "refcode": "ΙΑ 233.1"
      },
      {
        "para_id": "189.1464",
        "lang": "es",
        "refcode": "HR 316.2"
      },
      {
        "para_id": "13872.1315",
        "lang": "et",
        "refcode": "Ltu 252.1"
      },
      {
        "para_id": "199.1517",
        "lang": "fr",
        "refcode": "HR 311.2"
      },
      {
        "para_id": "14041.1271",
        "lang": "hr",
        "refcode": "PO 226.1"
      },
      {
        "para_id": "11940.1239",
        "lang": "hu",
        "refcode": "MT 216.1"
      },
      {
        "para_id": "12259.1199",
        "lang": "pl",
        "refcode": "HZ 186.1"
      },
      {
        "para_id": "1949.1457",
        "lang": "pt",
        "refcode": "HR 302.2"
      },
      {
        "para_id": "2002.1432",
        "lang": "ro",
        "refcode": "IM 302.2"
      },
      {
        "para_id": "1833.1444",
        "lang": "ru",
        "refcode": "ИС 302.2"
      },
      {
        "para_id": "12472.1462",
        "lang": "to",
        "refcode": "KKP 317.1"
      },
      {
        "para_id": "12187.1349",
        "lang": "uk",
        "refcode": "ІВ 260.2"
      },
      {
        "para_id": "12261.1366",
        "lang": "xh",
        "refcode": "IL 271.3"
      }
    ]
  },
  {
    "para_id": "145.1440",
    "id_prev": "145.1439",
    "id_next": "145.1441",
    "refcode_1": "SR",
    "refcode_2": "302",
    "refcode_3": "3",
    "refcode_4": "",
    "refcode_short": "SR 302.3",
    "refcode_long": "The Story of Redemption, p. 302.3 (Ellen Gould White)",
    "element_type": "p",
    "element_subtype": "standard-indented",
    "content": "Meanwhile the work of the apostles was centered at Jerusalem, where Jews of all tongues and countries came to worship at the temple during the stated festivals. At such times the apostles preached Christ with unflinching courage, though they knew that in so doing their lives were in constant jeopardy. Many converts to the faith were made, and these, scattering to their homes in different parts of the country, dispersed the seeds of truth throughout all nations and among all classes of society.",
    "puborder": 938,
    "translations": [
      {
        "para_id": "13902.1322",
        "lang": "el",
        "refcode": "ΙΑ 233.2"
      },
      {
        "para_id": "189.1465",
        "lang": "es",
        "refcode": "HR 316.3"
      },
      {
        "para_id": "13872.1316",
        "lang": "et",
        "refcode": "Ltu 252.2"
      },
      {
        "para_id": "199.1518",
        "lang": "fr",
        "refcode": "HR 311.3"
      },
      {
        "para_id": "14041.1272",
        "lang": "hr",
        "refcode": "PO 226.2"
      },
      {
        "para_id": "11940.1240",
        "lang": "hu",
        "refcode": "MT 216.2"
      },
      {
        "para_id": "12259.1200",
        "lang": "pl",
        "refcode": "HZ 186.2"
      },
      {
        "para_id": "1949.1458",
        "lang": "pt",
        "refcode": "HR 302.3"
      },
      {
        "para_id": "2002.1433",
        "lang": "ro",
        "refcode": "IM 302.3"
      },
      {
        "para_id": "1833.1445",
        "lang": "ru",
        "refcode": "ИС 302.3"
      },
      {
        "para_id": "12472.1463",
        "lang": "to",
        "refcode": "KKP 317.2"
      },
      {
        "para_id": "12187.1350",
        "lang": "uk",
        "refcode": "ІВ 260.3"
      },
      {
        "para_id": "12261.1369",
        "lang": "xh",
        "refcode": "IL 272.1"
      }
    ]
  },
  {
    "para_id": "145.1441",
    "id_prev": "145.1440",
    "id_next": "145.1444",
    "refcode_1": "SR",
    "refcode_2": "302",
    "refcode_3": "4",
    "refcode_4": "",
    "refcode_short": "SR 302.4",
    "refcode_long": "The Story of Redemption, p. 302.4 (Ellen Gould White)",
    "element_type": "p",
    "element_subtype": "standard-indented",
    "content": "Peter, James, and John felt confident that God <span class=\"page-break\" data-page=\"303\"></span> had appointed them to preach Christ among their own countrymen at home. But Paul had received his commission from God, while praying in the temple, and his broad missionary field had been presented before him with remarkable distinctness. To prepare him for his extensive and important work, God had brought him into close connection with Himself, and had opened before his enraptured vision a glimpse of the beauty and glory of heaven.",
    "puborder": 939,
    "translations": [
      {
        "para_id": "13902.1323",
        "lang": "el",
        "refcode": "ΙΑ 233.3"
      },
      {
        "para_id": "189.1468",
        "lang": "es",
        "refcode": "HR 317.1"
      },
      {
        "para_id": "13872.1317",
        "lang": "et",
        "refcode": "Ltu 252.3"
      },
      {
        "para_id": "199.1521",
        "lang": "fr",
        "refcode": "HR 312.1"
      },
      {
        "para_id": "14041.1273",
        "lang": "hr",
        "refcode": "PO 226.3"
      },
      {
        "para_id": "11940.1241",
        "lang": "hu",
        "refcode": "MT 216.3"
      },
      {
        "para_id": "12259.1201",
        "lang": "pl",
        "refcode": "HZ 186.3"
      },
      {
        "para_id": "1949.1459",
        "lang": "pt",
        "refcode": "HR 302.4"
      },
      {
        "para_id": "2002.1434",
        "lang": "ro",
        "refcode": "IM 302.4"
      },
      {
        "para_id": "1833.1446",
        "lang": "ru",
        "refcode": "ИС 302.4"
      },
      {
        "para_id": "12472.1466",
        "lang": "to",
        "refcode": "KKP 318.1"
      },
      {
        "para_id": "12187.1351",
        "lang": "uk",
        "refcode": "ІВ 260.4"
      },
      {
        "para_id": "12261.1370",
        "lang": "xh",
        "refcode": "IL 272.2"
      }
    ]
  }
]