[
  {
    "para_id": "145.1658",
    "id_prev": "145.1655",
    "id_next": "145.1659",
    "refcode_1": "SR",
    "refcode_2": "347",
    "refcode_3": "",
    "refcode_4": "142",
    "refcode_short": "SR 347",
    "refcode_long": "The Story of Redemption, p. 347 (Ellen Gould White)",
    "element_type": "h4",
    "element_subtype": "",
    "content": "Luther Before the Council",
    "puborder": 1075,
    "translations": [
      {
        "para_id": "13902.1515",
        "lang": "el",
        "refcode": "ΙΑ 270"
      },
      {
        "para_id": "189.1682",
        "lang": "es",
        "refcode": "HR 364"
      },
      {
        "para_id": "13872.1510",
        "lang": "et",
        "refcode": "Ltu 288"
      },
      {
        "para_id": "199.1733",
        "lang": "fr",
        "refcode": "HR 357"
      },
      {
        "para_id": "14041.1462",
        "lang": "hr",
        "refcode": "PO 260"
      },
      {
        "para_id": "11940.1429",
        "lang": "hu",
        "refcode": "MT 247"
      },
      {
        "para_id": "12259.1371",
        "lang": "pl",
        "refcode": "HZ 212"
      },
      {
        "para_id": "1949.1676",
        "lang": "pt",
        "refcode": "HR 347"
      },
      {
        "para_id": "2002.1651",
        "lang": "ro",
        "refcode": "IM 347"
      },
      {
        "para_id": "1833.1661",
        "lang": "ru",
        "refcode": "ИС 347"
      },
      {
        "para_id": "12472.1686",
        "lang": "to",
        "refcode": "KKP 365"
      },
      {
        "para_id": "12187.1551",
        "lang": "uk",
        "refcode": "ІВ 299"
      },
      {
        "para_id": "12261.1572",
        "lang": "xh",
        "refcode": "IL 311"
      }
    ]
  },
  {
    "para_id": "145.1659",
    "id_prev": "145.1658",
    "id_next": "145.1660",
    "refcode_1": "SR",
    "refcode_2": "347",
    "refcode_3": "1",
    "refcode_4": "",
    "refcode_short": "SR 347.1",
    "refcode_long": "The Story of Redemption, p. 347.1 (Ellen Gould White)",
    "element_type": "p",
    "element_subtype": "standard-indented",
    "content": "At length Luther stood before the council. The emperor occupied the throne. He was surrounded by the most illustrious personages in the empire. Never had any man appeared in the presence of a more imposing assembly than that before which Martin Luther was to answer for his faith.",
    "puborder": 1076,
    "translations": [
      {
        "para_id": "13902.1516",
        "lang": "el",
        "refcode": "ΙΑ 270.1"
      },
      {
        "para_id": "189.1683",
        "lang": "es",
        "refcode": "HR 364.1"
      },
      {
        "para_id": "13872.1511",
        "lang": "et",
        "refcode": "Ltu 288.5"
      },
      {
        "para_id": "199.1734",
        "lang": "fr",
        "refcode": "HR 357.1"
      },
      {
        "para_id": "14041.1463",
        "lang": "hr",
        "refcode": "PO 260.5"
      },
      {
        "para_id": "11940.1430",
        "lang": "hu",
        "refcode": "MT 247.5"
      },
      {
        "para_id": "12259.1372",
        "lang": "pl",
        "refcode": "HZ 212.5"
      },
      {
        "para_id": "1949.1677",
        "lang": "pt",
        "refcode": "HR 347.1"
      },
      {
        "para_id": "2002.1652",
        "lang": "ro",
        "refcode": "IM 347.1"
      },
      {
        "para_id": "1833.1662",
        "lang": "ru",
        "refcode": "ИС 347.1"
      },
      {
        "para_id": "12472.1687",
        "lang": "to",
        "refcode": "KKP 365.3"
      },
      {
        "para_id": "12187.1552",
        "lang": "uk",
        "refcode": "ІВ 299.1"
      },
      {
        "para_id": "12261.1573",
        "lang": "xh",
        "refcode": "IL 311.5"
      }
    ]
  },
  {
    "para_id": "145.1660",
    "id_prev": "145.1659",
    "id_next": "145.1661",
    "refcode_1": "SR",
    "refcode_2": "347",
    "refcode_3": "2",
    "refcode_4": "",
    "refcode_short": "SR 347.2",
    "refcode_long": "The Story of Redemption, p. 347.2 (Ellen Gould White)",
    "element_type": "p",
    "element_subtype": "standard-indented",
    "content": "The very fact of that appearance was a signal victory for the truth. That a man whom the pope had condemned should be judged by another tribunal was virtually a denial of the pontiff&apos;s supreme authority. The Reformer, placed under ban, and denounced from human fellowship by the pope, had been assured protection, and was granted a hearing by the highest dignitaries of the nation. Rome had commanded him to be silent, but he was about to speak in the presence of thousands from all parts of Christendom. Calm and peaceful, yet grandly brave and noble, he stood as God&apos;s witness among the great ones of the earth. Luther made his answer in a subdued and humble tone, without violence or passion. His demeanor was diffident and respectful; yet he manifested a confidence and joy that surprised the assembly.",
    "puborder": 1077,
    "translations": [
      {
        "para_id": "13902.1517",
        "lang": "el",
        "refcode": "ΙΑ 270.2"
      },
      {
        "para_id": "189.1684",
        "lang": "es",
        "refcode": "HR 364.2"
      },
      {
        "para_id": "13872.1512",
        "lang": "et",
        "refcode": "Ltu 288.6"
      },
      {
        "para_id": "199.1735",
        "lang": "fr",
        "refcode": "HR 357.2"
      },
      {
        "para_id": "14041.1465",
        "lang": "hr",
        "refcode": "PO 261.1"
      },
      {
        "para_id": "11940.1431",
        "lang": "hu",
        "refcode": "MT 247.6"
      },
      {
        "para_id": "12259.1373",
        "lang": "pl",
        "refcode": "HZ 212.6"
      },
      {
        "para_id": "1949.1678",
        "lang": "pt",
        "refcode": "HR 347.2"
      },
      {
        "para_id": "2002.1653",
        "lang": "ro",
        "refcode": "IM 347.2"
      },
      {
        "para_id": "1833.1662",
        "lang": "ru",
        "refcode": "ИС 347.1"
      },
      {
        "para_id": "12472.1688",
        "lang": "to",
        "refcode": "KKP 365.4"
      },
      {
        "para_id": "12187.1553",
        "lang": "uk",
        "refcode": "ІВ 299.2"
      },
      {
        "para_id": "12261.1576",
        "lang": "xh",
        "refcode": "IL 312.1"
      }
    ]
  },
  {
    "para_id": "145.1661",
    "id_prev": "145.1660",
    "id_next": "145.1662",
    "refcode_1": "SR",
    "refcode_2": "347",
    "refcode_3": "3",
    "refcode_4": "",
    "refcode_short": "SR 347.3",
    "refcode_long": "The Story of Redemption, p. 347.3 (Ellen Gould White)",
    "element_type": "p",
    "element_subtype": "standard-indented",
    "content": "Those who stubbornly closed their eyes to the light, and determined not to be convinced of the truth, were enraged at the power of Luther&apos;s words. As he ceased speaking, the spokesman of the Diet said angrily, &ldquo;You have not answered the question put to you.... You are required to give a clear and precise answer.... Will you, or will you not, retract?&rdquo;",
    "puborder": 1078,
    "translations": [
      {
        "para_id": "13902.1518",
        "lang": "el",
        "refcode": "ΙΑ 270.3"
      },
      {
        "para_id": "189.1685",
        "lang": "es",
        "refcode": "HR 364.3"
      },
      {
        "para_id": "13872.1515",
        "lang": "et",
        "refcode": "Ltu 289.1"
      },
      {
        "para_id": "199.1736",
        "lang": "fr",
        "refcode": "HR 357.3"
      },
      {
        "para_id": "14041.1466",
        "lang": "hr",
        "refcode": "PO 261.2"
      },
      {
        "para_id": "11940.1434",
        "lang": "hu",
        "refcode": "MT 248.1"
      },
      {
        "para_id": "12259.1376",
        "lang": "pl",
        "refcode": "HZ 213.1"
      },
      {
        "para_id": "1949.1679",
        "lang": "pt",
        "refcode": "HR 347.3"
      },
      {
        "para_id": "2002.1654",
        "lang": "ro",
        "refcode": "IM 347.3"
      },
      {
        "para_id": "1833.1663",
        "lang": "ru",
        "refcode": "ИС 347.2"
      },
      {
        "para_id": "12472.1691",
        "lang": "to",
        "refcode": "KKP 366.1"
      },
      {
        "para_id": "12187.1554",
        "lang": "uk",
        "refcode": "ІВ 299.3"
      },
      {
        "para_id": "12261.1577",
        "lang": "xh",
        "refcode": "IL 312.2"
      }
    ]
  },
  {
    "para_id": "145.1662",
    "id_prev": "145.1661",
    "id_next": "145.1665",
    "refcode_1": "SR",
    "refcode_2": "347",
    "refcode_3": "4",
    "refcode_4": "",
    "refcode_short": "SR 347.4",
    "refcode_long": "The Story of Redemption, p. 347.4 (Ellen Gould White)",
    "element_type": "p",
    "element_subtype": "standard-indented",
    "content": "The Reformer answered: &ldquo;Since your most serene majesty and your high mightinesses require from me <span class=\"page-break\" data-page=\"348\"></span> a clear, simple, and precise answer, I will give you one, and it is this: I cannot submit my faith either to the pope or to the councils, because it is clear as the day that they have frequently erred and contradicted each other. Unless therefore I am convinced by the testimony of Scripture or by the clearest reasoning, unless I am persuaded by means of the passages I have quoted, and unless they thus render my conscience bound by the Word of God, <em>I cannot and I will not retract</em>, for it is unsafe for a Christian to speak against his conscience. Here I stand, I can do no other; may God help me. Amen.&rdquo;",
    "puborder": 1079,
    "translations": [
      {
        "para_id": "13902.1519",
        "lang": "el",
        "refcode": "ΙΑ 270.4"
      },
      {
        "para_id": "189.1688",
        "lang": "es",
        "refcode": "HR 365.1"
      },
      {
        "para_id": "13872.1516",
        "lang": "et",
        "refcode": "Ltu 289.2"
      },
      {
        "para_id": "199.1737",
        "lang": "fr",
        "refcode": "HR 357.4"
      },
      {
        "para_id": "14041.1467",
        "lang": "hr",
        "refcode": "PO 261.3"
      },
      {
        "para_id": "11940.1435",
        "lang": "hu",
        "refcode": "MT 248.2"
      },
      {
        "para_id": "12259.1377",
        "lang": "pl",
        "refcode": "HZ 213.2"
      },
      {
        "para_id": "1949.1680",
        "lang": "pt",
        "refcode": "HR 347.4"
      },
      {
        "para_id": "2002.1655",
        "lang": "ro",
        "refcode": "IM 347.4"
      },
      {
        "para_id": "1833.1664",
        "lang": "ru",
        "refcode": "ИС 347.3"
      },
      {
        "para_id": "12472.1692",
        "lang": "to",
        "refcode": "KKP 366.2"
      },
      {
        "para_id": "12187.1555",
        "lang": "uk",
        "refcode": "ІВ 299.4"
      },
      {
        "para_id": "12261.1578",
        "lang": "xh",
        "refcode": "IL 312.3"
      }
    ]
  },
  {
    "para_id": "145.1665",
    "id_prev": "145.1662",
    "id_next": "145.1666",
    "refcode_1": "SR",
    "refcode_2": "348",
    "refcode_3": "1",
    "refcode_4": "",
    "refcode_short": "SR 348.1",
    "refcode_long": "The Story of Redemption, p. 348.1 (Ellen Gould White)",
    "element_type": "p",
    "element_subtype": "standard-indented",
    "content": "Thus stood this righteous man, upon the sure foundation of the Word of God. The light of Heaven illuminated his countenance. His greatness and purity of character, his peace and joy of heart, were manifest to all as he testified against the power of error and witnessed to the superiority of that faith that overcomes the world.",
    "puborder": 1080,
    "translations": [
      {
        "para_id": "13902.1522",
        "lang": "el",
        "refcode": "ΙΑ 271.1"
      },
      {
        "para_id": "189.1689",
        "lang": "es",
        "refcode": "HR 365.2"
      },
      {
        "para_id": "13872.1517",
        "lang": "et",
        "refcode": "Ltu 289.3"
      },
      {
        "para_id": "14041.1468",
        "lang": "hr",
        "refcode": "PO 261.4"
      },
      {
        "para_id": "11940.1436",
        "lang": "hu",
        "refcode": "MT 248.3"
      },
      {
        "para_id": "12259.1378",
        "lang": "pl",
        "refcode": "HZ 213.3"
      },
      {
        "para_id": "1949.1683",
        "lang": "pt",
        "refcode": "HR 348.1"
      },
      {
        "para_id": "2002.1658",
        "lang": "ro",
        "refcode": "IM 348.1"
      },
      {
        "para_id": "1833.1667",
        "lang": "ru",
        "refcode": "ИС 348.1"
      },
      {
        "para_id": "12472.1693",
        "lang": "to",
        "refcode": "KKP 366.3"
      },
      {
        "para_id": "12187.1558",
        "lang": "uk",
        "refcode": "ІВ 300.1"
      },
      {
        "para_id": "12261.1581",
        "lang": "xh",
        "refcode": "IL 313.1"
      }
    ]
  },
  {
    "para_id": "145.1666",
    "id_prev": "145.1665",
    "id_next": "145.1667",
    "refcode_1": "SR",
    "refcode_2": "348",
    "refcode_3": "2",
    "refcode_4": "",
    "refcode_short": "SR 348.2",
    "refcode_long": "The Story of Redemption, p. 348.2 (Ellen Gould White)",
    "element_type": "p",
    "element_subtype": "standard-indented",
    "content": "Firm as a rock he stood, while the fiercest billows of worldly power beat harmlessly against him. The simple energy of his words, his fearless bearing, his calm, speaking eye, and the unalterable determination expressed in every word and act made a deep impression upon the assembly. It was evident that he could not be induced, either by promises or threats, to yield to the mandate of Rome.",
    "puborder": 1081,
    "translations": [
      {
        "para_id": "13902.1523",
        "lang": "el",
        "refcode": "ΙΑ 271.2"
      },
      {
        "para_id": "189.1690",
        "lang": "es",
        "refcode": "HR 365.3"
      },
      {
        "para_id": "13872.1519",
        "lang": "et",
        "refcode": "Ltu 290.1"
      },
      {
        "para_id": "199.1740",
        "lang": "fr",
        "refcode": "HR 358.1"
      },
      {
        "para_id": "14041.1470",
        "lang": "hr",
        "refcode": "PO 262.1"
      },
      {
        "para_id": "11940.1437",
        "lang": "hu",
        "refcode": "MT 248.4"
      },
      {
        "para_id": "12259.1379",
        "lang": "pl",
        "refcode": "HZ 213.4"
      },
      {
        "para_id": "1949.1684",
        "lang": "pt",
        "refcode": "HR 348.2"
      },
      {
        "para_id": "2002.1659",
        "lang": "ro",
        "refcode": "IM 348.2"
      },
      {
        "para_id": "1833.1668",
        "lang": "ru",
        "refcode": "ИС 348.2"
      },
      {
        "para_id": "12472.1696",
        "lang": "to",
        "refcode": "KKP 367.1"
      },
      {
        "para_id": "12187.1559",
        "lang": "uk",
        "refcode": "ІВ 300.2"
      },
      {
        "para_id": "12261.1582",
        "lang": "xh",
        "refcode": "IL 313.2"
      }
    ]
  },
  {
    "para_id": "145.1667",
    "id_prev": "145.1666",
    "id_next": "145.1670",
    "refcode_1": "SR",
    "refcode_2": "348",
    "refcode_3": "3",
    "refcode_4": "",
    "refcode_short": "SR 348.3",
    "refcode_long": "The Story of Redemption, p. 348.3 (Ellen Gould White)",
    "element_type": "p",
    "element_subtype": "standard-indented",
    "content": "Christ had spoken through Luther&apos;s testimony with a power and grandeur that for the time inspired both friends and foes with awe and wonder. The Spirit of God had been present in that council, impressing the hearts of the chiefs of the empire. Several of the princes openly acknowledged the justice of Luther&apos;s cause. Many were convinced of the truth, but with some the impressions received were not <span class=\"page-break\" data-page=\"349\"></span> lasting. There was another class who did not at the time express their convictions, but who, having searched the Scriptures for themselves, at a future time declared with great boldness for the Reformation.",
    "puborder": 1082,
    "translations": [
      {
        "para_id": "13902.1524",
        "lang": "el",
        "refcode": "ΙΑ 271.3"
      },
      {
        "para_id": "189.1692",
        "lang": "es",
        "refcode": "HR 366.1"
      },
      {
        "para_id": "13872.1520",
        "lang": "et",
        "refcode": "Ltu 290.2"
      },
      {
        "para_id": "199.1741",
        "lang": "fr",
        "refcode": "HR 358.2"
      },
      {
        "para_id": "14041.1471",
        "lang": "hr",
        "refcode": "PO 262.2"
      },
      {
        "para_id": "11940.1438",
        "lang": "hu",
        "refcode": "MT 248.5"
      },
      {
        "para_id": "12259.1380",
        "lang": "pl",
        "refcode": "HZ 213.5"
      },
      {
        "para_id": "1949.1685",
        "lang": "pt",
        "refcode": "HR 348.3"
      },
      {
        "para_id": "2002.1660",
        "lang": "ro",
        "refcode": "IM 348.3"
      },
      {
        "para_id": "1833.1669",
        "lang": "ru",
        "refcode": "ИС 348.3"
      },
      {
        "para_id": "12472.1697",
        "lang": "to",
        "refcode": "KKP 367.2"
      },
      {
        "para_id": "12187.1560",
        "lang": "uk",
        "refcode": "ІВ 300.3"
      },
      {
        "para_id": "12261.1583",
        "lang": "xh",
        "refcode": "IL 313.3"
      }
    ]
  },
  {
    "para_id": "145.1670",
    "id_prev": "145.1667",
    "id_next": "145.1671",
    "refcode_1": "SR",
    "refcode_2": "349",
    "refcode_3": "1",
    "refcode_4": "",
    "refcode_short": "SR 349.1",
    "refcode_long": "The Story of Redemption, p. 349.1 (Ellen Gould White)",
    "element_type": "p",
    "element_subtype": "standard-indented",
    "content": "The elector Frederick had looked forward with anxiety to Luther&apos;s appearance before the Diet, and with deep emotion he listened to his speech. He rejoiced at the doctor&apos;s courage, firmness, and self-possession, and was proud of being his protector. He contrasted the parties in contest, and saw that the wisdom of popes, kings, and prelates had been brought to nought by the power of truth. The Papacy had sustained a defeat which would be felt among all nations and in all ages.",
    "puborder": 1083,
    "translations": [
      {
        "para_id": "13902.1525",
        "lang": "el",
        "refcode": "ΙΑ 271.4"
      },
      {
        "para_id": "189.1693",
        "lang": "es",
        "refcode": "HR 366.2"
      },
      {
        "para_id": "13872.1521",
        "lang": "et",
        "refcode": "Ltu 290.3"
      },
      {
        "para_id": "199.1742",
        "lang": "fr",
        "refcode": "HR 358.3"
      },
      {
        "para_id": "14041.1472",
        "lang": "hr",
        "refcode": "PO 262.3"
      },
      {
        "para_id": "11940.1441",
        "lang": "hu",
        "refcode": "MT 249.1"
      },
      {
        "para_id": "12259.1381",
        "lang": "pl",
        "refcode": "HZ 213.6"
      },
      {
        "para_id": "12259.1383",
        "lang": "pl",
        "refcode": "HZ 214.1"
      },
      {
        "para_id": "1949.1688",
        "lang": "pt",
        "refcode": "HR 349.1"
      },
      {
        "para_id": "2002.1663",
        "lang": "ro",
        "refcode": "IM 349.1"
      },
      {
        "para_id": "1833.1672",
        "lang": "ru",
        "refcode": "ИС 349.1"
      },
      {
        "para_id": "12472.1698",
        "lang": "to",
        "refcode": "KKP 367.3"
      },
      {
        "para_id": "12187.1561",
        "lang": "uk",
        "refcode": "ІВ 300.4"
      },
      {
        "para_id": "12261.1584",
        "lang": "xh",
        "refcode": "IL 313.4"
      }
    ]
  },
  {
    "para_id": "145.1671",
    "id_prev": "145.1670",
    "id_next": "145.1672",
    "refcode_1": "SR",
    "refcode_2": "349",
    "refcode_3": "2",
    "refcode_4": "",
    "refcode_short": "SR 349.2",
    "refcode_long": "The Story of Redemption, p. 349.2 (Ellen Gould White)",
    "element_type": "p",
    "element_subtype": "standard-indented",
    "content": "Had the Reformer yielded a single point, Satan and his hosts would have gained the victory. But his unwavering firmness was the means of emancipating the church and beginning a new and better era. The influence of this one man, who dared to think and act for himself in religious matters, was to affect the church and the world, not only in his own time, but in all future generations. His firmness and fidelity would strengthen all, to the close of time, who should pass through a similar experience. The power and majesty of God stood forth above the counsel of men, above the mighty power of Satan.",
    "puborder": 1084,
    "translations": [
      {
        "para_id": "13902.1526",
        "lang": "el",
        "refcode": "ΙΑ 271.5"
      },
      {
        "para_id": "189.1694",
        "lang": "es",
        "refcode": "HR 366.3"
      },
      {
        "para_id": "13872.1522",
        "lang": "et",
        "refcode": "Ltu 290.4"
      },
      {
        "para_id": "199.1745",
        "lang": "fr",
        "refcode": "HR 359.1"
      },
      {
        "para_id": "14041.1473",
        "lang": "hr",
        "refcode": "PO 262.4"
      },
      {
        "para_id": "11940.1442",
        "lang": "hu",
        "refcode": "MT 249.2"
      },
      {
        "para_id": "12259.1384",
        "lang": "pl",
        "refcode": "HZ 214.2"
      },
      {
        "para_id": "1949.1689",
        "lang": "pt",
        "refcode": "HR 349.2"
      },
      {
        "para_id": "2002.1664",
        "lang": "ro",
        "refcode": "IM 349.2"
      },
      {
        "para_id": "1833.1673",
        "lang": "ru",
        "refcode": "ИС 349.2"
      },
      {
        "para_id": "12472.1701",
        "lang": "to",
        "refcode": "KKP 368.1"
      },
      {
        "para_id": "12187.1564",
        "lang": "uk",
        "refcode": "ІВ 301.1"
      },
      {
        "para_id": "12261.1587",
        "lang": "xh",
        "refcode": "IL 314.1"
      }
    ]
  },
  {
    "para_id": "145.1672",
    "id_prev": "145.1671",
    "id_next": "145.1675",
    "refcode_1": "SR",
    "refcode_2": "349",
    "refcode_3": "3",
    "refcode_4": "",
    "refcode_short": "SR 349.3",
    "refcode_long": "The Story of Redemption, p. 349.3 (Ellen Gould White)",
    "element_type": "p",
    "element_subtype": "standard-indented",
    "content": "I saw that Luther was ardent and zealous, fearless and bold, in reproving sin and advocating the truth. He cared not for wicked men or devils; he knew that he had One with him mightier than they all. Luther possessed zeal, courage, and boldness, and at times was in danger of going to extremes. But God raised up Melancthon, who was just the opposite in character, to aid Luther in carrying on the work of reformation. Melancthon was timid, fearful, cautious, and possessed <span class=\"page-break\" data-page=\"350\"></span> great patience. He was greatly beloved of God. His knowledge of the Scriptures was great, and his judgment and wisdom excellent. His love for the cause of God was equal to Luther&apos;s. The hearts of these men the Lord knit together; they were inseparable friends. Luther was a great help to Melancthon when in danger of being fearful and slow, and Melancthon in turn was a great help to Luther when in danger of moving too fast.",
    "puborder": 1085,
    "translations": [
      {
        "para_id": "13902.1529",
        "lang": "el",
        "refcode": "ΙΑ 272.1"
      },
      {
        "para_id": "189.1697",
        "lang": "es",
        "refcode": "HR 367.1"
      },
      {
        "para_id": "13872.1524",
        "lang": "et",
        "refcode": "Ltu 291.1"
      },
      {
        "para_id": "199.1746",
        "lang": "fr",
        "refcode": "HR 359.2"
      },
      {
        "para_id": "14041.1474",
        "lang": "hr",
        "refcode": "PO 262.5"
      },
      {
        "para_id": "11940.1443",
        "lang": "hu",
        "refcode": "MT 249.3"
      },
      {
        "para_id": "12259.1385",
        "lang": "pl",
        "refcode": "HZ 214.3"
      },
      {
        "para_id": "1949.1690",
        "lang": "pt",
        "refcode": "HR 349.3"
      },
      {
        "para_id": "2002.1665",
        "lang": "ro",
        "refcode": "IM 349.3"
      },
      {
        "para_id": "1833.1674",
        "lang": "ru",
        "refcode": "ИС 349.3"
      },
      {
        "para_id": "12472.1702",
        "lang": "to",
        "refcode": "KKP 368.2"
      },
      {
        "para_id": "12187.1565",
        "lang": "uk",
        "refcode": "ІВ 301.2"
      },
      {
        "para_id": "12261.1588",
        "lang": "xh",
        "refcode": "IL 314.2"
      }
    ]
  },
  {
    "para_id": "145.1675",
    "id_prev": "145.1672",
    "id_next": "145.1676",
    "refcode_1": "SR",
    "refcode_2": "350",
    "refcode_3": "1",
    "refcode_4": "",
    "refcode_short": "SR 350.1",
    "refcode_long": "The Story of Redemption, p. 350.1 (Ellen Gould White)",
    "element_type": "p",
    "element_subtype": "standard-indented",
    "content": "Melancthon&apos;s far-seeing caution often averted trouble which would have come upon the cause had the work been left alone to Luther; and ofttimes the work would not have been pushed forward had it been left to Melancthon alone. I was shown the wisdom of God in choosing these two men to carry on the work of reformation.",
    "puborder": 1086,
    "translations": [
      {
        "para_id": "13902.1530",
        "lang": "el",
        "refcode": "ΙΑ 272.2"
      },
      {
        "para_id": "189.1698",
        "lang": "es",
        "refcode": "HR 367.2"
      },
      {
        "para_id": "13872.1525",
        "lang": "et",
        "refcode": "Ltu 291.2"
      },
      {
        "para_id": "199.1749",
        "lang": "fr",
        "refcode": "HR 360.1"
      },
      {
        "para_id": "14041.1477",
        "lang": "hr",
        "refcode": "PO 263.1"
      },
      {
        "para_id": "11940.1444",
        "lang": "hu",
        "refcode": "MT 249.4"
      },
      {
        "para_id": "12259.1385",
        "lang": "pl",
        "refcode": "HZ 214.3"
      },
      {
        "para_id": "1949.1693",
        "lang": "pt",
        "refcode": "HR 350.1"
      },
      {
        "para_id": "2002.1668",
        "lang": "ro",
        "refcode": "IM 350.1"
      },
      {
        "para_id": "1833.1677",
        "lang": "ru",
        "refcode": "ИС 350.1"
      },
      {
        "para_id": "12472.1705",
        "lang": "to",
        "refcode": "KKP 369.1"
      },
      {
        "para_id": "12187.1566",
        "lang": "uk",
        "refcode": "ІВ 301.3"
      },
      {
        "para_id": "12261.1589",
        "lang": "xh",
        "refcode": "IL 314.3"
      }
    ]
  }
]