[
  {
    "para_id": "12667.5937",
    "id_prev": "12667.5936",
    "id_next": "12667.5938",
    "refcode_1": "1EGWLM",
    "refcode_2": "923",
    "refcode_3": "",
    "refcode_4": "492",
    "refcode_short": "1EGWLM 923",
    "refcode_long": "The Ellen G. White Letters and Manuscripts: Volume 1, p. 923 (Ellen Gould White)",
    "element_type": "h4",
    "element_subtype": "",
    "content": "<span class=\"non-egw-appendix\">The Experience of Samuel Brown and Other Millerite Adventists in Portland</span>",
    "puborder": 4514,
    "translations": []
  },
  {
    "para_id": "12667.5938",
    "id_prev": "12667.5937",
    "id_next": "12667.5939",
    "refcode_1": "1EGWLM",
    "refcode_2": "923",
    "refcode_3": "3",
    "refcode_4": "",
    "refcode_short": "1EGWLM 923.3",
    "refcode_long": "The Ellen G. White Letters and Manuscripts: Volume 1, p. 923.3 (Ellen Gould White)",
    "element_type": "p",
    "element_subtype": "standard-indented",
    "content": "<span class=\"non-egw-appendix\">Besides the Pearson family and Brother Rich, other Millerite Adventists in Portland experienced the same dramatic physical manifestations. On one occasion Levi Stockman was preaching in Beethoven Hall, where the Millerites often met. Elder Brown, a Christian minister in whose church Ellen had previously shared her testimony, was on the platform with Elder Stockman. Brown was deeply moved by the sermon. &ldquo;Suddenly,&rdquo; Ellen White remembered, &ldquo;his countenance grew pale as the dead, he reeled in his chair, and Elder Stockman caught him in his arms just as he was falling to the floor, and laid him on the sofa behind the desk, where he lay powerless until the discourse was finished. He then arose, his face still pale, but shining with light from the Son of righteousness, and gave a very impressive testimony.&rdquo;<a name=\"page.923n20\"></a><sup class=\"footnote\"><a class=\"footnote\">20<span class=\"footnote\"><p class=\"standard-indented\">Ellen G. White, &ldquo;Mrs. Ellen G. White: Her Life, Christian Experience, and Labors,&rdquo; <span class=\"egwlink egwlink_book\" title=\"ST 3-23-1876\" data-link=\"820.439\"><em>Signs of the Times,</em> Mar. 23, 1876, pp. 124, 125</span>.</p></span></a></sup></span>",
    "puborder": 4515,
    "translations": []
  },
  {
    "para_id": "12667.5939",
    "id_prev": "12667.5938",
    "id_next": "12667.5942",
    "refcode_1": "1EGWLM",
    "refcode_2": "923",
    "refcode_3": "4",
    "refcode_4": "",
    "refcode_short": "1EGWLM 923.4",
    "refcode_long": "The Ellen G. White Letters and Manuscripts: Volume 1, p. 923.4 (Ellen Gould White)",
    "element_type": "p",
    "element_subtype": "standard-indented",
    "content": "<span class=\"non-egw-appendix\">This man, usually slow of speech, had a solemn manner, and was generally free of any excitement. But on this occasion he had new power as he &ldquo;warned sinners and his brother ministers to put away unbelief.&rdquo; An invitation to respond </span> <span class=\"page-break\" data-page=\"924\"></span> <span class=\"non-egw-appendix\">was made, and hundreds did. A sea captain jumped to his feet and, with tears running down his face, &ldquo;involuntarily raised his hat, and swung it above his head with the free movement of an old sailor, and in the abandonment of his joy, shouted, &lsquo;Hurrah for God! I&apos;ve enlisted in His crew, He is my Captain! Hurrah for Jesus Christ!&rsquo;&rdquo; He then sat down overpowered with emotion. Other testimonies were shared. As the meeting adjourned (at a late hour) and the people returned to their homes, voices could be heard from various quarters praising God. Ellen White recollected, &ldquo;No one who attended these meetings can ever forget those scenes of deepest interest.&rdquo;<a name=\"page.924n21\"></a><sup class=\"footnote\"><a class=\"footnote\">21<span class=\"footnote\"><p class=\"standard-indented\"><span class=\"egwlink egwlink_book\" title=\"ST 3-23-1876\" data-link=\"820.439\"><em>Ibid.</em></span></p></span></a></sup></span>",
    "puborder": 4516,
    "translations": []
  },
  {
    "para_id": "12667.5942",
    "id_prev": "12667.5939",
    "id_next": "12667.5943",
    "refcode_1": "1EGWLM",
    "refcode_2": "924",
    "refcode_3": "1",
    "refcode_4": "",
    "refcode_short": "1EGWLM 924.1",
    "refcode_long": "The Ellen G. White Letters and Manuscripts: Volume 1, p. 924.1 (Ellen Gould White)",
    "element_type": "p",
    "element_subtype": "standard-indented",
    "content": "<span class=\"non-egw-appendix\">While Methodist, &ldquo;Christian,&rdquo; and Free-will Baptist meetings (whether Millerite or not) had demonstrations such as have been described, the focus of their religious meetings was not excitement but rather surrender of the life to God and a careful study of the Bible. Their worship was very message-centered. It focused on practical Christian living and holiness of life. There was nothing superficial about it. The physical demonstrations of weeping, shouting, and losing strength were to them a natural outgrowth of the moving of the Spirit of God. A deep solemnity pervaded all that happened. The salvation of sinners was the goal of all they did.</span>",
    "puborder": 4517,
    "translations": []
  }
]