[
  {
    "para_id": "12667.5661",
    "id_prev": "12667.5660",
    "id_next": "12667.5662",
    "refcode_1": "1EGWLM",
    "refcode_2": "886",
    "refcode_3": "",
    "refcode_4": "444",
    "refcode_short": "1EGWLM 886",
    "refcode_long": "The Ellen G. White Letters and Manuscripts: Volume 1, p. 886 (Ellen Gould White)",
    "element_type": "h4",
    "element_subtype": "",
    "content": "<span class=\"non-egw-comment\"><a name=\"Russell.L\"></a><strong>RUSSELL, Lester</strong> (1814-1898) and (first wife) <strong>Ordelia</strong> (c. 1820-before 1860) and (second wife) <strong>Paulina P.</strong> (1819-1898)</span>",
    "puborder": 4301,
    "translations": []
  },
  {
    "para_id": "12667.5662",
    "id_prev": "12667.5661",
    "id_next": "12667.5663",
    "refcode_1": "1EGWLM",
    "refcode_2": "886",
    "refcode_3": "4",
    "refcode_4": "",
    "refcode_short": "1EGWLM 886.4",
    "refcode_long": "The Ellen G. White Letters and Manuscripts: Volume 1, p. 886.4 (Ellen Gould White)",
    "element_type": "p",
    "element_subtype": "standard-indented",
    "content": "<span class=\"non-egw-comment\">It is not known what year Lester Russell, a farmer and carpenter from Otsego, Michigan, became a Sabbatarian Adventist, but he submitted an affirmative letter to the <em>Review</em> in 1856, and two references to an &ldquo;L. Russell&rdquo; appear dating back to 1853. Numerous receipts in the <em>Review</em> through the years attest to his generosity to various church causes.</span>",
    "puborder": 4302,
    "translations": []
  },
  {
    "para_id": "12667.5663",
    "id_prev": "12667.5662",
    "id_next": "12667.5665",
    "refcode_1": "1EGWLM",
    "refcode_2": "886",
    "refcode_3": "5",
    "refcode_4": "",
    "refcode_short": "1EGWLM 886.5",
    "refcode_long": "The Ellen G. White Letters and Manuscripts: Volume 1, p. 886.5 (Ellen Gould White)",
    "element_type": "p",
    "element_subtype": "standard-indented",
    "content": "<span class=\"non-egw-comment\">In her diary Ellen White related a visit to Otsego in January 1859, when the Sabbatarians were locked out of the Baptist meetinghouse and their meetings were relocated to &ldquo;Brother Russell&apos;s house.&rdquo; Russell&apos;s strong support of the visions is clear from Gilbert Cranmer&apos;s account of his confrontation with Russell in 1858 over the authority of the visions. Cranmer finally responded to Russell with the words &ldquo;Perhaps Mrs. White&apos;s visions are proof to you, but they are not to me.&rdquo;</span>",
    "puborder": 4303,
    "translations": []
  },
  {
    "para_id": "12667.5665",
    "id_prev": "12667.5663",
    "id_next": "12667.5666",
    "refcode_1": "1EGWLM",
    "refcode_2": "887",
    "refcode_3": "1",
    "refcode_4": "",
    "refcode_short": "1EGWLM 887.1",
    "refcode_long": "The Ellen G. White Letters and Manuscripts: Volume 1, p. 887.1 (Ellen Gould White)",
    "element_type": "p",
    "element_subtype": "standard-indented",
    "content": "<span class=\"non-egw-comment\"><em>See:</em> Obituary: &ldquo;Lester Russell,&rdquo; <em>Review,</em> Jan. 24, 1899, p. 62; obituary: &ldquo;P. P. Russell,&rdquo; <em>Review,</em> Aug. 16, 1898, p. 530; 1850 U.S. Federal Census, &ldquo;Ordelia Russell,&rdquo; Michigan, Allegan County, Otsego, p. 47; 1860 U.S. Federal Census, &ldquo;Lester Russell,&rdquo; Michigan, Allegan County, Otsego, p. 54; 1870 U.S. Federal Census, &ldquo;Lester Russell,&rdquo; Michigan, Allegan County, Otsego, p. 4; Lester Russell, &ldquo;From Bro. Russell,&rdquo; <em>Review,</em> Dec. 25, 1856, p. 62; search term &ldquo;Russell&rdquo; in <em>Words of the Pioneers;</em> Ellen G. White, <span title=\"Ms5-1859\" data-link=\"12667.3398\" class=\"egwlink egwlink_book\">Ms 5, 1859</span> (<span title=\"Ms5-1859.1.9\" data-link=\"12667.3430\" class=\"egwlink egwlink_book\">Jan. 9 entry</span>); Richard C. Nickels, <em>A History of the Seventh Day Church of God,</em> vol. 1, p. 36.</span>",
    "puborder": 4304,
    "translations": []
  }
]