[
  {
    "para_id": "12667.2758",
    "id_prev": "12667.2756",
    "id_next": "12667.2759",
    "refcode_1": "1EGWLM",
    "refcode_2": "482",
    "refcode_3": "",
    "refcode_4": "162",
    "refcode_short": "1EGWLM 482",
    "refcode_long": "The Ellen G. White Letters and Manuscripts: Volume 1, p. 482 (Ellen Gould White)",
    "element_type": "h4",
    "element_subtype": "",
    "content": "Nonextant",
    "puborder": 2037,
    "translations": []
  },
  {
    "para_id": "12667.2759",
    "id_prev": "12667.2758",
    "id_next": "12667.2760",
    "refcode_1": "1EGWLM",
    "refcode_2": "482",
    "refcode_3": "1",
    "refcode_4": "",
    "refcode_short": "1EGWLM 482.1",
    "refcode_long": "The Ellen G. White Letters and Manuscripts: Volume 1, p. 482.1 (Ellen Gould White)",
    "element_type": "p",
    "element_subtype": "right",
    "content": "[Circa January 24, 1856]",
    "puborder": 2038,
    "translations": []
  },
  {
    "para_id": "12667.2760",
    "id_prev": "12667.2759",
    "id_next": "12667.2761",
    "refcode_1": "1EGWLM",
    "refcode_2": "482",
    "refcode_3": "2",
    "refcode_4": "",
    "refcode_short": "1EGWLM 482.2",
    "refcode_long": "The Ellen G. White Letters and Manuscripts: Volume 1, p. 482.2 (Ellen Gould White)",
    "element_type": "p",
    "element_subtype": "standard-noindent",
    "content": "Extracts from nonextant letter to<br />\r\n<span title=\"Howland\" data-link=\"12667.5332\" class=\"egwlink egwlink_book\"><strong>Louisa Howland.</strong></span>",
    "puborder": 2039,
    "translations": []
  },
  {
    "para_id": "12667.2761",
    "id_prev": "12667.2760",
    "id_next": "12667.2762",
    "refcode_1": "1EGWLM",
    "refcode_2": "482",
    "refcode_3": "3",
    "refcode_4": "",
    "refcode_short": "1EGWLM 482.3",
    "refcode_long": "The Ellen G. White Letters and Manuscripts: Volume 1, p. 482.3 (Ellen Gould White)",
    "element_type": "p",
    "element_subtype": "standard-noindent",
    "content": "Quoted in Ellen G. White, <span class=\"egwlink egwlink_book\" title=\"2SG 199.0\" data-link=\"105.755\"><em>Spiritual Gifts [vol. 2],</em> pp. 199-202</span>.",
    "puborder": 2040,
    "translations": []
  }
]