[
  {
    "para_id": "12667.3246",
    "id_prev": "12667.3245",
    "id_next": "12667.3247",
    "refcode_1": "1EGWLM",
    "refcode_2": "556",
    "refcode_3": "",
    "refcode_4": "199",
    "refcode_short": "1EGWLM 556",
    "refcode_long": "The Ellen G. White Letters and Manuscripts: Volume 1, p. 556 (Ellen Gould White)",
    "element_type": "h4",
    "element_subtype": "",
    "content": "<a name=\"Lt1-1858\"></a>Lt 1, 1858",
    "puborder": 2408,
    "translations": []
  },
  {
    "para_id": "12667.3247",
    "id_prev": "12667.3246",
    "id_next": "12667.3248",
    "refcode_1": "1EGWLM",
    "refcode_2": "556",
    "refcode_3": "3",
    "refcode_4": "",
    "refcode_short": "1EGWLM 556.3",
    "refcode_long": "The Ellen G. White Letters and Manuscripts: Volume 1, p. 556.3 (Ellen Gould White)",
    "element_type": "p",
    "element_subtype": "right",
    "content": "March 3, 1858, Green Springs, Ohio<a name=\"page.556n1\"></a><sup class=\"footnote\"><a class=\"footnote\">1<span class=\"footnote\"><p class=\"standard-indented\">This was the first stop for the Whites on a three-week journey to Ohio taking in conferences in Green Springs (Feb. 26-28, 1858), Gilboa (Mar. 6, 7) and Lovett&apos;s Grove (Mar. 13, 14).</p>\r\n\t<p class=\"standard-indented\"><em>See:</em> J. W. [James White], &ldquo;Meetings in Ohio,&rdquo; <em>Review,</em> Mar. 25, 1858, p. 149.</p></span></a></sup>",
    "puborder": 2409,
    "translations": []
  },
  {
    "para_id": "12667.3248",
    "id_prev": "12667.3247",
    "id_next": "12667.3249",
    "refcode_1": "1EGWLM",
    "refcode_2": "556",
    "refcode_3": "4",
    "refcode_4": "",
    "refcode_short": "1EGWLM 556.4",
    "refcode_long": "The Ellen G. White Letters and Manuscripts: Volume 1, p. 556.4 (Ellen Gould White)",
    "element_type": "p",
    "element_subtype": "standard-noindent",
    "content": "Letter to<br />\r\n<strong><span title=\"Loughborough\" data-link=\"12667.5472\" class=\"egwlink egwlink_book\">Mary J. Loughborough.</span><a name=\"page.556n2\"></a><sup class=\"footnote\"><a class=\"footnote\">2<span class=\"footnote\"><p class=\"standard-indented\"><em>Identity:</em> There are numerous indications in this letter that &ldquo;Sister Mary&rdquo; is Mary J. Loughborough. These include her marriage to John, a traveling minister, being &ldquo;pleasantly situated, with a home of your own,&rdquo; and her penchant for Rochester. This corresponds well with Mary Loughborough&apos;s marriage to John Loughborough, by this time a prominent itinerant preacher, the fact that the Loughboroughs had recently obtained a house in Battle Creek, Michigan, and that Mary had spent most of her married life in Rochester, New York. For an accessible and detailed account of J. N. Loughborough&apos;s life edited from primary sources, giving the biographical details listed above, see Adriel Chilson, ed., <em>Miracles in My Life: Autobiography of Adventist Pioneer J. N. Loughborough.</em></p></span></a></sup></strong>",
    "puborder": 2410,
    "translations": []
  },
  {
    "para_id": "12667.3249",
    "id_prev": "12667.3248",
    "id_next": "12667.3250",
    "refcode_1": "1EGWLM",
    "refcode_2": "556",
    "refcode_3": "",
    "refcode_4": "",
    "refcode_short": "",
    "refcode_long": "",
    "element_type": "p",
    "element_subtype": "ltpubinfo",
    "content": "This letter is published in entirety in Ellen G. White, <span class=\"egwlink egwlink_book\" title=\"21MR 252.0\" data-link=\"72.1799\"><em>Manuscript Releases,</em> vol. 21, pp. 252-257</span>.",
    "puborder": 2411,
    "translations": []
  },
  {
    "para_id": "12667.3250",
    "id_prev": "12667.3249",
    "id_next": "12667.3251",
    "refcode_1": "1EGWLM",
    "refcode_2": "556",
    "refcode_3": "5",
    "refcode_4": "",
    "refcode_short": "1EGWLM 556.5",
    "refcode_long": "The Ellen G. White Letters and Manuscripts: Volume 1, p. 556.5 (Ellen Gould White)",
    "element_type": "p",
    "element_subtype": "blockquote-noindent",
    "content": "<em>An appeal to Mary Loughborough to be willing to sacrifice frequent contact with her husband, relatives, and friends for the sake of her husband&apos;s call to a traveling ministry.</em>",
    "puborder": 2412,
    "translations": []
  },
  {
    "para_id": "12667.3251",
    "id_prev": "12667.3250",
    "id_next": "12667.3252",
    "refcode_1": "1EGWLM",
    "refcode_2": "556",
    "refcode_3": "",
    "refcode_4": "",
    "refcode_short": "",
    "refcode_long": "",
    "element_type": "p",
    "element_subtype": "ltsalutation",
    "content": "Dear Sister Mary:",
    "puborder": 2413,
    "translations": []
  },
  {
    "para_id": "12667.3252",
    "id_prev": "12667.3251",
    "id_next": "12667.3255",
    "refcode_1": "1EGWLM",
    "refcode_2": "556",
    "refcode_3": "6",
    "refcode_4": "",
    "refcode_short": "1EGWLM 556.6",
    "refcode_long": "The Ellen G. White Letters and Manuscripts: Volume 1, p. 556.6 (Ellen Gould White)",
    "element_type": "p",
    "element_subtype": "standard-indented",
    "content": "We are now at Brother Sharp&apos;s [<span title=\"Sharp\" data-link=\"12667.5678\" class=\"egwlink egwlink_book\"><strong>William D. Sharp</strong></span>].<a name=\"page.556n3\"></a><sup class=\"footnote\"><a class=\"footnote\">3<span class=\"footnote\"><p class=\"standard-indented\"><em>Identity:</em> &ldquo;Brother Sharp&rdquo; evidently lives in or near Green Springs, Ohio, and has &ldquo;recently embraced the truth.&rdquo; The person most likely corresponding to this description is William D. Sharp. According to his obituary in the <em>Review</em> he had moved to Ohio from Connecticut, married in 1851 &ldquo;at Greenspring, Ohio,&rdquo; and had &ldquo;accepted the third angel&apos;s message in 1858.&rdquo; William Sharp is listed in the 1850 and 1870 censuses of Green Creek township (of which the village of Green Springs is a part), and his place of origin is given as Connecticut.</p>\r\n\t<p class=\"standard-indented\"><em>See:</em> Obituary: &ldquo;William D. Sharp,&rdquo; <em>Review,</em> Jan. 5, 1911, p. 23; 1850 U.S. Federal Census, &ldquo;William Sharp,&rdquo; Ohio, Sandusky County, Green Creek, p. 884 (443); 1870 U.S. Federal Census, &ldquo;Wm. D. Sharp,&rdquo; Ohio, Sandusky County, Green Creek, p. 123.</p></span></a></sup> They have recently  <span class=\"page-break\" data-page=\"557\"></span> embraced the truth. Seem to be first-rate people. We have suffered in mind considerably since we have been here. I have felt deep agony of soul. I have looked back at a few past months and as I realize how little I have imitated Jesus&rsquo; self-sacrificing, devoted life, I am led almost to despair. As I examine the life of our Saviour, the great sacrifice He has made for us, and then be led through His sufferings and anguish, my heart melts within me. Oh, what suffering and agony, endured to save lost and fallen man! And this salvation is extended to us freely if we will accept it, if we will suffer with Christ, deny ourselves for His sake.",
    "puborder": 2414,
    "translations": []
  },
  {
    "para_id": "12667.3255",
    "id_prev": "12667.3252",
    "id_next": "12667.3256",
    "refcode_1": "1EGWLM",
    "refcode_2": "557",
    "refcode_3": "1",
    "refcode_4": "",
    "refcode_short": "1EGWLM 557.1",
    "refcode_long": "The Ellen G. White Letters and Manuscripts: Volume 1, p. 557.1 (Ellen Gould White)",
    "element_type": "p",
    "element_subtype": "standard-indented",
    "content": "Dear Mary, last Monday I was shown in vision some things that bear with weight upon my mind. I was led through the life of Christ to see His meek, self-denying life. This great sacrifice was to obtain for us a great salvation. And if we obtain this great salvation it must be by our making a sacrifice on our part. As Jesus sacrificed for us, we must sacrifice for Jesus. As He denied Himself for us, we must deny ourselves for Jesus. As He endured privation and suffering for us, so we must endure privation and suffering for Jesus. As He was tempted of Satan, as He was buffeted by Satan forty days then left for a season and angels ministered unto Him, so we shall be buffeted by Satan for a season; and if we resist him these seasons will be followed by grace and strength from God imparted unto us by His angels.",
    "puborder": 2415,
    "translations": []
  },
  {
    "para_id": "12667.3256",
    "id_prev": "12667.3255",
    "id_next": "12667.3257",
    "refcode_1": "1EGWLM",
    "refcode_2": "557",
    "refcode_3": "2",
    "refcode_4": "",
    "refcode_short": "1EGWLM 557.2",
    "refcode_long": "The Ellen G. White Letters and Manuscripts: Volume 1, p. 557.2 (Ellen Gould White)",
    "element_type": "p",
    "element_subtype": "standard-indented",
    "content": "As Jesus endured agony and often was in lonely prayer and in agony of spirit, pleading with His Father, so we, if we are truly Christ&apos;s followers, will often feel agony of soul and will pour out our earnest prayer to our Father; we shall groan in spirit after God. But these seasons when the soul is enshrouded in darkness will not drive the true Christian from God. I was shown that the disciples of Christ, without an exception, are not their own. Jesus has bought them with a dear sacrifice, His own blood. He claims them. Their time, their strength, are His. Their will, their mind, are subject to His will. Their will is yielded, given up. They wait and watch for the will and counsel of God to be manifested concerning them.",
    "puborder": 2416,
    "translations": []
  },
  {
    "para_id": "12667.3257",
    "id_prev": "12667.3256",
    "id_next": "12667.3260",
    "refcode_1": "1EGWLM",
    "refcode_2": "557",
    "refcode_3": "3",
    "refcode_4": "",
    "refcode_short": "1EGWLM 557.3",
    "refcode_long": "The Ellen G. White Letters and Manuscripts: Volume 1, p. 557.3 (Ellen Gould White)",
    "element_type": "p",
    "element_subtype": "standard-indented",
    "content": "I saw that the will is either submitted to Jesus for Him to govern and lead, or the person retains or sets up his or her own will, not willing to submit to Jesus against his own peculiar desires or will. Then Satan steps in and he molds this will to his own pleasure. Christ or Satan has the government of the will, and we are the subjects of one or the other. I was pointed to Christ. Although  <span class=\"page-break\" data-page=\"558\"></span> He was tempted of the devil forty days, yet His will was submitted to the will of His Father and He yielded not, although He was tempted in every way by Satan&mdash;stronger than any of His disciples have ever been tempted. His will was not yielded to the will of the enemy for a moment.",
    "puborder": 2417,
    "translations": []
  },
  {
    "para_id": "12667.3260",
    "id_prev": "12667.3257",
    "id_next": "12667.3261",
    "refcode_1": "1EGWLM",
    "refcode_2": "558",
    "refcode_3": "1",
    "refcode_4": "",
    "refcode_short": "1EGWLM 558.1",
    "refcode_long": "The Ellen G. White Letters and Manuscripts: Volume 1, p. 558.1 (Ellen Gould White)",
    "element_type": "p",
    "element_subtype": "standard-indented",
    "content": "Now, dear Mary, it is possible for your will to be subject to the will of God. Unless you do yield your will to God, choose His way, His pleasure, His will, instead of your own, I saw that you were none of His. He will not own you, He will not accept you. He leaves you for Satan to take possession of the will that you would not yield to Him, and Satan will mold this will as he pleases. I was shown that the plan of salvation was laid out, and God will not change or deviate in His plan to save any one.",
    "puborder": 2418,
    "translations": []
  },
  {
    "para_id": "12667.3261",
    "id_prev": "12667.3260",
    "id_next": "12667.3262",
    "refcode_1": "1EGWLM",
    "refcode_2": "558",
    "refcode_3": "2",
    "refcode_4": "",
    "refcode_short": "1EGWLM 558.2",
    "refcode_long": "The Ellen G. White Letters and Manuscripts: Volume 1, p. 558.2 (Ellen Gould White)",
    "element_type": "p",
    "element_subtype": "standard-indented",
    "content": "God has made one great condescension to save erring, lost man: He yielded His dearly Beloved from His bosom, to suffer indignity, scorn and hate, to die an ignominious death upon the cross. If any one will be His disciple now he must live a self-denying life. His will must die. The plan of salvation is laid. Now man must condescend, now man must yield. His life must be a continual yielding. God does not deviate or change from His plan at all, to save any. The great condescension has been made. Now it all lies with man, whether he will accept the plan God has laid down, whether he will yield his will to the will of God. God does not change now to accommodate man. He is left now to choose life or death. If he chooses life, he chooses the cross, the suffering, self-denying life of Christ, and he must not go murmuring along at the ruggedness of the way.",
    "puborder": 2419,
    "translations": []
  },
  {
    "para_id": "12667.3262",
    "id_prev": "12667.3261",
    "id_next": "12667.3263",
    "refcode_1": "1EGWLM",
    "refcode_2": "558",
    "refcode_3": "3",
    "refcode_4": "",
    "refcode_short": "1EGWLM 558.3",
    "refcode_long": "The Ellen G. White Letters and Manuscripts: Volume 1, p. 558.3 (Ellen Gould White)",
    "element_type": "p",
    "element_subtype": "standard-indented",
    "content": "The life of Christ and His sacrifice, the Innocent suffering for the guilty, should forever still the least murmur or complaint. It should be accounted a privilege to suffer for Christ and thus glory in the cross of Christ. I saw that He is honored by the lives of those who eagerly lay hold of salvation, those who consider it a privilege to suffer for Jesus.",
    "puborder": 2420,
    "translations": []
  },
  {
    "para_id": "12667.3263",
    "id_prev": "12667.3262",
    "id_next": "12667.3266",
    "refcode_1": "1EGWLM",
    "refcode_2": "558",
    "refcode_3": "4",
    "refcode_4": "",
    "refcode_short": "1EGWLM 558.4",
    "refcode_long": "The Ellen G. White Letters and Manuscripts: Volume 1, p. 558.4 (Ellen Gould White)",
    "element_type": "p",
    "element_subtype": "standard-indented",
    "content": "Mary, dear Mary, I have seen that God&apos;s providence has placed John [<span title=\"Loughborough\" data-link=\"12667.5472\" class=\"egwlink egwlink_book\"><strong>John Norton Loughborough</strong></span>]<a name=\"page.558n4\"></a><sup class=\"footnote\"><a class=\"footnote\">4<span class=\"footnote\"><p class=\"standard-indented\"><em>Identity:</em> See <span title=\"page.556n2\" data-link=\"12667.3248\" class=\"egwlink egwlink_book\">note 2</span>.</p></span></a></sup> and you where you are. God has been working for you both that you, Mary, may be left without excuse.<a name=\"page.558n5\"></a><sup class=\"footnote\"><a class=\"footnote\">5<span class=\"footnote\"><p class=\"standard-indented\">Just 15 months earlier the Loughboroughs had been in a bleak situation, in Waukon, Iowa. Discouragement had led John Loughborough off course from his earlier wholehearted devotion to evangelism. Despite considerable talent as a preacher, by December 1856 Loughborough was low in funds and fully engaged in carpentry, in order to make a living. The visit of the Whites to Waukon in that same month was a decisive turning point for him. &ldquo;It was on this occasion that I laid up my carpenter tools for good,&rdquo; he writes, and returned to full-time evangelism. The Whites, recognizing Loughbough&apos;s strengths and the leading role he could play in the movement, were anxious to settle him and his wife in Battle Creek, the headquarters of the movement. James White had raised funds to buy them a house, and Ellen had solicited bedding and other household essentials for them from friends. From this point of view the situation of the Loughboroughs had been turned around and the potential of a bright future of service lay ahead.</p>\r\n\t<p class=\"standard-indented\"><em>See:</em> J. N. Loughborough, <em>Rise and Progress of the Seventh-day Adventists,</em> p. 211; J. N. Loughborough, &ldquo;Sketches of the Past&mdash;No. 105,&rdquo; <em>Pacific Union Recorder,</em> Sept. 8, 1910, p. 2; Ellen G. White, <span title=\"Lt5-1857\" data-link=\"12667.3167\" class=\"egwlink egwlink_book\">Lt 5, 1857</span> (Nov. 22).</p></span></a></sup> That time has come.  <span class=\"page-break\" data-page=\"559\"></span> Now it is for you to come up, to eagerly grasp the merits of Christ&apos;s blood, lay hold of the plan of salvation, submit your will to the will of God, choose to suffer with Christ or choose your own will, your own way, travel the way of the transgressor and lose eternal life, lose heaven. You can serve God if you will. You can devote yourself to Him and redeem the time.",
    "puborder": 2421,
    "translations": []
  },
  {
    "para_id": "12667.3266",
    "id_prev": "12667.3263",
    "id_next": "12667.3267",
    "refcode_1": "1EGWLM",
    "refcode_2": "559",
    "refcode_3": "1",
    "refcode_4": "",
    "refcode_short": "1EGWLM 559.1",
    "refcode_long": "The Ellen G. White Letters and Manuscripts: Volume 1, p. 559.1 (Ellen Gould White)",
    "element_type": "p",
    "element_subtype": "standard-indented",
    "content": "Mary, dear Mary, if you remain a little longer in your present state I fear that God will not pity, He will not bear always. Mary, I fear for you greatly. I was shown that God lays out the work for John. He must perform it. Just as long as he remains a servant of God he must go at His bidding. God does not lay out His work to gratify the will or pleasure of any. If John should follow as you would wish, follow your will, your pleasure, he is no longer a servant of Jesus Christ; for your will is unsanctified, not subject to God&apos;s will. Fearful have been the responsibilities you have been willing to take upon yourself. Only let your will be gratified and you would risk the consequences.",
    "puborder": 2422,
    "translations": []
  },
  {
    "para_id": "12667.3267",
    "id_prev": "12667.3266",
    "id_next": "12667.3268",
    "refcode_1": "1EGWLM",
    "refcode_2": "559",
    "refcode_3": "2",
    "refcode_4": "",
    "refcode_short": "1EGWLM 559.2",
    "refcode_long": "The Ellen G. White Letters and Manuscripts: Volume 1, p. 559.2 (Ellen Gould White)",
    "element_type": "p",
    "element_subtype": "standard-indented",
    "content": "Dear Mary, I saw that you were a slave, yes, a slave, to your own unsubdued will. You are in complete bondage. It holds control and cruel power over you. I saw that your <em>will,</em> your <em>set will,</em> must die&mdash;or your hopes of eternal life; both cannot live at the same time. I was shown that the Lord will lay out the work for John, and you must leave <em>all</em> to follow Jesus. Then, Mary, will you realize the blessing of God. Then can you say, The yoke of Christ is easy, His burden light.",
    "puborder": 2423,
    "translations": []
  },
  {
    "para_id": "12667.3268",
    "id_prev": "12667.3267",
    "id_next": "12667.3269",
    "refcode_1": "1EGWLM",
    "refcode_2": "559",
    "refcode_3": "3",
    "refcode_4": "",
    "refcode_short": "1EGWLM 559.3",
    "refcode_long": "The Ellen G. White Letters and Manuscripts: Volume 1, p. 559.3 (Ellen Gould White)",
    "element_type": "p",
    "element_subtype": "standard-indented",
    "content": "I was pointed back and saw some of those that professed to be John&apos;s best friends have been frowned upon by God for their close, snug<a name=\"page.559n6\"></a><sup class=\"footnote\"><a class=\"footnote\">6<span class=\"footnote\"><p class=\"standard-indented\">In the sense of &ldquo;deceptive.&rdquo;</p></span></a></sup> dealing to one of His chosen servants. Verily, they will have their reward. John has been moved this way and that in doubt and perplexity, but God has wrested him out of the hand of those that would have his labors for nought, those that have been willing to add additional burdens to those that God has laid upon him, those that would be unmoved if they saw him working with his hands;<a name=\"page.559n7\"></a><sup class=\"footnote\"><a class=\"footnote\">7<span class=\"footnote\"><p class=\"standard-indented\">The reference here seems to be to John Loughborough&apos;s coming to Waukon in October 1856 and having to work at carpentry to support his family. Loughborough says that J. N. Andrews (who had already been in Waukon for a year) &ldquo;invited&rdquo; him to come to Iowa. Whether Ellen White has Andrews in mind as one of those &ldquo;that would have his labors for nought&rdquo; is difficult to tell.</p>\r\n\t<p class=\"standard-indented\"><em>See:</em> J. N. Loughborough, &ldquo;Sketches of the Past&mdash;No. 101,&rdquo; <em>Pacific Union Recorder,</em> Aug. 4, 1910, p. 7.</p></span></a></sup> and the Lord in His wise and merciful providence provided him a place of rest, a field of labor where many will appreciate and be benefited by his labor.",
    "puborder": 2424,
    "translations": []
  },
  {
    "para_id": "12667.3269",
    "id_prev": "12667.3268",
    "id_next": "12667.3272",
    "refcode_1": "1EGWLM",
    "refcode_2": "559",
    "refcode_3": "4",
    "refcode_4": "",
    "refcode_short": "1EGWLM 559.4",
    "refcode_long": "The Ellen G. White Letters and Manuscripts: Volume 1, p. 559.4 (Ellen Gould White)",
    "element_type": "p",
    "element_subtype": "standard-indented",
    "content": "Mary, your will has often pulled John one way, when God directed him in another. You have operated in opposition to the will and way of God. I saw all these years that your life has been linked with John you could have been a coworker with John, laying up for yourself a reward. But for the sake  <span class=\"page-break\" data-page=\"560\"></span> of gratifying a special desire or will of your own, you have murdered your way along,<a name=\"page.560n8\"></a><sup class=\"footnote\"><a class=\"footnote\">8<span class=\"footnote\"><p class=\"standard-indented\">An archaic expression with the sense of &ldquo;acted wretchedly.&rdquo;</p></span></a></sup> making yourself miserable by your lack of consecration and often embittering John&apos;s life and making him miserable.<a name=\"page.560n9\"></a><sup class=\"footnote\"><a class=\"footnote\">9<span class=\"footnote\"><p class=\"standard-indented\">The insights given here into John Loughborough&apos;s difficult home situation may explain some of the &ldquo;discouragement&rdquo; that he confesses to having had in the autumn of 1856 that led him to migrate to Iowa, apparently without the endorsement of the Whites. Although in his memoirs Loughborough cites financial reasons for his discouragement, pressure from his wife may also have played a part.</p>\r\n\t<p class=\"standard-indented\"><em>See: Ibid.</em></p></span></a></sup>",
    "puborder": 2425,
    "translations": []
  },
  {
    "para_id": "12667.3272",
    "id_prev": "12667.3269",
    "id_next": "12667.3273",
    "refcode_1": "1EGWLM",
    "refcode_2": "560",
    "refcode_3": "1",
    "refcode_4": "",
    "refcode_short": "1EGWLM 560.1",
    "refcode_long": "The Ellen G. White Letters and Manuscripts: Volume 1, p. 560.1 (Ellen Gould White)",
    "element_type": "p",
    "element_subtype": "standard-indented",
    "content": "You can make John happy that he ever saw you and that you ever linked your life with his wandering life. You chose him, a messenger of God. You knew his calling.<a name=\"page.560n10\"></a><sup class=\"footnote\"><a class=\"footnote\">10<span class=\"footnote\"><p class=\"standard-indented\">The Loughboroughs married in 1851 and did not become Sabbathkeeping Adventists until the following year. However, John had been preaching for the &ldquo;First-day Adventists,&rdquo; as he called them, since 1849 (three weeks before his seventeenth birthday), and was an established lay preacher by the time they married two years later.</p>\r\n\t<p class=\"standard-indented\"><em>See:</em> Adriel Chilson, ed., <em>Miracles in My Life,</em> pp. 11-17.</p></span></a></sup> I saw your life was an unpleasant one before you chose John. You can make him regret his connection by your following your own way and pleasure. John is mortal. He has loved you, Mary; do not drive him to regret his choice. God&apos;s eye is upon every movement, every act. You can redeem the time and make a straight work for eternity. Yield your will to the will of Christ and all will be well. Think not the way of salvation is a hard way. Look, look at the life of Christ. What suffering endured for man!",
    "puborder": 2426,
    "translations": []
  },
  {
    "para_id": "12667.3273",
    "id_prev": "12667.3272",
    "id_next": "12667.3275",
    "refcode_1": "1EGWLM",
    "refcode_2": "560",
    "refcode_3": "2",
    "refcode_4": "",
    "refcode_short": "1EGWLM 560.2",
    "refcode_long": "The Ellen G. White Letters and Manuscripts: Volume 1, p. 560.2 (Ellen Gould White)",
    "element_type": "p",
    "element_subtype": "standard-indented",
    "content": "Mary, you must die to Rochester [New York].<a name=\"page.560n11\"></a><sup class=\"footnote\"><a class=\"footnote\">11<span class=\"footnote\"><p class=\"standard-indented\">Even though the Loughboroughs were comfortably situated in their own house in Battle Creek, Mary apparently longed to be near friends and relatives in Rochester, New York. After leaving Waukon a few months earlier, in October 1857, Mary had seemed determined to move back to Rochester, whatever the consequences for John and his work. Ellen White&apos;s vision of November 1857, showing that &ldquo;it was not Mary&apos;s duty to go East,&rdquo; appeared for a while to have made Mary resigned to settling down in Battle Creek, but by March 1858, the date of this letter, she was struggling over the same issue again.</p>\r\n\t<p class=\"standard-indented\"><em>See:</em> Ellen G. White, <span title=\"Lt6-1854\" data-link=\"12667.2544\" class=\"egwlink egwlink_book\">Lt 6, 1854</span> (winter); <span title=\"Lt5-1857\" data-link=\"12667.3167\" class=\"egwlink egwlink_book\">Lt 5, 1857</span> (Nov. 22).</p></span></a></sup> It will only be to the injury of yourself and others in your present state to visit Rochester. God has been reaching down His hand to save you. It was God&apos;s will that you should not go to Rochester last fall; it would have proved your ruin. John would have been driven from the field to laboring with his hands. God would not have it so. He laid out the work for John, to save you both. I saw that you can never have the light of God&apos;s countenance until you acknowledge the hand of God in all this. He has wrought for you, but you have shut your eyes to His work. If you humbly submit to God, then will it please God to have you visit Rochester, for you can glorify God. I saw that John must fix his eye upon his captain, Jesus, follow the counsel of God, whether it meets your will or not. He must be steadfast. His course must be fixed, but with the greatest tenderness and care should he deal with Mary, never wounding with words, but yet be decided.",
    "puborder": 2427,
    "translations": []
  },
  {
    "para_id": "12667.3275",
    "id_prev": "12667.3273",
    "id_next": "12667.3276",
    "refcode_1": "1EGWLM",
    "refcode_2": "561",
    "refcode_3": "1",
    "refcode_4": "",
    "refcode_short": "1EGWLM 561.1",
    "refcode_long": "The Ellen G. White Letters and Manuscripts: Volume 1, p. 561.1 (Ellen Gould White)",
    "element_type": "p",
    "element_subtype": "standard-indented",
    "content": "Mary, dear Mary, do consecrate yourself to God; then can you be happy; then can His Spirit rest upon you. Mary, I feel the deepest interest for you. I love you. I know that your happiness depends upon the course of your action. And unless it is entirely different in many respects than it has been, you cannot have life, have salvation. I have written this letter sadly, discouragingly. My heart aches while I write. Gladly would I write encouragingly if I had it to write. I was in hopes that God would never give me another message for you.<a name=\"page.561n12\"></a><sup class=\"footnote\"><a class=\"footnote\">12<span class=\"footnote\"><p class=\"standard-indented\">Two earlier letters on the theme of Mary&apos;s lack of total commitment, one from 1854 and one from 1857, have been preserved.</p>\r\n\t<p class=\"standard-indented\"><em>See:</em> Ellen G. White, <span title=\"Lt6-1854\" data-link=\"12667.2544\" class=\"egwlink egwlink_book\">Lt 6, 1854</span> (winter); <span title=\"Lt5-1857\" data-link=\"12667.3167\" class=\"egwlink egwlink_book\">Lt 5, 1857</span> (Nov. 22).</p></span></a></sup> I fear the use you will make of it, and it will prove a savor of death unto death.<a name=\"page.561n13\"></a><sup class=\"footnote\"><a class=\"footnote\">13<span class=\"footnote\"><p class=\"standard-indented\">A reference to <span class=\"egwlink egwlink_bible\" title=\"2 Corinthians 2:15\" data-link=\"1965.58808\">2 Corinthians 2:15, 16</span>: &ldquo;For we are … a sweet savour of Christ, in them that are saved, and in them that perish: To the one we are the savour of death unto death; and to the other the savour of life unto life.&rdquo; Mary can either accept the appeal and it will be to her a &ldquo;savour of life,&rdquo; or she can reject it and it will become a &ldquo;savour of death.&rdquo;</p></span></a></sup> Mary, I have felt agony of soul. I have cried in agony for above an hour.",
    "puborder": 2428,
    "translations": []
  },
  {
    "para_id": "12667.3276",
    "id_prev": "12667.3275",
    "id_next": "12667.3277",
    "refcode_1": "1EGWLM",
    "refcode_2": "561",
    "refcode_3": "2",
    "refcode_4": "",
    "refcode_short": "1EGWLM 561.2",
    "refcode_long": "The Ellen G. White Letters and Manuscripts: Volume 1, p. 561.2 (Ellen Gould White)",
    "element_type": "p",
    "element_subtype": "standard-indented",
    "content": "Mary, your only happiness is in submitting to God. Will you submit to Him? Will you yield to the claims of salvation? If you get right before God, it will be His will to have John labor some in Rochester; but if you go there with John, your heart not right in the sight of God, your influence would not be saving. The enemies of God and the truth would exult, John&apos;s soul would be weighed down in anguish, and it would be of no avail for him to labor. If you are united in the work of God, trusting in Him, your will in subjection to God&apos;s will, then acknowledge the leading of God and His will concerning you, and you will gain a victory not to be easily lost.",
    "puborder": 2429,
    "translations": []
  },
  {
    "para_id": "12667.3277",
    "id_prev": "12667.3276",
    "id_next": "12667.3278",
    "refcode_1": "1EGWLM",
    "refcode_2": "561",
    "refcode_3": "3",
    "refcode_4": "",
    "refcode_short": "1EGWLM 561.3",
    "refcode_long": "The Ellen G. White Letters and Manuscripts: Volume 1, p. 561.3 (Ellen Gould White)",
    "element_type": "p",
    "element_subtype": "standard-indented",
    "content": "The time has come when God must be glorified by a humble acknowledgment that His way and will is to be preferred to your own way and will, and your unconsecrated will yielded. The time has come now when you can establish yourself in the hearts of the brethren and sisters, when you can form a character. All have felt to pity and sympathize with you on account of your situation. Now the Lord has safely and happily delivered you. You are pleasantly situated, with a home of your own. You are without an excuse. God does not require John to place himself under embarrassment and trial and want for the sake of gratifying an unconsecrated desire or will that, if followed, will lead to certain death.",
    "puborder": 2430,
    "translations": []
  },
  {
    "para_id": "12667.3278",
    "id_prev": "12667.3277",
    "id_next": "12667.3281",
    "refcode_1": "1EGWLM",
    "refcode_2": "561",
    "refcode_3": "4",
    "refcode_4": "",
    "refcode_short": "1EGWLM 561.4",
    "refcode_long": "The Ellen G. White Letters and Manuscripts: Volume 1, p. 561.4 (Ellen Gould White)",
    "element_type": "p",
    "element_subtype": "standard-indented",
    "content": "I saw that John must be free and follow his conviction of right. He has been tossed about, not knowing which way to go or what to do. God has chosen for him a place, situated you both comfortably, and his mind now is at rest, and God will lead him in a straight path, and he must follow. You have no friends or relatives that are too dear to sacrifice or leave for God, to obey or follow Him. If you love them more than Jesus, you are not worthy of Him,  <span class=\"page-break\" data-page=\"562\"></span> and will have no part with Jesus. Here is a sacrifice to make right here. The heart will govern the mind. Have your heart right and consecrated and there will be no trouble with your will. I speak plainly. I look upon you as in the greatest danger. I want to save you. I beg of you to submit to God. There is no more required of you than is required of every Christian. Will you obey the requirements? Will you submit to God?",
    "puborder": 2431,
    "translations": []
  },
  {
    "para_id": "12667.3281",
    "id_prev": "12667.3278",
    "id_next": "12667.3282",
    "refcode_1": "1EGWLM",
    "refcode_2": "562",
    "refcode_3": "1",
    "refcode_4": "",
    "refcode_short": "1EGWLM 562.1",
    "refcode_long": "The Ellen G. White Letters and Manuscripts: Volume 1, p. 562.1 (Ellen Gould White)",
    "element_type": "p",
    "element_subtype": "standard-indented",
    "content": "Mary, I will ever be your true friend. I will love you. I will do all in my power for you; but to encourage you to do wrong, I never shall. John, I saw that James [<span title=\"White.J.S\" data-link=\"12667.5820\" class=\"egwlink egwlink_book\"><strong>James Springer White</strong></span>] and you, as ministers of Jesus Christ, must watch your words, and your minds must dwell upon the truth.<a name=\"page.562n14\"></a><sup class=\"footnote\"><a class=\"footnote\">14<span class=\"footnote\"><p class=\"standard-indented\">The last few lines are addressed to John Loughborough. Since moving to Battle Creek in November 1857, John Loughborough had gone out to preach with James White on a number of weekends in towns such as Monterey, Otsego, Jackson, and Hillsdale, all within a 50-mile (80-kilometer) radius of Battle Creek. They also had plans to conduct a series of conferences in New York State during the spring (which never materialized, because of lack of funds).</p>\r\n\t<p class=\"standard-indented\"><em>See:</em> J. N. Loughborough, James White, &ldquo;Appointments,&rdquo; <em>Review,</em> Nov. 19, 1857, p. 16; <em>idem,</em> &ldquo;Appointments,&rdquo; Dec. 17, 1857, p. 48; &ldquo;Appointments,&rdquo; <em>Review,</em> Jan. 28, 1858, p. 96; J. N. Loughborough, &ldquo;Conferences in New York,&rdquo; <em>Review,</em> Apr. 1, 1858, p. 160.</p></span></a></sup> Whoever you are with, don&apos;t talk at random. Let your words be solemn. The day of the Lord is at hand. I was pointed to the life of John the Baptist.<a name=\"page.562n15\"></a><sup class=\"footnote\"><a class=\"footnote\">15<span class=\"footnote\"><p class=\"standard-indented\">In <span class=\"egwlink egwlink_book\" title=\"1SG 29.0\" data-link=\"104.114\"><em>Spiritual Gifts [vol. 1],</em> pp. 29, 30</span>, Ellen White reused the next few lines in writing on the life of John the Baptist. Her description of John&apos;s &ldquo;sorrowful&rdquo; life has been contrasted by some with later statements that speak of the joy he experienced in his life mission. Such statements should be viewed as complementary. Although John&apos;s life was without the pleasures associated with the &ldquo;enjoyments and luxuries of life,&rdquo; and he was denied the privilege of sharing in Christ&apos;s miraculous ministry, Ellen White recognized that true joy is not constrained by one&apos;s circumstances. She brought both perspectives together when she wrote, &ldquo;Aside from the joy that John found in his mission, his life had been one of sorrow&rdquo; (<span class=\"egwlink egwlink_book\" title=\"DA 101.0\" data-link=\"130.386\"><em>The Desire of Ages,</em> pp. 101</span>, <span class=\"egwlink egwlink_book\" title=\"DA 220.0\" data-link=\"130.1016\">220</span>).</p></span></a></sup> His life was without pleasure. It was sorrowful and self-denying. He proclaimed Christ&apos;s advent and then could not see and enjoy the power manifested by Christ. He knew that when Jesus should fully establish Himself as a Teacher he must die. He was cruelly beheaded. I saw that the least disciple that followed Jesus, witnessed His miracles, heard the comforting words that fell from His lips, was greater than John the Baptist; that is, more exalted and honored, had more pleasure in his life.",
    "puborder": 2432,
    "translations": []
  },
  {
    "para_id": "12667.3282",
    "id_prev": "12667.3281",
    "id_next": "12667.3283",
    "refcode_1": "1EGWLM",
    "refcode_2": "562",
    "refcode_3": "2",
    "refcode_4": "",
    "refcode_short": "1EGWLM 562.2",
    "refcode_long": "The Ellen G. White Letters and Manuscripts: Volume 1, p. 562.2 (Ellen Gould White)",
    "element_type": "p",
    "element_subtype": "standard-indented",
    "content": "We are proclaiming Christ&apos;s second advent. Our walk should be sober; our conversation upon Jesus, upon the truth; and we should glory in the cross of Christ.",
    "puborder": 2433,
    "translations": []
  },
  {
    "para_id": "12667.3283",
    "id_prev": "12667.3282",
    "id_next": "12667.3284",
    "refcode_1": "1EGWLM",
    "refcode_2": "562",
    "refcode_3": "3",
    "refcode_4": "",
    "refcode_short": "1EGWLM 562.3",
    "refcode_long": "The Ellen G. White Letters and Manuscripts: Volume 1, p. 562.3 (Ellen Gould White)",
    "element_type": "p",
    "element_subtype": "standard-indented",
    "content": "I have written in great haste. Have not time to look over and correct mistakes. Reserve no copy, so you must preserve this for me again.",
    "puborder": 2434,
    "translations": []
  },
  {
    "para_id": "12667.3284",
    "id_prev": "12667.3283",
    "id_next": "12667.3286",
    "refcode_1": "1EGWLM",
    "refcode_2": "562",
    "refcode_3": "4",
    "refcode_4": "",
    "refcode_short": "1EGWLM 562.4",
    "refcode_long": "The Ellen G. White Letters and Manuscripts: Volume 1, p. 562.4 (Ellen Gould White)",
    "element_type": "p",
    "element_subtype": "standard-indented",
    "content": "In love.",
    "puborder": 2435,
    "translations": []
  }
]