[
  {
    "para_id": "12667.164",
    "id_prev": "12667.163",
    "id_next": "12667.165",
    "refcode_1": "1EGWLM",
    "refcode_2": "32",
    "refcode_3": "",
    "refcode_4": "12",
    "refcode_short": "1EGWLM 32",
    "refcode_long": "The Ellen G. White Letters and Manuscripts: Volume 1, p. 32 (Ellen Gould White)",
    "element_type": "h4",
    "element_subtype": "",
    "content": "<span class=\"non-egw-comment\">Thematic Scope and Focus</span>",
    "puborder": 119,
    "translations": []
  },
  {
    "para_id": "12667.165",
    "id_prev": "12667.164",
    "id_next": "12667.166",
    "refcode_1": "1EGWLM",
    "refcode_2": "32",
    "refcode_3": "3",
    "refcode_4": "",
    "refcode_short": "1EGWLM 32.3",
    "refcode_long": "The Ellen G. White Letters and Manuscripts: Volume 1, p. 32.3 (Ellen Gould White)",
    "element_type": "p",
    "element_subtype": "standard-indented",
    "content": "<span class=\"non-egw-comment\">Ellen White wrote on almost every major area of the Christian life in a challenging world. But the level of importance given to that vast variety of information depends largely on the perspective from which one looks at it. If one looks beyond the mere technical matters and personal concerns addressed in some of the letters, the reader will discover an endless mine of faith-uplifting statements. Her enduring burden&mdash;the overriding focus of her life ministry&mdash;was to draw people closer to Christ, in whom all her writings centered.</span>",
    "puborder": 120,
    "translations": []
  },
  {
    "para_id": "12667.166",
    "id_prev": "12667.165",
    "id_next": "12667.168",
    "refcode_1": "1EGWLM",
    "refcode_2": "32",
    "refcode_3": "4",
    "refcode_4": "",
    "refcode_short": "1EGWLM 32.4",
    "refcode_long": "The Ellen G. White Letters and Manuscripts: Volume 1, p. 32.4 (Ellen Gould White)",
    "element_type": "p",
    "element_subtype": "standard-indented",
    "content": "<span class=\"non-egw-comment\">Yet Ellen White&apos;s letters dealing with everyday matters are helpful in providing a context to better understand the world in which she lived and carried on her prophetic ministry. By reading Arthur L. White&apos;s six volumes titled <span class=\"egwlink egwlink_book\" title=\"1Bio 15.0\" data-link=\"668.64\"><em>Ellen G. White,</em></span><a name=\"Interp.n1\"></a><sup class=\"chapterendnote\"><a class=\"chapterendnote\">1<span class=\"chapterendnote\">Each volume bears a specific title qualifying the respective period of time covered by it, as follows: <span class=\"egwlink egwlink_book\" title=\"1Bio 15.0\" data-link=\"668.64\">volume 1: <em>The Early Years,</em> 1827-1862</span>; <span class=\"egwlink egwlink_book\" title=\"2Bio 11.0\" data-link=\"672.24\">volume 2: <em>The Progressive Years,</em> 1862-1876</span>; <span class=\"egwlink egwlink_book\" title=\"3Bio 11.0\" data-link=\"671.21\">volume 3: <em>The Lonely Years,</em> 1876-1891</span>; <span class=\"egwlink egwlink_book\" title=\"4Bio 11.0\" data-link=\"670.35\">volume 4: <em>The Australian Years,</em> 1891-1900</span>; <span class=\"egwlink egwlink_book\" title=\"5Bio 13.0\" data-link=\"675.51\">volume 5: <em>The Early Elmshaven Years,</em> 1900-1905</span>; <span class=\"egwlink egwlink_book\" title=\"6Bio 11.0\" data-link=\"667.28\">volume 6: <em>The Later Elmshaven Years,</em> 1905-1915</span>.</span></a></sup> one is able to build a historical framework for most of the issues she faced during her lifetime. And by consulting her letters and manuscripts, the reader can often obtain a deeper and more accurate perception of the complexity of the issues, the people involved, and how she reacted to those issues. Furthermore, in dealing with such a variety of issues, she exemplified how to apply religious principles in order to overcome the personal problems of daily life.</span>",
    "puborder": 121,
    "translations": []
  }
]