[
  {
    "para_id": "12667.5277",
    "id_prev": "12667.5276",
    "id_next": "12667.5278",
    "refcode_1": "1EGWLM",
    "refcode_2": "842",
    "refcode_3": "",
    "refcode_4": "368",
    "refcode_short": "1EGWLM 842",
    "refcode_long": "The Ellen G. White Letters and Manuscripts: Volume 1, p. 842 (Ellen Gould White)",
    "element_type": "h4",
    "element_subtype": "",
    "content": "<span class=\"non-egw-comment\"><a name=\"Hastings.H\"></a><strong>HASTINGS, Harriet Arabella</strong> (c. 1834-1854)</span>",
    "puborder": 3996,
    "translations": []
  },
  {
    "para_id": "12667.5278",
    "id_prev": "12667.5277",
    "id_next": "12667.5279",
    "refcode_1": "1EGWLM",
    "refcode_2": "842",
    "refcode_3": "4",
    "refcode_4": "",
    "refcode_short": "1EGWLM 842.4",
    "refcode_long": "The Ellen G. White Letters and Manuscripts: Volume 1, p. 842.4 (Ellen Gould White)",
    "element_type": "p",
    "element_subtype": "standard-indented",
    "content": "<span class=\"non-egw-comment\">Oldest daughter of <span title=\"Hastings.L\" data-link=\"12667.5281\" class=\"egwlink egwlink_book\"><strong>Leonard</strong> and <strong>Elvira Hastings,</strong></span> who were close friends of Ellen and James White. She was baptized by James White in 1850. When her mother died in 1850, Harriet, about 16 years old, assumed major responsibilities for her younger siblings. She received several letters of encouragement from Ellen White. Harriet died at age 20 of tuberculosis.</span>",
    "puborder": 3997,
    "translations": []
  },
  {
    "para_id": "12667.5279",
    "id_prev": "12667.5278",
    "id_next": "12667.5281",
    "refcode_1": "1EGWLM",
    "refcode_2": "842",
    "refcode_3": "5",
    "refcode_4": "",
    "refcode_short": "1EGWLM 842.5",
    "refcode_long": "The Ellen G. White Letters and Manuscripts: Volume 1, p. 842.5 (Ellen Gould White)",
    "element_type": "p",
    "element_subtype": "standard-indented",
    "content": "<span class=\"non-egw-comment\"><em>See:</em> Obituary: &ldquo;Harriet A. Hastings,&rdquo; <em>Review,</em> Sept. 5, 1854, p. 31; Ellen G. White, <span class=\"egwlink egwlink_book\" title=\"2SG 112.0\" data-link=\"105.409\"><em>Spiritual Gifts [vol. 2],</em> p. 112</span>; <span title=\"Lt8-1849\" data-link=\"12667.851\" class=\"egwlink egwlink_book\">Lt 8, 1849</span> (May 29); <span title=\"Lt8-1850\" data-link=\"12667.1114\" class=\"egwlink egwlink_book\">Lt 8, 1850</span> (Aug. 4); <span title=\"Lt7-1851\" data-link=\"12667.1611\" class=\"egwlink egwlink_book\">Lt 7, 1851</span> (July 27); <span title=\"Lt3-1851\" data-link=\"12667.1630\" class=\"egwlink egwlink_book\">Lt 3, 1851</span> (Aug. 11).</span>",
    "puborder": 3998,
    "translations": []
  }
]