[
  {
    "para_id": "12210.1201",
    "id_prev": "12210.1199",
    "id_next": "12210.1202",
    "refcode_1": "FH",
    "refcode_2": "153",
    "refcode_3": "",
    "refcode_4": "141",
    "refcode_short": "FH 153",
    "refcode_long": "From the Heart, p. 153 (Ellen Gould White)",
    "element_type": "h3",
    "element_subtype": "",
    "content": "Work Is a Blessing, May 21",
    "puborder": 1030,
    "translations": [
      {
        "para_id": "12005.1180",
        "lang": "ru",
        "refcode": "ОВС 155"
      },
      {
        "para_id": "12243.1187",
        "lang": "uk",
        "refcode": "ВУС 155"
      }
    ]
  },
  {
    "para_id": "12210.1202",
    "id_prev": "12210.1201",
    "id_next": "12210.1203",
    "refcode_1": "FH",
    "refcode_2": "153",
    "refcode_3": "1",
    "refcode_4": "",
    "refcode_short": "FH 153.1",
    "refcode_long": "From the Heart, p. 153.1 (Ellen Gould White)",
    "element_type": "p",
    "element_subtype": "devotionaltext",
    "content": "Look, this was the iniquity of your sister Sodom: ... pride, fullness of food, and abundance of idleness. <span class=\"egwlink egwlink_bible\" title=\"Ezekiel 16:49\" data-link=\"1965.42469\">Ezekiel 16:49</span>.",
    "puborder": 1031,
    "translations": [
      {
        "para_id": "12005.1181",
        "lang": "ru",
        "refcode": "ОВС 155.1"
      },
      {
        "para_id": "12243.1188",
        "lang": "uk",
        "refcode": "ВУС 155.1"
      }
    ]
  },
  {
    "para_id": "12210.1203",
    "id_prev": "12210.1202",
    "id_next": "12210.1204",
    "refcode_1": "FH",
    "refcode_2": "153",
    "refcode_3": "2",
    "refcode_4": "",
    "refcode_short": "FH 153.2",
    "refcode_long": "From the Heart, p. 153.2 (Ellen Gould White)",
    "element_type": "p",
    "element_subtype": "standard-indented",
    "content": "God gave labor to humanity as a blessing, to occupy our minds, to strengthen our bodies, and to develop our faculties. Adam and Eve labored in the Garden of Eden, and they found in mental and physical activity the highest pleasures of their holy existence. When they were driven from that beautiful home as the result of disobedience and were forced to struggle with a stubborn soil to gain their daily bread, that very labor was a relief to their sorrowing souls, a safeguard against temptation.",
    "puborder": 1032,
    "translations": [
      {
        "para_id": "12005.1182",
        "lang": "ru",
        "refcode": "ОВС 155.2"
      },
      {
        "para_id": "12243.1189",
        "lang": "uk",
        "refcode": "ВУС 155.2"
      }
    ]
  },
  {
    "para_id": "12210.1204",
    "id_prev": "12210.1203",
    "id_next": "12210.1205",
    "refcode_1": "FH",
    "refcode_2": "153",
    "refcode_3": "3",
    "refcode_4": "",
    "refcode_short": "FH 153.3",
    "refcode_long": "From the Heart, p. 153.3 (Ellen Gould White)",
    "element_type": "p",
    "element_subtype": "standard-indented",
    "content": "Judicious labor is indispensable both to the happiness and the prosperity of our race. It makes the feeble strong, the timid brave, the poor rich, and the wretched happy. Our varied trusts are proportioned to our various abilities, and God expects corresponding returns for the talents He has given to His servants. It is not the greatness of the talents possessed that determines the reward, but the manner in which they are used&mdash;the degree of faithfulness with which the duties of life are performed, be they great or small.",
    "puborder": 1033,
    "translations": [
      {
        "para_id": "12005.1183",
        "lang": "ru",
        "refcode": "ОВС 155.3"
      },
      {
        "para_id": "12243.1190",
        "lang": "uk",
        "refcode": "ВУС 155.3"
      }
    ]
  },
  {
    "para_id": "12210.1205",
    "id_prev": "12210.1204",
    "id_next": "12210.1206",
    "refcode_1": "FH",
    "refcode_2": "153",
    "refcode_3": "4",
    "refcode_4": "",
    "refcode_short": "FH 153.4",
    "refcode_long": "From the Heart, p. 153.4 (Ellen Gould White)",
    "element_type": "p",
    "element_subtype": "standard-indented",
    "content": "Idleness is one of the greatest curses that can fall upon us, for vice and crime follow in its train. Satan lies in ambush, ready to surprise and destroy those who are unguarded, whose leisure gives him opportunity to insinuate himself into their favor under some attractive disguise. He is never more successful than when he comes to men and women in their idle hours....",
    "puborder": 1034,
    "translations": [
      {
        "para_id": "12005.1184",
        "lang": "ru",
        "refcode": "ОВС 155.4"
      },
      {
        "para_id": "12243.1191",
        "lang": "uk",
        "refcode": "ВУС 155.4"
      }
    ]
  },
  {
    "para_id": "12210.1206",
    "id_prev": "12210.1205",
    "id_next": "12210.1207",
    "refcode_1": "FH",
    "refcode_2": "153",
    "refcode_3": "5",
    "refcode_4": "",
    "refcode_short": "FH 153.5",
    "refcode_long": "From the Heart, p. 153.5 (Ellen Gould White)",
    "element_type": "p",
    "element_subtype": "standard-indented",
    "content": "The rich often consider themselves entitled to the preeminence among their fellow human beings and in the favor of God. Many feel above honest labor and look down with contempt upon their poorer neighbors. The children of the wealthy are taught that to be gentlemen and ladies they must dress fashionably, avoid all useful labor, and shun the society of the working classes....",
    "puborder": 1035,
    "translations": [
      {
        "para_id": "12005.1185",
        "lang": "ru",
        "refcode": "ОВС 155.5"
      },
      {
        "para_id": "12243.1192",
        "lang": "uk",
        "refcode": "ВУС 155.5"
      }
    ]
  },
  {
    "para_id": "12210.1207",
    "id_prev": "12210.1206",
    "id_next": "12210.1208",
    "refcode_1": "FH",
    "refcode_2": "153",
    "refcode_3": "6",
    "refcode_4": "",
    "refcode_short": "FH 153.6",
    "refcode_long": "From the Heart, p. 153.6 (Ellen Gould White)",
    "element_type": "p",
    "element_subtype": "standard-indented",
    "content": "Such ideas are wholly at variance with the divine purpose in the creation of mankind....",
    "puborder": 1036,
    "translations": [
      {
        "para_id": "12005.1186",
        "lang": "ru",
        "refcode": "ОВС 155.6"
      },
      {
        "para_id": "12243.1193",
        "lang": "uk",
        "refcode": "ВУС 155.6"
      }
    ]
  },
  {
    "para_id": "12210.1208",
    "id_prev": "12210.1207",
    "id_next": "12210.1210",
    "refcode_1": "FH",
    "refcode_2": "153",
    "refcode_3": "7",
    "refcode_4": "",
    "refcode_short": "FH 153.7",
    "refcode_long": "From the Heart, p. 153.7 (Ellen Gould White)",
    "element_type": "p",
    "element_subtype": "standard-indented",
    "content": "The Son of God honored labor. Though He was the Majesty of heaven, He chose His earthly home among the poor and lowly, and worked for His daily bread in the humble carpenter shop of Joseph.... The path of the Christian laborer may be hard and narrow, but it is honored by the footprints of the Redeemer, and they are safe who follow in that sacred way.&mdash;<span class=\"egwlink egwlink_book\" title=\"ST 5-4-1882\" data-link=\"820.4305\">Signs of the Times, May 4, 1882</span>.",
    "puborder": 1037,
    "translations": [
      {
        "para_id": "12005.1187",
        "lang": "ru",
        "refcode": "ОВС 155.7"
      },
      {
        "para_id": "12243.1194",
        "lang": "uk",
        "refcode": "ВУС 155.7"
      }
    ]
  }
]