[
  {
    "para_id": "12210.1256",
    "id_prev": "12210.1254",
    "id_next": "12210.1257",
    "refcode_1": "FH",
    "refcode_2": "160",
    "refcode_3": "",
    "refcode_4": "148",
    "refcode_short": "FH 160",
    "refcode_long": "From the Heart, p. 160 (Ellen Gould White)",
    "element_type": "h3",
    "element_subtype": "",
    "content": "Ordained to Bring Forth Fruit, May 28",
    "puborder": 1078,
    "translations": [
      {
        "para_id": "12005.1235",
        "lang": "ru",
        "refcode": "ОВС 162"
      },
      {
        "para_id": "12243.1242",
        "lang": "uk",
        "refcode": "ВУС 162"
      }
    ]
  },
  {
    "para_id": "12210.1257",
    "id_prev": "12210.1256",
    "id_next": "12210.1258",
    "refcode_1": "FH",
    "refcode_2": "160",
    "refcode_3": "1",
    "refcode_4": "",
    "refcode_short": "FH 160.1",
    "refcode_long": "From the Heart, p. 160.1 (Ellen Gould White)",
    "element_type": "p",
    "element_subtype": "devotionaltext",
    "content": "I am the vine, you are the branches. He who abides in Me, and I in him, bears much fruit; for without Me you can do nothing. <span class=\"egwlink egwlink_bible\" title=\"John 15:5\" data-link=\"1965.54466\">John 15:5</span>.",
    "puborder": 1079,
    "translations": [
      {
        "para_id": "12005.1236",
        "lang": "ru",
        "refcode": "ОВС 162.1"
      },
      {
        "para_id": "12243.1243",
        "lang": "uk",
        "refcode": "ВУС 162.1"
      }
    ]
  },
  {
    "para_id": "12210.1258",
    "id_prev": "12210.1257",
    "id_next": "12210.1259",
    "refcode_1": "FH",
    "refcode_2": "160",
    "refcode_3": "2",
    "refcode_4": "",
    "refcode_short": "FH 160.2",
    "refcode_long": "From the Heart, p. 160.2 (Ellen Gould White)",
    "element_type": "p",
    "element_subtype": "standard-indented",
    "content": "In the plan of restoring in men and women the divine image, it was provided that the Holy Spirit should move upon human minds and be as the presence of Christ, a molding agency upon human character. Those who receive the truth become also recipients of the grace of Christ and devote their sanctified human ability to the work in which Christ was engaged&mdash;men and women become laborers together with God. It is to make them agents for God that divine truth is brought home to their understanding....",
    "puborder": 1080,
    "translations": [
      {
        "para_id": "12005.1237",
        "lang": "ru",
        "refcode": "ОВС 162.2"
      },
      {
        "para_id": "12243.1244",
        "lang": "uk",
        "refcode": "ВУС 162.2"
      }
    ]
  },
  {
    "para_id": "12210.1259",
    "id_prev": "12210.1258",
    "id_next": "12210.1260",
    "refcode_1": "FH",
    "refcode_2": "160",
    "refcode_3": "3",
    "refcode_4": "",
    "refcode_short": "FH 160.3",
    "refcode_long": "From the Heart, p. 160.3 (Ellen Gould White)",
    "element_type": "p",
    "element_subtype": "standard-indented",
    "content": "Through the mediumship of truth the character is transformed and fashioned after the divine similitude. Peter represents Christians as those who have purified their souls through obedience to the truth through the operation of the Holy Spirit....",
    "puborder": 1081,
    "translations": [
      {
        "para_id": "12005.1238",
        "lang": "ru",
        "refcode": "ОВС 162.3"
      },
      {
        "para_id": "12243.1245",
        "lang": "uk",
        "refcode": "ВУС 162.3"
      }
    ]
  },
  {
    "para_id": "12210.1260",
    "id_prev": "12210.1259",
    "id_next": "12210.1261",
    "refcode_1": "FH",
    "refcode_2": "160",
    "refcode_3": "4",
    "refcode_4": "",
    "refcode_short": "FH 160.4",
    "refcode_long": "From the Heart, p. 160.4 (Ellen Gould White)",
    "element_type": "p",
    "element_subtype": "standard-indented",
    "content": "It is the Christian&apos;s business to shine. The professed followers of Christ are not fulfilling the requirements of the gospel unless they are ministering to others. They are never to forget that they are to let their light so shine before others that they, seeing their good works, may glorify their Father which is in heaven. Their speech is to be always with grace and in harmony with their profession of faith. Their work is to reveal Christ to the world. Jesus Christ and Him crucified is their inexhaustible theme, of which they are freely to speak, bringing out of the good treasure of their hearts the precious things of the gospel. The heart that is filled with the blessed hope, that is big with immortality and full of glory, cannot be dumb. Those who have a realization of the sacred presence of Christ cannot speak light and trifling words, for their words are to be sober, a savor of life unto life. We are not to be children tossed to and fro, but we are to be anchored in Jesus Christ and to have something of solid worth of which to speak.... Christians are to publish the good news of salvation, and they are never to weary of the recital of God&apos;s goodness....",
    "puborder": 1082,
    "translations": [
      {
        "para_id": "12005.1239",
        "lang": "ru",
        "refcode": "ОВС 162.4"
      },
      {
        "para_id": "12243.1246",
        "lang": "uk",
        "refcode": "ВУС 162.4"
      }
    ]
  },
  {
    "para_id": "12210.1261",
    "id_prev": "12210.1260",
    "id_next": "12210.1263",
    "refcode_1": "FH",
    "refcode_2": "160",
    "refcode_3": "5",
    "refcode_4": "",
    "refcode_short": "FH 160.5",
    "refcode_long": "From the Heart, p. 160.5 (Ellen Gould White)",
    "element_type": "p",
    "element_subtype": "standard-indented",
    "content": "You are to speak to sinners, for you know not but God is moving upon their hearts. Never forget that great responsibility attaches to every word you utter in their presence. Ask yourself the question, How many have I spoken to with my heart filled with the love of Christ concerning the unspeakable gift of God&apos;s mercy and Christ&apos;s righteousness?&mdash;<span class=\"egwlink egwlink_book\" title=\"RH 2-12-1895\" data-link=\"821.14042\">The Review and Herald, February 12, 1895</span>.",
    "puborder": 1083,
    "translations": [
      {
        "para_id": "12005.1240",
        "lang": "ru",
        "refcode": "ОВС 162.5"
      },
      {
        "para_id": "12243.1248",
        "lang": "uk",
        "refcode": "ВУС 162.5"
      }
    ]
  }
]