[
  {
    "para_id": "12210.632",
    "id_prev": "12210.630",
    "id_next": "12210.633",
    "refcode_1": "FH",
    "refcode_2": "81",
    "refcode_3": "",
    "refcode_4": "69",
    "refcode_short": "FH 81",
    "refcode_long": "From the Heart, p. 81 (Ellen Gould White)",
    "element_type": "h3",
    "element_subtype": "",
    "content": "What Are We Reading? March 10",
    "puborder": 538,
    "translations": [
      {
        "para_id": "12005.618",
        "lang": "ru",
        "refcode": "ОВС 82"
      },
      {
        "para_id": "12243.625",
        "lang": "uk",
        "refcode": "ВУС 82"
      }
    ]
  },
  {
    "para_id": "12210.633",
    "id_prev": "12210.632",
    "id_next": "12210.634",
    "refcode_1": "FH",
    "refcode_2": "81",
    "refcode_3": "1",
    "refcode_4": "",
    "refcode_short": "FH 81.1",
    "refcode_long": "From the Heart, p. 81.1 (Ellen Gould White)",
    "element_type": "p",
    "element_subtype": "devotionaltext",
    "content": "Give attention to reading. <span class=\"egwlink egwlink_bible\" title=\"1 Timothy 4:13\" data-link=\"1965.60700\">1 Timothy 4:13</span>.",
    "puborder": 539,
    "translations": [
      {
        "para_id": "12005.619",
        "lang": "ru",
        "refcode": "ОВС 82.1"
      },
      {
        "para_id": "12243.626",
        "lang": "uk",
        "refcode": "ВУС 82.1"
      }
    ]
  },
  {
    "para_id": "12210.634",
    "id_prev": "12210.633",
    "id_next": "12210.635",
    "refcode_1": "FH",
    "refcode_2": "81",
    "refcode_3": "2",
    "refcode_4": "",
    "refcode_short": "FH 81.2",
    "refcode_long": "From the Heart, p. 81.2 (Ellen Gould White)",
    "element_type": "p",
    "element_subtype": "standard-indented",
    "content": "The enemy knows that to a great degree the mind is affected by that upon which it feeds. He is seeking to lead both the youth and those of mature age to read story books, tales, and other literature. Those who yield to this temptation soon lose their relish for solid reading. They have no interest in Bible study. Their moral powers become enfeebled. Sin appears less and less repulsive. There is manifest an increasing unfaithfulness, a growing distaste for life&apos;s practical duties. As the mind becomes perverted, it is ready to grasp any reading of a stimulating character....",
    "puborder": 540,
    "translations": [
      {
        "para_id": "12005.620",
        "lang": "ru",
        "refcode": "ОВС 82.2"
      },
      {
        "para_id": "12243.627",
        "lang": "uk",
        "refcode": "ВУС 82.2"
      }
    ]
  },
  {
    "para_id": "12210.635",
    "id_prev": "12210.634",
    "id_next": "12210.636",
    "refcode_1": "FH",
    "refcode_2": "81",
    "refcode_3": "3",
    "refcode_4": "",
    "refcode_short": "FH 81.3",
    "refcode_long": "From the Heart, p. 81.3 (Ellen Gould White)",
    "element_type": "p",
    "element_subtype": "standard-indented",
    "content": "Works that do not so decidedly mislead and corrupt are yet to be shunned, if they impart a disrelish for the study of the Bible. This Word is the true manna. Let all repress the desire for reading matter that is not food for the mind. You cannot possibly do the work of God with clear perception while the mind is occupied with this class of reading....",
    "puborder": 541,
    "translations": [
      {
        "para_id": "12005.621",
        "lang": "ru",
        "refcode": "ОВС 82.3"
      },
      {
        "para_id": "12243.628",
        "lang": "uk",
        "refcode": "ВУС 82.3"
      }
    ]
  },
  {
    "para_id": "12210.636",
    "id_prev": "12210.635",
    "id_next": "12210.637",
    "refcode_1": "FH",
    "refcode_2": "81",
    "refcode_3": "4",
    "refcode_4": "",
    "refcode_short": "FH 81.4",
    "refcode_long": "From the Heart, p. 81.4 (Ellen Gould White)",
    "element_type": "p",
    "element_subtype": "standard-indented",
    "content": "Question your own experience as to the influence of light reading. Can you, after spending time in such reading, open the Bible and read with interest the words of life? Do you not find the Book of God uninteresting? ...",
    "puborder": 542,
    "translations": [
      {
        "para_id": "12005.622",
        "lang": "ru",
        "refcode": "ОВС 82.4"
      },
      {
        "para_id": "12243.629",
        "lang": "uk",
        "refcode": "ВУС 82.4"
      }
    ]
  },
  {
    "para_id": "12210.637",
    "id_prev": "12210.636",
    "id_next": "12210.638",
    "refcode_1": "FH",
    "refcode_2": "81",
    "refcode_3": "5",
    "refcode_4": "",
    "refcode_short": "FH 81.5",
    "refcode_long": "From the Heart, p. 81.5 (Ellen Gould White)",
    "element_type": "p",
    "element_subtype": "standard-indented",
    "content": "In order to have a healthy tone of mind and sound religious principles, we must live in communion with God through His Word. Pointing out the way of salvation, the Bible is our guide to a higher, better life. It contains the most interesting and most instructive history and biography that were ever written. Those whose imaginations have not been perverted by the reading of fiction will find the Bible the most interesting of all books.",
    "puborder": 543,
    "translations": [
      {
        "para_id": "12005.623",
        "lang": "ru",
        "refcode": "ОВС 82.5"
      },
      {
        "para_id": "12243.630",
        "lang": "uk",
        "refcode": "ВУС 82.5"
      }
    ]
  },
  {
    "para_id": "12210.638",
    "id_prev": "12210.637",
    "id_next": "12210.639",
    "refcode_1": "FH",
    "refcode_2": "81",
    "refcode_3": "6",
    "refcode_4": "",
    "refcode_short": "FH 81.6",
    "refcode_long": "From the Heart, p. 81.6 (Ellen Gould White)",
    "element_type": "p",
    "element_subtype": "standard-indented",
    "content": "Resolutely discard all worthless reading. Such reading will not strengthen your spirituality, but will introduce into the mind sentiments that will pervert the imagination, causing you to think less of Jesus and to dwell less upon His precious lessons....",
    "puborder": 544,
    "translations": [
      {
        "para_id": "12005.624",
        "lang": "ru",
        "refcode": "ОВС 82.6"
      },
      {
        "para_id": "12243.631",
        "lang": "uk",
        "refcode": "ВУС 82.6"
      }
    ]
  },
  {
    "para_id": "12210.639",
    "id_prev": "12210.638",
    "id_next": "12210.641",
    "refcode_1": "FH",
    "refcode_2": "81",
    "refcode_3": "7",
    "refcode_4": "",
    "refcode_short": "FH 81.7",
    "refcode_long": "From the Heart, p. 81.7 (Ellen Gould White)",
    "element_type": "p",
    "element_subtype": "standard-indented",
    "content": "The Bible is the Book of books. If you love the Word, searching it as you have opportunity, that you may come into the possession of the rich treasure that it contains and be thoroughly furnished unto all good works, then you may be assured that Jesus is drawing you to Himself.&mdash;<span class=\"egwlink egwlink_book\" title=\"ST 6-13-1906\" data-link=\"820.20013\">Signs of the Times, June 13, 1906</span>.",
    "puborder": 545,
    "translations": [
      {
        "para_id": "12005.625",
        "lang": "ru",
        "refcode": "ОВС 82.7"
      },
      {
        "para_id": "12243.632",
        "lang": "uk",
        "refcode": "ВУС 82.7"
      }
    ]
  }
]