[
  {
    "para_id": "14775.65",
    "id_prev": "14775.64",
    "id_next": "14775.66",
    "refcode_1": "JTL17",
    "refcode_2": "8",
    "refcode_3": "",
    "refcode_4": "11",
    "refcode_short": "JTL17 8",
    "refcode_long": "My Journey to Life, Step 17—Growing in Christ, p. 8 (Ellen G. White Estate)",
    "element_type": "h4",
    "element_subtype": "",
    "content": "Bible Discovery:",
    "puborder": 57,
    "translations": []
  },
  {
    "para_id": "14775.66",
    "id_prev": "14775.65",
    "id_next": "14775.67",
    "refcode_1": "JTL17",
    "refcode_2": "8",
    "refcode_3": "3",
    "refcode_4": "",
    "refcode_short": "JTL17 8.3",
    "refcode_long": "My Journey to Life, Step 17—Growing in Christ, p. 8.3 (Ellen G. White Estate)",
    "element_type": "p",
    "element_subtype": "standard-indented",
    "content": "<span title=\"Leviticus 19:33\" class=\"egwlink egwlink_bible\" data-link=\"1965.6743\">Leviticus 19:33</span>, <span title=\"Leviticus 19:34\" class=\"egwlink egwlink_bible\" data-link=\"1965.6745\">34</span>; <span title=\"John 17:20\" class=\"egwlink egwlink_bible\" data-link=\"1965.54618\">John 17:20</span>, <span title=\"John 17:21\" class=\"egwlink egwlink_bible\" data-link=\"1965.54620\">21</span>; <span title=\"Acts 17:26\" class=\"egwlink egwlink_bible\" data-link=\"1965.56180\">Acts 17:26</span>; <span title=\"Romans 2:11\" class=\"egwlink egwlink_bible\" data-link=\"1965.57042\">Romans 2:11</span>; <span title=\"1 Corinthians 6:1\" class=\"egwlink egwlink_bible\" data-link=\"1965.58053\">1 Corinthians 6:1</span>-<span title=\"1 Corinthians 6:20\" class=\"egwlink egwlink_bible\" data-link=\"1965.58091\">20</span>; <span title=\"2 Corinthians 5:18\" class=\"egwlink egwlink_bible\" data-link=\"1965.58923\">2 Corinthians 5:18</span>; <span title=\"Galatians 3:26\" class=\"egwlink egwlink_bible\" data-link=\"1965.59401\">Galatians 3:26</span>-<span title=\"Galatians 3:28\" class=\"egwlink egwlink_bible\" data-link=\"1965.59405\">28</span>; <span title=\"Ephesians 2:14\" class=\"egwlink egwlink_bible\" data-link=\"1965.59637\">Ephesians 2:14</span>-<span title=\"Ephesians 2:16\" class=\"egwlink egwlink_bible\" data-link=\"1965.59641\">16</span>; <span title=\"James 2:1\" class=\"egwlink egwlink_bible\" data-link=\"1965.61798\">James 2:1</span>-<span title=\"James 2:9\" class=\"egwlink egwlink_bible\" data-link=\"1965.61814\">9</span>",
    "puborder": 58,
    "translations": []
  }
]