[
  {
    "para_id": "14775.8",
    "id_prev": "14775.6",
    "id_next": "14775.9",
    "refcode_1": "JTL17",
    "refcode_2": "2",
    "refcode_3": "",
    "refcode_4": "3",
    "refcode_short": "JTL17 2",
    "refcode_long": "My Journey to Life, Step 17—Growing in Christ, p. 2 (Ellen G. White Estate)",
    "element_type": "h3",
    "element_subtype": "",
    "content": "Step Seventeen&mdash;Growing in Christ",
    "puborder": 6,
    "translations": []
  },
  {
    "para_id": "14775.9",
    "id_prev": "14775.8",
    "id_next": "14775.10",
    "refcode_1": "JTL17",
    "refcode_2": "2",
    "refcode_3": "1",
    "refcode_4": "",
    "refcode_short": "JTL17 2.1",
    "refcode_long": "My Journey to Life, Step 17—Growing in Christ, p. 2.1 (Ellen G. White Estate)",
    "element_type": "p",
    "element_subtype": "standard-indented",
    "content": "What keeps us free from fear of evil powers, darkness, and anxiety? &ldquo;By His death on the cross Jesus triumphed over the forces of evil. He who subjugated the demonic spirits during His earthly ministry has broken their power and made certain their ultimate doom. Jesus&rsquo; victory gives us victory over the evil forces that still seek to control us, as we walk with Him in peace, joy, and assurance of His love. Now the Holy Spirit dwells within us and empowers us.",
    "puborder": 7,
    "translations": []
  },
  {
    "para_id": "14775.10",
    "id_prev": "14775.9",
    "id_next": "14775.11",
    "refcode_1": "JTL17",
    "refcode_2": "2",
    "refcode_3": "2",
    "refcode_4": "",
    "refcode_short": "JTL17 2.2",
    "refcode_long": "My Journey to Life, Step 17—Growing in Christ, p. 2.2 (Ellen G. White Estate)",
    "element_type": "p",
    "element_subtype": "standard-indented",
    "content": "Continually committed to Jesus as our Savior and Lord, we are set free from the burden of our past deeds. No longer do we live in the darkness, fear of evil powers, ignorance, and meaninglessness of our former way of life. In this new freedom in Jesus, we are called to grow into the likeness of His character, communing with Him daily in prayer, feeding on His Word, meditating on it and on His providence, singing His praises, gathering together for worship, and participating in the mission of the Church. We are also called to follow Christ&rsquo;s example by compassionately ministering to the physical, mental, social, emotional, and spiritual needs of humanity. As we give ourselves in loving service to those around us and in witnessing to His salvation, His constant presence with us through the Spirit transforms every moment and every task into a spiritual experience.&rdquo;&mdash;Seventh-day Adventists Believe, p. 151",
    "puborder": 8,
    "translations": []
  }
]