[
  {
    "para_id": "14809.114",
    "id_prev": "14809.112",
    "id_next": "14809.115",
    "refcode_1": "CCW",
    "refcode_2": "18",
    "refcode_3": "",
    "refcode_4": "3",
    "refcode_short": "CCW 18",
    "refcode_long": "Counsels on Christian Worldview, p. 18 (Ellen G. White Estate)",
    "element_type": "h2",
    "element_subtype": "",
    "content": "TRUE CHRISTIANITY",
    "puborder": 96,
    "translations": []
  },
  {
    "para_id": "14809.115",
    "id_prev": "14809.114",
    "id_next": "14809.117",
    "refcode_1": "CCW",
    "refcode_2": "18",
    "refcode_3": "1",
    "refcode_4": "",
    "refcode_short": "CCW 18.1",
    "refcode_long": "Counsels on Christian Worldview, p. 18.1 (Ellen G. White Estate)",
    "element_type": "p",
    "element_subtype": "standard-indented",
    "content": "<a href=\"https://media2.egwwritings.org/images/14809/3_true_christianity/true_christianity_cover.webp\" alt=\"TRUE CHRISTIANITY\" title=\"TRUE CHRISTIANITY\" data-link=\"https://egw.bz/go?uri=https%3a%2f%2fmedia2.egwwritings.org%2fimages%2f14809%2f3_true_christianity%2ftrue_christianity_cover.webp\" class=\"egwlink egwlink_external\">Picture:</a> TRUE CHRISTIANITY",
    "puborder": 97,
    "translations": []
  }
]