[
  {
    "para_id": "14809.419",
    "id_prev": "14809.417",
    "id_next": "14809.420",
    "refcode_1": "CCW",
    "refcode_2": "63",
    "refcode_3": "",
    "refcode_4": "56",
    "refcode_short": "CCW 63",
    "refcode_long": "Counsels on Christian Worldview, p. 63 (Ellen G. White Estate)",
    "element_type": "h3",
    "element_subtype": "",
    "content": "<i>Counsel #2</i> &mdash; The Fall&rsquo;s Consequences",
    "puborder": 356,
    "translations": []
  },
  {
    "para_id": "14809.420",
    "id_prev": "14809.419",
    "id_next": "14809.421",
    "refcode_1": "CCW",
    "refcode_2": "63",
    "refcode_3": "1",
    "refcode_4": "",
    "refcode_short": "CCW 63.1",
    "refcode_long": "Counsels on Christian Worldview, p. 63.1 (Ellen G. White Estate)",
    "element_type": "p",
    "element_subtype": "standard-indented",
    "content": "<a href=\"https://media2.egwwritings.org/images/14809/6_what_is_justification_sanctification_and_glorification/2_justification_sanctification_and_glorification.webp\" alt=\"Counsel #2 &mdash; The Fall&rsquo;s Consequences\" title=\"Counsel #2 &mdash; The Fall&rsquo;s Consequences\" data-link=\"https://egw.bz/go?uri=https%3a%2f%2fmedia2.egwwritings.org%2fimages%2f14809%2f6_what_is_justification_sanctification_and_glorification%2f2_justification_sanctification_and_glorification.webp\" class=\"egwlink egwlink_external\">Picture:</a> <i>Counsel #2</i> &mdash; The Fall&rsquo;s Consequences",
    "puborder": 357,
    "translations": []
  },
  {
    "para_id": "14809.421",
    "id_prev": "14809.420",
    "id_next": "14809.422",
    "refcode_1": "CCW",
    "refcode_2": "63",
    "refcode_3": "2",
    "refcode_4": "",
    "refcode_short": "CCW 63.2",
    "refcode_long": "Counsels on Christian Worldview, p. 63.2 (Ellen G. White Estate)",
    "element_type": "p",
    "element_subtype": "standard-indented",
    "content": "Many people think justification isn&rsquo;t important. A brief survey of world religions demonstrates that people generally believe that we can and should reform ourselves to become righteous. Some Christians also feel this way and suggest that legal justification is a form of &ldquo;fiction.&rdquo; But this view doesn&rsquo;t take The Fall into account. When Adam and Eve sinned, there were a series of consequences. One of these consequences was a change in human nature. Before The Fall humans were able to automatically think and choose righteous things. But after The Fall, human nature became depraved&mdash;became immoral and wicked. We are incapable of making ourselves righteous. The only way for God to bring us back into a right standing with Him is for Him to pardon us.<sup class=\"footnote\"><a class=\"footnote\">[85]<span class=\"footnote\"><a href=\"https://ssnet.org/blog/monday-consequences-of-fall/\" data-link=\"https://egw.bz/go?uri=https%3a%2f%2fssnet.org%2fblog%2fmonday-consequences-of-fall%2f\" class=\"egwlink egwlink_external\">https://ssnet.org/blog/monday-consequences-of-fall/</a></span></a></sup>",
    "puborder": 358,
    "translations": []
  },
  {
    "para_id": "14809.422",
    "id_prev": "14809.421",
    "id_next": "14809.423",
    "refcode_1": "CCW",
    "refcode_2": "63",
    "refcode_3": "3",
    "refcode_4": "",
    "refcode_short": "CCW 63.3",
    "refcode_long": "Counsels on Christian Worldview, p. 63.3 (Ellen G. White Estate)",
    "element_type": "p",
    "element_subtype": "standard-indented",
    "content": "&ldquo;Therefore, just as through one man sin entered the world, and death through sin, and thus death spread to all men, because all sinned…&rdquo; <b><span title=\"Romans 5:12\" class=\"egwlink egwlink_bible\" data-link=\"1965.57217\">Romans 5:12</span> NKJV</b>",
    "puborder": 359,
    "translations": []
  },
  {
    "para_id": "14809.423",
    "id_prev": "14809.422",
    "id_next": "14809.424",
    "refcode_1": "CCW",
    "refcode_2": "63",
    "refcode_3": "4",
    "refcode_4": "",
    "refcode_short": "CCW 63.4",
    "refcode_long": "Counsels on Christian Worldview, p. 63.4 (Ellen G. White Estate)",
    "element_type": "p",
    "element_subtype": "standard-indented",
    "content": "&ldquo;Adam was endowed with a nature pure and sinless, but he fell because he listened to the suggestions of the enemy. His posterity became depraved; by one man&apos;s disobedience many were made sinners.&rdquo; Ellen White in <span class=\"egwlink egwlink_book\" title=\"YI June 2,  1898, par. 4\" data-link=\"469.2942\"><b><i>The Youth&rsquo;s Instructor</i>, June 2, 1898, par. 4</b></span>",
    "puborder": 360,
    "translations": []
  },
  {
    "para_id": "14809.424",
    "id_prev": "14809.423",
    "id_next": "14809.426",
    "refcode_1": "CCW",
    "refcode_2": "63",
    "refcode_3": "5",
    "refcode_4": "",
    "refcode_short": "CCW 63.5",
    "refcode_long": "Counsels on Christian Worldview, p. 63.5 (Ellen G. White Estate)",
    "element_type": "p",
    "element_subtype": "standard-indented",
    "content": "<b>Reflect: </b>How does your view of human nature and our inability to make ourselves righteous inform your understanding of how to be saved?",
    "puborder": 361,
    "translations": []
  }
]