[
  {
    "para_id": "56.566",
    "id_prev": "56.564",
    "id_next": "56.567",
    "refcode_1": "5MR",
    "refcode_2": "125",
    "refcode_3": "",
    "refcode_4": "31",
    "refcode_short": "5MR 125",
    "refcode_long": "Manuscript Releases, vol. 5 [Nos. 260-346], p. 125 (Ellen Gould White)",
    "element_type": "h3",
    "element_subtype": "",
    "content": "MR No. 290&mdash;Billiards and the Billiard Hall",
    "puborder": 368,
    "translations": []
  },
  {
    "para_id": "56.567",
    "id_prev": "56.566",
    "id_next": "56.568",
    "refcode_1": "5MR",
    "refcode_2": "125",
    "refcode_3": "1",
    "refcode_4": "",
    "refcode_short": "5MR 125.1",
    "refcode_long": "Manuscript Releases, vol. 5 [Nos. 260-346], p. 125.1 (Ellen Gould White)",
    "element_type": "p",
    "element_subtype": "standard-indented",
    "content": "Teach your families that the angels of God are coming in and going out of your house and guarding and watching over the children of men. He wants you to tell them how they appeared to Peter, how they appeared to John, how they appeared to those who suffered in prison for the truth&apos;s sake; how the Lord wrought in behalf of John; how He wrought in behalf of Paul, and of Peter; how the angels of God from heaven came right into the prison house and took their prey out of the hands of the enemy. God is constantly working in behalf of His people, and what credit do you give Him for it?",
    "puborder": 369,
    "translations": []
  },
  {
    "para_id": "56.568",
    "id_prev": "56.567",
    "id_next": "56.570",
    "refcode_1": "5MR",
    "refcode_2": "125",
    "refcode_3": "2",
    "refcode_4": "",
    "refcode_short": "5MR 125.2",
    "refcode_long": "Manuscript Releases, vol. 5 [Nos. 260-346], p. 125.2 (Ellen Gould White)",
    "element_type": "p",
    "element_subtype": "standard-indented",
    "content": "Angels of God are all around us. You do not discern them with your human vision. Satan and his angels are here in this house today. Oh, we want to know these things, and fear and tremble, and to think much more of the power of the angels of God that are watching over and guarding us than we have done hitherto. We want to place ourselves under the blood-stained banner of Prince Emmanuel. We do not want to be serving Baal. We do not want to be giving ourselves up to the powers of darkness. Angels of God are commissioned from heaven to guard the children of men, and yet they draw away from their restraining influences and go where they can have communication with the evil angels; and then the evil angels fasten impressions in their minds that they will never get rid of so long as they live, just as going to the theater, billiard hall, and all such places lead them from the path of God to stand under the black banner of the prince of darkness. Oh, that we might all obey the injunction of the apostle. (Read <span class=\"egwlink egwlink_bible\" title=\"2 Corinthians 6:17\" data-link=\"1965.58964\">2 Corinthians 6:17, 18</span>.)",
    "puborder": 370,
    "translations": []
  },
  {
    "para_id": "56.570",
    "id_prev": "56.568",
    "id_next": "56.571",
    "refcode_1": "5MR",
    "refcode_2": "126",
    "refcode_3": "1",
    "refcode_4": "",
    "refcode_short": "5MR 126.1",
    "refcode_long": "Manuscript Releases, vol. 5 [Nos. 260-346], p. 126.1 (Ellen Gould White)",
    "element_type": "p",
    "element_subtype": "standard-indented",
    "content": "Oh, what an infinite sacrifice was paid for our redemption! Look at the long fast of Jesus Christ in the wilderness of temptation. Look at all He endured, the agony of the cross, in order to save man; and then, I ask you, What shall we do on our part? God help us that we may come under the influence, the special influence, of the Spirit of God. Then He will let it come upon us with power. He will communicate light to us from heaven, and we will walk in the light, and live in the light as He is in the light.&mdash;<span class=\"egwlink egwlink_book\" title=\"Ms 1, 1890\" data-link=\"14056.6279001\">Manuscript 1, 1890</span>. (<span class=\"non-egw-comment\">&ldquo;Heaven&apos;s Part in Life&apos;s Conflict,&rdquo; Sermon, February 1, 1890</span>.)",
    "puborder": 371,
    "translations": []
  },
  {
    "para_id": "56.571",
    "id_prev": "56.570",
    "id_next": "56.572",
    "refcode_1": "5MR",
    "refcode_2": "126",
    "refcode_3": "2",
    "refcode_4": "",
    "refcode_short": "5MR 126.2",
    "refcode_long": "Manuscript Releases, vol. 5 [Nos. 260-346], p. 126.2 (Ellen Gould White)",
    "element_type": "p",
    "element_subtype": "standard-indented",
    "content": "Life is too short, the hours of probation too precious, for us to make a mistake in our religious life. Earnest men, men of strength are needed in the Master&apos;s service. The call comes to us, &ldquo;Be not conformed to this world, but be ye transformed by the renewing of your mind.&rdquo; As we obey this command, the power of the Holy Spirit will come upon mind and body, bringing them into conformity to the will of Christ, and renewing us in His likeness. The hereditary and cultivated tendencies to wrong will die, and Christ will be formed within, the hope of glory. It will be seen that we are indeed followers of Christ.",
    "puborder": 372,
    "translations": []
  },
  {
    "para_id": "56.572",
    "id_prev": "56.571",
    "id_next": "56.575",
    "refcode_1": "5MR",
    "refcode_2": "126",
    "refcode_3": "3",
    "refcode_4": "",
    "refcode_short": "5MR 126.3",
    "refcode_long": "Manuscript Releases, vol. 5 [Nos. 260-346], p. 126.3 (Ellen Gould White)",
    "element_type": "p",
    "element_subtype": "standard-indented",
    "content": "We are not to trust in our own wisdom, but in the wisdom of God. This will bring into the character the patience, kindness, and love of Christ. And we are to remember that in doing well the work lying nearest us, we shall be prepared for a wider field of usefulness. There is to be constant growth in grace. We are to make constant advancement in preparing for the future immortal life. We shall leave behind no knowledge that in this world we have <span class=\"page-break\" data-page=\"127\"></span> gained of God and heaven. This mental and spiritual wealth we shall take with us when we answer the call, Child, come up higher.",
    "puborder": 373,
    "translations": []
  },
  {
    "para_id": "56.575",
    "id_prev": "56.572",
    "id_next": "56.576",
    "refcode_1": "5MR",
    "refcode_2": "127",
    "refcode_3": "1",
    "refcode_4": "",
    "refcode_short": "5MR 127.1",
    "refcode_long": "Manuscript Releases, vol. 5 [Nos. 260-346], p. 127.1 (Ellen Gould White)",
    "element_type": "p",
    "element_subtype": "standard-indented",
    "content": "Let us strive to help those connected with us. To this work let us devote our tact and ingenuity. Let us reach higher and still higher for purity and devotion, our hearts filled with a desire to know the will of God. Let us consecrate our all to the service of humanity. We shall receive our reward in the future life.",
    "puborder": 374,
    "translations": []
  },
  {
    "para_id": "56.576",
    "id_prev": "56.575",
    "id_next": "56.577",
    "refcode_1": "5MR",
    "refcode_2": "127",
    "refcode_3": "2",
    "refcode_4": "",
    "refcode_short": "5MR 127.2",
    "refcode_long": "Manuscript Releases, vol. 5 [Nos. 260-346], p. 127.2 (Ellen Gould White)",
    "element_type": "p",
    "element_subtype": "standard-indented",
    "content": "Reveal the living charm of the Saviour&apos;s life. Represent Christ by revealing faith and hope and love. In short, copy the Pattern. Let your light shine out in good works. Christians have no need of desire for the billiard table, the theater, the dancing hall, or the many other forms of worldly diversion. A Christian does nothing which he cannot do to the glory of God, upon which he cannot ask the blessing of God.",
    "puborder": 375,
    "translations": []
  },
  {
    "para_id": "56.577",
    "id_prev": "56.576",
    "id_next": "56.578",
    "refcode_1": "5MR",
    "refcode_2": "127",
    "refcode_3": "3",
    "refcode_4": "",
    "refcode_short": "5MR 127.3",
    "refcode_long": "Manuscript Releases, vol. 5 [Nos. 260-346], p. 127.3 (Ellen Gould White)",
    "element_type": "p",
    "element_subtype": "standard-indented",
    "content": "Work as in the presence of the heavenly intelligences. God calls for loyalty, for faithfulness; for we have been bought with a price. Stand firm in the faith; and you will be more than conquerors through Him who loved you and gave His life for you. To all who claim to be in His service, God says, &ldquo;Ye are a spectacle to the world, to angels, and to men.&rdquo;&mdash;<span class=\"egwlink egwlink_book\" title=\"Ms 82, 1903\" data-link=\"14068.10157001\">Manuscript 82, 1903, 7-9</span>. (<span class=\"non-egw-comment\">&ldquo;The Promise of the Spirit,&rdquo; diary, September 25, 1902</span>.)",
    "puborder": 376,
    "translations": []
  },
  {
    "para_id": "56.578",
    "id_prev": "56.577",
    "id_next": "56.580",
    "refcode_1": "5MR",
    "refcode_2": "127",
    "refcode_3": "",
    "refcode_4": "",
    "refcode_short": "",
    "refcode_long": "",
    "element_type": "p",
    "element_subtype": "signaturedate",
    "content": "Released January 21, 1972.",
    "puborder": 377,
    "translations": []
  }
]