[
  {
    "para_id": "670.646",
    "id_prev": "670.645",
    "id_next": "670.647",
    "refcode_1": "4BIO",
    "refcode_2": "86",
    "refcode_3": "",
    "refcode_4": "45",
    "refcode_short": "4BIO 86",
    "refcode_long": "Ellen G. White: The Australian Years: 1891-1900 (vol. 4), p. 86 (Arthur Lacey White)",
    "element_type": "h4",
    "element_subtype": "",
    "content": "The Van Horn Confession",
    "puborder": 518,
    "translations": []
  },
  {
    "para_id": "670.647",
    "id_prev": "670.646",
    "id_next": "670.650",
    "refcode_1": "4BIO",
    "refcode_2": "86",
    "refcode_3": "5",
    "refcode_4": "",
    "refcode_short": "4BIO 86.5",
    "refcode_long": "Ellen G. White: The Australian Years: 1891-1900 (vol. 4), p. 86.5 (Arthur Lacey White)",
    "element_type": "p",
    "element_subtype": "standard-indented",
    "content": "But, Nicola was not alone in resisting light in 1888. Another was Isaac Van Horn, who labored in Battle Creek and to whom on January 20 Ellen had written a testimony filling eleven pages: &ldquo;I <span class=\"page-break\" data-page=\"87\"></span> want to say a few words to you,&rdquo; she wrote, &ldquo;to tell you some things which burden my heart. You are represented to me as not walking and working in the light as you think you are doing.&rdquo; She continued:",
    "puborder": 519,
    "translations": []
  },
  {
    "para_id": "670.650",
    "id_prev": "670.647",
    "id_next": "670.651",
    "refcode_1": "4BIO",
    "refcode_2": "87",
    "refcode_3": "1",
    "refcode_4": "",
    "refcode_short": "4BIO 87.1",
    "refcode_long": "Ellen G. White: The Australian Years: 1891-1900 (vol. 4), p. 87.1 (Arthur Lacey White)",
    "element_type": "p",
    "element_subtype": "blockquote-indented",
    "content": "Again and again has the Lord presented before me the Minneapolis meeting. The developments there are but dimly seen by some, and the same fog which enveloped their minds on that occasion has not been dispelled by the bright beams of the Sun of Righteousness. Notwithstanding the evidences of the power of God which attended the truth which was shining forth at that meeting, there were those who did not comprehend it.",
    "puborder": 520,
    "translations": []
  },
  {
    "para_id": "670.651",
    "id_prev": "670.650",
    "id_next": "670.652",
    "refcode_1": "4BIO",
    "refcode_2": "87",
    "refcode_3": "2",
    "refcode_4": "",
    "refcode_short": "4BIO 87.2",
    "refcode_long": "Ellen G. White: The Australian Years: 1891-1900 (vol. 4), p. 87.2 (Arthur Lacey White)",
    "element_type": "p",
    "element_subtype": "blockquote-indented",
    "content": "In the blessings that have since accompanied the presentation of the truth, justification by faith and the imputed righteousness of Christ, they have not discerned increased evidence from God as to where and how He is and has been working.&mdash;<span class=\"egwlink egwlink_book\" title=\"Lt 61, 1893\" data-link=\"14058.5888001\">Letter 61, 1893</span>.",
    "puborder": 521,
    "translations": []
  },
  {
    "para_id": "670.652",
    "id_prev": "670.651",
    "id_next": "670.653",
    "refcode_1": "4BIO",
    "refcode_2": "87",
    "refcode_3": "3",
    "refcode_4": "",
    "refcode_short": "4BIO 87.3",
    "refcode_long": "Ellen G. White: The Australian Years: 1891-1900 (vol. 4), p. 87.3 (Arthur Lacey White)",
    "element_type": "p",
    "element_subtype": "standard-indented",
    "content": "She pleaded with Van Horn: &ldquo;Why did you not receive the testimony the Lord sent you through Sister White? Why have you not harmonized with the light God has given you? ... Elder Van Horn, you need the quickening influence of the Spirit of God....I plead with you, dear brother, take off thy shoes from off thy feet, and walk softly before God.&rdquo;",
    "puborder": 522,
    "translations": []
  },
  {
    "para_id": "670.653",
    "id_prev": "670.652",
    "id_next": "670.654",
    "refcode_1": "4BIO",
    "refcode_2": "87",
    "refcode_3": "4",
    "refcode_4": "",
    "refcode_short": "4BIO 87.4",
    "refcode_long": "Ellen G. White: The Australian Years: 1891-1900 (vol. 4), p. 87.4 (Arthur Lacey White)",
    "element_type": "p",
    "element_subtype": "standard-indented",
    "content": "The earnest testimony was used of God to save the man. In a four-page handwritten letter he reviewed his experience in receiving and accepting the testimony. He said:",
    "puborder": 523,
    "translations": []
  },
  {
    "para_id": "670.654",
    "id_prev": "670.653",
    "id_next": "670.655",
    "refcode_1": "4BIO",
    "refcode_2": "87",
    "refcode_3": "5",
    "refcode_4": "",
    "refcode_short": "4BIO 87.5",
    "refcode_long": "Ellen G. White: The Australian Years: 1891-1900 (vol. 4), p. 87.5 (Arthur Lacey White)",
    "element_type": "p",
    "element_subtype": "blockquote-indented",
    "content": "This communication by your hand to me I heartily accept as a testimony from the Lord. It reveals to me the sad condition I have been in since the Minneapolis meeting, and this reproof from the Lord is just and true. Since it came, I see more than ever before the great sin it is to reject light. And this is made doubly sinful by my own stubborn will holding out so long against the light that has shone so brightly upon me.",
    "puborder": 524,
    "translations": []
  },
  {
    "para_id": "670.655",
    "id_prev": "670.654",
    "id_next": "670.658",
    "refcode_1": "4BIO",
    "refcode_2": "87",
    "refcode_3": "6",
    "refcode_4": "",
    "refcode_short": "4BIO 87.6",
    "refcode_long": "Ellen G. White: The Australian Years: 1891-1900 (vol. 4), p. 87.6 (Arthur Lacey White)",
    "element_type": "p",
    "element_subtype": "standard-indented",
    "content": "He then related how, a few days before receiving the testimony, he began to see his true condition and on a Sabbath morning at the General Conference confessed his great wrong at Minneapolis and since then. He felt this experience was but paving the way for the <span class=\"page-break\" data-page=\"88\"></span> testimony he was about to receive. Three days later, and still during the General Conference session, the testimony came. He told Ellen White what took place on receiving it:",
    "puborder": 525,
    "translations": []
  },
  {
    "para_id": "670.658",
    "id_prev": "670.655",
    "id_next": "670.659",
    "refcode_1": "4BIO",
    "refcode_2": "88",
    "refcode_3": "1",
    "refcode_4": "",
    "refcode_short": "4BIO 88.1",
    "refcode_long": "Ellen G. White: The Australian Years: 1891-1900 (vol. 4), p. 88.1 (Arthur Lacey White)",
    "element_type": "p",
    "element_subtype": "blockquote-indented",
    "content": "Late in the evening I went to my room where all alone I read it three times over with much weeping, accepting it sentence by sentence as I read. I bowed before the Lord in prayer and confessed it all to Him. He heard my earnest plea, and for bitterness of soul He gave me peace and joy....",
    "puborder": 526,
    "translations": []
  },
  {
    "para_id": "670.659",
    "id_prev": "670.658",
    "id_next": "670.660",
    "refcode_1": "4BIO",
    "refcode_2": "88",
    "refcode_3": "2",
    "refcode_4": "",
    "refcode_short": "4BIO 88.2",
    "refcode_long": "Ellen G. White: The Australian Years: 1891-1900 (vol. 4), p. 88.2 (Arthur Lacey White)",
    "element_type": "p",
    "element_subtype": "blockquote-indented",
    "content": "I could but thank Him for sending me this message, for it is a token of His love. &ldquo;For whom the Lord loveth he chasteneth, and scourgeth every son whom he receiveth.&rdquo;",
    "puborder": 527,
    "translations": []
  },
  {
    "para_id": "670.660",
    "id_prev": "670.659",
    "id_next": "670.661",
    "refcode_1": "4BIO",
    "refcode_2": "88",
    "refcode_3": "3",
    "refcode_4": "",
    "refcode_short": "4BIO 88.3",
    "refcode_long": "Ellen G. White: The Australian Years: 1891-1900 (vol. 4), p. 88.3 (Arthur Lacey White)",
    "element_type": "p",
    "element_subtype": "standard-indented",
    "content": "The next morning he went into the ministers&rsquo; meeting and made a most earnest and extended confession of his wrong before the men who knew of his course. It brought light and blessing to his soul. He could exclaim, &ldquo;I am now a free man again, thank the Lord, having found pardon and peace.&rdquo;",
    "puborder": 528,
    "translations": []
  },
  {
    "para_id": "670.661",
    "id_prev": "670.660",
    "id_next": "670.662",
    "refcode_1": "4BIO",
    "refcode_2": "88",
    "refcode_3": "4",
    "refcode_4": "",
    "refcode_short": "4BIO 88.4",
    "refcode_long": "Ellen G. White: The Australian Years: 1891-1900 (vol. 4), p. 88.4 (Arthur Lacey White)",
    "element_type": "p",
    "element_subtype": "standard-indented",
    "content": "Before closing his letter to Mrs. White, he wrote:",
    "puborder": 529,
    "translations": []
  },
  {
    "para_id": "670.662",
    "id_prev": "670.661",
    "id_next": "670.663",
    "refcode_1": "4BIO",
    "refcode_2": "88",
    "refcode_3": "",
    "refcode_4": "",
    "refcode_short": "",
    "refcode_long": "",
    "element_type": "p",
    "element_subtype": "blockquote-indented",
    "content": "I shall need counsel and instruction. If you have anything further that would give me more light, showing me more clearly my true condition, I shall be very glad to receive it.&mdash;I. D. Van Horn to EGW, March 9, 1893.",
    "puborder": 530,
    "translations": []
  },
  {
    "para_id": "670.663",
    "id_prev": "670.662",
    "id_next": "670.664",
    "refcode_1": "4BIO",
    "refcode_2": "88",
    "refcode_3": "5",
    "refcode_4": "",
    "refcode_short": "4BIO 88.5",
    "refcode_long": "Ellen G. White: The Australian Years: 1891-1900 (vol. 4), p. 88.5 (Arthur Lacey White)",
    "element_type": "p",
    "element_subtype": "standard-indented",
    "content": "In her five-page reply Ellen White declared:",
    "puborder": 531,
    "translations": []
  },
  {
    "para_id": "670.664",
    "id_prev": "670.663",
    "id_next": "670.665",
    "refcode_1": "4BIO",
    "refcode_2": "88",
    "refcode_3": "",
    "refcode_4": "",
    "refcode_short": "",
    "refcode_long": "",
    "element_type": "p",
    "element_subtype": "blockquote-indented",
    "content": "I do accept your letter fully, and am very, very thankful your eyes have been anointed with the heavenly eyesalve, that you may see clearly and give to the flock of God meat in due season, which they do much need.&mdash;<span class=\"egwlink egwlink_book\" title=\"Lt 60, 1893\" data-link=\"14058.7274001\">Letter 60, 1893</span>.",
    "puborder": 532,
    "translations": []
  },
  {
    "para_id": "670.665",
    "id_prev": "670.664",
    "id_next": "670.667",
    "refcode_1": "4BIO",
    "refcode_2": "88",
    "refcode_3": "6",
    "refcode_4": "",
    "refcode_short": "4BIO 88.6",
    "refcode_long": "Ellen G. White: The Australian Years: 1891-1900 (vol. 4), p. 88.6 (Arthur Lacey White)",
    "element_type": "p",
    "element_subtype": "standard-indented",
    "content": "When the testimonies were wholeheartedly received and accepted, joy came to Ellen White&apos;s heart. In addition to Isaac Van Horn and Leroy Nicola, word from O. A. Olsen told of others who were moved to confess at the 1893 General Conference session (<span class=\"egwlink egwlink_book\" title=\"Ms 80, 1893\" data-link=\"14058.6293001\">Manuscript 80, 1893</span>). A week later George I. Butler, residing in Florida, made a public confession through <span class=\"nol-ink\" title=\"RH 6-13-1893\">The Review and Herald, June 13, 1893</span> of wrong attitudes on his part and of his coming into line with his brethren. This left but very few holdouts among men of particular significance in the cause.",
    "puborder": 533,
    "translations": []
  }
]