[
  {
    "para_id": "14634.554",
    "id_prev": "14634.553",
    "id_next": "14634.555",
    "refcode_1": "SRme",
    "refcode_2": "1",
    "refcode_3": "",
    "refcode_4": "17",
    "refcode_short": "SRme 1",
    "refcode_long": "Story of Redemption, p. 1",
    "element_type": "h3",
    "element_subtype": "",
    "content": "Chapter 17 &mdash; ISRAEL&apos;S DESERT JOURNEY",
    "puborder": 553,
    "translations": []
  },
  {
    "para_id": "14634.555",
    "id_prev": "14634.554",
    "id_next": "14634.556",
    "refcode_1": "SRme",
    "refcode_2": "1",
    "refcode_3": "499",
    "refcode_4": "",
    "refcode_short": "SRme 1.499",
    "refcode_long": "Story of Redemption, p. 1.499",
    "element_type": "p",
    "element_subtype": "standard-indented",
    "content": "The Israelites traveled in the desert for three days. They had not been able to find water that was fit to drink, so they were suffering from thirst.",
    "puborder": 554,
    "translations": []
  },
  {
    "para_id": "14634.556",
    "id_prev": "14634.555",
    "id_next": "14634.557",
    "refcode_1": "SRme",
    "refcode_2": "1",
    "refcode_3": "500",
    "refcode_4": "",
    "refcode_short": "SRme 1.500",
    "refcode_long": "Story of Redemption, p. 1.500",
    "element_type": "p",
    "element_subtype": "standard-indented",
    "content": "&quot;The people complained to Moses and asked, &apos;What are we going to drink?&apos;",
    "puborder": 555,
    "translations": []
  },
  {
    "para_id": "14634.557",
    "id_prev": "14634.556",
    "id_next": "14634.558",
    "refcode_1": "SRme",
    "refcode_2": "1",
    "refcode_3": "501",
    "refcode_4": "",
    "refcode_short": "SRme 1.501",
    "refcode_long": "Story of Redemption, p. 1.501",
    "element_type": "p",
    "element_subtype": "standard-indented",
    "content": "&quot;Moses prayed earnestly to the Lord, and the Lord showed him a piece of wood, which he [Moses] threw into the water; and the water became fit [good] to drink.",
    "puborder": 556,
    "translations": []
  },
  {
    "para_id": "14634.558",
    "id_prev": "14634.557",
    "id_next": "14634.559",
    "refcode_1": "SRme",
    "refcode_2": "1",
    "refcode_3": "502",
    "refcode_4": "",
    "refcode_short": "SRme 1.502",
    "refcode_long": "Story of Redemption, p. 1.502",
    "element_type": "p",
    "element_subtype": "standard-indented",
    "content": "&quot;There [in the desert] the Lord gave. . .[the Israelites] laws to live by, and there. . .[the Lord] also tested them. [The Lord] said, &apos;If you will obey Me completely by doing what I consider right and by keeping My commands, I will not punish you with any of the diseases that I brought on the Egyptians. I am the Lord, the One who heals you&apos;&quot; (<span title=\"Exodus 15:24\" class=\"egwlink egwlink_bible\" data-link=\"1965.3958\">Ex. 15:24-26</span>).",
    "puborder": 557,
    "translations": []
  },
  {
    "para_id": "14634.559",
    "id_prev": "14634.558",
    "id_next": "14634.560",
    "refcode_1": "SRme",
    "refcode_2": "1",
    "refcode_3": "503",
    "refcode_4": "",
    "refcode_short": "SRme 1.503",
    "refcode_long": "Story of Redemption, p. 1.503",
    "element_type": "p",
    "element_subtype": "standard-indented",
    "content": "The hearts of the Israelites seemed to be evil and full of unbelief. The people were not willing to accept the hard life in the desert. When the Israelites met difficulties, they thought each difficulty was impossible to overcome. Their trust in God failed. They could see nothing before them but death.",
    "puborder": 558,
    "translations": []
  },
  {
    "para_id": "14634.560",
    "id_prev": "14634.559",
    "id_next": "14634.561",
    "refcode_1": "SRme",
    "refcode_2": "1",
    "refcode_3": "504",
    "refcode_4": "",
    "refcode_short": "SRme 1.504",
    "refcode_long": "Story of Redemption, p. 1.504",
    "element_type": "p",
    "element_subtype": "standard-indented",
    "content": "&quot;In the desert they all complained to Moses and Aaron and said to them, &apos;We wish that the Lord had killed us in Egypt. There we could at least sit down and eat meat and as much other food as we wanted. But you have brought us out into this desert to starve us all to death&apos;&quot; (Ex. l6:2, 3, TEV).",
    "puborder": 559,
    "translations": []
  },
  {
    "para_id": "14634.561",
    "id_prev": "14634.560",
    "id_next": "14634.562",
    "refcode_1": "SRme",
    "refcode_2": "1",
    "refcode_3": "505",
    "refcode_4": "",
    "refcode_short": "SRme 1.505",
    "refcode_long": "Story of Redemption, p. 1.505",
    "element_type": "p",
    "element_subtype": "standard-indented",
    "content": "The Israelites really did not suffer from hunger. They had all the food they needed. But they were worried about the future. They did not understand how they could live very long on the food they brought from Egypt. Their lack of trust in God made them imagine that during their long period of travel in the wilderness their children would starve to death.",
    "puborder": 560,
    "translations": []
  },
  {
    "para_id": "14634.562",
    "id_prev": "14634.561",
    "id_next": "14634.563",
    "refcode_1": "SRme",
    "refcode_2": "1",
    "refcode_3": "506",
    "refcode_4": "",
    "refcode_short": "SRme 1.506",
    "refcode_long": "Story of Redemption, p. 1.506",
    "element_type": "p",
    "element_subtype": "standard-indented",
    "content": "The Lord permitted the Israelites&apos; food supply to get low. The Lord also allowed the Israelites to have other difficulties so they would follow Him again. God was the One who had been helping them, and He wanted them to believe in Him. God was ready to help them. If the Israelites would call upon Him in their need, He would give them signs of His love and never-ending care.",
    "puborder": 561,
    "translations": []
  },
  {
    "para_id": "14634.563",
    "id_prev": "14634.562",
    "id_next": "14634.564",
    "refcode_1": "SRme",
    "refcode_2": "1",
    "refcode_3": "507",
    "refcode_4": "",
    "refcode_short": "SRme 1.507",
    "refcode_long": "Story of Redemption, p. 1.507",
    "element_type": "p",
    "element_subtype": "standard-indented",
    "content": "But the Israelites trusted God only when they could see continual proof of His power. If the Israelites had a firm trust in God, they would have accepted cheerfully the difficulties and suffering. They would have remembered the wonderful way the Lord had delivered them from slavery.",
    "puborder": 562,
    "translations": []
  },
  {
    "para_id": "14634.564",
    "id_prev": "14634.563",
    "id_next": "14634.565",
    "refcode_1": "SRme",
    "refcode_2": "1",
    "refcode_3": "508",
    "refcode_4": "",
    "refcode_short": "SRme 1.508",
    "refcode_long": "Story of Redemption, p. 1.508",
    "element_type": "p",
    "element_subtype": "standard-indented",
    "content": "God promised that if they would obey His commandments, no disease would happen to them. God said, &quot;I am the Lord, the one who heals you&quot; (<span title=\"Exodus 15:26\" class=\"egwlink egwlink_bible\" data-link=\"1965.3962\">Ex. 15:26</span>). For the Israelites to think that they and their children might die from hunger after God had made this promise, was sinful unbelief. They had suffered greatly in Egypt by being forced to overwork. Their children had been killed. In answer to the Israelites&apos; earnest prayers, God mercifully delivered them. He promised to be their God, to take them to Himself as a people, and to lead them to a large and good land.",
    "puborder": 563,
    "translations": []
  },
  {
    "para_id": "14634.565",
    "id_prev": "14634.564",
    "id_next": "14634.566",
    "refcode_1": "SRme",
    "refcode_2": "1",
    "refcode_3": "509",
    "refcode_4": "",
    "refcode_short": "SRme 1.509",
    "refcode_long": "Story of Redemption, p. 1.509",
    "element_type": "p",
    "element_subtype": "standard-indented",
    "content": "But the Israelites were ready to faint every time they met a small problem on the way to that good land. They had suffered much in their work as slaves of the Egyptians. But now the Israelites could not bear to suffer in the service of God. Every time they had a problem, they became discouraged and doubted God. The Israelites complained about God&apos;s faithful servant,",
    "puborder": 564,
    "translations": []
  },
  {
    "para_id": "14634.566",
    "id_prev": "14634.565",
    "id_next": "14634.567",
    "refcode_1": "SRme",
    "refcode_2": "1",
    "refcode_3": "510",
    "refcode_4": "",
    "refcode_short": "SRme 1.510",
    "refcode_long": "Story of Redemption, p. 1.510",
    "element_type": "p",
    "element_subtype": "standard-indented",
    "content": "Moses. They blamed Moses for all their troubles. The people said they wished they had stayed in Egypt where they had plenty of meat and could eat until they were full.",
    "puborder": 565,
    "translations": []
  }
]