[
  {
    "para_id": "821.2000720",
    "id_prev": "821.719",
    "id_next": "821.720",
    "refcode_1": "RH",
    "refcode_2": "",
    "refcode_3": "",
    "refcode_4": "1867",
    "refcode_short": "RH March 26,  1867, par. 29",
    "refcode_long": "The Review and Herald March 26,  1867, paragraph 29",
    "element_type": "h2",
    "element_subtype": "",
    "content": "1867",
    "puborder": 756,
    "translations": []
  },
  {
    "para_id": "821.720",
    "id_prev": "821.2000720",
    "id_next": "821.721",
    "refcode_1": "RH",
    "refcode_2": "",
    "refcode_3": "",
    "refcode_4": "1867",
    "refcode_short": "RH March 26,  1867, par. 29",
    "refcode_long": "The Review and Herald March 26,  1867, paragraph 29",
    "element_type": "h3",
    "element_subtype": "",
    "content": "March 26, 1867",
    "puborder": 757,
    "translations": []
  },
  {
    "para_id": "821.721",
    "id_prev": "821.720",
    "id_next": "821.722",
    "refcode_1": "RH",
    "refcode_2": "",
    "refcode_3": "",
    "refcode_4": "1867",
    "refcode_short": "RH March 26,  1867",
    "refcode_long": "The Review and Herald March 26,  1867",
    "element_type": "h5",
    "element_subtype": "",
    "content": "An Acknowledgement",
    "puborder": 758,
    "translations": []
  },
  {
    "para_id": "821.722",
    "id_prev": "821.721",
    "id_next": "821.723",
    "refcode_1": "RH",
    "refcode_2": "",
    "refcode_3": "",
    "refcode_4": "1867",
    "refcode_short": "",
    "refcode_long": "",
    "element_type": "p",
    "element_subtype": "periodicalauthor",
    "content": "EGW",
    "puborder": 759,
    "translations": []
  },
  {
    "para_id": "821.723",
    "id_prev": "821.722",
    "id_next": "821.724",
    "refcode_1": "RH",
    "refcode_2": "",
    "refcode_3": "",
    "refcode_4": "1867",
    "refcode_short": "RH March 26,  1867, par. 1",
    "refcode_long": "The Review and Herald March 26,  1867, paragraph 1",
    "element_type": "p",
    "element_subtype": "standard-indented",
    "content": "In the vision given me in Rochester, December 25, 1865, I was shown that picture-taking had been carried to too great lengths by Sabbath-keeping Adventists; and that much means had been spent in multiplying copies which was worse than lost. This means should have been invested in the cause of God. I was shown that we had done wrong in expending means in picture-taking.",
    "puborder": 760,
    "translations": []
  },
  {
    "para_id": "821.724",
    "id_prev": "821.723",
    "id_next": "821.725",
    "refcode_1": "RH",
    "refcode_2": "",
    "refcode_3": "",
    "refcode_4": "1867",
    "refcode_short": "RH March 26,  1867, par. 2",
    "refcode_long": "The Review and Herald March 26,  1867, paragraph 2",
    "element_type": "p",
    "element_subtype": "standard-indented",
    "content": "We acknowledge our error. We deeply regret that we ever consented to sit for our pictures. For years I would not consent to have our pictures taken, though solicited so to do. How many times I have wished we had remained steadfast. But all we can do now is to confess our wrong and ask God to forgive us, and entreat the forgiveness of our brethren and sisters.",
    "puborder": 761,
    "translations": []
  },
  {
    "para_id": "821.725",
    "id_prev": "821.724",
    "id_next": "821.726",
    "refcode_1": "RH",
    "refcode_2": "",
    "refcode_3": "",
    "refcode_4": "1867",
    "refcode_short": "",
    "refcode_long": "",
    "element_type": "p",
    "element_subtype": "egwsignatureline",
    "content": "Ellen G. White.",
    "puborder": 762,
    "translations": []
  }
]