{
  "book_id": 12856,
  "code": "T32",
  "lang": "en",
  "type": "book",
  "subtype": "",
  "title": "Testimony for the Church — No. 32",
  "first_para": "12856.2",
  "author": "Ellen Gould White",
  "description": "First printings in individually numbered pamphlet form of Ellen G. White's \"Testimonies for the Church,\" volumes 1-5, which she later reissued with personal references omitted and editorial improvements made to in the current 9-volume series.",
  "npages": 0,
  "isbn": null,
  "publisher": "Pacific Press, Oakland, California",
  "pub_year": "1885",
  "buy_link": null,
  "folder_id": 8,
  "cover": {
    "small": "/covers/12856_s.jpg",
    "large": "/covers/12856_r.jpg"
  },
  "files": {
    "pdf": "/pdf/en_T32.pdf",
    "epub": "/epub/en_T32.epub",
    "mobi": "/mobi/en_T32.mobi"
  },
  "permission_required": "public",
  "sort": 232000203,
  "is_audiobook": false,
  "cite": "White, E. G. (1885) Testimony for the Church — No. 32. Pacific Press, Oakland, California.",
  "translated_into": []
}