[
  {
    "para_id": "675.753",
    "id_prev": "675.751",
    "id_next": "675.754",
    "refcode_1": "5BIO",
    "refcode_2": "111",
    "refcode_3": "",
    "refcode_4": "8",
    "refcode_short": "5BIO 111",
    "refcode_long": "Ellen G. White: The Early Elmshaven Years: 1900-1905 (vol. 5), p. 111 (Arthur Lacey White)",
    "element_type": "h3",
    "element_subtype": "",
    "content": "Chapter 8&mdash;The Extended Journey Home",
    "puborder": 574,
    "translations": []
  },
  {
    "para_id": "675.754",
    "id_prev": "675.753",
    "id_next": "675.755",
    "refcode_1": "5BIO",
    "refcode_2": "111",
    "refcode_3": "1",
    "refcode_4": "",
    "refcode_short": "5BIO 111.1",
    "refcode_long": "Ellen G. White: The Early Elmshaven Years: 1900-1905 (vol. 5), p. 111.1 (Arthur Lacey White)",
    "element_type": "p",
    "element_subtype": "standard-indented",
    "content": "Following the close of the General Conference session of 1901, Ellen White spent another full week in Battle Creek. She addressed the Sanitarium patients on Friday, April 26. She preached again in the Tabernacle the next morning. On Sunday night a vision was given to her concerning the course of action being followed by Dr. Kellogg. Her attention was called to the Battle Creek Sanitarium, particularly as it had to do with binding those who gained their training there with contracts that called for long periods of sacrificial service. She slept only an hour that night.",
    "puborder": 575,
    "translations": []
  },
  {
    "para_id": "675.755",
    "id_prev": "675.754",
    "id_next": "675.756",
    "refcode_1": "5BIO",
    "refcode_2": "111",
    "refcode_3": "2",
    "refcode_4": "",
    "refcode_short": "5BIO 111.2",
    "refcode_long": "Ellen G. White: The Early Elmshaven Years: 1900-1905 (vol. 5), p. 111.2 (Arthur Lacey White)",
    "element_type": "p",
    "element_subtype": "standard-indented",
    "content": "On Monday she went to visit Judge Arthur and his family. He was an attorney who gave his time largely to the work of the institutions in Battle Creek, but he was ill at home. When Ellen White called at his home, he sent to the school for his children to come so that they might be present for the visit. As she was engaged in prayer in the Arthur home, seeking God&apos;s special blessing upon the judge and his family, she herself was greatly blessed. Of this she later wrote:",
    "puborder": 576,
    "translations": []
  },
  {
    "para_id": "675.756",
    "id_prev": "675.755",
    "id_next": "675.757",
    "refcode_1": "5BIO",
    "refcode_2": "111",
    "refcode_3": "3",
    "refcode_4": "",
    "refcode_short": "5BIO 111.3",
    "refcode_long": "Ellen G. White: The Early Elmshaven Years: 1900-1905 (vol. 5), p. 111.3 (Arthur Lacey White)",
    "element_type": "p",
    "element_subtype": "blockquote-indented",
    "content": "While praying at his bedside, the Lord came very near, and I was blessed indeed. After that I felt renewed, soul and body.... The peace of Christ filled my heart. I did not feel at all weary.&mdash;<span class=\"egwlink egwlink_book\" title=\"Lt 70, 1901\" data-link=\"14066.8325001\">Letter 70, 1901</span>.",
    "puborder": 577,
    "translations": []
  },
  {
    "para_id": "675.757",
    "id_prev": "675.756",
    "id_next": "675.758",
    "refcode_1": "5BIO",
    "refcode_2": "111",
    "refcode_3": "4",
    "refcode_4": "",
    "refcode_short": "5BIO 111.4",
    "refcode_long": "Ellen G. White: The Early Elmshaven Years: 1900-1905 (vol. 5), p. 111.4 (Arthur Lacey White)",
    "element_type": "p",
    "element_subtype": "standard-indented",
    "content": "A few days after this experience she said: ",
    "puborder": 578,
    "translations": []
  },
  {
    "para_id": "675.758",
    "id_prev": "675.757",
    "id_next": "675.760",
    "refcode_1": "5BIO",
    "refcode_2": "111",
    "refcode_3": "",
    "refcode_4": "",
    "refcode_short": "",
    "refcode_long": "",
    "element_type": "p",
    "element_subtype": "blockquote-indented",
    "content": "I feel as though I had been resting for a month. This is the Lord&apos;s doing.&mdash;<span class=\"egwlink egwlink_book\" title=\"Lt 70, 1901\" data-link=\"14066.8325001\">Ibid.</span>",
    "puborder": 579,
    "translations": []
  },
  {
    "para_id": "675.760",
    "id_prev": "675.758",
    "id_next": "675.761",
    "refcode_1": "5BIO",
    "refcode_2": "112",
    "refcode_3": "1",
    "refcode_4": "",
    "refcode_short": "5BIO 112.1",
    "refcode_long": "Ellen G. White: The Early Elmshaven Years: 1900-1905 (vol. 5), p. 112.1 (Arthur Lacey White)",
    "element_type": "p",
    "element_subtype": "standard-indented",
    "content": "Such an experience of healing and renewed strength was not a new one for Ellen White. From day to day she moved forward in faith, trusting wholly in the Lord. But what a joy it was to her and what confidence it brought to her when from her weariness and illness she was restored to health and was refreshed with new vigor to carry on her tasks. It was a miracle that was often repeated in her life.",
    "puborder": 580,
    "translations": []
  },
  {
    "para_id": "675.761",
    "id_prev": "675.760",
    "id_next": "675.762",
    "refcode_1": "5BIO",
    "refcode_2": "112",
    "refcode_3": "2",
    "refcode_4": "",
    "refcode_short": "5BIO 112.2",
    "refcode_long": "Ellen G. White: The Early Elmshaven Years: 1900-1905 (vol. 5), p. 112.2 (Arthur Lacey White)",
    "element_type": "p",
    "element_subtype": "standard-indented",
    "content": "In this refreshment she was ready to undertake her journey home to California&mdash;but not directly so. First she was asked to spend the following weekend in Indianapolis, where the entire church had been involved in the holy flesh fanaticism and where a special session of the Indiana Conference had been called to deal with the resignation of the president, Elder Donnell, and the entire conference committee. Elders Daniells, Jones, Prescott, and W. C. White were to be there. All members of the Indiana Conference committee had been involved in the holy flesh teachings.",
    "puborder": 581,
    "translations": []
  },
  {
    "para_id": "675.762",
    "id_prev": "675.761",
    "id_next": "675.763",
    "refcode_1": "5BIO",
    "refcode_2": "112",
    "refcode_3": "3",
    "refcode_4": "",
    "refcode_short": "5BIO 112.3",
    "refcode_long": "Ellen G. White: The Early Elmshaven Years: 1900-1905 (vol. 5), p. 112.3 (Arthur Lacey White)",
    "element_type": "p",
    "element_subtype": "standard-indented",
    "content": "Meetings began Friday night, May 3. Ellen White preached Sabbath morning. On Sunday morning she came to grips with the holy flesh teaching. She was pleased with the response of the people. That Sunday there was an election of a new president and of an entirely new conference committee. Elder Donnell retired for a time to a little farm and then later engaged in the ministry in other conferences. S. S. Davis, who had led out in the holy flesh teaching, first accepted the correction at Battle Creek, then repudiated his repentance and continued to hold his extreme views, which removed him from the church.",
    "puborder": 582,
    "translations": []
  },
  {
    "para_id": "675.763",
    "id_prev": "675.762",
    "id_next": "675.764",
    "refcode_1": "5BIO",
    "refcode_2": "112",
    "refcode_3": "4",
    "refcode_4": "",
    "refcode_short": "5BIO 112.4",
    "refcode_long": "Ellen G. White: The Early Elmshaven Years: 1900-1905 (vol. 5), p. 112.4 (Arthur Lacey White)",
    "element_type": "p",
    "element_subtype": "standard-indented",
    "content": "The denomination had been saved from fanaticism in a movement that had spread through one conference and was threatening to spread to other conferences. The workers in the main recovered themselves. Some of the church members, however, never did.",
    "puborder": 583,
    "translations": []
  },
  {
    "para_id": "675.764",
    "id_prev": "675.763",
    "id_next": "675.767",
    "refcode_1": "5BIO",
    "refcode_2": "112",
    "refcode_3": "5",
    "refcode_4": "",
    "refcode_short": "5BIO 112.5",
    "refcode_long": "Ellen G. White: The Early Elmshaven Years: 1900-1905 (vol. 5), p. 112.5 (Arthur Lacey White)",
    "element_type": "p",
    "element_subtype": "standard-indented",
    "content": "Before that Sunday meeting at Indianapolis an experience transpired that was to cause considerable perplexity to a few for a time. Mrs. White had clearly indicated in her dealing with the holy flesh movement that the workers should be divided up and scattered, which was assented to at the time. But on giving the matter second thought, Elder Donnell began to waver. He asked W. C. White whether he would arrange for an interview with Ellen <span class=\"page-break\" data-page=\"113\"></span> White early Sunday morning during the special conference session.",
    "puborder": 584,
    "translations": []
  },
  {
    "para_id": "675.767",
    "id_prev": "675.764",
    "id_next": "675.768",
    "refcode_1": "5BIO",
    "refcode_2": "113",
    "refcode_3": "1",
    "refcode_4": "",
    "refcode_short": "5BIO 113.1",
    "refcode_long": "Ellen G. White: The Early Elmshaven Years: 1900-1905 (vol. 5), p. 113.1 (Arthur Lacey White)",
    "element_type": "p",
    "element_subtype": "standard-indented",
    "content": "Willie had intended to convey this word to his mother the night before, but he became so involved in the work taking place there in Indianapolis that the matter was overlooked. So he hastened to Ellen White&apos;s room early Sunday morning to arrange for this interview with her. She had been up since three-thirty and was completely engrossed in writing on another subject. When Willie told her Elder Donnell wanted to see her, she was puzzled. &ldquo;What does he want?&rdquo; she asked. &ldquo;What can I say? Have not I borne my testimony?&rdquo;&mdash;18 WCW, p. 182.",
    "puborder": 585,
    "translations": []
  },
  {
    "para_id": "675.768",
    "id_prev": "675.767",
    "id_next": "675.769",
    "refcode_1": "5BIO",
    "refcode_2": "113",
    "refcode_3": "2",
    "refcode_4": "",
    "refcode_short": "5BIO 113.2",
    "refcode_long": "Ellen G. White: The Early Elmshaven Years: 1900-1905 (vol. 5), p. 113.2 (Arthur Lacey White)",
    "element_type": "p",
    "element_subtype": "standard-indented",
    "content": "The partitions in the Sanitarium building where they were staying were not soundproof. Ellen White was growing deaf, and Willie White spoke in a firm, loud voice so that she could hear. The Sanitarium cook, who occupied the next room, overheard the conversation and slipped into her closet so she could take it all in better. She was amazed when she overheard W. C. White suggesting to his mother what she should say to Elder Donnell. Writing of it later, White reported:",
    "puborder": 586,
    "translations": []
  },
  {
    "para_id": "675.769",
    "id_prev": "675.768",
    "id_next": "675.770",
    "refcode_1": "5BIO",
    "refcode_2": "113",
    "refcode_3": "3",
    "refcode_4": "",
    "refcode_short": "5BIO 113.3",
    "refcode_long": "Ellen G. White: The Early Elmshaven Years: 1900-1905 (vol. 5), p. 113.3 (Arthur Lacey White)",
    "element_type": "p",
    "element_subtype": "blockquote-indented",
    "content": "In doing this I did not suggest to her any new thoughts. It was not my place to do so. I simply recalled to her mind things that she had formerly written and said regarding what these brethren ought to do.&mdash;Ibid.",
    "puborder": 587,
    "translations": []
  },
  {
    "para_id": "675.770",
    "id_prev": "675.769",
    "id_next": "675.772",
    "refcode_1": "5BIO",
    "refcode_2": "113",
    "refcode_3": "4",
    "refcode_4": "",
    "refcode_short": "5BIO 113.4",
    "refcode_long": "Ellen G. White: The Early Elmshaven Years: 1900-1905 (vol. 5), p. 113.4 (Arthur Lacey White)",
    "element_type": "p",
    "element_subtype": "standard-indented",
    "content": "But the curious cook in the closet did not realize that Ellen White had a difficult time switching the channel of her thoughts in an instant, and she formed another opinion of the situation. She kept her little secret until the Indiana camp meeting in Greenfield that September. Then she approached Elder Donnell and told him what she had heard. The former president was immediately thrown into confusion and began to question whether it might not have been Willie White who had engineered his surrender of the office and the condemnation of the holy flesh movement. It took some earnest work on the part of I. J. Hankins, the new president, to explain the situation&mdash;that W. C. White was not priming his mother as to what she should say, but, finding her mind on another subject, was merely reminding her of what she had said in the past that might be helpful to her as she would in a few minutes meet the perplexed ex-president.",
    "puborder": 588,
    "translations": []
  },
  {
    "para_id": "675.772",
    "id_prev": "675.770",
    "id_next": "675.773",
    "refcode_1": "5BIO",
    "refcode_2": "114",
    "refcode_3": "1",
    "refcode_4": "",
    "refcode_short": "5BIO 114.1",
    "refcode_long": "Ellen G. White: The Early Elmshaven Years: 1900-1905 (vol. 5), p. 114.1 (Arthur Lacey White)",
    "element_type": "p",
    "element_subtype": "standard-indented",
    "content": "The journey from Indianapolis to her home in St. Helena, instead of taking only the normal four days, stretched to twenty-three, with visits to five sanitariums, two colleges, and participation in two camp meetings. The seven institutions had all been started while Ellen White was in Australia. Here was her schedule, which embodied twenty-three speaking appointments:",
    "puborder": 589,
    "translations": []
  },
  {
    "para_id": "675.773",
    "id_prev": "675.772",
    "id_next": "675.774",
    "refcode_1": "5BIO",
    "refcode_2": "114",
    "refcode_3": "",
    "refcode_4": "",
    "refcode_short": "5BIO 114",
    "refcode_long": "Ellen G. White: The Early Elmshaven Years: 1900-1905 (vol. 5), p. 114 (Arthur Lacey White)",
    "element_type": "table",
    "element_subtype": "table1",
    "content": "\n<tr><td>May 6,7</td><td>Des Moines, Iowa</td><td>Visit sanitarium</td></tr>\n<tr><td>May 8, 9</td><td>Lincoln, Nebraska</td><td>Sanitarium and college</td></tr>\n<tr><td>May 10, 11</td><td>Denver, Colorado</td><td>Sabbath speaking appointments</td></tr>\n<tr><td>May 12-14</td><td>Boulder, Colorado</td><td>Sanitarium</td></tr>\n<tr><td>May 15-22</td><td>Waitsburg, Washington</td><td>Rest and camp meeting</td></tr>\n<tr><td>May 23</td><td>Walla Walla, Washington</td><td>Sanitarium and college</td></tr>\n<tr><td>May 24-26</td><td>Portland, Oregon</td><td>Sanitarium and camp meeting</td></tr>\n<tr><td>May 28</td><td>Arrive home at St. Helena</td><td></td></tr>\n",
    "puborder": 590,
    "translations": []
  },
  {
    "para_id": "675.774",
    "id_prev": "675.773",
    "id_next": "675.775",
    "refcode_1": "5BIO",
    "refcode_2": "114",
    "refcode_3": "2",
    "refcode_4": "",
    "refcode_short": "5BIO 114.2",
    "refcode_long": "Ellen G. White: The Early Elmshaven Years: 1900-1905 (vol. 5), p. 114.2 (Arthur Lacey White)",
    "element_type": "p",
    "element_subtype": "standard-indented",
    "content": "It was a full schedule. The travel was by train, much of it during the hours of the night. At one sanitarium she was introduced to the manager. Although she had never met him in person, he was no stranger to her. A few hours after meeting him, she wrote: &ldquo;When I was introduced to you, I recognized your countenance as familiar. It came to me that things had been presented to me concerning you.&rdquo;&mdash;<span class=\"egwlink egwlink_book\" title=\"Lt 156, 1901\" data-link=\"14066.9198001\">Letter 156, 1901</span>.",
    "puborder": 591,
    "translations": []
  },
  {
    "para_id": "675.775",
    "id_prev": "675.774",
    "id_next": "675.776",
    "refcode_1": "5BIO",
    "refcode_2": "114",
    "refcode_3": "3",
    "refcode_4": "",
    "refcode_short": "5BIO 114.3",
    "refcode_long": "Ellen G. White: The Early Elmshaven Years: 1900-1905 (vol. 5), p. 114.3 (Arthur Lacey White)",
    "element_type": "p",
    "element_subtype": "standard-indented",
    "content": "The communication is one of ten pages. [Note: When mention is made of numbers of pages in an E. G. White document, it is understood that these are double-spaced, typewritten pages of 250 to 300 words.] As she continued her opening paragraph, she stated:",
    "puborder": 592,
    "translations": []
  },
  {
    "para_id": "675.776",
    "id_prev": "675.775",
    "id_next": "675.778",
    "refcode_1": "5BIO",
    "refcode_2": "114",
    "refcode_3": "4",
    "refcode_4": "",
    "refcode_short": "5BIO 114.4",
    "refcode_long": "Ellen G. White: The Early Elmshaven Years: 1900-1905 (vol. 5), p. 114.4 (Arthur Lacey White)",
    "element_type": "p",
    "element_subtype": "blockquote-indented",
    "content": "A sadness came over me. You have been presented to me a man walking in a false show. You have capabilities, but they are not sanctified by the Spirit of God. You draw too much from the brackish fountain of self-sufficiency. With the best of opportunities, you have not made advancement in spiritual understanding. You have walked in the light of the sparks of your own kindling. I am instructed to say that you should not be superintendent or manager in any of our institutions.&mdash;<span class=\"egwlink egwlink_book\" title=\"Lt 156, 1901\" data-link=\"14066.9198001\">Letter 156, 1901</span>.",
    "puborder": 593,
    "translations": []
  },
  {
    "para_id": "675.778",
    "id_prev": "675.776",
    "id_next": "675.779",
    "refcode_1": "5BIO",
    "refcode_2": "115",
    "refcode_3": "1",
    "refcode_4": "",
    "refcode_short": "5BIO 115.1",
    "refcode_long": "Ellen G. White: The Early Elmshaven Years: 1900-1905 (vol. 5), p. 115.1 (Arthur Lacey White)",
    "element_type": "p",
    "element_subtype": "standard-indented",
    "content": "In this and several other letters that followed in succeeding weeks, Ellen White opened up to this man the perils that threatened both his experience and the work in which he was engaged.",
    "puborder": 594,
    "translations": []
  },
  {
    "para_id": "675.779",
    "id_prev": "675.778",
    "id_next": "675.780",
    "refcode_1": "5BIO",
    "refcode_2": "115",
    "refcode_3": "2",
    "refcode_4": "",
    "refcode_short": "5BIO 115.2",
    "refcode_long": "Ellen G. White: The Early Elmshaven Years: 1900-1905 (vol. 5), p. 115.2 (Arthur Lacey White)",
    "element_type": "p",
    "element_subtype": "blockquote-indented",
    "content": "You are too free with young girls. This is your weakness. The fact that you are in danger of losing your soul because of carelessness in this respect should lead you to avoid even the appearance of evil in your association with young women. Sister---was so much drawn to you that her infatuation was noticeable. Her mind was dazed by your supposed scientific wisdom, which hurts the imagination of young, inexperienced people.&mdash;<span class=\"egwlink egwlink_book\" title=\"Lt 156, 1901\" data-link=\"14066.9198001\">Ibid.</span>",
    "puborder": 595,
    "translations": []
  },
  {
    "para_id": "675.780",
    "id_prev": "675.779",
    "id_next": "675.781",
    "refcode_1": "5BIO",
    "refcode_2": "115",
    "refcode_3": "3",
    "refcode_4": "",
    "refcode_short": "5BIO 115.3",
    "refcode_long": "Ellen G. White: The Early Elmshaven Years: 1900-1905 (vol. 5), p. 115.3 (Arthur Lacey White)",
    "element_type": "p",
    "element_subtype": "standard-indented",
    "content": "And then she made a suggestion:",
    "puborder": 596,
    "translations": []
  },
  {
    "para_id": "675.781",
    "id_prev": "675.780",
    "id_next": "675.782",
    "refcode_1": "5BIO",
    "refcode_2": "115",
    "refcode_3": "",
    "refcode_4": "",
    "refcode_short": "",
    "refcode_long": "",
    "element_type": "p",
    "element_subtype": "blockquote-indented",
    "content": "If it is necessary for you to have a secretary, employ a young man instead of a young woman. Your employment of a young woman is a snare to you and to her and a reproach to the cause of God....",
    "puborder": 597,
    "translations": []
  },
  {
    "para_id": "675.782",
    "id_prev": "675.781",
    "id_next": "675.783",
    "refcode_1": "5BIO",
    "refcode_2": "115",
    "refcode_3": "4",
    "refcode_4": "",
    "refcode_short": "5BIO 115.4",
    "refcode_long": "Ellen G. White: The Early Elmshaven Years: 1900-1905 (vol. 5), p. 115.4 (Arthur Lacey White)",
    "element_type": "p",
    "element_subtype": "blockquote-indented",
    "content": "You have a wife.... It is your duty to show your wife special favors. Give her an opportunity to ride by your side, an opportunity to hear your opinions and appreciate your affection.&mdash;<span class=\"egwlink egwlink_book\" title=\"Lt 156, 1901\" data-link=\"14066.9198001\">Ibid.</span>",
    "puborder": 598,
    "translations": []
  },
  {
    "para_id": "675.783",
    "id_prev": "675.782",
    "id_next": "675.784",
    "refcode_1": "5BIO",
    "refcode_2": "115",
    "refcode_3": "5",
    "refcode_4": "",
    "refcode_short": "5BIO 115.5",
    "refcode_long": "Ellen G. White: The Early Elmshaven Years: 1900-1905 (vol. 5), p. 115.5 (Arthur Lacey White)",
    "element_type": "p",
    "element_subtype": "standard-indented",
    "content": "And in another communication she declared: ",
    "puborder": 599,
    "translations": []
  },
  {
    "para_id": "675.784",
    "id_prev": "675.783",
    "id_next": "675.785",
    "refcode_1": "5BIO",
    "refcode_2": "115",
    "refcode_3": "",
    "refcode_4": "",
    "refcode_short": "",
    "refcode_long": "",
    "element_type": "p",
    "element_subtype": "blockquote-indented",
    "content": "You inspire in the minds of young girls thoughts which spoil their usefulness and taint their spiritual perceptions.... The enemy would lead you to pervert the understanding of women, as he perverted the understanding of Eve, leading her to eat the fruit of the tree of knowledge of good and evil.&mdash;<span class=\"egwlink egwlink_book\" title=\"Lt 87, 1901\" data-link=\"14066.7872001\">Letter 87, 1901</span>.",
    "puborder": 600,
    "translations": []
  },
  {
    "para_id": "675.785",
    "id_prev": "675.784",
    "id_next": "675.786",
    "refcode_1": "5BIO",
    "refcode_2": "115",
    "refcode_3": "6",
    "refcode_4": "",
    "refcode_short": "5BIO 115.6",
    "refcode_long": "Ellen G. White: The Early Elmshaven Years: 1900-1905 (vol. 5), p. 115.6 (Arthur Lacey White)",
    "element_type": "p",
    "element_subtype": "standard-indented",
    "content": "While on the train four days later, she again wrote to him, repeating some of the warnings sounded earlier and appealing to him to walk in the light.",
    "puborder": 601,
    "translations": []
  },
  {
    "para_id": "675.786",
    "id_prev": "675.785",
    "id_next": "675.789",
    "refcode_1": "5BIO",
    "refcode_2": "115",
    "refcode_3": "7",
    "refcode_4": "",
    "refcode_short": "5BIO 115.7",
    "refcode_long": "Ellen G. White: The Early Elmshaven Years: 1900-1905 (vol. 5), p. 115.7 (Arthur Lacey White)",
    "element_type": "p",
    "element_subtype": "standard-indented",
    "content": "Her main theme at another of the sanitariums was the importance of observing the principles of proper diet. It was here at the breakfast table that she rather strangely ordered every cooked dish on the menu. Now Ellen White was far from a gourmand, and she was not wasteful or extravagant. It would seem that this was her way of checking on the dietary program of the institution. In a <span class=\"page-break\" data-page=\"116\"></span> testimony written to the believers in that conference she declared, &ldquo;You have been rebelling against health reform.&rdquo;&mdash;<span class=\"egwlink egwlink_book\" title=\"Lt 177, 1901\" data-link=\"14066.9661001\">Letter 177, 1901</span>.",
    "puborder": 602,
    "translations": []
  },
  {
    "para_id": "675.789",
    "id_prev": "675.786",
    "id_next": "675.790",
    "refcode_1": "5BIO",
    "refcode_2": "116",
    "refcode_3": "1",
    "refcode_4": "",
    "refcode_short": "5BIO 116.1",
    "refcode_long": "Ellen G. White: The Early Elmshaven Years: 1900-1905 (vol. 5), p. 116.1 (Arthur Lacey White)",
    "element_type": "p",
    "element_subtype": "standard-indented",
    "content": "While she counseled against certain foods as being unhealthful, she hastened to say, &ldquo;We have not come to the time when I can say that the use of milk and eggs should be wholly discontinued.&rdquo;&mdash;<span class=\"egwlink egwlink_book\" title=\"Lt 177, 1901\" data-link=\"14066.9661001\">Ibid.</span>",
    "puborder": 603,
    "translations": []
  },
  {
    "para_id": "675.790",
    "id_prev": "675.789",
    "id_next": "675.791",
    "refcode_1": "5BIO",
    "refcode_2": "116",
    "refcode_3": "2",
    "refcode_4": "",
    "refcode_short": "5BIO 116.2",
    "refcode_long": "Ellen G. White: The Early Elmshaven Years: 1900-1905 (vol. 5), p. 116.2 (Arthur Lacey White)",
    "element_type": "p",
    "element_subtype": "standard-indented",
    "content": "At College View, Nebraska, she visited both the sanitarium and the new college that stood on the same campus. Her meetings held in the church exposed a rare insight into local situations. She called for harmony in the work and declared, &ldquo;I am deeply pained as I see that things have been moving in a kind of systematic discord.&rdquo;&mdash;<span class=\"egwlink egwlink_book\" title=\"Lt 97, 1901\" data-link=\"14066.7471001\">Letter 97, 1901</span>.",
    "puborder": 604,
    "translations": []
  },
  {
    "para_id": "675.791",
    "id_prev": "675.790",
    "id_next": "675.792",
    "refcode_1": "5BIO",
    "refcode_2": "116",
    "refcode_3": "3",
    "refcode_4": "",
    "refcode_short": "5BIO 116.3",
    "refcode_long": "Ellen G. White: The Early Elmshaven Years: 1900-1905 (vol. 5), p. 116.3 (Arthur Lacey White)",
    "element_type": "p",
    "element_subtype": "standard-indented",
    "content": "At Denver she found the church pastored by H. M. J. Richards, father of Radio Evangelist H. M. S. Richards. It was a racially mixed church and she made a strong appeal for financial support for the Southern Missionary Society in the South.",
    "puborder": 605,
    "translations": []
  },
  {
    "para_id": "675.792",
    "id_prev": "675.791",
    "id_next": "675.793",
    "refcode_1": "5BIO",
    "refcode_2": "116",
    "refcode_3": "4",
    "refcode_4": "",
    "refcode_short": "5BIO 116.4",
    "refcode_long": "Ellen G. White: The Early Elmshaven Years: 1900-1905 (vol. 5), p. 116.4 (Arthur Lacey White)",
    "element_type": "p",
    "element_subtype": "standard-indented",
    "content": "At Boulder, some thirty miles north of Denver, was another new sanitarium. Ellen White was not a stranger to Boulder, for some thirty years earlier she and her husband had spent several working vacations in Colorado, and at times stayed in a cottage not far from Boulder. The two days spent there in 1901 were devoted to meetings and to looking around and to writing.",
    "puborder": 606,
    "translations": []
  },
  {
    "para_id": "675.793",
    "id_prev": "675.792",
    "id_next": "675.794",
    "refcode_1": "5BIO",
    "refcode_2": "116",
    "refcode_3": "5",
    "refcode_4": "",
    "refcode_short": "5BIO 116.5",
    "refcode_long": "Ellen G. White: The Early Elmshaven Years: 1900-1905 (vol. 5), p. 116.5 (Arthur Lacey White)",
    "element_type": "p",
    "element_subtype": "standard-indented",
    "content": "One letter sent from Boulder was addressed to 24-year-old Clarence C. Crisler, Elder Daniells&rsquo; secretary. Crisler was a dedicated young man whom she met in Battle Creek. In conversation she learned that Clarence for some time had felt that he should connect with her work. The copying of letters and of helping to get the articles into shape for the papers had fallen primarily upon Maggie Hare. At the time she was Ellen White&apos;s only copyist. She had asked the Lord to send her the one that He would choose to help in the important work she was doing. Now she was greatly relieved for she felt certain that in young Crisler the Lord had answered her prayer (<span class=\"egwlink egwlink_book\" title=\"Lt 65, 1901\" data-link=\"14066.10229001\">Letter 65, 1901</span>). She urged Clarence to join her in late June if at all possible.",
    "puborder": 607,
    "translations": []
  },
  {
    "para_id": "675.794",
    "id_prev": "675.793",
    "id_next": "675.797",
    "refcode_1": "5BIO",
    "refcode_2": "116",
    "refcode_3": "6",
    "refcode_4": "",
    "refcode_short": "5BIO 116.6",
    "refcode_long": "Ellen G. White: The Early Elmshaven Years: 1900-1905 (vol. 5), p. 116.6 (Arthur Lacey White)",
    "element_type": "p",
    "element_subtype": "standard-indented",
    "content": "The local Boulder-Denver train service failed to meet the needs of Ellen White and her party in getting them to the morning train in Denver for the journey to Waitsburg, Washington, where she was to attend camp meeting. So at 2:00 A.M. on Wednesday, Ellen White, <span class=\"page-break\" data-page=\"117\"></span> W. C. White, Sara McEnterfer, and Maggie Hare, with a young man to drive the team, clambered aboard a carriage and started on their drive&mdash;thirty miles&mdash;before breakfast, to Denver. They made the connection, but just barely.",
    "puborder": 608,
    "translations": []
  },
  {
    "para_id": "675.797",
    "id_prev": "675.794",
    "id_next": "675.798",
    "refcode_1": "5BIO",
    "refcode_2": "117",
    "refcode_3": "1",
    "refcode_4": "",
    "refcode_short": "5BIO 117.1",
    "refcode_long": "Ellen G. White: The Early Elmshaven Years: 1900-1905 (vol. 5), p. 117.1 (Arthur Lacey White)",
    "element_type": "p",
    "element_subtype": "standard-indented",
    "content": "The Waitsburg camp meeting was held some twenty miles northeast of Walla Walla. It was well attended, some of the people driving as far as three hundred miles by carriage to attend the meetings (<span class=\"egwlink egwlink_book\" title=\"Lt 97a, 1901\" data-link=\"14066.10163001\">Letter 97a, 1901</span>).",
    "puborder": 609,
    "translations": []
  },
  {
    "para_id": "675.798",
    "id_prev": "675.797",
    "id_next": "675.799",
    "refcode_1": "5BIO",
    "refcode_2": "117",
    "refcode_3": "2",
    "refcode_4": "",
    "refcode_short": "5BIO 117.2",
    "refcode_long": "Ellen G. White: The Early Elmshaven Years: 1900-1905 (vol. 5), p. 117.2 (Arthur Lacey White)",
    "element_type": "p",
    "element_subtype": "standard-indented",
    "content": "At this camp meeting, held so soon after the General Conference session, there was considerable discussion among the workers concerning the development of the work in harmony with the steps taken in the reorganization of the General Conference. Elder A. T. Jones, a General Conference representative at that meeting, told the people that the General Conference now had no president, and that the State conferences should not have presidents. He declared that the office of union conference president would soon be abolished (16 WCW, p. 321). To support this position, he cited Ellen White&apos;s counsel that we should have &ldquo;no kings.&rdquo;",
    "puborder": 610,
    "translations": []
  },
  {
    "para_id": "675.799",
    "id_prev": "675.798",
    "id_next": "675.800",
    "refcode_1": "5BIO",
    "refcode_2": "117",
    "refcode_3": "3",
    "refcode_4": "",
    "refcode_short": "5BIO 117.3",
    "refcode_long": "Ellen G. White: The Early Elmshaven Years: 1900-1905 (vol. 5), p. 117.3 (Arthur Lacey White)",
    "element_type": "p",
    "element_subtype": "standard-indented",
    "content": "W. C. White was not sure that &ldquo;it was necessary to discard the name and title of president, as carried by the presiding officer of our conference.&rdquo; Nor had Ellen White at any time suggested this. He declared:",
    "puborder": 611,
    "translations": []
  },
  {
    "para_id": "675.800",
    "id_prev": "675.799",
    "id_next": "675.801",
    "refcode_1": "5BIO",
    "refcode_2": "117",
    "refcode_3": "4",
    "refcode_4": "",
    "refcode_short": "5BIO 117.4",
    "refcode_long": "Ellen G. White: The Early Elmshaven Years: 1900-1905 (vol. 5), p. 117.4 (Arthur Lacey White)",
    "element_type": "p",
    "element_subtype": "blockquote-indented",
    "content": "I have not felt that the mere changing of a name would accomplish much for our people; and it has seemed to me that if the president understood that his work was to preside, if our people understood that it was his duty to preside rather than to act as a dictator, there is no great harm to come from the continuance of a title which seems businesslike and is generally understood.&mdash;<span class=\"nol-ink\" title=\"Ibid 322.1\">Ibid., 322</span>.",
    "puborder": 612,
    "translations": []
  },
  {
    "para_id": "675.801",
    "id_prev": "675.800",
    "id_next": "675.802",
    "refcode_1": "5BIO",
    "refcode_2": "117",
    "refcode_3": "5",
    "refcode_4": "",
    "refcode_short": "5BIO 117.5",
    "refcode_long": "Ellen G. White: The Early Elmshaven Years: 1900-1905 (vol. 5), p. 117.5 (Arthur Lacey White)",
    "element_type": "p",
    "element_subtype": "standard-indented",
    "content": "He commented favorably on his observation that Elder Daniells was affixing the term <em>president</em> to his name as he did business for the General Conference. As to A. T. Jones, his attitudes changed considerably when three weeks later he himself was elected president of the large California Conference.",
    "puborder": 613,
    "translations": []
  },
  {
    "para_id": "675.802",
    "id_prev": "675.801",
    "id_next": "675.804",
    "refcode_1": "5BIO",
    "refcode_2": "117",
    "refcode_3": "6",
    "refcode_4": "",
    "refcode_short": "5BIO 117.6",
    "refcode_long": "Ellen G. White: The Early Elmshaven Years: 1900-1905 (vol. 5), p. 117.6 (Arthur Lacey White)",
    "element_type": "p",
    "element_subtype": "standard-indented",
    "content": "Seven times Ellen White spoke to the people in Waitsburg, including one address through an interpreter to the German believers. This reminded her of her work in Europe.",
    "puborder": 614,
    "translations": []
  },
  {
    "para_id": "675.804",
    "id_prev": "675.802",
    "id_next": "675.806",
    "refcode_1": "5BIO",
    "refcode_2": "118",
    "refcode_3": "1",
    "refcode_4": "",
    "refcode_short": "5BIO 118.1",
    "refcode_long": "Ellen G. White: The Early Elmshaven Years: 1900-1905 (vol. 5), p. 118.1 (Arthur Lacey White)",
    "element_type": "p",
    "element_subtype": "standard-indented",
    "content": "Taking a look at Walla Walla College, established while she was in Australia, she was pleased with the location. At the Portland camp meeting she filled a number of speaking appointments. When she finally reached home on Tuesday, May 28, she recorded that on the twenty-three-day journey home she had spoken twenty-three times and had traveled three thousand miles, and she recounted: &ldquo;At every place I visited there was writing that must be done for that place.&rdquo;&mdash;<span class=\"egwlink egwlink_book\" title=\"Lt 213, 1901\" data-link=\"14066.7889001\">Letter 213, 1901</span>.",
    "puborder": 615,
    "translations": []
  }
]