[
  {
    "para_id": "675.3201",
    "id_prev": "675.3198",
    "id_next": "675.3202",
    "refcode_1": "5BIO",
    "refcode_2": "427",
    "refcode_3": "",
    "refcode_4": "138",
    "refcode_short": "5BIO 427",
    "refcode_long": "Ellen G. White: The Early Elmshaven Years: 1900-1905 (vol. 5), p. 427 (Arthur Lacey White)",
    "element_type": "h4",
    "element_subtype": "",
    "content": "Truths Received Under the Demonstration of the Holy Spirit",
    "puborder": 2507,
    "translations": []
  },
  {
    "para_id": "675.3202",
    "id_prev": "675.3201",
    "id_next": "675.3203",
    "refcode_1": "5BIO",
    "refcode_2": "427",
    "refcode_3": "1",
    "refcode_4": "",
    "refcode_short": "5BIO 427.1",
    "refcode_long": "Ellen G. White: The Early Elmshaven Years: 1900-1905 (vol. 5), p. 427.1 (Arthur Lacey White)",
    "element_type": "p",
    "element_subtype": "standard-indented",
    "content": "Elmshaven, January 30, 1906 the truths given us after the passing of the time in 1844 are just as certain and unchangeable as when the Lord gave them to us in answer to our urgent prayers. The visions that the Lord have given me are so remarkable that we know that what we have accepted is the truth. This was demonstrated by the holy spirit. Light, precious light from God, established the main points of our faith as we hold them today. And these truths are to be kept before the mind....",
    "puborder": 2508,
    "translations": []
  },
  {
    "para_id": "675.3203",
    "id_prev": "675.3202",
    "id_next": "675.3204",
    "refcode_1": "5BIO",
    "refcode_2": "427",
    "refcode_3": "2",
    "refcode_4": "",
    "refcode_short": "5BIO 427.2",
    "refcode_long": "Ellen G. White: The Early Elmshaven Years: 1900-1905 (vol. 5), p. 427.2 (Arthur Lacey White)",
    "element_type": "p",
    "element_subtype": "standard-indented",
    "content": "We are in conflict with the errors and delusions that have to be swept away from the minds of those who have not acted upon the light they already have. Bible truth is our only safety. I know and understand that we are to be established in the faith, in the light of the truth given us in our early experience....",
    "puborder": 2509,
    "translations": []
  },
  {
    "para_id": "675.3204",
    "id_prev": "675.3203",
    "id_next": "675.3205",
    "refcode_1": "5BIO",
    "refcode_2": "427",
    "refcode_3": "3",
    "refcode_4": "",
    "refcode_short": "5BIO 427.3",
    "refcode_long": "Ellen G. White: The Early Elmshaven Years: 1900-1905 (vol. 5), p. 427.3 (Arthur Lacey White)",
    "element_type": "p",
    "element_subtype": "standard-indented",
    "content": "We accepted the truth point by point, under the demonstration of the Holy Spirit. I would be taken off in vision, and explanations would be given me. I was given illustrations of heavenly things and of the sanctuary, so that we were placed where light was shining on us in clear, distinct rays.",
    "puborder": 2510,
    "translations": []
  },
  {
    "para_id": "675.3205",
    "id_prev": "675.3204",
    "id_next": "675.3206",
    "refcode_1": "5BIO",
    "refcode_2": "427",
    "refcode_3": "4",
    "refcode_4": "",
    "refcode_short": "5BIO 427.4",
    "refcode_long": "Ellen G. White: The Early Elmshaven Years: 1900-1905 (vol. 5), p. 427.4 (Arthur Lacey White)",
    "element_type": "p",
    "element_subtype": "standard-indented",
    "content": "All these truths are immortalized in my writings. The Lord never denies his word. Men may get up scheme after scheme, and the enemy will seek to seduce souls from the truth, but all who believe that the Lord has spoken through Sister White, and has given her a message, will be safe from the many delusions that will come in these last days.",
    "puborder": 2511,
    "translations": []
  },
  {
    "para_id": "675.3206",
    "id_prev": "675.3205",
    "id_next": "675.3207",
    "refcode_1": "5BIO",
    "refcode_2": "427",
    "refcode_3": "5",
    "refcode_4": "",
    "refcode_short": "5BIO 427.5",
    "refcode_long": "Ellen G. White: The Early Elmshaven Years: 1900-1905 (vol. 5), p. 427.5 (Arthur Lacey White)",
    "element_type": "p",
    "element_subtype": "standard-indented",
    "content": "We have had a plain and decided testimony to bear for half a century. <em>The positions taken in my books are truth. The truth was revealed to us by the holy spirit</em>, and we know that brother Ballenger&apos;s position is not according to the word of God. His theory is a deceiving theory, and he misapplies scriptures. Theories of the kind that he has been presenting, we have had to meet again and again.",
    "puborder": 2512,
    "translations": []
  },
  {
    "para_id": "675.3207",
    "id_prev": "675.3206",
    "id_next": "675.3210",
    "refcode_1": "5BIO",
    "refcode_2": "427",
    "refcode_3": "6",
    "refcode_4": "",
    "refcode_short": "5BIO 427.6",
    "refcode_long": "Ellen G. White: The Early Elmshaven Years: 1900-1905 (vol. 5), p. 427.6 (Arthur Lacey White)",
    "element_type": "p",
    "element_subtype": "standard-indented",
    "content": "I am thankful that <em>the instruction contained in my books establishes</em> <span class=\"page-break\" data-page=\"428\"></span> <em>Present Truth for this Time</em>. These books were written under the demonstration of the holy spirit. I praise the Lord with heart and soul and voice, and I pray that he will lead into all truth those who will be led. I praise him that he has so wonderfully spared my life up to this time, to bear the same message upon the important points of our faith that I have borne for half a century.&mdash;<span class=\"egwlink egwlink_book\" title=\"Lt 50, 1906\" data-link=\"14071.8472001\">Letter 50, 1906</span> (<span class=\"egwlink egwlink_book\" title=\"GW 302.1\" data-link=\"35.1552\">Gospel Workers, 302</span>). (Italics supplied.)",
    "puborder": 2513,
    "translations": []
  }
]