[
  {
    "para_id": "307.92",
    "id_prev": "307.91",
    "id_next": "307.93",
    "refcode_1": "SpTB10",
    "refcode_2": "22",
    "refcode_3": "",
    "refcode_4": "5",
    "refcode_short": "SpTB10 22",
    "refcode_long": "Jehovah Is Our King, p. 22 (Ellen Gould White)",
    "element_type": "h4",
    "element_subtype": "",
    "content": "Development According to Law",
    "puborder": 61,
    "translations": []
  },
  {
    "para_id": "307.93",
    "id_prev": "307.92",
    "id_next": "307.94",
    "refcode_1": "SpTB10",
    "refcode_2": "22",
    "refcode_3": "2",
    "refcode_4": "",
    "refcode_short": "SpTB10 22.2",
    "refcode_long": "Jehovah Is Our King, p. 22.2 (Ellen Gould White)",
    "element_type": "p",
    "element_subtype": "standard-indented",
    "content": "There are great laws that govern the world of nature, and spiritual things are controlled by principles equally certain. The means for an end must be employed, if the desired results are to be attained. God has appointed to every man his work according to his ability. It is by education and practise that persons are to be qualified to meet any emergency which may arise, and wise planning is needed to place each one in his proper sphere, that he may obtain an experience that will fit him to bear responsibility.",
    "puborder": 62,
    "translations": []
  },
  {
    "para_id": "307.94",
    "id_prev": "307.93",
    "id_next": "307.97",
    "refcode_1": "SpTB10",
    "refcode_2": "22",
    "refcode_3": "3",
    "refcode_4": "",
    "refcode_short": "SpTB10 22.3",
    "refcode_long": "Jehovah Is Our King, p. 22.3 (Ellen Gould White)",
    "element_type": "p",
    "element_subtype": "standard-indented",
    "content": "But while education, training, and the counsel of those of experience are all essential, the workers are to <span class=\"page-break\" data-page=\"23\"></span> be taught that they are not to rely wholly upon any man&apos;s judgment. As God&apos;s free agents, all should ask wisdom of Him. When the learner depends wholly upon another&apos;s thoughts, accepting his plans, and going no farther, he sees only through that man&apos;s eyes, and is, so far, only an echo of another.",
    "puborder": 63,
    "translations": []
  },
  {
    "para_id": "307.97",
    "id_prev": "307.94",
    "id_next": "307.98",
    "refcode_1": "SpTB10",
    "refcode_2": "23",
    "refcode_3": "1",
    "refcode_4": "",
    "refcode_short": "SpTB10 23.1",
    "refcode_long": "Jehovah Is Our King, p. 23.1 (Ellen Gould White)",
    "element_type": "p",
    "element_subtype": "standard-indented",
    "content": "God deals with men as responsible beings. He will work by His Spirit through the mind He has put in man, if man will only give Him a chance to work, and will recognize His dealings. He designs that each shall use his mind and conscience for himself. He does not intend that one man shall become the shadow of another, uttering only another&apos;s sentiments.",
    "puborder": 64,
    "translations": []
  }
]