[
  {
    "para_id": "2778.6107",
    "id_prev": "2778.6106",
    "id_next": "2778.6108",
    "refcode_1": "EGWSI",
    "refcode_2": "2Chronicles",
    "refcode_3": "9",
    "refcode_4": "0",
    "refcode_short": "EGWSI, 2Chronicles 9",
    "refcode_long": "EGW Index, vols. 1-4 (Scripture Index), 2Chronicles 9",
    "element_type": "h3",
    "element_subtype": "",
    "content": "2Chronicles 9",
    "puborder": 6107,
    "translations": []
  },
  {
    "para_id": "2778.6108",
    "id_prev": "2778.6107",
    "id_next": "2778.6109",
    "refcode_1": "EGWSI",
    "refcode_2": "2Chronicles",
    "refcode_3": "9",
    "refcode_4": "1, 2, 3, 4, 5, 6, 7, 8",
    "refcode_short": "EGWSI, 2Chronicles 9:1-8",
    "refcode_long": "EGW Index, vols. 1-4 (Scripture Index), 2Chronicles 9:1-8",
    "element_type": "h4",
    "element_subtype": "",
    "content": "1 - 8",
    "puborder": 6108,
    "translations": []
  },
  {
    "para_id": "2778.6109",
    "id_prev": "2778.6108",
    "id_next": "2778.6110",
    "refcode_1": "EGWSI",
    "refcode_2": "2Chronicles",
    "refcode_3": "9",
    "refcode_4": "1, 2, 3, 4, 5, 6, 7, 8",
    "refcode_short": "EGWSI, 2Chronicles 9:1-8",
    "refcode_long": "EGW Index, vols. 1-4 (Scripture Index), 2Chronicles 9:1-8",
    "element_type": "p",
    "element_subtype": "standard-noindent",
    "content": "<span class=\"egwlink egwlink_book\" title=\"Ed 48.0\" data-link=\"29.193\">Ed 48</span>",
    "puborder": 6109,
    "translations": []
  },
  {
    "para_id": "2778.6110",
    "id_prev": "2778.6109",
    "id_next": "2778.6111",
    "refcode_1": "EGWSI",
    "refcode_2": "2Chronicles",
    "refcode_3": "9",
    "refcode_4": "1, 2, 3, 4, 5, 6, 7, 8, 9, 10, 11, 12",
    "refcode_short": "EGWSI, 2Chronicles 9:1-12",
    "refcode_long": "EGW Index, vols. 1-4 (Scripture Index), 2Chronicles 9:1-12",
    "element_type": "h4",
    "element_subtype": "",
    "content": "1 - 12",
    "puborder": 6110,
    "translations": []
  },
  {
    "para_id": "2778.6111",
    "id_prev": "2778.6110",
    "id_next": "2778.6112",
    "refcode_1": "EGWSI",
    "refcode_2": "2Chronicles",
    "refcode_3": "9",
    "refcode_4": "1, 2, 3, 4, 5, 6, 7, 8, 9, 10, 11, 12",
    "refcode_short": "EGWSI, 2Chronicles 9:1-12",
    "refcode_long": "EGW Index, vols. 1-4 (Scripture Index), 2Chronicles 9:1-12",
    "element_type": "p",
    "element_subtype": "standard-noindent",
    "content": "<span class=\"egwlink egwlink_book\" title=\"PK 66.0\" data-link=\"88.259\">PK 66-7</span>",
    "puborder": 6111,
    "translations": []
  },
  {
    "para_id": "2778.6112",
    "id_prev": "2778.6111",
    "id_next": "2778.6113",
    "refcode_1": "EGWSI",
    "refcode_2": "2Chronicles",
    "refcode_3": "9",
    "refcode_4": "4",
    "refcode_short": "EGWSI, 2Chronicles 9:4",
    "refcode_long": "EGW Index, vols. 1-4 (Scripture Index), 2Chronicles 9:4",
    "element_type": "h4",
    "element_subtype": "",
    "content": "4",
    "puborder": 6112,
    "translations": []
  },
  {
    "para_id": "2778.6113",
    "id_prev": "2778.6112",
    "id_next": "2778.6114",
    "refcode_1": "EGWSI",
    "refcode_2": "2Chronicles",
    "refcode_3": "9",
    "refcode_4": "4",
    "refcode_short": "EGWSI, 2Chronicles 9:4",
    "refcode_long": "EGW Index, vols. 1-4 (Scripture Index), 2Chronicles 9:4",
    "element_type": "p",
    "element_subtype": "standard-noindent",
    "content": "<span class=\"egwlink egwlink_book\" title=\"ML 167.0\" data-link=\"79.1252\">ML 167</span>",
    "puborder": 6113,
    "translations": []
  },
  {
    "para_id": "2778.6114",
    "id_prev": "2778.6113",
    "id_next": "2778.6115",
    "refcode_1": "EGWSI",
    "refcode_2": "2Chronicles",
    "refcode_3": "9",
    "refcode_4": "10, 11, 12, 13, 14, 15, 16, 17, 18, 19, 20, 21, 22, 23, 24, 25, 26, 27, 28, 29, 30, 31",
    "refcode_short": "EGWSI, 2Chronicles 9:10-31",
    "refcode_long": "EGW Index, vols. 1-4 (Scripture Index), 2Chronicles 9:10-31",
    "element_type": "h4",
    "element_subtype": "",
    "content": "10 - 31",
    "puborder": 6114,
    "translations": []
  },
  {
    "para_id": "2778.6115",
    "id_prev": "2778.6114",
    "id_next": "2778.6116",
    "refcode_1": "EGWSI",
    "refcode_2": "2Chronicles",
    "refcode_3": "9",
    "refcode_4": "10, 11, 12, 13, 14, 15, 16, 17, 18, 19, 20, 21, 22, 23, 24, 25, 26, 27, 28, 29, 30, 31",
    "refcode_short": "EGWSI, 2Chronicles 9:10-31",
    "refcode_long": "EGW Index, vols. 1-4 (Scripture Index), 2Chronicles 9:10-31",
    "element_type": "p",
    "element_subtype": "standard-noindent",
    "content": "<span class=\"egwlink egwlink_book\" title=\"7T 217.0\" data-link=\"117.1223\">7T 217-8</span>",
    "puborder": 6115,
    "translations": []
  },
  {
    "para_id": "2778.6116",
    "id_prev": "2778.6115",
    "id_next": "2778.6117",
    "refcode_1": "EGWSI",
    "refcode_2": "2Chronicles",
    "refcode_3": "9",
    "refcode_4": "11",
    "refcode_short": "EGWSI, 2Chronicles 9:11",
    "refcode_long": "EGW Index, vols. 1-4 (Scripture Index), 2Chronicles 9:11",
    "element_type": "h4",
    "element_subtype": "",
    "content": "11",
    "puborder": 6116,
    "translations": []
  },
  {
    "para_id": "2778.6117",
    "id_prev": "2778.6116",
    "id_next": "2778.6118",
    "refcode_1": "EGWSI",
    "refcode_2": "2Chronicles",
    "refcode_3": "9",
    "refcode_4": "11",
    "refcode_short": "EGWSI, 2Chronicles 9:11",
    "refcode_long": "EGW Index, vols. 1-4 (Scripture Index), 2Chronicles 9:11",
    "element_type": "p",
    "element_subtype": "standard-noindent",
    "content": "<span class=\"egwlink egwlink_book\" title=\"ML 167.0\" data-link=\"79.1252\">ML 167</span>",
    "puborder": 6117,
    "translations": []
  },
  {
    "para_id": "2778.6118",
    "id_prev": "2778.6117",
    "id_next": "2778.6119",
    "refcode_1": "EGWSI",
    "refcode_2": "2Chronicles",
    "refcode_3": "9",
    "refcode_4": "13, 14",
    "refcode_short": "EGWSI, 2Chronicles 9:13,14",
    "refcode_long": "EGW Index, vols. 1-4 (Scripture Index), 2Chronicles 9:13,14",
    "element_type": "h4",
    "element_subtype": "",
    "content": "13, 14",
    "puborder": 6118,
    "translations": []
  },
  {
    "para_id": "2778.6119",
    "id_prev": "2778.6118",
    "id_next": "2778.6120",
    "refcode_1": "EGWSI",
    "refcode_2": "2Chronicles",
    "refcode_3": "9",
    "refcode_4": "13, 14",
    "refcode_short": "EGWSI, 2Chronicles 9:13,14",
    "refcode_long": "EGW Index, vols. 1-4 (Scripture Index), 2Chronicles 9:13,14",
    "element_type": "p",
    "element_subtype": "standard-noindent",
    "content": "<span class=\"egwlink egwlink_book\" title=\"PK 54.0\" data-link=\"88.204\">PK 54-5</span>",
    "puborder": 6119,
    "translations": []
  },
  {
    "para_id": "2778.6120",
    "id_prev": "2778.6119",
    "id_next": "2778.6121",
    "refcode_1": "EGWSI",
    "refcode_2": "2Chronicles",
    "refcode_3": "9",
    "refcode_4": "17, 18, 19, 20, 21, 22",
    "refcode_short": "EGWSI, 2Chronicles 9:17-22",
    "refcode_long": "EGW Index, vols. 1-4 (Scripture Index), 2Chronicles 9:17-22",
    "element_type": "h4",
    "element_subtype": "",
    "content": "17 - 22",
    "puborder": 6120,
    "translations": []
  },
  {
    "para_id": "2778.6121",
    "id_prev": "2778.6120",
    "id_next": "2778.6122",
    "refcode_1": "EGWSI",
    "refcode_2": "2Chronicles",
    "refcode_3": "9",
    "refcode_4": "17, 18, 19, 20, 21, 22",
    "refcode_short": "EGWSI, 2Chronicles 9:17-22",
    "refcode_long": "EGW Index, vols. 1-4 (Scripture Index), 2Chronicles 9:17-22",
    "element_type": "p",
    "element_subtype": "standard-noindent",
    "content": "<span class=\"egwlink egwlink_book\" title=\"ML 167.0\" data-link=\"79.1252\">ML 167</span>; <span class=\"egwlink egwlink_book\" title=\"3BC 1165.0\" data-link=\"92.501\">3BC 1165</span>",
    "puborder": 6121,
    "translations": []
  },
  {
    "para_id": "2778.6122",
    "id_prev": "2778.6121",
    "id_next": "2778.6123",
    "refcode_1": "EGWSI",
    "refcode_2": "2Chronicles",
    "refcode_3": "9",
    "refcode_4": "21",
    "refcode_short": "EGWSI, 2Chronicles 9:21",
    "refcode_long": "EGW Index, vols. 1-4 (Scripture Index), 2Chronicles 9:21",
    "element_type": "h4",
    "element_subtype": "",
    "content": "21",
    "puborder": 6122,
    "translations": []
  },
  {
    "para_id": "2778.6123",
    "id_prev": "2778.6122",
    "id_next": "2778.6124",
    "refcode_1": "EGWSI",
    "refcode_2": "2Chronicles",
    "refcode_3": "9",
    "refcode_4": "21",
    "refcode_short": "EGWSI, 2Chronicles 9:21",
    "refcode_long": "EGW Index, vols. 1-4 (Scripture Index), 2Chronicles 9:21",
    "element_type": "p",
    "element_subtype": "standard-noindent",
    "content": "<span class=\"egwlink egwlink_book\" title=\"Ed 49.0\" data-link=\"29.199\">Ed 49</span>; <span class=\"egwlink egwlink_book\" title=\"RY 183.0\" data-link=\"137.986\">RY 183</span>",
    "puborder": 6123,
    "translations": []
  },
  {
    "para_id": "2778.6124",
    "id_prev": "2778.6123",
    "id_next": "2778.6125",
    "refcode_1": "EGWSI",
    "refcode_2": "2Chronicles",
    "refcode_3": "9",
    "refcode_4": "22",
    "refcode_short": "EGWSI, 2Chronicles 9:22",
    "refcode_long": "EGW Index, vols. 1-4 (Scripture Index), 2Chronicles 9:22",
    "element_type": "h4",
    "element_subtype": "",
    "content": "22",
    "puborder": 6124,
    "translations": []
  },
  {
    "para_id": "2778.6125",
    "id_prev": "2778.6124",
    "id_next": "2778.6126",
    "refcode_1": "EGWSI",
    "refcode_2": "2Chronicles",
    "refcode_3": "9",
    "refcode_4": "22",
    "refcode_short": "EGWSI, 2Chronicles 9:22",
    "refcode_long": "EGW Index, vols. 1-4 (Scripture Index), 2Chronicles 9:22",
    "element_type": "p",
    "element_subtype": "standard-noindent",
    "content": "<span class=\"egwlink egwlink_book\" title=\"CS 139.0\" data-link=\"22.820\">CS 139</span>",
    "puborder": 6125,
    "translations": []
  },
  {
    "para_id": "2778.6126",
    "id_prev": "2778.6125",
    "id_next": "2778.6127",
    "refcode_1": "EGWSI",
    "refcode_2": "2Chronicles",
    "refcode_3": "9",
    "refcode_4": "22, 23",
    "refcode_short": "EGWSI, 2Chronicles 9:22,23",
    "refcode_long": "EGW Index, vols. 1-4 (Scripture Index), 2Chronicles 9:22,23",
    "element_type": "h4",
    "element_subtype": "",
    "content": "22, 23",
    "puborder": 6126,
    "translations": []
  },
  {
    "para_id": "2778.6127",
    "id_prev": "2778.6126",
    "id_next": "2778.6128",
    "refcode_1": "EGWSI",
    "refcode_2": "2Chronicles",
    "refcode_3": "9",
    "refcode_4": "22, 23",
    "refcode_short": "EGWSI, 2Chronicles 9:22,23",
    "refcode_long": "EGW Index, vols. 1-4 (Scripture Index), 2Chronicles 9:22,23",
    "element_type": "p",
    "element_subtype": "standard-noindent",
    "content": "<span class=\"egwlink egwlink_book\" title=\"PK 47.0\" data-link=\"88.166\">PK 47</span>, <span class=\"egwlink egwlink_book\" title=\"PK 51.0\" data-link=\"88.190\">51</span>, <span class=\"egwlink egwlink_book\" title=\"PK 67.0\" data-link=\"88.265\">67-8</span>; <span class=\"egwlink egwlink_book\" title=\"3BC 1131.0\" data-link=\"92.63\">3BC 1131</span>",
    "puborder": 6127,
    "translations": []
  },
  {
    "para_id": "2778.6128",
    "id_prev": "2778.6127",
    "id_next": "2778.6129",
    "refcode_1": "EGWSI",
    "refcode_2": "2Chronicles",
    "refcode_3": "9",
    "refcode_4": "26",
    "refcode_short": "EGWSI, 2Chronicles 9:26",
    "refcode_long": "EGW Index, vols. 1-4 (Scripture Index), 2Chronicles 9:26",
    "element_type": "h4",
    "element_subtype": "",
    "content": "26",
    "puborder": 6128,
    "translations": []
  },
  {
    "para_id": "2778.6129",
    "id_prev": "2778.6128",
    "id_next": "2778.6130",
    "refcode_1": "EGWSI",
    "refcode_2": "2Chronicles",
    "refcode_3": "9",
    "refcode_4": "26",
    "refcode_short": "EGWSI, 2Chronicles 9:26",
    "refcode_long": "EGW Index, vols. 1-4 (Scripture Index), 2Chronicles 9:26",
    "element_type": "p",
    "element_subtype": "standard-noindent",
    "content": "<span class=\"egwlink egwlink_book\" title=\"PK 70.0\" data-link=\"88.278\">PK 70</span>",
    "puborder": 6129,
    "translations": []
  },
  {
    "para_id": "2778.6130",
    "id_prev": "2778.6129",
    "id_next": "2778.6131",
    "refcode_1": "EGWSI",
    "refcode_2": "2Chronicles",
    "refcode_3": "9",
    "refcode_4": "28",
    "refcode_short": "EGWSI, 2Chronicles 9:28",
    "refcode_long": "EGW Index, vols. 1-4 (Scripture Index), 2Chronicles 9:28",
    "element_type": "h4",
    "element_subtype": "",
    "content": "28",
    "puborder": 6130,
    "translations": []
  },
  {
    "para_id": "2778.6131",
    "id_prev": "2778.6130",
    "id_next": "2778.6132",
    "refcode_1": "EGWSI",
    "refcode_2": "2Chronicles",
    "refcode_3": "9",
    "refcode_4": "28",
    "refcode_short": "EGWSI, 2Chronicles 9:28",
    "refcode_long": "EGW Index, vols. 1-4 (Scripture Index), 2Chronicles 9:28",
    "element_type": "p",
    "element_subtype": "standard-noindent",
    "content": "<span class=\"egwlink egwlink_book\" title=\"PK 56.0\" data-link=\"88.212\">PK 56</span>",
    "puborder": 6131,
    "translations": []
  }
]