[
  {
    "para_id": "2778.5207",
    "id_prev": "2778.5206",
    "id_next": "2778.5208",
    "refcode_1": "EGWSI",
    "refcode_2": "1Kings",
    "refcode_3": "6",
    "refcode_4": "0",
    "refcode_short": "EGWSI, 1Kings 6",
    "refcode_long": "EGW Index, vols. 1-4 (Scripture Index), 1Kings 6",
    "element_type": "h3",
    "element_subtype": "",
    "content": "1Kings 6",
    "puborder": 5207,
    "translations": []
  },
  {
    "para_id": "2778.5208",
    "id_prev": "2778.5207",
    "id_next": "2778.5209",
    "refcode_1": "EGWSI",
    "refcode_2": "1Kings",
    "refcode_3": "6",
    "refcode_4": "0",
    "refcode_short": "EGWSI, 1Kings 6",
    "refcode_long": "EGW Index, vols. 1-4 (Scripture Index), 1Kings 6",
    "element_type": "p",
    "element_subtype": "standard-noindent",
    "content": "<span class=\"egwlink egwlink_book\" title=\"GC 23.0\" data-link=\"132.95\">GC 23</span>",
    "puborder": 5208,
    "translations": []
  },
  {
    "para_id": "2778.5209",
    "id_prev": "2778.5208",
    "id_next": "2778.5210",
    "refcode_1": "EGWSI",
    "refcode_2": "1Kings",
    "refcode_3": "6",
    "refcode_4": "1, 2",
    "refcode_short": "EGWSI, 1Kings 6:1,2",
    "refcode_long": "EGW Index, vols. 1-4 (Scripture Index), 1Kings 6:1,2",
    "element_type": "h4",
    "element_subtype": "",
    "content": "1, 2",
    "puborder": 5209,
    "translations": []
  },
  {
    "para_id": "2778.5210",
    "id_prev": "2778.5209",
    "id_next": "2778.5211",
    "refcode_1": "EGWSI",
    "refcode_2": "1Kings",
    "refcode_3": "6",
    "refcode_4": "1, 2",
    "refcode_short": "EGWSI, 1Kings 6:1,2",
    "refcode_long": "EGW Index, vols. 1-4 (Scripture Index), 1Kings 6:1,2",
    "element_type": "p",
    "element_subtype": "standard-noindent",
    "content": "<span class=\"egwlink egwlink_book\" title=\"GC 412.0\" data-link=\"132.1865\">GC 412</span>; <span class=\"egwlink egwlink_book\" title=\"PK 35.0\" data-link=\"88.120\">PK 35</span>",
    "puborder": 5210,
    "translations": []
  },
  {
    "para_id": "2778.5211",
    "id_prev": "2778.5210",
    "id_next": "2778.5212",
    "refcode_1": "EGWSI",
    "refcode_2": "1Kings",
    "refcode_3": "6",
    "refcode_4": "7",
    "refcode_short": "EGWSI, 1Kings 6:7",
    "refcode_long": "EGW Index, vols. 1-4 (Scripture Index), 1Kings 6:7",
    "element_type": "h4",
    "element_subtype": "",
    "content": "7",
    "puborder": 5211,
    "translations": []
  },
  {
    "para_id": "2778.5212",
    "id_prev": "2778.5211",
    "id_next": "2778.5213",
    "refcode_1": "EGWSI",
    "refcode_2": "1Kings",
    "refcode_3": "6",
    "refcode_4": "7",
    "refcode_short": "EGWSI, 1Kings 6:7",
    "refcode_long": "EGW Index, vols. 1-4 (Scripture Index), 1Kings 6:7",
    "element_type": "p",
    "element_subtype": "standard-noindent",
    "content": "<strong><span class=\"egwlink egwlink_book\" title=\"DA 598.0\" data-link=\"130.2924\">DA 598</span>;</strong> <span class=\"egwlink egwlink_book\" title=\"PK 35.0\" data-link=\"88.120\">PK 35-6</span>; <span class=\"egwlink egwlink_book\" title=\"2BC 1029.0\" data-link=\"91.413\">2BC 1029</span>; <span class=\"egwlink egwlink_book\" title=\"4aSG 155.0\" data-link=\"107.711\">4aSG 155</span>; <span class=\"egwlink egwlink_book\" title=\"2T 430.0\" data-link=\"120.1864\">2T 430</span>; <span class=\"egwlink egwlink_book\" title=\"4T 258.0\" data-link=\"114.1308\">4T 258</span>; <strong><span class=\"egwlink egwlink_book\" title=\"9T 180.0\" data-link=\"115.1004\">9T 180</span>;</strong> <span class=\"egwlink egwlink_book\" title=\"TMK 151.5\" data-link=\"126.988\">TMK 151.5</span>; <span class=\"egwlink egwlink_book\" title=\"UL 373.3\" data-link=\"147.2903\">UL 373.3</span>",
    "puborder": 5212,
    "translations": []
  },
  {
    "para_id": "2778.5213",
    "id_prev": "2778.5212",
    "id_next": "2778.5214",
    "refcode_1": "EGWSI",
    "refcode_2": "1Kings",
    "refcode_3": "6",
    "refcode_4": "11, 12, 13",
    "refcode_short": "EGWSI, 1Kings 6:11-13",
    "refcode_long": "EGW Index, vols. 1-4 (Scripture Index), 1Kings 6:11-13",
    "element_type": "h4",
    "element_subtype": "",
    "content": "11 - 13",
    "puborder": 5213,
    "translations": []
  },
  {
    "para_id": "2778.5214",
    "id_prev": "2778.5213",
    "id_next": "2778.5215",
    "refcode_1": "EGWSI",
    "refcode_2": "1Kings",
    "refcode_3": "6",
    "refcode_4": "11, 12, 13",
    "refcode_short": "EGWSI, 1Kings 6:11-13",
    "refcode_long": "EGW Index, vols. 1-4 (Scripture Index), 1Kings 6:11-13",
    "element_type": "p",
    "element_subtype": "standard-noindent",
    "content": "<span class=\"egwlink egwlink_book\" title=\"2BC 1029.0\" data-link=\"91.413\">2BC 1029-30</span>",
    "puborder": 5214,
    "translations": []
  },
  {
    "para_id": "2778.5215",
    "id_prev": "2778.5214",
    "id_next": "2778.5216",
    "refcode_1": "EGWSI",
    "refcode_2": "1Kings",
    "refcode_3": "6",
    "refcode_4": "20, 21, 22",
    "refcode_short": "EGWSI, 1Kings 6:20-22",
    "refcode_long": "EGW Index, vols. 1-4 (Scripture Index), 1Kings 6:20-22",
    "element_type": "h4",
    "element_subtype": "",
    "content": "20 - 22",
    "puborder": 5215,
    "translations": []
  },
  {
    "para_id": "2778.5216",
    "id_prev": "2778.5215",
    "id_next": "2778.5217",
    "refcode_1": "EGWSI",
    "refcode_2": "1Kings",
    "refcode_3": "6",
    "refcode_4": "20, 21, 22",
    "refcode_short": "EGWSI, 1Kings 6:20-22",
    "refcode_long": "EGW Index, vols. 1-4 (Scripture Index), 1Kings 6:20-22",
    "element_type": "p",
    "element_subtype": "standard-noindent",
    "content": "<span class=\"egwlink egwlink_book\" title=\"LS 113.0\" data-link=\"41.610\">LS 113-4</span>; <span class=\"egwlink egwlink_book\" title=\"2SG 100.0\" data-link=\"105.364\">2SG 100</span>",
    "puborder": 5216,
    "translations": []
  },
  {
    "para_id": "2778.5217",
    "id_prev": "2778.5216",
    "id_next": "2778.5218",
    "refcode_1": "EGWSI",
    "refcode_2": "1Kings",
    "refcode_3": "6",
    "refcode_4": "23, 24, 25, 26, 27, 28",
    "refcode_short": "EGWSI, 1Kings 6:23-28",
    "refcode_long": "EGW Index, vols. 1-4 (Scripture Index), 1Kings 6:23-28",
    "element_type": "h4",
    "element_subtype": "",
    "content": "23 - 28",
    "puborder": 5217,
    "translations": []
  },
  {
    "para_id": "2778.5218",
    "id_prev": "2778.5217",
    "id_next": "2778.5219",
    "refcode_1": "EGWSI",
    "refcode_2": "1Kings",
    "refcode_3": "6",
    "refcode_4": "23, 24, 25, 26, 27, 28",
    "refcode_short": "EGWSI, 1Kings 6:23-28",
    "refcode_long": "EGW Index, vols. 1-4 (Scripture Index), 1Kings 6:23-28",
    "element_type": "p",
    "element_subtype": "standard-noindent",
    "content": "<span class=\"egwlink egwlink_book\" title=\"2BC 1030.0\" data-link=\"91.423\">2BC 1030</span>; <span class=\"egwlink egwlink_book\" title=\"4aSG 113.0\" data-link=\"107.516\">4aSG 113-4</span>; <span class=\"egwlink egwlink_book\" title=\"SR 194.0\" data-link=\"145.914\">SR 194</span>",
    "puborder": 5218,
    "translations": []
  },
  {
    "para_id": "2778.5219",
    "id_prev": "2778.5218",
    "id_next": "2778.5220",
    "refcode_1": "EGWSI",
    "refcode_2": "1Kings",
    "refcode_3": "6",
    "refcode_4": "37, 38",
    "refcode_short": "EGWSI, 1Kings 6:37,38",
    "refcode_long": "EGW Index, vols. 1-4 (Scripture Index), 1Kings 6:37,38",
    "element_type": "h4",
    "element_subtype": "",
    "content": "37, 38",
    "puborder": 5219,
    "translations": []
  },
  {
    "para_id": "2778.5220",
    "id_prev": "2778.5219",
    "id_next": "2778.5221",
    "refcode_1": "EGWSI",
    "refcode_2": "1Kings",
    "refcode_3": "6",
    "refcode_4": "37, 38",
    "refcode_short": "EGWSI, 1Kings 6:37,38",
    "refcode_long": "EGW Index, vols. 1-4 (Scripture Index), 1Kings 6:37,38",
    "element_type": "p",
    "element_subtype": "standard-noindent",
    "content": "<span class=\"egwlink egwlink_book\" title=\"GC 412.0\" data-link=\"132.1865\">GC 412</span>; <span class=\"egwlink egwlink_book\" title=\"PK 35.0\" data-link=\"88.120\">PK 35</span>",
    "puborder": 5220,
    "translations": []
  }
]