[
  {
    "para_id": "2778.6928",
    "id_prev": "2778.6927",
    "id_next": "2778.6929",
    "refcode_1": "EGWSI",
    "refcode_2": "Job",
    "refcode_3": "28",
    "refcode_4": "0",
    "refcode_short": "EGWSI, Job 28",
    "refcode_long": "EGW Index, vols. 1-4 (Scripture Index), Job 28",
    "element_type": "h3",
    "element_subtype": "",
    "content": "Job 28",
    "puborder": 6928,
    "translations": []
  },
  {
    "para_id": "2778.6929",
    "id_prev": "2778.6928",
    "id_next": "2778.6930",
    "refcode_1": "EGWSI",
    "refcode_2": "Job",
    "refcode_3": "28",
    "refcode_4": "10",
    "refcode_short": "EGWSI, Job 28:10",
    "refcode_long": "EGW Index, vols. 1-4 (Scripture Index), Job 28:10",
    "element_type": "h4",
    "element_subtype": "",
    "content": "10",
    "puborder": 6929,
    "translations": []
  },
  {
    "para_id": "2778.6930",
    "id_prev": "2778.6929",
    "id_next": "2778.6931",
    "refcode_1": "EGWSI",
    "refcode_2": "Job",
    "refcode_3": "28",
    "refcode_4": "10",
    "refcode_short": "EGWSI, Job 28:10",
    "refcode_long": "EGW Index, vols. 1-4 (Scripture Index), Job 28:10",
    "element_type": "p",
    "element_subtype": "standard-noindent",
    "content": "<span class=\"egwlink egwlink_book\" title=\"PK 265.0\" data-link=\"88.1165\">PK 265</span>",
    "puborder": 6930,
    "translations": []
  },
  {
    "para_id": "2778.6931",
    "id_prev": "2778.6930",
    "id_next": "2778.6932",
    "refcode_1": "EGWSI",
    "refcode_2": "Job",
    "refcode_3": "28",
    "refcode_4": "12, 13, 14, 15, 16, 17, 18, 19, 20, 21, 22, 23, 24, 25, 26, 27, 28",
    "refcode_short": "EGWSI, Job 28:12-28",
    "refcode_long": "EGW Index, vols. 1-4 (Scripture Index), Job 28:12-28",
    "element_type": "h4",
    "element_subtype": "",
    "content": "12 - 28",
    "puborder": 6931,
    "translations": []
  },
  {
    "para_id": "2778.6932",
    "id_prev": "2778.6931",
    "id_next": "2778.6933",
    "refcode_1": "EGWSI",
    "refcode_2": "Job",
    "refcode_3": "28",
    "refcode_4": "12, 13, 14, 15, 16, 17, 18, 19, 20, 21, 22, 23, 24, 25, 26, 27, 28",
    "refcode_short": "EGWSI, Job 28:12-28",
    "refcode_long": "EGW Index, vols. 1-4 (Scripture Index), Job 28:12-28",
    "element_type": "p",
    "element_subtype": "standard-noindent",
    "content": "<span class=\"egwlink egwlink_book\" title=\"MH 430.0\" data-link=\"135.2231\">MH 430</span>; <span class=\"egwlink egwlink_book\" title=\"8T 280.0\" data-link=\"112.1656\">8T 280</span>",
    "puborder": 6932,
    "translations": []
  },
  {
    "para_id": "2778.6933",
    "id_prev": "2778.6932",
    "id_next": "2778.6934",
    "refcode_1": "EGWSI",
    "refcode_2": "Job",
    "refcode_3": "28",
    "refcode_4": "14, 15, 16, 17, 18",
    "refcode_short": "EGWSI, Job 28:14-18",
    "refcode_long": "EGW Index, vols. 1-4 (Scripture Index), Job 28:14-18",
    "element_type": "h4",
    "element_subtype": "",
    "content": "14 - 18",
    "puborder": 6933,
    "translations": []
  },
  {
    "para_id": "2778.6934",
    "id_prev": "2778.6933",
    "id_next": "2778.6935",
    "refcode_1": "EGWSI",
    "refcode_2": "Job",
    "refcode_3": "28",
    "refcode_4": "14, 15, 16, 17, 18",
    "refcode_short": "EGWSI, Job 28:14-18",
    "refcode_long": "EGW Index, vols. 1-4 (Scripture Index), Job 28:14-18",
    "element_type": "p",
    "element_subtype": "standard-noindent",
    "content": "<span class=\"egwlink egwlink_book\" title=\"COL 107.0\" data-link=\"15.417\">COL 107</span>",
    "puborder": 6934,
    "translations": []
  },
  {
    "para_id": "2778.6935",
    "id_prev": "2778.6934",
    "id_next": "2778.6936",
    "refcode_1": "EGWSI",
    "refcode_2": "Job",
    "refcode_3": "28",
    "refcode_4": "15, 16",
    "refcode_short": "EGWSI, Job 28:15,16",
    "refcode_long": "EGW Index, vols. 1-4 (Scripture Index), Job 28:15,16",
    "element_type": "h4",
    "element_subtype": "",
    "content": "15, 16",
    "puborder": 6935,
    "translations": []
  },
  {
    "para_id": "2778.6936",
    "id_prev": "2778.6935",
    "id_next": "2778.6937",
    "refcode_1": "EGWSI",
    "refcode_2": "Job",
    "refcode_3": "28",
    "refcode_4": "15, 16",
    "refcode_short": "EGWSI, Job 28:15,16",
    "refcode_long": "EGW Index, vols. 1-4 (Scripture Index), Job 28:15,16",
    "element_type": "p",
    "element_subtype": "standard-noindent",
    "content": "<span class=\"egwlink egwlink_book\" title=\"5T 544.0\" data-link=\"113.2664\">5T 544</span>",
    "puborder": 6936,
    "translations": []
  },
  {
    "para_id": "2778.6937",
    "id_prev": "2778.6936",
    "id_next": "2778.6938",
    "refcode_1": "EGWSI",
    "refcode_2": "Job",
    "refcode_3": "28",
    "refcode_4": "15, 16, 17, 18",
    "refcode_short": "EGWSI, Job 28:15-18",
    "refcode_long": "EGW Index, vols. 1-4 (Scripture Index), Job 28:15-18",
    "element_type": "h4",
    "element_subtype": "",
    "content": "15 - 18",
    "puborder": 6937,
    "translations": []
  },
  {
    "para_id": "2778.6938",
    "id_prev": "2778.6937",
    "id_next": "2778.6939",
    "refcode_1": "EGWSI",
    "refcode_2": "Job",
    "refcode_3": "28",
    "refcode_4": "15, 16, 17, 18",
    "refcode_short": "EGWSI, Job 28:15-18",
    "refcode_long": "EGW Index, vols. 1-4 (Scripture Index), Job 28:15-18",
    "element_type": "p",
    "element_subtype": "standard-noindent",
    "content": "<span class=\"egwlink egwlink_book\" title=\"Ed 18.0\" data-link=\"29.54\">Ed 18</span>",
    "puborder": 6938,
    "translations": []
  },
  {
    "para_id": "2778.6939",
    "id_prev": "2778.6938",
    "id_next": "2778.6940",
    "refcode_1": "EGWSI",
    "refcode_2": "Job",
    "refcode_3": "28",
    "refcode_4": "18",
    "refcode_short": "EGWSI, Job 28:18",
    "refcode_long": "EGW Index, vols. 1-4 (Scripture Index), Job 28:18",
    "element_type": "h4",
    "element_subtype": "",
    "content": "18",
    "puborder": 6939,
    "translations": []
  },
  {
    "para_id": "2778.6940",
    "id_prev": "2778.6939",
    "id_next": "2778.6941",
    "refcode_1": "EGWSI",
    "refcode_2": "Job",
    "refcode_3": "28",
    "refcode_4": "18",
    "refcode_short": "EGWSI, Job 28:18",
    "refcode_long": "EGW Index, vols. 1-4 (Scripture Index), Job 28:18",
    "element_type": "p",
    "element_subtype": "standard-noindent",
    "content": "<span class=\"egwlink egwlink_book\" title=\"Mar 223.1\" data-link=\"74.1623\">Mar 223.1</span>; <span class=\"egwlink egwlink_book\" title=\"TDG 169.4\" data-link=\"149.1249\">TDG 169.4</span>",
    "puborder": 6940,
    "translations": []
  },
  {
    "para_id": "2778.6941",
    "id_prev": "2778.6940",
    "id_next": "2778.6942",
    "refcode_1": "EGWSI",
    "refcode_2": "Job",
    "refcode_3": "28",
    "refcode_4": "24",
    "refcode_short": "EGWSI, Job 28:24",
    "refcode_long": "EGW Index, vols. 1-4 (Scripture Index), Job 28:24",
    "element_type": "h4",
    "element_subtype": "",
    "content": "24",
    "puborder": 6941,
    "translations": []
  },
  {
    "para_id": "2778.6942",
    "id_prev": "2778.6941",
    "id_next": "2778.6943",
    "refcode_1": "EGWSI",
    "refcode_2": "Job",
    "refcode_3": "28",
    "refcode_4": "24",
    "refcode_short": "EGWSI, Job 28:24",
    "refcode_long": "EGW Index, vols. 1-4 (Scripture Index), Job 28:24",
    "element_type": "p",
    "element_subtype": "standard-noindent",
    "content": "<span class=\"egwlink egwlink_book\" title=\"LHU 323.2\" data-link=\"44.2515\">LHU 323.2</span>; <span class=\"egwlink egwlink_book\" title=\"1MCP 316.1\" data-link=\"77.1639\">1MCP 316.1</span>",
    "puborder": 6942,
    "translations": []
  },
  {
    "para_id": "2778.6943",
    "id_prev": "2778.6942",
    "id_next": "2778.6944",
    "refcode_1": "EGWSI",
    "refcode_2": "Job",
    "refcode_3": "28",
    "refcode_4": "28",
    "refcode_short": "EGWSI, Job 28:28",
    "refcode_long": "EGW Index, vols. 1-4 (Scripture Index), Job 28:28",
    "element_type": "h4",
    "element_subtype": "",
    "content": "28",
    "puborder": 6943,
    "translations": []
  },
  {
    "para_id": "2778.6944",
    "id_prev": "2778.6943",
    "id_next": "2778.6945",
    "refcode_1": "EGWSI",
    "refcode_2": "Job",
    "refcode_3": "28",
    "refcode_4": "28",
    "refcode_short": "EGWSI, Job 28:28",
    "refcode_long": "EGW Index, vols. 1-4 (Scripture Index), Job 28:28",
    "element_type": "p",
    "element_subtype": "standard-noindent",
    "content": "<span class=\"egwlink egwlink_book\" title=\"CC 78.1\" data-link=\"17.583\">CC 78.1</span>; <span class=\"egwlink egwlink_book\" title=\"CD 29.0\" data-link=\"384.215\">CD 29</span>; <span class=\"egwlink egwlink_book\" title=\"DA 89.0\" data-link=\"130.339\">DA 89</span>; <span class=\"egwlink egwlink_book\" title=\"PP 222.0\" data-link=\"84.938\">PP 222</span>; <span class=\"egwlink egwlink_book\" title=\"8T 63.0\" data-link=\"112.355\">8T 63</span>",
    "puborder": 6944,
    "translations": []
  }
]