[
  {
    "para_id": "12433.2",
    "title": "The Present Truth, Vol. 15 (1899)",
    "chapters": [
      "12433.2"
    ]
  },
  {
    "para_id": "12433.131",
    "title": "January 12, 1899",
    "chapters": [
      "12433.131"
    ]
  },
  {
    "para_id": "12433.252",
    "title": "January 19, 1899",
    "chapters": [
      "12433.252"
    ]
  },
  {
    "para_id": "12433.393",
    "title": "January 25, 1899",
    "chapters": [
      "12433.393"
    ]
  },
  {
    "para_id": "12433.534",
    "title": "January 26, 1899",
    "chapters": [
      "12433.534"
    ]
  },
  {
    "para_id": "12433.747",
    "title": "February 2, 1899",
    "chapters": [
      "12433.747"
    ]
  },
  {
    "para_id": "12433.865",
    "title": "February 9, 1899",
    "chapters": [
      "12433.865"
    ]
  },
  {
    "para_id": "12433.980",
    "title": "February 16, 1899",
    "chapters": [
      "12433.980"
    ]
  },
  {
    "para_id": "12433.1107",
    "title": "February 23, 1899",
    "chapters": [
      "12433.1107"
    ]
  },
  {
    "para_id": "12433.1245",
    "title": "March 2, 1899",
    "chapters": [
      "12433.1245"
    ]
  },
  {
    "para_id": "12433.1380",
    "title": "March 9, 1899",
    "chapters": [
      "12433.1380"
    ]
  },
  {
    "para_id": "12433.1513",
    "title": "March 16, 1899",
    "chapters": [
      "12433.1513"
    ]
  },
  {
    "para_id": "12433.1664",
    "title": "March 23, 1899",
    "chapters": [
      "12433.1664"
    ]
  },
  {
    "para_id": "12433.1827",
    "title": "March 30, 1899",
    "chapters": [
      "12433.1827"
    ]
  },
  {
    "para_id": "12433.1964",
    "title": "April 6, 1899",
    "chapters": [
      "12433.1964"
    ]
  },
  {
    "para_id": "12433.2110",
    "title": "April 13, 1899",
    "chapters": [
      "12433.2110"
    ]
  },
  {
    "para_id": "12433.2262",
    "title": "April 20, 1899",
    "chapters": [
      "12433.2262"
    ]
  },
  {
    "para_id": "12433.2395",
    "title": "April 27, 1899",
    "chapters": [
      "12433.2395"
    ]
  },
  {
    "para_id": "12433.2529",
    "title": "May 4, 1899",
    "chapters": [
      "12433.2529"
    ]
  },
  {
    "para_id": "12433.2672",
    "title": "May 11, 1899",
    "chapters": [
      "12433.2672"
    ]
  },
  {
    "para_id": "12433.2795",
    "title": "May 18, 1899",
    "chapters": [
      "12433.2795"
    ]
  },
  {
    "para_id": "12433.2937",
    "title": "May 25, 1899",
    "chapters": [
      "12433.2937"
    ]
  },
  {
    "para_id": "12433.3081",
    "title": "June 1, 1899",
    "chapters": [
      "12433.3081"
    ]
  },
  {
    "para_id": "12433.3230",
    "title": "June 8, 1899",
    "chapters": [
      "12433.3230"
    ]
  },
  {
    "para_id": "12433.3355",
    "title": "June 15, 1899",
    "chapters": [
      "12433.3355"
    ]
  },
  {
    "para_id": "12433.3519",
    "title": "June 22, 1899",
    "chapters": [
      "12433.3519"
    ]
  },
  {
    "para_id": "12433.3672",
    "title": "June 29, 1899",
    "chapters": [
      "12433.3672"
    ]
  },
  {
    "para_id": "12433.3851",
    "title": "July 6, 1899",
    "chapters": [
      "12433.3851"
    ]
  },
  {
    "para_id": "12433.3993",
    "title": "July 13, 1899",
    "chapters": [
      "12433.3993"
    ]
  },
  {
    "para_id": "12433.4142",
    "title": "July 20, 1899",
    "chapters": [
      "12433.4142"
    ]
  },
  {
    "para_id": "12433.4274",
    "title": "July 27, 1899",
    "chapters": [
      "12433.4274"
    ]
  },
  {
    "para_id": "12433.4415",
    "title": "August 3, 1899",
    "chapters": [
      "12433.4415"
    ]
  },
  {
    "para_id": "12433.4532",
    "title": "August 10, 1899",
    "chapters": [
      "12433.4532"
    ]
  },
  {
    "para_id": "12433.4669",
    "title": "August 17, 1899",
    "chapters": [
      "12433.4669"
    ]
  },
  {
    "para_id": "12433.4794",
    "title": "August 24, 1899",
    "chapters": [
      "12433.4794"
    ]
  },
  {
    "para_id": "12433.4958",
    "title": "August 31, 1899",
    "chapters": [
      "12433.4958"
    ]
  },
  {
    "para_id": "12433.5082",
    "title": "September 7, 1899",
    "chapters": [
      "12433.5082"
    ]
  },
  {
    "para_id": "12433.5258",
    "title": "September 14, 1899",
    "chapters": [
      "12433.5258"
    ]
  },
  {
    "para_id": "12433.5409",
    "title": "September 21, 1899",
    "chapters": [
      "12433.5409"
    ]
  },
  {
    "para_id": "12433.5575",
    "title": "September 28, 1899",
    "chapters": [
      "12433.5575"
    ]
  },
  {
    "para_id": "12433.5689",
    "title": "October 5, 1899",
    "chapters": [
      "12433.5689"
    ]
  },
  {
    "para_id": "12433.5827",
    "title": "October 12, 1899",
    "chapters": [
      "12433.5827"
    ]
  },
  {
    "para_id": "12433.5966",
    "title": "October 19, 1899",
    "chapters": [
      "12433.5966"
    ]
  },
  {
    "para_id": "12433.6101",
    "title": "October 26, 1899",
    "chapters": [
      "12433.6101"
    ]
  },
  {
    "para_id": "12433.6226",
    "title": "November 2, 1899",
    "chapters": [
      "12433.6226"
    ]
  },
  {
    "para_id": "12433.6354",
    "title": "November 9, 1899",
    "chapters": [
      "12433.6354"
    ]
  },
  {
    "para_id": "12433.6491",
    "title": "November 16, 1899",
    "chapters": [
      "12433.6491"
    ]
  },
  {
    "para_id": "12433.6632",
    "title": "November 23, 1899",
    "chapters": [
      "12433.6632"
    ]
  },
  {
    "para_id": "12433.6761",
    "title": "November 30, 1899",
    "chapters": [
      "12433.6761"
    ]
  },
  {
    "para_id": "12433.6954",
    "title": "December 7, 1899",
    "chapters": [
      "12433.6954"
    ]
  },
  {
    "para_id": "12433.7053",
    "title": "December 14, 1899",
    "chapters": [
      "12433.7053"
    ]
  },
  {
    "para_id": "12433.7238",
    "title": "December 21, 1899",
    "chapters": [
      "12433.7238"
    ]
  },
  {
    "para_id": "12433.7354",
    "title": "December 28, 1899",
    "chapters": [
      "12433.7354"
    ]
  }
]