[
  {
    "para_id": "719.88",
    "id_prev": "719.87",
    "id_next": "719.89",
    "refcode_1": "ViOSe",
    "refcode_2": "18",
    "refcode_3": "",
    "refcode_4": "",
    "refcode_short": "ViOSe 18",
    "refcode_long": "Visions Or Seizures, p. 18 (Donald I Peterson)",
    "element_type": "h4",
    "element_subtype": "",
    "content": "Stereotyped Symptoms Versus Varied Content",
    "puborder": 65,
    "translations": []
  },
  {
    "para_id": "719.89",
    "id_prev": "719.88",
    "id_next": "719.90",
    "refcode_1": "ViOSe",
    "refcode_2": "18",
    "refcode_3": "2",
    "refcode_4": "",
    "refcode_short": "ViOSe 18.2",
    "refcode_long": "Visions Or Seizures, p. 18.2 (Donald I Peterson)",
    "element_type": "p",
    "element_subtype": "standard-indented",
    "content": "The symptoms experienced during seizures tend to vary greatly from person to person, but each individual tends to experience only a few symptoms, and these usually occur in a stereotyped manner with each attack. It is true that persons with partial complex seizure disorder often have a deja vu feeling (a sense of familiarity with unfamiliar surroundings) associated with their seizures. However, this feeling usually consists of a vague awareness that the <em>same sensations</em> have occurred during previous attacks.",
    "puborder": 66,
    "translations": []
  },
  {
    "para_id": "719.90",
    "id_prev": "719.89",
    "id_next": "719.91",
    "refcode_1": "ViOSe",
    "refcode_2": "18",
    "refcode_3": "3",
    "refcode_4": "",
    "refcode_short": "ViOSe 18.3",
    "refcode_long": "Visions Or Seizures, p. 18.3 (Donald I Peterson)",
    "element_type": "p",
    "element_subtype": "standard-indented",
    "content": "Unlike partial complex seizures, the content of Ellen White&rsquo;s visions <em>varied</em> on each occasion and often included many complex subjects. These visions, which she usually could recall subsequently with great vividness, provided material for her to write about for many days, in some cases many weeks. This alone rules out partial complex seizures as the cause of her visions.",
    "puborder": 67,
    "translations": []
  }
]