[
  {
    "para_id": "952.1341",
    "id_prev": "952.1340",
    "id_next": "952.1342",
    "refcode_1": "BSPC",
    "refcode_2": "136",
    "refcode_3": "",
    "refcode_4": "",
    "refcode_short": "BSPC 136",
    "refcode_long": "The Bible, the Spirit of Prophecy, and the Church, p. 136 (Walter Edwin Read)",
    "element_type": "h4",
    "element_subtype": "",
    "content": "Some of the Spiritual Tests of the Prophet of God",
    "puborder": 1129,
    "translations": []
  },
  {
    "para_id": "952.1342",
    "id_prev": "952.1341",
    "id_next": "952.1343",
    "refcode_1": "BSPC",
    "refcode_2": "136",
    "refcode_3": "5",
    "refcode_4": "",
    "refcode_short": "BSPC 136.5",
    "refcode_long": "The Bible, the Spirit of Prophecy, and the Church, p. 136.5 (Walter Edwin Read)",
    "element_type": "p",
    "element_subtype": "standard-indented",
    "content": "There are many features to distinguish the true prophet from those that make false claims to the prophetic office. These are outlined in the Divine Word, and we might notice the following.",
    "puborder": 1130,
    "translations": []
  },
  {
    "para_id": "952.1343",
    "id_prev": "952.1342",
    "id_next": "952.1344",
    "refcode_1": "BSPC",
    "refcode_2": "136",
    "refcode_3": "6",
    "refcode_4": "",
    "refcode_short": "BSPC 136.6",
    "refcode_long": "The Bible, the Spirit of Prophecy, and the Church, p. 136.6 (Walter Edwin Read)",
    "element_type": "p",
    "element_subtype": "standard-indented",
    "content": "True prophets will&mdash;",
    "puborder": 1131,
    "translations": []
  },
  {
    "para_id": "952.1344",
    "id_prev": "952.1343",
    "id_next": "952.1345",
    "refcode_1": "BSPC",
    "refcode_2": "136",
    "refcode_3": "7",
    "refcode_4": "",
    "refcode_short": "BSPC 136.7",
    "refcode_long": "The Bible, the Spirit of Prophecy, and the Church, p. 136.7 (Walter Edwin Read)",
    "element_type": "p",
    "element_subtype": "blockquote-indented",
    "content": "Exalt the true God. <span class=\"egwlink egwlink_bible\" title=\"Deuteronomy 13:14\" data-link=\"1965.10746\">Deuteronomy 13:14</span>.",
    "puborder": 1132,
    "translations": []
  },
  {
    "para_id": "952.1345",
    "id_prev": "952.1344",
    "id_next": "952.1346",
    "refcode_1": "BSPC",
    "refcode_2": "136",
    "refcode_3": "8",
    "refcode_4": "",
    "refcode_short": "BSPC 136.8",
    "refcode_long": "The Bible, the Spirit of Prophecy, and the Church, p. 136.8 (Walter Edwin Read)",
    "element_type": "p",
    "element_subtype": "blockquote-indented",
    "content": "Teach in harmony with the word of God. <span class=\"egwlink egwlink_bible\" title=\"Isaiah 8:20\" data-link=\"1965.36367\">Isaiah 8:20</span>.",
    "puborder": 1133,
    "translations": []
  },
  {
    "para_id": "952.1346",
    "id_prev": "952.1345",
    "id_next": "952.1347",
    "refcode_1": "BSPC",
    "refcode_2": "136",
    "refcode_3": "9",
    "refcode_4": "",
    "refcode_short": "BSPC 136.9",
    "refcode_long": "The Bible, the Spirit of Prophecy, and the Church, p. 136.9 (Walter Edwin Read)",
    "element_type": "p",
    "element_subtype": "blockquote-indented",
    "content": "Encourage obedience to the commandments of God. <span class=\"egwlink egwlink_bible\" title=\"2 Chronicles 24:19\" data-link=\"1965.23800\">2 Chronicles 24:19, 20</span>; <span class=\"egwlink egwlink_bible\" title=\"Revelation 12:17\" data-link=\"1965.63064\">Revelation 12:17</span>.",
    "puborder": 1134,
    "translations": []
  },
  {
    "para_id": "952.1347",
    "id_prev": "952.1346",
    "id_next": "952.1348",
    "refcode_1": "BSPC",
    "refcode_2": "136",
    "refcode_3": "10",
    "refcode_4": "",
    "refcode_short": "BSPC 136.10",
    "refcode_long": "The Bible, the Spirit of Prophecy, and the Church, p. 136.10 (Walter Edwin Read)",
    "element_type": "p",
    "element_subtype": "blockquote-indented",
    "content": "Confess that Christ is come in the flesh. <span class=\"egwlink egwlink_bible\" title=\"1 John 4:2\" data-link=\"1965.62438\">1 John 4:2, 3</span>.",
    "puborder": 1135,
    "translations": []
  },
  {
    "para_id": "952.1348",
    "id_prev": "952.1347",
    "id_next": "952.1349",
    "refcode_1": "BSPC",
    "refcode_2": "136",
    "refcode_3": "11",
    "refcode_4": "",
    "refcode_short": "BSPC 136.11",
    "refcode_long": "The Bible, the Spirit of Prophecy, and the Church, p. 136.11 (Walter Edwin Read)",
    "element_type": "p",
    "element_subtype": "blockquote-indented",
    "content": "Be led by the Spirit of God. <span class=\"egwlink egwlink_bible\" title=\"1 Peter 1:10\" data-link=\"1965.61983\">1 Peter 1:10, 11</span>; <span class=\"egwlink egwlink_bible\" title=\"2 Peter 1:19\" data-link=\"1965.62217\">2 Peter 1:19</span>.",
    "puborder": 1136,
    "translations": []
  },
  {
    "para_id": "952.1349",
    "id_prev": "952.1348",
    "id_next": "952.1350",
    "refcode_1": "BSPC",
    "refcode_2": "136",
    "refcode_3": "12",
    "refcode_4": "",
    "refcode_short": "BSPC 136.12",
    "refcode_long": "The Bible, the Spirit of Prophecy, and the Church, p. 136.12 (Walter Edwin Read)",
    "element_type": "p",
    "element_subtype": "blockquote-indented",
    "content": "Be known by their good fruits. <span class=\"egwlink egwlink_bible\" title=\"Matthew 7:15\" data-link=\"1965.47641\">Matthew 7:15-20</span>.",
    "puborder": 1137,
    "translations": []
  },
  {
    "para_id": "952.1350",
    "id_prev": "952.1349",
    "id_next": "952.1352",
    "refcode_1": "BSPC",
    "refcode_2": "136",
    "refcode_3": "13",
    "refcode_4": "",
    "refcode_short": "BSPC 136.13",
    "refcode_long": "The Bible, the Spirit of Prophecy, and the Church, p. 136.13 (Walter Edwin Read)",
    "element_type": "p",
    "element_subtype": "blockquote-indented",
    "content": "Speak in harmony with the Sabbath of the Lord. <span class=\"egwlink egwlink_bible\" title=\"Isaiah 56:1\" data-link=\"1965.38269\">Isaiah 56:1-6</span>.",
    "puborder": 1138,
    "translations": []
  },
  {
    "para_id": "952.1352",
    "id_prev": "952.1350",
    "id_next": "952.1353",
    "refcode_1": "BSPC",
    "refcode_2": "137",
    "refcode_3": "1",
    "refcode_4": "",
    "refcode_short": "BSPC 137.1",
    "refcode_long": "The Bible, the Spirit of Prophecy, and the Church, p. 137.1 (Walter Edwin Read)",
    "element_type": "p",
    "element_subtype": "standard-indented",
    "content": "F. M. Wilcox has very concisely set forth the evidences of Mrs. White&rsquo;s divine call:",
    "puborder": 1139,
    "translations": []
  },
  {
    "para_id": "952.1353",
    "id_prev": "952.1352",
    "id_next": "952.1354",
    "refcode_1": "BSPC",
    "refcode_2": "137",
    "refcode_3": "2",
    "refcode_4": "",
    "refcode_short": "BSPC 137.2",
    "refcode_long": "The Bible, the Spirit of Prophecy, and the Church, p. 137.2 (Walter Edwin Read)",
    "element_type": "p",
    "element_subtype": "blockquote-indented",
    "content": "&ldquo;1. Mrs. White&rsquo;s teachings are in harmony with the great standard of all truth and doctrine, the Holy Scriptures. If she was possessed of the gift of the Spirit, in the very nature of the case this would be so. A lack of harmony between her teachings and the teachings of the Bible would indicate that her claims were false.",
    "puborder": 1140,
    "translations": []
  },
  {
    "para_id": "952.1354",
    "id_prev": "952.1353",
    "id_next": "952.1355",
    "refcode_1": "BSPC",
    "refcode_2": "137",
    "refcode_3": "3",
    "refcode_4": "",
    "refcode_short": "BSPC 137.3",
    "refcode_long": "The Bible, the Spirit of Prophecy, and the Church, p. 137.3 (Walter Edwin Read)",
    "element_type": "p",
    "element_subtype": "blockquote-indented",
    "content": "&ldquo;2. Her writings are not set forth as an addition to the Sacred Canon. On the contrary, their object is to exalt that Word. The great principles of truth expressed in the Bible have been drawn out in finer detail and applied to the various phases of Christian life and experience.",
    "puborder": 1141,
    "translations": []
  },
  {
    "para_id": "952.1355",
    "id_prev": "952.1354",
    "id_next": "952.1356",
    "refcode_1": "BSPC",
    "refcode_2": "137",
    "refcode_3": "4",
    "refcode_4": "",
    "refcode_short": "BSPC 137.4",
    "refcode_long": "The Bible, the Spirit of Prophecy, and the Church, p. 137.4 (Walter Edwin Read)",
    "element_type": "p",
    "element_subtype": "blockquote-indented",
    "content": "&ldquo;3. On many occasions, in striking instances and in marvelous ways, God used His messenger to save His church in severe crises from mistakes or divisions, and to safeguard His people from specious error in doctrine or in Christian experience.",
    "puborder": 1142,
    "translations": []
  },
  {
    "para_id": "952.1356",
    "id_prev": "952.1355",
    "id_next": "952.1357",
    "refcode_1": "BSPC",
    "refcode_2": "137",
    "refcode_3": "5",
    "refcode_4": "",
    "refcode_short": "BSPC 137.5",
    "refcode_long": "The Bible, the Spirit of Prophecy, and the Church, p. 137.5 (Walter Edwin Read)",
    "element_type": "p",
    "element_subtype": "blockquote-indented",
    "content": "&ldquo;4. She showed throughout her entire experience deep spiritual vision and strength of character in the active part she bore in the development of every phase of the Second Advent Movement. Her testimony was and is a ringing call to deeper consecration, to the putting away of sin, to the enthronement of Christ in the heart, to more active Christian service in the homeland and in the great mission fields. Her life and labors proved a mighty incentive to the carrying of the gospel message to earth&rsquo;s remotest bounds.",
    "puborder": 1143,
    "translations": []
  },
  {
    "para_id": "952.1357",
    "id_prev": "952.1356",
    "id_next": "952.1358",
    "refcode_1": "BSPC",
    "refcode_2": "137",
    "refcode_3": "6",
    "refcode_4": "",
    "refcode_short": "BSPC 137.6",
    "refcode_long": "The Bible, the Spirit of Prophecy, and the Church, p. 137.6 (Walter Edwin Read)",
    "element_type": "p",
    "element_subtype": "blockquote-indented",
    "content": "&ldquo;5. Her messages make a direct appeal to the heart, and are proving in thousands of lives a transforming power, and an inspiration to Christian service.",
    "puborder": 1144,
    "translations": []
  },
  {
    "para_id": "952.1358",
    "id_prev": "952.1357",
    "id_next": "952.1359",
    "refcode_1": "BSPC",
    "refcode_2": "137",
    "refcode_3": "7",
    "refcode_4": "",
    "refcode_short": "BSPC 137.7",
    "refcode_long": "The Bible, the Spirit of Prophecy, and the Church, p. 137.7 (Walter Edwin Read)",
    "element_type": "p",
    "element_subtype": "blockquote-indented",
    "content": "&ldquo;6. Her life and Christian experience conformed to the pure, simple, dignified principles of the gospel of Christ. She exemplified in her own life, as does every true prophet, the principles of truth she taught to others.&rdquo;&mdash;<em>Ibid</em>.",
    "puborder": 1145,
    "translations": []
  }
]