[
  {
    "para_id": "14066.10112001",
    "id_prev": "14066.7721021",
    "id_next": "14066.10112004",
    "refcode_1": "16LtMs",
    "refcode_2": "1",
    "refcode_3": "",
    "refcode_4": "1901000300",
    "refcode_short": "16LtMs, Lt 3, 1901",
    "refcode_long": "Letters and Manuscripts — Volume 16 (1901), Lt 3, 1901",
    "element_type": "h4",
    "element_subtype": "",
    "content": "Lt 3, 1901",
    "puborder": 45,
    "translations": []
  },
  {
    "para_id": "14066.10112004",
    "id_prev": "14066.10112001",
    "id_next": "14066.10112002",
    "refcode_1": "16LtMs",
    "refcode_2": "1",
    "refcode_3": "",
    "refcode_4": "1901000300",
    "refcode_short": "",
    "refcode_long": "",
    "element_type": "p",
    "element_subtype": "ltaddressee",
    "content": "Caro, E. R.",
    "puborder": 46,
    "translations": []
  },
  {
    "para_id": "14066.10112002",
    "id_prev": "14066.10112004",
    "id_next": "14066.10112003",
    "refcode_1": "16LtMs",
    "refcode_2": "1",
    "refcode_3": "",
    "refcode_4": "1901000300",
    "refcode_short": "",
    "refcode_long": "",
    "element_type": "p",
    "element_subtype": "ltplace",
    "content": "<span class=\"ltplace\" value=\"St. Helena, California\">&ldquo;Elmshaven,&rdquo; St. Helena, California</span>",
    "puborder": 47,
    "translations": []
  },
  {
    "para_id": "14066.10112003",
    "id_prev": "14066.10112002",
    "id_next": "14066.10112005",
    "refcode_1": "16LtMs",
    "refcode_2": "1",
    "refcode_3": "",
    "refcode_4": "1901000300",
    "refcode_short": "",
    "refcode_long": "",
    "element_type": "p",
    "element_subtype": "ltdate",
    "content": "<span class=\"ltdate\" start=\"January 3, 1901\">January 3, 1901</span>",
    "puborder": 48,
    "translations": []
  },
  {
    "para_id": "14066.10112005",
    "id_prev": "14066.10112003",
    "id_next": "14066.10112033",
    "refcode_1": "16LtMs",
    "refcode_2": "1",
    "refcode_3": "",
    "refcode_4": "1901000300",
    "refcode_short": "",
    "refcode_long": "",
    "element_type": "p",
    "element_subtype": "ltpubinfo",
    "content": "See variant <span class=\"egwlink egwlink_book\" title=\"Lt 3a, 1901\" data-link=\"14066.10366001\">Lt 3a, 1901</span>. This letter is published in entirety in <span class=\"egwlink egwlink_book\" title=\"17MR 87\" data-link=\"63.496\">17MR 87-94</span>. +<sup class=\"footnote\"><a class=\"footnote\">Note<span class=\"footnote\">One or more typed copies of this document contain additional Ellen White handwritten interlineations which may be viewed at the main office of the Ellen G. White Estate.</span></a></sup>",
    "puborder": 49,
    "translations": []
  },
  {
    "para_id": "14066.10112033",
    "id_prev": "14066.10112005",
    "id_next": "14066.10112006",
    "refcode_1": "16LtMs",
    "refcode_2": "1",
    "refcode_3": "",
    "refcode_4": "1901000300",
    "refcode_short": "",
    "refcode_long": "",
    "element_type": "p",
    "element_subtype": "ltaddress",
    "content": "Dr. E. R. Caro",
    "puborder": 50,
    "translations": []
  },
  {
    "para_id": "14066.10112006",
    "id_prev": "14066.10112033",
    "id_next": "14066.10112007",
    "refcode_1": "16LtMs",
    "refcode_2": "1",
    "refcode_3": "",
    "refcode_4": "1901000300",
    "refcode_short": "",
    "refcode_long": "",
    "element_type": "p",
    "element_subtype": "ltsalutation",
    "content": "Dear Brother,&mdash;",
    "puborder": 51,
    "translations": []
  },
  {
    "para_id": "14066.10112007",
    "id_prev": "14066.10112006",
    "id_next": "14066.10112008",
    "refcode_1": "16LtMs",
    "refcode_2": "1",
    "refcode_3": "29",
    "refcode_4": "1901000300",
    "refcode_short": "16LtMs, Lt 3, 1901, par. 1",
    "refcode_long": "Letters and Manuscripts — Volume 16 (1901), Lt 3, 1901, par. 1",
    "element_type": "p",
    "element_subtype": "standard-indented",
    "content": "I have before me a letter expressing the same opinion that you have expressed, that the Newcastle Bath business should not be taken over by the Cooranbong Retreat, but should remain under the control of the Sydney Sanitarium.",
    "puborder": 52,
    "translations": []
  },
  {
    "para_id": "14066.10112008",
    "id_prev": "14066.10112007",
    "id_next": "14066.10112009",
    "refcode_1": "16LtMs",
    "refcode_2": "1",
    "refcode_3": "30",
    "refcode_4": "1901000300",
    "refcode_short": "16LtMs, Lt 3, 1901, par. 2",
    "refcode_long": "Letters and Manuscripts — Volume 16 (1901), Lt 3, 1901, par. 2",
    "element_type": "p",
    "element_subtype": "standard-indented",
    "content": "In saying that the Retreat should take over the Newcastle work, I have followed the light given me. The proposition that the Sydney Sanitarium should control the Newcastle work is not in the order of God. Were this proposition followed, the work in Newcastle would be bound about. You should not seek to take this extra responsibility. You have not been appointed to act as a manager, but as a physician. You are not to feel that you are qualified to manage all the sanitariums which may be established in Australia. &lt;This is not&gt; in the order of God. You are to counsel with the officers of the Union Conference.",
    "puborder": 53,
    "translations": []
  },
  {
    "para_id": "14066.10112009",
    "id_prev": "14066.10112008",
    "id_next": "14066.10112010",
    "refcode_1": "16LtMs",
    "refcode_2": "1",
    "refcode_3": "31",
    "refcode_4": "1901000300",
    "refcode_short": "16LtMs, Lt 3, 1901, par. 3",
    "refcode_long": "Letters and Manuscripts — Volume 16 (1901), Lt 3, 1901, par. 3",
    "element_type": "p",
    "element_subtype": "standard-indented",
    "content": "You should not feel authorized to follow your own judgment alone in choosing persons to fill positions in the Retreat or the Sanitarium, for you are not the best judge. You fail to read character aright.",
    "puborder": 54,
    "translations": []
  },
  {
    "para_id": "14066.10112010",
    "id_prev": "14066.10112009",
    "id_next": "14066.10112011",
    "refcode_1": "16LtMs",
    "refcode_2": "1",
    "refcode_3": "32",
    "refcode_4": "1901000300",
    "refcode_short": "16LtMs, Lt 3, 1901, par. 4",
    "refcode_long": "Letters and Manuscripts — Volume 16 (1901), Lt 3, 1901, par. 4",
    "element_type": "p",
    "element_subtype": "standard-indented",
    "content": "You have asked me in regard to your mother&rsquo;s coming to New South Wales to take part in the work. I respect and love your mother too well to advise her to do this. She cannot read character or deal safely with human minds.",
    "puborder": 55,
    "translations": []
  },
  {
    "para_id": "14066.10112011",
    "id_prev": "14066.10112010",
    "id_next": "14066.10112012",
    "refcode_1": "16LtMs",
    "refcode_2": "1",
    "refcode_3": "33",
    "refcode_4": "1901000300",
    "refcode_short": "16LtMs, Lt 3, 1901, par. 5",
    "refcode_long": "Letters and Manuscripts — Volume 16 (1901), Lt 3, 1901, par. 5",
    "element_type": "p",
    "element_subtype": "standard-indented",
    "content": "You cannot be depended upon as a safe judge of people. You would suppose certain persons fitted to fill certain positions, when older and more experienced men would read beneath the surface and see that if these persons should be placed in these positions, they would either prove inefficient, or would influence others in a way that would bring about results difficult to counteract.",
    "puborder": 56,
    "translations": []
  },
  {
    "para_id": "14066.10112012",
    "id_prev": "14066.10112011",
    "id_next": "14066.10112013",
    "refcode_1": "16LtMs",
    "refcode_2": "1",
    "refcode_3": "34",
    "refcode_4": "1901000300",
    "refcode_short": "16LtMs, Lt 3, 1901, par. 6",
    "refcode_long": "Letters and Manuscripts — Volume 16 (1901), Lt 3, 1901, par. 6",
    "element_type": "p",
    "element_subtype": "standard-indented",
    "content": "In your trips through the Colonies, you see certain persons whom you suppose to be just the ones for certain positions. But do not call any such person to fill a position until you have talked the matter over with experienced counsellors. The Lord has men who have an understanding of the work, and with these you should counsel.",
    "puborder": 57,
    "translations": []
  },
  {
    "para_id": "14066.10112013",
    "id_prev": "14066.10112012",
    "id_next": "14066.10112014",
    "refcode_1": "16LtMs",
    "refcode_2": "1",
    "refcode_3": "35",
    "refcode_4": "1901000300",
    "refcode_short": "16LtMs, Lt 3, 1901, par. 7",
    "refcode_long": "Letters and Manuscripts — Volume 16 (1901), Lt 3, 1901, par. 7",
    "element_type": "p",
    "element_subtype": "standard-indented",
    "content": "Lay your plans before the men who have carried responsibilities in the work in Australia. This will bring you peace and rest. You and Brother Sharp need to counsel with those who have had an experience &lt;[in] cultivation of lands and&gt; in dealing with human minds, who can better judge of people and their qualifications than it is possible for you to do. Be cautious, Dr. Caro. Do not feel at liberty to move independently, as you have sometimes done in the past, to your &lt;own&gt; hurt and to the injury of the cause of God. There is safety in counselling together.",
    "puborder": 58,
    "translations": []
  },
  {
    "para_id": "14066.10112014",
    "id_prev": "14066.10112013",
    "id_next": "14066.10112015",
    "refcode_1": "16LtMs",
    "refcode_2": "1",
    "refcode_3": "36",
    "refcode_4": "1901000300",
    "refcode_short": "16LtMs, Lt 3, 1901, par. 8",
    "refcode_long": "Letters and Manuscripts — Volume 16 (1901), Lt 3, 1901, par. 8",
    "element_type": "p",
    "element_subtype": "standard-indented",
    "content": "I think that this has been presented to you again and again. Again I am instructed to repeat to you, A wrong order of things must not be brought into the institutions erected at so great a cost of money, anxiety, and care. In no case is the work in medical missionary lines, which God has outlined to be done in Australia, to be left for you to manage; for you have not the qualifications which would fit you for this work. The work of a physician is enough for any man to carry. God has given us men who are fitted to act as managers, who have had experience in this line, and who are men of prayer, men who study the Word, and who will, when given a chance, do the work that God has appointed them. Those who are appointed to act as managers in our institutions must be men who will consult their brethren. The very evidence given that one man or two men who feel that all the responsibility devolves on them, is the sure sign they are not qualified for the work, and cannot discern how much is depending on them. They must be men who will watch unto prayer. God will use men who walk humbly before Him, who keep His fear before them, and who tremble at His word. But self-confidence, if encouraged, will lead to disastrous results.",
    "puborder": 59,
    "translations": []
  },
  {
    "para_id": "14066.10112015",
    "id_prev": "14066.10112014",
    "id_next": "14066.10112016",
    "refcode_1": "16LtMs",
    "refcode_2": "1",
    "refcode_3": "37",
    "refcode_4": "1901000300",
    "refcode_short": "16LtMs, Lt 3, 1901, par. 9",
    "refcode_long": "Letters and Manuscripts — Volume 16 (1901), Lt 3, 1901, par. 9",
    "element_type": "p",
    "element_subtype": "standard-indented",
    "content": "Christ&rsquo;s prayer for His disciples, &ldquo;For their sakes I sanctify myself, that they also may be sanctified through the truth&rdquo; has been left on record for us. [<span class=\"egwlink egwlink_bible\" title=\"John 17:19\" data-link=\"1965.54616\">John 17:19</span>.] You need to realize that you have much to learn, that you need a higher, holier sanctification of soul, body, and spirit before you can be a leader. There is great need for you to walk in humility of mind. Do not lay plans in accordance with your own wisdom. Thus you will imperil the cause and hinder its advancement.",
    "puborder": 60,
    "translations": []
  },
  {
    "para_id": "14066.10112016",
    "id_prev": "14066.10112015",
    "id_next": "14066.10112017",
    "refcode_1": "16LtMs",
    "refcode_2": "1",
    "refcode_3": "38",
    "refcode_4": "1901000300",
    "refcode_short": "16LtMs, Lt 3, 1901, par. 10",
    "refcode_long": "Letters and Manuscripts — Volume 16 (1901), Lt 3, 1901, par. 10",
    "element_type": "p",
    "element_subtype": "standard-indented",
    "content": "He who assumes the grave responsibilities of a physician needs to take counsel with God and with his older and more experienced brethren. Unless he walks in the light, keeping his soul purified, elevated, and ennobled through the truth, he will reap the consequence of failing to understand his own strength and his need of gaining his reputation by the sanctifying, glorious power of the truth.",
    "puborder": 61,
    "translations": []
  },
  {
    "para_id": "14066.10112017",
    "id_prev": "14066.10112016",
    "id_next": "14066.10112018",
    "refcode_1": "16LtMs",
    "refcode_2": "1",
    "refcode_3": "39",
    "refcode_4": "1901000300",
    "refcode_short": "16LtMs, Lt 3, 1901, par. 11",
    "refcode_long": "Letters and Manuscripts — Volume 16 (1901), Lt 3, 1901, par. 11",
    "element_type": "p",
    "element_subtype": "standard-indented",
    "content": "No one can transgress God&rsquo;s laws without suffering the consequence. God calls upon physicians to walk before Him in truth and righteousness. He will co-operate with all who do this. But when a physician trusts in his own sharpness, Satan leads him into strange paths where the footsteps of Christ are not seen.",
    "puborder": 62,
    "translations": []
  },
  {
    "para_id": "14066.10112018",
    "id_prev": "14066.10112017",
    "id_next": "14066.10112019",
    "refcode_1": "16LtMs",
    "refcode_2": "1",
    "refcode_3": "40",
    "refcode_4": "1901000300",
    "refcode_short": "16LtMs, Lt 3, 1901, par. 12",
    "refcode_long": "Letters and Manuscripts — Volume 16 (1901), Lt 3, 1901, par. 12",
    "element_type": "p",
    "element_subtype": "standard-indented",
    "content": "God will work with every Christian physician. And to Him the physician is to give the honor and glory for the success that attends his work. The only safety for physicians is in walking and working in humility and faith. The physician who does not put his trust in God will use his profession to hide many unrighteous deeds.",
    "puborder": 63,
    "translations": []
  },
  {
    "para_id": "14066.10112019",
    "id_prev": "14066.10112018",
    "id_next": "14066.10112020",
    "refcode_1": "16LtMs",
    "refcode_2": "1",
    "refcode_3": "41",
    "refcode_4": "1901000300",
    "refcode_short": "16LtMs, Lt 3, 1901, par. 13",
    "refcode_long": "Letters and Manuscripts — Volume 16 (1901), Lt 3, 1901, par. 13",
    "element_type": "p",
    "element_subtype": "standard-indented",
    "content": "You must not suppose that because the patients at the Sanitarium have your instruction in regard to present truth, they do not need the help of God&rsquo;s delegated ministers whom the Lord has used and will still use to do His work. You have not as deep a knowledge of the Scriptures as you should have, because you have not made the work of God your first consideration. If the work of ripening off the people of God were left in your hands, many would bear the impress of half-done, superficial work.",
    "puborder": 64,
    "translations": []
  },
  {
    "para_id": "14066.10112020",
    "id_prev": "14066.10112019",
    "id_next": "14066.10112021",
    "refcode_1": "16LtMs",
    "refcode_2": "1",
    "refcode_3": "42",
    "refcode_4": "1901000300",
    "refcode_short": "16LtMs, Lt 3, 1901, par. 14",
    "refcode_long": "Letters and Manuscripts — Volume 16 (1901), Lt 3, 1901, par. 14",
    "element_type": "p",
    "element_subtype": "standard-indented",
    "content": "You are wholly dependent upon the great Physician for the ability and power to do good work. Cling to Jesus. He will give you sharpness of intellect to discern with readiness and steadiness of nerve, to execute with precision.",
    "puborder": 65,
    "translations": []
  },
  {
    "para_id": "14066.10112021",
    "id_prev": "14066.10112020",
    "id_next": "14066.10112022",
    "refcode_1": "16LtMs",
    "refcode_2": "1",
    "refcode_3": "43",
    "refcode_4": "1901000300",
    "refcode_short": "16LtMs, Lt 3, 1901, par. 15",
    "refcode_long": "Letters and Manuscripts — Volume 16 (1901), Lt 3, 1901, par. 15",
    "element_type": "p",
    "element_subtype": "standard-indented",
    "content": "I write you this, but I have not liberty at the present time to say all that I might say. Will you read the article entitled, &ldquo;Responsibilities of Physicians,&rdquo; found in <span class=\"nol-ink\" title=\"T32 195.2\">Testimony No. 32, p. 198 [195]</span>. Read this through carefully, and follow the instruction it contains.",
    "puborder": 66,
    "translations": []
  },
  {
    "para_id": "14066.10112022",
    "id_prev": "14066.10112021",
    "id_next": "14066.10112023",
    "refcode_1": "16LtMs",
    "refcode_2": "1",
    "refcode_3": "44",
    "refcode_4": "1901000300",
    "refcode_short": "16LtMs, Lt 3, 1901, par. 16",
    "refcode_long": "Letters and Manuscripts — Volume 16 (1901), Lt 3, 1901, par. 16",
    "element_type": "p",
    "element_subtype": "standard-indented",
    "content": "My much-beloved brother, you need to realize that in some respects your ideas are contrary to the lessons God has given in His Word. Our Saviour has left us all an example of self-denial and self-sacrifice. But this lesson you have not learned by experience. You have carried out your own ideas and plans to the injury of the work. &lt;This God has opened before me and I dare not withhold.&gt;",
    "puborder": 67,
    "translations": []
  },
  {
    "para_id": "14066.10112023",
    "id_prev": "14066.10112022",
    "id_next": "14066.10112024",
    "refcode_1": "16LtMs",
    "refcode_2": "1",
    "refcode_3": "45",
    "refcode_4": "1901000300",
    "refcode_short": "16LtMs, Lt 3, 1901, par. 17",
    "refcode_long": "Letters and Manuscripts — Volume 16 (1901), Lt 3, 1901, par. 17",
    "element_type": "p",
    "element_subtype": "standard-indented",
    "content": "During your experience in Sydney as a physician, your example has not always been correct. You established yourself in an expensive house. Why?&mdash;To make such a display that people would think you a wonderfully successful, &lt;popular&gt; physician. Having started in this way, everything else must correspond.",
    "puborder": 68,
    "translations": []
  },
  {
    "para_id": "14066.10112024",
    "id_prev": "14066.10112023",
    "id_next": "14066.10112025",
    "refcode_1": "16LtMs",
    "refcode_2": "1",
    "refcode_3": "46",
    "refcode_4": "1901000300",
    "refcode_short": "16LtMs, Lt 3, 1901, par. 18",
    "refcode_long": "Letters and Manuscripts — Volume 16 (1901), Lt 3, 1901, par. 18",
    "element_type": "p",
    "element_subtype": "standard-indented",
    "content": "While you were at Ann Arbor, you gained wrong ideas in this respect. It would have been better if those sent from our schools to Ann Arbor had never had any connection with that institution. The education in drug medication and the false religious theories have brought forth a class of practitioners who need to unlearn much they have learned. They need to obtain an altogether different experience before they can say in word and in deed, We are medical missionaries. Till they obtain such an experience, the great Physician does not acknowledge them as medical missionaries. They come on to the platform of action unprepared for the high and holy work which needs to be done at this time.",
    "puborder": 69,
    "translations": []
  },
  {
    "para_id": "14066.10112025",
    "id_prev": "14066.10112024",
    "id_next": "14066.10112026",
    "refcode_1": "16LtMs",
    "refcode_2": "1",
    "refcode_3": "47",
    "refcode_4": "1901000300",
    "refcode_short": "16LtMs, Lt 3, 1901, par. 19",
    "refcode_long": "Letters and Manuscripts — Volume 16 (1901), Lt 3, 1901, par. 19",
    "element_type": "p",
    "element_subtype": "standard-indented",
    "content": "The Lord has placed you in a position where you can bear responsibilities if you have that wisdom gained from on high by most earnest prayer, &lt;humility of soul, and diligent practice.&gt; God will hear your supplications if you will seek Him earnestly. You have &lt;at times&gt; made some excellent movements. But again, you are in danger, by your impressions and prejudices, of creating difficulties hard to remedy. Link up with men older and more experienced than yourself, men who can give you advice and counsel, even if you <span class=\"underline\">are</span> a physician. Do not feel that it is your work to manage the sanitariums which may be established in Australia. When you reveal by your life and influence that you <span class=\"underline\">consider</span>, that you ask wisdom of God, that you have gained an experience different from the experience which you have had in the past, you will be a man who can be depended on in emergencies.",
    "puborder": 70,
    "translations": []
  },
  {
    "para_id": "14066.10112026",
    "id_prev": "14066.10112025",
    "id_next": "14066.10112027",
    "refcode_1": "16LtMs",
    "refcode_2": "1",
    "refcode_3": "48",
    "refcode_4": "1901000300",
    "refcode_short": "16LtMs, Lt 3, 1901, par. 20",
    "refcode_long": "Letters and Manuscripts — Volume 16 (1901), Lt 3, 1901, par. 20",
    "element_type": "p",
    "element_subtype": "standard-indented",
    "content": "I am very anxious that you shall not feel that God has given you the work of a director. You are a physician, not a manager. It is possible for a physician to assume far more responsibility than he should. Do not cast aside my words, as some physicians have done. Remember that a refusal to receive light does not alter facts. The truth will stand and will be vindicated. I hope and pray that you will link up with your brethren. Never feel that it is your prerogative to disparage the ministers of the gospel and exalt physicians as infallible. &lt;This has been done repeatedly.&gt; God help you to avoid this fatal mistake.",
    "puborder": 71,
    "translations": []
  },
  {
    "para_id": "14066.10112027",
    "id_prev": "14066.10112026",
    "id_next": "14066.10112028",
    "refcode_1": "16LtMs",
    "refcode_2": "1",
    "refcode_3": "49",
    "refcode_4": "1901000300",
    "refcode_short": "16LtMs, Lt 3, 1901, par. 21",
    "refcode_long": "Letters and Manuscripts — Volume 16 (1901), Lt 3, 1901, par. 21",
    "element_type": "p",
    "element_subtype": "standard-indented",
    "content": "The words that some have spoken against the chosen ministers of God have been spoken against Christ. The sarcastic references made by physicians to those ministers who did not entertain the same ideas as they themselves with reference to the so-called medical missionary work have had their influence. So God will work in His own time and in His own way to counteract the leaven that has thus been introduced; but at what a cost has this influence been exerted! The effect of this influence will not be fully known until the judgment sits and the books are opened. Then it will be seen that souls who might have stood firm as overcomers were confused and led into crooked paths &lt;by physicians&gt;. The sacred truth for this time has been covered with disrespectful statements. Principles have been presented which are entirely contrary to the teaching of Christ. Statements have been made which have confused minds with regard to the truth of God&rsquo;s Word, and some will never disentangle themselves from the seductive error into which they have fallen. They will never see the true bearing of the last closing message. Their influence is lost to the cause at the very time that it is most needed.",
    "puborder": 72,
    "translations": []
  },
  {
    "para_id": "14066.10112028",
    "id_prev": "14066.10112027",
    "id_next": "14066.10112029",
    "refcode_1": "16LtMs",
    "refcode_2": "1",
    "refcode_3": "50",
    "refcode_4": "1901000300",
    "refcode_short": "16LtMs, Lt 3, 1901, par. 22",
    "refcode_long": "Letters and Manuscripts — Volume 16 (1901), Lt 3, 1901, par. 22",
    "element_type": "p",
    "element_subtype": "standard-indented",
    "content": "God has given His people talents to use and improve. He desires them by co-operation with Him to grow up into the full stature of men and women in Christ Jesus. Through the testimonies which He has been giving to His people, He has presented truth line upon line. Many rejoiced in the light, but Satan came in, and working through the misnamed medical missionary work, he led them to cast under their feet the work of presenting the truth as it is in Jesus.",
    "puborder": 73,
    "translations": []
  },
  {
    "para_id": "14066.10112029",
    "id_prev": "14066.10112028",
    "id_next": "14066.10112030",
    "refcode_1": "16LtMs",
    "refcode_2": "1",
    "refcode_3": "51",
    "refcode_4": "1901000300",
    "refcode_short": "16LtMs, Lt 3, 1901, par. 23",
    "refcode_long": "Letters and Manuscripts — Volume 16 (1901), Lt 3, 1901, par. 23",
    "element_type": "p",
    "element_subtype": "standard-indented",
    "content": "The work of God is a great work. Wise men are needed to keep Bible principles free from a particle of worldly policy. Every worker is being tested. Paul speaks of those who bring to the foundation wood, hay, and stubble. [<span class=\"egwlink egwlink_bible\" title=\"1 Corinthians 3:12\" data-link=\"1965.57958\">1 Corinthians 3:12</span>.] This represents those who bring in as truth that which is not truth, even their own suppositions and fabrications. If these souls are saved, it will be as by fire, because they conscientiously thought they were working in harmony with the Word. They will &lt;only&gt; be as brands snatched out of the burning.",
    "puborder": 74,
    "translations": []
  },
  {
    "para_id": "14066.10112030",
    "id_prev": "14066.10112029",
    "id_next": "14066.10112031",
    "refcode_1": "16LtMs",
    "refcode_2": "1",
    "refcode_3": "52",
    "refcode_4": "1901000300",
    "refcode_short": "16LtMs, Lt 3, 1901, par. 24",
    "refcode_long": "Letters and Manuscripts — Volume 16 (1901), Lt 3, 1901, par. 24",
    "element_type": "p",
    "element_subtype": "standard-indented",
    "content": "The work which might have been pure, elevated, and noble has been mingled with fallacies brought in by men. Thus the beauty of the truth has been marred. Nothing stands forth untainted by selfishness. The mingling of these fallacies with the work of God makes that which should stand out clearly and distinctly before the world a jumble of conflicting principles in its practical working.",
    "puborder": 75,
    "translations": []
  },
  {
    "para_id": "14066.10112031",
    "id_prev": "14066.10112030",
    "id_next": "14066.10112032",
    "refcode_1": "16LtMs",
    "refcode_2": "1",
    "refcode_3": "53",
    "refcode_4": "1901000300",
    "refcode_short": "16LtMs, Lt 3, 1901, par. 25",
    "refcode_long": "Letters and Manuscripts — Volume 16 (1901), Lt 3, 1901, par. 25",
    "element_type": "p",
    "element_subtype": "standard-indented",
    "content": "O, how many there are who have yet to learn to manifest Christlike patience and forbearance in the home and in the church. What is the lesson that should be learned by those connected with our schools, our publishing houses, our sanitariums? &ldquo;Let nothing be done through strife or vainglory, but in lowliness of mind let each esteem other better than themselves.&rdquo; [<span class=\"egwlink egwlink_bible\" title=\"Philippians 2:3\" data-link=\"1965.59946\">Philippians 2:3</span>.] &ldquo;Be kindly affectioned one to another, with brotherly love, in honor preferring one another.&rdquo; [<span class=\"egwlink egwlink_bible\" title=\"Romans 12:10\" data-link=\"1965.57616\">Romans 12:10</span>.]",
    "puborder": 76,
    "translations": []
  },
  {
    "para_id": "14066.10112032",
    "id_prev": "14066.10112031",
    "id_next": "14066.10366001",
    "refcode_1": "16LtMs",
    "refcode_2": "1",
    "refcode_3": "54",
    "refcode_4": "1901000300",
    "refcode_short": "16LtMs, Lt 3, 1901, par. 26",
    "refcode_long": "Letters and Manuscripts — Volume 16 (1901), Lt 3, 1901, par. 26",
    "element_type": "p",
    "element_subtype": "standard-indented",
    "content": "My brother, when will you learn this lesson? It is not houses, lands, carriages, expensive furniture, outward display, which make a man stand high in the sight of a holy God and the ministering angels. God looks at the heart. He reads every purpose of the mind. He knows the motives which prompt to action. He reads between every line of writing sent out. He can distinguish between the true and the false. He places His seal upon the deeds that are done and the books that are written in humility and contrition of heart. He values sincerity and purity of principle above everything else.",
    "puborder": 77,
    "translations": []
  }
]