[
  {
    "para_id": "112.985",
    "id_prev": "112.983",
    "id_next": "112.986",
    "refcode_1": "8T",
    "refcode_2": "173",
    "refcode_3": "",
    "refcode_4": "54",
    "refcode_short": "8T 173",
    "refcode_long": "Testimonies for the Church, vol. 8, p. 173 (Ellen Gould White)",
    "element_type": "h4",
    "element_subtype": "",
    "content": "God&apos;s Building",
    "puborder": 732,
    "translations": [
      {
        "para_id": "230.1012",
        "lang": "es",
        "refcode": "8TPI 185"
      },
      {
        "para_id": "12865.981",
        "lang": "pl",
        "refcode": "S8 173"
      },
      {
        "para_id": "1961.983",
        "lang": "pt",
        "refcode": "T8 173"
      },
      {
        "para_id": "2671.936",
        "lang": "ro",
        "refcode": "8M 173"
      },
      {
        "para_id": "1794.950",
        "lang": "ru",
        "refcode": "8СЦ 173"
      }
    ]
  },
  {
    "para_id": "112.986",
    "id_prev": "112.985",
    "id_next": "112.987",
    "refcode_1": "8T",
    "refcode_2": "173",
    "refcode_3": "1",
    "refcode_4": "",
    "refcode_short": "8T 173.1",
    "refcode_long": "Testimonies for the Church, vol. 8, p. 173.1 (Ellen Gould White)",
    "element_type": "p",
    "element_subtype": "standard-indented",
    "content": "&ldquo;Ye are God&apos;s husbandry, ye are God&apos;s building.&rdquo; <span class=\"egwlink egwlink_bible\" title=\"1 Corinthians 3:9\" data-link=\"1965.57952\">Verse 9</span>. This figure represents human character, which is to be wrought upon, point by point. Each day God works with His building, stroke upon stroke, to perfect the structure, that it may become a holy temple for Him. Man is to co-operate with God. Each worker is to become just what God designs him to be, building his life with pure, noble deeds, that in the end his character may be a symmetrical structure, a fair temple, honored by God and man. There is to be no flaw in the building, for it is the Lord&apos;s. Every stone must be perfectly laid, that it may endure the pressure placed upon it. One stone laid wrong will affect the whole building. To you and to every other worker God gives the warning: &ldquo;Take heed how you build, that your building may stand the test of storm and tempest, because it is founded on the eternal Rock. Place the stone on the sure foundation, that you may make ready for the day of test and trial, when all will be seen just as they are.&rdquo;",
    "puborder": 733,
    "translations": [
      {
        "para_id": "230.1013",
        "lang": "es",
        "refcode": "8TPI 185.1"
      },
      {
        "para_id": "12865.982",
        "lang": "pl",
        "refcode": "S8 173.1"
      },
      {
        "para_id": "1961.984",
        "lang": "pt",
        "refcode": "T8 173.1"
      },
      {
        "para_id": "2671.937",
        "lang": "ro",
        "refcode": "8M 173.1"
      },
      {
        "para_id": "1794.951",
        "lang": "ru",
        "refcode": "8СЦ 173.1"
      }
    ]
  }
]