[
  {
    "para_id": "818.373",
    "id_prev": "818.372",
    "id_next": "818.374",
    "refcode_1": "QSEW",
    "refcode_2": "47",
    "refcode_3": "",
    "refcode_4": "",
    "refcode_short": "QSEW 47",
    "refcode_long": "101 Questions on the Sanctuary and on Ellen White, p. 47 (Robert W. Olson)",
    "element_type": "h4",
    "element_subtype": "",
    "content": "54. Historical Errors in Ellen White&rsquo;s Writings",
    "puborder": 312,
    "translations": []
  },
  {
    "para_id": "818.374",
    "id_prev": "818.373",
    "id_next": "818.376",
    "refcode_1": "QSEW",
    "refcode_2": "47",
    "refcode_3": "8",
    "refcode_4": "",
    "refcode_short": "QSEW 47.8",
    "refcode_long": "101 Questions on the Sanctuary and on Ellen White, p. 47.8 (Robert W. Olson)",
    "element_type": "p",
    "element_subtype": "standard-noindent",
    "content": "<em>Ford asserts that &ldquo;scholars are discovering historical errors in chapter after chapter of Great Controversy&rdquo; (Ford, Page 586). What are the facts?</em>",
    "puborder": 313,
    "translations": []
  },
  {
    "para_id": "818.376",
    "id_prev": "818.374",
    "id_next": "818.377",
    "refcode_1": "QSEW",
    "refcode_2": "48",
    "refcode_3": "1",
    "refcode_4": "",
    "refcode_short": "QSEW 48.1",
    "refcode_long": "101 Questions on the Sanctuary and on Ellen White, p. 48.1 (Robert W. Olson)",
    "element_type": "p",
    "element_subtype": "standard-indented",
    "content": "The facts are these: <em>The Great Controversy</em> is not a history textbook, but the message it contains was inspired by the Spirit of God and is completely reliable. Ellen White states, &ldquo;I was moved by the Spirit of the Lord to write that book&rdquo; (<span class=\"egwlink egwlink_book\" title=\"CM 127.1\" data-link=\"16.605\">Colporteur Ministry, 127</span>). In her introduction to <em>The Great Controversy</em>, the author states:",
    "puborder": 314,
    "translations": []
  },
  {
    "para_id": "818.377",
    "id_prev": "818.376",
    "id_next": "818.378",
    "refcode_1": "QSEW",
    "refcode_2": "48",
    "refcode_3": "2",
    "refcode_4": "",
    "refcode_short": "QSEW 48.2",
    "refcode_long": "101 Questions on the Sanctuary and on Ellen White, p. 48.2 (Robert W. Olson)",
    "element_type": "p",
    "element_subtype": "blockquote-indented",
    "content": "&ldquo;As the Spirit of God has opened to my mind the great truths of His Word, and the scenes of the past and the future, I have been bidden to make known to others that which has thus been revealed&mdash;to trace the history of the controversy in past ages, and especially so to present it as to shed a light on the fast-approaching struggle of the future.&rdquo;&mdash;<span class=\"egwlink egwlink_book\" title=\"GC xiii.1\" data-link=\"132.69\">Page xiii</span>.",
    "puborder": 315,
    "translations": []
  },
  {
    "para_id": "818.378",
    "id_prev": "818.377",
    "id_next": "818.379",
    "refcode_1": "QSEW",
    "refcode_2": "48",
    "refcode_3": "3",
    "refcode_4": "",
    "refcode_short": "QSEW 48.3",
    "refcode_long": "101 Questions on the Sanctuary and on Ellen White, p. 48.3 (Robert W. Olson)",
    "element_type": "p",
    "element_subtype": "standard-indented",
    "content": "Many important episodes in the history of God&rsquo;s people, from the creation of Adam to the new earth, were shown to Ellen White in vision. In her earliest account of <em>The Great Controversy</em> we find such statements as &ldquo;I saw a sadness came over Adam&rsquo;s countenance&rdquo; and &ldquo;I then looked, and saw the fire which had consumed the wicked&rdquo; (<span class=\"egwlink egwlink_book\" title=\"1SG 21.1\" data-link=\"104.80\">Spiritual Gifts 1:21, 218</span>). Elsewhere she specifically declared, &ldquo;Events in the history of the reformers have been presented before me&rdquo; (<span class=\"egwlink egwlink_book\" title=\"3SM 110.1\" data-link=\"100.646\">Selected Messages 3:110</span>).",
    "puborder": 316,
    "translations": []
  },
  {
    "para_id": "818.379",
    "id_prev": "818.378",
    "id_next": "818.380",
    "refcode_1": "QSEW",
    "refcode_2": "48",
    "refcode_3": "4",
    "refcode_4": "",
    "refcode_short": "QSEW 48.4",
    "refcode_long": "101 Questions on the Sanctuary and on Ellen White, p. 48.4 (Robert W. Olson)",
    "element_type": "p",
    "element_subtype": "standard-indented",
    "content": "While many events of the past were shown to her, neither Ellen White nor her son ever claimed that every historical detail mentioned in her works was provided by the Lord in vision. Ellen White says that she used &ldquo;facts&rdquo; which were &ldquo;well known and universally acknowledged.&rdquo; (See <span class=\"egwlink egwlink_book\" title=\"GC xiii.1\" data-link=\"132.69\">The Great Controversy, xiii, xiv</span>.) She wrote, for example, &ldquo;In 1816 the American Bible Society was founded (<span class=\"egwlink egwlink_book\" title=\"GC 287.1\" data-link=\"132.1312\">The Great Controversy, 287</span>).&rdquo; There is no reason to believe that this type of information was supplied in vision. W. C. White states:",
    "puborder": 317,
    "translations": []
  },
  {
    "para_id": "818.380",
    "id_prev": "818.379",
    "id_next": "818.382",
    "refcode_1": "QSEW",
    "refcode_2": "48",
    "refcode_3": "5",
    "refcode_4": "",
    "refcode_short": "QSEW 48.5",
    "refcode_long": "101 Questions on the Sanctuary and on Ellen White, p. 48.5 (Robert W. Olson)",
    "element_type": "p",
    "element_subtype": "blockquote-indented",
    "content": "&ldquo;The framework of the great temple of truth sustained by her writings was presented to her clearly in vision. In some features of this work, information was given in detail. Regarding some features of the revelation, such as the features of prophetic chronology, as regards the ministration in the sanctuary and the changes that took place in 1844, the matter was presented to her many times and in detail many times, and this enabled her to speak very clearly and very positively regarding the foundation pillars of our faith.",
    "puborder": 318,
    "translations": []
  },
  {
    "para_id": "818.382",
    "id_prev": "818.380",
    "id_next": "818.383",
    "refcode_1": "QSEW",
    "refcode_2": "49",
    "refcode_3": "1",
    "refcode_4": "",
    "refcode_short": "QSEW 49.1",
    "refcode_long": "101 Questions on the Sanctuary and on Ellen White, p. 49.1 (Robert W. Olson)",
    "element_type": "p",
    "element_subtype": "blockquote-indented",
    "content": "&ldquo;In some of the historical matters such as are brought out in <em>Patriarchs and Prophets</em> and in <em>Acts of the Apostles</em>, and in <em>Great Controversy</em>, the main outlines were made very clear and plain to her, and when she came to write up these topics, she was left to study the Bible and history to get dates and geographical relations and to perfect her description of details.&rdquo;&mdash;<span class=\"egwlink egwlink_book\" title=\"3SM 462.1\" data-link=\"100.2834\">Selected Messages 3:462</span>.",
    "puborder": 319,
    "translations": []
  },
  {
    "para_id": "818.383",
    "id_prev": "818.382",
    "id_next": "818.384",
    "refcode_1": "QSEW",
    "refcode_2": "49",
    "refcode_3": "2",
    "refcode_4": "",
    "refcode_short": "QSEW 49.2",
    "refcode_long": "101 Questions on the Sanctuary and on Ellen White, p. 49.2 (Robert W. Olson)",
    "element_type": "p",
    "element_subtype": "standard-indented",
    "content": "In a letter to W. W. Eastman, W. C. White declared:",
    "puborder": 320,
    "translations": []
  },
  {
    "para_id": "818.384",
    "id_prev": "818.383",
    "id_next": "818.385",
    "refcode_1": "QSEW",
    "refcode_2": "49",
    "refcode_3": "3",
    "refcode_4": "",
    "refcode_short": "QSEW 49.3",
    "refcode_long": "101 Questions on the Sanctuary and on Ellen White, p. 49.3 (Robert W. Olson)",
    "element_type": "p",
    "element_subtype": "blockquote-indented",
    "content": "&ldquo;When <em>Controversy</em> was written, Mother never thought that the readers would take it as authority on historical dates or use it to settle controversy regarding details of history, and she does not now feel that it should be used in that way.&rdquo;&mdash;<span class=\"egwlink egwlink_book\" title=\"3SM 447.1\" data-link=\"100.2733\">Selected Messages 3:447</span>.",
    "puborder": 321,
    "translations": []
  },
  {
    "para_id": "818.385",
    "id_prev": "818.384",
    "id_next": "818.386",
    "refcode_1": "QSEW",
    "refcode_2": "49",
    "refcode_3": "4",
    "refcode_4": "",
    "refcode_short": "QSEW 49.4",
    "refcode_long": "101 Questions on the Sanctuary and on Ellen White, p. 49.4 (Robert W. Olson)",
    "element_type": "p",
    "element_subtype": "standard-indented",
    "content": "W. C. White also wrote S. N. Haskell on the same subject, stating that:",
    "puborder": 322,
    "translations": []
  },
  {
    "para_id": "818.386",
    "id_prev": "818.385",
    "id_next": "818.387",
    "refcode_1": "QSEW",
    "refcode_2": "49",
    "refcode_3": "5",
    "refcode_4": "",
    "refcode_short": "QSEW 49.5",
    "refcode_long": "101 Questions on the Sanctuary and on Ellen White, p. 49.5 (Robert W. Olson)",
    "element_type": "p",
    "element_subtype": "blockquote-indented",
    "content": "&ldquo;We will make a great mistake if we lay aside historical research and endeavor to settle historical questions by the use of mother&rsquo;s books as an authority when she herself does not wish them to be used in any such way.&rdquo;&mdash;W. C. White to S. N. Haskell, October 31, 1912, White Estate Document File #65. (See further, question 83.)",
    "puborder": 323,
    "translations": []
  },
  {
    "para_id": "818.387",
    "id_prev": "818.386",
    "id_next": "818.388",
    "refcode_1": "QSEW",
    "refcode_2": "49",
    "refcode_3": "6",
    "refcode_4": "",
    "refcode_short": "QSEW 49.6",
    "refcode_long": "101 Questions on the Sanctuary and on Ellen White, p. 49.6 (Robert W. Olson)",
    "element_type": "p",
    "element_subtype": "standard-indented",
    "content": "In making her case for the future, Ellen White built not only on the revelations God gave her, but also on the records of the past. She made no attempt to write an authoritative history textbook. Rather, in the words of W. C. White, &ldquo;The principal use of the passages quoted from historians was not to make a new history, not to correct errors in history, but to use valuable illustrations to make plain important spiritual truths&rdquo; (W. C. White to L. E. Froom, February 18, 1932). No doubt God led Ellen White to lean on those historians who wrote basically from His point of view. Where their larger features were in accord with the panoramic scenes shown her, she felt free to draw from their works, even though these works may not have been perfect in every respect.",
    "puborder": 324,
    "translations": []
  },
  {
    "para_id": "818.388",
    "id_prev": "818.387",
    "id_next": "818.391",
    "refcode_1": "QSEW",
    "refcode_2": "49",
    "refcode_3": "7",
    "refcode_4": "",
    "refcode_short": "QSEW 49.7",
    "refcode_long": "101 Questions on the Sanctuary and on Ellen White, p. 49.7 (Robert W. Olson)",
    "element_type": "p",
    "element_subtype": "standard-indented",
    "content": "It should not be surprising to learn that as Ellen White gathered information from secular historians to develop her great controversy theme, some inaccuracies crept into her own book. When new printing plates for <em>The Great Controversy</em> had to be made in 1911, the author used the occasion as an opportunity to correct the discrepancies which were brought to her attention. For example, she changed the reading on page 50 from &ldquo;He styles himself &lsquo;Lord God the Pope&rsquo;&rdquo; in the 1888 edition to &ldquo;He has been styled &lsquo;Lord God the Pope&rsquo;&rdquo; in the 1911 edition. She modified the reading on page 65 from &ldquo;The Waldenses were the first of all the people of Europe to obtain a translation of the Holy Scriptures&rdquo; <span class=\"page-break\" data-page=\"50\"></span> in the 1888 edition to &ldquo;The Waldenses were among the first ...&rdquo; in the 1911 edition, etc.",
    "puborder": 325,
    "translations": []
  },
  {
    "para_id": "818.391",
    "id_prev": "818.388",
    "id_next": "818.392",
    "refcode_1": "QSEW",
    "refcode_2": "50",
    "refcode_3": "1",
    "refcode_4": "",
    "refcode_short": "QSEW 50.1",
    "refcode_long": "101 Questions on the Sanctuary and on Ellen White, p. 50.1 (Robert W. Olson)",
    "element_type": "p",
    "element_subtype": "standard-indented",
    "content": "Even if some inaccurate historical statements still remain in <em>The Great Controversy</em>, this in no way weakens the message of the book. Ellen White says, &ldquo;God gave me the light contained in <em>The Great Controversy</em>&rdquo; (<span class=\"egwlink egwlink_book\" title=\"CM 129.1\" data-link=\"16.615\">Colporteur Ministry, 129</span>). That light is needed in the church and in the world today more than ever before.",
    "puborder": 326,
    "translations": []
  }
]