[
  {
    "para_id": "961.815",
    "id_prev": "961.813",
    "id_next": "961.816",
    "refcode_1": "MPC",
    "refcode_2": "188",
    "refcode_3": "",
    "refcode_4": "",
    "refcode_short": "MPC 188",
    "refcode_long": "An Examination of the Scripture Testimony, p. 188 (John Norton Loughborough)",
    "element_type": "h3",
    "element_subtype": "",
    "content": "APPENDIX",
    "puborder": 459,
    "translations": []
  },
  {
    "para_id": "961.816",
    "id_prev": "961.815",
    "id_next": "961.817",
    "refcode_1": "MPC",
    "refcode_2": "188",
    "refcode_3": "1",
    "refcode_4": "",
    "refcode_short": "MPC 188.1",
    "refcode_long": "An Examination of the Scripture Testimony, p. 188.1 (John Norton Loughborough)",
    "element_type": "p",
    "element_subtype": "standard-indented",
    "content": "It is claimed by many, (when they find the Scriptures do not bear them out in the belief that the wicked must exist in torment through age without end,) that the good of all ages have believed it. We have found no such sentiment taught by David, Job, Daniel, or any Scripture writer. If we come to the testimony of those who have been the servants of God in the past, as well as the present dispensation, we shall find many of them holding sentiments similar to those advanced in the preceding pages of this work. We will give a few extracts in proof of what we have just stated. The doctrine of the immortality of the soul, it seems did not exist, even among the heathen in the vicinity of the promised land until they received it from Babylon. &ldquo;Pythagoras lived in Egypt from thence he went to Babylon. Jamblichus tells us his stay there was 12 years. The most important doctrine which he brought home from thence, was, that of the immortality of the soul.&rdquo; &mdash; <em>Prideaux&rsquo;s Connections</em>, Vol. 1, Page 205.",
    "puborder": 460,
    "translations": []
  },
  {
    "para_id": "961.817",
    "id_prev": "961.816",
    "id_next": "961.818",
    "refcode_1": "MPC",
    "refcode_2": "188",
    "refcode_3": "2",
    "refcode_4": "",
    "refcode_short": "MPC 188.2",
    "refcode_long": "An Examination of the Scripture Testimony, p. 188.2 (John Norton Loughborough)",
    "element_type": "p",
    "element_subtype": "standard-indented",
    "content": "Dr. Campbell says: &ldquo;Before the Captivity, and the Macedonian and Roman conquests, the Jews observed the most profound silence upon the state of the dead, as to their happiness or misery. They spoke of it simply as a state of silence, darkness, and inactivity. But after the Hebrews mingled with the Greeks and Romans they insensibly slid into their use of term and adopted some of their ideas on such subjects as those on which their oracles were silent.&rdquo; Here is testimony concerning the past dispensation.",
    "puborder": 461,
    "translations": []
  },
  {
    "para_id": "961.818",
    "id_prev": "961.817",
    "id_next": "961.821",
    "refcode_1": "MPC",
    "refcode_2": "188",
    "refcode_3": "3",
    "refcode_4": "",
    "refcode_short": "MPC 188.3",
    "refcode_long": "An Examination of the Scripture Testimony, p. 188.3 (John Norton Loughborough)",
    "element_type": "p",
    "element_subtype": "standard-indented",
    "content": "We find our Saviour at the commencement of the gospel age, saying to his disciples, [<span class=\"egwlink egwlink_bible\" title=\"Matthew 16:6\" data-link=\"1965.48344\">Matthew 16:6, 7, 12</span>,] &ldquo;Beware of the leaven to the Pharisees and of the Sadducees. And they reasoned among themselves, saying, It is because we have taken no bread. Then understood they how that he bade them not beware of the leaven of bread, but of the doctrine of the Pharisees and of the Sadducees.&rdquo; Says Josephus, &ldquo;The Pharisees believe that souls have immortal vigor in them, and that under the earth there will be rewards and <span class=\"page-break\" data-page=\"189\"></span> punishments.&rdquo; The Sadducees denied the resurrection: and the Pharisees, though they believed this, held an error in supposing that men were rewarded at death. Christ testified to them, &ldquo;Ye make the word of God of none effect by your traditions.&rdquo; He taught, &ldquo;Thou shalt be recompensed at the resurrection of the just.&rdquo;",
    "puborder": 462,
    "translations": []
  },
  {
    "para_id": "961.821",
    "id_prev": "961.818",
    "id_next": "961.822",
    "refcode_1": "MPC",
    "refcode_2": "189",
    "refcode_3": "1",
    "refcode_4": "",
    "refcode_short": "MPC 189.1",
    "refcode_long": "An Examination of the Scripture Testimony, p. 189.1 (John Norton Loughborough)",
    "element_type": "p",
    "element_subtype": "standard-indented",
    "content": "Says Justin Martyr, who was born A.D. 89, and was martyred, A.D. 163. Should you happen upon some who are called christians indeed, but even dare to assail the God of Abraham, Isaac, and Jacob with blasphemy, and say there is no resurrection of the dead, but instantly when they die, are received up into heaven; do not count these among christians.&rdquo;&mdash;<em>Brooks on Prophecy</em>, p. 52.",
    "puborder": 463,
    "translations": []
  },
  {
    "para_id": "961.822",
    "id_prev": "961.821",
    "id_next": "961.823",
    "refcode_1": "MPC",
    "refcode_2": "189",
    "refcode_3": "2",
    "refcode_4": "",
    "refcode_short": "MPC 189.2",
    "refcode_long": "An Examination of the Scripture Testimony, p. 189.2 (John Norton Loughborough)",
    "element_type": "p",
    "element_subtype": "standard-indented",
    "content": "Below we give a list of texts in which some of the important words relied upon as strong proof of the immortality of the soul are used (such as <em>soul,</em> spirit, etc.,) and their corresponding Hebrew rendering in the margin.",
    "puborder": 464,
    "translations": []
  },
  {
    "para_id": "961.823",
    "id_prev": "961.822",
    "id_next": "961.824",
    "refcode_1": "MPC",
    "refcode_2": "189",
    "refcode_3": "3",
    "refcode_4": "",
    "refcode_short": "MPC 189.3",
    "refcode_long": "An Examination of the Scripture Testimony, p. 189.3 (John Norton Loughborough)",
    "element_type": "p",
    "element_subtype": "standard-indented",
    "content": "Texts in which the pronouns <em>Me, Myself, He, His, Him, Himself. Yourselves, They, Themselves,</em> are used, in the margin the word soul is used in their stead.",
    "puborder": 465,
    "translations": []
  },
  {
    "para_id": "961.824",
    "id_prev": "961.823",
    "id_next": "961.825",
    "refcode_1": "MPC",
    "refcode_2": "189",
    "refcode_3": "",
    "refcode_4": "",
    "refcode_short": "",
    "refcode_long": "",
    "element_type": "p",
    "element_subtype": "standard-noindent",
    "content": "TEXTS MARGIN.\n<br /><em>Common Version Hebrew.</em>",
    "puborder": 466,
    "translations": []
  },
  {
    "para_id": "961.825",
    "id_prev": "961.824",
    "id_next": "961.827",
    "refcode_1": "MPC",
    "refcode_2": "189",
    "refcode_3": "",
    "refcode_4": "",
    "refcode_short": "MPC 189",
    "refcode_long": "An Examination of the Scripture Testimony, p. 189 (John Norton Loughborough)",
    "element_type": "table",
    "element_subtype": "table1",
    "content": "\n<tr><td><span class=\"egwlink egwlink_bible\" title=\"Numbers 23:10\" data-link=\"1965.8999\">Numbers 23:10</span>. Let <em>me</em> die the death of the righteous.</td><td>Let <em>my soul</em> die.</td></tr>\n<tr><td><span class=\"egwlink egwlink_bible\" title=\"Judges 16:30\" data-link=\"1965.14195\">Judges 16:30</span>. Let <em>me</em> die with the Philistines.</td><td>Let <em>my soul</em> die.</td></tr>\n<tr><td><span class=\"egwlink egwlink_bible\" title=\"Psalm 131:2\" data-link=\"1965.32931\">Psalm 131:2</span>. I have behaved and quieted <em>myself.</em></td><td>Quieted <em>my soul.</em></td></tr>\n<tr><td><span class=\"egwlink egwlink_bible\" title=\"Psalm 49:19\" data-link=\"1965.29883\">Psalm 49:19</span>. <em>He</em> shall go to the generation of his fathers.</td><td>The <em>soul</em> shall go.</td></tr>\n<tr><td><span class=\"egwlink egwlink_bible\" title=\"Psalm 105:18\" data-link=\"1965.31853\">Psalm 105:18</span>. <em>He</em> was laid in iron.</td><td>His <em>soul</em> came into iron.</td></tr>\n<tr><td><span class=\"egwlink egwlink_bible\" title=\"Proverbs 16:26\" data-link=\"1965.34399\">Proverbs 16:26</span>. <em>He</em> that laboreth.</td><td>The <em>soul</em> of him that laboreth.</td></tr>\n<tr><td><span class=\"egwlink egwlink_bible\" title=\"Proverbs 14:10\" data-link=\"1965.34229\">Proverbs 14:10</span>. <em>His</em> own bitterness.</td><td>The bitterness of his soul.</td></tr>\n<tr><td><span class=\"egwlink egwlink_bible\" title=\"Micah 7:3\" data-link=\"1965.46270\">Micah 7:3</span>. He uttereth <em>his soul.</em></td><td>The mischief of his mischievous desire.</td></tr>\n<tr><td><span class=\"egwlink egwlink_bible\" title=\"Proverbs 6:16\" data-link=\"1965.33769\">Proverbs 6:16</span>. Seven things are an abomination unto <em>him</em>.</td><td>Of his <em>soul.</em></td></tr>\n",
    "puborder": 467,
    "translations": []
  },
  {
    "para_id": "961.827",
    "id_prev": "961.825",
    "id_next": "961.828",
    "refcode_1": "MPC",
    "refcode_2": "190",
    "refcode_3": "",
    "refcode_4": "",
    "refcode_short": "MPC 190",
    "refcode_long": "An Examination of the Scripture Testimony, p. 190 (John Norton Loughborough)",
    "element_type": "table",
    "element_subtype": "table1",
    "content": "\n<tr><td>~<span class=\"egwlink egwlink_bible\" title=\"Job 18:4\" data-link=\"1965.27035\">Job 18:4</span>. He teareth <em>himself</em> in his anger.</td><td>His <em>soul.</em></td></tr>\n<tr><td>~<span class=\"egwlink egwlink_bible\" title=\"Job 32:2\" data-link=\"1965.27749\">Job 32:2</span>. Justified <em>himself.</em></td><td>His <em>soul.</em></td></tr>\n<tr><td>~<span class=\"egwlink egwlink_bible\" title=\"Jeremiah 51:14\" data-link=\"1965.41275\">Jeremiah 51:14</span>. The Lord of hosts hath sworn by <em>himself.</em></td><td>By his <em>soul.</em></td></tr>\n<tr><td>~<span class=\"egwlink egwlink_bible\" title=\"Amos 2:14\" data-link=\"1965.45700\">Amos 2:14</span>. Neither shall the mighty deliver <em>himself.</em></td><td>His <em>soul.</em></td></tr>\n<tr><td>~<span class=\"egwlink egwlink_bible\" title=\"Leviticus 11:43\" data-link=\"1965.6187\">Leviticus 11:43</span>. Not make <em>yourselves</em> abominable.</td><td>Your <em>souls.</em></td></tr>\n<tr><td>~<span class=\"egwlink egwlink_bible\" title=\"Joshua 23:11\" data-link=\"1965.13161\">Joshua 23:11</span>. Take good heed therefore unto <em>yourselves.</em></td><td>Your <em>souls.</em> Their <em>soul</em> dieth.</td></tr>\n<tr><td>~<span class=\"egwlink egwlink_bible\" title=\"Job 36:14\" data-link=\"1965.27993\">Job 36:14</span>. <em>They</em> die.</td><td>Their <em>soul.</em></td></tr>\n<tr><td>~<span class=\"egwlink egwlink_bible\" title=\"Isaiah 46:2\" data-link=\"1965.37927\">Isaiah 46:2</span>. <em>Themselves</em> are gone.</td><td></td></tr>\n<tr><td>~<span class=\"egwlink egwlink_bible\" title=\"Isaiah 47:14\" data-link=\"1965.37978\">Isaiah 47:14</span>. Not deliver <em>themselves.</em></td><td>For their <em>souls.</em></td></tr>\n<tr><td>~<span class=\"egwlink egwlink_bible\" title=\"Esther 9:31\" data-link=\"1965.26185\">Esther 9:31</span>. Decreed for <em>themselves.</em></td><td>For their <em>souls.</em></td></tr>\n",
    "puborder": 468,
    "translations": []
  },
  {
    "para_id": "961.828",
    "id_prev": "961.827",
    "id_next": "961.829",
    "refcode_1": "MPC",
    "refcode_2": "190",
    "refcode_3": "",
    "refcode_4": "",
    "refcode_short": "",
    "refcode_long": "",
    "element_type": "p",
    "element_subtype": "standard-noindent",
    "content": "~Texts in which the word <em>person</em> is used, and the rendering in the margin is <em>soul:</em>",
    "puborder": 469,
    "translations": []
  },
  {
    "para_id": "961.829",
    "id_prev": "961.828",
    "id_next": "961.830",
    "refcode_1": "MPC",
    "refcode_2": "190",
    "refcode_3": "",
    "refcode_4": "",
    "refcode_short": "MPC 190",
    "refcode_long": "An Examination of the Scripture Testimony, p. 190 (John Norton Loughborough)",
    "element_type": "table",
    "element_subtype": "table1",
    "content": "\n<tr><td>~<span class=\"egwlink egwlink_bible\" title=\"Genesis 36:6\" data-link=\"1965.2132\">Genesis 36:6</span>. All the <em>persons</em> of his house.</td><td>All the <em>souls.</em></td></tr>\n<tr><td>~<span class=\"egwlink egwlink_bible\" title=\"Exodus 16:16\" data-link=\"1965.3997\">Exodus 16:16</span>. According to the number of your <em>persons.</em></td><td><em>Souls.</em></td></tr>\n<tr><td>~<span class=\"egwlink egwlink_bible\" title=\"Jeremiah 52:28\" data-link=\"1965.41432\">Jeremiah 52:28</span>. Eight hundred, thirty and two <em>persons.</em></td><td><em>Souls.</em></td></tr>\n",
    "puborder": 470,
    "translations": []
  },
  {
    "para_id": "961.830",
    "id_prev": "961.829",
    "id_next": "961.831",
    "refcode_1": "MPC",
    "refcode_2": "190",
    "refcode_3": "",
    "refcode_4": "",
    "refcode_short": "",
    "refcode_long": "",
    "element_type": "p",
    "element_subtype": "standard-noindent",
    "content": "~Instances where <em>himself</em> and <em>life</em> occur in the text and are rendered <em>life, person</em> and <em>living soul</em> in the margin:",
    "puborder": 471,
    "translations": []
  },
  {
    "para_id": "961.831",
    "id_prev": "961.830",
    "id_next": "961.832",
    "refcode_1": "MPC",
    "refcode_2": "190",
    "refcode_3": "",
    "refcode_4": "",
    "refcode_short": "MPC 190",
    "refcode_long": "An Examination of the Scripture Testimony, p. 190 (John Norton Loughborough)",
    "element_type": "table",
    "element_subtype": "table1",
    "content": "\n<tr><td>~<span class=\"egwlink egwlink_bible\" title=\"1 Kings 19:4\" data-link=\"1965.19106\">1 Kings 19:4</span>. Requested for himselfthat he might die.</td><td><em>For his Life.</em></td></tr>\n<tr><td>~<span class=\"egwlink egwlink_bible\" title=\"Isaiah 43:4\" data-link=\"1965.37766\">Isaiah 43:4</span>. Give people for thy <em>life.</em></td><td><em>Person.</em></td></tr>\n<tr><td>~<span class=\"egwlink egwlink_bible\" title=\"Genesis 1:30\" data-link=\"1965.63\">Genesis 1:30</span>. Everything that creepeth upon the earth, wherein</td><td><em>A living soul.</em></td></tr>\n<tr><td>~ there is <em>life.</em></td><td></td></tr>\n",
    "puborder": 472,
    "translations": []
  },
  {
    "para_id": "961.832",
    "id_prev": "961.831",
    "id_next": "961.833",
    "refcode_1": "MPC",
    "refcode_2": "190",
    "refcode_3": "",
    "refcode_4": "",
    "refcode_short": "",
    "refcode_long": "",
    "element_type": "p",
    "element_subtype": "standard-noindent",
    "content": "We have already stated that the primary signification of the word <em>soul</em> was the whole man. These many instances we have referred to above prove what we have claimed. Life is sometimes meant by the soul.",
    "puborder": 473,
    "translations": []
  },
  {
    "para_id": "961.833",
    "id_prev": "961.832",
    "id_next": "961.835",
    "refcode_1": "MPC",
    "refcode_2": "190",
    "refcode_3": "",
    "refcode_4": "",
    "refcode_short": "MPC 190",
    "refcode_long": "An Examination of the Scripture Testimony, p. 190 (John Norton Loughborough)",
    "element_type": "table",
    "element_subtype": "table1",
    "content": "\n<tr><td>~<span class=\"egwlink egwlink_bible\" title=\"Job 12:10\" data-link=\"1965.26745\">Job 12:10</span>. The <em>soul</em> of every living thing.</td><td><em>Life.</em></td></tr>\n<tr><td>~<span class=\"egwlink egwlink_bible\" title=\"Genesis 1:20\" data-link=\"1965.43\">Genesis 1:20</span>. Moving creature that hath</td><td>Soul.</td></tr>\n",
    "puborder": 474,
    "translations": []
  },
  {
    "para_id": "961.835",
    "id_prev": "961.833",
    "id_next": "961.836",
    "refcode_1": "MPC",
    "refcode_2": "191",
    "refcode_3": "",
    "refcode_4": "",
    "refcode_short": "",
    "refcode_long": "",
    "element_type": "p",
    "element_subtype": "standard-noindent",
    "content": "~Let those who suppose the soul is immaterial read the following texts:",
    "puborder": 475,
    "translations": []
  },
  {
    "para_id": "961.836",
    "id_prev": "961.835",
    "id_next": "961.837",
    "refcode_1": "MPC",
    "refcode_2": "191",
    "refcode_3": "",
    "refcode_4": "",
    "refcode_short": "MPC 191",
    "refcode_long": "An Examination of the Scripture Testimony, p. 191 (John Norton Loughborough)",
    "element_type": "table",
    "element_subtype": "table1",
    "content": "\n<tr><td>~<span class=\"egwlink egwlink_bible\" title=\"Ecclesiastes 6:7\" data-link=\"1965.35537\">Ecclesiastes 6:7</span>. And yet the <em>appetite</em> is not filled.</td><td><em>Soul.</em></td></tr>\n<tr><td>~<span class=\"egwlink egwlink_bible\" title=\"Lamentations 1:11\" data-link=\"1965.41468\">Lamentations 1:11</span>. Give pleasant things for meat to relieve the <em>soul.</em></td><td><em>Make the soul come again.</em></td></tr>\n",
    "puborder": 476,
    "translations": []
  },
  {
    "para_id": "961.837",
    "id_prev": "961.836",
    "id_next": "961.838",
    "refcode_1": "MPC",
    "refcode_2": "191",
    "refcode_3": "",
    "refcode_4": "",
    "refcode_short": "",
    "refcode_long": "",
    "element_type": "p",
    "element_subtype": "standard-noindent",
    "content": "We will now quote an instance where the expression <em>dead body</em> occurs. Translators tell us the original Hebrew for dead body is <em>meth nephesh.</em>",
    "puborder": 477,
    "translations": []
  },
  {
    "para_id": "961.838",
    "id_prev": "961.837",
    "id_next": "961.839",
    "refcode_1": "MPC",
    "refcode_2": "191",
    "refcode_3": "",
    "refcode_4": "",
    "refcode_short": "MPC 191",
    "refcode_long": "An Examination of the Scripture Testimony, p. 191 (John Norton Loughborough)",
    "element_type": "table",
    "element_subtype": "table1",
    "content": "\n<tr><td>~<span class=\"egwlink egwlink_bible\" title=\"Numbers 19:11\" data-link=\"1965.8743\">Numbers 19:11</span>. He that toucheth the <em>dead body</em> of any man.</td><td><em>Dead soul of man.</em></td></tr>\n",
    "puborder": 478,
    "translations": []
  },
  {
    "para_id": "961.839",
    "id_prev": "961.838",
    "id_next": "961.840",
    "refcode_1": "MPC",
    "refcode_2": "191",
    "refcode_3": "",
    "refcode_4": "",
    "refcode_short": "",
    "refcode_long": "",
    "element_type": "p",
    "element_subtype": "standard-noindent",
    "content": "See the following texts, in which the expression <em>dead body</em> occurs. Remember as you read them that those dead bodies spoken of are dead souls. <span class=\"egwlink egwlink_bible\" title=\"Numbers 9:10\" data-link=\"1965.8083\">Numbers 9:10</span>; <span class=\"egwlink egwlink_bible\" title=\"Leviticus 21:11\" data-link=\"1965.6829\">Leviticus 21:11</span>; <span class=\"egwlink egwlink_bible\" title=\"Numbers 6:6\" data-link=\"1965.7788\">Numbers 6:6</span>; <span class=\"egwlink egwlink_bible\" title=\"Numbers 19:16\" data-link=\"1965.8753\">19:16</span>; <span class=\"egwlink egwlink_bible\" title=\"2 Chronicles 20:24\" data-link=\"1965.23626\">2 Chronicles 20:24, 25</span>; <span class=\"egwlink egwlink_bible\" title=\"Psalm 79:2\" data-link=\"1965.30953\">Psalm 79:2</span>; <span class=\"egwlink egwlink_bible\" title=\"Psalm 110:6\" data-link=\"1965.32194\">Psalm 110:6</span>; <span class=\"egwlink egwlink_bible\" title=\"Haggai 2:13\" data-link=\"1965.46687\">Haggai 2:13</span>.",
    "puborder": 479,
    "translations": []
  },
  {
    "para_id": "961.840",
    "id_prev": "961.839",
    "id_next": "961.841",
    "refcode_1": "MPC",
    "refcode_2": "191",
    "refcode_3": "",
    "refcode_4": "",
    "refcode_short": "MPC 191",
    "refcode_long": "An Examination of the Scripture Testimony, p. 191 (John Norton Loughborough)",
    "element_type": "table",
    "element_subtype": "table1",
    "content": "\n<tr><td><em>Wind.</em></td><td><em>Spirit.</em></td></tr>\n<tr><td>~<span class=\"egwlink egwlink_bible\" title=\"Amos 4:13\" data-link=\"1965.45762\">Amos 4:13</span>. Createth the wind.</td><td><em>Spirit.</em></td></tr>\n<tr><td>~<span class=\"egwlink egwlink_bible\" title=\"Zechariah 6:5\" data-link=\"1965.46862\">Zechariah 6:5</span>. These are the four <em>spirits</em> of the heaven.</td><td><em>Winds.</em></td></tr> <tr><td><em>Ghost.</em></td><td><em>Breath.</em></td></tr>\n<tr><td>~<span class=\"egwlink egwlink_bible\" title=\"Job 11:20\" data-link=\"1965.26724\">Job 11:20</span>. Hope shall be as the <em>giving up of the Ghost.</em></td><td><em>A Puff of Breath.</em></td></tr>\n",
    "puborder": 480,
    "translations": []
  },
  {
    "para_id": "961.841",
    "id_prev": "961.840",
    "id_next": "961.843",
    "refcode_1": "MPC",
    "refcode_2": "191",
    "refcode_3": "1",
    "refcode_4": "",
    "refcode_short": "MPC 191.1",
    "refcode_long": "An Examination of the Scripture Testimony, p. 191.1 (John Norton Loughborough)",
    "element_type": "p",
    "element_subtype": "standard-indented",
    "content": "For the consideration of those who may think there is at the present time a <em>hell</em> of torment, in which the wicked go at death, we give the following concerning hell. Vain have been the attempts to locate hell by those who believe that it now exists. The texts in the New Testament in which the word hell occurs, applied to the punishment of the wicked, not one of them refer to any place that is now in existence, but to one that will exist after the judgement. <em>&ldquo;Gehenna,&rdquo;</em> the Greek word translated <em>&ldquo;Hell,&rdquo;</em> and used in the New Testament in relation to the punishment of the wicked, occurs 12 times in the New Testament&mdash;7 times in <span class=\"egwlink egwlink_bible\" title=\"Matthew 3:1\" data-link=\"1965.47361\">Matthew 3</span> times in Mark, once in Luke, and once in James. Three of these appear to be used figuratively, viz; <span class=\"egwlink egwlink_bible\" title=\"Matthew 5:22\" data-link=\"1965.47489\">Matthew 5:22</span>; <span class=\"egwlink egwlink_bible\" title=\"Matthew 23:15\" data-link=\"1965.48861\">23:15</span>; and <span class=\"egwlink egwlink_bible\" title=\"James 3:6\" data-link=\"1965.61861\">James 3:6</span>. The places where this word occurs are <span class=\"egwlink egwlink_bible\" title=\"Matthew 5:22\" data-link=\"1965.47489\">Matthew 5:22, 29, 30</span>; <span class=\"egwlink egwlink_bible\" title=\"Matthew 10:28\" data-link=\"1965.47872\">10:28</span>; <span class=\"egwlink egwlink_bible\" title=\"Matthew 18:9\" data-link=\"1965.48462\">18:9</span>; <span class=\"egwlink egwlink_bible\" title=\"Matthew 23:15\" data-link=\"1965.48861\">23:15, 33</span>. <span class=\"egwlink egwlink_bible\" title=\"Mark 9:43\" data-link=\"1965.50172\">Mark 9:43, 45, 47</span>. <span class=\"egwlink egwlink_bible\" title=\"Luke 12:5\" data-link=\"1965.51958\">Luke 12:5</span>. <span class=\"egwlink egwlink_bible\" title=\"James 3:6\" data-link=\"1965.61861\">James 3:6</span>.",
    "puborder": 481,
    "translations": []
  },
  {
    "para_id": "961.843",
    "id_prev": "961.841",
    "id_next": "961.844",
    "refcode_1": "MPC",
    "refcode_2": "192",
    "refcode_3": "1",
    "refcode_4": "",
    "refcode_short": "MPC 192.1",
    "refcode_long": "An Examination of the Scripture Testimony, p. 192.1 (John Norton Loughborough)",
    "element_type": "p",
    "element_subtype": "standard-indented",
    "content": "The word is used only in addressing the Jews, and was understood by them. What was their idea of Gehenna? Says The Polymicrian Greek Lexicon <em>to the</em> New Testament, &ldquo;<em>Gehenna,</em> properly the valley of Hinnom, south of Jerusalem; once celebrated for the horrid worship of Moloch, and afterwards polluted with every species of filth, as well as the carcasses of animals and dead bodies of malefactors; to consume which, in order to avert the pestilence which such a mass of corruption would occasion, constant fires were kept burning.&rdquo; In this valley people anciently punished transgressors. See <span class=\"egwlink egwlink_bible\" title=\"Leviticus 20:9\" data-link=\"1965.6770\">Leviticus 20:9, 14</span>; <span class=\"egwlink egwlink_bible\" title=\"Jeremiah 7:30\" data-link=\"1965.39077\">Jeremiah 7:30</span>; <span class=\"egwlink egwlink_bible\" title=\"Jeremiah 19:1\" data-link=\"1965.39607\">19:1-13</span>; <span class=\"egwlink egwlink_bible\" title=\"Jeremiah 32:35\" data-link=\"1965.40336\">32:35</span>; <span class=\"egwlink egwlink_bible\" title=\"Jeremiah 48:8\" data-link=\"1965.40996\">48:8</span>; <span class=\"egwlink egwlink_bible\" title=\"Isaiah 30:30\" data-link=\"1965.37229\">Isaiah 30:30-33</span>. And people are again to be punished there. See <span class=\"egwlink egwlink_bible\" title=\"Joel 3:2\" data-link=\"1965.45601\">Joel 3:2</span>. <span class=\"egwlink egwlink_bible\" title=\"Zechariah 14:1\" data-link=\"1965.47104\">Zechariah 14:1-3</span>. <span class=\"egwlink egwlink_bible\" title=\"Revelation 16:16\" data-link=\"1965.63192\">Revelation 16:16-21</span>; <span class=\"egwlink egwlink_bible\" title=\"Revelation 20:9\" data-link=\"1965.63350\">20:9</span>.",
    "puborder": 482,
    "translations": []
  },
  {
    "para_id": "961.844",
    "id_prev": "961.843",
    "id_next": "961.845",
    "refcode_1": "MPC",
    "refcode_2": "192",
    "refcode_3": "2",
    "refcode_4": "",
    "refcode_short": "MPC 192.2",
    "refcode_long": "An Examination of the Scripture Testimony, p. 192.2 (John Norton Loughborough)",
    "element_type": "p",
    "element_subtype": "standard-indented",
    "content": "The words which are rendered <em>hell,</em> and are used in regard to the state of the dead, simply signify <em>the grave.</em>&mdash;<em>&ldquo;Hades&rdquo;</em> is a Greek word which occurs <em>eleven</em> times in the <em>New Testament,</em> and is <em>ten</em> time translated <em>&ldquo;hell&rdquo;</em> and <em>once &ldquo;grave,&rdquo;</em> viz.: <span class=\"egwlink egwlink_bible\" title=\"1 Corinthians 15:55\" data-link=\"1965.58672\">1 Corinthians 15:55</span>. It is found in the following texts, viz.: <span class=\"egwlink egwlink_bible\" title=\"Matthew 11:23\" data-link=\"1965.47947\">Matthew 11:23</span>; <span class=\"egwlink egwlink_bible\" title=\"Matthew 16:18\" data-link=\"1965.48368\">16:18</span>. <span class=\"egwlink egwlink_bible\" title=\"Luke 10:15\" data-link=\"1965.51784\">Luke 10:15</span>; <span class=\"egwlink egwlink_bible\" title=\"Luke 16:23\" data-link=\"1965.52320\">16:23</span>. <span class=\"egwlink egwlink_bible\" title=\"Acts 2:31\" data-link=\"1965.55027\">Acts 2:31, 27</span>. <span class=\"egwlink egwlink_bible\" title=\"Revelation 1:18\" data-link=\"1965.62667\">Revelation 1:18</span>; <span class=\"egwlink egwlink_bible\" title=\"Revelation 20:14\" data-link=\"1965.63360\">20:14</span>. The Hebrew word &ldquo;Sheol&rdquo; is the word that is rendered <em>&ldquo;hell&rdquo;</em> 31 times in the Old Testament, and can never be understood to signify a place of punishment.",
    "puborder": 483,
    "translations": []
  },
  {
    "para_id": "961.845",
    "id_prev": "961.844",
    "id_next": null,
    "refcode_1": "MPC",
    "refcode_2": "192",
    "refcode_3": "3",
    "refcode_4": "",
    "refcode_short": "MPC 192.3",
    "refcode_long": "An Examination of the Scripture Testimony, p. 192.3 (John Norton Loughborough)",
    "element_type": "p",
    "element_subtype": "standard-indented",
    "content": "&ldquo;The Gates of <em>hell</em>&rdquo; some have supposed to refer to a place of torment. Dr. Campbell says: &ldquo;The gates of <em>hades</em> [the grave] is a very natural paraphrase for death.&rdquo; He adds: &ldquo;We have sufficient evidence, sacred and profane, that this is its meaning.&rdquo;",
    "puborder": 484,
    "translations": []
  }
]