[
  {
    "para_id": "1007.5",
    "id_prev": "1007.4",
    "id_next": "1007.6",
    "refcode_1": "JRLE",
    "refcode_2": "1",
    "refcode_3": "",
    "refcode_4": "",
    "refcode_short": "JRLE 1",
    "refcode_long": "Judicial Religious Legislation Exposed, p. 1 (Alonzo Trevier Jones)",
    "element_type": "h3",
    "element_subtype": "",
    "content": "The History",
    "puborder": 4,
    "translations": []
  },
  {
    "para_id": "1007.6",
    "id_prev": "1007.5",
    "id_next": "1007.7",
    "refcode_1": "JRLE",
    "refcode_2": "1",
    "refcode_3": "3",
    "refcode_4": "",
    "refcode_short": "JRLE 1.3",
    "refcode_long": "Judicial Religious Legislation Exposed, p. 1.3 (Alonzo Trevier Jones)",
    "element_type": "p",
    "element_subtype": "standard-indented",
    "content": "Sunday laws originated in that dark intrigue between Constantine and the bishops, when, in the language of Draper, &ldquo;It was the ambition of Constantine to make theology a branch of politics. It was the hope of every bishop in the empire to make politics a branch of theology.&rdquo; The result was the original union of church and state, with the full-fledged papacy as the consequence; and Sunday legislation was the key to the whole.",
    "puborder": 5,
    "translations": []
  },
  {
    "para_id": "1007.7",
    "id_prev": "1007.6",
    "id_next": "1007.8",
    "refcode_1": "JRLE",
    "refcode_2": "1",
    "refcode_3": "4",
    "refcode_4": "",
    "refcode_short": "JRLE 1.4",
    "refcode_long": "Judicial Religious Legislation Exposed, p. 1.4 (Alonzo Trevier Jones)",
    "element_type": "p",
    "element_subtype": "standard-indented",
    "content": "Those original Sunday laws were specifically religious, and this to the express exclusion of every other consideration, temporal, civil, or physical. When these laws were extended to the strict prohibition of &ldquo;civil transactions of every kind on Sunday,&rdquo; the penalty of &ldquo;sacrilege&rdquo;&mdash;not crime&mdash;that was incurred by violation of the laws is indisputable evidence of the religious nature and intent of the laws.",
    "puborder": 6,
    "translations": []
  },
  {
    "para_id": "1007.8",
    "id_prev": "1007.7",
    "id_next": "1007.9",
    "refcode_1": "JRLE",
    "refcode_2": "1",
    "refcode_3": "5",
    "refcode_4": "",
    "refcode_short": "JRLE 1.5",
    "refcode_long": "Judicial Religious Legislation Exposed, p. 1.5 (Alonzo Trevier Jones)",
    "element_type": "p",
    "element_subtype": "standard-indented",
    "content": "When, in A. D. 538, a council at Orleans declared that what should be lawful or unlawful on Sunday was a question &ldquo;exclusively of ecclesiastical jurisdiction,&rdquo; in the nature of things the penalty incurred by disregard of the Sunday laws, as defined by a council at Macon, in Gaul, in A. D. 585, distinguished these laws as exclusively religious and ecclesiastical. That penalty was the double and cumulative one of, first, &ldquo;the wrath of God,&rdquo; and, second, &ldquo;the unappeasable anger of the clergy.&rdquo;",
    "puborder": 7,
    "translations": []
  },
  {
    "para_id": "1007.9",
    "id_prev": "1007.8",
    "id_next": "1007.10",
    "refcode_1": "JRLE",
    "refcode_2": "1",
    "refcode_3": "6",
    "refcode_4": "",
    "refcode_short": "JRLE 1.6",
    "refcode_long": "Judicial Religious Legislation Exposed, p. 1.6 (Alonzo Trevier Jones)",
    "element_type": "p",
    "element_subtype": "standard-indented",
    "content": "In England James I, as head of the church and defender of the faith, by his &ldquo;Book of Sports,&rdquo; relieved the people from the extreme pressure of the Sunday laws. Indulgence of the &ldquo;sports&rdquo; on Sunday became so excessive, that in the reign of Charles I the justices of the peace petitioned the lord chief justice for a restraint of the excesses. But when the lord chief justice and another judge issued an order to that effect they were reproved by the archbishop, who was sustained by the King, and were required to revoke their order because it was an &ldquo;invasion of the episcopal jurisdiction.&rdquo;",
    "puborder": 8,
    "translations": []
  },
  {
    "para_id": "1007.10",
    "id_prev": "1007.9",
    "id_next": "1007.12",
    "refcode_1": "JRLE",
    "refcode_2": "1",
    "refcode_3": "7",
    "refcode_4": "",
    "refcode_short": "JRLE 1.7",
    "refcode_long": "Judicial Religious Legislation Exposed, p. 1.7 (Alonzo Trevier Jones)",
    "element_type": "p",
    "element_subtype": "standard-indented",
    "content": "When those same Sunday laws of England were extended to the English colonies in America and were intensified as in New England by the Puritans, the extreme and exclusively religious nature of these laws was such as to cause them to become forever proverbial. And in the colony of New York the Sunday law declared that the profanation of that day was &ldquo;the great scandal of the Christian faith.&rdquo;",
    "puborder": 9,
    "translations": []
  },
  {
    "para_id": "1007.12",
    "id_prev": "1007.10",
    "id_next": "1007.13",
    "refcode_1": "JRLE",
    "refcode_2": "2",
    "refcode_3": "1",
    "refcode_4": "",
    "refcode_short": "JRLE 2.1",
    "refcode_long": "Judicial Religious Legislation Exposed, p. 2.1 (Alonzo Trevier Jones)",
    "element_type": "p",
    "element_subtype": "standard-indented",
    "content": "These exclusively religious Sunday laws of the colonies were inevitably the Sunday laws of the original States here, by the fact that within an hour (July 4, 1776), those very colonies became these States.",
    "puborder": 10,
    "translations": []
  }
]