[
  {
    "para_id": "14800.299",
    "id_prev": "14800.297",
    "id_next": "14800.300",
    "refcode_1": "CR",
    "refcode_2": "40",
    "refcode_3": "",
    "refcode_4": "36",
    "refcode_short": "CR 40",
    "refcode_long": "Counsels on Relationships, p. 40 (Ellen G. White Estate)",
    "element_type": "h3",
    "element_subtype": "",
    "content": "<i>Counsel #1</i> &mdash; Value Of Friends",
    "puborder": 258,
    "translations": []
  },
  {
    "para_id": "14800.300",
    "id_prev": "14800.299",
    "id_next": "14800.301",
    "refcode_1": "CR",
    "refcode_2": "40",
    "refcode_3": "1",
    "refcode_4": "",
    "refcode_short": "CR 40.1",
    "refcode_long": "Counsels on Relationships, p. 40.1 (Ellen G. White Estate)",
    "element_type": "p",
    "element_subtype": "standard-indented",
    "content": "<a href=\"https://media2.egwwritings.org/images/14800/3_true_friends/1_true_friends.webp\" alt=\"Counsel #1 &mdash; Value of Friends\" title=\"Counsel #1 &mdash; Value of Friends\" data-link=\"https://egw.bz/go?uri=https%3a%2f%2fmedia2.egwwritings.org%2fimages%2f14800%2f3_true_friends%2f1_true_friends.webp\" class=\"egwlink egwlink_external\">Picture:</a> <i>Counsel #1</i> &mdash; Value of Friends",
    "puborder": 259,
    "translations": []
  },
  {
    "para_id": "14800.301",
    "id_prev": "14800.300",
    "id_next": "14800.302",
    "refcode_1": "CR",
    "refcode_2": "40",
    "refcode_3": "2",
    "refcode_4": "",
    "refcode_short": "CR 40.2",
    "refcode_long": "Counsels on Relationships, p. 40.2 (Ellen G. White Estate)",
    "element_type": "p",
    "element_subtype": "standard-indented",
    "content": "God created us as social beings. We are encouraged, strengthened, and motivated by Christian friends with whom we can share, laugh, cry, pray, discuss, play, and worship.<sup class=\"footnote\"><a class=\"footnote\">[16]<span class=\"footnote\"><a href=\"https://women.adventist.org/friendship\" data-link=\"https://egw.bz/go?uri=https%3a%2f%2fwomen.adventist.org%2ffriendship\" class=\"egwlink egwlink_external\">https://women.adventist.org/friendship</a></span></a></sup> True Christian friendships will improve your physical, mental, emotional, and spiritual health.",
    "puborder": 260,
    "translations": []
  },
  {
    "para_id": "14800.302",
    "id_prev": "14800.301",
    "id_next": "14800.303",
    "refcode_1": "CR",
    "refcode_2": "40",
    "refcode_3": "3",
    "refcode_4": "",
    "refcode_short": "CR 40.3",
    "refcode_long": "Counsels on Relationships, p. 40.3 (Ellen G. White Estate)",
    "element_type": "p",
    "element_subtype": "standard-indented",
    "content": "&ldquo;Two are better than one, because they have a good reward for their labor. For if they fall, one will lift up his companion. But woe to him who is alone when he falls, for he has no one to help him up…. Though one may be overpowered by another, two can withstand him. And a threefold cord is not quickly broken.&rdquo; <b><span title=\"Ecclesiastes 4:9\" class=\"egwlink egwlink_bible\" data-link=\"1965.35467\">Ecclesiastes 4:9</span>-<span title=\"Ecclesiastes 4:11\" class=\"egwlink egwlink_bible\" data-link=\"1965.35471\">11</span> NKJV</b>",
    "puborder": 261,
    "translations": []
  },
  {
    "para_id": "14800.303",
    "id_prev": "14800.302",
    "id_next": "14800.304",
    "refcode_1": "CR",
    "refcode_2": "40",
    "refcode_3": "4",
    "refcode_4": "",
    "refcode_short": "CR 40.4",
    "refcode_long": "Counsels on Relationships, p. 40.4 (Ellen G. White Estate)",
    "element_type": "p",
    "element_subtype": "standard-indented",
    "content": "&ldquo;Things will go wrong with every one; sadness and discouragement press every soul; then a personal presence, a friend who will comfort and impart strength, will turn back the darts of the enemy that are aimed to destroy. Christian friends are not half as plentiful as they should be. In hours of temptation, in a crisis, what a value is a true friend!&rdquo; Ellen White in <span class=\"egwlink egwlink_book\" title=\"3BC 1163.1\" data-link=\"92.476\"><b><i>The S.D.A. Bible Commentary,</i> vol. 3 p 1163</b></span>",
    "puborder": 262,
    "translations": []
  },
  {
    "para_id": "14800.304",
    "id_prev": "14800.303",
    "id_next": "14800.306",
    "refcode_1": "CR",
    "refcode_2": "40",
    "refcode_3": "5",
    "refcode_4": "",
    "refcode_short": "CR 40.5",
    "refcode_long": "Counsels on Relationships, p. 40.5 (Ellen G. White Estate)",
    "element_type": "p",
    "element_subtype": "standard-indented",
    "content": "<b>Reflect</b><i> List some ways you can let your friends know that you value them.</i>",
    "puborder": 263,
    "translations": []
  }
]