{
  "2": 2,
  "2000003": 2,
  "3": 2,
  "4": 2,
  "5": 2,
  "6": 2,
  "7": 2,
  "8": 2,
  "9": 2,
  "10": 2,
  "11": 2,
  "12": 2,
  "13": 2,
  "14": 2,
  "15": 2,
  "16": 2,
  "17": 2,
  "18": 2,
  "19": 2,
  "20": 2,
  "21": 2,
  "22": 2,
  "23": 2,
  "24": 2,
  "25": 2,
  "28": 2,
  "29": 2,
  "30": 2,
  "31": 2,
  "32": 2,
  "33": 2,
  "34": 2,
  "35": 2,
  "36": 2,
  "37": 2,
  "38": 2,
  "39": 2,
  "40": 2,
  "41": 2,
  "42": 2,
  "43": 2,
  "44": 2,
  "45": 2,
  "46": 2,
  "47": 2,
  "48": 2,
  "49": 49,
  "51": 49,
  "52": 49,
  "53": 49,
  "54": 49,
  "55": 49,
  "56": 49,
  "57": 49,
  "58": 49,
  "59": 49,
  "60": 49,
  "63": 49,
  "64": 49,
  "65": 65,
  "67": 65,
  "68": 65,
  "69": 65,
  "70": 65,
  "71": 65,
  "72": 65,
  "73": 65,
  "74": 74,
  "76": 74,
  "77": 74,
  "78": 74,
  "79": 74,
  "80": 74,
  "81": 74,
  "82": 74,
  "83": 74,
  "84": 74,
  "85": 74,
  "86": 74,
  "87": 74,
  "88": 74,
  "89": 89,
  "91": 89,
  "92": 89,
  "93": 89,
  "94": 89,
  "95": 89,
  "96": 89,
  "97": 89,
  "98": 89,
  "99": 89
}