[
  {
    "para_id": "1301.454",
    "id_prev": "1301.453",
    "id_next": "1301.455",
    "refcode_1": "MOI",
    "refcode_2": "107",
    "refcode_3": "",
    "refcode_4": "",
    "refcode_short": "MOI 107",
    "refcode_long": "Mortal or Immortal? Which?, p. 107 (Uriah Smith)",
    "element_type": "h4",
    "element_subtype": "",
    "content": "RECAPITULATION",
    "puborder": 252,
    "translations": []
  },
  {
    "para_id": "1301.455",
    "id_prev": "1301.454",
    "id_next": "1301.456",
    "refcode_1": "MOI",
    "refcode_2": "107",
    "refcode_3": "2",
    "refcode_4": "",
    "refcode_short": "MOI 107.2",
    "refcode_long": "Mortal or Immortal? Which?, p. 107.2 (Uriah Smith)",
    "element_type": "p",
    "element_subtype": "standard-indented",
    "content": "Let us collect and note the conclusions to which the foregoing investigation has led us. We have found,",
    "puborder": 253,
    "translations": []
  },
  {
    "para_id": "1301.456",
    "id_prev": "1301.455",
    "id_next": "1301.457",
    "refcode_1": "MOI",
    "refcode_2": "107",
    "refcode_3": "3",
    "refcode_4": "",
    "refcode_short": "MOI 107.3",
    "refcode_long": "Mortal or Immortal? Which?, p. 107.3 (Uriah Smith)",
    "element_type": "p",
    "element_subtype": "standard-indented",
    "content": "1. That man was not endowed in his creation with any inherent immortal principle; that immortality and eternal existence are never predicated of either the soul or spirit irrespective of character.",
    "puborder": 254,
    "translations": []
  },
  {
    "para_id": "1301.457",
    "id_prev": "1301.456",
    "id_next": "1301.458",
    "refcode_1": "MOI",
    "refcode_2": "107",
    "refcode_3": "4",
    "refcode_4": "",
    "refcode_short": "MOI 107.4",
    "refcode_long": "Mortal or Immortal? Which?, p. 107.4 (Uriah Smith)",
    "element_type": "p",
    "element_subtype": "standard-indented",
    "content": "2. That there is no inspired description of man in death, which represents him as a compound being surviving the dissolution of the body; but that the whole man is reduced to unconsciousness, and thus sleeps till the voice of Omnipotence shall bring him up again from the grave.",
    "puborder": 255,
    "translations": []
  },
  {
    "para_id": "1301.458",
    "id_prev": "1301.457",
    "id_next": "1301.459",
    "refcode_1": "MOI",
    "refcode_2": "107",
    "refcode_3": "5",
    "refcode_4": "",
    "refcode_short": "MOI 107.5",
    "refcode_long": "Mortal or Immortal? Which?, p. 107.5 (Uriah Smith)",
    "element_type": "p",
    "element_subtype": "standard-indented",
    "content": "3, That the resurrection is affirmed of the whole race.",
    "puborder": 256,
    "translations": []
  },
  {
    "para_id": "1301.459",
    "id_prev": "1301.458",
    "id_next": "1301.460",
    "refcode_1": "MOI",
    "refcode_2": "107",
    "refcode_3": "6",
    "refcode_4": "",
    "refcode_short": "MOI 107.6",
    "refcode_long": "Mortal or Immortal? Which?, p. 107.6 (Uriah Smith)",
    "element_type": "p",
    "element_subtype": "standard-indented",
    "content": "4. That the expressions used to describe the punishment of the wicked which then takes place, viz., the smoke of their torment ascending up forever and ever, everlasting and unquenchable fire, and a never-dying worm, were not such terms as would convey the idea of an eternity of existence to those who heard them; but on the contrary, according to the <em>usus loquendi</em> of the age in which they were spoken, they would denote the most utter and complete destruction of all the objects to which they were applied.",
    "puborder": 257,
    "translations": []
  },
  {
    "para_id": "1301.460",
    "id_prev": "1301.459",
    "id_next": "1301.461",
    "refcode_1": "MOI",
    "refcode_2": "107",
    "refcode_3": "7",
    "refcode_4": "",
    "refcode_short": "MOI 107.7",
    "refcode_long": "Mortal or Immortal? Which?, p. 107.7 (Uriah Smith)",
    "element_type": "p",
    "element_subtype": "standard-indented",
    "content": "5. That eternal life is suspended upon conditions, and can never be obtained except through compliance with those conditions; that incorruption and immortality are yet to be put on, but not till the resurrection, <span class=\"egwlink egwlink_bible\" title=\"1 Corinthians 15:53\" data-link=\"1965.58668\">1 Corinthians 15:53, 54</span>; that they are to be obtained only through Christ, and consequently that all who are out of him will never receive them, but must on the other hand &ldquo;reap corruption,&rdquo; <span class=\"egwlink egwlink_bible\" title=\"Galatians 6:8\" data-link=\"1965.59540\">Galatians 6:8</span>, die, be slain, be consumed, be destroyed, perish, be rooted out of the land of the living, be burnt up as withered branches, dried thorns, chaff and stubble, be ashes under the saints&rsquo; feet, and reach a state which so far as a conscious existence is concerned, will be absolutely as though they had never been.",
    "puborder": 258,
    "translations": []
  },
  {
    "para_id": "1301.461",
    "id_prev": "1301.460",
    "id_next": "1301.464",
    "refcode_1": "MOI",
    "refcode_2": "107",
    "refcode_3": "8",
    "refcode_4": "",
    "refcode_short": "MOI 107.8",
    "refcode_long": "Mortal or Immortal? Which?, p. 107.8 (Uriah Smith)",
    "element_type": "p",
    "element_subtype": "standard-indented",
    "content": "And we hesitate not to affirm with the utmost assurance, <span class=\"page-break\" data-page=\"108\"></span> that in all those conclusions both reason and revelation stand fully with us.",
    "puborder": 259,
    "translations": []
  },
  {
    "para_id": "1301.464",
    "id_prev": "1301.461",
    "id_next": "1301.465",
    "refcode_1": "MOI",
    "refcode_2": "108",
    "refcode_3": "1",
    "refcode_4": "",
    "refcode_short": "MOI 108.1",
    "refcode_long": "Mortal or Immortal? Which?, p. 108.1 (Uriah Smith)",
    "element_type": "p",
    "element_subtype": "standard-indented",
    "content": "Are you then ready to inquire how it is that the doctrine of the soul&rsquo;s immortality has come to be so generally received! We will tell you: <em>It has been taken for granted!</em> Says Bishop Tillotson, &ldquo;The immortality of the soul is rather supposed or taken for granted, than expressly revealed in the Bible.&rdquo; <sup class=\"footnote\"><a class=\"footnote\">1<span class=\"footnote\">Sermons, Vol. ii, 1774.</span></a></sup> &ldquo;It is taken for granted&rdquo; that immortality is an essential attribute of the soul, and that therefore for the Bible to affirm it would be mere tautology. But we reply, Is not immortality an essential attribute also of Jehovah? Yet the Bible has been tautological enough to plainly state this fact. And it would seem that it might have carried its &ldquo;tautology&rdquo; a little further, and told us as much, at least <em>once</em>, about the soul, if that too was immortal; for surely its immortality cannot be <em>more</em> essential than that of Jehovah.",
    "puborder": 260,
    "translations": []
  }
]