[
  {
    "para_id": "951.769",
    "id_prev": "951.768",
    "id_next": "951.770",
    "refcode_1": "DOF",
    "refcode_2": "127",
    "refcode_3": "",
    "refcode_4": "",
    "refcode_short": "DOF 127",
    "refcode_long": "In Defense of the Faith, p. 127 (William Henry Branson)",
    "element_type": "h4",
    "element_subtype": "",
    "content": "A Fatal Admission",
    "puborder": 561,
    "translations": []
  },
  {
    "para_id": "951.770",
    "id_prev": "951.769",
    "id_next": "951.771",
    "refcode_1": "DOF",
    "refcode_2": "127",
    "refcode_3": "5",
    "refcode_4": "",
    "refcode_short": "DOF 127.5",
    "refcode_long": "In Defense of the Faith, p. 127.5 (William Henry Branson)",
    "element_type": "p",
    "element_subtype": "standard-indented",
    "content": "Mr. Canright the Baptist makes another admission in his book which is fatal to his Sabbath-abolition argument, when he says:",
    "puborder": 562,
    "translations": []
  },
  {
    "para_id": "951.771",
    "id_prev": "951.770",
    "id_next": "951.774",
    "refcode_1": "DOF",
    "refcode_2": "127",
    "refcode_3": "6",
    "refcode_4": "",
    "refcode_short": "DOF 127.6",
    "refcode_long": "In Defense of the Faith, p. 127.6 (William Henry Branson)",
    "element_type": "p",
    "element_subtype": "blockquote-indented",
    "content": "&ldquo;All church historians agree that the Jewish Christians <span class=\"page-break\" data-page=\"128\"></span> continued to observe the seventh day, even for some time after the fall of Jerusalem, as we have seen.",
    "puborder": 563,
    "translations": []
  },
  {
    "para_id": "951.774",
    "id_prev": "951.771",
    "id_next": "951.775",
    "refcode_1": "DOF",
    "refcode_2": "128",
    "refcode_3": "1",
    "refcode_4": "",
    "refcode_short": "DOF 128.1",
    "refcode_long": "In Defense of the Faith, p. 128.1 (William Henry Branson)",
    "element_type": "p",
    "element_subtype": "blockquote-indented",
    "content": "&ldquo;Philip Schaff, the greatest of living authors, in his &lsquo;History of the Apostolical. Church,&rsquo; page 118, says: &lsquo;So far as we know, the Jewish Christians of the first generation, at least in Palestine, Scripturally observed the Sabbath.&rsquo;&rdquo;&mdash;<em>Seventh-day Adventism Renounced</em>, p. 277.",
    "puborder": 564,
    "translations": []
  },
  {
    "para_id": "951.775",
    "id_prev": "951.774",
    "id_next": "951.776",
    "refcode_1": "DOF",
    "refcode_2": "128",
    "refcode_3": "2",
    "refcode_4": "",
    "refcode_short": "DOF 128.2",
    "refcode_long": "In Defense of the Faith, p. 128.2 (William Henry Branson)",
    "element_type": "p",
    "element_subtype": "standard-indented",
    "content": "This is very important. The &ldquo;Jewish Christians&rdquo; all continued to observe the Sabbath for the first generation of the Christian Era, &ldquo;even for some time after the fall of Jerusalem.&rdquo; That, then, took in Paul, Peter, James, Andrew, Philip, Thomas, Bartholomew, Matthew, and John the revelator. It included the New Testament writers, with the exception of Luke, who was probably a Greek. These persons were observers of the seventh-day Sabbath throughout the first generation, that is to say, as long as they lived, for they died before the first century of the Christian Era was passed. They kept the Sabbath till they died. They spoke of no change when they wrote their Gospels or Epistles, whether writing to Jews or Gentiles, and they made no change in their practice; they &ldquo;Scripturally observed the Sabbath.&rdquo; That is, they recognized that the Scriptural injunctions to keep the Sabbath are still binding in the Christian Era, and they kept it according to the Scriptures. To this agree the words of Luke, the Greek, as he speaks of Christ&rsquo;s followers in connection with His death and burial: &ldquo;They returned, and prepared spices and ointments; and rested the Sabbath day according to the commandment.&rdquo; <span class=\"egwlink egwlink_bible\" title=\"Luke 23:56\" data-link=\"1965.53023\">Luke 23:56</span>.",
    "puborder": 565,
    "translations": []
  },
  {
    "para_id": "951.776",
    "id_prev": "951.775",
    "id_next": "951.777",
    "refcode_1": "DOF",
    "refcode_2": "128",
    "refcode_3": "3",
    "refcode_4": "",
    "refcode_short": "DOF 128.3",
    "refcode_long": "In Defense of the Faith, p. 128.3 (William Henry Branson)",
    "element_type": "p",
    "element_subtype": "standard-indented",
    "content": "Mr. Canright the Baptist inquires:",
    "puborder": 566,
    "translations": []
  },
  {
    "para_id": "951.777",
    "id_prev": "951.776",
    "id_next": "951.780",
    "refcode_1": "DOF",
    "refcode_2": "128",
    "refcode_3": "4",
    "refcode_4": "",
    "refcode_short": "DOF 128.4",
    "refcode_long": "In Defense of the Faith, p. 128.4 (William Henry Branson)",
    "element_type": "p",
    "element_subtype": "blockquote-indented",
    "content": "&ldquo;How much, then, does it prove in favor of the Jewish Sabbath to find that it was still called &lsquo;the Sabbath, or that <span class=\"page-break\" data-page=\"129\"></span> it was kept by the Jewish Christians, or even by Paul himself?&rdquo; &mdash;<em>Ibid</em>., p. 278.",
    "puborder": 567,
    "translations": []
  },
  {
    "para_id": "951.780",
    "id_prev": "951.777",
    "id_next": "951.781",
    "refcode_1": "DOF",
    "refcode_2": "129",
    "refcode_3": "1",
    "refcode_4": "",
    "refcode_short": "DOF 129.1",
    "refcode_long": "In Defense of the Faith, p. 129.1 (William Henry Branson)",
    "element_type": "p",
    "element_subtype": "standard-indented",
    "content": "We answer, <em>Much every way</em>, chiefly because these facts clearly reveal that the church of the apostles knew nothing whatsoever of any change having been made in the Sabbath. They knew nothing of the original Sabbath having been abolished or of Sunday having taken its place.",
    "puborder": 568,
    "translations": []
  },
  {
    "para_id": "951.781",
    "id_prev": "951.780",
    "id_next": "951.782",
    "refcode_1": "DOF",
    "refcode_2": "129",
    "refcode_3": "2",
    "refcode_4": "",
    "refcode_short": "DOF 129.2",
    "refcode_long": "In Defense of the Faith, p. 129.2 (William Henry Branson)",
    "element_type": "p",
    "element_subtype": "standard-indented",
    "content": "But did not the Gentile Christians who lived in the days of the apostles perhaps make the change? No, for they became Christians through the labors of these Jewish Christians and were instructed by them.",
    "puborder": 569,
    "translations": []
  },
  {
    "para_id": "951.782",
    "id_prev": "951.781",
    "id_next": "951.783",
    "refcode_1": "DOF",
    "refcode_2": "129",
    "refcode_3": "3",
    "refcode_4": "",
    "refcode_short": "DOF 129.3",
    "refcode_long": "In Defense of the Faith, p. 129.3 (William Henry Branson)",
    "element_type": "p",
    "element_subtype": "standard-indented",
    "content": "The Gentiles were never commissioned to take over and remodel the cause later. The Lord did not give one line of instruction to the new church through the Jewish Christians and &lsquo;another line through Gentile converts. All the teaching was the reverse of that. If men accepted Jesus, they were then members of His family and counted as Christians. They were all to be governed by one rule, to be of one mind, and to speak the same thing. &ldquo;As many of you as have been baptized into Christ have put on Christ. There is neither Jew nor Greek, there is neither bond nor free, there is neither male nor female: for you are all one in Christ Jesus.&rdquo; <span class=\"egwlink egwlink_bible\" title=\"Galatians 3:27\" data-link=\"1965.59403\">Galatians 3:27, 28</span>.",
    "puborder": 570,
    "translations": []
  },
  {
    "para_id": "951.783",
    "id_prev": "951.782",
    "id_next": "951.786",
    "refcode_1": "DOF",
    "refcode_2": "129",
    "refcode_3": "4",
    "refcode_4": "",
    "refcode_short": "DOF 129.4",
    "refcode_long": "In Defense of the Faith, p. 129.4 (William Henry Branson)",
    "element_type": "p",
    "element_subtype": "standard-indented",
    "content": "Therefore, if the Christians of Christ&rsquo;s time were &ldquo;all one,&rdquo; and if all the Jewish Christians kept the Scriptural &lsquo;Sabbath during the first century, the Gentile converts must also have done the same. The entire Christian church started out as a Sabbath keeping church, and there was no thought of changing to Sunday until apostasy set in later on, and the church began to depart from the plain <span class=\"page-break\" data-page=\"130\"></span> commandments of God and to follow the traditions of men.",
    "puborder": 571,
    "translations": []
  },
  {
    "para_id": "951.786",
    "id_prev": "951.783",
    "id_next": "951.787",
    "refcode_1": "DOF",
    "refcode_2": "130",
    "refcode_3": "1",
    "refcode_4": "",
    "refcode_short": "DOF 130.1",
    "refcode_long": "In Defense of the Faith, p. 130.1 (William Henry Branson)",
    "element_type": "p",
    "element_subtype": "standard-indented",
    "content": "In chapter 10 of his book Mr. Canright tries to build up an argument for Sunday observance on apostolic example, but the admission that for the first century all Jewish Christians continued to keep the Sabbath completely demolishes his argument. The apostles were all Jewish Christians, and if they all continued to keep the Sabbath during the first century, or as long as they lived, then the apostolic example is all on the Sabbath side. It is wholly in favor of seventh-day observance.",
    "puborder": 572,
    "translations": []
  },
  {
    "para_id": "951.787",
    "id_prev": "951.786",
    "id_next": "951.788",
    "refcode_1": "DOF",
    "refcode_2": "130",
    "refcode_3": "2",
    "refcode_4": "",
    "refcode_short": "DOF 130.2",
    "refcode_long": "In Defense of the Faith, p. 130.2 (William Henry Branson)",
    "element_type": "p",
    "element_subtype": "standard-indented",
    "content": "Not one of the apostles or disciples of Christ ever once kept Sunday or indicated that he knew anything about a change having been made in the Sabbath. No mention is made of the first day of the week as having become a holy day or a day of rest and worship. No command is given for anyone to keep it. God never rested on it; Christ never kept it; the apostles knew nothing about it; and for at least a century of the Christian Era the church members all continued to keep the Scriptural Sabbath.",
    "puborder": 573,
    "translations": []
  },
  {
    "para_id": "951.788",
    "id_prev": "951.787",
    "id_next": "951.789",
    "refcode_1": "DOF",
    "refcode_2": "130",
    "refcode_3": "3",
    "refcode_4": "",
    "refcode_short": "DOF 130.3",
    "refcode_long": "In Defense of the Faith, p. 130.3 (William Henry Branson)",
    "element_type": "p",
    "element_subtype": "standard-indented",
    "content": "This Scriptural Sabbath is mentioned fifty-nine times in the New Testament, as Mr. Canright admits. &lsquo;It is called the Sabbath, and Jesus declares Himself to be Lord of it. (<span class=\"egwlink egwlink_bible\" title=\"Mark 2:28\" data-link=\"1965.49579\">Mark 2:28</span>.) But Sunday keeping is not mentioned at all, and wherever the first day of the week is spoken of, it is referred to as one of the six working days to which no holiness was attached.",
    "puborder": 574,
    "translations": []
  },
  {
    "para_id": "951.789",
    "id_prev": "951.788",
    "id_next": "951.792",
    "refcode_1": "DOF",
    "refcode_2": "130",
    "refcode_3": "4",
    "refcode_4": "",
    "refcode_short": "DOF 130.4",
    "refcode_long": "In Defense of the Faith, p. 130.4 (William Henry Branson)",
    "element_type": "p",
    "element_subtype": "standard-indented",
    "content": "But we shall permit Mr. Canright as a Seventh-day Adventist to speak on this point. He has already shown his ability to find fifty-nine references to the Sabbath in the New Testament, and now we will let him tell us <span class=\"page-break\" data-page=\"131\"></span> what he knew about Sunday in the New Testament. The following is from his pen:",
    "puborder": 575,
    "translations": []
  },
  {
    "para_id": "951.792",
    "id_prev": "951.789",
    "id_next": "951.793",
    "refcode_1": "DOF",
    "refcode_2": "131",
    "refcode_3": "1",
    "refcode_4": "",
    "refcode_short": "DOF 131.1",
    "refcode_long": "In Defense of the Faith, p. 131.1 (William Henry Branson)",
    "element_type": "p",
    "element_subtype": "blockquote-indented",
    "content": "&ldquo;Paul says, &lsquo;Where no law is, there is no transgression.&rsquo; <span class=\"egwlink egwlink_bible\" title=\"Romans 4:15\" data-link=\"1965.57172\">Romans 4:15</span>. As there is no law of God for keeping the first day, there can be no sin in working on it; for Paul says again, &lsquo;Sin is not imputed when there is no law.&rsquo; <span class=\"egwlink egwlink_bible\" title=\"Romans 5:13\" data-link=\"1965.57219\">Romans 5:13</span>. Then why keep Sunday? God does not leave men to guess at their duty, but He states plainly whatever He wishes done. Does He wish men to keep the seventh day? How explicitly He has said so. <span class=\"egwlink egwlink_bible\" title=\"Exodus 20:8\" data-link=\"1965.4193\">Exodus 20:8-11</span>. How plainly baptism and the Lord&rsquo;s supper are enjoined. <span class=\"egwlink egwlink_bible\" title=\"Mark 16:15\" data-link=\"1965.50793\">Mark 16:15, 16</span>; <span class=\"egwlink egwlink_bible\" title=\"1 Corinthians 11:23\" data-link=\"1965.58368\">1 Corinthians 11:23-26</span>. So if the Lord wished us to keep the first day, would He not have plainly said so? Certainly; but He has said no such thing.",
    "puborder": 576,
    "translations": []
  }
]