[
  {
    "para_id": "12880.462",
    "id_prev": "12880.461",
    "id_next": "12880.463",
    "refcode_1": "MssIdx",
    "refcode_2": "",
    "refcode_3": "",
    "refcode_4": "1875",
    "refcode_short": "MssIdx ",
    "refcode_long": "Manuscript File Index, p.  (Ellen Gould White)",
    "element_type": "h3",
    "element_subtype": "",
    "content": "1875",
    "puborder": 461,
    "translations": []
  },
  {
    "para_id": "12880.463",
    "id_prev": "12880.462",
    "id_next": "12880.464",
    "refcode_1": "MssIdx",
    "refcode_2": "",
    "refcode_3": "",
    "refcode_4": "215",
    "refcode_short": "MssIdx ",
    "refcode_long": "Manuscript File Index, p.  (Ellen Gould White)",
    "element_type": "h5",
    "element_subtype": "",
    "content": "Educational, Health, and Temperance Work",
    "puborder": 462,
    "translations": []
  },
  {
    "para_id": "12880.464",
    "id_prev": "12880.463",
    "id_next": "12880.465",
    "refcode_1": "MssIdx",
    "refcode_2": "",
    "refcode_3": "",
    "refcode_4": "",
    "refcode_short": "MssIdx ",
    "refcode_long": "Manuscript File Index, p.  (Ellen Gould White)",
    "element_type": "table",
    "element_subtype": "",
    "content": "\n<tbody>\n<tr>\n<td><strong>Title:</strong></td>\n<td>Educational, Health, and Temperance Work</td>\n</tr>\n<tr>\n<td><strong>File #:</strong></td>\n<td><span class=\"egwlink egwlink_book\" title=\"Ms 1, 1875\" data-link=\"14052.3809001\">MS-001</span></td>\n</tr>\n<tr>\n<td><strong>Date:</strong></td>\n<td>10/12/1875</td>\n</tr>\n<tr>\n<td><strong>Where Published:</strong></td>\n<td><span class=\"egwlink egwlink_book\" title=\"CW 123\" data-link=\"24.508\">CW 123-126</span></td>\n</tr>\n</tbody>\n",
    "puborder": 463,
    "translations": []
  },
  {
    "para_id": "12880.465",
    "id_prev": "12880.464",
    "id_next": "12880.466",
    "refcode_1": "MssIdx",
    "refcode_2": "",
    "refcode_3": "",
    "refcode_4": "216",
    "refcode_short": "MssIdx ",
    "refcode_long": "Manuscript File Index, p.  (Ellen Gould White)",
    "element_type": "h5",
    "element_subtype": "",
    "content": "Re Families in the San Francisco Church",
    "puborder": 464,
    "translations": []
  },
  {
    "para_id": "12880.466",
    "id_prev": "12880.465",
    "id_next": "12880.467",
    "refcode_1": "MssIdx",
    "refcode_2": "",
    "refcode_3": "",
    "refcode_4": "",
    "refcode_short": "MssIdx ",
    "refcode_long": "Manuscript File Index, p.  (Ellen Gould White)",
    "element_type": "table",
    "element_subtype": "",
    "content": "\n<tbody>\n<tr>\n<td><strong>Title:</strong></td>\n<td>Re Families in the San Francisco Church</td>\n</tr>\n<tr>\n<td><strong>File #:</strong></td>\n<td><span class=\"egwlink egwlink_book\" title=\"Ms 2, 1875\" data-link=\"14052.3499001\">*MS-002</span></td>\n</tr>\n<tr>\n<td><strong>Date:</strong></td>\n<td>01/03/1875</td>\n</tr>\n</tbody>\n",
    "puborder": 465,
    "translations": []
  },
  {
    "para_id": "12880.467",
    "id_prev": "12880.466",
    "id_next": "12880.468",
    "refcode_1": "MssIdx",
    "refcode_2": "",
    "refcode_3": "",
    "refcode_4": "217",
    "refcode_short": "MssIdx ",
    "refcode_long": "Manuscript File Index, p.  (Ellen Gould White)",
    "element_type": "h5",
    "element_subtype": "",
    "content": "Test. re Br. Littlejohn",
    "puborder": 466,
    "translations": []
  },
  {
    "para_id": "12880.468",
    "id_prev": "12880.467",
    "id_next": "12880.469",
    "refcode_1": "MssIdx",
    "refcode_2": "",
    "refcode_3": "",
    "refcode_4": "",
    "refcode_short": "MssIdx ",
    "refcode_long": "Manuscript File Index, p.  (Ellen Gould White)",
    "element_type": "table",
    "element_subtype": "",
    "content": "\n<tbody>\n<tr>\n<td><strong>Title:</strong></td>\n<td>Test. re Br. Littlejohn</td>\n</tr>\n<tr>\n<td><strong>File #:</strong></td>\n<td><span class=\"egwlink egwlink_book\" title=\"Ms 3, 1875\" data-link=\"14052.3546001\">*MS-003</span></td>\n</tr>\n<tr>\n<td><strong>Date:</strong></td>\n<td>01/15/1875</td>\n</tr>\n<tr>\n<td><strong>Place:</strong></td>\n<td>Battle Creek, Mi.</td>\n</tr>\n</tbody>\n",
    "puborder": 467,
    "translations": []
  },
  {
    "para_id": "12880.469",
    "id_prev": "12880.468",
    "id_next": "12880.470",
    "refcode_1": "MssIdx",
    "refcode_2": "",
    "refcode_3": "",
    "refcode_4": "218",
    "refcode_short": "MssIdx ",
    "refcode_long": "Manuscript File Index, p.  (Ellen Gould White)",
    "element_type": "h5",
    "element_subtype": "",
    "content": "Trials of James White",
    "puborder": 468,
    "translations": []
  },
  {
    "para_id": "12880.470",
    "id_prev": "12880.469",
    "id_next": "12880.471",
    "refcode_1": "MssIdx",
    "refcode_2": "",
    "refcode_3": "",
    "refcode_4": "",
    "refcode_short": "MssIdx ",
    "refcode_long": "Manuscript File Index, p.  (Ellen Gould White)",
    "element_type": "table",
    "element_subtype": "",
    "content": "\n<tbody>\n<tr>\n<td><strong>Title:</strong></td>\n<td>Trials of James White</td>\n</tr>\n<tr>\n<td><strong>File #:</strong></td>\n<td><span class=\"egwlink egwlink_book\" title=\"Ms 4, 1875\" data-link=\"14052.3514001\">*MS-004</span></td>\n</tr>\n<tr>\n<td><strong>Date:</strong></td>\n<td>00/00/1875</td>\n</tr>\n</tbody>\n",
    "puborder": 469,
    "translations": []
  },
  {
    "para_id": "12880.471",
    "id_prev": "12880.470",
    "id_next": "12880.472",
    "refcode_1": "MssIdx",
    "refcode_2": "",
    "refcode_3": "",
    "refcode_4": "219",
    "refcode_short": "MssIdx ",
    "refcode_long": "Manuscript File Index, p.  (Ellen Gould White)",
    "element_type": "h5",
    "element_subtype": "",
    "content": "Parents as Reformers",
    "puborder": 470,
    "translations": []
  },
  {
    "para_id": "12880.472",
    "id_prev": "12880.471",
    "id_next": "12880.473",
    "refcode_1": "MssIdx",
    "refcode_2": "",
    "refcode_3": "",
    "refcode_4": "",
    "refcode_short": "MssIdx ",
    "refcode_long": "Manuscript File Index, p.  (Ellen Gould White)",
    "element_type": "table",
    "element_subtype": "",
    "content": "\n<tbody>\n<tr>\n<td><strong>Title:</strong></td>\n<td>Parents as Reformers</td>\n</tr>\n<tr>\n<td><strong>File #:</strong></td>\n<td><span class=\"egwlink egwlink_book\" title=\"Ms 5, 1875\" data-link=\"14052.3485001\">MS-005</span></td>\n</tr>\n<tr>\n<td><strong>Date:</strong></td>\n<td>00/00/1875</td>\n</tr>\n<tr>\n<td><strong>Where Published:</strong></td>\n<td>See <span class=\"egwlink egwlink_book\" title=\"3T 560\" data-link=\"119.2633\">3T 560-570</span>; <span class=\"egwlink egwlink_book\" title=\"2MCP 394\" data-link=\"78.126\">2MCP 394</span></td>\n</tr>\n</tbody>\n",
    "puborder": 471,
    "translations": []
  },
  {
    "para_id": "12880.473",
    "id_prev": "12880.472",
    "id_next": "12880.474",
    "refcode_1": "MssIdx",
    "refcode_2": "",
    "refcode_3": "",
    "refcode_4": "220",
    "refcode_short": "MssIdx ",
    "refcode_long": "Manuscript File Index, p.  (Ellen Gould White)",
    "element_type": "h5",
    "element_subtype": "",
    "content": "Testimony Regarding Br. Ings",
    "puborder": 472,
    "translations": []
  },
  {
    "para_id": "12880.474",
    "id_prev": "12880.473",
    "id_next": "12880.475",
    "refcode_1": "MssIdx",
    "refcode_2": "",
    "refcode_3": "",
    "refcode_4": "",
    "refcode_short": "MssIdx ",
    "refcode_long": "Manuscript File Index, p.  (Ellen Gould White)",
    "element_type": "table",
    "element_subtype": "",
    "content": "\n<tbody>\n<tr>\n<td><strong>Title:</strong></td>\n<td>Testimony Regarding Br. Ings</td>\n</tr>\n<tr>\n<td><strong>File #:</strong></td>\n<td><span class=\"egwlink egwlink_book\" title=\"Ms 6, 1875\" data-link=\"14052.12844001\">*MS-006</span></td>\n</tr>\n<tr>\n<td><strong>Date:</strong></td>\n<td>00/00/1875</td>\n</tr>\n</tbody>\n",
    "puborder": 473,
    "translations": []
  },
  {
    "para_id": "12880.475",
    "id_prev": "12880.474",
    "id_next": "12880.476",
    "refcode_1": "MssIdx",
    "refcode_2": "",
    "refcode_3": "",
    "refcode_4": "221",
    "refcode_short": "MssIdx ",
    "refcode_long": "Manuscript File Index, p.  (Ellen Gould White)",
    "element_type": "h5",
    "element_subtype": "",
    "content": "Separation From the World",
    "puborder": 474,
    "translations": []
  },
  {
    "para_id": "12880.476",
    "id_prev": "12880.475",
    "id_next": "12880.477",
    "refcode_1": "MssIdx",
    "refcode_2": "",
    "refcode_3": "",
    "refcode_4": "",
    "refcode_short": "MssIdx ",
    "refcode_long": "Manuscript File Index, p.  (Ellen Gould White)",
    "element_type": "table",
    "element_subtype": "",
    "content": "\n<tbody>\n<tr>\n<td><strong>Title:</strong></td>\n<td>Separation From the World</td>\n</tr>\n<tr>\n<td><strong>File #:</strong></td>\n<td><span class=\"egwlink egwlink_book\" title=\"Ms 7, 1875\" data-link=\"14052.12845001\">*MS-007</span></td>\n</tr>\n<tr>\n<td><strong>Date:</strong></td>\n<td>00/00/1875</td>\n</tr>\n</tbody>\n",
    "puborder": 475,
    "translations": []
  },
  {
    "para_id": "12880.477",
    "id_prev": "12880.476",
    "id_next": "12880.478",
    "refcode_1": "MssIdx",
    "refcode_2": "",
    "refcode_3": "",
    "refcode_4": "222",
    "refcode_short": "MssIdx ",
    "refcode_long": "Manuscript File Index, p.  (Ellen Gould White)",
    "element_type": "h5",
    "element_subtype": "",
    "content": "Testimony to E.H. Gaskill and Wife",
    "puborder": 476,
    "translations": []
  },
  {
    "para_id": "12880.478",
    "id_prev": "12880.477",
    "id_next": "12880.479",
    "refcode_1": "MssIdx",
    "refcode_2": "",
    "refcode_3": "",
    "refcode_4": "",
    "refcode_short": "MssIdx ",
    "refcode_long": "Manuscript File Index, p.  (Ellen Gould White)",
    "element_type": "table",
    "element_subtype": "",
    "content": "\n<tbody>\n<tr>\n<td><strong>Title:</strong></td>\n<td>Testimony to E.H. Gaskill and Wife</td>\n</tr>\n<tr>\n<td><strong>File #:</strong></td>\n<td><span class=\"egwlink egwlink_book\" title=\"Ms 8, 1875\" data-link=\"14052.3665001\">*MS-008</span></td>\n</tr>\n<tr>\n<td><strong>Date:</strong></td>\n<td>07/00/1875</td>\n</tr>\n<tr>\n<td><strong>Where Published:</strong></td>\n<td><span class=\"egwlink egwlink_book\" title=\"7MR 3\" data-link=\"62.24\">7MR 3</span></td>\n</tr>\n</tbody>\n",
    "puborder": 477,
    "translations": []
  }
]