[
  {
    "para_id": "131.2643",
    "id_prev": "131.2641",
    "id_next": "131.3349",
    "refcode_1": "FLB",
    "refcode_2": "322",
    "refcode_3": "",
    "refcode_4": "316",
    "refcode_short": "FLB 322",
    "refcode_long": "The Faith I Live By, p. 322 (Ellen Gould White)",
    "element_type": "h3",
    "element_subtype": "",
    "content": "Wolves in Sheep&apos;s Clothing, November 12",
    "puborder": 2645,
    "translations": [
      {
        "para_id": "1753.2241",
        "lang": "es",
        "refcode": "FV 324"
      },
      {
        "para_id": "1916.3870",
        "lang": "pt",
        "refcode": "FQV 320"
      },
      {
        "para_id": "13972.2976",
        "lang": "ru",
        "refcode": "ВКЖ 322"
      },
      {
        "para_id": "13975.3228",
        "lang": "uk",
        "refcode": "ВЯЖ 379"
      }
    ]
  },
  {
    "para_id": "131.3349",
    "id_prev": "131.2643",
    "id_next": "131.2644",
    "refcode_1": "FLB",
    "refcode_2": "322",
    "refcode_3": "",
    "refcode_4": "",
    "refcode_short": "",
    "refcode_long": "",
    "element_type": "p",
    "element_subtype": "center",
    "content": "Watch Out for the Snares!",
    "puborder": 2646,
    "translations": []
  },
  {
    "para_id": "131.2644",
    "id_prev": "131.3349",
    "id_next": "131.2645",
    "refcode_1": "FLB",
    "refcode_2": "322",
    "refcode_3": "1",
    "refcode_4": "",
    "refcode_short": "FLB 322.1",
    "refcode_long": "The Faith I Live By, p. 322.1 (Ellen Gould White)",
    "element_type": "p",
    "element_subtype": "devotionaltext",
    "content": "For the time will come when they will not endure sound doctrine; but after their own lusts shall they heap to themselves teachers, having itching ears. <span class=\"egwlink egwlink_bible\" title=\"2 Timothy 4:3\" data-link=\"1965.60933\">2 Timothy 4:3</span>.",
    "puborder": 2647,
    "translations": [
      {
        "para_id": "1753.2242",
        "lang": "es",
        "refcode": "FV 324.1"
      },
      {
        "para_id": "1916.3871",
        "lang": "pt",
        "refcode": "FQV 320.6"
      },
      {
        "para_id": "13972.2978",
        "lang": "ru",
        "refcode": "ВКЖ 322.1"
      },
      {
        "para_id": "13975.3230",
        "lang": "uk",
        "refcode": "ВЯЖ 379.5"
      }
    ]
  },
  {
    "para_id": "131.2645",
    "id_prev": "131.2644",
    "id_next": "131.2646",
    "refcode_1": "FLB",
    "refcode_2": "322",
    "refcode_3": "2",
    "refcode_4": "",
    "refcode_short": "FLB 322.2",
    "refcode_long": "The Faith I Live By, p. 322.2 (Ellen Gould White)",
    "element_type": "p",
    "element_subtype": "standard-indented",
    "content": "Rapidly are men ranging themselves under the banner they have chosen, restlessly waiting and watching the movements of their leaders. There are those who are watching and waiting and working for our Lord&apos;s appearing; while the other party are rapidly falling into line under the generalship of the first great apostate. They look for a god in humanity, and Satan personifies the one they seek. Multitudes will be so deluded through their rejection of truth, that they will accept the counterfeit. Humanity is hailed as God.<sup class=\"bookendnote\"><a class=\"bookendnote\">38<span class=\"bookendnote\"><span class=\"egwlink egwlink_book\" title=\"TM 364\" data-link=\"123.2018\">Testimonies to Ministers and Gospel Workers, 364, 365</span>.</span></a></sup>",
    "puborder": 2648,
    "translations": [
      {
        "para_id": "1916.3874",
        "lang": "pt",
        "refcode": "FQV 321.1"
      },
      {
        "para_id": "13972.2979",
        "lang": "ru",
        "refcode": "ВКЖ 322.2"
      },
      {
        "para_id": "13975.3231",
        "lang": "uk",
        "refcode": "ВЯЖ 379.6"
      }
    ]
  },
  {
    "para_id": "131.2646",
    "id_prev": "131.2645",
    "id_next": "131.2647",
    "refcode_1": "FLB",
    "refcode_2": "322",
    "refcode_3": "3",
    "refcode_4": "",
    "refcode_short": "FLB 322.3",
    "refcode_long": "The Faith I Live By, p. 322.3 (Ellen Gould White)",
    "element_type": "p",
    "element_subtype": "standard-indented",
    "content": "Satan is ever on the alert to deceive and mislead. He is using every enchantment to allure men into the broad road of disobedience. He is working to confuse the senses with erroneous sentiments, and remove the landmarks by placing his false inscription on the signposts which God has established to point the right way.<sup class=\"bookendnote\"><a class=\"bookendnote\">39<span class=\"bookendnote\"><span class=\"egwlink egwlink_book\" title=\"6BC 1120\" data-link=\"95.860\">SDA Bible Commentary 6:1120</span>.</span></a></sup>",
    "puborder": 2649,
    "translations": [
      {
        "para_id": "1916.3875",
        "lang": "pt",
        "refcode": "FQV 321.2"
      },
      {
        "para_id": "13972.2980",
        "lang": "ru",
        "refcode": "ВКЖ 322.3"
      },
      {
        "para_id": "13975.3234",
        "lang": "uk",
        "refcode": "ВЯЖ 380.1"
      }
    ]
  },
  {
    "para_id": "131.2647",
    "id_prev": "131.2646",
    "id_next": "131.2648",
    "refcode_1": "FLB",
    "refcode_2": "322",
    "refcode_3": "4",
    "refcode_4": "",
    "refcode_short": "FLB 322.4",
    "refcode_long": "The Faith I Live By, p. 322.4 (Ellen Gould White)",
    "element_type": "p",
    "element_subtype": "standard-indented",
    "content": "Teachers of falsehood will arise to draw you away from the narrow path and the strait gate. Beware of them; though concealed in sheep&apos;s clothing, inwardly they are ravening wolves....",
    "puborder": 2650,
    "translations": [
      {
        "para_id": "1753.2243",
        "lang": "es",
        "refcode": "FV 324.2"
      },
      {
        "para_id": "1916.3876",
        "lang": "pt",
        "refcode": "FQV 321.3"
      },
      {
        "para_id": "13972.2981",
        "lang": "ru",
        "refcode": "ВКЖ 322.4"
      },
      {
        "para_id": "13975.3235",
        "lang": "uk",
        "refcode": "ВЯЖ 380.2"
      }
    ]
  },
  {
    "para_id": "131.2648",
    "id_prev": "131.2647",
    "id_next": "131.2649",
    "refcode_1": "FLB",
    "refcode_2": "322",
    "refcode_3": "5",
    "refcode_4": "",
    "refcode_short": "FLB 322.5",
    "refcode_long": "The Faith I Live By, p. 322.5 (Ellen Gould White)",
    "element_type": "p",
    "element_subtype": "standard-indented",
    "content": "We are not bidden to prove them by their fair speeches and exalted professions. They are to be judged by the Word of God.... &ldquo;Cease, my son, to hear the instruction that causeth to err from the words of knowledge.&rdquo; <span class=\"egwlink egwlink_bible\" title=\"Proverbs 19:27\" data-link=\"1965.34574\">Proverbs 19:27</span>. What message do these teachers bring? Does it lead you to reverence and fear God? Does it lead you to manifest your love for Him by loyalty to His commandments? <sup class=\"bookendnote\"><a class=\"bookendnote\">40<span class=\"bookendnote\"><span class=\"egwlink egwlink_book\" title=\"MB 145\" data-link=\"150.730\">Thoughts from the Mount of Blessing, 145</span>.</span></a></sup>",
    "puborder": 2651,
    "translations": [
      {
        "para_id": "1753.2244",
        "lang": "es",
        "refcode": "FV 324.3"
      },
      {
        "para_id": "1916.3877",
        "lang": "pt",
        "refcode": "FQV 321.4"
      },
      {
        "para_id": "13972.2982",
        "lang": "ru",
        "refcode": "ВКЖ 322.5"
      },
      {
        "para_id": "13975.3236",
        "lang": "uk",
        "refcode": "ВЯЖ 380.3"
      }
    ]
  },
  {
    "para_id": "131.2649",
    "id_prev": "131.2648",
    "id_next": "131.2650",
    "refcode_1": "FLB",
    "refcode_2": "322",
    "refcode_3": "6",
    "refcode_4": "",
    "refcode_short": "FLB 322.6",
    "refcode_long": "The Faith I Live By, p. 322.6 (Ellen Gould White)",
    "element_type": "p",
    "element_subtype": "standard-indented",
    "content": "These false teachers, arising in the church and accounted true by many of their brethren in the faith, the apostle compared to &ldquo;wells without water, clouds that are carried with a tempest; to whom the mist of darkness is reserved for ever.&rdquo; <span class=\"egwlink egwlink_bible\" title=\"2 Peter 2:17\" data-link=\"1965.62256\">2 Peter 2:17</span>.<sup class=\"bookendnote\"><a class=\"bookendnote\">41<span class=\"bookendnote\"><span class=\"egwlink egwlink_book\" title=\"AA 535\" data-link=\"127.2362\">The Acts of the Apostles, 535</span>.</span></a></sup>",
    "puborder": 2652,
    "translations": [
      {
        "para_id": "1753.2245",
        "lang": "es",
        "refcode": "FV 324.4"
      },
      {
        "para_id": "1916.3878",
        "lang": "pt",
        "refcode": "FQV 321.5"
      },
      {
        "para_id": "13972.2983",
        "lang": "ru",
        "refcode": "ВКЖ 322.6"
      },
      {
        "para_id": "13975.3237",
        "lang": "uk",
        "refcode": "ВЯЖ 380.4"
      }
    ]
  },
  {
    "para_id": "131.2650",
    "id_prev": "131.2649",
    "id_next": "131.2652",
    "refcode_1": "FLB",
    "refcode_2": "322",
    "refcode_3": "7",
    "refcode_4": "",
    "refcode_short": "FLB 322.7",
    "refcode_long": "The Faith I Live By, p. 322.7 (Ellen Gould White)",
    "element_type": "p",
    "element_subtype": "standard-indented",
    "content": "Are our feet planted on the rock of God&apos;s immutable word? Are we prepared to stand firm in defense of the commandments of God and the faith of Jesus? <sup class=\"bookendnote\"><a class=\"bookendnote\">42<span class=\"bookendnote\"><span class=\"egwlink egwlink_book\" title=\"GC 594\" data-link=\"132.2685\">The Great Controversy, 594</span>.</span></a></sup>",
    "puborder": 2653,
    "translations": [
      {
        "para_id": "1753.2246",
        "lang": "es",
        "refcode": "FV 324.5"
      },
      {
        "para_id": "1916.3879",
        "lang": "pt",
        "refcode": "FQV 321.6"
      },
      {
        "para_id": "13972.2984",
        "lang": "ru",
        "refcode": "ВКЖ 322.7"
      },
      {
        "para_id": "13975.3238",
        "lang": "uk",
        "refcode": "ВЯЖ 380.5"
      }
    ]
  }
]