[
  {
    "para_id": "131.2114",
    "id_prev": "131.2112",
    "id_next": "131.3287",
    "refcode_1": "FLB",
    "refcode_2": "260",
    "refcode_3": "",
    "refcode_4": "254",
    "refcode_short": "FLB 260",
    "refcode_long": "The Faith I Live By, p. 260 (Ellen Gould White)",
    "element_type": "h3",
    "element_subtype": "",
    "content": "Kings and Queens, September 11",
    "puborder": 2116,
    "translations": [
      {
        "para_id": "1753.1818",
        "lang": "es",
        "refcode": "FV 262"
      },
      {
        "para_id": "1916.3110",
        "lang": "pt",
        "refcode": "FQV 258"
      },
      {
        "para_id": "13972.2382",
        "lang": "ru",
        "refcode": "ВКЖ 260"
      },
      {
        "para_id": "13975.2588",
        "lang": "uk",
        "refcode": "ВЯЖ 306"
      }
    ]
  },
  {
    "para_id": "131.3287",
    "id_prev": "131.2114",
    "id_next": "131.2115",
    "refcode_1": "FLB",
    "refcode_2": "260",
    "refcode_3": "",
    "refcode_4": "",
    "refcode_short": "",
    "refcode_long": "",
    "element_type": "p",
    "element_subtype": "center",
    "content": "Founded on Love",
    "puborder": 2117,
    "translations": []
  },
  {
    "para_id": "131.2115",
    "id_prev": "131.3287",
    "id_next": "131.2116",
    "refcode_1": "FLB",
    "refcode_2": "260",
    "refcode_3": "1",
    "refcode_4": "",
    "refcode_short": "FLB 260.1",
    "refcode_long": "The Faith I Live By, p. 260.1 (Ellen Gould White)",
    "element_type": "p",
    "element_subtype": "devotionaltext",
    "content": "Through wisdom is an house builded; and by understanding is it established. <span class=\"egwlink egwlink_bible\" title=\"Proverbs 24:3\" data-link=\"1965.34839\">Proverbs 24:3</span>.",
    "puborder": 2118,
    "translations": [
      {
        "para_id": "1753.1819",
        "lang": "es",
        "refcode": "FV 262.1"
      },
      {
        "para_id": "1916.3111",
        "lang": "pt",
        "refcode": "FQV 258.2"
      },
      {
        "para_id": "13972.2384",
        "lang": "ru",
        "refcode": "ВКЖ 260.1"
      },
      {
        "para_id": "13975.2590",
        "lang": "uk",
        "refcode": "ВЯЖ 306.4"
      }
    ]
  },
  {
    "para_id": "131.2116",
    "id_prev": "131.2115",
    "id_next": "131.2117",
    "refcode_1": "FLB",
    "refcode_2": "260",
    "refcode_3": "2",
    "refcode_4": "",
    "refcode_short": "FLB 260.2",
    "refcode_long": "The Faith I Live By, p. 260.2 (Ellen Gould White)",
    "element_type": "p",
    "element_subtype": "standard-indented",
    "content": "In God&apos;s plan for Israel every family had a home on the land, with sufficient ground for tilling. Thus were provided both the means and the incentive for a useful, industrious, and self-supporting life. And no devising of men has ever improved upon that plan.<sup class=\"bookendnote\"><a class=\"bookendnote\">50<span class=\"bookendnote\"><span class=\"egwlink egwlink_book\" title=\"MH 183\" data-link=\"135.882\">The Ministry of Healing, 183, 184</span>.</span></a></sup>",
    "puborder": 2119,
    "translations": [
      {
        "para_id": "1753.1820",
        "lang": "es",
        "refcode": "FV 262.2"
      },
      {
        "para_id": "1916.3112",
        "lang": "pt",
        "refcode": "FQV 258.3"
      },
      {
        "para_id": "13972.2385",
        "lang": "ru",
        "refcode": "ВКЖ 260.2"
      },
      {
        "para_id": "13975.2591",
        "lang": "uk",
        "refcode": "ВЯЖ 306.5"
      }
    ]
  },
  {
    "para_id": "131.2117",
    "id_prev": "131.2116",
    "id_next": "131.2118",
    "refcode_1": "FLB",
    "refcode_2": "260",
    "refcode_3": "3",
    "refcode_4": "",
    "refcode_short": "FLB 260.3",
    "refcode_long": "The Faith I Live By, p. 260.3 (Ellen Gould White)",
    "element_type": "p",
    "element_subtype": "standard-indented",
    "content": "The earth has blessings hidden in her depths for those who have courage and will and perseverance to gather her treasures. Fathers and mothers who possess a piece of land and a comfortable home are kings and queens.<sup class=\"bookendnote\"><a class=\"bookendnote\">51<span class=\"bookendnote\"><span class=\"egwlink egwlink_book\" title=\"FE 326\" data-link=\"32.1315\">Fundamentals of Christian Education, 326, 327</span>.</span></a></sup>",
    "puborder": 2120,
    "translations": [
      {
        "para_id": "1753.1821",
        "lang": "es",
        "refcode": "FV 262.3"
      },
      {
        "para_id": "1916.3113",
        "lang": "pt",
        "refcode": "FQV 258.4"
      },
      {
        "para_id": "13972.2386",
        "lang": "ru",
        "refcode": "ВКЖ 260.3"
      },
      {
        "para_id": "13975.2592",
        "lang": "uk",
        "refcode": "ВЯЖ 306.6"
      }
    ]
  },
  {
    "para_id": "131.2118",
    "id_prev": "131.2117",
    "id_next": "131.2119",
    "refcode_1": "FLB",
    "refcode_2": "260",
    "refcode_3": "4",
    "refcode_4": "",
    "refcode_short": "FLB 260.4",
    "refcode_long": "The Faith I Live By, p. 260.4 (Ellen Gould White)",
    "element_type": "p",
    "element_subtype": "standard-indented",
    "content": "An expensive dwelling, elaborate furnishings, display, luxury, and ease, do not furnish the conditions essential to a happy, useful life. Jesus came to this earth to accomplish the greatest work ever accomplished among men. He came as God&apos;s ambassador, to show us how to live so as to secure life&apos;s best results. What were the conditions chosen by the infinite Father for His Son? A secluded home in the Galilean hills; a household sustained by honest, self-respecting labor; a life of simplicity; daily conflict with difficulty and hardship; self-sacrifice, economy, and patient, gladsome service; the hour of study at His mother&apos;s side, with the open scroll of Scripture; the quiet of dawn or twilight in the green valley; the holy ministries of nature; the study of creation and providence; and the soul&apos;s communion with God&mdash;these were the conditions and opportunities of the early life of Jesus....",
    "puborder": 2121,
    "translations": [
      {
        "para_id": "1753.1822",
        "lang": "es",
        "refcode": "FV 262.4"
      },
      {
        "para_id": "1916.3114",
        "lang": "pt",
        "refcode": "FQV 258.5"
      },
      {
        "para_id": "13972.2387",
        "lang": "ru",
        "refcode": "ВКЖ 260.4"
      },
      {
        "para_id": "13975.2595",
        "lang": "uk",
        "refcode": "ВЯЖ 307.1"
      }
    ]
  },
  {
    "para_id": "131.2119",
    "id_prev": "131.2118",
    "id_next": "131.2120",
    "refcode_1": "FLB",
    "refcode_2": "260",
    "refcode_3": "5",
    "refcode_4": "",
    "refcode_short": "FLB 260.5",
    "refcode_long": "The Faith I Live By, p. 260.5 (Ellen Gould White)",
    "element_type": "p",
    "element_subtype": "standard-indented",
    "content": "Let it be your first aim to make a pleasant home. Be sure to provide the facilities that will lighten labor and promote health and comfort....",
    "puborder": 2122,
    "translations": [
      {
        "para_id": "1916.3115",
        "lang": "pt",
        "refcode": "FQV 258.6"
      },
      {
        "para_id": "13972.2388",
        "lang": "ru",
        "refcode": "ВКЖ 260.5"
      },
      {
        "para_id": "13975.2596",
        "lang": "uk",
        "refcode": "ВЯЖ 307.2"
      }
    ]
  },
  {
    "para_id": "131.2120",
    "id_prev": "131.2119",
    "id_next": "131.2122",
    "refcode_1": "FLB",
    "refcode_2": "260",
    "refcode_3": "6",
    "refcode_4": "",
    "refcode_short": "FLB 260.6",
    "refcode_long": "The Faith I Live By, p. 260.6 (Ellen Gould White)",
    "element_type": "p",
    "element_subtype": "standard-indented",
    "content": "Furnish your home with things plain and simple, things that will bear handling, that can be easily kept clean, and that can be replaced without great expense. By exercising taste, you can make a very simple home attractive and inviting, if love and contentment are there.<sup class=\"bookendnote\"><a class=\"bookendnote\">52<span class=\"bookendnote\"><span class=\"egwlink egwlink_book\" title=\"MH 365\" data-link=\"135.1839\">The Ministry of Healing, 365-370</span>.</span></a></sup>",
    "puborder": 2123,
    "translations": [
      {
        "para_id": "1753.1823",
        "lang": "es",
        "refcode": "FV 262.5"
      },
      {
        "para_id": "1916.3117",
        "lang": "pt",
        "refcode": "FQV 259.1"
      },
      {
        "para_id": "13972.2389",
        "lang": "ru",
        "refcode": "ВКЖ 260.6"
      },
      {
        "para_id": "13975.2597",
        "lang": "uk",
        "refcode": "ВЯЖ 307.3"
      }
    ]
  }
]