[
  {
    "para_id": "14060.7390001",
    "id_prev": "14060.4906024",
    "id_next": "14060.7390004",
    "refcode_1": "10LtMs",
    "refcode_2": "1",
    "refcode_3": "",
    "refcode_4": "1895011000",
    "refcode_short": "10LtMs, Lt 110, 1895",
    "refcode_long": "Letters and Manuscripts — Volume 10 (1895), Lt 110, 1895",
    "element_type": "h4",
    "element_subtype": "",
    "content": "Lt 110, 1895",
    "puborder": 3541,
    "translations": []
  },
  {
    "para_id": "14060.7390004",
    "id_prev": "14060.7390001",
    "id_next": "14060.7390002",
    "refcode_1": "10LtMs",
    "refcode_2": "1",
    "refcode_3": "",
    "refcode_4": "1895011000",
    "refcode_short": "",
    "refcode_long": "",
    "element_type": "p",
    "element_subtype": "ltaddressee",
    "content": "Prescott, W. W.",
    "puborder": 3542,
    "translations": []
  },
  {
    "para_id": "14060.7390002",
    "id_prev": "14060.7390004",
    "id_next": "14060.7390003",
    "refcode_1": "10LtMs",
    "refcode_2": "1",
    "refcode_3": "",
    "refcode_4": "1895011000",
    "refcode_short": "",
    "refcode_long": "",
    "element_type": "p",
    "element_subtype": "ltplace",
    "content": "<span class=\"ltplace\" value=\"Granville, New South Wales, Australia\">Norfolk Villa, Prospect St., Granville, N. S. W., Australia</span>",
    "puborder": 3543,
    "translations": []
  },
  {
    "para_id": "14060.7390003",
    "id_prev": "14060.7390002",
    "id_next": "14060.7390005",
    "refcode_1": "10LtMs",
    "refcode_2": "1",
    "refcode_3": "",
    "refcode_4": "1895011000",
    "refcode_short": "",
    "refcode_long": "",
    "element_type": "p",
    "element_subtype": "ltdate",
    "content": "<span class=\"ltdate\" start=\"April 10, 1895\">April 10, 1895</span>",
    "puborder": 3544,
    "translations": []
  },
  {
    "para_id": "14060.7390005",
    "id_prev": "14060.7390003",
    "id_next": "14060.7390006",
    "refcode_1": "10LtMs",
    "refcode_2": "1",
    "refcode_3": "",
    "refcode_4": "1895011000",
    "refcode_short": "",
    "refcode_long": "",
    "element_type": "p",
    "element_subtype": "ltpubinfo",
    "content": "Previously unpublished.",
    "puborder": 3545,
    "translations": []
  },
  {
    "para_id": "14060.7390006",
    "id_prev": "14060.7390005",
    "id_next": "14060.7390007",
    "refcode_1": "10LtMs",
    "refcode_2": "1",
    "refcode_3": "",
    "refcode_4": "1895011000",
    "refcode_short": "",
    "refcode_long": "",
    "element_type": "p",
    "element_subtype": "ltsalutation",
    "content": "Dear Brother Prescott:",
    "puborder": 3546,
    "translations": []
  },
  {
    "para_id": "14060.7390007",
    "id_prev": "14060.7390006",
    "id_next": "14060.7390008",
    "refcode_1": "10LtMs",
    "refcode_2": "1",
    "refcode_3": "2717",
    "refcode_4": "1895011000",
    "refcode_short": "10LtMs, Lt 110, 1895, par. 1",
    "refcode_long": "Letters and Manuscripts — Volume 10 (1895), Lt 110, 1895, par. 1",
    "element_type": "p",
    "element_subtype": "standard-indented",
    "content": "I send this manuscript to you. I can send but one copy to Battle Creek. Please let Dr. Kellogg share the perusal of this matter, also Elder Olsen. Will you please read it carefully and prayerfully.",
    "puborder": 3547,
    "translations": []
  },
  {
    "para_id": "14060.7390008",
    "id_prev": "14060.7390007",
    "id_next": "14060.7390009",
    "refcode_1": "10LtMs",
    "refcode_2": "1",
    "refcode_3": "2718",
    "refcode_4": "1895011000",
    "refcode_short": "10LtMs, Lt 110, 1895, par. 2",
    "refcode_long": "Letters and Manuscripts — Volume 10 (1895), Lt 110, 1895, par. 2",
    "element_type": "p",
    "element_subtype": "standard-indented",
    "content": "I also send copies of letters in regard to education, written as long ago as when Elders Stone and Bell were teaching in the college. I do not write their names. I am sorry the first page is gone. I placed the manuscript in the hands of my copyist and she has just completed the matter. I could not even devote time to read it before it was copied, but I send it to you, that you may know its contents. I supposed I had copied it long ago, and it has not been done because of pressure of other work. I am desirous of placing before those who are connected with the responsibilities of the work the light that the Lord has been pleased to give me for their benefit.",
    "puborder": 3548,
    "translations": []
  },
  {
    "para_id": "14060.7390009",
    "id_prev": "14060.7390008",
    "id_next": "14060.7390010",
    "refcode_1": "10LtMs",
    "refcode_2": "1",
    "refcode_3": "2719",
    "refcode_4": "1895011000",
    "refcode_short": "10LtMs, Lt 110, 1895, par. 3",
    "refcode_long": "Letters and Manuscripts — Volume 10 (1895), Lt 110, 1895, par. 3",
    "element_type": "p",
    "element_subtype": "standard-indented",
    "content": "Willie writes me in regard to the case of Brother Pomare that Sister Caro is meeting with financial difficulties and proposes his mother [E.G.W.] share some portion of the expense. I am willing to do this, as far as the past is concerned, but cannot go any farther to protract his studies. He should go to his field of labor and not be delayed. Have those who have advised this young man considered how his expense is to be met? I have paid three hundred dollars since our last camp meeting in Oakland for students in Melbourne College. Several others I have carried through the school, bearing their expense at a cost of no less than five hundred dollars. I have felt it duty to assist Brother Lacey in his expenses at Battle Creek. I know not how much.",
    "puborder": 3549,
    "translations": []
  },
  {
    "para_id": "14060.7390010",
    "id_prev": "14060.7390009",
    "id_next": "14060.7390011",
    "refcode_1": "10LtMs",
    "refcode_2": "1",
    "refcode_3": "2720",
    "refcode_4": "1895011000",
    "refcode_short": "10LtMs, Lt 110, 1895, par. 4",
    "refcode_long": "Letters and Manuscripts — Volume 10 (1895), Lt 110, 1895, par. 4",
    "element_type": "p",
    "element_subtype": "standard-indented",
    "content": "I also paid the expenses of Sister Holder [?] to Battle Creek to enter the Sanitarium to learn to become a medical missionary. Elder Olsen and Dr. Kellogg thought that others would meet these expenses but &ldquo;others&rdquo; were not forthcoming. To delay seemed critical. She carried the load of her father&rsquo;s family and could not sleep. Her relatives were using every device to break up her going. Her father is a confirmed drunkard, and she did not live at home, but by herself. The situation of her brothers was a great burden to her. We feared for her mind, and we could not wait the long process of communication, so had her take [the] boat at once. I do not know the full sum I paid for this sister, but I have expended no less than one thousand dollars in all since the school was started.",
    "puborder": 3550,
    "translations": []
  },
  {
    "para_id": "14060.7390011",
    "id_prev": "14060.7390010",
    "id_next": "14060.7390012",
    "refcode_1": "10LtMs",
    "refcode_2": "1",
    "refcode_3": "2721",
    "refcode_4": "1895011000",
    "refcode_short": "10LtMs, Lt 110, 1895, par. 5",
    "refcode_long": "Letters and Manuscripts — Volume 10 (1895), Lt 110, 1895, par. 5",
    "element_type": "p",
    "element_subtype": "standard-indented",
    "content": "I have paid the tuition of a brother Maori, and his traveling expenses to and from the school, which are not included in the sum I have given. I also paid expenses of Sister Miller to Oakland for it was deemed wisdom for him to go and perfect his knowledge of office work so that he could come back and take hold of the work, fitted to perform much better work.",
    "puborder": 3551,
    "translations": []
  },
  {
    "para_id": "14060.7390012",
    "id_prev": "14060.7390011",
    "id_next": "14060.7390013",
    "refcode_1": "10LtMs",
    "refcode_2": "1",
    "refcode_3": "2722",
    "refcode_4": "1895011000",
    "refcode_short": "10LtMs, Lt 110, 1895, par. 6",
    "refcode_long": "Letters and Manuscripts — Volume 10 (1895), Lt 110, 1895, par. 6",
    "element_type": "p",
    "element_subtype": "standard-indented",
    "content": "I am appropriating means to pay the expenses of three workers in the field in the suburbs of Sydney, Ashfield, and Petersham, and the surrounding regions. Now, a precious work has been done in Ashfield. It was very slow at first, but sixty-six precious souls have been baptized. There are souls who have embraced the truth since the last baptism. Some excellent people are making their decisions. Some have just taken their stand.",
    "puborder": 3552,
    "translations": []
  },
  {
    "para_id": "14060.7390013",
    "id_prev": "14060.7390012",
    "id_next": "14060.7390014",
    "refcode_1": "10LtMs",
    "refcode_2": "1",
    "refcode_3": "2723",
    "refcode_4": "1895011000",
    "refcode_short": "10LtMs, Lt 110, 1895, par. 7",
    "refcode_long": "Letters and Manuscripts — Volume 10 (1895), Lt 110, 1895, par. 7",
    "element_type": "p",
    "element_subtype": "standard-indented",
    "content": "I spoke last Sunday night at Petersham. The power of the Holy Spirit rested upon me, and the people listened with the deepest interest. We drive twelve miles from Granville, then I generally return after evening meetings; but this endangers my taking cold and makes me too weary. There is the most tremendous opposition. Picton, who challenged Corliss for discussion, also jumped up in a chair in the hall after Brother Hare had reviewed Mr. Porter&mdash;a minister from Ballarat&mdash;and challenged Brother Hare for a discussion. But he would not be drawn away from the work, and told them, as did Nehemiah, &ldquo;We are engaged in a great work, presenting Bible truth to the people, and we cannot come down.&rdquo; [See <span class=\"egwlink egwlink_bible\" title=\"Nehemiah 6:3\" data-link=\"1965.25246\">Nehemiah 6:3</span>.] Picton has since been bellowing like a wild beast at the corner of the street near the tent in Petersham, but only the lower class will be seen in the mob.",
    "puborder": 3553,
    "translations": []
  },
  {
    "para_id": "14060.7390014",
    "id_prev": "14060.7390013",
    "id_next": "14060.7390015",
    "refcode_1": "10LtMs",
    "refcode_2": "1",
    "refcode_3": "2724",
    "refcode_4": "1895011000",
    "refcode_short": "10LtMs, Lt 110, 1895, par. 8",
    "refcode_long": "Letters and Manuscripts — Volume 10 (1895), Lt 110, 1895, par. 8",
    "element_type": "p",
    "element_subtype": "standard-indented",
    "content": "One week ago last Sunday I spoke in Odd Fellows&rsquo; Hall. I never addressed more interested, noble-looking men and women. The hall was full. But to the subject. There are no less than five ministers gathered against us in our presentation of the truth. The battle waxes hot. Mr. Porter has been reviewed in every discourse by Brother Hare, and God has helped. There are two meetings on Sabbath, held within two miles of each other&mdash;one in the tent for preaching the Word of God in Petersham; and at the same hour someone is speaking to the congregation in Odd Fellows&rsquo; Hall. The interest has not abated. While I was speaking in Petersham, Brother McCullagh was speaking in Ashfield to about one hundred and fifty people.",
    "puborder": 3554,
    "translations": []
  },
  {
    "para_id": "14060.7390015",
    "id_prev": "14060.7390014",
    "id_next": "14060.7390016",
    "refcode_1": "10LtMs",
    "refcode_2": "1",
    "refcode_3": "2725",
    "refcode_4": "1895011000",
    "refcode_short": "10LtMs, Lt 110, 1895, par. 9",
    "refcode_long": "Letters and Manuscripts — Volume 10 (1895), Lt 110, 1895, par. 9",
    "element_type": "p",
    "element_subtype": "standard-indented",
    "content": "Brother Hare was on the enemy&rsquo;s ground listening to Mr. Porter&rsquo;s opposition discourse, while his niece Maggie Hare was taking notes in shorthand. Brother Hare reviews him in the town hall next Thursday evening. We believe that the Lord will make this the means of great good. They can do nothing against the truth but for the truth. I tarried at Brother McCullagh&rsquo;s that night.",
    "puborder": 3555,
    "translations": []
  },
  {
    "para_id": "14060.7390016",
    "id_prev": "14060.7390015",
    "id_next": "14060.7390017",
    "refcode_1": "10LtMs",
    "refcode_2": "1",
    "refcode_3": "2726",
    "refcode_4": "1895011000",
    "refcode_short": "10LtMs, Lt 110, 1895, par. 10",
    "refcode_long": "Letters and Manuscripts — Volume 10 (1895), Lt 110, 1895, par. 10",
    "element_type": "p",
    "element_subtype": "standard-indented",
    "content": "I felt sad to learn that a written statement has been sent to Brother McCullagh that they must quit the Odd Fellows&rsquo; Hall in two weeks. The enemy seems stirred with an intense power from beneath to possess his subjects with the enmity of the dragon&rsquo;s spirit to make war with those who keep the commandments of God and have the faith of Jesus. We are now perplexed. We had just pledged one hundred seventy-five dollars to purchase a new tent to commence meetings in Canterbury, two miles from Petersham and two miles from Ashfield. But the tent is not made yet, and if this means could make a start for a humble meetinghouse for the people to assemble and worship on the Sabbath, the enemy would be defeated.",
    "puborder": 3556,
    "translations": []
  },
  {
    "para_id": "14060.7390017",
    "id_prev": "14060.7390016",
    "id_next": "14060.7390018",
    "refcode_1": "10LtMs",
    "refcode_2": "1",
    "refcode_3": "2727",
    "refcode_4": "1895011000",
    "refcode_short": "10LtMs, Lt 110, 1895, par. 11",
    "refcode_long": "Letters and Manuscripts — Volume 10 (1895), Lt 110, 1895, par. 11",
    "element_type": "p",
    "element_subtype": "standard-indented",
    "content": "Brother Caldwell has just gone to see about the matter. I would pledge one or two hundred dollars and all would strain every nerve to accomplish this. It is well known there is not another hall that could be obtained without a large sum [being] expended, and they cannot be hired for Sunday nights. Oh that the Lord, who says &ldquo;The silver is mine, and the gold is mine&rdquo; and the &ldquo;cattle upon a thousand hills&rdquo; would now prepare the way for His people to worship Him! [<span class=\"egwlink egwlink_bible\" title=\"Haggai 2:8\" data-link=\"1965.46677\">Haggai 2:8</span>; <span class=\"egwlink egwlink_bible\" title=\"Psalm 50:10\" data-link=\"1965.29906\">Psalm 50:10</span>.] He will work. I believe it with all my heart; I believe it. We will wait and watch and pray.",
    "puborder": 3557,
    "translations": []
  },
  {
    "para_id": "14060.7390018",
    "id_prev": "14060.7390017",
    "id_next": "14060.7390019",
    "refcode_1": "10LtMs",
    "refcode_2": "1",
    "refcode_3": "2728",
    "refcode_4": "1895011000",
    "refcode_short": "10LtMs, Lt 110, 1895, par. 12",
    "refcode_long": "Letters and Manuscripts — Volume 10 (1895), Lt 110, 1895, par. 12",
    "element_type": "p",
    "element_subtype": "standard-indented",
    "content": "I want now to be in Ashfield and in Petersham and regions round about here, but a convention is to be held in Tasmania, and I am earnestly solicited to attend, for it is to be a very important meeting. We have long halted between two opinions, but now I must bring this matter to decision. We are now to take the cars on the morrow for Melbourne, en route for Hobart. We shall stop over Sabbath in Melbourne, and then the first of the week go on to Hobart.",
    "puborder": 3558,
    "translations": []
  },
  {
    "para_id": "14060.7390019",
    "id_prev": "14060.7390018",
    "id_next": "14060.7390020",
    "refcode_1": "10LtMs",
    "refcode_2": "1",
    "refcode_3": "2729",
    "refcode_4": "1895011000",
    "refcode_short": "10LtMs, Lt 110, 1895, par. 13",
    "refcode_long": "Letters and Manuscripts — Volume 10 (1895), Lt 110, 1895, par. 13",
    "element_type": "p",
    "element_subtype": "standard-indented",
    "content": "I am now much pressed in spirit in regard to a place where we can meet to worship God. There is quite a large company attending the meetings every evening, but what shall we do? We must wait and watch and pray and trust the living God.",
    "puborder": 3559,
    "translations": []
  },
  {
    "para_id": "14060.7390020",
    "id_prev": "14060.7390019",
    "id_next": "14060.7390021",
    "refcode_1": "10LtMs",
    "refcode_2": "1",
    "refcode_3": "2730",
    "refcode_4": "1895011000",
    "refcode_short": "10LtMs, Lt 110, 1895, par. 14",
    "refcode_long": "Letters and Manuscripts — Volume 10 (1895), Lt 110, 1895, par. 14",
    "element_type": "p",
    "element_subtype": "standard-indented",
    "content": "In regard to doing anything in the line of helping students in America, I have come to understand [that what I do] must be done [in the light of the needs] here in this country. I send you the letters giving you the light that God has given me. In much love to yourself and family.",
    "puborder": 3560,
    "translations": []
  },
  {
    "para_id": "14060.7390021",
    "id_prev": "14060.7390020",
    "id_next": "14060.4946001",
    "refcode_1": "10LtMs",
    "refcode_2": "1",
    "refcode_3": "2731",
    "refcode_4": "1895011000",
    "refcode_short": "10LtMs, Lt 110, 1895, par. 15",
    "refcode_long": "Letters and Manuscripts — Volume 10 (1895), Lt 110, 1895, par. 15",
    "element_type": "p",
    "element_subtype": "standard-indented",
    "content": "(By mistake this was left out of letter to Brother Prescott.)",
    "puborder": 3561,
    "translations": []
  }
]