[
  {
    "para_id": "14275.8055",
    "id_prev": "14275.8054",
    "id_next": "14275.8056",
    "refcode_1": "ECSI",
    "refcode_2": "Psalms",
    "refcode_3": "37",
    "refcode_4": "0",
    "refcode_short": "ECSI, Psalms 37",
    "refcode_long": "EGW Complete Scripture Index, Psalms 37",
    "element_type": "h3",
    "element_subtype": "",
    "content": "Psalms 37",
    "puborder": 8055,
    "translations": []
  },
  {
    "para_id": "14275.8056",
    "id_prev": "14275.8055",
    "id_next": "14275.8057",
    "refcode_1": "ECSI",
    "refcode_2": "Psalms",
    "refcode_3": "37",
    "refcode_4": "1",
    "refcode_short": "ECSI, Psalms 37:1",
    "refcode_long": "EGW Complete Scripture Index, Psalms 37:1",
    "element_type": "h4",
    "element_subtype": "",
    "content": "1",
    "puborder": 8056,
    "translations": []
  },
  {
    "para_id": "14275.8057",
    "id_prev": "14275.8056",
    "id_next": "14275.8058",
    "refcode_1": "ECSI",
    "refcode_2": "Psalms",
    "refcode_3": "37",
    "refcode_4": "1",
    "refcode_short": "ECSI, Psalms 37:1",
    "refcode_long": "EGW Complete Scripture Index, Psalms 37:1",
    "element_type": "p",
    "element_subtype": "standard-noindent",
    "content": "<span class=\"egwlink egwlink_book\" title=\"2SG 195.1\" data-link=\"105.741\">2SG 195.1</span>; <span class=\"egwlink egwlink_book\" title=\"1EGWLM 481.2\" data-link=\"12667.2756\">1EGWLM 481.2</span>; <span class=\"egwlink egwlink_book\" title=\"Lt 2a, 1856, par. 13\" data-link=\"13961.2839019\">Lt 2a, 1856, par. 13</span>; <span class=\"egwlink egwlink_book\" title=\"Ms 124, 1906, par. 1\" data-link=\"14071.10669009\">Ms 124, 1906, par. 1</span>",
    "puborder": 8057,
    "translations": []
  },
  {
    "para_id": "14275.8058",
    "id_prev": "14275.8057",
    "id_next": "14275.8059",
    "refcode_1": "ECSI",
    "refcode_2": "Psalms",
    "refcode_3": "37",
    "refcode_4": "2",
    "refcode_short": "ECSI, Psalms 37:2",
    "refcode_long": "EGW Complete Scripture Index, Psalms 37:2",
    "element_type": "h4",
    "element_subtype": "",
    "content": "2",
    "puborder": 8058,
    "translations": []
  },
  {
    "para_id": "14275.8059",
    "id_prev": "14275.8058",
    "id_next": "14275.8060",
    "refcode_1": "ECSI",
    "refcode_2": "Psalms",
    "refcode_3": "37",
    "refcode_4": "2",
    "refcode_short": "ECSI, Psalms 37:2",
    "refcode_long": "EGW Complete Scripture Index, Psalms 37:2",
    "element_type": "p",
    "element_subtype": "standard-noindent",
    "content": "<span class=\"egwlink egwlink_book\" title=\"2SG 195.1\" data-link=\"105.741\">2SG 195.1</span>; <span class=\"egwlink egwlink_book\" title=\"Ms 124, 1906, par. 1\" data-link=\"14071.10669009\">Ms 124, 1906, par. 1</span>",
    "puborder": 8059,
    "translations": []
  },
  {
    "para_id": "14275.8060",
    "id_prev": "14275.8059",
    "id_next": "14275.8061",
    "refcode_1": "ECSI",
    "refcode_2": "Psalms",
    "refcode_3": "37",
    "refcode_4": "3",
    "refcode_short": "ECSI, Psalms 37:3",
    "refcode_long": "EGW Complete Scripture Index, Psalms 37:3",
    "element_type": "h4",
    "element_subtype": "",
    "content": "3",
    "puborder": 8060,
    "translations": []
  },
  {
    "para_id": "14275.8061",
    "id_prev": "14275.8060",
    "id_next": "14275.8062",
    "refcode_1": "ECSI",
    "refcode_2": "Psalms",
    "refcode_3": "37",
    "refcode_4": "3",
    "refcode_short": "ECSI, Psalms 37:3",
    "refcode_long": "EGW Complete Scripture Index, Psalms 37:3",
    "element_type": "p",
    "element_subtype": "standard-noindent",
    "content": "<span class=\"egwlink egwlink_book\" title=\"BLJ 11.2\" data-link=\"151.41\">BLJ 11.2</span>; <span class=\"egwlink egwlink_book\" title=\"GW 514.1\" data-link=\"35.2666\">GW 514.1</span>; <span class=\"egwlink egwlink_book\" title=\"MB 110.3\" data-link=\"150.575\">MB 110.3</span>; <span class=\"egwlink egwlink_book\" title=\"MH 189.2\" data-link=\"135.920\">MH 189.2</span>; <span class=\"egwlink egwlink_book\" title=\"ML 168.1\" data-link=\"79.1261\">ML 168.1</span>; <span class=\"egwlink egwlink_book\" title=\"17MR 34.1\" data-link=\"63.196\">17MR 34.1</span>; <span class=\"egwlink egwlink_book\" title=\"OFC 259.1\" data-link=\"80.1894\">OFC 259.1</span>; <span class=\"egwlink egwlink_book\" title=\"Pr 295.3\" data-link=\"87.1588\">Pr 295.3</span>; <span class=\"egwlink egwlink_book\" title=\"SC 121.2\" data-link=\"108.488\">SC 121.2</span>; <span class=\"egwlink egwlink_book\" title=\"6T 306.4\" data-link=\"118.1650\">6T 306.4</span>; <span class=\"egwlink egwlink_book\" title=\"TDG 42.1\" data-link=\"149.291\">TDG 42.1</span>; <span class=\"egwlink egwlink_book\" title=\"TMK 232.1\" data-link=\"126.1524\">TMK 232.1</span>; <span class=\"egwlink egwlink_book\" title=\"UL 130.1\" data-link=\"147.916\">UL 130.1</span>; <span class=\"egwlink egwlink_book\" title=\"WGD 98.1\" data-link=\"13940.592\">WGD 98.1</span>; <span class=\"egwlink egwlink_book\" title=\"Lt 83, 1897, par. 26\" data-link=\"14062.5113032\">Lt 83, 1897, par. 26</span>; <span class=\"egwlink egwlink_book\" title=\"Lt 180, 1902, par. 21\" data-link=\"14067.7877027\">Lt 180, 1902, par. 21</span>; <span class=\"egwlink egwlink_book\" title=\"Lt 243a, 1905, par. 10\" data-link=\"14070.8354016\">Lt 243a, 1905, par. 10</span>; <span class=\"egwlink egwlink_book\" title=\"Lt 142, 1909, par. 7\" data-link=\"14074.8039013\">Lt 142, 1909, par. 7</span>; <span class=\"egwlink egwlink_book\" title=\"Ms 14a, 1897, par. 21\" data-link=\"14062.7073026\">Ms 14a, 1897, par. 21</span>; <span class=\"egwlink egwlink_book\" title=\"Ms 145, 1899, par. 18\" data-link=\"14064.7275023\">Ms 145, 1899, par. 18</span>; <span class=\"egwlink egwlink_book\" title=\"Ms 124, 1906, par. 1\" data-link=\"14071.10669009\">Ms 124, 1906, par. 1</span>",
    "puborder": 8061,
    "translations": []
  },
  {
    "para_id": "14275.8062",
    "id_prev": "14275.8061",
    "id_next": "14275.8063",
    "refcode_1": "ECSI",
    "refcode_2": "Psalms",
    "refcode_3": "37",
    "refcode_4": "4",
    "refcode_short": "ECSI, Psalms 37:4",
    "refcode_long": "EGW Complete Scripture Index, Psalms 37:4",
    "element_type": "h4",
    "element_subtype": "",
    "content": "4",
    "puborder": 8062,
    "translations": []
  },
  {
    "para_id": "14275.8063",
    "id_prev": "14275.8062",
    "id_next": "14275.8064",
    "refcode_1": "ECSI",
    "refcode_2": "Psalms",
    "refcode_3": "37",
    "refcode_4": "4",
    "refcode_short": "ECSI, Psalms 37:4",
    "refcode_long": "EGW Complete Scripture Index, Psalms 37:4",
    "element_type": "p",
    "element_subtype": "standard-noindent",
    "content": "<span class=\"egwlink egwlink_book\" title=\"17MR 34.1\" data-link=\"63.196\">17MR 34.1</span>; <span class=\"egwlink egwlink_book\" title=\"Lt 180, 1902, par. 21\" data-link=\"14067.7877027\">Lt 180, 1902, par. 21</span>; <span class=\"egwlink egwlink_book\" title=\"Lt 142, 1909, par. 7\" data-link=\"14074.8039013\">Lt 142, 1909, par. 7</span>; <span class=\"egwlink egwlink_book\" title=\"Ms 124, 1906, par. 1\" data-link=\"14071.10669009\">Ms 124, 1906, par. 1</span>",
    "puborder": 8063,
    "translations": []
  },
  {
    "para_id": "14275.8064",
    "id_prev": "14275.8063",
    "id_next": "14275.8065",
    "refcode_1": "ECSI",
    "refcode_2": "Psalms",
    "refcode_3": "37",
    "refcode_4": "5",
    "refcode_short": "ECSI, Psalms 37:5",
    "refcode_long": "EGW Complete Scripture Index, Psalms 37:5",
    "element_type": "h4",
    "element_subtype": "",
    "content": "5",
    "puborder": 8064,
    "translations": []
  },
  {
    "para_id": "14275.8065",
    "id_prev": "14275.8064",
    "id_next": "14275.8066",
    "refcode_1": "ECSI",
    "refcode_2": "Psalms",
    "refcode_3": "37",
    "refcode_4": "5",
    "refcode_short": "ECSI, Psalms 37:5",
    "refcode_long": "EGW Complete Scripture Index, Psalms 37:5",
    "element_type": "p",
    "element_subtype": "standard-noindent",
    "content": "<span class=\"egwlink egwlink_book\" title=\"CC 62.1\" data-link=\"17.460\">CC 62.1</span>; <span class=\"egwlink egwlink_book\" title=\"Ed 257.2\" data-link=\"29.1360\">Ed 257.2</span>; <span class=\"egwlink egwlink_book\" title=\"GW 476.3\" data-link=\"35.2465\">GW 476.3</span>; <span class=\"egwlink egwlink_book\" title=\"HDL 27.3\" data-link=\"37.119\">HDL 27.3</span>; <span class=\"egwlink egwlink_book\" title=\"MH 486.4\" data-link=\"135.2561\">MH 486.4</span>; <span class=\"egwlink egwlink_book\" title=\"17MR 34.1\" data-link=\"63.196\">17MR 34.1</span>; <span class=\"egwlink egwlink_book\" title=\"Pr 317.5\" data-link=\"87.1714\">Pr 317.5</span>; <span class=\"egwlink egwlink_book\" title=\"TMK 290.3\" data-link=\"126.1906\">TMK 290.3</span>; <span class=\"egwlink egwlink_book\" title=\"1TT 410.2\" data-link=\"2005.1938\">1TT 410.2</span>; <span class=\"egwlink egwlink_book\" title=\"UL 69.3\" data-link=\"147.445\">UL 69.3</span>; <span class=\"egwlink egwlink_book\" title=\"WGD 103.1\" data-link=\"13940.625\">WGD 103.1</span>; <span class=\"egwlink egwlink_book\" title=\"Lt 32, 1894, par. 9\" data-link=\"14059.4746015\">Lt 32, 1894, par. 9</span>; <span class=\"egwlink egwlink_book\" title=\"Lt 82, 1895, par. 20\" data-link=\"14060.7062026\">Lt 82, 1895, par. 20</span>; <span class=\"egwlink egwlink_book\" title=\"Lt 180, 1902, par. 21\" data-link=\"14067.7877027\">Lt 180, 1902, par. 21</span>; <span class=\"egwlink egwlink_book\" title=\"Lt 41, 1903, par. 9\" data-link=\"14068.7965015\">Lt 41, 1903, par. 9</span>; <span class=\"egwlink egwlink_book\" title=\"Lt 13, 1904, par. 9\" data-link=\"14069.8216015\">Lt 13, 1904, par. 9</span>; <span class=\"egwlink egwlink_book\" title=\"Lt 19, 1905, par. 13\" data-link=\"14070.7489020\">Lt 19, 1905, par. 13</span>; <span class=\"egwlink egwlink_book\" title=\"Lt 406, 1906, par. 3\" data-link=\"14071.9514009\">Lt 406, 1906, par. 3</span>; <span class=\"egwlink egwlink_book\" title=\"Lt 142, 1909, par. 7\" data-link=\"14074.8039013\">Lt 142, 1909, par. 7</span>; <span class=\"egwlink egwlink_book\" title=\"Ms 153, 1899, par. 10\" data-link=\"14064.7094016\">Ms 153, 1899, par. 10</span>; <span class=\"egwlink egwlink_book\" title=\"Ms 124, 1906, par. 1\" data-link=\"14071.10669009\">Ms 124, 1906, par. 1</span>",
    "puborder": 8065,
    "translations": []
  },
  {
    "para_id": "14275.8066",
    "id_prev": "14275.8065",
    "id_next": "14275.8067",
    "refcode_1": "ECSI",
    "refcode_2": "Psalms",
    "refcode_3": "37",
    "refcode_4": "6",
    "refcode_short": "ECSI, Psalms 37:6",
    "refcode_long": "EGW Complete Scripture Index, Psalms 37:6",
    "element_type": "h4",
    "element_subtype": "",
    "content": "6",
    "puborder": 8066,
    "translations": []
  },
  {
    "para_id": "14275.8067",
    "id_prev": "14275.8066",
    "id_next": "14275.8068",
    "refcode_1": "ECSI",
    "refcode_2": "Psalms",
    "refcode_3": "37",
    "refcode_4": "6",
    "refcode_short": "ECSI, Psalms 37:6",
    "refcode_long": "EGW Complete Scripture Index, Psalms 37:6",
    "element_type": "p",
    "element_subtype": "standard-noindent",
    "content": "<span class=\"egwlink egwlink_book\" title=\"COL 174.3\" data-link=\"15.731\">COL 174.3</span>; <span class=\"egwlink egwlink_book\" title=\"Ed 257.2\" data-link=\"29.1360\">Ed 257.2</span>; <span class=\"egwlink egwlink_book\" title=\"GW 476.3\" data-link=\"35.2465\">GW 476.3</span>; <span class=\"egwlink egwlink_book\" title=\"HDL 27.3\" data-link=\"37.119\">HDL 27.3</span>; <span class=\"egwlink egwlink_book\" title=\"HP 279.3\" data-link=\"38.2044\">HP 279.3</span>; <span class=\"egwlink egwlink_book\" title=\"MH 486.4\" data-link=\"135.2561\">MH 486.4</span>; <span class=\"egwlink egwlink_book\" title=\"17MR 34.1\" data-link=\"63.196\">17MR 34.1</span>; <span class=\"egwlink egwlink_book\" title=\"Pr 317.5\" data-link=\"87.1714\">Pr 317.5</span>; <span class=\"egwlink egwlink_book\" title=\"UL 206.1\" data-link=\"147.1541\">UL 206.1</span>, <span class=\"egwlink egwlink_book\" title=\"UL 298.7\" data-link=\"147.2294\">298.7</span>; <span class=\"egwlink egwlink_book\" title=\"Lt 32, 1894, par. 9\" data-link=\"14059.4746015\">Lt 32, 1894, par. 9</span>; <span class=\"egwlink egwlink_book\" title=\"Lt 180, 1902, par. 21\" data-link=\"14067.7877027\">Lt 180, 1902, par. 21</span>; <span class=\"egwlink egwlink_book\" title=\"Lt 142, 1909, par. 7\" data-link=\"14074.8039013\">Lt 142, 1909, par. 7</span>; <span class=\"egwlink egwlink_book\" title=\"Ms 153, 1899, par. 10\" data-link=\"14064.7094016\">Ms 153, 1899, par. 10</span>; <span class=\"egwlink egwlink_book\" title=\"Ms 61, 1900, par. 16\" data-link=\"14065.9335021\">Ms 61, 1900, par. 16</span>; <span class=\"egwlink egwlink_book\" title=\"Ms 124, 1906, par. 1\" data-link=\"14071.10669009\">Ms 124, 1906, par. 1</span>; <span class=\"egwlink egwlink_book\" title=\"Ms 126, 1907, par. 12\" data-link=\"14072.9758020\">Ms 126, 1907, par. 12</span>",
    "puborder": 8067,
    "translations": []
  },
  {
    "para_id": "14275.8068",
    "id_prev": "14275.8067",
    "id_next": "14275.8069",
    "refcode_1": "ECSI",
    "refcode_2": "Psalms",
    "refcode_3": "37",
    "refcode_4": "7",
    "refcode_short": "ECSI, Psalms 37:7",
    "refcode_long": "EGW Complete Scripture Index, Psalms 37:7",
    "element_type": "h4",
    "element_subtype": "",
    "content": "7",
    "puborder": 8068,
    "translations": []
  },
  {
    "para_id": "14275.8069",
    "id_prev": "14275.8068",
    "id_next": "14275.8070",
    "refcode_1": "ECSI",
    "refcode_2": "Psalms",
    "refcode_3": "37",
    "refcode_4": "7",
    "refcode_short": "ECSI, Psalms 37:7",
    "refcode_long": "EGW Complete Scripture Index, Psalms 37:7",
    "element_type": "p",
    "element_subtype": "standard-noindent",
    "content": "<span class=\"egwlink egwlink_book\" title=\"HB 147.5\" data-link=\"12862.954\">HB 147.5</span>; <span class=\"egwlink egwlink_book\" title=\"HP 269.5\" data-link=\"38.1974\">HP 269.5</span>; <span class=\"egwlink egwlink_book\" title=\"17MR 34.1\" data-link=\"63.196\">17MR 34.1</span>; <span class=\"egwlink egwlink_book\" title=\"OFC 185.5\" data-link=\"80.1350\">OFC 185.5</span>; <span class=\"egwlink egwlink_book\" title=\"SC 71.1\" data-link=\"108.277\">SC 71.1</span>; <span class=\"egwlink egwlink_book\" title=\"WGD 107.1\" data-link=\"13940.652\">WGD 107.1</span>; <span class=\"egwlink egwlink_book\" title=\"Lt 32, 1894, par. 9\" data-link=\"14059.4746015\">Lt 32, 1894, par. 9</span>; <span class=\"egwlink egwlink_book\" title=\"Lt 82, 1895, par. 20\" data-link=\"14060.7062026\">Lt 82, 1895, par. 20</span>; <span class=\"egwlink egwlink_book\" title=\"Lt 7, 1896, par. 24\" data-link=\"14061.7132030\">Lt 7, 1896, par. 24</span>; <span class=\"egwlink egwlink_book\" title=\"Lt 46, 1896, par. 2\" data-link=\"14061.6903008\">Lt 46, 1896, par. 2</span>; <span class=\"egwlink egwlink_book\" title=\"Lt 180, 1902, par. 21\" data-link=\"14067.7877027\">Lt 180, 1902, par. 21</span>; <span class=\"egwlink egwlink_book\" title=\"Lt 13, 1904, par. 9\" data-link=\"14069.8216015\">Lt 13, 1904, par. 9</span>; <span class=\"egwlink egwlink_book\" title=\"Lt 142, 1909, par. 7\" data-link=\"14074.8039013\">Lt 142, 1909, par. 7</span>; <span class=\"egwlink egwlink_book\" title=\"Ms 109, 1899, par. 18\" data-link=\"14064.6175027\">Ms 109, 1899, par. 18</span>; <span class=\"egwlink egwlink_book\" title=\"Ms 33, 1901, par. 6\" data-link=\"14066.7455012\">Ms 33, 1901, par. 6</span>; <span class=\"egwlink egwlink_book\" title=\"Ms 124, 1906, par. 1\" data-link=\"14071.10669009\">Ms 124, 1906, par. 1</span>",
    "puborder": 8069,
    "translations": []
  },
  {
    "para_id": "14275.8070",
    "id_prev": "14275.8069",
    "id_next": "14275.8071",
    "refcode_1": "ECSI",
    "refcode_2": "Psalms",
    "refcode_3": "37",
    "refcode_4": "8",
    "refcode_short": "ECSI, Psalms 37:8",
    "refcode_long": "EGW Complete Scripture Index, Psalms 37:8",
    "element_type": "h4",
    "element_subtype": "",
    "content": "8",
    "puborder": 8070,
    "translations": []
  },
  {
    "para_id": "14275.8071",
    "id_prev": "14275.8070",
    "id_next": "14275.8072",
    "refcode_1": "ECSI",
    "refcode_2": "Psalms",
    "refcode_3": "37",
    "refcode_4": "8",
    "refcode_short": "ECSI, Psalms 37:8",
    "refcode_long": "EGW Complete Scripture Index, Psalms 37:8",
    "element_type": "p",
    "element_subtype": "standard-noindent",
    "content": "<span class=\"egwlink egwlink_book\" title=\"Lt 32, 1894, par. 9\" data-link=\"14059.4746015\">Lt 32, 1894, par. 9</span>; <span class=\"egwlink egwlink_book\" title=\"Lt 87, 1895, par. 6\" data-link=\"14060.7070011\">Lt 87, 1895, par. 6</span>; <span class=\"egwlink egwlink_book\" title=\"Lt 144, 1903, par. 25\" data-link=\"14068.10102031\">Lt 144, 1903, par. 25</span>; <span class=\"egwlink egwlink_book\" title=\"Ms 109, 1899, par. 18\" data-link=\"14064.6175027\">Ms 109, 1899, par. 18</span>; <span class=\"egwlink egwlink_book\" title=\"Ms 33, 1901, par. 6\" data-link=\"14066.7455012\">Ms 33, 1901, par. 6</span>; <span class=\"egwlink egwlink_book\" title=\"Ms 124, 1906, par. 1\" data-link=\"14071.10669009\">Ms 124, 1906, par. 1</span>",
    "puborder": 8071,
    "translations": []
  },
  {
    "para_id": "14275.8072",
    "id_prev": "14275.8071",
    "id_next": "14275.8073",
    "refcode_1": "ECSI",
    "refcode_2": "Psalms",
    "refcode_3": "37",
    "refcode_4": "9",
    "refcode_short": "ECSI, Psalms 37:9",
    "refcode_long": "EGW Complete Scripture Index, Psalms 37:9",
    "element_type": "h4",
    "element_subtype": "",
    "content": "9",
    "puborder": 8072,
    "translations": []
  },
  {
    "para_id": "14275.8073",
    "id_prev": "14275.8072",
    "id_next": "14275.8074",
    "refcode_1": "ECSI",
    "refcode_2": "Psalms",
    "refcode_3": "37",
    "refcode_4": "9",
    "refcode_short": "ECSI, Psalms 37:9",
    "refcode_long": "EGW Complete Scripture Index, Psalms 37:9",
    "element_type": "p",
    "element_subtype": "standard-noindent",
    "content": "<span class=\"egwlink egwlink_book\" title=\"FLB 184.1\" data-link=\"131.1482\">FLB 184.1</span>; <span class=\"egwlink egwlink_book\" title=\"Ms 109, 1899, par. 18\" data-link=\"14064.6175027\">Ms 109, 1899, par. 18</span>; <span class=\"egwlink egwlink_book\" title=\"Ms 124, 1906, par. 1\" data-link=\"14071.10669009\">Ms 124, 1906, par. 1</span>",
    "puborder": 8073,
    "translations": []
  },
  {
    "para_id": "14275.8074",
    "id_prev": "14275.8073",
    "id_next": "14275.8075",
    "refcode_1": "ECSI",
    "refcode_2": "Psalms",
    "refcode_3": "37",
    "refcode_4": "10",
    "refcode_short": "ECSI, Psalms 37:10",
    "refcode_long": "EGW Complete Scripture Index, Psalms 37:10",
    "element_type": "h4",
    "element_subtype": "",
    "content": "10",
    "puborder": 8074,
    "translations": []
  },
  {
    "para_id": "14275.8075",
    "id_prev": "14275.8074",
    "id_next": "14275.8076",
    "refcode_1": "ECSI",
    "refcode_2": "Psalms",
    "refcode_3": "37",
    "refcode_4": "10",
    "refcode_short": "ECSI, Psalms 37:10",
    "refcode_long": "EGW Complete Scripture Index, Psalms 37:10",
    "element_type": "p",
    "element_subtype": "standard-noindent",
    "content": "<span class=\"egwlink egwlink_book\" title=\"DA 763.4\" data-link=\"130.3779\">DA 763.4</span>; <span class=\"egwlink egwlink_book\" title=\"GC 544.2\" data-link=\"132.2467\">GC 544.2</span>; <span class=\"egwlink egwlink_book\" title=\"GC88 544.2\" data-link=\"133.2480\">GC88 544.2</span>; <span class=\"egwlink egwlink_book\" title=\"GrH_c 17.7\" data-link=\"12320.185\">GrH_c 17.7</span>; <span class=\"egwlink egwlink_book\" title=\"HF 335.1\" data-link=\"2774.2096\">HF 335.1</span>; <span class=\"egwlink egwlink_book\" title=\"Mar 348.3\" data-link=\"74.2553\">Mar 348.3</span>; <span class=\"egwlink egwlink_book\" title=\"OFC 375.3\" data-link=\"80.2826\">OFC 375.3</span>; <span class=\"egwlink egwlink_book\" title=\"4SP 364.2\" data-link=\"140.1452\">4SP 364.2</span>; <span class=\"egwlink egwlink_book\" title=\"Ms 20, 1894, par. 45\" data-link=\"14059.6534050\">Ms 20, 1894, par. 45</span>; <span class=\"egwlink egwlink_book\" title=\"Ms 80, 1900, par. 17\" data-link=\"14065.8301023\">Ms 80, 1900, par. 17</span>; <span class=\"egwlink egwlink_book\" title=\"Ms 124, 1906, par. 1\" data-link=\"14071.10669009\">Ms 124, 1906, par. 1</span>",
    "puborder": 8075,
    "translations": []
  },
  {
    "para_id": "14275.8076",
    "id_prev": "14275.8075",
    "id_next": "14275.8077",
    "refcode_1": "ECSI",
    "refcode_2": "Psalms",
    "refcode_3": "37",
    "refcode_4": "11",
    "refcode_short": "ECSI, Psalms 37:11",
    "refcode_long": "EGW Complete Scripture Index, Psalms 37:11",
    "element_type": "h4",
    "element_subtype": "",
    "content": "11",
    "puborder": 8076,
    "translations": []
  },
  {
    "para_id": "14275.8077",
    "id_prev": "14275.8076",
    "id_next": "14275.8078",
    "refcode_1": "ECSI",
    "refcode_2": "Psalms",
    "refcode_3": "37",
    "refcode_4": "11",
    "refcode_short": "ECSI, Psalms 37:11",
    "refcode_long": "EGW Complete Scripture Index, Psalms 37:11",
    "element_type": "p",
    "element_subtype": "standard-noindent",
    "content": "<span class=\"egwlink egwlink_book\" title=\"MB 17.2\" data-link=\"150.105\">MB 17.2</span>; <span class=\"egwlink egwlink_book\" title=\"PP 169.4\" data-link=\"84.691\">PP 169.4</span>; <span class=\"egwlink egwlink_book\" title=\"SJ 184.2\" data-link=\"144.1233\">SJ 184.2</span>; <span class=\"egwlink egwlink_book\" title=\"Ms 33, 1901, par. 6\" data-link=\"14066.7455012\">Ms 33, 1901, par. 6</span>; <span class=\"egwlink egwlink_book\" title=\"Ms 124, 1906, par. 1\" data-link=\"14071.10669009\">Ms 124, 1906, par. 1</span>",
    "puborder": 8077,
    "translations": []
  },
  {
    "para_id": "14275.8078",
    "id_prev": "14275.8077",
    "id_next": "14275.8079",
    "refcode_1": "ECSI",
    "refcode_2": "Psalms",
    "refcode_3": "37",
    "refcode_4": "12, 13, 14, 15",
    "refcode_short": "ECSI, Psalms 37:12-15",
    "refcode_long": "EGW Complete Scripture Index, Psalms 37:12-15",
    "element_type": "h4",
    "element_subtype": "",
    "content": "12-15",
    "puborder": 8078,
    "translations": []
  },
  {
    "para_id": "14275.8079",
    "id_prev": "14275.8078",
    "id_next": "14275.8080",
    "refcode_1": "ECSI",
    "refcode_2": "Psalms",
    "refcode_3": "37",
    "refcode_4": "12, 13, 14, 15",
    "refcode_short": "ECSI, Psalms 37:12-15",
    "refcode_long": "EGW Complete Scripture Index, Psalms 37:12-15",
    "element_type": "p",
    "element_subtype": "standard-noindent",
    "content": "<span class=\"egwlink egwlink_book\" title=\"Ms 124, 1906, par. 1\" data-link=\"14071.10669009\">Ms 124, 1906, par. 1</span>",
    "puborder": 8079,
    "translations": []
  },
  {
    "para_id": "14275.8080",
    "id_prev": "14275.8079",
    "id_next": "14275.8081",
    "refcode_1": "ECSI",
    "refcode_2": "Psalms",
    "refcode_3": "37",
    "refcode_4": "16",
    "refcode_short": "ECSI, Psalms 37:16",
    "refcode_long": "EGW Complete Scripture Index, Psalms 37:16",
    "element_type": "h4",
    "element_subtype": "",
    "content": "16",
    "puborder": 8080,
    "translations": []
  },
  {
    "para_id": "14275.8081",
    "id_prev": "14275.8080",
    "id_next": "14275.8082",
    "refcode_1": "ECSI",
    "refcode_2": "Psalms",
    "refcode_3": "37",
    "refcode_4": "16",
    "refcode_short": "ECSI, Psalms 37:16",
    "refcode_long": "EGW Complete Scripture Index, Psalms 37:16",
    "element_type": "p",
    "element_subtype": "standard-noindent",
    "content": "<span class=\"egwlink egwlink_book\" title=\"OFC 118.2\" data-link=\"80.872\">OFC 118.2</span>; <span class=\"egwlink egwlink_book\" title=\"OHC 196.2\" data-link=\"81.1363\">OHC 196.2</span>; <span class=\"egwlink egwlink_book\" title=\"Lt 8, 1873, par. 11\" data-link=\"14052.3570017\">Lt 8, 1873, par. 11</span>; <span class=\"egwlink egwlink_book\" title=\"Ms 124, 1906, par. 1\" data-link=\"14071.10669009\">Ms 124, 1906, par. 1</span>",
    "puborder": 8081,
    "translations": []
  },
  {
    "para_id": "14275.8082",
    "id_prev": "14275.8081",
    "id_next": "14275.8083",
    "refcode_1": "ECSI",
    "refcode_2": "Psalms",
    "refcode_3": "37",
    "refcode_4": "17",
    "refcode_short": "ECSI, Psalms 37:17",
    "refcode_long": "EGW Complete Scripture Index, Psalms 37:17",
    "element_type": "h4",
    "element_subtype": "",
    "content": "17",
    "puborder": 8082,
    "translations": []
  },
  {
    "para_id": "14275.8083",
    "id_prev": "14275.8082",
    "id_next": "14275.8084",
    "refcode_1": "ECSI",
    "refcode_2": "Psalms",
    "refcode_3": "37",
    "refcode_4": "17",
    "refcode_short": "ECSI, Psalms 37:17",
    "refcode_long": "EGW Complete Scripture Index, Psalms 37:17",
    "element_type": "p",
    "element_subtype": "standard-noindent",
    "content": "<span class=\"egwlink egwlink_book\" title=\"Ms 124, 1906, par. 1\" data-link=\"14071.10669009\">Ms 124, 1906, par. 1</span>",
    "puborder": 8083,
    "translations": []
  },
  {
    "para_id": "14275.8084",
    "id_prev": "14275.8083",
    "id_next": "14275.8085",
    "refcode_1": "ECSI",
    "refcode_2": "Psalms",
    "refcode_3": "37",
    "refcode_4": "18",
    "refcode_short": "ECSI, Psalms 37:18",
    "refcode_long": "EGW Complete Scripture Index, Psalms 37:18",
    "element_type": "h4",
    "element_subtype": "",
    "content": "18",
    "puborder": 8084,
    "translations": []
  },
  {
    "para_id": "14275.8085",
    "id_prev": "14275.8084",
    "id_next": "14275.8086",
    "refcode_1": "ECSI",
    "refcode_2": "Psalms",
    "refcode_3": "37",
    "refcode_4": "18",
    "refcode_short": "ECSI, Psalms 37:18",
    "refcode_long": "EGW Complete Scripture Index, Psalms 37:18",
    "element_type": "p",
    "element_subtype": "standard-noindent",
    "content": "<span class=\"egwlink egwlink_book\" title=\"CTr 67.1\" data-link=\"9.485\">CTr 67.1</span>; <span class=\"egwlink egwlink_book\" title=\"Ed 141.3\" data-link=\"29.699\">Ed 141.3</span>; <span class=\"egwlink egwlink_book\" title=\"HP 227.1\" data-link=\"38.1662\">HP 227.1</span>; <span class=\"egwlink egwlink_book\" title=\"PP 118.3\" data-link=\"84.462\">PP 118.3</span>; <span class=\"egwlink egwlink_book\" title=\"Ms 124, 1906, par. 1\" data-link=\"14071.10669009\">Ms 124, 1906, par. 1</span>",
    "puborder": 8085,
    "translations": []
  },
  {
    "para_id": "14275.8086",
    "id_prev": "14275.8085",
    "id_next": "14275.8087",
    "refcode_1": "ECSI",
    "refcode_2": "Psalms",
    "refcode_3": "37",
    "refcode_4": "19",
    "refcode_short": "ECSI, Psalms 37:19",
    "refcode_long": "EGW Complete Scripture Index, Psalms 37:19",
    "element_type": "h4",
    "element_subtype": "",
    "content": "19",
    "puborder": 8086,
    "translations": []
  },
  {
    "para_id": "14275.8087",
    "id_prev": "14275.8086",
    "id_next": "14275.8088",
    "refcode_1": "ECSI",
    "refcode_2": "Psalms",
    "refcode_3": "37",
    "refcode_4": "19",
    "refcode_short": "ECSI, Psalms 37:19",
    "refcode_long": "EGW Complete Scripture Index, Psalms 37:19",
    "element_type": "p",
    "element_subtype": "standard-noindent",
    "content": "<span class=\"egwlink egwlink_book\" title=\"CTr 67.1\" data-link=\"9.485\">CTr 67.1</span>; <span class=\"egwlink egwlink_book\" title=\"DA 121.3\" data-link=\"130.496\">DA 121.3</span>; <span class=\"egwlink egwlink_book\" title=\"Ed 141.3\" data-link=\"29.699\">Ed 141.3</span>; <span class=\"egwlink egwlink_book\" title=\"HLv 74.1\" data-link=\"2771.471\">HLv 74.1</span>; <span class=\"egwlink egwlink_book\" title=\"MB 110.3\" data-link=\"150.575\">MB 110.3</span>; <span class=\"egwlink egwlink_book\" title=\"OHC 320.3\" data-link=\"81.2252\">OHC 320.3</span>; <span class=\"egwlink egwlink_book\" title=\"Pr 295.3\" data-link=\"87.1588\">Pr 295.3</span>; <span class=\"egwlink egwlink_book\" title=\"Lt 25, 1892, par. 7\" data-link=\"14057.7326013\">Lt 25, 1892, par. 7</span>; <span class=\"egwlink egwlink_book\" title=\"Ms 124, 1906, par. 1\" data-link=\"14071.10669009\">Ms 124, 1906, par. 1</span>",
    "puborder": 8087,
    "translations": []
  },
  {
    "para_id": "14275.8088",
    "id_prev": "14275.8087",
    "id_next": "14275.8089",
    "refcode_1": "ECSI",
    "refcode_2": "Psalms",
    "refcode_3": "37",
    "refcode_4": "20",
    "refcode_short": "ECSI, Psalms 37:20",
    "refcode_long": "EGW Complete Scripture Index, Psalms 37:20",
    "element_type": "h4",
    "element_subtype": "",
    "content": "20",
    "puborder": 8088,
    "translations": []
  },
  {
    "para_id": "14275.8089",
    "id_prev": "14275.8088",
    "id_next": "14275.8090",
    "refcode_1": "ECSI",
    "refcode_2": "Psalms",
    "refcode_3": "37",
    "refcode_4": "20",
    "refcode_short": "ECSI, Psalms 37:20",
    "refcode_long": "EGW Complete Scripture Index, Psalms 37:20",
    "element_type": "p",
    "element_subtype": "standard-noindent",
    "content": "<span class=\"egwlink egwlink_book\" title=\"CTr 67.1\" data-link=\"9.485\">CTr 67.1</span>; <span class=\"egwlink egwlink_book\" title=\"Ms 124, 1906, par. 1\" data-link=\"14071.10669009\">Ms 124, 1906, par. 1</span>",
    "puborder": 8089,
    "translations": []
  },
  {
    "para_id": "14275.8090",
    "id_prev": "14275.8089",
    "id_next": "14275.8091",
    "refcode_1": "ECSI",
    "refcode_2": "Psalms",
    "refcode_3": "37",
    "refcode_4": "21",
    "refcode_short": "ECSI, Psalms 37:21",
    "refcode_long": "EGW Complete Scripture Index, Psalms 37:21",
    "element_type": "h4",
    "element_subtype": "",
    "content": "21",
    "puborder": 8090,
    "translations": []
  },
  {
    "para_id": "14275.8091",
    "id_prev": "14275.8090",
    "id_next": "14275.8092",
    "refcode_1": "ECSI",
    "refcode_2": "Psalms",
    "refcode_3": "37",
    "refcode_4": "21",
    "refcode_short": "ECSI, Psalms 37:21",
    "refcode_long": "EGW Complete Scripture Index, Psalms 37:21",
    "element_type": "p",
    "element_subtype": "standard-noindent",
    "content": "<span class=\"egwlink egwlink_book\" title=\"BLJ 168.5\" data-link=\"151.1116\">BLJ 168.5</span>; <span class=\"egwlink egwlink_book\" title=\"CTr 67.1\" data-link=\"9.485\">CTr 67.1</span>; <span class=\"egwlink egwlink_book\" title=\"MH 188.2\" data-link=\"135.914\">MH 188.2</span>; <span class=\"egwlink egwlink_book\" title=\"Ms 124, 1906, par. 1\" data-link=\"14071.10669009\">Ms 124, 1906, par. 1</span>",
    "puborder": 8091,
    "translations": []
  },
  {
    "para_id": "14275.8092",
    "id_prev": "14275.8091",
    "id_next": "14275.8093",
    "refcode_1": "ECSI",
    "refcode_2": "Psalms",
    "refcode_3": "37",
    "refcode_4": "22",
    "refcode_short": "ECSI, Psalms 37:22",
    "refcode_long": "EGW Complete Scripture Index, Psalms 37:22",
    "element_type": "h4",
    "element_subtype": "",
    "content": "22",
    "puborder": 8092,
    "translations": []
  },
  {
    "para_id": "14275.8093",
    "id_prev": "14275.8092",
    "id_next": "14275.8094",
    "refcode_1": "ECSI",
    "refcode_2": "Psalms",
    "refcode_3": "37",
    "refcode_4": "22",
    "refcode_short": "ECSI, Psalms 37:22",
    "refcode_long": "EGW Complete Scripture Index, Psalms 37:22",
    "element_type": "p",
    "element_subtype": "standard-noindent",
    "content": "<span class=\"egwlink egwlink_book\" title=\"CTr 67.1\" data-link=\"9.485\">CTr 67.1</span>; <span class=\"egwlink egwlink_book\" title=\"Ms 124, 1906, par. 1\" data-link=\"14071.10669009\">Ms 124, 1906, par. 1</span>",
    "puborder": 8093,
    "translations": []
  },
  {
    "para_id": "14275.8094",
    "id_prev": "14275.8093",
    "id_next": "14275.8095",
    "refcode_1": "ECSI",
    "refcode_2": "Psalms",
    "refcode_3": "37",
    "refcode_4": "23",
    "refcode_short": "ECSI, Psalms 37:23",
    "refcode_long": "EGW Complete Scripture Index, Psalms 37:23",
    "element_type": "h4",
    "element_subtype": "",
    "content": "23",
    "puborder": 8094,
    "translations": []
  },
  {
    "para_id": "14275.8095",
    "id_prev": "14275.8094",
    "id_next": "14275.8096",
    "refcode_1": "ECSI",
    "refcode_2": "Psalms",
    "refcode_3": "37",
    "refcode_4": "23",
    "refcode_short": "ECSI, Psalms 37:23",
    "refcode_long": "EGW Complete Scripture Index, Psalms 37:23",
    "element_type": "p",
    "element_subtype": "standard-noindent",
    "content": "<span class=\"egwlink egwlink_book\" title=\"TMK 251.1\" data-link=\"126.1659\">TMK 251.1</span>; <span class=\"egwlink egwlink_book\" title=\"Ms 160, 1898, par. 14\" data-link=\"14063.5227019\">Ms 160, 1898, par. 14</span>; <span class=\"egwlink egwlink_book\" title=\"Ms 160a, 1898, par. 15\" data-link=\"14063.7395020\">Ms 160a, 1898, par. 15</span>; <span class=\"egwlink egwlink_book\" title=\"Ms 153, 1899, par. 10\" data-link=\"14064.7094016\">Ms 153, 1899, par. 10</span>; <span class=\"egwlink egwlink_book\" title=\"Ms 124, 1906, par. 1\" data-link=\"14071.10669009\">Ms 124, 1906, par. 1</span>",
    "puborder": 8095,
    "translations": []
  },
  {
    "para_id": "14275.8096",
    "id_prev": "14275.8095",
    "id_next": "14275.8097",
    "refcode_1": "ECSI",
    "refcode_2": "Psalms",
    "refcode_3": "37",
    "refcode_4": "24",
    "refcode_short": "ECSI, Psalms 37:24",
    "refcode_long": "EGW Complete Scripture Index, Psalms 37:24",
    "element_type": "h4",
    "element_subtype": "",
    "content": "24",
    "puborder": 8096,
    "translations": []
  },
  {
    "para_id": "14275.8097",
    "id_prev": "14275.8096",
    "id_next": "14275.8098",
    "refcode_1": "ECSI",
    "refcode_2": "Psalms",
    "refcode_3": "37",
    "refcode_4": "24",
    "refcode_short": "ECSI, Psalms 37:24",
    "refcode_long": "EGW Complete Scripture Index, Psalms 37:24",
    "element_type": "p",
    "element_subtype": "standard-noindent",
    "content": "<span class=\"egwlink egwlink_book\" title=\"Ms 160, 1898, par. 14\" data-link=\"14063.5227019\">Ms 160, 1898, par. 14</span>; <span class=\"egwlink egwlink_book\" title=\"Ms 160a, 1898, par. 15\" data-link=\"14063.7395020\">Ms 160a, 1898, par. 15</span>; <span class=\"egwlink egwlink_book\" title=\"Ms 153, 1899, par. 10\" data-link=\"14064.7094016\">Ms 153, 1899, par. 10</span>; <span class=\"egwlink egwlink_book\" title=\"Ms 124, 1906, par. 1\" data-link=\"14071.10669009\">Ms 124, 1906, par. 1</span>",
    "puborder": 8097,
    "translations": []
  },
  {
    "para_id": "14275.8098",
    "id_prev": "14275.8097",
    "id_next": "14275.8099",
    "refcode_1": "ECSI",
    "refcode_2": "Psalms",
    "refcode_3": "37",
    "refcode_4": "25",
    "refcode_short": "ECSI, Psalms 37:25",
    "refcode_long": "EGW Complete Scripture Index, Psalms 37:25",
    "element_type": "h4",
    "element_subtype": "",
    "content": "25",
    "puborder": 8098,
    "translations": []
  },
  {
    "para_id": "14275.8099",
    "id_prev": "14275.8098",
    "id_next": "14275.8100",
    "refcode_1": "ECSI",
    "refcode_2": "Psalms",
    "refcode_3": "37",
    "refcode_4": "25",
    "refcode_short": "ECSI, Psalms 37:25",
    "refcode_long": "EGW Complete Scripture Index, Psalms 37:25",
    "element_type": "p",
    "element_subtype": "standard-noindent",
    "content": "<span class=\"egwlink egwlink_book\" title=\"BLJ 11.2\" data-link=\"151.41\">BLJ 11.2</span>; <span class=\"egwlink egwlink_book\" title=\"MB 110.3\" data-link=\"150.575\">MB 110.3</span>; <span class=\"egwlink egwlink_book\" title=\"Pr 295.3\" data-link=\"87.1588\">Pr 295.3</span>; <span class=\"egwlink egwlink_book\" title=\"TDG 313.1\" data-link=\"149.2329\">TDG 313.1</span>; <span class=\"egwlink egwlink_book\" title=\"Ms 124, 1906, par. 1\" data-link=\"14071.10669009\">Ms 124, 1906, par. 1</span>",
    "puborder": 8099,
    "translations": []
  },
  {
    "para_id": "14275.8100",
    "id_prev": "14275.8099",
    "id_next": "14275.8101",
    "refcode_1": "ECSI",
    "refcode_2": "Psalms",
    "refcode_3": "37",
    "refcode_4": "26",
    "refcode_short": "ECSI, Psalms 37:26",
    "refcode_long": "EGW Complete Scripture Index, Psalms 37:26",
    "element_type": "h4",
    "element_subtype": "",
    "content": "26",
    "puborder": 8100,
    "translations": []
  },
  {
    "para_id": "14275.8101",
    "id_prev": "14275.8100",
    "id_next": "14275.8102",
    "refcode_1": "ECSI",
    "refcode_2": "Psalms",
    "refcode_3": "37",
    "refcode_4": "26",
    "refcode_short": "ECSI, Psalms 37:26",
    "refcode_long": "EGW Complete Scripture Index, Psalms 37:26",
    "element_type": "p",
    "element_subtype": "standard-noindent",
    "content": "<span class=\"egwlink egwlink_book\" title=\"PP 118.3\" data-link=\"84.462\">PP 118.3</span>; <span class=\"egwlink egwlink_book\" title=\"Ms 124, 1906, par. 1\" data-link=\"14071.10669009\">Ms 124, 1906, par. 1</span>",
    "puborder": 8101,
    "translations": []
  },
  {
    "para_id": "14275.8102",
    "id_prev": "14275.8101",
    "id_next": "14275.8103",
    "refcode_1": "ECSI",
    "refcode_2": "Psalms",
    "refcode_3": "37",
    "refcode_4": "27",
    "refcode_short": "ECSI, Psalms 37:27",
    "refcode_long": "EGW Complete Scripture Index, Psalms 37:27",
    "element_type": "h4",
    "element_subtype": "",
    "content": "27",
    "puborder": 8102,
    "translations": []
  },
  {
    "para_id": "14275.8103",
    "id_prev": "14275.8102",
    "id_next": "14275.8104",
    "refcode_1": "ECSI",
    "refcode_2": "Psalms",
    "refcode_3": "37",
    "refcode_4": "27",
    "refcode_short": "ECSI, Psalms 37:27",
    "refcode_long": "EGW Complete Scripture Index, Psalms 37:27",
    "element_type": "p",
    "element_subtype": "standard-noindent",
    "content": "<span class=\"egwlink egwlink_book\" title=\"Ms 124, 1906, par. 1\" data-link=\"14071.10669009\">Ms 124, 1906, par. 1</span>",
    "puborder": 8103,
    "translations": []
  },
  {
    "para_id": "14275.8104",
    "id_prev": "14275.8103",
    "id_next": "14275.8105",
    "refcode_1": "ECSI",
    "refcode_2": "Psalms",
    "refcode_3": "37",
    "refcode_4": "28",
    "refcode_short": "ECSI, Psalms 37:28",
    "refcode_long": "EGW Complete Scripture Index, Psalms 37:28",
    "element_type": "h4",
    "element_subtype": "",
    "content": "28",
    "puborder": 8104,
    "translations": []
  },
  {
    "para_id": "14275.8105",
    "id_prev": "14275.8104",
    "id_next": "14275.8106",
    "refcode_1": "ECSI",
    "refcode_2": "Psalms",
    "refcode_3": "37",
    "refcode_4": "28",
    "refcode_short": "ECSI, Psalms 37:28",
    "refcode_long": "EGW Complete Scripture Index, Psalms 37:28",
    "element_type": "p",
    "element_subtype": "standard-noindent",
    "content": "<span class=\"egwlink egwlink_book\" title=\"Ms 160, 1898, par. 14\" data-link=\"14063.5227019\">Ms 160, 1898, par. 14</span>; <span class=\"egwlink egwlink_book\" title=\"Ms 160a, 1898, par. 15\" data-link=\"14063.7395020\">Ms 160a, 1898, par. 15</span>; <span class=\"egwlink egwlink_book\" title=\"Ms 124, 1906, par. 1\" data-link=\"14071.10669009\">Ms 124, 1906, par. 1</span>",
    "puborder": 8105,
    "translations": []
  },
  {
    "para_id": "14275.8106",
    "id_prev": "14275.8105",
    "id_next": "14275.8107",
    "refcode_1": "ECSI",
    "refcode_2": "Psalms",
    "refcode_3": "37",
    "refcode_4": "29",
    "refcode_short": "ECSI, Psalms 37:29",
    "refcode_long": "EGW Complete Scripture Index, Psalms 37:29",
    "element_type": "h4",
    "element_subtype": "",
    "content": "29",
    "puborder": 8106,
    "translations": []
  },
  {
    "para_id": "14275.8107",
    "id_prev": "14275.8106",
    "id_next": "14275.8108",
    "refcode_1": "ECSI",
    "refcode_2": "Psalms",
    "refcode_3": "37",
    "refcode_4": "29",
    "refcode_short": "ECSI, Psalms 37:29",
    "refcode_long": "EGW Complete Scripture Index, Psalms 37:29",
    "element_type": "p",
    "element_subtype": "standard-noindent",
    "content": "<span class=\"egwlink egwlink_book\" title=\"CSA 66.6\" data-link=\"2.532\">CSA 66.6</span>; <span class=\"egwlink egwlink_book\" title=\"CT 555.2\" data-link=\"23.2717\">CT 555.2</span>; <span class=\"egwlink egwlink_book\" title=\"DD 60.5\" data-link=\"26.390\">DD 60.5</span>; <span class=\"egwlink egwlink_book\" title=\"Ed 271.2\" data-link=\"29.1437\">Ed 271.2</span>; <span class=\"egwlink egwlink_book\" title=\"FLB 358.7\" data-link=\"131.2924\">FLB 358.7</span>; <span class=\"egwlink egwlink_book\" title=\"GC 674.3\" data-link=\"132.3043\">GC 674.3</span>; <span class=\"egwlink egwlink_book\" title=\"GC88 674.2\" data-link=\"133.3057\">GC88 674.2</span>; <span class=\"egwlink egwlink_book\" title=\"GW 66.2\" data-link=\"35.308\">GW 66.2</span>; <span class=\"egwlink egwlink_book\" title=\"HP 217.6\" data-link=\"38.1592\">HP 217.6</span>; <span class=\"egwlink egwlink_book\" title=\"Hvn 17.2\" data-link=\"36.62\">Hvn 17.2</span>; <span class=\"egwlink egwlink_book\" title=\"Mar 348.8\" data-link=\"74.2558\">Mar 348.8</span>; <span class=\"egwlink egwlink_book\" title=\"OFC 375.8\" data-link=\"80.2831\">OFC 375.8</span>; <span class=\"egwlink egwlink_book\" title=\"PK 682.1\" data-link=\"88.3018\">PK 682.1</span>; <span class=\"egwlink egwlink_book\" title=\"PP 67.1\" data-link=\"84.238\">PP 67.1</span>; <span class=\"egwlink egwlink_book\" title=\"SJ 184.3\" data-link=\"144.1234\">SJ 184.3</span>; <span class=\"egwlink egwlink_book\" title=\"4SP 489.3\" data-link=\"140.1952\">4SP 489.3</span>; <span class=\"egwlink egwlink_book\" title=\"SR 430.2\" data-link=\"145.2032\">SR 430.2</span>; <span class=\"egwlink egwlink_book\" title=\"Ms 124, 1906, par. 1\" data-link=\"14071.10669009\">Ms 124, 1906, par. 1</span>",
    "puborder": 8107,
    "translations": []
  },
  {
    "para_id": "14275.8108",
    "id_prev": "14275.8107",
    "id_next": "14275.8109",
    "refcode_1": "ECSI",
    "refcode_2": "Psalms",
    "refcode_3": "37",
    "refcode_4": "30",
    "refcode_short": "ECSI, Psalms 37:30",
    "refcode_long": "EGW Complete Scripture Index, Psalms 37:30",
    "element_type": "h4",
    "element_subtype": "",
    "content": "30",
    "puborder": 8108,
    "translations": []
  },
  {
    "para_id": "14275.8109",
    "id_prev": "14275.8108",
    "id_next": "14275.8110",
    "refcode_1": "ECSI",
    "refcode_2": "Psalms",
    "refcode_3": "37",
    "refcode_4": "30",
    "refcode_short": "ECSI, Psalms 37:30",
    "refcode_long": "EGW Complete Scripture Index, Psalms 37:30",
    "element_type": "p",
    "element_subtype": "standard-noindent",
    "content": "<span class=\"egwlink egwlink_book\" title=\"Ms 33, 1901, par. 6\" data-link=\"14066.7455012\">Ms 33, 1901, par. 6</span>; <span class=\"egwlink egwlink_book\" title=\"Ms 124, 1906, par. 1\" data-link=\"14071.10669009\">Ms 124, 1906, par. 1</span>",
    "puborder": 8109,
    "translations": []
  },
  {
    "para_id": "14275.8110",
    "id_prev": "14275.8109",
    "id_next": "14275.8111",
    "refcode_1": "ECSI",
    "refcode_2": "Psalms",
    "refcode_3": "37",
    "refcode_4": "31",
    "refcode_short": "ECSI, Psalms 37:31",
    "refcode_long": "EGW Complete Scripture Index, Psalms 37:31",
    "element_type": "h4",
    "element_subtype": "",
    "content": "31",
    "puborder": 8110,
    "translations": []
  },
  {
    "para_id": "14275.8111",
    "id_prev": "14275.8110",
    "id_next": "14275.8112",
    "refcode_1": "ECSI",
    "refcode_2": "Psalms",
    "refcode_3": "37",
    "refcode_4": "31",
    "refcode_short": "ECSI, Psalms 37:31",
    "refcode_long": "EGW Complete Scripture Index, Psalms 37:31",
    "element_type": "p",
    "element_subtype": "standard-noindent",
    "content": "<span class=\"egwlink egwlink_book\" title=\"HP 136.1\" data-link=\"38.992\">HP 136.1</span>; <span class=\"egwlink egwlink_book\" title=\"Ms 33, 1901, par. 6\" data-link=\"14066.7455012\">Ms 33, 1901, par. 6</span>; <span class=\"egwlink egwlink_book\" title=\"Ms 122, 1905, par. 21\" data-link=\"14070.9142028\">Ms 122, 1905, par. 21</span>; <span class=\"egwlink egwlink_book\" title=\"Ms 124, 1906, par. 1\" data-link=\"14071.10669009\">Ms 124, 1906, par. 1</span>",
    "puborder": 8111,
    "translations": []
  },
  {
    "para_id": "14275.8112",
    "id_prev": "14275.8111",
    "id_next": "14275.8113",
    "refcode_1": "ECSI",
    "refcode_2": "Psalms",
    "refcode_3": "37",
    "refcode_4": "32, 33, 34",
    "refcode_short": "ECSI, Psalms 37:32-34",
    "refcode_long": "EGW Complete Scripture Index, Psalms 37:32-34",
    "element_type": "h4",
    "element_subtype": "",
    "content": "32-34",
    "puborder": 8112,
    "translations": []
  },
  {
    "para_id": "14275.8113",
    "id_prev": "14275.8112",
    "id_next": "14275.8114",
    "refcode_1": "ECSI",
    "refcode_2": "Psalms",
    "refcode_3": "37",
    "refcode_4": "32, 33, 34",
    "refcode_short": "ECSI, Psalms 37:32-34",
    "refcode_long": "EGW Complete Scripture Index, Psalms 37:32-34",
    "element_type": "p",
    "element_subtype": "standard-noindent",
    "content": "<span class=\"egwlink egwlink_book\" title=\"Ms 124, 1906, par. 1\" data-link=\"14071.10669009\">Ms 124, 1906, par. 1</span>",
    "puborder": 8113,
    "translations": []
  },
  {
    "para_id": "14275.8114",
    "id_prev": "14275.8113",
    "id_next": "14275.8115",
    "refcode_1": "ECSI",
    "refcode_2": "Psalms",
    "refcode_3": "37",
    "refcode_4": "35, 36",
    "refcode_short": "ECSI, Psalms 37:35-36",
    "refcode_long": "EGW Complete Scripture Index, Psalms 37:35-36",
    "element_type": "h4",
    "element_subtype": "",
    "content": "35-36",
    "puborder": 8114,
    "translations": []
  },
  {
    "para_id": "14275.8115",
    "id_prev": "14275.8114",
    "id_next": "14275.8116",
    "refcode_1": "ECSI",
    "refcode_2": "Psalms",
    "refcode_3": "37",
    "refcode_4": "35, 36",
    "refcode_short": "ECSI, Psalms 37:35-36",
    "refcode_long": "EGW Complete Scripture Index, Psalms 37:35-36",
    "element_type": "p",
    "element_subtype": "standard-noindent",
    "content": "<span class=\"egwlink egwlink_book\" title=\"8T 127.2\" data-link=\"112.738\">8T 127.2</span>; <span class=\"egwlink egwlink_book\" title=\"Lt 8, 1886, par. 11\" data-link=\"14054.4226019\">Lt 8, 1886, par. 11</span>; <span class=\"egwlink egwlink_book\" title=\"Lt 5, 1890, par. 12\" data-link=\"14056.7008018\">Lt 5, 1890, par. 12</span>; <span class=\"egwlink egwlink_book\" title=\"Lt 5a, 1890, par. 13\" data-link=\"14056.5526019\">Lt 5a, 1890, par. 13</span>; <span class=\"egwlink egwlink_book\" title=\"Lt 29, 1896, par. 14\" data-link=\"14061.6065020\">Lt 29, 1896, par. 14</span>; <span class=\"egwlink egwlink_book\" title=\"Lt 114, 1903, par. 22\" data-link=\"14068.9333029\">Lt 114, 1903, par. 22</span>; <span class=\"egwlink egwlink_book\" title=\"Ms 11, 1895, par. 24\" data-link=\"14060.5103029\">Ms 11, 1895, par. 24</span>; <span class=\"egwlink egwlink_book\" title=\"Ms 124, 1906, par. 1\" data-link=\"14071.10669009\">Ms 124, 1906, par. 1</span>",
    "puborder": 8115,
    "translations": []
  },
  {
    "para_id": "14275.8116",
    "id_prev": "14275.8115",
    "id_next": "14275.8117",
    "refcode_1": "ECSI",
    "refcode_2": "Psalms",
    "refcode_3": "37",
    "refcode_4": "37",
    "refcode_short": "ECSI, Psalms 37:37",
    "refcode_long": "EGW Complete Scripture Index, Psalms 37:37",
    "element_type": "h4",
    "element_subtype": "",
    "content": "37",
    "puborder": 8116,
    "translations": []
  },
  {
    "para_id": "14275.8117",
    "id_prev": "14275.8116",
    "id_next": "14275.8118",
    "refcode_1": "ECSI",
    "refcode_2": "Psalms",
    "refcode_3": "37",
    "refcode_4": "37",
    "refcode_short": "ECSI, Psalms 37:37",
    "refcode_long": "EGW Complete Scripture Index, Psalms 37:37",
    "element_type": "p",
    "element_subtype": "standard-noindent",
    "content": "<span class=\"egwlink egwlink_book\" title=\"EP 162.2\" data-link=\"2772.1016\">EP 162.2</span>; <span class=\"egwlink egwlink_book\" title=\"FH 299.1\" data-link=\"12210.2373\">FH 299.1</span>; <span class=\"egwlink egwlink_book\" title=\"PP 237.3\" data-link=\"84.1026\">PP 237.3</span>; <span class=\"egwlink egwlink_book\" title=\"Lt 5, 1890, par. 12\" data-link=\"14056.7008018\">Lt 5, 1890, par. 12</span>; <span class=\"egwlink egwlink_book\" title=\"Lt 5a, 1890, par. 13\" data-link=\"14056.5526019\">Lt 5a, 1890, par. 13</span>; <span class=\"egwlink egwlink_book\" title=\"Lt 29, 1896, par. 14\" data-link=\"14061.6065020\">Lt 29, 1896, par. 14</span>; <span class=\"egwlink egwlink_book\" title=\"Ms 11, 1895, par. 24\" data-link=\"14060.5103029\">Ms 11, 1895, par. 24</span>; <span class=\"egwlink egwlink_book\" title=\"Ms 124, 1906, par. 1\" data-link=\"14071.10669009\">Ms 124, 1906, par. 1</span>",
    "puborder": 8117,
    "translations": []
  },
  {
    "para_id": "14275.8118",
    "id_prev": "14275.8117",
    "id_next": "14275.8119",
    "refcode_1": "ECSI",
    "refcode_2": "Psalms",
    "refcode_3": "37",
    "refcode_4": "38",
    "refcode_short": "ECSI, Psalms 37:38",
    "refcode_long": "EGW Complete Scripture Index, Psalms 37:38",
    "element_type": "h4",
    "element_subtype": "",
    "content": "38",
    "puborder": 8118,
    "translations": []
  },
  {
    "para_id": "14275.8119",
    "id_prev": "14275.8118",
    "id_next": "14275.8120",
    "refcode_1": "ECSI",
    "refcode_2": "Psalms",
    "refcode_3": "37",
    "refcode_4": "38",
    "refcode_short": "ECSI, Psalms 37:38",
    "refcode_long": "EGW Complete Scripture Index, Psalms 37:38",
    "element_type": "p",
    "element_subtype": "standard-noindent",
    "content": "<span class=\"egwlink egwlink_book\" title=\"GC 541.2\" data-link=\"132.2453\">GC 541.2</span>; <span class=\"egwlink egwlink_book\" title=\"GC88 541.2\" data-link=\"133.2466\">GC88 541.2</span>; <span class=\"egwlink egwlink_book\" title=\"GrH_c 16.6\" data-link=\"12320.171\">GrH_c 16.6</span>; <span class=\"egwlink egwlink_book\" title=\"HF 332.4\" data-link=\"2774.2078\">HF 332.4</span>; <span class=\"egwlink egwlink_book\" title=\"Ms 11, 1895, par. 24\" data-link=\"14060.5103029\">Ms 11, 1895, par. 24</span>; <span class=\"egwlink egwlink_book\" title=\"Ms 124, 1906, par. 1\" data-link=\"14071.10669009\">Ms 124, 1906, par. 1</span>",
    "puborder": 8119,
    "translations": []
  },
  {
    "para_id": "14275.8120",
    "id_prev": "14275.8119",
    "id_next": "14275.8121",
    "refcode_1": "ECSI",
    "refcode_2": "Psalms",
    "refcode_3": "37",
    "refcode_4": "39, 40",
    "refcode_short": "ECSI, Psalms 37:39-40",
    "refcode_long": "EGW Complete Scripture Index, Psalms 37:39-40",
    "element_type": "h4",
    "element_subtype": "",
    "content": "39-40",
    "puborder": 8120,
    "translations": []
  },
  {
    "para_id": "14275.8121",
    "id_prev": "14275.8120",
    "id_next": "14275.8122",
    "refcode_1": "ECSI",
    "refcode_2": "Psalms",
    "refcode_3": "37",
    "refcode_4": "39, 40",
    "refcode_short": "ECSI, Psalms 37:39-40",
    "refcode_long": "EGW Complete Scripture Index, Psalms 37:39-40",
    "element_type": "p",
    "element_subtype": "standard-noindent",
    "content": "<span class=\"egwlink egwlink_book\" title=\"CTr 200.1\" data-link=\"9.1546\">CTr 200.1</span>; <span class=\"egwlink egwlink_book\" title=\"Ms 153, 1899, par. 10\" data-link=\"14064.7094016\">Ms 153, 1899, par. 10</span>; <span class=\"egwlink egwlink_book\" title=\"Ms 124, 1906, par. 1\" data-link=\"14071.10669009\">Ms 124, 1906, par. 1</span>",
    "puborder": 8121,
    "translations": []
  }
]