[
  {
    "para_id": "14275.7567",
    "id_prev": "14275.7566",
    "id_next": "14275.7568",
    "refcode_1": "ECSI",
    "refcode_2": "Psalms",
    "refcode_3": "12",
    "refcode_4": "0",
    "refcode_short": "ECSI, Psalms 12",
    "refcode_long": "EGW Complete Scripture Index, Psalms 12",
    "element_type": "h3",
    "element_subtype": "",
    "content": "Psalms 12",
    "puborder": 7567,
    "translations": []
  },
  {
    "para_id": "14275.7568",
    "id_prev": "14275.7567",
    "id_next": "14275.7569",
    "refcode_1": "ECSI",
    "refcode_2": "Psalms",
    "refcode_3": "12",
    "refcode_4": "1",
    "refcode_short": "ECSI, Psalms 12:1",
    "refcode_long": "EGW Complete Scripture Index, Psalms 12:1",
    "element_type": "h4",
    "element_subtype": "",
    "content": "1",
    "puborder": 7568,
    "translations": []
  },
  {
    "para_id": "14275.7569",
    "id_prev": "14275.7568",
    "id_next": "14275.7570",
    "refcode_1": "ECSI",
    "refcode_2": "Psalms",
    "refcode_3": "12",
    "refcode_4": "1",
    "refcode_short": "ECSI, Psalms 12:1",
    "refcode_long": "EGW Complete Scripture Index, Psalms 12:1",
    "element_type": "p",
    "element_subtype": "standard-noindent",
    "content": "<span class=\"egwlink egwlink_book\" title=\"Lt 224, 1906, par. 22\" data-link=\"14071.7730030\">Lt 224, 1906, par. 22</span>",
    "puborder": 7569,
    "translations": []
  },
  {
    "para_id": "14275.7570",
    "id_prev": "14275.7569",
    "id_next": "14275.7571",
    "refcode_1": "ECSI",
    "refcode_2": "Psalms",
    "refcode_3": "12",
    "refcode_4": "2, 3, 4",
    "refcode_short": "ECSI, Psalms 12:2-4",
    "refcode_long": "EGW Complete Scripture Index, Psalms 12:2-4",
    "element_type": "h4",
    "element_subtype": "",
    "content": "2-4",
    "puborder": 7570,
    "translations": []
  },
  {
    "para_id": "14275.7571",
    "id_prev": "14275.7570",
    "id_next": "14275.7572",
    "refcode_1": "ECSI",
    "refcode_2": "Psalms",
    "refcode_3": "12",
    "refcode_4": "2, 3, 4",
    "refcode_short": "ECSI, Psalms 12:2-4",
    "refcode_long": "EGW Complete Scripture Index, Psalms 12:2-4",
    "element_type": "p",
    "element_subtype": "standard-noindent",
    "content": "<span class=\"egwlink egwlink_book\" title=\"Lt 12a, 1893, par. 5\" data-link=\"14058.6522011\">Lt 12a, 1893, par. 5</span>; <span class=\"egwlink egwlink_book\" title=\"Lt 224, 1906, par. 22\" data-link=\"14071.7730030\">Lt 224, 1906, par. 22</span>",
    "puborder": 7571,
    "translations": []
  },
  {
    "para_id": "14275.7572",
    "id_prev": "14275.7571",
    "id_next": "14275.7573",
    "refcode_1": "ECSI",
    "refcode_2": "Psalms",
    "refcode_3": "12",
    "refcode_4": "5",
    "refcode_short": "ECSI, Psalms 12:5",
    "refcode_long": "EGW Complete Scripture Index, Psalms 12:5",
    "element_type": "h4",
    "element_subtype": "",
    "content": "5",
    "puborder": 7572,
    "translations": []
  },
  {
    "para_id": "14275.7573",
    "id_prev": "14275.7572",
    "id_next": "14275.7574",
    "refcode_1": "ECSI",
    "refcode_2": "Psalms",
    "refcode_3": "12",
    "refcode_4": "5",
    "refcode_short": "ECSI, Psalms 12:5",
    "refcode_long": "EGW Complete Scripture Index, Psalms 12:5",
    "element_type": "p",
    "element_subtype": "standard-noindent",
    "content": "<span class=\"egwlink egwlink_book\" title=\"Lt 224, 1906, par. 22\" data-link=\"14071.7730030\">Lt 224, 1906, par. 22</span>; <span class=\"egwlink egwlink_book\" title=\"Ms 33, 1898, par. 8\" data-link=\"14063.5062013\">Ms 33, 1898, par. 8</span>",
    "puborder": 7573,
    "translations": []
  },
  {
    "para_id": "14275.7574",
    "id_prev": "14275.7573",
    "id_next": "14275.7575",
    "refcode_1": "ECSI",
    "refcode_2": "Psalms",
    "refcode_3": "12",
    "refcode_4": "6",
    "refcode_short": "ECSI, Psalms 12:6",
    "refcode_long": "EGW Complete Scripture Index, Psalms 12:6",
    "element_type": "h4",
    "element_subtype": "",
    "content": "6",
    "puborder": 7574,
    "translations": []
  },
  {
    "para_id": "14275.7575",
    "id_prev": "14275.7574",
    "id_next": "14275.7576",
    "refcode_1": "ECSI",
    "refcode_2": "Psalms",
    "refcode_3": "12",
    "refcode_4": "6",
    "refcode_short": "ECSI, Psalms 12:6",
    "refcode_long": "EGW Complete Scripture Index, Psalms 12:6",
    "element_type": "p",
    "element_subtype": "standard-noindent",
    "content": "<span class=\"egwlink egwlink_book\" title=\"CCh 252.3\" data-link=\"19.1947\">CCh 252.3</span>; <span class=\"egwlink egwlink_book\" title=\"CG 538.6\" data-link=\"8.2554\">CG 538.6</span>; <span class=\"egwlink egwlink_book\" title=\"Ed 244.1\" data-link=\"29.1285\">Ed 244.1</span>; <span class=\"egwlink egwlink_book\" title=\"EGWE 244.2\" data-link=\"669.1595\">EGWE 244.2</span>; <span class=\"egwlink egwlink_book\" title=\"FLB 13.1\" data-link=\"131.62\">FLB 13.1</span>; <span class=\"egwlink egwlink_book\" title=\"OHC 35.1\" data-link=\"81.217\">OHC 35.1</span>; <span class=\"egwlink egwlink_book\" title=\"Lt 224, 1906, par. 22\" data-link=\"14071.7730030\">Lt 224, 1906, par. 22</span>; <span class=\"egwlink egwlink_book\" title=\"Lt 356, 1907, par. 16\" data-link=\"14072.7590024\">Lt 356, 1907, par. 16</span>; <span class=\"egwlink egwlink_book\" title=\"Ms 144, 1897, par. 23\" data-link=\"14062.4780028\">Ms 144, 1897, par. 23</span>",
    "puborder": 7575,
    "translations": []
  },
  {
    "para_id": "14275.7576",
    "id_prev": "14275.7575",
    "id_next": "14275.7577",
    "refcode_1": "ECSI",
    "refcode_2": "Psalms",
    "refcode_3": "12",
    "refcode_4": "7",
    "refcode_short": "ECSI, Psalms 12:7",
    "refcode_long": "EGW Complete Scripture Index, Psalms 12:7",
    "element_type": "h4",
    "element_subtype": "",
    "content": "7",
    "puborder": 7576,
    "translations": []
  },
  {
    "para_id": "14275.7577",
    "id_prev": "14275.7576",
    "id_next": "14275.7578",
    "refcode_1": "ECSI",
    "refcode_2": "Psalms",
    "refcode_3": "12",
    "refcode_4": "7",
    "refcode_short": "ECSI, Psalms 12:7",
    "refcode_long": "EGW Complete Scripture Index, Psalms 12:7",
    "element_type": "p",
    "element_subtype": "standard-noindent",
    "content": "<span class=\"egwlink egwlink_book\" title=\"EGWE 244.2\" data-link=\"669.1595\">EGWE 244.2</span>; <span class=\"egwlink egwlink_book\" title=\"Lt 224, 1906, par. 22\" data-link=\"14071.7730030\">Lt 224, 1906, par. 22</span>; <span class=\"egwlink egwlink_book\" title=\"Ms 144, 1897, par. 23\" data-link=\"14062.4780028\">Ms 144, 1897, par. 23</span>",
    "puborder": 7577,
    "translations": []
  },
  {
    "para_id": "14275.7578",
    "id_prev": "14275.7577",
    "id_next": "14275.7579",
    "refcode_1": "ECSI",
    "refcode_2": "Psalms",
    "refcode_3": "12",
    "refcode_4": "8",
    "refcode_short": "ECSI, Psalms 12:8",
    "refcode_long": "EGW Complete Scripture Index, Psalms 12:8",
    "element_type": "h4",
    "element_subtype": "",
    "content": "8",
    "puborder": 7578,
    "translations": []
  },
  {
    "para_id": "14275.7579",
    "id_prev": "14275.7578",
    "id_next": "14275.7580",
    "refcode_1": "ECSI",
    "refcode_2": "Psalms",
    "refcode_3": "12",
    "refcode_4": "8",
    "refcode_short": "ECSI, Psalms 12:8",
    "refcode_long": "EGW Complete Scripture Index, Psalms 12:8",
    "element_type": "p",
    "element_subtype": "standard-noindent",
    "content": "<span class=\"egwlink egwlink_book\" title=\"Lt 224, 1906, par. 22\" data-link=\"14071.7730030\">Lt 224, 1906, par. 22</span>",
    "puborder": 7579,
    "translations": []
  }
]