[
  {
    "para_id": "14275.3838",
    "id_prev": "14275.3837",
    "id_next": "14275.3839",
    "refcode_1": "ECSI",
    "refcode_2": "Joshua",
    "refcode_3": "0",
    "refcode_4": "0",
    "refcode_short": "ECSI, Joshua",
    "refcode_long": "EGW Complete Scripture Index, Joshua",
    "element_type": "h2",
    "element_subtype": "",
    "content": "Joshua",
    "puborder": 3838,
    "translations": []
  },
  {
    "para_id": "14275.3839",
    "id_prev": "14275.3838",
    "id_next": "14275.3840",
    "refcode_1": "ECSI",
    "refcode_2": "Joshua",
    "refcode_3": "1",
    "refcode_4": "0",
    "refcode_short": "ECSI, Joshua 1",
    "refcode_long": "EGW Complete Scripture Index, Joshua 1",
    "element_type": "h3",
    "element_subtype": "",
    "content": "Joshua 1",
    "puborder": 3839,
    "translations": []
  },
  {
    "para_id": "14275.3840",
    "id_prev": "14275.3839",
    "id_next": "14275.3841",
    "refcode_1": "ECSI",
    "refcode_2": "Joshua",
    "refcode_3": "1",
    "refcode_4": "1",
    "refcode_short": "ECSI, Joshua 1:1",
    "refcode_long": "EGW Complete Scripture Index, Joshua 1:1",
    "element_type": "h4",
    "element_subtype": "",
    "content": "1",
    "puborder": 3840,
    "translations": []
  },
  {
    "para_id": "14275.3841",
    "id_prev": "14275.3840",
    "id_next": "14275.3842",
    "refcode_1": "ECSI",
    "refcode_2": "Joshua",
    "refcode_3": "1",
    "refcode_4": "1",
    "refcode_short": "ECSI, Joshua 1:1",
    "refcode_long": "EGW Complete Scripture Index, Joshua 1:1",
    "element_type": "p",
    "element_subtype": "standard-noindent",
    "content": "<span class=\"egwlink egwlink_book\" title=\"CC 116\" data-link=\"17.872\">CC 116</span>; <span class=\"egwlink egwlink_book\" title=\"EP 341\" data-link=\"2772.2170\">EP 341</span>; <span class=\"egwlink egwlink_book\" title=\"17MR 227.3\" data-link=\"63.1209\">17MR 227.3</span>; <span class=\"egwlink egwlink_book\" title=\"PP 481\" data-link=\"84.3666\">PP 481</span>; <span class=\"egwlink egwlink_book\" title=\"SR 175\" data-link=\"145.2067\">SR 175</span>; <span class=\"egwlink egwlink_book\" title=\"Ms 66, 1898, par. 20\" data-link=\"14063.6450026\">Ms 66, 1898, par. 20</span>",
    "puborder": 3841,
    "translations": []
  },
  {
    "para_id": "14275.3842",
    "id_prev": "14275.3841",
    "id_next": "14275.3843",
    "refcode_1": "ECSI",
    "refcode_2": "Joshua",
    "refcode_3": "1",
    "refcode_4": "2, 3",
    "refcode_short": "ECSI, Joshua 1:2-3",
    "refcode_long": "EGW Complete Scripture Index, Joshua 1:2-3",
    "element_type": "h4",
    "element_subtype": "",
    "content": "2-3",
    "puborder": 3842,
    "translations": []
  },
  {
    "para_id": "14275.3843",
    "id_prev": "14275.3842",
    "id_next": "14275.3844",
    "refcode_1": "ECSI",
    "refcode_2": "Joshua",
    "refcode_3": "1",
    "refcode_4": "2, 3",
    "refcode_short": "ECSI, Joshua 1:2-3",
    "refcode_long": "EGW Complete Scripture Index, Joshua 1:2-3",
    "element_type": "p",
    "element_subtype": "standard-noindent",
    "content": "<span class=\"egwlink egwlink_book\" title=\"CC 116\" data-link=\"17.872\">CC 116</span>; <span class=\"egwlink egwlink_book\" title=\"EP 341\" data-link=\"2772.2170\">EP 341</span>; <span class=\"egwlink egwlink_book\" title=\"PP 481\" data-link=\"84.3666\">PP 481</span>; <span class=\"egwlink egwlink_book\" title=\"SR 175\" data-link=\"145.2067\">SR 175</span>; <span class=\"egwlink egwlink_book\" title=\"Ms 66, 1898, par. 20\" data-link=\"14063.6450026\">Ms 66, 1898, par. 20</span>; <span class=\"egwlink egwlink_book\" title=\"Ms 134, 1899, par. 14\" data-link=\"14064.7310020\">Ms 134, 1899, par. 14</span>",
    "puborder": 3843,
    "translations": []
  },
  {
    "para_id": "14275.3844",
    "id_prev": "14275.3843",
    "id_next": "14275.3845",
    "refcode_1": "ECSI",
    "refcode_2": "Joshua",
    "refcode_3": "1",
    "refcode_4": "4",
    "refcode_short": "ECSI, Joshua 1:4",
    "refcode_long": "EGW Complete Scripture Index, Joshua 1:4",
    "element_type": "h4",
    "element_subtype": "",
    "content": "4",
    "puborder": 3844,
    "translations": []
  },
  {
    "para_id": "14275.3845",
    "id_prev": "14275.3844",
    "id_next": "14275.3846",
    "refcode_1": "ECSI",
    "refcode_2": "Joshua",
    "refcode_3": "1",
    "refcode_4": "4",
    "refcode_short": "ECSI, Joshua 1:4",
    "refcode_long": "EGW Complete Scripture Index, Joshua 1:4",
    "element_type": "p",
    "element_subtype": "standard-noindent",
    "content": "<span class=\"egwlink egwlink_book\" title=\"CC 116\" data-link=\"17.872\">CC 116</span>; <span class=\"egwlink egwlink_book\" title=\"EP 341\" data-link=\"2772.2170\">EP 341</span>; <span class=\"egwlink egwlink_book\" title=\"PP 481\" data-link=\"84.3666\">PP 481</span>; <span class=\"egwlink egwlink_book\" title=\"SR 175\" data-link=\"145.2067\">SR 175</span>; <span class=\"egwlink egwlink_book\" title=\"Ms 66, 1898, par. 20\" data-link=\"14063.6450026\">Ms 66, 1898, par. 20</span>",
    "puborder": 3845,
    "translations": []
  },
  {
    "para_id": "14275.3846",
    "id_prev": "14275.3845",
    "id_next": "14275.3847",
    "refcode_1": "ECSI",
    "refcode_2": "Joshua",
    "refcode_3": "1",
    "refcode_4": "5",
    "refcode_short": "ECSI, Joshua 1:5",
    "refcode_long": "EGW Complete Scripture Index, Joshua 1:5",
    "element_type": "h4",
    "element_subtype": "",
    "content": "5",
    "puborder": 3846,
    "translations": []
  },
  {
    "para_id": "14275.3847",
    "id_prev": "14275.3846",
    "id_next": "14275.3848",
    "refcode_1": "ECSI",
    "refcode_2": "Joshua",
    "refcode_3": "1",
    "refcode_4": "5",
    "refcode_short": "ECSI, Joshua 1:5",
    "refcode_long": "EGW Complete Scripture Index, Joshua 1:5",
    "element_type": "p",
    "element_subtype": "standard-noindent",
    "content": "<span class=\"egwlink egwlink_book\" title=\"CC 116\" data-link=\"17.872\">CC 116</span>, <span class=\"egwlink egwlink_book\" title=\"CC 117.1\" data-link=\"17.882\">117.1</span>; <span class=\"egwlink egwlink_book\" title=\"EP 341\" data-link=\"2772.2170\">EP 341</span>; <span class=\"egwlink egwlink_book\" title=\"MH 405.6\" data-link=\"135.2063\">MH 405.6</span>; <span class=\"egwlink egwlink_book\" title=\"17MR 227.3\" data-link=\"63.1209\">17MR 227.3</span>; <span class=\"egwlink egwlink_book\" title=\"PP 481\" data-link=\"84.3666\">PP 481</span>; <span class=\"egwlink egwlink_book\" title=\"SR 175\" data-link=\"145.2067\">SR 175</span>; <span class=\"egwlink egwlink_book\" title=\"YRP 258.1\" data-link=\"153.1642\">YRP 258.1</span>; <span class=\"egwlink egwlink_book\" title=\"Ms 66, 1898, par. 20\" data-link=\"14063.6450026\">Ms 66, 1898, par. 20</span>",
    "puborder": 3847,
    "translations": []
  },
  {
    "para_id": "14275.3848",
    "id_prev": "14275.3847",
    "id_next": "14275.3849",
    "refcode_1": "ECSI",
    "refcode_2": "Joshua",
    "refcode_3": "1",
    "refcode_4": "6",
    "refcode_short": "ECSI, Joshua 1:6",
    "refcode_long": "EGW Complete Scripture Index, Joshua 1:6",
    "element_type": "h4",
    "element_subtype": "",
    "content": "6",
    "puborder": 3848,
    "translations": []
  },
  {
    "para_id": "14275.3849",
    "id_prev": "14275.3848",
    "id_next": "14275.3850",
    "refcode_1": "ECSI",
    "refcode_2": "Joshua",
    "refcode_3": "1",
    "refcode_4": "6",
    "refcode_short": "ECSI, Joshua 1:6",
    "refcode_long": "EGW Complete Scripture Index, Joshua 1:6",
    "element_type": "p",
    "element_subtype": "standard-noindent",
    "content": "<span class=\"egwlink egwlink_book\" title=\"CC 116\" data-link=\"17.872\">CC 116</span>; <span class=\"egwlink egwlink_book\" title=\"EP 341\" data-link=\"2772.2170\">EP 341</span>; <span class=\"egwlink egwlink_book\" title=\"PM 116.3\" data-link=\"390.580\">PM 116.3</span>; <span class=\"egwlink egwlink_book\" title=\"PP 481\" data-link=\"84.3666\">PP 481</span>; <span class=\"egwlink egwlink_book\" title=\"Pr 249.1\" data-link=\"87.1334\">Pr 249.1</span>; <span class=\"egwlink egwlink_book\" title=\"SR 175\" data-link=\"145.2067\">SR 175</span>; <span class=\"egwlink egwlink_book\" title=\"7T 185.2\" data-link=\"117.1020\">7T 185.2</span>; <span class=\"egwlink egwlink_book\" title=\"3TT 174.1\" data-link=\"2004.995\">3TT 174.1</span>; <span class=\"egwlink egwlink_book\" title=\"UL 168.1\" data-link=\"147.1224\">UL 168.1</span>; <span class=\"egwlink egwlink_book\" title=\"Ms 66, 1898, par. 20\" data-link=\"14063.6450026\">Ms 66, 1898, par. 20</span>, <span class=\"egwlink egwlink_book\" title=\"Ms 66, 1898, par. 21\" data-link=\"14063.6450027\">21</span>; <span class=\"egwlink egwlink_book\" title=\"Ms 81, 1900, par. 35\" data-link=\"14065.10099044\">Ms 81, 1900, par. 35</span>",
    "puborder": 3849,
    "translations": []
  },
  {
    "para_id": "14275.3850",
    "id_prev": "14275.3849",
    "id_next": "14275.3851",
    "refcode_1": "ECSI",
    "refcode_2": "Joshua",
    "refcode_3": "1",
    "refcode_4": "7",
    "refcode_short": "ECSI, Joshua 1:7",
    "refcode_long": "EGW Complete Scripture Index, Joshua 1:7",
    "element_type": "h4",
    "element_subtype": "",
    "content": "7",
    "puborder": 3850,
    "translations": []
  },
  {
    "para_id": "14275.3851",
    "id_prev": "14275.3850",
    "id_next": "14275.3852",
    "refcode_1": "ECSI",
    "refcode_2": "Joshua",
    "refcode_3": "1",
    "refcode_4": "7",
    "refcode_short": "ECSI, Joshua 1:7",
    "refcode_long": "EGW Complete Scripture Index, Joshua 1:7",
    "element_type": "p",
    "element_subtype": "standard-noindent",
    "content": "<span class=\"egwlink egwlink_book\" title=\"CC 116\" data-link=\"17.872\">CC 116</span>; <span class=\"egwlink egwlink_book\" title=\"EP 341\" data-link=\"2772.2170\">EP 341</span>; <span class=\"egwlink egwlink_book\" title=\"ML 120.1\" data-link=\"79.852\">ML 120.1</span>; <span class=\"egwlink egwlink_book\" title=\"17MR 227.3\" data-link=\"63.1209\">17MR 227.3</span>; <span class=\"egwlink egwlink_book\" title=\"PP 481\" data-link=\"84.3666\">PP 481</span>; <span class=\"egwlink egwlink_book\" title=\"SD 194.1\" data-link=\"102.1334\">SD 194.1</span>; <span class=\"egwlink egwlink_book\" title=\"SR 175\" data-link=\"145.2067\">SR 175</span>; <span class=\"egwlink egwlink_book\" title=\"Lt 188, 1901, par. 10\" data-link=\"14066.9915016\">Lt 188, 1901, par. 10</span>; <span class=\"egwlink egwlink_book\" title=\"Ms 66, 1898, par. 20\" data-link=\"14063.6450026\">Ms 66, 1898, par. 20</span>, <span class=\"egwlink egwlink_book\" title=\"Ms 66, 1898, par. 21\" data-link=\"14063.6450027\">21</span>; <span class=\"egwlink egwlink_book\" title=\"Ms 81, 1900, par. 35\" data-link=\"14065.10099044\">Ms 81, 1900, par. 35</span>",
    "puborder": 3851,
    "translations": []
  },
  {
    "para_id": "14275.3852",
    "id_prev": "14275.3851",
    "id_next": "14275.3853",
    "refcode_1": "ECSI",
    "refcode_2": "Joshua",
    "refcode_3": "1",
    "refcode_4": "8",
    "refcode_short": "ECSI, Joshua 1:8",
    "refcode_long": "EGW Complete Scripture Index, Joshua 1:8",
    "element_type": "h4",
    "element_subtype": "",
    "content": "8",
    "puborder": 3852,
    "translations": []
  },
  {
    "para_id": "14275.3853",
    "id_prev": "14275.3852",
    "id_next": "14275.3854",
    "refcode_1": "ECSI",
    "refcode_2": "Joshua",
    "refcode_3": "1",
    "refcode_4": "8",
    "refcode_short": "ECSI, Joshua 1:8",
    "refcode_long": "EGW Complete Scripture Index, Joshua 1:8",
    "element_type": "p",
    "element_subtype": "standard-noindent",
    "content": "<span class=\"egwlink egwlink_book\" title=\"CC 116\" data-link=\"17.872\">CC 116</span>, <span class=\"egwlink egwlink_book\" title=\"CC 116.1\" data-link=\"17.873\">116.1</span>; <span class=\"egwlink egwlink_book\" title=\"EP 341\" data-link=\"2772.2170\">EP 341</span>; <span class=\"egwlink egwlink_book\" title=\"17MR 228.1\" data-link=\"63.1211\">17MR 228.1</span>; <span class=\"egwlink egwlink_book\" title=\"OFC 204.1\" data-link=\"80.1481\">OFC 204.1</span>; <span class=\"egwlink egwlink_book\" title=\"PH048 3.2\" data-link=\"339.4\">PH048 3.2</span>; <span class=\"egwlink egwlink_book\" title=\"PK 464.2\" data-link=\"88.2072\">PK 464.2</span>; <span class=\"egwlink egwlink_book\" title=\"PP 481\" data-link=\"84.3666\">PP 481</span>; <span class=\"egwlink egwlink_book\" title=\"RH April 3,  1888, par. 5\" data-link=\"821.8763\">RH April 3,  1888, par. 5</span>; <span class=\"egwlink egwlink_book\" title=\"SR 175\" data-link=\"145.2067\">SR 175</span>; <span class=\"egwlink egwlink_book\" title=\"SS 243.2\" data-link=\"2775.1524\">SS 243.2</span>; <span class=\"egwlink egwlink_book\" title=\"WGD 333.1\" data-link=\"13940.2059\">WGD 333.1</span>; <span class=\"egwlink egwlink_book\" title=\"Lt 34, 1886, par. 47\" data-link=\"14054.3844054\">Lt 34, 1886, par. 47</span>; <span class=\"egwlink egwlink_book\" title=\"Lt 34a, 1886, par. 46\" data-link=\"14054.4645052\">Lt 34a, 1886, par. 46</span>; <span class=\"egwlink egwlink_book\" title=\"Lt 188, 1901, par. 10\" data-link=\"14066.9915016\">Lt 188, 1901, par. 10</span>; <span class=\"egwlink egwlink_book\" title=\"Ms 66, 1898, par. 20\" data-link=\"14063.6450026\">Ms 66, 1898, par. 20</span>, <span class=\"egwlink egwlink_book\" title=\"Ms 66, 1898, par. 22\" data-link=\"14063.6450028\">22</span>; <span class=\"egwlink egwlink_book\" title=\"Ms 81, 1900, par. 35\" data-link=\"14065.10099044\">Ms 81, 1900, par. 35</span>",
    "puborder": 3853,
    "translations": []
  },
  {
    "para_id": "14275.3854",
    "id_prev": "14275.3853",
    "id_next": "14275.3855",
    "refcode_1": "ECSI",
    "refcode_2": "Joshua",
    "refcode_3": "1",
    "refcode_4": "9",
    "refcode_short": "ECSI, Joshua 1:9",
    "refcode_long": "EGW Complete Scripture Index, Joshua 1:9",
    "element_type": "h4",
    "element_subtype": "",
    "content": "9",
    "puborder": 3854,
    "translations": []
  },
  {
    "para_id": "14275.3855",
    "id_prev": "14275.3854",
    "id_next": "14275.3856",
    "refcode_1": "ECSI",
    "refcode_2": "Joshua",
    "refcode_3": "1",
    "refcode_4": "9",
    "refcode_short": "ECSI, Joshua 1:9",
    "refcode_long": "EGW Complete Scripture Index, Joshua 1:9",
    "element_type": "p",
    "element_subtype": "standard-noindent",
    "content": "<span class=\"egwlink egwlink_book\" title=\"CC 116\" data-link=\"17.872\">CC 116</span>; <span class=\"egwlink egwlink_book\" title=\"EP 341\" data-link=\"2772.2170\">EP 341</span>; <span class=\"egwlink egwlink_book\" title=\"FLB 156.1\" data-link=\"131.1249\">FLB 156.1</span>; <span class=\"egwlink egwlink_book\" title=\"MH 405.6\" data-link=\"135.2063\">MH 405.6</span>; <span class=\"egwlink egwlink_book\" title=\"17MR 228.1\" data-link=\"63.1211\">17MR 228.1</span>; <span class=\"egwlink egwlink_book\" title=\"PP 481\" data-link=\"84.3666\">PP 481</span>; <span class=\"egwlink egwlink_book\" title=\"RH April 3,  1888, par. 5\" data-link=\"821.8763\">RH April 3,  1888, par. 5</span>; <span class=\"egwlink egwlink_book\" title=\"SD 197.1\" data-link=\"102.1353\">SD 197.1</span>; <span class=\"egwlink egwlink_book\" title=\"SR 175\" data-link=\"145.2067\">SR 175</span>; <span class=\"egwlink egwlink_book\" title=\"WGD 305.1\" data-link=\"13940.1893\">WGD 305.1</span>; <span class=\"egwlink egwlink_book\" title=\"Lt 19e, 1892, par. 12\" data-link=\"14057.5307018\">Lt 19e, 1892, par. 12</span>; <span class=\"egwlink egwlink_book\" title=\"Ms 66, 1898, par. 20\" data-link=\"14063.6450026\">Ms 66, 1898, par. 20</span>, <span class=\"egwlink egwlink_book\" title=\"Ms 66, 1898, par. 22\" data-link=\"14063.6450028\">22</span>; <span class=\"egwlink egwlink_book\" title=\"Ms 81, 1900, par. 35\" data-link=\"14065.10099044\">Ms 81, 1900, par. 35</span>",
    "puborder": 3855,
    "translations": []
  },
  {
    "para_id": "14275.3856",
    "id_prev": "14275.3855",
    "id_next": "14275.3857",
    "refcode_1": "ECSI",
    "refcode_2": "Joshua",
    "refcode_3": "1",
    "refcode_4": "10, 11, 12, 13, 14, 15",
    "refcode_short": "ECSI, Joshua 1:10-15",
    "refcode_long": "EGW Complete Scripture Index, Joshua 1:10-15",
    "element_type": "h4",
    "element_subtype": "",
    "content": "10-15",
    "puborder": 3856,
    "translations": []
  },
  {
    "para_id": "14275.3857",
    "id_prev": "14275.3856",
    "id_next": "14275.3858",
    "refcode_1": "ECSI",
    "refcode_2": "Joshua",
    "refcode_3": "1",
    "refcode_4": "10, 11, 12, 13, 14, 15",
    "refcode_short": "ECSI, Joshua 1:10-15",
    "refcode_long": "EGW Complete Scripture Index, Joshua 1:10-15",
    "element_type": "p",
    "element_subtype": "standard-noindent",
    "content": "<span class=\"egwlink egwlink_book\" title=\"EP 341\" data-link=\"2772.2170\">EP 341</span>; <span class=\"egwlink egwlink_book\" title=\"PP 481\" data-link=\"84.3666\">PP 481</span>; <span class=\"egwlink egwlink_book\" title=\"SR 175\" data-link=\"145.2067\">SR 175</span>; <span class=\"egwlink egwlink_book\" title=\"Ms 66, 1898, par. 20\" data-link=\"14063.6450026\">Ms 66, 1898, par. 20</span>",
    "puborder": 3857,
    "translations": []
  },
  {
    "para_id": "14275.3858",
    "id_prev": "14275.3857",
    "id_next": "14275.3859",
    "refcode_1": "ECSI",
    "refcode_2": "Joshua",
    "refcode_3": "1",
    "refcode_4": "16, 17, 18",
    "refcode_short": "ECSI, Joshua 1:16-18",
    "refcode_long": "EGW Complete Scripture Index, Joshua 1:16-18",
    "element_type": "h4",
    "element_subtype": "",
    "content": "16-18",
    "puborder": 3858,
    "translations": []
  },
  {
    "para_id": "14275.3859",
    "id_prev": "14275.3858",
    "id_next": "14275.3860",
    "refcode_1": "ECSI",
    "refcode_2": "Joshua",
    "refcode_3": "1",
    "refcode_4": "16, 17, 18",
    "refcode_short": "ECSI, Joshua 1:16-18",
    "refcode_long": "EGW Complete Scripture Index, Joshua 1:16-18",
    "element_type": "p",
    "element_subtype": "standard-noindent",
    "content": "<span class=\"egwlink egwlink_book\" title=\"EP 341\" data-link=\"2772.2170\">EP 341</span>; <span class=\"egwlink egwlink_book\" title=\"PP 481\" data-link=\"84.3666\">PP 481</span>; <span class=\"egwlink egwlink_book\" title=\"SR 175\" data-link=\"145.2067\">SR 175</span>; <span class=\"egwlink egwlink_book\" title=\"YRP 258.4\" data-link=\"153.1645\">YRP 258.4</span>; <span class=\"egwlink egwlink_book\" title=\"Ms 66, 1898, par. 20\" data-link=\"14063.6450026\">Ms 66, 1898, par. 20</span>",
    "puborder": 3859,
    "translations": []
  }
]