[
  {
    "para_id": "14275.7556",
    "id_prev": "14275.7555",
    "id_next": "14275.7557",
    "refcode_1": "ECSI",
    "refcode_2": "Psalms",
    "refcode_3": "11",
    "refcode_4": "0",
    "refcode_short": "ECSI, Psalms 11",
    "refcode_long": "EGW Complete Scripture Index, Psalms 11",
    "element_type": "h3",
    "element_subtype": "",
    "content": "Psalms 11",
    "puborder": 7556,
    "translations": []
  },
  {
    "para_id": "14275.7557",
    "id_prev": "14275.7556",
    "id_next": "14275.7558",
    "refcode_1": "ECSI",
    "refcode_2": "Psalms",
    "refcode_3": "11",
    "refcode_4": "1, 2, 3",
    "refcode_short": "ECSI, Psalms 11:1-3",
    "refcode_long": "EGW Complete Scripture Index, Psalms 11:1-3",
    "element_type": "h4",
    "element_subtype": "",
    "content": "1-3",
    "puborder": 7557,
    "translations": []
  },
  {
    "para_id": "14275.7558",
    "id_prev": "14275.7557",
    "id_next": "14275.7559",
    "refcode_1": "ECSI",
    "refcode_2": "Psalms",
    "refcode_3": "11",
    "refcode_4": "1, 2, 3",
    "refcode_short": "ECSI, Psalms 11:1-3",
    "refcode_long": "EGW Complete Scripture Index, Psalms 11:1-3",
    "element_type": "p",
    "element_subtype": "standard-noindent",
    "content": "<span class=\"egwlink egwlink_book\" title=\"PP 660.4\" data-link=\"84.3104\">PP 660.4</span>; <span class=\"egwlink egwlink_book\" title=\"Lt 224, 1906, par. 18\" data-link=\"14071.7730026\">Lt 224, 1906, par. 18</span>",
    "puborder": 7558,
    "translations": []
  },
  {
    "para_id": "14275.7559",
    "id_prev": "14275.7558",
    "id_next": "14275.7560",
    "refcode_1": "ECSI",
    "refcode_2": "Psalms",
    "refcode_3": "11",
    "refcode_4": "4",
    "refcode_short": "ECSI, Psalms 11:4",
    "refcode_long": "EGW Complete Scripture Index, Psalms 11:4",
    "element_type": "h4",
    "element_subtype": "",
    "content": "4",
    "puborder": 7559,
    "translations": []
  },
  {
    "para_id": "14275.7560",
    "id_prev": "14275.7559",
    "id_next": "14275.7561",
    "refcode_1": "ECSI",
    "refcode_2": "Psalms",
    "refcode_3": "11",
    "refcode_4": "4",
    "refcode_short": "ECSI, Psalms 11:4",
    "refcode_long": "EGW Complete Scripture Index, Psalms 11:4",
    "element_type": "p",
    "element_subtype": "standard-noindent",
    "content": "<span class=\"egwlink egwlink_book\" title=\"Ed 132.2\" data-link=\"29.636\">Ed 132.2</span>; <span class=\"egwlink egwlink_book\" title=\"FLB 54.2\" data-link=\"131.414\">FLB 54.2</span>; <span class=\"egwlink egwlink_book\" title=\"MH 438.4\" data-link=\"135.2283\">MH 438.4</span>; <span class=\"egwlink egwlink_book\" title=\"PP 660.4\" data-link=\"84.3104\">PP 660.4</span>; <span class=\"egwlink egwlink_book\" title=\"8T 285.4\" data-link=\"112.1700\">8T 285.4</span>; <span class=\"egwlink egwlink_book\" title=\"WGD 16.1\" data-link=\"13940.97\">WGD 16.1</span>; <span class=\"egwlink egwlink_book\" title=\"Lt 18, 1895, par. 19\" data-link=\"14060.5660027\">Lt 18, 1895, par. 19</span>; <span class=\"egwlink egwlink_book\" title=\"Lt 224, 1906, par. 20\" data-link=\"14071.7730028\">Lt 224, 1906, par. 20</span>; <span class=\"egwlink egwlink_book\" title=\"Ms 160, 1898, par. 5\" data-link=\"14063.5227010\">Ms 160, 1898, par. 5</span>; <span class=\"egwlink egwlink_book\" title=\"Ms 160a, 1898, par. 6\" data-link=\"14063.7395011\">Ms 160a, 1898, par. 6</span>",
    "puborder": 7560,
    "translations": []
  },
  {
    "para_id": "14275.7561",
    "id_prev": "14275.7560",
    "id_next": "14275.7562",
    "refcode_1": "ECSI",
    "refcode_2": "Psalms",
    "refcode_3": "11",
    "refcode_4": "5",
    "refcode_short": "ECSI, Psalms 11:5",
    "refcode_long": "EGW Complete Scripture Index, Psalms 11:5",
    "element_type": "h4",
    "element_subtype": "",
    "content": "5",
    "puborder": 7561,
    "translations": []
  },
  {
    "para_id": "14275.7562",
    "id_prev": "14275.7561",
    "id_next": "14275.7563",
    "refcode_1": "ECSI",
    "refcode_2": "Psalms",
    "refcode_3": "11",
    "refcode_4": "5",
    "refcode_short": "ECSI, Psalms 11:5",
    "refcode_long": "EGW Complete Scripture Index, Psalms 11:5",
    "element_type": "p",
    "element_subtype": "standard-noindent",
    "content": "<span class=\"egwlink egwlink_book\" title=\"PP 660.4\" data-link=\"84.3104\">PP 660.4</span>; <span class=\"egwlink egwlink_book\" title=\"1EGWLM 403.3\" data-link=\"12667.2288\">1EGWLM 403.3</span>; <span class=\"egwlink egwlink_book\" title=\"Lt 224, 1906, par. 20\" data-link=\"14071.7730028\">Lt 224, 1906, par. 20</span>",
    "puborder": 7562,
    "translations": []
  },
  {
    "para_id": "14275.7563",
    "id_prev": "14275.7562",
    "id_next": "14275.7564",
    "refcode_1": "ECSI",
    "refcode_2": "Psalms",
    "refcode_3": "11",
    "refcode_4": "6",
    "refcode_short": "ECSI, Psalms 11:6",
    "refcode_long": "EGW Complete Scripture Index, Psalms 11:6",
    "element_type": "h4",
    "element_subtype": "",
    "content": "6",
    "puborder": 7563,
    "translations": []
  },
  {
    "para_id": "14275.7564",
    "id_prev": "14275.7563",
    "id_next": "14275.7565",
    "refcode_1": "ECSI",
    "refcode_2": "Psalms",
    "refcode_3": "11",
    "refcode_4": "6",
    "refcode_short": "ECSI, Psalms 11:6",
    "refcode_long": "EGW Complete Scripture Index, Psalms 11:6",
    "element_type": "p",
    "element_subtype": "standard-noindent",
    "content": "<span class=\"egwlink egwlink_book\" title=\"DD 59.3\" data-link=\"26.380\">DD 59.3</span>; <span class=\"egwlink egwlink_book\" title=\"FLB 72.5\" data-link=\"131.568\">FLB 72.5</span>; <span class=\"egwlink egwlink_book\" title=\"GC 672.2\" data-link=\"132.3034\">GC 672.2</span>; <span class=\"egwlink egwlink_book\" title=\"GC88 672.2\" data-link=\"133.3047\">GC88 672.2</span>; <span class=\"egwlink egwlink_book\" title=\"HF 407.2\" data-link=\"2774.2541\">HF 407.2</span>; <span class=\"egwlink egwlink_book\" title=\"4SP 487.2\" data-link=\"140.1944\">4SP 487.2</span>; <span class=\"egwlink egwlink_book\" title=\"SR 428.1\" data-link=\"145.2024\">SR 428.1</span>; <span class=\"egwlink egwlink_book\" title=\"Lt 224, 1906, par. 20\" data-link=\"14071.7730028\">Lt 224, 1906, par. 20</span>",
    "puborder": 7564,
    "translations": []
  },
  {
    "para_id": "14275.7565",
    "id_prev": "14275.7564",
    "id_next": "14275.7566",
    "refcode_1": "ECSI",
    "refcode_2": "Psalms",
    "refcode_3": "11",
    "refcode_4": "7",
    "refcode_short": "ECSI, Psalms 11:7",
    "refcode_long": "EGW Complete Scripture Index, Psalms 11:7",
    "element_type": "h4",
    "element_subtype": "",
    "content": "7",
    "puborder": 7565,
    "translations": []
  },
  {
    "para_id": "14275.7566",
    "id_prev": "14275.7565",
    "id_next": "14275.7567",
    "refcode_1": "ECSI",
    "refcode_2": "Psalms",
    "refcode_3": "11",
    "refcode_4": "7",
    "refcode_short": "ECSI, Psalms 11:7",
    "refcode_long": "EGW Complete Scripture Index, Psalms 11:7",
    "element_type": "p",
    "element_subtype": "standard-noindent",
    "content": "<span class=\"egwlink egwlink_book\" title=\"Lt 224, 1906, par. 20\" data-link=\"14071.7730028\">Lt 224, 1906, par. 20</span>",
    "puborder": 7566,
    "translations": []
  }
]