[
  {
    "para_id": "14275.2246",
    "id_prev": "14275.2245",
    "id_next": "14275.2247",
    "refcode_1": "ECSI",
    "refcode_2": "Leviticus",
    "refcode_3": "24",
    "refcode_4": "0",
    "refcode_short": "ECSI, Leviticus 24",
    "refcode_long": "EGW Complete Scripture Index, Leviticus 24",
    "element_type": "h3",
    "element_subtype": "",
    "content": "Leviticus 24",
    "puborder": 2246,
    "translations": []
  },
  {
    "para_id": "14275.2247",
    "id_prev": "14275.2246",
    "id_next": "14275.2248",
    "refcode_1": "ECSI",
    "refcode_2": "Leviticus",
    "refcode_3": "24",
    "refcode_4": "1, 2, 3, 4, 5, 6, 7, 8, 9, 10, 11, 12, 13",
    "refcode_short": "ECSI, Leviticus 24:1-13",
    "refcode_long": "EGW Complete Scripture Index, Leviticus 24:1-13",
    "element_type": "h4",
    "element_subtype": "",
    "content": "1-13",
    "puborder": 2247,
    "translations": []
  },
  {
    "para_id": "14275.2248",
    "id_prev": "14275.2247",
    "id_next": "14275.2249",
    "refcode_1": "ECSI",
    "refcode_2": "Leviticus",
    "refcode_3": "24",
    "refcode_4": "1, 2, 3, 4, 5, 6, 7, 8, 9, 10, 11, 12, 13",
    "refcode_short": "ECSI, Leviticus 24:1-13",
    "refcode_long": "EGW Complete Scripture Index, Leviticus 24:1-13",
    "element_type": "p",
    "element_subtype": "standard-noindent",
    "content": "<span class=\"egwlink egwlink_book\" title=\"Lt 16, 1898, par. 8\" data-link=\"14063.5567014\">Lt 16, 1898, par. 8</span>; <span class=\"egwlink egwlink_book\" title=\"Lt 137, 1899, par. 2\" data-link=\"14064.5843008\">Lt 137, 1899, par. 2</span>; <span class=\"egwlink egwlink_book\" title=\"Lt 221, 1899, par. 2\" data-link=\"14064.6545008\">Lt 221, 1899, par. 2</span>, <span class=\"egwlink egwlink_book\" title=\"Lt 221, 1899, par. 5\" data-link=\"14064.6545011\">5</span>; <span class=\"egwlink egwlink_book\" title=\"Ms 121, 1899, par. 21\" data-link=\"14064.5080026\">Ms 121, 1899, par. 21</span>",
    "puborder": 2248,
    "translations": []
  },
  {
    "para_id": "14275.2249",
    "id_prev": "14275.2248",
    "id_next": "14275.2250",
    "refcode_1": "ECSI",
    "refcode_2": "Leviticus",
    "refcode_3": "24",
    "refcode_4": "14",
    "refcode_short": "ECSI, Leviticus 24:14",
    "refcode_long": "EGW Complete Scripture Index, Leviticus 24:14",
    "element_type": "h4",
    "element_subtype": "",
    "content": "14",
    "puborder": 2249,
    "translations": []
  },
  {
    "para_id": "14275.2250",
    "id_prev": "14275.2249",
    "id_next": "14275.2251",
    "refcode_1": "ECSI",
    "refcode_2": "Leviticus",
    "refcode_3": "24",
    "refcode_4": "14",
    "refcode_short": "ECSI, Leviticus 24:14",
    "refcode_long": "EGW Complete Scripture Index, Leviticus 24:14",
    "element_type": "p",
    "element_subtype": "standard-noindent",
    "content": "<span class=\"egwlink egwlink_book\" title=\"EP 286.4\" data-link=\"2772.1827\">EP 286.4</span>; <span class=\"egwlink egwlink_book\" title=\"Lt 16, 1898, par. 8\" data-link=\"14063.5567014\">Lt 16, 1898, par. 8</span>; <span class=\"egwlink egwlink_book\" title=\"Lt 137, 1899, par. 2\" data-link=\"14064.5843008\">Lt 137, 1899, par. 2</span>; <span class=\"egwlink egwlink_book\" title=\"Lt 221, 1899, par. 2\" data-link=\"14064.6545008\">Lt 221, 1899, par. 2</span>, <span class=\"egwlink egwlink_book\" title=\"Lt 221, 1899, par. 5\" data-link=\"14064.6545011\">5</span>; <span class=\"egwlink egwlink_book\" title=\"Ms 121, 1899, par. 21\" data-link=\"14064.5080026\">Ms 121, 1899, par. 21</span>",
    "puborder": 2250,
    "translations": []
  },
  {
    "para_id": "14275.2251",
    "id_prev": "14275.2250",
    "id_next": "14275.2252",
    "refcode_1": "ECSI",
    "refcode_2": "Leviticus",
    "refcode_3": "24",
    "refcode_4": "15, 16",
    "refcode_short": "ECSI, Leviticus 24:15-16",
    "refcode_long": "EGW Complete Scripture Index, Leviticus 24:15-16",
    "element_type": "h4",
    "element_subtype": "",
    "content": "15-16",
    "puborder": 2251,
    "translations": []
  },
  {
    "para_id": "14275.2252",
    "id_prev": "14275.2251",
    "id_next": "14275.2253",
    "refcode_1": "ECSI",
    "refcode_2": "Leviticus",
    "refcode_3": "24",
    "refcode_4": "15, 16",
    "refcode_short": "ECSI, Leviticus 24:15-16",
    "refcode_long": "EGW Complete Scripture Index, Leviticus 24:15-16",
    "element_type": "p",
    "element_subtype": "standard-noindent",
    "content": "<span class=\"egwlink egwlink_book\" title=\"PP 408.1\" data-link=\"84.1872\">PP 408.1</span>; <span class=\"egwlink egwlink_book\" title=\"Lt 16, 1898, par. 8\" data-link=\"14063.5567014\">Lt 16, 1898, par. 8</span>; <span class=\"egwlink egwlink_book\" title=\"Lt 137, 1899, par. 2\" data-link=\"14064.5843008\">Lt 137, 1899, par. 2</span>; <span class=\"egwlink egwlink_book\" title=\"Lt 221, 1899, par. 2\" data-link=\"14064.6545008\">Lt 221, 1899, par. 2</span>, <span class=\"egwlink egwlink_book\" title=\"Lt 221, 1899, par. 5\" data-link=\"14064.6545011\">5</span>; <span class=\"egwlink egwlink_book\" title=\"Ms 121, 1899, par. 21\" data-link=\"14064.5080026\">Ms 121, 1899, par. 21</span>",
    "puborder": 2252,
    "translations": []
  },
  {
    "para_id": "14275.2253",
    "id_prev": "14275.2252",
    "id_next": "14275.2254",
    "refcode_1": "ECSI",
    "refcode_2": "Leviticus",
    "refcode_3": "24",
    "refcode_4": "17, 18, 19",
    "refcode_short": "ECSI, Leviticus 24:17-19",
    "refcode_long": "EGW Complete Scripture Index, Leviticus 24:17-19",
    "element_type": "h4",
    "element_subtype": "",
    "content": "17-19",
    "puborder": 2253,
    "translations": []
  },
  {
    "para_id": "14275.2254",
    "id_prev": "14275.2253",
    "id_next": "14275.2255",
    "refcode_1": "ECSI",
    "refcode_2": "Leviticus",
    "refcode_3": "24",
    "refcode_4": "17, 18, 19",
    "refcode_short": "ECSI, Leviticus 24:17-19",
    "refcode_long": "EGW Complete Scripture Index, Leviticus 24:17-19",
    "element_type": "p",
    "element_subtype": "standard-noindent",
    "content": "<span class=\"egwlink egwlink_book\" title=\"Lt 16, 1898, par. 8\" data-link=\"14063.5567014\">Lt 16, 1898, par. 8</span>; <span class=\"egwlink egwlink_book\" title=\"Lt 137, 1899, par. 2\" data-link=\"14064.5843008\">Lt 137, 1899, par. 2</span>; <span class=\"egwlink egwlink_book\" title=\"Lt 221, 1899, par. 2\" data-link=\"14064.6545008\">Lt 221, 1899, par. 2</span>, <span class=\"egwlink egwlink_book\" title=\"Lt 221, 1899, par. 5\" data-link=\"14064.6545011\">5</span>; <span class=\"egwlink egwlink_book\" title=\"Ms 121, 1899, par. 21\" data-link=\"14064.5080026\">Ms 121, 1899, par. 21</span>",
    "puborder": 2254,
    "translations": []
  },
  {
    "para_id": "14275.2255",
    "id_prev": "14275.2254",
    "id_next": "14275.2256",
    "refcode_1": "ECSI",
    "refcode_2": "Leviticus",
    "refcode_3": "24",
    "refcode_4": "20",
    "refcode_short": "ECSI, Leviticus 24:20",
    "refcode_long": "EGW Complete Scripture Index, Leviticus 24:20",
    "element_type": "h4",
    "element_subtype": "",
    "content": "20",
    "puborder": 2255,
    "translations": []
  },
  {
    "para_id": "14275.2256",
    "id_prev": "14275.2255",
    "id_next": "14275.2257",
    "refcode_1": "ECSI",
    "refcode_2": "Leviticus",
    "refcode_3": "24",
    "refcode_4": "20",
    "refcode_short": "ECSI, Leviticus 24:20",
    "refcode_long": "EGW Complete Scripture Index, Leviticus 24:20",
    "element_type": "p",
    "element_subtype": "standard-noindent",
    "content": "<span class=\"egwlink egwlink_book\" title=\"MB 70.2\" data-link=\"150.366\">MB 70.2</span>; <span class=\"egwlink egwlink_book\" title=\"Lt 16, 1898, par. 8\" data-link=\"14063.5567014\">Lt 16, 1898, par. 8</span>; <span class=\"egwlink egwlink_book\" title=\"Lt 137, 1899, par. 2\" data-link=\"14064.5843008\">Lt 137, 1899, par. 2</span>; <span class=\"egwlink egwlink_book\" title=\"Lt 221, 1899, par. 2\" data-link=\"14064.6545008\">Lt 221, 1899, par. 2</span>, <span class=\"egwlink egwlink_book\" title=\"Lt 221, 1899, par. 5\" data-link=\"14064.6545011\">5</span>; <span class=\"egwlink egwlink_book\" title=\"Ms 121, 1899, par. 21\" data-link=\"14064.5080026\">Ms 121, 1899, par. 21</span>",
    "puborder": 2256,
    "translations": []
  },
  {
    "para_id": "14275.2257",
    "id_prev": "14275.2256",
    "id_next": "14275.2258",
    "refcode_1": "ECSI",
    "refcode_2": "Leviticus",
    "refcode_3": "24",
    "refcode_4": "21, 22, 23",
    "refcode_short": "ECSI, Leviticus 24:21-23",
    "refcode_long": "EGW Complete Scripture Index, Leviticus 24:21-23",
    "element_type": "h4",
    "element_subtype": "",
    "content": "21-23",
    "puborder": 2257,
    "translations": []
  },
  {
    "para_id": "14275.2258",
    "id_prev": "14275.2257",
    "id_next": "14275.2259",
    "refcode_1": "ECSI",
    "refcode_2": "Leviticus",
    "refcode_3": "24",
    "refcode_4": "21, 22, 23",
    "refcode_short": "ECSI, Leviticus 24:21-23",
    "refcode_long": "EGW Complete Scripture Index, Leviticus 24:21-23",
    "element_type": "p",
    "element_subtype": "standard-noindent",
    "content": "<span class=\"egwlink egwlink_book\" title=\"Lt 16, 1898, par. 8\" data-link=\"14063.5567014\">Lt 16, 1898, par. 8</span>; <span class=\"egwlink egwlink_book\" title=\"Lt 137, 1899, par. 2\" data-link=\"14064.5843008\">Lt 137, 1899, par. 2</span>; <span class=\"egwlink egwlink_book\" title=\"Lt 221, 1899, par. 2\" data-link=\"14064.6545008\">Lt 221, 1899, par. 2</span>, <span class=\"egwlink egwlink_book\" title=\"Lt 221, 1899, par. 5\" data-link=\"14064.6545011\">5</span>; <span class=\"egwlink egwlink_book\" title=\"Ms 121, 1899, par. 21\" data-link=\"14064.5080026\">Ms 121, 1899, par. 21</span>",
    "puborder": 2258,
    "translations": []
  }
]