[
  {
    "para_id": "21.825",
    "id_prev": "21.824",
    "id_next": "21.826",
    "refcode_1": "CSW",
    "refcode_2": "177",
    "refcode_3": "",
    "refcode_4": "136",
    "refcode_short": "CSW 177",
    "refcode_long": "Counsels on Sabbath School Work, p. 177 (Ellen Gould White)",
    "element_type": "h4",
    "element_subtype": "",
    "content": "The Power of Silence",
    "puborder": 520,
    "translations": [
      {
        "para_id": "11629.806",
        "lang": "da",
        "refcode": "RSSA 177"
      },
      {
        "para_id": "799.772",
        "lang": "de",
        "refcode": "RSs 143"
      },
      {
        "para_id": "1711.886",
        "lang": "es",
        "refcode": "COES 198"
      },
      {
        "para_id": "1917.973",
        "lang": "pt",
        "refcode": "CES38 93"
      },
      {
        "para_id": "1724.868",
        "lang": "pt",
        "refcode": "CES 177"
      },
      {
        "para_id": "2719.843",
        "lang": "ro",
        "refcode": "SSS 177"
      },
      {
        "para_id": "1873.819",
        "lang": "ru",
        "refcode": "ССШ 177"
      }
    ]
  },
  {
    "para_id": "21.826",
    "id_prev": "21.825",
    "id_next": "21.827",
    "refcode_1": "CSW",
    "refcode_2": "177",
    "refcode_3": "2",
    "refcode_4": "",
    "refcode_short": "CSW 177.2",
    "refcode_long": "Counsels on Sabbath School Work, p. 177.2 (Ellen Gould White)",
    "element_type": "p",
    "element_subtype": "standard-indented",
    "content": "Those who desire to control others must first control themselves. To deal passionately with a child or youth will only arouse his resentment. When a parent or teacher becomes impatient, and is in danger of speaking unwisely, let him remain silent. There is wonderful power in silence.",
    "puborder": 521,
    "translations": [
      {
        "para_id": "11629.807",
        "lang": "da",
        "refcode": "RSSA 177.2"
      },
      {
        "para_id": "799.773",
        "lang": "de",
        "refcode": "RSs 143.3"
      },
      {
        "para_id": "1711.887",
        "lang": "es",
        "refcode": "COES 198.2"
      },
      {
        "para_id": "1724.869",
        "lang": "pt",
        "refcode": "CES 177.2"
      },
      {
        "para_id": "1917.974",
        "lang": "pt",
        "refcode": "CES38 93.4"
      },
      {
        "para_id": "2719.844",
        "lang": "ro",
        "refcode": "SSS 177.2"
      },
      {
        "para_id": "1873.820",
        "lang": "ru",
        "refcode": "ССШ 177.2"
      }
    ]
  },
  {
    "para_id": "21.827",
    "id_prev": "21.826",
    "id_next": "21.830",
    "refcode_1": "CSW",
    "refcode_2": "177",
    "refcode_3": "3",
    "refcode_4": "",
    "refcode_short": "CSW 177.3",
    "refcode_long": "Counsels on Sabbath School Work, p. 177.3 (Ellen Gould White)",
    "element_type": "p",
    "element_subtype": "standard-indented",
    "content": "The teacher must expect to meet perverse dispositions and obdurate hearts. But in dealing with them he should never forget that he himself was once a child, in need of discipline. Even now, with all his advantages of age, education, and experience, he <span class=\"page-break\" data-page=\"178\"></span> often errs, and is in need of mercy and forbearance. In training the youth he should consider that he is dealing with those who have inclinations to evil similar to his own. They have almost everything to learn, and it is much more difficult for some to learn than for others. With the dull pupil he should bear patiently, not censuring his ignorance, but improving every opportunity to give him encouragement. With sensitive, nervous pupils he should deal very tenderly. A sense of his own imperfections should lead him constantly to manifest sympathy and forbearance toward those who also are struggling with difficulties.",
    "puborder": 522,
    "translations": [
      {
        "para_id": "11629.808",
        "lang": "da",
        "refcode": "RSSA 177.3"
      },
      {
        "para_id": "799.776",
        "lang": "de",
        "refcode": "RSs 144.1"
      },
      {
        "para_id": "1711.890",
        "lang": "es",
        "refcode": "COES 199.1"
      },
      {
        "para_id": "1917.978",
        "lang": "pt",
        "refcode": "CES38 94.1"
      },
      {
        "para_id": "1917.975",
        "lang": "pt",
        "refcode": "CES38 93.5"
      },
      {
        "para_id": "1724.870",
        "lang": "pt",
        "refcode": "CES 177.3"
      },
      {
        "para_id": "2719.845",
        "lang": "ro",
        "refcode": "SSS 177.3"
      },
      {
        "para_id": "1873.821",
        "lang": "ru",
        "refcode": "ССШ 177.3"
      }
    ]
  },
  {
    "para_id": "21.830",
    "id_prev": "21.827",
    "id_next": "21.831",
    "refcode_1": "CSW",
    "refcode_2": "178",
    "refcode_3": "1",
    "refcode_4": "",
    "refcode_short": "CSW 178.1",
    "refcode_long": "Counsels on Sabbath School Work, p. 178.1 (Ellen Gould White)",
    "element_type": "p",
    "element_subtype": "standard-indented",
    "content": "The Saviour&apos;s rule,&mdash;&ldquo;As ye would that men should do to you, do ye also to them likewise,&rdquo;&mdash;should be the rule of all who undertake the training of children and youth. They are the younger members of the Lord&apos;s family, heirs with us of the grace of life. Christ&apos;s rule should be sacredly observed toward the dullest, the youngest, the most blundering, and even toward the erring and rebellious....",
    "puborder": 523,
    "translations": [
      {
        "para_id": "11629.811",
        "lang": "da",
        "refcode": "RSSA 178.1"
      },
      {
        "para_id": "799.777",
        "lang": "de",
        "refcode": "RSs 144.2"
      },
      {
        "para_id": "1711.891",
        "lang": "es",
        "refcode": "COES 199.2"
      },
      {
        "para_id": "1917.979",
        "lang": "pt",
        "refcode": "CES38 94.2"
      },
      {
        "para_id": "1724.873",
        "lang": "pt",
        "refcode": "CES 178.1"
      },
      {
        "para_id": "2719.848",
        "lang": "ro",
        "refcode": "SSS 178.1"
      },
      {
        "para_id": "1873.824",
        "lang": "ru",
        "refcode": "ССШ 178.1"
      }
    ]
  },
  {
    "para_id": "21.831",
    "id_prev": "21.830",
    "id_next": "21.832",
    "refcode_1": "CSW",
    "refcode_2": "178",
    "refcode_3": "",
    "refcode_4": "51",
    "refcode_short": "CSW 178",
    "refcode_long": "Counsels on Sabbath School Work, p. 178 (Ellen Gould White)",
    "element_type": "h5",
    "element_subtype": "",
    "content": "Christ&apos;s Outstretched Arms",
    "puborder": 524,
    "translations": [
      {
        "para_id": "11629.812",
        "lang": "da",
        "refcode": "RSSA 178"
      },
      {
        "para_id": "799.778",
        "lang": "de",
        "refcode": "RSs 144"
      },
      {
        "para_id": "1711.894",
        "lang": "es",
        "refcode": "COES 200"
      },
      {
        "para_id": "1724.874",
        "lang": "pt",
        "refcode": "CES 178"
      },
      {
        "para_id": "1917.980",
        "lang": "pt",
        "refcode": "CES38 94"
      },
      {
        "para_id": "2719.849",
        "lang": "ro",
        "refcode": "SSS 178"
      },
      {
        "para_id": "1873.825",
        "lang": "ru",
        "refcode": "ССШ 178"
      }
    ]
  },
  {
    "para_id": "21.832",
    "id_prev": "21.831",
    "id_next": "21.835",
    "refcode_1": "CSW",
    "refcode_2": "178",
    "refcode_3": "2",
    "refcode_4": "",
    "refcode_short": "CSW 178.2",
    "refcode_long": "Counsels on Sabbath School Work, p. 178.2 (Ellen Gould White)",
    "element_type": "p",
    "element_subtype": "standard-indented",
    "content": "The divine Teacher bears with the erring through all their perversity. His love does not grow cold; His efforts to win them do not cease. With outstretched arms He waits to welcome again and again the erring, the rebellious, and even the apostate. His heart is touched with the helplessness of the little child subject to rough usage. The cry of human suffering never reaches His ear in vain. Though all <span class=\"page-break\" data-page=\"179\"></span> are precious in His sight, the rough, sullen, stubborn dispositions draw most heavily upon His sympathy and love; for He traces from cause to effect. The one who is most easily tempted, and is most inclined to err, is the special object of his solicitude.",
    "puborder": 525,
    "translations": [
      {
        "para_id": "11629.813",
        "lang": "da",
        "refcode": "RSSA 178.2"
      },
      {
        "para_id": "799.779",
        "lang": "de",
        "refcode": "RSs 144.3"
      },
      {
        "para_id": "1711.895",
        "lang": "es",
        "refcode": "COES 200.1"
      },
      {
        "para_id": "1724.875",
        "lang": "pt",
        "refcode": "CES 178.2"
      },
      {
        "para_id": "1917.981",
        "lang": "pt",
        "refcode": "CES38 94.3"
      },
      {
        "para_id": "1917.983",
        "lang": "pt",
        "refcode": "CES38 94.4"
      },
      {
        "para_id": "2719.850",
        "lang": "ro",
        "refcode": "SSS 178.2"
      },
      {
        "para_id": "1873.826",
        "lang": "ru",
        "refcode": "ССШ 178.2"
      }
    ]
  },
  {
    "para_id": "21.835",
    "id_prev": "21.832",
    "id_next": "21.836",
    "refcode_1": "CSW",
    "refcode_2": "179",
    "refcode_3": "1",
    "refcode_4": "",
    "refcode_short": "CSW 179.1",
    "refcode_long": "Counsels on Sabbath School Work, p. 179.1 (Ellen Gould White)",
    "element_type": "p",
    "element_subtype": "standard-indented",
    "content": "Every parent and every teacher should cherish the attributes of Him who makes the cause of the afflicted, the suffering, and the tempted, His own. He should be one who can have &ldquo;compassion on the ignorant, and on them that are out of the way; for that he himself also is compassed with infirmity.&rdquo; Jesus treats us far better than we deserve; and as He has treated us, so we are to treat others. The course of no parent or teacher is justifiable if it is unlike that which under similar circumstances the Saviour would pursue.&mdash;<span class=\"egwlink egwlink_book\" title=\"TSS 119.1\" data-link=\"121.495\"><em>Testimonies on Sabbath-School Work</em>, 119-121</span>.",
    "puborder": 526,
    "translations": [
      {
        "para_id": "11629.816",
        "lang": "da",
        "refcode": "RSSA 179.1"
      },
      {
        "para_id": "799.782",
        "lang": "de",
        "refcode": "RSs 145.1"
      },
      {
        "para_id": "1711.896",
        "lang": "es",
        "refcode": "COES 200.2"
      },
      {
        "para_id": "1724.878",
        "lang": "pt",
        "refcode": "CES 179.1"
      },
      {
        "para_id": "1917.984",
        "lang": "pt",
        "refcode": "CES38 94.5"
      },
      {
        "para_id": "2719.853",
        "lang": "ro",
        "refcode": "SSS 179.1"
      },
      {
        "para_id": "1873.829",
        "lang": "ru",
        "refcode": "ССШ 179.1"
      }
    ]
  }
]