[
  {
    "para_id": "74.2531",
    "id_prev": "74.2529",
    "id_next": "74.2532",
    "refcode_1": "Mar",
    "refcode_2": "345",
    "refcode_3": "",
    "refcode_4": "337",
    "refcode_short": "Mar 345",
    "refcode_long": "Maranatha, p. 345 (Ellen Gould White)",
    "element_type": "h3",
    "element_subtype": "",
    "content": "The Wicked Acknowledge God&apos;s Justice, December 3",
    "puborder": 2206,
    "translations": [
      {
        "para_id": "1768.2792",
        "lang": "es",
        "refcode": "MSV 356"
      },
      {
        "para_id": "1776.2481",
        "lang": "es",
        "refcode": "MSV76 343"
      },
      {
        "para_id": "12371.2412",
        "lang": "pl",
        "refcode": "Mar 345"
      },
      {
        "para_id": "1922.3808",
        "lang": "pt",
        "refcode": "Ma 350"
      },
      {
        "para_id": "1828.2515",
        "lang": "ru",
        "refcode": "Мар 345"
      },
      {
        "para_id": "12370.2521",
        "lang": "sr",
        "refcode": "Мар 345"
      }
    ]
  },
  {
    "para_id": "74.2532",
    "id_prev": "74.2531",
    "id_next": "74.2533",
    "refcode_1": "Mar",
    "refcode_2": "345",
    "refcode_3": "1",
    "refcode_4": "",
    "refcode_short": "Mar 345.1",
    "refcode_long": "Maranatha, p. 345.1 (Ellen Gould White)",
    "element_type": "p",
    "element_subtype": "devotionaltext",
    "content": "We shall all stand before the judgment seat of Christ. For it is written, As I live, saith the Lord, every knee shall bow to me, and every tongue shall confess to God. <span class=\"egwlink egwlink_bible\" title=\"Romans 14:10\" data-link=\"1965.57688\">Romans 14:10, 11</span>.",
    "puborder": 2207,
    "translations": [
      {
        "para_id": "1768.2793",
        "lang": "es",
        "refcode": "MSV 356.2"
      },
      {
        "para_id": "1776.2482",
        "lang": "es",
        "refcode": "MSV76 343.1"
      },
      {
        "para_id": "12371.2413",
        "lang": "pl",
        "refcode": "Mar 345.1"
      },
      {
        "para_id": "1922.3809",
        "lang": "pt",
        "refcode": "Ma 350.3"
      },
      {
        "para_id": "1828.2516",
        "lang": "ru",
        "refcode": "Мар 345.1"
      },
      {
        "para_id": "12370.2522",
        "lang": "sr",
        "refcode": "Мар 345.1"
      }
    ]
  },
  {
    "para_id": "74.2533",
    "id_prev": "74.2532",
    "id_next": "74.2534",
    "refcode_1": "Mar",
    "refcode_2": "345",
    "refcode_3": "2",
    "refcode_4": "",
    "refcode_short": "Mar 345.2",
    "refcode_long": "Maranatha, p. 345.2 (Ellen Gould White)",
    "element_type": "p",
    "element_subtype": "standard-indented",
    "content": "As if entranced, the wicked have looked upon the coronation of the Son of God. They see in His hands the tables of the divine law, the statutes which they have despised and transgressed. They witness the outburst of wonder, rapture, and adoration from the saved; and as the wave of melody sweeps over the multitudes without the city, all with one voice exclaim, &ldquo;Great and marvelous are thy works, Lord God Almighty; just and true are thy ways, thou King of saints&rdquo; (<span class=\"egwlink egwlink_bible\" title=\"Revelation 15:3\" data-link=\"1965.63149\">Revelation 15:3</span>); and, falling prostrate, they worship the Prince of life.",
    "puborder": 2208,
    "translations": [
      {
        "para_id": "1768.2794",
        "lang": "es",
        "refcode": "MSV 356.3"
      },
      {
        "para_id": "1776.2483",
        "lang": "es",
        "refcode": "MSV76 343.2"
      },
      {
        "para_id": "12371.2414",
        "lang": "pl",
        "refcode": "Mar 345.2"
      },
      {
        "para_id": "1922.3810",
        "lang": "pt",
        "refcode": "Ma 350.4"
      },
      {
        "para_id": "1828.2517",
        "lang": "ru",
        "refcode": "Мар 345.2"
      },
      {
        "para_id": "12370.2523",
        "lang": "sr",
        "refcode": "Мар 345.2"
      }
    ]
  },
  {
    "para_id": "74.2534",
    "id_prev": "74.2533",
    "id_next": "74.2535",
    "refcode_1": "Mar",
    "refcode_2": "345",
    "refcode_3": "3",
    "refcode_4": "",
    "refcode_short": "Mar 345.3",
    "refcode_long": "Maranatha, p. 345.3 (Ellen Gould White)",
    "element_type": "p",
    "element_subtype": "standard-indented",
    "content": "Satan seems paralyzed as he beholds the glory and majesty of Christ. He who was once a covering cherub remembers whence he has fallen. A shining seraph, &ldquo;son of the morning;&rdquo; how changed, how degraded! From the council where once he was honored, he is forever excluded. He sees another now standing near to the Father, veiling His glory. He has seen the crown placed upon the head of Christ by an angel of lofty stature and majestic presence, and he knows that the exalted position of this angel might have been his.",
    "puborder": 2209,
    "translations": [
      {
        "para_id": "1768.2795",
        "lang": "es",
        "refcode": "MSV 356.4"
      },
      {
        "para_id": "1776.2484",
        "lang": "es",
        "refcode": "MSV76 343.3"
      },
      {
        "para_id": "12371.2414",
        "lang": "pl",
        "refcode": "Mar 345.2"
      },
      {
        "para_id": "1922.3811",
        "lang": "pt",
        "refcode": "Ma 350.5"
      },
      {
        "para_id": "1828.2518",
        "lang": "ru",
        "refcode": "Мар 345.3"
      },
      {
        "para_id": "12370.2524",
        "lang": "sr",
        "refcode": "Мар 345.3"
      }
    ]
  },
  {
    "para_id": "74.2535",
    "id_prev": "74.2534",
    "id_next": "74.2536",
    "refcode_1": "Mar",
    "refcode_2": "345",
    "refcode_3": "4",
    "refcode_4": "",
    "refcode_short": "Mar 345.4",
    "refcode_long": "Maranatha, p. 345.4 (Ellen Gould White)",
    "element_type": "p",
    "element_subtype": "standard-indented",
    "content": "Memory recalls the home of his innocence and purity.... As Satan looks upon his kingdom, the fruit of his toil, he sees only failure and ruin....",
    "puborder": 2210,
    "translations": [
      {
        "para_id": "1768.2796",
        "lang": "es",
        "refcode": "MSV 356.5"
      },
      {
        "para_id": "1776.2485",
        "lang": "es",
        "refcode": "MSV76 343.4"
      },
      {
        "para_id": "12371.2415",
        "lang": "pl",
        "refcode": "Mar 345.3"
      },
      {
        "para_id": "1922.3814",
        "lang": "pt",
        "refcode": "Ma 351.1"
      },
      {
        "para_id": "1828.2519",
        "lang": "ru",
        "refcode": "Мар 345.4"
      },
      {
        "para_id": "12370.2525",
        "lang": "sr",
        "refcode": "Мар 345.4"
      }
    ]
  },
  {
    "para_id": "74.2536",
    "id_prev": "74.2535",
    "id_next": "74.2537",
    "refcode_1": "Mar",
    "refcode_2": "345",
    "refcode_3": "5",
    "refcode_4": "",
    "refcode_short": "Mar 345.5",
    "refcode_long": "Maranatha, p. 345.5 (Ellen Gould White)",
    "element_type": "p",
    "element_subtype": "standard-indented",
    "content": "The time has now come when the rebellion is to be finally defeated and the history and character of Satan disclosed. In his last great effort to dethrone Christ, destroy His people, and take possession of the City of God, the archdeceiver has been fully unmasked. Those who have united with him see the total failure of his cause.... He is the object of universal abhorrence.",
    "puborder": 2211,
    "translations": [
      {
        "para_id": "1776.2485",
        "lang": "es",
        "refcode": "MSV76 343.4"
      },
      {
        "para_id": "1768.2796",
        "lang": "es",
        "refcode": "MSV 356.5"
      },
      {
        "para_id": "12371.2415",
        "lang": "pl",
        "refcode": "Mar 345.3"
      },
      {
        "para_id": "1922.3814",
        "lang": "pt",
        "refcode": "Ma 351.1"
      },
      {
        "para_id": "1828.2520",
        "lang": "ru",
        "refcode": "Мар 345.5"
      },
      {
        "para_id": "12370.2526",
        "lang": "sr",
        "refcode": "Мар 345.5"
      }
    ]
  },
  {
    "para_id": "74.2537",
    "id_prev": "74.2536",
    "id_next": "74.2539",
    "refcode_1": "Mar",
    "refcode_2": "345",
    "refcode_3": "6",
    "refcode_4": "",
    "refcode_short": "Mar 345.6",
    "refcode_long": "Maranatha, p. 345.6 (Ellen Gould White)",
    "element_type": "p",
    "element_subtype": "standard-indented",
    "content": "Satan sees that his voluntary rebellion has unfitted him for heaven. He has trained his powers to war against God; the purity, peace, and harmony of heaven would be to him supreme torture. His accusations against the mercy and justice of God are now silenced. The reproach which he has endeavored to cast upon Jehovah rests wholly upon himself. And now Satan bows down and confesses the justice of his sentence.<sup class=\"bookendnote\"><a class=\"bookendnote\">5<span class=\"bookendnote\"><span class=\"egwlink egwlink_book\" title=\"GC 668\" data-link=\"132.3015\">The Great Controversy, 668-670</span>.</span></a></sup>",
    "puborder": 2212,
    "translations": [
      {
        "para_id": "1768.2799",
        "lang": "es",
        "refcode": "MSV 357.1"
      },
      {
        "para_id": "1776.2486",
        "lang": "es",
        "refcode": "MSV76 343.5"
      },
      {
        "para_id": "12371.2416",
        "lang": "pl",
        "refcode": "Mar 345.4"
      },
      {
        "para_id": "1922.3815",
        "lang": "pt",
        "refcode": "Ma 351.2"
      },
      {
        "para_id": "1828.2521",
        "lang": "ru",
        "refcode": "Мар 345.6"
      },
      {
        "para_id": "12370.2527",
        "lang": "sr",
        "refcode": "Мар 345.6"
      }
    ]
  }
]