[
  {
    "para_id": "74.777",
    "id_prev": "74.775",
    "id_next": "74.778",
    "refcode_1": "Mar",
    "refcode_2": "110",
    "refcode_3": "",
    "refcode_4": "102",
    "refcode_short": "Mar 110",
    "refcode_long": "Maranatha, p. 110 (Ellen Gould White)",
    "element_type": "h3",
    "element_subtype": "",
    "content": "Pathway to Life, April 12",
    "puborder": 679,
    "translations": [
      {
        "para_id": "1776.777",
        "lang": "es",
        "refcode": "MSV76 108"
      },
      {
        "para_id": "1768.871",
        "lang": "es",
        "refcode": "MSV 113"
      },
      {
        "para_id": "12371.742",
        "lang": "pl",
        "refcode": "Mar 110"
      },
      {
        "para_id": "1922.1152",
        "lang": "pt",
        "refcode": "Ma 107"
      },
      {
        "para_id": "1828.768",
        "lang": "ru",
        "refcode": "Мар 110"
      },
      {
        "para_id": "12370.771",
        "lang": "sr",
        "refcode": "Мар 110"
      },
      {
        "para_id": "13796.773",
        "lang": "sw",
        "refcode": "Mar 110"
      }
    ]
  },
  {
    "para_id": "74.778",
    "id_prev": "74.777",
    "id_next": "74.779",
    "refcode_1": "Mar",
    "refcode_2": "110",
    "refcode_3": "1",
    "refcode_4": "",
    "refcode_short": "Mar 110.1",
    "refcode_long": "Maranatha, p. 110.1 (Ellen Gould White)",
    "element_type": "p",
    "element_subtype": "devotionaltext",
    "content": "Enter ye in at the strait gate: for wide is the gate, and broad is the way, that leadeth to destruction, and many there be which go in thereat: because strait is the gate, and narrow is the way, which leadeth unto life, and few there be that find it. <span class=\"egwlink egwlink_bible\" title=\"Matthew 7:13\" data-link=\"1965.47637\">Matthew 7:13, 14</span>.",
    "puborder": 680,
    "translations": [
      {
        "para_id": "1768.872",
        "lang": "es",
        "refcode": "MSV 113.3"
      },
      {
        "para_id": "1776.778",
        "lang": "es",
        "refcode": "MSV76 108.1"
      },
      {
        "para_id": "12371.743",
        "lang": "pl",
        "refcode": "Mar 110.1"
      },
      {
        "para_id": "1922.1153",
        "lang": "pt",
        "refcode": "Ma 107.6"
      },
      {
        "para_id": "1828.769",
        "lang": "ru",
        "refcode": "Мар 110.1"
      },
      {
        "para_id": "12370.772",
        "lang": "sr",
        "refcode": "Мар 110.1"
      },
      {
        "para_id": "13796.774",
        "lang": "sw",
        "refcode": "Mar 110.1"
      }
    ]
  },
  {
    "para_id": "74.779",
    "id_prev": "74.778",
    "id_next": "74.780",
    "refcode_1": "Mar",
    "refcode_2": "110",
    "refcode_3": "2",
    "refcode_4": "",
    "refcode_short": "Mar 110.2",
    "refcode_long": "Maranatha, p. 110.2 (Ellen Gould White)",
    "element_type": "p",
    "element_subtype": "standard-indented",
    "content": "Christ calls upon us to enter the narrow pathway, where every step means a denial of self. He calls upon us to stand upon the platform of eternal truth, and contend, yes, contend earnestly, for the faith once delivered to the saints....",
    "puborder": 681,
    "translations": [
      {
        "para_id": "1776.779",
        "lang": "es",
        "refcode": "MSV76 108.2"
      },
      {
        "para_id": "1768.873",
        "lang": "es",
        "refcode": "MSV 113.4"
      },
      {
        "para_id": "12371.744",
        "lang": "pl",
        "refcode": "Mar 110.2"
      },
      {
        "para_id": "1922.1156",
        "lang": "pt",
        "refcode": "Ma 108.1"
      },
      {
        "para_id": "1828.770",
        "lang": "ru",
        "refcode": "Мар 110.2"
      },
      {
        "para_id": "12370.773",
        "lang": "sr",
        "refcode": "Мар 110.2"
      },
      {
        "para_id": "13796.775",
        "lang": "sw",
        "refcode": "Mar 110.2"
      }
    ]
  },
  {
    "para_id": "74.780",
    "id_prev": "74.779",
    "id_next": "74.781",
    "refcode_1": "Mar",
    "refcode_2": "110",
    "refcode_3": "3",
    "refcode_4": "",
    "refcode_short": "Mar 110.3",
    "refcode_long": "Maranatha, p. 110.3 (Ellen Gould White)",
    "element_type": "p",
    "element_subtype": "standard-indented",
    "content": "As we near the time when principalities and powers and spiritual wickedness in high places will be fully brought into the warfare against the truth, when Satan&apos;s deceptive power will be so great that, if it were possible, he would deceive the very elect, our discernment must be sharpened by divine enlightenment, that we may not be ignorant of Satan&apos;s devices.... By giving us the cooperation of the holy angels, God has made it possible for our work to be ... a glorious success. But success will seldom result from scattered effort. The united influence of all the members of the church is required.",
    "puborder": 682,
    "translations": [
      {
        "para_id": "1776.780",
        "lang": "es",
        "refcode": "MSV76 108.3"
      },
      {
        "para_id": "1768.874",
        "lang": "es",
        "refcode": "MSV 113.5"
      },
      {
        "para_id": "12371.745",
        "lang": "pl",
        "refcode": "Mar 110.3"
      },
      {
        "para_id": "1922.1157",
        "lang": "pt",
        "refcode": "Ma 108.2"
      },
      {
        "para_id": "1828.771",
        "lang": "ru",
        "refcode": "Мар 110.3"
      },
      {
        "para_id": "12370.774",
        "lang": "sr",
        "refcode": "Мар 110.3"
      },
      {
        "para_id": "13796.776",
        "lang": "sw",
        "refcode": "Mar 110.3"
      }
    ]
  },
  {
    "para_id": "74.781",
    "id_prev": "74.780",
    "id_next": "74.782",
    "refcode_1": "Mar",
    "refcode_2": "110",
    "refcode_3": "4",
    "refcode_4": "",
    "refcode_short": "Mar 110.4",
    "refcode_long": "Maranatha, p. 110.4 (Ellen Gould White)",
    "element_type": "p",
    "element_subtype": "standard-indented",
    "content": "The church today needs men who, like Enoch, walk with God, revealing Christ to the world. Church-members need to reach a higher standard. Heavenly messengers are waiting to communicate with those who have sunk self out of sight, whose lives are a fulfilling of the words, &ldquo;I live; yet not I, but Christ liveth in me: and the life which I now live in the flesh I live by the faith of the Son of God, who loved me, and gave himself for me.&rdquo; Of such men and women must the church be composed before her light can shine forth to the world in clear, distinct rays. Our views of the Sun of Righteousness are clouded by self-seeking. Christ is crucified afresh by many who through self-indulgence allow Satan to gain control over them....",
    "puborder": 683,
    "translations": [
      {
        "para_id": "1768.877",
        "lang": "es",
        "refcode": "MSV 114.1"
      },
      {
        "para_id": "1776.781",
        "lang": "es",
        "refcode": "MSV76 108.4"
      },
      {
        "para_id": "12371.746",
        "lang": "pl",
        "refcode": "Mar 110.4"
      },
      {
        "para_id": "1922.1158",
        "lang": "pt",
        "refcode": "Ma 108.3"
      },
      {
        "para_id": "1828.772",
        "lang": "ru",
        "refcode": "Мар 110.4"
      },
      {
        "para_id": "12370.775",
        "lang": "sr",
        "refcode": "Мар 110.4"
      },
      {
        "para_id": "13796.777",
        "lang": "sw",
        "refcode": "Mar 110.4"
      }
    ]
  },
  {
    "para_id": "74.782",
    "id_prev": "74.781",
    "id_next": "74.784",
    "refcode_1": "Mar",
    "refcode_2": "110",
    "refcode_3": "5",
    "refcode_4": "",
    "refcode_short": "Mar 110.5",
    "refcode_long": "Maranatha, p. 110.5 (Ellen Gould White)",
    "element_type": "p",
    "element_subtype": "standard-indented",
    "content": "It is God&apos;s purpose that all shall be tested and tried, that He may see whether they are loyal or disloyal to the laws that govern the kingdom of heaven. To the last, God permits Satan to reveal himself as a liar, an accuser, and a murderer. Thus the final triumph of His people is made more marked, more glorious, more full and complete.<sup class=\"bookendnote\"><a class=\"bookendnote\">26<span class=\"bookendnote\"><span class=\"egwlink egwlink_book\" title=\"RH 12-4-1900\" data-link=\"821.19840\">The Review and Herald, December 4, 1900</span>.</span></a></sup>",
    "puborder": 684,
    "translations": [
      {
        "para_id": "1768.878",
        "lang": "es",
        "refcode": "MSV 114.2"
      },
      {
        "para_id": "1776.782",
        "lang": "es",
        "refcode": "MSV76 108.5"
      },
      {
        "para_id": "12371.747",
        "lang": "pl",
        "refcode": "Mar 110.5"
      },
      {
        "para_id": "1922.1159",
        "lang": "pt",
        "refcode": "Ma 108.4"
      },
      {
        "para_id": "1828.773",
        "lang": "ru",
        "refcode": "Мар 110.5"
      },
      {
        "para_id": "12370.776",
        "lang": "sr",
        "refcode": "Мар 110.5"
      },
      {
        "para_id": "13796.778",
        "lang": "sw",
        "refcode": "Mar 110.5"
      }
    ]
  }
]