[
  {
    "para_id": "14744.68",
    "id_prev": "14744.66",
    "id_next": "14744.69",
    "refcode_1": "JTL13",
    "refcode_2": "5",
    "refcode_3": "",
    "refcode_4": "7",
    "refcode_short": "JTL13 5",
    "refcode_long": "My Journey to Life, Step 13—The Nature of Humanity, p. 5 (Ellen G. White Estate)",
    "element_type": "h3",
    "element_subtype": "",
    "content": "7. How could evolutionary theory potentially impact the biblical view of human nature?",
    "puborder": 60,
    "translations": []
  },
  {
    "para_id": "14744.69",
    "id_prev": "14744.68",
    "id_next": "14744.70",
    "refcode_1": "JTL13",
    "refcode_2": "5",
    "refcode_3": "1",
    "refcode_4": "",
    "refcode_short": "JTL13 5.1",
    "refcode_long": "My Journey to Life, Step 13—The Nature of Humanity, p. 5.1 (Ellen G. White Estate)",
    "element_type": "p",
    "element_subtype": "standard-indented",
    "content": "Since Creation, Satan has sought to weaken confidence in the biblical account of the origins of the human race, the nature of humanity, and the introduction of sin and evil. Today, millions accept the theory of evolution, the &ldquo;natural&rdquo; or mechanistic view of humanity through eons of survival of the fittest, to be the template for human origins. Many Christians do not view the first chapters of Genesis as literal but as allegory or myth, even though such skepticism strikes at the roots of Christianity.",
    "puborder": 61,
    "translations": []
  },
  {
    "para_id": "14744.70",
    "id_prev": "14744.69",
    "id_next": "14744.71",
    "refcode_1": "JTL13",
    "refcode_2": "5",
    "refcode_3": "2",
    "refcode_4": "",
    "refcode_short": "JTL13 5.2",
    "refcode_long": "My Journey to Life, Step 13—The Nature of Humanity, p. 5.2 (Ellen G. White Estate)",
    "element_type": "p",
    "element_subtype": "standard-indented",
    "content": "Really, Christianity and evolution are diametrically opposed to each other. Either our first parents were created in the image of God and experienced a fall into sin, or they did not. If there has been no fall, why would we need Christ to die in our behalf? If we are ever ascending and evolving into something better, why would Calvary and the Second Coming of Christ be necessary?",
    "puborder": 62,
    "translations": []
  },
  {
    "para_id": "14744.71",
    "id_prev": "14744.70",
    "id_next": "14744.72",
    "refcode_1": "JTL13",
    "refcode_2": "5",
    "refcode_3": "3",
    "refcode_4": "",
    "refcode_short": "JTL13 5.3",
    "refcode_long": "My Journey to Life, Step 13—The Nature of Humanity, p. 5.3 (Ellen G. White Estate)",
    "element_type": "p",
    "element_subtype": "standard-indented",
    "content": "Is our planet evolving into something better? Some would say that scientific advances in the past centuries have provided evidence of progressive evolution. But humanity has utterly failed to subdue and control the sinful, selfish heart, and all the scientific progress has only made the world more dangerous, increasing attitudes of nihilism and despair.",
    "puborder": 63,
    "translations": []
  },
  {
    "para_id": "14744.72",
    "id_prev": "14744.71",
    "id_next": "14744.73",
    "refcode_1": "JTL13",
    "refcode_2": "5",
    "refcode_3": "4",
    "refcode_4": "",
    "refcode_short": "JTL13 5.4",
    "refcode_long": "My Journey to Life, Step 13—The Nature of Humanity, p. 5.4 (Ellen G. White Estate)",
    "element_type": "p",
    "element_subtype": "standard-indented",
    "content": "Our only hope rests in Jesus. His incarnation is perfect evidence of God&rsquo;s creative power. If God could bring about this supreme miracle, there is no question as to His ability to form the first Adam. God has not left humankind without hope. The gospel of Christ can free us, restore us, redeem us!",
    "puborder": 64,
    "translations": []
  }
]