[
  {
    "para_id": "983.642",
    "id_prev": "983.641",
    "id_next": "983.643",
    "refcode_1": "COR",
    "refcode_2": "98",
    "refcode_3": "",
    "refcode_4": "",
    "refcode_short": "COR 98",
    "refcode_long": "Christ Our Righteousness, p. 98 (Arthur Grosvenor Daniells)",
    "element_type": "h4",
    "element_subtype": "",
    "content": "Imputed, Then Imparted Righteousness",
    "puborder": 478,
    "translations": []
  },
  {
    "para_id": "983.643",
    "id_prev": "983.642",
    "id_next": "983.644",
    "refcode_1": "COR",
    "refcode_2": "98",
    "refcode_3": "4",
    "refcode_4": "",
    "refcode_short": "COR 98.4",
    "refcode_long": "Christ Our Righteousness, p. 98.4 (Arthur Grosvenor Daniells)",
    "element_type": "p",
    "element_subtype": "standard-indented",
    "content": "Righteousness by Faith, in all its meaning, is comprehended in the following definition:",
    "puborder": 479,
    "translations": []
  },
  {
    "para_id": "983.644",
    "id_prev": "983.643",
    "id_next": "983.645",
    "refcode_1": "COR",
    "refcode_2": "98",
    "refcode_3": "5",
    "refcode_4": "",
    "refcode_short": "COR 98.5",
    "refcode_long": "Christ Our Righteousness, p. 98.5 (Arthur Grosvenor Daniells)",
    "element_type": "p",
    "element_subtype": "standard-indented",
    "content": "&ldquo;The righteousness by which we are <em>justified</em> is <em>imputed</em>. The righteousness by which we are <em>sanctified</em> is <em>imparted</em>. The first is our <em>title to heaven</em>; the second is our <em>fitness for heaven</em>.&rdquo;-<span class=\"egwlink egwlink_book\" title=\"RH 6-4-1895\" data-link=\"821.14260\">The Review and Herald, June 4, 1895</span>.",
    "puborder": 480,
    "translations": []
  },
  {
    "para_id": "983.645",
    "id_prev": "983.644",
    "id_next": "983.646",
    "refcode_1": "COR",
    "refcode_2": "98",
    "refcode_3": "6",
    "refcode_4": "",
    "refcode_short": "COR 98.6",
    "refcode_long": "Christ Our Righteousness, p. 98.6 (Arthur Grosvenor Daniells)",
    "element_type": "p",
    "element_subtype": "standard-indented",
    "content": "Imputed righteousness, by which man is justified from guilt, is the foundation upon which imparted righteousness is bestowed, which sanctifies the life conduct, and provides &ldquo;our fitness for heaven.&rdquo; As to the operation of these living principles, we quote as follows:",
    "puborder": 481,
    "translations": []
  },
  {
    "para_id": "983.646",
    "id_prev": "983.645",
    "id_next": "983.648",
    "refcode_1": "COR",
    "refcode_2": "98",
    "refcode_3": "7",
    "refcode_4": "",
    "refcode_short": "COR 98.7",
    "refcode_long": "Christ Our Righteousness, p. 98.7 (Arthur Grosvenor Daniells)",
    "element_type": "p",
    "element_subtype": "standard-indented",
    "content": "&ldquo;Christ has become our sacrifice and surety. He has become sin for us, that we might become the righteousness of God in Him. Through faith in His name, He imputes unto us His righteousness, and it becomes a living principle in our life.&rdquo;-<span class=\"egwlink egwlink_book\" title=\"RH 7-12-1892\" data-link=\"821.12074\">The Review and Herald, July 12, 1892</span>.",
    "puborder": 482,
    "translations": []
  },
  {
    "para_id": "983.648",
    "id_prev": "983.646",
    "id_next": "983.649",
    "refcode_1": "COR",
    "refcode_2": "99",
    "refcode_3": "1",
    "refcode_4": "",
    "refcode_short": "COR 99.1",
    "refcode_long": "Christ Our Righteousness, p. 99.1 (Arthur Grosvenor Daniells)",
    "element_type": "p",
    "element_subtype": "standard-indented",
    "content": "&ldquo;No repentance is genuine that does not work reformation. The righteousness of Christ is not a cloak to cover unconfessed and unforsaken sin; <em>it is a principle of life that transforms</em> the character and controls the conduct. Holiness is wholeness for God; it is the entire surrender of heart and life to the indwelling of the principles of heaven.&rdquo;-<span class=\"egwlink egwlink_book\" title=\"DA 555.1\" data-link=\"130.2702\">The Desire of Ages, 555</span>.",
    "puborder": 483,
    "translations": []
  },
  {
    "para_id": "983.649",
    "id_prev": "983.648",
    "id_next": "983.650",
    "refcode_1": "COR",
    "refcode_2": "99",
    "refcode_3": "2",
    "refcode_4": "",
    "refcode_short": "COR 99.2",
    "refcode_long": "Christ Our Righteousness, p. 99.2 (Arthur Grosvenor Daniells)",
    "element_type": "p",
    "element_subtype": "standard-indented",
    "content": "&ldquo;Christ imputes to us His sinless character, and presents us to the Father in His own purity. There are many who think that it is impossible to escape from the power of sin, but the promise is that we may be filled with all the fullness of God. We aim too low. The mark is much higher.&rdquo;-<span class=\"egwlink egwlink_book\" title=\"RH 7-12-1892\" data-link=\"821.12074\">The Review and Herald, July 12, 1892</span>.",
    "puborder": 484,
    "translations": []
  },
  {
    "para_id": "983.650",
    "id_prev": "983.649",
    "id_next": "983.651",
    "refcode_1": "COR",
    "refcode_2": "99",
    "refcode_3": "3",
    "refcode_4": "",
    "refcode_short": "COR 99.3",
    "refcode_long": "Christ Our Righteousness, p. 99.3 (Arthur Grosvenor Daniells)",
    "element_type": "p",
    "element_subtype": "standard-indented",
    "content": "&ldquo;Jesus is our great High Priest in heaven. And what is He doing? He is making intercession and atonement for His people who believe in Him. Through His imputed righteousness, they are accepted of God as those who are manifesting to the world that they acknowledge allegiance to God, keeping all His commandments.&rdquo;-<span class=\"egwlink egwlink_book\" title=\"RH 8-22-1893\" data-link=\"821.12976\">The Review and Herald, August 22, 1893</span>.",
    "puborder": 485,
    "translations": []
  },
  {
    "para_id": "983.651",
    "id_prev": "983.650",
    "id_next": "983.652",
    "refcode_1": "COR",
    "refcode_2": "99",
    "refcode_3": "4",
    "refcode_4": "",
    "refcode_short": "COR 99.4",
    "refcode_long": "Christ Our Righteousness, p. 99.4 (Arthur Grosvenor Daniells)",
    "element_type": "p",
    "element_subtype": "standard-indented",
    "content": "&ldquo;In the religion of Christ there is a <em>regenerating influence that transforms the entire being</em>, lifting man above every debasing, groveling vice, and raising the thoughts and desires toward God and heaven. Linked to the Infinite One, man is made partaker of the divine nature. Upon him the shafts of evil have no effect; for he is clothed with the <em>panoply of Christ&rsquo;s righteousness</em>.&rdquo;-<span class=\"egwlink egwlink_book\" title=\"CT 51.1\" data-link=\"23.213\">Counsels to Teachers, 51, 52</span>.",
    "puborder": 486,
    "translations": []
  },
  {
    "para_id": "983.652",
    "id_prev": "983.651",
    "id_next": "983.655",
    "refcode_1": "COR",
    "refcode_2": "99",
    "refcode_3": "5",
    "refcode_4": "",
    "refcode_short": "COR 99.5",
    "refcode_long": "Christ Our Righteousness, p. 99.5 (Arthur Grosvenor Daniells)",
    "element_type": "p",
    "element_subtype": "standard-indented",
    "content": "&ldquo;When the soul surrenders itself to Christ, a new <span class=\"page-break\" data-page=\"100\"></span> power takes possession of the new heart. A change is wrought which man can never accomplish for himself. It is a supernatural work, bringing a supernatural element into human nature. The soul that is yielded to Christ, becomes His own fortress, which He holds in a revolted world, and He intends that no authority shall be known in it but His own. A soul thus kept in possession by the heavenly agencies, is impregnable to the assaults of Satan. But unless we do yield ourselves to the control of Christ, we shall be dominated by the wicked one. We must inevitably be under the control of the one or the other of the two great powers that are contending for the supremacy of the world.",
    "puborder": 487,
    "translations": []
  },
  {
    "para_id": "983.655",
    "id_prev": "983.652",
    "id_next": "983.658",
    "refcode_1": "COR",
    "refcode_2": "100",
    "refcode_3": "1",
    "refcode_4": "",
    "refcode_short": "COR 100.1",
    "refcode_long": "Christ Our Righteousness, p. 100.1 (Arthur Grosvenor Daniells)",
    "element_type": "p",
    "element_subtype": "standard-indented",
    "content": "&ldquo;It is not necessary for us deliberately to choose the service of the kingdom of darkness in order to come under its dominion. We have only to neglect to ally ourselves with the kingdom of light. If we do not co-operate with the heavenly agencies, Satan will take possession of the heart, and will make it his abiding place. The only defense against evil is the indwelling of Christ in the heart through faith in His righteousness. Unless we become vitally connected with God, we can never resist the unhallowed effects of self-love, self-indulgence, and temptation to sin. We may leave off many bad habits, for the time we may part company with Satan; but without a vital connection with God, through the surrender of ourselves to Him moment by moment, we shall be overcome. Without a personal acquaintance with Christ, and a continual communion, we are at the mercy of the <span class=\"page-break\" data-page=\"101\"></span> enemy, and shall do his bidding in the end.&rdquo;-<span class=\"egwlink egwlink_book\" title=\"DA 323.1\" data-link=\"130.1549\">The Desire of Ages, 323, 324</span>.",
    "puborder": 488,
    "translations": []
  }
]