[
  {
    "para_id": "983.196",
    "id_prev": "983.195",
    "id_next": "983.197",
    "refcode_1": "COR",
    "refcode_2": "36",
    "refcode_3": "",
    "refcode_4": "",
    "refcode_short": "COR 36",
    "refcode_long": "Christ Our Righteousness, p. 36 (Arthur Grosvenor Daniells)",
    "element_type": "h4",
    "element_subtype": "",
    "content": "A Startling Message",
    "puborder": 136,
    "translations": []
  },
  {
    "para_id": "983.197",
    "id_prev": "983.196",
    "id_next": "983.198",
    "refcode_1": "COR",
    "refcode_2": "36",
    "refcode_3": "2",
    "refcode_4": "",
    "refcode_short": "COR 36.2",
    "refcode_long": "Christ Our Righteousness, p. 36.2 (Arthur Grosvenor Daniells)",
    "element_type": "p",
    "element_subtype": "standard-indented",
    "content": "Following the pointing out of the only true way, there came a startling message that must have been designed of the Lord to lead His people to sense their peril and step quickly into the way of security:",
    "puborder": 137,
    "translations": []
  },
  {
    "para_id": "983.198",
    "id_prev": "983.197",
    "id_next": "983.199",
    "refcode_1": "COR",
    "refcode_2": "36",
    "refcode_3": "3",
    "refcode_4": "",
    "refcode_short": "COR 36.3",
    "refcode_long": "Christ Our Righteousness, p. 36.3 (Arthur Grosvenor Daniells)",
    "element_type": "p",
    "element_subtype": "standard-indented",
    "content": "&ldquo;The solemn question should come home to every member of our churches, How are we standing before God, as the professed followers of Jesus Christ? Is our light shining forth to the world in clear, steady rays? Have we, as a people, solemnly dedicated to God, preserved our union with the Source of all light? Are not the symptoms of decay and declension painfully visible in the midst of the Christian churches of today? Spiritual death has come upon the people that should be manifesting life and zeal, purity and consecration, by the most earnest devotion to the cause of truth. The facts concerning the real condition of the professed people of God, speak more loudly than their profession, and make it evident that some power has cut the cable that anchored them to the Eternal Rock, and that they are drifting away to sea, without chart or compass.&rdquo;-<span class=\"egwlink egwlink_book\" title=\"RH 7-24-1888\" data-link=\"821.9027\">The Review and Herald, July 24, 1888</span>.",
    "puborder": 138,
    "translations": []
  },
  {
    "para_id": "983.199",
    "id_prev": "983.198",
    "id_next": "983.202",
    "refcode_1": "COR",
    "refcode_2": "36",
    "refcode_3": "4",
    "refcode_4": "",
    "refcode_short": "COR 36.4",
    "refcode_long": "Christ Our Righteousness, p. 36.4 (Arthur Grosvenor Daniells)",
    "element_type": "p",
    "element_subtype": "standard-indented",
    "content": "Some power, it is declared, had cut the cable <span class=\"page-break\" data-page=\"37\"></span> that anchored the church to the Eternal Rock, and its members were drifting away to sea without chart or compass. What situation could be more alarming than this? What more convincing reason could be given to show the need of turning with all the heart to Him who alone is able to hold us fast?",
    "puborder": 139,
    "translations": []
  }
]