[
  {
    "para_id": "750.33",
    "id_prev": "750.32",
    "id_next": "750.34",
    "refcode_1": "EGWATHW",
    "refcode_2": "3",
    "refcode_3": "",
    "refcode_4": "",
    "refcode_short": "EGWATHW 3",
    "refcode_long": "Ellen G. White’s Attitude Toward Her Work, p. 3 (Ellen Gould White)",
    "element_type": "h3",
    "element_subtype": "",
    "content": "9. Was Ellen G. White a Prophet&mdash;A Messenger with a Message?",
    "puborder": 27,
    "translations": []
  },
  {
    "para_id": "750.34",
    "id_prev": "750.33",
    "id_next": "750.35",
    "refcode_1": "EGWATHW",
    "refcode_2": "3",
    "refcode_3": "2",
    "refcode_4": "",
    "refcode_short": "EGWATHW 3.2",
    "refcode_long": "Ellen G. White’s Attitude Toward Her Work, p. 3.2 (Ellen Gould White)",
    "element_type": "p",
    "element_subtype": "standard-indented",
    "content": "&ldquo;Some have stumbled over the fact that I said I did not claim to be a prophet; <sup class=\"footnote\"><a class=\"footnote\">1<span class=\"footnote\">Note: Reference is here made to a discourse given at Battle Creek, Oct. 2, 1904, in which she said, &ldquo;I do not claim to be a prophetess.&rdquo;</span></a></sup> and they have asked, Why is this?",
    "puborder": 28,
    "translations": []
  },
  {
    "para_id": "750.35",
    "id_prev": "750.34",
    "id_next": "750.36",
    "refcode_1": "EGWATHW",
    "refcode_2": "3",
    "refcode_3": "3",
    "refcode_4": "",
    "refcode_short": "EGWATHW 3.3",
    "refcode_long": "Ellen G. White’s Attitude Toward Her Work, p. 3.3 (Ellen Gould White)",
    "element_type": "p",
    "element_subtype": "standard-indented",
    "content": "&ldquo;I have had no claims to make, only that <em>I am instructed that I am the Lord&rsquo;s messenger;</em> that He called me in my youth to be His messenger, to receive His word, and to give a clear and decided message in the name of the Lord Jesus.",
    "puborder": 29,
    "translations": []
  },
  {
    "para_id": "750.36",
    "id_prev": "750.35",
    "id_next": "750.37",
    "refcode_1": "EGWATHW",
    "refcode_2": "3",
    "refcode_3": "4",
    "refcode_4": "",
    "refcode_short": "EGWATHW 3.4",
    "refcode_long": "Ellen G. White’s Attitude Toward Her Work, p. 3.4 (Ellen Gould White)",
    "element_type": "p",
    "element_subtype": "standard-indented",
    "content": "&ldquo;Early in my youth I was asked several times, Are you a prophet? I have ever responded, I am the Lord&rsquo;s messenger. I know that many have called me a prophet, but I have made no claim to this title. My Saviour declared me to be His messenger....",
    "puborder": 30,
    "translations": []
  },
  {
    "para_id": "750.37",
    "id_prev": "750.36",
    "id_next": "750.38",
    "refcode_1": "EGWATHW",
    "refcode_2": "3",
    "refcode_3": "5",
    "refcode_4": "",
    "refcode_short": "EGWATHW 3.5",
    "refcode_long": "Ellen G. White’s Attitude Toward Her Work, p. 3.5 (Ellen Gould White)",
    "element_type": "p",
    "element_subtype": "standard-indented",
    "content": "&ldquo;Why have I not claimed to be a prophet?&mdash;Because in these days many who boldly claim that they are prophets are a reproach to the cause of Christ; and because my work includes much more than the word &lsquo;prophet&rsquo; signifies.&rdquo;&mdash;<span class=\"egwlink egwlink_book\" title=\"RH 7-26-1906\" data-link=\"821.26990\">The Review and Herald, July 26, 1906</span>. In <span class=\"egwlink egwlink_book\" title=\"1SM 31.1\" data-link=\"98.133\">Selected Messages 1:31, 32</span>.",
    "puborder": 31,
    "translations": []
  },
  {
    "para_id": "750.38",
    "id_prev": "750.37",
    "id_next": "750.39",
    "refcode_1": "EGWATHW",
    "refcode_2": "3",
    "refcode_3": "6",
    "refcode_4": "",
    "refcode_short": "EGWATHW 3.6",
    "refcode_long": "Ellen G. White’s Attitude Toward Her Work, p. 3.6 (Ellen Gould White)",
    "element_type": "p",
    "element_subtype": "standard-indented",
    "content": "<em>W. C. White&rsquo;s statement regarding E. G. White&rsquo;s work:</em> &ldquo;As regards Mother&rsquo;s being a prophetess: There is no doubt in her mind or the mind of any of her family or helpers, but that she is a prophet of the Lord. But Mother takes the same position regarding this matter as did John the Baptist. Please read the first chapter of the Gospel of John, <span class=\"egwlink egwlink_bible\" title=\"Isaiah 8:19\" data-link=\"1965.36365\">verses 19-23</span>, and you will observe that John, in his modesty, said he was not Elias nor that prophet. He said: &lsquo;I am a voice of one crying in the wilderness, make straight the way of the Lord.&rsquo; But we learn from the words of Christ that John was the Elias, and a prophet. Mother says of her work: &lsquo;I do not care to be called a prophet. I am a messenger with a message.&rsquo; But she has never said that she was not a prophet.&rdquo;&mdash;W. C. White letter to Mr. J. J. Gorrell, May 13, 1904.",
    "puborder": 32,
    "translations": []
  }
]