[
  {
    "para_id": "14027.268",
    "id_prev": "14027.267",
    "id_next": "14027.269",
    "refcode_1": "SHM-SG",
    "refcode_2": "34",
    "refcode_3": "",
    "refcode_4": "27",
    "refcode_short": "SHM-SG 34",
    "refcode_long": "The Story of Our Health Message -- Study Guide, p. 34 (Ellen G. White Estate)",
    "element_type": "h3",
    "element_subtype": "",
    "content": "&ldquo;Final Steps in Separation&rdquo; (<span class=\"egwlink egwlink_book\" title=\"SHM 312.1\" data-link=\"2738.1956\">312-328</span>)",
    "puborder": 233,
    "translations": []
  },
  {
    "para_id": "14027.269",
    "id_prev": "14027.268",
    "id_next": "14027.270",
    "refcode_1": "SHM-SG",
    "refcode_2": "34",
    "refcode_3": "2",
    "refcode_4": "",
    "refcode_short": "SHM-SG 34.2",
    "refcode_long": "The Story of Our Health Message -- Study Guide, p. 34.2 (Ellen G. White Estate)",
    "element_type": "p",
    "element_subtype": "standard-indented",
    "content": "1. At the 1899 General Conference several messages from Ellen White in Australia especially for the Conference, warning against Dr. Kellogg&rsquo;s pantheistic teachings, were read: &ldquo;__________________ is not God and never was God. The voice of nature testifies of God, declaring His __________________; but nature itself is not God. As God&rsquo;s __________________ __________________, it but bears a __________________ of His __________________. . . . Christ came to the __________________ as a __________________ Saviour. He represented a __________________ God.&rdquo; (<span class=\"egwlink egwlink_book\" title=\"SHM 312.1\" data-link=\"2738.1956\">312</span>)",
    "puborder": 234,
    "translations": []
  },
  {
    "para_id": "14027.270",
    "id_prev": "14027.269",
    "id_next": "14027.271",
    "refcode_1": "SHM-SG",
    "refcode_2": "34",
    "refcode_3": "3",
    "refcode_4": "",
    "refcode_short": "SHM-SG 34.3",
    "refcode_long": "The Story of Our Health Message -- Study Guide, p. 34.3 (Ellen G. White Estate)",
    "element_type": "p",
    "element_subtype": "standard-indented",
    "content": "2. At this session Dr. Kellogg presented pantheistic teachings that were at first unrecognized as such. Note the following: (<span class=\"egwlink egwlink_book\" title=\"SHM 314.1\" data-link=\"2738.1969\">314</span>)<br />\r\nRighteousness<br />\r\nJustification<br />\r\nHealth Reform",
    "puborder": 235,
    "translations": []
  },
  {
    "para_id": "14027.271",
    "id_prev": "14027.270",
    "id_next": "14027.272",
    "refcode_1": "SHM-SG",
    "refcode_2": "34",
    "refcode_3": "4",
    "refcode_4": "",
    "refcode_short": "SHM-SG 34.4",
    "refcode_long": "The Story of Our Health Message -- Study Guide, p. 34.4 (Ellen G. White Estate)",
    "element_type": "p",
    "element_subtype": "standard-indented",
    "content": "3. What series of events caused pantheism to threaten to disrupt the church? (<span class=\"egwlink egwlink_book\" title=\"SHM 317.1\" data-link=\"2738.1995\">317</span>)<br />\r\n<br />",
    "puborder": 236,
    "translations": []
  },
  {
    "para_id": "14027.272",
    "id_prev": "14027.271",
    "id_next": "14027.274",
    "refcode_1": "SHM-SG",
    "refcode_2": "34",
    "refcode_3": "5",
    "refcode_4": "",
    "refcode_short": "SHM-SG 34.5",
    "refcode_long": "The Story of Our Health Message -- Study Guide, p. 34.5 (Ellen G. White Estate)",
    "element_type": "p",
    "element_subtype": "standard-indented",
    "content": "4. Mrs. White warned regarding plans for rebuilding the burned-out sanitarium:<br />\r\n&ldquo;Last night I was __________________ to tell you that the __________________ you are making in Battle Creek is not after God&rsquo;s __________________. You are __________________ to build in Battle Creek a __________________ than should be erected there.&rdquo; (<span class=\"egwlink egwlink_book\" title=\"SHM 318.1\" data-link=\"2738.2001\">318</span>)",
    "puborder": 237,
    "translations": []
  },
  {
    "para_id": "14027.274",
    "id_prev": "14027.272",
    "id_next": "14027.275",
    "refcode_1": "SHM-SG",
    "refcode_2": "35",
    "refcode_3": "1",
    "refcode_4": "",
    "refcode_short": "SHM-SG 35.1",
    "refcode_long": "The Story of Our Health Message -- Study Guide, p. 35.1 (Ellen G. White Estate)",
    "element_type": "p",
    "element_subtype": "standard-indented",
    "content": "5. In his writing of the book ____________________________________ Dr. Kellogg again promoted his pantheistic teachings. (<span class=\"egwlink egwlink_book\" title=\"SHM 319.1\" data-link=\"2738.2008\">319</span>) How did Ellen White work to heal the breach that was developing between the medical missionary work and the church at the 1903 General Conference? (<span class=\"egwlink egwlink_book\" title=\"SHM 321.1\" data-link=\"2738.2019\">321</span>)",
    "puborder": 238,
    "translations": []
  },
  {
    "para_id": "14027.275",
    "id_prev": "14027.274",
    "id_next": "14027.276",
    "refcode_1": "SHM-SG",
    "refcode_2": "35",
    "refcode_3": "2",
    "refcode_4": "",
    "refcode_short": "SHM-SG 35.2",
    "refcode_long": "The Story of Our Health Message -- Study Guide, p. 35.2 (Ellen G. White Estate)",
    "element_type": "p",
    "element_subtype": "standard-indented",
    "content": "6. At the __________________ Autumn Council in Washington, D.C., where the __________________ and __________________ Publishing Co. and the __________________ headquarters had been moved, Dr. Kellogg&rsquo;s book ___________________________________ was a topic of controversy. Writing from California, Mrs. White warned regarding pantheism: &ldquo;Those __________________, followed to their logical __________________ sweep away the whole ____________ ______________. . . . They make of __________________ the truth of ____________________ origin, and rob the __________________ of God of their past __________________, giving them instead a __________________.&rdquo; (<span class=\"egwlink egwlink_book\" title=\"SHM 323.1\" data-link=\"2738.2030\">323</span>)",
    "puborder": 239,
    "translations": []
  },
  {
    "para_id": "14027.276",
    "id_prev": "14027.275",
    "id_next": "14027.277",
    "refcode_1": "SHM-SG",
    "refcode_2": "35",
    "refcode_3": "3",
    "refcode_4": "",
    "refcode_short": "SHM-SG 35.3",
    "refcode_long": "The Story of Our Health Message -- Study Guide, p. 35.3 (Ellen G. White Estate)",
    "element_type": "p",
    "element_subtype": "standard-indented",
    "content": "7. What is the effect of a theory that makes God so large that He cannot sit upon His throne? (<span class=\"egwlink egwlink_book\" title=\"SHM 324.1\" data-link=\"2738.2036\">324</span>)<br />\r\n<br />",
    "puborder": 240,
    "translations": []
  },
  {
    "para_id": "14027.277",
    "id_prev": "14027.276",
    "id_next": "14027.278",
    "refcode_1": "SHM-SG",
    "refcode_2": "35",
    "refcode_3": "4",
    "refcode_4": "",
    "refcode_short": "SHM-SG 35.4",
    "refcode_long": "The Story of Our Health Message -- Study Guide, p. 35.4 (Ellen G. White Estate)",
    "element_type": "p",
    "element_subtype": "standard-indented",
    "content": "8. The outstanding causes of the final separation of Dr. Kellogg from the church were the questions of ____________________________________ and ____________________________________. (<span class=\"egwlink egwlink_book\" title=\"SHM 325.1\" data-link=\"2738.2041\">325</span>)",
    "puborder": 241,
    "translations": []
  },
  {
    "para_id": "14027.278",
    "id_prev": "14027.277",
    "id_next": "14027.280",
    "refcode_1": "SHM-SG",
    "refcode_2": "35",
    "refcode_3": "5",
    "refcode_4": "",
    "refcode_short": "SHM-SG 35.5",
    "refcode_long": "The Story of Our Health Message -- Study Guide, p. 35.5 (Ellen G. White Estate)",
    "element_type": "p",
    "element_subtype": "standard-indented",
    "content": "9. By the year 1906 the medical superintendent of the Battle Creek Sanitarium was declaring that &ldquo;The __________________ does not own the __________________ and never can __________________ it, for it belongs to the __________________.&rdquo; (<span class=\"egwlink egwlink_book\" title=\"SHM 328.1\" data-link=\"2738.2057\">328</span>)",
    "puborder": 242,
    "translations": []
  }
]