[
  {
    "para_id": "932.3788",
    "id_prev": "932.3787",
    "id_next": "932.3789",
    "refcode_1": "HBS",
    "refcode_2": "490",
    "refcode_3": "",
    "refcode_4": "",
    "refcode_short": "HBS 490",
    "refcode_long": "Handbook for Bible Students, p. 490 (General Conference of SDA)",
    "element_type": "h4",
    "element_subtype": "",
    "content": "2 CHRONICLES",
    "puborder": 2996,
    "translations": []
  },
  {
    "para_id": "932.3789",
    "id_prev": "932.3788",
    "id_next": "932.3790",
    "refcode_1": "HBS",
    "refcode_2": "490",
    "refcode_3": "",
    "refcode_4": "",
    "refcode_short": "HBS 490",
    "refcode_long": "Handbook for Bible Students, p. 490 (General Conference of SDA)",
    "element_type": "table",
    "element_subtype": "table1",
    "content": "\n<tr><td>12:2-12</td><td align=\"right\">289</td></tr>\n<tr><td>15:2</td><td align=\"right\">37</td></tr>\n<tr><td>20:3</td><td align=\"right\">184</td></tr>\n<tr><td>21:16, 17</td><td align=\"right\">289</td></tr>\n<tr><td>24:15</td><td align=\"right\">279</td></tr>\n<tr><td>26:22</td><td align=\"right\">279</td></tr>\n<tr><td>28</td><td align=\"right\">289</td></tr>\n<tr><td>30:2</td><td align=\"right\">70</td></tr>\n<tr><td>31:1</td><td align=\"right\">249</td></tr>\n<tr><td>32:30</td><td align=\"right\">465</td></tr>\n<tr><td>32:32</td><td align=\"right\">279</td></tr>\n<tr><td>36:4</td><td align=\"right\">204</td></tr>\n<tr><td>36:6, 7, 10, 17-20</td><td align=\"right\">289</td></tr>\n<tr><td>36:22</td><td align=\"right\">149</td></tr>\n",
    "puborder": 2997,
    "translations": []
  }
]