[
  {
    "para_id": "1977.1562",
    "id_prev": "1977.1561",
    "id_next": "1977.1563",
    "refcode_1": "HH",
    "refcode_2": "177",
    "refcode_3": "",
    "refcode_4": "106",
    "refcode_short": "HH 177",
    "refcode_long": "Humble Hero, p. 177 (Ellen Gould White)",
    "element_type": "h4",
    "element_subtype": "",
    "content": "Life in the Word",
    "puborder": 1277,
    "translations": []
  },
  {
    "para_id": "1977.1563",
    "id_prev": "1977.1562",
    "id_next": "1977.1564",
    "refcode_1": "HH",
    "refcode_2": "177",
    "refcode_3": "6",
    "refcode_4": "",
    "refcode_short": "HH 177.6",
    "refcode_long": "Humble Hero, p. 177.6 (Ellen Gould White)",
    "element_type": "p",
    "element_subtype": "standard-indented",
    "content": "The life of Christ that gives life to the world is in His word. By His word Jesus healed disease and cast out demons; by His word He stilled the sea and raised the dead. The whole Bible is a revelation of Christ, and the Savior wanted to fasten the faith of His followers on the Word. When His visible presence would be withdrawn, the Word must be the source of their power.",
    "puborder": 1278,
    "translations": []
  },
  {
    "para_id": "1977.1564",
    "id_prev": "1977.1563",
    "id_next": "1977.1565",
    "refcode_1": "HH",
    "refcode_2": "177",
    "refcode_3": "7",
    "refcode_4": "",
    "refcode_short": "HH 177.7",
    "refcode_long": "Humble Hero, p. 177.7 (Ellen Gould White)",
    "element_type": "p",
    "element_subtype": "standard-indented",
    "content": "As food sustains our physical life, so the Word of God sustains our spiritual life. As we must eat for ourselves, so we must receive the Word for ourselves. We should carefully study the Bible, asking God for the Holy Spirit&rsquo;s aid so that we may understand His Word. We should take one verse, discover the thought God has put in that verse for us, and dwell on the thought until it becomes our own.",
    "puborder": 1279,
    "translations": []
  },
  {
    "para_id": "1977.1565",
    "id_prev": "1977.1564",
    "id_next": "1977.1566",
    "refcode_1": "HH",
    "refcode_2": "177",
    "refcode_3": "8",
    "refcode_4": "",
    "refcode_short": "HH 177.8",
    "refcode_long": "Humble Hero, p. 177.8 (Ellen Gould White)",
    "element_type": "p",
    "element_subtype": "standard-indented",
    "content": "In His promises and warnings, Jesus means me. God so loved the world that He gave His Son, that <em>I</em> by believing in Him might not perish, but have everlasting life. The experiences related in God&rsquo;s Word are to be <em>my</em> experiences. Prayer and promise are <em>mine</em>. &ldquo;I have been crucified with Christ; it is no longer I who live, but Christ lives in me; and the life which I now live in the flesh I live by faith in the Son of God, who loved me and gave Himself for me.&rdquo; <span class=\"egwlink egwlink_bible\" title=\"Galatians 2:20\" data-link=\"1965.59346\">Galatians 2:20</span>. As faith thus absorbs the principles of truth, they become a part of the being and the ruling power of the life. The Word molds the thoughts and enters into the development of character.",
    "puborder": 1280,
    "translations": []
  },
  {
    "para_id": "1977.1566",
    "id_prev": "1977.1565",
    "id_next": "1977.1569",
    "refcode_1": "HH",
    "refcode_2": "177",
    "refcode_3": "9",
    "refcode_4": "",
    "refcode_short": "HH 177.9",
    "refcode_long": "Humble Hero, p. 177.9 (Ellen Gould White)",
    "element_type": "p",
    "element_subtype": "standard-indented",
    "content": "God will make precious revelations to His hungering, thirsting people. As they feed on His Word, they <span class=\"page-break\" data-page=\"178\"></span> find it is spirit and life. The Word destroys the natural, earthly nature and gives a new life in Christ. The Holy Spirit comes as a Comforter. By God&rsquo;s grace, the disciple becomes a new creature. Love takes the place of hatred, and the heart receives the divine likeness. This is eating the Bread that comes down from heaven.",
    "puborder": 1281,
    "translations": []
  },
  {
    "para_id": "1977.1569",
    "id_prev": "1977.1566",
    "id_next": "1977.1570",
    "refcode_1": "HH",
    "refcode_2": "178",
    "refcode_3": "1",
    "refcode_4": "",
    "refcode_short": "HH 178.1",
    "refcode_long": "Humble Hero, p. 178.1 (Ellen Gould White)",
    "element_type": "p",
    "element_subtype": "standard-indented",
    "content": "Christ knew the character of those who claimed to be His disciples, and His words tested their faith. He declared that they were to believe and act on His teaching and be molded in His character. This involved relinquishing their cherished ambitions. It required complete surrender to Jesus. They were called to become self-sacrificing, meek and humble in heart, to walk in the narrow path traveled by the Man of Calvary.",
    "puborder": 1282,
    "translations": []
  }
]