[
  {
    "para_id": "1977.784",
    "id_prev": "1977.783",
    "id_next": "1977.785",
    "refcode_1": "HH",
    "refcode_2": "87",
    "refcode_3": "",
    "refcode_4": "55",
    "refcode_short": "HH 87",
    "refcode_long": "Humble Hero, p. 87 (Ellen Gould White)",
    "element_type": "h4",
    "element_subtype": "",
    "content": "Meaningless Requirements",
    "puborder": 641,
    "translations": []
  },
  {
    "para_id": "1977.785",
    "id_prev": "1977.784",
    "id_next": "1977.786",
    "refcode_1": "HH",
    "refcode_2": "87",
    "refcode_3": "6",
    "refcode_4": "",
    "refcode_short": "HH 87.6",
    "refcode_long": "Humble Hero, p. 87.6 (Ellen Gould White)",
    "element_type": "p",
    "element_subtype": "standard-indented",
    "content": "The Jews had so perverted the law with meaningless requirements that they made it a yoke of slavery and made observing it an intolerable burden. A Jew was not allowed to kindle a fire nor even light a candle on the Sabbath. As a result, the people were dependent on the Gentiles for many services that their rulers told them they must not do for themselves. They thought salvation was restricted to the Jews, and that since others were already beyond hope, doing these forbidden things would not make matters worse for them. But God has given no commandments that cannot be obeyed by everyone.",
    "puborder": 642,
    "translations": []
  },
  {
    "para_id": "1977.786",
    "id_prev": "1977.785",
    "id_next": "1977.789",
    "refcode_1": "HH",
    "refcode_2": "87",
    "refcode_3": "7",
    "refcode_4": "",
    "refcode_short": "HH 87.7",
    "refcode_long": "Humble Hero, p. 87.7 (Ellen Gould White)",
    "element_type": "p",
    "element_subtype": "standard-indented",
    "content": "In the temple, Jesus met the man who had been healed. He had come to bring a sin offering and also a thank offering for the great mercy he had received. Jesus made Himself known to him. The healed man was overjoyed to meet his Deliverer. Not knowing <span class=\"page-break\" data-page=\"88\"></span> how they hated Jesus, he told the Pharisees that He was the One who had performed the cure. &ldquo;For this reason the Jews persecuted Jesus, and sought to kill Him, because He had done these things on the Sabbath.&rdquo;",
    "puborder": 643,
    "translations": []
  },
  {
    "para_id": "1977.789",
    "id_prev": "1977.786",
    "id_next": "1977.790",
    "refcode_1": "HH",
    "refcode_2": "88",
    "refcode_3": "1",
    "refcode_4": "",
    "refcode_short": "HH 88.1",
    "refcode_long": "Humble Hero, p. 88.1 (Ellen Gould White)",
    "element_type": "p",
    "element_subtype": "standard-indented",
    "content": "Jesus was brought before the Sanhedrin to answer the charge of Sabbath breaking. If the Jews had been an independent nation, such a charge would have served their purpose to put Him to death. But their accusations against Christ would have no weight in a Roman court. They hoped, however, to accomplish other goals. Christ was gaining an influence greater than their own, and many who were not interested in the rantings of the rabbis were attracted to His teaching. He spoke of God not as an avenging judge, but as a tender Father. By His words and works of mercy, He was breaking the oppressive power of human commandments and was presenting the love of God.",
    "puborder": 644,
    "translations": []
  }
]