[
  {
    "para_id": "1977.2145",
    "id_prev": "1977.2143",
    "id_next": "1977.3432",
    "refcode_1": "HH",
    "refcode_2": "248",
    "refcode_3": "",
    "refcode_4": "59",
    "refcode_short": "HH 248",
    "refcode_long": "Humble Hero, p. 248 (Ellen Gould White)",
    "element_type": "h3",
    "element_subtype": "",
    "content": "Priests and Rulers Continue Plotting",
    "puborder": 1761,
    "translations": []
  },
  {
    "para_id": "1977.3432",
    "id_prev": "1977.2145",
    "id_next": "1977.2146",
    "refcode_1": "HH",
    "refcode_2": "248",
    "refcode_3": "",
    "refcode_4": "",
    "refcode_short": "",
    "refcode_long": "",
    "element_type": "p",
    "element_subtype": "bibletext",
    "content": "<span class=\"non-egw-comment\">This chapter is based on <span class=\"egwlink egwlink_bible\" title=\"John 11:47\" data-link=\"1965.54194\">John 11:47-54</span>.</span>",
    "puborder": 1762,
    "translations": []
  },
  {
    "para_id": "1977.2146",
    "id_prev": "1977.3432",
    "id_next": "1977.2147",
    "refcode_1": "HH",
    "refcode_2": "248",
    "refcode_3": "1",
    "refcode_4": "",
    "refcode_short": "HH 248.1",
    "refcode_long": "Humble Hero, p. 248.1 (Ellen Gould White)",
    "element_type": "p",
    "element_subtype": "standard-indented",
    "content": "News of the raising of Lazarus soon arrived at Jerusalem. Spies quickly supplied the Jewish rulers with the facts. They called a meeting of the Sanhedrin at once to decide what to do. This mighty miracle was the crowning evidence God offered that He had sent His Son into the world for their salvation. It was a demonstration of divine power sufficient to convince every mind that was under the control of reason and an enlightened conscience.",
    "puborder": 1763,
    "translations": []
  },
  {
    "para_id": "1977.2147",
    "id_prev": "1977.2146",
    "id_next": "1977.2148",
    "refcode_1": "HH",
    "refcode_2": "248",
    "refcode_3": "2",
    "refcode_4": "",
    "refcode_short": "HH 248.2",
    "refcode_long": "Humble Hero, p. 248.2 (Ellen Gould White)",
    "element_type": "p",
    "element_subtype": "standard-indented",
    "content": "But the priests were only enraged by this new miracle. Jesus had raised the dead in the full light of day and before a crowd of witnesses. No trick could explain away such evidence. For this reason the priests were more determined than ever to put a stop to Christ&rsquo;s work.",
    "puborder": 1764,
    "translations": []
  },
  {
    "para_id": "1977.2148",
    "id_prev": "1977.2147",
    "id_next": "1977.2149",
    "refcode_1": "HH",
    "refcode_2": "248",
    "refcode_3": "3",
    "refcode_4": "",
    "refcode_short": "HH 248.3",
    "refcode_long": "Humble Hero, p. 248.3 (Ellen Gould White)",
    "element_type": "p",
    "element_subtype": "standard-indented",
    "content": "The Sadducees had not been so full of hatred toward Christ as the Pharisees were, but now they were thoroughly alarmed. They did not believe in a resurrection of the dead, reasoning that it would be impossible for a dead body to be brought to life. But by a few words from Christ, they were shown to be ignorant of both the Scriptures and the power of God. How could they turn people away from One who had successfully robbed the grave of its dead? They could not deny the miracle, and they did not know how to counteract its effect. After the resurrection of Lazarus, the Sadducees decided that only Jesus&rsquo; death could stop His fearless denunciations against them.",
    "puborder": 1765,
    "translations": []
  },
  {
    "para_id": "1977.2149",
    "id_prev": "1977.2148",
    "id_next": "1977.2150",
    "refcode_1": "HH",
    "refcode_2": "248",
    "refcode_3": "4",
    "refcode_4": "",
    "refcode_short": "HH 248.4",
    "refcode_long": "Humble Hero, p. 248.4 (Ellen Gould White)",
    "element_type": "p",
    "element_subtype": "standard-indented",
    "content": "The Pharisees believed in the resurrection, and they could not avoid seeing that this miracle was evidence that the Messiah was among them. But from the beginning, they had hated Him because He had torn aside the cloak hiding their moral deformity. The pure religion that He taught had condemned their hollow claims to piety. They thirsted for revenge for His pointed rebukes. Several times they had tried to stone Him, but He had quietly slipped away.",
    "puborder": 1766,
    "translations": []
  },
  {
    "para_id": "1977.2150",
    "id_prev": "1977.2149",
    "id_next": "1977.2153",
    "refcode_1": "HH",
    "refcode_2": "248",
    "refcode_3": "5",
    "refcode_4": "",
    "refcode_short": "HH 248.5",
    "refcode_long": "Humble Hero, p. 248.5 (Ellen Gould White)",
    "element_type": "p",
    "element_subtype": "standard-indented",
    "content": "To stir up the Romans against Him, the Pharisees had claimed that He was trying to undermine Roman authority. They had tried every false accusation to cut Him off from influencing the people. But their attempts had failed. The crowds who witnessed His works and heard His pure teachings knew that these were not the <span class=\"page-break\" data-page=\"249\"></span> deeds and words of a Sabbath breaker or blasphemer. In desperation, the Jews had finally passed a decree that anyone who professed faith in Jesus would be expelled from the synagogue.",
    "puborder": 1767,
    "translations": []
  },
  {
    "para_id": "1977.2153",
    "id_prev": "1977.2150",
    "id_next": "1977.2154",
    "refcode_1": "HH",
    "refcode_2": "249",
    "refcode_3": "1",
    "refcode_4": "",
    "refcode_short": "HH 249.1",
    "refcode_long": "Humble Hero, p. 249.1 (Ellen Gould White)",
    "element_type": "p",
    "element_subtype": "standard-indented",
    "content": "So Pharisees and Sadducees were more nearly united than ever before. They became one in their opposition to Christ.",
    "puborder": 1768,
    "translations": []
  },
  {
    "para_id": "1977.2154",
    "id_prev": "1977.2153",
    "id_next": "1977.2155",
    "refcode_1": "HH",
    "refcode_2": "249",
    "refcode_3": "2",
    "refcode_4": "",
    "refcode_short": "HH 249.2",
    "refcode_long": "Humble Hero, p. 249.2 (Ellen Gould White)",
    "element_type": "p",
    "element_subtype": "standard-indented",
    "content": "At this time the Sanhedrin was not a legal assembly. It existed only by tolerance. Some of its members questioned the wisdom of putting Christ to death. They feared that this would stir up a revolt. The Sadducees, united with the priests in hating Christ, wanted to be cautious, fearing that the Romans would take away their high standing.",
    "puborder": 1769,
    "translations": []
  }
]