[
  {
    "para_id": "1977.2548",
    "id_prev": "1977.2547",
    "id_next": "1977.2549",
    "refcode_1": "HH",
    "refcode_2": "294",
    "refcode_3": "",
    "refcode_4": "154",
    "refcode_short": "HH 294",
    "refcode_long": "Humble Hero, p. 294 (Ellen Gould White)",
    "element_type": "h4",
    "element_subtype": "",
    "content": "Dark Centuries of Persecution",
    "puborder": 2090,
    "translations": []
  },
  {
    "para_id": "1977.2549",
    "id_prev": "1977.2548",
    "id_next": "1977.2552",
    "refcode_1": "HH",
    "refcode_2": "294",
    "refcode_3": "7",
    "refcode_4": "",
    "refcode_short": "HH 294.7",
    "refcode_long": "Humble Hero, p. 294.7 (Ellen Gould White)",
    "element_type": "p",
    "element_subtype": "standard-indented",
    "content": "From the destruction of Jerusalem, Christ turned rapidly to the last link in the chain of this earth&rsquo;s history&mdash;the coming of the Son of God in majesty and glory. Between these two events, long centuries of darkness for His church lay open to Christ&rsquo;s view, centuries marked with blood, tears, and agony. Jesus passed these scenes by with a brief mention. &ldquo;Then there will <span class=\"page-break\" data-page=\"295\"></span> be great tribulation,&rdquo; He said, &ldquo;such as has not been since the beginning of the world until this time, no, nor ever shall be. And unless those days were shortened, no flesh would be saved; but for the elect&rsquo;s sake those days will be shortened.&rdquo;",
    "puborder": 2091,
    "translations": []
  },
  {
    "para_id": "1977.2552",
    "id_prev": "1977.2549",
    "id_next": "1977.2553",
    "refcode_1": "HH",
    "refcode_2": "295",
    "refcode_3": "1",
    "refcode_4": "",
    "refcode_short": "HH 295.1",
    "refcode_long": "Humble Hero, p. 295.1 (Ellen Gould White)",
    "element_type": "p",
    "element_subtype": "standard-indented",
    "content": "For more than a thousand years, persecution such as the world had never before known was to come upon Christ&rsquo;s followers. Millions of His faithful witnesses would be killed. If God&rsquo;s hand had not been stretched out to preserve His people, all of them would have lost their lives.",
    "puborder": 2092,
    "translations": []
  },
  {
    "para_id": "1977.2553",
    "id_prev": "1977.2552",
    "id_next": "1977.2554",
    "refcode_1": "HH",
    "refcode_2": "295",
    "refcode_3": "2",
    "refcode_4": "",
    "refcode_short": "HH 295.2",
    "refcode_long": "Humble Hero, p. 295.2 (Ellen Gould White)",
    "element_type": "p",
    "element_subtype": "standard-indented",
    "content": "Now, in unmistakable language, our Lord speaks of His second coming: &ldquo;If anyone says to you, &lsquo;Look, here is the Christ!&rsquo; or &lsquo;There!&rsquo; do not believe it. For false christs and false prophets will rise and show great signs and wonders to deceive, if possible, even the elect. ... If they say to you, &lsquo;Look, He is in the desert!&rsquo; do not go out; or &lsquo;Look, He is in the inner rooms!&rsquo; do not believe it. For as the lightning comes from the east and flashes to the west, so also will the coming of the Son of Man be.&rdquo; From thousands of gatherings where people profess to hold communication with departed spirits, is not the call now heard, &ldquo;Look, He is in the inner rooms&rdquo;? This is the claim that spiritism makes. But what does Christ say? &ldquo;Do not believe it.&rdquo;",
    "puborder": 2093,
    "translations": []
  }
]