[
  {
    "para_id": "1455.149",
    "id_prev": "1455.147",
    "id_next": "1455.150",
    "refcode_1": "HHTL",
    "refcode_2": "32",
    "refcode_3": "",
    "refcode_4": "",
    "refcode_short": "HHTL 32",
    "refcode_long": "Health, or, How to Live, p. 32 (James Springer White)",
    "element_type": "h3",
    "element_subtype": "",
    "content": "BREAD. UNLEAVENED BREAD",
    "puborder": 95,
    "translations": []
  },
  {
    "para_id": "1455.150",
    "id_prev": "1455.149",
    "id_next": "1455.151",
    "refcode_1": "HHTL",
    "refcode_2": "32",
    "refcode_3": "1",
    "refcode_4": "",
    "refcode_short": "HHTL 32.1",
    "refcode_long": "Health, or, How to Live, p. 32.1 (James Springer White)",
    "element_type": "p",
    "element_subtype": "standard-indented",
    "content": "GEMS. &mdash; Into cold water stir Graham flour sufficient to make a batter about the same consistency as that used for ordinary griddle cakes. Bake in a <em>hot</em> oven, in the cast-iron bread pans. The pans should be heated before putting in the batter.",
    "puborder": 96,
    "translations": []
  },
  {
    "para_id": "1455.151",
    "id_prev": "1455.150",
    "id_next": "1455.152",
    "refcode_1": "HHTL",
    "refcode_2": "32",
    "refcode_3": "2",
    "refcode_4": "",
    "refcode_short": "HHTL 32.2",
    "refcode_long": "Health, or, How to Live, p. 32.2 (James Springer White)",
    "element_type": "p",
    "element_subtype": "standard-indented",
    "content": "NOTE. &mdash; This makes delicious bread. No definite rule as to the proportions of flour and water can be given, owing to the difference in the absorbing proportion of various kinds of flour. If too thin, the cakes will be hollow; if too thick, not so light. A little experience will enable any person to approximate the right proportions with sufficient exactness. The flour should be stirred into the water very slowly, in the same manner as in making mush. If hard water is used, they are apt to be slightly tough. A small quantity of sweet milk will remedy this defect.",
    "puborder": 97,
    "translations": []
  },
  {
    "para_id": "1455.152",
    "id_prev": "1455.151",
    "id_next": "1455.153",
    "refcode_1": "HHTL",
    "refcode_2": "32",
    "refcode_3": "3",
    "refcode_4": "",
    "refcode_short": "HHTL 32.3",
    "refcode_long": "Health, or, How to Live, p. 32.3 (James Springer White)",
    "element_type": "p",
    "element_subtype": "standard-indented",
    "content": "GRAHAM BISCUIT. &mdash; Pour boiling water on Graham flour, stirring rapidly till all the flour is wet. Too much stirring makes it tough. It should be about as thick as can be stirred easily with a strong iron spoon. Place the dough, with plenty of flour, upon the moulding board, form it into a roll, and slice with a knife into cakes three-fourths of an inch thick, and bake in a hot oven.",
    "puborder": 98,
    "translations": []
  },
  {
    "para_id": "1455.153",
    "id_prev": "1455.152",
    "id_next": "1455.154",
    "refcode_1": "HHTL",
    "refcode_2": "32",
    "refcode_3": "4",
    "refcode_4": "",
    "refcode_short": "HHTL 32.4",
    "refcode_long": "Health, or, How to Live, p. 32.4 (James Springer White)",
    "element_type": "p",
    "element_subtype": "standard-indented",
    "content": "GRAHAM BISCUIT. &mdash; (<em>Another form</em>.) Stir into cold water Graham flour enough for a rather soft dough; knead it five minutes, roll three-fourths of an inch thick, and cut into cakes with a common biscuit cutter. Bake from twenty to thirty minutes in a hot oven.",
    "puborder": 99,
    "translations": []
  },
  {
    "para_id": "1455.154",
    "id_prev": "1455.153",
    "id_next": "1455.155",
    "refcode_1": "HHTL",
    "refcode_2": "32",
    "refcode_3": "5",
    "refcode_4": "",
    "refcode_short": "HHTL 32.5",
    "refcode_long": "Health, or, How to Live, p. 32.5 (James Springer White)",
    "element_type": "p",
    "element_subtype": "standard-indented",
    "content": "WHEAT MEAL CRISPS. &mdash; Make a very stiff dough of Graham flour and cold water; knead thoroughly, roll very thin, and bake from ten to twenty minutes in a hot oven.",
    "puborder": 100,
    "translations": []
  },
  {
    "para_id": "1455.155",
    "id_prev": "1455.154",
    "id_next": "1455.158",
    "refcode_1": "HHTL",
    "refcode_2": "32",
    "refcode_3": "6",
    "refcode_4": "",
    "refcode_short": "HHTL 32.6",
    "refcode_long": "Health, or, How to Live, p. 32.6 (James Springer White)",
    "element_type": "p",
    "element_subtype": "standard-indented",
    "content": "STEAMED BREAD. &mdash; Make mush as for the table &mdash; Graham, hominy, or corn-meal mush &mdash; as preferred. When cool, to one quart add one pint of hot, boiled potatoes mashed through a colander, half a cup of molasses, one tea-cup of boiling milk, and equal parts of Indian meal and Graham or rye flour sufficient to <span class=\"page-break\" data-page=\"33\"></span> make a rather soft dough. Place it in a deep basin or pan; smooth it evenly over the top; cover it tightly and steam four hours.",
    "puborder": 101,
    "translations": []
  },
  {
    "para_id": "1455.158",
    "id_prev": "1455.155",
    "id_next": "1455.159",
    "refcode_1": "HHTL",
    "refcode_2": "33",
    "refcode_3": "1",
    "refcode_4": "",
    "refcode_short": "HHTL 33.1",
    "refcode_long": "Health, or, How to Live, p. 33.1 (James Springer White)",
    "element_type": "p",
    "element_subtype": "standard-indented",
    "content": "RYE AND INDIAN BREAD. &mdash; Take one part rye meal, or coarse wheat meal, and two parts of Indian; pour boiling water, or sweet milk, over the Indian, and stir it till the whole is sufficiently wet to work in the meal without adding any more water, and then, when about milk warm, work in the meal. Should the dough be too stiff, add as much warm, <em>but not hot</em>, water as may be necessary; bake in a round iron dish from three to five hours. This bread, when new, or a day or two old, may be sliced and toasted; it is very sweet and wholesome. The crust is apt to fall off; this may be wet in water and put in a stone jar with some moderately tart apples, peeled and sliced, nicely covering the apples with the crust; then add a little water, and cover the dish with a tightly fitting cover; set it on the stove till the apples are cooked, and then take the crust off into the plates; sweeten the apples to suit the taste, and spread it over the crust. This is an excellent dish, if care has been taken to prevent burning the crust.",
    "puborder": 102,
    "translations": []
  },
  {
    "para_id": "1455.159",
    "id_prev": "1455.158",
    "id_next": "1455.160",
    "refcode_1": "HHTL",
    "refcode_2": "33",
    "refcode_3": "2",
    "refcode_4": "",
    "refcode_short": "HHTL 33.2",
    "refcode_long": "Health, or, How to Live, p. 33.2 (James Springer White)",
    "element_type": "p",
    "element_subtype": "standard-indented",
    "content": "CORN BREAD. &mdash; One pint of corn meal, one quart of milk; boil the milk and scald the meal thoroughly; beat up three eggs; thin your dough to a batter with cold milk; add a piece of butter half as large as an egg; put in your eggs, with a little salt, pour in shallow pans, and bake brown.",
    "puborder": 103,
    "translations": []
  },
  {
    "para_id": "1455.160",
    "id_prev": "1455.159",
    "id_next": "1455.161",
    "refcode_1": "HHTL",
    "refcode_2": "33",
    "refcode_3": "3",
    "refcode_4": "",
    "refcode_short": "HHTL 33.3",
    "refcode_long": "Health, or, How to Live, p. 33.3 (James Springer White)",
    "element_type": "p",
    "element_subtype": "standard-indented",
    "content": "CORN CAKE. &mdash; Pour one quart boiling water on one quart corn meal, and stir quickly. Wet the hands, and form the dough into small round cakes one-half of an inch thick. Bake in a hot oven. The addition of a few raspberries, huckleberries, or any sub-acid fruit, is a decided improvement. Sweet apples, chopped fine, are also excellent.",
    "puborder": 104,
    "translations": []
  },
  {
    "para_id": "1455.161",
    "id_prev": "1455.160",
    "id_next": "1455.162",
    "refcode_1": "HHTL",
    "refcode_2": "33",
    "refcode_3": "4",
    "refcode_4": "",
    "refcode_short": "HHTL 33.4",
    "refcode_long": "Health, or, How to Live, p. 33.4 (James Springer White)",
    "element_type": "p",
    "element_subtype": "standard-indented",
    "content": "CORN MEAL GEMS. &mdash; Stir slowly into one quart of new milk, corn meal sufficient to make a thin batter. Bake in a hot oven in the bread pans.",
    "puborder": 105,
    "translations": []
  },
  {
    "para_id": "1455.162",
    "id_prev": "1455.161",
    "id_next": "1455.165",
    "refcode_1": "HHTL",
    "refcode_2": "33",
    "refcode_3": "5",
    "refcode_4": "",
    "refcode_short": "HHTL 33.5",
    "refcode_long": "Health, or, How to Live, p. 33.5 (James Springer White)",
    "element_type": "p",
    "element_subtype": "standard-indented",
    "content": "SNOW CAKE. &mdash; Take one part of Indian meal and two <span class=\"page-break\" data-page=\"34\"></span> parts of dry snow; or if the snow be moist, use equal parts of meal and snow; add little sugar; mix well in a cold room. Fill the pans rounding full, and bake immediately in a very hot oven. This makes an excellent cake.",
    "puborder": 106,
    "translations": []
  },
  {
    "para_id": "1455.165",
    "id_prev": "1455.162",
    "id_next": "1455.166",
    "refcode_1": "HHTL",
    "refcode_2": "34",
    "refcode_3": "1",
    "refcode_4": "",
    "refcode_short": "HHTL 34.1",
    "refcode_long": "Health, or, How to Live, p. 34.1 (James Springer White)",
    "element_type": "p",
    "element_subtype": "standard-indented",
    "content": "RUSK. &mdash; Bread and crackers which are too old for the table, may be used for this. Dry them thoroughly in an oven; when dry, break in a mortar and grind coarsely in a hand or coffee mill. It can be eaten when soaked in milk or warm water, and is relished by almost every one. This is a <em>standard</em> article for the table.",
    "puborder": 107,
    "translations": []
  },
  {
    "para_id": "1455.166",
    "id_prev": "1455.165",
    "id_next": "1455.167",
    "refcode_1": "HHTL",
    "refcode_2": "34",
    "refcode_3": "2",
    "refcode_4": "",
    "refcode_short": "HHTL 34.2",
    "refcode_long": "Health, or, How to Live, p. 34.2 (James Springer White)",
    "element_type": "p",
    "element_subtype": "standard-indented",
    "content": "FINE FLOUR GEMS. &mdash; Gems made of fine flour in the same manner as of Graham, the batter being rather stiffer, however, say about like ordinary bread sponge, and baked in the bread pans, are as light, and far sweeter, than any soda biscuit, and by all who have tasted them, are pronounced excellent.",
    "puborder": 108,
    "translations": []
  },
  {
    "para_id": "1455.167",
    "id_prev": "1455.166",
    "id_next": "1455.168",
    "refcode_1": "HHTL",
    "refcode_2": "34",
    "refcode_3": "3",
    "refcode_4": "",
    "refcode_short": "HHTL 34.3",
    "refcode_long": "Health, or, How to Live, p. 34.3 (James Springer White)",
    "element_type": "p",
    "element_subtype": "standard-indented",
    "content": "PUFFS. &mdash; One pint of sweet milk, three eggs, twelve heaping tablespoonfuls of fine flour. Beat the eggs thoroughly, make a smooth paste of the flour and part of the milk, add the eggs and the remainder of the milk, and bake in the bread pans in a quick oven.",
    "puborder": 109,
    "translations": []
  }
]