[
  {
    "para_id": "14786.2",
    "title": "My Journey to Life, Step 22—The Remnant",
    "chapters": [
      "14786.2"
    ]
  },
  {
    "para_id": "14786.5",
    "title": "Preface",
    "chapters": [
      "14786.5"
    ]
  },
  {
    "para_id": "14786.8",
    "title": "Step Twenty-two—The Remnant and Its Mission",
    "chapters": [
      "14786.8"
    ]
  },
  {
    "para_id": "14786.10",
    "title": "Bible Discovery:",
    "chapters": [
      "14786.10"
    ]
  },
  {
    "para_id": "14786.12",
    "title": "Further Reading:",
    "chapters": [
      "14786.12"
    ]
  },
  {
    "para_id": "14786.15",
    "title": "1. What is the remnant?",
    "chapters": [
      "14786.15"
    ]
  },
  {
    "para_id": "14786.17",
    "title": "Bible Discovery:",
    "chapters": [
      "14786.17"
    ]
  },
  {
    "para_id": "14786.19",
    "title": "Further Reading:",
    "chapters": [
      "14786.19"
    ]
  },
  {
    "para_id": "14786.22",
    "title": "2. When did the remnant begin to appear?",
    "chapters": [
      "14786.22"
    ]
  },
  {
    "para_id": "14786.25",
    "title": "Bible Discovery:",
    "chapters": [
      "14786.25"
    ]
  },
  {
    "para_id": "14786.27",
    "title": "Further Reading:",
    "chapters": [
      "14786.27"
    ]
  },
  {
    "para_id": "14786.30",
    "title": "3. What correlation is there between “the man of sin” and “the remnant?”",
    "chapters": [
      "14786.30"
    ]
  },
  {
    "para_id": "14786.36",
    "title": "Bible discovery:",
    "chapters": [
      "14786.36"
    ]
  },
  {
    "para_id": "14786.38",
    "title": "Further Reading:",
    "chapters": [
      "14786.38"
    ]
  },
  {
    "para_id": "14786.41",
    "title": "4. In what sense does today’s “remnant” build on the Protestant Reformation?",
    "chapters": [
      "14786.41"
    ]
  },
  {
    "para_id": "14786.44",
    "title": "Bible Discovery:",
    "chapters": [
      "14786.44"
    ]
  },
  {
    "para_id": "14786.46",
    "title": "Further Reading:",
    "chapters": [
      "14786.46"
    ]
  },
  {
    "para_id": "14786.49",
    "title": "5. What is “the remnant’s” responsibility?",
    "chapters": [
      "14786.49"
    ]
  },
  {
    "para_id": "14786.52",
    "title": "Bible Discovery:",
    "chapters": [
      "14786.52"
    ]
  },
  {
    "para_id": "14786.54",
    "title": "Further Reading:",
    "chapters": [
      "14786.54"
    ]
  },
  {
    "para_id": "14786.57",
    "title": "6. What is the message of the first angel of Revelation 14?",
    "chapters": [
      "14786.57"
    ]
  },
  {
    "para_id": "14786.61",
    "title": "Bible Discovery:",
    "chapters": [
      "14786.61"
    ]
  },
  {
    "para_id": "14786.63",
    "title": "Further Reading:",
    "chapters": [
      "14786.63"
    ]
  },
  {
    "para_id": "14786.66",
    "title": "7. What is the message of the second angel of Revelation 14?",
    "chapters": [
      "14786.66"
    ]
  },
  {
    "para_id": "14786.70",
    "title": "Bible discovery:",
    "chapters": [
      "14786.70"
    ]
  },
  {
    "para_id": "14786.72",
    "title": "Further Reading:",
    "chapters": [
      "14786.72"
    ]
  },
  {
    "para_id": "14786.75",
    "title": "8. What is the message of the third angel of Revelation 14?",
    "chapters": [
      "14786.75"
    ]
  },
  {
    "para_id": "14786.79",
    "title": "Bible Discovery:",
    "chapters": [
      "14786.79"
    ]
  },
  {
    "para_id": "14786.81",
    "title": "Further Reading:",
    "chapters": [
      "14786.81"
    ]
  },
  {
    "para_id": "14786.84",
    "title": "9. What connection is there between Israel as the chosen covenant people of God and the concept of the end-time remnant?",
    "chapters": [
      "14786.84"
    ]
  },
  {
    "para_id": "14786.87",
    "title": "Bible Discovery:",
    "chapters": [
      "14786.87"
    ]
  },
  {
    "para_id": "14786.89",
    "title": "Further Reading:",
    "chapters": [
      "14786.89"
    ]
  },
  {
    "para_id": "14786.92",
    "title": "10. Does literal Israel today have end-time remnant significance?",
    "chapters": [
      "14786.92"
    ]
  },
  {
    "para_id": "14786.94",
    "title": "Bible Discovery:",
    "chapters": [
      "14786.94"
    ]
  },
  {
    "para_id": "14786.96",
    "title": "Further Reading:",
    "chapters": [
      "14786.96"
    ]
  },
  {
    "para_id": "14786.99",
    "title": "11. Who are the remnant today?",
    "chapters": [
      "14786.99"
    ]
  },
  {
    "para_id": "14786.105",
    "title": "Bible Discovery:",
    "chapters": [
      "14786.105"
    ]
  },
  {
    "para_id": "14786.107",
    "title": "Further Reading:",
    "chapters": [
      "14786.107"
    ]
  },
  {
    "para_id": "14786.110",
    "title": "12. How do God’s end-time remnant ultimately triumph?",
    "chapters": [
      "14786.110"
    ]
  },
  {
    "para_id": "14786.115",
    "title": "Bible Discovery:",
    "chapters": [
      "14786.115"
    ]
  },
  {
    "para_id": "14786.117",
    "title": "Further Reading:",
    "chapters": [
      "14786.117"
    ]
  },
  {
    "para_id": "14786.122",
    "title": "Reflection…",
    "chapters": [
      "14786.122"
    ]
  },
  {
    "para_id": "14786.124",
    "title": "Next Step…",
    "chapters": [
      "14786.124"
    ]
  },
  {
    "para_id": "14786.126",
    "title": "Discussion Questions:",
    "chapters": [
      "14786.126"
    ]
  },
  {
    "para_id": "14786.130",
    "title": "Further Reading:",
    "chapters": [
      "14786.130"
    ]
  },
  {
    "para_id": "14786.132",
    "title": "Contact Information:",
    "chapters": [
      "14786.132"
    ]
  }
]