[
  {
    "para_id": "14749.92",
    "id_prev": "14749.91",
    "id_next": "14749.93",
    "refcode_1": "2TC",
    "refcode_2": "18",
    "refcode_3": "",
    "refcode_4": "6",
    "refcode_short": "2TC 18",
    "refcode_long": "The Promise, p. 18 (Ellen Gould White)",
    "element_type": "h4",
    "element_subtype": "",
    "content": "Solomon&rsquo;s Prayer",
    "puborder": 66,
    "translations": []
  },
  {
    "para_id": "14749.93",
    "id_prev": "14749.92",
    "id_next": "14749.94",
    "refcode_1": "2TC",
    "refcode_2": "18",
    "refcode_3": "5",
    "refcode_4": "",
    "refcode_short": "2TC 18.5",
    "refcode_long": "The Promise, p. 18.5 (Ellen Gould White)",
    "element_type": "p",
    "element_subtype": "standard-indented",
    "content": "In the midst of the temple court a brass platform had been built. On this Solomon stood, and with hands lifted up he blessed the vast multitude before him. &ldquo;Blessed be the Lord God of Israel, who has fulfilled with His hands what He spoke with His mouth to my father David, saying, ... &lsquo;I have chosen Jerusalem, that My name may be there.&rsquo;&rdquo; <span class=\"egwlink egwlink_bible\" title=\"2 Chronicles 6:4\" data-link=\"1965.22962\">2 Chronicles 6:4-6</span>.",
    "puborder": 67,
    "translations": []
  },
  {
    "para_id": "14749.94",
    "id_prev": "14749.93",
    "id_next": "14749.96",
    "refcode_1": "2TC",
    "refcode_2": "18",
    "refcode_3": "6",
    "refcode_4": "",
    "refcode_short": "2TC 18.6",
    "refcode_long": "The Promise, p. 18.6 (Ellen Gould White)",
    "element_type": "p",
    "element_subtype": "standard-indented",
    "content": "Solomon then knelt on the platform, lifted his hands toward heaven, and prayed: &ldquo;Heaven and the heaven of heavens cannot <span class=\"page-break\" data-page=\"19\"></span> contain You. How much less this temple which I have built! ... May You hear the supplications of Your servant and of Your people Israel, when they pray toward this place. Hear from heaven Your dwelling place, and when You hear, forgive. ...",
    "puborder": 68,
    "translations": []
  },
  {
    "para_id": "14749.96",
    "id_prev": "14749.94",
    "id_next": "14749.97",
    "refcode_1": "2TC",
    "refcode_2": "19",
    "refcode_3": "1",
    "refcode_4": "",
    "refcode_short": "2TC 19.1",
    "refcode_long": "The Promise, p. 19.1 (Ellen Gould White)",
    "element_type": "p",
    "element_subtype": "standard-indented",
    "content": "&ldquo;If Your people Israel ... have sinned against You, and return and confess Your name, and pray and make supplication before You in this temple, then hear from heaven and forgive the sin of Your people Israel. ...",
    "puborder": 69,
    "translations": []
  },
  {
    "para_id": "14749.97",
    "id_prev": "14749.96",
    "id_next": "14749.98",
    "refcode_1": "2TC",
    "refcode_2": "19",
    "refcode_3": "2",
    "refcode_4": "",
    "refcode_short": "2TC 19.2",
    "refcode_long": "The Promise, p. 19.2 (Ellen Gould White)",
    "element_type": "p",
    "element_subtype": "standard-indented",
    "content": "&ldquo;When the heavens are shut up and there is no rain because they have sinned against You, when they pray toward this place and confess Your name, and turn from their sin because You afflict them, then hear in heaven, and forgive the sin of Your servants. ...",
    "puborder": 70,
    "translations": []
  },
  {
    "para_id": "14749.98",
    "id_prev": "14749.97",
    "id_next": "14749.99",
    "refcode_1": "2TC",
    "refcode_2": "19",
    "refcode_3": "3",
    "refcode_4": "",
    "refcode_short": "2TC 19.3",
    "refcode_long": "The Promise, p. 19.3 (Ellen Gould White)",
    "element_type": "p",
    "element_subtype": "standard-indented",
    "content": "&ldquo;When their enemies besiege them in the land of their cities; whatever plague or whatever sickness there is; whatever prayer, whatever supplication is made by anyone or by all Your people Israel, when each one knows his own burden and his own grief, and spreads out his hands toward this temple: then hear from heaven Your dwelling place, and forgive, ... that they may fear You, to walk in Your ways as long as they live in the land which You gave to our fathers.",
    "puborder": 71,
    "translations": []
  },
  {
    "para_id": "14749.99",
    "id_prev": "14749.98",
    "id_next": "14749.100",
    "refcode_1": "2TC",
    "refcode_2": "19",
    "refcode_3": "4",
    "refcode_4": "",
    "refcode_short": "2TC 19.4",
    "refcode_long": "The Promise, p. 19.4 (Ellen Gould White)",
    "element_type": "p",
    "element_subtype": "standard-indented",
    "content": "&ldquo;Moreover, concerning a foreigner, who ... has come from a far country for the sake of Your great name ..., when they come and pray in this temple; then hear from heaven Your dwelling place, and do according to all for which the foreigner calls to You, that all peoples of the earth may know Your name and fear You. ...",
    "puborder": 72,
    "translations": []
  },
  {
    "para_id": "14749.100",
    "id_prev": "14749.99",
    "id_next": "14749.101",
    "refcode_1": "2TC",
    "refcode_2": "19",
    "refcode_3": "5",
    "refcode_4": "",
    "refcode_short": "2TC 19.5",
    "refcode_long": "The Promise, p. 19.5 (Ellen Gould White)",
    "element_type": "p",
    "element_subtype": "standard-indented",
    "content": "&ldquo;When Your people ... sin against You (for there is no one who does not sin) and You become angry with them and deliver them to the enemy, and they take them captive to a land far or near; yet when they come to themselves in the land where they were carried captive, and repent, and make supplication to You in the land of their captivity, saying, &lsquo;We have sinned, we have done wrong and committed wickedness&rsquo;; and when they return to You with all their heart and with all their soul in the land of their captivity, ... then hear from heaven Your dwelling place their prayer and their supplications, and maintain their cause, and forgive Your people who have sinned against You. Now, my God, I pray, let Your eyes be open and let Your ears be attentive to the prayer made in this place.",
    "puborder": 73,
    "translations": []
  },
  {
    "para_id": "14749.101",
    "id_prev": "14749.100",
    "id_next": "14749.103",
    "refcode_1": "2TC",
    "refcode_2": "20",
    "refcode_3": "1",
    "refcode_4": "",
    "refcode_short": "2TC 20.1",
    "refcode_long": "The Promise, p. 20.1 (Ellen Gould White)",
    "element_type": "p",
    "element_subtype": "standard-indented",
    "content": "&ldquo;Now therefore, arise, O Lord God, to Your resting place, You and the ark of Your strength. Let Your priests, O Lord God, be clothed with salvation, and let Your saints rejoice in goodness.&rdquo; <span class=\"egwlink egwlink_bible\" title=\"2 Chronicles 6:18\" data-link=\"1965.22990\">Verses 18-41</span>.",
    "puborder": 74,
    "translations": []
  },
  {
    "para_id": "14749.103",
    "id_prev": "14749.101",
    "id_next": "14749.104",
    "refcode_1": "2TC",
    "refcode_2": "20",
    "refcode_3": "2",
    "refcode_4": "",
    "refcode_short": "2TC 20.2",
    "refcode_long": "The Promise, p. 20.2 (Ellen Gould White)",
    "element_type": "p",
    "element_subtype": "standard-indented",
    "content": "As Solomon ended his prayer, &ldquo;fire came down from heaven and consumed the burnt offering and the sacrifices.&rdquo; The priests could not enter the temple because &ldquo;the glory of the Lord had filled&rdquo; it. <span class=\"egwlink egwlink_bible\" title=\"2 Chronicles 7:1\" data-link=\"1965.23041\">2 Chronicles 7:1, 2</span>. Then king and people offered sacrifices. &ldquo;So the king and all the people dedicated the house of God.&rdquo; <span class=\"egwlink egwlink_bible\" title=\"2 Chronicles 7:5\" data-link=\"1965.23049\">Verse 5</span>. For seven days the multitudes kept a joyous feast. They spent the week following in observing the Feast of Tabernacles. At the close of the celebrations the people returned to their homes &ldquo;joyful and glad of heart for the good that the Lord had done for David, for Solomon, and for His people Israel.&rdquo; <span class=\"egwlink egwlink_bible\" title=\"2 Chronicles 7:10\" data-link=\"1965.23059\">Verse 10</span>.",
    "puborder": 75,
    "translations": []
  }
]