[
  {
    "para_id": "14749.2275",
    "id_prev": "14749.2274",
    "id_next": "14749.2276",
    "refcode_1": "2TC",
    "refcode_2": "346",
    "refcode_3": "",
    "refcode_4": "180",
    "refcode_short": "2TC 346",
    "refcode_long": "The Promise, p. 346 (Ellen Gould White)",
    "element_type": "h4",
    "element_subtype": "",
    "content": "Malachi Reveals the Secret of Prosperity",
    "puborder": 1749,
    "translations": []
  },
  {
    "para_id": "14749.2276",
    "id_prev": "14749.2275",
    "id_next": "14749.2279",
    "refcode_1": "2TC",
    "refcode_2": "346",
    "refcode_3": "6",
    "refcode_4": "",
    "refcode_short": "2TC 346.6",
    "refcode_long": "The Promise, p. 346.6 (Ellen Gould White)",
    "element_type": "p",
    "element_subtype": "standard-indented",
    "content": "Through transgression, those who once had been spiritual leaders had become &ldquo;contemptible and base before all the people.&rdquo; <span class=\"egwlink egwlink_bible\" title=\"Malachi 2:9\" data-link=\"1965.47193\">Malachi 2:9</span>. Yet God left none without hope. Malachi&rsquo;s prophecies of judgment came with invitations to the unrepentant to make peace with God. &ldquo;Return to Me,&rdquo; the Lord urged, &ldquo;and I will return to you.&rdquo; <span class=\"egwlink egwlink_bible\" title=\"Malachi 3:7\" data-link=\"1965.47224\">Malachi 3:7</span>. The God of heaven is pleading with His erring children to cooperate with Him in carrying forward His <span class=\"page-break\" data-page=\"347\"></span> work on the earth. The Lord holds out His hand to Israel to help them to the path of self-sacrifice, to share with Him the heirship as children of God. Will they recognize their only hope and respond?",
    "puborder": 1750,
    "translations": []
  },
  {
    "para_id": "14749.2279",
    "id_prev": "14749.2276",
    "id_next": "14749.2280",
    "refcode_1": "2TC",
    "refcode_2": "347",
    "refcode_3": "1",
    "refcode_4": "",
    "refcode_short": "2TC 347.1",
    "refcode_long": "The Promise, p. 347.1 (Ellen Gould White)",
    "element_type": "p",
    "element_subtype": "standard-indented",
    "content": "How sad that in Malachi&rsquo;s day the Israelites hesitated to yield their proud hearts in hearty cooperation! Their self-justification shows plainly in their response, &ldquo;In what way shall we return?&rdquo;",
    "puborder": 1751,
    "translations": []
  },
  {
    "para_id": "14749.2280",
    "id_prev": "14749.2279",
    "id_next": "14749.2281",
    "refcode_1": "2TC",
    "refcode_2": "347",
    "refcode_3": "2",
    "refcode_4": "",
    "refcode_short": "2TC 347.2",
    "refcode_long": "The Promise, p. 347.2 (Ellen Gould White)",
    "element_type": "p",
    "element_subtype": "standard-indented",
    "content": "The Lord reveals to His people one of their special sins. &ldquo;Will a man rob God?&rdquo; He asks. &ldquo;Yet you have robbed Me!&rdquo; Still unconvicted of sin, the disobedient inquire, &ldquo;In what way have we robbed You?&rdquo;",
    "puborder": 1752,
    "translations": []
  },
  {
    "para_id": "14749.2281",
    "id_prev": "14749.2280",
    "id_next": "14749.2282",
    "refcode_1": "2TC",
    "refcode_2": "347",
    "refcode_3": "3",
    "refcode_4": "",
    "refcode_short": "2TC 347.3",
    "refcode_long": "The Promise, p. 347.3 (Ellen Gould White)",
    "element_type": "p",
    "element_subtype": "standard-indented",
    "content": "&ldquo;&lsquo;In tithes and offerings. ... Bring all the tithes into the storehouse, that there may be food in My house, and try Me now in this,&rsquo; says the Lord of hosts, &lsquo;if I will not open for you the windows of heaven and pour out for you such a blessing .... And I will rebuke the devourer for your sakes, so that he will not destroy the fruit of your ground .... And all nations will call you blessed, for you will be a delightful land,&rsquo; says the Lord of hosts.&rdquo; <span class=\"egwlink egwlink_bible\" title=\"Malachi 3:7\" data-link=\"1965.47224\">Verses 7-12</span>.",
    "puborder": 1753,
    "translations": []
  },
  {
    "para_id": "14749.2282",
    "id_prev": "14749.2281",
    "id_next": "14749.2283",
    "refcode_1": "2TC",
    "refcode_2": "347",
    "refcode_3": "4",
    "refcode_4": "",
    "refcode_short": "2TC 347.4",
    "refcode_long": "The Promise, p. 347.4 (Ellen Gould White)",
    "element_type": "p",
    "element_subtype": "standard-indented",
    "content": "God gives the sunshine and the rain; He causes vegetation to flourish; He gives health and ability to earn income; and He desires men and women to show their gratitude by returning tithes and offerings so that His vineyard may not remain a barren wasteland. They are to reveal an unselfish interest in building up His work in all the world.",
    "puborder": 1754,
    "translations": []
  },
  {
    "para_id": "14749.2283",
    "id_prev": "14749.2282",
    "id_next": "14749.2285",
    "refcode_1": "2TC",
    "refcode_2": "347",
    "refcode_3": "5",
    "refcode_4": "",
    "refcode_short": "2TC 347.5",
    "refcode_long": "The Promise, p. 347.5 (Ellen Gould White)",
    "element_type": "p",
    "element_subtype": "standard-indented",
    "content": "Through messages such as those that Malachi bore, as well as through oppression from heathen foes, the Israelites finally learned that true prosperity depends on obedience to the law of God. But with many, obedience did not flow from faith. Their motives were selfish. They gave outward service as a way to achieve national greatness. The chosen people did not become the light of the world, but shut themselves away from the world as a safeguard against idol worship. They perverted the restrictions forbidding intermarriage with the heathen and joining in the pagan practices of surrounding nations so that they built up a wall of partition between themselves and all other peoples. This shut from others the blessings God had commissioned Israel to give to the world.",
    "puborder": 1755,
    "translations": []
  }
]