[
  {
    "para_id": "2004.905",
    "id_prev": "2004.904",
    "id_next": "2004.906",
    "refcode_1": "3TT",
    "refcode_2": "158",
    "refcode_3": "",
    "refcode_4": "66",
    "refcode_short": "3TT 158",
    "refcode_long": "Testimony Treasures, vol. 3, p. 158 (Ellen Gould White)",
    "element_type": "h4",
    "element_subtype": "",
    "content": "Publication of Books",
    "puborder": 627,
    "translations": [
      {
        "para_id": "607.826",
        "lang": "de",
        "refcode": "Sch3 135"
      },
      {
        "para_id": "223.935",
        "lang": "fr",
        "refcode": "TE3 183"
      },
      {
        "para_id": "884.745",
        "lang": "it",
        "refcode": "TT3 97"
      },
      {
        "para_id": "12452.938",
        "lang": "nl",
        "refcode": "USG3 161"
      },
      {
        "para_id": "12247.826",
        "lang": "pl",
        "refcode": "SS3 113"
      },
      {
        "para_id": "1933.1066",
        "lang": "pt",
        "refcode": "TS3 111"
      }
    ]
  },
  {
    "para_id": "2004.906",
    "id_prev": "2004.905",
    "id_next": "2004.907",
    "refcode_1": "3TT",
    "refcode_2": "158",
    "refcode_3": "3",
    "refcode_4": "",
    "refcode_short": "3TT 158.3",
    "refcode_long": "Testimony Treasures, vol. 3, p. 158.3 (Ellen Gould White)",
    "element_type": "p",
    "element_subtype": "standard-indented",
    "content": "Let more time be given to the publication and circulation of books containing present truth. Call attention to books dwelling on practical faith and godliness and to those that treat on the prophetic word. The people are to be educated to read the sure word of prophecy in the light of the living oracles. They need to know that the signs of the times are fulfilling.",
    "puborder": 628,
    "translations": [
      {
        "para_id": "607.827",
        "lang": "de",
        "refcode": "Sch3 135.4"
      },
      {
        "para_id": "1694.891",
        "lang": "es",
        "refcode": "3JT 158.3"
      },
      {
        "para_id": "223.936",
        "lang": "fr",
        "refcode": "TE3 183.3"
      },
      {
        "para_id": "884.746",
        "lang": "it",
        "refcode": "TT3 97.6"
      },
      {
        "para_id": "12452.939",
        "lang": "nl",
        "refcode": "USG3 161.2"
      },
      {
        "para_id": "12247.827",
        "lang": "pl",
        "refcode": "SS3 113.1"
      },
      {
        "para_id": "1933.1067",
        "lang": "pt",
        "refcode": "TS3 111.1"
      }
    ]
  },
  {
    "para_id": "2004.907",
    "id_prev": "2004.906",
    "id_next": "2004.910",
    "refcode_1": "3TT",
    "refcode_2": "158",
    "refcode_3": "4",
    "refcode_4": "",
    "refcode_short": "3TT 158.4",
    "refcode_long": "Testimony Treasures, vol. 3, p. 158.4 (Ellen Gould White)",
    "element_type": "p",
    "element_subtype": "standard-indented",
    "content": "It is God alone who can give success either in preparing <span class=\"page-break\" data-page=\"159\"></span> or in circulating our publications. If in faith we maintain His principles, He will co-operate with us in placing the books in the hands of those whom they will benefit. The Holy Spirit is to be prayed for, trusted in, believed in. Humble, fervent prayer will do more to promote the circulation of our books than will all the expensive ornamentation in the world.",
    "puborder": 629,
    "translations": [
      {
        "para_id": "607.829",
        "lang": "de",
        "refcode": "Sch3 136.1"
      },
      {
        "para_id": "1694.892",
        "lang": "es",
        "refcode": "3JT 158.4"
      },
      {
        "para_id": "223.939",
        "lang": "fr",
        "refcode": "TE3 184.1"
      },
      {
        "para_id": "884.747",
        "lang": "it",
        "refcode": "TT3 97.7"
      },
      {
        "para_id": "12452.940",
        "lang": "nl",
        "refcode": "USG3 161.3"
      },
      {
        "para_id": "12247.828",
        "lang": "pl",
        "refcode": "SS3 113.2"
      },
      {
        "para_id": "1933.1068",
        "lang": "pt",
        "refcode": "TS3 111.2"
      }
    ]
  },
  {
    "para_id": "2004.910",
    "id_prev": "2004.907",
    "id_next": "2004.911",
    "refcode_1": "3TT",
    "refcode_2": "159",
    "refcode_3": "1",
    "refcode_4": "",
    "refcode_short": "3TT 159.1",
    "refcode_long": "Testimony Treasures, vol. 3, p. 159.1 (Ellen Gould White)",
    "element_type": "p",
    "element_subtype": "standard-indented",
    "content": "God has great and grand resources for man to lay hold of, and in the most simple manner will be developed the working of the divine agencies. The divine Teacher says: &ldquo;My Spirit alone is competent to teach and to convict of sin. Externals make only a temporary impression upon the mind. I will enforce truth on the conscience, and men shall be My witnesses, throughout the world asserting My claims on man&apos;s time, his money, his intellect. All these I purchased on the cross of Calvary. Use My entrusted talents to proclaim the truth in its simplicity. Let the gospel be sent to all parts of the world, awakening burdened souls to inquire: &lsquo;What must I do to be saved?&rsquo;&rdquo;",
    "puborder": 630,
    "translations": [
      {
        "para_id": "607.830",
        "lang": "de",
        "refcode": "Sch3 136.2"
      },
      {
        "para_id": "1694.892",
        "lang": "es",
        "refcode": "3JT 158.4"
      },
      {
        "para_id": "223.940",
        "lang": "fr",
        "refcode": "TE3 184.2"
      },
      {
        "para_id": "884.750",
        "lang": "it",
        "refcode": "TT3 98.1"
      },
      {
        "para_id": "12452.941",
        "lang": "nl",
        "refcode": "USG3 161.4"
      },
      {
        "para_id": "12247.830",
        "lang": "pl",
        "refcode": "SS3 113.4"
      },
      {
        "para_id": "1933.1071",
        "lang": "pt",
        "refcode": "TS3 111.3"
      }
    ]
  }
]