[
  {
    "para_id": "2004.1821",
    "id_prev": "2004.1819",
    "id_next": "2004.1822",
    "refcode_1": "3TT",
    "refcode_2": "311",
    "refcode_3": "",
    "refcode_4": "57",
    "refcode_short": "3TT 311",
    "refcode_long": "Testimony Treasures, vol. 3, p. 311 (Ellen Gould White)",
    "element_type": "h3",
    "element_subtype": "",
    "content": "Our Publications<sup class=\"footnote\"><a class=\"footnote\">*<span class=\"footnote\">1909, <span class=\"egwlink egwlink_book\" title=\"9T 61.1\" data-link=\"115.328\">Testimonies for the Church 9:61-64</span>.</span></a></sup>",
    "puborder": 1294,
    "translations": [
      {
        "para_id": "607.1686",
        "lang": "de",
        "refcode": "Sch3 267"
      },
      {
        "para_id": "1694.1800",
        "lang": "es",
        "refcode": "3JT 311"
      },
      {
        "para_id": "223.1907",
        "lang": "fr",
        "refcode": "TE3 372"
      },
      {
        "para_id": "884.1527",
        "lang": "it",
        "refcode": "TT3 198"
      },
      {
        "para_id": "12452.1907",
        "lang": "nl",
        "refcode": "USG3 321"
      },
      {
        "para_id": "12247.1662",
        "lang": "pl",
        "refcode": "SS3 217"
      },
      {
        "para_id": "1933.2169",
        "lang": "pt",
        "refcode": "TS3 220"
      }
    ]
  },
  {
    "para_id": "2004.1822",
    "id_prev": "2004.1821",
    "id_next": "2004.1823",
    "refcode_1": "3TT",
    "refcode_2": "311",
    "refcode_3": "1",
    "refcode_4": "",
    "refcode_short": "3TT 311.1",
    "refcode_long": "Testimony Treasures, vol. 3, p. 311.1 (Ellen Gould White)",
    "element_type": "p",
    "element_subtype": "standard-indented",
    "content": "The great and wonderful work of the last gospel message is to be carried on now as it has never been before. The world is to receive the light of truth through an evangelizing ministry of the word in our books and periodicals. Our publications are to show that the end of all things is at hand. I am bidden to say to our publishing houses: &ldquo;Lift up the standard; lift it up higher. Proclaim the third angel&apos;s message, that it may be heard by all the world. Let it be seen that &lsquo;here are they that keep the commandments of God, and the faith of Jesus.&rsquo; <span class=\"egwlink egwlink_bible\" title=\"Revelation 14:12\" data-link=\"1965.63126\">Revelation 14:12</span>. Let our literature give the message as a witness to all the world.&rdquo;",
    "puborder": 1295,
    "translations": [
      {
        "para_id": "607.1687",
        "lang": "de",
        "refcode": "Sch3 267.2"
      },
      {
        "para_id": "1694.1801",
        "lang": "es",
        "refcode": "3JT 311.1"
      },
      {
        "para_id": "223.1908",
        "lang": "fr",
        "refcode": "TE3 372.1"
      },
      {
        "para_id": "884.1528",
        "lang": "it",
        "refcode": "TT3 198.1"
      },
      {
        "para_id": "12452.1908",
        "lang": "nl",
        "refcode": "USG3 321.2"
      },
      {
        "para_id": "12247.1663",
        "lang": "pl",
        "refcode": "SS3 217.4"
      },
      {
        "para_id": "1933.2171",
        "lang": "pt",
        "refcode": "TS3 220.3"
      }
    ]
  },
  {
    "para_id": "2004.1823",
    "id_prev": "2004.1822",
    "id_next": "2004.1824",
    "refcode_1": "3TT",
    "refcode_2": "311",
    "refcode_3": "2",
    "refcode_4": "",
    "refcode_short": "3TT 311.2",
    "refcode_long": "Testimony Treasures, vol. 3, p. 311.2 (Ellen Gould White)",
    "element_type": "p",
    "element_subtype": "standard-indented",
    "content": "Our workers should now be encouraged to give their first attention to books that deal with the evidences of our faith&mdash;books that teach the doctrines of the Bible and that will prepare a people to stand in the trying times before us. Having brought a people to the enlightenment of the truth by prayerful labor in Bible instruction, and through a wise use of our publications, we are to teach them to become laborers in word and doctrine. We are to encourage them to scatter the books that deal with Bible subjects&mdash;books the teachings of which will prepare a people to stand, having their loins girded with truth and their lamps burning.",
    "puborder": 1296,
    "translations": [
      {
        "para_id": "607.1688",
        "lang": "de",
        "refcode": "Sch3 267.3"
      },
      {
        "para_id": "1694.1802",
        "lang": "es",
        "refcode": "3JT 311.2"
      },
      {
        "para_id": "223.1909",
        "lang": "fr",
        "refcode": "TE3 372.2"
      },
      {
        "para_id": "884.1529",
        "lang": "it",
        "refcode": "TT3 198.2"
      },
      {
        "para_id": "12452.1909",
        "lang": "nl",
        "refcode": "USG3 321.3"
      },
      {
        "para_id": "12247.1665",
        "lang": "pl",
        "refcode": "SS3 218.1"
      },
      {
        "para_id": "1933.2173",
        "lang": "pt",
        "refcode": "TS3 221.1"
      }
    ]
  },
  {
    "para_id": "2004.1824",
    "id_prev": "2004.1823",
    "id_next": "2004.1826",
    "refcode_1": "3TT",
    "refcode_2": "311",
    "refcode_3": "3",
    "refcode_4": "",
    "refcode_short": "3TT 311.3",
    "refcode_long": "Testimony Treasures, vol. 3, p. 311.3 (Ellen Gould White)",
    "element_type": "p",
    "element_subtype": "standard-indented",
    "content": "We have been asleep, as it were, regarding the work that may be accomplished by the circulation of well-prepared literature. Let us now, by the wise use of periodicals and books, preach the word with determined energy, that the world may understand the message that Christ gave to John on the Isle of Patmos. Let every human intelligence who professes the name of Christ testify: &ldquo;The end of all things is at hand; prepare to meet thy God.&rdquo;",
    "puborder": 1297,
    "translations": [
      {
        "para_id": "607.1691",
        "lang": "de",
        "refcode": "Sch3 268.1"
      },
      {
        "para_id": "1694.1803",
        "lang": "es",
        "refcode": "3JT 311.3"
      },
      {
        "para_id": "223.1912",
        "lang": "fr",
        "refcode": "TE3 373.1"
      },
      {
        "para_id": "884.1530",
        "lang": "it",
        "refcode": "TT3 198.3"
      },
      {
        "para_id": "12452.1913",
        "lang": "nl",
        "refcode": "USG3 322.1"
      },
      {
        "para_id": "12247.1666",
        "lang": "pl",
        "refcode": "SS3 218.2"
      },
      {
        "para_id": "1933.2174",
        "lang": "pt",
        "refcode": "TS3 221.2"
      }
    ]
  }
]