[
  {
    "para_id": "2004.555",
    "id_prev": "2004.554",
    "id_next": "2004.556",
    "refcode_1": "3TT",
    "refcode_2": "99",
    "refcode_3": "",
    "refcode_4": "43",
    "refcode_short": "3TT 99",
    "refcode_long": "Testimony Treasures, vol. 3, p. 99 (Ellen Gould White)",
    "element_type": "h4",
    "element_subtype": "",
    "content": "Lightening the Pathway of Others",
    "puborder": 379,
    "translations": [
      {
        "para_id": "607.502",
        "lang": "de",
        "refcode": "Sch3 84"
      },
      {
        "para_id": "223.579",
        "lang": "fr",
        "refcode": "TE3 113"
      },
      {
        "para_id": "884.444",
        "lang": "it",
        "refcode": "TT3 59"
      },
      {
        "para_id": "12452.573",
        "lang": "nl",
        "refcode": "USG3 100"
      },
      {
        "para_id": "12247.509",
        "lang": "pl",
        "refcode": "SS3 71"
      },
      {
        "para_id": "1933.641",
        "lang": "pt",
        "refcode": "TS3 68"
      }
    ]
  },
  {
    "para_id": "2004.556",
    "id_prev": "2004.555",
    "id_next": "2004.559",
    "refcode_1": "3TT",
    "refcode_2": "99",
    "refcode_3": "3",
    "refcode_4": "",
    "refcode_short": "3TT 99.3",
    "refcode_long": "Testimony Treasures, vol. 3, p. 99.3 (Ellen Gould White)",
    "element_type": "p",
    "element_subtype": "standard-indented",
    "content": "Remember, my dear brother and sister, that God is love and that by His grace you can succeed in making each other happy, as in your marriage pledge you promised to do. And in the strength of the Redeemer you can work with wisdom and power to help some crooked life to be straight in God. What is there that Christ cannot do? He is perfect in wisdom, in righteousness, in love. Do not shut yourselves up to yourselves, satisfied to pour out all your affection upon each other. Seize every opportunity to contribute to the happiness of those around you, sharing with them your affection. Words of kindness, looks of sympathy, expressions of <span class=\"page-break\" data-page=\"100\"></span> appreciation, would to many a struggling, lonely one be as a cup of cold water to a thirsty soul. A word of cheer, an act of kindness, would go far to lighten the burdens that are resting heavily upon weary shoulders. It is in unselfish ministry that true happiness is found. And every word and deed of such service is recorded in the books of heaven as done for Christ. &ldquo;Inasmuch as ye have done it unto one of the least of these My brethren,&rdquo; He declares, &ldquo;ye have done it unto Me.&rdquo; <span class=\"egwlink egwlink_bible\" title=\"Matthew 25:40\" data-link=\"1965.49093\">Matthew 25:40</span>.",
    "puborder": 380,
    "translations": [
      {
        "para_id": "607.503",
        "lang": "de",
        "refcode": "Sch3 84.1"
      },
      {
        "para_id": "607.504",
        "lang": "de",
        "refcode": "Sch3 84.2"
      },
      {
        "para_id": "1694.555",
        "lang": "es",
        "refcode": "3JT 99.4"
      },
      {
        "para_id": "223.580",
        "lang": "fr",
        "refcode": "TE3 113.3"
      },
      {
        "para_id": "884.445",
        "lang": "it",
        "refcode": "TT3 59.7"
      },
      {
        "para_id": "12452.574",
        "lang": "nl",
        "refcode": "USG3 100.1"
      },
      {
        "para_id": "12247.510",
        "lang": "pl",
        "refcode": "SS3 71.4"
      },
      {
        "para_id": "1933.642",
        "lang": "pt",
        "refcode": "TS3 68.1"
      }
    ]
  },
  {
    "para_id": "2004.559",
    "id_prev": "2004.556",
    "id_next": "2004.560",
    "refcode_1": "3TT",
    "refcode_2": "100",
    "refcode_3": "1",
    "refcode_4": "",
    "refcode_short": "3TT 100.1",
    "refcode_long": "Testimony Treasures, vol. 3, p. 100.1 (Ellen Gould White)",
    "element_type": "p",
    "element_subtype": "standard-indented",
    "content": "Live in the sunshine of the Saviour&apos;s love. Then your influence will bless the world. Let the Spirit of Christ control you. Let the law of kindness be ever on your lips. Forbearance and unselfishness mark the words and actions of those who are born again, to live the new life in Christ.\n",
    "puborder": 381,
    "translations": [
      {
        "para_id": "607.505",
        "lang": "de",
        "refcode": "Sch3 84.3"
      },
      {
        "para_id": "1694.558",
        "lang": "es",
        "refcode": "3JT 100.1"
      },
      {
        "para_id": "223.583",
        "lang": "fr",
        "refcode": "TE3 114.1"
      },
      {
        "para_id": "884.448",
        "lang": "it",
        "refcode": "TT3 60.1"
      },
      {
        "para_id": "12452.575",
        "lang": "nl",
        "refcode": "USG3 100.2"
      },
      {
        "para_id": "12247.513",
        "lang": "pl",
        "refcode": "SS3 72.1"
      },
      {
        "para_id": "1933.645",
        "lang": "pt",
        "refcode": "TS3 68.2"
      }
    ]
  },
  {
    "para_id": "2004.560",
    "id_prev": "2004.559",
    "id_next": "2004.561",
    "refcode_1": "3TT",
    "refcode_2": "100",
    "refcode_3": "",
    "refcode_4": "",
    "refcode_short": "",
    "refcode_long": "",
    "element_type": "p",
    "element_subtype": "thoughtbreak",
    "content": "*****",
    "puborder": 382,
    "translations": [
      {
        "para_id": "1694.559",
        "lang": "es",
        "refcode": "Testimony Treasures, vol. 3"
      },
      {
        "para_id": "223.584",
        "lang": "fr",
        "refcode": "Testimony Treasures, vol. 3"
      }
    ]
  },
  {
    "para_id": "2004.561",
    "id_prev": "2004.560",
    "id_next": "2004.562",
    "refcode_1": "3TT",
    "refcode_2": "100",
    "refcode_3": "2",
    "refcode_4": "",
    "refcode_short": "3TT 100.2",
    "refcode_long": "Testimony Treasures, vol. 3, p. 100.2 (Ellen Gould White)",
    "element_type": "p",
    "element_subtype": "standard-indented",
    "content": "&ldquo;None of us liveth to himself.&rdquo; The character will manifest itself. The looks, the tone of the voice, the actions,&mdash;all have their influence in making or marring the happiness of the domestic circle. They are molding the temper and character of the children; they are inspiring or tending to destroy confidence and love. All are made either better or worse, happy or miserable, by these influences. We owe our families the knowledge of the word brought into practical life. All that it is possible for us to be to purify, enlighten, comfort, and encourage those connected with us in family relation should be done.\n",
    "puborder": 383,
    "translations": [
      {
        "para_id": "607.507",
        "lang": "de",
        "refcode": "Sch3 85.1"
      },
      {
        "para_id": "1694.560",
        "lang": "es",
        "refcode": "3JT 100.2"
      },
      {
        "para_id": "223.585",
        "lang": "fr",
        "refcode": "TE3 114.2"
      },
      {
        "para_id": "884.449",
        "lang": "it",
        "refcode": "TT3 60.2"
      },
      {
        "para_id": "12452.576",
        "lang": "nl",
        "refcode": "USG3 100.3"
      },
      {
        "para_id": "12247.514",
        "lang": "pl",
        "refcode": "SS3 72.2"
      },
      {
        "para_id": "1933.646",
        "lang": "pt",
        "refcode": "TS3 68.3"
      }
    ]
  },
  {
    "para_id": "2004.562",
    "id_prev": "2004.561",
    "id_next": "2004.563",
    "refcode_1": "3TT",
    "refcode_2": "100",
    "refcode_3": "",
    "refcode_4": "",
    "refcode_short": "",
    "refcode_long": "",
    "element_type": "p",
    "element_subtype": "thoughtbreak",
    "content": "*****",
    "puborder": 384,
    "translations": [
      {
        "para_id": "1694.561",
        "lang": "es",
        "refcode": "Testimony Treasures, vol. 3"
      },
      {
        "para_id": "223.588",
        "lang": "fr",
        "refcode": "Testimony Treasures, vol. 3"
      },
      {
        "para_id": "12247.515",
        "lang": "pl",
        "refcode": "Testimony Treasures, vol. 3"
      }
    ]
  },
  {
    "para_id": "2004.563",
    "id_prev": "2004.562",
    "id_next": "2004.567",
    "refcode_1": "3TT",
    "refcode_2": "100",
    "refcode_3": "3",
    "refcode_4": "",
    "refcode_short": "3TT 100.3",
    "refcode_long": "Testimony Treasures, vol. 3, p. 100.3 (Ellen Gould White)",
    "element_type": "p",
    "element_subtype": "standard-indented",
    "content": "There are many in our world who are starving for the love and sympathy which should be given them. Many men love their wives, but are too selfish to manifest it. They have a false dignity and pride, and will not show their love by words and deeds. There are many men who never know how starved is the heart of the wife for words of tender <span class=\"page-break\" data-page=\"101\"></span> appreciation and affection. They bury their loved ones from their sight and murmur at the providence of God that has deprived them of their companions, when, could they look into the inner life of those companions, they would see that their own course was the cause of their premature death. The religion of Christ will lead us to be kind and courteous and not so tenacious of our opinions. We should die to self, and esteem others better than ourselves.&mdash;1875, <span class=\"egwlink egwlink_book\" title=\"3T 527.1\" data-link=\"119.2481\">Testimonies for the Church 3:527, 528</span>.",
    "puborder": 385,
    "translations": [
      {
        "para_id": "607.508",
        "lang": "de",
        "refcode": "Sch3 85.2"
      },
      {
        "para_id": "1694.562",
        "lang": "es",
        "refcode": "3JT 100.3"
      },
      {
        "para_id": "223.589",
        "lang": "fr",
        "refcode": "TE3 115.1"
      },
      {
        "para_id": "884.450",
        "lang": "it",
        "refcode": "TT3 60.3"
      },
      {
        "para_id": "12452.579",
        "lang": "nl",
        "refcode": "USG3 101.1"
      },
      {
        "para_id": "12247.516",
        "lang": "pl",
        "refcode": "SS3 72.3"
      },
      {
        "para_id": "1933.647",
        "lang": "pt",
        "refcode": "TS3 68.4"
      }
    ]
  }
]