[
  {
    "para_id": "2004.1833",
    "id_prev": "2004.1830",
    "id_next": "2004.1834",
    "refcode_1": "3TT",
    "refcode_2": "313",
    "refcode_3": "",
    "refcode_4": "144",
    "refcode_short": "3TT 313",
    "refcode_long": "Testimony Treasures, vol. 3, p. 313 (Ellen Gould White)",
    "element_type": "h4",
    "element_subtype": "",
    "content": "Fulfilling the Great Commission",
    "puborder": 1303,
    "translations": [
      {
        "para_id": "607.1699",
        "lang": "de",
        "refcode": "Sch3 269"
      },
      {
        "para_id": "1694.1813",
        "lang": "es",
        "refcode": "3JT 313"
      },
      {
        "para_id": "223.1922",
        "lang": "fr",
        "refcode": "TE3 375"
      },
      {
        "para_id": "884.1538",
        "lang": "it",
        "refcode": "TT3 199"
      },
      {
        "para_id": "12452.1923",
        "lang": "nl",
        "refcode": "USG3 324"
      },
      {
        "para_id": "12247.1674",
        "lang": "pl",
        "refcode": "SS3 219"
      },
      {
        "para_id": "1933.2185",
        "lang": "pt",
        "refcode": "TS3 222"
      }
    ]
  },
  {
    "para_id": "2004.1834",
    "id_prev": "2004.1833",
    "id_next": "2004.1835",
    "refcode_1": "3TT",
    "refcode_2": "313",
    "refcode_3": "1",
    "refcode_4": "",
    "refcode_short": "3TT 313.1",
    "refcode_long": "Testimony Treasures, vol. 3, p. 313.1 (Ellen Gould White)",
    "element_type": "p",
    "element_subtype": "standard-indented",
    "content": "If we are making the life and teachings of Christ our study, every passing event will furnish a text for an impressive discourse. It was thus the Saviour preached the gospel in the highways and byways; and as He spoke, the little group that listened to Him swelled to a great company. Present-day evangelists are to be workers together with Christ. These, just as verily as the first disciples, have the assurance: &ldquo;All power is given unto Me in heaven and in earth. Go ye therefore, and teach all nations, baptizing them in the name of the Father, and of the Son, and of the Holy Ghost: teaching them to observe all things whatsoever I have commanded you: and, lo, I am with you alway, even unto the end of the world.&rdquo; <span class=\"egwlink egwlink_bible\" title=\"Matthew 28:18\" data-link=\"1965.49426\">Matthew 28:18-20</span>.",
    "puborder": 1304,
    "translations": [
      {
        "para_id": "607.1700",
        "lang": "de",
        "refcode": "Sch3 269.2"
      },
      {
        "para_id": "1694.1814",
        "lang": "es",
        "refcode": "3JT 313.2"
      },
      {
        "para_id": "223.1923",
        "lang": "fr",
        "refcode": "TE3 375.1"
      },
      {
        "para_id": "884.1539",
        "lang": "it",
        "refcode": "TT3 199.3"
      },
      {
        "para_id": "12452.1924",
        "lang": "nl",
        "refcode": "USG3 324.1"
      },
      {
        "para_id": "12247.1675",
        "lang": "pl",
        "refcode": "SS3 219.2"
      },
      {
        "para_id": "1933.2186",
        "lang": "pt",
        "refcode": "TS3 222.2"
      }
    ]
  },
  {
    "para_id": "2004.1835",
    "id_prev": "2004.1834",
    "id_next": "2004.1838",
    "refcode_1": "3TT",
    "refcode_2": "313",
    "refcode_3": "2",
    "refcode_4": "",
    "refcode_short": "3TT 313.2",
    "refcode_long": "Testimony Treasures, vol. 3, p. 313.2 (Ellen Gould White)",
    "element_type": "p",
    "element_subtype": "standard-indented",
    "content": "The work to be carried on by the people of God is declared in the words of Inspiration: &ldquo;Behold, I send My messenger before Thy face, which shall prepare Thy way before Thee. The voice of one crying in the wilderness, Prepare ye the way of the Lord, make His paths straight.&rdquo; <span class=\"egwlink egwlink_bible\" title=\"Mark 1:2\" data-link=\"1965.49436\">Mark 1:2, 3</span>. &ldquo;Behold My servant, whom I uphold; Mine elect, in whom My soul delighteth; I have put My Spirit upon Him: He shall bring forth judgment to the Gentiles. ... He shall <span class=\"page-break\" data-page=\"314\"></span> not fail nor be discouraged, till He have set judgment in the earth: and the isles shall wait for His law.&rdquo; <span class=\"egwlink egwlink_bible\" title=\"Isaiah 42:1\" data-link=\"1965.37709\">Isaiah 42:1-4</span>.",
    "puborder": 1305,
    "translations": [
      {
        "para_id": "607.1702",
        "lang": "de",
        "refcode": "Sch3 270.1"
      },
      {
        "para_id": "1694.1815",
        "lang": "es",
        "refcode": "3JT 313.3"
      },
      {
        "para_id": "223.1924",
        "lang": "fr",
        "refcode": "TE3 375.2"
      },
      {
        "para_id": "884.1540",
        "lang": "it",
        "refcode": "TT3 199.4"
      },
      {
        "para_id": "12452.1925",
        "lang": "nl",
        "refcode": "USG3 324.2"
      },
      {
        "para_id": "12247.1677",
        "lang": "pl",
        "refcode": "SS3 219.4"
      },
      {
        "para_id": "12247.1676",
        "lang": "pl",
        "refcode": "SS3 219.3"
      },
      {
        "para_id": "1933.2187",
        "lang": "pt",
        "refcode": "TS3 222.3"
      }
    ]
  },
  {
    "para_id": "2004.1838",
    "id_prev": "2004.1835",
    "id_next": "2004.1840",
    "refcode_1": "3TT",
    "refcode_2": "314",
    "refcode_3": "1",
    "refcode_4": "",
    "refcode_short": "3TT 314.1",
    "refcode_long": "Testimony Treasures, vol. 3, p. 314.1 (Ellen Gould White)",
    "element_type": "p",
    "element_subtype": "standard-indented",
    "content": "God invites all men to the fullest investigation of the claims of His law. His word is sacred and infinite. The cause of truth is to go forth as a lamp that burneth. Earnest study of the word of God will reveal the truth. Sin and wrong will not be sustained, but the law of God will be vindicated. &ldquo;Thus saith God the Lord, He that created the heavens, and stretched them out; He that spread forth the earth, and that which cometh out of it; He that giveth breath unto the people upon it, and spirit to them that walk therein: I the Lord have called thee in righteousness, and will hold thine hand, and will keep thee, and give thee for a covenant of the people, for a light of the Gentiles; to open the blind eyes, to bring out the prisoners from the prison, and them that sit in darkness out of the prison house.&rdquo; <span class=\"egwlink egwlink_bible\" title=\"Isaiah 42:5\" data-link=\"1965.37717\">Verses 5-7</span>. Christians are to seek their light from the word of God and then in faith go forth to give that light to those who sit in darkness.",
    "puborder": 1306,
    "translations": [
      {
        "para_id": "607.1703",
        "lang": "de",
        "refcode": "Sch3 270.2"
      },
      {
        "para_id": "1694.1818",
        "lang": "es",
        "refcode": "3JT 314.1"
      },
      {
        "para_id": "223.1925",
        "lang": "fr",
        "refcode": "TE3 375.3"
      },
      {
        "para_id": "884.1541",
        "lang": "it",
        "refcode": "TT3 199.5"
      },
      {
        "para_id": "12452.1928",
        "lang": "nl",
        "refcode": "USG3 325.1"
      },
      {
        "para_id": "12452.1926",
        "lang": "nl",
        "refcode": "USG3 324.3"
      },
      {
        "para_id": "12247.1678",
        "lang": "pl",
        "refcode": "SS3 219.5"
      },
      {
        "para_id": "1933.2190",
        "lang": "pt",
        "refcode": "TS3 222.4"
      }
    ]
  }
]