[
  {
    "para_id": "2004.1219",
    "id_prev": "2004.1217",
    "id_next": "2004.1220",
    "refcode_1": "3TT",
    "refcode_2": "211",
    "refcode_3": "",
    "refcode_4": "85",
    "refcode_short": "3TT 211",
    "refcode_long": "Testimony Treasures, vol. 3, p. 211 (Ellen Gould White)",
    "element_type": "h4",
    "element_subtype": "",
    "content": "Perfect Unity First",
    "puborder": 856,
    "translations": [
      {
        "para_id": "607.1114",
        "lang": "de",
        "refcode": "Sch3 180"
      },
      {
        "para_id": "1694.1196",
        "lang": "es",
        "refcode": "3JT 210"
      },
      {
        "para_id": "223.1263",
        "lang": "fr",
        "refcode": "TE3 247"
      },
      {
        "para_id": "884.1014",
        "lang": "it",
        "refcode": "TT3 133"
      },
      {
        "para_id": "12452.1272",
        "lang": "nl",
        "refcode": "USG3 216"
      },
      {
        "para_id": "12247.1112",
        "lang": "pl",
        "refcode": "SS3 148"
      },
      {
        "para_id": "1933.1445",
        "lang": "pt",
        "refcode": "TS3 148"
      }
    ]
  },
  {
    "para_id": "2004.1220",
    "id_prev": "2004.1219",
    "id_next": "2004.1221",
    "refcode_1": "3TT",
    "refcode_2": "211",
    "refcode_3": "1",
    "refcode_4": "",
    "refcode_short": "3TT 211.1",
    "refcode_long": "Testimony Treasures, vol. 3, p. 211.1 (Ellen Gould White)",
    "element_type": "p",
    "element_subtype": "standard-indented",
    "content": "Notice that it was after the disciples had come into perfect unity, when they were no longer striving for the highest place, that the Spirit was poured out. They were of one accord. All differences had been put away. And the testimony borne of them after the Spirit had been given is the same. Mark the word: &ldquo;The multitude of them that believed were of one heart and of one soul.&rdquo; <span class=\"egwlink egwlink_bible\" title=\"Acts 4:32\" data-link=\"1965.55177\">Acts 4:32</span>. The Spirit of Him who died that sinners might live animated the entire congregation of believers.",
    "puborder": 857,
    "translations": [
      {
        "para_id": "607.1115",
        "lang": "de",
        "refcode": "Sch3 180.1"
      },
      {
        "para_id": "1694.1198",
        "lang": "es",
        "refcode": "3JT 210.4"
      },
      {
        "para_id": "223.1264",
        "lang": "fr",
        "refcode": "TE3 247.3"
      },
      {
        "para_id": "884.1015",
        "lang": "it",
        "refcode": "TT3 133.2"
      },
      {
        "para_id": "12452.1273",
        "lang": "nl",
        "refcode": "USG3 216.3"
      },
      {
        "para_id": "12247.1113",
        "lang": "pl",
        "refcode": "SS3 148.4"
      },
      {
        "para_id": "1933.1446",
        "lang": "pt",
        "refcode": "TS3 148.4"
      }
    ]
  },
  {
    "para_id": "2004.1221",
    "id_prev": "2004.1220",
    "id_next": "2004.1222",
    "refcode_1": "3TT",
    "refcode_2": "211",
    "refcode_3": "2",
    "refcode_4": "",
    "refcode_short": "3TT 211.2",
    "refcode_long": "Testimony Treasures, vol. 3, p. 211.2 (Ellen Gould White)",
    "element_type": "p",
    "element_subtype": "standard-indented",
    "content": "The disciples did not ask for a blessing for themselves. They were weighted with the burden of souls. The gospel was to be carried to the ends of the earth, and they claimed the endowment of power that Christ had promised. Then it was that the Holy Spirit was poured out, and thousands were converted in a day.",
    "puborder": 858,
    "translations": [
      {
        "para_id": "607.1116",
        "lang": "de",
        "refcode": "Sch3 180.2"
      },
      {
        "para_id": "1694.1201",
        "lang": "es",
        "refcode": "3JT 211.1"
      },
      {
        "para_id": "223.1265",
        "lang": "fr",
        "refcode": "TE3 247.4"
      },
      {
        "para_id": "884.1016",
        "lang": "it",
        "refcode": "TT3 133.3"
      },
      {
        "para_id": "12452.1274",
        "lang": "nl",
        "refcode": "USG3 216.4"
      },
      {
        "para_id": "12247.1116",
        "lang": "pl",
        "refcode": "SS3 149.1"
      },
      {
        "para_id": "1933.1447",
        "lang": "pt",
        "refcode": "TS3 148.5"
      }
    ]
  },
  {
    "para_id": "2004.1222",
    "id_prev": "2004.1221",
    "id_next": "2004.1223",
    "refcode_1": "3TT",
    "refcode_2": "211",
    "refcode_3": "3",
    "refcode_4": "",
    "refcode_short": "3TT 211.3",
    "refcode_long": "Testimony Treasures, vol. 3, p. 211.3 (Ellen Gould White)",
    "element_type": "p",
    "element_subtype": "standard-indented",
    "content": "So it may be now. Let Christians put away all dissension and give themselves to God for the saving of the lost. Let them ask in faith for the promised blessing, and it will come. The outpouring of the Spirit in the days of the apostles was &ldquo;the former rain,&rdquo; and glorious was the result. But the latter rain will be more abundant. What is the promise to those living in these last days? &ldquo;Turn you to the stronghold, ye prisoners of hope: even today do I declare that I will render double unto thee.&rdquo; &ldquo;Ask ye of the Lord rain in the time of the latter rain; so the Lord shall make bright clouds, and give them showers of rain, to every one grass in the field.&rdquo; <span class=\"egwlink egwlink_bible\" title=\"Zechariah 9:12\" data-link=\"1965.46983\">Zechariah 9:12</span>; <span class=\"egwlink egwlink_bible\" title=\"Zechariah 10:1\" data-link=\"1965.46996\">10:1</span>.",
    "puborder": 859,
    "translations": [
      {
        "para_id": "607.1117",
        "lang": "de",
        "refcode": "Sch3 180.3"
      },
      {
        "para_id": "1694.1203",
        "lang": "es",
        "refcode": "3JT 211.2"
      },
      {
        "para_id": "223.1268",
        "lang": "fr",
        "refcode": "TE3 248.1"
      },
      {
        "para_id": "884.1017",
        "lang": "it",
        "refcode": "TT3 133.4"
      },
      {
        "para_id": "12452.1275",
        "lang": "nl",
        "refcode": "USG3 216.5"
      },
      {
        "para_id": "12247.1117",
        "lang": "pl",
        "refcode": "SS3 149.2"
      },
      {
        "para_id": "1933.1448",
        "lang": "pt",
        "refcode": "TS3 148.6"
      }
    ]
  }
]