[
  {
    "para_id": "125.1809",
    "id_prev": "125.1808",
    "id_next": "125.1810",
    "refcode_1": "TSDF",
    "refcode_2": "124",
    "refcode_3": "",
    "refcode_4": "32",
    "refcode_short": "TSDF 124",
    "refcode_long": "Testimony Studies on Diet and Foods, p. 124 (Ellen Gould White)",
    "element_type": "h3",
    "element_subtype": "",
    "content": "Chapter 32&mdash;Olives and Olive Oil",
    "puborder": 1609,
    "translations": []
  },
  {
    "para_id": "125.1810",
    "id_prev": "125.1809",
    "id_next": "125.1811",
    "refcode_1": "TSDF",
    "refcode_2": "124",
    "refcode_3": "",
    "refcode_4": "495",
    "refcode_short": "TSDF 124",
    "refcode_long": "Testimony Studies on Diet and Foods, p. 124 (Ellen Gould White)",
    "element_type": "h5",
    "element_subtype": "",
    "content": "<span class=\"egwlink egwlink_book\" title=\"MH 298.1\" data-link=\"135.1504\">The Ministry of Healing, 298</span>",
    "puborder": 1610,
    "translations": []
  },
  {
    "para_id": "125.1811",
    "id_prev": "125.1810",
    "id_next": "125.1812",
    "refcode_1": "TSDF",
    "refcode_2": "124",
    "refcode_3": "8",
    "refcode_4": "",
    "refcode_short": "TSDF 124.8",
    "refcode_long": "Testimony Studies on Diet and Foods, p. 124.8 (Ellen Gould White)",
    "element_type": "p",
    "element_subtype": "standard-indented",
    "content": "When properly prepared, olives, like nuts, supply the place of butter and flesh-meats. The oil, as eaten in the olive, is far preferable to animal oil or fat. It serves as a laxative. Its use will be found beneficial to consumptives and it is healing to an inflamed, irritated stomach.",
    "puborder": 1611,
    "translations": []
  },
  {
    "para_id": "125.1812",
    "id_prev": "125.1811",
    "id_next": "125.1813",
    "refcode_1": "TSDF",
    "refcode_2": "124",
    "refcode_3": "",
    "refcode_4": "496",
    "refcode_short": "TSDF 124",
    "refcode_long": "Testimony Studies on Diet and Foods, p. 124 (Ellen Gould White)",
    "element_type": "h5",
    "element_subtype": "",
    "content": "<span class=\"egwlink egwlink_book\" title=\"7T 134.1\" data-link=\"117.725\">Testimonies for the Church 7:134</span>",
    "puborder": 1612,
    "translations": []
  },
  {
    "para_id": "125.1813",
    "id_prev": "125.1812",
    "id_next": "125.1814",
    "refcode_1": "TSDF",
    "refcode_2": "124",
    "refcode_3": "9",
    "refcode_4": "",
    "refcode_short": "TSDF 124.9",
    "refcode_long": "Testimony Studies on Diet and Foods, p. 124.9 (Ellen Gould White)",
    "element_type": "p",
    "element_subtype": "standard-indented",
    "content": "Olives may be so prepared as to be eaten with good results at every meal. The advantages sought by the use of butter may be obtained by the eating of properly prepared olives. The oil in the olives relieves constipation, and for consumptives, and for those who have inflamed, irritated stomachs, it is better than any drug. As a food it is better than any oil coming second-hand from animals.",
    "puborder": 1613,
    "translations": []
  },
  {
    "para_id": "125.1814",
    "id_prev": "125.1813",
    "id_next": "125.1815",
    "refcode_1": "TSDF",
    "refcode_2": "124",
    "refcode_3": "",
    "refcode_4": "",
    "refcode_short": "",
    "refcode_long": "",
    "element_type": "p",
    "element_subtype": "thoughtbreak",
    "content": "*****",
    "puborder": 1614,
    "translations": []
  },
  {
    "para_id": "125.1815",
    "id_prev": "125.1814",
    "id_next": "125.1816",
    "refcode_1": "TSDF",
    "refcode_2": "124",
    "refcode_3": "",
    "refcode_4": "497",
    "refcode_short": "TSDF 124",
    "refcode_long": "Testimony Studies on Diet and Foods, p. 124 (Ellen Gould White)",
    "element_type": "h5",
    "element_subtype": "",
    "content": "<span class=\"egwlink egwlink_book\" title=\"Lt 90, 1903\" data-link=\"14068.9650001\">Letter 90, 1903</span>",
    "puborder": 1615,
    "translations": []
  },
  {
    "para_id": "125.1816",
    "id_prev": "125.1815",
    "id_next": "125.1818",
    "refcode_1": "TSDF",
    "refcode_2": "124",
    "refcode_3": "10",
    "refcode_4": "",
    "refcode_short": "TSDF 124.10",
    "refcode_long": "Testimony Studies on Diet and Foods, p. 124.10 (Ellen Gould White)",
    "element_type": "p",
    "element_subtype": "standard-indented",
    "content": "In the work of educating our nurses, we may reach a high standard in the knowledge of the true science of healing. That which is of most importance is that the students be taught how to truly represent the principles of health reform. Teach the students to pursue this line of study faithfully, combined with other essential lines of education. The grace of Jesus Christ will give wisdom to all who will follow the Lord&apos;s plan of true education.",
    "puborder": 1616,
    "translations": []
  }
]