{
  "book_id": 1060,
  "code": "ARSH",
  "lang": "en",
  "type": "periodical",
  "subtype": "",
  "title": "The Advent Review and Sabbath Herald, vol. 73",
  "first_para": "1060.2",
  "author": "Alonzo Trevier Jones",
  "description": "",
  "npages": 0,
  "isbn": null,
  "publisher": "Review and Herald, Battle Creek, Michigan",
  "pub_year": "1896",
  "buy_link": null,
  "folder_id": 150,
  "cover": {},
  "files": {},
  "permission_required": "public",
  "sort": 270000014,
  "is_audiobook": false,
  "cite": "",
  "translated_into": []
}