[
  {
    "para_id": "665.1561",
    "id_prev": "665.1560",
    "id_next": "665.1562",
    "refcode_1": "WV",
    "refcode_2": "168",
    "refcode_3": "",
    "refcode_4": "107",
    "refcode_short": "WV 168",
    "refcode_long": "Ellen White: Woman of Vision, p. 168 (Arthur Lacey White)",
    "element_type": "h4",
    "element_subtype": "",
    "content": "Organization Of The California Conference",
    "puborder": 1312,
    "translations": []
  },
  {
    "para_id": "665.1562",
    "id_prev": "665.1561",
    "id_next": "665.1563",
    "refcode_1": "WV",
    "refcode_2": "168",
    "refcode_3": "8",
    "refcode_4": "",
    "refcode_short": "WV 168.8",
    "refcode_long": "Ellen White: Woman of Vision, p. 168.8 (Arthur Lacey White)",
    "element_type": "p",
    "element_subtype": "standard-indented",
    "content": "The California state meeting was held February 14-18, in Bloomfield, and of course the Whites were there. In his report for the <em>Review</em>, Loughborough stated:",
    "puborder": 1313,
    "translations": []
  },
  {
    "para_id": "665.1563",
    "id_prev": "665.1562",
    "id_next": "665.1566",
    "refcode_1": "WV",
    "refcode_2": "168",
    "refcode_3": "9",
    "refcode_4": "",
    "refcode_short": "WV 168.9",
    "refcode_long": "Ellen White: Woman of Vision, p. 168.9 (Arthur Lacey White)",
    "element_type": "p",
    "element_subtype": "blockquote-indented",
    "content": "Everything moved off with perfect harmony and good feeling, and it was the source of deepest gratitude to us all that we were favored in our <span class=\"page-break\" data-page=\"169\"></span> deliberations and meetings with the presence of Brother and Sister White (<span class=\"nol-ink\" title=\"RH 3-4-1873\">Ibid., March 4, 1873</span>).",
    "puborder": 1314,
    "translations": []
  },
  {
    "para_id": "665.1566",
    "id_prev": "665.1563",
    "id_next": "665.1567",
    "refcode_1": "WV",
    "refcode_2": "169",
    "refcode_3": "1",
    "refcode_4": "",
    "refcode_short": "WV 169.1",
    "refcode_long": "Ellen White: Woman of Vision, p. 169.1 (Arthur Lacey White)",
    "element_type": "p",
    "element_subtype": "standard-indented",
    "content": "During this formal meeting, with delegates present from the six churches in California, the California Conference of Seventh-day Adventists was formed, with a membership of 238. J. N. Loughborough was elected president; S. B. Bresee, also of Santa Rosa, secretary; and T. M. Chapman, of Petaluma, treasurer (<span class=\"nol-ink\" title=\"RH 3-11-1873\">Ibid., March 11, 1873</span>).",
    "puborder": 1315,
    "translations": []
  },
  {
    "para_id": "665.1567",
    "id_prev": "665.1566",
    "id_next": "665.1568",
    "refcode_1": "WV",
    "refcode_2": "169",
    "refcode_3": "2",
    "refcode_4": "",
    "refcode_short": "WV 169.2",
    "refcode_long": "Ellen White: Woman of Vision, p. 169.2 (Arthur Lacey White)",
    "element_type": "p",
    "element_subtype": "standard-indented",
    "content": "Word had just been received that the General Conference session would be held in Battle Creek, opening on March 11. James, of course, would attend, but Ellen wanted to get on with her writing. She was working on the book <em>The Spirit of Prophecy</em>, volume 2, on the life of Christ. <sup class=\"footnote\"><a class=\"footnote\">*<span class=\"footnote\">The four-volume Spirit of Prophecy Series was published between 1870 and 1884. In approximately 1,700 pages it expanded on the great controversy theme, which had been covered sketchily in Spiritual Gifts, Volumes I to IV. Later the theme was expanded in the 3,700-plus pages of the five-volume Conflict of the Ages Series.</span></a></sup>",
    "puborder": 1316,
    "translations": []
  },
  {
    "para_id": "665.1568",
    "id_prev": "665.1567",
    "id_next": "665.1569",
    "refcode_1": "WV",
    "refcode_2": "169",
    "refcode_3": "3",
    "refcode_4": "",
    "refcode_short": "WV 169.3",
    "refcode_long": "Ellen White: Woman of Vision, p. 169.3 (Arthur Lacey White)",
    "element_type": "p",
    "element_subtype": "standard-indented",
    "content": "But when the next issue of the <em>Review</em> came it carried this note:",
    "puborder": 1317,
    "translations": []
  },
  {
    "para_id": "665.1569",
    "id_prev": "665.1568",
    "id_next": "665.1570",
    "refcode_1": "WV",
    "refcode_2": "169",
    "refcode_3": "4",
    "refcode_4": "",
    "refcode_short": "WV 169.4",
    "refcode_long": "Ellen White: Woman of Vision, p. 169.4 (Arthur Lacey White)",
    "element_type": "p",
    "element_subtype": "blockquote-indented",
    "content": "<em>A Special Request</em>: We deem it of the utmost importance that Brother and Sister White attend this meeting; and we therefore invite and urge, in the strongest terms, their attendance at this session of the General Conference, if their health will permit them to do so (<span class=\"nol-ink\" title=\"RH 2-11-1873\">The Review and Herald, February 11, 1873</span>).",
    "puborder": 1318,
    "translations": []
  },
  {
    "para_id": "665.1570",
    "id_prev": "665.1569",
    "id_next": "665.1571",
    "refcode_1": "WV",
    "refcode_2": "169",
    "refcode_3": "5",
    "refcode_4": "",
    "refcode_short": "WV 169.5",
    "refcode_long": "Ellen White: Woman of Vision, p. 169.5 (Arthur Lacey White)",
    "element_type": "p",
    "element_subtype": "standard-indented",
    "content": "Ellen White would go East with her husband. It would be a full 21 months before the Whites would be able to return to California.",
    "puborder": 1319,
    "translations": []
  }
]