[
  {
    "para_id": "665.1765",
    "id_prev": "665.1764",
    "id_next": "665.1766",
    "refcode_1": "WV",
    "refcode_2": "187",
    "refcode_3": "",
    "refcode_4": "122",
    "refcode_short": "WV 187",
    "refcode_long": "Ellen White: Woman of Vision, p. 187 (Arthur Lacey White)",
    "element_type": "h4",
    "element_subtype": "",
    "content": "At The McDearmon Home",
    "puborder": 1487,
    "translations": []
  },
  {
    "para_id": "665.1766",
    "id_prev": "665.1765",
    "id_next": "665.1767",
    "refcode_1": "WV",
    "refcode_2": "187",
    "refcode_3": "7",
    "refcode_4": "",
    "refcode_short": "WV 187.7",
    "refcode_long": "Ellen White: Woman of Vision, p. 187.7 (Arthur Lacey White)",
    "element_type": "p",
    "element_subtype": "standard-indented",
    "content": "Of their arrival in Texas, James White reported to the readers of the <em>Review</em>:",
    "puborder": 1488,
    "translations": []
  },
  {
    "para_id": "665.1767",
    "id_prev": "665.1766",
    "id_next": "665.1769",
    "refcode_1": "WV",
    "refcode_2": "187",
    "refcode_3": "8",
    "refcode_4": "",
    "refcode_short": "WV 187.8",
    "refcode_long": "Ellen White: Woman of Vision, p. 187.8 (Arthur Lacey White)",
    "element_type": "p",
    "element_subtype": "blockquote-indented",
    "content": "Wednesday [November 6] we reached Dallas, dusty and weary, but glad that our journey of about one thousand miles [1600 kilometers) from Battle Creek, Michigan, to Dallas, Texas, was at an end. We tarried the night at the home of Brother Cole and family, and Thursday came to the good and comfortable home of Brother McDearmon [at Grand Prairie, west of Dallas]. Here our daughter [in-law] met her parents, brother, and sister, who have all been brought near the door of death by the fever which has prevailed in this state during the past season. Our coming was timely. They have a large house and warm hearts, but as they move about they look more like walking corpses than living men and women (<span class=\"nol-ink\" title=\"RH 11-21-1878\">Ibid., November 21, 1878</span>).",
    "puborder": 1489,
    "translations": []
  },
  {
    "para_id": "665.1769",
    "id_prev": "665.1767",
    "id_next": "665.1770",
    "refcode_1": "WV",
    "refcode_2": "188",
    "refcode_3": "1",
    "refcode_4": "",
    "refcode_short": "WV 188.1",
    "refcode_long": "Ellen White: Woman of Vision, p. 188.1 (Arthur Lacey White)",
    "element_type": "p",
    "element_subtype": "standard-indented",
    "content": "White declared that it would &ldquo;take two of them to make a shadow.&rdquo; The Whites found the McDearmons destitute and ill. We tried to help them,&rdquo; wrote Ellen White.",
    "puborder": 1490,
    "translations": []
  },
  {
    "para_id": "665.1770",
    "id_prev": "665.1769",
    "id_next": "665.1771",
    "refcode_1": "WV",
    "refcode_2": "188",
    "refcode_3": "2",
    "refcode_4": "",
    "refcode_short": "WV 188.2",
    "refcode_long": "Ellen White: Woman of Vision, p. 188.2 (Arthur Lacey White)",
    "element_type": "p",
    "element_subtype": "blockquote-indented",
    "content": "I gave Sister McDearmon $40 from my own purse to use for the necessities of life. Father bought bags of flour, a barrel of apples, nuts, sugar, et cetera. He bought one cotton mattress and one husk [mattress] overlaid with cotton. It is seldom I have seen such destitution. I have bought several things for their comfort. Father left McDearmon his fur coat to use, for his blood is so low he cannot bear the least chilliness of the air. We have done what we could for them (<span class=\"egwlink egwlink_book\" title=\"Lt 54, 1878\" data-link=\"14053.3244001\">Letter 54, 1878</span>).",
    "puborder": 1491,
    "translations": []
  }
]