[
  {
    "para_id": "665.3846",
    "id_prev": "665.3845",
    "id_next": "665.3847",
    "refcode_1": "WV",
    "refcode_2": "400",
    "refcode_3": "",
    "refcode_4": "290",
    "refcode_short": "WV 400",
    "refcode_long": "Ellen White: Woman of Vision, p. 400 (Arthur Lacey White)",
    "element_type": "h4",
    "element_subtype": "",
    "content": "Laying The Cornerstone",
    "puborder": 3219,
    "translations": []
  },
  {
    "para_id": "665.3847",
    "id_prev": "665.3846",
    "id_next": "665.3848",
    "refcode_1": "WV",
    "refcode_2": "400",
    "refcode_3": "5",
    "refcode_4": "",
    "refcode_short": "WV 400.5",
    "refcode_long": "Ellen White: Woman of Vision, p. 400.5 (Arthur Lacey White)",
    "element_type": "p",
    "element_subtype": "standard-indented",
    "content": "With the plans drawn and accepted and the bids let, the next step was to lay the cornerstone. Sunday afternoon, May 11, 1902, about 10,000 people gathered for the elaborate ceremonies, with guest speakers from the government and the clergy from the city. Sanitarium employees were seated back of the speakers&rsquo; stand, and sanitarium guests and citizens, in front. W. W. Prescott led out in the main address of the afternoon. Appropriately, the cornerstone was laid by Dr. John Harvey Kellogg himself. In his address he reminded helpers, guests, and townspeople of the principles for which the institution stood. He referred to its history&mdash;a history he had often connected with God&apos;s providential guidance through the light given to Mrs. White.",
    "puborder": 3220,
    "translations": []
  },
  {
    "para_id": "665.3848",
    "id_prev": "665.3847",
    "id_next": "665.3850",
    "refcode_1": "WV",
    "refcode_2": "400",
    "refcode_3": "6",
    "refcode_4": "",
    "refcode_short": "WV 400.6",
    "refcode_long": "Ellen White: Woman of Vision, p. 400.6 (Arthur Lacey White)",
    "element_type": "p",
    "element_subtype": "standard-indented",
    "content": "He likened this new institution to the Temple city Jerusalem, to which the ancient Israelites looked from all over the world. In passing, we note that an element of pantheism appeared in this address, representing a philosophy he firmly held in his heart, but the perils of which had not yet been seen by his associates.",
    "puborder": 3221,
    "translations": []
  },
  {
    "para_id": "665.3850",
    "id_prev": "665.3848",
    "id_next": "665.3851",
    "refcode_1": "WV",
    "refcode_2": "401",
    "refcode_3": "1",
    "refcode_4": "",
    "refcode_short": "WV 401.1",
    "refcode_long": "Ellen White: Woman of Vision, p. 401.1 (Arthur Lacey White)",
    "element_type": "p",
    "element_subtype": "standard-indented",
    "content": "Kellogg was an energetic, forceful, persuasive man, and somehow the General Conference leadership through the middle 1890s found it difficult to resist his insistence on borrowing money for capital investments for institutions and then persuading the General Conference Association to assume the obligations. Debts piled on debts&mdash;debts assumed with no systematic plan for their amortization.",
    "puborder": 3222,
    "translations": []
  },
  {
    "para_id": "665.3851",
    "id_prev": "665.3850",
    "id_next": "665.3852",
    "refcode_1": "WV",
    "refcode_2": "401",
    "refcode_3": "2",
    "refcode_4": "",
    "refcode_short": "WV 401.2",
    "refcode_long": "Ellen White: Woman of Vision, p. 401.2 (Arthur Lacey White)",
    "element_type": "p",
    "element_subtype": "standard-indented",
    "content": "When Elder Daniells took up his responsibilities as leader of the church after the General Conference session of 1901, he was appalled to find that the total institutional indebtedness was close to $500,000. In the context of the times, this was a huge sum. The top pay of ministers, physicians, and publishing house employees at this time was $12 to $15 a week (DF 243d).",
    "puborder": 3223,
    "translations": []
  },
  {
    "para_id": "665.3852",
    "id_prev": "665.3851",
    "id_next": "665.3853",
    "refcode_1": "WV",
    "refcode_2": "401",
    "refcode_3": "3",
    "refcode_4": "",
    "refcode_short": "WV 401.3",
    "refcode_long": "Ellen White: Woman of Vision, p. 401.3 (Arthur Lacey White)",
    "element_type": "p",
    "element_subtype": "standard-indented",
    "content": "In the meantime, brick was being laid on brick in Battle Creek, and the sanitarium edifice was rising&mdash;an edifice that church leaders were soon to discover would cost between two and three times the amount estimated. What is more, not all the promises for financial help made when the institution was destroyed by fire were kept. Some of the pledges by the businesspeople and citizens of Battle Creek were never honored. The expected income from the sales of <em>The Living Temple</em>, Dr. Kellogg&apos;s gift book, did not materialize, for church leaders found it permeated with pantheistic philosophies. There is no indication that the pledge made by the sanitarium board or the General Conference Committee that no further debt would be incurred in the rebuilding of the sanitarium was kept or even remembered.",
    "puborder": 3224,
    "translations": []
  },
  {
    "para_id": "665.3853",
    "id_prev": "665.3852",
    "id_next": "665.3854",
    "refcode_1": "WV",
    "refcode_2": "401",
    "refcode_3": "4",
    "refcode_4": "",
    "refcode_short": "WV 401.4",
    "refcode_long": "Ellen White: Woman of Vision, p. 401.4 (Arthur Lacey White)",
    "element_type": "p",
    "element_subtype": "standard-indented",
    "content": "On July 6 a message from Ellen White addressed to the General Conference Committee and the Medical Missionary Board included this counsel:",
    "puborder": 3225,
    "translations": []
  },
  {
    "para_id": "665.3854",
    "id_prev": "665.3853",
    "id_next": "665.3855",
    "refcode_1": "WV",
    "refcode_2": "401",
    "refcode_3": "5",
    "refcode_4": "",
    "refcode_short": "WV 401.5",
    "refcode_long": "Ellen White: Woman of Vision, p. 401.5 (Arthur Lacey White)",
    "element_type": "p",
    "element_subtype": "blockquote-indented",
    "content": "I am instructed to say that our people must not be drawn upon for means to erect an immense sanitarium in Battle Creek; the money that would be used in the erection of that one mammoth building should be used in making plants in many places. We must not draw all we can from our people for the establishment of a great sanitarium in one place, to the neglect of other places, which are unworked for the want of means (<span class=\"egwlink egwlink_book\" title=\"Lt 128, 1902\" data-link=\"14067.9593001\">Letter 128, 1902</span>).",
    "puborder": 3226,
    "translations": []
  }
]