[
  {
    "para_id": "665.2005",
    "id_prev": "665.2004",
    "id_next": "665.2006",
    "refcode_1": "WV",
    "refcode_2": "211",
    "refcode_3": "",
    "refcode_4": "143",
    "refcode_short": "WV 211",
    "refcode_long": "Ellen White: Woman of Vision, p. 211 (Arthur Lacey White)",
    "element_type": "h4",
    "element_subtype": "",
    "content": "The Public Press",
    "puborder": 1684,
    "translations": []
  },
  {
    "para_id": "665.2006",
    "id_prev": "665.2005",
    "id_next": "665.2007",
    "refcode_1": "WV",
    "refcode_2": "211",
    "refcode_3": "3",
    "refcode_4": "",
    "refcode_short": "WV 211.3",
    "refcode_long": "Ellen White: Woman of Vision, p. 211.3 (Arthur Lacey White)",
    "element_type": "p",
    "element_subtype": "standard-indented",
    "content": "James White was known quite well across the land, not only as one of the founders of the Seventh-day Adventist Church&mdash;a church that had grown to 17,000 in his lifetime&mdash;but also as an astute businessman managing large publishing interests and closely connected with the educational and medical interests in Battle Creek. He was highly esteemed by the Honorable George Willard, onetime congressman from the state of Michigan and publisher of the Battle Creek <em>Daily Journal</em>. In his editorial on page one of the August 8 issue, Willard eulogized:",
    "puborder": 1685,
    "translations": []
  },
  {
    "para_id": "665.2007",
    "id_prev": "665.2006",
    "id_next": "665.2008",
    "refcode_1": "WV",
    "refcode_2": "211",
    "refcode_3": "4",
    "refcode_4": "",
    "refcode_short": "WV 211.4",
    "refcode_long": "Ellen White: Woman of Vision, p. 211.4 (Arthur Lacey White)",
    "element_type": "p",
    "element_subtype": "blockquote-indented",
    "content": "He was a man of the patriarchal pattern, and his character was cast in the heroic mold. If the logical clearness to formulate a creed; if the power to infect others with one&apos;s own zeal, and impress them with one&apos;s own convictions; if the executive ability to establish a sect and to give it form and stability; if the genius to shape and direct the destiny of great communities, be a mark of true greatness, Elder White is certainly entitled to the appellation, for he possessed not one of these qualities only, but all of them in a marked degree.",
    "puborder": 1686,
    "translations": []
  },
  {
    "para_id": "665.2008",
    "id_prev": "665.2007",
    "id_next": "665.2009",
    "refcode_1": "WV",
    "refcode_2": "211",
    "refcode_3": "5",
    "refcode_4": "",
    "refcode_short": "WV 211.5",
    "refcode_long": "Ellen White: Woman of Vision, p. 211.5 (Arthur Lacey White)",
    "element_type": "p",
    "element_subtype": "blockquote-indented",
    "content": "The essential feature of his life&apos;s work was constructive. He had the rare power of social organization and laid the foundation and marked the design for the erection of a social and religious structure for others to develop and further complete.... As with all founders of communities, his life is not a broken shaft, but an enduring column, whereon others are to build.",
    "puborder": 1687,
    "translations": []
  },
  {
    "para_id": "665.2009",
    "id_prev": "665.2008",
    "id_next": "665.2010",
    "refcode_1": "WV",
    "refcode_2": "211",
    "refcode_3": "6",
    "refcode_4": "",
    "refcode_short": "WV 211.6",
    "refcode_long": "Ellen White: Woman of Vision, p. 211.6 (Arthur Lacey White)",
    "element_type": "p",
    "element_subtype": "standard-indented",
    "content": "The public press across the land also gave him favorable notice.",
    "puborder": 1688,
    "translations": []
  }
]