[
  {
    "para_id": "665.1023",
    "id_prev": "665.1022",
    "id_next": "665.1024",
    "refcode_1": "WV",
    "refcode_2": "115",
    "refcode_3": "",
    "refcode_4": "71",
    "refcode_short": "WV 115",
    "refcode_long": "Ellen White: Woman of Vision, p. 115 (Arthur Lacey White)",
    "element_type": "h4",
    "element_subtype": "",
    "content": "Funeral Services In Topsham And Battle Creek",
    "puborder": 868,
    "translations": []
  },
  {
    "para_id": "665.1024",
    "id_prev": "665.1023",
    "id_next": "665.1025",
    "refcode_1": "WV",
    "refcode_2": "115",
    "refcode_3": "2",
    "refcode_4": "",
    "refcode_short": "WV 115.2",
    "refcode_long": "Ellen White: Woman of Vision, p. 115.2 (Arthur Lacey White)",
    "element_type": "p",
    "element_subtype": "standard-indented",
    "content": "During the three months Henry and his brothers had been in Topsham he had made a number of acquaintances. At their request a funeral service was held in the Baptist church just across the street from the Howland home. M. E. Cornell, at that time working in Maine, was asked to officiate. Then the family took Henry&apos;s body, in a &ldquo;metallic burial casket,&rdquo; back to Battle Creek. There Uriah Smith presided at the funeral, which was attended by many friends of the family. Henry&apos;s former schoolmates were there; in the closing exercises they sang a hymn and then accompanied the family and friends to Oak Hill Cemetery. Looking back at the experience, Ellen White wrote:",
    "puborder": 869,
    "translations": []
  },
  {
    "para_id": "665.1025",
    "id_prev": "665.1024",
    "id_next": "665.1026",
    "refcode_1": "WV",
    "refcode_2": "115",
    "refcode_3": "3",
    "refcode_4": "",
    "refcode_short": "WV 115.3",
    "refcode_long": "Ellen White: Woman of Vision, p. 115.3 (Arthur Lacey White)",
    "element_type": "p",
    "element_subtype": "blockquote-indented",
    "content": "When our noble Henry died, at the age of 16&mdash;when our sweet singer was borne to the grave, and we no more heard his early song&mdash;ours was a lonely home. Both parents and the two remaining sons felt the blow most keenly. But God comforted us in our bereavements, and with faith and courage we pressed forward in the work He had given us, in bright hope of meeting our children who had been torn from us by death, in that world where sickness and death will never come (<span class=\"egwlink egwlink_book\" title=\"LS 165.1\" data-link=\"41.903\">Life Sketches of Ellen G. White, 165, 166</span>).",
    "puborder": 870,
    "translations": []
  }
]