[
  {
    "para_id": "665.1045",
    "id_prev": "665.1044",
    "id_next": "665.1046",
    "refcode_1": "WV",
    "refcode_2": "117",
    "refcode_3": "",
    "refcode_4": "73",
    "refcode_short": "WV 117",
    "refcode_long": "Ellen White: Woman of Vision, p. 117 (Arthur Lacey White)",
    "element_type": "h4",
    "element_subtype": "",
    "content": "Ellen White Tries The Meatless Diet",
    "puborder": 887,
    "translations": []
  },
  {
    "para_id": "665.1046",
    "id_prev": "665.1045",
    "id_next": "665.1047",
    "refcode_1": "WV",
    "refcode_2": "117",
    "refcode_3": "6",
    "refcode_4": "",
    "refcode_short": "WV 117.6",
    "refcode_long": "Ellen White: Woman of Vision, p. 117.6 (Arthur Lacey White)",
    "element_type": "p",
    "element_subtype": "standard-indented",
    "content": "In the vision at Otsego, Michigan, light was given to Ellen White on major changes that would improve their health. She was shown the contrast between the human race today and Adam and Eve in Eden. Our first parents were noble in stature, perfect in symmetry and beauty, sinless, and in perfect health. &ldquo;I inquired,&rdquo; she stated, &ldquo;the cause of this wonderful degeneracy, and was pointed back to Eden&rdquo; (<span class=\"egwlink egwlink_book\" title=\"4aSG 120.1\" data-link=\"107.553\">Ibid., 4a:120</span>). It was the disobedience of our first parents, leading to intemperate desires and violation of the laws of health, that had led to degeneracy and disease. She called for reform in eating habits; these included eliminating meat from the diet. She referred to the risks of contracting disease because of the increased prevalence of disease among animals.",
    "puborder": 888,
    "translations": []
  },
  {
    "para_id": "665.1047",
    "id_prev": "665.1046",
    "id_next": "665.1049",
    "refcode_1": "WV",
    "refcode_2": "117",
    "refcode_3": "7",
    "refcode_4": "",
    "refcode_short": "WV 117.7",
    "refcode_long": "Ellen White: Woman of Vision, p. 117.7 (Arthur Lacey White)",
    "element_type": "p",
    "element_subtype": "blockquote-indented",
    "content": "I have thought for years that I was dependent upon a meat diet for strength. I have eaten three meals a day until within a few months. It has been very difficult for me to go from one meal to another without suffering from faintness at the stomach, and dizziness of the head.... Eating meat removed for the time these faint feelings. I therefore decided that meat was indispensable in my case.",
    "puborder": 889,
    "translations": []
  },
  {
    "para_id": "665.1049",
    "id_prev": "665.1047",
    "id_next": "665.1050",
    "refcode_1": "WV",
    "refcode_2": "118",
    "refcode_3": "1",
    "refcode_4": "",
    "refcode_short": "WV 118.1",
    "refcode_long": "Ellen White: Woman of Vision, p. 118.1 (Arthur Lacey White)",
    "element_type": "p",
    "element_subtype": "blockquote-indented",
    "content": "But since the Lord presented before me, in June, 1863, the subject of meat eating in relation to health, I have left the use of meat. For a while it was rather difficult to bring my appetite to bread, for which, formerly, I have had but little relish. But by persevering, I have been able to do this. I have lived for nearly one year without meat. For about six months most of the bread upon our table has been unleavened cakes [gems], made of unbolted wheat meal and water, and a very little salt. We use fruits and vegetables liberally. I have lived for eight months upon two meals a day. I have applied myself to writing the most of the time for above a year. For eight months have been confined closely to writing. My brain has been constantly taxed, and I have had but little exercise. Yet my health has never been better than for the past six months (<span class=\"egwlink egwlink_book\" title=\"4aSG 153.1\" data-link=\"107.699\">Ibid., 4a:153, 154</span>).",
    "puborder": 890,
    "translations": []
  },
  {
    "para_id": "665.1050",
    "id_prev": "665.1049",
    "id_next": "665.1051",
    "refcode_1": "WV",
    "refcode_2": "118",
    "refcode_3": "2",
    "refcode_4": "",
    "refcode_short": "WV 118.2",
    "refcode_long": "Ellen White: Woman of Vision, p. 118.2 (Arthur Lacey White)",
    "element_type": "p",
    "element_subtype": "standard-indented",
    "content": "In an address given in Battle Creek on March 6, 1869, Ellen White further described her experiences as a health reformer:",
    "puborder": 891,
    "translations": []
  },
  {
    "para_id": "665.1051",
    "id_prev": "665.1050",
    "id_next": "665.1052",
    "refcode_1": "WV",
    "refcode_2": "118",
    "refcode_3": "3",
    "refcode_4": "",
    "refcode_short": "WV 118.3",
    "refcode_long": "Ellen White: Woman of Vision, p. 118.3 (Arthur Lacey White)",
    "element_type": "p",
    "element_subtype": "blockquote-indented",
    "content": "I suffered keen hunger. I was a great meat eater. But when faint, I placed my arms across my stomach and said: &ldquo;I will not taste a morsel. I will eat simple food, or I will not eat at all.&rdquo; Bread was distasteful to me. I could seldom eat a piece as large as a dollar. Some things in the reform I could get along with very well, but when I came to the bread I was especially set against it.",
    "puborder": 892,
    "translations": []
  },
  {
    "para_id": "665.1052",
    "id_prev": "665.1051",
    "id_next": "665.1053",
    "refcode_1": "WV",
    "refcode_2": "118",
    "refcode_3": "4",
    "refcode_4": "",
    "refcode_short": "WV 118.4",
    "refcode_long": "Ellen White: Woman of Vision, p. 118.4 (Arthur Lacey White)",
    "element_type": "p",
    "element_subtype": "blockquote-indented",
    "content": "When I made these changes, I had a special battle to fight. The first two or three meals, I could not eat. I said to my stomach: &ldquo;You may wait until you can eat bread.&rdquo; In a little while I could eat bread, and graham bread, too. This I could not eat before; but now it tastes good, and I have had no loss of appetite (<span class=\"egwlink egwlink_book\" title=\"2T 371.1\" data-link=\"120.1612\">Testimonies for the Church, 2:371, 372</span>).",
    "puborder": 893,
    "translations": []
  },
  {
    "para_id": "665.1053",
    "id_prev": "665.1052",
    "id_next": "665.1054",
    "refcode_1": "WV",
    "refcode_2": "118",
    "refcode_3": "5",
    "refcode_4": "",
    "refcode_short": "WV 118.5",
    "refcode_long": "Ellen White: Woman of Vision, p. 118.5 (Arthur Lacey White)",
    "element_type": "p",
    "element_subtype": "standard-indented",
    "content": "She continued:",
    "puborder": 894,
    "translations": []
  },
  {
    "para_id": "665.1054",
    "id_prev": "665.1053",
    "id_next": "665.1055",
    "refcode_1": "WV",
    "refcode_2": "118",
    "refcode_3": "6",
    "refcode_4": "",
    "refcode_short": "WV 118.6",
    "refcode_long": "Ellen White: Woman of Vision, p. 118.6 (Arthur Lacey White)",
    "element_type": "p",
    "element_subtype": "blockquote-indented",
    "content": "I left off these things [meat, butter, and three meals] from principle. I took my stand on health reform from principle. And since that time, brethren, you have not heard me advance an extreme view of health reform that I have had to take back....",
    "puborder": 895,
    "translations": []
  },
  {
    "para_id": "665.1055",
    "id_prev": "665.1054",
    "id_next": "665.1056",
    "refcode_1": "WV",
    "refcode_2": "118",
    "refcode_3": "7",
    "refcode_4": "",
    "refcode_short": "WV 118.7",
    "refcode_long": "Ellen White: Woman of Vision, p. 118.7 (Arthur Lacey White)",
    "element_type": "p",
    "element_subtype": "blockquote-indented",
    "content": "I do not regard it a great privation to discontinue the use of those things which leave a bad smell on the breath and a bad taste in the mouth.",
    "puborder": 896,
    "translations": []
  },
  {
    "para_id": "665.1056",
    "id_prev": "665.1055",
    "id_next": "665.1057",
    "refcode_1": "WV",
    "refcode_2": "118",
    "refcode_3": "8",
    "refcode_4": "",
    "refcode_short": "WV 118.8",
    "refcode_long": "Ellen White: Woman of Vision, p. 118.8 (Arthur Lacey White)",
    "element_type": "p",
    "element_subtype": "blockquote-indented",
    "content": "Is it self-denial to leave these things and get into a condition where everything is as sweet as honey; where no bad taste is left in the mouth and no feeling of goneness in the stomach? These I used to have much of the time. I have fainted away with my child in my arms again and again.",
    "puborder": 897,
    "translations": []
  },
  {
    "para_id": "665.1057",
    "id_prev": "665.1056",
    "id_next": "665.1061",
    "refcode_1": "WV",
    "refcode_2": "118",
    "refcode_3": "9",
    "refcode_4": "",
    "refcode_short": "WV 118.9",
    "refcode_long": "Ellen White: Woman of Vision, p. 118.9 (Arthur Lacey White)",
    "element_type": "p",
    "element_subtype": "blockquote-indented",
    "content": "I have none of this now, and shall I call this a privation when I can <span class=\"page-break\" data-page=\"119\"></span> stand before you as I do this day? There is not one woman in a hundred that could endure the amount of labor that I do. I moved out from principle, not from impulse. I moved because I believed Heaven would approve of the course I was taking to bring myself into the very best condition of health, that I might glorify God in my body and spirit, which are His (<span class=\"egwlink egwlink_book\" title=\"2T 372.1\" data-link=\"120.1616\">Ibid., 2:372</span>).",
    "puborder": 898,
    "translations": []
  }
]