[
  {
    "para_id": "665.4776",
    "id_prev": "665.4775",
    "id_next": "665.4777",
    "refcode_1": "WV",
    "refcode_2": "496",
    "refcode_3": "",
    "refcode_4": "352",
    "refcode_short": "WV 496",
    "refcode_long": "Ellen White: Woman of Vision, p. 496 (Arthur Lacey White)",
    "element_type": "h4",
    "element_subtype": "",
    "content": "News Of The San Francisco Earthquake",
    "puborder": 3991,
    "translations": []
  },
  {
    "para_id": "665.4777",
    "id_prev": "665.4776",
    "id_next": "665.4778",
    "refcode_1": "WV",
    "refcode_2": "496",
    "refcode_3": "6",
    "refcode_4": "",
    "refcode_short": "WV 496.6",
    "refcode_long": "Ellen White: Woman of Vision, p. 496.6 (Arthur Lacey White)",
    "element_type": "p",
    "element_subtype": "standard-indented",
    "content": "On Wednesday she attended a portion of the annual session of the Southern California Conference. As she neared the Carr Street church to fill her speaking appointment, she heard the newsboys crying: &ldquo;San Francisco destroyed by an earthquake!&rdquo;",
    "puborder": 3992,
    "translations": []
  },
  {
    "para_id": "665.4778",
    "id_prev": "665.4777",
    "id_next": "665.4779",
    "refcode_1": "WV",
    "refcode_2": "496",
    "refcode_3": "7",
    "refcode_4": "",
    "refcode_short": "WV 496.7",
    "refcode_long": "Ellen White: Woman of Vision, p. 496.7 (Arthur Lacey White)",
    "element_type": "p",
    "element_subtype": "standard-indented",
    "content": "A paper was purchased, and she and those with her in the carriage quickly scanned the &ldquo;first hastily printed news&rdquo; (<span class=\"egwlink egwlink_book\" title=\"9T 94.1\" data-link=\"115.514\">Testimonies for the Church, 9:94</span>).",
    "puborder": 3993,
    "translations": []
  },
  {
    "para_id": "665.4779",
    "id_prev": "665.4778",
    "id_next": "665.4782",
    "refcode_1": "WV",
    "refcode_2": "496",
    "refcode_3": "8",
    "refcode_4": "",
    "refcode_short": "WV 496.8",
    "refcode_long": "Ellen White: Woman of Vision, p. 496.8 (Arthur Lacey White)",
    "element_type": "p",
    "element_subtype": "standard-indented",
    "content": "As to the visions on Monday and Tuesday nights, she later commented, &ldquo;It has taken me many days to write out a portion of that which was revealed those two nights at Loma Linda and Glendale. I have not finished yet&rdquo;  <span class=\"page-break\" data-page=\"497\"></span> (<span class=\"egwlink egwlink_book\" title=\"RH 7-5-1906\" data-link=\"821.26887\">The Review and Herald, July 5, 1906</span>). She expected to write several articles on the binding claims of God&apos;s law and the blessings promised to the obedient.",
    "puborder": 3994,
    "translations": []
  },
  {
    "para_id": "665.4782",
    "id_prev": "665.4779",
    "id_next": "665.4783",
    "refcode_1": "WV",
    "refcode_2": "497",
    "refcode_3": "1",
    "refcode_4": "",
    "refcode_short": "WV 497.1",
    "refcode_long": "Ellen White: Woman of Vision, p. 497.1 (Arthur Lacey White)",
    "element_type": "p",
    "element_subtype": "standard-indented",
    "content": "After speaking at the dedication of the Paradise Valley Sanitarium in San Diego on April 24, Ellen White started back toward northern California via Loma Linda. Feelings of dread swept over her as she contemplated the trip home. She knew she would view with her own eyes destruction similar to what she had seen in vision.&rdquo;I did not want to see the ruins of San Francisco,&rdquo; she declared, &ldquo;and dreaded to stop at Mountain View&rdquo; (<span class=\"egwlink egwlink_book\" title=\"RH 7-19-1906\" data-link=\"821.26961\">Ibid., July 19, 1906</span>), where the beloved Pacific Press had suffered severe damage. As the train neared San Jose, just south of Mountain View, that Thursday morning, May 3, she could see everywhere the effects of the earthquake.",
    "puborder": 3995,
    "translations": []
  },
  {
    "para_id": "665.4783",
    "id_prev": "665.4782",
    "id_next": "665.4784",
    "refcode_1": "WV",
    "refcode_2": "497",
    "refcode_3": "2",
    "refcode_4": "",
    "refcode_short": "WV 497.2",
    "refcode_long": "Ellen White: Woman of Vision, p. 497.2 (Arthur Lacey White)",
    "element_type": "p",
    "element_subtype": "standard-indented",
    "content": "Changing cars at San Jose, they traveled the 10 miles (16 kilometers) to Mountain View. Here they were met at the railroad station by C. H. Jones, manager of the Pacific Press, and W. T. Knox, president of the California-Nevada Conference, headquartered in Mountain View. The drive to the press took them through town, where they saw the new post office leveled to the ground and the largest stores totally destroyed. But &ldquo;when we saw the fallen walls of the Pacific Press,&rdquo; she reported, &ldquo;we were sad at heart.&rdquo; Yet there was one reason for rejoicing&mdash;&rdquo;No lives were lost&rdquo; (<span class=\"egwlink egwlink_book\" title=\"Ms 45, 1906\" data-link=\"14071.7904001\">Manuscript 45, 1906</span>).",
    "puborder": 3996,
    "translations": []
  }
]