[
  {
    "para_id": "665.579",
    "id_prev": "665.578",
    "id_next": "665.580",
    "refcode_1": "WV",
    "refcode_2": "71",
    "refcode_3": "",
    "refcode_4": "35",
    "refcode_short": "WV 71",
    "refcode_long": "Ellen White: Woman of Vision, p. 71 (Arthur Lacey White)",
    "element_type": "h4",
    "element_subtype": "",
    "content": "The Autumn Trip East",
    "puborder": 489,
    "translations": []
  },
  {
    "para_id": "665.580",
    "id_prev": "665.579",
    "id_next": "665.581",
    "refcode_1": "WV",
    "refcode_2": "71",
    "refcode_3": "2",
    "refcode_4": "",
    "refcode_short": "WV 71.2",
    "refcode_long": "Ellen White: Woman of Vision, p. 71.2 (Arthur Lacey White)",
    "element_type": "p",
    "element_subtype": "standard-indented",
    "content": "On Wednesday, August 17, 1859, the Whites left by train for a three-month tour through the Eastern states. Her diary carries day-by-day accounts of conferences and meetings held, of old friends met, of comforting the bereaved, of preaching to large audiences, and, where presented, of the adoption of Systematic Benevolence. They were back home Monday, November 21.",
    "puborder": 490,
    "translations": []
  },
  {
    "para_id": "665.581",
    "id_prev": "665.580",
    "id_next": "665.582",
    "refcode_1": "WV",
    "refcode_2": "71",
    "refcode_3": "3",
    "refcode_4": "",
    "refcode_short": "WV 71.3",
    "refcode_long": "Ellen White: Woman of Vision, p. 71.3 (Arthur Lacey White)",
    "element_type": "p",
    "element_subtype": "standard-indented",
    "content": "James White summarized the trip east this way:",
    "puborder": 491,
    "translations": []
  },
  {
    "para_id": "665.582",
    "id_prev": "665.581",
    "id_next": "665.583",
    "refcode_1": "WV",
    "refcode_2": "71",
    "refcode_3": "4",
    "refcode_4": "",
    "refcode_short": "WV 71.4",
    "refcode_long": "Ellen White: Woman of Vision, p. 71.4 (Arthur Lacey White)",
    "element_type": "p",
    "element_subtype": "blockquote-indented",
    "content": "The first ten weeks of our journey, till Brother Loughborough joined us, we traveled two thousand miles (3,200 kilometers), preached fifty times, and transacted business, from the sale of a penny tract up to a much larger sum, to the amount of $1,000. We returned with better health and courage to labor in the cause of truth than we had had for the past ten years (<span class=\"egwlink egwlink_book\" title=\"ARSH 12-8-1859\" data-link=\"1067.162\">The Review and Herald, December 8, 1859</span>).",
    "puborder": 492,
    "translations": []
  }
]