[
  {
    "para_id": "2771.2136",
    "id_prev": "2771.2135",
    "id_next": "2771.2137",
    "refcode_1": "HLv",
    "refcode_2": "326",
    "refcode_3": "",
    "refcode_4": "144",
    "refcode_short": "HLv 326",
    "refcode_long": "From Heaven With Love, p. 326 (Ellen Gould White)",
    "element_type": "h4",
    "element_subtype": "",
    "content": "Christ Is Still Our Personal Shepherd",
    "puborder": 1586,
    "translations": []
  },
  {
    "para_id": "2771.2137",
    "id_prev": "2771.2136",
    "id_next": "2771.2138",
    "refcode_1": "HLv",
    "refcode_2": "326",
    "refcode_3": "2",
    "refcode_4": "",
    "refcode_short": "HLv 326.2",
    "refcode_long": "From Heaven With Love, p. 326.2 (Ellen Gould White)",
    "element_type": "p",
    "element_subtype": "standard-indented",
    "content": "Our never-failing Helper does not leave us alone to struggle with temptation and be finally crushed with burdens and sorrow. Though now He is hidden from mortal sight, the ear of faith can hear His voice saying, Fear not; I am with you. I have endured your sorrows, experienced your struggles, encountered your temptations. I know your tears; I also have wept. The griefs that lie too deep to be breathed into any human ear, I know. You are not forsaken. Though your pain touch no responsive cord in any heart on earth, look to Me and live. See <span class=\"egwlink egwlink_bible\" title=\"Isaiah 54:10\" data-link=\"1965.38225\">Isaiah 54:10</span>.",
    "puborder": 1587,
    "translations": []
  },
  {
    "para_id": "2771.2138",
    "id_prev": "2771.2137",
    "id_next": "2771.2139",
    "refcode_1": "HLv",
    "refcode_2": "326",
    "refcode_3": "3",
    "refcode_4": "",
    "refcode_short": "HLv 326.3",
    "refcode_long": "From Heaven With Love, p. 326.3 (Ellen Gould White)",
    "element_type": "p",
    "element_subtype": "standard-indented",
    "content": "Because we are the gift of His Father and the reward of His work, Jesus loves us as His children. He loves you. Heaven itself can bestow nothing greater, nothing better. Therefore trust.",
    "puborder": 1588,
    "translations": []
  },
  {
    "para_id": "2771.2139",
    "id_prev": "2771.2138",
    "id_next": "2771.2140",
    "refcode_1": "HLv",
    "refcode_2": "326",
    "refcode_3": "4",
    "refcode_4": "",
    "refcode_short": "HLv 326.4",
    "refcode_long": "From Heaven With Love, p. 326.4 (Ellen Gould White)",
    "element_type": "p",
    "element_subtype": "standard-indented",
    "content": "Jesus thought about the souls all over the earth who were misled by false shepherds, scattered among wolves, and He said, &ldquo;I have other sheep that are not of this fold; I must bring them also, and they will heed my voice. So there shall be one flock, one shepherd.&rdquo; RSV.",
    "puborder": 1589,
    "translations": []
  },
  {
    "para_id": "2771.2140",
    "id_prev": "2771.2139",
    "id_next": "2771.2144",
    "refcode_1": "HLv",
    "refcode_2": "326",
    "refcode_3": "5",
    "refcode_4": "",
    "refcode_short": "HLv 326.5",
    "refcode_long": "From Heaven With Love, p. 326.5 (Ellen Gould White)",
    "element_type": "p",
    "element_subtype": "standard-indented",
    "content": "&ldquo;Therefore doth My Father love Me, because I lay down My life, that I might take it again... . I have power to lay it down, and I have power to take it again.&rdquo; As a member of the human family Jesus was mortal; as God He was the fountain of life for the world. He could have withstood the advances of death, but voluntarily He laid down His life that He might <span class=\"page-break\" data-page=\"327\"></span> bring life and immortality to light. &ldquo;He was wounded for our transgressions, He was bruised for our iniquities: the chastisement of our peace was upon Him; and with His stripes we are healed. All we like sheep have gone astray; we have turned every one to his own way; and the Lord hath laid on Him the iniquity of us all.&rdquo; <span class=\"egwlink egwlink_bible\" title=\"Isaiah 53:5\" data-link=\"1965.38190\">Isaiah 53:5, 6</span>.",
    "puborder": 1590,
    "translations": []
  }
]