[
  {
    "para_id": "2771.1826",
    "id_prev": "2771.1825",
    "id_next": "2771.1827",
    "refcode_1": "HLv",
    "refcode_2": "278",
    "refcode_3": "",
    "refcode_4": "124",
    "refcode_short": "HLv 278",
    "refcode_long": "From Heaven With Love, p. 278 (Ellen Gould White)",
    "element_type": "h4",
    "element_subtype": "",
    "content": "Christ Is the Rock",
    "puborder": 1358,
    "translations": []
  },
  {
    "para_id": "2771.1827",
    "id_prev": "2771.1826",
    "id_next": "2771.1829",
    "refcode_1": "HLv",
    "refcode_2": "278",
    "refcode_3": "4",
    "refcode_4": "",
    "refcode_short": "HLv 278.4",
    "refcode_long": "From Heaven With Love, p. 278.4 (Ellen Gould White)",
    "element_type": "p",
    "element_subtype": "standard-indented",
    "content": "Moses had pointed to the Rock of Israel&apos;s salvation. See <span class=\"egwlink egwlink_bible\" title=\"Deuteronomy 32:4\" data-link=\"1965.11717\">Deuteronomy 32:4</span>. The psalmist had sung of &ldquo;the rock of my strength.&rdquo; <span class=\"egwlink egwlink_bible\" title=\"Psalm 62:7\" data-link=\"1965.30230\">Psalm 62:7</span>. Isaiah had written, &ldquo;Thus saith the Lord God, Behold, I lay in Zion for a foundation a stone, a tried stone, ... a sure foundation.&rdquo; <span class=\"egwlink egwlink_bible\" title=\"Isaiah 28:16\" data-link=\"1965.37093\">Isaiah 28:16</span>. Peter himself applies this prophecy to Jesus: &ldquo;For you have tasted the kindness of the Lord. Come to Him, to that living stone, rejected by men but in God&apos;s sight chosen and precious; and like living stones be yourselves built into a spiritual house.&rdquo; <span class=\"egwlink egwlink_bible\" title=\"1 Peter 2:3\" data-link=\"1965.62020\">1 Peter 2:3-5</span>, RSV. &ldquo;Other foundation can no man lay than that is laid, which is Jesus Christ.&rdquo; <span class=\"egwlink egwlink_bible\" title=\"1 Corinthians 3:11\" data-link=\"1965.57956\">1 Corinthians 3:11</span>. &ldquo;Upon this rock,&rdquo; said Jesus, &ldquo;I will build My church.&rdquo; Christ founded His church on the living Rock&mdash;Himself, His own body, for us broken and bruised. Against the church built on this foundation, the gates of hell shall not prevail.",
    "puborder": 1359,
    "translations": []
  },
  {
    "para_id": "2771.1829",
    "id_prev": "2771.1827",
    "id_next": "2771.1830",
    "refcode_1": "HLv",
    "refcode_2": "279",
    "refcode_3": "1",
    "refcode_4": "",
    "refcode_short": "HLv 279.1",
    "refcode_long": "From Heaven With Love, p. 279.1 (Ellen Gould White)",
    "element_type": "p",
    "element_subtype": "standard-indented",
    "content": "How feeble the church appeared when Christ spoke these words! There was only a handful of believers, against whom the power of demons and men would be directed, yet they were not to fear; they could not be overthrown.",
    "puborder": 1360,
    "translations": []
  },
  {
    "para_id": "2771.1830",
    "id_prev": "2771.1829",
    "id_next": "2771.1831",
    "refcode_1": "HLv",
    "refcode_2": "279",
    "refcode_3": "2",
    "refcode_4": "",
    "refcode_short": "HLv 279.2",
    "refcode_long": "From Heaven With Love, p. 279.2 (Ellen Gould White)",
    "element_type": "p",
    "element_subtype": "standard-indented",
    "content": "Peter had expressed the truth which is the foundation of the church&apos;s faith, and Jesus now honored him as the representative of the body of believers. &ldquo;I will give unto thee the keys of the kingdom of heaven: and whatsoever thou shalt bind on earth shall be bound in heaven: and whatsoever thou shalt loose on earth shall be loosed in heaven.&rdquo;",
    "puborder": 1361,
    "translations": []
  },
  {
    "para_id": "2771.1831",
    "id_prev": "2771.1830",
    "id_next": "2771.1832",
    "refcode_1": "HLv",
    "refcode_2": "279",
    "refcode_3": "3",
    "refcode_4": "",
    "refcode_short": "HLv 279.3",
    "refcode_long": "From Heaven With Love, p. 279.3 (Ellen Gould White)",
    "element_type": "p",
    "element_subtype": "standard-indented",
    "content": "&ldquo;The keys of the kingdom of heaven&rdquo; are the words of Christ. All the words of Holy Scripture are His. These words have power to open and to shut heaven. The work of those who preach God&apos;s Word is a savor of life unto life or of death unto death.",
    "puborder": 1362,
    "translations": []
  },
  {
    "para_id": "2771.1832",
    "id_prev": "2771.1831",
    "id_next": "2771.1833",
    "refcode_1": "HLv",
    "refcode_2": "279",
    "refcode_3": "4",
    "refcode_4": "",
    "refcode_short": "HLv 279.4",
    "refcode_long": "From Heaven With Love, p. 279.4 (Ellen Gould White)",
    "element_type": "p",
    "element_subtype": "standard-indented",
    "content": "The Saviour did not commit the work of the gospel to Peter individually. Later, repeating the words spoken to Peter, He applied them to the church, and also to the Twelve as representatives of the body of believers. If Jesus had delegated any special authority to one disciple above the others, we should not find them so often contending as to who should be the greatest. They would have honored the one chosen. Instead of appointing one to be their head, Christ said, &ldquo;Be not ye called Rabbi.&rdquo; &ldquo;Neither be ye called masters: for one is your Master, even Christ.&rdquo; <span class=\"egwlink egwlink_bible\" title=\"Matthew 23:8\" data-link=\"1965.48847\">Matthew 23:8, 10</span>.",
    "puborder": 1363,
    "translations": []
  },
  {
    "para_id": "2771.1833",
    "id_prev": "2771.1832",
    "id_next": "2771.1836",
    "refcode_1": "HLv",
    "refcode_2": "279",
    "refcode_3": "5",
    "refcode_4": "",
    "refcode_short": "HLv 279.5",
    "refcode_long": "From Heaven With Love, p. 279.5 (Ellen Gould White)",
    "element_type": "p",
    "element_subtype": "standard-indented",
    "content": "&ldquo;The head of every man is Christ.&rdquo; God, who put all things under the Saviour&apos;s feet, &ldquo;gave Him to be the head over all things to the church, which is His body, the fullness of Him that filleth all in all.&rdquo; <span class=\"egwlink egwlink_bible\" title=\"1 Corinthians 11:3\" data-link=\"1965.58328\">1 Corinthians 11:3</span>; <span class=\"egwlink egwlink_bible\" title=\"Ephesians 1:22\" data-link=\"1965.59606\">Ephesians 1:22, 23</span>. The church is built on Christ as its foundation. It is not to depend on man or be controlled by man. Many claim that a position of trust in the church gives them authority to dictate what other men shall believe and do. The Saviour declares, &ldquo;All ye are brethren.&rdquo; <span class=\"egwlink egwlink_bible\" title=\"Matthew 23:8\" data-link=\"1965.48847\">Matthew 23:8</span>. Upon no finite being <span class=\"page-break\" data-page=\"280\"></span> can we depend for guidance. The Rock of faith is the living presence of Christ in the church. Those who think themselves the strongest will prove to be the weakest, unless they make Christ their efficiency. See <span class=\"egwlink egwlink_bible\" title=\"Jeremiah 17:5\" data-link=\"1965.39513\">Jeremiah 17:5</span>; <span class=\"egwlink egwlink_bible\" title=\"Psalm 2:12\" data-link=\"1965.28416\">Psalm 2:12</span>.",
    "puborder": 1364,
    "translations": []
  },
  {
    "para_id": "2771.1836",
    "id_prev": "2771.1833",
    "id_next": "2771.1837",
    "refcode_1": "HLv",
    "refcode_2": "280",
    "refcode_3": "1",
    "refcode_4": "",
    "refcode_short": "HLv 280.1",
    "refcode_long": "From Heaven With Love, p. 280.1 (Ellen Gould White)",
    "element_type": "p",
    "element_subtype": "standard-indented",
    "content": "Jesus charged the disciples to tell no man that He was the Christ. The people, and even the disciples, had so false a conception of the Messiah that a public announcement would give them no true idea of His character or work.",
    "puborder": 1365,
    "translations": []
  }
]