[
  {
    "para_id": "2771.3217",
    "id_prev": "2771.3216",
    "id_next": "2771.3218",
    "refcode_1": "HLv",
    "refcode_2": "489",
    "refcode_3": "",
    "refcode_4": "199",
    "refcode_short": "HLv 489",
    "refcode_long": "From Heaven With Love, p. 489 (Ellen Gould White)",
    "element_type": "h4",
    "element_subtype": "",
    "content": "Pilate Did Not Foresee the Consequences",
    "puborder": 2387,
    "translations": []
  },
  {
    "para_id": "2771.3218",
    "id_prev": "2771.3217",
    "id_next": "2771.3219",
    "refcode_1": "HLv",
    "refcode_2": "489",
    "refcode_3": "3",
    "refcode_4": "",
    "refcode_short": "HLv 489.3",
    "refcode_long": "From Heaven With Love, p. 489.3 (Ellen Gould White)",
    "element_type": "p",
    "element_subtype": "standard-indented",
    "content": "Pilate had not thought it would come to that. He shrank from delivering an innocent man to the most cruel death that could be inflicted. &ldquo;Why, what evil hath He done?&rdquo; But the case had gone too far for argument.",
    "puborder": 2388,
    "translations": []
  },
  {
    "para_id": "2771.3219",
    "id_prev": "2771.3218",
    "id_next": "2771.3220",
    "refcode_1": "HLv",
    "refcode_2": "489",
    "refcode_3": "4",
    "refcode_4": "",
    "refcode_short": "HLv 489.4",
    "refcode_long": "From Heaven With Love, p. 489.4 (Ellen Gould White)",
    "element_type": "p",
    "element_subtype": "standard-indented",
    "content": "Still Pilate endeavored to save Christ. &ldquo;He said unto them the third time, Why, what evil hath He done?&rdquo; But the very mention of His release stirred the people to frenzy. Louder and louder they cried, &ldquo;Crucify Him, crucify Him!&rdquo;",
    "puborder": 2389,
    "translations": []
  },
  {
    "para_id": "2771.3220",
    "id_prev": "2771.3219",
    "id_next": "2771.3223",
    "refcode_1": "HLv",
    "refcode_2": "489",
    "refcode_3": "5",
    "refcode_4": "",
    "refcode_short": "HLv 489.5",
    "refcode_long": "From Heaven With Love, p. 489.5 (Ellen Gould White)",
    "element_type": "p",
    "element_subtype": "standard-indented",
    "content": "Faint and covered with wounds, Jesus was scourged, &ldquo;and the soldiers led Him away into the hall, called Praetorium; and they call together the whole band. And they clothed Him with purple, and platted a crown of thorns, and put it about His head, and began to salute Him, Hail, King of the Jews! And they ... did spit upon Him, and bowing their knees worshiped Him. And ... they ... mocked Him.&rdquo; Occasionally <span class=\"page-break\" data-page=\"490\"></span> some wicked hand struck the crown, forcing the thorns into His temples, and sending the blood trickling down His face.",
    "puborder": 2390,
    "translations": []
  },
  {
    "para_id": "2771.3223",
    "id_prev": "2771.3220",
    "id_next": "2771.3224",
    "refcode_1": "HLv",
    "refcode_2": "490",
    "refcode_3": "1",
    "refcode_4": "",
    "refcode_short": "HLv 490.1",
    "refcode_long": "From Heaven With Love, p. 490.1 (Ellen Gould White)",
    "element_type": "p",
    "element_subtype": "standard-indented",
    "content": "A maddened throng enclosed the Saviour of the world. Mocking and jeering were mingled with oaths of blasphemy. Satan led the mob. It was his purpose to provoke the Saviour to retaliation if possible, or to drive Him to perform a miracle to release Himself. One stain upon His human life, and the Lamb of God would have been an imperfect offering, and the redemption of man a failure. But He submitted with perfect calmness to the coarsest insult and outrage.",
    "puborder": 2391,
    "translations": []
  },
  {
    "para_id": "2771.3224",
    "id_prev": "2771.3223",
    "id_next": "2771.3225",
    "refcode_1": "HLv",
    "refcode_2": "490",
    "refcode_3": "2",
    "refcode_4": "",
    "refcode_short": "HLv 490.2",
    "refcode_long": "From Heaven With Love, p. 490.2 (Ellen Gould White)",
    "element_type": "p",
    "element_subtype": "standard-indented",
    "content": "Christ&apos;s enemies had demanded a miracle as evidence of His divinity. They had evidence far greater than any they had sought. His meekness and patience proved His kinship to God. The blood drops that flowed from His wounded temples were the pledge of His anointing with &ldquo;the oil of gladness&rdquo; as our great High Priest. See <span class=\"egwlink egwlink_bible\" title=\"Hebrews 1:9\" data-link=\"1965.61139\">Hebrews 1:9</span>. Satan&apos;s rage was great as he saw that the Saviour had departed in no particular from the will of His Father.",
    "puborder": 2392,
    "translations": []
  }
]