[
  {
    "para_id": "2771.578",
    "id_prev": "2771.577",
    "id_next": "2771.579",
    "refcode_1": "HLv",
    "refcode_2": "88",
    "refcode_3": "",
    "refcode_4": "43",
    "refcode_short": "HLv 88",
    "refcode_long": "From Heaven With Love, p. 88 (Ellen Gould White)",
    "element_type": "h4",
    "element_subtype": "",
    "content": "The Strongest Argument",
    "puborder": 422,
    "translations": []
  },
  {
    "para_id": "2771.579",
    "id_prev": "2771.578",
    "id_next": "2771.580",
    "refcode_1": "HLv",
    "refcode_2": "88",
    "refcode_3": "3",
    "refcode_4": "",
    "refcode_short": "HLv 88.3",
    "refcode_long": "From Heaven With Love, p. 88.3 (Ellen Gould White)",
    "element_type": "p",
    "element_subtype": "standard-indented",
    "content": "Philip did not ask Nathanael to accept another&apos;s testimony, but to behold Christ for himself. One of the most effective ways of winning souls to Jesus is in exemplifying His character in our daily life. Men may defy our logic or resist our appeals; but a life of love, totally without selfish motives, is an argument they cannot gainsay.",
    "puborder": 423,
    "translations": []
  },
  {
    "para_id": "2771.580",
    "id_prev": "2771.579",
    "id_next": "2771.581",
    "refcode_1": "HLv",
    "refcode_2": "88",
    "refcode_3": "4",
    "refcode_4": "",
    "refcode_short": "HLv 88.4",
    "refcode_long": "From Heaven With Love, p. 88.4 (Ellen Gould White)",
    "element_type": "p",
    "element_subtype": "standard-indented",
    "content": "The Word of God, spoken by one who is himself sanctified through it, has a life-giving power attractive to the hearers. When one has received the truth in the love of it, he will make known that which he himself has heard, seen, and handled of the Word of Life. His testimony is truth to the receptive heart, and works sanctification upon the character.",
    "puborder": 424,
    "translations": []
  },
  {
    "para_id": "2771.581",
    "id_prev": "2771.580",
    "id_next": "2771.584",
    "refcode_1": "HLv",
    "refcode_2": "88",
    "refcode_3": "5",
    "refcode_4": "",
    "refcode_short": "HLv 88.5",
    "refcode_long": "From Heaven With Love, p. 88.5 (Ellen Gould White)",
    "element_type": "p",
    "element_subtype": "standard-indented",
    "content": "And he who seeks to give light to others will himself <span class=\"page-break\" data-page=\"89\"></span> be blessed. &ldquo;He that watereth shall be watered also himself.&rdquo; <span class=\"egwlink egwlink_bible\" title=\"Proverbs 11:25\" data-link=\"1965.34088\">Proverbs 11:25</span>. In order to enter into Christ&apos;s joy&mdash;the joy of seeing souls redeemed by His sacrifice&mdash;we must participate in His labors for their redemption.",
    "puborder": 425,
    "translations": []
  },
  {
    "para_id": "2771.584",
    "id_prev": "2771.581",
    "id_next": "2771.585",
    "refcode_1": "HLv",
    "refcode_2": "89",
    "refcode_3": "1",
    "refcode_4": "",
    "refcode_short": "HLv 89.1",
    "refcode_long": "From Heaven With Love, p. 89.1 (Ellen Gould White)",
    "element_type": "p",
    "element_subtype": "standard-indented",
    "content": "Nathanael&apos;s first expression of faith fell like music on the ears of Jesus. &ldquo;Because I said to you, I saw you under the fig tree, do you believe? You shall see greater things than these.&rdquo; RSV. The Saviour looked forward with joy to His work in preaching good tidings to the meek, binding up the brokenhearted, and proclaiming liberty to the captives of Satan. He added, &ldquo;Verily, verily, I say unto you, Hereafter ye shall see heaven open, and the angels of God ascending and descending upon the Son of man.&rdquo;",
    "puborder": 426,
    "translations": []
  },
  {
    "para_id": "2771.585",
    "id_prev": "2771.584",
    "id_next": "2771.586",
    "refcode_1": "HLv",
    "refcode_2": "89",
    "refcode_3": "2",
    "refcode_4": "",
    "refcode_short": "HLv 89.2",
    "refcode_long": "From Heaven With Love, p. 89.2 (Ellen Gould White)",
    "element_type": "p",
    "element_subtype": "standard-indented",
    "content": "Here Christ virtually says, On the bank of the Jordan the heavens were opened, and the Spirit descended. But if you believe on Me, your faith will be quickened. You shall see that the heavens are opened, never to be closed. I have opened them to you. The angels of God are ascending, bearing the prayers of the needy and distressed to the Father above, and descending, bringing hope, courage, and life to the children of men.",
    "puborder": 427,
    "translations": []
  },
  {
    "para_id": "2771.586",
    "id_prev": "2771.585",
    "id_next": "2771.588",
    "refcode_1": "HLv",
    "refcode_2": "89",
    "refcode_3": "3",
    "refcode_4": "",
    "refcode_short": "HLv 89.3",
    "refcode_long": "From Heaven With Love, p. 89.3 (Ellen Gould White)",
    "element_type": "p",
    "element_subtype": "standard-indented",
    "content": "Angels are ever passing from earth to heaven, and from heaven to earth. Through Christ, by the ministry of His heavenly messengers, every blessing comes from God to us. In taking on Himself humanity, our Saviour unites His interests with those of the fallen sons and daughters of Adam, while through His divinity He grasps the throne of God.",
    "puborder": 428,
    "translations": []
  }
]