[
  {
    "para_id": "816.123",
    "id_prev": "816.120",
    "id_next": "816.124",
    "refcode_1": "EGWRWJP",
    "refcode_2": "22",
    "refcode_3": "",
    "refcode_4": "",
    "refcode_short": "EGWRWJP 22",
    "refcode_long": "Ellen Gould White Speaks Out Regarding The Work For The Jewish People, p. 22 (S. R. Howard)",
    "element_type": "h3",
    "element_subtype": "",
    "content": "Present preparatory truth before the death and resurrection of Jesus",
    "puborder": 92,
    "translations": []
  },
  {
    "para_id": "816.124",
    "id_prev": "816.123",
    "id_next": "816.126",
    "refcode_1": "EGWRWJP",
    "refcode_2": "22",
    "refcode_3": "1",
    "refcode_4": "",
    "refcode_short": "EGWRWJP 22.1",
    "refcode_long": "Ellen Gould White Speaks Out Regarding The Work For The Jewish People, p. 22.1 (S. R. Howard)",
    "element_type": "p",
    "element_subtype": "standard-indented",
    "content": "&ldquo;Our ministers need more of the wisdom that Paul had when he went to labor for the Jews, he did not first make prominent the birth, betrayal, crucifixion, and resurrection of Christ, notwithstanding these were the special truths for that time. He first brought them down step by step over the promises that had been made of a Saviour, and over the prophecies that pointed Him out. After dwelling upon these until the specifications were distinct in the minds of all, and they knew that they were to have a Saviour, he then presented the fact that this Saviour had already come. Christ Jesus fulfilled every specification. This was the &lsquo;guile&rsquo; with which Paul caught souls. He presented the truth in such a manner that their former prejudice did not arise to blind their eyes and pervert their judgment.&rdquo;&mdash;<em><span class=\"egwlink egwlink_book\" title=\"Ev 141.1\" data-link=\"30.775\">Evangelism, 141</span>; <span class=\"egwlink egwlink_book\" title=\"HS 121.1\" data-link=\"389.19\">Historical Sketches of the Foreign Missions of the Seventh-day Adventists, 121, 122</span> (1886).</em>",
    "puborder": 93,
    "translations": []
  }
]