[
  {
    "para_id": "244.95",
    "id_prev": "244.94",
    "id_next": "244.96",
    "refcode_1": "PH140",
    "refcode_2": "19",
    "refcode_3": "",
    "refcode_4": "27",
    "refcode_short": "PH140 19",
    "refcode_long": "Home and Church School Manual, p. 19 (Ellen Gould White)",
    "element_type": "h4",
    "element_subtype": "",
    "content": "Home Discipline",
    "puborder": 68,
    "translations": [
      {
        "para_id": "11990.94",
        "lang": "ru",
        "refcode": "РДЦШ 19"
      }
    ]
  },
  {
    "para_id": "244.96",
    "id_prev": "244.95",
    "id_next": "244.97",
    "refcode_1": "PH140",
    "refcode_2": "19",
    "refcode_3": "3",
    "refcode_4": "",
    "refcode_short": "PH140 19.3",
    "refcode_long": "Home and Church School Manual, p. 19.3 (Ellen Gould White)",
    "element_type": "p",
    "element_subtype": "standard-indented",
    "content": "&ldquo;Many parents will have to render an awful account at last for their neglect of their children.... Children are left to <em>come up</em> instead of being <em>trained up</em>....",
    "puborder": 69,
    "translations": [
      {
        "para_id": "11990.95",
        "lang": "ru",
        "refcode": "РДЦШ 19.3"
      }
    ]
  },
  {
    "para_id": "244.97",
    "id_prev": "244.96",
    "id_next": "244.98",
    "refcode_1": "PH140",
    "refcode_2": "19",
    "refcode_3": "4",
    "refcode_4": "",
    "refcode_short": "PH140 19.4",
    "refcode_long": "Home and Church School Manual, p. 19.4 (Ellen Gould White)",
    "element_type": "p",
    "element_subtype": "standard-indented",
    "content": "&ldquo;Parents stand in the place of God to their children, and they will have to render an account whether they have been faithful to the little few committed to their care. Parents, some of you are rearing children to be cut down by the destroying angel unless you speedily change your course, and are faithful to them. He can not love unruly children who manifest passion, and he can not save them in the time of trouble. Will you suffer your children to be lost through your neglect? Unfaithful parents, their blood will be upon you, and is not your salvation doubtful with the blood of your children upon you?&mdash;children who might have been saved had you filled your place, and done your duty as faithful parents should......",
    "puborder": 70,
    "translations": [
      {
        "para_id": "11990.96",
        "lang": "ru",
        "refcode": "РДЦШ 19.4"
      }
    ]
  },
  {
    "para_id": "244.98",
    "id_prev": "244.97",
    "id_next": "244.101",
    "refcode_1": "PH140",
    "refcode_2": "19",
    "refcode_3": "5",
    "refcode_4": "",
    "refcode_short": "PH140 19.5",
    "refcode_long": "Home and Church School Manual, p. 19.5 (Ellen Gould White)",
    "element_type": "p",
    "element_subtype": "standard-indented",
    "content": "&ldquo;Parents, correct your children. Begin while they are young, when impressions can be more easily made, and their evil tempers subdued before they grow with their growth and strengthen with their strength.... You should correct your children in love. Do not let them have their own way until you get angry, and <span class=\"page-break\" data-page=\"20\"></span> then punish them. Such correction only helps on the evil, instead of remedying it. After you have done your duty faithfully to your children then carry them to God, and ask him to help you.... Ask him to temper their dispositions, to make them mild and gentle by his Holy Spirit. He will hear you pray. He will love to answer your prayers. Through his Word he has enjoined it upon you to correct your children, to &ldquo;spare not for crying,&rdquo; and his word is to be heeded in these things...",
    "puborder": 71,
    "translations": [
      {
        "para_id": "11990.97",
        "lang": "ru",
        "refcode": "РДЦШ 19.5"
      }
    ]
  },
  {
    "para_id": "244.101",
    "id_prev": "244.98",
    "id_next": "244.102",
    "refcode_1": "PH140",
    "refcode_2": "20",
    "refcode_3": "1",
    "refcode_4": "",
    "refcode_short": "PH140 20.1",
    "refcode_long": "Home and Church School Manual, p. 20.1 (Ellen Gould White)",
    "element_type": "p",
    "element_subtype": "standard-indented",
    "content": "&ldquo;Children are the lawful prey of the enemy, because they are not subjects of grace, have not experienced the cleansing power of Jesus, and the evil angels have access to these children; and some parents are careless, and suffer them to work with but little restraint. Parents have a great work to do in this matter, by correcting and subduing their children, and then bringing them to God and claiming His blessing upon them. By the faithful and untiring efforts of the parents, and the blessing and grace entreated of God on the children, the power of the evil angels will be broken, a sanctifying influence is shed upon the children, and the powers of darkness must give back.&rdquo;&mdash;<span class=\"egwlink egwlink_book\" title=\"RH 3-28-1893\" data-link=\"821.12618\">The Review and Herald, March 28, 1893</span>.",
    "puborder": 72,
    "translations": [
      {
        "para_id": "11990.100",
        "lang": "ru",
        "refcode": "РДЦШ 20.1"
      }
    ]
  }
]