[
  {
    "para_id": "277.2",
    "id_prev": null,
    "id_next": "277.3",
    "refcode_1": "PH137",
    "refcode_2": "4",
    "refcode_3": "",
    "refcode_4": "",
    "refcode_short": "PH137 4",
    "refcode_long": "Health and Healing, p. 4 (Ellen Gould White)",
    "element_type": "h1",
    "element_subtype": "",
    "content": "Health and Healing",
    "puborder": 1,
    "translations": []
  },
  {
    "para_id": "277.3",
    "id_prev": "277.2",
    "id_next": "277.4",
    "refcode_1": "PH137",
    "refcode_2": "4",
    "refcode_3": "",
    "refcode_4": "1",
    "refcode_short": "PH137 4",
    "refcode_long": "Health and Healing, p. 4 (Ellen Gould White)",
    "element_type": "h3",
    "element_subtype": "",
    "content": "Selections From the Manuscripts",
    "puborder": 3,
    "translations": []
  },
  {
    "para_id": "277.4",
    "id_prev": "277.3",
    "id_next": "277.5",
    "refcode_1": "PH137",
    "refcode_2": "4",
    "refcode_3": "1",
    "refcode_4": "",
    "refcode_short": "PH137 4.1",
    "refcode_long": "Health and Healing, p. 4.1 (Ellen Gould White)",
    "element_type": "p",
    "element_subtype": "standard-indented",
    "content": "1. God&apos;s blessing will rest upon every effort made to awaken an interest in health reform; for it is needed everywhere. There must be a revival on this subject; for God purposes to accomplish much through this agency. MS-6a-1890.",
    "puborder": 4,
    "translations": []
  },
  {
    "para_id": "277.5",
    "id_prev": "277.4",
    "id_next": "277.6",
    "refcode_1": "PH137",
    "refcode_2": "4",
    "refcode_3": "2",
    "refcode_4": "",
    "refcode_short": "PH137 4.2",
    "refcode_long": "Health and Healing, p. 4.2 (Ellen Gould White)",
    "element_type": "p",
    "element_subtype": "standard-indented",
    "content": "2. The Holy Spirit never has, and never will in the future, divorce the medical missionary work from the gospel ministry. They cannot be divorced. Bound up with Jesus Christ, the ministry of the word and the healing of the sick are one. Series B, No. 7, page 64.",
    "puborder": 5,
    "translations": []
  },
  {
    "para_id": "277.6",
    "id_prev": "277.5",
    "id_next": "277.7",
    "refcode_1": "PH137",
    "refcode_2": "4",
    "refcode_3": "3",
    "refcode_4": "",
    "refcode_short": "PH137 4.3",
    "refcode_long": "Health and Healing, p. 4.3 (Ellen Gould White)",
    "element_type": "p",
    "element_subtype": "standard-indented",
    "content": "3. Seventh-day Adventists are to be represented to the world by the advanced principles of health reform which God has given us.",
    "puborder": 6,
    "translations": []
  },
  {
    "para_id": "277.7",
    "id_prev": "277.6",
    "id_next": "277.8",
    "refcode_1": "PH137",
    "refcode_2": "4",
    "refcode_3": "4",
    "refcode_4": "",
    "refcode_short": "PH137 4.4",
    "refcode_long": "Health and Healing, p. 4.4 (Ellen Gould White)",
    "element_type": "p",
    "element_subtype": "standard-indented",
    "content": "In the work of the gospel the Lord uses different instrumentalities, and nothing is to be allowed to separate these instrumentalities. D.F.",
    "puborder": 7,
    "translations": []
  },
  {
    "para_id": "277.8",
    "id_prev": "277.7",
    "id_next": "277.9",
    "refcode_1": "PH137",
    "refcode_2": "4",
    "refcode_3": "5",
    "refcode_4": "",
    "refcode_short": "PH137 4.5",
    "refcode_long": "Health and Healing, p. 4.5 (Ellen Gould White)",
    "element_type": "p",
    "element_subtype": "standard-indented",
    "content": "4. If we would elevate the moral standard in any country where we may be called to go, we must begin by correcting their physical habits. Virtue of character depends upon the right action of the powers of the mind and body.<span class=\"egwlink egwlink_book\" title=\"CH 505.1\" data-link=\"20.2650\">Counsels on Health, 505</span>.",
    "puborder": 8,
    "translations": []
  },
  {
    "para_id": "277.9",
    "id_prev": "277.8",
    "id_next": "277.10",
    "refcode_1": "PH137",
    "refcode_2": "4",
    "refcode_3": "6",
    "refcode_4": "",
    "refcode_short": "PH137 4.6",
    "refcode_long": "Health and Healing, p. 4.6 (Ellen Gould White)",
    "element_type": "p",
    "element_subtype": "standard-indented",
    "content": "5. Christ gave a perfect representation of true godliness by combining the work of a physician and a minister, ministering to the needs of both body and soul, healing physical disease, and then speaking words that brought peace to the troubled heart.<span class=\"egwlink egwlink_book\" title=\"CH 528.1\" data-link=\"20.2770\">Counsels on Health, 528</span>.",
    "puborder": 9,
    "translations": []
  }
]