[
  {
    "para_id": "14039.1527",
    "id_prev": "14039.1525",
    "id_next": "14039.1528",
    "refcode_1": "RRe",
    "refcode_2": "243",
    "refcode_3": "",
    "refcode_4": "241",
    "refcode_short": "RRe 243",
    "refcode_long": "Radiant Religion, p. 243 (Ellen Gould White)",
    "element_type": "h3",
    "element_subtype": "",
    "content": "The &ldquo;Gifts&rdquo; of the World Grow Worse, August 29",
    "puborder": 1225,
    "translations": []
  },
  {
    "para_id": "14039.1528",
    "id_prev": "14039.1527",
    "id_next": "14039.1529",
    "refcode_1": "RRe",
    "refcode_2": "243",
    "refcode_3": "1",
    "refcode_4": "",
    "refcode_short": "RRe 243.1",
    "refcode_long": "Radiant Religion, p. 243.1 (Ellen Gould White)",
    "element_type": "p",
    "element_subtype": "devotionaltext",
    "content": "Remember now thy Creator in the days of thy youth, while the evil days come not, nor the years draw nigh, when thou shalt say, I have no pleasure in them. <span class=\"egwlink egwlink_bible\" title=\"Ecclesiastes 12:1\" data-link=\"1965.35743\">Ecclesiastes 12:1</span>.",
    "puborder": 1226,
    "translations": []
  },
  {
    "para_id": "14039.1529",
    "id_prev": "14039.1528",
    "id_next": "14039.1530",
    "refcode_1": "RRe",
    "refcode_2": "243",
    "refcode_3": "2",
    "refcode_4": "",
    "refcode_short": "RRe 243.2",
    "refcode_long": "Radiant Religion, p. 243.2 (Ellen Gould White)",
    "element_type": "p",
    "element_subtype": "standard-indented",
    "content": "Have you sought to feast upon the fruits of transgression, only to find them turn to ashes upon your lips? And now, your substance spent, your life-plans thwarted, and your hopes dead, do you sit alone and desolate? Now that voice which has long been speaking to your heart, but to which you would not listen, comes to you distinct and clear, &ldquo;Arise ye, and depart; for this is not your rest; because it is polluted, it shall destroy you, even with a sore destruction.&rdquo; Return to your Father&rsquo;s house. He invites you, saying, &ldquo;Return unto Me; for I have redeemed thee.&rdquo;&mdash;<span class=\"egwlink egwlink_book\" title=\"COL 205.1\" data-link=\"15.867\">Christ&rsquo;s Object Lessons, 205</span>.",
    "puborder": 1227,
    "translations": []
  },
  {
    "para_id": "14039.1530",
    "id_prev": "14039.1529",
    "id_next": "14039.1532",
    "refcode_1": "RRe",
    "refcode_2": "243",
    "refcode_3": "3",
    "refcode_4": "",
    "refcode_short": "RRe 243.3",
    "refcode_long": "Radiant Religion, p. 243.3 (Ellen Gould White)",
    "element_type": "p",
    "element_subtype": "standard-indented",
    "content": "As men set forth the best wine first, then afterward that which is worse, so does the world with its gifts. That which it offers may please the eye and fascinate the senses, but it proves to be unsatisfying. The wine turns to bitterness, the gaiety to gloom. That which was begun with songs and mirth, ends in weariness and disgust. But the gifts of Jesus are ever fresh and new. The feast that He provides for the soul, never fails to give satisfaction and joy. Each new gift increases the capacity of the receiver to appreciate and enjoy the blessings of the Lord. He gives grace for grace. There can be no failure of supply. If you abide in Him, the fact that you receive a rich gift today, insures the reception of a richer gift tomorrow.&mdash;<span class=\"egwlink egwlink_book\" title=\"DA 148.1\" data-link=\"130.644\">The Desire of Ages, 148</span>.",
    "puborder": 1228,
    "translations": []
  }
]