[
  {
    "para_id": "14039.2229",
    "id_prev": "14039.2227",
    "id_next": "14039.2230",
    "refcode_1": "RRe",
    "refcode_2": "351",
    "refcode_3": "",
    "refcode_4": "349",
    "refcode_short": "RRe 351",
    "refcode_long": "Radiant Religion, p. 351 (Ellen Gould White)",
    "element_type": "h3",
    "element_subtype": "",
    "content": "We Shall Meet and See the Lord Jesus, December 15",
    "puborder": 1779,
    "translations": []
  },
  {
    "para_id": "14039.2230",
    "id_prev": "14039.2229",
    "id_next": "14039.2231",
    "refcode_1": "RRe",
    "refcode_2": "351",
    "refcode_3": "1",
    "refcode_4": "",
    "refcode_short": "RRe 351.1",
    "refcode_long": "Radiant Religion, p. 351.1 (Ellen Gould White)",
    "element_type": "p",
    "element_subtype": "devotionaltext",
    "content": "It shall be said in that day, Lo, this is our God: we have waited for Him, and He will save us: this is the Lord: we have waited for Him, we will be glad and rejoice in His salvation. <span class=\"egwlink egwlink_bible\" title=\"Isaiah 25:9\" data-link=\"1965.36984\">Isaiah 25:9</span>.",
    "puborder": 1780,
    "translations": []
  },
  {
    "para_id": "14039.2231",
    "id_prev": "14039.2230",
    "id_next": "14039.2233",
    "refcode_1": "RRe",
    "refcode_2": "351",
    "refcode_3": "2",
    "refcode_4": "",
    "refcode_short": "RRe 351.2",
    "refcode_long": "Radiant Religion, p. 351.2 (Ellen Gould White)",
    "element_type": "p",
    "element_subtype": "standard-indented",
    "content": "Jesus is coming but not as at His first advent, a babe in Bethlehem; not as He rode into Jerusalem, when the disciples praised God with a loud voice and cried, &ldquo;Hosanna;&rdquo; but in the glory of the Father, and with all the retinue of holy angels to escort Him on His way to earth. All heaven will be emptied of the angels, while the waiting saints will be looking for Him and gazing into heaven, as were the men of Galilee when He ascended from the Mount of Olivet. Then only those who are holy, those who have followed fully the meek Pattern, will with rapturous joy exclaim as they behold Him, &ldquo;Lo, this is our God, we have waited for Him, and He will save us.&rdquo; And they will be changed &ldquo;in a moment, in the twinkling of an eye, at the last trump&mdash;that trump which wakes the sleeping saints, and calls them forth from their dusty beds, clothed with glorious immortality, and shouting, &ldquo;Victory! Victory over death and the grave!&rdquo; The changed saints are then caught up together with the angels to meet the Lord in the air, never more to be separated from the object of their love.&mdash;<span class=\"egwlink egwlink_book\" title=\"EW 110.1\" data-link=\"28.645\">Early Writings, 110</span>.",
    "puborder": 1781,
    "translations": []
  }
]