[
  {
    "para_id": "14039.580",
    "id_prev": "14039.578",
    "id_next": "14039.581",
    "refcode_1": "RRe",
    "refcode_2": "95",
    "refcode_3": "",
    "refcode_4": "93",
    "refcode_short": "RRe 95",
    "refcode_long": "Radiant Religion, p. 95 (Ellen Gould White)",
    "element_type": "h3",
    "element_subtype": "",
    "content": "Because of My Love for His Church, April 3",
    "puborder": 448,
    "translations": []
  },
  {
    "para_id": "14039.581",
    "id_prev": "14039.580",
    "id_next": "14039.582",
    "refcode_1": "RRe",
    "refcode_2": "95",
    "refcode_3": "1",
    "refcode_4": "",
    "refcode_short": "RRe 95.1",
    "refcode_long": "Radiant Religion, p. 95.1 (Ellen Gould White)",
    "element_type": "p",
    "element_subtype": "devotionaltext",
    "content": "Who now rejoice in my sufferings for you, and fill up that which is behind of the afflictions of Christ in my flesh for His body&rsquo;s sake, which is the church. <span class=\"egwlink egwlink_bible\" title=\"Colossians 1:24\" data-link=\"1965.60140\">Colossians 1:24</span>.",
    "puborder": 449,
    "translations": []
  },
  {
    "para_id": "14039.582",
    "id_prev": "14039.581",
    "id_next": "14039.583",
    "refcode_1": "RRe",
    "refcode_2": "95",
    "refcode_3": "2",
    "refcode_4": "",
    "refcode_short": "RRe 95.2",
    "refcode_long": "Radiant Religion, p. 95.2 (Ellen Gould White)",
    "element_type": "p",
    "element_subtype": "standard-indented",
    "content": "The apostles counted not their lives dear unto themselves, rejoicing that they were counted worthy to suffer shame for the name of Christ. Paul and Silas suffered the loss of all things. They suffered scourging, and were in no gentle manner thrown upon the cold floor of a dungeon in a most painful position, their feet elevated and fastened in the stocks. Did repinings and complaints then reach the ear of the jailer? Oh, no. From the inner prison, voices broke the silence of midnight with songs of joy and praises to God. These disciples were cheered by a deep and earnest love for the cause of their Redeemer, for which they suffered.",
    "puborder": 450,
    "translations": []
  },
  {
    "para_id": "14039.583",
    "id_prev": "14039.582",
    "id_next": "14039.584",
    "refcode_1": "RRe",
    "refcode_2": "95",
    "refcode_3": "3",
    "refcode_4": "",
    "refcode_short": "RRe 95.3",
    "refcode_long": "Radiant Religion, p. 95.3 (Ellen Gould White)",
    "element_type": "p",
    "element_subtype": "standard-indented",
    "content": "As the truth of God fills our hearts, absorbs our affections, and controls our lives, we also will count it joy to suffer for the truth&rsquo;s sake. No prison walls, no martyr&rsquo;s stake, can then daunt or hinder us in the great work.&mdash;<span class=\"egwlink egwlink_book\" title=\"3T 406.4\" data-link=\"119.1889\">Testimonies for the Church 3:406</span>.",
    "puborder": 451,
    "translations": []
  },
  {
    "para_id": "14039.584",
    "id_prev": "14039.583",
    "id_next": "14039.588",
    "refcode_1": "RRe",
    "refcode_2": "95",
    "refcode_3": "4",
    "refcode_4": "",
    "refcode_short": "RRe 95.4",
    "refcode_long": "Radiant Religion, p. 95.4 (Ellen Gould White)",
    "element_type": "p",
    "element_subtype": "poem-noindent",
    "content": "&ldquo;Mark all this and be glad, O folk forlorn,<br />\ntake heart, O worshipers of God;<br />\nthe Eternal listens to a life in need,<br />\nhe never overlooks his own in prison.&rdquo;",
    "puborder": 452,
    "translations": []
  },
  {
    "para_id": "14039.588",
    "id_prev": "14039.584",
    "id_next": "14039.590",
    "refcode_1": "RRe",
    "refcode_2": "95",
    "refcode_3": "",
    "refcode_4": "",
    "refcode_short": "",
    "refcode_long": "",
    "element_type": "p",
    "element_subtype": "poem-source",
    "content": "<span class=\"egwlink egwlink_bible\" title=\"Psalm 69:32\" data-link=\"1965.30503\">Psalm 69:32, 33</span>, Moffatt.",
    "puborder": 453,
    "translations": []
  }
]