[
  {
    "para_id": "14776.55",
    "id_prev": "14776.54",
    "id_next": "14776.56",
    "refcode_1": "JTL18",
    "refcode_2": "6",
    "refcode_3": "",
    "refcode_4": "7",
    "refcode_short": "JTL18 6",
    "refcode_long": "My Journey to Life, Step 18—God’s Law, p. 6 (Ellen G. White Estate)",
    "element_type": "h4",
    "element_subtype": "",
    "content": "Bible Discovery:",
    "puborder": 48,
    "translations": []
  },
  {
    "para_id": "14776.56",
    "id_prev": "14776.55",
    "id_next": "14776.57",
    "refcode_1": "JTL18",
    "refcode_2": "6",
    "refcode_3": "12",
    "refcode_4": "",
    "refcode_short": "JTL18 6.12",
    "refcode_long": "My Journey to Life, Step 18—God’s Law, p. 6.12 (Ellen G. White Estate)",
    "element_type": "p",
    "element_subtype": "standard-indented",
    "content": "<span title=\"Exodus 16:28\" class=\"egwlink egwlink_bible\" data-link=\"1965.4021\">Exodus 16:28</span>; <span title=\"Exodus 18:16\" class=\"egwlink egwlink_bible\" data-link=\"1965.4103\">18:16</span>; <span title=\"Romans 4:15\" class=\"egwlink egwlink_bible\" data-link=\"1965.57172\">Romans 4:15</span>; <span title=\"Romans 5:12\" class=\"egwlink egwlink_bible\" data-link=\"1965.57217\">5:12</span>; <span title=\"2 Peter 2:4\" class=\"egwlink egwlink_bible\" data-link=\"1965.62230\">2 Peter 2:4</span>",
    "puborder": 49,
    "translations": []
  }
]