[
  {
    "para_id": "1477.106",
    "id_prev": "1477.164",
    "id_next": "1477.107",
    "refcode_1": "RBF",
    "refcode_2": "33",
    "refcode_3": "",
    "refcode_4": "",
    "refcode_short": "RBF 33",
    "refcode_long": "Report of the Book Fund for Tract and Book Distribution, p. 33 (James Springer White)",
    "element_type": "h3",
    "element_subtype": "",
    "content": "GIVING",
    "puborder": 70,
    "translations": []
  },
  {
    "para_id": "1477.107",
    "id_prev": "1477.106",
    "id_next": "1477.108",
    "refcode_1": "RBF",
    "refcode_2": "33",
    "refcode_3": "1",
    "refcode_4": "",
    "refcode_short": "RBF 33.1",
    "refcode_long": "Report of the Book Fund for Tract and Book Distribution, p. 33.1 (James Springer White)",
    "element_type": "p",
    "element_subtype": "standard-indented",
    "content": "&ldquo;How much ought I to give to charitable objects?&rdquo;",
    "puborder": 71,
    "translations": []
  },
  {
    "para_id": "1477.108",
    "id_prev": "1477.107",
    "id_next": "1477.109",
    "refcode_1": "RBF",
    "refcode_2": "33",
    "refcode_3": "2",
    "refcode_4": "",
    "refcode_short": "RBF 33.2",
    "refcode_long": "Report of the Book Fund for Tract and Book Distribution, p. 33.2 (James Springer White)",
    "element_type": "p",
    "element_subtype": "standard-indented",
    "content": "That depends upon a previous question.",
    "puborder": 72,
    "translations": []
  },
  {
    "para_id": "1477.109",
    "id_prev": "1477.108",
    "id_next": "1477.110",
    "refcode_1": "RBF",
    "refcode_2": "33",
    "refcode_3": "3",
    "refcode_4": "",
    "refcode_short": "RBF 33.3",
    "refcode_long": "Report of the Book Fund for Tract and Book Distribution, p. 33.3 (James Springer White)",
    "element_type": "p",
    "element_subtype": "standard-indented",
    "content": "&ldquo;A previous question! and pray what is that?&rdquo;",
    "puborder": 73,
    "translations": []
  },
  {
    "para_id": "1477.110",
    "id_prev": "1477.109",
    "id_next": "1477.111",
    "refcode_1": "RBF",
    "refcode_2": "33",
    "refcode_3": "4",
    "refcode_4": "",
    "refcode_short": "RBF 33.4",
    "refcode_long": "Report of the Book Fund for Tract and Book Distribution, p. 33.4 (James Springer White)",
    "element_type": "p",
    "element_subtype": "standard-indented",
    "content": "It is simply: Are you your own man? or are you a steward?",
    "puborder": 74,
    "translations": []
  },
  {
    "para_id": "1477.111",
    "id_prev": "1477.110",
    "id_next": "1477.112",
    "refcode_1": "RBF",
    "refcode_2": "33",
    "refcode_3": "5",
    "refcode_4": "",
    "refcode_short": "RBF 33.5",
    "refcode_long": "Report of the Book Fund for Tract and Book Distribution, p. 33.5 (James Springer White)",
    "element_type": "p",
    "element_subtype": "standard-indented",
    "content": "&ldquo;Oh! of course I am a steward.&rdquo;",
    "puborder": 75,
    "translations": []
  },
  {
    "para_id": "1477.112",
    "id_prev": "1477.111",
    "id_next": "1477.113",
    "refcode_1": "RBF",
    "refcode_2": "33",
    "refcode_3": "6",
    "refcode_4": "",
    "refcode_short": "RBF 33.6",
    "refcode_long": "Report of the Book Fund for Tract and Book Distribution, p. 33.6 (James Springer White)",
    "element_type": "p",
    "element_subtype": "standard-indented",
    "content": "Then your first question is easily answered. As a steward, you are entrusted with the property of your Master. Every dollar and every dime of that property is to be invested for him, according to your best judgment, with undeviating regard to his interests. You know what those interests are. He has proclaimed them very widely.",
    "puborder": 76,
    "translations": []
  },
  {
    "para_id": "1477.113",
    "id_prev": "1477.112",
    "id_next": "1477.114",
    "refcode_1": "RBF",
    "refcode_2": "33",
    "refcode_3": "7",
    "refcode_4": "",
    "refcode_short": "RBF 33.7",
    "refcode_long": "Report of the Book Fund for Tract and Book Distribution, p. 33.7 (James Springer White)",
    "element_type": "p",
    "element_subtype": "standard-indented",
    "content": "Here is one form of his proclamation: &ldquo;God so loved the world that he gave his only begotten Son, that whosoever believeth in him should not perish, but have everlasting life.&rdquo; You see his object; it is to save the world; and you see his contribution to the object; his only begotten Son. Of course this object is immensely dear to him; and, as you hope to find favor with God, you will not scruple to follow his lead, in the spirit of the largest liberality.",
    "puborder": 77,
    "translations": []
  },
  {
    "para_id": "1477.114",
    "id_prev": "1477.113",
    "id_next": "1477.115",
    "refcode_1": "RBF",
    "refcode_2": "33",
    "refcode_3": "8",
    "refcode_4": "",
    "refcode_short": "RBF 33.8",
    "refcode_long": "Report of the Book Fund for Tract and Book Distribution, p. 33.8 (James Springer White)",
    "element_type": "p",
    "element_subtype": "standard-indented",
    "content": "&ldquo;Certainly; but then, you see, this don&rsquo;t meet my difficulty as to how much I ought to give. It is all very well, you know, but too general to be of any use.&rdquo;",
    "puborder": 78,
    "translations": []
  },
  {
    "para_id": "1477.115",
    "id_prev": "1477.114",
    "id_next": "1477.118",
    "refcode_1": "RBF",
    "refcode_2": "33",
    "refcode_3": "9",
    "refcode_4": "",
    "refcode_short": "RBF 33.9",
    "refcode_long": "Report of the Book Fund for Tract and Book Distribution, p. 33.9 (James Springer White)",
    "element_type": "p",
    "element_subtype": "standard-indented",
    "content": "To me it seems exceedingly minute. It points to <span class=\"page-break\" data-page=\"34\"></span> what our Lord has done and suffered; and on this basis lays claim to all you have and are. But here is another form of proclamation that is very precise: &ldquo;Thou shalt love the Lord thy God with all thy heart, soul, mind, and strength, and thy neighbor as thyself.&rdquo; You see you are to give so much, and in such ways, as will exactly correspond with this measure of love. Isn&rsquo;t that plain?",
    "puborder": 79,
    "translations": []
  },
  {
    "para_id": "1477.118",
    "id_prev": "1477.115",
    "id_next": "1477.119",
    "refcode_1": "RBF",
    "refcode_2": "34",
    "refcode_3": "1",
    "refcode_4": "",
    "refcode_short": "RBF 34.1",
    "refcode_long": "Report of the Book Fund for Tract and Book Distribution, p. 34.1 (James Springer White)",
    "element_type": "p",
    "element_subtype": "standard-indented",
    "content": "&ldquo;You have a curious way of putting things. Instead of answering my question straight out, you go to preaching a kind of a sermon.&rdquo;",
    "puborder": 80,
    "translations": []
  },
  {
    "para_id": "1477.119",
    "id_prev": "1477.118",
    "id_next": "1477.122",
    "refcode_1": "RBF",
    "refcode_2": "34",
    "refcode_3": "2",
    "refcode_4": "",
    "refcode_short": "RBF 34.2",
    "refcode_long": "Report of the Book Fund for Tract and Book Distribution, p. 34.2 (James Springer White)",
    "element_type": "p",
    "element_subtype": "standard-indented",
    "content": "Ah! you thought, perhaps, that I would say ten per cent, or twenty per cent, of your income. But having admitted that you are only a steward, it follows that the income, being his income, is in trust, as well as the principal. This is no sermon, my friend; it is only a statement of fact. Is it not absolutely true, and plain as the sun at noonday? You are to devote your entire income to the promotion of your Master&rsquo;s object. I have already stated that his object is to save the world. But as you call for particulars, here is a more particular utterance: &ldquo;He will have all men to come unto the knowledge of the truth.&rdquo; &ldquo;Go ye into all the world, and preach the gospel to every creature.&rdquo; Now, in the exercise of your best judgment, you may go or send. If you go, I understand him to say that you may &ldquo;live of the gospel;&rdquo; that you are exempt from the task of money-making; but if you send, you are bound to be large-hearted, and to send as many preachers as the property intrusted to you will permit. You may choose between one field and another; you may have your option of the zones, temperate, torrid, or frigid; you may elect the living speaker, or the printed page; but you are to hasten to give the gospel <span class=\"page-break\" data-page=\"35\"></span> to every creature; and, to the extent of your ability, with your own lips, and out of the abundance of your heart, you are to declare it. You are to spare no pains, and to keep back no money until all men have received the truth.",
    "puborder": 81,
    "translations": []
  },
  {
    "para_id": "1477.122",
    "id_prev": "1477.119",
    "id_next": "1477.123",
    "refcode_1": "RBF",
    "refcode_2": "35",
    "refcode_3": "1",
    "refcode_4": "",
    "refcode_short": "RBF 35.1",
    "refcode_long": "Report of the Book Fund for Tract and Book Distribution, p. 35.1 (James Springer White)",
    "element_type": "p",
    "element_subtype": "standard-indented",
    "content": "&ldquo;But would you have me clothe myself and my family in homespun, and live on bread and water?&rdquo;",
    "puborder": 82,
    "translations": []
  },
  {
    "para_id": "1477.123",
    "id_prev": "1477.122",
    "id_next": "1477.124",
    "refcode_1": "RBF",
    "refcode_2": "35",
    "refcode_3": "2",
    "refcode_4": "",
    "refcode_short": "RBF 35.2",
    "refcode_long": "Report of the Book Fund for Tract and Book Distribution, p. 35.2 (James Springer White)",
    "element_type": "p",
    "element_subtype": "standard-indented",
    "content": "I have no instructions on those points. I only know that we have a generous Master, who says, &ldquo;No good thing will he withhold from them that walk uprightly.&rdquo; He also says, &ldquo;Seek ye first the kingdom of God and his righteousness, and all these things shall be added unto you. For your Heavenly Father knoweth that ye have need of these things.&rdquo; If you find that in broadcloth you can reach and save more souls, by all means wear it; he&rsquo;ll never grudge the outlay. One of his most exemplary stewards says, &ldquo;Unto the Jews I became as a Jew, that I might gain the Jews; to the weak I became as weak, that I might gain the weak; I am made all things to all men, that I might by all means save some.&rdquo; Do but keep this same end in view, and you are free to use your own judgment as to dress and diet.",
    "puborder": 83,
    "translations": []
  },
  {
    "para_id": "1477.124",
    "id_prev": "1477.123",
    "id_next": "1477.127",
    "refcode_1": "RBF",
    "refcode_2": "35",
    "refcode_3": "3",
    "refcode_4": "",
    "refcode_short": "RBF 35.3",
    "refcode_long": "Report of the Book Fund for Tract and Book Distribution, p. 35.3 (James Springer White)",
    "element_type": "p",
    "element_subtype": "standard-indented",
    "content": "But be not deceived, my dear friend; God is not mocked; be one thing or another. If you are in truth a steward, hold fast by that, and regulate your life accordingly. Don&rsquo;t play at fast and loose with him, of whom an ancient worthy says, &ldquo;Thou hast searched me and known me. Thou knowest my down-sitting and mine uprising; thou understandest my thought afar off. Thou compassest my path and my lying down, and art acquainted with all my ways.&rdquo; Better not vow, than vow and not pay. If the Lord be indeed your God, serve him; and serve him generously. <span class=\"page-break\" data-page=\"36\"></span> Give him your whole heart. Has it never occurred to you that you have a wealth of love to lavish, not yet drawn upon, could you but find an object worthy of all you have to give?",
    "puborder": 84,
    "translations": []
  },
  {
    "para_id": "1477.127",
    "id_prev": "1477.124",
    "id_next": "1477.128",
    "refcode_1": "RBF",
    "refcode_2": "36",
    "refcode_3": "1",
    "refcode_4": "",
    "refcode_short": "RBF 36.1",
    "refcode_long": "Report of the Book Fund for Tract and Book Distribution, p. 36.1 (James Springer White)",
    "element_type": "p",
    "element_subtype": "standard-indented",
    "content": "Have you never turned in disappointment from the pursuits which engross you? saying, with him whose range was even wider than your own, &ldquo;What profit hath a man of all his labor which he taketh under the sun? All things are full of labor; man cannot utter it; the eye is not satisfied with seeing, nor the ear filled with hearing.&rdquo; Is not this true to your own experience? Then do not trifle with your stewardship. Come to Jesus, with all your resources of love and labor. First of all give yourself to him. Be it that you think you have already done so; some flaw there surely has been in your deed of dedication, or you would never puzzle over a question so superficial as, How much ought I to give to charitable objects? This question is no question to him who is truly and thoroughly a steward.",
    "puborder": 85,
    "translations": []
  },
  {
    "para_id": "1477.128",
    "id_prev": "1477.127",
    "id_next": "1477.129",
    "refcode_1": "RBF",
    "refcode_2": "36",
    "refcode_3": "2",
    "refcode_4": "",
    "refcode_short": "RBF 36.2",
    "refcode_long": "Report of the Book Fund for Tract and Book Distribution, p. 36.2 (James Springer White)",
    "element_type": "p",
    "element_subtype": "standard-indented",
    "content": "The loving friend of our most loving Lord can never doubt his own welcome to all he needs; nor does he imagine that Jesus is in any degree dependent upon us. &ldquo;Hear, O my people, and I will speak. I will not reprove thee for thy sacrifices, or thy burnt offerings continually before me [albeit you have offered the maimed and the blind]. I will take no bullock out of thy house, nor he-goats out of thy folds. For every beast of the forest is mine, and the cattle upon a thousand hills. I know all the fowls of the mountains; and the wild beasts of the field are mine. If I were hungry I would not tell thee; for the world is mine, and the fullness thereof.&rdquo;",
    "puborder": 86,
    "translations": []
  },
  {
    "para_id": "1477.129",
    "id_prev": "1477.128",
    "id_next": "1477.132",
    "refcode_1": "RBF",
    "refcode_2": "36",
    "refcode_3": "3",
    "refcode_4": "",
    "refcode_short": "RBF 36.3",
    "refcode_long": "Report of the Book Fund for Tract and Book Distribution, p. 36.3 (James Springer White)",
    "element_type": "p",
    "element_subtype": "standard-indented",
    "content": "For your own benefit, I permit you to bring me <span class=\"page-break\" data-page=\"37\"></span> your offerings; not because I need a gift, but because you need to cultivate the spirit of giving; and I value you for what you <em>are</em>, infinitely more than for all you <em>do</em> or can do. My aim is to transform you into my own image; to bring your life into harmony with mine. My life is a life of perpetual giving. Have you not read that &ldquo;the heavens declare the glory of God, and the firmament sheweth his handiwork?&rdquo; This declaration is a priceless gift to man: that &ldquo;day unto day uttereth speech&rdquo; of my beneficence; and &ldquo;night unto night sheweth knowledge&rdquo; of it. Nor is my generosity limited to the creations of material wealth. Is not my law a gift of healing, converting the soul? The testimony of the Lord, is it not wisdom for the simple? The statutes of the Lord are right, rejoicing the heart; the commandment of the Lord is pure, enlightening the eyes.&rdquo;",
    "puborder": 87,
    "translations": []
  },
  {
    "para_id": "1477.132",
    "id_prev": "1477.129",
    "id_next": "1477.133",
    "refcode_1": "RBF",
    "refcode_2": "37",
    "refcode_3": "1",
    "refcode_4": "",
    "refcode_short": "RBF 37.1",
    "refcode_long": "Report of the Book Fund for Tract and Book Distribution, p. 37.1 (James Springer White)",
    "element_type": "p",
    "element_subtype": "standard-indented",
    "content": "Such, and such like, are my gifts to you; will you debate the question, What per cent of my stewardship shall I employ for him who gave me all I have and am? Simon, son of Jonas, lovest thou me more than these? And if you love me, will you bargain for a separate purse? for houses and lands, for furniture and equipage? Will you raise the question, How far may a steward go in self-indulgence, and escape the challenge of his Lord? To what extent may he be heedless of his Master&rsquo;s aims, and not be turned out of his stewardship? Do you not see that the question, How much ought I to give to charitable objects, comes of losing sight of your being only a steward?",
    "puborder": 88,
    "translations": []
  },
  {
    "para_id": "1477.133",
    "id_prev": "1477.132",
    "id_next": "1477.134",
    "refcode_1": "RBF",
    "refcode_2": "37",
    "refcode_3": "2",
    "refcode_4": "",
    "refcode_short": "RBF 37.2",
    "refcode_long": "Report of the Book Fund for Tract and Book Distribution, p. 37.2 (James Springer White)",
    "element_type": "p",
    "element_subtype": "standard-indented",
    "content": "Perhaps you will say, &ldquo;But I never intended to lose sight of it. I wish always to remember that I am a steward.&rdquo;",
    "puborder": 89,
    "translations": []
  },
  {
    "para_id": "1477.134",
    "id_prev": "1477.133",
    "id_next": "1477.136",
    "refcode_1": "RBF",
    "refcode_2": "37",
    "refcode_3": "3",
    "refcode_4": "",
    "refcode_short": "RBF 37.3",
    "refcode_long": "Report of the Book Fund for Tract and Book Distribution, p. 37.3 (James Springer White)",
    "element_type": "p",
    "element_subtype": "standard-indented",
    "content": "Then, dear friend, you must give and keep giving.",
    "puborder": 90,
    "translations": []
  },
  {
    "para_id": "1477.136",
    "id_prev": "1477.134",
    "id_next": "1477.137",
    "refcode_1": "RBF",
    "refcode_2": "38",
    "refcode_3": "",
    "refcode_4": "",
    "refcode_short": "",
    "refcode_long": "",
    "element_type": "p",
    "element_subtype": "standard-noindent",
    "content": "You must often renew the dedication of yourself to God, to Jesus the Great Benefactor. Be not content with giving <em>money</em>. So long as you permit yourself to think that money-giving meets your Lord&rsquo;s demands upon you, you will be exposed to the danger of a warped and biased judgment. The world is not in harmony with Jesus. The sentiment and life of almost all around you are wholly unlike the mind of Christ; and your standard will inevitably sink to their low level, unless you protect yourself by the continuous employment of all your powers for Him.",
    "puborder": 91,
    "translations": []
  },
  {
    "para_id": "1477.137",
    "id_prev": "1477.136",
    "id_next": "1477.138",
    "refcode_1": "RBF",
    "refcode_2": "38",
    "refcode_3": "1",
    "refcode_4": "",
    "refcode_short": "RBF 38.1",
    "refcode_long": "Report of the Book Fund for Tract and Book Distribution, p. 38.1 (James Springer White)",
    "element_type": "p",
    "element_subtype": "standard-indented",
    "content": "Our only safety lies in the <em>total</em> consecration of all we have to Christ. We must come fully under what Dr. Chalmers calls &ldquo;the expulsive power of a new affection.&rdquo; Throw wide open your heart to Jesus. Give him full and exclusive possession. Invest for him all your powers of body, mind and heart. Then will you verify in your happy experience the truth of his own maxim, &ldquo;It is more blessed to give than to receive.&rdquo; Be insatiable in your desires for the largest baptism of the Holy Ghost, and of love, possible for Almighty God to bestow for Christ&rsquo;s dear sake. Seek a higher Christian life than that which contents the vast majority of those who are called Christians. There is such a life. It is freely offered to every one; it is most freely offered to you. But remember, Jesus says, &ldquo;Whosoever he be of you that forsaketh not all that he hath, he cannot be my disciple.&rdquo; This is but another way of saying, The disciple of Jesus must never lose sight of his stewardship. He must divert nothing of all the property intrusted to him from the Master&rsquo;s intention.",
    "puborder": 92,
    "translations": []
  },
  {
    "para_id": "1477.138",
    "id_prev": "1477.137",
    "id_next": "1477.141",
    "refcode_1": "RBF",
    "refcode_2": "38",
    "refcode_3": "2",
    "refcode_4": "",
    "refcode_short": "RBF 38.2",
    "refcode_long": "Report of the Book Fund for Tract and Book Distribution, p. 38.2 (James Springer White)",
    "element_type": "p",
    "element_subtype": "standard-indented",
    "content": "In entering upon business life, thousands of Christians promise fairly that they will live and work for <span class=\"page-break\" data-page=\"39\"></span> Christ. They are going to earn money for Christ, and do good with it. But thousands of Christians &mdash; of those at least who profess to be such &mdash; are found forgetful of their first intention, submerged by the great adversary in business practices, which, little by little, extinguish every breath of spiritual life, leaving them as worldly, as covetous, as greedy of gain, as those who make no pretense that they are the stewards of the Son of God. How is this? Whence comes it? In countless instances it comes of heedlessness at the very start. It comes of forgetting that a Christian end can never sanctify unchristian means. Our Christian young men seek business with the false assumption that any business, not wrong in itself, is open to them. Nothing can be more untrue.",
    "puborder": 93,
    "translations": []
  },
  {
    "para_id": "1477.141",
    "id_prev": "1477.138",
    "id_next": "1477.142",
    "refcode_1": "RBF",
    "refcode_2": "39",
    "refcode_3": "1",
    "refcode_4": "",
    "refcode_short": "RBF 39.1",
    "refcode_long": "Report of the Book Fund for Tract and Book Distribution, p. 39.1 (James Springer White)",
    "element_type": "p",
    "element_subtype": "standard-indented",
    "content": "&ldquo;Strait is the gate, and narrow is the way,&rdquo; that offers itself to him who is inexorably resolved that he will be &ldquo;filled with the knowledge of Christ&rsquo;s will, in all wisdom and spiritual understanding; that he will walk worthy of the Lord unto all pleasing, being fruitful in every good work, and increasing in the knowledge of God.&rdquo; This is a high aim; and it costs much. Why should it not? It is a pearl of great price. Should not he who covets it, sell all that he has and buy it?",
    "puborder": 94,
    "translations": []
  },
  {
    "para_id": "1477.142",
    "id_prev": "1477.141",
    "id_next": "1477.143",
    "refcode_1": "RBF",
    "refcode_2": "39",
    "refcode_3": "2",
    "refcode_4": "",
    "refcode_short": "RBF 39.2",
    "refcode_long": "Report of the Book Fund for Tract and Book Distribution, p. 39.2 (James Springer White)",
    "element_type": "p",
    "element_subtype": "standard-indented",
    "content": "Is it not most seemly and suitable that the Christian&rsquo;s life should bear a close resemblance to that of his glorious Master? Have you forgotten that he bought you with his own most precious blood? Is there any sacrifice too great to be made for him? And can you begin too soon the habit which is to be the habit of your life &mdash; the habit of a steward? To this habit belongs the ingenuousness of unspoiled childhood; the integrity of unsophisticated youth: the unswerving firmness of noble manhood; a precious treasure intrusted to you by the Master, to be used for him. Will you barter it away for what is called &ldquo;a good situation,&rdquo; &ldquo;a handsome income?&rdquo;",
    "puborder": 95,
    "translations": []
  },
  {
    "para_id": "1477.143",
    "id_prev": "1477.142",
    "id_next": "1477.146",
    "refcode_1": "RBF",
    "refcode_2": "39",
    "refcode_3": "3",
    "refcode_4": "",
    "refcode_short": "RBF 39.3",
    "refcode_long": "Report of the Book Fund for Tract and Book Distribution, p. 39.3 (James Springer White)",
    "element_type": "p",
    "element_subtype": "standard-indented",
    "content": "Once you had a disposition to befriend your fellow; a kindly interest in his welfare; a willingness to share with him your food or raiment; if he asked a mile, to go with him two, or more. Will you heed those who <span class=\"page-break\" data-page=\"40\"></span> bid you &ldquo;root out all such sensibility, as you value your <em>success in life</em>?&rdquo; &ldquo;Ah!&rdquo; do you say, &ldquo;but what can I do? If I am to live and succeed among men, must I not do as men do? Can I set myself against the tide of the universal race?&rdquo;",
    "puborder": 96,
    "translations": []
  },
  {
    "para_id": "1477.146",
    "id_prev": "1477.143",
    "id_next": "1477.147",
    "refcode_1": "RBF",
    "refcode_2": "40",
    "refcode_3": "1",
    "refcode_4": "",
    "refcode_short": "RBF 40.1",
    "refcode_long": "Report of the Book Fund for Tract and Book Distribution, p. 40.1 (James Springer White)",
    "element_type": "p",
    "element_subtype": "standard-indented",
    "content": "It is written, &ldquo;They that seek the Lord shall not want any good thing.&rdquo; &ldquo;Choose you this day whom you will serve?&rdquo; If Christ be your Lord, and you his steward, choose him. And having made your choice, abide by your choice; for no man can serve two masters &mdash; masters so opposed as Christ and the world. Depend upon it, my friend, in the eye of Christ the lines are just so distinctly drawn. This is no question of percentage. Either you are the Lord&rsquo;s steward, or you are not. You are free to choose, for he scorns to <em>compel</em> the service he solicits. Serve me, he says, and I will give you wages; rich, generous, glorious wages. Follow me, and you shall be heirs of God, joint-heirs with Christ, to an inheritance which beggars the wealth of kings; &ldquo;an inheritance incorruptible, undefiled, and that fadeth not away.&rdquo; For consider &mdash; &ldquo;all things are yours, and ye are Christ&rsquo;s; and Christ is God&rsquo;s.&rdquo; I admit you to fellowship with the King of kings.",
    "puborder": 97,
    "translations": []
  },
  {
    "para_id": "1477.147",
    "id_prev": "1477.146",
    "id_next": "1477.161",
    "refcode_1": "RBF",
    "refcode_2": "40",
    "refcode_3": "2",
    "refcode_4": "",
    "refcode_short": "RBF 40.2",
    "refcode_long": "Report of the Book Fund for Tract and Book Distribution, p. 40.2 (James Springer White)",
    "element_type": "p",
    "element_subtype": "standard-indented",
    "content": "Will you stoop from this summit to debate the question, &ldquo;How much ought I to give to charitable objects?&rdquo; Will you not rather present your soul and body, a living sacrifice, holy, and wholly consecrated to Him who loved you and gave himself for you? &mdash; J. W. K. ",
    "puborder": 98,
    "translations": []
  },
  {
    "para_id": "1477.161",
    "id_prev": "1477.147",
    "id_next": "1477.160",
    "refcode_1": "RBF",
    "refcode_2": "40",
    "refcode_3": "",
    "refcode_4": "",
    "refcode_short": "",
    "refcode_long": "",
    "element_type": "p",
    "element_subtype": "thoughtbreak",
    "content": "* * * * *",
    "puborder": 99,
    "translations": []
  },
  {
    "para_id": "1477.160",
    "id_prev": "1477.161",
    "id_next": "1477.159",
    "refcode_1": "RBF",
    "refcode_2": "40",
    "refcode_3": "3",
    "refcode_4": "",
    "refcode_short": "RBF 40.3",
    "refcode_long": "Report of the Book Fund for Tract and Book Distribution, p. 40.3 (James Springer White)",
    "element_type": "p",
    "element_subtype": "center",
    "content": "SEVENTH-DAY ADVENTIST PUBLISHING ASSOCIATION.",
    "puborder": 100,
    "translations": []
  },
  {
    "para_id": "1477.159",
    "id_prev": "1477.160",
    "id_next": "1477.158",
    "refcode_1": "RBF",
    "refcode_2": "40",
    "refcode_3": "4",
    "refcode_4": "",
    "refcode_short": "RBF 40.4",
    "refcode_long": "Report of the Book Fund for Tract and Book Distribution, p. 40.4 (James Springer White)",
    "element_type": "p",
    "element_subtype": "center",
    "content": "BATTLE CREEK, MICH.",
    "puborder": 101,
    "translations": []
  },
  {
    "para_id": "1477.158",
    "id_prev": "1477.159",
    "id_next": "1477.148",
    "refcode_1": "RBF",
    "refcode_2": "40",
    "refcode_3": "5",
    "refcode_4": "",
    "refcode_short": "RBF 40.5",
    "refcode_long": "Report of the Book Fund for Tract and Book Distribution, p. 40.5 (James Springer White)",
    "element_type": "p",
    "element_subtype": "center",
    "content": "Address Elder James White.",
    "puborder": 102,
    "translations": []
  }
]