[
  {
    "para_id": "46.155",
    "id_prev": "46.154",
    "id_next": "46.156",
    "refcode_1": "MR1033",
    "refcode_2": "23",
    "refcode_3": "",
    "refcode_4": "34",
    "refcode_short": "MR1033 23",
    "refcode_long": "Manuscript Release No 1033, p. 23 (Ellen Gould White)",
    "element_type": "h3",
    "element_subtype": "",
    "content": "Sands, Virginia, Sunday, November 9, 1890",
    "puborder": 129,
    "translations": []
  },
  {
    "para_id": "46.156",
    "id_prev": "46.155",
    "id_next": "46.157",
    "refcode_1": "MR1033",
    "refcode_2": "23",
    "refcode_3": "3",
    "refcode_4": "",
    "refcode_short": "MR1033 23.3",
    "refcode_long": "Manuscript Release No 1033, p. 23.3 (Ellen Gould White)",
    "element_type": "p",
    "element_subtype": "standard-indented",
    "content": "Attended morning meetings and walked to them. There were crowds coming in to the meeting. Not more than one half could get entrance into the house. Brother Miles spoke in the forenoon.",
    "puborder": 130,
    "translations": []
  },
  {
    "para_id": "46.157",
    "id_prev": "46.156",
    "id_next": "46.159",
    "refcode_1": "MR1033",
    "refcode_2": "23",
    "refcode_3": "4",
    "refcode_4": "",
    "refcode_short": "MR1033 23.4",
    "refcode_long": "Manuscript Release No 1033, p. 23.4 (Ellen Gould White)",
    "element_type": "p",
    "element_subtype": "standard-indented",
    "content": "I spoke in the afternoon from <span class=\"egwlink egwlink_bible\" title=\"Matthew 6:19\" data-link=\"1965.47580\">Matthew 6:19</span>.... Nine hundred and thirty-five, by count, were in the house, and outside. Platforms were made by the windows and many stood by the windows on the platform of boards and others on the ground. The windows were opened so that they could hear. Many were in uncomfortable positions, pressed up as close to the windows as possible to hear the Word of life. The platform of the desk was crowded with men and women.... I was surprised that there was as much quiet as there was. Many, many were standing all the time. Many scarcely moved from their positions during the one hour and a half I was speaking.&mdash;<span class=\"egwlink egwlink_book\" title=\"Ms 45, 1890\" data-link=\"14056.4740001\">Manuscript 45, 1890, 6-7</span> (<span class=\"non-egw-comment\">Diary 16, pp. 300-301</span>).",
    "puborder": 131,
    "translations": []
  }
]