[
  {
    "para_id": "46.277",
    "id_prev": "46.276",
    "id_next": "46.278",
    "refcode_1": "MR1033",
    "refcode_2": "39",
    "refcode_3": "",
    "refcode_4": "63",
    "refcode_short": "MR1033 39",
    "refcode_long": "Manuscript Release No 1033, p. 39 (Ellen Gould White)",
    "element_type": "h3",
    "element_subtype": "",
    "content": "Lynn, Massachusetts, Sunday, December 7, 1890",
    "puborder": 228,
    "translations": []
  },
  {
    "para_id": "46.278",
    "id_prev": "46.277",
    "id_next": "46.279",
    "refcode_1": "MR1033",
    "refcode_2": "39",
    "refcode_3": "5",
    "refcode_4": "",
    "refcode_short": "MR1033 39.5",
    "refcode_long": "Manuscript Release No 1033, p. 39.5 (Ellen Gould White)",
    "element_type": "p",
    "element_subtype": "standard-indented",
    "content": "I have reason to be thankful to the Lord for His goodness, His mercy, and His love to me. I slept well last night. I offered up my petition to the Lord for His grace, His Holy Spirit. I wrote several pages. I spoke in the afternoon upon Christ&apos;s riding into Jerusalem. There were quite a number of First-day Adventists present. After I ceased speaking many were introduced to me. One lady spoke to me and asked me if I knew her. I told her I did not. She said her name is now Gallusia; it used to be Eunice Parkes. She was our close neighbor. We were well acquainted with her in our girlhood. She wished me to call upon her. I am trying to visit and write too, which keeps my time fully employed.&mdash;<span class=\"egwlink egwlink_book\" title=\"Ms 50, 1890\" data-link=\"14056.6829001\">Manuscript 50, 1890, 5</span> (<span class=\"non-egw-comment\">Diary 16, p. 366</span>).",
    "puborder": 229,
    "translations": []
  }
]