[
  {
    "para_id": "80.1212",
    "id_prev": "80.1210",
    "id_next": "80.1213",
    "refcode_1": "OFC",
    "refcode_2": "167",
    "refcode_3": "",
    "refcode_4": "156",
    "refcode_short": "OFC 167",
    "refcode_long": "Our Father Cares, p. 167 (Ellen Gould White)",
    "element_type": "h3",
    "element_subtype": "",
    "content": "Our Sure Foundation, June 4",
    "puborder": 1015,
    "translations": [
      {
        "para_id": "1748.1148",
        "lang": "es",
        "refcode": "DNC 160.2"
      },
      {
        "para_id": "1927.1630",
        "lang": "pt",
        "refcode": "CD 145.4"
      }
    ]
  },
  {
    "para_id": "80.1213",
    "id_prev": "80.1212",
    "id_next": "80.1214",
    "refcode_1": "OFC",
    "refcode_2": "167",
    "refcode_3": "1",
    "refcode_4": "",
    "refcode_short": "OFC 167.1",
    "refcode_long": "Our Father Cares, p. 167.1 (Ellen Gould White)",
    "element_type": "p",
    "element_subtype": "devotionaltext",
    "content": "For other foundation can no man lay than that is laid, which is Jesus Christ. Now if any man build upon this foundation gold, silver, precious stones, wood, hay, stubble; every man&apos;s work shall be made manifest: for the day shall declare it, because it shall be revealed by fire; and the fire shall try every man&apos;s work of what sort it is. <span class=\"egwlink egwlink_bible\" title=\"1 Corinthians 3:11\" data-link=\"1965.57956\">1 Corinthians 3:11-13</span>.",
    "puborder": 1016,
    "translations": [
      {
        "para_id": "1748.1149",
        "lang": "es",
        "refcode": "DNC 160.3"
      },
      {
        "para_id": "1927.1631",
        "lang": "pt",
        "refcode": "CD 145.5"
      }
    ]
  },
  {
    "para_id": "80.1214",
    "id_prev": "80.1213",
    "id_next": "80.1215",
    "refcode_1": "OFC",
    "refcode_2": "167",
    "refcode_3": "2",
    "refcode_4": "",
    "refcode_short": "OFC 167.2",
    "refcode_long": "Our Father Cares, p. 167.2 (Ellen Gould White)",
    "element_type": "p",
    "element_subtype": "standard-indented",
    "content": "As fire reveals the difference between gold, silver, and precious stones, and wood, hay, and stubble, so the day of judgment will test characters, showing the difference between characters formed after Christ&apos;s likeness and characters formed after the likeness of the selfish heart. All selfishness, all false religion, will then appear as it is. The worthless material will be consumed; but the gold of true, simple, humble faith will never lose its value. It can never be consumed; for it is imperishable.",
    "puborder": 1017,
    "translations": []
  },
  {
    "para_id": "80.1215",
    "id_prev": "80.1214",
    "id_next": "80.1216",
    "refcode_1": "OFC",
    "refcode_2": "167",
    "refcode_3": "3",
    "refcode_4": "",
    "refcode_short": "OFC 167.3",
    "refcode_long": "Our Father Cares, p. 167.3 (Ellen Gould White)",
    "element_type": "p",
    "element_subtype": "standard-indented",
    "content": "Anyone can be just what he chooses to be. Character is not obtained by receiving an education. Character is not obtained by amassing wealth or by gaining worldly honor. Character is not obtained by having others fight the battle of life for us. It must be sought, worked for, fought for; and it requires a purpose, a will, a determination. To form a character which God will approve, requires persevering effort. It will take a continual resisting of the powers of darkness to ... have our names retained in the book of life. Is it not worth more to have our names registered in that book, have them immortalized among the heavenly angels, than to have them sounded in praise throughout the whole earth?",
    "puborder": 1018,
    "translations": [
      {
        "para_id": "1927.1636",
        "lang": "pt",
        "refcode": "CD 146"
      }
    ]
  },
  {
    "para_id": "80.1216",
    "id_prev": "80.1215",
    "id_next": "80.1218",
    "refcode_1": "OFC",
    "refcode_2": "167",
    "refcode_3": "4",
    "refcode_4": "",
    "refcode_short": "OFC 167.4",
    "refcode_long": "Our Father Cares, p. 167.4 (Ellen Gould White)",
    "element_type": "p",
    "element_subtype": "standard-indented",
    "content": "In the probationary time granted us here we are each building a structure that is to have the inspection of the Judge of all the earth. This work is the molding of our characters. Every act of our lives is a stone in that building, every faculty is a worker, every blow that is struck is for good or for evil. The words of inspiration warn us to take heed how we build, to see that our foundation is sure. If we build upon the solid rock, pure, noble, upright deeds, the structure will go up beautiful and symmetrical, a fit temple for the indwelling of the Holy Spirit.<sup class=\"bookendnote\"><a class=\"bookendnote\">4<span class=\"bookendnote\"><span class=\"egwlink egwlink_book\" title=\"HP 47\" data-link=\"38.320\">In Heavenly Places, 47</span>.</span></a></sup>",
    "puborder": 1019,
    "translations": [
      {
        "para_id": "1748.1150",
        "lang": "es",
        "refcode": "DNC 160.4"
      },
      {
        "para_id": "1927.1637",
        "lang": "pt",
        "refcode": "CD 146.1"
      }
    ]
  }
]