[
  {
    "para_id": "14831.19768",
    "id_prev": "14831.19766",
    "id_next": "14831.19769",
    "refcode_1": "365N",
    "refcode_2": "207",
    "refcode_3": "",
    "refcode_4": "208",
    "refcode_short": "365N 207",
    "refcode_long": "NKJV Bible in 365 Days, p. 207 (Ellen G. White Estate)",
    "element_type": "h3",
    "element_subtype": "",
    "content": "Oracles Against the Nations and Babylon &mdash; July 26",
    "puborder": 19559,
    "translations": []
  },
  {
    "para_id": "14831.19769",
    "id_prev": "14831.19768",
    "id_next": "14831.19770",
    "refcode_1": "365N",
    "refcode_2": "207",
    "refcode_3": "",
    "refcode_4": "",
    "refcode_short": "",
    "refcode_long": "",
    "element_type": "p",
    "element_subtype": "standard-indented",
    "content": "<b>Jeremiah 49-50</b>",
    "puborder": 19560,
    "translations": []
  },
  {
    "para_id": "14831.19770",
    "id_prev": "14831.19769",
    "id_next": "14831.19771",
    "refcode_1": "365N",
    "refcode_2": "207",
    "refcode_3": "",
    "refcode_4": "",
    "refcode_short": "",
    "refcode_long": "",
    "element_type": "p",
    "element_subtype": "standard-indented",
    "content": "<b><i>Jeremiah 49</i></b>",
    "puborder": 19561,
    "translations": []
  },
  {
    "para_id": "14831.19771",
    "id_prev": "14831.19770",
    "id_next": "14831.19772",
    "refcode_1": "365N",
    "refcode_2": "207",
    "refcode_3": "1",
    "refcode_4": "",
    "refcode_short": "365N 207.1",
    "refcode_long": "NKJV Bible in 365 Days, p. 207.1 (Ellen G. White Estate)",
    "element_type": "p",
    "element_subtype": "standard-indented",
    "content": "<strong>1</strong> Against the Ammonites. Thus says the Lord : &#8220;Has Israel no sons? Has he no heir? Why then does <sup class=\"footnote\"><a class=\"footnote\">[a]<span class=\"footnote\">Heb. Malcam, lit. their king; an Ammonite god, 1 Kin. 11:5; Molech, Lev. 18:21</span></a></sup> Milcom inherit Gad, And his people dwell in its cities?",
    "puborder": 19562,
    "translations": []
  },
  {
    "para_id": "14831.19772",
    "id_prev": "14831.19771",
    "id_next": "14831.19773",
    "refcode_1": "365N",
    "refcode_2": "207",
    "refcode_3": "2",
    "refcode_4": "",
    "refcode_short": "365N 207.2",
    "refcode_long": "NKJV Bible in 365 Days, p. 207.2 (Ellen G. White Estate)",
    "element_type": "p",
    "element_subtype": "standard-indented",
    "content": "<strong>2</strong> Therefore behold, the days are coming,&#8221; says the Lord , &#8220;That I will cause to be heard an alarm of war In Rabbah of the Ammonites; It shall be a desolate mound, And her <sup class=\"footnote\"><a class=\"footnote\">[b]<span class=\"footnote\">Lit. daughters</span></a></sup> villages shall be burned with fire. Then Israel shall take possession of his inheritance,&#8221; says the Lord .",
    "puborder": 19563,
    "translations": []
  },
  {
    "para_id": "14831.19773",
    "id_prev": "14831.19772",
    "id_next": "14831.19774",
    "refcode_1": "365N",
    "refcode_2": "207",
    "refcode_3": "3",
    "refcode_4": "",
    "refcode_short": "365N 207.3",
    "refcode_long": "NKJV Bible in 365 Days, p. 207.3 (Ellen G. White Estate)",
    "element_type": "p",
    "element_subtype": "standard-indented",
    "content": "<strong>3</strong> &#8220;Wail, O Heshbon, for Ai is plundered! Cry, you daughters of Rabbah, Gird yourselves with sackcloth! Lament and run to and fro by the walls; For <sup class=\"footnote\"><a class=\"footnote\">[c]<span class=\"footnote\">See v. 1</span></a></sup> Milcom shall go into captivity With his priests and his princes together.",
    "puborder": 19564,
    "translations": []
  },
  {
    "para_id": "14831.19774",
    "id_prev": "14831.19773",
    "id_next": "14831.19775",
    "refcode_1": "365N",
    "refcode_2": "207",
    "refcode_3": "4",
    "refcode_4": "",
    "refcode_short": "365N 207.4",
    "refcode_long": "NKJV Bible in 365 Days, p. 207.4 (Ellen G. White Estate)",
    "element_type": "p",
    "element_subtype": "standard-indented",
    "content": "<strong>4</strong> Why do you boast in the valleys, <sup class=\"footnote\"><a class=\"footnote\">[d]<span class=\"footnote\">Lit. Your valley is flowing</span></a></sup> Your flowing valley, O backsliding daughter? Who trusted in her treasures, saying, &#8216;Who will come against me?&#8217;",
    "puborder": 19565,
    "translations": []
  },
  {
    "para_id": "14831.19775",
    "id_prev": "14831.19774",
    "id_next": "14831.19776",
    "refcode_1": "365N",
    "refcode_2": "207",
    "refcode_3": "5",
    "refcode_4": "",
    "refcode_short": "365N 207.5",
    "refcode_long": "NKJV Bible in 365 Days, p. 207.5 (Ellen G. White Estate)",
    "element_type": "p",
    "element_subtype": "standard-indented",
    "content": "<strong>5</strong> Behold, I will bring fear upon you,&#8221; Says the Lord God of hosts, &#8220;From all those who are around you; You shall be driven out, everyone headlong, And no one will gather those who wander off.",
    "puborder": 19566,
    "translations": []
  },
  {
    "para_id": "14831.19776",
    "id_prev": "14831.19775",
    "id_next": "14831.19777",
    "refcode_1": "365N",
    "refcode_2": "207",
    "refcode_3": "6",
    "refcode_4": "",
    "refcode_short": "365N 207.6",
    "refcode_long": "NKJV Bible in 365 Days, p. 207.6 (Ellen G. White Estate)",
    "element_type": "p",
    "element_subtype": "standard-indented",
    "content": "<strong>6</strong> But afterward I will bring back The captives of the people of Ammon,&#8221; says the Lord .",
    "puborder": 19567,
    "translations": []
  },
  {
    "para_id": "14831.19777",
    "id_prev": "14831.19776",
    "id_next": "14831.19778",
    "refcode_1": "365N",
    "refcode_2": "207",
    "refcode_3": "7",
    "refcode_4": "",
    "refcode_short": "365N 207.7",
    "refcode_long": "NKJV Bible in 365 Days, p. 207.7 (Ellen G. White Estate)",
    "element_type": "p",
    "element_subtype": "standard-indented",
    "content": "<strong>7</strong> Against Edom. Thus says the Lord of hosts: &#8220; Is wisdom no more in Teman? Has counsel perished from the prudent? Has their wisdom vanished?",
    "puborder": 19568,
    "translations": []
  },
  {
    "para_id": "14831.19778",
    "id_prev": "14831.19777",
    "id_next": "14831.19779",
    "refcode_1": "365N",
    "refcode_2": "207",
    "refcode_3": "8",
    "refcode_4": "",
    "refcode_short": "365N 207.8",
    "refcode_long": "NKJV Bible in 365 Days, p. 207.8 (Ellen G. White Estate)",
    "element_type": "p",
    "element_subtype": "standard-indented",
    "content": "<strong>8</strong> Flee, turn back, dwell in the depths, O inhabitants of Dedan! For I will bring the calamity of Esau upon him, The time that I will punish him.",
    "puborder": 19569,
    "translations": []
  },
  {
    "para_id": "14831.19779",
    "id_prev": "14831.19778",
    "id_next": "14831.19780",
    "refcode_1": "365N",
    "refcode_2": "207",
    "refcode_3": "9",
    "refcode_4": "",
    "refcode_short": "365N 207.9",
    "refcode_long": "NKJV Bible in 365 Days, p. 207.9 (Ellen G. White Estate)",
    "element_type": "p",
    "element_subtype": "standard-indented",
    "content": "<strong>9</strong> If grape-gatherers came to you, Would they not leave some gleaning grapes? If thieves by night, Would they not destroy until they have enough?",
    "puborder": 19570,
    "translations": []
  },
  {
    "para_id": "14831.19780",
    "id_prev": "14831.19779",
    "id_next": "14831.19781",
    "refcode_1": "365N",
    "refcode_2": "207",
    "refcode_3": "10",
    "refcode_4": "",
    "refcode_short": "365N 207.10",
    "refcode_long": "NKJV Bible in 365 Days, p. 207.10 (Ellen G. White Estate)",
    "element_type": "p",
    "element_subtype": "standard-indented",
    "content": "<strong>10</strong> But I have made Esau bare; I have uncovered his secret places, And he shall not be able to hide himself. His descendants are plundered, His brethren and his neighbors, And he is no more.",
    "puborder": 19571,
    "translations": []
  },
  {
    "para_id": "14831.19781",
    "id_prev": "14831.19780",
    "id_next": "14831.19782",
    "refcode_1": "365N",
    "refcode_2": "207",
    "refcode_3": "11",
    "refcode_4": "",
    "refcode_short": "365N 207.11",
    "refcode_long": "NKJV Bible in 365 Days, p. 207.11 (Ellen G. White Estate)",
    "element_type": "p",
    "element_subtype": "standard-indented",
    "content": "<strong>11</strong> Leave your fatherless children, I will preserve them alive; And let your widows trust in Me.&#8221;",
    "puborder": 19572,
    "translations": []
  },
  {
    "para_id": "14831.19782",
    "id_prev": "14831.19781",
    "id_next": "14831.19783",
    "refcode_1": "365N",
    "refcode_2": "207",
    "refcode_3": "12",
    "refcode_4": "",
    "refcode_short": "365N 207.12",
    "refcode_long": "NKJV Bible in 365 Days, p. 207.12 (Ellen G. White Estate)",
    "element_type": "p",
    "element_subtype": "standard-indented",
    "content": "<strong>12</strong> For thus says the Lord : &#8220;Behold, those whose judgment was not to drink of the cup have assuredly drunk. And are you the one who will altogether go unpunished? You shall not go unpunished, but you shall surely drink of it.",
    "puborder": 19573,
    "translations": []
  },
  {
    "para_id": "14831.19783",
    "id_prev": "14831.19782",
    "id_next": "14831.19784",
    "refcode_1": "365N",
    "refcode_2": "207",
    "refcode_3": "13",
    "refcode_4": "",
    "refcode_short": "365N 207.13",
    "refcode_long": "NKJV Bible in 365 Days, p. 207.13 (Ellen G. White Estate)",
    "element_type": "p",
    "element_subtype": "standard-indented",
    "content": "<strong>13</strong> For I have sworn by Myself,&#8221; says the Lord , &#8220;that Bozrah shall become a desolation, a reproach, a <sup class=\"footnote\"><a class=\"footnote\">[e]<span class=\"footnote\">ruin</span></a></sup> waste, and a curse. And all its cities shall be perpetual <sup class=\"footnote\"><a class=\"footnote\">[f]<span class=\"footnote\">ruins</span></a></sup> wastes.&#8221;",
    "puborder": 19574,
    "translations": []
  },
  {
    "para_id": "14831.19784",
    "id_prev": "14831.19783",
    "id_next": "14831.19785",
    "refcode_1": "365N",
    "refcode_2": "207",
    "refcode_3": "14",
    "refcode_4": "",
    "refcode_short": "365N 207.14",
    "refcode_long": "NKJV Bible in 365 Days, p. 207.14 (Ellen G. White Estate)",
    "element_type": "p",
    "element_subtype": "standard-indented",
    "content": "<strong>14</strong> I have heard a message from the Lord , And an ambassador has been sent to the nations: &#8220;Gather together, come against her, And rise up to battle!",
    "puborder": 19575,
    "translations": []
  },
  {
    "para_id": "14831.19785",
    "id_prev": "14831.19784",
    "id_next": "14831.19786",
    "refcode_1": "365N",
    "refcode_2": "207",
    "refcode_3": "15",
    "refcode_4": "",
    "refcode_short": "365N 207.15",
    "refcode_long": "NKJV Bible in 365 Days, p. 207.15 (Ellen G. White Estate)",
    "element_type": "p",
    "element_subtype": "standard-indented",
    "content": "<strong>15</strong> &#8220;For indeed, I will make you small among nations, Despised among men.",
    "puborder": 19576,
    "translations": []
  },
  {
    "para_id": "14831.19786",
    "id_prev": "14831.19785",
    "id_next": "14831.19787",
    "refcode_1": "365N",
    "refcode_2": "207",
    "refcode_3": "16",
    "refcode_4": "",
    "refcode_short": "365N 207.16",
    "refcode_long": "NKJV Bible in 365 Days, p. 207.16 (Ellen G. White Estate)",
    "element_type": "p",
    "element_subtype": "standard-indented",
    "content": "<strong>16</strong> Your fierceness has deceived you, The pride of your heart, O you who dwell in the clefts of the rock, Who hold the height of the hill! Though you make your nest as high as the eagle, I will bring you down from there,&#8221; says the Lord .",
    "puborder": 19577,
    "translations": []
  },
  {
    "para_id": "14831.19787",
    "id_prev": "14831.19786",
    "id_next": "14831.19788",
    "refcode_1": "365N",
    "refcode_2": "207",
    "refcode_3": "17",
    "refcode_4": "",
    "refcode_short": "365N 207.17",
    "refcode_long": "NKJV Bible in 365 Days, p. 207.17 (Ellen G. White Estate)",
    "element_type": "p",
    "element_subtype": "standard-indented",
    "content": "<strong>17</strong> &#8220;Edom also shall be an astonishment; Everyone who goes by it will be astonished And will hiss at all its plagues.",
    "puborder": 19578,
    "translations": []
  },
  {
    "para_id": "14831.19788",
    "id_prev": "14831.19787",
    "id_next": "14831.19789",
    "refcode_1": "365N",
    "refcode_2": "207",
    "refcode_3": "18",
    "refcode_4": "",
    "refcode_short": "365N 207.18",
    "refcode_long": "NKJV Bible in 365 Days, p. 207.18 (Ellen G. White Estate)",
    "element_type": "p",
    "element_subtype": "standard-indented",
    "content": "<strong>18</strong> As in the overthrow of Sodom and Gomorrah And their neighbors,&#8221; says the Lord , &#8220;No one shall remain there, Nor shall a son of man dwell in it.",
    "puborder": 19579,
    "translations": []
  },
  {
    "para_id": "14831.19789",
    "id_prev": "14831.19788",
    "id_next": "14831.19790",
    "refcode_1": "365N",
    "refcode_2": "207",
    "refcode_3": "19",
    "refcode_4": "",
    "refcode_short": "365N 207.19",
    "refcode_long": "NKJV Bible in 365 Days, p. 207.19 (Ellen G. White Estate)",
    "element_type": "p",
    "element_subtype": "standard-indented",
    "content": "<strong>19</strong> &#8220;Behold, he shall come up like a lion from the <sup class=\"footnote\"><a class=\"footnote\">[g]<span class=\"footnote\">Or thicket</span></a></sup> floodplain of the Jordan Against the dwelling place of the strong; But I will suddenly make him run away from her. And who is a chosen man that I may appoint over her? For who is like Me? Who will arraign Me? And who is that shepherd Who will withstand Me?&#8221;",
    "puborder": 19580,
    "translations": []
  },
  {
    "para_id": "14831.19790",
    "id_prev": "14831.19789",
    "id_next": "14831.19791",
    "refcode_1": "365N",
    "refcode_2": "207",
    "refcode_3": "20",
    "refcode_4": "",
    "refcode_short": "365N 207.20",
    "refcode_long": "NKJV Bible in 365 Days, p. 207.20 (Ellen G. White Estate)",
    "element_type": "p",
    "element_subtype": "standard-indented",
    "content": "<strong>20</strong> Therefore hear the counsel of the Lord that He has taken against Edom, And His purposes that He has proposed against the inhabitants of Teman: Surely the least of the flock shall <sup class=\"footnote\"><a class=\"footnote\">[h]<span class=\"footnote\">Or drag them away</span></a></sup> draw them out; Surely He shall make their dwelling places desolate with them.",
    "puborder": 19581,
    "translations": []
  },
  {
    "para_id": "14831.19791",
    "id_prev": "14831.19790",
    "id_next": "14831.19792",
    "refcode_1": "365N",
    "refcode_2": "207",
    "refcode_3": "21",
    "refcode_4": "",
    "refcode_short": "365N 207.21",
    "refcode_long": "NKJV Bible in 365 Days, p. 207.21 (Ellen G. White Estate)",
    "element_type": "p",
    "element_subtype": "standard-indented",
    "content": "<strong>21</strong> The earth shakes at the noise of their fall; At the cry its noise is heard at the Red Sea.",
    "puborder": 19582,
    "translations": []
  },
  {
    "para_id": "14831.19792",
    "id_prev": "14831.19791",
    "id_next": "14831.19793",
    "refcode_1": "365N",
    "refcode_2": "207",
    "refcode_3": "22",
    "refcode_4": "",
    "refcode_short": "365N 207.22",
    "refcode_long": "NKJV Bible in 365 Days, p. 207.22 (Ellen G. White Estate)",
    "element_type": "p",
    "element_subtype": "standard-indented",
    "content": "<strong>22</strong> Behold, He shall come up and fly like the eagle, And spread His wings over Bozrah; The heart of the mighty men of Edom in that day shall be Like the heart of a woman in birth pangs.",
    "puborder": 19583,
    "translations": []
  },
  {
    "para_id": "14831.19793",
    "id_prev": "14831.19792",
    "id_next": "14831.19794",
    "refcode_1": "365N",
    "refcode_2": "207",
    "refcode_3": "23",
    "refcode_4": "",
    "refcode_short": "365N 207.23",
    "refcode_long": "NKJV Bible in 365 Days, p. 207.23 (Ellen G. White Estate)",
    "element_type": "p",
    "element_subtype": "standard-indented",
    "content": "<strong>23</strong> Against Damascus. &#8220;Hamath and Arpad are shamed, For they have heard bad news. They are fainthearted; There is <sup class=\"footnote\"><a class=\"footnote\">[i]<span class=\"footnote\">anxiety</span></a></sup> trouble on the sea; It cannot be quiet.",
    "puborder": 19584,
    "translations": []
  },
  {
    "para_id": "14831.19794",
    "id_prev": "14831.19793",
    "id_next": "14831.19795",
    "refcode_1": "365N",
    "refcode_2": "207",
    "refcode_3": "24",
    "refcode_4": "",
    "refcode_short": "365N 207.24",
    "refcode_long": "NKJV Bible in 365 Days, p. 207.24 (Ellen G. White Estate)",
    "element_type": "p",
    "element_subtype": "standard-indented",
    "content": "<strong>24</strong> Damascus has grown feeble; She turns to flee, And fear has seized her. Anguish and sorrows have taken her like a woman in <sup class=\"footnote\"><a class=\"footnote\">[j]<span class=\"footnote\">childbirth</span></a></sup> labor.",
    "puborder": 19585,
    "translations": []
  },
  {
    "para_id": "14831.19795",
    "id_prev": "14831.19794",
    "id_next": "14831.19796",
    "refcode_1": "365N",
    "refcode_2": "207",
    "refcode_3": "25",
    "refcode_4": "",
    "refcode_short": "365N 207.25",
    "refcode_long": "NKJV Bible in 365 Days, p. 207.25 (Ellen G. White Estate)",
    "element_type": "p",
    "element_subtype": "standard-indented",
    "content": "<strong>25</strong> Why is the city of praise not deserted, the city of My joy?",
    "puborder": 19586,
    "translations": []
  },
  {
    "para_id": "14831.19796",
    "id_prev": "14831.19795",
    "id_next": "14831.19797",
    "refcode_1": "365N",
    "refcode_2": "207",
    "refcode_3": "26",
    "refcode_4": "",
    "refcode_short": "365N 207.26",
    "refcode_long": "NKJV Bible in 365 Days, p. 207.26 (Ellen G. White Estate)",
    "element_type": "p",
    "element_subtype": "standard-indented",
    "content": "<strong>26</strong> Therefore her young men shall fall in her streets, And all the men of war shall be cut off in that day,&#8221; says the Lord of hosts.",
    "puborder": 19587,
    "translations": []
  },
  {
    "para_id": "14831.19797",
    "id_prev": "14831.19796",
    "id_next": "14831.19798",
    "refcode_1": "365N",
    "refcode_2": "207",
    "refcode_3": "27",
    "refcode_4": "",
    "refcode_short": "365N 207.27",
    "refcode_long": "NKJV Bible in 365 Days, p. 207.27 (Ellen G. White Estate)",
    "element_type": "p",
    "element_subtype": "standard-indented",
    "content": "<strong>27</strong> &#8220;I will kindle a fire in the wall of Damascus, And it shall consume the palaces of Ben-Hadad.&#8221;",
    "puborder": 19588,
    "translations": []
  },
  {
    "para_id": "14831.19798",
    "id_prev": "14831.19797",
    "id_next": "14831.19799",
    "refcode_1": "365N",
    "refcode_2": "207",
    "refcode_3": "28",
    "refcode_4": "",
    "refcode_short": "365N 207.28",
    "refcode_long": "NKJV Bible in 365 Days, p. 207.28 (Ellen G. White Estate)",
    "element_type": "p",
    "element_subtype": "standard-indented",
    "content": "<strong>28</strong> Against Kedar and against the kingdoms of Hazor, which Nebuchadnezzar king of Babylon shall strike. Thus says the Lord : &#8220;Arise, go up to Kedar, And devastate the men of the East!",
    "puborder": 19589,
    "translations": []
  },
  {
    "para_id": "14831.19799",
    "id_prev": "14831.19798",
    "id_next": "14831.19800",
    "refcode_1": "365N",
    "refcode_2": "207",
    "refcode_3": "29",
    "refcode_4": "",
    "refcode_short": "365N 207.29",
    "refcode_long": "NKJV Bible in 365 Days, p. 207.29 (Ellen G. White Estate)",
    "element_type": "p",
    "element_subtype": "standard-indented",
    "content": "<strong>29</strong> Their tents and their flocks they shall take away. They shall take for themselves their curtains, All their vessels and their camels; And they shall cry out to them, &#8216;Fear is on every side!&#8217;",
    "puborder": 19590,
    "translations": []
  },
  {
    "para_id": "14831.19800",
    "id_prev": "14831.19799",
    "id_next": "14831.19801",
    "refcode_1": "365N",
    "refcode_2": "207",
    "refcode_3": "30",
    "refcode_4": "",
    "refcode_short": "365N 207.30",
    "refcode_long": "NKJV Bible in 365 Days, p. 207.30 (Ellen G. White Estate)",
    "element_type": "p",
    "element_subtype": "standard-indented",
    "content": "<strong>30</strong> &#8220;Flee, get far away! Dwell in the depths, O inhabitants of Hazor!&#8221; says the Lord . &#8220;For Nebuchadnezzar king of Babylon has taken counsel against you, And has conceived a plan against you.",
    "puborder": 19591,
    "translations": []
  },
  {
    "para_id": "14831.19801",
    "id_prev": "14831.19800",
    "id_next": "14831.19802",
    "refcode_1": "365N",
    "refcode_2": "207",
    "refcode_3": "31",
    "refcode_4": "",
    "refcode_short": "365N 207.31",
    "refcode_long": "NKJV Bible in 365 Days, p. 207.31 (Ellen G. White Estate)",
    "element_type": "p",
    "element_subtype": "standard-indented",
    "content": "<strong>31</strong> &#8220;Arise, go up to the wealthy nation that dwells securely,&#8221; says the Lord , &#8220;Which has neither gates nor bars, Dwelling alone.",
    "puborder": 19592,
    "translations": []
  },
  {
    "para_id": "14831.19802",
    "id_prev": "14831.19801",
    "id_next": "14831.19803",
    "refcode_1": "365N",
    "refcode_2": "207",
    "refcode_3": "32",
    "refcode_4": "",
    "refcode_short": "365N 207.32",
    "refcode_long": "NKJV Bible in 365 Days, p. 207.32 (Ellen G. White Estate)",
    "element_type": "p",
    "element_subtype": "standard-indented",
    "content": "<strong>32</strong> Their camels shall be for booty, And the multitude of their cattle for plunder. I will scatter to all winds those <sup class=\"footnote\"><a class=\"footnote\">[k]<span class=\"footnote\">Lit. cut off at the corner, Jer. 9:26; 25:23</span></a></sup> in the farthest corners, And I will bring their calamity from all its sides,&#8221; says the Lord .",
    "puborder": 19593,
    "translations": []
  },
  {
    "para_id": "14831.19803",
    "id_prev": "14831.19802",
    "id_next": "14831.19804",
    "refcode_1": "365N",
    "refcode_2": "207",
    "refcode_3": "33",
    "refcode_4": "",
    "refcode_short": "365N 207.33",
    "refcode_long": "NKJV Bible in 365 Days, p. 207.33 (Ellen G. White Estate)",
    "element_type": "p",
    "element_subtype": "standard-indented",
    "content": "<strong>33</strong> &#8220;Hazor shall be a dwelling for jackals, a desolation forever; No one shall reside there, Nor son of man dwell in it.&#8221;",
    "puborder": 19594,
    "translations": []
  },
  {
    "para_id": "14831.19804",
    "id_prev": "14831.19803",
    "id_next": "14831.19805",
    "refcode_1": "365N",
    "refcode_2": "207",
    "refcode_3": "34",
    "refcode_4": "",
    "refcode_short": "365N 207.34",
    "refcode_long": "NKJV Bible in 365 Days, p. 207.34 (Ellen G. White Estate)",
    "element_type": "p",
    "element_subtype": "standard-indented",
    "content": "<strong>34</strong> The word of the Lord that came to Jeremiah the prophet against Elam, in the beginning of the reign of Zedekiah king of Judah, saying,",
    "puborder": 19595,
    "translations": []
  },
  {
    "para_id": "14831.19805",
    "id_prev": "14831.19804",
    "id_next": "14831.19806",
    "refcode_1": "365N",
    "refcode_2": "207",
    "refcode_3": "35",
    "refcode_4": "",
    "refcode_short": "365N 207.35",
    "refcode_long": "NKJV Bible in 365 Days, p. 207.35 (Ellen G. White Estate)",
    "element_type": "p",
    "element_subtype": "standard-indented",
    "content": "<strong>35</strong> &#8220;Thus says the Lord of hosts: &#8216;Behold, I will break the <sup class=\"footnote\"><a class=\"footnote\">[l]<span class=\"footnote\">Power</span></a></sup> bow of Elam, The foremost of their might.",
    "puborder": 19596,
    "translations": []
  },
  {
    "para_id": "14831.19806",
    "id_prev": "14831.19805",
    "id_next": "14831.19807",
    "refcode_1": "365N",
    "refcode_2": "207",
    "refcode_3": "36",
    "refcode_4": "",
    "refcode_short": "365N 207.36",
    "refcode_long": "NKJV Bible in 365 Days, p. 207.36 (Ellen G. White Estate)",
    "element_type": "p",
    "element_subtype": "standard-indented",
    "content": "<strong>36</strong> Against Elam I will bring the four winds From the four quarters of heaven, And scatter them toward all those winds; There shall be no nations where the outcasts of Elam will not go.",
    "puborder": 19597,
    "translations": []
  },
  {
    "para_id": "14831.19807",
    "id_prev": "14831.19806",
    "id_next": "14831.19808",
    "refcode_1": "365N",
    "refcode_2": "207",
    "refcode_3": "37",
    "refcode_4": "",
    "refcode_short": "365N 207.37",
    "refcode_long": "NKJV Bible in 365 Days, p. 207.37 (Ellen G. White Estate)",
    "element_type": "p",
    "element_subtype": "standard-indented",
    "content": "<strong>37</strong> For I will cause Elam to be dismayed before their enemies And before those who seek their life. I will bring disaster upon them, My fierce anger,&#8217; says the Lord ; &#8216;And I will send the sword after them Until I have consumed them.",
    "puborder": 19598,
    "translations": []
  },
  {
    "para_id": "14831.19808",
    "id_prev": "14831.19807",
    "id_next": "14831.19809",
    "refcode_1": "365N",
    "refcode_2": "207",
    "refcode_3": "38",
    "refcode_4": "",
    "refcode_short": "365N 207.38",
    "refcode_long": "NKJV Bible in 365 Days, p. 207.38 (Ellen G. White Estate)",
    "element_type": "p",
    "element_subtype": "standard-indented",
    "content": "<strong>38</strong> I will set My throne in Elam, And will destroy from there the king and the princes,&#8217; says the Lord .",
    "puborder": 19599,
    "translations": []
  },
  {
    "para_id": "14831.19809",
    "id_prev": "14831.19808",
    "id_next": "14831.19810",
    "refcode_1": "365N",
    "refcode_2": "207",
    "refcode_3": "39",
    "refcode_4": "",
    "refcode_short": "365N 207.39",
    "refcode_long": "NKJV Bible in 365 Days, p. 207.39 (Ellen G. White Estate)",
    "element_type": "p",
    "element_subtype": "standard-indented",
    "content": "<strong>39</strong> &#8216;But it shall come to pass in the latter days: I will bring back the captives of Elam,&#8217; says the Lord .&#8221;",
    "puborder": 19600,
    "translations": []
  },
  {
    "para_id": "14831.19810",
    "id_prev": "14831.19809",
    "id_next": "14831.19811",
    "refcode_1": "365N",
    "refcode_2": "207",
    "refcode_3": "",
    "refcode_4": "",
    "refcode_short": "",
    "refcode_long": "",
    "element_type": "p",
    "element_subtype": "standard-indented",
    "content": "<b><i>Jeremiah 50</i></b>",
    "puborder": 19601,
    "translations": []
  },
  {
    "para_id": "14831.19811",
    "id_prev": "14831.19810",
    "id_next": "14831.19812",
    "refcode_1": "365N",
    "refcode_2": "207",
    "refcode_3": "40",
    "refcode_4": "",
    "refcode_short": "365N 207.40",
    "refcode_long": "NKJV Bible in 365 Days, p. 207.40 (Ellen G. White Estate)",
    "element_type": "p",
    "element_subtype": "standard-indented",
    "content": "<strong>1</strong> The word that the Lord spoke against Babylon and against the land of the Chaldeans by Jeremiah the prophet.",
    "puborder": 19602,
    "translations": []
  },
  {
    "para_id": "14831.19812",
    "id_prev": "14831.19811",
    "id_next": "14831.19813",
    "refcode_1": "365N",
    "refcode_2": "207",
    "refcode_3": "41",
    "refcode_4": "",
    "refcode_short": "365N 207.41",
    "refcode_long": "NKJV Bible in 365 Days, p. 207.41 (Ellen G. White Estate)",
    "element_type": "p",
    "element_subtype": "standard-indented",
    "content": "<strong>2</strong> &#8220;Declare among the nations, Proclaim, and <sup class=\"footnote\"><a class=\"footnote\">[a]<span class=\"footnote\">lift</span></a></sup> set up a standard; Proclaim&#8212;do not conceal it &#8212; Say, &#8216;Babylon is taken, Bel is shamed. <sup class=\"footnote\"><a class=\"footnote\">[b]<span class=\"footnote\">Or Marduk; a Babylonian god</span></a></sup> Merodach is broken in pieces; Her idols are humiliated, Her images are broken in pieces.&#8217;",
    "puborder": 19603,
    "translations": []
  },
  {
    "para_id": "14831.19813",
    "id_prev": "14831.19812",
    "id_next": "14831.19814",
    "refcode_1": "365N",
    "refcode_2": "207",
    "refcode_3": "42",
    "refcode_4": "",
    "refcode_short": "365N 207.42",
    "refcode_long": "NKJV Bible in 365 Days, p. 207.42 (Ellen G. White Estate)",
    "element_type": "p",
    "element_subtype": "standard-indented",
    "content": "<strong>3</strong> For out of the north a nation comes up against her, Which shall make her land desolate, And no one shall dwell therein. They shall <sup class=\"footnote\"><a class=\"footnote\">[c]<span class=\"footnote\">Or wander</span></a></sup> move, they shall depart, Both man and beast.",
    "puborder": 19604,
    "translations": []
  },
  {
    "para_id": "14831.19814",
    "id_prev": "14831.19813",
    "id_next": "14831.19815",
    "refcode_1": "365N",
    "refcode_2": "207",
    "refcode_3": "43",
    "refcode_4": "",
    "refcode_short": "365N 207.43",
    "refcode_long": "NKJV Bible in 365 Days, p. 207.43 (Ellen G. White Estate)",
    "element_type": "p",
    "element_subtype": "standard-indented",
    "content": "<strong>4</strong> &#8220;In those days and in that time,&#8221; says the Lord , &#8220;The children of Israel shall come, They and the children of Judah together; With continual weeping they shall come, And seek the Lord their God.",
    "puborder": 19605,
    "translations": []
  },
  {
    "para_id": "14831.19815",
    "id_prev": "14831.19814",
    "id_next": "14831.19816",
    "refcode_1": "365N",
    "refcode_2": "207",
    "refcode_3": "44",
    "refcode_4": "",
    "refcode_short": "365N 207.44",
    "refcode_long": "NKJV Bible in 365 Days, p. 207.44 (Ellen G. White Estate)",
    "element_type": "p",
    "element_subtype": "standard-indented",
    "content": "<strong>5</strong> They shall ask the way to Zion, With their faces toward it, saying, &#8216;Come and let us join ourselves to the Lord In a perpetual covenant That will not be forgotten.&#8217;",
    "puborder": 19606,
    "translations": []
  },
  {
    "para_id": "14831.19816",
    "id_prev": "14831.19815",
    "id_next": "14831.19817",
    "refcode_1": "365N",
    "refcode_2": "207",
    "refcode_3": "45",
    "refcode_4": "",
    "refcode_short": "365N 207.45",
    "refcode_long": "NKJV Bible in 365 Days, p. 207.45 (Ellen G. White Estate)",
    "element_type": "p",
    "element_subtype": "standard-indented",
    "content": "<strong>6</strong> &#8220;My people have been lost sheep. Their shepherds have led them astray; They have turned them away on the mountains. They have gone from mountain to hill; They have forgotten their resting place.",
    "puborder": 19607,
    "translations": []
  },
  {
    "para_id": "14831.19817",
    "id_prev": "14831.19816",
    "id_next": "14831.19818",
    "refcode_1": "365N",
    "refcode_2": "207",
    "refcode_3": "46",
    "refcode_4": "",
    "refcode_short": "365N 207.46",
    "refcode_long": "NKJV Bible in 365 Days, p. 207.46 (Ellen G. White Estate)",
    "element_type": "p",
    "element_subtype": "standard-indented",
    "content": "<strong>7</strong> All who found them have devoured them; And their adversaries said, &#8216;We have not offended, Because they have sinned against the Lord , the habitation of justice, The Lord , the hope of their fathers.&#8217;",
    "puborder": 19608,
    "translations": []
  },
  {
    "para_id": "14831.19818",
    "id_prev": "14831.19817",
    "id_next": "14831.19819",
    "refcode_1": "365N",
    "refcode_2": "207",
    "refcode_3": "47",
    "refcode_4": "",
    "refcode_short": "365N 207.47",
    "refcode_long": "NKJV Bible in 365 Days, p. 207.47 (Ellen G. White Estate)",
    "element_type": "p",
    "element_subtype": "standard-indented",
    "content": "<strong>8</strong> &#8220;Move from the midst of Babylon, Go out of the land of the Chaldeans; And be like the <sup class=\"footnote\"><a class=\"footnote\">[d]<span class=\"footnote\">male goats</span></a></sup> rams before the flocks.",
    "puborder": 19609,
    "translations": []
  },
  {
    "para_id": "14831.19819",
    "id_prev": "14831.19818",
    "id_next": "14831.19820",
    "refcode_1": "365N",
    "refcode_2": "207",
    "refcode_3": "48",
    "refcode_4": "",
    "refcode_short": "365N 207.48",
    "refcode_long": "NKJV Bible in 365 Days, p. 207.48 (Ellen G. White Estate)",
    "element_type": "p",
    "element_subtype": "standard-indented",
    "content": "<strong>9</strong> For behold, I will raise and cause to come up against Babylon An assembly of great nations from the north country, And they shall array themselves against her; From there she shall be captured. Their arrows shall be like those of <sup class=\"footnote\"><a class=\"footnote\">[e]<span class=\"footnote\">So with some Heb. mss., LXX, Syr.; MT, Tg., Vg. a warrior who makes childless</span></a></sup> an expert warrior; None shall return in vain.",
    "puborder": 19610,
    "translations": []
  },
  {
    "para_id": "14831.19820",
    "id_prev": "14831.19819",
    "id_next": "14831.19821",
    "refcode_1": "365N",
    "refcode_2": "207",
    "refcode_3": "49",
    "refcode_4": "",
    "refcode_short": "365N 207.49",
    "refcode_long": "NKJV Bible in 365 Days, p. 207.49 (Ellen G. White Estate)",
    "element_type": "p",
    "element_subtype": "standard-indented",
    "content": "<strong>10</strong> And Chaldea shall become plunder; All who plunder her shall be satisfied,&#8221; says the Lord .",
    "puborder": 19611,
    "translations": []
  },
  {
    "para_id": "14831.19821",
    "id_prev": "14831.19820",
    "id_next": "14831.19822",
    "refcode_1": "365N",
    "refcode_2": "207",
    "refcode_3": "50",
    "refcode_4": "",
    "refcode_short": "365N 207.50",
    "refcode_long": "NKJV Bible in 365 Days, p. 207.50 (Ellen G. White Estate)",
    "element_type": "p",
    "element_subtype": "standard-indented",
    "content": "<strong>11</strong> &#8220;Because you were glad, because you rejoiced, You destroyers of My heritage, Because you have grown fat like a heifer threshing grain, And you <sup class=\"footnote\"><a class=\"footnote\">[f]<span class=\"footnote\">Or neigh like steeds</span></a></sup> bellow like bulls,",
    "puborder": 19612,
    "translations": []
  },
  {
    "para_id": "14831.19822",
    "id_prev": "14831.19821",
    "id_next": "14831.19823",
    "refcode_1": "365N",
    "refcode_2": "207",
    "refcode_3": "51",
    "refcode_4": "",
    "refcode_short": "365N 207.51",
    "refcode_long": "NKJV Bible in 365 Days, p. 207.51 (Ellen G. White Estate)",
    "element_type": "p",
    "element_subtype": "standard-indented",
    "content": "<strong>12</strong> Your mother shall be deeply ashamed; She who bore you shall be ashamed. Behold, the least of the nations shall be a wilderness, A dry land and a desert.",
    "puborder": 19613,
    "translations": []
  },
  {
    "para_id": "14831.19823",
    "id_prev": "14831.19822",
    "id_next": "14831.19824",
    "refcode_1": "365N",
    "refcode_2": "207",
    "refcode_3": "52",
    "refcode_4": "",
    "refcode_short": "365N 207.52",
    "refcode_long": "NKJV Bible in 365 Days, p. 207.52 (Ellen G. White Estate)",
    "element_type": "p",
    "element_subtype": "standard-indented",
    "content": "<strong>13</strong> Because of the wrath of the Lord She shall not be inhabited, But she shall be wholly desolate. Everyone who goes by Babylon shall be horrified And hiss at all her plagues.",
    "puborder": 19614,
    "translations": []
  },
  {
    "para_id": "14831.19824",
    "id_prev": "14831.19823",
    "id_next": "14831.19825",
    "refcode_1": "365N",
    "refcode_2": "207",
    "refcode_3": "53",
    "refcode_4": "",
    "refcode_short": "365N 207.53",
    "refcode_long": "NKJV Bible in 365 Days, p. 207.53 (Ellen G. White Estate)",
    "element_type": "p",
    "element_subtype": "standard-indented",
    "content": "<strong>14</strong> &#8220;Put yourselves in array against Babylon all around, All you who bend the bow; Shoot at her, spare no arrows, For she has sinned against the Lord .",
    "puborder": 19615,
    "translations": []
  },
  {
    "para_id": "14831.19825",
    "id_prev": "14831.19824",
    "id_next": "14831.19826",
    "refcode_1": "365N",
    "refcode_2": "207",
    "refcode_3": "54",
    "refcode_4": "",
    "refcode_short": "365N 207.54",
    "refcode_long": "NKJV Bible in 365 Days, p. 207.54 (Ellen G. White Estate)",
    "element_type": "p",
    "element_subtype": "standard-indented",
    "content": "<strong>15</strong> Shout against her all around; She has given her hand, Her foundations have fallen, Her walls are thrown down; For it is the vengeance of the Lord . Take vengeance on her. As she has done, so do to her.",
    "puborder": 19616,
    "translations": []
  },
  {
    "para_id": "14831.19826",
    "id_prev": "14831.19825",
    "id_next": "14831.19827",
    "refcode_1": "365N",
    "refcode_2": "207",
    "refcode_3": "55",
    "refcode_4": "",
    "refcode_short": "365N 207.55",
    "refcode_long": "NKJV Bible in 365 Days, p. 207.55 (Ellen G. White Estate)",
    "element_type": "p",
    "element_subtype": "standard-indented",
    "content": "<strong>16</strong> Cut off the sower from Babylon, And him who handles the sickle at harvest time. For fear of the oppressing sword Everyone shall turn to his own people, And everyone shall flee to his own land.",
    "puborder": 19617,
    "translations": []
  },
  {
    "para_id": "14831.19827",
    "id_prev": "14831.19826",
    "id_next": "14831.19828",
    "refcode_1": "365N",
    "refcode_2": "207",
    "refcode_3": "56",
    "refcode_4": "",
    "refcode_short": "365N 207.56",
    "refcode_long": "NKJV Bible in 365 Days, p. 207.56 (Ellen G. White Estate)",
    "element_type": "p",
    "element_subtype": "standard-indented",
    "content": "<strong>17</strong> &#8220;Israel is like scattered sheep; The lions have driven him away. First the king of Assyria devoured him; Now at last this Nebuchadnezzar king of Babylon has broken his bones.&#8221;",
    "puborder": 19618,
    "translations": []
  },
  {
    "para_id": "14831.19828",
    "id_prev": "14831.19827",
    "id_next": "14831.19829",
    "refcode_1": "365N",
    "refcode_2": "207",
    "refcode_3": "57",
    "refcode_4": "",
    "refcode_short": "365N 207.57",
    "refcode_long": "NKJV Bible in 365 Days, p. 207.57 (Ellen G. White Estate)",
    "element_type": "p",
    "element_subtype": "standard-indented",
    "content": "<strong>18</strong> Therefore thus says the Lord of hosts, the God of Israel: &#8220;Behold, I will punish the king of Babylon and his land, As I have punished the king of Assyria.",
    "puborder": 19619,
    "translations": []
  },
  {
    "para_id": "14831.19829",
    "id_prev": "14831.19828",
    "id_next": "14831.19830",
    "refcode_1": "365N",
    "refcode_2": "207",
    "refcode_3": "58",
    "refcode_4": "",
    "refcode_short": "365N 207.58",
    "refcode_long": "NKJV Bible in 365 Days, p. 207.58 (Ellen G. White Estate)",
    "element_type": "p",
    "element_subtype": "standard-indented",
    "content": "<strong>19</strong> But I will bring back Israel to his home, And he shall feed on Carmel and Bashan; His soul shall be satisfied on Mount Ephraim and Gilead.",
    "puborder": 19620,
    "translations": []
  },
  {
    "para_id": "14831.19830",
    "id_prev": "14831.19829",
    "id_next": "14831.19831",
    "refcode_1": "365N",
    "refcode_2": "207",
    "refcode_3": "59",
    "refcode_4": "",
    "refcode_short": "365N 207.59",
    "refcode_long": "NKJV Bible in 365 Days, p. 207.59 (Ellen G. White Estate)",
    "element_type": "p",
    "element_subtype": "standard-indented",
    "content": "<strong>20</strong> In those days and in that time,&#8221; says the Lord , &#8220;The iniquity of Israel shall be sought, but there shall be none; And the sins of Judah, but they shall not be found; For I will pardon those whom I preserve.",
    "puborder": 19621,
    "translations": []
  },
  {
    "para_id": "14831.19831",
    "id_prev": "14831.19830",
    "id_next": "14831.19832",
    "refcode_1": "365N",
    "refcode_2": "207",
    "refcode_3": "60",
    "refcode_4": "",
    "refcode_short": "365N 207.60",
    "refcode_long": "NKJV Bible in 365 Days, p. 207.60 (Ellen G. White Estate)",
    "element_type": "p",
    "element_subtype": "standard-indented",
    "content": "<strong>21</strong> &#8220;Go up against the land of Merathaim, against it, And against the inhabitants of Pekod. <sup class=\"footnote\"><a class=\"footnote\">[g]<span class=\"footnote\">Or Attack with the sword</span></a></sup> Waste and utterly destroy them,&#8221; says the Lord , &#8220;And do according to all that I have commanded you.",
    "puborder": 19622,
    "translations": []
  },
  {
    "para_id": "14831.19832",
    "id_prev": "14831.19831",
    "id_next": "14831.19833",
    "refcode_1": "365N",
    "refcode_2": "207",
    "refcode_3": "61",
    "refcode_4": "",
    "refcode_short": "365N 207.61",
    "refcode_long": "NKJV Bible in 365 Days, p. 207.61 (Ellen G. White Estate)",
    "element_type": "p",
    "element_subtype": "standard-indented",
    "content": "<strong>22</strong> A sound of battle is in the land, And of great destruction.",
    "puborder": 19623,
    "translations": []
  },
  {
    "para_id": "14831.19833",
    "id_prev": "14831.19832",
    "id_next": "14831.19834",
    "refcode_1": "365N",
    "refcode_2": "207",
    "refcode_3": "62",
    "refcode_4": "",
    "refcode_short": "365N 207.62",
    "refcode_long": "NKJV Bible in 365 Days, p. 207.62 (Ellen G. White Estate)",
    "element_type": "p",
    "element_subtype": "standard-indented",
    "content": "<strong>23</strong> How the hammer of the whole earth has been cut apart and broken! How Babylon has become a desolation among the nations!",
    "puborder": 19624,
    "translations": []
  },
  {
    "para_id": "14831.19834",
    "id_prev": "14831.19833",
    "id_next": "14831.19835",
    "refcode_1": "365N",
    "refcode_2": "207",
    "refcode_3": "63",
    "refcode_4": "",
    "refcode_short": "365N 207.63",
    "refcode_long": "NKJV Bible in 365 Days, p. 207.63 (Ellen G. White Estate)",
    "element_type": "p",
    "element_subtype": "standard-indented",
    "content": "<strong>24</strong> I have laid a snare for you; You have indeed been trapped, O Babylon, And you were not aware; You have been found and also caught, Because you have contended against the Lord .",
    "puborder": 19625,
    "translations": []
  },
  {
    "para_id": "14831.19835",
    "id_prev": "14831.19834",
    "id_next": "14831.19836",
    "refcode_1": "365N",
    "refcode_2": "207",
    "refcode_3": "64",
    "refcode_4": "",
    "refcode_short": "365N 207.64",
    "refcode_long": "NKJV Bible in 365 Days, p. 207.64 (Ellen G. White Estate)",
    "element_type": "p",
    "element_subtype": "standard-indented",
    "content": "<strong>25</strong> The Lord has opened His armory, And has brought out the weapons of His indignation; For this is the work of the Lord God of hosts In the land of the Chaldeans.",
    "puborder": 19626,
    "translations": []
  },
  {
    "para_id": "14831.19836",
    "id_prev": "14831.19835",
    "id_next": "14831.19837",
    "refcode_1": "365N",
    "refcode_2": "207",
    "refcode_3": "65",
    "refcode_4": "",
    "refcode_short": "365N 207.65",
    "refcode_long": "NKJV Bible in 365 Days, p. 207.65 (Ellen G. White Estate)",
    "element_type": "p",
    "element_subtype": "standard-indented",
    "content": "<strong>26</strong> Come against her from the farthest border; Open her storehouses; Cast her up as heaps of ruins, And destroy her utterly; Let nothing of her be left.",
    "puborder": 19627,
    "translations": []
  },
  {
    "para_id": "14831.19837",
    "id_prev": "14831.19836",
    "id_next": "14831.19838",
    "refcode_1": "365N",
    "refcode_2": "207",
    "refcode_3": "66",
    "refcode_4": "",
    "refcode_short": "365N 207.66",
    "refcode_long": "NKJV Bible in 365 Days, p. 207.66 (Ellen G. White Estate)",
    "element_type": "p",
    "element_subtype": "standard-indented",
    "content": "<strong>27</strong> Slay all her bulls, Let them go down to the slaughter. Woe to them! For their day has come, the time of their punishment.",
    "puborder": 19628,
    "translations": []
  },
  {
    "para_id": "14831.19838",
    "id_prev": "14831.19837",
    "id_next": "14831.19839",
    "refcode_1": "365N",
    "refcode_2": "207",
    "refcode_3": "67",
    "refcode_4": "",
    "refcode_short": "365N 207.67",
    "refcode_long": "NKJV Bible in 365 Days, p. 207.67 (Ellen G. White Estate)",
    "element_type": "p",
    "element_subtype": "standard-indented",
    "content": "<strong>28</strong> The voice of those who flee and escape from the land of Babylon Declares in Zion the vengeance of the Lord our God, The vengeance of His temple.",
    "puborder": 19629,
    "translations": []
  },
  {
    "para_id": "14831.19839",
    "id_prev": "14831.19838",
    "id_next": "14831.19840",
    "refcode_1": "365N",
    "refcode_2": "207",
    "refcode_3": "68",
    "refcode_4": "",
    "refcode_short": "365N 207.68",
    "refcode_long": "NKJV Bible in 365 Days, p. 207.68 (Ellen G. White Estate)",
    "element_type": "p",
    "element_subtype": "standard-indented",
    "content": "<strong>29</strong> &#8220;Call together the archers against Babylon. All you who bend the bow, encamp against it all around; Let none of them <sup class=\"footnote\"><a class=\"footnote\">[h]<span class=\"footnote\">Qr., some Heb. mss., LXX, Tg. add to her</span></a></sup> escape. Repay her according to her work; According to all she has done, do to her; For she has been proud against the Lord , Against the Holy One of Israel.",
    "puborder": 19630,
    "translations": []
  },
  {
    "para_id": "14831.19840",
    "id_prev": "14831.19839",
    "id_next": "14831.19841",
    "refcode_1": "365N",
    "refcode_2": "207",
    "refcode_3": "69",
    "refcode_4": "",
    "refcode_short": "365N 207.69",
    "refcode_long": "NKJV Bible in 365 Days, p. 207.69 (Ellen G. White Estate)",
    "element_type": "p",
    "element_subtype": "standard-indented",
    "content": "<strong>30</strong> Therefore her young men shall fall in the streets, And all her men of war shall be cut off in that day,&#8221; says the Lord .",
    "puborder": 19631,
    "translations": []
  },
  {
    "para_id": "14831.19841",
    "id_prev": "14831.19840",
    "id_next": "14831.19842",
    "refcode_1": "365N",
    "refcode_2": "207",
    "refcode_3": "70",
    "refcode_4": "",
    "refcode_short": "365N 207.70",
    "refcode_long": "NKJV Bible in 365 Days, p. 207.70 (Ellen G. White Estate)",
    "element_type": "p",
    "element_subtype": "standard-indented",
    "content": "<strong>31</strong> &#8220;Behold, I am against you, O most haughty one!&#8221; says the Lord God of hosts; &#8220;For your day has come, <sup class=\"footnote\"><a class=\"footnote\">[i]<span class=\"footnote\">So with MT, Tg.; LXX, Vg. The time of your punishment</span></a></sup> The time that I will punish you.",
    "puborder": 19632,
    "translations": []
  },
  {
    "para_id": "14831.19842",
    "id_prev": "14831.19841",
    "id_next": "14831.19843",
    "refcode_1": "365N",
    "refcode_2": "207",
    "refcode_3": "71",
    "refcode_4": "",
    "refcode_short": "365N 207.71",
    "refcode_long": "NKJV Bible in 365 Days, p. 207.71 (Ellen G. White Estate)",
    "element_type": "p",
    "element_subtype": "standard-indented",
    "content": "<strong>32</strong> The most proud shall stumble and fall, And no one will raise him up; I will kindle a fire in his cities, And it will devour all around him.&#8221;",
    "puborder": 19633,
    "translations": []
  },
  {
    "para_id": "14831.19843",
    "id_prev": "14831.19842",
    "id_next": "14831.19844",
    "refcode_1": "365N",
    "refcode_2": "207",
    "refcode_3": "72",
    "refcode_4": "",
    "refcode_short": "365N 207.72",
    "refcode_long": "NKJV Bible in 365 Days, p. 207.72 (Ellen G. White Estate)",
    "element_type": "p",
    "element_subtype": "standard-indented",
    "content": "<strong>33</strong> Thus says the Lord of hosts: &#8220;The children of Israel were oppressed, Along with the children of Judah; All who took them captive have held them fast; They have refused to let them go.",
    "puborder": 19634,
    "translations": []
  },
  {
    "para_id": "14831.19844",
    "id_prev": "14831.19843",
    "id_next": "14831.19845",
    "refcode_1": "365N",
    "refcode_2": "207",
    "refcode_3": "73",
    "refcode_4": "",
    "refcode_short": "365N 207.73",
    "refcode_long": "NKJV Bible in 365 Days, p. 207.73 (Ellen G. White Estate)",
    "element_type": "p",
    "element_subtype": "standard-indented",
    "content": "<strong>34</strong> Their Redeemer is strong; The Lord of hosts is His name. He will thoroughly plead their case, That He may give rest to the land, And disquiet the inhabitants of Babylon.",
    "puborder": 19635,
    "translations": []
  },
  {
    "para_id": "14831.19845",
    "id_prev": "14831.19844",
    "id_next": "14831.19846",
    "refcode_1": "365N",
    "refcode_2": "207",
    "refcode_3": "74",
    "refcode_4": "",
    "refcode_short": "365N 207.74",
    "refcode_long": "NKJV Bible in 365 Days, p. 207.74 (Ellen G. White Estate)",
    "element_type": "p",
    "element_subtype": "standard-indented",
    "content": "<strong>35</strong> &#8220;A sword is against the Chaldeans,&#8221; says the Lord , &#8220;Against the inhabitants of Babylon, And against her princes and her wise men.",
    "puborder": 19636,
    "translations": []
  },
  {
    "para_id": "14831.19846",
    "id_prev": "14831.19845",
    "id_next": "14831.19847",
    "refcode_1": "365N",
    "refcode_2": "207",
    "refcode_3": "75",
    "refcode_4": "",
    "refcode_short": "365N 207.75",
    "refcode_long": "NKJV Bible in 365 Days, p. 207.75 (Ellen G. White Estate)",
    "element_type": "p",
    "element_subtype": "standard-indented",
    "content": "<strong>36</strong> A sword is against the soothsayers, and they will be fools. A sword is against her mighty men, and they will be dismayed.",
    "puborder": 19637,
    "translations": []
  },
  {
    "para_id": "14831.19847",
    "id_prev": "14831.19846",
    "id_next": "14831.19848",
    "refcode_1": "365N",
    "refcode_2": "207",
    "refcode_3": "76",
    "refcode_4": "",
    "refcode_short": "365N 207.76",
    "refcode_long": "NKJV Bible in 365 Days, p. 207.76 (Ellen G. White Estate)",
    "element_type": "p",
    "element_subtype": "standard-indented",
    "content": "<strong>37</strong> A sword is against their horses, Against their chariots, And against all the mixed peoples who are in her midst; And they will become like women. A sword is against her treasures, and they will be robbed.",
    "puborder": 19638,
    "translations": []
  },
  {
    "para_id": "14831.19848",
    "id_prev": "14831.19847",
    "id_next": "14831.19849",
    "refcode_1": "365N",
    "refcode_2": "207",
    "refcode_3": "77",
    "refcode_4": "",
    "refcode_short": "365N 207.77",
    "refcode_long": "NKJV Bible in 365 Days, p. 207.77 (Ellen G. White Estate)",
    "element_type": "p",
    "element_subtype": "standard-indented",
    "content": "<strong>38</strong> A <sup class=\"footnote\"><a class=\"footnote\">[j]<span class=\"footnote\">So with MT, Tg., Vg.; Syr. sword; LXX omits A drought is</span></a></sup> drought is against her waters, and they will be dried up. For it is the land of carved images, And they are insane with their idols.",
    "puborder": 19639,
    "translations": []
  },
  {
    "para_id": "14831.19849",
    "id_prev": "14831.19848",
    "id_next": "14831.19850",
    "refcode_1": "365N",
    "refcode_2": "207",
    "refcode_3": "78",
    "refcode_4": "",
    "refcode_short": "365N 207.78",
    "refcode_long": "NKJV Bible in 365 Days, p. 207.78 (Ellen G. White Estate)",
    "element_type": "p",
    "element_subtype": "standard-indented",
    "content": "<strong>39</strong> &#8220;Therefore the wild desert beasts shall dwell there with the jackals, And the ostriches shall dwell in it. It shall be inhabited no more forever, Nor shall it be dwelt in from generation to generation.",
    "puborder": 19640,
    "translations": []
  },
  {
    "para_id": "14831.19850",
    "id_prev": "14831.19849",
    "id_next": "14831.19851",
    "refcode_1": "365N",
    "refcode_2": "207",
    "refcode_3": "79",
    "refcode_4": "",
    "refcode_short": "365N 207.79",
    "refcode_long": "NKJV Bible in 365 Days, p. 207.79 (Ellen G. White Estate)",
    "element_type": "p",
    "element_subtype": "standard-indented",
    "content": "<strong>40</strong> As God overthrew Sodom and Gomorrah And their neighbors,&#8221; says the Lord , &#8220; So no one shall reside there, Nor son of man dwell in it.",
    "puborder": 19641,
    "translations": []
  },
  {
    "para_id": "14831.19851",
    "id_prev": "14831.19850",
    "id_next": "14831.19852",
    "refcode_1": "365N",
    "refcode_2": "207",
    "refcode_3": "80",
    "refcode_4": "",
    "refcode_short": "365N 207.80",
    "refcode_long": "NKJV Bible in 365 Days, p. 207.80 (Ellen G. White Estate)",
    "element_type": "p",
    "element_subtype": "standard-indented",
    "content": "<strong>41</strong> &#8220;Behold, a people shall come from the north, And a great nation and many kings Shall be raised up from the ends of the earth.",
    "puborder": 19642,
    "translations": []
  },
  {
    "para_id": "14831.19852",
    "id_prev": "14831.19851",
    "id_next": "14831.19853",
    "refcode_1": "365N",
    "refcode_2": "207",
    "refcode_3": "81",
    "refcode_4": "",
    "refcode_short": "365N 207.81",
    "refcode_long": "NKJV Bible in 365 Days, p. 207.81 (Ellen G. White Estate)",
    "element_type": "p",
    "element_subtype": "standard-indented",
    "content": "<strong>42</strong> They shall hold the bow and the lance; They are cruel and shall not show mercy. Their voice shall roar like the sea; They shall ride on horses, Set in array, like a man for the battle, Against you, O daughter of Babylon.",
    "puborder": 19643,
    "translations": []
  },
  {
    "para_id": "14831.19853",
    "id_prev": "14831.19852",
    "id_next": "14831.19854",
    "refcode_1": "365N",
    "refcode_2": "207",
    "refcode_3": "82",
    "refcode_4": "",
    "refcode_short": "365N 207.82",
    "refcode_long": "NKJV Bible in 365 Days, p. 207.82 (Ellen G. White Estate)",
    "element_type": "p",
    "element_subtype": "standard-indented",
    "content": "<strong>43</strong> &#8220;The king of Babylon has heard the report about them, And his hands grow feeble; Anguish has taken hold of him, Pangs as of a woman in childbirth.",
    "puborder": 19644,
    "translations": []
  },
  {
    "para_id": "14831.19854",
    "id_prev": "14831.19853",
    "id_next": "14831.19855",
    "refcode_1": "365N",
    "refcode_2": "207",
    "refcode_3": "83",
    "refcode_4": "",
    "refcode_short": "365N 207.83",
    "refcode_long": "NKJV Bible in 365 Days, p. 207.83 (Ellen G. White Estate)",
    "element_type": "p",
    "element_subtype": "standard-indented",
    "content": "<strong>44</strong> &#8220;Behold, he shall come up like a lion from the <sup class=\"footnote\"><a class=\"footnote\">[k]<span class=\"footnote\">Or thicket</span></a></sup> floodplain of the Jordan Against the dwelling place of the strong; But I will make them suddenly run away from her. And who is a chosen man that I may appoint over her? For who is like Me? Who will arraign Me? And who is that shepherd Who will withstand Me?&#8221;",
    "puborder": 19645,
    "translations": []
  },
  {
    "para_id": "14831.19855",
    "id_prev": "14831.19854",
    "id_next": "14831.19856",
    "refcode_1": "365N",
    "refcode_2": "207",
    "refcode_3": "84",
    "refcode_4": "",
    "refcode_short": "365N 207.84",
    "refcode_long": "NKJV Bible in 365 Days, p. 207.84 (Ellen G. White Estate)",
    "element_type": "p",
    "element_subtype": "standard-indented",
    "content": "<strong>45</strong> Therefore hear the counsel of the Lord that He has taken against Babylon, And His purposes that He has proposed against the land of the Chaldeans: Surely the least of the flock shall draw them out; Surely He will make their dwelling place desolate with them.",
    "puborder": 19646,
    "translations": []
  },
  {
    "para_id": "14831.19856",
    "id_prev": "14831.19855",
    "id_next": "14831.19858",
    "refcode_1": "365N",
    "refcode_2": "207",
    "refcode_3": "85",
    "refcode_4": "",
    "refcode_short": "365N 207.85",
    "refcode_long": "NKJV Bible in 365 Days, p. 207.85 (Ellen G. White Estate)",
    "element_type": "p",
    "element_subtype": "standard-indented",
    "content": "<strong>46</strong> At the noise of the taking of Babylon The earth trembles, And the cry is heard among the nations.",
    "puborder": 19647,
    "translations": []
  }
]