[
  {
    "para_id": "14831.19858",
    "id_prev": "14831.19856",
    "id_next": "14831.19859",
    "refcode_1": "365N",
    "refcode_2": "208",
    "refcode_3": "",
    "refcode_4": "209",
    "refcode_short": "365N 208",
    "refcode_long": "NKJV Bible in 365 Days, p. 208 (Ellen G. White Estate)",
    "element_type": "h3",
    "element_subtype": "",
    "content": "Fall of Babylon and the Fall of Jerusalem &mdash; July 27",
    "puborder": 19648,
    "translations": []
  },
  {
    "para_id": "14831.19859",
    "id_prev": "14831.19858",
    "id_next": "14831.19860",
    "refcode_1": "365N",
    "refcode_2": "208",
    "refcode_3": "",
    "refcode_4": "",
    "refcode_short": "",
    "refcode_long": "",
    "element_type": "p",
    "element_subtype": "standard-indented",
    "content": "<b>Jeremiah 51-52</b>",
    "puborder": 19649,
    "translations": []
  },
  {
    "para_id": "14831.19860",
    "id_prev": "14831.19859",
    "id_next": "14831.19861",
    "refcode_1": "365N",
    "refcode_2": "208",
    "refcode_3": "",
    "refcode_4": "",
    "refcode_short": "",
    "refcode_long": "",
    "element_type": "p",
    "element_subtype": "standard-indented",
    "content": "<b><i>Jeremiah 51</i></b>",
    "puborder": 19650,
    "translations": []
  },
  {
    "para_id": "14831.19861",
    "id_prev": "14831.19860",
    "id_next": "14831.19862",
    "refcode_1": "365N",
    "refcode_2": "208",
    "refcode_3": "1",
    "refcode_4": "",
    "refcode_short": "365N 208.1",
    "refcode_long": "NKJV Bible in 365 Days, p. 208.1 (Ellen G. White Estate)",
    "element_type": "p",
    "element_subtype": "standard-indented",
    "content": "<strong>1</strong> Thus says the Lord : &#8220;Behold, I will raise up against Babylon, Against those who dwell in <sup class=\"footnote\"><a class=\"footnote\">[a]<span class=\"footnote\">Lit. The Midst of Those Who Rise Up Against Me; a code word for Chaldea, Babylonia</span></a></sup> Leb Kamai, A destroying wind.",
    "puborder": 19651,
    "translations": []
  },
  {
    "para_id": "14831.19862",
    "id_prev": "14831.19861",
    "id_next": "14831.19863",
    "refcode_1": "365N",
    "refcode_2": "208",
    "refcode_3": "2",
    "refcode_4": "",
    "refcode_short": "365N 208.2",
    "refcode_long": "NKJV Bible in 365 Days, p. 208.2 (Ellen G. White Estate)",
    "element_type": "p",
    "element_subtype": "standard-indented",
    "content": "<strong>2</strong> And I will send winnowers to Babylon, Who shall winnow her and empty her land. For in the day of doom They shall be against her all around.",
    "puborder": 19652,
    "translations": []
  },
  {
    "para_id": "14831.19863",
    "id_prev": "14831.19862",
    "id_next": "14831.19864",
    "refcode_1": "365N",
    "refcode_2": "208",
    "refcode_3": "3",
    "refcode_4": "",
    "refcode_short": "365N 208.3",
    "refcode_long": "NKJV Bible in 365 Days, p. 208.3 (Ellen G. White Estate)",
    "element_type": "p",
    "element_subtype": "standard-indented",
    "content": "<strong>3</strong> Against her let the archer bend his bow, And lift himself up against her in his armor. Do not spare her young men; Utterly destroy all her army.",
    "puborder": 19653,
    "translations": []
  },
  {
    "para_id": "14831.19864",
    "id_prev": "14831.19863",
    "id_next": "14831.19865",
    "refcode_1": "365N",
    "refcode_2": "208",
    "refcode_3": "4",
    "refcode_4": "",
    "refcode_short": "365N 208.4",
    "refcode_long": "NKJV Bible in 365 Days, p. 208.4 (Ellen G. White Estate)",
    "element_type": "p",
    "element_subtype": "standard-indented",
    "content": "<strong>4</strong> Thus the slain shall fall in the land of the Chaldeans, And those thrust through in her streets.",
    "puborder": 19654,
    "translations": []
  },
  {
    "para_id": "14831.19865",
    "id_prev": "14831.19864",
    "id_next": "14831.19866",
    "refcode_1": "365N",
    "refcode_2": "208",
    "refcode_3": "5",
    "refcode_4": "",
    "refcode_short": "365N 208.5",
    "refcode_long": "NKJV Bible in 365 Days, p. 208.5 (Ellen G. White Estate)",
    "element_type": "p",
    "element_subtype": "standard-indented",
    "content": "<strong>5</strong> For Israel is not forsaken, nor Judah, By his God, the Lord of hosts, Though their land was filled with sin against the Holy One of Israel.&#8221;",
    "puborder": 19655,
    "translations": []
  },
  {
    "para_id": "14831.19866",
    "id_prev": "14831.19865",
    "id_next": "14831.19867",
    "refcode_1": "365N",
    "refcode_2": "208",
    "refcode_3": "6",
    "refcode_4": "",
    "refcode_short": "365N 208.6",
    "refcode_long": "NKJV Bible in 365 Days, p. 208.6 (Ellen G. White Estate)",
    "element_type": "p",
    "element_subtype": "standard-indented",
    "content": "<strong>6</strong> Flee from the midst of Babylon, And every one save his life! Do not be cut off in her iniquity, For this is the time of the Lord &#8217;s vengeance; He shall recompense her.",
    "puborder": 19656,
    "translations": []
  },
  {
    "para_id": "14831.19867",
    "id_prev": "14831.19866",
    "id_next": "14831.19868",
    "refcode_1": "365N",
    "refcode_2": "208",
    "refcode_3": "7",
    "refcode_4": "",
    "refcode_short": "365N 208.7",
    "refcode_long": "NKJV Bible in 365 Days, p. 208.7 (Ellen G. White Estate)",
    "element_type": "p",
    "element_subtype": "standard-indented",
    "content": "<strong>7</strong> Babylon was a golden cup in the Lord &#8217;s hand, That made all the earth drunk. The nations drank her wine; Therefore the nations are deranged.",
    "puborder": 19657,
    "translations": []
  },
  {
    "para_id": "14831.19868",
    "id_prev": "14831.19867",
    "id_next": "14831.19869",
    "refcode_1": "365N",
    "refcode_2": "208",
    "refcode_3": "8",
    "refcode_4": "",
    "refcode_short": "365N 208.8",
    "refcode_long": "NKJV Bible in 365 Days, p. 208.8 (Ellen G. White Estate)",
    "element_type": "p",
    "element_subtype": "standard-indented",
    "content": "<strong>8</strong> Babylon has suddenly fallen and been destroyed. Wail for her! Take balm for her pain; Perhaps she may be healed.",
    "puborder": 19658,
    "translations": []
  },
  {
    "para_id": "14831.19869",
    "id_prev": "14831.19868",
    "id_next": "14831.19870",
    "refcode_1": "365N",
    "refcode_2": "208",
    "refcode_3": "9",
    "refcode_4": "",
    "refcode_short": "365N 208.9",
    "refcode_long": "NKJV Bible in 365 Days, p. 208.9 (Ellen G. White Estate)",
    "element_type": "p",
    "element_subtype": "standard-indented",
    "content": "<strong>9</strong> We would have healed Babylon, But she is not healed. Forsake her, and let us go everyone to his own country; For her judgment reaches to heaven and is lifted up to the skies.",
    "puborder": 19659,
    "translations": []
  },
  {
    "para_id": "14831.19870",
    "id_prev": "14831.19869",
    "id_next": "14831.19871",
    "refcode_1": "365N",
    "refcode_2": "208",
    "refcode_3": "10",
    "refcode_4": "",
    "refcode_short": "365N 208.10",
    "refcode_long": "NKJV Bible in 365 Days, p. 208.10 (Ellen G. White Estate)",
    "element_type": "p",
    "element_subtype": "standard-indented",
    "content": "<strong>10</strong> The Lord has revealed our righteousness. Come and let us declare in Zion the work of the Lord our God.",
    "puborder": 19660,
    "translations": []
  },
  {
    "para_id": "14831.19871",
    "id_prev": "14831.19870",
    "id_next": "14831.19872",
    "refcode_1": "365N",
    "refcode_2": "208",
    "refcode_3": "11",
    "refcode_4": "",
    "refcode_short": "365N 208.11",
    "refcode_long": "NKJV Bible in 365 Days, p. 208.11 (Ellen G. White Estate)",
    "element_type": "p",
    "element_subtype": "standard-indented",
    "content": "<strong>11</strong> Make <sup class=\"footnote\"><a class=\"footnote\">[b]<span class=\"footnote\">Polish the arrows!</span></a></sup> the arrows bright! Gather the shields! The Lord has raised up the spirit of the kings of the Medes. For His plan is against Babylon to destroy it, Because it is the vengeance of the Lord , The vengeance for His temple.",
    "puborder": 19661,
    "translations": []
  },
  {
    "para_id": "14831.19872",
    "id_prev": "14831.19871",
    "id_next": "14831.19873",
    "refcode_1": "365N",
    "refcode_2": "208",
    "refcode_3": "12",
    "refcode_4": "",
    "refcode_short": "365N 208.12",
    "refcode_long": "NKJV Bible in 365 Days, p. 208.12 (Ellen G. White Estate)",
    "element_type": "p",
    "element_subtype": "standard-indented",
    "content": "<strong>12</strong> Set up the standard on the walls of Babylon; Make the guard strong, Set up the watchmen, Prepare the ambushes. For the Lord has both devised and done What He spoke against the inhabitants of Babylon.",
    "puborder": 19662,
    "translations": []
  },
  {
    "para_id": "14831.19873",
    "id_prev": "14831.19872",
    "id_next": "14831.19874",
    "refcode_1": "365N",
    "refcode_2": "208",
    "refcode_3": "13",
    "refcode_4": "",
    "refcode_short": "365N 208.13",
    "refcode_long": "NKJV Bible in 365 Days, p. 208.13 (Ellen G. White Estate)",
    "element_type": "p",
    "element_subtype": "standard-indented",
    "content": "<strong>13</strong> O you who dwell by many waters, Abundant in treasures, Your end has come, The measure of your covetousness.",
    "puborder": 19663,
    "translations": []
  },
  {
    "para_id": "14831.19874",
    "id_prev": "14831.19873",
    "id_next": "14831.19875",
    "refcode_1": "365N",
    "refcode_2": "208",
    "refcode_3": "14",
    "refcode_4": "",
    "refcode_short": "365N 208.14",
    "refcode_long": "NKJV Bible in 365 Days, p. 208.14 (Ellen G. White Estate)",
    "element_type": "p",
    "element_subtype": "standard-indented",
    "content": "<strong>14</strong> The Lord of hosts has sworn by Himself: &#8220;Surely I will fill you with men, as with locusts, And they shall lift up a shout against you.&#8221;",
    "puborder": 19664,
    "translations": []
  },
  {
    "para_id": "14831.19875",
    "id_prev": "14831.19874",
    "id_next": "14831.19876",
    "refcode_1": "365N",
    "refcode_2": "208",
    "refcode_3": "15",
    "refcode_4": "",
    "refcode_short": "365N 208.15",
    "refcode_long": "NKJV Bible in 365 Days, p. 208.15 (Ellen G. White Estate)",
    "element_type": "p",
    "element_subtype": "standard-indented",
    "content": "<strong>15</strong> He has made the earth by His power; He has established the world by His wisdom, And stretched out the heaven by His understanding.",
    "puborder": 19665,
    "translations": []
  },
  {
    "para_id": "14831.19876",
    "id_prev": "14831.19875",
    "id_next": "14831.19877",
    "refcode_1": "365N",
    "refcode_2": "208",
    "refcode_3": "16",
    "refcode_4": "",
    "refcode_short": "365N 208.16",
    "refcode_long": "NKJV Bible in 365 Days, p. 208.16 (Ellen G. White Estate)",
    "element_type": "p",
    "element_subtype": "standard-indented",
    "content": "<strong>16</strong> When He utters His voice&#8212; There is a multitude of waters in the heavens: &#8220;He causes the vapors to ascend from the ends of the earth; He makes lightnings for the rain; He brings the wind out of His treasuries.&#8221;",
    "puborder": 19666,
    "translations": []
  },
  {
    "para_id": "14831.19877",
    "id_prev": "14831.19876",
    "id_next": "14831.19878",
    "refcode_1": "365N",
    "refcode_2": "208",
    "refcode_3": "17",
    "refcode_4": "",
    "refcode_short": "365N 208.17",
    "refcode_long": "NKJV Bible in 365 Days, p. 208.17 (Ellen G. White Estate)",
    "element_type": "p",
    "element_subtype": "standard-indented",
    "content": "<strong>17</strong> Everyone is dull-hearted, without knowledge; Every metalsmith is put to shame by the carved image; For his molded image is falsehood, And there is no breath in them.",
    "puborder": 19667,
    "translations": []
  },
  {
    "para_id": "14831.19878",
    "id_prev": "14831.19877",
    "id_next": "14831.19879",
    "refcode_1": "365N",
    "refcode_2": "208",
    "refcode_3": "18",
    "refcode_4": "",
    "refcode_short": "365N 208.18",
    "refcode_long": "NKJV Bible in 365 Days, p. 208.18 (Ellen G. White Estate)",
    "element_type": "p",
    "element_subtype": "standard-indented",
    "content": "<strong>18</strong> They are futile, a work of errors; In the time of their punishment they shall perish.",
    "puborder": 19668,
    "translations": []
  },
  {
    "para_id": "14831.19879",
    "id_prev": "14831.19878",
    "id_next": "14831.19880",
    "refcode_1": "365N",
    "refcode_2": "208",
    "refcode_3": "19",
    "refcode_4": "",
    "refcode_short": "365N 208.19",
    "refcode_long": "NKJV Bible in 365 Days, p. 208.19 (Ellen G. White Estate)",
    "element_type": "p",
    "element_subtype": "standard-indented",
    "content": "<strong>19</strong> The Portion of Jacob is not like them, For He is the Maker of all things; And Israel is the tribe of His inheritance. The Lord of hosts is His name.",
    "puborder": 19669,
    "translations": []
  },
  {
    "para_id": "14831.19880",
    "id_prev": "14831.19879",
    "id_next": "14831.19881",
    "refcode_1": "365N",
    "refcode_2": "208",
    "refcode_3": "20",
    "refcode_4": "",
    "refcode_short": "365N 208.20",
    "refcode_long": "NKJV Bible in 365 Days, p. 208.20 (Ellen G. White Estate)",
    "element_type": "p",
    "element_subtype": "standard-indented",
    "content": "<strong>20</strong> &#8220;You are My battle-ax and weapons of war: For with you I will break the nation in pieces; With you I will destroy kingdoms;",
    "puborder": 19670,
    "translations": []
  },
  {
    "para_id": "14831.19881",
    "id_prev": "14831.19880",
    "id_next": "14831.19882",
    "refcode_1": "365N",
    "refcode_2": "208",
    "refcode_3": "21",
    "refcode_4": "",
    "refcode_short": "365N 208.21",
    "refcode_long": "NKJV Bible in 365 Days, p. 208.21 (Ellen G. White Estate)",
    "element_type": "p",
    "element_subtype": "standard-indented",
    "content": "<strong>21</strong> With you I will break in pieces the horse and its rider; With you I will break in pieces the chariot and its rider;",
    "puborder": 19671,
    "translations": []
  },
  {
    "para_id": "14831.19882",
    "id_prev": "14831.19881",
    "id_next": "14831.19883",
    "refcode_1": "365N",
    "refcode_2": "208",
    "refcode_3": "22",
    "refcode_4": "",
    "refcode_short": "365N 208.22",
    "refcode_long": "NKJV Bible in 365 Days, p. 208.22 (Ellen G. White Estate)",
    "element_type": "p",
    "element_subtype": "standard-indented",
    "content": "<strong>22</strong> With you also I will break in pieces man and woman; With you I will break in pieces old and young; With you I will break in pieces the young man and the maiden;",
    "puborder": 19672,
    "translations": []
  },
  {
    "para_id": "14831.19883",
    "id_prev": "14831.19882",
    "id_next": "14831.19884",
    "refcode_1": "365N",
    "refcode_2": "208",
    "refcode_3": "23",
    "refcode_4": "",
    "refcode_short": "365N 208.23",
    "refcode_long": "NKJV Bible in 365 Days, p. 208.23 (Ellen G. White Estate)",
    "element_type": "p",
    "element_subtype": "standard-indented",
    "content": "<strong>23</strong> With you also I will break in pieces the shepherd and his flock; With you I will break in pieces the farmer and his yoke of oxen; And with you I will break in pieces governors and rulers.",
    "puborder": 19673,
    "translations": []
  },
  {
    "para_id": "14831.19884",
    "id_prev": "14831.19883",
    "id_next": "14831.19885",
    "refcode_1": "365N",
    "refcode_2": "208",
    "refcode_3": "24",
    "refcode_4": "",
    "refcode_short": "365N 208.24",
    "refcode_long": "NKJV Bible in 365 Days, p. 208.24 (Ellen G. White Estate)",
    "element_type": "p",
    "element_subtype": "standard-indented",
    "content": "<strong>24</strong> &#8220;And I will repay Babylon And all the inhabitants of Chaldea For all the evil they have done In Zion in your sight,&#8221; says the Lord .",
    "puborder": 19674,
    "translations": []
  },
  {
    "para_id": "14831.19885",
    "id_prev": "14831.19884",
    "id_next": "14831.19886",
    "refcode_1": "365N",
    "refcode_2": "208",
    "refcode_3": "25",
    "refcode_4": "",
    "refcode_short": "365N 208.25",
    "refcode_long": "NKJV Bible in 365 Days, p. 208.25 (Ellen G. White Estate)",
    "element_type": "p",
    "element_subtype": "standard-indented",
    "content": "<strong>25</strong> &#8220;Behold, I am against you, O destroying mountain, Who destroys all the earth,&#8221; says the Lord . &#8220;And I will stretch out My hand against you, Roll you down from the rocks, And make you a burnt mountain.",
    "puborder": 19675,
    "translations": []
  },
  {
    "para_id": "14831.19886",
    "id_prev": "14831.19885",
    "id_next": "14831.19887",
    "refcode_1": "365N",
    "refcode_2": "208",
    "refcode_3": "26",
    "refcode_4": "",
    "refcode_short": "365N 208.26",
    "refcode_long": "NKJV Bible in 365 Days, p. 208.26 (Ellen G. White Estate)",
    "element_type": "p",
    "element_subtype": "standard-indented",
    "content": "<strong>26</strong> They shall not take from you a stone for a corner Nor a stone for a foundation, But you shall be desolate forever,&#8221; says the Lord .",
    "puborder": 19676,
    "translations": []
  },
  {
    "para_id": "14831.19887",
    "id_prev": "14831.19886",
    "id_next": "14831.19888",
    "refcode_1": "365N",
    "refcode_2": "208",
    "refcode_3": "27",
    "refcode_4": "",
    "refcode_short": "365N 208.27",
    "refcode_long": "NKJV Bible in 365 Days, p. 208.27 (Ellen G. White Estate)",
    "element_type": "p",
    "element_subtype": "standard-indented",
    "content": "<strong>27</strong> Set up a banner in the land, Blow the trumpet among the nations! Prepare the nations against her, Call the kingdoms together against her: Ararat, Minni, and Ashkenaz. Appoint a general against her; Cause the horses to come up like the bristling locusts.",
    "puborder": 19677,
    "translations": []
  },
  {
    "para_id": "14831.19888",
    "id_prev": "14831.19887",
    "id_next": "14831.19889",
    "refcode_1": "365N",
    "refcode_2": "208",
    "refcode_3": "28",
    "refcode_4": "",
    "refcode_short": "365N 208.28",
    "refcode_long": "NKJV Bible in 365 Days, p. 208.28 (Ellen G. White Estate)",
    "element_type": "p",
    "element_subtype": "standard-indented",
    "content": "<strong>28</strong> Prepare against her the nations, With the kings of the Medes, Its governors and all its rulers, All the land of his dominion.",
    "puborder": 19678,
    "translations": []
  },
  {
    "para_id": "14831.19889",
    "id_prev": "14831.19888",
    "id_next": "14831.19890",
    "refcode_1": "365N",
    "refcode_2": "208",
    "refcode_3": "29",
    "refcode_4": "",
    "refcode_short": "365N 208.29",
    "refcode_long": "NKJV Bible in 365 Days, p. 208.29 (Ellen G. White Estate)",
    "element_type": "p",
    "element_subtype": "standard-indented",
    "content": "<strong>29</strong> And the land will tremble and sorrow; For every purpose of the Lord shall be performed against Babylon, To make the land of Babylon a desolation without inhabitant.",
    "puborder": 19679,
    "translations": []
  },
  {
    "para_id": "14831.19890",
    "id_prev": "14831.19889",
    "id_next": "14831.19891",
    "refcode_1": "365N",
    "refcode_2": "208",
    "refcode_3": "30",
    "refcode_4": "",
    "refcode_short": "365N 208.30",
    "refcode_long": "NKJV Bible in 365 Days, p. 208.30 (Ellen G. White Estate)",
    "element_type": "p",
    "element_subtype": "standard-indented",
    "content": "<strong>30</strong> The mighty men of Babylon have ceased fighting, They have remained in their strongholds; Their might has failed, They became like women; They have burned her dwelling places, The bars of her gate are broken.",
    "puborder": 19680,
    "translations": []
  },
  {
    "para_id": "14831.19891",
    "id_prev": "14831.19890",
    "id_next": "14831.19892",
    "refcode_1": "365N",
    "refcode_2": "208",
    "refcode_3": "31",
    "refcode_4": "",
    "refcode_short": "365N 208.31",
    "refcode_long": "NKJV Bible in 365 Days, p. 208.31 (Ellen G. White Estate)",
    "element_type": "p",
    "element_subtype": "standard-indented",
    "content": "<strong>31</strong> One runner will run to meet another, And one messenger to meet another, To show the king of Babylon that his city is taken on all sides;",
    "puborder": 19681,
    "translations": []
  },
  {
    "para_id": "14831.19892",
    "id_prev": "14831.19891",
    "id_next": "14831.19893",
    "refcode_1": "365N",
    "refcode_2": "208",
    "refcode_3": "32",
    "refcode_4": "",
    "refcode_short": "365N 208.32",
    "refcode_long": "NKJV Bible in 365 Days, p. 208.32 (Ellen G. White Estate)",
    "element_type": "p",
    "element_subtype": "standard-indented",
    "content": "<strong>32</strong> The passages are blocked, The reeds they have burned with fire, And the men of war are terrified.",
    "puborder": 19682,
    "translations": []
  },
  {
    "para_id": "14831.19893",
    "id_prev": "14831.19892",
    "id_next": "14831.19894",
    "refcode_1": "365N",
    "refcode_2": "208",
    "refcode_3": "33",
    "refcode_4": "",
    "refcode_short": "365N 208.33",
    "refcode_long": "NKJV Bible in 365 Days, p. 208.33 (Ellen G. White Estate)",
    "element_type": "p",
    "element_subtype": "standard-indented",
    "content": "<strong>33</strong> For thus says the Lord of hosts, the God of Israel: &#8220;The daughter of Babylon is like a threshing floor When it is time to thresh her; Yet a little while And the time of her harvest will come.&#8221;",
    "puborder": 19683,
    "translations": []
  },
  {
    "para_id": "14831.19894",
    "id_prev": "14831.19893",
    "id_next": "14831.19895",
    "refcode_1": "365N",
    "refcode_2": "208",
    "refcode_3": "34",
    "refcode_4": "",
    "refcode_short": "365N 208.34",
    "refcode_long": "NKJV Bible in 365 Days, p. 208.34 (Ellen G. White Estate)",
    "element_type": "p",
    "element_subtype": "standard-indented",
    "content": "<strong>34</strong> &#8220;Nebuchadnezzar the king of Babylon Has devoured me, he has crushed me; He has made me an empty vessel, He has swallowed me up like a monster; He has filled his stomach with my delicacies, He has spit me out.",
    "puborder": 19684,
    "translations": []
  },
  {
    "para_id": "14831.19895",
    "id_prev": "14831.19894",
    "id_next": "14831.19896",
    "refcode_1": "365N",
    "refcode_2": "208",
    "refcode_3": "35",
    "refcode_4": "",
    "refcode_short": "365N 208.35",
    "refcode_long": "NKJV Bible in 365 Days, p. 208.35 (Ellen G. White Estate)",
    "element_type": "p",
    "element_subtype": "standard-indented",
    "content": "<strong>35</strong> Let the violence done to me and my flesh be upon Babylon,&#8221; The inhabitant of Zion will say; &#8220;And my blood be upon the inhabitants of Chaldea!&#8221; Jerusalem will say.",
    "puborder": 19685,
    "translations": []
  },
  {
    "para_id": "14831.19896",
    "id_prev": "14831.19895",
    "id_next": "14831.19897",
    "refcode_1": "365N",
    "refcode_2": "208",
    "refcode_3": "36",
    "refcode_4": "",
    "refcode_short": "365N 208.36",
    "refcode_long": "NKJV Bible in 365 Days, p. 208.36 (Ellen G. White Estate)",
    "element_type": "p",
    "element_subtype": "standard-indented",
    "content": "<strong>36</strong> Therefore thus says the Lord : &#8220;Behold, I will plead your case and take vengeance for you. I will dry up her sea and make her springs dry.",
    "puborder": 19686,
    "translations": []
  },
  {
    "para_id": "14831.19897",
    "id_prev": "14831.19896",
    "id_next": "14831.19898",
    "refcode_1": "365N",
    "refcode_2": "208",
    "refcode_3": "37",
    "refcode_4": "",
    "refcode_short": "365N 208.37",
    "refcode_long": "NKJV Bible in 365 Days, p. 208.37 (Ellen G. White Estate)",
    "element_type": "p",
    "element_subtype": "standard-indented",
    "content": "<strong>37</strong> Babylon shall become a heap, A dwelling place for jackals, An astonishment and a hissing, Without an inhabitant.",
    "puborder": 19687,
    "translations": []
  },
  {
    "para_id": "14831.19898",
    "id_prev": "14831.19897",
    "id_next": "14831.19899",
    "refcode_1": "365N",
    "refcode_2": "208",
    "refcode_3": "38",
    "refcode_4": "",
    "refcode_short": "365N 208.38",
    "refcode_long": "NKJV Bible in 365 Days, p. 208.38 (Ellen G. White Estate)",
    "element_type": "p",
    "element_subtype": "standard-indented",
    "content": "<strong>38</strong> They shall roar together like lions, They shall growl like lions&#8217; whelps.",
    "puborder": 19688,
    "translations": []
  },
  {
    "para_id": "14831.19899",
    "id_prev": "14831.19898",
    "id_next": "14831.19900",
    "refcode_1": "365N",
    "refcode_2": "208",
    "refcode_3": "39",
    "refcode_4": "",
    "refcode_short": "365N 208.39",
    "refcode_long": "NKJV Bible in 365 Days, p. 208.39 (Ellen G. White Estate)",
    "element_type": "p",
    "element_subtype": "standard-indented",
    "content": "<strong>39</strong> In their excitement I will prepare their feasts; I will make them drunk, That they may rejoice, And sleep a perpetual sleep And not awake,&#8221; says the Lord .",
    "puborder": 19689,
    "translations": []
  },
  {
    "para_id": "14831.19900",
    "id_prev": "14831.19899",
    "id_next": "14831.19901",
    "refcode_1": "365N",
    "refcode_2": "208",
    "refcode_3": "40",
    "refcode_4": "",
    "refcode_short": "365N 208.40",
    "refcode_long": "NKJV Bible in 365 Days, p. 208.40 (Ellen G. White Estate)",
    "element_type": "p",
    "element_subtype": "standard-indented",
    "content": "<strong>40</strong> &#8220;I will bring them down Like lambs to the slaughter, Like rams with male goats.",
    "puborder": 19690,
    "translations": []
  },
  {
    "para_id": "14831.19901",
    "id_prev": "14831.19900",
    "id_next": "14831.19902",
    "refcode_1": "365N",
    "refcode_2": "208",
    "refcode_3": "41",
    "refcode_4": "",
    "refcode_short": "365N 208.41",
    "refcode_long": "NKJV Bible in 365 Days, p. 208.41 (Ellen G. White Estate)",
    "element_type": "p",
    "element_subtype": "standard-indented",
    "content": "<strong>41</strong> &#8220;Oh, how Sheshach <sup class=\"footnote\"><a class=\"footnote\">[c]<span class=\"footnote\">A code word for Babylon, Jer. 25:26</span></a></sup> is taken! Oh, how the praise of the whole earth is seized! How Babylon has become desolate among the nations!",
    "puborder": 19691,
    "translations": []
  },
  {
    "para_id": "14831.19902",
    "id_prev": "14831.19901",
    "id_next": "14831.19903",
    "refcode_1": "365N",
    "refcode_2": "208",
    "refcode_3": "42",
    "refcode_4": "",
    "refcode_short": "365N 208.42",
    "refcode_long": "NKJV Bible in 365 Days, p. 208.42 (Ellen G. White Estate)",
    "element_type": "p",
    "element_subtype": "standard-indented",
    "content": "<strong>42</strong> The sea has come up over Babylon; She is covered with the multitude of its waves.",
    "puborder": 19692,
    "translations": []
  },
  {
    "para_id": "14831.19903",
    "id_prev": "14831.19902",
    "id_next": "14831.19904",
    "refcode_1": "365N",
    "refcode_2": "208",
    "refcode_3": "43",
    "refcode_4": "",
    "refcode_short": "365N 208.43",
    "refcode_long": "NKJV Bible in 365 Days, p. 208.43 (Ellen G. White Estate)",
    "element_type": "p",
    "element_subtype": "standard-indented",
    "content": "<strong>43</strong> Her cities are a desolation, A dry land and a wilderness, A land where no one dwells, Through which no son of man passes.",
    "puborder": 19693,
    "translations": []
  },
  {
    "para_id": "14831.19904",
    "id_prev": "14831.19903",
    "id_next": "14831.19905",
    "refcode_1": "365N",
    "refcode_2": "208",
    "refcode_3": "44",
    "refcode_4": "",
    "refcode_short": "365N 208.44",
    "refcode_long": "NKJV Bible in 365 Days, p. 208.44 (Ellen G. White Estate)",
    "element_type": "p",
    "element_subtype": "standard-indented",
    "content": "<strong>44</strong> I will punish Bel <sup class=\"footnote\"><a class=\"footnote\">[d]<span class=\"footnote\">A Babylonian god</span></a></sup> in Babylon, And I will bring out of his mouth what he has swallowed; And the nations shall not stream to him anymore. Yes, the wall of Babylon shall fall.",
    "puborder": 19694,
    "translations": []
  },
  {
    "para_id": "14831.19905",
    "id_prev": "14831.19904",
    "id_next": "14831.19906",
    "refcode_1": "365N",
    "refcode_2": "208",
    "refcode_3": "45",
    "refcode_4": "",
    "refcode_short": "365N 208.45",
    "refcode_long": "NKJV Bible in 365 Days, p. 208.45 (Ellen G. White Estate)",
    "element_type": "p",
    "element_subtype": "standard-indented",
    "content": "<strong>45</strong> &#8220;My people, go out of the midst of her! And let everyone deliver <sup class=\"footnote\"><a class=\"footnote\">[e]<span class=\"footnote\">Lit. his soul</span></a></sup> himself from the fierce anger of the Lord .",
    "puborder": 19695,
    "translations": []
  },
  {
    "para_id": "14831.19906",
    "id_prev": "14831.19905",
    "id_next": "14831.19907",
    "refcode_1": "365N",
    "refcode_2": "208",
    "refcode_3": "46",
    "refcode_4": "",
    "refcode_short": "365N 208.46",
    "refcode_long": "NKJV Bible in 365 Days, p. 208.46 (Ellen G. White Estate)",
    "element_type": "p",
    "element_subtype": "standard-indented",
    "content": "<strong>46</strong> And lest your heart faint, And you fear for the rumor that will be heard in the land (A rumor will come one year, And after that, in another year A rumor will come, And violence in the land, Ruler against ruler),",
    "puborder": 19696,
    "translations": []
  },
  {
    "para_id": "14831.19907",
    "id_prev": "14831.19906",
    "id_next": "14831.19908",
    "refcode_1": "365N",
    "refcode_2": "208",
    "refcode_3": "47",
    "refcode_4": "",
    "refcode_short": "365N 208.47",
    "refcode_long": "NKJV Bible in 365 Days, p. 208.47 (Ellen G. White Estate)",
    "element_type": "p",
    "element_subtype": "standard-indented",
    "content": "<strong>47</strong> Therefore behold, the days are coming That I will bring judgment on the carved images of Babylon; Her whole land shall be ashamed, And all her slain shall fall in her midst.",
    "puborder": 19697,
    "translations": []
  },
  {
    "para_id": "14831.19908",
    "id_prev": "14831.19907",
    "id_next": "14831.19909",
    "refcode_1": "365N",
    "refcode_2": "208",
    "refcode_3": "48",
    "refcode_4": "",
    "refcode_short": "365N 208.48",
    "refcode_long": "NKJV Bible in 365 Days, p. 208.48 (Ellen G. White Estate)",
    "element_type": "p",
    "element_subtype": "standard-indented",
    "content": "<strong>48</strong> Then the heavens and the earth and all that is in them Shall sing joyously over Babylon; For the plunderers shall come to her from the north,&#8221; says the Lord .",
    "puborder": 19698,
    "translations": []
  },
  {
    "para_id": "14831.19909",
    "id_prev": "14831.19908",
    "id_next": "14831.19910",
    "refcode_1": "365N",
    "refcode_2": "208",
    "refcode_3": "49",
    "refcode_4": "",
    "refcode_short": "365N 208.49",
    "refcode_long": "NKJV Bible in 365 Days, p. 208.49 (Ellen G. White Estate)",
    "element_type": "p",
    "element_subtype": "standard-indented",
    "content": "<strong>49</strong> As Babylon has caused the slain of Israel to fall, So at Babylon the slain of all the earth shall fall.",
    "puborder": 19699,
    "translations": []
  },
  {
    "para_id": "14831.19910",
    "id_prev": "14831.19909",
    "id_next": "14831.19911",
    "refcode_1": "365N",
    "refcode_2": "208",
    "refcode_3": "50",
    "refcode_4": "",
    "refcode_short": "365N 208.50",
    "refcode_long": "NKJV Bible in 365 Days, p. 208.50 (Ellen G. White Estate)",
    "element_type": "p",
    "element_subtype": "standard-indented",
    "content": "<strong>50</strong> You who have escaped the sword, Get away! Do not stand still! Remember the Lord afar off, And let Jerusalem come to your mind.",
    "puborder": 19700,
    "translations": []
  },
  {
    "para_id": "14831.19911",
    "id_prev": "14831.19910",
    "id_next": "14831.19912",
    "refcode_1": "365N",
    "refcode_2": "208",
    "refcode_3": "51",
    "refcode_4": "",
    "refcode_short": "365N 208.51",
    "refcode_long": "NKJV Bible in 365 Days, p. 208.51 (Ellen G. White Estate)",
    "element_type": "p",
    "element_subtype": "standard-indented",
    "content": "<strong>51</strong> We are ashamed because we have heard reproach. Shame has covered our faces, For strangers have come into the <sup class=\"footnote\"><a class=\"footnote\">[f]<span class=\"footnote\">holy places</span></a></sup> sanctuaries of the Lord &#8217;s house.",
    "puborder": 19701,
    "translations": []
  },
  {
    "para_id": "14831.19912",
    "id_prev": "14831.19911",
    "id_next": "14831.19913",
    "refcode_1": "365N",
    "refcode_2": "208",
    "refcode_3": "52",
    "refcode_4": "",
    "refcode_short": "365N 208.52",
    "refcode_long": "NKJV Bible in 365 Days, p. 208.52 (Ellen G. White Estate)",
    "element_type": "p",
    "element_subtype": "standard-indented",
    "content": "<strong>52</strong> &#8220;Therefore behold, the days are coming,&#8221; says the Lord , &#8220;That I will bring judgment on her carved images, And throughout all her land the wounded shall groan.",
    "puborder": 19702,
    "translations": []
  },
  {
    "para_id": "14831.19913",
    "id_prev": "14831.19912",
    "id_next": "14831.19914",
    "refcode_1": "365N",
    "refcode_2": "208",
    "refcode_3": "53",
    "refcode_4": "",
    "refcode_short": "365N 208.53",
    "refcode_long": "NKJV Bible in 365 Days, p. 208.53 (Ellen G. White Estate)",
    "element_type": "p",
    "element_subtype": "standard-indented",
    "content": "<strong>53</strong> Though Babylon were to <sup class=\"footnote\"><a class=\"footnote\">[g]<span class=\"footnote\">ascend</span></a></sup> mount up to heaven, And though she were to fortify the height of her strength, Yet from Me plunderers would come to her,&#8221; says the Lord .",
    "puborder": 19703,
    "translations": []
  },
  {
    "para_id": "14831.19914",
    "id_prev": "14831.19913",
    "id_next": "14831.19915",
    "refcode_1": "365N",
    "refcode_2": "208",
    "refcode_3": "54",
    "refcode_4": "",
    "refcode_short": "365N 208.54",
    "refcode_long": "NKJV Bible in 365 Days, p. 208.54 (Ellen G. White Estate)",
    "element_type": "p",
    "element_subtype": "standard-indented",
    "content": "<strong>54</strong> The sound of a cry comes from Babylon, And great destruction from the land of the Chaldeans,",
    "puborder": 19704,
    "translations": []
  },
  {
    "para_id": "14831.19915",
    "id_prev": "14831.19914",
    "id_next": "14831.19916",
    "refcode_1": "365N",
    "refcode_2": "208",
    "refcode_3": "55",
    "refcode_4": "",
    "refcode_short": "365N 208.55",
    "refcode_long": "NKJV Bible in 365 Days, p. 208.55 (Ellen G. White Estate)",
    "element_type": "p",
    "element_subtype": "standard-indented",
    "content": "<strong>55</strong> Because the Lord is plundering Babylon And silencing her loud voice, Though her waves roar like great waters, And the noise of their voice is uttered,",
    "puborder": 19705,
    "translations": []
  },
  {
    "para_id": "14831.19916",
    "id_prev": "14831.19915",
    "id_next": "14831.19917",
    "refcode_1": "365N",
    "refcode_2": "208",
    "refcode_3": "56",
    "refcode_4": "",
    "refcode_short": "365N 208.56",
    "refcode_long": "NKJV Bible in 365 Days, p. 208.56 (Ellen G. White Estate)",
    "element_type": "p",
    "element_subtype": "standard-indented",
    "content": "<strong>56</strong> Because the plunderer comes against her, against Babylon, And her mighty men are taken. Every one of their bows is broken; For the Lord is the God of recompense, He will surely repay.",
    "puborder": 19706,
    "translations": []
  },
  {
    "para_id": "14831.19917",
    "id_prev": "14831.19916",
    "id_next": "14831.19918",
    "refcode_1": "365N",
    "refcode_2": "208",
    "refcode_3": "57",
    "refcode_4": "",
    "refcode_short": "365N 208.57",
    "refcode_long": "NKJV Bible in 365 Days, p. 208.57 (Ellen G. White Estate)",
    "element_type": "p",
    "element_subtype": "standard-indented",
    "content": "<strong>57</strong> &#8220;And I will make drunk Her princes and wise men, Her governors, her deputies, and her mighty men. And they shall sleep a perpetual sleep And not awake,&#8221; says the King, Whose name is the Lord of hosts.",
    "puborder": 19707,
    "translations": []
  },
  {
    "para_id": "14831.19918",
    "id_prev": "14831.19917",
    "id_next": "14831.19919",
    "refcode_1": "365N",
    "refcode_2": "208",
    "refcode_3": "58",
    "refcode_4": "",
    "refcode_short": "365N 208.58",
    "refcode_long": "NKJV Bible in 365 Days, p. 208.58 (Ellen G. White Estate)",
    "element_type": "p",
    "element_subtype": "standard-indented",
    "content": "<strong>58</strong> Thus says the Lord of hosts: &#8220;The broad walls of Babylon shall be utterly broken, <sup class=\"footnote\"><a class=\"footnote\">[h]<span class=\"footnote\">Lit. laid utterly bare</span></a></sup> And her high gates shall be burned with fire; The people will labor in vain, And the nations, because of the fire; And they shall be weary.&#8221;",
    "puborder": 19708,
    "translations": []
  },
  {
    "para_id": "14831.19919",
    "id_prev": "14831.19918",
    "id_next": "14831.19920",
    "refcode_1": "365N",
    "refcode_2": "208",
    "refcode_3": "59",
    "refcode_4": "",
    "refcode_short": "365N 208.59",
    "refcode_long": "NKJV Bible in 365 Days, p. 208.59 (Ellen G. White Estate)",
    "element_type": "p",
    "element_subtype": "standard-indented",
    "content": "<strong>59</strong> The word which Jeremiah the prophet commanded Seraiah the son of Neriah, the son of Mahseiah, when he went with Zedekiah the king of Judah to Babylon in the fourth year of his reign. And Seraiah was the quartermaster.",
    "puborder": 19709,
    "translations": []
  },
  {
    "para_id": "14831.19920",
    "id_prev": "14831.19919",
    "id_next": "14831.19921",
    "refcode_1": "365N",
    "refcode_2": "208",
    "refcode_3": "60",
    "refcode_4": "",
    "refcode_short": "365N 208.60",
    "refcode_long": "NKJV Bible in 365 Days, p. 208.60 (Ellen G. White Estate)",
    "element_type": "p",
    "element_subtype": "standard-indented",
    "content": "<strong>60</strong> So Jeremiah wrote in a book all the evil that would come upon Babylon, all these words that are written against Babylon.",
    "puborder": 19710,
    "translations": []
  },
  {
    "para_id": "14831.19921",
    "id_prev": "14831.19920",
    "id_next": "14831.19922",
    "refcode_1": "365N",
    "refcode_2": "208",
    "refcode_3": "61",
    "refcode_4": "",
    "refcode_short": "365N 208.61",
    "refcode_long": "NKJV Bible in 365 Days, p. 208.61 (Ellen G. White Estate)",
    "element_type": "p",
    "element_subtype": "standard-indented",
    "content": "<strong>61</strong> And Jeremiah said to Seraiah, &#8220;When you arrive in Babylon and see it, and read all these words,",
    "puborder": 19711,
    "translations": []
  },
  {
    "para_id": "14831.19922",
    "id_prev": "14831.19921",
    "id_next": "14831.19923",
    "refcode_1": "365N",
    "refcode_2": "208",
    "refcode_3": "62",
    "refcode_4": "",
    "refcode_short": "365N 208.62",
    "refcode_long": "NKJV Bible in 365 Days, p. 208.62 (Ellen G. White Estate)",
    "element_type": "p",
    "element_subtype": "standard-indented",
    "content": "<strong>62</strong> then you shall say, &#8216;O Lord , You have spoken against this place to cut it off, so that none shall remain in it, neither man nor beast, but it shall be desolate forever.&#8217;",
    "puborder": 19712,
    "translations": []
  },
  {
    "para_id": "14831.19923",
    "id_prev": "14831.19922",
    "id_next": "14831.19924",
    "refcode_1": "365N",
    "refcode_2": "208",
    "refcode_3": "63",
    "refcode_4": "",
    "refcode_short": "365N 208.63",
    "refcode_long": "NKJV Bible in 365 Days, p. 208.63 (Ellen G. White Estate)",
    "element_type": "p",
    "element_subtype": "standard-indented",
    "content": "<strong>63</strong> Now it shall be, when you have finished reading this book, that you shall tie a stone to it and throw it out into the Euphrates.",
    "puborder": 19713,
    "translations": []
  },
  {
    "para_id": "14831.19924",
    "id_prev": "14831.19923",
    "id_next": "14831.19925",
    "refcode_1": "365N",
    "refcode_2": "208",
    "refcode_3": "64",
    "refcode_4": "",
    "refcode_short": "365N 208.64",
    "refcode_long": "NKJV Bible in 365 Days, p. 208.64 (Ellen G. White Estate)",
    "element_type": "p",
    "element_subtype": "standard-indented",
    "content": "<strong>64</strong> Then you shall say, &#8216;Thus Babylon shall sink and not rise from the catastrophe that I will bring upon her. And they shall be weary.&#8217; &#8221; Thus far are the words of Jeremiah.",
    "puborder": 19714,
    "translations": []
  },
  {
    "para_id": "14831.19925",
    "id_prev": "14831.19924",
    "id_next": "14831.19926",
    "refcode_1": "365N",
    "refcode_2": "208",
    "refcode_3": "",
    "refcode_4": "",
    "refcode_short": "",
    "refcode_long": "",
    "element_type": "p",
    "element_subtype": "standard-indented",
    "content": "<b><i>Jeremiah 52</i></b>",
    "puborder": 19715,
    "translations": []
  },
  {
    "para_id": "14831.19926",
    "id_prev": "14831.19925",
    "id_next": "14831.19927",
    "refcode_1": "365N",
    "refcode_2": "208",
    "refcode_3": "65",
    "refcode_4": "",
    "refcode_short": "365N 208.65",
    "refcode_long": "NKJV Bible in 365 Days, p. 208.65 (Ellen G. White Estate)",
    "element_type": "p",
    "element_subtype": "standard-indented",
    "content": "<strong>1</strong> Zedekiah was twenty-one years old when he became king, and he reigned eleven years in Jerusalem. His mother&#8217;s name was Hamutal the daughter of Jeremiah of Libnah.",
    "puborder": 19716,
    "translations": []
  },
  {
    "para_id": "14831.19927",
    "id_prev": "14831.19926",
    "id_next": "14831.19928",
    "refcode_1": "365N",
    "refcode_2": "208",
    "refcode_3": "66",
    "refcode_4": "",
    "refcode_short": "365N 208.66",
    "refcode_long": "NKJV Bible in 365 Days, p. 208.66 (Ellen G. White Estate)",
    "element_type": "p",
    "element_subtype": "standard-indented",
    "content": "<strong>2</strong> He also did evil in the sight of the Lord , according to all that Jehoiakim had done.",
    "puborder": 19717,
    "translations": []
  },
  {
    "para_id": "14831.19928",
    "id_prev": "14831.19927",
    "id_next": "14831.19929",
    "refcode_1": "365N",
    "refcode_2": "208",
    "refcode_3": "67",
    "refcode_4": "",
    "refcode_short": "365N 208.67",
    "refcode_long": "NKJV Bible in 365 Days, p. 208.67 (Ellen G. White Estate)",
    "element_type": "p",
    "element_subtype": "standard-indented",
    "content": "<strong>3</strong> For because of the anger of the Lord this happened in Jerusalem and Judah, till He finally cast them out from His presence. Then Zedekiah rebelled against the king of Babylon.",
    "puborder": 19718,
    "translations": []
  },
  {
    "para_id": "14831.19929",
    "id_prev": "14831.19928",
    "id_next": "14831.19930",
    "refcode_1": "365N",
    "refcode_2": "208",
    "refcode_3": "68",
    "refcode_4": "",
    "refcode_short": "365N 208.68",
    "refcode_long": "NKJV Bible in 365 Days, p. 208.68 (Ellen G. White Estate)",
    "element_type": "p",
    "element_subtype": "standard-indented",
    "content": "<strong>4</strong> Now it came to pass in the ninth year of his reign, in the tenth month, on the tenth day of the month, that Nebuchadnezzar king of Babylon and all his army came against Jerusalem and encamped against it; and they built a siege wall against it all around.",
    "puborder": 19719,
    "translations": []
  },
  {
    "para_id": "14831.19930",
    "id_prev": "14831.19929",
    "id_next": "14831.19931",
    "refcode_1": "365N",
    "refcode_2": "208",
    "refcode_3": "69",
    "refcode_4": "",
    "refcode_short": "365N 208.69",
    "refcode_long": "NKJV Bible in 365 Days, p. 208.69 (Ellen G. White Estate)",
    "element_type": "p",
    "element_subtype": "standard-indented",
    "content": "<strong>5</strong> So the city was besieged until the eleventh year of King Zedekiah.",
    "puborder": 19720,
    "translations": []
  },
  {
    "para_id": "14831.19931",
    "id_prev": "14831.19930",
    "id_next": "14831.19932",
    "refcode_1": "365N",
    "refcode_2": "208",
    "refcode_3": "70",
    "refcode_4": "",
    "refcode_short": "365N 208.70",
    "refcode_long": "NKJV Bible in 365 Days, p. 208.70 (Ellen G. White Estate)",
    "element_type": "p",
    "element_subtype": "standard-indented",
    "content": "<strong>6</strong> By the fourth month, on the ninth day of the month, the famine had become so severe in the city that there was no food for the people of the land.",
    "puborder": 19721,
    "translations": []
  },
  {
    "para_id": "14831.19932",
    "id_prev": "14831.19931",
    "id_next": "14831.19933",
    "refcode_1": "365N",
    "refcode_2": "208",
    "refcode_3": "71",
    "refcode_4": "",
    "refcode_short": "365N 208.71",
    "refcode_long": "NKJV Bible in 365 Days, p. 208.71 (Ellen G. White Estate)",
    "element_type": "p",
    "element_subtype": "standard-indented",
    "content": "<strong>7</strong> Then the city wall was broken through, and all the men of war fled and went out of the city at night by way of the gate between the two walls, which was by the king&#8217;s garden, even though the Chaldeans were near the city all around. And they went by way of the <sup class=\"footnote\"><a class=\"footnote\">[a]<span class=\"footnote\">Or Arabah; the Jordan Valley</span></a></sup> plain.",
    "puborder": 19722,
    "translations": []
  },
  {
    "para_id": "14831.19933",
    "id_prev": "14831.19932",
    "id_next": "14831.19934",
    "refcode_1": "365N",
    "refcode_2": "208",
    "refcode_3": "72",
    "refcode_4": "",
    "refcode_short": "365N 208.72",
    "refcode_long": "NKJV Bible in 365 Days, p. 208.72 (Ellen G. White Estate)",
    "element_type": "p",
    "element_subtype": "standard-indented",
    "content": "<strong>8</strong> But the army of the Chaldeans pursued the king, and they overtook Zedekiah in the plains of Jericho. All his army was scattered from him.",
    "puborder": 19723,
    "translations": []
  },
  {
    "para_id": "14831.19934",
    "id_prev": "14831.19933",
    "id_next": "14831.19935",
    "refcode_1": "365N",
    "refcode_2": "208",
    "refcode_3": "73",
    "refcode_4": "",
    "refcode_short": "365N 208.73",
    "refcode_long": "NKJV Bible in 365 Days, p. 208.73 (Ellen G. White Estate)",
    "element_type": "p",
    "element_subtype": "standard-indented",
    "content": "<strong>9</strong> So they took the king and brought him up to the king of Babylon at Riblah in the land of Hamath, and he pronounced judgment on him.",
    "puborder": 19724,
    "translations": []
  },
  {
    "para_id": "14831.19935",
    "id_prev": "14831.19934",
    "id_next": "14831.19936",
    "refcode_1": "365N",
    "refcode_2": "208",
    "refcode_3": "74",
    "refcode_4": "",
    "refcode_short": "365N 208.74",
    "refcode_long": "NKJV Bible in 365 Days, p. 208.74 (Ellen G. White Estate)",
    "element_type": "p",
    "element_subtype": "standard-indented",
    "content": "<strong>10</strong> Then the king of Babylon killed the sons of Zedekiah before his eyes. And he killed all the princes of Judah in Riblah.",
    "puborder": 19725,
    "translations": []
  },
  {
    "para_id": "14831.19936",
    "id_prev": "14831.19935",
    "id_next": "14831.19937",
    "refcode_1": "365N",
    "refcode_2": "208",
    "refcode_3": "75",
    "refcode_4": "",
    "refcode_short": "365N 208.75",
    "refcode_long": "NKJV Bible in 365 Days, p. 208.75 (Ellen G. White Estate)",
    "element_type": "p",
    "element_subtype": "standard-indented",
    "content": "<strong>11</strong> He also put out the eyes of Zedekiah; and the king of Babylon bound him in <sup class=\"footnote\"><a class=\"footnote\">[b]<span class=\"footnote\">shackles</span></a></sup> bronze fetters, took him to Babylon, and put him in prison till the day of his death.",
    "puborder": 19726,
    "translations": []
  },
  {
    "para_id": "14831.19937",
    "id_prev": "14831.19936",
    "id_next": "14831.19938",
    "refcode_1": "365N",
    "refcode_2": "208",
    "refcode_3": "76",
    "refcode_4": "",
    "refcode_short": "365N 208.76",
    "refcode_long": "NKJV Bible in 365 Days, p. 208.76 (Ellen G. White Estate)",
    "element_type": "p",
    "element_subtype": "standard-indented",
    "content": "<strong>12</strong> Now in the fifth month, on the tenth day of the month (which was the nineteenth year of King Nebuchadnezzar king of Babylon), Nebuzaradan, the captain of the guard, who served the king of Babylon, came to Jerusalem.",
    "puborder": 19727,
    "translations": []
  },
  {
    "para_id": "14831.19938",
    "id_prev": "14831.19937",
    "id_next": "14831.19939",
    "refcode_1": "365N",
    "refcode_2": "208",
    "refcode_3": "77",
    "refcode_4": "",
    "refcode_short": "365N 208.77",
    "refcode_long": "NKJV Bible in 365 Days, p. 208.77 (Ellen G. White Estate)",
    "element_type": "p",
    "element_subtype": "standard-indented",
    "content": "<strong>13</strong> He burned the house of the Lord and the king&#8217;s house; all the houses of Jerusalem, that is, all the houses of the great, he burned with fire.",
    "puborder": 19728,
    "translations": []
  },
  {
    "para_id": "14831.19939",
    "id_prev": "14831.19938",
    "id_next": "14831.19940",
    "refcode_1": "365N",
    "refcode_2": "208",
    "refcode_3": "78",
    "refcode_4": "",
    "refcode_short": "365N 208.78",
    "refcode_long": "NKJV Bible in 365 Days, p. 208.78 (Ellen G. White Estate)",
    "element_type": "p",
    "element_subtype": "standard-indented",
    "content": "<strong>14</strong> And all the army of the Chaldeans who were with the captain of the guard broke down all the walls of Jerusalem all around.",
    "puborder": 19729,
    "translations": []
  },
  {
    "para_id": "14831.19940",
    "id_prev": "14831.19939",
    "id_next": "14831.19941",
    "refcode_1": "365N",
    "refcode_2": "208",
    "refcode_3": "79",
    "refcode_4": "",
    "refcode_short": "365N 208.79",
    "refcode_long": "NKJV Bible in 365 Days, p. 208.79 (Ellen G. White Estate)",
    "element_type": "p",
    "element_subtype": "standard-indented",
    "content": "<strong>15</strong> Then Nebuzaradan the captain of the guard carried away captive some of the poor people, the rest of the people who remained in the city, the defectors who had deserted to the king of Babylon, and the rest of the craftsmen.",
    "puborder": 19730,
    "translations": []
  },
  {
    "para_id": "14831.19941",
    "id_prev": "14831.19940",
    "id_next": "14831.19942",
    "refcode_1": "365N",
    "refcode_2": "208",
    "refcode_3": "80",
    "refcode_4": "",
    "refcode_short": "365N 208.80",
    "refcode_long": "NKJV Bible in 365 Days, p. 208.80 (Ellen G. White Estate)",
    "element_type": "p",
    "element_subtype": "standard-indented",
    "content": "<strong>16</strong> But Nebuzaradan the captain of the guard left some of the poor of the land as vinedressers and farmers.",
    "puborder": 19731,
    "translations": []
  },
  {
    "para_id": "14831.19942",
    "id_prev": "14831.19941",
    "id_next": "14831.19943",
    "refcode_1": "365N",
    "refcode_2": "208",
    "refcode_3": "81",
    "refcode_4": "",
    "refcode_short": "365N 208.81",
    "refcode_long": "NKJV Bible in 365 Days, p. 208.81 (Ellen G. White Estate)",
    "element_type": "p",
    "element_subtype": "standard-indented",
    "content": "<strong>17</strong> The bronze pillars that were in the house of the Lord , and the carts and the bronze Sea that were in the house of the Lord , the Chaldeans broke in pieces, and carried all their bronze to Babylon.",
    "puborder": 19732,
    "translations": []
  },
  {
    "para_id": "14831.19943",
    "id_prev": "14831.19942",
    "id_next": "14831.19944",
    "refcode_1": "365N",
    "refcode_2": "208",
    "refcode_3": "82",
    "refcode_4": "",
    "refcode_short": "365N 208.82",
    "refcode_long": "NKJV Bible in 365 Days, p. 208.82 (Ellen G. White Estate)",
    "element_type": "p",
    "element_subtype": "standard-indented",
    "content": "<strong>18</strong> They also took away the pots, the shovels, the trimmers, the <sup class=\"footnote\"><a class=\"footnote\">[c]<span class=\"footnote\">basins</span></a></sup> bowls, the spoons, and all the bronze utensils with which the priests ministered.",
    "puborder": 19733,
    "translations": []
  },
  {
    "para_id": "14831.19944",
    "id_prev": "14831.19943",
    "id_next": "14831.19945",
    "refcode_1": "365N",
    "refcode_2": "208",
    "refcode_3": "83",
    "refcode_4": "",
    "refcode_short": "365N 208.83",
    "refcode_long": "NKJV Bible in 365 Days, p. 208.83 (Ellen G. White Estate)",
    "element_type": "p",
    "element_subtype": "standard-indented",
    "content": "<strong>19</strong> The basins, the firepans, the bowls, the pots, the lampstands, the spoons, and the cups, whatever was solid gold and whatever was solid silver, the captain of the guard took away.",
    "puborder": 19734,
    "translations": []
  },
  {
    "para_id": "14831.19945",
    "id_prev": "14831.19944",
    "id_next": "14831.19946",
    "refcode_1": "365N",
    "refcode_2": "208",
    "refcode_3": "84",
    "refcode_4": "",
    "refcode_short": "365N 208.84",
    "refcode_long": "NKJV Bible in 365 Days, p. 208.84 (Ellen G. White Estate)",
    "element_type": "p",
    "element_subtype": "standard-indented",
    "content": "<strong>20</strong> The two pillars, one Sea, the twelve bronze bulls which were under it, and the carts, which King Solomon had made for the house of the Lord &#8212;the bronze of all these articles was beyond measure.",
    "puborder": 19735,
    "translations": []
  },
  {
    "para_id": "14831.19946",
    "id_prev": "14831.19945",
    "id_next": "14831.19947",
    "refcode_1": "365N",
    "refcode_2": "208",
    "refcode_3": "85",
    "refcode_4": "",
    "refcode_short": "365N 208.85",
    "refcode_long": "NKJV Bible in 365 Days, p. 208.85 (Ellen G. White Estate)",
    "element_type": "p",
    "element_subtype": "standard-indented",
    "content": "<strong>21</strong> Now concerning the pillars: the height of one pillar was eighteen <sup class=\"footnote\"><a class=\"footnote\">[d]<span class=\"footnote\">18 inches each</span></a></sup> cubits, a measuring line of twelve cubits could measure its circumference, and its thickness was <sup class=\"footnote\"><a class=\"footnote\">[e]<span class=\"footnote\">3 inches</span></a></sup> four fingers; it was hollow.",
    "puborder": 19736,
    "translations": []
  },
  {
    "para_id": "14831.19947",
    "id_prev": "14831.19946",
    "id_next": "14831.19948",
    "refcode_1": "365N",
    "refcode_2": "208",
    "refcode_3": "86",
    "refcode_4": "",
    "refcode_short": "365N 208.86",
    "refcode_long": "NKJV Bible in 365 Days, p. 208.86 (Ellen G. White Estate)",
    "element_type": "p",
    "element_subtype": "standard-indented",
    "content": "<strong>22</strong> A capital of bronze was on it; and the height of one capital was five cubits, with a network and pomegranates all around the capital, all of bronze. The second pillar, with pomegranates was the same.",
    "puborder": 19737,
    "translations": []
  },
  {
    "para_id": "14831.19948",
    "id_prev": "14831.19947",
    "id_next": "14831.19949",
    "refcode_1": "365N",
    "refcode_2": "208",
    "refcode_3": "87",
    "refcode_4": "",
    "refcode_short": "365N 208.87",
    "refcode_long": "NKJV Bible in 365 Days, p. 208.87 (Ellen G. White Estate)",
    "element_type": "p",
    "element_subtype": "standard-indented",
    "content": "<strong>23</strong> There were ninety-six pomegranates on the sides; all the pomegranates, all around on the network, were one hundred.",
    "puborder": 19738,
    "translations": []
  },
  {
    "para_id": "14831.19949",
    "id_prev": "14831.19948",
    "id_next": "14831.19950",
    "refcode_1": "365N",
    "refcode_2": "208",
    "refcode_3": "88",
    "refcode_4": "",
    "refcode_short": "365N 208.88",
    "refcode_long": "NKJV Bible in 365 Days, p. 208.88 (Ellen G. White Estate)",
    "element_type": "p",
    "element_subtype": "standard-indented",
    "content": "<strong>24</strong> The captain of the guard took Seraiah the chief priest, Zephaniah the second priest, and the three doorkeepers.",
    "puborder": 19739,
    "translations": []
  },
  {
    "para_id": "14831.19950",
    "id_prev": "14831.19949",
    "id_next": "14831.19951",
    "refcode_1": "365N",
    "refcode_2": "208",
    "refcode_3": "89",
    "refcode_4": "",
    "refcode_short": "365N 208.89",
    "refcode_long": "NKJV Bible in 365 Days, p. 208.89 (Ellen G. White Estate)",
    "element_type": "p",
    "element_subtype": "standard-indented",
    "content": "<strong>25</strong> He also took out of the city an <sup class=\"footnote\"><a class=\"footnote\">[f]<span class=\"footnote\">Lit. eunuch</span></a></sup> officer who had charge of the men of war, seven men of the king&#8217;s close associates who were found in the city, the principal scribe of the army who mustered the people of the land, and sixty men of the people of the land who were found in the midst of the city.",
    "puborder": 19740,
    "translations": []
  },
  {
    "para_id": "14831.19951",
    "id_prev": "14831.19950",
    "id_next": "14831.19952",
    "refcode_1": "365N",
    "refcode_2": "208",
    "refcode_3": "90",
    "refcode_4": "",
    "refcode_short": "365N 208.90",
    "refcode_long": "NKJV Bible in 365 Days, p. 208.90 (Ellen G. White Estate)",
    "element_type": "p",
    "element_subtype": "standard-indented",
    "content": "<strong>26</strong> And Nebuzaradan the captain of the guard took these and brought them to the king of Babylon at Riblah.",
    "puborder": 19741,
    "translations": []
  },
  {
    "para_id": "14831.19952",
    "id_prev": "14831.19951",
    "id_next": "14831.19953",
    "refcode_1": "365N",
    "refcode_2": "208",
    "refcode_3": "91",
    "refcode_4": "",
    "refcode_short": "365N 208.91",
    "refcode_long": "NKJV Bible in 365 Days, p. 208.91 (Ellen G. White Estate)",
    "element_type": "p",
    "element_subtype": "standard-indented",
    "content": "<strong>27</strong> Then the king of Babylon struck them and put them to death at Riblah in the land of Hamath. Thus Judah was carried away captive from its own land.",
    "puborder": 19742,
    "translations": []
  },
  {
    "para_id": "14831.19953",
    "id_prev": "14831.19952",
    "id_next": "14831.19954",
    "refcode_1": "365N",
    "refcode_2": "208",
    "refcode_3": "92",
    "refcode_4": "",
    "refcode_short": "365N 208.92",
    "refcode_long": "NKJV Bible in 365 Days, p. 208.92 (Ellen G. White Estate)",
    "element_type": "p",
    "element_subtype": "standard-indented",
    "content": "<strong>28</strong> These are the people whom Nebuchadnezzar carried away captive: in the seventh year, three thousand and twenty-three Jews;",
    "puborder": 19743,
    "translations": []
  },
  {
    "para_id": "14831.19954",
    "id_prev": "14831.19953",
    "id_next": "14831.19955",
    "refcode_1": "365N",
    "refcode_2": "208",
    "refcode_3": "93",
    "refcode_4": "",
    "refcode_short": "365N 208.93",
    "refcode_long": "NKJV Bible in 365 Days, p. 208.93 (Ellen G. White Estate)",
    "element_type": "p",
    "element_subtype": "standard-indented",
    "content": "<strong>29</strong> in the eighteenth year of Nebuchadnezzar he carried away captive from Jerusalem eight hundred and thirty-two persons;",
    "puborder": 19744,
    "translations": []
  },
  {
    "para_id": "14831.19955",
    "id_prev": "14831.19954",
    "id_next": "14831.19956",
    "refcode_1": "365N",
    "refcode_2": "208",
    "refcode_3": "94",
    "refcode_4": "",
    "refcode_short": "365N 208.94",
    "refcode_long": "NKJV Bible in 365 Days, p. 208.94 (Ellen G. White Estate)",
    "element_type": "p",
    "element_subtype": "standard-indented",
    "content": "<strong>30</strong> in the twenty-third year of Nebuchadnezzar, Nebuzaradan the captain of the guard carried away captive of the Jews seven hundred and forty-five persons. All the persons were four thousand six hundred.",
    "puborder": 19745,
    "translations": []
  },
  {
    "para_id": "14831.19956",
    "id_prev": "14831.19955",
    "id_next": "14831.19957",
    "refcode_1": "365N",
    "refcode_2": "208",
    "refcode_3": "95",
    "refcode_4": "",
    "refcode_short": "365N 208.95",
    "refcode_long": "NKJV Bible in 365 Days, p. 208.95 (Ellen G. White Estate)",
    "element_type": "p",
    "element_subtype": "standard-indented",
    "content": "<strong>31</strong> Now it came to pass in the thirty-seventh year of the captivity of Jehoiachin king of Judah, in the twelfth month, on the twenty-fifth day of the month, that <sup class=\"footnote\"><a class=\"footnote\">[g]<span class=\"footnote\">Or Awil-Marduk; lit. The Man of Marduk</span></a></sup> Evil-Merodach king of Babylon, in the first year of his reign, lifted <sup class=\"footnote\"><a class=\"footnote\">[h]<span class=\"footnote\">Showed favor to</span></a></sup> up the head of Jehoiachin king of Judah and brought him out of prison.",
    "puborder": 19746,
    "translations": []
  },
  {
    "para_id": "14831.19957",
    "id_prev": "14831.19956",
    "id_next": "14831.19958",
    "refcode_1": "365N",
    "refcode_2": "208",
    "refcode_3": "96",
    "refcode_4": "",
    "refcode_short": "365N 208.96",
    "refcode_long": "NKJV Bible in 365 Days, p. 208.96 (Ellen G. White Estate)",
    "element_type": "p",
    "element_subtype": "standard-indented",
    "content": "<strong>32</strong> And he spoke kindly to him and gave him a more prominent seat than those of the kings who were with him in Babylon.",
    "puborder": 19747,
    "translations": []
  },
  {
    "para_id": "14831.19958",
    "id_prev": "14831.19957",
    "id_next": "14831.19959",
    "refcode_1": "365N",
    "refcode_2": "208",
    "refcode_3": "97",
    "refcode_4": "",
    "refcode_short": "365N 208.97",
    "refcode_long": "NKJV Bible in 365 Days, p. 208.97 (Ellen G. White Estate)",
    "element_type": "p",
    "element_subtype": "standard-indented",
    "content": "<strong>33</strong> So <sup class=\"footnote\"><a class=\"footnote\">[i]<span class=\"footnote\">Lit. he</span></a></sup> Jehoiachin changed from his prison garments, and he ate bread regularly before the king all the days of his life.",
    "puborder": 19748,
    "translations": []
  },
  {
    "para_id": "14831.19959",
    "id_prev": "14831.19958",
    "id_next": "14831.19961",
    "refcode_1": "365N",
    "refcode_2": "208",
    "refcode_3": "98",
    "refcode_4": "",
    "refcode_short": "365N 208.98",
    "refcode_long": "NKJV Bible in 365 Days, p. 208.98 (Ellen G. White Estate)",
    "element_type": "p",
    "element_subtype": "standard-indented",
    "content": "<strong>34</strong> And as for his provisions, there was a regular ration given him by the king of Babylon, a portion for each day until the day of his death, all the days of his life.",
    "puborder": 19749,
    "translations": []
  }
]