[
  {
    "para_id": "14831.27916",
    "id_prev": "14831.27914",
    "id_next": "14831.27917",
    "refcode_1": "365N",
    "refcode_2": "298",
    "refcode_3": "",
    "refcode_4": "299",
    "refcode_short": "365N 298",
    "refcode_long": "NKJV Bible in 365 Days, p. 298 (Ellen G. White Estate)",
    "element_type": "h3",
    "element_subtype": "",
    "content": "Paul Appeals to Caesar and Defends Faith &mdash; October 25",
    "puborder": 27616,
    "translations": []
  },
  {
    "para_id": "14831.27917",
    "id_prev": "14831.27916",
    "id_next": "14831.27918",
    "refcode_1": "365N",
    "refcode_2": "298",
    "refcode_3": "",
    "refcode_4": "",
    "refcode_short": "",
    "refcode_long": "",
    "element_type": "p",
    "element_subtype": "standard-indented",
    "content": "<b>Acts 25-26</b>",
    "puborder": 27617,
    "translations": []
  },
  {
    "para_id": "14831.27918",
    "id_prev": "14831.27917",
    "id_next": "14831.27919",
    "refcode_1": "365N",
    "refcode_2": "298",
    "refcode_3": "",
    "refcode_4": "",
    "refcode_short": "",
    "refcode_long": "",
    "element_type": "p",
    "element_subtype": "standard-indented",
    "content": "<b><i>Acts 25</i></b>",
    "puborder": 27618,
    "translations": []
  },
  {
    "para_id": "14831.27919",
    "id_prev": "14831.27918",
    "id_next": "14831.27920",
    "refcode_1": "365N",
    "refcode_2": "298",
    "refcode_3": "1",
    "refcode_4": "",
    "refcode_short": "365N 298.1",
    "refcode_long": "NKJV Bible in 365 Days, p. 298.1 (Ellen G. White Estate)",
    "element_type": "p",
    "element_subtype": "standard-indented",
    "content": "<strong>1</strong> Now when Festus had come to the province, after three days he went up from Caesarea to Jerusalem.",
    "puborder": 27619,
    "translations": []
  },
  {
    "para_id": "14831.27920",
    "id_prev": "14831.27919",
    "id_next": "14831.27921",
    "refcode_1": "365N",
    "refcode_2": "298",
    "refcode_3": "2",
    "refcode_4": "",
    "refcode_short": "365N 298.2",
    "refcode_long": "NKJV Bible in 365 Days, p. 298.2 (Ellen G. White Estate)",
    "element_type": "p",
    "element_subtype": "standard-indented",
    "content": "<strong>2</strong> Then the <sup class=\"footnote\"><a class=\"footnote\">[a]<span class=\"footnote\">NU chief priests</span></a></sup> high priest and the chief men of the Jews informed him against Paul; and they petitioned him,",
    "puborder": 27620,
    "translations": []
  },
  {
    "para_id": "14831.27921",
    "id_prev": "14831.27920",
    "id_next": "14831.27922",
    "refcode_1": "365N",
    "refcode_2": "298",
    "refcode_3": "3",
    "refcode_4": "",
    "refcode_short": "365N 298.3",
    "refcode_long": "NKJV Bible in 365 Days, p. 298.3 (Ellen G. White Estate)",
    "element_type": "p",
    "element_subtype": "standard-indented",
    "content": "<strong>3</strong> asking a favor against him, that he would summon him to Jerusalem&#8212;while they lay in ambush along the road to kill him.",
    "puborder": 27621,
    "translations": []
  },
  {
    "para_id": "14831.27922",
    "id_prev": "14831.27921",
    "id_next": "14831.27923",
    "refcode_1": "365N",
    "refcode_2": "298",
    "refcode_3": "4",
    "refcode_4": "",
    "refcode_short": "365N 298.4",
    "refcode_long": "NKJV Bible in 365 Days, p. 298.4 (Ellen G. White Estate)",
    "element_type": "p",
    "element_subtype": "standard-indented",
    "content": "<strong>4</strong> But Festus answered that Paul should be kept at Caesarea, and that he himself was going there shortly.",
    "puborder": 27622,
    "translations": []
  },
  {
    "para_id": "14831.27923",
    "id_prev": "14831.27922",
    "id_next": "14831.27924",
    "refcode_1": "365N",
    "refcode_2": "298",
    "refcode_3": "5",
    "refcode_4": "",
    "refcode_short": "365N 298.5",
    "refcode_long": "NKJV Bible in 365 Days, p. 298.5 (Ellen G. White Estate)",
    "element_type": "p",
    "element_subtype": "standard-indented",
    "content": "<strong>5</strong> &#8220;Therefore,&#8221; he said, &#8220;let those who have authority among you go down with me and accuse this man, to see if there is any fault in him.&#8221;",
    "puborder": 27623,
    "translations": []
  },
  {
    "para_id": "14831.27924",
    "id_prev": "14831.27923",
    "id_next": "14831.27925",
    "refcode_1": "365N",
    "refcode_2": "298",
    "refcode_3": "6",
    "refcode_4": "",
    "refcode_short": "365N 298.6",
    "refcode_long": "NKJV Bible in 365 Days, p. 298.6 (Ellen G. White Estate)",
    "element_type": "p",
    "element_subtype": "standard-indented",
    "content": "<strong>6</strong> And when he had remained among them more than ten days, he went down to Caesarea. And the next day, sitting on the judgment seat, he commanded Paul to be brought.",
    "puborder": 27624,
    "translations": []
  },
  {
    "para_id": "14831.27925",
    "id_prev": "14831.27924",
    "id_next": "14831.27926",
    "refcode_1": "365N",
    "refcode_2": "298",
    "refcode_3": "7",
    "refcode_4": "",
    "refcode_short": "365N 298.7",
    "refcode_long": "NKJV Bible in 365 Days, p. 298.7 (Ellen G. White Estate)",
    "element_type": "p",
    "element_subtype": "standard-indented",
    "content": "<strong>7</strong> When he had come, the Jews who had come down from Jerusalem stood about and laid many serious complaints against Paul, which they could not prove,",
    "puborder": 27625,
    "translations": []
  },
  {
    "para_id": "14831.27926",
    "id_prev": "14831.27925",
    "id_next": "14831.27927",
    "refcode_1": "365N",
    "refcode_2": "298",
    "refcode_3": "8",
    "refcode_4": "",
    "refcode_short": "365N 298.8",
    "refcode_long": "NKJV Bible in 365 Days, p. 298.8 (Ellen G. White Estate)",
    "element_type": "p",
    "element_subtype": "standard-indented",
    "content": "<strong>8</strong> while he answered for himself, &#8220;Neither against the law of the Jews, nor against the temple, nor against Caesar have I offended in anything at all.&#8221;",
    "puborder": 27626,
    "translations": []
  },
  {
    "para_id": "14831.27927",
    "id_prev": "14831.27926",
    "id_next": "14831.27928",
    "refcode_1": "365N",
    "refcode_2": "298",
    "refcode_3": "9",
    "refcode_4": "",
    "refcode_short": "365N 298.9",
    "refcode_long": "NKJV Bible in 365 Days, p. 298.9 (Ellen G. White Estate)",
    "element_type": "p",
    "element_subtype": "standard-indented",
    "content": "<strong>9</strong> But Festus, wanting to do the Jews a favor, answered Paul and said, &#8220;Are you willing to go up to Jerusalem and there be judged before me concerning these things?&#8221;",
    "puborder": 27627,
    "translations": []
  },
  {
    "para_id": "14831.27928",
    "id_prev": "14831.27927",
    "id_next": "14831.27929",
    "refcode_1": "365N",
    "refcode_2": "298",
    "refcode_3": "10",
    "refcode_4": "",
    "refcode_short": "365N 298.10",
    "refcode_long": "NKJV Bible in 365 Days, p. 298.10 (Ellen G. White Estate)",
    "element_type": "p",
    "element_subtype": "standard-indented",
    "content": "<strong>10</strong> So Paul said, &#8220;I stand at Caesar&#8217;s judgment seat, where I ought to be judged. To the Jews I have done no wrong, as you very well know.",
    "puborder": 27628,
    "translations": []
  },
  {
    "para_id": "14831.27929",
    "id_prev": "14831.27928",
    "id_next": "14831.27930",
    "refcode_1": "365N",
    "refcode_2": "298",
    "refcode_3": "11",
    "refcode_4": "",
    "refcode_short": "365N 298.11",
    "refcode_long": "NKJV Bible in 365 Days, p. 298.11 (Ellen G. White Estate)",
    "element_type": "p",
    "element_subtype": "standard-indented",
    "content": "<strong>11</strong> For if I am an offender, or have committed anything deserving of death, I do not object to dying; but if there is nothing in these things of which these men accuse me, no one can deliver me to them. I appeal to Caesar.&#8221;",
    "puborder": 27629,
    "translations": []
  },
  {
    "para_id": "14831.27930",
    "id_prev": "14831.27929",
    "id_next": "14831.27931",
    "refcode_1": "365N",
    "refcode_2": "298",
    "refcode_3": "12",
    "refcode_4": "",
    "refcode_short": "365N 298.12",
    "refcode_long": "NKJV Bible in 365 Days, p. 298.12 (Ellen G. White Estate)",
    "element_type": "p",
    "element_subtype": "standard-indented",
    "content": "<strong>12</strong> Then Festus, when he had conferred with the council, answered, &#8220;You have appealed to Caesar? To Caesar you shall go!&#8221;",
    "puborder": 27630,
    "translations": []
  },
  {
    "para_id": "14831.27931",
    "id_prev": "14831.27930",
    "id_next": "14831.27932",
    "refcode_1": "365N",
    "refcode_2": "298",
    "refcode_3": "13",
    "refcode_4": "",
    "refcode_short": "365N 298.13",
    "refcode_long": "NKJV Bible in 365 Days, p. 298.13 (Ellen G. White Estate)",
    "element_type": "p",
    "element_subtype": "standard-indented",
    "content": "<strong>13</strong> And after some days King Agrippa and Bernice came to Caesarea to greet Festus.",
    "puborder": 27631,
    "translations": []
  },
  {
    "para_id": "14831.27932",
    "id_prev": "14831.27931",
    "id_next": "14831.27933",
    "refcode_1": "365N",
    "refcode_2": "298",
    "refcode_3": "14",
    "refcode_4": "",
    "refcode_short": "365N 298.14",
    "refcode_long": "NKJV Bible in 365 Days, p. 298.14 (Ellen G. White Estate)",
    "element_type": "p",
    "element_subtype": "standard-indented",
    "content": "<strong>14</strong> When they had been there many days, Festus laid Paul&#8217;s case before the king, saying: &#8220;There is a certain man left a prisoner by Felix,",
    "puborder": 27632,
    "translations": []
  },
  {
    "para_id": "14831.27933",
    "id_prev": "14831.27932",
    "id_next": "14831.27934",
    "refcode_1": "365N",
    "refcode_2": "298",
    "refcode_3": "15",
    "refcode_4": "",
    "refcode_short": "365N 298.15",
    "refcode_long": "NKJV Bible in 365 Days, p. 298.15 (Ellen G. White Estate)",
    "element_type": "p",
    "element_subtype": "standard-indented",
    "content": "<strong>15</strong> about whom the chief priests and the elders of the Jews informed me, when I was in Jerusalem, asking for a judgment against him.",
    "puborder": 27633,
    "translations": []
  },
  {
    "para_id": "14831.27934",
    "id_prev": "14831.27933",
    "id_next": "14831.27935",
    "refcode_1": "365N",
    "refcode_2": "298",
    "refcode_3": "16",
    "refcode_4": "",
    "refcode_short": "365N 298.16",
    "refcode_long": "NKJV Bible in 365 Days, p. 298.16 (Ellen G. White Estate)",
    "element_type": "p",
    "element_subtype": "standard-indented",
    "content": "<strong>16</strong> To them I answered, &#8216;It is not the custom of the Romans to deliver any man <sup class=\"footnote\"><a class=\"footnote\">[b]<span class=\"footnote\">NU omits to destruction, although it is implied</span></a></sup> to destruction before the accused meets the accusers face to face, and has opportunity to answer for himself concerning the charge against him.&#8217;",
    "puborder": 27634,
    "translations": []
  },
  {
    "para_id": "14831.27935",
    "id_prev": "14831.27934",
    "id_next": "14831.27936",
    "refcode_1": "365N",
    "refcode_2": "298",
    "refcode_3": "17",
    "refcode_4": "",
    "refcode_short": "365N 298.17",
    "refcode_long": "NKJV Bible in 365 Days, p. 298.17 (Ellen G. White Estate)",
    "element_type": "p",
    "element_subtype": "standard-indented",
    "content": "<strong>17</strong> Therefore when they had come together, without any delay, the next day I sat on the judgment seat and commanded the man to be brought in.",
    "puborder": 27635,
    "translations": []
  },
  {
    "para_id": "14831.27936",
    "id_prev": "14831.27935",
    "id_next": "14831.27937",
    "refcode_1": "365N",
    "refcode_2": "298",
    "refcode_3": "18",
    "refcode_4": "",
    "refcode_short": "365N 298.18",
    "refcode_long": "NKJV Bible in 365 Days, p. 298.18 (Ellen G. White Estate)",
    "element_type": "p",
    "element_subtype": "standard-indented",
    "content": "<strong>18</strong> When the accusers stood up, they brought no accusation against him of such things as I <sup class=\"footnote\"><a class=\"footnote\">[c]<span class=\"footnote\">suspected</span></a></sup> supposed,",
    "puborder": 27636,
    "translations": []
  },
  {
    "para_id": "14831.27937",
    "id_prev": "14831.27936",
    "id_next": "14831.27938",
    "refcode_1": "365N",
    "refcode_2": "298",
    "refcode_3": "19",
    "refcode_4": "",
    "refcode_short": "365N 298.19",
    "refcode_long": "NKJV Bible in 365 Days, p. 298.19 (Ellen G. White Estate)",
    "element_type": "p",
    "element_subtype": "standard-indented",
    "content": "<strong>19</strong> but had some questions against him about their own religion and about a certain Jesus, who had died, whom Paul affirmed to be alive.",
    "puborder": 27637,
    "translations": []
  },
  {
    "para_id": "14831.27938",
    "id_prev": "14831.27937",
    "id_next": "14831.27939",
    "refcode_1": "365N",
    "refcode_2": "298",
    "refcode_3": "20",
    "refcode_4": "",
    "refcode_short": "365N 298.20",
    "refcode_long": "NKJV Bible in 365 Days, p. 298.20 (Ellen G. White Estate)",
    "element_type": "p",
    "element_subtype": "standard-indented",
    "content": "<strong>20</strong> And because I was uncertain of such questions, I asked whether he was willing to go to Jerusalem and there be judged concerning these matters.",
    "puborder": 27638,
    "translations": []
  },
  {
    "para_id": "14831.27939",
    "id_prev": "14831.27938",
    "id_next": "14831.27940",
    "refcode_1": "365N",
    "refcode_2": "298",
    "refcode_3": "21",
    "refcode_4": "",
    "refcode_short": "365N 298.21",
    "refcode_long": "NKJV Bible in 365 Days, p. 298.21 (Ellen G. White Estate)",
    "element_type": "p",
    "element_subtype": "standard-indented",
    "content": "<strong>21</strong> But when Paul appealed to be reserved for the decision of Augustus, I commanded him to be kept till I could send him to Caesar.&#8221;",
    "puborder": 27639,
    "translations": []
  },
  {
    "para_id": "14831.27940",
    "id_prev": "14831.27939",
    "id_next": "14831.27941",
    "refcode_1": "365N",
    "refcode_2": "298",
    "refcode_3": "22",
    "refcode_4": "",
    "refcode_short": "365N 298.22",
    "refcode_long": "NKJV Bible in 365 Days, p. 298.22 (Ellen G. White Estate)",
    "element_type": "p",
    "element_subtype": "standard-indented",
    "content": "<strong>22</strong> Then Agrippa said to Festus, &#8220;I also would like to hear the man myself.&#8221; &#8220;Tomorrow,&#8221; he said, &#8220;you shall hear him.&#8221;",
    "puborder": 27640,
    "translations": []
  },
  {
    "para_id": "14831.27941",
    "id_prev": "14831.27940",
    "id_next": "14831.27942",
    "refcode_1": "365N",
    "refcode_2": "298",
    "refcode_3": "23",
    "refcode_4": "",
    "refcode_short": "365N 298.23",
    "refcode_long": "NKJV Bible in 365 Days, p. 298.23 (Ellen G. White Estate)",
    "element_type": "p",
    "element_subtype": "standard-indented",
    "content": "<strong>23</strong> So the next day, when Agrippa and Bernice had come with great <sup class=\"footnote\"><a class=\"footnote\">[d]<span class=\"footnote\">pageantry</span></a></sup> pomp, and had entered the auditorium with the commanders and the prominent men of the city, at Festus&#8217; command Paul was brought in.",
    "puborder": 27641,
    "translations": []
  },
  {
    "para_id": "14831.27942",
    "id_prev": "14831.27941",
    "id_next": "14831.27943",
    "refcode_1": "365N",
    "refcode_2": "298",
    "refcode_3": "24",
    "refcode_4": "",
    "refcode_short": "365N 298.24",
    "refcode_long": "NKJV Bible in 365 Days, p. 298.24 (Ellen G. White Estate)",
    "element_type": "p",
    "element_subtype": "standard-indented",
    "content": "<strong>24</strong> And Festus said: &#8220;King Agrippa and all the men who are here present with us, you see this man about whom the whole assembly of the Jews petitioned me, both at Jerusalem and here, crying out that he was not fit to live any longer.",
    "puborder": 27642,
    "translations": []
  },
  {
    "para_id": "14831.27943",
    "id_prev": "14831.27942",
    "id_next": "14831.27944",
    "refcode_1": "365N",
    "refcode_2": "298",
    "refcode_3": "25",
    "refcode_4": "",
    "refcode_short": "365N 298.25",
    "refcode_long": "NKJV Bible in 365 Days, p. 298.25 (Ellen G. White Estate)",
    "element_type": "p",
    "element_subtype": "standard-indented",
    "content": "<strong>25</strong> But when I found that he had committed nothing deserving of death, and that he himself had appealed to Augustus, I decided to send him.",
    "puborder": 27643,
    "translations": []
  },
  {
    "para_id": "14831.27944",
    "id_prev": "14831.27943",
    "id_next": "14831.27945",
    "refcode_1": "365N",
    "refcode_2": "298",
    "refcode_3": "26",
    "refcode_4": "",
    "refcode_short": "365N 298.26",
    "refcode_long": "NKJV Bible in 365 Days, p. 298.26 (Ellen G. White Estate)",
    "element_type": "p",
    "element_subtype": "standard-indented",
    "content": "<strong>26</strong> I have nothing certain to write to my lord concerning him. Therefore I have brought him out before you, and especially before you, King Agrippa, so that after the examination has taken place I may have something to write.",
    "puborder": 27644,
    "translations": []
  },
  {
    "para_id": "14831.27945",
    "id_prev": "14831.27944",
    "id_next": "14831.27946",
    "refcode_1": "365N",
    "refcode_2": "298",
    "refcode_3": "27",
    "refcode_4": "",
    "refcode_short": "365N 298.27",
    "refcode_long": "NKJV Bible in 365 Days, p. 298.27 (Ellen G. White Estate)",
    "element_type": "p",
    "element_subtype": "standard-indented",
    "content": "<strong>27</strong> For it seems to me unreasonable to send a prisoner and not to specify the charges against him.&#8221;",
    "puborder": 27645,
    "translations": []
  },
  {
    "para_id": "14831.27946",
    "id_prev": "14831.27945",
    "id_next": "14831.27947",
    "refcode_1": "365N",
    "refcode_2": "298",
    "refcode_3": "",
    "refcode_4": "",
    "refcode_short": "",
    "refcode_long": "",
    "element_type": "p",
    "element_subtype": "standard-indented",
    "content": "<b><i>Acts 26</i></b>",
    "puborder": 27646,
    "translations": []
  },
  {
    "para_id": "14831.27947",
    "id_prev": "14831.27946",
    "id_next": "14831.27948",
    "refcode_1": "365N",
    "refcode_2": "298",
    "refcode_3": "28",
    "refcode_4": "",
    "refcode_short": "365N 298.28",
    "refcode_long": "NKJV Bible in 365 Days, p. 298.28 (Ellen G. White Estate)",
    "element_type": "p",
    "element_subtype": "standard-indented",
    "content": "<strong>1</strong> Then Agrippa said to Paul, &#8220;You are permitted to speak for yourself.&#8221; So Paul stretched out his hand and answered for himself:",
    "puborder": 27647,
    "translations": []
  },
  {
    "para_id": "14831.27948",
    "id_prev": "14831.27947",
    "id_next": "14831.27949",
    "refcode_1": "365N",
    "refcode_2": "298",
    "refcode_3": "29",
    "refcode_4": "",
    "refcode_short": "365N 298.29",
    "refcode_long": "NKJV Bible in 365 Days, p. 298.29 (Ellen G. White Estate)",
    "element_type": "p",
    "element_subtype": "standard-indented",
    "content": "<strong>2</strong> &#8220;I think myself happy, King Agrippa, because today I shall answer for myself before you concerning all the things of which I am accused by the Jews,",
    "puborder": 27648,
    "translations": []
  },
  {
    "para_id": "14831.27949",
    "id_prev": "14831.27948",
    "id_next": "14831.27950",
    "refcode_1": "365N",
    "refcode_2": "298",
    "refcode_3": "30",
    "refcode_4": "",
    "refcode_short": "365N 298.30",
    "refcode_long": "NKJV Bible in 365 Days, p. 298.30 (Ellen G. White Estate)",
    "element_type": "p",
    "element_subtype": "standard-indented",
    "content": "<strong>3</strong> especially because you are expert in all customs and questions which have to do with the Jews. Therefore I beg you to hear me patiently.",
    "puborder": 27649,
    "translations": []
  },
  {
    "para_id": "14831.27950",
    "id_prev": "14831.27949",
    "id_next": "14831.27951",
    "refcode_1": "365N",
    "refcode_2": "298",
    "refcode_3": "31",
    "refcode_4": "",
    "refcode_short": "365N 298.31",
    "refcode_long": "NKJV Bible in 365 Days, p. 298.31 (Ellen G. White Estate)",
    "element_type": "p",
    "element_subtype": "standard-indented",
    "content": "<strong>4</strong> &#8220;My manner of life from my youth, which was spent from the beginning among my own nation at Jerusalem, all the Jews know.",
    "puborder": 27650,
    "translations": []
  },
  {
    "para_id": "14831.27951",
    "id_prev": "14831.27950",
    "id_next": "14831.27952",
    "refcode_1": "365N",
    "refcode_2": "298",
    "refcode_3": "32",
    "refcode_4": "",
    "refcode_short": "365N 298.32",
    "refcode_long": "NKJV Bible in 365 Days, p. 298.32 (Ellen G. White Estate)",
    "element_type": "p",
    "element_subtype": "standard-indented",
    "content": "<strong>5</strong> They knew me from the first, if they were willing to testify, that according to the strictest sect of our religion I lived a Pharisee.",
    "puborder": 27651,
    "translations": []
  },
  {
    "para_id": "14831.27952",
    "id_prev": "14831.27951",
    "id_next": "14831.27953",
    "refcode_1": "365N",
    "refcode_2": "298",
    "refcode_3": "33",
    "refcode_4": "",
    "refcode_short": "365N 298.33",
    "refcode_long": "NKJV Bible in 365 Days, p. 298.33 (Ellen G. White Estate)",
    "element_type": "p",
    "element_subtype": "standard-indented",
    "content": "<strong>6</strong> And now I stand and am judged for the hope of the promise made by God to our fathers.",
    "puborder": 27652,
    "translations": []
  },
  {
    "para_id": "14831.27953",
    "id_prev": "14831.27952",
    "id_next": "14831.27954",
    "refcode_1": "365N",
    "refcode_2": "298",
    "refcode_3": "34",
    "refcode_4": "",
    "refcode_short": "365N 298.34",
    "refcode_long": "NKJV Bible in 365 Days, p. 298.34 (Ellen G. White Estate)",
    "element_type": "p",
    "element_subtype": "standard-indented",
    "content": "<strong>7</strong> To this promise our twelve tribes, earnestly serving God night and day, hope to attain. For this hope&#8217;s sake, King Agrippa, I am accused by the Jews.",
    "puborder": 27653,
    "translations": []
  },
  {
    "para_id": "14831.27954",
    "id_prev": "14831.27953",
    "id_next": "14831.27955",
    "refcode_1": "365N",
    "refcode_2": "298",
    "refcode_3": "35",
    "refcode_4": "",
    "refcode_short": "365N 298.35",
    "refcode_long": "NKJV Bible in 365 Days, p. 298.35 (Ellen G. White Estate)",
    "element_type": "p",
    "element_subtype": "standard-indented",
    "content": "<strong>8</strong> Why should it be thought incredible by you that God raises the dead?",
    "puborder": 27654,
    "translations": []
  },
  {
    "para_id": "14831.27955",
    "id_prev": "14831.27954",
    "id_next": "14831.27956",
    "refcode_1": "365N",
    "refcode_2": "298",
    "refcode_3": "36",
    "refcode_4": "",
    "refcode_short": "365N 298.36",
    "refcode_long": "NKJV Bible in 365 Days, p. 298.36 (Ellen G. White Estate)",
    "element_type": "p",
    "element_subtype": "standard-indented",
    "content": "<strong>9</strong> &#8220;Indeed, I myself thought I must do many things <sup class=\"footnote\"><a class=\"footnote\">[a]<span class=\"footnote\">against</span></a></sup> contrary to the name of Jesus of Nazareth.",
    "puborder": 27655,
    "translations": []
  },
  {
    "para_id": "14831.27956",
    "id_prev": "14831.27955",
    "id_next": "14831.27957",
    "refcode_1": "365N",
    "refcode_2": "298",
    "refcode_3": "37",
    "refcode_4": "",
    "refcode_short": "365N 298.37",
    "refcode_long": "NKJV Bible in 365 Days, p. 298.37 (Ellen G. White Estate)",
    "element_type": "p",
    "element_subtype": "standard-indented",
    "content": "<strong>10</strong> This I also did in Jerusalem, and many of the saints I shut up in prison, having received authority from the chief priests; and when they were put to death, I cast my vote against them.",
    "puborder": 27656,
    "translations": []
  },
  {
    "para_id": "14831.27957",
    "id_prev": "14831.27956",
    "id_next": "14831.27958",
    "refcode_1": "365N",
    "refcode_2": "298",
    "refcode_3": "38",
    "refcode_4": "",
    "refcode_short": "365N 298.38",
    "refcode_long": "NKJV Bible in 365 Days, p. 298.38 (Ellen G. White Estate)",
    "element_type": "p",
    "element_subtype": "standard-indented",
    "content": "<strong>11</strong> And I punished them often in every synagogue and compelled them to blaspheme; and being exceedingly enraged against them, I persecuted them even to foreign cities.",
    "puborder": 27657,
    "translations": []
  },
  {
    "para_id": "14831.27958",
    "id_prev": "14831.27957",
    "id_next": "14831.27959",
    "refcode_1": "365N",
    "refcode_2": "298",
    "refcode_3": "39",
    "refcode_4": "",
    "refcode_short": "365N 298.39",
    "refcode_long": "NKJV Bible in 365 Days, p. 298.39 (Ellen G. White Estate)",
    "element_type": "p",
    "element_subtype": "standard-indented",
    "content": "<strong>12</strong> &#8220;While thus occupied, as I journeyed to Damascus with authority and commission from the chief priests,",
    "puborder": 27658,
    "translations": []
  },
  {
    "para_id": "14831.27959",
    "id_prev": "14831.27958",
    "id_next": "14831.27960",
    "refcode_1": "365N",
    "refcode_2": "298",
    "refcode_3": "40",
    "refcode_4": "",
    "refcode_short": "365N 298.40",
    "refcode_long": "NKJV Bible in 365 Days, p. 298.40 (Ellen G. White Estate)",
    "element_type": "p",
    "element_subtype": "standard-indented",
    "content": "<strong>13</strong> at midday, O king, along the road I saw a light from heaven, brighter than the sun, shining around me and those who journeyed with me.",
    "puborder": 27659,
    "translations": []
  },
  {
    "para_id": "14831.27960",
    "id_prev": "14831.27959",
    "id_next": "14831.27961",
    "refcode_1": "365N",
    "refcode_2": "298",
    "refcode_3": "41",
    "refcode_4": "",
    "refcode_short": "365N 298.41",
    "refcode_long": "NKJV Bible in 365 Days, p. 298.41 (Ellen G. White Estate)",
    "element_type": "p",
    "element_subtype": "standard-indented",
    "content": "<strong>14</strong> And when we all had fallen to the ground, I heard a voice speaking to me and saying in the Hebrew language, &#8216;Saul, Saul, why are you persecuting Me? It is hard for you to kick against the goads.&#8217;",
    "puborder": 27660,
    "translations": []
  },
  {
    "para_id": "14831.27961",
    "id_prev": "14831.27960",
    "id_next": "14831.27962",
    "refcode_1": "365N",
    "refcode_2": "298",
    "refcode_3": "42",
    "refcode_4": "",
    "refcode_short": "365N 298.42",
    "refcode_long": "NKJV Bible in 365 Days, p. 298.42 (Ellen G. White Estate)",
    "element_type": "p",
    "element_subtype": "standard-indented",
    "content": "<strong>15</strong> So I said, &#8216;Who are You, Lord?&#8217; And He said, &#8216;I am Jesus, whom you are persecuting.",
    "puborder": 27661,
    "translations": []
  },
  {
    "para_id": "14831.27962",
    "id_prev": "14831.27961",
    "id_next": "14831.27963",
    "refcode_1": "365N",
    "refcode_2": "298",
    "refcode_3": "43",
    "refcode_4": "",
    "refcode_short": "365N 298.43",
    "refcode_long": "NKJV Bible in 365 Days, p. 298.43 (Ellen G. White Estate)",
    "element_type": "p",
    "element_subtype": "standard-indented",
    "content": "<strong>16</strong> But rise and stand on your feet; for I have appeared to you for this purpose, to make you a minister and a witness both of the things which you have seen and of the things which I will yet reveal to you.",
    "puborder": 27662,
    "translations": []
  },
  {
    "para_id": "14831.27963",
    "id_prev": "14831.27962",
    "id_next": "14831.27964",
    "refcode_1": "365N",
    "refcode_2": "298",
    "refcode_3": "44",
    "refcode_4": "",
    "refcode_short": "365N 298.44",
    "refcode_long": "NKJV Bible in 365 Days, p. 298.44 (Ellen G. White Estate)",
    "element_type": "p",
    "element_subtype": "standard-indented",
    "content": "<strong>17</strong> I will <sup class=\"footnote\"><a class=\"footnote\">[b]<span class=\"footnote\">rescue</span></a></sup> deliver you from the Jewish people, as well as from the Gentiles, to whom I <sup class=\"footnote\"><a class=\"footnote\">[c]<span class=\"footnote\">NU, M omit now</span></a></sup> now send you,",
    "puborder": 27663,
    "translations": []
  },
  {
    "para_id": "14831.27964",
    "id_prev": "14831.27963",
    "id_next": "14831.27965",
    "refcode_1": "365N",
    "refcode_2": "298",
    "refcode_3": "45",
    "refcode_4": "",
    "refcode_short": "365N 298.45",
    "refcode_long": "NKJV Bible in 365 Days, p. 298.45 (Ellen G. White Estate)",
    "element_type": "p",
    "element_subtype": "standard-indented",
    "content": "<strong>18</strong> to open their eyes, in order to turn them from darkness to light, and from the power of Satan to God, that they may receive forgiveness of sins and an inheritance among those who are sanctified <sup class=\"footnote\"><a class=\"footnote\">[d]<span class=\"footnote\">set apart</span></a></sup> by faith in Me.&#8217;",
    "puborder": 27664,
    "translations": []
  },
  {
    "para_id": "14831.27965",
    "id_prev": "14831.27964",
    "id_next": "14831.27966",
    "refcode_1": "365N",
    "refcode_2": "298",
    "refcode_3": "46",
    "refcode_4": "",
    "refcode_short": "365N 298.46",
    "refcode_long": "NKJV Bible in 365 Days, p. 298.46 (Ellen G. White Estate)",
    "element_type": "p",
    "element_subtype": "standard-indented",
    "content": "<strong>19</strong> &#8220;Therefore, King Agrippa, I was not disobedient to the heavenly vision,",
    "puborder": 27665,
    "translations": []
  },
  {
    "para_id": "14831.27966",
    "id_prev": "14831.27965",
    "id_next": "14831.27967",
    "refcode_1": "365N",
    "refcode_2": "298",
    "refcode_3": "47",
    "refcode_4": "",
    "refcode_short": "365N 298.47",
    "refcode_long": "NKJV Bible in 365 Days, p. 298.47 (Ellen G. White Estate)",
    "element_type": "p",
    "element_subtype": "standard-indented",
    "content": "<strong>20</strong> but declared first to those in Damascus and in Jerusalem, and throughout all the region of Judea, and then to the Gentiles, that they should repent, turn to God, and do works befitting repentance.",
    "puborder": 27666,
    "translations": []
  },
  {
    "para_id": "14831.27967",
    "id_prev": "14831.27966",
    "id_next": "14831.27968",
    "refcode_1": "365N",
    "refcode_2": "298",
    "refcode_3": "48",
    "refcode_4": "",
    "refcode_short": "365N 298.48",
    "refcode_long": "NKJV Bible in 365 Days, p. 298.48 (Ellen G. White Estate)",
    "element_type": "p",
    "element_subtype": "standard-indented",
    "content": "<strong>21</strong> For these reasons the Jews seized me in the temple and tried to kill me.",
    "puborder": 27667,
    "translations": []
  },
  {
    "para_id": "14831.27968",
    "id_prev": "14831.27967",
    "id_next": "14831.27969",
    "refcode_1": "365N",
    "refcode_2": "298",
    "refcode_3": "49",
    "refcode_4": "",
    "refcode_short": "365N 298.49",
    "refcode_long": "NKJV Bible in 365 Days, p. 298.49 (Ellen G. White Estate)",
    "element_type": "p",
    "element_subtype": "standard-indented",
    "content": "<strong>22</strong> Therefore, having obtained help from God, to this day I stand, witnessing both to small and great, saying no other things than those which the prophets and Moses said would come&#8212;",
    "puborder": 27668,
    "translations": []
  },
  {
    "para_id": "14831.27969",
    "id_prev": "14831.27968",
    "id_next": "14831.27970",
    "refcode_1": "365N",
    "refcode_2": "298",
    "refcode_3": "50",
    "refcode_4": "",
    "refcode_short": "365N 298.50",
    "refcode_long": "NKJV Bible in 365 Days, p. 298.50 (Ellen G. White Estate)",
    "element_type": "p",
    "element_subtype": "standard-indented",
    "content": "<strong>23</strong> that the Christ would suffer, that He would be the first to rise from the dead, and would proclaim light to the Jewish people and to the Gentiles.&#8221;",
    "puborder": 27669,
    "translations": []
  },
  {
    "para_id": "14831.27970",
    "id_prev": "14831.27969",
    "id_next": "14831.27971",
    "refcode_1": "365N",
    "refcode_2": "298",
    "refcode_3": "51",
    "refcode_4": "",
    "refcode_short": "365N 298.51",
    "refcode_long": "NKJV Bible in 365 Days, p. 298.51 (Ellen G. White Estate)",
    "element_type": "p",
    "element_subtype": "standard-indented",
    "content": "<strong>24</strong> Now as he thus made his defense, Festus said with a loud voice, &#8220;Paul, you are beside yourself! Much learning is driving you mad!&#8221;",
    "puborder": 27670,
    "translations": []
  },
  {
    "para_id": "14831.27971",
    "id_prev": "14831.27970",
    "id_next": "14831.27972",
    "refcode_1": "365N",
    "refcode_2": "298",
    "refcode_3": "52",
    "refcode_4": "",
    "refcode_short": "365N 298.52",
    "refcode_long": "NKJV Bible in 365 Days, p. 298.52 (Ellen G. White Estate)",
    "element_type": "p",
    "element_subtype": "standard-indented",
    "content": "<strong>25</strong> But he said, &#8220;I am not <sup class=\"footnote\"><a class=\"footnote\">[e]<span class=\"footnote\">out of my mind</span></a></sup> mad, most noble Festus, but speak the words of truth and reason.",
    "puborder": 27671,
    "translations": []
  },
  {
    "para_id": "14831.27972",
    "id_prev": "14831.27971",
    "id_next": "14831.27973",
    "refcode_1": "365N",
    "refcode_2": "298",
    "refcode_3": "53",
    "refcode_4": "",
    "refcode_short": "365N 298.53",
    "refcode_long": "NKJV Bible in 365 Days, p. 298.53 (Ellen G. White Estate)",
    "element_type": "p",
    "element_subtype": "standard-indented",
    "content": "<strong>26</strong> For the king, before whom I also speak freely, knows these things; for I am convinced that none of these things escapes his attention, since this thing was not done in a corner.",
    "puborder": 27672,
    "translations": []
  },
  {
    "para_id": "14831.27973",
    "id_prev": "14831.27972",
    "id_next": "14831.27974",
    "refcode_1": "365N",
    "refcode_2": "298",
    "refcode_3": "54",
    "refcode_4": "",
    "refcode_short": "365N 298.54",
    "refcode_long": "NKJV Bible in 365 Days, p. 298.54 (Ellen G. White Estate)",
    "element_type": "p",
    "element_subtype": "standard-indented",
    "content": "<strong>27</strong> King Agrippa, do you believe the prophets? I know that you do believe.&#8221;",
    "puborder": 27673,
    "translations": []
  },
  {
    "para_id": "14831.27974",
    "id_prev": "14831.27973",
    "id_next": "14831.27975",
    "refcode_1": "365N",
    "refcode_2": "298",
    "refcode_3": "55",
    "refcode_4": "",
    "refcode_short": "365N 298.55",
    "refcode_long": "NKJV Bible in 365 Days, p. 298.55 (Ellen G. White Estate)",
    "element_type": "p",
    "element_subtype": "standard-indented",
    "content": "<strong>28</strong> Then Agrippa said to Paul, &#8220;You almost persuade me to become a Christian.&#8221;",
    "puborder": 27674,
    "translations": []
  },
  {
    "para_id": "14831.27975",
    "id_prev": "14831.27974",
    "id_next": "14831.27976",
    "refcode_1": "365N",
    "refcode_2": "298",
    "refcode_3": "56",
    "refcode_4": "",
    "refcode_short": "365N 298.56",
    "refcode_long": "NKJV Bible in 365 Days, p. 298.56 (Ellen G. White Estate)",
    "element_type": "p",
    "element_subtype": "standard-indented",
    "content": "<strong>29</strong> And Paul said, &#8220;I would to God that not only you, but also all who hear me today, might become both almost and altogether such as I am, except for these chains.&#8221;",
    "puborder": 27675,
    "translations": []
  },
  {
    "para_id": "14831.27976",
    "id_prev": "14831.27975",
    "id_next": "14831.27977",
    "refcode_1": "365N",
    "refcode_2": "298",
    "refcode_3": "57",
    "refcode_4": "",
    "refcode_short": "365N 298.57",
    "refcode_long": "NKJV Bible in 365 Days, p. 298.57 (Ellen G. White Estate)",
    "element_type": "p",
    "element_subtype": "standard-indented",
    "content": "<strong>30</strong> When he had said these things, the king stood up, as well as the governor and Bernice and those who sat with them;",
    "puborder": 27676,
    "translations": []
  },
  {
    "para_id": "14831.27977",
    "id_prev": "14831.27976",
    "id_next": "14831.27978",
    "refcode_1": "365N",
    "refcode_2": "298",
    "refcode_3": "58",
    "refcode_4": "",
    "refcode_short": "365N 298.58",
    "refcode_long": "NKJV Bible in 365 Days, p. 298.58 (Ellen G. White Estate)",
    "element_type": "p",
    "element_subtype": "standard-indented",
    "content": "<strong>31</strong> and when they had gone aside, they talked among themselves, saying, &#8220;This man is doing nothing deserving of death or chains.&#8221;",
    "puborder": 27677,
    "translations": []
  },
  {
    "para_id": "14831.27978",
    "id_prev": "14831.27977",
    "id_next": "14831.27980",
    "refcode_1": "365N",
    "refcode_2": "298",
    "refcode_3": "59",
    "refcode_4": "",
    "refcode_short": "365N 298.59",
    "refcode_long": "NKJV Bible in 365 Days, p. 298.59 (Ellen G. White Estate)",
    "element_type": "p",
    "element_subtype": "standard-indented",
    "content": "<strong>32</strong> Then Agrippa said to Festus, &#8220;This man might have been set free if he had not appealed to Caesar.&#8221;",
    "puborder": 27678,
    "translations": []
  }
]