[
  {
    "para_id": "14831.4286",
    "id_prev": "14831.4284",
    "id_next": "14831.4287",
    "refcode_1": "365N",
    "refcode_2": "44",
    "refcode_3": "",
    "refcode_4": "45",
    "refcode_short": "365N 44",
    "refcode_long": "NKJV Bible in 365 Days, p. 44 (Ellen G. White Estate)",
    "element_type": "h3",
    "element_subtype": "",
    "content": "Balaam: The Prophet Who Could Not Curse &mdash; February 13",
    "puborder": 4240,
    "translations": []
  },
  {
    "para_id": "14831.4287",
    "id_prev": "14831.4286",
    "id_next": "14831.4288",
    "refcode_1": "365N",
    "refcode_2": "44",
    "refcode_3": "",
    "refcode_4": "",
    "refcode_short": "",
    "refcode_long": "",
    "element_type": "p",
    "element_subtype": "standard-indented",
    "content": "<b>Numbers 22-24</b>",
    "puborder": 4241,
    "translations": []
  },
  {
    "para_id": "14831.4288",
    "id_prev": "14831.4287",
    "id_next": "14831.4289",
    "refcode_1": "365N",
    "refcode_2": "44",
    "refcode_3": "",
    "refcode_4": "",
    "refcode_short": "",
    "refcode_long": "",
    "element_type": "p",
    "element_subtype": "standard-indented",
    "content": "<b><i>Numbers 22</i></b>",
    "puborder": 4242,
    "translations": []
  },
  {
    "para_id": "14831.4289",
    "id_prev": "14831.4288",
    "id_next": "14831.4290",
    "refcode_1": "365N",
    "refcode_2": "44",
    "refcode_3": "1",
    "refcode_4": "",
    "refcode_short": "365N 44.1",
    "refcode_long": "NKJV Bible in 365 Days, p. 44.1 (Ellen G. White Estate)",
    "element_type": "p",
    "element_subtype": "standard-indented",
    "content": "<strong>1</strong> Then the children of Israel moved, and camped in the plains of Moab on the side of the Jordan across from Jericho.",
    "puborder": 4243,
    "translations": []
  },
  {
    "para_id": "14831.4290",
    "id_prev": "14831.4289",
    "id_next": "14831.4291",
    "refcode_1": "365N",
    "refcode_2": "44",
    "refcode_3": "2",
    "refcode_4": "",
    "refcode_short": "365N 44.2",
    "refcode_long": "NKJV Bible in 365 Days, p. 44.2 (Ellen G. White Estate)",
    "element_type": "p",
    "element_subtype": "standard-indented",
    "content": "<strong>2</strong> Now Balak the son of Zippor saw all that Israel had done to the Amorites.",
    "puborder": 4244,
    "translations": []
  },
  {
    "para_id": "14831.4291",
    "id_prev": "14831.4290",
    "id_next": "14831.4292",
    "refcode_1": "365N",
    "refcode_2": "44",
    "refcode_3": "3",
    "refcode_4": "",
    "refcode_short": "365N 44.3",
    "refcode_long": "NKJV Bible in 365 Days, p. 44.3 (Ellen G. White Estate)",
    "element_type": "p",
    "element_subtype": "standard-indented",
    "content": "<strong>3</strong> And Moab was exceedingly afraid of the people because they were many, and Moab was sick with dread because of the children of Israel.",
    "puborder": 4245,
    "translations": []
  },
  {
    "para_id": "14831.4292",
    "id_prev": "14831.4291",
    "id_next": "14831.4293",
    "refcode_1": "365N",
    "refcode_2": "44",
    "refcode_3": "4",
    "refcode_4": "",
    "refcode_short": "365N 44.4",
    "refcode_long": "NKJV Bible in 365 Days, p. 44.4 (Ellen G. White Estate)",
    "element_type": "p",
    "element_subtype": "standard-indented",
    "content": "<strong>4</strong> So Moab said to the elders of Midian, &#8220;Now this company will <sup class=\"footnote\"><a class=\"footnote\">[a]<span class=\"footnote\">consume</span></a></sup> lick up everything around us, as an ox licks up the grass of the field.&#8221; And Balak the son of Zippor was king of the Moabites at that time.",
    "puborder": 4246,
    "translations": []
  },
  {
    "para_id": "14831.4293",
    "id_prev": "14831.4292",
    "id_next": "14831.4294",
    "refcode_1": "365N",
    "refcode_2": "44",
    "refcode_3": "5",
    "refcode_4": "",
    "refcode_short": "365N 44.5",
    "refcode_long": "NKJV Bible in 365 Days, p. 44.5 (Ellen G. White Estate)",
    "element_type": "p",
    "element_subtype": "standard-indented",
    "content": "<strong>5</strong> Then he sent messengers to Balaam the son of Beor at Pethor, which is near <sup class=\"footnote\"><a class=\"footnote\">[b]<span class=\"footnote\">The Euphrates</span></a></sup> the River in the land of <sup class=\"footnote\"><a class=\"footnote\">[c]<span class=\"footnote\">Or the people of Amau</span></a></sup> the sons of his people, to call him, saying: &#8220;Look, a people has come from Egypt. See, they cover the face of the earth, and are settling next to me!",
    "puborder": 4247,
    "translations": []
  },
  {
    "para_id": "14831.4294",
    "id_prev": "14831.4293",
    "id_next": "14831.4295",
    "refcode_1": "365N",
    "refcode_2": "44",
    "refcode_3": "6",
    "refcode_4": "",
    "refcode_short": "365N 44.6",
    "refcode_long": "NKJV Bible in 365 Days, p. 44.6 (Ellen G. White Estate)",
    "element_type": "p",
    "element_subtype": "standard-indented",
    "content": "<strong>6</strong> Therefore please come at once, curse this people for me, for they are too mighty for me. Perhaps I shall be able to defeat them and drive them out of the land, for I know that he whom you bless is blessed, and he whom you curse is cursed.&#8221;",
    "puborder": 4248,
    "translations": []
  },
  {
    "para_id": "14831.4295",
    "id_prev": "14831.4294",
    "id_next": "14831.4296",
    "refcode_1": "365N",
    "refcode_2": "44",
    "refcode_3": "7",
    "refcode_4": "",
    "refcode_short": "365N 44.7",
    "refcode_long": "NKJV Bible in 365 Days, p. 44.7 (Ellen G. White Estate)",
    "element_type": "p",
    "element_subtype": "standard-indented",
    "content": "<strong>7</strong> So the elders of Moab and the elders of Midian departed with the diviner&#8217;s fee in their hand, and they came to Balaam and spoke to him the words of Balak.",
    "puborder": 4249,
    "translations": []
  },
  {
    "para_id": "14831.4296",
    "id_prev": "14831.4295",
    "id_next": "14831.4297",
    "refcode_1": "365N",
    "refcode_2": "44",
    "refcode_3": "8",
    "refcode_4": "",
    "refcode_short": "365N 44.8",
    "refcode_long": "NKJV Bible in 365 Days, p. 44.8 (Ellen G. White Estate)",
    "element_type": "p",
    "element_subtype": "standard-indented",
    "content": "<strong>8</strong> And he said to them, &#8220;Lodge here tonight, and I will bring back word to you, as the Lord speaks to me.&#8221; So the princes of Moab stayed with Balaam.",
    "puborder": 4250,
    "translations": []
  },
  {
    "para_id": "14831.4297",
    "id_prev": "14831.4296",
    "id_next": "14831.4298",
    "refcode_1": "365N",
    "refcode_2": "44",
    "refcode_3": "9",
    "refcode_4": "",
    "refcode_short": "365N 44.9",
    "refcode_long": "NKJV Bible in 365 Days, p. 44.9 (Ellen G. White Estate)",
    "element_type": "p",
    "element_subtype": "standard-indented",
    "content": "<strong>9</strong> Then God came to Balaam and said, &#8220;Who are these men with you?&#8221;",
    "puborder": 4251,
    "translations": []
  },
  {
    "para_id": "14831.4298",
    "id_prev": "14831.4297",
    "id_next": "14831.4299",
    "refcode_1": "365N",
    "refcode_2": "44",
    "refcode_3": "10",
    "refcode_4": "",
    "refcode_short": "365N 44.10",
    "refcode_long": "NKJV Bible in 365 Days, p. 44.10 (Ellen G. White Estate)",
    "element_type": "p",
    "element_subtype": "standard-indented",
    "content": "<strong>10</strong> So Balaam said to God, &#8220;Balak the son of Zippor, king of Moab, has sent to me, saying,",
    "puborder": 4252,
    "translations": []
  },
  {
    "para_id": "14831.4299",
    "id_prev": "14831.4298",
    "id_next": "14831.4300",
    "refcode_1": "365N",
    "refcode_2": "44",
    "refcode_3": "11",
    "refcode_4": "",
    "refcode_short": "365N 44.11",
    "refcode_long": "NKJV Bible in 365 Days, p. 44.11 (Ellen G. White Estate)",
    "element_type": "p",
    "element_subtype": "standard-indented",
    "content": "<strong>11</strong> &#8216;Look, a people has come out of Egypt, and they cover the face of the earth. Come now, curse them for me; perhaps I shall be able to overpower them and drive them out.&#8217; &#8221;",
    "puborder": 4253,
    "translations": []
  },
  {
    "para_id": "14831.4300",
    "id_prev": "14831.4299",
    "id_next": "14831.4301",
    "refcode_1": "365N",
    "refcode_2": "44",
    "refcode_3": "12",
    "refcode_4": "",
    "refcode_short": "365N 44.12",
    "refcode_long": "NKJV Bible in 365 Days, p. 44.12 (Ellen G. White Estate)",
    "element_type": "p",
    "element_subtype": "standard-indented",
    "content": "<strong>12</strong> And God said to Balaam, &#8220;You shall not go with them; you shall not curse the people, for they are blessed.&#8221;",
    "puborder": 4254,
    "translations": []
  },
  {
    "para_id": "14831.4301",
    "id_prev": "14831.4300",
    "id_next": "14831.4302",
    "refcode_1": "365N",
    "refcode_2": "44",
    "refcode_3": "13",
    "refcode_4": "",
    "refcode_short": "365N 44.13",
    "refcode_long": "NKJV Bible in 365 Days, p. 44.13 (Ellen G. White Estate)",
    "element_type": "p",
    "element_subtype": "standard-indented",
    "content": "<strong>13</strong> So Balaam rose in the morning and said to the princes of Balak, &#8220;Go back to your land, for the Lord has refused to give me permission to go with you.&#8221;",
    "puborder": 4255,
    "translations": []
  },
  {
    "para_id": "14831.4302",
    "id_prev": "14831.4301",
    "id_next": "14831.4303",
    "refcode_1": "365N",
    "refcode_2": "44",
    "refcode_3": "14",
    "refcode_4": "",
    "refcode_short": "365N 44.14",
    "refcode_long": "NKJV Bible in 365 Days, p. 44.14 (Ellen G. White Estate)",
    "element_type": "p",
    "element_subtype": "standard-indented",
    "content": "<strong>14</strong> And the princes of Moab rose and went to Balak, and said, &#8220;Balaam refuses to come with us.&#8221;",
    "puborder": 4256,
    "translations": []
  },
  {
    "para_id": "14831.4303",
    "id_prev": "14831.4302",
    "id_next": "14831.4304",
    "refcode_1": "365N",
    "refcode_2": "44",
    "refcode_3": "15",
    "refcode_4": "",
    "refcode_short": "365N 44.15",
    "refcode_long": "NKJV Bible in 365 Days, p. 44.15 (Ellen G. White Estate)",
    "element_type": "p",
    "element_subtype": "standard-indented",
    "content": "<strong>15</strong> Then Balak again sent princes, more numerous and more <sup class=\"footnote\"><a class=\"footnote\">[d]<span class=\"footnote\">distinguished</span></a></sup> honorable than they.",
    "puborder": 4257,
    "translations": []
  },
  {
    "para_id": "14831.4304",
    "id_prev": "14831.4303",
    "id_next": "14831.4305",
    "refcode_1": "365N",
    "refcode_2": "44",
    "refcode_3": "16",
    "refcode_4": "",
    "refcode_short": "365N 44.16",
    "refcode_long": "NKJV Bible in 365 Days, p. 44.16 (Ellen G. White Estate)",
    "element_type": "p",
    "element_subtype": "standard-indented",
    "content": "<strong>16</strong> And they came to Balaam and said to him, &#8220;Thus says Balak the son of Zippor: &#8216;Please let nothing hinder you from coming to me;",
    "puborder": 4258,
    "translations": []
  },
  {
    "para_id": "14831.4305",
    "id_prev": "14831.4304",
    "id_next": "14831.4306",
    "refcode_1": "365N",
    "refcode_2": "44",
    "refcode_3": "17",
    "refcode_4": "",
    "refcode_short": "365N 44.17",
    "refcode_long": "NKJV Bible in 365 Days, p. 44.17 (Ellen G. White Estate)",
    "element_type": "p",
    "element_subtype": "standard-indented",
    "content": "<strong>17</strong> for I will certainly honor you greatly, and I will do whatever you say to me. Therefore please come, curse this people for me.&#8217; &#8221;",
    "puborder": 4259,
    "translations": []
  },
  {
    "para_id": "14831.4306",
    "id_prev": "14831.4305",
    "id_next": "14831.4307",
    "refcode_1": "365N",
    "refcode_2": "44",
    "refcode_3": "18",
    "refcode_4": "",
    "refcode_short": "365N 44.18",
    "refcode_long": "NKJV Bible in 365 Days, p. 44.18 (Ellen G. White Estate)",
    "element_type": "p",
    "element_subtype": "standard-indented",
    "content": "<strong>18</strong> Then Balaam answered and said to the servants of Balak, &#8220;Though Balak were to give me his house full of silver and gold, I could not go beyond the word of the Lord my God, to do less or more.",
    "puborder": 4260,
    "translations": []
  },
  {
    "para_id": "14831.4307",
    "id_prev": "14831.4306",
    "id_next": "14831.4308",
    "refcode_1": "365N",
    "refcode_2": "44",
    "refcode_3": "19",
    "refcode_4": "",
    "refcode_short": "365N 44.19",
    "refcode_long": "NKJV Bible in 365 Days, p. 44.19 (Ellen G. White Estate)",
    "element_type": "p",
    "element_subtype": "standard-indented",
    "content": "<strong>19</strong> Now therefore, please, you also stay here tonight, that I may know what more the Lord will say to me.&#8221;",
    "puborder": 4261,
    "translations": []
  },
  {
    "para_id": "14831.4308",
    "id_prev": "14831.4307",
    "id_next": "14831.4309",
    "refcode_1": "365N",
    "refcode_2": "44",
    "refcode_3": "20",
    "refcode_4": "",
    "refcode_short": "365N 44.20",
    "refcode_long": "NKJV Bible in 365 Days, p. 44.20 (Ellen G. White Estate)",
    "element_type": "p",
    "element_subtype": "standard-indented",
    "content": "<strong>20</strong> And God came to Balaam at night and said to him, &#8220;If the men come to call you, rise and go with them; but only the word which I speak to you&#8212;that you shall do.&#8221;",
    "puborder": 4262,
    "translations": []
  },
  {
    "para_id": "14831.4309",
    "id_prev": "14831.4308",
    "id_next": "14831.4310",
    "refcode_1": "365N",
    "refcode_2": "44",
    "refcode_3": "21",
    "refcode_4": "",
    "refcode_short": "365N 44.21",
    "refcode_long": "NKJV Bible in 365 Days, p. 44.21 (Ellen G. White Estate)",
    "element_type": "p",
    "element_subtype": "standard-indented",
    "content": "<strong>21</strong> So Balaam rose in the morning, saddled his donkey, and went with the princes of Moab.",
    "puborder": 4263,
    "translations": []
  },
  {
    "para_id": "14831.4310",
    "id_prev": "14831.4309",
    "id_next": "14831.4311",
    "refcode_1": "365N",
    "refcode_2": "44",
    "refcode_3": "22",
    "refcode_4": "",
    "refcode_short": "365N 44.22",
    "refcode_long": "NKJV Bible in 365 Days, p. 44.22 (Ellen G. White Estate)",
    "element_type": "p",
    "element_subtype": "standard-indented",
    "content": "<strong>22</strong> Then God&#8217;s anger was aroused because he went, and the Angel of the Lord took His stand in the way as an adversary against him. And he was riding on his donkey, and his two servants were with him.",
    "puborder": 4264,
    "translations": []
  },
  {
    "para_id": "14831.4311",
    "id_prev": "14831.4310",
    "id_next": "14831.4312",
    "refcode_1": "365N",
    "refcode_2": "44",
    "refcode_3": "23",
    "refcode_4": "",
    "refcode_short": "365N 44.23",
    "refcode_long": "NKJV Bible in 365 Days, p. 44.23 (Ellen G. White Estate)",
    "element_type": "p",
    "element_subtype": "standard-indented",
    "content": "<strong>23</strong> Now the donkey saw the Angel of the Lord standing in the way with His drawn sword in His hand, and the donkey turned aside out of the way and went into the field. So Balaam struck the donkey to turn her back onto the road.",
    "puborder": 4265,
    "translations": []
  },
  {
    "para_id": "14831.4312",
    "id_prev": "14831.4311",
    "id_next": "14831.4313",
    "refcode_1": "365N",
    "refcode_2": "44",
    "refcode_3": "24",
    "refcode_4": "",
    "refcode_short": "365N 44.24",
    "refcode_long": "NKJV Bible in 365 Days, p. 44.24 (Ellen G. White Estate)",
    "element_type": "p",
    "element_subtype": "standard-indented",
    "content": "<strong>24</strong> Then the Angel of the Lord stood in a narrow path between the vineyards, with a wall on this side and a wall on that side.",
    "puborder": 4266,
    "translations": []
  },
  {
    "para_id": "14831.4313",
    "id_prev": "14831.4312",
    "id_next": "14831.4314",
    "refcode_1": "365N",
    "refcode_2": "44",
    "refcode_3": "25",
    "refcode_4": "",
    "refcode_short": "365N 44.25",
    "refcode_long": "NKJV Bible in 365 Days, p. 44.25 (Ellen G. White Estate)",
    "element_type": "p",
    "element_subtype": "standard-indented",
    "content": "<strong>25</strong> And when the donkey saw the Angel of the Lord , she pushed herself against the wall and crushed Balaam&#8217;s foot against the wall; so he struck her again.",
    "puborder": 4267,
    "translations": []
  },
  {
    "para_id": "14831.4314",
    "id_prev": "14831.4313",
    "id_next": "14831.4315",
    "refcode_1": "365N",
    "refcode_2": "44",
    "refcode_3": "26",
    "refcode_4": "",
    "refcode_short": "365N 44.26",
    "refcode_long": "NKJV Bible in 365 Days, p. 44.26 (Ellen G. White Estate)",
    "element_type": "p",
    "element_subtype": "standard-indented",
    "content": "<strong>26</strong> Then the Angel of the Lord went further, and stood in a narrow place where there was no way to turn either to the right hand or to the left.",
    "puborder": 4268,
    "translations": []
  },
  {
    "para_id": "14831.4315",
    "id_prev": "14831.4314",
    "id_next": "14831.4316",
    "refcode_1": "365N",
    "refcode_2": "44",
    "refcode_3": "27",
    "refcode_4": "",
    "refcode_short": "365N 44.27",
    "refcode_long": "NKJV Bible in 365 Days, p. 44.27 (Ellen G. White Estate)",
    "element_type": "p",
    "element_subtype": "standard-indented",
    "content": "<strong>27</strong> And when the donkey saw the Angel of the Lord , she lay down under Balaam; so Balaam&#8217;s anger was aroused, and he struck the donkey with his staff.",
    "puborder": 4269,
    "translations": []
  },
  {
    "para_id": "14831.4316",
    "id_prev": "14831.4315",
    "id_next": "14831.4317",
    "refcode_1": "365N",
    "refcode_2": "44",
    "refcode_3": "28",
    "refcode_4": "",
    "refcode_short": "365N 44.28",
    "refcode_long": "NKJV Bible in 365 Days, p. 44.28 (Ellen G. White Estate)",
    "element_type": "p",
    "element_subtype": "standard-indented",
    "content": "<strong>28</strong> Then the Lord opened the mouth of the donkey, and she said to Balaam, &#8220;What have I done to you, that you have struck me these three times?&#8221;",
    "puborder": 4270,
    "translations": []
  },
  {
    "para_id": "14831.4317",
    "id_prev": "14831.4316",
    "id_next": "14831.4318",
    "refcode_1": "365N",
    "refcode_2": "44",
    "refcode_3": "29",
    "refcode_4": "",
    "refcode_short": "365N 44.29",
    "refcode_long": "NKJV Bible in 365 Days, p. 44.29 (Ellen G. White Estate)",
    "element_type": "p",
    "element_subtype": "standard-indented",
    "content": "<strong>29</strong> And Balaam said to the donkey, &#8220;Because you have <sup class=\"footnote\"><a class=\"footnote\">[e]<span class=\"footnote\">mocked</span></a></sup> abused me. I wish there were a sword in my hand, for now I would kill you!&#8221;",
    "puborder": 4271,
    "translations": []
  },
  {
    "para_id": "14831.4318",
    "id_prev": "14831.4317",
    "id_next": "14831.4319",
    "refcode_1": "365N",
    "refcode_2": "44",
    "refcode_3": "30",
    "refcode_4": "",
    "refcode_short": "365N 44.30",
    "refcode_long": "NKJV Bible in 365 Days, p. 44.30 (Ellen G. White Estate)",
    "element_type": "p",
    "element_subtype": "standard-indented",
    "content": "<strong>30</strong> So the donkey said to Balaam, &#8220; Am I not your donkey on which you have ridden, ever since I became yours, to this day? Was I ever <sup class=\"footnote\"><a class=\"footnote\">[f]<span class=\"footnote\">accustomed</span></a></sup> disposed to do this to you?&#8221; And he said, &#8220;No.&#8221;",
    "puborder": 4272,
    "translations": []
  },
  {
    "para_id": "14831.4319",
    "id_prev": "14831.4318",
    "id_next": "14831.4320",
    "refcode_1": "365N",
    "refcode_2": "44",
    "refcode_3": "31",
    "refcode_4": "",
    "refcode_short": "365N 44.31",
    "refcode_long": "NKJV Bible in 365 Days, p. 44.31 (Ellen G. White Estate)",
    "element_type": "p",
    "element_subtype": "standard-indented",
    "content": "<strong>31</strong> Then the Lord opened Balaam&#8217;s eyes, and he saw the Angel of the Lord standing in the way with His drawn sword in His hand; and he bowed his head and fell flat on his face.",
    "puborder": 4273,
    "translations": []
  },
  {
    "para_id": "14831.4320",
    "id_prev": "14831.4319",
    "id_next": "14831.4321",
    "refcode_1": "365N",
    "refcode_2": "44",
    "refcode_3": "32",
    "refcode_4": "",
    "refcode_short": "365N 44.32",
    "refcode_long": "NKJV Bible in 365 Days, p. 44.32 (Ellen G. White Estate)",
    "element_type": "p",
    "element_subtype": "standard-indented",
    "content": "<strong>32</strong> And the Angel of the Lord said to him, &#8220;Why have you struck your donkey these three times? Behold, I have come out <sup class=\"footnote\"><a class=\"footnote\">[g]<span class=\"footnote\">as an adversary</span></a></sup> to stand against you, because your way is perverse <sup class=\"footnote\"><a class=\"footnote\">[h]<span class=\"footnote\">contrary</span></a></sup> before Me.",
    "puborder": 4274,
    "translations": []
  },
  {
    "para_id": "14831.4321",
    "id_prev": "14831.4320",
    "id_next": "14831.4322",
    "refcode_1": "365N",
    "refcode_2": "44",
    "refcode_3": "33",
    "refcode_4": "",
    "refcode_short": "365N 44.33",
    "refcode_long": "NKJV Bible in 365 Days, p. 44.33 (Ellen G. White Estate)",
    "element_type": "p",
    "element_subtype": "standard-indented",
    "content": "<strong>33</strong> The donkey saw Me and turned aside from Me these three times. If she had not turned aside from Me, surely I would also have killed you by now, and let her live.&#8221;",
    "puborder": 4275,
    "translations": []
  },
  {
    "para_id": "14831.4322",
    "id_prev": "14831.4321",
    "id_next": "14831.4323",
    "refcode_1": "365N",
    "refcode_2": "44",
    "refcode_3": "34",
    "refcode_4": "",
    "refcode_short": "365N 44.34",
    "refcode_long": "NKJV Bible in 365 Days, p. 44.34 (Ellen G. White Estate)",
    "element_type": "p",
    "element_subtype": "standard-indented",
    "content": "<strong>34</strong> And Balaam said to the Angel of the Lord , &#8220;I have sinned, for I did not know You stood in the way against me. Now therefore, if it <sup class=\"footnote\"><a class=\"footnote\">[i]<span class=\"footnote\">Lit. is evil in your eyes</span></a></sup> displeases You, I will turn back.&#8221;",
    "puborder": 4276,
    "translations": []
  },
  {
    "para_id": "14831.4323",
    "id_prev": "14831.4322",
    "id_next": "14831.4324",
    "refcode_1": "365N",
    "refcode_2": "44",
    "refcode_3": "35",
    "refcode_4": "",
    "refcode_short": "365N 44.35",
    "refcode_long": "NKJV Bible in 365 Days, p. 44.35 (Ellen G. White Estate)",
    "element_type": "p",
    "element_subtype": "standard-indented",
    "content": "<strong>35</strong> Then the Angel of the Lord said to Balaam, &#8220;Go with the men, but only the word that I speak to you, that you shall speak.&#8221; So Balaam went with the princes of Balak.",
    "puborder": 4277,
    "translations": []
  },
  {
    "para_id": "14831.4324",
    "id_prev": "14831.4323",
    "id_next": "14831.4325",
    "refcode_1": "365N",
    "refcode_2": "44",
    "refcode_3": "36",
    "refcode_4": "",
    "refcode_short": "365N 44.36",
    "refcode_long": "NKJV Bible in 365 Days, p. 44.36 (Ellen G. White Estate)",
    "element_type": "p",
    "element_subtype": "standard-indented",
    "content": "<strong>36</strong> Now when Balak heard that Balaam was coming, he went out to meet him at the city of Moab, which is on the border at the Arnon, the boundary of the territory.",
    "puborder": 4278,
    "translations": []
  },
  {
    "para_id": "14831.4325",
    "id_prev": "14831.4324",
    "id_next": "14831.4326",
    "refcode_1": "365N",
    "refcode_2": "44",
    "refcode_3": "37",
    "refcode_4": "",
    "refcode_short": "365N 44.37",
    "refcode_long": "NKJV Bible in 365 Days, p. 44.37 (Ellen G. White Estate)",
    "element_type": "p",
    "element_subtype": "standard-indented",
    "content": "<strong>37</strong> Then Balak said to Balaam, &#8220;Did I not earnestly send to you, calling for you? Why did you not come to me? Am I not able to honor you?&#8221;",
    "puborder": 4279,
    "translations": []
  },
  {
    "para_id": "14831.4326",
    "id_prev": "14831.4325",
    "id_next": "14831.4327",
    "refcode_1": "365N",
    "refcode_2": "44",
    "refcode_3": "38",
    "refcode_4": "",
    "refcode_short": "365N 44.38",
    "refcode_long": "NKJV Bible in 365 Days, p. 44.38 (Ellen G. White Estate)",
    "element_type": "p",
    "element_subtype": "standard-indented",
    "content": "<strong>38</strong> And Balaam said to Balak, &#8220;Look, I have come to you! Now, have I any power at all to say anything? The word that God puts in my mouth, that I must speak.&#8221;",
    "puborder": 4280,
    "translations": []
  },
  {
    "para_id": "14831.4327",
    "id_prev": "14831.4326",
    "id_next": "14831.4328",
    "refcode_1": "365N",
    "refcode_2": "44",
    "refcode_3": "39",
    "refcode_4": "",
    "refcode_short": "365N 44.39",
    "refcode_long": "NKJV Bible in 365 Days, p. 44.39 (Ellen G. White Estate)",
    "element_type": "p",
    "element_subtype": "standard-indented",
    "content": "<strong>39</strong> So Balaam went with Balak, and they came to Kirjath Huzoth.",
    "puborder": 4281,
    "translations": []
  },
  {
    "para_id": "14831.4328",
    "id_prev": "14831.4327",
    "id_next": "14831.4329",
    "refcode_1": "365N",
    "refcode_2": "44",
    "refcode_3": "40",
    "refcode_4": "",
    "refcode_short": "365N 44.40",
    "refcode_long": "NKJV Bible in 365 Days, p. 44.40 (Ellen G. White Estate)",
    "element_type": "p",
    "element_subtype": "standard-indented",
    "content": "<strong>40</strong> Then Balak offered oxen and sheep, and he sent some to Balaam and to the princes who were with him.",
    "puborder": 4282,
    "translations": []
  },
  {
    "para_id": "14831.4329",
    "id_prev": "14831.4328",
    "id_next": "14831.4330",
    "refcode_1": "365N",
    "refcode_2": "44",
    "refcode_3": "41",
    "refcode_4": "",
    "refcode_short": "365N 44.41",
    "refcode_long": "NKJV Bible in 365 Days, p. 44.41 (Ellen G. White Estate)",
    "element_type": "p",
    "element_subtype": "standard-indented",
    "content": "<strong>41</strong> So it was, the next day, that Balak took Balaam and brought him up to the high places of Baal, that from there he might observe <sup class=\"footnote\"><a class=\"footnote\">[j]<span class=\"footnote\">the farthest extent</span></a></sup> the extent of the people.",
    "puborder": 4283,
    "translations": []
  },
  {
    "para_id": "14831.4330",
    "id_prev": "14831.4329",
    "id_next": "14831.4331",
    "refcode_1": "365N",
    "refcode_2": "44",
    "refcode_3": "",
    "refcode_4": "",
    "refcode_short": "",
    "refcode_long": "",
    "element_type": "p",
    "element_subtype": "standard-indented",
    "content": "<b><i>Numbers 23</i></b>",
    "puborder": 4284,
    "translations": []
  },
  {
    "para_id": "14831.4331",
    "id_prev": "14831.4330",
    "id_next": "14831.4332",
    "refcode_1": "365N",
    "refcode_2": "44",
    "refcode_3": "42",
    "refcode_4": "",
    "refcode_short": "365N 44.42",
    "refcode_long": "NKJV Bible in 365 Days, p. 44.42 (Ellen G. White Estate)",
    "element_type": "p",
    "element_subtype": "standard-indented",
    "content": "<strong>1</strong> Then Balaam said to Balak, &#8220;Build seven altars for me here, and prepare for me here seven bulls and seven rams.&#8221;",
    "puborder": 4285,
    "translations": []
  },
  {
    "para_id": "14831.4332",
    "id_prev": "14831.4331",
    "id_next": "14831.4333",
    "refcode_1": "365N",
    "refcode_2": "44",
    "refcode_3": "43",
    "refcode_4": "",
    "refcode_short": "365N 44.43",
    "refcode_long": "NKJV Bible in 365 Days, p. 44.43 (Ellen G. White Estate)",
    "element_type": "p",
    "element_subtype": "standard-indented",
    "content": "<strong>2</strong> And Balak did just as Balaam had spoken, and Balak and Balaam offered a bull and a ram on each altar.",
    "puborder": 4286,
    "translations": []
  },
  {
    "para_id": "14831.4333",
    "id_prev": "14831.4332",
    "id_next": "14831.4334",
    "refcode_1": "365N",
    "refcode_2": "44",
    "refcode_3": "44",
    "refcode_4": "",
    "refcode_short": "365N 44.44",
    "refcode_long": "NKJV Bible in 365 Days, p. 44.44 (Ellen G. White Estate)",
    "element_type": "p",
    "element_subtype": "standard-indented",
    "content": "<strong>3</strong> Then Balaam said to Balak, &#8220;Stand by your burnt offering, and I will go; perhaps the Lord will come to meet me, and whatever He shows me I will tell you.&#8221; So he went to a desolate height.",
    "puborder": 4287,
    "translations": []
  },
  {
    "para_id": "14831.4334",
    "id_prev": "14831.4333",
    "id_next": "14831.4335",
    "refcode_1": "365N",
    "refcode_2": "44",
    "refcode_3": "45",
    "refcode_4": "",
    "refcode_short": "365N 44.45",
    "refcode_long": "NKJV Bible in 365 Days, p. 44.45 (Ellen G. White Estate)",
    "element_type": "p",
    "element_subtype": "standard-indented",
    "content": "<strong>4</strong> And God met Balaam, and he said to Him, &#8220;I have prepared the seven altars, and I have offered on each altar a bull and a ram.&#8221;",
    "puborder": 4288,
    "translations": []
  },
  {
    "para_id": "14831.4335",
    "id_prev": "14831.4334",
    "id_next": "14831.4336",
    "refcode_1": "365N",
    "refcode_2": "44",
    "refcode_3": "46",
    "refcode_4": "",
    "refcode_short": "365N 44.46",
    "refcode_long": "NKJV Bible in 365 Days, p. 44.46 (Ellen G. White Estate)",
    "element_type": "p",
    "element_subtype": "standard-indented",
    "content": "<strong>5</strong> Then the Lord put a word in Balaam&#8217;s mouth, and said, &#8220;Return to Balak, and thus you shall speak.&#8221;",
    "puborder": 4289,
    "translations": []
  },
  {
    "para_id": "14831.4336",
    "id_prev": "14831.4335",
    "id_next": "14831.4337",
    "refcode_1": "365N",
    "refcode_2": "44",
    "refcode_3": "47",
    "refcode_4": "",
    "refcode_short": "365N 44.47",
    "refcode_long": "NKJV Bible in 365 Days, p. 44.47 (Ellen G. White Estate)",
    "element_type": "p",
    "element_subtype": "standard-indented",
    "content": "<strong>6</strong> So he returned to him, and there he was, standing by his burnt offering, he and all the princes of Moab.",
    "puborder": 4290,
    "translations": []
  },
  {
    "para_id": "14831.4337",
    "id_prev": "14831.4336",
    "id_next": "14831.4338",
    "refcode_1": "365N",
    "refcode_2": "44",
    "refcode_3": "48",
    "refcode_4": "",
    "refcode_short": "365N 44.48",
    "refcode_long": "NKJV Bible in 365 Days, p. 44.48 (Ellen G. White Estate)",
    "element_type": "p",
    "element_subtype": "standard-indented",
    "content": "<strong>7</strong> And he took up his <sup class=\"footnote\"><a class=\"footnote\">[a]<span class=\"footnote\">prophetic discourse</span></a></sup> oracle and said: &#8220;Balak the king of Moab has brought me from Aram, From the mountains of the east. &#8216;Come, curse Jacob for me, And come, denounce Israel!&#8217;",
    "puborder": 4291,
    "translations": []
  },
  {
    "para_id": "14831.4338",
    "id_prev": "14831.4337",
    "id_next": "14831.4339",
    "refcode_1": "365N",
    "refcode_2": "44",
    "refcode_3": "49",
    "refcode_4": "",
    "refcode_short": "365N 44.49",
    "refcode_long": "NKJV Bible in 365 Days, p. 44.49 (Ellen G. White Estate)",
    "element_type": "p",
    "element_subtype": "standard-indented",
    "content": "<strong>8</strong> &#8220;How shall I curse whom God has not cursed? And how shall I denounce whom the Lord has not denounced?",
    "puborder": 4292,
    "translations": []
  },
  {
    "para_id": "14831.4339",
    "id_prev": "14831.4338",
    "id_next": "14831.4340",
    "refcode_1": "365N",
    "refcode_2": "44",
    "refcode_3": "50",
    "refcode_4": "",
    "refcode_short": "365N 44.50",
    "refcode_long": "NKJV Bible in 365 Days, p. 44.50 (Ellen G. White Estate)",
    "element_type": "p",
    "element_subtype": "standard-indented",
    "content": "<strong>9</strong> For from the top of the rocks I see him, And from the hills I behold him; There! A people dwelling alone, Not reckoning itself among the nations.",
    "puborder": 4293,
    "translations": []
  },
  {
    "para_id": "14831.4340",
    "id_prev": "14831.4339",
    "id_next": "14831.4341",
    "refcode_1": "365N",
    "refcode_2": "44",
    "refcode_3": "51",
    "refcode_4": "",
    "refcode_short": "365N 44.51",
    "refcode_long": "NKJV Bible in 365 Days, p. 44.51 (Ellen G. White Estate)",
    "element_type": "p",
    "element_subtype": "standard-indented",
    "content": "<strong>10</strong> &#8220;Who can count the <sup class=\"footnote\"><a class=\"footnote\">[b]<span class=\"footnote\">Or dust cloud</span></a></sup> dust of Jacob, Or number one-fourth of Israel? Let me die the death of the righteous, And let my end be like his!&#8221;",
    "puborder": 4294,
    "translations": []
  },
  {
    "para_id": "14831.4341",
    "id_prev": "14831.4340",
    "id_next": "14831.4342",
    "refcode_1": "365N",
    "refcode_2": "44",
    "refcode_3": "52",
    "refcode_4": "",
    "refcode_short": "365N 44.52",
    "refcode_long": "NKJV Bible in 365 Days, p. 44.52 (Ellen G. White Estate)",
    "element_type": "p",
    "element_subtype": "standard-indented",
    "content": "<strong>11</strong> Then Balak said to Balaam, &#8220;What have you done to me? I took you to curse my enemies, and look, you have blessed them bountifully!&#8221;",
    "puborder": 4295,
    "translations": []
  },
  {
    "para_id": "14831.4342",
    "id_prev": "14831.4341",
    "id_next": "14831.4343",
    "refcode_1": "365N",
    "refcode_2": "44",
    "refcode_3": "53",
    "refcode_4": "",
    "refcode_short": "365N 44.53",
    "refcode_long": "NKJV Bible in 365 Days, p. 44.53 (Ellen G. White Estate)",
    "element_type": "p",
    "element_subtype": "standard-indented",
    "content": "<strong>12</strong> So he answered and said, &#8220;Must I not take heed to speak what the Lord has put in my mouth?&#8221;",
    "puborder": 4296,
    "translations": []
  },
  {
    "para_id": "14831.4343",
    "id_prev": "14831.4342",
    "id_next": "14831.4344",
    "refcode_1": "365N",
    "refcode_2": "44",
    "refcode_3": "54",
    "refcode_4": "",
    "refcode_short": "365N 44.54",
    "refcode_long": "NKJV Bible in 365 Days, p. 44.54 (Ellen G. White Estate)",
    "element_type": "p",
    "element_subtype": "standard-indented",
    "content": "<strong>13</strong> Then Balak said to him, &#8220;Please come with me to another place from which you may see them; you shall see only the outer part of them, and shall not see them all; curse them for me from there.&#8221;",
    "puborder": 4297,
    "translations": []
  },
  {
    "para_id": "14831.4344",
    "id_prev": "14831.4343",
    "id_next": "14831.4345",
    "refcode_1": "365N",
    "refcode_2": "44",
    "refcode_3": "55",
    "refcode_4": "",
    "refcode_short": "365N 44.55",
    "refcode_long": "NKJV Bible in 365 Days, p. 44.55 (Ellen G. White Estate)",
    "element_type": "p",
    "element_subtype": "standard-indented",
    "content": "<strong>14</strong> So he brought him to the field of Zophim, to the top of Pisgah, and built seven altars, and offered a bull and a ram on each altar.",
    "puborder": 4298,
    "translations": []
  },
  {
    "para_id": "14831.4345",
    "id_prev": "14831.4344",
    "id_next": "14831.4346",
    "refcode_1": "365N",
    "refcode_2": "44",
    "refcode_3": "56",
    "refcode_4": "",
    "refcode_short": "365N 44.56",
    "refcode_long": "NKJV Bible in 365 Days, p. 44.56 (Ellen G. White Estate)",
    "element_type": "p",
    "element_subtype": "standard-indented",
    "content": "<strong>15</strong> And he said to Balak, &#8220;Stand here by your burnt offering while I <sup class=\"footnote\"><a class=\"footnote\">[c]<span class=\"footnote\">So with MT, Tg., Vg.; Syr. call; LXX go and ask God</span></a></sup> meet the Lord over there.&#8221;",
    "puborder": 4299,
    "translations": []
  },
  {
    "para_id": "14831.4346",
    "id_prev": "14831.4345",
    "id_next": "14831.4347",
    "refcode_1": "365N",
    "refcode_2": "44",
    "refcode_3": "57",
    "refcode_4": "",
    "refcode_short": "365N 44.57",
    "refcode_long": "NKJV Bible in 365 Days, p. 44.57 (Ellen G. White Estate)",
    "element_type": "p",
    "element_subtype": "standard-indented",
    "content": "<strong>16</strong> Then the Lord met Balaam, and put a word in his mouth, and said, &#8220;Go back to Balak, and thus you shall speak.&#8221;",
    "puborder": 4300,
    "translations": []
  },
  {
    "para_id": "14831.4347",
    "id_prev": "14831.4346",
    "id_next": "14831.4348",
    "refcode_1": "365N",
    "refcode_2": "44",
    "refcode_3": "58",
    "refcode_4": "",
    "refcode_short": "365N 44.58",
    "refcode_long": "NKJV Bible in 365 Days, p. 44.58 (Ellen G. White Estate)",
    "element_type": "p",
    "element_subtype": "standard-indented",
    "content": "<strong>17</strong> So he came to him, and there he was, standing by his burnt offering, and the princes of Moab were with him. And Balak said to him, &#8220;What has the Lord spoken?&#8221;",
    "puborder": 4301,
    "translations": []
  },
  {
    "para_id": "14831.4348",
    "id_prev": "14831.4347",
    "id_next": "14831.4349",
    "refcode_1": "365N",
    "refcode_2": "44",
    "refcode_3": "59",
    "refcode_4": "",
    "refcode_short": "365N 44.59",
    "refcode_long": "NKJV Bible in 365 Days, p. 44.59 (Ellen G. White Estate)",
    "element_type": "p",
    "element_subtype": "standard-indented",
    "content": "<strong>18</strong> Then he took up his oracle and said: &#8220;Rise up, Balak, and hear! Listen to me, son of Zippor!",
    "puborder": 4302,
    "translations": []
  },
  {
    "para_id": "14831.4349",
    "id_prev": "14831.4348",
    "id_next": "14831.4350",
    "refcode_1": "365N",
    "refcode_2": "44",
    "refcode_3": "60",
    "refcode_4": "",
    "refcode_short": "365N 44.60",
    "refcode_long": "NKJV Bible in 365 Days, p. 44.60 (Ellen G. White Estate)",
    "element_type": "p",
    "element_subtype": "standard-indented",
    "content": "<strong>19</strong> &#8220;God is not a man, that He should lie, Nor a son of man, that He should repent. Has He said, and will He not do? Or has He spoken, and will He not make it good?",
    "puborder": 4303,
    "translations": []
  },
  {
    "para_id": "14831.4350",
    "id_prev": "14831.4349",
    "id_next": "14831.4351",
    "refcode_1": "365N",
    "refcode_2": "44",
    "refcode_3": "61",
    "refcode_4": "",
    "refcode_short": "365N 44.61",
    "refcode_long": "NKJV Bible in 365 Days, p. 44.61 (Ellen G. White Estate)",
    "element_type": "p",
    "element_subtype": "standard-indented",
    "content": "<strong>20</strong> Behold, I have received a command to bless; He has blessed, and I cannot reverse it.",
    "puborder": 4304,
    "translations": []
  },
  {
    "para_id": "14831.4351",
    "id_prev": "14831.4350",
    "id_next": "14831.4352",
    "refcode_1": "365N",
    "refcode_2": "44",
    "refcode_3": "62",
    "refcode_4": "",
    "refcode_short": "365N 44.62",
    "refcode_long": "NKJV Bible in 365 Days, p. 44.62 (Ellen G. White Estate)",
    "element_type": "p",
    "element_subtype": "standard-indented",
    "content": "<strong>21</strong> &#8220;He has not observed iniquity in Jacob, Nor has He seen <sup class=\"footnote\"><a class=\"footnote\">[d]<span class=\"footnote\">trouble</span></a></sup> wickedness in Israel. The Lord his God is with him, And the shout of a King is among them.",
    "puborder": 4305,
    "translations": []
  },
  {
    "para_id": "14831.4352",
    "id_prev": "14831.4351",
    "id_next": "14831.4353",
    "refcode_1": "365N",
    "refcode_2": "44",
    "refcode_3": "63",
    "refcode_4": "",
    "refcode_short": "365N 44.63",
    "refcode_long": "NKJV Bible in 365 Days, p. 44.63 (Ellen G. White Estate)",
    "element_type": "p",
    "element_subtype": "standard-indented",
    "content": "<strong>22</strong> God brings them out of Egypt; He has strength like a wild ox.",
    "puborder": 4306,
    "translations": []
  },
  {
    "para_id": "14831.4353",
    "id_prev": "14831.4352",
    "id_next": "14831.4354",
    "refcode_1": "365N",
    "refcode_2": "44",
    "refcode_3": "64",
    "refcode_4": "",
    "refcode_short": "365N 44.64",
    "refcode_long": "NKJV Bible in 365 Days, p. 44.64 (Ellen G. White Estate)",
    "element_type": "p",
    "element_subtype": "standard-indented",
    "content": "<strong>23</strong> &#8220;For there is no <sup class=\"footnote\"><a class=\"footnote\">[e]<span class=\"footnote\">enchantment</span></a></sup> sorcery against Jacob, Nor any <sup class=\"footnote\"><a class=\"footnote\">[f]<span class=\"footnote\">fortune-telling</span></a></sup> divination against Israel. It now must be said of Jacob And of Israel, &#8216;Oh, what God has done!&#8217;",
    "puborder": 4307,
    "translations": []
  },
  {
    "para_id": "14831.4354",
    "id_prev": "14831.4353",
    "id_next": "14831.4355",
    "refcode_1": "365N",
    "refcode_2": "44",
    "refcode_3": "65",
    "refcode_4": "",
    "refcode_short": "365N 44.65",
    "refcode_long": "NKJV Bible in 365 Days, p. 44.65 (Ellen G. White Estate)",
    "element_type": "p",
    "element_subtype": "standard-indented",
    "content": "<strong>24</strong> Look, a people rises like a lioness, And lifts itself up like a lion; It shall not lie down until it devours the prey, And drinks the blood of the slain.&#8221;",
    "puborder": 4308,
    "translations": []
  },
  {
    "para_id": "14831.4355",
    "id_prev": "14831.4354",
    "id_next": "14831.4356",
    "refcode_1": "365N",
    "refcode_2": "44",
    "refcode_3": "66",
    "refcode_4": "",
    "refcode_short": "365N 44.66",
    "refcode_long": "NKJV Bible in 365 Days, p. 44.66 (Ellen G. White Estate)",
    "element_type": "p",
    "element_subtype": "standard-indented",
    "content": "<strong>25</strong> Then Balak said to Balaam, &#8220;Neither curse them at all, nor bless them at all!&#8221;",
    "puborder": 4309,
    "translations": []
  },
  {
    "para_id": "14831.4356",
    "id_prev": "14831.4355",
    "id_next": "14831.4357",
    "refcode_1": "365N",
    "refcode_2": "44",
    "refcode_3": "67",
    "refcode_4": "",
    "refcode_short": "365N 44.67",
    "refcode_long": "NKJV Bible in 365 Days, p. 44.67 (Ellen G. White Estate)",
    "element_type": "p",
    "element_subtype": "standard-indented",
    "content": "<strong>26</strong> So Balaam answered and said to Balak, &#8220;Did I not tell you, saying, &#8216;All that the Lord speaks, that I must do&#8217;?&#8221;",
    "puborder": 4310,
    "translations": []
  },
  {
    "para_id": "14831.4357",
    "id_prev": "14831.4356",
    "id_next": "14831.4358",
    "refcode_1": "365N",
    "refcode_2": "44",
    "refcode_3": "68",
    "refcode_4": "",
    "refcode_short": "365N 44.68",
    "refcode_long": "NKJV Bible in 365 Days, p. 44.68 (Ellen G. White Estate)",
    "element_type": "p",
    "element_subtype": "standard-indented",
    "content": "<strong>27</strong> Then Balak said to Balaam, &#8220;Please come, I will take you to another place; perhaps it will please God that you may curse them for me from there.&#8221;",
    "puborder": 4311,
    "translations": []
  },
  {
    "para_id": "14831.4358",
    "id_prev": "14831.4357",
    "id_next": "14831.4359",
    "refcode_1": "365N",
    "refcode_2": "44",
    "refcode_3": "69",
    "refcode_4": "",
    "refcode_short": "365N 44.69",
    "refcode_long": "NKJV Bible in 365 Days, p. 44.69 (Ellen G. White Estate)",
    "element_type": "p",
    "element_subtype": "standard-indented",
    "content": "<strong>28</strong> So Balak took Balaam to the top of Peor, that overlooks the <sup class=\"footnote\"><a class=\"footnote\">[g]<span class=\"footnote\">Heb. Jeshimon</span></a></sup> wasteland.",
    "puborder": 4312,
    "translations": []
  },
  {
    "para_id": "14831.4359",
    "id_prev": "14831.4358",
    "id_next": "14831.4360",
    "refcode_1": "365N",
    "refcode_2": "44",
    "refcode_3": "70",
    "refcode_4": "",
    "refcode_short": "365N 44.70",
    "refcode_long": "NKJV Bible in 365 Days, p. 44.70 (Ellen G. White Estate)",
    "element_type": "p",
    "element_subtype": "standard-indented",
    "content": "<strong>29</strong> Then Balaam said to Balak, &#8220;Build for me here seven altars, and prepare for me here seven bulls and seven rams.&#8221;",
    "puborder": 4313,
    "translations": []
  },
  {
    "para_id": "14831.4360",
    "id_prev": "14831.4359",
    "id_next": "14831.4361",
    "refcode_1": "365N",
    "refcode_2": "44",
    "refcode_3": "71",
    "refcode_4": "",
    "refcode_short": "365N 44.71",
    "refcode_long": "NKJV Bible in 365 Days, p. 44.71 (Ellen G. White Estate)",
    "element_type": "p",
    "element_subtype": "standard-indented",
    "content": "<strong>30</strong> And Balak did as Balaam had said, and offered a bull and a ram on every altar.",
    "puborder": 4314,
    "translations": []
  },
  {
    "para_id": "14831.4361",
    "id_prev": "14831.4360",
    "id_next": "14831.4362",
    "refcode_1": "365N",
    "refcode_2": "44",
    "refcode_3": "",
    "refcode_4": "",
    "refcode_short": "",
    "refcode_long": "",
    "element_type": "p",
    "element_subtype": "standard-indented",
    "content": "<b><i>Numbers 24</i></b>",
    "puborder": 4315,
    "translations": []
  },
  {
    "para_id": "14831.4362",
    "id_prev": "14831.4361",
    "id_next": "14831.4363",
    "refcode_1": "365N",
    "refcode_2": "44",
    "refcode_3": "72",
    "refcode_4": "",
    "refcode_short": "365N 44.72",
    "refcode_long": "NKJV Bible in 365 Days, p. 44.72 (Ellen G. White Estate)",
    "element_type": "p",
    "element_subtype": "standard-indented",
    "content": "<strong>1</strong> Now when Balaam saw that it pleased the Lord to bless Israel, he did not go as at other times, to seek to use <sup class=\"footnote\"><a class=\"footnote\">[a]<span class=\"footnote\">enchantments</span></a></sup> sorcery, but he set his face toward the wilderness.",
    "puborder": 4316,
    "translations": []
  },
  {
    "para_id": "14831.4363",
    "id_prev": "14831.4362",
    "id_next": "14831.4364",
    "refcode_1": "365N",
    "refcode_2": "44",
    "refcode_3": "73",
    "refcode_4": "",
    "refcode_short": "365N 44.73",
    "refcode_long": "NKJV Bible in 365 Days, p. 44.73 (Ellen G. White Estate)",
    "element_type": "p",
    "element_subtype": "standard-indented",
    "content": "<strong>2</strong> And Balaam raised his eyes, and saw Israel encamped according to their tribes; and the Spirit of God came upon him.",
    "puborder": 4317,
    "translations": []
  },
  {
    "para_id": "14831.4364",
    "id_prev": "14831.4363",
    "id_next": "14831.4365",
    "refcode_1": "365N",
    "refcode_2": "44",
    "refcode_3": "74",
    "refcode_4": "",
    "refcode_short": "365N 44.74",
    "refcode_long": "NKJV Bible in 365 Days, p. 44.74 (Ellen G. White Estate)",
    "element_type": "p",
    "element_subtype": "standard-indented",
    "content": "<strong>3</strong> Then he took up his oracle and said: &#8220;The utterance of Balaam the son of Beor, The utterance of the man whose eyes are opened,",
    "puborder": 4318,
    "translations": []
  },
  {
    "para_id": "14831.4365",
    "id_prev": "14831.4364",
    "id_next": "14831.4366",
    "refcode_1": "365N",
    "refcode_2": "44",
    "refcode_3": "75",
    "refcode_4": "",
    "refcode_short": "365N 44.75",
    "refcode_long": "NKJV Bible in 365 Days, p. 44.75 (Ellen G. White Estate)",
    "element_type": "p",
    "element_subtype": "standard-indented",
    "content": "<strong>4</strong> The utterance of him who hears the words of God, Who sees the vision of the Almighty, Who falls down, with eyes wide open:",
    "puborder": 4319,
    "translations": []
  },
  {
    "para_id": "14831.4366",
    "id_prev": "14831.4365",
    "id_next": "14831.4367",
    "refcode_1": "365N",
    "refcode_2": "44",
    "refcode_3": "76",
    "refcode_4": "",
    "refcode_short": "365N 44.76",
    "refcode_long": "NKJV Bible in 365 Days, p. 44.76 (Ellen G. White Estate)",
    "element_type": "p",
    "element_subtype": "standard-indented",
    "content": "<strong>5</strong> &#8220;How lovely are your tents, O Jacob! Your dwellings, O Israel!",
    "puborder": 4320,
    "translations": []
  },
  {
    "para_id": "14831.4367",
    "id_prev": "14831.4366",
    "id_next": "14831.4368",
    "refcode_1": "365N",
    "refcode_2": "44",
    "refcode_3": "77",
    "refcode_4": "",
    "refcode_short": "365N 44.77",
    "refcode_long": "NKJV Bible in 365 Days, p. 44.77 (Ellen G. White Estate)",
    "element_type": "p",
    "element_subtype": "standard-indented",
    "content": "<strong>6</strong> Like valleys that stretch out, Like gardens by the riverside, Like aloes planted by the Lord , Like cedars beside the waters.",
    "puborder": 4321,
    "translations": []
  },
  {
    "para_id": "14831.4368",
    "id_prev": "14831.4367",
    "id_next": "14831.4369",
    "refcode_1": "365N",
    "refcode_2": "44",
    "refcode_3": "78",
    "refcode_4": "",
    "refcode_short": "365N 44.78",
    "refcode_long": "NKJV Bible in 365 Days, p. 44.78 (Ellen G. White Estate)",
    "element_type": "p",
    "element_subtype": "standard-indented",
    "content": "<strong>7</strong> He shall pour water from his buckets, And his seed shall be in many waters. &#8220;His king shall be higher than Agag, And his kingdom shall be exalted.",
    "puborder": 4322,
    "translations": []
  },
  {
    "para_id": "14831.4369",
    "id_prev": "14831.4368",
    "id_next": "14831.4370",
    "refcode_1": "365N",
    "refcode_2": "44",
    "refcode_3": "79",
    "refcode_4": "",
    "refcode_short": "365N 44.79",
    "refcode_long": "NKJV Bible in 365 Days, p. 44.79 (Ellen G. White Estate)",
    "element_type": "p",
    "element_subtype": "standard-indented",
    "content": "<strong>8</strong> &#8220;God brings him out of Egypt; He has strength like a wild ox; He shall consume the nations, his enemies; He shall break their bones And pierce them with his arrows.",
    "puborder": 4323,
    "translations": []
  },
  {
    "para_id": "14831.4370",
    "id_prev": "14831.4369",
    "id_next": "14831.4371",
    "refcode_1": "365N",
    "refcode_2": "44",
    "refcode_3": "80",
    "refcode_4": "",
    "refcode_short": "365N 44.80",
    "refcode_long": "NKJV Bible in 365 Days, p. 44.80 (Ellen G. White Estate)",
    "element_type": "p",
    "element_subtype": "standard-indented",
    "content": "<strong>9</strong> &#8216;He bows down, he lies down as a lion; And as a lion, who shall rouse him?&#8217; &#8220;Blessed is he who blesses you, And cursed is he who curses you.&#8221;",
    "puborder": 4324,
    "translations": []
  },
  {
    "para_id": "14831.4371",
    "id_prev": "14831.4370",
    "id_next": "14831.4372",
    "refcode_1": "365N",
    "refcode_2": "44",
    "refcode_3": "81",
    "refcode_4": "",
    "refcode_short": "365N 44.81",
    "refcode_long": "NKJV Bible in 365 Days, p. 44.81 (Ellen G. White Estate)",
    "element_type": "p",
    "element_subtype": "standard-indented",
    "content": "<strong>10</strong> Then Balak&#8217;s anger was aroused against Balaam, and he struck his hands together; and Balak said to Balaam, &#8220;I called you to curse my enemies, and look, you have bountifully blessed them these three times!",
    "puborder": 4325,
    "translations": []
  },
  {
    "para_id": "14831.4372",
    "id_prev": "14831.4371",
    "id_next": "14831.4373",
    "refcode_1": "365N",
    "refcode_2": "44",
    "refcode_3": "82",
    "refcode_4": "",
    "refcode_short": "365N 44.82",
    "refcode_long": "NKJV Bible in 365 Days, p. 44.82 (Ellen G. White Estate)",
    "element_type": "p",
    "element_subtype": "standard-indented",
    "content": "<strong>11</strong> Now therefore, flee to your place. I said I would greatly honor you, but in fact, the Lord has kept you back from honor.&#8221;",
    "puborder": 4326,
    "translations": []
  },
  {
    "para_id": "14831.4373",
    "id_prev": "14831.4372",
    "id_next": "14831.4374",
    "refcode_1": "365N",
    "refcode_2": "44",
    "refcode_3": "83",
    "refcode_4": "",
    "refcode_short": "365N 44.83",
    "refcode_long": "NKJV Bible in 365 Days, p. 44.83 (Ellen G. White Estate)",
    "element_type": "p",
    "element_subtype": "standard-indented",
    "content": "<strong>12</strong> So Balaam said to Balak, &#8220;Did I not also speak to your messengers whom you sent to me, saying,",
    "puborder": 4327,
    "translations": []
  },
  {
    "para_id": "14831.4374",
    "id_prev": "14831.4373",
    "id_next": "14831.4375",
    "refcode_1": "365N",
    "refcode_2": "44",
    "refcode_3": "84",
    "refcode_4": "",
    "refcode_short": "365N 44.84",
    "refcode_long": "NKJV Bible in 365 Days, p. 44.84 (Ellen G. White Estate)",
    "element_type": "p",
    "element_subtype": "standard-indented",
    "content": "<strong>13</strong> &#8216;If Balak were to give me his house full of silver and gold, I could not go beyond the word of the Lord , to do good or bad of my own will. What the Lord says, that I must speak&#8217;?",
    "puborder": 4328,
    "translations": []
  },
  {
    "para_id": "14831.4375",
    "id_prev": "14831.4374",
    "id_next": "14831.4376",
    "refcode_1": "365N",
    "refcode_2": "44",
    "refcode_3": "85",
    "refcode_4": "",
    "refcode_short": "365N 44.85",
    "refcode_long": "NKJV Bible in 365 Days, p. 44.85 (Ellen G. White Estate)",
    "element_type": "p",
    "element_subtype": "standard-indented",
    "content": "<strong>14</strong> And now, indeed, I am going to my people. Come, I will advise you what this people will do to your people in the latter days.&#8221;",
    "puborder": 4329,
    "translations": []
  },
  {
    "para_id": "14831.4376",
    "id_prev": "14831.4375",
    "id_next": "14831.4377",
    "refcode_1": "365N",
    "refcode_2": "44",
    "refcode_3": "86",
    "refcode_4": "",
    "refcode_short": "365N 44.86",
    "refcode_long": "NKJV Bible in 365 Days, p. 44.86 (Ellen G. White Estate)",
    "element_type": "p",
    "element_subtype": "standard-indented",
    "content": "<strong>15</strong> So he took up his oracle and said: &#8220;The utterance of Balaam the son of Beor, And the utterance of the man whose eyes are opened;",
    "puborder": 4330,
    "translations": []
  },
  {
    "para_id": "14831.4377",
    "id_prev": "14831.4376",
    "id_next": "14831.4378",
    "refcode_1": "365N",
    "refcode_2": "44",
    "refcode_3": "87",
    "refcode_4": "",
    "refcode_short": "365N 44.87",
    "refcode_long": "NKJV Bible in 365 Days, p. 44.87 (Ellen G. White Estate)",
    "element_type": "p",
    "element_subtype": "standard-indented",
    "content": "<strong>16</strong> The utterance of him who hears the words of God, And has the knowledge of the Most High, Who sees the vision of the Almighty, Who falls down, with eyes wide open:",
    "puborder": 4331,
    "translations": []
  },
  {
    "para_id": "14831.4378",
    "id_prev": "14831.4377",
    "id_next": "14831.4379",
    "refcode_1": "365N",
    "refcode_2": "44",
    "refcode_3": "88",
    "refcode_4": "",
    "refcode_short": "365N 44.88",
    "refcode_long": "NKJV Bible in 365 Days, p. 44.88 (Ellen G. White Estate)",
    "element_type": "p",
    "element_subtype": "standard-indented",
    "content": "<strong>17</strong> &#8220;I see Him, but not now; I behold Him, but not near; A Star shall come out of Jacob; A Scepter shall rise out of Israel, And <sup class=\"footnote\"><a class=\"footnote\">[b]<span class=\"footnote\">shatter the forehead</span></a></sup> batter the brow of Moab, And destroy all the sons of <sup class=\"footnote\"><a class=\"footnote\">[c]<span class=\"footnote\">Heb. Sheth, Jer. 48:45</span></a></sup> tumult.",
    "puborder": 4332,
    "translations": []
  },
  {
    "para_id": "14831.4379",
    "id_prev": "14831.4378",
    "id_next": "14831.4380",
    "refcode_1": "365N",
    "refcode_2": "44",
    "refcode_3": "89",
    "refcode_4": "",
    "refcode_short": "365N 44.89",
    "refcode_long": "NKJV Bible in 365 Days, p. 44.89 (Ellen G. White Estate)",
    "element_type": "p",
    "element_subtype": "standard-indented",
    "content": "<strong>18</strong> &#8220;And Edom shall be a possession; Seir also, his enemies, shall be a possession, While Israel does <sup class=\"footnote\"><a class=\"footnote\">[d]<span class=\"footnote\">mightily</span></a></sup> valiantly.",
    "puborder": 4333,
    "translations": []
  },
  {
    "para_id": "14831.4380",
    "id_prev": "14831.4379",
    "id_next": "14831.4381",
    "refcode_1": "365N",
    "refcode_2": "44",
    "refcode_3": "90",
    "refcode_4": "",
    "refcode_short": "365N 44.90",
    "refcode_long": "NKJV Bible in 365 Days, p. 44.90 (Ellen G. White Estate)",
    "element_type": "p",
    "element_subtype": "standard-indented",
    "content": "<strong>19</strong> Out of Jacob One <sup class=\"footnote\"><a class=\"footnote\">[e]<span class=\"footnote\">shall rule</span></a></sup> shall have dominion, And destroy the remains of the city.&#8221;",
    "puborder": 4334,
    "translations": []
  },
  {
    "para_id": "14831.4381",
    "id_prev": "14831.4380",
    "id_next": "14831.4382",
    "refcode_1": "365N",
    "refcode_2": "44",
    "refcode_3": "91",
    "refcode_4": "",
    "refcode_short": "365N 44.91",
    "refcode_long": "NKJV Bible in 365 Days, p. 44.91 (Ellen G. White Estate)",
    "element_type": "p",
    "element_subtype": "standard-indented",
    "content": "<strong>20</strong> Then he looked on Amalek, and he took up his oracle and said: &#8220;Amalek was first among the nations, But shall be last until he perishes.&#8221;",
    "puborder": 4335,
    "translations": []
  },
  {
    "para_id": "14831.4382",
    "id_prev": "14831.4381",
    "id_next": "14831.4383",
    "refcode_1": "365N",
    "refcode_2": "44",
    "refcode_3": "92",
    "refcode_4": "",
    "refcode_short": "365N 44.92",
    "refcode_long": "NKJV Bible in 365 Days, p. 44.92 (Ellen G. White Estate)",
    "element_type": "p",
    "element_subtype": "standard-indented",
    "content": "<strong>21</strong> Then he looked on the Kenites, and he took up his oracle and said: &#8220;Firm is your dwelling place, And your nest is set in the rock;",
    "puborder": 4336,
    "translations": []
  },
  {
    "para_id": "14831.4383",
    "id_prev": "14831.4382",
    "id_next": "14831.4384",
    "refcode_1": "365N",
    "refcode_2": "44",
    "refcode_3": "93",
    "refcode_4": "",
    "refcode_short": "365N 44.93",
    "refcode_long": "NKJV Bible in 365 Days, p. 44.93 (Ellen G. White Estate)",
    "element_type": "p",
    "element_subtype": "standard-indented",
    "content": "<strong>22</strong> Nevertheless Kain shall be burned. How long until Asshur carries you away captive?&#8221;",
    "puborder": 4337,
    "translations": []
  },
  {
    "para_id": "14831.4384",
    "id_prev": "14831.4383",
    "id_next": "14831.4385",
    "refcode_1": "365N",
    "refcode_2": "44",
    "refcode_3": "94",
    "refcode_4": "",
    "refcode_short": "365N 44.94",
    "refcode_long": "NKJV Bible in 365 Days, p. 44.94 (Ellen G. White Estate)",
    "element_type": "p",
    "element_subtype": "standard-indented",
    "content": "<strong>23</strong> Then he took up his oracle and said: &#8220;Alas! Who shall live when God does this?",
    "puborder": 4338,
    "translations": []
  },
  {
    "para_id": "14831.4385",
    "id_prev": "14831.4384",
    "id_next": "14831.4386",
    "refcode_1": "365N",
    "refcode_2": "44",
    "refcode_3": "95",
    "refcode_4": "",
    "refcode_short": "365N 44.95",
    "refcode_long": "NKJV Bible in 365 Days, p. 44.95 (Ellen G. White Estate)",
    "element_type": "p",
    "element_subtype": "standard-indented",
    "content": "<strong>24</strong> But ships shall come from the coasts of Cyprus, <sup class=\"footnote\"><a class=\"footnote\">[f]<span class=\"footnote\">Heb. Kittim</span></a></sup> And they shall afflict Asshur and afflict Eber, And so shall <sup class=\"footnote\"><a class=\"footnote\">[g]<span class=\"footnote\">Lit. he or that one</span></a></sup> Amalek , until he perishes.&#8221;",
    "puborder": 4339,
    "translations": []
  },
  {
    "para_id": "14831.4386",
    "id_prev": "14831.4385",
    "id_next": "14831.4388",
    "refcode_1": "365N",
    "refcode_2": "44",
    "refcode_3": "96",
    "refcode_4": "",
    "refcode_short": "365N 44.96",
    "refcode_long": "NKJV Bible in 365 Days, p. 44.96 (Ellen G. White Estate)",
    "element_type": "p",
    "element_subtype": "standard-indented",
    "content": "<strong>25</strong> So Balaam rose and departed and returned to his place; Balak also went his way.",
    "puborder": 4340,
    "translations": []
  }
]