[
  {
    "para_id": "14831.11366",
    "id_prev": "14831.11364",
    "id_next": "14831.11367",
    "refcode_1": "365N",
    "refcode_2": "113",
    "refcode_3": "",
    "refcode_4": "114",
    "refcode_short": "365N 113",
    "refcode_long": "NKJV Bible in 365 Days, p. 113 (Ellen G. White Estate)",
    "element_type": "h3",
    "element_subtype": "",
    "content": "Broken Walls, Opposition, Rebuilders Unite &mdash; April 23",
    "puborder": 11251,
    "translations": []
  },
  {
    "para_id": "14831.11367",
    "id_prev": "14831.11366",
    "id_next": "14831.11368",
    "refcode_1": "365N",
    "refcode_2": "113",
    "refcode_3": "",
    "refcode_4": "",
    "refcode_short": "",
    "refcode_long": "",
    "element_type": "p",
    "element_subtype": "standard-indented",
    "content": "<b>Nehemiah 1-3</b>",
    "puborder": 11252,
    "translations": []
  },
  {
    "para_id": "14831.11368",
    "id_prev": "14831.11367",
    "id_next": "14831.11369",
    "refcode_1": "365N",
    "refcode_2": "113",
    "refcode_3": "",
    "refcode_4": "",
    "refcode_short": "",
    "refcode_long": "",
    "element_type": "p",
    "element_subtype": "standard-indented",
    "content": "<b><i>Nehemiah 1</i></b>",
    "puborder": 11253,
    "translations": []
  },
  {
    "para_id": "14831.11369",
    "id_prev": "14831.11368",
    "id_next": "14831.11370",
    "refcode_1": "365N",
    "refcode_2": "113",
    "refcode_3": "1",
    "refcode_4": "",
    "refcode_short": "365N 113.1",
    "refcode_long": "NKJV Bible in 365 Days, p. 113.1 (Ellen G. White Estate)",
    "element_type": "p",
    "element_subtype": "standard-indented",
    "content": "<strong>1</strong> The words of Nehemiah the son of Hachaliah. It came to pass in the month of Chislev, in the twentieth year, as I was in Shushan <sup class=\"footnote\"><a class=\"footnote\">[a]<span class=\"footnote\">Or Susa</span></a></sup> the <sup class=\"footnote\"><a class=\"footnote\">[b]<span class=\"footnote\">Or fortified palace, and so elsewhere in the book</span></a></sup> citadel,",
    "puborder": 11254,
    "translations": []
  },
  {
    "para_id": "14831.11370",
    "id_prev": "14831.11369",
    "id_next": "14831.11371",
    "refcode_1": "365N",
    "refcode_2": "113",
    "refcode_3": "2",
    "refcode_4": "",
    "refcode_short": "365N 113.2",
    "refcode_long": "NKJV Bible in 365 Days, p. 113.2 (Ellen G. White Estate)",
    "element_type": "p",
    "element_subtype": "standard-indented",
    "content": "<strong>2</strong> that Hanani one of my brethren came with men from Judah; and I asked them concerning the Jews who had escaped, who had survived the captivity, and concerning Jerusalem.",
    "puborder": 11255,
    "translations": []
  },
  {
    "para_id": "14831.11371",
    "id_prev": "14831.11370",
    "id_next": "14831.11372",
    "refcode_1": "365N",
    "refcode_2": "113",
    "refcode_3": "3",
    "refcode_4": "",
    "refcode_short": "365N 113.3",
    "refcode_long": "NKJV Bible in 365 Days, p. 113.3 (Ellen G. White Estate)",
    "element_type": "p",
    "element_subtype": "standard-indented",
    "content": "<strong>3</strong> And they said to me, &#8220;The survivors who are left from the captivity in the province are there in great distress and reproach. The wall of Jerusalem is also broken down, and its gates are burned with fire.&#8221;",
    "puborder": 11256,
    "translations": []
  },
  {
    "para_id": "14831.11372",
    "id_prev": "14831.11371",
    "id_next": "14831.11373",
    "refcode_1": "365N",
    "refcode_2": "113",
    "refcode_3": "4",
    "refcode_4": "",
    "refcode_short": "365N 113.4",
    "refcode_long": "NKJV Bible in 365 Days, p. 113.4 (Ellen G. White Estate)",
    "element_type": "p",
    "element_subtype": "standard-indented",
    "content": "<strong>4</strong> So it was, when I heard these words, that I sat down and wept, and mourned for many days; I was fasting and praying before the God of heaven.",
    "puborder": 11257,
    "translations": []
  },
  {
    "para_id": "14831.11373",
    "id_prev": "14831.11372",
    "id_next": "14831.11374",
    "refcode_1": "365N",
    "refcode_2": "113",
    "refcode_3": "5",
    "refcode_4": "",
    "refcode_short": "365N 113.5",
    "refcode_long": "NKJV Bible in 365 Days, p. 113.5 (Ellen G. White Estate)",
    "element_type": "p",
    "element_subtype": "standard-indented",
    "content": "<strong>5</strong> And I said: &#8220;I pray, Lord God of heaven, O great and awesome God, You who keep Your covenant and mercy with those who love <sup class=\"footnote\"><a class=\"footnote\">[c]<span class=\"footnote\">Lit. Him</span></a></sup> You and observe <sup class=\"footnote\"><a class=\"footnote\">[d]<span class=\"footnote\">Lit. His</span></a></sup> Your commandments,",
    "puborder": 11258,
    "translations": []
  },
  {
    "para_id": "14831.11374",
    "id_prev": "14831.11373",
    "id_next": "14831.11375",
    "refcode_1": "365N",
    "refcode_2": "113",
    "refcode_3": "6",
    "refcode_4": "",
    "refcode_short": "365N 113.6",
    "refcode_long": "NKJV Bible in 365 Days, p. 113.6 (Ellen G. White Estate)",
    "element_type": "p",
    "element_subtype": "standard-indented",
    "content": "<strong>6</strong> please let Your ear be attentive and Your eyes open, that You may hear the prayer of Your servant which I pray before You now, day and night, for the children of Israel Your servants, and confess the sins of the children of Israel which we have sinned against You. Both my father&#8217;s house and I have sinned.",
    "puborder": 11259,
    "translations": []
  },
  {
    "para_id": "14831.11375",
    "id_prev": "14831.11374",
    "id_next": "14831.11376",
    "refcode_1": "365N",
    "refcode_2": "113",
    "refcode_3": "7",
    "refcode_4": "",
    "refcode_short": "365N 113.7",
    "refcode_long": "NKJV Bible in 365 Days, p. 113.7 (Ellen G. White Estate)",
    "element_type": "p",
    "element_subtype": "standard-indented",
    "content": "<strong>7</strong> We have acted very corruptly against You, and have not kept the commandments, the statutes, nor the ordinances which You commanded Your servant Moses.",
    "puborder": 11260,
    "translations": []
  },
  {
    "para_id": "14831.11376",
    "id_prev": "14831.11375",
    "id_next": "14831.11377",
    "refcode_1": "365N",
    "refcode_2": "113",
    "refcode_3": "8",
    "refcode_4": "",
    "refcode_short": "365N 113.8",
    "refcode_long": "NKJV Bible in 365 Days, p. 113.8 (Ellen G. White Estate)",
    "element_type": "p",
    "element_subtype": "standard-indented",
    "content": "<strong>8</strong> Remember, I pray, the word that You commanded Your servant Moses, saying, &#8216; If you <sup class=\"footnote\"><a class=\"footnote\">[e]<span class=\"footnote\">act treacherously</span></a></sup> are unfaithful, I will scatter you among the nations;",
    "puborder": 11261,
    "translations": []
  },
  {
    "para_id": "14831.11377",
    "id_prev": "14831.11376",
    "id_next": "14831.11378",
    "refcode_1": "365N",
    "refcode_2": "113",
    "refcode_3": "9",
    "refcode_4": "",
    "refcode_short": "365N 113.9",
    "refcode_long": "NKJV Bible in 365 Days, p. 113.9 (Ellen G. White Estate)",
    "element_type": "p",
    "element_subtype": "standard-indented",
    "content": "<strong>9</strong> but if you return to Me, and keep My commandments and do them, though some of you were cast out to the farthest part of the heavens, yet I will gather them from there, and bring them to the place which I have chosen as a dwelling for My name.&#8217;",
    "puborder": 11262,
    "translations": []
  },
  {
    "para_id": "14831.11378",
    "id_prev": "14831.11377",
    "id_next": "14831.11379",
    "refcode_1": "365N",
    "refcode_2": "113",
    "refcode_3": "10",
    "refcode_4": "",
    "refcode_short": "365N 113.10",
    "refcode_long": "NKJV Bible in 365 Days, p. 113.10 (Ellen G. White Estate)",
    "element_type": "p",
    "element_subtype": "standard-indented",
    "content": "<strong>10</strong> Now these are Your servants and Your people, whom You have redeemed by Your great power, and by Your strong hand.",
    "puborder": 11263,
    "translations": []
  },
  {
    "para_id": "14831.11379",
    "id_prev": "14831.11378",
    "id_next": "14831.11380",
    "refcode_1": "365N",
    "refcode_2": "113",
    "refcode_3": "11",
    "refcode_4": "",
    "refcode_short": "365N 113.11",
    "refcode_long": "NKJV Bible in 365 Days, p. 113.11 (Ellen G. White Estate)",
    "element_type": "p",
    "element_subtype": "standard-indented",
    "content": "<strong>11</strong> O Lord, I pray, please let Your ear be attentive to the prayer of Your servant, and to the prayer of Your servants who desire to fear Your name; and let Your servant prosper this day, I pray, and grant him mercy in the sight of this man.&#8221; For I was the king&#8217;s cupbearer.",
    "puborder": 11264,
    "translations": []
  },
  {
    "para_id": "14831.11380",
    "id_prev": "14831.11379",
    "id_next": "14831.11381",
    "refcode_1": "365N",
    "refcode_2": "113",
    "refcode_3": "",
    "refcode_4": "",
    "refcode_short": "",
    "refcode_long": "",
    "element_type": "p",
    "element_subtype": "standard-indented",
    "content": "<b><i>Nehemiah 2</i></b>",
    "puborder": 11265,
    "translations": []
  },
  {
    "para_id": "14831.11381",
    "id_prev": "14831.11380",
    "id_next": "14831.11382",
    "refcode_1": "365N",
    "refcode_2": "113",
    "refcode_3": "12",
    "refcode_4": "",
    "refcode_short": "365N 113.12",
    "refcode_long": "NKJV Bible in 365 Days, p. 113.12 (Ellen G. White Estate)",
    "element_type": "p",
    "element_subtype": "standard-indented",
    "content": "<strong>1</strong> And it came to pass in the month of Nisan, in the twentieth year of King <sup class=\"footnote\"><a class=\"footnote\">[a]<span class=\"footnote\">Artaxerxes Longimanus</span></a></sup> Artaxerxes, when wine was before him, that I took the wine and gave it to the king. Now I had never been sad in his presence before.",
    "puborder": 11266,
    "translations": []
  },
  {
    "para_id": "14831.11382",
    "id_prev": "14831.11381",
    "id_next": "14831.11383",
    "refcode_1": "365N",
    "refcode_2": "113",
    "refcode_3": "13",
    "refcode_4": "",
    "refcode_short": "365N 113.13",
    "refcode_long": "NKJV Bible in 365 Days, p. 113.13 (Ellen G. White Estate)",
    "element_type": "p",
    "element_subtype": "standard-indented",
    "content": "<strong>2</strong> Therefore the king said to me, &#8220;Why is your face sad, since you are not sick? This is nothing but sorrow of heart.&#8221; So I became <sup class=\"footnote\"><a class=\"footnote\">[b]<span class=\"footnote\">Lit. very much</span></a></sup> dreadfully afraid,",
    "puborder": 11267,
    "translations": []
  },
  {
    "para_id": "14831.11383",
    "id_prev": "14831.11382",
    "id_next": "14831.11384",
    "refcode_1": "365N",
    "refcode_2": "113",
    "refcode_3": "14",
    "refcode_4": "",
    "refcode_short": "365N 113.14",
    "refcode_long": "NKJV Bible in 365 Days, p. 113.14 (Ellen G. White Estate)",
    "element_type": "p",
    "element_subtype": "standard-indented",
    "content": "<strong>3</strong> and said to the king, &#8220;May the king live forever! Why should my face not be sad, when the city, the place of my fathers&#8217; tombs, lies waste, and its gates are burned with fire?&#8221;",
    "puborder": 11268,
    "translations": []
  },
  {
    "para_id": "14831.11384",
    "id_prev": "14831.11383",
    "id_next": "14831.11385",
    "refcode_1": "365N",
    "refcode_2": "113",
    "refcode_3": "15",
    "refcode_4": "",
    "refcode_short": "365N 113.15",
    "refcode_long": "NKJV Bible in 365 Days, p. 113.15 (Ellen G. White Estate)",
    "element_type": "p",
    "element_subtype": "standard-indented",
    "content": "<strong>4</strong> Then the king said to me, &#8220;What do you request?&#8221; So I prayed to the God of heaven.",
    "puborder": 11269,
    "translations": []
  },
  {
    "para_id": "14831.11385",
    "id_prev": "14831.11384",
    "id_next": "14831.11386",
    "refcode_1": "365N",
    "refcode_2": "113",
    "refcode_3": "16",
    "refcode_4": "",
    "refcode_short": "365N 113.16",
    "refcode_long": "NKJV Bible in 365 Days, p. 113.16 (Ellen G. White Estate)",
    "element_type": "p",
    "element_subtype": "standard-indented",
    "content": "<strong>5</strong> And I said to the king, &#8220;If it pleases the king, and if your servant has found favor in your sight, I ask that you send me to Judah, to the city of my fathers&#8217; tombs, that I may rebuild it.&#8221;",
    "puborder": 11270,
    "translations": []
  },
  {
    "para_id": "14831.11386",
    "id_prev": "14831.11385",
    "id_next": "14831.11387",
    "refcode_1": "365N",
    "refcode_2": "113",
    "refcode_3": "17",
    "refcode_4": "",
    "refcode_short": "365N 113.17",
    "refcode_long": "NKJV Bible in 365 Days, p. 113.17 (Ellen G. White Estate)",
    "element_type": "p",
    "element_subtype": "standard-indented",
    "content": "<strong>6</strong> Then the king said to me (the queen also sitting beside him), &#8220;How long will your journey be? And when will you return?&#8221; So it pleased the king to send me; and I set him a time.",
    "puborder": 11271,
    "translations": []
  },
  {
    "para_id": "14831.11387",
    "id_prev": "14831.11386",
    "id_next": "14831.11388",
    "refcode_1": "365N",
    "refcode_2": "113",
    "refcode_3": "18",
    "refcode_4": "",
    "refcode_short": "365N 113.18",
    "refcode_long": "NKJV Bible in 365 Days, p. 113.18 (Ellen G. White Estate)",
    "element_type": "p",
    "element_subtype": "standard-indented",
    "content": "<strong>7</strong> Furthermore I said to the king, &#8220;If it pleases the king, let letters be given to me for the governors of the region beyond <sup class=\"footnote\"><a class=\"footnote\">[c]<span class=\"footnote\">The Euphrates</span></a></sup> the River, that they must permit me to pass through till I come to Judah,",
    "puborder": 11272,
    "translations": []
  },
  {
    "para_id": "14831.11388",
    "id_prev": "14831.11387",
    "id_next": "14831.11389",
    "refcode_1": "365N",
    "refcode_2": "113",
    "refcode_3": "19",
    "refcode_4": "",
    "refcode_short": "365N 113.19",
    "refcode_long": "NKJV Bible in 365 Days, p. 113.19 (Ellen G. White Estate)",
    "element_type": "p",
    "element_subtype": "standard-indented",
    "content": "<strong>8</strong> and a letter to Asaph the keeper of the king&#8217;s forest, that he must give me timber to make beams for the gates of the <sup class=\"footnote\"><a class=\"footnote\">[d]<span class=\"footnote\">palace</span></a></sup> citadel which pertains to the <sup class=\"footnote\"><a class=\"footnote\">[e]<span class=\"footnote\">Lit. house</span></a></sup> temple, for the city wall, and for the house that I will occupy.&#8221; And the king granted them to me according to the good hand of my God upon me.",
    "puborder": 11273,
    "translations": []
  },
  {
    "para_id": "14831.11389",
    "id_prev": "14831.11388",
    "id_next": "14831.11390",
    "refcode_1": "365N",
    "refcode_2": "113",
    "refcode_3": "20",
    "refcode_4": "",
    "refcode_short": "365N 113.20",
    "refcode_long": "NKJV Bible in 365 Days, p. 113.20 (Ellen G. White Estate)",
    "element_type": "p",
    "element_subtype": "standard-indented",
    "content": "<strong>9</strong> Then I went to the governors in the region beyond the River, and gave them the king&#8217;s letters. Now the king had sent captains of the army and horsemen with me.",
    "puborder": 11274,
    "translations": []
  },
  {
    "para_id": "14831.11390",
    "id_prev": "14831.11389",
    "id_next": "14831.11391",
    "refcode_1": "365N",
    "refcode_2": "113",
    "refcode_3": "21",
    "refcode_4": "",
    "refcode_short": "365N 113.21",
    "refcode_long": "NKJV Bible in 365 Days, p. 113.21 (Ellen G. White Estate)",
    "element_type": "p",
    "element_subtype": "standard-indented",
    "content": "<strong>10</strong> When Sanballat the Horonite and Tobiah the Ammonite <sup class=\"footnote\"><a class=\"footnote\">[f]<span class=\"footnote\">Lit. servant</span></a></sup> official heard of it, they were deeply disturbed that a man had come to seek the well-being of the children of Israel.",
    "puborder": 11275,
    "translations": []
  },
  {
    "para_id": "14831.11391",
    "id_prev": "14831.11390",
    "id_next": "14831.11392",
    "refcode_1": "365N",
    "refcode_2": "113",
    "refcode_3": "22",
    "refcode_4": "",
    "refcode_short": "365N 113.22",
    "refcode_long": "NKJV Bible in 365 Days, p. 113.22 (Ellen G. White Estate)",
    "element_type": "p",
    "element_subtype": "standard-indented",
    "content": "<strong>11</strong> So I came to Jerusalem and was there three days.",
    "puborder": 11276,
    "translations": []
  },
  {
    "para_id": "14831.11392",
    "id_prev": "14831.11391",
    "id_next": "14831.11393",
    "refcode_1": "365N",
    "refcode_2": "113",
    "refcode_3": "23",
    "refcode_4": "",
    "refcode_short": "365N 113.23",
    "refcode_long": "NKJV Bible in 365 Days, p. 113.23 (Ellen G. White Estate)",
    "element_type": "p",
    "element_subtype": "standard-indented",
    "content": "<strong>12</strong> Then I arose in the night, I and a few men with me; I told no one what my God had put in my heart to do at Jerusalem; nor was there any animal with me, except the one on which I rode.",
    "puborder": 11277,
    "translations": []
  },
  {
    "para_id": "14831.11393",
    "id_prev": "14831.11392",
    "id_next": "14831.11394",
    "refcode_1": "365N",
    "refcode_2": "113",
    "refcode_3": "24",
    "refcode_4": "",
    "refcode_short": "365N 113.24",
    "refcode_long": "NKJV Bible in 365 Days, p. 113.24 (Ellen G. White Estate)",
    "element_type": "p",
    "element_subtype": "standard-indented",
    "content": "<strong>13</strong> And I went out by night through the Valley Gate to the Serpent Well and the <sup class=\"footnote\"><a class=\"footnote\">[g]<span class=\"footnote\">Dung</span></a></sup> Refuse Gate, and <sup class=\"footnote\"><a class=\"footnote\">[h]<span class=\"footnote\">examined</span></a></sup> viewed the walls of Jerusalem which were broken down and its gates which were burned with fire.",
    "puborder": 11278,
    "translations": []
  },
  {
    "para_id": "14831.11394",
    "id_prev": "14831.11393",
    "id_next": "14831.11395",
    "refcode_1": "365N",
    "refcode_2": "113",
    "refcode_3": "25",
    "refcode_4": "",
    "refcode_short": "365N 113.25",
    "refcode_long": "NKJV Bible in 365 Days, p. 113.25 (Ellen G. White Estate)",
    "element_type": "p",
    "element_subtype": "standard-indented",
    "content": "<strong>14</strong> Then I went on to the Fountain Gate and to the King&#8217;s Pool, but there was no room for the animal under me to pass.",
    "puborder": 11279,
    "translations": []
  },
  {
    "para_id": "14831.11395",
    "id_prev": "14831.11394",
    "id_next": "14831.11396",
    "refcode_1": "365N",
    "refcode_2": "113",
    "refcode_3": "26",
    "refcode_4": "",
    "refcode_short": "365N 113.26",
    "refcode_long": "NKJV Bible in 365 Days, p. 113.26 (Ellen G. White Estate)",
    "element_type": "p",
    "element_subtype": "standard-indented",
    "content": "<strong>15</strong> So I went up in the night by the valley, <sup class=\"footnote\"><a class=\"footnote\">[i]<span class=\"footnote\">torrent valley, wadi</span></a></sup> and <sup class=\"footnote\"><a class=\"footnote\">[j]<span class=\"footnote\">examined</span></a></sup> viewed the wall; then I turned back and entered by the Valley Gate, and so returned.",
    "puborder": 11280,
    "translations": []
  },
  {
    "para_id": "14831.11396",
    "id_prev": "14831.11395",
    "id_next": "14831.11397",
    "refcode_1": "365N",
    "refcode_2": "113",
    "refcode_3": "27",
    "refcode_4": "",
    "refcode_short": "365N 113.27",
    "refcode_long": "NKJV Bible in 365 Days, p. 113.27 (Ellen G. White Estate)",
    "element_type": "p",
    "element_subtype": "standard-indented",
    "content": "<strong>16</strong> And the officials did not know where I had gone or what I had done; I had not yet told the Jews, the priests, the nobles, the officials, or the others who did the work.",
    "puborder": 11281,
    "translations": []
  },
  {
    "para_id": "14831.11397",
    "id_prev": "14831.11396",
    "id_next": "14831.11398",
    "refcode_1": "365N",
    "refcode_2": "113",
    "refcode_3": "28",
    "refcode_4": "",
    "refcode_short": "365N 113.28",
    "refcode_long": "NKJV Bible in 365 Days, p. 113.28 (Ellen G. White Estate)",
    "element_type": "p",
    "element_subtype": "standard-indented",
    "content": "<strong>17</strong> Then I said to them, &#8220;You see the distress that we are in, how Jerusalem lies <sup class=\"footnote\"><a class=\"footnote\">[k]<span class=\"footnote\">desolate</span></a></sup> waste, and its gates are burned with fire. Come and let us build the wall of Jerusalem, that we may no longer be a reproach.&#8221;",
    "puborder": 11282,
    "translations": []
  },
  {
    "para_id": "14831.11398",
    "id_prev": "14831.11397",
    "id_next": "14831.11399",
    "refcode_1": "365N",
    "refcode_2": "113",
    "refcode_3": "29",
    "refcode_4": "",
    "refcode_short": "365N 113.29",
    "refcode_long": "NKJV Bible in 365 Days, p. 113.29 (Ellen G. White Estate)",
    "element_type": "p",
    "element_subtype": "standard-indented",
    "content": "<strong>18</strong> And I told them of the hand of my God which had been good upon me, and also of the king&#8217;s words that he had spoken to me. So they said, &#8220;Let us rise up and build.&#8221; Then they set <sup class=\"footnote\"><a class=\"footnote\">[l]<span class=\"footnote\">Lit. strengthened</span></a></sup> their hands to this good work.",
    "puborder": 11283,
    "translations": []
  },
  {
    "para_id": "14831.11399",
    "id_prev": "14831.11398",
    "id_next": "14831.11400",
    "refcode_1": "365N",
    "refcode_2": "113",
    "refcode_3": "30",
    "refcode_4": "",
    "refcode_short": "365N 113.30",
    "refcode_long": "NKJV Bible in 365 Days, p. 113.30 (Ellen G. White Estate)",
    "element_type": "p",
    "element_subtype": "standard-indented",
    "content": "<strong>19</strong> But when Sanballat the Horonite, Tobiah the Ammonite official, and Geshem the Arab heard of it, they laughed at us and despised us, and said, &#8220;What is this thing that you are doing? Will you rebel against the king?&#8221;",
    "puborder": 11284,
    "translations": []
  },
  {
    "para_id": "14831.11400",
    "id_prev": "14831.11399",
    "id_next": "14831.11401",
    "refcode_1": "365N",
    "refcode_2": "113",
    "refcode_3": "31",
    "refcode_4": "",
    "refcode_short": "365N 113.31",
    "refcode_long": "NKJV Bible in 365 Days, p. 113.31 (Ellen G. White Estate)",
    "element_type": "p",
    "element_subtype": "standard-indented",
    "content": "<strong>20</strong> So I answered them, and said to them, &#8220;The God of heaven Himself will prosper us; therefore we His servants will arise and build, but you have no heritage or right or memorial in Jerusalem.&#8221;",
    "puborder": 11285,
    "translations": []
  },
  {
    "para_id": "14831.11401",
    "id_prev": "14831.11400",
    "id_next": "14831.11402",
    "refcode_1": "365N",
    "refcode_2": "113",
    "refcode_3": "",
    "refcode_4": "",
    "refcode_short": "",
    "refcode_long": "",
    "element_type": "p",
    "element_subtype": "standard-indented",
    "content": "<b><i>Nehemiah 3</i></b>",
    "puborder": 11286,
    "translations": []
  },
  {
    "para_id": "14831.11402",
    "id_prev": "14831.11401",
    "id_next": "14831.11403",
    "refcode_1": "365N",
    "refcode_2": "113",
    "refcode_3": "32",
    "refcode_4": "",
    "refcode_short": "365N 113.32",
    "refcode_long": "NKJV Bible in 365 Days, p. 113.32 (Ellen G. White Estate)",
    "element_type": "p",
    "element_subtype": "standard-indented",
    "content": "<strong>1</strong> Then Eliashib the high priest rose up with his brethren the priests and built the Sheep Gate; they consecrated it and hung its doors. They built as far as the Tower of <sup class=\"footnote\"><a class=\"footnote\">[a]<span class=\"footnote\">Heb. Hammeah</span></a></sup> the Hundred, and consecrated it, then as far as the Tower of Hananel.",
    "puborder": 11287,
    "translations": []
  },
  {
    "para_id": "14831.11403",
    "id_prev": "14831.11402",
    "id_next": "14831.11404",
    "refcode_1": "365N",
    "refcode_2": "113",
    "refcode_3": "33",
    "refcode_4": "",
    "refcode_short": "365N 113.33",
    "refcode_long": "NKJV Bible in 365 Days, p. 113.33 (Ellen G. White Estate)",
    "element_type": "p",
    "element_subtype": "standard-indented",
    "content": "<strong>2</strong> <sup class=\"footnote\"><a class=\"footnote\">[b]<span class=\"footnote\">Lit. On his hand</span></a></sup> Next to Eliashib the men of Jericho built. And next to them Zaccur the son of Imri built.",
    "puborder": 11288,
    "translations": []
  },
  {
    "para_id": "14831.11404",
    "id_prev": "14831.11403",
    "id_next": "14831.11405",
    "refcode_1": "365N",
    "refcode_2": "113",
    "refcode_3": "34",
    "refcode_4": "",
    "refcode_short": "365N 113.34",
    "refcode_long": "NKJV Bible in 365 Days, p. 113.34 (Ellen G. White Estate)",
    "element_type": "p",
    "element_subtype": "standard-indented",
    "content": "<strong>3</strong> Also the sons of Hassenaah built the Fish Gate; they laid its beams and hung its doors with its bolts and bars.",
    "puborder": 11289,
    "translations": []
  },
  {
    "para_id": "14831.11405",
    "id_prev": "14831.11404",
    "id_next": "14831.11406",
    "refcode_1": "365N",
    "refcode_2": "113",
    "refcode_3": "35",
    "refcode_4": "",
    "refcode_short": "365N 113.35",
    "refcode_long": "NKJV Bible in 365 Days, p. 113.35 (Ellen G. White Estate)",
    "element_type": "p",
    "element_subtype": "standard-indented",
    "content": "<strong>4</strong> And next to them Meremoth the son of Urijah, the son of <sup class=\"footnote\"><a class=\"footnote\">[c]<span class=\"footnote\">Or Hakkoz</span></a></sup> Koz, made repairs. Next to them Meshullam the son of Berechiah, the son of Meshezabel, made repairs. Next to them Zadok the son of Baana made repairs.",
    "puborder": 11290,
    "translations": []
  },
  {
    "para_id": "14831.11406",
    "id_prev": "14831.11405",
    "id_next": "14831.11407",
    "refcode_1": "365N",
    "refcode_2": "113",
    "refcode_3": "36",
    "refcode_4": "",
    "refcode_short": "365N 113.36",
    "refcode_long": "NKJV Bible in 365 Days, p. 113.36 (Ellen G. White Estate)",
    "element_type": "p",
    "element_subtype": "standard-indented",
    "content": "<strong>5</strong> Next to them the Tekoites made repairs; but their nobles did not put their <sup class=\"footnote\"><a class=\"footnote\">[d]<span class=\"footnote\">Lit. necks</span></a></sup> shoulders to the work of their Lord.",
    "puborder": 11291,
    "translations": []
  },
  {
    "para_id": "14831.11407",
    "id_prev": "14831.11406",
    "id_next": "14831.11408",
    "refcode_1": "365N",
    "refcode_2": "113",
    "refcode_3": "37",
    "refcode_4": "",
    "refcode_short": "365N 113.37",
    "refcode_long": "NKJV Bible in 365 Days, p. 113.37 (Ellen G. White Estate)",
    "element_type": "p",
    "element_subtype": "standard-indented",
    "content": "<strong>6</strong> Moreover Jehoiada the son of Paseah and Meshullam the son of Besodeiah repaired the Old Gate; they laid its beams and hung its doors, with its bolts and bars.",
    "puborder": 11292,
    "translations": []
  },
  {
    "para_id": "14831.11408",
    "id_prev": "14831.11407",
    "id_next": "14831.11409",
    "refcode_1": "365N",
    "refcode_2": "113",
    "refcode_3": "38",
    "refcode_4": "",
    "refcode_short": "365N 113.38",
    "refcode_long": "NKJV Bible in 365 Days, p. 113.38 (Ellen G. White Estate)",
    "element_type": "p",
    "element_subtype": "standard-indented",
    "content": "<strong>7</strong> And next to them Melatiah the Gibeonite, Jadon the Meronothite, the men of Gibeon and Mizpah, repaired the residence <sup class=\"footnote\"><a class=\"footnote\">[e]<span class=\"footnote\">Lit. throne</span></a></sup> of the governor of the region <sup class=\"footnote\"><a class=\"footnote\">[f]<span class=\"footnote\">West of the Euphrates</span></a></sup> beyond the River.",
    "puborder": 11293,
    "translations": []
  },
  {
    "para_id": "14831.11409",
    "id_prev": "14831.11408",
    "id_next": "14831.11410",
    "refcode_1": "365N",
    "refcode_2": "113",
    "refcode_3": "39",
    "refcode_4": "",
    "refcode_short": "365N 113.39",
    "refcode_long": "NKJV Bible in 365 Days, p. 113.39 (Ellen G. White Estate)",
    "element_type": "p",
    "element_subtype": "standard-indented",
    "content": "<strong>8</strong> Next to him Uzziel the son of Harhaiah, one of the goldsmiths, made repairs. Also next to him Hananiah, <sup class=\"footnote\"><a class=\"footnote\">[g]<span class=\"footnote\">Lit. the son</span></a></sup> one of the perfumers, made repairs; and they <sup class=\"footnote\"><a class=\"footnote\">[h]<span class=\"footnote\">restored</span></a></sup> fortified Jerusalem as far as the Broad Wall.",
    "puborder": 11294,
    "translations": []
  },
  {
    "para_id": "14831.11410",
    "id_prev": "14831.11409",
    "id_next": "14831.11411",
    "refcode_1": "365N",
    "refcode_2": "113",
    "refcode_3": "40",
    "refcode_4": "",
    "refcode_short": "365N 113.40",
    "refcode_long": "NKJV Bible in 365 Days, p. 113.40 (Ellen G. White Estate)",
    "element_type": "p",
    "element_subtype": "standard-indented",
    "content": "<strong>9</strong> And next to them Rephaiah the son of Hur, leader of half the district of Jerusalem, made repairs.",
    "puborder": 11295,
    "translations": []
  },
  {
    "para_id": "14831.11411",
    "id_prev": "14831.11410",
    "id_next": "14831.11412",
    "refcode_1": "365N",
    "refcode_2": "113",
    "refcode_3": "41",
    "refcode_4": "",
    "refcode_short": "365N 113.41",
    "refcode_long": "NKJV Bible in 365 Days, p. 113.41 (Ellen G. White Estate)",
    "element_type": "p",
    "element_subtype": "standard-indented",
    "content": "<strong>10</strong> Next to them Jedaiah the son of Harumaph made repairs in front of his house. And next to him Hattush the son of Hashabniah made repairs.",
    "puborder": 11296,
    "translations": []
  },
  {
    "para_id": "14831.11412",
    "id_prev": "14831.11411",
    "id_next": "14831.11413",
    "refcode_1": "365N",
    "refcode_2": "113",
    "refcode_3": "42",
    "refcode_4": "",
    "refcode_short": "365N 113.42",
    "refcode_long": "NKJV Bible in 365 Days, p. 113.42 (Ellen G. White Estate)",
    "element_type": "p",
    "element_subtype": "standard-indented",
    "content": "<strong>11</strong> Malchijah the son of Harim and Hashub the son of Pahath-Moab repaired another section, as well as the Tower of the Ovens.",
    "puborder": 11297,
    "translations": []
  },
  {
    "para_id": "14831.11413",
    "id_prev": "14831.11412",
    "id_next": "14831.11414",
    "refcode_1": "365N",
    "refcode_2": "113",
    "refcode_3": "43",
    "refcode_4": "",
    "refcode_short": "365N 113.43",
    "refcode_long": "NKJV Bible in 365 Days, p. 113.43 (Ellen G. White Estate)",
    "element_type": "p",
    "element_subtype": "standard-indented",
    "content": "<strong>12</strong> And next to him was Shallum the son of Hallohesh, leader of half the district of Jerusalem; he and his daughters made repairs.",
    "puborder": 11298,
    "translations": []
  },
  {
    "para_id": "14831.11414",
    "id_prev": "14831.11413",
    "id_next": "14831.11415",
    "refcode_1": "365N",
    "refcode_2": "113",
    "refcode_3": "44",
    "refcode_4": "",
    "refcode_short": "365N 113.44",
    "refcode_long": "NKJV Bible in 365 Days, p. 113.44 (Ellen G. White Estate)",
    "element_type": "p",
    "element_subtype": "standard-indented",
    "content": "<strong>13</strong> Hanun and the inhabitants of Zanoah repaired the Valley Gate. They built it, hung its doors with its bolts and bars, and repaired a thousand cubits of the wall as far as the Refuse Gate.",
    "puborder": 11299,
    "translations": []
  },
  {
    "para_id": "14831.11415",
    "id_prev": "14831.11414",
    "id_next": "14831.11416",
    "refcode_1": "365N",
    "refcode_2": "113",
    "refcode_3": "45",
    "refcode_4": "",
    "refcode_short": "365N 113.45",
    "refcode_long": "NKJV Bible in 365 Days, p. 113.45 (Ellen G. White Estate)",
    "element_type": "p",
    "element_subtype": "standard-indented",
    "content": "<strong>14</strong> Malchijah the son of Rechab, leader of the district of Beth Haccerem, repaired the Refuse Gate; he built it and hung its doors with its bolts and bars.",
    "puborder": 11300,
    "translations": []
  },
  {
    "para_id": "14831.11416",
    "id_prev": "14831.11415",
    "id_next": "14831.11417",
    "refcode_1": "365N",
    "refcode_2": "113",
    "refcode_3": "46",
    "refcode_4": "",
    "refcode_short": "365N 113.46",
    "refcode_long": "NKJV Bible in 365 Days, p. 113.46 (Ellen G. White Estate)",
    "element_type": "p",
    "element_subtype": "standard-indented",
    "content": "<strong>15</strong> Shallun the son of Col-Hozeh, leader of the district of Mizpah, repaired the Fountain Gate; he built it, covered it, hung its doors with its bolts and bars, and repaired the wall of the Pool of Shelah <sup class=\"footnote\"><a class=\"footnote\">[i]<span class=\"footnote\">Or Shiloah</span></a></sup> by the King&#8217;s Garden, as far as the stairs that go down from the City of David.",
    "puborder": 11301,
    "translations": []
  },
  {
    "para_id": "14831.11417",
    "id_prev": "14831.11416",
    "id_next": "14831.11418",
    "refcode_1": "365N",
    "refcode_2": "113",
    "refcode_3": "47",
    "refcode_4": "",
    "refcode_short": "365N 113.47",
    "refcode_long": "NKJV Bible in 365 Days, p. 113.47 (Ellen G. White Estate)",
    "element_type": "p",
    "element_subtype": "standard-indented",
    "content": "<strong>16</strong> After him Nehemiah the son of Azbuk, leader of half the district of Beth Zur, made repairs as far as the place in front of the <sup class=\"footnote\"><a class=\"footnote\">[j]<span class=\"footnote\">LXX, Syr., Vg. tomb</span></a></sup> tombs of David, to the man-made pool, and as far as the House of the Mighty.",
    "puborder": 11302,
    "translations": []
  },
  {
    "para_id": "14831.11418",
    "id_prev": "14831.11417",
    "id_next": "14831.11419",
    "refcode_1": "365N",
    "refcode_2": "113",
    "refcode_3": "48",
    "refcode_4": "",
    "refcode_short": "365N 113.48",
    "refcode_long": "NKJV Bible in 365 Days, p. 113.48 (Ellen G. White Estate)",
    "element_type": "p",
    "element_subtype": "standard-indented",
    "content": "<strong>17</strong> After him the Levites, under Rehum the son of Bani, made repairs. Next to him Hashabiah, leader of half the district of Keilah, made repairs for his district.",
    "puborder": 11303,
    "translations": []
  },
  {
    "para_id": "14831.11419",
    "id_prev": "14831.11418",
    "id_next": "14831.11420",
    "refcode_1": "365N",
    "refcode_2": "113",
    "refcode_3": "49",
    "refcode_4": "",
    "refcode_short": "365N 113.49",
    "refcode_long": "NKJV Bible in 365 Days, p. 113.49 (Ellen G. White Estate)",
    "element_type": "p",
    "element_subtype": "standard-indented",
    "content": "<strong>18</strong> After him their brethren, under <sup class=\"footnote\"><a class=\"footnote\">[k]<span class=\"footnote\">So with MT, Vg.; some Heb. mss., LXX, Syr. Binnui (cf. v. 24)</span></a></sup> Bavai the son of Henadad, leader of the other half of the district of Keilah, made repairs.",
    "puborder": 11304,
    "translations": []
  },
  {
    "para_id": "14831.11420",
    "id_prev": "14831.11419",
    "id_next": "14831.11421",
    "refcode_1": "365N",
    "refcode_2": "113",
    "refcode_3": "50",
    "refcode_4": "",
    "refcode_short": "365N 113.50",
    "refcode_long": "NKJV Bible in 365 Days, p. 113.50 (Ellen G. White Estate)",
    "element_type": "p",
    "element_subtype": "standard-indented",
    "content": "<strong>19</strong> And next to him Ezer the son of Jeshua, the leader of Mizpah, repaired another section in front of the Ascent to the Armory at the buttress. <sup class=\"footnote\"><a class=\"footnote\">[l]<span class=\"footnote\">Lit. turning</span></a></sup>",
    "puborder": 11305,
    "translations": []
  },
  {
    "para_id": "14831.11421",
    "id_prev": "14831.11420",
    "id_next": "14831.11422",
    "refcode_1": "365N",
    "refcode_2": "113",
    "refcode_3": "51",
    "refcode_4": "",
    "refcode_short": "365N 113.51",
    "refcode_long": "NKJV Bible in 365 Days, p. 113.51 (Ellen G. White Estate)",
    "element_type": "p",
    "element_subtype": "standard-indented",
    "content": "<strong>20</strong> After him Baruch the son of <sup class=\"footnote\"><a class=\"footnote\">[m]<span class=\"footnote\">A few Heb. mss., Syr., Vg. Zaccai</span></a></sup> Zabbai carefully repaired the other section, from the <sup class=\"footnote\"><a class=\"footnote\">[n]<span class=\"footnote\">Lit. turning</span></a></sup> buttress to the door of the house of Eliashib the high priest.",
    "puborder": 11306,
    "translations": []
  },
  {
    "para_id": "14831.11422",
    "id_prev": "14831.11421",
    "id_next": "14831.11423",
    "refcode_1": "365N",
    "refcode_2": "113",
    "refcode_3": "52",
    "refcode_4": "",
    "refcode_short": "365N 113.52",
    "refcode_long": "NKJV Bible in 365 Days, p. 113.52 (Ellen G. White Estate)",
    "element_type": "p",
    "element_subtype": "standard-indented",
    "content": "<strong>21</strong> After him Meremoth the son of Urijah, the son of <sup class=\"footnote\"><a class=\"footnote\">[o]<span class=\"footnote\">Or Hakkoz</span></a></sup> Koz, repaired another section, from the door of the house of Eliashib to the end of the house of Eliashib.",
    "puborder": 11307,
    "translations": []
  },
  {
    "para_id": "14831.11423",
    "id_prev": "14831.11422",
    "id_next": "14831.11424",
    "refcode_1": "365N",
    "refcode_2": "113",
    "refcode_3": "53",
    "refcode_4": "",
    "refcode_short": "365N 113.53",
    "refcode_long": "NKJV Bible in 365 Days, p. 113.53 (Ellen G. White Estate)",
    "element_type": "p",
    "element_subtype": "standard-indented",
    "content": "<strong>22</strong> And after him the priests, the men of the plain, made repairs.",
    "puborder": 11308,
    "translations": []
  },
  {
    "para_id": "14831.11424",
    "id_prev": "14831.11423",
    "id_next": "14831.11425",
    "refcode_1": "365N",
    "refcode_2": "113",
    "refcode_3": "54",
    "refcode_4": "",
    "refcode_short": "365N 113.54",
    "refcode_long": "NKJV Bible in 365 Days, p. 113.54 (Ellen G. White Estate)",
    "element_type": "p",
    "element_subtype": "standard-indented",
    "content": "<strong>23</strong> After him Benjamin and Hasshub made repairs opposite their house. After them Azariah the son of Maaseiah, the son of Ananiah, made repairs by his house.",
    "puborder": 11309,
    "translations": []
  },
  {
    "para_id": "14831.11425",
    "id_prev": "14831.11424",
    "id_next": "14831.11426",
    "refcode_1": "365N",
    "refcode_2": "113",
    "refcode_3": "55",
    "refcode_4": "",
    "refcode_short": "365N 113.55",
    "refcode_long": "NKJV Bible in 365 Days, p. 113.55 (Ellen G. White Estate)",
    "element_type": "p",
    "element_subtype": "standard-indented",
    "content": "<strong>24</strong> After him Binnui the son of Henadad repaired another section, from the house of Azariah to the <sup class=\"footnote\"><a class=\"footnote\">[p]<span class=\"footnote\">Lit. turning</span></a></sup> buttress, even as far as the corner.",
    "puborder": 11310,
    "translations": []
  },
  {
    "para_id": "14831.11426",
    "id_prev": "14831.11425",
    "id_next": "14831.11427",
    "refcode_1": "365N",
    "refcode_2": "113",
    "refcode_3": "56",
    "refcode_4": "",
    "refcode_short": "365N 113.56",
    "refcode_long": "NKJV Bible in 365 Days, p. 113.56 (Ellen G. White Estate)",
    "element_type": "p",
    "element_subtype": "standard-indented",
    "content": "<strong>25</strong> Palal the son of Uzai made repairs opposite the <sup class=\"footnote\"><a class=\"footnote\">[q]<span class=\"footnote\">Lit. turning</span></a></sup> buttress, and on the tower which projects from the king&#8217;s upper house that was by the court of the prison. After him Pedaiah the son of Parosh made repairs.",
    "puborder": 11311,
    "translations": []
  },
  {
    "para_id": "14831.11427",
    "id_prev": "14831.11426",
    "id_next": "14831.11428",
    "refcode_1": "365N",
    "refcode_2": "113",
    "refcode_3": "57",
    "refcode_4": "",
    "refcode_short": "365N 113.57",
    "refcode_long": "NKJV Bible in 365 Days, p. 113.57 (Ellen G. White Estate)",
    "element_type": "p",
    "element_subtype": "standard-indented",
    "content": "<strong>26</strong> Moreover the Nethinim who dwelt in Ophel made repairs as far as the place in front of the Water Gate toward the east, and on the projecting tower.",
    "puborder": 11312,
    "translations": []
  },
  {
    "para_id": "14831.11428",
    "id_prev": "14831.11427",
    "id_next": "14831.11429",
    "refcode_1": "365N",
    "refcode_2": "113",
    "refcode_3": "58",
    "refcode_4": "",
    "refcode_short": "365N 113.58",
    "refcode_long": "NKJV Bible in 365 Days, p. 113.58 (Ellen G. White Estate)",
    "element_type": "p",
    "element_subtype": "standard-indented",
    "content": "<strong>27</strong> After them the Tekoites repaired another section, next to the great projecting tower, and as far as the wall of Ophel.",
    "puborder": 11313,
    "translations": []
  },
  {
    "para_id": "14831.11429",
    "id_prev": "14831.11428",
    "id_next": "14831.11430",
    "refcode_1": "365N",
    "refcode_2": "113",
    "refcode_3": "59",
    "refcode_4": "",
    "refcode_short": "365N 113.59",
    "refcode_long": "NKJV Bible in 365 Days, p. 113.59 (Ellen G. White Estate)",
    "element_type": "p",
    "element_subtype": "standard-indented",
    "content": "<strong>28</strong> Beyond the Horse Gate the priests made repairs, each in front of his own house.",
    "puborder": 11314,
    "translations": []
  },
  {
    "para_id": "14831.11430",
    "id_prev": "14831.11429",
    "id_next": "14831.11431",
    "refcode_1": "365N",
    "refcode_2": "113",
    "refcode_3": "60",
    "refcode_4": "",
    "refcode_short": "365N 113.60",
    "refcode_long": "NKJV Bible in 365 Days, p. 113.60 (Ellen G. White Estate)",
    "element_type": "p",
    "element_subtype": "standard-indented",
    "content": "<strong>29</strong> After them Zadok the son of Immer made repairs in front of his own house. After him Shemaiah the son of Shechaniah, the keeper of the East Gate, made repairs.",
    "puborder": 11315,
    "translations": []
  },
  {
    "para_id": "14831.11431",
    "id_prev": "14831.11430",
    "id_next": "14831.11432",
    "refcode_1": "365N",
    "refcode_2": "113",
    "refcode_3": "61",
    "refcode_4": "",
    "refcode_short": "365N 113.61",
    "refcode_long": "NKJV Bible in 365 Days, p. 113.61 (Ellen G. White Estate)",
    "element_type": "p",
    "element_subtype": "standard-indented",
    "content": "<strong>30</strong> After him Hananiah the son of Shelemiah, and Hanun, the sixth son of Zalaph, repaired another section. After him Meshullam the son of Berechiah made repairs in front of his <sup class=\"footnote\"><a class=\"footnote\">[r]<span class=\"footnote\">Lit. room</span></a></sup> dwelling.",
    "puborder": 11316,
    "translations": []
  },
  {
    "para_id": "14831.11432",
    "id_prev": "14831.11431",
    "id_next": "14831.11433",
    "refcode_1": "365N",
    "refcode_2": "113",
    "refcode_3": "62",
    "refcode_4": "",
    "refcode_short": "365N 113.62",
    "refcode_long": "NKJV Bible in 365 Days, p. 113.62 (Ellen G. White Estate)",
    "element_type": "p",
    "element_subtype": "standard-indented",
    "content": "<strong>31</strong> After him Malchijah, <sup class=\"footnote\"><a class=\"footnote\">[s]<span class=\"footnote\">Lit. a son of the goldsmiths</span></a></sup> one of the goldsmiths, made repairs as far as the house of the Nethinim and of the merchants, in front of the <sup class=\"footnote\"><a class=\"footnote\">[t]<span class=\"footnote\">Lit. Inspection or Recruiting</span></a></sup> Miphkad Gate, and as far as the upper room at the corner.",
    "puborder": 11317,
    "translations": []
  },
  {
    "para_id": "14831.11433",
    "id_prev": "14831.11432",
    "id_next": "14831.11435",
    "refcode_1": "365N",
    "refcode_2": "113",
    "refcode_3": "63",
    "refcode_4": "",
    "refcode_short": "365N 113.63",
    "refcode_long": "NKJV Bible in 365 Days, p. 113.63 (Ellen G. White Estate)",
    "element_type": "p",
    "element_subtype": "standard-indented",
    "content": "<strong>32</strong> And between the upper room at the corner, as far as the Sheep Gate, the goldsmiths and the merchants made repairs.",
    "puborder": 11318,
    "translations": []
  }
]