[
  {
    "para_id": "1089.27",
    "id_prev": "1089.26",
    "id_next": "1089.28",
    "refcode_1": "ChSa",
    "refcode_2": "10",
    "refcode_3": "",
    "refcode_4": "",
    "refcode_short": "ChSa 10",
    "refcode_long": "The Change of the Sabbath, p. 10 (George Ide Butler)",
    "element_type": "h4",
    "element_subtype": "",
    "content": "A Religious Day",
    "puborder": 14,
    "translations": []
  },
  {
    "para_id": "1089.28",
    "id_prev": "1089.27",
    "id_next": "1089.31",
    "refcode_1": "ChSa",
    "refcode_2": "10",
    "refcode_3": "2",
    "refcode_4": "",
    "refcode_short": "ChSa 10.2",
    "refcode_long": "The Change of the Sabbath, p. 10.2 (George Ide Butler)",
    "element_type": "p",
    "element_subtype": "standard-indented",
    "content": "But the Sabbath, above all else, is a religious day. It called into being the division of time into weeks. No other cause can be found for the week, other than the appointment of a day to be observed in memory of God&rsquo;s work of creation. All we know of its origin we learn from Moses&rsquo; record of creation in the Bible. The Gentile nations have received its benefits since their conversion from heathenism, till now it is known to earth&rsquo;s remotest bounds. As the Sabbath relates to God, for he appointed its rest and made it a religious day, and as all we know of its institution and moral obligation is derived from his word, the question becomes one of religious duty, a question of conscience, <span class=\"page-break\" data-page=\"11\"></span> relating primarily to human salvation, and but secondarily to man&rsquo;s physical and social welfare.",
    "puborder": 15,
    "translations": []
  }
]