[
  {
    "para_id": "1089.2",
    "id_prev": null,
    "id_next": "1089.3",
    "refcode_1": "ChSa",
    "refcode_2": "2",
    "refcode_3": "",
    "refcode_4": "",
    "refcode_short": "ChSa 2",
    "refcode_long": "The Change of the Sabbath, p. 2 (George Ide Butler)",
    "element_type": "h1",
    "element_subtype": "",
    "content": "The Change of the Sabbath",
    "puborder": 1,
    "translations": []
  },
  {
    "para_id": "1089.3",
    "id_prev": "1089.2",
    "id_next": "1089.4",
    "refcode_1": "ChSa",
    "refcode_2": "2",
    "refcode_3": "",
    "refcode_4": "",
    "refcode_short": "",
    "refcode_long": "",
    "element_type": "p",
    "element_subtype": "center",
    "content": "<strong>Was It by Divine or Human Authority?</strong>",
    "puborder": 2,
    "translations": []
  },
  {
    "para_id": "1089.4",
    "id_prev": "1089.3",
    "id_next": "1089.9",
    "refcode_1": "ChSa",
    "refcode_2": "2",
    "refcode_3": "",
    "refcode_4": "",
    "refcode_short": "",
    "refcode_long": "",
    "element_type": "p",
    "element_subtype": "center",
    "content": "<strong>by George I. Butler</strong>",
    "puborder": 3,
    "translations": []
  }
]