[
  {
    "para_id": "150.17",
    "id_prev": "150.14",
    "id_next": "150.18",
    "refcode_1": "MB",
    "refcode_2": "vii",
    "refcode_3": "",
    "refcode_4": "",
    "refcode_short": "MB vii",
    "refcode_long": "Thoughts From the Mount of Blessing, p. vii (Ellen Gould White)",
    "element_type": "h3",
    "element_subtype": "",
    "content": "Preface",
    "puborder": 10,
    "translations": [
      {
        "para_id": "11244.14",
        "lang": "af",
        "refcode": "MOR 4"
      },
      {
        "para_id": "11236.14",
        "lang": "cs",
        "refcode": "MON 7"
      },
      {
        "para_id": "587.12",
        "lang": "de",
        "refcode": "BL 5"
      },
      {
        "para_id": "175.14",
        "lang": "es",
        "refcode": "DMJ 3"
      },
      {
        "para_id": "11264.9",
        "lang": "hu",
        "refcode": "HB 5"
      },
      {
        "para_id": "12879.7",
        "lang": "id",
        "refcode": "KAB 5"
      },
      {
        "para_id": "11463.8",
        "lang": "is",
        "refcode": "FRN 5"
      },
      {
        "para_id": "13863.5",
        "lang": "ja",
        "refcode": "MB 1123"
      },
      {
        "para_id": "2699.6",
        "lang": "ro",
        "refcode": "CMF vii"
      },
      {
        "para_id": "1780.4",
        "lang": "ru",
        "refcode": "НПХ vii"
      },
      {
        "para_id": "11190.2",
        "lang": "sk",
        "refcode": "MB 4"
      },
      {
        "para_id": "12124.15",
        "lang": "uk",
        "refcode": "НПЩЖ 6"
      }
    ]
  },
  {
    "para_id": "150.18",
    "id_prev": "150.17",
    "id_next": "150.19",
    "refcode_1": "MB",
    "refcode_2": "vii",
    "refcode_3": "1",
    "refcode_4": "",
    "refcode_short": "MB vii.1",
    "refcode_long": "Thoughts From the Mount of Blessing, p. vii.1 (Ellen Gould White)",
    "element_type": "p",
    "element_subtype": "standard-indented",
    "content": "The Sermon on the Mount is Heaven&apos;s benediction to the world&mdash;a voice from the throne of God.",
    "puborder": 11,
    "translations": [
      {
        "para_id": "11244.15",
        "lang": "af",
        "refcode": "MOR 4.1"
      },
      {
        "para_id": "11236.15",
        "lang": "cs",
        "refcode": "MON 7.1"
      },
      {
        "para_id": "175.15",
        "lang": "es",
        "refcode": "DMJ 3.1"
      },
      {
        "para_id": "12879.8",
        "lang": "id",
        "refcode": "KAB 5.1"
      },
      {
        "para_id": "11463.9",
        "lang": "is",
        "refcode": "FRN 5.1"
      },
      {
        "para_id": "872.1",
        "lang": "it",
        "refcode": "GMB 7.1"
      },
      {
        "para_id": "13863.6",
        "lang": "ja",
        "refcode": "MB 1123.1"
      },
      {
        "para_id": "12449.11",
        "lang": "nl",
        "refcode": "GZ 5.1"
      },
      {
        "para_id": "2699.7",
        "lang": "ro",
        "refcode": "CMF vii.1"
      },
      {
        "para_id": "1780.5",
        "lang": "ru",
        "refcode": "НПХ vii.1"
      },
      {
        "para_id": "11190.3",
        "lang": "sk",
        "refcode": "MB 4.1"
      },
      {
        "para_id": "12124.16",
        "lang": "uk",
        "refcode": "НПЩЖ 6.1"
      }
    ]
  },
  {
    "para_id": "150.19",
    "id_prev": "150.18",
    "id_next": "150.20",
    "refcode_1": "MB",
    "refcode_2": "vii",
    "refcode_3": "2",
    "refcode_4": "",
    "refcode_short": "MB vii.2",
    "refcode_long": "Thoughts From the Mount of Blessing, p. vii.2 (Ellen Gould White)",
    "element_type": "p",
    "element_subtype": "standard-indented",
    "content": "It was given to mankind to be to them the law of duty and the light of heaven, their hope and consolation in despondency, their joy and comfort in all the vicissitudes and walks of life. Here the Prince of preachers, the Master Teacher, utters the words that the Father gave Him to speak.",
    "puborder": 12,
    "translations": [
      {
        "para_id": "11244.15",
        "lang": "af",
        "refcode": "MOR 4.1"
      },
      {
        "para_id": "11236.15",
        "lang": "cs",
        "refcode": "MON 7.1"
      },
      {
        "para_id": "175.15",
        "lang": "es",
        "refcode": "DMJ 3.1"
      },
      {
        "para_id": "11264.10",
        "lang": "hu",
        "refcode": "HB 5.1"
      },
      {
        "para_id": "12879.8",
        "lang": "id",
        "refcode": "KAB 5.1"
      },
      {
        "para_id": "11463.9",
        "lang": "is",
        "refcode": "FRN 5.1"
      },
      {
        "para_id": "872.1",
        "lang": "it",
        "refcode": "GMB 7.1"
      },
      {
        "para_id": "13863.6",
        "lang": "ja",
        "refcode": "MB 1123.1"
      },
      {
        "para_id": "12449.11",
        "lang": "nl",
        "refcode": "GZ 5.1"
      },
      {
        "para_id": "2699.7",
        "lang": "ro",
        "refcode": "CMF vii.1"
      },
      {
        "para_id": "1780.5",
        "lang": "ru",
        "refcode": "НПХ vii.1"
      },
      {
        "para_id": "11190.3",
        "lang": "sk",
        "refcode": "MB 4.1"
      },
      {
        "para_id": "12124.16",
        "lang": "uk",
        "refcode": "НПЩЖ 6.1"
      }
    ]
  },
  {
    "para_id": "150.20",
    "id_prev": "150.19",
    "id_next": "150.21",
    "refcode_1": "MB",
    "refcode_2": "vii",
    "refcode_3": "3",
    "refcode_4": "",
    "refcode_short": "MB vii.3",
    "refcode_long": "Thoughts From the Mount of Blessing, p. vii.3 (Ellen Gould White)",
    "element_type": "p",
    "element_subtype": "standard-indented",
    "content": "The Beatitudes are Christ&apos;s greeting, not only to those who believe, but to the whole human family. He seems to have forgotten for a moment that He is in the world, not in heaven; and He uses the familiar salutation of the world of light. Blessings flow from His lips as the gushing forth of a long-sealed current of rich life.",
    "puborder": 13,
    "translations": [
      {
        "para_id": "11244.16",
        "lang": "af",
        "refcode": "MOR 4.2"
      },
      {
        "para_id": "11236.16",
        "lang": "cs",
        "refcode": "MON 7.2"
      },
      {
        "para_id": "175.16",
        "lang": "es",
        "refcode": "DMJ 3.2"
      },
      {
        "para_id": "11264.11",
        "lang": "hu",
        "refcode": "HB 5.2"
      },
      {
        "para_id": "12879.9",
        "lang": "id",
        "refcode": "KAB 5.2"
      },
      {
        "para_id": "11463.10",
        "lang": "is",
        "refcode": "FRN 5.2"
      },
      {
        "para_id": "872.2",
        "lang": "it",
        "refcode": "GMB 7.2"
      },
      {
        "para_id": "13863.7",
        "lang": "ja",
        "refcode": "MB 1123.2"
      },
      {
        "para_id": "12449.12",
        "lang": "nl",
        "refcode": "GZ 5.2"
      },
      {
        "para_id": "2699.8",
        "lang": "ro",
        "refcode": "CMF vii.2"
      },
      {
        "para_id": "1780.6",
        "lang": "ru",
        "refcode": "НПХ vii.2"
      },
      {
        "para_id": "11190.4",
        "lang": "sk",
        "refcode": "MB 4.2"
      },
      {
        "para_id": "12124.17",
        "lang": "uk",
        "refcode": "НПЩЖ 6.2"
      }
    ]
  },
  {
    "para_id": "150.21",
    "id_prev": "150.20",
    "id_next": "150.22",
    "refcode_1": "MB",
    "refcode_2": "vii",
    "refcode_3": "4",
    "refcode_4": "",
    "refcode_short": "MB vii.4",
    "refcode_long": "Thoughts From the Mount of Blessing, p. vii.4 (Ellen Gould White)",
    "element_type": "p",
    "element_subtype": "standard-indented",
    "content": "Christ leaves us in no doubt as to the traits of character that He will always recognize and bless. From the ambitious favorites of the world, He turns to those whom they disown, pronouncing all blessed who receive His light and life. To the poor in spirit, the meek, the lowly, the sorrowful, the despised, the persecuted, He opens His arms of refuge, saying, &ldquo;Come unto Me, ... and I will give you rest.&rdquo;",
    "puborder": 14,
    "translations": [
      {
        "para_id": "11244.17",
        "lang": "af",
        "refcode": "MOR 4.3"
      },
      {
        "para_id": "11236.18",
        "lang": "cs",
        "refcode": "MON 7.4"
      },
      {
        "para_id": "11236.17",
        "lang": "cs",
        "refcode": "MON 7.3"
      },
      {
        "para_id": "175.17",
        "lang": "es",
        "refcode": "DMJ 3.3"
      },
      {
        "para_id": "11264.12",
        "lang": "hu",
        "refcode": "HB 5.3"
      },
      {
        "para_id": "12879.10",
        "lang": "id",
        "refcode": "KAB 5.3"
      },
      {
        "para_id": "11463.10",
        "lang": "is",
        "refcode": "FRN 5.2"
      },
      {
        "para_id": "872.3",
        "lang": "it",
        "refcode": "GMB 7.3"
      },
      {
        "para_id": "13863.8",
        "lang": "ja",
        "refcode": "MB 1123.3"
      },
      {
        "para_id": "12449.13",
        "lang": "nl",
        "refcode": "GZ 5.3"
      },
      {
        "para_id": "2699.9",
        "lang": "ro",
        "refcode": "CMF vii.3"
      },
      {
        "para_id": "1780.7",
        "lang": "ru",
        "refcode": "НПХ vii.3"
      },
      {
        "para_id": "11190.5",
        "lang": "sk",
        "refcode": "MB 4.3"
      },
      {
        "para_id": "12124.18",
        "lang": "uk",
        "refcode": "НПЩЖ 6.3"
      }
    ]
  },
  {
    "para_id": "150.22",
    "id_prev": "150.21",
    "id_next": "150.25",
    "refcode_1": "MB",
    "refcode_2": "vii",
    "refcode_3": "5",
    "refcode_4": "",
    "refcode_short": "MB vii.5",
    "refcode_long": "Thoughts From the Mount of Blessing, p. vii.5 (Ellen Gould White)",
    "element_type": "p",
    "element_subtype": "standard-indented",
    "content": "Christ can look upon the misery of the world without a shade of sorrow for having created man. In the human heart He sees more than sin, more than misery. In His infinite wisdom and love He sees man&apos;s possibilities, the height to which he may attain. He knows that, even though human beings have abused <span class=\"page-break\" data-page=\"viii\"></span> their mercies and destroyed their God-given dignity, yet the Creator is to be glorified in their redemption.",
    "puborder": 15,
    "translations": [
      {
        "para_id": "11244.18",
        "lang": "af",
        "refcode": "MOR 4.4"
      },
      {
        "para_id": "11236.19",
        "lang": "cs",
        "refcode": "MON 7.5"
      },
      {
        "para_id": "175.18",
        "lang": "es",
        "refcode": "DMJ 3.4"
      },
      {
        "para_id": "11264.14",
        "lang": "hu",
        "refcode": "HB 6.1"
      },
      {
        "para_id": "12879.11",
        "lang": "id",
        "refcode": "KAB 5.4"
      },
      {
        "para_id": "11463.12",
        "lang": "is",
        "refcode": "FRN 6.1"
      },
      {
        "para_id": "872.6",
        "lang": "it",
        "refcode": "GMB 8.1"
      },
      {
        "para_id": "13863.9",
        "lang": "ja",
        "refcode": "MB 1123.4"
      },
      {
        "para_id": "12449.14",
        "lang": "nl",
        "refcode": "GZ 5.4"
      },
      {
        "para_id": "2699.10",
        "lang": "ro",
        "refcode": "CMF vii.4"
      },
      {
        "para_id": "1780.8",
        "lang": "ru",
        "refcode": "НПХ vii.4"
      },
      {
        "para_id": "11190.6",
        "lang": "sk",
        "refcode": "MB 4.4"
      },
      {
        "para_id": "12124.19",
        "lang": "uk",
        "refcode": "НПЩЖ 6.4"
      }
    ]
  },
  {
    "para_id": "150.25",
    "id_prev": "150.22",
    "id_next": "150.764",
    "refcode_1": "MB",
    "refcode_2": "viii",
    "refcode_3": "1",
    "refcode_4": "",
    "refcode_short": "MB viii.1",
    "refcode_long": "Thoughts From the Mount of Blessing, p. viii.1 (Ellen Gould White)",
    "element_type": "p",
    "element_subtype": "standard-indented",
    "content": "Throughout all time the words that Christ spoke from the mount of Beatitudes will retain their power. Every sentence is a jewel from the treasure house of truth. The principles enunciated in this discourse are for all ages and for all classes of men. With divine energy, Christ expressed His faith and hope as He pointed out class after class as blessed because of having formed righteous characters. Living the life of the Life-giver, through faith in Him, everyone can reach the standard held up in His words.",
    "puborder": 16,
    "translations": [
      {
        "para_id": "11244.19",
        "lang": "af",
        "refcode": "MOR 4.5"
      },
      {
        "para_id": "11236.20",
        "lang": "cs",
        "refcode": "MON 7.6"
      },
      {
        "para_id": "175.21",
        "lang": "es",
        "refcode": "DMJ 4.1"
      },
      {
        "para_id": "11264.15",
        "lang": "hu",
        "refcode": "HB 6.2"
      },
      {
        "para_id": "12879.14",
        "lang": "id",
        "refcode": "KAB 6.1"
      },
      {
        "para_id": "11463.13",
        "lang": "is",
        "refcode": "FRN 6.2"
      },
      {
        "para_id": "872.7",
        "lang": "it",
        "refcode": "GMB 8.2"
      },
      {
        "para_id": "13863.10",
        "lang": "ja",
        "refcode": "MB 1123.5"
      },
      {
        "para_id": "12449.17",
        "lang": "nl",
        "refcode": "GZ 6.1"
      },
      {
        "para_id": "2699.13",
        "lang": "ro",
        "refcode": "CMF viii.1"
      },
      {
        "para_id": "1780.11",
        "lang": "ru",
        "refcode": "НПХ viii.1"
      },
      {
        "para_id": "11190.9",
        "lang": "sk",
        "refcode": "MB 6.1"
      },
      {
        "para_id": "12124.20",
        "lang": "uk",
        "refcode": "НПЩЖ 6.5"
      }
    ]
  },
  {
    "para_id": "150.764",
    "id_prev": "150.25",
    "id_next": "150.765",
    "refcode_1": "MB",
    "refcode_2": "viii",
    "refcode_3": "",
    "refcode_4": "",
    "refcode_short": "",
    "refcode_long": "",
    "element_type": "p",
    "element_subtype": "egwsignatureline",
    "content": "E.G.W.",
    "puborder": 17,
    "translations": [
      {
        "para_id": "11244.22",
        "lang": "af",
        "refcode": "Thoughts From the Mount of Blessing"
      },
      {
        "para_id": "11236.21",
        "lang": "cs",
        "refcode": "Thoughts From the Mount of Blessing"
      },
      {
        "para_id": "2699.14",
        "lang": "ro",
        "refcode": "Thoughts From the Mount of Blessing"
      }
    ]
  },
  {
    "para_id": "150.765",
    "id_prev": "150.764",
    "id_next": "150.30",
    "refcode_1": "MB",
    "refcode_2": "viii",
    "refcode_3": "2",
    "refcode_4": "",
    "refcode_short": "MB viii.2",
    "refcode_long": "Thoughts From the Mount of Blessing, p. viii.2 (Ellen Gould White)",
    "element_type": "p",
    "element_subtype": "standard-indented",
    "content": "<br />\n<br />\n<span class=\"non-egw-preface\">Thoughts From the Mount of Blessing Study Guide. A complete chapter by chapter guide with questions to aid in your reading and understanding of the book.</span>",
    "puborder": 18,
    "translations": []
  }
]