[
  {
    "para_id": "19.1214",
    "id_prev": "19.1212",
    "id_next": "19.1215",
    "refcode_1": "CCh",
    "refcode_2": "160",
    "refcode_3": "",
    "refcode_4": "29",
    "refcode_short": "CCh 160",
    "refcode_long": "Counsels for the Church, p. 160 (Ellen Gould White)",
    "element_type": "h3",
    "element_subtype": "",
    "content": "Chapter 29&mdash;Recreation",
    "puborder": 953,
    "translations": [
      {
        "para_id": "11222.1154",
        "lang": "cs",
        "refcode": "RPC 138"
      },
      {
        "para_id": "1698.1488",
        "lang": "es",
        "refcode": "CPI 285"
      },
      {
        "para_id": "871.1156",
        "lang": "fr",
        "refcode": "CL 129"
      },
      {
        "para_id": "11739.1236",
        "lang": "hu",
        "refcode": "TGy 180"
      },
      {
        "para_id": "1723.1130",
        "lang": "pt",
        "refcode": "CI 163"
      },
      {
        "para_id": "2718.1197",
        "lang": "ro",
        "refcode": "SB 160"
      },
      {
        "para_id": "1824.1209",
        "lang": "ru",
        "refcode": "СдЦ 160"
      },
      {
        "para_id": "14370.1505",
        "lang": "uk",
        "refcode": "ПДЦ 230"
      }
    ]
  },
  {
    "para_id": "19.1215",
    "id_prev": "19.1214",
    "id_next": "19.1216",
    "refcode_1": "CCh",
    "refcode_2": "160",
    "refcode_3": "1",
    "refcode_4": "",
    "refcode_short": "CCh 160.1",
    "refcode_long": "Counsels for the Church, p. 160.1 (Ellen Gould White)",
    "element_type": "p",
    "element_subtype": "standard-indented",
    "content": "Christians have many sources of happiness at their command, and they may tell with unerring accuracy what pleasures are lawful and right. They may enjoy such recreations as will not dissipate the mind or debase the soul, such as will not disappoint and leave a sad after-influence to destroy self-respect or bar the way to usefulness. If they can take Jesus with them and maintain a prayerful spirit, they are perfectly safe.",
    "puborder": 954,
    "translations": [
      {
        "para_id": "11222.1155",
        "lang": "cs",
        "refcode": "RPC 138.1"
      },
      {
        "para_id": "1698.1489",
        "lang": "es",
        "refcode": "CPI 285.1"
      },
      {
        "para_id": "871.1157",
        "lang": "fr",
        "refcode": "CL 129.1"
      },
      {
        "para_id": "11739.1237",
        "lang": "hu",
        "refcode": "TGy 180.1"
      },
      {
        "para_id": "1723.1131",
        "lang": "pt",
        "refcode": "CI 163.1"
      },
      {
        "para_id": "2718.1198",
        "lang": "ro",
        "refcode": "SB 160.1"
      },
      {
        "para_id": "1824.1210",
        "lang": "ru",
        "refcode": "СдЦ 160.1"
      },
      {
        "para_id": "14370.1506",
        "lang": "uk",
        "refcode": "ПДЦ 230.1"
      }
    ]
  },
  {
    "para_id": "19.1216",
    "id_prev": "19.1215",
    "id_next": "19.1217",
    "refcode_1": "CCh",
    "refcode_2": "160",
    "refcode_3": "2",
    "refcode_4": "",
    "refcode_short": "CCh 160.2",
    "refcode_long": "Counsels for the Church, p. 160.2 (Ellen Gould White)",
    "element_type": "p",
    "element_subtype": "standard-indented",
    "content": "Any amusement in which you can engage asking the blessing of God upon it in faith will not be dangerous. But any amusement which disqualifies you for secret prayer, for devotion at the altar of prayer, or for taking part in the prayer meeting is not safe, but dangerous.",
    "puborder": 955,
    "translations": [
      {
        "para_id": "11222.1156",
        "lang": "cs",
        "refcode": "RPC 138.2"
      },
      {
        "para_id": "1698.1490",
        "lang": "es",
        "refcode": "CPI 285.2"
      },
      {
        "para_id": "871.1158",
        "lang": "fr",
        "refcode": "CL 129.2"
      },
      {
        "para_id": "11739.1238",
        "lang": "hu",
        "refcode": "TGy 180.2"
      },
      {
        "para_id": "1723.1132",
        "lang": "pt",
        "refcode": "CI 163.2"
      },
      {
        "para_id": "2718.1199",
        "lang": "ro",
        "refcode": "SB 160.2"
      },
      {
        "para_id": "1824.1211",
        "lang": "ru",
        "refcode": "СдЦ 160.2"
      },
      {
        "para_id": "14370.3593",
        "lang": "uk",
        "refcode": "ПДЦ 230.2"
      }
    ]
  },
  {
    "para_id": "19.1217",
    "id_prev": "19.1216",
    "id_next": "19.1218",
    "refcode_1": "CCh",
    "refcode_2": "160",
    "refcode_3": "3",
    "refcode_4": "",
    "refcode_short": "CCh 160.3",
    "refcode_long": "Counsels for the Church, p. 160.3 (Ellen Gould White)",
    "element_type": "p",
    "element_subtype": "standard-indented",
    "content": "We are of that class who believe that it is our privilege every day of our lives to glorify God upon the earth, that we are not to live in this world merely for our own amusement, merely to please ourselves. We are here to benefit humanity and to be a blessing to society; and if we let our minds run in that low channel that many who are seeking only vanity and folly permit their minds to run in, how can we be a benefit to our race and generation? How can we be a blessing to society around us? We cannot innocently indulge in any amusement which will unfit us for the more faithful discharge of ordinary duties.",
    "puborder": 956,
    "translations": [
      {
        "para_id": "11222.1157",
        "lang": "cs",
        "refcode": "RPC 138.3"
      },
      {
        "para_id": "1698.1491",
        "lang": "es",
        "refcode": "CPI 285.3"
      },
      {
        "para_id": "871.1159",
        "lang": "fr",
        "refcode": "CL 129.3"
      },
      {
        "para_id": "11739.1239",
        "lang": "hu",
        "refcode": "TGy 180.3"
      },
      {
        "para_id": "1723.1133",
        "lang": "pt",
        "refcode": "CI 163.3"
      },
      {
        "para_id": "2718.1200",
        "lang": "ro",
        "refcode": "SB 160.3"
      },
      {
        "para_id": "1824.1212",
        "lang": "ru",
        "refcode": "СдЦ 160.3"
      },
      {
        "para_id": "14370.1508",
        "lang": "uk",
        "refcode": "ПДЦ 231.1"
      }
    ]
  },
  {
    "para_id": "19.1218",
    "id_prev": "19.1217",
    "id_next": "19.1219",
    "refcode_1": "CCh",
    "refcode_2": "160",
    "refcode_3": "4",
    "refcode_4": "",
    "refcode_short": "CCh 160.4",
    "refcode_long": "Counsels for the Church, p. 160.4 (Ellen Gould White)",
    "element_type": "p",
    "element_subtype": "standard-indented",
    "content": "There are many things which are right in themselves, but which, perverted by Satan, prove a snare to the unwary.",
    "puborder": 957,
    "translations": [
      {
        "para_id": "11222.1158",
        "lang": "cs",
        "refcode": "RPC 138.4"
      },
      {
        "para_id": "1698.1494",
        "lang": "es",
        "refcode": "CPI 286.1"
      },
      {
        "para_id": "871.1160",
        "lang": "fr",
        "refcode": "CL 129.4"
      },
      {
        "para_id": "11739.1239",
        "lang": "hu",
        "refcode": "TGy 180.3"
      },
      {
        "para_id": "1723.1134",
        "lang": "pt",
        "refcode": "CI 163.4"
      },
      {
        "para_id": "2718.1201",
        "lang": "ro",
        "refcode": "SB 160.4"
      },
      {
        "para_id": "1824.1213",
        "lang": "ru",
        "refcode": "СдЦ 160.4"
      },
      {
        "para_id": "14370.1509",
        "lang": "uk",
        "refcode": "ПДЦ 231.2"
      }
    ]
  },
  {
    "para_id": "19.1219",
    "id_prev": "19.1218",
    "id_next": "19.1220",
    "refcode_1": "CCh",
    "refcode_2": "160",
    "refcode_3": "5",
    "refcode_4": "",
    "refcode_short": "CCh 160.5",
    "refcode_long": "Counsels for the Church, p. 160.5 (Ellen Gould White)",
    "element_type": "p",
    "element_subtype": "standard-indented",
    "content": "There is great need of temperance in amusements, as in every other pursuit. And the character of these amusements should be carefully and thoroughly considered. Every youth should ask himself, What influence will these amusements have on physical, mental, and moral health? Will my mind become so infatuated as to forget God? Shall I cease to have His glory before me?<sup class=\"footnote\"><a class=\"footnote\">214<span class=\"footnote\"><span class=\"egwlink egwlink_book\" title=\"AH 512.1\" data-link=\"128.2406\">The Adventist Home, 512-514</span></span></a></sup>",
    "puborder": 958,
    "translations": [
      {
        "para_id": "11222.1159",
        "lang": "cs",
        "refcode": "RPC 138.5"
      },
      {
        "para_id": "1698.1495",
        "lang": "es",
        "refcode": "CPI 286.2"
      },
      {
        "para_id": "871.1161",
        "lang": "fr",
        "refcode": "CL 129.5"
      },
      {
        "para_id": "11739.1240",
        "lang": "hu",
        "refcode": "TGy 180.4"
      },
      {
        "para_id": "1723.1135",
        "lang": "pt",
        "refcode": "CI 163.5"
      },
      {
        "para_id": "2718.1201",
        "lang": "ro",
        "refcode": "SB 160.4"
      },
      {
        "para_id": "1824.1214",
        "lang": "ru",
        "refcode": "СдЦ 160.5"
      },
      {
        "para_id": "14370.1510",
        "lang": "uk",
        "refcode": "ПДЦ 231.3"
      },
      {
        "para_id": "14370.1511",
        "lang": "uk",
        "refcode": "ПДЦ 231.4"
      }
    ]
  },
  {
    "para_id": "19.1220",
    "id_prev": "19.1219",
    "id_next": "19.1221",
    "refcode_1": "CCh",
    "refcode_2": "160",
    "refcode_3": "6",
    "refcode_4": "",
    "refcode_short": "CCh 160.6",
    "refcode_long": "Counsels for the Church, p. 160.6 (Ellen Gould White)",
    "element_type": "p",
    "element_subtype": "standard-indented",
    "content": "It is the privilege and duty of Christians to seek to refresh their spirits and invigorate their bodies by innocent recreation, with the purpose of using their physical and mental powers to the glory of God. Our recreations should not be scenes of senseless mirth, taking the form of the nonsensical. We can conduct them in such a manner as will benefit and elevate those with whom we associate, and better qualify us and them to more successfully attend to the duties devolving upon us as Christians.<sup class=\"footnote\"><a class=\"footnote\">215<span class=\"footnote\"><span class=\"egwlink egwlink_book\" title=\"AH 493.1\" data-link=\"128.2308\">The Adventist Home, 493</span></span></a></sup>",
    "puborder": 959,
    "translations": [
      {
        "para_id": "11222.1160",
        "lang": "cs",
        "refcode": "RPC 138.6"
      },
      {
        "para_id": "1698.1496",
        "lang": "es",
        "refcode": "CPI 286.3"
      },
      {
        "para_id": "871.1162",
        "lang": "fr",
        "refcode": "CL 129.6"
      },
      {
        "para_id": "11739.1242",
        "lang": "hu",
        "refcode": "TGy 181.1"
      },
      {
        "para_id": "1723.1136",
        "lang": "pt",
        "refcode": "CI 163.6"
      },
      {
        "para_id": "2718.1202",
        "lang": "ro",
        "refcode": "SB 160.5"
      },
      {
        "para_id": "1824.1215",
        "lang": "ru",
        "refcode": "СдЦ 160.6"
      },
      {
        "para_id": "14370.1512",
        "lang": "uk",
        "refcode": "ПДЦ 231.5"
      },
      {
        "para_id": "14370.1513",
        "lang": "uk",
        "refcode": "ПДЦ 231.6"
      }
    ]
  },
  {
    "para_id": "19.1221",
    "id_prev": "19.1220",
    "id_next": "19.1224",
    "refcode_1": "CCh",
    "refcode_2": "160",
    "refcode_3": "7",
    "refcode_4": "",
    "refcode_short": "CCh 160.7",
    "refcode_long": "Counsels for the Church, p. 160.7 (Ellen Gould White)",
    "element_type": "p",
    "element_subtype": "standard-indented",
    "content": "The time spent in physical exercise is not lost. A proportionate exercise <span class=\"page-break\" data-page=\"161\"></span> of all the organs and faculties of the body is essential to the best work of each. When the brain is constantly taxed while the other organs of the living machinery are inactive, there is a loss of strength, physical and mental. The physical system is robbed of its healthful tone, the mind loses its freshness and vigor, and a morbid excitability is the result.",
    "puborder": 960,
    "translations": [
      {
        "para_id": "11222.1161",
        "lang": "cs",
        "refcode": "RPC 138.7"
      },
      {
        "para_id": "1698.1497",
        "lang": "es",
        "refcode": "CPI 286.4"
      },
      {
        "para_id": "871.1163",
        "lang": "fr",
        "refcode": "CL 129.7"
      },
      {
        "para_id": "11739.1243",
        "lang": "hu",
        "refcode": "TGy 181.2"
      },
      {
        "para_id": "1723.1139",
        "lang": "pt",
        "refcode": "CI 164.1"
      },
      {
        "para_id": "2718.1203",
        "lang": "ro",
        "refcode": "SB 160.6"
      },
      {
        "para_id": "1824.1216",
        "lang": "ru",
        "refcode": "СдЦ 160.7"
      },
      {
        "para_id": "14370.1514",
        "lang": "uk",
        "refcode": "ПДЦ 231.7"
      }
    ]
  },
  {
    "para_id": "19.1224",
    "id_prev": "19.1221",
    "id_next": "19.1225",
    "refcode_1": "CCh",
    "refcode_2": "161",
    "refcode_3": "1",
    "refcode_4": "",
    "refcode_short": "CCh 161.1",
    "refcode_long": "Counsels for the Church, p. 161.1 (Ellen Gould White)",
    "element_type": "p",
    "element_subtype": "standard-indented",
    "content": "Those who are engaged in study should have relaxation. The mind must not be constantly confined to close thought, for the delicate mental machinery becomes worn. The body as well as the mind must have exercise.<sup class=\"footnote\"><a class=\"footnote\">216<span class=\"footnote\"><span class=\"egwlink egwlink_book\" title=\"AH 494.1\" data-link=\"128.2311\">The Adventist Home, 494, 495</span></span></a></sup>",
    "puborder": 961,
    "translations": [
      {
        "para_id": "11222.1162",
        "lang": "cs",
        "refcode": "RPC 138.8"
      },
      {
        "para_id": "1698.1500",
        "lang": "es",
        "refcode": "CPI 287.1"
      },
      {
        "para_id": "871.1164",
        "lang": "fr",
        "refcode": "CL 129.8"
      },
      {
        "para_id": "11739.1244",
        "lang": "hu",
        "refcode": "TGy 181.3"
      },
      {
        "para_id": "1723.1140",
        "lang": "pt",
        "refcode": "CI 164.2"
      },
      {
        "para_id": "2718.1206",
        "lang": "ro",
        "refcode": "SB 161.1"
      },
      {
        "para_id": "1824.1219",
        "lang": "ru",
        "refcode": "СдЦ 161.1"
      },
      {
        "para_id": "14370.1517",
        "lang": "uk",
        "refcode": "ПДЦ 232.2"
      },
      {
        "para_id": "14370.1516",
        "lang": "uk",
        "refcode": "ПДЦ 232.1"
      }
    ]
  }
]