[
  {
    "para_id": "19.2263",
    "id_prev": "19.2260",
    "id_next": "19.2264",
    "refcode_1": "CCh",
    "refcode_2": "294",
    "refcode_3": "",
    "refcode_4": "3",
    "refcode_short": "CCh 294",
    "refcode_long": "Counsels for the Church, p. 294 (Ellen Gould White)",
    "element_type": "h4",
    "element_subtype": "",
    "content": "God&apos;s Interest in Little Things",
    "puborder": 1774,
    "translations": [
      {
        "para_id": "11222.2146",
        "lang": "cs",
        "refcode": "RPC 249"
      },
      {
        "para_id": "1698.2755",
        "lang": "es",
        "refcode": "CPI 533"
      },
      {
        "para_id": "871.2037",
        "lang": "fr",
        "refcode": "CL 236"
      },
      {
        "para_id": "11739.2281",
        "lang": "hu",
        "refcode": "TGy 334"
      },
      {
        "para_id": "1723.2058",
        "lang": "pt",
        "refcode": "CI 301.1"
      },
      {
        "para_id": "2718.2243",
        "lang": "ro",
        "refcode": "SB 294"
      },
      {
        "para_id": "1824.2245",
        "lang": "ru",
        "refcode": "СдЦ 294"
      },
      {
        "para_id": "14370.2962",
        "lang": "uk",
        "refcode": "ПДЦ 436"
      }
    ]
  },
  {
    "para_id": "19.2264",
    "id_prev": "19.2263",
    "id_next": "19.2265",
    "refcode_1": "CCh",
    "refcode_2": "294",
    "refcode_3": "1",
    "refcode_4": "",
    "refcode_short": "CCh 294.1",
    "refcode_long": "Counsels for the Church, p. 294.1 (Ellen Gould White)",
    "element_type": "p",
    "element_subtype": "standard-indented",
    "content": "There are few who rightly appreciate or improve the precious privilege of prayer. We should go to Jesus and tell Him all our needs. We may bring Him our little cares and perplexities as well as our greater troubles. Whatever arises to disturb or distress us, we should take it to the Lord in prayer. When we feel that we need the presence of Christ at every step, Satan will have little opportunity to intrude his temptations. It is his studied effort to keep us away from our best and most sympathizing friend. We should make no one our confidant but Jesus. We can safely commune with Him of all that is in our hearts. Brethren and sisters, when you assemble for social worship, believe that Jesus meets with you; believe that He is willing to bless you. Turn the eye away from self; look unto Jesus, talk of His matchless love. By beholding Him you will become changed into His likeness. When you pray, be brief, come right to the point. Do not preach the Lord a sermon in your long prayers. Ask for the bread of life as a hungry child asks bread of his earthly father. God will bestow upon us every needed blessing if we ask Him in simplicity and faith.",
    "puborder": 1775,
    "translations": [
      {
        "para_id": "11222.2147",
        "lang": "cs",
        "refcode": "RPC 249.5"
      },
      {
        "para_id": "1698.2757",
        "lang": "es",
        "refcode": "CPI 533.2"
      },
      {
        "para_id": "1698.2756",
        "lang": "es",
        "refcode": "CPI 533.1"
      },
      {
        "para_id": "871.2038",
        "lang": "fr",
        "refcode": "CL 236.3"
      },
      {
        "para_id": "11739.2282",
        "lang": "hu",
        "refcode": "TGy 334.2"
      },
      {
        "para_id": "11739.2283",
        "lang": "hu",
        "refcode": "TGy 334.3"
      },
      {
        "para_id": "1723.2058",
        "lang": "pt",
        "refcode": "CI 301.1"
      },
      {
        "para_id": "2718.2244",
        "lang": "ro",
        "refcode": "SB 294.1"
      },
      {
        "para_id": "1824.2246",
        "lang": "ru",
        "refcode": "СдЦ 294.1"
      },
      {
        "para_id": "1824.2247",
        "lang": "ru",
        "refcode": "СдЦ 294.2"
      },
      {
        "para_id": "14370.2963",
        "lang": "uk",
        "refcode": "ПДЦ 436.3"
      },
      {
        "para_id": "14370.2966",
        "lang": "uk",
        "refcode": "ПДЦ 437.1"
      }
    ]
  },
  {
    "para_id": "19.2265",
    "id_prev": "19.2264",
    "id_next": "19.2266",
    "refcode_1": "CCh",
    "refcode_2": "294",
    "refcode_3": "2",
    "refcode_4": "",
    "refcode_short": "CCh 294.2",
    "refcode_long": "Counsels for the Church, p. 294.2 (Ellen Gould White)",
    "element_type": "p",
    "element_subtype": "standard-indented",
    "content": "Prayer is the most holy exercise of the soul. It should be sincere, humble, earnest&mdash;the desires of a renewed heart breathed in the presence of a holy God. When the suppliant feels that he is in the divine presence, self will be forgotten. He will have no desire to display human talent; he will not seek to please the ear of men, but to obtain the blessing which the soul craves.<sup class=\"footnote\"><a class=\"footnote\">542<span class=\"footnote\"><span class=\"egwlink egwlink_book\" title=\"5T 200.1\" data-link=\"113.1025\">Testimonies for the Church 5:200, 201</span></span></a></sup>",
    "puborder": 1776,
    "translations": [
      {
        "para_id": "11222.2150",
        "lang": "cs",
        "refcode": "RPC 250.1"
      },
      {
        "para_id": "1698.2758",
        "lang": "es",
        "refcode": "CPI 533.3"
      },
      {
        "para_id": "871.2039",
        "lang": "fr",
        "refcode": "CL 236.4"
      },
      {
        "para_id": "11739.2285",
        "lang": "hu",
        "refcode": "TGy 335.1"
      },
      {
        "para_id": "1723.2059",
        "lang": "pt",
        "refcode": "CI 301.2"
      },
      {
        "para_id": "2718.2245",
        "lang": "ro",
        "refcode": "SB 294.2"
      },
      {
        "para_id": "1824.2248",
        "lang": "ru",
        "refcode": "СдЦ 294.3"
      },
      {
        "para_id": "14370.2967",
        "lang": "uk",
        "refcode": "ПДЦ 437.2"
      },
      {
        "para_id": "14370.2968",
        "lang": "uk",
        "refcode": "ПДЦ 437.3"
      }
    ]
  },
  {
    "para_id": "19.2266",
    "id_prev": "19.2265",
    "id_next": "19.2268",
    "refcode_1": "CCh",
    "refcode_2": "294",
    "refcode_3": "3",
    "refcode_4": "",
    "refcode_short": "CCh 294.3",
    "refcode_long": "Counsels for the Church, p. 294.3 (Ellen Gould White)",
    "element_type": "p",
    "element_subtype": "standard-indented",
    "content": "Both in public and in private worship, it is our privilege to bow on our knees before the Lord when we offer our petitions to Him. Jesus, our example, &ldquo;kneeled down, and prayed.&rdquo; <span class=\"egwlink egwlink_bible\" title=\"Luke 22:41\" data-link=\"1965.52850\">Luke 22:41</span>. Of His disciples it is recorded that they, too, &ldquo;kneeled down, and prayed.&rdquo; <span class=\"egwlink egwlink_bible\" title=\"Acts 9:40\" data-link=\"1965.55586\">Acts 9:40</span>; <span class=\"egwlink egwlink_bible\" title=\"Acts 20:36\" data-link=\"1965.56409\">20:36</span>; <span class=\"egwlink egwlink_bible\" title=\"Acts 21:5\" data-link=\"1965.56424\">21:5</span>. Paul declared, &ldquo;I bow my knees unto the Father of our Lord Jesus Christ.&rdquo; <span class=\"egwlink egwlink_bible\" title=\"Ephesians 3:14\" data-link=\"1965.59682\">Ephesians 3:14</span>. In confessing before God the sins of Israel, Ezra knelt. <span class=\"egwlink egwlink_bible\" title=\"Ezra 9:5\" data-link=\"1965.24914\">Ezra 9:5</span>. Daniel &ldquo;kneeled upon his knees three times a day, and prayed, and gave thanks before his God.&rdquo; <span class=\"egwlink egwlink_bible\" title=\"Daniel 6:10\" data-link=\"1965.44716\">Daniel 6:10</span>.<sup class=\"footnote\"><a class=\"footnote\">543<span class=\"footnote\"><span class=\"egwlink egwlink_book\" title=\"GW 178.1\" data-link=\"35.907\">Gospel Workers, 178</span></span></a></sup>",
    "puborder": 1777,
    "translations": [
      {
        "para_id": "11222.2151",
        "lang": "cs",
        "refcode": "RPC 250.2"
      },
      {
        "para_id": "1698.2761",
        "lang": "es",
        "refcode": "CPI 534.1"
      },
      {
        "para_id": "871.2042",
        "lang": "fr",
        "refcode": "CL 237.1"
      },
      {
        "para_id": "11739.2286",
        "lang": "hu",
        "refcode": "TGy 335.2"
      },
      {
        "para_id": "1723.2060",
        "lang": "pt",
        "refcode": "CI 301.3"
      },
      {
        "para_id": "2718.2246",
        "lang": "ro",
        "refcode": "SB 294.3"
      },
      {
        "para_id": "1824.2249",
        "lang": "ru",
        "refcode": "СдЦ 294.4"
      },
      {
        "para_id": "14370.2969",
        "lang": "uk",
        "refcode": "ПДЦ 437.4"
      },
      {
        "para_id": "14370.2970",
        "lang": "uk",
        "refcode": "ПДЦ 437.5"
      }
    ]
  }
]