[
  {
    "para_id": "19.856",
    "id_prev": "19.855",
    "id_next": "19.857",
    "refcode_1": "CCh",
    "refcode_2": "115",
    "refcode_3": "",
    "refcode_4": "4",
    "refcode_short": "CCh 115",
    "refcode_long": "Counsels for the Church, p. 115 (Ellen Gould White)",
    "element_type": "h4",
    "element_subtype": "",
    "content": "Prayer and Bible Study Necessary to Make the Right Decision",
    "puborder": 667,
    "translations": [
      {
        "para_id": "11222.820",
        "lang": "cs",
        "refcode": "RPC 102"
      },
      {
        "para_id": "1698.1069",
        "lang": "es",
        "refcode": "CPI 208"
      },
      {
        "para_id": "871.825",
        "lang": "fr",
        "refcode": "CL 91"
      },
      {
        "para_id": "11739.880",
        "lang": "hu",
        "refcode": "TGy 129"
      },
      {
        "para_id": "1723.820",
        "lang": "pt",
        "refcode": "CI 118.4"
      },
      {
        "para_id": "2718.848",
        "lang": "ro",
        "refcode": "SB 115"
      },
      {
        "para_id": "1824.848",
        "lang": "ru",
        "refcode": "СдЦ 115"
      },
      {
        "para_id": "14370.1080",
        "lang": "uk",
        "refcode": "ПДЦ 166"
      }
    ]
  },
  {
    "para_id": "19.857",
    "id_prev": "19.856",
    "id_next": "19.858",
    "refcode_1": "CCh",
    "refcode_2": "115",
    "refcode_3": "3",
    "refcode_4": "",
    "refcode_short": "CCh 115.3",
    "refcode_long": "Counsels for the Church, p. 115.3 (Ellen Gould White)",
    "element_type": "p",
    "element_subtype": "standard-indented",
    "content": "Instituted by God, marriage is a sacred ordinance and should never be entered upon in a spirit of selfishness. Those who contemplate this step should solemnly and prayerfully consider its importance and seek divine counsel that they may know whether they are pursuing a course in harmony with the will of God. The instruction given in God&apos;s word on this point should be carefully considered. Heaven looks with pleasure upon a marriage formed with an earnest desire to conform to the directions given in the Scripture. If there is any subject that should be considered with calm reason and unimpassioned judgment, it is the subject of marriage. If ever the Bible is needed as a counselor, it is before taking a step that binds persons together for life. But the prevailing sentiment is that in this matter the feelings are to be the guide, and in too many cases lovesick sentimentalism takes the helm and guides to certain ruin. It is here that the youth show less intelligence than on any other subject; it is here that they refuse to be reasoned with. The question of marriage seems to have a bewitching power over them. They do not submit themselves to God. Their senses are enchained, and they move forward in secretiveness, as if fearful that their plans would be interfered with by someone.",
    "puborder": 668,
    "translations": [
      {
        "para_id": "11222.821",
        "lang": "cs",
        "refcode": "RPC 102.9"
      },
      {
        "para_id": "1698.1071",
        "lang": "es",
        "refcode": "CPI 208.2"
      },
      {
        "para_id": "1698.1070",
        "lang": "es",
        "refcode": "CPI 208.1"
      },
      {
        "para_id": "871.827",
        "lang": "fr",
        "refcode": "CL 91.9"
      },
      {
        "para_id": "871.826",
        "lang": "fr",
        "refcode": "CL 91.8"
      },
      {
        "para_id": "11739.884",
        "lang": "hu",
        "refcode": "TGy 130.1"
      },
      {
        "para_id": "11739.885",
        "lang": "hu",
        "refcode": "TGy 130.2"
      },
      {
        "para_id": "11739.881",
        "lang": "hu",
        "refcode": "TGy 129.7"
      },
      {
        "para_id": "1723.820",
        "lang": "pt",
        "refcode": "CI 118.4"
      },
      {
        "para_id": "2718.849",
        "lang": "ro",
        "refcode": "SB 115.3"
      },
      {
        "para_id": "1824.850",
        "lang": "ru",
        "refcode": "СдЦ 115.4"
      },
      {
        "para_id": "1824.849",
        "lang": "ru",
        "refcode": "СдЦ 115.3"
      },
      {
        "para_id": "14370.1082",
        "lang": "uk",
        "refcode": "ПДЦ 166.2"
      },
      {
        "para_id": "14370.1081",
        "lang": "uk",
        "refcode": "ПДЦ 166.1"
      }
    ]
  },
  {
    "para_id": "19.858",
    "id_prev": "19.857",
    "id_next": "19.859",
    "refcode_1": "CCh",
    "refcode_2": "115",
    "refcode_3": "4",
    "refcode_4": "",
    "refcode_short": "CCh 115.4",
    "refcode_long": "Counsels for the Church, p. 115.4 (Ellen Gould White)",
    "element_type": "p",
    "element_subtype": "standard-indented",
    "content": "Many are sailing in a dangerous harbor. They need a pilot; but they scorn to accept the much-needed help, feeling that they are competent to guide their own bark, and not realizing that it is about to strike a hidden rock that may cause them to make shipwreck of faith and happiness.... Unless they are diligent students of that Word [the Bible], they will make grave mistakes which will mar their happiness and that of others, both for the present and the future life.",
    "puborder": 669,
    "translations": [
      {
        "para_id": "11222.824",
        "lang": "cs",
        "refcode": "RPC 103.1"
      },
      {
        "para_id": "1698.1072",
        "lang": "es",
        "refcode": "CPI 208.3"
      },
      {
        "para_id": "871.830",
        "lang": "fr",
        "refcode": "CL 92.1"
      },
      {
        "para_id": "11739.886",
        "lang": "hu",
        "refcode": "TGy 130.3"
      },
      {
        "para_id": "1723.821",
        "lang": "pt",
        "refcode": "CI 118.5"
      },
      {
        "para_id": "2718.850",
        "lang": "ro",
        "refcode": "SB 115.4"
      },
      {
        "para_id": "1824.851",
        "lang": "ru",
        "refcode": "СдЦ 115.5"
      },
      {
        "para_id": "14370.1083",
        "lang": "uk",
        "refcode": "ПДЦ 166.3"
      }
    ]
  },
  {
    "para_id": "19.859",
    "id_prev": "19.858",
    "id_next": "19.860",
    "refcode_1": "CCh",
    "refcode_2": "115",
    "refcode_3": "5",
    "refcode_4": "",
    "refcode_short": "CCh 115.5",
    "refcode_long": "Counsels for the Church, p. 115.5 (Ellen Gould White)",
    "element_type": "p",
    "element_subtype": "standard-indented",
    "content": "If men and women are in the habit of praying twice a day before they contemplate marriage, they should pray four times a day when such a step is anticipated. Marriage is something that will influence and affect your life, both in this world and in the world to come....",
    "puborder": 670,
    "translations": [
      {
        "para_id": "11222.825",
        "lang": "cs",
        "refcode": "RPC 103.2"
      },
      {
        "para_id": "1698.1075",
        "lang": "es",
        "refcode": "CPI 209.1"
      },
      {
        "para_id": "871.831",
        "lang": "fr",
        "refcode": "CL 92.2"
      },
      {
        "para_id": "11739.887",
        "lang": "hu",
        "refcode": "TGy 130.4"
      },
      {
        "para_id": "1723.824",
        "lang": "pt",
        "refcode": "CI 119.1"
      },
      {
        "para_id": "2718.851",
        "lang": "ro",
        "refcode": "SB 115.5"
      },
      {
        "para_id": "1824.852",
        "lang": "ru",
        "refcode": "СдЦ 115.6"
      },
      {
        "para_id": "14370.1084",
        "lang": "uk",
        "refcode": "ПДЦ 166.4"
      }
    ]
  },
  {
    "para_id": "19.860",
    "id_prev": "19.859",
    "id_next": "19.863",
    "refcode_1": "CCh",
    "refcode_2": "115",
    "refcode_3": "6",
    "refcode_4": "",
    "refcode_short": "CCh 115.6",
    "refcode_long": "Counsels for the Church, p. 115.6 (Ellen Gould White)",
    "element_type": "p",
    "element_subtype": "standard-indented",
    "content": "The majority of the marriages of our time and the way in which they are conducted make them one of the signs of the last days. Men and women are so persistent, so headstrong, that God is left out of the <span class=\"page-break\" data-page=\"116\"></span> question. Religion is laid aside, as if it had no part to act in this solemn and important matter.",
    "puborder": 671,
    "translations": [
      {
        "para_id": "11222.826",
        "lang": "cs",
        "refcode": "RPC 103.3"
      },
      {
        "para_id": "1698.1076",
        "lang": "es",
        "refcode": "CPI 209.2"
      },
      {
        "para_id": "871.832",
        "lang": "fr",
        "refcode": "CL 92.3"
      },
      {
        "para_id": "11739.888",
        "lang": "hu",
        "refcode": "TGy 130.5"
      },
      {
        "para_id": "1723.825",
        "lang": "pt",
        "refcode": "CI 119.2"
      },
      {
        "para_id": "2718.852",
        "lang": "ro",
        "refcode": "SB 115.6"
      },
      {
        "para_id": "1824.853",
        "lang": "ru",
        "refcode": "СдЦ 115.7"
      },
      {
        "para_id": "14370.1087",
        "lang": "uk",
        "refcode": "ПДЦ 167.1"
      }
    ]
  }
]