[
  {
    "para_id": "900.2079",
    "id_prev": "900.2078",
    "id_next": "900.2080",
    "refcode_1": "HOPV2",
    "refcode_2": "345",
    "refcode_3": "",
    "refcode_4": "",
    "refcode_short": "HOPV2 345",
    "refcode_long": "History of Protestantism, vol. 2, p. 345 (James Aitken Wylie)",
    "element_type": "h3",
    "element_subtype": "",
    "content": "Chapter 24 : Calvin&rsquo;s Manifold Labours",
    "puborder": 1475,
    "translations": []
  },
  {
    "para_id": "900.2080",
    "id_prev": "900.2079",
    "id_next": "900.2081",
    "refcode_1": "HOPV2",
    "refcode_2": "345",
    "refcode_3": "",
    "refcode_4": "",
    "refcode_short": "",
    "refcode_long": "",
    "element_type": "p",
    "element_subtype": "center",
    "content": "Dedication of his Commentaries and Works&mdash;Care of the Churches&mdash; Poland, etc.&mdash;England and Elizabeth&mdash;Scotland&mdash;John Knox&mdash;Similarity between Calvin and Knox&mdash;The Secret of their Power&mdash;Immense Labours of Calvin&mdash;Calvin and Innocent III. Compared and Contrasted",
    "puborder": 1476,
    "translations": []
  },
  {
    "para_id": "900.2081",
    "id_prev": "900.2080",
    "id_next": "900.2082",
    "refcode_1": "HOPV2",
    "refcode_2": "345",
    "refcode_3": "",
    "refcode_4": "",
    "refcode_short": "",
    "refcode_long": "",
    "element_type": "p",
    "element_subtype": "standard-noindent",
    "content": "Picture: Calvin Insulted by the Libertines on the Rhone Bridge.",
    "puborder": 1477,
    "translations": []
  },
  {
    "para_id": "900.2082",
    "id_prev": "900.2081",
    "id_next": "900.2083",
    "refcode_1": "HOPV2",
    "refcode_2": "345",
    "refcode_3": "2",
    "refcode_4": "",
    "refcode_short": "HOPV2 345.2",
    "refcode_long": "History of Protestantism, vol. 2, p. 345.2 (James Aitken Wylie)",
    "element_type": "p",
    "element_subtype": "standard-indented",
    "content": "The heart of Calvin must have been unspeakably saddened and weighed down, as day after day refugees arrived in Geneva, telling him that another and another of England&rsquo;s Reformers and scholars had perished at the stake, and that another and yet another of the rites of Rome had been re-introduced into that kingdom where the light of Reformation had begun to shine so clearly. But alike in the foul day as in the fair, the Reformer must go on with his work. He stood at the helm, and if the storm thickened, it was only the more necessary that he should turn his eye to every quarter of the horizon, and counsel, warn, and encourage, as the circumstances of each of the Protestant countries required. &ldquo;He bore,&rdquo; says Beza, &ldquo;all these Churches upon his shoulders.&rdquo; Which of them was it that his voice did not reach? We find him in 1545 renewing his intercourse with the distant Austrian provinces. He dedicated his Catechism to the Protestant communities there, with the view of establishing a union in doctrine between them and the Church of Geneva. His watchful eye did not overlook Poland. In 1549 he dedicated to the monarch of that country, Sigismund Augustus, his Commentary on the Hebrews. He exhorted him to give himself to the service of Christ, which places us &ldquo;in the rank of angels,&rdquo; and to follow the footsteps of his father Sigismund, who, while persecution raged in many other countries, kept his hands unstained with blood. Denmark and Sweden also shared Calvin&rsquo;s solicitude. In the year 1552 he dedicated the first half of his Commentary on the Acts of the Apostles to the excellent Christian I.; and the second half he dedicated in 1554 to the son of that monarch, Frederick.",
    "puborder": 1478,
    "translations": []
  },
  {
    "para_id": "900.2083",
    "id_prev": "900.2082",
    "id_next": "900.2084",
    "refcode_1": "HOPV2",
    "refcode_2": "345",
    "refcode_3": "3",
    "refcode_4": "",
    "refcode_short": "HOPV2 345.3",
    "refcode_long": "History of Protestantism, vol. 2, p. 345.3 (James Aitken Wylie)",
    "element_type": "p",
    "element_subtype": "standard-indented",
    "content": "Amid the crowned heads whom he thus acknowledges, the friends of his youth and the refugees of the Gospel were not forgotten. The first part of his Commentary on the Epistle to the Corinthians was dedicated, in 1546, to the Sieur de Bourgoyne; and, ten years later, another part to an illustrious Neapolitan, the Marquis Caraccioli, a refugee in Geneva. These dedications are finely conceived. The writer is forgetful neither of their rank nor of his own greatness. The Commentary on the Second Epistle to the Corinthians was dedicated to Melchior Wolmar, and he accompanied it with an allusion, at once graceful and grateful, to the days he had spent with him in his youth at Bourges. The Commentaries on the Epistles to the Galatians, Ephesians, Philippians, and Colossians were dedicated to the young Duke Christopher of Wurtemberg, to encourage him to persevere in the Reformed path, reminding him, as he had said to the youthful Edward of England, that &ldquo;it was a great matter to be a Christian king, but a yet greater to be a Christian.&rdquo; The Commentary on the First Epistle to the Thessalonians was dedicated, in 1551, to the aged Mathurin Cordier, his early revered teacher, now principal of the Gymnasium at Lausanne. This was his public acknowledgment of what he owed to the man who had first opened to him the gate of knowledge, and guided him in the path with so much skill and pains. What a deeply affectionate and truthful nature do we discover in all this! <sup class=\"footnote\"><a class=\"footnote\">1<span class=\"footnote\">Henry, Life and Times of John Calvin, vol. 2, p. 32; Lond., 1349.</span></a></sup>",
    "puborder": 1479,
    "translations": []
  },
  {
    "para_id": "900.2084",
    "id_prev": "900.2083",
    "id_next": "900.2087",
    "refcode_1": "HOPV2",
    "refcode_2": "345",
    "refcode_3": "4",
    "refcode_4": "",
    "refcode_short": "HOPV2 345.4",
    "refcode_long": "History of Protestantism, vol. 2, p. 345.4 (James Aitken Wylie)",
    "element_type": "p",
    "element_subtype": "standard-indented",
    "content": "Letters and evangelists was Calvin daily sending <span class=\"page-break\" data-page=\"346\"></span> to the Church of France. The &ldquo;Shepherd of Christendom,&rdquo; he was specially the apostle of the French Church. Born in that land, but driven out of it, he was here on its border, in his Alp-environed city, to direct and watch over its Reformation. The Protestants of that great country would have been far happier had they lent a profounder ear to his counsels. Their scaffolds would have had more victims, it may be, but the slain of their battlefields would have been fewer. His messengers also crossed the Alps, with letters to Renee, Duchess of Ferrara. Encompassed by the spies of Rome, watched by a bigoted husband, with few near her to succour her efforts, or share her longings for the emancipation of her fair Italy, the words of Calvin must have been to the grief-stricken queen as &ldquo;cold waters&rdquo; to one athirst. The Pyrenees no more than the Alps could confine his sympathies. He corresponded with the Queen of Navarre, Margaret of VaIois, and with her illustrious daughter, Jeanne d&rsquo;Albret. We do not wonder that the eye of the Reformer should rest with special delight on the little kingdom governed by these wise and virtuous princesses, for there the Protestant vine, so sorely buffeted by tempests in many other lands, flourished in peace, and yielded abundance of happy fruits in the order, the industry, and the morality of the region. And now, again, his attention was attracted to England. Mary was dead, and Elizabeth was on the throne. To the foot of that throne came the Reformer, to instruct, with a now fully-matured wisdom and prescience, the great English sovereign and her ministers, how that faith, planted in their country by Wicliffe, might be revived, and that goodly Church order set up by Cranmer, but overthrown by the furious tempests that had since swept over the kingdom, might be restored and completed.",
    "puborder": 1480,
    "translations": []
  },
  {
    "para_id": "900.2087",
    "id_prev": "900.2084",
    "id_next": "900.2088",
    "refcode_1": "HOPV2",
    "refcode_2": "346",
    "refcode_3": "1",
    "refcode_4": "",
    "refcode_short": "HOPV2 346.1",
    "refcode_long": "History of Protestantism, vol. 2, p. 346.1 (James Aitken Wylie)",
    "element_type": "p",
    "element_subtype": "standard-indented",
    "content": "It is on a country more to the north, then distinct from England, now happily one with it, that the eye of the great chief of Protestantism rests with the greatest delight of all. He had, perhaps, a presentiment that it was that country, rather than France, in which his grand idea was to be realised. A son of that land had already found his way to Geneva. The keen eye of Calvin quickly discerned what sort of man the stranger was. The leonine lineaments of his soul, the robust powers of his intellect stood out to his view; he was the likest to himself of all the men around him, and the two cleaved to each other, and became knit together in the bonds of a holy friendship. Henceforward it was to be Calvin and Knox. Alone, unapproached, towering above even the loftiest of the men around him, stood the Reformer of Geneva; nevertheless the same two qualities that constitute the basis of the character of Calvin constitute also that of Knox. The first is absolute faith in God, the second is absolute submission to his Word. In these two men, these twin principles existed to a degree of strength and intensity which we find in no other of the Reformers, Luther excepted. These two master-principles were the root that nourished all their virtues-their wisdom, their fearless courage, their inflexible adherence to truth, and that unconquered and unconquerable energy with which they pursued their great task till it was fully achieved.",
    "puborder": 1481,
    "translations": []
  },
  {
    "para_id": "900.2088",
    "id_prev": "900.2087",
    "id_next": "900.2089",
    "refcode_1": "HOPV2",
    "refcode_2": "346",
    "refcode_3": "2",
    "refcode_4": "",
    "refcode_short": "HOPV2 346.2",
    "refcode_long": "History of Protestantism, vol. 2, p. 346.2 (James Aitken Wylie)",
    "element_type": "p",
    "element_subtype": "standard-indented",
    "content": "A strong, capacious, and versatile intellect did both these men possess. This helped them in their work; it was like a sharp sword in the hand of a mighty man. But we must never forget that the influence by which Knox regenerated Scotland, and Calvin regenerated Christendom, was not an intellectual force, but a moral, a Divine power. Their submission to the Scriptures gave them access to the deep fountains of that celestial force, and enabled them to bring it into play in all its freshness, fullness, and purity. To propel this quickening energy through a dead world was the work of Calvin. It was his work from day to day. Sitting in his closet, he sent abroad the arrows of light all over Christendom. It was by the clearness, the tranquility, and the beauty of his Commentaries that he acted upon the intellect and conscience of the world. Thus he maintained the battle. With these shafts he smote his foes, and overturned the kingdom of darkness.",
    "puborder": 1482,
    "translations": []
  },
  {
    "para_id": "900.2089",
    "id_prev": "900.2088",
    "id_next": "900.2092",
    "refcode_1": "HOPV2",
    "refcode_2": "346",
    "refcode_3": "3",
    "refcode_4": "",
    "refcode_short": "HOPV2 346.3",
    "refcode_long": "History of Protestantism, vol. 2, p. 346.3 (James Aitken Wylie)",
    "element_type": "p",
    "element_subtype": "standard-indented",
    "content": "When we think of his letters, written on affairs of the greatest weight, addressed to the first men of position and intellect in Europe&mdash;some of them in the graceful and concise Latin of a Cicero or a Seneca, others of them in French that formed the precursor and model of the age of Montaigne&mdash;so numerous are they, that it might have been supposed he wrote letters and did nothing besides. When we turn to his Commentaries, so voluminous, so solid, and so impregnated with the spirituality, and fire, and fragrance of the Divine Word; &mdash;again it would seem as if we had before us the labours of a life-time. &ldquo;The Commentaries of Calvin,&rdquo; says Bungener, &ldquo;mark a revolution in the study of the Bible, and on that account occupy a distinguished place, not only in the history of theology, but in that of the human mind. <sup class=\"footnote\"><a class=\"footnote\">2<span class=\"footnote\">Bungener, p. 282. &ldquo;Doubtless, in many passages, better elucidations have since been found, but it is precisely because his method has been followed.&rdquo;</span></a></sup> These immortal productions are above all else that he <span class=\"page-break\" data-page=\"347\"></span> wrote or did. Calvin-the Calvin that lived and acted on the world of the sixteenth century-lives and acts on that of the nineteenth through these Commentaries.",
    "puborder": 1483,
    "translations": []
  },
  {
    "para_id": "900.2092",
    "id_prev": "900.2089",
    "id_next": "900.2093",
    "refcode_1": "HOPV2",
    "refcode_2": "347",
    "refcode_3": "1",
    "refcode_4": "",
    "refcode_short": "HOPV2 347.1",
    "refcode_long": "History of Protestantism, vol. 2, p. 347.1 (James Aitken Wylie)",
    "element_type": "p",
    "element_subtype": "standard-indented",
    "content": "When, again, we think of him in the pulpit, where he appeared, we may say, every day; when we think of him in the Consistory, where he was present every week; in the academy, whither he often went to address the youth; in the council-chamber, to which he was frequently summoned to give advice on affairs of the State; when we think of his combats with the Libertines, whose faction he overthrew; of his hospitalities and attentions to the refugees of all nations; of the foreign Churches which devolved upon him the task of their organization; of the hours spent in meditation and prayer-and all accomplished in a feeble and sickly body-we find once more that we have enough of work to fill a life-time, although it had stood alone; and we stand amazed when we reflect that it was all done in a life which, when closed, did not number fifty-five years complete. <sup class=\"footnote\"><a class=\"footnote\">3<span class=\"footnote\">&ldquo;In sooth,&rdquo; says Gaberel, &ldquo;the work killed the workman.&rdquo; When we think of only one item of that labor-viz., ninety-six works-written too in the midst of sufferings, it is enough, as Gaberel says, &ldquo;to give one a dizziness of head.&rdquo; &ldquo;His health,&rdquo; remarks the same writer, &ldquo;when he first arrived in his future country, was such as would have reduced to inaction any ordinary man. But Calvin knew to subdue his sufferings by the strength of his will. He exhibited in himself the phenomenon which is sometimes seen in the case of great commanders whose dangerous maladies have given place to health on the eve of battle; only what was abnormal in their case was Calvin&rsquo;s normal condition.&rdquo; (Gaberel, Hist. Eglise de Geneve, vol. 1, p. 398.)</span></a></sup>",
    "puborder": 1484,
    "translations": []
  },
  {
    "para_id": "900.2093",
    "id_prev": "900.2092",
    "id_next": "900.2094",
    "refcode_1": "HOPV2",
    "refcode_2": "347",
    "refcode_3": "2",
    "refcode_4": "",
    "refcode_short": "HOPV2 347.2",
    "refcode_long": "History of Protestantism, vol. 2, p. 347.2 (James Aitken Wylie)",
    "element_type": "p",
    "element_subtype": "standard-indented",
    "content": "Modern Church history presents us with two examples of the very loftiest style of governing. Both soar immensely above the ordinary and vulgar methods of rule. The one presents itself at the meridian of the Papacy, the other is seen in the morning of Protestantism. The two stand over against each other, a beacon and lesson to mankind. We refer to Innocent III. of Rome, and John Calvin of Geneva.",
    "puborder": 1485,
    "translations": []
  },
  {
    "para_id": "900.2094",
    "id_prev": "900.2093",
    "id_next": "900.2095",
    "refcode_1": "HOPV2",
    "refcode_2": "347",
    "refcode_3": "3",
    "refcode_4": "",
    "refcode_short": "HOPV2 347.3",
    "refcode_long": "History of Protestantism, vol. 2, p. 347.3 (James Aitken Wylie)",
    "element_type": "p",
    "element_subtype": "standard-indented",
    "content": "Innocent professed to govern the world by methods purely spiritual, and on sanctions altogether Divine. A man of comprehensive genius, and untiring in his application to business, he wrote letters, promulgated edicts, convoked Councils, perfected the doctrine of his Church by enacting transubstantiation, and completed its government by the establishment of the Inquisition. In virtue of this machinery, more especially by the terrible sentence of interdict, he made himself the master of all the thrones of Europe; his will was obeyed to the remotest extremities of Christendom.",
    "puborder": 1486,
    "translations": []
  },
  {
    "para_id": "900.2095",
    "id_prev": "900.2094",
    "id_next": "900.2098",
    "refcode_1": "HOPV2",
    "refcode_2": "347",
    "refcode_3": "4",
    "refcode_4": "",
    "refcode_short": "HOPV2 347.4",
    "refcode_long": "History of Protestantism, vol. 2, p. 347.4 (James Aitken Wylie)",
    "element_type": "p",
    "element_subtype": "standard-indented",
    "content": "John Calvin held with Innocent that the will of God, as made known in the Scriptures, ought to be the supreme law on earth. But the results that attended this principle as enthroned at Rome were just the opposite of those that flowed from it as established at Geneva, and worked by Calvin. Innocent cast down thrones; Calvin imparted stability and dignity to them. Innocent&rsquo;s rule sunk the nations into serfdom, Calvin&rsquo;s raised them to liberty. Innocent scattered the seeds of barbarism; Calvin sowed those of virtue and intelligence. Why this markedly different result from what professed to be the same government, in its foundation, in its maxims, and in its aims? It all lies in this: Innocent shut the Word of God to the nations, by arrogating to himself the office of its sole infallible interpreter; Calvin threw open the sacred volume, by asserting the right of all to read and interpret it for themselves. He showed them, too, the road by which they would arrive at a knowledge of its true meaning, and thus while Innocent closed, Calvin opened the sluices of Divine influence on the world. Or, to express the difference more briefly, Calvin governed by God; Innocent governed as God.",
    "puborder": 1487,
    "translations": []
  }
]