[
  {
    "para_id": "149.1425",
    "id_prev": "149.1423",
    "id_next": "149.1426",
    "refcode_1": "TDG",
    "refcode_2": "193",
    "refcode_3": "",
    "refcode_4": "185",
    "refcode_short": "TDG 193",
    "refcode_long": "This Day With God, p. 193 (Ellen Gould White)",
    "element_type": "h3",
    "element_subtype": "",
    "content": "No Place for Pride, July 3",
    "puborder": 1241,
    "translations": [
      {
        "para_id": "1699.1421",
        "lang": "es",
        "refcode": "CDCD 191"
      },
      {
        "para_id": "1920.2135",
        "lang": "pt",
        "refcode": "EDD 200"
      },
      {
        "para_id": "1834.1400",
        "lang": "ru",
        "refcode": "ЭДБ 193"
      },
      {
        "para_id": "12215.1417",
        "lang": "uk",
        "refcode": "ЦДБ 191"
      }
    ]
  },
  {
    "para_id": "149.1426",
    "id_prev": "149.1425",
    "id_next": "149.1427",
    "refcode_1": "TDG",
    "refcode_2": "193",
    "refcode_3": "1",
    "refcode_4": "",
    "refcode_short": "TDG 193.1",
    "refcode_long": "This Day With God, p. 193.1 (Ellen Gould White)",
    "element_type": "p",
    "element_subtype": "devotionaltext",
    "content": "Likewise, ye younger, submit yourselves unto the elder. Yea, all of you be subject one to another, and be clothed with humility: for God resisteth the proud, and giveth grace to the humble. Humble yourselves therefore under the mighty hand of God, that he may exalt you in due time. <span class=\"egwlink egwlink_bible\" title=\"1 Peter 5:5\" data-link=\"1965.62159\">1 Peter 5:5, 6</span>.",
    "puborder": 1242,
    "translations": [
      {
        "para_id": "1699.1422",
        "lang": "es",
        "refcode": "CDCD 191.1"
      },
      {
        "para_id": "1920.2136",
        "lang": "pt",
        "refcode": "EDD 200.3"
      },
      {
        "para_id": "1834.1401",
        "lang": "ru",
        "refcode": "ЭДБ 193.1"
      },
      {
        "para_id": "12215.1418",
        "lang": "uk",
        "refcode": "ЦДБ 191.1"
      }
    ]
  },
  {
    "para_id": "149.1427",
    "id_prev": "149.1426",
    "id_next": "149.1428",
    "refcode_1": "TDG",
    "refcode_2": "193",
    "refcode_3": "2",
    "refcode_4": "",
    "refcode_short": "TDG 193.2",
    "refcode_long": "This Day With God, p. 193.2 (Ellen Gould White)",
    "element_type": "p",
    "element_subtype": "standard-indented",
    "content": "The Lord has given abundant evidence of the truthfulness of His promises and threatenings. His people may trust His word. Will they then, in the face of light and evidence, follow a course of their own choosing, independent of God&apos;s ordained agencies? Even good men need to be guarded on every hand, lest they shall become so elevated over the blessings God has given them that the applause and praise from worldlings shall be as a stimulus for them to display their great wisdom and acquisitions.",
    "puborder": 1243,
    "translations": [
      {
        "para_id": "1699.1423",
        "lang": "es",
        "refcode": "CDCD 191.2"
      },
      {
        "para_id": "1920.2137",
        "lang": "pt",
        "refcode": "EDD 200.4"
      },
      {
        "para_id": "1834.1402",
        "lang": "ru",
        "refcode": "ЭДБ 193.2"
      },
      {
        "para_id": "12215.1419",
        "lang": "uk",
        "refcode": "ЦДБ 191.2"
      }
    ]
  },
  {
    "para_id": "149.1428",
    "id_prev": "149.1427",
    "id_next": "149.1429",
    "refcode_1": "TDG",
    "refcode_2": "193",
    "refcode_3": "3",
    "refcode_4": "",
    "refcode_short": "TDG 193.3",
    "refcode_long": "This Day With God, p. 193.3 (Ellen Gould White)",
    "element_type": "p",
    "element_subtype": "standard-indented",
    "content": "The Lord sees, the Lord knows. He will certainly humble all such aspirations; for He hates pride and selfishness and covetousness. The more prosperous the work may be in itself, the less appropriate is it for men to exalt themselves, as though they were the ones who should be lifted up. Our trust must be in God. He has entrusted men with abilities and capabilities, that they may act a prominent part in His work. Let them take heed how they shall exalt themselves....",
    "puborder": 1244,
    "translations": [
      {
        "para_id": "1699.1424",
        "lang": "es",
        "refcode": "CDCD 191.3"
      },
      {
        "para_id": "1920.2138",
        "lang": "pt",
        "refcode": "EDD 200.5"
      },
      {
        "para_id": "1834.1403",
        "lang": "ru",
        "refcode": "ЭДБ 193.3"
      },
      {
        "para_id": "12215.1420",
        "lang": "uk",
        "refcode": "ЦДБ 191.3"
      }
    ]
  },
  {
    "para_id": "149.1429",
    "id_prev": "149.1428",
    "id_next": "149.1430",
    "refcode_1": "TDG",
    "refcode_2": "193",
    "refcode_3": "4",
    "refcode_4": "",
    "refcode_short": "TDG 193.4",
    "refcode_long": "This Day With God, p. 193.4 (Ellen Gould White)",
    "element_type": "p",
    "element_subtype": "standard-indented",
    "content": "The set time to favor Zion will soon come. God has provided men and means whereby His work shall be accomplished. He will not leave His people to shame, but will accomplish His work. His work will move just as He has ordained it to move. Our covenant with Christ unites with the majesty of an omnipotent King the gentleness and tenderness of a caretaking shepherd. Please read the forty-second chapter of Isaiah.",
    "puborder": 1245,
    "translations": [
      {
        "para_id": "1699.1425",
        "lang": "es",
        "refcode": "CDCD 191.4"
      },
      {
        "para_id": "1920.2141",
        "lang": "pt",
        "refcode": "EDD 201.1"
      },
      {
        "para_id": "1834.1404",
        "lang": "ru",
        "refcode": "ЭДБ 193.4"
      },
      {
        "para_id": "12215.1421",
        "lang": "uk",
        "refcode": "ЦДБ 191.4"
      }
    ]
  },
  {
    "para_id": "149.1430",
    "id_prev": "149.1429",
    "id_next": "149.1432",
    "refcode_1": "TDG",
    "refcode_2": "193",
    "refcode_3": "5",
    "refcode_4": "",
    "refcode_short": "TDG 193.5",
    "refcode_long": "This Day With God, p. 193.5 (Ellen Gould White)",
    "element_type": "p",
    "element_subtype": "standard-indented",
    "content": "God desires men to understand the claims He has upon them. He will judge any man who shall interpose between his fellow men and their God, to lead them into paths not cast up for the ransomed. &ldquo;Known unto God are all his works from the beginning of the world&rdquo; (<span class=\"egwlink egwlink_bible\" title=\"Acts 15:18\" data-link=\"1965.56000\">Acts 15:18</span>). He has ordained that His works shall be presented before the world in distinct, holy, sacred lines. The kingdom of God cometh not with observation, but by the gentleness of the inspiration of His word, by the operation of His Spirit in the soul. His work in many places of the world would now be much farther advanced had not man interposed between the people and God, to do a work God has not appointed.&mdash;<span class=\"egwlink egwlink_book\" title=\"Lt 93, 1900\" data-link=\"14065.10416001\">Letter 93, July 3, 1900</span>, to Elder G. A. Irwin, president of the General Conference.",
    "puborder": 1246,
    "translations": [
      {
        "para_id": "1699.1426",
        "lang": "es",
        "refcode": "CDCD 191.5"
      },
      {
        "para_id": "1920.2142",
        "lang": "pt",
        "refcode": "EDD 201.2"
      },
      {
        "para_id": "1834.1405",
        "lang": "ru",
        "refcode": "ЭДБ 193.5"
      },
      {
        "para_id": "12215.1422",
        "lang": "uk",
        "refcode": "ЦДБ 191.5"
      }
    ]
  }
]