[
  {
    "para_id": "2003.2729",
    "id_prev": "2003.2726",
    "id_next": "2003.2730",
    "refcode_1": "2TT",
    "refcode_2": "529",
    "refcode_3": "",
    "refcode_4": "206",
    "refcode_short": "2TT 529",
    "refcode_long": "Testimony Treasures, vol. 2, p. 529 (Ellen Gould White)",
    "element_type": "h4",
    "element_subtype": "",
    "content": "Medical Missionary Workers",
    "puborder": 1803,
    "translations": [
      {
        "para_id": "627.2587",
        "lang": "de",
        "refcode": "Sch2 475"
      },
      {
        "para_id": "1695.2713",
        "lang": "es",
        "refcode": "2JT 529"
      },
      {
        "para_id": "222.2833",
        "lang": "fr",
        "refcode": "TE2 617"
      },
      {
        "para_id": "888.2323",
        "lang": "it",
        "refcode": "TT2 350"
      },
      {
        "para_id": "12450.2867",
        "lang": "nl",
        "refcode": "USG2 557"
      },
      {
        "para_id": "12166.2432",
        "lang": "pl",
        "refcode": "SS2 377"
      },
      {
        "para_id": "1964.2671",
        "lang": "pt",
        "refcode": "TS2 529"
      }
    ]
  },
  {
    "para_id": "2003.2730",
    "id_prev": "2003.2729",
    "id_next": "2003.2731",
    "refcode_1": "2TT",
    "refcode_2": "529",
    "refcode_3": "1",
    "refcode_4": "",
    "refcode_short": "2TT 529.1",
    "refcode_long": "Testimony Treasures, vol. 2, p. 529.1 (Ellen Gould White)",
    "element_type": "p",
    "element_subtype": "standard-indented",
    "content": "The Lord has need of all kinds of skillful workmen. &ldquo;He gave some, apostles; and some, prophets; and some, evangelists; and some, pastors and teachers; for the perfecting of the saints, for the work of the ministry, for the edifying of the body of Christ: till we all come in the unity of the faith, and of the knowledge of the Son of God, unto a perfect man, unto the measure of the stature of the fullness of Christ.&rdquo; <span class=\"egwlink egwlink_bible\" title=\"Ephesians 4:11\" data-link=\"1965.59719\">Ephesians 4:11-13</span>.",
    "puborder": 1804,
    "translations": [
      {
        "para_id": "627.2588",
        "lang": "de",
        "refcode": "Sch2 475.1"
      },
      {
        "para_id": "1695.2714",
        "lang": "es",
        "refcode": "2JT 529.2"
      },
      {
        "para_id": "222.2834",
        "lang": "fr",
        "refcode": "TE2 617.3"
      },
      {
        "para_id": "888.2324",
        "lang": "it",
        "refcode": "TT2 350.1"
      },
      {
        "para_id": "12450.2868",
        "lang": "nl",
        "refcode": "USG2 557.1"
      },
      {
        "para_id": "12166.2433",
        "lang": "pl",
        "refcode": "SS2 377.3"
      },
      {
        "para_id": "1964.2672",
        "lang": "pt",
        "refcode": "TS2 529.1"
      }
    ]
  },
  {
    "para_id": "2003.2731",
    "id_prev": "2003.2730",
    "id_next": "2003.2732",
    "refcode_1": "2TT",
    "refcode_2": "529",
    "refcode_3": "2",
    "refcode_4": "",
    "refcode_short": "2TT 529.2",
    "refcode_long": "Testimony Treasures, vol. 2, p. 529.2 (Ellen Gould White)",
    "element_type": "p",
    "element_subtype": "standard-indented",
    "content": "Every child of God should have sanctified judgment to consider the cause as a whole and the relation of each part to every other part, that none may lack. The field is large, and there is a great work of reform to be carried forward, not in one or two lines, but in every line. The medical missionary work is a part of this work of reform, but it should never become the means of separating the workers in the ministry from their field of labor. The education of students in medical missionary lines is not complete unless they are trained to work in connection with the church and the ministry, and the usefulness of those who are preparing for the ministry would be greatly increased if they would become intelligent on the great and important subject of health. The influence of the Holy Spirit is needed that the work may be properly balanced and that it may move forward solidly in every line.",
    "puborder": 1805,
    "translations": [
      {
        "para_id": "627.2589",
        "lang": "de",
        "refcode": "Sch2 475.2"
      },
      {
        "para_id": "1695.2715",
        "lang": "es",
        "refcode": "2JT 529.3"
      },
      {
        "para_id": "222.2837",
        "lang": "fr",
        "refcode": "TE2 618.1"
      },
      {
        "para_id": "888.2325",
        "lang": "it",
        "refcode": "TT2 350.2"
      },
      {
        "para_id": "12450.2869",
        "lang": "nl",
        "refcode": "USG2 557.2"
      },
      {
        "para_id": "12166.2434",
        "lang": "pl",
        "refcode": "SS2 377.4"
      },
      {
        "para_id": "1964.2673",
        "lang": "pt",
        "refcode": "TS2 529.2"
      }
    ]
  }
]