[
  {
    "para_id": "2003.1528",
    "id_prev": "2003.1526",
    "id_next": "2003.1529",
    "refcode_1": "2TT",
    "refcode_2": "303",
    "refcode_3": "",
    "refcode_4": "42",
    "refcode_short": "2TT 303",
    "refcode_long": "Testimony Treasures, vol. 2, p. 303 (Ellen Gould White)",
    "element_type": "h3",
    "element_subtype": "",
    "content": "The Mysteries of the Bible a Proof of Its Inspiration<sup class=\"footnote\"><a class=\"footnote\">*<span class=\"footnote\">1889, <span class=\"egwlink egwlink_book\" title=\"5T 698.1\" data-link=\"113.3397\">Testimonies for the Church 5:698-711</span>.</span></a></sup>",
    "puborder": 995,
    "translations": [
      {
        "para_id": "627.1463",
        "lang": "de",
        "refcode": "Sch2 273"
      },
      {
        "para_id": "1695.1519",
        "lang": "es",
        "refcode": "2JT 303"
      },
      {
        "para_id": "222.1598",
        "lang": "fr",
        "refcode": "TE2 355"
      },
      {
        "para_id": "888.1311",
        "lang": "it",
        "refcode": "TT2 203"
      },
      {
        "para_id": "12450.1625",
        "lang": "nl",
        "refcode": "USG2 320"
      },
      {
        "para_id": "12166.1358",
        "lang": "pl",
        "refcode": "SS2 218"
      },
      {
        "para_id": "1964.1516",
        "lang": "pt",
        "refcode": "TS2 303"
      }
    ]
  },
  {
    "para_id": "2003.1529",
    "id_prev": "2003.1528",
    "id_next": "2003.1530",
    "refcode_1": "2TT",
    "refcode_2": "303",
    "refcode_3": "1",
    "refcode_4": "",
    "refcode_short": "2TT 303.1",
    "refcode_long": "Testimony Treasures, vol. 2, p. 303.1 (Ellen Gould White)",
    "element_type": "p",
    "element_subtype": "standard-indented",
    "content": "Canst thou by searching find out God? canst thou find out the Almighty unto perfection? It is as high as heaven; what canst thou do? deeper than hell; what canst thou know?&rdquo; <span class=\"egwlink egwlink_bible\" title=\"Job 11:7\" data-link=\"1965.26698\">Job 11:7, 8</span>. &ldquo;My thoughts are not your thoughts, neither are your ways My ways, saith the Lord. For as the heavens are higher than the earth, so are My ways higher than your ways, and My thoughts than your thoughts.&rdquo; <span class=\"egwlink egwlink_bible\" title=\"Isaiah 55:8\" data-link=\"1965.38256\">Isaiah 55:8, 9</span>. &ldquo;I am God, and there is none like Me, declaring the end from the beginning, and from ancient times the things that are not yet done.&rdquo; <span class=\"egwlink egwlink_bible\" title=\"Isaiah 46:9\" data-link=\"1965.37941\">Isaiah 46:9, 10</span>. It is impossible for the finite minds of men to fully comprehend the character or the works of the Infinite One. To the keenest intellect, to the most powerful and highly educated mind, that holy Being must ever remain clothed in mystery.",
    "puborder": 996,
    "translations": [
      {
        "para_id": "627.1464",
        "lang": "de",
        "refcode": "Sch2 273.2"
      },
      {
        "para_id": "1695.1520",
        "lang": "es",
        "refcode": "2JT 303.1"
      },
      {
        "para_id": "222.1599",
        "lang": "fr",
        "refcode": "TE2 355.1"
      },
      {
        "para_id": "888.1312",
        "lang": "it",
        "refcode": "TT2 203.1"
      },
      {
        "para_id": "12450.1627",
        "lang": "nl",
        "refcode": "USG2 320.1"
      },
      {
        "para_id": "12166.1359",
        "lang": "pl",
        "refcode": "SS2 218.2"
      },
      {
        "para_id": "1964.1517",
        "lang": "pt",
        "refcode": "TS2 303.1"
      }
    ]
  },
  {
    "para_id": "2003.1530",
    "id_prev": "2003.1529",
    "id_next": "2003.1531",
    "refcode_1": "2TT",
    "refcode_2": "303",
    "refcode_3": "2",
    "refcode_4": "",
    "refcode_short": "2TT 303.2",
    "refcode_long": "Testimony Treasures, vol. 2, p. 303.2 (Ellen Gould White)",
    "element_type": "p",
    "element_subtype": "standard-indented",
    "content": "The apostle Paul exclaims: &ldquo;O the depth of the riches both of the wisdom and knowledge of God! how unsearchable are His judgments, and His ways past finding out!&rdquo; <span class=\"egwlink egwlink_bible\" title=\"Romans 11:33\" data-link=\"1965.57589\">Romans 11:33</span>. But though &ldquo;clouds and darkness are round about Him: righteousness and justice are the foundation of His throne.&rdquo; <span class=\"egwlink egwlink_bible\" title=\"Psalm 97:2\" data-link=\"1965.31557\">Psalm 97:2</span>, R.V. We can so far comprehend His dealing with us, and the motives by which He is actuated, that we may discern boundless love and mercy united to infinite power. We can understand as much of His purpose as it is for our good to know; and beyond this we must still trust the might of the Omnipotent, the love and wisdom of the Father and Sovereign of all.",
    "puborder": 997,
    "translations": [
      {
        "para_id": "627.1467",
        "lang": "de",
        "refcode": "Sch2 274.1"
      },
      {
        "para_id": "1695.1521",
        "lang": "es",
        "refcode": "2JT 303.2"
      },
      {
        "para_id": "222.1600",
        "lang": "fr",
        "refcode": "TE2 355.2"
      },
      {
        "para_id": "888.1313",
        "lang": "it",
        "refcode": "TT2 203.2"
      },
      {
        "para_id": "12450.1628",
        "lang": "nl",
        "refcode": "USG2 320.2"
      },
      {
        "para_id": "12166.1362",
        "lang": "pl",
        "refcode": "SS2 219.1"
      },
      {
        "para_id": "1964.1518",
        "lang": "pt",
        "refcode": "TS2 303.2"
      }
    ]
  },
  {
    "para_id": "2003.1531",
    "id_prev": "2003.1530",
    "id_next": "2003.1534",
    "refcode_1": "2TT",
    "refcode_2": "303",
    "refcode_3": "3",
    "refcode_4": "",
    "refcode_short": "2TT 303.3",
    "refcode_long": "Testimony Treasures, vol. 2, p. 303.3 (Ellen Gould White)",
    "element_type": "p",
    "element_subtype": "standard-indented",
    "content": "The word of God, like the character of its divine Author, <span class=\"page-break\" data-page=\"304\"></span> presents mysteries which can never be fully comprehended by finite beings. It directs our minds to the Creator, who dwelleth &ldquo;in the light which no man can approach unto.&rdquo; <span class=\"egwlink egwlink_bible\" title=\"1 Timothy 6:16\" data-link=\"1965.60790\">1 Timothy 6:16</span>. It presents to us His purposes, which embrace all the ages of human history, and which will reach their fulfillment only in the endless cycles of eternity. It calls our attention to subjects of infinite depth and importance relating to the government of God and the destiny of man.",
    "puborder": 998,
    "translations": [
      {
        "para_id": "627.1468",
        "lang": "de",
        "refcode": "Sch2 274.2"
      },
      {
        "para_id": "1695.1522",
        "lang": "es",
        "refcode": "2JT 303.3"
      },
      {
        "para_id": "222.1603",
        "lang": "fr",
        "refcode": "TE2 356.1"
      },
      {
        "para_id": "888.1314",
        "lang": "it",
        "refcode": "TT2 203.3"
      },
      {
        "para_id": "12166.1363",
        "lang": "pl",
        "refcode": "SS2 219.2"
      },
      {
        "para_id": "1964.1519",
        "lang": "pt",
        "refcode": "TS2 303.3"
      }
    ]
  },
  {
    "para_id": "2003.1534",
    "id_prev": "2003.1531",
    "id_next": "2003.1535",
    "refcode_1": "2TT",
    "refcode_2": "304",
    "refcode_3": "1",
    "refcode_4": "",
    "refcode_short": "2TT 304.1",
    "refcode_long": "Testimony Treasures, vol. 2, p. 304.1 (Ellen Gould White)",
    "element_type": "p",
    "element_subtype": "standard-indented",
    "content": "The entrance of sin into the world, the incarnation of Christ, regeneration, the resurrection, and many other subjects presented in the Bible, are mysteries too deep for the human mind to explain or even to fully comprehend. But God has given us in the Scriptures sufficient evidence of their divine character, and we are not to doubt His word because we cannot understand all the mysteries of His providence.",
    "puborder": 999,
    "translations": [
      {
        "para_id": "627.1469",
        "lang": "de",
        "refcode": "Sch2 274.3"
      },
      {
        "para_id": "1695.1525",
        "lang": "es",
        "refcode": "2JT 304.1"
      },
      {
        "para_id": "222.1604",
        "lang": "fr",
        "refcode": "TE2 356.2"
      },
      {
        "para_id": "888.1315",
        "lang": "it",
        "refcode": "TT2 203.4"
      },
      {
        "para_id": "12450.1632",
        "lang": "nl",
        "refcode": "USG2 321.1"
      },
      {
        "para_id": "12166.1364",
        "lang": "pl",
        "refcode": "SS2 219.3"
      },
      {
        "para_id": "1964.1522",
        "lang": "pt",
        "refcode": "TS2 304.1"
      }
    ]
  },
  {
    "para_id": "2003.1535",
    "id_prev": "2003.1534",
    "id_next": "2003.1536",
    "refcode_1": "2TT",
    "refcode_2": "304",
    "refcode_3": "2",
    "refcode_4": "",
    "refcode_short": "2TT 304.2",
    "refcode_long": "Testimony Treasures, vol. 2, p. 304.2 (Ellen Gould White)",
    "element_type": "p",
    "element_subtype": "standard-indented",
    "content": "The portions of Holy Writ presenting these great themes are not to be passed by as of no use to man. All that God has seen fit to make known we are to accept upon the authority of His word. Only a bare statement of facts may be given, with no explanation as to why or how; but though we cannot comprehend it we should rest content that it is true, because God has said it. All the difficulty lies in the weakness and narrowness of the human mind.",
    "puborder": 1000,
    "translations": [
      {
        "para_id": "627.1470",
        "lang": "de",
        "refcode": "Sch2 274.4"
      },
      {
        "para_id": "1695.1526",
        "lang": "es",
        "refcode": "2JT 304.2"
      },
      {
        "para_id": "222.1604",
        "lang": "fr",
        "refcode": "TE2 356.2"
      },
      {
        "para_id": "888.1316",
        "lang": "it",
        "refcode": "TT2 203.5"
      },
      {
        "para_id": "12450.1633",
        "lang": "nl",
        "refcode": "USG2 321.2"
      },
      {
        "para_id": "12166.1365",
        "lang": "pl",
        "refcode": "SS2 219.4"
      },
      {
        "para_id": "1964.1523",
        "lang": "pt",
        "refcode": "TS2 304.2"
      }
    ]
  }
]