[
  {
    "para_id": "737.272",
    "id_prev": "737.271",
    "id_next": "737.273",
    "refcode_1": "SVD",
    "refcode_2": "38",
    "refcode_3": "",
    "refcode_4": "",
    "refcode_short": "SVD 38",
    "refcode_long": "The Salamanca Vision and the 1890 Diary, p. 38 (Ellen Gould White)",
    "element_type": "h4",
    "element_subtype": "",
    "content": "Lynn, Massachusetts, Sabbath, December 6, 1890",
    "puborder": 215,
    "translations": []
  },
  {
    "para_id": "737.273",
    "id_prev": "737.272",
    "id_next": "737.274",
    "refcode_1": "SVD",
    "refcode_2": "38",
    "refcode_3": "2",
    "refcode_4": "",
    "refcode_short": "SVD 38.2",
    "refcode_long": "The Salamanca Vision and the 1890 Diary, p. 38.2 (Ellen Gould White)",
    "element_type": "p",
    "element_subtype": "standard-indented",
    "content": "I spoke to the people assembled on the Sabbath from <span class=\"egwlink egwlink_bible\" title=\"John 14:1\" data-link=\"1965.54395\">John 14</span>. The Lord gave me freedom in speaking to the people. Many had just come into the faith. One family, all at home&mdash;father, mother, and three children&mdash;embraced the truth. The father is cousin to Edwin Burnham, a First-day Adventist. He was considered one of the most eloquent preachers among the First-day Adventists. He opposed the Sabbath of the fourth commandment with great vigor. He made most extravagant expressions. He stated that the law of God was an old thunder and lightning law, a bloody law; that it was not possible for man to keep that law&mdash;that they never could keep it; it was dead and buried and did not deserve a gravestone. He said he always felt better after he had given the law a good run. And now here is a relative by the name of Burnham who has, with nearly all his family, taken hold of the Sabbath!&mdash;Ms. 50, 1890, pp. 2-3 (Diary 16, pp. 363-364).",
    "puborder": 216,
    "translations": []
  }
]