[
  {
    "para_id": "743.2",
    "id_prev": null,
    "id_next": "743.3",
    "refcode_1": "EGWSRGES",
    "refcode_2": "1",
    "refcode_3": "",
    "refcode_4": "",
    "refcode_short": "EGWSRGES 1",
    "refcode_long": "Ellen G. White Statements Relating to Geology and Earth Sciences, p. 1 (Ellen Gould White)",
    "element_type": "h1",
    "element_subtype": "",
    "content": "Ellen G. White Statements Relating to Geology and Earth Sciences",
    "puborder": 1,
    "translations": []
  },
  {
    "para_id": "743.3",
    "id_prev": "743.2",
    "id_next": "743.7",
    "refcode_1": "EGWSRGES",
    "refcode_2": "1",
    "refcode_3": "",
    "refcode_4": "",
    "refcode_short": "",
    "refcode_long": "",
    "element_type": "p",
    "element_subtype": "center",
    "content": "Ellen G. White Estate\r\n<br />Washington, D. C.\r\n<br />March, 1982",
    "puborder": 2,
    "translations": []
  }
]