[
  {
    "para_id": "660.2992",
    "id_prev": "660.2990",
    "id_next": "660.2993",
    "refcode_1": "APAY",
    "refcode_2": "463",
    "refcode_3": "",
    "refcode_4": "",
    "refcode_short": "APAY 463",
    "refcode_long": "A Prophet Among You, p. 463 (T. Housel Jemison)",
    "element_type": "h4",
    "element_subtype": "",
    "content": "FOR STUDY AND DISCUSSION",
    "puborder": 2220,
    "translations": []
  },
  {
    "para_id": "660.2993",
    "id_prev": "660.2992",
    "id_next": "660.2994",
    "refcode_1": "APAY",
    "refcode_2": "463",
    "refcode_3": "1",
    "refcode_4": "",
    "refcode_short": "APAY 463.1",
    "refcode_long": "A Prophet Among You, p. 463.1 (T. Housel Jemison)",
    "element_type": "p",
    "element_subtype": "standard-indented",
    "content": "1. What part does prayer play in research on spiritual subjects, or, for that matter, on any subject that is vital to the Christian?",
    "puborder": 2221,
    "translations": []
  },
  {
    "para_id": "660.2994",
    "id_prev": "660.2993",
    "id_next": "660.2995",
    "refcode_1": "APAY",
    "refcode_2": "463",
    "refcode_3": "2",
    "refcode_4": "",
    "refcode_short": "APAY 463.2",
    "refcode_long": "A Prophet Among You, p. 463.2 (T. Housel Jemison)",
    "element_type": "p",
    "element_subtype": "standard-indented",
    "content": "2. Find one or two examples of sentences which, if taken out of their context, would give a different idea than in their natural setting.",
    "puborder": 2222,
    "translations": []
  },
  {
    "para_id": "660.2995",
    "id_prev": "660.2994",
    "id_next": "660.2996",
    "refcode_1": "APAY",
    "refcode_2": "463",
    "refcode_3": "3",
    "refcode_4": "",
    "refcode_short": "APAY 463.3",
    "refcode_long": "A Prophet Among You, p. 463.3 (T. Housel Jemison)",
    "element_type": "p",
    "element_subtype": "standard-indented",
    "content": "3. Select a general subject from the list of suggested topics&mdash;for instance, &ldquo;Home.&rdquo; Make a list of some of the phases of the subject, each of which might make a topic for study.",
    "puborder": 2223,
    "translations": []
  },
  {
    "para_id": "660.2996",
    "id_prev": "660.2995",
    "id_next": "660.2997",
    "refcode_1": "APAY",
    "refcode_2": "463",
    "refcode_3": "4",
    "refcode_4": "",
    "refcode_short": "APAY 463.4",
    "refcode_long": "A Prophet Among You, p. 463.4 (T. Housel Jemison)",
    "element_type": "p",
    "element_subtype": "standard-indented",
    "content": "4. What type of research would be done if one restricted his gathering of materials to the items specifically listed in the <em>Index?</em>",
    "puborder": 2224,
    "translations": []
  },
  {
    "para_id": "660.2997",
    "id_prev": "660.2996",
    "id_next": "660.2998",
    "refcode_1": "APAY",
    "refcode_2": "463",
    "refcode_3": "5",
    "refcode_4": "",
    "refcode_short": "APAY 463.5",
    "refcode_long": "A Prophet Among You, p. 463.5 (T. Housel Jemison)",
    "element_type": "p",
    "element_subtype": "standard-indented",
    "content": "5. Is it necessary to point to a specific Bible text to prove that there is a Bible background for a line of instruction given in the Ellen White writings?",
    "puborder": 2225,
    "translations": []
  }
]