[
  {
    "para_id": "660.3001",
    "id_prev": "660.2999",
    "id_next": "660.3002",
    "refcode_1": "APAY",
    "refcode_2": "464",
    "refcode_3": "",
    "refcode_4": "",
    "refcode_short": "APAY 464",
    "refcode_long": "A Prophet Among You, p. 464 (T. Housel Jemison)",
    "element_type": "h3",
    "element_subtype": "",
    "content": "Chapter 25&mdash;In Confirmation Of Faith",
    "puborder": 2228,
    "translations": []
  },
  {
    "para_id": "660.3002",
    "id_prev": "660.3001",
    "id_next": "660.3003",
    "refcode_1": "APAY",
    "refcode_2": "464",
    "refcode_3": "1",
    "refcode_4": "",
    "refcode_short": "APAY 464.1",
    "refcode_long": "A Prophet Among You, p. 464.1 (T. Housel Jemison)",
    "element_type": "p",
    "element_subtype": "standard-indented",
    "content": "&ldquo;Believe in the Lord your God, so shall ye be established; believe His prophets, so shall ye prosper.&rdquo; <span class=\"egwlink egwlink_bible\" title=\"2 Chronicles 20:20\" data-link=\"1965.23618\">2 Chronicles 20:20</span>.",
    "puborder": 2229,
    "translations": []
  },
  {
    "para_id": "660.3003",
    "id_prev": "660.3002",
    "id_next": "660.3004",
    "refcode_1": "APAY",
    "refcode_2": "464",
    "refcode_3": "2",
    "refcode_4": "",
    "refcode_short": "APAY 464.2",
    "refcode_long": "A Prophet Among You, p. 464.2 (T. Housel Jemison)",
    "element_type": "p",
    "element_subtype": "standard-indented",
    "content": "In the list of &ldquo;Fundamental Beliefs of Seventh-day Adventists,&rdquo; the following declaration appears as No. 19: &ldquo;That God has placed in His church the gifts of the Holy Spirit, as enumerated in <span class=\"egwlink egwlink_bible\" title=\"1 Corinthians 12:1\" data-link=\"1965.58393\">1 Corinthians 12</span> and <span class=\"egwlink egwlink_bible\" title=\"Ephesians 4:1\" data-link=\"1965.59699\">Ephesians 4</span>. That these gifts operate in harmony with the divine principles of the Bible, and are given for the perfecting of the saints, the work of the ministry, the edifying of the body of Christ. <span class=\"egwlink egwlink_bible\" title=\"Revelation 12:17\" data-link=\"1965.63064\">Revelation 12:17</span>; <span class=\"egwlink egwlink_bible\" title=\"Revelation 19:10\" data-link=\"1965.63309\">19:10</span>; <span class=\"egwlink egwlink_bible\" title=\"1 Corinthians 1:5\" data-link=\"1965.57848\">1 Corinthians 1:5-7</span>. That the gift of the spirit of prophecy is one of the identifying marks of the remnant church. <span class=\"egwlink egwlink_bible\" title=\"1 Corinthians 1:5\" data-link=\"1965.57848\">1 Corinthians 1:5, 7</span>; <span class=\"egwlink egwlink_bible\" title=\"1 Corinthians 12:1\" data-link=\"1965.58393\">12:1, 28</span>; <span class=\"egwlink egwlink_bible\" title=\"Revelation 12:17\" data-link=\"1965.63064\">Revelation 12:17</span>; <span class=\"egwlink egwlink_bible\" title=\"Revelation 19:10\" data-link=\"1965.63309\">19:10</span>; <span class=\"egwlink egwlink_bible\" title=\"Amos 3:7\" data-link=\"1965.45719\">Amos 3:7</span>; <span class=\"egwlink egwlink_bible\" title=\"Hosea 12:10\" data-link=\"1965.45429\">Hosea 12:10, 13</span>. They recognize that this gift was manifested in the life and ministry of Ellen G. White.&rdquo; <sup class=\"footnote\"><a class=\"footnote\">13<span class=\"footnote\">For a complete list of fundamental beliefs, see Seventh-day Adventist Year-book, or the baptismal certificate.</span></a></sup>",
    "puborder": 2230,
    "translations": []
  },
  {
    "para_id": "660.3004",
    "id_prev": "660.3003",
    "id_next": "660.3007",
    "refcode_1": "APAY",
    "refcode_2": "464",
    "refcode_3": "3",
    "refcode_4": "",
    "refcode_short": "APAY 464.3",
    "refcode_long": "A Prophet Among You, p. 464.3 (T. Housel Jemison)",
    "element_type": "p",
    "element_subtype": "standard-indented",
    "content": "Although it is the responsibility of each individual to apply the Bible tests of a prophet to the life and ministry of Ellen White in order to be assured of the validity of her claim to be the messenger of the Lord, we can be certain that the gift of prophecy in its modern manifestation is no longer on trial in the Seventh-day Adventist Church. The inspiration of the messenger, the Scriptural nature of the instruction, the value and contribution of the messages, have been recognized and accepted since the beginnings of the church, even before there was denominational organization. Time has vindicated the confidence of the pioneers and the present believers and leaders of the advent cause in the guidance of God through the ministry and writings of Ellen White. The circulation of her books <span class=\"page-break\" data-page=\"465\"></span> increases annually, and Seventh-day Adventists are turning to them with increasing frequency for help in the conduct of personal lives and the work of the denomination. Questions and challenges have been, and no doubt always will be, raised about the prophetic messages, as they have been regarding the Bible, but these messages will continue to stabilize, direct, and stimulate the church until the return of the Saviour.",
    "puborder": 2231,
    "translations": []
  }
]