[
  {
    "para_id": "115.159",
    "id_prev": "115.156",
    "id_next": "115.160",
    "refcode_1": "9T",
    "refcode_2": "31",
    "refcode_3": "",
    "refcode_4": "7",
    "refcode_short": "9T 31",
    "refcode_long": "Testimonies for the Church, vol. 9, p. 31 (Ellen Gould White)",
    "element_type": "h4",
    "element_subtype": "",
    "content": "Our Example",
    "puborder": 105,
    "translations": [
      {
        "para_id": "229.179",
        "lang": "es",
        "refcode": "9TPI 26"
      },
      {
        "para_id": "12867.156",
        "lang": "pl",
        "refcode": "S9 31"
      },
      {
        "para_id": "1962.190",
        "lang": "pt",
        "refcode": "T9 31"
      },
      {
        "para_id": "1795.152",
        "lang": "ru",
        "refcode": "9СЦ 31"
      }
    ]
  },
  {
    "para_id": "115.160",
    "id_prev": "115.159",
    "id_next": "115.161",
    "refcode_1": "9T",
    "refcode_2": "31",
    "refcode_3": "1",
    "refcode_4": "",
    "refcode_short": "9T 31.1",
    "refcode_long": "Testimonies for the Church, vol. 9, p. 31.1 (Ellen Gould White)",
    "element_type": "p",
    "element_subtype": "standard-indented",
    "content": "Christ&apos;s work is to be our example. Constantly He went about doing good. In the temple and the synagogues, in the streets of the cities, in the marketplace and the workshop, by the seaside and among the hills, He preached the gospel and healed the sick. His life was one of unselfish service, and it is to be our lessonbook. His tender, pitying love rebukes our selfishness and heartlessness.",
    "puborder": 106,
    "translations": [
      {
        "para_id": "229.180",
        "lang": "es",
        "refcode": "9TPI 26.1"
      },
      {
        "para_id": "12867.157",
        "lang": "pl",
        "refcode": "S9 31.1"
      },
      {
        "para_id": "1962.191",
        "lang": "pt",
        "refcode": "T9 31.1"
      },
      {
        "para_id": "1795.153",
        "lang": "ru",
        "refcode": "9СЦ 31.1"
      }
    ]
  },
  {
    "para_id": "115.161",
    "id_prev": "115.160",
    "id_next": "115.162",
    "refcode_1": "9T",
    "refcode_2": "31",
    "refcode_3": "2",
    "refcode_4": "",
    "refcode_short": "9T 31.2",
    "refcode_long": "Testimonies for the Church, vol. 9, p. 31.2 (Ellen Gould White)",
    "element_type": "p",
    "element_subtype": "standard-indented",
    "content": "Wherever Christ went, He scattered blessings in His path. How many who claim to believe on Him have learned His lessons of kindness, of tender pity, of unselfish love? Hear His voice speaking to the weak, the weary, the helpless: &ldquo;Come unto Me, all ye that labor and are heavy-laden, and I will give you rest.&rdquo; <span class=\"egwlink egwlink_bible\" title=\"Matthew 11:28\" data-link=\"1965.47957\">Matthew 11:28</span>. There was no wearying of His patience, no repressing of His love.",
    "puborder": 107,
    "translations": [
      {
        "para_id": "229.181",
        "lang": "es",
        "refcode": "9TPI 26.2"
      },
      {
        "para_id": "12867.158",
        "lang": "pl",
        "refcode": "S9 31.2"
      },
      {
        "para_id": "1962.192",
        "lang": "pt",
        "refcode": "T9 31.2"
      },
      {
        "para_id": "1795.154",
        "lang": "ru",
        "refcode": "9СЦ 31.2"
      }
    ]
  },
  {
    "para_id": "115.162",
    "id_prev": "115.161",
    "id_next": "115.164",
    "refcode_1": "9T",
    "refcode_2": "31",
    "refcode_3": "3",
    "refcode_4": "",
    "refcode_short": "9T 31.3",
    "refcode_long": "Testimonies for the Church, vol. 9, p. 31.3 (Ellen Gould White)",
    "element_type": "p",
    "element_subtype": "standard-indented",
    "content": "Christ calls upon us to labor patiently and perseveringly for the thousands perishing in their sins, scattered in all lands, like wrecks on a desert shore. Those who share in Christ&apos;s glory must share also in His ministry, helping the weak, the wretched, and the despondent.",
    "puborder": 108,
    "translations": [
      {
        "para_id": "229.182",
        "lang": "es",
        "refcode": "9TPI 26.3"
      },
      {
        "para_id": "12867.159",
        "lang": "pl",
        "refcode": "S9 31.3"
      },
      {
        "para_id": "1962.193",
        "lang": "pt",
        "refcode": "T9 31.3"
      },
      {
        "para_id": "1795.155",
        "lang": "ru",
        "refcode": "9СЦ 31.3"
      }
    ]
  },
  {
    "para_id": "115.164",
    "id_prev": "115.162",
    "id_next": "115.165",
    "refcode_1": "9T",
    "refcode_2": "32",
    "refcode_3": "1",
    "refcode_4": "",
    "refcode_short": "9T 32.1",
    "refcode_long": "Testimonies for the Church, vol. 9, p. 32.1 (Ellen Gould White)",
    "element_type": "p",
    "element_subtype": "standard-indented",
    "content": "Let those who take up this work make the life of Christ their constant study. Let them be intensely in earnest, using every capability in the Lord&apos;s service. Precious results will follow sincere, unselfish effort. From the Great Teacher the workers will receive the highest of all education. But those who do not impart the light they have received will one day realize that they have sustained a fearful loss.",
    "puborder": 109,
    "translations": [
      {
        "para_id": "229.183",
        "lang": "es",
        "refcode": "9TPI 26.4"
      },
      {
        "para_id": "12867.161",
        "lang": "pl",
        "refcode": "S9 32.1"
      },
      {
        "para_id": "1962.195",
        "lang": "pt",
        "refcode": "T9 32.1"
      },
      {
        "para_id": "1795.156",
        "lang": "ru",
        "refcode": "9СЦ 31.4"
      }
    ]
  },
  {
    "para_id": "115.165",
    "id_prev": "115.164",
    "id_next": "115.166",
    "refcode_1": "9T",
    "refcode_2": "32",
    "refcode_3": "2",
    "refcode_4": "",
    "refcode_short": "9T 32.2",
    "refcode_long": "Testimonies for the Church, vol. 9, p. 32.2 (Ellen Gould White)",
    "element_type": "p",
    "element_subtype": "standard-indented",
    "content": "Human beings have no right to think that there is a limit to the efforts that they are to make in the work of soulsaving. Did Christ ever become weary in His work? Did He ever draw back from sacrifice and hardship? Church members are to put forth the continuous, persevering efforts that He put forth. They are to be ever ready to spring into action in obedience to the Master&apos;s commands. Wherever we see work waiting to be done we are to take it up and do it, constantly looking unto Jesus. If our church members would heed this instruction, hundreds of souls would be won to Jesus. If every church member were a living missionary, the gospel would speedily be proclaimed in all countries, to all peoples, nations, and tongues.",
    "puborder": 110,
    "translations": [
      {
        "para_id": "229.184",
        "lang": "es",
        "refcode": "9TPI 26.5"
      },
      {
        "para_id": "12867.161",
        "lang": "pl",
        "refcode": "S9 32.1"
      },
      {
        "para_id": "1962.196",
        "lang": "pt",
        "refcode": "T9 32.2"
      },
      {
        "para_id": "1795.159",
        "lang": "ru",
        "refcode": "9СЦ 32.1"
      }
    ]
  }
]