[
  {
    "para_id": "12280.421",
    "id_prev": "12280.420",
    "id_next": "12280.422",
    "refcode_1": "GrH_a",
    "refcode_2": "42",
    "refcode_3": "",
    "refcode_4": "6",
    "refcode_short": "GrH_a 42",
    "refcode_long": "The Great Hope (Adapted), p. 42 (Ellen Gould White)",
    "element_type": "h4",
    "element_subtype": "",
    "content": "God&rsquo;s People Not Misled",
    "puborder": 351,
    "translations": []
  },
  {
    "para_id": "12280.422",
    "id_prev": "12280.421",
    "id_next": "12280.423",
    "refcode_1": "GrH_a",
    "refcode_2": "42",
    "refcode_3": "6",
    "refcode_4": "",
    "refcode_short": "GrH_a 42.6",
    "refcode_long": "The Great Hope (Adapted), p. 42.6 (Ellen Gould White)",
    "element_type": "p",
    "element_subtype": "standard-indented",
    "content": "But the people of God will not be misled. The teachings of this false christ are not in harmony with the Scriptures. He pronounces his blessing on the worshipers of the beast and his image, the very class on whom the Bible says that God will pour out His undiluted wrath.",
    "puborder": 352,
    "translations": []
  },
  {
    "para_id": "12280.423",
    "id_prev": "12280.422",
    "id_next": "12280.426",
    "refcode_1": "GrH_a",
    "refcode_2": "42",
    "refcode_3": "7",
    "refcode_4": "",
    "refcode_short": "GrH_a 42.7",
    "refcode_long": "The Great Hope (Adapted), p. 42.7 (Ellen Gould White)",
    "element_type": "p",
    "element_subtype": "standard-indented",
    "content": "Furthermore, God does not permit Satan to counterfeit the manner of Christ&rsquo;s coming. The Savior warned His people against being deceived on this point. &ldquo;False christs and false prophets will rise and show great signs and wonders to deceive, if possible, even the elect.... Therefore if they say to you, &lsquo;Look, He is in the desert!&rsquo; do not go out; or &lsquo;Look, He is in the inner rooms!&rsquo; do not believe <span class=\"page-break\" data-page=\"43\"></span> it. For as the lightning comes from the east and flashes to the west, so also will the coming of the Son of Man be&rdquo; (<span class=\"egwlink egwlink_bible\" title=\"Matthew 24:24\" data-link=\"1965.48958\">Matthew 24:24-27</span>; see also <span class=\"egwlink egwlink_bible\" title=\"Matthew 25:31\" data-link=\"1965.49075\">Matthew 25:31</span>; <span class=\"egwlink egwlink_bible\" title=\"Revelation 1:7\" data-link=\"1965.62645\">Revelation 1:7</span>; <span class=\"egwlink egwlink_bible\" title=\"1 Thessalonians 4:16\" data-link=\"1965.60408\">1 Thessalonians 4:16, 17</span>). This coming is impossible to counterfeit. The whole world will witness it.",
    "puborder": 353,
    "translations": []
  },
  {
    "para_id": "12280.426",
    "id_prev": "12280.423",
    "id_next": "12280.428",
    "refcode_1": "GrH_a",
    "refcode_2": "43",
    "refcode_3": "1",
    "refcode_4": "",
    "refcode_short": "GrH_a 43.1",
    "refcode_long": "The Great Hope (Adapted), p. 43.1 (Ellen Gould White)",
    "element_type": "p",
    "element_subtype": "standard-indented",
    "content": "Only those who have studied the Scriptures diligently and have received the love of the truth will be shielded from the powerful deception that takes the world captive. By the Bible testimony, they will detect the deceiver in his disguise. Are the people of God now so firmly established on His Word that they would not give in to the evidence of their senses? In such a crisis, would they cling to the Bible, and the Bible only?",
    "puborder": 354,
    "translations": []
  }
]