[
  {
    "para_id": "14168.1359",
    "id_prev": "14168.1357",
    "id_next": "14168.1360",
    "refcode_1": "MHBC",
    "refcode_2": "167",
    "refcode_3": "",
    "refcode_4": "166",
    "refcode_short": "MHBC 167",
    "refcode_long": "Matthew Henry's Concise Bible Commentary, p. 167 (Matthew Henry)",
    "element_type": "h3",
    "element_subtype": "",
    "content": "<span class=\"egwlink egwlink_bible\" title=\"Deuteronomy 13:1\" data-link=\"1965.10720\">Deuteronomy 13</span>",
    "puborder": 1192,
    "translations": []
  },
  {
    "para_id": "14168.1360",
    "id_prev": "14168.1359",
    "id_next": "14168.1361",
    "refcode_1": "MHBC",
    "refcode_2": "167",
    "refcode_3": "",
    "refcode_4": "318",
    "refcode_short": "MHBC 167",
    "refcode_long": "Matthew Henry's Concise Bible Commentary, p. 167 (Matthew Henry)",
    "element_type": "h4",
    "element_subtype": "",
    "content": "Chapter Contents",
    "puborder": 1193,
    "translations": []
  },
  {
    "para_id": "14168.1361",
    "id_prev": "14168.1360",
    "id_next": "14168.1362",
    "refcode_1": "MHBC",
    "refcode_2": "167",
    "refcode_3": "1",
    "refcode_4": "",
    "refcode_short": "MHBC 167.1",
    "refcode_long": "Matthew Henry's Concise Bible Commentary, p. 167.1 (Matthew Henry)",
    "element_type": "p",
    "element_subtype": "standard-indented",
    "content": "Enticers to idolatry to be put to death. (1-5) Relations who entice to idolatry not to be spared. (6-11) Idolatrous cities not to be spared. (12-18)",
    "puborder": 1194,
    "translations": []
  }
]