[
  {
    "para_id": "14168.1536",
    "id_prev": "14168.1534",
    "id_next": "14168.1537",
    "refcode_1": "MHBC",
    "refcode_2": "188",
    "refcode_3": "",
    "refcode_4": "187",
    "refcode_short": "MHBC 188",
    "refcode_long": "Matthew Henry's Concise Bible Commentary, p. 188 (Matthew Henry)",
    "element_type": "h3",
    "element_subtype": "",
    "content": "<span class=\"egwlink egwlink_bible\" title=\"Deuteronomy 34:1\" data-link=\"1965.11875\">Deuteronomy 34</span>",
    "puborder": 1348,
    "translations": []
  },
  {
    "para_id": "14168.1537",
    "id_prev": "14168.1536",
    "id_next": "14168.1538",
    "refcode_1": "MHBC",
    "refcode_2": "188",
    "refcode_3": "",
    "refcode_4": "360",
    "refcode_short": "MHBC 188",
    "refcode_long": "Matthew Henry's Concise Bible Commentary, p. 188 (Matthew Henry)",
    "element_type": "h4",
    "element_subtype": "",
    "content": "Chapter Contents",
    "puborder": 1349,
    "translations": []
  },
  {
    "para_id": "14168.1538",
    "id_prev": "14168.1537",
    "id_next": "14168.1539",
    "refcode_1": "MHBC",
    "refcode_2": "188",
    "refcode_3": "1",
    "refcode_4": "",
    "refcode_short": "MHBC 188.1",
    "refcode_long": "Matthew Henry's Concise Bible Commentary, p. 188.1 (Matthew Henry)",
    "element_type": "p",
    "element_subtype": "standard-indented",
    "content": "Moses views the promised land from mount Nebo. (1-4) The death and burial of Moses, The mourning of the people. (5-8) Joshua succeeds Moses, The praise of Moses. (9-12)",
    "puborder": 1350,
    "translations": []
  }
]