[
  {
    "para_id": "14168.2072",
    "id_prev": "14168.2071",
    "id_next": "14168.2073",
    "refcode_1": "MHBC",
    "refcode_2": "254",
    "refcode_3": "",
    "refcode_4": "34",
    "refcode_short": "MHBC 254",
    "refcode_long": "Matthew Henry's Concise Bible Commentary, p. 254 (Matthew Henry)",
    "element_type": "h4",
    "element_subtype": "",
    "content": "Commentaries",
    "puborder": 1818,
    "translations": []
  },
  {
    "para_id": "14168.2073",
    "id_prev": "14168.2072",
    "id_next": "14168.2074",
    "refcode_1": "MHBC",
    "refcode_2": "254",
    "refcode_3": "2",
    "refcode_4": "",
    "refcode_short": "MHBC 254.2",
    "refcode_long": "Matthew Henry's Concise Bible Commentary, p. 254.2 (Matthew Henry)",
    "element_type": "p",
    "element_subtype": "standard-indented",
    "content": "<span title=\"1 Samuel 17:1-11\" class=\"egwlink egwlink_bible\" data-link=\"1965.15503\">1 Samuel 17:1-11</span> Men so entirely depend upon God in all things, that when he withdraws his help, the most valiant and resolute cannot find their hearts or hands, as daily experience shows.",
    "puborder": 1819,
    "translations": []
  },
  {
    "para_id": "14168.2074",
    "id_prev": "14168.2073",
    "id_next": "14168.2075",
    "refcode_1": "MHBC",
    "refcode_2": "254",
    "refcode_3": "3",
    "refcode_4": "",
    "refcode_short": "MHBC 254.3",
    "refcode_long": "Matthew Henry's Concise Bible Commentary, p. 254.3 (Matthew Henry)",
    "element_type": "p",
    "element_subtype": "standard-indented",
    "content": "<span title=\"1 Samuel 17:12-30\" class=\"egwlink egwlink_bible\" data-link=\"1965.15525\">1 Samuel 17:12-30</span> Jesse little thought of sending his son to the army at that critical juncture; but the wise God orders actions and affairs, so as to serve his designs. In times of general formality and lukewarmness, every degree of zeal which implies readiness to go further, or to venture more in the cause of God than others, will be blamed as pride and ambition, and by none more than by near relations, like Eliab, or negligent superiors. It was a trial of David&apos;s meekness, patience, and constancy. He had right and reason on his side, and did not render railing for railing; with a soft answer he turned away his brother&apos;s wrath. This conquest of his own passion was more honourable than that of Goliath. Those who undertake great and public services, must not think it strange if they are spoken ill of, and opposed by those from whom they expect support and assistance. They must humbly go on with their work, in the face not only of enemies&apos; threats, but of friends&apos; slights and suspicions.",
    "puborder": 1820,
    "translations": []
  },
  {
    "para_id": "14168.2075",
    "id_prev": "14168.2074",
    "id_next": "14168.2076",
    "refcode_1": "MHBC",
    "refcode_2": "254",
    "refcode_3": "4",
    "refcode_4": "",
    "refcode_short": "MHBC 254.4",
    "refcode_long": "Matthew Henry's Concise Bible Commentary, p. 254.4 (Matthew Henry)",
    "element_type": "p",
    "element_subtype": "standard-indented",
    "content": "<span title=\"1 Samuel 17:31-39\" class=\"egwlink egwlink_bible\" data-link=\"1965.15563\">1 Samuel 17:31-39</span> A shepherd lad, come the same morning from keeping sheep, had more courage than all the mighty men of Israel. Thus God often sends good words to his Israel, and does great things for them, by the weak and foolish things of the world. As he had answered his brother&apos;s passion with meekness, so David answered Saul&apos;s fear with faith. When David kept sheep, he proved himself very careful and tender of his flock. This reminds us of Christ, the good Shepherd, who not only ventured, but laid down his life for the sheep. Our experience ought to encourage us to trust in God, and be bold in the way of duty. He that has delivered, does and will continue to do so. David gained leave to fight the Philistine. Not being used to such armour as Saul put upon him, he was not satisfied to go in that manner; this was from the Lord, that it might more plainly appear he fought and conquered in faith, and that the victory was from Him who works by the feeblest and most despised means and instruments. It is not to be inquired how excellent any thing is, but how proper. Let Saul&apos;s coat be ever so rich, and his armour ever so strong, what is David the better if they fit him not? But faith, prayer, truth, and righteousness; the whole armour of God, and the mind that was in Christ; are equally needful for all the servants of the Lord, whatever may be their work.",
    "puborder": 1821,
    "translations": []
  },
  {
    "para_id": "14168.2076",
    "id_prev": "14168.2075",
    "id_next": "14168.2077",
    "refcode_1": "MHBC",
    "refcode_2": "254",
    "refcode_3": "5",
    "refcode_4": "",
    "refcode_short": "MHBC 254.5",
    "refcode_long": "Matthew Henry's Concise Bible Commentary, p. 254.5 (Matthew Henry)",
    "element_type": "p",
    "element_subtype": "standard-indented",
    "content": "<span title=\"1 Samuel 17:40-47\" class=\"egwlink egwlink_bible\" data-link=\"1965.15581\">1 Samuel 17:40-47</span> The security and presumption of fools destroy them. Nothing can excel the humility, faith, and piety which appear in David&apos;s words. He expressed his assured expectation of success; he gloried in his mean appearance and arms, that the victory might be ascribed to the Lord alone.",
    "puborder": 1822,
    "translations": []
  },
  {
    "para_id": "14168.2077",
    "id_prev": "14168.2076",
    "id_next": "14168.2079",
    "refcode_1": "MHBC",
    "refcode_2": "254",
    "refcode_3": "6",
    "refcode_4": "",
    "refcode_short": "MHBC 254.6",
    "refcode_long": "Matthew Henry's Concise Bible Commentary, p. 254.6 (Matthew Henry)",
    "element_type": "p",
    "element_subtype": "standard-indented",
    "content": "<span title=\"1 Samuel 17:48-58\" class=\"egwlink egwlink_bible\" data-link=\"1965.15597\">1 Samuel 17:48-58</span> See how frail and uncertain life is, even when a man thinks himself best fortified; how quickly, how easily, and by how small a matter, the passage may be opened for life to go out, and death to enter! Let not the strong man glory in his strength, nor the armed man in his armour. God resists the proud, and pours contempt on those who defy him and his people. No one ever hardened his heart against God and prospered. The history is recorded, that all may exert themselves for the honour of God, and the support of his cause, with bold and unshaken reliance on him. There is one conflict in which all the followers of the Lamb are, and must be engaged; one enemy, more formidable than Goliath, still challenges the armies of Israel. But &quot;resist the devil, and he will flee from you.&quot; Go forth to battle with the faith of David, and the powers of darkness shall not stand against you. But how often is the Christian foiled through an evil heart of unbelief!",
    "puborder": 1823,
    "translations": []
  }
]