[
  {
    "para_id": "14168.884",
    "id_prev": "14168.882",
    "id_next": "14168.885",
    "refcode_1": "MHBC",
    "refcode_2": "106",
    "refcode_3": "",
    "refcode_4": "105",
    "refcode_short": "MHBC 106",
    "refcode_long": "Matthew Henry's Concise Bible Commentary, p. 106 (Matthew Henry)",
    "element_type": "h3",
    "element_subtype": "",
    "content": "<span class=\"egwlink egwlink_bible\" title=\"Leviticus 15:1\" data-link=\"1965.6449\">Leviticus 15</span>",
    "puborder": 778,
    "translations": []
  },
  {
    "para_id": "14168.885",
    "id_prev": "14168.884",
    "id_next": "14168.886",
    "refcode_1": "MHBC",
    "refcode_2": "106",
    "refcode_3": "",
    "refcode_4": "202",
    "refcode_short": "MHBC 106",
    "refcode_long": "Matthew Henry's Concise Bible Commentary, p. 106 (Matthew Henry)",
    "element_type": "h4",
    "element_subtype": "",
    "content": "Chapter Contents",
    "puborder": 779,
    "translations": []
  },
  {
    "para_id": "14168.886",
    "id_prev": "14168.885",
    "id_next": "14168.887",
    "refcode_1": "MHBC",
    "refcode_2": "106",
    "refcode_3": "1",
    "refcode_4": "",
    "refcode_short": "MHBC 106.1",
    "refcode_long": "Matthew Henry's Concise Bible Commentary, p. 106.1 (Matthew Henry)",
    "element_type": "p",
    "element_subtype": "standard-indented",
    "content": "Laws concerning ceremonial uncleanness.",
    "puborder": 780,
    "translations": []
  },
  {
    "para_id": "14168.887",
    "id_prev": "14168.886",
    "id_next": "14168.889",
    "refcode_1": "MHBC",
    "refcode_2": "106",
    "refcode_3": "2",
    "refcode_4": "",
    "refcode_short": "MHBC 106.2",
    "refcode_long": "Matthew Henry's Concise Bible Commentary, p. 106.2 (Matthew Henry)",
    "element_type": "p",
    "element_subtype": "standard-indented",
    "content": "We need not be curious in explaining these laws; but have reason to be thankful that we need fear no defilement, except that of sin, nor need ceremonial and burdensome purifications. These laws remind us that God sees all things, even those which escape the notice of men. The great gospel duties of faith and repentance are here signified, and the great gospel privileges of the application of Christ&apos;s blood to our souls for our justification, and his grace for our sanctification.",
    "puborder": 781,
    "translations": []
  }
]