[
  {
    "para_id": "352.67",
    "id_prev": "352.65",
    "id_next": "352.68",
    "refcode_1": "SpTB06",
    "refcode_2": "16",
    "refcode_3": "",
    "refcode_4": "9",
    "refcode_short": "SpTB06 16",
    "refcode_long": "Testimonies to the Church Regarding our Youth Going to Battle Creek to Obtain An Education, p. 16 (Ellen Gould White)",
    "element_type": "h3",
    "element_subtype": "",
    "content": "The Work to Be Done In Battle Creek",
    "puborder": 49,
    "translations": []
  },
  {
    "para_id": "352.68",
    "id_prev": "352.67",
    "id_next": "352.314",
    "refcode_1": "SpTB06",
    "refcode_2": "16",
    "refcode_3": "",
    "refcode_4": "",
    "refcode_short": "",
    "refcode_long": "",
    "element_type": "p",
    "element_subtype": "place",
    "content": "Healdsburg, Cal.,",
    "puborder": 50,
    "translations": []
  },
  {
    "para_id": "352.314",
    "id_prev": "352.68",
    "id_next": "352.69",
    "refcode_1": "SpTB06",
    "refcode_2": "16",
    "refcode_3": "",
    "refcode_4": "",
    "refcode_short": "",
    "refcode_long": "",
    "element_type": "p",
    "element_subtype": "date",
    "content": "August 22, 1903.",
    "puborder": 51,
    "translations": []
  },
  {
    "para_id": "352.69",
    "id_prev": "352.314",
    "id_next": "352.70",
    "refcode_1": "SpTB06",
    "refcode_2": "16",
    "refcode_3": "",
    "refcode_4": "",
    "refcode_short": "",
    "refcode_long": "",
    "element_type": "p",
    "element_subtype": "addressee",
    "content": "To the Officers of the Union Conference, and the Managers of the Sanitarium.",
    "puborder": 52,
    "translations": []
  },
  {
    "para_id": "352.70",
    "id_prev": "352.69",
    "id_next": "352.71",
    "refcode_1": "SpTB06",
    "refcode_2": "16",
    "refcode_3": "1",
    "refcode_4": "",
    "refcode_short": "SpTB06 16.1",
    "refcode_long": "Testimonies to the Church Regarding our Youth Going to Battle Creek to Obtain An Education, p. 16.1 (Ellen Gould White)",
    "element_type": "p",
    "element_subtype": "standard-indented",
    "content": "Dear Brethren: My mind has been much troubled in regard to our youth being drawn to Battle Creek. Many helpers will be needed to care for the large number of patients coming to the Sanitarium. These helpers will meet with worldly influences. What can be done to save them from backsliding?",
    "puborder": 53,
    "translations": []
  },
  {
    "para_id": "352.71",
    "id_prev": "352.70",
    "id_next": "352.72",
    "refcode_1": "SpTB06",
    "refcode_2": "16",
    "refcode_3": "2",
    "refcode_4": "",
    "refcode_short": "SpTB06 16.2",
    "refcode_long": "Testimonies to the Church Regarding our Youth Going to Battle Creek to Obtain An Education, p. 16.2 (Ellen Gould White)",
    "element_type": "p",
    "element_subtype": "standard-indented",
    "content": "I am instructed to say that we are to do all in our power to guard the employees of the Sanitarium and the medical students from the temptations and snares of the enemy. As faithful watchmen, we must guard the sheep and lambs, lest they be led astray. We must improve every opportunity to present the true situation of our work before those who do not understand the dangers that beset us on every hand.",
    "puborder": 54,
    "translations": []
  },
  {
    "para_id": "352.72",
    "id_prev": "352.71",
    "id_next": "352.73",
    "refcode_1": "SpTB06",
    "refcode_2": "16",
    "refcode_3": "3",
    "refcode_4": "",
    "refcode_short": "SpTB06 16.3",
    "refcode_long": "Testimonies to the Church Regarding our Youth Going to Battle Creek to Obtain An Education, p. 16.3 (Ellen Gould White)",
    "element_type": "p",
    "element_subtype": "standard-indented",
    "content": "When the Lord warned His people against making Battle Creek a Jerusalem center, and said that plants should be made in many places, He meant just what He said. The large patronage of the Sanitarium is no sign that this institution should have been built up in its present magnificence. Even though it had many more patients, this would be no evidence in this matter.",
    "puborder": 55,
    "translations": []
  },
  {
    "para_id": "352.73",
    "id_prev": "352.72",
    "id_next": "352.76",
    "refcode_1": "SpTB06",
    "refcode_2": "16",
    "refcode_3": "4",
    "refcode_4": "",
    "refcode_short": "SpTB06 16.4",
    "refcode_long": "Testimonies to the Church Regarding our Youth Going to Battle Creek to Obtain An Education, p. 16.4 (Ellen Gould White)",
    "element_type": "p",
    "element_subtype": "standard-indented",
    "content": "It is God with whom we have to deal, and we are not to move in accordance with human policy or with man&apos;s short-sighted wisdom. The Lord is in earnest <span class=\"page-break\" data-page=\"17\"></span> with us. He means what He has said, and for us to build up in Battle Creek something to draw our youth there, and to give the families already there an excuse for staying, is working contrary to the light he has given.",
    "puborder": 56,
    "translations": []
  },
  {
    "para_id": "352.76",
    "id_prev": "352.73",
    "id_next": "352.77",
    "refcode_1": "SpTB06",
    "refcode_2": "17",
    "refcode_3": "1",
    "refcode_4": "",
    "refcode_short": "SpTB06 17.1",
    "refcode_long": "Testimonies to the Church Regarding our Youth Going to Battle Creek to Obtain An Education, p. 17.1 (Ellen Gould White)",
    "element_type": "p",
    "element_subtype": "standard-indented",
    "content": "Had our brethren been humbly studying the light which has been given in regard to the scattering of our forces, the new Sanitarium in Battle Creek would have been established in some other place, even though apparently strong reasons called for its rebuilding in Battle Creek.",
    "puborder": 57,
    "translations": []
  },
  {
    "para_id": "352.77",
    "id_prev": "352.76",
    "id_next": "352.78",
    "refcode_1": "SpTB06",
    "refcode_2": "17",
    "refcode_3": "2",
    "refcode_4": "",
    "refcode_short": "SpTB06 17.2",
    "refcode_long": "Testimonies to the Church Regarding our Youth Going to Battle Creek to Obtain An Education, p. 17.2 (Ellen Gould White)",
    "element_type": "p",
    "element_subtype": "standard-indented",
    "content": "The Lord presented to us the reasons for removing the College from Battle Creek. This instruction should now be searched out and studied by those who desire to see the former College re-established there. Let the light already given shine forth in its purity and beauty, that God&apos;s name may be glorified. It is not wise to plan to maintain such a school in a place where worldly influences prevail to so great an extent as to counterwork that which the Lord has outlined should be done for the youth in our educational institutions.",
    "puborder": 58,
    "translations": []
  },
  {
    "para_id": "352.78",
    "id_prev": "352.77",
    "id_next": "352.79",
    "refcode_1": "SpTB06",
    "refcode_2": "17",
    "refcode_3": "3",
    "refcode_4": "",
    "refcode_short": "SpTB06 17.3",
    "refcode_long": "Testimonies to the Church Regarding our Youth Going to Battle Creek to Obtain An Education, p. 17.3 (Ellen Gould White)",
    "element_type": "p",
    "element_subtype": "standard-indented",
    "content": "Many youth should not be brought to Battle Creek. Let no plans be laid for enlarging the work at Battle Creek. But the question remains, What shall be done for those who are there? It is certainly our plain duty to guard the young men and young women who are serving those who know not the Lord. Knowing that those who are trying to obey God will be brought into close connection with those who know not the truth, let faithful pastors and teachers work zealously to save the souls of both helpers and patients.",
    "puborder": 59,
    "translations": []
  },
  {
    "para_id": "352.79",
    "id_prev": "352.78",
    "id_next": "352.82",
    "refcode_1": "SpTB06",
    "refcode_2": "17",
    "refcode_3": "4",
    "refcode_4": "",
    "refcode_short": "SpTB06 17.4",
    "refcode_long": "Testimonies to the Church Regarding our Youth Going to Battle Creek to Obtain An Education, p. 17.4 (Ellen Gould White)",
    "element_type": "p",
    "element_subtype": "standard-indented",
    "content": "There is special need of faithful watchmen in <span class=\"page-break\" data-page=\"18\"></span> Battle Creek,&mdash;watchmen who will keep guard resolutely, determinedly; who will not be found sleeping at their post of duty. There is need that the managers of the Sanitarium, realizing the difficulties and dangers of the situation, shall bring into the institution men and women of mature years, who have a good Christian experience, and who will make an earnest, faithful effort to be a help to the youth and a blessing to all in the institution.",
    "puborder": 60,
    "translations": []
  },
  {
    "para_id": "352.82",
    "id_prev": "352.79",
    "id_next": "352.83",
    "refcode_1": "SpTB06",
    "refcode_2": "18",
    "refcode_3": "1",
    "refcode_4": "",
    "refcode_short": "SpTB06 18.1",
    "refcode_long": "Testimonies to the Church Regarding our Youth Going to Battle Creek to Obtain An Education, p. 18.1 (Ellen Gould White)",
    "element_type": "p",
    "element_subtype": "standard-indented",
    "content": "The young helpers must not be left to be led away from the truth by the unbelievers with whom they are brought in contact. Faithful watchmen are needed in Battle Creek, to sound forth the warning, giving the trumpet a certain sound. We are not to stand by passively, seeing souls exposed to temptation, without doing anything to help them. There is a work to be done for believers and unbelievers, that those who will listen to the truth may have an opportunity to hear and understand. Those who go to Battle Creek, for whatever reason, are souls for whom the Lord gave his only begotten Son.",
    "puborder": 61,
    "translations": []
  },
  {
    "para_id": "352.83",
    "id_prev": "352.82",
    "id_next": "352.86",
    "refcode_1": "SpTB06",
    "refcode_2": "18",
    "refcode_3": "2",
    "refcode_4": "",
    "refcode_short": "SpTB06 18.2",
    "refcode_long": "Testimonies to the Church Regarding our Youth Going to Battle Creek to Obtain An Education, p. 18.2 (Ellen Gould White)",
    "element_type": "p",
    "element_subtype": "standard-indented",
    "content": "The Lord will not permit his truth to be extinguished, and those who love and serve him distressed and afflicted. There are men who must be on the ground at Battle Creek, to do their best to hunt and fish for souls, to uphold the truth before the multitudes. Let us take the very best view possible of the situation, and work for souls as they that must give an account. We must call strong men to Battle Creek, men who will clearly and distinctly outline our position from a Bible standpoint, and who will present straight, plain Bible truth, men who have not been receiving popular, poisonous errors. Every opportunity to teach the truth to worldlings is to be <span class=\"page-break\" data-page=\"19\"></span> improved. And among the patients there will be true-hearted Christians to reach. These, as well as our medical missionary students, must be helped.",
    "puborder": 62,
    "translations": []
  },
  {
    "para_id": "352.86",
    "id_prev": "352.83",
    "id_next": "352.87",
    "refcode_1": "SpTB06",
    "refcode_2": "19",
    "refcode_3": "1",
    "refcode_4": "",
    "refcode_short": "SpTB06 19.1",
    "refcode_long": "Testimonies to the Church Regarding our Youth Going to Battle Creek to Obtain An Education, p. 19.1 (Ellen Gould White)",
    "element_type": "p",
    "element_subtype": "standard-indented",
    "content": "In all that we do we are to labor together with God. Let us work intelligently, that those who are working as medical missionaries in Battle Creek may not be ensnared. The Lord of heaven will help us to do his work in a way that will be recognized of heaven.",
    "puborder": 63,
    "translations": []
  },
  {
    "para_id": "352.87",
    "id_prev": "352.86",
    "id_next": "352.89",
    "refcode_1": "SpTB06",
    "refcode_2": "19",
    "refcode_3": "",
    "refcode_4": "",
    "refcode_short": "",
    "refcode_long": "",
    "element_type": "p",
    "element_subtype": "egwsignatureline",
    "content": "Ellen G. White",
    "puborder": 64,
    "translations": []
  }
]