[
  {
    "para_id": "28.2",
    "id_prev": null,
    "id_next": "28.5",
    "refcode_1": "EW",
    "refcode_2": "i",
    "refcode_3": "",
    "refcode_4": "",
    "refcode_short": "EW i",
    "refcode_long": "Early Writings, p. i (Ellen Gould White)",
    "element_type": "h1",
    "element_subtype": "",
    "content": "Early Writings",
    "puborder": 1,
    "translations": [
      {
        "para_id": "789.1457",
        "lang": "de",
        "refcode": "FS I"
      },
      {
        "para_id": "585.2",
        "lang": "de",
        "refcode": "EG 1"
      },
      {
        "para_id": "215.2",
        "lang": "es",
        "refcode": "PE I"
      },
      {
        "para_id": "214.2",
        "lang": "fr",
        "refcode": "PE "
      },
      {
        "para_id": "2798.4",
        "lang": "it",
        "refcode": "PSCR 2"
      },
      {
        "para_id": "12533.2",
        "lang": "nb",
        "refcode": "HH 1"
      },
      {
        "para_id": "11604.2",
        "lang": "nb",
        "refcode": "DEEGL 4"
      },
      {
        "para_id": "11977.2",
        "lang": "nl",
        "refcode": "EG i"
      },
      {
        "para_id": "12392.4",
        "lang": "pl",
        "refcode": "DW 3"
      },
      {
        "para_id": "1957.2",
        "lang": "pt",
        "refcode": "PE 1"
      },
      {
        "para_id": "2691.2",
        "lang": "ro",
        "refcode": "ST i"
      },
      {
        "para_id": "1869.2",
        "lang": "ru",
        "refcode": "РП III"
      }
    ]
  },
  {
    "para_id": "28.5",
    "id_prev": "28.2",
    "id_next": "28.6",
    "refcode_1": "EW",
    "refcode_2": "iii",
    "refcode_3": "",
    "refcode_4": "",
    "refcode_short": "EW iii",
    "refcode_long": "Early Writings, p. iii (Ellen Gould White)",
    "element_type": "h3",
    "element_subtype": "",
    "content": "Preface",
    "puborder": 2,
    "translations": [
      {
        "para_id": "585.8",
        "lang": "de",
        "refcode": "EG 3"
      },
      {
        "para_id": "789.1287",
        "lang": "de",
        "refcode": "FS III"
      },
      {
        "para_id": "215.19",
        "lang": "es",
        "refcode": "PE V"
      },
      {
        "para_id": "214.20",
        "lang": "fr",
        "refcode": "PE 5"
      },
      {
        "para_id": "2691.5",
        "lang": "ro",
        "refcode": "ST iii"
      }
    ]
  },
  {
    "para_id": "28.6",
    "id_prev": "28.5",
    "id_next": "28.7",
    "refcode_1": "EW",
    "refcode_2": "iii",
    "refcode_3": "1",
    "refcode_4": "",
    "refcode_short": "EW iii.1",
    "refcode_long": "Early Writings, p. iii.1 (Ellen Gould White)",
    "element_type": "p",
    "element_subtype": "standard-indented",
    "content": "<span class=\"non-egw-preface\">Rare indeed it is in these changing times that a book lives on through a century in ever-increasing demand and takes its place in current reading by the side of books dealing with present issues. Yet such is the enviable record of <em>Early Writings of Ellen G. White</em>. Through the years there have been many printings of the several editions. It now appears in a fifth American edition</span>.",
    "puborder": 3,
    "translations": [
      {
        "para_id": "789.1288",
        "lang": "de",
        "refcode": "FS III.1"
      },
      {
        "para_id": "2691.6",
        "lang": "ro",
        "refcode": "ST iii.1"
      }
    ]
  },
  {
    "para_id": "28.7",
    "id_prev": "28.6",
    "id_next": "28.8",
    "refcode_1": "EW",
    "refcode_2": "iii",
    "refcode_3": "2",
    "refcode_4": "",
    "refcode_short": "EW iii.2",
    "refcode_long": "Early Writings, p. iii.2 (Ellen Gould White)",
    "element_type": "p",
    "element_subtype": "standard-indented",
    "content": "<span class=\"non-egw-preface\">This popular little volume is rightly named, being a republication of the first three Ellen G. White books&mdash;<em>Christian Experience and Views of Mrs. E. G. White</em>, First printed in 1851; <em>A Supplement to Experience and Views</em>, Issued in 1854; and <em>Spiritual Gifts</em>, Volume I, which appeared in 1858</span>.",
    "puborder": 4,
    "translations": [
      {
        "para_id": "789.1291",
        "lang": "de",
        "refcode": "Early Writings"
      },
      {
        "para_id": "789.1289",
        "lang": "de",
        "refcode": "FS III.2"
      },
      {
        "para_id": "789.1292",
        "lang": "de",
        "refcode": "Early Writings"
      },
      {
        "para_id": "789.1290",
        "lang": "de",
        "refcode": "Early Writings"
      },
      {
        "para_id": "2691.7",
        "lang": "ro",
        "refcode": "ST iii.2"
      }
    ]
  },
  {
    "para_id": "28.8",
    "id_prev": "28.7",
    "id_next": "28.9",
    "refcode_1": "EW",
    "refcode_2": "iii",
    "refcode_3": "3",
    "refcode_4": "",
    "refcode_short": "EW iii.3",
    "refcode_long": "Early Writings, p. iii.3 (Ellen Gould White)",
    "element_type": "p",
    "element_subtype": "standard-indented",
    "content": "<span class=\"non-egw-preface\">The wide and lasting popularity of <em>Early Writings</em> may be attributed to the unwaning desire to possess and study the messages of information and encouragement which came early to the Church through the prophetic gift</span>.",
    "puborder": 5,
    "translations": [
      {
        "para_id": "789.1293",
        "lang": "de",
        "refcode": "FS III.3"
      },
      {
        "para_id": "2691.8",
        "lang": "ro",
        "refcode": "ST iii.3"
      }
    ]
  },
  {
    "para_id": "28.9",
    "id_prev": "28.8",
    "id_next": "28.10",
    "refcode_1": "EW",
    "refcode_2": "iii",
    "refcode_3": "4",
    "refcode_4": "",
    "refcode_short": "EW iii.4",
    "refcode_long": "Early Writings, p. iii.4 (Ellen Gould White)",
    "element_type": "p",
    "element_subtype": "standard-indented",
    "content": "<span class=\"non-egw-preface\">The second printing of this matter was made in 1882 in two small volumes&mdash;<em>Experience and Views</em> and the <em>Supplement</em> comprising the first, and <em>Spiritual Gifts</em> the second. As to certain additions to the first of these original works and some slight editorial changes made at that time, the publisher&apos;s preface states:</span>",
    "puborder": 6,
    "translations": [
      {
        "para_id": "789.1295",
        "lang": "de",
        "refcode": "FS III.5"
      },
      {
        "para_id": "789.1294",
        "lang": "de",
        "refcode": "FS III.4"
      },
      {
        "para_id": "2691.9",
        "lang": "ro",
        "refcode": "ST iii.4"
      }
    ]
  },
  {
    "para_id": "28.10",
    "id_prev": "28.9",
    "id_next": "28.13",
    "refcode_1": "EW",
    "refcode_2": "iii",
    "refcode_3": "5",
    "refcode_4": "",
    "refcode_short": "EW iii.5",
    "refcode_long": "Early Writings, p. iii.5 (Ellen Gould White)",
    "element_type": "p",
    "element_subtype": "standard-indented",
    "content": "<span class=\"non-egw-preface\">&ldquo;Footnotes giving dates and explanations, and an appendix giving two very interesting dreams, which were mentioned but not related in the original work, will add to the value of this edition. Aside from these, no changes from the original work have been made in the present edition, except the occasional employment of a new word, or a change in the construction of a</span> <span class=\"page-break\" data-page=\"iv\"></span> <span class=\"non-egw-preface\">sentence, to better express the idea, and no portion of the work has been omitted. No shadow of change has been made in any idea or sentiment of the original work, and the verbal changes have been made under the author&apos;s own eye, and with her full approval.&rdquo;</span>",
    "puborder": 7,
    "translations": [
      {
        "para_id": "789.1296",
        "lang": "de",
        "refcode": "FS III.6"
      },
      {
        "para_id": "2691.10",
        "lang": "ro",
        "refcode": "ST iii.5"
      }
    ]
  },
  {
    "para_id": "28.13",
    "id_prev": "28.10",
    "id_next": "28.14",
    "refcode_1": "EW",
    "refcode_2": "iv",
    "refcode_3": "1",
    "refcode_4": "",
    "refcode_short": "EW iv.1",
    "refcode_long": "Early Writings, p. iv.1 (Ellen Gould White)",
    "element_type": "p",
    "element_subtype": "standard-indented",
    "content": "<span class=\"non-egw-preface\">The two companion books were also reissued as a single volume in 1882 under the title <em>Early Writings</em>. In 1906 the type was reset to make the third American edition, which has had wide distribution, meeting the ever-increasing demand. The paging of this edition became the standard for all reference work and the subsequently published indexes to the writings of Mrs. White</span>.",
    "puborder": 8,
    "translations": [
      {
        "para_id": "789.1299",
        "lang": "de",
        "refcode": "FS IV.1"
      },
      {
        "para_id": "2691.13",
        "lang": "ro",
        "refcode": "ST iv.1"
      }
    ]
  },
  {
    "para_id": "28.14",
    "id_prev": "28.13",
    "id_next": "28.15",
    "refcode_1": "EW",
    "refcode_2": "iv",
    "refcode_3": "2",
    "refcode_4": "",
    "refcode_short": "EW iv.2",
    "refcode_long": "Early Writings, p. iv.2 (Ellen Gould White)",
    "element_type": "p",
    "element_subtype": "standard-indented",
    "content": "<span class=\"non-egw-preface\">The fourth edition of <em>Early Writings</em> was published in 1945. Forty years of printing and reprinting made necessary new printing plates. As the type was reset the content was held page for page with the edition it succeeded. Modern spelling and current forms of punctuation were employed and a new preface reviewed briefly the history of the book</span>.",
    "puborder": 9,
    "translations": [
      {
        "para_id": "789.1300",
        "lang": "de",
        "refcode": "FS IV.2"
      },
      {
        "para_id": "2691.14",
        "lang": "ro",
        "refcode": "ST iv.2"
      }
    ]
  },
  {
    "para_id": "28.15",
    "id_prev": "28.14",
    "id_next": "28.16",
    "refcode_1": "EW",
    "refcode_2": "iv",
    "refcode_3": "3",
    "refcode_4": "",
    "refcode_short": "EW iv.3",
    "refcode_long": "Early Writings, p. iv.3 (Ellen Gould White)",
    "element_type": "p",
    "element_subtype": "standard-indented",
    "content": "<span class=\"non-egw-preface\">This fifth edition is characterized by a historical prologue, added to furnish the reader with a knowledge of the times and circumstances of the various portions of the book and by several appendix notes provided to explain expressions and situations not so well understood now as at the time of writing. There has been no change of the E. G. White text nor change in the paging from the fourth edition which this succeeds, consequently it harmonizes with the <em>Comprehensive Index to the Writings of Ellen G. White</em></span>.",
    "puborder": 10,
    "translations": [
      {
        "para_id": "789.1301",
        "lang": "de",
        "refcode": "FS IV.3"
      },
      {
        "para_id": "2691.15",
        "lang": "ro",
        "refcode": "ST iv.3"
      }
    ]
  },
  {
    "para_id": "28.16",
    "id_prev": "28.15",
    "id_next": "28.18",
    "refcode_1": "EW",
    "refcode_2": "iv",
    "refcode_3": "4",
    "refcode_4": "",
    "refcode_short": "EW iv.4",
    "refcode_long": "Early Writings, p. iv.4 (Ellen Gould White)",
    "element_type": "p",
    "element_subtype": "standard-indented",
    "content": "<span class=\"non-egw-preface\">In <em>Experience and Views</em> is presented Mrs. White&apos;s first biographical sketch, briefly tracing her experience through the Advent movement of 1840-44. Then follow a number of the earlier visions, many of which had first appeared in print in broadside or periodical article form</span>.",
    "puborder": 11,
    "translations": [
      {
        "para_id": "789.1304",
        "lang": "de",
        "refcode": "FS V.1"
      },
      {
        "para_id": "2691.16",
        "lang": "ro",
        "refcode": "ST iv.4"
      }
    ]
  },
  {
    "para_id": "28.18",
    "id_prev": "28.16",
    "id_next": "28.19",
    "refcode_1": "EW",
    "refcode_2": "v",
    "refcode_3": "1",
    "refcode_4": "",
    "refcode_short": "EW v.1",
    "refcode_long": "Early Writings, p. v.1 (Ellen Gould White)",
    "element_type": "p",
    "element_subtype": "standard-indented",
    "content": "<span class=\"non-egw-preface\">The <em>Supplement</em> Explains certain expressions of the earlier work which had been misunderstood or misconstrued, and gives additional counsel to the Church. Its publication preceded by one year the first pamphlet bearing the title of <em>Testimony for the Church</em></span>.",
    "puborder": 12,
    "translations": [
      {
        "para_id": "789.1305",
        "lang": "de",
        "refcode": "FS V.2"
      },
      {
        "para_id": "2691.18",
        "lang": "ro",
        "refcode": "ST v.1"
      }
    ]
  },
  {
    "para_id": "28.19",
    "id_prev": "28.18",
    "id_next": "28.20",
    "refcode_1": "EW",
    "refcode_2": "v",
    "refcode_3": "2",
    "refcode_4": "",
    "refcode_short": "EW v.2",
    "refcode_long": "Early Writings, p. v.2 (Ellen Gould White)",
    "element_type": "p",
    "element_subtype": "standard-indented",
    "content": "<span class=\"non-egw-preface\"><em>Spiritual Gifts</em>, Volume I, being the first published account of the long-extended conflict between Christ and His angels and Satan and his angels, is cherished for its vivid descriptions and its compactness, touching as it does only the more salient points. In succeeding years this brief story of the conflict was greatly amplified in the four volumes of <em>The Spirit of Prophecy</em>, Published 1870-84. After wide distribution, this four-book set was replaced by the well-known and widely read Conflict of the Ages series, presenting the account in still more detailed form, as it had been presented to Mrs. White in many revelations. Even though the fuller volumes&mdash;<em>Patriarchs and Prophets, Prophets and Kings, The Desire of Ages, The Acts of the Apostles</em>, and <em>The Great Controversy</em>&mdash;Present the conflict story in its more complete form, the initial writing of the account as here presented in its brief, clear-cut, simple form, will, with <em>Experience and Views</em>, always be in large demand</span>.",
    "puborder": 13,
    "translations": [
      {
        "para_id": "789.1306",
        "lang": "de",
        "refcode": "FS V.3"
      },
      {
        "para_id": "2691.19",
        "lang": "ro",
        "refcode": "ST v.2"
      }
    ]
  },
  {
    "para_id": "28.20",
    "id_prev": "28.19",
    "id_next": "28.21",
    "refcode_1": "EW",
    "refcode_2": "v",
    "refcode_3": "",
    "refcode_4": "",
    "refcode_short": "",
    "refcode_long": "",
    "element_type": "p",
    "element_subtype": "signatureline",
    "content": "<span class=\"non-egw-preface\">The Trustees of the Ellen G. White Publications</span>.",
    "puborder": 14,
    "translations": [
      {
        "para_id": "789.1309",
        "lang": "de",
        "refcode": "Early Writings"
      },
      {
        "para_id": "2691.20",
        "lang": "ro",
        "refcode": "Early Writings"
      }
    ]
  },
  {
    "para_id": "28.21",
    "id_prev": "28.20",
    "id_next": "28.22",
    "refcode_1": "EW",
    "refcode_2": "v",
    "refcode_3": "",
    "refcode_4": "",
    "refcode_short": "",
    "refcode_long": "",
    "element_type": "p",
    "element_subtype": "signatureplace",
    "content": "<span class=\"non-egw-preface\">Washington, D.C</span>.",
    "puborder": 15,
    "translations": [
      {
        "para_id": "789.1310",
        "lang": "de",
        "refcode": "Early Writings"
      },
      {
        "para_id": "2691.21",
        "lang": "ro",
        "refcode": "Early Writings"
      }
    ]
  },
  {
    "para_id": "28.22",
    "id_prev": "28.21",
    "id_next": "28.23",
    "refcode_1": "EW",
    "refcode_2": "v",
    "refcode_3": "",
    "refcode_4": "",
    "refcode_short": "",
    "refcode_long": "",
    "element_type": "p",
    "element_subtype": "signaturedate",
    "content": "<span class=\"non-egw-preface\">March, 1963</span>",
    "puborder": 16,
    "translations": [
      {
        "para_id": "789.1310",
        "lang": "de",
        "refcode": "Early Writings"
      },
      {
        "para_id": "2691.22",
        "lang": "ro",
        "refcode": "Early Writings"
      }
    ]
  }
]