[
  {
    "para_id": "14222.1554",
    "id_prev": "14222.1553",
    "id_next": "14222.1555",
    "refcode_1": "PCL",
    "refcode_2": "308",
    "refcode_3": "",
    "refcode_4": "93",
    "refcode_short": "PCL 308",
    "refcode_long": "Principles for Christian Leaders, p. 308 (Ellen Gould White)",
    "element_type": "h4",
    "element_subtype": "",
    "content": "The ultimate question",
    "puborder": 1035,
    "translations": []
  },
  {
    "para_id": "14222.1555",
    "id_prev": "14222.1554",
    "id_next": "14222.1556",
    "refcode_1": "PCL",
    "refcode_2": "308",
    "refcode_3": "4",
    "refcode_4": "",
    "refcode_short": "PCL 308.4",
    "refcode_long": "Principles for Christian Leaders, p. 308.4 (Ellen Gould White)",
    "element_type": "p",
    "element_subtype": "standard-indented",
    "content": "Those who are under the influence of the Spirit of God will not be fanatical, but calm, steadfast, free from extravagance. But let all who have had the light of truth shining clear and distinct upon their pathway be careful how they cry peace and safety. Be careful how you make the first move to suppress the messages of truth. Be careful what influence you exert at this time.",
    "puborder": 1036,
    "translations": []
  },
  {
    "para_id": "14222.1556",
    "id_prev": "14222.1555",
    "id_next": "14222.1559",
    "refcode_1": "PCL",
    "refcode_2": "308",
    "refcode_3": "5",
    "refcode_4": "",
    "refcode_short": "PCL 308.5",
    "refcode_long": "Principles for Christian Leaders, p. 308.5 (Ellen Gould White)",
    "element_type": "p",
    "element_subtype": "standard-indented",
    "content": "Those who profess to believe the special truths for this time need to be converted and sanctified by the truth. As Christians we are made depositories of sacred truth, and we are not to keep the truth in the outer court, but bring it into the sanctuary of the soul. Then the church will possess divine vitality throughout. The weak shall be as David, and David as the angel of the Lord. One question will be all absorbing&mdash;Who shall approach nearest <span class=\"page-break\" data-page=\"309\"></span> the likeness of Christ? Who shall do most to win souls to righteousness? When this is the ambition of believers, contention is at an end; the prayer of Christ is answered. . . .",
    "puborder": 1037,
    "translations": []
  },
  {
    "para_id": "14222.1559",
    "id_prev": "14222.1556",
    "id_next": null,
    "refcode_1": "PCL",
    "refcode_2": "309",
    "refcode_3": "1",
    "refcode_4": "",
    "refcode_short": "PCL 309.1",
    "refcode_long": "Principles for Christian Leaders, p. 309.1 (Ellen Gould White)",
    "element_type": "p",
    "element_subtype": "standard-indented",
    "content": "Jesus longs to bestow the heavenly endowment in large measure upon His people. Prayers are ascending to God daily for the fulfillment of the promise, and not one of the prayers put up in faith is lost. Christ ascended on high, leading captivity captive, and gave gifts unto men. When, after Christ&rsquo;s ascension, the Spirit came down as promised, like a rushing, mighty wind, filling the whole place where the disciples were assembled, what was the effect? Thousands were converted in a day. We have taught, we have expected, that an angel is to come down from heaven, that the earth will be lightened with his glory. Then we shall behold an ingathering of souls similar to that witnessed on the day of Pentecost.&mdash;Letter 25b, 1892 (August 30)",
    "puborder": 1038,
    "translations": []
  }
]