[
  {
    "para_id": "96.500",
    "id_prev": "96.499",
    "id_next": "96.501",
    "refcode_1": "7BC",
    "refcode_2": "937",
    "refcode_3": "",
    "refcode_4": "4",
    "refcode_short": "7BC 937",
    "refcode_long": "EGW SDA Bible Commentary, vol. 7, p. 937 (Ellen Gould White)",
    "element_type": "h3",
    "element_subtype": "",
    "content": "<span class=\"egwlink egwlink_bible\" title=\"James 4:1\" data-link=\"1965.61888\">Chapter 4</span>",
    "puborder": 444,
    "translations": [
      {
        "para_id": "12107.503",
        "lang": "ru",
        "refcode": "7БК 937"
      }
    ]
  },
  {
    "para_id": "96.501",
    "id_prev": "96.500",
    "id_next": "96.502",
    "refcode_1": "7BC",
    "refcode_2": "937",
    "refcode_3": "3",
    "refcode_4": "",
    "refcode_short": "7BC 937.3",
    "refcode_long": "EGW SDA Bible Commentary, vol. 7, p. 937.3 (Ellen Gould White)",
    "element_type": "p",
    "element_subtype": "standard-indented",
    "content": "<strong><span class=\"egwlink egwlink_bible\" title=\"James 4:4\" data-link=\"1965.61894\">4</span>.</strong> See <span class=\"egwlink egwlink_book\" title=\"5BC 1086.4\" data-link=\"94.93\">EGW on Matthew 6:24</span>.",
    "puborder": 445,
    "translations": [
      {
        "para_id": "12519.7117",
        "lang": "pl",
        "refcode": "BK 443"
      },
      {
        "para_id": "12519.7118",
        "lang": "pl",
        "refcode": "BK 443.7"
      },
      {
        "para_id": "12107.504",
        "lang": "ru",
        "refcode": "7БК 937.3"
      }
    ]
  },
  {
    "para_id": "96.502",
    "id_prev": "96.501",
    "id_next": "96.503",
    "refcode_1": "7BC",
    "refcode_2": "937",
    "refcode_3": "4",
    "refcode_4": "",
    "refcode_short": "7BC 937.4",
    "refcode_long": "EGW SDA Bible Commentary, vol. 7, p. 937.4 (Ellen Gould White)",
    "element_type": "p",
    "element_subtype": "standard-indented",
    "content": "<strong><span class=\"egwlink egwlink_bible\" title=\"James 4:7\" data-link=\"1965.61900\">7, 8</span>. Annoyances Vanish When Jesus Draws Near</strong>&mdash;&ldquo;Resist the devil, and he will flee from you. Draw nigh to God, and he will draw nigh to you.&rdquo; How precious to the tempted soul is this positive promise. Now if the one in trouble and temptation keeps his eye fixed on Jesus, and draws nigh to God, talking of His goodness and mercy, Jesus draws nigh to him, and his annoyances that he thought almost unbearable vanish (<span class=\"egwlink egwlink_book\" title=\"Lt 43, 1892\" data-link=\"14057.6283001\">Letter 43, 1892</span>).",
    "puborder": 446,
    "translations": [
      {
        "para_id": "12519.7119",
        "lang": "pl",
        "refcode": "BK 443"
      },
      {
        "para_id": "12519.7120",
        "lang": "pl",
        "refcode": "BK 443"
      },
      {
        "para_id": "12519.7121",
        "lang": "pl",
        "refcode": "BK 443.8"
      },
      {
        "para_id": "12107.505",
        "lang": "ru",
        "refcode": "7БК 937.4"
      }
    ]
  },
  {
    "para_id": "96.503",
    "id_prev": "96.502",
    "id_next": "96.504",
    "refcode_1": "7BC",
    "refcode_2": "937",
    "refcode_3": "5",
    "refcode_4": "",
    "refcode_short": "7BC 937.5",
    "refcode_long": "EGW SDA Bible Commentary, vol. 7, p. 937.5 (Ellen Gould White)",
    "element_type": "p",
    "element_subtype": "standard-indented",
    "content": "<strong>Breaking Satan&apos;s Power</strong>&mdash;The soul that loves God, loves to draw strength from Him by constant communion with Him. When it becomes the habit of the soul to converse with God, the power of the evil one is broken; for Satan cannot abide near the soul that draws nigh unto God (<span class=\"egwlink egwlink_book\" title=\"RH 12-3-1889\" data-link=\"821.10070\">The Review and Herald, December 3, 1889</span>).",
    "puborder": 447,
    "translations": [
      {
        "para_id": "12519.7125",
        "lang": "pl",
        "refcode": "BK 444.1"
      },
      {
        "para_id": "12519.7124",
        "lang": "pl",
        "refcode": "BK 444"
      },
      {
        "para_id": "12107.506",
        "lang": "ru",
        "refcode": "7БК 937.5"
      }
    ]
  },
  {
    "para_id": "96.504",
    "id_prev": "96.503",
    "id_next": "96.505",
    "refcode_1": "7BC",
    "refcode_2": "937",
    "refcode_3": "6",
    "refcode_4": "",
    "refcode_short": "7BC 937.6",
    "refcode_long": "EGW SDA Bible Commentary, vol. 7, p. 937.6 (Ellen Gould White)",
    "element_type": "p",
    "element_subtype": "standard-indented",
    "content": "<strong><span class=\"egwlink egwlink_bible\" title=\"James 4:8\" data-link=\"1965.61902\">8</span> (<span class=\"egwlink egwlink_bible\" title=\"James 5:16\" data-link=\"1965.61953\">ch. 5:16</span>; see <span class=\"egwlink egwlink_book\" title=\"7BC 922.4\" data-link=\"96.287\">EGW on Hebrews 1:14</span>). Safe in God&apos;s Presence</strong>&mdash;&ldquo;Draw nigh to God.&rdquo; What is the result of this? We cannot draw nigh to God and behold His loveliness and compassion without realizing our defects and being filled with a desire to rise higher. &ldquo;And he will draw nigh to you.&rdquo; The Lord will draw nigh to him who confesses to his brethren the wrongs he has done them, and then comes to God in humility and contrition.",
    "puborder": 448,
    "translations": [
      {
        "para_id": "12519.7126",
        "lang": "pl",
        "refcode": "BK 444"
      },
      {
        "para_id": "12519.7127",
        "lang": "pl",
        "refcode": "BK 444"
      },
      {
        "para_id": "12519.7128",
        "lang": "pl",
        "refcode": "BK 444.2"
      },
      {
        "para_id": "12107.507",
        "lang": "ru",
        "refcode": "7БК 937.6"
      }
    ]
  },
  {
    "para_id": "96.505",
    "id_prev": "96.504",
    "id_next": "96.506",
    "refcode_1": "7BC",
    "refcode_2": "937",
    "refcode_3": "7",
    "refcode_4": "",
    "refcode_short": "7BC 937.7",
    "refcode_long": "EGW SDA Bible Commentary, vol. 7, p. 937.7 (Ellen Gould White)",
    "element_type": "p",
    "element_subtype": "standard-indented",
    "content": "He who feels his own danger is on the watch lest he shall grieve the Holy Spirit and then draw away from God because he knows that He is not pleased with his course of action. How much better and safer it is to draw nigh to God, that the pure light shining from His Word may heal the wounds that sin has made in the soul. The closer we are to God, the safer we are, for Satan hates and fears the presence of God (<span class=\"egwlink egwlink_book\" title=\"Lt 40, 1901\" data-link=\"14066.10469001\">Letter 40, 1901</span>).",
    "puborder": 449,
    "translations": [
      {
        "para_id": "12519.7129",
        "lang": "pl",
        "refcode": "BK 444.3"
      },
      {
        "para_id": "12107.508",
        "lang": "ru",
        "refcode": "7БК 937.7"
      }
    ]
  },
  {
    "para_id": "96.506",
    "id_prev": "96.505",
    "id_next": "96.507",
    "refcode_1": "7BC",
    "refcode_2": "937",
    "refcode_3": "8",
    "refcode_4": "",
    "refcode_short": "7BC 937.8",
    "refcode_long": "EGW SDA Bible Commentary, vol. 7, p. 937.8 (Ellen Gould White)",
    "element_type": "p",
    "element_subtype": "standard-indented",
    "content": "<strong>(<span class=\"egwlink egwlink_bible\" title=\"John 17:21\" data-link=\"1965.54620\">John 17:21-23</span>.) Answering the Prayer of Christ</strong>&mdash;If we draw nigh to God, individually, then don&apos;t you see what the result will be? Can&apos;t you see that we will draw nigh to one another? We cannot draw nigh to God, and come to the same cross, without our hearts being blended together in perfect unity, answering the prayer of Christ &ldquo;that they may be one&rdquo; as He is one with the Father. And therefore we should seek in spirit, in understanding, in faith, that we may be one, that God may be glorified in us as He is glorified in the Son; and that God shall love us as He loves the Son (<span class=\"egwlink egwlink_book\" title=\"Ms 7, 1890\" data-link=\"14056.6327001\">Manuscript 7, 1890</span>).",
    "puborder": 450,
    "translations": [
      {
        "para_id": "12519.7130",
        "lang": "pl",
        "refcode": "BK 444"
      },
      {
        "para_id": "12519.7131",
        "lang": "pl",
        "refcode": "BK 444.4"
      },
      {
        "para_id": "12107.509",
        "lang": "ru",
        "refcode": "7БК 937.8"
      }
    ]
  },
  {
    "para_id": "96.507",
    "id_prev": "96.506",
    "id_next": "96.510",
    "refcode_1": "7BC",
    "refcode_2": "937",
    "refcode_3": "9",
    "refcode_4": "",
    "refcode_short": "7BC 937.9",
    "refcode_long": "EGW SDA Bible Commentary, vol. 7, p. 937.9 (Ellen Gould White)",
    "element_type": "p",
    "element_subtype": "standard-indented",
    "content": "<strong>Draw Nigh By Prayer</strong>&mdash;&ldquo;Draw nigh to God, and He will draw nigh to you.&rdquo; Draw nigh to Him by prayer, by contemplation, by reading His Word. When He draws <span class=\"page-break\" data-page=\"938\"></span> nigh to you, He lifts up for you a standard against the enemy. Let us take courage; for the enemy cannot pass this standard (<span class=\"egwlink egwlink_book\" title=\"Ms 92, 1901\" data-link=\"14066.10732001\">Manuscript 92, 1901</span>).",
    "puborder": 451,
    "translations": [
      {
        "para_id": "12519.7132",
        "lang": "pl",
        "refcode": "BK 444"
      },
      {
        "para_id": "12519.7133",
        "lang": "pl",
        "refcode": "BK 444.5"
      },
      {
        "para_id": "12107.510",
        "lang": "ru",
        "refcode": "7БК 937.9"
      }
    ]
  },
  {
    "para_id": "96.510",
    "id_prev": "96.507",
    "id_next": "96.511",
    "refcode_1": "7BC",
    "refcode_2": "938",
    "refcode_3": "1",
    "refcode_4": "",
    "refcode_short": "7BC 938.1",
    "refcode_long": "EGW SDA Bible Commentary, vol. 7, p. 938.1 (Ellen Gould White)",
    "element_type": "p",
    "element_subtype": "standard-indented",
    "content": "<strong>(<span class=\"egwlink egwlink_bible\" title=\"James 1:8\" data-link=\"1965.61757\">Ch. 1:8</span>; <span class=\"egwlink egwlink_bible\" title=\"Matthew 6:24\" data-link=\"1965.47590\">Matthew 6:24</span>.) Essential Work for the Sinner Defined</strong>&mdash;The Lord says, &ldquo;Draw nigh to God.&rdquo; How? By secret, earnest examination of your own heart, by childlike, heartfelt, humble dependence upon God, making known all your weakness to Jesus, and by confessing your sins. Thus you may draw nigh to God, and He will draw nigh to you.",
    "puborder": 452,
    "translations": [
      {
        "para_id": "12519.7135",
        "lang": "pl",
        "refcode": "BK 444.6"
      },
      {
        "para_id": "12519.7134",
        "lang": "pl",
        "refcode": "BK 444"
      },
      {
        "para_id": "12107.513",
        "lang": "ru",
        "refcode": "7БК 938.1"
      }
    ]
  },
  {
    "para_id": "96.511",
    "id_prev": "96.510",
    "id_next": "96.512",
    "refcode_1": "7BC",
    "refcode_2": "938",
    "refcode_3": "2",
    "refcode_4": "",
    "refcode_short": "7BC 938.2",
    "refcode_long": "EGW SDA Bible Commentary, vol. 7, p. 938.2 (Ellen Gould White)",
    "element_type": "p",
    "element_subtype": "standard-indented",
    "content": "But let us read the remainder of the lesson given for our instruction, that we may more fully comprehend what it means to draw nigh to God. &ldquo;Cleanse your hands, ye sinners; and purify your hearts, ye double minded.&rdquo; The work that is essential to be done by the sinner is here clearly defined. It is a work not agreeable to the inclination of the human heart; but unless it is done the soul is not in a condition to appreciate the purity and perfection of the character of Christ, and in no condition either to understand the offensiveness of sin. The exhortation is given, &ldquo;Purify your hearts, ye double minded.&rdquo; While professing to be Christians, many have the mold of the world upon them, and their affections are not set upon God. They are double minded, making an attempt to serve God and mammon at the same time; but the world&apos;s Redeemer has declared, &ldquo;Ye cannot serve God and mammon&rdquo; (<span class=\"egwlink egwlink_bible\" title=\"Matthew 6:24\" data-link=\"1965.47590\">Matthew 6:24</span>). By trying to serve two masters, they are unstable in all their ways, and cannot be depended upon. To all appearances they are serving God, while at the same time in heart they are yielding to the temptation of Satan and cherishing sin. They may speak words that are smoother than oil, yet their hearts are full of deception and deceit in all their practices. Professing to be righteous, yet they have a heart that is desperately wicked.",
    "puborder": 453,
    "translations": [
      {
        "para_id": "12519.7136",
        "lang": "pl",
        "refcode": "BK 444.7"
      },
      {
        "para_id": "12107.514",
        "lang": "ru",
        "refcode": "7БК 938.2"
      }
    ]
  },
  {
    "para_id": "96.512",
    "id_prev": "96.511",
    "id_next": "96.513",
    "refcode_1": "7BC",
    "refcode_2": "938",
    "refcode_3": "3",
    "refcode_4": "",
    "refcode_short": "7BC 938.3",
    "refcode_long": "EGW SDA Bible Commentary, vol. 7, p. 938.3 (Ellen Gould White)",
    "element_type": "p",
    "element_subtype": "standard-indented",
    "content": "Of what profit is it to say pleasant things, to deplore the work of Satan, and yet at the same time to enter into the fulfillment of all his devices? This is being double minded (<span class=\"egwlink egwlink_book\" title=\"Lt 13, 1893\" data-link=\"14058.6127001\">Letter 13, 1893</span>).",
    "puborder": 454,
    "translations": [
      {
        "para_id": "12519.7139",
        "lang": "pl",
        "refcode": "BK 445.1"
      },
      {
        "para_id": "12107.515",
        "lang": "ru",
        "refcode": "7БК 938.3"
      }
    ]
  },
  {
    "para_id": "96.513",
    "id_prev": "96.512",
    "id_next": "96.514",
    "refcode_1": "7BC",
    "refcode_2": "938",
    "refcode_3": "4",
    "refcode_4": "",
    "refcode_short": "7BC 938.4",
    "refcode_long": "EGW SDA Bible Commentary, vol. 7, p. 938.4 (Ellen Gould White)",
    "element_type": "p",
    "element_subtype": "standard-indented",
    "content": "<strong><span class=\"egwlink egwlink_bible\" title=\"James 4:8\" data-link=\"1965.61902\">8, 9</span> (<span class=\"egwlink egwlink_bible\" title=\"Matthew 5:4\" data-link=\"1965.47453\">Matthew 5:4</span>; <span class=\"egwlink egwlink_bible\" title=\"2 Corinthians 7:10\" data-link=\"1965.58987\">2 Corinthians 7:10</span>). The Sorrow of True Repentance</strong>&mdash;&ldquo;Be afflicted, and mourn and weep: let your laughter be turned to mourning, and your joy into heaviness.&rdquo; It is right to be cheerful, and even joyful. It is right to cultivate cheerfulness of spirit through sanctification of the truth; but it is not right to indulge in foolish jesting and joking, in lightness and trifling, in words of criticism and condemnation of others.",
    "puborder": 455,
    "translations": [
      {
        "para_id": "12519.7141",
        "lang": "pl",
        "refcode": "BK 445"
      },
      {
        "para_id": "12519.7140",
        "lang": "pl",
        "refcode": "BK 445"
      },
      {
        "para_id": "12519.7142",
        "lang": "pl",
        "refcode": "BK 445.2"
      },
      {
        "para_id": "12107.516",
        "lang": "ru",
        "refcode": "7БК 938.4"
      }
    ]
  },
  {
    "para_id": "96.514",
    "id_prev": "96.513",
    "id_next": "96.515",
    "refcode_1": "7BC",
    "refcode_2": "938",
    "refcode_3": "5",
    "refcode_4": "",
    "refcode_short": "7BC 938.5",
    "refcode_long": "EGW SDA Bible Commentary, vol. 7, p. 938.5 (Ellen Gould White)",
    "element_type": "p",
    "element_subtype": "standard-indented",
    "content": "Those who observe such persons who make a profession of religion, know that they are deceived. They know that the hands of such professors need to be cleansed, their hearts need to be purified. They need to experience genuine repentance for sin. What have they to mourn over? They should mourn over their inclination to sin, over the danger they are in from inward corruption and from outward temptation. They should be afraid because they have so feeble a sense of the sinfulness of sin, and so little idea of what constitutes sin (<span class=\"egwlink egwlink_book\" title=\"Lt 13, 1893\" data-link=\"14058.6127001\">Letter 13, 1893</span>).",
    "puborder": 456,
    "translations": [
      {
        "para_id": "12519.7143",
        "lang": "pl",
        "refcode": "BK 445.3"
      },
      {
        "para_id": "12107.517",
        "lang": "ru",
        "refcode": "7БК 938.5"
      }
    ]
  },
  {
    "para_id": "96.515",
    "id_prev": "96.514",
    "id_next": "96.516",
    "refcode_1": "7BC",
    "refcode_2": "938",
    "refcode_3": "6",
    "refcode_4": "",
    "refcode_short": "7BC 938.6",
    "refcode_long": "EGW SDA Bible Commentary, vol. 7, p. 938.6 (Ellen Gould White)",
    "element_type": "p",
    "element_subtype": "standard-indented",
    "content": "<strong><span class=\"egwlink egwlink_bible\" title=\"James 4:10\" data-link=\"1965.61906\">10</span> (<span class=\"egwlink egwlink_bible\" title=\"1 Peter 5:6\" data-link=\"1965.62161\">1 Peter 5:6</span>). Humility Before Pardon</strong>&mdash;God grants no pardon to him whose penitence produces no humility (<span class=\"egwlink egwlink_book\" title=\"Ms 11, 1888\" data-link=\"14055.4414001\">Manuscript 11, 1888</span>).",
    "puborder": 457,
    "translations": [
      {
        "para_id": "12519.7144",
        "lang": "pl",
        "refcode": "BK 445"
      },
      {
        "para_id": "12519.7145",
        "lang": "pl",
        "refcode": "BK 445"
      },
      {
        "para_id": "12519.7146",
        "lang": "pl",
        "refcode": "BK 445.4"
      },
      {
        "para_id": "12107.518",
        "lang": "ru",
        "refcode": "7БК 938.6"
      }
    ]
  }
]