[
  {
    "para_id": "96.940",
    "id_prev": "96.937",
    "id_next": "96.941",
    "refcode_1": "7BC",
    "refcode_2": "972",
    "refcode_3": "",
    "refcode_4": "11",
    "refcode_short": "7BC 972",
    "refcode_long": "EGW SDA Bible Commentary, vol. 7, p. 972 (Ellen Gould White)",
    "element_type": "h3",
    "element_subtype": "",
    "content": "<span class=\"egwlink egwlink_bible\" title=\"Revelation 11:1\" data-link=\"1965.62993\">Chapter 11</span>",
    "puborder": 822,
    "translations": [
      {
        "para_id": "12107.945",
        "lang": "ru",
        "refcode": "7БК 972"
      }
    ]
  },
  {
    "para_id": "96.941",
    "id_prev": "96.940",
    "id_next": "96.942",
    "refcode_1": "7BC",
    "refcode_2": "972",
    "refcode_3": "1",
    "refcode_4": "",
    "refcode_short": "7BC 972.1",
    "refcode_long": "EGW SDA Bible Commentary, vol. 7, p. 972.1 (Ellen Gould White)",
    "element_type": "p",
    "element_subtype": "standard-indented",
    "content": "<strong><span class=\"egwlink egwlink_bible\" title=\"Revelation 11:1\" data-link=\"1965.62993\">1</span> (<span class=\"egwlink egwlink_bible\" title=\"Revelation 20:12\" data-link=\"1965.63356\">ch. 20:12, 13</span>; <span class=\"egwlink egwlink_bible\" title=\"1 Peter 4:17\" data-link=\"1965.62144\">1 Peter 4:17</span>; <span class=\"egwlink egwlink_bible\" title=\"2 Peter 1:10\" data-link=\"1965.62199\">2 Peter 1:10, 11</span>). Measuring the Church of God</strong>&mdash;The grand judgment is taking place, and has been going on for some time. Now the Lord says, Measure the temple and the worshipers thereof. Remember when you are walking the streets about your business, God is measuring you; when you are attending your household duties, when you engage in conversation, God is measuring you. Remember that your words and actions are being daguerreotyped [photographed] in the books of heaven, as the face is reproduced by the artist on the polished plate....",
    "puborder": 823,
    "translations": [
      {
        "para_id": "12519.7851",
        "lang": "pl",
        "refcode": "BK 485"
      },
      {
        "para_id": "12519.7852",
        "lang": "pl",
        "refcode": "BK 485"
      },
      {
        "para_id": "12519.7853",
        "lang": "pl",
        "refcode": "BK 485.2"
      },
      {
        "para_id": "12107.946",
        "lang": "ru",
        "refcode": "7БК 972.1"
      }
    ]
  },
  {
    "para_id": "96.942",
    "id_prev": "96.941",
    "id_next": "96.943",
    "refcode_1": "7BC",
    "refcode_2": "972",
    "refcode_3": "2",
    "refcode_4": "",
    "refcode_short": "7BC 972.2",
    "refcode_long": "EGW SDA Bible Commentary, vol. 7, p. 972.2 (Ellen Gould White)",
    "element_type": "p",
    "element_subtype": "standard-indented",
    "content": "Here is the work going on, measuring the temple and its worshipers to see who will stand in the last day. Those who stand fast shall have an abundant entrance into the kingdom of our Lord and Saviour Jesus Christ. When we are doing our work remember there is One that is watching the spirit in which we are doing it. Shall we not bring the Saviour into our everyday lives, into our secular work and domestic duties? Then in the name of God we want to leave behind everything that is not necessary, all gossiping or unprofitable visiting, and present ourselves as servants of the living God (<span class=\"egwlink egwlink_book\" title=\"Ms 4, 1888\" data-link=\"14055.3978001\">Manuscript 4, 1888</span>).",
    "puborder": 824,
    "translations": [
      {
        "para_id": "12519.7854",
        "lang": "pl",
        "refcode": "BK 485.3"
      },
      {
        "para_id": "12107.947",
        "lang": "ru",
        "refcode": "7БК 972.2"
      }
    ]
  },
  {
    "para_id": "96.943",
    "id_prev": "96.942",
    "id_next": "96.944",
    "refcode_1": "7BC",
    "refcode_2": "972",
    "refcode_3": "3",
    "refcode_4": "",
    "refcode_short": "7BC 972.3",
    "refcode_long": "EGW SDA Bible Commentary, vol. 7, p. 972.3 (Ellen Gould White)",
    "element_type": "p",
    "element_subtype": "standard-indented",
    "content": "<strong><span class=\"egwlink egwlink_bible\" title=\"Revelation 11:19\" data-link=\"1965.63029\">19</span> (see <span class=\"egwlink egwlink_book\" title=\"1BC 1109.1\" data-link=\"90.348\">EGW on Exodus 31:18</span>; <span class=\"egwlink egwlink_book\" title=\"4BC 1138.6\" data-link=\"93.21\">Isaiah 6:1-7</span>; <span class=\"egwlink egwlink_book\" title=\"4BC 1152.3\" data-link=\"93.163\">58:12-14</span>). Tables of Stone a Convincing Testimony</strong>&mdash;When God&apos;s temple in heaven is opened, what a triumphant time that will be for all who have been faithful and true! In the temple will be seen the ark of the testament in which were placed the two tables of stone, on which are written God&apos;s law. These tables of stone will be brought forth from their hiding place, and on them will be seen the Ten Commandments engraved by the finger of God. These tables of stone now lying in the ark of the testament will be a convincing testimony to the truth and binding claims of God&apos;s law (<span class=\"egwlink egwlink_book\" title=\"Lt 47, 1902\" data-link=\"14067.9271001\">Letter 47, 1902</span>).",
    "puborder": 825,
    "translations": [
      {
        "para_id": "12519.7857",
        "lang": "pl",
        "refcode": "BK 485.4"
      },
      {
        "para_id": "12519.7855",
        "lang": "pl",
        "refcode": "BK 485"
      },
      {
        "para_id": "12519.7856",
        "lang": "pl",
        "refcode": "BK 485"
      },
      {
        "para_id": "12107.948",
        "lang": "ru",
        "refcode": "7БК 972.3"
      }
    ]
  },
  {
    "para_id": "96.944",
    "id_prev": "96.943",
    "id_next": "96.945",
    "refcode_1": "7BC",
    "refcode_2": "972",
    "refcode_3": "4",
    "refcode_4": "",
    "refcode_short": "7BC 972.4",
    "refcode_long": "EGW SDA Bible Commentary, vol. 7, p. 972.4 (Ellen Gould White)",
    "element_type": "p",
    "element_subtype": "standard-indented",
    "content": "<strong>Ark in Heaven Contains Commandments</strong>&mdash;Sacrilegious minds and hearts have thought they were mighty enough to change the times and laws of Jehovah; but, safe in the archives of heaven, in the ark of God, are the original commandments, written upon the two tables of stone. No potentate of earth has power to draw forth those tables from their sacred hiding place beneath the mercy seat (<span class=\"egwlink egwlink_book\" title=\"ST 2-28-1878\" data-link=\"820.967\">The Signs of the Times, February 28, 1878</span>).",
    "puborder": 826,
    "translations": [
      {
        "para_id": "12519.7859",
        "lang": "pl",
        "refcode": "BK 485.5"
      },
      {
        "para_id": "12519.7858",
        "lang": "pl",
        "refcode": "BK 485"
      },
      {
        "para_id": "12107.949",
        "lang": "ru",
        "refcode": "7БК 972.4"
      }
    ]
  }
]