[
  {
    "para_id": "909.768",
    "title": "Bible History Old Testament Vol. 2",
    "chapters": [
      "909.768"
    ]
  },
  {
    "para_id": "909.15",
    "title": "Chapter 1",
    "chapters": [
      "909.15"
    ]
  },
  {
    "para_id": "909.58",
    "title": "NOTE ON THE BOOK OF EXODUS",
    "chapters": [
      "909.58"
    ]
  },
  {
    "para_id": "909.62",
    "title": "PART I:",
    "chapters": [
      "909.62"
    ]
  },
  {
    "para_id": "909.70",
    "title": "THE SEVEN SECTIONS OF PART II ARE AS FOLLOWS:",
    "chapters": [
      "909.70"
    ]
  },
  {
    "para_id": "909.80",
    "title": "Chapter 2",
    "chapters": [
      "909.80"
    ]
  },
  {
    "para_id": "909.118",
    "title": "Chapter 3",
    "chapters": [
      "909.118"
    ]
  },
  {
    "para_id": "909.149",
    "title": "Chapter 4",
    "chapters": [
      "909.149"
    ]
  },
  {
    "para_id": "909.196",
    "title": "Chapter 5",
    "chapters": [
      "909.196"
    ]
  },
  {
    "para_id": "909.229",
    "title": "Chapter 6 ",
    "chapters": [
      "909.229"
    ]
  },
  {
    "para_id": "909.293",
    "title": "Chapter 7",
    "chapters": [
      "909.293"
    ]
  },
  {
    "para_id": "909.329",
    "title": "Chapter 8",
    "chapters": [
      "909.329"
    ]
  },
  {
    "para_id": "909.367",
    "title": "Chapter 9",
    "chapters": [
      "909.367"
    ]
  },
  {
    "para_id": "909.393",
    "title": "Chapter 10",
    "chapters": [
      "909.393"
    ]
  },
  {
    "para_id": "909.426",
    "title": "Chapter 11",
    "chapters": [
      "909.426"
    ]
  },
  {
    "para_id": "909.456",
    "title": "Chapter 12",
    "chapters": [
      "909.456"
    ]
  },
  {
    "para_id": "909.498",
    "title": "Chapter 13",
    "chapters": [
      "909.498"
    ]
  },
  {
    "para_id": "909.515",
    "title": "Chapter 14",
    "chapters": [
      "909.515"
    ]
  },
  {
    "para_id": "909.543",
    "title": "Chapter 15",
    "chapters": [
      "909.543"
    ]
  },
  {
    "para_id": "909.587",
    "title": "Chapter 16",
    "chapters": [
      "909.587"
    ]
  },
  {
    "para_id": "909.604",
    "title": "Chapter 17",
    "chapters": [
      "909.604"
    ]
  },
  {
    "para_id": "909.636",
    "title": "Chapter 18",
    "chapters": [
      "909.636"
    ]
  },
  {
    "para_id": "909.667",
    "title": "Chapter 19",
    "chapters": [
      "909.667"
    ]
  },
  {
    "para_id": "909.709",
    "title": "Chapter 20",
    "chapters": [
      "909.709"
    ]
  },
  {
    "para_id": "909.738",
    "title": "Chapter 21",
    "chapters": [
      "909.738"
    ]
  }
]