[
  {
    "para_id": "14042.308",
    "id_prev": "14042.306",
    "id_next": "14042.309",
    "refcode_1": "GRC",
    "refcode_2": "58",
    "refcode_3": "",
    "refcode_4": "14",
    "refcode_short": "GRC 58",
    "refcode_long": "God’s Remnant Church (The Remnant Church), p. 58 (Ellen Gould White)",
    "element_type": "h3",
    "element_subtype": "",
    "content": "Courage in the Lord<sup class=\"footnote\"><a class=\"footnote\">*<span class=\"footnote\">This, Ellen G. White&rsquo;s second message to the General Conference in session in 1913, was read to the conference by the president, A. G. Daniells, Tuesday morning, May 27.</span></a></sup>",
    "puborder": 224,
    "translations": []
  },
  {
    "para_id": "14042.309",
    "id_prev": "14042.308",
    "id_next": "14042.310",
    "refcode_1": "GRC",
    "refcode_2": "58",
    "refcode_3": "1",
    "refcode_4": "",
    "refcode_short": "GRC 58.1",
    "refcode_long": "God’s Remnant Church (The Remnant Church), p. 58.1 (Ellen Gould White)",
    "element_type": "p",
    "element_subtype": "standard-indented",
    "content": "Recently in the night season, my mind was impressed by the Holy Spirit with the thought that if the Lord is coming as soon as we believe He is, we ought to be even more active than we have been in years past in getting the truth before the people.",
    "puborder": 225,
    "translations": []
  },
  {
    "para_id": "14042.310",
    "id_prev": "14042.309",
    "id_next": "14042.311",
    "refcode_1": "GRC",
    "refcode_2": "58",
    "refcode_3": "2",
    "refcode_4": "",
    "refcode_short": "GRC 58.2",
    "refcode_long": "God’s Remnant Church (The Remnant Church), p. 58.2 (Ellen Gould White)",
    "element_type": "p",
    "element_subtype": "standard-indented",
    "content": "In this connection my mind reverted to the activity of the advent believers in 1843 and 1844. At that time there was much house-to house visitation, and untiring efforts were made to warn the people of the things that are spoken of in God&rsquo;s word. We should be putting forth even greater effort than was put forth by those who proclaimed the first angel&rsquo;s message so faithfully. We are rapidly approaching the end of this earth&rsquo;s history; and as we realize that Jesus is indeed coming soon, we shall be aroused to labor as never before. We are bidden to sound an alarm to the people. And in our own lives we are to show forth the power of truth and righteousness. The world is soon to meet the great Lawgiver over His broken law. Those only who turn from transgression to obedience can hope for pardon and peace.",
    "puborder": 226,
    "translations": []
  },
  {
    "para_id": "14042.311",
    "id_prev": "14042.310",
    "id_next": "14042.312",
    "refcode_1": "GRC",
    "refcode_2": "58",
    "refcode_3": "3",
    "refcode_4": "",
    "refcode_short": "GRC 58.3",
    "refcode_long": "God’s Remnant Church (The Remnant Church), p. 58.3 (Ellen Gould White)",
    "element_type": "p",
    "element_subtype": "standard-indented",
    "content": "We are to raise the banner on which is inscribed, &ldquo;The commandments of God, and the faith of Jesus.&rdquo; Obedience to God&rsquo;s law is the great issue. Let it not be put out of sight. We must strive to arouse church members, and those who make no profession, to see and obey the claims of the law of Heaven. We are to magnify this law and make it honorable.",
    "puborder": 227,
    "translations": []
  },
  {
    "para_id": "14042.312",
    "id_prev": "14042.311",
    "id_next": "14042.313",
    "refcode_1": "GRC",
    "refcode_2": "58",
    "refcode_3": "4",
    "refcode_4": "",
    "refcode_short": "GRC 58.4",
    "refcode_long": "God’s Remnant Church (The Remnant Church), p. 58.4 (Ellen Gould White)",
    "element_type": "p",
    "element_subtype": "standard-indented",
    "content": "Christ has commissioned us to sow the seeds of truth, and to urge upon our people the importance of the work to be done by those who are living amidst the closing scenes of this earth&rsquo;s history. As the words of truth are proclaimed in the highways and the byways, there is to be a revelation of the working of the Spirit of God on human hearts.",
    "puborder": 228,
    "translations": []
  },
  {
    "para_id": "14042.313",
    "id_prev": "14042.312",
    "id_next": "14042.316",
    "refcode_1": "GRC",
    "refcode_2": "58",
    "refcode_3": "5",
    "refcode_4": "",
    "refcode_short": "GRC 58.5",
    "refcode_long": "God’s Remnant Church (The Remnant Church), p. 58.5 (Ellen Gould White)",
    "element_type": "p",
    "element_subtype": "standard-indented",
    "content": "Oh, how much good might be accomplished if all who have the truth, the word of life, would labor for the enlightenment of those <span class=\"page-break\" data-page=\"59\"></span> who have it not. When the Samaritans came to Christ at the call of the Samaritan woman, Christ spoke of them to His disciples as a field of grain ready for harvesting. &ldquo;Say not ye, There are yet four months, and then cometh harvest?&rdquo; He said, &ldquo;Lift up your eyes, and look on the fields; for they are white already to harvest.&rdquo; Christ abode with the Samaritans for two days; for they were hungry to hear the truth. And what busy days they were! As a result of those days of labor, &ldquo;many more believed because of His own word.&rdquo; This was their testimony: &ldquo;We have heard Him ourselves, and know that this is indeed the Christ, the Saviour of the world.&rdquo;",
    "puborder": 229,
    "translations": []
  },
  {
    "para_id": "14042.316",
    "id_prev": "14042.313",
    "id_next": "14042.317",
    "refcode_1": "GRC",
    "refcode_2": "59",
    "refcode_3": "1",
    "refcode_4": "",
    "refcode_short": "GRC 59.1",
    "refcode_long": "God’s Remnant Church (The Remnant Church), p. 59.1 (Ellen Gould White)",
    "element_type": "p",
    "element_subtype": "standard-indented",
    "content": "Who among God&rsquo;s professing people will take up this sacred work, and labor for the souls who are perishing for lack of knowledge? The world must be warned. Many places are pointed out to me as in need of consecrated, faithful, untiring effort. Christ is opening the hearts and minds of many · in our large cities. These need the truths of God&rsquo;s word; and if we will come into a sacred nearness with Christ, and will seek to draw near to these people, impressions for good will be made. We need to wake up, and enter into sympathy with Christ and with our fellow men. The large and small cities, and places nigh and afar off, are to be worked, and worked intelligently. Never draw back. The Lord will make the right impressions upon hearts, if we will work in unison with His Spirit.",
    "puborder": 230,
    "translations": []
  },
  {
    "para_id": "14042.317",
    "id_prev": "14042.316",
    "id_next": "14042.318",
    "refcode_1": "GRC",
    "refcode_2": "59",
    "refcode_3": "2",
    "refcode_4": "",
    "refcode_short": "GRC 59.2",
    "refcode_long": "God’s Remnant Church (The Remnant Church), p. 59.2 (Ellen Gould White)",
    "element_type": "p",
    "element_subtype": "standard-indented",
    "content": "I have words of encouragement for you, my brethren. We are to move forward in faith and hope, expecting large things from God. The enemy will seek in every way to hinder the efforts that are being made to advance the truth, but in the strength of the Lord you may gain success. Let no discouraging words be spoken, but only such words as will tend to strengthen and sustain your fellow workers.",
    "puborder": 231,
    "translations": []
  }
]