[
  {
    "para_id": "1078.987",
    "id_prev": "1078.986",
    "id_next": "1078.989",
    "refcode_1": "AMS",
    "refcode_2": "272",
    "refcode_3": "",
    "refcode_4": "1899",
    "refcode_short": "AMS May 4,  1899, page 272",
    "refcode_long": "The American Sentinel 14 May 4,  1899, page 272",
    "element_type": "h3",
    "element_subtype": "",
    "content": "May 4, 1899",
    "puborder": 850,
    "translations": []
  },
  {
    "para_id": "1078.989",
    "id_prev": "1078.987",
    "id_next": "1078.990",
    "refcode_1": "AMS",
    "refcode_2": "273",
    "refcode_3": "",
    "refcode_4": "1899",
    "refcode_short": "AMS May 4,  1899, page 273",
    "refcode_long": "The American Sentinel 14 May 4,  1899, page 273",
    "element_type": "h5",
    "element_subtype": "",
    "content": "&ldquo;Front Page&rdquo; American Sentinel 14, 18, p. 273.",
    "puborder": 851,
    "translations": []
  },
  {
    "para_id": "1078.990",
    "id_prev": "1078.989",
    "id_next": "1078.991",
    "refcode_1": "AMS",
    "refcode_2": "273",
    "refcode_3": "",
    "refcode_4": "1899",
    "refcode_short": "",
    "refcode_long": "",
    "element_type": "p",
    "element_subtype": "periodicalauthor",
    "content": "ATJ",
    "puborder": 852,
    "translations": []
  },
  {
    "para_id": "1078.991",
    "id_prev": "1078.990",
    "id_next": "1078.992",
    "refcode_1": "AMS",
    "refcode_2": "273",
    "refcode_3": "1",
    "refcode_4": "1899",
    "refcode_short": "AMS May 4,  1899, page 273.1",
    "refcode_long": "The American Sentinel 14 May 4,  1899, page 273 paragraph 1",
    "element_type": "p",
    "element_subtype": "standard-indented",
    "content": "IN a really free government all things are subordinate to the individual.",
    "puborder": 853,
    "translations": []
  },
  {
    "para_id": "1078.992",
    "id_prev": "1078.991",
    "id_next": "1078.993",
    "refcode_1": "AMS",
    "refcode_2": "273",
    "refcode_3": "2",
    "refcode_4": "1899",
    "refcode_short": "AMS May 4,  1899, page 273.2",
    "refcode_long": "The American Sentinel 14 May 4,  1899, page 273 paragraph 2",
    "element_type": "p",
    "element_subtype": "standard-indented",
    "content": "THE church&rsquo;s power for good is not the power of federation, but the power of godliness.",
    "puborder": 854,
    "translations": []
  },
  {
    "para_id": "1078.993",
    "id_prev": "1078.992",
    "id_next": "1078.994",
    "refcode_1": "AMS",
    "refcode_2": "273",
    "refcode_3": "3",
    "refcode_4": "1899",
    "refcode_short": "AMS May 4,  1899, page 273.3",
    "refcode_long": "The American Sentinel 14 May 4,  1899, page 273 paragraph 3",
    "element_type": "p",
    "element_subtype": "standard-indented",
    "content": "THE man who can&rsquo;t keep Sunday without a Sunday law doesn&rsquo;t want to keep it very much.",
    "puborder": 855,
    "translations": []
  },
  {
    "para_id": "1078.994",
    "id_prev": "1078.993",
    "id_next": "1078.995",
    "refcode_1": "AMS",
    "refcode_2": "273",
    "refcode_3": "4",
    "refcode_4": "1899",
    "refcode_short": "AMS May 4,  1899, page 273.4",
    "refcode_long": "The American Sentinel 14 May 4,  1899, page 273 paragraph 4",
    "element_type": "p",
    "element_subtype": "standard-indented",
    "content": "A CIVIL government may profess Christianity, but the only religion it can practice is a religion of force.",
    "puborder": 856,
    "translations": []
  },
  {
    "para_id": "1078.995",
    "id_prev": "1078.994",
    "id_next": "1078.996",
    "refcode_1": "AMS",
    "refcode_2": "273",
    "refcode_3": "5",
    "refcode_4": "1899",
    "refcode_short": "AMS May 4,  1899, page 273.5",
    "refcode_long": "The American Sentinel 14 May 4,  1899, page 273 paragraph 5",
    "element_type": "p",
    "element_subtype": "standard-indented",
    "content": "THE State can depend upon the individual conscience; but the individual cannot depend on the State conscience.",
    "puborder": 857,
    "translations": []
  },
  {
    "para_id": "1078.996",
    "id_prev": "1078.995",
    "id_next": "1078.997",
    "refcode_1": "AMS",
    "refcode_2": "273",
    "refcode_3": "6",
    "refcode_4": "1899",
    "refcode_short": "AMS May 4,  1899, page 273.6",
    "refcode_long": "The American Sentinel 14 May 4,  1899, page 273 paragraph 6",
    "element_type": "p",
    "element_subtype": "standard-indented",
    "content": "RELIGIOUS error never meets truth without getting very much &ldquo;disturbed;&rdquo; but truth is always calm and unprovoked.",
    "puborder": 858,
    "translations": []
  },
  {
    "para_id": "1078.997",
    "id_prev": "1078.996",
    "id_next": "1078.998",
    "refcode_1": "AMS",
    "refcode_2": "273",
    "refcode_3": "7",
    "refcode_4": "1899",
    "refcode_short": "AMS May 4,  1899, page 273.7",
    "refcode_long": "The American Sentinel 14 May 4,  1899, page 273 paragraph 7",
    "element_type": "p",
    "element_subtype": "standard-indented",
    "content": "A NATION&rsquo;S prosperity is not measured by the might of its armies and navies, but by the number of blessings enjoyed by the people under its government.",
    "puborder": 859,
    "translations": []
  },
  {
    "para_id": "1078.998",
    "id_prev": "1078.997",
    "id_next": "1078.999",
    "refcode_1": "AMS",
    "refcode_2": "273",
    "refcode_3": "8",
    "refcode_4": "1899",
    "refcode_short": "AMS May 4,  1899, page 273.8",
    "refcode_long": "The American Sentinel 14 May 4,  1899, page 273 paragraph 8",
    "element_type": "p",
    "element_subtype": "standard-indented",
    "content": "ANY Christian who will spend the Sabbath in the company of the Lord will not be disturbed by all the secular business that can be going on in the world.",
    "puborder": 860,
    "translations": []
  },
  {
    "para_id": "1078.999",
    "id_prev": "1078.998",
    "id_next": "1078.1000",
    "refcode_1": "AMS",
    "refcode_2": "273",
    "refcode_3": "9",
    "refcode_4": "1899",
    "refcode_short": "AMS May 4,  1899, page 273.9",
    "refcode_long": "The American Sentinel 14 May 4,  1899, page 273 paragraph 9",
    "element_type": "p",
    "element_subtype": "standard-indented",
    "content": "JESUS CHRIST has shed all the blood that needs to be shed to insure the full success of Christianity.",
    "puborder": 861,
    "translations": []
  },
  {
    "para_id": "1078.1000",
    "id_prev": "1078.999",
    "id_next": "1078.1001",
    "refcode_1": "AMS",
    "refcode_2": "273",
    "refcode_3": "10",
    "refcode_4": "1899",
    "refcode_short": "AMS May 4,  1899, page 273.10",
    "refcode_long": "The American Sentinel 14 May 4,  1899, page 273 paragraph 10",
    "element_type": "p",
    "element_subtype": "standard-indented",
    "content": "THE pretended &ldquo;successors of Peter&rdquo; have withdrawn the sword which Peter sheathed at the command of Christ in Gethsemane; but Christ&rsquo;s command has never been withdrawn.",
    "puborder": 862,
    "translations": []
  },
  {
    "para_id": "1078.1001",
    "id_prev": "1078.1000",
    "id_next": "1078.1003",
    "refcode_1": "AMS",
    "refcode_2": "273",
    "refcode_3": "11",
    "refcode_4": "1899",
    "refcode_short": "AMS May 4,  1899, page 273.11",
    "refcode_long": "The American Sentinel 14 May 4,  1899, page 273 paragraph 11",
    "element_type": "p",
    "element_subtype": "standard-indented",
    "content": "NEARLY all the States agree that the Sabbath must be &ldquo;preserved,&rdquo; but nearly all differ&mdash;as the statute books show&mdash;in their recipes for preserving it. Would it not be well to determine the correct recipe before carrying &ldquo;Sabbath&rdquo; legislation further?",
    "puborder": 863,
    "translations": []
  },
  {
    "para_id": "1078.1003",
    "id_prev": "1078.1001",
    "id_next": "1078.1004",
    "refcode_1": "AMS",
    "refcode_2": "273",
    "refcode_3": "",
    "refcode_4": "1899",
    "refcode_short": "AMS May 4,  1899, page 273",
    "refcode_long": "The American Sentinel 14 May 4,  1899, page 273",
    "element_type": "h5",
    "element_subtype": "",
    "content": "&ldquo;Ancient History Repeated in Pennsylvania&rdquo; American Sentinel 14, 18, pp. 273, 274.",
    "puborder": 864,
    "translations": []
  },
  {
    "para_id": "1078.1004",
    "id_prev": "1078.1003",
    "id_next": "1078.1005",
    "refcode_1": "AMS",
    "refcode_2": "273",
    "refcode_3": "",
    "refcode_4": "1899",
    "refcode_short": "",
    "refcode_long": "",
    "element_type": "p",
    "element_subtype": "periodicalauthor",
    "content": "ATJ",
    "puborder": 865,
    "translations": []
  },
  {
    "para_id": "1078.1005",
    "id_prev": "1078.1004",
    "id_next": "1078.1006",
    "refcode_1": "AMS",
    "refcode_2": "273",
    "refcode_3": "1",
    "refcode_4": "1899",
    "refcode_short": "AMS May 4,  1899, page 273.1",
    "refcode_long": "The American Sentinel 14 May 4,  1899, page 273 paragraph 1",
    "element_type": "p",
    "element_subtype": "standard-indented",
    "content": "THE &ldquo;federation of churches,&rdquo; in alliance with the Amalgamated Association of Iron Workers, at Pittsburg, Pa., are pushing steadily forward in the joint enterprise of securing Sunday closing in mills and factories. The latest word on the subject comes in a press item from Pittsburg stating that &ldquo;committees representing the mill men and the local clergy met yesterday afternoon in the office of the Amalgamated Association to devise plans for stopping Sunday work in the mills.&rdquo;",
    "puborder": 866,
    "translations": []
  },
  {
    "para_id": "1078.1006",
    "id_prev": "1078.1005",
    "id_next": "1078.1007",
    "refcode_1": "AMS",
    "refcode_2": "273",
    "refcode_3": "2",
    "refcode_4": "1899",
    "refcode_short": "AMS May 4,  1899, page 273.2",
    "refcode_long": "The American Sentinel 14 May 4,  1899, page 273 paragraph 2",
    "element_type": "p",
    "element_subtype": "standard-indented",
    "content": "At the mass meetings held recently in Pittsburg to further this project, president Shaffer of the labor union, with other speakers, referred to certain mills in the State which are being operated on Sundays. Most prominent among these are the Carnegie mills and the Johnstown mills. These mills were referred to in terms of severe denunciation. They were to be made the special objects of attack by the church and labor combination.",
    "puborder": 867,
    "translations": []
  },
  {
    "para_id": "1078.1007",
    "id_prev": "1078.1006",
    "id_next": "1078.1010",
    "refcode_1": "AMS",
    "refcode_2": "273",
    "refcode_3": "3",
    "refcode_4": "1899",
    "refcode_short": "AMS May 4,  1899, page 273.3",
    "refcode_long": "The American Sentinel 14 May 4,  1899, page 273 paragraph 3",
    "element_type": "p",
    "element_subtype": "standard-indented",
    "content": "It has been mentioned as a singular fact that a great labor organization, like this &ldquo;Amalgamated Association&rdquo; in Pennsylvania, should undertake to enforce the Sunday laws. It is the first time such a thing was ever known. A correspondent in that State, referring to the <span class=\"page-break\" data-page=\"274\"></span> matter, says: &ldquo;I was a member of different labor unions for twenty years, but I never before heard of one professing religion.&rdquo; It is a strange thing, and as significant as it is strange.",
    "puborder": 868,
    "translations": []
  },
  {
    "para_id": "1078.1010",
    "id_prev": "1078.1007",
    "id_next": "1078.1011",
    "refcode_1": "AMS",
    "refcode_2": "274",
    "refcode_3": "1",
    "refcode_4": "1899",
    "refcode_short": "AMS May 4,  1899, page 274.1",
    "refcode_long": "The American Sentinel 14 May 4,  1899, page 274 paragraph 1",
    "element_type": "p",
    "element_subtype": "standard-indented",
    "content": "But there is a fact in connection with this that has not been mentioned, but which is vastly important; namely, the mills which are to be severely disciplined by the church and labor confederation <em>are non-union mills</em>. Is there any connection between the labor union&rsquo;s alliance with the church force, and the union&rsquo;s desire to discipline the non-union mills?",
    "puborder": 869,
    "translations": []
  },
  {
    "para_id": "1078.1011",
    "id_prev": "1078.1010",
    "id_next": "1078.1012",
    "refcode_1": "AMS",
    "refcode_2": "274",
    "refcode_3": "2",
    "refcode_4": "1899",
    "refcode_short": "AMS May 4,  1899, page 274.2",
    "refcode_long": "The American Sentinel 14 May 4,  1899, page 274 paragraph 2",
    "element_type": "p",
    "element_subtype": "standard-indented",
    "content": "There is a chapter of ancient history which can be very profitably read in connection with this account. And singularly enough, that, like this chapter of modern history, relates to the enforcement of Sunday laws. That chapter takes us back to the time of the Roman emperor Constantine.",
    "puborder": 870,
    "translations": []
  },
  {
    "para_id": "1078.1012",
    "id_prev": "1078.1011",
    "id_next": "1078.1013",
    "refcode_1": "AMS",
    "refcode_2": "274",
    "refcode_3": "3",
    "refcode_4": "1899",
    "refcode_short": "AMS May 4,  1899, page 274.3",
    "refcode_long": "The American Sentinel 14 May 4,  1899, page 274 paragraph 3",
    "element_type": "p",
    "element_subtype": "standard-indented",
    "content": "In Constantine&rsquo;s time the professors of Christianity had become a powerful party in the empire. Constantine, who was above all things else a diplomat, saw that this power was essential to his security upon the throne. He determined to profess Christianity. Upon this point Constantine said:&mdash;",
    "puborder": 871,
    "translations": []
  },
  {
    "para_id": "1078.1013",
    "id_prev": "1078.1012",
    "id_next": "1078.1014",
    "refcode_1": "AMS",
    "refcode_2": "274",
    "refcode_3": "4",
    "refcode_4": "1899",
    "refcode_short": "AMS May 4,  1899, page 274.4",
    "refcode_long": "The American Sentinel 14 May 4,  1899, page 274 paragraph 4",
    "element_type": "p",
    "element_subtype": "standard-indented",
    "content": "&ldquo;My father revered the Christian God, and uniformly prospered; while the emperors who worshipped the heathen gods, died a miserable death; therefore, that I may enjoy a happy life and reign, I will imitate the example of my father, and join myself to the cause of the Christians, who are growing daily, while the heathen are diminishing.&rdquo; <sup class=\"footnote\"><a class=\"footnote\">1<span class=\"footnote\">Schaff, &ldquo;History of the Christian Church,&rdquo; Vol. III. 2, par. 15.</span></a></sup>",
    "puborder": 872,
    "translations": []
  },
  {
    "para_id": "1078.1014",
    "id_prev": "1078.1013",
    "id_next": "1078.1015",
    "refcode_1": "AMS",
    "refcode_2": "274",
    "refcode_3": "5",
    "refcode_4": "1899",
    "refcode_short": "AMS May 4,  1899, page 274.5",
    "refcode_long": "The American Sentinel 14 May 4,  1899, page 274 paragraph 5",
    "element_type": "p",
    "element_subtype": "standard-indented",
    "content": "In 321 A.D., just before his profession of Christianity, Constantine enacted a Sunday law,&mdash;the first Sunday law ever framed, and the beginning of all the Sunday legislation that has been passed through the centuries from his time down to the present. That law commanded people in the cities and towns to rest on &ldquo;the venerable day of the sun,&rdquo; but left people in the country places free to do Sunday work as usual.",
    "puborder": 873,
    "translations": []
  },
  {
    "para_id": "1078.1015",
    "id_prev": "1078.1014",
    "id_next": "1078.1016",
    "refcode_1": "AMS",
    "refcode_2": "274",
    "refcode_3": "6",
    "refcode_4": "1899",
    "refcode_short": "AMS May 4,  1899, page 274.6",
    "refcode_long": "The American Sentinel 14 May 4,  1899, page 274 paragraph 6",
    "element_type": "p",
    "element_subtype": "standard-indented",
    "content": "After his profession of Christianity, Constantine added to what he had done as a pagan emperor, in giving his sanction to Sunday observance; and, says the historian, &ldquo;By a law of the year 386, these older changes effected by the emperor Constantine were more rigorously enforced; and, in general, civil transactions of every kind of Sunday were strictly forbidden.&rdquo;&mdash;<em>Neander</em>.",
    "puborder": 874,
    "translations": []
  },
  {
    "para_id": "1078.1016",
    "id_prev": "1078.1015",
    "id_next": "1078.1017",
    "refcode_1": "AMS",
    "refcode_2": "274",
    "refcode_3": "7",
    "refcode_4": "1899",
    "refcode_short": "AMS May 4,  1899, page 274.7",
    "refcode_long": "The American Sentinel 14 May 4,  1899, page 274 paragraph 7",
    "element_type": "p",
    "element_subtype": "standard-indented",
    "content": "The bishops of the church in Constantine&rsquo;s day had become divided over points of doctrine, and there was a violent struggle between the opposing factions for the supremacy. By their disputes, says the historian, they made themselves dependent upon the emperor. Each faction sought alliance with the imperial power. They wanted the help of Constantine and the civil power; and Constantine, on the other hand, wanted the help of the church&rsquo;s powerful influence in carrying out his plans as emperor. Each side say the opportunity for an alliance which would be to their mutual benefit; and accordingly the thing was done. Constantine, quite naturally, took sides with the most powerful faction.",
    "puborder": 875,
    "translations": []
  },
  {
    "para_id": "1078.1017",
    "id_prev": "1078.1016",
    "id_next": "1078.1018",
    "refcode_1": "AMS",
    "refcode_2": "274",
    "refcode_3": "8",
    "refcode_4": "1899",
    "refcode_short": "AMS May 4,  1899, page 274.8",
    "refcode_long": "The American Sentinel 14 May 4,  1899, page 274 paragraph 8",
    "element_type": "p",
    "element_subtype": "standard-indented",
    "content": "This alliance continued after Constantine&rsquo;s death, and grew stronger and stronger; and the legal channel through which the civil power came into the hands of the church was the Sunday laws. Neander, the church historian, after enumerating the Sunday laws and edicts from the first one by Constantine down to a century later, says of them, &ldquo;In this way the church received help from the state for the furtherance of her ends.&rdquo; <sup class=\"footnote\"><a class=\"footnote\">2<span class=\"footnote\">See Neander&rsquo;s &ldquo;History of the Christian Religion and Church,&rdquo; Vol. II., sec. 3, part 2, div. 3.</span></a></sup>",
    "puborder": 876,
    "translations": []
  },
  {
    "para_id": "1078.1018",
    "id_prev": "1078.1017",
    "id_next": "1078.1019",
    "refcode_1": "AMS",
    "refcode_2": "274",
    "refcode_3": "9",
    "refcode_4": "1899",
    "refcode_short": "AMS May 4,  1899, page 274.9",
    "refcode_long": "The American Sentinel 14 May 4,  1899, page 274 paragraph 9",
    "element_type": "p",
    "element_subtype": "standard-indented",
    "content": "When the church is allied with the state, state and church have each a purpose of their own to serve by the alliance. That is the way it has always been, and will be until human nature changes.",
    "puborder": 877,
    "translations": []
  },
  {
    "para_id": "1078.1019",
    "id_prev": "1078.1018",
    "id_next": "1078.1020",
    "refcode_1": "AMS",
    "refcode_2": "274",
    "refcode_3": "10",
    "refcode_4": "1899",
    "refcode_short": "AMS May 4,  1899, page 274.10",
    "refcode_long": "The American Sentinel 14 May 4,  1899, page 274 paragraph 10",
    "element_type": "p",
    "element_subtype": "standard-indented",
    "content": "The secular unions of the present day represent the civil power. They are beginning to ally themselves with the church unions. They will have a purpose of their own in this, and the church will have a purpose of her own. Each lends its aid to the other; and in this way the weapon of civil power will again be placed in the hands of the church.",
    "puborder": 878,
    "translations": []
  },
  {
    "para_id": "1078.1020",
    "id_prev": "1078.1019",
    "id_next": "1078.1022",
    "refcode_1": "AMS",
    "refcode_2": "274",
    "refcode_3": "11",
    "refcode_4": "1899",
    "refcode_short": "AMS May 4,  1899, page 274.11",
    "refcode_long": "The American Sentinel 14 May 4,  1899, page 274 paragraph 11",
    "element_type": "p",
    "element_subtype": "standard-indented",
    "content": "That is what is coming; and that is the sinister meaning of what is seen to-day in the alliance of church and state forces.",
    "puborder": 879,
    "translations": []
  },
  {
    "para_id": "1078.1022",
    "id_prev": "1078.1020",
    "id_next": "1078.1023",
    "refcode_1": "AMS",
    "refcode_2": "274",
    "refcode_3": "",
    "refcode_4": "1899",
    "refcode_short": "AMS May 4,  1899, page 274",
    "refcode_long": "The American Sentinel 14 May 4,  1899, page 274",
    "element_type": "h5",
    "element_subtype": "",
    "content": "&ldquo;A Self-Erected Obstacle&rdquo; American Sentinel 14, 18, pp. 274, 275.",
    "puborder": 880,
    "translations": []
  },
  {
    "para_id": "1078.1023",
    "id_prev": "1078.1022",
    "id_next": "1078.1024",
    "refcode_1": "AMS",
    "refcode_2": "274",
    "refcode_3": "",
    "refcode_4": "1899",
    "refcode_short": "",
    "refcode_long": "",
    "element_type": "p",
    "element_subtype": "periodicalauthor",
    "content": "ATJ",
    "puborder": 881,
    "translations": []
  },
  {
    "para_id": "1078.1024",
    "id_prev": "1078.1023",
    "id_next": "1078.1025",
    "refcode_1": "AMS",
    "refcode_2": "274",
    "refcode_3": "1",
    "refcode_4": "1899",
    "refcode_short": "AMS May 4,  1899, page 274.1",
    "refcode_long": "The American Sentinel 14 May 4,  1899, page 274 paragraph 1",
    "element_type": "p",
    "element_subtype": "standard-indented",
    "content": "IN the <em>Evangelist</em>, Prof. Warren Clark writes upon &ldquo;The Great Obstacle to the Progress of Christianity in Heathen Countries.&rdquo; He declares this great obstacle to be &ldquo;the inconsistency of Christians.&rdquo; Yet, when we come to read his article, this &ldquo;inconsistency of Christians&rdquo; is not indeed the inconsistency of those who profess to be Christians; but that which is counted the inconsistency of the people who are not Christians at all, in their going from what are called Christian lands to what are called heathen countries, and acting there in a way unbecoming to Christians.",
    "puborder": 882,
    "translations": []
  },
  {
    "para_id": "1078.1025",
    "id_prev": "1078.1024",
    "id_next": "1078.1028",
    "refcode_1": "AMS",
    "refcode_2": "274",
    "refcode_3": "2",
    "refcode_4": "1899",
    "refcode_short": "AMS May 4,  1899, page 274.2",
    "refcode_long": "The American Sentinel 14 May 4,  1899, page 274 paragraph 2",
    "element_type": "p",
    "element_subtype": "standard-indented",
    "content": "He says that &ldquo;to veterans long on the field [of missionary work in heathen lands] the ingenuity is taxed to know how to answer the questions of heathen converts, as to why these rich and wealthy people from Christian lands are indifferent to all religion.&rdquo; He speaks of having taken from Japan &ldquo;two of our most earnest Christian converts on a visit to the foreign resident quarter of Yokohama,&rdquo; when &ldquo;the first thing they saw in front of the English Episcopal Church, was a drunken British &lsquo;tar,&rsquo; assaulting an equally intoxicated American sailor, and both of them were being arrested by a heathen Japanese policeman!&rdquo; Further, he mentions a Japanese student whom he met in London, and with whom he went around to see &ldquo;the sights of the metropolis,&rdquo; and, &ldquo;returning at night along the Strange, <span class=\"page-break\" data-page=\"275\"></span> the evidences of drunkenness and licentiousness were so glaring, as to put to blush anything I had ever seen in any &lsquo;heathen&rsquo; country, and my Japanese companion (whom I had been trying to convert to Christianity) was dumb with surprise and horror. &lsquo;Is not this the capital of the greatest Christian empire in the world?&rsquo; he asked. &lsquo;Did you ever see such wickedness in heathen Tokio?&rsquo; &lsquo;No,&rsquo; was the only answer I could give. &lsquo;Then why don&rsquo;t your churches convert these degraded men and women here in London? You need not send missionaries ten thousand miles to find the heathen when they are at your very doors. Before I left Japan,&rsquo; he continued, &lsquo;our consular agent advised me against the immoralities of London, and warned me against the temptations in this great Christian city!&rsquo;&rdquo;",
    "puborder": 883,
    "translations": []
  },
  {
    "para_id": "1078.1028",
    "id_prev": "1078.1025",
    "id_next": "1078.1029",
    "refcode_1": "AMS",
    "refcode_2": "275",
    "refcode_3": "1",
    "refcode_4": "1899",
    "refcode_short": "AMS May 4,  1899, page 275.1",
    "refcode_long": "The American Sentinel 14 May 4,  1899, page 275 paragraph 1",
    "element_type": "p",
    "element_subtype": "standard-indented",
    "content": "The great mistake of all this is in speaking of Britain, America, etc., as Christian lands, and of London, New York, and the like, as Christian cities. There is no such thing in the world as a Christian country, nor even a Christian city. Only those are Christians who individually and decidedly choose Christ as their life, their all in all. Whoever does not do this is as certainly a heathen as is any person in any heathen land or heathen city, who does not make such a choice of Christ. But to count these countries Christian countries when they are not such at all, and to give the people in heathen countries the idea that these are Christian countries indeed, according to the Christianity which is preached to them, and which alone they can look upon as Christianity, and then blame these people with inconsistency in not being Christians in those heathen lands when they never thought of being Christians in their own &ldquo;Christian&rdquo; land&mdash;this is the greatest inconsistency of all. It is an utter misleading of the people in those so-called heathen lands. And when the missionaries themselves so mislead the people in heathen lands, they themselves are the ones who are responsible for this &ldquo;great obstacle to the progress of Christianity in heathen countries.&rdquo; And they cannot in justice wonder that the people in heathen lands are caused to question the power and virtue of Christianity when the missionaries themselves give the people in heathen lands to understand that these others are &ldquo;Christian countries,&rdquo; and when they teach those people to expect Christianity in the people of these &ldquo;Christian countries&rdquo; and &ldquo;Christian cities,&rdquo; when in fact the vast majority of these people make no pretensions to Christianity and care nothing for it whatever.",
    "puborder": 884,
    "translations": []
  },
  {
    "para_id": "1078.1029",
    "id_prev": "1078.1028",
    "id_next": "1078.1030",
    "refcode_1": "AMS",
    "refcode_2": "275",
    "refcode_3": "2",
    "refcode_4": "1899",
    "refcode_short": "AMS May 4,  1899, page 275.2",
    "refcode_long": "The American Sentinel 14 May 4,  1899, page 275 paragraph 2",
    "element_type": "p",
    "element_subtype": "standard-indented",
    "content": "There is a way for the missionaries out of this difficulty; but it is not by complaining of the inconsistency of Christians, when the people of whom they complain any more heathenish than the heathen, and are in no way connected with Christianity. The true way out of the dilemma is to get down to the truth of Christianity upon its true foundation: that Christianity is an individual thing, and that the only Christians that there ever can be, whether in America, in England, in Japan or in China, are those people who, as individuals, have chosen, in the true Christian way, Christ as their portion forever; and along with this recognize also the truth that every person who does not do this, is a heathen, whether he be an American, a Japanese, a Britisher, or a Chinese.",
    "puborder": 885,
    "translations": []
  },
  {
    "para_id": "1078.1030",
    "id_prev": "1078.1029",
    "id_next": "1078.1031",
    "refcode_1": "AMS",
    "refcode_2": "275",
    "refcode_3": "3",
    "refcode_4": "1899",
    "refcode_short": "AMS May 4,  1899, page 275.3",
    "refcode_long": "The American Sentinel 14 May 4,  1899, page 275 paragraph 3",
    "element_type": "p",
    "element_subtype": "standard-indented",
    "content": "This conception of things would also amongst the missionaries and all Christians, break down at once all national lines and race distinctions. Then the people of no country would stand any higher in the estimation of no country would stand any higher in the estimation of the missionary than those of any other country; because, not having accepted Christ, all being heathen, and the missionaries having a message to all such,&mdash;the people being all alike, and the message being one to all people, the missionaries would necessarily look upon all alike.",
    "puborder": 886,
    "translations": []
  },
  {
    "para_id": "1078.1031",
    "id_prev": "1078.1030",
    "id_next": "1078.1032",
    "refcode_1": "AMS",
    "refcode_2": "275",
    "refcode_3": "4",
    "refcode_4": "1899",
    "refcode_short": "AMS May 4,  1899, page 275.4",
    "refcode_long": "The American Sentinel 14 May 4,  1899, page 275 paragraph 4",
    "element_type": "p",
    "element_subtype": "standard-indented",
    "content": "But the missionaries will all at once say, &ldquo;It would never do to call the American people <em>heathen</em>.&rdquo; Very well, then, why call the Japanese, or the Chinese, or any other people, heathen? And if other people must all be called heathen, and the people of America and other such &ldquo;Christian lands&rdquo; cannot be called heathen, when all know that, as a matter of fact, multitudes of these are more heathenish than are those who are called heathen&mdash;then it is a mere matter of favoritism on the part of those who do the calling. But why should there be such favoritism, especially toward those who are the worst in the comparison?",
    "puborder": 887,
    "translations": []
  },
  {
    "para_id": "1078.1032",
    "id_prev": "1078.1031",
    "id_next": "1078.1033",
    "refcode_1": "AMS",
    "refcode_2": "275",
    "refcode_3": "5",
    "refcode_4": "1899",
    "refcode_short": "AMS May 4,  1899, page 275.5",
    "refcode_long": "The American Sentinel 14 May 4,  1899, page 275 paragraph 5",
    "element_type": "p",
    "element_subtype": "standard-indented",
    "content": "We do not say that people in America and other such countries, who are not Christians, <em>should</em> be called &ldquo;heathen.&rdquo; No more do we say that the people in China, Japan, and other such countries, who are not Christians, <em>should</em> be called &ldquo;heathen.&rdquo; The people in America who are not Christians, are simply sinners and lost men; and the people in Japan and China who are not Christians are simply sinners and lost men: wherever they are, they are all alike; and there is no respect of persons with God nor with those who are of God.",
    "puborder": 888,
    "translations": []
  },
  {
    "para_id": "1078.1033",
    "id_prev": "1078.1032",
    "id_next": "1078.1034",
    "refcode_1": "AMS",
    "refcode_2": "275",
    "refcode_3": "6",
    "refcode_4": "1899",
    "refcode_short": "AMS May 4,  1899, page 275.6",
    "refcode_long": "The American Sentinel 14 May 4,  1899, page 275 paragraph 6",
    "element_type": "p",
    "element_subtype": "standard-indented",
    "content": "Let all the missionaries, ministers and Christians in the world recognize everywhere the Christian truth that only those are Christians who have chosen Christ as their Saviour and their portion forever, and that all who have not so done are all alike in all the world, wherever they be, and whatever they may be called. Then this &ldquo;great obstacle to the progress of Christianity in heathen countries&rdquo; that is here and so much elsewhere complained of, will no longer exist anywhere in the world.",
    "puborder": 889,
    "translations": []
  },
  {
    "para_id": "1078.1034",
    "id_prev": "1078.1033",
    "id_next": "1078.1036",
    "refcode_1": "AMS",
    "refcode_2": "275",
    "refcode_3": "",
    "refcode_4": "1899",
    "refcode_short": "",
    "refcode_long": "",
    "element_type": "p",
    "element_subtype": "standard-noindent",
    "content": "A. T. J.",
    "puborder": 890,
    "translations": []
  },
  {
    "para_id": "1078.1036",
    "id_prev": "1078.1034",
    "id_next": "1078.1037",
    "refcode_1": "AMS",
    "refcode_2": "286",
    "refcode_3": "",
    "refcode_4": "1899",
    "refcode_short": "AMS May 4,  1899, page 286",
    "refcode_long": "The American Sentinel 14 May 4,  1899, page 286",
    "element_type": "h5",
    "element_subtype": "",
    "content": "&ldquo;Back Page&rdquo; American Sentinel 14, 18, p. 286.",
    "puborder": 891,
    "translations": []
  },
  {
    "para_id": "1078.1037",
    "id_prev": "1078.1036",
    "id_next": "1078.1038",
    "refcode_1": "AMS",
    "refcode_2": "286",
    "refcode_3": "",
    "refcode_4": "1899",
    "refcode_short": "",
    "refcode_long": "",
    "element_type": "p",
    "element_subtype": "periodicalauthor",
    "content": "ATJ",
    "puborder": 892,
    "translations": []
  },
  {
    "para_id": "1078.1038",
    "id_prev": "1078.1037",
    "id_next": "1078.1039",
    "refcode_1": "AMS",
    "refcode_2": "286",
    "refcode_3": "1",
    "refcode_4": "1899",
    "refcode_short": "AMS May 4,  1899, page 286.1",
    "refcode_long": "The American Sentinel 14 May 4,  1899, page 286 paragraph 1",
    "element_type": "p",
    "element_subtype": "standard-indented",
    "content": "ABRAHAM LINCOLN said that while you couldn&rsquo;t &ldquo;fool all the people all the time,&rdquo; you could &ldquo;fool a part of the people all the time,&rdquo; and &ldquo;all the people a part of the time.&rdquo; And this is how it will be in the movement for Sunday enforcement. Public sentiment would not sustain such work all the time; but it can be so &ldquo;educated&rdquo; that it will sustain it for a while; and just this is being rapidly accomplished now. All the people&mdash;or a great majority&mdash;will be fooled a part of the time into thinking Sunday enforcement a necessity; and in this part of the time, when dissenters to the movement are being vigorously suppressed, the mischief will be done. There can be, and will be, in this way, a revival of religious persecution, and a conformity in government with the principles of the papacy, which will hurt the nation beyond remedy.",
    "puborder": 893,
    "translations": []
  }
]