[
  {
    "para_id": "672.697",
    "id_prev": "672.696",
    "id_next": "672.698",
    "refcode_1": "2BIO",
    "refcode_2": "95",
    "refcode_3": "",
    "refcode_4": "47",
    "refcode_short": "2BIO 95",
    "refcode_long": "Ellen G. White: The Progressive Years: 1862-1876 (vol. 2), p. 95 (Arthur Lacey White)",
    "element_type": "h4",
    "element_subtype": "",
    "content": "Testimony for the Church No. 10",
    "puborder": 542,
    "translations": []
  },
  {
    "para_id": "672.698",
    "id_prev": "672.697",
    "id_next": "672.701",
    "refcode_1": "2BIO",
    "refcode_2": "95",
    "refcode_3": "7",
    "refcode_4": "",
    "refcode_short": "2BIO 95.7",
    "refcode_long": "Ellen G. White: The Progressive Years: 1862-1876 (vol. 2), p. 95.7 (Arthur Lacey White)",
    "element_type": "p",
    "element_subtype": "standard-indented",
    "content": "In spite of the pressure to push ahead with the writing of Old Testament history for <em>Spiritual Gifts,</em>, Volume III, Ellen White felt that <span class=\"page-break\" data-page=\"96\"></span> she must not lag in getting her messages before the church in the <em>Testimony</em> pamphlets. Number 10 was advertised in the <em>Review</em> of January 19, 1864. The subjects presented were practical: Dangers of the Young; Walk in the Light; The East; the Aged; the American Costume; Ministers, and Wives of Ministers; and Patent Rights. [This reference to patent rights does not pertain to the proper steps of an inventor to protect his claim to the fruitage of his genius mind and hands, but to a speculative custom of the time of selling in certain territories, the right to an income from the sale of a patented article, a practice that often left the investor on the losing end. See <span class=\"egwlink egwlink_book\" title=\"1T 455.1\" data-link=\"116.2137\">Testimonies for the Church, 1:455, 551</span>.] It contained eighty pages and sold for 15 cents.",
    "puborder": 543,
    "translations": []
  }
]