[
  {
    "para_id": "1456.207",
    "id_prev": "1456.204",
    "id_next": "1456.208",
    "refcode_1": "HDM",
    "refcode_2": "37",
    "refcode_3": "",
    "refcode_4": "",
    "refcode_short": "HDM 37",
    "refcode_long": "History and Doctrine of the Millennium, p. 37 (Henry Dana Ward)",
    "element_type": "h4",
    "element_subtype": "",
    "content": "DR. DANIEL WHITBY",
    "puborder": 145,
    "translations": []
  },
  {
    "para_id": "1456.208",
    "id_prev": "1456.207",
    "id_next": "1456.209",
    "refcode_1": "HDM",
    "refcode_2": "37",
    "refcode_3": "1",
    "refcode_4": "",
    "refcode_short": "HDM 37.1",
    "refcode_long": "History and Doctrine of the Millennium, p. 37.1 (Henry Dana Ward)",
    "element_type": "p",
    "element_subtype": "standard-indented",
    "content": "The first of the millenist school is Daniel Whitby, D. D., who died A. D. 1726, aged 88. Having written a Commentary on the Epistles, he concludes it with a treatise on the millennium, in which he sets forth distinctly as follows:",
    "puborder": 146,
    "translations": []
  },
  {
    "para_id": "1456.209",
    "id_prev": "1456.208",
    "id_next": "1456.210",
    "refcode_1": "HDM",
    "refcode_2": "37",
    "refcode_3": "2",
    "refcode_4": "",
    "refcode_short": "HDM 37.2",
    "refcode_long": "History and Doctrine of the Millennium, p. 37.2 (Henry Dana Ward)",
    "element_type": "p",
    "element_subtype": "standard-indented",
    "content": "I differ only in three things from the ancient millenaries.",
    "puborder": 147,
    "translations": []
  },
  {
    "para_id": "1456.210",
    "id_prev": "1456.209",
    "id_next": "1456.211",
    "refcode_1": "HDM",
    "refcode_2": "37",
    "refcode_3": "3",
    "refcode_4": "",
    "refcode_short": "HDM 37.3",
    "refcode_long": "History and Doctrine of the Millennium, p. 37.3 (Henry Dana Ward)",
    "element_type": "p",
    "element_subtype": "standard-indented",
    "content": "1 In denying Christ&rsquo;s personal reign upon earth during the thousand years.",
    "puborder": 148,
    "translations": []
  },
  {
    "para_id": "1456.211",
    "id_prev": "1456.210",
    "id_next": "1456.212",
    "refcode_1": "HDM",
    "refcode_2": "37",
    "refcode_3": "4",
    "refcode_4": "",
    "refcode_short": "HDM 37.4",
    "refcode_long": "History and Doctrine of the Millennium, p. 37.4 (Henry Dana Ward)",
    "element_type": "p",
    "element_subtype": "standard-indented",
    "content": "2 I confidently deny that the temple of Jerusalem shall be there built again.",
    "puborder": 149,
    "translations": []
  },
  {
    "para_id": "1456.212",
    "id_prev": "1456.211",
    "id_next": "1456.213",
    "refcode_1": "HDM",
    "refcode_2": "37",
    "refcode_3": "5",
    "refcode_4": "",
    "refcode_short": "HDM 37.5",
    "refcode_long": "History and Doctrine of the Millennium, p. 37.5 (Henry Dana Ward)",
    "element_type": "p",
    "element_subtype": "standard-indented",
    "content": "3 I differ from them in respect to the reign of the martyrs, making it only a reign of the converted Jews and of the Gentiles, then flowing and uniting into one church.",
    "puborder": 150,
    "translations": []
  },
  {
    "para_id": "1456.213",
    "id_prev": "1456.212",
    "id_next": "1456.214",
    "refcode_1": "HDM",
    "refcode_2": "37",
    "refcode_3": "6",
    "refcode_4": "",
    "refcode_short": "HDM 37.6",
    "refcode_long": "History and Doctrine of the Millennium, p. 37.6 (Henry Dana Ward)",
    "element_type": "p",
    "element_subtype": "standard-indented",
    "content": "That is, he rejects from the ancient millenary doctrine its redeeming spirit, <em>the coming of Christ and the resurrection of the just</em>; and leaves it a mere carcass of flesh, having a flattering show of spirituality, but destitute of the power and coming of the Lord Jesus: not that he, with the many good and eminent men that have followed him, intended to lower the standard of christian hope, and trail the banner of faith in the dust, by planting it in Jewry a thousand years, for Mount Zion in the eternal world to come; not that he or they have intended to reject the Lord, saying, with his citizens in the parable, &ldquo;<em>We will not have this man to reign over us</em>: we are triumphantly subduing nature to art, and converting the heathen to Chris: we desire not to be interrupted in our good work:&rdquo; but the import and bearing of the millenist doctrine rests on such carnal hope for support; and naturally leads the believing mind to be jealous, rather then fond, of the blessed Lord&rsquo;s appearing; to distrust rather than to hope for the coming of the Lord; and to shrink and hide from the love, rather than to watch and wait and reach out in expectation, of catching a sound of his chariot-wheels, or the flash of his epiphany.",
    "puborder": 151,
    "translations": []
  }
]