[
  {
    "para_id": "936.768",
    "id_prev": "936.766",
    "id_next": "936.769",
    "refcode_1": "MMM",
    "refcode_2": "133",
    "refcode_3": "",
    "refcode_4": "",
    "refcode_short": "MMM 133",
    "refcode_long": "Manuscripts and Memories of Minneapolis, p. 133 (Ellen Gould White)",
    "element_type": "h3",
    "element_subtype": "",
    "content": "W. C. White to C. H. Jones, Nov. 30, 1888",
    "puborder": 557,
    "translations": []
  },
  {
    "para_id": "936.769",
    "id_prev": "936.768",
    "id_next": "936.770",
    "refcode_1": "MMM",
    "refcode_2": "133",
    "refcode_3": "",
    "refcode_4": "",
    "refcode_short": "",
    "refcode_long": "",
    "element_type": "p",
    "element_subtype": "standard-noindent",
    "content": "Battle Creek, Mich.\n<br />W. C. White\n<br />Nov. 30, 1888.\n<br />C. H. Jones,\n<br />Oakland, Cal.\n<br />Dear Brother:&mdash;",
    "puborder": 558,
    "translations": []
  },
  {
    "para_id": "936.770",
    "id_prev": "936.769",
    "id_next": "936.773",
    "refcode_1": "MMM",
    "refcode_2": "133",
    "refcode_3": "1",
    "refcode_4": "",
    "refcode_short": "MMM 133.1",
    "refcode_long": "Manuscripts and Memories of Minneapolis, p. 133.1 (Ellen Gould White)",
    "element_type": "p",
    "element_subtype": "standard-indented",
    "content": "Matters have are swinging round more rapidly that we had reason to expect. You will see by the Review that it is arranged <span class=\"page-break\" data-page=\"134\"></span> for A. T. Jones to teach in college. He is giving a course of lectures at the Tabernacle which are being reported and very widely circulated. He and mother attended the minister&rsquo;s meting at Poterville. A.T. spoke three times and mother five or six. I should judge from what they say that there is quite a revolution in feeling and sentiment of the brethren attending that meeting.",
    "puborder": 559,
    "translations": []
  },
  {
    "para_id": "936.773",
    "id_prev": "936.770",
    "id_next": "936.775",
    "refcode_1": "MMM",
    "refcode_2": "134",
    "refcode_3": "1",
    "refcode_4": "",
    "refcode_short": "MMM 134.1",
    "refcode_long": "Manuscripts and Memories of Minneapolis, p. 134.1 (Ellen Gould White)",
    "element_type": "p",
    "element_subtype": "standard-indented",
    "content": "[Selection ends here.]",
    "puborder": 560,
    "translations": []
  }
]