[
  {
    "para_id": "936.795",
    "id_prev": "936.793",
    "id_next": "936.796",
    "refcode_1": "MMM",
    "refcode_2": "138",
    "refcode_3": "",
    "refcode_4": "",
    "refcode_short": "MMM 138",
    "refcode_long": "Manuscripts and Memories of Minneapolis, p. 138 (Ellen Gould White)",
    "element_type": "h3",
    "element_subtype": "",
    "content": "W. C. White to Mary K. White, May 15, 1889",
    "puborder": 577,
    "translations": []
  },
  {
    "para_id": "936.796",
    "id_prev": "936.795",
    "id_next": "936.797",
    "refcode_1": "MMM",
    "refcode_2": "138",
    "refcode_3": "",
    "refcode_4": "",
    "refcode_short": "",
    "refcode_long": "",
    "element_type": "p",
    "element_subtype": "standard-noindent",
    "content": "From W. C. White\n<br />Ottawa, Kans. May 15, 1889.\n<br />Mrs. M. K. White,\n<br />Boulder, Colo.\n<br />My dear Mary;&mdash;",
    "puborder": 578,
    "translations": []
  },
  {
    "para_id": "936.797",
    "id_prev": "936.796",
    "id_next": "936.798",
    "refcode_1": "MMM",
    "refcode_2": "138",
    "refcode_3": "1",
    "refcode_4": "",
    "refcode_short": "MMM 138.1",
    "refcode_long": "Manuscripts and Memories of Minneapolis, p. 138.1 (Ellen Gould White)",
    "element_type": "p",
    "element_subtype": "standard-indented",
    "content": "Mother seems to be quite well. She is of excellent courage about the meetings. There are nearly 300 here now and they are meeting advancement every day.",
    "puborder": 579,
    "translations": []
  },
  {
    "para_id": "936.798",
    "id_prev": "936.797",
    "id_next": "936.802",
    "refcode_1": "MMM",
    "refcode_2": "138",
    "refcode_3": "2",
    "refcode_4": "",
    "refcode_short": "MMM 138.2",
    "refcode_long": "Manuscripts and Memories of Minneapolis, p. 138.2 (Ellen Gould White)",
    "element_type": "p",
    "element_subtype": "standard-indented",
    "content": "Two or three days ago Mother gave them her views about the Minneapolis meeting and told them she did not went that experience <span class=\"page-break\" data-page=\"139\"></span> repeated here. Some have made hearty confessions, and all are working toward the light.",
    "puborder": 580,
    "translations": []
  }
]