[
  {
    "para_id": "936.3792",
    "id_prev": "936.3791",
    "id_next": "936.3793",
    "refcode_1": "MMM",
    "refcode_2": "411",
    "refcode_3": "",
    "refcode_4": "",
    "refcode_short": "MMM 411",
    "refcode_long": "Manuscripts and Memories of Minneapolis, p. 411 (Ellen Gould White)",
    "element_type": "h4",
    "element_subtype": "",
    "content": "CONTENTS OF THIS NUMBER",
    "puborder": 3155,
    "translations": []
  },
  {
    "para_id": "936.3793",
    "id_prev": "936.3792",
    "id_next": "936.3794",
    "refcode_1": "MMM",
    "refcode_2": "411",
    "refcode_3": "2",
    "refcode_4": "",
    "refcode_short": "MMM 411.2",
    "refcode_long": "Manuscripts and Memories of Minneapolis, p. 411.2 (Ellen Gould White)",
    "element_type": "p",
    "element_subtype": "standard-indented",
    "content": "[All articles, except in the departments of Choice Selections and The Home which contain no signature or other credit, will be understood coming from the Editor. All signatures to articles written for the Review will be printed in small capitals: to selections, in <em>italics</em>.]",
    "puborder": 3156,
    "translations": []
  },
  {
    "para_id": "936.3794",
    "id_prev": "936.3793",
    "id_next": "936.3795",
    "refcode_1": "MMM",
    "refcode_2": "411",
    "refcode_3": "",
    "refcode_4": "",
    "refcode_short": "MMM 411",
    "refcode_long": "Manuscripts and Memories of Minneapolis, p. 411 (Ellen Gould White)",
    "element_type": "table",
    "element_subtype": "table1",
    "content": "\n<tr><td colspan=\"2\"><strong><em>Poetry</em>.</strong></td></tr>\n<tr><td>He Thinketh Upon Me. Fannie Bolton</td><td>705</td></tr>\n<tr><td>&ldquo;The King&rsquo;s children,&rdquo; Eliza H. Morion</td><td>707</td></tr>\n<tr><td>&ldquo;Come Unto Me,&rdquo; <em>M. V. Ball</em></td><td>709</td></tr>\n<tr><td>A Little While, <em>Sel</em>.</td><td>716</td></tr>\n<tr><td>Lost and Found, N.W. Vincent</td><td>719</td></tr>\n<tr><td colspan=\"2\"><strong><em>Our Contributors</em>.</strong></td></tr>\n<tr><td>The Law of God the Standard of Home Government, Mrs. E. G. White</td><td>705</td></tr>\n<tr><td>Very Dangerous Eld. O. Hill</td><td>706</td></tr>\n<tr><td>Object Lessons Joseph Clarke</td><td>706</td></tr>\n<tr><td>The &ldquo;Christian Sabbath&rdquo; Is Un-Christian, F. A. Howe</td><td>760</td></tr>\n<tr><td>Have We Reached the Last Days? C. P. Whitford</td><td>707</td></tr>\n<tr><td colspan=\"2\"><strong><em>Sermon</em>.</strong></td></tr>\n<tr><td>In Good Humor with Our Circumstances. <em>Rev. Dr. Talmaye</em></td><td>708</td></tr>\n<tr><td colspan=\"2\"><strong><em>Home</em>.</strong></td></tr>\n<tr><td>How to Make Children Lovely, <em>Sel</em>.</td><td>709</td></tr>\n<tr><td>The Nerves and the Moods, <em>Christian at Work</em></td><td>709</td></tr>\n<tr><td>Not a Slave to Her Children, <em>Sel</em></td><td>709</td></tr>\n<tr><td>Unattractive Girls, <em>Congregationalist</em></td><td>709</td></tr>\n<tr><td>Borrowing Trouble, <em>Sel</em></td><td>709</td></tr>\n<tr><td colspan=\"2\"><strong><em>The Mission Field</em>.</strong></td></tr>\n<tr><td>Indiana Tract Society Proceedings J. W. Moore. <em>Sec</em></td><td>710</td></tr>\n<tr><td>Organization of Australian Tract and Missionary Society,\n Josie L. Barer. <em>Sec</em>.</td><td>710</td></tr>\n<tr><td>We and You, <em>Sel</em></td><td>710</td></tr>\n<tr><td colspan=\"2\"><strong><em>Special Mention</em>.</strong></td></tr>\n<tr><td>Spiritualist Conventions in the Old World</td><td>710</td></tr>\n<tr><td>Sunday Legislation in Germany, <em>Christian Union</em></td><td>711</td></tr>\n<tr><td>A Saratoga Spring Over 3,000 Feet Deep, <em>Scientific American</em></td><td>711</td></tr>\n<tr><td>Suppressing the African Slave Trade, <em>Christian Union</em></td><td>711</td></tr>\n<tr><td colspan=\"2\"><strong><em>Editorial</em>.</strong></td></tr>\n<tr><td>S. D. Adventist General Conference (<em>continued</em>) V. Smith, <em>Sec</em>.</td><td>712</td></tr>\n<tr><td>Motives l. a. s.</td><td>714</td></tr>\n<tr><td>The Attainment of Faith g. w. m.</td><td>714</td></tr>\n<tr><td>The Irrational Nature of Man, l. a. b.</td><td>715</td></tr>\n<tr><td colspan=\"2\"><strong><em>Ministers&rsquo; Department</em>.</strong></td></tr>\n<tr><td>Sensational Preaching, <em>Sel</em>.</td><td>715</td></tr>\n<tr><td colspan=\"2\"><strong><em>Progress of the Cause</em>.</strong></td></tr>\n<tr><td>Reports from Texas-Kansas-New York-Michigan-Wis. consin</td><td>716</td></tr>\n<tr><td>Australian Conference Organization, S. McCullagh, <em>Sec</em></td><td>716</td></tr>\n<tr><td>Nebraska H. and T. Society Proceedings, Mrs. W. N. Hvatt, <em>Sec</em>.</td><td>717</td></tr>\n<tr><td>The Canvassing Work in Michigan, J. N. Brant</td><td>717</td></tr>\n<tr><td>To S. S. Workers in Iowa, W. H. Wareham</td><td>717</td></tr>\n<tr><td>A Government Clerk&rsquo;s Experience, W. H. Saxhv</td><td>717</td></tr>\n<tr><td><strong><em>Special Notices</em></strong></td><td>718</td></tr>\n<tr><td><strong><em>News</em></strong></td><td>718</td></tr>\n<tr><td><strong><em>Appointment&rsquo;s</em></strong></td><td>719</td></tr>\n<tr><td><strong><em>Obituaries</em></strong></td><td>719</td></tr>\n<tr><td><strong><em>Editorial Notes</em></strong></td><td>720</td></tr>\n",
    "puborder": 3157,
    "translations": []
  },
  {
    "para_id": "936.3795",
    "id_prev": "936.3794",
    "id_next": "936.3796",
    "refcode_1": "MMM",
    "refcode_2": "411",
    "refcode_3": "3",
    "refcode_4": "",
    "refcode_short": "MMM 411.3",
    "refcode_long": "Manuscripts and Memories of Minneapolis, p. 411.3 (Ellen Gould White)",
    "element_type": "p",
    "element_subtype": "standard-indented",
    "content": "Last Sabbath, the 11th, the Battle Creek church were privileged to listen to a discourse by sister E G. White from <span class=\"egwlink egwlink_bible\" title=\"1 Peter 1:3\" data-link=\"1965.61969\">1 Peter 1:3-10</span>. As the words of the text would indicate, the discourse was eminently practical, presenting the high duties and privileges of Christian in these last days, and dwelling principally upon the themes of Christ as our burden bearer, and the duty of all who profess his name to co operate with him in the work of winning souls. A larger number were present than for many weeks previous, among whom were a goodly number of those not of our faith. The occasion was one of unusual interest, and, we trust, of profit also.",
    "puborder": 3158,
    "translations": []
  },
  {
    "para_id": "936.3796",
    "id_prev": "936.3795",
    "id_next": "936.3797",
    "refcode_1": "MMM",
    "refcode_2": "411",
    "refcode_3": "4",
    "refcode_4": "",
    "refcode_short": "MMM 411.4",
    "refcode_long": "Manuscripts and Memories of Minneapolis, p. 411.4 (Ellen Gould White)",
    "element_type": "p",
    "element_subtype": "standard-indented",
    "content": "The great political event of the year has come and gone, and one of the common facts which its passage has emphasized is that no one has the power to so carefully weigh human probabilities as to be able to decide with certainty the outcome of any impending issue. There is, however, one election, of vastly greater importance to every individual than the one just passed, the result of which each one has it in his power to determine; and that is the election which will entitle him to a place in the future inheritance of the saints. This is an election concerning which no one can afford to be indifferent. It is the privilege and the duty of every one to heed the apostolic injunction to &ldquo;give diligence, to make your calling and election sure.&rdquo;",
    "puborder": 3159,
    "translations": []
  },
  {
    "para_id": "936.3797",
    "id_prev": "936.3796",
    "id_next": "936.3798",
    "refcode_1": "MMM",
    "refcode_2": "411",
    "refcode_3": "5",
    "refcode_4": "",
    "refcode_short": "MMM 411.5",
    "refcode_long": "Manuscripts and Memories of Minneapolis, p. 411.5 (Ellen Gould White)",
    "element_type": "p",
    "element_subtype": "standard-indented",
    "content": "The <em>Independent</em> says that &ldquo;there is not a solitary fact known to man creating even the faintest presumption that the death of the body is the absolute destruction of our conscious being.&rdquo; This is equivalent to saying that thousands of honest, intelligent Christians can firmly hold as an article of faith on the sole authority of the Scriptures, something which those writings not only do not prove, but do not even in the remotest manner hint at. And not only this, but they can reason for hours from the Scriptures on a subject to which they contain not the slightest allusion, in a manner which not only commends itself to intelligent audiences, but convinces many of the truth of the position taken. This is just what S. D. Adventist ministers all over the country are doing continually, wholly oblivious of the fact that they are performing a very wonderful feat.",
    "puborder": 3160,
    "translations": []
  },
  {
    "para_id": "936.3798",
    "id_prev": "936.3797",
    "id_next": "936.3799",
    "refcode_1": "MMM",
    "refcode_2": "411",
    "refcode_3": "6",
    "refcode_4": "",
    "refcode_short": "MMM 411.6",
    "refcode_long": "Manuscripts and Memories of Minneapolis, p. 411.6 (Ellen Gould White)",
    "element_type": "p",
    "element_subtype": "standard-indented",
    "content": "It is equivalent to saying that the Bible,-the source from whence man draws all the facts known to him upon this subject,-is such a mystical book that such statements as, &ldquo;The dead know not anything&rdquo; (<span class=\"egwlink egwlink_bible\" title=\"Ecclesiastes 9:5\" data-link=\"1965.35652\">Ecclesiastes 9:5</span>), and that in the day of man&rsquo;s death &ldquo;his thoughts perish &ldquo;(<span class=\"egwlink egwlink_bible\" title=\"Psalm 146:4\" data-link=\"1965.33336\">Psalm 146:4</span>), do not in the faintest manner hint at the view which the <em>Independent</em> so sweepingly condemn?. Were such actually the case, it would be a most conclusive proof that the Roman Catholic position is correct, which says that the Bible cannot be understood by the masses, but must have its meaning revealed to them by the authorities of the church.",
    "puborder": 3161,
    "translations": []
  },
  {
    "para_id": "936.3799",
    "id_prev": "936.3798",
    "id_next": "936.3800",
    "refcode_1": "MMM",
    "refcode_2": "411",
    "refcode_3": "7",
    "refcode_4": "",
    "refcode_short": "MMM 411.7",
    "refcode_long": "Manuscripts and Memories of Minneapolis, p. 411.7 (Ellen Gould White)",
    "element_type": "p",
    "element_subtype": "standard-indented",
    "content": "It is the plain duty of every professing Christian to recommend his religion in the most favorable manner possible to those around him. How can he do this? Not by arguing with them, nor even by any other method of speech; but by means of that which &ldquo;speaks louder than words;&rdquo; namely, his actions. Whatever may be the testimony of his words, it is overbalanced by the testimony of his actions, if the two are not in harmony. This is a truth which many persons of this class apparently fail to realize. While they profess full confidence in their faith, their cheerless, gloomy, and despondent bearing, day after day, virtually says to those around them, &ldquo;The Christian religion is a failure. The joy and peace it promises are myths, It does not make one&rsquo;s condition any better than it was before he accepted it&rdquo; With this testimony constantly before them, it cannot be strange that followers of the world should think that to enlist in the cause of Christ is to sacrifice all enjoyment in life, and should prefer worldly pleasures to the undesirable state exemplified in the lives of those professors. The most effectual way to convert others is to convince them of the desirability of the state into which you have been brought through your acceptance of Christ, by that continually cheerful and joyous deportment which it is the Christian&rsquo;s privilege to manifest to his brethren and to the world. Our privilege and our duty in this respect are summed up in the inspired words &ldquo;Rejoice evermore.&rdquo;",
    "puborder": 3162,
    "translations": []
  },
  {
    "para_id": "936.3800",
    "id_prev": "936.3799",
    "id_next": "936.3801",
    "refcode_1": "MMM",
    "refcode_2": "411",
    "refcode_3": "8",
    "refcode_4": "",
    "refcode_short": "MMM 411.8",
    "refcode_long": "Manuscripts and Memories of Minneapolis, p. 411.8 (Ellen Gould White)",
    "element_type": "p",
    "element_subtype": "standard-indented",
    "content": "It is quite common for some foreign Catholic journals to allude to most wonderful cures alleged to have been effected by worshiping at certain Catholic shrines in the Old World, distinguished by the possession of some especially consecrated images or relics of the &ldquo;saints.&rdquo; Of course every Protestant believes that these alleged cures are a humbug, and that the reputation of these places is sustained chiefly by priestly trickery and an excited imagination. As an illustration of some of the methods employed to keep up this reputation, the <em>British Weekly</em> furnishes the following rather amusing incident:-",
    "puborder": 3163,
    "translations": []
  },
  {
    "para_id": "936.3801",
    "id_prev": "936.3800",
    "id_next": "936.3802",
    "refcode_1": "MMM",
    "refcode_2": "411",
    "refcode_3": "9",
    "refcode_4": "",
    "refcode_short": "MMM 411.9",
    "refcode_long": "Manuscripts and Memories of Minneapolis, p. 411.9 (Ellen Gould White)",
    "element_type": "p",
    "element_subtype": "standard-indented",
    "content": "A French Protestant gentleman living at Nimes had a man servant, who one clay gave him notice to leave, as he wished to return to his native mountains. Shortly after, his master met him hobbling along the Boulevard with two crutches. On asking him what was the matter, the man seemed confused, but on being pressed for an answer, said, &ldquo;If you will come to a certain <em>cafe</em> at two o&rsquo;clock, I will tell yon all.&rdquo; The appointment was kept, and then it appeared that, not coring to return home, be bad been recommended to go to a priest for employment, which consisted in walking round the Boulevard once a day for three weeks, with his leg tied up and using two crutches. For this be was to receive one franc <em>per diem</em>; and at the end of three weeks be was to perambulate in the same way three times a day for one week, and to receive a wage of three francs. This over, be was to go to Lourdes to get cured!",
    "puborder": 3164,
    "translations": []
  },
  {
    "para_id": "936.3802",
    "id_prev": "936.3801",
    "id_next": "936.3803",
    "refcode_1": "MMM",
    "refcode_2": "411",
    "refcode_3": "10",
    "refcode_4": "",
    "refcode_short": "MMM 411.10",
    "refcode_long": "Manuscripts and Memories of Minneapolis, p. 411.10 (Ellen Gould White)",
    "element_type": "p",
    "element_subtype": "standard-indented",
    "content": "This is one way in which doubtless the imagination of the devout but not over intelligent masses of some Catholic districts is frequently fed, and their faith kept alive in the divine authority and power of the Roman Catholic Church.",
    "puborder": 3165,
    "translations": []
  }
]