[
  {
    "para_id": "413.2",
    "title": "Special Testimonies for Ministers and Workers—No. 10",
    "chapters": [
      "413.2"
    ]
  },
  {
    "para_id": "413.49",
    "title": "Sowing Beside All Waters",
    "chapters": [
      "413.49"
    ]
  },
  {
    "para_id": "413.72",
    "title": "Self-Denial, and Support of the Ministry",
    "chapters": [
      "413.72"
    ]
  },
  {
    "para_id": "413.108",
    "title": "Holy Spirit Versus Selfishness. The Danger of Rejecting Light",
    "chapters": [
      "413.108"
    ]
  },
  {
    "para_id": "413.145",
    "title": "“Go Ye Into All the World, and Preach the Gospel to Every Creature”",
    "chapters": [
      "413.145"
    ]
  },
  {
    "para_id": "413.151",
    "title": "Ministerial Institutes",
    "chapters": [
      "413.151"
    ]
  },
  {
    "para_id": "413.155",
    "title": "The Work of the Holy Spirit",
    "chapters": [
      "413.155"
    ]
  },
  {
    "para_id": "413.167",
    "title": "The Need of a Connection with God",
    "chapters": [
      "413.167"
    ]
  }
]