[
  {
    "para_id": "14336.5761",
    "id_prev": "14336.5760",
    "id_next": "14336.5763",
    "refcode_1": "RV1885",
    "refcode_2": "Leviticus",
    "refcode_3": "5",
    "refcode_4": "0",
    "refcode_short": "RV1885 — Leviticus 5",
    "refcode_long": "Revised Version 1885 — Leviticus 5",
    "element_type": "h3",
    "element_subtype": "chapter",
    "content": "Leviticus 5",
    "puborder": 2930,
    "translations": [
      {
        "para_id": "14207.5761",
        "lang": "bg",
        "refcode": "ББ1940 — Левит 5"
      },
      {
        "para_id": "11258.5749",
        "lang": "cs",
        "refcode": "CzeCEP — 3Mojžíšova 5"
      },
      {
        "para_id": "1967.5761",
        "lang": "de",
        "refcode": "Lut — 3Mose 5"
      },
      {
        "para_id": "11142.5761",
        "lang": "en",
        "refcode": "WEB — Leviticus 5"
      },
      {
        "para_id": "14340.5761",
        "lang": "en",
        "refcode": "NIV — Leviticus 5"
      },
      {
        "para_id": "11145.5761",
        "lang": "en",
        "refcode": "AKJV — Leviticus 5"
      },
      {
        "para_id": "14419.5761",
        "lang": "en",
        "refcode": "ICB — Leviticus 5"
      },
      {
        "para_id": "14333.5761",
        "lang": "en",
        "refcode": "ISV — Leviticus 5"
      },
      {
        "para_id": "14334.5761",
        "lang": "en",
        "refcode": "NKJV — Leviticus 5"
      },
      {
        "para_id": "14736.5761",
        "lang": "en",
        "refcode": "NHEB — Leviticus 5"
      },
      {
        "para_id": "14330.5761",
        "lang": "en",
        "refcode": "ERV — Leviticus 5"
      },
      {
        "para_id": "11139.5761",
        "lang": "en",
        "refcode": "ASV — Leviticus 5"
      },
      {
        "para_id": "11144.5761",
        "lang": "en",
        "refcode": "YLT — Leviticus 5"
      },
      {
        "para_id": "14175.5761",
        "lang": "en",
        "refcode": "KJVSD — Leviticus 5"
      },
      {
        "para_id": "14420.5761",
        "lang": "en",
        "refcode": "NCV — Leviticus 5"
      },
      {
        "para_id": "14125.5761",
        "lang": "en",
        "refcode": "KJRV — Leviticus 5"
      },
      {
        "para_id": "11143.5761",
        "lang": "en",
        "refcode": "WBS — Leviticus 5"
      },
      {
        "para_id": "14341.5761",
        "lang": "en",
        "refcode": "NET — Leviticus 5"
      },
      {
        "para_id": "11140.5761",
        "lang": "en",
        "refcode": "DBY — Leviticus 5"
      },
      {
        "para_id": "1965.5761",
        "lang": "en",
        "refcode": "KJV — Leviticus 5"
      },
      {
        "para_id": "14422.5761",
        "lang": "es",
        "refcode": "RVR — Levítico 5"
      },
      {
        "para_id": "1968.6274",
        "lang": "es",
        "refcode": "RVa — Levítico 5"
      },
      {
        "para_id": "14421.5761",
        "lang": "es",
        "refcode": "NBLA — Levítico 5"
      },
      {
        "para_id": "2021.5761",
        "lang": "fr",
        "refcode": "Fren — Lévitique 5"
      },
      {
        "para_id": "1966.5761",
        "lang": "it",
        "refcode": "LND — Levitico 5"
      },
      {
        "para_id": "1970.5761",
        "lang": "pl",
        "refcode": "PB — 3Mojżeszowa 5"
      },
      {
        "para_id": "1971.5761",
        "lang": "pt",
        "refcode": "PCF — Levítico 5"
      },
      {
        "para_id": "11165.5761",
        "lang": "ro",
        "refcode": "RCCV — Leviticul 5"
      },
      {
        "para_id": "1973.5761",
        "lang": "ro",
        "refcode": "NTR — Levitic 5"
      },
      {
        "para_id": "1972.5761",
        "lang": "ru",
        "refcode": "РСП — Левит 5"
      },
      {
        "para_id": "14191.5761",
        "lang": "tpi",
        "refcode": "BBTP — WokPris 5"
      },
      {
        "para_id": "12318.5761",
        "lang": "uk",
        "refcode": "УПО — Левит 5"
      },
      {
        "para_id": "1969.5761",
        "lang": "zh",
        "refcode": "CHIUS — 利未記 5"
      }
    ]
  },
  {
    "para_id": "14336.5763",
    "id_prev": "14336.5761",
    "id_next": "14336.5765",
    "refcode_1": "RV1885",
    "refcode_2": "Leviticus",
    "refcode_3": "5",
    "refcode_4": "1",
    "refcode_short": "RV1885 — Leviticus 5:1",
    "refcode_long": "Revised Version 1885 — Leviticus 5:1",
    "element_type": "p",
    "element_subtype": "standard-noindent",
    "content": "<strong>1</strong> And if any one sin, in that he heareth the voice of adjuration, he being a witness, whether he hath seen or known, if he do not utter it, then he shall bear his iniquity:",
    "puborder": 2931,
    "translations": [
      {
        "para_id": "14207.5763",
        "lang": "bg",
        "refcode": "ББ1940 — Левит 5:1"
      },
      {
        "para_id": "11258.5751",
        "lang": "cs",
        "refcode": "CzeCEP — 3Mojžíšova 5:1"
      },
      {
        "para_id": "1967.5763",
        "lang": "de",
        "refcode": "Lut — 3Mose 5:1"
      },
      {
        "para_id": "11140.5763",
        "lang": "en",
        "refcode": "DBY — Leviticus 5:1"
      },
      {
        "para_id": "11142.5763",
        "lang": "en",
        "refcode": "WEB — Leviticus 5:1"
      },
      {
        "para_id": "11144.5763",
        "lang": "en",
        "refcode": "YLT — Leviticus 5:1"
      },
      {
        "para_id": "14333.5763",
        "lang": "en",
        "refcode": "ISV — Leviticus 5:1"
      },
      {
        "para_id": "11145.5763",
        "lang": "en",
        "refcode": "AKJV — Leviticus 5:1"
      },
      {
        "para_id": "11143.5763",
        "lang": "en",
        "refcode": "WBS — Leviticus 5:1"
      },
      {
        "para_id": "14334.5763",
        "lang": "en",
        "refcode": "NKJV — Leviticus 5:1"
      },
      {
        "para_id": "14340.5763",
        "lang": "en",
        "refcode": "NIV — Leviticus 5:1"
      },
      {
        "para_id": "14175.5763",
        "lang": "en",
        "refcode": "KJVSD — Leviticus 5:1"
      },
      {
        "para_id": "1965.5763",
        "lang": "en",
        "refcode": "KJV — Leviticus 5:1"
      },
      {
        "para_id": "14125.5763",
        "lang": "en",
        "refcode": "KJRV — Leviticus 5:1"
      },
      {
        "para_id": "14736.5763",
        "lang": "en",
        "refcode": "NHEB — Leviticus 5:1"
      },
      {
        "para_id": "11139.5763",
        "lang": "en",
        "refcode": "ASV — Leviticus 5:1"
      },
      {
        "para_id": "14419.5763",
        "lang": "en",
        "refcode": "ICB — Leviticus 5:1"
      },
      {
        "para_id": "14330.5763",
        "lang": "en",
        "refcode": "ERV — Leviticus 5:1"
      },
      {
        "para_id": "14420.5763",
        "lang": "en",
        "refcode": "NCV — Leviticus 5:1"
      },
      {
        "para_id": "14341.5763",
        "lang": "en",
        "refcode": "NET — Leviticus 5:1"
      },
      {
        "para_id": "1968.6276",
        "lang": "es",
        "refcode": "RVa — Levítico 5:1"
      },
      {
        "para_id": "14421.5763",
        "lang": "es",
        "refcode": "NBLA — Levítico 5:1"
      },
      {
        "para_id": "14422.5763",
        "lang": "es",
        "refcode": "RVR — Levítico 5:1"
      },
      {
        "para_id": "2021.5763",
        "lang": "fr",
        "refcode": "Fren — Lévitique 5:1"
      },
      {
        "para_id": "1966.5763",
        "lang": "it",
        "refcode": "LND — Levitico 5:1"
      },
      {
        "para_id": "1970.5763",
        "lang": "pl",
        "refcode": "PB — 3Mojżeszowa 5:1"
      },
      {
        "para_id": "1971.5763",
        "lang": "pt",
        "refcode": "PCF — Levítico 5:1"
      },
      {
        "para_id": "1973.5763",
        "lang": "ro",
        "refcode": "NTR — Levitic 5:1"
      },
      {
        "para_id": "11165.5763",
        "lang": "ro",
        "refcode": "RCCV — Leviticul 5:1"
      },
      {
        "para_id": "1972.5763",
        "lang": "ru",
        "refcode": "РСП — Левит 5:1"
      },
      {
        "para_id": "14191.5763",
        "lang": "tpi",
        "refcode": "BBTP — WokPris 5:1"
      },
      {
        "para_id": "12318.5763",
        "lang": "uk",
        "refcode": "УПО — Левит 5:1"
      },
      {
        "para_id": "1969.5763",
        "lang": "zh",
        "refcode": "CHIUS — 利未記 5:1"
      }
    ]
  },
  {
    "para_id": "14336.5765",
    "id_prev": "14336.5763",
    "id_next": "14336.5767",
    "refcode_1": "RV1885",
    "refcode_2": "Leviticus",
    "refcode_3": "5",
    "refcode_4": "2",
    "refcode_short": "RV1885 — Leviticus 5:2",
    "refcode_long": "Revised Version 1885 — Leviticus 5:2",
    "element_type": "p",
    "element_subtype": "standard-noindent",
    "content": "<strong>2</strong> or if any one touch any unclean thing, whether it be the carcase of an unclean beast, or the carcase of unclean cattle, or the carcase of unclean creeping things, and it be hidden from him, and he be unclean, then he shall be guilty:",
    "puborder": 2932,
    "translations": [
      {
        "para_id": "14207.5765",
        "lang": "bg",
        "refcode": "ББ1940 — Левит 5:2"
      },
      {
        "para_id": "11258.5753",
        "lang": "cs",
        "refcode": "CzeCEP — 3Mojžíšova 5:2"
      },
      {
        "para_id": "1967.5765",
        "lang": "de",
        "refcode": "Lut — 3Mose 5:2"
      },
      {
        "para_id": "11142.5765",
        "lang": "en",
        "refcode": "WEB — Leviticus 5:2"
      },
      {
        "para_id": "11145.5765",
        "lang": "en",
        "refcode": "AKJV — Leviticus 5:2"
      },
      {
        "para_id": "11140.5765",
        "lang": "en",
        "refcode": "DBY — Leviticus 5:2"
      },
      {
        "para_id": "14340.5765",
        "lang": "en",
        "refcode": "NIV — Leviticus 5:2"
      },
      {
        "para_id": "14125.5765",
        "lang": "en",
        "refcode": "KJRV — Leviticus 5:2"
      },
      {
        "para_id": "14334.5765",
        "lang": "en",
        "refcode": "NKJV — Leviticus 5:2"
      },
      {
        "para_id": "14175.5765",
        "lang": "en",
        "refcode": "KJVSD — Leviticus 5:2"
      },
      {
        "para_id": "11143.5765",
        "lang": "en",
        "refcode": "WBS — Leviticus 5:2"
      },
      {
        "para_id": "14420.5765",
        "lang": "en",
        "refcode": "NCV — Leviticus 5:2"
      },
      {
        "para_id": "14736.5765",
        "lang": "en",
        "refcode": "NHEB — Leviticus 5:2"
      },
      {
        "para_id": "14330.5765",
        "lang": "en",
        "refcode": "ERV — Leviticus 5:2"
      },
      {
        "para_id": "1965.5765",
        "lang": "en",
        "refcode": "KJV — Leviticus 5:2"
      },
      {
        "para_id": "14419.5765",
        "lang": "en",
        "refcode": "ICB — Leviticus 5:2"
      },
      {
        "para_id": "14333.5765",
        "lang": "en",
        "refcode": "ISV — Leviticus 5:2"
      },
      {
        "para_id": "11139.5765",
        "lang": "en",
        "refcode": "ASV — Leviticus 5:2"
      },
      {
        "para_id": "11144.5765",
        "lang": "en",
        "refcode": "YLT — Leviticus 5:2"
      },
      {
        "para_id": "14341.5765",
        "lang": "en",
        "refcode": "NET — Leviticus 5:2"
      },
      {
        "para_id": "14422.5765",
        "lang": "es",
        "refcode": "RVR — Levítico 5:2"
      },
      {
        "para_id": "14421.5765",
        "lang": "es",
        "refcode": "NBLA — Levítico 5:2"
      },
      {
        "para_id": "1968.6278",
        "lang": "es",
        "refcode": "RVa — Levítico 5:2"
      },
      {
        "para_id": "2021.5765",
        "lang": "fr",
        "refcode": "Fren — Lévitique 5:2"
      },
      {
        "para_id": "1966.5765",
        "lang": "it",
        "refcode": "LND — Levitico 5:2"
      },
      {
        "para_id": "1970.5765",
        "lang": "pl",
        "refcode": "PB — 3Mojżeszowa 5:2"
      },
      {
        "para_id": "1971.5765",
        "lang": "pt",
        "refcode": "PCF — Levítico 5:2"
      },
      {
        "para_id": "11165.5765",
        "lang": "ro",
        "refcode": "RCCV — Leviticul 5:2"
      },
      {
        "para_id": "1973.5765",
        "lang": "ro",
        "refcode": "NTR — Levitic 5:2"
      },
      {
        "para_id": "1972.5765",
        "lang": "ru",
        "refcode": "РСП — Левит 5:2"
      },
      {
        "para_id": "14191.5765",
        "lang": "tpi",
        "refcode": "BBTP — WokPris 5:2"
      },
      {
        "para_id": "12318.5765",
        "lang": "uk",
        "refcode": "УПО — Левит 5:2"
      },
      {
        "para_id": "1969.5765",
        "lang": "zh",
        "refcode": "CHIUS — 利未記 5:2"
      }
    ]
  },
  {
    "para_id": "14336.5767",
    "id_prev": "14336.5765",
    "id_next": "14336.5769",
    "refcode_1": "RV1885",
    "refcode_2": "Leviticus",
    "refcode_3": "5",
    "refcode_4": "3",
    "refcode_short": "RV1885 — Leviticus 5:3",
    "refcode_long": "Revised Version 1885 — Leviticus 5:3",
    "element_type": "p",
    "element_subtype": "standard-noindent",
    "content": "<strong>3</strong> or if he touch the uncleanness of man, whatsoever his uncleanness be wherewith he is unclean, and it be hid from him; when he knoweth of it, then he shall be guilty:",
    "puborder": 2933,
    "translations": [
      {
        "para_id": "14207.5767",
        "lang": "bg",
        "refcode": "ББ1940 — Левит 5:3"
      },
      {
        "para_id": "11258.5755",
        "lang": "cs",
        "refcode": "CzeCEP — 3Mojžíšova 5:3"
      },
      {
        "para_id": "1967.5767",
        "lang": "de",
        "refcode": "Lut — 3Mose 5:3"
      },
      {
        "para_id": "14341.5767",
        "lang": "en",
        "refcode": "NET — Leviticus 5:3"
      },
      {
        "para_id": "14334.5767",
        "lang": "en",
        "refcode": "NKJV — Leviticus 5:3"
      },
      {
        "para_id": "14125.5767",
        "lang": "en",
        "refcode": "KJRV — Leviticus 5:3"
      },
      {
        "para_id": "14330.5767",
        "lang": "en",
        "refcode": "ERV — Leviticus 5:3"
      },
      {
        "para_id": "11140.5767",
        "lang": "en",
        "refcode": "DBY — Leviticus 5:3"
      },
      {
        "para_id": "14340.5767",
        "lang": "en",
        "refcode": "NIV — Leviticus 5:3"
      },
      {
        "para_id": "14175.5767",
        "lang": "en",
        "refcode": "KJVSD — Leviticus 5:3"
      },
      {
        "para_id": "11139.5767",
        "lang": "en",
        "refcode": "ASV — Leviticus 5:3"
      },
      {
        "para_id": "14419.5767",
        "lang": "en",
        "refcode": "ICB — Leviticus 5:3"
      },
      {
        "para_id": "11143.5767",
        "lang": "en",
        "refcode": "WBS — Leviticus 5:3"
      },
      {
        "para_id": "11144.5767",
        "lang": "en",
        "refcode": "YLT — Leviticus 5:3"
      },
      {
        "para_id": "11145.5767",
        "lang": "en",
        "refcode": "AKJV — Leviticus 5:3"
      },
      {
        "para_id": "14333.5767",
        "lang": "en",
        "refcode": "ISV — Leviticus 5:3"
      },
      {
        "para_id": "11142.5767",
        "lang": "en",
        "refcode": "WEB — Leviticus 5:3"
      },
      {
        "para_id": "14736.5767",
        "lang": "en",
        "refcode": "NHEB — Leviticus 5:3"
      },
      {
        "para_id": "14420.5767",
        "lang": "en",
        "refcode": "NCV — Leviticus 5:3"
      },
      {
        "para_id": "1965.5767",
        "lang": "en",
        "refcode": "KJV — Leviticus 5:3"
      },
      {
        "para_id": "14421.5767",
        "lang": "es",
        "refcode": "NBLA — Levítico 5:3"
      },
      {
        "para_id": "1968.6280",
        "lang": "es",
        "refcode": "RVa — Levítico 5:3"
      },
      {
        "para_id": "14422.5767",
        "lang": "es",
        "refcode": "RVR — Levítico 5:3"
      },
      {
        "para_id": "2021.5767",
        "lang": "fr",
        "refcode": "Fren — Lévitique 5:3"
      },
      {
        "para_id": "1966.5767",
        "lang": "it",
        "refcode": "LND — Levitico 5:3"
      },
      {
        "para_id": "1970.5767",
        "lang": "pl",
        "refcode": "PB — 3Mojżeszowa 5:3"
      },
      {
        "para_id": "1971.5767",
        "lang": "pt",
        "refcode": "PCF — Levítico 5:3"
      },
      {
        "para_id": "11165.5767",
        "lang": "ro",
        "refcode": "RCCV — Leviticul 5:3"
      },
      {
        "para_id": "1973.5767",
        "lang": "ro",
        "refcode": "NTR — Levitic 5:3"
      },
      {
        "para_id": "1972.5767",
        "lang": "ru",
        "refcode": "РСП — Левит 5:3"
      },
      {
        "para_id": "14191.5767",
        "lang": "tpi",
        "refcode": "BBTP — WokPris 5:3"
      },
      {
        "para_id": "12318.5767",
        "lang": "uk",
        "refcode": "УПО — Левит 5:3"
      },
      {
        "para_id": "1969.5767",
        "lang": "zh",
        "refcode": "CHIUS — 利未記 5:3"
      }
    ]
  },
  {
    "para_id": "14336.5769",
    "id_prev": "14336.5767",
    "id_next": "14336.5771",
    "refcode_1": "RV1885",
    "refcode_2": "Leviticus",
    "refcode_3": "5",
    "refcode_4": "4",
    "refcode_short": "RV1885 — Leviticus 5:4",
    "refcode_long": "Revised Version 1885 — Leviticus 5:4",
    "element_type": "p",
    "element_subtype": "standard-noindent",
    "content": "<strong>4</strong> or if any one swear rashly with his lips to do evil, or to do good, whatsoever it be that a man shall utter rashly with an oath, and it be hid from him; when he knoweth of it, then he shall be guilty in one of these things:",
    "puborder": 2934,
    "translations": [
      {
        "para_id": "14207.5769",
        "lang": "bg",
        "refcode": "ББ1940 — Левит 5:4"
      },
      {
        "para_id": "11258.5757",
        "lang": "cs",
        "refcode": "CzeCEP — 3Mojžíšova 5:4"
      },
      {
        "para_id": "1967.5769",
        "lang": "de",
        "refcode": "Lut — 3Mose 5:4"
      },
      {
        "para_id": "14420.5769",
        "lang": "en",
        "refcode": "NCV — Leviticus 5:4"
      },
      {
        "para_id": "14330.5769",
        "lang": "en",
        "refcode": "ERV — Leviticus 5:4"
      },
      {
        "para_id": "14736.5769",
        "lang": "en",
        "refcode": "NHEB — Leviticus 5:4"
      },
      {
        "para_id": "11143.5769",
        "lang": "en",
        "refcode": "WBS — Leviticus 5:4"
      },
      {
        "para_id": "14334.5769",
        "lang": "en",
        "refcode": "NKJV — Leviticus 5:4"
      },
      {
        "para_id": "11139.5769",
        "lang": "en",
        "refcode": "ASV — Leviticus 5:4"
      },
      {
        "para_id": "11145.5769",
        "lang": "en",
        "refcode": "AKJV — Leviticus 5:4"
      },
      {
        "para_id": "14340.5769",
        "lang": "en",
        "refcode": "NIV — Leviticus 5:4"
      },
      {
        "para_id": "11142.5769",
        "lang": "en",
        "refcode": "WEB — Leviticus 5:4"
      },
      {
        "para_id": "1965.5769",
        "lang": "en",
        "refcode": "KJV — Leviticus 5:4"
      },
      {
        "para_id": "14341.5769",
        "lang": "en",
        "refcode": "NET — Leviticus 5:4"
      },
      {
        "para_id": "11144.5769",
        "lang": "en",
        "refcode": "YLT — Leviticus 5:4"
      },
      {
        "para_id": "14175.5769",
        "lang": "en",
        "refcode": "KJVSD — Leviticus 5:4"
      },
      {
        "para_id": "14333.5769",
        "lang": "en",
        "refcode": "ISV — Leviticus 5:4"
      },
      {
        "para_id": "11140.5769",
        "lang": "en",
        "refcode": "DBY — Leviticus 5:4"
      },
      {
        "para_id": "14419.5769",
        "lang": "en",
        "refcode": "ICB — Leviticus 5:4"
      },
      {
        "para_id": "14125.5769",
        "lang": "en",
        "refcode": "KJRV — Leviticus 5:4"
      },
      {
        "para_id": "1968.6282",
        "lang": "es",
        "refcode": "RVa — Levítico 5:4"
      },
      {
        "para_id": "14421.5769",
        "lang": "es",
        "refcode": "NBLA — Levítico 5:4"
      },
      {
        "para_id": "14422.5769",
        "lang": "es",
        "refcode": "RVR — Levítico 5:4"
      },
      {
        "para_id": "2021.5769",
        "lang": "fr",
        "refcode": "Fren — Lévitique 5:4"
      },
      {
        "para_id": "1966.5769",
        "lang": "it",
        "refcode": "LND — Levitico 5:4"
      },
      {
        "para_id": "1970.5769",
        "lang": "pl",
        "refcode": "PB — 3Mojżeszowa 5:4"
      },
      {
        "para_id": "1971.5769",
        "lang": "pt",
        "refcode": "PCF — Levítico 5:4"
      },
      {
        "para_id": "1973.5769",
        "lang": "ro",
        "refcode": "NTR — Levitic 5:4"
      },
      {
        "para_id": "11165.5769",
        "lang": "ro",
        "refcode": "RCCV — Leviticul 5:4"
      },
      {
        "para_id": "1972.5769",
        "lang": "ru",
        "refcode": "РСП — Левит 5:4"
      },
      {
        "para_id": "14191.5769",
        "lang": "tpi",
        "refcode": "BBTP — WokPris 5:4"
      },
      {
        "para_id": "12318.5769",
        "lang": "uk",
        "refcode": "УПО — Левит 5:4"
      },
      {
        "para_id": "1969.5769",
        "lang": "zh",
        "refcode": "CHIUS — 利未記 5:4"
      }
    ]
  },
  {
    "para_id": "14336.5771",
    "id_prev": "14336.5769",
    "id_next": "14336.5773",
    "refcode_1": "RV1885",
    "refcode_2": "Leviticus",
    "refcode_3": "5",
    "refcode_4": "5",
    "refcode_short": "RV1885 — Leviticus 5:5",
    "refcode_long": "Revised Version 1885 — Leviticus 5:5",
    "element_type": "p",
    "element_subtype": "standard-noindent",
    "content": "<strong>5</strong> and it shall be, when he shall be guilty in one of these things, that he shall confess that wherein he hath sinned:",
    "puborder": 2935,
    "translations": [
      {
        "para_id": "14207.5771",
        "lang": "bg",
        "refcode": "ББ1940 — Левит 5:5"
      },
      {
        "para_id": "11258.5759",
        "lang": "cs",
        "refcode": "CzeCEP — 3Mojžíšova 5:5"
      },
      {
        "para_id": "1967.5771",
        "lang": "de",
        "refcode": "Lut — 3Mose 5:5"
      },
      {
        "para_id": "14341.5771",
        "lang": "en",
        "refcode": "NET — Leviticus 5:5"
      },
      {
        "para_id": "14125.5771",
        "lang": "en",
        "refcode": "KJRV — Leviticus 5:5"
      },
      {
        "para_id": "14330.5771",
        "lang": "en",
        "refcode": "ERV — Leviticus 5:5"
      },
      {
        "para_id": "11143.5771",
        "lang": "en",
        "refcode": "WBS — Leviticus 5:5"
      },
      {
        "para_id": "11144.5771",
        "lang": "en",
        "refcode": "YLT — Leviticus 5:5"
      },
      {
        "para_id": "11139.5771",
        "lang": "en",
        "refcode": "ASV — Leviticus 5:5"
      },
      {
        "para_id": "11140.5771",
        "lang": "en",
        "refcode": "DBY — Leviticus 5:5"
      },
      {
        "para_id": "14334.5771",
        "lang": "en",
        "refcode": "NKJV — Leviticus 5:5"
      },
      {
        "para_id": "14175.5771",
        "lang": "en",
        "refcode": "KJVSD — Leviticus 5:5"
      },
      {
        "para_id": "11142.5771",
        "lang": "en",
        "refcode": "WEB — Leviticus 5:5"
      },
      {
        "para_id": "1965.5771",
        "lang": "en",
        "refcode": "KJV — Leviticus 5:5"
      },
      {
        "para_id": "11145.5771",
        "lang": "en",
        "refcode": "AKJV — Leviticus 5:5"
      },
      {
        "para_id": "14420.5771",
        "lang": "en",
        "refcode": "NCV — Leviticus 5:5"
      },
      {
        "para_id": "14736.5771",
        "lang": "en",
        "refcode": "NHEB — Leviticus 5:5"
      },
      {
        "para_id": "14333.5771",
        "lang": "en",
        "refcode": "ISV — Leviticus 5:5"
      },
      {
        "para_id": "14419.5771",
        "lang": "en",
        "refcode": "ICB — Leviticus 5:5"
      },
      {
        "para_id": "14340.5771",
        "lang": "en",
        "refcode": "NIV — Leviticus 5:5"
      },
      {
        "para_id": "1968.6284",
        "lang": "es",
        "refcode": "RVa — Levítico 5:5"
      },
      {
        "para_id": "14421.5771",
        "lang": "es",
        "refcode": "NBLA — Levítico 5:5"
      },
      {
        "para_id": "14422.5771",
        "lang": "es",
        "refcode": "RVR — Levítico 5:5"
      },
      {
        "para_id": "2021.5771",
        "lang": "fr",
        "refcode": "Fren — Lévitique 5:5"
      },
      {
        "para_id": "1966.5771",
        "lang": "it",
        "refcode": "LND — Levitico 5:5"
      },
      {
        "para_id": "1970.5771",
        "lang": "pl",
        "refcode": "PB — 3Mojżeszowa 5:5"
      },
      {
        "para_id": "1971.5771",
        "lang": "pt",
        "refcode": "PCF — Levítico 5:5"
      },
      {
        "para_id": "11165.5771",
        "lang": "ro",
        "refcode": "RCCV — Leviticul 5:5"
      },
      {
        "para_id": "1973.5771",
        "lang": "ro",
        "refcode": "NTR — Levitic 5:5"
      },
      {
        "para_id": "1972.5771",
        "lang": "ru",
        "refcode": "РСП — Левит 5:5"
      },
      {
        "para_id": "14191.5771",
        "lang": "tpi",
        "refcode": "BBTP — WokPris 5:5"
      },
      {
        "para_id": "12318.5771",
        "lang": "uk",
        "refcode": "УПО — Левит 5:5"
      },
      {
        "para_id": "1969.5771",
        "lang": "zh",
        "refcode": "CHIUS — 利未記 5:5"
      }
    ]
  },
  {
    "para_id": "14336.5773",
    "id_prev": "14336.5771",
    "id_next": "14336.5775",
    "refcode_1": "RV1885",
    "refcode_2": "Leviticus",
    "refcode_3": "5",
    "refcode_4": "6",
    "refcode_short": "RV1885 — Leviticus 5:6",
    "refcode_long": "Revised Version 1885 — Leviticus 5:6",
    "element_type": "p",
    "element_subtype": "standard-noindent",
    "content": "<strong>6</strong> and he shall bring his guilt offering unto the Lord for his sin which he hath sinned, a female from the flock, a lamb or a goat, for a sin offering; and the priest shall make atonement for him as concerning his sin.",
    "puborder": 2936,
    "translations": [
      {
        "para_id": "14207.5773",
        "lang": "bg",
        "refcode": "ББ1940 — Левит 5:6"
      },
      {
        "para_id": "11258.5761",
        "lang": "cs",
        "refcode": "CzeCEP — 3Mojžíšova 5:6"
      },
      {
        "para_id": "1967.5773",
        "lang": "de",
        "refcode": "Lut — 3Mose 5:6"
      },
      {
        "para_id": "11140.5773",
        "lang": "en",
        "refcode": "DBY — Leviticus 5:6"
      },
      {
        "para_id": "14125.5773",
        "lang": "en",
        "refcode": "KJRV — Leviticus 5:6"
      },
      {
        "para_id": "14341.5773",
        "lang": "en",
        "refcode": "NET — Leviticus 5:6"
      },
      {
        "para_id": "14340.5773",
        "lang": "en",
        "refcode": "NIV — Leviticus 5:6"
      },
      {
        "para_id": "11142.5773",
        "lang": "en",
        "refcode": "WEB — Leviticus 5:6"
      },
      {
        "para_id": "14736.5773",
        "lang": "en",
        "refcode": "NHEB — Leviticus 5:6"
      },
      {
        "para_id": "11139.5773",
        "lang": "en",
        "refcode": "ASV — Leviticus 5:6"
      },
      {
        "para_id": "14333.5773",
        "lang": "en",
        "refcode": "ISV — Leviticus 5:6"
      },
      {
        "para_id": "11144.5773",
        "lang": "en",
        "refcode": "YLT — Leviticus 5:6"
      },
      {
        "para_id": "1965.5773",
        "lang": "en",
        "refcode": "KJV — Leviticus 5:6"
      },
      {
        "para_id": "14334.5773",
        "lang": "en",
        "refcode": "NKJV — Leviticus 5:6"
      },
      {
        "para_id": "14420.5773",
        "lang": "en",
        "refcode": "NCV — Leviticus 5:6"
      },
      {
        "para_id": "14175.5773",
        "lang": "en",
        "refcode": "KJVSD — Leviticus 5:6"
      },
      {
        "para_id": "14330.5773",
        "lang": "en",
        "refcode": "ERV — Leviticus 5:6"
      },
      {
        "para_id": "14419.5773",
        "lang": "en",
        "refcode": "ICB — Leviticus 5:6"
      },
      {
        "para_id": "11145.5773",
        "lang": "en",
        "refcode": "AKJV — Leviticus 5:6"
      },
      {
        "para_id": "11143.5773",
        "lang": "en",
        "refcode": "WBS — Leviticus 5:6"
      },
      {
        "para_id": "1968.6286",
        "lang": "es",
        "refcode": "RVa — Levítico 5:6"
      },
      {
        "para_id": "14422.5773",
        "lang": "es",
        "refcode": "RVR — Levítico 5:6"
      },
      {
        "para_id": "14421.5773",
        "lang": "es",
        "refcode": "NBLA — Levítico 5:6"
      },
      {
        "para_id": "2021.5773",
        "lang": "fr",
        "refcode": "Fren — Lévitique 5:6"
      },
      {
        "para_id": "1966.5773",
        "lang": "it",
        "refcode": "LND — Levitico 5:6"
      },
      {
        "para_id": "1970.5773",
        "lang": "pl",
        "refcode": "PB — 3Mojżeszowa 5:6"
      },
      {
        "para_id": "1971.5773",
        "lang": "pt",
        "refcode": "PCF — Levítico 5:6"
      },
      {
        "para_id": "1973.5773",
        "lang": "ro",
        "refcode": "NTR — Levitic 5:6"
      },
      {
        "para_id": "11165.5773",
        "lang": "ro",
        "refcode": "RCCV — Leviticul 5:6"
      },
      {
        "para_id": "1972.5773",
        "lang": "ru",
        "refcode": "РСП — Левит 5:6"
      },
      {
        "para_id": "14191.5773",
        "lang": "tpi",
        "refcode": "BBTP — WokPris 5:6"
      },
      {
        "para_id": "12318.5773",
        "lang": "uk",
        "refcode": "УПО — Левит 5:6"
      },
      {
        "para_id": "1969.5773",
        "lang": "zh",
        "refcode": "CHIUS — 利未記 5:6"
      }
    ]
  },
  {
    "para_id": "14336.5775",
    "id_prev": "14336.5773",
    "id_next": "14336.5777",
    "refcode_1": "RV1885",
    "refcode_2": "Leviticus",
    "refcode_3": "5",
    "refcode_4": "7",
    "refcode_short": "RV1885 — Leviticus 5:7",
    "refcode_long": "Revised Version 1885 — Leviticus 5:7",
    "element_type": "p",
    "element_subtype": "standard-noindent",
    "content": "<strong>7</strong> And if his means suffice not for a lamb, then he shall bring his guilt offering for that wherein he hath sinned, two turtledoves, or two young pigeons, unto the Lord; one for a sin offering, and the other for a burnt offering.",
    "puborder": 2937,
    "translations": [
      {
        "para_id": "14207.5775",
        "lang": "bg",
        "refcode": "ББ1940 — Левит 5:7"
      },
      {
        "para_id": "11258.5763",
        "lang": "cs",
        "refcode": "CzeCEP — 3Mojžíšova 5:7"
      },
      {
        "para_id": "1967.5775",
        "lang": "de",
        "refcode": "Lut — 3Mose 5:7"
      },
      {
        "para_id": "14736.5775",
        "lang": "en",
        "refcode": "NHEB — Leviticus 5:7"
      },
      {
        "para_id": "14333.5775",
        "lang": "en",
        "refcode": "ISV — Leviticus 5:7"
      },
      {
        "para_id": "14330.5775",
        "lang": "en",
        "refcode": "ERV — Leviticus 5:7"
      },
      {
        "para_id": "11145.5775",
        "lang": "en",
        "refcode": "AKJV — Leviticus 5:7"
      },
      {
        "para_id": "11144.5775",
        "lang": "en",
        "refcode": "YLT — Leviticus 5:7"
      },
      {
        "para_id": "14175.5775",
        "lang": "en",
        "refcode": "KJVSD — Leviticus 5:7"
      },
      {
        "para_id": "14420.5775",
        "lang": "en",
        "refcode": "NCV — Leviticus 5:7"
      },
      {
        "para_id": "14125.5775",
        "lang": "en",
        "refcode": "KJRV — Leviticus 5:7"
      },
      {
        "para_id": "11142.5775",
        "lang": "en",
        "refcode": "WEB — Leviticus 5:7"
      },
      {
        "para_id": "11143.5775",
        "lang": "en",
        "refcode": "WBS — Leviticus 5:7"
      },
      {
        "para_id": "1965.5775",
        "lang": "en",
        "refcode": "KJV — Leviticus 5:7"
      },
      {
        "para_id": "14334.5775",
        "lang": "en",
        "refcode": "NKJV — Leviticus 5:7"
      },
      {
        "para_id": "14340.5775",
        "lang": "en",
        "refcode": "NIV — Leviticus 5:7"
      },
      {
        "para_id": "14419.5775",
        "lang": "en",
        "refcode": "ICB — Leviticus 5:7"
      },
      {
        "para_id": "14341.5775",
        "lang": "en",
        "refcode": "NET — Leviticus 5:7"
      },
      {
        "para_id": "11140.5775",
        "lang": "en",
        "refcode": "DBY — Leviticus 5:7"
      },
      {
        "para_id": "11139.5775",
        "lang": "en",
        "refcode": "ASV — Leviticus 5:7"
      },
      {
        "para_id": "1968.6288",
        "lang": "es",
        "refcode": "RVa — Levítico 5:7"
      },
      {
        "para_id": "14421.5775",
        "lang": "es",
        "refcode": "NBLA — Levítico 5:7"
      },
      {
        "para_id": "14422.5775",
        "lang": "es",
        "refcode": "RVR — Levítico 5:7"
      },
      {
        "para_id": "2021.5775",
        "lang": "fr",
        "refcode": "Fren — Lévitique 5:7"
      },
      {
        "para_id": "1966.5775",
        "lang": "it",
        "refcode": "LND — Levitico 5:7"
      },
      {
        "para_id": "1970.5775",
        "lang": "pl",
        "refcode": "PB — 3Mojżeszowa 5:7"
      },
      {
        "para_id": "1971.5775",
        "lang": "pt",
        "refcode": "PCF — Levítico 5:7"
      },
      {
        "para_id": "11165.5775",
        "lang": "ro",
        "refcode": "RCCV — Leviticul 5:7"
      },
      {
        "para_id": "1973.5775",
        "lang": "ro",
        "refcode": "NTR — Levitic 5:7"
      },
      {
        "para_id": "1972.5775",
        "lang": "ru",
        "refcode": "РСП — Левит 5:7"
      },
      {
        "para_id": "14191.5775",
        "lang": "tpi",
        "refcode": "BBTP — WokPris 5:7"
      },
      {
        "para_id": "12318.5775",
        "lang": "uk",
        "refcode": "УПО — Левит 5:7"
      },
      {
        "para_id": "1969.5775",
        "lang": "zh",
        "refcode": "CHIUS — 利未記 5:7"
      }
    ]
  },
  {
    "para_id": "14336.5777",
    "id_prev": "14336.5775",
    "id_next": "14336.5779",
    "refcode_1": "RV1885",
    "refcode_2": "Leviticus",
    "refcode_3": "5",
    "refcode_4": "8",
    "refcode_short": "RV1885 — Leviticus 5:8",
    "refcode_long": "Revised Version 1885 — Leviticus 5:8",
    "element_type": "p",
    "element_subtype": "standard-noindent",
    "content": "<strong>8</strong> And he shall bring them unto the priest, who shall offer that which is for the sin offering first, and wring off its head from its neck, but shall not divide it asunder:",
    "puborder": 2938,
    "translations": [
      {
        "para_id": "14207.5777",
        "lang": "bg",
        "refcode": "ББ1940 — Левит 5:8"
      },
      {
        "para_id": "11258.5765",
        "lang": "cs",
        "refcode": "CzeCEP — 3Mojžíšova 5:8"
      },
      {
        "para_id": "1967.5777",
        "lang": "de",
        "refcode": "Lut — 3Mose 5:8"
      },
      {
        "para_id": "14334.5777",
        "lang": "en",
        "refcode": "NKJV — Leviticus 5:8"
      },
      {
        "para_id": "14341.5777",
        "lang": "en",
        "refcode": "NET — Leviticus 5:8"
      },
      {
        "para_id": "14340.5777",
        "lang": "en",
        "refcode": "NIV — Leviticus 5:8"
      },
      {
        "para_id": "11143.5777",
        "lang": "en",
        "refcode": "WBS — Leviticus 5:8"
      },
      {
        "para_id": "11140.5777",
        "lang": "en",
        "refcode": "DBY — Leviticus 5:8"
      },
      {
        "para_id": "11144.5777",
        "lang": "en",
        "refcode": "YLT — Leviticus 5:8"
      },
      {
        "para_id": "14736.5777",
        "lang": "en",
        "refcode": "NHEB — Leviticus 5:8"
      },
      {
        "para_id": "14333.5777",
        "lang": "en",
        "refcode": "ISV — Leviticus 5:8"
      },
      {
        "para_id": "14330.5777",
        "lang": "en",
        "refcode": "ERV — Leviticus 5:8"
      },
      {
        "para_id": "11142.5777",
        "lang": "en",
        "refcode": "WEB — Leviticus 5:8"
      },
      {
        "para_id": "1965.5777",
        "lang": "en",
        "refcode": "KJV — Leviticus 5:8"
      },
      {
        "para_id": "11145.5777",
        "lang": "en",
        "refcode": "AKJV — Leviticus 5:8"
      },
      {
        "para_id": "14420.5777",
        "lang": "en",
        "refcode": "NCV — Leviticus 5:8"
      },
      {
        "para_id": "14125.5777",
        "lang": "en",
        "refcode": "KJRV — Leviticus 5:8"
      },
      {
        "para_id": "14419.5777",
        "lang": "en",
        "refcode": "ICB — Leviticus 5:8"
      },
      {
        "para_id": "11139.5777",
        "lang": "en",
        "refcode": "ASV — Leviticus 5:8"
      },
      {
        "para_id": "14175.5777",
        "lang": "en",
        "refcode": "KJVSD — Leviticus 5:8"
      },
      {
        "para_id": "14422.5777",
        "lang": "es",
        "refcode": "RVR — Levítico 5:8"
      },
      {
        "para_id": "1968.6290",
        "lang": "es",
        "refcode": "RVa — Levítico 5:8"
      },
      {
        "para_id": "14421.5777",
        "lang": "es",
        "refcode": "NBLA — Levítico 5:8"
      },
      {
        "para_id": "2021.5777",
        "lang": "fr",
        "refcode": "Fren — Lévitique 5:8"
      },
      {
        "para_id": "1966.5777",
        "lang": "it",
        "refcode": "LND — Levitico 5:8"
      },
      {
        "para_id": "1970.5777",
        "lang": "pl",
        "refcode": "PB — 3Mojżeszowa 5:8"
      },
      {
        "para_id": "1971.5777",
        "lang": "pt",
        "refcode": "PCF — Levítico 5:8"
      },
      {
        "para_id": "11165.5777",
        "lang": "ro",
        "refcode": "RCCV — Leviticul 5:8"
      },
      {
        "para_id": "1973.5777",
        "lang": "ro",
        "refcode": "NTR — Levitic 5:8"
      },
      {
        "para_id": "1972.5777",
        "lang": "ru",
        "refcode": "РСП — Левит 5:8"
      },
      {
        "para_id": "14191.5777",
        "lang": "tpi",
        "refcode": "BBTP — WokPris 5:8"
      },
      {
        "para_id": "12318.5777",
        "lang": "uk",
        "refcode": "УПО — Левит 5:8"
      },
      {
        "para_id": "1969.5777",
        "lang": "zh",
        "refcode": "CHIUS — 利未記 5:8"
      }
    ]
  },
  {
    "para_id": "14336.5779",
    "id_prev": "14336.5777",
    "id_next": "14336.5781",
    "refcode_1": "RV1885",
    "refcode_2": "Leviticus",
    "refcode_3": "5",
    "refcode_4": "9",
    "refcode_short": "RV1885 — Leviticus 5:9",
    "refcode_long": "Revised Version 1885 — Leviticus 5:9",
    "element_type": "p",
    "element_subtype": "standard-noindent",
    "content": "<strong>9</strong> and he shall sprinkle of the blood of the sin offering upon the side of the altar; and the rest of the blood shall be drained out at the base of the altar: it is a sin offering.",
    "puborder": 2939,
    "translations": [
      {
        "para_id": "14207.5779",
        "lang": "bg",
        "refcode": "ББ1940 — Левит 5:9"
      },
      {
        "para_id": "11258.5767",
        "lang": "cs",
        "refcode": "CzeCEP — 3Mojžíšova 5:9"
      },
      {
        "para_id": "1967.5779",
        "lang": "de",
        "refcode": "Lut — 3Mose 5:9"
      },
      {
        "para_id": "14330.5779",
        "lang": "en",
        "refcode": "ERV — Leviticus 5:9"
      },
      {
        "para_id": "14420.5779",
        "lang": "en",
        "refcode": "NCV — Leviticus 5:9"
      },
      {
        "para_id": "11143.5779",
        "lang": "en",
        "refcode": "WBS — Leviticus 5:9"
      },
      {
        "para_id": "14333.5779",
        "lang": "en",
        "refcode": "ISV — Leviticus 5:9"
      },
      {
        "para_id": "14736.5779",
        "lang": "en",
        "refcode": "NHEB — Leviticus 5:9"
      },
      {
        "para_id": "11142.5779",
        "lang": "en",
        "refcode": "WEB — Leviticus 5:9"
      },
      {
        "para_id": "14341.5779",
        "lang": "en",
        "refcode": "NET — Leviticus 5:9"
      },
      {
        "para_id": "11144.5779",
        "lang": "en",
        "refcode": "YLT — Leviticus 5:9"
      },
      {
        "para_id": "11139.5779",
        "lang": "en",
        "refcode": "ASV — Leviticus 5:9"
      },
      {
        "para_id": "14125.5779",
        "lang": "en",
        "refcode": "KJRV — Leviticus 5:9"
      },
      {
        "para_id": "11140.5779",
        "lang": "en",
        "refcode": "DBY — Leviticus 5:9"
      },
      {
        "para_id": "14334.5779",
        "lang": "en",
        "refcode": "NKJV — Leviticus 5:9"
      },
      {
        "para_id": "14419.5779",
        "lang": "en",
        "refcode": "ICB — Leviticus 5:9"
      },
      {
        "para_id": "14175.5779",
        "lang": "en",
        "refcode": "KJVSD — Leviticus 5:9"
      },
      {
        "para_id": "14340.5779",
        "lang": "en",
        "refcode": "NIV — Leviticus 5:9"
      },
      {
        "para_id": "1965.5779",
        "lang": "en",
        "refcode": "KJV — Leviticus 5:9"
      },
      {
        "para_id": "11145.5779",
        "lang": "en",
        "refcode": "AKJV — Leviticus 5:9"
      },
      {
        "para_id": "14421.5779",
        "lang": "es",
        "refcode": "NBLA — Levítico 5:9"
      },
      {
        "para_id": "1968.6292",
        "lang": "es",
        "refcode": "RVa — Levítico 5:9"
      },
      {
        "para_id": "14422.5779",
        "lang": "es",
        "refcode": "RVR — Levítico 5:9"
      },
      {
        "para_id": "2021.5779",
        "lang": "fr",
        "refcode": "Fren — Lévitique 5:9"
      },
      {
        "para_id": "1966.5779",
        "lang": "it",
        "refcode": "LND — Levitico 5:9"
      },
      {
        "para_id": "1970.5779",
        "lang": "pl",
        "refcode": "PB — 3Mojżeszowa 5:9"
      },
      {
        "para_id": "1971.5779",
        "lang": "pt",
        "refcode": "PCF — Levítico 5:9"
      },
      {
        "para_id": "11165.5779",
        "lang": "ro",
        "refcode": "RCCV — Leviticul 5:9"
      },
      {
        "para_id": "1973.5779",
        "lang": "ro",
        "refcode": "NTR — Levitic 5:9"
      },
      {
        "para_id": "1972.5779",
        "lang": "ru",
        "refcode": "РСП — Левит 5:9"
      },
      {
        "para_id": "14191.5779",
        "lang": "tpi",
        "refcode": "BBTP — WokPris 5:9"
      },
      {
        "para_id": "12318.5779",
        "lang": "uk",
        "refcode": "УПО — Левит 5:9"
      },
      {
        "para_id": "1969.5779",
        "lang": "zh",
        "refcode": "CHIUS — 利未記 5:9"
      }
    ]
  },
  {
    "para_id": "14336.5781",
    "id_prev": "14336.5779",
    "id_next": "14336.5783",
    "refcode_1": "RV1885",
    "refcode_2": "Leviticus",
    "refcode_3": "5",
    "refcode_4": "10",
    "refcode_short": "RV1885 — Leviticus 5:10",
    "refcode_long": "Revised Version 1885 — Leviticus 5:10",
    "element_type": "p",
    "element_subtype": "standard-noindent",
    "content": "<strong>10</strong> And he shall offer the second for a burnt offering, according to the ordinance: and the priest shall make atonement for him as concerning his sin which he hath sinned, and he shall be forgiven.",
    "puborder": 2940,
    "translations": [
      {
        "para_id": "14207.5781",
        "lang": "bg",
        "refcode": "ББ1940 — Левит 5:10"
      },
      {
        "para_id": "11258.5769",
        "lang": "cs",
        "refcode": "CzeCEP — 3Mojžíšova 5:10"
      },
      {
        "para_id": "1967.5781",
        "lang": "de",
        "refcode": "Lut — 3Mose 5:10"
      },
      {
        "para_id": "14419.5781",
        "lang": "en",
        "refcode": "ICB — Leviticus 5:10"
      },
      {
        "para_id": "14341.5781",
        "lang": "en",
        "refcode": "NET — Leviticus 5:10"
      },
      {
        "para_id": "11140.5781",
        "lang": "en",
        "refcode": "DBY — Leviticus 5:10"
      },
      {
        "para_id": "14340.5781",
        "lang": "en",
        "refcode": "NIV — Leviticus 5:10"
      },
      {
        "para_id": "14330.5781",
        "lang": "en",
        "refcode": "ERV — Leviticus 5:10"
      },
      {
        "para_id": "14420.5781",
        "lang": "en",
        "refcode": "NCV — Leviticus 5:10"
      },
      {
        "para_id": "11144.5781",
        "lang": "en",
        "refcode": "YLT — Leviticus 5:10"
      },
      {
        "para_id": "11142.5781",
        "lang": "en",
        "refcode": "WEB — Leviticus 5:10"
      },
      {
        "para_id": "14175.5781",
        "lang": "en",
        "refcode": "KJVSD — Leviticus 5:10"
      },
      {
        "para_id": "11143.5781",
        "lang": "en",
        "refcode": "WBS — Leviticus 5:10"
      },
      {
        "para_id": "14333.5781",
        "lang": "en",
        "refcode": "ISV — Leviticus 5:10"
      },
      {
        "para_id": "1965.5781",
        "lang": "en",
        "refcode": "KJV — Leviticus 5:10"
      },
      {
        "para_id": "14736.5781",
        "lang": "en",
        "refcode": "NHEB — Leviticus 5:10"
      },
      {
        "para_id": "14334.5781",
        "lang": "en",
        "refcode": "NKJV — Leviticus 5:10"
      },
      {
        "para_id": "11139.5781",
        "lang": "en",
        "refcode": "ASV — Leviticus 5:10"
      },
      {
        "para_id": "11145.5781",
        "lang": "en",
        "refcode": "AKJV — Leviticus 5:10"
      },
      {
        "para_id": "14125.5781",
        "lang": "en",
        "refcode": "KJRV — Leviticus 5:10"
      },
      {
        "para_id": "14422.5781",
        "lang": "es",
        "refcode": "RVR — Levítico 5:10"
      },
      {
        "para_id": "1968.6294",
        "lang": "es",
        "refcode": "RVa — Levítico 5:10"
      },
      {
        "para_id": "14421.5781",
        "lang": "es",
        "refcode": "NBLA — Levítico 5:10"
      },
      {
        "para_id": "2021.5781",
        "lang": "fr",
        "refcode": "Fren — Lévitique 5:10"
      },
      {
        "para_id": "1966.5781",
        "lang": "it",
        "refcode": "LND — Levitico 5:10"
      },
      {
        "para_id": "1970.5781",
        "lang": "pl",
        "refcode": "PB — 3Mojżeszowa 5:10"
      },
      {
        "para_id": "1971.5781",
        "lang": "pt",
        "refcode": "PCF — Levítico 5:10"
      },
      {
        "para_id": "1973.5781",
        "lang": "ro",
        "refcode": "NTR — Levitic 5:10"
      },
      {
        "para_id": "11165.5781",
        "lang": "ro",
        "refcode": "RCCV — Leviticul 5:10"
      },
      {
        "para_id": "1972.5781",
        "lang": "ru",
        "refcode": "РСП — Левит 5:10"
      },
      {
        "para_id": "14191.5781",
        "lang": "tpi",
        "refcode": "BBTP — WokPris 5:10"
      },
      {
        "para_id": "12318.5781",
        "lang": "uk",
        "refcode": "УПО — Левит 5:10"
      },
      {
        "para_id": "1969.5781",
        "lang": "zh",
        "refcode": "CHIUS — 利未記 5:10"
      }
    ]
  },
  {
    "para_id": "14336.5783",
    "id_prev": "14336.5781",
    "id_next": "14336.5785",
    "refcode_1": "RV1885",
    "refcode_2": "Leviticus",
    "refcode_3": "5",
    "refcode_4": "11",
    "refcode_short": "RV1885 — Leviticus 5:11",
    "refcode_long": "Revised Version 1885 — Leviticus 5:11",
    "element_type": "p",
    "element_subtype": "standard-noindent",
    "content": "<strong>11</strong> But if his means suffice not for two turtledoves, or two young pigeons, then he shall bring his oblation for that wherein he hath sinned, the tenth part of an ephah of fine flour for a sin offering; he shall put no oil upon it, neither shall he put any frankincense thereon: for it is a sin offering.",
    "puborder": 2941,
    "translations": [
      {
        "para_id": "14207.5783",
        "lang": "bg",
        "refcode": "ББ1940 — Левит 5:11"
      },
      {
        "para_id": "11258.5771",
        "lang": "cs",
        "refcode": "CzeCEP — 3Mojžíšova 5:11"
      },
      {
        "para_id": "1967.5783",
        "lang": "de",
        "refcode": "Lut — 3Mose 5:11"
      },
      {
        "para_id": "1965.5783",
        "lang": "en",
        "refcode": "KJV — Leviticus 5:11"
      },
      {
        "para_id": "14334.5783",
        "lang": "en",
        "refcode": "NKJV — Leviticus 5:11"
      },
      {
        "para_id": "14420.5783",
        "lang": "en",
        "refcode": "NCV — Leviticus 5:11"
      },
      {
        "para_id": "14419.5783",
        "lang": "en",
        "refcode": "ICB — Leviticus 5:11"
      },
      {
        "para_id": "14340.5783",
        "lang": "en",
        "refcode": "NIV — Leviticus 5:11"
      },
      {
        "para_id": "11140.5783",
        "lang": "en",
        "refcode": "DBY — Leviticus 5:11"
      },
      {
        "para_id": "11143.5783",
        "lang": "en",
        "refcode": "WBS — Leviticus 5:11"
      },
      {
        "para_id": "11139.5783",
        "lang": "en",
        "refcode": "ASV — Leviticus 5:11"
      },
      {
        "para_id": "14736.5783",
        "lang": "en",
        "refcode": "NHEB — Leviticus 5:11"
      },
      {
        "para_id": "14125.5783",
        "lang": "en",
        "refcode": "KJRV — Leviticus 5:11"
      },
      {
        "para_id": "14330.5783",
        "lang": "en",
        "refcode": "ERV — Leviticus 5:11"
      },
      {
        "para_id": "14333.5783",
        "lang": "en",
        "refcode": "ISV — Leviticus 5:11"
      },
      {
        "para_id": "14175.5783",
        "lang": "en",
        "refcode": "KJVSD — Leviticus 5:11"
      },
      {
        "para_id": "11145.5783",
        "lang": "en",
        "refcode": "AKJV — Leviticus 5:11"
      },
      {
        "para_id": "11144.5783",
        "lang": "en",
        "refcode": "YLT — Leviticus 5:11"
      },
      {
        "para_id": "11142.5783",
        "lang": "en",
        "refcode": "WEB — Leviticus 5:11"
      },
      {
        "para_id": "14341.5783",
        "lang": "en",
        "refcode": "NET — Leviticus 5:11"
      },
      {
        "para_id": "1968.6296",
        "lang": "es",
        "refcode": "RVa — Levítico 5:11"
      },
      {
        "para_id": "14421.5783",
        "lang": "es",
        "refcode": "NBLA — Levítico 5:11"
      },
      {
        "para_id": "14422.5783",
        "lang": "es",
        "refcode": "RVR — Levítico 5:11"
      },
      {
        "para_id": "2021.5783",
        "lang": "fr",
        "refcode": "Fren — Lévitique 5:11"
      },
      {
        "para_id": "1966.5783",
        "lang": "it",
        "refcode": "LND — Levitico 5:11"
      },
      {
        "para_id": "1970.5783",
        "lang": "pl",
        "refcode": "PB — 3Mojżeszowa 5:11"
      },
      {
        "para_id": "1971.5783",
        "lang": "pt",
        "refcode": "PCF — Levítico 5:11"
      },
      {
        "para_id": "1973.5783",
        "lang": "ro",
        "refcode": "NTR — Levitic 5:11"
      },
      {
        "para_id": "11165.5783",
        "lang": "ro",
        "refcode": "RCCV — Leviticul 5:11"
      },
      {
        "para_id": "1972.5783",
        "lang": "ru",
        "refcode": "РСП — Левит 5:11"
      },
      {
        "para_id": "14191.5783",
        "lang": "tpi",
        "refcode": "BBTP — WokPris 5:11"
      },
      {
        "para_id": "12318.5783",
        "lang": "uk",
        "refcode": "УПО — Левит 5:11"
      },
      {
        "para_id": "1969.5783",
        "lang": "zh",
        "refcode": "CHIUS — 利未記 5:11"
      }
    ]
  },
  {
    "para_id": "14336.5785",
    "id_prev": "14336.5783",
    "id_next": "14336.5787",
    "refcode_1": "RV1885",
    "refcode_2": "Leviticus",
    "refcode_3": "5",
    "refcode_4": "12",
    "refcode_short": "RV1885 — Leviticus 5:12",
    "refcode_long": "Revised Version 1885 — Leviticus 5:12",
    "element_type": "p",
    "element_subtype": "standard-noindent",
    "content": "<strong>12</strong> And he shall bring it to the priest, and the priest shall take his handful of it as the memorial thereof, and burn it on the altar, upon the offerings of the Lord made by fire: it is a sin offering.",
    "puborder": 2942,
    "translations": [
      {
        "para_id": "14207.5785",
        "lang": "bg",
        "refcode": "ББ1940 — Левит 5:12"
      },
      {
        "para_id": "11258.5773",
        "lang": "cs",
        "refcode": "CzeCEP — 3Mojžíšova 5:12"
      },
      {
        "para_id": "1967.5785",
        "lang": "de",
        "refcode": "Lut — 3Mose 5:12"
      },
      {
        "para_id": "11144.5785",
        "lang": "en",
        "refcode": "YLT — Leviticus 5:12"
      },
      {
        "para_id": "14419.5785",
        "lang": "en",
        "refcode": "ICB — Leviticus 5:12"
      },
      {
        "para_id": "14125.5785",
        "lang": "en",
        "refcode": "KJRV — Leviticus 5:12"
      },
      {
        "para_id": "14175.5785",
        "lang": "en",
        "refcode": "KJVSD — Leviticus 5:12"
      },
      {
        "para_id": "14341.5785",
        "lang": "en",
        "refcode": "NET — Leviticus 5:12"
      },
      {
        "para_id": "14420.5785",
        "lang": "en",
        "refcode": "NCV — Leviticus 5:12"
      },
      {
        "para_id": "11143.5785",
        "lang": "en",
        "refcode": "WBS — Leviticus 5:12"
      },
      {
        "para_id": "14334.5785",
        "lang": "en",
        "refcode": "NKJV — Leviticus 5:12"
      },
      {
        "para_id": "11142.5785",
        "lang": "en",
        "refcode": "WEB — Leviticus 5:12"
      },
      {
        "para_id": "11145.5785",
        "lang": "en",
        "refcode": "AKJV — Leviticus 5:12"
      },
      {
        "para_id": "1965.5785",
        "lang": "en",
        "refcode": "KJV — Leviticus 5:12"
      },
      {
        "para_id": "11139.5785",
        "lang": "en",
        "refcode": "ASV — Leviticus 5:12"
      },
      {
        "para_id": "14330.5785",
        "lang": "en",
        "refcode": "ERV — Leviticus 5:12"
      },
      {
        "para_id": "14340.5785",
        "lang": "en",
        "refcode": "NIV — Leviticus 5:12"
      },
      {
        "para_id": "14736.5785",
        "lang": "en",
        "refcode": "NHEB — Leviticus 5:12"
      },
      {
        "para_id": "14333.5785",
        "lang": "en",
        "refcode": "ISV — Leviticus 5:12"
      },
      {
        "para_id": "11140.5785",
        "lang": "en",
        "refcode": "DBY — Leviticus 5:12"
      },
      {
        "para_id": "14422.5785",
        "lang": "es",
        "refcode": "RVR — Levítico 5:12"
      },
      {
        "para_id": "14421.5785",
        "lang": "es",
        "refcode": "NBLA — Levítico 5:12"
      },
      {
        "para_id": "1968.6298",
        "lang": "es",
        "refcode": "RVa — Levítico 5:12"
      },
      {
        "para_id": "2021.5785",
        "lang": "fr",
        "refcode": "Fren — Lévitique 5:12"
      },
      {
        "para_id": "1966.5785",
        "lang": "it",
        "refcode": "LND — Levitico 5:12"
      },
      {
        "para_id": "1970.5785",
        "lang": "pl",
        "refcode": "PB — 3Mojżeszowa 5:12"
      },
      {
        "para_id": "1971.5785",
        "lang": "pt",
        "refcode": "PCF — Levítico 5:12"
      },
      {
        "para_id": "1973.5785",
        "lang": "ro",
        "refcode": "NTR — Levitic 5:12"
      },
      {
        "para_id": "11165.5785",
        "lang": "ro",
        "refcode": "RCCV — Leviticul 5:12"
      },
      {
        "para_id": "1972.5785",
        "lang": "ru",
        "refcode": "РСП — Левит 5:12"
      },
      {
        "para_id": "14191.5785",
        "lang": "tpi",
        "refcode": "BBTP — WokPris 5:12"
      },
      {
        "para_id": "12318.5785",
        "lang": "uk",
        "refcode": "УПО — Левит 5:12"
      },
      {
        "para_id": "1969.5785",
        "lang": "zh",
        "refcode": "CHIUS — 利未記 5:12"
      }
    ]
  },
  {
    "para_id": "14336.5787",
    "id_prev": "14336.5785",
    "id_next": "14336.5789",
    "refcode_1": "RV1885",
    "refcode_2": "Leviticus",
    "refcode_3": "5",
    "refcode_4": "13",
    "refcode_short": "RV1885 — Leviticus 5:13",
    "refcode_long": "Revised Version 1885 — Leviticus 5:13",
    "element_type": "p",
    "element_subtype": "standard-noindent",
    "content": "<strong>13</strong> And the priest shall make atonement for him as touching his sin that he hath sinned in any of these things, and he shall be forgiven: and the remnant shall be the priest&#039;s, as the meal offering.",
    "puborder": 2943,
    "translations": [
      {
        "para_id": "14207.5787",
        "lang": "bg",
        "refcode": "ББ1940 — Левит 5:13"
      },
      {
        "para_id": "11258.5775",
        "lang": "cs",
        "refcode": "CzeCEP — 3Mojžíšova 5:13"
      },
      {
        "para_id": "1967.5787",
        "lang": "de",
        "refcode": "Lut — 3Mose 5:13"
      },
      {
        "para_id": "11143.5787",
        "lang": "en",
        "refcode": "WBS — Leviticus 5:13"
      },
      {
        "para_id": "14419.5787",
        "lang": "en",
        "refcode": "ICB — Leviticus 5:13"
      },
      {
        "para_id": "14125.5787",
        "lang": "en",
        "refcode": "KJRV — Leviticus 5:13"
      },
      {
        "para_id": "14736.5787",
        "lang": "en",
        "refcode": "NHEB — Leviticus 5:13"
      },
      {
        "para_id": "11142.5787",
        "lang": "en",
        "refcode": "WEB — Leviticus 5:13"
      },
      {
        "para_id": "11139.5787",
        "lang": "en",
        "refcode": "ASV — Leviticus 5:13"
      },
      {
        "para_id": "11144.5787",
        "lang": "en",
        "refcode": "YLT — Leviticus 5:13"
      },
      {
        "para_id": "14334.5787",
        "lang": "en",
        "refcode": "NKJV — Leviticus 5:13"
      },
      {
        "para_id": "14420.5787",
        "lang": "en",
        "refcode": "NCV — Leviticus 5:13"
      },
      {
        "para_id": "1965.5787",
        "lang": "en",
        "refcode": "KJV — Leviticus 5:13"
      },
      {
        "para_id": "14330.5787",
        "lang": "en",
        "refcode": "ERV — Leviticus 5:13"
      },
      {
        "para_id": "14333.5787",
        "lang": "en",
        "refcode": "ISV — Leviticus 5:13"
      },
      {
        "para_id": "14340.5787",
        "lang": "en",
        "refcode": "NIV — Leviticus 5:13"
      },
      {
        "para_id": "11145.5787",
        "lang": "en",
        "refcode": "AKJV — Leviticus 5:13"
      },
      {
        "para_id": "11140.5787",
        "lang": "en",
        "refcode": "DBY — Leviticus 5:13"
      },
      {
        "para_id": "14175.5787",
        "lang": "en",
        "refcode": "KJVSD — Leviticus 5:13"
      },
      {
        "para_id": "14341.5787",
        "lang": "en",
        "refcode": "NET — Leviticus 5:13"
      },
      {
        "para_id": "14421.5787",
        "lang": "es",
        "refcode": "NBLA — Levítico 5:13"
      },
      {
        "para_id": "1968.6300",
        "lang": "es",
        "refcode": "RVa — Levítico 5:13"
      },
      {
        "para_id": "14422.5787",
        "lang": "es",
        "refcode": "RVR — Levítico 5:13"
      },
      {
        "para_id": "2021.5787",
        "lang": "fr",
        "refcode": "Fren — Lévitique 5:13"
      },
      {
        "para_id": "1966.5787",
        "lang": "it",
        "refcode": "LND — Levitico 5:13"
      },
      {
        "para_id": "1970.5787",
        "lang": "pl",
        "refcode": "PB — 3Mojżeszowa 5:13"
      },
      {
        "para_id": "1971.5787",
        "lang": "pt",
        "refcode": "PCF — Levítico 5:13"
      },
      {
        "para_id": "11165.5787",
        "lang": "ro",
        "refcode": "RCCV — Leviticul 5:13"
      },
      {
        "para_id": "1973.5787",
        "lang": "ro",
        "refcode": "NTR — Levitic 5:13"
      },
      {
        "para_id": "1972.5787",
        "lang": "ru",
        "refcode": "РСП — Левит 5:13"
      },
      {
        "para_id": "14191.5787",
        "lang": "tpi",
        "refcode": "BBTP — WokPris 5:13"
      },
      {
        "para_id": "12318.5787",
        "lang": "uk",
        "refcode": "УПО — Левит 5:13"
      },
      {
        "para_id": "1969.5787",
        "lang": "zh",
        "refcode": "CHIUS — 利未記 5:13"
      }
    ]
  },
  {
    "para_id": "14336.5789",
    "id_prev": "14336.5787",
    "id_next": "14336.5791",
    "refcode_1": "RV1885",
    "refcode_2": "Leviticus",
    "refcode_3": "5",
    "refcode_4": "14",
    "refcode_short": "RV1885 — Leviticus 5:14",
    "refcode_long": "Revised Version 1885 — Leviticus 5:14",
    "element_type": "p",
    "element_subtype": "standard-noindent",
    "content": "<strong>14</strong> And the Lord spake unto Moses, saying,",
    "puborder": 2944,
    "translations": [
      {
        "para_id": "14207.5789",
        "lang": "bg",
        "refcode": "ББ1940 — Левит 5:14"
      },
      {
        "para_id": "11258.5777",
        "lang": "cs",
        "refcode": "CzeCEP — 3Mojžíšova 5:14"
      },
      {
        "para_id": "1967.5789",
        "lang": "de",
        "refcode": "Lut — 3Mose 5:14"
      },
      {
        "para_id": "14419.5789",
        "lang": "en",
        "refcode": "ICB — Leviticus 5:14"
      },
      {
        "para_id": "11145.5789",
        "lang": "en",
        "refcode": "AKJV — Leviticus 5:14"
      },
      {
        "para_id": "14175.5789",
        "lang": "en",
        "refcode": "KJVSD — Leviticus 5:14"
      },
      {
        "para_id": "11143.5789",
        "lang": "en",
        "refcode": "WBS — Leviticus 5:14"
      },
      {
        "para_id": "14125.5789",
        "lang": "en",
        "refcode": "KJRV — Leviticus 5:14"
      },
      {
        "para_id": "14736.5789",
        "lang": "en",
        "refcode": "NHEB — Leviticus 5:14"
      },
      {
        "para_id": "14420.5789",
        "lang": "en",
        "refcode": "NCV — Leviticus 5:14"
      },
      {
        "para_id": "11144.5789",
        "lang": "en",
        "refcode": "YLT — Leviticus 5:14"
      },
      {
        "para_id": "14340.5789",
        "lang": "en",
        "refcode": "NIV — Leviticus 5:14"
      },
      {
        "para_id": "1965.5789",
        "lang": "en",
        "refcode": "KJV — Leviticus 5:14"
      },
      {
        "para_id": "11142.5789",
        "lang": "en",
        "refcode": "WEB — Leviticus 5:14"
      },
      {
        "para_id": "14341.5789",
        "lang": "en",
        "refcode": "NET — Leviticus 5:14"
      },
      {
        "para_id": "14333.5789",
        "lang": "en",
        "refcode": "ISV — Leviticus 5:14"
      },
      {
        "para_id": "14330.5789",
        "lang": "en",
        "refcode": "ERV — Leviticus 5:14"
      },
      {
        "para_id": "11139.5789",
        "lang": "en",
        "refcode": "ASV — Leviticus 5:14"
      },
      {
        "para_id": "14334.5789",
        "lang": "en",
        "refcode": "NKJV — Leviticus 5:14"
      },
      {
        "para_id": "11140.5789",
        "lang": "en",
        "refcode": "DBY — Leviticus 5:14"
      },
      {
        "para_id": "14422.5789",
        "lang": "es",
        "refcode": "RVR — Levítico 5:14"
      },
      {
        "para_id": "1968.6302",
        "lang": "es",
        "refcode": "RVa — Levítico 5:14"
      },
      {
        "para_id": "14421.5789",
        "lang": "es",
        "refcode": "NBLA — Levítico 5:14"
      },
      {
        "para_id": "2021.5789",
        "lang": "fr",
        "refcode": "Fren — Lévitique 5:14"
      },
      {
        "para_id": "1966.5789",
        "lang": "it",
        "refcode": "LND — Levitico 5:14"
      },
      {
        "para_id": "1970.5789",
        "lang": "pl",
        "refcode": "PB — 3Mojżeszowa 5:14"
      },
      {
        "para_id": "1971.5789",
        "lang": "pt",
        "refcode": "PCF — Levítico 5:14"
      },
      {
        "para_id": "11165.5789",
        "lang": "ro",
        "refcode": "RCCV — Leviticul 5:14"
      },
      {
        "para_id": "1973.5789",
        "lang": "ro",
        "refcode": "NTR — Levitic 5:14"
      },
      {
        "para_id": "1972.5789",
        "lang": "ru",
        "refcode": "РСП — Левит 5:14"
      },
      {
        "para_id": "14191.5789",
        "lang": "tpi",
        "refcode": "BBTP — WokPris 5:14"
      },
      {
        "para_id": "12318.5789",
        "lang": "uk",
        "refcode": "УПО — Левит 5:14"
      },
      {
        "para_id": "1969.5789",
        "lang": "zh",
        "refcode": "CHIUS — 利未記 5:14"
      }
    ]
  },
  {
    "para_id": "14336.5791",
    "id_prev": "14336.5789",
    "id_next": "14336.5793",
    "refcode_1": "RV1885",
    "refcode_2": "Leviticus",
    "refcode_3": "5",
    "refcode_4": "15",
    "refcode_short": "RV1885 — Leviticus 5:15",
    "refcode_long": "Revised Version 1885 — Leviticus 5:15",
    "element_type": "p",
    "element_subtype": "standard-noindent",
    "content": "<strong>15</strong> If any one commit a trespass, and sin unwittingly, in the holy things of the Lord; then he shall bring his guilt offering unto the Lord, a ram without blemish out of the flock, according to thy estimation in silver by shekels, after the shekel of the sanctuary, for a guilt offering:",
    "puborder": 2945,
    "translations": [
      {
        "para_id": "14207.5791",
        "lang": "bg",
        "refcode": "ББ1940 — Левит 5:15"
      },
      {
        "para_id": "11258.5779",
        "lang": "cs",
        "refcode": "CzeCEP — 3Mojžíšova 5:15"
      },
      {
        "para_id": "1967.5791",
        "lang": "de",
        "refcode": "Lut — 3Mose 5:15"
      },
      {
        "para_id": "11143.5791",
        "lang": "en",
        "refcode": "WBS — Leviticus 5:15"
      },
      {
        "para_id": "14340.5791",
        "lang": "en",
        "refcode": "NIV — Leviticus 5:15"
      },
      {
        "para_id": "11145.5791",
        "lang": "en",
        "refcode": "AKJV — Leviticus 5:15"
      },
      {
        "para_id": "14736.5791",
        "lang": "en",
        "refcode": "NHEB — Leviticus 5:15"
      },
      {
        "para_id": "14175.5791",
        "lang": "en",
        "refcode": "KJVSD — Leviticus 5:15"
      },
      {
        "para_id": "11140.5791",
        "lang": "en",
        "refcode": "DBY — Leviticus 5:15"
      },
      {
        "para_id": "14334.5791",
        "lang": "en",
        "refcode": "NKJV — Leviticus 5:15"
      },
      {
        "para_id": "14125.5791",
        "lang": "en",
        "refcode": "KJRV — Leviticus 5:15"
      },
      {
        "para_id": "11139.5791",
        "lang": "en",
        "refcode": "ASV — Leviticus 5:15"
      },
      {
        "para_id": "14419.5791",
        "lang": "en",
        "refcode": "ICB — Leviticus 5:15"
      },
      {
        "para_id": "1965.5791",
        "lang": "en",
        "refcode": "KJV — Leviticus 5:15"
      },
      {
        "para_id": "14420.5791",
        "lang": "en",
        "refcode": "NCV — Leviticus 5:15"
      },
      {
        "para_id": "14330.5791",
        "lang": "en",
        "refcode": "ERV — Leviticus 5:15"
      },
      {
        "para_id": "14333.5791",
        "lang": "en",
        "refcode": "ISV — Leviticus 5:15"
      },
      {
        "para_id": "11144.5791",
        "lang": "en",
        "refcode": "YLT — Leviticus 5:15"
      },
      {
        "para_id": "14341.5791",
        "lang": "en",
        "refcode": "NET — Leviticus 5:15"
      },
      {
        "para_id": "11142.5791",
        "lang": "en",
        "refcode": "WEB — Leviticus 5:15"
      },
      {
        "para_id": "14421.5791",
        "lang": "es",
        "refcode": "NBLA — Levítico 5:15"
      },
      {
        "para_id": "1968.6304",
        "lang": "es",
        "refcode": "RVa — Levítico 5:15"
      },
      {
        "para_id": "14422.5791",
        "lang": "es",
        "refcode": "RVR — Levítico 5:15"
      },
      {
        "para_id": "2021.5791",
        "lang": "fr",
        "refcode": "Fren — Lévitique 5:15"
      },
      {
        "para_id": "1966.5791",
        "lang": "it",
        "refcode": "LND — Levitico 5:15"
      },
      {
        "para_id": "1970.5791",
        "lang": "pl",
        "refcode": "PB — 3Mojżeszowa 5:15"
      },
      {
        "para_id": "1971.5791",
        "lang": "pt",
        "refcode": "PCF — Levítico 5:15"
      },
      {
        "para_id": "11165.5791",
        "lang": "ro",
        "refcode": "RCCV — Leviticul 5:15"
      },
      {
        "para_id": "1973.5791",
        "lang": "ro",
        "refcode": "NTR — Levitic 5:15"
      },
      {
        "para_id": "1972.5791",
        "lang": "ru",
        "refcode": "РСП — Левит 5:15"
      },
      {
        "para_id": "14191.5791",
        "lang": "tpi",
        "refcode": "BBTP — WokPris 5:15"
      },
      {
        "para_id": "12318.5791",
        "lang": "uk",
        "refcode": "УПО — Левит 5:15"
      },
      {
        "para_id": "1969.5791",
        "lang": "zh",
        "refcode": "CHIUS — 利未記 5:15"
      }
    ]
  },
  {
    "para_id": "14336.5793",
    "id_prev": "14336.5791",
    "id_next": "14336.5795",
    "refcode_1": "RV1885",
    "refcode_2": "Leviticus",
    "refcode_3": "5",
    "refcode_4": "16",
    "refcode_short": "RV1885 — Leviticus 5:16",
    "refcode_long": "Revised Version 1885 — Leviticus 5:16",
    "element_type": "p",
    "element_subtype": "standard-noindent",
    "content": "<strong>16</strong> and he shall make restitution for that which he hath done amiss in the holy thing, and shall add the fifth part thereto, and give it unto the priest: and the priest shall make atonement for him with the ram of the guilt offering, and he shall be forgiven.",
    "puborder": 2946,
    "translations": [
      {
        "para_id": "14207.5793",
        "lang": "bg",
        "refcode": "ББ1940 — Левит 5:16"
      },
      {
        "para_id": "11258.5781",
        "lang": "cs",
        "refcode": "CzeCEP — 3Mojžíšova 5:16"
      },
      {
        "para_id": "1967.5793",
        "lang": "de",
        "refcode": "Lut — 3Mose 5:16"
      },
      {
        "para_id": "14330.5793",
        "lang": "en",
        "refcode": "ERV — Leviticus 5:16"
      },
      {
        "para_id": "14175.5793",
        "lang": "en",
        "refcode": "KJVSD — Leviticus 5:16"
      },
      {
        "para_id": "14419.5793",
        "lang": "en",
        "refcode": "ICB — Leviticus 5:16"
      },
      {
        "para_id": "14125.5793",
        "lang": "en",
        "refcode": "KJRV — Leviticus 5:16"
      },
      {
        "para_id": "11140.5793",
        "lang": "en",
        "refcode": "DBY — Leviticus 5:16"
      },
      {
        "para_id": "14340.5793",
        "lang": "en",
        "refcode": "NIV — Leviticus 5:16"
      },
      {
        "para_id": "11142.5793",
        "lang": "en",
        "refcode": "WEB — Leviticus 5:16"
      },
      {
        "para_id": "14341.5793",
        "lang": "en",
        "refcode": "NET — Leviticus 5:16"
      },
      {
        "para_id": "1965.5793",
        "lang": "en",
        "refcode": "KJV — Leviticus 5:16"
      },
      {
        "para_id": "14736.5793",
        "lang": "en",
        "refcode": "NHEB — Leviticus 5:16"
      },
      {
        "para_id": "14333.5793",
        "lang": "en",
        "refcode": "ISV — Leviticus 5:16"
      },
      {
        "para_id": "11139.5793",
        "lang": "en",
        "refcode": "ASV — Leviticus 5:16"
      },
      {
        "para_id": "11144.5793",
        "lang": "en",
        "refcode": "YLT — Leviticus 5:16"
      },
      {
        "para_id": "14334.5793",
        "lang": "en",
        "refcode": "NKJV — Leviticus 5:16"
      },
      {
        "para_id": "11145.5793",
        "lang": "en",
        "refcode": "AKJV — Leviticus 5:16"
      },
      {
        "para_id": "14420.5793",
        "lang": "en",
        "refcode": "NCV — Leviticus 5:16"
      },
      {
        "para_id": "11143.5793",
        "lang": "en",
        "refcode": "WBS — Leviticus 5:16"
      },
      {
        "para_id": "14422.5793",
        "lang": "es",
        "refcode": "RVR — Levítico 5:16"
      },
      {
        "para_id": "14421.5793",
        "lang": "es",
        "refcode": "NBLA — Levítico 5:16"
      },
      {
        "para_id": "1968.6306",
        "lang": "es",
        "refcode": "RVa — Levítico 5:16"
      },
      {
        "para_id": "2021.5793",
        "lang": "fr",
        "refcode": "Fren — Lévitique 5:16"
      },
      {
        "para_id": "1966.5793",
        "lang": "it",
        "refcode": "LND — Levitico 5:16"
      },
      {
        "para_id": "1970.5793",
        "lang": "pl",
        "refcode": "PB — 3Mojżeszowa 5:16"
      },
      {
        "para_id": "1971.5793",
        "lang": "pt",
        "refcode": "PCF — Levítico 5:16"
      },
      {
        "para_id": "11165.5793",
        "lang": "ro",
        "refcode": "RCCV — Leviticul 5:16"
      },
      {
        "para_id": "1973.5793",
        "lang": "ro",
        "refcode": "NTR — Levitic 5:16"
      },
      {
        "para_id": "1972.5793",
        "lang": "ru",
        "refcode": "РСП — Левит 5:16"
      },
      {
        "para_id": "14191.5793",
        "lang": "tpi",
        "refcode": "BBTP — WokPris 5:16"
      },
      {
        "para_id": "12318.5793",
        "lang": "uk",
        "refcode": "УПО — Левит 5:16"
      },
      {
        "para_id": "1969.5793",
        "lang": "zh",
        "refcode": "CHIUS — 利未記 5:16"
      }
    ]
  },
  {
    "para_id": "14336.5795",
    "id_prev": "14336.5793",
    "id_next": "14336.5797",
    "refcode_1": "RV1885",
    "refcode_2": "Leviticus",
    "refcode_3": "5",
    "refcode_4": "17",
    "refcode_short": "RV1885 — Leviticus 5:17",
    "refcode_long": "Revised Version 1885 — Leviticus 5:17",
    "element_type": "p",
    "element_subtype": "standard-noindent",
    "content": "<strong>17</strong> And if any one sin, and do any of the things which the Lord hath commanded not to be done; though he knew it not, yet is he guilty, and shall bear his iniquity.",
    "puborder": 2947,
    "translations": [
      {
        "para_id": "14207.5795",
        "lang": "bg",
        "refcode": "ББ1940 — Левит 5:17"
      },
      {
        "para_id": "11258.5783",
        "lang": "cs",
        "refcode": "CzeCEP — 3Mojžíšova 5:17"
      },
      {
        "para_id": "1967.5795",
        "lang": "de",
        "refcode": "Lut — 3Mose 5:17"
      },
      {
        "para_id": "11144.5795",
        "lang": "en",
        "refcode": "YLT — Leviticus 5:17"
      },
      {
        "para_id": "14175.5795",
        "lang": "en",
        "refcode": "KJVSD — Leviticus 5:17"
      },
      {
        "para_id": "14125.5795",
        "lang": "en",
        "refcode": "KJRV — Leviticus 5:17"
      },
      {
        "para_id": "14736.5795",
        "lang": "en",
        "refcode": "NHEB — Leviticus 5:17"
      },
      {
        "para_id": "14334.5795",
        "lang": "en",
        "refcode": "NKJV — Leviticus 5:17"
      },
      {
        "para_id": "11143.5795",
        "lang": "en",
        "refcode": "WBS — Leviticus 5:17"
      },
      {
        "para_id": "11140.5795",
        "lang": "en",
        "refcode": "DBY — Leviticus 5:17"
      },
      {
        "para_id": "11139.5795",
        "lang": "en",
        "refcode": "ASV — Leviticus 5:17"
      },
      {
        "para_id": "1965.5795",
        "lang": "en",
        "refcode": "KJV — Leviticus 5:17"
      },
      {
        "para_id": "14330.5795",
        "lang": "en",
        "refcode": "ERV — Leviticus 5:17"
      },
      {
        "para_id": "14419.5795",
        "lang": "en",
        "refcode": "ICB — Leviticus 5:17"
      },
      {
        "para_id": "14333.5795",
        "lang": "en",
        "refcode": "ISV — Leviticus 5:17"
      },
      {
        "para_id": "14420.5795",
        "lang": "en",
        "refcode": "NCV — Leviticus 5:17"
      },
      {
        "para_id": "11142.5795",
        "lang": "en",
        "refcode": "WEB — Leviticus 5:17"
      },
      {
        "para_id": "11145.5795",
        "lang": "en",
        "refcode": "AKJV — Leviticus 5:17"
      },
      {
        "para_id": "14340.5795",
        "lang": "en",
        "refcode": "NIV — Leviticus 5:17"
      },
      {
        "para_id": "14341.5795",
        "lang": "en",
        "refcode": "NET — Leviticus 5:17"
      },
      {
        "para_id": "1968.6308",
        "lang": "es",
        "refcode": "RVa — Levítico 5:17"
      },
      {
        "para_id": "14422.5795",
        "lang": "es",
        "refcode": "RVR — Levítico 5:17"
      },
      {
        "para_id": "14421.5795",
        "lang": "es",
        "refcode": "NBLA — Levítico 5:17"
      },
      {
        "para_id": "2021.5795",
        "lang": "fr",
        "refcode": "Fren — Lévitique 5:17"
      },
      {
        "para_id": "1966.5795",
        "lang": "it",
        "refcode": "LND — Levitico 5:17"
      },
      {
        "para_id": "1970.5795",
        "lang": "pl",
        "refcode": "PB — 3Mojżeszowa 5:17"
      },
      {
        "para_id": "1971.5795",
        "lang": "pt",
        "refcode": "PCF — Levítico 5:17"
      },
      {
        "para_id": "1973.5795",
        "lang": "ro",
        "refcode": "NTR — Levitic 5:17"
      },
      {
        "para_id": "11165.5795",
        "lang": "ro",
        "refcode": "RCCV — Leviticul 5:17"
      },
      {
        "para_id": "1972.5795",
        "lang": "ru",
        "refcode": "РСП — Левит 5:17"
      },
      {
        "para_id": "14191.5795",
        "lang": "tpi",
        "refcode": "BBTP — WokPris 5:17"
      },
      {
        "para_id": "12318.5795",
        "lang": "uk",
        "refcode": "УПО — Левит 5:17"
      },
      {
        "para_id": "1969.5795",
        "lang": "zh",
        "refcode": "CHIUS — 利未記 5:17"
      }
    ]
  },
  {
    "para_id": "14336.5797",
    "id_prev": "14336.5795",
    "id_next": "14336.5799",
    "refcode_1": "RV1885",
    "refcode_2": "Leviticus",
    "refcode_3": "5",
    "refcode_4": "18",
    "refcode_short": "RV1885 — Leviticus 5:18",
    "refcode_long": "Revised Version 1885 — Leviticus 5:18",
    "element_type": "p",
    "element_subtype": "standard-noindent",
    "content": "<strong>18</strong> And he shall bring a ram without blemish out of the flock, according to thy estimation, for a guilt offering, unto the priest: and the priest shall make atonement for him concerning the thing wherein he erred unwittingly and knew it not, and he shall be forgiven.",
    "puborder": 2948,
    "translations": [
      {
        "para_id": "14207.5797",
        "lang": "bg",
        "refcode": "ББ1940 — Левит 5:18"
      },
      {
        "para_id": "11258.5785",
        "lang": "cs",
        "refcode": "CzeCEP — 3Mojžíšova 5:18"
      },
      {
        "para_id": "1967.5797",
        "lang": "de",
        "refcode": "Lut — 3Mose 5:18"
      },
      {
        "para_id": "14334.5797",
        "lang": "en",
        "refcode": "NKJV — Leviticus 5:18"
      },
      {
        "para_id": "14125.5797",
        "lang": "en",
        "refcode": "KJRV — Leviticus 5:18"
      },
      {
        "para_id": "11144.5797",
        "lang": "en",
        "refcode": "YLT — Leviticus 5:18"
      },
      {
        "para_id": "14420.5797",
        "lang": "en",
        "refcode": "NCV — Leviticus 5:18"
      },
      {
        "para_id": "11143.5797",
        "lang": "en",
        "refcode": "WBS — Leviticus 5:18"
      },
      {
        "para_id": "11145.5797",
        "lang": "en",
        "refcode": "AKJV — Leviticus 5:18"
      },
      {
        "para_id": "14419.5797",
        "lang": "en",
        "refcode": "ICB — Leviticus 5:18"
      },
      {
        "para_id": "14333.5797",
        "lang": "en",
        "refcode": "ISV — Leviticus 5:18"
      },
      {
        "para_id": "14330.5797",
        "lang": "en",
        "refcode": "ERV — Leviticus 5:18"
      },
      {
        "para_id": "14736.5797",
        "lang": "en",
        "refcode": "NHEB — Leviticus 5:18"
      },
      {
        "para_id": "11139.5797",
        "lang": "en",
        "refcode": "ASV — Leviticus 5:18"
      },
      {
        "para_id": "1965.5797",
        "lang": "en",
        "refcode": "KJV — Leviticus 5:18"
      },
      {
        "para_id": "14341.5797",
        "lang": "en",
        "refcode": "NET — Leviticus 5:18"
      },
      {
        "para_id": "14340.5797",
        "lang": "en",
        "refcode": "NIV — Leviticus 5:18"
      },
      {
        "para_id": "14175.5797",
        "lang": "en",
        "refcode": "KJVSD — Leviticus 5:18"
      },
      {
        "para_id": "11140.5797",
        "lang": "en",
        "refcode": "DBY — Leviticus 5:18"
      },
      {
        "para_id": "11142.5797",
        "lang": "en",
        "refcode": "WEB — Leviticus 5:18"
      },
      {
        "para_id": "14421.5797",
        "lang": "es",
        "refcode": "NBLA — Levítico 5:18"
      },
      {
        "para_id": "14422.5797",
        "lang": "es",
        "refcode": "RVR — Levítico 5:18"
      },
      {
        "para_id": "1968.6310",
        "lang": "es",
        "refcode": "RVa — Levítico 5:18"
      },
      {
        "para_id": "2021.5797",
        "lang": "fr",
        "refcode": "Fren — Lévitique 5:18"
      },
      {
        "para_id": "1966.5797",
        "lang": "it",
        "refcode": "LND — Levitico 5:18"
      },
      {
        "para_id": "1970.5797",
        "lang": "pl",
        "refcode": "PB — 3Mojżeszowa 5:18"
      },
      {
        "para_id": "1971.5797",
        "lang": "pt",
        "refcode": "PCF — Levítico 5:18"
      },
      {
        "para_id": "11165.5797",
        "lang": "ro",
        "refcode": "RCCV — Leviticul 5:18"
      },
      {
        "para_id": "1973.5797",
        "lang": "ro",
        "refcode": "NTR — Levitic 5:18"
      },
      {
        "para_id": "1972.5797",
        "lang": "ru",
        "refcode": "РСП — Левит 5:18"
      },
      {
        "para_id": "14191.5797",
        "lang": "tpi",
        "refcode": "BBTP — WokPris 5:18"
      },
      {
        "para_id": "12318.5797",
        "lang": "uk",
        "refcode": "УПО — Левит 5:18"
      },
      {
        "para_id": "1969.5797",
        "lang": "zh",
        "refcode": "CHIUS — 利未記 5:18"
      }
    ]
  },
  {
    "para_id": "14336.5799",
    "id_prev": "14336.5797",
    "id_next": "14336.5800",
    "refcode_1": "RV1885",
    "refcode_2": "Leviticus",
    "refcode_3": "5",
    "refcode_4": "19",
    "refcode_short": "RV1885 — Leviticus 5:19",
    "refcode_long": "Revised Version 1885 — Leviticus 5:19",
    "element_type": "p",
    "element_subtype": "standard-noindent",
    "content": "<strong>19</strong> It is a guilt offering: he is certainly guilty before the Lord.",
    "puborder": 2949,
    "translations": [
      {
        "para_id": "14207.5799",
        "lang": "bg",
        "refcode": "ББ1940 — Левит 5:19"
      },
      {
        "para_id": "11258.5787",
        "lang": "cs",
        "refcode": "CzeCEP — 3Mojžíšova 5:19"
      },
      {
        "para_id": "1967.5799",
        "lang": "de",
        "refcode": "Lut — 3Mose 5:19"
      },
      {
        "para_id": "14420.5799",
        "lang": "en",
        "refcode": "NCV — Leviticus 5:19"
      },
      {
        "para_id": "14330.5799",
        "lang": "en",
        "refcode": "ERV — Leviticus 5:19"
      },
      {
        "para_id": "14175.5799",
        "lang": "en",
        "refcode": "KJVSD — Leviticus 5:19"
      },
      {
        "para_id": "14334.5799",
        "lang": "en",
        "refcode": "NKJV — Leviticus 5:19"
      },
      {
        "para_id": "14340.5799",
        "lang": "en",
        "refcode": "NIV — Leviticus 5:19"
      },
      {
        "para_id": "11139.5799",
        "lang": "en",
        "refcode": "ASV — Leviticus 5:19"
      },
      {
        "para_id": "14419.5799",
        "lang": "en",
        "refcode": "ICB — Leviticus 5:19"
      },
      {
        "para_id": "11143.5799",
        "lang": "en",
        "refcode": "WBS — Leviticus 5:19"
      },
      {
        "para_id": "14125.5799",
        "lang": "en",
        "refcode": "KJRV — Leviticus 5:19"
      },
      {
        "para_id": "11145.5799",
        "lang": "en",
        "refcode": "AKJV — Leviticus 5:19"
      },
      {
        "para_id": "1965.5799",
        "lang": "en",
        "refcode": "KJV — Leviticus 5:19"
      },
      {
        "para_id": "11140.5799",
        "lang": "en",
        "refcode": "DBY — Leviticus 5:19"
      },
      {
        "para_id": "14736.5799",
        "lang": "en",
        "refcode": "NHEB — Leviticus 5:19"
      },
      {
        "para_id": "14341.5799",
        "lang": "en",
        "refcode": "NET — Leviticus 5:19"
      },
      {
        "para_id": "14333.5799",
        "lang": "en",
        "refcode": "ISV — Leviticus 5:19"
      },
      {
        "para_id": "11144.5799",
        "lang": "en",
        "refcode": "YLT — Leviticus 5:19"
      },
      {
        "para_id": "11142.5799",
        "lang": "en",
        "refcode": "WEB — Leviticus 5:19"
      },
      {
        "para_id": "14422.5799",
        "lang": "es",
        "refcode": "RVR — Levítico 5:19"
      },
      {
        "para_id": "1968.6312",
        "lang": "es",
        "refcode": "RVa — Levítico 5:19"
      },
      {
        "para_id": "14421.5799",
        "lang": "es",
        "refcode": "NBLA — Levítico 5:19"
      },
      {
        "para_id": "2021.5799",
        "lang": "fr",
        "refcode": "Fren — Lévitique 5:19"
      },
      {
        "para_id": "1966.5799",
        "lang": "it",
        "refcode": "LND — Levitico 5:19"
      },
      {
        "para_id": "1970.5799",
        "lang": "pl",
        "refcode": "PB — 3Mojżeszowa 5:19"
      },
      {
        "para_id": "1971.5799",
        "lang": "pt",
        "refcode": "PCF — Levítico 5:19"
      },
      {
        "para_id": "11165.5799",
        "lang": "ro",
        "refcode": "RCCV — Leviticul 5:19"
      },
      {
        "para_id": "1973.5799",
        "lang": "ro",
        "refcode": "NTR — Levitic 5:19"
      },
      {
        "para_id": "1972.5799",
        "lang": "ru",
        "refcode": "РСП — Левит 5:19"
      },
      {
        "para_id": "14191.5799",
        "lang": "tpi",
        "refcode": "BBTP — WokPris 5:19"
      },
      {
        "para_id": "12318.5799",
        "lang": "uk",
        "refcode": "УПО — Левит 5:19"
      },
      {
        "para_id": "1969.5799",
        "lang": "zh",
        "refcode": "CHIUS — 利未記 5:19"
      }
    ]
  }
]