[
  {
    "para_id": "12815.313",
    "id_prev": "12815.311",
    "id_next": "12815.314",
    "refcode_1": "T30",
    "refcode_2": "77",
    "refcode_3": "",
    "refcode_4": "9",
    "refcode_short": "T30 77",
    "refcode_long": "Testimony for the Church — No. 30, p. 77 (Ellen Gould White)",
    "element_type": "h4",
    "element_subtype": "",
    "content": "Position and Work of the Sanitarium.",
    "puborder": 178,
    "translations": []
  },
  {
    "para_id": "12815.314",
    "id_prev": "12815.313",
    "id_next": "12815.315",
    "refcode_1": "T30",
    "refcode_2": "77",
    "refcode_3": "1",
    "refcode_4": "",
    "refcode_short": "T30 77.1",
    "refcode_long": "Testimony for the Church — No. 30, p. 77.1 (Ellen Gould White)",
    "element_type": "p",
    "element_subtype": "standard-indented",
    "content": "While traveling in the State of Maine, not long since, we became acquainted with Sr. &mdash;&mdash;, a lady who accepted the truth while at the Sanitarium. Her husband was once a wealthy manufacturer; but reverses came, and he was reduced to poverty. Sr. &mdash;&mdash; lost her health, and went to our Sanitarium for treatment. There she received the present truth, which she adorns by a consistent Christian life. She has four fine, intelligent children, who are thorough health reformers, and can tell you why they are so. Such a family can do much good in a community. They exert a strong influence in the right direction.",
    "puborder": 179,
    "translations": []
  },
  {
    "para_id": "12815.315",
    "id_prev": "12815.314",
    "id_next": "12815.316",
    "refcode_1": "T30",
    "refcode_2": "77",
    "refcode_3": "2",
    "refcode_4": "",
    "refcode_short": "T30 77.2",
    "refcode_long": "Testimony for the Church — No. 30, p. 77.2 (Ellen Gould White)",
    "element_type": "p",
    "element_subtype": "standard-indented",
    "content": "Many who come to the Sanitarium for treatment are brought to the knowledge of the truth, and thus are not only healed in body, but the darkened chambers of the mind are illuminated with the light of the dear Saviour&apos;s love. But how much more good might be accomplished, if all connected with that institution were first connected with the God of wisdom, and had thus become channels of light to others. The habits and customs of the world, pride of appearance, selfishness, and self-exaltation, too often intrude, and these sins of his professed followers are so offensive to God that he cannot work in power for them or through them.",
    "puborder": 180,
    "translations": []
  },
  {
    "para_id": "12815.316",
    "id_prev": "12815.315",
    "id_next": "12815.319",
    "refcode_1": "T30",
    "refcode_2": "77",
    "refcode_3": "3",
    "refcode_4": "",
    "refcode_short": "T30 77.3",
    "refcode_long": "Testimony for the Church — No. 30, p. 77.3 (Ellen Gould White)",
    "element_type": "p",
    "element_subtype": "standard-indented",
    "content": "Those who are unfaithful in temporal affairs will likewise be unfaithful in spiritual things. On the other hand, a neglect of <span class=\"page-break\" data-page=\"78\"></span> God&apos;s claims leads to neglect of the claims of humanity. Unfaithfulness is prevalent in this degenerate age; it is extending in our churches and in our institutions. Its slimy track is seen everywhere. This is one of the condemning sins of this age, and will carry thousands and tens of thousands to perdition. If those who profess the truth in our institutions at Battle Creek, were living representatives of Christ, a power would go forth from them which would be felt everywhere. Satan well knows this, and he works with all power and deceivableness of unrighteousness in them that perish, that Christ&apos;s name may not be magnified in those who profess to be his followers. My heart aches, when I see how Jesus is dishonored by the unworthy lives and defective characters of those who might be an ornament and an honor to his cause.",
    "puborder": 181,
    "translations": []
  },
  {
    "para_id": "12815.319",
    "id_prev": "12815.316",
    "id_next": "12815.322",
    "refcode_1": "T30",
    "refcode_2": "78",
    "refcode_3": "1",
    "refcode_4": "",
    "refcode_short": "T30 78.1",
    "refcode_long": "Testimony for the Church — No. 30, p. 78.1 (Ellen Gould White)",
    "element_type": "p",
    "element_subtype": "standard-indented",
    "content": "The temptations by which Christ was beset in the wilderness,&mdash;appetite, love of the world, and presumption,&mdash;are the three great leading allurements by which men are most frequently overcome. The managers of the Sanitarium will often be tempted to depart from the principles which should govern such an institution. But they should not vary from the right course to gratify the inclinations or minister to the depraved appetites of wealthy patients or friends. The influence of such a course is only evil. Deviations from the teachings given in lectures or through the press, have a most unfavorable effect upon the influence and morals of the institution, and will, to a great extent, counteract <span class=\"page-break\" data-page=\"79\"></span> all efforts to instruct and reform the victims of depraved appetites and passions, and to lead them to the only safe refuge,&mdash;Jesus Christ.",
    "puborder": 182,
    "translations": []
  },
  {
    "para_id": "12815.322",
    "id_prev": "12815.319",
    "id_next": "12815.323",
    "refcode_1": "T30",
    "refcode_2": "79",
    "refcode_3": "1",
    "refcode_4": "",
    "refcode_short": "T30 79.1",
    "refcode_long": "Testimony for the Church — No. 30, p. 79.1 (Ellen Gould White)",
    "element_type": "p",
    "element_subtype": "standard-indented",
    "content": "The evil will not end here. The influence affects not only the patients, but the workers as well. When the barriers are once broken down, step after step is taken in the wrong direction. Satan presents flattering worldly prospects to those who will depart from principle and sacrifice integrity and Christian honor to gain the approbation of the ungodly. His efforts are too often successful. He gains the victory where he should meet with repulse and defeat.",
    "puborder": 183,
    "translations": []
  },
  {
    "para_id": "12815.323",
    "id_prev": "12815.322",
    "id_next": "12815.324",
    "refcode_1": "T30",
    "refcode_2": "79",
    "refcode_3": "2",
    "refcode_4": "",
    "refcode_short": "T30 79.2",
    "refcode_long": "Testimony for the Church — No. 30, p. 79.2 (Ellen Gould White)",
    "element_type": "p",
    "element_subtype": "standard-indented",
    "content": "Christ resisted Satan in our behalf. We have the example of our Saviour to strengthen our weak purposes and resolves; but notwithstanding this, some will fall by Satan&apos;s temptations; and they will not fall alone. Every soul that fails to obtain the victory carries others down through his influence. Those who fail to connect with God, and to receive wisdom and grace to refine and elevate their own lives, will be judged for the good they might have done but failed to perform because they were content with earthliness of mind, and friendship with the unsanctified.",
    "puborder": 184,
    "translations": []
  },
  {
    "para_id": "12815.324",
    "id_prev": "12815.323",
    "id_next": "12815.325",
    "refcode_1": "T30",
    "refcode_2": "79",
    "refcode_3": "3",
    "refcode_4": "",
    "refcode_short": "T30 79.3",
    "refcode_long": "Testimony for the Church — No. 30, p. 79.3 (Ellen Gould White)",
    "element_type": "p",
    "element_subtype": "standard-indented",
    "content": "All Heaven is interested in the salvation of man, and is ready to pour upon him her beneficent gifts, if he will comply with the conditions Christ has made,&mdash;&ldquo;Come out from among them, and be ye separate, and touch not the unclean.&rdquo;",
    "puborder": 185,
    "translations": []
  },
  {
    "para_id": "12815.325",
    "id_prev": "12815.324",
    "id_next": "12815.328",
    "refcode_1": "T30",
    "refcode_2": "79",
    "refcode_3": "4",
    "refcode_4": "",
    "refcode_short": "T30 79.4",
    "refcode_long": "Testimony for the Church — No. 30, p. 79.4 (Ellen Gould White)",
    "element_type": "p",
    "element_subtype": "standard-indented",
    "content": "Those who bear the responsibility at the <span class=\"page-break\" data-page=\"80\"></span> Sanitarium should be exceedingly guarded that the amusements shall not be of a character to lower the standard of Christianity, bringing this institution down upon a level with others, and weakening the power of true godliness in the minds of those who are connected with it. Worldly or theatrical entertainments are not essential for the prosperity of the Sanitarium or for the health of the patients. The more they have of this kind of amusements, the less will they be pleased, unless something of the kind shall be continually carried on. The mind is in a fever of unrest for something new and exciting,&mdash;the very thing it ought not to have. And if these amusements are once allowed, they are expected again, and the patients lose their relish for any simple arrangement to occupy the time. But repose, rather than excitement, is what many of the patients need.",
    "puborder": 186,
    "translations": []
  },
  {
    "para_id": "12815.328",
    "id_prev": "12815.325",
    "id_next": "12815.329",
    "refcode_1": "T30",
    "refcode_2": "80",
    "refcode_3": "1",
    "refcode_4": "",
    "refcode_short": "T30 80.1",
    "refcode_long": "Testimony for the Church — No. 30, p. 80.1 (Ellen Gould White)",
    "element_type": "p",
    "element_subtype": "standard-indented",
    "content": "As soon as these entertainments are introduced, the objections to theater-going are removed from many minds, and the plea that moral and high-toned scenes are to be acted at the theater, breaks down the last barrier. Those who would permit this class of amusements at the Sanitarium would better be seeking wisdom from God to lead these poor, hungry, thirsting souls to the Fountain of joy, and peace, and happiness.",
    "puborder": 187,
    "translations": []
  },
  {
    "para_id": "12815.329",
    "id_prev": "12815.328",
    "id_next": "12815.332",
    "refcode_1": "T30",
    "refcode_2": "80",
    "refcode_3": "2",
    "refcode_4": "",
    "refcode_short": "T30 80.2",
    "refcode_long": "Testimony for the Church — No. 30, p. 80.2 (Ellen Gould White)",
    "element_type": "p",
    "element_subtype": "standard-indented",
    "content": "When there has been a departure from the right path, it is difficult to return. Barriers have been removed, safeguards broken down, One step in the wrong direction prepares the <span class=\"page-break\" data-page=\"81\"></span> way for another. A single glass of wine may open the door of temptation which will lead to habits of drunkenness. A single vindictive feeling indulged may open the way to a train of feelings which will end in murder. The least deviation from right and principle will lead to separation from God, and may end in apostasy. What we do once, we more readily and naturally do again; and to go forward in a certain path, be it right or wrong, is more easy than to start. It takes less time and labor to corrupt our ways before God than to engraft upon the character habits of righteousness and truth. Whatever a man becomes accustomed to, be its influence good or evil, he finds it difficult to abandon.",
    "puborder": 188,
    "translations": []
  },
  {
    "para_id": "12815.332",
    "id_prev": "12815.329",
    "id_next": "12815.333",
    "refcode_1": "T30",
    "refcode_2": "81",
    "refcode_3": "1",
    "refcode_4": "",
    "refcode_short": "T30 81.1",
    "refcode_long": "Testimony for the Church — No. 30, p. 81.1 (Ellen Gould White)",
    "element_type": "p",
    "element_subtype": "standard-indented",
    "content": "The managers of the Sanitarium may as well conclude at once that they will never be able to satisfy that class of minds that can find happiness only in something new and exciting. To many persons this has been the intellectual diet during their life-time; there are mental as well as physical dyspeptics. Many are suffering from maladies of the soul far more than from diseases of the body, and they will find no relief until they shall come to Christ, the well-spring of life. Complaints of weariness, loneliness, and dissatisfaction will then cease. Satisfying joys will give vigor to the mind, and health and vital energy to the body.",
    "puborder": 189,
    "translations": []
  },
  {
    "para_id": "12815.333",
    "id_prev": "12815.332",
    "id_next": "12815.336",
    "refcode_1": "T30",
    "refcode_2": "81",
    "refcode_3": "2",
    "refcode_4": "",
    "refcode_short": "T30 81.2",
    "refcode_long": "Testimony for the Church — No. 30, p. 81.2 (Ellen Gould White)",
    "element_type": "p",
    "element_subtype": "standard-indented",
    "content": "If physicians and workers flatter themselves that they are to find a panacea for the varied ills of their patients by supplying <span class=\"page-break\" data-page=\"82\"></span> them with a round of amusements similar to those which have been the curse of their lives, they will be disappointed. Let not these entertainments be placed in the position which the living Fountain should occupy. The hungry, thirsty soul will continue to hunger and thirst as long as it partakes of these unsatisfying pleasures. But those who drink of the living water will thirst no more for frivolous, sensual, exciting amusements. The ennobling principles of religion will strengthen the mental powers, and will destroy a taste for these gratifications.",
    "puborder": 190,
    "translations": []
  },
  {
    "para_id": "12815.336",
    "id_prev": "12815.333",
    "id_next": "12815.339",
    "refcode_1": "T30",
    "refcode_2": "82",
    "refcode_3": "1",
    "refcode_4": "",
    "refcode_short": "T30 82.1",
    "refcode_long": "Testimony for the Church — No. 30, p. 82.1 (Ellen Gould White)",
    "element_type": "p",
    "element_subtype": "standard-indented",
    "content": "The burden of sin, with its unrest and unsatisfied desires, lies at the very foundation of a large share of the maladies the sinner suffers. Christ is the mighty healer of the sin-sick soul. These poor afflicted ones need to have a clearer knowledge of Him whom to know aright is life eternal. They need to be patiently and kindly, yet earnestly taught how to throw open the windows of the soul and let the sunlight of God&apos;s love come in to illuminate the darkened chambers of the mind. The most exalted spiritual truths may be brought home to the heart by the things of nature. The birds of the air, the flowers of the field in their glowing beauty, the springing grain, the fruitful branches of the vine, the trees putting forth their tender buds, the glorious sunset, the crimson clouds predicting a fair morrow, the recurring seasons,&mdash;all these may teach us precious lessons of trust and faith. The imagination has <span class=\"page-break\" data-page=\"83\"></span> here a fruitful field in which to range. The intelligent mind may contemplate with the greatest satisfaction those lessons of divine truth which the world&apos;s Redeemer has associated with the things of nature.",
    "puborder": 191,
    "translations": []
  },
  {
    "para_id": "12815.339",
    "id_prev": "12815.336",
    "id_next": "12815.340",
    "refcode_1": "T30",
    "refcode_2": "83",
    "refcode_3": "1",
    "refcode_4": "",
    "refcode_short": "T30 83.1",
    "refcode_long": "Testimony for the Church — No. 30, p. 83.1 (Ellen Gould White)",
    "element_type": "p",
    "element_subtype": "standard-indented",
    "content": "Christ sharply reproved the men of his time, because they had not learned from nature the spiritual lessons which they might have learned. All things, animate and inanimate, express to man the knowledge of God. The same divine mind which is working upon the things of nature is speaking to the minds and hearts of men, and creating an inexpressible craving for something they have not. The things of the world cannot satisfy their longing. To all these thirsting souls the divine message is addressed, &ldquo;The Spirit and the bride say, Come; and let him that heareth say, Come; and let him that is athirst come; and whosoever will, let him take the water of life freely.&rdquo;",
    "puborder": 192,
    "translations": []
  },
  {
    "para_id": "12815.340",
    "id_prev": "12815.339",
    "id_next": "12815.341",
    "refcode_1": "T30",
    "refcode_2": "83",
    "refcode_3": "2",
    "refcode_4": "",
    "refcode_short": "T30 83.2",
    "refcode_long": "Testimony for the Church — No. 30, p. 83.2 (Ellen Gould White)",
    "element_type": "p",
    "element_subtype": "standard-indented",
    "content": "The Spirit of God is continually impressing the minds of men to seek for those things which alone will give peace and rest,&mdash;the higher, holier joys of Heaven. Christ, the Lord of life and glory, gave his life to redeem man from Satan&apos;s power. Our Saviour is constantly at work, through influences seen and unseen, to attract the minds of men from the unsatisfactory pleasures of this life to the priceless treasure which may be theirs in the immortal future.",
    "puborder": 193,
    "translations": []
  },
  {
    "para_id": "12815.341",
    "id_prev": "12815.340",
    "id_next": "12815.344",
    "refcode_1": "T30",
    "refcode_2": "83",
    "refcode_3": "3",
    "refcode_4": "",
    "refcode_short": "T30 83.3",
    "refcode_long": "Testimony for the Church — No. 30, p. 83.3 (Ellen Gould White)",
    "element_type": "p",
    "element_subtype": "standard-indented",
    "content": "God would have his people, in words and in deportment, declare to the world that no earthly attractions or worldly possessions are <span class=\"page-break\" data-page=\"84\"></span> of sufficient value to compensate for the loss of the heavenly inheritance. Those who are truly children of the light and of the day will not be vain or frivolous in conversation, in dress, or in deportment, but sober, contemplative, constantly exerting an influence to attract souls to the Redeemer. The love of Christ, reflected from the cross, is pleading in behalf of the sinner, drawing him by cords of infinite love to the peace and happiness found in our Saviour. God enjoins upon all his followers to bear a living testimony in unmistakable language by their conduct, their dress and conversation, in all the pursuits of life, that the power of true godliness is profitable to all in this life and in the life to come; that this alone can satisfy the soul of the receiver.",
    "puborder": 194,
    "translations": []
  },
  {
    "para_id": "12815.344",
    "id_prev": "12815.341",
    "id_next": "12815.347",
    "refcode_1": "T30",
    "refcode_2": "84",
    "refcode_3": "1",
    "refcode_4": "",
    "refcode_short": "T30 84.1",
    "refcode_long": "Testimony for the Church — No. 30, p. 84.1 (Ellen Gould White)",
    "element_type": "p",
    "element_subtype": "standard-indented",
    "content": "The glory of God is displayed in his handiwork. Here are mysteries that the mind will become strong in searching out. Minds that have been amused and abused by reading fiction may in nature have an open book, and read truth in the works of God around them. All may find themes for study in the simple leaf of the forest tree, the spires of grass covering the earth with their green velvet carpet, the plants and flowers, the stately trees of the forest, the lofty mountains, the granite rocks, the restless ocean, the precious gems of light studding the heavens to make the night beautiful, the exhaustless riches of the sunlight, the solemn glories of the moon, the winter&apos;s cold, the summer&apos;s heat, the changing, recurring seasons, in perfect <span class=\"page-break\" data-page=\"85\"></span> order and harmony, controlled by infinite power; here are subjects which call for deep thought, for the stretch of the imagination.",
    "puborder": 195,
    "translations": []
  },
  {
    "para_id": "12815.347",
    "id_prev": "12815.344",
    "id_next": "12815.348",
    "refcode_1": "T30",
    "refcode_2": "85",
    "refcode_3": "1",
    "refcode_4": "",
    "refcode_short": "T30 85.1",
    "refcode_long": "Testimony for the Church — No. 30, p. 85.1 (Ellen Gould White)",
    "element_type": "p",
    "element_subtype": "standard-indented",
    "content": "If the frivolous and pleasure-seeking will allow their minds to dwell upon the real and true, the heart can but be filled with reverence, and they will adore the God of nature. The contemplation and study of God&apos;s character as revealed in his created works, will open a field of thought that will draw the mind away from low, debasing, enervating amusements. The knowledge of God&apos;s works and ways we can only begin to obtain in this world; the study will be continued throughout eternity. God has provided for man subjects of thought which will bring into activity every faculty of the mind. We may read the character of the Creator in the heavens above and the earth beneath, filling the heart with gratitude and thanksgiving. Every nerve and sense will respond to the expressions of God&apos;s love in his marvelous works. Satan invents earthly allurements, that the carnal mind may be placed on those things which cannot elevate and refine and ennoble; its powers are thus dwarfed and crippled, and men and women who might attain to perfection of character become narrow, weak, and defective.",
    "puborder": 196,
    "translations": []
  },
  {
    "para_id": "12815.348",
    "id_prev": "12815.347",
    "id_next": "12815.351",
    "refcode_1": "T30",
    "refcode_2": "85",
    "refcode_3": "2",
    "refcode_4": "",
    "refcode_short": "T30 85.2",
    "refcode_long": "Testimony for the Church — No. 30, p. 85.2 (Ellen Gould White)",
    "element_type": "p",
    "element_subtype": "standard-indented",
    "content": "God designed that the Sanitarium which he had established should stand forth as a beacon of light, of warning and reproof. He would prove to the world that an institution conducted on religious principles as an asylum <span class=\"page-break\" data-page=\"86\"></span> for the sick, could be sustained without sacrificing its peculiar, holy character; that it could be kept free from the objectionable features that are found in other institutions of the kind. It was to be an instrumentality in his hand to bring about great reforms. Wrong habits of life should be corrected, the morals elevated, the tastes changed, the dress reformed.",
    "puborder": 197,
    "translations": []
  },
  {
    "para_id": "12815.351",
    "id_prev": "12815.348",
    "id_next": "12815.352",
    "refcode_1": "T30",
    "refcode_2": "86",
    "refcode_3": "1",
    "refcode_4": "",
    "refcode_short": "T30 86.1",
    "refcode_long": "Testimony for the Church — No. 30, p. 86.1 (Ellen Gould White)",
    "element_type": "p",
    "element_subtype": "standard-indented",
    "content": "Disease of every type is brought upon the body through the unhealthful fashionable style of dress; and the fact should be made prominent that a reform must take place, before treatment will effect a cure. The perverted appetite has been pampered, until disease has been produced as the sure result. The crippled, dwarfed faculties and organs cannot be strengthened and invigorated without decided reforms. And if those connected with the Sanitarium are not in every respect correct representatives of the truths of health reform, decided reformation must make them what they should be, or they must be separated from the institution.",
    "puborder": 198,
    "translations": []
  },
  {
    "para_id": "12815.352",
    "id_prev": "12815.351",
    "id_next": "12815.354",
    "refcode_1": "T30",
    "refcode_2": "86",
    "refcode_3": "2",
    "refcode_4": "",
    "refcode_short": "T30 86.2",
    "refcode_long": "Testimony for the Church — No. 30, p. 86.2 (Ellen Gould White)",
    "element_type": "p",
    "element_subtype": "standard-indented",
    "content": "The minds of many take so low a level that God cannot work for them or with them. The current of thought must be changed, the moral sensibilities must be aroused to feel the claims of God. The sum and substance of true religion is to own and continually acknowledge, by words, by dress, by deportment, our relationship to God. Humility should take the place of pride; sobriety, of levity; and devotion, of irreligion and careless indifference.",
    "puborder": 199,
    "translations": []
  },
  {
    "para_id": "12815.354",
    "id_prev": "12815.352",
    "id_next": "12815.355",
    "refcode_1": "T30",
    "refcode_2": "87",
    "refcode_3": "1",
    "refcode_4": "",
    "refcode_short": "T30 87.1",
    "refcode_long": "Testimony for the Church — No. 30, p. 87.1 (Ellen Gould White)",
    "element_type": "p",
    "element_subtype": "standard-indented",
    "content": "Those who have had many years of experience in the cause of God, should, above all others, put to the highest use the talents intrusted them by the Master. But the example of some has been too much on the side of conformity to the world, rather than of maintaining the distinct and separate character of God&apos;s peculiar people. They have had an influence to indulge rather than deny the appetite and the inclination to dress according to the world&apos;s standard. This is all in opposition to the work which God and angels are seeking to do for us as a people, to bring out, to separate, to distinguish us from the world. We should sanctify ourselves as a people, and seek strength from God to meet the demands of this time. When iniquity prevails in the world, God&apos;s people should seek to be more closely connected with Heaven. The tide of moral evil comes upon us with such power that we shall lose our balance and be swept away with the current, unless our feet stand firmly upon the rock, Christ Jesus.",
    "puborder": 200,
    "translations": []
  },
  {
    "para_id": "12815.355",
    "id_prev": "12815.354",
    "id_next": "12815.358",
    "refcode_1": "T30",
    "refcode_2": "87",
    "refcode_3": "2",
    "refcode_4": "",
    "refcode_short": "T30 87.2",
    "refcode_long": "Testimony for the Church — No. 30, p. 87.2 (Ellen Gould White)",
    "element_type": "p",
    "element_subtype": "standard-indented",
    "content": "The prosperity of the Sanitarium is not dependent alone upon the intelligence and knowledge of its physicians, but upon the favor of God. If it is conducted in a manner that God can bless, it will be highly successful, and will stand in advance of any other institution of the kind in the world. Great light, great knowledge, and superior privileges have been given. And in accordance with the light received and not improved, <span class=\"page-break\" data-page=\"88\"></span> and therefore not shining forth upon others, will be the condemnation.",
    "puborder": 201,
    "translations": []
  },
  {
    "para_id": "12815.358",
    "id_prev": "12815.355",
    "id_next": "12815.359",
    "refcode_1": "T30",
    "refcode_2": "88",
    "refcode_3": "1",
    "refcode_4": "",
    "refcode_short": "T30 88.1",
    "refcode_long": "Testimony for the Church — No. 30, p. 88.1 (Ellen Gould White)",
    "element_type": "p",
    "element_subtype": "standard-indented",
    "content": "The minds of some are being turned in the channel of unbelief. These persons think they see reason to doubt the word and the work of God, because the course of some professed Christians looks questionable to them. But does this move the foundation? We are not to make the course of others the basis of our faith. We are to imitate Christ, the perfect pattern. If any allow their hold on him to be weakened because men err, because defects are seen in the character of those who profess the truth, they will ever be on sliding sand. Their eyes must be directed to the Author and Finisher of their faith; they must strengthen their souls with the assurance of the great apostle: &ldquo;Nevertheless, the foundation of God standeth sure, having this seal, The Lord knoweth them that are his.&rdquo; God cannot be deceived. He reads character correctly. He weighs motives. Nothing escapes his all-seeing eye; the thoughts, the intents and purposes of the heart,&mdash;all are discerned by him.",
    "puborder": 202,
    "translations": []
  },
  {
    "para_id": "12815.359",
    "id_prev": "12815.358",
    "id_next": "12815.362",
    "refcode_1": "T30",
    "refcode_2": "88",
    "refcode_3": "2",
    "refcode_4": "",
    "refcode_short": "T30 88.2",
    "refcode_long": "Testimony for the Church — No. 30, p. 88.2 (Ellen Gould White)",
    "element_type": "p",
    "element_subtype": "standard-indented",
    "content": "There is no excuse for doubt or skepticism. God has made ample provision to establish the faith of all men, if they will decide from the weight of evidence. But if they wait to have every seeming objection removed before they believe, they will never be settled, rooted, and grounded in the truth. God will never remove all seeming difficulties from our path. Those who wish to doubt, may find opportunity; those who wish to believe, <span class=\"page-break\" data-page=\"89\"></span> will find plenty of evidence upon which to base their faith. The position of some is unexplainable, even to themselves. They are drifting without an anchor, beating about in fog and uncertainty. Satan soon seizes the helm, and carries their frail bark wherever he pleases. They become subject to his will. Had these minds not listened to Satan, they would not have been deceived by his sophistry; had they been balanced on the side of God, they would not have become confused and bewildered.",
    "puborder": 203,
    "translations": []
  },
  {
    "para_id": "12815.362",
    "id_prev": "12815.359",
    "id_next": "12815.363",
    "refcode_1": "T30",
    "refcode_2": "89",
    "refcode_3": "1",
    "refcode_4": "",
    "refcode_short": "T30 89.1",
    "refcode_long": "Testimony for the Church — No. 30, p. 89.1 (Ellen Gould White)",
    "element_type": "p",
    "element_subtype": "standard-indented",
    "content": "God and angels are watching with intense interest the development of character, and are weighing moral worth. Those who withstand Satan&apos;s devices will come forth as gold tried in the fire. Those who are swept off their feet by the waves of temptation, imagine, as did Eve, that they are becoming wonderfully wise, outgrowing their ignorance and narrow conscientiousness; but, like her, they will find themselves sadly deceived. They have been chasing shadows, exchanging heavenly wisdom for frail human judgment. A little knowledge has made them self-conceited. A more deep and thorough knowledge of themselves, and of God would make them again sane and sensible men, and would balance them on the side of truth, of angels, and of God.",
    "puborder": 204,
    "translations": []
  },
  {
    "para_id": "12815.363",
    "id_prev": "12815.362",
    "id_next": "12815.366",
    "refcode_1": "T30",
    "refcode_2": "89",
    "refcode_3": "2",
    "refcode_4": "",
    "refcode_short": "T30 89.2",
    "refcode_long": "Testimony for the Church — No. 30, p. 89.2 (Ellen Gould White)",
    "element_type": "p",
    "element_subtype": "standard-indented",
    "content": "The word of God will judge every one of us at the last great day. Young men talk about science, and are wise above that which is written; they seek to explain the ways and works of God to meet their finite comprehension; <span class=\"page-break\" data-page=\"90\"></span> but it is all a miserable failure. True science and inspiration are in perfect harmony. False science is a something independent of God. It is pretentious ignorance. This deceptive power has captivated and enslaved the minds of many, and they have chosen darkness rather than light. They have taken their position on the side of unbelief, as though it were a virtue, and the sign of a great mind, to doubt; when it is the sign of a mind too weak and narrow to perceive God in his created works. They could not fathom the mystery of his providence, should they study with all their power for a life-time. And because the works of God cannot be explained by finite minds, Satan brings his sophistry to bear upon them, and entangles them in the meshes of unbelief. If these doubting ones will come into close connection with God, he will make his purposes clear to their understanding.",
    "puborder": 205,
    "translations": []
  },
  {
    "para_id": "12815.366",
    "id_prev": "12815.363",
    "id_next": "12815.367",
    "refcode_1": "T30",
    "refcode_2": "90",
    "refcode_3": "1",
    "refcode_4": "",
    "refcode_short": "T30 90.1",
    "refcode_long": "Testimony for the Church — No. 30, p. 90.1 (Ellen Gould White)",
    "element_type": "p",
    "element_subtype": "standard-indented",
    "content": "Spiritual things are spiritually discerned. The carnal mind cannot comprehend these mysteries. If questioners and doubters continue to follow the great deceiver, the impressions and convictions of God&apos;s Spirit will grow less and less, the promptings of Satan more frequent, until the mind will fully submit to his control. Then that which appears to these bewildered minds as foolishness will be the power of God, and that which God regards as foolishness will be to them the strength of wisdom.",
    "puborder": 206,
    "translations": []
  },
  {
    "para_id": "12815.367",
    "id_prev": "12815.366",
    "id_next": "12815.370",
    "refcode_1": "T30",
    "refcode_2": "90",
    "refcode_3": "2",
    "refcode_4": "",
    "refcode_short": "T30 90.2",
    "refcode_long": "Testimony for the Church — No. 30, p. 90.2 (Ellen Gould White)",
    "element_type": "p",
    "element_subtype": "standard-indented",
    "content": "One of the great evils which has attended the quest of knowledge, the investigations of <span class=\"page-break\" data-page=\"91\"></span> science, is that those who engage in these researches, too often lose sight of the divine character of pure and unadulterated religion. The worldly-wise have attempted to explain upon scientific principles the influence of the Spirit of God upon the heart. The least advance in this direction will lead the soul into the mazes of skepticism. The religion of the Bible is simply the mystery of godliness; no human mind can fully understand it, and it is utterly incomprehensible to the unregenerate heart.",
    "puborder": 207,
    "translations": []
  },
  {
    "para_id": "12815.370",
    "id_prev": "12815.367",
    "id_next": "12815.371",
    "refcode_1": "T30",
    "refcode_2": "91",
    "refcode_3": "1",
    "refcode_4": "",
    "refcode_short": "T30 91.1",
    "refcode_long": "Testimony for the Church — No. 30, p. 91.1 (Ellen Gould White)",
    "element_type": "p",
    "element_subtype": "standard-indented",
    "content": "The Son of God compared the operations of the Holy Spirit to the wind, which &ldquo;bloweth where it listeth, and thou hearest the sound thereof, but canst not tell whence it cometh, and whither it goeth.&rdquo; Again, we read in the Sacred Record that the world&apos;s Redeemer rejoiced in spirit, and said, &ldquo;I thank thee, O Father, Lord of Heaven and earth, because thou hast hid these things from the wise and prudent, and hast revealed them unto babes.&rdquo;",
    "puborder": 208,
    "translations": []
  },
  {
    "para_id": "12815.371",
    "id_prev": "12815.370",
    "id_next": "12815.374",
    "refcode_1": "T30",
    "refcode_2": "91",
    "refcode_3": "2",
    "refcode_4": "",
    "refcode_short": "T30 91.2",
    "refcode_long": "Testimony for the Church — No. 30, p. 91.2 (Ellen Gould White)",
    "element_type": "p",
    "element_subtype": "standard-indented",
    "content": "The Saviour rejoiced that the plan of salvation is such that those who are wise in their own estimation, who are puffed up by the teachings of vain philosophy, cannot see the beauty, power, and hidden mystery of the gospel. But to all those who are of a humble heart, who have a teachable, honest, childlike desire to know and do the will of their Heavenly Father, his word is revealed as the power of God to their salvation. The operation of the Spirit of God is foolishness to the unrenewed man. The apostle Paul <span class=\"page-break\" data-page=\"92\"></span> says, &ldquo;But if our gospel be hid, it is hid to them that are lost. In whom the god of this world hath blinded the minds of them which believe not, lest the light of the glorious gospel of Christ, who is the image of God, should shine unto them.&rdquo;",
    "puborder": 209,
    "translations": []
  },
  {
    "para_id": "12815.374",
    "id_prev": "12815.371",
    "id_next": "12815.375",
    "refcode_1": "T30",
    "refcode_2": "92",
    "refcode_3": "1",
    "refcode_4": "",
    "refcode_short": "T30 92.1",
    "refcode_long": "Testimony for the Church — No. 30, p. 92.1 (Ellen Gould White)",
    "element_type": "p",
    "element_subtype": "standard-indented",
    "content": "The success of the Sanitarium depends upon its maintaining the simplicity of godliness, and shunning the world&apos;s follies in eating, drinking, dressing, and amusements. It must be reformatory in all its principles. Let nothing be invented to satisfy the wants of the soul, and take the room and time which Christ and his service demand; for this will destroy the power of the institution as God&apos;s instrumentality to convert poor, sin-sick souls, who, ignorant of the way of life and peace, have sought for happiness in pride and vain folly.",
    "puborder": 210,
    "translations": []
  },
  {
    "para_id": "12815.375",
    "id_prev": "12815.374",
    "id_next": "12815.378",
    "refcode_1": "T30",
    "refcode_2": "92",
    "refcode_3": "2",
    "refcode_4": "",
    "refcode_short": "T30 92.2",
    "refcode_long": "Testimony for the Church — No. 30, p. 92.2 (Ellen Gould White)",
    "element_type": "p",
    "element_subtype": "standard-indented",
    "content": "&ldquo;Standing by a purpose true,&rdquo; should be the position of all connected with the Sanitarium. While none should urge our faith upon the patients, or engage in religious controversy with them, our papers and publications, carefully selected, should be in sight almost everywhere. The religious element must predominate. This has been and ever will be the power of that institution. Let not our health asylum be perverted to the service of worldliness and fashion. There are hygienic institutions enough in our land that are more like an accommodating hotel than a place where the sick and suffering can obtain relief for their bodily infirmities, and the sin-sick soul can find that peace and rest in Jesus <span class=\"page-break\" data-page=\"93\"></span> to be found nowhere else. Let religious principles be made prominent, and kept so; let pride and popularity be discarded; let simplicity and plainness, kindness and faithfulness be seen everywhere,&mdash;then the Sanitarium will be just what God designed it should be; then the Lord will favor it.",
    "puborder": 211,
    "translations": []
  },
  {
    "para_id": "12815.378",
    "id_prev": "12815.375",
    "id_next": "12815.379",
    "refcode_1": "T30",
    "refcode_2": "93",
    "refcode_3": "",
    "refcode_4": "",
    "refcode_short": "",
    "refcode_long": "",
    "element_type": "p",
    "element_subtype": "thoughtbreak",
    "content": "* * * * *",
    "puborder": 212,
    "translations": []
  }
]