[
  {
    "para_id": "452.614",
    "id_prev": "452.613",
    "id_next": "452.615",
    "refcode_1": "PrT",
    "refcode_2": "",
    "refcode_3": "",
    "refcode_4": "1900",
    "refcode_short": "PrT October 4,  1900",
    "refcode_long": "The Present Truth (UK) October 4,  1900",
    "element_type": "h3",
    "element_subtype": "",
    "content": "October 4, 1900",
    "puborder": 609,
    "translations": []
  },
  {
    "para_id": "452.615",
    "id_prev": "452.614",
    "id_next": "452.616",
    "refcode_1": "PrT",
    "refcode_2": "",
    "refcode_3": "",
    "refcode_4": "1900",
    "refcode_short": "PrT October 4,  1900",
    "refcode_long": "The Present Truth (UK) October 4,  1900",
    "element_type": "h5",
    "element_subtype": "",
    "content": "God&apos;s Temple",
    "puborder": 610,
    "translations": []
  },
  {
    "para_id": "452.616",
    "id_prev": "452.615",
    "id_next": "452.617",
    "refcode_1": "PrT",
    "refcode_2": "",
    "refcode_3": "",
    "refcode_4": "1900",
    "refcode_short": "",
    "refcode_long": "",
    "element_type": "p",
    "element_subtype": "periodicalauthor",
    "content": "EGW",
    "puborder": 611,
    "translations": []
  },
  {
    "para_id": "452.617",
    "id_prev": "452.616",
    "id_next": "452.618",
    "refcode_1": "PrT",
    "refcode_2": "",
    "refcode_3": "",
    "refcode_4": "1900",
    "refcode_short": "PrT October 4,  1900, par. 1",
    "refcode_long": "The Present Truth (UK) October 4,  1900, paragraph 1",
    "element_type": "p",
    "element_subtype": "standard-indented",
    "content": "Young men and women, heed the charge that is given to you through the Apostle Paul. He says: &ldquo;I beseech you therefore, brethren, by the mercies of God, that ye present your bodies a living sacrifice, holy, acceptable unto God, which is your reasonable service.&rdquo;",
    "puborder": 612,
    "translations": []
  },
  {
    "para_id": "452.618",
    "id_prev": "452.617",
    "id_next": "452.619",
    "refcode_1": "PrT",
    "refcode_2": "",
    "refcode_3": "",
    "refcode_4": "1900",
    "refcode_short": "PrT October 4,  1900, par. 2",
    "refcode_long": "The Present Truth (UK) October 4,  1900, paragraph 2",
    "element_type": "p",
    "element_subtype": "standard-indented",
    "content": "Again Paul says, &ldquo;Whether therefore ye eat or drink, or whatsoever ye do, do all to the glory of God.&rdquo; We are to do everything under a sense of our personal accountability and responsibility before God. The whole treatment of the physical organism has an effect upon the life of the soul. The condition of the body has a close relation to the life of Christ in the heart.",
    "puborder": 613,
    "translations": []
  },
  {
    "para_id": "452.619",
    "id_prev": "452.618",
    "id_next": "452.620",
    "refcode_1": "PrT",
    "refcode_2": "",
    "refcode_3": "",
    "refcode_4": "1900",
    "refcode_short": "PrT October 4,  1900, par. 3",
    "refcode_long": "The Present Truth (UK) October 4,  1900, paragraph 3",
    "element_type": "p",
    "element_subtype": "standard-indented",
    "content": "One asks, &ldquo;May I not do as I choose with myself? Is not my body my own?&rdquo;&mdash;No; for the Lord has bought us. Our bodies are the members of Christ. &ldquo;What? know ye not that your body is the temple of the Holy Ghost which is in you, which ye have of God, and ye are not your own? For ye are bought with a price: therefore glorify God in your body, and in your spirit, which are God&apos;s.&rdquo; &ldquo;Know ye not that ye are the temple of God, and that the Spirit of God dwelleth in you? If any man defile the temple of God, him shall God destroy; for the temple of God is holy, which temple ye are.&rdquo; God condemns every sinful, defiling practice.",
    "puborder": 614,
    "translations": []
  },
  {
    "para_id": "452.620",
    "id_prev": "452.619",
    "id_next": "452.621",
    "refcode_1": "PrT",
    "refcode_2": "",
    "refcode_3": "",
    "refcode_4": "1900",
    "refcode_short": "",
    "refcode_long": "",
    "element_type": "p",
    "element_subtype": "egwsignatureline",
    "content": "Mrs. E. G. White.",
    "puborder": 615,
    "translations": []
  }
]