[
  {
    "para_id": "641.17",
    "id_prev": "641.14",
    "id_next": "641.18",
    "refcode_1": "OMS",
    "refcode_2": "10",
    "refcode_3": "",
    "refcode_4": "",
    "refcode_short": "OMS 10",
    "refcode_long": "Over My Shoulder, p. 10 (Ella May White Robinson)",
    "element_type": "h3",
    "element_subtype": "",
    "content": "Before You Begin",
    "puborder": 15,
    "translations": []
  },
  {
    "para_id": "641.18",
    "id_prev": "641.17",
    "id_next": "641.19",
    "refcode_1": "OMS",
    "refcode_2": "10",
    "refcode_3": "6",
    "refcode_4": "",
    "refcode_short": "OMS 10.6",
    "refcode_long": "Over My Shoulder, p. 10.6 (Ella May White Robinson)",
    "element_type": "p",
    "element_subtype": "standard-indented",
    "content": "When Ella White Robinson was well along in years, she finally had time to look back over her shoulder, so to speak, and describe for us the panorama of her life. Her earliest memories take us back to the year 1885, when she was 3 years old and living with her parents, William C. and Mary Kelsey White, in Oakland, California. Her father divided his time between assisting his mother in her travels and the publishing of her books. He was also involved in the publishing and educational interests of the church on the West Coast. Her grandmother, Ellen G. White, 57 years of age and a widow, was residing in Healdsburg, about seventy-five miles to the north.",
    "puborder": 16,
    "translations": []
  },
  {
    "para_id": "641.19",
    "id_prev": "641.18",
    "id_next": "641.20",
    "refcode_1": "OMS",
    "refcode_2": "10",
    "refcode_3": "7",
    "refcode_4": "",
    "refcode_short": "OMS 10.7",
    "refcode_long": "Over My Shoulder, p. 10.7 (Ella May White Robinson)",
    "element_type": "p",
    "element_subtype": "standard-indented",
    "content": "Then came an urgent request for Ellen White to visit and work in Europe, and also for her son William, then 30 years of age, to accompany her. His counsel was needed by the workers in Basel, Switzerland, who were just completing and furnishing a new publishing house in that country.",
    "puborder": 17,
    "translations": []
  },
  {
    "para_id": "641.20",
    "id_prev": "641.19",
    "id_next": "641.21",
    "refcode_1": "OMS",
    "refcode_2": "10",
    "refcode_3": "8",
    "refcode_4": "",
    "refcode_short": "OMS 10.8",
    "refcode_long": "Over My Shoulder, p. 10.8 (Ella May White Robinson)",
    "element_type": "p",
    "element_subtype": "standard-indented",
    "content": "On August 7, 1885, the group sailed for Europe, returning to America two years later.",
    "puborder": 18,
    "translations": []
  },
  {
    "para_id": "641.21",
    "id_prev": "641.20",
    "id_next": "641.23",
    "refcode_1": "OMS",
    "refcode_2": "10",
    "refcode_3": "9",
    "refcode_4": "",
    "refcode_short": "OMS 10.9",
    "refcode_long": "Over My Shoulder, p. 10.9 (Ella May White Robinson)",
    "element_type": "p",
    "element_subtype": "standard-indented",
    "content": "So now, let us begin to trace with Ella her memories, which will carry us back nearly a century to the years of her earliest childhood.",
    "puborder": 19,
    "translations": []
  }
]