[
  {
    "para_id": "1112.557",
    "id_prev": "1112.556",
    "id_next": "1112.558",
    "refcode_1": "CAR",
    "refcode_2": "81",
    "refcode_3": "",
    "refcode_4": "",
    "refcode_short": "CAR 81",
    "refcode_long": "The Captivity of the Republic, p. 81 (Alonzo Trevier Jones)",
    "element_type": "h3",
    "element_subtype": "",
    "content": "THEY DID THIS",
    "puborder": 422,
    "translations": []
  },
  {
    "para_id": "1112.558",
    "id_prev": "1112.557",
    "id_next": "1112.559",
    "refcode_1": "CAR",
    "refcode_2": "81",
    "refcode_3": "2",
    "refcode_4": "",
    "refcode_short": "CAR 81.2",
    "refcode_long": "The Captivity of the Republic, p. 81.2 (Alonzo Trevier Jones)",
    "element_type": "p",
    "element_subtype": "standard-indented",
    "content": "&ldquo;<em>Resolved</em>, That we give our votes and support to those candidates or political officers who will pledge themselves to vote for the enactment and enforcing statutes in favor of the civil Sabbath.&rdquo; <sup class=\"footnote\"><a class=\"footnote\">12<span class=\"footnote\">Sunday-law Convention, Elgin, Ill., Nov. 8, 1887.</span></a></sup>",
    "puborder": 423,
    "translations": []
  },
  {
    "para_id": "1112.559",
    "id_prev": "1112.558",
    "id_next": "1112.560",
    "refcode_1": "CAR",
    "refcode_2": "81",
    "refcode_3": "3",
    "refcode_4": "",
    "refcode_short": "CAR 81.3",
    "refcode_long": "The Captivity of the Republic, p. 81.3 (Alonzo Trevier Jones)",
    "element_type": "p",
    "element_subtype": "standard-indented",
    "content": "For several years they offered themselves upon this bid to all takers. But until 1892, opportunity was presented upon which they might act positively and decidedly upon the resolution which they had formed. The World&rsquo;s Fair enterprise, however, when it was taken up by Congress, presented the very chance for which they had been looking. Consequently, at this they acted together as one body in demanding the nation&rsquo;s recognition and support of Sunday sacredness, by the threatening resolution printed on page 65.",
    "puborder": 424,
    "translations": []
  },
  {
    "para_id": "1112.560",
    "id_prev": "1112.559",
    "id_next": "1112.562",
    "refcode_1": "CAR",
    "refcode_2": "81",
    "refcode_3": "4",
    "refcode_4": "",
    "refcode_short": "CAR 81.4",
    "refcode_long": "The Captivity of the Republic, p. 81.4 (Alonzo Trevier Jones)",
    "element_type": "p",
    "element_subtype": "standard-indented",
    "content": "God has said that he &ldquo;hath made of one blood all nations of men, for to dwell on all the face of the earth, and hath determined the times before appointed, and the bounds of their habitation; <em>that they should seek the Lord</em>, if haply they might feel after him, and find him.&rdquo; <span class=\"egwlink egwlink_bible\" title=\"Acts 17:26\" data-link=\"1965.56180\">Acts 17:26, 27</span>. Here are these churches which find themselves sorely in need of a power beyond themselves, and other than their own. But instead of meeting the Lord&rsquo;s mind, and seeking him, and so setting a bright example to all men, they turn their backs upon the Lord, and seek <em>the government of the United States</em>, and feel after <em>it,&mdash;and they found it, too</em>.",
    "puborder": 425,
    "translations": []
  },
  {
    "para_id": "1112.562",
    "id_prev": "1112.560",
    "id_next": "1112.563",
    "refcode_1": "CAR",
    "refcode_2": "82",
    "refcode_3": "1",
    "refcode_4": "",
    "refcode_short": "CAR 82.1",
    "refcode_long": "The Captivity of the Republic, p. 82.1 (Alonzo Trevier Jones)",
    "element_type": "p",
    "element_subtype": "standard-indented",
    "content": "The Church of Christ is the Lord&rsquo;s appointed agency through which he would call men unto himself that they may find in him deliverance from this present evil world. Now here are these <em>professed</em> churches of Christ who find themselves overloaded with worldly influences and worldly practices. Instead of seeking <em>the Lord</em> for deliverance from this burden of evil, they seek, by the chiefest of worldly means, a closer alliance with the highest source of worldly influences and worldly practices! For deliverance from an evil which they know, they seek the very source of that evil!! For deliverance from the power of the world, they enter by force into the possession of the greatest worldly power!!! Was there ever a more complete apostasy than this? Could the example of the original apostate church be more exactly followed than it has been in this procedure? And that which marks how complete the apostasy is, is that in this even the Baptist Church is in large measure included. Even she who had always kept herself clear of such an illicit connection has been carried away in this evil tide of apostasy; and all together have joined hands with the original apostate Church to make successful their determination to secure the power of earthly government.",
    "puborder": 426,
    "translations": []
  },
  {
    "para_id": "1112.563",
    "id_prev": "1112.562",
    "id_next": "1112.566",
    "refcode_1": "CAR",
    "refcode_2": "82",
    "refcode_3": "2",
    "refcode_4": "",
    "refcode_short": "CAR 82.2",
    "refcode_long": "The Captivity of the Republic, p. 82.2 (Alonzo Trevier Jones)",
    "element_type": "p",
    "element_subtype": "standard-indented",
    "content": "Thus again, these who had been espoused to Christ, who had been joined to him in the bonds of heavenly alliance, have violated their vows and broken their marriage bonds to him who is perfect in power, in love, and purity. Once more these have forsaken the heavenly power and sought for earthly power. They have forsaken the arm of the Lord and have put their confidence in the arm of flesh. They have forsaken the heavenly Husband and have formed an adulterous connection with an earthly lord. Once more the unholy Church has formed an unholy connection with the unholy State. And once more the very first fruit of it is a national law expressive of her will in the matter of Sunday observance; and the rest of the baleful fruit of such illicit connection will inevitably <span class=\"page-break\" data-page=\"83\"></span> follow. Is it at all strange, therefore, that the following passage should have been printed, even some time ago, by a leading divine in one of the leading &ldquo;Protestant&rdquo; papers of the country? Discussing the question of the reunion of Christendom, he argued for it against certain ones, thus:&mdash;",
    "puborder": 427,
    "translations": []
  },
  {
    "para_id": "1112.566",
    "id_prev": "1112.563",
    "id_next": "1112.567",
    "refcode_1": "CAR",
    "refcode_2": "83",
    "refcode_3": "1",
    "refcode_4": "",
    "refcode_short": "CAR 83.1",
    "refcode_long": "The Captivity of the Republic, p. 83.1 (Alonzo Trevier Jones)",
    "element_type": "p",
    "element_subtype": "standard-indented",
    "content": "&ldquo;You would exclude the Roman Catholic Church, <em>the mother of us all</em>, the church of scholars and saints, such as Augustine, and Aquinas, and Bernard, and Fenelon: the Church of all races, ranks, and classes, which already gives signs of becoming American as well as Roman....You would exclude also the Protestant Episcopal Church, the beautiful <em>daughter</em> of a <em>beautiful mother</em>.&rdquo;",
    "puborder": 428,
    "translations": []
  },
  {
    "para_id": "1112.567",
    "id_prev": "1112.566",
    "id_next": "1112.568",
    "refcode_1": "CAR",
    "refcode_2": "83",
    "refcode_3": "2",
    "refcode_4": "",
    "refcode_short": "CAR 83.2",
    "refcode_long": "The Captivity of the Republic, p. 83.2 (Alonzo Trevier Jones)",
    "element_type": "p",
    "element_subtype": "standard-indented",
    "content": "That was printed Feb. 9, 1888, in the <em>Evangelist</em>, New York City, one of the two leading Presbyterian papers of the country. And from that time to this, never have we seen or heard a single word of protest or dissent from any of the professed evangelical Protestant churches of the country. This states their relationship to &ldquo;Babylon, the mother of harlots&rdquo; as that of daughters; and even beautiful daughters, after the &ldquo;beautiful mother.&rdquo; Their silence is consent that the relationship is correctly stated. And their <em>action</em> in forsaking their rightful Lord and entering into this illicit union with another is positive demonstration that the relationship is herein correctly given. For just as certainly as the original apostasy created &ldquo;Babylon the mother of harlots and abominations of the earth,&rdquo; just so certainly this apostasy in our day and in our country has created the harlot daughters of &ldquo;Babylon the mother.&rdquo; She is the mother only of &ldquo;harlots and abominations.&rdquo; By positive statement it has been said of them and for them that they are her daughters. By silence they have confessed it, and by action they have demonstrated it. And it is so. We are sorry; but so it is.",
    "puborder": 429,
    "translations": []
  }
]