[
  {
    "para_id": "330.127",
    "id_prev": "330.123",
    "id_next": "330.128",
    "refcode_1": "PH157",
    "refcode_2": "26",
    "refcode_3": "",
    "refcode_4": "25",
    "refcode_short": "PH157 26",
    "refcode_long": "Special Testimony to the Oakland and Battle Creek Churches, p. 26 (Ellen Gould White)",
    "element_type": "h3",
    "element_subtype": "",
    "content": "Our Great Need",
    "puborder": 81,
    "translations": []
  },
  {
    "para_id": "330.128",
    "id_prev": "330.127",
    "id_next": "330.129",
    "refcode_1": "PH157",
    "refcode_2": "26",
    "refcode_3": "1",
    "refcode_4": "",
    "refcode_short": "PH157 26.1",
    "refcode_long": "Special Testimony to the Oakland and Battle Creek Churches, p. 26.1 (Ellen Gould White)",
    "element_type": "p",
    "element_subtype": "standard-indented",
    "content": "We should know what we must do to be saved. We should not, my brethren and sisters, float along with the popular current. Our present work is to come out from the world and be separate. This is the only way we can walk with God, as did Enoch. Divine influences were constantly working with his human efforts. Like him, we are called upon to have a strong, living, working faith, and this is the only way we can be laborers together with God. We must meet the conditions laid down in the Word of God, or die in our sins. We must know what moral changes are essential to be made in our characters, through the grace of Christ, in order to be fitted for the mansions above. I tell you in the fear of God, we are in danger of living like the Jews,&mdash;destitute of the love of God, and ignorant of his power, while the blazing light of truth is shining all around us.",
    "puborder": 82,
    "translations": []
  },
  {
    "para_id": "330.129",
    "id_prev": "330.128",
    "id_next": "330.130",
    "refcode_1": "PH157",
    "refcode_2": "26",
    "refcode_3": "2",
    "refcode_4": "",
    "refcode_short": "PH157 26.2",
    "refcode_long": "Special Testimony to the Oakland and Battle Creek Churches, p. 26.2 (Ellen Gould White)",
    "element_type": "p",
    "element_subtype": "standard-indented",
    "content": "The present activity of Satan in working upon hearts, and upon churches and nations, should startle every student of prophecy. The end is near. Let our churches arise. Let the converting power of God be experienced in the hearts of the individual members, and then we shall see the deep movings of the Spirit of God. The forgiveness of sins is not the sole result of the death of Jesus. He made the infinite sacrifice, not only that sin might be removed, but that human nature might be restored, rebeautified, reconstructed from its ruins, and made fit for the presence of God.",
    "puborder": 83,
    "translations": []
  },
  {
    "para_id": "330.130",
    "id_prev": "330.129",
    "id_next": "330.133",
    "refcode_1": "PH157",
    "refcode_2": "26",
    "refcode_3": "3",
    "refcode_4": "",
    "refcode_short": "PH157 26.3",
    "refcode_long": "Special Testimony to the Oakland and Battle Creek Churches, p. 26.3 (Ellen Gould White)",
    "element_type": "p",
    "element_subtype": "standard-indented",
    "content": "We should show our faith by our works. A greater anxiety should be manifested to have a large measure of the Spirit of Christ; for in this <span class=\"page-break\" data-page=\"27\"></span> will be the strength of the church. It is Satan who is striving to have God&apos;s children draw apart. Love, O, how little love we have&mdash;love for God and for one another! The Word and Spirit of truth, dwelling in our hearts, will separate us from the world. The immutable principles of truth and love will bind heart to heart, and the strength of the union will be according to the measure of grace and truth enjoyed. Well would it be for us each to hold up the mirror, God&apos;s royal law, and see in it the reflection of his own character. Let us be careful not to neglect the danger signals, and the warnings given in his Word. Unless heed is given to these warnings, and defects of character are overcome, these defects will overcome those who possess them, and they will fall into error, apostasy, and open sin. The mind that is not elevated to the highest standard, will in time lose its power to retain that which it had once gained. &ldquo;Let him that thinketh he standeth, take heed lest he fall.&rdquo; &ldquo;Ye therefore, beloved, seeing ye know these things before, beware lest ye also, being led away with the error of the wicked, fall from your own steadfastness. But grow in grace, and in the knowledge of our Lord and Saviour Jesus Christ.&rdquo;",
    "puborder": 84,
    "translations": []
  }
]