[
  {
    "para_id": "1249.4064",
    "id_prev": "1249.4061",
    "id_next": "1249.4065",
    "refcode_1": "TTR",
    "refcode_2": "809",
    "refcode_3": "",
    "refcode_4": "",
    "refcode_short": "TTR 809",
    "refcode_long": "The Two Republics, or Rome and the United States of America, p. 809 (Alonzo Trevier Jones)",
    "element_type": "h4",
    "element_subtype": "",
    "content": "RELIGIOUS PROCLAMATIONS",
    "puborder": 2642,
    "translations": []
  },
  {
    "para_id": "1249.4065",
    "id_prev": "1249.4064",
    "id_next": "1249.4066",
    "refcode_1": "TTR",
    "refcode_2": "809",
    "refcode_3": "1",
    "refcode_4": "",
    "refcode_short": "TTR 809.1",
    "refcode_long": "The Two Republics, or Rome and the United States of America, p. 809.1 (Alonzo Trevier Jones)",
    "element_type": "p",
    "element_subtype": "standard-indented",
    "content": "Another unconstitutional practice which has been followed, and which has established a precedent that is now urged in support of the grand movement for national religious legislation, is that wherein the President of the United States directs religious exercises by proclaiming national fasts, prayers, and thanksgivings. The Constitution confers upon the President no such powers. The opinion of Jefferson upon this point, written in a letter January 23, 1808, is as follows:&mdash;",
    "puborder": 2643,
    "translations": []
  },
  {
    "para_id": "1249.4066",
    "id_prev": "1249.4065",
    "id_next": "1249.4069",
    "refcode_1": "TTR",
    "refcode_2": "809",
    "refcode_3": "2",
    "refcode_4": "",
    "refcode_short": "TTR 809.2",
    "refcode_long": "The Two Republics, or Rome and the United States of America, p. 809.2 (Alonzo Trevier Jones)",
    "element_type": "p",
    "element_subtype": "standard-indented",
    "content": "&ldquo;I consider the government of the United States <em>as interdicted by the Constitution from intermeddling with religious institutions, their doctrines, discipline, or exercises.</em> This results not only from the provision that no law shall be made respecting the establishment or free exercise of religion, but from that, also, which reserves to the States the powers not delegated to the United States. Certainly, no power to prescribe any religious exercise, or to assume authority in religious discipline, has been delegated to the general government. It must, then, rest with the States, as far as it can be in any human authority. But it is only proposed that I should <em>recommend,</em> not prescribe, a day of fasting and prayer. That is, that I should <em>indirectly</em> assume to the United States an authority over religious exercises, <em>which the Constitution has directly precluded them from.</em> It must be meant, too, that this recommendation is to carry some authority, and to be sanctioned by some penalty on those who disregard it; not, indeed, of fine and imprisonment, but of some degree of proscription perhaps in public opinion. And does the change in the nature of the penalty make the recommendation less a <em>law</em> of conduct for those to whom it is directed? I do not believe that it is for the interest of religion to invite the civil magistrate to direct its exercises, its discipline, or its doctrines; nor of the religious societies, that the general government should be invested with the power of effecting any uniformity of time or matter among them. Fasting and prayer are religious exercises; the enjoining them, an act of discipline. Every religious society has a <span class=\"page-break\" data-page=\"810\"></span> right to determine for itself the time for these exercises, and the objects proper for them, according to their own particular tenets; and this right can never be safer than in their own hands, <em>where the Constitution</em> has deposited it.&rdquo; <sup class=\"footnote\"><a class=\"footnote\">5<span class=\"footnote\">[Page 810] Blakely&rsquo;s &ldquo;American State Papers,&rdquo; pp. 56, 57. <em>Id.,</em> p. 75.</span></a></sup>",
    "puborder": 2644,
    "translations": []
  },
  {
    "para_id": "1249.4069",
    "id_prev": "1249.4066",
    "id_next": "1249.4070",
    "refcode_1": "TTR",
    "refcode_2": "810",
    "refcode_3": "1",
    "refcode_4": "",
    "refcode_short": "TTR 810.1",
    "refcode_long": "The Two Republics, or Rome and the United States of America, p. 810.1 (Alonzo Trevier Jones)",
    "element_type": "p",
    "element_subtype": "standard-indented",
    "content": "Madison also held that this practice is a deviation from the strict principle of the separation of religion form civil jurisdiction as demanded by the Constitution. His word as written in the letter before quoted on chaplaincies, is as follows:&mdash;",
    "puborder": 2645,
    "translations": []
  },
  {
    "para_id": "1249.4070",
    "id_prev": "1249.4069",
    "id_next": "1249.4071",
    "refcode_1": "TTR",
    "refcode_2": "810",
    "refcode_3": "2",
    "refcode_4": "",
    "refcode_short": "TTR 810.2",
    "refcode_long": "The Two Republics, or Rome and the United States of America, p. 810.2 (Alonzo Trevier Jones)",
    "element_type": "p",
    "element_subtype": "standard-indented",
    "content": "&ldquo;There has been another deviation from the strict principle [&rdquo; of the immunity of religion from civil jurisdiction &ldquo;] in the executive proclamations of fasts and festivals.&rdquo; <sup class=\"footnote\"><a class=\"footnote\">6<span class=\"footnote\">[Page 811] See p. 297, this book.</span></a></sup>",
    "puborder": 2646,
    "translations": []
  },
  {
    "para_id": "1249.4071",
    "id_prev": "1249.4070",
    "id_next": "1249.4072",
    "refcode_1": "TTR",
    "refcode_2": "810",
    "refcode_3": "3",
    "refcode_4": "",
    "refcode_short": "TTR 810.3",
    "refcode_long": "The Two Republics, or Rome and the United States of America, p. 810.3 (Alonzo Trevier Jones)",
    "element_type": "p",
    "element_subtype": "standard-indented",
    "content": "Yet even Madison allowed himself by some sort of political or other &ldquo;necessity&rdquo; to be swerved from this acknowledged principle, and actually issued such proclamations, and apologized for them by the plea that they were &ldquo;indiscriminate, and merely recommendatory.&rdquo; But no such plea will suffice. Jefferson&rsquo;s position is the only true one on this question. Fasting, prayer, and thanksgiving to God are religious exercises, and for the President or any Governor to enjoin or recommend them, is only to assume jurisdiction of religion and religious exercises. It is to assume for the particular occasion, the office and prerogative for Pontifex Maximus, and is the first step toward the creation in permanency, of that pagan office, only to be merged at last in the papal from.",
    "puborder": 2647,
    "translations": []
  }
]