[
  {
    "para_id": "23.1907",
    "id_prev": "23.1906",
    "id_next": "23.1908",
    "refcode_1": "CT",
    "refcode_2": "387",
    "refcode_3": "",
    "refcode_4": "149",
    "refcode_short": "CT 387",
    "refcode_long": "Counsels to Parents, Teachers, and Students, p. 387 (Ellen Gould White)",
    "element_type": "h4",
    "element_subtype": "",
    "content": "Knowledge That Can Be Utilized",
    "puborder": 1436,
    "translations": [
      {
        "para_id": "162.1931",
        "lang": "es",
        "refcode": "CM 374"
      },
      {
        "para_id": "1703.363",
        "lang": "es",
        "refcode": "ECR 79"
      },
      {
        "para_id": "159.1864",
        "lang": "fr",
        "refcode": "CEPE 312"
      },
      {
        "para_id": "1946.1973",
        "lang": "pt",
        "refcode": "CP 401.2"
      },
      {
        "para_id": "2700.1882",
        "lang": "ro",
        "refcode": "SP 387"
      },
      {
        "para_id": "12226.2058",
        "lang": "ru",
        "refcode": "РУУ 387"
      }
    ]
  },
  {
    "para_id": "23.1908",
    "id_prev": "23.1907",
    "id_next": "23.1909",
    "refcode_1": "CT",
    "refcode_2": "387",
    "refcode_3": "3",
    "refcode_4": "",
    "refcode_short": "CT 387.3",
    "refcode_long": "Counsels to Parents, Teachers, and Students, p. 387.3 (Ellen Gould White)",
    "element_type": "p",
    "element_subtype": "standard-indented",
    "content": "It is right for the youth to feel that they must reach the highest development of their mental powers. We would not restrict the education to which God has set no limit. But our attainments avail nothing if not put to use for the honor of God and the good of humanity.",
    "puborder": 1437,
    "translations": [
      {
        "para_id": "162.1933",
        "lang": "es",
        "refcode": "CM 374.2"
      },
      {
        "para_id": "1703.365",
        "lang": "es",
        "refcode": "ECR 79.4"
      },
      {
        "para_id": "159.1865",
        "lang": "fr",
        "refcode": "CEPE 312.1"
      },
      {
        "para_id": "1946.1975",
        "lang": "pt",
        "refcode": "CP 402.1"
      },
      {
        "para_id": "2700.1883",
        "lang": "ro",
        "refcode": "SP 387.3"
      },
      {
        "para_id": "12226.2059",
        "lang": "ru",
        "refcode": "РУУ 387.3"
      }
    ]
  },
  {
    "para_id": "23.1909",
    "id_prev": "23.1908",
    "id_next": "23.1911",
    "refcode_1": "CT",
    "refcode_2": "387",
    "refcode_3": "4",
    "refcode_4": "",
    "refcode_short": "CT 387.4",
    "refcode_long": "Counsels to Parents, Teachers, and Students, p. 387.4 (Ellen Gould White)",
    "element_type": "p",
    "element_subtype": "standard-indented",
    "content": "It is not well to crowd the mind with studies that require intense application, but that are not brought into use in practical life. Such education will be a loss to the student, for these studies lessen his desire and inclination for the studies that would fit him for usefulness and enable him to fulfill his responsibilities. A practical training is worth far more than any amount of mere theorizing. It is not enough even to have knowledge; we must have ability to use the knowledge aright.",
    "puborder": 1438,
    "translations": [
      {
        "para_id": "162.1934",
        "lang": "es",
        "refcode": "CM 374.3"
      },
      {
        "para_id": "1703.366",
        "lang": "es",
        "refcode": "ECR 79.5"
      },
      {
        "para_id": "159.1866",
        "lang": "fr",
        "refcode": "CEPE 312.2"
      },
      {
        "para_id": "1946.1975",
        "lang": "pt",
        "refcode": "CP 402.1"
      },
      {
        "para_id": "2700.1884",
        "lang": "ro",
        "refcode": "SP 387.4"
      },
      {
        "para_id": "12226.2060",
        "lang": "ru",
        "refcode": "РУУ 387.4"
      }
    ]
  },
  {
    "para_id": "23.1911",
    "id_prev": "23.1909",
    "id_next": "23.1912",
    "refcode_1": "CT",
    "refcode_2": "388",
    "refcode_3": "1",
    "refcode_4": "",
    "refcode_short": "CT 388.1",
    "refcode_long": "Counsels to Parents, Teachers, and Students, p. 388.1 (Ellen Gould White)",
    "element_type": "p",
    "element_subtype": "standard-indented",
    "content": "The time, means, and study that so many expend for a comparatively useless education should be devoted to gaining an education that would make them practical men and women, fitted to bear life&apos;s responsibilities. Such an education would be of the highest value.",
    "puborder": 1439,
    "translations": [
      {
        "para_id": "1703.369",
        "lang": "es",
        "refcode": "ECR 80.1"
      },
      {
        "para_id": "162.1935",
        "lang": "es",
        "refcode": "CM 374.4"
      },
      {
        "para_id": "159.1867",
        "lang": "fr",
        "refcode": "CEPE 312.3"
      },
      {
        "para_id": "1946.1977",
        "lang": "pt",
        "refcode": "CP 402.3"
      },
      {
        "para_id": "2700.1886",
        "lang": "ro",
        "refcode": "SP 388.1"
      },
      {
        "para_id": "12226.2062",
        "lang": "ru",
        "refcode": "РУУ 388.1"
      }
    ]
  }
]