[
  {
    "para_id": "23.319",
    "id_prev": "23.318",
    "id_next": "23.320",
    "refcode_1": "CT",
    "refcode_2": "73",
    "refcode_3": "",
    "refcode_4": "10",
    "refcode_short": "CT 73",
    "refcode_long": "Counsels to Parents, Teachers, and Students, p. 73 (Ellen Gould White)",
    "element_type": "h3",
    "element_subtype": "",
    "content": "The Right Education",
    "puborder": 234,
    "translations": [
      {
        "para_id": "162.341",
        "lang": "es",
        "refcode": "CM 73"
      },
      {
        "para_id": "159.336",
        "lang": "fr",
        "refcode": "CEPE 62"
      },
      {
        "para_id": "1946.369",
        "lang": "pt",
        "refcode": "CP 83.3"
      },
      {
        "para_id": "2700.310",
        "lang": "ro",
        "refcode": "SP 73"
      },
      {
        "para_id": "12226.332",
        "lang": "ru",
        "refcode": "РУУ 73"
      }
    ]
  },
  {
    "para_id": "23.320",
    "id_prev": "23.319",
    "id_next": "23.321",
    "refcode_1": "CT",
    "refcode_2": "73",
    "refcode_3": "1",
    "refcode_4": "",
    "refcode_short": "CT 73.1",
    "refcode_long": "Counsels to Parents, Teachers, and Students, p. 73.1 (Ellen Gould White)",
    "element_type": "p",
    "element_subtype": "standard-indented",
    "content": "It is the nicest work ever assumed by men and women to deal with youthful minds. The greatest care should be taken in the education of youth, to vary the manner of instruction so as to call forth the high and noble powers of the mind. Parents and schoolteachers are certainly disqualified to educate children properly if they have not first learned the lessons of self-control, patience, forbearance, gentleness, and love. What an important position for parents, guardians, and teachers! There are very few who realize the most essential wants of the mind, and how to direct the developing intellect, the growing thoughts and feelings of youth....",
    "puborder": 235,
    "translations": [
      {
        "para_id": "162.342",
        "lang": "es",
        "refcode": "CM 73.1"
      },
      {
        "para_id": "159.337",
        "lang": "fr",
        "refcode": "CEPE 62.1"
      },
      {
        "para_id": "1946.369",
        "lang": "pt",
        "refcode": "CP 83.3"
      },
      {
        "para_id": "2700.311",
        "lang": "ro",
        "refcode": "SP 73.1"
      },
      {
        "para_id": "12226.333",
        "lang": "ru",
        "refcode": "РУУ 73.1"
      }
    ]
  }
]