[
  {
    "para_id": "23.616",
    "id_prev": "23.614",
    "id_next": "23.617",
    "refcode_1": "CT",
    "refcode_2": "132",
    "refcode_3": "",
    "refcode_4": "15",
    "refcode_short": "CT 132",
    "refcode_long": "Counsels to Parents, Teachers, and Students, p. 132 (Ellen Gould White)",
    "element_type": "h3",
    "element_subtype": "",
    "content": "What Shall Our Children Read?",
    "puborder": 442,
    "translations": [
      {
        "para_id": "162.627",
        "lang": "es",
        "refcode": "CM 125"
      },
      {
        "para_id": "1703.860",
        "lang": "es",
        "refcode": "ECR 173"
      },
      {
        "para_id": "159.613",
        "lang": "fr",
        "refcode": "CEPE 108"
      },
      {
        "para_id": "1946.666",
        "lang": "pt",
        "refcode": "CP 141.3"
      },
      {
        "para_id": "2700.605",
        "lang": "ro",
        "refcode": "SP 132"
      },
      {
        "para_id": "12226.638",
        "lang": "ru",
        "refcode": "РУУ 132"
      }
    ]
  },
  {
    "para_id": "23.617",
    "id_prev": "23.616",
    "id_next": "23.618",
    "refcode_1": "CT",
    "refcode_2": "132",
    "refcode_3": "1",
    "refcode_4": "",
    "refcode_short": "CT 132.1",
    "refcode_long": "Counsels to Parents, Teachers, and Students, p. 132.1 (Ellen Gould White)",
    "element_type": "p",
    "element_subtype": "standard-indented",
    "content": "What shall our children read? This is a serious question and one that demands a serious answer. It troubles me to see in Sabbathkeeping families periodicals and newspapers containing continued stories which leave no impressions for good on the minds of children and youth. I have watched those whose taste for fiction was thus cultivated. They have had the privilege of listening to the truth, of becoming acquainted with the reasons of our faith; but they have grown to maturer years destitute of true piety and practical godliness. They manifest no devotion and reflect no heavenly light upon their associates to lead them to the fount of all true knowledge.",
    "puborder": 443,
    "translations": [
      {
        "para_id": "1703.861",
        "lang": "es",
        "refcode": "ECR 173.1"
      },
      {
        "para_id": "162.628",
        "lang": "es",
        "refcode": "CM 125.1"
      },
      {
        "para_id": "159.614",
        "lang": "fr",
        "refcode": "CEPE 108.3"
      },
      {
        "para_id": "1946.666",
        "lang": "pt",
        "refcode": "CP 141.3"
      },
      {
        "para_id": "2700.606",
        "lang": "ro",
        "refcode": "SP 132.1"
      },
      {
        "para_id": "12226.639",
        "lang": "ru",
        "refcode": "РУУ 132.1"
      }
    ]
  },
  {
    "para_id": "23.618",
    "id_prev": "23.617",
    "id_next": "23.619",
    "refcode_1": "CT",
    "refcode_2": "132",
    "refcode_3": "2",
    "refcode_4": "",
    "refcode_short": "CT 132.2",
    "refcode_long": "Counsels to Parents, Teachers, and Students, p. 132.2 (Ellen Gould White)",
    "element_type": "p",
    "element_subtype": "standard-indented",
    "content": "It is during the first years of a child&apos;s life that his mind is most susceptible to impressions either good or evil. During these years decided progress is made in either a right direction or a wrong one. On one hand, much worthless information may be gained; on the other, much solid, valuable knowledge. The strength of intellect, the substantial knowledge, are possessions which the gold of Ophir could not buy. Their price is above gold or silver.",
    "puborder": 444,
    "translations": [
      {
        "para_id": "1703.862",
        "lang": "es",
        "refcode": "ECR 173.2"
      },
      {
        "para_id": "162.629",
        "lang": "es",
        "refcode": "CM 125.2"
      },
      {
        "para_id": "159.617",
        "lang": "fr",
        "refcode": "CEPE 109.1"
      },
      {
        "para_id": "1946.669",
        "lang": "pt",
        "refcode": "CP 142.1"
      },
      {
        "para_id": "2700.607",
        "lang": "ro",
        "refcode": "SP 132.2"
      },
      {
        "para_id": "12226.640",
        "lang": "ru",
        "refcode": "РУУ 132.2"
      }
    ]
  },
  {
    "para_id": "23.619",
    "id_prev": "23.618",
    "id_next": "23.621",
    "refcode_1": "CT",
    "refcode_2": "132",
    "refcode_3": "3",
    "refcode_4": "",
    "refcode_short": "CT 132.3",
    "refcode_long": "Counsels to Parents, Teachers, and Students, p. 132.3 (Ellen Gould White)",
    "element_type": "p",
    "element_subtype": "standard-indented",
    "content": "The kind of education that fits the youth for practical life, they naturally do not choose. They urge their desires, their likes and dislikes, their preferences and inclinations; but if parents have correct views of God, of the truth, and of the influences and associations that should surround their children, they will feel that upon them rests the God-given responsibility of carefully guiding the inexperienced youth.",
    "puborder": 445,
    "translations": [
      {
        "para_id": "1703.863",
        "lang": "es",
        "refcode": "ECR 173.3"
      },
      {
        "para_id": "162.630",
        "lang": "es",
        "refcode": "CM 125.3"
      },
      {
        "para_id": "159.618",
        "lang": "fr",
        "refcode": "CEPE 109.2"
      },
      {
        "para_id": "1946.670",
        "lang": "pt",
        "refcode": "CP 142"
      },
      {
        "para_id": "2700.608",
        "lang": "ro",
        "refcode": "SP 132.3"
      },
      {
        "para_id": "12226.641",
        "lang": "ru",
        "refcode": "РУУ 132.3"
      }
    ]
  },
  {
    "para_id": "23.621",
    "id_prev": "23.619",
    "id_next": "23.622",
    "refcode_1": "CT",
    "refcode_2": "133",
    "refcode_3": "1",
    "refcode_4": "",
    "refcode_short": "CT 133.1",
    "refcode_long": "Counsels to Parents, Teachers, and Students, p. 133.1 (Ellen Gould White)",
    "element_type": "p",
    "element_subtype": "standard-indented",
    "content": "Many youth are eager for books. They read anything that they can obtain. I appeal to the parents of such children to control their desire for reading. Do not permit upon your tables the magazines and newspapers in which are found love stories. Supply their place with books that will help the youth to put into their character building the very best material&mdash;the love and fear of God, the knowledge of Christ. Encourage your children to store the mind with valuable knowledge, to let that which is good occupy the soul and control its powers, leaving no place for low, debasing thoughts. Restrict the desire for reading matter that does not furnish good food for the mind. The money expended for story magazines may not seem much, but it is too much to spend for that which gives so much that is misleading, and so little that is good in return. Those who are in God&apos;s service should spend neither time nor money in unprofitable reading.",
    "puborder": 446,
    "translations": [
      {
        "para_id": "1703.864",
        "lang": "es",
        "refcode": "ECR 173.4"
      },
      {
        "para_id": "162.633",
        "lang": "es",
        "refcode": "CM 126.1"
      },
      {
        "para_id": "159.619",
        "lang": "fr",
        "refcode": "CEPE 109.3"
      },
      {
        "para_id": "1946.674",
        "lang": "pt",
        "refcode": "CP 143.1"
      },
      {
        "para_id": "2700.610",
        "lang": "ro",
        "refcode": "SP 133.1"
      },
      {
        "para_id": "12226.643",
        "lang": "ru",
        "refcode": "РУУ 133.1"
      }
    ]
  }
]