[
  {
    "para_id": "751.31",
    "id_prev": "751.30",
    "id_next": "751.32",
    "refcode_1": "HDAW",
    "refcode_2": "4",
    "refcode_3": "",
    "refcode_4": "",
    "refcode_short": "HDAW 4",
    "refcode_long": "How The Desire of Ages Was Written, p. 4 (Robert W. Olson)",
    "element_type": "h3",
    "element_subtype": "",
    "content": "Chapter 4&mdash;Sources of Information",
    "puborder": 24,
    "translations": []
  },
  {
    "para_id": "751.32",
    "id_prev": "751.31",
    "id_next": "751.33",
    "refcode_1": "HDAW",
    "refcode_2": "4",
    "refcode_3": "",
    "refcode_4": "",
    "refcode_short": "HDAW 4",
    "refcode_long": "How The Desire of Ages Was Written, p. 4 (Robert W. Olson)",
    "element_type": "h4",
    "element_subtype": "",
    "content": "Visions",
    "puborder": 25,
    "translations": []
  },
  {
    "para_id": "751.33",
    "id_prev": "751.32",
    "id_next": "751.34",
    "refcode_1": "HDAW",
    "refcode_2": "4",
    "refcode_3": "3",
    "refcode_4": "",
    "refcode_short": "HDAW 4.3",
    "refcode_long": "How The Desire of Ages Was Written, p. 4.3 (Robert W. Olson)",
    "element_type": "p",
    "element_subtype": "standard-indented",
    "content": "In her first account of Christ&rsquo;s life, written in 1858, Ellen White frequently made such declarations as &ldquo;I saw,&rdquo; &ldquo;I then viewed,&rdquo; &ldquo;I was shown,&rdquo; etc. (p. 10). While she did not lace her later accounts of Christ&rsquo;s life with these expressions, she may actually have seen in vision all the events in Christ&rsquo;s life of which she wrote. In 1889, after mentioning the &ldquo;betrayal, trial, and crucifixion of Jesus,&rdquo; she commented, &ldquo;All this had passed before me point by point&rdquo; (p. 22, par. 3).",
    "puborder": 26,
    "translations": []
  },
  {
    "para_id": "751.34",
    "id_prev": "751.33",
    "id_next": "751.37",
    "refcode_1": "HDAW",
    "refcode_2": "4",
    "refcode_3": "4",
    "refcode_4": "",
    "refcode_short": "HDAW 4.4",
    "refcode_long": "How The Desire of Ages Was Written, p. 4.4 (Robert W. Olson)",
    "element_type": "p",
    "element_subtype": "standard-indented",
    "content": "However, it is not necessary for us to believe that every single fact mentioned in <em>The Desire of Ages</em> was first seen in vision in order also to believe that the book came from a truly inspired pen. For example, Paul wrote the Corinthians, &ldquo;There is among you envying, and strife, and divisions&rdquo; (<span class=\"egwlink egwlink_bible\" title=\"1 Corinthians 3:3\" data-link=\"1965.57940\">1 Corinthians 3:3</span>). But he was not shown this in vision. He was informed <span class=\"page-break\" data-page=\"5\"></span> in this matter by the members of the house of Chloe. (See <span class=\"egwlink egwlink_bible\" title=\"1 Corinthians 1:11\" data-link=\"1965.57860\">1 Corinthians 1:11</span>). Yet we hold that <span class=\"egwlink egwlink_bible\" title=\"1 Corinthians 3:3\" data-link=\"1965.57940\">1 Corinthians 3:3</span> was written under inspiration. Ellen White states that although &ldquo;the Lord did not give him [Paul] a new revelation for that special time... the reproof he sent them was as certainly written under the inspiration of the Spirit of God as were any of his other epistles&rdquo; (<span class=\"egwlink egwlink_book\" title=\"AA 302.1\" data-link=\"127.1338\">The Acts of the Apostles, 302-3</span>). If God could speak to the prophets of old &ldquo;in diverse manners&rdquo; (<span class=\"egwlink egwlink_bible\" title=\"Hebrews 1:1\" data-link=\"1965.61123\">Hebrews 1:1</span>), He could most surely do the same in more recent times.",
    "puborder": 27,
    "translations": []
  }
]