[
  {
    "para_id": "14074.8410001",
    "id_prev": "14074.10564039",
    "id_next": "14074.8410004",
    "refcode_1": "24LtMs",
    "refcode_2": "1",
    "refcode_3": "",
    "refcode_4": "1909112300",
    "refcode_short": "24LtMs, Ms 123, 1909",
    "refcode_long": "Letters and Manuscripts — Volume 24 (1909), Ms 123, 1909",
    "element_type": "h4",
    "element_subtype": "",
    "content": "Ms 123, 1909",
    "puborder": 4063,
    "translations": []
  },
  {
    "para_id": "14074.8410004",
    "id_prev": "14074.8410001",
    "id_next": "14074.8410002",
    "refcode_1": "24LtMs",
    "refcode_2": "1",
    "refcode_3": "",
    "refcode_4": "1909112300",
    "refcode_short": "",
    "refcode_long": "",
    "element_type": "p",
    "element_subtype": "mstitle",
    "content": "Sermon/Thoughts on <span class=\"egwlink egwlink_bible\" title=\"Luke 17:1\" data-link=\"1965.52339\">Luke 17-19</span>",
    "puborder": 4064,
    "translations": []
  },
  {
    "para_id": "14074.8410002",
    "id_prev": "14074.8410004",
    "id_next": "14074.8410003",
    "refcode_1": "24LtMs",
    "refcode_2": "1",
    "refcode_3": "",
    "refcode_4": "1909112300",
    "refcode_short": "",
    "refcode_long": "",
    "element_type": "p",
    "element_subtype": "msplace",
    "content": "<span class=\"msplace\" value=\"Buffalo, New York\">Buffalo, New York</span>",
    "puborder": 4065,
    "translations": []
  },
  {
    "para_id": "14074.8410003",
    "id_prev": "14074.8410002",
    "id_next": "14074.8410005",
    "refcode_1": "24LtMs",
    "refcode_2": "1",
    "refcode_3": "",
    "refcode_4": "1909112300",
    "refcode_short": "",
    "refcode_long": "",
    "element_type": "p",
    "element_subtype": "msdate",
    "content": "<span class=\"msdate\" start=\"July 17, 1909\">July 17, 1909</span>",
    "puborder": 4066,
    "translations": []
  },
  {
    "para_id": "14074.8410005",
    "id_prev": "14074.8410003",
    "id_next": "14074.8410006",
    "refcode_1": "24LtMs",
    "refcode_2": "1",
    "refcode_3": "",
    "refcode_4": "1909112300",
    "refcode_short": "",
    "refcode_long": "",
    "element_type": "p",
    "element_subtype": "mspubinfo",
    "content": "Previously unpublished.",
    "puborder": 4067,
    "translations": []
  },
  {
    "para_id": "14074.8410006",
    "id_prev": "14074.8410005",
    "id_next": "14074.8410007",
    "refcode_1": "24LtMs",
    "refcode_2": "1",
    "refcode_3": "2935",
    "refcode_4": "1909112300",
    "refcode_short": "24LtMs, Ms 123, 1909, par. 1",
    "refcode_long": "Letters and Manuscripts — Volume 24 (1909), Ms 123, 1909, par. 1",
    "element_type": "p",
    "element_subtype": "standard-indented",
    "content": "<span class=\"egwlink egwlink_bible\" title=\"Luke 17:19\" data-link=\"1965.52375\">Luke 17:19</span>&mdash;&ldquo;... faith hath made thee whole.&rdquo; We need to encourage faith. We need the simplicity that Christ has encouraged us to have all the representations that He has given us, to have a large increase of faith, and that faith growing continually. We are not safe Christians unless we exercise that faith in Jesus Christ that we may exercise when we can read His words in the Scriptures.",
    "puborder": 4068,
    "translations": []
  },
  {
    "para_id": "14074.8410007",
    "id_prev": "14074.8410006",
    "id_next": "14074.8410008",
    "refcode_1": "24LtMs",
    "refcode_2": "1",
    "refcode_3": "2936",
    "refcode_4": "1909112300",
    "refcode_short": "24LtMs, Ms 123, 1909, par. 2",
    "refcode_long": "Letters and Manuscripts — Volume 24 (1909), Ms 123, 1909, par. 2",
    "element_type": "p",
    "element_subtype": "standard-indented",
    "content": "&ldquo;They are not found that returned to give glory to God ... faith hath made thee whole.&rdquo; <span class=\"egwlink egwlink_bible\" title=\"Luke 17:18\" data-link=\"1965.52373\">Luke 17:18, 19</span>. How many of us have been learning since we believed that Christ had forgiven our sins? How many, I ask you, have been in a position to be impressed by what they see, to be impressed by what they hear? God wants us to have impressive hearts. He wants us to be in a position that He can make an impression on the human heart.",
    "puborder": 4069,
    "translations": []
  },
  {
    "para_id": "14074.8410008",
    "id_prev": "14074.8410007",
    "id_next": "14074.8410009",
    "refcode_1": "24LtMs",
    "refcode_2": "1",
    "refcode_3": "2937",
    "refcode_4": "1909112300",
    "refcode_short": "24LtMs, Ms 123, 1909, par. 3",
    "refcode_long": "Letters and Manuscripts — Volume 24 (1909), Ms 123, 1909, par. 3",
    "element_type": "p",
    "element_subtype": "standard-indented",
    "content": "&ldquo;He said unto him, Arise, go thy way, thy faith hath made thee whole.&rdquo; [<span class=\"egwlink egwlink_bible\" title=\"Luke 17:19\" data-link=\"1965.52375\">Verse 19</span>.] Will we not encourage that faith that takes hold of the promise of God, and then the reality will come to us?",
    "puborder": 4070,
    "translations": []
  },
  {
    "para_id": "14074.8410009",
    "id_prev": "14074.8410008",
    "id_next": "14074.8410010",
    "refcode_1": "24LtMs",
    "refcode_2": "1",
    "refcode_3": "2938",
    "refcode_4": "1909112300",
    "refcode_short": "24LtMs, Ms 123, 1909, par. 4",
    "refcode_long": "Letters and Manuscripts — Volume 24 (1909), Ms 123, 1909, par. 4",
    "element_type": "p",
    "element_subtype": "standard-indented",
    "content": "<span class=\"egwlink egwlink_bible\" title=\"Luke 17:20\" data-link=\"1965.52377\">Verses 20-27</span>. &ldquo;When He was demanded of the Pharisees ... the flood came.&rdquo; Now there had been warnings given there for many years, yet they had not turned to the Lord. Some few did take hold at first, but others mocked them out of it.",
    "puborder": 4071,
    "translations": []
  },
  {
    "para_id": "14074.8410010",
    "id_prev": "14074.8410009",
    "id_next": "14074.8410011",
    "refcode_1": "24LtMs",
    "refcode_2": "1",
    "refcode_3": "2939",
    "refcode_4": "1909112300",
    "refcode_short": "24LtMs, Ms 123, 1909, par. 5",
    "refcode_long": "Letters and Manuscripts — Volume 24 (1909), Ms 123, 1909, par. 5",
    "element_type": "p",
    "element_subtype": "standard-indented",
    "content": "<span class=\"egwlink egwlink_bible\" title=\"Luke 17:27\" data-link=\"1965.52391\">Verses 27-37</span>. &ldquo;Until the day that Noah entered into the ark ... Lot ... shall it be in the days ... eagles be gathered.&rdquo;",
    "puborder": 4072,
    "translations": []
  },
  {
    "para_id": "14074.8410011",
    "id_prev": "14074.8410010",
    "id_next": "14074.8410012",
    "refcode_1": "24LtMs",
    "refcode_2": "1",
    "refcode_3": "2940",
    "refcode_4": "1909112300",
    "refcode_short": "24LtMs, Ms 123, 1909, par. 6",
    "refcode_long": "Letters and Manuscripts — Volume 24 (1909), Ms 123, 1909, par. 6",
    "element_type": "p",
    "element_subtype": "standard-indented",
    "content": "<span class=\"egwlink egwlink_bible\" title=\"Luke 18:1\" data-link=\"1965.52414\">Luke 18:1</span>. Now we see that representations are given by our Lord. &ldquo;And he spake a parable unto them to this end ... faint.&rdquo; I am astonished when I find men and women, but especially men in responsible positions, and yet they do not offer a vocal prayer with the care and burdens that come upon them, they do not offer a vocal prayer, and my heart aches.",
    "puborder": 4073,
    "translations": []
  },
  {
    "para_id": "14074.8410012",
    "id_prev": "14074.8410011",
    "id_next": "14074.8410013",
    "refcode_1": "24LtMs",
    "refcode_2": "1",
    "refcode_3": "2941",
    "refcode_4": "1909112300",
    "refcode_short": "24LtMs, Ms 123, 1909, par. 7",
    "refcode_long": "Letters and Manuscripts — Volume 24 (1909), Ms 123, 1909, par. 7",
    "element_type": "p",
    "element_subtype": "standard-indented",
    "content": "Last night I felt such a burden to think of souls that ought to stand under the responsibilities that they bear, seeking their counsel from God every day, morning, noon, and night,&mdash;they won&rsquo;t get any too much.",
    "puborder": 4074,
    "translations": []
  },
  {
    "para_id": "14074.8410013",
    "id_prev": "14074.8410012",
    "id_next": "14074.8410014",
    "refcode_1": "24LtMs",
    "refcode_2": "1",
    "refcode_3": "2942",
    "refcode_4": "1909112300",
    "refcode_short": "24LtMs, Ms 123, 1909, par. 8",
    "refcode_long": "Letters and Manuscripts — Volume 24 (1909), Ms 123, 1909, par. 8",
    "element_type": "p",
    "element_subtype": "standard-indented",
    "content": "&ldquo;And he spake a parable unto them to this end ... not to faint.&rdquo; <span class=\"egwlink egwlink_bible\" title=\"Luke 18:1\" data-link=\"1965.52414\">Luke 18:1</span>. Don&rsquo;t you think we ought to see the many souls converted that we do not see today? If we could only see the interest with which heaven is looking upon the whole scene, we would see that those that are seeking to be righteous have special help. They will ask, and God says He will hear them and answer them. Now, just as many as will humble their hearts before God, and commit the keeping of their souls to God, may not realize at the moment all they would like to, but when they are in peril, Jesus delivers them, and He finds a way out for them. It is the praying souls that are under the special care of God.",
    "puborder": 4075,
    "translations": []
  },
  {
    "para_id": "14074.8410014",
    "id_prev": "14074.8410013",
    "id_next": "14074.8410015",
    "refcode_1": "24LtMs",
    "refcode_2": "1",
    "refcode_3": "2943",
    "refcode_4": "1909112300",
    "refcode_short": "24LtMs, Ms 123, 1909, par. 9",
    "refcode_long": "Letters and Manuscripts — Volume 24 (1909), Ms 123, 1909, par. 9",
    "element_type": "p",
    "element_subtype": "standard-indented",
    "content": "<span class=\"egwlink egwlink_bible\" title=\"Luke 18:2\" data-link=\"1965.52416\">Verses 2-5</span>. &ldquo;Saying, There was in a city a judge, ... she weary me.&rdquo; Now he would be advantaged in that respect.",
    "puborder": 4076,
    "translations": []
  },
  {
    "para_id": "14074.8410015",
    "id_prev": "14074.8410014",
    "id_next": "14074.8410016",
    "refcode_1": "24LtMs",
    "refcode_2": "1",
    "refcode_3": "2944",
    "refcode_4": "1909112300",
    "refcode_short": "24LtMs, Ms 123, 1909, par. 10",
    "refcode_long": "Letters and Manuscripts — Volume 24 (1909), Ms 123, 1909, par. 10",
    "element_type": "p",
    "element_subtype": "standard-indented",
    "content": "<span class=\"egwlink egwlink_bible\" title=\"Luke 18:6\" data-link=\"1965.52424\">Verses 6-8</span>. What a question. The faith will be so filled with objectionable traits that the Lord cannot do anything with them. But there is no need of it. We have a &ldquo;Thus saith the Lord,&rdquo; and we can take right hold of this &ldquo;Thus saith the Lord.&rdquo;",
    "puborder": 4077,
    "translations": []
  },
  {
    "para_id": "14074.8410016",
    "id_prev": "14074.8410015",
    "id_next": "14074.8410017",
    "refcode_1": "24LtMs",
    "refcode_2": "1",
    "refcode_3": "2945",
    "refcode_4": "1909112300",
    "refcode_short": "24LtMs, Ms 123, 1909, par. 11",
    "refcode_long": "Letters and Manuscripts — Volume 24 (1909), Ms 123, 1909, par. 11",
    "element_type": "p",
    "element_subtype": "standard-indented",
    "content": "<span class=\"egwlink egwlink_bible\" title=\"Luke 18:9\" data-link=\"1965.52430\">Verses 9-14</span>. &ldquo;Abased.&rdquo; Will we take that to heart? &ldquo;And he that humbleth himself shall be exalted.&rdquo; Then let us humble ourselves so much that we learn our lessons of the great Teacher, and be so glad of the privilege of learning right out of this very book that I am speaking from.",
    "puborder": 4078,
    "translations": []
  },
  {
    "para_id": "14074.8410017",
    "id_prev": "14074.8410016",
    "id_next": "14074.8410018",
    "refcode_1": "24LtMs",
    "refcode_2": "1",
    "refcode_3": "2946",
    "refcode_4": "1909112300",
    "refcode_short": "24LtMs, Ms 123, 1909, par. 12",
    "refcode_long": "Letters and Manuscripts — Volume 24 (1909), Ms 123, 1909, par. 12",
    "element_type": "p",
    "element_subtype": "standard-indented",
    "content": "<span class=\"egwlink egwlink_bible\" title=\"Luke 18:15\" data-link=\"1965.52442\">Verse 15</span>. The mothers had been gathering these children and preparing them for quite a little journey to go and find Christ, that they might receive the blessing that would help them to teach them that Christ had laid His hands upon them and blessed them, and it would be such a help. Therefore she wanted to go and her neighbors united with her, and they accompanied her, and they came with their children. &ldquo;But when his disciples saw it, they rebuked them.&rdquo; <span class=\"egwlink egwlink_bible\" title=\"Luke 18:16\" data-link=\"1965.52444\">verse 16</span>.",
    "puborder": 4079,
    "translations": []
  },
  {
    "para_id": "14074.8410018",
    "id_prev": "14074.8410017",
    "id_next": "14074.8410019",
    "refcode_1": "24LtMs",
    "refcode_2": "1",
    "refcode_3": "2947",
    "refcode_4": "1909112300",
    "refcode_short": "24LtMs, Ms 123, 1909, par. 13",
    "refcode_long": "Letters and Manuscripts — Volume 24 (1909), Ms 123, 1909, par. 13",
    "element_type": "p",
    "element_subtype": "standard-indented",
    "content": "I have known little children that have come and asked that I would pray for them. Certainly I will, said I. Well, they never forgot it all their lives.",
    "puborder": 4080,
    "translations": []
  },
  {
    "para_id": "14074.8410019",
    "id_prev": "14074.8410018",
    "id_next": "14074.8410020",
    "refcode_1": "24LtMs",
    "refcode_2": "1",
    "refcode_3": "2948",
    "refcode_4": "1909112300",
    "refcode_short": "24LtMs, Ms 123, 1909, par. 14",
    "refcode_long": "Letters and Manuscripts — Volume 24 (1909), Ms 123, 1909, par. 14",
    "element_type": "p",
    "element_subtype": "standard-indented",
    "content": "<span class=\"egwlink egwlink_bible\" title=\"Luke 18:17\" data-link=\"1965.52446\">Verses 17-24</span>. You see, there was a large crowd around Him, and He must give these lessons. They might assent to things that are good and righteous, but when it comes to the battle to deny self, it is a very hard thing for some.",
    "puborder": 4081,
    "translations": []
  },
  {
    "para_id": "14074.8410020",
    "id_prev": "14074.8410019",
    "id_next": "14074.8410021",
    "refcode_1": "24LtMs",
    "refcode_2": "1",
    "refcode_3": "2949",
    "refcode_4": "1909112300",
    "refcode_short": "24LtMs, Ms 123, 1909, par. 15",
    "refcode_long": "Letters and Manuscripts — Volume 24 (1909), Ms 123, 1909, par. 15",
    "element_type": "p",
    "element_subtype": "standard-indented",
    "content": "<span class=\"egwlink egwlink_bible\" title=\"Luke 18:25\" data-link=\"1965.52462\">Verses 25-27</span>. He sees the intention. He sees the heart surrender, and as soon as He sees the heart surrender, then He gives the help; He gives the power of the overcomer, so that he shall not miss of heaven.",
    "puborder": 4082,
    "translations": []
  },
  {
    "para_id": "14074.8410021",
    "id_prev": "14074.8410020",
    "id_next": "14074.8410022",
    "refcode_1": "24LtMs",
    "refcode_2": "1",
    "refcode_3": "2950",
    "refcode_4": "1909112300",
    "refcode_short": "24LtMs, Ms 123, 1909, par. 16",
    "refcode_long": "Letters and Manuscripts — Volume 24 (1909), Ms 123, 1909, par. 16",
    "element_type": "p",
    "element_subtype": "standard-indented",
    "content": "<span class=\"egwlink egwlink_bible\" title=\"Luke 18:26\" data-link=\"1965.52464\">Verses 26-27</span>. It is God that makes the impression. It is the Lord that impresses. Therefore, when the preaching is going on, we do not know how many hearts are being affected so that sermon will do them good afterward, but we must do our best to present before all the dangers, and the invitations, and the helpfulness that is offered to every one that enters into the strife to become an overcomer. <span class=\"egwlink egwlink_bible\" title=\"Luke 18:26\" data-link=\"1965.52464\">Verses 26-27</span>. He sees the earnestness, He knows the sincerity of every soul, and He places advantages in their way, that they can take hold of these advantages at a time when they need that help.",
    "puborder": 4083,
    "translations": []
  },
  {
    "para_id": "14074.8410022",
    "id_prev": "14074.8410021",
    "id_next": "14074.8410023",
    "refcode_1": "24LtMs",
    "refcode_2": "1",
    "refcode_3": "2951",
    "refcode_4": "1909112300",
    "refcode_short": "24LtMs, Ms 123, 1909, par. 17",
    "refcode_long": "Letters and Manuscripts — Volume 24 (1909), Ms 123, 1909, par. 17",
    "element_type": "p",
    "element_subtype": "standard-indented",
    "content": "<span class=\"egwlink egwlink_bible\" title=\"Luke 18:28\" data-link=\"1965.52468\">Verses 28-33</span>. He held out hope that they might entertain, and it seems that they had almost all of them forgotten that.",
    "puborder": 4084,
    "translations": []
  },
  {
    "para_id": "14074.8410023",
    "id_prev": "14074.8410022",
    "id_next": "14074.8410024",
    "refcode_1": "24LtMs",
    "refcode_2": "1",
    "refcode_3": "2952",
    "refcode_4": "1909112300",
    "refcode_short": "24LtMs, Ms 123, 1909, par. 18",
    "refcode_long": "Letters and Manuscripts — Volume 24 (1909), Ms 123, 1909, par. 18",
    "element_type": "p",
    "element_subtype": "standard-indented",
    "content": "<span class=\"egwlink egwlink_bible\" title=\"Luke 18:34\" data-link=\"1965.52480\">Luke 18:34</span>&mdash;<span class=\"egwlink egwlink_bible\" title=\"Luke 19:5\" data-link=\"1965.52509\">19:5</span>. Now here was one that could read and understand the great desires of the people, that they might know Him. <span class=\"egwlink egwlink_bible\" title=\"Luke 19:6\" data-link=\"1965.52511\">Verses 6-9</span>. O, what words of comfort and encouragement this was to those who heard it.",
    "puborder": 4085,
    "translations": []
  },
  {
    "para_id": "14074.8410024",
    "id_prev": "14074.8410023",
    "id_next": "14074.8410025",
    "refcode_1": "24LtMs",
    "refcode_2": "1",
    "refcode_3": "2953",
    "refcode_4": "1909112300",
    "refcode_short": "24LtMs, Ms 123, 1909, par. 19",
    "refcode_long": "Letters and Manuscripts — Volume 24 (1909), Ms 123, 1909, par. 19",
    "element_type": "p",
    "element_subtype": "standard-indented",
    "content": "<span class=\"egwlink egwlink_bible\" title=\"Luke 19:10\" data-link=\"1965.52519\">Verse 10</span>. Will you remember the mission? That is His pass into our world. He left the royal courts, and by the will of His Father He came in our world as a little child. But did He leave His divinity behind Him? No, indeed. He took His divinity with Him. Humanity and divinity combined, to give the lesson to every human being upon the face of the earth that if they would in their humanity have faith in the divinity of Jesus Christ that humanity may overcome all the besetments of the evil that there is in the world, through grasping a living faith in the divinity of Jesus Christ. Thus they could be overcomers by the blood of the Lamb and by the word of their testimony. That is a great victory.",
    "puborder": 4086,
    "translations": []
  },
  {
    "para_id": "14074.8410025",
    "id_prev": "14074.8410024",
    "id_next": "14074.8410026",
    "refcode_1": "24LtMs",
    "refcode_2": "1",
    "refcode_3": "2954",
    "refcode_4": "1909112300",
    "refcode_short": "24LtMs, Ms 123, 1909, par. 20",
    "refcode_long": "Letters and Manuscripts — Volume 24 (1909), Ms 123, 1909, par. 20",
    "element_type": "p",
    "element_subtype": "standard-indented",
    "content": "<span class=\"egwlink egwlink_bible\" title=\"Luke 19:10\" data-link=\"1965.52519\">Verses 10-16</span>. Thank the Lord for that testimony, because it is possible. It is possible for humanity to grasp divinity, and when humanity lays holds upon divinity, then the power that comes with that divinity will help every living soul out of their tempers, out of their disposition, out of their unbelief. God wants us to understand that it is a battle that we are in.",
    "puborder": 4087,
    "translations": []
  },
  {
    "para_id": "14074.8410026",
    "id_prev": "14074.8410025",
    "id_next": "14074.8410027",
    "refcode_1": "24LtMs",
    "refcode_2": "1",
    "refcode_3": "2955",
    "refcode_4": "1909112300",
    "refcode_short": "24LtMs, Ms 123, 1909, par. 21",
    "refcode_long": "Letters and Manuscripts — Volume 24 (1909), Ms 123, 1909, par. 21",
    "element_type": "p",
    "element_subtype": "standard-indented",
    "content": "<span class=\"egwlink egwlink_bible\" title=\"Luke 19:16\" data-link=\"1965.52531\">Verses 16-23, 24-37</span>. They were repeating the good works of healing, they were repeating the raising of the dead, and they were repeating all the works that they could remind themselves of, and here a great blessing was coming from their lips. <span class=\"egwlink egwlink_bible\" title=\"Luke 19:38\" data-link=\"1965.52575\">Verses 38, 39</span>. Now the lesson: <span class=\"egwlink egwlink_bible\" title=\"Luke 19:40\" data-link=\"1965.52579\">verse 40</span>. Why? Prophecy must be fulfilled.",
    "puborder": 4088,
    "translations": []
  },
  {
    "para_id": "14074.8410027",
    "id_prev": "14074.8410026",
    "id_next": "14074.8410028",
    "refcode_1": "24LtMs",
    "refcode_2": "1",
    "refcode_3": "2956",
    "refcode_4": "1909112300",
    "refcode_short": "24LtMs, Ms 123, 1909, par. 22",
    "refcode_long": "Letters and Manuscripts — Volume 24 (1909), Ms 123, 1909, par. 22",
    "element_type": "p",
    "element_subtype": "standard-indented",
    "content": "<span class=\"egwlink egwlink_bible\" title=\"Luke 19:41\" data-link=\"1965.52581\">Verses 41-44</span>. Their only hope was in Christ, but they would not receive Him.",
    "puborder": 4089,
    "translations": []
  },
  {
    "para_id": "14074.8410028",
    "id_prev": "14074.8410027",
    "id_next": "14074.8410029",
    "refcode_1": "24LtMs",
    "refcode_2": "1",
    "refcode_3": "2957",
    "refcode_4": "1909112300",
    "refcode_short": "24LtMs, Ms 123, 1909, par. 23",
    "refcode_long": "Letters and Manuscripts — Volume 24 (1909), Ms 123, 1909, par. 23",
    "element_type": "p",
    "element_subtype": "standard-indented",
    "content": "<span class=\"egwlink egwlink_bible\" title=\"Luke 19:45\" data-link=\"1965.52589\">Verses 45, 46</span>. Robbery in all the offerings that were being presented, it was robbery that they were carrying out.",
    "puborder": 4090,
    "translations": []
  },
  {
    "para_id": "14074.8410029",
    "id_prev": "14074.8410028",
    "id_next": "14074.8410030",
    "refcode_1": "24LtMs",
    "refcode_2": "1",
    "refcode_3": "2958",
    "refcode_4": "1909112300",
    "refcode_short": "24LtMs, Ms 123, 1909, par. 24",
    "refcode_long": "Letters and Manuscripts — Volume 24 (1909), Ms 123, 1909, par. 24",
    "element_type": "p",
    "element_subtype": "standard-indented",
    "content": "<span class=\"egwlink egwlink_bible\" title=\"Luke 19:47\" data-link=\"1965.52593\">Verses 47, 48</span>. Now we can understand that there is always a party that is continually working against the sacred truth that should be maintained. And unless we are wide awake, and see what a work is being done in our world, we shall find that we are overtaken, and that we have lost our chance of eternal life. Now you cannot afford it, not one of you. Self-denial is to be practiced by everyone that shall accept of Jesus Christ. Who was he? The Son of the living God. He laid aside His royal robe. He laid aside His royal crown, and He clothed His divinity with humanity, that humanity may grasp humanity, and that divinity might be grasped by humanity in the living faith of Jesus Christ, that He is their Saviour. We want every one of us to be in a position that we shall understand that we must work out our faith with fear and trembling.",
    "puborder": 4091,
    "translations": []
  },
  {
    "para_id": "14074.8410030",
    "id_prev": "14074.8410029",
    "id_next": "14074.8410031",
    "refcode_1": "24LtMs",
    "refcode_2": "1",
    "refcode_3": "2959",
    "refcode_4": "1909112300",
    "refcode_short": "24LtMs, Ms 123, 1909, par. 25",
    "refcode_long": "Letters and Manuscripts — Volume 24 (1909), Ms 123, 1909, par. 25",
    "element_type": "p",
    "element_subtype": "standard-indented",
    "content": "There is a work to be done in our world. When I saw this city&mdash;I have seen it before, but a long time ago&mdash;but I felt just as I felt when I have seen the cities. When after my husband had finished his course, and through excessive labor he was borne to the grave, the last words that I caught from him&mdash;he could not articulate&mdash;Husband, shall I take a work in connection with our sons, shall I carry it on just as you and I have done, for the foreign countries, shall I do it? He nodded. Again I asked him, and he gave me the same motion.",
    "puborder": 4092,
    "translations": []
  },
  {
    "para_id": "14074.8410031",
    "id_prev": "14074.8410030",
    "id_next": "14074.8410032",
    "refcode_1": "24LtMs",
    "refcode_2": "1",
    "refcode_3": "2960",
    "refcode_4": "1909112300",
    "refcode_short": "24LtMs, Ms 123, 1909, par. 26",
    "refcode_long": "Letters and Manuscripts — Volume 24 (1909), Ms 123, 1909, par. 26",
    "element_type": "p",
    "element_subtype": "standard-indented",
    "content": "Now I have taken that right up. I have taken it right up. When I could have my children with me to help me carry the work I was very glad. If not, then I would take it with an attendant that I have had that is with me now, and has been with me for the last thirty years to look after me, which she has done faithfully. Then I would enter the places, and I would speak to the people in Europe; I would speak to them in France; I would speak to them then when I went to Australia. There were battles to fight, I can assure you, and it is impossible to describe anything about it. But I want to say when the Lord sees that we are willing to work, He will give us the power to work. The Lord God of heaven is not unreasonable.",
    "puborder": 4093,
    "translations": []
  },
  {
    "para_id": "14074.8410032",
    "id_prev": "14074.8410031",
    "id_next": "14074.8410033",
    "refcode_1": "24LtMs",
    "refcode_2": "1",
    "refcode_3": "2961",
    "refcode_4": "1909112300",
    "refcode_short": "24LtMs, Ms 123, 1909, par. 27",
    "refcode_long": "Letters and Manuscripts — Volume 24 (1909), Ms 123, 1909, par. 27",
    "element_type": "p",
    "element_subtype": "standard-indented",
    "content": "I thought I could not come on this journey. I thought it was an impossibility for me to leave St. Helena, and all my writings that I had to manage there. But when I came to the General Conference, there was a power from on high that came upon me, and I no more held my peace. There it was, before that immense crowd, coming from all parts of the world, and all nationalities, and God gave His message to me to bear to that large crowd of people. Ever since that time I have been at work. And before that my son said, You need go now only to just one place, and I went to fourteen before I got to the meeting.",
    "puborder": 4094,
    "translations": []
  },
  {
    "para_id": "14074.8410033",
    "id_prev": "14074.8410032",
    "id_next": "14074.8410034",
    "refcode_1": "24LtMs",
    "refcode_2": "1",
    "refcode_3": "2962",
    "refcode_4": "1909112300",
    "refcode_short": "24LtMs, Ms 123, 1909, par. 28",
    "refcode_long": "Letters and Manuscripts — Volume 24 (1909), Ms 123, 1909, par. 28",
    "element_type": "p",
    "element_subtype": "standard-indented",
    "content": "Now, I want to say there are some that I was talking to, but not today. I want to tell you. I want to see the converting power, that every one that reads their Bibles may understand what day God has sanctified. When you read your Bibles on your bended knees, you will see that God has sanctified the seventh day, the Sabbath day, and He wants every one of us to be obedient. Now I tell you to search the Scriptures lest you be left out with those that have darkened their minds, and you cannot afford it. We want life, an eternal life that measures with the life of God. O I know that He will give to every one of you that seek it that blessed assurance that it shall be yours. If you will follow on to know the Lord, you shall know that His going forth is prepared as the morning.",
    "puborder": 4095,
    "translations": []
  },
  {
    "para_id": "14074.8410034",
    "id_prev": "14074.8410033",
    "id_next": "14074.8410035",
    "refcode_1": "24LtMs",
    "refcode_2": "1",
    "refcode_3": "2963",
    "refcode_4": "1909112300",
    "refcode_short": "24LtMs, Ms 123, 1909, par. 29",
    "refcode_long": "Letters and Manuscripts — Volume 24 (1909), Ms 123, 1909, par. 29",
    "element_type": "p",
    "element_subtype": "standard-indented",
    "content": "Well, you know how the preparation of the morning is. We need not describe it. But I want to tell you there is a heaven to win and I want to know how many of you will make a decided movement for eternal life. I want to know how many will consider that our God calls upon them to make a decided movement, else He cannot help you. Who, I ask you, will be determined that you will give yourselves to Him?",
    "puborder": 4096,
    "translations": []
  },
  {
    "para_id": "14074.8410035",
    "id_prev": "14074.8410034",
    "id_next": "14074.8410036",
    "refcode_1": "24LtMs",
    "refcode_2": "1",
    "refcode_3": "2964",
    "refcode_4": "1909112300",
    "refcode_short": "24LtMs, Ms 123, 1909, par. 30",
    "refcode_long": "Letters and Manuscripts — Volume 24 (1909), Ms 123, 1909, par. 30",
    "element_type": "p",
    "element_subtype": "standard-indented",
    "content": "At every step I have felt that I had to exercise faith and go in feebleness, but when I stood before the people, I could talk to the people and my voice could reach any number. I want to tell you that there is a living God. He wants every soul to have a crown of immortality placed upon his brow. He wants to see His image in you. He wants to see you about His throne. He wants to place a crown of glory upon your brow. He wants to place a harp in your hand, and He wants to throw open the golden gates of the city of God, and welcome every one in that will show that they will keep His commandments here, that they will do His will here in this life.",
    "puborder": 4097,
    "translations": []
  },
  {
    "para_id": "14074.8410036",
    "id_prev": "14074.8410035",
    "id_next": "14074.8410037",
    "refcode_1": "24LtMs",
    "refcode_2": "1",
    "refcode_3": "2965",
    "refcode_4": "1909112300",
    "refcode_short": "24LtMs, Ms 123, 1909, par. 31",
    "refcode_long": "Letters and Manuscripts — Volume 24 (1909), Ms 123, 1909, par. 31",
    "element_type": "p",
    "element_subtype": "standard-indented",
    "content": "It means something to us whether we are obedient or disobedient. I have more to say on this subject, but I want right here to ask you, Who of you will make a decided movement right here? Who will give themselves to the Bible? I do not ask you to believe anything that is not in that. I ask you to believe the Word of Jesus Christ who laid off His royal robe, who laid off His kingly crown, who clothed His divinity with humanity, and walked on foot to give His lessons to the people that would accumulate and accumulate. There they were, and He teaching them. They were hungry, and He knew it.",
    "puborder": 4098,
    "translations": []
  },
  {
    "para_id": "14074.8410037",
    "id_prev": "14074.8410036",
    "id_next": "14074.8410038",
    "refcode_1": "24LtMs",
    "refcode_2": "1",
    "refcode_3": "2966",
    "refcode_4": "1909112300",
    "refcode_short": "24LtMs, Ms 123, 1909, par. 32",
    "refcode_long": "Letters and Manuscripts — Volume 24 (1909), Ms 123, 1909, par. 32",
    "element_type": "p",
    "element_subtype": "standard-indented",
    "content": "Now He says, This people are hungry, and they must have something to eat. Well, we have got nothing but a few loaves and fishes. How can they feed such a multitude? Well, here is a grassy spot, bid them sit down. And there they were seated on that beautiful grass ground, and then He broke up the food in small pieces, and passed them, through His disciples, to the multitude. Now they had enough, and He said, Gather up the fragments, that nothing be lost. How much did they gather? Why, on one occasion it was seven baskets full, and on another occasion it was twelve. Here you can see what Christ can do for us. Why don&rsquo;t we have more faith in Him? That is the question?",
    "puborder": 4099,
    "translations": []
  },
  {
    "para_id": "14074.8410038",
    "id_prev": "14074.8410037",
    "id_next": "14074.8410039",
    "refcode_1": "24LtMs",
    "refcode_2": "1",
    "refcode_3": "2967",
    "refcode_4": "1909112300",
    "refcode_short": "24LtMs, Ms 123, 1909, par. 33",
    "refcode_long": "Letters and Manuscripts — Volume 24 (1909), Ms 123, 1909, par. 33",
    "element_type": "p",
    "element_subtype": "standard-indented",
    "content": "There will be every sort of error started that will want to break up into parties, and all this, but we have to look to the Ruler. We have to look to Jesus Christ the mighty One. There is life, everlasting life in the kingdom of glory for the overcomer. What more could God offer to you? He will help you in all your wrestling, in all your trials; you can lay it right before Him. I have had to do so in my case on this journey, when it seemed to me I could not stand before the public. But as soon as I was upon my feet, there seemed to be a power upon me, that I could not keep my voice, it had to go to the people. And thus I worked all through that conference. The Lord was with me in that immense conference.",
    "puborder": 4100,
    "translations": []
  },
  {
    "para_id": "14074.8410039",
    "id_prev": "14074.8410038",
    "id_next": "14074.8410040",
    "refcode_1": "24LtMs",
    "refcode_2": "1",
    "refcode_3": "2968",
    "refcode_4": "1909112300",
    "refcode_short": "24LtMs, Ms 123, 1909, par. 34",
    "refcode_long": "Letters and Manuscripts — Volume 24 (1909), Ms 123, 1909, par. 34",
    "element_type": "p",
    "element_subtype": "standard-indented",
    "content": "I have faith in God. I have faith in His Word, and I want every one that wants to have eternal life, I want you to believe in Jesus Christ, the One that can do all things for you. He can minister. He can teach. He can guide them into truth, and let us work for the Master.",
    "puborder": 4101,
    "translations": []
  },
  {
    "para_id": "14074.8410040",
    "id_prev": "14074.8410039",
    "id_next": "14074.8410041",
    "refcode_1": "24LtMs",
    "refcode_2": "1",
    "refcode_3": "2969",
    "refcode_4": "1909112300",
    "refcode_short": "24LtMs, Ms 123, 1909, par. 35",
    "refcode_long": "Letters and Manuscripts — Volume 24 (1909), Ms 123, 1909, par. 35",
    "element_type": "p",
    "element_subtype": "standard-indented",
    "content": "Who is it will take up the work? I have it. I cannot let go of it. I shall work perhaps till I am taken right in the desk. I shall be 82 years old next November, and I want to say, I love Jesus. There is nothing too hard for me to do for the Master. I love Him, and I want to bring souls to Him, remembering that there was a time then that cup of agony was trembling in His hands just before His crucifixion. The idea of sin being upon Him, and separating Him from His Father, it was such that He felt He could not endure it, and the bloody sweat came from His brows, and moistened the sod of Gethsemane. And this is what my Saviour suffered, that humanity might grasp divinity, and that we through the power of divinity might be overcomers by the blood of the Lamb and the word of our testimony.",
    "puborder": 4102,
    "translations": []
  },
  {
    "para_id": "14074.8410041",
    "id_prev": "14074.8410040",
    "id_next": "14074.8410042",
    "refcode_1": "24LtMs",
    "refcode_2": "1",
    "refcode_3": "2970",
    "refcode_4": "1909112300",
    "refcode_short": "24LtMs, Ms 123, 1909, par. 36",
    "refcode_long": "Letters and Manuscripts — Volume 24 (1909), Ms 123, 1909, par. 36",
    "element_type": "p",
    "element_subtype": "standard-indented",
    "content": "Who of you will accept of Christ, and give your life to Him as you never have done before? Who will search the Scriptures to see what is truth? Who will seek all the comfort and encouragement that Christ has given, and I have mentioned only a few items. Who will do so? Let them rise right up. (Congregation rises.) Thank God.",
    "puborder": 4103,
    "translations": []
  },
  {
    "para_id": "14074.8410042",
    "id_prev": "14074.8410041",
    "id_next": "14074.8410043",
    "refcode_1": "24LtMs",
    "refcode_2": "1",
    "refcode_3": "2971",
    "refcode_4": "1909112300",
    "refcode_short": "24LtMs, Ms 123, 1909, par. 37",
    "refcode_long": "Letters and Manuscripts — Volume 24 (1909), Ms 123, 1909, par. 37",
    "element_type": "p",
    "element_subtype": "standard-indented",
    "content": "(Praying:) Heavenly Father, we come to Thee at this time, and present to Thee the covenant that has been made by this people, that they will seek the Lord with all their hearts, that they may find Him. Let Thy blessing come to this people, I pray Thee. Let Thy great grace be upon them. Sweep back every mist and every cloud of darkness, and let the sunlight of Thy glory into their souls, that they may keep this pledge that they have made to thee in standing upon their feet today.",
    "puborder": 4104,
    "translations": []
  },
  {
    "para_id": "14074.8410043",
    "id_prev": "14074.8410042",
    "id_next": "14074.8410044",
    "refcode_1": "24LtMs",
    "refcode_2": "1",
    "refcode_3": "2972",
    "refcode_4": "1909112300",
    "refcode_short": "24LtMs, Ms 123, 1909, par. 38",
    "refcode_long": "Letters and Manuscripts — Volume 24 (1909), Ms 123, 1909, par. 38",
    "element_type": "p",
    "element_subtype": "standard-indented",
    "content": "Thou knowest the hearts of every one. Thou art acquainted with every sorrow. Thou knowest how to heal the broken-hearted. Thou knowest how to set the captives free from the power of Satan. Thou knowest just what to do to break every yoke, that they may seek the Lord, that the angels of God may go with those and accompany them when they shall leave this house. And Thou, heavenly Father, Thou canst give them force and power and healing of soul. Thou canst disappoint the enemy. Thou canst let Thy light shine into the chambers of the mind and into the soul temple. Thou canst take the afflicted ones. Thou canst heal them, and thou canst give peace and quietude to the disturbed minds.",
    "puborder": 4105,
    "translations": []
  },
  {
    "para_id": "14074.8410044",
    "id_prev": "14074.8410043",
    "id_next": "14074.8410045",
    "refcode_1": "24LtMs",
    "refcode_2": "1",
    "refcode_3": "2973",
    "refcode_4": "1909112300",
    "refcode_short": "24LtMs, Ms 123, 1909, par. 39",
    "refcode_long": "Letters and Manuscripts — Volume 24 (1909), Ms 123, 1909, par. 39",
    "element_type": "p",
    "element_subtype": "standard-indented",
    "content": "I come to Thee, my Saviour, and I ask Thee that Thou wouldest give that help that humanity may recognize divinity through Jesus Christ and grasp that divinity, that they may work the good warfare, that they may press the battle to the gates, and the city of God, the gates be thrown back upon their glittering hinges, and the nations that have kept the truth shall enter in.",
    "puborder": 4106,
    "translations": []
  },
  {
    "para_id": "14074.8410045",
    "id_prev": "14074.8410044",
    "id_next": "14074.8410046",
    "refcode_1": "24LtMs",
    "refcode_2": "1",
    "refcode_3": "2974",
    "refcode_4": "1909112300",
    "refcode_short": "24LtMs, Ms 123, 1909, par. 40",
    "refcode_long": "Letters and Manuscripts — Volume 24 (1909), Ms 123, 1909, par. 40",
    "element_type": "p",
    "element_subtype": "standard-indented",
    "content": "We want heaven. We want life, eternal life in the kingdom of glory. Let Thy blessing rest upon this people. Give comfort to the desponding. Lift up the hearts of the despairing, and may they see the Saviour in Jesus Christ, that humanity may grasp divinity, and that the glory of God may be revealed. A little nearer, Lord. A little nearer to this people. Comfort their hearts. Let them see where their hope is. It is to believe every word that has proceeded from the lips of Jesus Christ, and then be obedient to all His requirements.",
    "puborder": 4107,
    "translations": []
  },
  {
    "para_id": "14074.8410046",
    "id_prev": "14074.8410045",
    "id_next": "14074.8410047",
    "refcode_1": "24LtMs",
    "refcode_2": "1",
    "refcode_3": "2975",
    "refcode_4": "1909112300",
    "refcode_short": "24LtMs, Ms 123, 1909, par. 41",
    "refcode_long": "Letters and Manuscripts — Volume 24 (1909), Ms 123, 1909, par. 41",
    "element_type": "p",
    "element_subtype": "standard-indented",
    "content": "O my Saviour, I praise Thee with heart and soul and voice. I thank Thee, my Saviour that thou canst impress these minds. Let them leave this meeting with the deep impression of the Holy Spirit of God. May they see such light in Thy light that they will not trample Thy commandments any more.",
    "puborder": 4108,
    "translations": []
  },
  {
    "para_id": "14074.8410047",
    "id_prev": "14074.8410046",
    "id_next": "14074.10453001",
    "refcode_1": "24LtMs",
    "refcode_2": "1",
    "refcode_3": "2976",
    "refcode_4": "1909112300",
    "refcode_short": "24LtMs, Ms 123, 1909, par. 42",
    "refcode_long": "Letters and Manuscripts — Volume 24 (1909), Ms 123, 1909, par. 42",
    "element_type": "p",
    "element_subtype": "standard-indented",
    "content": "Jesus, we love Thee. We see in Thee matchless charms, and we want this people to come to a knowledge of the truth. We see the unconverted in the cities. We see that help must be given. We see that souls must take up the work, and O, glorify them, my blessed Jesus. Give them truth, the power of the truth in the heart, and may they seek to enlighten the minds that are in darkness, that they may be brought to rejoice in the triumphs of Thy cross, and Thy name shall have all the glory.",
    "puborder": 4109,
    "translations": []
  }
]