[
  {
    "para_id": "14805.155",
    "id_prev": "14805.153",
    "id_next": "14805.156",
    "refcode_1": "CFL",
    "refcode_2": "22",
    "refcode_3": "",
    "refcode_4": "18",
    "refcode_short": "CFL 22",
    "refcode_long": "Counsels on Future Life, p. 22 (Ellen G. White Estate)",
    "element_type": "h3",
    "element_subtype": "",
    "content": "<i>Counsel #4</i> &mdash; Ultimate Occultic Deception",
    "puborder": 133,
    "translations": []
  },
  {
    "para_id": "14805.156",
    "id_prev": "14805.155",
    "id_next": "14805.157",
    "refcode_1": "CFL",
    "refcode_2": "22",
    "refcode_3": "1",
    "refcode_4": "",
    "refcode_short": "CFL 22.1",
    "refcode_long": "Counsels on Future Life, p. 22.1 (Ellen G. White Estate)",
    "element_type": "p",
    "element_subtype": "standard-indented",
    "content": "<a href=\"https://media2.egwwritings.org/images/14805/3_spiritualism/4_spiritualism.webp\" alt=\"Counsel #4 &mdash; Ultimate Occultic Deception\" title=\"Counsel #4 &mdash; Ultimate Occultic Deception\" data-link=\"https://egw.bz/go?uri=https%3a%2f%2fmedia2.egwwritings.org%2fimages%2f14805%2f3_spiritualism%2f4_spiritualism.webp\" class=\"egwlink egwlink_external\">Picture:</a> <i>Counsel #4</i> &mdash; Ultimate Occultic Deception",
    "puborder": 134,
    "translations": []
  },
  {
    "para_id": "14805.157",
    "id_prev": "14805.156",
    "id_next": "14805.158",
    "refcode_1": "CFL",
    "refcode_2": "22",
    "refcode_3": "2",
    "refcode_4": "",
    "refcode_short": "CFL 22.2",
    "refcode_long": "Counsels on Future Life, p. 22.2 (Ellen G. White Estate)",
    "element_type": "p",
    "element_subtype": "standard-indented",
    "content": "Just before Jesus comes in power and glory the second time, Satan will personate Jesus by disguising himself as a radiant angel of light, appearing in various places and performing awe-inspiring miracles. He will speak beautiful and compassionate words, and fake righteousness so effectively that if it were possible, he would deceive even God&rsquo;s people (see <b><span title=\"Matthew 24:24\" class=\"egwlink egwlink_bible\" data-link=\"1965.48958\">Matthew 24:24</span></b>). But because Satan will also turn the people from the God&rsquo;s law, God&rsquo;s true, steadfast followers will not be deceived.<sup class=\"footnote\"><a class=\"footnote\">[18]<span class=\"footnote\"><a href=\"https://ssnet.org/blog/10-satans-final-deceptions/\" data-link=\"https://egw.bz/go?uri=https%3a%2f%2fssnet.org%2fblog%2f10-satans-final-deceptions%2f\" class=\"egwlink egwlink_external\">https://ssnet.org/blog/10-satans-final-deceptions/</a> - The study begins at minute marker 10:59.</span></a></sup>",
    "puborder": 135,
    "translations": []
  },
  {
    "para_id": "14805.158",
    "id_prev": "14805.157",
    "id_next": "14805.159",
    "refcode_1": "CFL",
    "refcode_2": "22",
    "refcode_3": "3",
    "refcode_4": "",
    "refcode_short": "CFL 22.3",
    "refcode_long": "Counsels on Future Life, p. 22.3 (Ellen G. White Estate)",
    "element_type": "p",
    "element_subtype": "standard-indented",
    "content": "&ldquo;For such are false apostles, deceitful workers, transforming themselves into apostles of Christ. And no wonder! For Satan himself transforms himself into an angel of light.&rdquo; <b><span title=\"2 Corinthians 11:13\" class=\"egwlink egwlink_bible\" data-link=\"1965.59143\">2 Corinthians 11:13</span>, <span title=\"2 Corinthians 11:14\" class=\"egwlink egwlink_bible\" data-link=\"1965.59145\">14</span> NKJV</b>",
    "puborder": 136,
    "translations": []
  },
  {
    "para_id": "14805.159",
    "id_prev": "14805.158",
    "id_next": "14805.160",
    "refcode_1": "CFL",
    "refcode_2": "22",
    "refcode_3": "4",
    "refcode_4": "",
    "refcode_short": "CFL 22.4",
    "refcode_long": "Counsels on Future Life, p. 22.4 (Ellen G. White Estate)",
    "element_type": "p",
    "element_subtype": "standard-indented",
    "content": "&ldquo;As the crowning act in the great drama of deception, Satan himself will personate Christ…. The great deceiver will make it appear that Christ has come. In different parts of the earth, Satan will manifest himself among men as a majestic being of dazzling brightness, resembling the description of the Son of God given by John in Revelation. <b><span title=\"Revelation 1:13\" class=\"egwlink egwlink_bible\" data-link=\"1965.62657\">Revelation 1:13</span>-<span title=\"Revelation 1:15\" class=\"egwlink egwlink_bible\" data-link=\"1965.62661\">15</span></b>. The glory that surrounds [Satan] is unsurpassed by anything that mortal eyes have yet beheld…. This is the strong, almost overmastering delusion.&rdquo; Ellen White in <span class=\"egwlink egwlink_book\" title=\"GC 624.1\" data-link=\"132.2819\"><b><i>The Great Controversy</i>, p. 624, 625</b></span>",
    "puborder": 137,
    "translations": []
  },
  {
    "para_id": "14805.160",
    "id_prev": "14805.159",
    "id_next": "14805.162",
    "refcode_1": "CFL",
    "refcode_2": "22",
    "refcode_3": "5",
    "refcode_4": "",
    "refcode_short": "CFL 22.5",
    "refcode_long": "Counsels on Future Life, p. 22.5 (Ellen G. White Estate)",
    "element_type": "p",
    "element_subtype": "standard-indented",
    "content": "<b>Reflect: </b>How are you preparing now to prevent being deceived in the future from joining nearly the whole world in receiving Satan as lord of lords and king of kings?",
    "puborder": 138,
    "translations": []
  }
]