[
  {
    "para_id": "389.429",
    "id_prev": "389.426",
    "id_next": "389.430",
    "refcode_1": "HS",
    "refcode_2": "179",
    "refcode_3": "",
    "refcode_4": "19",
    "refcode_short": "HS 179",
    "refcode_long": "Historical Sketches of the Foreign Missions of the Seventh-day Adventists, p. 179 (Ellen Gould White)",
    "element_type": "h3",
    "element_subtype": "",
    "content": "Copenhagen",
    "puborder": 323,
    "translations": []
  },
  {
    "para_id": "389.430",
    "id_prev": "389.429",
    "id_next": "389.431",
    "refcode_1": "HS",
    "refcode_2": "179",
    "refcode_3": "1",
    "refcode_4": "",
    "refcode_short": "HS 179.1",
    "refcode_long": "Historical Sketches of the Foreign Missions of the Seventh-day Adventists, p. 179.1 (Ellen Gould White)",
    "element_type": "p",
    "element_subtype": "standard-indented",
    "content": "Thursday forenoon we reached Copenhagen, and were met by Eld. Matteson, who for some months had resided in the city, and who took us to his home. Here we wound our way up long flights of stairs that seemed almost interminable. We do not find elevators in the cities of Europe as in America, though there is quite as much need of them. In the sixth story we found our friends. They were comfortably and pleasantly situated, though very high up in the world.",
    "puborder": 324,
    "translations": []
  },
  {
    "para_id": "389.431",
    "id_prev": "389.430",
    "id_next": "389.432",
    "refcode_1": "HS",
    "refcode_2": "179",
    "refcode_3": "2",
    "refcode_4": "",
    "refcode_short": "HS 179.2",
    "refcode_long": "Historical Sketches of the Foreign Missions of the Seventh-day Adventists, p. 179.2 (Ellen Gould White)",
    "element_type": "p",
    "element_subtype": "standard-indented",
    "content": "The view from our windows was very fine. Just across the street were beautiful grounds which had the appearance of an extensive park or garden. We were somewhat surprised to learn that it was a cemetery. The tombstones were mostly concealed from view by trees and shrubbery. Evergreen hedges separated the inclosures, and choice flowers and shrubs were scattered everywhere. Close by was the large botanical garden and floral nursery, containing rare trees and shrubs, and the most beautiful flowers in almost endless variety.",
    "puborder": 325,
    "translations": []
  },
  {
    "para_id": "389.432",
    "id_prev": "389.431",
    "id_next": "389.435",
    "refcode_1": "HS",
    "refcode_2": "179",
    "refcode_3": "3",
    "refcode_4": "",
    "refcode_short": "HS 179.3",
    "refcode_long": "Historical Sketches of the Foreign Missions of the Seventh-day Adventists, p. 179.3 (Ellen Gould White)",
    "element_type": "p",
    "element_subtype": "standard-indented",
    "content": "Toward the sea we saw the huge windmills used for grinding grain. A little to the right is the glistening dome <span class=\"page-break\" data-page=\"180\"></span> of the Greek church. This dome, we are told, is overlaid with gold, and it is customary to adorn these houses of worship in this manner.",
    "puborder": 326,
    "translations": []
  },
  {
    "para_id": "389.435",
    "id_prev": "389.432",
    "id_next": "389.436",
    "refcode_1": "HS",
    "refcode_2": "180",
    "refcode_3": "1",
    "refcode_4": "",
    "refcode_short": "HS 180.1",
    "refcode_long": "Historical Sketches of the Foreign Missions of the Seventh-day Adventists, p. 180.1 (Ellen Gould White)",
    "element_type": "p",
    "element_subtype": "standard-indented",
    "content": "Our first meeting was held on Friday evening, in a little fourth-story hall close at hand, used for Sabbath meetings by our people. About thirty-five were present, most of whom had received the truth through the labors of Brn. Matteson and Brorsen. There were about a dozen in Copenhagen who had begun to keep the Sabbath, and the remainder had come in from the adjacent churches.",
    "puborder": 327,
    "translations": []
  }
]