[
  {
    "para_id": "1538.446",
    "id_prev": "1538.445",
    "id_next": "1538.448",
    "refcode_1": "SITI",
    "refcode_2": "182",
    "refcode_3": "",
    "refcode_4": "1885",
    "refcode_short": "SITI March 26,  1885, page 182",
    "refcode_long": "The Signs of the Times, vol. 11 March 26,  1885, page 182",
    "element_type": "h3",
    "element_subtype": "",
    "content": "March 26, 1885",
    "puborder": 416,
    "translations": []
  },
  {
    "para_id": "1538.448",
    "id_prev": "1538.446",
    "id_next": "1538.449",
    "refcode_1": "SITI",
    "refcode_2": "198",
    "refcode_3": "",
    "refcode_4": "1885",
    "refcode_short": "SITI March 26,  1885, page 198",
    "refcode_long": "The Signs of the Times, vol. 11 March 26,  1885, page 198",
    "element_type": "h5",
    "element_subtype": "",
    "content": "&ldquo;Inheritance of the Saints. Promises to Abraham&rdquo; The Signs of the Times, 11, 13.",
    "puborder": 417,
    "translations": []
  },
  {
    "para_id": "1538.449",
    "id_prev": "1538.448",
    "id_next": "1538.450",
    "refcode_1": "SITI",
    "refcode_2": "198",
    "refcode_3": "",
    "refcode_4": "1885",
    "refcode_short": "",
    "refcode_long": "",
    "element_type": "p",
    "element_subtype": "center",
    "content": "E. J. Waggoner",
    "puborder": 418,
    "translations": []
  },
  {
    "para_id": "1538.450",
    "id_prev": "1538.449",
    "id_next": "1538.451",
    "refcode_1": "SITI",
    "refcode_2": "198",
    "refcode_3": "",
    "refcode_4": "1885",
    "refcode_short": "",
    "refcode_long": "",
    "element_type": "p",
    "element_subtype": "center",
    "content": "<strong>THE SABBATH-SCHOOL.</strong>",
    "puborder": 419,
    "translations": []
  },
  {
    "para_id": "1538.451",
    "id_prev": "1538.450",
    "id_next": "1538.452",
    "refcode_1": "SITI",
    "refcode_2": "198",
    "refcode_3": "",
    "refcode_4": "1885",
    "refcode_short": "SITI March 26,  1885, page 198",
    "refcode_long": "The Signs of the Times, vol. 11 March 26,  1885, page 198",
    "element_type": "h6",
    "element_subtype": "",
    "content": "LESSON FOR THE PACIFIC COAST&mdash;APRIL 15",
    "puborder": 420,
    "translations": []
  },
  {
    "para_id": "1538.452",
    "id_prev": "1538.451",
    "id_next": "1538.453",
    "refcode_1": "SITI",
    "refcode_2": "198",
    "refcode_3": "",
    "refcode_4": "1885",
    "refcode_short": "",
    "refcode_long": "",
    "element_type": "p",
    "element_subtype": "periodicalauthor",
    "content": "No Authorcode",
    "puborder": 421,
    "translations": []
  },
  {
    "para_id": "1538.453",
    "id_prev": "1538.452",
    "id_next": "1538.454",
    "refcode_1": "SITI",
    "refcode_2": "198",
    "refcode_3": "",
    "refcode_4": "1885",
    "refcode_short": "SITI March 26,  1885, page 198",
    "refcode_long": "The Signs of the Times, vol. 11 March 26,  1885, page 198",
    "element_type": "h6",
    "element_subtype": "",
    "content": "PROMISES TO ABRAHAM",
    "puborder": 422,
    "translations": []
  },
  {
    "para_id": "1538.454",
    "id_prev": "1538.453",
    "id_next": "1538.455",
    "refcode_1": "SITI",
    "refcode_2": "198",
    "refcode_3": "1",
    "refcode_4": "1885",
    "refcode_short": "SITI March 26,  1885, page 198.1",
    "refcode_long": "The Signs of the Times, vol. 11 March 26,  1885, page 198 paragraph 1",
    "element_type": "p",
    "element_subtype": "standard-indented",
    "content": "1. When did the Lord first appear to Abraham?",
    "puborder": 423,
    "translations": []
  },
  {
    "para_id": "1538.455",
    "id_prev": "1538.454",
    "id_next": "1538.456",
    "refcode_1": "SITI",
    "refcode_2": "198",
    "refcode_3": "2",
    "refcode_4": "1885",
    "refcode_short": "SITI March 26,  1885, page 198.2",
    "refcode_long": "The Signs of the Times, vol. 11 March 26,  1885, page 198 paragraph 2",
    "element_type": "p",
    "element_subtype": "standard-indented",
    "content": "&ldquo;And he said, Men, brethren, and fathers, hearken: The God of glory appeared unto our father Abraham, when he was in Mesopotamia, before he dwelt in Charran.&rdquo; <span class=\"egwlink egwlink_bible\" title=\"Acts 7:2\" data-link=\"1965.55308\">Acts 7:2</span>.",
    "puborder": 424,
    "translations": []
  },
  {
    "para_id": "1538.456",
    "id_prev": "1538.455",
    "id_next": "1538.457",
    "refcode_1": "SITI",
    "refcode_2": "198",
    "refcode_3": "3",
    "refcode_4": "1885",
    "refcode_short": "SITI March 26,  1885, page 198.3",
    "refcode_long": "The Signs of the Times, vol. 11 March 26,  1885, page 198 paragraph 3",
    "element_type": "p",
    "element_subtype": "standard-indented",
    "content": "2. What did he then say to him?",
    "puborder": 425,
    "translations": []
  },
  {
    "para_id": "1538.457",
    "id_prev": "1538.456",
    "id_next": "1538.458",
    "refcode_1": "SITI",
    "refcode_2": "198",
    "refcode_3": "4",
    "refcode_4": "1885",
    "refcode_short": "SITI March 26,  1885, page 198.4",
    "refcode_long": "The Signs of the Times, vol. 11 March 26,  1885, page 198 paragraph 4",
    "element_type": "p",
    "element_subtype": "standard-indented",
    "content": "&ldquo;And said unto him, Get thee out of thy country, and from thy kindred, and come into the land which I shall show thee.&rdquo; <span class=\"egwlink egwlink_bible\" title=\"Acts 7:3\" data-link=\"1965.55310\">Acts 7:3</span>.",
    "puborder": 426,
    "translations": []
  },
  {
    "para_id": "1538.458",
    "id_prev": "1538.457",
    "id_next": "1538.459",
    "refcode_1": "SITI",
    "refcode_2": "198",
    "refcode_3": "5",
    "refcode_4": "1885",
    "refcode_short": "SITI March 26,  1885, page 198.5",
    "refcode_long": "The Signs of the Times, vol. 11 March 26,  1885, page 198 paragraph 5",
    "element_type": "p",
    "element_subtype": "standard-indented",
    "content": "3. To what place did Abraham go from Mesopotamia?",
    "puborder": 427,
    "translations": []
  },
  {
    "para_id": "1538.459",
    "id_prev": "1538.458",
    "id_next": "1538.460",
    "refcode_1": "SITI",
    "refcode_2": "198",
    "refcode_3": "6",
    "refcode_4": "1885",
    "refcode_short": "SITI March 26,  1885, page 198.6",
    "refcode_long": "The Signs of the Times, vol. 11 March 26,  1885, page 198 paragraph 6",
    "element_type": "p",
    "element_subtype": "standard-indented",
    "content": "&ldquo;Then came he out of the land of the Chaldaeans, and dwelt in Charran; and from thence, when his father was dead, he removed him into this land, wherein ye now dwell.&rdquo; <span class=\"egwlink egwlink_bible\" title=\"Acts 7:4\" data-link=\"1965.55312\">Acts 7:4</span>.",
    "puborder": 428,
    "translations": []
  },
  {
    "para_id": "1538.460",
    "id_prev": "1538.459",
    "id_next": "1538.461",
    "refcode_1": "SITI",
    "refcode_2": "198",
    "refcode_3": "7",
    "refcode_4": "1885",
    "refcode_short": "SITI March 26,  1885, page 198.7",
    "refcode_long": "The Signs of the Times, vol. 11 March 26,  1885, page 198 paragraph 7",
    "element_type": "p",
    "element_subtype": "standard-indented",
    "content": "4. How long did Abraham stay in Charran (Haran)? <em>Ib</em>.",
    "puborder": 429,
    "translations": []
  },
  {
    "para_id": "1538.461",
    "id_prev": "1538.460",
    "id_next": "1538.462",
    "refcode_1": "SITI",
    "refcode_2": "198",
    "refcode_3": "8",
    "refcode_4": "1885",
    "refcode_short": "SITI March 26,  1885, page 198.8",
    "refcode_long": "The Signs of the Times, vol. 11 March 26,  1885, page 198 paragraph 8",
    "element_type": "p",
    "element_subtype": "standard-indented",
    "content": "5. After the death of his father, where did he go? <em>Ib</em>.",
    "puborder": 430,
    "translations": []
  },
  {
    "para_id": "1538.462",
    "id_prev": "1538.461",
    "id_next": "1538.463",
    "refcode_1": "SITI",
    "refcode_2": "198",
    "refcode_3": "9",
    "refcode_4": "1885",
    "refcode_short": "SITI March 26,  1885, page 198.9",
    "refcode_long": "The Signs of the Times, vol. 11 March 26,  1885, page 198 paragraph 9",
    "element_type": "p",
    "element_subtype": "standard-indented",
    "content": "6. Locate, as nearly as possible, all these places on the map.",
    "puborder": 431,
    "translations": []
  },
  {
    "para_id": "1538.463",
    "id_prev": "1538.462",
    "id_next": "1538.464",
    "refcode_1": "SITI",
    "refcode_2": "198",
    "refcode_3": "10",
    "refcode_4": "1885",
    "refcode_short": "SITI March 26,  1885, page 198.10",
    "refcode_long": "The Signs of the Times, vol. 11 March 26,  1885, page 198 paragraph 10",
    "element_type": "p",
    "element_subtype": "standard-indented",
    "content": "7. Where do you find the record of these events of which Stephen speaks? <span class=\"egwlink egwlink_bible\" title=\"Genesis 12:1\" data-link=\"1965.614\">Genesis 12:1-5</span>.",
    "puborder": 432,
    "translations": []
  },
  {
    "para_id": "1538.464",
    "id_prev": "1538.463",
    "id_next": "1538.465",
    "refcode_1": "SITI",
    "refcode_2": "198",
    "refcode_3": "11",
    "refcode_4": "1885",
    "refcode_short": "SITI March 26,  1885, page 198.11",
    "refcode_long": "The Signs of the Times, vol. 11 March 26,  1885, page 198 paragraph 11",
    "element_type": "p",
    "element_subtype": "standard-indented",
    "content": "8. How old was Abram when he went into the land of Canaan?",
    "puborder": 433,
    "translations": []
  },
  {
    "para_id": "1538.465",
    "id_prev": "1538.464",
    "id_next": "1538.466",
    "refcode_1": "SITI",
    "refcode_2": "198",
    "refcode_3": "12",
    "refcode_4": "1885",
    "refcode_short": "SITI March 26,  1885, page 198.12",
    "refcode_long": "The Signs of the Times, vol. 11 March 26,  1885, page 198 paragraph 12",
    "element_type": "p",
    "element_subtype": "standard-indented",
    "content": "&ldquo;So Abram departed, as the Lord had spoken unto him; and Lot went with him: and Abram was seventy and five years old when he departed out of Haran.&rdquo; <span class=\"egwlink egwlink_bible\" title=\"Genesis 12:4\" data-link=\"1965.620\">Genesis 12:4</span>.",
    "puborder": 434,
    "translations": []
  },
  {
    "para_id": "1538.466",
    "id_prev": "1538.465",
    "id_next": "1538.467",
    "refcode_1": "SITI",
    "refcode_2": "198",
    "refcode_3": "13",
    "refcode_4": "1885",
    "refcode_short": "SITI March 26,  1885, page 198.13",
    "refcode_long": "The Signs of the Times, vol. 11 March 26,  1885, page 198 paragraph 13",
    "element_type": "p",
    "element_subtype": "standard-indented",
    "content": "9. How old was he when his father died?",
    "puborder": 435,
    "translations": []
  },
  {
    "para_id": "1538.467",
    "id_prev": "1538.466",
    "id_next": "1538.468",
    "refcode_1": "SITI",
    "refcode_2": "198",
    "refcode_3": "14",
    "refcode_4": "1885",
    "refcode_short": "SITI March 26,  1885, page 198.14",
    "refcode_long": "The Signs of the Times, vol. 11 March 26,  1885, page 198 paragraph 14",
    "element_type": "p",
    "element_subtype": "standard-indented",
    "content": "10. When the Lord told Abram to leave his native country, what promise did he make?",
    "puborder": 436,
    "translations": []
  },
  {
    "para_id": "1538.468",
    "id_prev": "1538.467",
    "id_next": "1538.469",
    "refcode_1": "SITI",
    "refcode_2": "198",
    "refcode_3": "15",
    "refcode_4": "1885",
    "refcode_short": "SITI March 26,  1885, page 198.15",
    "refcode_long": "The Signs of the Times, vol. 11 March 26,  1885, page 198 paragraph 15",
    "element_type": "p",
    "element_subtype": "standard-indented",
    "content": "&ldquo;And I will make of thee a great nation, and I will bless thee, and make thy name great; and thou shalt be a blessing; and I will bless them that bless thee, and curse him that curseth thee; and in thee shall all families of the earth be blessed.&rdquo; <span class=\"egwlink egwlink_bible\" title=\"Genesis 12:2\" data-link=\"1965.616\">Genesis 12:2, 3</span>.",
    "puborder": 437,
    "translations": []
  },
  {
    "para_id": "1538.469",
    "id_prev": "1538.468",
    "id_next": "1538.470",
    "refcode_1": "SITI",
    "refcode_2": "198",
    "refcode_3": "16",
    "refcode_4": "1885",
    "refcode_short": "SITI March 26,  1885, page 198.16",
    "refcode_long": "The Signs of the Times, vol. 11 March 26,  1885, page 198 paragraph 16",
    "element_type": "p",
    "element_subtype": "standard-indented",
    "content": "11. What expression shows that this promise was not merely a local affair?",
    "puborder": 438,
    "translations": []
  },
  {
    "para_id": "1538.470",
    "id_prev": "1538.469",
    "id_next": "1538.471",
    "refcode_1": "SITI",
    "refcode_2": "198",
    "refcode_3": "17",
    "refcode_4": "1885",
    "refcode_short": "SITI March 26,  1885, page 198.17",
    "refcode_long": "The Signs of the Times, vol. 11 March 26,  1885, page 198 paragraph 17",
    "element_type": "p",
    "element_subtype": "standard-indented",
    "content": "12. How extensive was it?",
    "puborder": 439,
    "translations": []
  },
  {
    "para_id": "1538.471",
    "id_prev": "1538.470",
    "id_next": "1538.472",
    "refcode_1": "SITI",
    "refcode_2": "198",
    "refcode_3": "18",
    "refcode_4": "1885",
    "refcode_short": "SITI March 26,  1885, page 198.18",
    "refcode_long": "The Signs of the Times, vol. 11 March 26,  1885, page 198 paragraph 18",
    "element_type": "p",
    "element_subtype": "standard-indented",
    "content": "13. What will be the condition of the world when this promise meets its fulfillment?",
    "puborder": 440,
    "translations": []
  },
  {
    "para_id": "1538.472",
    "id_prev": "1538.471",
    "id_next": "1538.473",
    "refcode_1": "SITI",
    "refcode_2": "198",
    "refcode_3": "19",
    "refcode_4": "1885",
    "refcode_short": "SITI March 26,  1885, page 198.19",
    "refcode_long": "The Signs of the Times, vol. 11 March 26,  1885, page 198 paragraph 19",
    "element_type": "p",
    "element_subtype": "standard-indented",
    "content": "14. Who are they who are blessed?",
    "puborder": 441,
    "translations": []
  },
  {
    "para_id": "1538.473",
    "id_prev": "1538.472",
    "id_next": "1538.474",
    "refcode_1": "SITI",
    "refcode_2": "198",
    "refcode_3": "20",
    "refcode_4": "1885",
    "refcode_short": "SITI March 26,  1885, page 198.20",
    "refcode_long": "The Signs of the Times, vol. 11 March 26,  1885, page 198 paragraph 20",
    "element_type": "p",
    "element_subtype": "standard-indented",
    "content": "&ldquo;Blessed is the man that walketh not in the counsel of the ungodly, nor standeth in the way of sinners, nor sitteth in the seat of the scornful. But his delight is in the law of the Lord; and in his law doth he meditate day and night.&rdquo; <span class=\"egwlink egwlink_bible\" title=\"Psalm 1:1\" data-link=\"1965.28381\">Psalm 1:1, 2</span>.",
    "puborder": 442,
    "translations": []
  },
  {
    "para_id": "1538.474",
    "id_prev": "1538.473",
    "id_next": "1538.475",
    "refcode_1": "SITI",
    "refcode_2": "198",
    "refcode_3": "21",
    "refcode_4": "1885",
    "refcode_short": "SITI March 26,  1885, page 198.21",
    "refcode_long": "The Signs of the Times, vol. 11 March 26,  1885, page 198 paragraph 21",
    "element_type": "p",
    "element_subtype": "standard-indented",
    "content": "15. Then what will all the world do when this promise is fulfilled?",
    "puborder": 443,
    "translations": []
  },
  {
    "para_id": "1538.475",
    "id_prev": "1538.474",
    "id_next": "1538.476",
    "refcode_1": "SITI",
    "refcode_2": "198",
    "refcode_3": "22",
    "refcode_4": "1885",
    "refcode_short": "SITI March 26,  1885, page 198.22",
    "refcode_long": "The Signs of the Times, vol. 11 March 26,  1885, page 198 paragraph 22",
    "element_type": "p",
    "element_subtype": "standard-indented",
    "content": "16. And when God&rsquo;s will is thus perfectly performed, what will be on this earth?",
    "puborder": 444,
    "translations": []
  },
  {
    "para_id": "1538.476",
    "id_prev": "1538.475",
    "id_next": "1538.477",
    "refcode_1": "SITI",
    "refcode_2": "198",
    "refcode_3": "23",
    "refcode_4": "1885",
    "refcode_short": "SITI March 26,  1885, page 198.23",
    "refcode_long": "The Signs of the Times, vol. 11 March 26,  1885, page 198 paragraph 23",
    "element_type": "p",
    "element_subtype": "standard-indented",
    "content": "&ldquo;Thy kingdom come, Thy will be done in earth, as it is in Heaven.&rdquo; <span class=\"egwlink egwlink_bible\" title=\"Matthew 6:10\" data-link=\"1965.47562\">Matthew 6:10</span>.",
    "puborder": 445,
    "translations": []
  },
  {
    "para_id": "1538.477",
    "id_prev": "1538.476",
    "id_next": "1538.478",
    "refcode_1": "SITI",
    "refcode_2": "198",
    "refcode_3": "24",
    "refcode_4": "1885",
    "refcode_short": "SITI March 26,  1885, page 198.24",
    "refcode_long": "The Signs of the Times, vol. 11 March 26,  1885, page 198 paragraph 24",
    "element_type": "p",
    "element_subtype": "standard-indented",
    "content": "The answer to question 9 will be readily seen by those who connect <span class=\"egwlink egwlink_bible\" title=\"Genesis 12:4\" data-link=\"1965.620\">Genesis 12:4</span> with <span class=\"egwlink egwlink_bible\" title=\"Acts 7:4\" data-link=\"1965.55312\">Acts 7:4</span>. He went out of Charran [or Haran] into Canaan when his father was dead, says Stephen. Moses says that he was seventy-five years old when he went into Canaan. So he was seventy-five years old, and his father died.",
    "puborder": 446,
    "translations": []
  },
  {
    "para_id": "1538.478",
    "id_prev": "1538.477",
    "id_next": "1538.479",
    "refcode_1": "SITI",
    "refcode_2": "198",
    "refcode_3": "25",
    "refcode_4": "1885",
    "refcode_short": "SITI March 26,  1885, page 198.25",
    "refcode_long": "The Signs of the Times, vol. 11 March 26,  1885, page 198 paragraph 25",
    "element_type": "p",
    "element_subtype": "standard-indented",
    "content": "From a single expression in the promise contained in <span class=\"egwlink egwlink_bible\" title=\"Genesis 12:2\" data-link=\"1965.616\">Genesis 12:2, 3</span>, we know that it was not a local affair. That expression is this; &ldquo;In thee shall <em>all the families of the earth</em> be blessed.&rdquo; It embraces all the inhabitants of the earth. But it is not fulfilled until all the inhabitants of the earth are <em>blessed</em>. That condition does not now exist, and has never yet existed. Now we learn in <span class=\"egwlink egwlink_bible\" title=\"Psalm 1:1\" data-link=\"1965.28381\">Psalm 1:1, 2</span> who are blessed,-those who love and obey the law of God. Of course; if the curse came because of <em>sin</em>, the blessing will come only when there is obedience. Therefore, when this promise is fulfilled, and every inhabitant of the earth will be delighting in the law of the Lord. In harmony with this are the words of Christ in his prayer (<span class=\"egwlink egwlink_bible\" title=\"Matthew 6:10\" data-link=\"1965.47562\">Matthew 6:10</span>), showing that such a state exists only when the kingdom of God exists on earth. E. J. W.",
    "puborder": 447,
    "translations": []
  }
]