[
  {
    "para_id": "14071.10270001",
    "id_prev": "14071.7426065",
    "id_next": "14071.10270004",
    "refcode_1": "21LtMs",
    "refcode_2": "1",
    "refcode_3": "",
    "refcode_4": "1906114600",
    "refcode_short": "21LtMs, Ms 146, 1906",
    "refcode_long": "Letters and Manuscripts — Volume 21 (1906), Ms 146, 1906",
    "element_type": "h4",
    "element_subtype": "",
    "content": "Ms 146, 1906",
    "puborder": 7350,
    "translations": []
  },
  {
    "para_id": "14071.10270004",
    "id_prev": "14071.10270001",
    "id_next": "14071.10270002",
    "refcode_1": "21LtMs",
    "refcode_2": "1",
    "refcode_3": "",
    "refcode_4": "1906114600",
    "refcode_short": "",
    "refcode_long": "",
    "element_type": "p",
    "element_subtype": "mstitle",
    "content": "Sermon/&ldquo;Remember the Sabbath Day, To Keep It Holy&rdquo;",
    "puborder": 7351,
    "translations": []
  },
  {
    "para_id": "14071.10270002",
    "id_prev": "14071.10270004",
    "id_next": "14071.10270003",
    "refcode_1": "21LtMs",
    "refcode_2": "1",
    "refcode_3": "",
    "refcode_4": "1906114600",
    "refcode_short": "",
    "refcode_long": "",
    "element_type": "p",
    "element_subtype": "msplace",
    "content": "<span class=\"msplace\" value=\"San Francisco, California\">&ldquo;Laguna Street Church,&rdquo; San Francisco, California</span>",
    "puborder": 7352,
    "translations": []
  },
  {
    "para_id": "14071.10270003",
    "id_prev": "14071.10270002",
    "id_next": "14071.10270005",
    "refcode_1": "21LtMs",
    "refcode_2": "1",
    "refcode_3": "",
    "refcode_4": "1906114600",
    "refcode_short": "",
    "refcode_long": "",
    "element_type": "p",
    "element_subtype": "msdate",
    "content": "<span class=\"msdate\" start=\"November 10, 1906\">November 10, 1906</span>",
    "puborder": 7353,
    "translations": []
  },
  {
    "para_id": "14071.10270005",
    "id_prev": "14071.10270003",
    "id_next": "14071.10270007",
    "refcode_1": "21LtMs",
    "refcode_2": "1",
    "refcode_3": "",
    "refcode_4": "1906114600",
    "refcode_short": "",
    "refcode_long": "",
    "element_type": "p",
    "element_subtype": "mspubinfo",
    "content": "Previously unpublished.",
    "puborder": 7354,
    "translations": []
  },
  {
    "para_id": "14071.10270007",
    "id_prev": "14071.10270005",
    "id_next": "14071.10270008",
    "refcode_1": "21LtMs",
    "refcode_2": "1",
    "refcode_3": "5248",
    "refcode_4": "1906114600",
    "refcode_short": "21LtMs, Ms 146, 1906, par. 1",
    "refcode_long": "Letters and Manuscripts — Volume 21 (1906), Ms 146, 1906, par. 1",
    "element_type": "p",
    "element_subtype": "standard-indented",
    "content": "In Genesis we read: &ldquo;God saw everything that He had made, and, behold, it was very good. And the evening and the morning were the sixth day.",
    "puborder": 7355,
    "translations": []
  },
  {
    "para_id": "14071.10270008",
    "id_prev": "14071.10270007",
    "id_next": "14071.10270009",
    "refcode_1": "21LtMs",
    "refcode_2": "1",
    "refcode_3": "5249",
    "refcode_4": "1906114600",
    "refcode_short": "21LtMs, Ms 146, 1906, par. 2",
    "refcode_long": "Letters and Manuscripts — Volume 21 (1906), Ms 146, 1906, par. 2",
    "element_type": "p",
    "element_subtype": "standard-indented",
    "content": "&ldquo;Thus the heavens and the earth were finished, and all the host of them. And on the seventh day God ended His work which He had made; and He rested on the seventh day from all His work which He had made. And God blessed the seventh day, and sanctified it: because that in it He had rested from all His work which God created and made.&rdquo; [<span class=\"egwlink egwlink_bible\" title=\"Genesis 1:31\" data-link=\"1965.65\">Genesis 1:31; 2:1-3</span>.]",
    "puborder": 7356,
    "translations": []
  },
  {
    "para_id": "14071.10270009",
    "id_prev": "14071.10270008",
    "id_next": "14071.10270010",
    "refcode_1": "21LtMs",
    "refcode_2": "1",
    "refcode_3": "5250",
    "refcode_4": "1906114600",
    "refcode_short": "21LtMs, Ms 146, 1906, par. 3",
    "refcode_long": "Letters and Manuscripts — Volume 21 (1906), Ms 146, 1906, par. 3",
    "element_type": "p",
    "element_subtype": "standard-indented",
    "content": "Let us turn to the <span class=\"egwlink egwlink_bible\" title=\"Exodus 20:1\" data-link=\"1965.4179\">twentieth chapter of Exodus</span>. Here we find recorded the Ten Commandments.",
    "puborder": 7357,
    "translations": []
  },
  {
    "para_id": "14071.10270010",
    "id_prev": "14071.10270009",
    "id_next": "14071.10270011",
    "refcode_1": "21LtMs",
    "refcode_2": "1",
    "refcode_3": "5251",
    "refcode_4": "1906114600",
    "refcode_short": "21LtMs, Ms 146, 1906, par. 4",
    "refcode_long": "Letters and Manuscripts — Volume 21 (1906), Ms 146, 1906, par. 4",
    "element_type": "p",
    "element_subtype": "standard-indented",
    "content": "&ldquo;And God spake all these words, saying, I am the Lord thy God, which have brought thee out of the land of Egypt, out of the house of bondage. Thou shalt have no other gods before Me. Thou shalt not make unto thee any graven image, or any likeness of anything that is in heaven above, or that is in the earth beneath, or that is in the water under the earth.&rdquo; [<span class=\"egwlink egwlink_bible\" title=\"Exodus 20:1\" data-link=\"1965.4179\">Verses 1-4</span>.]",
    "puborder": 7358,
    "translations": []
  },
  {
    "para_id": "14071.10270011",
    "id_prev": "14071.10270010",
    "id_next": "14071.10270012",
    "refcode_1": "21LtMs",
    "refcode_2": "1",
    "refcode_3": "5252",
    "refcode_4": "1906114600",
    "refcode_short": "21LtMs, Ms 146, 1906, par. 5",
    "refcode_long": "Letters and Manuscripts — Volume 21 (1906), Ms 146, 1906, par. 5",
    "element_type": "p",
    "element_subtype": "standard-indented",
    "content": "Let us bear this in mind. No image is to be made to represent God; no image is to be worshiped in the place of God.",
    "puborder": 7359,
    "translations": []
  },
  {
    "para_id": "14071.10270012",
    "id_prev": "14071.10270011",
    "id_next": "14071.10270013",
    "refcode_1": "21LtMs",
    "refcode_2": "1",
    "refcode_3": "5253",
    "refcode_4": "1906114600",
    "refcode_short": "21LtMs, Ms 146, 1906, par. 6",
    "refcode_long": "Letters and Manuscripts — Volume 21 (1906), Ms 146, 1906, par. 6",
    "element_type": "p",
    "element_subtype": "standard-indented",
    "content": "&ldquo;Thou shalt not bow down thyself to them, nor serve them: for I the Lord thy God am a jealous God, visiting the iniquity of the fathers upon the children unto the third and fourth generation of them that hate Me; and showing mercy unto thousands of them that love Me, and keep My commandments.",
    "puborder": 7360,
    "translations": []
  },
  {
    "para_id": "14071.10270013",
    "id_prev": "14071.10270012",
    "id_next": "14071.10270014",
    "refcode_1": "21LtMs",
    "refcode_2": "1",
    "refcode_3": "5254",
    "refcode_4": "1906114600",
    "refcode_short": "21LtMs, Ms 146, 1906, par. 7",
    "refcode_long": "Letters and Manuscripts — Volume 21 (1906), Ms 146, 1906, par. 7",
    "element_type": "p",
    "element_subtype": "standard-indented",
    "content": "&ldquo;Thou shalt not take the name of the Lord thy God in vain: for the Lord will not hold him guiltless that taketh His name in vain.",
    "puborder": 7361,
    "translations": []
  },
  {
    "para_id": "14071.10270014",
    "id_prev": "14071.10270013",
    "id_next": "14071.10270015",
    "refcode_1": "21LtMs",
    "refcode_2": "1",
    "refcode_3": "5255",
    "refcode_4": "1906114600",
    "refcode_short": "21LtMs, Ms 146, 1906, par. 8",
    "refcode_long": "Letters and Manuscripts — Volume 21 (1906), Ms 146, 1906, par. 8",
    "element_type": "p",
    "element_subtype": "standard-indented",
    "content": "&ldquo;Remember&rdquo;&mdash;now here is something that is particularly enjoined on every one of us: &ldquo;Remember the Sabbath day, to keep it holy. Six days shalt thou labor, and do all thy work: but the seventh day is the Sabbath of the Lord thy God: in it thou shalt not do any work, thou, nor thy son, nor thy daughter, thy manservant, nor thy maidservant, nor thy cattle, nor thy stranger that is within thy gates. For in six days the Lord made heaven and earth, the sea, and all that in them is, and rested the seventh day: wherefore the Lord blessed the Sabbath day, and hallowed it.&rdquo; [<span class=\"egwlink egwlink_bible\" title=\"Exodus 20:5\" data-link=\"1965.4187\">Verses 5-11</span>.]",
    "puborder": 7362,
    "translations": []
  },
  {
    "para_id": "14071.10270015",
    "id_prev": "14071.10270014",
    "id_next": "14071.10270016",
    "refcode_1": "21LtMs",
    "refcode_2": "1",
    "refcode_3": "5256",
    "refcode_4": "1906114600",
    "refcode_short": "21LtMs, Ms 146, 1906, par. 9",
    "refcode_long": "Letters and Manuscripts — Volume 21 (1906), Ms 146, 1906, par. 9",
    "element_type": "p",
    "element_subtype": "standard-indented",
    "content": "Look at the world, and see what they are doing. There is only a remnant who are keeping the Sabbath and who are explaining its importance to the people and urging them to keep the very day that God has specified. The Ten Commandments have been given us to observe.",
    "puborder": 7363,
    "translations": []
  },
  {
    "para_id": "14071.10270016",
    "id_prev": "14071.10270015",
    "id_next": "14071.10270017",
    "refcode_1": "21LtMs",
    "refcode_2": "1",
    "refcode_3": "5257",
    "refcode_4": "1906114600",
    "refcode_short": "21LtMs, Ms 146, 1906, par. 10",
    "refcode_long": "Letters and Manuscripts — Volume 21 (1906), Ms 146, 1906, par. 10",
    "element_type": "p",
    "element_subtype": "standard-indented",
    "content": "It was because of our desire to let the people know of the Sabbath truth that my husband and I, many years ago, came to Oakland and San Francisco. We knew that some provision must be made for the people to assemble to worship God. At that time we had no house of worship in either city; but we went to work with a will. We sold our property in Michigan, and, with a few others, many of whom are now sleeping in the grave, we erected this meetinghouse in San Francisco. When I heard of the earthquake and the conflagration, I wondered if the meetinghouse were destroyed. Well, here it is, and here I am standing in the desk to speak.",
    "puborder": 7364,
    "translations": []
  },
  {
    "para_id": "14071.10270017",
    "id_prev": "14071.10270016",
    "id_next": "14071.10270018",
    "refcode_1": "21LtMs",
    "refcode_2": "1",
    "refcode_3": "5258",
    "refcode_4": "1906114600",
    "refcode_short": "21LtMs, Ms 146, 1906, par. 11",
    "refcode_long": "Letters and Manuscripts — Volume 21 (1906), Ms 146, 1906, par. 11",
    "element_type": "p",
    "element_subtype": "standard-indented",
    "content": "In order to advance the cause, my husband did the work of three men. His whole soul was in the cause of present truth. In 1881 we had to close his eyes in death, and lay him away, there to rest until the morning of the resurrection. After his death, some of our brethren came to me, and asked, &ldquo;What are you going to do? Will your work stop now? Shall we not come and pray for the Lord to raise your husband from the dead?&rdquo; &ldquo;No,&rdquo; said I; &ldquo;he has done the work of three men, and he has died in the faith. Let him rest until the morning of the resurrection. I shall have my sons to depend on to help me in my work. The Lord is coming, and we must prepare for it. We must prepare a people to stand in that day.&rdquo;",
    "puborder": 7365,
    "translations": []
  },
  {
    "para_id": "14071.10270018",
    "id_prev": "14071.10270017",
    "id_next": "14071.10270019",
    "refcode_1": "21LtMs",
    "refcode_2": "1",
    "refcode_3": "5259",
    "refcode_4": "1906114600",
    "refcode_short": "21LtMs, Ms 146, 1906, par. 12",
    "refcode_long": "Letters and Manuscripts — Volume 21 (1906), Ms 146, 1906, par. 12",
    "element_type": "p",
    "element_subtype": "standard-indented",
    "content": "I was not expected to live until the time of the Lord&rsquo;s coming because of having been a sufferer nearly all my life. But the Lord God in mercy has given me health and strength; and the twenty-sixth of this month (November), if I live, I shall be seventy-nine years old. I have never suffered so little pain in my life as I have during the past few years. Especially since the July camp meeting in Oakland, I have been blessed in health. Before that meeting, I had been writing early in the morning, night after night, from one o&rsquo;clock&mdash;and sometimes from twelve o&rsquo;clock&mdash;till breakfast time; and then through the hours of the day, in order to prepare manuscripts that were to be sent to all parts of the world. Every morning I felt as if possibly it might be the last morning I should see.",
    "puborder": 7366,
    "translations": []
  },
  {
    "para_id": "14071.10270019",
    "id_prev": "14071.10270018",
    "id_next": "14071.10270020",
    "refcode_1": "21LtMs",
    "refcode_2": "1",
    "refcode_3": "5260",
    "refcode_4": "1906114600",
    "refcode_short": "21LtMs, Ms 146, 1906, par. 13",
    "refcode_long": "Letters and Manuscripts — Volume 21 (1906), Ms 146, 1906, par. 13",
    "element_type": "p",
    "element_subtype": "standard-indented",
    "content": "But at the camp meeting held in Oakland, the blessing of the Lord came upon me; and although I felt great weakness at the beginning of that meeting, yet I stood up before a large congregation in the mammoth tent; and as I began to speak, the blessing of God rested upon me in a very special manner. Every time I spoke during that meeting (six or seven times in all, besides laboring sometimes for those who came forward for prayers), I had not a weary feeling in my body. I felt like one refreshed. I felt like one upon whom the blessing of God was resting. I was very thankful indeed for His presence. Since that meeting, most of my time has been spent in writing and in speaking; and yet I am thankful to be able to say that the Lord has preserved me, so that I feel no discomfort healthwise. I have been revived by the Holy Spirit. I thank the Lord for all this. I praise His holy name with heart and soul and voice.",
    "puborder": 7367,
    "translations": []
  },
  {
    "para_id": "14071.10270020",
    "id_prev": "14071.10270019",
    "id_next": "14071.10270021",
    "refcode_1": "21LtMs",
    "refcode_2": "1",
    "refcode_3": "5261",
    "refcode_4": "1906114600",
    "refcode_short": "21LtMs, Ms 146, 1906, par. 14",
    "refcode_long": "Letters and Manuscripts — Volume 21 (1906), Ms 146, 1906, par. 14",
    "element_type": "p",
    "element_subtype": "standard-indented",
    "content": "I desire to say to you that I have realized the blessing that comes from keeping the Sabbath. At the beginning of my Christian experience I knew nothing about God&rsquo;s holy Sabbath; but soon after the period of disappointment in 1844, additional light came; and as we began to inquire into matters, the light of the Sabbath broke in upon us, and we have been teaching this truth ever since that time. We have no doubt but that these commandments of God are given to perfect Christian character through obedience. This is why we are here today&mdash;as an evidence that we keep the seventh-day Sabbath, not the first day of the week. The first day is not the Sabbath that the Lord has specified. In the commandment is specified the seventh day. &ldquo;For in six days the Lord made heaven and earth, the sea, and all that in them is, and rested the seventh day.&rdquo; What is the conclusion? &ldquo;Wherefore the Lord blessed the Sabbath day, and hallowed it.&rdquo; [<span class=\"egwlink egwlink_bible\" title=\"Exodus 20:11\" data-link=\"1965.4199\">Verse 11</span>.]",
    "puborder": 7368,
    "translations": []
  },
  {
    "para_id": "14071.10270021",
    "id_prev": "14071.10270020",
    "id_next": "14071.10270022",
    "refcode_1": "21LtMs",
    "refcode_2": "1",
    "refcode_3": "5262",
    "refcode_4": "1906114600",
    "refcode_short": "21LtMs, Ms 146, 1906, par. 15",
    "refcode_long": "Letters and Manuscripts — Volume 21 (1906), Ms 146, 1906, par. 15",
    "element_type": "p",
    "element_subtype": "standard-indented",
    "content": "There is not a single evidence in all the Word of God that this day, which God has blessed and sanctified, has been changed by Him afterward into a common working day.",
    "puborder": 7369,
    "translations": []
  },
  {
    "para_id": "14071.10270022",
    "id_prev": "14071.10270021",
    "id_next": "14071.10270023",
    "refcode_1": "21LtMs",
    "refcode_2": "1",
    "refcode_3": "5263",
    "refcode_4": "1906114600",
    "refcode_short": "21LtMs, Ms 146, 1906, par. 16",
    "refcode_long": "Letters and Manuscripts — Volume 21 (1906), Ms 146, 1906, par. 16",
    "element_type": "p",
    "element_subtype": "standard-indented",
    "content": "The remaining commandments are:",
    "puborder": 7370,
    "translations": []
  },
  {
    "para_id": "14071.10270023",
    "id_prev": "14071.10270022",
    "id_next": "14071.10270024",
    "refcode_1": "21LtMs",
    "refcode_2": "1",
    "refcode_3": "5264",
    "refcode_4": "1906114600",
    "refcode_short": "21LtMs, Ms 146, 1906, par. 17",
    "refcode_long": "Letters and Manuscripts — Volume 21 (1906), Ms 146, 1906, par. 17",
    "element_type": "p",
    "element_subtype": "standard-indented",
    "content": "&ldquo;Honor thy father and thy mother: that thy days may be long upon the land which the Lord thy God giveth thee.",
    "puborder": 7371,
    "translations": []
  },
  {
    "para_id": "14071.10270024",
    "id_prev": "14071.10270023",
    "id_next": "14071.10270025",
    "refcode_1": "21LtMs",
    "refcode_2": "1",
    "refcode_3": "5265",
    "refcode_4": "1906114600",
    "refcode_short": "21LtMs, Ms 146, 1906, par. 18",
    "refcode_long": "Letters and Manuscripts — Volume 21 (1906), Ms 146, 1906, par. 18",
    "element_type": "p",
    "element_subtype": "standard-indented",
    "content": "&ldquo;Thou shalt not kill.",
    "puborder": 7372,
    "translations": []
  },
  {
    "para_id": "14071.10270025",
    "id_prev": "14071.10270024",
    "id_next": "14071.10270026",
    "refcode_1": "21LtMs",
    "refcode_2": "1",
    "refcode_3": "5266",
    "refcode_4": "1906114600",
    "refcode_short": "21LtMs, Ms 146, 1906, par. 19",
    "refcode_long": "Letters and Manuscripts — Volume 21 (1906), Ms 146, 1906, par. 19",
    "element_type": "p",
    "element_subtype": "standard-indented",
    "content": "&ldquo;Thou shalt not commit adultery.",
    "puborder": 7373,
    "translations": []
  },
  {
    "para_id": "14071.10270026",
    "id_prev": "14071.10270025",
    "id_next": "14071.10270027",
    "refcode_1": "21LtMs",
    "refcode_2": "1",
    "refcode_3": "5267",
    "refcode_4": "1906114600",
    "refcode_short": "21LtMs, Ms 146, 1906, par. 20",
    "refcode_long": "Letters and Manuscripts — Volume 21 (1906), Ms 146, 1906, par. 20",
    "element_type": "p",
    "element_subtype": "standard-indented",
    "content": "&ldquo;Thou shalt not steal.",
    "puborder": 7374,
    "translations": []
  },
  {
    "para_id": "14071.10270027",
    "id_prev": "14071.10270026",
    "id_next": "14071.10270028",
    "refcode_1": "21LtMs",
    "refcode_2": "1",
    "refcode_3": "5268",
    "refcode_4": "1906114600",
    "refcode_short": "21LtMs, Ms 146, 1906, par. 21",
    "refcode_long": "Letters and Manuscripts — Volume 21 (1906), Ms 146, 1906, par. 21",
    "element_type": "p",
    "element_subtype": "standard-indented",
    "content": "&ldquo;Thou shalt not bear false witness against thy neighbor.",
    "puborder": 7375,
    "translations": []
  },
  {
    "para_id": "14071.10270028",
    "id_prev": "14071.10270027",
    "id_next": "14071.10270029",
    "refcode_1": "21LtMs",
    "refcode_2": "1",
    "refcode_3": "5269",
    "refcode_4": "1906114600",
    "refcode_short": "21LtMs, Ms 146, 1906, par. 22",
    "refcode_long": "Letters and Manuscripts — Volume 21 (1906), Ms 146, 1906, par. 22",
    "element_type": "p",
    "element_subtype": "standard-indented",
    "content": "&ldquo;Thou shalt not covet thy neighbor&rsquo;s house, thou shalt not covet thy neighbor&rsquo;s wife, nor his manservant, nor his maidservant, nor his ox, nor his ass, nor anything that is thy neighbor&rsquo;s.&rdquo; [<span class=\"egwlink egwlink_bible\" title=\"Exodus 20:12\" data-link=\"1965.4201\">Verses 12-17</span>.]",
    "puborder": 7376,
    "translations": []
  },
  {
    "para_id": "14071.10270029",
    "id_prev": "14071.10270028",
    "id_next": "14071.10270030",
    "refcode_1": "21LtMs",
    "refcode_2": "1",
    "refcode_3": "5270",
    "refcode_4": "1906114600",
    "refcode_short": "21LtMs, Ms 146, 1906, par. 23",
    "refcode_long": "Letters and Manuscripts — Volume 21 (1906), Ms 146, 1906, par. 23",
    "element_type": "p",
    "element_subtype": "standard-indented",
    "content": "These are the commandments of God. Regarding these holy precepts, and particularly the fourth, we read in the <span class=\"egwlink egwlink_bible\" title=\"Exodus 31:1\" data-link=\"1965.4928\">thirty-first chapter of Exodus</span>:",
    "puborder": 7377,
    "translations": []
  },
  {
    "para_id": "14071.10270030",
    "id_prev": "14071.10270029",
    "id_next": "14071.10270031",
    "refcode_1": "21LtMs",
    "refcode_2": "1",
    "refcode_3": "5271",
    "refcode_4": "1906114600",
    "refcode_short": "21LtMs, Ms 146, 1906, par. 24",
    "refcode_long": "Letters and Manuscripts — Volume 21 (1906), Ms 146, 1906, par. 24",
    "element_type": "p",
    "element_subtype": "standard-indented",
    "content": "&ldquo;The Lord spake unto Moses, saying, Speak thou unto the children of Israel, saying, Verily My Sabbaths ye shall keep: <span class=\"underline\">for it is a sign</span> between Me and you throughout your generations; that ye may know that I am the Lord that doth sanctify you.&rdquo; [<span class=\"egwlink egwlink_bible\" title=\"Exodus 31:12\" data-link=\"1965.4950\">Verses 12, 13</span>.]",
    "puborder": 7378,
    "translations": []
  },
  {
    "para_id": "14071.10270031",
    "id_prev": "14071.10270030",
    "id_next": "14071.10270032",
    "refcode_1": "21LtMs",
    "refcode_2": "1",
    "refcode_3": "5272",
    "refcode_4": "1906114600",
    "refcode_short": "21LtMs, Ms 146, 1906, par. 25",
    "refcode_long": "Letters and Manuscripts — Volume 21 (1906), Ms 146, 1906, par. 25",
    "element_type": "p",
    "element_subtype": "standard-indented",
    "content": "&ldquo;It is a sign.&rdquo; [<span class=\"egwlink egwlink_bible\" title=\"Exodus 31:13\" data-link=\"1965.4952\">Verse 13</span>.] Let us not forget this. When God gives a sign, He means that we shall recognize it. Through obedience to the law of God, we are to have a knowledge of the fact that the Lord is our sanctification and our redemption. Whatever the world may do, whatever any denomination may do, no man or no company of men can change the Word of the Lord. It means just what it reads.",
    "puborder": 7379,
    "translations": []
  },
  {
    "para_id": "14071.10270032",
    "id_prev": "14071.10270031",
    "id_next": "14071.10270033",
    "refcode_1": "21LtMs",
    "refcode_2": "1",
    "refcode_3": "5273",
    "refcode_4": "1906114600",
    "refcode_short": "21LtMs, Ms 146, 1906, par. 26",
    "refcode_long": "Letters and Manuscripts — Volume 21 (1906), Ms 146, 1906, par. 26",
    "element_type": "p",
    "element_subtype": "standard-indented",
    "content": "&ldquo;The Sabbath is a sign&rdquo;&mdash;how long? &ldquo;Throughout your generations; that ye may know that I am the Lord that doth sanctify you. Ye shall keep the Sabbath therefore; for it is holy unto you. Every one that defileth it shall surely be put to death.&rdquo; [<span class=\"egwlink egwlink_bible\" title=\"Exodus 31:13\" data-link=\"1965.4952\">Verses 13, 14</span>.] The death penalty is not now required, but it was exacted in the days of Israel for Sabbath-breaking. When a man wilfully went before the congregation and gathered up wood to make a fire, or did some other unnecessary work, he did it against the commandment of the Lord and was cut off from the people because of his transgression. God is very particular regarding the observance of His holy law. And although the death penalty is not now exacted, yet there is coming a time when man must answer for every disregard of God&rsquo;s law. Upon us rests a solemn duty to study how to observe the Sabbath of the Lord our God and to teach others regarding its sacredness.",
    "puborder": 7380,
    "translations": []
  },
  {
    "para_id": "14071.10270033",
    "id_prev": "14071.10270032",
    "id_next": "14071.10270034",
    "refcode_1": "21LtMs",
    "refcode_2": "1",
    "refcode_3": "5274",
    "refcode_4": "1906114600",
    "refcode_short": "21LtMs, Ms 146, 1906, par. 27",
    "refcode_long": "Letters and Manuscripts — Volume 21 (1906), Ms 146, 1906, par. 27",
    "element_type": "p",
    "element_subtype": "standard-indented",
    "content": "&ldquo;Ye shall keep the Sabbath therefore; for it is holy unto you. Every one that defileth it shall surely be put to death: for whosoever doeth any work therein, that soul shall be cut off from among his people. Six days may work be done; but in the seventh is the Sabbath of rest, holy to the Lord: whosoever doeth any work in the Sabbath day, he shall surely be put to death. Wherefore the children of Israel shall keep the Sabbath, to observe the Sabbath throughout their generations, <span class=\"underline\">for a perpetual covenant</span>.&rdquo; [<span class=\"egwlink egwlink_bible\" title=\"Exodus 31:14\" data-link=\"1965.4954\">Verses 14-16</span>.]",
    "puborder": 7381,
    "translations": []
  },
  {
    "para_id": "14071.10270034",
    "id_prev": "14071.10270033",
    "id_next": "14071.10270035",
    "refcode_1": "21LtMs",
    "refcode_2": "1",
    "refcode_3": "5275",
    "refcode_4": "1906114600",
    "refcode_short": "21LtMs, Ms 146, 1906, par. 28",
    "refcode_long": "Letters and Manuscripts — Volume 21 (1906), Ms 146, 1906, par. 28",
    "element_type": "p",
    "element_subtype": "standard-indented",
    "content": "Do you desire to destroy the covenant between yourselves and your God? &ldquo;A perpetual covenant&rdquo; means just what it says. &ldquo;It is a sign between Me and the children of Israel forever;&rdquo; God declares, &ldquo;for in six days the Lord made heaven and earth, and on the seventh day He rested, and was refreshed.&rdquo; [<span class=\"egwlink egwlink_bible\" title=\"Exodus 31:16\" data-link=\"1965.4958\">Verses 16, 17</span>.] This is our evidence. You will see ere long that there will be those who will become weary of hearing repeated the things that they ought to do but do not desire to do, and they will change the wording of the Bible. We know what the Lord says in Revelation about those who do that. &ldquo;A perpetual covenant&rdquo; is <span class=\"underline\">a perpetual covenant</span>.",
    "puborder": 7382,
    "translations": []
  },
  {
    "para_id": "14071.10270035",
    "id_prev": "14071.10270034",
    "id_next": "14071.10270036",
    "refcode_1": "21LtMs",
    "refcode_2": "1",
    "refcode_3": "5276",
    "refcode_4": "1906114600",
    "refcode_short": "21LtMs, Ms 146, 1906, par. 29",
    "refcode_long": "Letters and Manuscripts — Volume 21 (1906), Ms 146, 1906, par. 29",
    "element_type": "p",
    "element_subtype": "standard-indented",
    "content": "In the <span class=\"egwlink egwlink_bible\" title=\"Deuteronomy 4:1\" data-link=\"1965.10175\">fourth chapter of Deuteronomy</span> we read:",
    "puborder": 7383,
    "translations": []
  },
  {
    "para_id": "14071.10270036",
    "id_prev": "14071.10270035",
    "id_next": "14071.10270037",
    "refcode_1": "21LtMs",
    "refcode_2": "1",
    "refcode_3": "5277",
    "refcode_4": "1906114600",
    "refcode_short": "21LtMs, Ms 146, 1906, par. 30",
    "refcode_long": "Letters and Manuscripts — Volume 21 (1906), Ms 146, 1906, par. 30",
    "element_type": "p",
    "element_subtype": "standard-indented",
    "content": "&ldquo;Now therefore hearken, O Israel, unto the statutes and unto the judgments, which I teach you, for to do them, that ye may live, and go in and possess the land which the Lord God of your fathers giveth you. Ye shall not add unto the word which I command you, neither shall ye diminish aught from it, that ye may keep the commandments of the Lord your God which I command you. Your eyes have seen what the Lord did because of Baal-peor: for all the men that followed Baal-peor, the Lord thy God hath destroyed them from among you.&rdquo; [<span class=\"egwlink egwlink_bible\" title=\"Deuteronomy 4:1\" data-link=\"1965.10175\">Verses 1-3</span>.]",
    "puborder": 7384,
    "translations": []
  },
  {
    "para_id": "14071.10270037",
    "id_prev": "14071.10270036",
    "id_next": "14071.10270038",
    "refcode_1": "21LtMs",
    "refcode_2": "1",
    "refcode_3": "5278",
    "refcode_4": "1906114600",
    "refcode_short": "21LtMs, Ms 146, 1906, par. 31",
    "refcode_long": "Letters and Manuscripts — Volume 21 (1906), Ms 146, 1906, par. 31",
    "element_type": "p",
    "element_subtype": "standard-indented",
    "content": "The Lord does not immediately execute His judgments, but He gives time for the people to come back to a knowledge of the truth.",
    "puborder": 7385,
    "translations": []
  },
  {
    "para_id": "14071.10270038",
    "id_prev": "14071.10270037",
    "id_next": "14071.10270039",
    "refcode_1": "21LtMs",
    "refcode_2": "1",
    "refcode_3": "5279",
    "refcode_4": "1906114600",
    "refcode_short": "21LtMs, Ms 146, 1906, par. 32",
    "refcode_long": "Letters and Manuscripts — Volume 21 (1906), Ms 146, 1906, par. 32",
    "element_type": "p",
    "element_subtype": "standard-indented",
    "content": "&ldquo;But ye that did cleave unto the Lord your God are <span class=\"underline\">alive</span> every one of you this day. Behold, I have taught you statutes and judgments, even as the Lord my God commanded me, that ye should do so in the land wither ye go to possess it. Keep therefore and do them; for this is your wisdom and your understanding in the sight of the nations, which shall hear all these statutes, and say, Surely this great nation is a wise and understanding people.&rdquo; [<span class=\"egwlink egwlink_bible\" title=\"Deuteronomy 4:4\" data-link=\"1965.10181\">Verses 4-6</span>.]",
    "puborder": 7386,
    "translations": []
  },
  {
    "para_id": "14071.10270039",
    "id_prev": "14071.10270038",
    "id_next": "14071.10270040",
    "refcode_1": "21LtMs",
    "refcode_2": "1",
    "refcode_3": "5280",
    "refcode_4": "1906114600",
    "refcode_short": "21LtMs, Ms 146, 1906, par. 33",
    "refcode_long": "Letters and Manuscripts — Volume 21 (1906), Ms 146, 1906, par. 33",
    "element_type": "p",
    "element_subtype": "standard-indented",
    "content": "Not only will our brethren and sisters in the church understand, but the nations of the earth will see and know that the Lord has power to shield and guard those who keep God&rsquo;s commandments. Commandment keepers will stand before the world and before God as &ldquo;a wise and understanding people.&rdquo; [<span class=\"egwlink egwlink_bible\" title=\"Deuteronomy 4:6\" data-link=\"1965.10185\">Verse 6</span>.] And if the commandments of God had been kept, oh, what a different state of things would exist in the world today!",
    "puborder": 7387,
    "translations": []
  },
  {
    "para_id": "14071.10270040",
    "id_prev": "14071.10270039",
    "id_next": "14071.10270041",
    "refcode_1": "21LtMs",
    "refcode_2": "1",
    "refcode_3": "5281",
    "refcode_4": "1906114600",
    "refcode_short": "21LtMs, Ms 146, 1906, par. 34",
    "refcode_long": "Letters and Manuscripts — Volume 21 (1906), Ms 146, 1906, par. 34",
    "element_type": "p",
    "element_subtype": "standard-indented",
    "content": "Why here we should be going forth, and every one that shall speak in meetinghouses should give the very same message that God gave; but here we see that they are laboring a first-day law that shall forbid any work being done on the first day. Well, now, that is an insult to Jehovah, and supposing, dear friends, supposing that the people had kept the law of Jehovah. Would they be in the situation they are in today? Would this earthquake have come? Would this suffering and death be brought to so many? This great loss of property&mdash;would it have come? No, no; for God says He will keep them, He will bless them.",
    "puborder": 7388,
    "translations": []
  },
  {
    "para_id": "14071.10270041",
    "id_prev": "14071.10270040",
    "id_next": "14071.10270042",
    "refcode_1": "21LtMs",
    "refcode_2": "1",
    "refcode_3": "5282",
    "refcode_4": "1906114600",
    "refcode_short": "21LtMs, Ms 146, 1906, par. 35",
    "refcode_long": "Letters and Manuscripts — Volume 21 (1906), Ms 146, 1906, par. 35",
    "element_type": "p",
    "element_subtype": "standard-indented",
    "content": "&ldquo;For what nation is so great, who hath God so nigh unto them, as the Lord our God is in all things that we call upon Him for?&rdquo; <span class=\"egwlink egwlink_bible\" title=\"Deuteronomy 4:7\" data-link=\"1965.10187\">Deuteronomy 4:7</span>. Well, then, search it out, find out what God has said. Find out what God will claim as His right&mdash;obedience. And then, let me tell you, in doing obedience, you can ask Him for His blessing, and He will give it to you. Now He says: <span class=\"egwlink egwlink_bible\" title=\"Deuteronomy 4:8\" data-link=\"1965.10189\">Verse 8</span>, quoted. &ldquo;So righteous.&rdquo; Why, it is righteousness. It is taught that neighbor shall look after neighbor, and that they should be friendly, and that all wickedness should be put away. Now, we have a very busy devil in our world. He is gathering in his harvest. We cannot afford to dishonor God one iota in disregarding one precept of His law.",
    "puborder": 7389,
    "translations": []
  },
  {
    "para_id": "14071.10270042",
    "id_prev": "14071.10270041",
    "id_next": "14071.10270043",
    "refcode_1": "21LtMs",
    "refcode_2": "1",
    "refcode_3": "5283",
    "refcode_4": "1906114600",
    "refcode_short": "21LtMs, Ms 146, 1906, par. 36",
    "refcode_long": "Letters and Manuscripts — Volume 21 (1906), Ms 146, 1906, par. 36",
    "element_type": "p",
    "element_subtype": "standard-indented",
    "content": "<span class=\"egwlink egwlink_bible\" title=\"Deuteronomy 4:8\" data-link=\"1965.10189\">Verse 8; Verse 9</span>. &ldquo;all the days of thy life.&rdquo; &ldquo;Teach them thy sons and thy sons&rsquo; sons.&rdquo; <span class=\"egwlink egwlink_bible\" title=\"Deuteronomy 4:10\" data-link=\"1965.10193\">Verse 10</span>.",
    "puborder": 7390,
    "translations": []
  },
  {
    "para_id": "14071.10270043",
    "id_prev": "14071.10270042",
    "id_next": "14071.10270044",
    "refcode_1": "21LtMs",
    "refcode_2": "1",
    "refcode_3": "5284",
    "refcode_4": "1906114600",
    "refcode_short": "21LtMs, Ms 146, 1906, par. 37",
    "refcode_long": "Letters and Manuscripts — Volume 21 (1906), Ms 146, 1906, par. 37",
    "element_type": "p",
    "element_subtype": "standard-indented",
    "content": "Do you suppose that these robbers that are filling up their wickedness, do you suppose that if they had been educated from their childhood to respect the law of God, to be obedient to it, do you think that they would be found among the robbers? No indeed.",
    "puborder": 7391,
    "translations": []
  },
  {
    "para_id": "14071.10270044",
    "id_prev": "14071.10270043",
    "id_next": "14071.10270045",
    "refcode_1": "21LtMs",
    "refcode_2": "1",
    "refcode_3": "5285",
    "refcode_4": "1906114600",
    "refcode_short": "21LtMs, Ms 146, 1906, par. 38",
    "refcode_long": "Letters and Manuscripts — Volume 21 (1906), Ms 146, 1906, par. 38",
    "element_type": "p",
    "element_subtype": "standard-indented",
    "content": "First portion of (<span class=\"egwlink egwlink_bible\" title=\"Deuteronomy 4:10\" data-link=\"1965.10193\">Verse 10</span>) quoted: &ldquo;And I will make them hear My words.&rdquo; Yes. There was a cloud that covered the mount. Through that cloud they heard the words of the infinite God that came down from the infinite God to Sinai, and there He spoke these words with a voice that made the people tremble every time they heard it.",
    "puborder": 7392,
    "translations": []
  },
  {
    "para_id": "14071.10270045",
    "id_prev": "14071.10270044",
    "id_next": "14071.10270046",
    "refcode_1": "21LtMs",
    "refcode_2": "1",
    "refcode_3": "5286",
    "refcode_4": "1906114600",
    "refcode_short": "21LtMs, Ms 146, 1906, par. 39",
    "refcode_long": "Letters and Manuscripts — Volume 21 (1906), Ms 146, 1906, par. 39",
    "element_type": "p",
    "element_subtype": "standard-indented",
    "content": "&ldquo;I will make them hear My words&rdquo;&mdash;last part of <span class=\"egwlink egwlink_bible\" title=\"Deuteronomy 4:10\" data-link=\"1965.10193\">Verse 10</span> quoted.",
    "puborder": 7393,
    "translations": []
  },
  {
    "para_id": "14071.10270046",
    "id_prev": "14071.10270045",
    "id_next": "14071.10270047",
    "refcode_1": "21LtMs",
    "refcode_2": "1",
    "refcode_3": "5287",
    "refcode_4": "1906114600",
    "refcode_short": "21LtMs, Ms 146, 1906, par. 40",
    "refcode_long": "Letters and Manuscripts — Volume 21 (1906), Ms 146, 1906, par. 40",
    "element_type": "p",
    "element_subtype": "standard-indented",
    "content": "Now I want every one to consider what kind of an account the parents have to answer to if they let their children come up in ignorance and disobedience of the very words that the Lord has spoken. You consider that. We have children. We must bring those children up in the nurture and admonition of the Lord. In every house is a church. We should realize, in every house, if it is only father and mother and the children, they are to be educated and trained to fear God and keep His commandments. Why?&mdash;Because all will be cut off to be punished by the wicked, who disregard this Word of the living God.",
    "puborder": 7394,
    "translations": []
  },
  {
    "para_id": "14071.10270047",
    "id_prev": "14071.10270046",
    "id_next": "14071.10270048",
    "refcode_1": "21LtMs",
    "refcode_2": "1",
    "refcode_3": "5288",
    "refcode_4": "1906114600",
    "refcode_short": "21LtMs, Ms 146, 1906, par. 41",
    "refcode_long": "Letters and Manuscripts — Volume 21 (1906), Ms 146, 1906, par. 41",
    "element_type": "p",
    "element_subtype": "standard-indented",
    "content": "<span class=\"egwlink egwlink_bible\" title=\"Deuteronomy 4:11\" data-link=\"1965.10195\">Verse 11</span>, quoted.",
    "puborder": 7395,
    "translations": []
  },
  {
    "para_id": "14071.10270048",
    "id_prev": "14071.10270047",
    "id_next": "14071.10270049",
    "refcode_1": "21LtMs",
    "refcode_2": "1",
    "refcode_3": "5289",
    "refcode_4": "1906114600",
    "refcode_short": "21LtMs, Ms 146, 1906, par. 42",
    "refcode_long": "Letters and Manuscripts — Volume 21 (1906), Ms 146, 1906, par. 42",
    "element_type": "p",
    "element_subtype": "standard-indented",
    "content": "<span class=\"egwlink egwlink_bible\" title=\"Deuteronomy 4:12\" data-link=\"1965.10197\">Verses 12, 13</span>, quoted.",
    "puborder": 7396,
    "translations": []
  },
  {
    "para_id": "14071.10270049",
    "id_prev": "14071.10270048",
    "id_next": "14071.10270050",
    "refcode_1": "21LtMs",
    "refcode_2": "1",
    "refcode_3": "5290",
    "refcode_4": "1906114600",
    "refcode_short": "21LtMs, Ms 146, 1906, par. 43",
    "refcode_long": "Letters and Manuscripts — Volume 21 (1906), Ms 146, 1906, par. 43",
    "element_type": "p",
    "element_subtype": "standard-indented",
    "content": "And there sacredly they are preserved, and they will be brought forth. They are hidden now, but they will be brought forth in that great day, when every case is judged and every case is settled, whether the man will be obedient to God or obedient to the great transgression of God&rsquo;s law. Now we have a case to settle with our God, and I am very anxious that you shall have all the blessings that are possible to come through obedience, and I would invite every one of you to make the Bible your textbook, and do you search the Scriptures for in them ye think ye have eternal life. Yes, and you are to think, for it is a right kind of a thought, that if you obey the Word of God, it is life, eternal life, to you. It is not make-believe.",
    "puborder": 7397,
    "translations": []
  },
  {
    "para_id": "14071.10270050",
    "id_prev": "14071.10270049",
    "id_next": "14071.10270051",
    "refcode_1": "21LtMs",
    "refcode_2": "1",
    "refcode_3": "5291",
    "refcode_4": "1906114600",
    "refcode_short": "21LtMs, Ms 146, 1906, par. 44",
    "refcode_long": "Letters and Manuscripts — Volume 21 (1906), Ms 146, 1906, par. 44",
    "element_type": "p",
    "element_subtype": "standard-indented",
    "content": "<span class=\"egwlink egwlink_bible\" title=\"Deuteronomy 4:13\" data-link=\"1965.10199\">Verses 13, 14</span>.",
    "puborder": 7398,
    "translations": []
  },
  {
    "para_id": "14071.10270051",
    "id_prev": "14071.10270050",
    "id_next": "14071.10270052",
    "refcode_1": "21LtMs",
    "refcode_2": "1",
    "refcode_3": "5292",
    "refcode_4": "1906114600",
    "refcode_short": "21LtMs, Ms 146, 1906, par. 45",
    "refcode_long": "Letters and Manuscripts — Volume 21 (1906), Ms 146, 1906, par. 45",
    "element_type": "p",
    "element_subtype": "standard-indented",
    "content": "&ldquo;To teach you statutes.&rdquo; Moses is talking. He is going to leave the children of Israel soon, and he is talking:",
    "puborder": 7399,
    "translations": []
  },
  {
    "para_id": "14071.10270052",
    "id_prev": "14071.10270051",
    "id_next": "14071.10270053",
    "refcode_1": "21LtMs",
    "refcode_2": "1",
    "refcode_3": "5293",
    "refcode_4": "1906114600",
    "refcode_short": "21LtMs, Ms 146, 1906, par. 46",
    "refcode_long": "Letters and Manuscripts — Volume 21 (1906), Ms 146, 1906, par. 46",
    "element_type": "p",
    "element_subtype": "standard-indented",
    "content": "&ldquo;that teach you statutes&rdquo; ... <span class=\"egwlink egwlink_bible\" title=\"Deuteronomy 4:14\" data-link=\"1965.10201\">Verses 14, 15</span>.",
    "puborder": 7400,
    "translations": []
  },
  {
    "para_id": "14071.10270053",
    "id_prev": "14071.10270052",
    "id_next": "14071.10270054",
    "refcode_1": "21LtMs",
    "refcode_2": "1",
    "refcode_3": "5294",
    "refcode_4": "1906114600",
    "refcode_short": "21LtMs, Ms 146, 1906, par. 47",
    "refcode_long": "Letters and Manuscripts — Volume 21 (1906), Ms 146, 1906, par. 47",
    "element_type": "p",
    "element_subtype": "standard-indented",
    "content": "&ldquo;Lest ye.&rdquo; Now let us see why they do not find any similitude. <span class=\"egwlink egwlink_bible\" title=\"Deuteronomy 4:16\" data-link=\"1965.10205\">Verse 16</span>. Now you see they are guarding every point.",
    "puborder": 7401,
    "translations": []
  },
  {
    "para_id": "14071.10270054",
    "id_prev": "14071.10270053",
    "id_next": "14071.10270055",
    "refcode_1": "21LtMs",
    "refcode_2": "1",
    "refcode_3": "5295",
    "refcode_4": "1906114600",
    "refcode_short": "21LtMs, Ms 146, 1906, par. 48",
    "refcode_long": "Letters and Manuscripts — Volume 21 (1906), Ms 146, 1906, par. 48",
    "element_type": "p",
    "element_subtype": "standard-indented",
    "content": "<span class=\"egwlink egwlink_bible\" title=\"Deuteronomy 4:19\" data-link=\"1965.10211\">Verse 19</span>. &ldquo;To worship them.&rdquo; They are grand beings, wonderful beings. But there is One that created them, that demands all your service. The whole confidence of your life and heart and soul.",
    "puborder": 7402,
    "translations": []
  },
  {
    "para_id": "14071.10270055",
    "id_prev": "14071.10270054",
    "id_next": "14071.10270056",
    "refcode_1": "21LtMs",
    "refcode_2": "1",
    "refcode_3": "5296",
    "refcode_4": "1906114600",
    "refcode_short": "21LtMs, Ms 146, 1906, par. 49",
    "refcode_long": "Letters and Manuscripts — Volume 21 (1906), Ms 146, 1906, par. 49",
    "element_type": "p",
    "element_subtype": "standard-indented",
    "content": "<span class=\"egwlink egwlink_bible\" title=\"Deuteronomy 4:19\" data-link=\"1965.10211\">Verse 19</span>. &ldquo;To worship them, serve them.&rdquo;",
    "puborder": 7403,
    "translations": []
  },
  {
    "para_id": "14071.10270056",
    "id_prev": "14071.10270055",
    "id_next": "14071.10270057",
    "refcode_1": "21LtMs",
    "refcode_2": "1",
    "refcode_3": "5297",
    "refcode_4": "1906114600",
    "refcode_short": "21LtMs, Ms 146, 1906, par. 50",
    "refcode_long": "Letters and Manuscripts — Volume 21 (1906), Ms 146, 1906, par. 50",
    "element_type": "p",
    "element_subtype": "standard-indented",
    "content": "Now He has divided all these blessings; He has given unto man. Well, now, it seems that we ought to respect the law, and to do His commandments; and thus He goes on. He gives, He enforces the law of God, and over and over it is enforced, and you read through Deuteronomy, these Scriptures, and you will see what blessings the Lord gave them; and He tells them not to make marriages with the daughters and sons of unbelievers, &ldquo;for they will turn away thy sons from following thee, ... unto the Lord thy God.&rdquo;",
    "puborder": 7404,
    "translations": []
  },
  {
    "para_id": "14071.10270057",
    "id_prev": "14071.10270056",
    "id_next": "14071.10270058",
    "refcode_1": "21LtMs",
    "refcode_2": "1",
    "refcode_3": "5298",
    "refcode_4": "1906114600",
    "refcode_short": "21LtMs, Ms 146, 1906, par. 51",
    "refcode_long": "Letters and Manuscripts — Volume 21 (1906), Ms 146, 1906, par. 51",
    "element_type": "p",
    "element_subtype": "standard-indented",
    "content": "<span class=\"egwlink egwlink_bible\" title=\"Deuteronomy 7:1\" data-link=\"1965.10392\">Deuteronomy 7:1-9</span>, quoted.",
    "puborder": 7405,
    "translations": []
  },
  {
    "para_id": "14071.10270058",
    "id_prev": "14071.10270057",
    "id_next": "14071.10270059",
    "refcode_1": "21LtMs",
    "refcode_2": "1",
    "refcode_3": "5299",
    "refcode_4": "1906114600",
    "refcode_short": "21LtMs, Ms 146, 1906, par. 52",
    "refcode_long": "Letters and Manuscripts — Volume 21 (1906), Ms 146, 1906, par. 52",
    "element_type": "p",
    "element_subtype": "standard-indented",
    "content": "Keep His commandments how long? How long?&mdash;To a thousand generations. Now then, when those thousands of generations are brought in, we, all that are in the world, that have served God will be translated to heaven, and the dead shall be called forth, and there we shall see the King in His beauty. Yes; He comes for us; He raises the dead; He calls them, and He takes the clouds with Him, and the gates of the holy city are swung back on their glittering hinges, and the nations that have kept the truth shall enter in.",
    "puborder": 7406,
    "translations": []
  },
  {
    "para_id": "14071.10270059",
    "id_prev": "14071.10270058",
    "id_next": "14071.10270060",
    "refcode_1": "21LtMs",
    "refcode_2": "1",
    "refcode_3": "5300",
    "refcode_4": "1906114600",
    "refcode_short": "21LtMs, Ms 146, 1906, par. 53",
    "refcode_long": "Letters and Manuscripts — Volume 21 (1906), Ms 146, 1906, par. 53",
    "element_type": "p",
    "element_subtype": "standard-indented",
    "content": "Do you suppose that He would bring in there one that would not keep His commandments in the world, after He told them to do it? Would He bring in father or mother or children to spoil the heavenly courts? They have had one rebellion, but they will never have another one. No; those who are commandment keepers, and that are tried, and that love God supremely, they will have a welcome into the golden city. There they will be welcomed by Christ Jesus, for they have kept His commandments. Now I wanted to read this, that you might know that the Lord has respect unto those that are obedient. But what shall we do now? Why, the very work that we are to do is to remember that He has given this to a thousand generations. They are to keep His covenant for a thousand generations. And if we will do this work, the great God will let His blessing rest upon us.",
    "puborder": 7407,
    "translations": []
  },
  {
    "para_id": "14071.10270060",
    "id_prev": "14071.10270059",
    "id_next": "14071.10270061",
    "refcode_1": "21LtMs",
    "refcode_2": "1",
    "refcode_3": "5301",
    "refcode_4": "1906114600",
    "refcode_short": "21LtMs, Ms 146, 1906, par. 54",
    "refcode_long": "Letters and Manuscripts — Volume 21 (1906), Ms 146, 1906, par. 54",
    "element_type": "p",
    "element_subtype": "standard-indented",
    "content": "And He says: <span class=\"egwlink egwlink_bible\" title=\"Deuteronomy 7:9\" data-link=\"1965.10408\">Verses 9-13, 15, 17, 18</span>, quoted.",
    "puborder": 7408,
    "translations": []
  },
  {
    "para_id": "14071.10270061",
    "id_prev": "14071.10270060",
    "id_next": "14071.10270062",
    "refcode_1": "21LtMs",
    "refcode_2": "1",
    "refcode_3": "5302",
    "refcode_4": "1906114600",
    "refcode_short": "21LtMs, Ms 146, 1906, par. 55",
    "refcode_long": "Letters and Manuscripts — Volume 21 (1906), Ms 146, 1906, par. 55",
    "element_type": "p",
    "element_subtype": "standard-indented",
    "content": "Now here Pharaoh, after he had agreed to let the children of Israel go, and had kept them until all the whole country was destroyed, all Egypt was suffering under the curse, why, then he concluded to let them go; and no sooner had they gone than he pursued right after them. There were his chariots, and there were his horsemen, but what about that? Why, there were the people trembling, trembling, but a path was made for them to walk on dry land, and they thought that they could go right in that path where Providence had prepared. They went right along; they could not see where they were going, because the light was not shining upon them to see where they were going, and Pharaoh and his host, every one of them, were destroyed.",
    "puborder": 7409,
    "translations": []
  },
  {
    "para_id": "14071.10270062",
    "id_prev": "14071.10270061",
    "id_next": "14071.10270063",
    "refcode_1": "21LtMs",
    "refcode_2": "1",
    "refcode_3": "5303",
    "refcode_4": "1906114600",
    "refcode_short": "21LtMs, Ms 146, 1906, par. 56",
    "refcode_long": "Letters and Manuscripts — Volume 21 (1906), Ms 146, 1906, par. 56",
    "element_type": "p",
    "element_subtype": "standard-indented",
    "content": "Now, we want that every one of us should realize that we have a special work upon us, and that is to give to the world an evidence that we repent that we have broken God&rsquo;s law. That is what we are to give. We are to show them what it means to keep the commandments of God. It is life to us; it is strength to us. I have traveled nearly over the world, and an invalid, but the Lord presented before me the message that He gave me to bear, that there should not be a hand laid upon me to harm me. And there never has been; and the blessing of God now is such that I enjoy better health than I have enjoyed all my lifetime that I know. And I want every one of us should come into right relation to God.",
    "puborder": 7410,
    "translations": []
  },
  {
    "para_id": "14071.10270063",
    "id_prev": "14071.10270062",
    "id_next": "14071.10270064",
    "refcode_1": "21LtMs",
    "refcode_2": "1",
    "refcode_3": "5304",
    "refcode_4": "1906114600",
    "refcode_short": "21LtMs, Ms 146, 1906, par. 57",
    "refcode_long": "Letters and Manuscripts — Volume 21 (1906), Ms 146, 1906, par. 57",
    "element_type": "p",
    "element_subtype": "standard-indented",
    "content": "We have a case to settle with our God, and we had better begin to settle it here, and that is to repent and be converted. I want a part in the city of our God. Christ will welcome every one of us that is prepared to enter there. But those that are not prepared, let me tell you there is no place for them there, because there never will be a second rebellion in heaven, and there will never be a risk run to take a person that is not sanctified soul, body, and spirit first in this world.",
    "puborder": 7411,
    "translations": []
  },
  {
    "para_id": "14071.10270064",
    "id_prev": "14071.10270063",
    "id_next": "14071.10270065",
    "refcode_1": "21LtMs",
    "refcode_2": "1",
    "refcode_3": "5305",
    "refcode_4": "1906114600",
    "refcode_short": "21LtMs, Ms 146, 1906, par. 58",
    "refcode_long": "Letters and Manuscripts — Volume 21 (1906), Ms 146, 1906, par. 58",
    "element_type": "p",
    "element_subtype": "standard-indented",
    "content": "We are to make preparation right in this world for the future kingdom home in the heavenly courts; and if we do this, we shall certainly have a converting power upon the minds of others; but we are not half converted ourselves. There are those that keep all the Sabbath, but they do not appreciate it; they do not understand its value. It is a sign&mdash;a sign between obedience and disobedience. &ldquo;It is a sign between Me and you through your generations forever.&rdquo; [<span class=\"egwlink egwlink_bible\" title=\"Exodus 31:13\" data-link=\"1965.4952\">Exodus 31:13, 17</span>.] Now, there is no period of time when you can be lax. Well, what can you say to the world in that great day when the judgments will come, and there is such slackness and looseness, that you have not appreciated the Sabbath even that God has given you as a sign between you and Him? He wants that you should be prepared, that He can let His blessing rest upon you. Sweet tempers, heavenly tempers. Be kind, be courteous.",
    "puborder": 7412,
    "translations": []
  },
  {
    "para_id": "14071.10270065",
    "id_prev": "14071.10270064",
    "id_next": "14071.10270066",
    "refcode_1": "21LtMs",
    "refcode_2": "1",
    "refcode_3": "5306",
    "refcode_4": "1906114600",
    "refcode_short": "21LtMs, Ms 146, 1906, par. 59",
    "refcode_long": "Letters and Manuscripts — Volume 21 (1906), Ms 146, 1906, par. 59",
    "element_type": "p",
    "element_subtype": "standard-indented",
    "content": "You need not drive souls; you need not be harsh; you need not be uncourteous. There is nothing that you need to be uncourteous about in handling such precious promises as these&mdash;such promises, full of meat and satisfaction&mdash;full of blessings which God has promised. And then he refers here,&mdash;Moses calls them to have reflection&mdash;&ldquo;How He bore you through all this wilderness, and your shoes did not wax old upon your feet, and you were not weary.&rdquo; [See <span class=\"egwlink egwlink_bible\" title=\"Deuteronomy 29:5\" data-link=\"1965.11558\">Deuteronomy 29:5</span>.] He presents here all the blessings that God has given them. Your garments wax not old and what was he carrying them through that wilderness for? Why, it was the only way to get them away from the idolatry of the Egyptians, and of other nations, and for forty years&mdash;who led them? Who led them the forty years? Moses was the personal leader, but here was One enshrouded in the clouds of heaven, that when they became rebellious there, this signal from heaven would come right down to the tabernacle, and there it was that they were called to account.",
    "puborder": 7413,
    "translations": []
  },
  {
    "para_id": "14071.10270066",
    "id_prev": "14071.10270065",
    "id_next": "14071.10270067",
    "refcode_1": "21LtMs",
    "refcode_2": "1",
    "refcode_3": "5307",
    "refcode_4": "1906114600",
    "refcode_short": "21LtMs, Ms 146, 1906, par. 60",
    "refcode_long": "Letters and Manuscripts — Volume 21 (1906), Ms 146, 1906, par. 60",
    "element_type": "p",
    "element_subtype": "standard-indented",
    "content": "And some of them were slain&mdash;hundreds, and thousands, were slain on that journey, because they &ldquo;braved&rdquo; the matter through to do as they pleased. It is not the best thing for us to do as we please. What we want is willing obedience to God. And the seventh day, He declares, is the Sabbath. No matter whether the Pope of Rome, no matter whether the ministers in the congregations, may try to establish themselves that they are right, let me tell you that they will have to give an account to the God of heaven for the influence that they have given to the world to transgress the commandments of God. If everyone had obeyed the Word as it was his duty to do, why then they would have been greatly blessed. The nations would have looked upon them. I have read to you how the nations would all have said they were a nation of wisdom, a nation where God had manifested His wishes unto them.",
    "puborder": 7414,
    "translations": []
  },
  {
    "para_id": "14071.10270067",
    "id_prev": "14071.10270066",
    "id_next": "14071.10270068",
    "refcode_1": "21LtMs",
    "refcode_2": "1",
    "refcode_3": "5308",
    "refcode_4": "1906114600",
    "refcode_short": "21LtMs, Ms 146, 1906, par. 61",
    "refcode_long": "Letters and Manuscripts — Volume 21 (1906), Ms 146, 1906, par. 61",
    "element_type": "p",
    "element_subtype": "standard-indented",
    "content": "Now every one of you should have in your homes a sanctifying influence over your children&mdash;precious children. They do not understand the importance of these things that these older minds ought to understand. And then again, while you are educating your children&mdash;the father, the priest of the household, and the mother, the queen of her family, the queen in her home&mdash;there is not to be a single word of scolding or of fretting. There is a better way. It is to be kind and attentive. But when the children need discipline, discipline them, and let them feel that you are weeping over them, that you do not want to bruise their flesh in any way, if they will only come to obedience; that you cannot bear with them as Eli bore with his children, to lead the people of Israel astray. No. And Eli missed the mark; and we do not want any of you to miss the mark.",
    "puborder": 7415,
    "translations": []
  },
  {
    "para_id": "14071.10270068",
    "id_prev": "14071.10270067",
    "id_next": "14071.10270069",
    "refcode_1": "21LtMs",
    "refcode_2": "1",
    "refcode_3": "5309",
    "refcode_4": "1906114600",
    "refcode_short": "21LtMs, Ms 146, 1906, par. 62",
    "refcode_long": "Letters and Manuscripts — Volume 21 (1906), Ms 146, 1906, par. 62",
    "element_type": "p",
    "element_subtype": "standard-indented",
    "content": "Educate your children, but do not fret at them. When you fret at them and scold them, there is an opposition that rises right in their hearts and minds, against your corrections, so that it does not do them any good. Wait until everything is calm, and then talk with them. They may have gotten rid of that wicked feeling that they had. We want more praying, a great deal more praying, and we want our houses sanctified, made holy and clean and pure. Why? Because we want to invite the holy angels to come in. They are right in our homes, watching over us, and we want to show that we honor God, and that we keep His commandments.",
    "puborder": 7416,
    "translations": []
  },
  {
    "para_id": "14071.10270069",
    "id_prev": "14071.10270068",
    "id_next": "14071.10270070",
    "refcode_1": "21LtMs",
    "refcode_2": "1",
    "refcode_3": "5310",
    "refcode_4": "1906114600",
    "refcode_short": "21LtMs, Ms 146, 1906, par. 63",
    "refcode_long": "Letters and Manuscripts — Volume 21 (1906), Ms 146, 1906, par. 63",
    "element_type": "p",
    "element_subtype": "standard-indented",
    "content": "Do you give the attention to your children that you should? Think what our papers are revealing today! Think what terrible history is being written, when young men are robbing, killing&mdash;all this thing they are carrying on. Even youth, quite young, are being educated in that line. Is it not time that you began to be afraid? Is it not time that we began to get our family in a condition that they will stand amid the temptations and perils of the last days? It is time, and it is worthwhile. If one soul is more precious that the whole world, how are you acting in regard to that soul? May God wake up our sensibilities. May we see the necessity of seeking the Lord while He is to be found.",
    "puborder": 7417,
    "translations": []
  },
  {
    "para_id": "14071.10270070",
    "id_prev": "14071.10270069",
    "id_next": "14071.10270071",
    "refcode_1": "21LtMs",
    "refcode_2": "1",
    "refcode_3": "5311",
    "refcode_4": "1906114600",
    "refcode_short": "21LtMs, Ms 146, 1906, par. 64",
    "refcode_long": "Letters and Manuscripts — Volume 21 (1906), Ms 146, 1906, par. 64",
    "element_type": "p",
    "element_subtype": "standard-indented",
    "content": "I have not much more to say on this subject, but I want to say: I want you to have heaven. It is a grand place. Paul tells you about it. He tells you of the many visions that he had, and he does not tell you one-hundredth part, one-thousand part, of what has been revealed to him in the sight that he had had in the heavenly courts. It was too much for him, and to have all these preparedness that we shall have, why, we want to wake right up.",
    "puborder": 7418,
    "translations": []
  },
  {
    "para_id": "14071.10270071",
    "id_prev": "14071.10270070",
    "id_next": "14071.10270072",
    "refcode_1": "21LtMs",
    "refcode_2": "1",
    "refcode_3": "5312",
    "refcode_4": "1906114600",
    "refcode_short": "21LtMs, Ms 146, 1906, par. 65",
    "refcode_long": "Letters and Manuscripts — Volume 21 (1906), Ms 146, 1906, par. 65",
    "element_type": "p",
    "element_subtype": "standard-indented",
    "content": "There are souls to be converted here in San Francisco. There are souls to be converted in Oakland, and I leave my home and come down&mdash;change after change to get here&mdash;but I am always glad I came; I always feel thankful that I have a chance of speaking a word in season. I want a home in heaven, and I want it at the cost of everything here.",
    "puborder": 7419,
    "translations": []
  },
  {
    "para_id": "14071.10270072",
    "id_prev": "14071.10270071",
    "id_next": "14071.10270073",
    "refcode_1": "21LtMs",
    "refcode_2": "1",
    "refcode_3": "5313",
    "refcode_4": "1906114600",
    "refcode_short": "21LtMs, Ms 146, 1906, par. 66",
    "refcode_long": "Letters and Manuscripts — Volume 21 (1906), Ms 146, 1906, par. 66",
    "element_type": "p",
    "element_subtype": "standard-indented",
    "content": "If it is persecution, let it come. We see what is going on in our world, that the Spirit of God is leaving the world. We see hardness of heart. We see such wickedness. Well, shall we not seek to arrest this wickedness by a counter-influence? Shall we not exert an influence which shall lift up and sanctify and ennoble? That is God&rsquo;s work, and He wants us to be what? Co-workers with God. He wants us to be built up in the most holy faith. He loves us with a love that is immeasurable. He love us. What did He do to show His love? Behold what manner of love the Father hath bestowed upon us, that we should be called children of God. Now the world knoweth us not, because it knew Him not. Beloved, now are we the sons of God; but it doth not yet appear what we shall be; when He shall appear, we shall be like Him, for we shall see Him as He is.",
    "puborder": 7420,
    "translations": []
  },
  {
    "para_id": "14071.10270073",
    "id_prev": "14071.10270072",
    "id_next": "14071.10270074",
    "refcode_1": "21LtMs",
    "refcode_2": "1",
    "refcode_3": "5314",
    "refcode_4": "1906114600",
    "refcode_short": "21LtMs, Ms 146, 1906, par. 67",
    "refcode_long": "Letters and Manuscripts — Volume 21 (1906), Ms 146, 1906, par. 67",
    "element_type": "p",
    "element_subtype": "standard-indented",
    "content": "Now, you think of that. We can look upon Him. &ldquo;And every man that hath this hope in him purifieth himself, even as He is pure.&rdquo; [<span class=\"egwlink egwlink_bible\" title=\"1 John 3:3\" data-link=\"1965.62391\">1 John 3:3</span>.] Now, that is what can be done. Will we come up to the help of the Lord, to the help of the Lord against the mighty? The powers of darkness are very great, but God and His angels are round the righteous, and they can make the impression. I do not expect to make the impression on your heart. I have no special eloquence, but I have a determination that I will exalt my Saviour, I will honor Him.",
    "puborder": 7421,
    "translations": []
  },
  {
    "para_id": "14071.10270074",
    "id_prev": "14071.10270073",
    "id_next": "14071.10270075",
    "refcode_1": "21LtMs",
    "refcode_2": "1",
    "refcode_3": "5315",
    "refcode_4": "1906114600",
    "refcode_short": "21LtMs, Ms 146, 1906, par. 68",
    "refcode_long": "Letters and Manuscripts — Volume 21 (1906), Ms 146, 1906, par. 68",
    "element_type": "p",
    "element_subtype": "standard-indented",
    "content": "Only think of it. &ldquo;For God so loved the world, that He gave His only begotten Son, that whosoever believeth in Him should not&rdquo;&mdash;thank God for that &ldquo;not&rdquo;&mdash;&ldquo;should not perish, but have everlasting life.&rdquo; [<span class=\"egwlink egwlink_bible\" title=\"John 3:16\" data-link=\"1965.53318\">John 3:16</span>.] Live for it; teach it in your family; read the Bible. Oh, it is full of precious things. Talk of it, and in every way possible be so that you can indeed appreciate the work that Elder Haskell and his wife are doing here, and Elder Simpson and others that are at work in connection with their fields; seek to appreciate their labors, and help them all that you can. We want the help from heaven, and we want that our prayers shall go up together with heartiness, and go up to God, that he shall take our petitions and shall help abundantly.",
    "puborder": 7422,
    "translations": []
  },
  {
    "para_id": "14071.10270075",
    "id_prev": "14071.10270074",
    "id_next": "14071.10270076",
    "refcode_1": "21LtMs",
    "refcode_2": "1",
    "refcode_3": "5316",
    "refcode_4": "1906114600",
    "refcode_short": "21LtMs, Ms 146, 1906, par. 69",
    "refcode_long": "Letters and Manuscripts — Volume 21 (1906), Ms 146, 1906, par. 69",
    "element_type": "p",
    "element_subtype": "standard-indented",
    "content": "Your families, your families! What we want is religion. What we want is a reformation in the families; every one take hold of it. Heaven we must have; and we try with all our might to have Christ as our Saviour.",
    "puborder": 7423,
    "translations": []
  },
  {
    "para_id": "14071.10270076",
    "id_prev": "14071.10270075",
    "id_next": "14071.10270077",
    "refcode_1": "21LtMs",
    "refcode_2": "1",
    "refcode_3": "5317",
    "refcode_4": "1906114600",
    "refcode_short": "21LtMs, Ms 146, 1906, par. 70",
    "refcode_long": "Letters and Manuscripts — Volume 21 (1906), Ms 146, 1906, par. 70",
    "element_type": "p",
    "element_subtype": "standard-indented",
    "content": "&ldquo;Not perish, but have everlasting life, a life everlasting.&rdquo; [<span class=\"egwlink egwlink_bible\" title=\"John 3:16\" data-link=\"1965.53318\">Verse 16</span>.] Only think of it! And God suffered His Son to pay the price of all the redemption of every single soul that is in this house, every soul that is in the world, the redemption price. And yet they won&rsquo;t be converted; they won&rsquo;t be good; they don&rsquo;t love goodness, and the devil takes possession of them.",
    "puborder": 7424,
    "translations": []
  },
  {
    "para_id": "14071.10270077",
    "id_prev": "14071.10270076",
    "id_next": "14071.10270078",
    "refcode_1": "21LtMs",
    "refcode_2": "1",
    "refcode_3": "5318",
    "refcode_4": "1906114600",
    "refcode_short": "21LtMs, Ms 146, 1906, par. 71",
    "refcode_long": "Letters and Manuscripts — Volume 21 (1906), Ms 146, 1906, par. 71",
    "element_type": "p",
    "element_subtype": "standard-indented",
    "content": "Now I leave this subject with you, and I ask you, in the name of Jesus Christ of Nazareth, to make a determined effort that you will keep the commandments of God, and live, and His law&mdash;what a description&mdash;as the apple of your eye.",
    "puborder": 7425,
    "translations": []
  },
  {
    "para_id": "14071.10270078",
    "id_prev": "14071.10270077",
    "id_next": "14071.9512001",
    "refcode_1": "21LtMs",
    "refcode_2": "1",
    "refcode_3": "5319",
    "refcode_4": "1906114600",
    "refcode_short": "21LtMs, Ms 146, 1906, par. 72",
    "refcode_long": "Letters and Manuscripts — Volume 21 (1906), Ms 146, 1906, par. 72",
    "element_type": "p",
    "element_subtype": "standard-indented",
    "content": "A child was struck, just before we came here, with a piece of wood, and it destroyed the sight of the eye. Oh, what sadness. That mother walked the room almost desperate. Her husband was in Africa. But what could be done? The apple of the eye. Well, now, let us every one of us keep His law as He says, &ldquo;the apple of the eye.&rdquo; [<span class=\"egwlink egwlink_bible\" title=\"Proverbs 7:2\" data-link=\"1965.33812\">Proverbs 7:2</span>.]",
    "puborder": 7426,
    "translations": []
  }
]