[
  {
    "para_id": "14071.7920001",
    "id_prev": "14071.8839014",
    "id_next": "14071.7920004",
    "refcode_1": "21LtMs",
    "refcode_2": "1",
    "refcode_3": "",
    "refcode_4": "1906010600",
    "refcode_short": "21LtMs, Lt 106, 1906",
    "refcode_long": "Letters and Manuscripts — Volume 21 (1906), Lt 106, 1906",
    "element_type": "h4",
    "element_subtype": "",
    "content": "Lt 106, 1906",
    "puborder": 1032,
    "translations": []
  },
  {
    "para_id": "14071.7920004",
    "id_prev": "14071.7920001",
    "id_next": "14071.7920002",
    "refcode_1": "21LtMs",
    "refcode_2": "1",
    "refcode_3": "",
    "refcode_4": "1906010600",
    "refcode_short": "",
    "refcode_long": "",
    "element_type": "p",
    "element_subtype": "ltaddressee",
    "content": "Robinson, Brother and Sister [D. E.]",
    "puborder": 1033,
    "translations": []
  },
  {
    "para_id": "14071.7920002",
    "id_prev": "14071.7920004",
    "id_next": "14071.7920003",
    "refcode_1": "21LtMs",
    "refcode_2": "1",
    "refcode_3": "",
    "refcode_4": "1906010600",
    "refcode_short": "",
    "refcode_long": "",
    "element_type": "p",
    "element_subtype": "ltplace",
    "content": "<span class=\"ltplace\" value=\"St. Helena, California\">St. Helena, California</span>",
    "puborder": 1034,
    "translations": []
  },
  {
    "para_id": "14071.7920003",
    "id_prev": "14071.7920002",
    "id_next": "14071.7920005",
    "refcode_1": "21LtMs",
    "refcode_2": "1",
    "refcode_3": "",
    "refcode_4": "1906010600",
    "refcode_short": "",
    "refcode_long": "",
    "element_type": "p",
    "element_subtype": "ltdate",
    "content": "<span class=\"ltdate\" start=\"March 30, 1906\">March 30, 1906</span>",
    "puborder": 1035,
    "translations": []
  },
  {
    "para_id": "14071.7920005",
    "id_prev": "14071.7920003",
    "id_next": "14071.7920006",
    "refcode_1": "21LtMs",
    "refcode_2": "1",
    "refcode_3": "",
    "refcode_4": "1906010600",
    "refcode_short": "",
    "refcode_long": "",
    "element_type": "p",
    "element_subtype": "ltpubinfo",
    "content": "Previously unpublished.",
    "puborder": 1036,
    "translations": []
  },
  {
    "para_id": "14071.7920006",
    "id_prev": "14071.7920005",
    "id_next": "14071.7920007",
    "refcode_1": "21LtMs",
    "refcode_2": "1",
    "refcode_3": "",
    "refcode_4": "1906010600",
    "refcode_short": "",
    "refcode_long": "",
    "element_type": "p",
    "element_subtype": "ltsalutation",
    "content": "Dear children Dores and Ella:",
    "puborder": 1037,
    "translations": []
  },
  {
    "para_id": "14071.7920007",
    "id_prev": "14071.7920006",
    "id_next": "14071.7920008",
    "refcode_1": "21LtMs",
    "refcode_2": "1",
    "refcode_3": "683",
    "refcode_4": "1906010600",
    "refcode_short": "21LtMs, Lt 106, 1906, par. 1",
    "refcode_long": "Letters and Manuscripts — Volume 21 (1906), Lt 106, 1906, par. 1",
    "element_type": "p",
    "element_subtype": "standard-indented",
    "content": "We do not have much sunshine. The day before yesterday was cloudy and rainy. Yesterday was cloudy all day. Toward evening, rain began to fall and continued falling all night and part of today. It is now evening, and as usual, a gentle, steady rain has begun falling.",
    "puborder": 1038,
    "translations": []
  },
  {
    "para_id": "14071.7920008",
    "id_prev": "14071.7920007",
    "id_next": "14071.7920009",
    "refcode_1": "21LtMs",
    "refcode_2": "1",
    "refcode_3": "684",
    "refcode_4": "1906010600",
    "refcode_short": "21LtMs, Lt 106, 1906, par. 2",
    "refcode_long": "Letters and Manuscripts — Volume 21 (1906), Lt 106, 1906, par. 2",
    "element_type": "p",
    "element_subtype": "standard-indented",
    "content": "Dear children, I do want to hear from you, if it is only a few lines. I am very much in need of Dores. I have needed him every moment since he went away. Do not engage yourselves to teach for another year until we can all consult together in regard to the work before us. I see so much matter that should come before the people. But the Lord knows what is best for us all.",
    "puborder": 1039,
    "translations": []
  },
  {
    "para_id": "14071.7920009",
    "id_prev": "14071.7920008",
    "id_next": "14071.7920010",
    "refcode_1": "21LtMs",
    "refcode_2": "1",
    "refcode_3": "685",
    "refcode_4": "1906010600",
    "refcode_short": "21LtMs, Lt 106, 1906, par. 3",
    "refcode_long": "Letters and Manuscripts — Volume 21 (1906), Lt 106, 1906, par. 3",
    "element_type": "p",
    "element_subtype": "standard-indented",
    "content": "At times I carry a very heavy burden for my brethren. Dissension is something that always causes me intense anguish of soul. We are all in peril, and very much is lost when the people of God spend time in contention.",
    "puborder": 1040,
    "translations": []
  },
  {
    "para_id": "14071.7920010",
    "id_prev": "14071.7920009",
    "id_next": "14071.7920011",
    "refcode_1": "21LtMs",
    "refcode_2": "1",
    "refcode_3": "686",
    "refcode_4": "1906010600",
    "refcode_short": "21LtMs, Lt 106, 1906, par. 4",
    "refcode_long": "Letters and Manuscripts — Volume 21 (1906), Lt 106, 1906, par. 4",
    "element_type": "p",
    "element_subtype": "standard-indented",
    "content": "The time in which we are living calls upon us to be on guard every moment. We must not be regardless of the rocks and quicksands and the many perils that surround us. Unless we are on guard against the stratagems of the foe, unless we watch the movements of the foe, we shall be surprised off our guard and shall be made to suffer defeat and loss. We are God&rsquo;s servants, entrusted with the charge of His household, and we must watch for souls as they that must give an account. We are to be always ready of Christ&rsquo;s appearing, lest coming suddenly, He find us sleeping. We must hide ourselves in Christ.",
    "puborder": 1041,
    "translations": []
  },
  {
    "para_id": "14071.7920011",
    "id_prev": "14071.7920010",
    "id_next": "14071.7920012",
    "refcode_1": "21LtMs",
    "refcode_2": "1",
    "refcode_3": "687",
    "refcode_4": "1906010600",
    "refcode_short": "21LtMs, Lt 106, 1906, par. 5",
    "refcode_long": "Letters and Manuscripts — Volume 21 (1906), Lt 106, 1906, par. 5",
    "element_type": "p",
    "element_subtype": "standard-indented",
    "content": "Let us be faithful, watchful, prayerful, and wide-awake to our dangers. Let us teach others lessons of cheerfulness, watchfulness, and faith. An attitude of prayerfulness on our part will be to others as salt that has not lost its savor. We are never to forget that we are living epistles, known and read by all with whom we associate.",
    "puborder": 1042,
    "translations": []
  },
  {
    "para_id": "14071.7920012",
    "id_prev": "14071.7920011",
    "id_next": "14071.7920013",
    "refcode_1": "21LtMs",
    "refcode_2": "1",
    "refcode_3": "688",
    "refcode_4": "1906010600",
    "refcode_short": "21LtMs, Lt 106, 1906, par. 6",
    "refcode_long": "Letters and Manuscripts — Volume 21 (1906), Lt 106, 1906, par. 6",
    "element_type": "p",
    "element_subtype": "standard-indented",
    "content": "I am very thankful that neither of you has a light and trifling spirit. The responsibilities that you are bearing as educators will be a constant guard over you. I am pleased that you are united in marriage, because you can be a help to each other and can be constantly preparing for more useful service.",
    "puborder": 1043,
    "translations": []
  },
  {
    "para_id": "14071.7920013",
    "id_prev": "14071.7920012",
    "id_next": "14071.7920014",
    "refcode_1": "21LtMs",
    "refcode_2": "1",
    "refcode_3": "689",
    "refcode_4": "1906010600",
    "refcode_short": "21LtMs, Lt 106, 1906, par. 7",
    "refcode_long": "Letters and Manuscripts — Volume 21 (1906), Lt 106, 1906, par. 7",
    "element_type": "p",
    "element_subtype": "standard-indented",
    "content": "The Spirit of the Lord is being withdrawn from the earth. The Lord has long held in restraint His own powers, that sinners might have opportunity to become converted and be zealous workers in the Master&rsquo;s service. But the time is coming when the limit of the Lord&rsquo;s forbearance will have been reached. Be strong in the Lord; be strong in spiritual mindedness and wide-awake and observant; then your deportment will teach others. Light, precious light will brighten your pathway, and you will be often with the Saviour in prayer. Jesus loves you and has given His life for you. Whatsoever He saith unto you, do it. Thus you will prove the reality of your love for Him who gave His life for you, that you, receiving Him, might be children of God.",
    "puborder": 1044,
    "translations": []
  },
  {
    "para_id": "14071.7920014",
    "id_prev": "14071.7920013",
    "id_next": "14071.7920015",
    "refcode_1": "21LtMs",
    "refcode_2": "1",
    "refcode_3": "690",
    "refcode_4": "1906010600",
    "refcode_short": "21LtMs, Lt 106, 1906, par. 8",
    "refcode_long": "Letters and Manuscripts — Volume 21 (1906), Lt 106, 1906, par. 8",
    "element_type": "p",
    "element_subtype": "standard-indented",
    "content": "Stand fast in faith and good works. This will be your recommendation in every place. When your school term closes, do not engage yourselves to teach for another year. We need teachers and we need ministers. I think that your place is in the ministry. There is certainly a broader field for you than teaching. Your work is to labor and pray; to plant and water the seed sown, to work hopefully and cheerfully. I am glad that I have always found you looking on the bright side, speaking hopefully. I cannot tell you how I have missed you both. I have needed you so much in my work.",
    "puborder": 1045,
    "translations": []
  },
  {
    "para_id": "14071.7920015",
    "id_prev": "14071.7920014",
    "id_next": "14071.7920016",
    "refcode_1": "21LtMs",
    "refcode_2": "1",
    "refcode_3": "691",
    "refcode_4": "1906010600",
    "refcode_short": "21LtMs, Lt 106, 1906, par. 9",
    "refcode_long": "Letters and Manuscripts — Volume 21 (1906), Lt 106, 1906, par. 9",
    "element_type": "p",
    "element_subtype": "standard-indented",
    "content": "&ldquo;Whatsoever He saith unto you, do it.&rdquo; [<span class=\"egwlink egwlink_bible\" title=\"John 2:5\" data-link=\"1965.53245\">John 2:5</span>.] Then you will go forward and upward. May the Lord help you and bless you and strengthen you. We need a faith that leads us to do just what the Lord has told us to do.",
    "puborder": 1046,
    "translations": []
  },
  {
    "para_id": "14071.7920016",
    "id_prev": "14071.7920015",
    "id_next": "14071.8318001",
    "refcode_1": "21LtMs",
    "refcode_2": "1",
    "refcode_3": "692",
    "refcode_4": "1906010600",
    "refcode_short": "21LtMs, Lt 106, 1906, par. 10",
    "refcode_long": "Letters and Manuscripts — Volume 21 (1906), Lt 106, 1906, par. 10",
    "element_type": "p",
    "element_subtype": "standard-indented",
    "content": "Please send in a few lines. And if you can clearly see that it is your duty to enter the ministry, do not delay. Whatsoever Christ saith unto thee, do it, and the Lord will bless you. May God increase your faith and hope is my prayer.",
    "puborder": 1047,
    "translations": []
  }
]