[
  {
    "para_id": "14071.8070001",
    "id_prev": "14071.10556018",
    "id_next": "14071.8070004",
    "refcode_1": "21LtMs",
    "refcode_2": "1",
    "refcode_3": "",
    "refcode_4": "1906009800",
    "refcode_short": "21LtMs, Lt 98, 1906",
    "refcode_long": "Letters and Manuscripts — Volume 21 (1906), Lt 98, 1906",
    "element_type": "h4",
    "element_subtype": "",
    "content": "Lt 98, 1906",
    "puborder": 951,
    "translations": []
  },
  {
    "para_id": "14071.8070004",
    "id_prev": "14071.8070001",
    "id_next": "14071.8070002",
    "refcode_1": "21LtMs",
    "refcode_2": "1",
    "refcode_3": "",
    "refcode_4": "1906009800",
    "refcode_short": "",
    "refcode_long": "",
    "element_type": "p",
    "element_subtype": "ltaddressee",
    "content": "Farnsworth, Brother and Sister [E. W.]",
    "puborder": 952,
    "translations": []
  },
  {
    "para_id": "14071.8070002",
    "id_prev": "14071.8070004",
    "id_next": "14071.8070003",
    "refcode_1": "21LtMs",
    "refcode_2": "1",
    "refcode_3": "",
    "refcode_4": "1906009800",
    "refcode_short": "",
    "refcode_long": "",
    "element_type": "p",
    "element_subtype": "ltplace",
    "content": "<span class=\"ltplace\" value=\"St. Helena, California\">St. Helena, California</span>",
    "puborder": 953,
    "translations": []
  },
  {
    "para_id": "14071.8070003",
    "id_prev": "14071.8070002",
    "id_next": "14071.8070005",
    "refcode_1": "21LtMs",
    "refcode_2": "1",
    "refcode_3": "",
    "refcode_4": "1906009800",
    "refcode_short": "",
    "refcode_long": "",
    "element_type": "p",
    "element_subtype": "ltdate",
    "content": "<span class=\"ltdate\" start=\"March 12, 1906\">March 12, 1906</span>",
    "puborder": 954,
    "translations": []
  },
  {
    "para_id": "14071.8070005",
    "id_prev": "14071.8070003",
    "id_next": "14071.8070006",
    "refcode_1": "21LtMs",
    "refcode_2": "1",
    "refcode_3": "",
    "refcode_4": "1906009800",
    "refcode_short": "",
    "refcode_long": "",
    "element_type": "p",
    "element_subtype": "ltpubinfo",
    "content": "This letter is published in entirety in <span class=\"egwlink egwlink_book\" title=\"PC 122\" data-link=\"515.1023\">PC 122-123</span>.",
    "puborder": 955,
    "translations": []
  },
  {
    "para_id": "14071.8070006",
    "id_prev": "14071.8070005",
    "id_next": "14071.8070007",
    "refcode_1": "21LtMs",
    "refcode_2": "1",
    "refcode_3": "",
    "refcode_4": "1906009800",
    "refcode_short": "",
    "refcode_long": "",
    "element_type": "p",
    "element_subtype": "ltsalutation",
    "content": "Dear Brother and Sister Farnsworth:",
    "puborder": 956,
    "translations": []
  },
  {
    "para_id": "14071.8070007",
    "id_prev": "14071.8070006",
    "id_next": "14071.8070008",
    "refcode_1": "21LtMs",
    "refcode_2": "1",
    "refcode_3": "626",
    "refcode_4": "1906009800",
    "refcode_short": "21LtMs, Lt 98, 1906, par. 1",
    "refcode_long": "Letters and Manuscripts — Volume 21 (1906), Lt 98, 1906, par. 1",
    "element_type": "p",
    "element_subtype": "standard-indented",
    "content": "I feel the deepest interest in you both. I hope that Brother Farnsworth will not leave Battle Creek just now.",
    "puborder": 957,
    "translations": []
  },
  {
    "para_id": "14071.8070008",
    "id_prev": "14071.8070007",
    "id_next": "14071.8070009",
    "refcode_1": "21LtMs",
    "refcode_2": "1",
    "refcode_3": "627",
    "refcode_4": "1906009800",
    "refcode_short": "21LtMs, Lt 98, 1906, par. 2",
    "refcode_long": "Letters and Manuscripts — Volume 21 (1906), Lt 98, 1906, par. 2",
    "element_type": "p",
    "element_subtype": "standard-indented",
    "content": "Let us say nothing to provoke men to anger, but ever present the affirmative of truth, Bible truth. This is to be our position.",
    "puborder": 958,
    "translations": []
  },
  {
    "para_id": "14071.8070009",
    "id_prev": "14071.8070008",
    "id_next": "14071.8070010",
    "refcode_1": "21LtMs",
    "refcode_2": "1",
    "refcode_3": "628",
    "refcode_4": "1906009800",
    "refcode_short": "21LtMs, Lt 98, 1906, par. 3",
    "refcode_long": "Letters and Manuscripts — Volume 21 (1906), Lt 98, 1906, par. 3",
    "element_type": "p",
    "element_subtype": "standard-indented",
    "content": "I feel no surprise in regard to the course of Elder A. T. Jones. Last night my mind was called out upon many subjects. In the visions of the night I was reading the Scriptures, and the power and Spirit of God was upon me. Many things were presented to me in vision, which I may give at the right time.",
    "puborder": 959,
    "translations": []
  },
  {
    "para_id": "14071.8070010",
    "id_prev": "14071.8070009",
    "id_next": "14071.8070011",
    "refcode_1": "21LtMs",
    "refcode_2": "1",
    "refcode_3": "629",
    "refcode_4": "1906009800",
    "refcode_short": "21LtMs, Lt 98, 1906, par. 4",
    "refcode_long": "Letters and Manuscripts — Volume 21 (1906), Lt 98, 1906, par. 4",
    "element_type": "p",
    "element_subtype": "standard-indented",
    "content": "I was saying with great power, &ldquo;Thus saith the Lord, In an acceptable time have I heard thee, and in a day of salvation have I helped thee; and I will preserve thee, and give thee a covenant of the people, to establish the earth, to cause to inherit the desolate heritages; that thou mayest say to the prisoners, Go forth; and to them that are in darkness, Show yourselves. They shall feed in the ways, and their pastures shall be in all high places. They shall not hunger nor thirst; neither shall the heat nor sun smite them; for He that hath mercy on them shall lead them, even by the springs of waters shall He guide them. And I will make all My mountains a way, and My highways shall be exalted. Behold, these shall come from far; and lo, these from the north and from the west; and these from the land of Sinim.",
    "puborder": 960,
    "translations": []
  },
  {
    "para_id": "14071.8070011",
    "id_prev": "14071.8070010",
    "id_next": "14071.8070012",
    "refcode_1": "21LtMs",
    "refcode_2": "1",
    "refcode_3": "630",
    "refcode_4": "1906009800",
    "refcode_short": "21LtMs, Lt 98, 1906, par. 5",
    "refcode_long": "Letters and Manuscripts — Volume 21 (1906), Lt 98, 1906, par. 5",
    "element_type": "p",
    "element_subtype": "standard-indented",
    "content": "&ldquo;Sing, O heavens, and be joyful, O earth; and break forth into singing, O mountains; for the Lord hath comforted His people, and will have mercy upon His afflicted. But Zion said, The Lord hath forsaken me, and my Lord hath forgotten me. Can a woman forget her sucking child, that she should not have compassion on the son of her womb? yea, they may forget, yet will I not forget thee. Behold, I have graven thee upon the palms of My hands; thy walls are continually before Me. Thy children shall make haste; thy destroyers and they that made thee waste shall go forth of thee.",
    "puborder": 961,
    "translations": []
  },
  {
    "para_id": "14071.8070012",
    "id_prev": "14071.8070011",
    "id_next": "14071.8070013",
    "refcode_1": "21LtMs",
    "refcode_2": "1",
    "refcode_3": "631",
    "refcode_4": "1906009800",
    "refcode_short": "21LtMs, Lt 98, 1906, par. 6",
    "refcode_long": "Letters and Manuscripts — Volume 21 (1906), Lt 98, 1906, par. 6",
    "element_type": "p",
    "element_subtype": "standard-indented",
    "content": "&ldquo;Lift up thine eyes round about, and behold; all these gather themselves together, and come to thee. As I live, saith the Lord, thou shalt surely clothe thee with them all, as with an ornament, and bind them on thee, as a bride doeth.&rdquo; [<span class=\"egwlink egwlink_bible\" title=\"Isaiah 49:8\" data-link=\"1965.38042\">Isaiah 49:8-18</span>.]",
    "puborder": 962,
    "translations": []
  },
  {
    "para_id": "14071.8070013",
    "id_prev": "14071.8070012",
    "id_next": "14071.8070014",
    "refcode_1": "21LtMs",
    "refcode_2": "1",
    "refcode_3": "632",
    "refcode_4": "1906009800",
    "refcode_short": "21LtMs, Lt 98, 1906, par. 7",
    "refcode_long": "Letters and Manuscripts — Volume 21 (1906), Lt 98, 1906, par. 7",
    "element_type": "p",
    "element_subtype": "standard-indented",
    "content": "&ldquo;Wherefore, when I came, was there no man? when I called, was there none to answer? Is My hand shortened at all, that it cannot redeem? or have I no power to deliver? behold, at My rebuke I dry up the sea, I make the rivers a wilderness. ... I clothe the heavens with blackness, and I make sackcloth their covering. The Lord God hath given Me the tongue of the learned, that I should know how to speak a word in season to him that is weary; He wakeneth morning by morning, He wakeneth Mine ear to hear as the learned. The Lord God hath opened Mine ear, and I was not rebellious; neither turned away back.&rdquo; [<span class=\"egwlink egwlink_bible\" title=\"Isaiah 50:2\" data-link=\"1965.38083\">Isaiah 50:2-5</span>.]",
    "puborder": 963,
    "translations": []
  },
  {
    "para_id": "14071.8070014",
    "id_prev": "14071.8070013",
    "id_next": "14071.8070015",
    "refcode_1": "21LtMs",
    "refcode_2": "1",
    "refcode_3": "633",
    "refcode_4": "1906009800",
    "refcode_short": "21LtMs, Lt 98, 1906, par. 8",
    "refcode_long": "Letters and Manuscripts — Volume 21 (1906), Lt 98, 1906, par. 8",
    "element_type": "p",
    "element_subtype": "standard-indented",
    "content": "Hear and understand this matter; for you know the voice. The time is now short. We must remember that we are not to be conquered by discouragement. No power can conquer satanic agencies but the power of Him who gave His life to redeem man, dying in the sinner&rsquo;s place, that all who will may repent and be converted. Christ is the propitiation for the sins of all who repent and believe in Him as their personal Saviour.",
    "puborder": 964,
    "translations": []
  },
  {
    "para_id": "14071.8070015",
    "id_prev": "14071.8070014",
    "id_next": "14071.8070016",
    "refcode_1": "21LtMs",
    "refcode_2": "1",
    "refcode_3": "634",
    "refcode_4": "1906009800",
    "refcode_short": "21LtMs, Lt 98, 1906, par. 9",
    "refcode_long": "Letters and Manuscripts — Volume 21 (1906), Lt 98, 1906, par. 9",
    "element_type": "p",
    "element_subtype": "standard-indented",
    "content": "&ldquo;I gave My back to the smiters, and My cheeks to them that plucked off the hair.&rdquo; [<span class=\"egwlink egwlink_bible\" title=\"Isaiah 50:6\" data-link=\"1965.38091\">Verse 6</span>.] Do you understand that it was the Lord our Saviour who went through these scenes of humiliation? Hear ye, and understand, and let every soul take in the situation. Christ suffered all this that is written of Him. Who prompted this cruel treatment? The one who was once the most exalted of the angels in the heavenly courts. He was imbuing human minds with his own attributes. It was Satan who led men to treat Christ thus.",
    "puborder": 965,
    "translations": []
  },
  {
    "para_id": "14071.8070016",
    "id_prev": "14071.8070015",
    "id_next": "14071.8070017",
    "refcode_1": "21LtMs",
    "refcode_2": "1",
    "refcode_3": "635",
    "refcode_4": "1906009800",
    "refcode_short": "21LtMs, Lt 98, 1906, par. 10",
    "refcode_long": "Letters and Manuscripts — Volume 21 (1906), Lt 98, 1906, par. 10",
    "element_type": "p",
    "element_subtype": "standard-indented",
    "content": "&ldquo;I gave My back to the smiters, and My cheeks to them that plucked off the hair; I hid not My face from shame and spitting. For the Lord God will help Me; therefore shall I not be confounded; therefore have I set My face like a flint, and I know that I shall not be ashamed. He is near that justifieth Me; who will contend with Me? let us stand together; who is Mine adversary? let him come to Me. Behold, the Lord God will help Me; who is he that shall condemn Me? lo, they shall wax old as a garment; the moth shall eat them up.",
    "puborder": 966,
    "translations": []
  },
  {
    "para_id": "14071.8070017",
    "id_prev": "14071.8070016",
    "id_next": "14071.8070018",
    "refcode_1": "21LtMs",
    "refcode_2": "1",
    "refcode_3": "636",
    "refcode_4": "1906009800",
    "refcode_short": "21LtMs, Lt 98, 1906, par. 11",
    "refcode_long": "Letters and Manuscripts — Volume 21 (1906), Lt 98, 1906, par. 11",
    "element_type": "p",
    "element_subtype": "standard-indented",
    "content": "&ldquo;Who is among you that feareth the Lord, that obeyeth the voice of His servant, that walketh in darkness, and hath no light? let him trust in the name of the Lord, and stay upon his God. Behold, all ye that kindle a fire, that compass yourselves about with sparks; walk in the light of your fire, and in the sparks that ye have kindled. This shall ye have of Mine hand; ye shall lie down in sorrow.&rdquo; [<span class=\"egwlink egwlink_bible\" title=\"Isaiah 50:6\" data-link=\"1965.38091\">Verses 6-11</span>.]",
    "puborder": 967,
    "translations": []
  },
  {
    "para_id": "14071.8070018",
    "id_prev": "14071.8070017",
    "id_next": "14071.8070019",
    "refcode_1": "21LtMs",
    "refcode_2": "1",
    "refcode_3": "637",
    "refcode_4": "1906009800",
    "refcode_short": "21LtMs, Lt 98, 1906, par. 12",
    "refcode_long": "Letters and Manuscripts — Volume 21 (1906), Lt 98, 1906, par. 12",
    "element_type": "p",
    "element_subtype": "standard-indented",
    "content": "My brother and sister, be of good courage. Let your hearts be glad and rejoice. There is no need for us to complain; for the Lord is the strength of His people. You may be surprised to hear the words that you have heard from Elder A. T. Jones; but I am not at all surprised. This is the development of the man when the spirit that is counter to the Spirit of God comes upon him. In him as he is at the present time, you have a representation of a man who is not under the molding influence of the Spirit of God. The Lord accepts no such demonstrations of bitterness. They do not become the man, when the Lord has been so gracious to him, helping him in the time of his distress.",
    "puborder": 968,
    "translations": []
  },
  {
    "para_id": "14071.8070019",
    "id_prev": "14071.8070018",
    "id_next": "14071.8070020",
    "refcode_1": "21LtMs",
    "refcode_2": "1",
    "refcode_3": "638",
    "refcode_4": "1906009800",
    "refcode_short": "21LtMs, Lt 98, 1906, par. 13",
    "refcode_long": "Letters and Manuscripts — Volume 21 (1906), Lt 98, 1906, par. 13",
    "element_type": "p",
    "element_subtype": "standard-indented",
    "content": "Read in my books, <span class=\"egwlink egwlink_book\" title=\"PP\" data-link=\"84.4\"><em>Patriarchs and Prophets</em></span> and <span class=\"egwlink egwlink_book\" title=\"GC88\" data-link=\"133.2\"><em>Great Controversy</em></span>, the story of the first great apostasy. History is being repeated and will be repeated. Read then, and understand. The time is drawing to a close when power of influence, of intellect, of knowledge in science can cover the least departure from the Lord&rsquo;s way. He has pledged His word that He will humble every oppressor of His ministers, or the appointed agencies engaged in His work. Persecuting powers will be brought into judgment; for all the resources of heaven and earth are to be called at God&rsquo;s command to do His work. God sees and knows those who are proud and self-sufficient, and He will bring them into judgment. Before the flood, men cast off the fear of God and trampled under foot His holy law. But judgment overtook them.",
    "puborder": 969,
    "translations": []
  },
  {
    "para_id": "14071.8070020",
    "id_prev": "14071.8070019",
    "id_next": "14071.8070021",
    "refcode_1": "21LtMs",
    "refcode_2": "1",
    "refcode_3": "639",
    "refcode_4": "1906009800",
    "refcode_short": "21LtMs, Lt 98, 1906, par. 14",
    "refcode_long": "Letters and Manuscripts — Volume 21 (1906), Lt 98, 1906, par. 14",
    "element_type": "p",
    "element_subtype": "standard-indented",
    "content": "&ldquo;Thy wisdom and thy knowledge, it hath perverted thee; and thou hast said in thine heart, I am, and there is none beside me.&rdquo; [<span class=\"egwlink egwlink_bible\" title=\"Isaiah 47:10\" data-link=\"1965.37970\">Isaiah 47:10</span>.]",
    "puborder": 970,
    "translations": []
  },
  {
    "para_id": "14071.8070021",
    "id_prev": "14071.8070020",
    "id_next": "14071.8070022",
    "refcode_1": "21LtMs",
    "refcode_2": "1",
    "refcode_3": "640",
    "refcode_4": "1906009800",
    "refcode_short": "21LtMs, Lt 98, 1906, par. 15",
    "refcode_long": "Letters and Manuscripts — Volume 21 (1906), Lt 98, 1906, par. 15",
    "element_type": "p",
    "element_subtype": "standard-indented",
    "content": "Say to our brethren and sisters who have known and understood the voice of God in His Word, Let nothing interpose between you and your eternal interests. Think of this representation given of Christ in the Scriptures I have quoted. The Saviour, in His supreme power, could have palsied the hands that smote and insulted Him, challenging Him, the Prince of life, to prophesy.",
    "puborder": 971,
    "translations": []
  },
  {
    "para_id": "14071.8070022",
    "id_prev": "14071.8070021",
    "id_next": "14071.8070023",
    "refcode_1": "21LtMs",
    "refcode_2": "1",
    "refcode_3": "641",
    "refcode_4": "1906009800",
    "refcode_short": "21LtMs, Lt 98, 1906, par. 16",
    "refcode_long": "Letters and Manuscripts — Volume 21 (1906), Lt 98, 1906, par. 16",
    "element_type": "p",
    "element_subtype": "standard-indented",
    "content": "When men refuse the counsels of God, and walk directly contrary to them, they make very strange speeches, but do not be the least concerned or surprised. The Lord is watching every movement. There are straight messages to be given, and in no case are we to fear the face of men. If Christ endured so much, cannot we endure something for His sake. Who was He? The Prince of heaven. &ldquo;Unto us a child is born, unto us a son is given; and the government shall be upon His shoulder; and His name shall be called, Wonderful, Counsellor, The mighty God, The everlasting Father, The Prince of Peace.&rdquo; [<span class=\"egwlink egwlink_bible\" title=\"Isaiah 9:6\" data-link=\"1965.36384\">Isaiah 9:6</span>.]",
    "puborder": 972,
    "translations": []
  },
  {
    "para_id": "14071.8070023",
    "id_prev": "14071.8070022",
    "id_next": "14071.8070024",
    "refcode_1": "21LtMs",
    "refcode_2": "1",
    "refcode_3": "642",
    "refcode_4": "1906009800",
    "refcode_short": "21LtMs, Lt 98, 1906, par. 17",
    "refcode_long": "Letters and Manuscripts — Volume 21 (1906), Lt 98, 1906, par. 17",
    "element_type": "p",
    "element_subtype": "standard-indented",
    "content": "&ldquo;And Jesus came and spake unto them, saying, All power is given unto Me in heaven and in earth. Go ye therefore, and teach all nations, baptizing them in the name of the Father, and of the Son, and of the Holy Ghost; teaching them to observe all things whatsoever I have commanded you; and, lo, I am with you alway, even unto the end of the world.&rdquo; [<span class=\"egwlink egwlink_bible\" title=\"Matthew 28:18\" data-link=\"1965.49426\">Matthew 28:18-20</span>.]",
    "puborder": 973,
    "translations": []
  },
  {
    "para_id": "14071.8070024",
    "id_prev": "14071.8070023",
    "id_next": "14071.8083001",
    "refcode_1": "21LtMs",
    "refcode_2": "1",
    "refcode_3": "643",
    "refcode_4": "1906009800",
    "refcode_short": "21LtMs, Lt 98, 1906, par. 18",
    "refcode_long": "Letters and Manuscripts — Volume 21 (1906), Lt 98, 1906, par. 18",
    "element_type": "p",
    "element_subtype": "standard-indented",
    "content": "These words outline our appointed work, and we are now to engage in this work as never before. Soul-saving is to be our object; Christ&rsquo;s words are our commission; and we are to lay hold of the Saviour by faith and put all our capabilities to the task of learning the science of soul-saving. The fields that have been neglected call now for repentance on the part of those who have heard the truth; they call upon them to take up their appointed work.",
    "puborder": 974,
    "translations": []
  }
]