[
  {
    "para_id": "14071.7683001",
    "id_prev": "14071.13729003",
    "id_next": "14071.7683004",
    "refcode_1": "21LtMs",
    "refcode_2": "1",
    "refcode_3": "",
    "refcode_4": "1906001801",
    "refcode_short": "21LtMs, Lt 18a, 1906",
    "refcode_long": "Letters and Manuscripts — Volume 21 (1906), Lt 18a, 1906",
    "element_type": "h4",
    "element_subtype": "",
    "content": "Lt 18a, 1906",
    "puborder": 65,
    "translations": []
  },
  {
    "para_id": "14071.7683004",
    "id_prev": "14071.7683001",
    "id_next": "14071.7683002",
    "refcode_1": "21LtMs",
    "refcode_2": "1",
    "refcode_3": "",
    "refcode_4": "1906001801",
    "refcode_short": "",
    "refcode_long": "",
    "element_type": "p",
    "element_subtype": "ltaddressee",
    "content": "<span class=\"ltaddressee\" value=\"Workman, Mabel White\">Workman, Mabel E.</span>",
    "puborder": 66,
    "translations": []
  },
  {
    "para_id": "14071.7683002",
    "id_prev": "14071.7683004",
    "id_next": "14071.7683003",
    "refcode_1": "21LtMs",
    "refcode_2": "1",
    "refcode_3": "",
    "refcode_4": "1906001801",
    "refcode_short": "",
    "refcode_long": "",
    "element_type": "p",
    "element_subtype": "ltplace",
    "content": "<span class=\"ltplace\" value=\"St. Helena, California\">St. Helena, California</span>",
    "puborder": 67,
    "translations": []
  },
  {
    "para_id": "14071.7683003",
    "id_prev": "14071.7683002",
    "id_next": "14071.7683005",
    "refcode_1": "21LtMs",
    "refcode_2": "1",
    "refcode_3": "",
    "refcode_4": "1906001801",
    "refcode_short": "",
    "refcode_long": "",
    "element_type": "p",
    "element_subtype": "ltdate",
    "content": "<span class=\"ltdate\" start=\"November 15, 1906\">November 15, 1906</span>",
    "puborder": 68,
    "translations": []
  },
  {
    "para_id": "14071.7683005",
    "id_prev": "14071.7683003",
    "id_next": "14071.7683036",
    "refcode_1": "21LtMs",
    "refcode_2": "1",
    "refcode_3": "",
    "refcode_4": "1906001801",
    "refcode_short": "",
    "refcode_long": "",
    "element_type": "p",
    "element_subtype": "ltpubinfo",
    "content": "This letter is published in entirety in <span class=\"egwlink egwlink_book\" title=\"21MR 79\" data-link=\"72.527\">21MR 79-82</span>.",
    "puborder": 69,
    "translations": []
  },
  {
    "para_id": "14071.7683036",
    "id_prev": "14071.7683005",
    "id_next": "14071.7683006",
    "refcode_1": "21LtMs",
    "refcode_2": "1",
    "refcode_3": "",
    "refcode_4": "1906001801",
    "refcode_short": "",
    "refcode_long": "",
    "element_type": "p",
    "element_subtype": "ltaddress",
    "content": "Mrs. Mabel E. Workman",
    "puborder": 70,
    "translations": []
  },
  {
    "para_id": "14071.7683006",
    "id_prev": "14071.7683036",
    "id_next": "14071.7683007",
    "refcode_1": "21LtMs",
    "refcode_2": "1",
    "refcode_3": "",
    "refcode_4": "1906001801",
    "refcode_short": "",
    "refcode_long": "",
    "element_type": "p",
    "element_subtype": "ltsalutation",
    "content": "My dear granddaughter Mabel:",
    "puborder": 71,
    "translations": []
  },
  {
    "para_id": "14071.7683007",
    "id_prev": "14071.7683006",
    "id_next": "14071.7683008",
    "refcode_1": "21LtMs",
    "refcode_2": "1",
    "refcode_3": "26",
    "refcode_4": "1906001801",
    "refcode_short": "21LtMs, Lt 18a, 1906, par. 1",
    "refcode_long": "Letters and Manuscripts — Volume 21 (1906), Lt 18a, 1906, par. 1",
    "element_type": "p",
    "element_subtype": "standard-indented",
    "content": "I have been suffering with malaria, and I am kept quite busy coughing and clearing my throat and lungs. But I do not feel despondent.",
    "puborder": 72,
    "translations": []
  },
  {
    "para_id": "14071.7683008",
    "id_prev": "14071.7683007",
    "id_next": "14071.7683009",
    "refcode_1": "21LtMs",
    "refcode_2": "1",
    "refcode_3": "27",
    "refcode_4": "1906001801",
    "refcode_short": "21LtMs, Lt 18a, 1906, par. 2",
    "refcode_long": "Letters and Manuscripts — Volume 21 (1906), Lt 18a, 1906, par. 2",
    "element_type": "p",
    "element_subtype": "standard-indented",
    "content": "One week ago last Sabbath, I filled an appointment to speak in the church in San Francisco. We had an excellent meeting. There seemed to be an earnest desire to hear and an interest in the words spoken.",
    "puborder": 73,
    "translations": []
  },
  {
    "para_id": "14071.7683009",
    "id_prev": "14071.7683008",
    "id_next": "14071.7683010",
    "refcode_1": "21LtMs",
    "refcode_2": "1",
    "refcode_3": "28",
    "refcode_4": "1906001801",
    "refcode_short": "21LtMs, Lt 18a, 1906, par. 3",
    "refcode_long": "Letters and Manuscripts — Volume 21 (1906), Lt 18a, 1906, par. 3",
    "element_type": "p",
    "element_subtype": "standard-indented",
    "content": "This is the first time I had spoken in the San Francisco church since long before the earthquake and fire. The building was in a much better condition than I expected to find it. The meeting room is large and well kept. On the platform and in front, the floor is carpeted with red Brussels. The carpet is well preserved and is kept looking nice. The pulpit is well arranged.",
    "puborder": 74,
    "translations": []
  },
  {
    "para_id": "14071.7683010",
    "id_prev": "14071.7683009",
    "id_next": "14071.7683011",
    "refcode_1": "21LtMs",
    "refcode_2": "1",
    "refcode_3": "29",
    "refcode_4": "1906001801",
    "refcode_short": "21LtMs, Lt 18a, 1906, par. 4",
    "refcode_long": "Letters and Manuscripts — Volume 21 (1906), Lt 18a, 1906, par. 4",
    "element_type": "p",
    "element_subtype": "standard-indented",
    "content": "Your grandfather and I were the ones who worked up the plans for erecting this building. A few others united with us, and we all worked together as best we could.",
    "puborder": 75,
    "translations": []
  },
  {
    "para_id": "14071.7683011",
    "id_prev": "14071.7683010",
    "id_next": "14071.7683012",
    "refcode_1": "21LtMs",
    "refcode_2": "1",
    "refcode_3": "30",
    "refcode_4": "1906001801",
    "refcode_short": "21LtMs, Lt 18a, 1906, par. 5",
    "refcode_long": "Letters and Manuscripts — Volume 21 (1906), Lt 18a, 1906, par. 5",
    "element_type": "p",
    "element_subtype": "standard-indented",
    "content": "There are large, stained-glass windows, which help to give a good appearance. The baptistery is nicely arranged. Back of the pulpit the wall swings back on hinges, and the baptistery is thus brought into full view of the audience. I can not express my thankfulness that the Lord preserved this large meetinghouse through the earthquake and the fire. We appreciate it now very much.",
    "puborder": 76,
    "translations": []
  },
  {
    "para_id": "14071.7683012",
    "id_prev": "14071.7683011",
    "id_next": "14071.7683013",
    "refcode_1": "21LtMs",
    "refcode_2": "1",
    "refcode_3": "31",
    "refcode_4": "1906001801",
    "refcode_short": "21LtMs, Lt 18a, 1906, par. 6",
    "refcode_long": "Letters and Manuscripts — Volume 21 (1906), Lt 18a, 1906, par. 6",
    "element_type": "p",
    "element_subtype": "standard-indented",
    "content": "The church is rented to the Presbyterians for services on Sunday. This makes it a little inconvenient for us at times, but as their meetinghouse was destroyed, they feel very grateful for the privilege of using ours.",
    "puborder": 77,
    "translations": []
  },
  {
    "para_id": "14071.7683013",
    "id_prev": "14071.7683012",
    "id_next": "14071.7683014",
    "refcode_1": "21LtMs",
    "refcode_2": "1",
    "refcode_3": "32",
    "refcode_4": "1906001801",
    "refcode_short": "21LtMs, Lt 18a, 1906, par. 7",
    "refcode_long": "Letters and Manuscripts — Volume 21 (1906), Lt 18a, 1906, par. 7",
    "element_type": "p",
    "element_subtype": "standard-indented",
    "content": "In some of the lower rooms dispensary work is carried on, and there are well-equipped treatment rooms. The work that has been done here has been a blessing to many, especially since the fire.",
    "puborder": 78,
    "translations": []
  },
  {
    "para_id": "14071.7683014",
    "id_prev": "14071.7683013",
    "id_next": "14071.7683015",
    "refcode_1": "21LtMs",
    "refcode_2": "1",
    "refcode_3": "33",
    "refcode_4": "1906001801",
    "refcode_short": "21LtMs, Lt 18a, 1906, par. 8",
    "refcode_long": "Letters and Manuscripts — Volume 21 (1906), Lt 18a, 1906, par. 8",
    "element_type": "p",
    "element_subtype": "standard-indented",
    "content": "The baptismal service was very impressive. I first spoke to the people and prayed with them. The Lord Jesus seemed to come very near and that to bless. I entreated the people not to become careless and not to disregard the admonitions given by the great calamity that has befallen San Francisco.",
    "puborder": 79,
    "translations": []
  },
  {
    "para_id": "14071.7683015",
    "id_prev": "14071.7683014",
    "id_next": "14071.7683016",
    "refcode_1": "21LtMs",
    "refcode_2": "1",
    "refcode_3": "34",
    "refcode_4": "1906001801",
    "refcode_short": "21LtMs, Lt 18a, 1906, par. 9",
    "refcode_long": "Letters and Manuscripts — Volume 21 (1906), Lt 18a, 1906, par. 9",
    "element_type": "p",
    "element_subtype": "standard-indented",
    "content": "For years Jesus labored to convince the Jews that great calamities would come upon their nation unless they should repent. Christ pronounced the woes that would come upon Jerusalem. To the blind priests and unbelieving Pharisees He spoke words of entreaty, but denounced the wickedness of their course.",
    "puborder": 80,
    "translations": []
  },
  {
    "para_id": "14071.7683016",
    "id_prev": "14071.7683015",
    "id_next": "14071.7683017",
    "refcode_1": "21LtMs",
    "refcode_2": "1",
    "refcode_3": "35",
    "refcode_4": "1906001801",
    "refcode_short": "21LtMs, Lt 18a, 1906, par. 10",
    "refcode_long": "Letters and Manuscripts — Volume 21 (1906), Lt 18a, 1906, par. 10",
    "element_type": "p",
    "element_subtype": "standard-indented",
    "content": "&ldquo;Wherefore, behold, I send unto you prophets, and wise men, and scribes: and some of them ye shall kill and crucify; and some of them shall ye scourge in your synagogues, and persecute them from city to city: that upon you may come all the righteous blood shed upon the earth, from the blood of righteous Abel unto the blood of Zacharias son of Barachias, whom ye slew between the temple and the altar. Verily I say unto you, all these things shall come upon this generation.&rdquo; [<span class=\"egwlink egwlink_bible\" title=\"Matthew 23:34\" data-link=\"1965.48899\">Matthew 23:34-36</span>.]",
    "puborder": 81,
    "translations": []
  },
  {
    "para_id": "14071.7683017",
    "id_prev": "14071.7683016",
    "id_next": "14071.7683018",
    "refcode_1": "21LtMs",
    "refcode_2": "1",
    "refcode_3": "36",
    "refcode_4": "1906001801",
    "refcode_short": "21LtMs, Lt 18a, 1906, par. 11",
    "refcode_long": "Letters and Manuscripts — Volume 21 (1906), Lt 18a, 1906, par. 11",
    "element_type": "p",
    "element_subtype": "standard-indented",
    "content": "Then with tears Christ expressed His great sorrow in the words:",
    "puborder": 82,
    "translations": []
  },
  {
    "para_id": "14071.7683018",
    "id_prev": "14071.7683017",
    "id_next": "14071.7683019",
    "refcode_1": "21LtMs",
    "refcode_2": "1",
    "refcode_3": "37",
    "refcode_4": "1906001801",
    "refcode_short": "21LtMs, Lt 18a, 1906, par. 12",
    "refcode_long": "Letters and Manuscripts — Volume 21 (1906), Lt 18a, 1906, par. 12",
    "element_type": "p",
    "element_subtype": "standard-indented",
    "content": "&ldquo;O Jerusalem, Jerusalem, thou that killest the prophets, and stonest them which are sent unto thee, how often would I have gathered thy children together, even as a hen gathereth her chickens under her wings, and ye would not! Behold, your house is left unto you desolate. For I say unto you, Ye shall not see Me henceforth, till ye shall say, Blessed is He that cometh in the name of the Lord.",
    "puborder": 83,
    "translations": []
  },
  {
    "para_id": "14071.7683019",
    "id_prev": "14071.7683018",
    "id_next": "14071.7683020",
    "refcode_1": "21LtMs",
    "refcode_2": "1",
    "refcode_3": "38",
    "refcode_4": "1906001801",
    "refcode_short": "21LtMs, Lt 18a, 1906, par. 13",
    "refcode_long": "Letters and Manuscripts — Volume 21 (1906), Lt 18a, 1906, par. 13",
    "element_type": "p",
    "element_subtype": "standard-indented",
    "content": "&ldquo;And Jesus went out and departed from the temple: and His disciples came to Him, for to show Him the buildings of the temple. And Jesus said unto them, See ye not all these things? Verily, I say unto you, There shall not be left here one stone upon another, that shall not be thrown down.&rdquo; [<span class=\"egwlink egwlink_bible\" title=\"Matthew 23:37\" data-link=\"1965.48905\">Matthew 23:37-39; 24:1, 2</span>.]",
    "puborder": 84,
    "translations": []
  },
  {
    "para_id": "14071.7683020",
    "id_prev": "14071.7683019",
    "id_next": "14071.7683021",
    "refcode_1": "21LtMs",
    "refcode_2": "1",
    "refcode_3": "39",
    "refcode_4": "1906001801",
    "refcode_short": "21LtMs, Lt 18a, 1906, par. 14",
    "refcode_long": "Letters and Manuscripts — Volume 21 (1906), Lt 18a, 1906, par. 14",
    "element_type": "p",
    "element_subtype": "standard-indented",
    "content": "The disciples were amazed at His words. They could not see how they could possibly be fulfilled. As they looked at the massive stones of their grand, beautiful temple, it seemed to them that the structure must stand forever.",
    "puborder": 85,
    "translations": []
  },
  {
    "para_id": "14071.7683021",
    "id_prev": "14071.7683020",
    "id_next": "14071.7683022",
    "refcode_1": "21LtMs",
    "refcode_2": "1",
    "refcode_3": "40",
    "refcode_4": "1906001801",
    "refcode_short": "21LtMs, Lt 18a, 1906, par. 15",
    "refcode_long": "Letters and Manuscripts — Volume 21 (1906), Lt 18a, 1906, par. 15",
    "element_type": "p",
    "element_subtype": "standard-indented",
    "content": "Was not this the opinion that the inhabitants of San Francisco entertained regarding their grand, towering structures and the probability of their destruction? The Lord looks upon impenitent cities; He sends to them by His messengers messages of reproof and of warning, but when His messengers are despised and abused, and the messages rejected, when it is seen that patience and forbearance will not turn the hearts of men to Him, God will send judgments, as He has done upon San Francisco. No human power can stand against the mandates of Jehovah.",
    "puborder": 86,
    "translations": []
  },
  {
    "para_id": "14071.7683022",
    "id_prev": "14071.7683021",
    "id_next": "14071.7683023",
    "refcode_1": "21LtMs",
    "refcode_2": "1",
    "refcode_3": "41",
    "refcode_4": "1906001801",
    "refcode_short": "21LtMs, Lt 18a, 1906, par. 16",
    "refcode_long": "Letters and Manuscripts — Volume 21 (1906), Lt 18a, 1906, par. 16",
    "element_type": "p",
    "element_subtype": "standard-indented",
    "content": "Read this whole <span class=\"egwlink egwlink_bible\" title=\"Matthew 24:1\" data-link=\"1965.48912\">twenty-fourth chapter of Matthew</span>. The Lord, we know, is near, at the door, and we must move carefully in the Lord&rsquo;s way. Christ has warned us of the judgments that will come upon cities, because their inhabitants have greatly dishonored God. Now is our opportunity to warn the world that the end of all things is at hand.",
    "puborder": 87,
    "translations": []
  },
  {
    "para_id": "14071.7683023",
    "id_prev": "14071.7683022",
    "id_next": "14071.7683024",
    "refcode_1": "21LtMs",
    "refcode_2": "1",
    "refcode_3": "42",
    "refcode_4": "1906001801",
    "refcode_short": "21LtMs, Lt 18a, 1906, par. 17",
    "refcode_long": "Letters and Manuscripts — Volume 21 (1906), Lt 18a, 1906, par. 17",
    "element_type": "p",
    "element_subtype": "standard-indented",
    "content": "&ldquo;Watch therefore; for ye know not what hour your Lord doth come. But know this, that if the goodman of the house had known in what hour the thief would come, he would have watched, and would not have suffered his house to be broken up. Therefore be ye also ready: for in such an hour as ye think not the Son of man cometh.&rdquo; [<span class=\"egwlink egwlink_bible\" title=\"Matthew 24:42\" data-link=\"1965.48994\">Verses 42-44</span>.]",
    "puborder": 88,
    "translations": []
  },
  {
    "para_id": "14071.7683024",
    "id_prev": "14071.7683023",
    "id_next": "14071.7683025",
    "refcode_1": "21LtMs",
    "refcode_2": "1",
    "refcode_3": "43",
    "refcode_4": "1906001801",
    "refcode_short": "21LtMs, Lt 18a, 1906, par. 18",
    "refcode_long": "Letters and Manuscripts — Volume 21 (1906), Lt 18a, 1906, par. 18",
    "element_type": "p",
    "element_subtype": "standard-indented",
    "content": "The Lord is sending His judgments to arouse the inhabitants of the world from their condition of apathy.",
    "puborder": 89,
    "translations": []
  },
  {
    "para_id": "14071.7683025",
    "id_prev": "14071.7683024",
    "id_next": "14071.7683026",
    "refcode_1": "21LtMs",
    "refcode_2": "1",
    "refcode_3": "44",
    "refcode_4": "1906001801",
    "refcode_short": "21LtMs, Lt 18a, 1906, par. 19",
    "refcode_long": "Letters and Manuscripts — Volume 21 (1906), Lt 18a, 1906, par. 19",
    "element_type": "p",
    "element_subtype": "standard-indented",
    "content": "&ldquo;Who then is a faithful and wise servant, whom his lord hath made ruler over his household, to give them meat in due season? Blessed is that servant whom his lord when he cometh shall find so doing.&rdquo; [<span class=\"egwlink egwlink_bible\" title=\"Matthew 24:45\" data-link=\"1965.49000\">Verses 45, 46</span>.] Where are the faithful and wise servants in our cities today?",
    "puborder": 90,
    "translations": []
  },
  {
    "para_id": "14071.7683026",
    "id_prev": "14071.7683025",
    "id_next": "14071.7683027",
    "refcode_1": "21LtMs",
    "refcode_2": "1",
    "refcode_3": "45",
    "refcode_4": "1906001801",
    "refcode_short": "21LtMs, Lt 18a, 1906, par. 20",
    "refcode_long": "Letters and Manuscripts — Volume 21 (1906), Lt 18a, 1906, par. 20",
    "element_type": "p",
    "element_subtype": "standard-indented",
    "content": "&ldquo;Verily I say unto you, That he shall make him ruler over all his goods.&rdquo; [<span class=\"egwlink egwlink_bible\" title=\"Matthew 24:47\" data-link=\"1965.49004\">Verse 47</span>.]",
    "puborder": 91,
    "translations": []
  },
  {
    "para_id": "14071.7683027",
    "id_prev": "14071.7683026",
    "id_next": "14071.7683028",
    "refcode_1": "21LtMs",
    "refcode_2": "1",
    "refcode_3": "46",
    "refcode_4": "1906001801",
    "refcode_short": "21LtMs, Lt 18a, 1906, par. 21",
    "refcode_long": "Letters and Manuscripts — Volume 21 (1906), Lt 18a, 1906, par. 21",
    "element_type": "p",
    "element_subtype": "standard-indented",
    "content": "That servant who diligently searches the Word, speaking the words of truth in faithful warnings, calling attention to the dangers that beset the world, Christ calls a faithful and wise servant. Let those in each town and city who have read these warnings manifest a diligent concern for souls. Let them speak of the truths of the Word of God. &ldquo;Blessed is that servant whom his lord when he cometh shall find so doing.&rdquo; [<span class=\"egwlink egwlink_bible\" title=\"Matthew 24:46\" data-link=\"1965.49002\">Verse 46</span>.] May the Lord arouse His people from their condition of sleepy indifference!",
    "puborder": 92,
    "translations": []
  },
  {
    "para_id": "14071.7683028",
    "id_prev": "14071.7683027",
    "id_next": "14071.7683029",
    "refcode_1": "21LtMs",
    "refcode_2": "1",
    "refcode_3": "47",
    "refcode_4": "1906001801",
    "refcode_short": "21LtMs, Lt 18a, 1906, par. 22",
    "refcode_long": "Letters and Manuscripts — Volume 21 (1906), Lt 18a, 1906, par. 22",
    "element_type": "p",
    "element_subtype": "standard-indented",
    "content": "&ldquo;But, and if that evil servant shall say in his heart (and what he says in his heart his actions will manifest), My lord delayeth his coming; and shall begin to smite his fellow-servants, and to eat and drink with the drunken: the lord of that servant shall come in a day when he looketh not for him, and in an hour that he is not aware of, and shall cut him asunder, and appoint him his portion with the hypocrites: there shall be weeping and gnashing of teeth.&rdquo; [<span class=\"egwlink egwlink_bible\" title=\"Matthew 24:48\" data-link=\"1965.49006\">Verses 48-51</span>.]",
    "puborder": 93,
    "translations": []
  },
  {
    "para_id": "14071.7683029",
    "id_prev": "14071.7683028",
    "id_next": "14071.7683030",
    "refcode_1": "21LtMs",
    "refcode_2": "1",
    "refcode_3": "48",
    "refcode_4": "1906001801",
    "refcode_short": "21LtMs, Lt 18a, 1906, par. 23",
    "refcode_long": "Letters and Manuscripts — Volume 21 (1906), Lt 18a, 1906, par. 23",
    "element_type": "p",
    "element_subtype": "standard-indented",
    "content": "Will the inhabitants of the cities heed the warnings of God? We are thankful that Oakland suffered but lightly, but will the inhabitants of Oakland now repent of their sins? Will they continue to allow the saloons to deal out liquor to make men insane, when they know the sure result? It is the privilege of men of influence to co-operate with God and with the One who gave His life to redeem every son and daughter of Adam. But when men in authority permit the open saloons, which lead to such awful results, these men will have a serious account to settle with the great Judge of the earth.",
    "puborder": 94,
    "translations": []
  },
  {
    "para_id": "14071.7683030",
    "id_prev": "14071.7683029",
    "id_next": "14071.7683031",
    "refcode_1": "21LtMs",
    "refcode_2": "1",
    "refcode_3": "49",
    "refcode_4": "1906001801",
    "refcode_short": "21LtMs, Lt 18a, 1906, par. 24",
    "refcode_long": "Letters and Manuscripts — Volume 21 (1906), Lt 18a, 1906, par. 24",
    "element_type": "p",
    "element_subtype": "standard-indented",
    "content": "I feel alarmed for the cities of our land, unless men will heed the words of warning from the great Ruler of the universe, unless people believe His word and arise to sweep away the curse of drink. Where are our temperance workers? How does our great Ruler regard the conditions that exist in our wicked cities?",
    "puborder": 95,
    "translations": []
  },
  {
    "para_id": "14071.7683031",
    "id_prev": "14071.7683030",
    "id_next": "14071.7683032",
    "refcode_1": "21LtMs",
    "refcode_2": "1",
    "refcode_3": "50",
    "refcode_4": "1906001801",
    "refcode_short": "21LtMs, Lt 18a, 1906, par. 25",
    "refcode_long": "Letters and Manuscripts — Volume 21 (1906), Lt 18a, 1906, par. 25",
    "element_type": "p",
    "element_subtype": "standard-indented",
    "content": "&ldquo;Woe unto them,&rdquo; He declares, &ldquo;that rise up early in the morning, that they may follow strong drink.&rdquo; [<span class=\"egwlink egwlink_bible\" title=\"Isaiah 5:11\" data-link=\"1965.36210\">Isaiah 5:11</span>.]",
    "puborder": 96,
    "translations": []
  },
  {
    "para_id": "14071.7683032",
    "id_prev": "14071.7683031",
    "id_next": "14071.7683033",
    "refcode_1": "21LtMs",
    "refcode_2": "1",
    "refcode_3": "51",
    "refcode_4": "1906001801",
    "refcode_short": "21LtMs, Lt 18a, 1906, par. 26",
    "refcode_long": "Letters and Manuscripts — Volume 21 (1906), Lt 18a, 1906, par. 26",
    "element_type": "p",
    "element_subtype": "standard-indented",
    "content": "The men who rule need to [be] brought under control to the all-wise God, who will certainly punish the inhabitants of the earth for their iniquity. The time is near at hand when the earth shall disclose her blood and no more cover her slain. This chapter should be printed in a tract and circulated everywhere.",
    "puborder": 97,
    "translations": []
  },
  {
    "para_id": "14071.7683033",
    "id_prev": "14071.7683032",
    "id_next": "14071.7683034",
    "refcode_1": "21LtMs",
    "refcode_2": "1",
    "refcode_3": "52",
    "refcode_4": "1906001801",
    "refcode_short": "21LtMs, Lt 18a, 1906, par. 27",
    "refcode_long": "Letters and Manuscripts — Volume 21 (1906), Lt 18a, 1906, par. 27",
    "element_type": "p",
    "element_subtype": "standard-indented",
    "content": "After the calamity that came to San Francisco, if their rulers had acted in the fear of God, it would not now be necessary to bring before the people of these cities the strong language that is found in these chapters. These words will be literally fulfilled unless the inhabitants of our world awake and become converted.",
    "puborder": 98,
    "translations": []
  },
  {
    "para_id": "14071.7683034",
    "id_prev": "14071.7683033",
    "id_next": "14071.7683035",
    "refcode_1": "21LtMs",
    "refcode_2": "1",
    "refcode_3": "53",
    "refcode_4": "1906001801",
    "refcode_short": "21LtMs, Lt 18a, 1906, par. 28",
    "refcode_long": "Letters and Manuscripts — Volume 21 (1906), Lt 18a, 1906, par. 28",
    "element_type": "p",
    "element_subtype": "standard-indented",
    "content": "Let those who have their Bibles and who believe the Word of God become active temperance workers. Who will now seek to advance the work of our Redeemer? Let every church member work in the right lines. There is a great work to be done to exalt the truth.",
    "puborder": 99,
    "translations": []
  },
  {
    "para_id": "14071.7683035",
    "id_prev": "14071.7683034",
    "id_next": "14071.13730001",
    "refcode_1": "21LtMs",
    "refcode_2": "1",
    "refcode_3": "54",
    "refcode_4": "1906001801",
    "refcode_short": "21LtMs, Lt 18a, 1906, par. 29",
    "refcode_long": "Letters and Manuscripts — Volume 21 (1906), Lt 18a, 1906, par. 29",
    "element_type": "p",
    "element_subtype": "standard-indented",
    "content": "Shall we permit the satanic agencies to triumph completely? We stand guilty before God because of our neglect of His work. What are the servants of God doing? One who is mighty in council is taking measure of character. Where are the ministers of the gospel? In the ministry of God&rsquo;s Word, the very best talent is needed. &ldquo;Sanctify the Lord of hosts Himself; and let Him be your fear, and let Him be your dread.&rdquo; [<span class=\"egwlink egwlink_bible\" title=\"Isaiah 8:13\" data-link=\"1965.36353\">Isaiah 8:13</span>.] Let us exalt the Lord as the one who has rightful dominion as the supreme Ruler in His church. Shall not those who are soundly converted lift up their voice in an earnest effort to stay the awful deeds that are bringing the judgments of God upon our nation and upon the world? We seem as men who know not what the living out of the law means. Let Christ be exalted in His mediatorial work.",
    "puborder": 100,
    "translations": []
  }
]