[
  {
    "para_id": "812.30",
    "id_prev": "812.29",
    "id_next": "812.31",
    "refcode_1": "GPDR",
    "refcode_2": "15",
    "refcode_3": "",
    "refcode_4": "",
    "refcode_short": "GPDR 15",
    "refcode_long": "Guiding Principles in Dress Reform, p. 15 (Dores Eugene Robinson)",
    "element_type": "h3",
    "element_subtype": "",
    "content": "Chapter 5&mdash;The Real Test",
    "puborder": 25,
    "translations": []
  },
  {
    "para_id": "812.31",
    "id_prev": "812.30",
    "id_next": "812.34",
    "refcode_1": "GPDR",
    "refcode_2": "15",
    "refcode_3": "6",
    "refcode_4": "",
    "refcode_short": "GPDR 15.6",
    "refcode_long": "Guiding Principles in Dress Reform, p. 15.6 (Dores Eugene Robinson)",
    "element_type": "p",
    "element_subtype": "standard-indented",
    "content": "Do not look around to see if there are not tests that can be brought upon God&rsquo;s people. God has given a test&mdash;the Sabbath of the Fourth Commandment. &ldquo;Verily My Sabbaths ye shall keep: for it is a sign between Me and you throughout your generations; that ye may know that I am the Lord that doth sanctify you.... Wherefore the children of Israel shall keep the Sabbath, to observe the Sabbath throughout their generations, for a perpetual covenant. It is a sign between Me <span class=\"page-break\" data-page=\"16\"></span> and the children of Israel forever: for in six days the Lord made heaven and earth, and on the seventh day He rested, and was refreshed&rdquo; [<span class=\"egwlink egwlink_bible\" title=\"Exodus 31:13\" data-link=\"1965.4952\">Exodus 31:13-17</span>].",
    "puborder": 26,
    "translations": []
  },
  {
    "para_id": "812.34",
    "id_prev": "812.31",
    "id_next": null,
    "refcode_1": "GPDR",
    "refcode_2": "16",
    "refcode_3": "1",
    "refcode_4": "",
    "refcode_short": "GPDR 16.1",
    "refcode_long": "Guiding Principles in Dress Reform, p. 16.1 (Dores Eugene Robinson)",
    "element_type": "p",
    "element_subtype": "standard-indented",
    "content": "All who bring to the observance of the Sabbath a heart consecrated to God, will find that the day God has sanctified is more to them than they had any idea of. &ldquo;I am the Lord that doth sanctify you&rdquo; (<span class=\"egwlink egwlink_bible\" title=\"Exodus 31:13\" data-link=\"1965.4952\">Exodus 31:13</span>). &ldquo;If thou turn away thy foot from the Sabbath, from doing thy pleasure on My holy day; and call the Sabbath a delight, the holy of the Lord, honorable; and shalt honor Him, not doing thine own ways, nor finding thine own pleasure, nor speaking thine own words: then shalt thou delight thyself in the Lord; and I will cause thee to ride upon the high places of the earth, and feed thee with the heritage of Jacob thy father: for the mouth of the Lord hath spoken it&rdquo; (<span class=\"egwlink egwlink_bible\" title=\"Isaiah 58:13\" data-link=\"1965.38361\">Isaiah 58:13, 14</span>).&mdash;Ms 167, 1897.",
    "puborder": 27,
    "translations": []
  }
]