[
  {
    "para_id": "390.1570",
    "id_prev": "390.1568",
    "id_next": "390.1571",
    "refcode_1": "PM",
    "refcode_2": "292",
    "refcode_3": "",
    "refcode_4": "27",
    "refcode_short": "PM 292",
    "refcode_long": "The Publishing Ministry, p. 292 (Ellen Gould White)",
    "element_type": "h3",
    "element_subtype": "",
    "content": "Chapter 27&mdash;Training Literature Evangelists to Sell",
    "puborder": 1091,
    "translations": [
      {
        "para_id": "1759.1662",
        "lang": "es",
        "refcode": "MPu 324"
      },
      {
        "para_id": "1870.1574",
        "lang": "ru",
        "refcode": "ИзС 292"
      }
    ]
  },
  {
    "para_id": "390.1571",
    "id_prev": "390.1570",
    "id_next": "390.1572",
    "refcode_1": "PM",
    "refcode_2": "292",
    "refcode_3": "1",
    "refcode_4": "",
    "refcode_short": "PM 292.1",
    "refcode_long": "The Publishing Ministry, p. 292.1 (Ellen Gould White)",
    "element_type": "p",
    "element_subtype": "standard-indented",
    "content": "<strong>Inspired Selling Sentences</strong> [<span class=\"non-egw-comment\">Many of these sentences may be memorized by the literature evangelist and incorporated in the sales talk.</span>]&mdash;The presence of Christ alone can make men and women happy.&mdash;<span class=\"egwlink egwlink_book\" title=\"AH 28.1\" data-link=\"128.108\">The Adventist Home, 28</span>.",
    "puborder": 1092,
    "translations": [
      {
        "para_id": "1759.1663",
        "lang": "es",
        "refcode": "MPu 324.1"
      },
      {
        "para_id": "1870.1575",
        "lang": "ru",
        "refcode": "ИзС 292.1"
      }
    ]
  },
  {
    "para_id": "390.1572",
    "id_prev": "390.1571",
    "id_next": "390.1573",
    "refcode_1": "PM",
    "refcode_2": "292",
    "refcode_3": "2",
    "refcode_4": "",
    "refcode_short": "PM 292.2",
    "refcode_long": "The Publishing Ministry, p. 292.2 (Ellen Gould White)",
    "element_type": "p",
    "element_subtype": "standard-indented",
    "content": "Prayer is the opening of the heart to God as to a friend.&mdash;<span class=\"egwlink egwlink_book\" title=\"SC 93.1\" data-link=\"108.368\">Steps to Christ, 93</span>.",
    "puborder": 1093,
    "translations": [
      {
        "para_id": "1759.1664",
        "lang": "es",
        "refcode": "MPu 324.2"
      },
      {
        "para_id": "1870.1576",
        "lang": "ru",
        "refcode": "ИзС 292.2"
      }
    ]
  },
  {
    "para_id": "390.1573",
    "id_prev": "390.1572",
    "id_next": "390.1574",
    "refcode_1": "PM",
    "refcode_2": "292",
    "refcode_3": "3",
    "refcode_4": "",
    "refcode_short": "PM 292.3",
    "refcode_long": "The Publishing Ministry, p. 292.3 (Ellen Gould White)",
    "element_type": "p",
    "element_subtype": "standard-indented",
    "content": "There is nothing more calculated to energize the mind and strengthen the intellect than the study of the Word of God.&mdash;<span class=\"egwlink egwlink_book\" title=\"CT 460.1\" data-link=\"23.2265\">Counsels to Parents, Teachers, and Students, 460</span>.",
    "puborder": 1094,
    "translations": [
      {
        "para_id": "1759.1665",
        "lang": "es",
        "refcode": "MPu 324.3"
      },
      {
        "para_id": "1870.1577",
        "lang": "ru",
        "refcode": "ИзС 292.3"
      }
    ]
  },
  {
    "para_id": "390.1574",
    "id_prev": "390.1573",
    "id_next": "390.1575",
    "refcode_1": "PM",
    "refcode_2": "292",
    "refcode_3": "4",
    "refcode_4": "",
    "refcode_short": "PM 292.4",
    "refcode_long": "The Publishing Ministry, p. 292.4 (Ellen Gould White)",
    "element_type": "p",
    "element_subtype": "standard-indented",
    "content": "One sentence of Scripture is of more value than ten thousand of man&apos;s ideas or arguments.&mdash;<span class=\"egwlink egwlink_book\" title=\"7T 71.1\" data-link=\"117.376\">Testimonies for the Church 7:71</span>.",
    "puborder": 1095,
    "translations": [
      {
        "para_id": "1759.1666",
        "lang": "es",
        "refcode": "MPu 324.4"
      },
      {
        "para_id": "1870.1578",
        "lang": "ru",
        "refcode": "ИзС 292.4"
      }
    ]
  },
  {
    "para_id": "390.1575",
    "id_prev": "390.1574",
    "id_next": "390.1576",
    "refcode_1": "PM",
    "refcode_2": "292",
    "refcode_3": "5",
    "refcode_4": "",
    "refcode_short": "PM 292.5",
    "refcode_long": "The Publishing Ministry, p. 292.5 (Ellen Gould White)",
    "element_type": "p",
    "element_subtype": "standard-indented",
    "content": "A noble, all-round manhood does not come by chance. It is the result of the molding process of character building in the early years of youth.&mdash;<span class=\"egwlink egwlink_book\" title=\"CG 42.1\" data-link=\"8.161\">Child Guidance, 42</span>.",
    "puborder": 1096,
    "translations": [
      {
        "para_id": "1759.1667",
        "lang": "es",
        "refcode": "MPu 324.5"
      },
      {
        "para_id": "1870.1579",
        "lang": "ru",
        "refcode": "ИзС 292.5"
      }
    ]
  },
  {
    "para_id": "390.1576",
    "id_prev": "390.1575",
    "id_next": "390.1577",
    "refcode_1": "PM",
    "refcode_2": "292",
    "refcode_3": "6",
    "refcode_4": "",
    "refcode_short": "PM 292.6",
    "refcode_long": "The Publishing Ministry, p. 292.6 (Ellen Gould White)",
    "element_type": "p",
    "element_subtype": "standard-indented",
    "content": "No higher work was ever committed to mortals than the shaping of character.&mdash;<span class=\"egwlink egwlink_book\" title=\"CG 163.1\" data-link=\"8.729\">Child Guidance, 163</span>.",
    "puborder": 1097,
    "translations": [
      {
        "para_id": "1759.1668",
        "lang": "es",
        "refcode": "MPu 324.6"
      },
      {
        "para_id": "1870.1580",
        "lang": "ru",
        "refcode": "ИзС 292.6"
      }
    ]
  },
  {
    "para_id": "390.1577",
    "id_prev": "390.1576",
    "id_next": "390.1578",
    "refcode_1": "PM",
    "refcode_2": "292",
    "refcode_3": "7",
    "refcode_4": "",
    "refcode_short": "PM 292.7",
    "refcode_long": "The Publishing Ministry, p. 292.7 (Ellen Gould White)",
    "element_type": "p",
    "element_subtype": "standard-indented",
    "content": "Parents can ... build around their children bulwarks which will preserve them from the evil that is flooding our world.&mdash;<span class=\"egwlink egwlink_book\" title=\"CG 479.1\" data-link=\"8.2265\">Child Guidance, 479</span>.",
    "puborder": 1098,
    "translations": [
      {
        "para_id": "1759.1669",
        "lang": "es",
        "refcode": "MPu 324.7"
      },
      {
        "para_id": "1870.1581",
        "lang": "ru",
        "refcode": "ИзС 292.7"
      }
    ]
  },
  {
    "para_id": "390.1578",
    "id_prev": "390.1577",
    "id_next": "390.1579",
    "refcode_1": "PM",
    "refcode_2": "292",
    "refcode_3": "8",
    "refcode_4": "",
    "refcode_short": "PM 292.8",
    "refcode_long": "The Publishing Ministry, p. 292.8 (Ellen Gould White)",
    "element_type": "p",
    "element_subtype": "standard-indented",
    "content": "The highest class of education is that which will give such knowledge and discipline as will lead to the best development of character.&mdash;<span class=\"egwlink egwlink_book\" title=\"CG 296.1\" data-link=\"8.1375\">Child Guidance, 296</span>.",
    "puborder": 1099,
    "translations": [
      {
        "para_id": "1759.1670",
        "lang": "es",
        "refcode": "MPu 324.8"
      },
      {
        "para_id": "1870.1582",
        "lang": "ru",
        "refcode": "ИзС 292.8"
      }
    ]
  },
  {
    "para_id": "390.1579",
    "id_prev": "390.1578",
    "id_next": "390.1582",
    "refcode_1": "PM",
    "refcode_2": "292",
    "refcode_3": "9",
    "refcode_4": "",
    "refcode_short": "PM 292.9",
    "refcode_long": "The Publishing Ministry, p. 292.9 (Ellen Gould White)",
    "element_type": "p",
    "element_subtype": "standard-indented",
    "content": "The mind, the soul, is built up by that upon which it feeds; and it rests with us to determine upon what it shall be fed. It is within the power of everyone to choose the topics <span class=\"page-break\" data-page=\"293\"></span> that shall occupy the thoughts and shape the character.&mdash;<span class=\"egwlink egwlink_book\" title=\"Ed 126.1\" data-link=\"29.603\">Education, 126, 127</span>.",
    "puborder": 1100,
    "translations": [
      {
        "para_id": "1759.1671",
        "lang": "es",
        "refcode": "MPu 324.9"
      },
      {
        "para_id": "1870.1583",
        "lang": "ru",
        "refcode": "ИзС 292.9"
      }
    ]
  },
  {
    "para_id": "390.1582",
    "id_prev": "390.1579",
    "id_next": "390.1583",
    "refcode_1": "PM",
    "refcode_2": "293",
    "refcode_3": "1",
    "refcode_4": "",
    "refcode_short": "PM 293.1",
    "refcode_long": "The Publishing Ministry, p. 293.1 (Ellen Gould White)",
    "element_type": "p",
    "element_subtype": "standard-indented",
    "content": "True character is a quality of the soul, revealing itself in the conduct. A good character is a capital of more value than gold or silver.&mdash;<span class=\"egwlink egwlink_book\" title=\"CG 161.1\" data-link=\"8.717\">Child Guidance, 161</span>.",
    "puborder": 1101,
    "translations": [
      {
        "para_id": "1759.1674",
        "lang": "es",
        "refcode": "MPu 325.1"
      },
      {
        "para_id": "1870.1586",
        "lang": "ru",
        "refcode": "ИзС 293.1"
      }
    ]
  },
  {
    "para_id": "390.1583",
    "id_prev": "390.1582",
    "id_next": "390.1584",
    "refcode_1": "PM",
    "refcode_2": "293",
    "refcode_3": "2",
    "refcode_4": "",
    "refcode_short": "PM 293.2",
    "refcode_long": "The Publishing Ministry, p. 293.2 (Ellen Gould White)",
    "element_type": "p",
    "element_subtype": "standard-indented",
    "content": "The characters formed in this life will determine the future destiny.&mdash;<span class=\"egwlink egwlink_book\" title=\"CG 229.1\" data-link=\"8.1046\">Child Guidance, 229</span>.",
    "puborder": 1102,
    "translations": [
      {
        "para_id": "1759.1675",
        "lang": "es",
        "refcode": "MPu 325.2"
      },
      {
        "para_id": "1870.1587",
        "lang": "ru",
        "refcode": "ИзС 293.2"
      }
    ]
  },
  {
    "para_id": "390.1584",
    "id_prev": "390.1583",
    "id_next": "390.1585",
    "refcode_1": "PM",
    "refcode_2": "293",
    "refcode_3": "3",
    "refcode_4": "",
    "refcode_short": "PM 293.3",
    "refcode_long": "The Publishing Ministry, p. 293.3 (Ellen Gould White)",
    "element_type": "p",
    "element_subtype": "standard-indented",
    "content": "A character formed according to the divine likeness is the only treasure that we can take from this world to the next.&mdash;<span class=\"egwlink egwlink_book\" title=\"COL 332.1\" data-link=\"15.1455\">Christ&apos;s Object Lessons, 332</span>.",
    "puborder": 1103,
    "translations": [
      {
        "para_id": "1759.1676",
        "lang": "es",
        "refcode": "MPu 325.3"
      },
      {
        "para_id": "1870.1588",
        "lang": "ru",
        "refcode": "ИзС 293.3"
      }
    ]
  },
  {
    "para_id": "390.1585",
    "id_prev": "390.1584",
    "id_next": "390.1586",
    "refcode_1": "PM",
    "refcode_2": "293",
    "refcode_3": "4",
    "refcode_4": "",
    "refcode_short": "PM 293.4",
    "refcode_long": "The Publishing Ministry, p. 293.4 (Ellen Gould White)",
    "element_type": "p",
    "element_subtype": "standard-indented",
    "content": "<strong>Elements of Character That Give Success</strong>&mdash;The elements of character that make a man successful and honored among men&mdash;the irrepressible desire for some greater good, the indomitable will, the strenuous exertion, the untiring perseverance&mdash;are not to be crushed out.&mdash;<span class=\"egwlink egwlink_book\" title=\"PP 602.1\" data-link=\"84.2830\">Patriarchs and Prophets, 602</span>.",
    "puborder": 1104,
    "translations": [
      {
        "para_id": "1759.1677",
        "lang": "es",
        "refcode": "MPu 325.4"
      },
      {
        "para_id": "1870.1589",
        "lang": "ru",
        "refcode": "ИзС 293.4"
      }
    ]
  },
  {
    "para_id": "390.1586",
    "id_prev": "390.1585",
    "id_next": "390.1587",
    "refcode_1": "PM",
    "refcode_2": "293",
    "refcode_3": "5",
    "refcode_4": "",
    "refcode_short": "PM 293.5",
    "refcode_long": "The Publishing Ministry, p. 293.5 (Ellen Gould White)",
    "element_type": "p",
    "element_subtype": "standard-indented",
    "content": "But when we give ourselves wholly to God and in our work follow His directions, He makes Himself responsible for its accomplishment. He would not have us conjecture as to the success of our honest endeavors. Not once should we even think of failure. We are to cooperate with One who knows no failure.&mdash;<span class=\"egwlink egwlink_book\" title=\"COL 363.1\" data-link=\"15.1628\">Christ&apos;s Object Lessons, 363</span>.",
    "puborder": 1105,
    "translations": [
      {
        "para_id": "1759.1678",
        "lang": "es",
        "refcode": "MPu 325.5"
      },
      {
        "para_id": "1870.1590",
        "lang": "ru",
        "refcode": "ИзС 293.5"
      }
    ]
  },
  {
    "para_id": "390.1587",
    "id_prev": "390.1586",
    "id_next": "390.1588",
    "refcode_1": "PM",
    "refcode_2": "293",
    "refcode_3": "6",
    "refcode_4": "",
    "refcode_short": "PM 293.6",
    "refcode_long": "The Publishing Ministry, p. 293.6 (Ellen Gould White)",
    "element_type": "p",
    "element_subtype": "standard-indented",
    "content": "Sometimes He trains His workers by bringing to them disappointment and apparent failure. It is His purpose that they shall learn to master difficulties. Often men are tempted to falter before the perplexities and obstacles that confront them. But if they will hold the beginning of their confidence steadfast unto the end, God will make the way clear. Success will come to them as they struggle against difficulties.&mdash;<span class=\"egwlink egwlink_book\" title=\"PK 595.1\" data-link=\"88.2652\">Prophets and Kings, 595</span>.",
    "puborder": 1106,
    "translations": [
      {
        "para_id": "1759.1679",
        "lang": "es",
        "refcode": "MPu 325.6"
      },
      {
        "para_id": "1759.1680",
        "lang": "es",
        "refcode": "MPu 325.7"
      },
      {
        "para_id": "1870.1591",
        "lang": "ru",
        "refcode": "ИзС 293.6"
      }
    ]
  },
  {
    "para_id": "390.1588",
    "id_prev": "390.1587",
    "id_next": "390.1589",
    "refcode_1": "PM",
    "refcode_2": "293",
    "refcode_3": "7",
    "refcode_4": "",
    "refcode_short": "PM 293.7",
    "refcode_long": "The Publishing Ministry, p. 293.7 (Ellen Gould White)",
    "element_type": "p",
    "element_subtype": "standard-indented",
    "content": "In Ezekiel&apos;s vision God had His hand beneath the wings of the cherubim. This is to teach His servants that it is divine power that gives them success. He will work with them if they put away iniquity and become pure in heart and life.&mdash;<span class=\"egwlink egwlink_book\" title=\"5T 754.1\" data-link=\"113.3656\">Testimonies for the Church 5:754</span>.",
    "puborder": 1107,
    "translations": [
      {
        "para_id": "1759.1681",
        "lang": "es",
        "refcode": "MPu 325.8"
      },
      {
        "para_id": "1870.1592",
        "lang": "ru",
        "refcode": "ИзС 293.7"
      }
    ]
  },
  {
    "para_id": "390.1589",
    "id_prev": "390.1588",
    "id_next": "390.1592",
    "refcode_1": "PM",
    "refcode_2": "293",
    "refcode_3": "8",
    "refcode_4": "",
    "refcode_short": "PM 293.8",
    "refcode_long": "The Publishing Ministry, p. 293.8 (Ellen Gould White)",
    "element_type": "p",
    "element_subtype": "standard-indented",
    "content": "When you make up your mind to do something on which your heart is set, you do not give up for difficulties, but try again and again. Put the same energy and determination to succeed in the service of Christ, and you will not fail of a <span class=\"page-break\" data-page=\"294\"></span> reward.&mdash;<span class=\"egwlink egwlink_book\" title=\"SD 254.1\" data-link=\"102.1745\">Sons and Daughters of God, 254</span>.",
    "puborder": 1108,
    "translations": [
      {
        "para_id": "1759.1684",
        "lang": "es",
        "refcode": "MPu 326.1"
      },
      {
        "para_id": "1870.1593",
        "lang": "ru",
        "refcode": "ИзС 293.8"
      }
    ]
  },
  {
    "para_id": "390.1592",
    "id_prev": "390.1589",
    "id_next": "390.1593",
    "refcode_1": "PM",
    "refcode_2": "294",
    "refcode_3": "1",
    "refcode_4": "",
    "refcode_short": "PM 294.1",
    "refcode_long": "The Publishing Ministry, p. 294.1 (Ellen Gould White)",
    "element_type": "p",
    "element_subtype": "standard-indented",
    "content": "Human strength is weakness, human wisdom is folly. Our success does not depend on our talents or learning, but on our living connection with God.&mdash;<span class=\"egwlink egwlink_book\" title=\"5T 158.1\" data-link=\"113.792\">Testimonies for the Church 5:158</span>.",
    "puborder": 1109,
    "translations": [
      {
        "para_id": "1759.1685",
        "lang": "es",
        "refcode": "MPu 326.2"
      },
      {
        "para_id": "1870.1596",
        "lang": "ru",
        "refcode": "ИзС 294.1"
      }
    ]
  },
  {
    "para_id": "390.1593",
    "id_prev": "390.1592",
    "id_next": "390.1594",
    "refcode_1": "PM",
    "refcode_2": "294",
    "refcode_3": "2",
    "refcode_4": "",
    "refcode_short": "PM 294.2",
    "refcode_long": "The Publishing Ministry, p. 294.2 (Ellen Gould White)",
    "element_type": "p",
    "element_subtype": "standard-indented",
    "content": "<strong>He Sent Them Two and Two</strong>&mdash;When Jesus sent His disciples forth to labor, He sent them two and two, that they might be a help and strength to each other, and stand more courageously in defense of truth. They did not feel as some do now, that they would rather work alone than have anyone with them who did not labor just as they labored. Our Saviour understood what ones to associate together. He did not connect with the mild, beloved John one of the same temperament; but He connected with him the ardent, impulsive Peter. These two men were not alike either in their disposition or in their manner of labor. Peter was prompt and zealous in action, bold and uncompromising, and would often wound; John was ever calm, and considerate of others&rsquo; feelings, and would come after to bind up and encourage. Thus the defects in one were partially covered by the virtues in the other.",
    "puborder": 1110,
    "translations": [
      {
        "para_id": "1759.1686",
        "lang": "es",
        "refcode": "MPu 326.3"
      },
      {
        "para_id": "1870.1597",
        "lang": "ru",
        "refcode": "ИзС 294.2"
      }
    ]
  },
  {
    "para_id": "390.1594",
    "id_prev": "390.1593",
    "id_next": "390.1596",
    "refcode_1": "PM",
    "refcode_2": "294",
    "refcode_3": "3",
    "refcode_4": "",
    "refcode_short": "PM 294.3",
    "refcode_long": "The Publishing Ministry, p. 294.3 (Ellen Gould White)",
    "element_type": "p",
    "element_subtype": "standard-indented",
    "content": "God never designed that, as a rule, His servants should go out singly to labor. To illustrate: Here are two brothers. They are not of the same temperament; their minds do not run in the same channel. One is in danger of doing too much; the other fails to carry the burdens that he should. If associated together, these might have a moulding influence upon each other, so that the extremes in their characters would not stand out so prominent in their labors. It might not be necessary for them to be together in every meeting; but they could labor in places ten, fifteen, or even thirty miles apart&mdash;near enough together, however, so that if one came to a crisis in his labors, he could call on the other for assistance. They should also come together as often as possible for prayer and consultation. Although different in temperament, they are one in faith, one in purpose, and can claim the promise of Christ to His disciples, &ldquo;If two of you shall agree on earth as touching anything that they shall ask, it shall be done for them of my Father which is in heaven.&rdquo;&mdash;<span class=\"egwlink egwlink_book\" title=\"HS 126.1\" data-link=\"389.60\">Historical Sketches of the Foreign Missions of the Seventh-day Adventists, 126, 127</span>.",
    "puborder": 1111,
    "translations": [
      {
        "para_id": "1759.1687",
        "lang": "es",
        "refcode": "MPu 326.4"
      },
      {
        "para_id": "1870.1598",
        "lang": "ru",
        "refcode": "ИзС 294.3"
      }
    ]
  },
  {
    "para_id": "390.1596",
    "id_prev": "390.1594",
    "id_next": "390.1597",
    "refcode_1": "PM",
    "refcode_2": "295",
    "refcode_3": "1",
    "refcode_4": "",
    "refcode_short": "PM 295.1",
    "refcode_long": "The Publishing Ministry, p. 295.1 (Ellen Gould White)",
    "element_type": "p",
    "element_subtype": "standard-indented",
    "content": "<strong>Youth With Older Workers Two by Two</strong>&mdash;In this work the youth should be connected with those older in experience, who, if they are devoted to God, can be a great blessing to them, teaching them in the things of God, and showing them how best to work for Him. If the youth will work out their own salvation with fear and trembling, they will know by experience that God is working with them, to will and to do of His good pleasure.",
    "puborder": 1112,
    "translations": [
      {
        "para_id": "1759.1690",
        "lang": "es",
        "refcode": "MPu 327.1"
      },
      {
        "para_id": "1870.1600",
        "lang": "ru",
        "refcode": "ИзС 295.1"
      }
    ]
  },
  {
    "para_id": "390.1597",
    "id_prev": "390.1596",
    "id_next": "390.1598",
    "refcode_1": "PM",
    "refcode_2": "295",
    "refcode_3": "2",
    "refcode_4": "",
    "refcode_short": "PM 295.2",
    "refcode_long": "The Publishing Ministry, p. 295.2 (Ellen Gould White)",
    "element_type": "p",
    "element_subtype": "standard-indented",
    "content": "Not only men, but women, can enter the canvassing field. And canvassers are to go out two by two. This is the Lord&apos;s plan.&mdash;<span class=\"egwlink egwlink_book\" title=\"RH 10-7-1902\" data-link=\"821.22161\">The Review and Herald, October 7, 1902</span>.",
    "puborder": 1113,
    "translations": [
      {
        "para_id": "1759.1691",
        "lang": "es",
        "refcode": "MPu 327.2"
      },
      {
        "para_id": "1870.1601",
        "lang": "ru",
        "refcode": "ИзС 295.2"
      }
    ]
  },
  {
    "para_id": "390.1598",
    "id_prev": "390.1597",
    "id_next": "390.1599",
    "refcode_1": "PM",
    "refcode_2": "295",
    "refcode_3": "3",
    "refcode_4": "",
    "refcode_short": "PM 295.3",
    "refcode_long": "The Publishing Ministry, p. 295.3 (Ellen Gould White)",
    "element_type": "p",
    "element_subtype": "standard-indented",
    "content": "<strong>Practical Minutemen Needed</strong>&mdash;Among our ministers, physicians, teachers, and canvassers, there is need of an entire surrender of the mind, the heart, and the soul of God. ... Neither dress, expensive homes, nor stylish living gives character to the work. But a meek and quiet spirit is in the sight of God of great value. Religion does not make a man coarse and rough. The true believer, realizing his own weakness, will guard himself at every point, and place his whole confidence in God. True Christian godliness cannot be forced; it is the outflowing of an honest heart....",
    "puborder": 1114,
    "translations": [
      {
        "para_id": "1759.1692",
        "lang": "es",
        "refcode": "MPu 327.3"
      },
      {
        "para_id": "1870.1602",
        "lang": "ru",
        "refcode": "ИзС 295.3"
      }
    ]
  },
  {
    "para_id": "390.1599",
    "id_prev": "390.1598",
    "id_next": "390.1600",
    "refcode_1": "PM",
    "refcode_2": "295",
    "refcode_3": "4",
    "refcode_4": "",
    "refcode_short": "PM 295.4",
    "refcode_long": "The Publishing Ministry, p. 295.4 (Ellen Gould White)",
    "element_type": "p",
    "element_subtype": "standard-indented",
    "content": "God calls for minute man, praying men, practical men. Expensive outward show does not elevate men and women in the eyes of sensible people.&mdash;<span class=\"egwlink egwlink_book\" title=\"2SM 201.1\" data-link=\"99.1146\">Selected Messages 2:201, 202</span>.",
    "puborder": 1115,
    "translations": [
      {
        "para_id": "1759.1693",
        "lang": "es",
        "refcode": "MPu 327.4"
      },
      {
        "para_id": "1870.1603",
        "lang": "ru",
        "refcode": "ИзС 295.4"
      }
    ]
  },
  {
    "para_id": "390.1600",
    "id_prev": "390.1599",
    "id_next": "390.1601",
    "refcode_1": "PM",
    "refcode_2": "295",
    "refcode_3": "5",
    "refcode_4": "",
    "refcode_short": "PM 295.5",
    "refcode_long": "The Publishing Ministry, p. 295.5 (Ellen Gould White)",
    "element_type": "p",
    "element_subtype": "standard-indented",
    "content": "<strong>Voice and Tongue a Power for God</strong>&mdash;The voice and tongue are gifts from God, and if rightly used, they are a power for God.&mdash;<span class=\"egwlink egwlink_book\" title=\"SD 180.1\" data-link=\"102.1233\">Sons and Daughters of God, 180</span>.",
    "puborder": 1116,
    "translations": [
      {
        "para_id": "1759.1696",
        "lang": "es",
        "refcode": "MPu 328.1"
      },
      {
        "para_id": "1870.1604",
        "lang": "ru",
        "refcode": "ИзС 295.5"
      }
    ]
  },
  {
    "para_id": "390.1601",
    "id_prev": "390.1600",
    "id_next": "390.1602",
    "refcode_1": "PM",
    "refcode_2": "295",
    "refcode_3": "6",
    "refcode_4": "",
    "refcode_short": "PM 295.6",
    "refcode_long": "The Publishing Ministry, p. 295.6 (Ellen Gould White)",
    "element_type": "p",
    "element_subtype": "standard-indented",
    "content": "By diligent effort all may acquire the power to read intelligibly, and to speak in a full, clear, round tone, in a distinct and impressive manner. By doing this we may greatly increase our efficiency as workers for Christ. Every Christian is called to make known to others the unsearchable riches of Christ; therefore he should seek for perfection in speech.&mdash;<span class=\"egwlink egwlink_book\" title=\"COL 335.1\" data-link=\"15.1471\">Christ&apos;s Object Lessons, 335, 336</span>.",
    "puborder": 1117,
    "translations": [
      {
        "para_id": "1759.1697",
        "lang": "es",
        "refcode": "MPu 328.2"
      },
      {
        "para_id": "1870.1605",
        "lang": "ru",
        "refcode": "ИзС 295.6"
      }
    ]
  },
  {
    "para_id": "390.1602",
    "id_prev": "390.1601",
    "id_next": "390.1605",
    "refcode_1": "PM",
    "refcode_2": "295",
    "refcode_3": "7",
    "refcode_4": "",
    "refcode_short": "PM 295.7",
    "refcode_long": "The Publishing Ministry, p. 295.7 (Ellen Gould White)",
    "element_type": "p",
    "element_subtype": "standard-indented",
    "content": "We may have knowledge, but unless the habit is acquired of using the voice correctly, our work will be a failure. Unless we can clothe our ideas in appropriate language, of what avail is our education? Knowledge will <span class=\"page-break\" data-page=\"296\"></span> be of little value to us unless we cultivate the talent of speech; but it is a wonderful power when combined with the ability to speak wise, helpful words, and to speak them in a way that will command attention.&mdash;<span class=\"egwlink egwlink_book\" title=\"CT 217.1\" data-link=\"23.1038\">Counsels to Parents, Teachers, and Students, 217</span>.",
    "puborder": 1118,
    "translations": [
      {
        "para_id": "1759.1698",
        "lang": "es",
        "refcode": "MPu 328.3"
      },
      {
        "para_id": "1870.1606",
        "lang": "ru",
        "refcode": "ИзС 295.7"
      }
    ]
  },
  {
    "para_id": "390.1605",
    "id_prev": "390.1602",
    "id_next": "390.1606",
    "refcode_1": "PM",
    "refcode_2": "296",
    "refcode_3": "1",
    "refcode_4": "",
    "refcode_short": "PM 296.1",
    "refcode_long": "The Publishing Ministry, p. 296.1 (Ellen Gould White)",
    "element_type": "p",
    "element_subtype": "standard-indented",
    "content": "Let us ask in faith for a converted voice, a converted tongue, and for Christlike sympathy and tenderness, that we may win souls to the truth we teach.&mdash;<span class=\"egwlink egwlink_book\" title=\"RH 11-11-1902\" data-link=\"821.22246\">The Review and Herald, November 11, 1902</span>.",
    "puborder": 1119,
    "translations": [
      {
        "para_id": "1759.1699",
        "lang": "es",
        "refcode": "MPu 328.4"
      },
      {
        "para_id": "1870.1609",
        "lang": "ru",
        "refcode": "ИзС 296.1"
      }
    ]
  },
  {
    "para_id": "390.1606",
    "id_prev": "390.1605",
    "id_next": "390.1607",
    "refcode_1": "PM",
    "refcode_2": "296",
    "refcode_3": "2",
    "refcode_4": "",
    "refcode_short": "PM 296.2",
    "refcode_long": "The Publishing Ministry, p. 296.2 (Ellen Gould White)",
    "element_type": "p",
    "element_subtype": "standard-indented",
    "content": "Let our words be gentle as we seek to win souls.&mdash;<span class=\"egwlink egwlink_book\" title=\"6T 400.1\" data-link=\"118.2181\">Testimonies for the Church 6:400</span>.",
    "puborder": 1120,
    "translations": [
      {
        "para_id": "1759.1700",
        "lang": "es",
        "refcode": "MPu 328.5"
      },
      {
        "para_id": "1870.1610",
        "lang": "ru",
        "refcode": "ИзС 296.2"
      }
    ]
  },
  {
    "para_id": "390.1607",
    "id_prev": "390.1606",
    "id_next": "390.1608",
    "refcode_1": "PM",
    "refcode_2": "296",
    "refcode_3": "3",
    "refcode_4": "",
    "refcode_short": "PM 296.3",
    "refcode_long": "The Publishing Ministry, p. 296.3 (Ellen Gould White)",
    "element_type": "p",
    "element_subtype": "standard-indented",
    "content": "They [the workers in our sanitariums] are to cultivate the voice, keeping it pleasant and sympathetic.&mdash;<span class=\"egwlink egwlink_book\" title=\"MM 212.1\" data-link=\"75.1612\">Medical Ministry, 212</span>.",
    "puborder": 1121,
    "translations": [
      {
        "para_id": "1759.1701",
        "lang": "es",
        "refcode": "MPu 328.6"
      },
      {
        "para_id": "1870.1611",
        "lang": "ru",
        "refcode": "ИзС 296.3"
      }
    ]
  },
  {
    "para_id": "390.1608",
    "id_prev": "390.1607",
    "id_next": "390.1609",
    "refcode_1": "PM",
    "refcode_2": "296",
    "refcode_3": "4",
    "refcode_4": "",
    "refcode_short": "PM 296.4",
    "refcode_long": "The Publishing Ministry, p. 296.4 (Ellen Gould White)",
    "element_type": "p",
    "element_subtype": "standard-indented",
    "content": "Educate yourself to carry a pleasant countenance, and bring all the sweetness and melody possible into your voice.&mdash;<span class=\"egwlink egwlink_book\" title=\"SD 180.1\" data-link=\"102.1233\">Sons and Daughters of God, 180</span>.",
    "puborder": 1122,
    "translations": [
      {
        "para_id": "1759.1702",
        "lang": "es",
        "refcode": "MPu 328.7"
      },
      {
        "para_id": "1870.1612",
        "lang": "ru",
        "refcode": "ИзС 296.4"
      }
    ]
  },
  {
    "para_id": "390.1609",
    "id_prev": "390.1608",
    "id_next": "390.1610",
    "refcode_1": "PM",
    "refcode_2": "296",
    "refcode_3": "5",
    "refcode_4": "",
    "refcode_short": "PM 296.5",
    "refcode_long": "The Publishing Ministry, p. 296.5 (Ellen Gould White)",
    "element_type": "p",
    "element_subtype": "standard-indented",
    "content": "<strong>Correcting Defects in Speech</strong>&mdash;Speak slowly. Many speak rapidly, hurrying one word after another so fast that the effect of what they say is lost.&mdash;<span class=\"egwlink egwlink_book\" title=\"CT 254.1\" data-link=\"23.1225\">Counsels to Parents, Teachers, and Students, 254, 255</span>.",
    "puborder": 1123,
    "translations": [
      {
        "para_id": "1759.1705",
        "lang": "es",
        "refcode": "MPu 329.1"
      },
      {
        "para_id": "1870.1613",
        "lang": "ru",
        "refcode": "ИзС 296.5"
      }
    ]
  },
  {
    "para_id": "390.1610",
    "id_prev": "390.1609",
    "id_next": "390.1611",
    "refcode_1": "PM",
    "refcode_2": "296",
    "refcode_3": "6",
    "refcode_4": "",
    "refcode_short": "PM 296.6",
    "refcode_long": "The Publishing Ministry, p. 296.6 (Ellen Gould White)",
    "element_type": "p",
    "element_subtype": "standard-indented",
    "content": "If the words spoken are crowded upon each other, the impression that should be made is lost. The talent of speech needs to be cultivated, that the truth be spoken not excitedly, but slowly and distinctly, that not a syllable may be lost. Rapidity of speech can and should be corrected.&mdash;<span class=\"egwlink egwlink_book\" title=\"ST 9-13-1899\" data-link=\"820.16091\">The Southern Watchman, October 27, 1903</span>.",
    "puborder": 1124,
    "translations": [
      {
        "para_id": "1759.1706",
        "lang": "es",
        "refcode": "MPu 329.2"
      },
      {
        "para_id": "1870.1614",
        "lang": "ru",
        "refcode": "ИзС 296.6"
      }
    ]
  },
  {
    "para_id": "390.1611",
    "id_prev": "390.1610",
    "id_next": "390.1612",
    "refcode_1": "PM",
    "refcode_2": "296",
    "refcode_3": "7",
    "refcode_4": "",
    "refcode_short": "PM 296.7",
    "refcode_long": "The Publishing Ministry, p. 296.7 (Ellen Gould White)",
    "element_type": "p",
    "element_subtype": "standard-indented",
    "content": "Those who talk rapidly, from the throat, jumbling the words together and raising their voices to an unnaturally high pitch, soon become hoarse, and the words spoken lose half the force which they would have if spoken slowly, distinctly, and not so loud.&mdash;<span class=\"egwlink egwlink_book\" title=\"4T 405.1\" data-link=\"114.2027\">Testimonies for the Church 4:405</span>.",
    "puborder": 1125,
    "translations": [
      {
        "para_id": "1759.1707",
        "lang": "es",
        "refcode": "MPu 329.3"
      },
      {
        "para_id": "1870.1615",
        "lang": "ru",
        "refcode": "ИзС 296.7"
      }
    ]
  },
  {
    "para_id": "390.1612",
    "id_prev": "390.1611",
    "id_next": "390.1613",
    "refcode_1": "PM",
    "refcode_2": "296",
    "refcode_3": "8",
    "refcode_4": "",
    "refcode_short": "PM 296.8",
    "refcode_long": "The Publishing Ministry, p. 296.8 (Ellen Gould White)",
    "element_type": "p",
    "element_subtype": "standard-indented",
    "content": "Speaking from the throat, letting the words come out from the upper extremity of the vocal organs, all the time fretting and irritating them, is not the best way to preserve health or to increase the efficiency of those organs. You should take a full inspiration and let the action come from the abdominal muscles. Let the lungs be only the channel, but do not depend upon them to do the work.&mdash;<span class=\"egwlink egwlink_book\" title=\"2T 616.1\" data-link=\"120.2665\">Testimonies for the Church 2:616</span>.",
    "puborder": 1126,
    "translations": [
      {
        "para_id": "1759.1708",
        "lang": "es",
        "refcode": "MPu 329.4"
      },
      {
        "para_id": "1870.1616",
        "lang": "ru",
        "refcode": "ИзС 296.8"
      }
    ]
  },
  {
    "para_id": "390.1613",
    "id_prev": "390.1612",
    "id_next": "390.1616",
    "refcode_1": "PM",
    "refcode_2": "296",
    "refcode_3": "9",
    "refcode_4": "",
    "refcode_short": "PM 296.9",
    "refcode_long": "The Publishing Ministry, p. 296.9 (Ellen Gould White)",
    "element_type": "p",
    "element_subtype": "standard-indented",
    "content": "Let him say, &ldquo;I will make earnest effort to overcome this God-dishonoring habit of speaking in a low, indistinct tone. I will put myself under discipline until my voice shall be <span class=\"page-break\" data-page=\"297\"></span> audible even to those who are dull of hearing.&rdquo;&mdash;<span class=\"egwlink egwlink_book\" title=\"CT 245.1\" data-link=\"23.1178\">Counsels to Parents, Teachers, and Students, 245, 246</span>.",
    "puborder": 1127,
    "translations": [
      {
        "para_id": "1759.1709",
        "lang": "es",
        "refcode": "MPu 329.5"
      },
      {
        "para_id": "1870.1617",
        "lang": "ru",
        "refcode": "ИзС 296.9"
      }
    ]
  },
  {
    "para_id": "390.1616",
    "id_prev": "390.1613",
    "id_next": "390.1617",
    "refcode_1": "PM",
    "refcode_2": "297",
    "refcode_3": "1",
    "refcode_4": "",
    "refcode_short": "PM 297.1",
    "refcode_long": "The Publishing Ministry, p. 297.1 (Ellen Gould White)",
    "element_type": "p",
    "element_subtype": "standard-indented",
    "content": "<strong>Humility and Hard Work Bring God&apos;s Blessing</strong>&mdash;I did not suppose that you would build, for full of changes as your life is, this might not be best. But I certainly think that your wife ought to have some place that she can call her own, even if it is but rented rooms. Such was all the home that for some time, while we were traveling about, we had.",
    "puborder": 1128,
    "translations": [
      {
        "para_id": "1759.1710",
        "lang": "es",
        "refcode": "MPu 329.6"
      },
      {
        "para_id": "1870.1620",
        "lang": "ru",
        "refcode": "ИзС 297.1"
      }
    ]
  },
  {
    "para_id": "390.1617",
    "id_prev": "390.1616",
    "id_next": "390.1618",
    "refcode_1": "PM",
    "refcode_2": "297",
    "refcode_3": "2",
    "refcode_4": "",
    "refcode_short": "PM 297.2",
    "refcode_long": "The Publishing Ministry, p. 297.2 (Ellen Gould White)",
    "element_type": "p",
    "element_subtype": "standard-indented",
    "content": "You have given your whole time to a good work, and you need more rest than you give yourself. You have worked as an evangelist, and your words and deeds have opened many doors for the entrance of the truth. I have not a doubt but that the Lord has given you your work. He has greatly blessed you in your canvassing. This is because you have kept at the work, and have given Him the glory.&mdash;<span class=\"egwlink egwlink_book\" title=\"Lt 174, 1903\" data-link=\"14068.8519001\">Letter 174, 1903</span>.",
    "puborder": 1129,
    "translations": [
      {
        "para_id": "1759.1713",
        "lang": "es",
        "refcode": "MPu 330.1"
      },
      {
        "para_id": "1870.1621",
        "lang": "ru",
        "refcode": "ИзС 297.2"
      }
    ]
  },
  {
    "para_id": "390.1618",
    "id_prev": "390.1617",
    "id_next": "390.1619",
    "refcode_1": "PM",
    "refcode_2": "297",
    "refcode_3": "3",
    "refcode_4": "",
    "refcode_short": "PM 297.3",
    "refcode_long": "The Publishing Ministry, p. 297.3 (Ellen Gould White)",
    "element_type": "p",
    "element_subtype": "standard-indented",
    "content": "<strong>Born-Again Canvassers Needed</strong>&mdash;Simple, direct methods are to be employed. Put your confidence in God. He will teach you how to simplify, how to avoid using methods in the publication and circulation of books which will bring disappointment and failure....",
    "puborder": 1130,
    "translations": [
      {
        "para_id": "1759.1714",
        "lang": "es",
        "refcode": "MPu 330.2"
      },
      {
        "para_id": "1870.1622",
        "lang": "ru",
        "refcode": "ИзС 297.3"
      }
    ]
  },
  {
    "para_id": "390.1619",
    "id_prev": "390.1618",
    "id_next": "390.1620",
    "refcode_1": "PM",
    "refcode_2": "297",
    "refcode_3": "4",
    "refcode_4": "",
    "refcode_short": "PM 297.4",
    "refcode_long": "The Publishing Ministry, p. 297.4 (Ellen Gould White)",
    "element_type": "p",
    "element_subtype": "standard-indented",
    "content": "Canvassing is evangelistic work, and by it great good may be done. Two canvassers should be sent out together. They can help one another to be indeed honored sons of God. &ldquo;Seeing ye have purified your souls in obeying the truth through the Spirit unto unfeigned love of the brethren, see that ye love one another with a pure heart fervently: being born again, not of corruptible seed, but of incorruptible, by the word of God, which liveth and abideth forever&rdquo; (<span class=\"egwlink egwlink_bible\" title=\"1 Peter 1:22\" data-link=\"1965.62007\">1 Peter 1:22, 23</span>). How important, then, it is that all who take hold of the work, those who canvass and those who work in the office, shall faithfully preserve and practice the highest, holiest principles of the Word of God. They are to be born again, by the power of the Word of God, through obedience to the truth. They are to know for themselves what righteousness means....",
    "puborder": 1131,
    "translations": [
      {
        "para_id": "1759.1715",
        "lang": "es",
        "refcode": "MPu 330.3"
      },
      {
        "para_id": "1870.1623",
        "lang": "ru",
        "refcode": "ИзС 297.4"
      }
    ]
  },
  {
    "para_id": "390.1620",
    "id_prev": "390.1619",
    "id_next": "390.1623",
    "refcode_1": "PM",
    "refcode_2": "297",
    "refcode_3": "5",
    "refcode_4": "",
    "refcode_short": "PM 297.5",
    "refcode_long": "The Publishing Ministry, p. 297.5 (Ellen Gould White)",
    "element_type": "p",
    "element_subtype": "standard-indented",
    "content": "Let a class of canvassers be fitted up, by thorough instruction and drill, to handle the publications that shall <span class=\"page-break\" data-page=\"298\"></span> come forth from the press. Those who take up the work of canvassing as a preparation for the ministry will indeed realize the truth of the Saviour&apos;s words, &ldquo;He shall glorify me: for he shall receive of mine, and shall shew it unto you&rdquo; (<span class=\"egwlink egwlink_bible\" title=\"John 16:14\" data-link=\"1965.54539\">John 16:14</span>).&mdash;<span class=\"egwlink egwlink_book\" title=\"Lt 66, 1901\" data-link=\"14066.8650001\">Letter 66, 1901</span>.",
    "puborder": 1132,
    "translations": [
      {
        "para_id": "1759.1716",
        "lang": "es",
        "refcode": "MPu 330.4"
      },
      {
        "para_id": "1870.1624",
        "lang": "ru",
        "refcode": "ИзС 297.5"
      }
    ]
  },
  {
    "para_id": "390.1623",
    "id_prev": "390.1620",
    "id_next": "390.1624",
    "refcode_1": "PM",
    "refcode_2": "298",
    "refcode_3": "1",
    "refcode_4": "",
    "refcode_short": "PM 298.1",
    "refcode_long": "The Publishing Ministry, p. 298.1 (Ellen Gould White)",
    "element_type": "p",
    "element_subtype": "standard-indented",
    "content": "<strong>Guarding Unworked Territory Holds Back Sales</strong>&mdash;I am sorry that it should be thought necessary to delay the work in some places because of territorial lines, and that it should be considered irregular for the workers to sell books in certain territories where the field is neglected. This has held back the sale of our books. Changes should be made regarding this condition. If territory that is claimed by a certain conference is not faithfully worked for the circulation of our literature, those workers who have a burden for that territory should not be forbidden the privilege of laboring there.&mdash;<span class=\"egwlink egwlink_book\" title=\"Lt 328, 1907\" data-link=\"14072.10005001\">Letter 328, 1907</span>.",
    "puborder": 1133,
    "translations": [
      {
        "para_id": "1759.1719",
        "lang": "es",
        "refcode": "MPu 331.1"
      },
      {
        "para_id": "1870.1627",
        "lang": "ru",
        "refcode": "ИзС 298.1"
      }
    ]
  },
  {
    "para_id": "390.1624",
    "id_prev": "390.1623",
    "id_next": "390.1625",
    "refcode_1": "PM",
    "refcode_2": "298",
    "refcode_3": "2",
    "refcode_4": "",
    "refcode_short": "PM 298.2",
    "refcode_long": "The Publishing Ministry, p. 298.2 (Ellen Gould White)",
    "element_type": "p",
    "element_subtype": "standard-indented",
    "content": "<strong>Prompt Payment by Literature Evangelists Important</strong>&mdash;Through the failure of canvassers to meet their indebtedness, our tract societies have been involved in debt; they cannot meet their obligations to the publishing houses; thus these institutions become embarrassed, and their work is hindered. Some canvassers have thought themselves ill-treated when required to make prompt payment to the publishers for books received, but prompt remittal is the only successful way of conducting business.",
    "puborder": 1134,
    "translations": [
      {
        "para_id": "1759.1720",
        "lang": "es",
        "refcode": "MPu 331.2"
      },
      {
        "para_id": "1870.1628",
        "lang": "ru",
        "refcode": "ИзС 298.2"
      }
    ]
  },
  {
    "para_id": "390.1625",
    "id_prev": "390.1624",
    "id_next": "390.1626",
    "refcode_1": "PM",
    "refcode_2": "298",
    "refcode_3": "3",
    "refcode_4": "",
    "refcode_short": "PM 298.3",
    "refcode_long": "The Publishing Ministry, p. 298.3 (Ellen Gould White)",
    "element_type": "p",
    "element_subtype": "standard-indented",
    "content": "The loose manner in which some canvassers have performed their work shows that they have important lessons to learn. Much haphazard work has been presented before me. By laxness in secular affairs some have formed habits of carelessness and slackness, and they have brought this deficiency into the Lord&apos;s work.",
    "puborder": 1135,
    "translations": [
      {
        "para_id": "1759.1721",
        "lang": "es",
        "refcode": "MPu 331.3"
      },
      {
        "para_id": "1870.1629",
        "lang": "ru",
        "refcode": "ИзС 298.3"
      }
    ]
  },
  {
    "para_id": "390.1626",
    "id_prev": "390.1625",
    "id_next": "390.1627",
    "refcode_1": "PM",
    "refcode_2": "298",
    "refcode_3": "4",
    "refcode_4": "",
    "refcode_short": "PM 298.4",
    "refcode_long": "The Publishing Ministry, p. 298.4 (Ellen Gould White)",
    "element_type": "p",
    "element_subtype": "standard-indented",
    "content": "God calls for decided improvement in the various branches of the work. The business done in connection with His cause should be marked with greater precision and exactness. There must be firm, decided effort to bring about essential reforms.&mdash;<span class=\"egwlink egwlink_book\" title=\"7T 175.1\" data-link=\"117.959\">Testimonies for the Church 7:175</span>.",
    "puborder": 1136,
    "translations": [
      {
        "para_id": "1759.1721",
        "lang": "es",
        "refcode": "MPu 331.3"
      },
      {
        "para_id": "1870.1630",
        "lang": "ru",
        "refcode": "ИзС 298.4"
      }
    ]
  },
  {
    "para_id": "390.1627",
    "id_prev": "390.1626",
    "id_next": "390.1630",
    "refcode_1": "PM",
    "refcode_2": "298",
    "refcode_3": "5",
    "refcode_4": "",
    "refcode_short": "PM 298.5",
    "refcode_long": "The Publishing Ministry, p. 298.5 (Ellen Gould White)",
    "element_type": "p",
    "element_subtype": "standard-indented",
    "content": "<strong>Study to Protect Colporteurs&rsquo; Income</strong>&mdash;Canvassing is an important work, a work equal in importance to the <span class=\"page-break\" data-page=\"299\"></span> ministry of the Word. Matters must be so arranged that canvassers shall have enough to live on without overdrawing. This door of temptation must be closed and barred. However honest a canvasser may be, circumstances will arise in his work which will be a sore temptation to him. Let the barn be locked before the horse is stolen. This is the best way....",
    "puborder": 1137,
    "translations": [
      {
        "para_id": "1759.1723",
        "lang": "es",
        "refcode": "MPu 332.1"
      },
      {
        "para_id": "1870.1631",
        "lang": "ru",
        "refcode": "ИзС 298.5"
      }
    ]
  },
  {
    "para_id": "390.1630",
    "id_prev": "390.1627",
    "id_next": "390.1631",
    "refcode_1": "PM",
    "refcode_2": "299",
    "refcode_3": "1",
    "refcode_4": "",
    "refcode_short": "PM 299.1",
    "refcode_long": "The Publishing Ministry, p. 299.1 (Ellen Gould White)",
    "element_type": "p",
    "element_subtype": "standard-indented",
    "content": "It is our work to bar every path that leads to temptation. The Lord desires us to close the door against Satan&apos;s entrance. I fear that we do not always remember the wiliness of the foe with whom we have to contend. He has a masterly mind and a keen insight. Let us in our work remember the harm it is in his power to do if we give him the opportunity.&mdash;<span class=\"egwlink egwlink_book\" title=\"Lt 10, 1901\" data-link=\"14066.10293001\">Letter 10, 1901</span>.",
    "puborder": 1138,
    "translations": [
      {
        "para_id": "1759.1724",
        "lang": "es",
        "refcode": "MPu 332.2"
      },
      {
        "para_id": "1870.1634",
        "lang": "ru",
        "refcode": "ИзС 299.1"
      }
    ]
  },
  {
    "para_id": "390.1631",
    "id_prev": "390.1630",
    "id_next": "390.1632",
    "refcode_1": "PM",
    "refcode_2": "299",
    "refcode_3": "2",
    "refcode_4": "",
    "refcode_short": "PM 299.2",
    "refcode_long": "The Publishing Ministry, p. 299.2 (Ellen Gould White)",
    "element_type": "p",
    "element_subtype": "standard-indented",
    "content": "<strong>Encourage Honesty Among Literature Evangelists</strong>&mdash;The work of colporteurs and canvassers is an important work. It is no child&apos;s play. Some have engaged in canvassing for other books than those bearing on present truth. They had a very low standard of righteousness and honesty. Because they professed to be Christians they were trusted. Confidence was placed in them because they professed to be Seventh-day Adventists, and it was not thought necessary to place them under regulations.",
    "puborder": 1139,
    "translations": [
      {
        "para_id": "1759.1725",
        "lang": "es",
        "refcode": "MPu 332.3"
      },
      {
        "para_id": "1870.1635",
        "lang": "ru",
        "refcode": "ИзС 299.2"
      }
    ]
  },
  {
    "para_id": "390.1632",
    "id_prev": "390.1631",
    "id_next": "390.1633",
    "refcode_1": "PM",
    "refcode_2": "299",
    "refcode_3": "3",
    "refcode_4": "",
    "refcode_short": "PM 299.3",
    "refcode_long": "The Publishing Ministry, p. 299.3 (Ellen Gould White)",
    "element_type": "p",
    "element_subtype": "standard-indented",
    "content": "Some took advantage of this confidence and made false statements; they committed forgery, robbery, and theft. They squandered the money taken for books, money that belonged to their employers, and several who carried on this business considered it a good chance for them, and laughed one with another over the matter. The arrangements entered into were those which showed not the slightest appearance of distrusting their honesty. This business arrangement was not supposed to be made with men of corrupt hearts and corrupt morals. But every one of these dishonest transactions is registered in the books of heaven, and there they will remain until the judgment, unless by confession, repentance, and restitution, they shall seek God to write pardon against their names.",
    "puborder": 1140,
    "translations": [
      {
        "para_id": "1759.1726",
        "lang": "es",
        "refcode": "MPu 332.4"
      },
      {
        "para_id": "1870.1636",
        "lang": "ru",
        "refcode": "ИзС 299.3"
      }
    ]
  },
  {
    "para_id": "390.1633",
    "id_prev": "390.1632",
    "id_next": "390.1636",
    "refcode_1": "PM",
    "refcode_2": "299",
    "refcode_3": "4",
    "refcode_4": "",
    "refcode_short": "PM 299.4",
    "refcode_long": "The Publishing Ministry, p. 299.4 (Ellen Gould White)",
    "element_type": "p",
    "element_subtype": "standard-indented",
    "content": "In the day of judgment many will be found wanting because they have been tested and proved of God and found <span class=\"page-break\" data-page=\"300\"></span> unworthy of eternal life. God could not trust them in heaven. The decision will be made for eternity; he that is not faithful in that which is least cannot be entrusted with greater responsibilities. They will be judged by their works which have determined their character. Is it a paying business to be dishonest? Never; for if there is no detection here in probationary time, everything will be laid open in the day of final reckoning.&mdash;<span class=\"egwlink egwlink_book\" title=\"Ms 59, 1900\" data-link=\"14065.8269001\">Manuscript 59, 1900</span>.",
    "puborder": 1141,
    "translations": [
      {
        "para_id": "1759.1729",
        "lang": "es",
        "refcode": "MPu 333.1"
      },
      {
        "para_id": "1870.1637",
        "lang": "ru",
        "refcode": "ИзС 299.4"
      }
    ]
  },
  {
    "para_id": "390.1636",
    "id_prev": "390.1633",
    "id_next": "390.1637",
    "refcode_1": "PM",
    "refcode_2": "300",
    "refcode_3": "1",
    "refcode_4": "",
    "refcode_short": "PM 300.1",
    "refcode_long": "The Publishing Ministry, p. 300.1 (Ellen Gould White)",
    "element_type": "p",
    "element_subtype": "standard-indented",
    "content": "<strong>Helping a Canvasser During a Time of Financial Trial</strong>&mdash;I am ... pressed with sadness as I ... see the great battle with poverty in this country [Australia]....",
    "puborder": 1142,
    "translations": [
      {
        "para_id": "1759.1730",
        "lang": "es",
        "refcode": "MPu 333.2"
      },
      {
        "para_id": "1870.1640",
        "lang": "ru",
        "refcode": "ИзС 300.1"
      }
    ]
  },
  {
    "para_id": "390.1637",
    "id_prev": "390.1636",
    "id_next": "390.1639",
    "refcode_1": "PM",
    "refcode_2": "300",
    "refcode_3": "2",
    "refcode_4": "",
    "refcode_short": "PM 300.2",
    "refcode_long": "The Publishing Ministry, p. 300.2 (Ellen Gould White)",
    "element_type": "p",
    "element_subtype": "standard-indented",
    "content": "Our own people are in want. I have divided with Sister A the provisions which have been bought at auction sales, and have also placed a pound in her hands. Her husband has been canvassing with Brother G, but poverty has met them on every side. The people wanted the books, but with tears in their eyes they said, &ldquo;We cannot buy. We must have bread or starve.&rdquo; Sister A received a letter from her husband in which he stated that he was two pounds in debt at the hotel and asked her to sell some articles from the meager lot of furniture still remaining in order that he might pay his debt. When I heard this, I rode up with Sister B to carry supplies of food to them, for I knew they were in want. She was very grateful for this. You know they have a large but excellent family.&mdash;<span class=\"egwlink egwlink_book\" title=\"Lt 54a, 1894\" data-link=\"14059.5639001\">Letter 54a, 1894</span>.",
    "puborder": 1143,
    "translations": [
      {
        "para_id": "1759.1731",
        "lang": "es",
        "refcode": "MPu 333.3"
      },
      {
        "para_id": "1870.1641",
        "lang": "ru",
        "refcode": "ИзС 300.2"
      }
    ]
  }
]