[
  {
    "para_id": "668.2221",
    "id_prev": "668.2220",
    "id_next": "668.2222",
    "refcode_1": "1BIO",
    "refcode_2": "291",
    "refcode_3": "",
    "refcode_4": "172",
    "refcode_short": "1BIO 291",
    "refcode_long": "Ellen G. White: The Early Years: 1827-1862 (vol. 1), p. 291 (Arthur Lacey White)",
    "element_type": "h4",
    "element_subtype": "",
    "content": "Early Light on Basic Health Principles",
    "puborder": 1772,
    "translations": []
  },
  {
    "para_id": "668.2222",
    "id_prev": "668.2221",
    "id_next": "668.2223",
    "refcode_1": "1BIO",
    "refcode_2": "291",
    "refcode_3": "3",
    "refcode_4": "",
    "refcode_short": "1BIO 291.3",
    "refcode_long": "Ellen G. White: The Early Years: 1827-1862 (vol. 1), p. 291.3 (Arthur Lacey White)",
    "element_type": "p",
    "element_subtype": "standard-indented",
    "content": "The vision was a comprehensive one, taking in many features in the conduct of church members, including their proper attire and cleanliness, both of person and home:",
    "puborder": 1773,
    "translations": []
  },
  {
    "para_id": "668.2223",
    "id_prev": "668.2222",
    "id_next": "668.2224",
    "refcode_1": "1BIO",
    "refcode_2": "291",
    "refcode_3": "4",
    "refcode_4": "",
    "refcode_short": "1BIO 291.4",
    "refcode_long": "Ellen G. White: The Early Years: 1827-1862 (vol. 1), p. 291.4 (Arthur Lacey White)",
    "element_type": "p",
    "element_subtype": "blockquote-indented",
    "content": "I then saw a lack of cleanliness among Sabbathkeepers. I saw that God would have a clean and holy people, a people that He can delight [in]. I saw the camp must be cleansed or the Lord would pass by and see the uncleanness of the children of Israel and would not go forth with their armies to battle, but would turn from them in displeasure, and our enemies would triumph over us, and we left weak in shame and disgrace.",
    "puborder": 1774,
    "translations": []
  },
  {
    "para_id": "668.2224",
    "id_prev": "668.2223",
    "id_next": "668.2225",
    "refcode_1": "1BIO",
    "refcode_2": "291",
    "refcode_3": "5",
    "refcode_4": "",
    "refcode_short": "1BIO 291.5",
    "refcode_long": "Ellen G. White: The Early Years: 1827-1862 (vol. 1), p. 291.5 (Arthur Lacey White)",
    "element_type": "p",
    "element_subtype": "blockquote-indented",
    "content": "I saw that God would not acknowledge an untidy and unclean person as a Christian. His frown was upon such. Our souls, bodies, and spirits are to be presented blameless by Jesus to His Father, and unless we are clean in person and pure in heart, we cannot be presented blameless to God....",
    "puborder": 1775,
    "translations": []
  },
  {
    "para_id": "668.2225",
    "id_prev": "668.2224",
    "id_next": "668.2226",
    "refcode_1": "1BIO",
    "refcode_2": "291",
    "refcode_3": "6",
    "refcode_4": "",
    "refcode_short": "1BIO 291.6",
    "refcode_long": "Ellen G. White: The Early Years: 1827-1862 (vol. 1), p. 291.6 (Arthur Lacey White)",
    "element_type": "p",
    "element_subtype": "blockquote-indented",
    "content": "I saw that the house of God had been desecrated by the carelessness of parents, with their children, and by the untidiness and uncleanness there. I saw that these things should meet with an open rebuke, and if there was not a change immediately in some that profess the truth in these things, they should be put out of the camp.&mdash;<span class=\"egwlink egwlink_book\" title=\"Ms 1, 1854\" data-link=\"13961.2867001\">Ibid.</span>",
    "puborder": 1776,
    "translations": []
  },
  {
    "para_id": "668.2226",
    "id_prev": "668.2225",
    "id_next": "668.2227",
    "refcode_1": "1BIO",
    "refcode_2": "291",
    "refcode_3": "7",
    "refcode_4": "",
    "refcode_short": "1BIO 291.7",
    "refcode_long": "Ellen G. White: The Early Years: 1827-1862 (vol. 1), p. 291.7 (Arthur Lacey White)",
    "element_type": "p",
    "element_subtype": "standard-indented",
    "content": "This revealing vision brought matters still closer home:",
    "puborder": 1777,
    "translations": []
  },
  {
    "para_id": "668.2227",
    "id_prev": "668.2226",
    "id_next": "668.2230",
    "refcode_1": "1BIO",
    "refcode_2": "291",
    "refcode_3": "",
    "refcode_4": "",
    "refcode_short": "",
    "refcode_long": "",
    "element_type": "p",
    "element_subtype": "blockquote-indented",
    "content": "I then saw the appetite must be denied, that rich food should not be prepared, and that which is lavished upon the appetite should be put in the treasury of the Lord.... Pride and idols <span class=\"page-break\" data-page=\"292\"></span> must be laid aside. I saw rich food destroyed the health of the bodies and was ruining the constitution, was destroying the mind, and was a great waste of means.",
    "puborder": 1778,
    "translations": []
  },
  {
    "para_id": "668.2230",
    "id_prev": "668.2227",
    "id_next": "668.2231",
    "refcode_1": "1BIO",
    "refcode_2": "292",
    "refcode_3": "1",
    "refcode_4": "",
    "refcode_short": "1BIO 292.1",
    "refcode_long": "Ellen G. White: The Early Years: 1827-1862 (vol. 1), p. 292.1 (Arthur Lacey White)",
    "element_type": "p",
    "element_subtype": "blockquote-indented",
    "content": "I saw some who were sickly among the saints, made themselves so by indulging the appetite. If we wish good health we must take special care of the health God has given us, deny the unhealthy appetite, eat more coarse food with little grease. Then you can consistently ask God&apos;s blessing upon such food as is congenial with your natures. We must pray as did Solomon for food convenient for us, and act accordingly, and God will bless us.... There are few who eat to the glory of God.&mdash;<span class=\"egwlink egwlink_book\" title=\"Ms 1, 1854\" data-link=\"13961.2867001\">Ibid.</span>",
    "puborder": 1779,
    "translations": []
  }
]