[
  {
    "para_id": "668.2209",
    "id_prev": "668.2208",
    "id_next": "668.2210",
    "refcode_1": "1BIO",
    "refcode_2": "290",
    "refcode_3": "",
    "refcode_4": "171",
    "refcode_short": "1BIO 290",
    "refcode_long": "Ellen G. White: The Early Years: 1827-1862 (vol. 1), p. 290 (Arthur Lacey White)",
    "element_type": "h4",
    "element_subtype": "",
    "content": "Sins Tolerated in the Camp",
    "puborder": 1761,
    "translations": []
  },
  {
    "para_id": "668.2210",
    "id_prev": "668.2209",
    "id_next": "668.2211",
    "refcode_1": "1BIO",
    "refcode_2": "290",
    "refcode_3": "2",
    "refcode_4": "",
    "refcode_short": "1BIO 290.2",
    "refcode_long": "Ellen G. White: The Early Years: 1827-1862 (vol. 1), p. 290.2 (Arthur Lacey White)",
    "element_type": "p",
    "element_subtype": "standard-indented",
    "content": "But in a vision given to Ellen White, which she wrote out while at the Abbey home in Brookfield on Sunday, February 12, she declared:",
    "puborder": 1762,
    "translations": []
  },
  {
    "para_id": "668.2211",
    "id_prev": "668.2210",
    "id_next": "668.2212",
    "refcode_1": "1BIO",
    "refcode_2": "290",
    "refcode_3": "3",
    "refcode_4": "",
    "refcode_short": "1BIO 290.3",
    "refcode_long": "Ellen G. White: The Early Years: 1827-1862 (vol. 1), p. 290.3 (Arthur Lacey White)",
    "element_type": "p",
    "element_subtype": "blockquote-indented",
    "content": "I saw the situation of many in our meeting at Oswego. They were in the way of the work of God.... The ax has not been laid at the root of the tree. Those who have indulged in the wicked passions of the heart have been fellowshipped.... God will not look upon sin now any sooner than He did anciently when Israel sinned. Sins have not been held forth in their sinful character, but have been made to appear as though sins have been lightly regarded by God.",
    "puborder": 1763,
    "translations": []
  },
  {
    "para_id": "668.2212",
    "id_prev": "668.2211",
    "id_next": "668.2213",
    "refcode_1": "1BIO",
    "refcode_2": "290",
    "refcode_3": "4",
    "refcode_4": "",
    "refcode_short": "1BIO 290.4",
    "refcode_long": "Ellen G. White: The Early Years: 1827-1862 (vol. 1), p. 290.4 (Arthur Lacey White)",
    "element_type": "p",
    "element_subtype": "blockquote-indented",
    "content": "I saw the seventh commandment had been broken by some who are now held in fellowship by the church, and in consequence God&apos;s frown is upon the church. This sin is awful in these last days and the church has brought God&apos;s frown and curse upon them in regarding this sin lightly.&mdash;<span class=\"egwlink egwlink_book\" title=\"Ms 1, 1854\" data-link=\"13961.2867001\">Manuscript 1, 1854</span>.",
    "puborder": 1764,
    "translations": []
  },
  {
    "para_id": "668.2213",
    "id_prev": "668.2212",
    "id_next": "668.2214",
    "refcode_1": "1BIO",
    "refcode_2": "290",
    "refcode_3": "5",
    "refcode_4": "",
    "refcode_short": "1BIO 290.5",
    "refcode_long": "Ellen G. White: The Early Years: 1827-1862 (vol. 1), p. 290.5 (Arthur Lacey White)",
    "element_type": "p",
    "element_subtype": "standard-indented",
    "content": "She referred to the far-reaching effects of the toleration of such sins in the church:",
    "puborder": 1765,
    "translations": []
  },
  {
    "para_id": "668.2214",
    "id_prev": "668.2213",
    "id_next": "668.2215",
    "refcode_1": "1BIO",
    "refcode_2": "290",
    "refcode_3": "6",
    "refcode_4": "",
    "refcode_short": "1BIO 290.6",
    "refcode_long": "Ellen G. White: The Early Years: 1827-1862 (vol. 1), p. 290.6 (Arthur Lacey White)",
    "element_type": "p",
    "element_subtype": "blockquote-indented",
    "content": "Said the angel, &ldquo;This is not the sin of ignorance. It is a known sin, and will receive the awful visitation of God, whether committed by old or young.&rdquo; Never was this sin regarded by God to be so sinful as at present, because God is purifying to Himself a peculiar people, zealous of good works.&mdash;<span class=\"egwlink egwlink_book\" title=\"Ms 1, 1854\" data-link=\"13961.2867001\">Ibid.</span>",
    "puborder": 1766,
    "translations": []
  },
  {
    "para_id": "668.2215",
    "id_prev": "668.2214",
    "id_next": "668.2216",
    "refcode_1": "1BIO",
    "refcode_2": "290",
    "refcode_3": "7",
    "refcode_4": "",
    "refcode_short": "1BIO 290.7",
    "refcode_long": "Ellen G. White: The Early Years: 1827-1862 (vol. 1), p. 290.7 (Arthur Lacey White)",
    "element_type": "p",
    "element_subtype": "standard-indented",
    "content": "After writing at length in this vein, she again quoted the words of the angel:",
    "puborder": 1767,
    "translations": []
  },
  {
    "para_id": "668.2216",
    "id_prev": "668.2215",
    "id_next": "668.2218",
    "refcode_1": "1BIO",
    "refcode_2": "290",
    "refcode_3": "8",
    "refcode_4": "",
    "refcode_short": "1BIO 290.8",
    "refcode_long": "Ellen G. White: The Early Years: 1827-1862 (vol. 1), p. 290.8 (Arthur Lacey White)",
    "element_type": "p",
    "element_subtype": "blockquote-indented",
    "content": "Said the angel, &ldquo;Fearful is the work of the third angel, and awful is his mission. He is to select the wheat from the tares, and bind or seal the wheat for the heavenly garner.&rdquo;&mdash;<span class=\"egwlink egwlink_book\" title=\"Ms 1, 1854\" data-link=\"13961.2867001\">Ibid.</span>",
    "puborder": 1768,
    "translations": []
  },
  {
    "para_id": "668.2218",
    "id_prev": "668.2216",
    "id_next": "668.2219",
    "refcode_1": "1BIO",
    "refcode_2": "291",
    "refcode_3": "1",
    "refcode_4": "",
    "refcode_short": "1BIO 291.1",
    "refcode_long": "Ellen G. White: The Early Years: 1827-1862 (vol. 1), p. 291.1 (Arthur Lacey White)",
    "element_type": "p",
    "element_subtype": "standard-indented",
    "content": "Introducing another phase of the vision, she was led to write:",
    "puborder": 1769,
    "translations": []
  },
  {
    "para_id": "668.2219",
    "id_prev": "668.2218",
    "id_next": "668.2220",
    "refcode_1": "1BIO",
    "refcode_2": "291",
    "refcode_3": "",
    "refcode_4": "",
    "refcode_short": "",
    "refcode_long": "",
    "element_type": "p",
    "element_subtype": "blockquote-indented",
    "content": "The next thing shown me was the sins of parents in neglecting their children. I saw they would have an awful account to give.&mdash;<span class=\"egwlink egwlink_book\" title=\"Ms 1, 1854\" data-link=\"13961.2867001\">Ibid.</span>",
    "puborder": 1770,
    "translations": []
  },
  {
    "para_id": "668.2220",
    "id_prev": "668.2219",
    "id_next": "668.2221",
    "refcode_1": "1BIO",
    "refcode_2": "291",
    "refcode_3": "2",
    "refcode_4": "",
    "refcode_short": "1BIO 291.2",
    "refcode_long": "Ellen G. White: The Early Years: 1827-1862 (vol. 1), p. 291.2 (Arthur Lacey White)",
    "element_type": "p",
    "element_subtype": "standard-indented",
    "content": "She then discussed the discipline that should be begun at &ldquo;8, 9, or 10 months&rdquo; and wrote of the lack of discipline that allowed children to treat the house of God with disrespect by their unrestrained conduct.",
    "puborder": 1771,
    "translations": []
  }
]