[
  {
    "para_id": "668.3736",
    "id_prev": "668.3735",
    "id_next": "668.3737",
    "refcode_1": "1BIO",
    "refcode_2": "471",
    "refcode_3": "",
    "refcode_4": "261",
    "refcode_short": "1BIO 471",
    "refcode_long": "Ellen G. White: The Early Years: 1827-1862 (vol. 1), p. 471 (Arthur Lacey White)",
    "element_type": "h4",
    "element_subtype": "",
    "content": "A Second Vision of Civil War Involvement",
    "puborder": 3009,
    "translations": []
  },
  {
    "para_id": "668.3737",
    "id_prev": "668.3736",
    "id_next": "668.3738",
    "refcode_1": "1BIO",
    "refcode_2": "471",
    "refcode_3": "3",
    "refcode_4": "",
    "refcode_short": "1BIO 471.3",
    "refcode_long": "Ellen G. White: The Early Years: 1827-1862 (vol. 1), p. 471.3 (Arthur Lacey White)",
    "element_type": "p",
    "element_subtype": "standard-indented",
    "content": "At Roosevelt, New York, on the weekend of August 3 and 4, James White, spoke on sanctification. He wrote of the meetings as a refreshing season. It was on this occasion, as noted earlier, that a very comprehensive vision was given to Ellen White. Willie White was with his parents on this trip, and witnessed such an experience for the first time. He spoke of it in an address on visions to a group in Takoma Park in 1905.",
    "puborder": 3010,
    "translations": []
  },
  {
    "para_id": "668.3738",
    "id_prev": "668.3737",
    "id_next": "668.3739",
    "refcode_1": "1BIO",
    "refcode_2": "471",
    "refcode_3": "4",
    "refcode_4": "",
    "refcode_short": "1BIO 471.4",
    "refcode_long": "Ellen G. White: The Early Years: 1827-1862 (vol. 1), p. 471.4 (Arthur Lacey White)",
    "element_type": "p",
    "element_subtype": "blockquote-indented",
    "content": "The first one I witnessed as a little boy in the meetinghouse at Roosevelt, New York. Father had given a short talk. Mother had given a short talk. Father prayed, Mother prayed, and as she was praying, I heard that shout, &ldquo;Glory.&rdquo; There is nothing like it&mdash;that musical, deep shout of &ldquo;Glory.&rdquo; She fell backward. My father put his arm under her.",
    "puborder": 3011,
    "translations": []
  },
  {
    "para_id": "668.3739",
    "id_prev": "668.3738",
    "id_next": "668.3740",
    "refcode_1": "1BIO",
    "refcode_2": "471",
    "refcode_3": "5",
    "refcode_4": "",
    "refcode_short": "1BIO 471.5",
    "refcode_long": "Ellen G. White: The Early Years: 1827-1862 (vol. 1), p. 471.5 (Arthur Lacey White)",
    "element_type": "p",
    "element_subtype": "blockquote-indented",
    "content": "In a little while her strength came to her. She stood up in an attitude of one seeing wonderful things in the distance, her face illuminated, sometimes bright and joyous. She would speak with that musical voice, making short comments upon what she saw. Then as she saw darkness in the world, there were sad expressions as she spoke of what she saw.",
    "puborder": 3012,
    "translations": []
  },
  {
    "para_id": "668.3740",
    "id_prev": "668.3739",
    "id_next": "668.3743",
    "refcode_1": "1BIO",
    "refcode_2": "471",
    "refcode_3": "6",
    "refcode_4": "",
    "refcode_short": "1BIO 471.6",
    "refcode_long": "Ellen G. White: The Early Years: 1827-1862 (vol. 1), p. 471.6 (Arthur Lacey White)",
    "element_type": "p",
    "element_subtype": "blockquote-indented",
    "content": "This continued ten or fifteen minutes. Then she caught her breath, and breathed several times deeply, and then, after a little season of rest, probably five or ten minutes, during which time Father spoke to the people, she arose, and related to the <span class=\"page-break\" data-page=\"472\"></span> congregation some of the things that had been presented to her.&mdash;DF 105b, &ldquo;The Visions of Ellen White.&rdquo;",
    "puborder": 3013,
    "translations": []
  },
  {
    "para_id": "668.3743",
    "id_prev": "668.3740",
    "id_next": "668.3744",
    "refcode_1": "1BIO",
    "refcode_2": "472",
    "refcode_3": "1",
    "refcode_4": "",
    "refcode_short": "1BIO 472.1",
    "refcode_long": "Ellen G. White: The Early Years: 1827-1862 (vol. 1), p. 472.1 (Arthur Lacey White)",
    "element_type": "p",
    "element_subtype": "standard-indented",
    "content": "Of this vision she wrote:",
    "puborder": 3014,
    "translations": []
  },
  {
    "para_id": "668.3744",
    "id_prev": "668.3743",
    "id_next": "668.3745",
    "refcode_1": "1BIO",
    "refcode_2": "472",
    "refcode_3": "",
    "refcode_4": "",
    "refcode_short": "",
    "refcode_long": "",
    "element_type": "p",
    "element_subtype": "blockquote-indented",
    "content": "At the conference at Roosevelt, New York, August 3, 1861 ... I was taken off in vision and shown the sin of slavery, which has so long been a curse to this nation.... The North and the South were presented before me.&mdash;<span class=\"egwlink egwlink_book\" title=\"1T 264.2\" data-link=\"116.1298\">Testimonies for the Church, 1:264-266</span>.",
    "puborder": 3015,
    "translations": []
  },
  {
    "para_id": "668.3745",
    "id_prev": "668.3744",
    "id_next": "668.3746",
    "refcode_1": "1BIO",
    "refcode_2": "472",
    "refcode_3": "2",
    "refcode_4": "",
    "refcode_short": "1BIO 472.2",
    "refcode_long": "Ellen G. White: The Early Years: 1827-1862 (vol. 1), p. 472.2 (Arthur Lacey White)",
    "element_type": "p",
    "element_subtype": "standard-indented",
    "content": "She seemed to be taken to the very scenes of the war and witnessed the disastrous and disheartening battle of Manassas.",
    "puborder": 3016,
    "translations": []
  },
  {
    "para_id": "668.3746",
    "id_prev": "668.3745",
    "id_next": "668.3747",
    "refcode_1": "1BIO",
    "refcode_2": "472",
    "refcode_3": "3",
    "refcode_4": "",
    "refcode_short": "1BIO 472.3",
    "refcode_long": "Ellen G. White: The Early Years: 1827-1862 (vol. 1), p. 472.3 (Arthur Lacey White)",
    "element_type": "p",
    "element_subtype": "standard-indented",
    "content": "The war fever was to worsen until it became a serious, disruptive element distracting the work of the church in the years 1862 to the early part of 1865.",
    "puborder": 3017,
    "translations": []
  },
  {
    "para_id": "668.3747",
    "id_prev": "668.3746",
    "id_next": "668.3748",
    "refcode_1": "1BIO",
    "refcode_2": "472",
    "refcode_3": "4",
    "refcode_4": "",
    "refcode_short": "1BIO 472.4",
    "refcode_long": "Ellen G. White: The Early Years: 1827-1862 (vol. 1), p. 472.4 (Arthur Lacey White)",
    "element_type": "p",
    "element_subtype": "standard-indented",
    "content": "Of other features of the vision at Roosevelt, Ellen White later wrote &ldquo;Different churches and families were presented before me.&rdquo;&mdash;<span class=\"egwlink egwlink_book\" title=\"1T 326.1\" data-link=\"116.1571\">Ibid., 1:326</span>. The broad diversification of subject matter and the grave import of what was shown to her is revealed by such article titles in volume 1 of the <em>Testimonies</em> between pages 264 and 302 as &ldquo;Perilous Times,&rdquo; &ldquo;Organization,&rdquo; and &ldquo;Duty to the Poor.&rdquo;",
    "puborder": 3018,
    "translations": []
  },
  {
    "para_id": "668.3748",
    "id_prev": "668.3747",
    "id_next": "668.3749",
    "refcode_1": "1BIO",
    "refcode_2": "472",
    "refcode_3": "5",
    "refcode_4": "",
    "refcode_short": "1BIO 472.5",
    "refcode_long": "Ellen G. White: The Early Years: 1827-1862 (vol. 1), p. 472.5 (Arthur Lacey White)",
    "element_type": "p",
    "element_subtype": "standard-indented",
    "content": "The eastern tour, of which the weekend at Roosevelt was a part, terminated September 17 (<span class=\"egwlink egwlink_book\" title=\"ARSH 9-24-1861\" data-link=\"1690.313\">The Review and Herald, September 24, 1861</span>). This was followed by the conference held in Battle Creek in early October.",
    "puborder": 3019,
    "translations": []
  }
]