[
  {
    "para_id": "11144.14094",
    "id_prev": "11144.14093",
    "id_next": "11144.14096",
    "refcode_1": "YLT",
    "refcode_2": "Judges",
    "refcode_3": "15",
    "refcode_4": "0",
    "refcode_short": "YLT — Judges 15",
    "refcode_long": "Young’s Literal Translation — Judges 15",
    "element_type": "h3",
    "element_subtype": "chapter",
    "content": "Judges 15",
    "puborder": 7164,
    "translations": [
      {
        "para_id": "14207.14094",
        "lang": "bg",
        "refcode": "ББ1940 — Съдии 15"
      },
      {
        "para_id": "11258.14028",
        "lang": "cs",
        "refcode": "CzeCEP — Soudců 15"
      },
      {
        "para_id": "1967.14094",
        "lang": "de",
        "refcode": "Lut — Richter 15"
      },
      {
        "para_id": "14330.14094",
        "lang": "en",
        "refcode": "ERV — Judges 15"
      },
      {
        "para_id": "14336.14094",
        "lang": "en",
        "refcode": "RV1885 — Judges 15"
      },
      {
        "para_id": "14341.14094",
        "lang": "en",
        "refcode": "NET — Judges 15"
      },
      {
        "para_id": "11139.14094",
        "lang": "en",
        "refcode": "ASV — Judges 15"
      },
      {
        "para_id": "14420.14094",
        "lang": "en",
        "refcode": "NCV — Judges 15"
      },
      {
        "para_id": "14333.14094",
        "lang": "en",
        "refcode": "ISV — Judges 15"
      },
      {
        "para_id": "14334.14094",
        "lang": "en",
        "refcode": "NKJV — Judges 15"
      },
      {
        "para_id": "11142.14094",
        "lang": "en",
        "refcode": "WEB — Judges 15"
      },
      {
        "para_id": "14125.14094",
        "lang": "en",
        "refcode": "KJRV — Judges 15"
      },
      {
        "para_id": "11145.14094",
        "lang": "en",
        "refcode": "AKJV — Judges 15"
      },
      {
        "para_id": "11143.14094",
        "lang": "en",
        "refcode": "WBS — Judges 15"
      },
      {
        "para_id": "14340.14094",
        "lang": "en",
        "refcode": "NIV — Judges 15"
      },
      {
        "para_id": "14175.14094",
        "lang": "en",
        "refcode": "KJVSD — Judges 15"
      },
      {
        "para_id": "11140.14096",
        "lang": "en",
        "refcode": "DBY — Judges 15"
      },
      {
        "para_id": "14736.14094",
        "lang": "en",
        "refcode": "NHEB — Judges 15"
      },
      {
        "para_id": "1965.14094",
        "lang": "en",
        "refcode": "KJV — Judges 15"
      },
      {
        "para_id": "14419.14094",
        "lang": "en",
        "refcode": "ICB — Judges 15"
      },
      {
        "para_id": "14421.14094",
        "lang": "es",
        "refcode": "NBLA — Jueces 15"
      },
      {
        "para_id": "1968.14102",
        "lang": "es",
        "refcode": "RVa — Jueces 15"
      },
      {
        "para_id": "14422.14096",
        "lang": "es",
        "refcode": "RVR — Jueces 15"
      },
      {
        "para_id": "2021.14094",
        "lang": "fr",
        "refcode": "Fren — Juges 15"
      },
      {
        "para_id": "1966.14094",
        "lang": "it",
        "refcode": "LND — Giudici 15"
      },
      {
        "para_id": "1970.14094",
        "lang": "pl",
        "refcode": "PB — Sędziów 15"
      },
      {
        "para_id": "1971.14096",
        "lang": "pt",
        "refcode": "PCF — Juízes 15"
      },
      {
        "para_id": "1973.14094",
        "lang": "ro",
        "refcode": "NTR — Judecători 15"
      },
      {
        "para_id": "11165.14094",
        "lang": "ro",
        "refcode": "RCCV — Judecători 15"
      },
      {
        "para_id": "1972.14100",
        "lang": "ru",
        "refcode": "РСП — Судей 15"
      },
      {
        "para_id": "14191.14094",
        "lang": "tpi",
        "refcode": "BBTP — Hetman 15"
      },
      {
        "para_id": "12318.14094",
        "lang": "uk",
        "refcode": "УПО — Суддів 15"
      },
      {
        "para_id": "1969.14094",
        "lang": "zh",
        "refcode": "CHIUS — 士師記 15"
      }
    ]
  },
  {
    "para_id": "11144.14096",
    "id_prev": "11144.14094",
    "id_next": "11144.14098",
    "refcode_1": "YLT",
    "refcode_2": "Judges",
    "refcode_3": "15",
    "refcode_4": "1",
    "refcode_short": "YLT — Judges 15:1",
    "refcode_long": "Young’s Literal Translation — Judges 15:1",
    "element_type": "p",
    "element_subtype": "standard-noindent",
    "content": "<strong>1</strong> And it cometh to pass, after [some] days, in the days of wheat-harvest, that Samson looketh after his wife, with a kid of the goats, and saith, &lsquo;I go in unto my wife, to the inner chamber;&rsquo; and her father hath not permitted him to go in,",
    "puborder": 7165,
    "translations": [
      {
        "para_id": "14207.14096",
        "lang": "bg",
        "refcode": "ББ1940 — Съдии 15:1"
      },
      {
        "para_id": "11258.14030",
        "lang": "cs",
        "refcode": "CzeCEP — Soudců 15:1"
      },
      {
        "para_id": "1967.14096",
        "lang": "de",
        "refcode": "Lut — Richter 15:1"
      },
      {
        "para_id": "11143.14096",
        "lang": "en",
        "refcode": "WBS — Judges 15:1"
      },
      {
        "para_id": "14419.14096",
        "lang": "en",
        "refcode": "ICB — Judges 15:1"
      },
      {
        "para_id": "14420.14096",
        "lang": "en",
        "refcode": "NCV — Judges 15:1"
      },
      {
        "para_id": "11142.14096",
        "lang": "en",
        "refcode": "WEB — Judges 15:1"
      },
      {
        "para_id": "11145.14096",
        "lang": "en",
        "refcode": "AKJV — Judges 15:1"
      },
      {
        "para_id": "14125.14096",
        "lang": "en",
        "refcode": "KJRV — Judges 15:1"
      },
      {
        "para_id": "14334.14096",
        "lang": "en",
        "refcode": "NKJV — Judges 15:1"
      },
      {
        "para_id": "14330.14096",
        "lang": "en",
        "refcode": "ERV — Judges 15:1"
      },
      {
        "para_id": "1965.14096",
        "lang": "en",
        "refcode": "KJV — Judges 15:1"
      },
      {
        "para_id": "11139.14096",
        "lang": "en",
        "refcode": "ASV — Judges 15:1"
      },
      {
        "para_id": "14333.14096",
        "lang": "en",
        "refcode": "ISV — Judges 15:1"
      },
      {
        "para_id": "14175.14096",
        "lang": "en",
        "refcode": "KJVSD — Judges 15:1"
      },
      {
        "para_id": "14336.14096",
        "lang": "en",
        "refcode": "RV1885 — Judges 15:1"
      },
      {
        "para_id": "14341.14096",
        "lang": "en",
        "refcode": "NET — Judges 15:1"
      },
      {
        "para_id": "14736.14096",
        "lang": "en",
        "refcode": "NHEB — Judges 15:1"
      },
      {
        "para_id": "11140.14098",
        "lang": "en",
        "refcode": "DBY — Judges 15:1"
      },
      {
        "para_id": "14340.14096",
        "lang": "en",
        "refcode": "NIV — Judges 15:1"
      },
      {
        "para_id": "1968.14104",
        "lang": "es",
        "refcode": "RVa — Jueces 15:1"
      },
      {
        "para_id": "14422.14098",
        "lang": "es",
        "refcode": "RVR — Jueces 15:1"
      },
      {
        "para_id": "14421.14096",
        "lang": "es",
        "refcode": "NBLA — Jueces 15:1"
      },
      {
        "para_id": "2021.14096",
        "lang": "fr",
        "refcode": "Fren — Juges 15:1"
      },
      {
        "para_id": "1966.14096",
        "lang": "it",
        "refcode": "LND — Giudici 15:1"
      },
      {
        "para_id": "1970.14096",
        "lang": "pl",
        "refcode": "PB — Sędziów 15:1"
      },
      {
        "para_id": "1971.14098",
        "lang": "pt",
        "refcode": "PCF — Juízes 15:1"
      },
      {
        "para_id": "1973.14096",
        "lang": "ro",
        "refcode": "NTR — Judecători 15:1"
      },
      {
        "para_id": "11165.14096",
        "lang": "ro",
        "refcode": "RCCV — Judecători 15:1"
      },
      {
        "para_id": "1972.14102",
        "lang": "ru",
        "refcode": "РСП — Судей 15:1"
      },
      {
        "para_id": "14191.14096",
        "lang": "tpi",
        "refcode": "BBTP — Hetman 15:1"
      },
      {
        "para_id": "12318.14096",
        "lang": "uk",
        "refcode": "УПО — Суддів 15:1"
      },
      {
        "para_id": "1969.14096",
        "lang": "zh",
        "refcode": "CHIUS — 士師記 15:1"
      }
    ]
  },
  {
    "para_id": "11144.14098",
    "id_prev": "11144.14096",
    "id_next": "11144.14100",
    "refcode_1": "YLT",
    "refcode_2": "Judges",
    "refcode_3": "15",
    "refcode_4": "2",
    "refcode_short": "YLT — Judges 15:2",
    "refcode_long": "Young’s Literal Translation — Judges 15:2",
    "element_type": "p",
    "element_subtype": "standard-noindent",
    "content": "<strong>2</strong> and her father saith, I certainly said, that thou didst certainly hate her, and I give her to thy companion; is not her sister &mdash; the young one &mdash; better than she? Let her be, I pray thee, to thee, instead of her.&rsquo;",
    "puborder": 7166,
    "translations": [
      {
        "para_id": "14207.14098",
        "lang": "bg",
        "refcode": "ББ1940 — Съдии 15:2"
      },
      {
        "para_id": "11258.14032",
        "lang": "cs",
        "refcode": "CzeCEP — Soudců 15:2"
      },
      {
        "para_id": "1967.14098",
        "lang": "de",
        "refcode": "Lut — Richter 15:2"
      },
      {
        "para_id": "11140.14100",
        "lang": "en",
        "refcode": "DBY — Judges 15:2"
      },
      {
        "para_id": "11142.14098",
        "lang": "en",
        "refcode": "WEB — Judges 15:2"
      },
      {
        "para_id": "14341.14098",
        "lang": "en",
        "refcode": "NET — Judges 15:2"
      },
      {
        "para_id": "14175.14098",
        "lang": "en",
        "refcode": "KJVSD — Judges 15:2"
      },
      {
        "para_id": "14419.14098",
        "lang": "en",
        "refcode": "ICB — Judges 15:2"
      },
      {
        "para_id": "14336.14098",
        "lang": "en",
        "refcode": "RV1885 — Judges 15:2"
      },
      {
        "para_id": "14340.14098",
        "lang": "en",
        "refcode": "NIV — Judges 15:2"
      },
      {
        "para_id": "11145.14098",
        "lang": "en",
        "refcode": "AKJV — Judges 15:2"
      },
      {
        "para_id": "14125.14098",
        "lang": "en",
        "refcode": "KJRV — Judges 15:2"
      },
      {
        "para_id": "14736.14098",
        "lang": "en",
        "refcode": "NHEB — Judges 15:2"
      },
      {
        "para_id": "1965.14098",
        "lang": "en",
        "refcode": "KJV — Judges 15:2"
      },
      {
        "para_id": "14333.14098",
        "lang": "en",
        "refcode": "ISV — Judges 15:2"
      },
      {
        "para_id": "14330.14098",
        "lang": "en",
        "refcode": "ERV — Judges 15:2"
      },
      {
        "para_id": "14334.14098",
        "lang": "en",
        "refcode": "NKJV — Judges 15:2"
      },
      {
        "para_id": "11139.14098",
        "lang": "en",
        "refcode": "ASV — Judges 15:2"
      },
      {
        "para_id": "14420.14098",
        "lang": "en",
        "refcode": "NCV — Judges 15:2"
      },
      {
        "para_id": "11143.14098",
        "lang": "en",
        "refcode": "WBS — Judges 15:2"
      },
      {
        "para_id": "1968.14106",
        "lang": "es",
        "refcode": "RVa — Jueces 15:2"
      },
      {
        "para_id": "14421.14098",
        "lang": "es",
        "refcode": "NBLA — Jueces 15:2"
      },
      {
        "para_id": "14422.14100",
        "lang": "es",
        "refcode": "RVR — Jueces 15:2"
      },
      {
        "para_id": "2021.14098",
        "lang": "fr",
        "refcode": "Fren — Juges 15:2"
      },
      {
        "para_id": "1966.14098",
        "lang": "it",
        "refcode": "LND — Giudici 15:2"
      },
      {
        "para_id": "1970.14098",
        "lang": "pl",
        "refcode": "PB — Sędziów 15:2"
      },
      {
        "para_id": "1971.14100",
        "lang": "pt",
        "refcode": "PCF — Juízes 15:2"
      },
      {
        "para_id": "1973.14098",
        "lang": "ro",
        "refcode": "NTR — Judecători 15:2"
      },
      {
        "para_id": "11165.14098",
        "lang": "ro",
        "refcode": "RCCV — Judecători 15:2"
      },
      {
        "para_id": "1972.14104",
        "lang": "ru",
        "refcode": "РСП — Судей 15:2"
      },
      {
        "para_id": "14191.14098",
        "lang": "tpi",
        "refcode": "BBTP — Hetman 15:2"
      },
      {
        "para_id": "12318.14098",
        "lang": "uk",
        "refcode": "УПО — Суддів 15:2"
      },
      {
        "para_id": "1969.14098",
        "lang": "zh",
        "refcode": "CHIUS — 士師記 15:2"
      }
    ]
  },
  {
    "para_id": "11144.14100",
    "id_prev": "11144.14098",
    "id_next": "11144.14102",
    "refcode_1": "YLT",
    "refcode_2": "Judges",
    "refcode_3": "15",
    "refcode_4": "3",
    "refcode_short": "YLT — Judges 15:3",
    "refcode_long": "Young’s Literal Translation — Judges 15:3",
    "element_type": "p",
    "element_subtype": "standard-noindent",
    "content": "<strong>3</strong> And Samson saith of them, &lsquo;I am more innocent this time than the Philistines, though I am doing with them evil.&rsquo;",
    "puborder": 7167,
    "translations": [
      {
        "para_id": "14207.14100",
        "lang": "bg",
        "refcode": "ББ1940 — Съдии 15:3"
      },
      {
        "para_id": "11258.14034",
        "lang": "cs",
        "refcode": "CzeCEP — Soudců 15:3"
      },
      {
        "para_id": "1967.14100",
        "lang": "de",
        "refcode": "Lut — Richter 15:3"
      },
      {
        "para_id": "14333.14100",
        "lang": "en",
        "refcode": "ISV — Judges 15:3"
      },
      {
        "para_id": "11142.14100",
        "lang": "en",
        "refcode": "WEB — Judges 15:3"
      },
      {
        "para_id": "11139.14100",
        "lang": "en",
        "refcode": "ASV — Judges 15:3"
      },
      {
        "para_id": "14336.14100",
        "lang": "en",
        "refcode": "RV1885 — Judges 15:3"
      },
      {
        "para_id": "11143.14100",
        "lang": "en",
        "refcode": "WBS — Judges 15:3"
      },
      {
        "para_id": "14420.14100",
        "lang": "en",
        "refcode": "NCV — Judges 15:3"
      },
      {
        "para_id": "14334.14100",
        "lang": "en",
        "refcode": "NKJV — Judges 15:3"
      },
      {
        "para_id": "14341.14100",
        "lang": "en",
        "refcode": "NET — Judges 15:3"
      },
      {
        "para_id": "14175.14100",
        "lang": "en",
        "refcode": "KJVSD — Judges 15:3"
      },
      {
        "para_id": "14330.14100",
        "lang": "en",
        "refcode": "ERV — Judges 15:3"
      },
      {
        "para_id": "14340.14100",
        "lang": "en",
        "refcode": "NIV — Judges 15:3"
      },
      {
        "para_id": "1965.14100",
        "lang": "en",
        "refcode": "KJV — Judges 15:3"
      },
      {
        "para_id": "14736.14100",
        "lang": "en",
        "refcode": "NHEB — Judges 15:3"
      },
      {
        "para_id": "11140.14102",
        "lang": "en",
        "refcode": "DBY — Judges 15:3"
      },
      {
        "para_id": "11145.14100",
        "lang": "en",
        "refcode": "AKJV — Judges 15:3"
      },
      {
        "para_id": "14125.14100",
        "lang": "en",
        "refcode": "KJRV — Judges 15:3"
      },
      {
        "para_id": "14419.14100",
        "lang": "en",
        "refcode": "ICB — Judges 15:3"
      },
      {
        "para_id": "1968.14108",
        "lang": "es",
        "refcode": "RVa — Jueces 15:3"
      },
      {
        "para_id": "14422.14102",
        "lang": "es",
        "refcode": "RVR — Jueces 15:3"
      },
      {
        "para_id": "14421.14100",
        "lang": "es",
        "refcode": "NBLA — Jueces 15:3"
      },
      {
        "para_id": "2021.14100",
        "lang": "fr",
        "refcode": "Fren — Juges 15:3"
      },
      {
        "para_id": "1966.14100",
        "lang": "it",
        "refcode": "LND — Giudici 15:3"
      },
      {
        "para_id": "1970.14100",
        "lang": "pl",
        "refcode": "PB — Sędziów 15:3"
      },
      {
        "para_id": "1971.14102",
        "lang": "pt",
        "refcode": "PCF — Juízes 15:3"
      },
      {
        "para_id": "11165.14100",
        "lang": "ro",
        "refcode": "RCCV — Judecători 15:3"
      },
      {
        "para_id": "1973.14100",
        "lang": "ro",
        "refcode": "NTR — Judecători 15:3"
      },
      {
        "para_id": "1972.14106",
        "lang": "ru",
        "refcode": "РСП — Судей 15:3"
      },
      {
        "para_id": "14191.14100",
        "lang": "tpi",
        "refcode": "BBTP — Hetman 15:3"
      },
      {
        "para_id": "12318.14100",
        "lang": "uk",
        "refcode": "УПО — Суддів 15:3"
      },
      {
        "para_id": "1969.14100",
        "lang": "zh",
        "refcode": "CHIUS — 士師記 15:3"
      }
    ]
  },
  {
    "para_id": "11144.14102",
    "id_prev": "11144.14100",
    "id_next": "11144.14104",
    "refcode_1": "YLT",
    "refcode_2": "Judges",
    "refcode_3": "15",
    "refcode_4": "4",
    "refcode_short": "YLT — Judges 15:4",
    "refcode_long": "Young’s Literal Translation — Judges 15:4",
    "element_type": "p",
    "element_subtype": "standard-noindent",
    "content": "<strong>4</strong> And Samson goeth and catcheth three hundred foxes, and taketh torches, and turneth tail unto tail, and putteth a torch between the two tails, in the midst,",
    "puborder": 7168,
    "translations": [
      {
        "para_id": "14207.14102",
        "lang": "bg",
        "refcode": "ББ1940 — Съдии 15:4"
      },
      {
        "para_id": "11258.14036",
        "lang": "cs",
        "refcode": "CzeCEP — Soudců 15:4"
      },
      {
        "para_id": "1967.14102",
        "lang": "de",
        "refcode": "Lut — Richter 15:4"
      },
      {
        "para_id": "14340.14102",
        "lang": "en",
        "refcode": "NIV — Judges 15:4"
      },
      {
        "para_id": "14341.14102",
        "lang": "en",
        "refcode": "NET — Judges 15:4"
      },
      {
        "para_id": "14330.14102",
        "lang": "en",
        "refcode": "ERV — Judges 15:4"
      },
      {
        "para_id": "14419.14102",
        "lang": "en",
        "refcode": "ICB — Judges 15:4"
      },
      {
        "para_id": "11143.14102",
        "lang": "en",
        "refcode": "WBS — Judges 15:4"
      },
      {
        "para_id": "11139.14102",
        "lang": "en",
        "refcode": "ASV — Judges 15:4"
      },
      {
        "para_id": "11142.14102",
        "lang": "en",
        "refcode": "WEB — Judges 15:4"
      },
      {
        "para_id": "11145.14102",
        "lang": "en",
        "refcode": "AKJV — Judges 15:4"
      },
      {
        "para_id": "14420.14102",
        "lang": "en",
        "refcode": "NCV — Judges 15:4"
      },
      {
        "para_id": "14175.14102",
        "lang": "en",
        "refcode": "KJVSD — Judges 15:4"
      },
      {
        "para_id": "14736.14102",
        "lang": "en",
        "refcode": "NHEB — Judges 15:4"
      },
      {
        "para_id": "1965.14102",
        "lang": "en",
        "refcode": "KJV — Judges 15:4"
      },
      {
        "para_id": "11140.14104",
        "lang": "en",
        "refcode": "DBY — Judges 15:4"
      },
      {
        "para_id": "14336.14102",
        "lang": "en",
        "refcode": "RV1885 — Judges 15:4"
      },
      {
        "para_id": "14334.14102",
        "lang": "en",
        "refcode": "NKJV — Judges 15:4"
      },
      {
        "para_id": "14333.14102",
        "lang": "en",
        "refcode": "ISV — Judges 15:4"
      },
      {
        "para_id": "14125.14102",
        "lang": "en",
        "refcode": "KJRV — Judges 15:4"
      },
      {
        "para_id": "14422.14104",
        "lang": "es",
        "refcode": "RVR — Jueces 15:4"
      },
      {
        "para_id": "1968.14110",
        "lang": "es",
        "refcode": "RVa — Jueces 15:4"
      },
      {
        "para_id": "14421.14102",
        "lang": "es",
        "refcode": "NBLA — Jueces 15:4"
      },
      {
        "para_id": "2021.14102",
        "lang": "fr",
        "refcode": "Fren — Juges 15:4"
      },
      {
        "para_id": "1966.14102",
        "lang": "it",
        "refcode": "LND — Giudici 15:4"
      },
      {
        "para_id": "1970.14102",
        "lang": "pl",
        "refcode": "PB — Sędziów 15:4"
      },
      {
        "para_id": "1971.14104",
        "lang": "pt",
        "refcode": "PCF — Juízes 15:4"
      },
      {
        "para_id": "11165.14102",
        "lang": "ro",
        "refcode": "RCCV — Judecători 15:4"
      },
      {
        "para_id": "1973.14102",
        "lang": "ro",
        "refcode": "NTR — Judecători 15:4"
      },
      {
        "para_id": "1972.14108",
        "lang": "ru",
        "refcode": "РСП — Судей 15:4"
      },
      {
        "para_id": "14191.14102",
        "lang": "tpi",
        "refcode": "BBTP — Hetman 15:4"
      },
      {
        "para_id": "12318.14102",
        "lang": "uk",
        "refcode": "УПО — Суддів 15:4"
      },
      {
        "para_id": "1969.14102",
        "lang": "zh",
        "refcode": "CHIUS — 士師記 15:4"
      }
    ]
  },
  {
    "para_id": "11144.14104",
    "id_prev": "11144.14102",
    "id_next": "11144.14106",
    "refcode_1": "YLT",
    "refcode_2": "Judges",
    "refcode_3": "15",
    "refcode_4": "5",
    "refcode_short": "YLT — Judges 15:5",
    "refcode_long": "Young’s Literal Translation — Judges 15:5",
    "element_type": "p",
    "element_subtype": "standard-noindent",
    "content": "<strong>5</strong> and kindleth fire in the torches, and sendeth [them] out into the standing corn of the Philistines, and burneth [it] from heap even unto standing corn, even unto vineyard &mdash; olive-yard.",
    "puborder": 7169,
    "translations": [
      {
        "para_id": "14207.14104",
        "lang": "bg",
        "refcode": "ББ1940 — Съдии 15:5"
      },
      {
        "para_id": "11258.14038",
        "lang": "cs",
        "refcode": "CzeCEP — Soudců 15:5"
      },
      {
        "para_id": "1967.14104",
        "lang": "de",
        "refcode": "Lut — Richter 15:5"
      },
      {
        "para_id": "14420.14104",
        "lang": "en",
        "refcode": "NCV — Judges 15:5"
      },
      {
        "para_id": "11140.14106",
        "lang": "en",
        "refcode": "DBY — Judges 15:5"
      },
      {
        "para_id": "14419.14104",
        "lang": "en",
        "refcode": "ICB — Judges 15:5"
      },
      {
        "para_id": "14340.14104",
        "lang": "en",
        "refcode": "NIV — Judges 15:5"
      },
      {
        "para_id": "14125.14104",
        "lang": "en",
        "refcode": "KJRV — Judges 15:5"
      },
      {
        "para_id": "11145.14104",
        "lang": "en",
        "refcode": "AKJV — Judges 15:5"
      },
      {
        "para_id": "14336.14104",
        "lang": "en",
        "refcode": "RV1885 — Judges 15:5"
      },
      {
        "para_id": "14334.14104",
        "lang": "en",
        "refcode": "NKJV — Judges 15:5"
      },
      {
        "para_id": "11142.14104",
        "lang": "en",
        "refcode": "WEB — Judges 15:5"
      },
      {
        "para_id": "14736.14104",
        "lang": "en",
        "refcode": "NHEB — Judges 15:5"
      },
      {
        "para_id": "14175.14104",
        "lang": "en",
        "refcode": "KJVSD — Judges 15:5"
      },
      {
        "para_id": "14341.14104",
        "lang": "en",
        "refcode": "NET — Judges 15:5"
      },
      {
        "para_id": "14330.14104",
        "lang": "en",
        "refcode": "ERV — Judges 15:5"
      },
      {
        "para_id": "11139.14104",
        "lang": "en",
        "refcode": "ASV — Judges 15:5"
      },
      {
        "para_id": "11143.14104",
        "lang": "en",
        "refcode": "WBS — Judges 15:5"
      },
      {
        "para_id": "1965.14104",
        "lang": "en",
        "refcode": "KJV — Judges 15:5"
      },
      {
        "para_id": "14333.14104",
        "lang": "en",
        "refcode": "ISV — Judges 15:5"
      },
      {
        "para_id": "14422.14106",
        "lang": "es",
        "refcode": "RVR — Jueces 15:5"
      },
      {
        "para_id": "14421.14104",
        "lang": "es",
        "refcode": "NBLA — Jueces 15:5"
      },
      {
        "para_id": "1968.14112",
        "lang": "es",
        "refcode": "RVa — Jueces 15:5"
      },
      {
        "para_id": "2021.14104",
        "lang": "fr",
        "refcode": "Fren — Juges 15:5"
      },
      {
        "para_id": "1966.14104",
        "lang": "it",
        "refcode": "LND — Giudici 15:5"
      },
      {
        "para_id": "1970.14104",
        "lang": "pl",
        "refcode": "PB — Sędziów 15:5"
      },
      {
        "para_id": "1971.14106",
        "lang": "pt",
        "refcode": "PCF — Juízes 15:5"
      },
      {
        "para_id": "11165.14104",
        "lang": "ro",
        "refcode": "RCCV — Judecători 15:5"
      },
      {
        "para_id": "1973.14104",
        "lang": "ro",
        "refcode": "NTR — Judecători 15:5"
      },
      {
        "para_id": "1972.14110",
        "lang": "ru",
        "refcode": "РСП — Судей 15:5"
      },
      {
        "para_id": "14191.14104",
        "lang": "tpi",
        "refcode": "BBTP — Hetman 15:5"
      },
      {
        "para_id": "12318.14104",
        "lang": "uk",
        "refcode": "УПО — Суддів 15:5"
      },
      {
        "para_id": "1969.14104",
        "lang": "zh",
        "refcode": "CHIUS — 士師記 15:5"
      }
    ]
  },
  {
    "para_id": "11144.14106",
    "id_prev": "11144.14104",
    "id_next": "11144.14108",
    "refcode_1": "YLT",
    "refcode_2": "Judges",
    "refcode_3": "15",
    "refcode_4": "6",
    "refcode_short": "YLT — Judges 15:6",
    "refcode_long": "Young’s Literal Translation — Judges 15:6",
    "element_type": "p",
    "element_subtype": "standard-noindent",
    "content": "<strong>6</strong> And the Philistines say, &lsquo;Who hath done this?&rsquo; And they say, &lsquo;Samson, son-in-law of the Timnite, because he hath taken away his wife, and giveth her to his companion;&rsquo; and the Philistines go up, and burn her and her father with fire.",
    "puborder": 7170,
    "translations": [
      {
        "para_id": "14207.14106",
        "lang": "bg",
        "refcode": "ББ1940 — Съдии 15:6"
      },
      {
        "para_id": "11258.14040",
        "lang": "cs",
        "refcode": "CzeCEP — Soudců 15:6"
      },
      {
        "para_id": "1967.14106",
        "lang": "de",
        "refcode": "Lut — Richter 15:6"
      },
      {
        "para_id": "11142.14106",
        "lang": "en",
        "refcode": "WEB — Judges 15:6"
      },
      {
        "para_id": "11140.14108",
        "lang": "en",
        "refcode": "DBY — Judges 15:6"
      },
      {
        "para_id": "14336.14106",
        "lang": "en",
        "refcode": "RV1885 — Judges 15:6"
      },
      {
        "para_id": "11139.14106",
        "lang": "en",
        "refcode": "ASV — Judges 15:6"
      },
      {
        "para_id": "14420.14106",
        "lang": "en",
        "refcode": "NCV — Judges 15:6"
      },
      {
        "para_id": "11145.14106",
        "lang": "en",
        "refcode": "AKJV — Judges 15:6"
      },
      {
        "para_id": "14341.14106",
        "lang": "en",
        "refcode": "NET — Judges 15:6"
      },
      {
        "para_id": "14419.14106",
        "lang": "en",
        "refcode": "ICB — Judges 15:6"
      },
      {
        "para_id": "14175.14106",
        "lang": "en",
        "refcode": "KJVSD — Judges 15:6"
      },
      {
        "para_id": "14736.14106",
        "lang": "en",
        "refcode": "NHEB — Judges 15:6"
      },
      {
        "para_id": "1965.14106",
        "lang": "en",
        "refcode": "KJV — Judges 15:6"
      },
      {
        "para_id": "14333.14106",
        "lang": "en",
        "refcode": "ISV — Judges 15:6"
      },
      {
        "para_id": "14340.14106",
        "lang": "en",
        "refcode": "NIV — Judges 15:6"
      },
      {
        "para_id": "14125.14106",
        "lang": "en",
        "refcode": "KJRV — Judges 15:6"
      },
      {
        "para_id": "14330.14106",
        "lang": "en",
        "refcode": "ERV — Judges 15:6"
      },
      {
        "para_id": "11143.14106",
        "lang": "en",
        "refcode": "WBS — Judges 15:6"
      },
      {
        "para_id": "14334.14106",
        "lang": "en",
        "refcode": "NKJV — Judges 15:6"
      },
      {
        "para_id": "14422.14108",
        "lang": "es",
        "refcode": "RVR — Jueces 15:6"
      },
      {
        "para_id": "14421.14106",
        "lang": "es",
        "refcode": "NBLA — Jueces 15:6"
      },
      {
        "para_id": "1968.14114",
        "lang": "es",
        "refcode": "RVa — Jueces 15:6"
      },
      {
        "para_id": "2021.14106",
        "lang": "fr",
        "refcode": "Fren — Juges 15:6"
      },
      {
        "para_id": "1966.14106",
        "lang": "it",
        "refcode": "LND — Giudici 15:6"
      },
      {
        "para_id": "1970.14106",
        "lang": "pl",
        "refcode": "PB — Sędziów 15:6"
      },
      {
        "para_id": "1971.14108",
        "lang": "pt",
        "refcode": "PCF — Juízes 15:6"
      },
      {
        "para_id": "1973.14106",
        "lang": "ro",
        "refcode": "NTR — Judecători 15:6"
      },
      {
        "para_id": "11165.14106",
        "lang": "ro",
        "refcode": "RCCV — Judecători 15:6"
      },
      {
        "para_id": "1972.14112",
        "lang": "ru",
        "refcode": "РСП — Судей 15:6"
      },
      {
        "para_id": "14191.14106",
        "lang": "tpi",
        "refcode": "BBTP — Hetman 15:6"
      },
      {
        "para_id": "12318.14106",
        "lang": "uk",
        "refcode": "УПО — Суддів 15:6"
      },
      {
        "para_id": "1969.14106",
        "lang": "zh",
        "refcode": "CHIUS — 士師記 15:6"
      }
    ]
  },
  {
    "para_id": "11144.14108",
    "id_prev": "11144.14106",
    "id_next": "11144.14110",
    "refcode_1": "YLT",
    "refcode_2": "Judges",
    "refcode_3": "15",
    "refcode_4": "7",
    "refcode_short": "YLT — Judges 15:7",
    "refcode_long": "Young’s Literal Translation — Judges 15:7",
    "element_type": "p",
    "element_subtype": "standard-noindent",
    "content": "<strong>7</strong> And Samson saith to them, &lsquo;Though ye do thus, nevertheless I am avenged on you, and afterwards I cease!&rsquo;",
    "puborder": 7171,
    "translations": [
      {
        "para_id": "14207.14108",
        "lang": "bg",
        "refcode": "ББ1940 — Съдии 15:7"
      },
      {
        "para_id": "11258.14042",
        "lang": "cs",
        "refcode": "CzeCEP — Soudců 15:7"
      },
      {
        "para_id": "1967.14108",
        "lang": "de",
        "refcode": "Lut — Richter 15:7"
      },
      {
        "para_id": "11139.14108",
        "lang": "en",
        "refcode": "ASV — Judges 15:7"
      },
      {
        "para_id": "14340.14108",
        "lang": "en",
        "refcode": "NIV — Judges 15:7"
      },
      {
        "para_id": "14420.14108",
        "lang": "en",
        "refcode": "NCV — Judges 15:7"
      },
      {
        "para_id": "14334.14108",
        "lang": "en",
        "refcode": "NKJV — Judges 15:7"
      },
      {
        "para_id": "14125.14108",
        "lang": "en",
        "refcode": "KJRV — Judges 15:7"
      },
      {
        "para_id": "14341.14108",
        "lang": "en",
        "refcode": "NET — Judges 15:7"
      },
      {
        "para_id": "14333.14108",
        "lang": "en",
        "refcode": "ISV — Judges 15:7"
      },
      {
        "para_id": "11143.14108",
        "lang": "en",
        "refcode": "WBS — Judges 15:7"
      },
      {
        "para_id": "14175.14108",
        "lang": "en",
        "refcode": "KJVSD — Judges 15:7"
      },
      {
        "para_id": "14330.14108",
        "lang": "en",
        "refcode": "ERV — Judges 15:7"
      },
      {
        "para_id": "11142.14108",
        "lang": "en",
        "refcode": "WEB — Judges 15:7"
      },
      {
        "para_id": "14336.14108",
        "lang": "en",
        "refcode": "RV1885 — Judges 15:7"
      },
      {
        "para_id": "14419.14108",
        "lang": "en",
        "refcode": "ICB — Judges 15:7"
      },
      {
        "para_id": "11145.14108",
        "lang": "en",
        "refcode": "AKJV — Judges 15:7"
      },
      {
        "para_id": "11140.14110",
        "lang": "en",
        "refcode": "DBY — Judges 15:7"
      },
      {
        "para_id": "1965.14108",
        "lang": "en",
        "refcode": "KJV — Judges 15:7"
      },
      {
        "para_id": "14736.14108",
        "lang": "en",
        "refcode": "NHEB — Judges 15:7"
      },
      {
        "para_id": "14421.14108",
        "lang": "es",
        "refcode": "NBLA — Jueces 15:7"
      },
      {
        "para_id": "1968.14116",
        "lang": "es",
        "refcode": "RVa — Jueces 15:7"
      },
      {
        "para_id": "14422.14110",
        "lang": "es",
        "refcode": "RVR — Jueces 15:7"
      },
      {
        "para_id": "2021.14108",
        "lang": "fr",
        "refcode": "Fren — Juges 15:7"
      },
      {
        "para_id": "1966.14108",
        "lang": "it",
        "refcode": "LND — Giudici 15:7"
      },
      {
        "para_id": "1970.14108",
        "lang": "pl",
        "refcode": "PB — Sędziów 15:7"
      },
      {
        "para_id": "1971.14110",
        "lang": "pt",
        "refcode": "PCF — Juízes 15:7"
      },
      {
        "para_id": "1973.14108",
        "lang": "ro",
        "refcode": "NTR — Judecători 15:7"
      },
      {
        "para_id": "11165.14108",
        "lang": "ro",
        "refcode": "RCCV — Judecători 15:7"
      },
      {
        "para_id": "1972.14114",
        "lang": "ru",
        "refcode": "РСП — Судей 15:7"
      },
      {
        "para_id": "14191.14108",
        "lang": "tpi",
        "refcode": "BBTP — Hetman 15:7"
      },
      {
        "para_id": "12318.14108",
        "lang": "uk",
        "refcode": "УПО — Суддів 15:7"
      },
      {
        "para_id": "1969.14108",
        "lang": "zh",
        "refcode": "CHIUS — 士師記 15:7"
      }
    ]
  },
  {
    "para_id": "11144.14110",
    "id_prev": "11144.14108",
    "id_next": "11144.14112",
    "refcode_1": "YLT",
    "refcode_2": "Judges",
    "refcode_3": "15",
    "refcode_4": "8",
    "refcode_short": "YLT — Judges 15:8",
    "refcode_long": "Young’s Literal Translation — Judges 15:8",
    "element_type": "p",
    "element_subtype": "standard-noindent",
    "content": "<strong>8</strong> And he smiteth them hip and thigh &mdash; a great smiting, and goeth down and dwelleth in the cleft of the rock Etam.",
    "puborder": 7172,
    "translations": [
      {
        "para_id": "14207.14110",
        "lang": "bg",
        "refcode": "ББ1940 — Съдии 15:8"
      },
      {
        "para_id": "11258.14044",
        "lang": "cs",
        "refcode": "CzeCEP — Soudců 15:8"
      },
      {
        "para_id": "1967.14110",
        "lang": "de",
        "refcode": "Lut — Richter 15:8"
      },
      {
        "para_id": "11140.14112",
        "lang": "en",
        "refcode": "DBY — Judges 15:8"
      },
      {
        "para_id": "14125.14110",
        "lang": "en",
        "refcode": "KJRV — Judges 15:8"
      },
      {
        "para_id": "11143.14110",
        "lang": "en",
        "refcode": "WBS — Judges 15:8"
      },
      {
        "para_id": "14341.14110",
        "lang": "en",
        "refcode": "NET — Judges 15:8"
      },
      {
        "para_id": "14419.14110",
        "lang": "en",
        "refcode": "ICB — Judges 15:8"
      },
      {
        "para_id": "14334.14110",
        "lang": "en",
        "refcode": "NKJV — Judges 15:8"
      },
      {
        "para_id": "14333.14110",
        "lang": "en",
        "refcode": "ISV — Judges 15:8"
      },
      {
        "para_id": "11142.14110",
        "lang": "en",
        "refcode": "WEB — Judges 15:8"
      },
      {
        "para_id": "14330.14110",
        "lang": "en",
        "refcode": "ERV — Judges 15:8"
      },
      {
        "para_id": "14175.14110",
        "lang": "en",
        "refcode": "KJVSD — Judges 15:8"
      },
      {
        "para_id": "1965.14110",
        "lang": "en",
        "refcode": "KJV — Judges 15:8"
      },
      {
        "para_id": "14736.14110",
        "lang": "en",
        "refcode": "NHEB — Judges 15:8"
      },
      {
        "para_id": "11145.14110",
        "lang": "en",
        "refcode": "AKJV — Judges 15:8"
      },
      {
        "para_id": "11139.14110",
        "lang": "en",
        "refcode": "ASV — Judges 15:8"
      },
      {
        "para_id": "14336.14110",
        "lang": "en",
        "refcode": "RV1885 — Judges 15:8"
      },
      {
        "para_id": "14420.14110",
        "lang": "en",
        "refcode": "NCV — Judges 15:8"
      },
      {
        "para_id": "14340.14110",
        "lang": "en",
        "refcode": "NIV — Judges 15:8"
      },
      {
        "para_id": "14422.14112",
        "lang": "es",
        "refcode": "RVR — Jueces 15:8"
      },
      {
        "para_id": "14421.14110",
        "lang": "es",
        "refcode": "NBLA — Jueces 15:8"
      },
      {
        "para_id": "1968.14118",
        "lang": "es",
        "refcode": "RVa — Jueces 15:8"
      },
      {
        "para_id": "2021.14110",
        "lang": "fr",
        "refcode": "Fren — Juges 15:8"
      },
      {
        "para_id": "1966.14110",
        "lang": "it",
        "refcode": "LND — Giudici 15:8"
      },
      {
        "para_id": "1970.14110",
        "lang": "pl",
        "refcode": "PB — Sędziów 15:8"
      },
      {
        "para_id": "1971.14112",
        "lang": "pt",
        "refcode": "PCF — Juízes 15:8"
      },
      {
        "para_id": "11165.14110",
        "lang": "ro",
        "refcode": "RCCV — Judecători 15:8"
      },
      {
        "para_id": "1973.14110",
        "lang": "ro",
        "refcode": "NTR — Judecători 15:8"
      },
      {
        "para_id": "1972.14116",
        "lang": "ru",
        "refcode": "РСП — Судей 15:8"
      },
      {
        "para_id": "14191.14110",
        "lang": "tpi",
        "refcode": "BBTP — Hetman 15:8"
      },
      {
        "para_id": "12318.14110",
        "lang": "uk",
        "refcode": "УПО — Суддів 15:8"
      },
      {
        "para_id": "1969.14110",
        "lang": "zh",
        "refcode": "CHIUS — 士師記 15:8"
      }
    ]
  },
  {
    "para_id": "11144.14112",
    "id_prev": "11144.14110",
    "id_next": "11144.14114",
    "refcode_1": "YLT",
    "refcode_2": "Judges",
    "refcode_3": "15",
    "refcode_4": "9",
    "refcode_short": "YLT — Judges 15:9",
    "refcode_long": "Young’s Literal Translation — Judges 15:9",
    "element_type": "p",
    "element_subtype": "standard-noindent",
    "content": "<strong>9</strong> And the Philistines go up, and encamp in Judah, and are spread out in Lehi,",
    "puborder": 7173,
    "translations": [
      {
        "para_id": "14207.14112",
        "lang": "bg",
        "refcode": "ББ1940 — Съдии 15:9"
      },
      {
        "para_id": "11258.14046",
        "lang": "cs",
        "refcode": "CzeCEP — Soudců 15:9"
      },
      {
        "para_id": "1967.14112",
        "lang": "de",
        "refcode": "Lut — Richter 15:9"
      },
      {
        "para_id": "11145.14112",
        "lang": "en",
        "refcode": "AKJV — Judges 15:9"
      },
      {
        "para_id": "14340.14112",
        "lang": "en",
        "refcode": "NIV — Judges 15:9"
      },
      {
        "para_id": "14334.14112",
        "lang": "en",
        "refcode": "NKJV — Judges 15:9"
      },
      {
        "para_id": "11140.14114",
        "lang": "en",
        "refcode": "DBY — Judges 15:9"
      },
      {
        "para_id": "14420.14112",
        "lang": "en",
        "refcode": "NCV — Judges 15:9"
      },
      {
        "para_id": "11142.14112",
        "lang": "en",
        "refcode": "WEB — Judges 15:9"
      },
      {
        "para_id": "14419.14112",
        "lang": "en",
        "refcode": "ICB — Judges 15:9"
      },
      {
        "para_id": "14736.14112",
        "lang": "en",
        "refcode": "NHEB — Judges 15:9"
      },
      {
        "para_id": "14330.14112",
        "lang": "en",
        "refcode": "ERV — Judges 15:9"
      },
      {
        "para_id": "11143.14112",
        "lang": "en",
        "refcode": "WBS — Judges 15:9"
      },
      {
        "para_id": "14336.14112",
        "lang": "en",
        "refcode": "RV1885 — Judges 15:9"
      },
      {
        "para_id": "14341.14112",
        "lang": "en",
        "refcode": "NET — Judges 15:9"
      },
      {
        "para_id": "1965.14112",
        "lang": "en",
        "refcode": "KJV — Judges 15:9"
      },
      {
        "para_id": "14175.14112",
        "lang": "en",
        "refcode": "KJVSD — Judges 15:9"
      },
      {
        "para_id": "14125.14112",
        "lang": "en",
        "refcode": "KJRV — Judges 15:9"
      },
      {
        "para_id": "14333.14112",
        "lang": "en",
        "refcode": "ISV — Judges 15:9"
      },
      {
        "para_id": "11139.14112",
        "lang": "en",
        "refcode": "ASV — Judges 15:9"
      },
      {
        "para_id": "1968.14120",
        "lang": "es",
        "refcode": "RVa — Jueces 15:9"
      },
      {
        "para_id": "14421.14112",
        "lang": "es",
        "refcode": "NBLA — Jueces 15:9"
      },
      {
        "para_id": "14422.14114",
        "lang": "es",
        "refcode": "RVR — Jueces 15:9"
      },
      {
        "para_id": "2021.14112",
        "lang": "fr",
        "refcode": "Fren — Juges 15:9"
      },
      {
        "para_id": "1966.14112",
        "lang": "it",
        "refcode": "LND — Giudici 15:9"
      },
      {
        "para_id": "1970.14112",
        "lang": "pl",
        "refcode": "PB — Sędziów 15:9"
      },
      {
        "para_id": "1971.14114",
        "lang": "pt",
        "refcode": "PCF — Juízes 15:9"
      },
      {
        "para_id": "11165.14112",
        "lang": "ro",
        "refcode": "RCCV — Judecători 15:9"
      },
      {
        "para_id": "1973.14112",
        "lang": "ro",
        "refcode": "NTR — Judecători 15:9"
      },
      {
        "para_id": "1972.14118",
        "lang": "ru",
        "refcode": "РСП — Судей 15:9"
      },
      {
        "para_id": "14191.14112",
        "lang": "tpi",
        "refcode": "BBTP — Hetman 15:9"
      },
      {
        "para_id": "12318.14112",
        "lang": "uk",
        "refcode": "УПО — Суддів 15:9"
      },
      {
        "para_id": "1969.14112",
        "lang": "zh",
        "refcode": "CHIUS — 士師記 15:9"
      }
    ]
  },
  {
    "para_id": "11144.14114",
    "id_prev": "11144.14112",
    "id_next": "11144.14116",
    "refcode_1": "YLT",
    "refcode_2": "Judges",
    "refcode_3": "15",
    "refcode_4": "10",
    "refcode_short": "YLT — Judges 15:10",
    "refcode_long": "Young’s Literal Translation — Judges 15:10",
    "element_type": "p",
    "element_subtype": "standard-noindent",
    "content": "<strong>10</strong> and the men of Judah say, &lsquo;Why have ye come up against us?&rsquo; and they say, &lsquo;To bind Samson we have come up, to do to him as he hath done to us.&rsquo;",
    "puborder": 7174,
    "translations": [
      {
        "para_id": "14207.14114",
        "lang": "bg",
        "refcode": "ББ1940 — Съдии 15:10"
      },
      {
        "para_id": "11258.14048",
        "lang": "cs",
        "refcode": "CzeCEP — Soudců 15:10"
      },
      {
        "para_id": "1967.14114",
        "lang": "de",
        "refcode": "Lut — Richter 15:10"
      },
      {
        "para_id": "14333.14114",
        "lang": "en",
        "refcode": "ISV — Judges 15:10"
      },
      {
        "para_id": "14420.14114",
        "lang": "en",
        "refcode": "NCV — Judges 15:10"
      },
      {
        "para_id": "14336.14114",
        "lang": "en",
        "refcode": "RV1885 — Judges 15:10"
      },
      {
        "para_id": "11140.14116",
        "lang": "en",
        "refcode": "DBY — Judges 15:10"
      },
      {
        "para_id": "14175.14114",
        "lang": "en",
        "refcode": "KJVSD — Judges 15:10"
      },
      {
        "para_id": "14334.14114",
        "lang": "en",
        "refcode": "NKJV — Judges 15:10"
      },
      {
        "para_id": "11139.14114",
        "lang": "en",
        "refcode": "ASV — Judges 15:10"
      },
      {
        "para_id": "14125.14114",
        "lang": "en",
        "refcode": "KJRV — Judges 15:10"
      },
      {
        "para_id": "14736.14114",
        "lang": "en",
        "refcode": "NHEB — Judges 15:10"
      },
      {
        "para_id": "1965.14114",
        "lang": "en",
        "refcode": "KJV — Judges 15:10"
      },
      {
        "para_id": "11145.14114",
        "lang": "en",
        "refcode": "AKJV — Judges 15:10"
      },
      {
        "para_id": "11143.14114",
        "lang": "en",
        "refcode": "WBS — Judges 15:10"
      },
      {
        "para_id": "14419.14114",
        "lang": "en",
        "refcode": "ICB — Judges 15:10"
      },
      {
        "para_id": "14340.14114",
        "lang": "en",
        "refcode": "NIV — Judges 15:10"
      },
      {
        "para_id": "14341.14114",
        "lang": "en",
        "refcode": "NET — Judges 15:10"
      },
      {
        "para_id": "11142.14114",
        "lang": "en",
        "refcode": "WEB — Judges 15:10"
      },
      {
        "para_id": "14330.14114",
        "lang": "en",
        "refcode": "ERV — Judges 15:10"
      },
      {
        "para_id": "1968.14122",
        "lang": "es",
        "refcode": "RVa — Jueces 15:10"
      },
      {
        "para_id": "14421.14114",
        "lang": "es",
        "refcode": "NBLA — Jueces 15:10"
      },
      {
        "para_id": "14422.14116",
        "lang": "es",
        "refcode": "RVR — Jueces 15:10"
      },
      {
        "para_id": "2021.14114",
        "lang": "fr",
        "refcode": "Fren — Juges 15:10"
      },
      {
        "para_id": "1966.14114",
        "lang": "it",
        "refcode": "LND — Giudici 15:10"
      },
      {
        "para_id": "1970.14114",
        "lang": "pl",
        "refcode": "PB — Sędziów 15:10"
      },
      {
        "para_id": "1971.14116",
        "lang": "pt",
        "refcode": "PCF — Juízes 15:10"
      },
      {
        "para_id": "1973.14114",
        "lang": "ro",
        "refcode": "NTR — Judecători 15:10"
      },
      {
        "para_id": "11165.14114",
        "lang": "ro",
        "refcode": "RCCV — Judecători 15:10"
      },
      {
        "para_id": "1972.14120",
        "lang": "ru",
        "refcode": "РСП — Судей 15:10"
      },
      {
        "para_id": "14191.14114",
        "lang": "tpi",
        "refcode": "BBTP — Hetman 15:10"
      },
      {
        "para_id": "12318.14114",
        "lang": "uk",
        "refcode": "УПО — Суддів 15:10"
      },
      {
        "para_id": "1969.14114",
        "lang": "zh",
        "refcode": "CHIUS — 士師記 15:10"
      }
    ]
  },
  {
    "para_id": "11144.14116",
    "id_prev": "11144.14114",
    "id_next": "11144.14118",
    "refcode_1": "YLT",
    "refcode_2": "Judges",
    "refcode_3": "15",
    "refcode_4": "11",
    "refcode_short": "YLT — Judges 15:11",
    "refcode_long": "Young’s Literal Translation — Judges 15:11",
    "element_type": "p",
    "element_subtype": "standard-noindent",
    "content": "<strong>11</strong> And three thousand men of Judah go down unto the cleft of the rock Etam, and say to Samson, &lsquo;Hast thou now known that the Philistines are rulers over us? and what [is] this thou hast done to us?&rsquo; And he saith to them, &lsquo;As they did to me, so I did to them.&rsquo;",
    "puborder": 7175,
    "translations": [
      {
        "para_id": "14207.14116",
        "lang": "bg",
        "refcode": "ББ1940 — Съдии 15:11"
      },
      {
        "para_id": "11258.14050",
        "lang": "cs",
        "refcode": "CzeCEP — Soudců 15:11"
      },
      {
        "para_id": "1967.14116",
        "lang": "de",
        "refcode": "Lut — Richter 15:11"
      },
      {
        "para_id": "14336.14116",
        "lang": "en",
        "refcode": "RV1885 — Judges 15:11"
      },
      {
        "para_id": "11140.14118",
        "lang": "en",
        "refcode": "DBY — Judges 15:11"
      },
      {
        "para_id": "14341.14116",
        "lang": "en",
        "refcode": "NET — Judges 15:11"
      },
      {
        "para_id": "11139.14116",
        "lang": "en",
        "refcode": "ASV — Judges 15:11"
      },
      {
        "para_id": "14736.14116",
        "lang": "en",
        "refcode": "NHEB — Judges 15:11"
      },
      {
        "para_id": "11143.14116",
        "lang": "en",
        "refcode": "WBS — Judges 15:11"
      },
      {
        "para_id": "14419.14116",
        "lang": "en",
        "refcode": "ICB — Judges 15:11"
      },
      {
        "para_id": "14334.14116",
        "lang": "en",
        "refcode": "NKJV — Judges 15:11"
      },
      {
        "para_id": "14333.14116",
        "lang": "en",
        "refcode": "ISV — Judges 15:11"
      },
      {
        "para_id": "14175.14116",
        "lang": "en",
        "refcode": "KJVSD — Judges 15:11"
      },
      {
        "para_id": "14340.14116",
        "lang": "en",
        "refcode": "NIV — Judges 15:11"
      },
      {
        "para_id": "14420.14116",
        "lang": "en",
        "refcode": "NCV — Judges 15:11"
      },
      {
        "para_id": "1965.14116",
        "lang": "en",
        "refcode": "KJV — Judges 15:11"
      },
      {
        "para_id": "11142.14116",
        "lang": "en",
        "refcode": "WEB — Judges 15:11"
      },
      {
        "para_id": "14125.14116",
        "lang": "en",
        "refcode": "KJRV — Judges 15:11"
      },
      {
        "para_id": "14330.14116",
        "lang": "en",
        "refcode": "ERV — Judges 15:11"
      },
      {
        "para_id": "11145.14116",
        "lang": "en",
        "refcode": "AKJV — Judges 15:11"
      },
      {
        "para_id": "14421.14116",
        "lang": "es",
        "refcode": "NBLA — Jueces 15:11"
      },
      {
        "para_id": "1968.14124",
        "lang": "es",
        "refcode": "RVa — Jueces 15:11"
      },
      {
        "para_id": "14422.14118",
        "lang": "es",
        "refcode": "RVR — Jueces 15:11"
      },
      {
        "para_id": "2021.14116",
        "lang": "fr",
        "refcode": "Fren — Juges 15:11"
      },
      {
        "para_id": "1966.14116",
        "lang": "it",
        "refcode": "LND — Giudici 15:11"
      },
      {
        "para_id": "1970.14116",
        "lang": "pl",
        "refcode": "PB — Sędziów 15:11"
      },
      {
        "para_id": "1971.14118",
        "lang": "pt",
        "refcode": "PCF — Juízes 15:11"
      },
      {
        "para_id": "1973.14116",
        "lang": "ro",
        "refcode": "NTR — Judecători 15:11"
      },
      {
        "para_id": "11165.14116",
        "lang": "ro",
        "refcode": "RCCV — Judecători 15:11"
      },
      {
        "para_id": "1972.14122",
        "lang": "ru",
        "refcode": "РСП — Судей 15:11"
      },
      {
        "para_id": "14191.14116",
        "lang": "tpi",
        "refcode": "BBTP — Hetman 15:11"
      },
      {
        "para_id": "12318.14116",
        "lang": "uk",
        "refcode": "УПО — Суддів 15:11"
      },
      {
        "para_id": "1969.14116",
        "lang": "zh",
        "refcode": "CHIUS — 士師記 15:11"
      }
    ]
  },
  {
    "para_id": "11144.14118",
    "id_prev": "11144.14116",
    "id_next": "11144.14120",
    "refcode_1": "YLT",
    "refcode_2": "Judges",
    "refcode_3": "15",
    "refcode_4": "12",
    "refcode_short": "YLT — Judges 15:12",
    "refcode_long": "Young’s Literal Translation — Judges 15:12",
    "element_type": "p",
    "element_subtype": "standard-noindent",
    "content": "<strong>12</strong> And they say to him, &lsquo;To bind thee we have come down &mdash; to give thee into the hand of the Philistines.&rsquo; And Samson saith to them, &lsquo;Swear to me, lest ye fall upon me yourselves.&rsquo;",
    "puborder": 7176,
    "translations": [
      {
        "para_id": "14207.14118",
        "lang": "bg",
        "refcode": "ББ1940 — Съдии 15:12"
      },
      {
        "para_id": "11258.14052",
        "lang": "cs",
        "refcode": "CzeCEP — Soudců 15:12"
      },
      {
        "para_id": "1967.14118",
        "lang": "de",
        "refcode": "Lut — Richter 15:12"
      },
      {
        "para_id": "14125.14118",
        "lang": "en",
        "refcode": "KJRV — Judges 15:12"
      },
      {
        "para_id": "14341.14118",
        "lang": "en",
        "refcode": "NET — Judges 15:12"
      },
      {
        "para_id": "14175.14118",
        "lang": "en",
        "refcode": "KJVSD — Judges 15:12"
      },
      {
        "para_id": "14419.14118",
        "lang": "en",
        "refcode": "ICB — Judges 15:12"
      },
      {
        "para_id": "14420.14118",
        "lang": "en",
        "refcode": "NCV — Judges 15:12"
      },
      {
        "para_id": "14736.14118",
        "lang": "en",
        "refcode": "NHEB — Judges 15:12"
      },
      {
        "para_id": "14336.14118",
        "lang": "en",
        "refcode": "RV1885 — Judges 15:12"
      },
      {
        "para_id": "11145.14118",
        "lang": "en",
        "refcode": "AKJV — Judges 15:12"
      },
      {
        "para_id": "11142.14118",
        "lang": "en",
        "refcode": "WEB — Judges 15:12"
      },
      {
        "para_id": "14334.14118",
        "lang": "en",
        "refcode": "NKJV — Judges 15:12"
      },
      {
        "para_id": "14330.14118",
        "lang": "en",
        "refcode": "ERV — Judges 15:12"
      },
      {
        "para_id": "11143.14118",
        "lang": "en",
        "refcode": "WBS — Judges 15:12"
      },
      {
        "para_id": "1965.14118",
        "lang": "en",
        "refcode": "KJV — Judges 15:12"
      },
      {
        "para_id": "14340.14118",
        "lang": "en",
        "refcode": "NIV — Judges 15:12"
      },
      {
        "para_id": "11139.14118",
        "lang": "en",
        "refcode": "ASV — Judges 15:12"
      },
      {
        "para_id": "11140.14120",
        "lang": "en",
        "refcode": "DBY — Judges 15:12"
      },
      {
        "para_id": "14333.14118",
        "lang": "en",
        "refcode": "ISV — Judges 15:12"
      },
      {
        "para_id": "14422.14120",
        "lang": "es",
        "refcode": "RVR — Jueces 15:12"
      },
      {
        "para_id": "14421.14118",
        "lang": "es",
        "refcode": "NBLA — Jueces 15:12"
      },
      {
        "para_id": "1968.14126",
        "lang": "es",
        "refcode": "RVa — Jueces 15:12"
      },
      {
        "para_id": "2021.14118",
        "lang": "fr",
        "refcode": "Fren — Juges 15:12"
      },
      {
        "para_id": "1966.14118",
        "lang": "it",
        "refcode": "LND — Giudici 15:12"
      },
      {
        "para_id": "1970.14118",
        "lang": "pl",
        "refcode": "PB — Sędziów 15:12"
      },
      {
        "para_id": "1971.14120",
        "lang": "pt",
        "refcode": "PCF — Juízes 15:12"
      },
      {
        "para_id": "11165.14118",
        "lang": "ro",
        "refcode": "RCCV — Judecători 15:12"
      },
      {
        "para_id": "1973.14118",
        "lang": "ro",
        "refcode": "NTR — Judecători 15:12"
      },
      {
        "para_id": "1972.14124",
        "lang": "ru",
        "refcode": "РСП — Судей 15:12"
      },
      {
        "para_id": "14191.14118",
        "lang": "tpi",
        "refcode": "BBTP — Hetman 15:12"
      },
      {
        "para_id": "12318.14118",
        "lang": "uk",
        "refcode": "УПО — Суддів 15:12"
      },
      {
        "para_id": "1969.14118",
        "lang": "zh",
        "refcode": "CHIUS — 士師記 15:12"
      }
    ]
  },
  {
    "para_id": "11144.14120",
    "id_prev": "11144.14118",
    "id_next": "11144.14122",
    "refcode_1": "YLT",
    "refcode_2": "Judges",
    "refcode_3": "15",
    "refcode_4": "13",
    "refcode_short": "YLT — Judges 15:13",
    "refcode_long": "Young’s Literal Translation — Judges 15:13",
    "element_type": "p",
    "element_subtype": "standard-noindent",
    "content": "<strong>13</strong> And they speak to him, saying, No, but we certainly bind thee, and have given thee into their hand, and we certainly do not put thee to death;&rsquo; and they bind him with two thick bands, new ones, and bring him up from the rock.",
    "puborder": 7177,
    "translations": [
      {
        "para_id": "14207.14120",
        "lang": "bg",
        "refcode": "ББ1940 — Съдии 15:13"
      },
      {
        "para_id": "11258.14054",
        "lang": "cs",
        "refcode": "CzeCEP — Soudců 15:13"
      },
      {
        "para_id": "1967.14120",
        "lang": "de",
        "refcode": "Lut — Richter 15:13"
      },
      {
        "para_id": "14125.14120",
        "lang": "en",
        "refcode": "KJRV — Judges 15:13"
      },
      {
        "para_id": "14336.14120",
        "lang": "en",
        "refcode": "RV1885 — Judges 15:13"
      },
      {
        "para_id": "14175.14120",
        "lang": "en",
        "refcode": "KJVSD — Judges 15:13"
      },
      {
        "para_id": "14420.14120",
        "lang": "en",
        "refcode": "NCV — Judges 15:13"
      },
      {
        "para_id": "11143.14120",
        "lang": "en",
        "refcode": "WBS — Judges 15:13"
      },
      {
        "para_id": "14419.14120",
        "lang": "en",
        "refcode": "ICB — Judges 15:13"
      },
      {
        "para_id": "14333.14120",
        "lang": "en",
        "refcode": "ISV — Judges 15:13"
      },
      {
        "para_id": "14340.14120",
        "lang": "en",
        "refcode": "NIV — Judges 15:13"
      },
      {
        "para_id": "11140.14122",
        "lang": "en",
        "refcode": "DBY — Judges 15:13"
      },
      {
        "para_id": "14341.14120",
        "lang": "en",
        "refcode": "NET — Judges 15:13"
      },
      {
        "para_id": "11145.14120",
        "lang": "en",
        "refcode": "AKJV — Judges 15:13"
      },
      {
        "para_id": "11142.14120",
        "lang": "en",
        "refcode": "WEB — Judges 15:13"
      },
      {
        "para_id": "14736.14120",
        "lang": "en",
        "refcode": "NHEB — Judges 15:13"
      },
      {
        "para_id": "14330.14120",
        "lang": "en",
        "refcode": "ERV — Judges 15:13"
      },
      {
        "para_id": "14334.14120",
        "lang": "en",
        "refcode": "NKJV — Judges 15:13"
      },
      {
        "para_id": "1965.14120",
        "lang": "en",
        "refcode": "KJV — Judges 15:13"
      },
      {
        "para_id": "11139.14120",
        "lang": "en",
        "refcode": "ASV — Judges 15:13"
      },
      {
        "para_id": "1968.14128",
        "lang": "es",
        "refcode": "RVa — Jueces 15:13"
      },
      {
        "para_id": "14421.14120",
        "lang": "es",
        "refcode": "NBLA — Jueces 15:13"
      },
      {
        "para_id": "14422.14122",
        "lang": "es",
        "refcode": "RVR — Jueces 15:13"
      },
      {
        "para_id": "2021.14120",
        "lang": "fr",
        "refcode": "Fren — Juges 15:13"
      },
      {
        "para_id": "1966.14120",
        "lang": "it",
        "refcode": "LND — Giudici 15:13"
      },
      {
        "para_id": "1970.14120",
        "lang": "pl",
        "refcode": "PB — Sędziów 15:13"
      },
      {
        "para_id": "1971.14122",
        "lang": "pt",
        "refcode": "PCF — Juízes 15:13"
      },
      {
        "para_id": "1973.14120",
        "lang": "ro",
        "refcode": "NTR — Judecători 15:13"
      },
      {
        "para_id": "11165.14120",
        "lang": "ro",
        "refcode": "RCCV — Judecători 15:13"
      },
      {
        "para_id": "1972.14126",
        "lang": "ru",
        "refcode": "РСП — Судей 15:13"
      },
      {
        "para_id": "14191.14120",
        "lang": "tpi",
        "refcode": "BBTP — Hetman 15:13"
      },
      {
        "para_id": "12318.14120",
        "lang": "uk",
        "refcode": "УПО — Суддів 15:13"
      },
      {
        "para_id": "1969.14120",
        "lang": "zh",
        "refcode": "CHIUS — 士師記 15:13"
      }
    ]
  },
  {
    "para_id": "11144.14122",
    "id_prev": "11144.14120",
    "id_next": "11144.14124",
    "refcode_1": "YLT",
    "refcode_2": "Judges",
    "refcode_3": "15",
    "refcode_4": "14",
    "refcode_short": "YLT — Judges 15:14",
    "refcode_long": "Young’s Literal Translation — Judges 15:14",
    "element_type": "p",
    "element_subtype": "standard-noindent",
    "content": "<strong>14</strong> He hath come unto Lehi &mdash; and the Philistines have shouted at meeting him &mdash; and the Spirit of Jehovah prospereth over him, and the thick bands which [are] on his arms are as flax which they burn with fire, and his bands are wasted from off his hands,",
    "puborder": 7178,
    "translations": [
      {
        "para_id": "14207.14122",
        "lang": "bg",
        "refcode": "ББ1940 — Съдии 15:14"
      },
      {
        "para_id": "11258.14056",
        "lang": "cs",
        "refcode": "CzeCEP — Soudců 15:14"
      },
      {
        "para_id": "1967.14122",
        "lang": "de",
        "refcode": "Lut — Richter 15:14"
      },
      {
        "para_id": "14736.14122",
        "lang": "en",
        "refcode": "NHEB — Judges 15:14"
      },
      {
        "para_id": "14419.14122",
        "lang": "en",
        "refcode": "ICB — Judges 15:14"
      },
      {
        "para_id": "14334.14122",
        "lang": "en",
        "refcode": "NKJV — Judges 15:14"
      },
      {
        "para_id": "14125.14122",
        "lang": "en",
        "refcode": "KJRV — Judges 15:14"
      },
      {
        "para_id": "14341.14122",
        "lang": "en",
        "refcode": "NET — Judges 15:14"
      },
      {
        "para_id": "14330.14122",
        "lang": "en",
        "refcode": "ERV — Judges 15:14"
      },
      {
        "para_id": "11143.14122",
        "lang": "en",
        "refcode": "WBS — Judges 15:14"
      },
      {
        "para_id": "14175.14122",
        "lang": "en",
        "refcode": "KJVSD — Judges 15:14"
      },
      {
        "para_id": "14333.14122",
        "lang": "en",
        "refcode": "ISV — Judges 15:14"
      },
      {
        "para_id": "14420.14122",
        "lang": "en",
        "refcode": "NCV — Judges 15:14"
      },
      {
        "para_id": "1965.14122",
        "lang": "en",
        "refcode": "KJV — Judges 15:14"
      },
      {
        "para_id": "14340.14122",
        "lang": "en",
        "refcode": "NIV — Judges 15:14"
      },
      {
        "para_id": "11145.14122",
        "lang": "en",
        "refcode": "AKJV — Judges 15:14"
      },
      {
        "para_id": "11140.14124",
        "lang": "en",
        "refcode": "DBY — Judges 15:14"
      },
      {
        "para_id": "14336.14122",
        "lang": "en",
        "refcode": "RV1885 — Judges 15:14"
      },
      {
        "para_id": "11142.14122",
        "lang": "en",
        "refcode": "WEB — Judges 15:14"
      },
      {
        "para_id": "11139.14122",
        "lang": "en",
        "refcode": "ASV — Judges 15:14"
      },
      {
        "para_id": "14422.14124",
        "lang": "es",
        "refcode": "RVR — Jueces 15:14"
      },
      {
        "para_id": "14421.14122",
        "lang": "es",
        "refcode": "NBLA — Jueces 15:14"
      },
      {
        "para_id": "1968.14130",
        "lang": "es",
        "refcode": "RVa — Jueces 15:14"
      },
      {
        "para_id": "2021.14122",
        "lang": "fr",
        "refcode": "Fren — Juges 15:14"
      },
      {
        "para_id": "1966.14122",
        "lang": "it",
        "refcode": "LND — Giudici 15:14"
      },
      {
        "para_id": "1970.14122",
        "lang": "pl",
        "refcode": "PB — Sędziów 15:14"
      },
      {
        "para_id": "1971.14124",
        "lang": "pt",
        "refcode": "PCF — Juízes 15:14"
      },
      {
        "para_id": "1973.14122",
        "lang": "ro",
        "refcode": "NTR — Judecători 15:14"
      },
      {
        "para_id": "11165.14122",
        "lang": "ro",
        "refcode": "RCCV — Judecători 15:14"
      },
      {
        "para_id": "1972.14128",
        "lang": "ru",
        "refcode": "РСП — Судей 15:14"
      },
      {
        "para_id": "14191.14122",
        "lang": "tpi",
        "refcode": "BBTP — Hetman 15:14"
      },
      {
        "para_id": "12318.14122",
        "lang": "uk",
        "refcode": "УПО — Суддів 15:14"
      },
      {
        "para_id": "1969.14122",
        "lang": "zh",
        "refcode": "CHIUS — 士師記 15:14"
      }
    ]
  },
  {
    "para_id": "11144.14124",
    "id_prev": "11144.14122",
    "id_next": "11144.14126",
    "refcode_1": "YLT",
    "refcode_2": "Judges",
    "refcode_3": "15",
    "refcode_4": "15",
    "refcode_short": "YLT — Judges 15:15",
    "refcode_long": "Young’s Literal Translation — Judges 15:15",
    "element_type": "p",
    "element_subtype": "standard-noindent",
    "content": "<strong>15</strong> and he findeth a fresh jaw-bone of an ass, and putteth forth his hand and taketh it, and smiteth with it &mdash; a thousand men.",
    "puborder": 7179,
    "translations": [
      {
        "para_id": "14207.14124",
        "lang": "bg",
        "refcode": "ББ1940 — Съдии 15:15"
      },
      {
        "para_id": "11258.14058",
        "lang": "cs",
        "refcode": "CzeCEP — Soudců 15:15"
      },
      {
        "para_id": "1967.14124",
        "lang": "de",
        "refcode": "Lut — Richter 15:15"
      },
      {
        "para_id": "11145.14124",
        "lang": "en",
        "refcode": "AKJV — Judges 15:15"
      },
      {
        "para_id": "14340.14124",
        "lang": "en",
        "refcode": "NIV — Judges 15:15"
      },
      {
        "para_id": "14334.14124",
        "lang": "en",
        "refcode": "NKJV — Judges 15:15"
      },
      {
        "para_id": "14125.14124",
        "lang": "en",
        "refcode": "KJRV — Judges 15:15"
      },
      {
        "para_id": "14419.14124",
        "lang": "en",
        "refcode": "ICB — Judges 15:15"
      },
      {
        "para_id": "14736.14124",
        "lang": "en",
        "refcode": "NHEB — Judges 15:15"
      },
      {
        "para_id": "11142.14124",
        "lang": "en",
        "refcode": "WEB — Judges 15:15"
      },
      {
        "para_id": "14333.14124",
        "lang": "en",
        "refcode": "ISV — Judges 15:15"
      },
      {
        "para_id": "14330.14124",
        "lang": "en",
        "refcode": "ERV — Judges 15:15"
      },
      {
        "para_id": "11140.14126",
        "lang": "en",
        "refcode": "DBY — Judges 15:15"
      },
      {
        "para_id": "11139.14124",
        "lang": "en",
        "refcode": "ASV — Judges 15:15"
      },
      {
        "para_id": "14175.14124",
        "lang": "en",
        "refcode": "KJVSD — Judges 15:15"
      },
      {
        "para_id": "11143.14124",
        "lang": "en",
        "refcode": "WBS — Judges 15:15"
      },
      {
        "para_id": "14420.14124",
        "lang": "en",
        "refcode": "NCV — Judges 15:15"
      },
      {
        "para_id": "14341.14124",
        "lang": "en",
        "refcode": "NET — Judges 15:15"
      },
      {
        "para_id": "1965.14124",
        "lang": "en",
        "refcode": "KJV — Judges 15:15"
      },
      {
        "para_id": "14336.14124",
        "lang": "en",
        "refcode": "RV1885 — Judges 15:15"
      },
      {
        "para_id": "14422.14126",
        "lang": "es",
        "refcode": "RVR — Jueces 15:15"
      },
      {
        "para_id": "14421.14124",
        "lang": "es",
        "refcode": "NBLA — Jueces 15:15"
      },
      {
        "para_id": "1968.14132",
        "lang": "es",
        "refcode": "RVa — Jueces 15:15"
      },
      {
        "para_id": "2021.14124",
        "lang": "fr",
        "refcode": "Fren — Juges 15:15"
      },
      {
        "para_id": "1966.14124",
        "lang": "it",
        "refcode": "LND — Giudici 15:15"
      },
      {
        "para_id": "1970.14124",
        "lang": "pl",
        "refcode": "PB — Sędziów 15:15"
      },
      {
        "para_id": "1971.14126",
        "lang": "pt",
        "refcode": "PCF — Juízes 15:15"
      },
      {
        "para_id": "11165.14124",
        "lang": "ro",
        "refcode": "RCCV — Judecători 15:15"
      },
      {
        "para_id": "1973.14124",
        "lang": "ro",
        "refcode": "NTR — Judecători 15:15"
      },
      {
        "para_id": "1972.14130",
        "lang": "ru",
        "refcode": "РСП — Судей 15:15"
      },
      {
        "para_id": "14191.14124",
        "lang": "tpi",
        "refcode": "BBTP — Hetman 15:15"
      },
      {
        "para_id": "12318.14124",
        "lang": "uk",
        "refcode": "УПО — Суддів 15:15"
      },
      {
        "para_id": "1969.14124",
        "lang": "zh",
        "refcode": "CHIUS — 士師記 15:15"
      }
    ]
  },
  {
    "para_id": "11144.14126",
    "id_prev": "11144.14124",
    "id_next": "11144.14128",
    "refcode_1": "YLT",
    "refcode_2": "Judges",
    "refcode_3": "15",
    "refcode_4": "16",
    "refcode_short": "YLT — Judges 15:16",
    "refcode_long": "Young’s Literal Translation — Judges 15:16",
    "element_type": "p",
    "element_subtype": "standard-noindent",
    "content": "<strong>16</strong> And Samson saith, &lsquo;With a jaw-bone of the ass &mdash; an ass upon asses &mdash; with a jaw-bone of the ass I have smitten a thousand men.&rsquo;",
    "puborder": 7180,
    "translations": [
      {
        "para_id": "14207.14126",
        "lang": "bg",
        "refcode": "ББ1940 — Съдии 15:16"
      },
      {
        "para_id": "11258.14060",
        "lang": "cs",
        "refcode": "CzeCEP — Soudců 15:16"
      },
      {
        "para_id": "1967.14126",
        "lang": "de",
        "refcode": "Lut — Richter 15:16"
      },
      {
        "para_id": "14419.14126",
        "lang": "en",
        "refcode": "ICB — Judges 15:16"
      },
      {
        "para_id": "14341.14126",
        "lang": "en",
        "refcode": "NET — Judges 15:16"
      },
      {
        "para_id": "11143.14126",
        "lang": "en",
        "refcode": "WBS — Judges 15:16"
      },
      {
        "para_id": "11145.14126",
        "lang": "en",
        "refcode": "AKJV — Judges 15:16"
      },
      {
        "para_id": "11140.14128",
        "lang": "en",
        "refcode": "DBY — Judges 15:16"
      },
      {
        "para_id": "14336.14126",
        "lang": "en",
        "refcode": "RV1885 — Judges 15:16"
      },
      {
        "para_id": "11142.14126",
        "lang": "en",
        "refcode": "WEB — Judges 15:16"
      },
      {
        "para_id": "14736.14126",
        "lang": "en",
        "refcode": "NHEB — Judges 15:16"
      },
      {
        "para_id": "14330.14126",
        "lang": "en",
        "refcode": "ERV — Judges 15:16"
      },
      {
        "para_id": "14334.14126",
        "lang": "en",
        "refcode": "NKJV — Judges 15:16"
      },
      {
        "para_id": "14420.14126",
        "lang": "en",
        "refcode": "NCV — Judges 15:16"
      },
      {
        "para_id": "1965.14126",
        "lang": "en",
        "refcode": "KJV — Judges 15:16"
      },
      {
        "para_id": "14175.14126",
        "lang": "en",
        "refcode": "KJVSD — Judges 15:16"
      },
      {
        "para_id": "11139.14126",
        "lang": "en",
        "refcode": "ASV — Judges 15:16"
      },
      {
        "para_id": "14340.14126",
        "lang": "en",
        "refcode": "NIV — Judges 15:16"
      },
      {
        "para_id": "14333.14126",
        "lang": "en",
        "refcode": "ISV — Judges 15:16"
      },
      {
        "para_id": "14125.14126",
        "lang": "en",
        "refcode": "KJRV — Judges 15:16"
      },
      {
        "para_id": "1968.14134",
        "lang": "es",
        "refcode": "RVa — Jueces 15:16"
      },
      {
        "para_id": "14422.14128",
        "lang": "es",
        "refcode": "RVR — Jueces 15:16"
      },
      {
        "para_id": "14421.14126",
        "lang": "es",
        "refcode": "NBLA — Jueces 15:16"
      },
      {
        "para_id": "2021.14126",
        "lang": "fr",
        "refcode": "Fren — Juges 15:16"
      },
      {
        "para_id": "1966.14126",
        "lang": "it",
        "refcode": "LND — Giudici 15:16"
      },
      {
        "para_id": "1970.14126",
        "lang": "pl",
        "refcode": "PB — Sędziów 15:16"
      },
      {
        "para_id": "1971.14128",
        "lang": "pt",
        "refcode": "PCF — Juízes 15:16"
      },
      {
        "para_id": "1973.14126",
        "lang": "ro",
        "refcode": "NTR — Judecători 15:16"
      },
      {
        "para_id": "11165.14126",
        "lang": "ro",
        "refcode": "RCCV — Judecători 15:16"
      },
      {
        "para_id": "1972.14132",
        "lang": "ru",
        "refcode": "РСП — Судей 15:16"
      },
      {
        "para_id": "14191.14126",
        "lang": "tpi",
        "refcode": "BBTP — Hetman 15:16"
      },
      {
        "para_id": "12318.14126",
        "lang": "uk",
        "refcode": "УПО — Суддів 15:16"
      },
      {
        "para_id": "1969.14126",
        "lang": "zh",
        "refcode": "CHIUS — 士師記 15:16"
      }
    ]
  },
  {
    "para_id": "11144.14128",
    "id_prev": "11144.14126",
    "id_next": "11144.14130",
    "refcode_1": "YLT",
    "refcode_2": "Judges",
    "refcode_3": "15",
    "refcode_4": "17",
    "refcode_short": "YLT — Judges 15:17",
    "refcode_long": "Young’s Literal Translation — Judges 15:17",
    "element_type": "p",
    "element_subtype": "standard-noindent",
    "content": "<strong>17</strong> And it cometh to pass when he finisheth speaking, that he casteth away the jaw-bone out of his hand, and calleth that place Ramath-Lehi;",
    "puborder": 7181,
    "translations": [
      {
        "para_id": "14207.14128",
        "lang": "bg",
        "refcode": "ББ1940 — Съдии 15:17"
      },
      {
        "para_id": "11258.14062",
        "lang": "cs",
        "refcode": "CzeCEP — Soudců 15:17"
      },
      {
        "para_id": "1967.14128",
        "lang": "de",
        "refcode": "Lut — Richter 15:17"
      },
      {
        "para_id": "14340.14128",
        "lang": "en",
        "refcode": "NIV — Judges 15:17"
      },
      {
        "para_id": "11140.14130",
        "lang": "en",
        "refcode": "DBY — Judges 15:17"
      },
      {
        "para_id": "11142.14128",
        "lang": "en",
        "refcode": "WEB — Judges 15:17"
      },
      {
        "para_id": "14125.14128",
        "lang": "en",
        "refcode": "KJRV — Judges 15:17"
      },
      {
        "para_id": "14334.14128",
        "lang": "en",
        "refcode": "NKJV — Judges 15:17"
      },
      {
        "para_id": "11143.14128",
        "lang": "en",
        "refcode": "WBS — Judges 15:17"
      },
      {
        "para_id": "14333.14128",
        "lang": "en",
        "refcode": "ISV — Judges 15:17"
      },
      {
        "para_id": "14341.14128",
        "lang": "en",
        "refcode": "NET — Judges 15:17"
      },
      {
        "para_id": "14420.14128",
        "lang": "en",
        "refcode": "NCV — Judges 15:17"
      },
      {
        "para_id": "14175.14128",
        "lang": "en",
        "refcode": "KJVSD — Judges 15:17"
      },
      {
        "para_id": "14419.14128",
        "lang": "en",
        "refcode": "ICB — Judges 15:17"
      },
      {
        "para_id": "1965.14128",
        "lang": "en",
        "refcode": "KJV — Judges 15:17"
      },
      {
        "para_id": "14336.14128",
        "lang": "en",
        "refcode": "RV1885 — Judges 15:17"
      },
      {
        "para_id": "11139.14128",
        "lang": "en",
        "refcode": "ASV — Judges 15:17"
      },
      {
        "para_id": "11145.14128",
        "lang": "en",
        "refcode": "AKJV — Judges 15:17"
      },
      {
        "para_id": "14736.14128",
        "lang": "en",
        "refcode": "NHEB — Judges 15:17"
      },
      {
        "para_id": "14330.14128",
        "lang": "en",
        "refcode": "ERV — Judges 15:17"
      },
      {
        "para_id": "14422.14130",
        "lang": "es",
        "refcode": "RVR — Jueces 15:17"
      },
      {
        "para_id": "1968.14136",
        "lang": "es",
        "refcode": "RVa — Jueces 15:17"
      },
      {
        "para_id": "14421.14128",
        "lang": "es",
        "refcode": "NBLA — Jueces 15:17"
      },
      {
        "para_id": "2021.14128",
        "lang": "fr",
        "refcode": "Fren — Juges 15:17"
      },
      {
        "para_id": "1966.14128",
        "lang": "it",
        "refcode": "LND — Giudici 15:17"
      },
      {
        "para_id": "1970.14128",
        "lang": "pl",
        "refcode": "PB — Sędziów 15:17"
      },
      {
        "para_id": "1971.14130",
        "lang": "pt",
        "refcode": "PCF — Juízes 15:17"
      },
      {
        "para_id": "11165.14128",
        "lang": "ro",
        "refcode": "RCCV — Judecători 15:17"
      },
      {
        "para_id": "1973.14128",
        "lang": "ro",
        "refcode": "NTR — Judecători 15:17"
      },
      {
        "para_id": "1972.14134",
        "lang": "ru",
        "refcode": "РСП — Судей 15:17"
      },
      {
        "para_id": "14191.14128",
        "lang": "tpi",
        "refcode": "BBTP — Hetman 15:17"
      },
      {
        "para_id": "12318.14128",
        "lang": "uk",
        "refcode": "УПО — Суддів 15:17"
      },
      {
        "para_id": "1969.14128",
        "lang": "zh",
        "refcode": "CHIUS — 士師記 15:17"
      }
    ]
  },
  {
    "para_id": "11144.14130",
    "id_prev": "11144.14128",
    "id_next": "11144.14132",
    "refcode_1": "YLT",
    "refcode_2": "Judges",
    "refcode_3": "15",
    "refcode_4": "18",
    "refcode_short": "YLT — Judges 15:18",
    "refcode_long": "Young’s Literal Translation — Judges 15:18",
    "element_type": "p",
    "element_subtype": "standard-noindent",
    "content": "<strong>18</strong> and he thirsteth exceedingly, and calleth unto Jehovah, and saith, &lsquo;Thou &mdash; Thou hast given by the hand of Thy servant this great salvation; and now, I die with thirst, and have fallen into the hand of the uncircumcised.&rsquo;",
    "puborder": 7182,
    "translations": [
      {
        "para_id": "14207.14130",
        "lang": "bg",
        "refcode": "ББ1940 — Съдии 15:18"
      },
      {
        "para_id": "11258.14064",
        "lang": "cs",
        "refcode": "CzeCEP — Soudců 15:18"
      },
      {
        "para_id": "1967.14130",
        "lang": "de",
        "refcode": "Lut — Richter 15:18"
      },
      {
        "para_id": "11142.14130",
        "lang": "en",
        "refcode": "WEB — Judges 15:18"
      },
      {
        "para_id": "11139.14130",
        "lang": "en",
        "refcode": "ASV — Judges 15:18"
      },
      {
        "para_id": "14333.14130",
        "lang": "en",
        "refcode": "ISV — Judges 15:18"
      },
      {
        "para_id": "11140.14132",
        "lang": "en",
        "refcode": "DBY — Judges 15:18"
      },
      {
        "para_id": "14341.14130",
        "lang": "en",
        "refcode": "NET — Judges 15:18"
      },
      {
        "para_id": "14125.14130",
        "lang": "en",
        "refcode": "KJRV — Judges 15:18"
      },
      {
        "para_id": "14330.14130",
        "lang": "en",
        "refcode": "ERV — Judges 15:18"
      },
      {
        "para_id": "14419.14130",
        "lang": "en",
        "refcode": "ICB — Judges 15:18"
      },
      {
        "para_id": "14736.14130",
        "lang": "en",
        "refcode": "NHEB — Judges 15:18"
      },
      {
        "para_id": "14420.14130",
        "lang": "en",
        "refcode": "NCV — Judges 15:18"
      },
      {
        "para_id": "14336.14130",
        "lang": "en",
        "refcode": "RV1885 — Judges 15:18"
      },
      {
        "para_id": "14334.14130",
        "lang": "en",
        "refcode": "NKJV — Judges 15:18"
      },
      {
        "para_id": "1965.14130",
        "lang": "en",
        "refcode": "KJV — Judges 15:18"
      },
      {
        "para_id": "11143.14130",
        "lang": "en",
        "refcode": "WBS — Judges 15:18"
      },
      {
        "para_id": "14340.14130",
        "lang": "en",
        "refcode": "NIV — Judges 15:18"
      },
      {
        "para_id": "11145.14130",
        "lang": "en",
        "refcode": "AKJV — Judges 15:18"
      },
      {
        "para_id": "14175.14130",
        "lang": "en",
        "refcode": "KJVSD — Judges 15:18"
      },
      {
        "para_id": "14422.14132",
        "lang": "es",
        "refcode": "RVR — Jueces 15:18"
      },
      {
        "para_id": "1968.14138",
        "lang": "es",
        "refcode": "RVa — Jueces 15:18"
      },
      {
        "para_id": "14421.14130",
        "lang": "es",
        "refcode": "NBLA — Jueces 15:18"
      },
      {
        "para_id": "2021.14130",
        "lang": "fr",
        "refcode": "Fren — Juges 15:18"
      },
      {
        "para_id": "1966.14130",
        "lang": "it",
        "refcode": "LND — Giudici 15:18"
      },
      {
        "para_id": "1970.14130",
        "lang": "pl",
        "refcode": "PB — Sędziów 15:18"
      },
      {
        "para_id": "1971.14132",
        "lang": "pt",
        "refcode": "PCF — Juízes 15:18"
      },
      {
        "para_id": "1973.14130",
        "lang": "ro",
        "refcode": "NTR — Judecători 15:18"
      },
      {
        "para_id": "11165.14130",
        "lang": "ro",
        "refcode": "RCCV — Judecători 15:18"
      },
      {
        "para_id": "1972.14136",
        "lang": "ru",
        "refcode": "РСП — Судей 15:18"
      },
      {
        "para_id": "14191.14130",
        "lang": "tpi",
        "refcode": "BBTP — Hetman 15:18"
      },
      {
        "para_id": "12318.14130",
        "lang": "uk",
        "refcode": "УПО — Суддів 15:18"
      },
      {
        "para_id": "1969.14130",
        "lang": "zh",
        "refcode": "CHIUS — 士師記 15:18"
      }
    ]
  },
  {
    "para_id": "11144.14132",
    "id_prev": "11144.14130",
    "id_next": "11144.14134",
    "refcode_1": "YLT",
    "refcode_2": "Judges",
    "refcode_3": "15",
    "refcode_4": "19",
    "refcode_short": "YLT — Judges 15:19",
    "refcode_long": "Young’s Literal Translation — Judges 15:19",
    "element_type": "p",
    "element_subtype": "standard-noindent",
    "content": "<strong>19</strong> And God cleaveth the hollow place which [is] in Lehi, and waters come out of it, and he drinketh, and his spirit cometh back, and he reviveth; therefore hath [one] called its name &lsquo;The fountain of him who is calling,&rsquo; which [is] in Lehi unto this day.",
    "puborder": 7183,
    "translations": [
      {
        "para_id": "14207.14132",
        "lang": "bg",
        "refcode": "ББ1940 — Съдии 15:19"
      },
      {
        "para_id": "11258.14066",
        "lang": "cs",
        "refcode": "CzeCEP — Soudců 15:19"
      },
      {
        "para_id": "1967.14132",
        "lang": "de",
        "refcode": "Lut — Richter 15:19"
      },
      {
        "para_id": "14736.14132",
        "lang": "en",
        "refcode": "NHEB — Judges 15:19"
      },
      {
        "para_id": "14340.14132",
        "lang": "en",
        "refcode": "NIV — Judges 15:19"
      },
      {
        "para_id": "14341.14132",
        "lang": "en",
        "refcode": "NET — Judges 15:19"
      },
      {
        "para_id": "11140.14134",
        "lang": "en",
        "refcode": "DBY — Judges 15:19"
      },
      {
        "para_id": "11143.14132",
        "lang": "en",
        "refcode": "WBS — Judges 15:19"
      },
      {
        "para_id": "14333.14132",
        "lang": "en",
        "refcode": "ISV — Judges 15:19"
      },
      {
        "para_id": "14420.14132",
        "lang": "en",
        "refcode": "NCV — Judges 15:19"
      },
      {
        "para_id": "1965.14132",
        "lang": "en",
        "refcode": "KJV — Judges 15:19"
      },
      {
        "para_id": "14419.14132",
        "lang": "en",
        "refcode": "ICB — Judges 15:19"
      },
      {
        "para_id": "14334.14132",
        "lang": "en",
        "refcode": "NKJV — Judges 15:19"
      },
      {
        "para_id": "11142.14132",
        "lang": "en",
        "refcode": "WEB — Judges 15:19"
      },
      {
        "para_id": "14336.14132",
        "lang": "en",
        "refcode": "RV1885 — Judges 15:19"
      },
      {
        "para_id": "14330.14132",
        "lang": "en",
        "refcode": "ERV — Judges 15:19"
      },
      {
        "para_id": "11139.14132",
        "lang": "en",
        "refcode": "ASV — Judges 15:19"
      },
      {
        "para_id": "14175.14132",
        "lang": "en",
        "refcode": "KJVSD — Judges 15:19"
      },
      {
        "para_id": "11145.14132",
        "lang": "en",
        "refcode": "AKJV — Judges 15:19"
      },
      {
        "para_id": "14125.14132",
        "lang": "en",
        "refcode": "KJRV — Judges 15:19"
      },
      {
        "para_id": "14422.14134",
        "lang": "es",
        "refcode": "RVR — Jueces 15:19"
      },
      {
        "para_id": "1968.14140",
        "lang": "es",
        "refcode": "RVa — Jueces 15:19"
      },
      {
        "para_id": "14421.14132",
        "lang": "es",
        "refcode": "NBLA — Jueces 15:19"
      },
      {
        "para_id": "2021.14132",
        "lang": "fr",
        "refcode": "Fren — Juges 15:19"
      },
      {
        "para_id": "1966.14132",
        "lang": "it",
        "refcode": "LND — Giudici 15:19"
      },
      {
        "para_id": "1970.14132",
        "lang": "pl",
        "refcode": "PB — Sędziów 15:19"
      },
      {
        "para_id": "1971.14134",
        "lang": "pt",
        "refcode": "PCF — Juízes 15:19"
      },
      {
        "para_id": "11165.14132",
        "lang": "ro",
        "refcode": "RCCV — Judecători 15:19"
      },
      {
        "para_id": "1973.14132",
        "lang": "ro",
        "refcode": "NTR — Judecători 15:19"
      },
      {
        "para_id": "1972.14138",
        "lang": "ru",
        "refcode": "РСП — Судей 15:19"
      },
      {
        "para_id": "14191.14132",
        "lang": "tpi",
        "refcode": "BBTP — Hetman 15:19"
      },
      {
        "para_id": "12318.14132",
        "lang": "uk",
        "refcode": "УПО — Суддів 15:19"
      },
      {
        "para_id": "1969.14132",
        "lang": "zh",
        "refcode": "CHIUS — 士師記 15:19"
      }
    ]
  },
  {
    "para_id": "11144.14134",
    "id_prev": "11144.14132",
    "id_next": "11144.14135",
    "refcode_1": "YLT",
    "refcode_2": "Judges",
    "refcode_3": "15",
    "refcode_4": "20",
    "refcode_short": "YLT — Judges 15:20",
    "refcode_long": "Young’s Literal Translation — Judges 15:20",
    "element_type": "p",
    "element_subtype": "standard-noindent",
    "content": "<strong>20</strong> And he judgeth Israel in the days of the Philistines twenty years.",
    "puborder": 7184,
    "translations": [
      {
        "para_id": "14207.14134",
        "lang": "bg",
        "refcode": "ББ1940 — Съдии 15:20"
      },
      {
        "para_id": "11258.14068",
        "lang": "cs",
        "refcode": "CzeCEP — Soudců 15:20"
      },
      {
        "para_id": "1967.14134",
        "lang": "de",
        "refcode": "Lut — Richter 15:20"
      },
      {
        "para_id": "11145.14134",
        "lang": "en",
        "refcode": "AKJV — Judges 15:20"
      },
      {
        "para_id": "11143.14134",
        "lang": "en",
        "refcode": "WBS — Judges 15:20"
      },
      {
        "para_id": "11140.14136",
        "lang": "en",
        "refcode": "DBY — Judges 15:20"
      },
      {
        "para_id": "14175.14134",
        "lang": "en",
        "refcode": "KJVSD — Judges 15:20"
      },
      {
        "para_id": "14341.14134",
        "lang": "en",
        "refcode": "NET — Judges 15:20"
      },
      {
        "para_id": "14340.14134",
        "lang": "en",
        "refcode": "NIV — Judges 15:20"
      },
      {
        "para_id": "11142.14134",
        "lang": "en",
        "refcode": "WEB — Judges 15:20"
      },
      {
        "para_id": "14736.14134",
        "lang": "en",
        "refcode": "NHEB — Judges 15:20"
      },
      {
        "para_id": "14334.14134",
        "lang": "en",
        "refcode": "NKJV — Judges 15:20"
      },
      {
        "para_id": "14419.14134",
        "lang": "en",
        "refcode": "ICB — Judges 15:20"
      },
      {
        "para_id": "14333.14134",
        "lang": "en",
        "refcode": "ISV — Judges 15:20"
      },
      {
        "para_id": "1965.14134",
        "lang": "en",
        "refcode": "KJV — Judges 15:20"
      },
      {
        "para_id": "14330.14134",
        "lang": "en",
        "refcode": "ERV — Judges 15:20"
      },
      {
        "para_id": "11139.14134",
        "lang": "en",
        "refcode": "ASV — Judges 15:20"
      },
      {
        "para_id": "14125.14134",
        "lang": "en",
        "refcode": "KJRV — Judges 15:20"
      },
      {
        "para_id": "14420.14134",
        "lang": "en",
        "refcode": "NCV — Judges 15:20"
      },
      {
        "para_id": "14336.14134",
        "lang": "en",
        "refcode": "RV1885 — Judges 15:20"
      },
      {
        "para_id": "1968.14142",
        "lang": "es",
        "refcode": "RVa — Jueces 15:20"
      },
      {
        "para_id": "14422.14136",
        "lang": "es",
        "refcode": "RVR — Jueces 15:20"
      },
      {
        "para_id": "14421.14134",
        "lang": "es",
        "refcode": "NBLA — Jueces 15:20"
      },
      {
        "para_id": "2021.14134",
        "lang": "fr",
        "refcode": "Fren — Juges 15:20"
      },
      {
        "para_id": "1966.14134",
        "lang": "it",
        "refcode": "LND — Giudici 15:20"
      },
      {
        "para_id": "1970.14134",
        "lang": "pl",
        "refcode": "PB — Sędziów 15:20"
      },
      {
        "para_id": "1971.14136",
        "lang": "pt",
        "refcode": "PCF — Juízes 15:20"
      },
      {
        "para_id": "11165.14134",
        "lang": "ro",
        "refcode": "RCCV — Judecători 15:20"
      },
      {
        "para_id": "1973.14134",
        "lang": "ro",
        "refcode": "NTR — Judecători 15:20"
      },
      {
        "para_id": "1972.14140",
        "lang": "ru",
        "refcode": "РСП — Судей 15:20"
      },
      {
        "para_id": "14191.14134",
        "lang": "tpi",
        "refcode": "BBTP — Hetman 15:20"
      },
      {
        "para_id": "12318.14134",
        "lang": "uk",
        "refcode": "УПО — Суддів 15:20"
      },
      {
        "para_id": "1969.14134",
        "lang": "zh",
        "refcode": "CHIUS — 士師記 15:20"
      }
    ]
  }
]