[
  {
    "para_id": "15.5",
    "level": 0,
    "title": "Christ's Object Lessons",
    "refcode_short": "COL 5",
    "dup": null,
    "puborder": 1
  },
  {
    "para_id": "15.9",
    "level": 1,
    "title": "Preface",
    "refcode_short": "COL 7",
    "dup": "15.5",
    "mp3": "/mp3/15/0002_eng_m_preface_15_9.mp3#duration=159&size=1416620",
    "puborder": 2
  },
  {
    "para_id": "15.31",
    "level": 1,
    "title": "Chapter 1—Teaching in Parables",
    "refcode_short": "COL 17",
    "dup": null,
    "mp3": "/mp3/15/0004_eng_m_chapter_1_teaching_in_parables_15_31.mp3#duration=1011&size=8229322",
    "puborder": 11
  },
  {
    "para_id": "15.78",
    "level": 1,
    "title": "Chapter 2—“The Sower Went Forth to Sow”",
    "refcode_short": "COL 33",
    "dup": null,
    "mp3": "/mp3/15/0005_eng_m_chapter_2_the_sower_went_forth_to_sow_15_78.mp3#duration=3321&size=26714600",
    "puborder": 33
  },
  {
    "para_id": "15.80",
    "level": 2,
    "title": "The Sower and the Seed",
    "refcode_short": "COL 33",
    "dup": null,
    "puborder": 35
  },
  {
    "para_id": "15.127",
    "level": 2,
    "title": "The Soil—by the Wayside",
    "refcode_short": "COL 43",
    "dup": null,
    "puborder": 62
  },
  {
    "para_id": "15.140",
    "level": 2,
    "title": "In Stony Places",
    "refcode_short": "COL 46",
    "dup": null,
    "puborder": 69
  },
  {
    "para_id": "15.162",
    "level": 2,
    "title": "Among Thorns",
    "refcode_short": "COL 50",
    "dup": null,
    "puborder": 83
  },
  {
    "para_id": "15.191",
    "level": 2,
    "title": "Preparation of the Soil",
    "refcode_short": "COL 56",
    "dup": null,
    "puborder": 102
  },
  {
    "para_id": "15.199",
    "level": 2,
    "title": "In Good Ground",
    "refcode_short": "COL 58",
    "dup": null,
    "puborder": 107
  },
  {
    "para_id": "15.221",
    "level": 1,
    "title": "Chapter 3—“First the Blade, Then the Ear”",
    "refcode_short": "COL 62",
    "dup": null,
    "mp3": "/mp3/15/0012_eng_m_chapter_3_first_the_blade_then_the_ear_15_221.mp3#duration=673&size=5530461",
    "puborder": 122
  },
  {
    "para_id": "15.254",
    "level": 1,
    "title": "Chapter 4—Tares",
    "refcode_short": "COL 70",
    "dup": null,
    "mp3": "/mp3/15/0013_eng_m_chapter_4_tares_15_254.mp3#duration=535&size=4420861",
    "puborder": 140
  },
  {
    "para_id": "15.279",
    "level": 1,
    "title": "Chapter 5—“Like a Grain of Mustard Seed”",
    "refcode_short": "COL 76",
    "dup": null,
    "mp3": "/mp3/15/0014_eng_m_chapter_5_like_a_grain_of_mustard_seed_15_279.mp3#duration=497&size=4121197",
    "puborder": 156
  },
  {
    "para_id": "15.296",
    "level": 1,
    "title": "Chapter 6—Other Lessons from Seed-Sowing",
    "refcode_short": "COL 80",
    "dup": null,
    "mp3": "/mp3/15/0015_eng_m_chapter_6_other_lessons_from_seed_sowing_15_296.mp3#duration=1100&size=17736941",
    "puborder": 167
  },
  {
    "para_id": "15.356",
    "level": 1,
    "title": "Chapter 7—Like Unto Leaven",
    "refcode_short": "COL 95",
    "dup": null,
    "mp3": "/mp3/15/0016_eng_m_chapter_7_like_unto_leaven_15_356.mp3#duration=798&size=6529126",
    "puborder": 203
  },
  {
    "para_id": "15.393",
    "level": 1,
    "title": "Chapter 8—Hidden Treasure",
    "refcode_short": "COL 103",
    "dup": null,
    "mp3": "/mp3/15/0017_eng_m_chapter_8_hidden_treasure_15_393.mp3#duration=1412&size=11440088",
    "puborder": 225
  },
  {
    "para_id": "15.402",
    "level": 2,
    "title": "How Hidden",
    "refcode_short": "COL 104",
    "dup": null,
    "puborder": 232
  },
  {
    "para_id": "15.414",
    "level": 2,
    "title": "Value of the Treasure",
    "refcode_short": "COL 106",
    "dup": null,
    "puborder": 240
  },
  {
    "para_id": "15.426",
    "level": 2,
    "title": "Results of Neglecting the Treasure",
    "refcode_short": "COL 108",
    "dup": null,
    "puborder": 248
  },
  {
    "para_id": "15.431",
    "level": 2,
    "title": "Search for the Treasure",
    "refcode_short": "COL 109",
    "dup": null,
    "puborder": 251
  },
  {
    "para_id": "15.454",
    "level": 2,
    "title": "Reward of Searching",
    "refcode_short": "COL 113",
    "dup": null,
    "puborder": 267
  },
  {
    "para_id": "15.462",
    "level": 1,
    "title": "Chapter 9—The Pearl",
    "refcode_short": "COL 115",
    "dup": null,
    "mp3": "/mp3/15/0023_eng_m_chapter_9_the_pearl_15_462.mp3#duration=725&size=5945908",
    "puborder": 273
  },
  {
    "para_id": "15.487",
    "level": 1,
    "title": "Chapter 10—The Net",
    "refcode_short": "COL 122",
    "dup": null,
    "mp3": "/mp3/15/0024_eng_m_chapter_10_the_net_15_487.mp3#duration=171&size=1509993",
    "puborder": 287
  },
  {
    "para_id": "15.497",
    "level": 1,
    "title": "Chapter 11—Things New and Old",
    "refcode_short": "COL 124",
    "dup": null,
    "mp3": "/mp3/15/0025_eng_m_chapter_11_things_new_and_old_15_497.mp3#duration=1268&size=10291825",
    "puborder": 294
  },
  {
    "para_id": "15.555",
    "level": 1,
    "title": "Chapter 12—Asking to Give",
    "refcode_short": "COL 139",
    "dup": null,
    "mp3": "/mp3/15/0026_eng_m_chapter_12_asking_to_give_15_555.mp3#duration=1444&size=11700456",
    "puborder": 330
  },
  {
    "para_id": "15.617",
    "level": 1,
    "title": "Chapter 13—Two Worshipers",
    "refcode_short": "COL 150",
    "dup": null,
    "mp3": "/mp3/15/0027_eng_m_chapter_13_two_worshipers_15_617.mp3#duration=1703&size=13768681",
    "puborder": 373
  },
  {
    "para_id": "15.681",
    "level": 1,
    "title": "Chapter 14—“Shall Not God Avenge His Own?”",
    "refcode_short": "COL 164",
    "dup": null,
    "mp3": "/mp3/15/0028_eng_m_chapter_14_shall_not_god_avenge_his_own_15_681.mp3#duration=1989&size=16058701",
    "puborder": 415
  },
  {
    "para_id": "15.766",
    "level": 1,
    "title": "Chapter 15—“This Man Receiveth Sinners”",
    "refcode_short": "COL 185",
    "dup": null,
    "mp3": "/mp3/15/0029_eng_m_chapter_15_this_man_receiveth_sinners_15_766.mp3#duration=1541&size=12470079",
    "puborder": 466
  },
  {
    "para_id": "15.774",
    "level": 2,
    "title": "The Lost Sheep",
    "refcode_short": "COL 186",
    "dup": null,
    "puborder": 473
  },
  {
    "para_id": "15.806",
    "level": 2,
    "title": "The Lost Piece of Silver",
    "refcode_short": "COL 192",
    "dup": null,
    "puborder": 493
  },
  {
    "para_id": "15.833",
    "level": 1,
    "title": "Chapter 16—“Lost, and Is Found”",
    "refcode_short": "COL 198",
    "dup": null,
    "mp3": "/mp3/15/0032_eng_m_chapter_16_lost_and_is_found_15_833.mp3#duration=1495&size=12106797",
    "puborder": 512
  },
  {
    "para_id": "15.899",
    "level": 1,
    "title": "Chapter 17—“Spare it this Year Also”",
    "refcode_short": "COL 212",
    "dup": null,
    "mp3": "/mp3/15/0033_eng_m_chapter_17_spare_it_this_year_also_15_899.mp3#duration=773&size=6327363",
    "puborder": 552
  },
  {
    "para_id": "15.934",
    "level": 1,
    "title": "Chapter 18—“Go Into the Highways and Hedges”",
    "refcode_short": "COL 219",
    "dup": null,
    "mp3": "/mp3/15/0034_eng_m_chapter_18_go_into_the_highways_and_hedges_15_934.mp3#duration=2164&size=17454024",
    "puborder": 576
  },
  {
    "para_id": "15.1027",
    "level": 1,
    "title": "Chapter 19—The Measure of Forgiveness",
    "refcode_short": "COL 243",
    "dup": null,
    "mp3": "/mp3/15/0035_eng_m_chapter_19_the_measure_of_forgiveness_15_1027.mp3#duration=990&size=8067490",
    "puborder": 630
  },
  {
    "para_id": "15.1070",
    "level": 1,
    "title": "Chapter 20—Gain that is Loss",
    "refcode_short": "COL 252",
    "dup": null,
    "mp3": "/mp3/15/0036_eng_m_chapter_20_gain_that_is_loss_15_1070.mp3#duration=771&size=6314475",
    "puborder": 656
  },
  {
    "para_id": "15.1104",
    "level": 1,
    "title": "Chapter 21—“A Great Gulf Fixed”",
    "refcode_short": "COL 260",
    "dup": null,
    "mp3": "/mp3/15/0037_eng_m_chapter_21_a_great_gulf_fixed_15_1104.mp3#duration=1447&size=11722408",
    "puborder": 676
  },
  {
    "para_id": "15.1141",
    "level": 2,
    "title": "Application to the Jewish Nation",
    "refcode_short": "COL 267",
    "dup": null,
    "puborder": 701
  },
  {
    "para_id": "15.1150",
    "level": 2,
    "title": "In the Last Days",
    "refcode_short": "COL 269",
    "dup": null,
    "puborder": 707
  },
  {
    "para_id": "15.1160",
    "level": 1,
    "title": "Chapter 22—Saying and Doing",
    "refcode_short": "COL 272",
    "dup": null,
    "mp3": "/mp3/15/0040_eng_m_chapter_22_saying_and_doing_15_1160.mp3#duration=1403&size=11365188",
    "puborder": 712
  },
  {
    "para_id": "15.1222",
    "level": 1,
    "title": "Chapter 23—The Lord's Vineyard",
    "refcode_short": "COL 284",
    "dup": null,
    "mp3": "/mp3/15/0041_eng_m_chapter_23_the_lord_s_vineyard_15_1222.mp3#duration=2905&size=23389316",
    "puborder": 751
  },
  {
    "para_id": "15.1224",
    "level": 2,
    "title": "The Jewish Nation",
    "refcode_short": "COL 284",
    "dup": null,
    "puborder": 753
  },
  {
    "para_id": "15.1286",
    "level": 2,
    "title": "The Church of Today",
    "refcode_short": "COL 296",
    "dup": null,
    "puborder": 791
  },
  {
    "para_id": "15.1349",
    "level": 1,
    "title": "Chapter 24—Without a Wedding Garment",
    "refcode_short": "COL 307",
    "dup": null,
    "mp3": "/mp3/15/0044_eng_m_chapter_24_without_a_wedding_garment_15_1349.mp3#duration=1480&size=11982461",
    "puborder": 834
  },
  {
    "para_id": "15.1417",
    "level": 1,
    "title": "Chapter 25—Talents",
    "refcode_short": "COL 325",
    "dup": null,
    "mp3": "/mp3/15/0045_eng_m_chapter_25_talents_15_1417.mp3#duration=4934&size=39618941",
    "puborder": 876
  },
  {
    "para_id": "15.1430",
    "level": 2,
    "title": "Gifts of the Holy Spirit",
    "refcode_short": "COL 327",
    "dup": null,
    "puborder": 885
  },
  {
    "para_id": "15.1435",
    "level": 2,
    "title": "Other Talents",
    "refcode_short": "COL 328",
    "dup": null,
    "puborder": 889
  },
  {
    "para_id": "15.1461",
    "level": 2,
    "title": "Mental Faculties",
    "refcode_short": "COL 333",
    "dup": null,
    "puborder": 907
  },
  {
    "para_id": "15.1472",
    "level": 2,
    "title": "Speech",
    "refcode_short": "COL 335",
    "dup": null,
    "puborder": 915
  },
  {
    "para_id": "15.1494",
    "level": 2,
    "title": "Influence",
    "refcode_short": "COL 339",
    "dup": null,
    "puborder": 931
  },
  {
    "para_id": "15.1509",
    "level": 2,
    "title": "Time",
    "refcode_short": "COL 342",
    "dup": null,
    "puborder": 940
  },
  {
    "para_id": "15.1532",
    "level": 2,
    "title": "Health",
    "refcode_short": "COL 346",
    "dup": null,
    "puborder": 958
  },
  {
    "para_id": "15.1543",
    "level": 2,
    "title": "Strength",
    "refcode_short": "COL 348",
    "dup": null,
    "puborder": 965
  },
  {
    "para_id": "15.1560",
    "level": 2,
    "title": "Money",
    "refcode_short": "COL 351",
    "dup": null,
    "puborder": 976
  },
  {
    "para_id": "15.1568",
    "level": 2,
    "title": "Kindly Impulses and Affections",
    "refcode_short": "COL 352",
    "dup": null,
    "puborder": 983
  },
  {
    "para_id": "15.1572",
    "level": 2,
    "title": "Talents Multiplied by Use",
    "refcode_short": "COL 353",
    "dup": null,
    "puborder": 985
  },
  {
    "para_id": "15.1582",
    "level": 2,
    "title": "The One Talent",
    "refcode_short": "COL 355",
    "dup": null,
    "puborder": 991
  },
  {
    "para_id": "15.1610",
    "level": 2,
    "title": "The Talents Returned",
    "refcode_short": "COL 360",
    "dup": null,
    "puborder": 1010
  },
  {
    "para_id": "15.1634",
    "level": 2,
    "title": "The Talent Removed",
    "refcode_short": "COL 364",
    "dup": null,
    "puborder": 1027
  },
  {
    "para_id": "15.1643",
    "level": 1,
    "title": "Chapter 26—“Friends by the Mammon of Unrighteousness”",
    "refcode_short": "COL 366",
    "dup": null,
    "mp3": "/mp3/15/0060_eng_m_chapter_26_friends_by_the_mammon_of_unrighteousness_15_1643.mp3#duration=1036&size=8429662",
    "puborder": 1033
  },
  {
    "para_id": "15.1690",
    "level": 1,
    "title": "Chapter 27—“Who is My Neighbour?”",
    "refcode_short": "COL 376",
    "dup": null,
    "mp3": "/mp3/15/0061_eng_m_chapter_27_who_is_my_neighbour_15_1690.mp3#duration=1488&size=12045429",
    "puborder": 1063
  },
  {
    "para_id": "15.1754",
    "level": 1,
    "title": "Chapter 28—The Reward of Grace",
    "refcode_short": "COL 390",
    "dup": null,
    "mp3": "/mp3/15/0062_eng_m_chapter_28_the_reward_of_grace_15_1754.mp3#duration=1667&size=13480812",
    "puborder": 1102
  },
  {
    "para_id": "15.1833",
    "level": 1,
    "title": "Chapter 29—“To Meet the Bridegroom”",
    "refcode_short": "COL 405",
    "dup": null,
    "mp3": "/mp3/15/0063_eng_m_chapter_29_to_meet_the_bridegroom_15_1833.mp3#duration=1652&size=13358634",
    "puborder": 1152
  }
]