[
  {
    "para_id": "412.60",
    "id_prev": "412.57",
    "id_next": "412.61",
    "refcode_1": "SpTA07",
    "refcode_2": "14",
    "refcode_3": "",
    "refcode_4": "9",
    "refcode_short": "SpTA07 14",
    "refcode_long": "Special Testimonies for Ministers and Workers—No. 7, p. 14 (Ellen Gould White)",
    "element_type": "h4",
    "element_subtype": "",
    "content": "Attitude of Searchers for Truth",
    "puborder": 38,
    "translations": []
  },
  {
    "para_id": "412.61",
    "id_prev": "412.60",
    "id_next": "412.62",
    "refcode_1": "SpTA07",
    "refcode_2": "14",
    "refcode_3": "1",
    "refcode_4": "",
    "refcode_short": "SpTA07 14.1",
    "refcode_long": "Special Testimonies for Ministers and Workers—No. 7, p. 14.1 (Ellen Gould White)",
    "element_type": "p",
    "element_subtype": "standard-indented",
    "content": "Be guarded, and search the Scriptures with all reverence; for they contain wonderful truth. Through the truth you are to be renewed, reshaped in character, that you may bear the imprint of the divine. There is light, precious light, for all whose hearts are softened and subdued by the Spirit of God. They will receive joyfully the bright beams of the Sun of Righteousness. Whatever God has written is for the instruction of all. That which he saw essential to inspire holy men to write, is for your edification. Only practise the words of truth, and you are safe; you will be God&apos;s light-bearers to the world. Study the word of God, critically and prayerfully, that you may understand the great vital truths concerning the salvation of the soul. Self-confidence and self-assumption will never prove a saving power to you. In humility, diligently seeking the grace of God, dig deep, know what is truth, and that your foundation is sure. The truth must be kept before the people; and you need constantly to realize your dependence upon God.",
    "puborder": 39,
    "translations": []
  },
  {
    "para_id": "412.62",
    "id_prev": "412.61",
    "id_next": "412.65",
    "refcode_1": "SpTA07",
    "refcode_2": "14",
    "refcode_3": "2",
    "refcode_4": "",
    "refcode_short": "SpTA07 14.2",
    "refcode_long": "Special Testimonies for Ministers and Workers—No. 7, p. 14.2 (Ellen Gould White)",
    "element_type": "p",
    "element_subtype": "standard-indented",
    "content": "Let not one man feel that his gift alone is sufficient for the work of God; that he alone can carry through a series of meetings, and give perfection to the work. His methods may be good, and yet varied gifts are essential; one man&apos;s mind is not to mold and fashion the work according to <span class=\"page-break\" data-page=\"15\"></span> his special ideas. In order for the work to be built up strong and symmetrical, there is need of varied gifts and different agencies, all under the Lord&apos;s direction; he will instruct the workers according to their several ability. Co-operation and unity are essential to a harmonious whole, each laborer doing his God-given work, filling his appropriate position, and supplying the deficiency of another. One worker left to labor alone is in danger of thinking that his talent is sufficient to make a complete whole. Where there is a union of workers, there is opportunity for them to consult together, to pray together, to co-operate in labor. None should feel that they cannot link up with their brethren because they do not work in exactly the same line as they themselves do. Those who entertain such thoughts, show that they need the converting power of God upon their own hearts and characters, that their peculiarities may not become a hindrance to the work for the salvation of their fellow men.",
    "puborder": 40,
    "translations": []
  }
]