[
  {
    "para_id": "143.1388",
    "id_prev": "143.1387",
    "id_next": "143.1389",
    "refcode_1": "2SP",
    "refcode_2": "324",
    "refcode_3": "",
    "refcode_4": "28",
    "refcode_short": "2SP 324",
    "refcode_long": "The Spirit of Prophecy, vol. 2, p. 324 (Ellen Gould White)",
    "element_type": "h3",
    "element_subtype": "",
    "content": "Chapter 28&mdash;The Transfiguration",
    "puborder": 775,
    "translations": []
  },
  {
    "para_id": "143.1389",
    "id_prev": "143.1388",
    "id_next": "143.1392",
    "refcode_1": "2SP",
    "refcode_2": "324",
    "refcode_3": "2",
    "refcode_4": "",
    "refcode_short": "2SP 324.2",
    "refcode_long": "The Spirit of Prophecy, vol. 2, p. 324.2 (Ellen Gould White)",
    "element_type": "p",
    "element_subtype": "standard-indented",
    "content": "As the time drew near when Jesus was to suffer and die, he was more frequently alone with his disciples. After teaching the people all day, he would repair with his disciples to a retired place and pray and commune with them. He was weary, yet he had no time to rest, for his work on earth was hastening to a close, and he had much to do before the final hour arrived. He had declared to his disciples that he would <span class=\"page-break\" data-page=\"325\"></span> establish his kingdom so firmly on earth that the gates of hell should not prevail against it. Jesus, in view of his approaching trial, gathered his disciples about him and opened their minds regarding his future humiliation and shameful death at the hands of his persecutors. The impulsive Peter could not for a moment endure the thought, and insisted that it could not be. Jesus solemnly rebuked Peter&apos;s unbelief in suggesting that prophecy would not be fulfilled in the sacrifice of the Son of God.",
    "puborder": 776,
    "translations": []
  },
  {
    "para_id": "143.1392",
    "id_prev": "143.1389",
    "id_next": "143.1393",
    "refcode_1": "2SP",
    "refcode_2": "325",
    "refcode_3": "1",
    "refcode_4": "",
    "refcode_short": "2SP 325.1",
    "refcode_long": "The Spirit of Prophecy, vol. 2, p. 325.1 (Ellen Gould White)",
    "element_type": "p",
    "element_subtype": "standard-indented",
    "content": "Jesus then proceeded to explain to his disciples that they also must suffer for his name, bear the cross in following him, and endure a corresponding humiliation, reproach, and shame with that of their Master, or they could never share his glory. His sufferings must be followed by theirs, and his crucifixion must teach them that they should be crucified to the world, resigning all hope of its pomp and pleasure. Previous to this declaration, Jesus had frequently spoken to his disciples of his future humiliation, and he had resolutely discouraged all their hopes of his temporal aggrandizement; but they had so long been accustomed to look upon Messiah as one who would reign as a mighty king, that it had been impossible for them to relinquish entirely their glowing expectations.",
    "puborder": 777,
    "translations": []
  },
  {
    "para_id": "143.1393",
    "id_prev": "143.1392",
    "id_next": "143.1396",
    "refcode_1": "2SP",
    "refcode_2": "325",
    "refcode_3": "2",
    "refcode_4": "",
    "refcode_short": "2SP 325.2",
    "refcode_long": "The Spirit of Prophecy, vol. 2, p. 325.2 (Ellen Gould White)",
    "element_type": "p",
    "element_subtype": "standard-indented",
    "content": "But now the words of Jesus were unmistakable. He was to live, a humble, homeless wanderer, and to die the death of a malefactor. Sadness oppressed their hearts, for they loved their Master; but doubt also harassed their minds, for it seemed incomprehensible that the Son of God should be subjected to such cruel humiliation. They could not understand why he should <span class=\"page-break\" data-page=\"326\"></span> voluntarily go to Jerusalem to meet the treatment which he told them he should there receive. They were deeply grieved that he should resign himself to such an ignominious fate, and leave them in greater darkness than that in which they were groping before he revealed himself to them. The thought suggested itself to their minds that they might take him by force to a place of security, but they dared not attempt this as he had repeatedly denounced all such projects as the suggestions of Satan. In the midst of their gloom they could not refrain from comforting themselves occasionally with the thought that some unforeseen circumstance might avert the fearful doom that awaited their Lord. Thus they sorrowed and doubted, hoped and feared, for six long, gloomy days.",
    "puborder": 778,
    "translations": []
  },
  {
    "para_id": "143.1396",
    "id_prev": "143.1393",
    "id_next": "143.1397",
    "refcode_1": "2SP",
    "refcode_2": "326",
    "refcode_3": "1",
    "refcode_4": "",
    "refcode_short": "2SP 326.1",
    "refcode_long": "The Spirit of Prophecy, vol. 2, p. 326.1 (Ellen Gould White)",
    "element_type": "p",
    "element_subtype": "standard-indented",
    "content": "Jesus was acquainted with the grief and perplexity of his disciples, and he designed to give them additional proof of his Messiahship, in order that their faith might not utterly fail them in the severe ordeal to which they were soon to be subjected. As the sun was setting he called his three most devoted disciples to his side, and led them out of the noisy town, across the fields, and up the steep side of a mountain. Jesus was weary from toil and travel. He had taught the people and healed the sick throughout the entire day; but he sought this high elevation because he could there find retirement from the crowds that continually sought him, and time for meditation and prayer. He was very weary, and was much fatigued in toiling up the steep ascent.",
    "puborder": 779,
    "translations": []
  },
  {
    "para_id": "143.1397",
    "id_prev": "143.1396",
    "id_next": "143.1400",
    "refcode_1": "2SP",
    "refcode_2": "326",
    "refcode_3": "2",
    "refcode_4": "",
    "refcode_short": "2SP 326.2",
    "refcode_long": "The Spirit of Prophecy, vol. 2, p. 326.2 (Ellen Gould White)",
    "element_type": "p",
    "element_subtype": "standard-indented",
    "content": "The disciples were also tired, and, although they were accustomed to this practice of retiring into the solitudes for prayer, they could not help <span class=\"page-break\" data-page=\"327\"></span> wondering that Jesus should attempt to climb this rugged mountain, after such a day of fatigue. But they asked no questions as to his purpose, and patiently accompanied him. As they are ascending the mountain, the setting sun leaves the valleys in shadow, while the light still lingers on the mountain tops, and gilds with its fading glory the rugged path they are treading. But soon the golden light dies out from hill as well as valley, the sun disappears behind the western horizon, and the solitary travelers are wrapt in the darkness of night. And the gloom of their surroundings seems in harmony with their sorrowful lives, around which the clouds are gathering and thickening.",
    "puborder": 780,
    "translations": []
  },
  {
    "para_id": "143.1400",
    "id_prev": "143.1397",
    "id_next": "143.1403",
    "refcode_1": "2SP",
    "refcode_2": "327",
    "refcode_3": "1",
    "refcode_4": "",
    "refcode_short": "2SP 327.1",
    "refcode_long": "The Spirit of Prophecy, vol. 2, p. 327.1 (Ellen Gould White)",
    "element_type": "p",
    "element_subtype": "standard-indented",
    "content": "Having gained the place he sought, Jesus engaged in earnest prayer to his Father. Hour after hour, with tears and importunity, he supplicated for strength to bear his afflictions and for grace to be bestowed upon his disciples that they might bear the terrible trials that awaited them in the future. The dew was heavy upon his bowed form, but he heeded it not; the shadows of night gathered thickly about him, but he regarded not their gloom. So the hours passed slowly by. At first the disciples united their prayers with his in sincere devotion; but as the hours dragged slowly on, they were overcome with weariness and loss of sleep, and even while endeavoring to retain their interest in the scene, they fell asleep. Jesus had told them of his future sufferings, he had taken them with him that they might watch and pray with him while he was pleading with his Father; even then he was praying that his disciples might have strength to endure the coming test of his <span class=\"page-break\" data-page=\"328\"></span> humiliation and death. He especially plead that they might witness such a manifestation of his divinity as would forever remove from their minds all unbelief and lingering doubts; a manifestation that would comfort them in the hour of his supreme agony with the knowledge that he was of a surety the Son of God, and that his shameful death was a part of the divine plan of redemption.",
    "puborder": 781,
    "translations": []
  },
  {
    "para_id": "143.1403",
    "id_prev": "143.1400",
    "id_next": "143.1404",
    "refcode_1": "2SP",
    "refcode_2": "328",
    "refcode_3": "1",
    "refcode_4": "",
    "refcode_short": "2SP 328.1",
    "refcode_long": "The Spirit of Prophecy, vol. 2, p. 328.1 (Ellen Gould White)",
    "element_type": "p",
    "element_subtype": "standard-indented",
    "content": "God hears the petition of his Son, and angels prepare to minister unto him. But God selects Moses and Elijah to visit Christ and converse with him in regard to his coming sufferings at Jerusalem. While Jesus bows in lowliness upon the damp and stony ground, suddenly the heavens open, the golden gates of the City of God are thrown wide, and holy radiance descends upon the mount, enshrouding the kneeling form of Christ. He arises from his prostrate position, and stands in God-like majesty; the soul-agony is gone from his countenance, which now shines with a serene light, and his garments are no longer coarse and soiled, but white and glittering like the noon-day sun.",
    "puborder": 782,
    "translations": []
  },
  {
    "para_id": "143.1404",
    "id_prev": "143.1403",
    "id_next": "143.1407",
    "refcode_1": "2SP",
    "refcode_2": "328",
    "refcode_3": "2",
    "refcode_4": "",
    "refcode_short": "2SP 328.2",
    "refcode_long": "The Spirit of Prophecy, vol. 2, p. 328.2 (Ellen Gould White)",
    "element_type": "p",
    "element_subtype": "standard-indented",
    "content": "The sleeping disciples are awakened by the flood of glory that illuminates the whole mount. They gaze with fear and amazement upon the shining garments and radiant countenance of their Master. At first their eyes are dazzled by the unearthly brilliancy of the scene, but as they become able to endure the wondrous light, they perceive that Jesus is not alone. Two glorious figures stand engaged in conversation with him. They are Moses, who talked with God face to face amid the thunder and lightnings of Sinai, and Elijah, that prophet of God who did not see <span class=\"page-break\" data-page=\"329\"></span> death, but was conducted to Heaven in a chariot of fire. These two, whom God had seen fit to favor above all others who ever lived upon earth, were delegated by the Father to bring the glory of Heaven to his Son, and comfort him, talking with him concerning the completion of his mission, and especially of his sufferings to be endured at Jerusalem.",
    "puborder": 783,
    "translations": []
  },
  {
    "para_id": "143.1407",
    "id_prev": "143.1404",
    "id_next": "143.1408",
    "refcode_1": "2SP",
    "refcode_2": "329",
    "refcode_3": "1",
    "refcode_4": "",
    "refcode_short": "2SP 329.1",
    "refcode_long": "The Spirit of Prophecy, vol. 2, p. 329.1 (Ellen Gould White)",
    "element_type": "p",
    "element_subtype": "standard-indented",
    "content": "The Father chose Moses and Elijah to be his messengers to Christ, and glorify him with the light of Heaven, and commune with him concerning his coming agony, because they had lived upon earth as men; they had experienced human sorrow and suffering, and could sympathize with the trial of Jesus, in his earthly life. Elijah, in his position as a prophet to Israel, had represented Christ, and his work had been, in a degree, similar to that of the Saviour. And Moses, as the leader of Israel, had stood in the place of Christ, communing with him and following his directions; therefore, these two, of all the hosts that gathered around the throne of God, were fittest to minister to the Son of God.",
    "puborder": 784,
    "translations": []
  },
  {
    "para_id": "143.1408",
    "id_prev": "143.1407",
    "id_next": "143.1411",
    "refcode_1": "2SP",
    "refcode_2": "329",
    "refcode_3": "2",
    "refcode_4": "",
    "refcode_short": "2SP 329.2",
    "refcode_long": "The Spirit of Prophecy, vol. 2, p. 329.2 (Ellen Gould White)",
    "element_type": "p",
    "element_subtype": "standard-indented",
    "content": "When Moses, enraged at the unbelief of the children of Israel, smote the rock in wrath and furnished them the water for which they called, he took the glory to himself; for his mind was so engrossed with the ingratitude and waywardness of Israel that he failed to honor God and magnify his name, in performing the act which He had commanded him to do. It was the plan of the Almighty to frequently bring the children of Israel into straight places, and then, in their great necessity, to deliver them by his power, that they might recognize his special regard for them, <span class=\"page-break\" data-page=\"330\"></span> and glorify his name. But Moses, in yielding to the natural impulses of his heart, appropriated to himself the honor due to God, fell under the power of Satan, and was forbidden to enter the promised land. Had Moses remained steadfast, the Lord would have brought him to the promised land, and would then have translated him to Heaven without his seeing death.",
    "puborder": 785,
    "translations": []
  },
  {
    "para_id": "143.1411",
    "id_prev": "143.1408",
    "id_next": "143.1412",
    "refcode_1": "2SP",
    "refcode_2": "330",
    "refcode_3": "1",
    "refcode_4": "",
    "refcode_short": "2SP 330.1",
    "refcode_long": "The Spirit of Prophecy, vol. 2, p. 330.1 (Ellen Gould White)",
    "element_type": "p",
    "element_subtype": "standard-indented",
    "content": "As it was, Moses passed through death, but the Son of God came down from Heaven and resurrected him before his body had seen corruption. Though Satan contended with Michael for the body of Moses, and claimed it as his rightful prey, he could not prevail against the Son of God, and Moses, with a resurrected and glorified body, was borne to the courts of Heaven, and was now one of the honored two, commissioned by the Father to wait upon his Son.",
    "puborder": 786,
    "translations": []
  },
  {
    "para_id": "143.1412",
    "id_prev": "143.1411",
    "id_next": "143.1413",
    "refcode_1": "2SP",
    "refcode_2": "330",
    "refcode_3": "2",
    "refcode_4": "",
    "refcode_short": "2SP 330.2",
    "refcode_long": "The Spirit of Prophecy, vol. 2, p. 330.2 (Ellen Gould White)",
    "element_type": "p",
    "element_subtype": "standard-indented",
    "content": "By permitting themselves to be so overcome by sleep, the disciples had lost the conversation between the Heavenly messengers and the glorified Redeemer. But as they suddenly awake from profound slumber, and behold the sublime vision before them, they are filled with rapture and awe. As they look upon the radiant form of their beloved Master, they are obliged to shield their eyes with their hands, not being able otherwise to endure the inexpressible glory that clothes his person, and which emits beams of light like those of the sun. For a brief space the disciples behold their Lord glorified and exalted before their eyes, and honored by the radiant beings whom they recognize as the favored ones of God.",
    "puborder": 787,
    "translations": []
  },
  {
    "para_id": "143.1413",
    "id_prev": "143.1412",
    "id_next": "143.1416",
    "refcode_1": "2SP",
    "refcode_2": "330",
    "refcode_3": "3",
    "refcode_4": "",
    "refcode_short": "2SP 330.3",
    "refcode_long": "The Spirit of Prophecy, vol. 2, p. 330.3 (Ellen Gould White)",
    "element_type": "p",
    "element_subtype": "standard-indented",
    "content": "They believe that Elias has now come, according to prophecy, and that the kingdom of Christ <span class=\"page-break\" data-page=\"331\"></span> is to be set up on earth. Even in the first glow of his amazement, Peter plans for accommodating Christ and the ancient worthies. As soon as he can command his voice he addresses Jesus thus: &ldquo;Master, it is good for us to be here; and let us make three tabernacles; one for thee, and one for Moses, and one for Elias.&rdquo; In the joy of the moment, Peter flatters himself that the two messengers from Heaven have been sent to preserve the life of Jesus from the fate that threatens him at Jerusalem. He is overjoyed at the thought that these glorious attendants, clothed in light and power, are to protect the Son of God, and establish his kingly authority upon earth. He forgets for the time the frequent explanations given by Jesus himself of the plan of salvation, which could only be perfected through his own suffering and death.",
    "puborder": 788,
    "translations": []
  },
  {
    "para_id": "143.1416",
    "id_prev": "143.1413",
    "id_next": "143.1417",
    "refcode_1": "2SP",
    "refcode_2": "331",
    "refcode_3": "1",
    "refcode_4": "",
    "refcode_short": "2SP 331.1",
    "refcode_long": "The Spirit of Prophecy, vol. 2, p. 331.1 (Ellen Gould White)",
    "element_type": "p",
    "element_subtype": "standard-indented",
    "content": "While the disciples were overwhelmed with rapture and amazement, &ldquo;a bright cloud overshadowed them, and behold, a voice out of the cloud which said, This is my beloved Son, in whom I am well pleased; hear ye him.&rdquo; When the disciples beheld the awful cloud of glory, brighter than that which went before the tribes of Israel in the wilderness, and when they heard the voice of God peal from the cloud, in accents of majesty that caused the mount to tremble as if shaken from its foundation, they could not endure the grandeur that oppressed their senses, and fell smitten to the ground.",
    "puborder": 789,
    "translations": []
  },
  {
    "para_id": "143.1417",
    "id_prev": "143.1416",
    "id_next": "143.1420",
    "refcode_1": "2SP",
    "refcode_2": "331",
    "refcode_3": "2",
    "refcode_4": "",
    "refcode_short": "2SP 331.2",
    "refcode_long": "The Spirit of Prophecy, vol. 2, p. 331.2 (Ellen Gould White)",
    "element_type": "p",
    "element_subtype": "standard-indented",
    "content": "Thus they remained upon their faces, not daring to look up, till Jesus approached and raised them from the ground, dispelling their fears with his well-known, cheering voice, saying, &ldquo;Arise, and be not afraid.&rdquo; Venturing to lift up their <span class=\"page-break\" data-page=\"332\"></span> eyes, they see that the heavenly glory has passed away, the radiant forms of Moses and Elijah have disappeared, the Son of God is no longer clothed with a divine radiance so bright that the eyes of man can not endure it,&mdash;they are upon the mount alone with Jesus.",
    "puborder": 790,
    "translations": []
  },
  {
    "para_id": "143.1420",
    "id_prev": "143.1417",
    "id_next": "143.1421",
    "refcode_1": "2SP",
    "refcode_2": "332",
    "refcode_3": "1",
    "refcode_4": "",
    "refcode_short": "2SP 332.1",
    "refcode_long": "The Spirit of Prophecy, vol. 2, p. 332.1 (Ellen Gould White)",
    "element_type": "p",
    "element_subtype": "standard-indented",
    "content": "The entire night had been passed in the mountain, and as the sun rose and chased away the shadows with its cheering rays, Jesus and his disciples descended the mountain. Gladly would they have lingered in that holy place which had been touched with the glory of Heaven, and where the Son of God had been transfigured before the eyes of his disciples; but there was work to be done for the people who were already searching far and near for Jesus.",
    "puborder": 791,
    "translations": []
  },
  {
    "para_id": "143.1421",
    "id_prev": "143.1420",
    "id_next": "143.1422",
    "refcode_1": "2SP",
    "refcode_2": "332",
    "refcode_3": "2",
    "refcode_4": "",
    "refcode_short": "2SP 332.2",
    "refcode_long": "The Spirit of Prophecy, vol. 2, p. 332.2 (Ellen Gould White)",
    "element_type": "p",
    "element_subtype": "standard-indented",
    "content": "At the foot of the mountain a large crowd had gathered, led there by the disciples who had remained behind, and who knew of the favorite resorts of Jesus for meditation and prayer. As they approached the waiting multitude, Jesus charged his disciples to keep secret what they had witnessed, saying, &ldquo;Tell the vision to no man until the Son of Man be risen again from the dead.&rdquo; Jesus knew that neither the people nor the disciples who had led them to the place, were prepared to appreciate or understand the wonderful event of the transfiguration upon the mount. After his resurrection, the testimony of those who had witnessed it, was to be given to substantiate the fact that he was indeed the Son of God.",
    "puborder": 792,
    "translations": []
  },
  {
    "para_id": "143.1422",
    "id_prev": "143.1421",
    "id_next": "143.1425",
    "refcode_1": "2SP",
    "refcode_2": "332",
    "refcode_3": "3",
    "refcode_4": "",
    "refcode_short": "2SP 332.3",
    "refcode_long": "The Spirit of Prophecy, vol. 2, p. 332.3 (Ellen Gould White)",
    "element_type": "p",
    "element_subtype": "standard-indented",
    "content": "Now the three chosen disciples have evidence which they cannot doubt that Jesus is the promised Messiah. A voice from the excellent glory has declared his divinity. Now they are strengthened <span class=\"page-break\" data-page=\"333\"></span> to endure the humiliation and crucifixion of their Lord. The patient Teacher, the meek and lowly One, who, for nearly three years, has wandered to and fro, from city to city, a Man of sorrows, homeless, having no place to rest, no bed upon which to stretch his weary form at night, has been acknowledged by the voice of God as his Son, and Moses and Elijah, glorious ones in the courts of Heaven, have paid him homage. The favored disciples can doubt no longer. They have seen with their eyes, and heard with their ears, things that are beyond the comprehension of man.",
    "puborder": 793,
    "translations": []
  },
  {
    "para_id": "143.1425",
    "id_prev": "143.1422",
    "id_next": "143.1426",
    "refcode_1": "2SP",
    "refcode_2": "333",
    "refcode_3": "1",
    "refcode_4": "",
    "refcode_short": "2SP 333.1",
    "refcode_long": "The Spirit of Prophecy, vol. 2, p. 333.1 (Ellen Gould White)",
    "element_type": "p",
    "element_subtype": "standard-indented",
    "content": "Jesus now returned to his work of ministering to the people. As the throng caught sight of the Saviour, they ran to meet him, greeting him with much reverence. But he perceived that they were in great perplexity. This was because of a circumstance that had just transpired: A man had brought his son to the disciples to be delivered of a dumb spirit that tormented him exceedingly. But the disciples had been unable to relieve him, and therefore the scribes had seized upon this opportunity to dispute with them as to their power of working miracles. These men were now triumphantly declaring that a devil was here found whom neither the disciples nor their Master could conquer.",
    "puborder": 794,
    "translations": []
  },
  {
    "para_id": "143.1426",
    "id_prev": "143.1425",
    "id_next": "143.1429",
    "refcode_1": "2SP",
    "refcode_2": "333",
    "refcode_3": "2",
    "refcode_4": "",
    "refcode_short": "2SP 333.2",
    "refcode_long": "The Spirit of Prophecy, vol. 2, p. 333.2 (Ellen Gould White)",
    "element_type": "p",
    "element_subtype": "standard-indented",
    "content": "As Jesus approached the scene he inquired the cause of the trouble; the afflicted father replied: &ldquo;Master, I have brought unto thee my son, which hath a dumb spirit; and wheresoever he taketh him, he teareth him; and he foameth, and gnasheth with his teeth, and pineth away; and I spake to thy disciples that they should cast him out, and they could not.&rdquo; Jesus listened attentively <span class=\"page-break\" data-page=\"334\"></span> to this narration, and then met the failure of his disciples, the doubts of the people, and the boasting of the scribes, with these words: &ldquo;O faithless generation! how long shall I be with you? how long shall I suffer you? Bring him unto me.&rdquo;",
    "puborder": 795,
    "translations": []
  },
  {
    "para_id": "143.1429",
    "id_prev": "143.1426",
    "id_next": "143.1430",
    "refcode_1": "2SP",
    "refcode_2": "334",
    "refcode_3": "1",
    "refcode_4": "",
    "refcode_short": "2SP 334.1",
    "refcode_long": "The Spirit of Prophecy, vol. 2, p. 334.1 (Ellen Gould White)",
    "element_type": "p",
    "element_subtype": "standard-indented",
    "content": "The father obeyed the command of Jesus; but no sooner was his son brought into the divine presence than the evil spirit attacked him with violence, and he fell upon the ground in agony, and writhed, and foamed at the mouth. Jesus permitted Satan to exercise his power thus over his victim, in order that the people might better understand the nature of the miracle he was about to perform, and be more deeply impressed with a sense of his divine power. Jesus proceeded to inquire of the father how long his son had thus been afflicted by the demon. The father answered:&mdash;",
    "puborder": 796,
    "translations": []
  },
  {
    "para_id": "143.1430",
    "id_prev": "143.1429",
    "id_next": "143.1433",
    "refcode_1": "2SP",
    "refcode_2": "334",
    "refcode_3": "2",
    "refcode_4": "",
    "refcode_short": "2SP 334.2",
    "refcode_long": "The Spirit of Prophecy, vol. 2, p. 334.2 (Ellen Gould White)",
    "element_type": "p",
    "element_subtype": "standard-indented",
    "content": "&ldquo;Of a child. And ofttimes it hath cast him into the fire, and into the water, to destroy him; but if thou canst do anything, have compassion on us, and help us.&rdquo; The failure of the disciples to heal this deplorable case had sadly discouraged the father, and the sufferings of his son now wrung his soul with anguish. The question of Jesus brought to his mind the long years of suffering endured by his son, and his heart sank within him. He feared that what the scribes asserted was true, and that Jesus himself could not overcome so powerful a devil. Jesus perceived his dispirited condition and sought to inspire him with faith. He addressed him thus: &ldquo;If thou canst believe, all things are possible to him that believeth.&rdquo; Hope was immediately kindled <span class=\"page-break\" data-page=\"335\"></span> in the father&apos;s heart, and he cried, &ldquo;Lord, I believe; help thou mine unbelief.&rdquo;",
    "puborder": 797,
    "translations": []
  },
  {
    "para_id": "143.1433",
    "id_prev": "143.1430",
    "id_next": "143.1434",
    "refcode_1": "2SP",
    "refcode_2": "335",
    "refcode_3": "1",
    "refcode_4": "",
    "refcode_short": "2SP 335.1",
    "refcode_long": "The Spirit of Prophecy, vol. 2, p. 335.1 (Ellen Gould White)",
    "element_type": "p",
    "element_subtype": "standard-indented",
    "content": "The distressed father realized his immediate need of help, and that no one could furnish that help but the merciful Saviour, and he relied alone upon him. His faith was not in vain; for Jesus, before the whole multitude, that flocked about to witness the scene, &ldquo;rebuked the foul spirit, saying unto him, Thou dumb and deaf spirit, I charge thee, come out of him, and enter no more into him.&rdquo; And immediately the demon left him, and the boy lay as one dead. The action of the evil spirit upon him had been so violent that it had overcome all his natural strength; and when it left him he was powerless and unconscious. The people, who had witnessed with awe the sudden change that came over the lad, now whispered among themselves, &ldquo;He is dead.&rdquo; But Jesus stooped and with tender pity &ldquo;took him by the hand, and lifted him up; and he arose.&rdquo;",
    "puborder": 798,
    "translations": []
  },
  {
    "para_id": "143.1434",
    "id_prev": "143.1433",
    "id_next": "143.1435",
    "refcode_1": "2SP",
    "refcode_2": "335",
    "refcode_3": "2",
    "refcode_4": "",
    "refcode_short": "2SP 335.2",
    "refcode_long": "The Spirit of Prophecy, vol. 2, p. 335.2 (Ellen Gould White)",
    "element_type": "p",
    "element_subtype": "standard-indented",
    "content": "Great was the father&apos;s joy over his son, and great was the joy of the son in his freedom from the cruel demon that had so long tormented him. Both father and son praised and magnified the name of their Deliverer, while the people looked on with unbounded astonishment, and the scribes, crest-fallen and defeated, turned sullenly away.",
    "puborder": 799,
    "translations": []
  },
  {
    "para_id": "143.1435",
    "id_prev": "143.1434",
    "id_next": "143.1438",
    "refcode_1": "2SP",
    "refcode_2": "335",
    "refcode_3": "3",
    "refcode_4": "",
    "refcode_short": "2SP 335.3",
    "refcode_long": "The Spirit of Prophecy, vol. 2, p. 335.3 (Ellen Gould White)",
    "element_type": "p",
    "element_subtype": "standard-indented",
    "content": "Jesus had conferred upon his disciples the power to work miracles of healing; but their failure in this case, before so many witnesses, had deeply mortified them. When they were alone with Jesus they asked him why it was that they were unable to cast out the devil. Jesus answered that it was because of their unbelief, and the carelessness with which they regarded the sacred <span class=\"page-break\" data-page=\"336\"></span> work that had been committed to them. They had not fitted themselves for their holy office by fasting and prayer. It was impossible for them to vanquish Satan except as they received power from God; they should go to him in humiliation and self-sacrifice and plead for strength to conquer the enemy of souls. Nothing but entire dependence upon God, and perfect consecration to the work, would insure their success. Jesus encouraged his disappointed followers in these words: &ldquo;If ye have faith as a grain of mustard seed, ye shall say unto this mountain, Remove hence to yonder place, and it shall remove; and nothing shall be impossible unto you.&rdquo;",
    "puborder": 800,
    "translations": []
  },
  {
    "para_id": "143.1438",
    "id_prev": "143.1435",
    "id_next": "143.1439",
    "refcode_1": "2SP",
    "refcode_2": "336",
    "refcode_3": "1",
    "refcode_4": "",
    "refcode_short": "2SP 336.1",
    "refcode_long": "The Spirit of Prophecy, vol. 2, p. 336.1 (Ellen Gould White)",
    "element_type": "p",
    "element_subtype": "standard-indented",
    "content": "In a brief space of time the favored disciples had beheld the extremes of glory and of grief. Jesus, descending the mount where he had been transfigured by the glory of God, where he had talked with the messengers of Heaven, and been proclaimed the Son of God by the Father&apos;s voice issuing from the radiant glory, meets a revolting spectacle, a lunatic child, with countenance distorted, gnashing its teeth in spasms of agony which no mortal could relieve. And this mighty Redeemer, who but a few short hours before stood glorified before his wondering disciples, stoops to lift this victim of Satan from the ground where he is wallowing, and restores him to his father, freed forever from the demon&apos;s power.",
    "puborder": 801,
    "translations": []
  },
  {
    "para_id": "143.1439",
    "id_prev": "143.1438",
    "id_next": "143.1442",
    "refcode_1": "2SP",
    "refcode_2": "336",
    "refcode_3": "2",
    "refcode_4": "",
    "refcode_short": "2SP 336.2",
    "refcode_long": "The Spirit of Prophecy, vol. 2, p. 336.2 (Ellen Gould White)",
    "element_type": "p",
    "element_subtype": "standard-indented",
    "content": "Previous to his transfiguration, Jesus had told his disciples that there were some then with him who should not see death until they should see the kingdom of God come with power. In the transfiguration on the mount, this promise was fulfilled, for they there saw the kingdom of Christ in miniature. Jesus was clothed with the glory <span class=\"page-break\" data-page=\"337\"></span> of Heaven, and proclaimed by the Father&apos;s voice to be the Son of God. Moses was present, representing those who will be raised from the dead at the second coming of Christ; and Elijah, who was translated to Heaven without seeing death, represented those who will be living on earth at the time of Christ&apos;s second appearing, and who will be changed from mortal to immortal, and be translated to Heaven without seeing death.",
    "puborder": 802,
    "translations": []
  },
  {
    "para_id": "143.1442",
    "id_prev": "143.1439",
    "id_next": "143.1443",
    "refcode_1": "2SP",
    "refcode_2": "337",
    "refcode_3": "",
    "refcode_4": "",
    "refcode_short": "",
    "refcode_long": "",
    "element_type": "p",
    "element_subtype": "thoughtbreak",
    "content": "*****",
    "puborder": 803,
    "translations": []
  }
]